station_id,file,size_bytes,size_human,present
01001099999,01001099999.csv,3025698,2.89 MiB,True
01001499999,01001499999.csv,1900320,1.81 MiB,True
01002099999,01002099999.csv,145363,141.96 KiB,True
01003099999,01003099999.csv,429820,419.75 KiB,True
01006099999,01006099999.csv,153103,149.51 KiB,True
01007099999,01007099999.csv,654098,638.77 KiB,True
01008099999,01008099999.csv,8067311,7.69 MiB,True
01009099999,01009099999.csv,154064,150.45 KiB,True
01010099999,01010099999.csv,7432506,7.09 MiB,True
01011099999,01011099999.csv,153478,149.88 KiB,True
01015099999,01015099999.csv,584086,570.40 KiB,True
01016099999,01016099999.csv,130960,127.89 KiB,True
01017099999,01017099999.csv,125965,123.01 KiB,True
01020099999,01020099999.csv,130467,127.41 KiB,True
01023099999,01023099999.csv,8410474,8.02 MiB,True
01023199999,01023199999.csv,5866782,5.59 MiB,True
01024099999,01024099999.csv,33341,32.56 KiB,True
01025099999,01025099999.csv,8522728,8.13 MiB,True
01026099999,01026099999.csv,3122327,2.98 MiB,True
01027099999,01027099999.csv,934602,912.70 KiB,True
01028099999,01028099999.csv,580476,566.87 KiB,True
01030099999,01030099999.csv,582073,568.43 KiB,True
01033099999,01033099999.csv,663166,647.62 KiB,True
01035099999,01035099999.csv,132409,129.31 KiB,True
01037099999,01037099999.csv,724800,707.81 KiB,True
01042099999,01042099999.csv,105390,102.92 KiB,True
01043099999,01043099999.csv,100248,97.90 KiB,True
01044099999,01044099999.csv,6078772,5.80 MiB,True
01045099999,01045099999.csv,2519891,2.40 MiB,True
01046099999,01046099999.csv,7642479,7.29 MiB,True
01047099999,01047099999.csv,233666,228.19 KiB,True
01049099999,01049099999.csv,6775317,6.46 MiB,True
01052099999,01052099999.csv,8663653,8.26 MiB,True
01055099999,01055099999.csv,721552,704.64 KiB,True
01057099999,01057099999.csv,373525,364.77 KiB,True
01058099999,01058099999.csv,742810,725.40 KiB,True
01059099999,01059099999.csv,7284811,6.95 MiB,True
01062099999,01062099999.csv,1651394,1.57 MiB,True
01065099999,01065099999.csv,834578,815.02 KiB,True
01068099999,01068099999.csv,6938139,6.62 MiB,True
01074099999,01074099999.csv,6129479,5.85 MiB,True
01076099999,01076099999.csv,1499816,1.43 MiB,True
01078099999,01078099999.csv,284492,277.82 KiB,True
01082099999,01082099999.csv,833137,813.61 KiB,True
01083099999,01083099999.csv,6457093,6.16 MiB,True
01084099999,01084099999.csv,1967420,1.88 MiB,True
01086099999,01086099999.csv,6625269,6.32 MiB,True
01087599999,01087599999.csv,6481085,6.18 MiB,True
01087699999,01087699999.csv,6534616,6.23 MiB,True
01087799999,01087799999.csv,6600514,6.29 MiB,True
01087899999,01087899999.csv,6499838,6.20 MiB,True
01087999999,01087999999.csv,6491435,6.19 MiB,True
01088099999,01088099999.csv,6390289,6.09 MiB,True
01088299999,01088299999.csv,6129005,5.85 MiB,True
01088699999,01088699999.csv,6456903,6.16 MiB,True
01088799999,01088799999.csv,6532153,6.23 MiB,True
01089099999,01089099999.csv,7237673,6.90 MiB,True
01092099999,01092099999.csv,645133,630.01 KiB,True
01098099999,01098099999.csv,1248615,1.19 MiB,True
01099099999,01099099999.csv,6908064,6.59 MiB,True
01102099999,01102099999.csv,256829,250.81 KiB,True
01102599999,01102599999.csv,6063076,5.78 MiB,True
01105099999,01105099999.csv,315646,308.25 KiB,True
01107099999,01107099999.csv,6904974,6.59 MiB,True
01108099999,01108099999.csv,2084449,1.99 MiB,True
01112099999,01112099999.csv,6489826,6.19 MiB,True
01114099999,01114099999.csv,1180567,1.13 MiB,True
01115099999,01115099999.csv,582695,569.04 KiB,True
01116099999,01116099999.csv,4252053,4.06 MiB,True
01117099999,01117099999.csv,1914441,1.83 MiB,True
01121099999,01121099999.csv,670671,654.95 KiB,True
01122099999,01122099999.csv,8313564,7.93 MiB,True
01124099999,01124099999.csv,136175,132.98 KiB,True
01132099999,01132099999.csv,1567577,1.49 MiB,True
01133099999,01133099999.csv,111855,109.23 KiB,True
01135099999,01135099999.csv,757594,739.84 KiB,True
01139099999,01139099999.csv,499737,488.02 KiB,True
01141099999,01141099999.csv,6058703,5.78 MiB,True
01143099999,01143099999.csv,689624,673.46 KiB,True
01144099999,01144099999.csv,556188,543.15 KiB,True
01146099999,01146099999.csv,152396,148.82 KiB,True
01147099999,01147099999.csv,1674507,1.60 MiB,True
01148099999,01148099999.csv,121313,118.47 KiB,True
01150099999,01150099999.csv,738308,721.00 KiB,True
01151099999,01151099999.csv,6343530,6.05 MiB,True
01152099999,01152099999.csv,8303348,7.92 MiB,True
01156099999,01156099999.csv,1512843,1.44 MiB,True
01158099999,01158099999.csv,132270,129.17 KiB,True
01160099999,01160099999.csv,237388,231.82 KiB,True
01161099999,01161099999.csv,5979404,5.70 MiB,True
01162099999,01162099999.csv,6738792,6.43 MiB,True
01169099999,01169099999.csv,1494250,1.43 MiB,True
01180099999,01180099999.csv,715331,698.57 KiB,True
01183099999,01183099999.csv,6458832,6.16 MiB,True
01192099999,01192099999.csv,618378,603.88 KiB,True
01198099999,01198099999.csv,138240,135.00 KiB,True
01199099999,01199099999.csv,2583067,2.46 MiB,True
01203099999,01203099999.csv,1405603,1.34 MiB,True
01205099999,01205099999.csv,651078,635.82 KiB,True
01209099999,01209099999.csv,6898142,6.58 MiB,True
01210099999,01210099999.csv,6732512,6.42 MiB,True
01212099999,01212099999.csv,1183038,1.13 MiB,True
01214099999,01214099999.csv,113990,111.32 KiB,True
01217099999,01217099999.csv,6344425,6.05 MiB,True
01218099999,01218099999.csv,1248097,1.19 MiB,True
01220099999,01220099999.csv,289980,283.18 KiB,True
01221099999,01221099999.csv,113512,110.85 KiB,True
01223099999,01223099999.csv,6944862,6.62 MiB,True
01224099999,01224099999.csv,147579,144.12 KiB,True
01225099999,01225099999.csv,646488,631.34 KiB,True
01227099999,01227099999.csv,878996,858.39 KiB,True
01228099999,01228099999.csv,642514,627.46 KiB,True
01230099999,01230099999.csv,679386,663.46 KiB,True
01232099999,01232099999.csv,786164,767.74 KiB,True
01233099999,01233099999.csv,1304183,1.24 MiB,True
01234099999,01234099999.csv,1312782,1.25 MiB,True
01237099999,01237099999.csv,1508180,1.44 MiB,True
01238099999,01238099999.csv,2825234,2.69 MiB,True
01239099999,01239099999.csv,118838,116.05 KiB,True
01240099999,01240099999.csv,678957,663.04 KiB,True
01241099999,01241099999.csv,6687672,6.38 MiB,True
01242099999,01242099999.csv,1350868,1.29 MiB,True
01245099999,01245099999.csv,725419,708.42 KiB,True
01250099999,01250099999.csv,202663,197.91 KiB,True
01253099999,01253099999.csv,626352,611.67 KiB,True
01254099999,01254099999.csv,606818,592.60 KiB,True
01257099999,01257099999.csv,708749,692.14 KiB,True
01259099999,01259099999.csv,658752,643.31 KiB,True
01262099999,01262099999.csv,538920,526.29 KiB,True
01265099999,01265099999.csv,1533388,1.46 MiB,True
01270099999,01270099999.csv,153254,149.66 KiB,True
01271099999,01271099999.csv,8200328,7.82 MiB,True
01272099999,01272099999.csv,873680,853.20 KiB,True
01273099999,01273099999.csv,1489166,1.42 MiB,True
01277099999,01277099999.csv,697210,680.87 KiB,True
01281099999,01281099999.csv,277133,270.64 KiB,True
01282099999,01282099999.csv,6246082,5.96 MiB,True
01287099999,01287099999.csv,98263,95.96 KiB,True
01288099999,01288099999.csv,1275692,1.22 MiB,True
01290099999,01290099999.csv,6472602,6.17 MiB,True
01291099999,01291099999.csv,701658,685.21 KiB,True
01293099999,01293099999.csv,737516,720.23 KiB,True
01300099999,01300099999.csv,2772422,2.64 MiB,True
01300599999,01300599999.csv,5959308,5.68 MiB,True
01304099999,01304099999.csv,705120,688.59 KiB,True
01307099999,01307099999.csv,1395522,1.33 MiB,True
01308099999,01308099999.csv,154106,150.49 KiB,True
01310099999,01310099999.csv,6620271,6.31 MiB,True
01311099999,01311099999.csv,7919740,7.55 MiB,True
01314099999,01314099999.csv,597490,583.49 KiB,True
01315099999,01315099999.csv,110420,107.83 KiB,True
01317099999,01317099999.csv,496201,484.57 KiB,True
01319099999,01319099999.csv,116778,114.04 KiB,True
01320099999,01320099999.csv,7455202,7.11 MiB,True
01321099999,01321099999.csv,1501800,1.43 MiB,True
01323099999,01323099999.csv,6200653,5.91 MiB,True
01326099999,01326099999.csv,132591,129.48 KiB,True
01327099999,01327099999.csv,1545920,1.47 MiB,True
01329099999,01329099999.csv,1588616,1.52 MiB,True
01332099999,01332099999.csv,748229,730.69 KiB,True
01336099999,01336099999.csv,161637,157.85 KiB,True
01337099999,01337099999.csv,1644552,1.57 MiB,True
01338099999,01338099999.csv,722387,705.46 KiB,True
01340099999,01340099999.csv,752621,734.98 KiB,True
01342099999,01342099999.csv,2116895,2.02 MiB,True
01344099999,01344099999.csv,565393,552.14 KiB,True
01345099999,01345099999.csv,650156,634.92 KiB,True
01346099999,01346099999.csv,1294625,1.23 MiB,True
01347099999,01347099999.csv,6595740,6.29 MiB,True
01350099999,01350099999.csv,1457955,1.39 MiB,True
01352099999,01352099999.csv,257498,251.46 KiB,True
01355099999,01355099999.csv,604125,589.97 KiB,True
01357099999,01357099999.csv,662864,647.33 KiB,True
01358099999,01358099999.csv,135273,132.10 KiB,True
01359099999,01359099999.csv,295991,289.05 KiB,True
01360099999,01360099999.csv,148448,144.97 KiB,True
01361099999,01361099999.csv,1543881,1.47 MiB,True
01362099999,01362099999.csv,143612,140.25 KiB,True
01364099999,01364099999.csv,755307,737.60 KiB,True
01365099999,01365099999.csv,139943,136.66 KiB,True
01366099999,01366099999.csv,741206,723.83 KiB,True
01367099999,01367099999.csv,1242275,1.18 MiB,True
01370099999,01370099999.csv,788275,769.80 KiB,True
01371099999,01371099999.csv,2194600,2.09 MiB,True
01373099999,01373099999.csv,813191,794.13 KiB,True
01374099999,01374099999.csv,151105,147.56 KiB,True
01375099999,01375099999.csv,1415736,1.35 MiB,True
01375599999,01375599999.csv,6123092,5.84 MiB,True
01376099999,01376099999.csv,609958,595.66 KiB,True
01378099999,01378099999.csv,1524403,1.45 MiB,True
01380099999,01380099999.csv,900168,879.07 KiB,True
01381099999,01381099999.csv,173631,169.56 KiB,True
01382099999,01382099999.csv,2078922,1.98 MiB,True
01383099999,01383099999.csv,687027,670.92 KiB,True
01384099999,01384099999.csv,7565410,7.21 MiB,True
01385099999,01385099999.csv,1471603,1.40 MiB,True
01386099999,01386099999.csv,542745,530.02 KiB,True
01387099999,01387099999.csv,350703,342.48 KiB,True
01389099999,01389099999.csv,739323,722.00 KiB,True
01392099999,01392099999.csv,710473,693.82 KiB,True
01393099999,01393099999.csv,905507,884.28 KiB,True
01397099999,01397099999.csv,252557,246.64 KiB,True
01403099999,01403099999.csv,1586979,1.51 MiB,True
01403399999,01403399999.csv,1876186,1.79 MiB,True
01406099999,01406099999.csv,919410,897.86 KiB,True
01408099999,01408099999.csv,6394468,6.10 MiB,True
01411099999,01411099999.csv,1130784,1.08 MiB,True
01412099999,01412099999.csv,1600978,1.53 MiB,True
01413099999,01413099999.csv,896395,875.39 KiB,True
01414099999,01414099999.csv,115427,112.72 KiB,True
01415099999,01415099999.csv,7577929,7.23 MiB,True
01416099999,01416099999.csv,573406,559.97 KiB,True
01417099999,01417099999.csv,107883,105.35 KiB,True
01418099999,01418099999.csv,88823,86.74 KiB,True
01419099999,01419099999.csv,422802,412.89 KiB,True
01422099999,01422099999.csv,1407947,1.34 MiB,True
01424099999,01424099999.csv,748480,730.94 KiB,True
01425099999,01425099999.csv,808812,789.86 KiB,True
01426099999,01426099999.csv,127321,124.34 KiB,True
01427099999,01427099999.csv,243998,238.28 KiB,True
01428199999,01428199999.csv,6504952,6.20 MiB,True
01430099999,01430099999.csv,453318,442.69 KiB,True
01431099999,01431099999.csv,743644,726.21 KiB,True
01434099999,01434099999.csv,674282,658.48 KiB,True
01435099999,01435099999.csv,1316382,1.26 MiB,True
01436099999,01436099999.csv,776731,758.53 KiB,True
01439099999,01439099999.csv,352657,344.39 KiB,True
01440099999,01440099999.csv,1409482,1.34 MiB,True
01441099999,01441099999.csv,1706738,1.63 MiB,True
01442099999,01442099999.csv,732307,715.14 KiB,True
01444099999,01444099999.csv,167014,163.10 KiB,True
01447099999,01447099999.csv,2355399,2.25 MiB,True
01448099999,01448099999.csv,1590097,1.52 MiB,True
01449099999,01449099999.csv,145390,141.98 KiB,True
01450099999,01450099999.csv,743433,726.01 KiB,True
01452099999,01452099999.csv,6870802,6.55 MiB,True
01453099999,01453099999.csv,168804,164.85 KiB,True
01455099999,01455099999.csv,794528,775.91 KiB,True
01459099999,01459099999.csv,370100,361.43 KiB,True
01460099999,01460099999.csv,583817,570.13 KiB,True
01461199999,01461199999.csv,556781,543.73 KiB,True
01462099999,01462099999.csv,604511,590.34 KiB,True
01463099999,01463099999.csv,119563,116.76 KiB,True
01464099999,01464099999.csv,1898451,1.81 MiB,True
01465099999,01465099999.csv,2469408,2.36 MiB,True
01466099999,01466099999.csv,121740,118.89 KiB,True
01467099999,01467099999.csv,743038,725.62 KiB,True
01468099999,01468099999.csv,568895,555.56 KiB,True
01469099999,01469099999.csv,1484257,1.42 MiB,True
01470099999,01470099999.csv,744570,727.12 KiB,True
01470399999,01470399999.csv,2224141,2.12 MiB,True
01471099999,01471099999.csv,707667,691.08 KiB,True
01473099999,01473099999.csv,797410,778.72 KiB,True
01476099999,01476099999.csv,691126,674.93 KiB,True
01477099999,01477099999.csv,1327398,1.27 MiB,True
01478099999,01478099999.csv,207894,203.02 KiB,True
01480099999,01480099999.csv,1300326,1.24 MiB,True
01481099999,01481099999.csv,694804,678.52 KiB,True
01482099999,01482099999.csv,1197109,1.14 MiB,True
01482599999,01482599999.csv,5804668,5.54 MiB,True
01483099999,01483099999.csv,18458,18.03 KiB,True
01484099999,01484099999.csv,670546,654.83 KiB,True
01484399999,01484399999.csv,5958429,5.68 MiB,True
01485099999,01485099999.csv,2086481,1.99 MiB,True
01486099999,01486099999.csv,108357,105.82 KiB,True
01488099999,01488099999.csv,613267,598.89 KiB,True
01488199999,01488199999.csv,6687795,6.38 MiB,True
01489099999,01489099999.csv,124310,121.40 KiB,True
01490099999,01490099999.csv,1393335,1.33 MiB,True
01492099999,01492099999.csv,2812281,2.68 MiB,True
01493099999,01493099999.csv,870813,850.40 KiB,True
01494099999,01494099999.csv,6867500,6.55 MiB,True
01495099999,01495099999.csv,1524204,1.45 MiB,True
02000199999,02000199999.csv,5670063,5.41 MiB,True
02013099999,02013099999.csv,493611,482.04 KiB,True
02019099999,02019099999.csv,2400982,2.29 MiB,True
02022099999,02022099999.csv,408929,399.34 KiB,True
02024099999,02024099999.csv,273302,266.90 KiB,True
02028099999,02028099999.csv,1047491,1022.94 KiB,True
02029099999,02029099999.csv,270285,263.95 KiB,True
02031099999,02031099999.csv,291876,285.04 KiB,True
02036099999,02036099999.csv,395050,385.79 KiB,True
02038099999,02038099999.csv,285046,278.37 KiB,True
02044099999,02044099999.csv,6462450,6.16 MiB,True
02045099999,02045099999.csv,1068543,1.02 MiB,True
02049099999,02049099999.csv,6387257,6.09 MiB,True
02055099999,02055099999.csv,382785,373.81 KiB,True
02064099999,02064099999.csv,288819,282.05 KiB,True
02071099999,02071099999.csv,1058017,1.01 MiB,True
02072099999,02072099999.csv,400550,391.16 KiB,True
02081099999,02081099999.csv,1858713,1.77 MiB,True
02091099999,02091099999.csv,1031702,1007.52 KiB,True
02095099999,02095099999.csv,2109679,2.01 MiB,True
02101099999,02101099999.csv,8696118,8.29 MiB,True
02102099999,02102099999.csv,227676,222.34 KiB,True
02103099999,02103099999.csv,256704,250.69 KiB,True
02110099999,02110099999.csv,299823,292.80 KiB,True
02119099999,02119099999.csv,2114366,2.02 MiB,True
02120599999,02120599999.csv,2049847,1.95 MiB,True
02121099999,02121099999.csv,348060,339.90 KiB,True
02124099999,02124099999.csv,2053759,1.96 MiB,True
02126099999,02126099999.csv,654,654.00 B,True
02135099999,02135099999.csv,380847,371.92 KiB,True
02141099999,02141099999.csv,366288,357.70 KiB,True
02147099999,02147099999.csv,282337,275.72 KiB,True
02149099999,02149099999.csv,411147,401.51 KiB,True
02151099999,02151099999.csv,1803760,1.72 MiB,True
02154099999,02154099999.csv,6770273,6.46 MiB,True
02161099999,02161099999.csv,360508,352.06 KiB,True
02171099999,02171099999.csv,352290,344.03 KiB,True
02173099999,02173099999.csv,321297,313.77 KiB,True
02174099999,02174099999.csv,412993,403.31 KiB,True
02176099999,02176099999.csv,368894,360.25 KiB,True
02181099999,02181099999.csv,404842,395.35 KiB,True
02183099999,02183099999.csv,1031702,1007.52 KiB,True
02184099999,02184099999.csv,343029,334.99 KiB,True
02186099999,02186099999.csv,7831883,7.47 MiB,True
02188099999,02188099999.csv,335939,328.07 KiB,True
02191099999,02191099999.csv,397116,387.81 KiB,True
02197099999,02197099999.csv,1941254,1.85 MiB,True
02199099999,02199099999.csv,365609,357.04 KiB,True
02205099999,02205099999.csv,1047491,1022.94 KiB,True
02207099999,02207099999.csv,2170153,2.07 MiB,True
02209099999,02209099999.csv,239867,234.25 KiB,True
02210099999,02210099999.csv,223607,218.37 KiB,True
02219099999,02219099999.csv,1582539,1.51 MiB,True
02221099999,02221099999.csv,277020,270.53 KiB,True
02226099999,02226099999.csv,7753931,7.39 MiB,True
02229099999,02229099999.csv,1052754,1.00 MiB,True
02230099999,02230099999.csv,284874,278.20 KiB,True
02231099999,02231099999.csv,373333,364.58 KiB,True
02236099999,02236099999.csv,403366,393.91 KiB,True
02242099999,02242099999.csv,286229,279.52 KiB,True
02243099999,02243099999.csv,1561857,1.49 MiB,True
02245099999,02245099999.csv,339340,331.39 KiB,True
02245599999,02245599999.csv,6104362,5.82 MiB,True
02247099999,02247099999.csv,398175,388.84 KiB,True
02254099999,02254099999.csv,416054,406.30 KiB,True
02259099999,02259099999.csv,6293524,6.00 MiB,True
02260099999,02260099999.csv,341527,333.52 KiB,True
02261099999,02261099999.csv,339467,331.51 KiB,True
02263099999,02263099999.csv,372858,364.12 KiB,True
02265099999,02265099999.csv,388342,379.24 KiB,True
02267099999,02267099999.csv,6600290,6.29 MiB,True
02269099999,02269099999.csv,1744784,1.66 MiB,True
02271099999,02271099999.csv,344238,336.17 KiB,True
02282099999,02282099999.csv,345577,337.48 KiB,True
02284099999,02284099999.csv,393820,384.59 KiB,True
02286099999,02286099999.csv,5936922,5.66 MiB,True
02287099999,02287099999.csv,1938461,1.85 MiB,True
02293099999,02293099999.csv,6274201,5.98 MiB,True
02297099999,02297099999.csv,2072007,1.98 MiB,True
02308099999,02308099999.csv,2087198,1.99 MiB,True
02316099999,02316099999.csv,207390,202.53 KiB,True
02317099999,02317099999.csv,369925,361.25 KiB,True
02319099999,02319099999.csv,279346,272.80 KiB,True
02321099999,02321099999.csv,391469,382.29 KiB,True
02325099999,02325099999.csv,340436,332.46 KiB,True
02327099999,02327099999.csv,1630629,1.56 MiB,True
02329099999,02329099999.csv,336052,328.18 KiB,True
02331099999,02331099999.csv,351412,343.18 KiB,True
02338099999,02338099999.csv,407015,397.48 KiB,True
02343099999,02343099999.csv,413307,403.62 KiB,True
02347099999,02347099999.csv,395517,386.25 KiB,True
02355099999,02355099999.csv,1871288,1.78 MiB,True
02366099999,02366099999.csv,7968005,7.60 MiB,True
02368099999,02368099999.csv,355050,346.73 KiB,True
02382099999,02382099999.csv,289527,282.74 KiB,True
02403099999,02403099999.csv,335038,327.19 KiB,True
02407099999,02407099999.csv,2051939,1.96 MiB,True
02408099999,02408099999.csv,401276,391.87 KiB,True
02411099999,02411099999.csv,396077,386.79 KiB,True
02417099999,02417099999.csv,197888,193.25 KiB,True
02418099999,02418099999.csv,8037782,7.67 MiB,True
02419099999,02419099999.csv,1073806,1.02 MiB,True
02423099999,02423099999.csv,370085,361.41 KiB,True
02426099999,02426099999.csv,386469,377.41 KiB,True
02428399999,02428399999.csv,5839723,5.57 MiB,True
02428499999,02428499999.csv,5988730,5.71 MiB,True
02428599999,02428599999.csv,6115617,5.83 MiB,True
02429099999,02429099999.csv,362282,353.79 KiB,True
02431099999,02431099999.csv,392618,383.42 KiB,True
02432099999,02432099999.csv,279069,272.53 KiB,True
02435099999,02435099999.csv,8024922,7.65 MiB,True
02440099999,02440099999.csv,1815775,1.73 MiB,True
02441099999,02441099999.csv,403450,393.99 KiB,True
02443099999,02443099999.csv,341323,333.32 KiB,True
02446099999,02446099999.csv,5914736,5.64 MiB,True
02449099999,02449099999.csv,406814,397.28 KiB,True
02450099999,02450099999.csv,245152,239.41 KiB,True
02452099999,02452099999.csv,1853954,1.77 MiB,True
02453099999,02453099999.csv,435361,425.16 KiB,True
02456099999,02456099999.csv,1931415,1.84 MiB,True
02458099999,02458099999.csv,6552695,6.25 MiB,True
02460099999,02460099999.csv,6141377,5.86 MiB,True
02462099999,02462099999.csv,309093,301.85 KiB,True
02464099999,02464099999.csv,7699239,7.34 MiB,True
02468099999,02468099999.csv,301995,294.92 KiB,True
02469099999,02469099999.csv,1472866,1.40 MiB,True
02476099999,02476099999.csv,385509,376.47 KiB,True
02481099999,02481099999.csv,410375,400.76 KiB,True
02482099999,02482099999.csv,396364,387.07 KiB,True
02483099999,02483099999.csv,1052754,1.00 MiB,True
02484099999,02484099999.csv,578436,564.88 KiB,True
02485399999,02485399999.csv,5631493,5.37 MiB,True
02486099999,02486099999.csv,299099,292.09 KiB,True
02487099999,02487099999.csv,240696,235.05 KiB,True
02488099999,02488099999.csv,399531,390.17 KiB,True
02489099999,02489099999.csv,313222,305.88 KiB,True
02490099999,02490099999.csv,649352,634.13 KiB,True
02492099999,02492099999.csv,1052754,1.00 MiB,True
02493099999,02493099999.csv,327213,319.54 KiB,True
02498099999,02498099999.csv,2058421,1.96 MiB,True
02500099999,02500099999.csv,2004839,1.91 MiB,True
02501099999,02501099999.csv,289918,283.12 KiB,True
02503099999,02503099999.csv,1554870,1.48 MiB,True
02505099999,02505099999.csv,339200,331.25 KiB,True
02510399999,02510399999.csv,6516127,6.21 MiB,True
02512099999,02512099999.csv,5986564,5.71 MiB,True
02513099999,02513099999.csv,1662638,1.59 MiB,True
02514099999,02514099999.csv,5957008,5.68 MiB,True
02516099999,02516099999.csv,409858,400.25 KiB,True
02518099999,02518099999.csv,1473271,1.41 MiB,True
02520099999,02520099999.csv,8333481,7.95 MiB,True
02526099999,02526099999.csv,6327152,6.03 MiB,True
02531099999,02531099999.csv,1073806,1.02 MiB,True
02536099999,02536099999.csv,394352,385.11 KiB,True
02539099999,02539099999.csv,379871,370.97 KiB,True
02540099999,02540099999.csv,363131,354.62 KiB,True
02542099999,02542099999.csv,401569,392.16 KiB,True
02544099999,02544099999.csv,367595,358.98 KiB,True
02545099999,02545099999.csv,330168,322.43 KiB,True
02546099999,02546099999.csv,411211,401.57 KiB,True
02548099999,02548099999.csv,297557,290.58 KiB,True
02549099999,02549099999.csv,374825,366.04 KiB,True
02550099999,02550099999.csv,7919064,7.55 MiB,True
02552099999,02552099999.csv,367815,359.19 KiB,True
02554099999,02554099999.csv,381000,372.07 KiB,True
02556099999,02556099999.csv,3671020,3.50 MiB,True
02557099999,02557099999.csv,393285,384.07 KiB,True
02558099999,02558099999.csv,414458,404.74 KiB,True
02559099999,02559099999.csv,284242,277.58 KiB,True
02561099999,02561099999.csv,251894,245.99 KiB,True
02562099999,02562099999.csv,8310061,7.93 MiB,True
02562599999,02562599999.csv,5881394,5.61 MiB,True
02563099999,02563099999.csv,1964030,1.87 MiB,True
02563599999,02563599999.csv,6537942,6.24 MiB,True
02565099999,02565099999.csv,1984240,1.89 MiB,True
02567099999,02567099999.csv,409705,400.10 KiB,True
02571099999,02571099999.csv,6089216,5.81 MiB,True
02573099999,02573099999.csv,1084332,1.03 MiB,True
02574099999,02574099999.csv,411320,401.68 KiB,True
02575099999,02575099999.csv,397639,388.32 KiB,True
02587099999,02587099999.csv,377253,368.41 KiB,True
02589099999,02589099999.csv,734994,717.77 KiB,True
02590099999,02590099999.csv,7780810,7.42 MiB,True
02598099999,02598099999.csv,239343,233.73 KiB,True
02604099999,02604099999.csv,6598692,6.29 MiB,True
02605099999,02605099999.csv,272922,266.53 KiB,True
02611099999,02611099999.csv,346199,338.08 KiB,True
02615099999,02615099999.csv,2006849,1.91 MiB,True
02618099999,02618099999.csv,1649089,1.57 MiB,True
02622099999,02622099999.csv,355573,347.24 KiB,True
02623099999,02623099999.csv,372103,363.38 KiB,True
02625099999,02625099999.csv,383994,374.99 KiB,True
02628099999,02628099999.csv,367659,359.04 KiB,True
02629099999,02629099999.csv,363393,354.88 KiB,True
02632099999,02632099999.csv,224162,218.91 KiB,True
02633099999,02633099999.csv,1052754,1.00 MiB,True
02635099999,02635099999.csv,1147648,1.09 MiB,True
02636099999,02636099999.csv,5981507,5.70 MiB,True
02641099999,02641099999.csv,6186715,5.90 MiB,True
02643099999,02643099999.csv,1063280,1.01 MiB,True
02644099999,02644099999.csv,414115,404.41 KiB,True
02648099999,02648099999.csv,338627,330.69 KiB,True
02651099999,02651099999.csv,6188992,5.90 MiB,True
02661099999,02661099999.csv,354577,346.27 KiB,True
02664099999,02664099999.csv,7970736,7.60 MiB,True
02665099999,02665099999.csv,1079069,1.03 MiB,True
02667099999,02667099999.csv,356262,347.91 KiB,True
02670099999,02670099999.csv,264323,258.13 KiB,True
02672099999,02672099999.csv,5895397,5.62 MiB,True
02679099999,02679099999.csv,1943305,1.85 MiB,True
02701099999,02701099999.csv,2342544,2.23 MiB,True
02702099999,02702099999.csv,2802737,2.67 MiB,True
02704099999,02704099999.csv,2450390,2.34 MiB,True
02705099999,02705099999.csv,2363434,2.25 MiB,True
02706099999,02706099999.csv,2300338,2.19 MiB,True
02708099999,02708099999.csv,2717406,2.59 MiB,True
02710099999,02710099999.csv,2081138,1.98 MiB,True
02714099999,02714099999.csv,3133033,2.99 MiB,True
02717099999,02717099999.csv,2994422,2.86 MiB,True
02718099999,02718099999.csv,3112530,2.97 MiB,True
02719099999,02719099999.csv,2225882,2.12 MiB,True
02720099999,02720099999.csv,9220104,8.79 MiB,True
02721099999,02721099999.csv,2719332,2.59 MiB,True
02722099999,02722099999.csv,2422420,2.31 MiB,True
02724099999,02724099999.csv,3105702,2.96 MiB,True
02725099999,02725099999.csv,2365337,2.26 MiB,True
02726099999,02726099999.csv,3204370,3.06 MiB,True
02727099999,02727099999.csv,2801628,2.67 MiB,True
02732099999,02732099999.csv,2635805,2.51 MiB,True
02733099999,02733099999.csv,2267263,2.16 MiB,True
02734099999,02734099999.csv,3077821,2.94 MiB,True
02735099999,02735099999.csv,2385975,2.28 MiB,True
02736099999,02736099999.csv,2664177,2.54 MiB,True
02737099999,02737099999.csv,2496098,2.38 MiB,True
02738099999,02738099999.csv,3220682,3.07 MiB,True
02739099999,02739099999.csv,3969332,3.79 MiB,True
02741099999,02741099999.csv,3915719,3.73 MiB,True
02743099999,02743099999.csv,1996768,1.90 MiB,True
02745099999,02745099999.csv,3071452,2.93 MiB,True
02746099999,02746099999.csv,2744137,2.62 MiB,True
02747099999,02747099999.csv,2634181,2.51 MiB,True
02750099999,02750099999.csv,2237717,2.13 MiB,True
02751099999,02751099999.csv,3681386,3.51 MiB,True
02752099999,02752099999.csv,2351660,2.24 MiB,True
02753099999,02753099999.csv,3476019,3.31 MiB,True
02754099999,02754099999.csv,3711525,3.54 MiB,True
02755099999,02755099999.csv,3313620,3.16 MiB,True
02756099999,02756099999.csv,1936858,1.85 MiB,True
02757099999,02757099999.csv,3054219,2.91 MiB,True
02758099999,02758099999.csv,2185532,2.08 MiB,True
02759099999,02759099999.csv,3929520,3.75 MiB,True
02760099999,02760099999.csv,2122412,2.02 MiB,True
02761099999,02761099999.csv,3474769,3.31 MiB,True
02763099999,02763099999.csv,3530673,3.37 MiB,True
02764099999,02764099999.csv,2580285,2.46 MiB,True
02765099999,02765099999.csv,1951588,1.86 MiB,True
02766099999,02766099999.csv,2967611,2.83 MiB,True
02767099999,02767099999.csv,2085780,1.99 MiB,True
02768099999,02768099999.csv,2728649,2.60 MiB,True
02769099999,02769099999.csv,4075685,3.89 MiB,True
02770099999,02770099999.csv,3603607,3.44 MiB,True
02771099999,02771099999.csv,3225280,3.08 MiB,True
02772099999,02772099999.csv,2653343,2.53 MiB,True
02773099999,02773099999.csv,3234536,3.08 MiB,True
02777099999,02777099999.csv,3974545,3.79 MiB,True
02778099999,02778099999.csv,3017197,2.88 MiB,True
02780099999,02780099999.csv,1474873,1.41 MiB,True
02781099999,02781099999.csv,2667498,2.54 MiB,True
02787099999,02787099999.csv,2947858,2.81 MiB,True
02788099999,02788099999.csv,3017180,2.88 MiB,True
02789099999,02789099999.csv,4131764,3.94 MiB,True
02790099999,02790099999.csv,2695137,2.57 MiB,True
02791099999,02791099999.csv,2719605,2.59 MiB,True
02793099999,02793099999.csv,2654071,2.53 MiB,True
02794099999,02794099999.csv,2064090,1.97 MiB,True
02795099999,02795099999.csv,2985932,2.85 MiB,True
02796099999,02796099999.csv,2196000,2.09 MiB,True
02797099999,02797099999.csv,2085313,1.99 MiB,True
02798099999,02798099999.csv,2846219,2.71 MiB,True
02799099999,02799099999.csv,4046971,3.86 MiB,True
02800099999,02800099999.csv,2691021,2.57 MiB,True
02801099999,02801099999.csv,3910516,3.73 MiB,True
02803099999,02803099999.csv,2524432,2.41 MiB,True
02804099999,02804099999.csv,3717430,3.55 MiB,True
02805099999,02805099999.csv,3232150,3.08 MiB,True
02807099999,02807099999.csv,8664170,8.26 MiB,True
02807599999,02807599999.csv,5773398,5.51 MiB,True
02811099999,02811099999.csv,2107309,2.01 MiB,True
02812099999,02812099999.csv,2741656,2.61 MiB,True
02813099999,02813099999.csv,3757071,3.58 MiB,True
02814099999,02814099999.csv,4102552,3.91 MiB,True
02815099999,02815099999.csv,2439415,2.33 MiB,True
02816099999,02816099999.csv,3328133,3.17 MiB,True
02817099999,02817099999.csv,2277134,2.17 MiB,True
02818099999,02818099999.csv,2682946,2.56 MiB,True
02819099999,02819099999.csv,2468916,2.35 MiB,True
02820099999,02820099999.csv,2752672,2.63 MiB,True
02821099999,02821099999.csv,2465813,2.35 MiB,True
02823099999,02823099999.csv,220217,215.06 KiB,True
02824099999,02824099999.csv,3097625,2.95 MiB,True
02825099999,02825099999.csv,3051273,2.91 MiB,True
02827099999,02827099999.csv,1958652,1.87 MiB,True
02828099999,02828099999.csv,2249801,2.15 MiB,True
02829099999,02829099999.csv,3481447,3.32 MiB,True
02830099999,02830099999.csv,2358945,2.25 MiB,True
02831099999,02831099999.csv,2760980,2.63 MiB,True
02832099999,02832099999.csv,2039288,1.94 MiB,True
02833099999,02833099999.csv,2491941,2.38 MiB,True
02834099999,02834099999.csv,3296812,3.14 MiB,True
02835099999,02835099999.csv,3809202,3.63 MiB,True
02836099999,02836099999.csv,4040018,3.85 MiB,True
02844099999,02844099999.csv,3277941,3.13 MiB,True
02845099999,02845099999.csv,8604362,8.21 MiB,True
02847099999,02847099999.csv,3696674,3.53 MiB,True
02849099999,02849099999.csv,3984806,3.80 MiB,True
02850099999,02850099999.csv,3187762,3.04 MiB,True
02851099999,02851099999.csv,3277813,3.13 MiB,True
02857099999,02857099999.csv,3268033,3.12 MiB,True
02858099999,02858099999.csv,2758042,2.63 MiB,True
02859099999,02859099999.csv,2742057,2.62 MiB,True
02860099999,02860099999.csv,2022143,1.93 MiB,True
02862099999,02862099999.csv,3050320,2.91 MiB,True
02863099999,02863099999.csv,2192383,2.09 MiB,True
02864099999,02864099999.csv,8621785,8.22 MiB,True
02866099999,02866099999.csv,4104175,3.91 MiB,True
02868099999,02868099999.csv,2390619,2.28 MiB,True
02869099999,02869099999.csv,8980057,8.56 MiB,True
02872099999,02872099999.csv,2926512,2.79 MiB,True
02873099999,02873099999.csv,2953197,2.82 MiB,True
02874099999,02874099999.csv,2001574,1.91 MiB,True
02875099999,02875099999.csv,5777807,5.51 MiB,True
02876099999,02876099999.csv,2221897,2.12 MiB,True
02880099999,02880099999.csv,3645450,3.48 MiB,True
02881099999,02881099999.csv,3882002,3.70 MiB,True
02882099999,02882099999.csv,2636583,2.51 MiB,True
02883099999,02883099999.csv,3207653,3.06 MiB,True
02888099999,02888099999.csv,2670998,2.55 MiB,True
02889099999,02889099999.csv,4069374,3.88 MiB,True
02890099999,02890099999.csv,1866663,1.78 MiB,True
02897099999,02897099999.csv,9358191,8.92 MiB,True
02903099999,02903099999.csv,8631100,8.23 MiB,True
02906099999,02906099999.csv,2244685,2.14 MiB,True
02907099999,02907099999.csv,2709567,2.58 MiB,True
02910099999,02910099999.csv,2305818,2.20 MiB,True
02911099999,02911099999.csv,5810369,5.54 MiB,True
02913099999,02913099999.csv,3788941,3.61 MiB,True
02915099999,02915099999.csv,3906784,3.73 MiB,True
02917099999,02917099999.csv,9253901,8.83 MiB,True
02919099999,02919099999.csv,2742925,2.62 MiB,True
02920099999,02920099999.csv,2197125,2.10 MiB,True
02924099999,02924099999.csv,3023854,2.88 MiB,True
02924599999,02924599999.csv,5835669,5.57 MiB,True
02926099999,02926099999.csv,3946640,3.76 MiB,True
02927099999,02927099999.csv,3038660,2.90 MiB,True
02928099999,02928099999.csv,2921547,2.79 MiB,True
02929099999,02929099999.csv,9330422,8.90 MiB,True
02931099999,02931099999.csv,3150445,3.00 MiB,True
02935099999,02935099999.csv,8749198,8.34 MiB,True
02937099999,02937099999.csv,3124808,2.98 MiB,True
02939099999,02939099999.csv,3422069,3.26 MiB,True
02942099999,02942099999.csv,2494771,2.38 MiB,True
02943099999,02943099999.csv,2120482,2.02 MiB,True
02944099999,02944099999.csv,9046304,8.63 MiB,True
02945099999,02945099999.csv,8680645,8.28 MiB,True
02946099999,02946099999.csv,2539263,2.42 MiB,True
02947099999,02947099999.csv,9107325,8.69 MiB,True
02948099999,02948099999.csv,9414880,8.98 MiB,True
02949099999,02949099999.csv,2653162,2.53 MiB,True
02950099999,02950099999.csv,2892483,2.76 MiB,True
02952099999,02952099999.csv,5904479,5.63 MiB,True
02955099999,02955099999.csv,4037047,3.85 MiB,True
02956099999,02956099999.csv,2267043,2.16 MiB,True
02957099999,02957099999.csv,3833825,3.66 MiB,True
02958099999,02958099999.csv,9479395,9.04 MiB,True
02959099999,02959099999.csv,2958050,2.82 MiB,True
02963099999,02963099999.csv,3970360,3.79 MiB,True
02964099999,02964099999.csv,2985449,2.85 MiB,True
02966099999,02966099999.csv,8745388,8.34 MiB,True
02967099999,02967099999.csv,2974706,2.84 MiB,True
02970099999,02970099999.csv,8653490,8.25 MiB,True
02972099999,02972099999.csv,5938268,5.66 MiB,True
02974099999,02974099999.csv,10357174,9.88 MiB,True
02976099999,02976099999.csv,3788108,3.61 MiB,True
02978099999,02978099999.csv,3970014,3.79 MiB,True
02979099999,02979099999.csv,2158049,2.06 MiB,True
02980099999,02980099999.csv,3454023,3.29 MiB,True
02981099999,02981099999.csv,3710194,3.54 MiB,True
02982099999,02982099999.csv,2356191,2.25 MiB,True
02983099999,02983099999.csv,3799731,3.62 MiB,True
02984099999,02984099999.csv,3609717,3.44 MiB,True
02985199999,02985199999.csv,3837427,3.66 MiB,True
02987099999,02987099999.csv,2162116,2.06 MiB,True
02989099999,02989099999.csv,2714834,2.59 MiB,True
02991099999,02991099999.csv,2135463,2.04 MiB,True
02992099999,02992099999.csv,3489858,3.33 MiB,True
02993099999,02993099999.csv,2146883,2.05 MiB,True
02998099999,02998099999.csv,3267399,3.12 MiB,True
03002099999,03002099999.csv,4088036,3.90 MiB,True
03002399999,03002399999.csv,704,704.00 B,True
03003099999,03003099999.csv,6424288,6.13 MiB,True
03005099999,03005099999.csv,10855249,10.35 MiB,True
03008099999,03008099999.csv,4082771,3.89 MiB,True
03017099999,03017099999.csv,10878013,10.37 MiB,True
03018099999,03018099999.csv,1223252,1.17 MiB,True
03022099999,03022099999.csv,6034200,5.75 MiB,True
03023099999,03023099999.csv,4176115,3.98 MiB,True
03026099999,03026099999.csv,10902811,10.40 MiB,True
03031099999,03031099999.csv,4301107,4.10 MiB,True
03034099999,03034099999.csv,4083830,3.89 MiB,True
03039099999,03039099999.csv,2520245,2.40 MiB,True
03041099999,03041099999.csv,1730351,1.65 MiB,True
03044099999,03044099999.csv,4347716,4.15 MiB,True
03047099999,03047099999.csv,3709356,3.54 MiB,True
03056099999,03056099999.csv,1661,1.62 KiB,True
03059099999,03059099999.csv,6301662,6.01 MiB,True
03062099999,03062099999.csv,9965619,9.50 MiB,True
03063099999,03063099999.csv,4180803,3.99 MiB,True
03065099999,03065099999.csv,2228895,2.13 MiB,True
03066099999,03066099999.csv,10550893,10.06 MiB,True
03068099999,03068099999.csv,9395431,8.96 MiB,True
03072099999,03072099999.csv,2051653,1.96 MiB,True
03075099999,03075099999.csv,10385914,9.90 MiB,True
03075599999,03075599999.csv,3085,3.01 KiB,True
03080099999,03080099999.csv,4143706,3.95 MiB,True
03088099999,03088099999.csv,4195138,4.00 MiB,True
03091099999,03091099999.csv,10624777,10.13 MiB,True
03100099999,03100099999.csv,9003879,8.59 MiB,True
03105099999,03105099999.csv,3815191,3.64 MiB,True
03111099999,03111099999.csv,3853408,3.67 MiB,True
03114099999,03114099999.csv,1629915,1.55 MiB,True
03132099999,03132099999.csv,4078452,3.89 MiB,True
03134099999,03134099999.csv,4187122,3.99 MiB,True
03135099999,03135099999.csv,6241449,5.95 MiB,True
03136099999,03136099999.csv,4214904,4.02 MiB,True
03139499999,03139499999.csv,1760246,1.68 MiB,True
03140099999,03140099999.csv,6296526,6.00 MiB,True
03140199999,03140199999.csv,6058655,5.78 MiB,True
03140299999,03140299999.csv,6242754,5.95 MiB,True
03140399999,03140399999.csv,5748588,5.48 MiB,True
03140599999,03140599999.csv,4197387,4.00 MiB,True
03140699999,03140699999.csv,4638673,4.42 MiB,True
03140799999,03140799999.csv,4537182,4.33 MiB,True
03140899999,03140899999.csv,4898028,4.67 MiB,True
03140999999,03140999999.csv,5432180,5.18 MiB,True
03141299999,03141299999.csv,4839520,4.62 MiB,True
03141399999,03141399999.csv,5458071,5.21 MiB,True
03144099999,03144099999.csv,4312868,4.11 MiB,True
03152099999,03152099999.csv,1901,1.86 KiB,True
03153099999,03153099999.csv,4070445,3.88 MiB,True
03155099999,03155099999.csv,4084931,3.90 MiB,True
03158099999,03158099999.csv,3900094,3.72 MiB,True
03160099999,03160099999.csv,5826932,5.56 MiB,True
03162099999,03162099999.csv,4111855,3.92 MiB,True
03163499999,03163499999.csv,3410072,3.25 MiB,True
03165099999,03165099999.csv,5709686,5.45 MiB,True
03166099999,03166099999.csv,4210941,4.02 MiB,True
03171099999,03171099999.csv,8091935,7.72 MiB,True
03204099999,03204099999.csv,9668372,9.22 MiB,True
03210099999,03210099999.csv,4080790,3.89 MiB,True
03212099999,03212099999.csv,4023883,3.84 MiB,True
03214099999,03214099999.csv,4064838,3.88 MiB,True
03214599999,03214599999.csv,2097822,2.00 MiB,True
03220099999,03220099999.csv,3657813,3.49 MiB,True
03224099999,03224099999.csv,3743136,3.57 MiB,True
03225099999,03225099999.csv,4100565,3.91 MiB,True
03226099999,03226099999.csv,4105596,3.92 MiB,True
03227099999,03227099999.csv,563293,550.09 KiB,True
03230099999,03230099999.csv,4111423,3.92 MiB,True
03238099999,03238099999.csv,4140772,3.95 MiB,True
03240099999,03240099999.csv,10501119,10.01 MiB,True
03243399999,03243399999.csv,5645811,5.38 MiB,True
03257099999,03257099999.csv,10670696,10.18 MiB,True
03263599999,03263599999.csv,4162552,3.97 MiB,True
03264399999,03264399999.csv,6351616,6.06 MiB,True
03265099999,03265099999.csv,4022537,3.84 MiB,True
03275099999,03275099999.csv,4078806,3.89 MiB,True
03281099999,03281099999.csv,2647418,2.52 MiB,True
03292099999,03292099999.csv,4025421,3.84 MiB,True
03301099999,03301099999.csv,4017970,3.83 MiB,True
03302099999,03302099999.csv,10935857,10.43 MiB,True
03305099999,03305099999.csv,4108979,3.92 MiB,True
03313099999,03313099999.csv,3991457,3.81 MiB,True
03316099999,03316099999.csv,4007288,3.82 MiB,True
03318099999,03318099999.csv,6664923,6.36 MiB,True
03321099999,03321099999.csv,7539008,7.19 MiB,True
03323399999,03323399999.csv,5927116,5.65 MiB,True
03330099999,03330099999.csv,4148943,3.96 MiB,True
03334099999,03334099999.csv,6502671,6.20 MiB,True
03344099999,03344099999.csv,4159871,3.97 MiB,True
03346099999,03346099999.csv,2530094,2.41 MiB,True
03346399999,03346399999.csv,5540219,5.28 MiB,True
03346599999,03346599999.csv,6118837,5.84 MiB,True
03347599999,03347599999.csv,6182335,5.90 MiB,True
03351099999,03351099999.csv,4215026,4.02 MiB,True
03354099999,03354099999.csv,4151639,3.96 MiB,True
03372399999,03372399999.csv,4808174,4.59 MiB,True
03373599999,03373599999.csv,6230780,5.94 MiB,True
03377099999,03377099999.csv,10862439,10.36 MiB,True
03379099999,03379099999.csv,10716490,10.22 MiB,True
03382099999,03382099999.csv,4144353,3.95 MiB,True
03384099999,03384099999.csv,6289765,6.00 MiB,True
03385099999,03385099999.csv,3782941,3.61 MiB,True
03385199999,03385199999.csv,6050665,5.77 MiB,True
03391099999,03391099999.csv,8618111,8.22 MiB,True
03392099999,03392099999.csv,4032193,3.85 MiB,True
03396199999,03396199999.csv,2428230,2.32 MiB,True
03405099999,03405099999.csv,4090939,3.90 MiB,True
03409099999,03409099999.csv,3090008,2.95 MiB,True
03410099999,03410099999.csv,4206256,4.01 MiB,True
03414099999,03414099999.csv,10829122,10.33 MiB,True
03414599999,03414599999.csv,3000079,2.86 MiB,True
03418599999,03418599999.csv,5964381,5.69 MiB,True
03462099999,03462099999.csv,10275156,9.80 MiB,True
03469099999,03469099999.csv,10237199,9.76 MiB,True
03482099999,03482099999.csv,9830553,9.38 MiB,True
03488099999,03488099999.csv,4025335,3.84 MiB,True
03492099999,03492099999.csv,6182258,5.90 MiB,True
03494099999,03494099999.csv,3377,3.30 KiB,True
03502099999,03502099999.csv,4169052,3.98 MiB,True
03503099999,03503099999.csv,3994390,3.81 MiB,True
03507099999,03507099999.csv,4205451,4.01 MiB,True
03520099999,03520099999.csv,4142305,3.95 MiB,True
03522099999,03522099999.csv,4102338,3.91 MiB,True
03529099999,03529099999.csv,3998901,3.81 MiB,True
03534099999,03534099999.csv,5841092,5.57 MiB,True
03535099999,03535099999.csv,4144363,3.95 MiB,True
03544099999,03544099999.csv,4158820,3.97 MiB,True
03557399999,03557399999.csv,2663511,2.54 MiB,True
03560099999,03560099999.csv,4122219,3.93 MiB,True
03566199999,03566199999.csv,5234392,4.99 MiB,True
03571599999,03571599999.csv,1500511,1.43 MiB,True
03577035046,03577035046.csv,5554707,5.30 MiB,True
03583035034,03583035034.csv,7495656,7.15 MiB,True
03590099999,03590099999.csv,10708666,10.21 MiB,True
03604099999,03604099999.csv,4103110,3.91 MiB,True
03605099999,03605099999.csv,9969339,9.51 MiB,True
03609099999,03609099999.csv,3131281,2.99 MiB,True
03613099999,03613099999.csv,1207,1.18 KiB,True
03627099999,03627099999.csv,4753,4.64 KiB,True
03633399999,03633399999.csv,2972296,2.83 MiB,True
03644099999,03644099999.csv,7987770,7.62 MiB,True
03647099999,03647099999.csv,4182793,3.99 MiB,True
03649099999,03649099999.csv,11029191,10.52 MiB,True
03658099999,03658099999.csv,10635916,10.14 MiB,True
03658499999,03658499999.csv,580,580.00 B,True
03660099999,03660099999.csv,7011,6.85 KiB,True
03672099999,03672099999.csv,10773518,10.27 MiB,True
03673399999,03673399999.csv,6130492,5.85 MiB,True
03680099999,03680099999.csv,2566903,2.45 MiB,True
03683099999,03683099999.csv,6016082,5.74 MiB,True
03684099999,03684099999.csv,4053080,3.87 MiB,True
03691399999,03691399999.csv,4046715,3.86 MiB,True
03693099999,03693099999.csv,4148606,3.96 MiB,True
03707099999,03707099999.csv,4045236,3.86 MiB,True
03710099999,03710099999.csv,3713139,3.54 MiB,True
03715099999,03715099999.csv,6277321,5.99 MiB,True
03716099999,03716099999.csv,4110669,3.92 MiB,True
03724399999,03724399999.csv,6297069,6.01 MiB,True
03740099999,03740099999.csv,3126110,2.98 MiB,True
03743099999,03743099999.csv,3925013,3.74 MiB,True
03746099999,03746099999.csv,10842363,10.34 MiB,True
03749099999,03749099999.csv,10779388,10.28 MiB,True
03761099999,03761099999.csv,10866486,10.36 MiB,True
03763099999,03763099999.csv,2182,2.13 KiB,True
03766399999,03766399999.csv,3856041,3.68 MiB,True
03768099999,03768099999.csv,6097116,5.81 MiB,True
03768399999,03768399999.csv,6019169,5.74 MiB,True
03769099999,03769099999.csv,4122528,3.93 MiB,True
03770099999,03770099999.csv,2005739,1.91 MiB,True
03772099999,03772099999.csv,10571667,10.08 MiB,True
03776099999,03776099999.csv,5797522,5.53 MiB,True
03781099999,03781099999.csv,4011913,3.83 MiB,True
03796099999,03796099999.csv,2839799,2.71 MiB,True
03797035047,03797035047.csv,4046312,3.86 MiB,True
03800099999,03800099999.csv,3658867,3.49 MiB,True
03803099999,03803099999.csv,6263729,5.97 MiB,True
03806099999,03806099999.csv,2214368,2.11 MiB,True
03808099999,03808099999.csv,4164258,3.97 MiB,True
03809099999,03809099999.csv,11026597,10.52 MiB,True
03823099999,03823099999.csv,4175573,3.98 MiB,True
03827099999,03827099999.csv,4095826,3.91 MiB,True
03832199999,03832199999.csv,9145,8.93 KiB,True
03839099999,03839099999.csv,4630727,4.42 MiB,True
03840099999,03840099999.csv,4013818,3.83 MiB,True
03853099999,03853099999.csv,10833547,10.33 MiB,True
03857099999,03857099999.csv,4077033,3.89 MiB,True
03862099999,03862099999.csv,8367229,7.98 MiB,True
03865099999,03865099999.csv,3852840,3.67 MiB,True
03866099999,03866099999.csv,3191044,3.04 MiB,True
03872099999,03872099999.csv,4093661,3.90 MiB,True
03876099999,03876099999.csv,5955532,5.68 MiB,True
03882099999,03882099999.csv,4149454,3.96 MiB,True
03887399999,03887399999.csv,5874284,5.60 MiB,True
03891599999,03891599999.csv,2949350,2.81 MiB,True
03894099999,03894099999.csv,9217476,8.79 MiB,True
03895099999,03895099999.csv,10497286,10.01 MiB,True
03896099999,03896099999.csv,173994,169.92 KiB,True
03901099999,03901099999.csv,4133790,3.94 MiB,True
03904099999,03904099999.csv,4091345,3.90 MiB,True
03907099999,03907099999.csv,4206804,4.01 MiB,True
03908499999,03908499999.csv,4014963,3.83 MiB,True
03911099999,03911099999.csv,4040988,3.85 MiB,True
03915099999,03915099999.csv,4043025,3.86 MiB,True
03916099999,03916099999.csv,4273819,4.08 MiB,True
03917099999,03917099999.csv,10695970,10.20 MiB,True
03923099999,03923099999.csv,4132425,3.94 MiB,True
03924099999,03924099999.csv,6210744,5.92 MiB,True
03927099999,03927099999.csv,6104,5.96 KiB,True
03951099999,03951099999.csv,3105216,2.96 MiB,True
03952099999,03952099999.csv,3416123,3.26 MiB,True
03953099999,03953099999.csv,3574933,3.41 MiB,True
03955099999,03955099999.csv,10176721,9.71 MiB,True
03956099999,03956099999.csv,3087019,2.94 MiB,True
03961099999,03961099999.csv,3428057,3.27 MiB,True
03962099999,03962099999.csv,10793255,10.29 MiB,True
03963099999,03963099999.csv,3116747,2.97 MiB,True
03966099999,03966099999.csv,3021067,2.88 MiB,True
03967099999,03967099999.csv,7593747,7.24 MiB,True
03969099999,03969099999.csv,11019883,10.51 MiB,True
03970099999,03970099999.csv,2168979,2.07 MiB,True
03971099999,03971099999.csv,3464062,3.30 MiB,True
03973099999,03973099999.csv,7046098,6.72 MiB,True
03976099999,03976099999.csv,3502944,3.34 MiB,True
03978099999,03978099999.csv,3539968,3.38 MiB,True
03979099999,03979099999.csv,3410790,3.25 MiB,True
03980099999,03980099999.csv,3154298,3.01 MiB,True
04005099999,04005099999.csv,2374191,2.26 MiB,True
04007099999,04007099999.csv,166128,162.23 KiB,True
04013099999,04013099999.csv,1051342,1.00 MiB,True
04013199999,04013199999.csv,1485257,1.42 MiB,True
04017099999,04017099999.csv,1347280,1.28 MiB,True
04018016201,04018016201.csv,7636304,7.28 MiB,True
04030099999,04030099999.csv,4480585,4.27 MiB,True
04034099999,04034099999.csv,1391306,1.33 MiB,True
04038099999,04038099999.csv,2271077,2.17 MiB,True
04048099999,04048099999.csv,3773872,3.60 MiB,True
04056099999,04056099999.csv,1468948,1.40 MiB,True
04063099999,04063099999.csv,4110675,3.92 MiB,True
04064099999,04064099999.csv,2527325,2.41 MiB,True
04065099999,04065099999.csv,689996,673.82 KiB,True
04065599999,04065599999.csv,970904,948.15 KiB,True
04069099999,04069099999.csv,1381384,1.32 MiB,True
04071099999,04071099999.csv,1344052,1.28 MiB,True
04072099999,04072099999.csv,1515312,1.45 MiB,True
04073099999,04073099999.csv,561944,548.77 KiB,True
04077099999,04077099999.csv,2439878,2.33 MiB,True
04082099999,04082099999.csv,3538268,3.37 MiB,True
04085099999,04085099999.csv,1071177,1.02 MiB,True
04089099999,04089099999.csv,4870006,4.64 MiB,True
04097099999,04097099999.csv,155302,151.66 KiB,True
04101099999,04101099999.csv,1241359,1.18 MiB,True
04103099999,04103099999.csv,1361212,1.30 MiB,True
04104099999,04104099999.csv,1571839,1.50 MiB,True
04109099999,04109099999.csv,1513697,1.44 MiB,True
04120099999,04120099999.csv,160480,156.72 KiB,True
04123099999,04123099999.csv,2051374,1.96 MiB,True
04124099999,04124099999.csv,1518071,1.45 MiB,True
04130099999,04130099999.csv,2430861,2.32 MiB,True
04131099999,04131099999.csv,1753335,1.67 MiB,True
04137099999,04137099999.csv,2529961,2.41 MiB,True
04146099999,04146099999.csv,2585541,2.47 MiB,True
04149099999,04149099999.csv,1483518,1.41 MiB,True
04154099999,04154099999.csv,1490084,1.42 MiB,True
04160099999,04160099999.csv,1482452,1.41 MiB,True
04162099999,04162099999.csv,1475240,1.41 MiB,True
04165099999,04165099999.csv,2409786,2.30 MiB,True
04166099999,04166099999.csv,1551703,1.48 MiB,True
04168099999,04168099999.csv,1199129,1.14 MiB,True
04170099999,04170099999.csv,1252858,1.19 MiB,True
04175099999,04175099999.csv,1483887,1.42 MiB,True
04176099999,04176099999.csv,2464563,2.35 MiB,True
04183099999,04183099999.csv,1510396,1.44 MiB,True
04193099999,04193099999.csv,1398556,1.33 MiB,True
04195099999,04195099999.csv,1369648,1.31 MiB,True
04196099999,04196099999.csv,1458026,1.39 MiB,True
04197099999,04197099999.csv,2301182,2.19 MiB,True
04202099999,04202099999.csv,6213341,5.93 MiB,True
04202199999,04202199999.csv,2149877,2.05 MiB,True
04202299999,04202299999.csv,6807534,6.49 MiB,True
04202399999,04202399999.csv,2057886,1.96 MiB,True
04202499999,04202499999.csv,3486604,3.33 MiB,True
04203099999,04203099999.csv,1444840,1.38 MiB,True
04204099999,04204099999.csv,3414707,3.26 MiB,True
04205099999,04205099999.csv,2002545,1.91 MiB,True
04208099999,04208099999.csv,1492289,1.42 MiB,True
04211099999,04211099999.csv,3749955,3.58 MiB,True
04213099999,04213099999.csv,638,638.00 B,True
04214099999,04214099999.csv,1352039,1.29 MiB,True
04220099999,04220099999.csv,3487582,3.33 MiB,True
04221099999,04221099999.csv,747,747.00 B,True
04224099999,04224099999.csv,693,693.00 B,True
04228099999,04228099999.csv,1165005,1.11 MiB,True
04231099999,04231099999.csv,7811346,7.45 MiB,True
04234099999,04234099999.csv,694,694.00 B,True
04241099999,04241099999.csv,733,733.00 B,True
04242099999,04242099999.csv,1215367,1.16 MiB,True
04250099999,04250099999.csv,6316057,6.02 MiB,True
04253099999,04253099999.csv,1487796,1.42 MiB,True
04260599999,04260599999.csv,3699175,3.53 MiB,True
04266099999,04266099999.csv,1342690,1.28 MiB,True
04270099999,04270099999.csv,7732171,7.37 MiB,True
04272099999,04272099999.csv,1419927,1.35 MiB,True
04285099999,04285099999.csv,1351430,1.29 MiB,True
04301099999,04301099999.csv,1386918,1.32 MiB,True
04312099999,04312099999.csv,1889191,1.80 MiB,True
04313099999,04313099999.csv,1404916,1.34 MiB,True
04320099999,04320099999.csv,3186704,3.04 MiB,True
04330099999,04330099999.csv,1371104,1.31 MiB,True
04339099999,04339099999.csv,2034364,1.94 MiB,True
04341099999,04341099999.csv,2878198,2.74 MiB,True
04351099999,04351099999.csv,1385863,1.32 MiB,True
04360099999,04360099999.csv,2820996,2.69 MiB,True
04361099999,04361099999.csv,6496253,6.20 MiB,True
04373099999,04373099999.csv,1357835,1.29 MiB,True
04382099999,04382099999.csv,1403547,1.34 MiB,True
04390099999,04390099999.csv,2371987,2.26 MiB,True
06005099999,06005099999.csv,410,410.00 B,True
06009099999,06009099999.csv,84643,82.66 KiB,True
06010099999,06010099999.csv,7160764,6.83 MiB,True
06011099999,06011099999.csv,63018,61.54 KiB,True
06012099999,06012099999.csv,78313,76.48 KiB,True
06016099999,06016099999.csv,5095447,4.86 MiB,True
06017099999,06017099999.csv,5767506,5.50 MiB,True
06019099999,06019099999.csv,2535989,2.42 MiB,True
06021099999,06021099999.csv,352984,344.71 KiB,True
06022199999,06022199999.csv,6557280,6.25 MiB,True
06022299999,06022299999.csv,6140795,5.86 MiB,True
06022399999,06022399999.csv,5903721,5.63 MiB,True
06022499999,06022499999.csv,6510502,6.21 MiB,True
06029099999,06029099999.csv,2550,2.49 KiB,True
06030099999,06030099999.csv,13882766,13.24 MiB,True
06031099999,06031099999.csv,2306997,2.20 MiB,True
06032099999,06032099999.csv,2235652,2.13 MiB,True
06033099999,06033099999.csv,351538,343.30 KiB,True
06034099999,06034099999.csv,565,565.00 B,True
06041099999,06041099999.csv,2615799,2.49 MiB,True
06044099999,06044099999.csv,355970,347.63 KiB,True
06049099999,06049099999.csv,3177257,3.03 MiB,True
06052099999,06052099999.csv,2759804,2.63 MiB,True
06055099999,06055099999.csv,1544378,1.47 MiB,True
06056099999,06056099999.csv,2629883,2.51 MiB,True
06058099999,06058099999.csv,3492334,3.33 MiB,True
06060099999,06060099999.csv,14175314,13.52 MiB,True
06065099999,06065099999.csv,2705837,2.58 MiB,True
06066099999,06066099999.csv,882896,862.20 KiB,True
06068099999,06068099999.csv,2435823,2.32 MiB,True
06069099999,06069099999.csv,448240,437.73 KiB,True
06070099999,06070099999.csv,10432033,9.95 MiB,True
06072099999,06072099999.csv,2724498,2.60 MiB,True
06073099999,06073099999.csv,2562752,2.44 MiB,True
06074099999,06074099999.csv,3690027,3.52 MiB,True
06079099999,06079099999.csv,2982577,2.84 MiB,True
06080099999,06080099999.csv,7363723,7.02 MiB,True
06081099999,06081099999.csv,2575208,2.46 MiB,True
06082099999,06082099999.csv,2254366,2.15 MiB,True
06093099999,06093099999.csv,2550959,2.43 MiB,True
06096099999,06096099999.csv,3630015,3.46 MiB,True
06102099999,06102099999.csv,2471332,2.36 MiB,True
06104099999,06104099999.csv,10089570,9.62 MiB,True
06108099999,06108099999.csv,5691230,5.43 MiB,True
06109099999,06109099999.csv,2192734,2.09 MiB,True
06110099999,06110099999.csv,11177302,10.66 MiB,True
06118099999,06118099999.csv,6260199,5.97 MiB,True
06119099999,06119099999.csv,2721418,2.60 MiB,True
06120099999,06120099999.csv,5351602,5.10 MiB,True
06123099999,06123099999.csv,2843651,2.71 MiB,True
06124099999,06124099999.csv,2774774,2.65 MiB,True
06124599999,06124599999.csv,5477911,5.22 MiB,True
06126099999,06126099999.csv,2613549,2.49 MiB,True
06135099999,06135099999.csv,3431426,3.27 MiB,True
06136099999,06136099999.csv,2430644,2.32 MiB,True
06138099999,06138099999.csv,2480177,2.37 MiB,True
06141099999,06141099999.csv,3778223,3.60 MiB,True
06147099999,06147099999.csv,3042538,2.90 MiB,True
06149099999,06149099999.csv,2498941,2.38 MiB,True
06151099999,06151099999.csv,2309173,2.20 MiB,True
06154099999,06154099999.csv,2657242,2.53 MiB,True
06155199999,06155199999.csv,5140325,4.90 MiB,True
06156099999,06156099999.csv,3641571,3.47 MiB,True
06159099999,06159099999.csv,2775906,2.65 MiB,True
06165099999,06165099999.csv,465560,454.65 KiB,True
06168099999,06168099999.csv,2379831,2.27 MiB,True
06169099999,06169099999.csv,2779200,2.65 MiB,True
06170099999,06170099999.csv,9992321,9.53 MiB,True
06174099999,06174099999.csv,3016865,2.88 MiB,True
06180099999,06180099999.csv,10092532,9.62 MiB,True
06181099999,06181099999.csv,2579992,2.46 MiB,True
06183099999,06183099999.csv,2268687,2.16 MiB,True
06188099999,06188099999.csv,3677333,3.51 MiB,True
06190099999,06190099999.csv,7386892,7.04 MiB,True
06193099999,06193099999.csv,3582990,3.42 MiB,True
06197099999,06197099999.csv,2697881,2.57 MiB,True
06201099999,06201099999.csv,11275050,10.75 MiB,True
06203099999,06203099999.csv,10750368,10.25 MiB,True
06204099999,06204099999.csv,10633489,10.14 MiB,True
06205099999,06205099999.csv,11486995,10.95 MiB,True
06207099999,06207099999.csv,10329958,9.85 MiB,True
06208099999,06208099999.csv,8644198,8.24 MiB,True
06209099999,06209099999.csv,2519565,2.40 MiB,True
06211099999,06211099999.csv,10968539,10.46 MiB,True
06225099999,06225099999.csv,2390736,2.28 MiB,True
06229099999,06229099999.csv,1960159,1.87 MiB,True
06235099999,06235099999.csv,19938577,19.01 MiB,True
06239099999,06239099999.csv,10111811,9.64 MiB,True
06240099999,06240099999.csv,11013702,10.50 MiB,True
06242099999,06242099999.csv,18875306,18.00 MiB,True
06248099999,06248099999.csv,2539422,2.42 MiB,True
06249099999,06249099999.csv,2937387,2.80 MiB,True
06251099999,06251099999.csv,3498407,3.34 MiB,True
06252099999,06252099999.csv,7262801,6.93 MiB,True
06257099999,06257099999.csv,1973115,1.88 MiB,True
06258099999,06258099999.csv,2266904,2.16 MiB,True
06260099999,06260099999.csv,3996562,3.81 MiB,True
06267099999,06267099999.csv,3868587,3.69 MiB,True
06269099999,06269099999.csv,11074144,10.56 MiB,True
06269399999,06269399999.csv,6029492,5.75 MiB,True
06270099999,06270099999.csv,17606856,16.79 MiB,True
06273099999,06273099999.csv,2512240,2.40 MiB,True
06275099999,06275099999.csv,10722570,10.23 MiB,True
06277099999,06277099999.csv,2797862,2.67 MiB,True
06278099999,06278099999.csv,2285950,2.18 MiB,True
06279099999,06279099999.csv,3755784,3.58 MiB,True
06280099999,06280099999.csv,10985440,10.48 MiB,True
06283099999,06283099999.csv,2262142,2.16 MiB,True
06285099999,06285099999.csv,1979853,1.89 MiB,True
06286099999,06286099999.csv,2736725,2.61 MiB,True
06290099999,06290099999.csv,3611544,3.44 MiB,True
06308099999,06308099999.csv,2539319,2.42 MiB,True
06310099999,06310099999.csv,4391075,4.19 MiB,True
06312099999,06312099999.csv,2051165,1.96 MiB,True
06313099999,06313099999.csv,1945602,1.86 MiB,True
06315099999,06315099999.csv,1982994,1.89 MiB,True
06316099999,06316099999.csv,1951216,1.86 MiB,True
06319099999,06319099999.csv,3433624,3.27 MiB,True
06320099999,06320099999.csv,8431511,8.04 MiB,True
06321099999,06321099999.csv,8239898,7.86 MiB,True
06323099999,06323099999.csv,3487659,3.33 MiB,True
06324099999,06324099999.csv,2460738,2.35 MiB,True
06330099999,06330099999.csv,2619507,2.50 MiB,True
06331099999,06331099999.csv,2503770,2.39 MiB,True
06340099999,06340099999.csv,18278019,17.43 MiB,True
06343099999,06343099999.csv,2616466,2.50 MiB,True
06344099999,06344099999.csv,11215864,10.70 MiB,True
06348099999,06348099999.csv,2877084,2.74 MiB,True
06350099999,06350099999.csv,17117329,16.32 MiB,True
06356099999,06356099999.csv,2603869,2.48 MiB,True
06370099999,06370099999.csv,18472395,17.62 MiB,True
06375099999,06375099999.csv,17218280,16.42 MiB,True
06377099999,06377099999.csv,3809358,3.63 MiB,True
06380099999,06380099999.csv,11038147,10.53 MiB,True
06391099999,06391099999.csv,2701617,2.58 MiB,True
06400099999,06400099999.csv,11754226,11.21 MiB,True
06407099999,06407099999.csv,9404381,8.97 MiB,True
06414099999,06414099999.csv,2483072,2.37 MiB,True
06418099999,06418099999.csv,3430871,3.27 MiB,True
06428099999,06428099999.csv,3677113,3.51 MiB,True
06432099999,06432099999.csv,11730211,11.19 MiB,True
06432599999,06432599999.csv,7768984,7.41 MiB,True
06434099999,06434099999.csv,2704299,2.58 MiB,True
06439099999,06439099999.csv,2630869,2.51 MiB,True
06447099999,06447099999.csv,3800520,3.62 MiB,True
06449099999,06449099999.csv,9454141,9.02 MiB,True
06450099999,06450099999.csv,9100961,8.68 MiB,True
06451099999,06451099999.csv,10034362,9.57 MiB,True
06455099999,06455099999.csv,2582009,2.46 MiB,True
06456099999,06456099999.csv,12313285,11.74 MiB,True
06458099999,06458099999.csv,12071622,11.51 MiB,True
06459099999,06459099999.csv,2915408,2.78 MiB,True
06464099999,06464099999.csv,2526049,2.41 MiB,True
06465099999,06465099999.csv,11431893,10.90 MiB,True
06472099999,06472099999.csv,3616434,3.45 MiB,True
06476099999,06476099999.csv,2917167,2.78 MiB,True
06476599999,06476599999.csv,6048778,5.77 MiB,True
06477099999,06477099999.csv,3175352,3.03 MiB,True
06478099999,06478099999.csv,9980768,9.52 MiB,True
06479099999,06479099999.csv,11553057,11.02 MiB,True
06484099999,06484099999.csv,2450228,2.34 MiB,True
06490099999,06490099999.csv,9909929,9.45 MiB,True
06490199999,06490199999.csv,7627089,7.27 MiB,True
06494099999,06494099999.csv,2940701,2.80 MiB,True
06496099999,06496099999.csv,12117315,11.56 MiB,True
06590099999,06590099999.csv,9408953,8.97 MiB,True
06601099999,06601099999.csv,3178418,3.03 MiB,True
06602099999,06602099999.csv,2883906,2.75 MiB,True
06604099999,06604099999.csv,2905536,2.77 MiB,True
06604599999,06604599999.csv,5976330,5.70 MiB,True
06605099999,06605099999.csv,3033178,2.89 MiB,True
06606099999,06606099999.csv,2903652,2.77 MiB,True
06608099999,06608099999.csv,3149769,3.00 MiB,True
06609099999,06609099999.csv,2996823,2.86 MiB,True
06609999999,06609999999.csv,6299765,6.01 MiB,True
06610099999,06610099999.csv,9361286,8.93 MiB,True
06612099999,06612099999.csv,3061753,2.92 MiB,True
06613099999,06613099999.csv,8501151,8.11 MiB,True
06614099999,06614099999.csv,8903112,8.49 MiB,True
06616099999,06616099999.csv,2930934,2.80 MiB,True
06617099999,06617099999.csv,3064813,2.92 MiB,True
06618099999,06618099999.csv,2936996,2.80 MiB,True
06619099999,06619099999.csv,3111344,2.97 MiB,True
06620099999,06620099999.csv,2980012,2.84 MiB,True
06621099999,06621099999.csv,2916232,2.78 MiB,True
06623099999,06623099999.csv,3044617,2.90 MiB,True
06624099999,06624099999.csv,2947391,2.81 MiB,True
06625099999,06625099999.csv,3088566,2.95 MiB,True
06626099999,06626099999.csv,2929302,2.79 MiB,True
06627099999,06627099999.csv,3078993,2.94 MiB,True
06628099999,06628099999.csv,2992938,2.85 MiB,True
06630399999,06630399999.csv,6085679,5.80 MiB,True
06630499999,06630499999.csv,6176696,5.89 MiB,True
06631099999,06631099999.csv,3005008,2.87 MiB,True
06632099999,06632099999.csv,2926741,2.79 MiB,True
06633099999,06633099999.csv,3364258,3.21 MiB,True
06635099999,06635099999.csv,2948883,2.81 MiB,True
06636099999,06636099999.csv,2953519,2.82 MiB,True
06637099999,06637099999.csv,3154168,3.01 MiB,True
06638099999,06638099999.csv,3013035,2.87 MiB,True
06639099999,06639099999.csv,2961616,2.82 MiB,True
06640099999,06640099999.csv,2355489,2.25 MiB,True
06641099999,06641099999.csv,2933310,2.80 MiB,True
06643099999,06643099999.csv,2873734,2.74 MiB,True
06644099999,06644099999.csv,2855059,2.72 MiB,True
06645099999,06645099999.csv,3044278,2.90 MiB,True
06646099999,06646099999.csv,2920203,2.78 MiB,True
06647099999,06647099999.csv,2728555,2.60 MiB,True
06648099999,06648099999.csv,2891293,2.76 MiB,True
06650099999,06650099999.csv,2882796,2.75 MiB,True
06651099999,06651099999.csv,3009242,2.87 MiB,True
06652099999,06652099999.csv,2401557,2.29 MiB,True
06655099999,06655099999.csv,3065819,2.92 MiB,True
06656099999,06656099999.csv,2598245,2.48 MiB,True
06657099999,06657099999.csv,2835639,2.70 MiB,True
06658099999,06658099999.csv,6308091,6.02 MiB,True
06659099999,06659099999.csv,2979382,2.84 MiB,True
06660099999,06660099999.csv,3057147,2.92 MiB,True
06662199999,06662199999.csv,5997216,5.72 MiB,True
06664099999,06664099999.csv,3016071,2.88 MiB,True
06666099999,06666099999.csv,2899483,2.77 MiB,True
06669099999,06669099999.csv,2759320,2.63 MiB,True
06670099999,06670099999.csv,9839682,9.38 MiB,True
06671099999,06671099999.csv,2448542,2.34 MiB,True
06672099999,06672099999.csv,3256219,3.11 MiB,True
06673099999,06673099999.csv,2981730,2.84 MiB,True
06674099999,06674099999.csv,2910974,2.78 MiB,True
06675099999,06675099999.csv,3015734,2.88 MiB,True
06676099999,06676099999.csv,2043070,1.95 MiB,True
06678099999,06678099999.csv,2910348,2.78 MiB,True
06679099999,06679099999.csv,9016552,8.60 MiB,True
06680099999,06680099999.csv,3122764,2.98 MiB,True
06681099999,06681099999.csv,3010997,2.87 MiB,True
06681199999,06681199999.csv,6283187,5.99 MiB,True
06682099999,06682099999.csv,3012598,2.87 MiB,True
06683099999,06683099999.csv,2461470,2.35 MiB,True
06685099999,06685099999.csv,2953612,2.82 MiB,True
06686099999,06686099999.csv,2871417,2.74 MiB,True
06687099999,06687099999.csv,2433306,2.32 MiB,True
06688099999,06688099999.csv,2789371,2.66 MiB,True
06689099999,06689099999.csv,2996631,2.86 MiB,True
06690099999,06690099999.csv,2970171,2.83 MiB,True
06693099999,06693099999.csv,3011637,2.87 MiB,True
06695099999,06695099999.csv,3050465,2.91 MiB,True
06700099999,06700099999.csv,9883393,9.43 MiB,True
06702099999,06702099999.csv,2974530,2.84 MiB,True
06703099999,06703099999.csv,3032784,2.89 MiB,True
06704099999,06704099999.csv,2988431,2.85 MiB,True
06705099999,06705099999.csv,2922436,2.79 MiB,True
06706099999,06706099999.csv,1957833,1.87 MiB,True
06707099999,06707099999.csv,2444681,2.33 MiB,True
06708099999,06708099999.csv,3000518,2.86 MiB,True
06709099999,06709099999.csv,2593111,2.47 MiB,True
06711099999,06711099999.csv,2908244,2.77 MiB,True
06712099999,06712099999.csv,3196186,3.05 MiB,True
06714099999,06714099999.csv,2796377,2.67 MiB,True
06715099999,06715099999.csv,2936584,2.80 MiB,True
06716099999,06716099999.csv,2973830,2.84 MiB,True
06717099999,06717099999.csv,3336224,3.18 MiB,True
06720099999,06720099999.csv,9020024,8.60 MiB,True
06721099999,06721099999.csv,2377172,2.27 MiB,True
06722099999,06722099999.csv,3079741,2.94 MiB,True
06723099999,06723099999.csv,2853557,2.72 MiB,True
06724099999,06724099999.csv,3001828,2.86 MiB,True
06725099999,06725099999.csv,3141612,3.00 MiB,True
06727099999,06727099999.csv,2908738,2.77 MiB,True
06728099999,06728099999.csv,2751976,2.62 MiB,True
06730099999,06730099999.csv,3100100,2.96 MiB,True
06733099999,06733099999.csv,3022283,2.88 MiB,True
06734099999,06734099999.csv,2964359,2.83 MiB,True
06735099999,06735099999.csv,3001049,2.86 MiB,True
06739099999,06739099999.csv,2816325,2.69 MiB,True
06740099999,06740099999.csv,2654519,2.53 MiB,True
06744099999,06744099999.csv,3084029,2.94 MiB,True
06745099999,06745099999.csv,3098085,2.95 MiB,True
06747099999,06747099999.csv,938098,916.11 KiB,True
06748099999,06748099999.csv,2990956,2.85 MiB,True
06749099999,06749099999.csv,2827208,2.70 MiB,True
06750099999,06750099999.csv,3089323,2.95 MiB,True
06751099999,06751099999.csv,2971986,2.83 MiB,True
06752099999,06752099999.csv,2879245,2.75 MiB,True
06753099999,06753099999.csv,3013844,2.87 MiB,True
06754099999,06754099999.csv,2753863,2.63 MiB,True
06756099999,06756099999.csv,3048376,2.91 MiB,True
06758099999,06758099999.csv,2887776,2.75 MiB,True
06759099999,06759099999.csv,2905727,2.77 MiB,True
06760099999,06760099999.csv,3295663,3.14 MiB,True
06762099999,06762099999.csv,8846014,8.44 MiB,True
06770099999,06770099999.csv,9215532,8.79 MiB,True
06771099999,06771099999.csv,2888618,2.75 MiB,True
06777099999,06777099999.csv,2983752,2.85 MiB,True
06778099999,06778099999.csv,3026706,2.89 MiB,True
06779099999,06779099999.csv,3065674,2.92 MiB,True
06780099999,06780099999.csv,3066281,2.92 MiB,True
06782099999,06782099999.csv,3012415,2.87 MiB,True
06783099999,06783099999.csv,3066234,2.92 MiB,True
06784099999,06784099999.csv,2954791,2.82 MiB,True
06785099999,06785099999.csv,2965463,2.83 MiB,True
06786099999,06786099999.csv,3297261,3.14 MiB,True
06787099999,06787099999.csv,3005899,2.87 MiB,True
06788099999,06788099999.csv,3010163,2.87 MiB,True
06789099999,06789099999.csv,2760220,2.63 MiB,True
06790099999,06790099999.csv,2393072,2.28 MiB,True
06791099999,06791099999.csv,3032120,2.89 MiB,True
06792099999,06792099999.csv,3295023,3.14 MiB,True
06793099999,06793099999.csv,2950274,2.81 MiB,True
06794099999,06794099999.csv,3318050,3.16 MiB,True
06795099999,06795099999.csv,2967454,2.83 MiB,True
06796099999,06796099999.csv,3143294,3.00 MiB,True
06797099999,06797099999.csv,3117002,2.97 MiB,True
06798099999,06798099999.csv,2963770,2.83 MiB,True
06799099999,06799099999.csv,2498563,2.38 MiB,True
06806599999,06806599999.csv,6175309,5.89 MiB,True
06846099999,06846099999.csv,49039,47.89 KiB,True
06848099999,06848099999.csv,44985,43.93 KiB,True
06990099999,06990099999.csv,3226432,3.08 MiB,True
07002099999,07002099999.csv,3256966,3.11 MiB,True
07003099999,07003099999.csv,10567636,10.08 MiB,True
07005099999,07005099999.csv,3233511,3.08 MiB,True
07009099999,07009099999.csv,3571957,3.41 MiB,True
07010099999,07010099999.csv,3264572,3.11 MiB,True
07015099999,07015099999.csv,9974481,9.51 MiB,True
07019099999,07019099999.csv,2838381,2.71 MiB,True
07020099999,07020099999.csv,3330825,3.18 MiB,True
07022099999,07022099999.csv,2890160,2.76 MiB,True
07024099999,07024099999.csv,10382292,9.90 MiB,True
07027099999,07027099999.csv,10065602,9.60 MiB,True
07028099999,07028099999.csv,9312652,8.88 MiB,True
07029099999,07029099999.csv,2909482,2.77 MiB,True
07031099999,07031099999.csv,10088834,9.62 MiB,True
07034099999,07034099999.csv,2828739,2.70 MiB,True
07037099999,07037099999.csv,10111577,9.64 MiB,True
07038034061,07038034061.csv,10393591,9.91 MiB,True
07040099999,07040099999.csv,3267608,3.12 MiB,True
07046099999,07046099999.csv,3743074,3.57 MiB,True
07053099999,07053099999.csv,679694,663.76 KiB,True
07055099999,07055099999.csv,10046541,9.58 MiB,True
07059099999,07059099999.csv,3613733,3.45 MiB,True
07061099999,07061099999.csv,3274166,3.12 MiB,True
07064099999,07064099999.csv,677,677.00 B,True
07072099999,07072099999.csv,9689309,9.24 MiB,True
07075099999,07075099999.csv,3783786,3.61 MiB,True
07093099999,07093099999.csv,10240892,9.77 MiB,True
07100099999,07100099999.csv,3277089,3.13 MiB,True
07102099999,07102099999.csv,2847039,2.72 MiB,True
07103099999,07103099999.csv,2549785,2.43 MiB,True
07106099999,07106099999.csv,10417469,9.93 MiB,True
07107099999,07107099999.csv,2864446,2.73 MiB,True
07109099999,07109099999.csv,10228469,9.75 MiB,True
07110099999,07110099999.csv,10507529,10.02 MiB,True
07116099999,07116099999.csv,2915094,2.78 MiB,True
07117099999,07117099999.csv,3403160,3.25 MiB,True
07118099999,07118099999.csv,7969408,7.60 MiB,True
07120099999,07120099999.csv,8865885,8.46 MiB,True
07121099999,07121099999.csv,2818700,2.69 MiB,True
07125099999,07125099999.csv,10150386,9.68 MiB,True
07130099999,07130099999.csv,10108248,9.64 MiB,True
07133099999,07133099999.csv,2902735,2.77 MiB,True
07134099999,07134099999.csv,9583481,9.14 MiB,True
07139099999,07139099999.csv,3682974,3.51 MiB,True
07140099999,07140099999.csv,3101982,2.96 MiB,True
07143099999,07143099999.csv,3723267,3.55 MiB,True
07145099999,07145099999.csv,3555750,3.39 MiB,True
07146099999,07146099999.csv,10151909,9.68 MiB,True
07147099999,07147099999.csv,10023577,9.56 MiB,True
07149099999,07149099999.csv,10109788,9.64 MiB,True
07150099999,07150099999.csv,9968220,9.51 MiB,True
07151599999,07151599999.csv,5670671,5.41 MiB,True
07153099999,07153099999.csv,9620682,9.17 MiB,True
07156099999,07156099999.csv,3298713,3.15 MiB,True
07157099999,07157099999.csv,10616131,10.12 MiB,True
07160499999,07160499999.csv,3335067,3.18 MiB,True
07165099999,07165099999.csv,6074992,5.79 MiB,True
07166099999,07166099999.csv,3577092,3.41 MiB,True
07168099999,07168099999.csv,9543400,9.10 MiB,True
07169099999,07169099999.csv,5976510,5.70 MiB,True
07179034051,07179034051.csv,6062157,5.78 MiB,True
07180099999,07180099999.csv,9600335,9.16 MiB,True
07181099999,07181099999.csv,9612973,9.17 MiB,True
07182599999,07182599999.csv,5739960,5.47 MiB,True
07190099999,07190099999.csv,9965539,9.50 MiB,True
07197099999,07197099999.csv,3173449,3.03 MiB,True
07200099999,07200099999.csv,2901686,2.77 MiB,True
07201099999,07201099999.csv,10316371,9.84 MiB,True
07203099999,07203099999.csv,2843354,2.71 MiB,True
07205099999,07205099999.csv,10246542,9.77 MiB,True
07207099999,07207099999.csv,3202303,3.05 MiB,True
07210099999,07210099999.csv,5917159,5.64 MiB,True
07216099999,07216099999.csv,2823515,2.69 MiB,True
07217099999,07217099999.csv,9927970,9.47 MiB,True
07222099999,07222099999.csv,10308935,9.83 MiB,True
07230099999,07230099999.csv,3175377,3.03 MiB,True
07235099999,07235099999.csv,9595865,9.15 MiB,True
07240099999,07240099999.csv,9700099,9.25 MiB,True
07245099999,07245099999.csv,3647485,3.48 MiB,True
07247099999,07247099999.csv,9964637,9.50 MiB,True
07249099999,07249099999.csv,9848942,9.39 MiB,True
07255099999,07255099999.csv,3221361,3.07 MiB,True
07255399999,07255399999.csv,5743027,5.48 MiB,True
07255499999,07255499999.csv,5839783,5.57 MiB,True
07257099999,07257099999.csv,3540120,3.38 MiB,True
07260099999,07260099999.csv,6885118,6.57 MiB,True
07266099999,07266099999.csv,9348405,8.92 MiB,True
07280099999,07280099999.csv,9386581,8.95 MiB,True
07283099999,07283099999.csv,3595448,3.43 MiB,True
07288099999,07288099999.csv,3164571,3.02 MiB,True
07292099999,07292099999.csv,9667973,9.22 MiB,True
07296099999,07296099999.csv,3647457,3.48 MiB,True
07299099999,07299099999.csv,10134355,9.66 MiB,True
07300099999,07300099999.csv,3297665,3.14 MiB,True
07306099999,07306099999.csv,9949663,9.49 MiB,True
07311099999,07311099999.csv,2833354,2.70 MiB,True
07314099999,07314099999.csv,3213416,3.06 MiB,True
07316099999,07316099999.csv,9853971,9.40 MiB,True
07317099999,07317099999.csv,5908838,5.64 MiB,True
07317599999,07317599999.csv,5943588,5.67 MiB,True
07330099999,07330099999.csv,3215602,3.07 MiB,True
07335099999,07335099999.csv,9753316,9.30 MiB,True
07354034048,07354034048.csv,10102655,9.63 MiB,True
07361099999,07361099999.csv,3254461,3.10 MiB,True
07374099999,07374099999.csv,6822851,6.51 MiB,True
07379099999,07379099999.csv,9662053,9.21 MiB,True
07385099999,07385099999.csv,3231242,3.08 MiB,True
07386099999,07386099999.csv,3670615,3.50 MiB,True
07386599999,07386599999.csv,3036382,2.90 MiB,True
07390199999,07390199999.csv,7260189,6.92 MiB,True
07412099999,07412099999.csv,9801009,9.35 MiB,True
07420099999,07420099999.csv,7472779,7.13 MiB,True
07428099999,07428099999.csv,9562748,9.12 MiB,True
07434099999,07434099999.csv,10067258,9.60 MiB,True
07438099999,07438099999.csv,3211681,3.06 MiB,True
07460099999,07460099999.csv,9984543,9.52 MiB,True
07470199999,07470199999.csv,50625,49.44 KiB,True
07471099999,07471099999.csv,6742376,6.43 MiB,True
07475099999,07475099999.csv,9635443,9.19 MiB,True
07476099999,07476099999.csv,5345769,5.10 MiB,True
07476599999,07476599999.csv,5947247,5.67 MiB,True
07477099999,07477099999.csv,3094201,2.95 MiB,True
07480099999,07480099999.csv,9468038,9.03 MiB,True
07481099999,07481099999.csv,10269726,9.79 MiB,True
07482099999,07482099999.csv,3222098,3.07 MiB,True
07486099999,07486099999.csv,9961169,9.50 MiB,True
07487099999,07487099999.csv,3010245,2.87 MiB,True
07490099999,07490099999.csv,9651752,9.20 MiB,True
07491099999,07491099999.csv,9809183,9.35 MiB,True
07497099999,07497099999.csv,830134,810.68 KiB,True
07499099999,07499099999.csv,41499,40.53 KiB,True
07500099999,07500099999.csv,2960908,2.82 MiB,True
07502099999,07502099999.csv,9493652,9.05 MiB,True
07503099999,07503099999.csv,3649383,3.48 MiB,True
07510099999,07510099999.csv,9913907,9.45 MiB,True
07524099999,07524099999.csv,9562730,9.12 MiB,True
07530099999,07530099999.csv,9778380,9.33 MiB,True
07535099999,07535099999.csv,3436349,3.28 MiB,True
07540099999,07540099999.csv,3250613,3.10 MiB,True
07549099999,07549099999.csv,9824229,9.37 MiB,True
07552099999,07552099999.csv,9850501,9.39 MiB,True
07554099999,07554099999.csv,3529194,3.37 MiB,True
07558099999,07558099999.csv,3224097,3.07 MiB,True
07560099999,07560099999.csv,3278940,3.13 MiB,True
07563099999,07563099999.csv,3370616,3.21 MiB,True
07570099999,07570099999.csv,3235872,3.09 MiB,True
07577099999,07577099999.csv,3293064,3.14 MiB,True
07579099999,07579099999.csv,8921278,8.51 MiB,True
07579599999,07579599999.csv,6554020,6.25 MiB,True
07586099999,07586099999.csv,3431,3.35 KiB,True
07588099999,07588099999.csv,3512761,3.35 MiB,True
07589099999,07589099999.csv,106951,104.44 KiB,True
07590099999,07590099999.csv,74040,72.30 KiB,True
07591099999,07591099999.csv,2650,2.59 KiB,True
07593099999,07593099999.csv,776,776.00 B,True
07600099999,07600099999.csv,3245635,3.10 MiB,True
07602099999,07602099999.csv,10162768,9.69 MiB,True
07603099999,07603099999.csv,8154990,7.78 MiB,True
07607099999,07607099999.csv,9766545,9.31 MiB,True
07610099999,07610099999.csv,10151745,9.68 MiB,True
07621099999,07621099999.csv,10076150,9.61 MiB,True
07622099999,07622099999.csv,3202766,3.05 MiB,True
07627099999,07627099999.csv,3623818,3.46 MiB,True
07628099999,07628099999.csv,3474658,3.31 MiB,True
07629399999,07629399999.csv,2931144,2.80 MiB,True
07630099999,07630099999.csv,9802488,9.35 MiB,True
07631099999,07631099999.csv,7350954,7.01 MiB,True
07632099999,07632099999.csv,3191667,3.04 MiB,True
07635099999,07635099999.csv,9796469,9.34 MiB,True
07638099999,07638099999.csv,3488093,3.33 MiB,True
07641099999,07641099999.csv,3120803,2.98 MiB,True
07641599999,07641599999.csv,5304682,5.06 MiB,True
07643099999,07643099999.csv,9143363,8.72 MiB,True
07645099999,07645099999.csv,3111590,2.97 MiB,True
07646099999,07646099999.csv,8904004,8.49 MiB,True
07647099999,07647099999.csv,8918985,8.51 MiB,True
07648099999,07648099999.csv,8661284,8.26 MiB,True
07650099999,07650099999.csv,9092081,8.67 MiB,True
07651099999,07651099999.csv,2827573,2.70 MiB,True
07653099999,07653099999.csv,2676363,2.55 MiB,True
07656099999,07656099999.csv,2825803,2.69 MiB,True
07661099999,07661099999.csv,2826429,2.70 MiB,True
07666099999,07666099999.csv,3255906,3.11 MiB,True
07667099999,07667099999.csv,9022511,8.60 MiB,True
07675099999,07675099999.csv,7929189,7.56 MiB,True
07677099999,07677099999.csv,2792846,2.66 MiB,True
07678099999,07678099999.csv,3175195,3.03 MiB,True
07681099999,07681099999.csv,2824563,2.69 MiB,True
07684099999,07684099999.csv,9180006,8.75 MiB,True
07688099999,07688099999.csv,2825299,2.69 MiB,True
07690099999,07690099999.csv,9867916,9.41 MiB,True
07747099999,07747099999.csv,9537600,9.10 MiB,True
07749099999,07749099999.csv,3274365,3.12 MiB,True
07752099999,07752099999.csv,2880431,2.75 MiB,True
07753099999,07753099999.csv,3340717,3.19 MiB,True
07754099999,07754099999.csv,9437454,9.00 MiB,True
07761099999,07761099999.csv,9481349,9.04 MiB,True
07765099999,07765099999.csv,9053412,8.63 MiB,True
07768099999,07768099999.csv,2898953,2.76 MiB,True
07770099999,07770099999.csv,3406463,3.25 MiB,True
07775099999,07775099999.csv,3226368,3.08 MiB,True
07780099999,07780099999.csv,9536705,9.09 MiB,True
07785099999,07785099999.csv,514,514.00 B,True
07790099999,07790099999.csv,9456200,9.02 MiB,True
07791099999,07791099999.csv,2701285,2.58 MiB,True
07876099999,07876099999.csv,33387,32.60 KiB,True
08000199999,08000199999.csv,6280463,5.99 MiB,True
08001099999,08001099999.csv,2963334,2.83 MiB,True
08002099999,08002099999.csv,9150822,8.73 MiB,True
08005099999,08005099999.csv,11182,10.92 KiB,True
08008099999,08008099999.csv,2634917,2.51 MiB,True
08011099999,08011099999.csv,9664386,9.22 MiB,True
08014099999,08014099999.csv,144437,141.05 KiB,True
08014199999,08014199999.csv,3573135,3.41 MiB,True
08014299999,08014299999.csv,5381117,5.13 MiB,True
08014399999,08014399999.csv,5022384,4.79 MiB,True
08014499999,08014499999.csv,1330441,1.27 MiB,True
08015099999,08015099999.csv,2411101,2.30 MiB,True
08021099999,08021099999.csv,9166771,8.74 MiB,True
08023099999,08023099999.csv,2869457,2.74 MiB,True
08025099999,08025099999.csv,9585235,9.14 MiB,True
08027099999,08027099999.csv,1186976,1.13 MiB,True
08029099999,08029099999.csv,9310535,8.88 MiB,True
08042099999,08042099999.csv,10013893,9.55 MiB,True
08044099999,08044099999.csv,2849413,2.72 MiB,True
08045099999,08045099999.csv,9437240,9.00 MiB,True
08048099999,08048099999.csv,1705346,1.63 MiB,True
08053099999,08053099999.csv,2669425,2.55 MiB,True
08055099999,08055099999.csv,8578257,8.18 MiB,True
08072099999,08072099999.csv,17829,17.41 KiB,True
08075099999,08075099999.csv,9077640,8.66 MiB,True
08080099999,08080099999.csv,9542470,9.10 MiB,True
08084099999,08084099999.csv,8772663,8.37 MiB,True
08085099999,08085099999.csv,9054561,8.64 MiB,True
08087099999,08087099999.csv,34908,34.09 KiB,True
08091099999,08091099999.csv,1074808,1.03 MiB,True
08094099999,08094099999.csv,8475406,8.08 MiB,True
08096099999,08096099999.csv,1537036,1.47 MiB,True
08112099999,08112099999.csv,78990,77.14 KiB,True
08117099999,08117099999.csv,26158,25.54 KiB,True
08130099999,08130099999.csv,2344485,2.24 MiB,True
08140099999,08140099999.csv,6600225,6.29 MiB,True
08141099999,08141099999.csv,2836383,2.70 MiB,True
08148099999,08148099999.csv,2659082,2.54 MiB,True
08157099999,08157099999.csv,3571,3.49 KiB,True
08160099999,08160099999.csv,8709041,8.31 MiB,True
08171099999,08171099999.csv,2633033,2.51 MiB,True
08175099999,08175099999.csv,8685185,8.28 MiB,True
08176399999,08176399999.csv,5398213,5.15 MiB,True
08180099999,08180099999.csv,508691,496.77 KiB,True
08181099999,08181099999.csv,8889575,8.48 MiB,True
08184099999,08184099999.csv,8317688,7.93 MiB,True
08186099999,08186099999.csv,2407,2.35 KiB,True
08201099999,08201099999.csv,47650,46.53 KiB,True
08202099999,08202099999.csv,8788356,8.38 MiB,True
08210099999,08210099999.csv,2325368,2.22 MiB,True
08213099999,08213099999.csv,2036981,1.94 MiB,True
08215099999,08215099999.csv,2951509,2.81 MiB,True
08219099999,08219099999.csv,2727219,2.60 MiB,True
08220099999,08220099999.csv,33375,32.59 KiB,True
08221099999,08221099999.csv,9268858,8.84 MiB,True
08222099999,08222099999.csv,23022,22.48 KiB,True
08223099999,08223099999.csv,6221261,5.93 MiB,True
08224099999,08224099999.csv,4246197,4.05 MiB,True
08226099999,08226099999.csv,2773317,2.64 MiB,True
08227099999,08227099999.csv,5055601,4.82 MiB,True
08231099999,08231099999.csv,2763478,2.64 MiB,True
08232099999,08232099999.csv,2911704,2.78 MiB,True
08233099999,08233099999.csv,2147459,2.05 MiB,True
08235099999,08235099999.csv,1793146,1.71 MiB,True
08238099999,08238099999.csv,2485174,2.37 MiB,True
08261099999,08261099999.csv,2690615,2.57 MiB,True
08272099999,08272099999.csv,936349,914.40 KiB,True
08280099999,08280099999.csv,8581736,8.18 MiB,True
08284099999,08284099999.csv,8813976,8.41 MiB,True
08285099999,08285099999.csv,11185,10.92 KiB,True
08286099999,08286099999.csv,2773898,2.65 MiB,True
08290099999,08290099999.csv,54008,52.74 KiB,True
08301099999,08301099999.csv,7642,7.46 KiB,True
08302099999,08302099999.csv,9424,9.20 KiB,True
08303099999,08303099999.csv,52587,51.35 KiB,True
08306099999,08306099999.csv,9307354,8.88 MiB,True
08314099999,08314099999.csv,9176152,8.75 MiB,True
08330099999,08330099999.csv,6490925,6.19 MiB,True
08335099999,08335099999.csv,15164,14.81 KiB,True
08348099999,08348099999.csv,2508099,2.39 MiB,True
08359099999,08359099999.csv,2403452,2.29 MiB,True
08360099999,08360099999.csv,8552292,8.16 MiB,True
08365099999,08365099999.csv,276351,269.87 KiB,True
08373099999,08373099999.csv,8842544,8.43 MiB,True
08383099999,08383099999.csv,2671357,2.55 MiB,True
08390599999,08390599999.csv,1264962,1.21 MiB,True
08391099999,08391099999.csv,8251648,7.87 MiB,True
08397099999,08397099999.csv,6116136,5.83 MiB,True
08410099999,08410099999.csv,8113604,7.74 MiB,True
08417099999,08417099999.csv,2552539,2.43 MiB,True
08419099999,08419099999.csv,8508769,8.11 MiB,True
08420099999,08420099999.csv,984724,961.64 KiB,True
08429099999,08429099999.csv,3407722,3.25 MiB,True
08430099999,08430099999.csv,2718584,2.59 MiB,True
08433099999,08433099999.csv,8785642,8.38 MiB,True
08449013025,08449013025.csv,4651964,4.44 MiB,True
08451099999,08451099999.csv,8355665,7.97 MiB,True
08451599999,08451599999.csv,5379461,5.13 MiB,True
08452099999,08452099999.csv,16638,16.25 KiB,True
08453099999,08453099999.csv,11209,10.95 KiB,True
08458099999,08458099999.csv,285517,278.83 KiB,True
08482099999,08482099999.csv,8687357,8.28 MiB,True
08487099999,08487099999.csv,8295487,7.91 MiB,True
08488099999,08488099999.csv,1348584,1.29 MiB,True
08495099999,08495099999.csv,9789801,9.34 MiB,True
08501099999,08501099999.csv,3458145,3.30 MiB,True
08502099999,08502099999.csv,14826,14.48 KiB,True
08505099999,08505099999.csv,4169778,3.98 MiB,True
08509099999,08509099999.csv,4588927,4.38 MiB,True
08509599999,08509599999.csv,14911,14.56 KiB,True
08511099999,08511099999.csv,2827,2.76 KiB,True
08512099999,08512099999.csv,6739202,6.43 MiB,True
08512599999,08512599999.csv,6629,6.47 KiB,True
08513099999,08513099999.csv,638,638.00 B,True
08515099999,08515099999.csv,6608571,6.30 MiB,True
08515599999,08515599999.csv,3346,3.27 KiB,True
08521099999,08521099999.csv,1138075,1.09 MiB,True
08522099999,08522099999.csv,2722165,2.60 MiB,True
08524099999,08524099999.csv,7752589,7.39 MiB,True
08532099999,08532099999.csv,1096209,1.05 MiB,True
08534099999,08534099999.csv,3908787,3.73 MiB,True
08535099999,08535099999.csv,3512,3.43 KiB,True
08536099999,08536099999.csv,5850934,5.58 MiB,True
08537099999,08537099999.csv,981160,958.16 KiB,True
08540099999,08540099999.csv,4298907,4.10 MiB,True
08541099999,08541099999.csv,679,679.00 B,True
08544099999,08544099999.csv,838965,819.30 KiB,True
08545099999,08545099999.csv,5735106,5.47 MiB,True
08549099999,08549099999.csv,562,562.00 B,True
08551099999,08551099999.csv,1340,1.31 KiB,True
08554099999,08554099999.csv,5310897,5.06 MiB,True
08558099999,08558099999.csv,9388,9.17 KiB,True
08558199999,08558199999.csv,1686021,1.61 MiB,True
08560099999,08560099999.csv,4886,4.77 KiB,True
08561099999,08561099999.csv,1140463,1.09 MiB,True
08562099999,08562099999.csv,2841929,2.71 MiB,True
08567099999,08567099999.csv,7573,7.40 KiB,True
08568099999,08568099999.csv,43137,42.13 KiB,True
08570099999,08570099999.csv,747,747.00 B,True
08571099999,08571099999.csv,445,445.00 B,True
08575099999,08575099999.csv,16282,15.90 KiB,True
08579099999,08579099999.csv,16460,16.07 KiB,True
08583099999,08583099999.csv,522902,510.65 KiB,True
08589099999,08589099999.csv,482999,471.68 KiB,True
08594099999,08594099999.csv,4273444,4.08 MiB,True
08594499999,08594499999.csv,1694060,1.62 MiB,True
08594599999,08594599999.csv,3170902,3.02 MiB,True
08911099999,08911099999.csv,200074,195.38 KiB,True
08912099999,08912099999.csv,96659,94.39 KiB,True
08913099999,08913099999.csv,166830,162.92 KiB,True
08914099999,08914099999.csv,22407,21.88 KiB,True
08916099999,08916099999.csv,106075,103.59 KiB,True
08917099999,08917099999.csv,62869,61.40 KiB,True
08918099999,08918099999.csv,6500,6.35 KiB,True
08920099999,08920099999.csv,231364,225.94 KiB,True
08922099999,08922099999.csv,205622,200.80 KiB,True
08924099999,08924099999.csv,53228,51.98 KiB,True
08925099999,08925099999.csv,322426,314.87 KiB,True
08926099999,08926099999.csv,290269,283.47 KiB,True
08927099999,08927099999.csv,191708,187.21 KiB,True
08928099999,08928099999.csv,319009,311.53 KiB,True
08930099999,08930099999.csv,40660,39.71 KiB,True
08936099999,08936099999.csv,7424,7.25 KiB,True
08938099999,08938099999.csv,117675,114.92 KiB,True
08940099999,08940099999.csv,5145,5.02 KiB,True
08960099999,08960099999.csv,125157,122.22 KiB,True
10000199999,10000199999.csv,5954586,5.68 MiB,True
10018099999,10018099999.csv,6222073,5.93 MiB,True
10033099999,10033099999.csv,2332167,2.22 MiB,True
10037099999,10037099999.csv,3276593,3.12 MiB,True
10038099999,10038099999.csv,3336239,3.18 MiB,True
10046599999,10046599999.csv,6089539,5.81 MiB,True
10126099999,10126099999.csv,3013450,2.87 MiB,True
10136099999,10136099999.csv,4216857,4.02 MiB,True
10147099999,10147099999.csv,6182880,5.90 MiB,True
10149099999,10149099999.csv,6385264,6.09 MiB,True
10156099999,10156099999.csv,6296027,6.00 MiB,True
10172099999,10172099999.csv,4005628,3.82 MiB,True
10193599999,10193599999.csv,6098895,5.82 MiB,True
10200099999,10200099999.csv,4679681,4.46 MiB,True
10224099999,10224099999.csv,5997905,5.72 MiB,True
10246099999,10246099999.csv,3467690,3.31 MiB,True
10304099999,10304099999.csv,2860059,2.73 MiB,True
10315099999,10315099999.csv,6293297,6.00 MiB,True
10321099999,10321099999.csv,1129559,1.08 MiB,True
10334099999,10334099999.csv,4173481,3.98 MiB,True
10335099999,10335099999.csv,4132058,3.94 MiB,True
10338099999,10338099999.csv,6031429,5.75 MiB,True
10343099999,10343099999.csv,3497174,3.34 MiB,True
10348099999,10348099999.csv,6174210,5.89 MiB,True
10385099999,10385099999.csv,5882882,5.61 MiB,True
10400099999,10400099999.csv,6043789,5.76 MiB,True
10416099999,10416099999.csv,5957855,5.68 MiB,True
10426099999,10426099999.csv,5917335,5.64 MiB,True
10436099999,10436099999.csv,6183934,5.90 MiB,True
10437499999,10437499999.csv,6214388,5.93 MiB,True
10439099999,10439099999.csv,3907961,3.73 MiB,True
10469099999,10469099999.csv,5960906,5.68 MiB,True
10476099999,10476099999.csv,4001597,3.82 MiB,True
10488099999,10488099999.csv,5890449,5.62 MiB,True
10500099999,10500099999.csv,2284250,2.18 MiB,True
10502099999,10502099999.csv,3526191,3.36 MiB,True
10513099999,10513099999.csv,6025727,5.75 MiB,True
10553699999,10553699999.csv,5921029,5.65 MiB,True
10554099999,10554099999.csv,5871103,5.60 MiB,True
10607099999,10607099999.csv,8448485,8.06 MiB,True
10613099999,10613099999.csv,3233824,3.08 MiB,True
10614099999,10614099999.csv,7656576,7.30 MiB,True
10616099999,10616099999.csv,5830994,5.56 MiB,True
10616299999,10616299999.csv,6283979,5.99 MiB,True
10616499999,10616499999.csv,5439291,5.19 MiB,True
10619099999,10619099999.csv,11410370,10.88 MiB,True
10633099999,10633099999.csv,6966957,6.64 MiB,True
10637099999,10637099999.csv,5982212,5.71 MiB,True
10685099999,10685099999.csv,6190270,5.90 MiB,True
10687099999,10687099999.csv,7062748,6.74 MiB,True
10708099999,10708099999.csv,6025985,5.75 MiB,True
10727599999,10727599999.csv,5921003,5.65 MiB,True
10729099999,10729099999.csv,5864485,5.59 MiB,True
10738099999,10738099999.csv,5782117,5.51 MiB,True
10743099999,10743099999.csv,3819898,3.64 MiB,True
10745099999,10745099999.csv,6134518,5.85 MiB,True
10752099999,10752099999.csv,6002009,5.72 MiB,True
10755099999,10755099999.csv,6145850,5.86 MiB,True
10763099999,10763099999.csv,5858455,5.59 MiB,True
10775099999,10775099999.csv,7491737,7.14 MiB,True
10805099999,10805099999.csv,5675039,5.41 MiB,True
10837099999,10837099999.csv,3479402,3.32 MiB,True
10852099999,10852099999.csv,5939162,5.66 MiB,True
10853099999,10853099999.csv,3821230,3.64 MiB,True
10856099999,10856099999.csv,3204906,3.06 MiB,True
10860099999,10860099999.csv,3379808,3.22 MiB,True
10864499999,10864499999.csv,6236306,5.95 MiB,True
10866099999,10866099999.csv,5837674,5.57 MiB,True
10935099999,10935099999.csv,6077374,5.80 MiB,True
10947099999,10947099999.csv,5827660,5.56 MiB,True
10954099999,10954099999.csv,3178629,3.03 MiB,True
11001099999,11001099999.csv,2439435,2.33 MiB,True
11008099999,11008099999.csv,2423448,2.31 MiB,True
11010099999,11010099999.csv,9706057,9.26 MiB,True
11012099999,11012099999.csv,2731251,2.60 MiB,True
11016199999,11016199999.csv,1266701,1.21 MiB,True
11016299999,11016299999.csv,1215230,1.16 MiB,True
11016599999,11016599999.csv,2589974,2.47 MiB,True
11018099999,11018099999.csv,2355779,2.25 MiB,True
11019099999,11019099999.csv,2748216,2.62 MiB,True
11020099999,11020099999.csv,2444299,2.33 MiB,True
11021099999,11021099999.csv,2628927,2.51 MiB,True
11022099999,11022099999.csv,2805483,2.68 MiB,True
11024099999,11024099999.csv,2672217,2.55 MiB,True
11025099999,11025099999.csv,2569682,2.45 MiB,True
11027099999,11027099999.csv,2357212,2.25 MiB,True
11030099999,11030099999.csv,6264960,5.97 MiB,True
11032099999,11032099999.csv,2676073,2.55 MiB,True
11034099999,11034099999.csv,2717595,2.59 MiB,True
11035099999,11035099999.csv,3441406,3.28 MiB,True
11036099999,11036099999.csv,9820546,9.37 MiB,True
11037099999,11037099999.csv,2443038,2.33 MiB,True
11040099999,11040099999.csv,2746074,2.62 MiB,True
11051099999,11051099999.csv,2468587,2.35 MiB,True
11053099999,11053099999.csv,2519811,2.40 MiB,True
11055099999,11055099999.csv,2701849,2.58 MiB,True
11059099999,11059099999.csv,2493929,2.38 MiB,True
11060099999,11060099999.csv,2647348,2.52 MiB,True
11070099999,11070099999.csv,2430905,2.32 MiB,True
11075099999,11075099999.csv,2446936,2.33 MiB,True
11078099999,11078099999.csv,2834338,2.70 MiB,True
11080099999,11080099999.csv,2446339,2.33 MiB,True
11082099999,11082099999.csv,2546117,2.43 MiB,True
11083099999,11083099999.csv,2509140,2.39 MiB,True
11085099999,11085099999.csv,2510948,2.39 MiB,True
11090099999,11090099999.csv,7393,7.22 KiB,True
11101099999,11101099999.csv,2790068,2.66 MiB,True
11105099999,11105099999.csv,2583407,2.46 MiB,True
11109099999,11109099999.csv,5576,5.45 KiB,True
11110099999,11110099999.csv,2727697,2.60 MiB,True
11112099999,11112099999.csv,2516132,2.40 MiB,True
11113099999,11113099999.csv,9359,9.14 KiB,True
11116099999,11116099999.csv,7977,7.79 KiB,True
11119099999,11119099999.csv,2566392,2.45 MiB,True
11120099999,11120099999.csv,10481837,10.00 MiB,True
11121099999,11121099999.csv,2476724,2.36 MiB,True
11126099999,11126099999.csv,2929419,2.79 MiB,True
11127099999,11127099999.csv,2620802,2.50 MiB,True
11129099999,11129099999.csv,2551686,2.43 MiB,True
11130099999,11130099999.csv,2814550,2.68 MiB,True
11136099999,11136099999.csv,2738618,2.61 MiB,True
11138099999,11138099999.csv,2966433,2.83 MiB,True
11140099999,11140099999.csv,2607341,2.49 MiB,True
11141099999,11141099999.csv,2644914,2.52 MiB,True
11142099999,11142099999.csv,738157,720.86 KiB,True
11144099999,11144099999.csv,4903,4.79 KiB,True
11148099999,11148099999.csv,2755013,2.63 MiB,True
11149099999,11149099999.csv,2818530,2.69 MiB,True
11150099999,11150099999.csv,10607995,10.12 MiB,True
11152099999,11152099999.csv,2628638,2.51 MiB,True
11153099999,11153099999.csv,2419562,2.31 MiB,True
11155099999,11155099999.csv,2926371,2.79 MiB,True
11157099999,11157099999.csv,6984555,6.66 MiB,True
11161099999,11161099999.csv,2533878,2.42 MiB,True
11165099999,11165099999.csv,5363641,5.12 MiB,True
11170099999,11170099999.csv,2610115,2.49 MiB,True
11171099999,11171099999.csv,2759147,2.63 MiB,True
11173099999,11173099999.csv,10378,10.13 KiB,True
11175099999,11175099999.csv,2139644,2.04 MiB,True
11176099999,11176099999.csv,2527506,2.41 MiB,True
11180099999,11180099999.csv,2918184,2.78 MiB,True
11182099999,11182099999.csv,3063150,2.92 MiB,True
11185099999,11185099999.csv,2752551,2.63 MiB,True
11190099999,11190099999.csv,2713141,2.59 MiB,True
11192099999,11192099999.csv,2436470,2.32 MiB,True
11193099999,11193099999.csv,442025,431.67 KiB,True
11201099999,11201099999.csv,2724456,2.60 MiB,True
11204099999,11204099999.csv,2792381,2.66 MiB,True
11213099999,11213099999.csv,2623530,2.50 MiB,True
11214099999,11214099999.csv,2644227,2.52 MiB,True
11220099999,11220099999.csv,2452429,2.34 MiB,True
11225099999,11225099999.csv,2662891,2.54 MiB,True
11227099999,11227099999.csv,2425598,2.31 MiB,True
11229099999,11229099999.csv,2473338,2.36 MiB,True
11231099999,11231099999.csv,10583998,10.09 MiB,True
11232099999,11232099999.csv,2541599,2.42 MiB,True
11234099999,11234099999.csv,5683,5.55 KiB,True
11240099999,11240099999.csv,10104801,9.64 MiB,True
11241099999,11241099999.csv,2781868,2.65 MiB,True
11242099999,11242099999.csv,8083,7.89 KiB,True
11244099999,11244099999.csv,2457595,2.34 MiB,True
11252099999,11252099999.csv,2504654,2.39 MiB,True
11255099999,11255099999.csv,2467770,2.35 MiB,True
11260099999,11260099999.csv,50668,49.48 KiB,True
11263099999,11263099999.csv,5663,5.53 KiB,True
11265099999,11265099999.csv,2966229,2.83 MiB,True
11270099999,11270099999.csv,2532887,2.42 MiB,True
11272099999,11272099999.csv,2494507,2.38 MiB,True
11275099999,11275099999.csv,2635245,2.51 MiB,True
11278099999,11278099999.csv,5499,5.37 KiB,True
11280099999,11280099999.csv,2634327,2.51 MiB,True
11285099999,11285099999.csv,2531898,2.41 MiB,True
11290099999,11290099999.csv,2566734,2.45 MiB,True
11292099999,11292099999.csv,2476576,2.36 MiB,True
11296099999,11296099999.csv,2420838,2.31 MiB,True
11298099999,11298099999.csv,2448245,2.33 MiB,True
11301099999,11301099999.csv,2414174,2.30 MiB,True
11302099999,11302099999.csv,2437811,2.32 MiB,True
11304099999,11304099999.csv,2470457,2.36 MiB,True
11307099999,11307099999.csv,18595,18.16 KiB,True
11308099999,11308099999.csv,2553400,2.44 MiB,True
11310099999,11310099999.csv,2585459,2.47 MiB,True
11312099999,11312099999.csv,2567016,2.45 MiB,True
11314099999,11314099999.csv,575,575.00 B,True
11315099999,11315099999.csv,8514,8.31 KiB,True
11316099999,11316099999.csv,2780948,2.65 MiB,True
11318099999,11318099999.csv,2735500,2.61 MiB,True
11330099999,11330099999.csv,2436178,2.32 MiB,True
11331099999,11331099999.csv,2554315,2.44 MiB,True
11332099999,11332099999.csv,478752,467.53 KiB,True
11337099999,11337099999.csv,2504281,2.39 MiB,True
11340099999,11340099999.csv,2593441,2.47 MiB,True
11343099999,11343099999.csv,2759196,2.63 MiB,True
11345099999,11345099999.csv,2465526,2.35 MiB,True
11346099999,11346099999.csv,2491203,2.38 MiB,True
11348099999,11348099999.csv,490161,478.67 KiB,True
11349099999,11349099999.csv,2598717,2.48 MiB,True
11350099999,11350099999.csv,2495378,2.38 MiB,True
11351099999,11351099999.csv,2619548,2.50 MiB,True
11355099999,11355099999.csv,2514255,2.40 MiB,True
11356099999,11356099999.csv,2395730,2.28 MiB,True
11357099999,11357099999.csv,2418852,2.31 MiB,True
11358099999,11358099999.csv,2436239,2.32 MiB,True
11359099999,11359099999.csv,2396607,2.29 MiB,True
11362099999,11362099999.csv,2474514,2.36 MiB,True
11365099999,11365099999.csv,2453663,2.34 MiB,True
11366099999,11366099999.csv,2528209,2.41 MiB,True
11367099999,11367099999.csv,2495579,2.38 MiB,True
11375099999,11375099999.csv,2375849,2.27 MiB,True
11378099999,11378099999.csv,2572266,2.45 MiB,True
11380099999,11380099999.csv,2460037,2.35 MiB,True
11382099999,11382099999.csv,2507077,2.39 MiB,True
11383099999,11383099999.csv,2544598,2.43 MiB,True
11384099999,11384099999.csv,2614729,2.49 MiB,True
11385099999,11385099999.csv,2709866,2.58 MiB,True
11386099999,11386099999.csv,518952,506.79 KiB,True
11387099999,11387099999.csv,2378309,2.27 MiB,True
11389099999,11389099999.csv,2794090,2.66 MiB,True
11390099999,11390099999.csv,2424213,2.31 MiB,True
11393099999,11393099999.csv,2466728,2.35 MiB,True
11395099999,11395099999.csv,2416848,2.30 MiB,True
11406099999,11406099999.csv,3388198,3.23 MiB,True
11414099999,11414099999.csv,9147788,8.72 MiB,True
11423099999,11423099999.csv,3798695,3.62 MiB,True
11423299999,11423299999.csv,6098807,5.82 MiB,True
11423399999,11423399999.csv,1135605,1.08 MiB,True
11438099999,11438099999.csv,4172064,3.98 MiB,True
11448099999,11448099999.csv,7565052,7.21 MiB,True
11450099999,11450099999.csv,4183575,3.99 MiB,True
11457099999,11457099999.csv,4328201,4.13 MiB,True
11464099999,11464099999.csv,4034338,3.85 MiB,True
11487099999,11487099999.csv,4159908,3.97 MiB,True
11502099999,11502099999.csv,4176661,3.98 MiB,True
11509099999,11509099999.csv,4156265,3.96 MiB,True
11518099999,11518099999.csv,9899628,9.44 MiB,True
11519099999,11519099999.csv,2614404,2.49 MiB,True
11520099999,11520099999.csv,4070356,3.88 MiB,True
11535199999,11535199999.csv,2501235,2.39 MiB,True
11538099999,11538099999.csv,3985461,3.80 MiB,True
11546099999,11546099999.csv,4029864,3.84 MiB,True
11567099999,11567099999.csv,4150675,3.96 MiB,True
11603099999,11603099999.csv,4058846,3.87 MiB,True
11624099999,11624099999.csv,10238026,9.76 MiB,True
11628099999,11628099999.csv,4084758,3.90 MiB,True
11636099999,11636099999.csv,4245294,4.05 MiB,True
11643099999,11643099999.csv,4160958,3.97 MiB,True
11652099999,11652099999.csv,10314408,9.84 MiB,True
11653099999,11653099999.csv,1723773,1.64 MiB,True
11659099999,11659099999.csv,4173633,3.98 MiB,True
11679099999,11679099999.csv,4337397,4.14 MiB,True
11683099999,11683099999.csv,4181519,3.99 MiB,True
11692099999,11692099999.csv,10447366,9.96 MiB,True
11693099999,11693099999.csv,4081555,3.89 MiB,True
11698099999,11698099999.csv,4189120,4.00 MiB,True
11710099999,11710099999.csv,4004283,3.82 MiB,True
11723099999,11723099999.csv,10020888,9.56 MiB,True
11730099999,11730099999.csv,4181843,3.99 MiB,True
11747099999,11747099999.csv,10417767,9.94 MiB,True
11766099999,11766099999.csv,4214885,4.02 MiB,True
11774099999,11774099999.csv,3955794,3.77 MiB,True
11782099999,11782099999.csv,9979044,9.52 MiB,True
11787099999,11787099999.csv,4338027,4.14 MiB,True
11801099999,11801099999.csv,5919168,5.64 MiB,True
11812099999,11812099999.csv,2106038,2.01 MiB,True
11813099999,11813099999.csv,2947536,2.81 MiB,True
11816099999,11816099999.csv,9749392,9.30 MiB,True
11819099999,11819099999.csv,2493797,2.38 MiB,True
11826099999,11826099999.csv,3173272,3.03 MiB,True
11841099999,11841099999.csv,3576343,3.41 MiB,True
11855099999,11855099999.csv,3267246,3.12 MiB,True
11856099999,11856099999.csv,2380415,2.27 MiB,True
11858099999,11858099999.csv,3182707,3.04 MiB,True
11867099999,11867099999.csv,3162234,3.02 MiB,True
11880099999,11880099999.csv,3128526,2.98 MiB,True
11900099999,11900099999.csv,2454865,2.34 MiB,True
11903099999,11903099999.csv,3185916,3.04 MiB,True
11916099999,11916099999.csv,3351107,3.20 MiB,True
11918099999,11918099999.csv,3395882,3.24 MiB,True
11927099999,11927099999.csv,3210874,3.06 MiB,True
11927199999,11927199999.csv,5528520,5.27 MiB,True
11927499999,11927499999.csv,5626194,5.37 MiB,True
11927599999,11927599999.csv,3084522,2.94 MiB,True
11927699999,11927699999.csv,5941958,5.67 MiB,True
11930099999,11930099999.csv,3489408,3.33 MiB,True
11933099999,11933099999.csv,3565257,3.40 MiB,True
11934099999,11934099999.csv,10028122,9.56 MiB,True
11938099999,11938099999.csv,3331258,3.18 MiB,True
11952099999,11952099999.csv,2664047,2.54 MiB,True
11955099999,11955099999.csv,6201658,5.91 MiB,True
11958099999,11958099999.csv,2852444,2.72 MiB,True
11968099999,11968099999.csv,3391615,3.23 MiB,True
11976099999,11976099999.csv,3187135,3.04 MiB,True
11978099999,11978099999.csv,3231750,3.08 MiB,True
11993099999,11993099999.csv,3213619,3.06 MiB,True
12001099999,12001099999.csv,347854,339.70 KiB,True
12100099999,12100099999.csv,3077884,2.94 MiB,True
12105099999,12105099999.csv,3621412,3.45 MiB,True
12105199999,12105199999.csv,1615259,1.54 MiB,True
12105299999,12105299999.csv,8960611,8.55 MiB,True
12105399999,12105399999.csv,8993874,8.58 MiB,True
12105499999,12105499999.csv,8971302,8.56 MiB,True
12105599999,12105599999.csv,9638265,9.19 MiB,True
12105699999,12105699999.csv,5580607,5.32 MiB,True
12115099999,12115099999.csv,3606920,3.44 MiB,True
12119599999,12119599999.csv,5735554,5.47 MiB,True
12120099999,12120099999.csv,3730939,3.56 MiB,True
12122099999,12122099999.csv,96565,94.30 KiB,True
12124099999,12124099999.csv,10926861,10.42 MiB,True
12125099999,12125099999.csv,3071917,2.93 MiB,True
12135099999,12135099999.csv,3428735,3.27 MiB,True
12136099999,12136099999.csv,10829029,10.33 MiB,True
12142099999,12142099999.csv,10795144,10.30 MiB,True
12146099999,12146099999.csv,8835028,8.43 MiB,True
12150099999,12150099999.csv,5832126,5.56 MiB,True
12155099999,12155099999.csv,3448534,3.29 MiB,True
12160099999,12160099999.csv,3399305,3.24 MiB,True
12185099999,12185099999.csv,3353823,3.20 MiB,True
12195099999,12195099999.csv,3458084,3.30 MiB,True
12200099999,12200099999.csv,3445542,3.29 MiB,True
12205099999,12205099999.csv,9319274,8.89 MiB,True
12210099999,12210099999.csv,2955501,2.82 MiB,True
12212099999,12212099999.csv,10092905,9.63 MiB,True
12215099999,12215099999.csv,2481776,2.37 MiB,True
12225099999,12225099999.csv,2373180,2.26 MiB,True
12226099999,12226099999.csv,10241649,9.77 MiB,True
12235099999,12235099999.csv,3482983,3.32 MiB,True
12250099999,12250099999.csv,3563338,3.40 MiB,True
12270099999,12270099999.csv,3647105,3.48 MiB,True
12272099999,12272099999.csv,3387354,3.23 MiB,True
12280099999,12280099999.csv,3637063,3.47 MiB,True
12285099999,12285099999.csv,2604861,2.48 MiB,True
12295099999,12295099999.csv,3317586,3.16 MiB,True
12300099999,12300099999.csv,3489522,3.33 MiB,True
12310099999,12310099999.csv,3550252,3.39 MiB,True
12312099999,12312099999.csv,4181721,3.99 MiB,True
12326099999,12326099999.csv,9815457,9.36 MiB,True
12330099999,12330099999.csv,9425539,8.99 MiB,True
12336099999,12336099999.csv,9786080,9.33 MiB,True
12345099999,12345099999.csv,2690052,2.57 MiB,True
12360099999,12360099999.csv,2968257,2.83 MiB,True
12375099999,12375099999.csv,9595695,9.15 MiB,True
12376099999,12376099999.csv,10449491,9.97 MiB,True
12376499999,12376499999.csv,6545,6.39 KiB,True
12376599999,12376599999.csv,9938214,9.48 MiB,True
12376799999,12376799999.csv,5482883,5.23 MiB,True
12385099999,12385099999.csv,3593761,3.43 MiB,True
12399099999,12399099999.csv,3380423,3.22 MiB,True
12400099999,12400099999.csv,3720362,3.55 MiB,True
12415099999,12415099999.csv,3321847,3.17 MiB,True
12424099999,12424099999.csv,9834804,9.38 MiB,True
12435099999,12435099999.csv,3562803,3.40 MiB,True
12452099999,12452099999.csv,620,620.00 B,True
12454099999,12454099999.csv,9825687,9.37 MiB,True
12455099999,12455099999.csv,3407022,3.25 MiB,True
12465099999,12465099999.csv,634,634.00 B,True
12469099999,12469099999.csv,3349435,3.19 MiB,True
12488099999,12488099999.csv,3525931,3.36 MiB,True
12490099999,12490099999.csv,9585168,9.14 MiB,True
12495099999,12495099999.csv,3493137,3.33 MiB,True
12497099999,12497099999.csv,3580571,3.41 MiB,True
12500099999,12500099999.csv,3655387,3.49 MiB,True
12510099999,12510099999.csv,4022046,3.84 MiB,True
12520099999,12520099999.csv,3700488,3.53 MiB,True
12530099999,12530099999.csv,3359967,3.20 MiB,True
12540099999,12540099999.csv,3604019,3.44 MiB,True
12550099999,12550099999.csv,3082050,2.94 MiB,True
12560099999,12560099999.csv,9686863,9.24 MiB,True
12566099999,12566099999.csv,9889034,9.43 MiB,True
12570099999,12570099999.csv,3395595,3.24 MiB,True
12575099999,12575099999.csv,3149281,3.00 MiB,True
12580099999,12580099999.csv,9584890,9.14 MiB,True
12585099999,12585099999.csv,3088185,2.95 MiB,True
12595099999,12595099999.csv,3356693,3.20 MiB,True
12600099999,12600099999.csv,3719919,3.55 MiB,True
12625099999,12625099999.csv,3524398,3.36 MiB,True
12650099999,12650099999.csv,4061106,3.87 MiB,True
12660099999,12660099999.csv,3027819,2.89 MiB,True
12670099999,12670099999.csv,3456370,3.30 MiB,True
12690099999,12690099999.csv,3431934,3.27 MiB,True
12695099999,12695099999.csv,2446228,2.33 MiB,True
12756099999,12756099999.csv,2267724,2.16 MiB,True
12766099999,12766099999.csv,2063654,1.97 MiB,True
12772099999,12772099999.csv,2404120,2.29 MiB,True
12778099999,12778099999.csv,585,585.00 B,True
12786099999,12786099999.csv,2214796,2.11 MiB,True
12805099999,12805099999.csv,2065008,1.97 MiB,True
12812099999,12812099999.csv,2394672,2.28 MiB,True
12815099999,12815099999.csv,2180855,2.08 MiB,True
12822099999,12822099999.csv,8086725,7.71 MiB,True
12825099999,12825099999.csv,6051113,5.77 MiB,True
12830099999,12830099999.csv,2275491,2.17 MiB,True
12836099999,12836099999.csv,2039945,1.95 MiB,True
12839099999,12839099999.csv,5967804,5.69 MiB,True
12840099999,12840099999.csv,1110869,1.06 MiB,True
12843099999,12843099999.csv,2759261,2.63 MiB,True
12846099999,12846099999.csv,2094613,2.00 MiB,True
12847099999,12847099999.csv,2000167,1.91 MiB,True
12851099999,12851099999.csv,2247264,2.14 MiB,True
12860099999,12860099999.csv,8634840,8.23 MiB,True
12860599999,12860599999.csv,5855715,5.58 MiB,True
12866099999,12866099999.csv,2073529,1.98 MiB,True
12870099999,12870099999.csv,1782424,1.70 MiB,True
12882099999,12882099999.csv,8258798,7.88 MiB,True
12892099999,12892099999.csv,2455913,2.34 MiB,True
12910099999,12910099999.csv,2366324,2.26 MiB,True
12915099999,12915099999.csv,2192060,2.09 MiB,True
12920099999,12920099999.csv,1067560,1.02 MiB,True
12922099999,12922099999.csv,2131288,2.03 MiB,True
12925099999,12925099999.csv,2137124,2.04 MiB,True
12930099999,12930099999.csv,2263506,2.16 MiB,True
12935099999,12935099999.csv,2234270,2.13 MiB,True
12942099999,12942099999.csv,8424868,8.03 MiB,True
12950099999,12950099999.csv,2188192,2.09 MiB,True
12960099999,12960099999.csv,2240639,2.14 MiB,True
12970099999,12970099999.csv,9097694,8.68 MiB,True
12982099999,12982099999.csv,2112229,2.01 MiB,True
12992099999,12992099999.csv,2447900,2.33 MiB,True
13014599999,13014599999.csv,5984452,5.71 MiB,True
13067099999,13067099999.csv,1143103,1.09 MiB,True
13116099999,13116099999.csv,6637039,6.33 MiB,True
13160099999,13160099999.csv,1178957,1.12 MiB,True
13168099999,13168099999.csv,1263252,1.20 MiB,True
13173099999,13173099999.csv,1122037,1.07 MiB,True
13174099999,13174099999.csv,1071883,1.02 MiB,True
13180099999,13180099999.csv,1223469,1.17 MiB,True
13183099999,13183099999.csv,6670096,6.36 MiB,True
13242099999,13242099999.csv,5630592,5.37 MiB,True
13262099999,13262099999.csv,1174357,1.12 MiB,True
13266099999,13266099999.csv,1195017,1.14 MiB,True
13269099999,13269099999.csv,1186527,1.13 MiB,True
13272099999,13272099999.csv,6779644,6.47 MiB,True
13272599999,13272599999.csv,5493988,5.24 MiB,True
13274099999,13274099999.csv,1166112,1.11 MiB,True
13278099999,13278099999.csv,1188452,1.13 MiB,True
13279099999,13279099999.csv,1249118,1.19 MiB,True
13285099999,13285099999.csv,1231250,1.17 MiB,True
13289099999,13289099999.csv,1245217,1.19 MiB,True
13295099999,13295099999.csv,1121704,1.07 MiB,True
13348099999,13348099999.csv,5807361,5.54 MiB,True
13353099999,13353099999.csv,5983279,5.71 MiB,True
13363099999,13363099999.csv,2263055,2.16 MiB,True
13367099999,13367099999.csv,1202042,1.15 MiB,True
13369099999,13369099999.csv,1295197,1.24 MiB,True
13370099999,13370099999.csv,1261643,1.20 MiB,True
13376099999,13376099999.csv,7034794,6.71 MiB,True
13378099999,13378099999.csv,1284044,1.22 MiB,True
13383099999,13383099999.csv,1108451,1.06 MiB,True
13384099999,13384099999.csv,1225393,1.17 MiB,True
13388099999,13388099999.csv,7125478,6.80 MiB,True
13389099999,13389099999.csv,1210964,1.15 MiB,True
13397099999,13397099999.csv,1205830,1.15 MiB,True
13457099999,13457099999.csv,7510833,7.16 MiB,True
13459099999,13459099999.csv,2467368,2.35 MiB,True
13461099999,13461099999.csv,2913131,2.78 MiB,True
13461599999,13461599999.csv,706782,690.22 KiB,True
13462099999,13462099999.csv,1898891,1.81 MiB,True
13462499999,13462499999.csv,6135874,5.85 MiB,True
13463099999,13463099999.csv,3046341,2.91 MiB,True
13481199999,13481199999.csv,5756799,5.49 MiB,True
13489099999,13489099999.csv,1092594,1.04 MiB,True
13493099999,13493099999.csv,1724231,1.64 MiB,True
13571099999,13571099999.csv,2320252,2.21 MiB,True
13575099999,13575099999.csv,1201338,1.15 MiB,True
13576099999,13576099999.csv,2227923,2.12 MiB,True
13577099999,13577099999.csv,2256136,2.15 MiB,True
13578099999,13578099999.csv,5158666,4.92 MiB,True
13580099999,13580099999.csv,1341221,1.28 MiB,True
13581099999,13581099999.csv,2644420,2.52 MiB,True
13583099999,13583099999.csv,1679869,1.60 MiB,True
13585099999,13585099999.csv,1868282,1.78 MiB,True
13586099999,13586099999.csv,7002842,6.68 MiB,True
13588099999,13588099999.csv,2202923,2.10 MiB,True
13590099999,13590099999.csv,1231831,1.17 MiB,True
13591099999,13591099999.csv,1704314,1.63 MiB,True
13592099999,13592099999.csv,1472546,1.40 MiB,True
13593099999,13593099999.csv,2209909,2.11 MiB,True
13594099999,13594099999.csv,2394472,2.28 MiB,True
13595099999,13595099999.csv,2500575,2.38 MiB,True
13597099999,13597099999.csv,2295628,2.19 MiB,True
13598099999,13598099999.csv,1641823,1.57 MiB,True
13599099999,13599099999.csv,1333618,1.27 MiB,True
13600099999,13600099999.csv,1040497,1016.11 KiB,True
13601099999,13601099999.csv,1159666,1.11 MiB,True
13610099999,13610099999.csv,1165072,1.11 MiB,True
13611099999,13611099999.csv,1035298,1011.03 KiB,True
13615099999,13615099999.csv,5774821,5.51 MiB,True
13619099999,13619099999.csv,1150271,1.10 MiB,True
13622099999,13622099999.csv,988549,965.38 KiB,True
13623099999,13623099999.csv,1095408,1.04 MiB,True
13624099999,13624099999.csv,1112705,1.06 MiB,True
13625099999,13625099999.csv,1080886,1.03 MiB,True
13629099999,13629099999.csv,1124871,1.07 MiB,True
14006099999,14006099999.csv,2018087,1.92 MiB,True
14007099999,14007099999.csv,2006349,1.91 MiB,True
14008099999,14008099999.csv,3403229,3.25 MiB,True
14009099999,14009099999.csv,1849657,1.76 MiB,True
14010099999,14010099999.csv,2549012,2.43 MiB,True
14012099999,14012099999.csv,1991136,1.90 MiB,True
14014099999,14014099999.csv,9936664,9.48 MiB,True
14015099999,14015099999.csv,3381432,3.22 MiB,True
14021099999,14021099999.csv,2719980,2.59 MiB,True
14023099999,14023099999.csv,2389286,2.28 MiB,True
14024099999,14024099999.csv,3097655,2.95 MiB,True
14026099999,14026099999.csv,9381674,8.95 MiB,True
14031099999,14031099999.csv,2932807,2.80 MiB,True
14105099999,14105099999.csv,9325723,8.89 MiB,True
14106099999,14106099999.csv,3189280,3.04 MiB,True
14112099999,14112099999.csv,2803994,2.67 MiB,True
14118099999,14118099999.csv,1944070,1.85 MiB,True
14120099999,14120099999.csv,2483691,2.37 MiB,True
14121099999,14121099999.csv,2964552,2.83 MiB,True
14122099999,14122099999.csv,3405164,3.25 MiB,True
14216099999,14216099999.csv,2428882,2.32 MiB,True
14219099999,14219099999.csv,2617300,2.50 MiB,True
14232099999,14232099999.csv,2672464,2.55 MiB,True
14234099999,14234099999.csv,2553253,2.43 MiB,True
14235099999,14235099999.csv,2841894,2.71 MiB,True
14236099999,14236099999.csv,1526582,1.46 MiB,True
14240099999,14240099999.csv,2790434,2.66 MiB,True
14241099999,14241099999.csv,7019336,6.69 MiB,True
14244099999,14244099999.csv,2443012,2.33 MiB,True
14246099999,14246099999.csv,2702395,2.58 MiB,True
14248099999,14248099999.csv,2447480,2.33 MiB,True
14253099999,14253099999.csv,2585860,2.47 MiB,True
14253199999,14253199999.csv,566406,553.13 KiB,True
14256099999,14256099999.csv,2665761,2.54 MiB,True
14258099999,14258099999.csv,2489841,2.37 MiB,True
14280099999,14280099999.csv,2712933,2.59 MiB,True
14284099999,14284099999.csv,6602598,6.30 MiB,True
14307099999,14307099999.csv,6823958,6.51 MiB,True
14308099999,14308099999.csv,2101522,2.00 MiB,True
14314099999,14314099999.csv,2501371,2.39 MiB,True
14321099999,14321099999.csv,2509045,2.39 MiB,True
14323099999,14323099999.csv,2584887,2.47 MiB,True
14324099999,14324099999.csv,2404786,2.29 MiB,True
14328099999,14328099999.csv,2582241,2.46 MiB,True
14330099999,14330099999.csv,2464761,2.35 MiB,True
14370099999,14370099999.csv,2783200,2.65 MiB,True
14382099999,14382099999.csv,2605162,2.48 MiB,True
14428099999,14428099999.csv,2750146,2.62 MiB,True
14431099999,14431099999.csv,6949347,6.63 MiB,True
14438099999,14438099999.csv,2591009,2.47 MiB,True
14441099999,14441099999.csv,1546368,1.47 MiB,True
14442099999,14442099999.csv,2122838,2.02 MiB,True
14443099999,14443099999.csv,993801,970.51 KiB,True
14444099999,14444099999.csv,6850087,6.53 MiB,True
14445099999,14445099999.csv,2877409,2.74 MiB,True
14446099999,14446099999.csv,648668,633.46 KiB,True
14447099999,14447099999.csv,2136703,2.04 MiB,True
14452099999,14452099999.csv,2065476,1.97 MiB,True
14454099999,14454099999.csv,1838605,1.75 MiB,True
14462099999,14462099999.csv,2381898,2.27 MiB,True
14472099999,14472099999.csv,2653263,2.53 MiB,True
14474099999,14474099999.csv,6907694,6.59 MiB,True
14528099999,14528099999.csv,1399742,1.33 MiB,True
14537099999,14537099999.csv,1333224,1.27 MiB,True
14542099999,14542099999.csv,2033265,1.94 MiB,True
14544099999,14544099999.csv,1070633,1.02 MiB,True
14549099999,14549099999.csv,2600253,2.48 MiB,True
14554099999,14554099999.csv,1135293,1.08 MiB,True
14557099999,14557099999.csv,8668749,8.27 MiB,True
14640099999,14640099999.csv,1394789,1.33 MiB,True
14648099999,14648099999.csv,2166341,2.07 MiB,True
14650099999,14650099999.csv,1440652,1.37 MiB,True
14652099999,14652099999.csv,2142198,2.04 MiB,True
14654099999,14654099999.csv,3115271,2.97 MiB,True
14657099999,14657099999.csv,2541956,2.42 MiB,True
15000099999,15000099999.csv,3862126,3.68 MiB,True
15000199999,15000199999.csv,1336,1.30 KiB,True
15000299999,15000299999.csv,1384,1.35 KiB,True
15004099999,15004099999.csv,2786073,2.66 MiB,True
15007099999,15007099999.csv,2980553,2.84 MiB,True
15010099999,15010099999.csv,9552720,9.11 MiB,True
15014099999,15014099999.csv,10651597,10.16 MiB,True
15015099999,15015099999.csv,3569743,3.40 MiB,True
15020099999,15020099999.csv,3458909,3.30 MiB,True
15023099999,15023099999.csv,9542388,9.10 MiB,True
15025099999,15025099999.csv,3148498,3.00 MiB,True
15033099999,15033099999.csv,3106385,2.96 MiB,True
15042099999,15042099999.csv,3110179,2.97 MiB,True
15044099999,15044099999.csv,2349849,2.24 MiB,True
15047099999,15047099999.csv,3236506,3.09 MiB,True
15056099999,15056099999.csv,3655770,3.49 MiB,True
15063099999,15063099999.csv,3318158,3.16 MiB,True
15069099999,15069099999.csv,3404754,3.25 MiB,True
15073099999,15073099999.csv,3697284,3.53 MiB,True
15080099999,15080099999.csv,9236632,8.81 MiB,True
15083099999,15083099999.csv,3509045,3.35 MiB,True
15085099999,15085099999.csv,3860961,3.68 MiB,True
15088099999,15088099999.csv,3759170,3.59 MiB,True
15090099999,15090099999.csv,9645763,9.20 MiB,True
15094099999,15094099999.csv,3564123,3.40 MiB,True
15095099999,15095099999.csv,2379987,2.27 MiB,True
15099099999,15099099999.csv,3002647,2.86 MiB,True
15107099999,15107099999.csv,3919511,3.74 MiB,True
15108099999,15108099999.csv,3953942,3.77 MiB,True
15109099999,15109099999.csv,3252353,3.10 MiB,True
15111099999,15111099999.csv,3016636,2.88 MiB,True
15113099999,15113099999.csv,3513182,3.35 MiB,True
15117099999,15117099999.csv,3055174,2.91 MiB,True
15118099999,15118099999.csv,3468138,3.31 MiB,True
15119099999,15119099999.csv,3806901,3.63 MiB,True
15120099999,15120099999.csv,10191049,9.72 MiB,True
15123099999,15123099999.csv,3273829,3.12 MiB,True
15124099999,15124099999.csv,2412884,2.30 MiB,True
15127099999,15127099999.csv,3273700,3.12 MiB,True
15136099999,15136099999.csv,3971623,3.79 MiB,True
15138099999,15138099999.csv,3539889,3.38 MiB,True
15143099999,15143099999.csv,2808047,2.68 MiB,True
15145099999,15145099999.csv,10373178,9.89 MiB,True
15148099999,15148099999.csv,3725212,3.55 MiB,True
15150099999,15150099999.csv,9247255,8.82 MiB,True
15154099999,15154099999.csv,3585050,3.42 MiB,True
15160099999,15160099999.csv,3696096,3.52 MiB,True
15162099999,15162099999.csv,3660304,3.49 MiB,True
15163099999,15163099999.csv,3062413,2.92 MiB,True
15165099999,15165099999.csv,4141900,3.95 MiB,True
15168099999,15168099999.csv,3224305,3.07 MiB,True
15170099999,15170099999.csv,3616631,3.45 MiB,True
15179099999,15179099999.csv,2153504,2.05 MiB,True
15182099999,15182099999.csv,2825856,2.69 MiB,True
15184099999,15184099999.csv,3458160,3.30 MiB,True
15189099999,15189099999.csv,3147835,3.00 MiB,True
15194099999,15194099999.csv,3185854,3.04 MiB,True
15197099999,15197099999.csv,3213688,3.06 MiB,True
15199099999,15199099999.csv,2994134,2.86 MiB,True
15200099999,15200099999.csv,9157072,8.73 MiB,True
15204099999,15204099999.csv,2331881,2.22 MiB,True
15206099999,15206099999.csv,2261837,2.16 MiB,True
15208099999,15208099999.csv,3356457,3.20 MiB,True
15209099999,15209099999.csv,2913936,2.78 MiB,True
15215099999,15215099999.csv,3615112,3.45 MiB,True
15217099999,15217099999.csv,3736741,3.56 MiB,True
15219099999,15219099999.csv,2457659,2.34 MiB,True
15230099999,15230099999.csv,3907089,3.73 MiB,True
15231099999,15231099999.csv,3833377,3.66 MiB,True
15235099999,15235099999.csv,2963844,2.83 MiB,True
15238099999,15238099999.csv,2880821,2.75 MiB,True
15245099999,15245099999.csv,2781582,2.65 MiB,True
15247099999,15247099999.csv,9307199,8.88 MiB,True
15254099999,15254099999.csv,3427093,3.27 MiB,True
15260099999,15260099999.csv,9530949,9.09 MiB,True
15261099999,15261099999.csv,3756981,3.58 MiB,True
15262099999,15262099999.csv,3303365,3.15 MiB,True
15264099999,15264099999.csv,3684578,3.51 MiB,True
15265099999,15265099999.csv,3360473,3.20 MiB,True
15270099999,15270099999.csv,3137434,2.99 MiB,True
15277099999,15277099999.csv,2400879,2.29 MiB,True
15279099999,15279099999.csv,3481331,3.32 MiB,True
15280099999,15280099999.csv,3918318,3.74 MiB,True
15284099999,15284099999.csv,3324658,3.17 MiB,True
15285099999,15285099999.csv,3480960,3.32 MiB,True
15289099999,15289099999.csv,3505298,3.34 MiB,True
15292099999,15292099999.csv,3379882,3.22 MiB,True
15296099999,15296099999.csv,3753537,3.58 MiB,True
15297099999,15297099999.csv,2427241,2.31 MiB,True
15300099999,15300099999.csv,3989525,3.80 MiB,True
15301099999,15301099999.csv,4035458,3.85 MiB,True
15302099999,15302099999.csv,3017553,2.88 MiB,True
15307099999,15307099999.csv,2824035,2.69 MiB,True
15310099999,15310099999.csv,4002340,3.82 MiB,True
15314099999,15314099999.csv,3332164,3.18 MiB,True
15315099999,15315099999.csv,3925194,3.74 MiB,True
15316099999,15316099999.csv,2833517,2.70 MiB,True
15317099999,15317099999.csv,3726817,3.55 MiB,True
15319099999,15319099999.csv,2893579,2.76 MiB,True
15320099999,15320099999.csv,3385612,3.23 MiB,True
15324099999,15324099999.csv,3648038,3.48 MiB,True
15325099999,15325099999.csv,3519257,3.36 MiB,True
15328099999,15328099999.csv,3025126,2.88 MiB,True
15333099999,15333099999.csv,2989483,2.85 MiB,True
15335099999,15335099999.csv,9470452,9.03 MiB,True
15336099999,15336099999.csv,3249308,3.10 MiB,True
15337099999,15337099999.csv,3063063,2.92 MiB,True
15338099999,15338099999.csv,3312445,3.16 MiB,True
15340099999,15340099999.csv,3438674,3.28 MiB,True
15341099999,15341099999.csv,3404285,3.25 MiB,True
15344099999,15344099999.csv,3906999,3.73 MiB,True
15345099999,15345099999.csv,2889499,2.76 MiB,True
15346099999,15346099999.csv,3958334,3.77 MiB,True
15347099999,15347099999.csv,3266630,3.12 MiB,True
15349099999,15349099999.csv,3294462,3.14 MiB,True
15350099999,15350099999.csv,3458576,3.30 MiB,True
15360099999,15360099999.csv,3684123,3.51 MiB,True
15364099999,15364099999.csv,2877947,2.74 MiB,True
15366099999,15366099999.csv,3766425,3.59 MiB,True
15369099999,15369099999.csv,3601471,3.43 MiB,True
15373099999,15373099999.csv,3897247,3.72 MiB,True
15375099999,15375099999.csv,3967483,3.78 MiB,True
15377099999,15377099999.csv,3060532,2.92 MiB,True
15387099999,15387099999.csv,3361849,3.21 MiB,True
15388099999,15388099999.csv,2989247,2.85 MiB,True
15395099999,15395099999.csv,3614962,3.45 MiB,True
15402099999,15402099999.csv,2938267,2.80 MiB,True
15405099999,15405099999.csv,3321172,3.17 MiB,True
15406099999,15406099999.csv,2851444,2.72 MiB,True
15408099999,15408099999.csv,2596683,2.48 MiB,True
15409099999,15409099999.csv,3256052,3.11 MiB,True
15410099999,15410099999.csv,3921612,3.74 MiB,True
15412099999,15412099999.csv,2919056,2.78 MiB,True
15416099999,15416099999.csv,3724241,3.55 MiB,True
15419099999,15419099999.csv,3446256,3.29 MiB,True
15420099999,15420099999.csv,9130518,8.71 MiB,True
15421099999,15421099999.csv,9208097,8.78 MiB,True
15421599999,15421599999.csv,94593,92.38 KiB,True
15422099999,15422099999.csv,3772471,3.60 MiB,True
15425099999,15425099999.csv,3259885,3.11 MiB,True
15428099999,15428099999.csv,3426819,3.27 MiB,True
15434099999,15434099999.csv,3305981,3.15 MiB,True
15444099999,15444099999.csv,2928320,2.79 MiB,True
15445099999,15445099999.csv,3546472,3.38 MiB,True
15450099999,15450099999.csv,9597601,9.15 MiB,True
15455099999,15455099999.csv,3555249,3.39 MiB,True
15460099999,15460099999.csv,3156709,3.01 MiB,True
15462099999,15462099999.csv,3883989,3.70 MiB,True
15465099999,15465099999.csv,3033866,2.89 MiB,True
15469099999,15469099999.csv,3724359,3.55 MiB,True
15470099999,15470099999.csv,3261890,3.11 MiB,True
15475099999,15475099999.csv,2940157,2.80 MiB,True
15479099999,15479099999.csv,2893848,2.76 MiB,True
15480099999,15480099999.csv,4104357,3.91 MiB,True
15481099999,15481099999.csv,5607318,5.35 MiB,True
15482099999,15482099999.csv,3301912,3.15 MiB,True
15489099999,15489099999.csv,3763446,3.59 MiB,True
15490099999,15490099999.csv,3367445,3.21 MiB,True
15491099999,15491099999.csv,3672869,3.50 MiB,True
15493199999,15493199999.csv,1423,1.39 KiB,True
15494099999,15494099999.csv,3413307,3.26 MiB,True
15498099999,15498099999.csv,3402463,3.24 MiB,True
15499099999,15499099999.csv,3421601,3.26 MiB,True
15502099999,15502099999.csv,1252107,1.19 MiB,True
15525099999,15525099999.csv,1260225,1.20 MiB,True
15525399999,15525399999.csv,6424017,6.13 MiB,True
15525499999,15525499999.csv,2860633,2.73 MiB,True
15525599999,15525599999.csv,2846400,2.71 MiB,True
15525699999,15525699999.csv,2983605,2.85 MiB,True
15525799999,15525799999.csv,666609,650.99 KiB,True
15549099999,15549099999.csv,1257865,1.20 MiB,True
15552099999,15552099999.csv,7478401,7.13 MiB,True
15600099999,15600099999.csv,1424965,1.36 MiB,True
15614099999,15614099999.csv,7653487,7.30 MiB,True
15615099999,15615099999.csv,1436004,1.37 MiB,True
15625099999,15625099999.csv,6246896,5.96 MiB,True
15640099999,15640099999.csv,1290837,1.23 MiB,True
15655099999,15655099999.csv,7573364,7.22 MiB,True
15712099999,15712099999.csv,1305551,1.25 MiB,True
15730099999,15730099999.csv,1352252,1.29 MiB,True
16008099999,16008099999.csv,3220344,3.07 MiB,True
16008399999,16008399999.csv,2659985,2.54 MiB,True
16020099999,16020099999.csv,3213345,3.06 MiB,True
16021099999,16021099999.csv,5583754,5.33 MiB,True
16022099999,16022099999.csv,6953154,6.63 MiB,True
16033099999,16033099999.csv,5497311,5.24 MiB,True
16036099999,16036099999.csv,4317495,4.12 MiB,True
16040099999,16040099999.csv,1918482,1.83 MiB,True
16045099999,16045099999.csv,6835600,6.52 MiB,True
16052099999,16052099999.csv,2356701,2.25 MiB,True
16054099999,16054099999.csv,3660712,3.49 MiB,True
16059099999,16059099999.csv,6879889,6.56 MiB,True
16059599999,16059599999.csv,1190706,1.14 MiB,True
16061099999,16061099999.csv,4697888,4.48 MiB,True
16064099999,16064099999.csv,2722255,2.60 MiB,True
16066099999,16066099999.csv,6694379,6.38 MiB,True
16076099999,16076099999.csv,7060825,6.73 MiB,True
16080099999,16080099999.csv,6842071,6.53 MiB,True
16084099999,16084099999.csv,3474436,3.31 MiB,True
16088099999,16088099999.csv,6736028,6.42 MiB,True
16089099999,16089099999.csv,1675307,1.60 MiB,True
16090099999,16090099999.csv,6858001,6.54 MiB,True
16095099999,16095099999.csv,818010,798.84 KiB,True
16098099999,16098099999.csv,6873920,6.56 MiB,True
16099099999,16099099999.csv,6600260,6.29 MiB,True
16101099999,16101099999.csv,3037346,2.90 MiB,True
16105099999,16105099999.csv,6814689,6.50 MiB,True
16108099999,16108099999.csv,7443495,7.10 MiB,True
16110099999,16110099999.csv,5328730,5.08 MiB,True
16111099999,16111099999.csv,3146211,3.00 MiB,True
16114099999,16114099999.csv,206679,201.83 KiB,True
16115099999,16115099999.csv,178078,173.90 KiB,True
16119099999,16119099999.csv,2672680,2.55 MiB,True
16120099999,16120099999.csv,6893772,6.57 MiB,True
16121099999,16121099999.csv,1083730,1.03 MiB,True
16122099999,16122099999.csv,1424943,1.36 MiB,True
16124099999,16124099999.csv,451,451.00 B,True
16125099999,16125099999.csv,1641442,1.57 MiB,True
16129099999,16129099999.csv,1027877,1003.79 KiB,True
16132099999,16132099999.csv,6468,6.32 KiB,True
16133099999,16133099999.csv,22532,22.00 KiB,True
16134099999,16134099999.csv,5147256,4.91 MiB,True
16138099999,16138099999.csv,2793907,2.66 MiB,True
16140099999,16140099999.csv,6461511,6.16 MiB,True
16146099999,16146099999.csv,4899910,4.67 MiB,True
16147099999,16147099999.csv,1896157,1.81 MiB,True
16148099999,16148099999.csv,6450856,6.15 MiB,True
16149099999,16149099999.csv,6821710,6.51 MiB,True
16153099999,16153099999.csv,3655378,3.49 MiB,True
16158099999,16158099999.csv,9073918,8.65 MiB,True
16168099999,16168099999.csv,2703750,2.58 MiB,True
16170099999,16170099999.csv,6782317,6.47 MiB,True
16171099999,16171099999.csv,783933,765.56 KiB,True
16172099999,16172099999.csv,5646468,5.38 MiB,True
16179099999,16179099999.csv,6823588,6.51 MiB,True
16181099999,16181099999.csv,6027891,5.75 MiB,True
16190099999,16190099999.csv,11426,11.16 KiB,True
16191099999,16191099999.csv,6955592,6.63 MiB,True
16192099999,16192099999.csv,308643,301.41 KiB,True
16197099999,16197099999.csv,3607124,3.44 MiB,True
16206099999,16206099999.csv,6779711,6.47 MiB,True
16214099999,16214099999.csv,3060482,2.92 MiB,True
16215099999,16215099999.csv,2668085,2.54 MiB,True
16216099999,16216099999.csv,3958718,3.78 MiB,True
16217099999,16217099999.csv,1670688,1.59 MiB,True
16219099999,16219099999.csv,5242475,5.00 MiB,True
16221099999,16221099999.csv,1106157,1.05 MiB,True
16224099999,16224099999.csv,6143505,5.86 MiB,True
16227099999,16227099999.csv,1678648,1.60 MiB,True
16230099999,16230099999.csv,6935363,6.61 MiB,True
16231099999,16231099999.csv,5913973,5.64 MiB,True
16232099999,16232099999.csv,3574979,3.41 MiB,True
16234099999,16234099999.csv,2485516,2.37 MiB,True
16235099999,16235099999.csv,1303493,1.24 MiB,True
16239099999,16239099999.csv,6525066,6.22 MiB,True
16242099999,16242099999.csv,6614040,6.31 MiB,True
16243099999,16243099999.csv,2726964,2.60 MiB,True
16244099999,16244099999.csv,2845602,2.71 MiB,True
16245099999,16245099999.csv,6614328,6.31 MiB,True
16252099999,16252099999.csv,3489540,3.33 MiB,True
16253099999,16253099999.csv,6704558,6.39 MiB,True
16258099999,16258099999.csv,3088187,2.95 MiB,True
16259199999,16259199999.csv,1877588,1.79 MiB,True
16259299999,16259299999.csv,6044954,5.76 MiB,True
16259399999,16259399999.csv,6074786,5.79 MiB,True
16260099999,16260099999.csv,2145542,2.05 MiB,True
16261099999,16261099999.csv,6900248,6.58 MiB,True
16263099999,16263099999.csv,3053987,2.91 MiB,True
16266099999,16266099999.csv,347885,339.73 KiB,True
16270099999,16270099999.csv,6340472,6.05 MiB,True
16271099999,16271099999.csv,1162809,1.11 MiB,True
16280099999,16280099999.csv,5796523,5.53 MiB,True
16288099999,16288099999.csv,1076357,1.03 MiB,True
16289034113,16289034113.csv,6773480,6.46 MiB,True
16292399999,16292399999.csv,1140408,1.09 MiB,True
16294099999,16294099999.csv,5587222,5.33 MiB,True
16310099999,16310099999.csv,6514090,6.21 MiB,True
16312099999,16312099999.csv,6968831,6.65 MiB,True
16314099999,16314099999.csv,2432995,2.32 MiB,True
16316099999,16316099999.csv,835252,815.68 KiB,True
16317099999,16317099999.csv,755369,737.67 KiB,True
16318099999,16318099999.csv,40037,39.10 KiB,True
16320099999,16320099999.csv,6370752,6.08 MiB,True
16324099999,16324099999.csv,1465327,1.40 MiB,True
16325099999,16325099999.csv,5247985,5.00 MiB,True
16332099999,16332099999.csv,6716545,6.41 MiB,True
16337099999,16337099999.csv,3844481,3.67 MiB,True
16344099999,16344099999.csv,3103945,2.96 MiB,True
16344599999,16344599999.csv,2674834,2.55 MiB,True
16350099999,16350099999.csv,1412706,1.35 MiB,True
16360099999,16360099999.csv,4450761,4.24 MiB,True
16362099999,16362099999.csv,7208388,6.87 MiB,True
16364099999,16364099999.csv,3199989,3.05 MiB,True
16400099999,16400099999.csv,3485177,3.32 MiB,True
16405099999,16405099999.csv,6316510,6.02 MiB,True
16415099999,16415099999.csv,3092708,2.95 MiB,True
16416099999,16416099999.csv,1239862,1.18 MiB,True
16420099999,16420099999.csv,3764665,3.59 MiB,True
16422099999,16422099999.csv,7021835,6.70 MiB,True
16429099999,16429099999.csv,6691783,6.38 MiB,True
16434099999,16434099999.csv,2773429,2.64 MiB,True
16436099999,16436099999.csv,229454,224.08 KiB,True
16450099999,16450099999.csv,3677763,3.51 MiB,True
16453099999,16453099999.csv,2369665,2.26 MiB,True
16459099999,16459099999.csv,6646351,6.34 MiB,True
16460099999,16460099999.csv,6588124,6.28 MiB,True
16464099999,16464099999.csv,891717,870.82 KiB,True
16465099999,16465099999.csv,541,541.00 B,True
16470099999,16470099999.csv,1666355,1.59 MiB,True
16475099999,16475099999.csv,5578599,5.32 MiB,True
16480099999,16480099999.csv,3680984,3.51 MiB,True
16490099999,16490099999.csv,6812886,6.50 MiB,True
16520099999,16520099999.csv,6594486,6.29 MiB,True
16522099999,16522099999.csv,5969170,5.69 MiB,True
16531099999,16531099999.csv,6552393,6.25 MiB,True
16532099999,16532099999.csv,1507474,1.44 MiB,True
16539099999,16539099999.csv,2600363,2.48 MiB,True
16541099999,16541099999.csv,2622674,2.50 MiB,True
16542099999,16542099999.csv,1534546,1.46 MiB,True
16546099999,16546099999.csv,6777861,6.46 MiB,True
16550099999,16550099999.csv,6883978,6.57 MiB,True
16560099999,16560099999.csv,6217207,5.93 MiB,True
16564099999,16564099999.csv,4587274,4.37 MiB,True
16597099999,16597099999.csv,7132155,6.80 MiB,True
16599099999,16599099999.csv,4167906,3.97 MiB,True
16606099999,16606099999.csv,1023462,999.47 KiB,True
16613099999,16613099999.csv,853767,833.76 KiB,True
16614099999,16614099999.csv,971620,948.85 KiB,True
16618199999,16618199999.csv,877531,856.96 KiB,True
16622099999,16622099999.csv,7587487,7.24 MiB,True
16624099999,16624099999.csv,5564498,5.31 MiB,True
16627099999,16627099999.csv,6812785,6.50 MiB,True
16632099999,16632099999.csv,5726542,5.46 MiB,True
16641099999,16641099999.csv,7893665,7.53 MiB,True
16642099999,16642099999.csv,6865478,6.55 MiB,True
16642199999,16642199999.csv,3628178,3.46 MiB,True
16643099999,16643099999.csv,6285604,5.99 MiB,True
16648099999,16648099999.csv,4469949,4.26 MiB,True
16650099999,16650099999.csv,5992363,5.71 MiB,True
16665099999,16665099999.csv,4800339,4.58 MiB,True
16665399999,16665399999.csv,1931417,1.84 MiB,True
16667099999,16667099999.csv,5584039,5.33 MiB,True
16675099999,16675099999.csv,795089,776.45 KiB,True
16682099999,16682099999.csv,7309958,6.97 MiB,True
16684099999,16684099999.csv,3166940,3.02 MiB,True
16685099999,16685099999.csv,2929392,2.79 MiB,True
16687099999,16687099999.csv,4731841,4.51 MiB,True
16693199999,16693199999.csv,848359,828.48 KiB,True
16699099999,16699099999.csv,2900693,2.77 MiB,True
16706099999,16706099999.csv,3678568,3.51 MiB,True
16710099999,16710099999.csv,1086121,1.04 MiB,True
16713199999,16713199999.csv,868950,848.58 KiB,True
16715099999,16715099999.csv,1171620,1.12 MiB,True
16716099999,16716099999.csv,970443,947.70 KiB,True
16716199999,16716199999.csv,6407607,6.11 MiB,True
16718099999,16718099999.csv,7249381,6.91 MiB,True
16719099999,16719099999.csv,955153,932.77 KiB,True
16719399999,16719399999.csv,2328931,2.22 MiB,True
16723099999,16723099999.csv,4110579,3.92 MiB,True
16726099999,16726099999.csv,7351496,7.01 MiB,True
16726399999,16726399999.csv,5324194,5.08 MiB,True
16726499999,16726499999.csv,5525863,5.27 MiB,True
16732099999,16732099999.csv,569649,556.30 KiB,True
16734099999,16734099999.csv,470211,459.19 KiB,True
16734199999,16734199999.csv,1283792,1.22 MiB,True
16738099999,16738099999.csv,284985,278.31 KiB,True
16741099999,16741099999.csv,1282040,1.22 MiB,True
16742099999,16742099999.csv,6824155,6.51 MiB,True
16743099999,16743099999.csv,1673560,1.60 MiB,True
16744399999,16744399999.csv,4640082,4.43 MiB,True
16746099999,16746099999.csv,7553760,7.20 MiB,True
16749099999,16749099999.csv,7212290,6.88 MiB,True
16754099999,16754099999.csv,7723835,7.37 MiB,True
16754399999,16754399999.csv,5434024,5.18 MiB,True
16757099999,16757099999.csv,568545,555.22 KiB,True
16760099999,16760099999.csv,1230909,1.17 MiB,True
16765099999,16765099999.csv,1189875,1.13 MiB,True
17020099999,17020099999.csv,1228347,1.17 MiB,True
17022099999,17022099999.csv,2999638,2.86 MiB,True
17022399999,17022399999.csv,787297,768.84 KiB,True
17024099999,17024099999.csv,1183463,1.13 MiB,True
17026099999,17026099999.csv,2406348,2.29 MiB,True
17030099999,17030099999.csv,3495639,3.33 MiB,True
17031099999,17031099999.csv,4786546,4.56 MiB,True
17033099999,17033099999.csv,2038764,1.94 MiB,True
17034099999,17034099999.csv,3516007,3.35 MiB,True
17038099999,17038099999.csv,8251028,7.87 MiB,True
17040099999,17040099999.csv,1154745,1.10 MiB,True
17042099999,17042099999.csv,969644,946.92 KiB,True
17045099999,17045099999.csv,1262111,1.20 MiB,True
17046099999,17046099999.csv,691871,675.66 KiB,True
17050099999,17050099999.csv,1722475,1.64 MiB,True
17052099999,17052099999.csv,1817932,1.73 MiB,True
17054099999,17054099999.csv,6301735,6.01 MiB,True
17056099999,17056099999.csv,2058743,1.96 MiB,True
17059099999,17059099999.csv,1415118,1.35 MiB,True
17060099999,17060099999.csv,7408387,7.07 MiB,True
17061099999,17061099999.csv,1478911,1.41 MiB,True
17063099999,17063099999.csv,8118127,7.74 MiB,True
17064099999,17064099999.csv,3438788,3.28 MiB,True
17066199999,17066199999.csv,3425387,3.27 MiB,True
17067499999,17067499999.csv,3197876,3.05 MiB,True
17068099999,17068099999.csv,1277706,1.22 MiB,True
17069099999,17069099999.csv,3097309,2.95 MiB,True
17070099999,17070099999.csv,1610020,1.54 MiB,True
17072099999,17072099999.csv,1171818,1.12 MiB,True
17074099999,17074099999.csv,2915318,2.78 MiB,True
17080099999,17080099999.csv,1125939,1.07 MiB,True
17082099999,17082099999.csv,8074540,7.70 MiB,True
17084099999,17084099999.csv,1906977,1.82 MiB,True
17085099999,17085099999.csv,1948164,1.86 MiB,True
17086099999,17086099999.csv,3443947,3.28 MiB,True
17088099999,17088099999.csv,1109947,1.06 MiB,True
17089099999,17089099999.csv,1009727,986.06 KiB,True
17090099999,17090099999.csv,4812421,4.59 MiB,True
17092099999,17092099999.csv,4750248,4.53 MiB,True
17095099999,17095099999.csv,3582671,3.42 MiB,True
17096099999,17096099999.csv,8979833,8.56 MiB,True
17098099999,17098099999.csv,4839652,4.62 MiB,True
17098199999,17098199999.csv,1322629,1.26 MiB,True
17099099999,17099099999.csv,2616893,2.50 MiB,True
17100099999,17100099999.csv,3202321,3.05 MiB,True
17100199999,17100199999.csv,3649254,3.48 MiB,True
17112099999,17112099999.csv,4626787,4.41 MiB,True
17115099999,17115099999.csv,4510298,4.30 MiB,True
17116099999,17116099999.csv,3382982,3.23 MiB,True
17117099999,17117099999.csv,320982,313.46 KiB,True
17118099999,17118099999.csv,8095461,7.72 MiB,True
17118599999,17118599999.csv,865051,844.78 KiB,True
17119099999,17119099999.csv,3113777,2.97 MiB,True
17120099999,17120099999.csv,1675319,1.60 MiB,True
17124099999,17124099999.csv,4449698,4.24 MiB,True
17127099999,17127099999.csv,4499139,4.29 MiB,True
17128099999,17128099999.csv,8565819,8.17 MiB,True
17129099999,17129099999.csv,4520260,4.31 MiB,True
17130099999,17130099999.csv,3492709,3.33 MiB,True
17131099999,17131099999.csv,4404088,4.20 MiB,True
17135099999,17135099999.csv,1603333,1.53 MiB,True
17140099999,17140099999.csv,2193561,2.09 MiB,True
17145099999,17145099999.csv,4587253,4.37 MiB,True
17150099999,17150099999.csv,4669141,4.45 MiB,True
17155099999,17155099999.csv,2475476,2.36 MiB,True
17160099999,17160099999.csv,2975414,2.84 MiB,True
17165099999,17165099999.csv,2275951,2.17 MiB,True
17170099999,17170099999.csv,5317961,5.07 MiB,True
17175099999,17175099999.csv,1889056,1.80 MiB,True
17180099999,17180099999.csv,1182781,1.13 MiB,True
17184099999,17184099999.csv,3190702,3.04 MiB,True
17186099999,17186099999.csv,2643061,2.52 MiB,True
17186599999,17186599999.csv,1583572,1.51 MiB,True
17188099999,17188099999.csv,2534964,2.42 MiB,True
17190099999,17190099999.csv,4620671,4.41 MiB,True
17191099999,17191099999.csv,1046338,1021.81 KiB,True
17192099999,17192099999.csv,1098395,1.05 MiB,True
17193099999,17193099999.csv,2106948,2.01 MiB,True
17194099999,17194099999.csv,6310001,6.02 MiB,True
17195099999,17195099999.csv,8089566,7.71 MiB,True
17197099999,17197099999.csv,4304223,4.10 MiB,True
17200099999,17200099999.csv,7668487,7.31 MiB,True
17200599999,17200599999.csv,3642891,3.47 MiB,True
17200699999,17200699999.csv,3248973,3.10 MiB,True
17202099999,17202099999.csv,4659348,4.44 MiB,True
17203099999,17203099999.csv,4219049,4.02 MiB,True
17204099999,17204099999.csv,1013586,989.83 KiB,True
17204399999,17204399999.csv,1885930,1.80 MiB,True
17210099999,17210099999.csv,1130607,1.08 MiB,True
17218099999,17218099999.csv,4443410,4.24 MiB,True
17218999999,17218999999.csv,716866,700.06 KiB,True
17219099999,17219099999.csv,7917999,7.55 MiB,True
17219199999,17219199999.csv,859706,839.56 KiB,True
17220099999,17220099999.csv,3575657,3.41 MiB,True
17221099999,17221099999.csv,1052712,1.00 MiB,True
17232099999,17232099999.csv,4481766,4.27 MiB,True
17234099999,17234099999.csv,5916033,5.64 MiB,True
17237099999,17237099999.csv,2843991,2.71 MiB,True
17237599999,17237599999.csv,4701587,4.48 MiB,True
17238099999,17238099999.csv,2054169,1.96 MiB,True
17239099999,17239099999.csv,2103208,2.01 MiB,True
17240099999,17240099999.csv,3334962,3.18 MiB,True
17241099999,17241099999.csv,7793826,7.43 MiB,True
17244099999,17244099999.csv,4635313,4.42 MiB,True
17246099999,17246099999.csv,1477311,1.41 MiB,True
17248099999,17248099999.csv,1071557,1.02 MiB,True
17250099999,17250099999.csv,1806242,1.72 MiB,True
17255099999,17255099999.csv,3173051,3.03 MiB,True
17260099999,17260099999.csv,7438266,7.09 MiB,True
17262099999,17262099999.csv,1460860,1.39 MiB,True
17265099999,17265099999.csv,3447947,3.29 MiB,True
17270099999,17270099999.csv,1409238,1.34 MiB,True
17271099999,17271099999.csv,7496036,7.15 MiB,True
17275099999,17275099999.csv,3418556,3.26 MiB,True
17280099999,17280099999.csv,7548134,7.20 MiB,True
17282099999,17282099999.csv,8310692,7.93 MiB,True
17282199999,17282199999.csv,3164348,3.02 MiB,True
17285099999,17285099999.csv,1452190,1.38 MiB,True
17290099999,17290099999.csv,1908597,1.82 MiB,True
17291099999,17291099999.csv,7832928,7.47 MiB,True
17292099999,17292099999.csv,3019283,2.88 MiB,True
17295099999,17295099999.csv,7835559,7.47 MiB,True
17296099999,17296099999.csv,1640641,1.56 MiB,True
17297099999,17297099999.csv,1051927,1.00 MiB,True
17298099999,17298099999.csv,2735248,2.61 MiB,True
17300099999,17300099999.csv,8347030,7.96 MiB,True
17302099999,17302099999.csv,3376161,3.22 MiB,True
17310099999,17310099999.csv,2167464,2.07 MiB,True
17320099999,17320099999.csv,2080773,1.98 MiB,True
17330099999,17330099999.csv,1118787,1.07 MiB,True
17340099999,17340099999.csv,2924253,2.79 MiB,True
17350033308,17350033308.csv,7250076,6.91 MiB,True
17352099999,17352099999.csv,7608014,7.26 MiB,True
17355099999,17355099999.csv,2218037,2.12 MiB,True
17370099999,17370099999.csv,2345555,2.24 MiB,True
17372599999,17372599999.csv,3318595,3.16 MiB,True
17375099999,17375099999.csv,2265304,2.16 MiB,True
17380099999,17380099999.csv,1007749,984.13 KiB,True
17500099999,17500099999.csv,1375127,1.31 MiB,True
17501099999,17501099999.csv,3326953,3.17 MiB,True
17505099999,17505099999.csv,3169612,3.02 MiB,True
17507099999,17507099999.csv,1428946,1.36 MiB,True
17510099999,17510099999.csv,2688820,2.56 MiB,True
17515099999,17515099999.csv,3211037,3.06 MiB,True
17530099999,17530099999.csv,3259794,3.11 MiB,True
17535099999,17535099999.csv,3225043,3.08 MiB,True
17540099999,17540099999.csv,2572779,2.45 MiB,True
17547099999,17547099999.csv,2540198,2.42 MiB,True
17550099999,17550099999.csv,3380843,3.22 MiB,True
17600099999,17600099999.csv,7126192,6.80 MiB,True
17601099999,17601099999.csv,9640305,9.19 MiB,True
17607099999,17607099999.csv,366681,358.09 KiB,True
17607499999,17607499999.csv,7510519,7.16 MiB,True
17609099999,17609099999.csv,6579592,6.27 MiB,True
20046099999,20046099999.csv,649632,634.41 KiB,True
20069099999,20069099999.csv,355878,347.54 KiB,True
20087099999,20087099999.csv,1242689,1.19 MiB,True
20107099999,20107099999.csv,1295751,1.24 MiB,True
20292099999,20292099999.csv,1281701,1.22 MiB,True
20471099999,20471099999.csv,1249084,1.19 MiB,True
20476099999,20476099999.csv,1236018,1.18 MiB,True
20667099999,20667099999.csv,1262731,1.20 MiB,True
20674099999,20674099999.csv,1234858,1.18 MiB,True
20744099999,20744099999.csv,1292063,1.23 MiB,True
20871099999,20871099999.csv,1159340,1.11 MiB,True
20891099999,20891099999.csv,1048082,1023.52 KiB,True
20946099999,20946099999.csv,764695,746.77 KiB,True
20967099999,20967099999.csv,1212500,1.16 MiB,True
20978099999,20978099999.csv,1238258,1.18 MiB,True
20982099999,20982099999.csv,813356,794.29 KiB,True
21432099999,21432099999.csv,1244758,1.19 MiB,True
21535099999,21535099999.csv,1200679,1.15 MiB,True
21608099999,21608099999.csv,1154342,1.10 MiB,True
21636099999,21636099999.csv,1175522,1.12 MiB,True
21711099999,21711099999.csv,1212573,1.16 MiB,True
21721099999,21721099999.csv,1168476,1.11 MiB,True
21802099999,21802099999.csv,1083964,1.03 MiB,True
21813099999,21813099999.csv,1167117,1.11 MiB,True
21821099999,21821099999.csv,1168623,1.11 MiB,True
21823099999,21823099999.csv,6023324,5.74 MiB,True
21824099999,21824099999.csv,1245244,1.19 MiB,True
21908099999,21908099999.csv,1143466,1.09 MiB,True
21921099999,21921099999.csv,1173383,1.12 MiB,True
21931099999,21931099999.csv,1088539,1.04 MiB,True
21937099999,21937099999.csv,428365,418.33 KiB,True
21946099999,21946099999.csv,1189974,1.13 MiB,True
21978099999,21978099999.csv,895866,874.87 KiB,True
21982099999,21982099999.csv,1106155,1.05 MiB,True
22003099999,22003099999.csv,1261862,1.20 MiB,True
22004099999,22004099999.csv,1246440,1.19 MiB,True
22028099999,22028099999.csv,1317761,1.26 MiB,True
22101099999,22101099999.csv,1145990,1.09 MiB,True
22106099999,22106099999.csv,1079768,1.03 MiB,True
22113099999,22113099999.csv,7896311,7.53 MiB,True
22127099999,22127099999.csv,1295181,1.24 MiB,True
22165099999,22165099999.csv,1164220,1.11 MiB,True
22193099999,22193099999.csv,1244842,1.19 MiB,True
22212099999,22212099999.csv,1315843,1.25 MiB,True
22213099999,22213099999.csv,1277919,1.22 MiB,True
22217099999,22217099999.csv,1270600,1.21 MiB,True
22235099999,22235099999.csv,1262920,1.20 MiB,True
22249099999,22249099999.csv,1215843,1.16 MiB,True
22271099999,22271099999.csv,1240125,1.18 MiB,True
22292099999,22292099999.csv,1249641,1.19 MiB,True
22312099999,22312099999.csv,1109238,1.06 MiB,True
22324099999,22324099999.csv,1311339,1.25 MiB,True
22334099999,22334099999.csv,1062091,1.01 MiB,True
22349099999,22349099999.csv,1055689,1.01 MiB,True
22365099999,22365099999.csv,1235552,1.18 MiB,True
22383099999,22383099999.csv,1217013,1.16 MiB,True
22408099999,22408099999.csv,1246467,1.19 MiB,True
22413099999,22413099999.csv,1186013,1.13 MiB,True
22429099999,22429099999.csv,1220040,1.16 MiB,True
22438099999,22438099999.csv,913395,891.99 KiB,True
22446099999,22446099999.csv,1173515,1.12 MiB,True
22456099999,22456099999.csv,1112980,1.06 MiB,True
22471099999,22471099999.csv,1224129,1.17 MiB,True
22481099999,22481099999.csv,1077651,1.03 MiB,True
22520099999,22520099999.csv,1185366,1.13 MiB,True
22525099999,22525099999.csv,858859,838.73 KiB,True
22529099999,22529099999.csv,1226417,1.17 MiB,True
22541099999,22541099999.csv,1196227,1.14 MiB,True
22546099999,22546099999.csv,1220596,1.16 MiB,True
22550099999,22550099999.csv,3087587,2.94 MiB,True
22551099999,22551099999.csv,107460,104.94 KiB,True
22559099999,22559099999.csv,833719,814.18 KiB,True
22563099999,22563099999.csv,1111565,1.06 MiB,True
22573099999,22573099999.csv,1206995,1.15 MiB,True
22583099999,22583099999.csv,1164156,1.11 MiB,True
22602099999,22602099999.csv,1219018,1.16 MiB,True
22619099999,22619099999.csv,1228558,1.17 MiB,True
22621099999,22621099999.csv,317456,310.02 KiB,True
22641099999,22641099999.csv,708677,692.07 KiB,True
22648099999,22648099999.csv,1200218,1.14 MiB,True
22656099999,22656099999.csv,1183705,1.13 MiB,True
22671099999,22671099999.csv,1048256,1023.69 KiB,True
22676099999,22676099999.csv,1192331,1.14 MiB,True
22686099999,22686099999.csv,692800,676.56 KiB,True
22695099999,22695099999.csv,1106181,1.05 MiB,True
22717099999,22717099999.csv,331292,323.53 KiB,True
22721099999,22721099999.csv,1218961,1.16 MiB,True
22727099999,22727099999.csv,313487,306.14 KiB,True
22749099999,22749099999.csv,1113422,1.06 MiB,True
22762099999,22762099999.csv,761307,743.46 KiB,True
22768099999,22768099999.csv,1204788,1.15 MiB,True
22778099999,22778099999.csv,1233743,1.18 MiB,True
22798099999,22798099999.csv,1183272,1.13 MiB,True
22802099999,22802099999.csv,1243411,1.19 MiB,True
22805099999,22805099999.csv,1218322,1.16 MiB,True
22820099999,22820099999.csv,6187993,5.90 MiB,True
22831099999,22831099999.csv,1191665,1.14 MiB,True
22837099999,22837099999.csv,1181636,1.13 MiB,True
22845099999,22845099999.csv,1207938,1.15 MiB,True
22854099999,22854099999.csv,1098108,1.05 MiB,True
22867099999,22867099999.csv,1080842,1.03 MiB,True
22869099999,22869099999.csv,1192877,1.14 MiB,True
22876099999,22876099999.csv,1169060,1.11 MiB,True
22887099999,22887099999.csv,1264258,1.21 MiB,True
22889099999,22889099999.csv,1098991,1.05 MiB,True
22892099999,22892099999.csv,1236450,1.18 MiB,True
22912099999,22912099999.csv,1224345,1.17 MiB,True
22913099999,22913099999.csv,1234389,1.18 MiB,True
22917099999,22917099999.csv,1242226,1.18 MiB,True
22925099999,22925099999.csv,1215771,1.16 MiB,True
22939099999,22939099999.csv,973672,950.85 KiB,True
22951099999,22951099999.csv,1096702,1.05 MiB,True
22954099999,22954099999.csv,1048538,1023.96 KiB,True
22974099999,22974099999.csv,768305,750.30 KiB,True
22981099999,22981099999.csv,1218746,1.16 MiB,True
22983099999,22983099999.csv,1333141,1.27 MiB,True
22996099999,22996099999.csv,787075,768.63 KiB,True
23022099999,23022099999.csv,1262758,1.20 MiB,True
23032099999,23032099999.csv,1242035,1.18 MiB,True
23058099999,23058099999.csv,51633,50.42 KiB,True
23078099999,23078099999.csv,1205852,1.15 MiB,True
23112099999,23112099999.csv,1235030,1.18 MiB,True
23114099999,23114099999.csv,1124712,1.07 MiB,True
23174099999,23174099999.csv,546323,533.52 KiB,True
23179099999,23179099999.csv,1145193,1.09 MiB,True
23205099999,23205099999.csv,814229,795.15 KiB,True
23220499999,23220499999.csv,6086605,5.80 MiB,True
23221599999,23221599999.csv,6605114,6.30 MiB,True
23226099999,23226099999.csv,1236508,1.18 MiB,True
23242099999,23242099999.csv,898868,877.80 KiB,True
23256099999,23256099999.csv,1238818,1.18 MiB,True
23274099999,23274099999.csv,1215476,1.16 MiB,True
23305099999,23305099999.csv,1014078,990.31 KiB,True
23324099999,23324099999.csv,1212252,1.16 MiB,True
23330099999,23330099999.csv,1221358,1.16 MiB,True
23339099999,23339099999.csv,629250,614.50 KiB,True
23345099999,23345099999.csv,1220717,1.16 MiB,True
23358099999,23358099999.csv,1271641,1.21 MiB,True
23376099999,23376099999.csv,893303,872.37 KiB,True
23383099999,23383099999.csv,733241,716.06 KiB,True
23405099999,23405099999.csv,1235120,1.18 MiB,True
23412099999,23412099999.csv,1222641,1.17 MiB,True
23418099999,23418099999.csv,1232416,1.18 MiB,True
23426099999,23426099999.csv,1199011,1.14 MiB,True
23431099999,23431099999.csv,1107425,1.06 MiB,True
23443099999,23443099999.csv,991347,968.11 KiB,True
23445099999,23445099999.csv,1201129,1.15 MiB,True
23453099999,23453099999.csv,798762,780.04 KiB,True
23465099999,23465099999.csv,1163498,1.11 MiB,True
23471099999,23471099999.csv,7495729,7.15 MiB,True
23472099999,23472099999.csv,1225109,1.17 MiB,True
23503099999,23503099999.csv,1112388,1.06 MiB,True
23518099999,23518099999.csv,684023,667.99 KiB,True
23527099999,23527099999.csv,1212021,1.16 MiB,True
23552099999,23552099999.csv,493895,482.32 KiB,True
23578099999,23578099999.csv,1230654,1.17 MiB,True
23589099999,23589099999.csv,882548,861.86 KiB,True
23606099999,23606099999.csv,1185111,1.13 MiB,True
23625099999,23625099999.csv,1102804,1.05 MiB,True
23631099999,23631099999.csv,1196310,1.14 MiB,True
23635099999,23635099999.csv,1120028,1.07 MiB,True
23656099999,23656099999.csv,118843,116.06 KiB,True
23657099999,23657099999.csv,1240420,1.18 MiB,True
23662099999,23662099999.csv,1169670,1.12 MiB,True
23678099999,23678099999.csv,1155457,1.10 MiB,True
23699099999,23699099999.csv,951068,928.78 KiB,True
23701099999,23701099999.csv,888013,867.20 KiB,True
23708099999,23708099999.csv,1140314,1.09 MiB,True
23711099999,23711099999.csv,1225006,1.17 MiB,True
23724099999,23724099999.csv,1151090,1.10 MiB,True
23734099999,23734099999.csv,269813,263.49 KiB,True
23741099999,23741099999.csv,1187972,1.13 MiB,True
23748099999,23748099999.csv,1198824,1.14 MiB,True
23758099999,23758099999.csv,1089942,1.04 MiB,True
23774099999,23774099999.csv,791925,773.36 KiB,True
23776099999,23776099999.csv,1165233,1.11 MiB,True
23788099999,23788099999.csv,1161271,1.11 MiB,True
23803099999,23803099999.csv,1186631,1.13 MiB,True
23804099999,23804099999.csv,7112616,6.78 MiB,True
23804599999,23804599999.csv,5995481,5.72 MiB,True
23812099999,23812099999.csv,1049586,1.00 MiB,True
23823099999,23823099999.csv,641865,626.82 KiB,True
23847099999,23847099999.csv,1152298,1.10 MiB,True
23849099999,23849099999.csv,7482886,7.14 MiB,True
23862099999,23862099999.csv,888026,867.21 KiB,True
23867099999,23867099999.csv,1196060,1.14 MiB,True
23884099999,23884099999.csv,1142531,1.09 MiB,True
23891099999,23891099999.csv,1160665,1.11 MiB,True
23909099999,23909099999.csv,852080,832.11 KiB,True
23914099999,23914099999.csv,682522,666.53 KiB,True
23921099999,23921099999.csv,997713,974.33 KiB,True
23929099999,23929099999.csv,1197572,1.14 MiB,True
23933099999,23933099999.csv,7338775,7.00 MiB,True
23939099999,23939099999.csv,762804,744.93 KiB,True
23946099999,23946099999.csv,1153190,1.10 MiB,True
23947099999,23947099999.csv,1087997,1.04 MiB,True
23955099999,23955099999.csv,1245885,1.19 MiB,True
23966099999,23966099999.csv,1186154,1.13 MiB,True
23973099999,23973099999.csv,885881,865.12 KiB,True
23975099999,23975099999.csv,1011298,987.60 KiB,True
23982099999,23982099999.csv,1191120,1.14 MiB,True
23986099999,23986099999.csv,1216317,1.16 MiB,True
23987099999,23987099999.csv,1144792,1.09 MiB,True
23992099999,23992099999.csv,447566,437.08 KiB,True
24076099999,24076099999.csv,1070574,1.02 MiB,True
24125099999,24125099999.csv,420355,410.50 KiB,True
24136099999,24136099999.csv,1157088,1.10 MiB,True
24143099999,24143099999.csv,1099103,1.05 MiB,True
24194099999,24194099999.csv,803986,785.14 KiB,True
24219099999,24219099999.csv,1040390,1016.01 KiB,True
24261099999,24261099999.csv,518023,505.88 KiB,True
24263099999,24263099999.csv,1186875,1.13 MiB,True
24266099999,24266099999.csv,1157052,1.10 MiB,True
24322099999,24322099999.csv,5633874,5.37 MiB,True
24329099999,24329099999.csv,827283,807.89 KiB,True
24338099999,24338099999.csv,1137009,1.08 MiB,True
24343099999,24343099999.csv,1093804,1.04 MiB,True
24371099999,24371099999.csv,1050522,1.00 MiB,True
24382099999,24382099999.csv,1220139,1.16 MiB,True
24449099999,24449099999.csv,1220174,1.16 MiB,True
24462099999,24462099999.csv,1109623,1.06 MiB,True
24477099999,24477099999.csv,1067517,1.02 MiB,True
24507099999,24507099999.csv,1179791,1.13 MiB,True
24525099999,24525099999.csv,1173262,1.12 MiB,True
24538099999,24538099999.csv,1090749,1.04 MiB,True
24557099999,24557099999.csv,1123768,1.07 MiB,True
24585099999,24585099999.csv,1107323,1.06 MiB,True
24588099999,24588099999.csv,1097500,1.05 MiB,True
24606099999,24606099999.csv,1085134,1.03 MiB,True
24639099999,24639099999.csv,1221056,1.16 MiB,True
24641099999,24641099999.csv,1180931,1.13 MiB,True
24643099999,24643099999.csv,1123299,1.07 MiB,True
24644099999,24644099999.csv,1164202,1.11 MiB,True
24652099999,24652099999.csv,1010225,986.55 KiB,True
24656099999,24656099999.csv,1183626,1.13 MiB,True
24661099999,24661099999.csv,1159394,1.11 MiB,True
24668099999,24668099999.csv,1233254,1.18 MiB,True
24671099999,24671099999.csv,850716,830.78 KiB,True
24679099999,24679099999.csv,1150139,1.10 MiB,True
24684099999,24684099999.csv,1143420,1.09 MiB,True
24688099999,24688099999.csv,1218827,1.16 MiB,True
24691099999,24691099999.csv,1132072,1.08 MiB,True
24724099999,24724099999.csv,1144657,1.09 MiB,True
24725099999,24725099999.csv,1156206,1.10 MiB,True
24726099999,24726099999.csv,6164501,5.88 MiB,True
24737099999,24737099999.csv,1159784,1.11 MiB,True
24738099999,24738099999.csv,1145466,1.09 MiB,True
24753099999,24753099999.csv,1176216,1.12 MiB,True
24758099999,24758099999.csv,1158911,1.11 MiB,True
24763099999,24763099999.csv,1118475,1.07 MiB,True
24768099999,24768099999.csv,1147769,1.09 MiB,True
24771099999,24771099999.csv,1086954,1.04 MiB,True
24790099999,24790099999.csv,1190473,1.14 MiB,True
24802099999,24802099999.csv,1174319,1.12 MiB,True
24807099999,24807099999.csv,1114260,1.06 MiB,True
24817099999,24817099999.csv,1200247,1.14 MiB,True
24826099999,24826099999.csv,1186414,1.13 MiB,True
24843099999,24843099999.csv,1109987,1.06 MiB,True
24856099999,24856099999.csv,1167646,1.11 MiB,True
24871099999,24871099999.csv,1163794,1.11 MiB,True
24894099999,24894099999.csv,1012065,988.34 KiB,True
24898099999,24898099999.csv,1257729,1.20 MiB,True
24908099999,24908099999.csv,1212445,1.16 MiB,True
24918099999,24918099999.csv,1202893,1.15 MiB,True
24923099999,24923099999.csv,1274165,1.22 MiB,True
24928099999,24928099999.csv,1182594,1.13 MiB,True
24933099999,24933099999.csv,1141481,1.09 MiB,True
24944099999,24944099999.csv,1269044,1.21 MiB,True
24951099999,24951099999.csv,1158129,1.10 MiB,True
24959099999,24959099999.csv,1233353,1.18 MiB,True
24962099999,24962099999.csv,1227578,1.17 MiB,True
24966099999,24966099999.csv,1153094,1.10 MiB,True
24967099999,24967099999.csv,1131810,1.08 MiB,True
24982099999,24982099999.csv,1038004,1013.68 KiB,True
24988099999,24988099999.csv,1142920,1.09 MiB,True
25017099999,25017099999.csv,1164983,1.11 MiB,True
25034099999,25034099999.csv,912865,891.47 KiB,True
25042099999,25042099999.csv,1309265,1.25 MiB,True
25044099999,25044099999.csv,1118388,1.07 MiB,True
25051099999,25051099999.csv,1254855,1.20 MiB,True
25062099999,25062099999.csv,926481,904.77 KiB,True
25121099999,25121099999.csv,1136631,1.08 MiB,True
25123099999,25123099999.csv,1145306,1.09 MiB,True
25129099999,25129099999.csv,1274070,1.22 MiB,True
25138099999,25138099999.csv,1296540,1.24 MiB,True
25147099999,25147099999.csv,1188897,1.13 MiB,True
25151099999,25151099999.csv,1281987,1.22 MiB,True
25206099999,25206099999.csv,1189831,1.13 MiB,True
25248099999,25248099999.csv,909921,888.59 KiB,True
25282099999,25282099999.csv,1095670,1.04 MiB,True
25335099999,25335099999.csv,1246704,1.19 MiB,True
25356099999,25356099999.csv,637302,622.37 KiB,True
25378099999,25378099999.csv,1067482,1.02 MiB,True
25399099999,25399099999.csv,841142,821.43 KiB,True
25400099999,25400099999.csv,1138433,1.09 MiB,True
25428099999,25428099999.csv,1297679,1.24 MiB,True
25469099999,25469099999.csv,1238138,1.18 MiB,True
25503099999,25503099999.csv,1143593,1.09 MiB,True
25551099999,25551099999.csv,1313320,1.25 MiB,True
25561099999,25561099999.csv,212294,207.32 KiB,True
25563099999,25563099999.csv,8265279,7.88 MiB,True
25594099999,25594099999.csv,1697017,1.62 MiB,True
25627099999,25627099999.csv,1142754,1.09 MiB,True
25648099999,25648099999.csv,998103,974.71 KiB,True
25700099999,25700099999.csv,1177514,1.12 MiB,True
25703099999,25703099999.csv,1217448,1.16 MiB,True
25705099999,25705099999.csv,1199611,1.14 MiB,True
25707099999,25707099999.csv,1160550,1.11 MiB,True
25715099999,25715099999.csv,1168947,1.11 MiB,True
25745099999,25745099999.csv,921097,899.51 KiB,True
25808099999,25808099999.csv,1226341,1.17 MiB,True
25820099999,25820099999.csv,1156842,1.10 MiB,True
25904099999,25904099999.csv,1004063,980.53 KiB,True
25913099999,25913099999.csv,6323402,6.03 MiB,True
25916099999,25916099999.csv,1199225,1.14 MiB,True
25919099999,25919099999.csv,1178756,1.12 MiB,True
25922099999,25922099999.csv,1159343,1.11 MiB,True
25927099999,25927099999.csv,1189737,1.13 MiB,True
25941099999,25941099999.csv,1000724,977.27 KiB,True
25956099999,25956099999.csv,1162442,1.11 MiB,True
26029099999,26029099999.csv,3588367,3.42 MiB,True
26038099999,26038099999.csv,10916209,10.41 MiB,True
26038199999,26038199999.csv,7089072,6.76 MiB,True
26045099999,26045099999.csv,4404137,4.20 MiB,True
26046099999,26046099999.csv,4396235,4.19 MiB,True
26058099999,26058099999.csv,4455451,4.25 MiB,True
26059099999,26059099999.csv,1221425,1.16 MiB,True
26063099999,26063099999.csv,7765464,7.41 MiB,True
26067099999,26067099999.csv,411006,401.37 KiB,True
26069099999,26069099999.csv,1218468,1.16 MiB,True
26072099999,26072099999.csv,1205266,1.15 MiB,True
26078099999,26078099999.csv,959402,936.92 KiB,True
26080099999,26080099999.csv,1157815,1.10 MiB,True
26094099999,26094099999.csv,1161934,1.11 MiB,True
26099099999,26099099999.csv,965345,942.72 KiB,True
26114899999,26114899999.csv,8083939,7.71 MiB,True
26114999999,26114999999.csv,1397321,1.33 MiB,True
26115099999,26115099999.csv,4354464,4.15 MiB,True
26116099999,26116099999.csv,1869749,1.78 MiB,True
26116199999,26116199999.csv,5983578,5.71 MiB,True
26124099999,26124099999.csv,4379804,4.18 MiB,True
26128099999,26128099999.csv,4274352,4.08 MiB,True
26134099999,26134099999.csv,4391576,4.19 MiB,True
26135099999,26135099999.csv,4319855,4.12 MiB,True
26141099999,26141099999.csv,4448015,4.24 MiB,True
26144099999,26144099999.csv,3550607,3.39 MiB,True
26145099999,26145099999.csv,4278444,4.08 MiB,True
26157099999,26157099999.csv,1196222,1.14 MiB,True
26167099999,26167099999.csv,1222313,1.17 MiB,True
26179099999,26179099999.csv,1209265,1.15 MiB,True
26214099999,26214099999.csv,4591504,4.38 MiB,True
26218099999,26218099999.csv,4469595,4.26 MiB,True
26226099999,26226099999.csv,4413847,4.21 MiB,True
26227099999,26227099999.csv,4423282,4.22 MiB,True
26229099999,26229099999.csv,1856140,1.77 MiB,True
26233099999,26233099999.csv,4355662,4.15 MiB,True
26238099999,26238099999.csv,1870689,1.78 MiB,True
26242099999,26242099999.csv,10995476,10.49 MiB,True
26247099999,26247099999.csv,3581501,3.42 MiB,True
26249099999,26249099999.csv,4362276,4.16 MiB,True
26258099999,26258099999.csv,7007118,6.68 MiB,True
26264099999,26264099999.csv,463654,452.79 KiB,True
26268099999,26268099999.csv,332142,324.36 KiB,True
26275099999,26275099999.csv,1235189,1.18 MiB,True
26285099999,26285099999.csv,320642,313.13 KiB,True
26291099999,26291099999.csv,1184671,1.13 MiB,True
26298099999,26298099999.csv,568433,555.11 KiB,True
26313099999,26313099999.csv,1835865,1.75 MiB,True
26314099999,26314099999.csv,772,772.00 B,True
26318099999,26318099999.csv,1867982,1.78 MiB,True
26324099999,26324099999.csv,1525075,1.45 MiB,True
26326099999,26326099999.csv,1545557,1.47 MiB,True
26335099999,26335099999.csv,1582347,1.51 MiB,True
26339099999,26339099999.csv,1947013,1.86 MiB,True
26346099999,26346099999.csv,1952251,1.86 MiB,True
26348099999,26348099999.csv,1562515,1.49 MiB,True
26359099999,26359099999.csv,1208395,1.15 MiB,True
26378099999,26378099999.csv,1187825,1.13 MiB,True
26381099999,26381099999.csv,317150,309.72 KiB,True
26389099999,26389099999.csv,568725,555.40 KiB,True
26393099999,26393099999.csv,1207755,1.15 MiB,True
26403099999,26403099999.csv,1533453,1.46 MiB,True
26405099999,26405099999.csv,7654687,7.30 MiB,True
26406099999,26406099999.csv,8352983,7.97 MiB,True
26416099999,26416099999.csv,1867288,1.78 MiB,True
26422599999,26422599999.csv,7957210,7.59 MiB,True
26424099999,26424099999.csv,1890922,1.80 MiB,True
26425099999,26425099999.csv,1519943,1.45 MiB,True
26429099999,26429099999.csv,1514820,1.44 MiB,True
26435099999,26435099999.csv,1854853,1.77 MiB,True
26436099999,26436099999.csv,1559595,1.49 MiB,True
26446099999,26446099999.csv,1910110,1.82 MiB,True
26447099999,26447099999.csv,1566435,1.49 MiB,True
26456099999,26456099999.csv,1188167,1.13 MiB,True
26462099999,26462099999.csv,410900,401.27 KiB,True
26477099999,26477099999.csv,1162792,1.11 MiB,True
26479099999,26479099999.csv,222460,217.25 KiB,True
26499099999,26499099999.csv,1185292,1.13 MiB,True
26501099999,26501099999.csv,761287,743.44 KiB,True
26502099999,26502099999.csv,7253850,6.92 MiB,True
26502199999,26502199999.csv,9560791,9.12 MiB,True
26503099999,26503099999.csv,1516339,1.45 MiB,True
26504099999,26504099999.csv,612145,597.80 KiB,True
26509099999,26509099999.csv,3263157,3.11 MiB,True
26515099999,26515099999.csv,954697,932.32 KiB,True
26518099999,26518099999.csv,3304695,3.15 MiB,True
26528099999,26528099999.csv,557347,544.28 KiB,True
26529099999,26529099999.csv,964937,942.32 KiB,True
26531099999,26531099999.csv,3218753,3.07 MiB,True
26539099999,26539099999.csv,757347,739.60 KiB,True
26544099999,26544099999.csv,1951300,1.86 MiB,True
26547099999,26547099999.csv,951729,929.42 KiB,True
26551099999,26551099999.csv,1542216,1.47 MiB,True
26554099999,26554099999.csv,790355,771.83 KiB,True
26578099999,26578099999.csv,539357,526.72 KiB,True
26585099999,26585099999.csv,545404,532.62 KiB,True
26600099999,26600099999.csv,943930,921.81 KiB,True
26603099999,26603099999.csv,966333,943.68 KiB,True
26607099999,26607099999.csv,230047,224.66 KiB,True
26614099999,26614099999.csv,229071,223.70 KiB,True
26615099999,26615099999.csv,762451,744.58 KiB,True
26620099999,26620099999.csv,979400,956.45 KiB,True
26621099999,26621099999.csv,990976,967.75 KiB,True
26629099999,26629099999.csv,3124176,2.98 MiB,True
26629599999,26629599999.csv,5966023,5.69 MiB,True
26633099999,26633099999.csv,3295439,3.14 MiB,True
26634099999,26634099999.csv,1003201,979.69 KiB,True
26636099999,26636099999.csv,842058,822.32 KiB,True
26643099999,26643099999.csv,877676,857.11 KiB,True
26645099999,26645099999.csv,774722,756.56 KiB,True
26653099999,26653099999.csv,881759,861.09 KiB,True
26657099999,26657099999.csv,611963,597.62 KiB,True
26659099999,26659099999.csv,797922,779.22 KiB,True
26666099999,26666099999.csv,2868221,2.74 MiB,True
26666199999,26666199999.csv,1860857,1.77 MiB,True
26668099999,26668099999.csv,317393,309.95 KiB,True
26695099999,26695099999.csv,560915,547.77 KiB,True
26701099999,26701099999.csv,242336,236.66 KiB,True
26702099999,26702099999.csv,6348564,6.05 MiB,True
26704099999,26704099999.csv,212210,207.24 KiB,True
26706099999,26706099999.csv,206976,202.12 KiB,True
26711099999,26711099999.csv,65621,64.08 KiB,True
26713099999,26713099999.csv,968119,945.43 KiB,True
26714099999,26714099999.csv,703607,687.12 KiB,True
26728099999,26728099999.csv,1006175,982.59 KiB,True
26729099999,26729099999.csv,606989,592.76 KiB,True
26730099999,26730099999.csv,9639798,9.19 MiB,True
26732099999,26732099999.csv,1034863,1010.61 KiB,True
26737099999,26737099999.csv,1063835,1.01 MiB,True
26759099999,26759099999.csv,841211,821.50 KiB,True
26763099999,26763099999.csv,762394,744.53 KiB,True
26774099999,26774099999.csv,857034,836.95 KiB,True
26781099999,26781099999.csv,240145,234.52 KiB,True
26784099999,26784099999.csv,570673,557.30 KiB,True
26795099999,26795099999.csv,876889,856.34 KiB,True
26832099999,26832099999.csv,764901,746.97 KiB,True
26850099999,26850099999.csv,773435,755.31 KiB,True
26853099999,26853099999.csv,880483,859.85 KiB,True
26855099999,26855099999.csv,856810,836.73 KiB,True
26864099999,26864099999.csv,861665,841.47 KiB,True
26878099999,26878099999.csv,861204,841.02 KiB,True
26882099999,26882099999.csv,598635,584.60 KiB,True
26887099999,26887099999.csv,777794,759.56 KiB,True
26894099999,26894099999.csv,1220333,1.16 MiB,True
26898099999,26898099999.csv,4049395,3.86 MiB,True
26941099999,26941099999.csv,770552,752.49 KiB,True
26951099999,26951099999.csv,782776,764.43 KiB,True
26961099999,26961099999.csv,771761,753.67 KiB,True
26966099999,26966099999.csv,839472,819.80 KiB,True
26976099999,26976099999.csv,1189494,1.13 MiB,True
26997099999,26997099999.csv,1190951,1.14 MiB,True
27008099999,27008099999.csv,1183231,1.13 MiB,True
27037099999,27037099999.csv,1105020,1.05 MiB,True
27051099999,27051099999.csv,1218769,1.16 MiB,True
27066099999,27066099999.csv,1226329,1.17 MiB,True
27083099999,27083099999.csv,1300843,1.24 MiB,True
27106099999,27106099999.csv,1152123,1.10 MiB,True
27108099999,27108099999.csv,327277,319.61 KiB,True
27113099999,27113099999.csv,6940003,6.62 MiB,True
27164099999,27164099999.csv,284260,277.60 KiB,True
27176099999,27176099999.csv,563372,550.17 KiB,True
27199099999,27199099999.csv,1319173,1.26 MiB,True
27208099999,27208099999.csv,1212590,1.16 MiB,True
27215099999,27215099999.csv,632607,617.78 KiB,True
27223099999,27223099999.csv,598275,584.25 KiB,True
27225099999,27225099999.csv,544609,531.84 KiB,True
27225599999,27225599999.csv,6107862,5.82 MiB,True
27242099999,27242099999.csv,569283,555.94 KiB,True
27252099999,27252099999.csv,587876,574.10 KiB,True
27271099999,27271099999.csv,413190,403.51 KiB,True
27277099999,27277099999.csv,1280175,1.22 MiB,True
27283099999,27283099999.csv,1283863,1.22 MiB,True
27296099999,27296099999.csv,1280179,1.22 MiB,True
27316099999,27316099999.csv,536993,524.41 KiB,True
27321099999,27321099999.csv,539450,526.81 KiB,True
27329099999,27329099999.csv,512450,500.44 KiB,True
27333099999,27333099999.csv,231720,226.29 KiB,True
27347099999,27347099999.csv,644169,629.07 KiB,True
27355099999,27355099999.csv,555104,542.09 KiB,True
27369099999,27369099999.csv,1316544,1.26 MiB,True
27373099999,27373099999.csv,1319895,1.26 MiB,True
27393099999,27393099999.csv,1320049,1.26 MiB,True
27402099999,27402099999.csv,1189316,1.13 MiB,True
27417099999,27417099999.csv,384435,375.42 KiB,True
27453099999,27453099999.csv,1327308,1.27 MiB,True
27459099999,27459099999.csv,7460136,7.11 MiB,True
27479099999,27479099999.csv,1337752,1.28 MiB,True
27485099999,27485099999.csv,1359430,1.30 MiB,True
27491099999,27491099999.csv,1299687,1.24 MiB,True
27507099999,27507099999.csv,695115,678.82 KiB,True
27511099999,27511099999.csv,614088,599.70 KiB,True
27515599999,27515599999.csv,6247586,5.96 MiB,True
27518599999,27518599999.csv,6000579,5.72 MiB,True
27523099999,27523099999.csv,560296,547.16 KiB,True
27532099999,27532099999.csv,557933,544.86 KiB,True
27539099999,27539099999.csv,527823,515.45 KiB,True
27577099999,27577099999.csv,1319922,1.26 MiB,True
27593099999,27593099999.csv,586228,572.49 KiB,True
27595099999,27595099999.csv,7293438,6.96 MiB,True
27606099999,27606099999.csv,1210397,1.15 MiB,True
27607099999,27607099999.csv,6133115,5.85 MiB,True
27611099999,27611099999.csv,670407,654.69 KiB,True
27612099999,27612099999.csv,11339,11.07 KiB,True
27627099999,27627099999.csv,585713,571.99 KiB,True
27643099999,27643099999.csv,1287411,1.23 MiB,True
27648099999,27648099999.csv,202541,197.79 KiB,True
27653099999,27653099999.csv,1296304,1.24 MiB,True
27665099999,27665099999.csv,1245998,1.19 MiB,True
27675099999,27675099999.csv,1296198,1.24 MiB,True
27679099999,27679099999.csv,1316195,1.26 MiB,True
27697099999,27697099999.csv,1192162,1.14 MiB,True
27703099999,27703099999.csv,5968788,5.69 MiB,True
27707099999,27707099999.csv,602638,588.51 KiB,True
27719099999,27719099999.csv,653702,638.38 KiB,True
27730099999,27730099999.csv,612161,597.81 KiB,True
27745099999,27745099999.csv,695897,679.59 KiB,True
27752099999,27752099999.csv,1328352,1.27 MiB,True
27756099999,27756099999.csv,1310825,1.25 MiB,True
27760099999,27760099999.csv,7997553,7.63 MiB,True
27776099999,27776099999.csv,437369,427.12 KiB,True
27785099999,27785099999.csv,6792501,6.48 MiB,True
27799099999,27799099999.csv,493124,481.57 KiB,True
27817099999,27817099999.csv,1189803,1.13 MiB,True
27821099999,27821099999.csv,618151,603.66 KiB,True
27823099999,27823099999.csv,135982,132.79 KiB,True
27835099999,27835099999.csv,542390,529.68 KiB,True
27848099999,27848099999.csv,1151368,1.10 MiB,True
27857099999,27857099999.csv,25488,24.89 KiB,True
27858099999,27858099999.csv,710183,693.54 KiB,True
27872099999,27872099999.csv,35833,34.99 KiB,True
27894099999,27894099999.csv,600307,586.24 KiB,True
27906099999,27906099999.csv,1183493,1.13 MiB,True
27921099999,27921099999.csv,634735,619.86 KiB,True
27928099999,27928099999.csv,1202643,1.15 MiB,True
27930099999,27930099999.csv,7130917,6.80 MiB,True
27935099999,27935099999.csv,1061412,1.01 MiB,True
27947099999,27947099999.csv,1188327,1.13 MiB,True
27955099999,27955099999.csv,696823,680.49 KiB,True
27957099999,27957099999.csv,1160746,1.11 MiB,True
27962099999,27962099999.csv,1212545,1.16 MiB,True
27962199999,27962199999.csv,2927892,2.79 MiB,True
27962299999,27962299999.csv,6312410,6.02 MiB,True
27972099999,27972099999.csv,1169522,1.12 MiB,True
27981099999,27981099999.csv,6483,6.33 KiB,True
27983099999,27983099999.csv,595159,581.21 KiB,True
27995099999,27995099999.csv,65512,63.98 KiB,True
28009099999,28009099999.csv,1279430,1.22 MiB,True
28033099999,28033099999.csv,589,589.00 B,True
28044099999,28044099999.csv,760405,742.58 KiB,True
28049099999,28049099999.csv,1001851,978.37 KiB,True
28064099999,28064099999.csv,1172186,1.12 MiB,True
28076099999,28076099999.csv,1141873,1.09 MiB,True
28097099999,28097099999.csv,1046386,1021.86 KiB,True
28116099999,28116099999.csv,814016,794.94 KiB,True
28138099999,28138099999.csv,992990,969.72 KiB,True
28144099999,28144099999.csv,1155959,1.10 MiB,True
28165099999,28165099999.csv,1071767,1.02 MiB,True
28214099999,28214099999.csv,1314565,1.25 MiB,True
28224099999,28224099999.csv,1016761,992.93 KiB,True
28225099999,28225099999.csv,6311873,6.02 MiB,True
28240099999,28240099999.csv,47351,46.24 KiB,True
28275099999,28275099999.csv,1125452,1.07 MiB,True
28319099999,28319099999.csv,996858,973.49 KiB,True
28321099999,28321099999.csv,970438,947.69 KiB,True
28334099999,28334099999.csv,1126997,1.07 MiB,True
28366099999,28366099999.csv,603851,589.70 KiB,True
28367099999,28367099999.csv,23458,22.91 KiB,True
28382099999,28382099999.csv,659991,644.52 KiB,True
28411099999,28411099999.csv,1294455,1.23 MiB,True
28418099999,28418099999.csv,1286595,1.23 MiB,True
28434099999,28434099999.csv,738191,720.89 KiB,True
28440099999,28440099999.csv,7532693,7.18 MiB,True
28465099999,28465099999.csv,647498,632.32 KiB,True
28481099999,28481099999.csv,776636,758.43 KiB,True
28491099999,28491099999.csv,546232,533.43 KiB,True
28493099999,28493099999.csv,213044,208.05 KiB,True
28493599999,28493599999.csv,5954132,5.68 MiB,True
28502099999,28502099999.csv,1349978,1.29 MiB,True
28506099999,28506099999.csv,1141530,1.09 MiB,True
28517099999,28517099999.csv,592438,578.55 KiB,True
28522099999,28522099999.csv,1181373,1.13 MiB,True
28541099999,28541099999.csv,1192831,1.14 MiB,True
28552099999,28552099999.csv,929381,907.60 KiB,True
28573099999,28573099999.csv,142562,139.22 KiB,True
28593099999,28593099999.csv,527393,515.03 KiB,True
28612099999,28612099999.csv,575833,562.34 KiB,True
28621099999,28621099999.csv,1165431,1.11 MiB,True
28642099999,28642099999.csv,6165653,5.88 MiB,True
28645099999,28645099999.csv,918586,897.06 KiB,True
28661099999,28661099999.csv,941203,919.14 KiB,True
28666099999,28666099999.csv,905489,884.27 KiB,True
28676099999,28676099999.csv,4168975,3.98 MiB,True
28698099999,28698099999.csv,6536920,6.23 MiB,True
28704099999,28704099999.csv,1139078,1.09 MiB,True
28705099999,28705099999.csv,1134438,1.08 MiB,True
28711099999,28711099999.csv,661081,645.59 KiB,True
28719099999,28719099999.csv,1174838,1.12 MiB,True
28722099999,28722099999.csv,6147292,5.86 MiB,True
28748099999,28748099999.csv,1188447,1.13 MiB,True
28764099999,28764099999.csv,1084398,1.03 MiB,True
28766099999,28766099999.csv,1094659,1.04 MiB,True
28775199999,28775199999.csv,1065940,1.02 MiB,True
28785499999,28785499999.csv,5578094,5.32 MiB,True
28786099999,28786099999.csv,1115549,1.06 MiB,True
28797099999,28797099999.csv,596005,582.04 KiB,True
28799099999,28799099999.csv,707492,690.91 KiB,True
28806099999,28806099999.csv,1179546,1.12 MiB,True
28825099999,28825099999.csv,1163551,1.11 MiB,True
28838099999,28838099999.csv,1148717,1.10 MiB,True
28843099999,28843099999.csv,1024314,1000.31 KiB,True
28863099999,28863099999.csv,1019780,995.88 KiB,True
28867099999,28867099999.csv,1024244,1000.24 KiB,True
28873099999,28873099999.csv,1056384,1.01 MiB,True
28879099999,28879099999.csv,1060696,1.01 MiB,True
28884199999,28884199999.csv,1020506,996.59 KiB,True
28900099999,28900099999.csv,6477320,6.18 MiB,True
28908099999,28908099999.csv,1218902,1.16 MiB,True
28916099999,28916099999.csv,1147965,1.09 MiB,True
28948099999,28948099999.csv,1047639,1023.08 KiB,True
28952099999,28952099999.csv,7306224,6.97 MiB,True
28966099999,28966099999.csv,1070860,1.02 MiB,True
28978099999,28978099999.csv,1055319,1.01 MiB,True
28984099999,28984099999.csv,1044743,1020.26 KiB,True
28993099999,28993099999.csv,1018059,994.20 KiB,True
29016099999,29016099999.csv,632,632.00 B,True
29023099999,29023099999.csv,1178014,1.12 MiB,True
29059099999,29059099999.csv,1210919,1.15 MiB,True
29068099999,29068099999.csv,1159360,1.11 MiB,True
29111099999,29111099999.csv,1214671,1.16 MiB,True
29122099999,29122099999.csv,1200701,1.15 MiB,True
29149099999,29149099999.csv,1200471,1.14 MiB,True
29203099999,29203099999.csv,1255277,1.20 MiB,True
29209099999,29209099999.csv,1190673,1.14 MiB,True
29231099999,29231099999.csv,1181049,1.13 MiB,True
29253099999,29253099999.csv,964761,942.15 KiB,True
29263099999,29263099999.csv,1185410,1.13 MiB,True
29274099999,29274099999.csv,1161909,1.11 MiB,True
29276099999,29276099999.csv,893847,872.90 KiB,True
29282099999,29282099999.csv,1191768,1.14 MiB,True
29313099999,29313099999.csv,1234106,1.18 MiB,True
29328099999,29328099999.csv,32637,31.87 KiB,True
29332099999,29332099999.csv,1221702,1.17 MiB,True
29348099999,29348099999.csv,1190224,1.14 MiB,True
29363099999,29363099999.csv,900991,879.87 KiB,True
29367099999,29367099999.csv,878344,857.76 KiB,True
29374099999,29374099999.csv,1186828,1.13 MiB,True
29379099999,29379099999.csv,1161051,1.11 MiB,True
29393099999,29393099999.csv,1183405,1.13 MiB,True
29405099999,29405099999.csv,1188912,1.13 MiB,True
29418099999,29418099999.csv,1179983,1.13 MiB,True
29430099999,29430099999.csv,1127816,1.08 MiB,True
29456099999,29456099999.csv,1203369,1.15 MiB,True
29464099999,29464099999.csv,1160722,1.11 MiB,True
29467099999,29467099999.csv,1194986,1.14 MiB,True
29471099999,29471099999.csv,1174131,1.12 MiB,True
29477099999,29477099999.csv,1179136,1.12 MiB,True
29481099999,29481099999.csv,1164262,1.11 MiB,True
29485099999,29485099999.csv,1148020,1.09 MiB,True
29524099999,29524099999.csv,1161454,1.11 MiB,True
29551099999,29551099999.csv,30097,29.39 KiB,True
29553099999,29553099999.csv,1203641,1.15 MiB,True
29558099999,29558099999.csv,1244776,1.19 MiB,True
29561099999,29561099999.csv,1207999,1.15 MiB,True
29562099999,29562099999.csv,1180490,1.13 MiB,True
29563099999,29563099999.csv,1152754,1.10 MiB,True
29566099999,29566099999.csv,1220483,1.16 MiB,True
29571099999,29571099999.csv,1219228,1.16 MiB,True
29576099999,29576099999.csv,1233465,1.18 MiB,True
29578099999,29578099999.csv,1209076,1.15 MiB,True
29580099999,29580099999.csv,1246635,1.19 MiB,True
29581099999,29581099999.csv,1165531,1.11 MiB,True
29587099999,29587099999.csv,1221799,1.17 MiB,True
29594099999,29594099999.csv,1186363,1.13 MiB,True
29602099999,29602099999.csv,1123948,1.07 MiB,True
29605099999,29605099999.csv,1128486,1.08 MiB,True
29612099999,29612099999.csv,156414,152.75 KiB,True
29631099999,29631099999.csv,1137679,1.08 MiB,True
29634099999,29634099999.csv,6296528,6.00 MiB,True
29636099999,29636099999.csv,1112567,1.06 MiB,True
29638099999,29638099999.csv,42085,41.10 KiB,True
29642099999,29642099999.csv,6066385,5.79 MiB,True
29645099999,29645099999.csv,70610,68.96 KiB,True
29653099999,29653099999.csv,1144214,1.09 MiB,True
29654099999,29654099999.csv,1279478,1.22 MiB,True
29662099999,29662099999.csv,1173771,1.12 MiB,True
29664099999,29664099999.csv,1202687,1.15 MiB,True
29676099999,29676099999.csv,1096947,1.05 MiB,True
29698099999,29698099999.csv,1197828,1.14 MiB,True
29706099999,29706099999.csv,1183132,1.13 MiB,True
29712099999,29712099999.csv,1139276,1.09 MiB,True
29724099999,29724099999.csv,1198361,1.14 MiB,True
29726099999,29726099999.csv,1179810,1.13 MiB,True
29736099999,29736099999.csv,1107750,1.06 MiB,True
29752099999,29752099999.csv,1280937,1.22 MiB,True
29759099999,29759099999.csv,1198408,1.14 MiB,True
29766099999,29766099999.csv,1148021,1.09 MiB,True
29768099999,29768099999.csv,869820,849.43 KiB,True
29771099999,29771099999.csv,1151056,1.10 MiB,True
29772099999,29772099999.csv,1233583,1.18 MiB,True
29789099999,29789099999.csv,1024609,1000.59 KiB,True
29802099999,29802099999.csv,1072503,1.02 MiB,True
29807099999,29807099999.csv,1025339,1001.31 KiB,True
29814099999,29814099999.csv,1139324,1.09 MiB,True
29827099999,29827099999.csv,1193873,1.14 MiB,True
29838099999,29838099999.csv,6306578,6.01 MiB,True
29846099999,29846099999.csv,6392168,6.10 MiB,True
29864099999,29864099999.csv,884206,863.48 KiB,True
29866099999,29866099999.csv,1197431,1.14 MiB,True
29869099999,29869099999.csv,1178150,1.12 MiB,True
29874099999,29874099999.csv,1243589,1.19 MiB,True
29876099999,29876099999.csv,896798,875.78 KiB,True
29892099999,29892099999.csv,480724,469.46 KiB,True
29906099999,29906099999.csv,1039340,1014.98 KiB,True
29915099999,29915099999.csv,1141447,1.09 MiB,True
29937099999,29937099999.csv,1165206,1.11 MiB,True
29939099999,29939099999.csv,1182274,1.13 MiB,True
29956099999,29956099999.csv,1153781,1.10 MiB,True
29974099999,29974099999.csv,372178,363.46 KiB,True
29998099999,29998099999.csv,353337,345.06 KiB,True
30028099999,30028099999.csv,147601,144.14 KiB,True
30054099999,30054099999.csv,1245243,1.19 MiB,True
30074099999,30074099999.csv,584130,570.44 KiB,True
30089099999,30089099999.csv,1133812,1.08 MiB,True
30127099999,30127099999.csv,592485,578.60 KiB,True
30157099999,30157099999.csv,1207967,1.15 MiB,True
30173099999,30173099999.csv,1123958,1.07 MiB,True
30198099999,30198099999.csv,1092430,1.04 MiB,True
30230099999,30230099999.csv,1256143,1.20 MiB,True
30252099999,30252099999.csv,1239191,1.18 MiB,True
30309099999,30309099999.csv,7669657,7.31 MiB,True
30323099999,30323099999.csv,1164253,1.11 MiB,True
30328099999,30328099999.csv,619802,605.28 KiB,True
30337099999,30337099999.csv,1196470,1.14 MiB,True
30372099999,30372099999.csv,1206902,1.15 MiB,True
30385099999,30385099999.csv,1208862,1.15 MiB,True
30393099999,30393099999.csv,1282796,1.22 MiB,True
30405099999,30405099999.csv,1170027,1.12 MiB,True
30433099999,30433099999.csv,119202,116.41 KiB,True
30439099999,30439099999.csv,521270,509.05 KiB,True
30455099999,30455099999.csv,826446,807.08 KiB,True
30493099999,30493099999.csv,951931,929.62 KiB,True
30499099999,30499099999.csv,1146771,1.09 MiB,True
30504099999,30504099999.csv,1188006,1.13 MiB,True
30521099999,30521099999.csv,1173294,1.12 MiB,True
30526099999,30526099999.csv,842137,822.40 KiB,True
30554099999,30554099999.csv,1186386,1.13 MiB,True
30603099999,30603099999.csv,1137982,1.09 MiB,True
30612099999,30612099999.csv,1189544,1.13 MiB,True
30622099999,30622099999.csv,1133535,1.08 MiB,True
30627099999,30627099999.csv,1157780,1.10 MiB,True
30635099999,30635099999.csv,1224859,1.17 MiB,True
30636099999,30636099999.csv,755617,737.91 KiB,True
30637099999,30637099999.csv,607322,593.09 KiB,True
30650099999,30650099999.csv,869464,849.09 KiB,True
30664099999,30664099999.csv,1188758,1.13 MiB,True
30673099999,30673099999.csv,1122434,1.07 MiB,True
30683099999,30683099999.csv,1171433,1.12 MiB,True
30695099999,30695099999.csv,1113115,1.06 MiB,True
30703099999,30703099999.csv,1197241,1.14 MiB,True
30710099999,30710099999.csv,7407533,7.06 MiB,True
30714099999,30714099999.csv,309066,301.82 KiB,True
30731099999,30731099999.csv,1191724,1.14 MiB,True
30739099999,30739099999.csv,597131,583.14 KiB,True
30741099999,30741099999.csv,1024257,1000.25 KiB,True
30745099999,30745099999.csv,792054,773.49 KiB,True
30758099999,30758099999.csv,7572372,7.22 MiB,True
30764099999,30764099999.csv,1055594,1.01 MiB,True
30777099999,30777099999.csv,1119721,1.07 MiB,True
30781099999,30781099999.csv,1079608,1.03 MiB,True
30802099999,30802099999.csv,917565,896.06 KiB,True
30815099999,30815099999.csv,1174244,1.12 MiB,True
30822099999,30822099999.csv,6318,6.17 KiB,True
30823099999,30823099999.csv,6796457,6.48 MiB,True
30829099999,30829099999.csv,1169089,1.11 MiB,True
30838099999,30838099999.csv,1161431,1.11 MiB,True
30844099999,30844099999.csv,1147800,1.09 MiB,True
30846099999,30846099999.csv,1144898,1.09 MiB,True
30859099999,30859099999.csv,1127827,1.08 MiB,True
30862099999,30862099999.csv,1153853,1.10 MiB,True
30879099999,30879099999.csv,1142030,1.09 MiB,True
30925099999,30925099999.csv,777226,759.01 KiB,True
30935099999,30935099999.csv,1053001,1.00 MiB,True
30949099999,30949099999.csv,1157615,1.10 MiB,True
30957099999,30957099999.csv,1108102,1.06 MiB,True
30965099999,30965099999.csv,1182379,1.13 MiB,True
30967099999,30967099999.csv,569384,556.04 KiB,True
30975099999,30975099999.csv,1138912,1.09 MiB,True
31004099999,31004099999.csv,1240330,1.18 MiB,True
31005099999,31005099999.csv,1174149,1.12 MiB,True
31011099999,31011099999.csv,1116972,1.07 MiB,True
31016099999,31016099999.csv,1071063,1.02 MiB,True
31026099999,31026099999.csv,1153645,1.10 MiB,True
31041099999,31041099999.csv,1177274,1.12 MiB,True
31054099999,31054099999.csv,967455,944.78 KiB,True
31062099999,31062099999.csv,1125771,1.07 MiB,True
31087099999,31087099999.csv,805191,786.32 KiB,True
31088099999,31088099999.csv,1216885,1.16 MiB,True
31096099999,31096099999.csv,1228078,1.17 MiB,True
31102099999,31102099999.csv,848973,829.08 KiB,True
31123099999,31123099999.csv,978885,955.94 KiB,True
31137099999,31137099999.csv,867534,847.20 KiB,True
31152099999,31152099999.csv,1141268,1.09 MiB,True
31168099999,31168099999.csv,1125620,1.07 MiB,True
31174099999,31174099999.csv,1217244,1.16 MiB,True
31253099999,31253099999.csv,1159488,1.11 MiB,True
31285099999,31285099999.csv,1170299,1.12 MiB,True
31295099999,31295099999.csv,1162966,1.11 MiB,True
31300099999,31300099999.csv,1069209,1.02 MiB,True
31328999999,31328999999.csv,5276557,5.03 MiB,True
31329099999,31329099999.csv,1177702,1.12 MiB,True
31348099999,31348099999.csv,1117053,1.07 MiB,True
31369099999,31369099999.csv,617158,602.69 KiB,True
31371099999,31371099999.csv,1121209,1.07 MiB,True
31388099999,31388099999.csv,1132752,1.08 MiB,True
31416099999,31416099999.csv,1185183,1.13 MiB,True
31418099999,31418099999.csv,775924,757.74 KiB,True
31439099999,31439099999.csv,1178838,1.12 MiB,True
31442099999,31442099999.csv,1127150,1.07 MiB,True
31445099999,31445099999.csv,640048,625.05 KiB,True
31474099999,31474099999.csv,776725,758.52 KiB,True
31478099999,31478099999.csv,1201047,1.15 MiB,True
31484099999,31484099999.csv,1124260,1.07 MiB,True
31489099999,31489099999.csv,1056910,1.01 MiB,True
31510099999,31510099999.csv,1120361,1.07 MiB,True
31521099999,31521099999.csv,1093436,1.04 MiB,True
31527099999,31527099999.csv,1119359,1.07 MiB,True
31528099999,31528099999.csv,626,626.00 B,True
31532099999,31532099999.csv,1122177,1.07 MiB,True
31534099999,31534099999.csv,1136814,1.08 MiB,True
31538099999,31538099999.csv,1129132,1.08 MiB,True
31561099999,31561099999.csv,8690,8.49 KiB,True
31583099999,31583099999.csv,1101122,1.05 MiB,True
31587099999,31587099999.csv,1114915,1.06 MiB,True
31594099999,31594099999.csv,1128712,1.08 MiB,True
31624099999,31624099999.csv,1012300,988.57 KiB,True
31632099999,31632099999.csv,1089131,1.04 MiB,True
31655099999,31655099999.csv,1110903,1.06 MiB,True
31683099999,31683099999.csv,964310,941.71 KiB,True
31702099999,31702099999.csv,1105986,1.05 MiB,True
31707099999,31707099999.csv,1285275,1.23 MiB,True
31713099999,31713099999.csv,1115778,1.06 MiB,True
31725099999,31725099999.csv,1124015,1.07 MiB,True
31733099999,31733099999.csv,9310,9.09 KiB,True
31735099999,31735099999.csv,7265600,6.93 MiB,True
31754099999,31754099999.csv,856421,836.35 KiB,True
31770099999,31770099999.csv,1216999,1.16 MiB,True
31801099999,31801099999.csv,34231,33.43 KiB,True
31825099999,31825099999.csv,927640,905.90 KiB,True
31832099999,31832099999.csv,121316,118.47 KiB,True
31845099999,31845099999.csv,1115639,1.06 MiB,True
31866099999,31866099999.csv,1100436,1.05 MiB,True
31873099999,31873099999.csv,1133649,1.08 MiB,True
31878099999,31878099999.csv,313729,306.38 KiB,True
31909099999,31909099999.csv,1094435,1.04 MiB,True
31915099999,31915099999.csv,1144208,1.09 MiB,True
31921099999,31921099999.csv,318676,311.21 KiB,True
31959099999,31959099999.csv,1163349,1.11 MiB,True
31960099999,31960099999.csv,1178540,1.12 MiB,True
31961099999,31961099999.csv,1149965,1.10 MiB,True
31969099999,31969099999.csv,1082900,1.03 MiB,True
31974199999,31974199999.csv,6339075,6.05 MiB,True
31981099999,31981099999.csv,1127598,1.08 MiB,True
31981199999,31981199999.csv,5279741,5.04 MiB,True
31987099999,31987099999.csv,1146864,1.09 MiB,True
31989099999,31989099999.csv,1062692,1.01 MiB,True
31994099999,31994099999.csv,672,672.00 B,True
31995099999,31995099999.csv,2535,2.48 KiB,True
32010099999,32010099999.csv,628832,614.09 KiB,True
32027099999,32027099999.csv,1312586,1.25 MiB,True
32053099999,32053099999.csv,1276600,1.22 MiB,True
32061099999,32061099999.csv,1346650,1.28 MiB,True
32069099999,32069099999.csv,1217563,1.16 MiB,True
32076099999,32076099999.csv,1318935,1.26 MiB,True
32098099999,32098099999.csv,1296723,1.24 MiB,True
32099099999,32099099999.csv,1302146,1.24 MiB,True
32121099999,32121099999.csv,1299167,1.24 MiB,True
32150099999,32150099999.csv,7165547,6.83 MiB,True
32165099999,32165099999.csv,1331308,1.27 MiB,True
32213099999,32213099999.csv,1291810,1.23 MiB,True
32215099999,32215099999.csv,1378026,1.31 MiB,True
32252099999,32252099999.csv,1221844,1.17 MiB,True
32287099999,32287099999.csv,785640,767.23 KiB,True
32333099999,32333099999.csv,1203361,1.15 MiB,True
32389099999,32389099999.csv,1047215,1022.67 KiB,True
32408099999,32408099999.csv,1216004,1.16 MiB,True
32411099999,32411099999.csv,1167404,1.11 MiB,True
32477099999,32477099999.csv,834116,814.57 KiB,True
32509099999,32509099999.csv,1185658,1.13 MiB,True
32540099999,32540099999.csv,5239723,5.00 MiB,True
32559099999,32559099999.csv,644,644.00 B,True
32562099999,32562099999.csv,337584,329.67 KiB,True
32583099999,32583099999.csv,445125,434.69 KiB,True
32594099999,32594099999.csv,1259301,1.20 MiB,True
32618099999,32618099999.csv,357762,349.38 KiB,True
33000599999,33000599999.csv,1074114,1.02 MiB,True
33008099999,33008099999.csv,2858981,2.73 MiB,True
33019099999,33019099999.csv,778743,760.49 KiB,True
33027099999,33027099999.csv,806177,787.28 KiB,True
33036099999,33036099999.csv,776074,757.88 KiB,True
33038099999,33038099999.csv,847960,828.09 KiB,True
33041099999,33041099999.csv,5771740,5.50 MiB,True
33088099999,33088099999.csv,1068584,1.02 MiB,True
33124099999,33124099999.csv,579500,565.92 KiB,True
33135099999,33135099999.csv,1094188,1.04 MiB,True
33177099999,33177099999.csv,1105719,1.05 MiB,True
33261099999,33261099999.csv,1069865,1.02 MiB,True
33275099999,33275099999.csv,1038358,1014.02 KiB,True
33301099999,33301099999.csv,1122460,1.07 MiB,True
33317099999,33317099999.csv,1107822,1.06 MiB,True
33325099999,33325099999.csv,1083223,1.03 MiB,True
33345099999,33345099999.csv,1115970,1.06 MiB,True
33377099999,33377099999.csv,1058072,1.01 MiB,True
33393099999,33393099999.csv,1081192,1.03 MiB,True
33415099999,33415099999.csv,1105939,1.05 MiB,True
33429099999,33429099999.csv,1137713,1.09 MiB,True
33466099999,33466099999.csv,1087904,1.04 MiB,True
33506099999,33506099999.csv,1052066,1.00 MiB,True
33562099999,33562099999.csv,1062686,1.01 MiB,True
33587099999,33587099999.csv,1068804,1.02 MiB,True
33614099999,33614099999.csv,1070302,1.02 MiB,True
33631099999,33631099999.csv,1122985,1.07 MiB,True
33658099999,33658099999.csv,1078365,1.03 MiB,True
33663099999,33663099999.csv,1091267,1.04 MiB,True
33664099999,33664099999.csv,1112528,1.06 MiB,True
33678099999,33678099999.csv,1083139,1.03 MiB,True
33679099999,33679099999.csv,1114364,1.06 MiB,True
33711099999,33711099999.csv,1069239,1.02 MiB,True
33717599999,33717599999.csv,205349,200.54 KiB,True
33744099999,33744099999.csv,1113206,1.06 MiB,True
33745099999,33745099999.csv,1146305,1.09 MiB,True
33748099999,33748099999.csv,1105682,1.05 MiB,True
33749099999,33749099999.csv,1143470,1.09 MiB,True
33754099999,33754099999.csv,1120558,1.07 MiB,True
33761099999,33761099999.csv,1077463,1.03 MiB,True
33791099999,33791099999.csv,1081416,1.03 MiB,True
33810099999,33810099999.csv,446,446.00 B,True
33815099999,33815099999.csv,1153150,1.10 MiB,True
33821099999,33821099999.csv,1187713,1.13 MiB,True
33824099999,33824099999.csv,441,441.00 B,True
33829099999,33829099999.csv,1118313,1.07 MiB,True
33837099999,33837099999.csv,1117433,1.07 MiB,True
33838799999,33838799999.csv,5680737,5.42 MiB,True
33881099999,33881099999.csv,1123851,1.07 MiB,True
33883099999,33883099999.csv,1092483,1.04 MiB,True
33885099999,33885099999.csv,1140946,1.09 MiB,True
33886099999,33886099999.csv,1094958,1.04 MiB,True
33892099999,33892099999.csv,1138214,1.09 MiB,True
33902099999,33902099999.csv,949328,927.08 KiB,True
33924099999,33924099999.csv,1180873,1.13 MiB,True
33946099999,33946099999.csv,7321172,6.98 MiB,True
33983099999,33983099999.csv,1180411,1.13 MiB,True
33998099999,33998099999.csv,1166912,1.11 MiB,True
34003099999,34003099999.csv,1172824,1.12 MiB,True
34009099999,34009099999.csv,1210581,1.15 MiB,True
34013099999,34013099999.csv,1175851,1.12 MiB,True
34036099999,34036099999.csv,314381,307.01 KiB,True
34047099999,34047099999.csv,1176455,1.12 MiB,True
34049099999,34049099999.csv,110543,107.95 KiB,True
34056099999,34056099999.csv,495706,484.09 KiB,True
34063099999,34063099999.csv,329769,322.04 KiB,True
34069099999,34069099999.csv,250972,245.09 KiB,True
34072099999,34072099999.csv,668465,652.80 KiB,True
34083099999,34083099999.csv,621858,607.28 KiB,True
34098099999,34098099999.csv,700819,684.39 KiB,True
34109099999,34109099999.csv,1136856,1.08 MiB,True
34110099999,34110099999.csv,1230300,1.17 MiB,True
34122099999,34122099999.csv,5978876,5.70 MiB,True
34123099999,34123099999.csv,1158028,1.10 MiB,True
34139099999,34139099999.csv,1218159,1.16 MiB,True
34146099999,34146099999.csv,1161381,1.11 MiB,True
34152099999,34152099999.csv,16204,15.82 KiB,True
34163099999,34163099999.csv,26386,25.77 KiB,True
34164099999,34164099999.csv,281930,275.32 KiB,True
34171099999,34171099999.csv,6086169,5.80 MiB,True
34172099999,34172099999.csv,137925,134.69 KiB,True
34186099999,34186099999.csv,1591,1.55 KiB,True
34199099999,34199099999.csv,638181,623.22 KiB,True
34202099999,34202099999.csv,1155666,1.10 MiB,True
34213099999,34213099999.csv,461356,450.54 KiB,True
34231099999,34231099999.csv,1123891,1.07 MiB,True
34238099999,34238099999.csv,1155728,1.10 MiB,True
34240099999,34240099999.csv,10649,10.40 KiB,True
34247099999,34247099999.csv,1157620,1.10 MiB,True
34253099999,34253099999.csv,433936,423.77 KiB,True
34254099999,34254099999.csv,464520,453.63 KiB,True
34262099999,34262099999.csv,501385,489.63 KiB,True
34267099999,34267099999.csv,497677,486.01 KiB,True
34273099999,34273099999.csv,580460,566.86 KiB,True
34289099999,34289099999.csv,18911,18.47 KiB,True
34300099999,34300099999.csv,1077740,1.03 MiB,True
34321099999,34321099999.csv,1143950,1.09 MiB,True
34336099999,34336099999.csv,1150662,1.10 MiB,True
34344099999,34344099999.csv,484346,472.99 KiB,True
34356099999,34356099999.csv,7868,7.68 KiB,True
34357099999,34357099999.csv,501640,489.88 KiB,True
34363099999,34363099999.csv,10829,10.58 KiB,True
34373099999,34373099999.csv,477434,466.24 KiB,True
34391099999,34391099999.csv,754745,737.06 KiB,True
34394099999,34394099999.csv,792873,774.29 KiB,True
34398099999,34398099999.csv,1112863,1.06 MiB,True
34415099999,34415099999.csv,1025197,1001.17 KiB,True
34432099999,34432099999.csv,238320,232.73 KiB,True
34438099999,34438099999.csv,508984,497.05 KiB,True
34445099999,34445099999.csv,524667,512.37 KiB,True
34461099999,34461099999.csv,475849,464.70 KiB,True
34473199999,34473199999.csv,1062301,1.01 MiB,True
34476099999,34476099999.csv,93775,91.58 KiB,True
34504099999,34504099999.csv,1038555,1014.21 KiB,True
34535099999,34535099999.csv,481776,470.48 KiB,True
34539099999,34539099999.csv,200814,196.11 KiB,True
34545099999,34545099999.csv,506693,494.82 KiB,True
34555099999,34555099999.csv,521852,509.62 KiB,True
34560099999,34560099999.csv,7161835,6.83 MiB,True
34578099999,34578099999.csv,505349,493.50 KiB,True
34579099999,34579099999.csv,72896,71.19 KiB,True
34581099999,34581099999.csv,1006249,982.67 KiB,True
34601099999,34601099999.csv,256231,250.23 KiB,True
34625099999,34625099999.csv,283564,276.92 KiB,True
34635099999,34635099999.csv,201489,196.77 KiB,True
34644099999,34644099999.csv,518935,506.77 KiB,True
34646099999,34646099999.csv,73547,71.82 KiB,True
34655099999,34655099999.csv,495847,484.23 KiB,True
34662099999,34662099999.csv,508766,496.84 KiB,True
34691099999,34691099999.csv,1078272,1.03 MiB,True
34720099999,34720099999.csv,445316,434.88 KiB,True
34725099999,34725099999.csv,193890,189.35 KiB,True
34727099999,34727099999.csv,492746,481.20 KiB,True
34735099999,34735099999.csv,198123,193.48 KiB,True
34737099999,34737099999.csv,585668,571.94 KiB,True
34740099999,34740099999.csv,158751,155.03 KiB,True
34743099999,34743099999.csv,506258,494.39 KiB,True
34759099999,34759099999.csv,85541,83.54 KiB,True
34772099999,34772099999.csv,483490,472.16 KiB,True
34785099999,34785099999.csv,500717,488.98 KiB,True
34798099999,34798099999.csv,1042440,1018.01 KiB,True
34824099999,34824099999.csv,17551,17.14 KiB,True
34825099999,34825099999.csv,206261,201.43 KiB,True
34838099999,34838099999.csv,1117332,1.07 MiB,True
34845099999,34845099999.csv,49566,48.40 KiB,True
34858099999,34858099999.csv,1152845,1.10 MiB,True
34861099999,34861099999.csv,5963004,5.69 MiB,True
34866099999,34866099999.csv,25546,24.95 KiB,True
34868099999,34868099999.csv,501300,489.55 KiB,True
34871099999,34871099999.csv,273775,267.36 KiB,True
34880099999,34880099999.csv,78982,77.13 KiB,True
34887099999,34887099999.csv,495497,483.88 KiB,True
34915099999,34915099999.csv,205941,201.11 KiB,True
34917099999,34917099999.csv,184920,180.59 KiB,True
34922099999,34922099999.csv,218571,213.45 KiB,True
34924099999,34924099999.csv,234592,229.09 KiB,True
34929099999,34929099999.csv,6036580,5.76 MiB,True
34936099999,34936099999.csv,574763,561.29 KiB,True
34937099999,34937099999.csv,206991,202.14 KiB,True
34949099999,34949099999.csv,6241757,5.95 MiB,True
34954099999,34954099999.csv,479911,468.66 KiB,True
34958099999,34958099999.csv,657242,641.84 KiB,True
34964099999,34964099999.csv,198209,193.56 KiB,True
34975099999,34975099999.csv,1153224,1.10 MiB,True
34984099999,34984099999.csv,22508,21.98 KiB,True
35001099999,35001099999.csv,673890,658.10 KiB,True
35007099999,35007099999.csv,2068,2.02 KiB,True
35011099999,35011099999.csv,21598,21.09 KiB,True
35026099999,35026099999.csv,1161667,1.11 MiB,True
35037099999,35037099999.csv,877141,856.58 KiB,True
35067599999,35067599999.csv,5870626,5.60 MiB,True
35078099999,35078099999.csv,1072336,1.02 MiB,True
35085099999,35085099999.csv,999172,975.75 KiB,True
35092099999,35092099999.csv,759750,741.94 KiB,True
35106099999,35106099999.csv,1043136,1018.69 KiB,True
35107099999,35107099999.csv,1047199,1022.66 KiB,True
35108099999,35108099999.csv,7123179,6.79 MiB,True
35117199999,35117199999.csv,1043640,1019.18 KiB,True
35118099999,35118099999.csv,1017362,993.52 KiB,True
35121099999,35121099999.csv,6312497,6.02 MiB,True
35127099999,35127099999.csv,1136120,1.08 MiB,True
35138099999,35138099999.csv,1182231,1.13 MiB,True
35167099999,35167099999.csv,776566,758.37 KiB,True
35173099999,35173099999.csv,1011701,987.99 KiB,True
35188099999,35188099999.csv,7826896,7.46 MiB,True
35217099999,35217099999.csv,1033261,1009.04 KiB,True
35229099999,35229099999.csv,7228539,6.89 MiB,True
35234099999,35234099999.csv,1026607,1002.55 KiB,True
35235099999,35235099999.csv,806800,787.89 KiB,True
35283099999,35283099999.csv,1043688,1019.23 KiB,True
35284099999,35284099999.csv,1015419,991.62 KiB,True
35302099999,35302099999.csv,1036584,1012.29 KiB,True
35315099999,35315099999.csv,1039522,1015.16 KiB,True
35325099999,35325099999.csv,1040866,1016.47 KiB,True
35334099999,35334099999.csv,786974,768.53 KiB,True
35344099999,35344099999.csv,1040940,1016.54 KiB,True
35357099999,35357099999.csv,1053044,1.00 MiB,True
35358099999,35358099999.csv,1029485,1005.36 KiB,True
35361099999,35361099999.csv,1010918,987.22 KiB,True
35363099999,35363099999.csv,1002504,979.01 KiB,True
35394099999,35394099999.csv,7469119,7.12 MiB,True
35394299999,35394299999.csv,5872227,5.60 MiB,True
35394699999,35394699999.csv,5931767,5.66 MiB,True
35394899999,35394899999.csv,6021563,5.74 MiB,True
35406099999,35406099999.csv,1019984,996.08 KiB,True
35416099999,35416099999.csv,1063671,1.01 MiB,True
35426099999,35426099999.csv,1047778,1023.22 KiB,True
35437099999,35437099999.csv,1068698,1.02 MiB,True
35449099999,35449099999.csv,1000536,977.09 KiB,True
35475099999,35475099999.csv,567972,554.66 KiB,True
35497099999,35497099999.csv,1013916,990.15 KiB,True
35498099999,35498099999.csv,1000203,976.76 KiB,True
35522099999,35522099999.csv,1032000,1007.81 KiB,True
35532099999,35532099999.csv,1035880,1011.60 KiB,True
35563099999,35563099999.csv,1032216,1008.02 KiB,True
35576099999,35576099999.csv,1018291,994.42 KiB,True
35615099999,35615099999.csv,791949,773.39 KiB,True
35662099999,35662099999.csv,677213,661.34 KiB,True
35671099999,35671099999.csv,5249664,5.01 MiB,True
35687099999,35687099999.csv,1075095,1.03 MiB,True
35699099999,35699099999.csv,1030277,1006.13 KiB,True
35700099999,35700099999.csv,1069394,1.02 MiB,True
35701099999,35701099999.csv,526438,514.10 KiB,True
35705099999,35705099999.csv,574541,561.08 KiB,True
35746099999,35746099999.csv,1082423,1.03 MiB,True
35793099999,35793099999.csv,710883,694.22 KiB,True
35796099999,35796099999.csv,1048862,1.00 MiB,True
35816099999,35816099999.csv,392116,382.93 KiB,True
35849099999,35849099999.csv,1046783,1022.25 KiB,True
35895099999,35895099999.csv,1031466,1007.29 KiB,True
35925099999,35925099999.csv,1072039,1.02 MiB,True
35927099999,35927099999.csv,1015479,991.68 KiB,True
35953099999,35953099999.csv,1066199,1.02 MiB,True
35969099999,35969099999.csv,1018832,994.95 KiB,True
36003099999,36003099999.csv,7581456,7.23 MiB,True
36012099999,36012099999.csv,1048866,1.00 MiB,True
36015099999,36015099999.csv,1034595,1010.35 KiB,True
36021099999,36021099999.csv,1130294,1.08 MiB,True
36022099999,36022099999.csv,1157590,1.10 MiB,True
36026099999,36026099999.csv,740595,723.24 KiB,True
36034099999,36034099999.csv,1174175,1.12 MiB,True
36038099999,36038099999.csv,1168503,1.11 MiB,True
36058099999,36058099999.csv,1134016,1.08 MiB,True
36061099999,36061099999.csv,1179130,1.12 MiB,True
36064099999,36064099999.csv,1169712,1.12 MiB,True
36078099999,36078099999.csv,1157868,1.10 MiB,True
36083099999,36083099999.csv,657245,641.84 KiB,True
36090099999,36090099999.csv,937096,915.13 KiB,True
36091099999,36091099999.csv,1147327,1.09 MiB,True
36092099999,36092099999.csv,1113703,1.06 MiB,True
36096099999,36096099999.csv,1212815,1.16 MiB,True
36103099999,36103099999.csv,1199822,1.14 MiB,True
36104099999,36104099999.csv,1155951,1.10 MiB,True
36126099999,36126099999.csv,1008950,985.30 KiB,True
36152099999,36152099999.csv,1058457,1.01 MiB,True
36177099999,36177099999.csv,1067882,1.02 MiB,True
36197099999,36197099999.csv,794501,775.88 KiB,True
36208099999,36208099999.csv,1058554,1.01 MiB,True
36229099999,36229099999.csv,1164073,1.11 MiB,True
36259099999,36259099999.csv,24535,23.96 KiB,True
36278099999,36278099999.csv,1134854,1.08 MiB,True
36307099999,36307099999.csv,1165136,1.11 MiB,True
36341099999,36341099999.csv,530567,518.13 KiB,True
36392099999,36392099999.csv,1020507,996.59 KiB,True
36394099999,36394099999.csv,1014903,991.12 KiB,True
36397099999,36397099999.csv,1090494,1.04 MiB,True
36418099999,36418099999.csv,1075851,1.03 MiB,True
36421099999,36421099999.csv,1014459,990.68 KiB,True
36428099999,36428099999.csv,1147665,1.09 MiB,True
36439099999,36439099999.csv,1147264,1.09 MiB,True
36498099999,36498099999.csv,1066179,1.02 MiB,True
36501099999,36501099999.csv,986943,963.81 KiB,True
36535099999,36535099999.csv,1071304,1.02 MiB,True
36619099999,36619099999.csv,843100,823.34 KiB,True
36639099999,36639099999.csv,1033130,1008.92 KiB,True
36643099999,36643099999.csv,1024615,1000.60 KiB,True
36665099999,36665099999.csv,1021237,997.30 KiB,True
36729099999,36729099999.csv,1033049,1008.84 KiB,True
36736099999,36736099999.csv,1080808,1.03 MiB,True
36773099999,36773099999.csv,1039675,1015.31 KiB,True
36777099999,36777099999.csv,1026717,1002.65 KiB,True
36785099999,36785099999.csv,726443,709.42 KiB,True
36786099999,36786099999.csv,1020539,996.62 KiB,True
36796099999,36796099999.csv,1032238,1008.04 KiB,True
36806099999,36806099999.csv,1043518,1019.06 KiB,True
36819099999,36819099999.csv,1115453,1.06 MiB,True
36821099999,36821099999.csv,1096725,1.05 MiB,True
36821599999,36821599999.csv,2606605,2.49 MiB,True
36839099999,36839099999.csv,1048267,1023.70 KiB,True
36843099999,36843099999.csv,1026974,1002.90 KiB,True
36846099999,36846099999.csv,1080752,1.03 MiB,True
36856099999,36856099999.csv,820058,800.84 KiB,True
36859099999,36859099999.csv,1096006,1.05 MiB,True
36870099999,36870099999.csv,1056156,1.01 MiB,True
36872099999,36872099999.csv,7152147,6.82 MiB,True
36883099999,36883099999.csv,722944,706.00 KiB,True
36885099999,36885099999.csv,1015560,991.76 KiB,True
36889099999,36889099999.csv,1025185,1001.16 KiB,True
36891099999,36891099999.csv,1005444,981.88 KiB,True
36894099999,36894099999.csv,1069024,1.02 MiB,True
36905099999,36905099999.csv,1082542,1.03 MiB,True
36911099999,36911099999.csv,1065317,1.02 MiB,True
36926099999,36926099999.csv,655,655.00 B,True
36934099999,36934099999.csv,1148800,1.10 MiB,True
36944099999,36944099999.csv,1113209,1.06 MiB,True
36953099999,36953099999.csv,1071438,1.02 MiB,True
36974099999,36974099999.csv,1121836,1.07 MiB,True
36982099999,36982099999.csv,1105856,1.05 MiB,True
37000899999,37000899999.csv,6021728,5.74 MiB,True
37001099999,37001099999.csv,6600670,6.29 MiB,True
37018099999,37018099999.csv,39001,38.09 KiB,True
37021099999,37021099999.csv,80292,78.41 KiB,True
37031099999,37031099999.csv,14472,14.13 KiB,True
37036099999,37036099999.csv,502785,491.00 KiB,True
37054099999,37054099999.csv,7386872,7.04 MiB,True
37058099999,37058099999.csv,486666,475.26 KiB,True
37061099999,37061099999.csv,39279,38.36 KiB,True
37085099999,37085099999.csv,487800,476.37 KiB,True
37107099999,37107099999.csv,1179961,1.13 MiB,True
37126099999,37126099999.csv,905424,884.20 KiB,True
37144099999,37144099999.csv,455464,444.79 KiB,True
37163099999,37163099999.csv,524213,511.93 KiB,True
37171099999,37171099999.csv,8418191,8.03 MiB,True
37177599999,37177599999.csv,5804756,5.54 MiB,True
37193099999,37193099999.csv,29702,29.01 KiB,True
37212099999,37212099999.csv,4986810,4.76 MiB,True
37218099999,37218099999.csv,854949,834.91 KiB,True
37228099999,37228099999.csv,15428,15.07 KiB,True
37235099999,37235099999.csv,17128,16.73 KiB,True
37244099999,37244099999.csv,21156,20.66 KiB,True
37279099999,37279099999.csv,243119,237.42 KiB,True
37298099999,37298099999.csv,700869,684.44 KiB,True
37308099999,37308099999.csv,5522217,5.27 MiB,True
37379099999,37379099999.csv,47850,46.73 KiB,True
37395099999,37395099999.csv,1063244,1.01 MiB,True
37403099999,37403099999.csv,13384,13.07 KiB,True
37409099999,37409099999.csv,1072104,1.02 MiB,True
37437099999,37437099999.csv,5691,5.56 KiB,True
37463099999,37463099999.csv,440726,430.40 KiB,True
37470099999,37470099999.csv,21554,21.05 KiB,True
37472099999,37472099999.csv,78888,77.04 KiB,True
37484099999,37484099999.csv,5947137,5.67 MiB,True
37492099999,37492099999.csv,913679,892.26 KiB,True
37496099999,37496099999.csv,854574,834.54 KiB,True
37514099999,37514099999.csv,1001361,977.89 KiB,True
37531099999,37531099999.csv,914014,892.59 KiB,True
37541099999,37541099999.csv,857590,837.49 KiB,True
37545099999,37545099999.csv,582,582.00 B,True
37549099999,37549099999.csv,1084776,1.03 MiB,True
37549199999,37549199999.csv,5113806,4.88 MiB,True
37575099999,37575099999.csv,1111990,1.06 MiB,True
37609099999,37609099999.csv,1088787,1.04 MiB,True
37618099999,37618099999.csv,1095169,1.04 MiB,True
37621099999,37621099999.csv,1075288,1.03 MiB,True
37663099999,37663099999.csv,464267,453.39 KiB,True
37675099999,37675099999.csv,1072387,1.02 MiB,True
37682099999,37682099999.csv,1007219,983.61 KiB,True
37699099999,37699099999.csv,1130354,1.08 MiB,True
37704099999,37704099999.csv,1052271,1.00 MiB,True
37711099999,37711099999.csv,1008935,985.29 KiB,True
37717099999,37717099999.csv,1125886,1.07 MiB,True
37735099999,37735099999.csv,1099337,1.05 MiB,True
37735299999,37735299999.csv,6432802,6.13 MiB,True
37747099999,37747099999.csv,2027433,1.93 MiB,True
37749099999,37749099999.csv,1085992,1.04 MiB,True
37756099999,37756099999.csv,1093049,1.04 MiB,True
37772099999,37772099999.csv,1123012,1.07 MiB,True
37781099999,37781099999.csv,601,601.00 B,True
37785099999,37785099999.csv,1145197,1.09 MiB,True
37787099999,37787099999.csv,1082285,1.03 MiB,True
37788099999,37788099999.csv,1162371,1.11 MiB,True
37792099999,37792099999.csv,1047662,1023.11 KiB,True
37801099999,37801099999.csv,1050665,1.00 MiB,True
37815099999,37815099999.csv,1069151,1.02 MiB,True
37835599999,37835599999.csv,3055429,2.91 MiB,True
37863099999,37863099999.csv,6147663,5.86 MiB,True
37863599999,37863599999.csv,6748183,6.44 MiB,True
37864099999,37864099999.csv,6785193,6.47 MiB,True
37865099999,37865099999.csv,2903628,2.77 MiB,True
37871099999,37871099999.csv,1027527,1003.44 KiB,True
37880099999,37880099999.csv,896952,875.93 KiB,True
37882099999,37882099999.csv,1061986,1.01 MiB,True
37897099999,37897099999.csv,1052996,1.00 MiB,True
37907099999,37907099999.csv,5507040,5.25 MiB,True
37914099999,37914099999.csv,481,481.00 B,True
37953099999,37953099999.csv,1075534,1.03 MiB,True
37958099999,37958099999.csv,951655,929.35 KiB,True
37985099999,37985099999.csv,4300859,4.10 MiB,True
38001099999,38001099999.csv,7062160,6.74 MiB,True
38002099999,38002099999.csv,1035265,1011.00 KiB,True
38008099999,38008099999.csv,1028627,1004.52 KiB,True
38023099999,38023099999.csv,749410,731.85 KiB,True
38049099999,38049099999.csv,229091,223.72 KiB,True
38051099999,38051099999.csv,999367,975.94 KiB,True
38062099999,38062099999.csv,5991463,5.71 MiB,True
38064099999,38064099999.csv,382033,373.08 KiB,True
38069099999,38069099999.csv,1015043,991.25 KiB,True
38099099999,38099099999.csv,990431,967.22 KiB,True
38108099999,38108099999.csv,1001459,977.99 KiB,True
38111099999,38111099999.csv,1089524,1.04 MiB,True
38141099999,38141099999.csv,1067000,1.02 MiB,True
38141199999,38141199999.csv,6012394,5.73 MiB,True
38141299999,38141299999.csv,2747070,2.62 MiB,True
38141399999,38141399999.csv,6505435,6.20 MiB,True
38141599999,38141599999.csv,5202783,4.96 MiB,True
38141699999,38141699999.csv,643741,628.65 KiB,True
38141799999,38141799999.csv,5230036,4.99 MiB,True
38146099999,38146099999.csv,719485,702.62 KiB,True
38149099999,38149099999.csv,1050718,1.00 MiB,True
38178099999,38178099999.csv,999479,976.05 KiB,True
38191099999,38191099999.csv,591222,577.37 KiB,True
38196099999,38196099999.csv,1018723,994.85 KiB,True
38198099999,38198099999.csv,1055810,1.01 MiB,True
38201099999,38201099999.csv,1064839,1.02 MiB,True
38202199999,38202199999.csv,1006007,982.43 KiB,True
38203099999,38203099999.csv,1067848,1.02 MiB,True
38207099999,38207099999.csv,1005072,981.52 KiB,True
38222099999,38222099999.csv,1029129,1005.01 KiB,True
38223099999,38223099999.csv,1087391,1.04 MiB,True
38229099999,38229099999.csv,1064566,1.02 MiB,True
38232099999,38232099999.csv,415074,405.35 KiB,True
38262099999,38262099999.csv,1009380,985.72 KiB,True
38264099999,38264099999.csv,1028762,1004.65 KiB,True
38301099999,38301099999.csv,512876,500.86 KiB,True
38313099999,38313099999.csv,609190,594.91 KiB,True
38316099999,38316099999.csv,985632,962.53 KiB,True
38318099999,38318099999.csv,797028,778.35 KiB,True
38328099999,38328099999.csv,7309495,6.97 MiB,True
38328599999,38328599999.csv,7770981,7.41 MiB,True
38334099999,38334099999.csv,1069870,1.02 MiB,True
38338099999,38338099999.csv,449947,439.40 KiB,True
38339099999,38339099999.csv,733752,716.55 KiB,True
38343099999,38343099999.csv,980965,957.97 KiB,True
38345099999,38345099999.csv,1133644,1.08 MiB,True
38351199999,38351199999.csv,954142,931.78 KiB,True
38353099999,38353099999.csv,1090106,1.04 MiB,True
38353199999,38353199999.csv,5707999,5.44 MiB,True
38388099999,38388099999.csv,914640,893.20 KiB,True
38392099999,38392099999.csv,1122738,1.07 MiB,True
38394099999,38394099999.csv,681855,665.87 KiB,True
38396099999,38396099999.csv,1054537,1.01 MiB,True
38403099999,38403099999.csv,973841,951.02 KiB,True
38403199999,38403199999.csv,5266710,5.02 MiB,True
38403299999,38403299999.csv,5054099,4.82 MiB,True
38413099999,38413099999.csv,997058,973.69 KiB,True
38427099999,38427099999.csv,686225,670.14 KiB,True
38439099999,38439099999.csv,1030529,1006.38 KiB,True
38452099999,38452099999.csv,997559,974.18 KiB,True
38457099999,38457099999.csv,6677503,6.37 MiB,True
38457399999,38457399999.csv,2838229,2.71 MiB,True
38457499999,38457499999.csv,2566727,2.45 MiB,True
38462099999,38462099999.csv,1050395,1.00 MiB,True
38473099999,38473099999.csv,1009311,985.66 KiB,True
38475099999,38475099999.csv,1133049,1.08 MiB,True
38507099999,38507099999.csv,1163816,1.11 MiB,True
38511099999,38511099999.csv,1046108,1021.59 KiB,True
38545099999,38545099999.csv,1069131,1.02 MiB,True
38551099999,38551099999.csv,638340,623.38 KiB,True
38553099999,38553099999.csv,696328,680.01 KiB,True
38565099999,38565099999.csv,887743,866.94 KiB,True
38567099999,38567099999.csv,6409341,6.11 MiB,True
38579099999,38579099999.csv,1017301,993.46 KiB,True
38582099999,38582099999.csv,748977,731.42 KiB,True
38583099999,38583099999.csv,1071047,1.02 MiB,True
38589099999,38589099999.csv,714176,697.44 KiB,True
38598099999,38598099999.csv,985584,962.48 KiB,True
38599099999,38599099999.csv,1118935,1.07 MiB,True
38602099999,38602099999.csv,547,547.00 B,True
38606099999,38606099999.csv,728299,711.23 KiB,True
38611099999,38611099999.csv,7088991,6.76 MiB,True
38613099999,38613099999.csv,1048248,1023.68 KiB,True
38615599999,38615599999.csv,5835809,5.57 MiB,True
38616099999,38616099999.csv,1053676,1.00 MiB,True
38618099999,38618099999.csv,6900438,6.58 MiB,True
38630099999,38630099999.csv,450,450.00 B,True
38647099999,38647099999.csv,1068629,1.02 MiB,True
38656099999,38656099999.csv,966174,943.53 KiB,True
38683099999,38683099999.csv,1053454,1.00 MiB,True
38685099999,38685099999.csv,673454,657.67 KiB,True
38687099999,38687099999.csv,1057038,1.01 MiB,True
38696099999,38696099999.csv,7074153,6.75 MiB,True
38699099999,38699099999.csv,701443,685.00 KiB,True
38705099999,38705099999.csv,1070191,1.02 MiB,True
38708099999,38708099999.csv,684505,668.46 KiB,True
38711099999,38711099999.csv,695846,679.54 KiB,True
38713099999,38713099999.csv,1083321,1.03 MiB,True
38715099999,38715099999.csv,1055861,1.01 MiB,True
38718099999,38718099999.csv,982814,959.78 KiB,True
38719099999,38719099999.csv,1048007,1023.44 KiB,True
38725099999,38725099999.csv,1064859,1.02 MiB,True
38734099999,38734099999.csv,519445,507.27 KiB,True
38744099999,38744099999.csv,1109931,1.06 MiB,True
38750099999,38750099999.csv,1027750,1003.66 KiB,True
38763099999,38763099999.csv,1082663,1.03 MiB,True
38774099999,38774099999.csv,1052148,1.00 MiB,True
38799099999,38799099999.csv,986359,963.24 KiB,True
38806099999,38806099999.csv,999783,976.35 KiB,True
38812099999,38812099999.csv,983579,960.53 KiB,True
38815099999,38815099999.csv,681377,665.41 KiB,True
38816099999,38816099999.csv,723785,706.82 KiB,True
38818099999,38818099999.csv,705666,689.13 KiB,True
38827099999,38827099999.csv,706650,690.09 KiB,True
38828099999,38828099999.csv,683079,667.07 KiB,True
38829099999,38829099999.csv,678696,662.79 KiB,True
38836099999,38836099999.csv,7848334,7.48 MiB,True
38838099999,38838099999.csv,1011392,987.69 KiB,True
38842099999,38842099999.csv,1037,1.01 KiB,True
38844099999,38844099999.csv,989114,965.93 KiB,True
38846099999,38846099999.csv,1130842,1.08 MiB,True
38847099999,38847099999.csv,961420,938.89 KiB,True
38851099999,38851099999.csv,1014547,990.77 KiB,True
38856099999,38856099999.csv,882405,861.72 KiB,True
38869099999,38869099999.csv,575292,561.81 KiB,True
38875099999,38875099999.csv,1040027,1015.65 KiB,True
38878099999,38878099999.csv,999017,975.60 KiB,True
38880099999,38880099999.csv,4209300,4.01 MiB,True
38886099999,38886099999.csv,1050340,1.00 MiB,True
38895099999,38895099999.csv,995703,972.37 KiB,True
38911099999,38911099999.csv,997832,974.45 KiB,True
38915099999,38915099999.csv,1047844,1023.29 KiB,True
38921099999,38921099999.csv,640550,625.54 KiB,True
38927099999,38927099999.csv,6683414,6.37 MiB,True
38930099999,38930099999.csv,379503,370.61 KiB,True
38932099999,38932099999.csv,498305,486.63 KiB,True
38933099999,38933099999.csv,1059912,1.01 MiB,True
38943099999,38943099999.csv,625,625.00 B,True
38944099999,38944099999.csv,1037539,1013.22 KiB,True
38947099999,38947099999.csv,1015353,991.56 KiB,True
38951099999,38951099999.csv,971247,948.48 KiB,True
38954099999,38954099999.csv,1058684,1.01 MiB,True
38957099999,38957099999.csv,1001831,978.35 KiB,True
38966099999,38966099999.csv,559,559.00 B,True
38974099999,38974099999.csv,1021277,997.34 KiB,True
38987099999,38987099999.csv,1016879,993.05 KiB,True
40001099999,40001099999.csv,1471743,1.40 MiB,True
40005099999,40005099999.csv,438,438.00 B,True
40007099999,40007099999.csv,1318439,1.26 MiB,True
40016099999,40016099999.csv,419,419.00 B,True
40022099999,40022099999.csv,651793,636.52 KiB,True
40025099999,40025099999.csv,3666482,3.50 MiB,True
40030099999,40030099999.csv,600259,586.19 KiB,True
40039099999,40039099999.csv,825,825.00 B,True
40045099999,40045099999.csv,418,418.00 B,True
40066099999,40066099999.csv,182590,178.31 KiB,True
40080099999,40080099999.csv,3317390,3.16 MiB,True
40100099999,40100099999.csv,3502707,3.34 MiB,True
40101099999,40101099999.csv,76708,74.91 KiB,True
40103099999,40103099999.csv,550721,537.81 KiB,True
40153099999,40153099999.csv,2519604,2.40 MiB,True
40155099999,40155099999.csv,1956221,1.87 MiB,True
40176199999,40176199999.csv,1184711,1.13 MiB,True
40179099999,40179099999.csv,2856838,2.72 MiB,True
40180099999,40180099999.csv,8690629,8.29 MiB,True
40183099999,40183099999.csv,2246128,2.14 MiB,True
40190099999,40190099999.csv,2077934,1.98 MiB,True
40192199999,40192199999.csv,1983498,1.89 MiB,True
40199099999,40199099999.csv,2535912,2.42 MiB,True
40250099999,40250099999.csv,440,440.00 B,True
40255099999,40255099999.csv,497052,485.40 KiB,True
40260099999,40260099999.csv,634085,619.22 KiB,True
40265099999,40265099999.csv,992571,969.31 KiB,True
40270099999,40270099999.csv,4274730,4.08 MiB,True
40272099999,40272099999.csv,4267955,4.07 MiB,True
40285099999,40285099999.csv,648,648.00 B,True
40296099999,40296099999.csv,407684,398.13 KiB,True
40305099999,40305099999.csv,37116,36.25 KiB,True
40310099999,40310099999.csv,648352,633.16 KiB,True
40340099999,40340099999.csv,3957322,3.77 MiB,True
40356099999,40356099999.csv,3676274,3.51 MiB,True
40357099999,40357099999.csv,3579500,3.41 MiB,True
40360099999,40360099999.csv,3595044,3.43 MiB,True
40361099999,40361099999.csv,3622996,3.46 MiB,True
40362099999,40362099999.csv,3545785,3.38 MiB,True
40373099999,40373099999.csv,3599655,3.43 MiB,True
40375099999,40375099999.csv,3607271,3.44 MiB,True
40377099999,40377099999.csv,442,442.00 B,True
40394099999,40394099999.csv,3635891,3.47 MiB,True
40400099999,40400099999.csv,3455571,3.30 MiB,True
40401099999,40401099999.csv,3924191,3.74 MiB,True
40405099999,40405099999.csv,3530627,3.37 MiB,True
40414099999,40414099999.csv,2748024,2.62 MiB,True
40415099999,40415099999.csv,3936592,3.75 MiB,True
40416099999,40416099999.csv,2600952,2.48 MiB,True
40417099999,40417099999.csv,519,519.00 B,True
40418099999,40418099999.csv,651,651.00 B,True
40419499999,40419499999.csv,859520,839.38 KiB,True
40420099999,40420099999.csv,3592296,3.43 MiB,True
40430099999,40430099999.csv,3967491,3.78 MiB,True
40435099999,40435099999.csv,991225,967.99 KiB,True
40437099999,40437099999.csv,3833761,3.66 MiB,True
40439099999,40439099999.csv,3549861,3.39 MiB,True
40550099999,40550099999.csv,153478,149.88 KiB,True
40553099999,40553099999.csv,141362,138.05 KiB,True
40573099999,40573099999.csv,156857,153.18 KiB,True
40573699999,40573699999.csv,3875267,3.70 MiB,True
40580099999,40580099999.csv,139530,136.26 KiB,True
40581099999,40581099999.csv,128465,125.45 KiB,True
40582099999,40582099999.csv,4047474,3.86 MiB,True
40585099999,40585099999.csv,128883,125.86 KiB,True
40586099999,40586099999.csv,143772,140.40 KiB,True
40587099999,40587099999.csv,63445,61.96 KiB,True
40592099999,40592099999.csv,152146,148.58 KiB,True
40594099999,40594099999.csv,142942,139.59 KiB,True
40602099999,40602099999.csv,347174,339.04 KiB,True
40603099999,40603099999.csv,425033,415.07 KiB,True
40604099999,40604099999.csv,534,534.00 B,True
40605099999,40605099999.csv,239770,234.15 KiB,True
40606099999,40606099999.csv,263852,257.67 KiB,True
40607099999,40607099999.csv,10206,9.97 KiB,True
40608099999,40608099999.csv,846278,826.44 KiB,True
40611099999,40611099999.csv,277478,270.97 KiB,True
40616099999,40616099999.csv,463,463.00 B,True
40620099999,40620099999.csv,9573,9.35 KiB,True
40621099999,40621099999.csv,797486,778.79 KiB,True
40622099999,40622099999.csv,269375,263.06 KiB,True
40623099999,40623099999.csv,2754722,2.63 MiB,True
40627099999,40627099999.csv,589,589.00 B,True
40629099999,40629099999.csv,395203,385.94 KiB,True
40631099999,40631099999.csv,216788,211.71 KiB,True
40632099999,40632099999.csv,575580,562.09 KiB,True
40633099999,40633099999.csv,408601,399.02 KiB,True
40634099999,40634099999.csv,411187,401.55 KiB,True
40635699999,40635699999.csv,3041027,2.90 MiB,True
40637099999,40637099999.csv,507808,495.91 KiB,True
40638099999,40638099999.csv,458576,447.83 KiB,True
40642099999,40642099999.csv,477726,466.53 KiB,True
40645099999,40645099999.csv,638825,623.85 KiB,True
40646099999,40646099999.csv,539894,527.24 KiB,True
40650099999,40650099999.csv,3643911,3.48 MiB,True
40655099999,40655099999.csv,518050,505.91 KiB,True
40656099999,40656099999.csv,648541,633.34 KiB,True
40657099999,40657099999.csv,714778,698.03 KiB,True
40658099999,40658099999.csv,142027,138.70 KiB,True
40660099999,40660099999.csv,690554,674.37 KiB,True
40662099999,40662099999.csv,505526,493.68 KiB,True
40664099999,40664099999.csv,738599,721.29 KiB,True
40665099999,40665099999.csv,556273,543.24 KiB,True
40666099999,40666099999.csv,525607,513.29 KiB,True
40670099999,40670099999.csv,2861097,2.73 MiB,True
40672099999,40672099999.csv,751932,734.31 KiB,True
40674099999,40674099999.csv,751651,734.03 KiB,True
40675099999,40675099999.csv,687142,671.04 KiB,True
40676099999,40676099999.csv,745650,728.17 KiB,True
40680099999,40680099999.csv,755088,737.39 KiB,True
40689099999,40689099999.csv,2776860,2.65 MiB,True
40690099999,40690099999.csv,764884,746.96 KiB,True
40691099999,40691099999.csv,509372,497.43 KiB,True
40700099999,40700099999.csv,3679134,3.51 MiB,True
40701099999,40701099999.csv,1255858,1.20 MiB,True
40703099999,40703099999.csv,2608798,2.49 MiB,True
40703699999,40703699999.csv,1422179,1.36 MiB,True
40703799999,40703799999.csv,2225688,2.12 MiB,True
40704099999,40704099999.csv,1271103,1.21 MiB,True
40706099999,40706099999.csv,8001834,7.63 MiB,True
40710099999,40710099999.csv,1356191,1.29 MiB,True
40712099999,40712099999.csv,5832027,5.56 MiB,True
40712599999,40712599999.csv,1673183,1.60 MiB,True
40712699999,40712699999.csv,1572910,1.50 MiB,True
40712799999,40712799999.csv,15565,15.20 KiB,True
40713099999,40713099999.csv,3675134,3.50 MiB,True
40716099999,40716099999.csv,1232710,1.18 MiB,True
40718099999,40718099999.csv,1370732,1.31 MiB,True
40719099999,40719099999.csv,6034756,5.76 MiB,True
40721099999,40721099999.csv,1225534,1.17 MiB,True
40723099999,40723099999.csv,4440929,4.24 MiB,True
40726099999,40726099999.csv,1211752,1.16 MiB,True
40727099999,40727099999.csv,1229270,1.17 MiB,True
40729099999,40729099999.csv,3057425,2.92 MiB,True
40730099999,40730099999.csv,4358272,4.16 MiB,True
40731099999,40731099999.csv,4481836,4.27 MiB,True
40732099999,40732099999.csv,4364465,4.16 MiB,True
40734099999,40734099999.csv,655,655.00 B,True
40735099999,40735099999.csv,693876,677.61 KiB,True
40736099999,40736099999.csv,1811250,1.73 MiB,True
40737099999,40737099999.csv,1287652,1.23 MiB,True
40738099999,40738099999.csv,4682513,4.47 MiB,True
40739099999,40739099999.csv,3615605,3.45 MiB,True
40740099999,40740099999.csv,1208265,1.15 MiB,True
40743099999,40743099999.csv,2784693,2.66 MiB,True
40745099999,40745099999.csv,7386602,7.04 MiB,True
40746099999,40746099999.csv,90484,88.36 KiB,True
40747099999,40747099999.csv,4273838,4.08 MiB,True
40754099999,40754099999.csv,8419342,8.03 MiB,True
40756099999,40756099999.csv,87398,85.35 KiB,True
40757099999,40757099999.csv,1268265,1.21 MiB,True
40762099999,40762099999.csv,1272592,1.21 MiB,True
40763099999,40763099999.csv,2193717,2.09 MiB,True
40766099999,40766099999.csv,6977292,6.65 MiB,True
40769099999,40769099999.csv,2202765,2.10 MiB,True
40770099999,40770099999.csv,94704,92.48 KiB,True
40780099999,40780099999.csv,523,523.00 B,True
40780199999,40780199999.csv,2876204,2.74 MiB,True
40780299999,40780299999.csv,4477873,4.27 MiB,True
40780399999,40780399999.csv,2506824,2.39 MiB,True
40780499999,40780499999.csv,4608644,4.40 MiB,True
40780599999,40780599999.csv,4222054,4.03 MiB,True
40780699999,40780699999.csv,4083648,3.89 MiB,True
40780799999,40780799999.csv,3289429,3.14 MiB,True
40780899999,40780899999.csv,2755225,2.63 MiB,True
40780999999,40780999999.csv,1485186,1.42 MiB,True
40782299999,40782299999.csv,4613093,4.40 MiB,True
40782399999,40782399999.csv,2872599,2.74 MiB,True
40782499999,40782499999.csv,3982786,3.80 MiB,True
40782599999,40782599999.csv,6541866,6.24 MiB,True
40782699999,40782699999.csv,3299924,3.15 MiB,True
40783099999,40783099999.csv,1222787,1.17 MiB,True
40785099999,40785099999.csv,1794757,1.71 MiB,True
40789099999,40789099999.csv,1161813,1.11 MiB,True
40791099999,40791099999.csv,2555314,2.44 MiB,True
40792099999,40792099999.csv,1219118,1.16 MiB,True
40794099999,40794099999.csv,1205409,1.15 MiB,True
40798099999,40798099999.csv,5136112,4.90 MiB,True
40800099999,40800099999.csv,7487410,7.14 MiB,True
40809099999,40809099999.csv,4310122,4.11 MiB,True
40811099999,40811099999.csv,7390017,7.05 MiB,True
40812099999,40812099999.csv,1716801,1.64 MiB,True
40818099999,40818099999.csv,1745306,1.66 MiB,True
40821099999,40821099999.csv,7300061,6.96 MiB,True
40827099999,40827099999.csv,1207975,1.15 MiB,True
40829099999,40829099999.csv,3598562,3.43 MiB,True
40831099999,40831099999.csv,4258665,4.06 MiB,True
40832099999,40832099999.csv,92634,90.46 KiB,True
40833099999,40833099999.csv,3045779,2.90 MiB,True
40835099999,40835099999.csv,3827898,3.65 MiB,True
40835199999,40835199999.csv,2392203,2.28 MiB,True
40835299999,40835299999.csv,811854,792.83 KiB,True
40835399999,40835399999.csv,410395,400.78 KiB,True
40835499999,40835499999.csv,595475,581.52 KiB,True
40835599999,40835599999.csv,1276178,1.22 MiB,True
40835699999,40835699999.csv,78242,76.41 KiB,True
40835799999,40835799999.csv,443606,433.21 KiB,True
40835999999,40835999999.csv,107759,105.23 KiB,True
40836199999,40836199999.csv,3170244,3.02 MiB,True
40841099999,40841099999.csv,5787964,5.52 MiB,True
40845099999,40845099999.csv,2388496,2.28 MiB,True
40848099999,40848099999.csv,7578265,7.23 MiB,True
40851099999,40851099999.csv,1184933,1.13 MiB,True
40853099999,40853099999.csv,1208130,1.15 MiB,True
40854099999,40854099999.csv,1329372,1.27 MiB,True
40856099999,40856099999.csv,5758731,5.49 MiB,True
40858099999,40858099999.csv,4921204,4.69 MiB,True
40859099999,40859099999.csv,3892466,3.71 MiB,True
40872099999,40872099999.csv,1164279,1.11 MiB,True
40875099999,40875099999.csv,7063471,6.74 MiB,True
40877099999,40877099999.csv,1107802,1.06 MiB,True
40878099999,40878099999.csv,1206035,1.15 MiB,True
40879099999,40879099999.csv,3746363,3.57 MiB,True
40882099999,40882099999.csv,575,575.00 B,True
40883099999,40883099999.csv,3369403,3.21 MiB,True
40893099999,40893099999.csv,3187634,3.04 MiB,True
40898099999,40898099999.csv,2827991,2.70 MiB,True
41024099999,41024099999.csv,3929450,3.75 MiB,True
41031099999,41031099999.csv,994894,971.58 KiB,True
41032099999,41032099999.csv,63944,62.45 KiB,True
41036099999,41036099999.csv,3928062,3.75 MiB,True
41055099999,41055099999.csv,3863746,3.68 MiB,True
41061099999,41061099999.csv,3707011,3.54 MiB,True
41084099999,41084099999.csv,3690795,3.52 MiB,True
41112099999,41112099999.csv,3931983,3.75 MiB,True
41114099999,41114099999.csv,3888383,3.71 MiB,True
41128099999,41128099999.csv,3869139,3.69 MiB,True
41136099999,41136099999.csv,3637772,3.47 MiB,True
41140099999,41140099999.csv,4334971,4.13 MiB,True
41150099999,41150099999.csv,5978512,5.70 MiB,True
41160099999,41160099999.csv,2176154,2.08 MiB,True
41167099999,41167099999.csv,2159989,2.06 MiB,True
41170099999,41170099999.csv,5817088,5.55 MiB,True
41170399999,41170399999.csv,6073319,5.79 MiB,True
41170599999,41170599999.csv,3718529,3.55 MiB,True
41176099999,41176099999.csv,2223434,2.12 MiB,True
41178099999,41178099999.csv,2215709,2.11 MiB,True
41184099999,41184099999.csv,3783676,3.61 MiB,True
41194099999,41194099999.csv,3953386,3.77 MiB,True
41194599999,41194599999.csv,2960858,2.82 MiB,True
41196099999,41196099999.csv,3792009,3.62 MiB,True
41198099999,41198099999.csv,7154627,6.82 MiB,True
41216099999,41216099999.csv,3559755,3.39 MiB,True
41217099999,41217099999.csv,3870474,3.69 MiB,True
41218099999,41218099999.csv,3926589,3.74 MiB,True
41240099999,41240099999.csv,3390117,3.23 MiB,True
41242099999,41242099999.csv,664141,648.58 KiB,True
41244099999,41244099999.csv,970356,947.61 KiB,True
41246099999,41246099999.csv,3561456,3.40 MiB,True
41249099999,41249099999.csv,802282,783.48 KiB,True
41250099999,41250099999.csv,797562,778.87 KiB,True
41252099999,41252099999.csv,289887,283.09 KiB,True
41253099999,41253099999.csv,800935,782.16 KiB,True
41254099999,41254099999.csv,1009015,985.37 KiB,True
41255099999,41255099999.csv,933115,911.25 KiB,True
41256099999,41256099999.csv,3817215,3.64 MiB,True
41257099999,41257099999.csv,778151,759.91 KiB,True
41258099999,41258099999.csv,801844,783.05 KiB,True
41259099999,41259099999.csv,819481,800.27 KiB,True
41262099999,41262099999.csv,936375,914.43 KiB,True
41263099999,41263099999.csv,793040,774.45 KiB,True
41264099999,41264099999.csv,2827971,2.70 MiB,True
41265099999,41265099999.csv,822564,803.29 KiB,True
41267099999,41267099999.csv,801217,782.44 KiB,True
41268099999,41268099999.csv,1026747,1002.68 KiB,True
41270099999,41270099999.csv,795058,776.42 KiB,True
41272099999,41272099999.csv,793300,774.71 KiB,True
41274099999,41274099999.csv,714033,697.30 KiB,True
41275099999,41275099999.csv,786515,768.08 KiB,True
41276099999,41276099999.csv,776885,758.68 KiB,True
41280099999,41280099999.csv,756861,739.12 KiB,True
41287099999,41287099999.csv,440445,430.12 KiB,True
41288099999,41288099999.csv,998541,975.14 KiB,True
41290099999,41290099999.csv,358131,349.74 KiB,True
41291099999,41291099999.csv,3120539,2.98 MiB,True
41292099999,41292099999.csv,790796,772.26 KiB,True
41293099999,41293099999.csv,802072,783.27 KiB,True
41295099999,41295099999.csv,611095,596.77 KiB,True
41301099999,41301099999.csv,759186,741.39 KiB,True
41304099999,41304099999.csv,780443,762.15 KiB,True
41312099999,41312099999.csv,4648,4.54 KiB,True
41314099999,41314099999.csv,1059500,1.01 MiB,True
41315099999,41315099999.csv,833857,814.31 KiB,True
41316099999,41316099999.csv,4209571,4.01 MiB,True
41436399999,41436399999.csv,811915,792.89 KiB,True
41437099999,41437099999.csv,271701,265.33 KiB,True
41438099999,41438099999.csv,115929,113.21 KiB,True
41452099999,41452099999.csv,141409,138.09 KiB,True
41480099999,41480099999.csv,1430165,1.36 MiB,True
41494099999,41494099999.csv,581,581.00 B,True
41504099999,41504099999.csv,68840,67.23 KiB,True
41506099999,41506099999.csv,490,490.00 B,True
41508099999,41508099999.csv,1938907,1.85 MiB,True
41515099999,41515099999.csv,1058803,1.01 MiB,True
41518099999,41518099999.csv,580,580.00 B,True
41520599999,41520599999.csv,1122279,1.07 MiB,True
41523099999,41523099999.csv,494,494.00 B,True
41523599999,41523599999.csv,1121940,1.07 MiB,True
41525099999,41525099999.csv,934678,912.77 KiB,True
41529099999,41529099999.csv,606,606.00 B,True
41530099999,41530099999.csv,1122802,1.07 MiB,True
41535099999,41535099999.csv,1114191,1.06 MiB,True
41536099999,41536099999.csv,1106138,1.05 MiB,True
41560099999,41560099999.csv,1084107,1.03 MiB,True
41571099999,41571099999.csv,1062009,1.01 MiB,True
41573099999,41573099999.csv,1073119,1.02 MiB,True
41592099999,41592099999.csv,497,497.00 B,True
41594099999,41594099999.csv,413208,403.52 KiB,True
41598099999,41598099999.csv,1141745,1.09 MiB,True
41599099999,41599099999.csv,607,607.00 B,True
41600099999,41600099999.csv,3490260,3.33 MiB,True
41620099999,41620099999.csv,971480,948.71 KiB,True
41624099999,41624099999.csv,1030928,1006.77 KiB,True
41630099999,41630099999.csv,1083105,1.03 MiB,True
41636099999,41636099999.csv,623,623.00 B,True
41640099999,41640099999.csv,2262494,2.16 MiB,True
41660099999,41660099999.csv,1183474,1.13 MiB,True
41671199999,41671199999.csv,2329594,2.22 MiB,True
41675099999,41675099999.csv,1180283,1.13 MiB,True
41678099999,41678099999.csv,965243,942.62 KiB,True
41685099999,41685099999.csv,1767119,1.69 MiB,True
41696099999,41696099999.csv,1047119,1022.58 KiB,True
41697099999,41697099999.csv,930588,908.78 KiB,True
41700099999,41700099999.csv,3046292,2.91 MiB,True
41710099999,41710099999.csv,965389,942.76 KiB,True
41712099999,41712099999.csv,1013332,989.58 KiB,True
41715099999,41715099999.csv,1021067,997.14 KiB,True
41718099999,41718099999.csv,1051397,1.00 MiB,True
41725099999,41725099999.csv,1180246,1.13 MiB,True
41739099999,41739099999.csv,989134,965.95 KiB,True
41744099999,41744099999.csv,1013510,989.76 KiB,True
41745099999,41745099999.csv,654174,638.84 KiB,True
41746099999,41746099999.csv,1528956,1.46 MiB,True
41748099999,41748099999.csv,519484,507.31 KiB,True
41749099999,41749099999.csv,983775,960.72 KiB,True
41756099999,41756099999.csv,1035707,1011.43 KiB,True
41759099999,41759099999.csv,1008030,984.40 KiB,True
41764099999,41764099999.csv,1032237,1008.04 KiB,True
41768099999,41768099999.csv,944888,922.74 KiB,True
41780099999,41780099999.csv,1139112,1.09 MiB,True
41781099999,41781099999.csv,529,529.00 B,True
41785099999,41785099999.csv,1402784,1.34 MiB,True
41786199999,41786199999.csv,1396637,1.33 MiB,True
41850099999,41850099999.csv,839877,820.19 KiB,True
41858099999,41858099999.csv,929936,908.14 KiB,True
41859099999,41859099999.csv,1081831,1.03 MiB,True
41862199999,41862199999.csv,910298,888.96 KiB,True
41863099999,41863099999.csv,884938,864.20 KiB,True
41883099999,41883099999.csv,944319,922.19 KiB,True
41886099999,41886099999.csv,931936,910.09 KiB,True
41891099999,41891099999.csv,1238189,1.18 MiB,True
41895099999,41895099999.csv,902402,881.25 KiB,True
41907099999,41907099999.csv,1014353,990.58 KiB,True
41909099999,41909099999.csv,916851,895.36 KiB,True
41915099999,41915099999.csv,941054,919.00 KiB,True
41922099999,41922099999.csv,6878892,6.56 MiB,True
41923099999,41923099999.csv,1050627,1.00 MiB,True
41926099999,41926099999.csv,909037,887.73 KiB,True
41929099999,41929099999.csv,889749,868.90 KiB,True
41933099999,41933099999.csv,955412,933.02 KiB,True
41936099999,41936099999.csv,1101245,1.05 MiB,True
41939099999,41939099999.csv,885079,864.33 KiB,True
41941099999,41941099999.csv,916919,895.43 KiB,True
41943099999,41943099999.csv,1059714,1.01 MiB,True
41946099999,41946099999.csv,920735,899.16 KiB,True
41947099999,41947099999.csv,915769,894.31 KiB,True
41950099999,41950099999.csv,989849,966.65 KiB,True
41951099999,41951099999.csv,946997,924.80 KiB,True
41953099999,41953099999.csv,908870,887.57 KiB,True
41958099999,41958099999.csv,875127,854.62 KiB,True
41960099999,41960099999.csv,948040,925.82 KiB,True
41963099999,41963099999.csv,758029,740.26 KiB,True
41964099999,41964099999.csv,902080,880.94 KiB,True
41965099999,41965099999.csv,542590,529.87 KiB,True
41966099999,41966099999.csv,828401,808.99 KiB,True
41977099999,41977099999.csv,938129,916.14 KiB,True
41978099999,41978099999.csv,3393471,3.24 MiB,True
41984099999,41984099999.csv,945954,923.78 KiB,True
41989099999,41989099999.csv,705046,688.52 KiB,True
41992099999,41992099999.csv,1103630,1.05 MiB,True
41998099999,41998099999.csv,393690,384.46 KiB,True
42026099999,42026099999.csv,240700,235.06 KiB,True
42027099999,42027099999.csv,1167656,1.11 MiB,True
42044099999,42044099999.csv,736670,719.40 KiB,True
42045099999,42045099999.csv,700099,683.69 KiB,True
42056099999,42056099999.csv,1109404,1.06 MiB,True
42062099999,42062099999.csv,188322,183.91 KiB,True
42063099999,42063099999.csv,606,606.00 B,True
42065099999,42065099999.csv,276052,269.58 KiB,True
42071099999,42071099999.csv,7128496,6.80 MiB,True
42077099999,42077099999.csv,265180,258.96 KiB,True
42078099999,42078099999.csv,312730,305.40 KiB,True
42079099999,42079099999.csv,1164491,1.11 MiB,True
42080199999,42080199999.csv,1234512,1.18 MiB,True
42081099999,42081099999.csv,609536,595.25 KiB,True
42083099999,42083099999.csv,548052,535.21 KiB,True
42099099999,42099099999.csv,540761,528.09 KiB,True
42101099999,42101099999.csv,1004578,981.03 KiB,True
42103099999,42103099999.csv,1056136,1.01 MiB,True
42104099999,42104099999.csv,236103,230.57 KiB,True
42105099999,42105099999.csv,1038835,1014.49 KiB,True
42108099999,42108099999.csv,1221,1.19 KiB,True
42111099999,42111099999.csv,1205710,1.15 MiB,True
42114099999,42114099999.csv,589887,576.06 KiB,True
42123099999,42123099999.csv,998997,975.58 KiB,True
42131099999,42131099999.csv,962065,939.52 KiB,True
42137099999,42137099999.csv,115913,113.20 KiB,True
42139099999,42139099999.csv,548800,535.94 KiB,True
42143099999,42143099999.csv,222119,216.91 KiB,True
42147099999,42147099999.csv,620955,606.40 KiB,True
42148099999,42148099999.csv,600024,585.96 KiB,True
42151099999,42151099999.csv,636,636.00 B,True
42165099999,42165099999.csv,987111,963.98 KiB,True
42170099999,42170099999.csv,989552,966.36 KiB,True
42174099999,42174099999.csv,194419,189.86 KiB,True
42176099999,42176099999.csv,239035,233.43 KiB,True
42177099999,42177099999.csv,232538,227.09 KiB,True
42181099999,42181099999.csv,8049528,7.68 MiB,True
42182099999,42182099999.csv,1129307,1.08 MiB,True
42187099999,42187099999.csv,152746,149.17 KiB,True
42189099999,42189099999.csv,1289583,1.23 MiB,True
42220099999,42220099999.csv,758258,740.49 KiB,True
42237099999,42237099999.csv,158217,154.51 KiB,True
42249099999,42249099999.csv,195515,190.93 KiB,True
42255099999,42255099999.csv,169888,165.91 KiB,True
42257099999,42257099999.csv,639,639.00 B,True
42258099999,42258099999.csv,420,420.00 B,True
42260099999,42260099999.csv,214237,209.22 KiB,True
42261099999,42261099999.csv,674,674.00 B,True
42262099999,42262099999.csv,263382,257.21 KiB,True
42266099999,42266099999.csv,225277,220.00 KiB,True
42271099999,42271099999.csv,255132,249.15 KiB,True
42273099999,42273099999.csv,983254,960.21 KiB,True
42279099999,42279099999.csv,1159,1.13 KiB,True
42295099999,42295099999.csv,1602,1.56 KiB,True
42296099999,42296099999.csv,276992,270.50 KiB,True
42299099999,42299099999.csv,657403,642.00 KiB,True
42309099999,42309099999.csv,3436590,3.28 MiB,True
42314099999,42314099999.csv,4253498,4.06 MiB,True
42328099999,42328099999.csv,1030054,1005.91 KiB,True
42339099999,42339099999.csv,1374789,1.31 MiB,True
42343099999,42343099999.csv,1026721,1002.66 KiB,True
42348099999,42348099999.csv,7600440,7.25 MiB,True
42361099999,42361099999.csv,1276305,1.22 MiB,True
42367099999,42367099999.csv,231001,225.59 KiB,True
42369099999,42369099999.csv,7344711,7.00 MiB,True
42372099999,42372099999.csv,578557,565.00 KiB,True
42374099999,42374099999.csv,650,650.00 B,True
42379099999,42379099999.csv,1315963,1.26 MiB,True
42382099999,42382099999.csv,614,614.00 B,True
42383099999,42383099999.csv,190328,185.87 KiB,True
42387099999,42387099999.csv,249915,244.06 KiB,True
42391099999,42391099999.csv,222451,217.24 KiB,True
42393099999,42393099999.csv,256532,250.52 KiB,True
42395099999,42395099999.csv,188231,183.82 KiB,True
42397099999,42397099999.csv,646,646.00 B,True
42398099999,42398099999.csv,498209,486.53 KiB,True
42399099999,42399099999.csv,548286,535.44 KiB,True
42403099999,42403099999.csv,567307,554.01 KiB,True
42404099999,42404099999.csv,643526,628.44 KiB,True
42407099999,42407099999.csv,238870,233.27 KiB,True
42408099999,42408099999.csv,145141,141.74 KiB,True
42409099999,42409099999.csv,17063,16.66 KiB,True
42410099999,42410099999.csv,7924992,7.56 MiB,True
42413099999,42413099999.csv,261643,255.51 KiB,True
42414099999,42414099999.csv,205362,200.55 KiB,True
42415099999,42415099999.csv,1134826,1.08 MiB,True
42420099999,42420099999.csv,223805,218.56 KiB,True
42423099999,42423099999.csv,549290,536.42 KiB,True
42423199999,42423199999.csv,258329,252.27 KiB,True
42435099999,42435099999.csv,1011628,987.92 KiB,True
42441099999,42441099999.csv,92442,90.28 KiB,True
42447099999,42447099999.csv,181572,177.32 KiB,True
42450099999,42450099999.csv,52294,51.07 KiB,True
42452099999,42452099999.csv,1099265,1.05 MiB,True
42459099999,42459099999.csv,221610,216.42 KiB,True
42460099999,42460099999.csv,123075,120.19 KiB,True
42463099999,42463099999.csv,1090596,1.04 MiB,True
42467099999,42467099999.csv,273990,267.57 KiB,True
42468099999,42468099999.csv,196636,192.03 KiB,True
42469099999,42469099999.csv,216283,211.21 KiB,True
42473099999,42473099999.csv,119844,117.04 KiB,True
42475099999,42475099999.csv,258899,252.83 KiB,True
42477099999,42477099999.csv,468,468.00 B,True
42479099999,42479099999.csv,6925713,6.60 MiB,True
42482099999,42482099999.csv,128160,125.16 KiB,True
42483099999,42483099999.csv,457815,447.08 KiB,True
42484099999,42484099999.csv,1996,1.95 KiB,True
42488099999,42488099999.csv,234263,228.77 KiB,True
42492099999,42492099999.csv,7509264,7.16 MiB,True
42498099999,42498099999.csv,1047067,1022.53 KiB,True
42499099999,42499099999.csv,221824,216.62 KiB,True
42500099999,42500099999.csv,680089,664.15 KiB,True
42503099999,42503099999.csv,1027041,1002.97 KiB,True
42506099999,42506099999.csv,247569,241.77 KiB,True
42512099999,42512099999.csv,2160671,2.06 MiB,True
42515099999,42515099999.csv,432022,421.90 KiB,True
42516099999,42516099999.csv,842669,822.92 KiB,True
42522099999,42522099999.csv,208249,203.37 KiB,True
42523099999,42523099999.csv,240760,235.12 KiB,True
42527099999,42527099999.csv,244000,238.28 KiB,True
42539099999,42539099999.csv,923884,902.23 KiB,True
42542099999,42542099999.csv,4867557,4.64 MiB,True
42546099999,42546099999.csv,177664,173.50 KiB,True
42557099999,42557099999.csv,263237,257.07 KiB,True
42559099999,42559099999.csv,1013799,990.04 KiB,True
42562099999,42562099999.csv,183337,179.04 KiB,True
42567099999,42567099999.csv,556942,543.89 KiB,True
42571099999,42571099999.csv,1028793,1004.68 KiB,True
42574099999,42574099999.csv,246116,240.35 KiB,True
42577099999,42577099999.csv,248352,242.53 KiB,True
42587099999,42587099999.csv,1077979,1.03 MiB,True
42588099999,42588099999.csv,222302,217.09 KiB,True
42591099999,42591099999.csv,5074243,4.84 MiB,True
42603099999,42603099999.csv,211991,207.02 KiB,True
42618099999,42618099999.csv,524457,512.17 KiB,True
42619099999,42619099999.csv,694250,677.98 KiB,True
42623099999,42623099999.csv,3393956,3.24 MiB,True
42631099999,42631099999.csv,925632,903.94 KiB,True
42634099999,42634099999.csv,1198762,1.14 MiB,True
42638099999,42638099999.csv,291462,284.63 KiB,True
42639099999,42639099999.csv,253539,247.60 KiB,True
42647099999,42647099999.csv,7364424,7.02 MiB,True
42654099999,42654099999.csv,237896,232.32 KiB,True
42661099999,42661099999.csv,272111,265.73 KiB,True
42662099999,42662099999.csv,289747,282.96 KiB,True
42667099999,42667099999.csv,5012947,4.78 MiB,True
42669099999,42669099999.csv,421,421.00 B,True
42671099999,42671099999.csv,1116354,1.06 MiB,True
42672099999,42672099999.csv,245298,239.55 KiB,True
42674099999,42674099999.csv,264206,258.01 KiB,True
42675099999,42675099999.csv,4484249,4.28 MiB,True
42679099999,42679099999.csv,299410,292.39 KiB,True
42693099999,42693099999.csv,1109149,1.06 MiB,True
42701099999,42701099999.csv,6653405,6.35 MiB,True
42705099999,42705099999.csv,259721,253.63 KiB,True
42705199999,42705199999.csv,1267305,1.21 MiB,True
42705299999,42705299999.csv,225675,220.39 KiB,True
42705399999,42705399999.csv,796778,778.10 KiB,True
42705599999,42705599999.csv,6922994,6.60 MiB,True
42705699999,42705699999.csv,6762423,6.45 MiB,True
42706099999,42706099999.csv,1110050,1.06 MiB,True
42708099999,42708099999.csv,519211,507.04 KiB,True
42709099999,42709099999.csv,229009,223.64 KiB,True
42711099999,42711099999.csv,235942,230.41 KiB,True
42714099999,42714099999.csv,219087,213.95 KiB,True
42715099999,42715099999.csv,296944,289.98 KiB,True
42724099999,42724099999.csv,5282606,5.04 MiB,True
42726099999,42726099999.csv,3237018,3.09 MiB,True
42727099999,42727099999.csv,98136,95.84 KiB,True
42730099999,42730099999.csv,973469,950.65 KiB,True
42731099999,42731099999.csv,979823,956.86 KiB,True
42737099999,42737099999.csv,2067081,1.97 MiB,True
42740099999,42740099999.csv,252258,246.35 KiB,True
42744099999,42744099999.csv,233613,228.14 KiB,True
42747099999,42747099999.csv,493,493.00 B,True
42748099999,42748099999.csv,1094775,1.04 MiB,True
42752099999,42752099999.csv,242880,237.19 KiB,True
42754099999,42754099999.csv,6729956,6.42 MiB,True
42763099999,42763099999.csv,574344,560.88 KiB,True
42767099999,42767099999.csv,278882,272.35 KiB,True
42768099999,42768099999.csv,502077,490.31 KiB,True
42770099999,42770099999.csv,250325,244.46 KiB,True
42771099999,42771099999.csv,251062,245.18 KiB,True
42776099999,42776099999.csv,302680,295.59 KiB,True
42779099999,42779099999.csv,1080430,1.03 MiB,True
42782099999,42782099999.csv,515784,503.70 KiB,True
42790099999,42790099999.csv,4862,4.75 KiB,True
42792099999,42792099999.csv,143316,139.96 KiB,True
42793099999,42793099999.csv,121740,118.89 KiB,True
42798099999,42798099999.csv,2978582,2.84 MiB,True
42803099999,42803099999.csv,267186,260.92 KiB,True
42805099999,42805099999.csv,234871,229.37 KiB,True
42807099999,42807099999.csv,1070536,1.02 MiB,True
42809099999,42809099999.csv,8606498,8.21 MiB,True
42811099999,42811099999.csv,1064053,1.01 MiB,True
42812099999,42812099999.csv,505322,493.48 KiB,True
42830099999,42830099999.csv,1005049,981.49 KiB,True
42832099999,42832099999.csv,279871,273.31 KiB,True
42834099999,42834099999.csv,159845,156.10 KiB,True
42837099999,42837099999.csv,244730,238.99 KiB,True
42838099999,42838099999.csv,539116,526.48 KiB,True
42840099999,42840099999.csv,976197,953.32 KiB,True
42846099999,42846099999.csv,26352,25.73 KiB,True
42849099999,42849099999.csv,264747,258.54 KiB,True
42851099999,42851099999.csv,245847,240.08 KiB,True
42855099999,42855099999.csv,227379,222.05 KiB,True
42860099999,42860099999.csv,282227,275.61 KiB,True
42867099999,42867099999.csv,8132747,7.76 MiB,True
42871099999,42871099999.csv,781136,762.83 KiB,True
42872099999,42872099999.csv,293830,286.94 KiB,True
42874099999,42874099999.csv,1085566,1.04 MiB,True
42875099999,42875099999.csv,4450928,4.24 MiB,True
42876099999,42876099999.csv,251037,245.15 KiB,True
42883099999,42883099999.csv,542697,529.98 KiB,True
42886099999,42886099999.csv,4208793,4.01 MiB,True
42891099999,42891099999.csv,574230,560.77 KiB,True
42894099999,42894099999.csv,178713,174.52 KiB,True
42895099999,42895099999.csv,1096017,1.05 MiB,True
42900099999,42900099999.csv,263911,257.73 KiB,True
42901099999,42901099999.csv,989531,966.34 KiB,True
42903099999,42903099999.csv,69934,68.29 KiB,True
42909099999,42909099999.csv,969924,947.19 KiB,True
42914099999,42914099999.csv,1268878,1.21 MiB,True
42915099999,42915099999.csv,203497,198.73 KiB,True
42916099999,42916099999.csv,271119,264.76 KiB,True
42920099999,42920099999.csv,1365761,1.30 MiB,True
42921099999,42921099999.csv,980493,957.51 KiB,True
42925099999,42925099999.csv,58650,57.28 KiB,True
42931099999,42931099999.csv,453635,443.00 KiB,True
42933099999,42933099999.csv,974805,951.96 KiB,True
42935099999,42935099999.csv,205829,201.00 KiB,True
42937099999,42937099999.csv,481679,470.39 KiB,True
42939099999,42939099999.csv,508746,496.82 KiB,True
42943099999,42943099999.csv,225014,219.74 KiB,True
42946099999,42946099999.csv,462714,451.87 KiB,True
42948099999,42948099999.csv,204822,200.02 KiB,True
42961099999,42961099999.csv,103043,100.63 KiB,True
42969099999,42969099999.csv,219295,214.16 KiB,True
42970099999,42970099999.csv,231560,226.13 KiB,True
42971099999,42971099999.csv,7694602,7.34 MiB,True
42973099999,42973099999.csv,1142135,1.09 MiB,True
42976099999,42976099999.csv,875694,855.17 KiB,True
43001099999,43001099999.csv,608751,594.48 KiB,True
43003099999,43003099999.csv,8195617,7.82 MiB,True
43005099999,43005099999.csv,255762,249.77 KiB,True
43009099999,43009099999.csv,54719,53.44 KiB,True
43011099999,43011099999.csv,161982,158.19 KiB,True
43012099999,43012099999.csv,8624,8.42 KiB,True
43013099999,43013099999.csv,953,953.00 B,True
43014099999,43014099999.csv,1954201,1.86 MiB,True
43017099999,43017099999.csv,369718,361.05 KiB,True
43019099999,43019099999.csv,522,522.00 B,True
43021099999,43021099999.csv,1119690,1.07 MiB,True
43025099999,43025099999.csv,282894,276.26 KiB,True
43029099999,43029099999.csv,431458,421.35 KiB,True
43041099999,43041099999.csv,3321365,3.17 MiB,True
43042099999,43042099999.csv,216652,211.57 KiB,True
43049099999,43049099999.csv,1211093,1.15 MiB,True
43053099999,43053099999.csv,1084567,1.03 MiB,True
43057099999,43057099999.csv,358601,350.20 KiB,True
43058099999,43058099999.csv,162621,158.81 KiB,True
43060099999,43060099999.csv,259136,253.06 KiB,True
43063099999,43063099999.csv,1098759,1.05 MiB,True
43067099999,43067099999.csv,3941,3.85 KiB,True
43069099999,43069099999.csv,217351,212.26 KiB,True
43071099999,43071099999.csv,182403,178.13 KiB,True
43076099999,43076099999.csv,263301,257.13 KiB,True
43081099999,43081099999.csv,1084221,1.03 MiB,True
43083099999,43083099999.csv,293453,286.58 KiB,True
43086099999,43086099999.csv,1117608,1.07 MiB,True
43087099999,43087099999.csv,289284,282.50 KiB,True
43097099999,43097099999.csv,218056,212.95 KiB,True
43105099999,43105099999.csv,1203286,1.15 MiB,True
43109099999,43109099999.csv,515907,503.82 KiB,True
43110099999,43110099999.csv,1053141,1.00 MiB,True
43111099999,43111099999.csv,579542,565.96 KiB,True
43113099999,43113099999.csv,296634,289.68 KiB,True
43117099999,43117099999.csv,953025,930.69 KiB,True
43121099999,43121099999.csv,526527,514.19 KiB,True
43125099999,43125099999.csv,188898,184.47 KiB,True
43128099999,43128099999.csv,5228776,4.99 MiB,True
43128599999,43128599999.csv,6655975,6.35 MiB,True
43133099999,43133099999.csv,229297,223.92 KiB,True
43136099999,43136099999.csv,181493,177.24 KiB,True
43137099999,43137099999.csv,269560,263.24 KiB,True
43147099999,43147099999.csv,1002010,978.53 KiB,True
43149099999,43149099999.csv,6868204,6.55 MiB,True
43150099999,43150099999.csv,1295681,1.24 MiB,True
43157099999,43157099999.csv,2707438,2.58 MiB,True
43158099999,43158099999.csv,462877,452.03 KiB,True
43160099999,43160099999.csv,92897,90.72 KiB,True
43161099999,43161099999.csv,171655,167.63 KiB,True
43168099999,43168099999.csv,163684,159.85 KiB,True
43169099999,43169099999.csv,150318,146.79 KiB,True
43177099999,43177099999.csv,276947,270.46 KiB,True
43181099999,43181099999.csv,5428800,5.18 MiB,True
43182099999,43182099999.csv,286098,279.39 KiB,True
43185099999,43185099999.csv,1209073,1.15 MiB,True
43187099999,43187099999.csv,1158684,1.11 MiB,True
43189099999,43189099999.csv,1149281,1.10 MiB,True
43192099999,43192099999.csv,604706,590.53 KiB,True
43194099999,43194099999.csv,2743622,2.62 MiB,True
43196099999,43196099999.csv,238801,233.20 KiB,True
43197099999,43197099999.csv,134423,131.27 KiB,True
43197199999,43197199999.csv,3189337,3.04 MiB,True
43198099999,43198099999.csv,691375,675.17 KiB,True
43200099999,43200099999.csv,187506,183.11 KiB,True
43201099999,43201099999.csv,791900,773.34 KiB,True
43201199999,43201199999.csv,3470035,3.31 MiB,True
43207099999,43207099999.csv,299484,292.46 KiB,True
43212099999,43212099999.csv,262070,255.93 KiB,True
43213099999,43213099999.csv,1133907,1.08 MiB,True
43220099999,43220099999.csv,1157423,1.10 MiB,True
43221099999,43221099999.csv,1100592,1.05 MiB,True
43225099999,43225099999.csv,566299,553.03 KiB,True
43226099999,43226099999.csv,640281,625.27 KiB,True
43227099999,43227099999.csv,71485,69.81 KiB,True
43229099999,43229099999.csv,170637,166.64 KiB,True
43230099999,43230099999.csv,69871,68.23 KiB,True
43233099999,43233099999.csv,772272,754.17 KiB,True
43237099999,43237099999.csv,1174933,1.12 MiB,True
43241099999,43241099999.csv,313230,305.89 KiB,True
43243099999,43243099999.csv,1133621,1.08 MiB,True
43245099999,43245099999.csv,1128388,1.08 MiB,True
43258099999,43258099999.csv,96654,94.39 KiB,True
43259099999,43259099999.csv,584,584.00 B,True
43260099999,43260099999.csv,95551,93.31 KiB,True
43263099999,43263099999.csv,52530,51.30 KiB,True
43266099999,43266099999.csv,274873,268.43 KiB,True
43271099999,43271099999.csv,295377,288.45 KiB,True
43272099999,43272099999.csv,84036,82.07 KiB,True
43275099999,43275099999.csv,774693,756.54 KiB,True
43277099999,43277099999.csv,295787,288.85 KiB,True
43278099999,43278099999.csv,905602,884.38 KiB,True
43279099999,43279099999.csv,8492123,8.10 MiB,True
43284099999,43284099999.csv,7736516,7.38 MiB,True
43285099999,43285099999.csv,306631,299.44 KiB,True
43289099999,43289099999.csv,155120,151.48 KiB,True
43291099999,43291099999.csv,109880,107.30 KiB,True
43295099999,43295099999.csv,1262475,1.20 MiB,True
43296099999,43296099999.csv,1076205,1.03 MiB,True
43301099999,43301099999.csv,300297,293.26 KiB,True
43302099999,43302099999.csv,299769,292.74 KiB,True
43302599999,43302599999.csv,4814531,4.59 MiB,True
43303099999,43303099999.csv,567170,553.88 KiB,True
43309099999,43309099999.csv,276423,269.94 KiB,True
43310099999,43310099999.csv,303769,296.65 KiB,True
43311099999,43311099999.csv,1097173,1.05 MiB,True
43314099999,43314099999.csv,1147197,1.09 MiB,True
43315099999,43315099999.csv,720150,703.27 KiB,True
43317099999,43317099999.csv,291245,284.42 KiB,True
43318099999,43318099999.csv,284349,277.68 KiB,True
43319099999,43319099999.csv,680,680.00 B,True
43320099999,43320099999.csv,302498,295.41 KiB,True
43321099999,43321099999.csv,7415695,7.07 MiB,True
43322099999,43322099999.csv,658,658.00 B,True
43324099999,43324099999.csv,161974,158.18 KiB,True
43325099999,43325099999.csv,572915,559.49 KiB,True
43326099999,43326099999.csv,627,627.00 B,True
43327099999,43327099999.csv,632,632.00 B,True
43329099999,43329099999.csv,1206830,1.15 MiB,True
43330099999,43330099999.csv,286162,279.46 KiB,True
43331099999,43331099999.csv,1212635,1.16 MiB,True
43333099999,43333099999.csv,1285391,1.23 MiB,True
43334099999,43334099999.csv,1660,1.62 KiB,True
43335099999,43335099999.csv,258682,252.62 KiB,True
43338099999,43338099999.csv,300352,293.31 KiB,True
43339099999,43339099999.csv,328674,320.97 KiB,True
43340099999,43340099999.csv,282138,275.53 KiB,True
43341099999,43341099999.csv,290580,283.77 KiB,True
43342099999,43342099999.csv,298501,291.50 KiB,True
43344099999,43344099999.csv,8143949,7.77 MiB,True
43346099999,43346099999.csv,1234398,1.18 MiB,True
43347099999,43347099999.csv,1182966,1.13 MiB,True
43348099999,43348099999.csv,1199734,1.14 MiB,True
43349099999,43349099999.csv,623,623.00 B,True
43352099999,43352099999.csv,514613,502.55 KiB,True
43353099999,43353099999.csv,1072769,1.02 MiB,True
43354099999,43354099999.csv,252667,246.75 KiB,True
43355099999,43355099999.csv,255735,249.74 KiB,True
43356099999,43356099999.csv,230334,224.94 KiB,True
43357099999,43357099999.csv,240192,234.56 KiB,True
43359099999,43359099999.csv,248525,242.70 KiB,True
43360099999,43360099999.csv,5345250,5.10 MiB,True
43361099999,43361099999.csv,1191322,1.14 MiB,True
43363099999,43363099999.csv,1120971,1.07 MiB,True
43364099999,43364099999.csv,291346,284.52 KiB,True
43367099999,43367099999.csv,291584,284.75 KiB,True
43368099999,43368099999.csv,92785,90.61 KiB,True
43369099999,43369099999.csv,1092073,1.04 MiB,True
43371099999,43371099999.csv,1272697,1.21 MiB,True
43372099999,43372099999.csv,7645845,7.29 MiB,True
43376099999,43376099999.csv,267001,260.74 KiB,True
43377099999,43377099999.csv,1149512,1.10 MiB,True
43379099999,43379099999.csv,198776,194.12 KiB,True
43382099999,43382099999.csv,298851,291.85 KiB,True
43399099999,43399099999.csv,2631324,2.51 MiB,True
43404099999,43404099999.csv,874101,853.61 KiB,True
43410099999,43410099999.csv,883212,862.51 KiB,True
43413099999,43413099999.csv,1264071,1.21 MiB,True
43415099999,43415099999.csv,835284,815.71 KiB,True
43418099999,43418099999.csv,1252261,1.19 MiB,True
43421099999,43421099999.csv,1232868,1.18 MiB,True
43422099999,43422099999.csv,884935,864.19 KiB,True
43424099999,43424099999.csv,1225996,1.17 MiB,True
43436099999,43436099999.csv,1273457,1.21 MiB,True
43441099999,43441099999.csv,1267243,1.21 MiB,True
43444099999,43444099999.csv,1261935,1.20 MiB,True
43450099999,43450099999.csv,4801424,4.58 MiB,True
43466099999,43466099999.csv,1293666,1.23 MiB,True
43467099999,43467099999.csv,1637200,1.56 MiB,True
43473099999,43473099999.csv,1316290,1.26 MiB,True
43475099999,43475099999.csv,869052,848.68 KiB,True
43476099999,43476099999.csv,922511,900.89 KiB,True
43479099999,43479099999.csv,887433,866.63 KiB,True
43486099999,43486099999.csv,1299950,1.24 MiB,True
43495099999,43495099999.csv,1282090,1.22 MiB,True
43497099999,43497099999.csv,3713860,3.54 MiB,True
43533099999,43533099999.csv,860121,839.96 KiB,True
43555099999,43555099999.csv,4267828,4.07 MiB,True
43577099999,43577099999.csv,860499,840.33 KiB,True
43588099999,43588099999.csv,869704,849.32 KiB,True
43599099999,43599099999.csv,4009337,3.82 MiB,True
44203099999,44203099999.csv,1221328,1.16 MiB,True
44207099999,44207099999.csv,1201314,1.15 MiB,True
44210099999,44210099999.csv,1164465,1.11 MiB,True
44212099999,44212099999.csv,1195270,1.14 MiB,True
44213099999,44213099999.csv,1168328,1.11 MiB,True
44214099999,44214099999.csv,1123415,1.07 MiB,True
44215099999,44215099999.csv,1252943,1.19 MiB,True
44216099999,44216099999.csv,1221763,1.17 MiB,True
44217099999,44217099999.csv,1138036,1.09 MiB,True
44218099999,44218099999.csv,1185306,1.13 MiB,True
44219099999,44219099999.csv,1149763,1.10 MiB,True
44221099999,44221099999.csv,1193160,1.14 MiB,True
44224099999,44224099999.csv,1187839,1.13 MiB,True
44225099999,44225099999.csv,1219433,1.16 MiB,True
44229099999,44229099999.csv,1158141,1.10 MiB,True
44230099999,44230099999.csv,1173498,1.12 MiB,True
44231099999,44231099999.csv,1156241,1.10 MiB,True
44232099999,44232099999.csv,1189795,1.13 MiB,True
44236099999,44236099999.csv,630,630.00 B,True
44237099999,44237099999.csv,1224898,1.17 MiB,True
44239099999,44239099999.csv,1186919,1.13 MiB,True
44240099999,44240099999.csv,632,632.00 B,True
44241099999,44241099999.csv,1166188,1.11 MiB,True
44242099999,44242099999.csv,1141670,1.09 MiB,True
44243099999,44243099999.csv,1205749,1.15 MiB,True
44245099999,44245099999.csv,631,631.00 B,True
44254099999,44254099999.csv,1147279,1.09 MiB,True
44256099999,44256099999.csv,1188926,1.13 MiB,True
44257099999,44257099999.csv,1169848,1.12 MiB,True
44259099999,44259099999.csv,1150340,1.10 MiB,True
44264099999,44264099999.csv,684,684.00 B,True
44265099999,44265099999.csv,1163473,1.11 MiB,True
44266099999,44266099999.csv,1195208,1.14 MiB,True
44272099999,44272099999.csv,1165913,1.11 MiB,True
44275099999,44275099999.csv,1139022,1.09 MiB,True
44277099999,44277099999.csv,1196888,1.14 MiB,True
44282099999,44282099999.csv,1193997,1.14 MiB,True
44284099999,44284099999.csv,1157740,1.10 MiB,True
44285099999,44285099999.csv,1163846,1.11 MiB,True
44286099999,44286099999.csv,1168950,1.11 MiB,True
44287099999,44287099999.csv,1181721,1.13 MiB,True
44288099999,44288099999.csv,1012290,988.56 KiB,True
44290099999,44290099999.csv,652,652.00 B,True
44291099999,44291099999.csv,1162144,1.11 MiB,True
44292099999,44292099999.csv,4497128,4.29 MiB,True
44294099999,44294099999.csv,1109159,1.06 MiB,True
44297099999,44297099999.csv,633,633.00 B,True
44298099999,44298099999.csv,1126241,1.07 MiB,True
44302099999,44302099999.csv,1194752,1.14 MiB,True
44304099999,44304099999.csv,1038103,1013.77 KiB,True
44305099999,44305099999.csv,1191503,1.14 MiB,True
44313099999,44313099999.csv,1196217,1.14 MiB,True
44314099999,44314099999.csv,1190318,1.14 MiB,True
44317099999,44317099999.csv,1155666,1.10 MiB,True
44325099999,44325099999.csv,1114397,1.06 MiB,True
44329099999,44329099999.csv,1207274,1.15 MiB,True
44336099999,44336099999.csv,1157574,1.10 MiB,True
44338099999,44338099999.csv,1181032,1.13 MiB,True
44341099999,44341099999.csv,1161744,1.11 MiB,True
44347099999,44347099999.csv,1162136,1.11 MiB,True
44348099999,44348099999.csv,1215121,1.16 MiB,True
44352099999,44352099999.csv,1166976,1.11 MiB,True
44354099999,44354099999.csv,985174,962.08 KiB,True
44358099999,44358099999.csv,1166423,1.11 MiB,True
44373099999,44373099999.csv,1147861,1.09 MiB,True
44374099999,44374099999.csv,1137964,1.09 MiB,True
44385099999,44385099999.csv,1144180,1.09 MiB,True
44386099999,44386099999.csv,1234624,1.18 MiB,True
44404099999,44404099999.csv,605607,591.41 KiB,True
44406099999,44406099999.csv,609846,595.55 KiB,True
44409099999,44409099999.csv,614255,599.86 KiB,True
44416099999,44416099999.csv,588448,574.66 KiB,True
44418099999,44418099999.csv,580475,566.87 KiB,True
44424099999,44424099999.csv,614427,600.03 KiB,True
44429099999,44429099999.csv,593592,579.68 KiB,True
44434099999,44434099999.csv,651128,635.87 KiB,True
44438099999,44438099999.csv,604560,590.39 KiB,True
44449099999,44449099999.csv,595583,581.62 KiB,True
44454099999,44454099999.csv,8301064,7.92 MiB,True
44462099999,44462099999.csv,592099,578.22 KiB,True
44474099999,44474099999.csv,623486,608.87 KiB,True
44477099999,44477099999.csv,618361,603.87 KiB,True
44478099999,44478099999.csv,582194,568.55 KiB,True
45007099999,45007099999.csv,8795467,8.39 MiB,True
45011099999,45011099999.csv,7928743,7.56 MiB,True
45032099999,45032099999.csv,844891,825.09 KiB,True
45034099999,45034099999.csv,584,584.00 B,True
45035099999,45035099999.csv,760851,743.02 KiB,True
45039099999,45039099999.csv,709577,692.95 KiB,True
45044099999,45044099999.csv,741668,724.29 KiB,True
45045099999,45045099999.csv,718985,702.13 KiB,True
46686099999,46686099999.csv,8534170,8.14 MiB,True
46696099999,46696099999.csv,7337992,7.00 MiB,True
46740099999,46740099999.csv,7416698,7.07 MiB,True
46740399999,46740399999.csv,5431935,5.18 MiB,True
46743099999,46743099999.csv,6665467,6.36 MiB,True
46770099999,46770099999.csv,7302926,6.96 MiB,True
47003099999,47003099999.csv,1052141,1.00 MiB,True
47005099999,47005099999.csv,1041398,1016.99 KiB,True
47008099999,47008099999.csv,1104549,1.05 MiB,True
47014099999,47014099999.csv,1045373,1020.87 KiB,True
47016099999,47016099999.csv,1029057,1004.94 KiB,True
47020099999,47020099999.csv,1008947,985.30 KiB,True
47022099999,47022099999.csv,1017627,993.78 KiB,True
47025099999,47025099999.csv,1051554,1.00 MiB,True
47028099999,47028099999.csv,1016331,992.51 KiB,True
47031099999,47031099999.csv,1038599,1014.26 KiB,True
47031199999,47031199999.csv,3058513,2.92 MiB,True
47031299999,47031299999.csv,2715988,2.59 MiB,True
47035099999,47035099999.csv,1053546,1.00 MiB,True
47037099999,47037099999.csv,1040137,1015.76 KiB,True
47039099999,47039099999.csv,1045227,1020.73 KiB,True
47041099999,47041099999.csv,1038290,1013.96 KiB,True
47046099999,47046099999.csv,1100356,1.05 MiB,True
47050099999,47050099999.csv,997357,973.98 KiB,True
47052099999,47052099999.csv,1042865,1018.42 KiB,True
47055099999,47055099999.csv,1040532,1016.14 KiB,True
47058099999,47058099999.csv,1109491,1.06 MiB,True
47060099999,47060099999.csv,1056219,1.01 MiB,True
47061099999,47061099999.csv,1089005,1.04 MiB,True
47065099999,47065099999.csv,1010070,986.40 KiB,True
47067099999,47067099999.csv,894339,873.38 KiB,True
47068099999,47068099999.csv,1034206,1009.97 KiB,True
47069099999,47069099999.csv,1056356,1.01 MiB,True
47070099999,47070099999.csv,1028078,1003.98 KiB,True
47075099999,47075099999.csv,1047580,1023.03 KiB,True
47088099999,47088099999.csv,1357210,1.29 MiB,True
47090099999,47090099999.csv,2805677,2.68 MiB,True
47092099999,47092099999.csv,3488909,3.33 MiB,True
47095099999,47095099999.csv,2753439,2.63 MiB,True
47097099999,47097099999.csv,2822136,2.69 MiB,True
47098099999,47098099999.csv,2668844,2.55 MiB,True
47099099999,47099099999.csv,2623786,2.50 MiB,True
47100099999,47100099999.csv,2954172,2.82 MiB,True
47101099999,47101099999.csv,2500390,2.38 MiB,True
47102099999,47102099999.csv,2921938,2.79 MiB,True
47103099999,47103099999.csv,3634613,3.47 MiB,True
47103499999,47103499999.csv,3569135,3.40 MiB,True
47104099999,47104099999.csv,2812384,2.68 MiB,True
47105099999,47105099999.csv,2870159,2.74 MiB,True
47106099999,47106099999.csv,2669903,2.55 MiB,True
47107099999,47107099999.csv,4305460,4.11 MiB,True
47107499999,47107499999.csv,1261966,1.20 MiB,True
47108099999,47108099999.csv,2864935,2.73 MiB,True
47108499999,47108499999.csv,1382599,1.32 MiB,True
47108599999,47108599999.csv,3441173,3.28 MiB,True
47108699999,47108699999.csv,1321355,1.26 MiB,True
47109499999,47109499999.csv,3649854,3.48 MiB,True
47110099999,47110099999.csv,3034760,2.89 MiB,True
47111099999,47111099999.csv,6487159,6.19 MiB,True
47112099999,47112099999.csv,2834871,2.70 MiB,True
47113199999,47113199999.csv,5985434,5.71 MiB,True
47114099999,47114099999.csv,7198130,6.86 MiB,True
47115099999,47115099999.csv,3213954,3.07 MiB,True
47116599999,47116599999.csv,3772015,3.60 MiB,True
47119099999,47119099999.csv,3014493,2.87 MiB,True
47120099999,47120099999.csv,3718528,3.55 MiB,True
47120599999,47120599999.csv,471917,460.86 KiB,True
47121099999,47121099999.csv,2862507,2.73 MiB,True
47122099999,47122099999.csv,4439251,4.23 MiB,True
47122399999,47122399999.csv,1466596,1.40 MiB,True
47124099999,47124099999.csv,4077534,3.89 MiB,True
47125099999,47125099999.csv,4111799,3.92 MiB,True
47127043216,47127043216.csv,4994683,4.76 MiB,True
47128099999,47128099999.csv,3369303,3.21 MiB,True
47129099999,47129099999.csv,2680173,2.56 MiB,True
47130099999,47130099999.csv,2743686,2.62 MiB,True
47131099999,47131099999.csv,2810769,2.68 MiB,True
47131599999,47131599999.csv,1405362,1.34 MiB,True
47133099999,47133099999.csv,6589977,6.28 MiB,True
47134099999,47134099999.csv,3742263,3.57 MiB,True
47135099999,47135099999.csv,2666231,2.54 MiB,True
47136099999,47136099999.csv,2766824,2.64 MiB,True
47137099999,47137099999.csv,2776431,2.65 MiB,True
47138099999,47138099999.csv,3065917,2.92 MiB,True
47139099999,47139099999.csv,21358,20.86 KiB,True
47140099999,47140099999.csv,2737536,2.61 MiB,True
47141043219,47141043219.csv,5910411,5.64 MiB,True
47142099999,47142099999.csv,3119523,2.98 MiB,True
47143099999,47143099999.csv,3153827,3.01 MiB,True
47145099999,47145099999.csv,2787698,2.66 MiB,True
47146099999,47146099999.csv,2872401,2.74 MiB,True
47150099999,47150099999.csv,2848142,2.72 MiB,True
47152099999,47152099999.csv,2823096,2.69 MiB,True
47153099999,47153099999.csv,3485987,3.32 MiB,True
47154099999,47154099999.csv,2662634,2.54 MiB,True
47155099999,47155099999.csv,3069204,2.93 MiB,True
47156099999,47156099999.csv,2802697,2.67 MiB,True
47157099999,47157099999.csv,2661248,2.54 MiB,True
47158099999,47158099999.csv,25564,24.96 KiB,True
47159099999,47159099999.csv,2763540,2.64 MiB,True
47161043240,47161043240.csv,23738,23.18 KiB,True
47162099999,47162099999.csv,2818058,2.69 MiB,True
47163099999,47163099999.csv,3694998,3.52 MiB,True
47165099999,47165099999.csv,2875417,2.74 MiB,True
47167099999,47167099999.csv,7270,7.10 KiB,True
47168099999,47168099999.csv,2773621,2.65 MiB,True
47169099999,47169099999.csv,2892589,2.76 MiB,True
47170099999,47170099999.csv,2758023,2.63 MiB,True
47171099999,47171099999.csv,2657989,2.53 MiB,True
47172099999,47172099999.csv,2714874,2.59 MiB,True
47173099999,47173099999.csv,2652467,2.53 MiB,True
47174099999,47174099999.csv,2707384,2.58 MiB,True
47179099999,47179099999.csv,3587385,3.42 MiB,True
47182099999,47182099999.csv,3511199,3.35 MiB,True
47184099999,47184099999.csv,3180247,3.03 MiB,True
47185043263,47185043263.csv,2918455,2.78 MiB,True
47187043263,47187043263.csv,3870472,3.69 MiB,True
47188099999,47188099999.csv,2747618,2.62 MiB,True
47189099999,47189099999.csv,3131961,2.99 MiB,True
47192099999,47192099999.csv,2840957,2.71 MiB,True
47401099999,47401099999.csv,2222934,2.12 MiB,True
47402099999,47402099999.csv,2015923,1.92 MiB,True
47404099999,47404099999.csv,1926841,1.84 MiB,True
47405099999,47405099999.csv,1951462,1.86 MiB,True
47406099999,47406099999.csv,1933337,1.84 MiB,True
47407099999,47407099999.csv,2198778,2.10 MiB,True
47409099999,47409099999.csv,2190275,2.09 MiB,True
47411099999,47411099999.csv,1970636,1.88 MiB,True
47412099999,47412099999.csv,2482802,2.37 MiB,True
47413099999,47413099999.csv,1977647,1.89 MiB,True
47417099999,47417099999.csv,1949219,1.86 MiB,True
47418099999,47418099999.csv,2098099,2.00 MiB,True
47420099999,47420099999.csv,2163231,2.06 MiB,True
47421099999,47421099999.csv,2147748,2.05 MiB,True
47423099999,47423099999.csv,2002701,1.91 MiB,True
47424099999,47424099999.csv,1927778,1.84 MiB,True
47425099999,47425099999.csv,7643084,7.29 MiB,True
47426099999,47426099999.csv,2168109,2.07 MiB,True
47428099999,47428099999.csv,1959265,1.87 MiB,True
47430099999,47430099999.csv,2154691,2.05 MiB,True
47433099999,47433099999.csv,1920494,1.83 MiB,True
47434099999,47434099999.csv,5895823,5.62 MiB,True
47435099999,47435099999.csv,1901710,1.81 MiB,True
47440099999,47440099999.csv,1903136,1.81 MiB,True
47441099999,47441099999.csv,2247748,2.14 MiB,True
47474099999,47474099999.csv,1409349,1.34 MiB,True
47476099999,47476099999.csv,3003131,2.86 MiB,True
47477099999,47477099999.csv,1456564,1.39 MiB,True
47479099999,47479099999.csv,2861231,2.73 MiB,True
47481099999,47481099999.csv,2252332,2.15 MiB,True
47483099999,47483099999.csv,1754098,1.67 MiB,True
47488099999,47488099999.csv,3093481,2.95 MiB,True
47489099999,47489099999.csv,3053820,2.91 MiB,True
47490099999,47490099999.csv,2292939,2.19 MiB,True
47490599999,47490599999.csv,1437850,1.37 MiB,True
47512099999,47512099999.csv,1925054,1.84 MiB,True
47515099999,47515099999.csv,4751500,4.53 MiB,True
47520099999,47520099999.csv,1956048,1.87 MiB,True
47542099999,47542099999.csv,3372592,3.22 MiB,True
47545099999,47545099999.csv,3547044,3.38 MiB,True
47549099999,47549099999.csv,2216202,2.11 MiB,True
47553099999,47553099999.csv,2245666,2.14 MiB,True
47557099999,47557099999.csv,2490650,2.38 MiB,True
47569099999,47569099999.csv,2510356,2.39 MiB,True
47570099999,47570099999.csv,2199133,2.10 MiB,True
47573043318,47573043318.csv,3402981,3.25 MiB,True
47574099999,47574099999.csv,1938954,1.85 MiB,True
47575099999,47575099999.csv,2198382,2.10 MiB,True
47576099999,47576099999.csv,1953916,1.86 MiB,True
47580044402,47580044402.csv,6846478,6.53 MiB,True
47581099999,47581099999.csv,1963594,1.87 MiB,True
47582099999,47582099999.csv,2015965,1.92 MiB,True
47583099999,47583099999.csv,2220199,2.12 MiB,True
47584099999,47584099999.csv,2137805,2.04 MiB,True
47585099999,47585099999.csv,1881498,1.79 MiB,True
47587099999,47587099999.csv,1907320,1.82 MiB,True
47587499999,47587499999.csv,2447218,2.33 MiB,True
47588099999,47588099999.csv,1909852,1.82 MiB,True
47590099999,47590099999.csv,2414128,2.30 MiB,True
47591099999,47591099999.csv,4983774,4.75 MiB,True
47592099999,47592099999.csv,1911757,1.82 MiB,True
47595099999,47595099999.csv,1954024,1.86 MiB,True
47597099999,47597099999.csv,1957827,1.87 MiB,True
47598099999,47598099999.csv,1839875,1.75 MiB,True
47600099999,47600099999.csv,2005588,1.91 MiB,True
47602099999,47602099999.csv,1927443,1.84 MiB,True
47604099999,47604099999.csv,2426137,2.31 MiB,True
47605099999,47605099999.csv,2184981,2.08 MiB,True
47606099999,47606099999.csv,1875750,1.79 MiB,True
47607099999,47607099999.csv,1907834,1.82 MiB,True
47610099999,47610099999.csv,2008013,1.91 MiB,True
47612099999,47612099999.csv,1866243,1.78 MiB,True
47615099999,47615099999.csv,1914183,1.83 MiB,True
47616099999,47616099999.csv,1912171,1.82 MiB,True
47617099999,47617099999.csv,1888782,1.80 MiB,True
47618099999,47618099999.csv,1888317,1.80 MiB,True
47620099999,47620099999.csv,1874042,1.79 MiB,True
47622099999,47622099999.csv,1967734,1.88 MiB,True
47624099999,47624099999.csv,2116400,2.02 MiB,True
47626099999,47626099999.csv,1893519,1.81 MiB,True
47629099999,47629099999.csv,2014708,1.92 MiB,True
47631099999,47631099999.csv,1903191,1.82 MiB,True
47632099999,47632099999.csv,1865207,1.78 MiB,True
47634099999,47634099999.csv,4510993,4.30 MiB,True
47634599999,47634599999.csv,7663926,7.31 MiB,True
47635099999,47635099999.csv,4284834,4.09 MiB,True
47636099999,47636099999.csv,2444151,2.33 MiB,True
47637099999,47637099999.csv,1907828,1.82 MiB,True
47638099999,47638099999.csv,1867820,1.78 MiB,True
47639099999,47639099999.csv,1641392,1.57 MiB,True
47640099999,47640099999.csv,1981454,1.89 MiB,True
47641099999,47641099999.csv,1927225,1.84 MiB,True
47642043313,47642043313.csv,4900237,4.67 MiB,True
47643099999,47643099999.csv,4751024,4.53 MiB,True
47643599999,47643599999.csv,1461214,1.39 MiB,True
47648099999,47648099999.csv,2104848,2.01 MiB,True
47649099999,47649099999.csv,1887182,1.80 MiB,True
47651099999,47651099999.csv,2011476,1.92 MiB,True
47653099999,47653099999.csv,1860298,1.77 MiB,True
47654099999,47654099999.csv,1900653,1.81 MiB,True
47655099999,47655099999.csv,2102145,2.00 MiB,True
47656099999,47656099999.csv,1884518,1.80 MiB,True
47657099999,47657099999.csv,1917319,1.83 MiB,True
47658099999,47658099999.csv,4793219,4.57 MiB,True
47661043321,47661043321.csv,1901046,1.81 MiB,True
47662099999,47662099999.csv,2414430,2.30 MiB,True
47663099999,47663099999.csv,1861287,1.78 MiB,True
47666099999,47666099999.csv,1844802,1.76 MiB,True
47668099999,47668099999.csv,1834024,1.75 MiB,True
47670099999,47670099999.csv,1896179,1.81 MiB,True
47671099999,47671099999.csv,7379221,7.04 MiB,True
47671399999,47671399999.csv,818842,799.65 KiB,True
47672099999,47672099999.csv,1912921,1.82 MiB,True
47674099999,47674099999.csv,1890928,1.80 MiB,True
47674199999,47674199999.csv,1527562,1.46 MiB,True
47674299999,47674299999.csv,2243767,2.14 MiB,True
47675099999,47675099999.csv,2100377,2.00 MiB,True
47677099999,47677099999.csv,1932460,1.84 MiB,True
47678099999,47678099999.csv,2066798,1.97 MiB,True
47679043319,47679043319.csv,3947184,3.76 MiB,True
47680099999,47680099999.csv,3818321,3.64 MiB,True
47681099999,47681099999.csv,4725166,4.51 MiB,True
47682099999,47682099999.csv,1812765,1.73 MiB,True
47683099999,47683099999.csv,1433387,1.37 MiB,True
47684099999,47684099999.csv,1941069,1.85 MiB,True
47686099999,47686099999.csv,8007908,7.64 MiB,True
47687099999,47687099999.csv,1368855,1.31 MiB,True
47688099999,47688099999.csv,4002389,3.82 MiB,True
47690099999,47690099999.csv,1967513,1.88 MiB,True
47692099999,47692099999.csv,1464988,1.40 MiB,True
47704099999,47704099999.csv,5968163,5.69 MiB,True
47707099999,47707099999.csv,2600717,2.48 MiB,True
47709099999,47709099999.csv,1741897,1.66 MiB,True
47715099999,47715099999.csv,4886235,4.66 MiB,True
47727099999,47727099999.csv,3922416,3.74 MiB,True
47735099999,47735099999.csv,1434669,1.37 MiB,True
47739099999,47739099999.csv,2680686,2.56 MiB,True
47740099999,47740099999.csv,2104917,2.01 MiB,True
47741099999,47741099999.csv,2007782,1.91 MiB,True
47742099999,47742099999.csv,1895471,1.81 MiB,True
47743099999,47743099999.csv,5182060,4.94 MiB,True
47744099999,47744099999.csv,1920668,1.83 MiB,True
47746099999,47746099999.csv,2171701,2.07 MiB,True
47747099999,47747099999.csv,1940660,1.85 MiB,True
47747399999,47747399999.csv,1750468,1.67 MiB,True
47750099999,47750099999.csv,2024008,1.93 MiB,True
47754099999,47754099999.csv,1866328,1.78 MiB,True
47755099999,47755099999.csv,1880119,1.79 MiB,True
47756099999,47756099999.csv,1950710,1.86 MiB,True
47759099999,47759099999.csv,1911368,1.82 MiB,True
47761099999,47761099999.csv,1890242,1.80 MiB,True
47762099999,47762099999.csv,1923124,1.83 MiB,True
47764143324,47764143324.csv,4130233,3.94 MiB,True
47765099999,47765099999.csv,2416147,2.30 MiB,True
47766099999,47766099999.csv,1859256,1.77 MiB,True
47767099999,47767099999.csv,1848426,1.76 MiB,True
47768099999,47768099999.csv,1918911,1.83 MiB,True
47769099999,47769099999.csv,1914539,1.83 MiB,True
47770099999,47770099999.csv,1858056,1.77 MiB,True
47771099999,47771099999.csv,3706000,3.53 MiB,True
47772099999,47772099999.csv,2432122,2.32 MiB,True
47774099999,47774099999.csv,7448393,7.10 MiB,True
47776099999,47776099999.csv,1888849,1.80 MiB,True
47777099999,47777099999.csv,1924032,1.83 MiB,True
47778099999,47778099999.csv,1997284,1.90 MiB,True
47779099999,47779099999.csv,1789227,1.71 MiB,True
47780099999,47780099999.csv,1875690,1.79 MiB,True
47782099999,47782099999.csv,1971861,1.88 MiB,True
47783099999,47783099999.csv,1884489,1.80 MiB,True
47784099999,47784099999.csv,1950749,1.86 MiB,True
47786099999,47786099999.csv,2458885,2.34 MiB,True
47787099999,47787099999.csv,4069820,3.88 MiB,True
47788099999,47788099999.csv,5047346,4.81 MiB,True
47789099999,47789099999.csv,2831247,2.70 MiB,True
47790099999,47790099999.csv,2461547,2.35 MiB,True
47793099999,47793099999.csv,2613667,2.49 MiB,True
47794099999,47794099999.csv,2817393,2.69 MiB,True
47799099999,47799099999.csv,2123930,2.03 MiB,True
47800099999,47800099999.csv,2141905,2.04 MiB,True
47803099999,47803099999.csv,4850725,4.63 MiB,True
47805099999,47805099999.csv,1892263,1.80 MiB,True
47807099999,47807099999.csv,2447742,2.33 MiB,True
47808099999,47808099999.csv,7434036,7.09 MiB,True
47809099999,47809099999.csv,1856218,1.77 MiB,True
47810099999,47810099999.csv,2682249,2.56 MiB,True
47812099999,47812099999.csv,1917775,1.83 MiB,True
47813099999,47813099999.csv,1872068,1.79 MiB,True
47814099999,47814099999.csv,1917639,1.83 MiB,True
47815099999,47815099999.csv,2132459,2.03 MiB,True
47817099999,47817099999.csv,2159039,2.06 MiB,True
47818099999,47818099999.csv,1950278,1.86 MiB,True
47819099999,47819099999.csv,1897575,1.81 MiB,True
47822099999,47822099999.csv,1884610,1.80 MiB,True
47823099999,47823099999.csv,1876870,1.79 MiB,True
47824099999,47824099999.csv,1929048,1.84 MiB,True
47827099999,47827099999.csv,2290480,2.18 MiB,True
47829099999,47829099999.csv,1950511,1.86 MiB,True
47830099999,47830099999.csv,2159402,2.06 MiB,True
47831099999,47831099999.csv,1910563,1.82 MiB,True
47835099999,47835099999.csv,1894115,1.81 MiB,True
47836099999,47836099999.csv,1948522,1.86 MiB,True
47837099999,47837099999.csv,1950501,1.86 MiB,True
47838099999,47838099999.csv,1897285,1.81 MiB,True
47840099999,47840099999.csv,5004058,4.77 MiB,True
47843099999,47843099999.csv,2097611,2.00 MiB,True
47844099999,47844099999.csv,1854286,1.77 MiB,True
47850099999,47850099999.csv,4201906,4.01 MiB,True
47851099999,47851099999.csv,2829731,2.70 MiB,True
47852099999,47852099999.csv,2459295,2.35 MiB,True
47853099999,47853099999.csv,3773532,3.60 MiB,True
47854099999,47854099999.csv,5349218,5.10 MiB,True
47855099999,47855099999.csv,2478385,2.36 MiB,True
47856099999,47856099999.csv,2699094,2.57 MiB,True
47857099999,47857099999.csv,3571777,3.41 MiB,True
47858099999,47858099999.csv,3517653,3.35 MiB,True
47870099999,47870099999.csv,1930978,1.84 MiB,True
47872099999,47872099999.csv,3828864,3.65 MiB,True
47872499999,47872499999.csv,3773730,3.60 MiB,True
47880099999,47880099999.csv,2799512,2.67 MiB,True
47881099999,47881099999.csv,4719162,4.50 MiB,True
47882099999,47882099999.csv,2490070,2.37 MiB,True
47883099999,47883099999.csv,3341167,3.19 MiB,True
47887099999,47887099999.csv,2126743,2.03 MiB,True
47890099999,47890099999.csv,1881762,1.79 MiB,True
47891099999,47891099999.csv,2424287,2.31 MiB,True
47892099999,47892099999.csv,1893722,1.81 MiB,True
47893099999,47893099999.csv,1984446,1.89 MiB,True
47895099999,47895099999.csv,2043993,1.95 MiB,True
47897099999,47897099999.csv,1890775,1.80 MiB,True
47898099999,47898099999.csv,1918096,1.83 MiB,True
47899099999,47899099999.csv,1929114,1.84 MiB,True
47909099999,47909099999.csv,2241164,2.14 MiB,True
47910099999,47910099999.csv,3115536,2.97 MiB,True
47911099999,47911099999.csv,4445666,4.24 MiB,True
47912099999,47912099999.csv,1966451,1.88 MiB,True
47917099999,47917099999.csv,1975499,1.88 MiB,True
47918099999,47918099999.csv,6311099,6.02 MiB,True
47927099999,47927099999.csv,5791603,5.52 MiB,True
47927599999,47927599999.csv,3332110,3.18 MiB,True
47927699999,47927699999.csv,3409145,3.25 MiB,True
47929099999,47929099999.csv,1925436,1.84 MiB,True
47930099999,47930099999.csv,7645565,7.29 MiB,True
47931042204,47931042204.csv,5656557,5.39 MiB,True
47933042215,47933042215.csv,3419238,3.26 MiB,True
47936099999,47936099999.csv,2417857,2.31 MiB,True
47938099999,47938099999.csv,1886860,1.80 MiB,True
47940099999,47940099999.csv,1871938,1.79 MiB,True
47942099999,47942099999.csv,1934929,1.85 MiB,True
47942599999,47942599999.csv,3680249,3.51 MiB,True
47945099999,47945099999.csv,5993565,5.72 MiB,True
47945599999,47945599999.csv,3623959,3.46 MiB,True
47971042402,47971042402.csv,2953173,2.82 MiB,True
47981099999,47981099999.csv,3045980,2.90 MiB,True
47991099999,47991099999.csv,1947351,1.86 MiB,True
48001099999,48001099999.csv,706392,689.84 KiB,True
48004099999,48004099999.csv,675604,659.77 KiB,True
48008099999,48008099999.csv,718321,701.49 KiB,True
48010099999,48010099999.csv,700281,683.87 KiB,True
48018099999,48018099999.csv,709884,693.25 KiB,True
48019099999,48019099999.csv,669494,653.80 KiB,True
48020099999,48020099999.csv,655403,640.04 KiB,True
48025099999,48025099999.csv,692579,676.35 KiB,True
48030099999,48030099999.csv,616097,601.66 KiB,True
48031099999,48031099999.csv,641929,626.88 KiB,True
48033099999,48033099999.csv,689763,673.60 KiB,True
48035099999,48035099999.csv,727823,710.76 KiB,True
48037099999,48037099999.csv,694809,678.52 KiB,True
48042099999,48042099999.csv,704539,688.03 KiB,True
48048099999,48048099999.csv,676709,660.85 KiB,True
48051099999,48051099999.csv,585845,572.11 KiB,True
48053099999,48053099999.csv,698591,682.22 KiB,True
48057099999,48057099999.csv,684962,668.91 KiB,True
48060099999,48060099999.csv,732223,715.06 KiB,True
48062099999,48062099999.csv,818069,798.90 KiB,True
48064099999,48064099999.csv,801880,783.09 KiB,True
48071099999,48071099999.csv,676999,661.13 KiB,True
48072099999,48072099999.csv,591782,577.91 KiB,True
48074099999,48074099999.csv,691123,674.92 KiB,True
48075099999,48075099999.csv,601323,587.23 KiB,True
48077099999,48077099999.csv,666550,650.93 KiB,True
48078099999,48078099999.csv,734211,717.00 KiB,True
48080099999,48080099999.csv,796647,777.98 KiB,True
48085099999,48085099999.csv,680779,664.82 KiB,True
48087099999,48087099999.csv,642015,626.97 KiB,True
48093099999,48093099999.csv,621761,607.19 KiB,True
48094099999,48094099999.csv,790762,772.23 KiB,True
48095099999,48095099999.csv,600347,586.28 KiB,True
48096099999,48096099999.csv,878782,858.19 KiB,True
48097099999,48097099999.csv,7514071,7.17 MiB,True
48099099999,48099099999.csv,714960,698.20 KiB,True
48101099999,48101099999.csv,619091,604.58 KiB,True
48103099999,48103099999.csv,707807,691.22 KiB,True
48107099999,48107099999.csv,695526,679.22 KiB,True
48108099999,48108099999.csv,749597,732.03 KiB,True
48109099999,48109099999.csv,669550,653.86 KiB,True
48110099999,48110099999.csv,752452,734.82 KiB,True
48112099999,48112099999.csv,777852,759.62 KiB,True
48300099999,48300099999.csv,3187323,3.04 MiB,True
48302099999,48302099999.csv,796965,778.29 KiB,True
48303099999,48303099999.csv,1173700,1.12 MiB,True
48303199999,48303199999.csv,3171071,3.02 MiB,True
48303399999,48303399999.csv,2215158,2.11 MiB,True
48303499999,48303499999.csv,2160928,2.06 MiB,True
48304099999,48304099999.csv,1217745,1.16 MiB,True
48307099999,48307099999.csv,1196704,1.14 MiB,True
48310099999,48310099999.csv,1110291,1.06 MiB,True
48315099999,48315099999.csv,1200275,1.14 MiB,True
48324099999,48324099999.csv,1188052,1.13 MiB,True
48325099999,48325099999.csv,1216114,1.16 MiB,True
48326099999,48326099999.csv,641,641.00 B,True
48327099999,48327099999.csv,7913454,7.55 MiB,True
48328099999,48328099999.csv,3096143,2.95 MiB,True
48329099999,48329099999.csv,1215158,1.16 MiB,True
48330099999,48330099999.csv,3103921,2.96 MiB,True
48331099999,48331099999.csv,3115297,2.97 MiB,True
48333099999,48333099999.csv,1169249,1.12 MiB,True
48334099999,48334099999.csv,1268870,1.21 MiB,True
48350099999,48350099999.csv,1185366,1.13 MiB,True
48351099999,48351099999.csv,1210405,1.15 MiB,True
48352099999,48352099999.csv,1178729,1.12 MiB,True
48353099999,48353099999.csv,3271327,3.12 MiB,True
48354099999,48354099999.csv,3706041,3.53 MiB,True
48355099999,48355099999.csv,1260097,1.20 MiB,True
48356099999,48356099999.csv,1221690,1.17 MiB,True
48356599999,48356599999.csv,2315338,2.21 MiB,True
48357099999,48357099999.csv,1274842,1.22 MiB,True
48358099999,48358099999.csv,1288155,1.23 MiB,True
48360099999,48360099999.csv,1210267,1.15 MiB,True
48372099999,48372099999.csv,1211012,1.15 MiB,True
48373099999,48373099999.csv,1321882,1.26 MiB,True
48374099999,48374099999.csv,1204458,1.15 MiB,True
48375099999,48375099999.csv,3114198,2.97 MiB,True
48376099999,48376099999.csv,2935863,2.80 MiB,True
48377099999,48377099999.csv,1275340,1.22 MiB,True
48378099999,48378099999.csv,3416309,3.26 MiB,True
48379099999,48379099999.csv,3080228,2.94 MiB,True
48380099999,48380099999.csv,1163461,1.11 MiB,True
48381099999,48381099999.csv,4636573,4.42 MiB,True
48382099999,48382099999.csv,1233099,1.18 MiB,True
48383099999,48383099999.csv,1243561,1.19 MiB,True
48384099999,48384099999.csv,1264341,1.21 MiB,True
48385099999,48385099999.csv,1197288,1.14 MiB,True
48386099999,48386099999.csv,1312097,1.25 MiB,True
48387099999,48387099999.csv,1262036,1.20 MiB,True
48390099999,48390099999.csv,1295980,1.24 MiB,True
48400099999,48400099999.csv,1321003,1.26 MiB,True
48401099999,48401099999.csv,1318667,1.26 MiB,True
48402099999,48402099999.csv,1314649,1.25 MiB,True
48403099999,48403099999.csv,1232719,1.18 MiB,True
48404099999,48404099999.csv,1250651,1.19 MiB,True
48405099999,48405099999.csv,1242152,1.18 MiB,True
48407099999,48407099999.csv,4388788,4.19 MiB,True
48407599999,48407599999.csv,3095734,2.95 MiB,True
48407699999,48407699999.csv,1787257,1.70 MiB,True
48408099999,48408099999.csv,1310436,1.25 MiB,True
48409099999,48409099999.csv,1282340,1.22 MiB,True
48413099999,48413099999.csv,1299697,1.24 MiB,True
48415099999,48415099999.csv,1325890,1.26 MiB,True
48416099999,48416099999.csv,1290405,1.23 MiB,True
48418099999,48418099999.csv,1289648,1.23 MiB,True
48419099999,48419099999.csv,1312220,1.25 MiB,True
48420099999,48420099999.csv,1315676,1.25 MiB,True
48421099999,48421099999.csv,1314332,1.25 MiB,True
48425099999,48425099999.csv,1287328,1.23 MiB,True
48426099999,48426099999.csv,1302538,1.24 MiB,True
48427099999,48427099999.csv,1266185,1.21 MiB,True
48429099999,48429099999.csv,1350808,1.29 MiB,True
48430099999,48430099999.csv,1324761,1.26 MiB,True
48431099999,48431099999.csv,1231511,1.17 MiB,True
48431599999,48431599999.csv,2187938,2.09 MiB,True
48432099999,48432099999.csv,1263657,1.21 MiB,True
48433099999,48433099999.csv,1272135,1.21 MiB,True
48434099999,48434099999.csv,1275659,1.22 MiB,True
48435099999,48435099999.csv,1285216,1.23 MiB,True
48436099999,48436099999.csv,1288919,1.23 MiB,True
48437099999,48437099999.csv,357103,348.73 KiB,True
48439099999,48439099999.csv,1222770,1.17 MiB,True
48440099999,48440099999.csv,1221540,1.16 MiB,True
48450099999,48450099999.csv,1255713,1.20 MiB,True
48451099999,48451099999.csv,1243252,1.19 MiB,True
48453099999,48453099999.csv,1307423,1.25 MiB,True
48454099999,48454099999.csv,768137,750.13 KiB,True
48455099999,48455099999.csv,1293399,1.23 MiB,True
48456099999,48456099999.csv,7997387,7.63 MiB,True
48457099999,48457099999.csv,814540,795.45 KiB,True
48458099999,48458099999.csv,1192812,1.14 MiB,True
48459099999,48459099999.csv,8012064,7.64 MiB,True
48460099999,48460099999.csv,1216695,1.16 MiB,True
48461099999,48461099999.csv,1263797,1.21 MiB,True
48462099999,48462099999.csv,1271011,1.21 MiB,True
48463099999,48463099999.csv,817254,798.10 KiB,True
48464099999,48464099999.csv,1211593,1.16 MiB,True
48465099999,48465099999.csv,1265907,1.21 MiB,True
48474099999,48474099999.csv,1344145,1.28 MiB,True
48475099999,48475099999.csv,3182742,3.04 MiB,True
48477099999,48477099999.csv,7773396,7.41 MiB,True
48477599999,48477599999.csv,550,550.00 B,True
48478099999,48478099999.csv,1290061,1.23 MiB,True
48479099999,48479099999.csv,1302261,1.24 MiB,True
48480099999,48480099999.csv,1318739,1.26 MiB,True
48481099999,48481099999.csv,1218401,1.16 MiB,True
48500099999,48500099999.csv,1259048,1.20 MiB,True
48501099999,48501099999.csv,1323039,1.26 MiB,True
48517099999,48517099999.csv,3204553,3.06 MiB,True
48520099999,48520099999.csv,1334094,1.27 MiB,True
48532099999,48532099999.csv,3233730,3.08 MiB,True
48550099999,48550099999.csv,1286134,1.23 MiB,True
48551099999,48551099999.csv,3857330,3.68 MiB,True
48552099999,48552099999.csv,1263551,1.21 MiB,True
48554099999,48554099999.csv,1335356,1.27 MiB,True
48555099999,48555099999.csv,1372131,1.31 MiB,True
48556099999,48556099999.csv,1243145,1.19 MiB,True
48557099999,48557099999.csv,1301806,1.24 MiB,True
48557599999,48557599999.csv,2710759,2.59 MiB,True
48557699999,48557699999.csv,3474848,3.31 MiB,True
48557799999,48557799999.csv,2479719,2.36 MiB,True
48557899999,48557899999.csv,1310173,1.25 MiB,True
48560099999,48560099999.csv,1352301,1.29 MiB,True
48561099999,48561099999.csv,1294131,1.23 MiB,True
48563099999,48563099999.csv,1260419,1.20 MiB,True
48564099999,48564099999.csv,1264061,1.21 MiB,True
48565099999,48565099999.csv,8080790,7.71 MiB,True
48566099999,48566099999.csv,1262440,1.20 MiB,True
48567099999,48567099999.csv,3655343,3.49 MiB,True
48568099999,48568099999.csv,1272187,1.21 MiB,True
48569099999,48569099999.csv,8400165,8.01 MiB,True
48570099999,48570099999.csv,1277591,1.22 MiB,True
48571099999,48571099999.csv,1282167,1.22 MiB,True
48574099999,48574099999.csv,1279913,1.22 MiB,True
48580099999,48580099999.csv,1241265,1.18 MiB,True
48581099999,48581099999.csv,1319406,1.26 MiB,True
48583099999,48583099999.csv,3254523,3.10 MiB,True
48600099999,48600099999.csv,3232797,3.08 MiB,True
48600199999,48600199999.csv,1759196,1.68 MiB,True
48601099999,48601099999.csv,9533752,9.09 MiB,True
48602099999,48602099999.csv,3208457,3.06 MiB,True
48602199999,48602199999.csv,3091813,2.95 MiB,True
48602299999,48602299999.csv,3209865,3.06 MiB,True
48602399999,48602399999.csv,3222337,3.07 MiB,True
48603099999,48603099999.csv,2582559,2.46 MiB,True
48604099999,48604099999.csv,2829768,2.70 MiB,True
48615099999,48615099999.csv,5854816,5.58 MiB,True
48618099999,48618099999.csv,5859394,5.59 MiB,True
48620099999,48620099999.csv,5605109,5.35 MiB,True
48647099999,48647099999.csv,6439443,6.14 MiB,True
48650099999,48650099999.csv,9878435,9.42 MiB,True
48657099999,48657099999.csv,5884044,5.61 MiB,True
48665099999,48665099999.csv,5780289,5.51 MiB,True
48672699999,48672699999.csv,2802735,2.67 MiB,True
48679099999,48679099999.csv,6231335,5.94 MiB,True
48694099999,48694099999.csv,3931194,3.75 MiB,True
48698099999,48698099999.csv,10419521,9.94 MiB,True
48699099999,48699099999.csv,3751074,3.58 MiB,True
48802099999,48802099999.csv,575537,562.05 KiB,True
48803099999,48803099999.csv,1096303,1.05 MiB,True
48806099999,48806099999.csv,1176300,1.12 MiB,True
48808099999,48808099999.csv,1096061,1.05 MiB,True
48810099999,48810099999.csv,636095,621.19 KiB,True
48820099999,48820099999.csv,6395818,6.10 MiB,True
48823099999,48823099999.csv,1196733,1.14 MiB,True
48825099999,48825099999.csv,1086442,1.04 MiB,True
48825199999,48825199999.csv,6297694,6.01 MiB,True
48826099999,48826099999.csv,1229940,1.17 MiB,True
48830099999,48830099999.csv,1215739,1.16 MiB,True
48831099999,48831099999.csv,631658,616.85 KiB,True
48838099999,48838099999.csv,1090198,1.04 MiB,True
48839099999,48839099999.csv,1342968,1.28 MiB,True
48840099999,48840099999.csv,1228116,1.17 MiB,True
48845099999,48845099999.csv,1061971,1.01 MiB,True
48846099999,48846099999.csv,1180602,1.13 MiB,True
48848099999,48848099999.csv,1223296,1.17 MiB,True
48852099999,48852099999.csv,8066971,7.69 MiB,True
48855099999,48855099999.csv,8131556,7.75 MiB,True
48863099999,48863099999.csv,1244240,1.19 MiB,True
48866099999,48866099999.csv,1232302,1.18 MiB,True
48870099999,48870099999.csv,1127787,1.08 MiB,True
48875099999,48875099999.csv,1275470,1.22 MiB,True
48877099999,48877099999.csv,1063040,1.01 MiB,True
48887099999,48887099999.csv,1203643,1.15 MiB,True
48892099999,48892099999.csv,612285,597.93 KiB,True
48894099999,48894099999.csv,1074690,1.02 MiB,True
48900099999,48900099999.csv,6774915,6.46 MiB,True
48907099999,48907099999.csv,1097117,1.05 MiB,True
48912599999,48912599999.csv,6443513,6.15 MiB,True
48914099999,48914099999.csv,1239320,1.18 MiB,True
48916099999,48916099999.csv,674697,658.88 KiB,True
48917099999,48917099999.csv,7621694,7.27 MiB,True
48918099999,48918099999.csv,1285453,1.23 MiB,True
48919099999,48919099999.csv,591068,577.21 KiB,True
48920099999,48920099999.csv,1108559,1.06 MiB,True
48921099999,48921099999.csv,749736,732.16 KiB,True
48924099999,48924099999.csv,2413003,2.30 MiB,True
48925099999,48925099999.csv,683548,667.53 KiB,True
48926099999,48926099999.csv,731535,714.39 KiB,True
48927099999,48927099999.csv,778941,760.68 KiB,True
48928099999,48928099999.csv,739838,722.50 KiB,True
48930099999,48930099999.csv,2722870,2.60 MiB,True
48935099999,48935099999.csv,810493,791.50 KiB,True
48938099999,48938099999.csv,793101,774.51 KiB,True
48940099999,48940099999.csv,4911542,4.68 MiB,True
48941099999,48941099999.csv,668907,653.23 KiB,True
48944099999,48944099999.csv,285515,278.82 KiB,True
48945099999,48945099999.csv,741849,724.46 KiB,True
48946099999,48946099999.csv,800888,782.12 KiB,True
48947099999,48947099999.csv,2606932,2.49 MiB,True
48948099999,48948099999.csv,279458,272.91 KiB,True
48952099999,48952099999.csv,775624,757.45 KiB,True
48953099999,48953099999.csv,1210800,1.15 MiB,True
48955099999,48955099999.csv,564,564.00 B,True
48957099999,48957099999.csv,738405,721.10 KiB,True
48963099999,48963099999.csv,1385819,1.32 MiB,True
48964099999,48964099999.csv,123550,120.65 KiB,True
48965099999,48965099999.csv,1769524,1.69 MiB,True
48966099999,48966099999.csv,6965513,6.64 MiB,True
48967099999,48967099999.csv,176752,172.61 KiB,True
48968099999,48968099999.csv,49898,48.73 KiB,True
48969099999,48969099999.csv,879479,858.87 KiB,True
48970099999,48970099999.csv,1195898,1.14 MiB,True
48971099999,48971099999.csv,918716,897.18 KiB,True
48972099999,48972099999.csv,450,450.00 B,True
48973099999,48973099999.csv,967384,944.71 KiB,True
48985099999,48985099999.csv,1118770,1.07 MiB,True
48986099999,48986099999.csv,1136814,1.08 MiB,True
48990099999,48990099999.csv,1249678,1.19 MiB,True
48991099999,48991099999.csv,8814483,8.41 MiB,True
48992099999,48992099999.csv,1164098,1.11 MiB,True
48993099999,48993099999.csv,480784,469.52 KiB,True
48997099999,48997099999.csv,1217412,1.16 MiB,True
48998099999,48998099999.csv,1183491,1.13 MiB,True
50136099999,50136099999.csv,1134181,1.08 MiB,True
50353099999,50353099999.csv,1341695,1.28 MiB,True
50434099999,50434099999.csv,1093352,1.04 MiB,True
50468099999,50468099999.csv,1202897,1.15 MiB,True
50527099999,50527099999.csv,1296321,1.24 MiB,True
50548099999,50548099999.csv,971561,948.79 KiB,True
50557099999,50557099999.csv,1301998,1.24 MiB,True
50564099999,50564099999.csv,1136447,1.08 MiB,True
50603099999,50603099999.csv,1338272,1.28 MiB,True
50632099999,50632099999.csv,1309885,1.25 MiB,True
50658099999,50658099999.csv,967325,944.65 KiB,True
50727099999,50727099999.csv,1324323,1.26 MiB,True
50745099999,50745099999.csv,1326940,1.27 MiB,True
50756099999,50756099999.csv,1308660,1.25 MiB,True
50774099999,50774099999.csv,1290399,1.23 MiB,True
50788099999,50788099999.csv,1301344,1.24 MiB,True
50844099999,50844099999.csv,1073048,1.02 MiB,True
50854099999,50854099999.csv,1142691,1.09 MiB,True
50888099999,50888099999.csv,1145868,1.09 MiB,True
50915099999,50915099999.csv,1320306,1.26 MiB,True
50949099999,50949099999.csv,1298737,1.24 MiB,True
50953099999,50953099999.csv,1301850,1.24 MiB,True
50963099999,50963099999.csv,1292920,1.23 MiB,True
50968099999,50968099999.csv,1150222,1.10 MiB,True
50978099999,50978099999.csv,1259453,1.20 MiB,True
50983099999,50983099999.csv,1146128,1.09 MiB,True
51053099999,51053099999.csv,825799,806.44 KiB,True
51076099999,51076099999.csv,1315605,1.25 MiB,True
51087099999,51087099999.csv,1311908,1.25 MiB,True
51133099999,51133099999.csv,1298898,1.24 MiB,True
51156099999,51156099999.csv,1287088,1.23 MiB,True
51243099999,51243099999.csv,1297828,1.24 MiB,True
51288099999,51288099999.csv,453206,442.58 KiB,True
51334099999,51334099999.csv,1155591,1.10 MiB,True
51379099999,51379099999.csv,1150726,1.10 MiB,True
51431099999,51431099999.csv,451442,440.86 KiB,True
51463099999,51463099999.csv,1345772,1.28 MiB,True
51463599999,51463599999.csv,5383635,5.13 MiB,True
51467099999,51467099999.csv,380449,371.53 KiB,True
51495099999,51495099999.csv,1144864,1.09 MiB,True
51542099999,51542099999.csv,1162326,1.11 MiB,True
51573099999,51573099999.csv,1266655,1.21 MiB,True
51644099999,51644099999.csv,1268849,1.21 MiB,True
51656099999,51656099999.csv,1300042,1.24 MiB,True
51709099999,51709099999.csv,4290213,4.09 MiB,True
51711099999,51711099999.csv,1151194,1.10 MiB,True
51716099999,51716099999.csv,1275989,1.22 MiB,True
51730099999,51730099999.csv,828602,809.18 KiB,True
51747099999,51747099999.csv,1275797,1.22 MiB,True
51765099999,51765099999.csv,1283611,1.22 MiB,True
51777099999,51777099999.csv,429212,419.15 KiB,True
51811099999,51811099999.csv,1301326,1.24 MiB,True
51818099999,51818099999.csv,1146344,1.09 MiB,True
51828099999,51828099999.csv,1299369,1.24 MiB,True
51886099999,51886099999.csv,675179,659.35 KiB,True
52112099999,52112099999.csv,1129064,1.08 MiB,True
52203099999,52203099999.csv,1267027,1.21 MiB,True
52267099999,52267099999.csv,425211,415.25 KiB,True
52323099999,52323099999.csv,1291769,1.23 MiB,True
52378099999,52378099999.csv,1148603,1.10 MiB,True
52418099999,52418099999.csv,441951,431.59 KiB,True
52436099999,52436099999.csv,1142484,1.09 MiB,True
52495099999,52495099999.csv,799906,781.16 KiB,True
52533099999,52533099999.csv,1322677,1.26 MiB,True
52533199999,52533199999.csv,2733333,2.61 MiB,True
52602099999,52602099999.csv,1275343,1.22 MiB,True
52652099999,52652099999.csv,1303435,1.24 MiB,True
52681099999,52681099999.csv,1326622,1.27 MiB,True
52713099999,52713099999.csv,1276101,1.22 MiB,True
52737099999,52737099999.csv,1144189,1.09 MiB,True
52754099999,52754099999.csv,1288175,1.23 MiB,True
52787099999,52787099999.csv,1142087,1.09 MiB,True
52818099999,52818099999.csv,1293098,1.23 MiB,True
52836099999,52836099999.csv,660760,645.27 KiB,True
52866099999,52866099999.csv,1315662,1.25 MiB,True
52908099999,52908099999.csv,1147958,1.09 MiB,True
52955099999,52955099999.csv,1272747,1.21 MiB,True
52983099999,52983099999.csv,1286169,1.23 MiB,True
52996099999,52996099999.csv,1136493,1.08 MiB,True
53068099999,53068099999.csv,660611,645.13 KiB,True
53083099999,53083099999.csv,1149481,1.10 MiB,True
53149099999,53149099999.csv,1290730,1.23 MiB,True
53192099999,53192099999.csv,1297721,1.24 MiB,True
53231099999,53231099999.csv,1273345,1.21 MiB,True
53276099999,53276099999.csv,234428,228.93 KiB,True
53336099999,53336099999.csv,1286928,1.23 MiB,True
53352099999,53352099999.csv,1136910,1.08 MiB,True
53391099999,53391099999.csv,789705,771.20 KiB,True
53463099999,53463099999.csv,4069451,3.88 MiB,True
53480099999,53480099999.csv,1134114,1.08 MiB,True
53487099999,53487099999.csv,1159118,1.11 MiB,True
53502099999,53502099999.csv,1127416,1.08 MiB,True
53513099999,53513099999.csv,1295258,1.24 MiB,True
53529099999,53529099999.csv,1274467,1.22 MiB,True
53543099999,53543099999.csv,1298472,1.24 MiB,True
53564099999,53564099999.csv,1284699,1.23 MiB,True
53588099999,53588099999.csv,1277254,1.22 MiB,True
53593099999,53593099999.csv,1139521,1.09 MiB,True
53614099999,53614099999.csv,1322578,1.26 MiB,True
53646099999,53646099999.csv,1286748,1.23 MiB,True
53673099999,53673099999.csv,1107880,1.06 MiB,True
53698099999,53698099999.csv,1140540,1.09 MiB,True
53705099999,53705099999.csv,1147212,1.09 MiB,True
53723099999,53723099999.csv,1278233,1.22 MiB,True
53764099999,53764099999.csv,793434,774.84 KiB,True
53772099999,53772099999.csv,6705358,6.39 MiB,True
53787099999,53787099999.csv,1126953,1.07 MiB,True
53798099999,53798099999.csv,1295015,1.24 MiB,True
53845099999,53845099999.csv,1259411,1.20 MiB,True
53863099999,53863099999.csv,1135798,1.08 MiB,True
53898099999,53898099999.csv,1143490,1.09 MiB,True
53915099999,53915099999.csv,1286078,1.23 MiB,True
53923099999,53923099999.csv,1153709,1.10 MiB,True
53959099999,53959099999.csv,1291825,1.23 MiB,True
53975099999,53975099999.csv,1129266,1.08 MiB,True
54012099999,54012099999.csv,1319068,1.26 MiB,True
54026099999,54026099999.csv,1278317,1.22 MiB,True
54027099999,54027099999.csv,1271955,1.21 MiB,True
54049099999,54049099999.csv,1132957,1.08 MiB,True
54094099999,54094099999.csv,1295130,1.24 MiB,True
54096099999,54096099999.csv,1124601,1.07 MiB,True
54102099999,54102099999.csv,1306129,1.25 MiB,True
54115099999,54115099999.csv,1137515,1.08 MiB,True
54135099999,54135099999.csv,1278491,1.22 MiB,True
54157099999,54157099999.csv,1137791,1.09 MiB,True
54161099999,54161099999.csv,4202537,4.01 MiB,True
54161199999,54161199999.csv,2725241,2.60 MiB,True
54186099999,54186099999.csv,1124154,1.07 MiB,True
54208099999,54208099999.csv,1289522,1.23 MiB,True
54218099999,54218099999.csv,1271402,1.21 MiB,True
54226099999,54226099999.csv,1113277,1.06 MiB,True
54236099999,54236099999.csv,1294478,1.23 MiB,True
54259099999,54259099999.csv,1141115,1.09 MiB,True
54273099999,54273099999.csv,1126744,1.07 MiB,True
54292099999,54292099999.csv,1298721,1.24 MiB,True
54308099999,54308099999.csv,1120059,1.07 MiB,True
54311099999,54311099999.csv,1130644,1.08 MiB,True
54324099999,54324099999.csv,839027,819.36 KiB,True
54337099999,54337099999.csv,1289743,1.23 MiB,True
54342099999,54342099999.csv,1298617,1.24 MiB,True
54342499999,54342499999.csv,5370672,5.12 MiB,True
54346099999,54346099999.csv,1146627,1.09 MiB,True
54374099999,54374099999.csv,1281482,1.22 MiB,True
54377099999,54377099999.csv,1124689,1.07 MiB,True
54386099999,54386099999.csv,1143259,1.09 MiB,True
54401099999,54401099999.csv,1301119,1.24 MiB,True
54405099999,54405099999.csv,1123487,1.07 MiB,True
54423099999,54423099999.csv,1290169,1.23 MiB,True
54436099999,54436099999.csv,1114269,1.06 MiB,True
54471099999,54471099999.csv,1299731,1.24 MiB,True
54493099999,54493099999.csv,1146798,1.09 MiB,True
54497099999,54497099999.csv,1283050,1.22 MiB,True
54511099999,54511099999.csv,7184935,6.85 MiB,True
54527099999,54527099999.csv,1135388,1.08 MiB,True
54527399999,54527399999.csv,5267311,5.02 MiB,True
54534099999,54534099999.csv,1113508,1.06 MiB,True
54539099999,54539099999.csv,1284447,1.22 MiB,True
54602099999,54602099999.csv,1138451,1.09 MiB,True
54618099999,54618099999.csv,1267128,1.21 MiB,True
54662099999,54662099999.csv,7008135,6.68 MiB,True
54715099999,54715099999.csv,1148593,1.10 MiB,True
54725099999,54725099999.csv,1137569,1.08 MiB,True
54751099999,54751099999.csv,1143730,1.09 MiB,True
54753099999,54753099999.csv,1295738,1.24 MiB,True
54776099999,54776099999.csv,1287591,1.23 MiB,True
54808099999,54808099999.csv,1137860,1.09 MiB,True
54823099999,54823099999.csv,646375,631.23 KiB,True
54826099999,54826099999.csv,835778,816.19 KiB,True
54836099999,54836099999.csv,1280843,1.22 MiB,True
54843099999,54843099999.csv,1297044,1.24 MiB,True
54857099999,54857099999.csv,4075354,3.89 MiB,True
54863099999,54863099999.csv,1291098,1.23 MiB,True
54909099999,54909099999.csv,1302914,1.24 MiB,True
54916099999,54916099999.csv,1128689,1.08 MiB,True
54929099999,54929099999.csv,990228,967.02 KiB,True
54945099999,54945099999.csv,1288786,1.23 MiB,True
55228099999,55228099999.csv,1308581,1.25 MiB,True
55279099999,55279099999.csv,320916,313.39 KiB,True
55299099999,55299099999.csv,1346713,1.28 MiB,True
55472099999,55472099999.csv,364586,356.04 KiB,True
55578099999,55578099999.csv,1264160,1.21 MiB,True
55591099999,55591099999.csv,1309720,1.25 MiB,True
55664099999,55664099999.csv,1279824,1.22 MiB,True
55696099999,55696099999.csv,368117,359.49 KiB,True
55773099999,55773099999.csv,1282888,1.22 MiB,True
56004099999,56004099999.csv,1291276,1.23 MiB,True
56018099999,56018099999.csv,824467,805.14 KiB,True
56021099999,56021099999.csv,1141357,1.09 MiB,True
56029099999,56029099999.csv,1271369,1.21 MiB,True
56033099999,56033099999.csv,1285895,1.23 MiB,True
56046099999,56046099999.csv,815836,796.71 KiB,True
56065099999,56065099999.csv,1135413,1.08 MiB,True
56079099999,56079099999.csv,1157874,1.10 MiB,True
56080099999,56080099999.csv,625766,611.10 KiB,True
56096099999,56096099999.csv,1281436,1.22 MiB,True
56106099999,56106099999.csv,372930,364.19 KiB,True
56116099999,56116099999.csv,1266297,1.21 MiB,True
56137099999,56137099999.csv,1263215,1.20 MiB,True
56144099999,56144099999.csv,1163838,1.11 MiB,True
56146099999,56146099999.csv,1101524,1.05 MiB,True
56152099999,56152099999.csv,1103818,1.05 MiB,True
56167099999,56167099999.csv,1096032,1.05 MiB,True
56172099999,56172099999.csv,1274757,1.22 MiB,True
56182099999,56182099999.csv,1090459,1.04 MiB,True
56187099999,56187099999.csv,1126143,1.07 MiB,True
56196099999,56196099999.csv,1155136,1.10 MiB,True
56247099999,56247099999.csv,748516,730.97 KiB,True
56257099999,56257099999.csv,1122869,1.07 MiB,True
56287099999,56287099999.csv,1122884,1.07 MiB,True
56294099999,56294099999.csv,2976110,2.84 MiB,True
56312099999,56312099999.csv,1293573,1.23 MiB,True
56357099999,56357099999.csv,855854,835.79 KiB,True
56374099999,56374099999.csv,1126433,1.07 MiB,True
56385099999,56385099999.csv,1130758,1.08 MiB,True
56444099999,56444099999.csv,1257629,1.20 MiB,True
56462099999,56462099999.csv,1259174,1.20 MiB,True
56462599999,56462599999.csv,5338,5.21 KiB,True
56492099999,56492099999.csv,1245654,1.19 MiB,True
56571099999,56571099999.csv,1280495,1.22 MiB,True
56586099999,56586099999.csv,1098511,1.05 MiB,True
56651099999,56651099999.csv,1290023,1.23 MiB,True
56671099999,56671099999.csv,1109404,1.06 MiB,True
56684099999,56684099999.csv,863442,843.21 KiB,True
56691099999,56691099999.csv,1297907,1.24 MiB,True
56739099999,56739099999.csv,1316519,1.26 MiB,True
56748099999,56748099999.csv,1103552,1.05 MiB,True
56751099999,56751099999.csv,1118916,1.07 MiB,True
56763099999,56763099999.csv,374434,365.66 KiB,True
56768099999,56768099999.csv,376478,367.65 KiB,True
56778099999,56778099999.csv,4435967,4.23 MiB,True
56786099999,56786099999.csv,1138482,1.09 MiB,True
56838099999,56838099999.csv,1069458,1.02 MiB,True
56886099999,56886099999.csv,1098680,1.05 MiB,True
56946099999,56946099999.csv,846111,826.28 KiB,True
56951099999,56951099999.csv,1283102,1.22 MiB,True
56954099999,56954099999.csv,1133694,1.08 MiB,True
56959099999,56959099999.csv,1090998,1.04 MiB,True
56964099999,56964099999.csv,1291750,1.23 MiB,True
56966099999,56966099999.csv,1124178,1.07 MiB,True
56969099999,56969099999.csv,1086147,1.04 MiB,True
56977099999,56977099999.csv,1147670,1.09 MiB,True
56985099999,56985099999.csv,1276516,1.22 MiB,True
57014099999,57014099999.csv,1117018,1.07 MiB,True
57025099999,57025099999.csv,1141196,1.09 MiB,True
57036099999,57036099999.csv,2790780,2.66 MiB,True
57046099999,57046099999.csv,1116580,1.06 MiB,True
57067099999,57067099999.csv,1284342,1.22 MiB,True
57071099999,57071099999.csv,1145020,1.09 MiB,True
57083099999,57083099999.csv,4141788,3.95 MiB,True
57127099999,57127099999.csv,1307442,1.25 MiB,True
57131099999,57131099999.csv,1309121,1.25 MiB,True
57178099999,57178099999.csv,1299591,1.24 MiB,True
57193099999,57193099999.csv,1137121,1.08 MiB,True
57237099999,57237099999.csv,1136296,1.08 MiB,True
57245099999,57245099999.csv,1314787,1.25 MiB,True
57259099999,57259099999.csv,1145261,1.09 MiB,True
57265099999,57265099999.csv,1301878,1.24 MiB,True
57279099999,57279099999.csv,1127232,1.08 MiB,True
57290099999,57290099999.csv,1149602,1.10 MiB,True
57297099999,57297099999.csv,1274467,1.22 MiB,True
57306099999,57306099999.csv,1140438,1.09 MiB,True
57328099999,57328099999.csv,704009,687.51 KiB,True
57348099999,57348099999.csv,1137760,1.09 MiB,True
57378099999,57378099999.csv,1150266,1.10 MiB,True
57399099999,57399099999.csv,1130354,1.08 MiB,True
57411099999,57411099999.csv,1282256,1.22 MiB,True
57426099999,57426099999.csv,1126790,1.07 MiB,True
57447099999,57447099999.csv,1289996,1.23 MiB,True
57461099999,57461099999.csv,1323826,1.26 MiB,True
57476099999,57476099999.csv,1140453,1.09 MiB,True
57494099999,57494099999.csv,4121723,3.93 MiB,True
57494199999,57494199999.csv,3234959,3.09 MiB,True
57503099999,57503099999.csv,1108428,1.06 MiB,True
57516099999,57516099999.csv,4423056,4.22 MiB,True
57554099999,57554099999.csv,1133190,1.08 MiB,True
57584099999,57584099999.csv,1137832,1.09 MiB,True
57598099999,57598099999.csv,1137900,1.09 MiB,True
57604099999,57604099999.csv,1128817,1.08 MiB,True
57633099999,57633099999.csv,1297314,1.24 MiB,True
57655099999,57655099999.csv,1126997,1.07 MiB,True
57662099999,57662099999.csv,1285687,1.23 MiB,True
57687099999,57687099999.csv,1325691,1.26 MiB,True
57707099999,57707099999.csv,1118846,1.07 MiB,True
57712099999,57712099999.csv,1128378,1.08 MiB,True
57731099999,57731099999.csv,846797,826.95 KiB,True
57745099999,57745099999.csv,1290774,1.23 MiB,True
57766099999,57766099999.csv,1101718,1.05 MiB,True
57776099999,57776099999.csv,780817,762.52 KiB,True
57793099999,57793099999.csv,1120783,1.07 MiB,True
57799099999,57799099999.csv,1278204,1.22 MiB,True
57816099999,57816099999.csv,4712769,4.49 MiB,True
57832099999,57832099999.csv,1132815,1.08 MiB,True
57845099999,57845099999.csv,1109382,1.06 MiB,True
57853099999,57853099999.csv,1107837,1.06 MiB,True
57866099999,57866099999.csv,1290656,1.23 MiB,True
57902099999,57902099999.csv,1293925,1.23 MiB,True
57916099999,57916099999.csv,1104876,1.05 MiB,True
57922099999,57922099999.csv,1092028,1.04 MiB,True
57932099999,57932099999.csv,1108642,1.06 MiB,True
57957099999,57957099999.csv,4655672,4.44 MiB,True
57972099999,57972099999.csv,1309920,1.25 MiB,True
57993099999,57993099999.csv,1257290,1.20 MiB,True
57993199999,57993199999.csv,2668030,2.54 MiB,True
58027099999,58027099999.csv,1286081,1.23 MiB,True
58040099999,58040099999.csv,1282867,1.22 MiB,True
58102099999,58102099999.csv,1286294,1.23 MiB,True
58141099999,58141099999.csv,1296609,1.24 MiB,True
58150099999,58150099999.csv,625053,610.40 KiB,True
58203099999,58203099999.csv,1289453,1.23 MiB,True
58208099999,58208099999.csv,1131076,1.08 MiB,True
58221099999,58221099999.csv,610183,595.88 KiB,True
58238099999,58238099999.csv,4345731,4.14 MiB,True
58239099999,58239099999.csv,2911006,2.78 MiB,True
58251099999,58251099999.csv,1279943,1.22 MiB,True
58265099999,58265099999.csv,1258042,1.20 MiB,True
58314099999,58314099999.csv,1280579,1.22 MiB,True
58321099999,58321099999.csv,4013824,3.83 MiB,True
58321199999,58321199999.csv,5554028,5.30 MiB,True
58338099999,58338099999.csv,1095006,1.04 MiB,True
58345099999,58345099999.csv,1289989,1.23 MiB,True
58362099999,58362099999.csv,1283983,1.22 MiB,True
58367099999,58367099999.csv,5757732,5.49 MiB,True
58424099999,58424099999.csv,1288752,1.23 MiB,True
58437099999,58437099999.csv,1107905,1.06 MiB,True
58457099999,58457099999.csv,7405684,7.06 MiB,True
58472099999,58472099999.csv,1270598,1.21 MiB,True
58477099999,58477099999.csv,1288380,1.23 MiB,True
58506099999,58506099999.csv,1138629,1.09 MiB,True
58527099999,58527099999.csv,659686,644.22 KiB,True
58543099999,58543099999.csv,1291856,1.23 MiB,True
58556099999,58556099999.csv,1285152,1.23 MiB,True
58569099999,58569099999.csv,920208,898.64 KiB,True
58606099999,58606099999.csv,1335702,1.27 MiB,True
58633099999,58633099999.csv,1285050,1.23 MiB,True
58646099999,58646099999.csv,1284861,1.23 MiB,True
58659099999,58659099999.csv,2997,2.93 KiB,True
58666099999,58666099999.csv,1282273,1.22 MiB,True
58715099999,58715099999.csv,1123624,1.07 MiB,True
58725099999,58725099999.csv,1286367,1.23 MiB,True
58730099999,58730099999.csv,1136655,1.08 MiB,True
58731099999,58731099999.csv,1137134,1.08 MiB,True
58752099999,58752099999.csv,1274493,1.22 MiB,True
58754099999,58754099999.csv,1273916,1.21 MiB,True
58813099999,58813099999.csv,1144876,1.09 MiB,True
58834099999,58834099999.csv,1286535,1.23 MiB,True
58847099999,58847099999.csv,4503904,4.30 MiB,True
58911099999,58911099999.csv,1284471,1.22 MiB,True
58921099999,58921099999.csv,1274635,1.22 MiB,True
58926099999,58926099999.csv,997528,974.15 KiB,True
58931099999,58931099999.csv,1136676,1.08 MiB,True
58944099999,58944099999.csv,1295224,1.24 MiB,True
58968099999,58968099999.csv,974018,951.19 KiB,True
58974099999,58974099999.csv,951414,929.12 KiB,True
59007099999,59007099999.csv,1108112,1.06 MiB,True
59023099999,59023099999.csv,1269371,1.21 MiB,True
59046099999,59046099999.csv,1077934,1.03 MiB,True
59058099999,59058099999.csv,1093387,1.04 MiB,True
59072099999,59072099999.csv,1090426,1.04 MiB,True
59082099999,59082099999.csv,1266898,1.21 MiB,True
59087099999,59087099999.csv,1099976,1.05 MiB,True
59096099999,59096099999.csv,1299627,1.24 MiB,True
59102099999,59102099999.csv,865527,845.24 KiB,True
59117099999,59117099999.csv,1299568,1.24 MiB,True
59134099999,59134099999.csv,4365708,4.16 MiB,True
59158099999,59158099999.csv,838107,818.46 KiB,True
59209099999,59209099999.csv,1078925,1.03 MiB,True
59211099999,59211099999.csv,652701,637.40 KiB,True
59254099999,59254099999.csv,1127585,1.08 MiB,True
59265099999,59265099999.csv,1263808,1.21 MiB,True
59278099999,59278099999.csv,1284477,1.22 MiB,True
59287099999,59287099999.csv,7787016,7.43 MiB,True
59287199999,59287199999.csv,2869947,2.74 MiB,True
59293099999,59293099999.csv,1262825,1.20 MiB,True
59316099999,59316099999.csv,4390882,4.19 MiB,True
59358099999,59358099999.csv,905877,884.65 KiB,True
59417099999,59417099999.csv,1295352,1.24 MiB,True
59431099999,59431099999.csv,4425099,4.22 MiB,True
59456099999,59456099999.csv,1272806,1.21 MiB,True
59493099999,59493099999.csv,4452697,4.25 MiB,True
59501099999,59501099999.csv,1276474,1.22 MiB,True
59559099999,59559099999.csv,490031,478.55 KiB,True
59562099999,59562099999.csv,493420,481.86 KiB,True
59567099999,59567099999.csv,812906,793.85 KiB,True
59632099999,59632099999.csv,1272211,1.21 MiB,True
59644099999,59644099999.csv,1305642,1.25 MiB,True
59658099999,59658099999.csv,1002019,978.53 KiB,True
59663099999,59663099999.csv,1291510,1.23 MiB,True
59673099999,59673099999.csv,1318090,1.26 MiB,True
59758099999,59758099999.csv,1287717,1.23 MiB,True
59792099999,59792099999.csv,1063421,1.01 MiB,True
59838099999,59838099999.csv,1270109,1.21 MiB,True
59845099999,59845099999.csv,1290339,1.23 MiB,True
59855099999,59855099999.csv,1291953,1.23 MiB,True
59948099999,59948099999.csv,1295713,1.24 MiB,True
59981099999,59981099999.csv,1275768,1.22 MiB,True
59985099999,59985099999.csv,1295945,1.24 MiB,True
59997099999,59997099999.csv,973890,951.06 KiB,True
60001099999,60001099999.csv,7053953,6.73 MiB,True
60005099999,60005099999.csv,9006948,8.59 MiB,True
60007099999,60007099999.csv,664961,649.38 KiB,True
60010099999,60010099999.csv,1101071,1.05 MiB,True
60015099999,60015099999.csv,7763352,7.40 MiB,True
60018099999,60018099999.csv,41209,40.24 KiB,True
60020099999,60020099999.csv,929092,907.32 KiB,True
60025099999,60025099999.csv,9068688,8.65 MiB,True
60030099999,60030099999.csv,9344298,8.91 MiB,True
60033099999,60033099999.csv,2766728,2.64 MiB,True
60034099999,60034099999.csv,2661324,2.54 MiB,True
60035099999,60035099999.csv,7173714,6.84 MiB,True
60040099999,60040099999.csv,8801070,8.39 MiB,True
60060099999,60060099999.csv,1258395,1.20 MiB,True
60096099999,60096099999.csv,47599,46.48 KiB,True
60101099999,60101099999.csv,7140630,6.81 MiB,True
60105099999,60105099999.csv,741852,724.46 KiB,True
60106099999,60106099999.csv,783750,765.38 KiB,True
60107099999,60107099999.csv,4409804,4.21 MiB,True
60115099999,60115099999.csv,7189613,6.86 MiB,True
60120099999,60120099999.csv,591078,577.22 KiB,True
60135099999,60135099999.csv,7445646,7.10 MiB,True
60141099999,60141099999.csv,6967317,6.64 MiB,True
60146099999,60146099999.csv,370378,361.70 KiB,True
60150099999,60150099999.csv,4018347,3.83 MiB,True
60155099999,60155099999.csv,2589122,2.47 MiB,True
60156099999,60156099999.csv,7149541,6.82 MiB,True
60177099999,60177099999.csv,318505,311.04 KiB,True
60178099999,60178099999.csv,438888,428.60 KiB,True
60185099999,60185099999.csv,781721,763.40 KiB,True
60190099999,60190099999.csv,947936,925.72 KiB,True
60191099999,60191099999.csv,2610021,2.49 MiB,True
60195099999,60195099999.csv,1147579,1.09 MiB,True
60200099999,60200099999.csv,1707394,1.63 MiB,True
60200199999,60200199999.csv,414,414.00 B,True
60205199999,60205199999.csv,555415,542.40 KiB,True
60210099999,60210099999.csv,4193338,4.00 MiB,True
60220099999,60220099999.csv,3791415,3.62 MiB,True
60230099999,60230099999.csv,6996680,6.67 MiB,True
60250099999,60250099999.csv,661294,645.79 KiB,True
60252099999,60252099999.csv,6707071,6.40 MiB,True
60253099999,60253099999.csv,454518,443.87 KiB,True
60265099999,60265099999.csv,4306606,4.11 MiB,True
60270099999,60270099999.csv,497311,485.66 KiB,True
60275099999,60275099999.csv,502822,491.04 KiB,True
60280099999,60280099999.csv,2452399,2.34 MiB,True
60285099999,60285099999.csv,2966770,2.83 MiB,True
60318099999,60318099999.csv,4320423,4.12 MiB,True
60320099999,60320099999.csv,6689070,6.38 MiB,True
60338099999,60338099999.csv,8756184,8.35 MiB,True
60340099999,60340099999.csv,4254087,4.06 MiB,True
60351099999,60351099999.csv,3843043,3.67 MiB,True
60355099999,60355099999.csv,678353,662.45 KiB,True
60360099999,60360099999.csv,6931670,6.61 MiB,True
60369099999,60369099999.csv,343450,335.40 KiB,True
60371099999,60371099999.csv,318751,311.28 KiB,True
60373099999,60373099999.csv,308010,300.79 KiB,True
60374099999,60374099999.csv,322107,314.56 KiB,True
60376099999,60376099999.csv,323087,315.51 KiB,True
60379099999,60379099999.csv,324653,317.04 KiB,True
60381099999,60381099999.csv,314401,307.03 KiB,True
60387099999,60387099999.csv,3070,3.00 KiB,True
60390099999,60390099999.csv,7144067,6.81 MiB,True
60394099999,60394099999.csv,282152,275.54 KiB,True
60395099999,60395099999.csv,693380,677.13 KiB,True
60402099999,60402099999.csv,3590702,3.42 MiB,True
60403099999,60403099999.csv,682755,666.75 KiB,True
60405099999,60405099999.csv,92064,89.91 KiB,True
60410099999,60410099999.csv,6357,6.21 KiB,True
60415099999,60415099999.csv,483734,472.40 KiB,True
60417099999,60417099999.csv,437455,427.20 KiB,True
60419099999,60419099999.csv,6912353,6.59 MiB,True
60421099999,60421099999.csv,778129,759.89 KiB,True
60423099999,60423099999.csv,673374,657.59 KiB,True
60425099999,60425099999.csv,3880505,3.70 MiB,True
60430099999,60430099999.csv,702892,686.42 KiB,True
60437099999,60437099999.csv,767149,749.17 KiB,True
60444099999,60444099999.csv,737680,720.39 KiB,True
60445099999,60445099999.csv,4075944,3.89 MiB,True
60452099999,60452099999.csv,1093085,1.04 MiB,True
60457099999,60457099999.csv,690828,674.64 KiB,True
60459199999,60459199999.csv,1874236,1.79 MiB,True
60459299999,60459299999.csv,2646904,2.52 MiB,True
60461099999,60461099999.csv,673663,657.87 KiB,True
60467099999,60467099999.csv,691079,674.88 KiB,True
60468099999,60468099999.csv,3577796,3.41 MiB,True
60471099999,60471099999.csv,316088,308.68 KiB,True
60475099999,60475099999.csv,4054022,3.87 MiB,True
60476099999,60476099999.csv,453082,442.46 KiB,True
60490099999,60490099999.csv,6816179,6.50 MiB,True
60492099999,60492099999.csv,238437,232.85 KiB,True
60507099999,60507099999.csv,3517736,3.35 MiB,True
60511099999,60511099999.csv,3909131,3.73 MiB,True
60514099999,60514099999.csv,689828,673.66 KiB,True
60515099999,60515099999.csv,2025317,1.93 MiB,True
60517099999,60517099999.csv,683778,667.75 KiB,True
60518099999,60518099999.csv,456627,445.92 KiB,True
60520099999,60520099999.csv,625653,610.99 KiB,True
60522099999,60522099999.csv,656268,640.89 KiB,True
60525099999,60525099999.csv,3577826,3.41 MiB,True
60531099999,60531099999.csv,6525822,6.22 MiB,True
60535099999,60535099999.csv,749558,731.99 KiB,True
60536099999,60536099999.csv,741055,723.69 KiB,True
60540099999,60540099999.csv,244512,238.78 KiB,True
60545099999,60545099999.csv,2742202,2.62 MiB,True
60549099999,60549099999.csv,3263018,3.11 MiB,True
60550099999,60550099999.csv,3531325,3.37 MiB,True
60555099999,60555099999.csv,3128864,2.98 MiB,True
60557099999,60557099999.csv,742464,725.06 KiB,True
60559099999,60559099999.csv,3122077,2.98 MiB,True
60560099999,60560099999.csv,762300,744.43 KiB,True
60563099999,60563099999.csv,638,638.00 B,True
60566099999,60566099999.csv,3539099,3.38 MiB,True
60571099999,60571099999.csv,3411867,3.25 MiB,True
60580099999,60580099999.csv,3166902,3.02 MiB,True
60581099999,60581099999.csv,3553748,3.39 MiB,True
60590099999,60590099999.csv,3025106,2.88 MiB,True
60602099999,60602099999.csv,650410,635.17 KiB,True
60603099999,60603099999.csv,595120,581.17 KiB,True
60607099999,60607099999.csv,3010953,2.87 MiB,True
60611099999,60611099999.csv,3005374,2.87 MiB,True
60612099999,60612099999.csv,1813508,1.73 MiB,True
60619099999,60619099999.csv,1784551,1.70 MiB,True
60620099999,60620099999.csv,3665296,3.50 MiB,True
60620199999,60620199999.csv,1854376,1.77 MiB,True
60630099999,60630099999.csv,469,469.00 B,True
60630599999,60630599999.csv,2959133,2.82 MiB,True
60638099999,60638099999.csv,598326,584.30 KiB,True
60640099999,60640099999.csv,3124119,2.98 MiB,True
60645099999,60645099999.csv,14484,14.14 KiB,True
60650099999,60650099999.csv,1758091,1.68 MiB,True
60656099999,60656099999.csv,3129149,2.98 MiB,True
60660099999,60660099999.csv,357643,349.26 KiB,True
60661099999,60661099999.csv,505882,494.03 KiB,True
60662099999,60662099999.csv,45698,44.63 KiB,True
60663099999,60663099999.csv,1903370,1.82 MiB,True
60667099999,60667099999.csv,1747232,1.67 MiB,True
60670099999,60670099999.csv,3120533,2.98 MiB,True
60672099999,60672099999.csv,1788504,1.71 MiB,True
60675099999,60675099999.csv,1537840,1.47 MiB,True
60677099999,60677099999.csv,1736288,1.66 MiB,True
60679099999,60679099999.csv,1662854,1.59 MiB,True
60680099999,60680099999.csv,526,526.00 B,True
60680599999,60680599999.csv,6064283,5.78 MiB,True
60681099999,60681099999.csv,387,387.00 B,True
60682099999,60682099999.csv,844,844.00 B,True
60685099999,60685099999.csv,1739293,1.66 MiB,True
60686099999,60686099999.csv,480,480.00 B,True
60690099999,60690099999.csv,486451,475.05 KiB,True
60691099999,60691099999.csv,1908198,1.82 MiB,True
60692099999,60692099999.csv,1792537,1.71 MiB,True
60693099999,60693099999.csv,379,379.00 B,True
60694099999,60694099999.csv,1800088,1.72 MiB,True
60710099999,60710099999.csv,4302308,4.10 MiB,True
60714099999,60714099999.csv,4125719,3.93 MiB,True
60715099999,60715099999.csv,7410752,7.07 MiB,True
60720099999,60720099999.csv,3981855,3.80 MiB,True
60723099999,60723099999.csv,1043089,1018.64 KiB,True
60725099999,60725099999.csv,4088874,3.90 MiB,True
60728099999,60728099999.csv,1030010,1005.87 KiB,True
60729099999,60729099999.csv,1081296,1.03 MiB,True
60731099999,60731099999.csv,6731965,6.42 MiB,True
60732099999,60732099999.csv,1069505,1.02 MiB,True
60734099999,60734099999.csv,770571,752.51 KiB,True
60735099999,60735099999.csv,3857491,3.68 MiB,True
60738099999,60738099999.csv,1085034,1.03 MiB,True
60739099999,60739099999.csv,1218241,1.16 MiB,True
60740099999,60740099999.csv,1202392,1.15 MiB,True
60740399999,60740399999.csv,5940160,5.66 MiB,True
60742099999,60742099999.csv,1040585,1016.20 KiB,True
60745099999,60745099999.csv,3845553,3.67 MiB,True
60748099999,60748099999.csv,930038,908.24 KiB,True
60750099999,60750099999.csv,3803369,3.63 MiB,True
60760099999,60760099999.csv,3799570,3.62 MiB,True
60764099999,60764099999.csv,1050123,1.00 MiB,True
60765099999,60765099999.csv,3799093,3.62 MiB,True
60767099999,60767099999.csv,1042445,1018.01 KiB,True
60769099999,60769099999.csv,6601943,6.30 MiB,True
60770099999,60770099999.csv,1025837,1001.79 KiB,True
60772099999,60772099999.csv,1026621,1002.56 KiB,True
60775099999,60775099999.csv,3754619,3.58 MiB,True
60780099999,60780099999.csv,2128251,2.03 MiB,True
61017099999,61017099999.csv,1371615,1.31 MiB,True
61024099999,61024099999.csv,2791141,2.66 MiB,True
61036099999,61036099999.csv,1293593,1.23 MiB,True
61043099999,61043099999.csv,3064660,2.92 MiB,True
61045099999,61045099999.csv,1417700,1.35 MiB,True
61049099999,61049099999.csv,1135975,1.08 MiB,True
61052099999,61052099999.csv,4218589,4.02 MiB,True
61053099999,61053099999.csv,1349326,1.29 MiB,True
61075099999,61075099999.csv,1442618,1.38 MiB,True
61080099999,61080099999.csv,2861121,2.73 MiB,True
61085099999,61085099999.csv,1415687,1.35 MiB,True
61090099999,61090099999.csv,2656917,2.53 MiB,True
61091099999,61091099999.csv,1420355,1.35 MiB,True
61096099999,61096099999.csv,1301796,1.24 MiB,True
61099099999,61099099999.csv,1190867,1.14 MiB,True
61226099999,61226099999.csv,2883,2.82 KiB,True
61230099999,61230099999.csv,1647779,1.57 MiB,True
61233099999,61233099999.csv,941308,919.25 KiB,True
61235099999,61235099999.csv,902261,881.11 KiB,True
61257099999,61257099999.csv,3032032,2.89 MiB,True
61265099999,61265099999.csv,2114789,2.02 MiB,True
61270099999,61270099999.csv,856734,836.65 KiB,True
61272099999,61272099999.csv,850309,830.38 KiB,True
61277099999,61277099999.csv,902650,881.49 KiB,True
61285099999,61285099999.csv,976194,953.31 KiB,True
61291099999,61291099999.csv,6376515,6.08 MiB,True
61293099999,61293099999.csv,901609,880.48 KiB,True
61296099999,61296099999.csv,897167,876.14 KiB,True
61297099999,61297099999.csv,890998,870.12 KiB,True
61401099999,61401099999.csv,1317,1.29 KiB,True
61404099999,61404099999.csv,1866,1.82 KiB,True
61415099999,61415099999.csv,2936560,2.80 MiB,True
61421099999,61421099999.csv,318580,311.11 KiB,True
61437099999,61437099999.csv,96069,93.82 KiB,True
61442099999,61442099999.csv,295809,288.88 KiB,True
61450099999,61450099999.csv,82764,80.82 KiB,True
61461099999,61461099999.csv,11154,10.89 KiB,True
61489099999,61489099999.csv,94162,91.96 KiB,True
61492099999,61492099999.csv,2545,2.49 KiB,True
61497099999,61497099999.csv,13329,13.02 KiB,True
61498099999,61498099999.csv,103110,100.69 KiB,True
61499099999,61499099999.csv,149312,145.81 KiB,True
61600099999,61600099999.csv,3426858,3.27 MiB,True
61612099999,61612099999.csv,2678736,2.55 MiB,True
61627099999,61627099999.csv,2156048,2.06 MiB,True
61630099999,61630099999.csv,2629195,2.51 MiB,True
61641099999,61641099999.csv,3594960,3.43 MiB,True
61666099999,61666099999.csv,2768289,2.64 MiB,True
61679099999,61679099999.csv,2642929,2.52 MiB,True
61687099999,61687099999.csv,3085376,2.94 MiB,True
61695099999,61695099999.csv,3457410,3.30 MiB,True
61697099999,61697099999.csv,2982341,2.84 MiB,True
61698099999,61698099999.csv,2637077,2.51 MiB,True
61699099999,61699099999.csv,2245971,2.14 MiB,True
61701099999,61701099999.csv,3445868,3.29 MiB,True
61705099999,61705099999.csv,86738,84.71 KiB,True
61707099999,61707099999.csv,5622,5.49 KiB,True
61711099999,61711099999.csv,1059,1.03 KiB,True
61712099999,61712099999.csv,82404,80.47 KiB,True
61717099999,61717099999.csv,16406,16.02 KiB,True
61721099999,61721099999.csv,97790,95.50 KiB,True
61722099999,61722099999.csv,539,539.00 B,True
61731099999,61731099999.csv,247786,241.98 KiB,True
61733099999,61733099999.csv,32033,31.28 KiB,True
61766099999,61766099999.csv,2914732,2.78 MiB,True
61769099999,61769099999.csv,41328,40.36 KiB,True
61781099999,61781099999.csv,56694,55.37 KiB,True
61802099999,61802099999.csv,149503,146.00 KiB,True
61809099999,61809099999.csv,523804,511.53 KiB,True
61811099999,61811099999.csv,71303,69.63 KiB,True
61816099999,61816099999.csv,263777,257.59 KiB,True
61818099999,61818099999.csv,462379,451.54 KiB,True
61820099999,61820099999.csv,556143,543.11 KiB,True
61829099999,61829099999.csv,647186,632.02 KiB,True
61829399999,61829399999.csv,17263,16.86 KiB,True
61832099999,61832099999.csv,4254642,4.06 MiB,True
61833099999,61833099999.csv,534111,521.59 KiB,True
61834099999,61834099999.csv,508,508.00 B,True
61847099999,61847099999.csv,154560,150.94 KiB,True
61849099999,61849099999.csv,843015,823.26 KiB,True
61856099999,61856099999.csv,2516458,2.40 MiB,True
61892099999,61892099999.csv,559,559.00 B,True
61901099999,61901099999.csv,3242779,3.09 MiB,True
61902099999,61902099999.csv,2038751,1.94 MiB,True
61931099999,61931099999.csv,1248649,1.19 MiB,True
61934099999,61934099999.csv,6453,6.30 KiB,True
61967070701,61967070701.csv,4026248,3.84 MiB,True
61968099999,61968099999.csv,5010,4.89 KiB,True
61970099999,61970099999.csv,1821,1.78 KiB,True
61972099999,61972099999.csv,4991,4.87 KiB,True
61974099999,61974099999.csv,958348,935.89 KiB,True
61976099999,61976099999.csv,10291,10.05 KiB,True
61980099999,61980099999.csv,9773714,9.32 MiB,True
61984099999,61984099999.csv,6011109,5.73 MiB,True
61986099999,61986099999.csv,814693,795.60 KiB,True
61988099999,61988099999.csv,1059226,1.01 MiB,True
61989099999,61989099999.csv,986183,963.07 KiB,True
61990099999,61990099999.csv,7150553,6.82 MiB,True
61995099999,61995099999.csv,1105847,1.05 MiB,True
61997099999,61997099999.csv,5432,5.30 KiB,True
61998099999,61998099999.csv,3294588,3.14 MiB,True
62002099999,62002099999.csv,935918,913.98 KiB,True
62007099999,62007099999.csv,875464,854.95 KiB,True
62008099999,62008099999.csv,923993,902.34 KiB,True
62010099999,62010099999.csv,481,481.00 B,True
62011099999,62011099999.csv,866448,846.14 KiB,True
62012099999,62012099999.csv,875367,854.85 KiB,True
62016099999,62016099999.csv,1004383,980.84 KiB,True
62016599999,62016599999.csv,6594,6.44 KiB,True
62018099999,62018099999.csv,321844,314.30 KiB,True
62019099999,62019099999.csv,898318,877.26 KiB,True
62052599999,62052599999.csv,8816,8.61 KiB,True
62053099999,62053099999.csv,1062310,1.01 MiB,True
62054099999,62054099999.csv,485461,474.08 KiB,True
62056099999,62056099999.csv,385,385.00 B,True
62059099999,62059099999.csv,633914,619.06 KiB,True
62062099999,62062099999.csv,757756,740.00 KiB,True
62103099999,62103099999.csv,567444,554.14 KiB,True
62120099999,62120099999.csv,348139,339.98 KiB,True
62124099999,62124099999.csv,638655,623.69 KiB,True
62131099999,62131099999.csv,343996,335.93 KiB,True
62161099999,62161099999.csv,814764,795.67 KiB,True
62176099999,62176099999.csv,430308,420.22 KiB,True
62200099999,62200099999.csv,578571,565.01 KiB,True
62212099999,62212099999.csv,384563,375.55 KiB,True
62225099999,62225099999.csv,531775,519.31 KiB,True
62259099999,62259099999.csv,713907,697.17 KiB,True
62271099999,62271099999.csv,525244,512.93 KiB,True
62303099999,62303099999.csv,445,445.00 B,True
62305099999,62305099999.csv,674761,658.95 KiB,True
62306099999,62306099999.csv,3648933,3.48 MiB,True
62308099999,62308099999.csv,465,465.00 B,True
62309099999,62309099999.csv,850826,830.88 KiB,True
62315099999,62315099999.csv,532,532.00 B,True
62318099999,62318099999.csv,1109177,1.06 MiB,True
62325099999,62325099999.csv,595125,581.18 KiB,True
62332099999,62332099999.csv,486,486.00 B,True
62333099999,62333099999.csv,3425027,3.27 MiB,True
62335099999,62335099999.csv,1156,1.13 KiB,True
62337099999,62337099999.csv,361678,353.20 KiB,True
62345099999,62345099999.csv,735,735.00 B,True
62357099999,62357099999.csv,242584,236.90 KiB,True
62360199999,62360199999.csv,2806636,2.68 MiB,True
62363099999,62363099999.csv,406,406.00 B,True
62366099999,62366099999.csv,6652119,6.34 MiB,True
62366199999,62366199999.csv,2283366,2.18 MiB,True
62366499999,62366499999.csv,10896,10.64 KiB,True
62366599999,62366599999.csv,415,415.00 B,True
62378099999,62378099999.csv,577,577.00 B,True
62387099999,62387099999.csv,748325,730.79 KiB,True
62393099999,62393099999.csv,3203476,3.06 MiB,True
62398099999,62398099999.csv,2395460,2.28 MiB,True
62402099999,62402099999.csv,413,413.00 B,True
62403099999,62403099999.csv,614746,600.34 KiB,True
62405099999,62405099999.csv,3328963,3.17 MiB,True
62414099999,62414099999.csv,3140962,3.00 MiB,True
62416099999,62416099999.csv,2460155,2.35 MiB,True
62419099999,62419099999.csv,2705656,2.58 MiB,True
62420099999,62420099999.csv,832669,813.15 KiB,True
62423099999,62423099999.csv,81529,79.62 KiB,True
62425099999,62425099999.csv,439,439.00 B,True
62432099999,62432099999.csv,86859,84.82 KiB,True
62435099999,62435099999.csv,786304,767.88 KiB,True
62440099999,62440099999.csv,1657402,1.58 MiB,True
62452099999,62452099999.csv,737447,720.16 KiB,True
62455099999,62455099999.csv,626457,611.77 KiB,True
62458099999,62458099999.csv,794423,775.80 KiB,True
62459099999,62459099999.csv,3304421,3.15 MiB,True
62463099999,62463099999.csv,3291976,3.14 MiB,True
62463999999,62463999999.csv,2308904,2.20 MiB,True
62465099999,62465099999.csv,684946,668.89 KiB,True
62465599999,62465599999.csv,426,426.00 B,True
62467099999,62467099999.csv,887,887.00 B,True
62476099999,62476099999.csv,667730,652.08 KiB,True
62641499999,62641499999.csv,43723,42.70 KiB,True
62650099999,62650099999.csv,31203,30.47 KiB,True
62721099999,62721099999.csv,680378,664.43 KiB,True
62733099999,62733099999.csv,420,420.00 B,True
62760099999,62760099999.csv,12747,12.45 KiB,True
62762099999,62762099999.csv,547,547.00 B,True
62770099999,62770099999.csv,2450,2.39 KiB,True
62771099999,62771099999.csv,20485,20.00 KiB,True
62790099999,62790099999.csv,10118,9.88 KiB,True
62880099999,62880099999.csv,16752,16.36 KiB,True
62941099999,62941099999.csv,158435,154.72 KiB,True
63125299999,63125299999.csv,1562458,1.49 MiB,True
63210099999,63210099999.csv,1410289,1.34 MiB,True
63227099999,63227099999.csv,112501,109.86 KiB,True
63260099999,63260099999.csv,1947777,1.86 MiB,True
63330099999,63330099999.csv,429,429.00 B,True
63331099999,63331099999.csv,298534,291.54 KiB,True
63332099999,63332099999.csv,703001,686.52 KiB,True
63333099999,63333099999.csv,427212,417.20 KiB,True
63334099999,63334099999.csv,288833,282.06 KiB,True
63340099999,63340099999.csv,408501,398.93 KiB,True
63402099999,63402099999.csv,348104,339.95 KiB,True
63403099999,63403099999.csv,337349,329.44 KiB,True
63450099999,63450099999.csv,2869875,2.74 MiB,True
63451099999,63451099999.csv,88845,86.76 KiB,True
63453099999,63453099999.csv,358329,349.93 KiB,True
63460099999,63460099999.csv,330902,323.15 KiB,True
63471099999,63471099999.csv,807149,788.23 KiB,True
63473099999,63473099999.csv,431,431.00 B,True
63474099999,63474099999.csv,335424,327.56 KiB,True
63478099999,63478099999.csv,302498,295.41 KiB,True
63500099999,63500099999.csv,321657,314.12 KiB,True
63533099999,63533099999.csv,355928,347.59 KiB,True
63602099999,63602099999.csv,439970,429.66 KiB,True
63612099999,63612099999.csv,3460057,3.30 MiB,True
63619099999,63619099999.csv,618084,603.60 KiB,True
63624099999,63624099999.csv,493524,481.96 KiB,True
63630099999,63630099999.csv,277613,271.11 KiB,True
63630499999,63630499999.csv,13016,12.71 KiB,True
63631099999,63631099999.csv,292034,285.19 KiB,True
63641099999,63641099999.csv,710044,693.40 KiB,True
63654099999,63654099999.csv,355421,347.09 KiB,True
63658099999,63658099999.csv,437303,427.05 KiB,True
63661099999,63661099999.csv,3682809,3.51 MiB,True
63671099999,63671099999.csv,2635115,2.51 MiB,True
63674099999,63674099999.csv,434889,424.70 KiB,True
63680099999,63680099999.csv,309872,302.61 KiB,True
63682099999,63682099999.csv,277226,270.73 KiB,True
63684099999,63684099999.csv,407906,398.35 KiB,True
63686099999,63686099999.csv,4329502,4.13 MiB,True
63687099999,63687099999.csv,764759,746.83 KiB,True
63688099999,63688099999.csv,737,737.00 B,True
63695099999,63695099999.csv,3290267,3.14 MiB,True
63702099999,63702099999.csv,412463,402.80 KiB,True
63705099999,63705099999.csv,5315476,5.07 MiB,True
63708099999,63708099999.csv,4288893,4.09 MiB,True
63709099999,63709099999.csv,704331,687.82 KiB,True
63710099999,63710099999.csv,841624,821.90 KiB,True
63714099999,63714099999.csv,3562290,3.40 MiB,True
63717099999,63717099999.csv,3762365,3.59 MiB,True
63720099999,63720099999.csv,3204707,3.06 MiB,True
63723099999,63723099999.csv,2380888,2.27 MiB,True
63726099999,63726099999.csv,161244,157.46 KiB,True
63729099999,63729099999.csv,3851502,3.67 MiB,True
63733099999,63733099999.csv,3659540,3.49 MiB,True
63733599999,63733599999.csv,4565,4.46 KiB,True
63737099999,63737099999.csv,826178,806.81 KiB,True
63738099999,63738099999.csv,20538,20.06 KiB,True
63740099999,63740099999.csv,6984726,6.66 MiB,True
63741099999,63741099999.csv,728318,711.25 KiB,True
63742099999,63742099999.csv,3857967,3.68 MiB,True
63756099999,63756099999.csv,4135705,3.94 MiB,True
63766099999,63766099999.csv,798702,779.98 KiB,True
63772099999,63772099999.csv,1798174,1.71 MiB,True
63789099999,63789099999.csv,2528566,2.41 MiB,True
63790099999,63790099999.csv,2635,2.57 KiB,True
63791099999,63791099999.csv,4275836,4.08 MiB,True
63793099999,63793099999.csv,1092974,1.04 MiB,True
63799099999,63799099999.csv,3110300,2.97 MiB,True
63801099999,63801099999.csv,3864986,3.69 MiB,True
63816099999,63816099999.csv,3068,3.00 KiB,True
63820099999,63820099999.csv,7389991,7.05 MiB,True
63832099999,63832099999.csv,3678196,3.51 MiB,True
63844099999,63844099999.csv,8547,8.35 KiB,True
63845099999,63845099999.csv,7198,7.03 KiB,True
63862099999,63862099999.csv,3712040,3.54 MiB,True
63866099999,63866099999.csv,3542754,3.38 MiB,True
63870099999,63870099999.csv,4001372,3.82 MiB,True
63881099999,63881099999.csv,3658551,3.49 MiB,True
63887099999,63887099999.csv,3661719,3.49 MiB,True
63894099999,63894099999.csv,4693740,4.48 MiB,True
63919399999,63919399999.csv,3429,3.35 KiB,True
63962099999,63962099999.csv,3625029,3.46 MiB,True
63971099999,63971099999.csv,3722015,3.55 MiB,True
63980099999,63980099999.csv,4853331,4.63 MiB,True
64005099999,64005099999.csv,6118,5.97 KiB,True
64006099999,64006099999.csv,75646,73.87 KiB,True
64008599999,64008599999.csv,566684,553.40 KiB,True
64014099999,64014099999.csv,1938,1.89 KiB,True
64034099999,64034099999.csv,13365,13.05 KiB,True
64040099999,64040099999.csv,345194,337.10 KiB,True
64046099999,64046099999.csv,2375,2.32 KiB,True
64056099999,64056099999.csv,576,576.00 B,True
64062099999,64062099999.csv,6774,6.62 KiB,True
64072099999,64072099999.csv,6665,6.51 KiB,True
64076099999,64076099999.csv,44908,43.86 KiB,True
64077099999,64077099999.csv,423,423.00 B,True
64101099999,64101099999.csv,1560,1.52 KiB,True
64108099999,64108099999.csv,15341,14.98 KiB,True
64126099999,64126099999.csv,48474,47.34 KiB,True
64155099999,64155099999.csv,13374,13.06 KiB,True
64180099999,64180099999.csv,18927,18.48 KiB,True
64184099999,64184099999.csv,701920,685.47 KiB,True
64204099999,64204099999.csv,17393,16.99 KiB,True
64207099999,64207099999.csv,8981,8.77 KiB,True
64210099999,64210099999.csv,3313751,3.16 MiB,True
64211099999,64211099999.csv,197164,192.54 KiB,True
64220099999,64220099999.csv,242683,237.00 KiB,True
64222099999,64222099999.csv,193840,189.30 KiB,True
64224099999,64224099999.csv,191530,187.04 KiB,True
64228099999,64228099999.csv,40427,39.48 KiB,True
64235099999,64235099999.csv,84117,82.15 KiB,True
64247099999,64247099999.csv,146452,143.02 KiB,True
64282099999,64282099999.csv,1678,1.64 KiB,True
64285099999,64285099999.csv,155008,151.38 KiB,True
64328099999,64328099999.csv,36945,36.08 KiB,True
64360099999,64360099999.csv,444331,433.92 KiB,True
64380099999,64380099999.csv,1009806,986.14 KiB,True
64387099999,64387099999.csv,7274675,6.94 MiB,True
64390099999,64390099999.csv,2447435,2.33 MiB,True
64400099999,64400099999.csv,7142283,6.81 MiB,True
64400799999,64400799999.csv,470029,459.01 KiB,True
64401099999,64401099999.csv,839578,819.90 KiB,True
64402099999,64402099999.csv,679728,663.80 KiB,True
64403099999,64403099999.csv,471315,460.27 KiB,True
64405099999,64405099999.csv,639179,624.20 KiB,True
64450099999,64450099999.csv,7558459,7.21 MiB,True
64452099999,64452099999.csv,482844,471.53 KiB,True
64453099999,64453099999.csv,607676,593.43 KiB,True
64454099999,64454099999.csv,342890,334.85 KiB,True
64456099999,64456099999.csv,576456,562.95 KiB,True
64458099999,64458099999.csv,922309,900.69 KiB,True
64459099999,64459099999.csv,708198,691.60 KiB,True
64460099999,64460099999.csv,167865,163.93 KiB,True
64462099999,64462099999.csv,577530,563.99 KiB,True
64463099999,64463099999.csv,179942,175.72 KiB,True
64500099999,64500099999.csv,4342222,4.14 MiB,True
64501099999,64501099999.csv,4403102,4.20 MiB,True
64503099999,64503099999.csv,5198,5.08 KiB,True
64504099999,64504099999.csv,5016,4.90 KiB,True
64507099999,64507099999.csv,281043,274.46 KiB,True
64510099999,64510099999.csv,876351,855.81 KiB,True
64512099999,64512099999.csv,1137136,1.08 MiB,True
64518099999,64518099999.csv,14821,14.47 KiB,True
64545099999,64545099999.csv,5328,5.20 KiB,True
64550099999,64550099999.csv,1110346,1.06 MiB,True
64551099999,64551099999.csv,1225029,1.17 MiB,True
64552099999,64552099999.csv,5340,5.21 KiB,True
64556099999,64556099999.csv,422405,412.50 KiB,True
64560099999,64560099999.csv,700590,684.17 KiB,True
64565099999,64565099999.csv,5328,5.20 KiB,True
64570099999,64570099999.csv,2268211,2.16 MiB,True
64580099999,64580099999.csv,353,353.00 B,True
64600099999,64600099999.csv,1025619,1001.58 KiB,True
64601099999,64601099999.csv,618634,604.13 KiB,True
64605099999,64605099999.csv,23586,23.03 KiB,True
64610099999,64610099999.csv,23470,22.92 KiB,True
64650099999,64650099999.csv,3279799,3.13 MiB,True
64654099999,64654099999.csv,21846,21.33 KiB,True
64655099999,64655099999.csv,22890,22.35 KiB,True
64656099999,64656099999.csv,23470,22.92 KiB,True
64658099999,64658099999.csv,23122,22.58 KiB,True
64659099999,64659099999.csv,21382,20.88 KiB,True
64660099999,64660099999.csv,22078,21.56 KiB,True
64661099999,64661099999.csv,22542,22.01 KiB,True
64700099999,64700099999.csv,5839929,5.57 MiB,True
64701099999,64701099999.csv,232320,226.88 KiB,True
64702099999,64702099999.csv,396425,387.13 KiB,True
64705099999,64705099999.csv,353642,345.35 KiB,True
64706099999,64706099999.csv,1035393,1011.13 KiB,True
64707099999,64707099999.csv,523,523.00 B,True
64708099999,64708099999.csv,348986,340.81 KiB,True
64708599999,64708599999.csv,142327,138.99 KiB,True
64709099999,64709099999.csv,420522,410.67 KiB,True
64750099999,64750099999.csv,3064751,2.92 MiB,True
64751099999,64751099999.csv,317335,309.90 KiB,True
64753099999,64753099999.csv,941930,919.85 KiB,True
64754099999,64754099999.csv,433163,423.01 KiB,True
64756099999,64756099999.csv,1043565,1019.11 KiB,True
64758099999,64758099999.csv,414117,404.41 KiB,True
64810099999,64810099999.csv,4658214,4.44 MiB,True
64820099999,64820099999.csv,1229709,1.17 MiB,True
64851099999,64851099999.csv,1008660,985.02 KiB,True
64851499999,64851499999.csv,94459,92.25 KiB,True
64860099999,64860099999.csv,2172618,2.07 MiB,True
64870099999,64870099999.csv,1520631,1.45 MiB,True
64880099999,64880099999.csv,156226,152.56 KiB,True
64882099999,64882099999.csv,201879,197.15 KiB,True
64890099999,64890099999.csv,103613,101.18 KiB,True
64892099999,64892099999.csv,5527,5.40 KiB,True
64893099999,64893099999.csv,219442,214.30 KiB,True
64900099999,64900099999.csv,157261,153.58 KiB,True
64910099999,64910099999.csv,4395896,4.19 MiB,True
64911099999,64911099999.csv,183532,179.23 KiB,True
64912099999,64912099999.csv,200610,195.91 KiB,True
64920099999,64920099999.csv,140139,136.85 KiB,True
64930099999,64930099999.csv,5365,5.24 KiB,True
64931099999,64931099999.csv,198889,194.23 KiB,True
64950099999,64950099999.csv,2940699,2.80 MiB,True
64950499999,64950499999.csv,200561,195.86 KiB,True
64960099999,64960099999.csv,184648,180.32 KiB,True
64961099999,64961099999.csv,150343,146.82 KiB,True
64971099999,64971099999.csv,175866,171.74 KiB,True
64972099999,64972099999.csv,179346,175.14 KiB,True
65002099999,65002099999.csv,1910878,1.82 MiB,True
65003099999,65003099999.csv,622,622.00 B,True
65010099999,65010099999.csv,1104459,1.05 MiB,True
65019099999,65019099999.csv,1609318,1.53 MiB,True
65028099999,65028099999.csv,1041225,1016.82 KiB,True
65030099999,65030099999.csv,695619,679.32 KiB,True
65046099999,65046099999.csv,3621652,3.45 MiB,True
65055099999,65055099999.csv,448979,438.46 KiB,True
65064099999,65064099999.csv,585,585.00 B,True
65075099999,65075099999.csv,1070375,1.02 MiB,True
65082099999,65082099999.csv,169590,165.62 KiB,True
65100099999,65100099999.csv,1320966,1.26 MiB,True
65101099999,65101099999.csv,1844535,1.76 MiB,True
65112099999,65112099999.csv,7008,6.84 KiB,True
65112599999,65112599999.csv,2628674,2.51 MiB,True
65123099999,65123099999.csv,2171760,2.07 MiB,True
65124099999,65124099999.csv,4796,4.68 KiB,True
65125099999,65125099999.csv,1358627,1.30 MiB,True
65134099999,65134099999.csv,524023,511.74 KiB,True
65167099999,65167099999.csv,1744011,1.66 MiB,True
65201099999,65201099999.csv,4029927,3.84 MiB,True
65201699999,65201699999.csv,773128,755.01 KiB,True
65202099999,65202099999.csv,609,609.00 B,True
65203099999,65203099999.csv,587,587.00 B,True
65208099999,65208099999.csv,879265,858.66 KiB,True
65210099999,65210099999.csv,77768,75.95 KiB,True
65213099999,65213099999.csv,1963,1.92 KiB,True
65215099999,65215099999.csv,68888,67.27 KiB,True
65229099999,65229099999.csv,614393,599.99 KiB,True
65232099999,65232099999.csv,122111,119.25 KiB,True
65245099999,65245099999.csv,2362,2.31 KiB,True
65250099999,65250099999.csv,2415427,2.30 MiB,True
65252099999,65252099999.csv,523074,510.81 KiB,True
65264099999,65264099999.csv,334667,326.82 KiB,True
65271099999,65271099999.csv,377070,368.23 KiB,True
65275099999,65275099999.csv,3251,3.17 KiB,True
65306099999,65306099999.csv,1200868,1.15 MiB,True
65319099999,65319099999.csv,1204364,1.15 MiB,True
65330099999,65330099999.csv,1192807,1.14 MiB,True
65335099999,65335099999.csv,1194682,1.14 MiB,True
65338099999,65338099999.csv,1234639,1.18 MiB,True
65344099999,65344099999.csv,4067634,3.88 MiB,True
65352099999,65352099999.csv,1638138,1.56 MiB,True
65355099999,65355099999.csv,4288595,4.09 MiB,True
65357099999,65357099999.csv,1556823,1.48 MiB,True
65361099999,65361099999.csv,2412941,2.30 MiB,True
65376099999,65376099999.csv,1763893,1.68 MiB,True
65376599999,65376599999.csv,1459899,1.39 MiB,True
65378099999,65378099999.csv,1516929,1.45 MiB,True
65380099999,65380099999.csv,1488290,1.42 MiB,True
65387099999,65387099999.csv,6074122,5.79 MiB,True
65401099999,65401099999.csv,689233,673.08 KiB,True
65404099999,65404099999.csv,699898,683.49 KiB,True
65416099999,65416099999.csv,793812,775.21 KiB,True
65418099999,65418099999.csv,950222,927.95 KiB,True
65420099999,65420099999.csv,609687,595.40 KiB,True
65432099999,65432099999.csv,596459,582.48 KiB,True
65437099999,65437099999.csv,975787,952.92 KiB,True
65439099999,65439099999.csv,935090,913.17 KiB,True
65442099999,65442099999.csv,951853,929.54 KiB,True
65445099999,65445099999.csv,961739,939.20 KiB,True
65450099999,65450099999.csv,850712,830.77 KiB,True
65453099999,65453099999.csv,778360,760.12 KiB,True
65457099999,65457099999.csv,658847,643.41 KiB,True
65459099999,65459099999.csv,934135,912.24 KiB,True
65460099999,65460099999.csv,591278,577.42 KiB,True
65462099999,65462099999.csv,775238,757.07 KiB,True
65465099999,65465099999.csv,719567,702.70 KiB,True
65467099999,65467099999.csv,1002319,978.83 KiB,True
65469099999,65469099999.csv,925701,904.00 KiB,True
65472099999,65472099999.csv,3912233,3.73 MiB,True
65473099999,65473099999.csv,827431,808.04 KiB,True
65475099999,65475099999.csv,944,944.00 B,True
65501099999,65501099999.csv,1094489,1.04 MiB,True
65502099999,65502099999.csv,3037666,2.90 MiB,True
65503099999,65503099999.csv,5789921,5.52 MiB,True
65505099999,65505099999.csv,3063942,2.92 MiB,True
65507099999,65507099999.csv,3099585,2.96 MiB,True
65510099999,65510099999.csv,5884753,5.61 MiB,True
65516099999,65516099999.csv,3040237,2.90 MiB,True
65518099999,65518099999.csv,2888396,2.75 MiB,True
65522099999,65522099999.csv,2704063,2.58 MiB,True
65528099999,65528099999.csv,969700,946.97 KiB,True
65536099999,65536099999.csv,1018195,994.33 KiB,True
65545099999,65545099999.csv,1011707,988.00 KiB,True
65548099999,65548099999.csv,1013285,989.54 KiB,True
65555099999,65555099999.csv,3720797,3.55 MiB,True
65557099999,65557099999.csv,993254,969.97 KiB,True
65560099999,65560099999.csv,975456,952.59 KiB,True
65562099999,65562099999.csv,1027749,1003.66 KiB,True
65563099999,65563099999.csv,3877801,3.70 MiB,True
65578099999,65578099999.csv,8906029,8.49 MiB,True
65585099999,65585099999.csv,940088,918.05 KiB,True
65592099999,65592099999.csv,961798,939.26 KiB,True
65594099999,65594099999.csv,1072303,1.02 MiB,True
65599099999,65599099999.csv,1077664,1.03 MiB,True
65660099999,65660099999.csv,5881633,5.61 MiB,True
66104099999,66104099999.csv,2316017,2.21 MiB,True
66136199999,66136199999.csv,100371,98.02 KiB,True
66136299999,66136299999.csv,82238,80.31 KiB,True
66136399999,66136399999.csv,100415,98.06 KiB,True
66136599999,66136599999.csv,384462,375.45 KiB,True
66160099999,66160099999.csv,3599352,3.43 MiB,True
66215099999,66215099999.csv,50623,49.44 KiB,True
66226099999,66226099999.csv,152592,149.02 KiB,True
66240099999,66240099999.csv,662,662.00 B,True
66285099999,66285099999.csv,1616641,1.54 MiB,True
66318099999,66318099999.csv,2043171,1.95 MiB,True
66325099999,66325099999.csv,331331,323.57 KiB,True
66390099999,66390099999.csv,1800250,1.72 MiB,True
66460099999,66460099999.csv,1898514,1.81 MiB,True
67002099999,67002099999.csv,2342573,2.23 MiB,True
67005099999,67005099999.csv,7168306,6.84 MiB,True
67009099999,67009099999.csv,2358689,2.25 MiB,True
67012099999,67012099999.csv,2174612,2.07 MiB,True
67020099999,67020099999.csv,369749,361.08 KiB,True
67023099999,67023099999.csv,483634,472.30 KiB,True
67025099999,67025099999.csv,642761,627.70 KiB,True
67027099999,67027099999.csv,4473603,4.27 MiB,True
67037099999,67037099999.csv,418612,408.80 KiB,True
67045099999,67045099999.csv,311271,303.98 KiB,True
67067099999,67067099999.csv,340641,332.66 KiB,True
67072099999,67072099999.csv,1145486,1.09 MiB,True
67073099999,67073099999.csv,421323,411.45 KiB,True
67083099999,67083099999.csv,8196799,7.82 MiB,True
67085099999,67085099999.csv,684,684.00 B,True
67095099999,67095099999.csv,4526056,4.32 MiB,True
67107099999,67107099999.csv,548056,535.21 KiB,True
67113099999,67113099999.csv,405180,395.68 KiB,True
67117099999,67117099999.csv,510836,498.86 KiB,True
67131099999,67131099999.csv,361213,352.75 KiB,True
67137099999,67137099999.csv,633769,618.92 KiB,True
67143099999,67143099999.csv,580516,566.91 KiB,True
67152099999,67152099999.csv,490799,479.30 KiB,True
67157099999,67157099999.csv,536814,524.23 KiB,True
67161099999,67161099999.csv,601512,587.41 KiB,True
67197099999,67197099999.csv,4193022,4.00 MiB,True
67205099999,67205099999.csv,1286,1.26 KiB,True
67215099999,67215099999.csv,3665940,3.50 MiB,True
67217099999,67217099999.csv,3631365,3.46 MiB,True
67223099999,67223099999.csv,39969,39.03 KiB,True
67225099999,67225099999.csv,627490,612.78 KiB,True
67229099999,67229099999.csv,363180,354.67 KiB,True
67231099999,67231099999.csv,56154,54.84 KiB,True
67237099999,67237099999.csv,3203606,3.06 MiB,True
67241099999,67241099999.csv,197433,192.81 KiB,True
67243099999,67243099999.csv,565486,552.23 KiB,True
67250099999,67250099999.csv,61161,59.73 KiB,True
67260099999,67260099999.csv,265688,259.46 KiB,True
67261099999,67261099999.csv,903329,882.16 KiB,True
67261499999,67261499999.csv,2802475,2.67 MiB,True
67265199999,67265199999.csv,168787,164.83 KiB,True
67273099999,67273099999.csv,211738,206.78 KiB,True
67280099999,67280099999.csv,348809,340.63 KiB,True
67283099999,67283099999.csv,3493216,3.33 MiB,True
67285099999,67285099999.csv,3136,3.06 KiB,True
67287199999,67287199999.csv,130017,126.97 KiB,True
67295099999,67295099999.csv,2656081,2.53 MiB,True
67297099999,67297099999.csv,3706169,3.53 MiB,True
67299199999,67299199999.csv,56546,55.22 KiB,True
67305199999,67305199999.csv,562146,548.97 KiB,True
67309099999,67309099999.csv,604114,589.96 KiB,True
67315099999,67315099999.csv,2213697,2.11 MiB,True
67323099999,67323099999.csv,2940463,2.80 MiB,True
67327099999,67327099999.csv,741752,724.37 KiB,True
67331099999,67331099999.csv,602,602.00 B,True
67335099999,67335099999.csv,3673320,3.50 MiB,True
67341099999,67341099999.csv,3809177,3.63 MiB,True
67346099999,67346099999.csv,548,548.00 B,True
67403099999,67403099999.csv,77233,75.42 KiB,True
67413099999,67413099999.csv,59450,58.06 KiB,True
67421099999,67421099999.csv,15225,14.87 KiB,True
67423099999,67423099999.csv,70366,68.72 KiB,True
67424099999,67424099999.csv,20527,20.05 KiB,True
67441099999,67441099999.csv,47609,46.49 KiB,True
67442099999,67442099999.csv,100754,98.39 KiB,True
67461099999,67461099999.csv,185092,180.75 KiB,True
67475099999,67475099999.csv,198837,194.18 KiB,True
67476099999,67476099999.csv,150624,147.09 KiB,True
67477099999,67477099999.csv,175496,171.38 KiB,True
67481099999,67481099999.csv,187569,183.17 KiB,True
67485099999,67485099999.csv,43826,42.80 KiB,True
67489099999,67489099999.csv,73379,71.66 KiB,True
67493099999,67493099999.csv,57173,55.83 KiB,True
67531099999,67531099999.csv,201172,196.46 KiB,True
67541099999,67541099999.csv,147535,144.08 KiB,True
67551099999,67551099999.csv,198629,193.97 KiB,True
67561099999,67561099999.csv,30443,29.73 KiB,True
67563099999,67563099999.csv,38262,37.37 KiB,True
67571099999,67571099999.csv,142089,138.76 KiB,True
67575099999,67575099999.csv,16434,16.05 KiB,True
67580099999,67580099999.csv,151385,147.84 KiB,True
67581099999,67581099999.csv,198259,193.61 KiB,True
67583099999,67583099999.csv,79732,77.86 KiB,True
67584099999,67584099999.csv,32756,31.99 KiB,True
67585099999,67585099999.csv,26534,25.91 KiB,True
67586099999,67586099999.csv,294463,287.56 KiB,True
67591099999,67591099999.csv,56094,54.78 KiB,True
67597099999,67597099999.csv,52285,51.06 KiB,True
67625099999,67625099999.csv,140577,137.28 KiB,True
67633099999,67633099999.csv,199987,195.30 KiB,True
67641099999,67641099999.csv,138862,135.61 KiB,True
67655099999,67655099999.csv,21022,20.53 KiB,True
67659099999,67659099999.csv,40034,39.10 KiB,True
67662099999,67662099999.csv,78112,76.28 KiB,True
67663099999,67663099999.csv,176685,172.54 KiB,True
67665099999,67665099999.csv,1364024,1.30 MiB,True
67666099999,67666099999.csv,160317,156.56 KiB,True
67667099999,67667099999.csv,123074,120.19 KiB,True
67673099999,67673099999.csv,145199,141.80 KiB,True
67687099999,67687099999.csv,39906,38.97 KiB,True
67689099999,67689099999.csv,36098,35.25 KiB,True
67690099999,67690099999.csv,58701,57.33 KiB,True
67692099999,67692099999.csv,31187,30.46 KiB,True
67693099999,67693099999.csv,1683661,1.61 MiB,True
67695099999,67695099999.csv,32005,31.25 KiB,True
67699099999,67699099999.csv,45125,44.07 KiB,True
67731099999,67731099999.csv,168120,164.18 KiB,True
67741099999,67741099999.csv,108415,105.87 KiB,True
67743099999,67743099999.csv,142608,139.27 KiB,True
67751099999,67751099999.csv,132936,129.82 KiB,True
67753099999,67753099999.csv,170658,166.66 KiB,True
67755099999,67755099999.csv,208577,203.69 KiB,True
67761099999,67761099999.csv,643807,628.72 KiB,True
67765099999,67765099999.csv,255624,249.63 KiB,True
67767099999,67767099999.csv,153037,149.45 KiB,True
67771099999,67771099999.csv,117136,114.39 KiB,True
67773099999,67773099999.csv,130361,127.31 KiB,True
67774099999,67774099999.csv,30280,29.57 KiB,True
67775099999,67775099999.csv,2739651,2.61 MiB,True
67779099999,67779099999.csv,182193,177.92 KiB,True
67781099999,67781099999.csv,261052,254.93 KiB,True
67785099999,67785099999.csv,85068,83.07 KiB,True
67789099999,67789099999.csv,87262,85.22 KiB,True
67791099999,67791099999.csv,193963,189.42 KiB,True
67796099999,67796099999.csv,45382,44.32 KiB,True
67843099999,67843099999.csv,1178640,1.12 MiB,True
67853099999,67853099999.csv,467464,456.51 KiB,True
67855099999,67855099999.csv,188241,183.83 KiB,True
67857099999,67857099999.csv,176685,172.54 KiB,True
67861099999,67861099999.csv,263599,257.42 KiB,True
67863099999,67863099999.csv,177762,173.60 KiB,True
67865099999,67865099999.csv,228143,222.80 KiB,True
67867099999,67867099999.csv,319174,311.69 KiB,True
67869099999,67869099999.csv,186985,182.60 KiB,True
67871099999,67871099999.csv,84869,82.88 KiB,True
67875099999,67875099999.csv,103272,100.85 KiB,True
67877099999,67877099999.csv,142319,138.98 KiB,True
67881099999,67881099999.csv,417291,407.51 KiB,True
67889099999,67889099999.csv,177042,172.89 KiB,True
67891099999,67891099999.csv,93808,91.61 KiB,True
67895099999,67895099999.csv,85449,83.45 KiB,True
67897099999,67897099999.csv,27168,26.53 KiB,True
67899099999,67899099999.csv,173698,169.63 KiB,True
67951099999,67951099999.csv,179632,175.42 KiB,True
67961099999,67961099999.csv,178724,174.54 KiB,True
67963099999,67963099999.csv,193967,189.42 KiB,True
67964099999,67964099999.csv,79484,77.62 KiB,True
67965099999,67965099999.csv,1431713,1.37 MiB,True
67967099999,67967099999.csv,595,595.00 B,True
67969099999,67969099999.csv,257748,251.71 KiB,True
67971099999,67971099999.csv,226999,221.68 KiB,True
67975099999,67975099999.csv,761209,743.37 KiB,True
67976099999,67976099999.csv,25863,25.26 KiB,True
67977099999,67977099999.csv,361648,353.17 KiB,True
67979099999,67979099999.csv,108865,106.31 KiB,True
67983099999,67983099999.csv,326986,319.32 KiB,True
67991099999,67991099999.csv,315408,308.02 KiB,True
68002099999,68002099999.csv,2223524,2.12 MiB,True
68002599999,68002599999.csv,2209270,2.11 MiB,True
68002699999,68002699999.csv,123067,120.18 KiB,True
68004099999,68004099999.csv,428505,418.46 KiB,True
68006099999,68006099999.csv,2309437,2.20 MiB,True
68014099999,68014099999.csv,3396316,3.24 MiB,True
68018099999,68018099999.csv,639860,624.86 KiB,True
68024099999,68024099999.csv,515489,503.41 KiB,True
68026099999,68026099999.csv,42599,41.60 KiB,True
68029099999,68029099999.csv,1759288,1.68 MiB,True
68030099999,68030099999.csv,337149,329.25 KiB,True
68032099999,68032099999.csv,2965352,2.83 MiB,True
68038099999,68038099999.csv,330678,322.93 KiB,True
68040099999,68040099999.csv,464322,453.44 KiB,True
68054099999,68054099999.csv,2047216,1.95 MiB,True
68070099999,68070099999.csv,571539,558.14 KiB,True
68098099999,68098099999.csv,2556321,2.44 MiB,True
68102099999,68102099999.csv,642054,627.01 KiB,True
68110099999,68110099999.csv,3456902,3.30 MiB,True
68112099999,68112099999.csv,1541746,1.47 MiB,True
68114099999,68114099999.csv,929396,907.61 KiB,True
68148099999,68148099999.csv,377766,368.91 KiB,True
68151099999,68151099999.csv,102616,100.21 KiB,True
68155099999,68155099999.csv,2386360,2.28 MiB,True
68163099999,68163099999.csv,2084573,1.99 MiB,True
68174099999,68174099999.csv,751,751.00 B,True
68176099999,68176099999.csv,2035138,1.94 MiB,True
68182099999,68182099999.csv,657679,642.26 KiB,True
68183099999,68183099999.csv,2082032,1.99 MiB,True
68185099999,68185099999.csv,2504059,2.39 MiB,True
68192099999,68192099999.csv,1180805,1.13 MiB,True
68196099999,68196099999.csv,1749420,1.67 MiB,True
68212099999,68212099999.csv,229411,224.03 KiB,True
68226099999,68226099999.csv,316803,309.38 KiB,True
68234099999,68234099999.csv,633841,618.99 KiB,True
68240099999,68240099999.csv,3078927,2.94 MiB,True
68241099999,68241099999.csv,2421823,2.31 MiB,True
68242099999,68242099999.csv,5593734,5.33 MiB,True
68253099999,68253099999.csv,2099957,2.00 MiB,True
68255099999,68255099999.csv,2105789,2.01 MiB,True
68257099999,68257099999.csv,1193366,1.14 MiB,True
68263099999,68263099999.csv,3162741,3.02 MiB,True
68263599999,68263599999.csv,2872711,2.74 MiB,True
68264099999,68264099999.csv,586269,572.53 KiB,True
68264399999,68264399999.csv,2043118,1.95 MiB,True
68267099999,68267099999.csv,1088684,1.04 MiB,True
68267299999,68267299999.csv,2075508,1.98 MiB,True
68267499999,68267499999.csv,1373614,1.31 MiB,True
68267599999,68267599999.csv,417,417.00 B,True
68267699999,68267699999.csv,7556,7.38 KiB,True
68267799999,68267799999.csv,5693790,5.43 MiB,True
68268099999,68268099999.csv,2384935,2.27 MiB,True
68269099999,68269099999.csv,972813,950.01 KiB,True
68271099999,68271099999.csv,2418797,2.31 MiB,True
68272099999,68272099999.csv,2564418,2.45 MiB,True
68273099999,68273099999.csv,2272273,2.17 MiB,True
68285099999,68285099999.csv,2825615,2.69 MiB,True
68287099999,68287099999.csv,870946,850.53 KiB,True
68289099999,68289099999.csv,2671074,2.55 MiB,True
68290099999,68290099999.csv,2075770,1.98 MiB,True
68290499999,68290499999.csv,3075281,2.93 MiB,True
68290599999,68290599999.csv,1756788,1.68 MiB,True
68291099999,68291099999.csv,2695815,2.57 MiB,True
68296099999,68296099999.csv,2695075,2.57 MiB,True
68297099999,68297099999.csv,2769512,2.64 MiB,True
68299099999,68299099999.csv,1421785,1.36 MiB,True
68300099999,68300099999.csv,774024,755.88 KiB,True
68300599999,68300599999.csv,2088121,1.99 MiB,True
68300799999,68300799999.csv,1902169,1.81 MiB,True
68312099999,68312099999.csv,2344641,2.24 MiB,True
68320099999,68320099999.csv,341236,333.24 KiB,True
68322099999,68322099999.csv,2737784,2.61 MiB,True
68325099999,68325099999.csv,525726,513.40 KiB,True
68328099999,68328099999.csv,209521,204.61 KiB,True
68329099999,68329099999.csv,2227614,2.12 MiB,True
68331099999,68331099999.csv,2887589,2.75 MiB,True
68333099999,68333099999.csv,2693663,2.57 MiB,True
68335099999,68335099999.csv,2412591,2.30 MiB,True
68338099999,68338099999.csv,2062938,1.97 MiB,True
68341099999,68341099999.csv,1254683,1.20 MiB,True
68342099999,68342099999.csv,2651793,2.53 MiB,True
68343099999,68343099999.csv,2703412,2.58 MiB,True
68345099999,68345099999.csv,3047067,2.91 MiB,True
68346399999,68346399999.csv,128509,125.50 KiB,True
68346599999,68346599999.csv,51061,49.86 KiB,True
68347099999,68347099999.csv,1734835,1.65 MiB,True
68349099999,68349099999.csv,2072681,1.98 MiB,True
68350099999,68350099999.csv,2612403,2.49 MiB,True
68353099999,68353099999.csv,2635117,2.51 MiB,True
68355099999,68355099999.csv,2040932,1.95 MiB,True
68361099999,68361099999.csv,1098614,1.05 MiB,True
68362099999,68362099999.csv,1880167,1.79 MiB,True
68363099999,68363099999.csv,1051943,1.00 MiB,True
68375099999,68375099999.csv,2334301,2.23 MiB,True
68377099999,68377099999.csv,2177185,2.08 MiB,True
68380099999,68380099999.csv,903551,882.37 KiB,True
68382099999,68382099999.csv,348075,339.92 KiB,True
68386099999,68386099999.csv,242649,236.96 KiB,True
68387099999,68387099999.csv,2686445,2.56 MiB,True
68390099999,68390099999.csv,1663941,1.59 MiB,True
68392399999,68392399999.csv,897471,876.44 KiB,True
68396099999,68396099999.csv,631169,616.38 KiB,True
68397099999,68397099999.csv,1230602,1.17 MiB,True
68398099999,68398099999.csv,1988447,1.90 MiB,True
68399099999,68399099999.csv,1997952,1.91 MiB,True
68400099999,68400099999.csv,964769,942.16 KiB,True
68403099999,68403099999.csv,2530292,2.41 MiB,True
68408099999,68408099999.csv,2821242,2.69 MiB,True
68411099999,68411099999.csv,2681661,2.56 MiB,True
68416099999,68416099999.csv,2854921,2.72 MiB,True
68424099999,68424099999.csv,6197714,5.91 MiB,True
68425099999,68425099999.csv,2723919,2.60 MiB,True
68429099999,68429099999.csv,2841555,2.71 MiB,True
68438099999,68438099999.csv,5569231,5.31 MiB,True
68442099999,68442099999.csv,7062886,6.74 MiB,True
68447099999,68447099999.csv,1150365,1.10 MiB,True
68449099999,68449099999.csv,2350402,2.24 MiB,True
68453399999,68453399999.csv,138683,135.43 KiB,True
68454099999,68454099999.csv,73902,72.17 KiB,True
68461099999,68461099999.csv,2785056,2.66 MiB,True
68471099999,68471099999.csv,2440475,2.33 MiB,True
68474099999,68474099999.csv,1805927,1.72 MiB,True
68478099999,68478099999.csv,1782844,1.70 MiB,True
68479099999,68479099999.csv,2944435,2.81 MiB,True
68481099999,68481099999.csv,1610758,1.54 MiB,True
68485099999,68485099999.csv,1212340,1.16 MiB,True
68487099999,68487099999.csv,2998748,2.86 MiB,True
68488099999,68488099999.csv,1760833,1.68 MiB,True
68491099999,68491099999.csv,428813,418.76 KiB,True
68493099999,68493099999.csv,1048003,1023.44 KiB,True
68494099999,68494099999.csv,962960,940.39 KiB,True
68495099999,68495099999.csv,1157227,1.10 MiB,True
68497099999,68497099999.csv,1667545,1.59 MiB,True
68512099999,68512099999.csv,3513046,3.35 MiB,True
68513099999,68513099999.csv,2704001,2.58 MiB,True
68523099999,68523099999.csv,2349593,2.24 MiB,True
68524099999,68524099999.csv,1870202,1.78 MiB,True
68527099999,68527099999.csv,2575196,2.46 MiB,True
68538099999,68538099999.csv,3198131,3.05 MiB,True
68541099999,68541099999.csv,2576556,2.46 MiB,True
68543099999,68543099999.csv,2471034,2.36 MiB,True
68546099999,68546099999.csv,1007667,984.05 KiB,True
68549099999,68549099999.csv,2863611,2.73 MiB,True
68558099999,68558099999.csv,1896678,1.81 MiB,True
68572099999,68572099999.csv,1921604,1.83 MiB,True
68575099999,68575099999.csv,2104628,2.01 MiB,True
68577099999,68577099999.csv,1449364,1.38 MiB,True
68579099999,68579099999.csv,862179,841.97 KiB,True
68580099999,68580099999.csv,2874581,2.74 MiB,True
68581099999,68581099999.csv,1152017,1.10 MiB,True
68582099999,68582099999.csv,957096,934.66 KiB,True
68583099999,68583099999.csv,1144559,1.09 MiB,True
68585099999,68585099999.csv,2079038,1.98 MiB,True
68587099999,68587099999.csv,2281207,2.18 MiB,True
68588099999,68588099999.csv,2019215,1.93 MiB,True
68589099999,68589099999.csv,923926,902.27 KiB,True
68591099999,68591099999.csv,1035996,1011.71 KiB,True
68592099999,68592099999.csv,4290364,4.09 MiB,True
68593099999,68593099999.csv,1136877,1.08 MiB,True
68613099999,68613099999.csv,1018220,994.36 KiB,True
68614099999,68614099999.csv,2645706,2.52 MiB,True
68618099999,68618099999.csv,3600906,3.43 MiB,True
68619099999,68619099999.csv,2517346,2.40 MiB,True
68624099999,68624099999.csv,2650126,2.53 MiB,True
68633099999,68633099999.csv,2452897,2.34 MiB,True
68647099999,68647099999.csv,2442808,2.33 MiB,True
68649099999,68649099999.csv,1314604,1.25 MiB,True
68651099999,68651099999.csv,1998377,1.91 MiB,True
68668099999,68668099999.csv,5066566,4.83 MiB,True
68674099999,68674099999.csv,1895686,1.81 MiB,True
68677099999,68677099999.csv,2075261,1.98 MiB,True
68712099999,68712099999.csv,2782344,2.65 MiB,True
68713099999,68713099999.csv,1194456,1.14 MiB,True
68714099999,68714099999.csv,3498721,3.34 MiB,True
68715099999,68715099999.csv,1009434,985.78 KiB,True
68717099999,68717099999.csv,3069363,2.93 MiB,True
68718099999,68718099999.csv,324538,316.93 KiB,True
68719099999,68719099999.csv,1012598,988.87 KiB,True
68722099999,68722099999.csv,2713910,2.59 MiB,True
68723099999,68723099999.csv,964944,942.33 KiB,True
68727099999,68727099999.csv,2672984,2.55 MiB,True
68737099999,68737099999.csv,2646392,2.52 MiB,True
68744099999,68744099999.csv,2777338,2.65 MiB,True
68747099999,68747099999.csv,2818120,2.69 MiB,True
68752099999,68752099999.csv,2271394,2.17 MiB,True
68754099999,68754099999.csv,2350727,2.24 MiB,True
68811099999,68811099999.csv,2719875,2.59 MiB,True
68813099999,68813099999.csv,1037964,1013.64 KiB,True
68816099999,68816099999.csv,6872651,6.55 MiB,True
68817099999,68817099999.csv,1197055,1.14 MiB,True
68819099999,68819099999.csv,1265357,1.21 MiB,True
68821099999,68821099999.csv,2708397,2.58 MiB,True
68825099999,68825099999.csv,2623423,2.50 MiB,True
68828099999,68828099999.csv,5653223,5.39 MiB,True
68832099999,68832099999.csv,2794242,2.66 MiB,True
68833099999,68833099999.csv,2338540,2.23 MiB,True
68835099999,68835099999.csv,2775327,2.65 MiB,True
68837099999,68837099999.csv,1163070,1.11 MiB,True
68839099999,68839099999.csv,1074144,1.02 MiB,True
68840099999,68840099999.csv,2967249,2.83 MiB,True
68841099999,68841099999.csv,1181765,1.13 MiB,True
68842099999,68842099999.csv,5221174,4.98 MiB,True
68843099999,68843099999.csv,2917825,2.78 MiB,True
68849099999,68849099999.csv,1090776,1.04 MiB,True
68858099999,68858099999.csv,2768651,2.64 MiB,True
68906099999,68906099999.csv,1844530,1.76 MiB,True
68912099999,68912099999.csv,1132114,1.08 MiB,True
68916099999,68916099999.csv,2035361,1.94 MiB,True
68918099999,68918099999.csv,2923556,2.79 MiB,True
68920099999,68920099999.csv,2962291,2.83 MiB,True
68921099999,68921099999.csv,1186423,1.13 MiB,True
68923099999,68923099999.csv,2757056,2.63 MiB,True
68925099999,68925099999.csv,1175009,1.12 MiB,True
68926099999,68926099999.csv,1065212,1.02 MiB,True
68927099999,68927099999.csv,2845363,2.71 MiB,True
68931099999,68931099999.csv,2847845,2.72 MiB,True
68939099999,68939099999.csv,1025188,1001.16 KiB,True
68994099999,68994099999.csv,2852644,2.72 MiB,True
68999099999,68999099999.csv,1056286,1.01 MiB,True
69015093121,69015093121.csv,3958076,3.77 MiB,True
70000126492,70000126492.csv,8759313,8.35 MiB,True
70019726558,70019726558.csv,5440263,5.19 MiB,True
70026027502,70026027502.csv,9981758,9.52 MiB,True
70030027503,70030027503.csv,7738658,7.38 MiB,True
70063226645,70063226645.csv,6156479,5.87 MiB,True
70063427408,70063427408.csv,3022749,2.88 MiB,True
70063526465,70063526465.csv,134345,131.20 KiB,True
70063727406,70063727406.csv,7688941,7.33 MiB,True
70063899999,70063899999.csv,5160268,4.92 MiB,True
70086027401,70086027401.csv,8315880,7.93 MiB,True
70104026631,70104026631.csv,8074875,7.70 MiB,True
70104326623,70104326623.csv,7306316,6.97 MiB,True
70104526649,70104526649.csv,1387115,1.32 MiB,True
70117026634,70117026634.csv,8130468,7.75 MiB,True
70119099999,70119099999.csv,2556,2.50 KiB,True
70119526625,70119526625.csv,3626301,3.46 MiB,True
70119600102,70119600102.csv,6847444,6.53 MiB,True
70121026624,70121026624.csv,8613752,8.21 MiB,True
70133026616,70133026616.csv,8244783,7.86 MiB,True
70133326643,70133326643.csv,4330380,4.13 MiB,True
70133526648,70133526648.csv,5529554,5.27 MiB,True
70133700103,70133700103.csv,6025181,5.75 MiB,True
70133899999,70133899999.csv,1929914,1.84 MiB,True
70148626642,70148626642.csv,5303587,5.06 MiB,True
70162526542,70162526542.csv,6642647,6.33 MiB,True
70171826551,70171826551.csv,6231062,5.94 MiB,True
70171900490,70171900490.csv,3536334,3.37 MiB,True
70173026535,70173026535.csv,6426432,6.13 MiB,True
70174026533,70174026533.csv,7356773,7.02 MiB,True
70174526480,70174526480.csv,702,702.00 B,True
70174899999,70174899999.csv,87680,85.62 KiB,True
70178026529,70178026529.csv,6030614,5.75 MiB,True
70194026413,70194026413.csv,5250839,5.01 MiB,True
70194546405,70194546405.csv,2343681,2.24 MiB,True
70197526422,70197526422.csv,6102445,5.82 MiB,True
70199526628,70199526628.csv,3623506,3.46 MiB,True
70200026617,70200026617.csv,9063559,8.64 MiB,True
70200499999,70200499999.csv,6039849,5.76 MiB,True
70200526647,70200526647.csv,7692978,7.34 MiB,True
70200626502,70200626502.csv,5885119,5.61 MiB,True
70203526704,70203526704.csv,1235022,1.18 MiB,True
70204026703,70204026703.csv,628501,613.77 KiB,True
70207026627,70207026627.csv,6720390,6.41 MiB,True
70207526644,70207526644.csv,5433149,5.18 MiB,True
70208426650,70208426650.csv,15834,15.46 KiB,True
70212026646,70212026646.csv,9931090,9.47 MiB,True
70218526622,70218526622.csv,8075271,7.70 MiB,True
70219026615,70219026615.csv,9185973,8.76 MiB,True
70219599999,70219599999.csv,2511654,2.40 MiB,True
70222026501,70222026501.csv,1630098,1.55 MiB,True
70222326602,70222326602.csv,1709921,1.63 MiB,True
70231026510,70231026510.csv,8788709,8.38 MiB,True
70231526536,70231526536.csv,6891714,6.57 MiB,True
70232026516,70232026516.csv,5677711,5.41 MiB,True
70232526443,70232526443.csv,5663593,5.40 MiB,True
70235026534,70235026534.csv,6883285,6.56 MiB,True
70246026512,70246026512.csv,4689589,4.47 MiB,True
70249026526,70249026526.csv,991843,968.60 KiB,True
70251026528,70251026528.csv,7789047,7.43 MiB,True
70259026523,70259026523.csv,6759453,6.45 MiB,True
70259526559,70259526559.csv,5426854,5.18 MiB,True
70260026435,70260026435.csv,5553201,5.30 MiB,True
70260725378,70260725378.csv,6297691,6.01 MiB,True
70261026411,70261026411.csv,7483165,7.14 MiB,True
70261526498,70261526498.csv,7260815,6.92 MiB,True
70262500104,70262500104.csv,4833545,4.61 MiB,True
70262699999,70262699999.csv,5625251,5.36 MiB,True
70262726561,70262726561.csv,6013146,5.73 MiB,True
70262800105,70262800105.csv,6297152,6.01 MiB,True
70264546403,70264546403.csv,4809831,4.59 MiB,True
70265026407,70265026407.csv,5964924,5.69 MiB,True
70267026415,70267026415.csv,7718226,7.36 MiB,True
70268527518,70268527518.csv,7963339,7.59 MiB,True
70268600106,70268600106.csv,4228707,4.03 MiB,True
70269700107,70269700107.csv,5821578,5.55 MiB,True
70270000489,70270000489.csv,9652018,9.20 MiB,True
70271026425,70271026425.csv,7248287,6.91 MiB,True
70271546407,70271546407.csv,7589907,7.24 MiB,True
70272026401,70272026401.csv,6171986,5.89 MiB,True
70272526491,70272526491.csv,7046196,6.72 MiB,True
70273026451,70273026451.csv,8181655,7.80 MiB,True
70273526409,70273526409.csv,6547630,6.24 MiB,True
70274025331,70274025331.csv,6656429,6.35 MiB,True
70274626497,70274626497.csv,5978518,5.70 MiB,True
70275626479,70275626479.csv,6109222,5.83 MiB,True
70275827517,70275827517.csv,2806066,2.68 MiB,True
70277026438,70277026438.csv,7784775,7.42 MiB,True
70291026412,70291026412.csv,6012655,5.73 MiB,True
70296026410,70296026410.csv,8532971,8.14 MiB,True
70305025623,70305025623.csv,6211371,5.92 MiB,True
70305126521,70305126521.csv,4382213,4.18 MiB,True
70305226652,70305226652.csv,6605886,6.30 MiB,True
70305326654,70305326654.csv,5716263,5.45 MiB,True
70305400108,70305400108.csv,6078902,5.80 MiB,True
70305500109,70305500109.csv,7210874,6.88 MiB,True
70305626635,70305626635.csv,6201301,5.91 MiB,True
70305726653,70305726653.csv,3862446,3.68 MiB,True
70305800110,70305800110.csv,7092412,6.76 MiB,True
70305999999,70305999999.csv,7724064,7.37 MiB,True
70306125521,70306125521.csv,6292061,6.00 MiB,True
70308025713,70308025713.csv,9948308,9.49 MiB,True
70316025624,70316025624.csv,11329547,10.80 MiB,True
70316525617,70316525617.csv,9493060,9.05 MiB,True
70321025513,70321025513.csv,6670892,6.36 MiB,True
70326025503,70326025503.csv,8338693,7.95 MiB,True
70333025508,70333025508.csv,9156289,8.73 MiB,True
70333325518,70333325518.csv,777837,759.61 KiB,True
70333599999,70333599999.csv,4631965,4.42 MiB,True
70340025506,70340025506.csv,7377551,7.04 MiB,True
70340626546,70340626546.csv,736993,719.72 KiB,True
70340726553,70340726553.csv,5848263,5.58 MiB,True
70341025507,70341025507.csv,6528754,6.23 MiB,True
70343025402,70343025402.csv,11748680,11.20 MiB,True
70350025501,70350025501.csv,9150893,8.73 MiB,True
70360525604,70360525604.csv,7744899,7.39 MiB,True
70360625629,70360625629.csv,5093315,4.86 MiB,True
70360999999,70360999999.csv,1506565,1.44 MiB,True
70361025339,70361025339.csv,10087933,9.62 MiB,True
70362025335,70362025335.csv,6773688,6.46 MiB,True
70362125516,70362125516.csv,7693196,7.34 MiB,True
70362625323,70362625323.csv,7649878,7.30 MiB,True
70364427515,70364427515.csv,7567937,7.22 MiB,True
70365526552,70365526552.csv,5957680,5.68 MiB,True
70365699999,70365699999.csv,19919,19.45 KiB,True
70367025322,70367025322.csv,5845562,5.57 MiB,True
70371025333,70371025333.csv,7788121,7.43 MiB,True
70381025309,70381025309.csv,8643860,8.24 MiB,True
70381725357,70381725357.csv,824276,804.96 KiB,True
70383025310,70383025310.csv,6319756,6.03 MiB,True
70383525628,70383525628.csv,7782629,7.42 MiB,True
70385525369,70385525369.csv,4667646,4.45 MiB,True
70386025329,70386025329.csv,7455648,7.11 MiB,True
70387025338,70387025338.csv,7286407,6.95 MiB,True
70388425376,70388425376.csv,6097865,5.82 MiB,True
70388800111,70388800111.csv,6751475,6.44 MiB,True
70389199999,70389199999.csv,5599313,5.34 MiB,True
70389425367,70389425367.csv,8478122,8.09 MiB,True
70392500112,70392500112.csv,6198351,5.91 MiB,True
70392699999,70392699999.csv,5752545,5.49 MiB,True
70395025325,70395025325.csv,7644373,7.29 MiB,True
70398525377,70398525377.csv,5266336,5.02 MiB,True
70414045715,70414045715.csv,7067525,6.74 MiB,True
70454025704,70454025704.csv,9363330,8.93 MiB,True
70489025616,70489025616.csv,8204887,7.82 MiB,True
70489800113,70489800113.csv,3321089,3.17 MiB,True
71001099999,71001099999.csv,6022521,5.74 MiB,True
71002099999,71002099999.csv,9085112,8.66 MiB,True
71005099999,71005099999.csv,1882771,1.80 MiB,True
71006099999,71006099999.csv,2841410,2.71 MiB,True
71007099999,71007099999.csv,2888432,2.75 MiB,True
71008099999,71008099999.csv,2826156,2.70 MiB,True
71009099999,71009099999.csv,2840897,2.71 MiB,True
71010099999,71010099999.csv,2943088,2.81 MiB,True
71011099999,71011099999.csv,2812636,2.68 MiB,True
71012099999,71012099999.csv,2826198,2.70 MiB,True
71013099999,71013099999.csv,2823647,2.69 MiB,True
71014099999,71014099999.csv,896333,875.33 KiB,True
71015099999,71015099999.csv,1929271,1.84 MiB,True
71016099999,71016099999.csv,1768291,1.69 MiB,True
71017099999,71017099999.csv,2653787,2.53 MiB,True
71018099999,71018099999.csv,3485550,3.32 MiB,True
71020099999,71020099999.csv,3006336,2.87 MiB,True
71020599999,71020599999.csv,6983135,6.66 MiB,True
71021099999,71021099999.csv,3771139,3.60 MiB,True
71022099999,71022099999.csv,1213728,1.16 MiB,True
71024099999,71024099999.csv,3667749,3.50 MiB,True
71026099999,71026099999.csv,3442892,3.28 MiB,True
71026799999,71026799999.csv,2168245,2.07 MiB,True
71027099999,71027099999.csv,3630442,3.46 MiB,True
71028099999,71028099999.csv,2417696,2.31 MiB,True
71029099999,71029099999.csv,3609393,3.44 MiB,True
71030099999,71030099999.csv,987263,964.12 KiB,True
71031099999,71031099999.csv,3103720,2.96 MiB,True
71032099999,71032099999.csv,3458853,3.30 MiB,True
71033099999,71033099999.csv,3388591,3.23 MiB,True
71034899999,71034899999.csv,2293844,2.19 MiB,True
71034999999,71034999999.csv,3201373,3.05 MiB,True
71035099999,71035099999.csv,838216,818.57 KiB,True
71035499999,71035499999.csv,2150262,2.05 MiB,True
71035599999,71035599999.csv,959404,936.92 KiB,True
71035899999,71035899999.csv,1727535,1.65 MiB,True
71035999999,71035999999.csv,2160853,2.06 MiB,True
71036099999,71036099999.csv,6626749,6.32 MiB,True
71036799999,71036799999.csv,2301279,2.19 MiB,True
71037099999,71037099999.csv,2584174,2.46 MiB,True
71037699999,71037699999.csv,2102368,2.00 MiB,True
71038099999,71038099999.csv,1003913,980.38 KiB,True
71039099999,71039099999.csv,3607107,3.44 MiB,True
71040099999,71040099999.csv,3075663,2.93 MiB,True
71041099999,71041099999.csv,11213630,10.69 MiB,True
71041599999,71041599999.csv,2325873,2.22 MiB,True
71042099999,71042099999.csv,3548929,3.38 MiB,True
71043099999,71043099999.csv,5788258,5.52 MiB,True
71043599999,71043599999.csv,1717866,1.64 MiB,True
71045099999,71045099999.csv,3540533,3.38 MiB,True
71045599999,71045599999.csv,1645498,1.57 MiB,True
71046099999,71046099999.csv,2822374,2.69 MiB,True
71047099999,71047099999.csv,848089,828.21 KiB,True
71048099999,71048099999.csv,784573,766.18 KiB,True
71049099999,71049099999.csv,3529133,3.37 MiB,True
71050099999,71050099999.csv,3440255,3.28 MiB,True
71051099999,71051099999.csv,977762,954.85 KiB,True
71051327201,71051327201.csv,964759,942.15 KiB,True
71051499999,71051499999.csv,1488767,1.42 MiB,True
71052099999,71052099999.csv,1623745,1.55 MiB,True
71055099999,71055099999.csv,1997942,1.91 MiB,True
71056099999,71056099999.csv,518917,506.75 KiB,True
71056399999,71056399999.csv,5896087,5.62 MiB,True
71057099999,71057099999.csv,839260,819.59 KiB,True
71060099999,71060099999.csv,3485873,3.32 MiB,True
71061099999,71061099999.csv,3372107,3.22 MiB,True
71062299999,71062299999.csv,3370021,3.21 MiB,True
71063099999,71063099999.csv,3736340,3.56 MiB,True
71063399999,71063399999.csv,933640,911.76 KiB,True
71064099999,71064099999.csv,28839,28.16 KiB,True
71066099999,71066099999.csv,6284041,5.99 MiB,True
71067099999,71067099999.csv,716110,699.33 KiB,True
71068099999,71068099999.csv,5539080,5.28 MiB,True
71069099999,71069099999.csv,5479743,5.23 MiB,True
71070099999,71070099999.csv,855086,835.04 KiB,True
71072099999,71072099999.csv,1165310,1.11 MiB,True
71073099999,71073099999.csv,3333828,3.18 MiB,True
71073599999,71073599999.csv,1151037,1.10 MiB,True
71074099999,71074099999.csv,2615566,2.49 MiB,True
71075099999,71075099999.csv,3494538,3.33 MiB,True
71076099999,71076099999.csv,3311242,3.16 MiB,True
71077099999,71077099999.csv,3666173,3.50 MiB,True
71077499999,71077499999.csv,5649455,5.39 MiB,True
71078099999,71078099999.csv,7470062,7.12 MiB,True
71079099999,71079099999.csv,5822628,5.55 MiB,True
71081099999,71081099999.csv,6361108,6.07 MiB,True
71081499999,71081499999.csv,1162941,1.11 MiB,True
71082399999,71082399999.csv,1398175,1.33 MiB,True
71083099999,71083099999.csv,6148097,5.86 MiB,True
71084099999,71084099999.csv,2679574,2.56 MiB,True
71085099999,71085099999.csv,5617457,5.36 MiB,True
71087099999,71087099999.csv,3557209,3.39 MiB,True
71088099999,71088099999.csv,1778771,1.70 MiB,True
71089099999,71089099999.csv,823888,804.58 KiB,True
71090099999,71090099999.csv,8533367,8.14 MiB,True
71091099999,71091099999.csv,2444167,2.33 MiB,True
71092099999,71092099999.csv,2705299,2.58 MiB,True
71093499999,71093499999.csv,1702600,1.62 MiB,True
71094099999,71094099999.csv,871128,850.71 KiB,True
71094499999,71094499999.csv,1551677,1.48 MiB,True
71095099999,71095099999.csv,7920280,7.55 MiB,True
71096099999,71096099999.csv,931998,910.15 KiB,True
71096499999,71096499999.csv,7170964,6.84 MiB,True
71097099999,71097099999.csv,2407191,2.30 MiB,True
71098099999,71098099999.csv,6711968,6.40 MiB,True
71099099999,71099099999.csv,8294937,7.91 MiB,True
71101099999,71101099999.csv,10868984,10.37 MiB,True
71102099999,71102099999.csv,2819099,2.69 MiB,True
71103099999,71103099999.csv,6036819,5.76 MiB,True
71104099999,71104099999.csv,5381252,5.13 MiB,True
71105099999,71105099999.csv,790690,772.16 KiB,True
71106094234,71106094234.csv,3284768,3.13 MiB,True
71107099999,71107099999.csv,2673201,2.55 MiB,True
71108099999,71108099999.csv,5873655,5.60 MiB,True
71109099999,71109099999.csv,5949325,5.67 MiB,True
71110099999,71110099999.csv,3602845,3.44 MiB,True
71111099999,71111099999.csv,687,687.00 B,True
71113099999,71113099999.csv,3594073,3.43 MiB,True
71114099999,71114099999.csv,9723463,9.27 MiB,True
71115099999,71115099999.csv,3591805,3.43 MiB,True
71116099999,71116099999.csv,3257434,3.11 MiB,True
71118099999,71118099999.csv,3677727,3.51 MiB,True
71120099999,71120099999.csv,5258134,5.01 MiB,True
71121099999,71121099999.csv,1487130,1.42 MiB,True
71122099999,71122099999.csv,3400996,3.24 MiB,True
71123099999,71123099999.csv,6057427,5.78 MiB,True
71123399999,71123399999.csv,6270489,5.98 MiB,True
71125099999,71125099999.csv,2891664,2.76 MiB,True
71125399999,71125399999.csv,2429304,2.32 MiB,True
71127099999,71127099999.csv,3560992,3.40 MiB,True
71129099999,71129099999.csv,5562289,5.30 MiB,True
71130099999,71130099999.csv,6860804,6.54 MiB,True
71131099999,71131099999.csv,3737880,3.56 MiB,True
71132099999,71132099999.csv,7547461,7.20 MiB,True
71133099999,71133099999.csv,3564001,3.40 MiB,True
71135099999,71135099999.csv,3650568,3.48 MiB,True
71136099999,71136099999.csv,1011454,987.75 KiB,True
71137099999,71137099999.csv,3619589,3.45 MiB,True
71138099999,71138099999.csv,5497916,5.24 MiB,True
71139099999,71139099999.csv,3630998,3.46 MiB,True
71140099999,71140099999.csv,5734981,5.47 MiB,True
71141099999,71141099999.csv,1928254,1.84 MiB,True
71142099999,71142099999.csv,6959089,6.64 MiB,True
71144099999,71144099999.csv,3476321,3.32 MiB,True
71145099999,71145099999.csv,7968814,7.60 MiB,True
71147099999,71147099999.csv,3368532,3.21 MiB,True
71148099999,71148099999.csv,3536409,3.37 MiB,True
71149099999,71149099999.csv,949067,926.82 KiB,True
71150099999,71150099999.csv,3496976,3.33 MiB,True
71151099999,71151099999.csv,3543131,3.38 MiB,True
71152099999,71152099999.csv,3751189,3.58 MiB,True
71153099999,71153099999.csv,3264750,3.11 MiB,True
71154099999,71154099999.csv,3756008,3.58 MiB,True
71155099999,71155099999.csv,3501266,3.34 MiB,True
71156099999,71156099999.csv,3528377,3.36 MiB,True
71157099999,71157099999.csv,3821586,3.64 MiB,True
71158099999,71158099999.csv,2775657,2.65 MiB,True
71159099999,71159099999.csv,3620894,3.45 MiB,True
71160099999,71160099999.csv,3164504,3.02 MiB,True
71161099999,71161099999.csv,3733548,3.56 MiB,True
71162099999,71162099999.csv,3709271,3.54 MiB,True
71163099999,71163099999.csv,3571609,3.41 MiB,True
71164099999,71164099999.csv,3351327,3.20 MiB,True
71165099999,71165099999.csv,3510586,3.35 MiB,True
71166099999,71166099999.csv,3558981,3.39 MiB,True
71167099999,71167099999.csv,1104824,1.05 MiB,True
71168099999,71168099999.csv,954472,932.10 KiB,True
71170099999,71170099999.csv,3323985,3.17 MiB,True
71171099999,71171099999.csv,3734373,3.56 MiB,True
71172099999,71172099999.csv,3689820,3.52 MiB,True
71174099999,71174099999.csv,6287214,6.00 MiB,True
71175099999,71175099999.csv,1420494,1.35 MiB,True
71178099999,71178099999.csv,3735504,3.56 MiB,True
71180099999,71180099999.csv,1967936,1.88 MiB,True
71183099999,71183099999.csv,1417058,1.35 MiB,True
71186099999,71186099999.csv,3148219,3.00 MiB,True
71187099999,71187099999.csv,653,653.00 B,True
71188099999,71188099999.csv,5681065,5.42 MiB,True
71189099999,71189099999.csv,1066805,1.02 MiB,True
71190099999,71190099999.csv,3166280,3.02 MiB,True
71191099999,71191099999.csv,2935541,2.80 MiB,True
71192099999,71192099999.csv,1107352,1.06 MiB,True
71193099999,71193099999.csv,3408427,3.25 MiB,True
71196099999,71196099999.csv,3652891,3.48 MiB,True
71196699999,71196699999.csv,2458940,2.35 MiB,True
71198099999,71198099999.csv,3200444,3.05 MiB,True
71199099999,71199099999.csv,3616733,3.45 MiB,True
71200099999,71200099999.csv,3609659,3.44 MiB,True
71201099999,71201099999.csv,3221990,3.07 MiB,True
71202099999,71202099999.csv,2900322,2.77 MiB,True
71203099999,71203099999.csv,5792977,5.52 MiB,True
71204099999,71204099999.csv,3440172,3.28 MiB,True
71206099999,71206099999.csv,2142325,2.04 MiB,True
71207099999,71207099999.csv,3493979,3.33 MiB,True
71208099999,71208099999.csv,3486089,3.32 MiB,True
71208199999,71208199999.csv,2591627,2.47 MiB,True
71209099999,71209099999.csv,2971794,2.83 MiB,True
71211099999,71211099999.csv,3065860,2.92 MiB,True
71212099999,71212099999.csv,3641998,3.47 MiB,True
71213099999,71213099999.csv,3727435,3.55 MiB,True
71214099999,71214099999.csv,2877106,2.74 MiB,True
71215099999,71215099999.csv,3489513,3.33 MiB,True
71216099999,71216099999.csv,3501767,3.34 MiB,True
71217099999,71217099999.csv,2928385,2.79 MiB,True
71218099999,71218099999.csv,3524025,3.36 MiB,True
71219099999,71219099999.csv,3202954,3.05 MiB,True
71220099999,71220099999.csv,3113165,2.97 MiB,True
71221099999,71221099999.csv,2897239,2.76 MiB,True
71222099999,71222099999.csv,3439481,3.28 MiB,True
71223099999,71223099999.csv,2915711,2.78 MiB,True
71224099999,71224099999.csv,2984653,2.85 MiB,True
71225099999,71225099999.csv,2993457,2.85 MiB,True
71226099999,71226099999.csv,2965099,2.83 MiB,True
71227099999,71227099999.csv,2905306,2.77 MiB,True
71228099999,71228099999.csv,2910188,2.78 MiB,True
71229099999,71229099999.csv,2858495,2.73 MiB,True
71230099999,71230099999.csv,3458975,3.30 MiB,True
71231099999,71231099999.csv,3444338,3.28 MiB,True
71232099999,71232099999.csv,3585681,3.42 MiB,True
71233099999,71233099999.csv,2925802,2.79 MiB,True
71234099999,71234099999.csv,3479492,3.32 MiB,True
71235099999,71235099999.csv,3087630,2.94 MiB,True
71236099999,71236099999.csv,3625383,3.46 MiB,True
71237099999,71237099999.csv,3587786,3.42 MiB,True
71238099999,71238099999.csv,3618091,3.45 MiB,True
71239099999,71239099999.csv,1016401,992.58 KiB,True
71240099999,71240099999.csv,3404056,3.25 MiB,True
71242099999,71242099999.csv,3466245,3.31 MiB,True
71243099999,71243099999.csv,2590337,2.47 MiB,True
71244099999,71244099999.csv,3492395,3.33 MiB,True
71245099999,71245099999.csv,3299014,3.15 MiB,True
71246099999,71246099999.csv,3539224,3.38 MiB,True
71247099999,71247099999.csv,641,641.00 B,True
71248099999,71248099999.csv,3537326,3.37 MiB,True
71249099999,71249099999.csv,2884687,2.75 MiB,True
71250099999,71250099999.csv,3865589,3.69 MiB,True
71251099999,71251099999.csv,2305230,2.20 MiB,True
71252099999,71252099999.csv,3473919,3.31 MiB,True
71253099999,71253099999.csv,2433430,2.32 MiB,True
71254099999,71254099999.csv,3517131,3.35 MiB,True
71255099999,71255099999.csv,361689,353.21 KiB,True
71257099999,71257099999.csv,2902652,2.77 MiB,True
71258099999,71258099999.csv,2888783,2.75 MiB,True
71259099999,71259099999.csv,2927657,2.79 MiB,True
71260099999,71260099999.csv,6812310,6.50 MiB,True
71261099999,71261099999.csv,3723291,3.55 MiB,True
71262599999,71262599999.csv,2553627,2.44 MiB,True
71263099999,71263099999.csv,5904533,5.63 MiB,True
71264099999,71264099999.csv,3723572,3.55 MiB,True
71265099999,71265099999.csv,7110410,6.78 MiB,True
71267099999,71267099999.csv,5375420,5.13 MiB,True
71268099999,71268099999.csv,3748568,3.57 MiB,True
71269099999,71269099999.csv,2924795,2.79 MiB,True
71270099999,71270099999.csv,1716230,1.64 MiB,True
71271099999,71271099999.csv,909729,888.41 KiB,True
71272099999,71272099999.csv,5622775,5.36 MiB,True
71273099999,71273099999.csv,3472527,3.31 MiB,True
71274099999,71274099999.csv,3438671,3.28 MiB,True
71275099999,71275099999.csv,2905867,2.77 MiB,True
71276099999,71276099999.csv,3024320,2.88 MiB,True
71277099999,71277099999.csv,3328697,3.17 MiB,True
71278099999,71278099999.csv,2968505,2.83 MiB,True
71279099999,71279099999.csv,3506322,3.34 MiB,True
71281099999,71281099999.csv,3490632,3.33 MiB,True
71282099999,71282099999.csv,3633944,3.47 MiB,True
71283099999,71283099999.csv,634067,619.21 KiB,True
71284099999,71284099999.csv,994670,971.36 KiB,True
71285099999,71285099999.csv,2906723,2.77 MiB,True
71286099999,71286099999.csv,2921822,2.79 MiB,True
71287099999,71287099999.csv,2970580,2.83 MiB,True
71288099999,71288099999.csv,3607367,3.44 MiB,True
71289099999,71289099999.csv,2967063,2.83 MiB,True
71291099999,71291099999.csv,3733920,3.56 MiB,True
71292099999,71292099999.csv,1139185,1.09 MiB,True
71293099999,71293099999.csv,1097762,1.05 MiB,True
71294099999,71294099999.csv,3707119,3.54 MiB,True
71295099999,71295099999.csv,3501034,3.34 MiB,True
71296099999,71296099999.csv,3595178,3.43 MiB,True
71297099999,71297099999.csv,3633019,3.46 MiB,True
71298099999,71298099999.csv,3623816,3.46 MiB,True
71299099999,71299099999.csv,3730121,3.56 MiB,True
71300099999,71300099999.csv,3631219,3.46 MiB,True
71301099999,71301099999.csv,3412180,3.25 MiB,True
71302099999,71302099999.csv,3702187,3.53 MiB,True
71303099999,71303099999.csv,3468313,3.31 MiB,True
71304099999,71304099999.csv,1015995,992.18 KiB,True
71304199999,71304199999.csv,3384412,3.23 MiB,True
71306099999,71306099999.csv,11891461,11.34 MiB,True
71307099999,71307099999.csv,3399291,3.24 MiB,True
71308099999,71308099999.csv,3706144,3.53 MiB,True
71309099999,71309099999.csv,6235649,5.95 MiB,True
71310099999,71310099999.csv,3714460,3.54 MiB,True
71311099999,71311099999.csv,3655006,3.49 MiB,True
71312099999,71312099999.csv,3455106,3.30 MiB,True
71313099999,71313099999.csv,6744913,6.43 MiB,True
71314099999,71314099999.csv,6225246,5.94 MiB,True
71315099999,71315099999.csv,3624757,3.46 MiB,True
71316099999,71316099999.csv,1032095,1007.91 KiB,True
71317099999,71317099999.csv,3621713,3.45 MiB,True
71318099999,71318099999.csv,3609513,3.44 MiB,True
71319099999,71319099999.csv,2400596,2.29 MiB,True
71320099999,71320099999.csv,3537901,3.37 MiB,True
71321099999,71321099999.csv,3217119,3.07 MiB,True
71322099999,71322099999.csv,3215603,3.07 MiB,True
71323099999,71323099999.csv,3579227,3.41 MiB,True
71324099999,71324099999.csv,5233034,4.99 MiB,True
71325099999,71325099999.csv,5632093,5.37 MiB,True
71326099999,71326099999.csv,5614456,5.35 MiB,True
71327099999,71327099999.csv,5667859,5.41 MiB,True
71328099999,71328099999.csv,5217360,4.98 MiB,True
71329099999,71329099999.csv,5263221,5.02 MiB,True
71331099999,71331099999.csv,3698151,3.53 MiB,True
71332099999,71332099999.csv,3484198,3.32 MiB,True
71334099999,71334099999.csv,3131747,2.99 MiB,True
71335099999,71335099999.csv,1410162,1.34 MiB,True
71336099999,71336099999.csv,3328512,3.17 MiB,True
71337099999,71337099999.csv,3624619,3.46 MiB,True
71339099999,71339099999.csv,1256967,1.20 MiB,True
71341099999,71341099999.csv,2055191,1.96 MiB,True
71342099999,71342099999.csv,2899341,2.77 MiB,True
71343099999,71343099999.csv,2954331,2.82 MiB,True
71344099999,71344099999.csv,2900720,2.77 MiB,True
71345099999,71345099999.csv,815640,796.52 KiB,True
71346099999,71346099999.csv,2874933,2.74 MiB,True
71347099999,71347099999.csv,2935330,2.80 MiB,True
71348099999,71348099999.csv,3083210,2.94 MiB,True
71349099999,71349099999.csv,2846320,2.71 MiB,True
71350099999,71350099999.csv,3780900,3.61 MiB,True
71351099999,71351099999.csv,2739797,2.61 MiB,True
71352099999,71352099999.csv,6415317,6.12 MiB,True
71353099999,71353099999.csv,4363416,4.16 MiB,True
71354099999,71354099999.csv,53521,52.27 KiB,True
71355099999,71355099999.csv,3667145,3.50 MiB,True
71356099999,71356099999.csv,3618386,3.45 MiB,True
71357099999,71357099999.csv,3635288,3.47 MiB,True
71358099999,71358099999.csv,3695783,3.52 MiB,True
71359099999,71359099999.csv,833310,813.78 KiB,True
71360099999,71360099999.csv,2881102,2.75 MiB,True
71361099999,71361099999.csv,3744721,3.57 MiB,True
71362099999,71362099999.csv,3736777,3.56 MiB,True
71363099999,71363099999.csv,3724892,3.55 MiB,True
71364099999,71364099999.csv,3610336,3.44 MiB,True
71365099999,71365099999.csv,3590797,3.42 MiB,True
71366099999,71366099999.csv,667,667.00 B,True
71367099999,71367099999.csv,985186,962.10 KiB,True
71368099999,71368099999.csv,8513657,8.12 MiB,True
71369099999,71369099999.csv,1124312,1.07 MiB,True
71370099999,71370099999.csv,3509261,3.35 MiB,True
71371099999,71371099999.csv,7942813,7.57 MiB,True
71372099999,71372099999.csv,3167289,3.02 MiB,True
71373099999,71373099999.csv,3436440,3.28 MiB,True
71374099999,71374099999.csv,2633088,2.51 MiB,True
71375099999,71375099999.csv,3184239,3.04 MiB,True
71376099999,71376099999.csv,3643873,3.48 MiB,True
71377099999,71377099999.csv,3666279,3.50 MiB,True
71378099999,71378099999.csv,3597567,3.43 MiB,True
71379099999,71379099999.csv,3680348,3.51 MiB,True
71380099999,71380099999.csv,795748,777.10 KiB,True
71381099999,71381099999.csv,4745870,4.53 MiB,True
71382099999,71382099999.csv,3539571,3.38 MiB,True
71383099999,71383099999.csv,4783591,4.56 MiB,True
71384099999,71384099999.csv,3685791,3.52 MiB,True
71385099999,71385099999.csv,3125747,2.98 MiB,True
71387099999,71387099999.csv,3541649,3.38 MiB,True
71388099999,71388099999.csv,3269006,3.12 MiB,True
71389099999,71389099999.csv,3213525,3.06 MiB,True
71390099999,71390099999.csv,3186983,3.04 MiB,True
71392099999,71392099999.csv,3175710,3.03 MiB,True
71393099999,71393099999.csv,1012741,989.00 KiB,True
71395099999,71395099999.csv,7390787,7.05 MiB,True
71397099999,71397099999.csv,3027661,2.89 MiB,True
71398099999,71398099999.csv,1119285,1.07 MiB,True
71399099999,71399099999.csv,788254,769.78 KiB,True
71400099999,71400099999.csv,3727015,3.55 MiB,True
71401099999,71401099999.csv,3277573,3.13 MiB,True
71402099999,71402099999.csv,3732563,3.56 MiB,True
71403099999,71403099999.csv,3779805,3.60 MiB,True
71404099999,71404099999.csv,1623939,1.55 MiB,True
71405099999,71405099999.csv,784306,765.92 KiB,True
71406099999,71406099999.csv,3813305,3.64 MiB,True
71407099999,71407099999.csv,562,562.00 B,True
71408099999,71408099999.csv,3004712,2.87 MiB,True
71409099999,71409099999.csv,401873,392.45 KiB,True
71410099999,71410099999.csv,7306030,6.97 MiB,True
71411099999,71411099999.csv,3640772,3.47 MiB,True
71412099999,71412099999.csv,3770953,3.60 MiB,True
71413099999,71413099999.csv,2801688,2.67 MiB,True
71414099999,71414099999.csv,597783,583.77 KiB,True
71415099999,71415099999.csv,3676674,3.51 MiB,True
71417099999,71417099999.csv,1532092,1.46 MiB,True
71418099999,71418099999.csv,3830561,3.65 MiB,True
71419099999,71419099999.csv,3328478,3.17 MiB,True
71421099999,71421099999.csv,2997238,2.86 MiB,True
71423099999,71423099999.csv,2364581,2.26 MiB,True
71424099999,71424099999.csv,706699,690.14 KiB,True
71425099999,71425099999.csv,3780108,3.60 MiB,True
71426099999,71426099999.csv,3166774,3.02 MiB,True
71427099999,71427099999.csv,3796985,3.62 MiB,True
71428099999,71428099999.csv,3474727,3.31 MiB,True
71429099999,71429099999.csv,3687190,3.52 MiB,True
71430099999,71430099999.csv,3750852,3.58 MiB,True
71431099999,71431099999.csv,3636415,3.47 MiB,True
71432099999,71432099999.csv,3721350,3.55 MiB,True
71433099999,71433099999.csv,3631007,3.46 MiB,True
71434099999,71434099999.csv,2839563,2.71 MiB,True
71435099999,71435099999.csv,3556555,3.39 MiB,True
71436099999,71436099999.csv,8826380,8.42 MiB,True
71437099999,71437099999.csv,3528409,3.36 MiB,True
71438099999,71438099999.csv,1699300,1.62 MiB,True
71440099999,71440099999.csv,3292710,3.14 MiB,True
71441099999,71441099999.csv,3542648,3.38 MiB,True
71442099999,71442099999.csv,1022075,998.12 KiB,True
71443099999,71443099999.csv,3742134,3.57 MiB,True
71444099999,71444099999.csv,1002920,979.41 KiB,True
71445099999,71445099999.csv,3671924,3.50 MiB,True
71446099999,71446099999.csv,3697701,3.53 MiB,True
71447099999,71447099999.csv,3096689,2.95 MiB,True
71448099999,71448099999.csv,2742932,2.62 MiB,True
71449099999,71449099999.csv,3405880,3.25 MiB,True
71450099999,71450099999.csv,3563194,3.40 MiB,True
71451099999,71451099999.csv,3524334,3.36 MiB,True
71452099999,71452099999.csv,3427125,3.27 MiB,True
71453099999,71453099999.csv,3509613,3.35 MiB,True
71454099999,71454099999.csv,3596031,3.43 MiB,True
71455099999,71455099999.csv,3495387,3.33 MiB,True
71456099999,71456099999.csv,3423774,3.27 MiB,True
71457099999,71457099999.csv,3390421,3.23 MiB,True
71458099999,71458099999.csv,3484390,3.32 MiB,True
71459099999,71459099999.csv,3501267,3.34 MiB,True
71460099999,71460099999.csv,134586,131.43 KiB,True
71461099999,71461099999.csv,623178,608.57 KiB,True
71463099999,71463099999.csv,232294,226.85 KiB,True
71464099999,71464099999.csv,666802,651.17 KiB,True
71465099999,71465099999.csv,367688,359.07 KiB,True
71467099999,71467099999.csv,3689051,3.52 MiB,True
71468099999,71468099999.csv,3226329,3.08 MiB,True
71470099999,71470099999.csv,3440150,3.28 MiB,True
71471099999,71471099999.csv,571,571.00 B,True
71472099999,71472099999.csv,2344512,2.24 MiB,True
71472499999,71472499999.csv,1133070,1.08 MiB,True
71473099999,71473099999.csv,3694584,3.52 MiB,True
71473599999,71473599999.csv,2615931,2.49 MiB,True
71475099999,71475099999.csv,3726517,3.55 MiB,True
71476099999,71476099999.csv,1938485,1.85 MiB,True
71477099999,71477099999.csv,2432294,2.32 MiB,True
71478099999,71478099999.csv,3758467,3.58 MiB,True
71479099999,71479099999.csv,1677952,1.60 MiB,True
71480099999,71480099999.csv,3509846,3.35 MiB,True
71481099999,71481099999.csv,783452,765.09 KiB,True
71482099999,71482099999.csv,3716837,3.54 MiB,True
71483099999,71483099999.csv,805417,786.54 KiB,True
71484099999,71484099999.csv,3697257,3.53 MiB,True
71485099999,71485099999.csv,2353845,2.24 MiB,True
71486099999,71486099999.csv,3609270,3.44 MiB,True
71487099999,71487099999.csv,3689735,3.52 MiB,True
71488099999,71488099999.csv,7577558,7.23 MiB,True
71489099999,71489099999.csv,3519578,3.36 MiB,True
71490099999,71490099999.csv,2822877,2.69 MiB,True
71491099999,71491099999.csv,3520319,3.36 MiB,True
71492099999,71492099999.csv,3641277,3.47 MiB,True
71493099999,71493099999.csv,3553531,3.39 MiB,True
71494099999,71494099999.csv,3712934,3.54 MiB,True
71495099999,71495099999.csv,2902549,2.77 MiB,True
71496099999,71496099999.csv,3476746,3.32 MiB,True
71497099999,71497099999.csv,3686937,3.52 MiB,True
71498099999,71498099999.csv,810252,791.26 KiB,True
71499099999,71499099999.csv,1145531,1.09 MiB,True
71500099999,71500099999.csv,794494,775.87 KiB,True
71501099999,71501099999.csv,1669881,1.59 MiB,True
71502099999,71502099999.csv,3464803,3.30 MiB,True
71503099999,71503099999.csv,3555850,3.39 MiB,True
71504099999,71504099999.csv,2714654,2.59 MiB,True
71505099999,71505099999.csv,3319151,3.17 MiB,True
71506099999,71506099999.csv,3532075,3.37 MiB,True
71507099999,71507099999.csv,1010842,987.15 KiB,True
71508099999,71508099999.csv,3565879,3.40 MiB,True
71509099999,71509099999.csv,3086644,2.94 MiB,True
71510099999,71510099999.csv,3613877,3.45 MiB,True
71511099999,71511099999.csv,3540954,3.38 MiB,True
71512099999,71512099999.csv,3788381,3.61 MiB,True
71513099999,71513099999.csv,8647094,8.25 MiB,True
71514099999,71514099999.csv,3559839,3.39 MiB,True
71515099999,71515099999.csv,3528203,3.36 MiB,True
71516099999,71516099999.csv,3569006,3.40 MiB,True
71517099999,71517099999.csv,3046955,2.91 MiB,True
71518099999,71518099999.csv,2896799,2.76 MiB,True
71520099999,71520099999.csv,5140268,4.90 MiB,True
71521099999,71521099999.csv,4132721,3.94 MiB,True
71522099999,71522099999.csv,2444395,2.33 MiB,True
71523099999,71523099999.csv,4807196,4.58 MiB,True
71524099999,71524099999.csv,3441186,3.28 MiB,True
71525099999,71525099999.csv,3002993,2.86 MiB,True
71526099999,71526099999.csv,3215605,3.07 MiB,True
71527099999,71527099999.csv,8019098,7.65 MiB,True
71528099999,71528099999.csv,1464256,1.40 MiB,True
71532099999,71532099999.csv,1143338,1.09 MiB,True
71533099999,71533099999.csv,3572570,3.41 MiB,True
71535099999,71535099999.csv,2882436,2.75 MiB,True
71536099999,71536099999.csv,2909824,2.78 MiB,True
71537099999,71537099999.csv,2747156,2.62 MiB,True
71538099999,71538099999.csv,6980174,6.66 MiB,True
71539099999,71539099999.csv,3515421,3.35 MiB,True
71540099999,71540099999.csv,786759,768.32 KiB,True
71541099999,71541099999.csv,800153,781.40 KiB,True
71542099999,71542099999.csv,960764,938.25 KiB,True
71543099999,71543099999.csv,882455,861.77 KiB,True
71544099999,71544099999.csv,793939,775.33 KiB,True
71545099999,71545099999.csv,378171,369.31 KiB,True
71546099999,71546099999.csv,833738,814.20 KiB,True
71547099999,71547099999.csv,763962,746.06 KiB,True
71548099999,71548099999.csv,791763,773.21 KiB,True
71549099999,71549099999.csv,822762,803.48 KiB,True
71550099999,71550099999.csv,3584959,3.42 MiB,True
71551099999,71551099999.csv,3540686,3.38 MiB,True
71552099999,71552099999.csv,3344897,3.19 MiB,True
71553099999,71553099999.csv,3673181,3.50 MiB,True
71554099999,71554099999.csv,3750343,3.58 MiB,True
71555099999,71555099999.csv,3586893,3.42 MiB,True
71556099999,71556099999.csv,3535464,3.37 MiB,True
71557099999,71557099999.csv,2818646,2.69 MiB,True
71558099999,71558099999.csv,3677191,3.51 MiB,True
71559099999,71559099999.csv,3498400,3.34 MiB,True
71560099999,71560099999.csv,1008181,984.55 KiB,True
71564099999,71564099999.csv,3610305,3.44 MiB,True
71565099999,71565099999.csv,2814620,2.68 MiB,True
71566099999,71566099999.csv,2779763,2.65 MiB,True
71567099999,71567099999.csv,2803390,2.67 MiB,True
71568099999,71568099999.csv,975999,953.12 KiB,True
71569099999,71569099999.csv,3541593,3.38 MiB,True
71570099999,71570099999.csv,1024996,1000.97 KiB,True
71572099999,71572099999.csv,3551931,3.39 MiB,True
71573099999,71573099999.csv,3444161,3.28 MiB,True
71574099999,71574099999.csv,7979610,7.61 MiB,True
71575099999,71575099999.csv,3706932,3.54 MiB,True
71576099999,71576099999.csv,3439104,3.28 MiB,True
71577099999,71577099999.csv,3569316,3.40 MiB,True
71578099999,71578099999.csv,3160710,3.01 MiB,True
71579099999,71579099999.csv,3571217,3.41 MiB,True
71581099999,71581099999.csv,6635076,6.33 MiB,True
71582099999,71582099999.csv,10678890,10.18 MiB,True
71584099999,71584099999.csv,1151732,1.10 MiB,True
71585099999,71585099999.csv,3090505,2.95 MiB,True
71586099999,71586099999.csv,2909775,2.77 MiB,True
71587099999,71587099999.csv,1096478,1.05 MiB,True
71588099999,71588099999.csv,3551208,3.39 MiB,True
71589099999,71589099999.csv,3726365,3.55 MiB,True
71590099999,71590099999.csv,3492013,3.33 MiB,True
71590199999,71590199999.csv,3098250,2.95 MiB,True
71591099999,71591099999.csv,2461382,2.35 MiB,True
71592099999,71592099999.csv,2923355,2.79 MiB,True
71592599999,71592599999.csv,1235856,1.18 MiB,True
71597099999,71597099999.csv,8723586,8.32 MiB,True
71597199999,71597199999.csv,3430131,3.27 MiB,True
71598099999,71598099999.csv,3674465,3.50 MiB,True
71599099999,71599099999.csv,3274761,3.12 MiB,True
71600099999,71600099999.csv,1076,1.05 KiB,True
71601099999,71601099999.csv,1459174,1.39 MiB,True
71601599999,71601599999.csv,4667513,4.45 MiB,True
71603099999,71603099999.csv,6855500,6.54 MiB,True
71604099999,71604099999.csv,3146362,3.00 MiB,True
71605099999,71605099999.csv,3503221,3.34 MiB,True
71607099999,71607099999.csv,3626508,3.46 MiB,True
71608099999,71608099999.csv,3751901,3.58 MiB,True
71609099999,71609099999.csv,6327885,6.03 MiB,True
71610099999,71610099999.csv,9464754,9.03 MiB,True
71611099999,71611099999.csv,3428556,3.27 MiB,True
71612099999,71612099999.csv,3421808,3.26 MiB,True
71614099999,71614099999.csv,3570715,3.41 MiB,True
71616099999,71616099999.csv,3533574,3.37 MiB,True
71617099999,71617099999.csv,3597466,3.43 MiB,True
71618099999,71618099999.csv,5554976,5.30 MiB,True
71619099999,71619099999.csv,3748067,3.57 MiB,True
71620099999,71620099999.csv,3060649,2.92 MiB,True
71621099999,71621099999.csv,5354391,5.11 MiB,True
71622099999,71622099999.csv,3758392,3.58 MiB,True
71623099999,71623099999.csv,5510544,5.26 MiB,True
71624099999,71624099999.csv,5878641,5.61 MiB,True
71625099999,71625099999.csv,1805882,1.72 MiB,True
71626999999,71626999999.csv,473,473.00 B,True
71627094792,71627094792.csv,6214954,5.93 MiB,True
71627899999,71627899999.csv,9314349,8.88 MiB,True
71627999999,71627999999.csv,2749984,2.62 MiB,True
71628099999,71628099999.csv,6153026,5.87 MiB,True
71629099999,71629099999.csv,3465314,3.30 MiB,True
71630099999,71630099999.csv,7874181,7.51 MiB,True
71631099999,71631099999.csv,3579982,3.41 MiB,True
71632099999,71632099999.csv,807860,788.93 KiB,True
71633099999,71633099999.csv,5609592,5.35 MiB,True
71634099999,71634099999.csv,3625855,3.46 MiB,True
71636099999,71636099999.csv,993238,969.96 KiB,True
71637099999,71637099999.csv,1013432,989.68 KiB,True
71638099999,71638099999.csv,3489998,3.33 MiB,True
71640099999,71640099999.csv,3878977,3.70 MiB,True
71642099999,71642099999.csv,3378736,3.22 MiB,True
71644099999,71644099999.csv,3349937,3.19 MiB,True
71660099999,71660099999.csv,3626469,3.46 MiB,True
71663099999,71663099999.csv,3439022,3.28 MiB,True
71665099999,71665099999.csv,3488276,3.33 MiB,True
71667099999,71667099999.csv,3558107,3.39 MiB,True
71668099999,71668099999.csv,3616691,3.45 MiB,True
71669099999,71669099999.csv,3364624,3.21 MiB,True
71670099999,71670099999.csv,3426430,3.27 MiB,True
71671099999,71671099999.csv,3559681,3.39 MiB,True
71672099999,71672099999.csv,2597390,2.48 MiB,True
71673099999,71673099999.csv,771738,753.65 KiB,True
71674099999,71674099999.csv,3226719,3.08 MiB,True
71675099999,71675099999.csv,7803991,7.44 MiB,True
71678099999,71678099999.csv,1164688,1.11 MiB,True
71679099999,71679099999.csv,1424922,1.36 MiB,True
71680099999,71680099999.csv,1334975,1.27 MiB,True
71681099999,71681099999.csv,3350889,3.20 MiB,True
71682099999,71682099999.csv,4327861,4.13 MiB,True
71683099999,71683099999.csv,3766205,3.59 MiB,True
71684099999,71684099999.csv,8372728,7.98 MiB,True
71686099999,71686099999.csv,7254836,6.92 MiB,True
71687099999,71687099999.csv,3528390,3.36 MiB,True
71688099999,71688099999.csv,3345940,3.19 MiB,True
71689099999,71689099999.csv,5855170,5.58 MiB,True
71690099999,71690099999.csv,771373,753.29 KiB,True
71691099999,71691099999.csv,7406975,7.06 MiB,True
71692099999,71692099999.csv,3693668,3.52 MiB,True
71694099999,71694099999.csv,3642809,3.47 MiB,True
71695099999,71695099999.csv,993135,969.86 KiB,True
71696099999,71696099999.csv,994058,970.76 KiB,True
71697099999,71697099999.csv,7468107,7.12 MiB,True
71697199999,71697199999.csv,6479180,6.18 MiB,True
71699099999,71699099999.csv,3586078,3.42 MiB,True
71700099999,71700099999.csv,8534377,8.14 MiB,True
71701099999,71701099999.csv,2122304,2.02 MiB,True
71702099999,71702099999.csv,3683717,3.51 MiB,True
71704099999,71704099999.csv,7524859,7.18 MiB,True
71705099999,71705099999.csv,6755905,6.44 MiB,True
71706099999,71706099999.csv,6141027,5.86 MiB,True
71707099999,71707099999.csv,6231480,5.94 MiB,True
71708099999,71708099999.csv,5034665,4.80 MiB,True
71709099999,71709099999.csv,4761885,4.54 MiB,True
71710099999,71710099999.csv,3209653,3.06 MiB,True
71712099999,71712099999.csv,3674808,3.50 MiB,True
71713099999,71713099999.csv,3683743,3.51 MiB,True
71714099999,71714099999.csv,1376641,1.31 MiB,True
71715099999,71715099999.csv,3552088,3.39 MiB,True
71716099999,71716099999.csv,1218764,1.16 MiB,True
71718099999,71718099999.csv,5548531,5.29 MiB,True
71719099999,71719099999.csv,3723005,3.55 MiB,True
71720099999,71720099999.csv,3538909,3.37 MiB,True
71721099999,71721099999.csv,3504341,3.34 MiB,True
71723099999,71723099999.csv,3572077,3.41 MiB,True
71724099999,71724099999.csv,3504926,3.34 MiB,True
71725099999,71725099999.csv,6632412,6.33 MiB,True
71725599999,71725599999.csv,4812636,4.59 MiB,True
71726099999,71726099999.csv,3436452,3.28 MiB,True
71727099999,71727099999.csv,5560224,5.30 MiB,True
71728099999,71728099999.csv,5817712,5.55 MiB,True
71730099999,71730099999.csv,5507477,5.25 MiB,True
71731099999,71731099999.csv,6857055,6.54 MiB,True
71732099999,71732099999.csv,3190450,3.04 MiB,True
71733099999,71733099999.csv,9809290,9.35 MiB,True
71734099999,71734099999.csv,3765957,3.59 MiB,True
71736099999,71736099999.csv,515771,503.68 KiB,True
71736599999,71736599999.csv,5923796,5.65 MiB,True
71736699999,71736699999.csv,439448,429.15 KiB,True
71736799999,71736799999.csv,3651018,3.48 MiB,True
71737099999,71737099999.csv,3690721,3.52 MiB,True
71738099999,71738099999.csv,3309314,3.16 MiB,True
71738699999,71738699999.csv,2427506,2.32 MiB,True
71739099999,71739099999.csv,6443898,6.15 MiB,True
71741099999,71741099999.csv,3386435,3.23 MiB,True
71742099999,71742099999.csv,3730620,3.56 MiB,True
71743099999,71743099999.csv,3670580,3.50 MiB,True
71744099999,71744099999.csv,3686890,3.52 MiB,True
71746099999,71746099999.csv,3564312,3.40 MiB,True
71747099999,71747099999.csv,3662189,3.49 MiB,True
71748099999,71748099999.csv,1001160,977.70 KiB,True
71749099999,71749099999.csv,4122569,3.93 MiB,True
71749399999,71749399999.csv,3571160,3.41 MiB,True
71750054802,71750054802.csv,3622603,3.45 MiB,True
71751099999,71751099999.csv,3767795,3.59 MiB,True
71752099999,71752099999.csv,3562314,3.40 MiB,True
71753099999,71753099999.csv,3432834,3.27 MiB,True
71754099999,71754099999.csv,3493114,3.33 MiB,True
71755099999,71755099999.csv,3269766,3.12 MiB,True
71758099999,71758099999.csv,3555329,3.39 MiB,True
71761099999,71761099999.csv,650453,635.21 KiB,True
71765099999,71765099999.csv,3280881,3.13 MiB,True
71766099999,71766099999.csv,3607631,3.44 MiB,True
71767099999,71767099999.csv,3705111,3.53 MiB,True
71768099999,71768099999.csv,3619506,3.45 MiB,True
71769099999,71769099999.csv,1479762,1.41 MiB,True
71770099999,71770099999.csv,3647116,3.48 MiB,True
71771099999,71771099999.csv,3559937,3.40 MiB,True
71772099999,71772099999.csv,3709242,3.54 MiB,True
71773099999,71773099999.csv,3703560,3.53 MiB,True
71774099999,71774099999.csv,3631065,3.46 MiB,True
71775099999,71775099999.csv,3826892,3.65 MiB,True
71776099999,71776099999.csv,3372825,3.22 MiB,True
71777099999,71777099999.csv,3601086,3.43 MiB,True
71778099999,71778099999.csv,3307773,3.15 MiB,True
71779099999,71779099999.csv,3525908,3.36 MiB,True
71780099999,71780099999.csv,3661808,3.49 MiB,True
71781099999,71781099999.csv,3722037,3.55 MiB,True
71782099999,71782099999.csv,3261596,3.11 MiB,True
71783099999,71783099999.csv,3585757,3.42 MiB,True
71784099999,71784099999.csv,3437675,3.28 MiB,True
71785099999,71785099999.csv,3714605,3.54 MiB,True
71786099999,71786099999.csv,3153632,3.01 MiB,True
71787099999,71787099999.csv,3809983,3.63 MiB,True
71788099999,71788099999.csv,2918204,2.78 MiB,True
71789099999,71789099999.csv,822823,803.54 KiB,True
71791099999,71791099999.csv,3005088,2.87 MiB,True
71792099999,71792099999.csv,816714,797.57 KiB,True
71793099999,71793099999.csv,806752,787.84 KiB,True
71794099999,71794099999.csv,811999,792.97 KiB,True
71795099999,71795099999.csv,814294,795.21 KiB,True
71796099999,71796099999.csv,835854,816.26 KiB,True
71797099999,71797099999.csv,785201,766.80 KiB,True
71798099999,71798099999.csv,7873717,7.51 MiB,True
71799099999,71799099999.csv,5819679,5.55 MiB,True
71800099999,71800099999.csv,3683292,3.51 MiB,True
71801099999,71801099999.csv,7117431,6.79 MiB,True
71803099999,71803099999.csv,7197099,6.86 MiB,True
71805099999,71805099999.csv,10138898,9.67 MiB,True
71807099999,71807099999.csv,3729821,3.56 MiB,True
71808099999,71808099999.csv,6428409,6.13 MiB,True
71809099999,71809099999.csv,5992117,5.71 MiB,True
71810099999,71810099999.csv,3765896,3.59 MiB,True
71811099999,71811099999.csv,4930852,4.70 MiB,True
71813099999,71813099999.csv,3530258,3.37 MiB,True
71814099999,71814099999.csv,3509978,3.35 MiB,True
71815099999,71815099999.csv,6412448,6.12 MiB,True
71816099999,71816099999.csv,6166963,5.88 MiB,True
71817099999,71817099999.csv,8083823,7.71 MiB,True
71818099999,71818099999.csv,1277616,1.22 MiB,True
71818499999,71818499999.csv,7858304,7.49 MiB,True
71819099999,71819099999.csv,9776238,9.32 MiB,True
71820099999,71820099999.csv,3647527,3.48 MiB,True
71821099999,71821099999.csv,3435800,3.28 MiB,True
71822099999,71822099999.csv,11837574,11.29 MiB,True
71823099999,71823099999.csv,11188025,10.67 MiB,True
71824099999,71824099999.csv,3373175,3.22 MiB,True
71825099999,71825099999.csv,6994252,6.67 MiB,True
71826099999,71826099999.csv,2315298,2.21 MiB,True
71827099999,71827099999.csv,6270030,5.98 MiB,True
71828099999,71828099999.csv,10106491,9.64 MiB,True
71829099999,71829099999.csv,3635663,3.47 MiB,True
71831099999,71831099999.csv,5829779,5.56 MiB,True
71832099999,71832099999.csv,3669152,3.50 MiB,True
71834099999,71834099999.csv,2895204,2.76 MiB,True
71835099999,71835099999.csv,3672954,3.50 MiB,True
71836099999,71836099999.csv,6487555,6.19 MiB,True
71837099999,71837099999.csv,1968596,1.88 MiB,True
71839099999,71839099999.csv,1982234,1.89 MiB,True
71840099999,71840099999.csv,3564470,3.40 MiB,True
71841099999,71841099999.csv,3262899,3.11 MiB,True
71842099999,71842099999.csv,5818108,5.55 MiB,True
71842899999,71842899999.csv,1114312,1.06 MiB,True
71842999999,71842999999.csv,1329966,1.27 MiB,True
71843199999,71843199999.csv,1383544,1.32 MiB,True
71843299999,71843299999.csv,847072,827.22 KiB,True
71843399999,71843399999.csv,1267855,1.21 MiB,True
71843499999,71843499999.csv,1552159,1.48 MiB,True
71843599999,71843599999.csv,1236704,1.18 MiB,True
71843699999,71843699999.csv,555294,542.28 KiB,True
71843799999,71843799999.csv,1218662,1.16 MiB,True
71844299999,71844299999.csv,1563970,1.49 MiB,True
71844399999,71844399999.csv,686486,670.40 KiB,True
71845099999,71845099999.csv,7731894,7.37 MiB,True
71846099999,71846099999.csv,3581647,3.42 MiB,True
71848099999,71848099999.csv,1359729,1.30 MiB,True
71849099999,71849099999.csv,1027610,1003.53 KiB,True
71850099999,71850099999.csv,5735593,5.47 MiB,True
71851099999,71851099999.csv,2693473,2.57 MiB,True
71851599999,71851599999.csv,2457913,2.34 MiB,True
71852099999,71852099999.csv,4437786,4.23 MiB,True
71854099999,71854099999.csv,4720023,4.50 MiB,True
71857099999,71857099999.csv,2841921,2.71 MiB,True
71858099999,71858099999.csv,3645437,3.48 MiB,True
71860099999,71860099999.csv,5097022,4.86 MiB,True
71861099999,71861099999.csv,3560430,3.40 MiB,True
71862099999,71862099999.csv,6736660,6.42 MiB,True
71863099999,71863099999.csv,4432767,4.23 MiB,True
71864099999,71864099999.csv,1922123,1.83 MiB,True
71865099999,71865099999.csv,3533681,3.37 MiB,True
71866099999,71866099999.csv,4215151,4.02 MiB,True
71867099999,71867099999.csv,6694908,6.38 MiB,True
71868099999,71868099999.csv,3723630,3.55 MiB,True
71869099999,71869099999.csv,5906043,5.63 MiB,True
71871099999,71871099999.csv,5899283,5.63 MiB,True
71872099999,71872099999.csv,8736949,8.33 MiB,True
71874099999,71874099999.csv,3602465,3.44 MiB,True
71876099999,71876099999.csv,5768054,5.50 MiB,True
71877099999,71877099999.csv,5827296,5.56 MiB,True
71878099999,71878099999.csv,6649343,6.34 MiB,True
71879499999,71879499999.csv,2093726,2.00 MiB,True
71880099999,71880099999.csv,5630899,5.37 MiB,True
71881099999,71881099999.csv,5451955,5.20 MiB,True
71882099999,71882099999.csv,11821778,11.27 MiB,True
71883099999,71883099999.csv,3507521,3.35 MiB,True
71883499999,71883499999.csv,2363032,2.25 MiB,True
71884099999,71884099999.csv,2665786,2.54 MiB,True
71885099999,71885099999.csv,1887955,1.80 MiB,True
71886099999,71886099999.csv,3165413,3.02 MiB,True
71886499999,71886499999.csv,2104274,2.01 MiB,True
71887099999,71887099999.csv,5397847,5.15 MiB,True
71888099999,71888099999.csv,2826247,2.70 MiB,True
71889099999,71889099999.csv,5349381,5.10 MiB,True
71890099999,71890099999.csv,2682934,2.56 MiB,True
71891099999,71891099999.csv,4959497,4.73 MiB,True
71892099999,71892099999.csv,6024441,5.75 MiB,True
71893099999,71893099999.csv,5178537,4.94 MiB,True
71893699999,71893699999.csv,3177259,3.03 MiB,True
71894099999,71894099999.csv,3931558,3.75 MiB,True
71895099999,71895099999.csv,828658,809.24 KiB,True
71896099999,71896099999.csv,7791673,7.43 MiB,True
71896499999,71896499999.csv,498818,487.13 KiB,True
71898099999,71898099999.csv,7736419,7.38 MiB,True
71899025343,71899025343.csv,2452999,2.34 MiB,True
71900099999,71900099999.csv,3376111,3.22 MiB,True
71902099999,71902099999.csv,3834564,3.66 MiB,True
71903099999,71903099999.csv,998411,975.01 KiB,True
71903599999,71903599999.csv,1226937,1.17 MiB,True
71904099999,71904099999.csv,2822562,2.69 MiB,True
71904399999,71904399999.csv,918919,897.38 KiB,True
71905099999,71905099999.csv,4584063,4.37 MiB,True
71905399999,71905399999.csv,977177,954.27 KiB,True
71906099999,71906099999.csv,6237986,5.95 MiB,True
71906499999,71906499999.csv,1177163,1.12 MiB,True
71907099999,71907099999.csv,3616759,3.45 MiB,True
71907499999,71907499999.csv,1126019,1.07 MiB,True
71907799999,71907799999.csv,8303634,7.92 MiB,True
71909099999,71909099999.csv,4462543,4.26 MiB,True
71909499999,71909499999.csv,1084230,1.03 MiB,True
71910099999,71910099999.csv,9726908,9.28 MiB,True
71910499999,71910499999.csv,1572217,1.50 MiB,True
71911099999,71911099999.csv,1288813,1.23 MiB,True
71912099999,71912099999.csv,4926066,4.70 MiB,True
71914099999,71914099999.csv,2862216,2.73 MiB,True
71914599999,71914599999.csv,4457995,4.25 MiB,True
71915099999,71915099999.csv,5166434,4.93 MiB,True
71916099999,71916099999.csv,3476094,3.32 MiB,True
71917099999,71917099999.csv,4790122,4.57 MiB,True
71918099999,71918099999.csv,488739,477.28 KiB,True
71919499999,71919499999.csv,5475527,5.22 MiB,True
71920099999,71920099999.csv,3488571,3.33 MiB,True
71921099999,71921099999.csv,658,658.00 B,True
71922099999,71922099999.csv,4916417,4.69 MiB,True
71923099999,71923099999.csv,3833529,3.66 MiB,True
71924099999,71924099999.csv,5542485,5.29 MiB,True
71924699999,71924699999.csv,1059140,1.01 MiB,True
71925099999,71925099999.csv,5790268,5.52 MiB,True
71926099999,71926099999.csv,5539763,5.28 MiB,True
71927099999,71927099999.csv,1009435,985.78 KiB,True
71928099999,71928099999.csv,3666436,3.50 MiB,True
71930099999,71930099999.csv,3974801,3.79 MiB,True
71931099999,71931099999.csv,3445807,3.29 MiB,True
71933099999,71933099999.csv,10136975,9.67 MiB,True
71934099999,71934099999.csv,5202874,4.96 MiB,True
71935099999,71935099999.csv,5029975,4.80 MiB,True
71936099999,71936099999.csv,5799575,5.53 MiB,True
71938099999,71938099999.csv,5791059,5.52 MiB,True
71940099999,71940099999.csv,5621847,5.36 MiB,True
71943099999,71943099999.csv,5844770,5.57 MiB,True
71944099999,71944099999.csv,7755157,7.40 MiB,True
71945099999,71945099999.csv,5658035,5.40 MiB,True
71945599999,71945599999.csv,2042094,1.95 MiB,True
71946099999,71946099999.csv,5882618,5.61 MiB,True
71946599999,71946599999.csv,193623,189.08 KiB,True
71947099999,71947099999.csv,8713567,8.31 MiB,True
71948027202,71948027202.csv,2609719,2.49 MiB,True
71948599999,71948599999.csv,1572842,1.50 MiB,True
71949099999,71949099999.csv,3385278,3.23 MiB,True
71949399999,71949399999.csv,1828399,1.74 MiB,True
71949499999,71949499999.csv,784542,766.15 KiB,True
71950099999,71950099999.csv,6898484,6.58 MiB,True
71951099999,71951099999.csv,6199733,5.91 MiB,True
71952025272,71952025272.csv,3523827,3.36 MiB,True
71953099999,71953099999.csv,3839703,3.66 MiB,True
71954026394,71954026394.csv,3576623,3.41 MiB,True
71955099999,71955099999.csv,2057291,1.96 MiB,True
71956099999,71956099999.csv,3530667,3.37 MiB,True
71956199999,71956199999.csv,2447010,2.33 MiB,True
71957099999,71957099999.csv,4839338,4.62 MiB,True
71957499999,71957499999.csv,1379995,1.32 MiB,True
71957599999,71957599999.csv,1288866,1.23 MiB,True
71957699999,71957699999.csv,767698,749.71 KiB,True
71959599999,71959599999.csv,6440764,6.14 MiB,True
71960099999,71960099999.csv,28988,28.31 KiB,True
71962099999,71962099999.csv,3588981,3.42 MiB,True
71963099999,71963099999.csv,3040993,2.90 MiB,True
71964099999,71964099999.csv,5999069,5.72 MiB,True
71965099999,71965099999.csv,5339722,5.09 MiB,True
71966099999,71966099999.csv,3118350,2.97 MiB,True
71966499999,71966499999.csv,2309010,2.20 MiB,True
71966599999,71966599999.csv,4607593,4.39 MiB,True
71967099999,71967099999.csv,3837922,3.66 MiB,True
71967599999,71967599999.csv,1264241,1.21 MiB,True
71968099999,71968099999.csv,2923304,2.79 MiB,True
71970099999,71970099999.csv,1004795,981.25 KiB,True
71971099999,71971099999.csv,3557784,3.39 MiB,True
71973099999,71973099999.csv,986263,963.15 KiB,True
71974099999,71974099999.csv,2017621,1.92 MiB,True
71976099999,71976099999.csv,1786830,1.70 MiB,True
71977099999,71977099999.csv,3242226,3.09 MiB,True
71978099999,71978099999.csv,3561323,3.40 MiB,True
71979099999,71979099999.csv,3506909,3.34 MiB,True
71980099999,71980099999.csv,3217028,3.07 MiB,True
71981099999,71981099999.csv,740198,722.85 KiB,True
71982099999,71982099999.csv,776967,758.76 KiB,True
71983099999,71983099999.csv,1871849,1.79 MiB,True
71984099999,71984099999.csv,3621789,3.45 MiB,True
71986099999,71986099999.csv,762045,744.18 KiB,True
71987099999,71987099999.csv,3621215,3.45 MiB,True
71988099999,71988099999.csv,3688119,3.52 MiB,True
71989099999,71989099999.csv,3799569,3.62 MiB,True
71990099999,71990099999.csv,3421475,3.26 MiB,True
71999099999,71999099999.csv,3174248,3.03 MiB,True
72011053983,72011053983.csv,11823209,11.28 MiB,True
72011354829,72011354829.csv,11595055,11.06 MiB,True
72012063837,72012063837.csv,6978376,6.66 MiB,True
72012999999,72012999999.csv,8821442,8.41 MiB,True
72013704867,72013704867.csv,12095089,11.53 MiB,True
72015103049,72015103049.csv,11772105,11.23 MiB,True
72016899999,72016899999.csv,7468986,7.12 MiB,True
72016900116,72016900116.csv,10024108,9.56 MiB,True
72017063851,72017063851.csv,11916846,11.36 MiB,True
72017199999,72017199999.csv,9760844,9.31 MiB,True
72017253996,72017253996.csv,12235708,11.67 MiB,True
72017553919,72017553919.csv,6640675,6.33 MiB,True
72019300117,72019300117.csv,3125919,2.98 MiB,True
72019854813,72019854813.csv,4081217,3.89 MiB,True
72020200118,72020200118.csv,11854589,11.31 MiB,True
72025400119,72025400119.csv,11731322,11.19 MiB,True
72025599999,72025599999.csv,6368540,6.07 MiB,True
72025763835,72025763835.csv,10563098,10.07 MiB,True
72025804997,72025804997.csv,11281020,10.76 MiB,True
72026153976,72026153976.csv,11975719,11.42 MiB,True
72026363834,72026363834.csv,10255458,9.78 MiB,True
72026563833,72026563833.csv,10357747,9.88 MiB,True
72026654809,72026654809.csv,11583661,11.05 MiB,True
72026723224,72026723224.csv,11223419,10.70 MiB,True
72026853882,72026853882.csv,12543422,11.96 MiB,True
72026912982,72026912982.csv,11938428,11.39 MiB,True
72027103044,72027103044.csv,11873203,11.32 MiB,True
72027294282,72027294282.csv,12174668,11.61 MiB,True
72027312981,72027312981.csv,12004426,11.45 MiB,True
72027493799,72027493799.csv,11957599,11.40 MiB,True
72027504872,72027504872.csv,12210704,11.65 MiB,True
72027612983,72027612983.csv,11364998,10.84 MiB,True
72027763843,72027763843.csv,11664714,11.12 MiB,True
72027803704,72027803704.csv,11836431,11.29 MiB,True
72027903705,72027903705.csv,11798354,11.25 MiB,True
72028203736,72028203736.csv,12023730,11.47 MiB,True
72028304927,72028304927.csv,11389677,10.86 MiB,True
72028404877,72028404877.csv,11676288,11.14 MiB,True
72028503734,72028503734.csv,11257661,10.74 MiB,True
72028653977,72028653977.csv,10888040,10.38 MiB,True
72028753967,72028753967.csv,8151820,7.77 MiB,True
72028803711,72028803711.csv,11654108,11.11 MiB,True
72028963836,72028963836.csv,11975099,11.42 MiB,True
72029153970,72029153970.csv,7600051,7.25 MiB,True
72029304989,72029304989.csv,10107886,9.64 MiB,True
72029453898,72029453898.csv,8524463,8.13 MiB,True
72029553972,72029553972.csv,11880929,11.33 MiB,True
72029653945,72029653945.csv,12036541,11.48 MiB,True
72029703730,72029703730.csv,476,476.00 B,True
72029853971,72029853971.csv,10171020,9.70 MiB,True
72029953966,72029953966.csv,11347748,10.82 MiB,True
72030163846,72030163846.csv,10228872,9.76 MiB,True
72030353973,72030353973.csv,12130686,11.57 MiB,True
72030464752,72030464752.csv,11025576,10.51 MiB,True
72030553964,72030553964.csv,11812851,11.27 MiB,True
72030653879,72030653879.csv,6158727,5.87 MiB,True
72030763804,72030763804.csv,12301398,11.73 MiB,True
72030804992,72030804992.csv,11584877,11.05 MiB,True
72030904947,72030904947.csv,11465398,10.93 MiB,True
72031153962,72031153962.csv,11600120,11.06 MiB,True
72031204964,72031204964.csv,11470596,10.94 MiB,True
72031303052,72031303052.csv,7235933,6.90 MiB,True
72031493983,72031493983.csv,12557685,11.98 MiB,True
72031503045,72031503045.csv,10948650,10.44 MiB,True
72031612984,72031612984.csv,11861938,11.31 MiB,True
72031703735,72031703735.csv,11502966,10.97 MiB,True
72031853965,72031853965.csv,11750284,11.21 MiB,True
72031963841,72031963841.csv,4458751,4.25 MiB,True
72032053981,72032053981.csv,10614166,10.12 MiB,True
72032104893,72032104893.csv,11710407,11.17 MiB,True
72032204129,72032204129.csv,11117569,10.60 MiB,True
72032393947,72032393947.csv,10673322,10.18 MiB,True
72032464753,72032464753.csv,11206729,10.69 MiB,True
72032604981,72032604981.csv,12087105,11.53 MiB,True
72032704995,72032704995.csv,10452843,9.97 MiB,True
72032863832,72032863832.csv,12247887,11.68 MiB,True
72032999999,72032999999.csv,8649193,8.25 MiB,True
72033063853,72033063853.csv,11946496,11.39 MiB,True
72033199999,72033199999.csv,9302260,8.87 MiB,True
72033353175,72033353175.csv,4878663,4.65 MiB,True
72033493764,72033493764.csv,5137858,4.90 MiB,True
72033899999,72033899999.csv,9835354,9.38 MiB,True
72033900121,72033900121.csv,7283822,6.95 MiB,True
72034054818,72034054818.csv,11813407,11.27 MiB,True
72034253947,72034253947.csv,11351810,10.83 MiB,True
72034354852,72034354852.csv,11710264,11.17 MiB,True
72034454920,72034454920.csv,11883336,11.33 MiB,True
72034594086,72034594086.csv,11950522,11.40 MiB,True
72034653991,72034653991.csv,11724778,11.18 MiB,True
72034763877,72034763877.csv,7250764,6.91 MiB,True
72034863886,72034863886.csv,11855987,11.31 MiB,True
72035154919,72035154919.csv,11179723,10.66 MiB,True
72035299999,72035299999.csv,7587084,7.24 MiB,True
72035363875,72035363875.csv,11731486,11.19 MiB,True
72035463901,72035463901.csv,11541941,11.01 MiB,True
72035503732,72035503732.csv,11897940,11.35 MiB,True
72035613999,72035613999.csv,11069158,10.56 MiB,True
72035753993,72035753993.csv,11478068,10.95 MiB,True
72035853999,72035853999.csv,8142677,7.77 MiB,True
72035923902,72035923902.csv,11173554,10.66 MiB,True
72036163870,72036163870.csv,5504752,5.25 MiB,True
72036263874,72036263874.csv,7134354,6.80 MiB,True
72036363872,72036363872.csv,6791278,6.48 MiB,True
72036524267,72036524267.csv,5809467,5.54 MiB,True
72036754927,72036754927.csv,11797165,11.25 MiB,True
72036854924,72036854924.csv,12030022,11.47 MiB,True
72036904135,72036904135.csv,5793796,5.53 MiB,True
72037154850,72037154850.csv,12388481,11.81 MiB,True
72037392824,72037392824.csv,10269649,9.79 MiB,True
72037492825,72037492825.csv,11451688,10.92 MiB,True
72037554844,72037554844.csv,12028060,11.47 MiB,True
72037663880,72037663880.csv,11225337,10.71 MiB,True
72037713917,72037713917.csv,5685070,5.42 MiB,True
72037800122,72037800122.csv,5915817,5.64 MiB,True
72037963882,72037963882.csv,5746241,5.48 MiB,True
72038163885,72038163885.csv,7580228,7.23 MiB,True
72038200123,72038200123.csv,3659430,3.49 MiB,True
72038353847,72038353847.csv,5424124,5.17 MiB,True
72038400124,72038400124.csv,11806008,11.26 MiB,True
72038500419,72038500419.csv,9219108,8.79 MiB,True
72038600125,72038600125.csv,12077118,11.52 MiB,True
72038800469,72038800469.csv,10769044,10.27 MiB,True
72039100127,72039100127.csv,11342755,10.82 MiB,True
72039200128,72039200128.csv,11244782,10.72 MiB,True
72039300129,72039300129.csv,11426569,10.90 MiB,True
72039400428,72039400428.csv,5870912,5.60 MiB,True
72039500130,72039500130.csv,11417125,10.89 MiB,True
72039700131,72039700131.csv,12254673,11.69 MiB,True
72040100133,72040100133.csv,11816962,11.27 MiB,True
72040400134,72040400134.csv,8834416,8.43 MiB,True
72040500436,72040500436.csv,11707191,11.16 MiB,True
72040600135,72040600135.csv,11102972,10.59 MiB,True
72040700462,72040700462.csv,578935,565.37 KiB,True
72040800136,72040800136.csv,10556788,10.07 MiB,True
72040999999,72040999999.csv,9459315,9.02 MiB,True
72041100137,72041100137.csv,11649618,11.11 MiB,True
72041254943,72041254943.csv,11208513,10.69 MiB,True
72041300138,72041300138.csv,5096137,4.86 MiB,True
72041400139,72041400139.csv,11337571,10.81 MiB,True
72041500140,72041500140.csv,11829254,11.28 MiB,True
72041799999,72041799999.csv,9098323,8.68 MiB,True
72042103043,72042103043.csv,7229365,6.89 MiB,True
72042203037,72042203037.csv,11461287,10.93 MiB,True
72042399999,72042399999.csv,9232453,8.80 MiB,True
72042599999,72042599999.csv,9769890,9.32 MiB,True
72042600141,72042600141.csv,11728722,11.19 MiB,True
72043299999,72043299999.csv,9467830,9.03 MiB,True
72043399999,72043399999.csv,8393475,8.00 MiB,True
72043499999,72043499999.csv,9601094,9.16 MiB,True
72043600142,72043600142.csv,11396292,10.87 MiB,True
72043700143,72043700143.csv,11226873,10.71 MiB,True
72043899999,72043899999.csv,9811277,9.36 MiB,True
72043999999,72043999999.csv,7962778,7.59 MiB,True
72044599999,72044599999.csv,9434641,9.00 MiB,True
72044699999,72044699999.csv,10137018,9.67 MiB,True
72044700437,72044700437.csv,11400916,10.87 MiB,True
72044800144,72044800144.csv,11334556,10.81 MiB,True
72044999999,72044999999.csv,5068272,4.83 MiB,True
72045199999,72045199999.csv,9627497,9.18 MiB,True
72045299999,72045299999.csv,9380994,8.95 MiB,True
72045399999,72045399999.csv,6635432,6.33 MiB,True
72045500145,72045500145.csv,9254357,8.83 MiB,True
72045600146,72045600146.csv,11534742,11.00 MiB,True
72045799999,72045799999.csv,9091383,8.67 MiB,True
72045800476,72045800476.csv,11635426,11.10 MiB,True
72046499999,72046499999.csv,9937818,9.48 MiB,True
72046599999,72046599999.csv,9395266,8.96 MiB,True
72046700148,72046700148.csv,11159048,10.64 MiB,True
72046800466,72046800466.csv,12105351,11.54 MiB,True
72047299999,72047299999.csv,7003998,6.68 MiB,True
72047599999,72047599999.csv,9704879,9.26 MiB,True
72047600455,72047600455.csv,11376085,10.85 MiB,True
72047799999,72047799999.csv,9267277,8.84 MiB,True
72047899999,72047899999.csv,9313094,8.88 MiB,True
72047900149,72047900149.csv,10751468,10.25 MiB,True
72048103817,72048103817.csv,6379671,6.08 MiB,True
72048199999,72048199999.csv,2916848,2.78 MiB,True
72048299999,72048299999.csv,8846491,8.44 MiB,True
72048399999,72048399999.csv,9457493,9.02 MiB,True
72048499999,72048499999.csv,9174490,8.75 MiB,True
72048799999,72048799999.csv,9306434,8.88 MiB,True
72048899999,72048899999.csv,9016491,8.60 MiB,True
72048999999,72048999999.csv,9347683,8.91 MiB,True
72049100150,72049100150.csv,11371160,10.84 MiB,True
72049200151,72049200151.csv,11077325,10.56 MiB,True
72049354758,72049354758.csv,12139790,11.58 MiB,True
72049400152,72049400152.csv,8925476,8.51 MiB,True
72049800153,72049800153.csv,5230029,4.99 MiB,True
72049900154,72049900154.csv,10448416,9.96 MiB,True
72050100155,72050100155.csv,11687957,11.15 MiB,True
72050499999,72050499999.csv,9301191,8.87 MiB,True
72050500156,72050500156.csv,11694735,11.15 MiB,True
72050799999,72050799999.csv,4422354,4.22 MiB,True
72050899999,72050899999.csv,11148654,10.63 MiB,True
72051199999,72051199999.csv,9319453,8.89 MiB,True
72051699999,72051699999.csv,9644568,9.20 MiB,True
72051724165,72051724165.csv,9138396,8.72 MiB,True
72051800449,72051800449.csv,7607901,7.26 MiB,True
72051999999,72051999999.csv,9223986,8.80 MiB,True
72052100475,72052100475.csv,11106746,10.59 MiB,True
72052200443,72052200443.csv,9438149,9.00 MiB,True
72052803064,72052803064.csv,12068464,11.51 MiB,True
72052900429,72052900429.csv,1458674,1.39 MiB,True
72053100158,72053100158.csv,11069624,10.56 MiB,True
72053200159,72053200159.csv,11204072,10.69 MiB,True
72053300160,72053300160.csv,11914960,11.36 MiB,True
72053400161,72053400161.csv,11322522,10.80 MiB,True
72053500162,72053500162.csv,11143405,10.63 MiB,True
72053699999,72053699999.csv,9982035,9.52 MiB,True
72053700163,72053700163.csv,11008890,10.50 MiB,True
72053800164,72053800164.csv,11337546,10.81 MiB,True
72053900165,72053900165.csv,11657465,11.12 MiB,True
72054153806,72054153806.csv,10993597,10.48 MiB,True
72054200166,72054200166.csv,10966000,10.46 MiB,True
72054300167,72054300167.csv,11269877,10.75 MiB,True
72054400168,72054400168.csv,11463170,10.93 MiB,True
72054500169,72054500169.csv,11329800,10.80 MiB,True
72054900171,72054900171.csv,10774899,10.28 MiB,True
72055199999,72055199999.csv,9548123,9.11 MiB,True
72055399999,72055399999.csv,4526684,4.32 MiB,True
72055803977,72055803977.csv,11275775,10.75 MiB,True
72055900172,72055900172.csv,10625445,10.13 MiB,True
72056100467,72056100467.csv,8453530,8.06 MiB,True
72056599999,72056599999.csv,9639263,9.19 MiB,True
72056724180,72056724180.csv,11030359,10.52 MiB,True
72056899999,72056899999.csv,3608689,3.44 MiB,True
72056999999,72056999999.csv,8206294,7.83 MiB,True
72057299999,72057299999.csv,9270586,8.84 MiB,True
72057500173,72057500173.csv,11876510,11.33 MiB,True
72057600174,72057600174.csv,7115531,6.79 MiB,True
72057700175,72057700175.csv,8846924,8.44 MiB,True
72057800176,72057800176.csv,11169732,10.65 MiB,True
72057999999,72057999999.csv,9426802,8.99 MiB,True
72058100178,72058100178.csv,8864930,8.45 MiB,True
72058400181,72058400181.csv,10674306,10.18 MiB,True
72058600183,72058600183.csv,9354046,8.92 MiB,True
72058700184,72058700184.csv,12139130,11.58 MiB,True
72058900185,72058900185.csv,7722730,7.36 MiB,True
72059200186,72059200186.csv,11192341,10.67 MiB,True
72059300187,72059300187.csv,10947313,10.44 MiB,True
72059400188,72059400188.csv,11961272,11.41 MiB,True
72059600189,72059600189.csv,6319551,6.03 MiB,True
72059700190,72059700190.csv,10611352,10.12 MiB,True
72059800191,72059800191.csv,11290440,10.77 MiB,True
72059900192,72059900192.csv,7760139,7.40 MiB,True
72060100193,72060100193.csv,11735496,11.19 MiB,True
72060200194,72060200194.csv,11568268,11.03 MiB,True
72060300195,72060300195.csv,11273807,10.75 MiB,True
72060400196,72060400196.csv,11398026,10.87 MiB,True
72060500197,72060500197.csv,11901666,11.35 MiB,True
72060600198,72060600198.csv,11646779,11.11 MiB,True
72060700199,72060700199.csv,12146702,11.58 MiB,True
72060800200,72060800200.csv,11183503,10.67 MiB,True
72060900201,72060900201.csv,11410856,10.88 MiB,True
72061100202,72061100202.csv,11059626,10.55 MiB,True
72061200203,72061200203.csv,11248508,10.73 MiB,True
72061300204,72061300204.csv,11263998,10.74 MiB,True
72061400205,72061400205.csv,11194523,10.68 MiB,True
72061500206,72061500206.csv,10891645,10.39 MiB,True
72061600207,72061600207.csv,6908574,6.59 MiB,True
72061700208,72061700208.csv,8734962,8.33 MiB,True
72061999999,72061999999.csv,4657925,4.44 MiB,True
72062400211,72062400211.csv,9876963,9.42 MiB,True
72062500212,72062500212.csv,8700296,8.30 MiB,True
72062600213,72062600213.csv,8873807,8.46 MiB,True
72062700214,72062700214.csv,11295617,10.77 MiB,True
72062800215,72062800215.csv,10134647,9.67 MiB,True
72062900216,72062900216.csv,11684041,11.14 MiB,True
72063100217,72063100217.csv,11576830,11.04 MiB,True
72063200218,72063200218.csv,11419861,10.89 MiB,True
72063300219,72063300219.csv,10518725,10.03 MiB,True
72063400220,72063400220.csv,11299472,10.78 MiB,True
72063500221,72063500221.csv,11428540,10.90 MiB,True
72063600222,72063600222.csv,11312937,10.79 MiB,True
72063700223,72063700223.csv,11774602,11.23 MiB,True
72063800224,72063800224.csv,11096996,10.58 MiB,True
72063900225,72063900225.csv,12170106,11.61 MiB,True
72064199999,72064199999.csv,4947472,4.72 MiB,True
72064299999,72064299999.csv,5645264,5.38 MiB,True
72064354940,72064354940.csv,11603448,11.07 MiB,True
72064400226,72064400226.csv,10854940,10.35 MiB,True
72064500227,72064500227.csv,10551638,10.06 MiB,True
72064600228,72064600228.csv,11890834,11.34 MiB,True
72064700229,72064700229.csv,10855490,10.35 MiB,True
72064800230,72064800230.csv,11276947,10.75 MiB,True
72064900231,72064900231.csv,11161031,10.64 MiB,True
72065100232,72065100232.csv,8393887,8.01 MiB,True
72065200433,72065200433.csv,4772866,4.55 MiB,True
72065500235,72065500235.csv,11170651,10.65 MiB,True
72065900239,72065900239.csv,11235622,10.72 MiB,True
72066500243,72066500243.csv,2624416,2.50 MiB,True
72066900247,72066900247.csv,11233861,10.71 MiB,True
72067100248,72067100248.csv,11350989,10.83 MiB,True
72067200485,72067200485.csv,7286833,6.95 MiB,True
72067400249,72067400249.csv,11978236,11.42 MiB,True
72068199999,72068199999.csv,5920897,5.65 MiB,True
72068499999,72068499999.csv,9600114,9.16 MiB,True
72068799999,72068799999.csv,9176878,8.75 MiB,True
72069903724,72069903724.csv,11896655,11.35 MiB,True
72070154942,72070154942.csv,11659852,11.12 MiB,True
72070599999,72070599999.csv,8954394,8.54 MiB,True
72070853849,72070853849.csv,5474037,5.22 MiB,True
72070999999,72070999999.csv,9434965,9.00 MiB,True
72071200250,72071200250.csv,8851604,8.44 MiB,True
72071300251,72071300251.csv,10904945,10.40 MiB,True
72071400252,72071400252.csv,11888027,11.34 MiB,True
72071700442,72071700442.csv,10669079,10.17 MiB,True
72072499999,72072499999.csv,9616835,9.17 MiB,True
72072900435,72072900435.csv,10622705,10.13 MiB,True
72073400264,72073400264.csv,10963759,10.46 MiB,True
72073573805,72073573805.csv,7481723,7.14 MiB,True
72073600265,72073600265.csv,11721935,11.18 MiB,True
72073700266,72073700266.csv,11297083,10.77 MiB,True
72073800267,72073800267.csv,11547937,11.01 MiB,True
72073900268,72073900268.csv,9699298,9.25 MiB,True
72074100269,72074100269.csv,11108634,10.59 MiB,True
72074200270,72074200270.csv,11469495,10.94 MiB,True
72074400271,72074400271.csv,11496797,10.96 MiB,True
72074500272,72074500272.csv,8771062,8.36 MiB,True
72074799999,72074799999.csv,1530772,1.46 MiB,True
72074924255,72074924255.csv,5199099,4.96 MiB,True
72075999999,72075999999.csv,7291394,6.95 MiB,True
72076800274,72076800274.csv,10180984,9.71 MiB,True
72076900275,72076900275.csv,11648777,11.11 MiB,True
72077100276,72077100276.csv,11125911,10.61 MiB,True
72077599999,72077599999.csv,9417412,8.98 MiB,True
72077699999,72077699999.csv,9899268,9.44 MiB,True
72077799999,72077799999.csv,6385940,6.09 MiB,True
72077900461,72077900461.csv,12063291,11.50 MiB,True
72078199999,72078199999.csv,8901252,8.49 MiB,True
72078700278,72078700278.csv,6656478,6.35 MiB,True
72080699999,72080699999.csv,9010447,8.59 MiB,True
72083599999,72083599999.csv,10278095,9.80 MiB,True
72083799999,72083799999.csv,6497667,6.20 MiB,True
72083900279,72083900279.csv,10947693,10.44 MiB,True
72084499999,72084499999.csv,5774030,5.51 MiB,True
72085200280,72085200280.csv,11382098,10.85 MiB,True
72085300281,72085300281.csv,11157279,10.64 MiB,True
72085400282,72085400282.csv,10991892,10.48 MiB,True
72085500283,72085500283.csv,11743094,11.20 MiB,True
72085600284,72085600284.csv,11463820,10.93 MiB,True
72085800285,72085800285.csv,10594609,10.10 MiB,True
72085900286,72085900286.csv,11831919,11.28 MiB,True
72086100287,72086100287.csv,11006550,10.50 MiB,True
72086300289,72086300289.csv,11422364,10.89 MiB,True
72086400290,72086400290.csv,11942471,11.39 MiB,True
72086500291,72086500291.csv,10099727,9.63 MiB,True
72086600292,72086600292.csv,11131873,10.62 MiB,True
72086700293,72086700293.csv,11383551,10.86 MiB,True
72086800294,72086800294.csv,11919025,11.37 MiB,True
72086900295,72086900295.csv,11030373,10.52 MiB,True
72087100296,72087100296.csv,11565251,11.03 MiB,True
72088700297,72088700297.csv,12105669,11.54 MiB,True
72089599999,72089599999.csv,9491764,9.05 MiB,True
72089799999,72089799999.csv,9975133,9.51 MiB,True
72090200298,72090200298.csv,11745139,11.20 MiB,True
72090300441,72090300441.csv,11662314,11.12 MiB,True
72090400299,72090400299.csv,12566776,11.98 MiB,True
72090799999,72090799999.csv,8843679,8.43 MiB,True
72090900300,72090900300.csv,11416756,10.89 MiB,True
72091100301,72091100301.csv,11728253,11.18 MiB,True
72091200302,72091200302.csv,11569650,11.03 MiB,True
72091600453,72091600453.csv,11626198,11.09 MiB,True
72092300310,72092300310.csv,11847631,11.30 MiB,True
72092400311,72092400311.csv,11325581,10.80 MiB,True
72092500312,72092500312.csv,11684783,11.14 MiB,True
72092600313,72092600313.csv,11813663,11.27 MiB,True
72092700314,72092700314.csv,9067913,8.65 MiB,True
72092800315,72092800315.csv,12322213,11.75 MiB,True
72092900316,72092900316.csv,11375728,10.85 MiB,True
72093200317,72093200317.csv,10977467,10.47 MiB,True
72093300318,72093300318.csv,11080672,10.57 MiB,True
72094200323,72094200323.csv,11040903,10.53 MiB,True
72094300431,72094300431.csv,9355151,8.92 MiB,True
72094400324,72094400324.csv,10171474,9.70 MiB,True
72094600326,72094600326.csv,11753739,11.21 MiB,True
72094800328,72094800328.csv,11634885,11.10 MiB,True
72094900329,72094900329.csv,9286241,8.86 MiB,True
72095100330,72095100330.csv,11070519,10.56 MiB,True
72095299999,72095299999.csv,3016164,2.88 MiB,True
72095300331,72095300331.csv,4095472,3.91 MiB,True
72095400456,72095400456.csv,1664292,1.59 MiB,True
72095600332,72095600332.csv,608,608.00 B,True
72096100336,72096100336.csv,11321533,10.80 MiB,True
72096200337,72096200337.csv,11544431,11.01 MiB,True
72096400338,72096400338.csv,8751960,8.35 MiB,True
72096513910,72096513910.csv,5607356,5.35 MiB,True
72096600339,72096600339.csv,11245851,10.72 MiB,True
72096700457,72096700457.csv,9812462,9.36 MiB,True
72096800340,72096800340.csv,10102996,9.63 MiB,True
72097100342,72097100342.csv,5309352,5.06 MiB,True
72097299999,72097299999.csv,10309730,9.83 MiB,True
72097400344,72097400344.csv,10103882,9.64 MiB,True
72097799999,72097799999.csv,4061008,3.87 MiB,True
72097899999,72097899999.csv,3551979,3.39 MiB,True
72097999999,72097999999.csv,4913647,4.69 MiB,True
72098199999,72098199999.csv,2545739,2.43 MiB,True
72098299999,72098299999.csv,5543889,5.29 MiB,True
72098399999,72098399999.csv,5118499,4.88 MiB,True
72098599999,72098599999.csv,5378549,5.13 MiB,True
72098699999,72098699999.csv,5124688,4.89 MiB,True
72098799999,72098799999.csv,3623403,3.46 MiB,True
72098899999,72098899999.csv,2259847,2.16 MiB,True
72098999999,72098999999.csv,1441366,1.37 MiB,True
72099199999,72099199999.csv,5003292,4.77 MiB,True
72099299999,72099299999.csv,4628834,4.41 MiB,True
72099399999,72099399999.csv,4106158,3.92 MiB,True
72099499999,72099499999.csv,5356357,5.11 MiB,True
72099599999,72099599999.csv,4249746,4.05 MiB,True
72099699999,72099699999.csv,5246048,5.00 MiB,True
72099799999,72099799999.csv,5213150,4.97 MiB,True
72099899999,72099899999.csv,6272345,5.98 MiB,True
72099999999,72099999999.csv,3422799,3.26 MiB,True
72100199999,72100199999.csv,4517832,4.31 MiB,True
72100299999,72100299999.csv,5236479,4.99 MiB,True
72100399999,72100399999.csv,4931922,4.70 MiB,True
72100499999,72100499999.csv,4899109,4.67 MiB,True
72100599999,72100599999.csv,7846863,7.48 MiB,True
72100699999,72100699999.csv,2855838,2.72 MiB,True
72100799999,72100799999.csv,5083496,4.85 MiB,True
72100899999,72100899999.csv,3065220,2.92 MiB,True
72100999999,72100999999.csv,8787500,8.38 MiB,True
72101199999,72101199999.csv,3486060,3.32 MiB,True
72101299999,72101299999.csv,1900562,1.81 MiB,True
72101399999,72101399999.csv,5306679,5.06 MiB,True
72101499999,72101499999.csv,4046090,3.86 MiB,True
72101599999,72101599999.csv,5435793,5.18 MiB,True
72101699999,72101699999.csv,1795573,1.71 MiB,True
72101799999,72101799999.csv,5113564,4.88 MiB,True
72101899999,72101899999.csv,5321232,5.07 MiB,True
72101999999,72101999999.csv,5088611,4.85 MiB,True
72102199999,72102199999.csv,5474697,5.22 MiB,True
72102299999,72102299999.csv,3409338,3.25 MiB,True
72102399999,72102399999.csv,3360351,3.20 MiB,True
72102499999,72102499999.csv,3154881,3.01 MiB,True
72102599999,72102599999.csv,3653301,3.48 MiB,True
72102699999,72102699999.csv,4261043,4.06 MiB,True
72102899999,72102899999.csv,10214969,9.74 MiB,True
72102900347,72102900347.csv,11931985,11.38 MiB,True
72103100348,72103100348.csv,11803229,11.26 MiB,True
72103300350,72103300350.csv,11170877,10.65 MiB,True
72103400351,72103400351.csv,11488072,10.96 MiB,True
72103500352,72103500352.csv,11307015,10.78 MiB,True
72103600353,72103600353.csv,9069588,8.65 MiB,True
72104199999,72104199999.csv,3625281,3.46 MiB,True
72104200486,72104200486.csv,12079955,11.52 MiB,True
72104399999,72104399999.csv,9319578,8.89 MiB,True
72104400448,72104400448.csv,11830772,11.28 MiB,True
72104500354,72104500354.csv,9164510,8.74 MiB,True
72104600460,72104600460.csv,11270573,10.75 MiB,True
72104800471,72104800471.csv,11115751,10.60 MiB,True
72200354930,72200354930.csv,10764835,10.27 MiB,True
72200454922,72200454922.csv,11828517,11.28 MiB,True
72200599999,72200599999.csv,9596527,9.15 MiB,True
72200654926,72200654926.csv,12010366,11.45 MiB,True
72200754828,72200754828.csv,12005558,11.45 MiB,True
72200812995,72200812995.csv,12052664,11.49 MiB,True
72201012836,72201012836.csv,7689974,7.33 MiB,True
72201192813,72201192813.csv,5586340,5.33 MiB,True
72201412818,72201412818.csv,7403183,7.06 MiB,True
72201512850,72201512850.csv,6209566,5.92 MiB,True
72201612896,72201612896.csv,6290381,6.00 MiB,True
72202012839,72202012839.csv,8011583,7.64 MiB,True
72202192816,72202192816.csv,11318116,10.79 MiB,True
72202212803,72202212803.csv,2614302,2.49 MiB,True
72202412882,72202412882.csv,6469998,6.17 MiB,True
72202612826,72202612826.csv,6900125,6.58 MiB,True
72202912888,72202912888.csv,6634220,6.33 MiB,True
72203012844,72203012844.csv,7363067,7.02 MiB,True
72203163839,72203163839.csv,9790235,9.34 MiB,True
72203254916,72203254916.csv,11102688,10.59 MiB,True
72203304999,72203304999.csv,12236383,11.67 MiB,True
72203412812,72203412812.csv,6519912,6.22 MiB,True
72203792809,72203792809.csv,6564295,6.26 MiB,True
72203812897,72203812897.csv,6171347,5.89 MiB,True
72203912885,72203912885.csv,6510145,6.21 MiB,True
72204012838,72204012838.csv,6659203,6.35 MiB,True
72204112993,72204112993.csv,11479393,10.95 MiB,True
72204253978,72204253978.csv,9934755,9.47 MiB,True
72204453930,72204453930.csv,11294260,10.77 MiB,True
72204612898,72204612898.csv,2597988,2.48 MiB,True
72204992805,72204992805.csv,7798416,7.44 MiB,True
72205012815,72205012815.csv,7522920,7.17 MiB,True
72205253933,72205253933.csv,9063960,8.64 MiB,True
72205312841,72205312841.csv,6393887,6.10 MiB,True
72205453959,72205453959.csv,6402868,6.11 MiB,True
72205512861,72205512861.csv,5874135,5.60 MiB,True
72205712854,72205712854.csv,6270484,5.98 MiB,True
72205904866,72205904866.csv,11517749,10.98 MiB,True
72206013889,72206013889.csv,8361420,7.97 MiB,True
72206103038,72206103038.csv,11939598,11.39 MiB,True
72206263842,72206263842.csv,11602427,11.06 MiB,True
72206593837,72206593837.csv,6442619,6.14 MiB,True
72206603853,72206603853.csv,6324239,6.03 MiB,True
72206763823,72206763823.csv,6855889,6.54 MiB,True
72206953853,72206953853.csv,7018552,6.69 MiB,True
72207003822,72207003822.csv,7740604,7.38 MiB,True
72207153935,72207153935.csv,11715760,11.17 MiB,True
72207303727,72207303727.csv,11028089,10.52 MiB,True
72207463840,72207463840.csv,9461768,9.02 MiB,True
72207504871,72207504871.csv,10998842,10.49 MiB,True
72207694891,72207694891.csv,11381960,10.85 MiB,True
72207853938,72207853938.csv,11299301,10.78 MiB,True
72207953888,72207953888.csv,11834870,11.29 MiB,True
72208013880,72208013880.csv,7833426,7.47 MiB,True
72208113730,72208113730.csv,6540839,6.24 MiB,True
72208204876,72208204876.csv,11649761,11.11 MiB,True
72208593831,72208593831.csv,6504497,6.20 MiB,True
72208994959,72208994959.csv,11952946,11.40 MiB,True
72209003875,72209003875.csv,6055652,5.78 MiB,True
72209153940,72209153940.csv,11609780,11.07 MiB,True
72209253941,72209253941.csv,11536471,11.00 MiB,True
72209304878,72209304878.csv,8638881,8.24 MiB,True
72209453984,72209453984.csv,7923184,7.56 MiB,True
72209503030,72209503030.csv,5719232,5.45 MiB,True
72209653127,72209653127.csv,4662204,4.45 MiB,True
72209704936,72209704936.csv,11256090,10.73 MiB,True
72209864761,72209864761.csv,9822168,9.37 MiB,True
72209953936,72209953936.csv,11726143,11.18 MiB,True
72210103039,72210103039.csv,11679113,11.14 MiB,True
72210312895,72210312895.csv,7025765,6.70 MiB,True
72210492806,72210492806.csv,6294278,6.00 MiB,True
72210612835,72210612835.csv,6430536,6.13 MiB,True
72210703056,72210703056.csv,11575428,11.04 MiB,True
72210812894,72210812894.csv,6399790,6.10 MiB,True
72210900355,72210900355.csv,11863970,11.31 MiB,True
72211012842,72211012842.csv,7854645,7.49 MiB,True
72211253982,72211253982.csv,11181738,10.66 MiB,True
72211353979,72211353979.csv,12044074,11.49 MiB,True
72211454901,72211454901.csv,12669091,12.08 MiB,True
72211512871,72211512871.csv,6146044,5.86 MiB,True
72211612873,72211612873.csv,6521374,6.22 MiB,True
72211800482,72211800482.csv,11592742,11.06 MiB,True
72211912883,72211912883.csv,7721471,7.36 MiB,True
72212012833,72212012833.csv,11181200,10.66 MiB,True
72212203050,72212203050.csv,11730383,11.19 MiB,True
72212312809,72212312809.csv,6054565,5.77 MiB,True
72212404998,72212404998.csv,12072281,11.51 MiB,True
72212504829,72212504829.csv,11932192,11.38 MiB,True
72212604879,72212604879.csv,11679470,11.14 MiB,True
72212704880,72212704880.csv,11840664,11.29 MiB,True
72212853899,72212853899.csv,11907364,11.36 MiB,True
72212904939,72212904939.csv,11486312,10.95 MiB,True
72213013861,72213013861.csv,11382441,10.86 MiB,True
72213103713,72213103713.csv,11872887,11.32 MiB,True
72213263801,72213263801.csv,6340792,6.05 MiB,True
72213353946,72213353946.csv,11458434,10.93 MiB,True
72213463822,72213463822.csv,11577237,11.04 MiB,True
72213653883,72213653883.csv,11815106,11.27 MiB,True
72213713878,72213713878.csv,7618910,7.27 MiB,True
72213863852,72213863852.csv,2573115,2.45 MiB,True
72214093805,72214093805.csv,7980980,7.61 MiB,True
72214103731,72214103731.csv,11830139,11.28 MiB,True
72214204114,72214204114.csv,5549444,5.29 MiB,True
72214353975,72214353975.csv,10963648,10.46 MiB,True
72214404945,72214404945.csv,11982120,11.43 MiB,True
72214504884,72214504884.csv,11734028,11.19 MiB,True
72214753817,72214753817.csv,8475800,8.08 MiB,True
72214863824,72214863824.csv,11459315,10.93 MiB,True
72214904899,72214904899.csv,12412756,11.84 MiB,True
72215114794,72215114794.csv,7070526,6.74 MiB,True
72215253957,72215253957.csv,11164884,10.65 MiB,True
72215453885,72215453885.csv,11631192,11.09 MiB,True
72215503040,72215503040.csv,11594361,11.06 MiB,True
72215653873,72215653873.csv,12510997,11.93 MiB,True
72215704949,72215704949.csv,10629267,10.14 MiB,True
72215813752,72215813752.csv,2467586,2.35 MiB,True
72215899999,72215899999.csv,1803349,1.72 MiB,True
72215912980,72215912980.csv,10274815,9.80 MiB,True
72216013869,72216013869.csv,6646334,6.34 MiB,True
72216453949,72216453949.csv,11694766,11.15 MiB,True
72216563808,72216563808.csv,7038403,6.71 MiB,True
72216693845,72216693845.csv,6972217,6.65 MiB,True
72216703718,72216703718.csv,11319878,10.80 MiB,True
72216804960,72216804960.csv,11121395,10.61 MiB,True
72216903058,72216903058.csv,11502079,10.97 MiB,True
72217003813,72217003813.csv,8041825,7.67 MiB,True
72217104889,72217104889.csv,10651618,10.16 MiB,True
72217263810,72217263810.csv,8460986,8.07 MiB,True
72217353951,72217353951.csv,9601448,9.16 MiB,True
72217423097,72217423097.csv,11390829,10.86 MiB,True
72217513860,72217513860.csv,7057633,6.73 MiB,True
72217653884,72217653884.csv,9722735,9.27 MiB,True
72217763811,72217763811.csv,11893015,11.34 MiB,True
72217853953,72217853953.csv,11657246,11.12 MiB,True
72217904968,72217904968.csv,11778890,11.23 MiB,True
72218003820,72218003820.csv,8212220,7.83 MiB,True
72218113837,72218113837.csv,6818699,6.50 MiB,True
72218204890,72218204890.csv,12269605,11.70 MiB,True
72218304972,72218304972.csv,10941287,10.43 MiB,True
72218553838,72218553838.csv,7405148,7.06 MiB,True
72218604892,72218604892.csv,11894031,11.34 MiB,True
72218793911,72218793911.csv,10538588,10.05 MiB,True
72218853985,72218853985.csv,5663742,5.40 MiB,True
72218992815,72218992815.csv,7452116,7.11 MiB,True
72219013874,72219013874.csv,8005381,7.63 MiB,True
72219103721,72219103721.csv,11628298,11.09 MiB,True
72219223033,72219223033.csv,8214122,7.83 MiB,True
72219303722,72219303722.csv,11636227,11.10 MiB,True
72219404896,72219404896.csv,12522708,11.94 MiB,True
72219503888,72219503888.csv,6427943,6.13 MiB,True
72219653863,72219653863.csv,6803197,6.49 MiB,True
72219753819,72219753819.csv,6865857,6.55 MiB,True
72219863819,72219863819.csv,12019908,11.46 MiB,True
72219953956,72219953956.csv,11172557,10.65 MiB,True
72220012832,72220012832.csv,6967383,6.64 MiB,True
72220103723,72220103723.csv,11948926,11.40 MiB,True
72220212985,72220212985.csv,11593114,11.06 MiB,True
72220303041,72220303041.csv,6949752,6.63 MiB,True
72220404996,72220404996.csv,6506897,6.21 MiB,True
72220804224,72220804224.csv,11978499,11.42 MiB,True
72220912986,72220912986.csv,11305828,10.78 MiB,True
72221013858,72221013858.csv,7732210,7.37 MiB,True
72221194087,72221194087.csv,11806514,11.26 MiB,True
72221292814,72221292814.csv,5419406,5.17 MiB,True
72221312819,72221312819.csv,6515638,6.21 MiB,True
72221403070,72221403070.csv,11286943,10.76 MiB,True
72221513884,72221513884.csv,7020474,6.70 MiB,True
72221699999,72221699999.csv,5072093,4.84 MiB,True
72221763881,72221763881.csv,9677102,9.23 MiB,True
72221800356,72221800356.csv,11453555,10.92 MiB,True
72221999999,72221999999.csv,7517304,7.17 MiB,True
72222099999,72222099999.csv,505853,494.00 KiB,True
72222100444,72222100444.csv,11618481,11.08 MiB,True
72222313899,72222313899.csv,7013749,6.69 MiB,True
72222503855,72222503855.csv,5918665,5.64 MiB,True
72222693841,72222693841.csv,4935273,4.71 MiB,True
72223013894,72223013894.csv,8043672,7.67 MiB,True
72223100357,72223100357.csv,11193052,10.67 MiB,True
72223513838,72223513838.csv,6775945,6.46 MiB,True
72223863873,72223863873.csv,8968328,8.55 MiB,True
72223953861,72223953861.csv,9085878,8.66 MiB,True
72224154925,72224154925.csv,11491246,10.96 MiB,True
72224303738,72224303738.csv,11610388,11.07 MiB,True
72224400358,72224400358.csv,11851527,11.30 MiB,True
72224603844,72224603844.csv,6689942,6.38 MiB,True
72224754785,72224754785.csv,7054378,6.73 MiB,True
72224800359,72224800359.csv,11478702,10.95 MiB,True
72224963887,72224963887.csv,12430758,11.85 MiB,True
72225013829,72225013829.csv,8433448,8.04 MiB,True
72225153958,72225153958.csv,10235624,9.76 MiB,True
72225254923,72225254923.csv,11900979,11.35 MiB,True
72225353992,72225353992.csv,11937097,11.38 MiB,True
72225593842,72225593842.csv,6676547,6.37 MiB,True
72225664774,72225664774.csv,11190073,10.67 MiB,True
72226013895,72226013895.csv,7817624,7.46 MiB,True
72226100360,72226100360.csv,11760547,11.22 MiB,True
72226513821,72226513821.csv,6082554,5.80 MiB,True
72226699999,72226699999.csv,9348239,8.92 MiB,True
72226703878,72226703878.csv,7425277,7.08 MiB,True
72226813839,72226813839.csv,6945357,6.62 MiB,True
72226903850,72226903850.csv,8151088,7.77 MiB,True
72227013864,72227013864.csv,5916284,5.64 MiB,True
72227454939,72227454939.csv,12162740,11.60 MiB,True
72227553843,72227553843.csv,6718014,6.41 MiB,True
72227653820,72227653820.csv,7311332,6.97 MiB,True
72227953852,72227953852.csv,6129956,5.85 MiB,True
72228013876,72228013876.csv,6834593,6.52 MiB,True
72228403892,72228403892.csv,3401649,3.24 MiB,True
72228503896,72228503896.csv,5759871,5.49 MiB,True
72228693806,72228693806.csv,6767633,6.45 MiB,True
72228713871,72228713871.csv,6917303,6.60 MiB,True
72229100470,72229100470.csv,11821325,11.27 MiB,True
72229499999,72229499999.csv,5166707,4.93 MiB,True
72230053864,72230053864.csv,6971551,6.65 MiB,True
72231012916,72231012916.csv,7588863,7.24 MiB,True
72231203908,72231203908.csv,11559993,11.02 MiB,True
72231453915,72231453915.csv,7191495,6.86 MiB,True
72231553917,72231553917.csv,6615708,6.31 MiB,True
72231612958,72231612958.csv,5764259,5.50 MiB,True
72231953943,72231953943.csv,11718435,11.18 MiB,True
72232013970,72232013970.csv,6363626,6.07 MiB,True
72232200361,72232200361.csv,11775310,11.23 MiB,True
72232300362,72232300362.csv,10833706,10.33 MiB,True
72232403071,72232403071.csv,9932885,9.47 MiB,True
72232912936,72232912936.csv,5096262,4.86 MiB,True
72233053865,72233053865.csv,6841391,6.52 MiB,True
72233154941,72233154941.csv,11817228,11.27 MiB,True
72233254953,72233254953.csv,11602829,11.07 MiB,True
72233303069,72233303069.csv,11351747,10.83 MiB,True
72233403976,72233403976.csv,12035321,11.48 MiB,True
72233812994,72233812994.csv,11956237,11.40 MiB,True
72234013865,72234013865.csv,7688241,7.33 MiB,True
72234192822,72234192822.csv,2310217,2.20 MiB,True
72234254931,72234254931.csv,11744173,11.20 MiB,True
72234354826,72234354826.csv,12163849,11.60 MiB,True
72234499999,72234499999.csv,9425228,8.99 MiB,True
72234503866,72234503866.csv,6247244,5.96 MiB,True
72234654824,72234654824.csv,11863355,11.31 MiB,True
72234853808,72234853808.csv,6644406,6.34 MiB,True
72234999999,72234999999.csv,9662344,9.21 MiB,True
72235003940,72235003940.csv,8144523,7.77 MiB,True
72235112953,72235112953.csv,12042804,11.48 MiB,True
72235413927,72235413927.csv,6414905,6.12 MiB,True
72235593999,72235593999.csv,10682980,10.19 MiB,True
72235703961,72235703961.csv,5202687,4.96 MiB,True
72235893919,72235893919.csv,6827963,6.51 MiB,True
72236192808,72236192808.csv,2815036,2.68 MiB,True
72236293937,72236293937.csv,10029016,9.56 MiB,True
72236323098,72236323098.csv,11803726,11.26 MiB,True
72236423903,72236423903.csv,11777046,11.23 MiB,True
72236700363,72236700363.csv,10299764,9.82 MiB,True
72236800364,72236800364.csv,11478728,10.95 MiB,True
72236900365,72236900365.csv,4468871,4.26 MiB,True
72239003931,72239003931.csv,6025827,5.75 MiB,True
72240003937,72240003937.csv,8410486,8.02 MiB,True
72240312968,72240312968.csv,3888610,3.71 MiB,True
72240413941,72240413941.csv,6842596,6.53 MiB,True
72240513976,72240513976.csv,6825682,6.51 MiB,True
72240612927,72240612927.csv,7158151,6.83 MiB,True
72241012917,72241012917.csv,8200069,7.82 MiB,True
72241612971,72241612971.csv,7338844,7.00 MiB,True
72242012923,72242012923.csv,6907336,6.59 MiB,True
72242712975,72242712975.csv,6489747,6.19 MiB,True
72242953910,72242953910.csv,7008381,6.68 MiB,True
72243012960,72243012960.csv,7277871,6.94 MiB,True
72243612906,72243612906.csv,3889835,3.71 MiB,True
72244012918,72244012918.csv,6702547,6.39 MiB,True
72244453902,72244453902.csv,6988200,6.66 MiB,True
72244693987,72244693987.csv,6785747,6.47 MiB,True
72244753903,72244753903.csv,6747331,6.43 MiB,True
72244813972,72244813972.csv,6320038,6.03 MiB,True
72246953912,72246953912.csv,6170136,5.88 MiB,True
72247003901,72247003901.csv,6384815,6.09 MiB,True
72247953907,72247953907.csv,6193176,5.91 MiB,True
72248013957,72248013957.csv,8314960,7.93 MiB,True
72248453905,72248453905.csv,6360997,6.07 MiB,True
72248513944,72248513944.csv,6265460,5.98 MiB,True
72248613942,72248613942.csv,6578500,6.27 MiB,True
72248713935,72248713935.csv,6964970,6.64 MiB,True
72248803996,72248803996.csv,6435812,6.14 MiB,True
72248953911,72248953911.csv,6225395,5.94 MiB,True
72249953948,72249953948.csv,6379663,6.08 MiB,True
72250012919,72250012919.csv,8165862,7.79 MiB,True
72250512904,72250512904.csv,7040983,6.71 MiB,True
72250612959,72250612959.csv,6977695,6.65 MiB,True
72250812957,72250812957.csv,6886358,6.57 MiB,True
72251012924,72251012924.csv,8179586,7.80 MiB,True
72251512926,72251512926.csv,5959045,5.68 MiB,True
72251612928,72251612928.csv,6586285,6.28 MiB,True
72251712932,72251712932.csv,7229214,6.89 MiB,True
72251812974,72251812974.csv,4965919,4.74 MiB,True
72252012907,72252012907.csv,5627923,5.37 MiB,True
72252312970,72252312970.csv,6646158,6.34 MiB,True
72252412972,72252412972.csv,7285043,6.95 MiB,True
72252612947,72252612947.csv,6278360,5.99 MiB,True
72252712976,72252712976.csv,7575543,7.22 MiB,True
72253012921,72253012921.csv,8026225,7.65 MiB,True
72253312962,72253312962.csv,6680454,6.37 MiB,True
72253512909,72253512909.csv,7912310,7.55 MiB,True
72253612911,72253612911.csv,8311710,7.93 MiB,True
72253712961,72253712961.csv,12289776,11.72 MiB,True
72253912979,72253912979.csv,6227304,5.94 MiB,True
72254013904,72254013904.csv,7548927,7.20 MiB,True
72254153914,72254153914.csv,5967964,5.69 MiB,True
72254203999,72254203999.csv,6453091,6.15 MiB,True
72254312977,72254312977.csv,6837548,6.52 MiB,True
72254413958,72254413958.csv,6420087,6.12 MiB,True
72254753942,72254753942.csv,5684575,5.42 MiB,True
72255012912,72255012912.csv,7910684,7.54 MiB,True
72255293929,72255293929.csv,12019599,11.46 MiB,True
72255512935,72255512935.csv,7004857,6.68 MiB,True
72256013959,72256013959.csv,7080368,6.75 MiB,True
72256199999,72256199999.csv,2057082,1.96 MiB,True
72256353952,72256353952.csv,5674471,5.41 MiB,True
72257003933,72257003933.csv,6955071,6.63 MiB,True
72257503972,72257503972.csv,5596112,5.34 MiB,True
72257603902,72257603902.csv,7277436,6.94 MiB,True
72257793984,72257793984.csv,5158724,4.92 MiB,True
72258013960,72258013960.csv,6486632,6.19 MiB,True
72258793955,72258793955.csv,5892534,5.62 MiB,True
72258813926,72258813926.csv,12623980,12.04 MiB,True
72258903991,72258903991.csv,5991792,5.71 MiB,True
72259003927,72259003927.csv,7884707,7.52 MiB,True
72259299999,72259299999.csv,96869,94.60 KiB,True
72259303985,72259303985.csv,7962145,7.59 MiB,True
72259453909,72259453909.csv,6323414,6.03 MiB,True
72259513911,72259513911.csv,5765192,5.50 MiB,True
72259793985,72259793985.csv,6104067,5.82 MiB,True
72259803970,72259803970.csv,6880653,6.56 MiB,True
72259903971,72259903971.csv,6001920,5.72 MiB,True
72260003969,72260003969.csv,11653942,11.11 MiB,True
72261022010,72261022010.csv,6855068,6.54 MiB,True
72261522001,72261522001.csv,6169612,5.88 MiB,True
72261603032,72261603032.csv,4085362,3.90 MiB,True
72261823091,72261823091.csv,5576338,5.32 MiB,True
72262023055,72262023055.csv,3568408,3.40 MiB,True
72263023034,72263023034.csv,6733530,6.42 MiB,True
72263793046,72263793046.csv,9703393,9.25 MiB,True
72264093035,72264093035.csv,3509614,3.35 MiB,True
72264803031,72264803031.csv,5498805,5.24 MiB,True
72265023023,72265023023.csv,6570914,6.27 MiB,True
72265623040,72265623040.csv,5068580,4.83 MiB,True
72266013962,72266013962.csv,6787264,6.47 MiB,True
72266693943,72266693943.csv,10874060,10.37 MiB,True
72267023042,72267023042.csv,7189951,6.86 MiB,True
72267603035,72267603035.csv,11502732,10.97 MiB,True
72267703027,72267703027.csv,6019089,5.74 MiB,True
72267823052,72267823052.csv,5987416,5.71 MiB,True
72268023009,72268023009.csv,6407184,6.11 MiB,True
72268393083,72268393083.csv,11477035,10.95 MiB,True
72268623008,72268623008.csv,5335837,5.09 MiB,True
72268793033,72268793033.csv,5391725,5.14 MiB,True
72268893034,72268893034.csv,7749563,7.39 MiB,True
72268923077,72268923077.csv,5349903,5.10 MiB,True
72269100366,72269100366.csv,10951413,10.44 MiB,True
72269200367,72269200367.csv,11702832,11.16 MiB,True
72269393097,72269393097.csv,12739575,12.15 MiB,True
72269593041,72269593041.csv,11766709,11.22 MiB,True
72270023044,72270023044.csv,7196273,6.86 MiB,True
72270499999,72270499999.csv,4006675,3.82 MiB,True
72271093045,72271093045.csv,6009354,5.73 MiB,True
72272093026,72272093026.csv,5170179,4.93 MiB,True
72272193063,72272193063.csv,11983134,11.43 MiB,True
72272523078,72272523078.csv,5133889,4.90 MiB,True
72272803196,72272803196.csv,5364205,5.12 MiB,True
72273003124,72273003124.csv,7119284,6.79 MiB,True
72274023160,72274023160.csv,6080951,5.80 MiB,True
72274523109,72274523109.csv,4715222,4.50 MiB,True
72274793084,72274793084.csv,5088009,4.85 MiB,True
72274803914,72274803914.csv,3510486,3.35 MiB,True
72274953128,72274953128.csv,2444262,2.33 MiB,True
72276403029,72276403029.csv,5871219,5.60 MiB,True
72278023183,72278023183.csv,6409580,6.11 MiB,True
72278199999,72278199999.csv,7904124,7.54 MiB,True
72278303185,72278303185.csv,4956617,4.73 MiB,True
72278403184,72278403184.csv,5130531,4.89 MiB,True
72278523111,72278523111.csv,4783005,4.56 MiB,True
72278623104,72278623104.csv,6953142,6.63 MiB,True
72278753126,72278753126.csv,2374774,2.26 MiB,True
72278803186,72278803186.csv,2776394,2.65 MiB,True
72278903192,72278903192.csv,5012624,4.78 MiB,True
72281023199,72281023199.csv,4948286,4.72 MiB,True
72281353146,72281353146.csv,5224412,4.98 MiB,True
72281703068,72281703068.csv,5915978,5.64 MiB,True
72282003949,72282003949.csv,6809689,6.49 MiB,True
72282153988,72282153988.csv,6710226,6.40 MiB,True
72282303749,72282303749.csv,5258019,5.01 MiB,True
72285700368,72285700368.csv,11570678,11.03 MiB,True
72286023119,72286023119.csv,5740707,5.47 MiB,True
72286699999,72286699999.csv,5307534,5.06 MiB,True
72286893138,72286893138.csv,5016222,4.78 MiB,True
72286903171,72286903171.csv,5737973,5.47 MiB,True
72287493134,72287493134.csv,6549665,6.25 MiB,True
72288023152,72288023152.csv,6043041,5.76 MiB,True
72288593197,72288593197.csv,6401143,6.10 MiB,True
72288623130,72288623130.csv,5837444,5.57 MiB,True
72288703180,72288703180.csv,1801458,1.72 MiB,True
72289523243,72289523243.csv,3575778,3.41 MiB,True
72289793206,72289793206.csv,6860296,6.54 MiB,True
72289903179,72289903179.csv,6032901,5.75 MiB,True
72290023188,72290023188.csv,7608918,7.26 MiB,True
72290303131,72290303131.csv,6569158,6.26 MiB,True
72290403178,72290403178.csv,7181825,6.85 MiB,True
72290693112,72290693112.csv,6068911,5.79 MiB,True
72290753143,72290753143.csv,7279295,6.94 MiB,True
72290993115,72290993115.csv,6120676,5.84 MiB,True
72291093116,72291093116.csv,5449936,5.20 MiB,True
72292023191,72292023191.csv,8952089,8.54 MiB,True
72292593117,72292593117.csv,3920334,3.74 MiB,True
72292603154,72292603154.csv,4985479,4.75 MiB,True
72292703177,72292703177.csv,7209636,6.88 MiB,True
72292800369,72292800369.csv,4103748,3.91 MiB,True
72293193107,72293193107.csv,5963680,5.69 MiB,True
72293453121,72293453121.csv,6832691,6.52 MiB,True
72295023174,72295023174.csv,7636456,7.28 MiB,True
72295303183,72295303183.csv,10803774,10.30 MiB,True
72295503174,72295503174.csv,2484611,2.37 MiB,True
72295603167,72295603167.csv,6566423,6.26 MiB,True
72297023129,72297023129.csv,7041797,6.72 MiB,True
72297263878,72297263878.csv,9477453,9.04 MiB,True
72297553141,72297553141.csv,6005267,5.73 MiB,True
72297603166,72297603166.csv,6220546,5.93 MiB,True
72297793184,72297793184.csv,6330095,6.04 MiB,True
72301003810,72301003810.csv,6605561,6.30 MiB,True
72302013748,72302013748.csv,8107076,7.73 MiB,True
72303013714,72303013714.csv,8251466,7.87 MiB,True
72303493747,72303493747.csv,7634194,7.28 MiB,True
72303593740,72303593740.csv,6602458,6.30 MiB,True
72303793765,72303793765.csv,6685455,6.38 MiB,True
72304613766,72304613766.csv,11171749,10.65 MiB,True
72305563816,72305563816.csv,11704455,11.16 MiB,True
72306013722,72306013722.csv,7492168,7.15 MiB,True
72306200370,72306200370.csv,3770993,3.60 MiB,True
72306513783,72306513783.csv,11875539,11.33 MiB,True
72306613713,72306613713.csv,5841990,5.57 MiB,True
72306793726,72306793726.csv,6922980,6.60 MiB,True
72306893759,72306893759.csv,6573919,6.27 MiB,True
72306993753,72306993753.csv,5538139,5.28 MiB,True
72307013786,72307013786.csv,6873732,6.56 MiB,True
72307403703,72307403703.csv,11862362,11.31 MiB,True
72307513769,72307513769.csv,6435506,6.14 MiB,True
72307993796,72307993796.csv,11699627,11.16 MiB,True
72308013737,72308013737.csv,8026205,7.65 MiB,True
72308313763,72308313763.csv,12172954,11.61 MiB,True
72308493775,72308493775.csv,6676075,6.37 MiB,True
72308513750,72308513750.csv,6176763,5.89 MiB,True
72308693741,72308693741.csv,6789916,6.48 MiB,True
72308793735,72308793735.csv,5455143,5.20 MiB,True
72309013754,72309013754.csv,6314521,6.02 MiB,True
72309593719,72309593719.csv,6951658,6.63 MiB,True
72309693727,72309693727.csv,6193853,5.91 MiB,True
72309793743,72309793743.csv,5286842,5.04 MiB,True
72309893798,72309893798.csv,11745901,11.20 MiB,True
72310013883,72310013883.csv,7517296,7.17 MiB,True
72310453867,72310453867.csv,6448681,6.15 MiB,True
72310503858,72310503858.csv,5379666,5.13 MiB,True
72310613744,72310613744.csv,6557333,6.25 MiB,True
72310700371,72310700371.csv,10717630,10.22 MiB,True
72310813776,72310813776.csv,6470992,6.17 MiB,True
72310993782,72310993782.csv,6614464,6.31 MiB,True
72311013873,72311013873.csv,7554148,7.20 MiB,True
72311403715,72311403715.csv,11380366,10.85 MiB,True
72311553854,72311553854.csv,6862945,6.55 MiB,True
72311603742,72311603742.csv,5172094,4.93 MiB,True
72311753871,72311753871.csv,6580997,6.28 MiB,True
72311853850,72311853850.csv,6619509,6.31 MiB,True
72311913886,72311913886.csv,6497193,6.20 MiB,True
72312003870,72312003870.csv,8005826,7.63 MiB,True
72312263889,72312263889.csv,6470893,6.17 MiB,True
72312314886,72312314886.csv,12178141,11.61 MiB,True
72312453874,72312453874.csv,6551578,6.25 MiB,True
72312699999,72312699999.csv,9464178,9.03 MiB,True
72313993729,72313993729.csv,6986897,6.66 MiB,True
72314013881,72314013881.csv,7907550,7.54 MiB,True
72314303720,72314303720.csv,5053204,4.82 MiB,True
72314453890,72314453890.csv,11777964,11.23 MiB,True
72314653892,72314653892.csv,12024649,11.47 MiB,True
72314753870,72314753870.csv,6546412,6.24 MiB,True
72314863859,72314863859.csv,11218073,10.70 MiB,True
72315003812,72315003812.csv,7891329,7.53 MiB,True
72315663812,72315663812.csv,11717264,11.17 MiB,True
72316013870,72316013870.csv,6828914,6.51 MiB,True
72316563821,72316563821.csv,11771847,11.23 MiB,True
72317013723,72317013723.csv,8249066,7.87 MiB,True
72317153144,72317153144.csv,5141302,4.90 MiB,True
72317493783,72317493783.csv,6480978,6.18 MiB,True
72317763807,72317763807.csv,11750416,11.21 MiB,True
72319093846,72319093846.csv,6447260,6.15 MiB,True
72319393807,72319393807.csv,6354283,6.06 MiB,True
72319453872,72319453872.csv,6297067,6.01 MiB,True
72320093801,72320093801.csv,7466984,7.12 MiB,True
72323003856,72323003856.csv,7684800,7.33 MiB,True
72323163883,72323163883.csv,5216583,4.97 MiB,True
72323513896,72323513896.csv,6665931,6.36 MiB,True
72324013882,72324013882.csv,7476667,7.13 MiB,True
72324900463,72324900463.csv,11107448,10.59 MiB,True
72325003847,72325003847.csv,7541562,7.19 MiB,True
72326013891,72326013891.csv,8036213,7.66 MiB,True
72326499999,72326499999.csv,9721788,9.27 MiB,True
72327013897,72327013897.csv,8001447,7.63 MiB,True
72327199999,72327199999.csv,5682850,5.42 MiB,True
72327313827,72327313827.csv,5293940,5.05 MiB,True
72327400372,72327400372.csv,10885102,10.38 MiB,True
72328003894,72328003894.csv,6892018,6.57 MiB,True
72328493839,72328493839.csv,3136419,2.99 MiB,True
72329003935,72329003935.csv,6710092,6.40 MiB,True
72330003975,72330003975.csv,6360597,6.07 MiB,True
72330613825,72330613825.csv,7690405,7.33 MiB,True
72330753893,72330753893.csv,5709044,5.44 MiB,True
72332093862,72332093862.csv,7374240,7.03 MiB,True
72334013893,72334013893.csv,8361593,7.97 MiB,True
72334603811,72334603811.csv,6769157,6.46 MiB,True
72334703809,72334703809.csv,5861708,5.59 MiB,True
72335013877,72335013877.csv,6503396,6.20 MiB,True
72340003952,72340003952.csv,216144,211.08 KiB,True
72340313963,72340313963.csv,6529739,6.23 MiB,True
72340503930,72340503930.csv,6621187,6.31 MiB,True
72340693991,72340693991.csv,5905496,5.63 MiB,True
72340703953,72340703953.csv,6240586,5.95 MiB,True
72340813814,72340813814.csv,262287,256.14 KiB,True
72340953869,72340953869.csv,6264865,5.97 MiB,True
72341503962,72341503962.csv,6852350,6.53 MiB,True
72341613925,72341613925.csv,5850258,5.58 MiB,True
72341793988,72341793988.csv,6318944,6.03 MiB,True
72341813977,72341813977.csv,6680704,6.37 MiB,True
72341993992,72341993992.csv,6694478,6.38 MiB,True
72342500373,72342500373.csv,11839375,11.29 MiB,True
72342953920,72342953920.csv,6515615,6.21 MiB,True
72343403973,72343403973.csv,2676350,2.55 MiB,True
72343553921,72343553921.csv,6217710,5.93 MiB,True
72343653922,72343653922.csv,6563472,6.26 MiB,True
72343953918,72343953918.csv,6372450,6.08 MiB,True
72344013964,72344013964.csv,7613866,7.26 MiB,True
72344154921,72344154921.csv,11590562,11.05 MiB,True
72344353955,72344353955.csv,5884120,5.61 MiB,True
72344403978,72344403978.csv,5733189,5.47 MiB,True
72344593993,72344593993.csv,6634088,6.33 MiB,True
72344703918,72344703918.csv,5720720,5.46 MiB,True
72344853934,72344853934.csv,5748829,5.48 MiB,True
72344953954,72344953954.csv,5457235,5.20 MiB,True
72345013971,72345013971.csv,6281119,5.99 MiB,True
72348453901,72348453901.csv,6471766,6.17 MiB,True
72349513987,72349513987.csv,6101059,5.82 MiB,True
72351013966,72351013966.csv,6963037,6.64 MiB,True
72351399999,72351399999.csv,900,900.00 B,True
72352013902,72352013902.csv,5499995,5.25 MiB,True
72352593986,72352593986.csv,5862260,5.59 MiB,True
72352603932,72352603932.csv,6199112,5.91 MiB,True
72352803981,72352803981.csv,6078917,5.80 MiB,True
72353013967,72353013967.csv,8151593,7.77 MiB,True
72353513909,72353513909.csv,5012792,4.78 MiB,True
72353653986,72353653986.csv,6723987,6.41 MiB,True
72353753913,72353753913.csv,5945006,5.67 MiB,True
72354013919,72354013919.csv,5155696,4.92 MiB,True
72354403954,72354403954.csv,6107589,5.82 MiB,True
72354503965,72354503965.csv,6022635,5.74 MiB,True
72355013945,72355013945.csv,5892577,5.62 MiB,True
72355593940,72355593940.csv,6967540,6.64 MiB,True
72355693953,72355693953.csv,6272821,5.98 MiB,True
72356013968,72356013968.csv,7307517,6.97 MiB,True
72356453908,72356453908.csv,6038901,5.76 MiB,True
72356503959,72356503959.csv,6168731,5.88 MiB,True
72356693950,72356693950.csv,6649297,6.34 MiB,True
72357003948,72357003948.csv,7506174,7.16 MiB,True
72357503950,72357503950.csv,6039000,5.76 MiB,True
72360023051,72360023051.csv,7137893,6.81 MiB,True
72362093040,72362093040.csv,11255680,10.73 MiB,True
72362593057,72362593057.csv,11745101,11.20 MiB,True
72362603737,72362603737.csv,11640927,11.10 MiB,True
72362723081,72362723081.csv,5735597,5.47 MiB,True
72362893942,72362893942.csv,11585638,11.05 MiB,True
72362953998,72362953998.csv,11635669,11.10 MiB,True
72363023047,72363023047.csv,7454423,7.11 MiB,True
72363503024,72363503024.csv,5834018,5.56 MiB,True
72364099999,72364099999.csv,9871287,9.41 MiB,True
72364703034,72364703034.csv,6228333,5.94 MiB,True
72365023050,72365023050.csv,7588796,7.24 MiB,True
72365493091,72365493091.csv,12006810,11.45 MiB,True
72365623049,72365623049.csv,5861252,5.59 MiB,True
72365823090,72365823090.csv,5647785,5.39 MiB,True
72366023007,72366023007.csv,5979351,5.70 MiB,True
72366303012,72366303012.csv,5535399,5.28 MiB,True
72367623048,72367623048.csv,5493419,5.24 MiB,True
72367723054,72367723054.csv,6167332,5.88 MiB,True
72370093167,72370093167.csv,6031201,5.75 MiB,True
72371003162,72371003162.csv,5991017,5.71 MiB,True
72372323184,72372323184.csv,5515519,5.26 MiB,True
72374023194,72374023194.csv,5962885,5.69 MiB,True
72374500374,72374500374.csv,11122170,10.61 MiB,True
72374703101,72374703101.csv,11420375,10.89 MiB,True
72375003103,72375003103.csv,7385109,7.04 MiB,True
72375493027,72375493027.csv,100121,97.77 KiB,True
72375600375,72375600375.csv,10726180,10.23 MiB,True
72375854928,72375854928.csv,11831108,11.28 MiB,True
72375953990,72375953990.csv,9210608,8.78 MiB,True
72376099999,72376099999.csv,1032370,1008.17 KiB,True
72376123901,72376123901.csv,11646227,11.11 MiB,True
72376293244,72376293244.csv,11207220,10.69 MiB,True
72378303195,72378303195.csv,6320092,6.03 MiB,True
72378853135,72378853135.csv,8058704,7.69 MiB,True
72380523179,72380523179.csv,4922004,4.69 MiB,True
72381023114,72381023114.csv,4742713,4.52 MiB,True
72381523161,72381523161.csv,5090830,4.85 MiB,True
72381603159,72381603159.csv,5048894,4.82 MiB,True
72382023182,72382023182.csv,5043338,4.81 MiB,True
72382523131,72382523131.csv,8812996,8.40 MiB,True
72383023187,72383023187.csv,7160941,6.83 MiB,True
72384023155,72384023155.csv,6214373,5.93 MiB,True
72386023169,72386023169.csv,6542956,6.24 MiB,True
72387003160,72387003160.csv,8362372,7.97 MiB,True
72389093193,72389093193.csv,6636374,6.33 MiB,True
72389403181,72389403181.csv,11864984,11.32 MiB,True
72389523149,72389523149.csv,4353953,4.15 MiB,True
72389693144,72389693144.csv,4524517,4.31 MiB,True
72389799999,72389799999.csv,1375052,1.31 MiB,True
72389853119,72389853119.csv,5642479,5.38 MiB,True
72391093111,72391093111.csv,6706461,6.40 MiB,True
72392523190,72392523190.csv,6149984,5.87 MiB,True
72392623136,72392623136.csv,6479303,6.18 MiB,True
72392793110,72392793110.csv,6393127,6.10 MiB,True
72393093214,72393093214.csv,7795228,7.43 MiB,True
72394023273,72394023273.csv,7812713,7.45 MiB,True
72396593209,72396593209.csv,6110584,5.83 MiB,True
72398093720,72398093720.csv,6934538,6.61 MiB,True
72399014711,72399014711.csv,6865758,6.55 MiB,True
72400603701,72400603701.csv,11682445,11.14 MiB,True
72400703719,72400703719.csv,11723099,11.18 MiB,True
72401013740,72401013740.csv,7202285,6.87 MiB,True
72401493714,72401493714.csv,11658584,11.12 MiB,True
72401599999,72401599999.csv,13982840,13.34 MiB,True
72401693736,72401693736.csv,6298653,6.01 MiB,True
72401703707,72401703707.csv,11238835,10.72 MiB,True
72401993773,72401993773.csv,6712734,6.40 MiB,True
72402093739,72402093739.csv,8067171,7.69 MiB,True
72402603716,72402603716.csv,9157712,8.73 MiB,True
72403093738,72403093738.csv,7426218,7.08 MiB,True
72403303706,72403303706.csv,11713859,11.17 MiB,True
72403513773,72403513773.csv,6101157,5.82 MiB,True
72403603710,72403603710.csv,5403045,5.15 MiB,True
72403793728,72403793728.csv,6478580,6.18 MiB,True
72404013721,72404013721.csv,6427326,6.13 MiB,True
72404303756,72404303756.csv,6846064,6.53 MiB,True
72405013743,72405013743.csv,8373966,7.99 MiB,True
72405303717,72405303717.csv,11640055,11.10 MiB,True
72405503714,72405503714.csv,11533428,11.00 MiB,True
72405663805,72405663805.csv,12107499,11.55 MiB,True
72405713701,72405713701.csv,2010583,1.92 MiB,True
72405853818,72405853818.csv,10661606,10.17 MiB,True
72406093721,72406093721.csv,7680564,7.32 MiB,True
72406599999,72406599999.csv,9397468,8.96 MiB,True
72406693706,72406693706.csv,6374556,6.08 MiB,True
72406793744,72406793744.csv,6457926,6.16 MiB,True
72407093730,72407093730.csv,7723304,7.37 MiB,True
72407493780,72407493780.csv,6691315,6.38 MiB,True
72407513735,72407513735.csv,6717297,6.41 MiB,True
72407754779,72407754779.csv,3865462,3.69 MiB,True
72408013739,72408013739.csv,8040520,7.67 MiB,True
72408454760,72408454760.csv,5531203,5.27 MiB,True
72408594732,72408594732.csv,6561533,6.26 MiB,True
72408813707,72408813707.csv,6415831,6.12 MiB,True
72409014780,72409014780.csv,2793693,2.66 MiB,True
72409313764,72409313764.csv,6696545,6.39 MiB,True
72409454743,72409454743.csv,6650988,6.34 MiB,True
72409514792,72409514792.csv,6696420,6.39 MiB,True
72409614706,72409614706.csv,6613913,6.31 MiB,True
72409754738,72409754738.csv,6812033,6.50 MiB,True
72410013733,72410013733.csv,7356425,7.02 MiB,True
72410593760,72410593760.csv,11353352,10.83 MiB,True
72410613728,72410613728.csv,6520333,6.22 MiB,True
72410753895,72410753895.csv,11664464,11.12 MiB,True
72411013741,72411013741.csv,7024093,6.70 MiB,True
72411353881,72411353881.csv,12181233,11.62 MiB,True
72411593757,72411593757.csv,11570903,11.03 MiB,True
72411613868,72411613868.csv,11510767,10.98 MiB,True
72411763802,72411763802.csv,11806761,11.26 MiB,True
72411893797,72411893797.csv,11736094,11.19 MiB,True
72412003872,72412003872.csv,8800088,8.39 MiB,True
72412503859,72412503859.csv,7921431,7.55 MiB,True
72412753801,72412753801.csv,8109899,7.73 MiB,True
72414013866,72414013866.csv,8325252,7.94 MiB,True
72417013729,72417013729.csv,8757799,8.35 MiB,True
72417503802,72417503802.csv,7211702,6.88 MiB,True
72417613736,72417613736.csv,7107086,6.78 MiB,True
72417713734,72417713734.csv,6534641,6.23 MiB,True
72418013781,72418013781.csv,6715851,6.40 MiB,True
72419003889,72419003889.csv,8557501,8.16 MiB,True
72420014891,72420014891.csv,7708942,7.35 MiB,True
72421093814,72421093814.csv,7964779,7.60 MiB,True
72422093820,72422093820.csv,7636871,7.28 MiB,True
72423093821,72423093821.csv,8365794,7.98 MiB,True
72423353841,72423353841.csv,6688040,6.38 MiB,True
72423513810,72423513810.csv,6444364,6.15 MiB,True
72423753803,72423753803.csv,5795597,5.53 MiB,True
72423853886,72423853886.csv,5227510,4.99 MiB,True
72424013807,72424013807.csv,8808835,8.40 MiB,True
72424303849,72424303849.csv,6828575,6.51 MiB,True
72425003860,72425003860.csv,8140494,7.76 MiB,True
72427053868,72427053868.csv,6441468,6.14 MiB,True
72427303804,72427303804.csv,7116853,6.79 MiB,True
72427514894,72427514894.csv,7396829,7.05 MiB,True
72427653859,72427653859.csv,6834806,6.52 MiB,True
72428014821,72428014821.csv,7688434,7.33 MiB,True
72428463825,72428463825.csv,8274844,7.89 MiB,True
72428513812,72428513812.csv,4035212,3.85 MiB,True
72428693824,72428693824.csv,7131183,6.80 MiB,True
72428704848,72428704848.csv,6915404,6.60 MiB,True
72428804804,72428804804.csv,6725825,6.41 MiB,True
72429093815,72429093815.csv,8622708,8.22 MiB,True
72429453844,72429453844.csv,7317060,6.98 MiB,True
72429563888,72429563888.csv,6449382,6.15 MiB,True
72429613841,72429613841.csv,7349257,7.01 MiB,True
72429793812,72429793812.csv,7468133,7.12 MiB,True
72429804850,72429804850.csv,7316155,6.98 MiB,True
72430314813,72430314813.csv,7240885,6.91 MiB,True
72432093817,72432093817.csv,7354847,7.01 MiB,True
72433003879,72433003879.csv,7860486,7.50 MiB,True
72433593894,72433593894.csv,6303554,6.01 MiB,True
72433693810,72433693810.csv,6817342,6.50 MiB,True
72433813802,72433813802.csv,5832112,5.56 MiB,True
72433903865,72433903865.csv,7976650,7.61 MiB,True
72434013994,72434013994.csv,7779778,7.42 MiB,True
72434503966,72434503966.csv,6485218,6.18 MiB,True
72434753904,72434753904.csv,6346658,6.05 MiB,True
72435003816,72435003816.csv,7594275,7.24 MiB,True
72435463815,72435463815.csv,12304174,11.73 MiB,True
72435653866,72435653866.csv,6596230,6.29 MiB,True
72436313803,72436313803.csv,3011991,2.87 MiB,True
72436553896,72436553896.csv,5335798,5.09 MiB,True
72437303868,72437303868.csv,6650753,6.34 MiB,True
72437503893,72437503893.csv,6799878,6.48 MiB,True
72438093819,72438093819.csv,8301606,7.92 MiB,True
72438453842,72438453842.csv,6777380,6.46 MiB,True
72438504828,72438504828.csv,8658948,8.26 MiB,True
72438614835,72438614835.csv,6839114,6.52 MiB,True
72438754807,72438754807.csv,5821456,5.55 MiB,True
72438814829,72438814829.csv,7157692,6.83 MiB,True
72439093822,72439093822.csv,6963786,6.64 MiB,True
72439503958,72439503958.csv,7106816,6.78 MiB,True
72439754831,72439754831.csv,5487022,5.23 MiB,True
72440013995,72440013995.csv,7495712,7.15 MiB,True
72442013997,72442013997.csv,6533705,6.23 MiB,True
72443093989,72443093989.csv,6426048,6.13 MiB,True
72445003945,72445003945.csv,7508963,7.16 MiB,True
72445303994,72445303994.csv,6241478,5.95 MiB,True
72445493996,72445493996.csv,5020282,4.79 MiB,True
72445514938,72445514938.csv,6540012,6.24 MiB,True
72445703938,72445703938.csv,6004462,5.73 MiB,True
72445803963,72445803963.csv,6469696,6.17 MiB,True
72445953931,72445953931.csv,5552246,5.30 MiB,True
72446003947,72446003947.csv,8066485,7.69 MiB,True
72446203073,72446203073.csv,11650320,11.11 MiB,True
72446313988,72446313988.csv,6198732,5.91 MiB,True
72446453916,72446453916.csv,4209541,4.01 MiB,True
72446603929,72446603929.csv,10882953,10.38 MiB,True
72446713930,72446713930.csv,5522003,5.27 MiB,True
72446803967,72446803967.csv,6386042,6.09 MiB,True
72447593909,72447593909.csv,6351761,6.06 MiB,True
72449013993,72449013993.csv,7030241,6.70 MiB,True
72450003928,72450003928.csv,7399210,7.06 MiB,True
72450213932,72450213932.csv,6053613,5.77 MiB,True
72450403974,72450403974.csv,6097812,5.82 MiB,True
72450503923,72450503923.csv,6148506,5.86 MiB,True
72450613986,72450613986.csv,6073579,5.79 MiB,True
72450713981,72450713981.csv,6207114,5.92 MiB,True
72450803997,72450803997.csv,6438081,6.14 MiB,True
72450953939,72450953939.csv,4603138,4.39 MiB,True
72451013985,72451013985.csv,7832982,7.47 MiB,True
72451523064,72451523064.csv,6212789,5.92 MiB,True
72451623020,72451623020.csv,5436780,5.18 MiB,True
72451713940,72451713940.csv,5600248,5.34 MiB,True
72451803968,72451803968.csv,5060794,4.83 MiB,True
72451993967,72451993967.csv,6020798,5.74 MiB,True
72452003957,72452003957.csv,4172212,3.98 MiB,True
72453013969,72453013969.csv,5972782,5.70 MiB,True
72455013947,72455013947.csv,6167075,5.88 MiB,True
72455503936,72455503936.csv,6291947,6.00 MiB,True
72455613989,72455613989.csv,6304369,6.01 MiB,True
72456013996,72456013996.csv,7166371,6.83 MiB,True
72456513920,72456513920.csv,6107387,5.82 MiB,True
72458013984,72458013984.csv,6858294,6.54 MiB,True
72458593997,72458593997.csv,6093707,5.81 MiB,True
72458603919,72458603919.csv,5827222,5.56 MiB,True
72460493076,72460493076.csv,10463437,9.98 MiB,True
72462023061,72462023061.csv,6740377,6.43 MiB,True
72462593005,72462593005.csv,6432656,6.13 MiB,True
72462703011,72462703011.csv,11788565,11.24 MiB,True
72463523067,72463523067.csv,5930854,5.66 MiB,True
72463603013,72463603013.csv,6003390,5.73 MiB,True
72464093058,72464093058.csv,6668766,6.36 MiB,True
72464523070,72464523070.csv,6072607,5.79 MiB,True
72464603028,72464603028.csv,3793481,3.62 MiB,True
72465023065,72465023065.csv,7251155,6.92 MiB,True
72465593990,72465593990.csv,6197760,5.91 MiB,True
72466093037,72466093037.csv,7077735,6.75 MiB,True
72466593010,72466593010.csv,6227377,5.94 MiB,True
72466693067,72466693067.csv,6612950,6.31 MiB,True
72467393009,72467393009.csv,6916432,6.60 MiB,True
72467494050,72467494050.csv,6581502,6.28 MiB,True
72467523063,72467523063.csv,4921226,4.69 MiB,True
72467693073,72467693073.csv,6907349,6.59 MiB,True
72467793007,72467793007.csv,5132209,4.89 MiB,True
72467894033,72467894033.csv,11479606,10.95 MiB,True
72468094015,72468094015.csv,5629664,5.37 MiB,True
72468903026,72468903026.csv,6479499,6.18 MiB,True
72469523036,72469523036.csv,5419166,5.17 MiB,True
72469824015,72469824015.csv,6834073,6.52 MiB,True
72469903065,72469903065.csv,6880207,6.56 MiB,True
72470093141,72470093141.csv,5724473,5.46 MiB,True
72472099999,72472099999.csv,85567,83.56 KiB,True
72473323170,72473323170.csv,10539956,10.05 MiB,True
72473700377,72473700377.csv,11532051,11.00 MiB,True
72475023176,72475023176.csv,4676889,4.46 MiB,True
72475423186,72475423186.csv,4830556,4.61 MiB,True
72475593129,72475593129.csv,5886693,5.61 MiB,True
72475623159,72475623159.csv,6546153,6.24 MiB,True
72476023066,72476023066.csv,6583749,6.28 MiB,True
72476593013,72476593013.csv,5835327,5.57 MiB,True
72476793069,72476793069.csv,6136742,5.85 MiB,True
72476824051,72476824051.csv,5499361,5.24 MiB,True
72476994035,72476994035.csv,5826564,5.56 MiB,True
72477003170,72477003170.csv,4130662,3.94 MiB,True
72477693075,72477693075.csv,5319308,5.07 MiB,True
72479694128,72479694128.csv,7448664,7.10 MiB,True
72479723176,72479723176.csv,5248583,5.01 MiB,True
72480023157,72480023157.csv,5936570,5.66 MiB,True
72481023203,72481023203.csv,3881131,3.70 MiB,True
72481523257,72481523257.csv,5407598,5.16 MiB,True
72482893241,72482893241.csv,5784420,5.52 MiB,True
72483023232,72483023232.csv,5647948,5.39 MiB,True
72483323206,72483323206.csv,11069777,10.56 MiB,True
72483623208,72483623208.csv,11086128,10.57 MiB,True
72483793216,72483793216.csv,5377666,5.13 MiB,True
72483893205,72483893205.csv,5640694,5.38 MiB,True
72483993225,72483993225.csv,5636856,5.38 MiB,True
72484653123,72484653123.csv,5007594,4.78 MiB,True
72485523153,72485523153.csv,5314105,5.07 MiB,True
72485699999,72485699999.csv,8174493,7.80 MiB,True
72486023154,72486023154.csv,6752113,6.44 MiB,True
72488023185,72488023185.csv,6735254,6.42 MiB,True
72488593102,72488593102.csv,5642311,5.38 MiB,True
72491523259,72491523259.csv,6858976,6.54 MiB,True
72491699999,72491699999.csv,8656615,8.26 MiB,True
72492023237,72492023237.csv,6150422,5.87 MiB,True
72492623258,72492623258.csv,5624031,5.36 MiB,True
72492723285,72492723285.csv,5878023,5.61 MiB,True
72493023230,72493023230.csv,6157499,5.87 MiB,True
72493723289,72493723289.csv,2368245,2.26 MiB,True
72493893231,72493893231.csv,6420642,6.12 MiB,True
72494023234,72494023234.csv,7211504,6.88 MiB,True
72494523293,72494523293.csv,5705958,5.44 MiB,True
72494693232,72494693232.csv,2566005,2.45 MiB,True
72495023254,72495023254.csv,5627525,5.37 MiB,True
72495593227,72495593227.csv,6295002,6.00 MiB,True
72495723213,72495723213.csv,7199880,6.87 MiB,True
72497393203,72497393203.csv,6248786,5.96 MiB,True
72497593809,72497593809.csv,7716648,7.36 MiB,True
72498894704,72498894704.csv,6701732,6.39 MiB,True
72501454780,72501454780.csv,4040226,3.85 MiB,True
72501504789,72501504789.csv,6984440,6.66 MiB,True
72501654790,72501654790.csv,6718241,6.41 MiB,True
72502014734,72502014734.csv,7617650,7.26 MiB,True
72502300474,72502300474.csv,2296502,2.19 MiB,True
72502594741,72502594741.csv,6023163,5.74 MiB,True
72502754788,72502754788.csv,7088958,6.76 MiB,True
72502964707,72502964707.csv,6330892,6.04 MiB,True
72503014732,72503014732.csv,8079148,7.70 MiB,True
72503614757,72503614757.csv,6768085,6.45 MiB,True
72503794745,72503794745.csv,6365254,6.07 MiB,True
72503814714,72503814714.csv,4109863,3.92 MiB,True
72504094702,72504094702.csv,7559476,7.21 MiB,True
72504514758,72504514758.csv,6604337,6.30 MiB,True
72504614707,72504614707.csv,6930764,6.61 MiB,True
72505004781,72505004781.csv,6764470,6.45 MiB,True
72505394728,72505394728.csv,6686572,6.38 MiB,True
72505464710,72505464710.csv,6815607,6.50 MiB,True
72505894793,72505894793.csv,5932543,5.66 MiB,True
72505914702,72505914702.csv,6625494,6.32 MiB,True
72506014756,72506014756.csv,8014047,7.64 MiB,True
72506114704,72506114704.csv,3887495,3.71 MiB,True
72506454769,72506454769.csv,7106191,6.78 MiB,True
72506594726,72506594726.csv,7424654,7.08 MiB,True
72506694724,72506694724.csv,8030184,7.66 MiB,True
72506794720,72506794720.csv,7348246,7.01 MiB,True
72506854777,72506854777.csv,6738376,6.43 MiB,True
72506994624,72506994624.csv,7672335,7.32 MiB,True
72507014765,72507014765.csv,8379221,7.99 MiB,True
72507364708,72507364708.csv,5773725,5.51 MiB,True
72507454752,72507454752.csv,2032869,1.94 MiB,True
72507554768,72507554768.csv,7384923,7.04 MiB,True
72507914787,72507914787.csv,7140395,6.81 MiB,True
72508014740,72508014740.csv,8295033,7.91 MiB,True
72508454767,72508454767.csv,7422024,7.08 MiB,True
72508554756,72508554756.csv,8213195,7.83 MiB,True
72508654734,72508654734.csv,6717344,6.41 MiB,True
72508714752,72508714752.csv,6736097,6.42 MiB,True
72508854733,72508854733.csv,7251858,6.92 MiB,True
72509014739,72509014739.csv,8784897,8.38 MiB,True
72509854704,72509854704.csv,7578587,7.23 MiB,True
72510094746,72510094746.csv,7835508,7.47 MiB,True
72510314712,72510314712.csv,6745157,6.43 MiB,True
72510404843,72510404843.csv,7987454,7.62 MiB,True
72510514770,72510514770.csv,7185916,6.85 MiB,True
72510704780,72510704780.csv,7163695,6.83 MiB,True
72510954782,72510954782.csv,6643552,6.34 MiB,True
72511354786,72511354786.csv,6259238,5.97 MiB,True
72511493778,72511493778.csv,6333128,6.04 MiB,True
72511654737,72511654737.csv,6246270,5.96 MiB,True
72511704827,72511704827.csv,6242465,5.95 MiB,True
72511814751,72511814751.csv,6331158,6.04 MiB,True
72511954792,72511954792.csv,7833590,7.47 MiB,True
72512464705,72512464705.csv,6807266,6.49 MiB,True
72512504787,72512504787.csv,8174637,7.80 MiB,True
72512614736,72512614736.csv,7256474,6.92 MiB,True
72512704726,72512704726.csv,8526380,8.13 MiB,True
72512854739,72512854739.csv,6938063,6.62 MiB,True
72513014777,72513014777.csv,8986356,8.57 MiB,True
72514014778,72514014778.csv,7943862,7.58 MiB,True
72514454723,72514454723.csv,5238290,5.00 MiB,True
72514554746,72514554746.csv,2905996,2.77 MiB,True
72514654773,72514654773.csv,7539287,7.19 MiB,True
72515004725,72515004725.csv,8944090,8.53 MiB,True
72515594761,72515594761.csv,5604931,5.35 MiB,True
72515614748,72515614748.csv,7889677,7.52 MiB,True
72515754757,72515754757.csv,8757174,8.35 MiB,True
72516594737,72516594737.csv,6395131,6.10 MiB,True
72517014737,72517014737.csv,7804087,7.44 MiB,True
72517213762,72517213762.csv,6556406,6.25 MiB,True
72517564706,72517564706.csv,10245401,9.77 MiB,True
72518014735,72518014735.csv,9000864,8.58 MiB,True
72518699999,72518699999.csv,9908315,9.45 MiB,True
72519014771,72519014771.csv,9253209,8.82 MiB,True
72519454778,72519454778.csv,7507657,7.16 MiB,True
72519664775,72519664775.csv,7581417,7.23 MiB,True
72520094823,72520094823.csv,8194436,7.81 MiB,True
72520399999,72520399999.csv,9347127,8.91 MiB,True
72520404813,72520404813.csv,12610459,12.03 MiB,True
72520514762,72520514762.csv,7389262,7.05 MiB,True
72520754735,72520754735.csv,6849087,6.53 MiB,True
72520804855,72520804855.csv,7479414,7.13 MiB,True
72521014895,72521014895.csv,7647602,7.29 MiB,True
72521404849,72521404849.csv,7120116,6.79 MiB,True
72521604842,72521604842.csv,7536138,7.19 MiB,True
72521753855,72521753855.csv,6516111,6.21 MiB,True
72522014750,72522014750.csv,8018280,7.65 MiB,True
72522404852,72522404852.csv,7265992,6.93 MiB,True
72522904858,72522904858.csv,6992710,6.67 MiB,True
72523504720,72523504720.csv,7578875,7.23 MiB,True
72524014820,72524014820.csv,8864906,8.45 MiB,True
72524404809,72524404809.csv,2499201,2.38 MiB,True
72524499999,72524499999.csv,7740228,7.38 MiB,True
72524504853,72524504853.csv,6747269,6.43 MiB,True
72524704805,72524704805.csv,6809449,6.49 MiB,True
72525014852,72525014852.csv,7684324,7.33 MiB,True
72525300380,72525300380.csv,10171687,9.70 MiB,True
72525404851,72525404851.csv,7028363,6.70 MiB,True
72525604857,72525604857.csv,7462695,7.12 MiB,True
72525800382,72525800382.csv,12003713,11.45 MiB,True
72526014860,72526014860.csv,8560883,8.16 MiB,True
72526604751,72526604751.csv,8838403,8.43 MiB,True
72526794868,72526794868.csv,6804132,6.49 MiB,True
72528014733,72528014733.csv,9366236,8.93 MiB,True
72528300465,72528300465.csv,9394389,8.96 MiB,True
72528704724,72528704724.csv,7657274,7.30 MiB,True
72529014768,72529014768.csv,8782585,8.38 MiB,True
72529214976,72529214976.csv,11028914,10.52 MiB,True
72529400383,72529400383.csv,11863270,11.31 MiB,True
72530094846,72530094846.csv,8300022,7.92 MiB,True
72530594892,72530594892.csv,6964199,6.64 MiB,True
72531403960,72531403960.csv,6403976,6.11 MiB,True
72531594870,72531594870.csv,6857434,6.54 MiB,True
72531603887,72531603887.csv,6139133,5.85 MiB,True
72531753802,72531753802.csv,6585245,6.28 MiB,True
72532014842,72532014842.csv,8000569,7.63 MiB,True
72532604894,72532604894.csv,5999852,5.72 MiB,True
72532704846,72532704846.csv,7277737,6.94 MiB,True
72533014827,72533014827.csv,8910605,8.50 MiB,True
72533594833,72533594833.csv,7273845,6.94 MiB,True
72533694895,72533694895.csv,6962183,6.64 MiB,True
72533704807,72533704807.csv,5992253,5.71 MiB,True
72534014819,72534014819.csv,7369375,7.03 MiB,True
72534213809,72534213809.csv,6424795,6.13 MiB,True
72534514834,72534514834.csv,10425813,9.94 MiB,True
72534714880,72534714880.csv,6646622,6.34 MiB,True
72534804831,72534804831.csv,8107556,7.73 MiB,True
72535014848,72535014848.csv,7868632,7.50 MiB,True
72535404806,72535404806.csv,11657325,11.12 MiB,True
72536094830,72536094830.csv,7866874,7.50 MiB,True
72536614825,72536614825.csv,6994103,6.67 MiB,True
72537094847,72537094847.csv,9140274,8.72 MiB,True
72537354819,72537354819.csv,12142688,11.58 MiB,True
72537494889,72537494889.csv,7945333,7.58 MiB,True
72537514822,72537514822.csv,6985791,6.66 MiB,True
72537614853,72537614853.csv,7073641,6.75 MiB,True
72537714804,72537714804.csv,6907130,6.59 MiB,True
72537804887,72537804887.csv,12128691,11.57 MiB,True
72538354827,72538354827.csv,12190839,11.63 MiB,True
72538404888,72538404888.csv,11886031,11.34 MiB,True
72538694898,72538694898.csv,4050606,3.86 MiB,True
72538794899,72538794899.csv,4057276,3.87 MiB,True
72539014836,72539014836.csv,8380436,7.99 MiB,True
72539404839,72539404839.csv,7179044,6.85 MiB,True
72539514833,72539514833.csv,7427108,7.08 MiB,True
72539614815,72539614815.csv,7199022,6.87 MiB,True
72540404847,72540404847.csv,6986278,6.66 MiB,True
72540554816,72540554816.csv,12146703,11.58 MiB,True
72540654817,72540654817.csv,12209526,11.64 MiB,True
72540704854,72540704854.csv,8091400,7.72 MiB,True
72540804881,72540804881.csv,12109348,11.55 MiB,True
72540904882,72540904882.csv,12176898,11.61 MiB,True
72541404886,72541404886.csv,12157065,11.59 MiB,True
72541554821,72541554821.csv,12115742,11.55 MiB,True
72541614864,72541614864.csv,12036169,11.48 MiB,True
72541754822,72541754822.csv,11939955,11.39 MiB,True
72541854823,72541854823.csv,11610361,11.07 MiB,True
72542014931,72542014931.csv,6438268,6.14 MiB,True
72542404885,72542404885.csv,12230327,11.66 MiB,True
72543094822,72543094822.csv,7808971,7.45 MiB,True
72543454789,72543454789.csv,8218444,7.84 MiB,True
72544014923,72544014923.csv,7601793,7.25 MiB,True
72545014990,72545014990.csv,6642378,6.33 MiB,True
72545314930,72545314930.csv,11588709,11.05 MiB,True
72545404903,72545404903.csv,11505202,10.97 MiB,True
72545604921,72545604921.csv,11754091,11.21 MiB,True
72545704904,72545704904.csv,11398733,10.87 MiB,True
72545804907,72545804907.csv,11687569,11.15 MiB,True
72546014933,72546014933.csv,7649609,7.30 MiB,True
72546194988,72546194988.csv,6677602,6.37 MiB,True
72546214937,72546214937.csv,6352562,6.06 MiB,True
72546314966,72546314966.csv,12383321,11.81 MiB,True
72546404977,72546404977.csv,11242661,10.72 MiB,True
72546514950,72546514950.csv,6470871,6.17 MiB,True
72546604938,72546604938.csv,11400540,10.87 MiB,True
72546704973,72546704973.csv,11504417,10.97 MiB,True
72546804910,72546804910.csv,11764518,11.22 MiB,True
72546904913,72546904913.csv,11281014,10.76 MiB,True
72547094908,72547094908.csv,7648713,7.29 MiB,True
72547294989,72547294989.csv,6457961,6.16 MiB,True
72547394979,72547394979.csv,5050339,4.82 MiB,True
72547404915,72547404915.csv,11502499,10.97 MiB,True
72547504953,72547504953.csv,1537929,1.47 MiB,True
72547604916,72547604916.csv,12410927,11.84 MiB,True
72547704917,72547704917.csv,10338155,9.86 MiB,True
72547804920,72547804920.csv,11642239,11.10 MiB,True
72547904937,72547904937.csv,11080983,10.57 MiB,True
72548094910,72548094910.csv,7286519,6.95 MiB,True
72548304930,72548304930.csv,9460309,9.02 MiB,True
72548404942,72548404942.csv,11485871,10.95 MiB,True
72548514940,72548514940.csv,6950493,6.63 MiB,True
72548604906,72548604906.csv,11275558,10.75 MiB,True
72548704950,72548704950.csv,11040085,10.53 MiB,True
72548804955,72548804955.csv,12127572,11.57 MiB,True
72549094933,72549094933.csv,5989858,5.71 MiB,True
72549304962,72549304962.csv,10812779,10.31 MiB,True
72549404966,72549404966.csv,11558747,11.02 MiB,True
72549504975,72549504975.csv,11619774,11.08 MiB,True
72549604976,72549604976.csv,11380178,10.85 MiB,True
72549704908,72549704908.csv,11462965,10.93 MiB,True
72549894998,72549894998.csv,12805612,12.21 MiB,True
72549994991,72549994991.csv,6412670,6.12 MiB,True
72550014942,72550014942.csv,7347902,7.01 MiB,True
72551014939,72551014939.csv,7073851,6.75 MiB,True
72551214989,72551214989.csv,11310889,10.79 MiB,True
72551304901,72551304901.csv,12083482,11.52 MiB,True
72551403757,72551403757.csv,6515140,6.21 MiB,True
72551594947,72551594947.csv,11764967,11.22 MiB,True
72552014935,72552014935.csv,7316270,6.98 MiB,True
72552494958,72552494958.csv,6398955,6.10 MiB,True
72552594949,72552594949.csv,6235654,5.95 MiB,True
72552614905,72552614905.csv,5571965,5.31 MiB,True
72552794978,72552794978.csv,6370260,6.08 MiB,True
72553394957,72553394957.csv,6422824,6.13 MiB,True
72554014949,72554014949.csv,5328459,5.08 MiB,True
72554104993,72554104993.csv,11905908,11.35 MiB,True
72555594946,72555594946.csv,6601729,6.30 MiB,True
72555694975,72555694975.csv,11868413,11.32 MiB,True
72556014941,72556014941.csv,7408913,7.07 MiB,True
72556404924,72556404924.csv,11630028,11.09 MiB,True
72556594951,72556594951.csv,5573596,5.32 MiB,True
72556604957,72556604957.csv,11732742,11.19 MiB,True
72557014943,72557014943.csv,7383302,7.04 MiB,True
72561024030,72561024030.csv,6576406,6.27 MiB,True
72562024023,72562024023.csv,7934522,7.57 MiB,True
72562194063,72562194063.csv,11752437,11.21 MiB,True
72562414994,72562414994.csv,12055342,11.50 MiB,True
72562594040,72562594040.csv,6148277,5.86 MiB,True
72562624091,72562624091.csv,6333183,6.04 MiB,True
72562804935,72562804935.csv,12207019,11.64 MiB,True
72563524044,72563524044.csv,6808368,6.49 MiB,True
72563624017,72563624017.csv,6318628,6.03 MiB,True
72563799999,72563799999.csv,9821992,9.37 MiB,True
72564024018,72564024018.csv,7548018,7.20 MiB,True
72564524022,72564524022.csv,6327139,6.03 MiB,True
72565003017,72565003017.csv,8604201,8.21 MiB,True
72566024028,72566024028.csv,7248218,6.91 MiB,True
72566594073,72566594073.csv,12281698,11.71 MiB,True
72567024032,72567024032.csv,7761450,7.40 MiB,True
72568694057,72568694057.csv,6433991,6.14 MiB,True
72569024089,72569024089.csv,7372314,7.03 MiB,True
72570024046,72570024046.csv,8361849,7.97 MiB,True
72570594030,72570594030.csv,6048708,5.77 MiB,True
72571094025,72571094025.csv,6356759,6.06 MiB,True
72571703016,72571703016.csv,5982747,5.71 MiB,True
72572024127,72572024127.csv,8403571,8.01 MiB,True
72572424174,72572424174.csv,5051085,4.82 MiB,True
72574424027,72574424027.csv,6459178,6.16 MiB,True
72575024126,72575024126.csv,6185236,5.90 MiB,True
72575524101,72575524101.csv,5854291,5.58 MiB,True
72576024021,72576024021.csv,6090282,5.81 MiB,True
72576394053,72576394053.csv,6270195,5.98 MiB,True
72577504111,72577504111.csv,7684664,7.33 MiB,True
72577624166,72577624166.csv,6080473,5.80 MiB,True
72578024156,72578024156.csv,7473251,7.13 MiB,True
72578404109,72578404109.csv,3823345,3.65 MiB,True
72578524145,72578524145.csv,6585296,6.28 MiB,True
72578624151,72578624151.csv,62501,61.04 KiB,True
72580524172,72580524172.csv,5630000,5.37 MiB,True
72581024193,72581024193.csv,4658976,4.44 MiB,True
72582524121,72582524121.csv,6138697,5.85 MiB,True
72583024128,72583024128.csv,6240767,5.95 MiB,True
72583524119,72583524119.csv,10921361,10.42 MiB,True
72583799999,72583799999.csv,9353250,8.92 MiB,True
72584523225,72584523225.csv,7935433,7.57 MiB,True
72584693201,72584693201.csv,7244125,6.91 MiB,True
72584793230,72584793230.csv,6873737,6.56 MiB,True
72585093228,72585093228.csv,5398157,5.15 MiB,True
72586494182,72586494182.csv,7752711,7.39 MiB,True
72586594161,72586594161.csv,7944090,7.58 MiB,True
72586694178,72586694178.csv,6192205,5.91 MiB,True
72586724133,72586724133.csv,6506778,6.21 MiB,True
72587599999,72587599999.csv,3630698,3.46 MiB,True
72589594236,72589594236.csv,6266475,5.98 MiB,True
72590523275,72590523275.csv,6304213,6.01 MiB,True
72591024216,72591024216.csv,6349735,6.06 MiB,True
72592024257,72592024257.csv,6838554,6.52 MiB,True
72593023233,72593023233.csv,6413634,6.12 MiB,True
72594024213,72594024213.csv,1419808,1.35 MiB,True
72594524283,72594524283.csv,8241828,7.86 MiB,True
72594624286,72594624286.csv,8539999,8.14 MiB,True
72595524259,72595524259.csv,5607900,5.35 MiB,True
72595724215,72595724215.csv,6517114,6.22 MiB,True
72595894299,72595894299.csv,6092701,5.81 MiB,True
72597024225,72597024225.csv,7491804,7.14 MiB,True
72597524235,72597524235.csv,8932452,8.52 MiB,True
72597694285,72597694285.csv,5700622,5.44 MiB,True
72598524267,72598524267.csv,5647943,5.39 MiB,True
72605014745,72605014745.csv,9081925,8.66 MiB,True
72605504743,72605504743.csv,5736630,5.47 MiB,True
72605654791,72605654791.csv,7346977,7.01 MiB,True
72606014764,72606014764.csv,8400249,8.01 MiB,True
72606464709,72606464709.csv,6658762,6.35 MiB,True
72607014606,72607014606.csv,7480844,7.13 MiB,True
72607314615,72607314615.csv,7009677,6.68 MiB,True
72607714616,72607714616.csv,5751688,5.49 MiB,True
72607994601,72607994601.csv,5515540,5.26 MiB,True
72608304836,72608304836.csv,8994871,8.58 MiB,True
72611454771,72611454771.csv,8720079,8.32 MiB,True
72611554740,72611554740.csv,8459996,8.07 MiB,True
72611694765,72611694765.csv,8378113,7.99 MiB,True
72613014755,72613014755.csv,3925082,3.74 MiB,True
72614054742,72614054742.csv,3772250,3.60 MiB,True
72614594705,72614594705.csv,9739962,9.29 MiB,True
72615554736,72615554736.csv,5696192,5.43 MiB,True
72616094700,72616094700.csv,8657905,8.26 MiB,True
72616354770,72616354770.csv,8232626,7.85 MiB,True
72616454728,72616454728.csv,8403527,8.01 MiB,True
72616594721,72616594721.csv,6868973,6.55 MiB,True
72616654781,72616654781.csv,7686689,7.33 MiB,True
72617014742,72617014742.csv,9468622,9.03 MiB,True
72618354772,72618354772.csv,8482263,8.09 MiB,True
72618494709,72618494709.csv,6053055,5.77 MiB,True
72618514605,72618514605.csv,7554211,7.20 MiB,True
72619094626,72619094626.csv,4163097,3.97 MiB,True
72619614610,72619614610.csv,8121613,7.75 MiB,True
72622394725,72622394725.csv,7901567,7.54 MiB,True
72622564776,72622564776.csv,6767317,6.45 MiB,True
72622794790,72622794790.csv,7394317,7.05 MiB,True
72622894740,72622894740.csv,9643364,9.20 MiB,True
72628494836,72628494836.csv,6901493,6.58 MiB,True
72635094860,72635094860.csv,8965708,8.55 MiB,True
72635594871,72635594871.csv,7730222,7.37 MiB,True
72635794815,72635794815.csv,7278396,6.94 MiB,True
72635800384,72635800384.csv,10357947,9.88 MiB,True
72636014840,72636014840.csv,8497325,8.10 MiB,True
72636404883,72636404883.csv,12090021,11.53 MiB,True
72637014826,72637014826.csv,8408034,8.02 MiB,True
72637594817,72637594817.csv,7550062,7.20 MiB,True
72637914845,72637914845.csv,7356391,7.02 MiB,True
72638094814,72638094814.csv,8719186,8.32 MiB,True
72638414817,72638414817.csv,12016102,11.46 MiB,True
72638594894,72638594894.csv,6331300,6.04 MiB,True
72638714850,72638714850.csv,6980410,6.66 MiB,True
72639094849,72639094849.csv,8804779,8.40 MiB,True
72639100385,72639100385.csv,12062003,11.50 MiB,True
72639200424,72639200424.csv,11368216,10.84 MiB,True
72639404874,72639404874.csv,11906431,11.35 MiB,True
72639514808,72639514808.csv,11764941,11.22 MiB,True
72639600422,72639600422.csv,11539686,11.01 MiB,True
72640014839,72640014839.csv,7772496,7.41 MiB,True
72640404865,72640404865.csv,12575006,11.99 MiB,True
72640594869,72640594869.csv,6769453,6.46 MiB,True
72640904897,72640904897.csv,6938155,6.62 MiB,True
72641014837,72641014837.csv,8047311,7.67 MiB,True
72641304875,72641304875.csv,11143003,10.63 MiB,True
72641404873,72641404873.csv,11776726,11.23 MiB,True
72641594854,72641594854.csv,6550874,6.25 MiB,True
72641614921,72641614921.csv,6659331,6.35 MiB,True
72641754911,72641754911.csv,12346730,11.77 MiB,True
72641854912,72641854912.csv,11890770,11.34 MiB,True
72641994929,72641994929.csv,7770833,7.41 MiB,True
72642494818,72642494818.csv,6857336,6.54 MiB,True
72642504841,72642504841.csv,6958753,6.64 MiB,True
72642604895,72642604895.csv,11726102,11.18 MiB,True
72642754908,72642754908.csv,12066469,11.51 MiB,True
72643014920,72643014920.csv,6505923,6.20 MiB,True
72643514991,72643514991.csv,7263789,6.93 MiB,True
72643694930,72643694930.csv,7143821,6.81 MiB,True
72643794940,72643794940.csv,7250541,6.91 MiB,True
72643894994,72643894994.csv,6969332,6.65 MiB,True
72644014925,72644014925.csv,7930724,7.56 MiB,True
72644404963,72644404963.csv,12418588,11.84 MiB,True
72644904891,72644904891.csv,10315378,9.84 MiB,True
72645014898,72645014898.csv,8495897,8.10 MiB,True
72645204826,72645204826.csv,7146324,6.82 MiB,True
72645594897,72645594897.csv,6036295,5.76 MiB,True
72645694855,72645694855.csv,6929644,6.61 MiB,True
72645704825,72645704825.csv,6918015,6.60 MiB,True
72645804824,72645804824.csv,5743751,5.48 MiB,True
72646314897,72646314897.csv,6849885,6.53 MiB,True
72646454834,72646454834.csv,7447264,7.10 MiB,True
72646594890,72646594890.csv,6535125,6.23 MiB,True
72646654917,72646654917.csv,10711809,10.22 MiB,True
72646754909,72646754909.csv,12342731,11.77 MiB,True
72646854913,72646854913.csv,12092828,11.53 MiB,True
72648094853,72648094853.csv,6564174,6.26 MiB,True
72648794896,72648794896.csv,5632302,5.37 MiB,True
72649804925,72649804925.csv,11239947,10.72 MiB,True
72649994971,72649994971.csv,6959972,6.64 MiB,True
72650014972,72650014972.csv,6604670,6.30 MiB,True
72650254832,72650254832.csv,12137359,11.58 MiB,True
72650354833,72650354833.csv,12039494,11.48 MiB,True
72650454838,72650454838.csv,9979469,9.52 MiB,True
72650504845,72650504845.csv,6739313,6.43 MiB,True
72650604840,72650604840.csv,6749213,6.44 MiB,True
72650754907,72650754907.csv,9302754,8.87 MiB,True
72650894973,72650894973.csv,7681514,7.33 MiB,True
72650904898,72650904898.csv,11616334,11.08 MiB,True
72651014944,72651014944.csv,7842498,7.48 MiB,True
72651494032,72651494032.csv,6641078,6.33 MiB,True
72651594902,72651594902.csv,5886647,5.61 MiB,True
72651624024,72651624024.csv,5835951,5.57 MiB,True
72651794039,72651794039.csv,6334386,6.04 MiB,True
72651894990,72651894990.csv,6505065,6.20 MiB,True
72651994993,72651994993.csv,4233353,4.04 MiB,True
72652594911,72652594911.csv,5880972,5.61 MiB,True
72653094943,72653094943.csv,12185071,11.62 MiB,True
72653994056,72653994056.csv,3889216,3.71 MiB,True
72654014936,72654014936.csv,7929785,7.56 MiB,True
72654404958,72654404958.csv,11540733,11.01 MiB,True
72654594950,72654594950.csv,6309977,6.02 MiB,True
72654614946,72654614946.csv,7302085,6.96 MiB,True
72654704931,72654704931.csv,11539850,11.01 MiB,True
72654804971,72654804971.csv,12181019,11.62 MiB,True
72654954905,72654954905.csv,11921448,11.37 MiB,True
72655014926,72655014926.csv,6966845,6.64 MiB,True
72655304951,72655304951.csv,11356931,10.83 MiB,True
72655454906,72655454906.csv,11185509,10.67 MiB,True
72655594938,72655594938.csv,7490978,7.14 MiB,True
72655614992,72655614992.csv,6879086,6.56 MiB,True
72655714910,72655714910.csv,7292858,6.96 MiB,True
72655804914,72655804914.csv,11782757,11.24 MiB,True
72655994976,72655994976.csv,6065952,5.78 MiB,True
72656024025,72656024025.csv,6546422,6.24 MiB,True
72656194997,72656194997.csv,11690500,11.15 MiB,True
72656204943,72656204943.csv,11478258,10.95 MiB,True
72656394969,72656394969.csv,11798025,11.25 MiB,True
72656404967,72656404967.csv,11698921,11.16 MiB,True
72656504948,72656504948.csv,11039614,10.53 MiB,True
72656704980,72656704980.csv,10832130,10.33 MiB,True
72656804961,72656804961.csv,11561011,11.03 MiB,True
72656904933,72656904933.csv,12344038,11.77 MiB,True
72657294966,72657294966.csv,11354856,10.83 MiB,True
72657494985,72657494985.csv,7403561,7.06 MiB,True
72657594960,72657594960.csv,6771228,6.46 MiB,True
72657794974,72657794974.csv,7377410,7.04 MiB,True
72657804944,72657804944.csv,11408814,10.88 MiB,True
72657994963,72657994963.csv,6852037,6.53 MiB,True
72658014922,72658014922.csv,8216844,7.84 MiB,True
72658304941,72658304941.csv,11549225,11.01 MiB,True
72658414927,72658414927.csv,6535677,6.23 MiB,True
72658514954,72658514954.csv,6058906,5.78 MiB,True
72658694948,72658694948.csv,4851328,4.63 MiB,True
72658794927,72658794927.csv,5854859,5.58 MiB,True
72658804956,72658804956.csv,12402007,11.83 MiB,True
72658994968,72658994968.csv,11581274,11.04 MiB,True
72659014929,72659014929.csv,7864288,7.50 MiB,True
72659304946,72659304946.csv,10757999,10.26 MiB,True
72659604978,72659604978.csv,11843944,11.30 MiB,True
72660304974,72660304974.csv,12544973,11.96 MiB,True
72660500386,72660500386.csv,11405109,10.88 MiB,True
72662024090,72662024090.csv,7731094,7.37 MiB,True
72662524006,72662524006.csv,6722087,6.41 MiB,True
72662604864,72662604864.csv,12277233,11.71 MiB,True
72662794037,72662794037.csv,4085886,3.90 MiB,True
72665094023,72665094023.csv,6605241,6.30 MiB,True
72665494054,72665494054.csv,6963909,6.64 MiB,True
72666024029,72666024029.csv,7189797,6.86 MiB,True
72666494173,72666494173.csv,4065270,3.88 MiB,True
72666524062,72666524062.csv,5860131,5.59 MiB,True
72666724048,72666724048.csv,5713151,5.45 MiB,True
72667624087,72667624087.csv,5113331,4.88 MiB,True
72667904969,72667904969.csv,12117524,11.56 MiB,True
72668254914,72668254914.csv,11588691,11.05 MiB,True
72668594052,72668594052.csv,6528976,6.23 MiB,True
72669024057,72669024057.csv,6633177,6.33 MiB,True
72670024045,72670024045.csv,5181311,4.94 MiB,True
72671024164,72671024164.csv,6297696,6.01 MiB,True
72672024061,72672024061.csv,7160446,6.83 MiB,True
72676494163,72676494163.csv,5844020,5.57 MiB,True
72677024033,72677024033.csv,8226764,7.85 MiB,True
72677624036,72677624036.csv,6562620,6.26 MiB,True
72677794055,72677794055.csv,6823492,6.51 MiB,True
72679724132,72679724132.csv,6687033,6.38 MiB,True
72679824150,72679824150.csv,6621614,6.31 MiB,True
72681024131,72681024131.csv,6604582,6.30 MiB,True
72681394195,72681394195.csv,4578759,4.37 MiB,True
72681524106,72681524106.csv,5857642,5.59 MiB,True
72681604110,72681604110.csv,5941719,5.67 MiB,True
72681724154,72681724154.csv,10491930,10.01 MiB,True
72681894194,72681894194.csv,6284687,5.99 MiB,True
72682404112,72682404112.csv,4075828,3.89 MiB,True
72683094185,72683094185.csv,7194607,6.86 MiB,True
72683604201,72683604201.csv,7182941,6.85 MiB,True
72683724162,72683724162.csv,5576678,5.32 MiB,True
72686524196,72686524196.csv,5246476,5.00 MiB,True
72687300452,72687300452.csv,11079094,10.57 MiB,True
72687594107,72687594107.csv,4156312,3.96 MiB,True
72687600387,72687600387.csv,12164123,11.60 MiB,True
72688024155,72688024155.csv,7301712,6.96 MiB,True
72688194273,72688194273.csv,6883237,6.56 MiB,True
72688304113,72688304113.csv,5540790,5.28 MiB,True
72688424148,72688424148.csv,5539252,5.28 MiB,True
72688524152,72688524152.csv,7533136,7.18 MiB,True
72688624130,72688624130.csv,6193708,5.91 MiB,True
72688799999,72688799999.csv,9338181,8.91 MiB,True
72690424231,72690424231.csv,6815866,6.50 MiB,True
72691724284,72691724284.csv,7503895,7.16 MiB,True
72692024230,72692024230.csv,5679612,5.42 MiB,True
72693024221,72693024221.csv,7922914,7.56 MiB,True
72694024232,72694024232.csv,7478324,7.13 MiB,True
72694524202,72694524202.csv,6248898,5.96 MiB,True
72695024285,72695024285.csv,10881772,10.38 MiB,True
72695994281,72695994281.csv,6369906,6.07 MiB,True
72698024229,72698024229.csv,7735514,7.38 MiB,True
72698524242,72698524242.csv,6630067,6.32 MiB,True
72698694261,72698694261.csv,6685073,6.38 MiB,True
72698824219,72698824219.csv,5775501,5.51 MiB,True
72703314609,72703314609.csv,8334403,7.95 MiB,True
72711994605,72711994605.csv,3506738,3.34 MiB,True
72712014607,72712014607.csv,9571449,9.13 MiB,True
72713014604,72713014604.csv,6616909,6.31 MiB,True
72713594623,72713594623.csv,7241632,6.91 MiB,True
72734014847,72734014847.csv,8806291,8.40 MiB,True
72734404869,72734404869.csv,7055882,6.73 MiB,True
72734714841,72734714841.csv,7637674,7.28 MiB,True
72741504803,72741504803.csv,7829940,7.47 MiB,True
72741754825,72741754825.csv,12204872,11.64 MiB,True
72743094850,72743094850.csv,633494,618.65 KiB,True
72743404870,72743404870.csv,12092540,11.53 MiB,True
72743554820,72743554820.csv,11872052,11.32 MiB,True
72743604863,72743604863.csv,11794702,11.25 MiB,True
72743794893,72743794893.csv,7653659,7.30 MiB,True
72744014858,72744014858.csv,8281869,7.90 MiB,True
72744404979,72744404979.csv,11988984,11.43 MiB,True
72744594926,72744594926.csv,6836170,6.52 MiB,True
72744904954,72744904954.csv,12009904,11.45 MiB,True
72745014913,72745014913.csv,8783908,8.38 MiB,True
72745204912,72745204912.csv,11829378,11.28 MiB,True
72745394967,72745394967.csv,7022225,6.70 MiB,True
72745404911,72745404911.csv,11925355,11.37 MiB,True
72745594931,72745594931.csv,8036652,7.66 MiB,True
72745604919,72745604919.csv,11840994,11.29 MiB,True
72745794962,72745794962.csv,11825598,11.28 MiB,True
72745894919,72745894919.csv,5806335,5.54 MiB,True
72745994964,72745994964.csv,11670001,11.13 MiB,True
72746604918,72746604918.csv,11763376,11.22 MiB,True
72746704926,72746704926.csv,10346625,9.87 MiB,True
72746804928,72746804928.csv,11074497,10.56 MiB,True
72746994992,72746994992.csv,4038751,3.85 MiB,True
72747014918,72747014918.csv,8398521,8.01 MiB,True
72747394977,72747394977.csv,10090582,9.62 MiB,True
72747404923,72747404923.csv,11207072,10.69 MiB,True
72747504940,72747504940.csv,11716808,11.17 MiB,True
72747694961,72747694961.csv,7234243,6.90 MiB,True
72747704970,72747704970.csv,12093837,11.53 MiB,True
72747804934,72747804934.csv,7946591,7.58 MiB,True
72748604983,72748604983.csv,10925993,10.42 MiB,True
72749704984,72749704984.csv,11603469,11.07 MiB,True
72750304909,72750304909.csv,10749871,10.25 MiB,True
72750494999,72750494999.csv,11468986,10.94 MiB,True
72750504929,72750504929.csv,8894904,8.48 MiB,True
72750604952,72750604952.csv,11168146,10.65 MiB,True
72750754904,72750754904.csv,11368665,10.84 MiB,True
72750854915,72750854915.csv,11436717,10.91 MiB,True
72751454910,72751454910.csv,11681172,11.14 MiB,True
72751504982,72751504982.csv,11817646,11.27 MiB,True
72751704932,72751704932.csv,11583843,11.05 MiB,True
72753014914,72753014914.csv,8536909,8.14 MiB,True
72753304922,72753304922.csv,10063743,9.60 MiB,True
72753514919,72753514919.csv,6824513,6.51 MiB,True
72755014958,72755014958.csv,11944513,11.39 MiB,True
72755594956,72755594956.csv,5649084,5.39 MiB,True
72756604902,72756604902.csv,12198618,11.63 MiB,True
72757014916,72757014916.csv,7241097,6.91 MiB,True
72757394928,72757394928.csv,5888490,5.62 MiB,True
72757594925,72757594925.csv,6401376,6.10 MiB,True
72758494038,72758494038.csv,6589944,6.28 MiB,True
72763024012,72763024012.csv,7042725,6.72 MiB,True
72764024011,72764024011.csv,7569393,7.22 MiB,True
72767594011,72767594011.csv,5065096,4.83 MiB,True
72767624013,72767624013.csv,6650406,6.34 MiB,True
72767794041,72767794041.csv,4021855,3.84 MiB,True
72768094008,72768094008.csv,7469358,7.12 MiB,True
72768494051,72768494051.csv,4072690,3.88 MiB,True
72768694017,72768694017.csv,6326661,6.03 MiB,True
72768794028,72768794028.csv,5791519,5.52 MiB,True
72769024137,72769024137.csv,6151493,5.87 MiB,True
72770024138,72770024138.csv,6079080,5.80 MiB,True
72772024144,72772024144.csv,7022470,6.70 MiB,True
72773024153,72773024153.csv,7809962,7.45 MiB,True
72774024135,72774024135.csv,6671497,6.36 MiB,True
72775024143,72775024143.csv,6537134,6.23 MiB,True
72775524112,72775524112.csv,6188449,5.90 MiB,True
72776099999,72776099999.csv,641041,626.02 KiB,True
72777094012,72777094012.csv,7157837,6.83 MiB,True
72779024146,72779024146.csv,6974112,6.65 MiB,True
72781024243,72781024243.csv,6536949,6.23 MiB,True
72781524237,72781524237.csv,11150067,10.63 MiB,True
72782594239,72782594239.csv,6624917,6.32 MiB,True
72782724110,72782724110.csv,5827265,5.56 MiB,True
72783024149,72783024149.csv,6567002,6.26 MiB,True
72783424136,72783424136.csv,5538714,5.28 MiB,True
72784524163,72784524163.csv,5547757,5.29 MiB,True
72784624160,72784624160.csv,6322381,6.03 MiB,True
72785024157,72785024157.csv,8530120,8.13 MiB,True
72785524114,72785524114.csv,6191740,5.90 MiB,True
72785694176,72785694176.csv,6111958,5.83 MiB,True
72785794129,72785794129.csv,6368996,6.07 MiB,True
72787094119,72787094119.csv,6924324,6.60 MiB,True
72787399999,72787399999.csv,10540643,10.05 MiB,True
72788324220,72788324220.csv,6181340,5.89 MiB,True
72788499999,72788499999.csv,8853669,8.44 MiB,True
72788594266,72788594266.csv,6937386,6.62 MiB,True
72789094197,72789094197.csv,6193409,5.91 MiB,True
72790024141,72790024141.csv,5835197,5.56 MiB,True
72791094224,72791094224.csv,9276746,8.85 MiB,True
72791894298,72791894298.csv,6695470,6.39 MiB,True
72792024227,72792024227.csv,8807488,8.40 MiB,True
72792394225,72792394225.csv,7977526,7.61 MiB,True
72792424223,72792424223.csv,5782305,5.51 MiB,True
72792594227,72792594227.csv,8449699,8.06 MiB,True
72792894263,72792894263.csv,6676826,6.37 MiB,True
72793024233,72793024233.csv,7917635,7.55 MiB,True
72793494248,72793494248.csv,6576697,6.27 MiB,True
72793524234,72793524234.csv,6050888,5.77 MiB,True
72793724222,72793724222.csv,7103603,6.77 MiB,True
72793894274,72793894274.csv,6883721,6.56 MiB,True
72794504205,72794504205.csv,6935177,6.61 MiB,True
72797094240,72797094240.csv,9833933,9.38 MiB,True
72797624217,72797624217.csv,7026384,6.70 MiB,True
72798594276,72798594276.csv,6278772,5.99 MiB,True
74000154793,74000154793.csv,7195882,6.86 MiB,True
74000203042,74000203042.csv,10263891,9.79 MiB,True
74003024103,74003024103.csv,1078828,1.03 MiB,True
74003503145,74003503145.csv,4818415,4.60 MiB,True
74201099999,74201099999.csv,10017106,9.55 MiB,True
74206024207,74206024207.csv,8102836,7.73 MiB,True
74207124201,74207124201.csv,7019993,6.69 MiB,True
74207703763,74207703763.csv,11774727,11.23 MiB,True
74207864773,74207864773.csv,12323708,11.75 MiB,True
74230024037,74230024037.csv,6238364,5.95 MiB,True
74251353937,74251353937.csv,11264543,10.74 MiB,True
74331253925,74331253925.csv,7264663,6.93 MiB,True
74370014715,74370014715.csv,8924128,8.51 MiB,True
74394514710,74394514710.csv,6880323,6.56 MiB,True
74394654754,74394654754.csv,5560694,5.30 MiB,True
74410414763,74410414763.csv,8365161,7.98 MiB,True
74421494852,74421494852.csv,11681728,11.14 MiB,True
74455094982,74455094982.csv,6647112,6.34 MiB,True
74465253897,74465253897.csv,10310283,9.83 MiB,True
74465363814,74465363814.csv,10724298,10.23 MiB,True
74465504808,74465504808.csv,6958851,6.64 MiB,True
74465653891,74465653891.csv,8676268,8.27 MiB,True
74465753887,74465753887.csv,8234924,7.85 MiB,True
74465853889,74465853889.csv,11356959,10.83 MiB,True
74465953822,74465953822.csv,9700313,9.25 MiB,True
74466000388,74466000388.csv,11448459,10.92 MiB,True
74466263817,74466263817.csv,11739429,11.20 MiB,True
74466353950,74466353950.csv,11744666,11.20 MiB,True
74466504838,74466504838.csv,6568569,6.26 MiB,True
74466653944,74466653944.csv,11434172,10.90 MiB,True
74466799999,74466799999.csv,6845551,6.53 MiB,True
74467204862,74467204862.csv,11753411,11.21 MiB,True
74486094789,74486094789.csv,8001276,7.63 MiB,True
74486454787,74486454787.csv,6702192,6.39 MiB,True
74486514719,74486514719.csv,7295598,6.96 MiB,True
74490494723,74490494723.csv,6898218,6.58 MiB,True
74490714753,74490714753.csv,488530,477.08 KiB,True
74491014703,74491014703.csv,7075849,6.75 MiB,True
74491514775,74491514775.csv,7459044,7.11 MiB,True
74498914747,74498914747.csv,6932446,6.61 MiB,True
74499404741,74499404741.csv,1762330,1.68 MiB,True
74504693242,74504693242.csv,5283950,5.04 MiB,True
74504893210,74504893210.csv,5303519,5.06 MiB,True
74505653120,74505653120.csv,7312026,6.97 MiB,True
74505753130,74505753130.csv,1948911,1.86 MiB,True
74505823277,74505823277.csv,7223777,6.89 MiB,True
74509023244,74509023244.csv,9929528,9.47 MiB,True
74516023202,74516023202.csv,5347629,5.10 MiB,True
74531093065,74531093065.csv,6445653,6.15 MiB,True
74543093978,74543093978.csv,11538510,11.00 MiB,True
74543103998,74543103998.csv,6142741,5.86 MiB,True
74570013840,74570013840.csv,6108325,5.83 MiB,True
74594013705,74594013705.csv,6374411,6.08 MiB,True
74594493784,74594493784.csv,3841534,3.66 MiB,True
74594693786,74594693786.csv,6456432,6.16 MiB,True
74596603726,74596603726.csv,5360839,5.11 MiB,True
74598013702,74598013702.csv,6126855,5.84 MiB,True
74598563806,74598563806.csv,11936581,11.38 MiB,True
74611003182,74611003182.csv,4697955,4.48 MiB,True
74612093104,74612093104.csv,5122088,4.88 MiB,True
74614023112,74614023112.csv,4765790,4.55 MiB,True
74614123141,74614123141.csv,4770732,4.55 MiB,True
74638099999,74638099999.csv,4360509,4.16 MiB,True
74641013975,74641013975.csv,5897799,5.62 MiB,True
74671013806,74671013806.csv,6280933,5.99 MiB,True
74671693808,74671693808.csv,6761137,6.45 MiB,True
74672099999,74672099999.csv,5556937,5.30 MiB,True
74692503741,74692503741.csv,11078728,10.57 MiB,True
74692903702,74692903702.csv,11792325,11.25 MiB,True
74693093737,74693093737.csv,8630100,8.23 MiB,True
74693503709,74693503709.csv,11650848,11.11 MiB,True
74693603712,74693603712.csv,11801911,11.26 MiB,True
74694003708,74694003708.csv,11681218,11.14 MiB,True
74694100389,74694100389.csv,11137511,10.62 MiB,True
74702023110,74702023110.csv,4985877,4.75 MiB,True
74704003102,74704003102.csv,6141037,5.86 MiB,True
74704303165,74704303165.csv,1856402,1.77 MiB,True
74718503144,74718503144.csv,4837496,4.61 MiB,True
74718703104,74718703104.csv,4994444,4.76 MiB,True
74718823158,74718823158.csv,4789285,4.57 MiB,True
74732023002,74732023002.csv,4929033,4.70 MiB,True
74733503059,74733503059.csv,10516122,10.03 MiB,True
74735553997,74735553997.csv,11270921,10.75 MiB,True
74736093042,74736093042.csv,6016085,5.74 MiB,True
74739013961,74739013961.csv,6133882,5.85 MiB,True
74740013973,74740013973.csv,6708176,6.40 MiB,True
74746003904,74746003904.csv,6615579,6.31 MiB,True
74754093915,74754093915.csv,6711781,6.40 MiB,True
74756012816,74756012816.csv,6998378,6.67 MiB,True
74757093874,74757093874.csv,6678053,6.37 MiB,True
74758013978,74758013978.csv,6447489,6.15 MiB,True
74759013833,74759013833.csv,6824857,6.51 MiB,True
74768013939,74768013939.csv,6353589,6.06 MiB,True
74768613820,74768613820.csv,6942531,6.62 MiB,True
74768853858,74768853858.csv,7619804,7.27 MiB,True
74775013846,74775013846.csv,6161122,5.88 MiB,True
74776003818,74776003818.csv,6512950,6.21 MiB,True
74777003852,74777003852.csv,6485973,6.19 MiB,True
74780413824,74780413824.csv,5964094,5.69 MiB,True
74780563818,74780563818.csv,11855356,11.31 MiB,True
74780663809,74780663809.csv,11604199,11.07 MiB,True
74780703821,74780703821.csv,8416973,8.03 MiB,True
74780863803,74780863803.csv,6199069,5.91 MiB,True
74780903832,74780903832.csv,11645709,11.11 MiB,True
74781013857,74781013857.csv,6836299,6.52 MiB,True
74781263813,74781263813.csv,5561116,5.30 MiB,True
74782053860,74782053860.csv,7063815,6.74 MiB,True
74783012849,74783012849.csv,6611764,6.31 MiB,True
74787012834,74787012834.csv,6552983,6.25 MiB,True
74788012810,74788012810.csv,6687824,6.38 MiB,True
74790013849,74790013849.csv,6067426,5.79 MiB,True
74791013717,74791013717.csv,5000999,4.77 MiB,True
74791593718,74791593718.csv,6661423,6.35 MiB,True
74791700390,74791700390.csv,11249274,10.73 MiB,True
74791800391,74791800391.csv,10759825,10.26 MiB,True
74793012843,74793012843.csv,6702988,6.39 MiB,True
74793112876,74793112876.csv,6664692,6.36 MiB,True
74794012868,74794012868.csv,6295487,6.00 MiB,True
74794612886,74794612886.csv,6522760,6.22 MiB,True
74795012867,74795012867.csv,5285616,5.04 MiB,True
74796099999,74796099999.csv,6357908,6.06 MiB,True
74900599999,74900599999.csv,4123514,3.93 MiB,True
74904599999,74904599999.csv,9855757,9.40 MiB,True
74904800415,74904800415.csv,11743799,11.20 MiB,True
74907799999,74907799999.csv,9321974,8.89 MiB,True
74916799999,74916799999.csv,4736782,4.52 MiB,True
74917100479,74917100479.csv,11335556,10.81 MiB,True
74917399999,74917399999.csv,8979386,8.56 MiB,True
74917900392,74917900392.csv,11240394,10.72 MiB,True
74923000393,74923000393.csv,6921853,6.60 MiB,True
74948300394,74948300394.csv,9950408,9.49 MiB,True
74948400395,74948400395.csv,8098702,7.72 MiB,True
74948500396,74948500396.csv,9711935,9.26 MiB,True
74948600397,74948600397.csv,10518339,10.03 MiB,True
76001399999,76001399999.csv,3813757,3.64 MiB,True
76005399999,76005399999.csv,2777755,2.65 MiB,True
76040099999,76040099999.csv,863314,843.08 KiB,True
76050099999,76050099999.csv,436,436.00 B,True
76055099999,76055099999.csv,344556,336.48 KiB,True
76061099999,76061099999.csv,1064122,1.01 MiB,True
76075399999,76075399999.csv,2235315,2.13 MiB,True
76113099999,76113099999.csv,246308,240.54 KiB,True
76118099999,76118099999.csv,85517,83.51 KiB,True
76122099999,76122099999.csv,1517952,1.45 MiB,True
76160099999,76160099999.csv,4331495,4.13 MiB,True
76220099999,76220099999.csv,1081630,1.03 MiB,True
76225099999,76225099999.csv,1496894,1.43 MiB,True
76225399999,76225399999.csv,2342766,2.23 MiB,True
76243099999,76243099999.csv,3021927,2.88 MiB,True
76253099999,76253099999.csv,2213366,2.11 MiB,True
76255599999,76255599999.csv,2068884,1.97 MiB,True
76256099999,76256099999.csv,940650,918.60 KiB,True
76258099999,76258099999.csv,628518,613.79 KiB,True
76286399999,76286399999.csv,1858817,1.77 MiB,True
76305099999,76305099999.csv,3052381,2.91 MiB,True
76311099999,76311099999.csv,811362,792.35 KiB,True
76323099999,76323099999.csv,1535820,1.46 MiB,True
76342099999,76342099999.csv,2461487,2.35 MiB,True
76350399999,76350399999.csv,2458340,2.34 MiB,True
76361599999,76361599999.csv,2093904,2.00 MiB,True
76373099999,76373099999.csv,349566,341.37 KiB,True
76382099999,76382099999.csv,4105507,3.92 MiB,True
76390099999,76390099999.csv,3272752,3.12 MiB,True
76393099999,76393099999.csv,1209544,1.15 MiB,True
76394099999,76394099999.csv,2595021,2.47 MiB,True
76394399999,76394399999.csv,3542179,3.38 MiB,True
76399399999,76399399999.csv,2045094,1.95 MiB,True
76401099999,76401099999.csv,438,438.00 B,True
76402099999,76402099999.csv,1130546,1.08 MiB,True
76405099999,76405099999.csv,1338923,1.28 MiB,True
76405599999,76405599999.csv,2627490,2.51 MiB,True
76405699999,76405699999.csv,2566668,2.45 MiB,True
76412099999,76412099999.csv,3141278,3.00 MiB,True
76423099999,76423099999.csv,1407387,1.34 MiB,True
76423599999,76423599999.csv,2322278,2.21 MiB,True
76458099999,76458099999.csv,1465233,1.40 MiB,True
76459399999,76459399999.csv,3686728,3.52 MiB,True
76471099999,76471099999.csv,1321633,1.26 MiB,True
76490099999,76490099999.csv,314866,307.49 KiB,True
76491099999,76491099999.csv,1406967,1.34 MiB,True
76491599999,76491599999.csv,2044308,1.95 MiB,True
76499099999,76499099999.csv,742340,724.94 KiB,True
76519099999,76519099999.csv,131515,128.43 KiB,True
76525099999,76525099999.csv,1540750,1.47 MiB,True
76525599999,76525599999.csv,3257562,3.11 MiB,True
76539099999,76539099999.csv,5278168,5.03 MiB,True
76548099999,76548099999.csv,1728284,1.65 MiB,True
76549399999,76549399999.csv,2778020,2.65 MiB,True
76556099999,76556099999.csv,3703256,3.53 MiB,True
76571099999,76571099999.csv,4658268,4.44 MiB,True
76573099999,76573099999.csv,430331,420.25 KiB,True
76577099999,76577099999.csv,802020,783.22 KiB,True
76577399999,76577399999.csv,3069147,2.93 MiB,True
76581099999,76581099999.csv,925874,904.17 KiB,True
76585099999,76585099999.csv,941092,919.04 KiB,True
76593099999,76593099999.csv,1967131,1.88 MiB,True
76595099999,76595099999.csv,3622231,3.45 MiB,True
76601399999,76601399999.csv,2806398,2.68 MiB,True
76612099999,76612099999.csv,1562028,1.49 MiB,True
76612799999,76612799999.csv,1846219,1.76 MiB,True
76613399999,76613399999.csv,3679072,3.51 MiB,True
76625099999,76625099999.csv,4891967,4.67 MiB,True
76632099999,76632099999.csv,1385881,1.32 MiB,True
76634099999,76634099999.csv,1548536,1.48 MiB,True
76640099999,76640099999.csv,1308423,1.25 MiB,True
76644099999,76644099999.csv,5899862,5.63 MiB,True
76647099999,76647099999.csv,1756287,1.67 MiB,True
76648099999,76648099999.csv,3021655,2.88 MiB,True
76653499999,76653499999.csv,1838369,1.75 MiB,True
76654099999,76654099999.csv,1484447,1.42 MiB,True
76654699999,76654699999.csv,1909355,1.82 MiB,True
76656099999,76656099999.csv,834418,814.86 KiB,True
76658099999,76658099999.csv,3019568,2.88 MiB,True
76662099999,76662099999.csv,1314537,1.25 MiB,True
76665099999,76665099999.csv,1264602,1.21 MiB,True
76665599999,76665599999.csv,4644787,4.43 MiB,True
76675099999,76675099999.csv,1520605,1.45 MiB,True
76675399999,76675399999.csv,4506433,4.30 MiB,True
76679399999,76679399999.csv,4842677,4.62 MiB,True
76680099999,76680099999.csv,1592311,1.52 MiB,True
76683099999,76683099999.csv,1552996,1.48 MiB,True
76685099999,76685099999.csv,3701668,3.53 MiB,True
76687099999,76687099999.csv,1689122,1.61 MiB,True
76691399999,76691399999.csv,3079520,2.94 MiB,True
76692099999,76692099999.csv,1853248,1.77 MiB,True
76695099999,76695099999.csv,4079181,3.89 MiB,True
76698099999,76698099999.csv,797689,778.99 KiB,True
76726099999,76726099999.csv,2933189,2.80 MiB,True
76727099999,76727099999.csv,237647,232.08 KiB,True
76737099999,76737099999.csv,1612992,1.54 MiB,True
76738399999,76738399999.csv,2175151,2.07 MiB,True
76741099999,76741099999.csv,1305836,1.25 MiB,True
76743099999,76743099999.csv,1668268,1.59 MiB,True
76743399999,76743399999.csv,2491080,2.38 MiB,True
76749399999,76749399999.csv,2377238,2.27 MiB,True
76750099999,76750099999.csv,3823055,3.65 MiB,True
76750199999,76750199999.csv,1539397,1.47 MiB,True
76750399999,76750399999.csv,1787056,1.70 MiB,True
76758499999,76758499999.csv,2261800,2.16 MiB,True
76762099999,76762099999.csv,1641193,1.57 MiB,True
76773099999,76773099999.csv,1308886,1.25 MiB,True
76775099999,76775099999.csv,1394365,1.33 MiB,True
76775599999,76775599999.csv,2381713,2.27 MiB,True
76805099999,76805099999.csv,1227098,1.17 MiB,True
76805699999,76805699999.csv,3524621,3.36 MiB,True
76833099999,76833099999.csv,945923,923.75 KiB,True
76840099999,76840099999.csv,1511388,1.44 MiB,True
76843099999,76843099999.csv,4146430,3.95 MiB,True
76845099999,76845099999.csv,1371533,1.31 MiB,True
76848099999,76848099999.csv,1646528,1.57 MiB,True
76848599999,76848599999.csv,1933015,1.84 MiB,True
76855099999,76855099999.csv,1073423,1.02 MiB,True
76855699999,76855699999.csv,2275867,2.17 MiB,True
76856099999,76856099999.csv,247363,241.57 KiB,True
76903099999,76903099999.csv,1406388,1.34 MiB,True
76904399999,76904399999.csv,2833588,2.70 MiB,True
78016013601,78016013601.csv,6310665,6.02 MiB,True
78062099999,78062099999.csv,4367231,4.16 MiB,True
78063099999,78063099999.csv,535,535.00 B,True
78070099999,78070099999.csv,567,567.00 B,True
78073099999,78073099999.csv,4408781,4.20 MiB,True
78088012716,78088012716.csv,2558884,2.44 MiB,True
78114099999,78114099999.csv,219401,214.26 KiB,True
78118099999,78118099999.csv,861927,841.73 KiB,True
78121099999,78121099999.csv,1184920,1.13 MiB,True
78221099999,78221099999.csv,533,533.00 B,True
78221599999,78221599999.csv,558,558.00 B,True
78224099999,78224099999.csv,4123518,3.93 MiB,True
78229099999,78229099999.csv,3456568,3.30 MiB,True
78244099999,78244099999.csv,2621178,2.50 MiB,True
78255099999,78255099999.csv,4625178,4.41 MiB,True
78256099999,78256099999.csv,75142,73.38 KiB,True
78256199999,78256199999.csv,3256524,3.11 MiB,True
78262399999,78262399999.csv,3569619,3.40 MiB,True
78264099999,78264099999.csv,3375034,3.22 MiB,True
78268099999,78268099999.csv,173360,169.30 KiB,True
78268499999,78268499999.csv,532,532.00 B,True
78333499999,78333499999.csv,2904332,2.77 MiB,True
78346599999,78346599999.csv,3404504,3.25 MiB,True
78367011706,78367011706.csv,4466837,4.26 MiB,True
78384011813,78384011813.csv,4425052,4.22 MiB,True
78384199999,78384199999.csv,2409021,2.30 MiB,True
78384299999,78384299999.csv,3391919,3.23 MiB,True
78388099999,78388099999.csv,4773753,4.55 MiB,True
78397099999,78397099999.csv,4713118,4.49 MiB,True
78409099999,78409099999.csv,495155,483.55 KiB,True
78439099999,78439099999.csv,5173954,4.93 MiB,True
78451099999,78451099999.csv,6631,6.48 KiB,True
78457099999,78457099999.csv,2636647,2.51 MiB,True
78457599999,78457599999.csv,1825660,1.74 MiB,True
78458099999,78458099999.csv,1035467,1011.20 KiB,True
78460099999,78460099999.csv,4603652,4.39 MiB,True
78464099999,78464099999.csv,2291,2.24 KiB,True
78466099999,78466099999.csv,20612,20.13 KiB,True
78467099999,78467099999.csv,600295,586.23 KiB,True
78473099999,78473099999.csv,3787,3.70 KiB,True
78478599999,78478599999.csv,2410863,2.30 MiB,True
78479099999,78479099999.csv,4483027,4.28 MiB,True
78480099999,78480099999.csv,4255,4.16 KiB,True
78482099999,78482099999.csv,2579756,2.46 MiB,True
78484099999,78484099999.csv,39461,38.54 KiB,True
78485099999,78485099999.csv,4648966,4.43 MiB,True
78486099999,78486099999.csv,1022928,998.95 KiB,True
78486599999,78486599999.csv,2410786,2.30 MiB,True
78488099999,78488099999.csv,720126,703.25 KiB,True
78514011603,78514011603.csv,2891338,2.76 MiB,True
78520300398,78520300398.csv,9666003,9.22 MiB,True
78526011641,78526011641.csv,6846397,6.53 MiB,True
78526500494,78526500494.csv,2516577,2.40 MiB,True
78535011630,78535011630.csv,7059108,6.73 MiB,True
78543011640,78543011640.csv,6363535,6.07 MiB,True
78550099999,78550099999.csv,2207355,2.11 MiB,True
78551011624,78551011624.csv,6931066,6.61 MiB,True
78583099999,78583099999.csv,3558514,3.39 MiB,True
78588099999,78588099999.csv,622,622.00 B,True
78615099999,78615099999.csv,677,677.00 B,True
78627099999,78627099999.csv,2768922,2.64 MiB,True
78631099999,78631099999.csv,1582272,1.51 MiB,True
78637099999,78637099999.csv,3114341,2.97 MiB,True
78637299999,78637299999.csv,1632848,1.56 MiB,True
78637499999,78637499999.csv,5524,5.39 KiB,True
78637699999,78637699999.csv,3150887,3.00 MiB,True
78639099999,78639099999.csv,1874479,1.79 MiB,True
78641099999,78641099999.csv,3543642,3.38 MiB,True
78644599999,78644599999.csv,1600481,1.53 MiB,True
78647099999,78647099999.csv,952,952.00 B,True
78647599999,78647599999.csv,1541929,1.47 MiB,True
78650099999,78650099999.csv,1416304,1.35 MiB,True
78655099999,78655099999.csv,1506909,1.44 MiB,True
78663099999,78663099999.csv,1377192,1.31 MiB,True
78666099999,78666099999.csv,3742824,3.57 MiB,True
78670099999,78670099999.csv,1211861,1.16 MiB,True
78672099999,78672099999.csv,582988,569.32 KiB,True
78703099999,78703099999.csv,3467712,3.31 MiB,True
78704099999,78704099999.csv,2383783,2.27 MiB,True
78705099999,78705099999.csv,3787976,3.61 MiB,True
78706099999,78706099999.csv,2278432,2.17 MiB,True
78707099999,78707099999.csv,2204171,2.10 MiB,True
78708099999,78708099999.csv,4702192,4.48 MiB,True
78711099999,78711099999.csv,2106998,2.01 MiB,True
78714099999,78714099999.csv,2988950,2.85 MiB,True
78717099999,78717099999.csv,2460617,2.35 MiB,True
78718099999,78718099999.csv,2286601,2.18 MiB,True
78719099999,78719099999.csv,2310705,2.20 MiB,True
78720099999,78720099999.csv,5141327,4.90 MiB,True
78721099999,78721099999.csv,4503528,4.29 MiB,True
78724099999,78724099999.csv,2206657,2.10 MiB,True
78730099999,78730099999.csv,1671847,1.59 MiB,True
78733099999,78733099999.csv,1577324,1.50 MiB,True
78734099999,78734099999.csv,1526663,1.46 MiB,True
78735099999,78735099999.csv,1547543,1.48 MiB,True
78739099999,78739099999.csv,1585370,1.51 MiB,True
78741099999,78741099999.csv,3612713,3.45 MiB,True
78742199999,78742199999.csv,1670074,1.59 MiB,True
78744099999,78744099999.csv,528,528.00 B,True
78745099999,78745099999.csv,1682929,1.60 MiB,True
78762099999,78762099999.csv,5066738,4.83 MiB,True
78764099999,78764099999.csv,2901340,2.77 MiB,True
78767099999,78767099999.csv,2425113,2.31 MiB,True
78774099999,78774099999.csv,3560276,3.40 MiB,True
78792099999,78792099999.csv,3420313,3.26 MiB,True
78793099999,78793099999.csv,3174748,3.03 MiB,True
78793599999,78793599999.csv,1283587,1.22 MiB,True
78795099999,78795099999.csv,569700,556.35 KiB,True
78795599999,78795599999.csv,1997579,1.91 MiB,True
78795799999,78795799999.csv,1327627,1.27 MiB,True
78846099999,78846099999.csv,632923,618.09 KiB,True
78846199999,78846199999.csv,1694911,1.62 MiB,True
78858099999,78858099999.csv,3190059,3.04 MiB,True
78859099999,78859099999.csv,2155807,2.06 MiB,True
78862099999,78862099999.csv,6131572,5.85 MiB,True
78862599999,78862599999.csv,1683769,1.61 MiB,True
78866000399,78866000399.csv,6517595,6.22 MiB,True
78873000400,78873000400.csv,5406843,5.16 MiB,True
78894099999,78894099999.csv,1999795,1.91 MiB,True
78897000401,78897000401.csv,8696994,8.29 MiB,True
78905000402,78905000402.csv,3180515,3.03 MiB,True
78906000403,78906000403.csv,2030035,1.94 MiB,True
78922099999,78922099999.csv,14925,14.58 KiB,True
78925000404,78925000404.csv,8797715,8.39 MiB,True
78947000405,78947000405.csv,3092199,2.95 MiB,True
78948000406,78948000406.csv,5349988,5.10 MiB,True
78954000408,78954000408.csv,7699678,7.34 MiB,True
78958000409,78958000409.csv,7114209,6.78 MiB,True
78961300410,78961300410.csv,6287320,6.00 MiB,True
78962099999,78962099999.csv,752,752.00 B,True
78970011634,78970011634.csv,6239188,5.95 MiB,True
78982000411,78982000411.csv,5394469,5.14 MiB,True
78988000412,78988000412.csv,6129800,5.85 MiB,True
78990000413,78990000413.csv,7753529,7.39 MiB,True
80001099999,80001099999.csv,4678964,4.46 MiB,True
80002099999,80002099999.csv,2649095,2.53 MiB,True
80009099999,80009099999.csv,3466486,3.31 MiB,True
80022099999,80022099999.csv,4422462,4.22 MiB,True
80028099999,80028099999.csv,4536029,4.33 MiB,True
80035099999,80035099999.csv,2648082,2.53 MiB,True
80036099999,80036099999.csv,3455146,3.30 MiB,True
80063099999,80063099999.csv,3327393,3.17 MiB,True
80084099999,80084099999.csv,2930659,2.79 MiB,True
80091099999,80091099999.csv,2430548,2.32 MiB,True
80094099999,80094099999.csv,3549294,3.38 MiB,True
80097099999,80097099999.csv,3843186,3.67 MiB,True
80099099999,80099099999.csv,3088123,2.95 MiB,True
80110099999,80110099999.csv,2499731,2.38 MiB,True
80112099999,80112099999.csv,5014659,4.78 MiB,True
80139099999,80139099999.csv,2298220,2.19 MiB,True
80144099999,80144099999.csv,2715487,2.59 MiB,True
80149099999,80149099999.csv,1578259,1.51 MiB,True
80154099999,80154099999.csv,1085016,1.03 MiB,True
80210099999,80210099999.csv,3970168,3.79 MiB,True
80211099999,80211099999.csv,3814390,3.64 MiB,True
80214099999,80214099999.csv,2975124,2.84 MiB,True
80222099999,80222099999.csv,4965337,4.74 MiB,True
80222299999,80222299999.csv,784064,765.69 KiB,True
80222399999,80222399999.csv,1447638,1.38 MiB,True
80222599999,80222599999.csv,909431,888.12 KiB,True
80222699999,80222699999.csv,1433390,1.37 MiB,True
80222799999,80222799999.csv,998920,975.51 KiB,True
80234099999,80234099999.csv,2590545,2.47 MiB,True
80252099999,80252099999.csv,1070344,1.02 MiB,True
80259099999,80259099999.csv,5183431,4.94 MiB,True
80308099999,80308099999.csv,1295417,1.24 MiB,True
80315099999,80315099999.csv,3194207,3.05 MiB,True
80322099999,80322099999.csv,1082237,1.03 MiB,True
80342099999,80342099999.csv,2433566,2.32 MiB,True
80354099999,80354099999.csv,1234342,1.18 MiB,True
80361099999,80361099999.csv,1114191,1.06 MiB,True
80370099999,80370099999.csv,2394350,2.28 MiB,True
80372099999,80372099999.csv,1138983,1.09 MiB,True
80398099999,80398099999.csv,4509411,4.30 MiB,True
80403099999,80403099999.csv,406,406.00 B,True
80404399999,80404399999.csv,191720,187.23 KiB,True
80407099999,80407099999.csv,2356059,2.25 MiB,True
80410099999,80410099999.csv,2938624,2.80 MiB,True
80413099999,80413099999.csv,1872509,1.79 MiB,True
80414399999,80414399999.csv,1516008,1.45 MiB,True
80415099999,80415099999.csv,5260992,5.02 MiB,True
80416099999,80416099999.csv,759,759.00 B,True
80419099999,80419099999.csv,3135834,2.99 MiB,True
80421099999,80421099999.csv,472615,461.54 KiB,True
80421499999,80421499999.csv,2619211,2.50 MiB,True
80426099999,80426099999.csv,1438263,1.37 MiB,True
80428099999,80428099999.csv,1842631,1.76 MiB,True
80431099999,80431099999.csv,1935846,1.85 MiB,True
80435099999,80435099999.csv,1896130,1.81 MiB,True
80438099999,80438099999.csv,54295,53.02 KiB,True
80440099999,80440099999.csv,1173520,1.12 MiB,True
80440399999,80440399999.csv,264874,258.67 KiB,True
80444099999,80444099999.csv,1825263,1.74 MiB,True
80445399999,80445399999.csv,2045,2.00 KiB,True
80446399999,80446399999.csv,1459777,1.39 MiB,True
80447099999,80447099999.csv,260825,254.71 KiB,True
80448099999,80448099999.csv,1325276,1.26 MiB,True
80472099999,80472099999.csv,3660188,3.49 MiB,True
81001099999,81001099999.csv,685176,669.12 KiB,True
81002010502,81002010502.csv,6665832,6.36 MiB,True
81003099999,81003099999.csv,3099249,2.96 MiB,True
81005099999,81005099999.csv,65917,64.37 KiB,True
81006099999,81006099999.csv,360142,351.70 KiB,True
81058099999,81058099999.csv,460144,449.36 KiB,True
81100099999,81100099999.csv,395848,386.57 KiB,True
81200099999,81200099999.csv,2636156,2.51 MiB,True
81202099999,81202099999.csv,698614,682.24 KiB,True
81225099999,81225099999.csv,4043166,3.86 MiB,True
81401099999,81401099999.csv,5612,5.48 KiB,True
81405099999,81405099999.csv,7974524,7.61 MiB,True
81408099999,81408099999.csv,3002,2.93 KiB,True
81415099999,81415099999.csv,1528,1.49 KiB,True
81609099999,81609099999.csv,218136,213.02 KiB,True
81615099999,81615099999.csv,2003882,1.91 MiB,True
81648099999,81648099999.csv,2549456,2.43 MiB,True
81660099999,81660099999.csv,1962967,1.87 MiB,True
81680099999,81680099999.csv,2520793,2.40 MiB,True
81682099999,81682099999.csv,2278155,2.17 MiB,True
81685099999,81685099999.csv,1563039,1.49 MiB,True
81687099999,81687099999.csv,976478,953.59 KiB,True
81699099999,81699099999.csv,1372118,1.31 MiB,True
81700099999,81700099999.csv,2577552,2.46 MiB,True
81702099999,81702099999.csv,2535721,2.42 MiB,True
81703099999,81703099999.csv,2580163,2.46 MiB,True
81711099999,81711099999.csv,1323747,1.26 MiB,True
81715099999,81715099999.csv,2579346,2.46 MiB,True
81717099999,81717099999.csv,442096,431.73 KiB,True
81729099999,81729099999.csv,2526426,2.41 MiB,True
81730099999,81730099999.csv,2496415,2.38 MiB,True
81732099999,81732099999.csv,2372851,2.26 MiB,True
81733099999,81733099999.csv,2475389,2.36 MiB,True
81734099999,81734099999.csv,2184951,2.08 MiB,True
81737099999,81737099999.csv,2554159,2.44 MiB,True
81739099999,81739099999.csv,2626683,2.51 MiB,True
81743099999,81743099999.csv,2563905,2.45 MiB,True
81745099999,81745099999.csv,480648,469.38 KiB,True
81749099999,81749099999.csv,2524746,2.41 MiB,True
81752099999,81752099999.csv,2470249,2.36 MiB,True
81754099999,81754099999.csv,1967865,1.88 MiB,True
81755099999,81755099999.csv,2233603,2.13 MiB,True
81756099999,81756099999.csv,2580002,2.46 MiB,True
81758099999,81758099999.csv,2572629,2.45 MiB,True
81770099999,81770099999.csv,1443363,1.38 MiB,True
81774099999,81774099999.csv,2526146,2.41 MiB,True
81778099999,81778099999.csv,2508446,2.39 MiB,True
81786099999,81786099999.csv,2313799,2.21 MiB,True
81788099999,81788099999.csv,2326041,2.22 MiB,True
81790099999,81790099999.csv,935143,913.23 KiB,True
81792099999,81792099999.csv,2521218,2.40 MiB,True
81794099999,81794099999.csv,2405012,2.29 MiB,True
81797099999,81797099999.csv,1256323,1.20 MiB,True
81798099999,81798099999.csv,960343,937.83 KiB,True
81822099999,81822099999.csv,2541890,2.42 MiB,True
81823099999,81823099999.csv,2400172,2.29 MiB,True
81825099999,81825099999.csv,1562018,1.49 MiB,True
81827099999,81827099999.csv,2512136,2.40 MiB,True
81829099999,81829099999.csv,2607001,2.49 MiB,True
81830099999,81830099999.csv,2556263,2.44 MiB,True
81831099999,81831099999.csv,1325593,1.26 MiB,True
81832099999,81832099999.csv,2432368,2.32 MiB,True
81833099999,81833099999.csv,2329362,2.22 MiB,True
81834099999,81834099999.csv,965516,942.89 KiB,True
81835099999,81835099999.csv,2563012,2.44 MiB,True
81836099999,81836099999.csv,2500151,2.38 MiB,True
81839099999,81839099999.csv,1801671,1.72 MiB,True
81847099999,81847099999.csv,2636120,2.51 MiB,True
81848099999,81848099999.csv,2164515,2.06 MiB,True
81863099999,81863099999.csv,2497345,2.38 MiB,True
81866099999,81866099999.csv,2461063,2.35 MiB,True
81868099999,81868099999.csv,2078548,1.98 MiB,True
81869099999,81869099999.csv,2547796,2.43 MiB,True
81870099999,81870099999.csv,2632009,2.51 MiB,True
81872099999,81872099999.csv,968349,945.65 KiB,True
81873099999,81873099999.csv,2529645,2.41 MiB,True
81875099999,81875099999.csv,2204566,2.10 MiB,True
81876099999,81876099999.csv,2533093,2.42 MiB,True
81877099999,81877099999.csv,2489296,2.37 MiB,True
81878099999,81878099999.csv,2542134,2.42 MiB,True
81888099999,81888099999.csv,2545480,2.43 MiB,True
81890099999,81890099999.csv,1512929,1.44 MiB,True
81893099999,81893099999.csv,982562,959.53 KiB,True
81901099999,81901099999.csv,2501092,2.39 MiB,True
81903099999,81903099999.csv,2159851,2.06 MiB,True
81905099999,81905099999.csv,2513935,2.40 MiB,True
81908099999,81908099999.csv,2258616,2.15 MiB,True
81909099999,81909099999.csv,2096473,2.00 MiB,True
81910099999,81910099999.csv,1501552,1.43 MiB,True
81911099999,81911099999.csv,1976453,1.88 MiB,True
81912099999,81912099999.csv,2136821,2.04 MiB,True
81913099999,81913099999.csv,1599763,1.53 MiB,True
81914099999,81914099999.csv,2547007,2.43 MiB,True
81915099999,81915099999.csv,2669742,2.55 MiB,True
81916099999,81916099999.csv,2507412,2.39 MiB,True
81917099999,81917099999.csv,2464733,2.35 MiB,True
81918099999,81918099999.csv,2491108,2.38 MiB,True
81924099999,81924099999.csv,147272,143.82 KiB,True
81927099999,81927099999.csv,2573050,2.45 MiB,True
81932099999,81932099999.csv,2305689,2.20 MiB,True
81950099999,81950099999.csv,2374808,2.26 MiB,True
81951099999,81951099999.csv,2560683,2.44 MiB,True
81953099999,81953099999.csv,2582836,2.46 MiB,True
81954099999,81954099999.csv,2627549,2.51 MiB,True
81956099999,81956099999.csv,1599982,1.53 MiB,True
81957099999,81957099999.csv,2571483,2.45 MiB,True
81965099999,81965099999.csv,2552054,2.43 MiB,True
81970099999,81970099999.csv,1410696,1.35 MiB,True
81975099999,81975099999.csv,2560562,2.44 MiB,True
81976099999,81976099999.csv,2521163,2.40 MiB,True
81977099999,81977099999.csv,1728221,1.65 MiB,True
81978099999,81978099999.csv,892576,871.66 KiB,True
81982099999,81982099999.csv,1744132,1.66 MiB,True
81985099999,81985099999.csv,2416639,2.30 MiB,True
81986099999,81986099999.csv,2559300,2.44 MiB,True
81987099999,81987099999.csv,2676486,2.55 MiB,True
81988099999,81988099999.csv,2424406,2.31 MiB,True
81989099999,81989099999.csv,2267173,2.16 MiB,True
81990099999,81990099999.csv,2490822,2.38 MiB,True
81991099999,81991099999.csv,1634185,1.56 MiB,True
81994099999,81994099999.csv,2356529,2.25 MiB,True
81995099999,81995099999.csv,2540378,2.42 MiB,True
81996099999,81996099999.csv,883741,863.03 KiB,True
81997099999,81997099999.csv,2476291,2.36 MiB,True
81998099999,81998099999.csv,2141611,2.04 MiB,True
82017099999,82017099999.csv,2925238,2.79 MiB,True
82022099999,82022099999.csv,4396255,4.19 MiB,True
82024099999,82024099999.csv,72917,71.21 KiB,True
82030599999,82030599999.csv,380350,371.44 KiB,True
82030699999,82030699999.csv,844793,824.99 KiB,True
82042099999,82042099999.csv,370075,361.40 KiB,True
82098099999,82098099999.csv,3779415,3.60 MiB,True
82099099999,82099099999.csv,1083917,1.03 MiB,True
82107099999,82107099999.csv,1019387,995.50 KiB,True
82108099999,82108099999.csv,298318,291.33 KiB,True
82111099999,82111099999.csv,3472980,3.31 MiB,True
82113099999,82113099999.csv,9648,9.42 KiB,True
82143099999,82143099999.csv,619622,605.10 KiB,True
82145099999,82145099999.csv,375595,366.79 KiB,True
82181099999,82181099999.csv,385074,376.05 KiB,True
82184099999,82184099999.csv,353984,345.69 KiB,True
82188099999,82188099999.csv,353720,345.43 KiB,True
82191099999,82191099999.csv,325419,317.79 KiB,True
82193099999,82193099999.csv,4506992,4.30 MiB,True
82198099999,82198099999.csv,409249,399.66 KiB,True
82212099999,82212099999.csv,213166,208.17 KiB,True
82244099999,82244099999.csv,4052997,3.87 MiB,True
82246099999,82246099999.csv,204459,199.67 KiB,True
82263099999,82263099999.csv,306172,299.00 KiB,True
82280099999,82280099999.csv,176507,172.37 KiB,True
82281099999,82281099999.csv,4416247,4.21 MiB,True
82288099999,82288099999.csv,1822651,1.74 MiB,True
82317099999,82317099999.csv,1960557,1.87 MiB,True
82326099999,82326099999.csv,8381,8.18 KiB,True
82331099999,82331099999.csv,106119,103.63 KiB,True
82332099999,82332099999.csv,4294548,4.10 MiB,True
82333099999,82333099999.csv,868934,848.57 KiB,True
82336099999,82336099999.csv,123745,120.84 KiB,True
82336699999,82336699999.csv,3136841,2.99 MiB,True
82353099999,82353099999.csv,1862560,1.78 MiB,True
82361099999,82361099999.csv,2437376,2.32 MiB,True
82376099999,82376099999.csv,173571,169.50 KiB,True
82382099999,82382099999.csv,303059,295.96 KiB,True
82397099999,82397099999.csv,162897,159.08 KiB,True
82398099999,82398099999.csv,4346218,4.14 MiB,True
82400099999,82400099999.csv,8138340,7.76 MiB,True
82410099999,82410099999.csv,217465,212.37 KiB,True
82411099999,82411099999.csv,2403895,2.29 MiB,True
82444099999,82444099999.csv,1997655,1.91 MiB,True
82445099999,82445099999.csv,425966,415.98 KiB,True
82460099999,82460099999.csv,209954,205.03 KiB,True
82533099999,82533099999.csv,820603,801.37 KiB,True
82562099999,82562099999.csv,3290594,3.14 MiB,True
82564099999,82564099999.csv,2434294,2.32 MiB,True
82565099999,82565099999.csv,568965,555.63 KiB,True
82567099999,82567099999.csv,2024875,1.93 MiB,True
82571099999,82571099999.csv,222235,217.03 KiB,True
82578099999,82578099999.csv,191487,187.00 KiB,True
82579099999,82579099999.csv,4245171,4.05 MiB,True
82586099999,82586099999.csv,366935,358.33 KiB,True
82588099999,82588099999.csv,184121,179.81 KiB,True
82590099999,82590099999.csv,163090,159.27 KiB,True
82591099999,82591099999.csv,1374184,1.31 MiB,True
82595099999,82595099999.csv,373796,365.04 KiB,True
82596099999,82596099999.csv,163740,159.90 KiB,True
82598099999,82598099999.csv,309220,301.97 KiB,True
82599099999,82599099999.csv,4411269,4.21 MiB,True
82599199999,82599199999.csv,2999110,2.86 MiB,True
82610099999,82610099999.csv,200485,195.79 KiB,True
82659099999,82659099999.csv,87311,85.26 KiB,True
82676099999,82676099999.csv,261757,255.62 KiB,True
82678099999,82678099999.csv,246175,240.41 KiB,True
82689099999,82689099999.csv,317805,310.36 KiB,True
82690099999,82690099999.csv,298109,291.12 KiB,True
82696099999,82696099999.csv,331299,323.53 KiB,True
82704099999,82704099999.csv,1982565,1.89 MiB,True
82723099999,82723099999.csv,191593,187.10 KiB,True
82753099999,82753099999.csv,217430,212.33 KiB,True
82765099999,82765099999.csv,217398,212.30 KiB,True
82768099999,82768099999.csv,305021,297.87 KiB,True
82791099999,82791099999.csv,226944,221.62 KiB,True
82792099999,82792099999.csv,100823,98.46 KiB,True
82795099999,82795099999.csv,3485442,3.32 MiB,True
82797099999,82797099999.csv,294436,287.54 KiB,True
82798099999,82798099999.csv,4081400,3.89 MiB,True
82798199999,82798199999.csv,2555315,2.44 MiB,True
82824099999,82824099999.csv,4587089,4.37 MiB,True
82861099999,82861099999.csv,149393,145.89 KiB,True
82863099999,82863099999.csv,306044,298.87 KiB,True
82879099999,82879099999.csv,177594,173.43 KiB,True
82882099999,82882099999.csv,155755,152.10 KiB,True
82886099999,82886099999.csv,170120,166.13 KiB,True
82890099999,82890099999.csv,265744,259.52 KiB,True
82893099999,82893099999.csv,602,602.00 B,True
82899099999,82899099999.csv,5076915,4.84 MiB,True
82915099999,82915099999.csv,107946,105.42 KiB,True
82917099999,82917099999.csv,4163653,3.97 MiB,True
82930099999,82930099999.csv,1427345,1.36 MiB,True
82965099999,82965099999.csv,1167665,1.11 MiB,True
82975099999,82975099999.csv,5177,5.06 KiB,True
82983099999,82983099999.csv,321759,314.22 KiB,True
82984099999,82984099999.csv,2949778,2.81 MiB,True
82986099999,82986099999.csv,780174,761.89 KiB,True
82989099999,82989099999.csv,109546,106.98 KiB,True
82990099999,82990099999.csv,297374,290.40 KiB,True
82992099999,82992099999.csv,178921,174.73 KiB,True
82993099999,82993099999.csv,4524236,4.31 MiB,True
82996099999,82996099999.csv,165450,161.57 KiB,True
83011099999,83011099999.csv,590167,576.33 KiB,True
83033099999,83033099999.csv,353571,345.28 KiB,True
83064099999,83064099999.csv,360476,352.03 KiB,True
83065099999,83065099999.csv,913779,892.36 KiB,True
83075099999,83075099999.csv,3165683,3.02 MiB,True
83095099999,83095099999.csv,4236272,4.04 MiB,True
83097099999,83097099999.csv,225043,219.77 KiB,True
83103099999,83103099999.csv,359680,351.25 KiB,True
83111099999,83111099999.csv,2480548,2.37 MiB,True
83115099999,83115099999.csv,902906,881.74 KiB,True
83117099999,83117099999.csv,366781,358.18 KiB,True
83179099999,83179099999.csv,148340,144.86 KiB,True
83184099999,83184099999.csv,192190,187.69 KiB,True
83186099999,83186099999.csv,39386,38.46 KiB,True
83190099999,83190099999.csv,199577,194.90 KiB,True
83192099999,83192099999.csv,307355,300.15 KiB,True
83195099999,83195099999.csv,101008,98.64 KiB,True
83208099999,83208099999.csv,2189960,2.09 MiB,True
83222099999,83222099999.csv,207950,203.08 KiB,True
83228099999,83228099999.csv,379553,370.66 KiB,True
83229099999,83229099999.csv,205269,200.46 KiB,True
83231599999,83231599999.csv,2361338,2.25 MiB,True
83235099999,83235099999.csv,354193,345.89 KiB,True
83236099999,83236099999.csv,153972,150.36 KiB,True
83242099999,83242099999.csv,321429,313.90 KiB,True
83248099999,83248099999.csv,4857959,4.63 MiB,True
83270099999,83270099999.csv,172773,168.72 KiB,True
83286099999,83286099999.csv,186037,181.68 KiB,True
83288099999,83288099999.csv,267736,261.46 KiB,True
83309099999,83309099999.csv,383437,374.45 KiB,True
83319099999,83319099999.csv,389231,380.11 KiB,True
83332099999,83332099999.csv,382943,373.97 KiB,True
83334099999,83334099999.csv,180080,175.86 KiB,True
83344099999,83344099999.csv,315998,308.59 KiB,True
83349099999,83349099999.csv,2801629,2.67 MiB,True
83359099999,83359099999.csv,1749476,1.67 MiB,True
83361099999,83361099999.csv,286225,279.52 KiB,True
83362099999,83362099999.csv,4007031,3.82 MiB,True
83363099999,83363099999.csv,228092,222.75 KiB,True
83364099999,83364099999.csv,257607,251.57 KiB,True
83368099999,83368099999.csv,332250,324.46 KiB,True
83376099999,83376099999.csv,19513,19.06 KiB,True
83377099999,83377099999.csv,289626,282.84 KiB,True
83378099999,83378099999.csv,4391717,4.19 MiB,True
83379099999,83379099999.csv,89455,87.36 KiB,True
83384099999,83384099999.csv,387870,378.78 KiB,True
83386099999,83386099999.csv,408285,398.72 KiB,True
83393099999,83393099999.csv,365091,356.53 KiB,True
83408099999,83408099999.csv,591,591.00 B,True
83419099999,83419099999.csv,4024850,3.84 MiB,True
83423099999,83423099999.csv,388277,379.18 KiB,True
83424099999,83424099999.csv,4133513,3.94 MiB,True
83428099999,83428099999.csv,95726,93.48 KiB,True
83436099999,83436099999.csv,4779,4.67 KiB,True
83437099999,83437099999.csv,2826356,2.70 MiB,True
83441099999,83441099999.csv,75451,73.68 KiB,True
83442099999,83442099999.csv,434890,424.70 KiB,True
83446099999,83446099999.csv,235929,230.40 KiB,True
83460099999,83460099999.csv,4362487,4.16 MiB,True
83464099999,83464099999.csv,126577,123.61 KiB,True
83470099999,83470099999.csv,399392,390.03 KiB,True
83488099999,83488099999.csv,67745,66.16 KiB,True
83498099999,83498099999.csv,166952,163.04 KiB,True
83499099999,83499099999.csv,421682,411.80 KiB,True
83522099999,83522099999.csv,5745,5.61 KiB,True
83525099999,83525099999.csv,3853872,3.68 MiB,True
83526099999,83526099999.csv,390154,381.01 KiB,True
83552099999,83552099999.csv,1449861,1.38 MiB,True
83554099999,83554099999.csv,439273,428.98 KiB,True
83565099999,83565099999.csv,226333,221.03 KiB,True
83566099999,83566099999.csv,1029756,1005.62 KiB,True
83576099999,83576099999.csv,3738098,3.56 MiB,True
83579099999,83579099999.csv,424297,414.35 KiB,True
83583099999,83583099999.csv,4031158,3.84 MiB,True
83586099999,83586099999.csv,627,627.00 B,True
83587099999,83587099999.csv,3521096,3.36 MiB,True
83588099999,83588099999.csv,2112237,2.01 MiB,True
83589099999,83589099999.csv,35656,34.82 KiB,True
83592099999,83592099999.csv,319948,312.45 KiB,True
83595099999,83595099999.csv,1538,1.50 KiB,True
83612099999,83612099999.csv,4421792,4.22 MiB,True
83616099999,83616099999.csv,902832,881.67 KiB,True
83630099999,83630099999.csv,395301,386.04 KiB,True
83639099999,83639099999.csv,188657,184.24 KiB,True
83648099999,83648099999.csv,84454,82.47 KiB,True
83649099999,83649099999.csv,4228281,4.03 MiB,True
83650099999,83650099999.csv,447194,436.71 KiB,True
83652099999,83652099999.csv,3898497,3.72 MiB,True
83669099999,83669099999.csv,111101,108.50 KiB,True
83671099999,83671099999.csv,2958738,2.82 MiB,True
83672499999,83672499999.csv,415267,405.53 KiB,True
83672699999,83672699999.csv,1551602,1.48 MiB,True
83672899999,83672899999.csv,966757,944.10 KiB,True
83676099999,83676099999.csv,966,966.00 B,True
83687099999,83687099999.csv,372670,363.94 KiB,True
83689099999,83689099999.csv,1479985,1.41 MiB,True
83692099999,83692099999.csv,434301,424.12 KiB,True
83695099999,83695099999.csv,174114,170.03 KiB,True
83698099999,83698099999.csv,2179183,2.08 MiB,True
83700099999,83700099999.csv,397240,387.93 KiB,True
83703099999,83703099999.csv,1462700,1.39 MiB,True
83708099999,83708099999.csv,2497446,2.38 MiB,True
83716099999,83716099999.csv,2718662,2.59 MiB,True
83718099999,83718099999.csv,184559,180.23 KiB,True
83721099999,83721099999.csv,4035540,3.85 MiB,True
83722099999,83722099999.csv,2755589,2.63 MiB,True
83726099999,83726099999.csv,196526,191.92 KiB,True
83736099999,83736099999.csv,84248,82.27 KiB,True
83738099999,83738099999.csv,106185,103.70 KiB,True
83741099999,83741099999.csv,2974346,2.84 MiB,True
83746099999,83746099999.csv,4574565,4.36 MiB,True
83748099999,83748099999.csv,2373315,2.26 MiB,True
83749099999,83749099999.csv,879340,858.73 KiB,True
83755099999,83755099999.csv,4274025,4.08 MiB,True
83759099999,83759099999.csv,2030642,1.94 MiB,True
83766099999,83766099999.csv,184707,180.38 KiB,True
83767099999,83767099999.csv,3447891,3.29 MiB,True
83768099999,83768099999.csv,3934121,3.75 MiB,True
83778099999,83778099999.csv,2714597,2.59 MiB,True
83779099999,83779099999.csv,2873584,2.74 MiB,True
83780099999,83780099999.csv,5109324,4.87 MiB,True
83781099999,83781099999.csv,150782,147.25 KiB,True
83784099999,83784099999.csv,2187208,2.09 MiB,True
83809399999,83809399999.csv,2660319,2.54 MiB,True
83818099999,83818099999.csv,1414485,1.35 MiB,True
83825099999,83825099999.csv,435772,425.56 KiB,True
83827099999,83827099999.csv,4477263,4.27 MiB,True
83829099999,83829099999.csv,715195,698.43 KiB,True
83836099999,83836099999.csv,447176,436.70 KiB,True
83840099999,83840099999.csv,4613463,4.40 MiB,True
83842099999,83842099999.csv,2120616,2.02 MiB,True
83844099999,83844099999.csv,494427,482.84 KiB,True
83851099999,83851099999.csv,135176,132.01 KiB,True
83883099999,83883099999.csv,2019586,1.93 MiB,True
83899099999,83899099999.csv,4414758,4.21 MiB,True
83905099999,83905099999.csv,679648,663.72 KiB,True
83907099999,83907099999.csv,223224,217.99 KiB,True
83912099999,83912099999.csv,169013,165.05 KiB,True
83914099999,83914099999.csv,1723602,1.64 MiB,True
83916099999,83916099999.csv,225978,220.68 KiB,True
83919099999,83919099999.csv,251781,245.88 KiB,True
83925099999,83925099999.csv,361158,352.69 KiB,True
83926099999,83926099999.csv,694717,678.43 KiB,True
83928099999,83928099999.csv,535348,522.80 KiB,True
83936099999,83936099999.csv,441597,431.25 KiB,True
83937099999,83937099999.csv,3337295,3.18 MiB,True
83942099999,83942099999.csv,1370572,1.31 MiB,True
83952099999,83952099999.csv,744658,727.21 KiB,True
83967099999,83967099999.csv,2735511,2.61 MiB,True
83970099999,83970099999.csv,309338,302.09 KiB,True
83971099999,83971099999.csv,4399864,4.20 MiB,True
83980099999,83980099999.csv,339769,331.81 KiB,True
83981099999,83981099999.csv,4178575,3.98 MiB,True
83985099999,83985099999.csv,1885030,1.80 MiB,True
83997099999,83997099999.csv,234064,228.58 KiB,True
83998099999,83998099999.csv,282990,276.36 KiB,True
84001099999,84001099999.csv,1605583,1.53 MiB,True
84006099999,84006099999.csv,2483381,2.37 MiB,True
84008099999,84008099999.csv,1602159,1.53 MiB,True
84010099999,84010099999.csv,372677,363.94 KiB,True
84025099999,84025099999.csv,2030060,1.94 MiB,True
84026099999,84026099999.csv,1734249,1.65 MiB,True
84027099999,84027099999.csv,1106266,1.06 MiB,True
84036099999,84036099999.csv,416196,406.44 KiB,True
84045099999,84045099999.csv,105827,103.35 KiB,True
84050099999,84050099999.csv,633720,618.87 KiB,True
84056099999,84056099999.csv,345858,337.75 KiB,True
84071099999,84071099999.csv,1481,1.45 KiB,True
84072599999,84072599999.csv,4015763,3.83 MiB,True
84075099999,84075099999.csv,664680,649.10 KiB,True
84076099999,84076099999.csv,368273,359.64 KiB,True
84088099999,84088099999.csv,539121,526.49 KiB,True
84100099999,84100099999.csv,2164849,2.06 MiB,True
84105099999,84105099999.csv,336322,328.44 KiB,True
84117099999,84117099999.csv,3831899,3.65 MiB,True
84123099999,84123099999.csv,3468462,3.31 MiB,True
84132099999,84132099999.csv,270293,263.96 KiB,True
84135099999,84135099999.csv,265935,259.70 KiB,True
84139099999,84139099999.csv,506,506.00 B,True
84140099999,84140099999.csv,122825,119.95 KiB,True
84143099999,84143099999.csv,383064,374.09 KiB,True
84147099999,84147099999.csv,1224747,1.17 MiB,True
84160099999,84160099999.csv,389857,380.72 KiB,True
84176099999,84176099999.csv,967843,945.16 KiB,True
84179099999,84179099999.csv,353636,345.35 KiB,True
84200099999,84200099999.csv,2440678,2.33 MiB,True
84203099999,84203099999.csv,5065494,4.83 MiB,True
84217099999,84217099999.csv,2140130,2.04 MiB,True
84226099999,84226099999.csv,229980,224.59 KiB,True
84239099999,84239099999.csv,3199166,3.05 MiB,True
84253099999,84253099999.csv,1803334,1.72 MiB,True
84265099999,84265099999.csv,2354315,2.25 MiB,True
84270099999,84270099999.csv,298441,291.45 KiB,True
84279099999,84279099999.csv,947,947.00 B,True
84370099999,84370099999.csv,2647255,2.52 MiB,True
84377099999,84377099999.csv,5371856,5.12 MiB,True
84390099999,84390099999.csv,2394269,2.28 MiB,True
84401099999,84401099999.csv,3660942,3.49 MiB,True
84410099999,84410099999.csv,848941,829.04 KiB,True
84425099999,84425099999.csv,1914006,1.83 MiB,True
84440099999,84440099999.csv,5002,4.88 KiB,True
84444099999,84444099999.csv,1374630,1.31 MiB,True
84452099999,84452099999.csv,4559733,4.35 MiB,True
84455099999,84455099999.csv,3231470,3.08 MiB,True
84472099999,84472099999.csv,4460571,4.25 MiB,True
84474099999,84474099999.csv,1048898,1.00 MiB,True
84501099999,84501099999.csv,4537835,4.33 MiB,True
84515099999,84515099999.csv,3945828,3.76 MiB,True
84531099999,84531099999.csv,1277986,1.22 MiB,True
84534099999,84534099999.csv,1204281,1.15 MiB,True
84542099999,84542099999.csv,352122,343.87 KiB,True
84564099999,84564099999.csv,1699031,1.62 MiB,True
84580099999,84580099999.csv,20088,19.62 KiB,True
84593099999,84593099999.csv,21351,20.85 KiB,True
84623199999,84623199999.csv,1402755,1.34 MiB,True
84628099999,84628099999.csv,4539416,4.33 MiB,True
84658099999,84658099999.csv,2393514,2.28 MiB,True
84673099999,84673099999.csv,2757416,2.63 MiB,True
84686099999,84686099999.csv,7072969,6.75 MiB,True
84688099999,84688099999.csv,660,660.00 B,True
84691099999,84691099999.csv,4090049,3.90 MiB,True
84720099999,84720099999.csv,435297,425.09 KiB,True
84735099999,84735099999.csv,1316113,1.26 MiB,True
84752099999,84752099999.csv,2920417,2.79 MiB,True
84773099999,84773099999.csv,1415721,1.35 MiB,True
84782099999,84782099999.csv,3246270,3.10 MiB,True
85033599999,85033599999.csv,36712,35.85 KiB,True
85041099999,85041099999.csv,2188674,2.09 MiB,True
85043099999,85043099999.csv,2514513,2.40 MiB,True
85104099999,85104099999.csv,1327257,1.27 MiB,True
85109099999,85109099999.csv,431158,421.05 KiB,True
85114099999,85114099999.csv,1306673,1.25 MiB,True
85123099999,85123099999.csv,2555541,2.44 MiB,True
85139099999,85139099999.csv,445087,434.66 KiB,True
85140099999,85140099999.csv,1229847,1.17 MiB,True
85141099999,85141099999.csv,1389789,1.33 MiB,True
85151099999,85151099999.csv,315938,308.53 KiB,True
85152099999,85152099999.csv,366418,357.83 KiB,True
85153099999,85153099999.csv,379135,370.25 KiB,True
85154099999,85154099999.csv,2655492,2.53 MiB,True
85175099999,85175099999.csv,350857,342.63 KiB,True
85195099999,85195099999.csv,820747,801.51 KiB,True
85196099999,85196099999.csv,2171529,2.07 MiB,True
85201099999,85201099999.csv,4914824,4.69 MiB,True
85207099999,85207099999.csv,1676552,1.60 MiB,True
85210099999,85210099999.csv,360934,352.47 KiB,True
85223099999,85223099999.csv,4772959,4.55 MiB,True
85242099999,85242099999.csv,1363480,1.30 MiB,True
85244099999,85244099999.csv,4902437,4.68 MiB,True
85245099999,85245099999.csv,2708617,2.58 MiB,True
85247099999,85247099999.csv,954727,932.35 KiB,True
85264099999,85264099999.csv,407533,397.98 KiB,True
85268099999,85268099999.csv,1118894,1.07 MiB,True
85283099999,85283099999.csv,498,498.00 B,True
85289099999,85289099999.csv,1379642,1.32 MiB,True
85293099999,85293099999.csv,1036650,1012.35 KiB,True
85312099999,85312099999.csv,8568,8.37 KiB,True
85315099999,85315099999.csv,2150766,2.05 MiB,True
85345099999,85345099999.csv,1272565,1.21 MiB,True
85364099999,85364099999.csv,2967902,2.83 MiB,True
85365099999,85365099999.csv,1225545,1.17 MiB,True
85394099999,85394099999.csv,687,687.00 B,True
85405099999,85405099999.csv,928338,906.58 KiB,True
85406099999,85406099999.csv,4905175,4.68 MiB,True
85410099999,85410099999.csv,377808,368.95 KiB,True
85418099999,85418099999.csv,4740222,4.52 MiB,True
85432099999,85432099999.csv,1599261,1.53 MiB,True
85442099999,85442099999.csv,3962054,3.78 MiB,True
85459099999,85459099999.csv,999445,976.02 KiB,True
85459599999,85459599999.csv,555567,542.55 KiB,True
85467099999,85467099999.csv,1693811,1.62 MiB,True
85469099999,85469099999.csv,5238374,5.00 MiB,True
85488099999,85488099999.csv,3969829,3.79 MiB,True
85508199999,85508199999.csv,974852,952.00 KiB,True
85543099999,85543099999.csv,937874,915.89 KiB,True
85545099999,85545099999.csv,1406062,1.34 MiB,True
85561099999,85561099999.csv,976670,953.78 KiB,True
85574099999,85574099999.csv,4990807,4.76 MiB,True
85577099999,85577099999.csv,1985237,1.89 MiB,True
85585099999,85585099999.csv,2056550,1.96 MiB,True
85586099999,85586099999.csv,1744311,1.66 MiB,True
85620099999,85620099999.csv,397546,388.23 KiB,True
85629099999,85629099999.csv,2930239,2.79 MiB,True
85631099999,85631099999.csv,960760,938.24 KiB,True
85672099999,85672099999.csv,3764149,3.59 MiB,True
85682099999,85682099999.csv,4378263,4.18 MiB,True
85703099999,85703099999.csv,1730634,1.65 MiB,True
85743099999,85743099999.csv,1215829,1.16 MiB,True
85744099999,85744099999.csv,674,674.00 B,True
85766099999,85766099999.csv,4235789,4.04 MiB,True
85782099999,85782099999.csv,1605730,1.53 MiB,True
85782599999,85782599999.csv,1535258,1.46 MiB,True
85799099999,85799099999.csv,5072838,4.84 MiB,True
85832099999,85832099999.csv,1477449,1.41 MiB,True
85832599999,85832599999.csv,240378,234.74 KiB,True
85832699999,85832699999.csv,1031542,1007.37 KiB,True
85862099999,85862099999.csv,726886,709.85 KiB,True
85864099999,85864099999.csv,3060593,2.92 MiB,True
85874099999,85874099999.csv,3720742,3.55 MiB,True
85886099999,85886099999.csv,362780,354.28 KiB,True
85892099999,85892099999.csv,268553,262.26 KiB,True
85921099999,85921099999.csv,1405879,1.34 MiB,True
85921199999,85921199999.csv,1832337,1.75 MiB,True
85921299999,85921299999.csv,2665407,2.54 MiB,True
85934099999,85934099999.csv,3311170,3.16 MiB,True
85968099999,85968099999.csv,1457173,1.39 MiB,True
85987199999,85987199999.csv,670883,655.16 KiB,True
86033099999,86033099999.csv,273456,267.05 KiB,True
86033599999,86033599999.csv,416394,406.63 KiB,True
86033699999,86033699999.csv,884134,863.41 KiB,True
86068099999,86068099999.csv,1416773,1.35 MiB,True
86086099999,86086099999.csv,684286,668.25 KiB,True
86097099999,86097099999.csv,486954,475.54 KiB,True
86128099999,86128099999.csv,1175414,1.12 MiB,True
86134099999,86134099999.csv,1494366,1.43 MiB,True
86170099999,86170099999.csv,784338,765.96 KiB,True
86185099999,86185099999.csv,1395296,1.33 MiB,True
86192099999,86192099999.csv,798220,779.51 KiB,True
86210099999,86210099999.csv,1121291,1.07 MiB,True
86218099999,86218099999.csv,4893168,4.67 MiB,True
86218399999,86218399999.csv,4623020,4.41 MiB,True
86221099999,86221099999.csv,816505,797.37 KiB,True
86233099999,86233099999.csv,672266,656.51 KiB,True
86234099999,86234099999.csv,1014342,990.57 KiB,True
86246099999,86246099999.csv,686,686.00 B,True
86251099999,86251099999.csv,507047,495.16 KiB,True
86255099999,86255099999.csv,900486,879.38 KiB,True
86260099999,86260099999.csv,1080306,1.03 MiB,True
86268099999,86268099999.csv,784262,765.88 KiB,True
86285099999,86285099999.csv,537995,525.39 KiB,True
86297099999,86297099999.csv,2724021,2.60 MiB,True
86330099999,86330099999.csv,2017698,1.92 MiB,True
86350099999,86350099999.csv,613,613.00 B,True
86360099999,86360099999.csv,1552204,1.48 MiB,True
86370099999,86370099999.csv,814159,795.08 KiB,True
86430099999,86430099999.csv,813384,794.32 KiB,True
86440099999,86440099999.csv,735414,718.18 KiB,True
86460099999,86460099999.csv,822990,803.70 KiB,True
86490099999,86490099999.csv,772313,754.21 KiB,True
86500099999,86500099999.csv,18768,18.33 KiB,True
86530099999,86530099999.csv,1823163,1.74 MiB,True
86545099999,86545099999.csv,745668,728.19 KiB,True
86550199999,86550199999.csv,1900420,1.81 MiB,True
86560099999,86560099999.csv,2720274,2.59 MiB,True
86565099999,86565099999.csv,728114,711.05 KiB,True
86575099999,86575099999.csv,2950282,2.81 MiB,True
86580099999,86580099999.csv,6887464,6.57 MiB,True
86582399999,86582399999.csv,4391624,4.19 MiB,True
86585099999,86585099999.csv,564671,551.44 KiB,True
86595099999,86595099999.csv,1117947,1.07 MiB,True
86607099999,86607099999.csv,2266169,2.16 MiB,True
86609099999,86609099999.csv,2091244,1.99 MiB,True
86610099999,86610099999.csv,856012,835.95 KiB,True
86611099999,86611099999.csv,2564248,2.45 MiB,True
86612099999,86612099999.csv,2590239,2.47 MiB,True
86613099999,86613099999.csv,1113555,1.06 MiB,True
86614099999,86614099999.csv,2229455,2.13 MiB,True
86616099999,86616099999.csv,2146817,2.05 MiB,True
86618099999,86618099999.csv,457758,447.03 KiB,True
86619099999,86619099999.csv,2498756,2.38 MiB,True
86620099999,86620099999.csv,150575,147.05 KiB,True
86622099999,86622099999.csv,1540510,1.47 MiB,True
86624099999,86624099999.csv,2564497,2.45 MiB,True
86625099999,86625099999.csv,2255834,2.15 MiB,True
86626099999,86626099999.csv,2501339,2.39 MiB,True
86629099999,86629099999.csv,2357073,2.25 MiB,True
86630099999,86630099999.csv,2473720,2.36 MiB,True
86632099999,86632099999.csv,2495891,2.38 MiB,True
86633099999,86633099999.csv,2138380,2.04 MiB,True
86634099999,86634099999.csv,2218046,2.12 MiB,True
86635099999,86635099999.csv,2149874,2.05 MiB,True
86636099999,86636099999.csv,915911,894.44 KiB,True
86637099999,86637099999.csv,2436010,2.32 MiB,True
86638099999,86638099999.csv,1874248,1.79 MiB,True
86639099999,86639099999.csv,471262,460.22 KiB,True
86642099999,86642099999.csv,1560460,1.49 MiB,True
86645099999,86645099999.csv,2543984,2.43 MiB,True
86647099999,86647099999.csv,2639138,2.52 MiB,True
86649099999,86649099999.csv,2015322,1.92 MiB,True
86650099999,86650099999.csv,2423577,2.31 MiB,True
86652099999,86652099999.csv,2443757,2.33 MiB,True
86653099999,86653099999.csv,2482633,2.37 MiB,True
86654099999,86654099999.csv,2508481,2.39 MiB,True
86655099999,86655099999.csv,920140,898.57 KiB,True
86656099999,86656099999.csv,2568531,2.45 MiB,True
86657099999,86657099999.csv,2413389,2.30 MiB,True
86658099999,86658099999.csv,2020731,1.93 MiB,True
86661099999,86661099999.csv,2139880,2.04 MiB,True
86662099999,86662099999.csv,1409417,1.34 MiB,True
86663099999,86663099999.csv,1528346,1.46 MiB,True
86666099999,86666099999.csv,2477681,2.36 MiB,True
86671099999,86671099999.csv,2655906,2.53 MiB,True
86672099999,86672099999.csv,2624319,2.50 MiB,True
86674099999,86674099999.csv,1253164,1.20 MiB,True
86675099999,86675099999.csv,1564136,1.49 MiB,True
86677099999,86677099999.csv,1254033,1.20 MiB,True
86678099999,86678099999.csv,2479079,2.36 MiB,True
86682099999,86682099999.csv,2637385,2.52 MiB,True
86684099999,86684099999.csv,1630477,1.55 MiB,True
86686099999,86686099999.csv,1554396,1.48 MiB,True
86689099999,86689099999.csv,2202111,2.10 MiB,True
86691099999,86691099999.csv,2696119,2.57 MiB,True
86692099999,86692099999.csv,2302780,2.20 MiB,True
86693099999,86693099999.csv,1834719,1.75 MiB,True
86694099999,86694099999.csv,2014479,1.92 MiB,True
86695099999,86695099999.csv,2275308,2.17 MiB,True
86696099999,86696099999.csv,2602540,2.48 MiB,True
86697099999,86697099999.csv,2690268,2.57 MiB,True
86698099999,86698099999.csv,1383143,1.32 MiB,True
86699099999,86699099999.csv,2427510,2.32 MiB,True
86703099999,86703099999.csv,2500468,2.38 MiB,True
86704099999,86704099999.csv,2552808,2.43 MiB,True
86705099999,86705099999.csv,4833627,4.61 MiB,True
86707099999,86707099999.csv,2596281,2.48 MiB,True
86709099999,86709099999.csv,1449195,1.38 MiB,True
86712099999,86712099999.csv,2207047,2.10 MiB,True
86713099999,86713099999.csv,1435814,1.37 MiB,True
86715099999,86715099999.csv,2626595,2.50 MiB,True
86716099999,86716099999.csv,2558925,2.44 MiB,True
86718099999,86718099999.csv,2610264,2.49 MiB,True
86719099999,86719099999.csv,2561452,2.44 MiB,True
86720099999,86720099999.csv,2534815,2.42 MiB,True
86721099999,86721099999.csv,2701103,2.58 MiB,True
86722099999,86722099999.csv,2562285,2.44 MiB,True
86723099999,86723099999.csv,2030739,1.94 MiB,True
86728099999,86728099999.csv,2588395,2.47 MiB,True
86729099999,86729099999.csv,2566624,2.45 MiB,True
86730099999,86730099999.csv,1928824,1.84 MiB,True
86732099999,86732099999.csv,2140205,2.04 MiB,True
86734099999,86734099999.csv,2547644,2.43 MiB,True
86735099999,86735099999.csv,2410675,2.30 MiB,True
86736099999,86736099999.csv,2324691,2.22 MiB,True
86737099999,86737099999.csv,2592350,2.47 MiB,True
86738099999,86738099999.csv,2345147,2.24 MiB,True
86739099999,86739099999.csv,2611000,2.49 MiB,True
86740099999,86740099999.csv,2660247,2.54 MiB,True
86741099999,86741099999.csv,2477151,2.36 MiB,True
86742099999,86742099999.csv,2460301,2.35 MiB,True
86743099999,86743099999.csv,2522078,2.41 MiB,True
86744099999,86744099999.csv,2597490,2.48 MiB,True
86745099999,86745099999.csv,2494236,2.38 MiB,True
86748099999,86748099999.csv,1405130,1.34 MiB,True
86750099999,86750099999.csv,2524241,2.41 MiB,True
86751099999,86751099999.csv,2511781,2.40 MiB,True
86752099999,86752099999.csv,2029237,1.94 MiB,True
86753099999,86753099999.csv,2634147,2.51 MiB,True
86755099999,86755099999.csv,2463256,2.35 MiB,True
86756099999,86756099999.csv,2275838,2.17 MiB,True
86757099999,86757099999.csv,2513488,2.40 MiB,True
86758099999,86758099999.csv,2630531,2.51 MiB,True
86759099999,86759099999.csv,2501799,2.39 MiB,True
86761099999,86761099999.csv,2482241,2.37 MiB,True
86762099999,86762099999.csv,2632123,2.51 MiB,True
86763099999,86763099999.csv,2584210,2.46 MiB,True
86764099999,86764099999.csv,1852390,1.77 MiB,True
86767099999,86767099999.csv,2494536,2.38 MiB,True
86768099999,86768099999.csv,2563449,2.44 MiB,True
86770099999,86770099999.csv,2507098,2.39 MiB,True
86772099999,86772099999.csv,2519268,2.40 MiB,True
86773099999,86773099999.csv,2414376,2.30 MiB,True
86774099999,86774099999.csv,2507231,2.39 MiB,True
86775099999,86775099999.csv,2441230,2.33 MiB,True
86776099999,86776099999.csv,2565872,2.45 MiB,True
86777099999,86777099999.csv,2522058,2.41 MiB,True
86778099999,86778099999.csv,2564945,2.45 MiB,True
86779099999,86779099999.csv,2597290,2.48 MiB,True
86780099999,86780099999.csv,2505294,2.39 MiB,True
86781099999,86781099999.csv,2543606,2.43 MiB,True
86782099999,86782099999.csv,2557215,2.44 MiB,True
86783099999,86783099999.csv,2718856,2.59 MiB,True
86784099999,86784099999.csv,2564326,2.45 MiB,True
86785099999,86785099999.csv,354328,346.02 KiB,True
86786099999,86786099999.csv,2574523,2.46 MiB,True
86789099999,86789099999.csv,2666162,2.54 MiB,True
86791099999,86791099999.csv,352404,344.14 KiB,True
86792099999,86792099999.csv,2206360,2.10 MiB,True
86793099999,86793099999.csv,2596578,2.48 MiB,True
86794099999,86794099999.csv,2521804,2.40 MiB,True
86795099999,86795099999.csv,2458264,2.34 MiB,True
86796099999,86796099999.csv,2522484,2.41 MiB,True
86798099999,86798099999.csv,2361169,2.25 MiB,True
86801099999,86801099999.csv,2577755,2.46 MiB,True
86802099999,86802099999.csv,2070548,1.97 MiB,True
86803099999,86803099999.csv,2504680,2.39 MiB,True
86804099999,86804099999.csv,2037649,1.94 MiB,True
86805099999,86805099999.csv,2568828,2.45 MiB,True
86807099999,86807099999.csv,2474609,2.36 MiB,True
86808099999,86808099999.csv,2594174,2.47 MiB,True
86809099999,86809099999.csv,2644429,2.52 MiB,True
86810099999,86810099999.csv,2607529,2.49 MiB,True
86812099999,86812099999.csv,2603851,2.48 MiB,True
86813099999,86813099999.csv,2524509,2.41 MiB,True
86814099999,86814099999.csv,1804978,1.72 MiB,True
86816099999,86816099999.csv,2489379,2.37 MiB,True
86817099999,86817099999.csv,2542420,2.42 MiB,True
86818099999,86818099999.csv,2600103,2.48 MiB,True
86819099999,86819099999.csv,2526410,2.41 MiB,True
86820099999,86820099999.csv,1866114,1.78 MiB,True
86823099999,86823099999.csv,2162711,2.06 MiB,True
86824099999,86824099999.csv,2562298,2.44 MiB,True
86825099999,86825099999.csv,2639902,2.52 MiB,True
86828099999,86828099999.csv,2538680,2.42 MiB,True
86829099999,86829099999.csv,2059852,1.96 MiB,True
86830099999,86830099999.csv,2580997,2.46 MiB,True
86833099999,86833099999.csv,2250606,2.15 MiB,True
86834099999,86834099999.csv,1766942,1.69 MiB,True
86836099999,86836099999.csv,2385777,2.28 MiB,True
86838099999,86838099999.csv,2568881,2.45 MiB,True
86839099999,86839099999.csv,1963965,1.87 MiB,True
86840099999,86840099999.csv,2431485,2.32 MiB,True
86841099999,86841099999.csv,2593498,2.47 MiB,True
86842099999,86842099999.csv,2595658,2.48 MiB,True
86843099999,86843099999.csv,2496787,2.38 MiB,True
86844099999,86844099999.csv,2538142,2.42 MiB,True
86845099999,86845099999.csv,2623284,2.50 MiB,True
86846099999,86846099999.csv,2537007,2.42 MiB,True
86848099999,86848099999.csv,2470990,2.36 MiB,True
86850099999,86850099999.csv,2549640,2.43 MiB,True
86851099999,86851099999.csv,2581805,2.46 MiB,True
86852099999,86852099999.csv,2490093,2.37 MiB,True
86853099999,86853099999.csv,2351757,2.24 MiB,True
86854099999,86854099999.csv,2449549,2.34 MiB,True
86857099999,86857099999.csv,2635076,2.51 MiB,True
86858099999,86858099999.csv,2567405,2.45 MiB,True
86859099999,86859099999.csv,1466346,1.40 MiB,True
86860099999,86860099999.csv,2436380,2.32 MiB,True
86861099999,86861099999.csv,2689492,2.56 MiB,True
86862099999,86862099999.csv,2197988,2.10 MiB,True
86863099999,86863099999.csv,2658149,2.54 MiB,True
86864099999,86864099999.csv,2596762,2.48 MiB,True
86865099999,86865099999.csv,2592264,2.47 MiB,True
86866099999,86866099999.csv,1565479,1.49 MiB,True
86867099999,86867099999.csv,2333083,2.23 MiB,True
86868099999,86868099999.csv,2499647,2.38 MiB,True
86869099999,86869099999.csv,2382789,2.27 MiB,True
86870099999,86870099999.csv,2592020,2.47 MiB,True
86871099999,86871099999.csv,2575082,2.46 MiB,True
86872099999,86872099999.csv,2324106,2.22 MiB,True
86873099999,86873099999.csv,2560527,2.44 MiB,True
86874099999,86874099999.csv,2600420,2.48 MiB,True
86890599999,86890599999.csv,3775596,3.60 MiB,True
86891099999,86891099999.csv,5506110,5.25 MiB,True
86892099999,86892099999.csv,2385895,2.28 MiB,True
86894099999,86894099999.csv,2539056,2.42 MiB,True
86895099999,86895099999.csv,2629144,2.51 MiB,True
86896099999,86896099999.csv,2493066,2.38 MiB,True
86897099999,86897099999.csv,1296059,1.24 MiB,True
86898099999,86898099999.csv,2643363,2.52 MiB,True
86899099999,86899099999.csv,2547693,2.43 MiB,True
86901099999,86901099999.csv,538171,525.56 KiB,True
86902099999,86902099999.csv,2599366,2.48 MiB,True
86903099999,86903099999.csv,1548088,1.48 MiB,True
86904099999,86904099999.csv,2464160,2.35 MiB,True
86905099999,86905099999.csv,2585263,2.47 MiB,True
86907099999,86907099999.csv,2244818,2.14 MiB,True
86911099999,86911099999.csv,2584410,2.46 MiB,True
86919099999,86919099999.csv,463648,452.78 KiB,True
86921099999,86921099999.csv,973646,950.83 KiB,True
86922099999,86922099999.csv,2654310,2.53 MiB,True
86923099999,86923099999.csv,2461233,2.35 MiB,True
86925099999,86925099999.csv,2593963,2.47 MiB,True
86926099999,86926099999.csv,1727458,1.65 MiB,True
86927099999,86927099999.csv,2489527,2.37 MiB,True
86929099999,86929099999.csv,2619456,2.50 MiB,True
86930099999,86930099999.csv,757056,739.31 KiB,True
86933099999,86933099999.csv,2562573,2.44 MiB,True
86934099999,86934099999.csv,2570811,2.45 MiB,True
86936099999,86936099999.csv,2714243,2.59 MiB,True
86938099999,86938099999.csv,2573677,2.45 MiB,True
86939099999,86939099999.csv,2525037,2.41 MiB,True
86940099999,86940099999.csv,2542228,2.42 MiB,True
86942099999,86942099999.csv,1500688,1.43 MiB,True
86943099999,86943099999.csv,2574615,2.46 MiB,True
86944099999,86944099999.csv,2089971,1.99 MiB,True
86945099999,86945099999.csv,2559211,2.44 MiB,True
86946099999,86946099999.csv,2561921,2.44 MiB,True
86947099999,86947099999.csv,2514718,2.40 MiB,True
86948099999,86948099999.csv,2347488,2.24 MiB,True
86950099999,86950099999.csv,2510219,2.39 MiB,True
86951099999,86951099999.csv,1299230,1.24 MiB,True
86952099999,86952099999.csv,2607842,2.49 MiB,True
86953099999,86953099999.csv,2719775,2.59 MiB,True
86954099999,86954099999.csv,1249047,1.19 MiB,True
86955099999,86955099999.csv,2508731,2.39 MiB,True
86956099999,86956099999.csv,2585128,2.47 MiB,True
86957099999,86957099999.csv,2239041,2.14 MiB,True
86960099999,86960099999.csv,1726315,1.65 MiB,True
86961099999,86961099999.csv,2672458,2.55 MiB,True
86962099999,86962099999.csv,2537582,2.42 MiB,True
86963099999,86963099999.csv,2620756,2.50 MiB,True
86964099999,86964099999.csv,2609314,2.49 MiB,True
86965099999,86965099999.csv,2644755,2.52 MiB,True
86966099999,86966099999.csv,2226830,2.12 MiB,True
86967099999,86967099999.csv,2441909,2.33 MiB,True
86968099999,86968099999.csv,2556118,2.44 MiB,True
86969099999,86969099999.csv,2440040,2.33 MiB,True
86970099999,86970099999.csv,2535343,2.42 MiB,True
86971099999,86971099999.csv,2472954,2.36 MiB,True
86973099999,86973099999.csv,2533749,2.42 MiB,True
86975099999,86975099999.csv,2574932,2.46 MiB,True
86976099999,86976099999.csv,2540393,2.42 MiB,True
86977099999,86977099999.csv,2485624,2.37 MiB,True
86978099999,86978099999.csv,2500162,2.38 MiB,True
86979099999,86979099999.csv,2630337,2.51 MiB,True
86980099999,86980099999.csv,2433455,2.32 MiB,True
86981099999,86981099999.csv,2574619,2.46 MiB,True
86982099999,86982099999.csv,2568388,2.45 MiB,True
86983099999,86983099999.csv,2618515,2.50 MiB,True
86984099999,86984099999.csv,2242852,2.14 MiB,True
86985099999,86985099999.csv,2608283,2.49 MiB,True
86986099999,86986099999.csv,2468069,2.35 MiB,True
86989099999,86989099999.csv,2537824,2.42 MiB,True
86990099999,86990099999.csv,2595433,2.48 MiB,True
86992099999,86992099999.csv,2562091,2.44 MiB,True
86993099999,86993099999.csv,2629888,2.51 MiB,True
86994099999,86994099999.csv,2473007,2.36 MiB,True
86995099999,86995099999.csv,2405589,2.29 MiB,True
86996099999,86996099999.csv,2529041,2.41 MiB,True
87007099999,87007099999.csv,3394319,3.24 MiB,True
87016099999,87016099999.csv,3367573,3.21 MiB,True
87022099999,87022099999.csv,775424,757.25 KiB,True
87022199999,87022199999.csv,2342849,2.23 MiB,True
87046099999,87046099999.csv,6773978,6.46 MiB,True
87047099999,87047099999.csv,7075377,6.75 MiB,True
87065099999,87065099999.csv,707281,690.70 KiB,True
87078099999,87078099999.csv,2082416,1.99 MiB,True
87097099999,87097099999.csv,6918494,6.60 MiB,True
87121099999,87121099999.csv,7061707,6.73 MiB,True
87127199999,87127199999.csv,1675952,1.60 MiB,True
87129099999,87129099999.csv,3460545,3.30 MiB,True
87148099999,87148099999.csv,3624929,3.46 MiB,True
87155099999,87155099999.csv,6482040,6.18 MiB,True
87162099999,87162099999.csv,6113014,5.83 MiB,True
87163099999,87163099999.csv,2318741,2.21 MiB,True
87166099999,87166099999.csv,6459662,6.16 MiB,True
87173099999,87173099999.csv,1665419,1.59 MiB,True
87178099999,87178099999.csv,6034511,5.75 MiB,True
87187099999,87187099999.csv,325566,317.94 KiB,True
87211099999,87211099999.csv,601384,587.29 KiB,True
87213099999,87213099999.csv,381707,372.76 KiB,True
87217099999,87217099999.csv,3386066,3.23 MiB,True
87222099999,87222099999.csv,3268631,3.12 MiB,True
87244099999,87244099999.csv,2601733,2.48 MiB,True
87257099999,87257099999.csv,3200340,3.05 MiB,True
87270099999,87270099999.csv,1219384,1.16 MiB,True
87281099999,87281099999.csv,1739517,1.66 MiB,True
87289099999,87289099999.csv,6645337,6.34 MiB,True
87305099999,87305099999.csv,335440,327.58 KiB,True
87311099999,87311099999.csv,3231444,3.08 MiB,True
87320099999,87320099999.csv,729278,712.19 KiB,True
87320599999,87320599999.csv,1468270,1.40 MiB,True
87322099999,87322099999.csv,384559,375.55 KiB,True
87328099999,87328099999.csv,3463966,3.30 MiB,True
87344099999,87344099999.csv,6910455,6.59 MiB,True
87345099999,87345099999.csv,2814117,2.68 MiB,True
87347099999,87347099999.csv,2090348,1.99 MiB,True
87349099999,87349099999.csv,3428600,3.27 MiB,True
87359199999,87359199999.csv,602353,588.24 KiB,True
87371099999,87371099999.csv,3320495,3.17 MiB,True
87374099999,87374099999.csv,3416151,3.26 MiB,True
87393099999,87393099999.csv,2965142,2.83 MiB,True
87395099999,87395099999.csv,3399878,3.24 MiB,True
87405099999,87405099999.csv,445050,434.62 KiB,True
87412099999,87412099999.csv,64042,62.54 KiB,True
87416099999,87416099999.csv,2797197,2.67 MiB,True
87418099999,87418099999.csv,6475819,6.18 MiB,True
87420099999,87420099999.csv,2338916,2.23 MiB,True
87436099999,87436099999.csv,3492610,3.33 MiB,True
87444099999,87444099999.csv,1958603,1.87 MiB,True
87448099999,87448099999.csv,3405838,3.25 MiB,True
87453099999,87453099999.csv,6668116,6.36 MiB,True
87467099999,87467099999.csv,3355367,3.20 MiB,True
87468099999,87468099999.csv,1946914,1.86 MiB,True
87470099999,87470099999.csv,96378,94.12 KiB,True
87480099999,87480099999.csv,6335713,6.04 MiB,True
87497099999,87497099999.csv,2293074,2.19 MiB,True
87506099999,87506099999.csv,3483949,3.32 MiB,True
87509099999,87509099999.csv,3380025,3.22 MiB,True
87532099999,87532099999.csv,3267374,3.12 MiB,True
87534099999,87534099999.csv,3093142,2.95 MiB,True
87544099999,87544099999.csv,1837123,1.75 MiB,True
87548099999,87548099999.csv,3409919,3.25 MiB,True
87550099999,87550099999.csv,540875,528.20 KiB,True
87553099999,87553099999.csv,5904616,5.63 MiB,True
87563099999,87563099999.csv,495072,483.47 KiB,True
87571099999,87571099999.csv,3055614,2.91 MiB,True
87576099999,87576099999.csv,6871240,6.55 MiB,True
87582099999,87582099999.csv,6881631,6.56 MiB,True
87585099999,87585099999.csv,3439056,3.28 MiB,True
87593099999,87593099999.csv,3398350,3.24 MiB,True
87596099999,87596099999.csv,1618363,1.54 MiB,True
87616099999,87616099999.csv,363907,355.38 KiB,True
87623099999,87623099999.csv,3538197,3.37 MiB,True
87637099999,87637099999.csv,521363,509.14 KiB,True
87640099999,87640099999.csv,1938155,1.85 MiB,True
87641099999,87641099999.csv,3442856,3.28 MiB,True
87642099999,87642099999.csv,35990,35.15 KiB,True
87643099999,87643099999.csv,1890719,1.80 MiB,True
87645099999,87645099999.csv,3037255,2.90 MiB,True
87648099999,87648099999.csv,3340558,3.19 MiB,True
87649099999,87649099999.csv,520619,508.42 KiB,True
87663099999,87663099999.csv,46042,44.96 KiB,True
87679099999,87679099999.csv,1628629,1.55 MiB,True
87688099999,87688099999.csv,619605,605.08 KiB,True
87692099999,87692099999.csv,6731804,6.42 MiB,True
87715099999,87715099999.csv,6019331,5.74 MiB,True
87736099999,87736099999.csv,164247,160.40 KiB,True
87750099999,87750099999.csv,3717242,3.55 MiB,True
87761099999,87761099999.csv,2924965,2.79 MiB,True
87765099999,87765099999.csv,7245857,6.91 MiB,True
87774099999,87774099999.csv,2191548,2.09 MiB,True
87784099999,87784099999.csv,2410926,2.30 MiB,True
87789599999,87789599999.csv,1475015,1.41 MiB,True
87791099999,87791099999.csv,3578902,3.41 MiB,True
87800099999,87800099999.csv,1047364,1022.82 KiB,True
87803099999,87803099999.csv,3586057,3.42 MiB,True
87814099999,87814099999.csv,576401,562.89 KiB,True
87823099999,87823099999.csv,735885,718.64 KiB,True
87828099999,87828099999.csv,3736199,3.56 MiB,True
87852099999,87852099999.csv,994877,971.56 KiB,True
87852699999,87852699999.csv,436,436.00 B,True
87860099999,87860099999.csv,6742376,6.43 MiB,True
87880099999,87880099999.csv,468429,457.45 KiB,True
87896099999,87896099999.csv,2068907,1.97 MiB,True
87903599999,87903599999.csv,176902,172.76 KiB,True
87904099999,87904099999.csv,3801806,3.63 MiB,True
87909099999,87909099999.csv,3570781,3.41 MiB,True
87912099999,87912099999.csv,470010,458.99 KiB,True
87925099999,87925099999.csv,6943487,6.62 MiB,True
87934099999,87934099999.csv,5917019,5.64 MiB,True
87938099999,87938099999.csv,7744753,7.39 MiB,True
88870099999,88870099999.csv,2762903,2.63 MiB,True
88878099999,88878099999.csv,2079214,1.98 MiB,True
88881099999,88881099999.csv,1870724,1.78 MiB,True
88883099999,88883099999.csv,2066515,1.97 MiB,True
88884099999,88884099999.csv,1898878,1.81 MiB,True
88889099999,88889099999.csv,9294560,8.86 MiB,True
88891099999,88891099999.csv,801885,783.09 KiB,True
88894099999,88894099999.csv,2800559,2.67 MiB,True
88897099999,88897099999.csv,2135612,2.04 MiB,True
88900099999,88900099999.csv,1895193,1.81 MiB,True
88903099999,88903099999.csv,2034073,1.94 MiB,True
88963099999,88963099999.csv,1459102,1.39 MiB,True
88968099999,88968099999.csv,1325360,1.26 MiB,True
89002099999,89002099999.csv,1140100,1.09 MiB,True
89003099999,89003099999.csv,1617593,1.54 MiB,True
89004099999,89004099999.csv,2836639,2.71 MiB,True
89009090001,89009090001.csv,1663422,1.59 MiB,True
89013099999,89013099999.csv,2015370,1.92 MiB,True
89014099999,89014099999.csv,602363,588.25 KiB,True
89022099999,89022099999.csv,2062205,1.97 MiB,True
89034099999,89034099999.csv,1286365,1.23 MiB,True
89050099999,89050099999.csv,682635,666.64 KiB,True
89053099999,89053099999.csv,1434144,1.37 MiB,True
89055099999,89055099999.csv,4098843,3.91 MiB,True
89056099999,89056099999.csv,3089024,2.95 MiB,True
89057099999,89057099999.csv,1102068,1.05 MiB,True
89058099999,89058099999.csv,295894,288.96 KiB,True
89059099999,89059099999.csv,1278700,1.22 MiB,True
89061089061,89061089061.csv,1115039,1.06 MiB,True
89062099999,89062099999.csv,2789452,2.66 MiB,True
89063099999,89063099999.csv,1236125,1.18 MiB,True
89064099999,89064099999.csv,2270487,2.17 MiB,True
89065099999,89065099999.csv,632536,617.71 KiB,True
89066099999,89066099999.csv,1304881,1.24 MiB,True
89087099999,89087099999.csv,26228,25.61 KiB,True
89108099999,89108099999.csv,1084,1.06 KiB,True
89132099999,89132099999.csv,231666,226.24 KiB,True
89251099999,89251099999.csv,306001,298.83 KiB,True
89257099999,89257099999.csv,807927,788.99 KiB,True
89262099999,89262099999.csv,1446466,1.38 MiB,True
89266099999,89266099999.csv,810744,791.74 KiB,True
89272099999,89272099999.csv,797257,778.57 KiB,True
89376099999,89376099999.csv,1040,1.02 KiB,True
89377099999,89377099999.csv,620,620.00 B,True
89504099999,89504099999.csv,2845011,2.71 MiB,True
89512099999,89512099999.csv,617759,603.28 KiB,True
89514099999,89514099999.csv,200752,196.05 KiB,True
89532099999,89532099999.csv,1187734,1.13 MiB,True
89542099999,89542099999.csv,377946,369.09 KiB,True
89564099999,89564099999.csv,1018383,994.51 KiB,True
89570099999,89570099999.csv,222942,217.72 KiB,True
89571099999,89571099999.csv,1181733,1.13 MiB,True
89573099999,89573099999.csv,269106,262.80 KiB,True
89574099999,89574099999.csv,600973,586.89 KiB,True
89575099999,89575099999.csv,114170,111.49 KiB,True
89577099999,89577099999.csv,1838929,1.75 MiB,True
89578099999,89578099999.csv,1905284,1.82 MiB,True
89592099999,89592099999.csv,628047,613.33 KiB,True
89600099999,89600099999.csv,1433496,1.37 MiB,True
89601099999,89601099999.csv,1838,1.79 KiB,True
89606099999,89606099999.csv,572047,558.64 KiB,True
89611099999,89611099999.csv,1179137,1.12 MiB,True
89614099999,89614099999.csv,1313921,1.25 MiB,True
89615099999,89615099999.csv,387119,378.05 KiB,True
89625099999,89625099999.csv,364038,355.51 KiB,True
89642099999,89642099999.csv,758762,740.98 KiB,True
89648099999,89648099999.csv,989460,966.27 KiB,True
89657099999,89657099999.csv,11178,10.92 KiB,True
89659099999,89659099999.csv,1537196,1.47 MiB,True
89661099999,89661099999.csv,2199671,2.10 MiB,True
89662099999,89662099999.csv,2024804,1.93 MiB,True
89664087601,89664087601.csv,6336431,6.04 MiB,True
89666099999,89666099999.csv,2109508,2.01 MiB,True
89667099999,89667099999.csv,4420,4.32 KiB,True
89674099999,89674099999.csv,895054,874.08 KiB,True
89734099999,89734099999.csv,5332,5.21 KiB,True
89744099999,89744099999.csv,1024,1.00 KiB,True
89767099999,89767099999.csv,597084,583.09 KiB,True
89799099999,89799099999.csv,347,347.00 B,True
89807099999,89807099999.csv,907268,886.00 KiB,True
89809099999,89809099999.csv,291559,284.73 KiB,True
89811099999,89811099999.csv,1774462,1.69 MiB,True
89828099999,89828099999.csv,9529132,9.09 MiB,True
89866099999,89866099999.csv,9747024,9.30 MiB,True
89868099999,89868099999.csv,855,855.00 B,True
89872099999,89872099999.csv,618,618.00 B,True
89879099999,89879099999.csv,6068487,5.79 MiB,True
91066022701,91066022701.csv,7229521,6.89 MiB,True
91162022501,91162022501.csv,8613079,8.21 MiB,True
91165022536,91165022536.csv,10010985,9.55 MiB,True
91170022508,91170022508.csv,10243272,9.77 MiB,True
91176022519,91176022519.csv,8415454,8.03 MiB,True
91178022551,91178022551.csv,6040874,5.76 MiB,True
91182022521,91182022521.csv,7059452,6.73 MiB,True
91186022534,91186022534.csv,7025957,6.70 MiB,True
91190022516,91190022516.csv,6485692,6.19 MiB,True
91190422552,91190422552.csv,1651,1.61 KiB,True
91190522524,91190522524.csv,6008576,5.73 MiB,True
91190799999,91190799999.csv,473,473.00 B,True
91197521510,91197521510.csv,6043448,5.76 MiB,True
91197721508,91197721508.csv,8418863,8.03 MiB,True
91203099999,91203099999.csv,457397,446.68 KiB,True
91212041415,91212041415.csv,9942303,9.48 MiB,True
91218041414,91218041414.csv,8939064,8.52 MiB,True
91221041419,91221041419.csv,2317105,2.21 MiB,True
91231041420,91231041420.csv,1750504,1.67 MiB,True
91232041418,91232041418.csv,8134337,7.76 MiB,True
91233341420,91233341420.csv,1848254,1.76 MiB,True
91246041606,91246041606.csv,8719131,8.32 MiB,True
91285021504,91285021504.csv,10156209,9.69 MiB,True
91317099999,91317099999.csv,202441,197.70 KiB,True
91324099999,91324099999.csv,240541,234.90 KiB,True
91329099999,91329099999.csv,127499,124.51 KiB,True
91334040505,91334040505.csv,7424438,7.08 MiB,True
91336099999,91336099999.csv,612,612.00 B,True
91339099999,91339099999.csv,319292,311.81 KiB,True
91343099999,91343099999.csv,2674,2.61 KiB,True
91348099999,91348099999.csv,1447341,1.38 MiB,True
91348199999,91348199999.csv,4432129,4.23 MiB,True
91350099999,91350099999.csv,118610,115.83 KiB,True
91353099999,91353099999.csv,297439,290.47 KiB,True
91354099999,91354099999.csv,1078,1.05 KiB,True
91355540509,91355540509.csv,1556034,1.48 MiB,True
91356000493,91356000493.csv,1983137,1.89 MiB,True
91366040604,91366040604.csv,10422020,9.94 MiB,True
91367099999,91367099999.csv,577166,563.64 KiB,True
91369099999,91369099999.csv,168308,164.36 KiB,True
91369199999,91369199999.csv,4094965,3.91 MiB,True
91376000492,91376000492.csv,2578610,2.46 MiB,True
91378099999,91378099999.csv,21979,21.46 KiB,True
91408040310,91408040310.csv,5890171,5.62 MiB,True
91413040308,91413040308.csv,7831409,7.47 MiB,True
91425099999,91425099999.csv,369406,360.75 KiB,True
91434099999,91434099999.csv,376482,367.66 KiB,True
91490099999,91490099999.csv,4491332,4.28 MiB,True
91502099999,91502099999.csv,1032584,1008.38 KiB,True
91503099999,91503099999.csv,1218056,1.16 MiB,True
91507099999,91507099999.csv,799514,780.78 KiB,True
91517099999,91517099999.csv,1192086,1.14 MiB,True
91520099999,91520099999.csv,3828014,3.65 MiB,True
91541099999,91541099999.csv,716482,699.69 KiB,True
91551099999,91551099999.csv,1459209,1.39 MiB,True
91551599999,91551599999.csv,1036796,1012.50 KiB,True
91554099999,91554099999.csv,3345380,3.19 MiB,True
91555099999,91555099999.csv,66319,64.76 KiB,True
91557099999,91557099999.csv,4236378,4.04 MiB,True
91565099999,91565099999.csv,2193531,2.09 MiB,True
91568099999,91568099999.csv,1034173,1009.93 KiB,True
91570099999,91570099999.csv,68521,66.92 KiB,True
91573099999,91573099999.csv,33142,32.37 KiB,True
91574099999,91574099999.csv,1466,1.43 KiB,True
91577099999,91577099999.csv,2756,2.69 KiB,True
91579099999,91579099999.csv,1305441,1.24 MiB,True
91582099999,91582099999.csv,1082,1.06 KiB,True
91587099999,91587099999.csv,1330149,1.27 MiB,True
91590099999,91590099999.csv,7767135,7.41 MiB,True
91592099999,91592099999.csv,7287,7.12 KiB,True
91592599999,91592599999.csv,1321,1.29 KiB,True
91596099999,91596099999.csv,1351644,1.29 MiB,True
91601099999,91601099999.csv,607315,593.08 KiB,True
91602099999,91602099999.csv,3228,3.15 KiB,True
91610099999,91610099999.csv,3940789,3.76 MiB,True
91612099999,91612099999.csv,1282615,1.22 MiB,True
91623099999,91623099999.csv,625175,610.52 KiB,True
91629099999,91629099999.csv,574759,561.29 KiB,True
91631099999,91631099999.csv,347711,339.56 KiB,True
91636099999,91636099999.csv,403258,393.81 KiB,True
91642099999,91642099999.csv,645,645.00 B,True
91643080705,91643080705.csv,4516318,4.31 MiB,True
91648099999,91648099999.csv,401412,392.00 KiB,True
91650099999,91650099999.csv,709381,692.75 KiB,True
91652099999,91652099999.csv,986091,962.98 KiB,True
91656099999,91656099999.csv,20906,20.42 KiB,True
91657099999,91657099999.csv,1317168,1.26 MiB,True
91659099999,91659099999.csv,1054,1.03 KiB,True
91660099999,91660099999.csv,1910073,1.82 MiB,True
91663099999,91663099999.csv,1097598,1.05 MiB,True
91665099999,91665099999.csv,1094483,1.04 MiB,True
91670099999,91670099999.csv,1646287,1.57 MiB,True
91676099999,91676099999.csv,420251,410.40 KiB,True
91680099999,91680099999.csv,5074978,4.84 MiB,True
91682099999,91682099999.csv,1864686,1.78 MiB,True
91683099999,91683099999.csv,4954951,4.73 MiB,True
91690099999,91690099999.csv,893,893.00 B,True
91691099999,91691099999.csv,2043129,1.95 MiB,True
91693099999,91693099999.csv,552790,539.83 KiB,True
91699099999,91699099999.csv,1926630,1.84 MiB,True
91701099999,91701099999.csv,561141,547.99 KiB,True
91723099999,91723099999.csv,785448,767.04 KiB,True
91753099999,91753099999.csv,8593931,8.20 MiB,True
91754099999,91754099999.csv,73142,71.43 KiB,True
91757099999,91757099999.csv,4581,4.47 KiB,True
91759099999,91759099999.csv,4802705,4.58 MiB,True
91762099999,91762099999.csv,1181111,1.13 MiB,True
91765061705,91765061705.csv,7498368,7.15 MiB,True
91772099999,91772099999.csv,347488,339.34 KiB,True
91776099999,91776099999.csv,462659,451.82 KiB,True
91779099999,91779099999.csv,1004070,980.54 KiB,True
91783099999,91783099999.csv,2684034,2.56 MiB,True
91784099999,91784099999.csv,2747151,2.62 MiB,True
91789099999,91789099999.csv,582,582.00 B,True
91792000487,91792000487.csv,4327464,4.13 MiB,True
91802099999,91802099999.csv,777486,759.26 KiB,True
91809099999,91809099999.csv,2678805,2.55 MiB,True
91812099999,91812099999.csv,212118,207.15 KiB,True
91822099999,91822099999.csv,3183355,3.04 MiB,True
91830099999,91830099999.csv,2248201,2.14 MiB,True
91831099999,91831099999.csv,815929,796.81 KiB,True
91841099999,91841099999.csv,551014,538.10 KiB,True
91843099999,91843099999.csv,8072890,7.70 MiB,True
91848099999,91848099999.csv,2763597,2.64 MiB,True
91925099999,91925099999.csv,3618456,3.45 MiB,True
91929099999,91929099999.csv,3395273,3.24 MiB,True
91936099999,91936099999.csv,3031,2.96 KiB,True
91938099999,91938099999.csv,8368154,7.98 MiB,True
91943099999,91943099999.csv,4673,4.56 KiB,True
91944099999,91944099999.csv,3250634,3.10 MiB,True
91948099999,91948099999.csv,3270668,3.12 MiB,True
91954099999,91954099999.csv,3553040,3.39 MiB,True
91958099999,91958099999.csv,3309418,3.16 MiB,True
92004099999,92004099999.csv,97130,94.85 KiB,True
92010099999,92010099999.csv,53113,51.87 KiB,True
92014599999,92014599999.csv,1827265,1.74 MiB,True
92014899999,92014899999.csv,22168,21.65 KiB,True
92022099999,92022099999.csv,73533,71.81 KiB,True
92035099999,92035099999.csv,3921228,3.74 MiB,True
92047099999,92047099999.csv,1740314,1.66 MiB,True
92076099999,92076099999.csv,167316,163.39 KiB,True
92077099999,92077099999.csv,83082,81.13 KiB,True
92100099999,92100099999.csv,128718,125.70 KiB,True
93004099999,93004099999.csv,2287450,2.18 MiB,True
93021099999,93021099999.csv,2644437,2.52 MiB,True
93057099999,93057099999.csv,2747350,2.62 MiB,True
93069099999,93069099999.csv,2520810,2.40 MiB,True
93110099999,93110099999.csv,2620122,2.50 MiB,True
93119099999,93119099999.csv,6664618,6.36 MiB,True
93129099999,93129099999.csv,2657280,2.53 MiB,True
93173099999,93173099999.csv,2643747,2.52 MiB,True
93186099999,93186099999.csv,2626597,2.50 MiB,True
93191099999,93191099999.csv,2676757,2.55 MiB,True
93196099999,93196099999.csv,2397368,2.29 MiB,True
93201099999,93201099999.csv,2537156,2.42 MiB,True
93245099999,93245099999.csv,2669976,2.55 MiB,True
93292099999,93292099999.csv,2634803,2.51 MiB,True
93309099999,93309099999.csv,2723874,2.60 MiB,True
93313099999,93313099999.csv,2474043,2.36 MiB,True
93339099999,93339099999.csv,2526791,2.41 MiB,True
93373099999,93373099999.csv,2742069,2.62 MiB,True
93393099999,93393099999.csv,2488758,2.37 MiB,True
93404099999,93404099999.csv,2709656,2.58 MiB,True
93420099999,93420099999.csv,2655043,2.53 MiB,True
93436000488,93436000488.csv,6440190,6.14 MiB,True
93439099999,93439099999.csv,2700677,2.58 MiB,True
93441099999,93441099999.csv,2667640,2.54 MiB,True
93479099999,93479099999.csv,2526184,2.41 MiB,True
93498099999,93498099999.csv,2520277,2.40 MiB,True
93515099999,93515099999.csv,2726132,2.60 MiB,True
93527099999,93527099999.csv,2547921,2.43 MiB,True
93546099999,93546099999.csv,2633896,2.51 MiB,True
93562099999,93562099999.csv,2477574,2.36 MiB,True
93597099999,93597099999.csv,2536980,2.42 MiB,True
93614099999,93614099999.csv,2735378,2.61 MiB,True
93678099999,93678099999.csv,2607054,2.49 MiB,True
93709099999,93709099999.csv,2462165,2.35 MiB,True
93721099999,93721099999.csv,2627021,2.51 MiB,True
93738099999,93738099999.csv,2662499,2.54 MiB,True
93747099999,93747099999.csv,2521317,2.40 MiB,True
93773099999,93773099999.csv,2707756,2.58 MiB,True
93780099999,93780099999.csv,6447616,6.15 MiB,True
93781099999,93781099999.csv,2744866,2.62 MiB,True
93792099999,93792099999.csv,2485868,2.37 MiB,True
93796099999,93796099999.csv,2742595,2.62 MiB,True
93800099999,93800099999.csv,2607909,2.49 MiB,True
93805099999,93805099999.csv,2508265,2.39 MiB,True
93831099999,93831099999.csv,2764986,2.64 MiB,True
93845099999,93845099999.csv,2783640,2.65 MiB,True
93887099999,93887099999.csv,2618930,2.50 MiB,True
93891099999,93891099999.csv,2760693,2.63 MiB,True
93909099999,93909099999.csv,2598736,2.48 MiB,True
93929099999,93929099999.csv,2577567,2.46 MiB,True
93947099999,93947099999.csv,2541599,2.42 MiB,True
93985099999,93985099999.csv,2743803,2.62 MiB,True
93994099999,93994099999.csv,2397284,2.29 MiB,True
94100099999,94100099999.csv,2317491,2.21 MiB,True
94102099999,94102099999.csv,2186505,2.09 MiB,True
94103099999,94103099999.csv,20956,20.46 KiB,True
94105099999,94105099999.csv,3253801,3.10 MiB,True
94106099999,94106099999.csv,3003303,2.86 MiB,True
94108099999,94108099999.csv,3075543,2.93 MiB,True
94109099999,94109099999.csv,2753108,2.63 MiB,True
94110099999,94110099999.csv,3300334,3.15 MiB,True
94116099999,94116099999.csv,2463993,2.35 MiB,True
94119099999,94119099999.csv,3189570,3.04 MiB,True
94120099999,94120099999.csv,10596259,10.11 MiB,True
94121099999,94121099999.csv,234912,229.41 KiB,True
94122099999,94122099999.csv,3264552,3.11 MiB,True
94125099999,94125099999.csv,3239838,3.09 MiB,True
94127099999,94127099999.csv,3130686,2.99 MiB,True
94128099999,94128099999.csv,3094606,2.95 MiB,True
94130099999,94130099999.csv,2971411,2.83 MiB,True
94131099999,94131099999.csv,10199782,9.73 MiB,True
94135099999,94135099999.csv,3003307,2.86 MiB,True
94137099999,94137099999.csv,3513973,3.35 MiB,True
94139099999,94139099999.csv,3143836,3.00 MiB,True
94140099999,94140099999.csv,3225399,3.08 MiB,True
94141099999,94141099999.csv,3263925,3.11 MiB,True
94143099999,94143099999.csv,3164762,3.02 MiB,True
94147099999,94147099999.csv,3248582,3.10 MiB,True
94150099999,94150099999.csv,3594279,3.43 MiB,True
94152099999,94152099999.csv,3169125,3.02 MiB,True
94153099999,94153099999.csv,3467984,3.31 MiB,True
94170099999,94170099999.csv,2498839,2.38 MiB,True
94171099999,94171099999.csv,2533661,2.42 MiB,True
94174099999,94174099999.csv,10350010,9.87 MiB,True
94182099999,94182099999.csv,2382740,2.27 MiB,True
94183099999,94183099999.csv,2508355,2.39 MiB,True
94186099999,94186099999.csv,2708967,2.58 MiB,True
94188099999,94188099999.csv,2506818,2.39 MiB,True
94200099999,94200099999.csv,2359205,2.25 MiB,True
94201099999,94201099999.csv,70461,68.81 KiB,True
94202099999,94202099999.csv,80670,78.78 KiB,True
94203099999,94203099999.csv,9766868,9.31 MiB,True
94206099999,94206099999.csv,2580754,2.46 MiB,True
94207099999,94207099999.csv,1079364,1.03 MiB,True
94210099999,94210099999.csv,2182101,2.08 MiB,True
94212099999,94212099999.csv,2663556,2.54 MiB,True
94213099999,94213099999.csv,90662,88.54 KiB,True
94215099999,94215099999.csv,16437,16.05 KiB,True
94216099999,94216099999.csv,9064441,8.64 MiB,True
94217099999,94217099999.csv,2564703,2.45 MiB,True
94225099999,94225099999.csv,3326694,3.17 MiB,True
94231099999,94231099999.csv,3237889,3.09 MiB,True
94232099999,94232099999.csv,3292180,3.14 MiB,True
94234099999,94234099999.csv,3165248,3.02 MiB,True
94236099999,94236099999.csv,247359,241.56 KiB,True
94238099999,94238099999.csv,3577437,3.41 MiB,True
94239099999,94239099999.csv,3525922,3.36 MiB,True
94248099999,94248099999.csv,3116534,2.97 MiB,True
94255099999,94255099999.csv,2525326,2.41 MiB,True
94257099999,94257099999.csv,142742,139.40 KiB,True
94260099999,94260099999.csv,2301345,2.19 MiB,True
94261099999,94261099999.csv,2401026,2.29 MiB,True
94268099999,94268099999.csv,2479336,2.36 MiB,True
94274099999,94274099999.csv,2623848,2.50 MiB,True
94276099999,94276099999.csv,2154641,2.05 MiB,True
94284099999,94284099999.csv,2103378,2.01 MiB,True
94285099999,94285099999.csv,2515790,2.40 MiB,True
94287099999,94287099999.csv,10806506,10.31 MiB,True
94288099999,94288099999.csv,2189093,2.09 MiB,True
94289099999,94289099999.csv,2205141,2.10 MiB,True
94290099999,94290099999.csv,1122216,1.07 MiB,True
94292099999,94292099999.csv,108564,106.02 KiB,True
94293099999,94293099999.csv,2214108,2.11 MiB,True
94294099999,94294099999.csv,9375879,8.94 MiB,True
94295099999,94295099999.csv,2439054,2.33 MiB,True
94297099999,94297099999.csv,2233063,2.13 MiB,True
94298099999,94298099999.csv,2300364,2.19 MiB,True
94299099999,94299099999.csv,2452334,2.34 MiB,True
94300099999,94300099999.csv,2536514,2.42 MiB,True
94302099999,94302099999.csv,8703578,8.30 MiB,True
94303099999,94303099999.csv,2446719,2.33 MiB,True
94306099999,94306099999.csv,2411254,2.30 MiB,True
94307099999,94307099999.csv,2021001,1.93 MiB,True
94308099999,94308099999.csv,2403294,2.29 MiB,True
94310099999,94310099999.csv,651673,636.40 KiB,True
94311099999,94311099999.csv,5951,5.81 KiB,True
94312099999,94312099999.csv,9186945,8.76 MiB,True
94315099999,94315099999.csv,1395128,1.33 MiB,True
94316099999,94316099999.csv,2576615,2.46 MiB,True
94317099999,94317099999.csv,2492640,2.38 MiB,True
94318099999,94318099999.csv,84270,82.29 KiB,True
94319099999,94319099999.csv,422,422.00 B,True
94321099999,94321099999.csv,3257759,3.11 MiB,True
94323099999,94323099999.csv,156605,152.93 KiB,True
94326099999,94326099999.csv,10185610,9.71 MiB,True
94327099999,94327099999.csv,3094452,2.95 MiB,True
94328099999,94328099999.csv,3320508,3.17 MiB,True
94332099999,94332099999.csv,9180249,8.75 MiB,True
94333099999,94333099999.csv,45921,44.84 KiB,True
94334099999,94334099999.csv,108430,105.89 KiB,True
94335099999,94335099999.csv,2353614,2.24 MiB,True
94336099999,94336099999.csv,2566558,2.45 MiB,True
94337099999,94337099999.csv,2590619,2.47 MiB,True
94338099999,94338099999.csv,2610881,2.49 MiB,True
94341099999,94341099999.csv,2552406,2.43 MiB,True
94342099999,94342099999.csv,2372106,2.26 MiB,True
94343099999,94343099999.csv,2637095,2.51 MiB,True
94344099999,94344099999.csv,2310984,2.20 MiB,True
94345099999,94345099999.csv,123257,120.37 KiB,True
94346099999,94346099999.csv,2582787,2.46 MiB,True
94350099999,94350099999.csv,154431,150.81 KiB,True
94355099999,94355099999.csv,121320,118.48 KiB,True
94356099999,94356099999.csv,247541,241.74 KiB,True
94360099999,94360099999.csv,78322,76.49 KiB,True
94363099999,94363099999.csv,2644405,2.52 MiB,True
94365099999,94365099999.csv,2519705,2.40 MiB,True
94366099999,94366099999.csv,2189206,2.09 MiB,True
94367099999,94367099999.csv,2558346,2.44 MiB,True
94368099999,94368099999.csv,2689313,2.56 MiB,True
94370099999,94370099999.csv,2664690,2.54 MiB,True
94371099999,94371099999.csv,1860890,1.77 MiB,True
94372099999,94372099999.csv,2313839,2.21 MiB,True
94373099999,94373099999.csv,2485358,2.37 MiB,True
94374099999,94374099999.csv,9808148,9.35 MiB,True
94376099999,94376099999.csv,2636013,2.51 MiB,True
94377099999,94377099999.csv,86934,84.90 KiB,True
94378099999,94378099999.csv,2100227,2.00 MiB,True
94379099999,94379099999.csv,2229429,2.13 MiB,True
94380099999,94380099999.csv,2430712,2.32 MiB,True
94381099999,94381099999.csv,2681816,2.56 MiB,True
94384099999,94384099999.csv,155717,152.07 KiB,True
94386099999,94386099999.csv,1411588,1.35 MiB,True
94387099999,94387099999.csv,2576658,2.46 MiB,True
94388099999,94388099999.csv,2318778,2.21 MiB,True
94390099999,94390099999.csv,78289,76.45 KiB,True
94393099999,94393099999.csv,2235981,2.13 MiB,True
94394099999,94394099999.csv,2256578,2.15 MiB,True
94395099999,94395099999.csv,2518043,2.40 MiB,True
94396099999,94396099999.csv,2199120,2.10 MiB,True
94397099999,94397099999.csv,2308961,2.20 MiB,True
94398099999,94398099999.csv,2356661,2.25 MiB,True
94399099999,94399099999.csv,2451467,2.34 MiB,True
94401099999,94401099999.csv,127551,124.56 KiB,True
94402099999,94402099999.csv,119986,117.17 KiB,True
94403099999,94403099999.csv,9554960,9.11 MiB,True
94404099999,94404099999.csv,123625,120.73 KiB,True
94405099999,94405099999.csv,2280828,2.18 MiB,True
94406099999,94406099999.csv,2222744,2.12 MiB,True
94411099999,94411099999.csv,105888,103.41 KiB,True
94415099999,94415099999.csv,61311,59.87 KiB,True
94417099999,94417099999.csv,2438709,2.33 MiB,True
94422099999,94422099999.csv,99877,97.54 KiB,True
94429099999,94429099999.csv,2604381,2.48 MiB,True
94444099999,94444099999.csv,123598,120.70 KiB,True
94449099999,94449099999.csv,2511650,2.40 MiB,True
94450099999,94450099999.csv,2586318,2.47 MiB,True
94451099999,94451099999.csv,128895,125.87 KiB,True
94457099999,94457099999.csv,2508302,2.39 MiB,True
94461099999,94461099999.csv,3566946,3.40 MiB,True
94462099999,94462099999.csv,416,416.00 B,True
94463099999,94463099999.csv,198895,194.23 KiB,True
94466099999,94466099999.csv,17628,17.21 KiB,True
94474099999,94474099999.csv,2721607,2.60 MiB,True
94476099999,94476099999.csv,3215695,3.07 MiB,True
94497099999,94497099999.csv,31805,31.06 KiB,True
94498099999,94498099999.csv,98140,95.84 KiB,True
94500099999,94500099999.csv,137637,134.41 KiB,True
94510099999,94510099999.csv,2580906,2.46 MiB,True
94511099999,94511099999.csv,134326,131.18 KiB,True
94513099999,94513099999.csv,33639,32.85 KiB,True
94514099999,94514099999.csv,127950,124.95 KiB,True
94515099999,94515099999.csv,2383875,2.27 MiB,True
94517099999,94517099999.csv,2249246,2.15 MiB,True
94520099999,94520099999.csv,95394,93.16 KiB,True
94521099999,94521099999.csv,106586,104.09 KiB,True
94525099999,94525099999.csv,125789,122.84 KiB,True
94541099999,94541099999.csv,2482870,2.37 MiB,True
94542099999,94542099999.csv,2423217,2.31 MiB,True
94544099999,94544099999.csv,77502,75.69 KiB,True
94549099999,94549099999.csv,2688679,2.56 MiB,True
94550099999,94550099999.csv,188668,184.25 KiB,True
94552099999,94552099999.csv,2409600,2.30 MiB,True
94553099999,94553099999.csv,2416486,2.30 MiB,True
94555099999,94555099999.csv,2310399,2.20 MiB,True
94556099999,94556099999.csv,87771,85.71 KiB,True
94562099999,94562099999.csv,2058395,1.96 MiB,True
94564099999,94564099999.csv,76979,75.17 KiB,True
94566099999,94566099999.csv,2114835,2.02 MiB,True
94567099999,94567099999.csv,2323907,2.22 MiB,True
94569099999,94569099999.csv,9601236,9.16 MiB,True
94570099999,94570099999.csv,2480561,2.37 MiB,True
94572099999,94572099999.csv,2573989,2.45 MiB,True
94573099999,94573099999.csv,2402674,2.29 MiB,True
94575099999,94575099999.csv,2674251,2.55 MiB,True
94576099999,94576099999.csv,2128221,2.03 MiB,True
94578099999,94578099999.csv,9598018,9.15 MiB,True
94580099999,94580099999.csv,2502436,2.39 MiB,True
94582099999,94582099999.csv,173899,169.82 KiB,True
94584099999,94584099999.csv,2490748,2.38 MiB,True
94585099999,94585099999.csv,35468,34.64 KiB,True
94587099999,94587099999.csv,121568,118.72 KiB,True
94588099999,94588099999.csv,2547138,2.43 MiB,True
94589099999,94589099999.csv,2440849,2.33 MiB,True
94590099999,94590099999.csv,1513945,1.44 MiB,True
94591099999,94591099999.csv,1587075,1.51 MiB,True
94592099999,94592099999.csv,9815390,9.36 MiB,True
94593099999,94593099999.csv,113559,110.90 KiB,True
94594099999,94594099999.csv,2311358,2.20 MiB,True
94595199999,94595199999.csv,9917416,9.46 MiB,True
94595299999,94595299999.csv,8339835,7.95 MiB,True
94595399999,94595399999.csv,9305795,8.87 MiB,True
94595599999,94595599999.csv,6737214,6.43 MiB,True
94595699999,94595699999.csv,2500874,2.39 MiB,True
94596099999,94596099999.csv,2641883,2.52 MiB,True
94598099999,94598099999.csv,2476631,2.36 MiB,True
94599099999,94599099999.csv,2478661,2.36 MiB,True
94600099999,94600099999.csv,2496914,2.38 MiB,True
94601099999,94601099999.csv,2455814,2.34 MiB,True
94602099999,94602099999.csv,2414109,2.30 MiB,True
94603099999,94603099999.csv,2260963,2.16 MiB,True
94604099999,94604099999.csv,2273504,2.17 MiB,True
94605099999,94605099999.csv,2378395,2.27 MiB,True
94608099999,94608099999.csv,2403865,2.29 MiB,True
94609099999,94609099999.csv,9696621,9.25 MiB,True
94610099999,94610099999.csv,9106228,8.68 MiB,True
94612099999,94612099999.csv,9431365,8.99 MiB,True
94614099999,94614099999.csv,2029875,1.94 MiB,True
94615099999,94615099999.csv,1933806,1.84 MiB,True
94617099999,94617099999.csv,2308855,2.20 MiB,True
94619099999,94619099999.csv,2921107,2.79 MiB,True
94620099999,94620099999.csv,2359322,2.25 MiB,True
94621099999,94621099999.csv,100995,98.63 KiB,True
94622099999,94622099999.csv,101567,99.19 KiB,True
94623099999,94623099999.csv,118106,115.34 KiB,True
94625099999,94625099999.csv,126456,123.49 KiB,True
94627099999,94627099999.csv,128913,125.89 KiB,True
94628099999,94628099999.csv,2510316,2.39 MiB,True
94630099999,94630099999.csv,8195,8.00 KiB,True
94631099999,94631099999.csv,2088354,1.99 MiB,True
94632099999,94632099999.csv,91402,89.26 KiB,True
94633099999,94633099999.csv,52095,50.87 KiB,True
94636099999,94636099999.csv,97059,94.78 KiB,True
94637099999,94637099999.csv,9412312,8.98 MiB,True
94638099999,94638099999.csv,2605793,2.49 MiB,True
94640099999,94640099999.csv,126375,123.41 KiB,True
94641099999,94641099999.csv,2343481,2.23 MiB,True
94644099999,94644099999.csv,2182594,2.08 MiB,True
94645099999,94645099999.csv,271235,264.88 KiB,True
94647099999,94647099999.csv,2369006,2.26 MiB,True
94651099999,94651099999.csv,3021891,2.88 MiB,True
94653099999,94653099999.csv,414,414.00 B,True
94654099999,94654099999.csv,230953,225.54 KiB,True
94655099999,94655099999.csv,2945321,2.81 MiB,True
94656099999,94656099999.csv,190817,186.34 KiB,True
94657099999,94657099999.csv,422243,412.35 KiB,True
94659099999,94659099999.csv,9698211,9.25 MiB,True
94660099999,94660099999.csv,156350,152.69 KiB,True
94661099999,94661099999.csv,216571,211.50 KiB,True
94662099999,94662099999.csv,2905182,2.77 MiB,True
94663099999,94663099999.csv,204631,199.83 KiB,True
94665099999,94665099999.csv,162120,158.32 KiB,True
94666099999,94666099999.csv,1631470,1.56 MiB,True
94668099999,94668099999.csv,179377,175.17 KiB,True
94672099999,94672099999.csv,10644507,10.15 MiB,True
94673099999,94673099999.csv,225438,220.15 KiB,True
94674099999,94674099999.csv,2976359,2.84 MiB,True
94676099999,94676099999.csv,266629,260.38 KiB,True
94677099999,94677099999.csv,3350732,3.20 MiB,True
94678099999,94678099999.csv,3063684,2.92 MiB,True
94679099999,94679099999.csv,132945,129.83 KiB,True
94680099999,94680099999.csv,239948,234.32 KiB,True
94681099999,94681099999.csv,3033585,2.89 MiB,True
94682099999,94682099999.csv,3298721,3.15 MiB,True
94683099999,94683099999.csv,3358129,3.20 MiB,True
94684099999,94684099999.csv,3299111,3.15 MiB,True
94685099999,94685099999.csv,3083868,2.94 MiB,True
94686099999,94686099999.csv,2416684,2.30 MiB,True
94690099999,94690099999.csv,3279591,3.13 MiB,True
94691099999,94691099999.csv,3502754,3.34 MiB,True
94692099999,94692099999.csv,82594,80.66 KiB,True
94694099999,94694099999.csv,101783,99.40 KiB,True
94696099999,94696099999.csv,84308,82.33 KiB,True
94700099999,94700099999.csv,82282,80.35 KiB,True
94702099999,94702099999.csv,2496102,2.38 MiB,True
94703099999,94703099999.csv,2492877,2.38 MiB,True
94710099999,94710099999.csv,2568951,2.45 MiB,True
94711099999,94711099999.csv,2550055,2.43 MiB,True
94712099999,94712099999.csv,2477969,2.36 MiB,True
94714099999,94714099999.csv,117914,115.15 KiB,True
94715099999,94715099999.csv,2346412,2.24 MiB,True
94716099999,94716099999.csv,134326,131.18 KiB,True
94719099999,94719099999.csv,6576091,6.27 MiB,True
94721099999,94721099999.csv,105361,102.89 KiB,True
94723099999,94723099999.csv,95113,92.88 KiB,True
94725099999,94725099999.csv,120534,117.71 KiB,True
94727099999,94727099999.csv,2598347,2.48 MiB,True
94728099999,94728099999.csv,117952,115.19 KiB,True
94729099999,94729099999.csv,2594604,2.47 MiB,True
94730099999,94730099999.csv,98466,96.16 KiB,True
94732099999,94732099999.csv,72387,70.69 KiB,True
94735099999,94735099999.csv,70580,68.93 KiB,True
94740099999,94740099999.csv,221532,216.34 KiB,True
94741099999,94741099999.csv,104971,102.51 KiB,True
94743099999,94743099999.csv,2309278,2.20 MiB,True
94744099999,94744099999.csv,102725,100.32 KiB,True
94746099999,94746099999.csv,2685448,2.56 MiB,True
94749099999,94749099999.csv,2209557,2.11 MiB,True
94750099999,94750099999.csv,2523513,2.41 MiB,True
94752099999,94752099999.csv,2230295,2.13 MiB,True
94753099999,94753099999.csv,7503606,7.16 MiB,True
94754099999,94754099999.csv,2167883,2.07 MiB,True
94755099999,94755099999.csv,2549545,2.43 MiB,True
94756099999,94756099999.csv,111467,108.85 KiB,True
94757099999,94757099999.csv,2210078,2.11 MiB,True
94759099999,94759099999.csv,2159555,2.06 MiB,True
94760099999,94760099999.csv,2132713,2.03 MiB,True
94761099999,94761099999.csv,107947,105.42 KiB,True
94762099999,94762099999.csv,9671137,9.22 MiB,True
94763099999,94763099999.csv,2059316,1.96 MiB,True
94764099999,94764099999.csv,123976,121.07 KiB,True
94765099999,94765099999.csv,2619323,2.50 MiB,True
94766099999,94766099999.csv,2155798,2.06 MiB,True
94767099999,94767099999.csv,10118990,9.65 MiB,True
94768099999,94768099999.csv,2434063,2.32 MiB,True
94769099999,94769099999.csv,440954,430.62 KiB,True
94772099999,94772099999.csv,116413,113.68 KiB,True
94773099999,94773099999.csv,128806,125.79 KiB,True
94774099999,94774099999.csv,2252500,2.15 MiB,True
94775099999,94775099999.csv,2089845,1.99 MiB,True
94776099999,94776099999.csv,9595459,9.15 MiB,True
94780099999,94780099999.csv,1030,1.01 KiB,True
94782099999,94782099999.csv,2113229,2.02 MiB,True
94783099999,94783099999.csv,268682,262.38 KiB,True
94785099999,94785099999.csv,2507803,2.39 MiB,True
94789099999,94789099999.csv,65147,63.62 KiB,True
94790099999,94790099999.csv,26892,26.26 KiB,True
94791099999,94791099999.csv,10224554,9.75 MiB,True
94792099999,94792099999.csv,88948,86.86 KiB,True
94801099999,94801099999.csv,108552,106.01 KiB,True
94802099999,94802099999.csv,2664920,2.54 MiB,True
94804099999,94804099999.csv,3278605,3.13 MiB,True
94806099999,94806099999.csv,221173,215.99 KiB,True
94807099999,94807099999.csv,2422642,2.31 MiB,True
94808099999,94808099999.csv,2531611,2.41 MiB,True
94809099999,94809099999.csv,2990268,2.85 MiB,True
94811099999,94811099999.csv,3312365,3.16 MiB,True
94812099999,94812099999.csv,513052,501.03 KiB,True
94813099999,94813099999.csv,2857373,2.73 MiB,True
94814099999,94814099999.csv,3270130,3.12 MiB,True
94816099999,94816099999.csv,230795,225.39 KiB,True
94817099999,94817099999.csv,2755801,2.63 MiB,True
94820099999,94820099999.csv,2917141,2.78 MiB,True
94821099999,94821099999.csv,3687220,3.52 MiB,True
94822099999,94822099999.csv,2815382,2.68 MiB,True
94826099999,94826099999.csv,2350766,2.24 MiB,True
94827099999,94827099999.csv,2341245,2.23 MiB,True
94828099999,94828099999.csv,2638998,2.52 MiB,True
94829099999,94829099999.csv,2495910,2.38 MiB,True
94830099999,94830099999.csv,2272458,2.17 MiB,True
94831099999,94831099999.csv,25112,24.52 KiB,True
94833099999,94833099999.csv,1959482,1.87 MiB,True
94834099999,94834099999.csv,372459,363.73 KiB,True
94835099999,94835099999.csv,1961103,1.87 MiB,True
94836099999,94836099999.csv,2541197,2.42 MiB,True
94837099999,94837099999.csv,2752057,2.62 MiB,True
94838099999,94838099999.csv,2201229,2.10 MiB,True
94839099999,94839099999.csv,2408120,2.30 MiB,True
94840099999,94840099999.csv,2550501,2.43 MiB,True
94842099999,94842099999.csv,2513530,2.40 MiB,True
94843099999,94843099999.csv,2488942,2.37 MiB,True
94844099999,94844099999.csv,223593,218.35 KiB,True
94846099999,94846099999.csv,2022297,1.93 MiB,True
94847099999,94847099999.csv,860754,840.58 KiB,True
94849099999,94849099999.csv,117767,115.01 KiB,True
94850099999,94850099999.csv,2799198,2.67 MiB,True
94852099999,94852099999.csv,2545481,2.43 MiB,True
94853099999,94853099999.csv,1523566,1.45 MiB,True
94854099999,94854099999.csv,2525275,2.41 MiB,True
94855099999,94855099999.csv,2692587,2.57 MiB,True
94856099999,94856099999.csv,1886232,1.80 MiB,True
94857099999,94857099999.csv,2525263,2.41 MiB,True
94859099999,94859099999.csv,2059549,1.96 MiB,True
94860099999,94860099999.csv,2514517,2.40 MiB,True
94861099999,94861099999.csv,117838,115.08 KiB,True
94862099999,94862099999.csv,2476325,2.36 MiB,True
94863099999,94863099999.csv,2430346,2.32 MiB,True
94864099999,94864099999.csv,2350837,2.24 MiB,True
94865099999,94865099999.csv,2314813,2.21 MiB,True
94866099999,94866099999.csv,10181429,9.71 MiB,True
94870099999,94870099999.csv,2549812,2.43 MiB,True
94871099999,94871099999.csv,1835643,1.75 MiB,True
94872099999,94872099999.csv,2482412,2.37 MiB,True
94873199999,94873199999.csv,1989062,1.90 MiB,True
94874099999,94874099999.csv,2672956,2.55 MiB,True
94875099999,94875099999.csv,2302813,2.20 MiB,True
94876099999,94876099999.csv,2488279,2.37 MiB,True
94878099999,94878099999.csv,2030138,1.94 MiB,True
94881099999,94881099999.csv,2079689,1.98 MiB,True
94882099999,94882099999.csv,117717,114.96 KiB,True
94884099999,94884099999.csv,275133,268.68 KiB,True
94886099999,94886099999.csv,2288580,2.18 MiB,True
94888099999,94888099999.csv,76793,74.99 KiB,True
94889099999,94889099999.csv,2596183,2.48 MiB,True
94890099999,94890099999.csv,3791,3.70 KiB,True
94891099999,94891099999.csv,2445800,2.33 MiB,True
94892099999,94892099999.csv,2351338,2.24 MiB,True
94893099999,94893099999.csv,2621628,2.50 MiB,True
94894099999,94894099999.csv,1935099,1.85 MiB,True
94895599999,94895599999.csv,7262052,6.93 MiB,True
94898099999,94898099999.csv,2429494,2.32 MiB,True
94899099999,94899099999.csv,9971,9.74 KiB,True
94901099999,94901099999.csv,107849,105.32 KiB,True
94903099999,94903099999.csv,2472259,2.36 MiB,True
94905099999,94905099999.csv,2346090,2.24 MiB,True
94906099999,94906099999.csv,2138565,2.04 MiB,True
94907099999,94907099999.csv,2083069,1.99 MiB,True
94908099999,94908099999.csv,2306800,2.20 MiB,True
94909099999,94909099999.csv,42168,41.18 KiB,True
94910099999,94910099999.csv,2522359,2.41 MiB,True
94911099999,94911099999.csv,2286660,2.18 MiB,True
94912099999,94912099999.csv,2360287,2.25 MiB,True
94913099999,94913099999.csv,2454121,2.34 MiB,True
94914099999,94914099999.csv,2461971,2.35 MiB,True
94915099999,94915099999.csv,2082138,1.99 MiB,True
94918099999,94918099999.csv,91124,88.99 KiB,True
94919099999,94919099999.csv,2419779,2.31 MiB,True
94921099999,94921099999.csv,2635690,2.51 MiB,True
94923099999,94923099999.csv,110411,107.82 KiB,True
94925099999,94925099999.csv,2514056,2.40 MiB,True
94926099999,94926099999.csv,11189603,10.67 MiB,True
94927099999,94927099999.csv,2698533,2.57 MiB,True
94928099999,94928099999.csv,129549,126.51 KiB,True
94929099999,94929099999.csv,2382405,2.27 MiB,True
94930099999,94930099999.csv,1904661,1.82 MiB,True
94933099999,94933099999.csv,2627460,2.51 MiB,True
94934099999,94934099999.csv,2284042,2.18 MiB,True
94935099999,94935099999.csv,2239369,2.14 MiB,True
94937099999,94937099999.csv,296241,289.30 KiB,True
94938099999,94938099999.csv,2399570,2.29 MiB,True
94939099999,94939099999.csv,2423671,2.31 MiB,True
94941099999,94941099999.csv,39434,38.51 KiB,True
94943099999,94943099999.csv,2383069,2.27 MiB,True
94949099999,94949099999.csv,2461896,2.35 MiB,True
94950099999,94950099999.csv,145154,141.75 KiB,True
94951099999,94951099999.csv,2492695,2.38 MiB,True
94953099999,94953099999.csv,2532676,2.42 MiB,True
94954099999,94954099999.csv,587734,573.96 KiB,True
94955099999,94955099999.csv,2528566,2.41 MiB,True
94956099999,94956099999.csv,2677439,2.55 MiB,True
94957099999,94957099999.csv,2509195,2.39 MiB,True
94959099999,94959099999.csv,2146597,2.05 MiB,True
94960099999,94960099999.csv,2503061,2.39 MiB,True
94961099999,94961099999.csv,137914,134.68 KiB,True
94962099999,94962099999.csv,2672896,2.55 MiB,True
94964099999,94964099999.csv,2213908,2.11 MiB,True
94968099999,94968099999.csv,7866826,7.50 MiB,True
94969099999,94969099999.csv,2194084,2.09 MiB,True
94970099999,94970099999.csv,2524590,2.41 MiB,True
94972099999,94972099999.csv,2604509,2.48 MiB,True
94974099999,94974099999.csv,2093699,2.00 MiB,True
94975099999,94975099999.csv,6856039,6.54 MiB,True
94976099999,94976099999.csv,54935,53.65 KiB,True
94977099999,94977099999.csv,2137311,2.04 MiB,True
94980099999,94980099999.csv,2672942,2.55 MiB,True
94981099999,94981099999.csv,144455,141.07 KiB,True
94983099999,94983099999.csv,2372754,2.26 MiB,True
94985099999,94985099999.csv,113731,111.07 KiB,True
94987099999,94987099999.csv,2430292,2.32 MiB,True
94988099999,94988099999.csv,2405634,2.29 MiB,True
94995099999,94995099999.csv,3242335,3.09 MiB,True
94996099999,94996099999.csv,12792793,12.20 MiB,True
94997099999,94997099999.csv,3130,3.06 KiB,True
94998099999,94998099999.csv,2709081,2.58 MiB,True
95101099999,95101099999.csv,2454448,2.34 MiB,True
95111099999,95111099999.csv,3290711,3.14 MiB,True
95121099999,95121099999.csv,3176793,3.03 MiB,True
95142099999,95142099999.csv,3479167,3.32 MiB,True
95146099999,95146099999.csv,3120089,2.98 MiB,True
95205099999,95205099999.csv,2558044,2.44 MiB,True
95214099999,95214099999.csv,2326304,2.22 MiB,True
95283099999,95283099999.csv,2538190,2.42 MiB,True
95284099999,95284099999.csv,109013,106.46 KiB,True
95286099999,95286099999.csv,2745215,2.62 MiB,True
95288099999,95288099999.csv,2176945,2.08 MiB,True
95291099999,95291099999.csv,58879,57.50 KiB,True
95292099999,95292099999.csv,2586968,2.47 MiB,True
95293099999,95293099999.csv,2440957,2.33 MiB,True
95295099999,95295099999.csv,2222057,2.12 MiB,True
95296099999,95296099999.csv,2441715,2.33 MiB,True
95303099999,95303099999.csv,2389228,2.28 MiB,True
95304099999,95304099999.csv,2447749,2.33 MiB,True
95305099999,95305099999.csv,2531560,2.41 MiB,True
95307099999,95307099999.csv,2507768,2.39 MiB,True
95317099999,95317099999.csv,2361533,2.25 MiB,True
95322099999,95322099999.csv,3150159,3.00 MiB,True
95323099999,95323099999.csv,376871,368.04 KiB,True
95351099999,95351099999.csv,2531363,2.41 MiB,True
95362099999,95362099999.csv,117468,114.71 KiB,True
95369099999,95369099999.csv,2122332,2.02 MiB,True
95370099999,95370099999.csv,2376389,2.27 MiB,True
95402099999,95402099999.csv,2422974,2.31 MiB,True
95448099999,95448099999.csv,2454148,2.34 MiB,True
95458099999,95458099999.csv,3528099,3.36 MiB,True
95480099999,95480099999.csv,2879559,2.75 MiB,True
95481099999,95481099999.csv,2990938,2.85 MiB,True
95482099999,95482099999.csv,2368867,2.26 MiB,True
95485099999,95485099999.csv,2348080,2.24 MiB,True
95487099999,95487099999.csv,2298796,2.19 MiB,True
95492099999,95492099999.csv,2575093,2.46 MiB,True
95512099999,95512099999.csv,106969,104.46 KiB,True
95520099999,95520099999.csv,65951,64.41 KiB,True
95527099999,95527099999.csv,2432332,2.32 MiB,True
95529099999,95529099999.csv,2505950,2.39 MiB,True
95533099999,95533099999.csv,128232,125.23 KiB,True
95543099999,95543099999.csv,2502679,2.39 MiB,True
95551099999,95551099999.csv,2342658,2.23 MiB,True
95565099999,95565099999.csv,2589971,2.47 MiB,True
95566099999,95566099999.csv,2203757,2.10 MiB,True
95570099999,95570099999.csv,2614835,2.49 MiB,True
95571099999,95571099999.csv,2200323,2.10 MiB,True
95572099999,95572099999.csv,2200690,2.10 MiB,True
95575099999,95575099999.csv,2541403,2.42 MiB,True
95581099999,95581099999.csv,67311,65.73 KiB,True
95591099999,95591099999.csv,2389942,2.28 MiB,True
95603099999,95603099999.csv,19875,19.41 KiB,True
95604099999,95604099999.csv,5640,5.51 KiB,True
95607099999,95607099999.csv,2449933,2.34 MiB,True
95610099999,95610099999.csv,2137866,2.04 MiB,True
95611099999,95611099999.csv,2565380,2.45 MiB,True
95612099999,95612099999.csv,2407894,2.30 MiB,True
95613099999,95613099999.csv,63371,61.89 KiB,True
95614099999,95614099999.csv,181951,177.69 KiB,True
95615099999,95615099999.csv,124822,121.90 KiB,True
95616099999,95616099999.csv,99137,96.81 KiB,True
95617099999,95617099999.csv,1944960,1.85 MiB,True
95618099999,95618099999.csv,70193,68.55 KiB,True
95621099999,95621099999.csv,2081177,1.98 MiB,True
95622099999,95622099999.csv,70191,68.55 KiB,True
95623099999,95623099999.csv,102556,100.15 KiB,True
95624099999,95624099999.csv,110568,107.98 KiB,True
95625099999,95625099999.csv,2604655,2.48 MiB,True
95627099999,95627099999.csv,112829,110.18 KiB,True
95628099999,95628099999.csv,26277,25.66 KiB,True
95629099999,95629099999.csv,2401581,2.29 MiB,True
95631099999,95631099999.csv,43161,42.15 KiB,True
95632099999,95632099999.csv,2373482,2.26 MiB,True
95634099999,95634099999.csv,2644287,2.52 MiB,True
95635099999,95635099999.csv,2415866,2.30 MiB,True
95636099999,95636099999.csv,2313099,2.21 MiB,True
95637099999,95637099999.csv,2389757,2.28 MiB,True
95638099999,95638099999.csv,2626080,2.50 MiB,True
95639099999,95639099999.csv,2198418,2.10 MiB,True
95640099999,95640099999.csv,2064828,1.97 MiB,True
95641099999,95641099999.csv,1033384,1009.16 KiB,True
95642099999,95642099999.csv,2399953,2.29 MiB,True
95644099999,95644099999.csv,2354805,2.25 MiB,True
95645099999,95645099999.csv,2143300,2.04 MiB,True
95646099999,95646099999.csv,8887906,8.48 MiB,True
95647099999,95647099999.csv,2383276,2.27 MiB,True
95654099999,95654099999.csv,2726554,2.60 MiB,True
95658099999,95658099999.csv,3459349,3.30 MiB,True
95659099999,95659099999.csv,2786590,2.66 MiB,True
95660099999,95660099999.csv,212397,207.42 KiB,True
95662099999,95662099999.csv,2703355,2.58 MiB,True
95663099999,95663099999.csv,3193759,3.05 MiB,True
95664099999,95664099999.csv,2941933,2.81 MiB,True
95666099999,95666099999.csv,3262134,3.11 MiB,True
95667099999,95667099999.csv,3236110,3.09 MiB,True
95668099999,95668099999.csv,200348,195.65 KiB,True
95669099999,95669099999.csv,72453,70.75 KiB,True
95670099999,95670099999.csv,2862558,2.73 MiB,True
95671099999,95671099999.csv,2937925,2.80 MiB,True
95675099999,95675099999.csv,1533007,1.46 MiB,True
95676099999,95676099999.csv,3433708,3.27 MiB,True
95677099999,95677099999.csv,3530260,3.37 MiB,True
95678099999,95678099999.csv,2687343,2.56 MiB,True
95679099999,95679099999.csv,2150973,2.05 MiB,True
95687099999,95687099999.csv,2931969,2.80 MiB,True
95692099999,95692099999.csv,113191,110.54 KiB,True
95695099999,95695099999.csv,2529157,2.41 MiB,True
95697099999,95697099999.csv,2523611,2.41 MiB,True
95699099999,95699099999.csv,2390125,2.28 MiB,True
95704099999,95704099999.csv,2611816,2.49 MiB,True
95705099999,95705099999.csv,2193084,2.09 MiB,True
95706099999,95706099999.csv,2563933,2.45 MiB,True
95707099999,95707099999.csv,47682,46.56 KiB,True
95708099999,95708099999.csv,2493978,2.38 MiB,True
95709099999,95709099999.csv,2502259,2.39 MiB,True
95710099999,95710099999.csv,2418982,2.31 MiB,True
95715099999,95715099999.csv,2572918,2.45 MiB,True
95716099999,95716099999.csv,2707719,2.58 MiB,True
95717099999,95717099999.csv,2627255,2.51 MiB,True
95718099999,95718099999.csv,2503492,2.39 MiB,True
95719099999,95719099999.csv,2655758,2.53 MiB,True
95721099999,95721099999.csv,2427246,2.31 MiB,True
95722099999,95722099999.csv,2468693,2.35 MiB,True
95725099999,95725099999.csv,69382,67.76 KiB,True
95726099999,95726099999.csv,2601118,2.48 MiB,True
95727099999,95727099999.csv,89589,87.49 KiB,True
95728099999,95728099999.csv,2692722,2.57 MiB,True
95734099999,95734099999.csv,2631388,2.51 MiB,True
95740099999,95740099999.csv,2290744,2.18 MiB,True
95746099999,95746099999.csv,73193,71.48 KiB,True
95747099999,95747099999.csv,2601108,2.48 MiB,True
95748099999,95748099999.csv,2604132,2.48 MiB,True
95749099999,95749099999.csv,2082222,1.99 MiB,True
95752099999,95752099999.csv,362,362.00 B,True
95753099999,95753099999.csv,2543515,2.43 MiB,True
95754099999,95754099999.csv,2598068,2.48 MiB,True
95756099999,95756099999.csv,423322,413.40 KiB,True
95758099999,95758099999.csv,2591975,2.47 MiB,True
95761099999,95761099999.csv,2666162,2.54 MiB,True
95762099999,95762099999.csv,431,431.00 B,True
95765099999,95765099999.csv,2311589,2.20 MiB,True
95767099999,95767099999.csv,2477759,2.36 MiB,True
95770099999,95770099999.csv,2510294,2.39 MiB,True
95771099999,95771099999.csv,2479403,2.36 MiB,True
95772099999,95772099999.csv,67054,65.48 KiB,True
95773099999,95773099999.csv,2691423,2.57 MiB,True
95774099999,95774099999.csv,2158255,2.06 MiB,True
95779099999,95779099999.csv,200701,196.00 KiB,True
95784099999,95784099999.csv,2610737,2.49 MiB,True
95805099999,95805099999.csv,3141434,3.00 MiB,True
95806099999,95806099999.csv,2854917,2.72 MiB,True
95807099999,95807099999.csv,3089479,2.95 MiB,True
95811099999,95811099999.csv,242550,236.87 KiB,True
95812099999,95812099999.csv,245947,240.18 KiB,True
95813099999,95813099999.csv,186590,182.22 KiB,True
95814099999,95814099999.csv,32629,31.86 KiB,True
95815099999,95815099999.csv,3018861,2.88 MiB,True
95816099999,95816099999.csv,2779575,2.65 MiB,True
95818099999,95818099999.csv,3103925,2.96 MiB,True
95822099999,95822099999.csv,2442099,2.33 MiB,True
95823099999,95823099999.csv,2781529,2.65 MiB,True
95825099999,95825099999.csv,2133999,2.04 MiB,True
95827099999,95827099999.csv,2392954,2.28 MiB,True
95831099999,95831099999.csv,2118576,2.02 MiB,True
95832099999,95832099999.csv,2203452,2.10 MiB,True
95833099999,95833099999.csv,2257357,2.15 MiB,True
95835099999,95835099999.csv,2079631,1.98 MiB,True
95836099999,95836099999.csv,2258899,2.15 MiB,True
95837099999,95837099999.csv,2098852,2.00 MiB,True
95838099999,95838099999.csv,48683,47.54 KiB,True
95839099999,95839099999.csv,2710831,2.59 MiB,True
95840099999,95840099999.csv,2387087,2.28 MiB,True
95843099999,95843099999.csv,101314,98.94 KiB,True
95845099999,95845099999.csv,2190881,2.09 MiB,True
95853099999,95853099999.csv,74779,73.03 KiB,True
95864099999,95864099999.csv,921638,900.04 KiB,True
95866099999,95866099999.csv,2332193,2.22 MiB,True
95867099999,95867099999.csv,2182198,2.08 MiB,True
95869099999,95869099999.csv,2477816,2.36 MiB,True
95872099999,95872099999.csv,873663,853.19 KiB,True
95874099999,95874099999.csv,2444439,2.33 MiB,True
95881099999,95881099999.csv,82405,80.47 KiB,True
95890099999,95890099999.csv,2110155,2.01 MiB,True
95895099999,95895099999.csv,27235,26.60 KiB,True
95896099999,95896099999.csv,2561376,2.44 MiB,True
95901099999,95901099999.csv,2169206,2.07 MiB,True
95904099999,95904099999.csv,115989,113.27 KiB,True
95908099999,95908099999.csv,199820,195.14 KiB,True
95909099999,95909099999.csv,2253970,2.15 MiB,True
95913099999,95913099999.csv,1904525,1.82 MiB,True
95916099999,95916099999.csv,2128420,2.03 MiB,True
95918099999,95918099999.csv,2407541,2.30 MiB,True
95925099999,95925099999.csv,2116573,2.02 MiB,True
95929099999,95929099999.csv,2589608,2.47 MiB,True
95931099999,95931099999.csv,2397232,2.29 MiB,True
95935099999,95935099999.csv,220407,215.24 KiB,True
95936099999,95936099999.csv,2403896,2.29 MiB,True
95937099999,95937099999.csv,2503307,2.39 MiB,True
95940099999,95940099999.csv,2423345,2.31 MiB,True
95952099999,95952099999.csv,2448772,2.34 MiB,True
95954099999,95954099999.csv,2659510,2.54 MiB,True
95956099999,95956099999.csv,2175775,2.07 MiB,True
95957099999,95957099999.csv,2655265,2.53 MiB,True
95958099999,95958099999.csv,2024128,1.93 MiB,True
95959099999,95959099999.csv,2425941,2.31 MiB,True
95960099999,95960099999.csv,2684973,2.56 MiB,True
95961099999,95961099999.csv,3050684,2.91 MiB,True
95962099999,95962099999.csv,2054717,1.96 MiB,True
95964099999,95964099999.csv,2331350,2.22 MiB,True
95966099999,95966099999.csv,2667213,2.54 MiB,True
95967099999,95967099999.csv,2499121,2.38 MiB,True
95970099999,95970099999.csv,1178720,1.12 MiB,True
95972099999,95972099999.csv,2159339,2.06 MiB,True
95977099999,95977099999.csv,2214381,2.11 MiB,True
95979099999,95979099999.csv,2144441,2.05 MiB,True
95981099999,95981099999.csv,2713166,2.59 MiB,True
95984099999,95984099999.csv,26041,25.43 KiB,True
95985099999,95985099999.csv,2476248,2.36 MiB,True
95986099999,95986099999.csv,2456526,2.34 MiB,True
95988099999,95988099999.csv,2575729,2.46 MiB,True
95989099999,95989099999.csv,91312,89.17 KiB,True
95995099999,95995099999.csv,316847,309.42 KiB,True
96001099999,96001099999.csv,1326418,1.26 MiB,True
96001199999,96001199999.csv,2764893,2.64 MiB,True
96009099999,96009099999.csv,1387129,1.32 MiB,True
96011099999,96011099999.csv,1356440,1.29 MiB,True
96015099999,96015099999.csv,1338193,1.28 MiB,True
96033099999,96033099999.csv,1433470,1.37 MiB,True
96035099999,96035099999.csv,7604905,7.25 MiB,True
96073099999,96073099999.csv,1434828,1.37 MiB,True
96075099999,96075099999.csv,1395546,1.33 MiB,True
96087099999,96087099999.csv,1366190,1.30 MiB,True
96091099999,96091099999.csv,1361264,1.30 MiB,True
96109099999,96109099999.csv,6661862,6.35 MiB,True
96145099999,96145099999.csv,1324720,1.26 MiB,True
96147099999,96147099999.csv,637246,622.31 KiB,True
96171099999,96171099999.csv,1333112,1.27 MiB,True
96179099999,96179099999.csv,1462395,1.39 MiB,True
96195099999,96195099999.csv,1400790,1.34 MiB,True
96207099999,96207099999.csv,1365845,1.30 MiB,True
96221099999,96221099999.csv,8190491,7.81 MiB,True
96237099999,96237099999.csv,1344683,1.28 MiB,True
96249099999,96249099999.csv,1458643,1.39 MiB,True
96253099999,96253099999.csv,1411158,1.35 MiB,True
96295099999,96295099999.csv,5040057,4.81 MiB,True
96315099999,96315099999.csv,8612232,8.21 MiB,True
96413099999,96413099999.csv,9661224,9.21 MiB,True
96421099999,96421099999.csv,5814698,5.55 MiB,True
96441099999,96441099999.csv,5918914,5.64 MiB,True
96449099999,96449099999.csv,5830839,5.56 MiB,True
96465099999,96465099999.csv,5800424,5.53 MiB,True
96471099999,96471099999.csv,9895747,9.44 MiB,True
96477099999,96477099999.csv,5333545,5.09 MiB,True
96481099999,96481099999.csv,5638780,5.38 MiB,True
96491099999,96491099999.csv,5742737,5.48 MiB,True
96505099999,96505099999.csv,684941,668.89 KiB,True
96509099999,96509099999.csv,5204274,4.96 MiB,True
96525099999,96525099999.csv,1329345,1.27 MiB,True
96529099999,96529099999.csv,1302168,1.24 MiB,True
96535099999,96535099999.csv,844958,825.15 KiB,True
96557099999,96557099999.csv,1067080,1.02 MiB,True
96559099999,96559099999.csv,1375766,1.31 MiB,True
96565099999,96565099999.csv,858168,838.05 KiB,True
96581099999,96581099999.csv,7789353,7.43 MiB,True
96595099999,96595099999.csv,1002428,978.93 KiB,True
96607099999,96607099999.csv,850447,830.51 KiB,True
96615099999,96615099999.csv,1382998,1.32 MiB,True
96633099999,96633099999.csv,7383576,7.04 MiB,True
96645099999,96645099999.csv,1372092,1.31 MiB,True
96655099999,96655099999.csv,1361581,1.30 MiB,True
96685099999,96685099999.csv,7192145,6.86 MiB,True
96695099999,96695099999.csv,1065427,1.02 MiB,True
96737099999,96737099999.csv,1411307,1.35 MiB,True
96739099999,96739099999.csv,1376102,1.31 MiB,True
96741099999,96741099999.csv,1316830,1.26 MiB,True
96745099999,96745099999.csv,1339834,1.28 MiB,True
96749099999,96749099999.csv,8315863,7.93 MiB,True
96749599999,96749599999.csv,4488875,4.28 MiB,True
96751099999,96751099999.csv,1346844,1.28 MiB,True
96781099999,96781099999.csv,1328924,1.27 MiB,True
96791099999,96791099999.csv,1321655,1.26 MiB,True
96797099999,96797099999.csv,1254805,1.20 MiB,True
96805099999,96805099999.csv,1338796,1.28 MiB,True
96837099999,96837099999.csv,1387370,1.32 MiB,True
96839099999,96839099999.csv,8102743,7.73 MiB,True
96925099999,96925099999.csv,1399610,1.33 MiB,True
96933099999,96933099999.csv,512911,500.89 KiB,True
96935099999,96935099999.csv,1365379,1.30 MiB,True
96935599999,96935599999.csv,6209230,5.92 MiB,True
96937099999,96937099999.csv,798854,780.13 KiB,True
96973099999,96973099999.csv,1356979,1.29 MiB,True
96987099999,96987099999.csv,1299320,1.24 MiB,True
96995099999,96995099999.csv,13570132,12.94 MiB,True
96996099999,96996099999.csv,10507871,10.02 MiB,True
97008099999,97008099999.csv,1339882,1.28 MiB,True
97014099999,97014099999.csv,8024549,7.65 MiB,True
97016099999,97016099999.csv,1388985,1.32 MiB,True
97028099999,97028099999.csv,1324229,1.26 MiB,True
97048099999,97048099999.csv,1359150,1.30 MiB,True
97072099999,97072099999.csv,1365352,1.30 MiB,True
97086099999,97086099999.csv,1314011,1.25 MiB,True
97096099999,97096099999.csv,1381254,1.32 MiB,True
97120099999,97120099999.csv,1367474,1.30 MiB,True
97126099999,97126099999.csv,1365318,1.30 MiB,True
97142099999,97142099999.csv,706605,690.04 KiB,True
97146099999,97146099999.csv,818346,799.17 KiB,True
97180099999,97180099999.csv,7915435,7.55 MiB,True
97182099999,97182099999.csv,1362985,1.30 MiB,True
97192099999,97192099999.csv,1316265,1.26 MiB,True
97192599999,97192599999.csv,6429820,6.13 MiB,True
97230099999,97230099999.csv,1415214,1.35 MiB,True
97240099999,97240099999.csv,8200536,7.82 MiB,True
97260099999,97260099999.csv,1249142,1.19 MiB,True
97270099999,97270099999.csv,1315529,1.25 MiB,True
97284099999,97284099999.csv,853011,833.02 KiB,True
97300099999,97300099999.csv,1331519,1.27 MiB,True
97310099999,97310099999.csv,1321563,1.26 MiB,True
97320099999,97320099999.csv,1191857,1.14 MiB,True
97340099999,97340099999.csv,1243276,1.19 MiB,True
97372099999,97372099999.csv,1276719,1.22 MiB,True
97372599999,97372599999.csv,4475656,4.27 MiB,True
97378099999,97378099999.csv,1257210,1.20 MiB,True
97380099999,97380099999.csv,1109352,1.06 MiB,True
97406099999,97406099999.csv,1429871,1.36 MiB,True
97430099999,97430099999.csv,1390458,1.33 MiB,True
97460099999,97460099999.csv,1400697,1.34 MiB,True
97502099999,97502099999.csv,1404308,1.34 MiB,True
97530099999,97530099999.csv,1354683,1.29 MiB,True
97560099999,97560099999.csv,7059562,6.73 MiB,True
97570099999,97570099999.csv,1323866,1.26 MiB,True
97580099999,97580099999.csv,787345,768.89 KiB,True
97600099999,97600099999.csv,1212921,1.16 MiB,True
97630099999,97630099999.csv,1289316,1.23 MiB,True
97682099999,97682099999.csv,1069260,1.02 MiB,True
97686099999,97686099999.csv,1250446,1.19 MiB,True
97690099999,97690099999.csv,7862983,7.50 MiB,True
97698099999,97698099999.csv,1047403,1022.85 KiB,True
97700099999,97700099999.csv,1409353,1.34 MiB,True
97722099999,97722099999.csv,1419846,1.35 MiB,True
97724099999,97724099999.csv,7403457,7.06 MiB,True
97748099999,97748099999.csv,1345447,1.28 MiB,True
97760099999,97760099999.csv,1428819,1.36 MiB,True
97780099999,97780099999.csv,1115044,1.06 MiB,True
97790099999,97790099999.csv,1028835,1004.72 KiB,True
97796099999,97796099999.csv,1377925,1.31 MiB,True
97810099999,97810099999.csv,1386949,1.32 MiB,True
97876099999,97876099999.csv,1360977,1.30 MiB,True
97900099999,97900099999.csv,1346744,1.28 MiB,True
97980099999,97980099999.csv,4114252,3.92 MiB,True
98132099999,98132099999.csv,1131890,1.08 MiB,True
98133099999,98133099999.csv,671506,655.77 KiB,True
98134099999,98134099999.csv,1348518,1.29 MiB,True
98222099999,98222099999.csv,1114211,1.06 MiB,True
98223099999,98223099999.csv,4237832,4.04 MiB,True
98232099999,98232099999.csv,1336243,1.27 MiB,True
98233099999,98233099999.csv,1260416,1.20 MiB,True
98324099999,98324099999.csv,1276168,1.22 MiB,True
98325099999,98325099999.csv,1186770,1.13 MiB,True
98327099999,98327099999.csv,4786744,4.56 MiB,True
98328099999,98328099999.csv,1273607,1.21 MiB,True
98334099999,98334099999.csv,1199622,1.14 MiB,True
98336099999,98336099999.csv,1274800,1.22 MiB,True
98425099999,98425099999.csv,1111788,1.06 MiB,True
98426041231,98426041231.csv,4797303,4.58 MiB,True
98427099999,98427099999.csv,1200252,1.14 MiB,True
98428099999,98428099999.csv,1215677,1.16 MiB,True
98429099999,98429099999.csv,4929534,4.70 MiB,True
98430099999,98430099999.csv,1283171,1.22 MiB,True
98431099999,98431099999.csv,1309420,1.25 MiB,True
98432099999,98432099999.csv,1175489,1.12 MiB,True
98433099999,98433099999.csv,1195501,1.14 MiB,True
98434099999,98434099999.csv,1211154,1.16 MiB,True
98435099999,98435099999.csv,1166719,1.11 MiB,True
98440099999,98440099999.csv,1280154,1.22 MiB,True
98442099999,98442099999.csv,622,622.00 B,True
98444099999,98444099999.csv,1278092,1.22 MiB,True
98446099999,98446099999.csv,1226646,1.17 MiB,True
98526099999,98526099999.csv,602398,588.28 KiB,True
98531099999,98531099999.csv,1268809,1.21 MiB,True
98536099999,98536099999.csv,1273912,1.21 MiB,True
98537099999,98537099999.csv,6558,6.40 KiB,True
98538099999,98538099999.csv,928810,907.04 KiB,True
98543099999,98543099999.csv,1237367,1.18 MiB,True
98546099999,98546099999.csv,1221364,1.16 MiB,True
98548099999,98548099999.csv,1187149,1.13 MiB,True
98550099999,98550099999.csv,341583,333.58 KiB,True
98553099999,98553099999.csv,1236003,1.18 MiB,True
98558099999,98558099999.csv,1288969,1.23 MiB,True
98618099999,98618099999.csv,3764836,3.59 MiB,True
98630099999,98630099999.csv,406183,396.66 KiB,True
98642099999,98642099999.csv,3216332,3.07 MiB,True
98644099999,98644099999.csv,606923,592.70 KiB,True
98646099999,98646099999.csv,5031787,4.80 MiB,True
98648099999,98648099999.csv,1234401,1.18 MiB,True
98653099999,98653099999.csv,1299093,1.24 MiB,True
98741099999,98741099999.csv,1237860,1.18 MiB,True
98746099999,98746099999.csv,1206304,1.15 MiB,True
98747099999,98747099999.csv,179115,174.92 KiB,True
98751099999,98751099999.csv,1245123,1.19 MiB,True
98752099999,98752099999.csv,1148333,1.10 MiB,True
98753099999,98753099999.csv,5078891,4.84 MiB,True
98755099999,98755099999.csv,1150732,1.10 MiB,True
98836099999,98836099999.csv,3904104,3.72 MiB,True
98851041231,98851041231.csv,2603162,2.48 MiB,True
99020099999,99020099999.csv,1649,1.61 KiB,True
99090099999,99090099999.csv,4401,4.30 KiB,True
99371199999,99371199999.csv,2390036,2.28 MiB,True
99400799999,99400799999.csv,2675871,2.55 MiB,True
99400899999,99400899999.csv,2479524,2.36 MiB,True
99401099999,99401099999.csv,2277210,2.17 MiB,True
99401199999,99401199999.csv,2096275,2.00 MiB,True
99401299999,99401299999.csv,2758071,2.63 MiB,True
99401399999,99401399999.csv,2195469,2.09 MiB,True
99401599999,99401599999.csv,2739983,2.61 MiB,True
99401699999,99401699999.csv,2750929,2.62 MiB,True
99401799999,99401799999.csv,2357142,2.25 MiB,True
99401899999,99401899999.csv,2715287,2.59 MiB,True
99402199999,99402199999.csv,2337636,2.23 MiB,True
99402299999,99402299999.csv,2256560,2.15 MiB,True
99402399999,99402399999.csv,2748062,2.62 MiB,True
99402499999,99402499999.csv,2721023,2.59 MiB,True
99402599999,99402599999.csv,2642571,2.52 MiB,True
99402699999,99402699999.csv,673737,657.95 KiB,True
99402799999,99402799999.csv,2348412,2.24 MiB,True
99402899999,99402899999.csv,2399952,2.29 MiB,True
99402999999,99402999999.csv,2731901,2.61 MiB,True
99403199999,99403199999.csv,2654741,2.53 MiB,True
99403299999,99403299999.csv,2535240,2.42 MiB,True
99403399999,99403399999.csv,2584697,2.46 MiB,True
99403499999,99403499999.csv,2714701,2.59 MiB,True
99403699999,99403699999.csv,2508168,2.39 MiB,True
99404199999,99404199999.csv,2709724,2.58 MiB,True
99404299999,99404299999.csv,2619721,2.50 MiB,True
99404399999,99404399999.csv,2433872,2.32 MiB,True
99404499999,99404499999.csv,2706803,2.58 MiB,True
99404599999,99404599999.csv,2728331,2.60 MiB,True
99404699999,99404699999.csv,2753643,2.63 MiB,True
99404799999,99404799999.csv,2684454,2.56 MiB,True
99404899999,99404899999.csv,2323844,2.22 MiB,True
99405099999,99405099999.csv,2702364,2.58 MiB,True
99406099999,99406099999.csv,3373249,3.22 MiB,True
99406199999,99406199999.csv,1822808,1.74 MiB,True
99406399999,99406399999.csv,1905508,1.82 MiB,True
99406499999,99406499999.csv,1906006,1.82 MiB,True
99406599999,99406599999.csv,2765374,2.64 MiB,True
99406699999,99406699999.csv,2778566,2.65 MiB,True
99407099999,99407099999.csv,3202148,3.05 MiB,True
99408099999,99408099999.csv,3252770,3.10 MiB,True
99408199999,99408199999.csv,2565035,2.45 MiB,True
99408299999,99408299999.csv,2339524,2.23 MiB,True
99408499999,99408499999.csv,3129356,2.98 MiB,True
99408699999,99408699999.csv,2550048,2.43 MiB,True
99409099999,99409099999.csv,3188064,3.04 MiB,True
99411099999,99411099999.csv,2779625,2.65 MiB,True
99413099999,99413099999.csv,2787547,2.66 MiB,True
99414099999,99414099999.csv,3248951,3.10 MiB,True
99416099999,99416099999.csv,3244005,3.09 MiB,True
99418099999,99418099999.csv,2935806,2.80 MiB,True
99419099999,99419099999.csv,3358851,3.20 MiB,True
99420099999,99420099999.csv,2834206,2.70 MiB,True
99421099999,99421099999.csv,249319,243.48 KiB,True
99422099999,99422099999.csv,3241899,3.09 MiB,True
99423099999,99423099999.csv,1934045,1.84 MiB,True
99425099999,99425099999.csv,3216371,3.07 MiB,True
99426099999,99426099999.csv,2160517,2.06 MiB,True
99427099999,99427099999.csv,3338346,3.18 MiB,True
99428099999,99428099999.csv,2757036,2.63 MiB,True
99433099999,99433099999.csv,3268216,3.12 MiB,True
99434099999,99434099999.csv,3343174,3.19 MiB,True
99435099999,99435099999.csv,3104375,2.96 MiB,True
99437099999,99437099999.csv,3289586,3.14 MiB,True
99439099999,99439099999.csv,3211773,3.06 MiB,True
99440099999,99440099999.csv,3228045,3.08 MiB,True
99441099999,99441099999.csv,3475090,3.31 MiB,True
99445099999,99445099999.csv,2951376,2.81 MiB,True
99457099999,99457099999.csv,1318697,1.26 MiB,True
99462099999,99462099999.csv,2887538,2.75 MiB,True
99464099999,99464099999.csv,2257274,2.15 MiB,True
99465099999,99465099999.csv,2397700,2.29 MiB,True
99466099999,99466099999.csv,3255884,3.11 MiB,True
99467099999,99467099999.csv,3307930,3.15 MiB,True
99468099999,99468099999.csv,3300975,3.15 MiB,True
99470099999,99470099999.csv,3057680,2.92 MiB,True
99471099999,99471099999.csv,2834088,2.70 MiB,True
99472099999,99472099999.csv,3380461,3.22 MiB,True
99475099999,99475099999.csv,1786312,1.70 MiB,True
99479099999,99479099999.csv,2724201,2.60 MiB,True
99480099999,99480099999.csv,2889887,2.76 MiB,True
99482099999,99482099999.csv,2446710,2.33 MiB,True
99495199999,99495199999.csv,1605484,1.53 MiB,True
99497199999,99497199999.csv,2125852,2.03 MiB,True
99497399999,99497399999.csv,2474195,2.36 MiB,True
99497599999,99497599999.csv,2675709,2.55 MiB,True
99497799999,99497799999.csv,2670530,2.55 MiB,True
99497999999,99497999999.csv,2604832,2.48 MiB,True
99707799999,99707799999.csv,2192088,2.09 MiB,True
99707999999,99707999999.csv,2165677,2.07 MiB,True
99717199999,99717199999.csv,2320760,2.21 MiB,True
99717299999,99717299999.csv,2190984,2.09 MiB,True
99717399999,99717399999.csv,2708972,2.58 MiB,True
99717499999,99717499999.csv,2694017,2.57 MiB,True
99717699999,99717699999.csv,2348660,2.24 MiB,True
99717799999,99717799999.csv,1218892,1.16 MiB,True
99717899999,99717899999.csv,2372612,2.26 MiB,True
99717999999,99717999999.csv,2416642,2.30 MiB,True
99725499999,99725499999.csv,2803062,2.67 MiB,True
99725599999,99725599999.csv,2621612,2.50 MiB,True
99725799999,99725799999.csv,2866676,2.73 MiB,True
99725899999,99725899999.csv,2669037,2.55 MiB,True
99725999999,99725999999.csv,2342939,2.23 MiB,True
99726099999,99726099999.csv,2835216,2.70 MiB,True
99726199999,99726199999.csv,2398006,2.29 MiB,True
99726299999,99726299999.csv,2671700,2.55 MiB,True
99726499999,99726499999.csv,2593586,2.47 MiB,True
99726599999,99726599999.csv,2662401,2.54 MiB,True
99726699999,99726699999.csv,2696064,2.57 MiB,True
99726899999,99726899999.csv,2757568,2.63 MiB,True
99727099999,99727099999.csv,2362171,2.25 MiB,True
99727199999,99727199999.csv,2363436,2.25 MiB,True
99727399999,99727399999.csv,2604080,2.48 MiB,True
99727499999,99727499999.csv,2343129,2.23 MiB,True
99727599999,99727599999.csv,2385672,2.28 MiB,True
99727799999,99727799999.csv,2477529,2.36 MiB,True
99727899999,99727899999.csv,5726922,5.46 MiB,True
99727999999,99727999999.csv,2318771,2.21 MiB,True
99728099999,99728099999.csv,2720775,2.59 MiB,True
99728199999,99728199999.csv,2665032,2.54 MiB,True
99728299999,99728299999.csv,2307960,2.20 MiB,True
99728399999,99728399999.csv,1419420,1.35 MiB,True
99728499999,99728499999.csv,2711945,2.59 MiB,True
99728599999,99728599999.csv,2676985,2.55 MiB,True
99728699999,99728699999.csv,2345265,2.24 MiB,True
99728799999,99728799999.csv,2605649,2.48 MiB,True
99728899999,99728899999.csv,2739885,2.61 MiB,True
99728999999,99728999999.csv,2711685,2.59 MiB,True
99729099999,99729099999.csv,2719277,2.59 MiB,True
99729299999,99729299999.csv,2803530,2.67 MiB,True
99729399999,99729399999.csv,2752257,2.62 MiB,True
99729499999,99729499999.csv,2699147,2.57 MiB,True
99729599999,99729599999.csv,2547423,2.43 MiB,True
99729699999,99729699999.csv,2602300,2.48 MiB,True
99729799999,99729799999.csv,2720458,2.59 MiB,True
99730099999,99730099999.csv,2753044,2.63 MiB,True
99730199999,99730199999.csv,2654699,2.53 MiB,True
99730299999,99730299999.csv,2321499,2.21 MiB,True
99730499999,99730499999.csv,2662090,2.54 MiB,True
99730599999,99730599999.csv,2738238,2.61 MiB,True
99730699999,99730699999.csv,2608268,2.49 MiB,True
99730799999,99730799999.csv,2755101,2.63 MiB,True
99730899999,99730899999.csv,2572151,2.45 MiB,True
99730999999,99730999999.csv,2754010,2.63 MiB,True
99731299999,99731299999.csv,2727620,2.60 MiB,True
99731399999,99731399999.csv,2717740,2.59 MiB,True
99731499999,99731499999.csv,2711513,2.59 MiB,True
99731599999,99731599999.csv,2703347,2.58 MiB,True
99733799999,99733799999.csv,2754248,2.63 MiB,True
99733899999,99733899999.csv,2142064,2.04 MiB,True
99733999999,99733999999.csv,2450583,2.34 MiB,True
99734099999,99734099999.csv,2470220,2.36 MiB,True
99734199999,99734199999.csv,2358389,2.25 MiB,True
99734299999,99734299999.csv,1968410,1.88 MiB,True
99734399999,99734399999.csv,2102536,2.01 MiB,True
99734499999,99734499999.csv,112615,109.98 KiB,True
99734599999,99734599999.csv,2766487,2.64 MiB,True
99734699999,99734699999.csv,2706145,2.58 MiB,True
99734799999,99734799999.csv,2756523,2.63 MiB,True
99734899999,99734899999.csv,2640674,2.52 MiB,True
99734999999,99734999999.csv,2694775,2.57 MiB,True
99735099999,99735099999.csv,2738698,2.61 MiB,True
99735299999,99735299999.csv,2774560,2.65 MiB,True
99735399999,99735399999.csv,2740298,2.61 MiB,True
99735499999,99735499999.csv,2738215,2.61 MiB,True
99735599999,99735599999.csv,2731471,2.60 MiB,True
99735699999,99735699999.csv,2517523,2.40 MiB,True
99735899999,99735899999.csv,2684472,2.56 MiB,True
99735999999,99735999999.csv,2731352,2.60 MiB,True
99736099999,99736099999.csv,2357848,2.25 MiB,True
99736199999,99736199999.csv,2721679,2.60 MiB,True
99736499999,99736499999.csv,2757039,2.63 MiB,True
99736999999,99736999999.csv,2728860,2.60 MiB,True
99737099999,99737099999.csv,2639156,2.52 MiB,True
99737199999,99737199999.csv,2354299,2.25 MiB,True
99737299999,99737299999.csv,2337538,2.23 MiB,True
99737999999,99737999999.csv,2131252,2.03 MiB,True
99738099999,99738099999.csv,2701760,2.58 MiB,True
99738199999,99738199999.csv,2689745,2.57 MiB,True
99738299999,99738299999.csv,2691524,2.57 MiB,True
99738399999,99738399999.csv,2590077,2.47 MiB,True
99738499999,99738499999.csv,2687763,2.56 MiB,True
99738599999,99738599999.csv,2281903,2.18 MiB,True
99738699999,99738699999.csv,2647788,2.53 MiB,True
99738799999,99738799999.csv,2551489,2.43 MiB,True
99768799999,99768799999.csv,2789216,2.66 MiB,True
99768899999,99768899999.csv,2721548,2.60 MiB,True
99768999999,99768999999.csv,2292981,2.19 MiB,True
99769199999,99769199999.csv,2525917,2.41 MiB,True
99769299999,99769299999.csv,2706482,2.58 MiB,True
99769399999,99769399999.csv,2570027,2.45 MiB,True
99769499999,99769499999.csv,2481473,2.37 MiB,True
99769599999,99769599999.csv,2742513,2.62 MiB,True
99769699999,99769699999.csv,2679205,2.56 MiB,True
99769799999,99769799999.csv,2702886,2.58 MiB,True
99769899999,99769899999.csv,2677118,2.55 MiB,True
99769999999,99769999999.csv,2050780,1.96 MiB,True
99770199999,99770199999.csv,2293140,2.19 MiB,True
99770299999,99770299999.csv,2281376,2.18 MiB,True
99770399999,99770399999.csv,2447370,2.33 MiB,True
99770499999,99770499999.csv,2452124,2.34 MiB,True
99770599999,99770599999.csv,2739500,2.61 MiB,True
99770699999,99770699999.csv,2418168,2.31 MiB,True
99770899999,99770899999.csv,1622662,1.55 MiB,True
99772999999,99772999999.csv,2800109,2.67 MiB,True
99773199999,99773199999.csv,1985770,1.89 MiB,True
99773299999,99773299999.csv,1124401,1.07 MiB,True
99773499999,99773499999.csv,1497703,1.43 MiB,True
99773599999,99773599999.csv,1281151,1.22 MiB,True
99773699999,99773699999.csv,2922137,2.79 MiB,True
99773799999,99773799999.csv,4636670,4.42 MiB,True
99773899999,99773899999.csv,2918237,2.78 MiB,True
99773999999,99773999999.csv,2679746,2.56 MiB,True
99774199999,99774199999.csv,2549210,2.43 MiB,True
99774399999,99774399999.csv,2601320,2.48 MiB,True
99777999999,99777999999.csv,1826088,1.74 MiB,True
99778199999,99778199999.csv,2570264,2.45 MiB,True
99778299999,99778299999.csv,2775419,2.65 MiB,True
99778599999,99778599999.csv,2786343,2.66 MiB,True
99778799999,99778799999.csv,2670312,2.55 MiB,True
99778899999,99778899999.csv,2333038,2.22 MiB,True
99778999999,99778999999.csv,2357170,2.25 MiB,True
99779299999,99779299999.csv,2092328,2.00 MiB,True
99779399999,99779399999.csv,2635096,2.51 MiB,True
99779599999,99779599999.csv,1168712,1.11 MiB,True
99779699999,99779699999.csv,3195885,3.05 MiB,True
99779799999,99779799999.csv,2279302,2.17 MiB,True
99779899999,99779899999.csv,2535526,2.42 MiB,True
99779999999,99779999999.csv,1616299,1.54 MiB,True
99780199999,99780199999.csv,2312729,2.21 MiB,True
99780299999,99780299999.csv,966534,943.88 KiB,True
99780399999,99780399999.csv,2641792,2.52 MiB,True
99780499999,99780499999.csv,2285110,2.18 MiB,True
99784899999,99784899999.csv,9513095,9.07 MiB,True
99798299999,99798299999.csv,2560253,2.44 MiB,True
99798899999,99798899999.csv,2625079,2.50 MiB,True
99798999999,99798999999.csv,2635082,2.51 MiB,True
99799099999,99799099999.csv,3890294,3.71 MiB,True
99799199999,99799199999.csv,3989336,3.80 MiB,True
99799299999,99799299999.csv,4173433,3.98 MiB,True
99799399999,99799399999.csv,3960572,3.78 MiB,True
99799499999,99799499999.csv,3995381,3.81 MiB,True
99799699999,99799699999.csv,2979806,2.84 MiB,True
99799799999,99799799999.csv,4206139,4.01 MiB,True
99799999999,99799999999.csv,2383240,2.27 MiB,True
99800099999,99800099999.csv,4002640,3.82 MiB,True
99800199999,99800199999.csv,2945724,2.81 MiB,True
99800299999,99800299999.csv,3969423,3.79 MiB,True
99800399999,99800399999.csv,15796,15.43 KiB,True
99800499999,99800499999.csv,4212275,4.02 MiB,True
99800599999,99800599999.csv,4087855,3.90 MiB,True
99800699999,99800699999.csv,1241290,1.18 MiB,True
99800799999,99800799999.csv,4092986,3.90 MiB,True
99800899999,99800899999.csv,4018141,3.83 MiB,True
99800999999,99800999999.csv,2398791,2.29 MiB,True
99801099999,99801099999.csv,3861759,3.68 MiB,True
99801199999,99801199999.csv,4263568,4.07 MiB,True
99801299999,99801299999.csv,3403519,3.25 MiB,True
99801399999,99801399999.csv,4102224,3.91 MiB,True
99801499999,99801499999.csv,2389550,2.28 MiB,True
99801599999,99801599999.csv,1239154,1.18 MiB,True
99801699999,99801699999.csv,2354206,2.25 MiB,True
99801799999,99801799999.csv,2298490,2.19 MiB,True
99816599999,99816599999.csv,596684,582.70 KiB,True
99816699999,99816699999.csv,2407029,2.30 MiB,True
99816799999,99816799999.csv,775149,756.98 KiB,True
99816899999,99816899999.csv,1860844,1.77 MiB,True
99816999999,99816999999.csv,1064032,1.01 MiB,True
99817199999,99817199999.csv,1784740,1.70 MiB,True
99817299999,99817299999.csv,2241672,2.14 MiB,True
99817399999,99817399999.csv,2390970,2.28 MiB,True
99817599999,99817599999.csv,2362628,2.25 MiB,True
99817699999,99817699999.csv,2766308,2.64 MiB,True
99817799999,99817799999.csv,2338544,2.23 MiB,True
99817899999,99817899999.csv,3944623,3.76 MiB,True
99817999999,99817999999.csv,4191510,4.00 MiB,True
99818099999,99818099999.csv,603345,589.20 KiB,True
99818299999,99818299999.csv,2771751,2.64 MiB,True
99818399999,99818399999.csv,2859416,2.73 MiB,True
99818499999,99818499999.csv,2817842,2.69 MiB,True
99818599999,99818599999.csv,2663388,2.54 MiB,True
99819199999,99819199999.csv,2697340,2.57 MiB,True
99819299999,99819299999.csv,2783004,2.65 MiB,True
99819399999,99819399999.csv,2768964,2.64 MiB,True
99819499999,99819499999.csv,2772209,2.64 MiB,True
99819599999,99819599999.csv,2577885,2.46 MiB,True
99819699999,99819699999.csv,2407657,2.30 MiB,True
99819799999,99819799999.csv,2444605,2.33 MiB,True
99819899999,99819899999.csv,2409424,2.30 MiB,True
99819999999,99819999999.csv,2501761,2.39 MiB,True
99820199999,99820199999.csv,2198688,2.10 MiB,True
99820399999,99820399999.csv,2737964,2.61 MiB,True
99820499999,99820499999.csv,2783251,2.65 MiB,True
99820599999,99820599999.csv,64838,63.32 KiB,True
99820699999,99820699999.csv,2435933,2.32 MiB,True
99820899999,99820899999.csv,2437780,2.32 MiB,True
99820999999,99820999999.csv,2731386,2.60 MiB,True
99821199999,99821199999.csv,2807850,2.68 MiB,True
99821399999,99821399999.csv,2559179,2.44 MiB,True
99821699999,99821699999.csv,2313932,2.21 MiB,True
99821799999,99821799999.csv,2526191,2.41 MiB,True
99821899999,99821899999.csv,2785384,2.66 MiB,True
99821999999,99821999999.csv,2778899,2.65 MiB,True
99822199999,99822199999.csv,2666567,2.54 MiB,True
99822399999,99822399999.csv,2451589,2.34 MiB,True
99822499999,99822499999.csv,2725870,2.60 MiB,True
99822599999,99822599999.csv,2809913,2.68 MiB,True
99822699999,99822699999.csv,2698164,2.57 MiB,True
99822799999,99822799999.csv,2755393,2.63 MiB,True
99822999999,99822999999.csv,2755432,2.63 MiB,True
99823599999,99823599999.csv,2269438,2.16 MiB,True
99823699999,99823699999.csv,2842373,2.71 MiB,True
99823799999,99823799999.csv,2524324,2.41 MiB,True
99823899999,99823899999.csv,2606172,2.49 MiB,True
99824299999,99824299999.csv,2629769,2.51 MiB,True
99824399999,99824399999.csv,2734461,2.61 MiB,True
99824499999,99824499999.csv,1806798,1.72 MiB,True
99824599999,99824599999.csv,2776733,2.65 MiB,True
99824899999,99824899999.csv,2704609,2.58 MiB,True
99825299999,99825299999.csv,2573313,2.45 MiB,True
99825499999,99825499999.csv,2770094,2.64 MiB,True
99825599999,99825599999.csv,2875849,2.74 MiB,True
99825699999,99825699999.csv,2306835,2.20 MiB,True
99825899999,99825899999.csv,2731591,2.61 MiB,True
99825999999,99825999999.csv,2296022,2.19 MiB,True
99826199999,99826199999.csv,2703723,2.58 MiB,True
99826399999,99826399999.csv,2258987,2.15 MiB,True
99826499999,99826499999.csv,2433589,2.32 MiB,True
99826599999,99826599999.csv,2399450,2.29 MiB,True
99826699999,99826699999.csv,2229502,2.13 MiB,True
99826899999,99826899999.csv,2514124,2.40 MiB,True
99826999999,99826999999.csv,2277874,2.17 MiB,True
99827199999,99827199999.csv,2734934,2.61 MiB,True
99827499999,99827499999.csv,2062192,1.97 MiB,True
99827599999,99827599999.csv,1991914,1.90 MiB,True
99827699999,99827699999.csv,1988758,1.90 MiB,True
99827799999,99827799999.csv,2018540,1.93 MiB,True
99827899999,99827899999.csv,2034605,1.94 MiB,True
99827999999,99827999999.csv,1922164,1.83 MiB,True
99828199999,99828199999.csv,2802769,2.67 MiB,True
99828299999,99828299999.csv,2265917,2.16 MiB,True
99828399999,99828399999.csv,2051284,1.96 MiB,True
99828499999,99828499999.csv,2023899,1.93 MiB,True
99828599999,99828599999.csv,1973892,1.88 MiB,True
99828799999,99828799999.csv,1848672,1.76 MiB,True
99828899999,99828899999.csv,2099705,2.00 MiB,True
99828999999,99828999999.csv,2019496,1.93 MiB,True
99829199999,99829199999.csv,1867168,1.78 MiB,True
99829299999,99829299999.csv,2011780,1.92 MiB,True
99829399999,99829399999.csv,1849835,1.76 MiB,True
99829499999,99829499999.csv,2006543,1.91 MiB,True
99829599999,99829599999.csv,2047550,1.95 MiB,True
99829699999,99829699999.csv,2058910,1.96 MiB,True
99829799999,99829799999.csv,2037210,1.94 MiB,True
99829999999,99829999999.csv,2052542,1.96 MiB,True
99830099999,99830099999.csv,2024650,1.93 MiB,True
99830199999,99830199999.csv,2636207,2.51 MiB,True
99830299999,99830299999.csv,2024737,1.93 MiB,True
99830499999,99830499999.csv,1979148,1.89 MiB,True
99830699999,99830699999.csv,2007916,1.91 MiB,True
99830799999,99830799999.csv,2015180,1.92 MiB,True
99833999999,99833999999.csv,2258506,2.15 MiB,True
99834099999,99834099999.csv,2579116,2.46 MiB,True
99834199999,99834199999.csv,2773294,2.64 MiB,True
99840599999,99840599999.csv,2596491,2.48 MiB,True
99840799999,99840799999.csv,2762098,2.63 MiB,True
99840999999,99840999999.csv,2566180,2.45 MiB,True
99842599999,99842599999.csv,2704160,2.58 MiB,True
99842699999,99842699999.csv,2701345,2.58 MiB,True
99842799999,99842799999.csv,2725607,2.60 MiB,True
99842999999,99842999999.csv,2511374,2.40 MiB,True
99843099999,99843099999.csv,2307778,2.20 MiB,True
99843199999,99843199999.csv,2678798,2.55 MiB,True
99843299999,99843299999.csv,2328196,2.22 MiB,True
99843599999,99843599999.csv,2175403,2.07 MiB,True
99843899999,99843899999.csv,2896010,2.76 MiB,True
99843999999,99843999999.csv,1199674,1.14 MiB,True
99844199999,99844199999.csv,37208,36.34 KiB,True
99844299999,99844299999.csv,2715259,2.59 MiB,True
99847399999,99847399999.csv,2334607,2.23 MiB,True
99847499999,99847499999.csv,2692590,2.57 MiB,True
99847599999,99847599999.csv,2781928,2.65 MiB,True
99847699999,99847699999.csv,2612538,2.49 MiB,True
99847799999,99847799999.csv,2598570,2.48 MiB,True
99847899999,99847899999.csv,2650194,2.53 MiB,True
99847999999,99847999999.csv,2650274,2.53 MiB,True
99848199999,99848199999.csv,2594274,2.47 MiB,True
99848299999,99848299999.csv,2332870,2.22 MiB,True
99848399999,99848399999.csv,2585629,2.47 MiB,True
99848599999,99848599999.csv,1333789,1.27 MiB,True
99848699999,99848699999.csv,2706115,2.58 MiB,True
99848799999,99848799999.csv,2594313,2.47 MiB,True
99849099999,99849099999.csv,2736785,2.61 MiB,True
99849299999,99849299999.csv,2442588,2.33 MiB,True
99849399999,99849399999.csv,2047063,1.95 MiB,True
99849499999,99849499999.csv,1971529,1.88 MiB,True
99849599999,99849599999.csv,2037184,1.94 MiB,True
99849699999,99849699999.csv,2529786,2.41 MiB,True
99849999999,99849999999.csv,1538260,1.47 MiB,True
99999900126,99999900126.csv,8637282,8.24 MiB,True
99999900157,99999900157.csv,7766941,7.41 MiB,True
99999900170,99999900170.csv,7414173,7.07 MiB,True
99999900177,99999900177.csv,5794496,5.53 MiB,True
99999900179,99999900179.csv,8663510,8.26 MiB,True
99999900180,99999900180.csv,9008078,8.59 MiB,True
99999900210,99999900210.csv,8542553,8.15 MiB,True
99999900234,99999900234.csv,8926032,8.51 MiB,True
99999900236,99999900236.csv,8567916,8.17 MiB,True
99999900237,99999900237.csv,7391256,7.05 MiB,True
99999900238,99999900238.csv,8959300,8.54 MiB,True
99999900263,99999900263.csv,8740122,8.34 MiB,True
99999900288,99999900288.csv,8855334,8.45 MiB,True
99999900319,99999900319.csv,8940734,8.53 MiB,True
99999900321,99999900321.csv,9559103,9.12 MiB,True
99999900322,99999900322.csv,9122475,8.70 MiB,True
99999900325,99999900325.csv,9221064,8.79 MiB,True
99999900335,99999900335.csv,9019579,8.60 MiB,True
99999900343,99999900343.csv,9365596,8.93 MiB,True
99999900349,99999900349.csv,9204170,8.78 MiB,True
99999900370,99999900370.csv,3683453,3.51 MiB,True
99999900378,99999900378.csv,6747786,6.44 MiB,True
99999900379,99999900379.csv,8212020,7.83 MiB,True
99999900381,99999900381.csv,8634584,8.23 MiB,True
99999900421,99999900421.csv,9594765,9.15 MiB,True
99999900423,99999900423.csv,8517362,8.12 MiB,True
99999900425,99999900425.csv,9952498,9.49 MiB,True
99999900430,99999900430.csv,9432186,9.00 MiB,True
99999900438,99999900438.csv,8845807,8.44 MiB,True
99999900439,99999900439.csv,8998361,8.58 MiB,True
99999900440,99999900440.csv,10495628,10.01 MiB,True
99999900446,99999900446.csv,8938454,8.52 MiB,True
99999900447,99999900447.csv,799,799.00 B,True
99999900458,99999900458.csv,9717630,9.27 MiB,True
99999900459,99999900459.csv,7019238,6.69 MiB,True
99999900477,99999900477.csv,10598338,10.11 MiB,True
99999900481,99999900481.csv,4331938,4.13 MiB,True
99999900484,99999900484.csv,8614135,8.22 MiB,True
99999900496,99999900496.csv,6091649,5.81 MiB,True
99999900497,99999900497.csv,9066938,8.65 MiB,True
99999903033,99999903033.csv,9212935,8.79 MiB,True
99999903047,99999903047.csv,44884892,42.81 MiB,True
99999903048,99999903048.csv,42893426,40.91 MiB,True
99999903054,99999903054.csv,44794626,42.72 MiB,True
99999903055,99999903055.csv,44583848,42.52 MiB,True
99999903060,99999903060.csv,44894842,42.82 MiB,True
99999903061,99999903061.csv,34430747,32.84 MiB,True
99999903062,99999903062.csv,45008845,42.92 MiB,True
99999903063,99999903063.csv,45114393,43.02 MiB,True
99999903067,99999903067.csv,44499812,42.44 MiB,True
99999903072,99999903072.csv,44784532,42.71 MiB,True
99999903074,99999903074.csv,44941506,42.86 MiB,True
99999903728,99999903728.csv,44943952,42.86 MiB,True
99999903733,99999903733.csv,44563156,42.50 MiB,True
99999903739,99999903739.csv,44473095,42.41 MiB,True
99999903755,99999903755.csv,12996981,12.39 MiB,True
99999903758,99999903758.csv,44337099,42.28 MiB,True
99999903759,99999903759.csv,45406748,43.30 MiB,True
99999903761,99999903761.csv,44447577,42.39 MiB,True
99999904125,99999904125.csv,44789357,42.71 MiB,True
99999904126,99999904126.csv,44367417,42.31 MiB,True
99999904127,99999904127.csv,44583464,42.52 MiB,True
99999904128,99999904128.csv,44688961,42.62 MiB,True
99999904130,99999904130.csv,44864206,42.79 MiB,True
99999904131,99999904131.csv,44517523,42.46 MiB,True
99999904134,99999904134.csv,454810,444.15 KiB,True
99999904136,99999904136.csv,44890725,42.81 MiB,True
99999904137,99999904137.csv,44728259,42.66 MiB,True
99999904138,99999904138.csv,45427440,43.32 MiB,True
99999904139,99999904139.csv,42220470,40.26 MiB,True
99999904140,99999904140.csv,45155006,43.06 MiB,True
99999904141,99999904141.csv,44192577,42.15 MiB,True
99999904222,99999904222.csv,44784256,42.71 MiB,True
99999904223,99999904223.csv,45105836,43.02 MiB,True
99999904236,99999904236.csv,43348150,41.34 MiB,True
99999904237,99999904237.csv,44275367,42.22 MiB,True
99999904835,99999904835.csv,2159164,2.06 MiB,True
99999904990,99999904990.csv,45110949,43.02 MiB,True
99999904994,99999904994.csv,44894842,42.82 MiB,True
99999912987,99999912987.csv,44683872,42.61 MiB,True
99999913301,99999913301.csv,45005452,42.92 MiB,True
99999913724,99999913724.csv,261727,255.59 KiB,True
99999913752,99999913752.csv,5396388,5.15 MiB,True
99999913782,99999913782.csv,235028,229.52 KiB,True
99999921514,99999921514.csv,44813034,42.74 MiB,True
99999921515,99999921515.csv,44010826,41.97 MiB,True
99999922016,99999922016.csv,45628190,43.51 MiB,True
99999923122,99999923122.csv,5556382,5.30 MiB,True
99999923271,99999923271.csv,276776,270.29 KiB,True
99999923272,99999923272.csv,275817,269.35 KiB,True
99999923583,99999923583.csv,44455322,42.40 MiB,True
99999923801,99999923801.csv,43406729,41.40 MiB,True
99999923803,99999923803.csv,45106232,43.02 MiB,True
99999923904,99999923904.csv,45000369,42.92 MiB,True
99999923906,99999923906.csv,44996643,42.91 MiB,True
99999923907,99999923907.csv,44477967,42.42 MiB,True
99999923908,99999923908.csv,44367417,42.31 MiB,True
99999923909,99999923909.csv,44134721,42.09 MiB,True
99999925379,99999925379.csv,44261932,42.21 MiB,True
99999925380,99999925380.csv,39563168,37.73 MiB,True
99999925381,99999925381.csv,44683872,42.61 MiB,True
99999925382,99999925382.csv,43948018,41.91 MiB,True
99999925522,99999925522.csv,44859321,42.78 MiB,True
99999925630,99999925630.csv,43031486,41.04 MiB,True
99999925711,99999925711.csv,45891386,43.77 MiB,True
99999926494,99999926494.csv,44728259,42.66 MiB,True
99999926562,99999926562.csv,45110949,43.02 MiB,True
99999926563,99999926563.csv,44472902,42.41 MiB,True
99999926565,99999926565.csv,44284302,42.23 MiB,True
99999926566,99999926566.csv,14068728,13.42 MiB,True
99999926567,99999926567.csv,12462005,11.88 MiB,True
99999926655,99999926655.csv,45200999,43.11 MiB,True
99999926656,99999926656.csv,44343926,42.29 MiB,True
99999927516,99999927516.csv,46266147,44.12 MiB,True
99999940504,99999940504.csv,4855554,4.63 MiB,True
99999940710,99999940710.csv,4717699,4.50 MiB,True
99999953131,99999953131.csv,43794192,41.77 MiB,True
99999953132,99999953132.csv,44472944,42.41 MiB,True
99999953136,99999953136.csv,44683872,42.61 MiB,True
99999953138,99999953138.csv,44372512,42.32 MiB,True
99999953139,99999953139.csv,45275644,43.18 MiB,True
99999953149,99999953149.csv,44467837,42.41 MiB,True
99999953150,99999953150.csv,45591661,43.48 MiB,True
99999953151,99999953151.csv,44794458,42.72 MiB,True
99999953152,99999953152.csv,45000327,42.92 MiB,True
99999953154,99999953154.csv,44367417,42.31 MiB,True
99999953155,99999953155.csv,45000327,42.92 MiB,True
99999953182,99999953182.csv,42157129,40.20 MiB,True
99999953186,99999953186.csv,205520,200.70 KiB,True
99999953830,99999953830.csv,2150865,2.05 MiB,True
99999953877,99999953877.csv,44848921,42.77 MiB,True
99999953878,99999953878.csv,44769013,42.70 MiB,True
99999953926,99999953926.csv,44688961,42.62 MiB,True
99999953927,99999953927.csv,44894842,42.82 MiB,True
99999953960,99999953960.csv,44799198,42.72 MiB,True
99999953961,99999953961.csv,44372494,42.32 MiB,True
99999953968,99999953968.csv,44768953,42.70 MiB,True
99999953974,99999953974.csv,44894884,42.82 MiB,True
99999954783,99999954783.csv,2312692,2.21 MiB,True
99999954794,99999954794.csv,44096099,42.05 MiB,True
99999954795,99999954795.csv,44311834,42.26 MiB,True
99999954796,99999954796.csv,44452642,42.39 MiB,True
99999954797,99999954797.csv,40329187,38.46 MiB,True
99999954808,99999954808.csv,44688961,42.62 MiB,True
99999954810,99999954810.csv,44190604,42.14 MiB,True
99999954811,99999954811.csv,44583464,42.52 MiB,True
99999954854,99999954854.csv,44467837,42.41 MiB,True
99999954856,99999954856.csv,44553002,42.49 MiB,True
99999954902,99999954902.csv,44794458,42.72 MiB,True
99999954903,99999954903.csv,44578387,42.51 MiB,True
99999954918,99999954918.csv,2166327,2.07 MiB,True
99999954932,99999954932.csv,44573310,42.51 MiB,True
99999954933,99999954933.csv,45111063,43.02 MiB,True
99999954937,99999954937.csv,44874390,42.80 MiB,True
99999956401,99999956401.csv,38371428,36.59 MiB,True
99999963826,99999963826.csv,44442512,42.38 MiB,True
99999963828,99999963828.csv,44156447,42.11 MiB,True
99999963829,99999963829.csv,44478081,42.42 MiB,True
99999963831,99999963831.csv,44472902,42.41 MiB,True
99999963838,99999963838.csv,44859051,42.78 MiB,True
99999963849,99999963849.csv,45275494,43.18 MiB,True
99999963850,99999963850.csv,42294652,40.34 MiB,True
99999963855,99999963855.csv,44743448,42.67 MiB,True
99999963856,99999963856.csv,44452642,42.39 MiB,True
99999963857,99999963857.csv,44467837,42.41 MiB,True
99999963858,99999963858.csv,44372470,42.32 MiB,True
99999963862,99999963862.csv,39277829,37.46 MiB,True
99999963867,99999963867.csv,38805715,37.01 MiB,True
99999963868,99999963868.csv,44719671,42.65 MiB,True
99999963869,99999963869.csv,44472902,42.41 MiB,True
99999963871,99999963871.csv,5868962,5.60 MiB,True
99999963891,99999963891.csv,44068586,42.03 MiB,True
99999963892,99999963892.csv,43793059,41.76 MiB,True
99999963893,99999963893.csv,43782353,41.75 MiB,True
99999963894,99999963894.csv,44647910,42.58 MiB,True
99999963895,99999963895.csv,37135478,35.42 MiB,True
99999963896,99999963896.csv,38268314,36.50 MiB,True
99999963897,99999963897.csv,43091218,41.09 MiB,True
99999963898,99999963898.csv,44553002,42.49 MiB,True
99999963899,99999963899.csv,43277557,41.27 MiB,True
99999963904,99999963904.csv,9405364,8.97 MiB,True
99999964756,99999964756.csv,44532694,42.47 MiB,True
99999964757,99999964757.csv,44156447,42.11 MiB,True
99999964758,99999964758.csv,44342152,42.29 MiB,True
99999973801,99999973801.csv,38032453,36.27 MiB,True
99999973802,99999973802.csv,39309154,37.49 MiB,True
99999973803,99999973803.csv,44195258,42.15 MiB,True
99999992821,99999992821.csv,41689493,39.76 MiB,True
99999992826,99999992826.csv,45105812,43.02 MiB,True
99999992827,99999992827.csv,44578387,42.51 MiB,True
99999992828,99999992828.csv,8822499,8.41 MiB,True
99999993243,99999993243.csv,44547925,42.48 MiB,True
99999993245,99999993245.csv,44522582,42.46 MiB,True
99999993733,99999993733.csv,8702113,8.30 MiB,True
99999993804,99999993804.csv,9464173,9.03 MiB,True
99999993816,99999993816.csv,10069491,9.60 MiB,True
99999994044,99999994044.csv,2159582,2.06 MiB,True
99999994045,99999994045.csv,2151749,2.05 MiB,True
99999994059,99999994059.csv,45089563,43.00 MiB,True
99999994060,99999994060.csv,44360050,42.31 MiB,True
99999994074,99999994074.csv,44583740,42.52 MiB,True
99999994075,99999994075.csv,44789723,42.71 MiB,True
99999994077,99999994077.csv,45091559,43.00 MiB,True
99999994078,99999994078.csv,44823734,42.75 MiB,True
99999994079,99999994079.csv,44648291,42.58 MiB,True
99999994080,99999994080.csv,44347205,42.29 MiB,True
99999994081,99999994081.csv,44779557,42.71 MiB,True
99999994082,99999994082.csv,44789381,42.71 MiB,True
99999994084,99999994084.csv,44894842,42.82 MiB,True
99999994085,99999994085.csv,44462868,42.40 MiB,True
99999994088,99999994088.csv,44944048,42.86 MiB,True
99999994099,99999994099.csv,5438575,5.19 MiB,True
99999994290,99999994290.csv,209761,204.84 KiB,True
99999994644,99999994644.csv,44321094,42.27 MiB,True
99999994645,99999994645.csv,44768953,42.70 MiB,True
99999994995,99999994995.csv,44568233,42.50 MiB,True
99999994996,99999994996.csv,44568233,42.50 MiB,True
99999996404,99999996404.csv,44014566,41.98 MiB,True
99999996405,99999996405.csv,42028481,40.08 MiB,True
99999996406,99999996406.csv,44129057,42.08 MiB,True
99999996407,99999996407.csv,40389724,38.52 MiB,True
99999996408,99999996408.csv,44281789,42.23 MiB,True
99999996409,99999996409.csv,45008076,42.92 MiB,True
