[TRAIN train_climax_no_range_extreme_corruption_s43] [SETUP] device=cuda
[TRAIN train_climax_no_range_extreme_corruption_s43] [SETUP] run_id=prelim20_train_climax_no_range_extreme_corruption_s43 method=no_range_extreme_corruption backbone=climax
[TRAIN train_climax_no_range_extreme_corruption_s43] [FORECAST] using frozen forecast cache: /home/tahiti/ConserveFM/forecasts/climax.zarr
[TRAIN train_climax_no_range_extreme_corruption_s43] [STAGE] pretrain epochs=1 start_epoch=0
[TRAIN train_climax_no_range_extreme_corruption_s43] [TRAIN] stage=pretrain epoch=1/1 batch=10/3000 step=10 repair=0.02523 localization=0.4367 type=1.362 minimal=0.1211 physics=1.933 total=0.4516
[TRAIN train_climax_no_range_extreme_corruption_s43] [TRAIN] stage=pretrain epoch=1/1 batch=20/3000 step=20 repair=0.01074 localization=0.3739 type=1.952 minimal=0.07562 physics=0.9611 total=0.4665
[TRAIN train_climax_no_range_extreme_corruption_s43] [TRAIN] stage=pretrain epoch=1/1 batch=30/3000 step=30 repair=0.006033 localization=0.2792 type=1.085 minimal=0.05618 physics=0.935 total=0.3104
[TRAIN train_climax_no_range_extreme_corruption_s43] [TRAIN] stage=pretrain epoch=1/1 batch=40/3000 step=40 repair=0.005441 localization=0.2606 type=1.352 minimal=0.04727 physics=0.9594 total=0.3572
[TRAIN train_climax_no_range_extreme_corruption_s43] [TRAIN] stage=pretrain epoch=1/1 batch=50/3000 step=50 repair=0.01106 localization=0.4552 type=1.178 minimal=0.03931 physics=0.4794 total=0.3033
[TRAIN train_climax_no_range_extreme_corruption_s43] [TRAIN] stage=pretrain epoch=1/1 batch=60/3000 step=60 repair=0.007354 localization=0.2709 type=1.743 minimal=0.05582 physics=0.4345 total=0.3869
[TRAIN train_climax_no_range_extreme_corruption_s43] [TRAIN] stage=pretrain epoch=1/1 batch=70/3000 step=70 repair=0.004462 localization=0.2546 type=0.7878 minimal=0.04407 physics=0.4265 total=0.2098
[TRAIN train_climax_no_range_extreme_corruption_s43] [TRAIN] stage=pretrain epoch=1/1 batch=80/3000 step=80 repair=0.00277 localization=0.3597 type=2.043 minimal=0.035 physics=0.4362 total=0.4889
[TRAIN train_climax_no_range_extreme_corruption_s43] [TRAIN] stage=pretrain epoch=1/1 batch=90/3000 step=90 repair=0.004429 localization=0.317 type=1.812 minimal=0.02899 physics=0.494 total=0.4257
[TRAIN train_climax_no_range_extreme_corruption_s43] [TRAIN] stage=pretrain epoch=1/1 batch=100/3000 step=100 repair=0.002325 localization=0.3265 type=0.926 minimal=0.03026 physics=0.3585 total=0.2442
[TRAIN train_climax_no_range_extreme_corruption_s43] [TRAIN] stage=pretrain epoch=1/1 batch=110/3000 step=110 repair=0.003335 localization=0.3101 type=1.338 minimal=0.03125 physics=0.2959 total=0.3193
[TRAIN train_climax_no_range_extreme_corruption_s43] [TRAIN] stage=pretrain epoch=1/1 batch=120/3000 step=120 repair=0.003711 localization=0.3028 type=1.635 minimal=0.02679 physics=0.4442 total=0.3721
[TRAIN train_climax_no_range_extreme_corruption_s43] [TRAIN] stage=pretrain epoch=1/1 batch=130/3000 step=130 repair=0.002694 localization=0.2763 type=1.938 minimal=0.02628 physics=0.2681 total=0.4227
[TRAIN train_climax_no_range_extreme_corruption_s43] [TRAIN] stage=pretrain epoch=1/1 batch=140/3000 step=140 repair=0.003685 localization=0.2234 type=1.118 minimal=0.03026 physics=0.2093 total=0.2698
[TRAIN train_climax_no_range_extreme_corruption_s43] [TRAIN] stage=pretrain epoch=1/1 batch=150/3000 step=150 repair=0.003463 localization=0.3591 type=0.6514 minimal=0.03009 physics=0.2669 total=0.1865
[TRAIN train_climax_no_range_extreme_corruption_s43] [TRAIN] stage=pretrain epoch=1/1 batch=160/3000 step=160 repair=0.008516 localization=0.2524 type=1.443 minimal=0.02577 physics=0.3058 total=0.364
[TRAIN train_climax_no_range_extreme_corruption_s43] [TRAIN] stage=pretrain epoch=1/1 batch=170/3000 step=170 repair=0.002546 localization=0.4422 type=2.312 minimal=0.02867 physics=0.2103 total=0.525
[TRAIN train_climax_no_range_extreme_corruption_s43] [TRAIN] stage=pretrain epoch=1/1 batch=180/3000 step=180 repair=0.007542 localization=0.3645 type=1.574 minimal=0.03053 physics=0.6552 total=0.3816
[TRAIN train_climax_no_range_extreme_corruption_s43] [TRAIN] stage=pretrain epoch=1/1 batch=190/3000 step=190 repair=0.006479 localization=0.3065 type=0.9966 minimal=0.02963 physics=0.2434 total=0.2527
[TRAIN train_climax_no_range_extreme_corruption_s43] [TRAIN] stage=pretrain epoch=1/1 batch=200/3000 step=200 repair=0.007488 localization=0.3043 type=1.942 minimal=0.03043 physics=0.4485 total=0.4656
[TRAIN train_climax_no_range_extreme_corruption_s43] [TRAIN] stage=pretrain epoch=1/1 batch=210/3000 step=210 repair=0.004462 localization=0.2244 type=1.7 minimal=0.02904 physics=0.1494 total=0.3797
[TRAIN train_climax_no_range_extreme_corruption_s43] [TRAIN] stage=pretrain epoch=1/1 batch=220/3000 step=220 repair=0.01223 localization=0.2085 type=2.03 minimal=0.02568 physics=0.3758 total=0.4762
[TRAIN train_climax_no_range_extreme_corruption_s43] [TRAIN] stage=pretrain epoch=1/1 batch=230/3000 step=230 repair=0.003379 localization=0.2547 type=2.1 minimal=0.02423 physics=0.1232 total=0.4274
[TRAIN train_climax_no_range_extreme_corruption_s43] [TRAIN] stage=pretrain epoch=1/1 batch=240/3000 step=240 repair=0.01592 localization=0.2411 type=1.928 minimal=0.02548 physics=0.5323 total=0.4905
[TRAIN train_climax_no_range_extreme_corruption_s43] [TRAIN] stage=pretrain epoch=1/1 batch=250/3000 step=250 repair=0.005492 localization=0.2351 type=1.961 minimal=0.02756 physics=0.1932 total=0.4177
[TRAIN train_climax_no_range_extreme_corruption_s43] [TRAIN] stage=pretrain epoch=1/1 batch=260/3000 step=260 repair=0.005826 localization=0.2997 type=0.9746 minimal=0.02678 physics=0.4383 total=0.2465
[TRAIN train_climax_no_range_extreme_corruption_s43] [TRAIN] stage=pretrain epoch=1/1 batch=270/3000 step=270 repair=0.003967 localization=0.2605 type=1.3 minimal=0.02441 physics=0.445 total=0.3197
[TRAIN train_climax_no_range_extreme_corruption_s43] [TRAIN] stage=pretrain epoch=1/1 batch=280/3000 step=280 repair=0.002387 localization=0.199 type=2.078 minimal=0.0249 physics=0.208 total=0.4544
[TRAIN train_climax_no_range_extreme_corruption_s43] [TRAIN] stage=pretrain epoch=1/1 batch=290/3000 step=290 repair=0.004497 localization=0.3301 type=1.398 minimal=0.03323 physics=0.3227 total=0.3464
[TRAIN train_climax_no_range_extreme_corruption_s43] [TRAIN] stage=pretrain epoch=1/1 batch=300/3000 step=300 repair=0.004815 localization=0.2653 type=2.063 minimal=0.0291 physics=0.3071 total=0.4496
[TRAIN train_climax_no_range_extreme_corruption_s43] [TRAIN] stage=pretrain epoch=1/1 batch=310/3000 step=310 repair=0.006519 localization=0.4552 type=1.159 minimal=0.02585 physics=0.2758 total=0.2981
[TRAIN train_climax_no_range_extreme_corruption_s43] [TRAIN] stage=pretrain epoch=1/1 batch=320/3000 step=320 repair=0.003723 localization=0.3307 type=1.35 minimal=0.02718 physics=0.1506 total=0.3347
[TRAIN train_climax_no_range_extreme_corruption_s43] [TRAIN] stage=pretrain epoch=1/1 batch=330/3000 step=330 repair=0.0037 localization=0.4359 type=0.8943 minimal=0.02603 physics=0.1267 total=0.2318
[TRAIN train_climax_no_range_extreme_corruption_s43] [TRAIN] stage=pretrain epoch=1/1 batch=340/3000 step=340 repair=0.003302 localization=0.2162 type=2.369 minimal=0.0233 physics=0.1402 total=0.5214
[TRAIN train_climax_no_range_extreme_corruption_s43] [TRAIN] stage=pretrain epoch=1/1 batch=350/3000 step=350 repair=0.006388 localization=0.3742 type=1.328 minimal=0.02896 physics=0.2007 total=0.3385
[TRAIN train_climax_no_range_extreme_corruption_s43] [TRAIN] stage=pretrain epoch=1/1 batch=360/3000 step=360 repair=0.01117 localization=0.3036 type=0.918 minimal=0.02731 physics=0.2408 total=0.2319
[TRAIN train_climax_no_range_extreme_corruption_s43] [TRAIN] stage=pretrain epoch=1/1 batch=370/3000 step=370 repair=0.003095 localization=0.2628 type=1.062 minimal=0.02628 physics=0.17 total=0.2258
[TRAIN train_climax_no_range_extreme_corruption_s43] [TRAIN] stage=pretrain epoch=1/1 batch=380/3000 step=380 repair=0.003116 localization=0.3289 type=1.693 minimal=0.02805 physics=0.2294 total=0.3847
[TRAIN train_climax_no_range_extreme_corruption_s43] [TRAIN] stage=pretrain epoch=1/1 batch=390/3000 step=390 repair=0.007183 localization=0.2966 type=1.152 minimal=0.02643 physics=0.2897 total=0.2944
[TRAIN train_climax_no_range_extreme_corruption_s43] [TRAIN] stage=pretrain epoch=1/1 batch=400/3000 step=400 repair=0.004236 localization=0.3099 type=2.396 minimal=0.02727 physics=0.296 total=0.4902
[TRAIN train_climax_no_range_extreme_corruption_s43] [TRAIN] stage=pretrain epoch=1/1 batch=410/3000 step=410 repair=0.002797 localization=0.2856 type=1.036 minimal=0.02333 physics=0.09618 total=0.2586
[TRAIN train_climax_no_range_extreme_corruption_s43] [TRAIN] stage=pretrain epoch=1/1 batch=420/3000 step=420 repair=0.003615 localization=0.2156 type=2.493 minimal=0.02591 physics=0.107 total=0.5163
[TRAIN train_climax_no_range_extreme_corruption_s43] [TRAIN] stage=pretrain epoch=1/1 batch=430/3000 step=430 repair=0.003879 localization=0.3218 type=2.331 minimal=0.02354 physics=0.1302 total=0.5043
[TRAIN train_climax_no_range_extreme_corruption_s43] [TRAIN] stage=pretrain epoch=1/1 batch=440/3000 step=440 repair=0.00415 localization=0.2684 type=1.829 minimal=0.0233 physics=0.1477 total=0.409
[TRAIN train_climax_no_range_extreme_corruption_s43] [TRAIN] stage=pretrain epoch=1/1 batch=450/3000 step=450 repair=0.003542 localization=0.2667 type=0.645 minimal=0.02187 physics=0.09503 total=0.168
[TRAIN train_climax_no_range_extreme_corruption_s43] [TRAIN] stage=pretrain epoch=1/1 batch=460/3000 step=460 repair=0.01242 localization=0.3476 type=1.817 minimal=0.02457 physics=0.6443 total=0.4355
[TRAIN train_climax_no_range_extreme_corruption_s43] [TRAIN] stage=pretrain epoch=1/1 batch=470/3000 step=470 repair=0.002873 localization=0.4266 type=2.395 minimal=0.0228 physics=0.2052 total=0.5297
[TRAIN train_climax_no_range_extreme_corruption_s43] [TRAIN] stage=pretrain epoch=1/1 batch=480/3000 step=480 repair=0.006215 localization=0.3209 type=1.287 minimal=0.02414 physics=0.2063 total=0.3078
[TRAIN train_climax_no_range_extreme_corruption_s43] [TRAIN] stage=pretrain epoch=1/1 batch=490/3000 step=490 repair=0.01027 localization=0.2748 type=1.651 minimal=0.02245 physics=0.6845 total=0.3895
[TRAIN train_climax_no_range_extreme_corruption_s43] [TRAIN] stage=pretrain epoch=1/1 batch=500/3000 step=500 repair=0.003368 localization=0.2321 type=1.504 minimal=0.02197 physics=0.1283 total=0.3271
[TRAIN train_climax_no_range_extreme_corruption_s43] [TRAIN] stage=pretrain epoch=1/1 batch=510/3000 step=510 repair=0.01255 localization=0.2831 type=1.393 minimal=0.0213 physics=0.2048 total=0.3337
[TRAIN train_climax_no_range_extreme_corruption_s43] [TRAIN] stage=pretrain epoch=1/1 batch=520/3000 step=520 repair=0.00946 localization=0.2473 type=1.627 minimal=0.0209 physics=0.5853 total=0.3788
[TRAIN train_climax_no_range_extreme_corruption_s43] [TRAIN] stage=pretrain epoch=1/1 batch=530/3000 step=530 repair=0.00801 localization=0.3391 type=1.357 minimal=0.0206 physics=0.2935 total=0.3244
[TRAIN train_climax_no_range_extreme_corruption_s43] [TRAIN] stage=pretrain epoch=1/1 batch=540/3000 step=540 repair=0.002376 localization=0.2624 type=1.164 minimal=0.01974 physics=0.2283 total=0.2703
[TRAIN train_climax_no_range_extreme_corruption_s43] [TRAIN] stage=pretrain epoch=1/1 batch=550/3000 step=550 repair=0.001917 localization=0.2809 type=1.191 minimal=0.01711 physics=0.1568 total=0.2768
[TRAIN train_climax_no_range_extreme_corruption_s43] [TRAIN] stage=pretrain epoch=1/1 batch=560/3000 step=560 repair=0.008311 localization=0.3319 type=1.016 minimal=0.02338 physics=0.369 total=0.2694
[TRAIN train_climax_no_range_extreme_corruption_s43] [TRAIN] stage=pretrain epoch=1/1 batch=570/3000 step=570 repair=0.00333 localization=0.2542 type=0.9917 minimal=0.02194 physics=0.1015 total=0.2377
[TRAIN train_climax_no_range_extreme_corruption_s43] [TRAIN] stage=pretrain epoch=1/1 batch=580/3000 step=580 repair=0.002188 localization=0.277 type=1.547 minimal=0.01982 physics=0.09174 total=0.3262
[TRAIN train_climax_no_range_extreme_corruption_s43] [TRAIN] stage=pretrain epoch=1/1 batch=590/3000 step=590 repair=0.005073 localization=0.3915 type=2.09 minimal=0.02194 physics=0.3652 total=0.4935
[TRAIN train_climax_no_range_extreme_corruption_s43] [TRAIN] stage=pretrain epoch=1/1 batch=600/3000 step=600 repair=0.003295 localization=0.2727 type=1.838 minimal=0.01915 physics=0.213 total=0.413
[TRAIN train_climax_no_range_extreme_corruption_s43] [TRAIN] stage=pretrain epoch=1/1 batch=610/3000 step=610 repair=0.001684 localization=0.2471 type=1.535 minimal=0.01897 physics=0.1265 total=0.3332
[TRAIN train_climax_no_range_extreme_corruption_s43] [TRAIN] stage=pretrain epoch=1/1 batch=620/3000 step=620 repair=0.008068 localization=0.2634 type=2.138 minimal=0.01942 physics=0.3766 total=0.4629
[TRAIN train_climax_no_range_extreme_corruption_s43] [TRAIN] stage=pretrain epoch=1/1 batch=630/3000 step=630 repair=0.003134 localization=0.3818 type=1.763 minimal=0.01891 physics=0.2236 total=0.406
[TRAIN train_climax_no_range_extreme_corruption_s43] [TRAIN] stage=pretrain epoch=1/1 batch=640/3000 step=640 repair=0.002451 localization=0.3022 type=1.303 minimal=0.01915 physics=0.09615 total=0.2847
[TRAIN train_climax_no_range_extreme_corruption_s43] [TRAIN] stage=pretrain epoch=1/1 batch=650/3000 step=650 repair=0.002824 localization=0.2862 type=0.9426 minimal=0.01953 physics=0.1733 total=0.2409
[TRAIN train_climax_no_range_extreme_corruption_s43] [TRAIN] stage=pretrain epoch=1/1 batch=660/3000 step=660 repair=0.004781 localization=0.353 type=0.7769 minimal=0.01945 physics=1.158 total=0.2609
[TRAIN train_climax_no_range_extreme_corruption_s43] [TRAIN] stage=pretrain epoch=1/1 batch=670/3000 step=670 repair=0.01477 localization=0.2937 type=0.8337 minimal=0.02322 physics=1.805 total=0.2923
[TRAIN train_climax_no_range_extreme_corruption_s43] [TRAIN] stage=pretrain epoch=1/1 batch=680/3000 step=680 repair=0.004078 localization=0.2869 type=1.507 minimal=0.02225 physics=0.1093 total=0.3557
[TRAIN train_climax_no_range_extreme_corruption_s43] [TRAIN] stage=pretrain epoch=1/1 batch=690/3000 step=690 repair=0.003951 localization=0.3514 type=1.474 minimal=0.02002 physics=0.1151 total=0.3497
[TRAIN train_climax_no_range_extreme_corruption_s43] [TRAIN] stage=pretrain epoch=1/1 batch=700/3000 step=700 repair=0.004987 localization=0.1595 type=1.411 minimal=0.02341 physics=0.2108 total=0.3109
[TRAIN train_climax_no_range_extreme_corruption_s43] [TRAIN] stage=pretrain epoch=1/1 batch=710/3000 step=710 repair=0.002482 localization=0.2279 type=1.457 minimal=0.02074 physics=0.1015 total=0.3083
[TRAIN train_climax_no_range_extreme_corruption_s43] [TRAIN] stage=pretrain epoch=1/1 batch=720/3000 step=720 repair=0.003388 localization=0.29 type=1.476 minimal=0.02043 physics=0.1951 total=0.3343
[TRAIN train_climax_no_range_extreme_corruption_s43] [TRAIN] stage=pretrain epoch=1/1 batch=730/3000 step=730 repair=0.006042 localization=0.305 type=1.44 minimal=0.02022 physics=0.291 total=0.343
[TRAIN train_climax_no_range_extreme_corruption_s43] [TRAIN] stage=pretrain epoch=1/1 batch=740/3000 step=740 repair=0.002983 localization=0.2542 type=1.423 minimal=0.02109 physics=0.1818 total=0.3165
[TRAIN train_climax_no_range_extreme_corruption_s43] [TRAIN] stage=pretrain epoch=1/1 batch=750/3000 step=750 repair=0.004207 localization=0.09739 type=0.7561 minimal=0.02927 physics=0.343 total=0.1945
[TRAIN train_climax_no_range_extreme_corruption_s43] [TRAIN] stage=pretrain epoch=1/1 batch=760/3000 step=760 repair=0.002773 localization=0.2675 type=2.146 minimal=0.0242 physics=0.2618 total=0.4806
[TRAIN train_climax_no_range_extreme_corruption_s43] [TRAIN] stage=pretrain epoch=1/1 batch=770/3000 step=770 repair=0.002076 localization=0.1726 type=1.58 minimal=0.02063 physics=0.1211 total=0.3546
[TRAIN train_climax_no_range_extreme_corruption_s43] [TRAIN] stage=pretrain epoch=1/1 batch=780/3000 step=780 repair=0.008507 localization=0.2834 type=1.33 minimal=0.02399 physics=0.1136 total=0.2984
[TRAIN train_climax_no_range_extreme_corruption_s43] [TRAIN] stage=pretrain epoch=1/1 batch=790/3000 step=790 repair=0.003533 localization=0.1943 type=1.273 minimal=0.02095 physics=0.09959 total=0.286
[TRAIN train_climax_no_range_extreme_corruption_s43] [TRAIN] stage=pretrain epoch=1/1 batch=800/3000 step=800 repair=0.003298 localization=0.2253 type=1.395 minimal=0.01904 physics=0.1348 total=0.323
[TRAIN train_climax_no_range_extreme_corruption_s43] [TRAIN] stage=pretrain epoch=1/1 batch=810/3000 step=810 repair=0.002782 localization=0.2228 type=1.817 minimal=0.02232 physics=0.4027 total=0.3992
[TRAIN train_climax_no_range_extreme_corruption_s43] [TRAIN] stage=pretrain epoch=1/1 batch=820/3000 step=820 repair=0.0053 localization=0.2743 type=1.418 minimal=0.0206 physics=0.246 total=0.3268
[TRAIN train_climax_no_range_extreme_corruption_s43] [TRAIN] stage=pretrain epoch=1/1 batch=830/3000 step=830 repair=0.01045 localization=0.3182 type=1.464 minimal=0.01826 physics=0.2501 total=0.3413
[TRAIN train_climax_no_range_extreme_corruption_s43] [TRAIN] stage=pretrain epoch=1/1 batch=840/3000 step=840 repair=0.01164 localization=0.416 type=1.426 minimal=0.02548 physics=0.2234 total=0.3644
[TRAIN train_climax_no_range_extreme_corruption_s43] [TRAIN] stage=pretrain epoch=1/1 batch=850/3000 step=850 repair=0.01024 localization=0.2488 type=2.098 minimal=0.02023 physics=0.4479 total=0.4859
[TRAIN train_climax_no_range_extreme_corruption_s43] [TRAIN] stage=pretrain epoch=1/1 batch=860/3000 step=860 repair=0.005375 localization=0.1848 type=1.605 minimal=0.01881 physics=0.2298 total=0.3636
[TRAIN train_climax_no_range_extreme_corruption_s43] [TRAIN] stage=pretrain epoch=1/1 batch=870/3000 step=870 repair=0.00314 localization=0.2499 type=1.375 minimal=0.02338 physics=0.157 total=0.3054
[TRAIN train_climax_no_range_extreme_corruption_s43] [TRAIN] stage=pretrain epoch=1/1 batch=880/3000 step=880 repair=0.004318 localization=0.2801 type=0.8264 minimal=0.03061 physics=0.2351 total=0.2037
[TRAIN train_climax_no_range_extreme_corruption_s43] [TRAIN] stage=pretrain epoch=1/1 batch=890/3000 step=890 repair=0.002172 localization=0.238 type=1.478 minimal=0.02057 physics=0.2229 total=0.3169
[TRAIN train_climax_no_range_extreme_corruption_s43] [TRAIN] stage=pretrain epoch=1/1 batch=900/3000 step=900 repair=0.005307 localization=0.2281 type=0.7246 minimal=0.02588 physics=0.3447 total=0.1927
[TRAIN train_climax_no_range_extreme_corruption_s43] [TRAIN] stage=pretrain epoch=1/1 batch=910/3000 step=910 repair=0.002487 localization=0.2386 type=1.271 minimal=0.02271 physics=0.211 total=0.2968
[TRAIN train_climax_no_range_extreme_corruption_s43] [TRAIN] stage=pretrain epoch=1/1 batch=920/3000 step=920 repair=0.005033 localization=0.3336 type=1.859 minimal=0.02057 physics=0.08253 total=0.3914
[TRAIN train_climax_no_range_extreme_corruption_s43] [TRAIN] stage=pretrain epoch=1/1 batch=930/3000 step=930 repair=0.002382 localization=0.2324 type=1.479 minimal=0.0202 physics=0.07137 total=0.329
[TRAIN train_climax_no_range_extreme_corruption_s43] [TRAIN] stage=pretrain epoch=1/1 batch=940/3000 step=940 repair=0.001527 localization=0.268 type=0.6218 minimal=0.01781 physics=0.1105 total=0.1585
[TRAIN train_climax_no_range_extreme_corruption_s43] [TRAIN] stage=pretrain epoch=1/1 batch=950/3000 step=950 repair=0.002385 localization=0.1871 type=2.154 minimal=0.01958 physics=0.2131 total=0.4308
[TRAIN train_climax_no_range_extreme_corruption_s43] [TRAIN] stage=pretrain epoch=1/1 batch=960/3000 step=960 repair=0.00266 localization=0.2462 type=2.074 minimal=0.02063 physics=0.2111 total=0.452
[TRAIN train_climax_no_range_extreme_corruption_s43] [TRAIN] stage=pretrain epoch=1/1 batch=970/3000 step=970 repair=0.005328 localization=0.1088 type=1.131 minimal=0.03607 physics=0.3817 total=0.2645
[TRAIN train_climax_no_range_extreme_corruption_s43] [TRAIN] stage=pretrain epoch=1/1 batch=980/3000 step=980 repair=0.002456 localization=0.4637 type=1.103 minimal=0.01819 physics=0.1119 total=0.2741
[TRAIN train_climax_no_range_extreme_corruption_s43] [TRAIN] stage=pretrain epoch=1/1 batch=990/3000 step=990 repair=0.00422 localization=0.2196 type=1.822 minimal=0.02286 physics=0.2304 total=0.4007
[TRAIN train_climax_no_range_extreme_corruption_s43] [TRAIN] stage=pretrain epoch=1/1 batch=1000/3000 step=1000 repair=0.003215 localization=0.2508 type=1.997 minimal=0.02202 physics=0.09477 total=0.4058
[TRAIN train_climax_no_range_extreme_corruption_s43] [TRAIN] stage=pretrain epoch=1/1 batch=1010/3000 step=1010 repair=0.003863 localization=0.3189 type=0.54 minimal=0.028 physics=0.2344 total=0.1458
[TRAIN train_climax_no_range_extreme_corruption_s43] [TRAIN] stage=pretrain epoch=1/1 batch=1020/3000 step=1020 repair=0.003118 localization=0.3473 type=2.072 minimal=0.0249 physics=0.159 total=0.4538
[TRAIN train_climax_no_range_extreme_corruption_s43] [TRAIN] stage=pretrain epoch=1/1 batch=1030/3000 step=1030 repair=0.002597 localization=0.2546 type=1.472 minimal=0.02164 physics=0.243 total=0.3321
[TRAIN train_climax_no_range_extreme_corruption_s43] [TRAIN] stage=pretrain epoch=1/1 batch=1040/3000 step=1040 repair=0.001704 localization=0.3809 type=1.303 minimal=0.01988 physics=0.07781 total=0.2995
[TRAIN train_climax_no_range_extreme_corruption_s43] [TRAIN] stage=pretrain epoch=1/1 batch=1050/3000 step=1050 repair=0.01492 localization=0.3112 type=2.049 minimal=0.02098 physics=0.1557 total=0.4473
[TRAIN train_climax_no_range_extreme_corruption_s43] [TRAIN] stage=pretrain epoch=1/1 batch=1060/3000 step=1060 repair=0.002103 localization=0.3072 type=0.7231 minimal=0.01881 physics=0.2831 total=0.1867
[TRAIN train_climax_no_range_extreme_corruption_s43] [TRAIN] stage=pretrain epoch=1/1 batch=1070/3000 step=1070 repair=0.007832 localization=0.2956 type=1.672 minimal=0.01787 physics=0.07106 total=0.3772
[TRAIN train_climax_no_range_extreme_corruption_s43] [TRAIN] stage=pretrain epoch=1/1 batch=1080/3000 step=1080 repair=0.004386 localization=0.3438 type=0.7952 minimal=0.01814 physics=0.699 total=0.2282
[TRAIN train_climax_no_range_extreme_corruption_s43] [TRAIN] stage=pretrain epoch=1/1 batch=1090/3000 step=1090 repair=0.003011 localization=0.3422 type=1.542 minimal=0.02075 physics=0.1958 total=0.3471
[TRAIN train_climax_no_range_extreme_corruption_s43] [TRAIN] stage=pretrain epoch=1/1 batch=1100/3000 step=1100 repair=0.006227 localization=0.2724 type=1.097 minimal=0.01947 physics=0.2375 total=0.2679
[TRAIN train_climax_no_range_extreme_corruption_s43] [TRAIN] stage=pretrain epoch=1/1 batch=1110/3000 step=1110 repair=0.01144 localization=0.275 type=1.946 minimal=0.0181 physics=0.4839 total=0.446
[TRAIN train_climax_no_range_extreme_corruption_s43] [TRAIN] stage=pretrain epoch=1/1 batch=1120/3000 step=1120 repair=0.003536 localization=0.4458 type=1.8 minimal=0.02277 physics=0.1567 total=0.4047
[TRAIN train_climax_no_range_extreme_corruption_s43] [TRAIN] stage=pretrain epoch=1/1 batch=1130/3000 step=1130 repair=0.006753 localization=0.1446 type=0.1342 minimal=0.04123 physics=0.5403 total=0.07391
[TRAIN train_climax_no_range_extreme_corruption_s43] [TRAIN] stage=pretrain epoch=1/1 batch=1140/3000 step=1140 repair=0.008753 localization=0.3277 type=1.152 minimal=0.02277 physics=0.09409 total=0.2644
[TRAIN train_climax_no_range_extreme_corruption_s43] [TRAIN] stage=pretrain epoch=1/1 batch=1150/3000 step=1150 repair=0.002344 localization=0.3283 type=1.05 minimal=0.01871 physics=0.06794 total=0.2455
[TRAIN train_climax_no_range_extreme_corruption_s43] [TRAIN] stage=pretrain epoch=1/1 batch=1160/3000 step=1160 repair=0.007706 localization=0.1986 type=1.641 minimal=0.02031 physics=0.07681 total=0.3442
[TRAIN train_climax_no_range_extreme_corruption_s43] [TRAIN] stage=pretrain epoch=1/1 batch=1170/3000 step=1170 repair=0.002969 localization=0.2488 type=1.06 minimal=0.02379 physics=0.1514 total=0.2504
[TRAIN train_climax_no_range_extreme_corruption_s43] [TRAIN] stage=pretrain epoch=1/1 batch=1180/3000 step=1180 repair=0.007336 localization=0.3797 type=0.9805 minimal=0.01826 physics=0.3193 total=0.2613
[TRAIN train_climax_no_range_extreme_corruption_s43] [TRAIN] stage=pretrain epoch=1/1 batch=1190/3000 step=1190 repair=0.002259 localization=0.3542 type=0.9944 minimal=0.01883 physics=0.07268 total=0.2415
[TRAIN train_climax_no_range_extreme_corruption_s43] [TRAIN] stage=pretrain epoch=1/1 batch=1200/3000 step=1200 repair=0.00362 localization=0.145 type=0.4299 minimal=0.02678 physics=0.5293 total=0.1223
[TRAIN train_climax_no_range_extreme_corruption_s43] [TRAIN] stage=pretrain epoch=1/1 batch=1210/3000 step=1210 repair=0.002447 localization=0.4294 type=1.03 minimal=0.01906 physics=0.5054 total=0.2618
[TRAIN train_climax_no_range_extreme_corruption_s43] [TRAIN] stage=pretrain epoch=1/1 batch=1220/3000 step=1220 repair=0.002247 localization=0.2333 type=1.098 minimal=0.01959 physics=0.7616 total=0.2723
[TRAIN train_climax_no_range_extreme_corruption_s43] [TRAIN] stage=pretrain epoch=1/1 batch=1230/3000 step=1230 repair=0.004825 localization=0.3644 type=1.097 minimal=0.02261 physics=0.3018 total=0.2672
[TRAIN train_climax_no_range_extreme_corruption_s43] [TRAIN] stage=pretrain epoch=1/1 batch=1240/3000 step=1240 repair=0.004171 localization=0.123 type=0.5177 minimal=0.0303 physics=1.221 total=0.1838
[TRAIN train_climax_no_range_extreme_corruption_s43] [TRAIN] stage=pretrain epoch=1/1 batch=1250/3000 step=1250 repair=0.003512 localization=0.1078 type=0.06674 minimal=0.04041 physics=1.328 total=0.092
[TRAIN train_climax_no_range_extreme_corruption_s43] [TRAIN] stage=pretrain epoch=1/1 batch=1260/3000 step=1260 repair=0.01107 localization=0.3402 type=1.2 minimal=0.02567 physics=1.402 total=0.3872
[TRAIN train_climax_no_range_extreme_corruption_s43] [TRAIN] stage=pretrain epoch=1/1 batch=1270/3000 step=1270 repair=0.00867 localization=0.2492 type=1.114 minimal=0.02045 physics=0.2428 total=0.2594
[TRAIN train_climax_no_range_extreme_corruption_s43] [TRAIN] stage=pretrain epoch=1/1 batch=1280/3000 step=1280 repair=0.0102 localization=0.2932 type=0.96 minimal=0.02986 physics=0.9831 total=0.281
[TRAIN train_climax_no_range_extreme_corruption_s43] [TRAIN] stage=pretrain epoch=1/1 batch=1290/3000 step=1290 repair=0.002707 localization=0.2016 type=1.906 minimal=0.02528 physics=0.2757 total=0.3775
[TRAIN train_climax_no_range_extreme_corruption_s43] [TRAIN] stage=pretrain epoch=1/1 batch=1300/3000 step=1300 repair=0.001513 localization=0.3448 type=0.3582 minimal=0.02013 physics=0.3613 total=0.1273
[TRAIN train_climax_no_range_extreme_corruption_s43] [TRAIN] stage=pretrain epoch=1/1 batch=1310/3000 step=1310 repair=0.003495 localization=0.269 type=1.236 minimal=0.01837 physics=0.5537 total=0.2847
[TRAIN train_climax_no_range_extreme_corruption_s43] [TRAIN] stage=pretrain epoch=1/1 batch=1320/3000 step=1320 repair=0.00617 localization=0.2294 type=0.9751 minimal=0.01642 physics=0.9012 total=0.2679
[TRAIN train_climax_no_range_extreme_corruption_s43] [TRAIN] stage=pretrain epoch=1/1 batch=1330/3000 step=1330 repair=0.0034 localization=0.4073 type=2.341 minimal=0.0274 physics=0.453 total=0.5433
[TRAIN train_climax_no_range_extreme_corruption_s43] [TRAIN] stage=pretrain epoch=1/1 batch=1340/3000 step=1340 repair=0.002212 localization=0.2999 type=1.794 minimal=0.02127 physics=0.1633 total=0.3993
[TRAIN train_climax_no_range_extreme_corruption_s43] [TRAIN] stage=pretrain epoch=1/1 batch=1350/3000 step=1350 repair=0.002243 localization=0.2492 type=1.373 minimal=0.02263 physics=0.4806 total=0.3454
[TRAIN train_climax_no_range_extreme_corruption_s43] [TRAIN] stage=pretrain epoch=1/1 batch=1360/3000 step=1360 repair=0.004177 localization=0.3434 type=2.062 minimal=0.02226 physics=0.3005 total=0.4551
[TRAIN train_climax_no_range_extreme_corruption_s43] [TRAIN] stage=pretrain epoch=1/1 batch=1370/3000 step=1370 repair=0.003759 localization=0.1929 type=1.916 minimal=0.02141 physics=0.1584 total=0.4242
[TRAIN train_climax_no_range_extreme_corruption_s43] [TRAIN] stage=pretrain epoch=1/1 batch=1380/3000 step=1380 repair=0.005238 localization=0.2888 type=1.769 minimal=0.01689 physics=0.1072 total=0.4045
[TRAIN train_climax_no_range_extreme_corruption_s43] [TRAIN] stage=pretrain epoch=1/1 batch=1390/3000 step=1390 repair=0.002792 localization=0.2448 type=0.9863 minimal=0.01883 physics=0.2036 total=0.2401
[TRAIN train_climax_no_range_extreme_corruption_s43] [TRAIN] stage=pretrain epoch=1/1 batch=1400/3000 step=1400 repair=0.008015 localization=0.06557 type=0.01703 minimal=0.04333 physics=0.6861 total=0.05319
[TRAIN train_climax_no_range_extreme_corruption_s43] [TRAIN] stage=pretrain epoch=1/1 batch=1410/3000 step=1410 repair=0.00506 localization=0.2232 type=0.8369 minimal=0.02074 physics=0.1317 total=0.2044
[TRAIN train_climax_no_range_extreme_corruption_s43] [TRAIN] stage=pretrain epoch=1/1 batch=1420/3000 step=1420 repair=0.003673 localization=0.2645 type=1.546 minimal=0.01811 physics=0.04634 total=0.3314
[TRAIN train_climax_no_range_extreme_corruption_s43] [TRAIN] stage=pretrain epoch=1/1 batch=1430/3000 step=1430 repair=0.002992 localization=0.2599 type=0.2108 minimal=0.02058 physics=0.1949 total=0.07502
[TRAIN train_climax_no_range_extreme_corruption_s43] [TRAIN] stage=pretrain epoch=1/1 batch=1440/3000 step=1440 repair=0.004042 localization=0.286 type=1.441 minimal=0.02448 physics=0.3446 total=0.3215
[TRAIN train_climax_no_range_extreme_corruption_s43] [TRAIN] stage=pretrain epoch=1/1 batch=1450/3000 step=1450 repair=0.004059 localization=0.08409 type=0.06544 minimal=0.02892 physics=0.5353 total=0.05387
[TRAIN train_climax_no_range_extreme_corruption_s43] [TRAIN] stage=pretrain epoch=1/1 batch=1460/3000 step=1460 repair=0.002533 localization=0.07766 type=0.07828 minimal=0.02403 physics=0.1939 total=0.03539
[TRAIN train_climax_no_range_extreme_corruption_s43] [TRAIN] stage=pretrain epoch=1/1 batch=1470/3000 step=1470 repair=0.003341 localization=0.4687 type=1.049 minimal=0.01988 physics=0.3795 total=0.285
[TRAIN train_climax_no_range_extreme_corruption_s43] [TRAIN] stage=pretrain epoch=1/1 batch=1480/3000 step=1480 repair=0.002452 localization=0.05452 type=0.04704 minimal=0.02362 physics=0.2136 total=0.0262
[TRAIN train_climax_no_range_extreme_corruption_s43] [TRAIN] stage=pretrain epoch=1/1 batch=1490/3000 step=1490 repair=0.01238 localization=0.3884 type=0.1782 minimal=0.01467 physics=2.751 total=0.2249
[TRAIN train_climax_no_range_extreme_corruption_s43] [TRAIN] stage=pretrain epoch=1/1 batch=1500/3000 step=1500 repair=0.004758 localization=0.3448 type=2.748 minimal=0.01721 physics=0.05272 total=0.5716
[TRAIN train_climax_no_range_extreme_corruption_s43] [TRAIN] stage=pretrain epoch=1/1 batch=1510/3000 step=1510 repair=0.001174 localization=0.3125 type=1.813 minimal=0.01491 physics=0.06043 total=0.421
[TRAIN train_climax_no_range_extreme_corruption_s43] [TRAIN] stage=pretrain epoch=1/1 batch=1520/3000 step=1520 repair=0.006284 localization=0.27 type=1.027 minimal=0.02255 physics=0.07991 total=0.2404
[TRAIN train_climax_no_range_extreme_corruption_s43] [TRAIN] stage=pretrain epoch=1/1 batch=1530/3000 step=1530 repair=0.001897 localization=0.4635 type=3.989 minimal=0.01917 physics=0.3379 total=0.8084
[TRAIN train_climax_no_range_extreme_corruption_s43] [TRAIN] stage=pretrain epoch=1/1 batch=1540/3000 step=1540 repair=0.00823 localization=0.2034 type=0.7383 minimal=0.03305 physics=0.1418 total=0.1709
[TRAIN train_climax_no_range_extreme_corruption_s43] [TRAIN] stage=pretrain epoch=1/1 batch=1550/3000 step=1550 repair=0.009856 localization=0.5212 type=0.5547 minimal=0.02798 physics=0.1484 total=0.2013
[TRAIN train_climax_no_range_extreme_corruption_s43] [TRAIN] stage=pretrain epoch=1/1 batch=1560/3000 step=1560 repair=0.005019 localization=0.2788 type=0.6499 minimal=0.0209 physics=0.137 total=0.1656
[TRAIN train_climax_no_range_extreme_corruption_s43] [TRAIN] stage=pretrain epoch=1/1 batch=1570/3000 step=1570 repair=0.003894 localization=0.1189 type=0.1068 minimal=0.02423 physics=0.2235 total=0.0491
[TRAIN train_climax_no_range_extreme_corruption_s43] [TRAIN] stage=pretrain epoch=1/1 batch=1580/3000 step=1580 repair=0.002328 localization=0.2841 type=1.593 minimal=0.01805 physics=0.1896 total=0.351
[TRAIN train_climax_no_range_extreme_corruption_s43] [TRAIN] stage=pretrain epoch=1/1 batch=1590/3000 step=1590 repair=0.005039 localization=0.2286 type=0.9292 minimal=0.02109 physics=0.6321 total=0.254
[TRAIN train_climax_no_range_extreme_corruption_s43] [TRAIN] stage=pretrain epoch=1/1 batch=1600/3000 step=1600 repair=0.009953 localization=0.3548 type=1.252 minimal=0.02177 physics=0.1375 total=0.3085
[TRAIN train_climax_no_range_extreme_corruption_s43] [TRAIN] stage=pretrain epoch=1/1 batch=1610/3000 step=1610 repair=0.002177 localization=0.2492 type=1.32 minimal=0.01973 physics=0.2808 total=0.3368
[TRAIN train_climax_no_range_extreme_corruption_s43] [TRAIN] stage=pretrain epoch=1/1 batch=1620/3000 step=1620 repair=0.009762 localization=0.2943 type=1.527 minimal=0.02042 physics=0.9191 total=0.3889
[TRAIN train_climax_no_range_extreme_corruption_s43] [TRAIN] stage=pretrain epoch=1/1 batch=1630/3000 step=1630 repair=0.002628 localization=0.1813 type=1.636 minimal=0.01749 physics=0.2314 total=0.3942
[TRAIN train_climax_no_range_extreme_corruption_s43] [TRAIN] stage=pretrain epoch=1/1 batch=1640/3000 step=1640 repair=0.00254 localization=0.21 type=0.6882 minimal=0.01877 physics=0.07925 total=0.1712
[TRAIN train_climax_no_range_extreme_corruption_s43] [TRAIN] stage=pretrain epoch=1/1 batch=1650/3000 step=1650 repair=0.002721 localization=0.1475 type=2.393 minimal=0.01711 physics=0.1202 total=0.4887
[TRAIN train_climax_no_range_extreme_corruption_s43] [TRAIN] stage=pretrain epoch=1/1 batch=1660/3000 step=1660 repair=0.002622 localization=0.1166 type=0.4637 minimal=0.0181 physics=0.2166 total=0.104
[TRAIN train_climax_no_range_extreme_corruption_s43] [TRAIN] stage=pretrain epoch=1/1 batch=1670/3000 step=1670 repair=0.001989 localization=0.07118 type=0.07994 minimal=0.02026 physics=0.1823 total=0.03165
[TRAIN train_climax_no_range_extreme_corruption_s43] [TRAIN] stage=pretrain epoch=1/1 batch=1680/3000 step=1680 repair=0.006394 localization=0.3463 type=1.099 minimal=0.01529 physics=0.1868 total=0.2713
[TRAIN train_climax_no_range_extreme_corruption_s43] [TRAIN] stage=pretrain epoch=1/1 batch=1690/3000 step=1690 repair=0.008546 localization=0.2576 type=1.208 minimal=0.01496 physics=0.2272 total=0.2787
[TRAIN train_climax_no_range_extreme_corruption_s43] [TRAIN] stage=pretrain epoch=1/1 batch=1700/3000 step=1700 repair=0.004352 localization=0.2607 type=1.311 minimal=0.01569 physics=0.2693 total=0.2984
[TRAIN train_climax_no_range_extreme_corruption_s43] [TRAIN] stage=pretrain epoch=1/1 batch=1710/3000 step=1710 repair=0.0113 localization=0.3198 type=0.9285 minimal=0.01764 physics=0.1161 total=0.2465
[TRAIN train_climax_no_range_extreme_corruption_s43] [TRAIN] stage=pretrain epoch=1/1 batch=1720/3000 step=1720 repair=0.00208 localization=0.1116 type=0.6525 minimal=0.01578 physics=0.1347 total=0.1631
[TRAIN train_climax_no_range_extreme_corruption_s43] [TRAIN] stage=pretrain epoch=1/1 batch=1730/3000 step=1730 repair=0.005677 localization=0.3423 type=2.575 minimal=0.0182 physics=0.1516 total=0.5246
[TRAIN train_climax_no_range_extreme_corruption_s43] [TRAIN] stage=pretrain epoch=1/1 batch=1740/3000 step=1740 repair=0.01516 localization=0.3318 type=1.513 minimal=0.02132 physics=0.8601 total=0.3992
[TRAIN train_climax_no_range_extreme_corruption_s43] [TRAIN] stage=pretrain epoch=1/1 batch=1750/3000 step=1750 repair=0.005528 localization=0.3492 type=1.13 minimal=0.02065 physics=0.2727 total=0.2969
[TRAIN train_climax_no_range_extreme_corruption_s43] [TRAIN] stage=pretrain epoch=1/1 batch=1760/3000 step=1760 repair=0.005925 localization=0.3222 type=1.041 minimal=0.01746 physics=0.5233 total=0.2938
[TRAIN train_climax_no_range_extreme_corruption_s43] [TRAIN] stage=pretrain epoch=1/1 batch=1770/3000 step=1770 repair=0.00193 localization=0.2775 type=0.8875 minimal=0.02007 physics=0.1062 total=0.221
[TRAIN train_climax_no_range_extreme_corruption_s43] [TRAIN] stage=pretrain epoch=1/1 batch=1780/3000 step=1780 repair=0.001801 localization=0.2778 type=0.9949 minimal=0.02101 physics=0.07073 total=0.2328
[TRAIN train_climax_no_range_extreme_corruption_s43] [TRAIN] stage=pretrain epoch=1/1 batch=1790/3000 step=1790 repair=0.002314 localization=0.1712 type=3.397 minimal=0.01726 physics=0.1194 total=0.6851
[TRAIN train_climax_no_range_extreme_corruption_s43] [TRAIN] stage=pretrain epoch=1/1 batch=1800/3000 step=1800 repair=0.00284 localization=0.1947 type=1.197 minimal=0.01548 physics=0.2177 total=0.2682
[TRAIN train_climax_no_range_extreme_corruption_s43] [TRAIN] stage=pretrain epoch=1/1 batch=1810/3000 step=1810 repair=0.005407 localization=0.291 type=1.734 minimal=0.01974 physics=0.1177 total=0.3818
[TRAIN train_climax_no_range_extreme_corruption_s43] [TRAIN] stage=pretrain epoch=1/1 batch=1820/3000 step=1820 repair=0.001491 localization=0.2898 type=1.256 minimal=0.01654 physics=0.5989 total=0.3109
[TRAIN train_climax_no_range_extreme_corruption_s43] [TRAIN] stage=pretrain epoch=1/1 batch=1830/3000 step=1830 repair=0.00146 localization=0.02428 type=0.01944 minimal=0.02089 physics=0.6053 total=0.03739
[TRAIN train_climax_no_range_extreme_corruption_s43] [TRAIN] stage=pretrain epoch=1/1 batch=1840/3000 step=1840 repair=0.004715 localization=0.4242 type=0.7097 minimal=0.01831 physics=0.775 total=0.2288
[TRAIN train_climax_no_range_extreme_corruption_s43] [TRAIN] stage=pretrain epoch=1/1 batch=1850/3000 step=1850 repair=0.0004555 localization=0.4009 type=4.618 minimal=0.01262 physics=0.1794 total=1.013
[TRAIN train_climax_no_range_extreme_corruption_s43] [TRAIN] stage=pretrain epoch=1/1 batch=1860/3000 step=1860 repair=0.005014 localization=0.2357 type=1.112 minimal=0.01321 physics=0.2966 total=0.272
[TRAIN train_climax_no_range_extreme_corruption_s43] [TRAIN] stage=pretrain epoch=1/1 batch=1870/3000 step=1870 repair=0.007413 localization=0.3319 type=0.6079 minimal=0.01671 physics=0.1858 total=0.1808
[TRAIN train_climax_no_range_extreme_corruption_s43] [TRAIN] stage=pretrain epoch=1/1 batch=1880/3000 step=1880 repair=0.00137 localization=0.3697 type=5.264 minimal=0.01411 physics=0.2251 total=1.119
[TRAIN train_climax_no_range_extreme_corruption_s43] [TRAIN] stage=pretrain epoch=1/1 batch=1890/3000 step=1890 repair=0.002288 localization=0.3012 type=1.725 minimal=0.01674 physics=0.1921 total=0.3891
[TRAIN train_climax_no_range_extreme_corruption_s43] [TRAIN] stage=pretrain epoch=1/1 batch=1900/3000 step=1900 repair=0.001953 localization=0.02228 type=0.004749 minimal=0.02264 physics=0.2504 total=0.01761
[TRAIN train_climax_no_range_extreme_corruption_s43] [TRAIN] stage=pretrain epoch=1/1 batch=1910/3000 step=1910 repair=0.003356 localization=0.2934 type=1.484 minimal=0.01939 physics=0.1008 total=0.3337
[TRAIN train_climax_no_range_extreme_corruption_s43] [TRAIN] stage=pretrain epoch=1/1 batch=1920/3000 step=1920 repair=0.002159 localization=0.04777 type=0.003129 minimal=0.02232 physics=0.27 total=0.02116
[TRAIN train_climax_no_range_extreme_corruption_s43] [TRAIN] stage=pretrain epoch=1/1 batch=1930/3000 step=1930 repair=0.002853 localization=0.2381 type=0.8235 minimal=0.02032 physics=0.09779 total=0.1984
[TRAIN train_climax_no_range_extreme_corruption_s43] [TRAIN] stage=pretrain epoch=1/1 batch=1940/3000 step=1940 repair=0.00662 localization=0.2576 type=1.259 minimal=0.01505 physics=0.3821 total=0.3105
[TRAIN train_climax_no_range_extreme_corruption_s43] [TRAIN] stage=pretrain epoch=1/1 batch=1950/3000 step=1950 repair=0.005626 localization=0.2435 type=1.218 minimal=0.0141 physics=0.1622 total=0.2863
[TRAIN train_climax_no_range_extreme_corruption_s43] [TRAIN] stage=pretrain epoch=1/1 batch=1960/3000 step=1960 repair=0.00737 localization=0.3345 type=1.124 minimal=0.01616 physics=0.2486 total=0.2711
[TRAIN train_climax_no_range_extreme_corruption_s43] [TRAIN] stage=pretrain epoch=1/1 batch=1970/3000 step=1970 repair=0.002752 localization=0.3705 type=1.077 minimal=0.01686 physics=0.1531 total=0.2695
[TRAIN train_climax_no_range_extreme_corruption_s43] [TRAIN] stage=pretrain epoch=1/1 batch=1980/3000 step=1980 repair=0.002051 localization=0.2338 type=0.9304 minimal=0.0166 physics=0.1321 total=0.2157
[TRAIN train_climax_no_range_extreme_corruption_s43] [TRAIN] stage=pretrain epoch=1/1 batch=1990/3000 step=1990 repair=0.003812 localization=0.2223 type=1.614 minimal=0.01535 physics=0.08534 total=0.3491
[TRAIN train_climax_no_range_extreme_corruption_s43] [TRAIN] stage=pretrain epoch=1/1 batch=2000/3000 step=2000 repair=0.002003 localization=0.4273 type=0.676 minimal=0.01363 physics=0.05853 total=0.1832
[TRAIN train_climax_no_range_extreme_corruption_s43] [TRAIN] stage=pretrain epoch=1/1 batch=2010/3000 step=2010 repair=0.001875 localization=0.04813 type=0.002005 minimal=0.01901 physics=0.2112 total=0.01789
[TRAIN train_climax_no_range_extreme_corruption_s43] [TRAIN] stage=pretrain epoch=1/1 batch=2020/3000 step=2020 repair=0.004017 localization=0.2887 type=1.549 minimal=0.01657 physics=0.07836 total=0.3533
[TRAIN train_climax_no_range_extreme_corruption_s43] [TRAIN] stage=pretrain epoch=1/1 batch=2030/3000 step=2030 repair=0.006606 localization=0.3293 type=1.128 minimal=0.01671 physics=0.05271 total=0.2856
[TRAIN train_climax_no_range_extreme_corruption_s43] [TRAIN] stage=pretrain epoch=1/1 batch=2040/3000 step=2040 repair=0.0009836 localization=0.04893 type=0.04121 minimal=0.01337 physics=0.1642 total=0.02057
[TRAIN train_climax_no_range_extreme_corruption_s43] [TRAIN] stage=pretrain epoch=1/1 batch=2050/3000 step=2050 repair=0.004278 localization=0.3052 type=0.7268 minimal=0.01784 physics=0.07831 total=0.185
[TRAIN train_climax_no_range_extreme_corruption_s43] [TRAIN] stage=pretrain epoch=1/1 batch=2060/3000 step=2060 repair=0.003041 localization=0.02334 type=0.001925 minimal=0.02344 physics=0.3669 total=0.02425
[TRAIN train_climax_no_range_extreme_corruption_s43] [TRAIN] stage=pretrain epoch=1/1 batch=2070/3000 step=2070 repair=0.01166 localization=0.3289 type=0.8159 minimal=0.01701 physics=0.2044 total=0.2124
[TRAIN train_climax_no_range_extreme_corruption_s43] [TRAIN] stage=pretrain epoch=1/1 batch=2080/3000 step=2080 repair=0.003975 localization=0.2386 type=0.7944 minimal=0.01863 physics=0.2481 total=0.2012
[TRAIN train_climax_no_range_extreme_corruption_s43] [TRAIN] stage=pretrain epoch=1/1 batch=2090/3000 step=2090 repair=0.001689 localization=0.02948 type=0.001392 minimal=0.0244 physics=0.1813 total=0.01417
[TRAIN train_climax_no_range_extreme_corruption_s43] [TRAIN] stage=pretrain epoch=1/1 batch=2100/3000 step=2100 repair=0.005239 localization=0.2984 type=0.8513 minimal=0.0155 physics=0.2081 total=0.2057
[TRAIN train_climax_no_range_extreme_corruption_s43] [TRAIN] stage=pretrain epoch=1/1 batch=2110/3000 step=2110 repair=0.00883 localization=0.3536 type=1.008 minimal=0.01686 physics=0.1028 total=0.2506
[TRAIN train_climax_no_range_extreme_corruption_s43] [TRAIN] stage=pretrain epoch=1/1 batch=2120/3000 step=2120 repair=0.008677 localization=0.2191 type=1.379 minimal=0.01663 physics=0.6325 total=0.331
[TRAIN train_climax_no_range_extreme_corruption_s43] [TRAIN] stage=pretrain epoch=1/1 batch=2130/3000 step=2130 repair=0.01032 localization=0.3296 type=1.037 minimal=0.01682 physics=0.1566 total=0.2507
[TRAIN train_climax_no_range_extreme_corruption_s43] [TRAIN] stage=pretrain epoch=1/1 batch=2140/3000 step=2140 repair=0.007227 localization=0.3276 type=0.6797 minimal=0.01767 physics=0.177 total=0.1955
[TRAIN train_climax_no_range_extreme_corruption_s43] [TRAIN] stage=pretrain epoch=1/1 batch=2150/3000 step=2150 repair=0.004278 localization=0.2287 type=1 minimal=0.0179 physics=0.1001 total=0.2519
[TRAIN train_climax_no_range_extreme_corruption_s43] [TRAIN] stage=pretrain epoch=1/1 batch=2160/3000 step=2160 repair=0.00294 localization=0.3665 type=0.8406 minimal=0.01639 physics=0.06155 total=0.2114
[TRAIN train_climax_no_range_extreme_corruption_s43] [TRAIN] stage=pretrain epoch=1/1 batch=2170/3000 step=2170 repair=0.006601 localization=0.2776 type=2.287 minimal=0.01474 physics=0.3023 total=0.5299
[TRAIN train_climax_no_range_extreme_corruption_s43] [TRAIN] stage=pretrain epoch=1/1 batch=2180/3000 step=2180 repair=0.004051 localization=0.2896 type=2.138 minimal=0.01437 physics=0.1047 total=0.4942
[TRAIN train_climax_no_range_extreme_corruption_s43] [TRAIN] stage=pretrain epoch=1/1 batch=2190/3000 step=2190 repair=0.0009899 localization=0.2673 type=0.3655 minimal=0.01328 physics=0.02991 total=0.1002
[TRAIN train_climax_no_range_extreme_corruption_s43] [TRAIN] stage=pretrain epoch=1/1 batch=2200/3000 step=2200 repair=0.003715 localization=0.2584 type=2.151 minimal=0.01418 physics=0.04004 total=0.4424
[TRAIN train_climax_no_range_extreme_corruption_s43] [TRAIN] stage=pretrain epoch=1/1 batch=2210/3000 step=2210 repair=0.002036 localization=0.2792 type=0.2579 minimal=0.01816 physics=0.06844 total=0.08293
[TRAIN train_climax_no_range_extreme_corruption_s43] [TRAIN] stage=pretrain epoch=1/1 batch=2220/3000 step=2220 repair=0.004999 localization=0.399 type=1.83 minimal=0.0145 physics=0.03873 total=0.4276
[TRAIN train_climax_no_range_extreme_corruption_s43] [TRAIN] stage=pretrain epoch=1/1 batch=2230/3000 step=2230 repair=0.001881 localization=0.3214 type=0.563 minimal=0.01485 physics=0.0364 total=0.1495
[TRAIN train_climax_no_range_extreme_corruption_s43] [TRAIN] stage=pretrain epoch=1/1 batch=2240/3000 step=2240 repair=0.00228 localization=0.2284 type=0.9817 minimal=0.01651 physics=0.1485 total=0.233
[TRAIN train_climax_no_range_extreme_corruption_s43] [TRAIN] stage=pretrain epoch=1/1 batch=2250/3000 step=2250 repair=0.0007094 localization=0.0171 type=0.001236 minimal=0.01631 physics=0.1308 total=0.009289
[TRAIN train_climax_no_range_extreme_corruption_s43] [TRAIN] stage=pretrain epoch=1/1 batch=2260/3000 step=2260 repair=0.004283 localization=0.3027 type=1.226 minimal=0.01665 physics=0.5466 total=0.3093
[TRAIN train_climax_no_range_extreme_corruption_s43] [TRAIN] stage=pretrain epoch=1/1 batch=2270/3000 step=2270 repair=0.006469 localization=0.2798 type=1.339 minimal=0.0145 physics=0.1438 total=0.3129
[TRAIN train_climax_no_range_extreme_corruption_s43] [TRAIN] stage=pretrain epoch=1/1 batch=2280/3000 step=2280 repair=0.002399 localization=0.2481 type=0.9937 minimal=0.01543 physics=0.08985 total=0.2346
[TRAIN train_climax_no_range_extreme_corruption_s43] [TRAIN] stage=pretrain epoch=1/1 batch=2290/3000 step=2290 repair=0.0009646 localization=0.0117 type=0.0009555 minimal=0.01533 physics=0.1109 total=0.007968
[TRAIN train_climax_no_range_extreme_corruption_s43] [TRAIN] stage=pretrain epoch=1/1 batch=2300/3000 step=2300 repair=0.001977 localization=0.3061 type=1.22 minimal=0.01374 physics=0.09947 total=0.2792
[TRAIN train_climax_no_range_extreme_corruption_s43] [TRAIN] stage=pretrain epoch=1/1 batch=2310/3000 step=2310 repair=0.001004 localization=0.2802 type=0.3965 minimal=0.01098 physics=0.231 total=0.1127
[TRAIN train_climax_no_range_extreme_corruption_s43] [TRAIN] stage=pretrain epoch=1/1 batch=2320/3000 step=2320 repair=0.0121 localization=0.2847 type=0.8105 minimal=0.01331 physics=1.507 total=0.2742
[TRAIN train_climax_no_range_extreme_corruption_s43] [TRAIN] stage=pretrain epoch=1/1 batch=2330/3000 step=2330 repair=0.00311 localization=0.01942 type=0.0002564 minimal=0.01836 physics=0.255 total=0.01803
[TRAIN train_climax_no_range_extreme_corruption_s43] [TRAIN] stage=pretrain epoch=1/1 batch=2340/3000 step=2340 repair=0.001412 localization=0.01725 type=0.0004525 minimal=0.02589 physics=0.2473 total=0.01583
[TRAIN train_climax_no_range_extreme_corruption_s43] [TRAIN] stage=pretrain epoch=1/1 batch=2350/3000 step=2350 repair=0.00692 localization=0.3301 type=1.13 minimal=0.01697 physics=0.1799 total=0.2686
[TRAIN train_climax_no_range_extreme_corruption_s43] [TRAIN] stage=pretrain epoch=1/1 batch=2360/3000 step=2360 repair=0.004921 localization=0.01135 type=0.0006936 minimal=0.02075 physics=0.5436 total=0.03356
[TRAIN train_climax_no_range_extreme_corruption_s43] [TRAIN] stage=pretrain epoch=1/1 batch=2370/3000 step=2370 repair=0.002513 localization=0.2266 type=0.9043 minimal=0.01545 physics=0.1149 total=0.2149
[TRAIN train_climax_no_range_extreme_corruption_s43] [TRAIN] stage=pretrain epoch=1/1 batch=2380/3000 step=2380 repair=0.001827 localization=0.3264 type=0.9614 minimal=0.0155 physics=0.1118 total=0.2349
[TRAIN train_climax_no_range_extreme_corruption_s43] [TRAIN] stage=pretrain epoch=1/1 batch=2390/3000 step=2390 repair=0.001635 localization=0.2263 type=1.313 minimal=0.01514 physics=0.1099 total=0.3074
[TRAIN train_climax_no_range_extreme_corruption_s43] [TRAIN] stage=pretrain epoch=1/1 batch=2400/3000 step=2400 repair=0.001584 localization=0.3417 type=0.9246 minimal=0.01395 physics=0.04887 total=0.2209
[TRAIN train_climax_no_range_extreme_corruption_s43] [TRAIN] stage=pretrain epoch=1/1 batch=2410/3000 step=2410 repair=0.001065 localization=0.01893 type=0.0008056 minimal=0.01607 physics=0.1291 total=0.0097
[TRAIN train_climax_no_range_extreme_corruption_s43] [TRAIN] stage=pretrain epoch=1/1 batch=2420/3000 step=2420 repair=0.0006146 localization=0.04228 type=0.0003875 minimal=0.01234 physics=0.1258 total=0.01132
[TRAIN train_climax_no_range_extreme_corruption_s43] [TRAIN] stage=pretrain epoch=1/1 batch=2430/3000 step=2430 repair=0.007961 localization=0.2271 type=2.135 minimal=0.01865 physics=0.3245 total=0.4475
[TRAIN train_climax_no_range_extreme_corruption_s43] [TRAIN] stage=pretrain epoch=1/1 batch=2440/3000 step=2440 repair=0.001177 localization=0.01387 type=8.094e-05 minimal=0.02039 physics=0.1182 total=0.008697
[TRAIN train_climax_no_range_extreme_corruption_s43] [TRAIN] stage=pretrain epoch=1/1 batch=2450/3000 step=2450 repair=0.0009488 localization=0.01307 type=0.0008274 minimal=0.01279 physics=0.1091 total=0.007972
[TRAIN train_climax_no_range_extreme_corruption_s43] [TRAIN] stage=pretrain epoch=1/1 batch=2460/3000 step=2460 repair=0.005165 localization=0.2614 type=0.9214 minimal=0.01397 physics=0.6352 total=0.2385
[TRAIN train_climax_no_range_extreme_corruption_s43] [TRAIN] stage=pretrain epoch=1/1 batch=2470/3000 step=2470 repair=0.0008622 localization=0.01336 type=0.001065 minimal=0.01363 physics=0.105 total=0.007747
[TRAIN train_climax_no_range_extreme_corruption_s43] [TRAIN] stage=pretrain epoch=1/1 batch=2480/3000 step=2480 repair=0.001914 localization=0.3127 type=0.8394 minimal=0.01697 physics=0.3179 total=0.2249
[TRAIN train_climax_no_range_extreme_corruption_s43] [TRAIN] stage=pretrain epoch=1/1 batch=2490/3000 step=2490 repair=0.004439 localization=0.2349 type=0.9167 minimal=0.01578 physics=0.2034 total=0.2183
[TRAIN train_climax_no_range_extreme_corruption_s43] [TRAIN] stage=pretrain epoch=1/1 batch=2500/3000 step=2500 repair=0.002633 localization=0.3288 type=1.047 minimal=0.01156 physics=0.06123 total=0.2746
[TRAIN train_climax_no_range_extreme_corruption_s43] [TRAIN] stage=pretrain epoch=1/1 batch=2510/3000 step=2510 repair=0.001689 localization=0.1811 type=1.533 minimal=0.01276 physics=0.1704 total=0.3694
[TRAIN train_climax_no_range_extreme_corruption_s43] [TRAIN] stage=pretrain epoch=1/1 batch=2520/3000 step=2520 repair=0.004177 localization=0.2677 type=1.009 minimal=0.01823 physics=0.1051 total=0.2261
[TRAIN train_climax_no_range_extreme_corruption_s43] [TRAIN] stage=pretrain epoch=1/1 batch=2530/3000 step=2530 repair=0.001496 localization=0.2652 type=1.557 minimal=0.01324 physics=0.07094 total=0.3356
[TRAIN train_climax_no_range_extreme_corruption_s43] [TRAIN] stage=pretrain epoch=1/1 batch=2540/3000 step=2540 repair=0.0173 localization=0.335 type=0.8262 minimal=0.01797 physics=0.232 total=0.2237
[TRAIN train_climax_no_range_extreme_corruption_s43] [TRAIN] stage=pretrain epoch=1/1 batch=2550/3000 step=2550 repair=0.007362 localization=0.3559 type=0.583 minimal=0.01808 physics=0.1826 total=0.1701
[TRAIN train_climax_no_range_extreme_corruption_s43] [TRAIN] stage=pretrain epoch=1/1 batch=2560/3000 step=2560 repair=0.002201 localization=0.2501 type=1.385 minimal=0.01521 physics=0.1251 total=0.3097
[TRAIN train_climax_no_range_extreme_corruption_s43] [TRAIN] stage=pretrain epoch=1/1 batch=2570/3000 step=2570 repair=0.001676 localization=0.2836 type=1.239 minimal=0.01428 physics=0.15 total=0.29
[TRAIN train_climax_no_range_extreme_corruption_s43] [TRAIN] stage=pretrain epoch=1/1 batch=2580/3000 step=2580 repair=0.0005717 localization=0.01237 type=0.0008724 minimal=0.01356 physics=0.1156 total=0.007861
[TRAIN train_climax_no_range_extreme_corruption_s43] [TRAIN] stage=pretrain epoch=1/1 batch=2590/3000 step=2590 repair=0.001831 localization=0.2714 type=0.9854 minimal=0.0148 physics=0.1342 total=0.2383
[TRAIN train_climax_no_range_extreme_corruption_s43] [TRAIN] stage=pretrain epoch=1/1 batch=2600/3000 step=2600 repair=0.001803 localization=0.2891 type=1.415 minimal=0.01482 physics=0.1586 total=0.3223
[TRAIN train_climax_no_range_extreme_corruption_s43] [TRAIN] stage=pretrain epoch=1/1 batch=2610/3000 step=2610 repair=0.005747 localization=0.4611 type=1.303 minimal=0.01419 physics=0.1222 total=0.3213
[TRAIN train_climax_no_range_extreme_corruption_s43] [TRAIN] stage=pretrain epoch=1/1 batch=2620/3000 step=2620 repair=0.004215 localization=0.02044 type=0.000217 minimal=0.02426 physics=0.693 total=0.04119
[TRAIN train_climax_no_range_extreme_corruption_s43] [TRAIN] stage=pretrain epoch=1/1 batch=2630/3000 step=2630 repair=0.01076 localization=0.3516 type=1.038 minimal=0.01562 physics=1.028 total=0.3007
[TRAIN train_climax_no_range_extreme_corruption_s43] [TRAIN] stage=pretrain epoch=1/1 batch=2640/3000 step=2640 repair=0.001414 localization=0.2334 type=1.376 minimal=0.0126 physics=0.07261 total=0.2992
[TRAIN train_climax_no_range_extreme_corruption_s43] [TRAIN] stage=pretrain epoch=1/1 batch=2650/3000 step=2650 repair=0.001638 localization=0.2087 type=0.9321 minimal=0.01576 physics=0.06356 total=0.2089
[TRAIN train_climax_no_range_extreme_corruption_s43] [TRAIN] stage=pretrain epoch=1/1 batch=2660/3000 step=2660 repair=0.002659 localization=0.323 type=1.023 minimal=0.01717 physics=0.169 total=0.245
[TRAIN train_climax_no_range_extreme_corruption_s43] [TRAIN] stage=pretrain epoch=1/1 batch=2670/3000 step=2670 repair=0.001579 localization=0.3822 type=1.339 minimal=0.01322 physics=0.2331 total=0.315
[TRAIN train_climax_no_range_extreme_corruption_s43] [TRAIN] stage=pretrain epoch=1/1 batch=2680/3000 step=2680 repair=0.004324 localization=0.3781 type=1.163 minimal=0.0127 physics=0.8903 total=0.3088
[TRAIN train_climax_no_range_extreme_corruption_s43] [TRAIN] stage=pretrain epoch=1/1 batch=2690/3000 step=2690 repair=0.004607 localization=0.2457 type=0.9004 minimal=0.01752 physics=0.3604 total=0.2298
[TRAIN train_climax_no_range_extreme_corruption_s43] [TRAIN] stage=pretrain epoch=1/1 batch=2700/3000 step=2700 repair=0.001426 localization=0.2443 type=2.725 minimal=0.01204 physics=0.3665 total=0.5946
[TRAIN train_climax_no_range_extreme_corruption_s43] [TRAIN] stage=pretrain epoch=1/1 batch=2710/3000 step=2710 repair=0.001614 localization=0.2281 type=1.025 minimal=0.01116 physics=0.3065 total=0.2493
[TRAIN train_climax_no_range_extreme_corruption_s43] [TRAIN] stage=pretrain epoch=1/1 batch=2720/3000 step=2720 repair=0.003305 localization=0.2132 type=0.9636 minimal=0.01424 physics=0.1991 total=0.2275
[TRAIN train_climax_no_range_extreme_corruption_s43] [TRAIN] stage=pretrain epoch=1/1 batch=2730/3000 step=2730 repair=0.006236 localization=0.3251 type=0.8708 minimal=0.01231 physics=0.3786 total=0.2412
[TRAIN train_climax_no_range_extreme_corruption_s43] [TRAIN] stage=pretrain epoch=1/1 batch=2740/3000 step=2740 repair=0.00444 localization=0.2877 type=0.8066 minimal=0.01468 physics=0.7951 total=0.2339
[TRAIN train_climax_no_range_extreme_corruption_s43] [TRAIN] stage=pretrain epoch=1/1 batch=2750/3000 step=2750 repair=0.006707 localization=0.2521 type=1.429 minimal=0.01537 physics=0.1611 total=0.3326
[TRAIN train_climax_no_range_extreme_corruption_s43] [TRAIN] stage=pretrain epoch=1/1 batch=2760/3000 step=2760 repair=0.001069 localization=0.01434 type=0.002353 minimal=0.01534 physics=0.1407 total=0.01003
[TRAIN train_climax_no_range_extreme_corruption_s43] [TRAIN] stage=pretrain epoch=1/1 batch=2770/3000 step=2770 repair=0.00198 localization=0.2487 type=1.815 minimal=0.01865 physics=0.1196 total=0.3864
[TRAIN train_climax_no_range_extreme_corruption_s43] [TRAIN] stage=pretrain epoch=1/1 batch=2780/3000 step=2780 repair=0.002354 localization=0.261 type=0.402 minimal=0.01468 physics=0.27 total=0.1248
[TRAIN train_climax_no_range_extreme_corruption_s43] [TRAIN] stage=pretrain epoch=1/1 batch=2790/3000 step=2790 repair=0.0008108 localization=0.01547 type=0.0004787 minimal=0.01237 physics=0.1161 total=0.008354
[TRAIN train_climax_no_range_extreme_corruption_s43] [TRAIN] stage=pretrain epoch=1/1 batch=2800/3000 step=2800 repair=0.002638 localization=0.4707 type=0.7202 minimal=0.01782 physics=0.1559 total=0.1959
[TRAIN train_climax_no_range_extreme_corruption_s43] [TRAIN] stage=pretrain epoch=1/1 batch=2810/3000 step=2810 repair=0.003368 localization=0.2198 type=1 minimal=0.0182 physics=0.128 total=0.2403
[TRAIN train_climax_no_range_extreme_corruption_s43] [TRAIN] stage=pretrain epoch=1/1 batch=2820/3000 step=2820 repair=0.006828 localization=0.2233 type=0.7354 minimal=0.01901 physics=0.07325 total=0.1826
[TRAIN train_climax_no_range_extreme_corruption_s43] [TRAIN] stage=pretrain epoch=1/1 batch=2830/3000 step=2830 repair=0.001518 localization=0.01656 type=0.0003626 minimal=0.02388 physics=0.1703 total=0.01203
[TRAIN train_climax_no_range_extreme_corruption_s43] [TRAIN] stage=pretrain epoch=1/1 batch=2840/3000 step=2840 repair=0.007116 localization=0.2584 type=0.2885 minimal=0.01917 physics=0.1622 total=0.1014
[TRAIN train_climax_no_range_extreme_corruption_s43] [TRAIN] stage=pretrain epoch=1/1 batch=2850/3000 step=2850 repair=0.003728 localization=0.3946 type=2.435 minimal=0.02322 physics=0.1221 total=0.5448
[TRAIN train_climax_no_range_extreme_corruption_s43] [TRAIN] stage=pretrain epoch=1/1 batch=2860/3000 step=2860 repair=0.004574 localization=0.2367 type=0.3185 minimal=0.02005 physics=0.09944 total=0.09497
[TRAIN train_climax_no_range_extreme_corruption_s43] [TRAIN] stage=pretrain epoch=1/1 batch=2870/3000 step=2870 repair=0.002657 localization=0.2772 type=2.053 minimal=0.01491 physics=0.1514 total=0.4534
[TRAIN train_climax_no_range_extreme_corruption_s43] [TRAIN] stage=pretrain epoch=1/1 batch=2880/3000 step=2880 repair=0.002585 localization=0.3489 type=1.786 minimal=0.01587 physics=0.0604 total=0.4159
[TRAIN train_climax_no_range_extreme_corruption_s43] [TRAIN] stage=pretrain epoch=1/1 batch=2890/3000 step=2890 repair=0.004051 localization=0.2302 type=0.8064 minimal=0.01636 physics=0.1732 total=0.2005
[TRAIN train_climax_no_range_extreme_corruption_s43] [TRAIN] stage=pretrain epoch=1/1 batch=2900/3000 step=2900 repair=0.006584 localization=0.371 type=0.7617 minimal=0.01533 physics=0.1461 total=0.2052
[TRAIN train_climax_no_range_extreme_corruption_s43] [TRAIN] stage=pretrain epoch=1/1 batch=2910/3000 step=2910 repair=0.005155 localization=0.2366 type=2.283 minimal=0.01582 physics=0.1743 total=0.469
[TRAIN train_climax_no_range_extreme_corruption_s43] [TRAIN] stage=pretrain epoch=1/1 batch=2920/3000 step=2920 repair=0.01474 localization=0.2579 type=0.5752 minimal=0.01402 physics=0.0784 total=0.1638
[TRAIN train_climax_no_range_extreme_corruption_s43] [TRAIN] stage=pretrain epoch=1/1 batch=2930/3000 step=2930 repair=0.002115 localization=0.3284 type=2.054 minimal=0.01393 physics=0.1827 total=0.4632
[TRAIN train_climax_no_range_extreme_corruption_s43] [TRAIN] stage=pretrain epoch=1/1 batch=2940/3000 step=2940 repair=0.00198 localization=0.2659 type=0.8826 minimal=0.01457 physics=0.06234 total=0.2017
[TRAIN train_climax_no_range_extreme_corruption_s43] [TRAIN] stage=pretrain epoch=1/1 batch=2950/3000 step=2950 repair=0.009033 localization=0.5714 type=1.022 minimal=0.01482 physics=0.1319 total=0.2784
[TRAIN train_climax_no_range_extreme_corruption_s43] [TRAIN] stage=pretrain epoch=1/1 batch=2960/3000 step=2960 repair=0.008011 localization=0.2724 type=1.015 minimal=0.0173 physics=0.1082 total=0.2507
[TRAIN train_climax_no_range_extreme_corruption_s43] [TRAIN] stage=pretrain epoch=1/1 batch=2970/3000 step=2970 repair=0.007361 localization=0.2564 type=0.8132 minimal=0.01662 physics=0.07012 total=0.2084
[TRAIN train_climax_no_range_extreme_corruption_s43] [TRAIN] stage=pretrain epoch=1/1 batch=2980/3000 step=2980 repair=0.001701 localization=0.1638 type=2.034 minimal=0.01326 physics=0.1465 total=0.4281
[TRAIN train_climax_no_range_extreme_corruption_s43] [TRAIN] stage=pretrain epoch=1/1 batch=2990/3000 step=2990 repair=0.002043 localization=0.1881 type=1.042 minimal=0.0145 physics=0.1602 total=0.2319
[TRAIN train_climax_no_range_extreme_corruption_s43] [TRAIN] stage=pretrain epoch=1/1 batch=3000/3000 step=3000 repair=0.008471 localization=0.2102 type=1.03 minimal=0.01411 physics=0.8005 total=0.2829
[TRAIN train_climax_no_range_extreme_corruption_s43] [EPOCH] {'stage': 'pretrain', 'epoch': 0, 'global_step': 3000, 'train_total': 0.28760378653276714, 'val_repair_mse': 0.1300527211278677, 'elapsed_seconds': 1756.26}
[TRAIN train_climax_no_range_extreme_corruption_s43] [BEST] val_repair_mse=0.130053
[TRAIN train_climax_no_range_extreme_corruption_s43] [STAGE] finetune epochs=1 start_epoch=0
[TRAIN train_climax_no_range_extreme_corruption_s43] [TRAIN] stage=finetune epoch=1/1 batch=10/3000 step=3010 repair=0.1448 localization=0 type=0 minimal=0.03293 physics=0.5333 total=0.1718
[TRAIN train_climax_no_range_extreme_corruption_s43] [TRAIN] stage=finetune epoch=1/1 batch=20/3000 step=3020 repair=0.1724 localization=0 type=0 minimal=0.02966 physics=0.7534 total=0.2104
[TRAIN train_climax_no_range_extreme_corruption_s43] [TRAIN] stage=finetune epoch=1/1 batch=30/3000 step=3030 repair=0.1149 localization=0 type=0 minimal=0.02103 physics=0.7494 total=0.1526
[TRAIN train_climax_no_range_extreme_corruption_s43] [TRAIN] stage=finetune epoch=1/1 batch=40/3000 step=3040 repair=0.09114 localization=0 type=0 minimal=0.03601 physics=0.6581 total=0.1244
[TRAIN train_climax_no_range_extreme_corruption_s43] [TRAIN] stage=finetune epoch=1/1 batch=50/3000 step=3050 repair=0.1164 localization=0 type=0 minimal=0.03812 physics=0.5807 total=0.1458
[TRAIN train_climax_no_range_extreme_corruption_s43] [TRAIN] stage=finetune epoch=1/1 batch=60/3000 step=3060 repair=0.08612 localization=0 type=0 minimal=0.03671 physics=0.5521 total=0.1141
[TRAIN train_climax_no_range_extreme_corruption_s43] [TRAIN] stage=finetune epoch=1/1 batch=70/3000 step=3070 repair=0.1223 localization=0 type=0 minimal=0.03888 physics=0.6576 total=0.1555
[TRAIN train_climax_no_range_extreme_corruption_s43] [TRAIN] stage=finetune epoch=1/1 batch=80/3000 step=3080 repair=0.117 localization=0 type=0 minimal=0.03577 physics=0.6898 total=0.1518
[TRAIN train_climax_no_range_extreme_corruption_s43] [TRAIN] stage=finetune epoch=1/1 batch=90/3000 step=3090 repair=0.0785 localization=0 type=0 minimal=0.03909 physics=0.6275 total=0.1103
[TRAIN train_climax_no_range_extreme_corruption_s43] [TRAIN] stage=finetune epoch=1/1 batch=100/3000 step=3100 repair=0.08017 localization=0 type=0 minimal=0.03857 physics=0.4563 total=0.1034
[TRAIN train_climax_no_range_extreme_corruption_s43] [TRAIN] stage=finetune epoch=1/1 batch=110/3000 step=3110 repair=0.1257 localization=0 type=0 minimal=0.03754 physics=0.5763 total=0.1549
[TRAIN train_climax_no_range_extreme_corruption_s43] [TRAIN] stage=finetune epoch=1/1 batch=120/3000 step=3120 repair=0.12 localization=0 type=0 minimal=0.02417 physics=0.7663 total=0.1585
[TRAIN train_climax_no_range_extreme_corruption_s43] [TRAIN] stage=finetune epoch=1/1 batch=130/3000 step=3130 repair=0.1503 localization=0 type=0 minimal=0.04034 physics=0.724 total=0.1869
[TRAIN train_climax_no_range_extreme_corruption_s43] [TRAIN] stage=finetune epoch=1/1 batch=140/3000 step=3140 repair=0.1281 localization=0 type=0 minimal=0.0394 physics=0.4943 total=0.1532
[TRAIN train_climax_no_range_extreme_corruption_s43] [TRAIN] stage=finetune epoch=1/1 batch=150/3000 step=3150 repair=0.1704 localization=0 type=0 minimal=0.04251 physics=0.6065 total=0.2012
[TRAIN train_climax_no_range_extreme_corruption_s43] [TRAIN] stage=finetune epoch=1/1 batch=160/3000 step=3160 repair=0.1591 localization=0 type=0 minimal=0.03799 physics=0.6143 total=0.1902
[TRAIN train_climax_no_range_extreme_corruption_s43] [TRAIN] stage=finetune epoch=1/1 batch=170/3000 step=3170 repair=0.08186 localization=0 type=0 minimal=0.03827 physics=0.4436 total=0.1044
[TRAIN train_climax_no_range_extreme_corruption_s43] [TRAIN] stage=finetune epoch=1/1 batch=180/3000 step=3180 repair=0.1252 localization=0 type=0 minimal=0.04364 physics=0.5937 total=0.1553
[TRAIN train_climax_no_range_extreme_corruption_s43] [TRAIN] stage=finetune epoch=1/1 batch=190/3000 step=3190 repair=0.09937 localization=0 type=0 minimal=0.03891 physics=0.4702 total=0.1233
[TRAIN train_climax_no_range_extreme_corruption_s43] [TRAIN] stage=finetune epoch=1/1 batch=200/3000 step=3200 repair=0.1643 localization=0 type=0 minimal=0.04391 physics=0.7627 total=0.2028
[TRAIN train_climax_no_range_extreme_corruption_s43] [TRAIN] stage=finetune epoch=1/1 batch=210/3000 step=3210 repair=0.07998 localization=0 type=0 minimal=0.0397 physics=0.3833 total=0.09954
[TRAIN train_climax_no_range_extreme_corruption_s43] [TRAIN] stage=finetune epoch=1/1 batch=220/3000 step=3220 repair=0.1495 localization=0 type=0 minimal=0.0416 physics=0.4924 total=0.1746
[TRAIN train_climax_no_range_extreme_corruption_s43] [TRAIN] stage=finetune epoch=1/1 batch=230/3000 step=3230 repair=0.08572 localization=0 type=0 minimal=0.04007 physics=0.513 total=0.1118
[TRAIN train_climax_no_range_extreme_corruption_s43] [TRAIN] stage=finetune epoch=1/1 batch=240/3000 step=3240 repair=0.1297 localization=0 type=0 minimal=0.04144 physics=0.3655 total=0.1484
[TRAIN train_climax_no_range_extreme_corruption_s43] [TRAIN] stage=finetune epoch=1/1 batch=250/3000 step=3250 repair=0.09247 localization=0 type=0 minimal=0.04324 physics=0.3619 total=0.111
[TRAIN train_climax_no_range_extreme_corruption_s43] [TRAIN] stage=finetune epoch=1/1 batch=260/3000 step=3260 repair=0.1535 localization=0 type=0 minimal=0.04553 physics=0.3953 total=0.1737
[TRAIN train_climax_no_range_extreme_corruption_s43] [TRAIN] stage=finetune epoch=1/1 batch=270/3000 step=3270 repair=0.1612 localization=0 type=0 minimal=0.03845 physics=0.611 total=0.1922
[TRAIN train_climax_no_range_extreme_corruption_s43] [TRAIN] stage=finetune epoch=1/1 batch=280/3000 step=3280 repair=0.1196 localization=0 type=0 minimal=0.0527 physics=0.413 total=0.1408
[TRAIN train_climax_no_range_extreme_corruption_s43] [TRAIN] stage=finetune epoch=1/1 batch=290/3000 step=3290 repair=0.08585 localization=0 type=0 minimal=0.04227 physics=0.4726 total=0.1099
[TRAIN train_climax_no_range_extreme_corruption_s43] [TRAIN] stage=finetune epoch=1/1 batch=300/3000 step=3300 repair=0.07772 localization=0 type=0 minimal=0.0372 physics=0.5356 total=0.1049
[TRAIN train_climax_no_range_extreme_corruption_s43] [TRAIN] stage=finetune epoch=1/1 batch=310/3000 step=3310 repair=0.08406 localization=0 type=0 minimal=0.03983 physics=0.6288 total=0.1159
[TRAIN train_climax_no_range_extreme_corruption_s43] [TRAIN] stage=finetune epoch=1/1 batch=320/3000 step=3320 repair=0.1191 localization=0 type=0 minimal=0.04312 physics=0.6541 total=0.1523
[TRAIN train_climax_no_range_extreme_corruption_s43] [TRAIN] stage=finetune epoch=1/1 batch=330/3000 step=3330 repair=0.1266 localization=0 type=0 minimal=0.03842 physics=0.5926 total=0.1566
[TRAIN train_climax_no_range_extreme_corruption_s43] [TRAIN] stage=finetune epoch=1/1 batch=340/3000 step=3340 repair=0.1341 localization=0 type=0 minimal=0.04669 physics=0.511 total=0.1602
[TRAIN train_climax_no_range_extreme_corruption_s43] [TRAIN] stage=finetune epoch=1/1 batch=350/3000 step=3350 repair=0.1145 localization=0 type=0 minimal=0.04434 physics=0.5234 total=0.1411
[TRAIN train_climax_no_range_extreme_corruption_s43] [TRAIN] stage=finetune epoch=1/1 batch=360/3000 step=3360 repair=0.1327 localization=0 type=0 minimal=0.04138 physics=0.547 total=0.1605
[TRAIN train_climax_no_range_extreme_corruption_s43] [TRAIN] stage=finetune epoch=1/1 batch=370/3000 step=3370 repair=0.131 localization=0 type=0 minimal=0.04486 physics=0.6707 total=0.1649
[TRAIN train_climax_no_range_extreme_corruption_s43] [TRAIN] stage=finetune epoch=1/1 batch=380/3000 step=3380 repair=0.08718 localization=0 type=0 minimal=0.04739 physics=0.5867 total=0.117
[TRAIN train_climax_no_range_extreme_corruption_s43] [TRAIN] stage=finetune epoch=1/1 batch=390/3000 step=3390 repair=0.07792 localization=0 type=0 minimal=0.04559 physics=0.6063 total=0.1087
[TRAIN train_climax_no_range_extreme_corruption_s43] [TRAIN] stage=finetune epoch=1/1 batch=400/3000 step=3400 repair=0.08492 localization=0 type=0 minimal=0.04337 physics=0.5326 total=0.112
[TRAIN train_climax_no_range_extreme_corruption_s43] [TRAIN] stage=finetune epoch=1/1 batch=410/3000 step=3410 repair=0.1302 localization=0 type=0 minimal=0.04727 physics=0.5992 total=0.1607
[TRAIN train_climax_no_range_extreme_corruption_s43] [TRAIN] stage=finetune epoch=1/1 batch=420/3000 step=3420 repair=0.1524 localization=0 type=0 minimal=0.04578 physics=0.7103 total=0.1884
[TRAIN train_climax_no_range_extreme_corruption_s43] [TRAIN] stage=finetune epoch=1/1 batch=430/3000 step=3430 repair=0.1723 localization=0 type=0 minimal=0.04617 physics=0.6021 total=0.2029
[TRAIN train_climax_no_range_extreme_corruption_s43] [TRAIN] stage=finetune epoch=1/1 batch=440/3000 step=3440 repair=0.1125 localization=0 type=0 minimal=0.04547 physics=0.5968 total=0.1428
[TRAIN train_climax_no_range_extreme_corruption_s43] [TRAIN] stage=finetune epoch=1/1 batch=450/3000 step=3450 repair=0.08349 localization=0 type=0 minimal=0.04648 physics=0.6122 total=0.1146
[TRAIN train_climax_no_range_extreme_corruption_s43] [TRAIN] stage=finetune epoch=1/1 batch=460/3000 step=3460 repair=0.09106 localization=0 type=0 minimal=0.04831 physics=0.469 total=0.115
[TRAIN train_climax_no_range_extreme_corruption_s43] [TRAIN] stage=finetune epoch=1/1 batch=470/3000 step=3470 repair=0.1207 localization=0 type=0 minimal=0.04666 physics=0.4988 total=0.1462
[TRAIN train_climax_no_range_extreme_corruption_s43] [TRAIN] stage=finetune epoch=1/1 batch=480/3000 step=3480 repair=0.09265 localization=0 type=0 minimal=0.04211 physics=0.4364 total=0.1149
[TRAIN train_climax_no_range_extreme_corruption_s43] [TRAIN] stage=finetune epoch=1/1 batch=490/3000 step=3490 repair=0.1697 localization=0 type=0 minimal=0.04706 physics=0.4973 total=0.1951
[TRAIN train_climax_no_range_extreme_corruption_s43] [TRAIN] stage=finetune epoch=1/1 batch=500/3000 step=3500 repair=0.1201 localization=0 type=0 minimal=0.04837 physics=0.4526 total=0.1432
[TRAIN train_climax_no_range_extreme_corruption_s43] [TRAIN] stage=finetune epoch=1/1 batch=510/3000 step=3510 repair=0.1238 localization=0 type=0 minimal=0.04935 physics=0.474 total=0.148
[TRAIN train_climax_no_range_extreme_corruption_s43] [TRAIN] stage=finetune epoch=1/1 batch=520/3000 step=3520 repair=0.09144 localization=0 type=0 minimal=0.04703 physics=0.4537 total=0.1146
[TRAIN train_climax_no_range_extreme_corruption_s43] [TRAIN] stage=finetune epoch=1/1 batch=530/3000 step=3530 repair=0.07377 localization=0 type=0 minimal=0.04688 physics=0.4395 total=0.09621
[TRAIN train_climax_no_range_extreme_corruption_s43] [TRAIN] stage=finetune epoch=1/1 batch=540/3000 step=3540 repair=0.1731 localization=0 type=0 minimal=0.05142 physics=0.4975 total=0.1985
[TRAIN train_climax_no_range_extreme_corruption_s43] [TRAIN] stage=finetune epoch=1/1 batch=550/3000 step=3550 repair=0.1295 localization=0 type=0 minimal=0.0502 physics=0.4235 total=0.1512
[TRAIN train_climax_no_range_extreme_corruption_s43] [TRAIN] stage=finetune epoch=1/1 batch=560/3000 step=3560 repair=0.151 localization=0 type=0 minimal=0.05109 physics=0.5119 total=0.1771
[TRAIN train_climax_no_range_extreme_corruption_s43] [TRAIN] stage=finetune epoch=1/1 batch=570/3000 step=3570 repair=0.08252 localization=0 type=0 minimal=0.0415 physics=0.3102 total=0.09845
[TRAIN train_climax_no_range_extreme_corruption_s43] [TRAIN] stage=finetune epoch=1/1 batch=580/3000 step=3580 repair=0.1213 localization=0 type=0 minimal=0.04559 physics=0.4793 total=0.1457
[TRAIN train_climax_no_range_extreme_corruption_s43] [TRAIN] stage=finetune epoch=1/1 batch=590/3000 step=3590 repair=0.1247 localization=0 type=0 minimal=0.05371 physics=0.6789 total=0.1591
[TRAIN train_climax_no_range_extreme_corruption_s43] [TRAIN] stage=finetune epoch=1/1 batch=600/3000 step=3600 repair=0.1189 localization=0 type=0 minimal=0.04965 physics=0.4268 total=0.1408
[TRAIN train_climax_no_range_extreme_corruption_s43] [TRAIN] stage=finetune epoch=1/1 batch=610/3000 step=3610 repair=0.1182 localization=0 type=0 minimal=0.0451 physics=0.3199 total=0.1346
[TRAIN train_climax_no_range_extreme_corruption_s43] [TRAIN] stage=finetune epoch=1/1 batch=620/3000 step=3620 repair=0.08959 localization=0 type=0 minimal=0.05023 physics=0.4171 total=0.1109
[TRAIN train_climax_no_range_extreme_corruption_s43] [TRAIN] stage=finetune epoch=1/1 batch=630/3000 step=3630 repair=0.09247 localization=0 type=0 minimal=0.0499 physics=0.5249 total=0.1192
[TRAIN train_climax_no_range_extreme_corruption_s43] [TRAIN] stage=finetune epoch=1/1 batch=640/3000 step=3640 repair=0.127 localization=0 type=0 minimal=0.0481 physics=0.4685 total=0.1509
[TRAIN train_climax_no_range_extreme_corruption_s43] [TRAIN] stage=finetune epoch=1/1 batch=650/3000 step=3650 repair=0.1275 localization=0 type=0 minimal=0.05853 physics=0.3819 total=0.1471
[TRAIN train_climax_no_range_extreme_corruption_s43] [TRAIN] stage=finetune epoch=1/1 batch=660/3000 step=3660 repair=0.133 localization=0 type=0 minimal=0.03763 physics=0.5276 total=0.1598
[TRAIN train_climax_no_range_extreme_corruption_s43] [TRAIN] stage=finetune epoch=1/1 batch=670/3000 step=3670 repair=0.0941 localization=0 type=0 minimal=0.05042 physics=0.5521 total=0.1222
[TRAIN train_climax_no_range_extreme_corruption_s43] [TRAIN] stage=finetune epoch=1/1 batch=680/3000 step=3680 repair=0.08388 localization=0 type=0 minimal=0.04871 physics=0.4159 total=0.1052
[TRAIN train_climax_no_range_extreme_corruption_s43] [TRAIN] stage=finetune epoch=1/1 batch=690/3000 step=3690 repair=0.1107 localization=0 type=0 minimal=0.05084 physics=0.3913 total=0.1308
[TRAIN train_climax_no_range_extreme_corruption_s43] [TRAIN] stage=finetune epoch=1/1 batch=700/3000 step=3700 repair=0.1095 localization=0 type=0 minimal=0.05078 physics=0.3501 total=0.1275
[TRAIN train_climax_no_range_extreme_corruption_s43] [TRAIN] stage=finetune epoch=1/1 batch=710/3000 step=3710 repair=0.1598 localization=0 type=0 minimal=0.05936 physics=0.366 total=0.1787
[TRAIN train_climax_no_range_extreme_corruption_s43] [TRAIN] stage=finetune epoch=1/1 batch=720/3000 step=3720 repair=0.08062 localization=0 type=0 minimal=0.04791 physics=0.348 total=0.09849
[TRAIN train_climax_no_range_extreme_corruption_s43] [TRAIN] stage=finetune epoch=1/1 batch=730/3000 step=3730 repair=0.1219 localization=0 type=0 minimal=0.04971 physics=0.3623 total=0.1405
[TRAIN train_climax_no_range_extreme_corruption_s43] [TRAIN] stage=finetune epoch=1/1 batch=740/3000 step=3740 repair=0.0924 localization=0 type=0 minimal=0.05045 physics=0.372 total=0.1115
[TRAIN train_climax_no_range_extreme_corruption_s43] [TRAIN] stage=finetune epoch=1/1 batch=750/3000 step=3750 repair=0.131 localization=0 type=0 minimal=0.04739 physics=0.4909 total=0.156
[TRAIN train_climax_no_range_extreme_corruption_s43] [TRAIN] stage=finetune epoch=1/1 batch=760/3000 step=3760 repair=0.1232 localization=0 type=0 minimal=0.04797 physics=0.4922 total=0.1483
[TRAIN train_climax_no_range_extreme_corruption_s43] [TRAIN] stage=finetune epoch=1/1 batch=770/3000 step=3770 repair=0.08684 localization=0 type=0 minimal=0.05664 physics=0.4808 total=0.1114
[TRAIN train_climax_no_range_extreme_corruption_s43] [TRAIN] stage=finetune epoch=1/1 batch=780/3000 step=3780 repair=0.1268 localization=0 type=0 minimal=0.05832 physics=0.6343 total=0.1591
[TRAIN train_climax_no_range_extreme_corruption_s43] [TRAIN] stage=finetune epoch=1/1 batch=790/3000 step=3790 repair=0.08107 localization=0 type=0 minimal=0.05048 physics=0.4201 total=0.1026
[TRAIN train_climax_no_range_extreme_corruption_s43] [TRAIN] stage=finetune epoch=1/1 batch=800/3000 step=3800 repair=0.1132 localization=0 type=0 minimal=0.05081 physics=0.3834 total=0.1329
[TRAIN train_climax_no_range_extreme_corruption_s43] [TRAIN] stage=finetune epoch=1/1 batch=810/3000 step=3810 repair=0.08282 localization=0 type=0 minimal=0.05045 physics=0.5605 total=0.1113
[TRAIN train_climax_no_range_extreme_corruption_s43] [TRAIN] stage=finetune epoch=1/1 batch=820/3000 step=3820 repair=0.1297 localization=0 type=0 minimal=0.05127 physics=0.408 total=0.1506
[TRAIN train_climax_no_range_extreme_corruption_s43] [TRAIN] stage=finetune epoch=1/1 batch=830/3000 step=3830 repair=0.09064 localization=0 type=0 minimal=0.05353 physics=0.4346 total=0.1129
[TRAIN train_climax_no_range_extreme_corruption_s43] [TRAIN] stage=finetune epoch=1/1 batch=840/3000 step=3840 repair=0.115 localization=0 type=0 minimal=0.0463 physics=0.5892 total=0.145
[TRAIN train_climax_no_range_extreme_corruption_s43] [TRAIN] stage=finetune epoch=1/1 batch=850/3000 step=3850 repair=0.1255 localization=0 type=0 minimal=0.05316 physics=0.4097 total=0.1466
[TRAIN train_climax_no_range_extreme_corruption_s43] [TRAIN] stage=finetune epoch=1/1 batch=860/3000 step=3860 repair=0.07275 localization=0 type=0 minimal=0.05356 physics=0.6296 total=0.1048
[TRAIN train_climax_no_range_extreme_corruption_s43] [TRAIN] stage=finetune epoch=1/1 batch=870/3000 step=3870 repair=0.08958 localization=0 type=0 minimal=0.04977 physics=0.3837 total=0.1093
[TRAIN train_climax_no_range_extreme_corruption_s43] [TRAIN] stage=finetune epoch=1/1 batch=880/3000 step=3880 repair=0.1056 localization=0 type=0 minimal=0.05048 physics=0.3904 total=0.1257
[TRAIN train_climax_no_range_extreme_corruption_s43] [TRAIN] stage=finetune epoch=1/1 batch=890/3000 step=3890 repair=0.1586 localization=0 type=0 minimal=0.04828 physics=0.5913 total=0.1886
[TRAIN train_climax_no_range_extreme_corruption_s43] [TRAIN] stage=finetune epoch=1/1 batch=900/3000 step=3900 repair=0.1496 localization=0 type=0 minimal=0.04813 physics=0.6222 total=0.1812
[TRAIN train_climax_no_range_extreme_corruption_s43] [TRAIN] stage=finetune epoch=1/1 batch=910/3000 step=3910 repair=0.08849 localization=0 type=0 minimal=0.0545 physics=0.4065 total=0.1094
[TRAIN train_climax_no_range_extreme_corruption_s43] [TRAIN] stage=finetune epoch=1/1 batch=920/3000 step=3920 repair=0.1315 localization=0 type=0 minimal=0.05331 physics=0.5182 total=0.1579
[TRAIN train_climax_no_range_extreme_corruption_s43] [TRAIN] stage=finetune epoch=1/1 batch=930/3000 step=3930 repair=0.095 localization=0 type=0 minimal=0.05502 physics=0.462 total=0.1187
[TRAIN train_climax_no_range_extreme_corruption_s43] [TRAIN] stage=finetune epoch=1/1 batch=940/3000 step=3940 repair=0.1104 localization=0 type=0 minimal=0.05383 physics=0.5502 total=0.1385
[TRAIN train_climax_no_range_extreme_corruption_s43] [TRAIN] stage=finetune epoch=1/1 batch=950/3000 step=3950 repair=0.1182 localization=0 type=0 minimal=0.05756 physics=0.8817 total=0.1628
[TRAIN train_climax_no_range_extreme_corruption_s43] [TRAIN] stage=finetune epoch=1/1 batch=960/3000 step=3960 repair=0.1249 localization=0 type=0 minimal=0.05341 physics=0.5688 total=0.1538
[TRAIN train_climax_no_range_extreme_corruption_s43] [TRAIN] stage=finetune epoch=1/1 batch=970/3000 step=3970 repair=0.07489 localization=0 type=0 minimal=0.05212 physics=0.5497 total=0.1029
[TRAIN train_climax_no_range_extreme_corruption_s43] [TRAIN] stage=finetune epoch=1/1 batch=980/3000 step=3980 repair=0.1189 localization=0 type=0 minimal=0.05045 physics=0.5035 total=0.1446
[TRAIN train_climax_no_range_extreme_corruption_s43] [TRAIN] stage=finetune epoch=1/1 batch=990/3000 step=3990 repair=0.1154 localization=0 type=0 minimal=0.05783 physics=0.4748 total=0.1397
[TRAIN train_climax_no_range_extreme_corruption_s43] [TRAIN] stage=finetune epoch=1/1 batch=1000/3000 step=4000 repair=0.07135 localization=0 type=0 minimal=0.05048 physics=0.4923 total=0.09646
[TRAIN train_climax_no_range_extreme_corruption_s43] [TRAIN] stage=finetune epoch=1/1 batch=1010/3000 step=4010 repair=0.1182 localization=0 type=0 minimal=0.05267 physics=0.5033 total=0.1439
[TRAIN train_climax_no_range_extreme_corruption_s43] [TRAIN] stage=finetune epoch=1/1 batch=1020/3000 step=4020 repair=0.1197 localization=0 type=0 minimal=0.05518 physics=0.3494 total=0.1377
[TRAIN train_climax_no_range_extreme_corruption_s43] [TRAIN] stage=finetune epoch=1/1 batch=1030/3000 step=4030 repair=0.08042 localization=0 type=0 minimal=0.05557 physics=0.4526 total=0.1036
[TRAIN train_climax_no_range_extreme_corruption_s43] [TRAIN] stage=finetune epoch=1/1 batch=1040/3000 step=4040 repair=0.0802 localization=0 type=0 minimal=0.05054 physics=0.3583 total=0.09862
[TRAIN train_climax_no_range_extreme_corruption_s43] [TRAIN] stage=finetune epoch=1/1 batch=1050/3000 step=4050 repair=0.06993 localization=0 type=0 minimal=0.05624 physics=0.339 total=0.08744
[TRAIN train_climax_no_range_extreme_corruption_s43] [TRAIN] stage=finetune epoch=1/1 batch=1060/3000 step=4060 repair=0.1163 localization=0 type=0 minimal=0.05988 physics=0.3951 total=0.1366
[TRAIN train_climax_no_range_extreme_corruption_s43] [TRAIN] stage=finetune epoch=1/1 batch=1070/3000 step=4070 repair=0.08389 localization=0 type=0 minimal=0.04565 physics=0.3878 total=0.1037
[TRAIN train_climax_no_range_extreme_corruption_s43] [TRAIN] stage=finetune epoch=1/1 batch=1080/3000 step=4080 repair=0.08818 localization=0 type=0 minimal=0.05579 physics=0.362 total=0.1068
[TRAIN train_climax_no_range_extreme_corruption_s43] [TRAIN] stage=finetune epoch=1/1 batch=1090/3000 step=4090 repair=0.1291 localization=0 type=0 minimal=0.05692 physics=0.4918 total=0.1543
[TRAIN train_climax_no_range_extreme_corruption_s43] [TRAIN] stage=finetune epoch=1/1 batch=1100/3000 step=4100 repair=0.1275 localization=0 type=0 minimal=0.05118 physics=0.3802 total=0.147
[TRAIN train_climax_no_range_extreme_corruption_s43] [TRAIN] stage=finetune epoch=1/1 batch=1110/3000 step=4110 repair=0.09522 localization=0 type=0 minimal=0.05566 physics=0.381 total=0.1148
[TRAIN train_climax_no_range_extreme_corruption_s43] [TRAIN] stage=finetune epoch=1/1 batch=1120/3000 step=4120 repair=0.07643 localization=0 type=0 minimal=0.05692 physics=0.4073 total=0.09737
[TRAIN train_climax_no_range_extreme_corruption_s43] [TRAIN] stage=finetune epoch=1/1 batch=1130/3000 step=4130 repair=0.1326 localization=0 type=0 minimal=0.05545 physics=0.4084 total=0.1536
[TRAIN train_climax_no_range_extreme_corruption_s43] [TRAIN] stage=finetune epoch=1/1 batch=1140/3000 step=4140 repair=0.1172 localization=0 type=0 minimal=0.05432 physics=0.3832 total=0.1369
[TRAIN train_climax_no_range_extreme_corruption_s43] [TRAIN] stage=finetune epoch=1/1 batch=1150/3000 step=4150 repair=0.164 localization=0 type=0 minimal=0.05475 physics=0.4343 total=0.1863
[TRAIN train_climax_no_range_extreme_corruption_s43] [TRAIN] stage=finetune epoch=1/1 batch=1160/3000 step=4160 repair=0.1142 localization=0 type=0 minimal=0.056 physics=0.4867 total=0.1391
[TRAIN train_climax_no_range_extreme_corruption_s43] [TRAIN] stage=finetune epoch=1/1 batch=1170/3000 step=4170 repair=0.1218 localization=0 type=0 minimal=0.05441 physics=0.4911 total=0.1469
[TRAIN train_climax_no_range_extreme_corruption_s43] [TRAIN] stage=finetune epoch=1/1 batch=1180/3000 step=4180 repair=0.08014 localization=0 type=0 minimal=0.05627 physics=0.3841 total=0.0999
[TRAIN train_climax_no_range_extreme_corruption_s43] [TRAIN] stage=finetune epoch=1/1 batch=1190/3000 step=4190 repair=0.1316 localization=0 type=0 minimal=0.05704 physics=0.4299 total=0.1537
[TRAIN train_climax_no_range_extreme_corruption_s43] [TRAIN] stage=finetune epoch=1/1 batch=1200/3000 step=4200 repair=0.132 localization=0 type=0 minimal=0.05237 physics=0.4537 total=0.1552
[TRAIN train_climax_no_range_extreme_corruption_s43] [TRAIN] stage=finetune epoch=1/1 batch=1210/3000 step=4210 repair=0.1106 localization=0 type=0 minimal=0.05914 physics=0.3935 total=0.1309
[TRAIN train_climax_no_range_extreme_corruption_s43] [TRAIN] stage=finetune epoch=1/1 batch=1220/3000 step=4220 repair=0.07904 localization=0 type=0 minimal=0.056 physics=0.4218 total=0.1007
[TRAIN train_climax_no_range_extreme_corruption_s43] [TRAIN] stage=finetune epoch=1/1 batch=1230/3000 step=4230 repair=0.1573 localization=0 type=0 minimal=0.05972 physics=0.7046 total=0.1931
[TRAIN train_climax_no_range_extreme_corruption_s43] [TRAIN] stage=finetune epoch=1/1 batch=1240/3000 step=4240 repair=0.1158 localization=0 type=0 minimal=0.05743 physics=0.4129 total=0.137
[TRAIN train_climax_no_range_extreme_corruption_s43] [TRAIN] stage=finetune epoch=1/1 batch=1250/3000 step=4250 repair=0.1311 localization=0 type=0 minimal=0.04849 physics=0.6162 total=0.1623
[TRAIN train_climax_no_range_extreme_corruption_s43] [TRAIN] stage=finetune epoch=1/1 batch=1260/3000 step=4260 repair=0.1294 localization=0 type=0 minimal=0.05487 physics=0.3513 total=0.1476
[TRAIN train_climax_no_range_extreme_corruption_s43] [TRAIN] stage=finetune epoch=1/1 batch=1270/3000 step=4270 repair=0.1601 localization=0 type=0 minimal=0.05389 physics=0.4517 total=0.1832
[TRAIN train_climax_no_range_extreme_corruption_s43] [TRAIN] stage=finetune epoch=1/1 batch=1280/3000 step=4280 repair=0.08563 localization=0 type=0 minimal=0.05536 physics=0.476 total=0.11
[TRAIN train_climax_no_range_extreme_corruption_s43] [TRAIN] stage=finetune epoch=1/1 batch=1290/3000 step=4290 repair=0.1191 localization=0 type=0 minimal=0.05991 physics=0.434 total=0.1414
[TRAIN train_climax_no_range_extreme_corruption_s43] [TRAIN] stage=finetune epoch=1/1 batch=1300/3000 step=4300 repair=0.09335 localization=0 type=0 minimal=0.05624 physics=0.3542 total=0.1116
[TRAIN train_climax_no_range_extreme_corruption_s43] [TRAIN] stage=finetune epoch=1/1 batch=1310/3000 step=4310 repair=0.08928 localization=0 type=0 minimal=0.0553 physics=0.5135 total=0.1155
[TRAIN train_climax_no_range_extreme_corruption_s43] [TRAIN] stage=finetune epoch=1/1 batch=1320/3000 step=4320 repair=0.1168 localization=0 type=0 minimal=0.05521 physics=0.3293 total=0.1338
[TRAIN train_climax_no_range_extreme_corruption_s43] [TRAIN] stage=finetune epoch=1/1 batch=1330/3000 step=4330 repair=0.08699 localization=0 type=0 minimal=0.05554 physics=0.3056 total=0.1028
[TRAIN train_climax_no_range_extreme_corruption_s43] [TRAIN] stage=finetune epoch=1/1 batch=1340/3000 step=4340 repair=0.1441 localization=0 type=0 minimal=0.05563 physics=0.4361 total=0.1665
[TRAIN train_climax_no_range_extreme_corruption_s43] [TRAIN] stage=finetune epoch=1/1 batch=1350/3000 step=4350 repair=0.07274 localization=0 type=0 minimal=0.05606 physics=0.4706 total=0.09683
[TRAIN train_climax_no_range_extreme_corruption_s43] [TRAIN] stage=finetune epoch=1/1 batch=1360/3000 step=4360 repair=0.07827 localization=0 type=0 minimal=0.06085 physics=0.367 total=0.09723
[TRAIN train_climax_no_range_extreme_corruption_s43] [TRAIN] stage=finetune epoch=1/1 batch=1370/3000 step=4370 repair=0.07554 localization=0 type=0 minimal=0.06235 physics=0.3204 total=0.09218
[TRAIN train_climax_no_range_extreme_corruption_s43] [TRAIN] stage=finetune epoch=1/1 batch=1380/3000 step=4380 repair=0.08835 localization=0 type=0 minimal=0.06039 physics=0.4024 total=0.1091
[TRAIN train_climax_no_range_extreme_corruption_s43] [TRAIN] stage=finetune epoch=1/1 batch=1390/3000 step=4390 repair=0.141 localization=0 type=0 minimal=0.05127 physics=0.6029 total=0.1716
[TRAIN train_climax_no_range_extreme_corruption_s43] [TRAIN] stage=finetune epoch=1/1 batch=1400/3000 step=4400 repair=0.1494 localization=0 type=0 minimal=0.05432 physics=0.4016 total=0.17
[TRAIN train_climax_no_range_extreme_corruption_s43] [TRAIN] stage=finetune epoch=1/1 batch=1410/3000 step=4410 repair=0.1287 localization=0 type=0 minimal=0.05341 physics=0.3892 total=0.1487
[TRAIN train_climax_no_range_extreme_corruption_s43] [TRAIN] stage=finetune epoch=1/1 batch=1420/3000 step=4420 repair=0.1122 localization=0 type=0 minimal=0.05927 physics=0.3926 total=0.1325
[TRAIN train_climax_no_range_extreme_corruption_s43] [TRAIN] stage=finetune epoch=1/1 batch=1430/3000 step=4430 repair=0.07061 localization=0 type=0 minimal=0.06287 physics=0.3272 total=0.0876
[TRAIN train_climax_no_range_extreme_corruption_s43] [TRAIN] stage=finetune epoch=1/1 batch=1440/3000 step=4440 repair=0.1133 localization=0 type=0 minimal=0.0596 physics=0.4605 total=0.1369
[TRAIN train_climax_no_range_extreme_corruption_s43] [TRAIN] stage=finetune epoch=1/1 batch=1450/3000 step=4450 repair=0.1195 localization=0 type=0 minimal=0.05759 physics=0.3798 total=0.139
[TRAIN train_climax_no_range_extreme_corruption_s43] [TRAIN] stage=finetune epoch=1/1 batch=1460/3000 step=4460 repair=0.07764 localization=0 type=0 minimal=0.06049 physics=0.5139 total=0.1039
[TRAIN train_climax_no_range_extreme_corruption_s43] [TRAIN] stage=finetune epoch=1/1 batch=1470/3000 step=4470 repair=0.1286 localization=0 type=0 minimal=0.0672 physics=0.4217 total=0.1504
[TRAIN train_climax_no_range_extreme_corruption_s43] [TRAIN] stage=finetune epoch=1/1 batch=1480/3000 step=4480 repair=0.1162 localization=0 type=0 minimal=0.05719 physics=0.3448 total=0.134
[TRAIN train_climax_no_range_extreme_corruption_s43] [TRAIN] stage=finetune epoch=1/1 batch=1490/3000 step=4490 repair=0.1288 localization=0 type=0 minimal=0.05249 physics=0.4235 total=0.1505
[TRAIN train_climax_no_range_extreme_corruption_s43] [TRAIN] stage=finetune epoch=1/1 batch=1500/3000 step=4500 repair=0.08291 localization=0 type=0 minimal=0.05826 physics=0.3396 total=0.1005
[TRAIN train_climax_no_range_extreme_corruption_s43] [TRAIN] stage=finetune epoch=1/1 batch=1510/3000 step=4510 repair=0.1521 localization=0 type=0 minimal=0.0546 physics=0.412 total=0.1732
[TRAIN train_climax_no_range_extreme_corruption_s43] [TRAIN] stage=finetune epoch=1/1 batch=1520/3000 step=4520 repair=0.0784 localization=0 type=0 minimal=0.0614 physics=0.3536 total=0.09669
[TRAIN train_climax_no_range_extreme_corruption_s43] [TRAIN] stage=finetune epoch=1/1 batch=1530/3000 step=4530 repair=0.07475 localization=0 type=0 minimal=0.05576 physics=0.4718 total=0.0989
[TRAIN train_climax_no_range_extreme_corruption_s43] [TRAIN] stage=finetune epoch=1/1 batch=1540/3000 step=4540 repair=0.07462 localization=0 type=0 minimal=0.06592 physics=0.5357 total=0.1021
[TRAIN train_climax_no_range_extreme_corruption_s43] [TRAIN] stage=finetune epoch=1/1 batch=1550/3000 step=4550 repair=0.1272 localization=0 type=0 minimal=0.05267 physics=0.3814 total=0.1468
[TRAIN train_climax_no_range_extreme_corruption_s43] [TRAIN] stage=finetune epoch=1/1 batch=1560/3000 step=4560 repair=0.1227 localization=0 type=0 minimal=0.05997 physics=0.4295 total=0.1447
[TRAIN train_climax_no_range_extreme_corruption_s43] [TRAIN] stage=finetune epoch=1/1 batch=1570/3000 step=4570 repair=0.07278 localization=0 type=0 minimal=0.06439 physics=0.3783 total=0.09234
[TRAIN train_climax_no_range_extreme_corruption_s43] [TRAIN] stage=finetune epoch=1/1 batch=1580/3000 step=4580 repair=0.07413 localization=0 type=0 minimal=0.06122 physics=0.3258 total=0.09103
[TRAIN train_climax_no_range_extreme_corruption_s43] [TRAIN] stage=finetune epoch=1/1 batch=1590/3000 step=4590 repair=0.08733 localization=0 type=0 minimal=0.05301 physics=0.3851 total=0.1071
[TRAIN train_climax_no_range_extreme_corruption_s43] [TRAIN] stage=finetune epoch=1/1 batch=1600/3000 step=4600 repair=0.1045 localization=0 type=0 minimal=0.05984 physics=0.5614 total=0.1332
[TRAIN train_climax_no_range_extreme_corruption_s43] [TRAIN] stage=finetune epoch=1/1 batch=1610/3000 step=4610 repair=0.0809 localization=0 type=0 minimal=0.05905 physics=0.3705 total=0.1
[TRAIN train_climax_no_range_extreme_corruption_s43] [TRAIN] stage=finetune epoch=1/1 batch=1620/3000 step=4620 repair=0.1293 localization=0 type=0 minimal=0.05038 physics=0.5182 total=0.1557
[TRAIN train_climax_no_range_extreme_corruption_s43] [TRAIN] stage=finetune epoch=1/1 batch=1630/3000 step=4630 repair=0.1803 localization=0 type=0 minimal=0.06009 physics=0.5448 total=0.2081
[TRAIN train_climax_no_range_extreme_corruption_s43] [TRAIN] stage=finetune epoch=1/1 batch=1640/3000 step=4640 repair=0.1117 localization=0 type=0 minimal=0.05725 physics=0.424 total=0.1334
[TRAIN train_climax_no_range_extreme_corruption_s43] [TRAIN] stage=finetune epoch=1/1 batch=1650/3000 step=4650 repair=0.127 localization=0 type=0 minimal=0.05911 physics=0.3506 total=0.1452
[TRAIN train_climax_no_range_extreme_corruption_s43] [TRAIN] stage=finetune epoch=1/1 batch=1660/3000 step=4660 repair=0.06409 localization=0 type=0 minimal=0.06055 physics=0.371 total=0.08325
[TRAIN train_climax_no_range_extreme_corruption_s43] [TRAIN] stage=finetune epoch=1/1 batch=1670/3000 step=4670 repair=0.06587 localization=0 type=0 minimal=0.06244 physics=0.5025 total=0.09162
[TRAIN train_climax_no_range_extreme_corruption_s43] [TRAIN] stage=finetune epoch=1/1 batch=1680/3000 step=4680 repair=0.09514 localization=0 type=0 minimal=0.04669 physics=0.5088 total=0.1211
[TRAIN train_climax_no_range_extreme_corruption_s43] [TRAIN] stage=finetune epoch=1/1 batch=1690/3000 step=4690 repair=0.1201 localization=0 type=0 minimal=0.05573 physics=0.4895 total=0.1451
[TRAIN train_climax_no_range_extreme_corruption_s43] [TRAIN] stage=finetune epoch=1/1 batch=1700/3000 step=4700 repair=0.07836 localization=0 type=0 minimal=0.05579 physics=0.3859 total=0.09822
[TRAIN train_climax_no_range_extreme_corruption_s43] [TRAIN] stage=finetune epoch=1/1 batch=1710/3000 step=4710 repair=0.07865 localization=0 type=0 minimal=0.06335 physics=0.3398 total=0.09627
[TRAIN train_climax_no_range_extreme_corruption_s43] [TRAIN] stage=finetune epoch=1/1 batch=1720/3000 step=4720 repair=0.07704 localization=0 type=0 minimal=0.05762 physics=0.3828 total=0.09675
[TRAIN train_climax_no_range_extreme_corruption_s43] [TRAIN] stage=finetune epoch=1/1 batch=1730/3000 step=4730 repair=0.08928 localization=0 type=0 minimal=0.05908 physics=0.4091 total=0.1103
[TRAIN train_climax_no_range_extreme_corruption_s43] [TRAIN] stage=finetune epoch=1/1 batch=1740/3000 step=4740 repair=0.1152 localization=0 type=0 minimal=0.06287 physics=0.5322 total=0.1425
[TRAIN train_climax_no_range_extreme_corruption_s43] [TRAIN] stage=finetune epoch=1/1 batch=1750/3000 step=4750 repair=0.1272 localization=0 type=0 minimal=0.06299 physics=0.4268 total=0.1492
[TRAIN train_climax_no_range_extreme_corruption_s43] [TRAIN] stage=finetune epoch=1/1 batch=1760/3000 step=4760 repair=0.1664 localization=0 type=0 minimal=0.05679 physics=0.4604 total=0.19
[TRAIN train_climax_no_range_extreme_corruption_s43] [TRAIN] stage=finetune epoch=1/1 batch=1770/3000 step=4770 repair=0.1138 localization=0 type=0 minimal=0.06131 physics=0.415 total=0.1352
[TRAIN train_climax_no_range_extreme_corruption_s43] [TRAIN] stage=finetune epoch=1/1 batch=1780/3000 step=4780 repair=0.1101 localization=0 type=0 minimal=0.05725 physics=0.5016 total=0.1357
[TRAIN train_climax_no_range_extreme_corruption_s43] [TRAIN] stage=finetune epoch=1/1 batch=1790/3000 step=4790 repair=0.07139 localization=0 type=0 minimal=0.0593 physics=0.4386 total=0.09391
[TRAIN train_climax_no_range_extreme_corruption_s43] [TRAIN] stage=finetune epoch=1/1 batch=1800/3000 step=4800 repair=0.1698 localization=0 type=0 minimal=0.05655 physics=0.357 total=0.1882
[TRAIN train_climax_no_range_extreme_corruption_s43] [TRAIN] stage=finetune epoch=1/1 batch=1810/3000 step=4810 repair=0.121 localization=0 type=0 minimal=0.05933 physics=0.2873 total=0.1359
[TRAIN train_climax_no_range_extreme_corruption_s43] [TRAIN] stage=finetune epoch=1/1 batch=1820/3000 step=4820 repair=0.1166 localization=0 type=0 minimal=0.06192 physics=0.3227 total=0.1334
[TRAIN train_climax_no_range_extreme_corruption_s43] [TRAIN] stage=finetune epoch=1/1 batch=1830/3000 step=4830 repair=0.1154 localization=0 type=0 minimal=0.05923 physics=0.3181 total=0.1319
[TRAIN train_climax_no_range_extreme_corruption_s43] [TRAIN] stage=finetune epoch=1/1 batch=1840/3000 step=4840 repair=0.08283 localization=0 type=0 minimal=0.05569 physics=0.3267 total=0.09972
[TRAIN train_climax_no_range_extreme_corruption_s43] [TRAIN] stage=finetune epoch=1/1 batch=1850/3000 step=4850 repair=0.1298 localization=0 type=0 minimal=0.06299 physics=0.4552 total=0.1532
[TRAIN train_climax_no_range_extreme_corruption_s43] [TRAIN] stage=finetune epoch=1/1 batch=1860/3000 step=4860 repair=0.1177 localization=0 type=0 minimal=0.05688 physics=0.4044 total=0.1385
[TRAIN train_climax_no_range_extreme_corruption_s43] [TRAIN] stage=finetune epoch=1/1 batch=1870/3000 step=4870 repair=0.07722 localization=0 type=0 minimal=0.0563 physics=0.2427 total=0.08991
[TRAIN train_climax_no_range_extreme_corruption_s43] [TRAIN] stage=finetune epoch=1/1 batch=1880/3000 step=4880 repair=0.1381 localization=0 type=0 minimal=0.06775 physics=0.3461 total=0.1561
[TRAIN train_climax_no_range_extreme_corruption_s43] [TRAIN] stage=finetune epoch=1/1 batch=1890/3000 step=4890 repair=0.1177 localization=0 type=0 minimal=0.06018 physics=0.3753 total=0.1371
[TRAIN train_climax_no_range_extreme_corruption_s43] [TRAIN] stage=finetune epoch=1/1 batch=1900/3000 step=4900 repair=0.08351 localization=0 type=0 minimal=0.06744 physics=0.3177 total=0.1001
[TRAIN train_climax_no_range_extreme_corruption_s43] [TRAIN] stage=finetune epoch=1/1 batch=1910/3000 step=4910 repair=0.0682 localization=0 type=0 minimal=0.05862 physics=0.2834 total=0.08295
[TRAIN train_climax_no_range_extreme_corruption_s43] [TRAIN] stage=finetune epoch=1/1 batch=1920/3000 step=4920 repair=0.1332 localization=0 type=0 minimal=0.05649 physics=0.5911 total=0.1633
[TRAIN train_climax_no_range_extreme_corruption_s43] [TRAIN] stage=finetune epoch=1/1 batch=1930/3000 step=4930 repair=0.1575 localization=0 type=0 minimal=0.05682 physics=0.3727 total=0.1768
[TRAIN train_climax_no_range_extreme_corruption_s43] [TRAIN] stage=finetune epoch=1/1 batch=1940/3000 step=4940 repair=0.1314 localization=0 type=0 minimal=0.05814 physics=0.3674 total=0.1503
[TRAIN train_climax_no_range_extreme_corruption_s43] [TRAIN] stage=finetune epoch=1/1 batch=1950/3000 step=4950 repair=0.07462 localization=0 type=0 minimal=0.06268 physics=0.3601 total=0.09325
[TRAIN train_climax_no_range_extreme_corruption_s43] [TRAIN] stage=finetune epoch=1/1 batch=1960/3000 step=4960 repair=0.08074 localization=0 type=0 minimal=0.05383 physics=0.5492 total=0.1087
[TRAIN train_climax_no_range_extreme_corruption_s43] [TRAIN] stage=finetune epoch=1/1 batch=1970/3000 step=4970 repair=0.07167 localization=0 type=0 minimal=0.05682 physics=0.3565 total=0.09006
[TRAIN train_climax_no_range_extreme_corruption_s43] [TRAIN] stage=finetune epoch=1/1 batch=1980/3000 step=4980 repair=0.1401 localization=0 type=0 minimal=0.06223 physics=0.3291 total=0.1572
[TRAIN train_climax_no_range_extreme_corruption_s43] [TRAIN] stage=finetune epoch=1/1 batch=1990/3000 step=4990 repair=0.08866 localization=0 type=0 minimal=0.06677 physics=0.2693 total=0.1028
[TRAIN train_climax_no_range_extreme_corruption_s43] [TRAIN] stage=finetune epoch=1/1 batch=2000/3000 step=5000 repair=0.1242 localization=0 type=0 minimal=0.0596 physics=0.4678 total=0.1482
[TRAIN train_climax_no_range_extreme_corruption_s43] [TRAIN] stage=finetune epoch=1/1 batch=2010/3000 step=5010 repair=0.1223 localization=0 type=0 minimal=0.05872 physics=0.4973 total=0.1478
[TRAIN train_climax_no_range_extreme_corruption_s43] [TRAIN] stage=finetune epoch=1/1 batch=2020/3000 step=5020 repair=0.08685 localization=0 type=0 minimal=0.05936 physics=0.3287 total=0.1039
[TRAIN train_climax_no_range_extreme_corruption_s43] [TRAIN] stage=finetune epoch=1/1 batch=2030/3000 step=5030 repair=0.1358 localization=0 type=0 minimal=0.05411 physics=0.4109 total=0.1568
[TRAIN train_climax_no_range_extreme_corruption_s43] [TRAIN] stage=finetune epoch=1/1 batch=2040/3000 step=5040 repair=0.08349 localization=0 type=0 minimal=0.06299 physics=0.2932 total=0.09878
[TRAIN train_climax_no_range_extreme_corruption_s43] [TRAIN] stage=finetune epoch=1/1 batch=2050/3000 step=5050 repair=0.07789 localization=0 type=0 minimal=0.0607 physics=0.3262 total=0.0948
[TRAIN train_climax_no_range_extreme_corruption_s43] [TRAIN] stage=finetune epoch=1/1 batch=2060/3000 step=5060 repair=0.1079 localization=0 type=0 minimal=0.05722 physics=0.5169 total=0.1343
[TRAIN train_climax_no_range_extreme_corruption_s43] [TRAIN] stage=finetune epoch=1/1 batch=2070/3000 step=5070 repair=0.107 localization=0 type=0 minimal=0.06073 physics=0.2681 total=0.121
[TRAIN train_climax_no_range_extreme_corruption_s43] [TRAIN] stage=finetune epoch=1/1 batch=2080/3000 step=5080 repair=0.08377 localization=0 type=0 minimal=0.06165 physics=0.2373 total=0.09625
[TRAIN train_climax_no_range_extreme_corruption_s43] [TRAIN] stage=finetune epoch=1/1 batch=2090/3000 step=5090 repair=0.07387 localization=0 type=0 minimal=0.05911 physics=0.2134 total=0.08513
[TRAIN train_climax_no_range_extreme_corruption_s43] [TRAIN] stage=finetune epoch=1/1 batch=2100/3000 step=5100 repair=0.08805 localization=0 type=0 minimal=0.05563 physics=0.2704 total=0.1021
[TRAIN train_climax_no_range_extreme_corruption_s43] [TRAIN] stage=finetune epoch=1/1 batch=2110/3000 step=5110 repair=0.141 localization=0 type=0 minimal=0.03741 physics=0.8994 total=0.1863
[TRAIN train_climax_no_range_extreme_corruption_s43] [TRAIN] stage=finetune epoch=1/1 batch=2120/3000 step=5120 repair=0.1152 localization=0 type=0 minimal=0.05511 physics=0.7918 total=0.1554
[TRAIN train_climax_no_range_extreme_corruption_s43] [TRAIN] stage=finetune epoch=1/1 batch=2130/3000 step=5130 repair=0.0781 localization=0 type=0 minimal=0.0639 physics=0.3263 total=0.09505
[TRAIN train_climax_no_range_extreme_corruption_s43] [TRAIN] stage=finetune epoch=1/1 batch=2140/3000 step=5140 repair=0.1275 localization=0 type=0 minimal=0.05588 physics=0.3276 total=0.1445
[TRAIN train_climax_no_range_extreme_corruption_s43] [TRAIN] stage=finetune epoch=1/1 batch=2150/3000 step=5150 repair=0.1336 localization=0 type=0 minimal=0.05569 physics=0.3123 total=0.1498
[TRAIN train_climax_no_range_extreme_corruption_s43] [TRAIN] stage=finetune epoch=1/1 batch=2160/3000 step=5160 repair=0.06336 localization=0 type=0 minimal=0.06113 physics=0.2895 total=0.07845
[TRAIN train_climax_no_range_extreme_corruption_s43] [TRAIN] stage=finetune epoch=1/1 batch=2170/3000 step=5170 repair=0.1194 localization=0 type=0 minimal=0.0636 physics=0.3679 total=0.1384
[TRAIN train_climax_no_range_extreme_corruption_s43] [TRAIN] stage=finetune epoch=1/1 batch=2180/3000 step=5180 repair=0.1227 localization=0 type=0 minimal=0.06281 physics=0.2957 total=0.1381
[TRAIN train_climax_no_range_extreme_corruption_s43] [TRAIN] stage=finetune epoch=1/1 batch=2190/3000 step=5190 repair=0.06675 localization=0 type=0 minimal=0.06628 physics=0.282 total=0.08151
[TRAIN train_climax_no_range_extreme_corruption_s43] [TRAIN] stage=finetune epoch=1/1 batch=2200/3000 step=5200 repair=0.111 localization=0 type=0 minimal=0.06201 physics=0.429 total=0.1331
[TRAIN train_climax_no_range_extreme_corruption_s43] [TRAIN] stage=finetune epoch=1/1 batch=2210/3000 step=5210 repair=0.07974 localization=0 type=0 minimal=0.06052 physics=0.2508 total=0.09289
[TRAIN train_climax_no_range_extreme_corruption_s43] [TRAIN] stage=finetune epoch=1/1 batch=2220/3000 step=5220 repair=0.1075 localization=0 type=0 minimal=0.06311 physics=0.3341 total=0.1248
[TRAIN train_climax_no_range_extreme_corruption_s43] [TRAIN] stage=finetune epoch=1/1 batch=2230/3000 step=5230 repair=0.07572 localization=0 type=0 minimal=0.06396 physics=0.2809 total=0.0904
[TRAIN train_climax_no_range_extreme_corruption_s43] [TRAIN] stage=finetune epoch=1/1 batch=2240/3000 step=5240 repair=0.0779 localization=0 type=0 minimal=0.06204 physics=0.4822 total=0.1026
[TRAIN train_climax_no_range_extreme_corruption_s43] [TRAIN] stage=finetune epoch=1/1 batch=2250/3000 step=5250 repair=0.1447 localization=0 type=0 minimal=0.05841 physics=0.3269 total=0.1616
[TRAIN train_climax_no_range_extreme_corruption_s43] [TRAIN] stage=finetune epoch=1/1 batch=2260/3000 step=5260 repair=0.115 localization=0 type=0 minimal=0.06281 physics=0.4791 total=0.1395
[TRAIN train_climax_no_range_extreme_corruption_s43] [TRAIN] stage=finetune epoch=1/1 batch=2270/3000 step=5270 repair=0.1065 localization=0 type=0 minimal=0.05746 physics=0.3863 total=0.1264
[TRAIN train_climax_no_range_extreme_corruption_s43] [TRAIN] stage=finetune epoch=1/1 batch=2280/3000 step=5280 repair=0.07271 localization=0 type=0 minimal=0.06281 physics=0.4916 total=0.09792
[TRAIN train_climax_no_range_extreme_corruption_s43] [TRAIN] stage=finetune epoch=1/1 batch=2290/3000 step=5290 repair=0.1344 localization=0 type=0 minimal=0.05859 physics=0.376 total=0.1538
[TRAIN train_climax_no_range_extreme_corruption_s43] [TRAIN] stage=finetune epoch=1/1 batch=2300/3000 step=5300 repair=0.1126 localization=0 type=0 minimal=0.05273 physics=0.4217 total=0.1342
[TRAIN train_climax_no_range_extreme_corruption_s43] [TRAIN] stage=finetune epoch=1/1 batch=2310/3000 step=5310 repair=0.09098 localization=0 type=0 minimal=0.05768 physics=0.3718 total=0.1101
[TRAIN train_climax_no_range_extreme_corruption_s43] [TRAIN] stage=finetune epoch=1/1 batch=2320/3000 step=5320 repair=0.1652 localization=0 type=0 minimal=0.06476 physics=0.5866 total=0.1951
[TRAIN train_climax_no_range_extreme_corruption_s43] [TRAIN] stage=finetune epoch=1/1 batch=2330/3000 step=5330 repair=0.07956 localization=0 type=0 minimal=0.05789 physics=0.5561 total=0.1079
[TRAIN train_climax_no_range_extreme_corruption_s43] [TRAIN] stage=finetune epoch=1/1 batch=2340/3000 step=5340 repair=0.1206 localization=0 type=0 minimal=0.0636 physics=0.7162 total=0.1571
[TRAIN train_climax_no_range_extreme_corruption_s43] [TRAIN] stage=finetune epoch=1/1 batch=2350/3000 step=5350 repair=0.09012 localization=0 type=0 minimal=0.06549 physics=0.4059 total=0.1111
[TRAIN train_climax_no_range_extreme_corruption_s43] [TRAIN] stage=finetune epoch=1/1 batch=2360/3000 step=5360 repair=0.09051 localization=0 type=0 minimal=0.06702 physics=0.3244 total=0.1074
[TRAIN train_climax_no_range_extreme_corruption_s43] [TRAIN] stage=finetune epoch=1/1 batch=2370/3000 step=5370 repair=0.08386 localization=0 type=0 minimal=0.0658 physics=0.3122 total=0.1001
[TRAIN train_climax_no_range_extreme_corruption_s43] [TRAIN] stage=finetune epoch=1/1 batch=2380/3000 step=5380 repair=0.1129 localization=0 type=0 minimal=0.06015 physics=0.3952 total=0.1332
[TRAIN train_climax_no_range_extreme_corruption_s43] [TRAIN] stage=finetune epoch=1/1 batch=2390/3000 step=5390 repair=0.114 localization=0 type=0 minimal=0.05911 physics=0.4039 total=0.1348
[TRAIN train_climax_no_range_extreme_corruption_s43] [TRAIN] stage=finetune epoch=1/1 batch=2400/3000 step=5400 repair=0.12 localization=0 type=0 minimal=0.06268 physics=0.4607 total=0.1437
[TRAIN train_climax_no_range_extreme_corruption_s43] [TRAIN] stage=finetune epoch=1/1 batch=2410/3000 step=5410 repair=0.07187 localization=0 type=0 minimal=0.06799 physics=0.3365 total=0.08938
[TRAIN train_climax_no_range_extreme_corruption_s43] [TRAIN] stage=finetune epoch=1/1 batch=2420/3000 step=5420 repair=0.06364 localization=0 type=0 minimal=0.0752 physics=0.4464 total=0.08671
[TRAIN train_climax_no_range_extreme_corruption_s43] [TRAIN] stage=finetune epoch=1/1 batch=2430/3000 step=5430 repair=0.1163 localization=0 type=0 minimal=0.05988 physics=0.4092 total=0.1374
[TRAIN train_climax_no_range_extreme_corruption_s43] [TRAIN] stage=finetune epoch=1/1 batch=2440/3000 step=5440 repair=0.06616 localization=0 type=0 minimal=0.06952 physics=0.4169 total=0.0877
[TRAIN train_climax_no_range_extreme_corruption_s43] [TRAIN] stage=finetune epoch=1/1 batch=2450/3000 step=5450 repair=0.1226 localization=0 type=0 minimal=0.06238 physics=0.6939 total=0.1579
[TRAIN train_climax_no_range_extreme_corruption_s43] [TRAIN] stage=finetune epoch=1/1 batch=2460/3000 step=5460 repair=0.1183 localization=0 type=0 minimal=0.06192 physics=0.4499 total=0.1414
[TRAIN train_climax_no_range_extreme_corruption_s43] [TRAIN] stage=finetune epoch=1/1 batch=2470/3000 step=5470 repair=0.1614 localization=0 type=0 minimal=0.06137 physics=0.3999 total=0.182
[TRAIN train_climax_no_range_extreme_corruption_s43] [TRAIN] stage=finetune epoch=1/1 batch=2480/3000 step=5480 repair=0.07902 localization=0 type=0 minimal=0.06647 physics=0.4006 total=0.09972
[TRAIN train_climax_no_range_extreme_corruption_s43] [TRAIN] stage=finetune epoch=1/1 batch=2490/3000 step=5490 repair=0.1206 localization=0 type=0 minimal=0.061 physics=0.6406 total=0.1532
[TRAIN train_climax_no_range_extreme_corruption_s43] [TRAIN] stage=finetune epoch=1/1 batch=2500/3000 step=5500 repair=0.1237 localization=0 type=0 minimal=0.06403 physics=0.4066 total=0.1447
[TRAIN train_climax_no_range_extreme_corruption_s43] [TRAIN] stage=finetune epoch=1/1 batch=2510/3000 step=5510 repair=0.06494 localization=0 type=0 minimal=0.06415 physics=0.4115 total=0.08615
[TRAIN train_climax_no_range_extreme_corruption_s43] [TRAIN] stage=finetune epoch=1/1 batch=2520/3000 step=5520 repair=0.08113 localization=0 type=0 minimal=0.06647 physics=0.5318 total=0.1084
[TRAIN train_climax_no_range_extreme_corruption_s43] [TRAIN] stage=finetune epoch=1/1 batch=2530/3000 step=5530 repair=0.08208 localization=0 type=0 minimal=0.06757 physics=0.6752 total=0.1165
[TRAIN train_climax_no_range_extreme_corruption_s43] [TRAIN] stage=finetune epoch=1/1 batch=2540/3000 step=5540 repair=0.08769 localization=0 type=0 minimal=0.05539 physics=0.3615 total=0.1063
[TRAIN train_climax_no_range_extreme_corruption_s43] [TRAIN] stage=finetune epoch=1/1 batch=2550/3000 step=5550 repair=0.0792 localization=0 type=0 minimal=0.06519 physics=0.5197 total=0.1058
[TRAIN train_climax_no_range_extreme_corruption_s43] [TRAIN] stage=finetune epoch=1/1 batch=2560/3000 step=5560 repair=0.07487 localization=0 type=0 minimal=0.06354 physics=0.8611 total=0.1186
[TRAIN train_climax_no_range_extreme_corruption_s43] [TRAIN] stage=finetune epoch=1/1 batch=2570/3000 step=5570 repair=0.0676 localization=0 type=0 minimal=0.06641 physics=0.2822 total=0.08238
[TRAIN train_climax_no_range_extreme_corruption_s43] [TRAIN] stage=finetune epoch=1/1 batch=2580/3000 step=5580 repair=0.08105 localization=0 type=0 minimal=0.07178 physics=0.3942 total=0.1015
[TRAIN train_climax_no_range_extreme_corruption_s43] [TRAIN] stage=finetune epoch=1/1 batch=2590/3000 step=5590 repair=0.1537 localization=0 type=0 minimal=0.06403 physics=0.4704 total=0.1778
[TRAIN train_climax_no_range_extreme_corruption_s43] [TRAIN] stage=finetune epoch=1/1 batch=2600/3000 step=5600 repair=0.1144 localization=0 type=0 minimal=0.06207 physics=0.5755 total=0.1438
[TRAIN train_climax_no_range_extreme_corruption_s43] [TRAIN] stage=finetune epoch=1/1 batch=2610/3000 step=5610 repair=0.08046 localization=0 type=0 minimal=0.06488 physics=0.5516 total=0.1087
[TRAIN train_climax_no_range_extreme_corruption_s43] [TRAIN] stage=finetune epoch=1/1 batch=2620/3000 step=5620 repair=0.07969 localization=0 type=0 minimal=0.06702 physics=0.6511 total=0.1129
[TRAIN train_climax_no_range_extreme_corruption_s43] [TRAIN] stage=finetune epoch=1/1 batch=2630/3000 step=5630 repair=0.07338 localization=0 type=0 minimal=0.06027 physics=0.7022 total=0.1091
[TRAIN train_climax_no_range_extreme_corruption_s43] [TRAIN] stage=finetune epoch=1/1 batch=2640/3000 step=5640 repair=0.1772 localization=0 type=0 minimal=0.06335 physics=0.6133 total=0.2085
[TRAIN train_climax_no_range_extreme_corruption_s43] [TRAIN] stage=finetune epoch=1/1 batch=2650/3000 step=5650 repair=0.1725 localization=0 type=0 minimal=0.0545 physics=0.5199 total=0.199
[TRAIN train_climax_no_range_extreme_corruption_s43] [TRAIN] stage=finetune epoch=1/1 batch=2660/3000 step=5660 repair=0.1217 localization=0 type=0 minimal=0.06009 physics=0.6592 total=0.1552
[TRAIN train_climax_no_range_extreme_corruption_s43] [TRAIN] stage=finetune epoch=1/1 batch=2670/3000 step=5670 repair=0.1337 localization=0 type=0 minimal=0.06598 physics=0.6076 total=0.1648
[TRAIN train_climax_no_range_extreme_corruption_s43] [TRAIN] stage=finetune epoch=1/1 batch=2680/3000 step=5680 repair=0.1506 localization=0 type=0 minimal=0.05936 physics=0.4653 total=0.1745
[TRAIN train_climax_no_range_extreme_corruption_s43] [TRAIN] stage=finetune epoch=1/1 batch=2690/3000 step=5690 repair=0.1692 localization=0 type=0 minimal=0.06274 physics=0.7763 total=0.2087
[TRAIN train_climax_no_range_extreme_corruption_s43] [TRAIN] stage=finetune epoch=1/1 batch=2700/3000 step=5700 repair=0.1714 localization=0 type=0 minimal=0.06616 physics=0.4804 total=0.1961
[TRAIN train_climax_no_range_extreme_corruption_s43] [TRAIN] stage=finetune epoch=1/1 batch=2710/3000 step=5710 repair=0.1095 localization=0 type=0 minimal=0.06512 physics=0.5384 total=0.1371
[TRAIN train_climax_no_range_extreme_corruption_s43] [TRAIN] stage=finetune epoch=1/1 batch=2720/3000 step=5720 repair=0.08159 localization=0 type=0 minimal=0.06696 physics=0.3739 total=0.101
[TRAIN train_climax_no_range_extreme_corruption_s43] [TRAIN] stage=finetune epoch=1/1 batch=2730/3000 step=5730 repair=0.1731 localization=0 type=0 minimal=0.05453 physics=0.4988 total=0.1986
[TRAIN train_climax_no_range_extreme_corruption_s43] [TRAIN] stage=finetune epoch=1/1 batch=2740/3000 step=5740 repair=0.1124 localization=0 type=0 minimal=0.06989 physics=0.5681 total=0.1415
[TRAIN train_climax_no_range_extreme_corruption_s43] [TRAIN] stage=finetune epoch=1/1 batch=2750/3000 step=5750 repair=0.1111 localization=0 type=0 minimal=0.06421 physics=0.552 total=0.1393
[TRAIN train_climax_no_range_extreme_corruption_s43] [TRAIN] stage=finetune epoch=1/1 batch=2760/3000 step=5760 repair=0.1248 localization=0 type=0 minimal=0.06274 physics=0.4096 total=0.1459
[TRAIN train_climax_no_range_extreme_corruption_s43] [TRAIN] stage=finetune epoch=1/1 batch=2770/3000 step=5770 repair=0.1208 localization=0 type=0 minimal=0.06342 physics=0.4158 total=0.1423
[TRAIN train_climax_no_range_extreme_corruption_s43] [TRAIN] stage=finetune epoch=1/1 batch=2780/3000 step=5780 repair=0.1186 localization=0 type=0 minimal=0.06818 physics=0.4626 total=0.1424
[TRAIN train_climax_no_range_extreme_corruption_s43] [TRAIN] stage=finetune epoch=1/1 batch=2790/3000 step=5790 repair=0.0744 localization=0 type=0 minimal=0.06934 physics=0.5247 total=0.1013
[TRAIN train_climax_no_range_extreme_corruption_s43] [TRAIN] stage=finetune epoch=1/1 batch=2800/3000 step=5800 repair=0.06583 localization=0 type=0 minimal=0.0755 physics=0.4728 total=0.09023
[TRAIN train_climax_no_range_extreme_corruption_s43] [TRAIN] stage=finetune epoch=1/1 batch=2810/3000 step=5810 repair=0.1102 localization=0 type=0 minimal=0.0705 physics=0.5458 total=0.1382
[TRAIN train_climax_no_range_extreme_corruption_s43] [TRAIN] stage=finetune epoch=1/1 batch=2820/3000 step=5820 repair=0.07777 localization=0 type=0 minimal=0.06775 physics=0.5763 total=0.1073
[TRAIN train_climax_no_range_extreme_corruption_s43] [TRAIN] stage=finetune epoch=1/1 batch=2830/3000 step=5830 repair=0.1237 localization=0 type=0 minimal=0.06818 physics=0.6195 total=0.1553
[TRAIN train_climax_no_range_extreme_corruption_s43] [TRAIN] stage=finetune epoch=1/1 batch=2840/3000 step=5840 repair=0.133 localization=0 type=0 minimal=0.06573 physics=0.5202 total=0.1597
[TRAIN train_climax_no_range_extreme_corruption_s43] [TRAIN] stage=finetune epoch=1/1 batch=2850/3000 step=5850 repair=0.07526 localization=0 type=0 minimal=0.06818 physics=0.5848 total=0.1052
[TRAIN train_climax_no_range_extreme_corruption_s43] [TRAIN] stage=finetune epoch=1/1 batch=2860/3000 step=5860 repair=0.1185 localization=0 type=0 minimal=0.06241 physics=0.4628 total=0.1422
[TRAIN train_climax_no_range_extreme_corruption_s43] [TRAIN] stage=finetune epoch=1/1 batch=2870/3000 step=5870 repair=0.1609 localization=0 type=0 minimal=0.05444 physics=0.5093 total=0.1869
[TRAIN train_climax_no_range_extreme_corruption_s43] [TRAIN] stage=finetune epoch=1/1 batch=2880/3000 step=5880 repair=0.1174 localization=0 type=0 minimal=0.06476 physics=0.5233 total=0.1442
[TRAIN train_climax_no_range_extreme_corruption_s43] [TRAIN] stage=finetune epoch=1/1 batch=2890/3000 step=5890 repair=0.07262 localization=0 type=0 minimal=0.07904 physics=0.5022 total=0.09852
[TRAIN train_climax_no_range_extreme_corruption_s43] [TRAIN] stage=finetune epoch=1/1 batch=2900/3000 step=5900 repair=0.1049 localization=0 type=0 minimal=0.06549 physics=0.6583 total=0.1385
[TRAIN train_climax_no_range_extreme_corruption_s43] [TRAIN] stage=finetune epoch=1/1 batch=2910/3000 step=5910 repair=0.1237 localization=0 type=0 minimal=0.06268 physics=0.5045 total=0.1496
[TRAIN train_climax_no_range_extreme_corruption_s43] [TRAIN] stage=finetune epoch=1/1 batch=2920/3000 step=5920 repair=0.1458 localization=0 type=0 minimal=0.06354 physics=0.4603 total=0.1694
[TRAIN train_climax_no_range_extreme_corruption_s43] [TRAIN] stage=finetune epoch=1/1 batch=2930/3000 step=5930 repair=0.1142 localization=0 type=0 minimal=0.06427 physics=0.4798 total=0.1389
[TRAIN train_climax_no_range_extreme_corruption_s43] [TRAIN] stage=finetune epoch=1/1 batch=2940/3000 step=5940 repair=0.07963 localization=0 type=0 minimal=0.0708 physics=0.4963 total=0.1052
[TRAIN train_climax_no_range_extreme_corruption_s43] [TRAIN] stage=finetune epoch=1/1 batch=2950/3000 step=5950 repair=0.1172 localization=0 type=0 minimal=0.06836 physics=0.4253 total=0.1392
[TRAIN train_climax_no_range_extreme_corruption_s43] [TRAIN] stage=finetune epoch=1/1 batch=2960/3000 step=5960 repair=0.1318 localization=0 type=0 minimal=0.05908 physics=0.4028 total=0.1525
[TRAIN train_climax_no_range_extreme_corruption_s43] [TRAIN] stage=finetune epoch=1/1 batch=2970/3000 step=5970 repair=0.1146 localization=0 type=0 minimal=0.05981 physics=0.5088 total=0.1406
[TRAIN train_climax_no_range_extreme_corruption_s43] [TRAIN] stage=finetune epoch=1/1 batch=2980/3000 step=5980 repair=0.0695 localization=0 type=0 minimal=0.07928 physics=0.3404 total=0.08731
[TRAIN train_climax_no_range_extreme_corruption_s43] [TRAIN] stage=finetune epoch=1/1 batch=2990/3000 step=5990 repair=0.06303 localization=0 type=0 minimal=0.07452 physics=0.3197 total=0.07976
[TRAIN train_climax_no_range_extreme_corruption_s43] [TRAIN] stage=finetune epoch=1/1 batch=3000/3000 step=6000 repair=0.1215 localization=0 type=0 minimal=0.06207 physics=0.3434 total=0.1393
[TRAIN train_climax_no_range_extreme_corruption_s43] [EPOCH] {'stage': 'finetune', 'epoch': 0, 'global_step': 6000, 'train_total': 0.17666413807868958, 'val_repair_mse': 0.11639762157574296, 'elapsed_seconds': 3540.9}
[TRAIN train_climax_no_range_extreme_corruption_s43] [BEST] val_repair_mse=0.116398
[TRAIN train_climax_no_range_extreme_corruption_s43] [TRAIN COMPLETE] {
[TRAIN train_climax_no_range_extreme_corruption_s43]   "run_id": "prelim20_train_climax_no_range_extreme_corruption_s43",
[TRAIN train_climax_no_range_extreme_corruption_s43]   "status": "completed",
[TRAIN train_climax_no_range_extreme_corruption_s43]   "method": "no_range_extreme_corruption",
[TRAIN train_climax_no_range_extreme_corruption_s43]   "backbone": "climax",
[TRAIN train_climax_no_range_extreme_corruption_s43]   "seed": 43,
[TRAIN train_climax_no_range_extreme_corruption_s43]   "forecast_provider": "zarr_frozen_fm",
[TRAIN train_climax_no_range_extreme_corruption_s43]   "best_val_repair_mse": 0.11639762157574296,
[TRAIN train_climax_no_range_extreme_corruption_s43]   "global_step": 6000,
[TRAIN train_climax_no_range_extreme_corruption_s43]   "elapsed_seconds": 3541.03,
[TRAIN train_climax_no_range_extreme_corruption_s43]   "checkpoint_best": "/home/tahiti/ConserveFM/runs/prelim20_train/train_climax_no_range_extreme_corruption_s43/checkpoint_best.pt",
[TRAIN train_climax_no_range_extreme_corruption_s43]   "checkpoint_last": "/home/tahiti/ConserveFM/runs/prelim20_train/train_climax_no_range_extreme_corruption_s43/checkpoint_last.pt"
[TRAIN train_climax_no_range_extreme_corruption_s43] }
