[TRAIN train_climax_no_minimal_change_s44] [SETUP] device=cuda
[TRAIN train_climax_no_minimal_change_s44] [SETUP] run_id=prelim20_train_climax_no_minimal_change_s44 method=no_minimal_change backbone=climax
[TRAIN train_climax_no_minimal_change_s44] [FORECAST] using frozen forecast cache: /home/tahiti/ConserveFM/forecasts/climax.zarr
[TRAIN train_climax_no_minimal_change_s44] [STAGE] pretrain epochs=1 start_epoch=0
[TRAIN train_climax_no_minimal_change_s44] [TRAIN] stage=pretrain epoch=1/1 batch=10/3000 step=10 repair=0.04293 localization=0.4122 type=1.813 minimal=0 physics=1.382 total=0.4754
[TRAIN train_climax_no_minimal_change_s44] [TRAIN] stage=pretrain epoch=1/1 batch=20/3000 step=20 repair=0.01422 localization=0.2627 type=2.153 minimal=0 physics=0.7027 total=0.4961
[TRAIN train_climax_no_minimal_change_s44] [TRAIN] stage=pretrain epoch=1/1 batch=30/3000 step=30 repair=0.02226 localization=0.3366 type=1.465 minimal=0 physics=1.036 total=0.3795
[TRAIN train_climax_no_minimal_change_s44] [TRAIN] stage=pretrain epoch=1/1 batch=40/3000 step=40 repair=0.01816 localization=0.3347 type=2.564 minimal=0 physics=1.077 total=0.5539
[TRAIN train_climax_no_minimal_change_s44] [TRAIN] stage=pretrain epoch=1/1 batch=50/3000 step=50 repair=0.007324 localization=0.26 type=2.52 minimal=0 physics=0.5335 total=0.4824
[TRAIN train_climax_no_minimal_change_s44] [TRAIN] stage=pretrain epoch=1/1 batch=60/3000 step=60 repair=0.02503 localization=0.2664 type=1.308 minimal=0 physics=1.296 total=0.2473
[TRAIN train_climax_no_minimal_change_s44] [TRAIN] stage=pretrain epoch=1/1 batch=70/3000 step=70 repair=0.004047 localization=0.2337 type=1.099 minimal=0 physics=0.577 total=0.2581
[TRAIN train_climax_no_minimal_change_s44] [TRAIN] stage=pretrain epoch=1/1 batch=80/3000 step=80 repair=0.003019 localization=0.3668 type=1.582 minimal=0 physics=0.6665 total=0.3625
[TRAIN train_climax_no_minimal_change_s44] [TRAIN] stage=pretrain epoch=1/1 batch=90/3000 step=90 repair=0.01604 localization=0.2409 type=2.687 minimal=0 physics=2.352 total=0.4264
[TRAIN train_climax_no_minimal_change_s44] [TRAIN] stage=pretrain epoch=1/1 batch=100/3000 step=100 repair=0.0123 localization=0.399 type=1.327 minimal=0 physics=0.4418 total=0.3183
[TRAIN train_climax_no_minimal_change_s44] [TRAIN] stage=pretrain epoch=1/1 batch=110/3000 step=110 repair=0.01769 localization=0.2495 type=2.302 minimal=0 physics=0.295 total=0.4813
[TRAIN train_climax_no_minimal_change_s44] [TRAIN] stage=pretrain epoch=1/1 batch=120/3000 step=120 repair=0.02543 localization=0.276 type=1.885 minimal=0 physics=1.707 total=0.3269
[TRAIN train_climax_no_minimal_change_s44] [TRAIN] stage=pretrain epoch=1/1 batch=130/3000 step=130 repair=0.01153 localization=0.3435 type=1.978 minimal=0 physics=0.9227 total=0.2898
[TRAIN train_climax_no_minimal_change_s44] [TRAIN] stage=pretrain epoch=1/1 batch=140/3000 step=140 repair=0.00329 localization=0.4191 type=1.825 minimal=0 physics=0.2441 total=0.4244
[TRAIN train_climax_no_minimal_change_s44] [TRAIN] stage=pretrain epoch=1/1 batch=150/3000 step=150 repair=0.00517 localization=0.2309 type=0.936 minimal=0 physics=0.1499 total=0.2005
[TRAIN train_climax_no_minimal_change_s44] [TRAIN] stage=pretrain epoch=1/1 batch=160/3000 step=160 repair=0.02523 localization=0.3153 type=1.617 minimal=0 physics=0.521 total=0.3856
[TRAIN train_climax_no_minimal_change_s44] [TRAIN] stage=pretrain epoch=1/1 batch=170/3000 step=170 repair=0.004407 localization=0.3354 type=1.257 minimal=0 physics=0.4921 total=0.1882
[TRAIN train_climax_no_minimal_change_s44] [TRAIN] stage=pretrain epoch=1/1 batch=180/3000 step=180 repair=0.01012 localization=0.3245 type=2.007 minimal=0 physics=0.496 total=0.377
[TRAIN train_climax_no_minimal_change_s44] [TRAIN] stage=pretrain epoch=1/1 batch=190/3000 step=190 repair=0.02537 localization=0.2679 type=0.7188 minimal=0 physics=1.92 total=0.22
[TRAIN train_climax_no_minimal_change_s44] [TRAIN] stage=pretrain epoch=1/1 batch=200/3000 step=200 repair=0.003252 localization=0.4279 type=3.078 minimal=0 physics=0.2397 total=0.5796
[TRAIN train_climax_no_minimal_change_s44] [TRAIN] stage=pretrain epoch=1/1 batch=210/3000 step=210 repair=0.008461 localization=0.3988 type=2.369 minimal=0 physics=0.779 total=0.4762
[TRAIN train_climax_no_minimal_change_s44] [TRAIN] stage=pretrain epoch=1/1 batch=220/3000 step=220 repair=0.01585 localization=0.3668 type=1.974 minimal=0 physics=0.3522 total=0.3983
[TRAIN train_climax_no_minimal_change_s44] [TRAIN] stage=pretrain epoch=1/1 batch=230/3000 step=230 repair=0.003359 localization=0.2453 type=0.8462 minimal=0 physics=0.1482 total=0.2085
[TRAIN train_climax_no_minimal_change_s44] [TRAIN] stage=pretrain epoch=1/1 batch=240/3000 step=240 repair=0.00354 localization=0.4204 type=0.8984 minimal=0 physics=0.2724 total=0.2337
[TRAIN train_climax_no_minimal_change_s44] [TRAIN] stage=pretrain epoch=1/1 batch=250/3000 step=250 repair=0.002806 localization=0.2864 type=1.053 minimal=0 physics=0.3055 total=0.2195
[TRAIN train_climax_no_minimal_change_s44] [TRAIN] stage=pretrain epoch=1/1 batch=260/3000 step=260 repair=0.007332 localization=0.2613 type=1.501 minimal=0 physics=0.2861 total=0.3239
[TRAIN train_climax_no_minimal_change_s44] [TRAIN] stage=pretrain epoch=1/1 batch=270/3000 step=270 repair=0.006775 localization=0.2726 type=1.547 minimal=0 physics=0.3224 total=0.324
[TRAIN train_climax_no_minimal_change_s44] [TRAIN] stage=pretrain epoch=1/1 batch=280/3000 step=280 repair=0.003828 localization=0.3883 type=1.645 minimal=0 physics=0.2056 total=0.3307
[TRAIN train_climax_no_minimal_change_s44] [TRAIN] stage=pretrain epoch=1/1 batch=290/3000 step=290 repair=0.003449 localization=0.2192 type=1.625 minimal=0 physics=0.2593 total=0.3125
[TRAIN train_climax_no_minimal_change_s44] [TRAIN] stage=pretrain epoch=1/1 batch=300/3000 step=300 repair=0.002702 localization=0.256 type=0.9895 minimal=0 physics=0.2817 total=0.2212
[TRAIN train_climax_no_minimal_change_s44] [TRAIN] stage=pretrain epoch=1/1 batch=310/3000 step=310 repair=0.005382 localization=0.1932 type=2.222 minimal=0 physics=0.3155 total=0.458
[TRAIN train_climax_no_minimal_change_s44] [TRAIN] stage=pretrain epoch=1/1 batch=320/3000 step=320 repair=0.00293 localization=0.2731 type=1.83 minimal=0 physics=0.1839 total=0.3587
[TRAIN train_climax_no_minimal_change_s44] [TRAIN] stage=pretrain epoch=1/1 batch=330/3000 step=330 repair=0.01129 localization=0.2417 type=1.406 minimal=0 physics=0.3935 total=0.2869
[TRAIN train_climax_no_minimal_change_s44] [TRAIN] stage=pretrain epoch=1/1 batch=340/3000 step=340 repair=0.005595 localization=0.247 type=1.158 minimal=0 physics=0.2446 total=0.2658
[TRAIN train_climax_no_minimal_change_s44] [TRAIN] stage=pretrain epoch=1/1 batch=350/3000 step=350 repair=0.00522 localization=0.4432 type=2.194 minimal=0 physics=1.035 total=0.3207
[TRAIN train_climax_no_minimal_change_s44] [TRAIN] stage=pretrain epoch=1/1 batch=360/3000 step=360 repair=0.004323 localization=0.3708 type=1.516 minimal=0 physics=0.3316 total=0.3442
[TRAIN train_climax_no_minimal_change_s44] [TRAIN] stage=pretrain epoch=1/1 batch=370/3000 step=370 repair=0.008768 localization=0.2423 type=1.291 minimal=0 physics=1.143 total=0.2192
[TRAIN train_climax_no_minimal_change_s44] [TRAIN] stage=pretrain epoch=1/1 batch=380/3000 step=380 repair=0.008258 localization=0.3349 type=2.763 minimal=0 physics=0.273 total=0.4506
[TRAIN train_climax_no_minimal_change_s44] [TRAIN] stage=pretrain epoch=1/1 batch=390/3000 step=390 repair=0.007567 localization=0.3824 type=2.048 minimal=0 physics=0.3566 total=0.4244
[TRAIN train_climax_no_minimal_change_s44] [TRAIN] stage=pretrain epoch=1/1 batch=400/3000 step=400 repair=0.00514 localization=0.3 type=1.934 minimal=0 physics=0.4502 total=0.251
[TRAIN train_climax_no_minimal_change_s44] [TRAIN] stage=pretrain epoch=1/1 batch=410/3000 step=410 repair=0.01186 localization=0.3036 type=1.722 minimal=0 physics=0.1932 total=0.3812
[TRAIN train_climax_no_minimal_change_s44] [TRAIN] stage=pretrain epoch=1/1 batch=420/3000 step=420 repair=0.005634 localization=0.4376 type=1.574 minimal=0 physics=1.007 total=0.2572
[TRAIN train_climax_no_minimal_change_s44] [TRAIN] stage=pretrain epoch=1/1 batch=430/3000 step=430 repair=0.02723 localization=0.2778 type=1.289 minimal=0 physics=0.5535 total=0.3125
[TRAIN train_climax_no_minimal_change_s44] [TRAIN] stage=pretrain epoch=1/1 batch=440/3000 step=440 repair=0.002799 localization=0.2095 type=1.621 minimal=0 physics=0.2805 total=0.3192
[TRAIN train_climax_no_minimal_change_s44] [TRAIN] stage=pretrain epoch=1/1 batch=450/3000 step=450 repair=0.003258 localization=0.2476 type=1.455 minimal=0 physics=0.1659 total=0.3117
[TRAIN train_climax_no_minimal_change_s44] [TRAIN] stage=pretrain epoch=1/1 batch=460/3000 step=460 repair=0.01909 localization=0.2667 type=1.965 minimal=0 physics=0.3293 total=0.4403
[TRAIN train_climax_no_minimal_change_s44] [TRAIN] stage=pretrain epoch=1/1 batch=470/3000 step=470 repair=0.002624 localization=0.3134 type=0.7661 minimal=0 physics=0.1433 total=0.163
[TRAIN train_climax_no_minimal_change_s44] [TRAIN] stage=pretrain epoch=1/1 batch=480/3000 step=480 repair=0.012 localization=0.3388 type=2.659 minimal=0 physics=0.4072 total=0.5641
[TRAIN train_climax_no_minimal_change_s44] [TRAIN] stage=pretrain epoch=1/1 batch=490/3000 step=490 repair=0.007002 localization=0.2504 type=1.969 minimal=0 physics=0.4023 total=0.4055
[TRAIN train_climax_no_minimal_change_s44] [TRAIN] stage=pretrain epoch=1/1 batch=500/3000 step=500 repair=0.003006 localization=0.2587 type=1.489 minimal=0 physics=0.1213 total=0.3201
[TRAIN train_climax_no_minimal_change_s44] [TRAIN] stage=pretrain epoch=1/1 batch=510/3000 step=510 repair=0.00283 localization=0.1939 type=1.689 minimal=0 physics=0.1807 total=0.3307
[TRAIN train_climax_no_minimal_change_s44] [TRAIN] stage=pretrain epoch=1/1 batch=520/3000 step=520 repair=0.003339 localization=0.3382 type=2.006 minimal=0 physics=0.09505 total=0.3694
[TRAIN train_climax_no_minimal_change_s44] [TRAIN] stage=pretrain epoch=1/1 batch=530/3000 step=530 repair=0.002567 localization=0.298 type=1.801 minimal=0 physics=0.1158 total=0.3565
[TRAIN train_climax_no_minimal_change_s44] [TRAIN] stage=pretrain epoch=1/1 batch=540/3000 step=540 repair=0.002238 localization=0.2396 type=1.909 minimal=0 physics=0.08386 total=0.3435
[TRAIN train_climax_no_minimal_change_s44] [TRAIN] stage=pretrain epoch=1/1 batch=550/3000 step=550 repair=0.002296 localization=0.293 type=1.686 minimal=0 physics=0.1622 total=0.335
[TRAIN train_climax_no_minimal_change_s44] [TRAIN] stage=pretrain epoch=1/1 batch=560/3000 step=560 repair=0.005818 localization=0.4178 type=2.501 minimal=0 physics=0.3082 total=0.5027
[TRAIN train_climax_no_minimal_change_s44] [TRAIN] stage=pretrain epoch=1/1 batch=570/3000 step=570 repair=0.002344 localization=0.3334 type=1.953 minimal=0 physics=0.4113 total=0.4334
[TRAIN train_climax_no_minimal_change_s44] [TRAIN] stage=pretrain epoch=1/1 batch=580/3000 step=580 repair=0.02642 localization=0.2964 type=2.091 minimal=0 physics=1.296 total=0.33
[TRAIN train_climax_no_minimal_change_s44] [TRAIN] stage=pretrain epoch=1/1 batch=590/3000 step=590 repair=0.002765 localization=0.2755 type=1.447 minimal=0 physics=0.1722 total=0.3055
[TRAIN train_climax_no_minimal_change_s44] [TRAIN] stage=pretrain epoch=1/1 batch=600/3000 step=600 repair=0.03275 localization=0.4306 type=1.306 minimal=0 physics=1.954 total=0.3041
[TRAIN train_climax_no_minimal_change_s44] [TRAIN] stage=pretrain epoch=1/1 batch=610/3000 step=610 repair=0.003947 localization=0.2041 type=0.9016 minimal=0 physics=0.3858 total=0.1338
[TRAIN train_climax_no_minimal_change_s44] [TRAIN] stage=pretrain epoch=1/1 batch=620/3000 step=620 repair=0.02209 localization=0.2764 type=0.8054 minimal=0 physics=2.02 total=0.2313
[TRAIN train_climax_no_minimal_change_s44] [TRAIN] stage=pretrain epoch=1/1 batch=630/3000 step=630 repair=0.003528 localization=0.2311 type=2.395 minimal=0 physics=0.1123 total=0.4569
[TRAIN train_climax_no_minimal_change_s44] [TRAIN] stage=pretrain epoch=1/1 batch=640/3000 step=640 repair=0.01141 localization=0.3727 type=2.09 minimal=0 physics=0.8519 total=0.435
[TRAIN train_climax_no_minimal_change_s44] [TRAIN] stage=pretrain epoch=1/1 batch=650/3000 step=650 repair=0.02109 localization=0.2742 type=0.5854 minimal=0 physics=1.765 total=0.1953
[TRAIN train_climax_no_minimal_change_s44] [TRAIN] stage=pretrain epoch=1/1 batch=660/3000 step=660 repair=0.003962 localization=0.1862 type=2.467 minimal=0 physics=0.06783 total=0.4388
[TRAIN train_climax_no_minimal_change_s44] [TRAIN] stage=pretrain epoch=1/1 batch=670/3000 step=670 repair=0.002044 localization=0.2799 type=1.561 minimal=0 physics=0.1014 total=0.307
[TRAIN train_climax_no_minimal_change_s44] [TRAIN] stage=pretrain epoch=1/1 batch=680/3000 step=680 repair=0.003057 localization=0.2459 type=2.147 minimal=0 physics=0.158 total=0.4102
[TRAIN train_climax_no_minimal_change_s44] [TRAIN] stage=pretrain epoch=1/1 batch=690/3000 step=690 repair=0.003556 localization=0.3017 type=1.753 minimal=0 physics=0.1645 total=0.3518
[TRAIN train_climax_no_minimal_change_s44] [TRAIN] stage=pretrain epoch=1/1 batch=700/3000 step=700 repair=0.02423 localization=0.3057 type=1.399 minimal=0 physics=1.685 total=0.2789
[TRAIN train_climax_no_minimal_change_s44] [TRAIN] stage=pretrain epoch=1/1 batch=710/3000 step=710 repair=0.002851 localization=0.2615 type=2.069 minimal=0 physics=0.2421 total=0.4395
[TRAIN train_climax_no_minimal_change_s44] [TRAIN] stage=pretrain epoch=1/1 batch=720/3000 step=720 repair=0.005252 localization=0.2307 type=1.182 minimal=0 physics=0.2237 total=0.2663
[TRAIN train_climax_no_minimal_change_s44] [TRAIN] stage=pretrain epoch=1/1 batch=730/3000 step=730 repair=0.006292 localization=0.264 type=1.14 minimal=0 physics=0.4112 total=0.271
[TRAIN train_climax_no_minimal_change_s44] [TRAIN] stage=pretrain epoch=1/1 batch=740/3000 step=740 repair=0.002949 localization=0.2974 type=2.232 minimal=0 physics=0.128 total=0.4708
[TRAIN train_climax_no_minimal_change_s44] [TRAIN] stage=pretrain epoch=1/1 batch=750/3000 step=750 repair=0.007076 localization=0.2163 type=1.882 minimal=0 physics=0.8888 total=0.2613
[TRAIN train_climax_no_minimal_change_s44] [TRAIN] stage=pretrain epoch=1/1 batch=760/3000 step=760 repair=0.003099 localization=0.2444 type=1.616 minimal=0 physics=0.1306 total=0.3574
[TRAIN train_climax_no_minimal_change_s44] [TRAIN] stage=pretrain epoch=1/1 batch=770/3000 step=770 repair=0.005585 localization=0.2211 type=1.735 minimal=0 physics=1.134 total=0.2579
[TRAIN train_climax_no_minimal_change_s44] [TRAIN] stage=pretrain epoch=1/1 batch=780/3000 step=780 repair=0.005354 localization=0.1879 type=1.625 minimal=0 physics=0.2075 total=0.3291
[TRAIN train_climax_no_minimal_change_s44] [TRAIN] stage=pretrain epoch=1/1 batch=790/3000 step=790 repair=0.001852 localization=0.2977 type=1.183 minimal=0 physics=0.076 total=0.2523
[TRAIN train_climax_no_minimal_change_s44] [TRAIN] stage=pretrain epoch=1/1 batch=800/3000 step=800 repair=0.005418 localization=0.2574 type=2.432 minimal=0 physics=0.185 total=0.5002
[TRAIN train_climax_no_minimal_change_s44] [TRAIN] stage=pretrain epoch=1/1 batch=810/3000 step=810 repair=0.003279 localization=0.2334 type=1.708 minimal=0 physics=0.7032 total=0.2326
[TRAIN train_climax_no_minimal_change_s44] [TRAIN] stage=pretrain epoch=1/1 batch=820/3000 step=820 repair=0.01479 localization=0.4809 type=1.46 minimal=0 physics=1.251 total=0.3888
[TRAIN train_climax_no_minimal_change_s44] [TRAIN] stage=pretrain epoch=1/1 batch=830/3000 step=830 repair=0.03302 localization=0.384 type=1.332 minimal=0 physics=1.667 total=0.288
[TRAIN train_climax_no_minimal_change_s44] [TRAIN] stage=pretrain epoch=1/1 batch=840/3000 step=840 repair=0.00329 localization=0.1891 type=1.906 minimal=0 physics=0.2976 total=0.3805
[TRAIN train_climax_no_minimal_change_s44] [TRAIN] stage=pretrain epoch=1/1 batch=850/3000 step=850 repair=0.00942 localization=0.3099 type=1.088 minimal=0 physics=1.028 total=0.2007
[TRAIN train_climax_no_minimal_change_s44] [TRAIN] stage=pretrain epoch=1/1 batch=860/3000 step=860 repair=0.004671 localization=0.295 type=1.56 minimal=0 physics=0.3276 total=0.3462
[TRAIN train_climax_no_minimal_change_s44] [TRAIN] stage=pretrain epoch=1/1 batch=870/3000 step=870 repair=0.02677 localization=0.3018 type=1.388 minimal=0 physics=1.342 total=0.2628
[TRAIN train_climax_no_minimal_change_s44] [TRAIN] stage=pretrain epoch=1/1 batch=880/3000 step=880 repair=0.01205 localization=0.2466 type=1.628 minimal=0 physics=0.1461 total=0.3347
[TRAIN train_climax_no_minimal_change_s44] [TRAIN] stage=pretrain epoch=1/1 batch=890/3000 step=890 repair=0.005713 localization=0.3637 type=1.346 minimal=0 physics=0.1931 total=0.2762
[TRAIN train_climax_no_minimal_change_s44] [TRAIN] stage=pretrain epoch=1/1 batch=900/3000 step=900 repair=0.006631 localization=0.2758 type=1.806 minimal=0 physics=0.5605 total=0.3939
[TRAIN train_climax_no_minimal_change_s44] [TRAIN] stage=pretrain epoch=1/1 batch=910/3000 step=910 repair=0.02347 localization=0.2464 type=1.667 minimal=0 physics=1.306 total=0.2801
[TRAIN train_climax_no_minimal_change_s44] [TRAIN] stage=pretrain epoch=1/1 batch=920/3000 step=920 repair=0.003295 localization=0.3788 type=2.264 minimal=0 physics=0.09549 total=0.4724
[TRAIN train_climax_no_minimal_change_s44] [TRAIN] stage=pretrain epoch=1/1 batch=930/3000 step=930 repair=0.008036 localization=0.2924 type=1.628 minimal=0 physics=0.3734 total=0.3428
[TRAIN train_climax_no_minimal_change_s44] [TRAIN] stage=pretrain epoch=1/1 batch=940/3000 step=940 repair=0.01744 localization=0.298 type=1.821 minimal=0 physics=0.2375 total=0.3827
[TRAIN train_climax_no_minimal_change_s44] [TRAIN] stage=pretrain epoch=1/1 batch=950/3000 step=950 repair=0.00289 localization=0.2768 type=1.834 minimal=0 physics=0.1349 total=0.3596
[TRAIN train_climax_no_minimal_change_s44] [TRAIN] stage=pretrain epoch=1/1 batch=960/3000 step=960 repair=0.009896 localization=0.2875 type=2.088 minimal=0 physics=0.1941 total=0.4253
[TRAIN train_climax_no_minimal_change_s44] [TRAIN] stage=pretrain epoch=1/1 batch=970/3000 step=970 repair=0.003578 localization=0.4025 type=1.29 minimal=0 physics=0.4466 total=0.1951
[TRAIN train_climax_no_minimal_change_s44] [TRAIN] stage=pretrain epoch=1/1 batch=980/3000 step=980 repair=0.01442 localization=0.1761 type=1.791 minimal=0 physics=0.2625 total=0.3752
[TRAIN train_climax_no_minimal_change_s44] [TRAIN] stage=pretrain epoch=1/1 batch=990/3000 step=990 repair=0.003428 localization=0.2715 type=1.238 minimal=0 physics=0.1545 total=0.2653
[TRAIN train_climax_no_minimal_change_s44] [TRAIN] stage=pretrain epoch=1/1 batch=1000/3000 step=1000 repair=0.005681 localization=0.2256 type=1.295 minimal=0 physics=0.125 total=0.2848
[TRAIN train_climax_no_minimal_change_s44] [TRAIN] stage=pretrain epoch=1/1 batch=1010/3000 step=1010 repair=0.003635 localization=0.2961 type=1.816 minimal=0 physics=0.4374 total=0.2368
[TRAIN train_climax_no_minimal_change_s44] [TRAIN] stage=pretrain epoch=1/1 batch=1020/3000 step=1020 repair=0.002827 localization=0.2407 type=1.485 minimal=0 physics=0.0771 total=0.3198
[TRAIN train_climax_no_minimal_change_s44] [TRAIN] stage=pretrain epoch=1/1 batch=1030/3000 step=1030 repair=0.0027 localization=0.4185 type=1.578 minimal=0 physics=0.1191 total=0.3576
[TRAIN train_climax_no_minimal_change_s44] [TRAIN] stage=pretrain epoch=1/1 batch=1040/3000 step=1040 repair=0.00332 localization=0.3213 type=1.237 minimal=0 physics=0.4717 total=0.3
[TRAIN train_climax_no_minimal_change_s44] [TRAIN] stage=pretrain epoch=1/1 batch=1050/3000 step=1050 repair=0.01089 localization=0.3875 type=2.239 minimal=0 physics=1.742 total=0.3607
[TRAIN train_climax_no_minimal_change_s44] [TRAIN] stage=pretrain epoch=1/1 batch=1060/3000 step=1060 repair=0.004949 localization=0.2283 type=1.585 minimal=0 physics=0.4329 total=0.3168
[TRAIN train_climax_no_minimal_change_s44] [TRAIN] stage=pretrain epoch=1/1 batch=1070/3000 step=1070 repair=0.0305 localization=0.3048 type=1.493 minimal=0 physics=2.016 total=0.3111
[TRAIN train_climax_no_minimal_change_s44] [TRAIN] stage=pretrain epoch=1/1 batch=1080/3000 step=1080 repair=0.003206 localization=0.29 type=1.706 minimal=0 physics=0.1352 total=0.3652
[TRAIN train_climax_no_minimal_change_s44] [TRAIN] stage=pretrain epoch=1/1 batch=1090/3000 step=1090 repair=0.008816 localization=0.2992 type=1.711 minimal=0 physics=0.1445 total=0.3614
[TRAIN train_climax_no_minimal_change_s44] [TRAIN] stage=pretrain epoch=1/1 batch=1100/3000 step=1100 repair=0.003141 localization=0.3505 type=1.789 minimal=0 physics=0.1463 total=0.385
[TRAIN train_climax_no_minimal_change_s44] [TRAIN] stage=pretrain epoch=1/1 batch=1110/3000 step=1110 repair=0.004904 localization=0.2641 type=1.926 minimal=0 physics=0.2912 total=0.4061
[TRAIN train_climax_no_minimal_change_s44] [TRAIN] stage=pretrain epoch=1/1 batch=1120/3000 step=1120 repair=0.005286 localization=0.2222 type=2.3 minimal=0 physics=0.1358 total=0.4321
[TRAIN train_climax_no_minimal_change_s44] [TRAIN] stage=pretrain epoch=1/1 batch=1130/3000 step=1130 repair=0.003141 localization=0.3203 type=1.601 minimal=0 physics=0.1183 total=0.3279
[TRAIN train_climax_no_minimal_change_s44] [TRAIN] stage=pretrain epoch=1/1 batch=1140/3000 step=1140 repair=0.005652 localization=0.2755 type=1.489 minimal=0 physics=0.1536 total=0.3109
[TRAIN train_climax_no_minimal_change_s44] [TRAIN] stage=pretrain epoch=1/1 batch=1150/3000 step=1150 repair=0.00318 localization=0.3668 type=1.563 minimal=0 physics=0.2316 total=0.3313
[TRAIN train_climax_no_minimal_change_s44] [TRAIN] stage=pretrain epoch=1/1 batch=1160/3000 step=1160 repair=0.005484 localization=0.2558 type=1.653 minimal=0 physics=0.2229 total=0.3776
[TRAIN train_climax_no_minimal_change_s44] [TRAIN] stage=pretrain epoch=1/1 batch=1170/3000 step=1170 repair=0.008709 localization=0.2256 type=1.605 minimal=0 physics=0.5395 total=0.3749
[TRAIN train_climax_no_minimal_change_s44] [TRAIN] stage=pretrain epoch=1/1 batch=1180/3000 step=1180 repair=0.002065 localization=0.2855 type=1.653 minimal=0 physics=0.06696 total=0.3609
[TRAIN train_climax_no_minimal_change_s44] [TRAIN] stage=pretrain epoch=1/1 batch=1190/3000 step=1190 repair=0.003637 localization=0.2041 type=1.461 minimal=0 physics=0.2285 total=0.3024
[TRAIN train_climax_no_minimal_change_s44] [TRAIN] stage=pretrain epoch=1/1 batch=1200/3000 step=1200 repair=0.003511 localization=0.2578 type=1.96 minimal=0 physics=0.1649 total=0.4167
[TRAIN train_climax_no_minimal_change_s44] [TRAIN] stage=pretrain epoch=1/1 batch=1210/3000 step=1210 repair=0.006679 localization=0.2691 type=1.703 minimal=0 physics=0.233 total=0.3597
[TRAIN train_climax_no_minimal_change_s44] [TRAIN] stage=pretrain epoch=1/1 batch=1220/3000 step=1220 repair=0.005216 localization=0.2532 type=1.779 minimal=0 physics=0.09088 total=0.3521
[TRAIN train_climax_no_minimal_change_s44] [TRAIN] stage=pretrain epoch=1/1 batch=1230/3000 step=1230 repair=0.006975 localization=0.2755 type=1.671 minimal=0 physics=0.1247 total=0.3494
[TRAIN train_climax_no_minimal_change_s44] [TRAIN] stage=pretrain epoch=1/1 batch=1240/3000 step=1240 repair=0.008526 localization=0.315 type=1.755 minimal=0 physics=0.7592 total=0.4004
[TRAIN train_climax_no_minimal_change_s44] [TRAIN] stage=pretrain epoch=1/1 batch=1250/3000 step=1250 repair=0.004779 localization=0.2933 type=1.355 minimal=0 physics=0.1484 total=0.2749
[TRAIN train_climax_no_minimal_change_s44] [TRAIN] stage=pretrain epoch=1/1 batch=1260/3000 step=1260 repair=0.005188 localization=0.2651 type=1.419 minimal=0 physics=0.1063 total=0.2632
[TRAIN train_climax_no_minimal_change_s44] [TRAIN] stage=pretrain epoch=1/1 batch=1270/3000 step=1270 repair=0.00408 localization=0.3358 type=2.265 minimal=0 physics=0.1841 total=0.4377
[TRAIN train_climax_no_minimal_change_s44] [TRAIN] stage=pretrain epoch=1/1 batch=1280/3000 step=1280 repair=0.003506 localization=0.4821 type=2.167 minimal=0 physics=0.1252 total=0.4332
[TRAIN train_climax_no_minimal_change_s44] [TRAIN] stage=pretrain epoch=1/1 batch=1290/3000 step=1290 repair=0.003199 localization=0.2405 type=0.5886 minimal=0 physics=0.3125 total=0.1017
[TRAIN train_climax_no_minimal_change_s44] [TRAIN] stage=pretrain epoch=1/1 batch=1300/3000 step=1300 repair=0.004163 localization=0.2828 type=1.056 minimal=0 physics=0.6654 total=0.1714
[TRAIN train_climax_no_minimal_change_s44] [TRAIN] stage=pretrain epoch=1/1 batch=1310/3000 step=1310 repair=0.007392 localization=0.3639 type=1.672 minimal=0 physics=0.2164 total=0.3515
[TRAIN train_climax_no_minimal_change_s44] [TRAIN] stage=pretrain epoch=1/1 batch=1320/3000 step=1320 repair=0.003485 localization=0.3032 type=1.333 minimal=0 physics=0.691 total=0.2017
[TRAIN train_climax_no_minimal_change_s44] [TRAIN] stage=pretrain epoch=1/1 batch=1330/3000 step=1330 repair=0.004157 localization=0.2769 type=1.559 minimal=0 physics=0.2211 total=0.3238
[TRAIN train_climax_no_minimal_change_s44] [TRAIN] stage=pretrain epoch=1/1 batch=1340/3000 step=1340 repair=0.01716 localization=0.2439 type=1.499 minimal=0 physics=1.038 total=0.2433
[TRAIN train_climax_no_minimal_change_s44] [TRAIN] stage=pretrain epoch=1/1 batch=1350/3000 step=1350 repair=0.002826 localization=0.2165 type=1.6 minimal=0 physics=0.1793 total=0.3313
[TRAIN train_climax_no_minimal_change_s44] [TRAIN] stage=pretrain epoch=1/1 batch=1360/3000 step=1360 repair=0.01275 localization=0.2532 type=1.461 minimal=0 physics=0.1088 total=0.323
[TRAIN train_climax_no_minimal_change_s44] [TRAIN] stage=pretrain epoch=1/1 batch=1370/3000 step=1370 repair=0.003049 localization=0.3166 type=2.068 minimal=0 physics=0.09341 total=0.4303
[TRAIN train_climax_no_minimal_change_s44] [TRAIN] stage=pretrain epoch=1/1 batch=1380/3000 step=1380 repair=0.005542 localization=0.2102 type=1.435 minimal=0 physics=0.1449 total=0.2798
[TRAIN train_climax_no_minimal_change_s44] [TRAIN] stage=pretrain epoch=1/1 batch=1390/3000 step=1390 repair=0.01884 localization=0.4522 type=1.096 minimal=0 physics=0.236 total=0.2696
[TRAIN train_climax_no_minimal_change_s44] [TRAIN] stage=pretrain epoch=1/1 batch=1400/3000 step=1400 repair=0.02133 localization=0.262 type=1.615 minimal=0 physics=1.513 total=0.2847
[TRAIN train_climax_no_minimal_change_s44] [TRAIN] stage=pretrain epoch=1/1 batch=1410/3000 step=1410 repair=0.003499 localization=0.4118 type=0.9075 minimal=0 physics=0.395 total=0.1552
[TRAIN train_climax_no_minimal_change_s44] [TRAIN] stage=pretrain epoch=1/1 batch=1420/3000 step=1420 repair=0.003087 localization=0.1874 type=1.637 minimal=0 physics=0.1504 total=0.3073
[TRAIN train_climax_no_minimal_change_s44] [TRAIN] stage=pretrain epoch=1/1 batch=1430/3000 step=1430 repair=0.03134 localization=0.321 type=0.7761 minimal=0 physics=1.628 total=0.2224
[TRAIN train_climax_no_minimal_change_s44] [TRAIN] stage=pretrain epoch=1/1 batch=1440/3000 step=1440 repair=0.01042 localization=0.1181 type=0.481 minimal=0 physics=2.646 total=0.2299
[TRAIN train_climax_no_minimal_change_s44] [TRAIN] stage=pretrain epoch=1/1 batch=1450/3000 step=1450 repair=0.0342 localization=0.38 type=1.109 minimal=0 physics=2.382 total=0.3022
[TRAIN train_climax_no_minimal_change_s44] [TRAIN] stage=pretrain epoch=1/1 batch=1460/3000 step=1460 repair=0.006201 localization=0.4458 type=0.8745 minimal=0 physics=0.1793 total=0.2246
[TRAIN train_climax_no_minimal_change_s44] [TRAIN] stage=pretrain epoch=1/1 batch=1470/3000 step=1470 repair=0.005668 localization=0.09454 type=1.373 minimal=0 physics=0.6749 total=0.3058
[TRAIN train_climax_no_minimal_change_s44] [TRAIN] stage=pretrain epoch=1/1 batch=1480/3000 step=1480 repair=0.003675 localization=0.2357 type=1.92 minimal=0 physics=0.1313 total=0.4117
[TRAIN train_climax_no_minimal_change_s44] [TRAIN] stage=pretrain epoch=1/1 batch=1490/3000 step=1490 repair=0.004322 localization=0.203 type=1.063 minimal=0 physics=0.2409 total=0.2194
[TRAIN train_climax_no_minimal_change_s44] [TRAIN] stage=pretrain epoch=1/1 batch=1500/3000 step=1500 repair=0.002725 localization=0.3499 type=1.646 minimal=0 physics=0.2267 total=0.3684
[TRAIN train_climax_no_minimal_change_s44] [TRAIN] stage=pretrain epoch=1/1 batch=1510/3000 step=1510 repair=0.002198 localization=0.2661 type=1.533 minimal=0 physics=0.1541 total=0.3136
[TRAIN train_climax_no_minimal_change_s44] [TRAIN] stage=pretrain epoch=1/1 batch=1520/3000 step=1520 repair=0.004021 localization=0.2396 type=2.207 minimal=0 physics=0.09535 total=0.4557
[TRAIN train_climax_no_minimal_change_s44] [TRAIN] stage=pretrain epoch=1/1 batch=1530/3000 step=1530 repair=0.005339 localization=0.2874 type=1.545 minimal=0 physics=0.6313 total=0.2202
[TRAIN train_climax_no_minimal_change_s44] [TRAIN] stage=pretrain epoch=1/1 batch=1540/3000 step=1540 repair=0.004958 localization=0.2823 type=1.477 minimal=0 physics=0.3115 total=0.3078
[TRAIN train_climax_no_minimal_change_s44] [TRAIN] stage=pretrain epoch=1/1 batch=1550/3000 step=1550 repair=0.003639 localization=0.1651 type=1.5 minimal=0 physics=0.1982 total=0.3084
[TRAIN train_climax_no_minimal_change_s44] [TRAIN] stage=pretrain epoch=1/1 batch=1560/3000 step=1560 repair=0.002224 localization=0.3855 type=1.389 minimal=0 physics=0.2444 total=0.3021
[TRAIN train_climax_no_minimal_change_s44] [TRAIN] stage=pretrain epoch=1/1 batch=1570/3000 step=1570 repair=0.0173 localization=0.2325 type=1.002 minimal=0 physics=1.35 total=0.2083
[TRAIN train_climax_no_minimal_change_s44] [TRAIN] stage=pretrain epoch=1/1 batch=1580/3000 step=1580 repair=0.003196 localization=0.2631 type=2.086 minimal=0 physics=0.1213 total=0.4084
[TRAIN train_climax_no_minimal_change_s44] [TRAIN] stage=pretrain epoch=1/1 batch=1590/3000 step=1590 repair=0.0183 localization=0.4268 type=2.104 minimal=0 physics=0.1941 total=0.4433
[TRAIN train_climax_no_minimal_change_s44] [TRAIN] stage=pretrain epoch=1/1 batch=1600/3000 step=1600 repair=0.004169 localization=0.3109 type=0.771 minimal=0 physics=0.5678 total=0.1408
[TRAIN train_climax_no_minimal_change_s44] [TRAIN] stage=pretrain epoch=1/1 batch=1610/3000 step=1610 repair=0.002385 localization=0.2038 type=2.103 minimal=0 physics=0.1203 total=0.3868
[TRAIN train_climax_no_minimal_change_s44] [TRAIN] stage=pretrain epoch=1/1 batch=1620/3000 step=1620 repair=0.008172 localization=0.2414 type=0.7693 minimal=0 physics=0.8987 total=0.1542
[TRAIN train_climax_no_minimal_change_s44] [TRAIN] stage=pretrain epoch=1/1 batch=1630/3000 step=1630 repair=0.004058 localization=0.1528 type=0.8201 minimal=0 physics=0.7056 total=0.1901
[TRAIN train_climax_no_minimal_change_s44] [TRAIN] stage=pretrain epoch=1/1 batch=1640/3000 step=1640 repair=0.002316 localization=0.2511 type=0.9631 minimal=0 physics=0.2495 total=0.1362
[TRAIN train_climax_no_minimal_change_s44] [TRAIN] stage=pretrain epoch=1/1 batch=1650/3000 step=1650 repair=0.002157 localization=0.3121 type=1.631 minimal=0 physics=0.07054 total=0.3209
[TRAIN train_climax_no_minimal_change_s44] [TRAIN] stage=pretrain epoch=1/1 batch=1660/3000 step=1660 repair=0.008987 localization=0.2676 type=1.449 minimal=0 physics=0.849 total=0.3297
[TRAIN train_climax_no_minimal_change_s44] [TRAIN] stage=pretrain epoch=1/1 batch=1670/3000 step=1670 repair=0.003065 localization=0.4347 type=1.478 minimal=0 physics=0.4428 total=0.3239
[TRAIN train_climax_no_minimal_change_s44] [TRAIN] stage=pretrain epoch=1/1 batch=1680/3000 step=1680 repair=0.003217 localization=0.2297 type=2.102 minimal=0 physics=0.1542 total=0.431
[TRAIN train_climax_no_minimal_change_s44] [TRAIN] stage=pretrain epoch=1/1 batch=1690/3000 step=1690 repair=0.02684 localization=0.2771 type=0.9905 minimal=0 physics=1.247 total=0.216
[TRAIN train_climax_no_minimal_change_s44] [TRAIN] stage=pretrain epoch=1/1 batch=1700/3000 step=1700 repair=0.003737 localization=0.2669 type=0.9111 minimal=0 physics=0.4289 total=0.143
[TRAIN train_climax_no_minimal_change_s44] [TRAIN] stage=pretrain epoch=1/1 batch=1710/3000 step=1710 repair=0.006881 localization=0.1662 type=0.1583 minimal=0 physics=0.5666 total=0.07632
[TRAIN train_climax_no_minimal_change_s44] [TRAIN] stage=pretrain epoch=1/1 batch=1720/3000 step=1720 repair=0.006473 localization=0.2488 type=1.01 minimal=0 physics=1.136 total=0.1891
[TRAIN train_climax_no_minimal_change_s44] [TRAIN] stage=pretrain epoch=1/1 batch=1730/3000 step=1730 repair=0.002163 localization=0.2952 type=1.978 minimal=0 physics=0.1197 total=0.3822
[TRAIN train_climax_no_minimal_change_s44] [TRAIN] stage=pretrain epoch=1/1 batch=1740/3000 step=1740 repair=0.003023 localization=0.3007 type=1.667 minimal=0 physics=0.5305 total=0.2264
[TRAIN train_climax_no_minimal_change_s44] [TRAIN] stage=pretrain epoch=1/1 batch=1750/3000 step=1750 repair=0.003117 localization=0.2753 type=1.059 minimal=0 physics=0.1934 total=0.2447
[TRAIN train_climax_no_minimal_change_s44] [TRAIN] stage=pretrain epoch=1/1 batch=1760/3000 step=1760 repair=0.002934 localization=0.3303 type=2.665 minimal=0 physics=0.1023 total=0.5408
[TRAIN train_climax_no_minimal_change_s44] [TRAIN] stage=pretrain epoch=1/1 batch=1770/3000 step=1770 repair=0.005098 localization=0.2688 type=1.831 minimal=0 physics=0.1288 total=0.3885
[TRAIN train_climax_no_minimal_change_s44] [TRAIN] stage=pretrain epoch=1/1 batch=1780/3000 step=1780 repair=0.004381 localization=0.2275 type=1.738 minimal=0 physics=0.08966 total=0.3518
[TRAIN train_climax_no_minimal_change_s44] [TRAIN] stage=pretrain epoch=1/1 batch=1790/3000 step=1790 repair=0.01115 localization=0.2751 type=1.594 minimal=0 physics=0.8835 total=0.3625
[TRAIN train_climax_no_minimal_change_s44] [TRAIN] stage=pretrain epoch=1/1 batch=1800/3000 step=1800 repair=0.002083 localization=0.409 type=1.288 minimal=0 physics=0.1406 total=0.2707
[TRAIN train_climax_no_minimal_change_s44] [TRAIN] stage=pretrain epoch=1/1 batch=1810/3000 step=1810 repair=0.004654 localization=0.2857 type=2.047 minimal=0 physics=0.07862 total=0.3881
[TRAIN train_climax_no_minimal_change_s44] [TRAIN] stage=pretrain epoch=1/1 batch=1820/3000 step=1820 repair=0.003511 localization=0.3667 type=1.059 minimal=0 physics=0.8733 total=0.1897
[TRAIN train_climax_no_minimal_change_s44] [TRAIN] stage=pretrain epoch=1/1 batch=1830/3000 step=1830 repair=0.003056 localization=0.1686 type=3.586 minimal=0 physics=0.1378 total=0.7172
[TRAIN train_climax_no_minimal_change_s44] [TRAIN] stage=pretrain epoch=1/1 batch=1840/3000 step=1840 repair=0.0259 localization=0.3716 type=1.954 minimal=0 physics=0.1704 total=0.4179
[TRAIN train_climax_no_minimal_change_s44] [TRAIN] stage=pretrain epoch=1/1 batch=1850/3000 step=1850 repair=0.02438 localization=0.2902 type=1.189 minimal=0 physics=2.164 total=0.2806
[TRAIN train_climax_no_minimal_change_s44] [TRAIN] stage=pretrain epoch=1/1 batch=1860/3000 step=1860 repair=0.002147 localization=0.2666 type=1.949 minimal=0 physics=0.09276 total=0.372
[TRAIN train_climax_no_minimal_change_s44] [TRAIN] stage=pretrain epoch=1/1 batch=1870/3000 step=1870 repair=0.003518 localization=0.3456 type=1.058 minimal=0 physics=0.5734 total=0.1725
[TRAIN train_climax_no_minimal_change_s44] [TRAIN] stage=pretrain epoch=1/1 batch=1880/3000 step=1880 repair=0.002834 localization=0.138 type=0.2604 minimal=0 physics=0.3288 total=0.07874
[TRAIN train_climax_no_minimal_change_s44] [TRAIN] stage=pretrain epoch=1/1 batch=1890/3000 step=1890 repair=0.0162 localization=0.3388 type=1.323 minimal=0 physics=0.1149 total=0.2939
[TRAIN train_climax_no_minimal_change_s44] [TRAIN] stage=pretrain epoch=1/1 batch=1900/3000 step=1900 repair=0.003419 localization=0.2935 type=1.705 minimal=0 physics=0.2723 total=0.3744
[TRAIN train_climax_no_minimal_change_s44] [TRAIN] stage=pretrain epoch=1/1 batch=1910/3000 step=1910 repair=0.005591 localization=0.2813 type=1.431 minimal=0 physics=0.1245 total=0.2951
[TRAIN train_climax_no_minimal_change_s44] [TRAIN] stage=pretrain epoch=1/1 batch=1920/3000 step=1920 repair=0.003431 localization=0.3315 type=1.203 minimal=0 physics=0.385 total=0.2689
[TRAIN train_climax_no_minimal_change_s44] [TRAIN] stage=pretrain epoch=1/1 batch=1930/3000 step=1930 repair=0.002671 localization=0.2505 type=1.599 minimal=0 physics=0.4028 total=0.2078
[TRAIN train_climax_no_minimal_change_s44] [TRAIN] stage=pretrain epoch=1/1 batch=1940/3000 step=1940 repair=0.004459 localization=0.4105 type=1.216 minimal=0 physics=0.2549 total=0.1799
[TRAIN train_climax_no_minimal_change_s44] [TRAIN] stage=pretrain epoch=1/1 batch=1950/3000 step=1950 repair=0.02189 localization=0.4571 type=1.44 minimal=0 physics=2.394 total=0.4017
[TRAIN train_climax_no_minimal_change_s44] [TRAIN] stage=pretrain epoch=1/1 batch=1960/3000 step=1960 repair=0.007313 localization=0.259 type=2.355 minimal=0 physics=0.2026 total=0.4647
[TRAIN train_climax_no_minimal_change_s44] [TRAIN] stage=pretrain epoch=1/1 batch=1970/3000 step=1970 repair=0.008108 localization=0.4511 type=1.864 minimal=0 physics=0.1056 total=0.3756
[TRAIN train_climax_no_minimal_change_s44] [TRAIN] stage=pretrain epoch=1/1 batch=1980/3000 step=1980 repair=0.002239 localization=0.3255 type=1.706 minimal=0 physics=0.1611 total=0.3699
[TRAIN train_climax_no_minimal_change_s44] [TRAIN] stage=pretrain epoch=1/1 batch=1990/3000 step=1990 repair=0.003819 localization=0.3489 type=1.32 minimal=0 physics=0.1191 total=0.3058
[TRAIN train_climax_no_minimal_change_s44] [TRAIN] stage=pretrain epoch=1/1 batch=2000/3000 step=2000 repair=0.009657 localization=0.3362 type=1.338 minimal=0 physics=0.9437 total=0.2243
[TRAIN train_climax_no_minimal_change_s44] [TRAIN] stage=pretrain epoch=1/1 batch=2010/3000 step=2010 repair=0.009244 localization=0.3421 type=1.775 minimal=0 physics=0.08301 total=0.3549
[TRAIN train_climax_no_minimal_change_s44] [TRAIN] stage=pretrain epoch=1/1 batch=2020/3000 step=2020 repair=0.005488 localization=0.3503 type=1.759 minimal=0 physics=0.141 total=0.3533
[TRAIN train_climax_no_minimal_change_s44] [TRAIN] stage=pretrain epoch=1/1 batch=2030/3000 step=2030 repair=0.001379 localization=0.2216 type=2.272 minimal=0 physics=0.09946 total=0.4645
[TRAIN train_climax_no_minimal_change_s44] [TRAIN] stage=pretrain epoch=1/1 batch=2040/3000 step=2040 repair=0.003842 localization=0.1043 type=0.03814 minimal=0 physics=0.908 total=0.06593
[TRAIN train_climax_no_minimal_change_s44] [TRAIN] stage=pretrain epoch=1/1 batch=2050/3000 step=2050 repair=0.002416 localization=0.1983 type=2.786 minimal=0 physics=0.2438 total=0.5585
[TRAIN train_climax_no_minimal_change_s44] [TRAIN] stage=pretrain epoch=1/1 batch=2060/3000 step=2060 repair=0.005571 localization=0.2947 type=1.788 minimal=0 physics=0.3175 total=0.3821
[TRAIN train_climax_no_minimal_change_s44] [TRAIN] stage=pretrain epoch=1/1 batch=2070/3000 step=2070 repair=0.003122 localization=0.3504 type=1.791 minimal=0 physics=0.3799 total=0.4298
[TRAIN train_climax_no_minimal_change_s44] [TRAIN] stage=pretrain epoch=1/1 batch=2080/3000 step=2080 repair=0.002923 localization=0.3977 type=1.352 minimal=0 physics=0.424 total=0.1991
[TRAIN train_climax_no_minimal_change_s44] [TRAIN] stage=pretrain epoch=1/1 batch=2090/3000 step=2090 repair=0.002682 localization=0.07242 type=0.07292 minimal=0 physics=0.2856 total=0.03776
[TRAIN train_climax_no_minimal_change_s44] [TRAIN] stage=pretrain epoch=1/1 batch=2100/3000 step=2100 repair=0.002509 localization=0.326 type=1.142 minimal=0 physics=0.4545 total=0.172
[TRAIN train_climax_no_minimal_change_s44] [TRAIN] stage=pretrain epoch=1/1 batch=2110/3000 step=2110 repair=0.009422 localization=0.3646 type=1.384 minimal=0 physics=1.48 total=0.2583
[TRAIN train_climax_no_minimal_change_s44] [TRAIN] stage=pretrain epoch=1/1 batch=2120/3000 step=2120 repair=0.004701 localization=0.3601 type=0.9353 minimal=0 physics=0.5341 total=0.1609
[TRAIN train_climax_no_minimal_change_s44] [TRAIN] stage=pretrain epoch=1/1 batch=2130/3000 step=2130 repair=0.002766 localization=0.2665 type=4.303 minimal=0 physics=0.2222 total=0.868
[TRAIN train_climax_no_minimal_change_s44] [TRAIN] stage=pretrain epoch=1/1 batch=2140/3000 step=2140 repair=0.002277 localization=0.06431 type=0.02032 minimal=0 physics=0.3078 total=0.02774
[TRAIN train_climax_no_minimal_change_s44] [TRAIN] stage=pretrain epoch=1/1 batch=2150/3000 step=2150 repair=0.002228 localization=0.07318 type=0.02054 minimal=0 physics=0.4367 total=0.03525
[TRAIN train_climax_no_minimal_change_s44] [TRAIN] stage=pretrain epoch=1/1 batch=2160/3000 step=2160 repair=0.006491 localization=0.371 type=0.8408 minimal=0 physics=0.104 total=0.2246
[TRAIN train_climax_no_minimal_change_s44] [TRAIN] stage=pretrain epoch=1/1 batch=2170/3000 step=2170 repair=0.002612 localization=0.2557 type=2.08 minimal=0 physics=0.2123 total=0.4612
[TRAIN train_climax_no_minimal_change_s44] [TRAIN] stage=pretrain epoch=1/1 batch=2180/3000 step=2180 repair=0.008933 localization=0.2571 type=2.103 minimal=0 physics=0.2954 total=0.4686
[TRAIN train_climax_no_minimal_change_s44] [TRAIN] stage=pretrain epoch=1/1 batch=2190/3000 step=2190 repair=0.005211 localization=0.2852 type=1.027 minimal=0 physics=0.288 total=0.1508
[TRAIN train_climax_no_minimal_change_s44] [TRAIN] stage=pretrain epoch=1/1 batch=2200/3000 step=2200 repair=0.004268 localization=0.2504 type=1.515 minimal=0 physics=0.1507 total=0.28
[TRAIN train_climax_no_minimal_change_s44] [TRAIN] stage=pretrain epoch=1/1 batch=2210/3000 step=2210 repair=0.001735 localization=0.2042 type=1.982 minimal=0 physics=0.1824 total=0.4126
[TRAIN train_climax_no_minimal_change_s44] [TRAIN] stage=pretrain epoch=1/1 batch=2220/3000 step=2220 repair=0.002223 localization=0.2102 type=1.947 minimal=0 physics=0.08681 total=0.3732
[TRAIN train_climax_no_minimal_change_s44] [TRAIN] stage=pretrain epoch=1/1 batch=2230/3000 step=2230 repair=0.002906 localization=0.06225 type=0.01511 minimal=0 physics=0.4233 total=0.03284
[TRAIN train_climax_no_minimal_change_s44] [TRAIN] stage=pretrain epoch=1/1 batch=2240/3000 step=2240 repair=0.001811 localization=0.2633 type=1.585 minimal=0 physics=0.1011 total=0.321
[TRAIN train_climax_no_minimal_change_s44] [TRAIN] stage=pretrain epoch=1/1 batch=2250/3000 step=2250 repair=0.01282 localization=0.2024 type=1.32 minimal=0 physics=0.7831 total=0.2042
[TRAIN train_climax_no_minimal_change_s44] [TRAIN] stage=pretrain epoch=1/1 batch=2260/3000 step=2260 repair=0.002368 localization=0.3653 type=2.297 minimal=0 physics=0.0845 total=0.4423
[TRAIN train_climax_no_minimal_change_s44] [TRAIN] stage=pretrain epoch=1/1 batch=2270/3000 step=2270 repair=0.003426 localization=0.2064 type=1.506 minimal=0 physics=0.2949 total=0.1894
[TRAIN train_climax_no_minimal_change_s44] [TRAIN] stage=pretrain epoch=1/1 batch=2280/3000 step=2280 repair=0.01003 localization=0.2807 type=1.009 minimal=0 physics=0.1344 total=0.2127
[TRAIN train_climax_no_minimal_change_s44] [TRAIN] stage=pretrain epoch=1/1 batch=2290/3000 step=2290 repair=0.003963 localization=0.1589 type=2.771 minimal=0 physics=0.1666 total=0.5639
[TRAIN train_climax_no_minimal_change_s44] [TRAIN] stage=pretrain epoch=1/1 batch=2300/3000 step=2300 repair=0.003264 localization=0.332 type=1.864 minimal=0 physics=0.1318 total=0.3828
[TRAIN train_climax_no_minimal_change_s44] [TRAIN] stage=pretrain epoch=1/1 batch=2310/3000 step=2310 repair=0.01567 localization=0.214 type=0.9309 minimal=0 physics=1.021 total=0.1812
[TRAIN train_climax_no_minimal_change_s44] [TRAIN] stage=pretrain epoch=1/1 batch=2320/3000 step=2320 repair=0.0121 localization=0.3171 type=1.86 minimal=0 physics=0.09768 total=0.3708
[TRAIN train_climax_no_minimal_change_s44] [TRAIN] stage=pretrain epoch=1/1 batch=2330/3000 step=2330 repair=0.00206 localization=0.2021 type=0.9746 minimal=0 physics=0.1563 total=0.1773
[TRAIN train_climax_no_minimal_change_s44] [TRAIN] stage=pretrain epoch=1/1 batch=2340/3000 step=2340 repair=0.001711 localization=0.4118 type=0.1305 minimal=0 physics=0.1524 total=0.07219
[TRAIN train_climax_no_minimal_change_s44] [TRAIN] stage=pretrain epoch=1/1 batch=2350/3000 step=2350 repair=0.01521 localization=0.4581 type=3.41 minimal=0 physics=0.1627 total=0.7709
[TRAIN train_climax_no_minimal_change_s44] [TRAIN] stage=pretrain epoch=1/1 batch=2360/3000 step=2360 repair=0.001785 localization=0.2818 type=0.7205 minimal=0 physics=0.07902 total=0.1741
[TRAIN train_climax_no_minimal_change_s44] [TRAIN] stage=pretrain epoch=1/1 batch=2370/3000 step=2370 repair=0.008933 localization=0.3566 type=2.15 minimal=0 physics=0.07271 total=0.4433
[TRAIN train_climax_no_minimal_change_s44] [TRAIN] stage=pretrain epoch=1/1 batch=2380/3000 step=2380 repair=0.006371 localization=0.2348 type=0.7827 minimal=0 physics=1.092 total=0.1627
[TRAIN train_climax_no_minimal_change_s44] [TRAIN] stage=pretrain epoch=1/1 batch=2390/3000 step=2390 repair=0.004299 localization=0.06171 type=0.01142 minimal=0 physics=0.3048 total=0.02772
[TRAIN train_climax_no_minimal_change_s44] [TRAIN] stage=pretrain epoch=1/1 batch=2400/3000 step=2400 repair=0.00306 localization=0.1832 type=0.9849 minimal=0 physics=0.5321 total=0.1465
[TRAIN train_climax_no_minimal_change_s44] [TRAIN] stage=pretrain epoch=1/1 batch=2410/3000 step=2410 repair=0.005064 localization=0.3512 type=1.524 minimal=0 physics=0.1621 total=0.3158
[TRAIN train_climax_no_minimal_change_s44] [TRAIN] stage=pretrain epoch=1/1 batch=2420/3000 step=2420 repair=0.006043 localization=0.2265 type=1.388 minimal=0 physics=0.1739 total=0.2754
[TRAIN train_climax_no_minimal_change_s44] [TRAIN] stage=pretrain epoch=1/1 batch=2430/3000 step=2430 repair=0.002673 localization=0.2286 type=1.124 minimal=0 physics=0.1757 total=0.2384
[TRAIN train_climax_no_minimal_change_s44] [TRAIN] stage=pretrain epoch=1/1 batch=2440/3000 step=2440 repair=0.004952 localization=0.267 type=1.757 minimal=0 physics=0.1447 total=0.3464
[TRAIN train_climax_no_minimal_change_s44] [TRAIN] stage=pretrain epoch=1/1 batch=2450/3000 step=2450 repair=0.007052 localization=0.3387 type=1.698 minimal=0 physics=0.1613 total=0.3184
[TRAIN train_climax_no_minimal_change_s44] [TRAIN] stage=pretrain epoch=1/1 batch=2460/3000 step=2460 repair=0.001533 localization=0.2937 type=1.359 minimal=0 physics=0.05319 total=0.2626
[TRAIN train_climax_no_minimal_change_s44] [TRAIN] stage=pretrain epoch=1/1 batch=2470/3000 step=2470 repair=0.002219 localization=0.06596 type=0.01157 minimal=0 physics=0.3483 total=0.02842
[TRAIN train_climax_no_minimal_change_s44] [TRAIN] stage=pretrain epoch=1/1 batch=2480/3000 step=2480 repair=0.002701 localization=0.4184 type=1.504 minimal=0 physics=0.6562 total=0.2277
[TRAIN train_climax_no_minimal_change_s44] [TRAIN] stage=pretrain epoch=1/1 batch=2490/3000 step=2490 repair=0.009203 localization=0.2845 type=1.978 minimal=0 physics=0.07247 total=0.4198
[TRAIN train_climax_no_minimal_change_s44] [TRAIN] stage=pretrain epoch=1/1 batch=2500/3000 step=2500 repair=0.003644 localization=0.2285 type=2.913 minimal=0 physics=0.162 total=0.5942
[TRAIN train_climax_no_minimal_change_s44] [TRAIN] stage=pretrain epoch=1/1 batch=2510/3000 step=2510 repair=0.004111 localization=0.4081 type=2.361 minimal=0 physics=0.137 total=0.4943
[TRAIN train_climax_no_minimal_change_s44] [TRAIN] stage=pretrain epoch=1/1 batch=2520/3000 step=2520 repair=0.003608 localization=0.04888 type=0.007831 minimal=0 physics=0.1994 total=0.0199
[TRAIN train_climax_no_minimal_change_s44] [TRAIN] stage=pretrain epoch=1/1 batch=2530/3000 step=2530 repair=0.002999 localization=0.3782 type=0.8083 minimal=0 physics=0.6988 total=0.1566
[TRAIN train_climax_no_minimal_change_s44] [TRAIN] stage=pretrain epoch=1/1 batch=2540/3000 step=2540 repair=0.008547 localization=0.3962 type=1.407 minimal=0 physics=0.2021 total=0.2791
[TRAIN train_climax_no_minimal_change_s44] [TRAIN] stage=pretrain epoch=1/1 batch=2550/3000 step=2550 repair=0.02724 localization=0.3563 type=0.7488 minimal=0 physics=2.614 total=0.2685
[TRAIN train_climax_no_minimal_change_s44] [TRAIN] stage=pretrain epoch=1/1 batch=2560/3000 step=2560 repair=0.005204 localization=0.33 type=1.848 minimal=0 physics=0.5508 total=0.3567
[TRAIN train_climax_no_minimal_change_s44] [TRAIN] stage=pretrain epoch=1/1 batch=2570/3000 step=2570 repair=0.01802 localization=0.245 type=0.7388 minimal=0 physics=0.9341 total=0.1631
[TRAIN train_climax_no_minimal_change_s44] [TRAIN] stage=pretrain epoch=1/1 batch=2580/3000 step=2580 repair=0.006879 localization=0.2438 type=0.5784 minimal=0 physics=0.7302 total=0.1256
[TRAIN train_climax_no_minimal_change_s44] [TRAIN] stage=pretrain epoch=1/1 batch=2590/3000 step=2590 repair=0.002291 localization=0.3862 type=1.849 minimal=0 physics=0.1364 total=0.3127
[TRAIN train_climax_no_minimal_change_s44] [TRAIN] stage=pretrain epoch=1/1 batch=2600/3000 step=2600 repair=0.002754 localization=0.3234 type=0.7761 minimal=0 physics=0.2509 total=0.1873
[TRAIN train_climax_no_minimal_change_s44] [TRAIN] stage=pretrain epoch=1/1 batch=2610/3000 step=2610 repair=0.002962 localization=0.2951 type=1.206 minimal=0 physics=0.1748 total=0.2524
[TRAIN train_climax_no_minimal_change_s44] [TRAIN] stage=pretrain epoch=1/1 batch=2620/3000 step=2620 repair=0.002529 localization=0.03565 type=0.001036 minimal=0 physics=0.5119 total=0.03186
[TRAIN train_climax_no_minimal_change_s44] [TRAIN] stage=pretrain epoch=1/1 batch=2630/3000 step=2630 repair=0.001394 localization=0.2553 type=2.029 minimal=0 physics=0.05173 total=0.3532
[TRAIN train_climax_no_minimal_change_s44] [TRAIN] stage=pretrain epoch=1/1 batch=2640/3000 step=2640 repair=0.002028 localization=0.3423 type=4.412 minimal=0 physics=0.3795 total=0.9253
[TRAIN train_climax_no_minimal_change_s44] [TRAIN] stage=pretrain epoch=1/1 batch=2650/3000 step=2650 repair=0.001558 localization=0.1044 type=0.4713 minimal=0 physics=0.1643 total=0.1103
[TRAIN train_climax_no_minimal_change_s44] [TRAIN] stage=pretrain epoch=1/1 batch=2660/3000 step=2660 repair=0.002563 localization=0.3282 type=1.943 minimal=0 physics=0.122 total=0.3624
[TRAIN train_climax_no_minimal_change_s44] [TRAIN] stage=pretrain epoch=1/1 batch=2670/3000 step=2670 repair=0.007666 localization=0.2924 type=0.9009 minimal=0 physics=0.8481 total=0.1694
[TRAIN train_climax_no_minimal_change_s44] [TRAIN] stage=pretrain epoch=1/1 batch=2680/3000 step=2680 repair=0.004758 localization=0.2439 type=1.782 minimal=0 physics=0.06244 total=0.3304
[TRAIN train_climax_no_minimal_change_s44] [TRAIN] stage=pretrain epoch=1/1 batch=2690/3000 step=2690 repair=0.04459 localization=0.4766 type=0.8372 minimal=0 physics=1.664 total=0.2591
[TRAIN train_climax_no_minimal_change_s44] [TRAIN] stage=pretrain epoch=1/1 batch=2700/3000 step=2700 repair=0.003836 localization=0.3464 type=1.717 minimal=0 physics=0.1544 total=0.3054
[TRAIN train_climax_no_minimal_change_s44] [TRAIN] stage=pretrain epoch=1/1 batch=2710/3000 step=2710 repair=0.00148 localization=0.3251 type=1.398 minimal=0 physics=0.07967 total=0.246
[TRAIN train_climax_no_minimal_change_s44] [TRAIN] stage=pretrain epoch=1/1 batch=2720/3000 step=2720 repair=0.001113 localization=0.02128 type=0.004529 minimal=0 physics=0.2162 total=0.01485
[TRAIN train_climax_no_minimal_change_s44] [TRAIN] stage=pretrain epoch=1/1 batch=2730/3000 step=2730 repair=0.002817 localization=0.3982 type=0.6074 minimal=0 physics=0.07257 total=0.1274
[TRAIN train_climax_no_minimal_change_s44] [TRAIN] stage=pretrain epoch=1/1 batch=2740/3000 step=2740 repair=0.001652 localization=0.2606 type=0.5457 minimal=0 physics=0.2141 total=0.1406
[TRAIN train_climax_no_minimal_change_s44] [TRAIN] stage=pretrain epoch=1/1 batch=2750/3000 step=2750 repair=0.00234 localization=0.4007 type=5.382 minimal=0 physics=1.035 total=0.6324
[TRAIN train_climax_no_minimal_change_s44] [TRAIN] stage=pretrain epoch=1/1 batch=2760/3000 step=2760 repair=0.01509 localization=0.3448 type=2.117 minimal=0 physics=0.7727 total=0.467
[TRAIN train_climax_no_minimal_change_s44] [TRAIN] stage=pretrain epoch=1/1 batch=2770/3000 step=2770 repair=0.003421 localization=0.06053 type=0.1557 minimal=0 physics=0.4008 total=0.05427
[TRAIN train_climax_no_minimal_change_s44] [TRAIN] stage=pretrain epoch=1/1 batch=2780/3000 step=2780 repair=0.01479 localization=0.3729 type=1.43 minimal=0 physics=1.109 total=0.351
[TRAIN train_climax_no_minimal_change_s44] [TRAIN] stage=pretrain epoch=1/1 batch=2790/3000 step=2790 repair=0.02225 localization=0.2715 type=1.459 minimal=0 physics=1.003 total=0.2454
[TRAIN train_climax_no_minimal_change_s44] [TRAIN] stage=pretrain epoch=1/1 batch=2800/3000 step=2800 repair=0.001651 localization=0.3679 type=1.749 minimal=0 physics=0.08258 total=0.3831
[TRAIN train_climax_no_minimal_change_s44] [TRAIN] stage=pretrain epoch=1/1 batch=2810/3000 step=2810 repair=0.001947 localization=0.03491 type=0.02356 minimal=0 physics=0.2299 total=0.02053
[TRAIN train_climax_no_minimal_change_s44] [TRAIN] stage=pretrain epoch=1/1 batch=2820/3000 step=2820 repair=0.001773 localization=0.1825 type=1.594 minimal=0 physics=0.07573 total=0.2904
[TRAIN train_climax_no_minimal_change_s44] [TRAIN] stage=pretrain epoch=1/1 batch=2830/3000 step=2830 repair=0.00195 localization=0.2872 type=1.333 minimal=0 physics=0.4223 total=0.1851
[TRAIN train_climax_no_minimal_change_s44] [TRAIN] stage=pretrain epoch=1/1 batch=2840/3000 step=2840 repair=0.002365 localization=0.2022 type=1.443 minimal=0 physics=0.6595 total=0.1999
[TRAIN train_climax_no_minimal_change_s44] [TRAIN] stage=pretrain epoch=1/1 batch=2850/3000 step=2850 repair=0.01722 localization=0.2183 type=1.446 minimal=0 physics=1.358 total=0.2516
[TRAIN train_climax_no_minimal_change_s44] [TRAIN] stage=pretrain epoch=1/1 batch=2860/3000 step=2860 repair=0.002027 localization=0.3031 type=1.472 minimal=0 physics=0.1573 total=0.2939
[TRAIN train_climax_no_minimal_change_s44] [TRAIN] stage=pretrain epoch=1/1 batch=2870/3000 step=2870 repair=0.002447 localization=0.3924 type=1.811 minimal=0 physics=0.08818 total=0.3617
[TRAIN train_climax_no_minimal_change_s44] [TRAIN] stage=pretrain epoch=1/1 batch=2880/3000 step=2880 repair=0.002745 localization=0.2771 type=1.72 minimal=0 physics=0.1375 total=0.3431
[TRAIN train_climax_no_minimal_change_s44] [TRAIN] stage=pretrain epoch=1/1 batch=2890/3000 step=2890 repair=0.002587 localization=0.2199 type=1.449 minimal=0 physics=0.09718 total=0.2845
[TRAIN train_climax_no_minimal_change_s44] [TRAIN] stage=pretrain epoch=1/1 batch=2900/3000 step=2900 repair=0.0035 localization=0.02148 type=3.719e-05 minimal=0 physics=0.41 total=0.02615
[TRAIN train_climax_no_minimal_change_s44] [TRAIN] stage=pretrain epoch=1/1 batch=2910/3000 step=2910 repair=0.002932 localization=0.2739 type=0.7559 minimal=0 physics=0.4066 total=0.1262
[TRAIN train_climax_no_minimal_change_s44] [TRAIN] stage=pretrain epoch=1/1 batch=2920/3000 step=2920 repair=0.006551 localization=0.3422 type=2.048 minimal=0 physics=0.2507 total=0.4032
[TRAIN train_climax_no_minimal_change_s44] [TRAIN] stage=pretrain epoch=1/1 batch=2930/3000 step=2930 repair=0.005499 localization=0.2111 type=1.274 minimal=0 physics=0.8343 total=0.1958
[TRAIN train_climax_no_minimal_change_s44] [TRAIN] stage=pretrain epoch=1/1 batch=2940/3000 step=2940 repair=0.005959 localization=0.4004 type=1.045 minimal=0 physics=0.2049 total=0.2371
[TRAIN train_climax_no_minimal_change_s44] [TRAIN] stage=pretrain epoch=1/1 batch=2950/3000 step=2950 repair=0.003539 localization=0.274 type=1.401 minimal=0 physics=0.2946 total=0.2979
[TRAIN train_climax_no_minimal_change_s44] [TRAIN] stage=pretrain epoch=1/1 batch=2960/3000 step=2960 repair=0.002588 localization=0.03285 type=0.0003332 minimal=0 physics=0.3455 total=0.0232
[TRAIN train_climax_no_minimal_change_s44] [TRAIN] stage=pretrain epoch=1/1 batch=2970/3000 step=2970 repair=0.00364 localization=0.2764 type=1.996 minimal=0 physics=0.1767 total=0.4258
[TRAIN train_climax_no_minimal_change_s44] [TRAIN] stage=pretrain epoch=1/1 batch=2980/3000 step=2980 repair=0.001659 localization=0.0265 type=0.0003771 minimal=0 physics=0.2406 total=0.0164
[TRAIN train_climax_no_minimal_change_s44] [TRAIN] stage=pretrain epoch=1/1 batch=2990/3000 step=2990 repair=0.004505 localization=0.3498 type=1.109 minimal=0 physics=0.1213 total=0.2512
[TRAIN train_climax_no_minimal_change_s44] [TRAIN] stage=pretrain epoch=1/1 batch=3000/3000 step=3000 repair=0.04183 localization=0.4938 type=1.522 minimal=0 physics=1.297 total=0.3083
[TRAIN train_climax_no_minimal_change_s44] [EPOCH] {'stage': 'pretrain', 'epoch': 0, 'global_step': 3000, 'train_total': 0.3130739775268982, 'val_repair_mse': 0.1300564305856824, 'elapsed_seconds': 1851.02}
[TRAIN train_climax_no_minimal_change_s44] [BEST] val_repair_mse=0.130056
[TRAIN train_climax_no_minimal_change_s44] [STAGE] finetune epochs=1 start_epoch=0
[TRAIN train_climax_no_minimal_change_s44] [TRAIN] stage=finetune epoch=1/1 batch=10/3000 step=3010 repair=0.128 localization=0 type=0 minimal=0 physics=0.4868 total=0.1523
[TRAIN train_climax_no_minimal_change_s44] [TRAIN] stage=finetune epoch=1/1 batch=20/3000 step=3020 repair=0.1193 localization=0 type=0 minimal=0 physics=0.4906 total=0.1438
[TRAIN train_climax_no_minimal_change_s44] [TRAIN] stage=finetune epoch=1/1 batch=30/3000 step=3030 repair=0.09551 localization=0 type=0 minimal=0 physics=0.4592 total=0.1185
[TRAIN train_climax_no_minimal_change_s44] [TRAIN] stage=finetune epoch=1/1 batch=40/3000 step=3040 repair=0.1509 localization=0 type=0 minimal=0 physics=0.5861 total=0.1802
[TRAIN train_climax_no_minimal_change_s44] [TRAIN] stage=finetune epoch=1/1 batch=50/3000 step=3050 repair=0.1645 localization=0 type=0 minimal=0 physics=0.5705 total=0.1931
[TRAIN train_climax_no_minimal_change_s44] [TRAIN] stage=finetune epoch=1/1 batch=60/3000 step=3060 repair=0.1011 localization=0 type=0 minimal=0 physics=0.5088 total=0.1265
[TRAIN train_climax_no_minimal_change_s44] [TRAIN] stage=finetune epoch=1/1 batch=70/3000 step=3070 repair=0.09321 localization=0 type=0 minimal=0 physics=0.5642 total=0.1214
[TRAIN train_climax_no_minimal_change_s44] [TRAIN] stage=finetune epoch=1/1 batch=80/3000 step=3080 repair=0.1247 localization=0 type=0 minimal=0 physics=0.5363 total=0.1515
[TRAIN train_climax_no_minimal_change_s44] [TRAIN] stage=finetune epoch=1/1 batch=90/3000 step=3090 repair=0.133 localization=0 type=0 minimal=0 physics=0.8458 total=0.1753
[TRAIN train_climax_no_minimal_change_s44] [TRAIN] stage=finetune epoch=1/1 batch=100/3000 step=3100 repair=0.1012 localization=0 type=0 minimal=0 physics=0.4994 total=0.1262
[TRAIN train_climax_no_minimal_change_s44] [TRAIN] stage=finetune epoch=1/1 batch=110/3000 step=3110 repair=0.129 localization=0 type=0 minimal=0 physics=0.8027 total=0.1691
[TRAIN train_climax_no_minimal_change_s44] [TRAIN] stage=finetune epoch=1/1 batch=120/3000 step=3120 repair=0.1648 localization=0 type=0 minimal=0 physics=0.6734 total=0.1985
[TRAIN train_climax_no_minimal_change_s44] [TRAIN] stage=finetune epoch=1/1 batch=130/3000 step=3130 repair=0.09676 localization=0 type=0 minimal=0 physics=0.5027 total=0.1219
[TRAIN train_climax_no_minimal_change_s44] [TRAIN] stage=finetune epoch=1/1 batch=140/3000 step=3140 repair=0.1227 localization=0 type=0 minimal=0 physics=0.4969 total=0.1476
[TRAIN train_climax_no_minimal_change_s44] [TRAIN] stage=finetune epoch=1/1 batch=150/3000 step=3150 repair=0.09191 localization=0 type=0 minimal=0 physics=0.5254 total=0.1182
[TRAIN train_climax_no_minimal_change_s44] [TRAIN] stage=finetune epoch=1/1 batch=160/3000 step=3160 repair=0.08589 localization=0 type=0 minimal=0 physics=0.5157 total=0.1117
[TRAIN train_climax_no_minimal_change_s44] [TRAIN] stage=finetune epoch=1/1 batch=170/3000 step=3170 repair=0.1622 localization=0 type=0 minimal=0 physics=0.5227 total=0.1883
[TRAIN train_climax_no_minimal_change_s44] [TRAIN] stage=finetune epoch=1/1 batch=180/3000 step=3180 repair=0.131 localization=0 type=0 minimal=0 physics=0.5223 total=0.1571
[TRAIN train_climax_no_minimal_change_s44] [TRAIN] stage=finetune epoch=1/1 batch=190/3000 step=3190 repair=0.08775 localization=0 type=0 minimal=0 physics=0.4663 total=0.1111
[TRAIN train_climax_no_minimal_change_s44] [TRAIN] stage=finetune epoch=1/1 batch=200/3000 step=3200 repair=0.1301 localization=0 type=0 minimal=0 physics=0.6632 total=0.1633
[TRAIN train_climax_no_minimal_change_s44] [TRAIN] stage=finetune epoch=1/1 batch=210/3000 step=3210 repair=0.1498 localization=0 type=0 minimal=0 physics=0.5147 total=0.1755
[TRAIN train_climax_no_minimal_change_s44] [TRAIN] stage=finetune epoch=1/1 batch=220/3000 step=3220 repair=0.1208 localization=0 type=0 minimal=0 physics=0.5577 total=0.1487
[TRAIN train_climax_no_minimal_change_s44] [TRAIN] stage=finetune epoch=1/1 batch=230/3000 step=3230 repair=0.1321 localization=0 type=0 minimal=0 physics=0.4732 total=0.1558
[TRAIN train_climax_no_minimal_change_s44] [TRAIN] stage=finetune epoch=1/1 batch=240/3000 step=3240 repair=0.08673 localization=0 type=0 minimal=0 physics=0.3974 total=0.1066
[TRAIN train_climax_no_minimal_change_s44] [TRAIN] stage=finetune epoch=1/1 batch=250/3000 step=3250 repair=0.09431 localization=0 type=0 minimal=0 physics=0.4095 total=0.1148
[TRAIN train_climax_no_minimal_change_s44] [TRAIN] stage=finetune epoch=1/1 batch=260/3000 step=3260 repair=0.07783 localization=0 type=0 minimal=0 physics=0.5543 total=0.1055
[TRAIN train_climax_no_minimal_change_s44] [TRAIN] stage=finetune epoch=1/1 batch=270/3000 step=3270 repair=0.08736 localization=0 type=0 minimal=0 physics=0.4073 total=0.1077
[TRAIN train_climax_no_minimal_change_s44] [TRAIN] stage=finetune epoch=1/1 batch=280/3000 step=3280 repair=0.1368 localization=0 type=0 minimal=0 physics=0.637 total=0.1687
[TRAIN train_climax_no_minimal_change_s44] [TRAIN] stage=finetune epoch=1/1 batch=290/3000 step=3290 repair=0.08996 localization=0 type=0 minimal=0 physics=0.48 total=0.114
[TRAIN train_climax_no_minimal_change_s44] [TRAIN] stage=finetune epoch=1/1 batch=300/3000 step=3300 repair=0.1167 localization=0 type=0 minimal=0 physics=0.5173 total=0.1426
[TRAIN train_climax_no_minimal_change_s44] [TRAIN] stage=finetune epoch=1/1 batch=310/3000 step=3310 repair=0.1135 localization=0 type=0 minimal=0 physics=0.4524 total=0.1361
[TRAIN train_climax_no_minimal_change_s44] [TRAIN] stage=finetune epoch=1/1 batch=320/3000 step=3320 repair=0.08793 localization=0 type=0 minimal=0 physics=0.4786 total=0.1119
[TRAIN train_climax_no_minimal_change_s44] [TRAIN] stage=finetune epoch=1/1 batch=330/3000 step=3330 repair=0.1497 localization=0 type=0 minimal=0 physics=0.5886 total=0.1792
[TRAIN train_climax_no_minimal_change_s44] [TRAIN] stage=finetune epoch=1/1 batch=340/3000 step=3340 repair=0.08558 localization=0 type=0 minimal=0 physics=0.5467 total=0.1129
[TRAIN train_climax_no_minimal_change_s44] [TRAIN] stage=finetune epoch=1/1 batch=350/3000 step=3350 repair=0.09179 localization=0 type=0 minimal=0 physics=0.5635 total=0.12
[TRAIN train_climax_no_minimal_change_s44] [TRAIN] stage=finetune epoch=1/1 batch=360/3000 step=3360 repair=0.08585 localization=0 type=0 minimal=0 physics=0.5838 total=0.115
[TRAIN train_climax_no_minimal_change_s44] [TRAIN] stage=finetune epoch=1/1 batch=370/3000 step=3370 repair=0.118 localization=0 type=0 minimal=0 physics=0.547 total=0.1453
[TRAIN train_climax_no_minimal_change_s44] [TRAIN] stage=finetune epoch=1/1 batch=380/3000 step=3380 repair=0.0835 localization=0 type=0 minimal=0 physics=0.4512 total=0.1061
[TRAIN train_climax_no_minimal_change_s44] [TRAIN] stage=finetune epoch=1/1 batch=390/3000 step=3390 repair=0.1218 localization=0 type=0 minimal=0 physics=0.4462 total=0.1441
[TRAIN train_climax_no_minimal_change_s44] [TRAIN] stage=finetune epoch=1/1 batch=400/3000 step=3400 repair=0.124 localization=0 type=0 minimal=0 physics=0.4923 total=0.1486
[TRAIN train_climax_no_minimal_change_s44] [TRAIN] stage=finetune epoch=1/1 batch=410/3000 step=3410 repair=0.07548 localization=0 type=0 minimal=0 physics=0.4766 total=0.09931
[TRAIN train_climax_no_minimal_change_s44] [TRAIN] stage=finetune epoch=1/1 batch=420/3000 step=3420 repair=0.0729 localization=0 type=0 minimal=0 physics=0.3863 total=0.09221
[TRAIN train_climax_no_minimal_change_s44] [TRAIN] stage=finetune epoch=1/1 batch=430/3000 step=3430 repair=0.07962 localization=0 type=0 minimal=0 physics=0.4287 total=0.1011
[TRAIN train_climax_no_minimal_change_s44] [TRAIN] stage=finetune epoch=1/1 batch=440/3000 step=3440 repair=0.1182 localization=0 type=0 minimal=0 physics=0.4879 total=0.1426
[TRAIN train_climax_no_minimal_change_s44] [TRAIN] stage=finetune epoch=1/1 batch=450/3000 step=3450 repair=0.08002 localization=0 type=0 minimal=0 physics=0.3729 total=0.09867
[TRAIN train_climax_no_minimal_change_s44] [TRAIN] stage=finetune epoch=1/1 batch=460/3000 step=3460 repair=0.06435 localization=0 type=0 minimal=0 physics=0.4364 total=0.08617
[TRAIN train_climax_no_minimal_change_s44] [TRAIN] stage=finetune epoch=1/1 batch=470/3000 step=3470 repair=0.1221 localization=0 type=0 minimal=0 physics=0.3774 total=0.141
[TRAIN train_climax_no_minimal_change_s44] [TRAIN] stage=finetune epoch=1/1 batch=480/3000 step=3480 repair=0.1644 localization=0 type=0 minimal=0 physics=0.5347 total=0.1911
[TRAIN train_climax_no_minimal_change_s44] [TRAIN] stage=finetune epoch=1/1 batch=490/3000 step=3490 repair=0.09396 localization=0 type=0 minimal=0 physics=0.4597 total=0.1169
[TRAIN train_climax_no_minimal_change_s44] [TRAIN] stage=finetune epoch=1/1 batch=500/3000 step=3500 repair=0.1754 localization=0 type=0 minimal=0 physics=0.5149 total=0.2012
[TRAIN train_climax_no_minimal_change_s44] [TRAIN] stage=finetune epoch=1/1 batch=510/3000 step=3510 repair=0.1225 localization=0 type=0 minimal=0 physics=0.4223 total=0.1437
[TRAIN train_climax_no_minimal_change_s44] [TRAIN] stage=finetune epoch=1/1 batch=520/3000 step=3520 repair=0.1183 localization=0 type=0 minimal=0 physics=0.413 total=0.1389
[TRAIN train_climax_no_minimal_change_s44] [TRAIN] stage=finetune epoch=1/1 batch=530/3000 step=3530 repair=0.1267 localization=0 type=0 minimal=0 physics=0.4281 total=0.1481
[TRAIN train_climax_no_minimal_change_s44] [TRAIN] stage=finetune epoch=1/1 batch=540/3000 step=3540 repair=0.1208 localization=0 type=0 minimal=0 physics=0.5561 total=0.1486
[TRAIN train_climax_no_minimal_change_s44] [TRAIN] stage=finetune epoch=1/1 batch=550/3000 step=3550 repair=0.07877 localization=0 type=0 minimal=0 physics=0.261 total=0.09182
[TRAIN train_climax_no_minimal_change_s44] [TRAIN] stage=finetune epoch=1/1 batch=560/3000 step=3560 repair=0.123 localization=0 type=0 minimal=0 physics=0.4727 total=0.1467
[TRAIN train_climax_no_minimal_change_s44] [TRAIN] stage=finetune epoch=1/1 batch=570/3000 step=3570 repair=0.1244 localization=0 type=0 minimal=0 physics=0.5194 total=0.1504
[TRAIN train_climax_no_minimal_change_s44] [TRAIN] stage=finetune epoch=1/1 batch=580/3000 step=3580 repair=0.07555 localization=0 type=0 minimal=0 physics=0.3339 total=0.09225
[TRAIN train_climax_no_minimal_change_s44] [TRAIN] stage=finetune epoch=1/1 batch=590/3000 step=3590 repair=0.127 localization=0 type=0 minimal=0 physics=0.3466 total=0.1444
[TRAIN train_climax_no_minimal_change_s44] [TRAIN] stage=finetune epoch=1/1 batch=600/3000 step=3600 repair=0.06406 localization=0 type=0 minimal=0 physics=0.3953 total=0.08383
[TRAIN train_climax_no_minimal_change_s44] [TRAIN] stage=finetune epoch=1/1 batch=610/3000 step=3610 repair=0.1181 localization=0 type=0 minimal=0 physics=0.5885 total=0.1475
[TRAIN train_climax_no_minimal_change_s44] [TRAIN] stage=finetune epoch=1/1 batch=620/3000 step=3620 repair=0.07408 localization=0 type=0 minimal=0 physics=0.3489 total=0.09153
[TRAIN train_climax_no_minimal_change_s44] [TRAIN] stage=finetune epoch=1/1 batch=630/3000 step=3630 repair=0.08404 localization=0 type=0 minimal=0 physics=0.3815 total=0.1031
[TRAIN train_climax_no_minimal_change_s44] [TRAIN] stage=finetune epoch=1/1 batch=640/3000 step=3640 repair=0.08489 localization=0 type=0 minimal=0 physics=0.5674 total=0.1133
[TRAIN train_climax_no_minimal_change_s44] [TRAIN] stage=finetune epoch=1/1 batch=650/3000 step=3650 repair=0.1294 localization=0 type=0 minimal=0 physics=0.5468 total=0.1568
[TRAIN train_climax_no_minimal_change_s44] [TRAIN] stage=finetune epoch=1/1 batch=660/3000 step=3660 repair=0.1154 localization=0 type=0 minimal=0 physics=0.4287 total=0.1368
[TRAIN train_climax_no_minimal_change_s44] [TRAIN] stage=finetune epoch=1/1 batch=670/3000 step=3670 repair=0.07476 localization=0 type=0 minimal=0 physics=0.4307 total=0.0963
[TRAIN train_climax_no_minimal_change_s44] [TRAIN] stage=finetune epoch=1/1 batch=680/3000 step=3680 repair=0.1007 localization=0 type=0 minimal=0 physics=0.4694 total=0.1242
[TRAIN train_climax_no_minimal_change_s44] [TRAIN] stage=finetune epoch=1/1 batch=690/3000 step=3690 repair=0.1257 localization=0 type=0 minimal=0 physics=0.5691 total=0.1541
[TRAIN train_climax_no_minimal_change_s44] [TRAIN] stage=finetune epoch=1/1 batch=700/3000 step=3700 repair=0.07992 localization=0 type=0 minimal=0 physics=0.61 total=0.1104
[TRAIN train_climax_no_minimal_change_s44] [TRAIN] stage=finetune epoch=1/1 batch=710/3000 step=3710 repair=0.1183 localization=0 type=0 minimal=0 physics=0.7234 total=0.1545
[TRAIN train_climax_no_minimal_change_s44] [TRAIN] stage=finetune epoch=1/1 batch=720/3000 step=3720 repair=0.1176 localization=0 type=0 minimal=0 physics=0.4253 total=0.1388
[TRAIN train_climax_no_minimal_change_s44] [TRAIN] stage=finetune epoch=1/1 batch=730/3000 step=3730 repair=0.07688 localization=0 type=0 minimal=0 physics=0.3899 total=0.09637
[TRAIN train_climax_no_minimal_change_s44] [TRAIN] stage=finetune epoch=1/1 batch=740/3000 step=3740 repair=0.1323 localization=0 type=0 minimal=0 physics=0.5787 total=0.1613
[TRAIN train_climax_no_minimal_change_s44] [TRAIN] stage=finetune epoch=1/1 batch=750/3000 step=3750 repair=0.07697 localization=0 type=0 minimal=0 physics=0.458 total=0.09987
[TRAIN train_climax_no_minimal_change_s44] [TRAIN] stage=finetune epoch=1/1 batch=760/3000 step=3760 repair=0.07461 localization=0 type=0 minimal=0 physics=0.6392 total=0.1066
[TRAIN train_climax_no_minimal_change_s44] [TRAIN] stage=finetune epoch=1/1 batch=770/3000 step=3770 repair=0.09112 localization=0 type=0 minimal=0 physics=0.6093 total=0.1216
[TRAIN train_climax_no_minimal_change_s44] [TRAIN] stage=finetune epoch=1/1 batch=780/3000 step=3780 repair=0.07026 localization=0 type=0 minimal=0 physics=0.4781 total=0.09417
[TRAIN train_climax_no_minimal_change_s44] [TRAIN] stage=finetune epoch=1/1 batch=790/3000 step=3790 repair=0.1092 localization=0 type=0 minimal=0 physics=0.5051 total=0.1345
[TRAIN train_climax_no_minimal_change_s44] [TRAIN] stage=finetune epoch=1/1 batch=800/3000 step=3800 repair=0.1517 localization=0 type=0 minimal=0 physics=0.4587 total=0.1747
[TRAIN train_climax_no_minimal_change_s44] [TRAIN] stage=finetune epoch=1/1 batch=810/3000 step=3810 repair=0.07835 localization=0 type=0 minimal=0 physics=0.4166 total=0.09917
[TRAIN train_climax_no_minimal_change_s44] [TRAIN] stage=finetune epoch=1/1 batch=820/3000 step=3820 repair=0.08843 localization=0 type=0 minimal=0 physics=0.4429 total=0.1106
[TRAIN train_climax_no_minimal_change_s44] [TRAIN] stage=finetune epoch=1/1 batch=830/3000 step=3830 repair=0.09504 localization=0 type=0 minimal=0 physics=0.444 total=0.1172
[TRAIN train_climax_no_minimal_change_s44] [TRAIN] stage=finetune epoch=1/1 batch=840/3000 step=3840 repair=0.1217 localization=0 type=0 minimal=0 physics=0.4449 total=0.144
[TRAIN train_climax_no_minimal_change_s44] [TRAIN] stage=finetune epoch=1/1 batch=850/3000 step=3850 repair=0.1316 localization=0 type=0 minimal=0 physics=0.4508 total=0.1542
[TRAIN train_climax_no_minimal_change_s44] [TRAIN] stage=finetune epoch=1/1 batch=860/3000 step=3860 repair=0.08058 localization=0 type=0 minimal=0 physics=0.4828 total=0.1047
[TRAIN train_climax_no_minimal_change_s44] [TRAIN] stage=finetune epoch=1/1 batch=870/3000 step=3870 repair=0.08634 localization=0 type=0 minimal=0 physics=0.4301 total=0.1078
[TRAIN train_climax_no_minimal_change_s44] [TRAIN] stage=finetune epoch=1/1 batch=880/3000 step=3880 repair=0.1146 localization=0 type=0 minimal=0 physics=0.5365 total=0.1414
[TRAIN train_climax_no_minimal_change_s44] [TRAIN] stage=finetune epoch=1/1 batch=890/3000 step=3890 repair=0.07638 localization=0 type=0 minimal=0 physics=0.5092 total=0.1018
[TRAIN train_climax_no_minimal_change_s44] [TRAIN] stage=finetune epoch=1/1 batch=900/3000 step=3900 repair=0.07937 localization=0 type=0 minimal=0 physics=0.4241 total=0.1006
[TRAIN train_climax_no_minimal_change_s44] [TRAIN] stage=finetune epoch=1/1 batch=910/3000 step=3910 repair=0.07746 localization=0 type=0 minimal=0 physics=0.5944 total=0.1072
[TRAIN train_climax_no_minimal_change_s44] [TRAIN] stage=finetune epoch=1/1 batch=920/3000 step=3920 repair=0.1144 localization=0 type=0 minimal=0 physics=0.5052 total=0.1396
[TRAIN train_climax_no_minimal_change_s44] [TRAIN] stage=finetune epoch=1/1 batch=930/3000 step=3930 repair=0.06864 localization=0 type=0 minimal=0 physics=0.5212 total=0.0947
[TRAIN train_climax_no_minimal_change_s44] [TRAIN] stage=finetune epoch=1/1 batch=940/3000 step=3940 repair=0.06721 localization=0 type=0 minimal=0 physics=0.4895 total=0.09168
[TRAIN train_climax_no_minimal_change_s44] [TRAIN] stage=finetune epoch=1/1 batch=950/3000 step=3950 repair=0.0949 localization=0 type=0 minimal=0 physics=0.4975 total=0.1198
[TRAIN train_climax_no_minimal_change_s44] [TRAIN] stage=finetune epoch=1/1 batch=960/3000 step=3960 repair=0.08566 localization=0 type=0 minimal=0 physics=0.3643 total=0.1039
[TRAIN train_climax_no_minimal_change_s44] [TRAIN] stage=finetune epoch=1/1 batch=970/3000 step=3970 repair=0.1636 localization=0 type=0 minimal=0 physics=0.4775 total=0.1874
[TRAIN train_climax_no_minimal_change_s44] [TRAIN] stage=finetune epoch=1/1 batch=980/3000 step=3980 repair=0.08505 localization=0 type=0 minimal=0 physics=0.6159 total=0.1158
[TRAIN train_climax_no_minimal_change_s44] [TRAIN] stage=finetune epoch=1/1 batch=990/3000 step=3990 repair=0.0798 localization=0 type=0 minimal=0 physics=0.3886 total=0.09923
[TRAIN train_climax_no_minimal_change_s44] [TRAIN] stage=finetune epoch=1/1 batch=1000/3000 step=4000 repair=0.1205 localization=0 type=0 minimal=0 physics=0.4512 total=0.1431
[TRAIN train_climax_no_minimal_change_s44] [TRAIN] stage=finetune epoch=1/1 batch=1010/3000 step=4010 repair=0.06736 localization=0 type=0 minimal=0 physics=0.3877 total=0.08675
[TRAIN train_climax_no_minimal_change_s44] [TRAIN] stage=finetune epoch=1/1 batch=1020/3000 step=4020 repair=0.1251 localization=0 type=0 minimal=0 physics=0.5224 total=0.1513
[TRAIN train_climax_no_minimal_change_s44] [TRAIN] stage=finetune epoch=1/1 batch=1030/3000 step=4030 repair=0.121 localization=0 type=0 minimal=0 physics=0.3987 total=0.1409
[TRAIN train_climax_no_minimal_change_s44] [TRAIN] stage=finetune epoch=1/1 batch=1040/3000 step=4040 repair=0.1175 localization=0 type=0 minimal=0 physics=0.5973 total=0.1474
[TRAIN train_climax_no_minimal_change_s44] [TRAIN] stage=finetune epoch=1/1 batch=1050/3000 step=4050 repair=0.116 localization=0 type=0 minimal=0 physics=0.4998 total=0.141
[TRAIN train_climax_no_minimal_change_s44] [TRAIN] stage=finetune epoch=1/1 batch=1060/3000 step=4060 repair=0.104 localization=0 type=0 minimal=0 physics=0.4577 total=0.1269
[TRAIN train_climax_no_minimal_change_s44] [TRAIN] stage=finetune epoch=1/1 batch=1070/3000 step=4070 repair=0.1163 localization=0 type=0 minimal=0 physics=0.4224 total=0.1375
[TRAIN train_climax_no_minimal_change_s44] [TRAIN] stage=finetune epoch=1/1 batch=1080/3000 step=4080 repair=0.07217 localization=0 type=0 minimal=0 physics=0.4021 total=0.09228
[TRAIN train_climax_no_minimal_change_s44] [TRAIN] stage=finetune epoch=1/1 batch=1090/3000 step=4090 repair=0.06926 localization=0 type=0 minimal=0 physics=0.5258 total=0.09555
[TRAIN train_climax_no_minimal_change_s44] [TRAIN] stage=finetune epoch=1/1 batch=1100/3000 step=4100 repair=0.1102 localization=0 type=0 minimal=0 physics=0.5237 total=0.1364
[TRAIN train_climax_no_minimal_change_s44] [TRAIN] stage=finetune epoch=1/1 batch=1110/3000 step=4110 repair=0.1598 localization=0 type=0 minimal=0 physics=0.3802 total=0.1788
[TRAIN train_climax_no_minimal_change_s44] [TRAIN] stage=finetune epoch=1/1 batch=1120/3000 step=4120 repair=0.1179 localization=0 type=0 minimal=0 physics=0.4607 total=0.1409
[TRAIN train_climax_no_minimal_change_s44] [TRAIN] stage=finetune epoch=1/1 batch=1130/3000 step=4130 repair=0.07672 localization=0 type=0 minimal=0 physics=0.7814 total=0.1158
[TRAIN train_climax_no_minimal_change_s44] [TRAIN] stage=finetune epoch=1/1 batch=1140/3000 step=4140 repair=0.1356 localization=0 type=0 minimal=0 physics=0.4566 total=0.1584
[TRAIN train_climax_no_minimal_change_s44] [TRAIN] stage=finetune epoch=1/1 batch=1150/3000 step=4150 repair=0.125 localization=0 type=0 minimal=0 physics=0.3277 total=0.1414
[TRAIN train_climax_no_minimal_change_s44] [TRAIN] stage=finetune epoch=1/1 batch=1160/3000 step=4160 repair=0.1183 localization=0 type=0 minimal=0 physics=0.4577 total=0.1412
[TRAIN train_climax_no_minimal_change_s44] [TRAIN] stage=finetune epoch=1/1 batch=1170/3000 step=4170 repair=0.163 localization=0 type=0 minimal=0 physics=0.4125 total=0.1836
[TRAIN train_climax_no_minimal_change_s44] [TRAIN] stage=finetune epoch=1/1 batch=1180/3000 step=4180 repair=0.111 localization=0 type=0 minimal=0 physics=0.4955 total=0.1358
[TRAIN train_climax_no_minimal_change_s44] [TRAIN] stage=finetune epoch=1/1 batch=1190/3000 step=4190 repair=0.1149 localization=0 type=0 minimal=0 physics=0.3649 total=0.1331
[TRAIN train_climax_no_minimal_change_s44] [TRAIN] stage=finetune epoch=1/1 batch=1200/3000 step=4200 repair=0.07892 localization=0 type=0 minimal=0 physics=0.4953 total=0.1037
[TRAIN train_climax_no_minimal_change_s44] [TRAIN] stage=finetune epoch=1/1 batch=1210/3000 step=4210 repair=0.1248 localization=0 type=0 minimal=0 physics=0.3914 total=0.1444
[TRAIN train_climax_no_minimal_change_s44] [TRAIN] stage=finetune epoch=1/1 batch=1220/3000 step=4220 repair=0.1549 localization=0 type=0 minimal=0 physics=0.5873 total=0.1843
[TRAIN train_climax_no_minimal_change_s44] [TRAIN] stage=finetune epoch=1/1 batch=1230/3000 step=4230 repair=0.07472 localization=0 type=0 minimal=0 physics=0.3168 total=0.09056
[TRAIN train_climax_no_minimal_change_s44] [TRAIN] stage=finetune epoch=1/1 batch=1240/3000 step=4240 repair=0.0897 localization=0 type=0 minimal=0 physics=0.3812 total=0.1088
[TRAIN train_climax_no_minimal_change_s44] [TRAIN] stage=finetune epoch=1/1 batch=1250/3000 step=4250 repair=0.1181 localization=0 type=0 minimal=0 physics=0.374 total=0.1368
[TRAIN train_climax_no_minimal_change_s44] [TRAIN] stage=finetune epoch=1/1 batch=1260/3000 step=4260 repair=0.07646 localization=0 type=0 minimal=0 physics=0.3746 total=0.09519
[TRAIN train_climax_no_minimal_change_s44] [TRAIN] stage=finetune epoch=1/1 batch=1270/3000 step=4270 repair=0.1246 localization=0 type=0 minimal=0 physics=0.523 total=0.1508
[TRAIN train_climax_no_minimal_change_s44] [TRAIN] stage=finetune epoch=1/1 batch=1280/3000 step=4280 repair=0.07579 localization=0 type=0 minimal=0 physics=0.872 total=0.1194
[TRAIN train_climax_no_minimal_change_s44] [TRAIN] stage=finetune epoch=1/1 batch=1290/3000 step=4290 repair=0.1242 localization=0 type=0 minimal=0 physics=0.4214 total=0.1452
[TRAIN train_climax_no_minimal_change_s44] [TRAIN] stage=finetune epoch=1/1 batch=1300/3000 step=4300 repair=0.06695 localization=0 type=0 minimal=0 physics=0.416 total=0.08775
[TRAIN train_climax_no_minimal_change_s44] [TRAIN] stage=finetune epoch=1/1 batch=1310/3000 step=4310 repair=0.1516 localization=0 type=0 minimal=0 physics=0.4724 total=0.1752
[TRAIN train_climax_no_minimal_change_s44] [TRAIN] stage=finetune epoch=1/1 batch=1320/3000 step=4320 repair=0.06696 localization=0 type=0 minimal=0 physics=0.4344 total=0.08868
[TRAIN train_climax_no_minimal_change_s44] [TRAIN] stage=finetune epoch=1/1 batch=1330/3000 step=4330 repair=0.08669 localization=0 type=0 minimal=0 physics=0.4638 total=0.1099
[TRAIN train_climax_no_minimal_change_s44] [TRAIN] stage=finetune epoch=1/1 batch=1340/3000 step=4340 repair=0.07711 localization=0 type=0 minimal=0 physics=0.314 total=0.09281
[TRAIN train_climax_no_minimal_change_s44] [TRAIN] stage=finetune epoch=1/1 batch=1350/3000 step=4350 repair=0.07767 localization=0 type=0 minimal=0 physics=0.4483 total=0.1001
[TRAIN train_climax_no_minimal_change_s44] [TRAIN] stage=finetune epoch=1/1 batch=1360/3000 step=4360 repair=0.1108 localization=0 type=0 minimal=0 physics=0.4132 total=0.1315
[TRAIN train_climax_no_minimal_change_s44] [TRAIN] stage=finetune epoch=1/1 batch=1370/3000 step=4370 repair=0.1337 localization=0 type=0 minimal=0 physics=0.4033 total=0.1539
[TRAIN train_climax_no_minimal_change_s44] [TRAIN] stage=finetune epoch=1/1 batch=1380/3000 step=4380 repair=0.1129 localization=0 type=0 minimal=0 physics=0.5272 total=0.1393
[TRAIN train_climax_no_minimal_change_s44] [TRAIN] stage=finetune epoch=1/1 batch=1390/3000 step=4390 repair=0.07687 localization=0 type=0 minimal=0 physics=0.4587 total=0.0998
[TRAIN train_climax_no_minimal_change_s44] [TRAIN] stage=finetune epoch=1/1 batch=1400/3000 step=4400 repair=0.07542 localization=0 type=0 minimal=0 physics=0.302 total=0.09051
[TRAIN train_climax_no_minimal_change_s44] [TRAIN] stage=finetune epoch=1/1 batch=1410/3000 step=4410 repair=0.07367 localization=0 type=0 minimal=0 physics=0.5207 total=0.09971
[TRAIN train_climax_no_minimal_change_s44] [TRAIN] stage=finetune epoch=1/1 batch=1420/3000 step=4420 repair=0.07468 localization=0 type=0 minimal=0 physics=0.4856 total=0.09896
[TRAIN train_climax_no_minimal_change_s44] [TRAIN] stage=finetune epoch=1/1 batch=1430/3000 step=4430 repair=0.1229 localization=0 type=0 minimal=0 physics=0.4678 total=0.1463
[TRAIN train_climax_no_minimal_change_s44] [TRAIN] stage=finetune epoch=1/1 batch=1440/3000 step=4440 repair=0.1665 localization=0 type=0 minimal=0 physics=0.6851 total=0.2008
[TRAIN train_climax_no_minimal_change_s44] [TRAIN] stage=finetune epoch=1/1 batch=1450/3000 step=4450 repair=0.08932 localization=0 type=0 minimal=0 physics=0.3251 total=0.1056
[TRAIN train_climax_no_minimal_change_s44] [TRAIN] stage=finetune epoch=1/1 batch=1460/3000 step=4460 repair=0.1092 localization=0 type=0 minimal=0 physics=0.2807 total=0.1233
[TRAIN train_climax_no_minimal_change_s44] [TRAIN] stage=finetune epoch=1/1 batch=1470/3000 step=4470 repair=0.1478 localization=0 type=0 minimal=0 physics=0.4236 total=0.169
[TRAIN train_climax_no_minimal_change_s44] [TRAIN] stage=finetune epoch=1/1 batch=1480/3000 step=4480 repair=0.09288 localization=0 type=0 minimal=0 physics=0.5391 total=0.1198
[TRAIN train_climax_no_minimal_change_s44] [TRAIN] stage=finetune epoch=1/1 batch=1490/3000 step=4490 repair=0.1217 localization=0 type=0 minimal=0 physics=0.4626 total=0.1449
[TRAIN train_climax_no_minimal_change_s44] [TRAIN] stage=finetune epoch=1/1 batch=1500/3000 step=4500 repair=0.07944 localization=0 type=0 minimal=0 physics=0.3248 total=0.09568
[TRAIN train_climax_no_minimal_change_s44] [TRAIN] stage=finetune epoch=1/1 batch=1510/3000 step=4510 repair=0.0875 localization=0 type=0 minimal=0 physics=0.3276 total=0.1039
[TRAIN train_climax_no_minimal_change_s44] [TRAIN] stage=finetune epoch=1/1 batch=1520/3000 step=4520 repair=0.07696 localization=0 type=0 minimal=0 physics=0.395 total=0.09671
[TRAIN train_climax_no_minimal_change_s44] [TRAIN] stage=finetune epoch=1/1 batch=1530/3000 step=4530 repair=0.1133 localization=0 type=0 minimal=0 physics=0.4629 total=0.1364
[TRAIN train_climax_no_minimal_change_s44] [TRAIN] stage=finetune epoch=1/1 batch=1540/3000 step=4540 repair=0.1086 localization=0 type=0 minimal=0 physics=0.4258 total=0.1299
[TRAIN train_climax_no_minimal_change_s44] [TRAIN] stage=finetune epoch=1/1 batch=1550/3000 step=4550 repair=0.1068 localization=0 type=0 minimal=0 physics=0.5588 total=0.1347
[TRAIN train_climax_no_minimal_change_s44] [TRAIN] stage=finetune epoch=1/1 batch=1560/3000 step=4560 repair=0.1596 localization=0 type=0 minimal=0 physics=0.5626 total=0.1877
[TRAIN train_climax_no_minimal_change_s44] [TRAIN] stage=finetune epoch=1/1 batch=1570/3000 step=4570 repair=0.08521 localization=0 type=0 minimal=0 physics=0.3932 total=0.1049
[TRAIN train_climax_no_minimal_change_s44] [TRAIN] stage=finetune epoch=1/1 batch=1580/3000 step=4580 repair=0.1233 localization=0 type=0 minimal=0 physics=0.5102 total=0.1488
[TRAIN train_climax_no_minimal_change_s44] [TRAIN] stage=finetune epoch=1/1 batch=1590/3000 step=4590 repair=0.1112 localization=0 type=0 minimal=0 physics=0.6284 total=0.1426
[TRAIN train_climax_no_minimal_change_s44] [TRAIN] stage=finetune epoch=1/1 batch=1600/3000 step=4600 repair=0.1264 localization=0 type=0 minimal=0 physics=0.3762 total=0.1452
[TRAIN train_climax_no_minimal_change_s44] [TRAIN] stage=finetune epoch=1/1 batch=1610/3000 step=4610 repair=0.08494 localization=0 type=0 minimal=0 physics=0.4029 total=0.1051
[TRAIN train_climax_no_minimal_change_s44] [TRAIN] stage=finetune epoch=1/1 batch=1620/3000 step=4620 repair=0.1096 localization=0 type=0 minimal=0 physics=0.5211 total=0.1357
[TRAIN train_climax_no_minimal_change_s44] [TRAIN] stage=finetune epoch=1/1 batch=1630/3000 step=4630 repair=0.07197 localization=0 type=0 minimal=0 physics=0.4294 total=0.09344
[TRAIN train_climax_no_minimal_change_s44] [TRAIN] stage=finetune epoch=1/1 batch=1640/3000 step=4640 repair=0.06491 localization=0 type=0 minimal=0 physics=0.3995 total=0.08488
[TRAIN train_climax_no_minimal_change_s44] [TRAIN] stage=finetune epoch=1/1 batch=1650/3000 step=4650 repair=0.1317 localization=0 type=0 minimal=0 physics=0.3672 total=0.15
[TRAIN train_climax_no_minimal_change_s44] [TRAIN] stage=finetune epoch=1/1 batch=1660/3000 step=4660 repair=0.08745 localization=0 type=0 minimal=0 physics=0.2982 total=0.1024
[TRAIN train_climax_no_minimal_change_s44] [TRAIN] stage=finetune epoch=1/1 batch=1670/3000 step=4670 repair=0.06616 localization=0 type=0 minimal=0 physics=0.2916 total=0.08074
[TRAIN train_climax_no_minimal_change_s44] [TRAIN] stage=finetune epoch=1/1 batch=1680/3000 step=4680 repair=0.07065 localization=0 type=0 minimal=0 physics=0.3711 total=0.0892
[TRAIN train_climax_no_minimal_change_s44] [TRAIN] stage=finetune epoch=1/1 batch=1690/3000 step=4690 repair=0.09585 localization=0 type=0 minimal=0 physics=0.3739 total=0.1145
[TRAIN train_climax_no_minimal_change_s44] [TRAIN] stage=finetune epoch=1/1 batch=1700/3000 step=4700 repair=0.1168 localization=0 type=0 minimal=0 physics=0.311 total=0.1323
[TRAIN train_climax_no_minimal_change_s44] [TRAIN] stage=finetune epoch=1/1 batch=1710/3000 step=4710 repair=0.1232 localization=0 type=0 minimal=0 physics=0.6056 total=0.1534
[TRAIN train_climax_no_minimal_change_s44] [TRAIN] stage=finetune epoch=1/1 batch=1720/3000 step=4720 repair=0.06962 localization=0 type=0 minimal=0 physics=0.5545 total=0.09735
[TRAIN train_climax_no_minimal_change_s44] [TRAIN] stage=finetune epoch=1/1 batch=1730/3000 step=4730 repair=0.07794 localization=0 type=0 minimal=0 physics=0.4992 total=0.1029
[TRAIN train_climax_no_minimal_change_s44] [TRAIN] stage=finetune epoch=1/1 batch=1740/3000 step=4740 repair=0.07382 localization=0 type=0 minimal=0 physics=0.3318 total=0.09041
[TRAIN train_climax_no_minimal_change_s44] [TRAIN] stage=finetune epoch=1/1 batch=1750/3000 step=4750 repair=0.07764 localization=0 type=0 minimal=0 physics=0.5543 total=0.1054
[TRAIN train_climax_no_minimal_change_s44] [TRAIN] stage=finetune epoch=1/1 batch=1760/3000 step=4760 repair=0.1243 localization=0 type=0 minimal=0 physics=0.5001 total=0.1493
[TRAIN train_climax_no_minimal_change_s44] [TRAIN] stage=finetune epoch=1/1 batch=1770/3000 step=4770 repair=0.07113 localization=0 type=0 minimal=0 physics=0.7011 total=0.1062
[TRAIN train_climax_no_minimal_change_s44] [TRAIN] stage=finetune epoch=1/1 batch=1780/3000 step=4780 repair=0.1154 localization=0 type=0 minimal=0 physics=0.4217 total=0.1365
[TRAIN train_climax_no_minimal_change_s44] [TRAIN] stage=finetune epoch=1/1 batch=1790/3000 step=4790 repair=0.07925 localization=0 type=0 minimal=0 physics=0.7617 total=0.1173
[TRAIN train_climax_no_minimal_change_s44] [TRAIN] stage=finetune epoch=1/1 batch=1800/3000 step=4800 repair=0.1142 localization=0 type=0 minimal=0 physics=0.5871 total=0.1436
[TRAIN train_climax_no_minimal_change_s44] [TRAIN] stage=finetune epoch=1/1 batch=1810/3000 step=4810 repair=0.0814 localization=0 type=0 minimal=0 physics=0.4756 total=0.1052
[TRAIN train_climax_no_minimal_change_s44] [TRAIN] stage=finetune epoch=1/1 batch=1820/3000 step=4820 repair=0.06932 localization=0 type=0 minimal=0 physics=0.7013 total=0.1044
[TRAIN train_climax_no_minimal_change_s44] [TRAIN] stage=finetune epoch=1/1 batch=1830/3000 step=4830 repair=0.1213 localization=0 type=0 minimal=0 physics=0.5626 total=0.1494
[TRAIN train_climax_no_minimal_change_s44] [TRAIN] stage=finetune epoch=1/1 batch=1840/3000 step=4840 repair=0.1269 localization=0 type=0 minimal=0 physics=0.6084 total=0.1573
[TRAIN train_climax_no_minimal_change_s44] [TRAIN] stage=finetune epoch=1/1 batch=1850/3000 step=4850 repair=0.1521 localization=0 type=0 minimal=0 physics=0.5564 total=0.1799
[TRAIN train_climax_no_minimal_change_s44] [TRAIN] stage=finetune epoch=1/1 batch=1860/3000 step=4860 repair=0.0638 localization=0 type=0 minimal=0 physics=0.6364 total=0.09561
[TRAIN train_climax_no_minimal_change_s44] [TRAIN] stage=finetune epoch=1/1 batch=1870/3000 step=4870 repair=0.07664 localization=0 type=0 minimal=0 physics=0.5745 total=0.1054
[TRAIN train_climax_no_minimal_change_s44] [TRAIN] stage=finetune epoch=1/1 batch=1880/3000 step=4880 repair=0.1659 localization=0 type=0 minimal=0 physics=0.5629 total=0.1941
[TRAIN train_climax_no_minimal_change_s44] [TRAIN] stage=finetune epoch=1/1 batch=1890/3000 step=4890 repair=0.1225 localization=0 type=0 minimal=0 physics=0.6287 total=0.1539
[TRAIN train_climax_no_minimal_change_s44] [TRAIN] stage=finetune epoch=1/1 batch=1900/3000 step=4900 repair=0.1212 localization=0 type=0 minimal=0 physics=0.5146 total=0.147
[TRAIN train_climax_no_minimal_change_s44] [TRAIN] stage=finetune epoch=1/1 batch=1910/3000 step=4910 repair=0.08623 localization=0 type=0 minimal=0 physics=0.54 total=0.1132
[TRAIN train_climax_no_minimal_change_s44] [TRAIN] stage=finetune epoch=1/1 batch=1920/3000 step=4920 repair=0.1064 localization=0 type=0 minimal=0 physics=0.518 total=0.1323
[TRAIN train_climax_no_minimal_change_s44] [TRAIN] stage=finetune epoch=1/1 batch=1930/3000 step=4930 repair=0.06702 localization=0 type=0 minimal=0 physics=0.468 total=0.09042
[TRAIN train_climax_no_minimal_change_s44] [TRAIN] stage=finetune epoch=1/1 batch=1940/3000 step=4940 repair=0.1612 localization=0 type=0 minimal=0 physics=0.5856 total=0.1905
[TRAIN train_climax_no_minimal_change_s44] [TRAIN] stage=finetune epoch=1/1 batch=1950/3000 step=4950 repair=0.1658 localization=0 type=0 minimal=0 physics=0.5023 total=0.1909
[TRAIN train_climax_no_minimal_change_s44] [TRAIN] stage=finetune epoch=1/1 batch=1960/3000 step=4960 repair=0.07797 localization=0 type=0 minimal=0 physics=0.6154 total=0.1087
[TRAIN train_climax_no_minimal_change_s44] [TRAIN] stage=finetune epoch=1/1 batch=1970/3000 step=4970 repair=0.1285 localization=0 type=0 minimal=0 physics=0.5164 total=0.1543
[TRAIN train_climax_no_minimal_change_s44] [TRAIN] stage=finetune epoch=1/1 batch=1980/3000 step=4980 repair=0.1517 localization=0 type=0 minimal=0 physics=0.564 total=0.1799
[TRAIN train_climax_no_minimal_change_s44] [TRAIN] stage=finetune epoch=1/1 batch=1990/3000 step=4990 repair=0.07546 localization=0 type=0 minimal=0 physics=0.4868 total=0.0998
[TRAIN train_climax_no_minimal_change_s44] [TRAIN] stage=finetune epoch=1/1 batch=2000/3000 step=5000 repair=0.1689 localization=0 type=0 minimal=0 physics=0.6225 total=0.2
[TRAIN train_climax_no_minimal_change_s44] [TRAIN] stage=finetune epoch=1/1 batch=2010/3000 step=5010 repair=0.06271 localization=0 type=0 minimal=0 physics=0.4525 total=0.08534
[TRAIN train_climax_no_minimal_change_s44] [TRAIN] stage=finetune epoch=1/1 batch=2020/3000 step=5020 repair=0.07804 localization=0 type=0 minimal=0 physics=0.7624 total=0.1162
[TRAIN train_climax_no_minimal_change_s44] [TRAIN] stage=finetune epoch=1/1 batch=2030/3000 step=5030 repair=0.1548 localization=0 type=0 minimal=0 physics=0.4412 total=0.1769
[TRAIN train_climax_no_minimal_change_s44] [TRAIN] stage=finetune epoch=1/1 batch=2040/3000 step=5040 repair=0.1178 localization=0 type=0 minimal=0 physics=0.4045 total=0.138
[TRAIN train_climax_no_minimal_change_s44] [TRAIN] stage=finetune epoch=1/1 batch=2050/3000 step=5050 repair=0.1831 localization=0 type=0 minimal=0 physics=0.4236 total=0.2043
[TRAIN train_climax_no_minimal_change_s44] [TRAIN] stage=finetune epoch=1/1 batch=2060/3000 step=5060 repair=0.07246 localization=0 type=0 minimal=0 physics=0.3418 total=0.08955
[TRAIN train_climax_no_minimal_change_s44] [TRAIN] stage=finetune epoch=1/1 batch=2070/3000 step=5070 repair=0.114 localization=0 type=0 minimal=0 physics=0.4608 total=0.137
[TRAIN train_climax_no_minimal_change_s44] [TRAIN] stage=finetune epoch=1/1 batch=2080/3000 step=5080 repair=0.1094 localization=0 type=0 minimal=0 physics=0.4476 total=0.1318
[TRAIN train_climax_no_minimal_change_s44] [TRAIN] stage=finetune epoch=1/1 batch=2090/3000 step=5090 repair=0.1262 localization=0 type=0 minimal=0 physics=0.3663 total=0.1446
[TRAIN train_climax_no_minimal_change_s44] [TRAIN] stage=finetune epoch=1/1 batch=2100/3000 step=5100 repair=0.118 localization=0 type=0 minimal=0 physics=0.5006 total=0.1431
[TRAIN train_climax_no_minimal_change_s44] [TRAIN] stage=finetune epoch=1/1 batch=2110/3000 step=5110 repair=0.08984 localization=0 type=0 minimal=0 physics=0.7651 total=0.1281
[TRAIN train_climax_no_minimal_change_s44] [TRAIN] stage=finetune epoch=1/1 batch=2120/3000 step=5120 repair=0.09739 localization=0 type=0 minimal=0 physics=0.4882 total=0.1218
[TRAIN train_climax_no_minimal_change_s44] [TRAIN] stage=finetune epoch=1/1 batch=2130/3000 step=5130 repair=0.1185 localization=0 type=0 minimal=0 physics=0.4867 total=0.1428
[TRAIN train_climax_no_minimal_change_s44] [TRAIN] stage=finetune epoch=1/1 batch=2140/3000 step=5140 repair=0.1163 localization=0 type=0 minimal=0 physics=0.5951 total=0.1461
[TRAIN train_climax_no_minimal_change_s44] [TRAIN] stage=finetune epoch=1/1 batch=2150/3000 step=5150 repair=0.07752 localization=0 type=0 minimal=0 physics=0.4286 total=0.09895
[TRAIN train_climax_no_minimal_change_s44] [TRAIN] stage=finetune epoch=1/1 batch=2160/3000 step=5160 repair=0.1263 localization=0 type=0 minimal=0 physics=0.4142 total=0.147
[TRAIN train_climax_no_minimal_change_s44] [TRAIN] stage=finetune epoch=1/1 batch=2170/3000 step=5170 repair=0.09019 localization=0 type=0 minimal=0 physics=0.3632 total=0.1083
[TRAIN train_climax_no_minimal_change_s44] [TRAIN] stage=finetune epoch=1/1 batch=2180/3000 step=5180 repair=0.0652 localization=0 type=0 minimal=0 physics=0.4651 total=0.08846
[TRAIN train_climax_no_minimal_change_s44] [TRAIN] stage=finetune epoch=1/1 batch=2190/3000 step=5190 repair=0.117 localization=0 type=0 minimal=0 physics=0.5002 total=0.142
[TRAIN train_climax_no_minimal_change_s44] [TRAIN] stage=finetune epoch=1/1 batch=2200/3000 step=5200 repair=0.1262 localization=0 type=0 minimal=0 physics=0.5472 total=0.1536
[TRAIN train_climax_no_minimal_change_s44] [TRAIN] stage=finetune epoch=1/1 batch=2210/3000 step=5210 repair=0.1821 localization=0 type=0 minimal=0 physics=0.4452 total=0.2044
[TRAIN train_climax_no_minimal_change_s44] [TRAIN] stage=finetune epoch=1/1 batch=2220/3000 step=5220 repair=0.1194 localization=0 type=0 minimal=0 physics=0.4146 total=0.1401
[TRAIN train_climax_no_minimal_change_s44] [TRAIN] stage=finetune epoch=1/1 batch=2230/3000 step=5230 repair=0.06696 localization=0 type=0 minimal=0 physics=0.3781 total=0.08586
[TRAIN train_climax_no_minimal_change_s44] [TRAIN] stage=finetune epoch=1/1 batch=2240/3000 step=5240 repair=0.1163 localization=0 type=0 minimal=0 physics=0.4454 total=0.1385
[TRAIN train_climax_no_minimal_change_s44] [TRAIN] stage=finetune epoch=1/1 batch=2250/3000 step=5250 repair=0.1729 localization=0 type=0 minimal=0 physics=0.4114 total=0.1935
[TRAIN train_climax_no_minimal_change_s44] [TRAIN] stage=finetune epoch=1/1 batch=2260/3000 step=5260 repair=0.1249 localization=0 type=0 minimal=0 physics=0.4538 total=0.1476
[TRAIN train_climax_no_minimal_change_s44] [TRAIN] stage=finetune epoch=1/1 batch=2270/3000 step=5270 repair=0.08417 localization=0 type=0 minimal=0 physics=0.4278 total=0.1056
[TRAIN train_climax_no_minimal_change_s44] [TRAIN] stage=finetune epoch=1/1 batch=2280/3000 step=5280 repair=0.166 localization=0 type=0 minimal=0 physics=0.5331 total=0.1927
[TRAIN train_climax_no_minimal_change_s44] [TRAIN] stage=finetune epoch=1/1 batch=2290/3000 step=5290 repair=0.08862 localization=0 type=0 minimal=0 physics=0.4089 total=0.1091
[TRAIN train_climax_no_minimal_change_s44] [TRAIN] stage=finetune epoch=1/1 batch=2300/3000 step=5300 repair=0.1154 localization=0 type=0 minimal=0 physics=0.5421 total=0.1425
[TRAIN train_climax_no_minimal_change_s44] [TRAIN] stage=finetune epoch=1/1 batch=2310/3000 step=5310 repair=0.162 localization=0 type=0 minimal=0 physics=0.4116 total=0.1826
[TRAIN train_climax_no_minimal_change_s44] [TRAIN] stage=finetune epoch=1/1 batch=2320/3000 step=5320 repair=0.1516 localization=0 type=0 minimal=0 physics=0.5654 total=0.1798
[TRAIN train_climax_no_minimal_change_s44] [TRAIN] stage=finetune epoch=1/1 batch=2330/3000 step=5330 repair=0.1253 localization=0 type=0 minimal=0 physics=0.607 total=0.1556
[TRAIN train_climax_no_minimal_change_s44] [TRAIN] stage=finetune epoch=1/1 batch=2340/3000 step=5340 repair=0.1337 localization=0 type=0 minimal=0 physics=0.4407 total=0.1558
[TRAIN train_climax_no_minimal_change_s44] [TRAIN] stage=finetune epoch=1/1 batch=2350/3000 step=5350 repair=0.07357 localization=0 type=0 minimal=0 physics=0.4682 total=0.09698
[TRAIN train_climax_no_minimal_change_s44] [TRAIN] stage=finetune epoch=1/1 batch=2360/3000 step=5360 repair=0.1383 localization=0 type=0 minimal=0 physics=0.4375 total=0.1601
[TRAIN train_climax_no_minimal_change_s44] [TRAIN] stage=finetune epoch=1/1 batch=2370/3000 step=5370 repair=0.1257 localization=0 type=0 minimal=0 physics=0.4306 total=0.1473
[TRAIN train_climax_no_minimal_change_s44] [TRAIN] stage=finetune epoch=1/1 batch=2380/3000 step=5380 repair=0.06466 localization=0 type=0 minimal=0 physics=0.4382 total=0.08657
[TRAIN train_climax_no_minimal_change_s44] [TRAIN] stage=finetune epoch=1/1 batch=2390/3000 step=5390 repair=0.1206 localization=0 type=0 minimal=0 physics=0.4991 total=0.1456
[TRAIN train_climax_no_minimal_change_s44] [TRAIN] stage=finetune epoch=1/1 batch=2400/3000 step=5400 repair=0.114 localization=0 type=0 minimal=0 physics=0.5418 total=0.1411
[TRAIN train_climax_no_minimal_change_s44] [TRAIN] stage=finetune epoch=1/1 batch=2410/3000 step=5410 repair=0.1231 localization=0 type=0 minimal=0 physics=0.4434 total=0.1452
[TRAIN train_climax_no_minimal_change_s44] [TRAIN] stage=finetune epoch=1/1 batch=2420/3000 step=5420 repair=0.1201 localization=0 type=0 minimal=0 physics=0.4394 total=0.1421
[TRAIN train_climax_no_minimal_change_s44] [TRAIN] stage=finetune epoch=1/1 batch=2430/3000 step=5430 repair=0.1186 localization=0 type=0 minimal=0 physics=0.4709 total=0.1422
[TRAIN train_climax_no_minimal_change_s44] [TRAIN] stage=finetune epoch=1/1 batch=2440/3000 step=5440 repair=0.08546 localization=0 type=0 minimal=0 physics=0.468 total=0.1089
[TRAIN train_climax_no_minimal_change_s44] [TRAIN] stage=finetune epoch=1/1 batch=2450/3000 step=5450 repair=0.05763 localization=0 type=0 minimal=0 physics=0.4906 total=0.08215
[TRAIN train_climax_no_minimal_change_s44] [TRAIN] stage=finetune epoch=1/1 batch=2460/3000 step=5460 repair=0.1281 localization=0 type=0 minimal=0 physics=0.4006 total=0.1481
[TRAIN train_climax_no_minimal_change_s44] [TRAIN] stage=finetune epoch=1/1 batch=2470/3000 step=5470 repair=0.09457 localization=0 type=0 minimal=0 physics=0.4122 total=0.1152
[TRAIN train_climax_no_minimal_change_s44] [TRAIN] stage=finetune epoch=1/1 batch=2480/3000 step=5480 repair=0.1092 localization=0 type=0 minimal=0 physics=0.4084 total=0.1296
[TRAIN train_climax_no_minimal_change_s44] [TRAIN] stage=finetune epoch=1/1 batch=2490/3000 step=5490 repair=0.08409 localization=0 type=0 minimal=0 physics=0.4622 total=0.1072
[TRAIN train_climax_no_minimal_change_s44] [TRAIN] stage=finetune epoch=1/1 batch=2500/3000 step=5500 repair=0.08717 localization=0 type=0 minimal=0 physics=0.6236 total=0.1183
[TRAIN train_climax_no_minimal_change_s44] [TRAIN] stage=finetune epoch=1/1 batch=2510/3000 step=5510 repair=0.05903 localization=0 type=0 minimal=0 physics=0.5923 total=0.08865
[TRAIN train_climax_no_minimal_change_s44] [TRAIN] stage=finetune epoch=1/1 batch=2520/3000 step=5520 repair=0.0906 localization=0 type=0 minimal=0 physics=0.4613 total=0.1137
[TRAIN train_climax_no_minimal_change_s44] [TRAIN] stage=finetune epoch=1/1 batch=2530/3000 step=5530 repair=0.1611 localization=0 type=0 minimal=0 physics=0.4233 total=0.1823
[TRAIN train_climax_no_minimal_change_s44] [TRAIN] stage=finetune epoch=1/1 batch=2540/3000 step=5540 repair=0.119 localization=0 type=0 minimal=0 physics=0.4322 total=0.1406
[TRAIN train_climax_no_minimal_change_s44] [TRAIN] stage=finetune epoch=1/1 batch=2550/3000 step=5550 repair=0.1238 localization=0 type=0 minimal=0 physics=0.5034 total=0.1489
[TRAIN train_climax_no_minimal_change_s44] [TRAIN] stage=finetune epoch=1/1 batch=2560/3000 step=5560 repair=0.1125 localization=0 type=0 minimal=0 physics=0.5916 total=0.1421
[TRAIN train_climax_no_minimal_change_s44] [TRAIN] stage=finetune epoch=1/1 batch=2570/3000 step=5570 repair=0.1021 localization=0 type=0 minimal=0 physics=0.4938 total=0.1268
[TRAIN train_climax_no_minimal_change_s44] [TRAIN] stage=finetune epoch=1/1 batch=2580/3000 step=5580 repair=0.1369 localization=0 type=0 minimal=0 physics=0.5801 total=0.1659
[TRAIN train_climax_no_minimal_change_s44] [TRAIN] stage=finetune epoch=1/1 batch=2590/3000 step=5590 repair=0.1108 localization=0 type=0 minimal=0 physics=0.4663 total=0.1341
[TRAIN train_climax_no_minimal_change_s44] [TRAIN] stage=finetune epoch=1/1 batch=2600/3000 step=5600 repair=0.1566 localization=0 type=0 minimal=0 physics=0.4207 total=0.1776
[TRAIN train_climax_no_minimal_change_s44] [TRAIN] stage=finetune epoch=1/1 batch=2610/3000 step=5610 repair=0.1098 localization=0 type=0 minimal=0 physics=0.3562 total=0.1276
[TRAIN train_climax_no_minimal_change_s44] [TRAIN] stage=finetune epoch=1/1 batch=2620/3000 step=5620 repair=0.1271 localization=0 type=0 minimal=0 physics=0.3324 total=0.1437
[TRAIN train_climax_no_minimal_change_s44] [TRAIN] stage=finetune epoch=1/1 batch=2630/3000 step=5630 repair=0.1521 localization=0 type=0 minimal=0 physics=0.4871 total=0.1765
[TRAIN train_climax_no_minimal_change_s44] [TRAIN] stage=finetune epoch=1/1 batch=2640/3000 step=5640 repair=0.09687 localization=0 type=0 minimal=0 physics=0.3387 total=0.1138
[TRAIN train_climax_no_minimal_change_s44] [TRAIN] stage=finetune epoch=1/1 batch=2650/3000 step=5650 repair=0.1789 localization=0 type=0 minimal=0 physics=0.3735 total=0.1975
[TRAIN train_climax_no_minimal_change_s44] [TRAIN] stage=finetune epoch=1/1 batch=2660/3000 step=5660 repair=0.1564 localization=0 type=0 minimal=0 physics=0.346 total=0.1737
[TRAIN train_climax_no_minimal_change_s44] [TRAIN] stage=finetune epoch=1/1 batch=2670/3000 step=5670 repair=0.1232 localization=0 type=0 minimal=0 physics=0.5023 total=0.1483
[TRAIN train_climax_no_minimal_change_s44] [TRAIN] stage=finetune epoch=1/1 batch=2680/3000 step=5680 repair=0.07329 localization=0 type=0 minimal=0 physics=0.3826 total=0.09242
[TRAIN train_climax_no_minimal_change_s44] [TRAIN] stage=finetune epoch=1/1 batch=2690/3000 step=5690 repair=0.06911 localization=0 type=0 minimal=0 physics=0.4985 total=0.09403
[TRAIN train_climax_no_minimal_change_s44] [TRAIN] stage=finetune epoch=1/1 batch=2700/3000 step=5700 repair=0.1142 localization=0 type=0 minimal=0 physics=0.4502 total=0.1367
[TRAIN train_climax_no_minimal_change_s44] [TRAIN] stage=finetune epoch=1/1 batch=2710/3000 step=5710 repair=0.07478 localization=0 type=0 minimal=0 physics=0.3341 total=0.09148
[TRAIN train_climax_no_minimal_change_s44] [TRAIN] stage=finetune epoch=1/1 batch=2720/3000 step=5720 repair=0.06429 localization=0 type=0 minimal=0 physics=0.3189 total=0.08024
[TRAIN train_climax_no_minimal_change_s44] [TRAIN] stage=finetune epoch=1/1 batch=2730/3000 step=5730 repair=0.07588 localization=0 type=0 minimal=0 physics=0.3672 total=0.09424
[TRAIN train_climax_no_minimal_change_s44] [TRAIN] stage=finetune epoch=1/1 batch=2740/3000 step=5740 repair=0.109 localization=0 type=0 minimal=0 physics=0.4121 total=0.1296
[TRAIN train_climax_no_minimal_change_s44] [TRAIN] stage=finetune epoch=1/1 batch=2750/3000 step=5750 repair=0.08006 localization=0 type=0 minimal=0 physics=0.4099 total=0.1006
[TRAIN train_climax_no_minimal_change_s44] [TRAIN] stage=finetune epoch=1/1 batch=2760/3000 step=5760 repair=0.1059 localization=0 type=0 minimal=0 physics=0.4908 total=0.1304
[TRAIN train_climax_no_minimal_change_s44] [TRAIN] stage=finetune epoch=1/1 batch=2770/3000 step=5770 repair=0.1637 localization=0 type=0 minimal=0 physics=0.468 total=0.1871
[TRAIN train_climax_no_minimal_change_s44] [TRAIN] stage=finetune epoch=1/1 batch=2780/3000 step=5780 repair=0.1168 localization=0 type=0 minimal=0 physics=0.4108 total=0.1373
[TRAIN train_climax_no_minimal_change_s44] [TRAIN] stage=finetune epoch=1/1 batch=2790/3000 step=5790 repair=0.1149 localization=0 type=0 minimal=0 physics=0.3767 total=0.1337
[TRAIN train_climax_no_minimal_change_s44] [TRAIN] stage=finetune epoch=1/1 batch=2800/3000 step=5800 repair=0.06151 localization=0 type=0 minimal=0 physics=0.3478 total=0.0789
[TRAIN train_climax_no_minimal_change_s44] [TRAIN] stage=finetune epoch=1/1 batch=2810/3000 step=5810 repair=0.07308 localization=0 type=0 minimal=0 physics=0.3776 total=0.09196
[TRAIN train_climax_no_minimal_change_s44] [TRAIN] stage=finetune epoch=1/1 batch=2820/3000 step=5820 repair=0.117 localization=0 type=0 minimal=0 physics=0.3362 total=0.1338
[TRAIN train_climax_no_minimal_change_s44] [TRAIN] stage=finetune epoch=1/1 batch=2830/3000 step=5830 repair=0.07785 localization=0 type=0 minimal=0 physics=0.3562 total=0.09566
[TRAIN train_climax_no_minimal_change_s44] [TRAIN] stage=finetune epoch=1/1 batch=2840/3000 step=5840 repair=0.07229 localization=0 type=0 minimal=0 physics=0.5116 total=0.09787
[TRAIN train_climax_no_minimal_change_s44] [TRAIN] stage=finetune epoch=1/1 batch=2850/3000 step=5850 repair=0.1094 localization=0 type=0 minimal=0 physics=0.415 total=0.1301
[TRAIN train_climax_no_minimal_change_s44] [TRAIN] stage=finetune epoch=1/1 batch=2860/3000 step=5860 repair=0.1486 localization=0 type=0 minimal=0 physics=0.4078 total=0.1689
[TRAIN train_climax_no_minimal_change_s44] [TRAIN] stage=finetune epoch=1/1 batch=2870/3000 step=5870 repair=0.0753 localization=0 type=0 minimal=0 physics=0.4693 total=0.09877
[TRAIN train_climax_no_minimal_change_s44] [TRAIN] stage=finetune epoch=1/1 batch=2880/3000 step=5880 repair=0.1066 localization=0 type=0 minimal=0 physics=0.3992 total=0.1266
[TRAIN train_climax_no_minimal_change_s44] [TRAIN] stage=finetune epoch=1/1 batch=2890/3000 step=5890 repair=0.1201 localization=0 type=0 minimal=0 physics=0.5039 total=0.1453
[TRAIN train_climax_no_minimal_change_s44] [TRAIN] stage=finetune epoch=1/1 batch=2900/3000 step=5900 repair=0.07273 localization=0 type=0 minimal=0 physics=0.4139 total=0.09343
[TRAIN train_climax_no_minimal_change_s44] [TRAIN] stage=finetune epoch=1/1 batch=2910/3000 step=5910 repair=0.1672 localization=0 type=0 minimal=0 physics=0.3832 total=0.1864
[TRAIN train_climax_no_minimal_change_s44] [TRAIN] stage=finetune epoch=1/1 batch=2920/3000 step=5920 repair=0.1103 localization=0 type=0 minimal=0 physics=0.463 total=0.1335
[TRAIN train_climax_no_minimal_change_s44] [TRAIN] stage=finetune epoch=1/1 batch=2930/3000 step=5930 repair=0.1116 localization=0 type=0 minimal=0 physics=0.3915 total=0.1312
[TRAIN train_climax_no_minimal_change_s44] [TRAIN] stage=finetune epoch=1/1 batch=2940/3000 step=5940 repair=0.0857 localization=0 type=0 minimal=0 physics=0.3764 total=0.1045
[TRAIN train_climax_no_minimal_change_s44] [TRAIN] stage=finetune epoch=1/1 batch=2950/3000 step=5950 repair=0.07541 localization=0 type=0 minimal=0 physics=0.3703 total=0.09393
[TRAIN train_climax_no_minimal_change_s44] [TRAIN] stage=finetune epoch=1/1 batch=2960/3000 step=5960 repair=0.0772 localization=0 type=0 minimal=0 physics=0.3474 total=0.09457
[TRAIN train_climax_no_minimal_change_s44] [TRAIN] stage=finetune epoch=1/1 batch=2970/3000 step=5970 repair=0.07402 localization=0 type=0 minimal=0 physics=0.3369 total=0.09086
[TRAIN train_climax_no_minimal_change_s44] [TRAIN] stage=finetune epoch=1/1 batch=2980/3000 step=5980 repair=0.07826 localization=0 type=0 minimal=0 physics=0.4696 total=0.1017
[TRAIN train_climax_no_minimal_change_s44] [TRAIN] stage=finetune epoch=1/1 batch=2990/3000 step=5990 repair=0.1158 localization=0 type=0 minimal=0 physics=0.5704 total=0.1443
[TRAIN train_climax_no_minimal_change_s44] [TRAIN] stage=finetune epoch=1/1 batch=3000/3000 step=6000 repair=0.1119 localization=0 type=0 minimal=0 physics=0.3858 total=0.1312
[TRAIN train_climax_no_minimal_change_s44] [EPOCH] {'stage': 'finetune', 'epoch': 0, 'global_step': 6000, 'train_total': 0.17647855913887422, 'val_repair_mse': 0.1150098405778408, 'elapsed_seconds': 3430.36}
[TRAIN train_climax_no_minimal_change_s44] [BEST] val_repair_mse=0.11501
[TRAIN train_climax_no_minimal_change_s44] [TRAIN COMPLETE] {
[TRAIN train_climax_no_minimal_change_s44]   "run_id": "prelim20_train_climax_no_minimal_change_s44",
[TRAIN train_climax_no_minimal_change_s44]   "status": "completed",
[TRAIN train_climax_no_minimal_change_s44]   "method": "no_minimal_change",
[TRAIN train_climax_no_minimal_change_s44]   "backbone": "climax",
[TRAIN train_climax_no_minimal_change_s44]   "seed": 44,
[TRAIN train_climax_no_minimal_change_s44]   "forecast_provider": "zarr_frozen_fm",
[TRAIN train_climax_no_minimal_change_s44]   "best_val_repair_mse": 0.1150098405778408,
[TRAIN train_climax_no_minimal_change_s44]   "global_step": 6000,
[TRAIN train_climax_no_minimal_change_s44]   "elapsed_seconds": 3430.51,
[TRAIN train_climax_no_minimal_change_s44]   "checkpoint_best": "/home/tahiti/ConserveFM/runs/prelim20_train/train_climax_no_minimal_change_s44/checkpoint_best.pt",
[TRAIN train_climax_no_minimal_change_s44]   "checkpoint_last": "/home/tahiti/ConserveFM/runs/prelim20_train/train_climax_no_minimal_change_s44/checkpoint_last.pt"
[TRAIN train_climax_no_minimal_change_s44] }
