[TRAIN train_prithvi_wxc_conservefm_full_s43] [SETUP] device=cuda
[TRAIN train_prithvi_wxc_conservefm_full_s43] [SETUP] run_id=prelim20_train_prithvi_wxc_conservefm_full_s43 method=conservefm_full backbone=prithvi_wxc
[TRAIN train_prithvi_wxc_conservefm_full_s43] [FORECAST] using frozen forecast cache: /home/tahiti/ConserveFM/forecasts/prithvi_wxc.zarr
[TRAIN train_prithvi_wxc_conservefm_full_s43] [STAGE] pretrain epochs=1 start_epoch=0
[TRAIN train_prithvi_wxc_conservefm_full_s43] [TRAIN] stage=pretrain epoch=1/1 batch=10/3000 step=10 repair=0.02199 localization=0.4142 type=1.204 minimal=0.1084 physics=2.091 total=0.3784
[TRAIN train_prithvi_wxc_conservefm_full_s43] [TRAIN] stage=pretrain epoch=1/1 batch=20/3000 step=20 repair=0.00925 localization=0.3457 type=1.645 minimal=0.07281 physics=1.449 total=0.2815
[TRAIN train_prithvi_wxc_conservefm_full_s43] [TRAIN] stage=pretrain epoch=1/1 batch=30/3000 step=30 repair=0.007575 localization=0.243 type=1.703 minimal=0.06165 physics=0.9584 total=0.3958
[TRAIN train_prithvi_wxc_conservefm_full_s43] [TRAIN] stage=pretrain epoch=1/1 batch=40/3000 step=40 repair=0.004443 localization=0.2431 type=1.556 minimal=0.04111 physics=0.9894 total=0.3818
[TRAIN train_prithvi_wxc_conservefm_full_s43] [TRAIN] stage=pretrain epoch=1/1 batch=50/3000 step=50 repair=0.004678 localization=0.2944 type=2.069 minimal=0.04523 physics=0.5618 total=0.4599
[TRAIN train_prithvi_wxc_conservefm_full_s43] [TRAIN] stage=pretrain epoch=1/1 batch=60/3000 step=60 repair=0.003638 localization=0.2602 type=1.965 minimal=0.03705 physics=0.3467 total=0.393
[TRAIN train_prithvi_wxc_conservefm_full_s43] [TRAIN] stage=pretrain epoch=1/1 batch=70/3000 step=70 repair=0.005841 localization=0.2618 type=1.789 minimal=0.03339 physics=0.5226 total=0.4117
[TRAIN train_prithvi_wxc_conservefm_full_s43] [TRAIN] stage=pretrain epoch=1/1 batch=80/3000 step=80 repair=0.002553 localization=0.2586 type=1.725 minimal=0.02902 physics=0.3064 total=0.3743
[TRAIN train_prithvi_wxc_conservefm_full_s43] [TRAIN] stage=pretrain epoch=1/1 batch=90/3000 step=90 repair=0.002303 localization=0.326 type=1.729 minimal=0.02637 physics=0.1473 total=0.3674
[TRAIN train_prithvi_wxc_conservefm_full_s43] [TRAIN] stage=pretrain epoch=1/1 batch=100/3000 step=100 repair=0.008825 localization=0.2377 type=0.6274 minimal=0.03864 physics=1.25 total=0.1582
[TRAIN train_prithvi_wxc_conservefm_full_s43] [TRAIN] stage=pretrain epoch=1/1 batch=110/3000 step=110 repair=0.003524 localization=0.2245 type=1.666 minimal=0.03131 physics=0.3777 total=0.3169
[TRAIN train_prithvi_wxc_conservefm_full_s43] [TRAIN] stage=pretrain epoch=1/1 batch=120/3000 step=120 repair=0.007849 localization=0.302 type=2.048 minimal=0.03433 physics=0.3165 total=0.3938
[TRAIN train_prithvi_wxc_conservefm_full_s43] [TRAIN] stage=pretrain epoch=1/1 batch=130/3000 step=130 repair=0.01763 localization=0.3108 type=2.64 minimal=0.034 physics=0.2771 total=0.5499
[TRAIN train_prithvi_wxc_conservefm_full_s43] [TRAIN] stage=pretrain epoch=1/1 batch=140/3000 step=140 repair=0.007657 localization=0.3149 type=2.2 minimal=0.0321 physics=0.2916 total=0.4706
[TRAIN train_prithvi_wxc_conservefm_full_s43] [TRAIN] stage=pretrain epoch=1/1 batch=150/3000 step=150 repair=0.01312 localization=0.2907 type=1.837 minimal=0.03119 physics=0.8289 total=0.4289
[TRAIN train_prithvi_wxc_conservefm_full_s43] [TRAIN] stage=pretrain epoch=1/1 batch=160/3000 step=160 repair=0.005262 localization=0.2851 type=1.561 minimal=0.02831 physics=0.375 total=0.2089
[TRAIN train_prithvi_wxc_conservefm_full_s43] [TRAIN] stage=pretrain epoch=1/1 batch=170/3000 step=170 repair=0.006894 localization=0.246 type=1.437 minimal=0.0274 physics=0.2297 total=0.2828
[TRAIN train_prithvi_wxc_conservefm_full_s43] [TRAIN] stage=pretrain epoch=1/1 batch=180/3000 step=180 repair=0.009125 localization=0.271 type=0.7493 minimal=0.02928 physics=0.7857 total=0.1507
[TRAIN train_prithvi_wxc_conservefm_full_s43] [TRAIN] stage=pretrain epoch=1/1 batch=190/3000 step=190 repair=0.005956 localization=0.2764 type=2.581 minimal=0.02901 physics=0.5281 total=0.4116
[TRAIN train_prithvi_wxc_conservefm_full_s43] [TRAIN] stage=pretrain epoch=1/1 batch=200/3000 step=200 repair=0.003521 localization=0.2321 type=2.418 minimal=0.02882 physics=0.3606 total=0.4799
[TRAIN train_prithvi_wxc_conservefm_full_s43] [TRAIN] stage=pretrain epoch=1/1 batch=210/3000 step=210 repair=0.002895 localization=0.3045 type=2.177 minimal=0.02686 physics=0.2234 total=0.4808
[TRAIN train_prithvi_wxc_conservefm_full_s43] [TRAIN] stage=pretrain epoch=1/1 batch=220/3000 step=220 repair=0.004811 localization=0.2888 type=1.244 minimal=0.02716 physics=0.2691 total=0.2722
[TRAIN train_prithvi_wxc_conservefm_full_s43] [TRAIN] stage=pretrain epoch=1/1 batch=230/3000 step=230 repair=0.004372 localization=0.229 type=0.8416 minimal=0.02551 physics=0.1407 total=0.1797
[TRAIN train_prithvi_wxc_conservefm_full_s43] [TRAIN] stage=pretrain epoch=1/1 batch=240/3000 step=240 repair=0.005358 localization=0.3037 type=2.922 minimal=0.02591 physics=0.2067 total=0.5972
[TRAIN train_prithvi_wxc_conservefm_full_s43] [TRAIN] stage=pretrain epoch=1/1 batch=250/3000 step=250 repair=0.02203 localization=0.2998 type=2.03 minimal=0.02614 physics=0.4 total=0.4251
[TRAIN train_prithvi_wxc_conservefm_full_s43] [TRAIN] stage=pretrain epoch=1/1 batch=260/3000 step=260 repair=0.003329 localization=0.3159 type=1.401 minimal=0.024 physics=0.1628 total=0.3075
[TRAIN train_prithvi_wxc_conservefm_full_s43] [TRAIN] stage=pretrain epoch=1/1 batch=270/3000 step=270 repair=0.01555 localization=0.2231 type=2.391 minimal=0.02805 physics=0.4212 total=0.5241
[TRAIN train_prithvi_wxc_conservefm_full_s43] [TRAIN] stage=pretrain epoch=1/1 batch=280/3000 step=280 repair=0.005117 localization=0.3652 type=1.328 minimal=0.02435 physics=0.2136 total=0.3186
[TRAIN train_prithvi_wxc_conservefm_full_s43] [TRAIN] stage=pretrain epoch=1/1 batch=290/3000 step=290 repair=0.003342 localization=0.3113 type=1.888 minimal=0.02449 physics=0.1188 total=0.3979
[TRAIN train_prithvi_wxc_conservefm_full_s43] [TRAIN] stage=pretrain epoch=1/1 batch=300/3000 step=300 repair=0.02747 localization=0.355 type=2.111 minimal=0.02658 physics=0.4082 total=0.4901
[TRAIN train_prithvi_wxc_conservefm_full_s43] [TRAIN] stage=pretrain epoch=1/1 batch=310/3000 step=310 repair=0.005174 localization=0.2179 type=1.368 minimal=0.02458 physics=0.7101 total=0.1995
[TRAIN train_prithvi_wxc_conservefm_full_s43] [TRAIN] stage=pretrain epoch=1/1 batch=320/3000 step=320 repair=0.003685 localization=0.2212 type=1.989 minimal=0.02443 physics=0.1446 total=0.406
[TRAIN train_prithvi_wxc_conservefm_full_s43] [TRAIN] stage=pretrain epoch=1/1 batch=330/3000 step=330 repair=0.002914 localization=0.3405 type=2.069 minimal=0.02779 physics=0.2214 total=0.3364
[TRAIN train_prithvi_wxc_conservefm_full_s43] [TRAIN] stage=pretrain epoch=1/1 batch=340/3000 step=340 repair=0.007145 localization=0.2121 type=2.78 minimal=0.02744 physics=0.1748 total=0.5141
[TRAIN train_prithvi_wxc_conservefm_full_s43] [TRAIN] stage=pretrain epoch=1/1 batch=350/3000 step=350 repair=0.004216 localization=0.3311 type=1.208 minimal=0.02298 physics=0.8952 total=0.2031
[TRAIN train_prithvi_wxc_conservefm_full_s43] [TRAIN] stage=pretrain epoch=1/1 batch=360/3000 step=360 repair=0.008504 localization=0.2236 type=2.086 minimal=0.02806 physics=0.4111 total=0.4244
[TRAIN train_prithvi_wxc_conservefm_full_s43] [TRAIN] stage=pretrain epoch=1/1 batch=370/3000 step=370 repair=0.003138 localization=0.3432 type=1.932 minimal=0.0247 physics=0.1551 total=0.3921
[TRAIN train_prithvi_wxc_conservefm_full_s43] [TRAIN] stage=pretrain epoch=1/1 batch=380/3000 step=380 repair=0.004625 localization=0.2943 type=1.308 minimal=0.02255 physics=0.6917 total=0.3344
[TRAIN train_prithvi_wxc_conservefm_full_s43] [TRAIN] stage=pretrain epoch=1/1 batch=390/3000 step=390 repair=0.005358 localization=0.2633 type=2.195 minimal=0.02206 physics=0.3308 total=0.4704
[TRAIN train_prithvi_wxc_conservefm_full_s43] [TRAIN] stage=pretrain epoch=1/1 batch=400/3000 step=400 repair=0.006214 localization=0.2571 type=1.953 minimal=0.02104 physics=1.193 total=0.287
[TRAIN train_prithvi_wxc_conservefm_full_s43] [TRAIN] stage=pretrain epoch=1/1 batch=410/3000 step=410 repair=0.007763 localization=0.2399 type=1.069 minimal=0.0242 physics=1.019 total=0.1898
[TRAIN train_prithvi_wxc_conservefm_full_s43] [TRAIN] stage=pretrain epoch=1/1 batch=420/3000 step=420 repair=0.007609 localization=0.3179 type=2.479 minimal=0.02744 physics=0.2765 total=0.5057
[TRAIN train_prithvi_wxc_conservefm_full_s43] [TRAIN] stage=pretrain epoch=1/1 batch=430/3000 step=430 repair=0.005079 localization=0.1845 type=0.7439 minimal=0.02138 physics=0.9712 total=0.1467
[TRAIN train_prithvi_wxc_conservefm_full_s43] [TRAIN] stage=pretrain epoch=1/1 batch=440/3000 step=440 repair=0.003442 localization=0.3055 type=1.958 minimal=0.02315 physics=0.101 total=0.3495
[TRAIN train_prithvi_wxc_conservefm_full_s43] [TRAIN] stage=pretrain epoch=1/1 batch=450/3000 step=450 repair=0.003411 localization=0.2879 type=0.7874 minimal=0.01999 physics=0.4239 total=0.1323
[TRAIN train_prithvi_wxc_conservefm_full_s43] [TRAIN] stage=pretrain epoch=1/1 batch=460/3000 step=460 repair=0.02082 localization=0.2413 type=0.5092 minimal=0.02515 physics=1.441 total=0.1682
[TRAIN train_prithvi_wxc_conservefm_full_s43] [TRAIN] stage=pretrain epoch=1/1 batch=470/3000 step=470 repair=0.01387 localization=0.1797 type=1.848 minimal=0.02448 physics=0.4175 total=0.3327
[TRAIN train_prithvi_wxc_conservefm_full_s43] [TRAIN] stage=pretrain epoch=1/1 batch=480/3000 step=480 repair=0.002822 localization=0.4298 type=2.832 minimal=0.02299 physics=0.1209 total=0.5358
[TRAIN train_prithvi_wxc_conservefm_full_s43] [TRAIN] stage=pretrain epoch=1/1 batch=490/3000 step=490 repair=0.003998 localization=0.2944 type=2.679 minimal=0.02415 physics=0.231 total=0.5118
[TRAIN train_prithvi_wxc_conservefm_full_s43] [TRAIN] stage=pretrain epoch=1/1 batch=500/3000 step=500 repair=0.005287 localization=0.2469 type=2.218 minimal=0.02351 physics=0.4669 total=0.4347
[TRAIN train_prithvi_wxc_conservefm_full_s43] [TRAIN] stage=pretrain epoch=1/1 batch=510/3000 step=510 repair=0.005541 localization=0.2969 type=1.375 minimal=0.02318 physics=0.2052 total=0.2842
[TRAIN train_prithvi_wxc_conservefm_full_s43] [TRAIN] stage=pretrain epoch=1/1 batch=520/3000 step=520 repair=0.006992 localization=0.4029 type=2.634 minimal=0.02216 physics=0.2538 total=0.5426
[TRAIN train_prithvi_wxc_conservefm_full_s43] [TRAIN] stage=pretrain epoch=1/1 batch=530/3000 step=530 repair=0.003906 localization=0.241 type=2.293 minimal=0.02245 physics=0.1535 total=0.4721
[TRAIN train_prithvi_wxc_conservefm_full_s43] [TRAIN] stage=pretrain epoch=1/1 batch=540/3000 step=540 repair=0.003173 localization=0.3101 type=1.844 minimal=0.02515 physics=0.1636 total=0.3772
[TRAIN train_prithvi_wxc_conservefm_full_s43] [TRAIN] stage=pretrain epoch=1/1 batch=550/3000 step=550 repair=0.002119 localization=0.2349 type=1.397 minimal=0.01981 physics=0.09626 total=0.3002
[TRAIN train_prithvi_wxc_conservefm_full_s43] [TRAIN] stage=pretrain epoch=1/1 batch=560/3000 step=560 repair=0.003676 localization=0.1742 type=1.269 minimal=0.0208 physics=0.1294 total=0.2622
[TRAIN train_prithvi_wxc_conservefm_full_s43] [TRAIN] stage=pretrain epoch=1/1 batch=570/3000 step=570 repair=0.01768 localization=0.2052 type=1.464 minimal=0.02213 physics=1.642 total=0.267
[TRAIN train_prithvi_wxc_conservefm_full_s43] [TRAIN] stage=pretrain epoch=1/1 batch=580/3000 step=580 repair=0.003492 localization=0.3489 type=2.027 minimal=0.02119 physics=0.122 total=0.4323
[TRAIN train_prithvi_wxc_conservefm_full_s43] [TRAIN] stage=pretrain epoch=1/1 batch=590/3000 step=590 repair=0.005299 localization=0.3204 type=1.135 minimal=0.01962 physics=0.1141 total=0.2691
[TRAIN train_prithvi_wxc_conservefm_full_s43] [TRAIN] stage=pretrain epoch=1/1 batch=600/3000 step=600 repair=0.003168 localization=0.294 type=1.938 minimal=0.0204 physics=0.107 total=0.3557
[TRAIN train_prithvi_wxc_conservefm_full_s43] [TRAIN] stage=pretrain epoch=1/1 batch=610/3000 step=610 repair=0.00291 localization=0.1642 type=1.982 minimal=0.02061 physics=0.4041 total=0.238
[TRAIN train_prithvi_wxc_conservefm_full_s43] [TRAIN] stage=pretrain epoch=1/1 batch=620/3000 step=620 repair=0.01958 localization=0.2432 type=1.211 minimal=0.02107 physics=1.624 total=0.2464
[TRAIN train_prithvi_wxc_conservefm_full_s43] [TRAIN] stage=pretrain epoch=1/1 batch=630/3000 step=630 repair=0.007282 localization=0.2516 type=2.374 minimal=0.02661 physics=0.303 total=0.4539
[TRAIN train_prithvi_wxc_conservefm_full_s43] [TRAIN] stage=pretrain epoch=1/1 batch=640/3000 step=640 repair=0.002184 localization=0.3995 type=2.187 minimal=0.02179 physics=0.1089 total=0.4273
[TRAIN train_prithvi_wxc_conservefm_full_s43] [TRAIN] stage=pretrain epoch=1/1 batch=650/3000 step=650 repair=0.01099 localization=0.2786 type=1.993 minimal=0.02289 physics=0.2004 total=0.3835
[TRAIN train_prithvi_wxc_conservefm_full_s43] [TRAIN] stage=pretrain epoch=1/1 batch=660/3000 step=660 repair=0.003888 localization=0.3706 type=1.686 minimal=0.02087 physics=0.4001 total=0.3761
[TRAIN train_prithvi_wxc_conservefm_full_s43] [TRAIN] stage=pretrain epoch=1/1 batch=670/3000 step=670 repair=0.005601 localization=0.1974 type=1.944 minimal=0.02364 physics=0.2184 total=0.3888
[TRAIN train_prithvi_wxc_conservefm_full_s43] [TRAIN] stage=pretrain epoch=1/1 batch=680/3000 step=680 repair=0.002473 localization=0.2577 type=1.953 minimal=0.01862 physics=0.1229 total=0.3903
[TRAIN train_prithvi_wxc_conservefm_full_s43] [TRAIN] stage=pretrain epoch=1/1 batch=690/3000 step=690 repair=0.003215 localization=0.3027 type=2.135 minimal=0.01733 physics=0.09397 total=0.4122
[TRAIN train_prithvi_wxc_conservefm_full_s43] [TRAIN] stage=pretrain epoch=1/1 batch=700/3000 step=700 repair=0.003372 localization=0.2074 type=1.086 minimal=0.02396 physics=0.2848 total=0.24
[TRAIN train_prithvi_wxc_conservefm_full_s43] [TRAIN] stage=pretrain epoch=1/1 batch=710/3000 step=710 repair=0.006359 localization=0.2725 type=1.558 minimal=0.01871 physics=0.0913 total=0.3331
[TRAIN train_prithvi_wxc_conservefm_full_s43] [TRAIN] stage=pretrain epoch=1/1 batch=720/3000 step=720 repair=0.002723 localization=0.2304 type=1.584 minimal=0.01891 physics=0.1465 total=0.3358
[TRAIN train_prithvi_wxc_conservefm_full_s43] [TRAIN] stage=pretrain epoch=1/1 batch=730/3000 step=730 repair=0.002501 localization=0.3349 type=1.718 minimal=0.01929 physics=0.08316 total=0.362
[TRAIN train_prithvi_wxc_conservefm_full_s43] [TRAIN] stage=pretrain epoch=1/1 batch=740/3000 step=740 repair=0.005408 localization=0.2381 type=1.357 minimal=0.02118 physics=0.1794 total=0.2828
[TRAIN train_prithvi_wxc_conservefm_full_s43] [TRAIN] stage=pretrain epoch=1/1 batch=750/3000 step=750 repair=0.01016 localization=0.108 type=1.619 minimal=0.03455 physics=0.3873 total=0.3777
[TRAIN train_prithvi_wxc_conservefm_full_s43] [TRAIN] stage=pretrain epoch=1/1 batch=760/3000 step=760 repair=0.003399 localization=0.2705 type=1.678 minimal=0.02219 physics=0.1864 total=0.3448
[TRAIN train_prithvi_wxc_conservefm_full_s43] [TRAIN] stage=pretrain epoch=1/1 batch=770/3000 step=770 repair=0.003506 localization=0.2291 type=1.665 minimal=0.02538 physics=0.2331 total=0.3465
[TRAIN train_prithvi_wxc_conservefm_full_s43] [TRAIN] stage=pretrain epoch=1/1 batch=780/3000 step=780 repair=0.02614 localization=0.3338 type=1.368 minimal=0.04041 physics=0.8568 total=0.3191
[TRAIN train_prithvi_wxc_conservefm_full_s43] [TRAIN] stage=pretrain epoch=1/1 batch=790/3000 step=790 repair=0.00506 localization=0.2252 type=1.074 minimal=0.02545 physics=0.2575 total=0.2258
[TRAIN train_prithvi_wxc_conservefm_full_s43] [TRAIN] stage=pretrain epoch=1/1 batch=800/3000 step=800 repair=0.007592 localization=0.3839 type=1.87 minimal=0.02376 physics=1.849 total=0.3257
[TRAIN train_prithvi_wxc_conservefm_full_s43] [TRAIN] stage=pretrain epoch=1/1 batch=810/3000 step=810 repair=0.002684 localization=0.2665 type=1.202 minimal=0.02022 physics=0.08724 total=0.2511
[TRAIN train_prithvi_wxc_conservefm_full_s43] [TRAIN] stage=pretrain epoch=1/1 batch=820/3000 step=820 repair=0.003049 localization=0.4749 type=1.287 minimal=0.02347 physics=0.1128 total=0.2917
[TRAIN train_prithvi_wxc_conservefm_full_s43] [TRAIN] stage=pretrain epoch=1/1 batch=830/3000 step=830 repair=0.009684 localization=0.3466 type=1.871 minimal=0.02026 physics=1.53 total=0.3081
[TRAIN train_prithvi_wxc_conservefm_full_s43] [TRAIN] stage=pretrain epoch=1/1 batch=840/3000 step=840 repair=0.002408 localization=0.2678 type=1.677 minimal=0.01901 physics=0.3782 total=0.216
[TRAIN train_prithvi_wxc_conservefm_full_s43] [TRAIN] stage=pretrain epoch=1/1 batch=850/3000 step=850 repair=0.006251 localization=0.2405 type=1.232 minimal=0.01677 physics=0.08234 total=0.2519
[TRAIN train_prithvi_wxc_conservefm_full_s43] [TRAIN] stage=pretrain epoch=1/1 batch=860/3000 step=860 repair=0.004531 localization=0.3499 type=1.397 minimal=0.02052 physics=0.7438 total=0.2166
[TRAIN train_prithvi_wxc_conservefm_full_s43] [TRAIN] stage=pretrain epoch=1/1 batch=870/3000 step=870 repair=0.007603 localization=0.2668 type=1.819 minimal=0.02193 physics=1.469 total=0.2898
[TRAIN train_prithvi_wxc_conservefm_full_s43] [TRAIN] stage=pretrain epoch=1/1 batch=880/3000 step=880 repair=0.003618 localization=0.3455 type=2.397 minimal=0.02151 physics=0.1152 total=0.5017
[TRAIN train_prithvi_wxc_conservefm_full_s43] [TRAIN] stage=pretrain epoch=1/1 batch=890/3000 step=890 repair=0.007389 localization=0.3014 type=1.497 minimal=0.01982 physics=0.1459 total=0.3062
[TRAIN train_prithvi_wxc_conservefm_full_s43] [TRAIN] stage=pretrain epoch=1/1 batch=900/3000 step=900 repair=0.003284 localization=0.2903 type=1.311 minimal=0.02109 physics=0.1471 total=0.2693
[TRAIN train_prithvi_wxc_conservefm_full_s43] [TRAIN] stage=pretrain epoch=1/1 batch=910/3000 step=910 repair=0.002516 localization=0.2745 type=2.595 minimal=0.01952 physics=0.1541 total=0.506
[TRAIN train_prithvi_wxc_conservefm_full_s43] [TRAIN] stage=pretrain epoch=1/1 batch=920/3000 step=920 repair=0.008186 localization=0.4263 type=2.257 minimal=0.02188 physics=0.5258 total=0.4937
[TRAIN train_prithvi_wxc_conservefm_full_s43] [TRAIN] stage=pretrain epoch=1/1 batch=930/3000 step=930 repair=0.003135 localization=0.2165 type=1.87 minimal=0.01999 physics=0.09019 total=0.3981
[TRAIN train_prithvi_wxc_conservefm_full_s43] [TRAIN] stage=pretrain epoch=1/1 batch=940/3000 step=940 repair=0.003139 localization=0.2835 type=1.812 minimal=0.021 physics=0.2589 total=0.3996
[TRAIN train_prithvi_wxc_conservefm_full_s43] [TRAIN] stage=pretrain epoch=1/1 batch=950/3000 step=950 repair=0.00255 localization=0.3215 type=1.706 minimal=0.01973 physics=0.2711 total=0.3732
[TRAIN train_prithvi_wxc_conservefm_full_s43] [TRAIN] stage=pretrain epoch=1/1 batch=960/3000 step=960 repair=0.003104 localization=0.1844 type=1.805 minimal=0.0191 physics=0.1 total=0.3686
[TRAIN train_prithvi_wxc_conservefm_full_s43] [TRAIN] stage=pretrain epoch=1/1 batch=970/3000 step=970 repair=0.003385 localization=0.2818 type=1.64 minimal=0.01962 physics=0.1274 total=0.3402
[TRAIN train_prithvi_wxc_conservefm_full_s43] [TRAIN] stage=pretrain epoch=1/1 batch=980/3000 step=980 repair=0.00182 localization=0.2742 type=1.27 minimal=0.01627 physics=0.06665 total=0.2781
[TRAIN train_prithvi_wxc_conservefm_full_s43] [TRAIN] stage=pretrain epoch=1/1 batch=990/3000 step=990 repair=0.01054 localization=0.2999 type=2.125 minimal=0.01692 physics=0.1388 total=0.4487
[TRAIN train_prithvi_wxc_conservefm_full_s43] [TRAIN] stage=pretrain epoch=1/1 batch=1000/3000 step=1000 repair=0.006584 localization=0.1089 type=1.014 minimal=0.03152 physics=0.4255 total=0.2244
[TRAIN train_prithvi_wxc_conservefm_full_s43] [TRAIN] stage=pretrain epoch=1/1 batch=1010/3000 step=1010 repair=0.006629 localization=0.2297 type=1.167 minimal=0.02133 physics=1.254 total=0.2091
[TRAIN train_prithvi_wxc_conservefm_full_s43] [TRAIN] stage=pretrain epoch=1/1 batch=1020/3000 step=1020 repair=0.002032 localization=0.2475 type=1.486 minimal=0.0173 physics=0.05022 total=0.287
[TRAIN train_prithvi_wxc_conservefm_full_s43] [TRAIN] stage=pretrain epoch=1/1 batch=1030/3000 step=1030 repair=0.001951 localization=0.2438 type=1.294 minimal=0.01874 physics=0.1179 total=0.2852
[TRAIN train_prithvi_wxc_conservefm_full_s43] [TRAIN] stage=pretrain epoch=1/1 batch=1040/3000 step=1040 repair=0.008883 localization=0.3579 type=1.91 minimal=0.02092 physics=0.4336 total=0.4386
[TRAIN train_prithvi_wxc_conservefm_full_s43] [TRAIN] stage=pretrain epoch=1/1 batch=1050/3000 step=1050 repair=0.001766 localization=0.4046 type=1.723 minimal=0.01851 physics=0.492 total=0.2393
[TRAIN train_prithvi_wxc_conservefm_full_s43] [TRAIN] stage=pretrain epoch=1/1 batch=1060/3000 step=1060 repair=0.003971 localization=0.2879 type=2.252 minimal=0.02145 physics=0.2112 total=0.4498
[TRAIN train_prithvi_wxc_conservefm_full_s43] [TRAIN] stage=pretrain epoch=1/1 batch=1070/3000 step=1070 repair=0.02337 localization=0.2752 type=1.699 minimal=0.02364 physics=2.087 total=0.3253
[TRAIN train_prithvi_wxc_conservefm_full_s43] [TRAIN] stage=pretrain epoch=1/1 batch=1080/3000 step=1080 repair=0.001825 localization=0.2511 type=1.777 minimal=0.01869 physics=0.04806 total=0.2929
[TRAIN train_prithvi_wxc_conservefm_full_s43] [TRAIN] stage=pretrain epoch=1/1 batch=1090/3000 step=1090 repair=0.0111 localization=0.3242 type=1.545 minimal=0.02167 physics=1.273 total=0.3622
[TRAIN train_prithvi_wxc_conservefm_full_s43] [TRAIN] stage=pretrain epoch=1/1 batch=1100/3000 step=1100 repair=0.002051 localization=0.3016 type=1.421 minimal=0.01822 physics=0.08248 total=0.2589
[TRAIN train_prithvi_wxc_conservefm_full_s43] [TRAIN] stage=pretrain epoch=1/1 batch=1110/3000 step=1110 repair=0.002652 localization=0.3118 type=1.435 minimal=0.01732 physics=0.4785 total=0.2959
[TRAIN train_prithvi_wxc_conservefm_full_s43] [TRAIN] stage=pretrain epoch=1/1 batch=1120/3000 step=1120 repair=0.007872 localization=0.265 type=0.9521 minimal=0.01938 physics=1.08 total=0.1838
[TRAIN train_prithvi_wxc_conservefm_full_s43] [TRAIN] stage=pretrain epoch=1/1 batch=1130/3000 step=1130 repair=0.003924 localization=0.2372 type=2.221 minimal=0.01959 physics=0.08617 total=0.3986
[TRAIN train_prithvi_wxc_conservefm_full_s43] [TRAIN] stage=pretrain epoch=1/1 batch=1140/3000 step=1140 repair=0.006758 localization=0.3521 type=2.255 minimal=0.02075 physics=0.4038 total=0.4329
[TRAIN train_prithvi_wxc_conservefm_full_s43] [TRAIN] stage=pretrain epoch=1/1 batch=1150/3000 step=1150 repair=0.003002 localization=0.1995 type=0.7424 minimal=0.01837 physics=0.257 total=0.1102
[TRAIN train_prithvi_wxc_conservefm_full_s43] [TRAIN] stage=pretrain epoch=1/1 batch=1160/3000 step=1160 repair=0.003323 localization=0.2702 type=1.17 minimal=0.02264 physics=0.4089 total=0.168
[TRAIN train_prithvi_wxc_conservefm_full_s43] [TRAIN] stage=pretrain epoch=1/1 batch=1170/3000 step=1170 repair=0.00421 localization=0.3061 type=0.498 minimal=0.02028 physics=0.8425 total=0.127
[TRAIN train_prithvi_wxc_conservefm_full_s43] [TRAIN] stage=pretrain epoch=1/1 batch=1180/3000 step=1180 repair=0.001661 localization=0.297 type=1.708 minimal=0.0164 physics=0.06694 total=0.3045
[TRAIN train_prithvi_wxc_conservefm_full_s43] [TRAIN] stage=pretrain epoch=1/1 batch=1190/3000 step=1190 repair=0.002817 localization=0.2893 type=2.652 minimal=0.0215 physics=0.1235 total=0.5112
[TRAIN train_prithvi_wxc_conservefm_full_s43] [TRAIN] stage=pretrain epoch=1/1 batch=1200/3000 step=1200 repair=0.005922 localization=0.1692 type=0.7488 minimal=0.0305 physics=0.7845 total=0.2004
[TRAIN train_prithvi_wxc_conservefm_full_s43] [TRAIN] stage=pretrain epoch=1/1 batch=1210/3000 step=1210 repair=0.002344 localization=0.2056 type=2.107 minimal=0.01906 physics=0.06944 total=0.4095
[TRAIN train_prithvi_wxc_conservefm_full_s43] [TRAIN] stage=pretrain epoch=1/1 batch=1220/3000 step=1220 repair=0.004707 localization=0.3617 type=1.704 minimal=0.0168 physics=0.1383 total=0.3467
[TRAIN train_prithvi_wxc_conservefm_full_s43] [TRAIN] stage=pretrain epoch=1/1 batch=1230/3000 step=1230 repair=0.003388 localization=0.3223 type=1.383 minimal=0.01843 physics=0.1552 total=0.2754
[TRAIN train_prithvi_wxc_conservefm_full_s43] [TRAIN] stage=pretrain epoch=1/1 batch=1240/3000 step=1240 repair=0.007868 localization=0.2823 type=1.15 minimal=0.01764 physics=0.1527 total=0.2351
[TRAIN train_prithvi_wxc_conservefm_full_s43] [TRAIN] stage=pretrain epoch=1/1 batch=1250/3000 step=1250 repair=0.002838 localization=0.2589 type=2.295 minimal=0.01935 physics=0.1147 total=0.4494
[TRAIN train_prithvi_wxc_conservefm_full_s43] [TRAIN] stage=pretrain epoch=1/1 batch=1260/3000 step=1260 repair=0.01128 localization=0.1488 type=0.2245 minimal=0.06046 physics=3.004 total=0.2114
[TRAIN train_prithvi_wxc_conservefm_full_s43] [TRAIN] stage=pretrain epoch=1/1 batch=1270/3000 step=1270 repair=0.007917 localization=0.2078 type=1.176 minimal=0.02748 physics=0.3623 total=0.2474
[TRAIN train_prithvi_wxc_conservefm_full_s43] [TRAIN] stage=pretrain epoch=1/1 batch=1280/3000 step=1280 repair=0.01921 localization=0.2674 type=1.435 minimal=0.01889 physics=1.298 total=0.2545
[TRAIN train_prithvi_wxc_conservefm_full_s43] [TRAIN] stage=pretrain epoch=1/1 batch=1290/3000 step=1290 repair=0.002667 localization=0.4347 type=1.628 minimal=0.02013 physics=0.1582 total=0.3471
[TRAIN train_prithvi_wxc_conservefm_full_s43] [TRAIN] stage=pretrain epoch=1/1 batch=1300/3000 step=1300 repair=0.001953 localization=0.2179 type=2.157 minimal=0.01859 physics=0.07277 total=0.4003
[TRAIN train_prithvi_wxc_conservefm_full_s43] [TRAIN] stage=pretrain epoch=1/1 batch=1310/3000 step=1310 repair=0.002119 localization=0.2052 type=1.344 minimal=0.01871 physics=0.3596 total=0.2846
[TRAIN train_prithvi_wxc_conservefm_full_s43] [TRAIN] stage=pretrain epoch=1/1 batch=1320/3000 step=1320 repair=0.00661 localization=0.1995 type=1.644 minimal=0.02292 physics=0.2519 total=0.341
[TRAIN train_prithvi_wxc_conservefm_full_s43] [TRAIN] stage=pretrain epoch=1/1 batch=1330/3000 step=1330 repair=0.007201 localization=0.3093 type=1.688 minimal=0.01993 physics=0.1139 total=0.3456
[TRAIN train_prithvi_wxc_conservefm_full_s43] [TRAIN] stage=pretrain epoch=1/1 batch=1340/3000 step=1340 repair=0.01633 localization=0.3573 type=1.708 minimal=0.02129 physics=0.1439 total=0.3504
[TRAIN train_prithvi_wxc_conservefm_full_s43] [TRAIN] stage=pretrain epoch=1/1 batch=1350/3000 step=1350 repair=0.01091 localization=0.1969 type=0.2149 minimal=0.04224 physics=0.8156 total=0.1121
[TRAIN train_prithvi_wxc_conservefm_full_s43] [TRAIN] stage=pretrain epoch=1/1 batch=1360/3000 step=1360 repair=0.002605 localization=0.2477 type=2.052 minimal=0.01955 physics=0.219 total=0.4194
[TRAIN train_prithvi_wxc_conservefm_full_s43] [TRAIN] stage=pretrain epoch=1/1 batch=1370/3000 step=1370 repair=0.003659 localization=0.3199 type=2.321 minimal=0.01859 physics=0.7285 total=0.4938
[TRAIN train_prithvi_wxc_conservefm_full_s43] [TRAIN] stage=pretrain epoch=1/1 batch=1380/3000 step=1380 repair=0.001646 localization=0.3598 type=2.101 minimal=0.01781 physics=0.2752 total=0.4651
[TRAIN train_prithvi_wxc_conservefm_full_s43] [TRAIN] stage=pretrain epoch=1/1 batch=1390/3000 step=1390 repair=0.01168 localization=0.4282 type=2.293 minimal=0.02 physics=1.866 total=0.3773
[TRAIN train_prithvi_wxc_conservefm_full_s43] [TRAIN] stage=pretrain epoch=1/1 batch=1400/3000 step=1400 repair=0.00321 localization=0.2931 type=1.485 minimal=0.01985 physics=0.1745 total=0.3358
[TRAIN train_prithvi_wxc_conservefm_full_s43] [TRAIN] stage=pretrain epoch=1/1 batch=1410/3000 step=1410 repair=0.005094 localization=0.2894 type=2.414 minimal=0.02228 physics=0.1618 total=0.5237
[TRAIN train_prithvi_wxc_conservefm_full_s43] [TRAIN] stage=pretrain epoch=1/1 batch=1420/3000 step=1420 repair=0.002112 localization=0.3703 type=1.365 minimal=0.01935 physics=0.06494 total=0.284
[TRAIN train_prithvi_wxc_conservefm_full_s43] [TRAIN] stage=pretrain epoch=1/1 batch=1430/3000 step=1430 repair=0.003209 localization=0.3743 type=3.514 minimal=0.02185 physics=0.2006 total=0.7386
[TRAIN train_prithvi_wxc_conservefm_full_s43] [TRAIN] stage=pretrain epoch=1/1 batch=1440/3000 step=1440 repair=0.002961 localization=0.1795 type=0.6797 minimal=0.01901 physics=0.2531 total=0.1017
[TRAIN train_prithvi_wxc_conservefm_full_s43] [TRAIN] stage=pretrain epoch=1/1 batch=1450/3000 step=1450 repair=0.007475 localization=0.2796 type=1.646 minimal=0.01758 physics=0.763 total=0.3295
[TRAIN train_prithvi_wxc_conservefm_full_s43] [TRAIN] stage=pretrain epoch=1/1 batch=1460/3000 step=1460 repair=0.002367 localization=0.2747 type=1.485 minimal=0.01837 physics=0.1862 total=0.333
[TRAIN train_prithvi_wxc_conservefm_full_s43] [TRAIN] stage=pretrain epoch=1/1 batch=1470/3000 step=1470 repair=0.001722 localization=0.3271 type=1.397 minimal=0.01507 physics=0.121 total=0.3166
[TRAIN train_prithvi_wxc_conservefm_full_s43] [TRAIN] stage=pretrain epoch=1/1 batch=1480/3000 step=1480 repair=0.00214 localization=0.2736 type=1.346 minimal=0.01694 physics=0.1711 total=0.2873
[TRAIN train_prithvi_wxc_conservefm_full_s43] [TRAIN] stage=pretrain epoch=1/1 batch=1490/3000 step=1490 repair=0.0044 localization=0.1823 type=0.9485 minimal=0.0162 physics=0.8492 total=0.1601
[TRAIN train_prithvi_wxc_conservefm_full_s43] [TRAIN] stage=pretrain epoch=1/1 batch=1500/3000 step=1500 repair=0.00853 localization=0.3764 type=0.9924 minimal=0.01741 physics=1.08 total=0.1996
[TRAIN train_prithvi_wxc_conservefm_full_s43] [TRAIN] stage=pretrain epoch=1/1 batch=1510/3000 step=1510 repair=0.004135 localization=0.336 type=1.846 minimal=0.01863 physics=0.3947 total=0.3657
[TRAIN train_prithvi_wxc_conservefm_full_s43] [TRAIN] stage=pretrain epoch=1/1 batch=1520/3000 step=1520 repair=0.002093 localization=0.343 type=1.504 minimal=0.01787 physics=0.05526 total=0.3143
[TRAIN train_prithvi_wxc_conservefm_full_s43] [TRAIN] stage=pretrain epoch=1/1 batch=1530/3000 step=1530 repair=0.001497 localization=0.3171 type=1.784 minimal=0.01511 physics=0.06569 total=0.353
[TRAIN train_prithvi_wxc_conservefm_full_s43] [TRAIN] stage=pretrain epoch=1/1 batch=1540/3000 step=1540 repair=0.002966 localization=0.3137 type=1.562 minimal=0.01866 physics=0.206 total=0.3267
[TRAIN train_prithvi_wxc_conservefm_full_s43] [TRAIN] stage=pretrain epoch=1/1 batch=1550/3000 step=1550 repair=0.007722 localization=0.2879 type=1.006 minimal=0.0174 physics=0.6389 total=0.1693
[TRAIN train_prithvi_wxc_conservefm_full_s43] [TRAIN] stage=pretrain epoch=1/1 batch=1560/3000 step=1560 repair=0.003294 localization=0.3186 type=1.972 minimal=0.01846 physics=0.06554 total=0.3684
[TRAIN train_prithvi_wxc_conservefm_full_s43] [TRAIN] stage=pretrain epoch=1/1 batch=1570/3000 step=1570 repair=0.005018 localization=0.2404 type=0.7302 minimal=0.02147 physics=0.6273 total=0.1337
[TRAIN train_prithvi_wxc_conservefm_full_s43] [TRAIN] stage=pretrain epoch=1/1 batch=1580/3000 step=1580 repair=0.003644 localization=0.2592 type=2.084 minimal=0.02136 physics=0.1465 total=0.3969
[TRAIN train_prithvi_wxc_conservefm_full_s43] [TRAIN] stage=pretrain epoch=1/1 batch=1590/3000 step=1590 repair=0.002236 localization=0.3648 type=2.039 minimal=0.01974 physics=0.07577 total=0.3965
[TRAIN train_prithvi_wxc_conservefm_full_s43] [TRAIN] stage=pretrain epoch=1/1 batch=1600/3000 step=1600 repair=0.004112 localization=0.18 type=0.3503 minimal=0.02684 physics=0.4356 total=0.1012
[TRAIN train_prithvi_wxc_conservefm_full_s43] [TRAIN] stage=pretrain epoch=1/1 batch=1610/3000 step=1610 repair=0.01227 localization=0.2617 type=1.1 minimal=0.01971 physics=0.212 total=0.2262
[TRAIN train_prithvi_wxc_conservefm_full_s43] [TRAIN] stage=pretrain epoch=1/1 batch=1620/3000 step=1620 repair=0.007517 localization=0.3285 type=1.063 minimal=0.01814 physics=0.1977 total=0.226
[TRAIN train_prithvi_wxc_conservefm_full_s43] [TRAIN] stage=pretrain epoch=1/1 batch=1630/3000 step=1630 repair=0.003003 localization=0.218 type=2.067 minimal=0.01939 physics=0.2406 total=0.4131
[TRAIN train_prithvi_wxc_conservefm_full_s43] [TRAIN] stage=pretrain epoch=1/1 batch=1640/3000 step=1640 repair=0.005281 localization=0.1831 type=0.05701 minimal=0.03262 physics=1.229 total=0.09419
[TRAIN train_prithvi_wxc_conservefm_full_s43] [TRAIN] stage=pretrain epoch=1/1 batch=1650/3000 step=1650 repair=0.02448 localization=0.2806 type=1.121 minimal=0.02596 physics=1.18 total=0.2239
[TRAIN train_prithvi_wxc_conservefm_full_s43] [TRAIN] stage=pretrain epoch=1/1 batch=1660/3000 step=1660 repair=0.002925 localization=0.2889 type=2.353 minimal=0.02216 physics=0.2669 total=0.4357
[TRAIN train_prithvi_wxc_conservefm_full_s43] [TRAIN] stage=pretrain epoch=1/1 batch=1670/3000 step=1670 repair=0.00244 localization=0.2365 type=1.241 minimal=0.02095 physics=0.1402 total=0.2636
[TRAIN train_prithvi_wxc_conservefm_full_s43] [TRAIN] stage=pretrain epoch=1/1 batch=1680/3000 step=1680 repair=0.002445 localization=0.2191 type=1.181 minimal=0.01929 physics=0.07433 total=0.2452
[TRAIN train_prithvi_wxc_conservefm_full_s43] [TRAIN] stage=pretrain epoch=1/1 batch=1690/3000 step=1690 repair=0.002041 localization=0.2521 type=1.338 minimal=0.01756 physics=0.1333 total=0.293
[TRAIN train_prithvi_wxc_conservefm_full_s43] [TRAIN] stage=pretrain epoch=1/1 batch=1700/3000 step=1700 repair=0.003545 localization=0.2609 type=1.83 minimal=0.01665 physics=0.0552 total=0.3671
[TRAIN train_prithvi_wxc_conservefm_full_s43] [TRAIN] stage=pretrain epoch=1/1 batch=1710/3000 step=1710 repair=0.0212 localization=0.3231 type=1.703 minimal=0.01724 physics=0.2068 total=0.3878
[TRAIN train_prithvi_wxc_conservefm_full_s43] [TRAIN] stage=pretrain epoch=1/1 batch=1720/3000 step=1720 repair=0.03324 localization=0.3969 type=2.212 minimal=0.01761 physics=2.067 total=0.3976
[TRAIN train_prithvi_wxc_conservefm_full_s43] [TRAIN] stage=pretrain epoch=1/1 batch=1730/3000 step=1730 repair=0.004541 localization=0.2925 type=1.241 minimal=0.01863 physics=0.06832 total=0.2802
[TRAIN train_prithvi_wxc_conservefm_full_s43] [TRAIN] stage=pretrain epoch=1/1 batch=1740/3000 step=1740 repair=0.002529 localization=0.4158 type=1.379 minimal=0.01842 physics=0.1423 total=0.2916
[TRAIN train_prithvi_wxc_conservefm_full_s43] [TRAIN] stage=pretrain epoch=1/1 batch=1750/3000 step=1750 repair=0.00627 localization=0.2603 type=0.949 minimal=0.01883 physics=0.7143 total=0.1631
[TRAIN train_prithvi_wxc_conservefm_full_s43] [TRAIN] stage=pretrain epoch=1/1 batch=1760/3000 step=1760 repair=0.01589 localization=0.3045 type=1.261 minimal=0.01959 physics=0.1458 total=0.2661
[TRAIN train_prithvi_wxc_conservefm_full_s43] [TRAIN] stage=pretrain epoch=1/1 batch=1770/3000 step=1770 repair=0.003325 localization=0.2478 type=3.043 minimal=0.01978 physics=0.1862 total=0.6618
[TRAIN train_prithvi_wxc_conservefm_full_s43] [TRAIN] stage=pretrain epoch=1/1 batch=1780/3000 step=1780 repair=0.001861 localization=0.2886 type=1.53 minimal=0.01659 physics=0.1445 total=0.3305
[TRAIN train_prithvi_wxc_conservefm_full_s43] [TRAIN] stage=pretrain epoch=1/1 batch=1790/3000 step=1790 repair=0.003109 localization=0.3504 type=1.561 minimal=0.01991 physics=0.1534 total=0.3334
[TRAIN train_prithvi_wxc_conservefm_full_s43] [TRAIN] stage=pretrain epoch=1/1 batch=1800/3000 step=1800 repair=0.004833 localization=0.1578 type=0.4934 minimal=0.02635 physics=0.4324 total=0.1209
[TRAIN train_prithvi_wxc_conservefm_full_s43] [TRAIN] stage=pretrain epoch=1/1 batch=1810/3000 step=1810 repair=0.003918 localization=0.1706 type=2.482 minimal=0.01982 physics=0.2458 total=0.49
[TRAIN train_prithvi_wxc_conservefm_full_s43] [TRAIN] stage=pretrain epoch=1/1 batch=1820/3000 step=1820 repair=0.002834 localization=0.1361 type=0.3044 minimal=0.02318 physics=0.4664 total=0.08821
[TRAIN train_prithvi_wxc_conservefm_full_s43] [TRAIN] stage=pretrain epoch=1/1 batch=1830/3000 step=1830 repair=0.007574 localization=0.1354 type=0.01447 minimal=0.04868 physics=1.071 total=0.07728
[TRAIN train_prithvi_wxc_conservefm_full_s43] [TRAIN] stage=pretrain epoch=1/1 batch=1840/3000 step=1840 repair=0.003138 localization=0.1436 type=0.8055 minimal=0.02078 physics=0.3266 total=0.1802
[TRAIN train_prithvi_wxc_conservefm_full_s43] [TRAIN] stage=pretrain epoch=1/1 batch=1850/3000 step=1850 repair=0.0019 localization=0.3345 type=1.743 minimal=0.01714 physics=0.08526 total=0.3619
[TRAIN train_prithvi_wxc_conservefm_full_s43] [TRAIN] stage=pretrain epoch=1/1 batch=1860/3000 step=1860 repair=0.002367 localization=0.371 type=1.867 minimal=0.01704 physics=0.1828 total=0.3764
[TRAIN train_prithvi_wxc_conservefm_full_s43] [TRAIN] stage=pretrain epoch=1/1 batch=1870/3000 step=1870 repair=0.002794 localization=0.2571 type=1.686 minimal=0.01877 physics=0.07775 total=0.3351
[TRAIN train_prithvi_wxc_conservefm_full_s43] [TRAIN] stage=pretrain epoch=1/1 batch=1880/3000 step=1880 repair=0.003721 localization=0.2715 type=1.741 minimal=0.02547 physics=0.1008 total=0.3616
[TRAIN train_prithvi_wxc_conservefm_full_s43] [TRAIN] stage=pretrain epoch=1/1 batch=1890/3000 step=1890 repair=0.002782 localization=0.3949 type=1.872 minimal=0.02165 physics=0.09268 total=0.4055
[TRAIN train_prithvi_wxc_conservefm_full_s43] [TRAIN] stage=pretrain epoch=1/1 batch=1900/3000 step=1900 repair=0.002569 localization=0.3121 type=1.321 minimal=0.01764 physics=0.1763 total=0.2885
[TRAIN train_prithvi_wxc_conservefm_full_s43] [TRAIN] stage=pretrain epoch=1/1 batch=1910/3000 step=1910 repair=0.02114 localization=0.2562 type=1.209 minimal=0.02005 physics=1.037 total=0.2197
[TRAIN train_prithvi_wxc_conservefm_full_s43] [TRAIN] stage=pretrain epoch=1/1 batch=1920/3000 step=1920 repair=0.004682 localization=0.3079 type=2.192 minimal=0.01805 physics=0.3595 total=0.444
[TRAIN train_prithvi_wxc_conservefm_full_s43] [TRAIN] stage=pretrain epoch=1/1 batch=1930/3000 step=1930 repair=0.002475 localization=0.1367 type=0.05877 minimal=0.02751 physics=1.007 total=0.07713
[TRAIN train_prithvi_wxc_conservefm_full_s43] [TRAIN] stage=pretrain epoch=1/1 batch=1940/3000 step=1940 repair=0.004532 localization=0.316 type=1.244 minimal=0.02782 physics=0.4311 total=0.1824
[TRAIN train_prithvi_wxc_conservefm_full_s43] [TRAIN] stage=pretrain epoch=1/1 batch=1950/3000 step=1950 repair=0.005412 localization=0.2795 type=1.135 minimal=0.02516 physics=0.1529 total=0.21
[TRAIN train_prithvi_wxc_conservefm_full_s43] [TRAIN] stage=pretrain epoch=1/1 batch=1960/3000 step=1960 repair=0.008143 localization=0.3858 type=1.268 minimal=0.02097 physics=0.1643 total=0.2589
[TRAIN train_prithvi_wxc_conservefm_full_s43] [TRAIN] stage=pretrain epoch=1/1 batch=1970/3000 step=1970 repair=0.005074 localization=0.08125 type=0.02102 minimal=0.03745 physics=0.9646 total=0.06541
[TRAIN train_prithvi_wxc_conservefm_full_s43] [TRAIN] stage=pretrain epoch=1/1 batch=1980/3000 step=1980 repair=0.007152 localization=0.3054 type=1.104 minimal=0.02161 physics=0.1694 total=0.2292
[TRAIN train_prithvi_wxc_conservefm_full_s43] [TRAIN] stage=pretrain epoch=1/1 batch=1990/3000 step=1990 repair=0.004464 localization=0.3072 type=1.061 minimal=0.02161 physics=0.4515 total=0.1641
[TRAIN train_prithvi_wxc_conservefm_full_s43] [TRAIN] stage=pretrain epoch=1/1 batch=2000/3000 step=2000 repair=0.00375 localization=0.1061 type=0.1667 minimal=0.02197 physics=0.3532 total=0.05798
[TRAIN train_prithvi_wxc_conservefm_full_s43] [TRAIN] stage=pretrain epoch=1/1 batch=2010/3000 step=2010 repair=0.00723 localization=0.3304 type=1.456 minimal=0.01987 physics=0.372 total=0.3182
[TRAIN train_prithvi_wxc_conservefm_full_s43] [TRAIN] stage=pretrain epoch=1/1 batch=2020/3000 step=2020 repair=0.002444 localization=0.2535 type=2.911 minimal=0.01886 physics=0.3489 total=0.5694
[TRAIN train_prithvi_wxc_conservefm_full_s43] [TRAIN] stage=pretrain epoch=1/1 batch=2030/3000 step=2030 repair=0.003254 localization=0.3215 type=1.522 minimal=0.01752 physics=0.463 total=0.2109
[TRAIN train_prithvi_wxc_conservefm_full_s43] [TRAIN] stage=pretrain epoch=1/1 batch=2040/3000 step=2040 repair=0.002295 localization=0.2312 type=1.725 minimal=0.01643 physics=0.2897 total=0.2126
[TRAIN train_prithvi_wxc_conservefm_full_s43] [TRAIN] stage=pretrain epoch=1/1 batch=2050/3000 step=2050 repair=0.001858 localization=0.1832 type=1.86 minimal=0.01752 physics=0.3699 total=0.3943
[TRAIN train_prithvi_wxc_conservefm_full_s43] [TRAIN] stage=pretrain epoch=1/1 batch=2060/3000 step=2060 repair=0.004001 localization=0.1486 type=0.09341 minimal=0.02489 physics=0.5626 total=0.06531
[TRAIN train_prithvi_wxc_conservefm_full_s43] [TRAIN] stage=pretrain epoch=1/1 batch=2070/3000 step=2070 repair=0.003904 localization=0.3655 type=1.751 minimal=0.02235 physics=0.1449 total=0.3431
[TRAIN train_prithvi_wxc_conservefm_full_s43] [TRAIN] stage=pretrain epoch=1/1 batch=2080/3000 step=2080 repair=0.002204 localization=0.3243 type=1.565 minimal=0.01617 physics=0.3875 total=0.3368
[TRAIN train_prithvi_wxc_conservefm_full_s43] [TRAIN] stage=pretrain epoch=1/1 batch=2090/3000 step=2090 repair=0.001763 localization=0.2312 type=1.361 minimal=0.02043 physics=0.1186 total=0.2059
[TRAIN train_prithvi_wxc_conservefm_full_s43] [TRAIN] stage=pretrain epoch=1/1 batch=2100/3000 step=2100 repair=0.0104 localization=0.3617 type=2.458 minimal=0.02094 physics=0.1467 total=0.4696
[TRAIN train_prithvi_wxc_conservefm_full_s43] [TRAIN] stage=pretrain epoch=1/1 batch=2110/3000 step=2110 repair=0.008999 localization=0.3146 type=1.092 minimal=0.02457 physics=0.8355 total=0.1917
[TRAIN train_prithvi_wxc_conservefm_full_s43] [TRAIN] stage=pretrain epoch=1/1 batch=2120/3000 step=2120 repair=0.006085 localization=0.2215 type=1.418 minimal=0.01869 physics=0.1923 total=0.3057
[TRAIN train_prithvi_wxc_conservefm_full_s43] [TRAIN] stage=pretrain epoch=1/1 batch=2130/3000 step=2130 repair=0.002155 localization=0.06708 type=0.002425 minimal=0.03177 physics=0.5055 total=0.03493
[TRAIN train_prithvi_wxc_conservefm_full_s43] [TRAIN] stage=pretrain epoch=1/1 batch=2140/3000 step=2140 repair=0.00344 localization=0.1966 type=2.308 minimal=0.01953 physics=0.1371 total=0.5118
[TRAIN train_prithvi_wxc_conservefm_full_s43] [TRAIN] stage=pretrain epoch=1/1 batch=2150/3000 step=2150 repair=0.006086 localization=0.3188 type=0.9092 minimal=0.02342 physics=0.3423 total=0.21
[TRAIN train_prithvi_wxc_conservefm_full_s43] [TRAIN] stage=pretrain epoch=1/1 batch=2160/3000 step=2160 repair=0.003342 localization=0.2114 type=2.373 minimal=0.02084 physics=0.2613 total=0.5039
[TRAIN train_prithvi_wxc_conservefm_full_s43] [TRAIN] stage=pretrain epoch=1/1 batch=2170/3000 step=2170 repair=0.003913 localization=0.2422 type=2.407 minimal=0.02147 physics=0.1985 total=0.4775
[TRAIN train_prithvi_wxc_conservefm_full_s43] [TRAIN] stage=pretrain epoch=1/1 batch=2180/3000 step=2180 repair=0.006957 localization=0.2538 type=1.054 minimal=0.01955 physics=0.4959 total=0.1627
[TRAIN train_prithvi_wxc_conservefm_full_s43] [TRAIN] stage=pretrain epoch=1/1 batch=2190/3000 step=2190 repair=0.002517 localization=0.3821 type=2.027 minimal=0.01886 physics=0.09711 total=0.4079
[TRAIN train_prithvi_wxc_conservefm_full_s43] [TRAIN] stage=pretrain epoch=1/1 batch=2200/3000 step=2200 repair=0.00404 localization=0.06983 type=0.001745 minimal=0.04428 physics=2.302 total=0.1269
[TRAIN train_prithvi_wxc_conservefm_full_s43] [TRAIN] stage=pretrain epoch=1/1 batch=2210/3000 step=2210 repair=0.006743 localization=0.217 type=1.285 minimal=0.02301 physics=0.5965 total=0.187
[TRAIN train_prithvi_wxc_conservefm_full_s43] [TRAIN] stage=pretrain epoch=1/1 batch=2220/3000 step=2220 repair=0.003571 localization=0.3247 type=0.9104 minimal=0.0191 physics=0.5629 total=0.1554
[TRAIN train_prithvi_wxc_conservefm_full_s43] [TRAIN] stage=pretrain epoch=1/1 batch=2230/3000 step=2230 repair=0.01131 localization=0.09561 type=0.02009 minimal=0.02541 physics=0.9005 total=0.06962
[TRAIN train_prithvi_wxc_conservefm_full_s43] [TRAIN] stage=pretrain epoch=1/1 batch=2240/3000 step=2240 repair=0.002239 localization=0.08623 type=0.07777 minimal=0.02196 physics=0.3655 total=0.04222
[TRAIN train_prithvi_wxc_conservefm_full_s43] [TRAIN] stage=pretrain epoch=1/1 batch=2250/3000 step=2250 repair=0.004718 localization=0.2223 type=2.059 minimal=0.02036 physics=0.117 total=0.4054
[TRAIN train_prithvi_wxc_conservefm_full_s43] [TRAIN] stage=pretrain epoch=1/1 batch=2260/3000 step=2260 repair=0.003598 localization=0.3145 type=1.395 minimal=0.01982 physics=0.1172 total=0.2894
[TRAIN train_prithvi_wxc_conservefm_full_s43] [TRAIN] stage=pretrain epoch=1/1 batch=2270/3000 step=2270 repair=0.006959 localization=0.2618 type=1.257 minimal=0.01823 physics=0.078 total=0.2568
[TRAIN train_prithvi_wxc_conservefm_full_s43] [TRAIN] stage=pretrain epoch=1/1 batch=2280/3000 step=2280 repair=0.005957 localization=0.3686 type=1.092 minimal=0.02109 physics=0.1524 total=0.2471
[TRAIN train_prithvi_wxc_conservefm_full_s43] [TRAIN] stage=pretrain epoch=1/1 batch=2290/3000 step=2290 repair=0.00406 localization=0.06694 type=0.01308 minimal=0.02336 physics=0.6636 total=0.04629
[TRAIN train_prithvi_wxc_conservefm_full_s43] [TRAIN] stage=pretrain epoch=1/1 batch=2300/3000 step=2300 repair=0.001427 localization=0.04167 type=0.005587 minimal=0.02072 physics=0.3251 total=0.02307
[TRAIN train_prithvi_wxc_conservefm_full_s43] [TRAIN] stage=pretrain epoch=1/1 batch=2310/3000 step=2310 repair=0.007153 localization=0.3716 type=1.237 minimal=0.02022 physics=0.1374 total=0.2177
[TRAIN train_prithvi_wxc_conservefm_full_s43] [TRAIN] stage=pretrain epoch=1/1 batch=2320/3000 step=2320 repair=0.002327 localization=0.06699 type=0.001816 minimal=0.03247 physics=0.4114 total=0.03025
[TRAIN train_prithvi_wxc_conservefm_full_s43] [TRAIN] stage=pretrain epoch=1/1 batch=2330/3000 step=2330 repair=0.02811 localization=0.3169 type=1.012 minimal=0.0199 physics=1.094 total=0.2159
[TRAIN train_prithvi_wxc_conservefm_full_s43] [TRAIN] stage=pretrain epoch=1/1 batch=2340/3000 step=2340 repair=0.002638 localization=0.1814 type=0.1533 minimal=0.01826 physics=0.1775 total=0.0575
[TRAIN train_prithvi_wxc_conservefm_full_s43] [TRAIN] stage=pretrain epoch=1/1 batch=2350/3000 step=2350 repair=0.02875 localization=0.2909 type=0.8594 minimal=0.02274 physics=0.9548 total=0.1917
[TRAIN train_prithvi_wxc_conservefm_full_s43] [TRAIN] stage=pretrain epoch=1/1 batch=2360/3000 step=2360 repair=0.002663 localization=0.2677 type=1.954 minimal=0.01741 physics=0.07809 total=0.3824
[TRAIN train_prithvi_wxc_conservefm_full_s43] [TRAIN] stage=pretrain epoch=1/1 batch=2370/3000 step=2370 repair=0.003817 localization=0.4324 type=1.937 minimal=0.02176 physics=0.1204 total=0.3927
[TRAIN train_prithvi_wxc_conservefm_full_s43] [TRAIN] stage=pretrain epoch=1/1 batch=2380/3000 step=2380 repair=0.00293 localization=0.2433 type=2.025 minimal=0.01897 physics=0.08744 total=0.4066
[TRAIN train_prithvi_wxc_conservefm_full_s43] [TRAIN] stage=pretrain epoch=1/1 batch=2390/3000 step=2390 repair=0.001832 localization=0.2164 type=1.566 minimal=0.01784 physics=0.06799 total=0.2863
[TRAIN train_prithvi_wxc_conservefm_full_s43] [TRAIN] stage=pretrain epoch=1/1 batch=2400/3000 step=2400 repair=0.009564 localization=0.3505 type=0.7947 minimal=0.01888 physics=0.9379 total=0.1712
[TRAIN train_prithvi_wxc_conservefm_full_s43] [TRAIN] stage=pretrain epoch=1/1 batch=2410/3000 step=2410 repair=0.005608 localization=0.2383 type=1.685 minimal=0.01872 physics=0.09505 total=0.2933
[TRAIN train_prithvi_wxc_conservefm_full_s43] [TRAIN] stage=pretrain epoch=1/1 batch=2420/3000 step=2420 repair=0.003163 localization=0.3336 type=1.598 minimal=0.01765 physics=0.1232 total=0.3125
[TRAIN train_prithvi_wxc_conservefm_full_s43] [TRAIN] stage=pretrain epoch=1/1 batch=2430/3000 step=2430 repair=0.001695 localization=0.225 type=4.337 minimal=0.01374 physics=0.07842 total=0.816
[TRAIN train_prithvi_wxc_conservefm_full_s43] [TRAIN] stage=pretrain epoch=1/1 batch=2440/3000 step=2440 repair=0.003586 localization=0.2454 type=1.538 minimal=0.0145 physics=0.09083 total=0.3081
[TRAIN train_prithvi_wxc_conservefm_full_s43] [TRAIN] stage=pretrain epoch=1/1 batch=2450/3000 step=2450 repair=0.001881 localization=0.3373 type=0.9375 minimal=0.0155 physics=0.641 total=0.2261
[TRAIN train_prithvi_wxc_conservefm_full_s43] [TRAIN] stage=pretrain epoch=1/1 batch=2460/3000 step=2460 repair=0.001462 localization=0.3469 type=2.065 minimal=0.01494 physics=0.1742 total=0.2516
[TRAIN train_prithvi_wxc_conservefm_full_s43] [TRAIN] stage=pretrain epoch=1/1 batch=2470/3000 step=2470 repair=0.02704 localization=0.4362 type=1.876 minimal=0.01808 physics=1.16 total=0.3164
[TRAIN train_prithvi_wxc_conservefm_full_s43] [TRAIN] stage=pretrain epoch=1/1 batch=2480/3000 step=2480 repair=0.00323 localization=0.3182 type=1.833 minimal=0.01833 physics=0.1597 total=0.403
[TRAIN train_prithvi_wxc_conservefm_full_s43] [TRAIN] stage=pretrain epoch=1/1 batch=2490/3000 step=2490 repair=0.03109 localization=0.3563 type=1.041 minimal=0.02052 physics=1.286 total=0.2353
[TRAIN train_prithvi_wxc_conservefm_full_s43] [TRAIN] stage=pretrain epoch=1/1 batch=2500/3000 step=2500 repair=0.0016 localization=0.2587 type=1.482 minimal=0.0166 physics=0.0548 total=0.2625
[TRAIN train_prithvi_wxc_conservefm_full_s43] [TRAIN] stage=pretrain epoch=1/1 batch=2510/3000 step=2510 repair=0.002998 localization=0.1251 type=0.7974 minimal=0.01817 physics=0.1748 total=0.1781
[TRAIN train_prithvi_wxc_conservefm_full_s43] [TRAIN] stage=pretrain epoch=1/1 batch=2520/3000 step=2520 repair=0.01362 localization=0.2587 type=1.535 minimal=0.01686 physics=1.032 total=0.3621
[TRAIN train_prithvi_wxc_conservefm_full_s43] [TRAIN] stage=pretrain epoch=1/1 batch=2530/3000 step=2530 repair=0.005453 localization=0.1627 type=1.758 minimal=0.01453 physics=0.06478 total=0.3447
[TRAIN train_prithvi_wxc_conservefm_full_s43] [TRAIN] stage=pretrain epoch=1/1 batch=2540/3000 step=2540 repair=0.002358 localization=0.0667 type=0.1998 minimal=0.02271 physics=0.2516 total=0.05479
[TRAIN train_prithvi_wxc_conservefm_full_s43] [TRAIN] stage=pretrain epoch=1/1 batch=2550/3000 step=2550 repair=0.001734 localization=0.378 type=1.277 minimal=0.01328 physics=0.2969 total=0.2765
[TRAIN train_prithvi_wxc_conservefm_full_s43] [TRAIN] stage=pretrain epoch=1/1 batch=2560/3000 step=2560 repair=0.00287 localization=0.2313 type=1.413 minimal=0.01656 physics=0.1447 total=0.2741
[TRAIN train_prithvi_wxc_conservefm_full_s43] [TRAIN] stage=pretrain epoch=1/1 batch=2570/3000 step=2570 repair=0.001597 localization=0.03831 type=0.004523 minimal=0.02499 physics=0.9083 total=0.05189
[TRAIN train_prithvi_wxc_conservefm_full_s43] [TRAIN] stage=pretrain epoch=1/1 batch=2580/3000 step=2580 repair=0.0212 localization=0.2602 type=1.043 minimal=0.01808 physics=1.134 total=0.2084
[TRAIN train_prithvi_wxc_conservefm_full_s43] [TRAIN] stage=pretrain epoch=1/1 batch=2590/3000 step=2590 repair=0.00326 localization=0.2102 type=1.491 minimal=0.01513 physics=0.09288 total=0.2614
[TRAIN train_prithvi_wxc_conservefm_full_s43] [TRAIN] stage=pretrain epoch=1/1 batch=2600/3000 step=2600 repair=0.001843 localization=0.1715 type=0.6814 minimal=0.01525 physics=0.2316 total=0.09886
[TRAIN train_prithvi_wxc_conservefm_full_s43] [TRAIN] stage=pretrain epoch=1/1 batch=2610/3000 step=2610 repair=0.002132 localization=0.2572 type=1.368 minimal=0.0173 physics=0.1122 total=0.2699
[TRAIN train_prithvi_wxc_conservefm_full_s43] [TRAIN] stage=pretrain epoch=1/1 batch=2620/3000 step=2620 repair=0.005356 localization=0.2091 type=1.42 minimal=0.01736 physics=0.6442 total=0.2007
[TRAIN train_prithvi_wxc_conservefm_full_s43] [TRAIN] stage=pretrain epoch=1/1 batch=2630/3000 step=2630 repair=0.003351 localization=0.2083 type=1.561 minimal=0.01389 physics=0.04814 total=0.3115
[TRAIN train_prithvi_wxc_conservefm_full_s43] [TRAIN] stage=pretrain epoch=1/1 batch=2640/3000 step=2640 repair=0.00422 localization=0.3861 type=1.23 minimal=0.01811 physics=0.1249 total=0.2711
[TRAIN train_prithvi_wxc_conservefm_full_s43] [TRAIN] stage=pretrain epoch=1/1 batch=2650/3000 step=2650 repair=0.001314 localization=0.03521 type=0.0002943 minimal=0.02341 physics=0.2022 total=0.01524
[TRAIN train_prithvi_wxc_conservefm_full_s43] [TRAIN] stage=pretrain epoch=1/1 batch=2660/3000 step=2660 repair=0.004482 localization=0.2722 type=1.578 minimal=0.01874 physics=0.3513 total=0.3428
[TRAIN train_prithvi_wxc_conservefm_full_s43] [TRAIN] stage=pretrain epoch=1/1 batch=2670/3000 step=2670 repair=0.002606 localization=0.1897 type=1.068 minimal=0.01601 physics=0.2834 total=0.2272
[TRAIN train_prithvi_wxc_conservefm_full_s43] [TRAIN] stage=pretrain epoch=1/1 batch=2680/3000 step=2680 repair=0.001972 localization=0.1118 type=0.001377 minimal=0.01518 physics=0.2082 total=0.02401
[TRAIN train_prithvi_wxc_conservefm_full_s43] [TRAIN] stage=pretrain epoch=1/1 batch=2690/3000 step=2690 repair=0.005065 localization=0.2289 type=1.271 minimal=0.01787 physics=0.08998 total=0.27
[TRAIN train_prithvi_wxc_conservefm_full_s43] [TRAIN] stage=pretrain epoch=1/1 batch=2700/3000 step=2700 repair=0.004157 localization=0.3281 type=1.446 minimal=0.01808 physics=0.4375 total=0.2036
[TRAIN train_prithvi_wxc_conservefm_full_s43] [TRAIN] stage=pretrain epoch=1/1 batch=2710/3000 step=2710 repair=0.002396 localization=0.2407 type=1.784 minimal=0.0163 physics=0.1635 total=0.3656
[TRAIN train_prithvi_wxc_conservefm_full_s43] [TRAIN] stage=pretrain epoch=1/1 batch=2720/3000 step=2720 repair=0.002275 localization=0.379 type=1.068 minimal=0.0161 physics=0.1397 total=0.2423
[TRAIN train_prithvi_wxc_conservefm_full_s43] [TRAIN] stage=pretrain epoch=1/1 batch=2730/3000 step=2730 repair=0.001737 localization=0.04244 type=0.001107 minimal=0.01875 physics=0.37 total=0.02488
[TRAIN train_prithvi_wxc_conservefm_full_s43] [TRAIN] stage=pretrain epoch=1/1 batch=2740/3000 step=2740 repair=0.001997 localization=0.3857 type=2.229 minimal=0.01598 physics=0.09149 total=0.4772
[TRAIN train_prithvi_wxc_conservefm_full_s43] [TRAIN] stage=pretrain epoch=1/1 batch=2750/3000 step=2750 repair=0.007605 localization=0.2668 type=1.566 minimal=0.01726 physics=0.9659 total=0.2393
[TRAIN train_prithvi_wxc_conservefm_full_s43] [TRAIN] stage=pretrain epoch=1/1 batch=2760/3000 step=2760 repair=0.0123 localization=0.3502 type=1.241 minimal=0.01624 physics=0.2866 total=0.279
[TRAIN train_prithvi_wxc_conservefm_full_s43] [TRAIN] stage=pretrain epoch=1/1 batch=2770/3000 step=2770 repair=0.001626 localization=0.3144 type=1.87 minimal=0.0154 physics=0.08777 total=0.3826
[TRAIN train_prithvi_wxc_conservefm_full_s43] [TRAIN] stage=pretrain epoch=1/1 batch=2780/3000 step=2780 repair=0.002618 localization=0.03014 type=0.001338 minimal=0.02402 physics=0.3424 total=0.02323
[TRAIN train_prithvi_wxc_conservefm_full_s43] [TRAIN] stage=pretrain epoch=1/1 batch=2790/3000 step=2790 repair=0.003024 localization=0.3856 type=1.252 minimal=0.01542 physics=0.1524 total=0.2899
[TRAIN train_prithvi_wxc_conservefm_full_s43] [TRAIN] stage=pretrain epoch=1/1 batch=2800/3000 step=2800 repair=0.02249 localization=0.2229 type=2.086 minimal=0.01643 physics=2.107 total=0.3589
[TRAIN train_prithvi_wxc_conservefm_full_s43] [TRAIN] stage=pretrain epoch=1/1 batch=2810/3000 step=2810 repair=0.002605 localization=0.05185 type=0.006335 minimal=0.02545 physics=0.2015 total=0.01927
[TRAIN train_prithvi_wxc_conservefm_full_s43] [TRAIN] stage=pretrain epoch=1/1 batch=2820/3000 step=2820 repair=0.002642 localization=0.3196 type=1.389 minimal=0.01758 physics=0.07552 total=0.2919
[TRAIN train_prithvi_wxc_conservefm_full_s43] [TRAIN] stage=pretrain epoch=1/1 batch=2830/3000 step=2830 repair=0.003112 localization=0.3642 type=1.433 minimal=0.0144 physics=0.06786 total=0.3019
[TRAIN train_prithvi_wxc_conservefm_full_s43] [TRAIN] stage=pretrain epoch=1/1 batch=2840/3000 step=2840 repair=0.001793 localization=0.2541 type=1.535 minimal=0.01527 physics=0.08751 total=0.3011
[TRAIN train_prithvi_wxc_conservefm_full_s43] [TRAIN] stage=pretrain epoch=1/1 batch=2850/3000 step=2850 repair=0.00852 localization=0.3512 type=1.199 minimal=0.01598 physics=1.324 total=0.2299
[TRAIN train_prithvi_wxc_conservefm_full_s43] [TRAIN] stage=pretrain epoch=1/1 batch=2860/3000 step=2860 repair=0.003077 localization=0.3123 type=1.257 minimal=0.01686 physics=0.1803 total=0.2499
[TRAIN train_prithvi_wxc_conservefm_full_s43] [TRAIN] stage=pretrain epoch=1/1 batch=2870/3000 step=2870 repair=0.01789 localization=0.5007 type=2.09 minimal=0.01909 physics=0.3336 total=0.4417
[TRAIN train_prithvi_wxc_conservefm_full_s43] [TRAIN] stage=pretrain epoch=1/1 batch=2880/3000 step=2880 repair=0.01582 localization=0.3582 type=1.086 minimal=0.01596 physics=1.926 total=0.338
[TRAIN train_prithvi_wxc_conservefm_full_s43] [TRAIN] stage=pretrain epoch=1/1 batch=2890/3000 step=2890 repair=0.008992 localization=0.2753 type=0.9131 minimal=0.01852 physics=0.5618 total=0.1561
[TRAIN train_prithvi_wxc_conservefm_full_s43] [TRAIN] stage=pretrain epoch=1/1 batch=2900/3000 step=2900 repair=0.004632 localization=0.3071 type=0.9004 minimal=0.01981 physics=0.4395 total=0.1476
[TRAIN train_prithvi_wxc_conservefm_full_s43] [TRAIN] stage=pretrain epoch=1/1 batch=2910/3000 step=2910 repair=0.005866 localization=0.2914 type=1.374 minimal=0.01663 physics=0.06286 total=0.2749
[TRAIN train_prithvi_wxc_conservefm_full_s43] [TRAIN] stage=pretrain epoch=1/1 batch=2920/3000 step=2920 repair=0.006521 localization=0.2852 type=1.214 minimal=0.01949 physics=0.1087 total=0.2372
[TRAIN train_prithvi_wxc_conservefm_full_s43] [TRAIN] stage=pretrain epoch=1/1 batch=2930/3000 step=2930 repair=0.01069 localization=0.3412 type=1.154 minimal=0.02071 physics=0.7958 total=0.2002
[TRAIN train_prithvi_wxc_conservefm_full_s43] [TRAIN] stage=pretrain epoch=1/1 batch=2940/3000 step=2940 repair=0.01982 localization=0.2542 type=0.9553 minimal=0.01883 physics=0.8611 total=0.184
[TRAIN train_prithvi_wxc_conservefm_full_s43] [TRAIN] stage=pretrain epoch=1/1 batch=2950/3000 step=2950 repair=0.02721 localization=0.241 type=0.9639 minimal=0.0177 physics=1.239 total=0.2098
[TRAIN train_prithvi_wxc_conservefm_full_s43] [TRAIN] stage=pretrain epoch=1/1 batch=2960/3000 step=2960 repair=0.008608 localization=0.3122 type=0.8569 minimal=0.01573 physics=0.7066 total=0.161
[TRAIN train_prithvi_wxc_conservefm_full_s43] [TRAIN] stage=pretrain epoch=1/1 batch=2970/3000 step=2970 repair=0.00194 localization=0.07661 type=0.03629 minimal=0.01657 physics=0.267 total=0.03031
[TRAIN train_prithvi_wxc_conservefm_full_s43] [TRAIN] stage=pretrain epoch=1/1 batch=2980/3000 step=2980 repair=0.006346 localization=0.3819 type=2.043 minimal=0.01365 physics=0.06503 total=0.3366
[TRAIN train_prithvi_wxc_conservefm_full_s43] [TRAIN] stage=pretrain epoch=1/1 batch=2990/3000 step=2990 repair=0.001692 localization=0.361 type=2.594 minimal=0.01506 physics=0.09866 total=0.4582
[TRAIN train_prithvi_wxc_conservefm_full_s43] [TRAIN] stage=pretrain epoch=1/1 batch=3000/3000 step=3000 repair=0.001665 localization=0.3736 type=2.713 minimal=0.01581 physics=0.1465 total=0.5144
[TRAIN train_prithvi_wxc_conservefm_full_s43] [EPOCH] {'stage': 'pretrain', 'epoch': 0, 'global_step': 3000, 'train_total': 0.3005035636384661, 'val_repair_mse': 2.307301666587591, 'elapsed_seconds': 2484.59}
[TRAIN train_prithvi_wxc_conservefm_full_s43] [BEST] val_repair_mse=2.3073
[TRAIN train_prithvi_wxc_conservefm_full_s43] [STAGE] finetune epochs=1 start_epoch=0
[TRAIN train_prithvi_wxc_conservefm_full_s43] [TRAIN] stage=finetune epoch=1/1 batch=10/3000 step=3010 repair=1.51 localization=0 type=0 minimal=0.3894 physics=5.058 total=1.767
[TRAIN train_prithvi_wxc_conservefm_full_s43] [TRAIN] stage=finetune epoch=1/1 batch=20/3000 step=3020 repair=1.265 localization=0 type=0 minimal=0.4844 physics=3.459 total=1.443
[TRAIN train_prithvi_wxc_conservefm_full_s43] [TRAIN] stage=finetune epoch=1/1 batch=30/3000 step=3030 repair=0.7492 localization=0 type=0 minimal=0.4089 physics=2.125 total=0.8595
[TRAIN train_prithvi_wxc_conservefm_full_s43] [TRAIN] stage=finetune epoch=1/1 batch=40/3000 step=3040 repair=1.048 localization=0 type=0 minimal=0.4683 physics=2.164 total=1.161
[TRAIN train_prithvi_wxc_conservefm_full_s43] [TRAIN] stage=finetune epoch=1/1 batch=50/3000 step=3050 repair=0.8787 localization=0 type=0 minimal=0.4473 physics=2.159 total=0.9911
[TRAIN train_prithvi_wxc_conservefm_full_s43] [TRAIN] stage=finetune epoch=1/1 batch=60/3000 step=3060 repair=1.157 localization=0 type=0 minimal=0.5234 physics=3.094 total=1.317
[TRAIN train_prithvi_wxc_conservefm_full_s43] [TRAIN] stage=finetune epoch=1/1 batch=70/3000 step=3070 repair=0.6675 localization=0 type=0 minimal=0.5371 physics=2.196 total=0.7827
[TRAIN train_prithvi_wxc_conservefm_full_s43] [TRAIN] stage=finetune epoch=1/1 batch=80/3000 step=3080 repair=1.036 localization=0 type=0 minimal=0.5679 physics=2.176 total=1.151
[TRAIN train_prithvi_wxc_conservefm_full_s43] [TRAIN] stage=finetune epoch=1/1 batch=90/3000 step=3090 repair=0.7674 localization=0 type=0 minimal=0.5928 physics=1.746 total=0.8606
[TRAIN train_prithvi_wxc_conservefm_full_s43] [TRAIN] stage=finetune epoch=1/1 batch=100/3000 step=3100 repair=0.4273 localization=0 type=0 minimal=0.4963 physics=1.61 total=0.5128
[TRAIN train_prithvi_wxc_conservefm_full_s43] [TRAIN] stage=finetune epoch=1/1 batch=110/3000 step=3110 repair=0.2812 localization=0 type=0 minimal=0.4409 physics=1.11 total=0.3412
[TRAIN train_prithvi_wxc_conservefm_full_s43] [TRAIN] stage=finetune epoch=1/1 batch=120/3000 step=3120 repair=0.5211 localization=0 type=0 minimal=0.582 physics=1.944 total=0.6241
[TRAIN train_prithvi_wxc_conservefm_full_s43] [TRAIN] stage=finetune epoch=1/1 batch=130/3000 step=3130 repair=0.5785 localization=0 type=0 minimal=0.6743 physics=2.984 total=0.7345
[TRAIN train_prithvi_wxc_conservefm_full_s43] [TRAIN] stage=finetune epoch=1/1 batch=140/3000 step=3140 repair=0.4512 localization=0 type=0 minimal=0.5513 physics=2.669 total=0.5901
[TRAIN train_prithvi_wxc_conservefm_full_s43] [TRAIN] stage=finetune epoch=1/1 batch=150/3000 step=3150 repair=0.5221 localization=0 type=0 minimal=0.6504 physics=1.402 total=0.5987
[TRAIN train_prithvi_wxc_conservefm_full_s43] [TRAIN] stage=finetune epoch=1/1 batch=160/3000 step=3160 repair=0.5257 localization=0 type=0 minimal=0.6841 physics=2.558 total=0.6604
[TRAIN train_prithvi_wxc_conservefm_full_s43] [TRAIN] stage=finetune epoch=1/1 batch=170/3000 step=3170 repair=0.4218 localization=0 type=0 minimal=0.5698 physics=1.195 total=0.4873
[TRAIN train_prithvi_wxc_conservefm_full_s43] [TRAIN] stage=finetune epoch=1/1 batch=180/3000 step=3180 repair=0.364 localization=0 type=0 minimal=0.6777 physics=1.728 total=0.4572
[TRAIN train_prithvi_wxc_conservefm_full_s43] [TRAIN] stage=finetune epoch=1/1 batch=190/3000 step=3190 repair=0.5058 localization=0 type=0 minimal=0.6934 physics=2.711 total=0.6483
[TRAIN train_prithvi_wxc_conservefm_full_s43] [TRAIN] stage=finetune epoch=1/1 batch=200/3000 step=3200 repair=0.3845 localization=0 type=0 minimal=0.5942 physics=2.206 total=0.5007
[TRAIN train_prithvi_wxc_conservefm_full_s43] [TRAIN] stage=finetune epoch=1/1 batch=210/3000 step=3210 repair=0.4557 localization=0 type=0 minimal=0.6797 physics=2.04 total=0.5644
[TRAIN train_prithvi_wxc_conservefm_full_s43] [TRAIN] stage=finetune epoch=1/1 batch=220/3000 step=3220 repair=0.1727 localization=0 type=0 minimal=0.4526 physics=1.507 total=0.2526
[TRAIN train_prithvi_wxc_conservefm_full_s43] [TRAIN] stage=finetune epoch=1/1 batch=230/3000 step=3230 repair=0.3904 localization=0 type=0 minimal=0.603 physics=1.671 total=0.48
[TRAIN train_prithvi_wxc_conservefm_full_s43] [TRAIN] stage=finetune epoch=1/1 batch=240/3000 step=3240 repair=0.5425 localization=0 type=0 minimal=0.708 physics=1.375 total=0.6183
[TRAIN train_prithvi_wxc_conservefm_full_s43] [TRAIN] stage=finetune epoch=1/1 batch=250/3000 step=3250 repair=0.468 localization=0 type=0 minimal=0.7041 physics=2.103 total=0.5802
[TRAIN train_prithvi_wxc_conservefm_full_s43] [TRAIN] stage=finetune epoch=1/1 batch=260/3000 step=3260 repair=0.3041 localization=0 type=0 minimal=0.6572 physics=1.194 total=0.3703
[TRAIN train_prithvi_wxc_conservefm_full_s43] [TRAIN] stage=finetune epoch=1/1 batch=270/3000 step=3270 repair=0.4245 localization=0 type=0 minimal=0.6504 physics=2.168 total=0.5394
[TRAIN train_prithvi_wxc_conservefm_full_s43] [TRAIN] stage=finetune epoch=1/1 batch=280/3000 step=3280 repair=0.2391 localization=0 type=0 minimal=0.5352 physics=1.789 total=0.3339
[TRAIN train_prithvi_wxc_conservefm_full_s43] [TRAIN] stage=finetune epoch=1/1 batch=290/3000 step=3290 repair=0.5878 localization=0 type=0 minimal=0.7275 physics=2.41 total=0.7156
[TRAIN train_prithvi_wxc_conservefm_full_s43] [TRAIN] stage=finetune epoch=1/1 batch=300/3000 step=3300 repair=0.3325 localization=0 type=0 minimal=0.5928 physics=2.367 total=0.4568
[TRAIN train_prithvi_wxc_conservefm_full_s43] [TRAIN] stage=finetune epoch=1/1 batch=310/3000 step=3310 repair=0.3909 localization=0 type=0 minimal=0.6089 physics=1.802 total=0.4871
[TRAIN train_prithvi_wxc_conservefm_full_s43] [TRAIN] stage=finetune epoch=1/1 batch=320/3000 step=3320 repair=0.4708 localization=0 type=0 minimal=0.7026 physics=1.994 total=0.5775
[TRAIN train_prithvi_wxc_conservefm_full_s43] [TRAIN] stage=finetune epoch=1/1 batch=330/3000 step=3330 repair=0.3401 localization=0 type=0 minimal=0.647 physics=1.423 total=0.4177
[TRAIN train_prithvi_wxc_conservefm_full_s43] [TRAIN] stage=finetune epoch=1/1 batch=340/3000 step=3340 repair=0.3073 localization=0 type=0 minimal=0.6704 physics=2.513 total=0.4397
[TRAIN train_prithvi_wxc_conservefm_full_s43] [TRAIN] stage=finetune epoch=1/1 batch=350/3000 step=3350 repair=0.212 localization=0 type=0 minimal=0.5586 physics=0.9589 total=0.2655
[TRAIN train_prithvi_wxc_conservefm_full_s43] [TRAIN] stage=finetune epoch=1/1 batch=360/3000 step=3360 repair=0.2921 localization=0 type=0 minimal=0.6504 physics=1.32 total=0.3647
[TRAIN train_prithvi_wxc_conservefm_full_s43] [TRAIN] stage=finetune epoch=1/1 batch=370/3000 step=3370 repair=0.3431 localization=0 type=0 minimal=0.6255 physics=1.12 total=0.4054
[TRAIN train_prithvi_wxc_conservefm_full_s43] [TRAIN] stage=finetune epoch=1/1 batch=380/3000 step=3380 repair=0.3959 localization=0 type=0 minimal=0.6953 physics=1.684 total=0.487
[TRAIN train_prithvi_wxc_conservefm_full_s43] [TRAIN] stage=finetune epoch=1/1 batch=390/3000 step=3390 repair=0.4145 localization=0 type=0 minimal=0.7173 physics=2.151 total=0.5293
[TRAIN train_prithvi_wxc_conservefm_full_s43] [TRAIN] stage=finetune epoch=1/1 batch=400/3000 step=3400 repair=0.418 localization=0 type=0 minimal=0.6992 physics=2.33 total=0.5415
[TRAIN train_prithvi_wxc_conservefm_full_s43] [TRAIN] stage=finetune epoch=1/1 batch=410/3000 step=3410 repair=0.2244 localization=0 type=0 minimal=0.5747 physics=1.256 total=0.2929
[TRAIN train_prithvi_wxc_conservefm_full_s43] [TRAIN] stage=finetune epoch=1/1 batch=420/3000 step=3420 repair=0.2757 localization=0 type=0 minimal=0.6323 physics=1.541 total=0.3591
[TRAIN train_prithvi_wxc_conservefm_full_s43] [TRAIN] stage=finetune epoch=1/1 batch=430/3000 step=3430 repair=0.3989 localization=0 type=0 minimal=0.6626 physics=1.121 total=0.4616
[TRAIN train_prithvi_wxc_conservefm_full_s43] [TRAIN] stage=finetune epoch=1/1 batch=440/3000 step=3440 repair=0.3044 localization=0 type=0 minimal=0.6382 physics=0.823 total=0.3519
[TRAIN train_prithvi_wxc_conservefm_full_s43] [TRAIN] stage=finetune epoch=1/1 batch=450/3000 step=3450 repair=0.5906 localization=0 type=0 minimal=0.7783 physics=1.478 total=0.6723
[TRAIN train_prithvi_wxc_conservefm_full_s43] [TRAIN] stage=finetune epoch=1/1 batch=460/3000 step=3460 repair=0.4347 localization=0 type=0 minimal=0.7261 physics=1.998 total=0.5418
[TRAIN train_prithvi_wxc_conservefm_full_s43] [TRAIN] stage=finetune epoch=1/1 batch=470/3000 step=3470 repair=0.297 localization=0 type=0 minimal=0.5889 physics=1.118 total=0.3588
[TRAIN train_prithvi_wxc_conservefm_full_s43] [TRAIN] stage=finetune epoch=1/1 batch=480/3000 step=3480 repair=0.2071 localization=0 type=0 minimal=0.5513 physics=1.132 total=0.2692
[TRAIN train_prithvi_wxc_conservefm_full_s43] [TRAIN] stage=finetune epoch=1/1 batch=490/3000 step=3490 repair=0.4043 localization=0 type=0 minimal=0.6992 physics=1.612 total=0.4919
[TRAIN train_prithvi_wxc_conservefm_full_s43] [TRAIN] stage=finetune epoch=1/1 batch=500/3000 step=3500 repair=0.5605 localization=0 type=0 minimal=0.7671 physics=1.543 total=0.6454
[TRAIN train_prithvi_wxc_conservefm_full_s43] [TRAIN] stage=finetune epoch=1/1 batch=510/3000 step=3510 repair=0.3135 localization=0 type=0 minimal=0.6245 physics=1.287 total=0.3841
[TRAIN train_prithvi_wxc_conservefm_full_s43] [TRAIN] stage=finetune epoch=1/1 batch=520/3000 step=3520 repair=0.2075 localization=0 type=0 minimal=0.5679 physics=1.095 total=0.268
[TRAIN train_prithvi_wxc_conservefm_full_s43] [TRAIN] stage=finetune epoch=1/1 batch=530/3000 step=3530 repair=0.5283 localization=0 type=0 minimal=0.7812 physics=1.413 total=0.6067
[TRAIN train_prithvi_wxc_conservefm_full_s43] [TRAIN] stage=finetune epoch=1/1 batch=540/3000 step=3540 repair=0.2723 localization=0 type=0 minimal=0.6021 physics=1.131 total=0.3348
[TRAIN train_prithvi_wxc_conservefm_full_s43] [TRAIN] stage=finetune epoch=1/1 batch=550/3000 step=3550 repair=0.3032 localization=0 type=0 minimal=0.6401 physics=1.901 total=0.4046
[TRAIN train_prithvi_wxc_conservefm_full_s43] [TRAIN] stage=finetune epoch=1/1 batch=560/3000 step=3560 repair=0.3699 localization=0 type=0 minimal=0.708 physics=1.316 total=0.4428
[TRAIN train_prithvi_wxc_conservefm_full_s43] [TRAIN] stage=finetune epoch=1/1 batch=570/3000 step=3570 repair=0.3705 localization=0 type=0 minimal=0.7222 physics=0.9732 total=0.4264
[TRAIN train_prithvi_wxc_conservefm_full_s43] [TRAIN] stage=finetune epoch=1/1 batch=580/3000 step=3580 repair=0.1191 localization=0 type=0 minimal=0.4878 physics=1.052 total=0.1766
[TRAIN train_prithvi_wxc_conservefm_full_s43] [TRAIN] stage=finetune epoch=1/1 batch=590/3000 step=3590 repair=0.1186 localization=0 type=0 minimal=0.4695 physics=0.6492 total=0.1558
[TRAIN train_prithvi_wxc_conservefm_full_s43] [TRAIN] stage=finetune epoch=1/1 batch=600/3000 step=3600 repair=0.1986 localization=0 type=0 minimal=0.5757 physics=0.914 total=0.25
[TRAIN train_prithvi_wxc_conservefm_full_s43] [TRAIN] stage=finetune epoch=1/1 batch=610/3000 step=3610 repair=0.1164 localization=0 type=0 minimal=0.4478 physics=1.265 total=0.1841
[TRAIN train_prithvi_wxc_conservefm_full_s43] [TRAIN] stage=finetune epoch=1/1 batch=620/3000 step=3620 repair=0.109 localization=0 type=0 minimal=0.4524 physics=1.099 total=0.1685
[TRAIN train_prithvi_wxc_conservefm_full_s43] [TRAIN] stage=finetune epoch=1/1 batch=630/3000 step=3630 repair=0.2989 localization=0 type=0 minimal=0.6216 physics=0.9704 total=0.3537
[TRAIN train_prithvi_wxc_conservefm_full_s43] [TRAIN] stage=finetune epoch=1/1 batch=640/3000 step=3640 repair=0.3362 localization=0 type=0 minimal=0.7036 physics=1.672 total=0.4269
[TRAIN train_prithvi_wxc_conservefm_full_s43] [TRAIN] stage=finetune epoch=1/1 batch=650/3000 step=3650 repair=0.2458 localization=0 type=0 minimal=0.6387 physics=1.37 total=0.3207
[TRAIN train_prithvi_wxc_conservefm_full_s43] [TRAIN] stage=finetune epoch=1/1 batch=660/3000 step=3660 repair=0.354 localization=0 type=0 minimal=0.7036 physics=2.215 total=0.4718
[TRAIN train_prithvi_wxc_conservefm_full_s43] [TRAIN] stage=finetune epoch=1/1 batch=670/3000 step=3670 repair=0.17 localization=0 type=0 minimal=0.5415 physics=1.009 total=0.2258
[TRAIN train_prithvi_wxc_conservefm_full_s43] [TRAIN] stage=finetune epoch=1/1 batch=680/3000 step=3680 repair=0.1113 localization=0 type=0 minimal=0.4778 physics=1.353 total=0.1838
[TRAIN train_prithvi_wxc_conservefm_full_s43] [TRAIN] stage=finetune epoch=1/1 batch=690/3000 step=3690 repair=0.1674 localization=0 type=0 minimal=0.5576 physics=1 total=0.223
[TRAIN train_prithvi_wxc_conservefm_full_s43] [TRAIN] stage=finetune epoch=1/1 batch=700/3000 step=3700 repair=0.2652 localization=0 type=0 minimal=0.6685 physics=1.34 total=0.3389
[TRAIN train_prithvi_wxc_conservefm_full_s43] [TRAIN] stage=finetune epoch=1/1 batch=710/3000 step=3710 repair=0.1916 localization=0 type=0 minimal=0.582 physics=0.7711 total=0.236
[TRAIN train_prithvi_wxc_conservefm_full_s43] [TRAIN] stage=finetune epoch=1/1 batch=720/3000 step=3720 repair=0.2601 localization=0 type=0 minimal=0.6636 physics=1.222 total=0.3278
[TRAIN train_prithvi_wxc_conservefm_full_s43] [TRAIN] stage=finetune epoch=1/1 batch=730/3000 step=3730 repair=0.3085 localization=0 type=0 minimal=0.6143 physics=0.9088 total=0.36
[TRAIN train_prithvi_wxc_conservefm_full_s43] [TRAIN] stage=finetune epoch=1/1 batch=740/3000 step=3740 repair=0.2732 localization=0 type=0 minimal=0.6523 physics=1.498 total=0.3546
[TRAIN train_prithvi_wxc_conservefm_full_s43] [TRAIN] stage=finetune epoch=1/1 batch=750/3000 step=3750 repair=0.4744 localization=0 type=0 minimal=0.7896 physics=1.282 total=0.5464
[TRAIN train_prithvi_wxc_conservefm_full_s43] [TRAIN] stage=finetune epoch=1/1 batch=760/3000 step=3760 repair=0.4376 localization=0 type=0 minimal=0.7329 physics=1.407 total=0.5153
[TRAIN train_prithvi_wxc_conservefm_full_s43] [TRAIN] stage=finetune epoch=1/1 batch=770/3000 step=3770 repair=0.1837 localization=0 type=0 minimal=0.5601 physics=1.324 total=0.2555
[TRAIN train_prithvi_wxc_conservefm_full_s43] [TRAIN] stage=finetune epoch=1/1 batch=780/3000 step=3780 repair=0.255 localization=0 type=0 minimal=0.6587 physics=1.614 total=0.3423
[TRAIN train_prithvi_wxc_conservefm_full_s43] [TRAIN] stage=finetune epoch=1/1 batch=790/3000 step=3790 repair=0.1871 localization=0 type=0 minimal=0.5791 physics=0.8913 total=0.2375
[TRAIN train_prithvi_wxc_conservefm_full_s43] [TRAIN] stage=finetune epoch=1/1 batch=800/3000 step=3800 repair=0.1083 localization=0 type=0 minimal=0.4773 physics=0.6869 total=0.1475
[TRAIN train_prithvi_wxc_conservefm_full_s43] [TRAIN] stage=finetune epoch=1/1 batch=810/3000 step=3810 repair=0.471 localization=0 type=0 minimal=0.7671 physics=1.15 total=0.5361
[TRAIN train_prithvi_wxc_conservefm_full_s43] [TRAIN] stage=finetune epoch=1/1 batch=820/3000 step=3820 repair=0.3045 localization=0 type=0 minimal=0.6172 physics=0.9173 total=0.3565
[TRAIN train_prithvi_wxc_conservefm_full_s43] [TRAIN] stage=finetune epoch=1/1 batch=830/3000 step=3830 repair=0.1902 localization=0 type=0 minimal=0.582 physics=0.6779 total=0.2299
[TRAIN train_prithvi_wxc_conservefm_full_s43] [TRAIN] stage=finetune epoch=1/1 batch=840/3000 step=3840 repair=0.09921 localization=0 type=0 minimal=0.4663 physics=0.8962 total=0.1487
[TRAIN train_prithvi_wxc_conservefm_full_s43] [TRAIN] stage=finetune epoch=1/1 batch=850/3000 step=3850 repair=0.3555 localization=0 type=0 minimal=0.7119 physics=0.9708 total=0.4111
[TRAIN train_prithvi_wxc_conservefm_full_s43] [TRAIN] stage=finetune epoch=1/1 batch=860/3000 step=3860 repair=0.3575 localization=0 type=0 minimal=0.7114 physics=1.2 total=0.4246
[TRAIN train_prithvi_wxc_conservefm_full_s43] [TRAIN] stage=finetune epoch=1/1 batch=870/3000 step=3870 repair=0.3027 localization=0 type=0 minimal=0.6343 physics=0.9196 total=0.3551
[TRAIN train_prithvi_wxc_conservefm_full_s43] [TRAIN] stage=finetune epoch=1/1 batch=880/3000 step=3880 repair=0.1124 localization=0 type=0 minimal=0.4766 physics=0.9629 total=0.1653
[TRAIN train_prithvi_wxc_conservefm_full_s43] [TRAIN] stage=finetune epoch=1/1 batch=890/3000 step=3890 repair=0.4484 localization=0 type=0 minimal=0.7725 physics=1.366 total=0.5244
[TRAIN train_prithvi_wxc_conservefm_full_s43] [TRAIN] stage=finetune epoch=1/1 batch=900/3000 step=3900 repair=0.4478 localization=0 type=0 minimal=0.7471 physics=1.373 total=0.5239
[TRAIN train_prithvi_wxc_conservefm_full_s43] [TRAIN] stage=finetune epoch=1/1 batch=910/3000 step=3910 repair=0.1637 localization=0 type=0 minimal=0.5522 physics=1.172 total=0.2279
[TRAIN train_prithvi_wxc_conservefm_full_s43] [TRAIN] stage=finetune epoch=1/1 batch=920/3000 step=3920 repair=0.3525 localization=0 type=0 minimal=0.7305 physics=1.477 total=0.4336
[TRAIN train_prithvi_wxc_conservefm_full_s43] [TRAIN] stage=finetune epoch=1/1 batch=930/3000 step=3930 repair=0.1017 localization=0 type=0 minimal=0.4517 physics=0.7843 total=0.1454
[TRAIN train_prithvi_wxc_conservefm_full_s43] [TRAIN] stage=finetune epoch=1/1 batch=940/3000 step=3940 repair=0.2816 localization=0 type=0 minimal=0.6377 physics=1.352 total=0.3556
[TRAIN train_prithvi_wxc_conservefm_full_s43] [TRAIN] stage=finetune epoch=1/1 batch=950/3000 step=3950 repair=0.4662 localization=0 type=0 minimal=0.7983 physics=1.162 total=0.5323
[TRAIN train_prithvi_wxc_conservefm_full_s43] [TRAIN] stage=finetune epoch=1/1 batch=960/3000 step=3960 repair=0.3291 localization=0 type=0 minimal=0.7139 physics=1.569 total=0.4147
[TRAIN train_prithvi_wxc_conservefm_full_s43] [TRAIN] stage=finetune epoch=1/1 batch=970/3000 step=3970 repair=0.3624 localization=0 type=0 minimal=0.7329 physics=0.8511 total=0.4123
[TRAIN train_prithvi_wxc_conservefm_full_s43] [TRAIN] stage=finetune epoch=1/1 batch=980/3000 step=3980 repair=0.1008 localization=0 type=0 minimal=0.4741 physics=0.5615 total=0.1336
[TRAIN train_prithvi_wxc_conservefm_full_s43] [TRAIN] stage=finetune epoch=1/1 batch=990/3000 step=3990 repair=0.2524 localization=0 type=0 minimal=0.6367 physics=1.555 total=0.3366
[TRAIN train_prithvi_wxc_conservefm_full_s43] [TRAIN] stage=finetune epoch=1/1 batch=1000/3000 step=4000 repair=0.2256 localization=0 type=0 minimal=0.6528 physics=1.836 total=0.3239
[TRAIN train_prithvi_wxc_conservefm_full_s43] [TRAIN] stage=finetune epoch=1/1 batch=1010/3000 step=4010 repair=0.16 localization=0 type=0 minimal=0.5576 physics=0.8382 total=0.2075
[TRAIN train_prithvi_wxc_conservefm_full_s43] [TRAIN] stage=finetune epoch=1/1 batch=1020/3000 step=4020 repair=0.3828 localization=0 type=0 minimal=0.731 physics=1.133 total=0.4467
[TRAIN train_prithvi_wxc_conservefm_full_s43] [TRAIN] stage=finetune epoch=1/1 batch=1030/3000 step=4030 repair=0.1556 localization=0 type=0 minimal=0.5371 physics=0.9602 total=0.209
[TRAIN train_prithvi_wxc_conservefm_full_s43] [TRAIN] stage=finetune epoch=1/1 batch=1040/3000 step=4040 repair=0.09574 localization=0 type=0 minimal=0.4482 physics=0.917 total=0.1461
[TRAIN train_prithvi_wxc_conservefm_full_s43] [TRAIN] stage=finetune epoch=1/1 batch=1050/3000 step=4050 repair=0.3318 localization=0 type=0 minimal=0.7271 physics=2.06 total=0.4421
[TRAIN train_prithvi_wxc_conservefm_full_s43] [TRAIN] stage=finetune epoch=1/1 batch=1060/3000 step=4060 repair=0.1618 localization=0 type=0 minimal=0.5552 physics=0.8547 total=0.2101
[TRAIN train_prithvi_wxc_conservefm_full_s43] [TRAIN] stage=finetune epoch=1/1 batch=1070/3000 step=4070 repair=0.3569 localization=0 type=0 minimal=0.7163 physics=0.9052 total=0.4094
[TRAIN train_prithvi_wxc_conservefm_full_s43] [TRAIN] stage=finetune epoch=1/1 batch=1080/3000 step=4080 repair=0.285 localization=0 type=0 minimal=0.6475 physics=0.8325 total=0.3331
[TRAIN train_prithvi_wxc_conservefm_full_s43] [TRAIN] stage=finetune epoch=1/1 batch=1090/3000 step=4090 repair=0.2585 localization=0 type=0 minimal=0.6445 physics=0.9216 total=0.311
[TRAIN train_prithvi_wxc_conservefm_full_s43] [TRAIN] stage=finetune epoch=1/1 batch=1100/3000 step=4100 repair=0.4669 localization=0 type=0 minimal=0.7954 physics=1.322 total=0.5409
[TRAIN train_prithvi_wxc_conservefm_full_s43] [TRAIN] stage=finetune epoch=1/1 batch=1110/3000 step=4110 repair=0.1479 localization=0 type=0 minimal=0.5464 physics=0.7361 total=0.1902
[TRAIN train_prithvi_wxc_conservefm_full_s43] [TRAIN] stage=finetune epoch=1/1 batch=1120/3000 step=4120 repair=0.3351 localization=0 type=0 minimal=0.7246 physics=1.282 total=0.4064
[TRAIN train_prithvi_wxc_conservefm_full_s43] [TRAIN] stage=finetune epoch=1/1 batch=1130/3000 step=4130 repair=0.1602 localization=0 type=0 minimal=0.5693 physics=1.038 total=0.2178
[TRAIN train_prithvi_wxc_conservefm_full_s43] [TRAIN] stage=finetune epoch=1/1 batch=1140/3000 step=4140 repair=0.2824 localization=0 type=0 minimal=0.6274 physics=0.783 total=0.3278
[TRAIN train_prithvi_wxc_conservefm_full_s43] [TRAIN] stage=finetune epoch=1/1 batch=1150/3000 step=4150 repair=0.09379 localization=0 type=0 minimal=0.4683 physics=0.9748 total=0.1472
[TRAIN train_prithvi_wxc_conservefm_full_s43] [TRAIN] stage=finetune epoch=1/1 batch=1160/3000 step=4160 repair=0.3919 localization=0 type=0 minimal=0.7246 physics=1.332 total=0.4657
[TRAIN train_prithvi_wxc_conservefm_full_s43] [TRAIN] stage=finetune epoch=1/1 batch=1170/3000 step=4170 repair=0.3391 localization=0 type=0 minimal=0.71 physics=0.9575 total=0.3941
[TRAIN train_prithvi_wxc_conservefm_full_s43] [TRAIN] stage=finetune epoch=1/1 batch=1180/3000 step=4180 repair=0.1787 localization=0 type=0 minimal=0.5674 physics=0.7929 total=0.2241
[TRAIN train_prithvi_wxc_conservefm_full_s43] [TRAIN] stage=finetune epoch=1/1 batch=1190/3000 step=4190 repair=0.3206 localization=0 type=0 minimal=0.7051 physics=1.149 total=0.3851
[TRAIN train_prithvi_wxc_conservefm_full_s43] [TRAIN] stage=finetune epoch=1/1 batch=1200/3000 step=4200 repair=0.4756 localization=0 type=0 minimal=0.7891 physics=1.245 total=0.5457
[TRAIN train_prithvi_wxc_conservefm_full_s43] [TRAIN] stage=finetune epoch=1/1 batch=1210/3000 step=4210 repair=0.09716 localization=0 type=0 minimal=0.4749 physics=0.834 total=0.1436
[TRAIN train_prithvi_wxc_conservefm_full_s43] [TRAIN] stage=finetune epoch=1/1 batch=1220/3000 step=4220 repair=0.2695 localization=0 type=0 minimal=0.6138 physics=1.064 total=0.3288
[TRAIN train_prithvi_wxc_conservefm_full_s43] [TRAIN] stage=finetune epoch=1/1 batch=1230/3000 step=4230 repair=0.3384 localization=0 type=0 minimal=0.7236 physics=0.993 total=0.3953
[TRAIN train_prithvi_wxc_conservefm_full_s43] [TRAIN] stage=finetune epoch=1/1 batch=1240/3000 step=4240 repair=0.3261 localization=0 type=0 minimal=0.6919 physics=0.8709 total=0.3766
[TRAIN train_prithvi_wxc_conservefm_full_s43] [TRAIN] stage=finetune epoch=1/1 batch=1250/3000 step=4250 repair=0.3582 localization=0 type=0 minimal=0.7222 physics=1.261 total=0.4285
[TRAIN train_prithvi_wxc_conservefm_full_s43] [TRAIN] stage=finetune epoch=1/1 batch=1260/3000 step=4260 repair=0.3121 localization=0 type=0 minimal=0.7163 physics=1.445 total=0.3915
[TRAIN train_prithvi_wxc_conservefm_full_s43] [TRAIN] stage=finetune epoch=1/1 batch=1270/3000 step=4270 repair=0.2573 localization=0 type=0 minimal=0.6187 physics=0.9345 total=0.3102
[TRAIN train_prithvi_wxc_conservefm_full_s43] [TRAIN] stage=finetune epoch=1/1 batch=1280/3000 step=4280 repair=0.09711 localization=0 type=0 minimal=0.4824 physics=0.6713 total=0.1355
[TRAIN train_prithvi_wxc_conservefm_full_s43] [TRAIN] stage=finetune epoch=1/1 batch=1290/3000 step=4290 repair=0.1698 localization=0 type=0 minimal=0.5654 physics=0.7897 total=0.2149
[TRAIN train_prithvi_wxc_conservefm_full_s43] [TRAIN] stage=finetune epoch=1/1 batch=1300/3000 step=4300 repair=0.4541 localization=0 type=0 minimal=0.7832 physics=1.236 total=0.5238
[TRAIN train_prithvi_wxc_conservefm_full_s43] [TRAIN] stage=finetune epoch=1/1 batch=1310/3000 step=4310 repair=0.2477 localization=0 type=0 minimal=0.6655 physics=1.105 total=0.3096
[TRAIN train_prithvi_wxc_conservefm_full_s43] [TRAIN] stage=finetune epoch=1/1 batch=1320/3000 step=4320 repair=0.4497 localization=0 type=0 minimal=0.772 physics=1.153 total=0.515
[TRAIN train_prithvi_wxc_conservefm_full_s43] [TRAIN] stage=finetune epoch=1/1 batch=1330/3000 step=4330 repair=0.1676 localization=0 type=0 minimal=0.5527 physics=0.962 total=0.2213
[TRAIN train_prithvi_wxc_conservefm_full_s43] [TRAIN] stage=finetune epoch=1/1 batch=1340/3000 step=4340 repair=0.4688 localization=0 type=0 minimal=0.7983 physics=1.128 total=0.5331
[TRAIN train_prithvi_wxc_conservefm_full_s43] [TRAIN] stage=finetune epoch=1/1 batch=1350/3000 step=4350 repair=0.395 localization=0 type=0 minimal=0.7944 physics=1.187 total=0.4623
[TRAIN train_prithvi_wxc_conservefm_full_s43] [TRAIN] stage=finetune epoch=1/1 batch=1360/3000 step=4360 repair=0.2181 localization=0 type=0 minimal=0.6338 physics=0.86 total=0.2674
[TRAIN train_prithvi_wxc_conservefm_full_s43] [TRAIN] stage=finetune epoch=1/1 batch=1370/3000 step=4370 repair=0.1504 localization=0 type=0 minimal=0.561 physics=0.862 total=0.1991
[TRAIN train_prithvi_wxc_conservefm_full_s43] [TRAIN] stage=finetune epoch=1/1 batch=1380/3000 step=4380 repair=0.2298 localization=0 type=0 minimal=0.6548 physics=1.159 total=0.2943
[TRAIN train_prithvi_wxc_conservefm_full_s43] [TRAIN] stage=finetune epoch=1/1 batch=1390/3000 step=4390 repair=0.3775 localization=0 type=0 minimal=0.772 physics=1.195 total=0.445
[TRAIN train_prithvi_wxc_conservefm_full_s43] [TRAIN] stage=finetune epoch=1/1 batch=1400/3000 step=4400 repair=0.2802 localization=0 type=0 minimal=0.6318 physics=0.8973 total=0.3314
[TRAIN train_prithvi_wxc_conservefm_full_s43] [TRAIN] stage=finetune epoch=1/1 batch=1410/3000 step=4410 repair=0.226 localization=0 type=0 minimal=0.6455 physics=0.8721 total=0.276
[TRAIN train_prithvi_wxc_conservefm_full_s43] [TRAIN] stage=finetune epoch=1/1 batch=1420/3000 step=4420 repair=0.3014 localization=0 type=0 minimal=0.7036 physics=1.003 total=0.3586
[TRAIN train_prithvi_wxc_conservefm_full_s43] [TRAIN] stage=finetune epoch=1/1 batch=1430/3000 step=4430 repair=0.2462 localization=0 type=0 minimal=0.6274 physics=0.988 total=0.3019
[TRAIN train_prithvi_wxc_conservefm_full_s43] [TRAIN] stage=finetune epoch=1/1 batch=1440/3000 step=4440 repair=0.2878 localization=0 type=0 minimal=0.6328 physics=0.9428 total=0.3413
[TRAIN train_prithvi_wxc_conservefm_full_s43] [TRAIN] stage=finetune epoch=1/1 batch=1450/3000 step=4450 repair=0.2271 localization=0 type=0 minimal=0.6465 physics=0.8255 total=0.2748
[TRAIN train_prithvi_wxc_conservefm_full_s43] [TRAIN] stage=finetune epoch=1/1 batch=1460/3000 step=4460 repair=0.159 localization=0 type=0 minimal=0.5518 physics=0.7301 total=0.201
[TRAIN train_prithvi_wxc_conservefm_full_s43] [TRAIN] stage=finetune epoch=1/1 batch=1470/3000 step=4470 repair=0.3234 localization=0 type=0 minimal=0.7134 physics=1.087 total=0.3849
[TRAIN train_prithvi_wxc_conservefm_full_s43] [TRAIN] stage=finetune epoch=1/1 batch=1480/3000 step=4480 repair=0.09869 localization=0 type=0 minimal=0.4927 physics=0.7039 total=0.1388
[TRAIN train_prithvi_wxc_conservefm_full_s43] [TRAIN] stage=finetune epoch=1/1 batch=1490/3000 step=4490 repair=0.4541 localization=0 type=0 minimal=0.8179 physics=0.8744 total=0.506
[TRAIN train_prithvi_wxc_conservefm_full_s43] [TRAIN] stage=finetune epoch=1/1 batch=1500/3000 step=4500 repair=0.1777 localization=0 type=0 minimal=0.5781 physics=1.181 total=0.2425
[TRAIN train_prithvi_wxc_conservefm_full_s43] [TRAIN] stage=finetune epoch=1/1 batch=1510/3000 step=4510 repair=0.441 localization=0 type=0 minimal=0.7935 physics=1.294 total=0.5137
[TRAIN train_prithvi_wxc_conservefm_full_s43] [TRAIN] stage=finetune epoch=1/1 batch=1520/3000 step=4520 repair=0.3163 localization=0 type=0 minimal=0.7163 physics=1.227 total=0.3848
[TRAIN train_prithvi_wxc_conservefm_full_s43] [TRAIN] stage=finetune epoch=1/1 batch=1530/3000 step=4530 repair=0.1718 localization=0 type=0 minimal=0.5557 physics=0.7666 total=0.2156
[TRAIN train_prithvi_wxc_conservefm_full_s43] [TRAIN] stage=finetune epoch=1/1 batch=1540/3000 step=4540 repair=0.2333 localization=0 type=0 minimal=0.6069 physics=1.36 total=0.3074
[TRAIN train_prithvi_wxc_conservefm_full_s43] [TRAIN] stage=finetune epoch=1/1 batch=1550/3000 step=4550 repair=0.1639 localization=0 type=0 minimal=0.5605 physics=0.7164 total=0.2053
[TRAIN train_prithvi_wxc_conservefm_full_s43] [TRAIN] stage=finetune epoch=1/1 batch=1560/3000 step=4560 repair=0.1678 localization=0 type=0 minimal=0.5439 physics=0.6817 total=0.2074
[TRAIN train_prithvi_wxc_conservefm_full_s43] [TRAIN] stage=finetune epoch=1/1 batch=1570/3000 step=4570 repair=0.1696 localization=0 type=0 minimal=0.5718 physics=0.8462 total=0.2177
[TRAIN train_prithvi_wxc_conservefm_full_s43] [TRAIN] stage=finetune epoch=1/1 batch=1580/3000 step=4580 repair=0.2678 localization=0 type=0 minimal=0.6128 physics=0.7802 total=0.3129
[TRAIN train_prithvi_wxc_conservefm_full_s43] [TRAIN] stage=finetune epoch=1/1 batch=1590/3000 step=4590 repair=0.2248 localization=0 type=0 minimal=0.6621 physics=0.7673 total=0.2698
[TRAIN train_prithvi_wxc_conservefm_full_s43] [TRAIN] stage=finetune epoch=1/1 batch=1600/3000 step=4600 repair=0.2648 localization=0 type=0 minimal=0.6436 physics=0.6998 total=0.3062
[TRAIN train_prithvi_wxc_conservefm_full_s43] [TRAIN] stage=finetune epoch=1/1 batch=1610/3000 step=4610 repair=0.3054 localization=0 type=0 minimal=0.6318 physics=0.8844 total=0.3559
[TRAIN train_prithvi_wxc_conservefm_full_s43] [TRAIN] stage=finetune epoch=1/1 batch=1620/3000 step=4620 repair=0.4243 localization=0 type=0 minimal=0.8018 physics=0.8384 total=0.4743
[TRAIN train_prithvi_wxc_conservefm_full_s43] [TRAIN] stage=finetune epoch=1/1 batch=1630/3000 step=4630 repair=0.0911 localization=0 type=0 minimal=0.4751 physics=0.5694 total=0.1243
[TRAIN train_prithvi_wxc_conservefm_full_s43] [TRAIN] stage=finetune epoch=1/1 batch=1640/3000 step=4640 repair=0.09212 localization=0 type=0 minimal=0.4907 physics=0.8631 total=0.1402
[TRAIN train_prithvi_wxc_conservefm_full_s43] [TRAIN] stage=finetune epoch=1/1 batch=1650/3000 step=4650 repair=0.2316 localization=0 type=0 minimal=0.6724 physics=1.096 total=0.2931
[TRAIN train_prithvi_wxc_conservefm_full_s43] [TRAIN] stage=finetune epoch=1/1 batch=1660/3000 step=4660 repair=0.08936 localization=0 type=0 minimal=0.4563 physics=0.786 total=0.1332
[TRAIN train_prithvi_wxc_conservefm_full_s43] [TRAIN] stage=finetune epoch=1/1 batch=1670/3000 step=4670 repair=0.2384 localization=0 type=0 minimal=0.6255 physics=0.6909 total=0.2792
[TRAIN train_prithvi_wxc_conservefm_full_s43] [TRAIN] stage=finetune epoch=1/1 batch=1680/3000 step=4680 repair=0.4501 localization=0 type=0 minimal=0.7695 physics=1.336 total=0.5246
[TRAIN train_prithvi_wxc_conservefm_full_s43] [TRAIN] stage=finetune epoch=1/1 batch=1690/3000 step=4690 repair=0.1753 localization=0 type=0 minimal=0.5513 physics=0.7609 total=0.2188
[TRAIN train_prithvi_wxc_conservefm_full_s43] [TRAIN] stage=finetune epoch=1/1 batch=1700/3000 step=4700 repair=0.3174 localization=0 type=0 minimal=0.7275 physics=1.419 total=0.3956
[TRAIN train_prithvi_wxc_conservefm_full_s43] [TRAIN] stage=finetune epoch=1/1 batch=1710/3000 step=4710 repair=0.3203 localization=0 type=0 minimal=0.7407 physics=0.8504 total=0.3702
[TRAIN train_prithvi_wxc_conservefm_full_s43] [TRAIN] stage=finetune epoch=1/1 batch=1720/3000 step=4720 repair=0.1616 localization=0 type=0 minimal=0.585 physics=1.295 total=0.2322
[TRAIN train_prithvi_wxc_conservefm_full_s43] [TRAIN] stage=finetune epoch=1/1 batch=1730/3000 step=4730 repair=0.4351 localization=0 type=0 minimal=0.7817 physics=1.066 total=0.4962
[TRAIN train_prithvi_wxc_conservefm_full_s43] [TRAIN] stage=finetune epoch=1/1 batch=1740/3000 step=4740 repair=0.2766 localization=0 type=0 minimal=0.6226 physics=1.092 total=0.3374
[TRAIN train_prithvi_wxc_conservefm_full_s43] [TRAIN] stage=finetune epoch=1/1 batch=1750/3000 step=4750 repair=0.2576 localization=0 type=0 minimal=0.6479 physics=0.6905 total=0.2986
[TRAIN train_prithvi_wxc_conservefm_full_s43] [TRAIN] stage=finetune epoch=1/1 batch=1760/3000 step=4760 repair=0.3032 localization=0 type=0 minimal=0.7124 physics=0.6644 total=0.3435
[TRAIN train_prithvi_wxc_conservefm_full_s43] [TRAIN] stage=finetune epoch=1/1 batch=1770/3000 step=4770 repair=0.3052 localization=0 type=0 minimal=0.7354 physics=1.113 total=0.3682
[TRAIN train_prithvi_wxc_conservefm_full_s43] [TRAIN] stage=finetune epoch=1/1 batch=1780/3000 step=4780 repair=0.08987 localization=0 type=0 minimal=0.467 physics=0.8025 total=0.1347
[TRAIN train_prithvi_wxc_conservefm_full_s43] [TRAIN] stage=finetune epoch=1/1 batch=1790/3000 step=4790 repair=0.1569 localization=0 type=0 minimal=0.5786 physics=0.93 total=0.2092
[TRAIN train_prithvi_wxc_conservefm_full_s43] [TRAIN] stage=finetune epoch=1/1 batch=1800/3000 step=4800 repair=0.4672 localization=0 type=0 minimal=0.7847 physics=1.305 total=0.5403
[TRAIN train_prithvi_wxc_conservefm_full_s43] [TRAIN] stage=finetune epoch=1/1 batch=1810/3000 step=4810 repair=0.2904 localization=0 type=0 minimal=0.7163 physics=1.378 total=0.3664
[TRAIN train_prithvi_wxc_conservefm_full_s43] [TRAIN] stage=finetune epoch=1/1 batch=1820/3000 step=4820 repair=0.241 localization=0 type=0 minimal=0.625 physics=0.9045 total=0.2925
[TRAIN train_prithvi_wxc_conservefm_full_s43] [TRAIN] stage=finetune epoch=1/1 batch=1830/3000 step=4830 repair=0.2271 localization=0 type=0 minimal=0.6299 physics=1.002 total=0.2835
[TRAIN train_prithvi_wxc_conservefm_full_s43] [TRAIN] stage=finetune epoch=1/1 batch=1840/3000 step=4840 repair=0.2429 localization=0 type=0 minimal=0.625 physics=1.189 total=0.3086
[TRAIN train_prithvi_wxc_conservefm_full_s43] [TRAIN] stage=finetune epoch=1/1 batch=1850/3000 step=4850 repair=0.1497 localization=0 type=0 minimal=0.5776 physics=1.021 total=0.2065
[TRAIN train_prithvi_wxc_conservefm_full_s43] [TRAIN] stage=finetune epoch=1/1 batch=1860/3000 step=4860 repair=0.1642 localization=0 type=0 minimal=0.5854 physics=0.8009 total=0.2101
[TRAIN train_prithvi_wxc_conservefm_full_s43] [TRAIN] stage=finetune epoch=1/1 batch=1870/3000 step=4870 repair=0.2329 localization=0 type=0 minimal=0.6714 physics=1.266 total=0.3029
[TRAIN train_prithvi_wxc_conservefm_full_s43] [TRAIN] stage=finetune epoch=1/1 batch=1880/3000 step=4880 repair=0.2178 localization=0 type=0 minimal=0.6533 physics=1.32 total=0.2904
[TRAIN train_prithvi_wxc_conservefm_full_s43] [TRAIN] stage=finetune epoch=1/1 batch=1890/3000 step=4890 repair=0.2317 localization=0 type=0 minimal=0.6362 physics=0.7065 total=0.2734
[TRAIN train_prithvi_wxc_conservefm_full_s43] [TRAIN] stage=finetune epoch=1/1 batch=1900/3000 step=4900 repair=0.4426 localization=0 type=0 minimal=0.7788 physics=0.8856 total=0.4946
[TRAIN train_prithvi_wxc_conservefm_full_s43] [TRAIN] stage=finetune epoch=1/1 batch=1910/3000 step=4910 repair=0.3284 localization=0 type=0 minimal=0.7402 physics=1.128 total=0.3922
[TRAIN train_prithvi_wxc_conservefm_full_s43] [TRAIN] stage=finetune epoch=1/1 batch=1920/3000 step=4920 repair=0.2745 localization=0 type=0 minimal=0.6299 physics=1.282 total=0.3448
[TRAIN train_prithvi_wxc_conservefm_full_s43] [TRAIN] stage=finetune epoch=1/1 batch=1930/3000 step=4930 repair=0.2562 localization=0 type=0 minimal=0.6812 physics=0.5923 total=0.2926
[TRAIN train_prithvi_wxc_conservefm_full_s43] [TRAIN] stage=finetune epoch=1/1 batch=1940/3000 step=4940 repair=0.09188 localization=0 type=0 minimal=0.4929 physics=0.7925 total=0.1364
[TRAIN train_prithvi_wxc_conservefm_full_s43] [TRAIN] stage=finetune epoch=1/1 batch=1950/3000 step=4950 repair=0.2357 localization=0 type=0 minimal=0.6431 physics=0.9454 total=0.2894
[TRAIN train_prithvi_wxc_conservefm_full_s43] [TRAIN] stage=finetune epoch=1/1 batch=1960/3000 step=4960 repair=0.1364 localization=0 type=0 minimal=0.5562 physics=0.5256 total=0.1683
[TRAIN train_prithvi_wxc_conservefm_full_s43] [TRAIN] stage=finetune epoch=1/1 batch=1970/3000 step=4970 repair=0.09226 localization=0 type=0 minimal=0.4763 physics=1.13 total=0.1535
[TRAIN train_prithvi_wxc_conservefm_full_s43] [TRAIN] stage=finetune epoch=1/1 batch=1980/3000 step=4980 repair=0.1477 localization=0 type=0 minimal=0.5791 physics=0.8213 total=0.1946
[TRAIN train_prithvi_wxc_conservefm_full_s43] [TRAIN] stage=finetune epoch=1/1 batch=1990/3000 step=4990 repair=0.3045 localization=0 type=0 minimal=0.7402 physics=0.9623 total=0.36
[TRAIN train_prithvi_wxc_conservefm_full_s43] [TRAIN] stage=finetune epoch=1/1 batch=2000/3000 step=5000 repair=0.3215 localization=0 type=0 minimal=0.7246 physics=1.565 total=0.407
[TRAIN train_prithvi_wxc_conservefm_full_s43] [TRAIN] stage=finetune epoch=1/1 batch=2010/3000 step=5010 repair=0.2999 localization=0 type=0 minimal=0.7339 physics=0.8165 total=0.3481
[TRAIN train_prithvi_wxc_conservefm_full_s43] [TRAIN] stage=finetune epoch=1/1 batch=2020/3000 step=5020 repair=0.2491 localization=0 type=0 minimal=0.6392 physics=0.8607 total=0.2985
[TRAIN train_prithvi_wxc_conservefm_full_s43] [TRAIN] stage=finetune epoch=1/1 batch=2030/3000 step=5030 repair=0.2352 localization=0 type=0 minimal=0.6479 physics=0.7916 total=0.2813
[TRAIN train_prithvi_wxc_conservefm_full_s43] [TRAIN] stage=finetune epoch=1/1 batch=2040/3000 step=5040 repair=0.1614 localization=0 type=0 minimal=0.5479 physics=0.8888 total=0.2113
[TRAIN train_prithvi_wxc_conservefm_full_s43] [TRAIN] stage=finetune epoch=1/1 batch=2050/3000 step=5050 repair=0.3402 localization=0 type=0 minimal=0.7109 physics=0.9187 total=0.3933
[TRAIN train_prithvi_wxc_conservefm_full_s43] [TRAIN] stage=finetune epoch=1/1 batch=2060/3000 step=5060 repair=0.4156 localization=0 type=0 minimal=0.7705 physics=0.8345 total=0.465
[TRAIN train_prithvi_wxc_conservefm_full_s43] [TRAIN] stage=finetune epoch=1/1 batch=2070/3000 step=5070 repair=0.4119 localization=0 type=0 minimal=0.7979 physics=1.25 total=0.4823
[TRAIN train_prithvi_wxc_conservefm_full_s43] [TRAIN] stage=finetune epoch=1/1 batch=2080/3000 step=5080 repair=0.1391 localization=0 type=0 minimal=0.5635 physics=0.5965 total=0.1746
[TRAIN train_prithvi_wxc_conservefm_full_s43] [TRAIN] stage=finetune epoch=1/1 batch=2090/3000 step=5090 repair=0.2816 localization=0 type=0 minimal=0.6196 physics=0.8339 total=0.3295
[TRAIN train_prithvi_wxc_conservefm_full_s43] [TRAIN] stage=finetune epoch=1/1 batch=2100/3000 step=5100 repair=0.2973 localization=0 type=0 minimal=0.7358 physics=1.012 total=0.3553
[TRAIN train_prithvi_wxc_conservefm_full_s43] [TRAIN] stage=finetune epoch=1/1 batch=2110/3000 step=5110 repair=0.1566 localization=0 type=0 minimal=0.5928 physics=1.166 total=0.2208
[TRAIN train_prithvi_wxc_conservefm_full_s43] [TRAIN] stage=finetune epoch=1/1 batch=2120/3000 step=5120 repair=0.2961 localization=0 type=0 minimal=0.7222 physics=0.634 total=0.335
[TRAIN train_prithvi_wxc_conservefm_full_s43] [TRAIN] stage=finetune epoch=1/1 batch=2130/3000 step=5130 repair=0.1436 localization=0 type=0 minimal=0.5732 physics=0.5241 total=0.1755
[TRAIN train_prithvi_wxc_conservefm_full_s43] [TRAIN] stage=finetune epoch=1/1 batch=2140/3000 step=5140 repair=0.2795 localization=0 type=0 minimal=0.7261 physics=1.162 total=0.3449
[TRAIN train_prithvi_wxc_conservefm_full_s43] [TRAIN] stage=finetune epoch=1/1 batch=2150/3000 step=5150 repair=0.3112 localization=0 type=0 minimal=0.7363 physics=1.612 total=0.3992
[TRAIN train_prithvi_wxc_conservefm_full_s43] [TRAIN] stage=finetune epoch=1/1 batch=2160/3000 step=5160 repair=0.2468 localization=0 type=0 minimal=0.6929 physics=0.5058 total=0.279
[TRAIN train_prithvi_wxc_conservefm_full_s43] [TRAIN] stage=finetune epoch=1/1 batch=2170/3000 step=5170 repair=0.2439 localization=0 type=0 minimal=0.6348 physics=1.451 total=0.3228
[TRAIN train_prithvi_wxc_conservefm_full_s43] [TRAIN] stage=finetune epoch=1/1 batch=2180/3000 step=5180 repair=0.1532 localization=0 type=0 minimal=0.561 physics=0.6959 total=0.1936
[TRAIN train_prithvi_wxc_conservefm_full_s43] [TRAIN] stage=finetune epoch=1/1 batch=2190/3000 step=5190 repair=0.2684 localization=0 type=0 minimal=0.6504 physics=1.239 total=0.3368
[TRAIN train_prithvi_wxc_conservefm_full_s43] [TRAIN] stage=finetune epoch=1/1 batch=2200/3000 step=5200 repair=0.2294 localization=0 type=0 minimal=0.6094 physics=0.6143 total=0.2662
[TRAIN train_prithvi_wxc_conservefm_full_s43] [TRAIN] stage=finetune epoch=1/1 batch=2210/3000 step=5210 repair=0.2336 localization=0 type=0 minimal=0.6694 physics=1.168 total=0.2987
[TRAIN train_prithvi_wxc_conservefm_full_s43] [TRAIN] stage=finetune epoch=1/1 batch=2220/3000 step=5220 repair=0.2141 localization=0 type=0 minimal=0.6338 physics=0.6887 total=0.2549
[TRAIN train_prithvi_wxc_conservefm_full_s43] [TRAIN] stage=finetune epoch=1/1 batch=2230/3000 step=5230 repair=0.2438 localization=0 type=0 minimal=0.6392 physics=1.015 total=0.301
[TRAIN train_prithvi_wxc_conservefm_full_s43] [TRAIN] stage=finetune epoch=1/1 batch=2240/3000 step=5240 repair=0.1379 localization=0 type=0 minimal=0.5669 physics=0.4403 total=0.1656
[TRAIN train_prithvi_wxc_conservefm_full_s43] [TRAIN] stage=finetune epoch=1/1 batch=2250/3000 step=5250 repair=0.264 localization=0 type=0 minimal=0.6475 physics=0.6404 total=0.3025
[TRAIN train_prithvi_wxc_conservefm_full_s43] [TRAIN] stage=finetune epoch=1/1 batch=2260/3000 step=5260 repair=0.3142 localization=0 type=0 minimal=0.7373 physics=1.346 total=0.3888
[TRAIN train_prithvi_wxc_conservefm_full_s43] [TRAIN] stage=finetune epoch=1/1 batch=2270/3000 step=5270 repair=0.2077 localization=0 type=0 minimal=0.6631 physics=1.325 total=0.2806
[TRAIN train_prithvi_wxc_conservefm_full_s43] [TRAIN] stage=finetune epoch=1/1 batch=2280/3000 step=5280 repair=0.142 localization=0 type=0 minimal=0.584 physics=1.044 total=0.2001
[TRAIN train_prithvi_wxc_conservefm_full_s43] [TRAIN] stage=finetune epoch=1/1 batch=2290/3000 step=5290 repair=0.08334 localization=0 type=0 minimal=0.4795 physics=1.008 total=0.1385
[TRAIN train_prithvi_wxc_conservefm_full_s43] [TRAIN] stage=finetune epoch=1/1 batch=2300/3000 step=5300 repair=0.2127 localization=0 type=0 minimal=0.6582 physics=1.349 total=0.2867
[TRAIN train_prithvi_wxc_conservefm_full_s43] [TRAIN] stage=finetune epoch=1/1 batch=2310/3000 step=5310 repair=0.2621 localization=0 type=0 minimal=0.6201 physics=1.55 total=0.3458
[TRAIN train_prithvi_wxc_conservefm_full_s43] [TRAIN] stage=finetune epoch=1/1 batch=2320/3000 step=5320 repair=0.0848 localization=0 type=0 minimal=0.4734 physics=0.624 total=0.1207
[TRAIN train_prithvi_wxc_conservefm_full_s43] [TRAIN] stage=finetune epoch=1/1 batch=2330/3000 step=5330 repair=0.414 localization=0 type=0 minimal=0.811 physics=0.731 total=0.4587
[TRAIN train_prithvi_wxc_conservefm_full_s43] [TRAIN] stage=finetune epoch=1/1 batch=2340/3000 step=5340 repair=0.2858 localization=0 type=0 minimal=0.6265 physics=0.6335 total=0.3238
[TRAIN train_prithvi_wxc_conservefm_full_s43] [TRAIN] stage=finetune epoch=1/1 batch=2350/3000 step=5350 repair=0.2816 localization=0 type=0 minimal=0.7456 physics=0.9213 total=0.3351
[TRAIN train_prithvi_wxc_conservefm_full_s43] [TRAIN] stage=finetune epoch=1/1 batch=2360/3000 step=5360 repair=0.2997 localization=0 type=0 minimal=0.7397 physics=0.788 total=0.3465
[TRAIN train_prithvi_wxc_conservefm_full_s43] [TRAIN] stage=finetune epoch=1/1 batch=2370/3000 step=5370 repair=0.3343 localization=0 type=0 minimal=0.7236 physics=0.8336 total=0.3832
[TRAIN train_prithvi_wxc_conservefm_full_s43] [TRAIN] stage=finetune epoch=1/1 batch=2380/3000 step=5380 repair=0.3118 localization=0 type=0 minimal=0.7266 physics=0.7766 total=0.3579
[TRAIN train_prithvi_wxc_conservefm_full_s43] [TRAIN] stage=finetune epoch=1/1 batch=2390/3000 step=5390 repair=0.2634 localization=0 type=0 minimal=0.6284 physics=0.9323 total=0.3163
[TRAIN train_prithvi_wxc_conservefm_full_s43] [TRAIN] stage=finetune epoch=1/1 batch=2400/3000 step=5400 repair=0.3157 localization=0 type=0 minimal=0.7295 physics=0.7322 total=0.3596
[TRAIN train_prithvi_wxc_conservefm_full_s43] [TRAIN] stage=finetune epoch=1/1 batch=2410/3000 step=5410 repair=0.1661 localization=0 type=0 minimal=0.5615 physics=0.9413 total=0.2188
[TRAIN train_prithvi_wxc_conservefm_full_s43] [TRAIN] stage=finetune epoch=1/1 batch=2420/3000 step=5420 repair=0.2791 localization=0 type=0 minimal=0.7144 physics=0.832 total=0.3278
[TRAIN train_prithvi_wxc_conservefm_full_s43] [TRAIN] stage=finetune epoch=1/1 batch=2430/3000 step=5430 repair=0.4155 localization=0 type=0 minimal=0.7881 physics=0.9073 total=0.4687
[TRAIN train_prithvi_wxc_conservefm_full_s43] [TRAIN] stage=finetune epoch=1/1 batch=2440/3000 step=5440 repair=0.1484 localization=0 type=0 minimal=0.5776 physics=0.666 total=0.1875
[TRAIN train_prithvi_wxc_conservefm_full_s43] [TRAIN] stage=finetune epoch=1/1 batch=2450/3000 step=5450 repair=0.2224 localization=0 type=0 minimal=0.6768 physics=1.339 total=0.2961
[TRAIN train_prithvi_wxc_conservefm_full_s43] [TRAIN] stage=finetune epoch=1/1 batch=2460/3000 step=5460 repair=0.2573 localization=0 type=0 minimal=0.6484 physics=0.6618 total=0.2969
[TRAIN train_prithvi_wxc_conservefm_full_s43] [TRAIN] stage=finetune epoch=1/1 batch=2470/3000 step=5470 repair=0.2314 localization=0 type=0 minimal=0.6519 physics=1.062 total=0.291
[TRAIN train_prithvi_wxc_conservefm_full_s43] [TRAIN] stage=finetune epoch=1/1 batch=2480/3000 step=5480 repair=0.1406 localization=0 type=0 minimal=0.5522 physics=0.9665 total=0.1944
[TRAIN train_prithvi_wxc_conservefm_full_s43] [TRAIN] stage=finetune epoch=1/1 batch=2490/3000 step=5490 repair=0.2333 localization=0 type=0 minimal=0.623 physics=0.7655 total=0.2778
[TRAIN train_prithvi_wxc_conservefm_full_s43] [TRAIN] stage=finetune epoch=1/1 batch=2500/3000 step=5500 repair=0.252 localization=0 type=0 minimal=0.626 physics=0.7805 total=0.2972
[TRAIN train_prithvi_wxc_conservefm_full_s43] [TRAIN] stage=finetune epoch=1/1 batch=2510/3000 step=5510 repair=0.145 localization=0 type=0 minimal=0.5752 physics=0.7529 total=0.1884
[TRAIN train_prithvi_wxc_conservefm_full_s43] [TRAIN] stage=finetune epoch=1/1 batch=2520/3000 step=5520 repair=0.2037 localization=0 type=0 minimal=0.6489 physics=0.7377 total=0.2471
[TRAIN train_prithvi_wxc_conservefm_full_s43] [TRAIN] stage=finetune epoch=1/1 batch=2530/3000 step=5530 repair=0.1506 localization=0 type=0 minimal=0.5845 physics=0.7472 total=0.1938
[TRAIN train_prithvi_wxc_conservefm_full_s43] [TRAIN] stage=finetune epoch=1/1 batch=2540/3000 step=5540 repair=0.1462 localization=0 type=0 minimal=0.5947 physics=0.9064 total=0.1974
[TRAIN train_prithvi_wxc_conservefm_full_s43] [TRAIN] stage=finetune epoch=1/1 batch=2550/3000 step=5550 repair=0.3068 localization=0 type=0 minimal=0.6533 physics=1.164 total=0.3715
[TRAIN train_prithvi_wxc_conservefm_full_s43] [TRAIN] stage=finetune epoch=1/1 batch=2560/3000 step=5560 repair=0.2932 localization=0 type=0 minimal=0.7104 physics=0.5734 total=0.329
[TRAIN train_prithvi_wxc_conservefm_full_s43] [TRAIN] stage=finetune epoch=1/1 batch=2570/3000 step=5570 repair=0.2473 localization=0 type=0 minimal=0.6187 physics=1.195 total=0.3132
[TRAIN train_prithvi_wxc_conservefm_full_s43] [TRAIN] stage=finetune epoch=1/1 batch=2580/3000 step=5580 repair=0.3172 localization=0 type=0 minimal=0.6938 physics=1.213 total=0.3848
[TRAIN train_prithvi_wxc_conservefm_full_s43] [TRAIN] stage=finetune epoch=1/1 batch=2590/3000 step=5590 repair=0.219 localization=0 type=0 minimal=0.666 physics=0.625 total=0.2569
[TRAIN train_prithvi_wxc_conservefm_full_s43] [TRAIN] stage=finetune epoch=1/1 batch=2600/3000 step=5600 repair=0.0842 localization=0 type=0 minimal=0.4814 physics=0.5574 total=0.1169
[TRAIN train_prithvi_wxc_conservefm_full_s43] [TRAIN] stage=finetune epoch=1/1 batch=2610/3000 step=5610 repair=0.3341 localization=0 type=0 minimal=0.728 physics=0.8049 total=0.3816
[TRAIN train_prithvi_wxc_conservefm_full_s43] [TRAIN] stage=finetune epoch=1/1 batch=2620/3000 step=5620 repair=0.141 localization=0 type=0 minimal=0.5708 physics=0.5733 total=0.1754
[TRAIN train_prithvi_wxc_conservefm_full_s43] [TRAIN] stage=finetune epoch=1/1 batch=2630/3000 step=5630 repair=0.2069 localization=0 type=0 minimal=0.6558 physics=0.9759 total=0.2623
[TRAIN train_prithvi_wxc_conservefm_full_s43] [TRAIN] stage=finetune epoch=1/1 batch=2640/3000 step=5640 repair=0.1669 localization=0 type=0 minimal=0.5747 physics=0.5321 total=0.1993
[TRAIN train_prithvi_wxc_conservefm_full_s43] [TRAIN] stage=finetune epoch=1/1 batch=2650/3000 step=5650 repair=0.143 localization=0 type=0 minimal=0.5708 physics=0.9307 total=0.1952
[TRAIN train_prithvi_wxc_conservefm_full_s43] [TRAIN] stage=finetune epoch=1/1 batch=2660/3000 step=5660 repair=0.2025 localization=0 type=0 minimal=0.6641 physics=0.9742 total=0.2579
[TRAIN train_prithvi_wxc_conservefm_full_s43] [TRAIN] stage=finetune epoch=1/1 batch=2670/3000 step=5670 repair=0.3088 localization=0 type=0 minimal=0.7153 physics=1.133 total=0.3726
[TRAIN train_prithvi_wxc_conservefm_full_s43] [TRAIN] stage=finetune epoch=1/1 batch=2680/3000 step=5680 repair=0.1972 localization=0 type=0 minimal=0.6655 physics=0.8883 total=0.2483
[TRAIN train_prithvi_wxc_conservefm_full_s43] [TRAIN] stage=finetune epoch=1/1 batch=2690/3000 step=5690 repair=0.3267 localization=0 type=0 minimal=0.7202 physics=0.7715 total=0.3725
[TRAIN train_prithvi_wxc_conservefm_full_s43] [TRAIN] stage=finetune epoch=1/1 batch=2700/3000 step=5700 repair=0.3189 localization=0 type=0 minimal=0.7451 physics=0.9853 total=0.3756
[TRAIN train_prithvi_wxc_conservefm_full_s43] [TRAIN] stage=finetune epoch=1/1 batch=2710/3000 step=5710 repair=0.2623 localization=0 type=0 minimal=0.6372 physics=0.8902 total=0.3131
[TRAIN train_prithvi_wxc_conservefm_full_s43] [TRAIN] stage=finetune epoch=1/1 batch=2720/3000 step=5720 repair=0.303 localization=0 type=0 minimal=0.7188 physics=0.8895 total=0.3546
[TRAIN train_prithvi_wxc_conservefm_full_s43] [TRAIN] stage=finetune epoch=1/1 batch=2730/3000 step=5730 repair=0.2215 localization=0 type=0 minimal=0.6772 physics=0.694 total=0.263
[TRAIN train_prithvi_wxc_conservefm_full_s43] [TRAIN] stage=finetune epoch=1/1 batch=2740/3000 step=5740 repair=0.3995 localization=0 type=0 minimal=0.791 physics=0.7968 total=0.4472
[TRAIN train_prithvi_wxc_conservefm_full_s43] [TRAIN] stage=finetune epoch=1/1 batch=2750/3000 step=5750 repair=0.2343 localization=0 type=0 minimal=0.6675 physics=0.9586 total=0.2889
[TRAIN train_prithvi_wxc_conservefm_full_s43] [TRAIN] stage=finetune epoch=1/1 batch=2760/3000 step=5760 repair=0.3136 localization=0 type=0 minimal=0.7314 physics=0.8969 total=0.3658
[TRAIN train_prithvi_wxc_conservefm_full_s43] [TRAIN] stage=finetune epoch=1/1 batch=2770/3000 step=5770 repair=0.08666 localization=0 type=0 minimal=0.5083 physics=0.8425 total=0.1339
[TRAIN train_prithvi_wxc_conservefm_full_s43] [TRAIN] stage=finetune epoch=1/1 batch=2780/3000 step=5780 repair=0.08187 localization=0 type=0 minimal=0.4746 physics=0.5412 total=0.1137
[TRAIN train_prithvi_wxc_conservefm_full_s43] [TRAIN] stage=finetune epoch=1/1 batch=2790/3000 step=5790 repair=0.1523 localization=0 type=0 minimal=0.5728 physics=0.8426 total=0.2002
[TRAIN train_prithvi_wxc_conservefm_full_s43] [TRAIN] stage=finetune epoch=1/1 batch=2800/3000 step=5800 repair=0.229 localization=0 type=0 minimal=0.6313 physics=0.6247 total=0.2665
[TRAIN train_prithvi_wxc_conservefm_full_s43] [TRAIN] stage=finetune epoch=1/1 batch=2810/3000 step=5810 repair=0.1425 localization=0 type=0 minimal=0.5688 physics=1.053 total=0.2008
[TRAIN train_prithvi_wxc_conservefm_full_s43] [TRAIN] stage=finetune epoch=1/1 batch=2820/3000 step=5820 repair=0.2922 localization=0 type=0 minimal=0.6528 physics=0.684 total=0.3329
[TRAIN train_prithvi_wxc_conservefm_full_s43] [TRAIN] stage=finetune epoch=1/1 batch=2830/3000 step=5830 repair=0.3226 localization=0 type=0 minimal=0.7329 physics=0.715 total=0.3657
[TRAIN train_prithvi_wxc_conservefm_full_s43] [TRAIN] stage=finetune epoch=1/1 batch=2840/3000 step=5840 repair=0.3934 localization=0 type=0 minimal=0.7593 physics=0.7351 total=0.4378
[TRAIN train_prithvi_wxc_conservefm_full_s43] [TRAIN] stage=finetune epoch=1/1 batch=2850/3000 step=5850 repair=0.2221 localization=0 type=0 minimal=0.6602 physics=0.8471 total=0.271
[TRAIN train_prithvi_wxc_conservefm_full_s43] [TRAIN] stage=finetune epoch=1/1 batch=2860/3000 step=5860 repair=0.3085 localization=0 type=0 minimal=0.7148 physics=0.7108 total=0.3512
[TRAIN train_prithvi_wxc_conservefm_full_s43] [TRAIN] stage=finetune epoch=1/1 batch=2870/3000 step=5870 repair=0.1694 localization=0 type=0 minimal=0.5801 physics=0.4508 total=0.1978
[TRAIN train_prithvi_wxc_conservefm_full_s43] [TRAIN] stage=finetune epoch=1/1 batch=2880/3000 step=5880 repair=0.3161 localization=0 type=0 minimal=0.7207 physics=0.7678 total=0.3617
[TRAIN train_prithvi_wxc_conservefm_full_s43] [TRAIN] stage=finetune epoch=1/1 batch=2890/3000 step=5890 repair=0.3137 localization=0 type=0 minimal=0.7305 physics=0.5838 total=0.3502
[TRAIN train_prithvi_wxc_conservefm_full_s43] [TRAIN] stage=finetune epoch=1/1 batch=2900/3000 step=5900 repair=0.1488 localization=0 type=0 minimal=0.5718 physics=0.8086 total=0.195
[TRAIN train_prithvi_wxc_conservefm_full_s43] [TRAIN] stage=finetune epoch=1/1 batch=2910/3000 step=5910 repair=0.08353 localization=0 type=0 minimal=0.4785 physics=0.636 total=0.1201
[TRAIN train_prithvi_wxc_conservefm_full_s43] [TRAIN] stage=finetune epoch=1/1 batch=2920/3000 step=5920 repair=0.2362 localization=0 type=0 minimal=0.6279 physics=0.6253 total=0.2737
[TRAIN train_prithvi_wxc_conservefm_full_s43] [TRAIN] stage=finetune epoch=1/1 batch=2930/3000 step=5930 repair=0.2158 localization=0 type=0 minimal=0.6602 physics=0.6665 total=0.2558
[TRAIN train_prithvi_wxc_conservefm_full_s43] [TRAIN] stage=finetune epoch=1/1 batch=2940/3000 step=5940 repair=0.203 localization=0 type=0 minimal=0.6514 physics=0.858 total=0.2524
[TRAIN train_prithvi_wxc_conservefm_full_s43] [TRAIN] stage=finetune epoch=1/1 batch=2950/3000 step=5950 repair=0.2933 localization=0 type=0 minimal=0.7236 physics=1.378 total=0.3694
[TRAIN train_prithvi_wxc_conservefm_full_s43] [TRAIN] stage=finetune epoch=1/1 batch=2960/3000 step=5960 repair=0.2019 localization=0 type=0 minimal=0.6675 physics=1.106 total=0.2639
[TRAIN train_prithvi_wxc_conservefm_full_s43] [TRAIN] stage=finetune epoch=1/1 batch=2970/3000 step=5970 repair=0.3107 localization=0 type=0 minimal=0.7231 physics=0.7678 total=0.3563
[TRAIN train_prithvi_wxc_conservefm_full_s43] [TRAIN] stage=finetune epoch=1/1 batch=2980/3000 step=5980 repair=0.199 localization=0 type=0 minimal=0.6714 physics=0.9646 total=0.2539
[TRAIN train_prithvi_wxc_conservefm_full_s43] [TRAIN] stage=finetune epoch=1/1 batch=2990/3000 step=5990 repair=0.2846 localization=0 type=0 minimal=0.7407 physics=1.113 total=0.3476
[TRAIN train_prithvi_wxc_conservefm_full_s43] [TRAIN] stage=finetune epoch=1/1 batch=3000/3000 step=6000 repair=0.127 localization=0 type=0 minimal=0.5625 physics=1.132 total=0.1893
[TRAIN train_prithvi_wxc_conservefm_full_s43] [EPOCH] {'stage': 'finetune', 'epoch': 0, 'global_step': 6000, 'train_total': 0.4439203385661046, 'val_repair_mse': 0.23323015216737986, 'elapsed_seconds': 4276.31}
[TRAIN train_prithvi_wxc_conservefm_full_s43] [BEST] val_repair_mse=0.23323
[TRAIN train_prithvi_wxc_conservefm_full_s43] [TRAIN COMPLETE] {
[TRAIN train_prithvi_wxc_conservefm_full_s43]   "run_id": "prelim20_train_prithvi_wxc_conservefm_full_s43",
[TRAIN train_prithvi_wxc_conservefm_full_s43]   "status": "completed",
[TRAIN train_prithvi_wxc_conservefm_full_s43]   "method": "conservefm_full",
[TRAIN train_prithvi_wxc_conservefm_full_s43]   "backbone": "prithvi_wxc",
[TRAIN train_prithvi_wxc_conservefm_full_s43]   "seed": 43,
[TRAIN train_prithvi_wxc_conservefm_full_s43]   "forecast_provider": "zarr_frozen_fm",
[TRAIN train_prithvi_wxc_conservefm_full_s43]   "best_val_repair_mse": 0.23323015216737986,
[TRAIN train_prithvi_wxc_conservefm_full_s43]   "global_step": 6000,
[TRAIN train_prithvi_wxc_conservefm_full_s43]   "elapsed_seconds": 4276.49,
[TRAIN train_prithvi_wxc_conservefm_full_s43]   "checkpoint_best": "/home/tahiti/ConserveFM/runs/prelim20_train/train_prithvi_wxc_conservefm_full_s43/checkpoint_best.pt",
[TRAIN train_prithvi_wxc_conservefm_full_s43]   "checkpoint_last": "/home/tahiti/ConserveFM/runs/prelim20_train/train_prithvi_wxc_conservefm_full_s43/checkpoint_last.pt"
[TRAIN train_prithvi_wxc_conservefm_full_s43] }
