[TRAIN train_climax_no_spectral_constraint_s43] [SETUP] device=cuda
[TRAIN train_climax_no_spectral_constraint_s43] [SETUP] run_id=prelim20_train_climax_no_spectral_constraint_s43 method=no_spectral_constraint backbone=climax
[TRAIN train_climax_no_spectral_constraint_s43] [FORECAST] using frozen forecast cache: /home/tahiti/ConserveFM/forecasts/climax.zarr
[TRAIN train_climax_no_spectral_constraint_s43] [STAGE] pretrain epochs=1 start_epoch=0
[TRAIN train_climax_no_spectral_constraint_s43] [TRAIN] stage=pretrain epoch=1/1 batch=10/3000 step=10 repair=0.02784 localization=0.4381 type=1.404 minimal=0.1207 physics=2.977 total=0.4213
[TRAIN train_climax_no_spectral_constraint_s43] [TRAIN] stage=pretrain epoch=1/1 batch=20/3000 step=20 repair=0.01016 localization=0.3451 type=1.389 minimal=0.07635 physics=1.084 total=0.2385
[TRAIN train_climax_no_spectral_constraint_s43] [TRAIN] stage=pretrain epoch=1/1 batch=30/3000 step=30 repair=0.007822 localization=0.2511 type=1.952 minimal=0.06305 physics=1.148 total=0.4324
[TRAIN train_climax_no_spectral_constraint_s43] [TRAIN] stage=pretrain epoch=1/1 batch=40/3000 step=40 repair=0.004758 localization=0.2504 type=1.571 minimal=0.04437 physics=1.023 total=0.369
[TRAIN train_climax_no_spectral_constraint_s43] [TRAIN] stage=pretrain epoch=1/1 batch=50/3000 step=50 repair=0.003807 localization=0.2705 type=2.08 minimal=0.04352 physics=0.3656 total=0.2576
[TRAIN train_climax_no_spectral_constraint_s43] [TRAIN] stage=pretrain epoch=1/1 batch=60/3000 step=60 repair=0.003988 localization=0.2638 type=1.539 minimal=0.04123 physics=0.4765 total=0.2085
[TRAIN train_climax_no_spectral_constraint_s43] [TRAIN] stage=pretrain epoch=1/1 batch=70/3000 step=70 repair=0.006569 localization=0.2574 type=1.905 minimal=0.04013 physics=0.6569 total=0.3768
[TRAIN train_climax_no_spectral_constraint_s43] [TRAIN] stage=pretrain epoch=1/1 batch=80/3000 step=80 repair=0.003647 localization=0.2555 type=1.907 minimal=0.03537 physics=0.3566 total=0.2381
[TRAIN train_climax_no_spectral_constraint_s43] [TRAIN] stage=pretrain epoch=1/1 batch=90/3000 step=90 repair=0.003761 localization=0.3329 type=1.685 minimal=0.03409 physics=0.2822 total=0.22
[TRAIN train_climax_no_spectral_constraint_s43] [TRAIN] stage=pretrain epoch=1/1 batch=100/3000 step=100 repair=0.008845 localization=0.2407 type=0.9563 minimal=0.03952 physics=0.7848 total=0.1682
[TRAIN train_climax_no_spectral_constraint_s43] [TRAIN] stage=pretrain epoch=1/1 batch=110/3000 step=110 repair=0.004846 localization=0.2473 type=1.512 minimal=0.03604 physics=0.3624 total=0.2623
[TRAIN train_climax_no_spectral_constraint_s43] [TRAIN] stage=pretrain epoch=1/1 batch=120/3000 step=120 repair=0.006913 localization=0.2919 type=2.05 minimal=0.03075 physics=0.5526 total=0.402
[TRAIN train_climax_no_spectral_constraint_s43] [TRAIN] stage=pretrain epoch=1/1 batch=130/3000 step=130 repair=0.01775 localization=0.2974 type=2.574 minimal=0.03629 physics=0.293 total=0.4999
[TRAIN train_climax_no_spectral_constraint_s43] [TRAIN] stage=pretrain epoch=1/1 batch=140/3000 step=140 repair=0.009739 localization=0.3057 type=2.231 minimal=0.03638 physics=0.2693 total=0.4322
[TRAIN train_climax_no_spectral_constraint_s43] [TRAIN] stage=pretrain epoch=1/1 batch=150/3000 step=150 repair=0.01869 localization=0.2804 type=1.904 minimal=0.0347 physics=0.8922 total=0.4441
[TRAIN train_climax_no_spectral_constraint_s43] [TRAIN] stage=pretrain epoch=1/1 batch=160/3000 step=160 repair=0.006345 localization=0.2894 type=1.277 minimal=0.03424 physics=0.5381 total=0.1902
[TRAIN train_climax_no_spectral_constraint_s43] [TRAIN] stage=pretrain epoch=1/1 batch=170/3000 step=170 repair=0.008261 localization=0.2498 type=1.644 minimal=0.03253 physics=0.1513 total=0.2875
[TRAIN train_climax_no_spectral_constraint_s43] [TRAIN] stage=pretrain epoch=1/1 batch=180/3000 step=180 repair=0.008749 localization=0.2871 type=0.9421 minimal=0.02847 physics=0.4733 total=0.1556
[TRAIN train_climax_no_spectral_constraint_s43] [TRAIN] stage=pretrain epoch=1/1 batch=190/3000 step=190 repair=0.00682 localization=0.2771 type=2.512 minimal=0.03387 physics=0.6898 total=0.4028
[TRAIN train_climax_no_spectral_constraint_s43] [TRAIN] stage=pretrain epoch=1/1 batch=200/3000 step=200 repair=0.003509 localization=0.2469 type=2.466 minimal=0.03038 physics=0.4144 total=0.2958
[TRAIN train_climax_no_spectral_constraint_s43] [TRAIN] stage=pretrain epoch=1/1 batch=210/3000 step=210 repair=0.003315 localization=0.298 type=2.262 minimal=0.02884 physics=0.2031 total=0.2697
[TRAIN train_climax_no_spectral_constraint_s43] [TRAIN] stage=pretrain epoch=1/1 batch=220/3000 step=220 repair=0.003335 localization=0.3003 type=1.347 minimal=0.02556 physics=0.2962 total=0.2756
[TRAIN train_climax_no_spectral_constraint_s43] [TRAIN] stage=pretrain epoch=1/1 batch=230/3000 step=230 repair=0.004004 localization=0.224 type=0.8535 minimal=0.02654 physics=0.1425 total=0.1733
[TRAIN train_climax_no_spectral_constraint_s43] [TRAIN] stage=pretrain epoch=1/1 batch=240/3000 step=240 repair=0.007297 localization=0.2965 type=3.121 minimal=0.03079 physics=0.3351 total=0.613
[TRAIN train_climax_no_spectral_constraint_s43] [TRAIN] stage=pretrain epoch=1/1 batch=250/3000 step=250 repair=0.026 localization=0.2976 type=2.155 minimal=0.02805 physics=0.3594 total=0.4266
[TRAIN train_climax_no_spectral_constraint_s43] [TRAIN] stage=pretrain epoch=1/1 batch=260/3000 step=260 repair=0.004535 localization=0.3042 type=1.426 minimal=0.02754 physics=0.2486 total=0.3086
[TRAIN train_climax_no_spectral_constraint_s43] [TRAIN] stage=pretrain epoch=1/1 batch=270/3000 step=270 repair=0.01919 localization=0.209 type=2.572 minimal=0.0287 physics=0.3389 total=0.5489
[TRAIN train_climax_no_spectral_constraint_s43] [TRAIN] stage=pretrain epoch=1/1 batch=280/3000 step=280 repair=0.006225 localization=0.3855 type=1.493 minimal=0.0285 physics=0.3057 total=0.3057
[TRAIN train_climax_no_spectral_constraint_s43] [TRAIN] stage=pretrain epoch=1/1 batch=290/3000 step=290 repair=0.00367 localization=0.3348 type=1.884 minimal=0.0264 physics=0.245 total=0.238
[TRAIN train_climax_no_spectral_constraint_s43] [TRAIN] stage=pretrain epoch=1/1 batch=300/3000 step=300 repair=0.02432 localization=0.3635 type=2.056 minimal=0.02834 physics=0.4401 total=0.4682
[TRAIN train_climax_no_spectral_constraint_s43] [TRAIN] stage=pretrain epoch=1/1 batch=310/3000 step=310 repair=0.006194 localization=0.2272 type=1.426 minimal=0.03156 physics=0.5967 total=0.2017
[TRAIN train_climax_no_spectral_constraint_s43] [TRAIN] stage=pretrain epoch=1/1 batch=320/3000 step=320 repair=0.005406 localization=0.2237 type=2.255 minimal=0.03271 physics=0.1972 total=0.4037
[TRAIN train_climax_no_spectral_constraint_s43] [TRAIN] stage=pretrain epoch=1/1 batch=330/3000 step=330 repair=0.004606 localization=0.3394 type=1.722 minimal=0.03281 physics=0.24 total=0.223
[TRAIN train_climax_no_spectral_constraint_s43] [TRAIN] stage=pretrain epoch=1/1 batch=340/3000 step=340 repair=0.006716 localization=0.2212 type=2.704 minimal=0.02823 physics=0.2055 total=0.482
[TRAIN train_climax_no_spectral_constraint_s43] [TRAIN] stage=pretrain epoch=1/1 batch=350/3000 step=350 repair=0.005681 localization=0.3339 type=1.248 minimal=0.02846 physics=0.6285 total=0.1956
[TRAIN train_climax_no_spectral_constraint_s43] [TRAIN] stage=pretrain epoch=1/1 batch=360/3000 step=360 repair=0.009474 localization=0.2321 type=2.189 minimal=0.03479 physics=0.4056 total=0.3804
[TRAIN train_climax_no_spectral_constraint_s43] [TRAIN] stage=pretrain epoch=1/1 batch=370/3000 step=370 repair=0.003336 localization=0.3755 type=2.01 minimal=0.02547 physics=0.1632 total=0.2503
[TRAIN train_climax_no_spectral_constraint_s43] [TRAIN] stage=pretrain epoch=1/1 batch=380/3000 step=380 repair=0.005774 localization=0.3068 type=1.596 minimal=0.02724 physics=0.6184 total=0.3162
[TRAIN train_climax_no_spectral_constraint_s43] [TRAIN] stage=pretrain epoch=1/1 batch=390/3000 step=390 repair=0.005281 localization=0.2529 type=2.313 minimal=0.02441 physics=0.2115 total=0.4337
[TRAIN train_climax_no_spectral_constraint_s43] [TRAIN] stage=pretrain epoch=1/1 batch=400/3000 step=400 repair=0.006832 localization=0.2538 type=2.03 minimal=0.02025 physics=0.8573 total=0.2783
[TRAIN train_climax_no_spectral_constraint_s43] [TRAIN] stage=pretrain epoch=1/1 batch=410/3000 step=410 repair=0.007933 localization=0.2535 type=1.275 minimal=0.02403 physics=0.6216 total=0.1921
[TRAIN train_climax_no_spectral_constraint_s43] [TRAIN] stage=pretrain epoch=1/1 batch=420/3000 step=420 repair=0.00795 localization=0.3037 type=2.311 minimal=0.02899 physics=0.1818 total=0.4151
[TRAIN train_climax_no_spectral_constraint_s43] [TRAIN] stage=pretrain epoch=1/1 batch=430/3000 step=430 repair=0.006255 localization=0.1801 type=0.7595 minimal=0.02699 physics=0.7369 total=0.1373
[TRAIN train_climax_no_spectral_constraint_s43] [TRAIN] stage=pretrain epoch=1/1 batch=440/3000 step=440 repair=0.004888 localization=0.3148 type=1.999 minimal=0.02641 physics=0.2995 total=0.3584
[TRAIN train_climax_no_spectral_constraint_s43] [TRAIN] stage=pretrain epoch=1/1 batch=450/3000 step=450 repair=0.004429 localization=0.2738 type=0.7617 minimal=0.02403 physics=0.1441 total=0.1154
[TRAIN train_climax_no_spectral_constraint_s43] [TRAIN] stage=pretrain epoch=1/1 batch=460/3000 step=460 repair=0.02243 localization=0.2532 type=0.5767 minimal=0.02713 physics=1.136 total=0.1625
[TRAIN train_climax_no_spectral_constraint_s43] [TRAIN] stage=pretrain epoch=1/1 batch=470/3000 step=470 repair=0.01152 localization=0.1738 type=1.812 minimal=0.02431 physics=0.3607 total=0.3079
[TRAIN train_climax_no_spectral_constraint_s43] [TRAIN] stage=pretrain epoch=1/1 batch=480/3000 step=480 repair=0.002492 localization=0.4325 type=2.919 minimal=0.02301 physics=0.1975 total=0.3477
[TRAIN train_climax_no_spectral_constraint_s43] [TRAIN] stage=pretrain epoch=1/1 batch=490/3000 step=490 repair=0.002302 localization=0.2753 type=2.785 minimal=0.0209 physics=0.1872 total=0.3179
[TRAIN train_climax_no_spectral_constraint_s43] [TRAIN] stage=pretrain epoch=1/1 batch=500/3000 step=500 repair=0.004486 localization=0.2478 type=2.172 minimal=0.02493 physics=0.5272 total=0.4175
[TRAIN train_climax_no_spectral_constraint_s43] [TRAIN] stage=pretrain epoch=1/1 batch=510/3000 step=510 repair=0.005425 localization=0.2854 type=1.705 minimal=0.02649 physics=0.2335 total=0.2776
[TRAIN train_climax_no_spectral_constraint_s43] [TRAIN] stage=pretrain epoch=1/1 batch=520/3000 step=520 repair=0.01089 localization=0.3334 type=2.737 minimal=0.02693 physics=0.2577 total=0.5236
[TRAIN train_climax_no_spectral_constraint_s43] [TRAIN] stage=pretrain epoch=1/1 batch=530/3000 step=530 repair=0.004723 localization=0.2329 type=2.356 minimal=0.02379 physics=0.4468 total=0.4418
[TRAIN train_climax_no_spectral_constraint_s43] [TRAIN] stage=pretrain epoch=1/1 batch=540/3000 step=540 repair=0.004332 localization=0.2907 type=1.857 minimal=0.0264 physics=0.1432 total=0.2265
[TRAIN train_climax_no_spectral_constraint_s43] [TRAIN] stage=pretrain epoch=1/1 batch=550/3000 step=550 repair=0.002465 localization=0.2562 type=1.474 minimal=0.0209 physics=0.2311 total=0.2894
[TRAIN train_climax_no_spectral_constraint_s43] [TRAIN] stage=pretrain epoch=1/1 batch=560/3000 step=560 repair=0.005673 localization=0.1822 type=1.441 minimal=0.02817 physics=0.4009 total=0.2521
[TRAIN train_climax_no_spectral_constraint_s43] [TRAIN] stage=pretrain epoch=1/1 batch=570/3000 step=570 repair=0.02154 localization=0.2079 type=1.462 minimal=0.02707 physics=1.081 total=0.2428
[TRAIN train_climax_no_spectral_constraint_s43] [TRAIN] stage=pretrain epoch=1/1 batch=580/3000 step=580 repair=0.003697 localization=0.3489 type=2.116 minimal=0.02263 physics=0.1252 total=0.3992
[TRAIN train_climax_no_spectral_constraint_s43] [TRAIN] stage=pretrain epoch=1/1 batch=590/3000 step=590 repair=0.006357 localization=0.3015 type=1.208 minimal=0.02524 physics=0.3991 total=0.2507
[TRAIN train_climax_no_spectral_constraint_s43] [TRAIN] stage=pretrain epoch=1/1 batch=600/3000 step=600 repair=0.004262 localization=0.2976 type=1.907 minimal=0.02534 physics=0.2938 total=0.3522
[TRAIN train_climax_no_spectral_constraint_s43] [TRAIN] stage=pretrain epoch=1/1 batch=610/3000 step=610 repair=0.002989 localization=0.1684 type=2.198 minimal=0.02338 physics=0.3133 total=0.2555
[TRAIN train_climax_no_spectral_constraint_s43] [TRAIN] stage=pretrain epoch=1/1 batch=620/3000 step=620 repair=0.02131 localization=0.2506 type=1.316 minimal=0.02502 physics=1.36 total=0.2462
[TRAIN train_climax_no_spectral_constraint_s43] [TRAIN] stage=pretrain epoch=1/1 batch=630/3000 step=630 repair=0.006276 localization=0.2453 type=2.01 minimal=0.02628 physics=0.1385 total=0.3535
[TRAIN train_climax_no_spectral_constraint_s43] [TRAIN] stage=pretrain epoch=1/1 batch=640/3000 step=640 repair=0.002669 localization=0.4138 type=2.073 minimal=0.02222 physics=0.1067 total=0.2569
[TRAIN train_climax_no_spectral_constraint_s43] [TRAIN] stage=pretrain epoch=1/1 batch=650/3000 step=650 repair=0.006465 localization=0.3083 type=2.086 minimal=0.02524 physics=0.1256 total=0.3795
[TRAIN train_climax_no_spectral_constraint_s43] [TRAIN] stage=pretrain epoch=1/1 batch=660/3000 step=660 repair=0.004901 localization=0.4041 type=1.672 minimal=0.02554 physics=0.7155 total=0.3356
[TRAIN train_climax_no_spectral_constraint_s43] [TRAIN] stage=pretrain epoch=1/1 batch=670/3000 step=670 repair=0.007076 localization=0.2259 type=1.978 minimal=0.02432 physics=0.254 total=0.3761
[TRAIN train_climax_no_spectral_constraint_s43] [TRAIN] stage=pretrain epoch=1/1 batch=680/3000 step=680 repair=0.003226 localization=0.2569 type=2.038 minimal=0.02094 physics=0.09532 total=0.3714
[TRAIN train_climax_no_spectral_constraint_s43] [TRAIN] stage=pretrain epoch=1/1 batch=690/3000 step=690 repair=0.003605 localization=0.2866 type=2.145 minimal=0.01913 physics=0.1336 total=0.343
[TRAIN train_climax_no_spectral_constraint_s43] [TRAIN] stage=pretrain epoch=1/1 batch=700/3000 step=700 repair=0.002805 localization=0.1981 type=1.138 minimal=0.02199 physics=0.1796 total=0.1456
[TRAIN train_climax_no_spectral_constraint_s43] [TRAIN] stage=pretrain epoch=1/1 batch=710/3000 step=710 repair=0.008055 localization=0.2769 type=1.5 minimal=0.02037 physics=0.1008 total=0.2963
[TRAIN train_climax_no_spectral_constraint_s43] [TRAIN] stage=pretrain epoch=1/1 batch=720/3000 step=720 repair=0.00319 localization=0.2314 type=1.542 minimal=0.02071 physics=0.2318 total=0.3152
[TRAIN train_climax_no_spectral_constraint_s43] [TRAIN] stage=pretrain epoch=1/1 batch=730/3000 step=730 repair=0.002898 localization=0.3565 type=1.556 minimal=0.02003 physics=0.1691 total=0.2028
[TRAIN train_climax_no_spectral_constraint_s43] [TRAIN] stage=pretrain epoch=1/1 batch=740/3000 step=740 repair=0.006854 localization=0.2377 type=1.434 minimal=0.02216 physics=0.3414 total=0.2675
[TRAIN train_climax_no_spectral_constraint_s43] [TRAIN] stage=pretrain epoch=1/1 batch=750/3000 step=750 repair=0.01025 localization=0.1549 type=1.537 minimal=0.02795 physics=0.3231 total=0.3122
[TRAIN train_climax_no_spectral_constraint_s43] [TRAIN] stage=pretrain epoch=1/1 batch=760/3000 step=760 repair=0.002999 localization=0.2931 type=1.358 minimal=0.02208 physics=0.2017 total=0.1785
[TRAIN train_climax_no_spectral_constraint_s43] [TRAIN] stage=pretrain epoch=1/1 batch=770/3000 step=770 repair=0.002819 localization=0.2469 type=1.714 minimal=0.02557 physics=0.2289 total=0.2106
[TRAIN train_climax_no_spectral_constraint_s43] [TRAIN] stage=pretrain epoch=1/1 batch=780/3000 step=780 repair=0.02741 localization=0.4634 type=1.686 minimal=0.03111 physics=0.7055 total=0.3272
[TRAIN train_climax_no_spectral_constraint_s43] [TRAIN] stage=pretrain epoch=1/1 batch=790/3000 step=790 repair=0.006275 localization=0.235 type=1.053 minimal=0.02917 physics=0.3052 total=0.1745
[TRAIN train_climax_no_spectral_constraint_s43] [TRAIN] stage=pretrain epoch=1/1 batch=800/3000 step=800 repair=0.007159 localization=0.3399 type=2.326 minimal=0.02249 physics=1.118 total=0.3299
[TRAIN train_climax_no_spectral_constraint_s43] [TRAIN] stage=pretrain epoch=1/1 batch=810/3000 step=810 repair=0.003936 localization=0.2678 type=0.9573 minimal=0.02649 physics=0.3201 total=0.1427
[TRAIN train_climax_no_spectral_constraint_s43] [TRAIN] stage=pretrain epoch=1/1 batch=820/3000 step=820 repair=0.003871 localization=0.4333 type=1.443 minimal=0.02449 physics=0.1888 total=0.2012
[TRAIN train_climax_no_spectral_constraint_s43] [TRAIN] stage=pretrain epoch=1/1 batch=830/3000 step=830 repair=0.009372 localization=0.3546 type=1.903 minimal=0.02011 physics=1.197 total=0.2952
[TRAIN train_climax_no_spectral_constraint_s43] [TRAIN] stage=pretrain epoch=1/1 batch=840/3000 step=840 repair=0.002847 localization=0.2776 type=1.657 minimal=0.02101 physics=0.2262 total=0.2079
[TRAIN train_climax_no_spectral_constraint_s43] [TRAIN] stage=pretrain epoch=1/1 batch=850/3000 step=850 repair=0.008252 localization=0.2309 type=1.296 minimal=0.01988 physics=0.1044 total=0.235
[TRAIN train_climax_no_spectral_constraint_s43] [TRAIN] stage=pretrain epoch=1/1 batch=860/3000 step=860 repair=0.005443 localization=0.3555 type=1.491 minimal=0.02245 physics=0.5049 total=0.2156
[TRAIN train_climax_no_spectral_constraint_s43] [TRAIN] stage=pretrain epoch=1/1 batch=870/3000 step=870 repair=0.008077 localization=0.2296 type=1.775 minimal=0.02275 physics=1.112 total=0.2644
[TRAIN train_climax_no_spectral_constraint_s43] [TRAIN] stage=pretrain epoch=1/1 batch=880/3000 step=880 repair=0.003846 localization=0.3077 type=2.56 minimal=0.02481 physics=0.1213 total=0.4871
[TRAIN train_climax_no_spectral_constraint_s43] [TRAIN] stage=pretrain epoch=1/1 batch=890/3000 step=890 repair=0.006252 localization=0.3051 type=1.467 minimal=0.01987 physics=0.1604 total=0.2933
[TRAIN train_climax_no_spectral_constraint_s43] [TRAIN] stage=pretrain epoch=1/1 batch=900/3000 step=900 repair=0.003068 localization=0.3205 type=1.19 minimal=0.02202 physics=0.2037 total=0.2375
[TRAIN train_climax_no_spectral_constraint_s43] [TRAIN] stage=pretrain epoch=1/1 batch=910/3000 step=910 repair=0.002648 localization=0.2735 type=2.672 minimal=0.02228 physics=0.3097 total=0.3129
[TRAIN train_climax_no_spectral_constraint_s43] [TRAIN] stage=pretrain epoch=1/1 batch=920/3000 step=920 repair=0.007443 localization=0.4711 type=2.192 minimal=0.02072 physics=0.5017 total=0.4838
[TRAIN train_climax_no_spectral_constraint_s43] [TRAIN] stage=pretrain epoch=1/1 batch=930/3000 step=930 repair=0.002853 localization=0.2213 type=1.726 minimal=0.02144 physics=0.1395 total=0.2047
[TRAIN train_climax_no_spectral_constraint_s43] [TRAIN] stage=pretrain epoch=1/1 batch=940/3000 step=940 repair=0.002206 localization=0.2927 type=1.564 minimal=0.01982 physics=0.1969 total=0.1979
[TRAIN train_climax_no_spectral_constraint_s43] [TRAIN] stage=pretrain epoch=1/1 batch=950/3000 step=950 repair=0.002518 localization=0.323 type=1.252 minimal=0.02 physics=0.1181 total=0.1662
[TRAIN train_climax_no_spectral_constraint_s43] [TRAIN] stage=pretrain epoch=1/1 batch=960/3000 step=960 repair=0.003615 localization=0.185 type=1.817 minimal=0.02113 physics=0.2161 total=0.3496
[TRAIN train_climax_no_spectral_constraint_s43] [TRAIN] stage=pretrain epoch=1/1 batch=970/3000 step=970 repair=0.003839 localization=0.2765 type=1.703 minimal=0.02107 physics=0.2446 total=0.3224
[TRAIN train_climax_no_spectral_constraint_s43] [TRAIN] stage=pretrain epoch=1/1 batch=980/3000 step=980 repair=0.002774 localization=0.2826 type=1.453 minimal=0.0195 physics=0.1922 total=0.2779
[TRAIN train_climax_no_spectral_constraint_s43] [TRAIN] stage=pretrain epoch=1/1 batch=990/3000 step=990 repair=0.01127 localization=0.295 type=2.235 minimal=0.01942 physics=0.2431 total=0.4179
[TRAIN train_climax_no_spectral_constraint_s43] [TRAIN] stage=pretrain epoch=1/1 batch=1000/3000 step=1000 repair=0.006347 localization=0.1006 type=1.065 minimal=0.02812 physics=0.2446 total=0.1846
[TRAIN train_climax_no_spectral_constraint_s43] [TRAIN] stage=pretrain epoch=1/1 batch=1010/3000 step=1010 repair=0.007291 localization=0.2314 type=1.411 minimal=0.02119 physics=0.952 total=0.2193
[TRAIN train_climax_no_spectral_constraint_s43] [TRAIN] stage=pretrain epoch=1/1 batch=1020/3000 step=1020 repair=0.003241 localization=0.2487 type=1.393 minimal=0.02238 physics=0.3703 total=0.1862
[TRAIN train_climax_no_spectral_constraint_s43] [TRAIN] stage=pretrain epoch=1/1 batch=1030/3000 step=1030 repair=0.002622 localization=0.2381 type=1.25 minimal=0.01991 physics=0.2577 total=0.1645
[TRAIN train_climax_no_spectral_constraint_s43] [TRAIN] stage=pretrain epoch=1/1 batch=1040/3000 step=1040 repair=0.009462 localization=0.3409 type=1.92 minimal=0.01953 physics=0.6052 total=0.388
[TRAIN train_climax_no_spectral_constraint_s43] [TRAIN] stage=pretrain epoch=1/1 batch=1050/3000 step=1050 repair=0.002119 localization=0.3814 type=1.991 minimal=0.01802 physics=0.5167 total=0.2654
[TRAIN train_climax_no_spectral_constraint_s43] [TRAIN] stage=pretrain epoch=1/1 batch=1060/3000 step=1060 repair=0.005039 localization=0.2885 type=2.362 minimal=0.02113 physics=0.1859 total=0.3981
[TRAIN train_climax_no_spectral_constraint_s43] [TRAIN] stage=pretrain epoch=1/1 batch=1070/3000 step=1070 repair=0.0213 localization=0.2821 type=1.827 minimal=0.01982 physics=1.469 total=0.3059
[TRAIN train_climax_no_spectral_constraint_s43] [TRAIN] stage=pretrain epoch=1/1 batch=1080/3000 step=1080 repair=0.002791 localization=0.2495 type=1.426 minimal=0.0217 physics=0.201 total=0.1806
[TRAIN train_climax_no_spectral_constraint_s43] [TRAIN] stage=pretrain epoch=1/1 batch=1090/3000 step=1090 repair=0.009273 localization=0.3161 type=1.501 minimal=0.02254 physics=1.493 total=0.3343
[TRAIN train_climax_no_spectral_constraint_s43] [TRAIN] stage=pretrain epoch=1/1 batch=1100/3000 step=1100 repair=0.003303 localization=0.276 type=1.549 minimal=0.02252 physics=0.1794 total=0.2703
[TRAIN train_climax_no_spectral_constraint_s43] [TRAIN] stage=pretrain epoch=1/1 batch=1110/3000 step=1110 repair=0.003369 localization=0.3149 type=1.559 minimal=0.0201 physics=0.1623 total=0.2864
[TRAIN train_climax_no_spectral_constraint_s43] [TRAIN] stage=pretrain epoch=1/1 batch=1120/3000 step=1120 repair=0.008627 localization=0.2593 type=1.157 minimal=0.02122 physics=0.8023 total=0.1906
[TRAIN train_climax_no_spectral_constraint_s43] [TRAIN] stage=pretrain epoch=1/1 batch=1130/3000 step=1130 repair=0.003687 localization=0.2251 type=2.178 minimal=0.0197 physics=0.2019 total=0.3618
[TRAIN train_climax_no_spectral_constraint_s43] [TRAIN] stage=pretrain epoch=1/1 batch=1140/3000 step=1140 repair=0.007346 localization=0.3603 type=2.267 minimal=0.02565 physics=0.6095 total=0.4056
[TRAIN train_climax_no_spectral_constraint_s43] [TRAIN] stage=pretrain epoch=1/1 batch=1150/3000 step=1150 repair=0.003501 localization=0.2015 type=0.7844 minimal=0.02229 physics=0.1735 total=0.111
[TRAIN train_climax_no_spectral_constraint_s43] [TRAIN] stage=pretrain epoch=1/1 batch=1160/3000 step=1160 repair=0.004118 localization=0.2815 type=1.348 minimal=0.0258 physics=0.3145 total=0.183
[TRAIN train_climax_no_spectral_constraint_s43] [TRAIN] stage=pretrain epoch=1/1 batch=1170/3000 step=1170 repair=0.00483 localization=0.3058 type=0.6453 minimal=0.02296 physics=0.3972 total=0.12
[TRAIN train_climax_no_spectral_constraint_s43] [TRAIN] stage=pretrain epoch=1/1 batch=1180/3000 step=1180 repair=0.002775 localization=0.2927 type=1.34 minimal=0.01999 physics=0.2115 total=0.1768
[TRAIN train_climax_no_spectral_constraint_s43] [TRAIN] stage=pretrain epoch=1/1 batch=1190/3000 step=1190 repair=0.004225 localization=0.3063 type=3.073 minimal=0.02481 physics=0.1263 total=0.5419
[TRAIN train_climax_no_spectral_constraint_s43] [TRAIN] stage=pretrain epoch=1/1 batch=1200/3000 step=1200 repair=0.008034 localization=0.2138 type=0.7522 minimal=0.03635 physics=0.8564 total=0.1781
[TRAIN train_climax_no_spectral_constraint_s43] [TRAIN] stage=pretrain epoch=1/1 batch=1210/3000 step=1210 repair=0.003583 localization=0.2065 type=2.383 minimal=0.02283 physics=0.165 total=0.4069
[TRAIN train_climax_no_spectral_constraint_s43] [TRAIN] stage=pretrain epoch=1/1 batch=1220/3000 step=1220 repair=0.008178 localization=0.3594 type=1.497 minimal=0.021 physics=0.2796 total=0.3009
[TRAIN train_climax_no_spectral_constraint_s43] [TRAIN] stage=pretrain epoch=1/1 batch=1230/3000 step=1230 repair=0.005038 localization=0.3157 type=1.252 minimal=0.01894 physics=0.3071 total=0.2448
[TRAIN train_climax_no_spectral_constraint_s43] [TRAIN] stage=pretrain epoch=1/1 batch=1240/3000 step=1240 repair=0.008621 localization=0.2831 type=1.084 minimal=0.01949 physics=0.3095 total=0.2142
[TRAIN train_climax_no_spectral_constraint_s43] [TRAIN] stage=pretrain epoch=1/1 batch=1250/3000 step=1250 repair=0.002221 localization=0.2728 type=2.328 minimal=0.01826 physics=0.1024 total=0.4319
[TRAIN train_climax_no_spectral_constraint_s43] [TRAIN] stage=pretrain epoch=1/1 batch=1260/3000 step=1260 repair=0.01124 localization=0.1614 type=0.1582 minimal=0.05588 physics=0.7524 total=0.08819
[TRAIN train_climax_no_spectral_constraint_s43] [TRAIN] stage=pretrain epoch=1/1 batch=1270/3000 step=1270 repair=0.005936 localization=0.1592 type=0.8276 minimal=0.02502 physics=0.3783 total=0.1667
[TRAIN train_climax_no_spectral_constraint_s43] [TRAIN] stage=pretrain epoch=1/1 batch=1280/3000 step=1280 repair=0.0203 localization=0.2581 type=1.478 minimal=0.02229 physics=1.052 total=0.2467
[TRAIN train_climax_no_spectral_constraint_s43] [TRAIN] stage=pretrain epoch=1/1 batch=1290/3000 step=1290 repair=0.003389 localization=0.4681 type=1.694 minimal=0.02153 physics=0.2527 total=0.3463
[TRAIN train_climax_no_spectral_constraint_s43] [TRAIN] stage=pretrain epoch=1/1 batch=1300/3000 step=1300 repair=0.002489 localization=0.2506 type=2.521 minimal=0.02115 physics=0.1576 total=0.4663
[TRAIN train_climax_no_spectral_constraint_s43] [TRAIN] stage=pretrain epoch=1/1 batch=1310/3000 step=1310 repair=0.003069 localization=0.2144 type=1.677 minimal=0.0237 physics=0.1336 total=0.2821
[TRAIN train_climax_no_spectral_constraint_s43] [TRAIN] stage=pretrain epoch=1/1 batch=1320/3000 step=1320 repair=0.005442 localization=0.2597 type=1.201 minimal=0.02333 physics=0.2354 total=0.2214
[TRAIN train_climax_no_spectral_constraint_s43] [TRAIN] stage=pretrain epoch=1/1 batch=1330/3000 step=1330 repair=0.005391 localization=0.3318 type=1.497 minimal=0.02097 physics=0.07133 total=0.2912
[TRAIN train_climax_no_spectral_constraint_s43] [TRAIN] stage=pretrain epoch=1/1 batch=1340/3000 step=1340 repair=0.0114 localization=0.3965 type=1.66 minimal=0.02072 physics=0.4614 total=0.322
[TRAIN train_climax_no_spectral_constraint_s43] [TRAIN] stage=pretrain epoch=1/1 batch=1350/3000 step=1350 repair=0.008811 localization=0.1806 type=0.1595 minimal=0.05615 physics=1.017 total=0.1036
[TRAIN train_climax_no_spectral_constraint_s43] [TRAIN] stage=pretrain epoch=1/1 batch=1360/3000 step=1360 repair=0.002203 localization=0.2433 type=1.765 minimal=0.01857 physics=0.07667 total=0.2071
[TRAIN train_climax_no_spectral_constraint_s43] [TRAIN] stage=pretrain epoch=1/1 batch=1370/3000 step=1370 repair=0.004359 localization=0.2841 type=0.9551 minimal=0.02277 physics=0.2839 total=0.1907
[TRAIN train_climax_no_spectral_constraint_s43] [TRAIN] stage=pretrain epoch=1/1 batch=1380/3000 step=1380 repair=0.002445 localization=0.367 type=1.743 minimal=0.01897 physics=0.1709 total=0.2222
[TRAIN train_climax_no_spectral_constraint_s43] [TRAIN] stage=pretrain epoch=1/1 batch=1390/3000 step=1390 repair=0.01456 localization=0.4444 type=1.983 minimal=0.02501 physics=1.384 total=0.3268
[TRAIN train_climax_no_spectral_constraint_s43] [TRAIN] stage=pretrain epoch=1/1 batch=1400/3000 step=1400 repair=0.004313 localization=0.3024 type=1.769 minimal=0.02086 physics=0.1106 total=0.3727
[TRAIN train_climax_no_spectral_constraint_s43] [TRAIN] stage=pretrain epoch=1/1 batch=1410/3000 step=1410 repair=0.00506 localization=0.2708 type=1.96 minimal=0.02303 physics=0.4212 total=0.4304
[TRAIN train_climax_no_spectral_constraint_s43] [TRAIN] stage=pretrain epoch=1/1 batch=1420/3000 step=1420 repair=0.002392 localization=0.3514 type=0.863 minimal=0.01952 physics=0.06766 total=0.1274
[TRAIN train_climax_no_spectral_constraint_s43] [TRAIN] stage=pretrain epoch=1/1 batch=1430/3000 step=1430 repair=0.002972 localization=0.3559 type=3.566 minimal=0.02516 physics=0.2909 total=0.7086
[TRAIN train_climax_no_spectral_constraint_s43] [TRAIN] stage=pretrain epoch=1/1 batch=1440/3000 step=1440 repair=0.00413 localization=0.1923 type=0.9612 minimal=0.0246 physics=0.1271 total=0.1261
[TRAIN train_climax_no_spectral_constraint_s43] [TRAIN] stage=pretrain epoch=1/1 batch=1450/3000 step=1450 repair=0.007609 localization=0.2771 type=1.623 minimal=0.02074 physics=0.7532 total=0.2918
[TRAIN train_climax_no_spectral_constraint_s43] [TRAIN] stage=pretrain epoch=1/1 batch=1460/3000 step=1460 repair=0.001945 localization=0.2581 type=1.748 minimal=0.01926 physics=0.1355 total=0.2095
[TRAIN train_climax_no_spectral_constraint_s43] [TRAIN] stage=pretrain epoch=1/1 batch=1470/3000 step=1470 repair=0.002559 localization=0.3115 type=1.278 minimal=0.01878 physics=0.4937 total=0.1864
[TRAIN train_climax_no_spectral_constraint_s43] [TRAIN] stage=pretrain epoch=1/1 batch=1480/3000 step=1480 repair=0.003206 localization=0.2816 type=1.545 minimal=0.02103 physics=0.1135 total=0.2414
[TRAIN train_climax_no_spectral_constraint_s43] [TRAIN] stage=pretrain epoch=1/1 batch=1490/3000 step=1490 repair=0.005064 localization=0.1912 type=1.119 minimal=0.01843 physics=0.2308 total=0.1478
[TRAIN train_climax_no_spectral_constraint_s43] [TRAIN] stage=pretrain epoch=1/1 batch=1500/3000 step=1500 repair=0.00985 localization=0.3662 type=1.174 minimal=0.02039 physics=0.3685 total=0.1825
[TRAIN train_climax_no_spectral_constraint_s43] [TRAIN] stage=pretrain epoch=1/1 batch=1510/3000 step=1510 repair=0.003246 localization=0.3454 type=1.644 minimal=0.01717 physics=0.69 total=0.3047
[TRAIN train_climax_no_spectral_constraint_s43] [TRAIN] stage=pretrain epoch=1/1 batch=1520/3000 step=1520 repair=0.002106 localization=0.346 type=1.482 minimal=0.01842 physics=0.07285 total=0.1888
[TRAIN train_climax_no_spectral_constraint_s43] [TRAIN] stage=pretrain epoch=1/1 batch=1530/3000 step=1530 repair=0.002217 localization=0.3426 type=1.602 minimal=0.02031 physics=0.08986 total=0.2014
[TRAIN train_climax_no_spectral_constraint_s43] [TRAIN] stage=pretrain epoch=1/1 batch=1540/3000 step=1540 repair=0.003532 localization=0.3073 type=1.642 minimal=0.0208 physics=0.1527 total=0.313
[TRAIN train_climax_no_spectral_constraint_s43] [TRAIN] stage=pretrain epoch=1/1 batch=1550/3000 step=1550 repair=0.007621 localization=0.2841 type=1.004 minimal=0.02051 physics=0.5872 total=0.166
[TRAIN train_climax_no_spectral_constraint_s43] [TRAIN] stage=pretrain epoch=1/1 batch=1560/3000 step=1560 repair=0.003812 localization=0.3212 type=1.614 minimal=0.02127 physics=0.08851 total=0.202
[TRAIN train_climax_no_spectral_constraint_s43] [TRAIN] stage=pretrain epoch=1/1 batch=1570/3000 step=1570 repair=0.004772 localization=0.2376 type=0.7742 minimal=0.02179 physics=0.1785 total=0.1151
[TRAIN train_climax_no_spectral_constraint_s43] [TRAIN] stage=pretrain epoch=1/1 batch=1580/3000 step=1580 repair=0.003368 localization=0.2752 type=2.146 minimal=0.02338 physics=0.154 total=0.2535
[TRAIN train_climax_no_spectral_constraint_s43] [TRAIN] stage=pretrain epoch=1/1 batch=1590/3000 step=1590 repair=0.002321 localization=0.3632 type=2.018 minimal=0.01997 physics=0.1558 total=0.3608
[TRAIN train_climax_no_spectral_constraint_s43] [TRAIN] stage=pretrain epoch=1/1 batch=1600/3000 step=1600 repair=0.003779 localization=0.1788 type=0.2629 minimal=0.02838 physics=0.2636 total=0.07618
[TRAIN train_climax_no_spectral_constraint_s43] [TRAIN] stage=pretrain epoch=1/1 batch=1610/3000 step=1610 repair=0.01431 localization=0.2895 type=1.207 minimal=0.01981 physics=0.3127 total=0.2287
[TRAIN train_climax_no_spectral_constraint_s43] [TRAIN] stage=pretrain epoch=1/1 batch=1620/3000 step=1620 repair=0.007497 localization=0.329 type=1.099 minimal=0.02139 physics=0.2069 total=0.209
[TRAIN train_climax_no_spectral_constraint_s43] [TRAIN] stage=pretrain epoch=1/1 batch=1630/3000 step=1630 repair=0.003272 localization=0.223 type=2.357 minimal=0.02188 physics=0.3415 total=0.4256
[TRAIN train_climax_no_spectral_constraint_s43] [TRAIN] stage=pretrain epoch=1/1 batch=1640/3000 step=1640 repair=0.005534 localization=0.1793 type=0.1161 minimal=0.02646 physics=1.047 total=0.09231
[TRAIN train_climax_no_spectral_constraint_s43] [TRAIN] stage=pretrain epoch=1/1 batch=1650/3000 step=1650 repair=0.02379 localization=0.2802 type=1.313 minimal=0.02463 physics=0.8117 total=0.224
[TRAIN train_climax_no_spectral_constraint_s43] [TRAIN] stage=pretrain epoch=1/1 batch=1660/3000 step=1660 repair=0.00339 localization=0.2819 type=1.558 minimal=0.02031 physics=0.08965 total=0.1921
[TRAIN train_climax_no_spectral_constraint_s43] [TRAIN] stage=pretrain epoch=1/1 batch=1670/3000 step=1670 repair=0.003677 localization=0.2431 type=0.5552 minimal=0.02534 physics=0.1273 total=0.09012
[TRAIN train_climax_no_spectral_constraint_s43] [TRAIN] stage=pretrain epoch=1/1 batch=1680/3000 step=1680 repair=0.003696 localization=0.2161 type=0.5837 minimal=0.02322 physics=0.1171 total=0.08977
[TRAIN train_climax_no_spectral_constraint_s43] [TRAIN] stage=pretrain epoch=1/1 batch=1690/3000 step=1690 repair=0.003325 localization=0.2546 type=1.581 minimal=0.0193 physics=0.2599 total=0.2735
[TRAIN train_climax_no_spectral_constraint_s43] [TRAIN] stage=pretrain epoch=1/1 batch=1700/3000 step=1700 repair=0.004998 localization=0.2523 type=2.351 minimal=0.02034 physics=0.7332 total=0.4017
[TRAIN train_climax_no_spectral_constraint_s43] [TRAIN] stage=pretrain epoch=1/1 batch=1710/3000 step=1710 repair=0.01167 localization=0.3365 type=2.062 minimal=0.01955 physics=0.6073 total=0.3549
[TRAIN train_climax_no_spectral_constraint_s43] [TRAIN] stage=pretrain epoch=1/1 batch=1720/3000 step=1720 repair=0.03554 localization=0.377 type=2.274 minimal=0.01813 physics=0.8373 total=0.3427
[TRAIN train_climax_no_spectral_constraint_s43] [TRAIN] stage=pretrain epoch=1/1 batch=1730/3000 step=1730 repair=0.004405 localization=0.2896 type=1.192 minimal=0.01714 physics=0.2116 total=0.2201
[TRAIN train_climax_no_spectral_constraint_s43] [TRAIN] stage=pretrain epoch=1/1 batch=1740/3000 step=1740 repair=0.003154 localization=0.4303 type=1.516 minimal=0.01991 physics=0.1091 total=0.2034
[TRAIN train_climax_no_spectral_constraint_s43] [TRAIN] stage=pretrain epoch=1/1 batch=1750/3000 step=1750 repair=0.007238 localization=0.26 type=1.127 minimal=0.02159 physics=0.3039 total=0.1614
[TRAIN train_climax_no_spectral_constraint_s43] [TRAIN] stage=pretrain epoch=1/1 batch=1760/3000 step=1760 repair=0.01291 localization=0.3198 type=1.207 minimal=0.02118 physics=0.1855 total=0.235
[TRAIN train_climax_no_spectral_constraint_s43] [TRAIN] stage=pretrain epoch=1/1 batch=1770/3000 step=1770 repair=0.002993 localization=0.2228 type=3.61 minimal=0.01947 physics=0.2078 total=0.7046
[TRAIN train_climax_no_spectral_constraint_s43] [TRAIN] stage=pretrain epoch=1/1 batch=1780/3000 step=1780 repair=0.003322 localization=0.2759 type=1.313 minimal=0.01997 physics=0.1627 total=0.1705
[TRAIN train_climax_no_spectral_constraint_s43] [TRAIN] stage=pretrain epoch=1/1 batch=1790/3000 step=1790 repair=0.004287 localization=0.3808 type=1.281 minimal=0.02293 physics=0.1669 total=0.179
[TRAIN train_climax_no_spectral_constraint_s43] [TRAIN] stage=pretrain epoch=1/1 batch=1800/3000 step=1800 repair=0.004258 localization=0.1387 type=0.1831 minimal=0.02402 physics=0.7626 total=0.08305
[TRAIN train_climax_no_spectral_constraint_s43] [TRAIN] stage=pretrain epoch=1/1 batch=1810/3000 step=1810 repair=0.003839 localization=0.1356 type=0.7236 minimal=0.0247 physics=1.351 total=0.1956
[TRAIN train_climax_no_spectral_constraint_s43] [TRAIN] stage=pretrain epoch=1/1 batch=1820/3000 step=1820 repair=0.00383 localization=0.1361 type=0.2029 minimal=0.02621 physics=0.6961 total=0.08238
[TRAIN train_climax_no_spectral_constraint_s43] [TRAIN] stage=pretrain epoch=1/1 batch=1830/3000 step=1830 repair=0.005355 localization=0.1245 type=0.02929 minimal=0.03644 physics=0.7515 total=0.05987
[TRAIN train_climax_no_spectral_constraint_s43] [TRAIN] stage=pretrain epoch=1/1 batch=1840/3000 step=1840 repair=0.003285 localization=0.2198 type=1.819 minimal=0.02138 physics=0.2283 total=0.3231
[TRAIN train_climax_no_spectral_constraint_s43] [TRAIN] stage=pretrain epoch=1/1 batch=1850/3000 step=1850 repair=0.002777 localization=0.374 type=2.026 minimal=0.0179 physics=0.2776 total=0.2568
[TRAIN train_climax_no_spectral_constraint_s43] [TRAIN] stage=pretrain epoch=1/1 batch=1860/3000 step=1860 repair=0.001974 localization=0.3898 type=1.768 minimal=0.01784 physics=0.1958 total=0.2277
[TRAIN train_climax_no_spectral_constraint_s43] [TRAIN] stage=pretrain epoch=1/1 batch=1870/3000 step=1870 repair=0.002695 localization=0.2507 type=1.424 minimal=0.02112 physics=0.3382 total=0.1873
[TRAIN train_climax_no_spectral_constraint_s43] [TRAIN] stage=pretrain epoch=1/1 batch=1880/3000 step=1880 repair=0.002237 localization=0.2643 type=1.451 minimal=0.01878 physics=0.119 total=0.1799
[TRAIN train_climax_no_spectral_constraint_s43] [TRAIN] stage=pretrain epoch=1/1 batch=1890/3000 step=1890 repair=0.003674 localization=0.3217 type=1.41 minimal=0.02269 physics=0.169 total=0.1855
[TRAIN train_climax_no_spectral_constraint_s43] [TRAIN] stage=pretrain epoch=1/1 batch=1900/3000 step=1900 repair=0.002602 localization=0.3126 type=1.024 minimal=0.01945 physics=0.1075 total=0.1419
[TRAIN train_climax_no_spectral_constraint_s43] [TRAIN] stage=pretrain epoch=1/1 batch=1910/3000 step=1910 repair=0.02165 localization=0.2615 type=1.404 minimal=0.02209 physics=0.3843 total=0.2076
[TRAIN train_climax_no_spectral_constraint_s43] [TRAIN] stage=pretrain epoch=1/1 batch=1920/3000 step=1920 repair=0.00604 localization=0.3098 type=2.286 minimal=0.02284 physics=0.3816 total=0.4192
[TRAIN train_climax_no_spectral_constraint_s43] [TRAIN] stage=pretrain epoch=1/1 batch=1930/3000 step=1930 repair=0.003868 localization=0.138 type=0.1363 minimal=0.0244 physics=0.2861 total=0.05199
[TRAIN train_climax_no_spectral_constraint_s43] [TRAIN] stage=pretrain epoch=1/1 batch=1940/3000 step=1940 repair=0.002578 localization=0.3698 type=1.331 minimal=0.01938 physics=0.229 total=0.1843
[TRAIN train_climax_no_spectral_constraint_s43] [TRAIN] stage=pretrain epoch=1/1 batch=1950/3000 step=1950 repair=0.006093 localization=0.2788 type=1.426 minimal=0.02393 physics=0.1593 total=0.2054
[TRAIN train_climax_no_spectral_constraint_s43] [TRAIN] stage=pretrain epoch=1/1 batch=1960/3000 step=1960 repair=0.00666 localization=0.3844 type=1.401 minimal=0.02301 physics=0.2237 total=0.2232
[TRAIN train_climax_no_spectral_constraint_s43] [TRAIN] stage=pretrain epoch=1/1 batch=1970/3000 step=1970 repair=0.00388 localization=0.08363 type=0.02268 minimal=0.03812 physics=0.8109 total=0.05679
[TRAIN train_climax_no_spectral_constraint_s43] [TRAIN] stage=pretrain epoch=1/1 batch=1980/3000 step=1980 repair=0.00621 localization=0.2879 type=1.031 minimal=0.0206 physics=0.1405 total=0.192
[TRAIN train_climax_no_spectral_constraint_s43] [TRAIN] stage=pretrain epoch=1/1 batch=1990/3000 step=1990 repair=0.004318 localization=0.2901 type=1.136 minimal=0.02045 physics=0.1676 total=0.1555
[TRAIN train_climax_no_spectral_constraint_s43] [TRAIN] stage=pretrain epoch=1/1 batch=2000/3000 step=2000 repair=0.00203 localization=0.08644 type=0.07455 minimal=0.02344 physics=0.233 total=0.03357
[TRAIN train_climax_no_spectral_constraint_s43] [TRAIN] stage=pretrain epoch=1/1 batch=2010/3000 step=2010 repair=0.007805 localization=0.3235 type=1.554 minimal=0.01878 physics=0.1407 total=0.2935
[TRAIN train_climax_no_spectral_constraint_s43] [TRAIN] stage=pretrain epoch=1/1 batch=2020/3000 step=2020 repair=0.00303 localization=0.2148 type=2.805 minimal=0.02065 physics=0.3419 total=0.5129
[TRAIN train_climax_no_spectral_constraint_s43] [TRAIN] stage=pretrain epoch=1/1 batch=2030/3000 step=2030 repair=0.004135 localization=0.3134 type=1.522 minimal=0.02356 physics=0.4005 total=0.208
[TRAIN train_climax_no_spectral_constraint_s43] [TRAIN] stage=pretrain epoch=1/1 batch=2040/3000 step=2040 repair=0.002869 localization=0.2006 type=1.689 minimal=0.02101 physics=0.3175 total=0.2079
[TRAIN train_climax_no_spectral_constraint_s43] [TRAIN] stage=pretrain epoch=1/1 batch=2050/3000 step=2050 repair=0.002138 localization=0.1918 type=2.17 minimal=0.01961 physics=0.1619 total=0.2467
[TRAIN train_climax_no_spectral_constraint_s43] [TRAIN] stage=pretrain epoch=1/1 batch=2060/3000 step=2060 repair=0.004579 localization=0.2136 type=1.491 minimal=0.02377 physics=0.2333 total=0.2769
[TRAIN train_climax_no_spectral_constraint_s43] [TRAIN] stage=pretrain epoch=1/1 batch=2070/3000 step=2070 repair=0.002487 localization=0.3759 type=1.704 minimal=0.01865 physics=0.2791 total=0.2246
[TRAIN train_climax_no_spectral_constraint_s43] [TRAIN] stage=pretrain epoch=1/1 batch=2080/3000 step=2080 repair=0.002883 localization=0.3043 type=2.062 minimal=0.02005 physics=0.303 total=0.3292
[TRAIN train_climax_no_spectral_constraint_s43] [TRAIN] stage=pretrain epoch=1/1 batch=2090/3000 step=2090 repair=0.00271 localization=0.2413 type=0.874 minimal=0.01886 physics=0.1646 total=0.1227
[TRAIN train_climax_no_spectral_constraint_s43] [TRAIN] stage=pretrain epoch=1/1 batch=2100/3000 step=2100 repair=0.009785 localization=0.3467 type=2.568 minimal=0.0209 physics=0.1439 total=0.397
[TRAIN train_climax_no_spectral_constraint_s43] [TRAIN] stage=pretrain epoch=1/1 batch=2110/3000 step=2110 repair=0.008837 localization=0.2906 type=1.022 minimal=0.0235 physics=0.2572 total=0.1532
[TRAIN train_climax_no_spectral_constraint_s43] [TRAIN] stage=pretrain epoch=1/1 batch=2120/3000 step=2120 repair=0.0049 localization=0.2354 type=1.473 minimal=0.01825 physics=0.1329 total=0.2479
[TRAIN train_climax_no_spectral_constraint_s43] [TRAIN] stage=pretrain epoch=1/1 batch=2130/3000 step=2130 repair=0.003137 localization=0.0605 type=0.007434 minimal=0.03256 physics=0.4039 total=0.0309
[TRAIN train_climax_no_spectral_constraint_s43] [TRAIN] stage=pretrain epoch=1/1 batch=2140/3000 step=2140 repair=0.004498 localization=0.2224 type=3.353 minimal=0.02028 physics=0.2223 total=0.6507
[TRAIN train_climax_no_spectral_constraint_s43] [TRAIN] stage=pretrain epoch=1/1 batch=2150/3000 step=2150 repair=0.00719 localization=0.3352 type=0.9041 minimal=0.02138 physics=0.1896 total=0.1863
[TRAIN train_climax_no_spectral_constraint_s43] [TRAIN] stage=pretrain epoch=1/1 batch=2160/3000 step=2160 repair=0.003177 localization=0.3005 type=0.791 minimal=0.02046 physics=0.3064 total=0.1655
[TRAIN train_climax_no_spectral_constraint_s43] [TRAIN] stage=pretrain epoch=1/1 batch=2170/3000 step=2170 repair=0.002344 localization=0.2461 type=2.289 minimal=0.01886 physics=0.1976 total=0.2659
[TRAIN train_climax_no_spectral_constraint_s43] [TRAIN] stage=pretrain epoch=1/1 batch=2180/3000 step=2180 repair=0.005588 localization=0.2632 type=0.8691 minimal=0.01794 physics=0.226 total=0.1303
[TRAIN train_climax_no_spectral_constraint_s43] [TRAIN] stage=pretrain epoch=1/1 batch=2190/3000 step=2190 repair=0.001888 localization=0.2987 type=2.483 minimal=0.01581 physics=0.08742 total=0.4274
[TRAIN train_climax_no_spectral_constraint_s43] [TRAIN] stage=pretrain epoch=1/1 batch=2200/3000 step=2200 repair=0.009431 localization=0.06261 type=0.001855 minimal=0.05444 physics=2.059 total=0.1195
[TRAIN train_climax_no_spectral_constraint_s43] [TRAIN] stage=pretrain epoch=1/1 batch=2210/3000 step=2210 repair=0.008019 localization=0.218 type=1.236 minimal=0.02097 physics=0.2039 total=0.1639
[TRAIN train_climax_no_spectral_constraint_s43] [TRAIN] stage=pretrain epoch=1/1 batch=2220/3000 step=2220 repair=0.006104 localization=0.3229 type=0.9331 minimal=0.01938 physics=0.1434 total=0.1391
[TRAIN train_climax_no_spectral_constraint_s43] [TRAIN] stage=pretrain epoch=1/1 batch=2230/3000 step=2230 repair=0.01282 localization=0.0946 type=0.02581 minimal=0.02211 physics=0.7792 total=0.06542
[TRAIN train_climax_no_spectral_constraint_s43] [TRAIN] stage=pretrain epoch=1/1 batch=2240/3000 step=2240 repair=0.003182 localization=0.0995 type=0.2919 minimal=0.01894 physics=0.311 total=0.07653
[TRAIN train_climax_no_spectral_constraint_s43] [TRAIN] stage=pretrain epoch=1/1 batch=2250/3000 step=2250 repair=0.004478 localization=0.2257 type=2.23 minimal=0.01852 physics=0.3301 total=0.3895
[TRAIN train_climax_no_spectral_constraint_s43] [TRAIN] stage=pretrain epoch=1/1 batch=2260/3000 step=2260 repair=0.005443 localization=0.3331 type=1.222 minimal=0.02185 physics=0.2014 total=0.1712
[TRAIN train_climax_no_spectral_constraint_s43] [TRAIN] stage=pretrain epoch=1/1 batch=2270/3000 step=2270 repair=0.006586 localization=0.2761 type=1.305 minimal=0.02338 physics=0.2593 total=0.2293
[TRAIN train_climax_no_spectral_constraint_s43] [TRAIN] stage=pretrain epoch=1/1 batch=2280/3000 step=2280 repair=0.005875 localization=0.3907 type=1.078 minimal=0.02106 physics=0.2718 total=0.2097
[TRAIN train_climax_no_spectral_constraint_s43] [TRAIN] stage=pretrain epoch=1/1 batch=2290/3000 step=2290 repair=0.005236 localization=0.06128 type=0.02874 minimal=0.03531 physics=1.295 total=0.0803
[TRAIN train_climax_no_spectral_constraint_s43] [TRAIN] stage=pretrain epoch=1/1 batch=2300/3000 step=2300 repair=0.003999 localization=0.04623 type=0.01586 minimal=0.03885 physics=1.693 total=0.09596
[TRAIN train_climax_no_spectral_constraint_s43] [TRAIN] stage=pretrain epoch=1/1 batch=2310/3000 step=2310 repair=0.01272 localization=0.4456 type=1.155 minimal=0.02391 physics=0.2176 total=0.2247
[TRAIN train_climax_no_spectral_constraint_s43] [TRAIN] stage=pretrain epoch=1/1 batch=2320/3000 step=2320 repair=0.003425 localization=0.06216 type=0.003255 minimal=0.03055 physics=0.4778 total=0.0344
[TRAIN train_climax_no_spectral_constraint_s43] [TRAIN] stage=pretrain epoch=1/1 batch=2330/3000 step=2330 repair=0.02657 localization=0.3227 type=0.8574 minimal=0.01555 physics=2.052 total=0.2474
[TRAIN train_climax_no_spectral_constraint_s43] [TRAIN] stage=pretrain epoch=1/1 batch=2340/3000 step=2340 repair=0.004379 localization=0.1753 type=0.588 minimal=0.01978 physics=0.2048 total=0.1349
[TRAIN train_climax_no_spectral_constraint_s43] [TRAIN] stage=pretrain epoch=1/1 batch=2350/3000 step=2350 repair=0.02828 localization=0.2913 type=0.8442 minimal=0.02409 physics=0.4629 total=0.1652
[TRAIN train_climax_no_spectral_constraint_s43] [TRAIN] stage=pretrain epoch=1/1 batch=2360/3000 step=2360 repair=0.007204 localization=0.2347 type=1.258 minimal=0.02438 physics=0.1237 total=0.1629
[TRAIN train_climax_no_spectral_constraint_s43] [TRAIN] stage=pretrain epoch=1/1 batch=2370/3000 step=2370 repair=0.003822 localization=0.441 type=1.185 minimal=0.0201 physics=0.1416 total=0.1737
[TRAIN train_climax_no_spectral_constraint_s43] [TRAIN] stage=pretrain epoch=1/1 batch=2380/3000 step=2380 repair=0.003975 localization=0.2341 type=2.391 minimal=0.0204 physics=0.2357 total=0.4075
[TRAIN train_climax_no_spectral_constraint_s43] [TRAIN] stage=pretrain epoch=1/1 batch=2390/3000 step=2390 repair=0.002115 localization=0.2122 type=1.082 minimal=0.01669 physics=0.08742 total=0.1361
[TRAIN train_climax_no_spectral_constraint_s43] [TRAIN] stage=pretrain epoch=1/1 batch=2400/3000 step=2400 repair=0.008757 localization=0.3563 type=0.9517 minimal=0.01859 physics=0.1674 total=0.1481
[TRAIN train_climax_no_spectral_constraint_s43] [TRAIN] stage=pretrain epoch=1/1 batch=2410/3000 step=2410 repair=0.00778 localization=0.2313 type=1.472 minimal=0.02054 physics=0.2383 total=0.2317
[TRAIN train_climax_no_spectral_constraint_s43] [TRAIN] stage=pretrain epoch=1/1 batch=2420/3000 step=2420 repair=0.002217 localization=0.3157 type=1.394 minimal=0.01695 physics=0.06895 total=0.1768
[TRAIN train_climax_no_spectral_constraint_s43] [TRAIN] stage=pretrain epoch=1/1 batch=2430/3000 step=2430 repair=0.003954 localization=0.1767 type=2.355 minimal=0.01863 physics=0.1922 total=0.4249
[TRAIN train_climax_no_spectral_constraint_s43] [TRAIN] stage=pretrain epoch=1/1 batch=2440/3000 step=2440 repair=0.005982 localization=0.242 type=1.595 minimal=0.01904 physics=0.5675 total=0.2943
[TRAIN train_climax_no_spectral_constraint_s43] [TRAIN] stage=pretrain epoch=1/1 batch=2450/3000 step=2450 repair=0.00355 localization=0.3516 type=0.8354 minimal=0.01929 physics=1.001 total=0.2196
[TRAIN train_climax_no_spectral_constraint_s43] [TRAIN] stage=pretrain epoch=1/1 batch=2460/3000 step=2460 repair=0.002854 localization=0.4004 type=2.136 minimal=0.01955 physics=0.3948 total=0.2764
[TRAIN train_climax_no_spectral_constraint_s43] [TRAIN] stage=pretrain epoch=1/1 batch=2470/3000 step=2470 repair=0.02674 localization=0.3991 type=1.417 minimal=0.02205 physics=1.061 total=0.2617
[TRAIN train_climax_no_spectral_constraint_s43] [TRAIN] stage=pretrain epoch=1/1 batch=2480/3000 step=2480 repair=0.001937 localization=0.3235 type=1.244 minimal=0.01784 physics=0.151 total=0.1664
[TRAIN train_climax_no_spectral_constraint_s43] [TRAIN] stage=pretrain epoch=1/1 batch=2490/3000 step=2490 repair=0.03118 localization=0.3544 type=1.291 minimal=0.02177 physics=0.7179 total=0.2318
[TRAIN train_climax_no_spectral_constraint_s43] [TRAIN] stage=pretrain epoch=1/1 batch=2500/3000 step=2500 repair=0.002111 localization=0.2523 type=1.091 minimal=0.0163 physics=0.04784 total=0.139
[TRAIN train_climax_no_spectral_constraint_s43] [TRAIN] stage=pretrain epoch=1/1 batch=2510/3000 step=2510 repair=0.002412 localization=0.1275 type=0.1086 minimal=0.01826 physics=0.1867 total=0.0433
[TRAIN train_climax_no_spectral_constraint_s43] [TRAIN] stage=pretrain epoch=1/1 batch=2520/3000 step=2520 repair=0.01624 localization=0.2669 type=1.676 minimal=0.02031 physics=1.843 total=0.3551
[TRAIN train_climax_no_spectral_constraint_s43] [TRAIN] stage=pretrain epoch=1/1 batch=2530/3000 step=2530 repair=0.003862 localization=0.1639 type=1.947 minimal=0.01883 physics=0.09181 total=0.3225
[TRAIN train_climax_no_spectral_constraint_s43] [TRAIN] stage=pretrain epoch=1/1 batch=2540/3000 step=2540 repair=0.002713 localization=0.1379 type=1.025 minimal=0.02168 physics=0.3751 total=0.2026
[TRAIN train_climax_no_spectral_constraint_s43] [TRAIN] stage=pretrain epoch=1/1 batch=2550/3000 step=2550 repair=0.005037 localization=0.3596 type=1.117 minimal=0.02048 physics=0.9604 total=0.2596
[TRAIN train_climax_no_spectral_constraint_s43] [TRAIN] stage=pretrain epoch=1/1 batch=2560/3000 step=2560 repair=0.002801 localization=0.2313 type=1.396 minimal=0.01781 physics=0.1937 total=0.2461
[TRAIN train_climax_no_spectral_constraint_s43] [TRAIN] stage=pretrain epoch=1/1 batch=2570/3000 step=2570 repair=0.0009599 localization=0.03991 type=0.005715 minimal=0.02158 physics=0.2533 total=0.01866
[TRAIN train_climax_no_spectral_constraint_s43] [TRAIN] stage=pretrain epoch=1/1 batch=2580/3000 step=2580 repair=0.0196 localization=0.257 type=1.002 minimal=0.02191 physics=0.2983 total=0.1607
[TRAIN train_climax_no_spectral_constraint_s43] [TRAIN] stage=pretrain epoch=1/1 batch=2590/3000 step=2590 repair=0.004563 localization=0.2226 type=1.563 minimal=0.01906 physics=0.2438 total=0.2465
[TRAIN train_climax_no_spectral_constraint_s43] [TRAIN] stage=pretrain epoch=1/1 batch=2600/3000 step=2600 repair=0.002592 localization=0.1737 type=0.7812 minimal=0.01888 physics=0.2681 total=0.1117
[TRAIN train_climax_no_spectral_constraint_s43] [TRAIN] stage=pretrain epoch=1/1 batch=2610/3000 step=2610 repair=0.002285 localization=0.2598 type=1.097 minimal=0.01854 physics=0.1195 total=0.1441
[TRAIN train_climax_no_spectral_constraint_s43] [TRAIN] stage=pretrain epoch=1/1 batch=2620/3000 step=2620 repair=0.004363 localization=0.2021 type=1.408 minimal=0.01646 physics=0.1302 total=0.172
[TRAIN train_climax_no_spectral_constraint_s43] [TRAIN] stage=pretrain epoch=1/1 batch=2630/3000 step=2630 repair=0.00434 localization=0.2196 type=1.524 minimal=0.0195 physics=0.1305 total=0.2584
[TRAIN train_climax_no_spectral_constraint_s43] [TRAIN] stage=pretrain epoch=1/1 batch=2640/3000 step=2640 repair=0.004212 localization=0.3819 type=1.056 minimal=0.01811 physics=0.1154 total=0.2068
[TRAIN train_climax_no_spectral_constraint_s43] [TRAIN] stage=pretrain epoch=1/1 batch=2650/3000 step=2650 repair=0.001971 localization=0.04828 type=0.0003682 minimal=0.0219 physics=0.2638 total=0.02027
[TRAIN train_climax_no_spectral_constraint_s43] [TRAIN] stage=pretrain epoch=1/1 batch=2660/3000 step=2660 repair=0.004494 localization=0.2934 type=1.824 minimal=0.02129 physics=0.1495 total=0.3268
[TRAIN train_climax_no_spectral_constraint_s43] [TRAIN] stage=pretrain epoch=1/1 batch=2670/3000 step=2670 repair=0.001435 localization=0.1854 type=0.7644 minimal=0.0152 physics=0.1023 total=0.1017
[TRAIN train_climax_no_spectral_constraint_s43] [TRAIN] stage=pretrain epoch=1/1 batch=2680/3000 step=2680 repair=0.001343 localization=0.09329 type=0.000703 minimal=0.02052 physics=0.3645 total=0.02921
[TRAIN train_climax_no_spectral_constraint_s43] [TRAIN] stage=pretrain epoch=1/1 batch=2690/3000 step=2690 repair=0.009999 localization=0.2216 type=1.234 minimal=0.02556 physics=0.2263 total=0.24
[TRAIN train_climax_no_spectral_constraint_s43] [TRAIN] stage=pretrain epoch=1/1 batch=2700/3000 step=2700 repair=0.009863 localization=0.3196 type=1.548 minimal=0.02588 physics=0.1199 total=0.2029
[TRAIN train_climax_no_spectral_constraint_s43] [TRAIN] stage=pretrain epoch=1/1 batch=2710/3000 step=2710 repair=0.001642 localization=0.2108 type=1.799 minimal=0.01755 physics=0.144 total=0.21
[TRAIN train_climax_no_spectral_constraint_s43] [TRAIN] stage=pretrain epoch=1/1 batch=2720/3000 step=2720 repair=0.00344 localization=0.3707 type=1.042 minimal=0.01834 physics=0.3956 total=0.225
[TRAIN train_climax_no_spectral_constraint_s43] [TRAIN] stage=pretrain epoch=1/1 batch=2730/3000 step=2730 repair=0.001491 localization=0.03082 type=0.001176 minimal=0.01976 physics=0.3271 total=0.02129
[TRAIN train_climax_no_spectral_constraint_s43] [TRAIN] stage=pretrain epoch=1/1 batch=2740/3000 step=2740 repair=0.001033 localization=0.4108 type=2.347 minimal=0.01434 physics=0.07465 total=0.2807
[TRAIN train_climax_no_spectral_constraint_s43] [TRAIN] stage=pretrain epoch=1/1 batch=2750/3000 step=2750 repair=0.00586 localization=0.2601 type=1.436 minimal=0.01691 physics=0.2069 total=0.186
[TRAIN train_climax_no_spectral_constraint_s43] [TRAIN] stage=pretrain epoch=1/1 batch=2760/3000 step=2760 repair=0.01722 localization=0.3574 type=1.407 minimal=0.02069 physics=0.4567 total=0.2837
[TRAIN train_climax_no_spectral_constraint_s43] [TRAIN] stage=pretrain epoch=1/1 batch=2770/3000 step=2770 repair=0.001978 localization=0.289 type=1.465 minimal=0.01639 physics=0.1371 total=0.1844
[TRAIN train_climax_no_spectral_constraint_s43] [TRAIN] stage=pretrain epoch=1/1 batch=2780/3000 step=2780 repair=0.001582 localization=0.03378 type=0.001063 minimal=0.0253 physics=0.2514 total=0.01798
[TRAIN train_climax_no_spectral_constraint_s43] [TRAIN] stage=pretrain epoch=1/1 batch=2790/3000 step=2790 repair=0.003116 localization=0.3894 type=1.579 minimal=0.01559 physics=0.1708 total=0.2918
[TRAIN train_climax_no_spectral_constraint_s43] [TRAIN] stage=pretrain epoch=1/1 batch=2800/3000 step=2800 repair=0.02448 localization=0.2503 type=1.57 minimal=0.01636 physics=0.6569 total=0.2395
[TRAIN train_climax_no_spectral_constraint_s43] [TRAIN] stage=pretrain epoch=1/1 batch=2810/3000 step=2810 repair=0.001796 localization=0.0548 type=0.01109 minimal=0.02338 physics=0.2687 total=0.02286
[TRAIN train_climax_no_spectral_constraint_s43] [TRAIN] stage=pretrain epoch=1/1 batch=2820/3000 step=2820 repair=0.00144 localization=0.325 type=1.177 minimal=0.01695 physics=0.0652 total=0.1551
[TRAIN train_climax_no_spectral_constraint_s43] [TRAIN] stage=pretrain epoch=1/1 batch=2830/3000 step=2830 repair=0.006604 localization=0.345 type=1.781 minimal=0.01723 physics=0.144 total=0.3048
[TRAIN train_climax_no_spectral_constraint_s43] [TRAIN] stage=pretrain epoch=1/1 batch=2840/3000 step=2840 repair=0.002551 localization=0.2622 type=1.459 minimal=0.01671 physics=0.1103 total=0.1804
[TRAIN train_climax_no_spectral_constraint_s43] [TRAIN] stage=pretrain epoch=1/1 batch=2850/3000 step=2850 repair=0.007351 localization=0.3472 type=1.087 minimal=0.01694 physics=0.352 total=0.1686
[TRAIN train_climax_no_spectral_constraint_s43] [TRAIN] stage=pretrain epoch=1/1 batch=2860/3000 step=2860 repair=0.002547 localization=0.3737 type=1.127 minimal=0.01672 physics=0.3921 total=0.2085
[TRAIN train_climax_no_spectral_constraint_s43] [TRAIN] stage=pretrain epoch=1/1 batch=2870/3000 step=2870 repair=0.01126 localization=0.4885 type=2.093 minimal=0.01746 physics=0.5622 total=0.4566
[TRAIN train_climax_no_spectral_constraint_s43] [TRAIN] stage=pretrain epoch=1/1 batch=2880/3000 step=2880 repair=0.01417 localization=0.2976 type=0.8906 minimal=0.01762 physics=2.559 total=0.2861
[TRAIN train_climax_no_spectral_constraint_s43] [TRAIN] stage=pretrain epoch=1/1 batch=2890/3000 step=2890 repair=0.00761 localization=0.2874 type=1.05 minimal=0.01878 physics=0.5518 total=0.1691
[TRAIN train_climax_no_spectral_constraint_s43] [TRAIN] stage=pretrain epoch=1/1 batch=2900/3000 step=2900 repair=0.005141 localization=0.3047 type=1.01 minimal=0.02023 physics=0.2144 total=0.1475
[TRAIN train_climax_no_spectral_constraint_s43] [TRAIN] stage=pretrain epoch=1/1 batch=2910/3000 step=2910 repair=0.00696 localization=0.3008 type=1.448 minimal=0.02138 physics=0.06566 total=0.2493
[TRAIN train_climax_no_spectral_constraint_s43] [TRAIN] stage=pretrain epoch=1/1 batch=2920/3000 step=2920 repair=0.006366 localization=0.2897 type=1.211 minimal=0.01802 physics=0.1737 total=0.2252
[TRAIN train_climax_no_spectral_constraint_s43] [TRAIN] stage=pretrain epoch=1/1 batch=2930/3000 step=2930 repair=0.008731 localization=0.3249 type=1.304 minimal=0.01834 physics=0.352 total=0.1894
[TRAIN train_climax_no_spectral_constraint_s43] [TRAIN] stage=pretrain epoch=1/1 batch=2940/3000 step=2940 repair=0.02167 localization=0.2385 type=1.166 minimal=0.02051 physics=0.3791 total=0.1813
[TRAIN train_climax_no_spectral_constraint_s43] [TRAIN] stage=pretrain epoch=1/1 batch=2950/3000 step=2950 repair=0.02935 localization=0.2624 type=1.127 minimal=0.02113 physics=0.5436 total=0.1957
[TRAIN train_climax_no_spectral_constraint_s43] [TRAIN] stage=pretrain epoch=1/1 batch=2960/3000 step=2960 repair=0.009792 localization=0.3457 type=1.678 minimal=0.01723 physics=1.359 total=0.2803
[TRAIN train_climax_no_spectral_constraint_s43] [TRAIN] stage=pretrain epoch=1/1 batch=2970/3000 step=2970 repair=0.002857 localization=0.02839 type=0.002619 minimal=0.01787 physics=0.2388 total=0.01818
[TRAIN train_climax_no_spectral_constraint_s43] [TRAIN] stage=pretrain epoch=1/1 batch=2980/3000 step=2980 repair=0.006087 localization=0.3856 type=1.593 minimal=0.01562 physics=0.07742 total=0.274
[TRAIN train_climax_no_spectral_constraint_s43] [TRAIN] stage=pretrain epoch=1/1 batch=2990/3000 step=2990 repair=0.001863 localization=0.3779 type=2.127 minimal=0.01567 physics=0.2164 total=0.2633
[TRAIN train_climax_no_spectral_constraint_s43] [TRAIN] stage=pretrain epoch=1/1 batch=3000/3000 step=3000 repair=0.002602 localization=0.3343 type=1.82 minimal=0.0174 physics=0.19 total=0.2277
[TRAIN train_climax_no_spectral_constraint_s43] [EPOCH] {'stage': 'pretrain', 'epoch': 0, 'global_step': 3000, 'train_total': 0.2586932596048961, 'val_repair_mse': 0.12977900705300272, 'elapsed_seconds': 1702.02}
[TRAIN train_climax_no_spectral_constraint_s43] [BEST] val_repair_mse=0.129779
[TRAIN train_climax_no_spectral_constraint_s43] [STAGE] finetune epochs=1 start_epoch=0
[TRAIN train_climax_no_spectral_constraint_s43] [TRAIN] stage=finetune epoch=1/1 batch=10/3000 step=3010 repair=0.1454 localization=0 type=0 minimal=0.0332 physics=0.4856 total=0.17
[TRAIN train_climax_no_spectral_constraint_s43] [TRAIN] stage=finetune epoch=1/1 batch=20/3000 step=3020 repair=0.175 localization=0 type=0 minimal=0.03635 physics=0.2829 total=0.1895
[TRAIN train_climax_no_spectral_constraint_s43] [TRAIN] stage=finetune epoch=1/1 batch=30/3000 step=3030 repair=0.1164 localization=0 type=0 minimal=0.03897 physics=0.4458 total=0.1391
[TRAIN train_climax_no_spectral_constraint_s43] [TRAIN] stage=finetune epoch=1/1 batch=40/3000 step=3040 repair=0.09044 localization=0 type=0 minimal=0.0376 physics=0.1599 total=0.09881
[TRAIN train_climax_no_spectral_constraint_s43] [TRAIN] stage=finetune epoch=1/1 batch=50/3000 step=3050 repair=0.1172 localization=0 type=0 minimal=0.04089 physics=0.1954 total=0.1274
[TRAIN train_climax_no_spectral_constraint_s43] [TRAIN] stage=finetune epoch=1/1 batch=60/3000 step=3060 repair=0.08641 localization=0 type=0 minimal=0.04102 physics=0.1416 total=0.0939
[TRAIN train_climax_no_spectral_constraint_s43] [TRAIN] stage=finetune epoch=1/1 batch=70/3000 step=3070 repair=0.1233 localization=0 type=0 minimal=0.04297 physics=0.5957 total=0.1535
[TRAIN train_climax_no_spectral_constraint_s43] [TRAIN] stage=finetune epoch=1/1 batch=80/3000 step=3080 repair=0.1176 localization=0 type=0 minimal=0.03857 physics=0.3023 total=0.1331
[TRAIN train_climax_no_spectral_constraint_s43] [TRAIN] stage=finetune epoch=1/1 batch=90/3000 step=3090 repair=0.07873 localization=0 type=0 minimal=0.03952 physics=0.1894 total=0.0886
[TRAIN train_climax_no_spectral_constraint_s43] [TRAIN] stage=finetune epoch=1/1 batch=100/3000 step=3100 repair=0.07996 localization=0 type=0 minimal=0.04318 physics=0.1262 total=0.08671
[TRAIN train_climax_no_spectral_constraint_s43] [TRAIN] stage=finetune epoch=1/1 batch=110/3000 step=3110 repair=0.1251 localization=0 type=0 minimal=0.04736 physics=0.25 total=0.1381
[TRAIN train_climax_no_spectral_constraint_s43] [TRAIN] stage=finetune epoch=1/1 batch=120/3000 step=3120 repair=0.1218 localization=0 type=0 minimal=0.04324 physics=0.299 total=0.1372
[TRAIN train_climax_no_spectral_constraint_s43] [TRAIN] stage=finetune epoch=1/1 batch=130/3000 step=3130 repair=0.1515 localization=0 type=0 minimal=0.04129 physics=0.1728 total=0.1605
[TRAIN train_climax_no_spectral_constraint_s43] [TRAIN] stage=finetune epoch=1/1 batch=140/3000 step=3140 repair=0.1278 localization=0 type=0 minimal=0.0416 physics=0.1475 total=0.1356
[TRAIN train_climax_no_spectral_constraint_s43] [TRAIN] stage=finetune epoch=1/1 batch=150/3000 step=3150 repair=0.1704 localization=0 type=0 minimal=0.04596 physics=0.2374 total=0.1827
[TRAIN train_climax_no_spectral_constraint_s43] [TRAIN] stage=finetune epoch=1/1 batch=160/3000 step=3160 repair=0.1595 localization=0 type=0 minimal=0.04202 physics=0.2222 total=0.171
[TRAIN train_climax_no_spectral_constraint_s43] [TRAIN] stage=finetune epoch=1/1 batch=170/3000 step=3170 repair=0.08137 localization=0 type=0 minimal=0.03943 physics=0.2281 total=0.09317
[TRAIN train_climax_no_spectral_constraint_s43] [TRAIN] stage=finetune epoch=1/1 batch=180/3000 step=3180 repair=0.1249 localization=0 type=0 minimal=0.04199 physics=0.4272 total=0.1467
[TRAIN train_climax_no_spectral_constraint_s43] [TRAIN] stage=finetune epoch=1/1 batch=190/3000 step=3190 repair=0.09976 localization=0 type=0 minimal=0.04013 physics=0.2504 total=0.1127
[TRAIN train_climax_no_spectral_constraint_s43] [TRAIN] stage=finetune epoch=1/1 batch=200/3000 step=3200 repair=0.1642 localization=0 type=0 minimal=0.04532 physics=0.5941 total=0.1944
[TRAIN train_climax_no_spectral_constraint_s43] [TRAIN] stage=finetune epoch=1/1 batch=210/3000 step=3210 repair=0.07966 localization=0 type=0 minimal=0.04492 physics=0.1268 total=0.08645
[TRAIN train_climax_no_spectral_constraint_s43] [TRAIN] stage=finetune epoch=1/1 batch=220/3000 step=3220 repair=0.1513 localization=0 type=0 minimal=0.04977 physics=0.1801 total=0.1608
[TRAIN train_climax_no_spectral_constraint_s43] [TRAIN] stage=finetune epoch=1/1 batch=230/3000 step=3230 repair=0.08519 localization=0 type=0 minimal=0.03992 physics=0.3679 total=0.104
[TRAIN train_climax_no_spectral_constraint_s43] [TRAIN] stage=finetune epoch=1/1 batch=240/3000 step=3240 repair=0.1299 localization=0 type=0 minimal=0.04254 physics=0.1177 total=0.1362
[TRAIN train_climax_no_spectral_constraint_s43] [TRAIN] stage=finetune epoch=1/1 batch=250/3000 step=3250 repair=0.09184 localization=0 type=0 minimal=0.04153 physics=0.1038 total=0.09744
[TRAIN train_climax_no_spectral_constraint_s43] [TRAIN] stage=finetune epoch=1/1 batch=260/3000 step=3260 repair=0.1529 localization=0 type=0 minimal=0.0481 physics=0.2174 total=0.1643
[TRAIN train_climax_no_spectral_constraint_s43] [TRAIN] stage=finetune epoch=1/1 batch=270/3000 step=3270 repair=0.1613 localization=0 type=0 minimal=0.04706 physics=0.5741 total=0.1904
[TRAIN train_climax_no_spectral_constraint_s43] [TRAIN] stage=finetune epoch=1/1 batch=280/3000 step=3280 repair=0.1196 localization=0 type=0 minimal=0.04916 physics=0.1494 total=0.1276
[TRAIN train_climax_no_spectral_constraint_s43] [TRAIN] stage=finetune epoch=1/1 batch=290/3000 step=3290 repair=0.0849 localization=0 type=0 minimal=0.04352 physics=0.1265 total=0.09166
[TRAIN train_climax_no_spectral_constraint_s43] [TRAIN] stage=finetune epoch=1/1 batch=300/3000 step=3300 repair=0.07712 localization=0 type=0 minimal=0.04358 physics=0.1556 total=0.08534
[TRAIN train_climax_no_spectral_constraint_s43] [TRAIN] stage=finetune epoch=1/1 batch=310/3000 step=3310 repair=0.0833 localization=0 type=0 minimal=0.04092 physics=0.3867 total=0.103
[TRAIN train_climax_no_spectral_constraint_s43] [TRAIN] stage=finetune epoch=1/1 batch=320/3000 step=3320 repair=0.1198 localization=0 type=0 minimal=0.0448 physics=0.4122 total=0.1408
[TRAIN train_climax_no_spectral_constraint_s43] [TRAIN] stage=finetune epoch=1/1 batch=330/3000 step=3330 repair=0.126 localization=0 type=0 minimal=0.04562 physics=0.2357 total=0.1383
[TRAIN train_climax_no_spectral_constraint_s43] [TRAIN] stage=finetune epoch=1/1 batch=340/3000 step=3340 repair=0.1346 localization=0 type=0 minimal=0.05032 physics=0.1209 total=0.1412
[TRAIN train_climax_no_spectral_constraint_s43] [TRAIN] stage=finetune epoch=1/1 batch=350/3000 step=3350 repair=0.1146 localization=0 type=0 minimal=0.04425 physics=0.204 total=0.1252
[TRAIN train_climax_no_spectral_constraint_s43] [TRAIN] stage=finetune epoch=1/1 batch=360/3000 step=3360 repair=0.1328 localization=0 type=0 minimal=0.04459 physics=0.1871 total=0.1426
[TRAIN train_climax_no_spectral_constraint_s43] [TRAIN] stage=finetune epoch=1/1 batch=370/3000 step=3370 repair=0.1314 localization=0 type=0 minimal=0.04654 physics=0.507 total=0.1572
[TRAIN train_climax_no_spectral_constraint_s43] [TRAIN] stage=finetune epoch=1/1 batch=380/3000 step=3380 repair=0.08692 localization=0 type=0 minimal=0.04663 physics=0.1184 total=0.09331
[TRAIN train_climax_no_spectral_constraint_s43] [TRAIN] stage=finetune epoch=1/1 batch=390/3000 step=3390 repair=0.07685 localization=0 type=0 minimal=0.04736 physics=0.3607 total=0.09536
[TRAIN train_climax_no_spectral_constraint_s43] [TRAIN] stage=finetune epoch=1/1 batch=400/3000 step=3400 repair=0.08471 localization=0 type=0 minimal=0.04367 physics=0.1083 total=0.09056
[TRAIN train_climax_no_spectral_constraint_s43] [TRAIN] stage=finetune epoch=1/1 batch=410/3000 step=3410 repair=0.131 localization=0 type=0 minimal=0.04755 physics=0.2675 total=0.1449
[TRAIN train_climax_no_spectral_constraint_s43] [TRAIN] stage=finetune epoch=1/1 batch=420/3000 step=3420 repair=0.1526 localization=0 type=0 minimal=0.04779 physics=0.6055 total=0.1834
[TRAIN train_climax_no_spectral_constraint_s43] [TRAIN] stage=finetune epoch=1/1 batch=430/3000 step=3430 repair=0.1737 localization=0 type=0 minimal=0.04654 physics=0.5671 total=0.2025
[TRAIN train_climax_no_spectral_constraint_s43] [TRAIN] stage=finetune epoch=1/1 batch=440/3000 step=3440 repair=0.1131 localization=0 type=0 minimal=0.04044 physics=0.5227 total=0.1396
[TRAIN train_climax_no_spectral_constraint_s43] [TRAIN] stage=finetune epoch=1/1 batch=450/3000 step=3450 repair=0.08362 localization=0 type=0 minimal=0.04651 physics=0.3141 total=0.09979
[TRAIN train_climax_no_spectral_constraint_s43] [TRAIN] stage=finetune epoch=1/1 batch=460/3000 step=3460 repair=0.0917 localization=0 type=0 minimal=0.04977 physics=0.1469 total=0.09955
[TRAIN train_climax_no_spectral_constraint_s43] [TRAIN] stage=finetune epoch=1/1 batch=470/3000 step=3470 repair=0.1207 localization=0 type=0 minimal=0.04596 physics=0.2569 total=0.134
[TRAIN train_climax_no_spectral_constraint_s43] [TRAIN] stage=finetune epoch=1/1 batch=480/3000 step=3480 repair=0.09238 localization=0 type=0 minimal=0.04297 physics=0.1274 total=0.09918
[TRAIN train_climax_no_spectral_constraint_s43] [TRAIN] stage=finetune epoch=1/1 batch=490/3000 step=3490 repair=0.1703 localization=0 type=0 minimal=0.05115 physics=0.1446 total=0.178
[TRAIN train_climax_no_spectral_constraint_s43] [TRAIN] stage=finetune epoch=1/1 batch=500/3000 step=3500 repair=0.1196 localization=0 type=0 minimal=0.04913 physics=0.0969 total=0.1249
[TRAIN train_climax_no_spectral_constraint_s43] [TRAIN] stage=finetune epoch=1/1 batch=510/3000 step=3510 repair=0.1239 localization=0 type=0 minimal=0.05374 physics=0.134 total=0.1311
[TRAIN train_climax_no_spectral_constraint_s43] [TRAIN] stage=finetune epoch=1/1 batch=520/3000 step=3520 repair=0.09146 localization=0 type=0 minimal=0.04895 physics=0.1025 total=0.09707
[TRAIN train_climax_no_spectral_constraint_s43] [TRAIN] stage=finetune epoch=1/1 batch=530/3000 step=3530 repair=0.07405 localization=0 type=0 minimal=0.04526 physics=0.2097 total=0.08499
[TRAIN train_climax_no_spectral_constraint_s43] [TRAIN] stage=finetune epoch=1/1 batch=540/3000 step=3540 repair=0.1734 localization=0 type=0 minimal=0.05176 physics=0.2356 total=0.1857
[TRAIN train_climax_no_spectral_constraint_s43] [TRAIN] stage=finetune epoch=1/1 batch=550/3000 step=3550 repair=0.1293 localization=0 type=0 minimal=0.04715 physics=0.1367 total=0.1366
[TRAIN train_climax_no_spectral_constraint_s43] [TRAIN] stage=finetune epoch=1/1 batch=560/3000 step=3560 repair=0.1516 localization=0 type=0 minimal=0.05154 physics=0.2994 total=0.1671
[TRAIN train_climax_no_spectral_constraint_s43] [TRAIN] stage=finetune epoch=1/1 batch=570/3000 step=3570 repair=0.08206 localization=0 type=0 minimal=0.04428 physics=0.107 total=0.08785
[TRAIN train_climax_no_spectral_constraint_s43] [TRAIN] stage=finetune epoch=1/1 batch=580/3000 step=3580 repair=0.121 localization=0 type=0 minimal=0.04697 physics=0.3184 total=0.1374
[TRAIN train_climax_no_spectral_constraint_s43] [TRAIN] stage=finetune epoch=1/1 batch=590/3000 step=3590 repair=0.1233 localization=0 type=0 minimal=0.05096 physics=0.438 total=0.1457
[TRAIN train_climax_no_spectral_constraint_s43] [TRAIN] stage=finetune epoch=1/1 batch=600/3000 step=3600 repair=0.118 localization=0 type=0 minimal=0.04883 physics=0.2261 total=0.1298
[TRAIN train_climax_no_spectral_constraint_s43] [TRAIN] stage=finetune epoch=1/1 batch=610/3000 step=3610 repair=0.1177 localization=0 type=0 minimal=0.0473 physics=0.1539 total=0.1259
[TRAIN train_climax_no_spectral_constraint_s43] [TRAIN] stage=finetune epoch=1/1 batch=620/3000 step=3620 repair=0.08835 localization=0 type=0 minimal=0.04733 physics=0.3368 total=0.1057
[TRAIN train_climax_no_spectral_constraint_s43] [TRAIN] stage=finetune epoch=1/1 batch=630/3000 step=3630 repair=0.09227 localization=0 type=0 minimal=0.04965 physics=0.5008 total=0.1178
[TRAIN train_climax_no_spectral_constraint_s43] [TRAIN] stage=finetune epoch=1/1 batch=640/3000 step=3640 repair=0.1269 localization=0 type=0 minimal=0.05374 physics=0.2267 total=0.1388
[TRAIN train_climax_no_spectral_constraint_s43] [TRAIN] stage=finetune epoch=1/1 batch=650/3000 step=3650 repair=0.1268 localization=0 type=0 minimal=0.05292 physics=0.1081 total=0.1328
[TRAIN train_climax_no_spectral_constraint_s43] [TRAIN] stage=finetune epoch=1/1 batch=660/3000 step=3660 repair=0.1306 localization=0 type=0 minimal=0.04489 physics=0.4488 total=0.1535
[TRAIN train_climax_no_spectral_constraint_s43] [TRAIN] stage=finetune epoch=1/1 batch=670/3000 step=3670 repair=0.09306 localization=0 type=0 minimal=0.04657 physics=0.3175 total=0.1094
[TRAIN train_climax_no_spectral_constraint_s43] [TRAIN] stage=finetune epoch=1/1 batch=680/3000 step=3680 repair=0.08306 localization=0 type=0 minimal=0.04785 physics=0.1861 total=0.09285
[TRAIN train_climax_no_spectral_constraint_s43] [TRAIN] stage=finetune epoch=1/1 batch=690/3000 step=3690 repair=0.1104 localization=0 type=0 minimal=0.05222 physics=0.1401 total=0.1179
[TRAIN train_climax_no_spectral_constraint_s43] [TRAIN] stage=finetune epoch=1/1 batch=700/3000 step=3700 repair=0.11 localization=0 type=0 minimal=0.05222 physics=0.09329 total=0.1152
[TRAIN train_climax_no_spectral_constraint_s43] [TRAIN] stage=finetune epoch=1/1 batch=710/3000 step=3710 repair=0.1601 localization=0 type=0 minimal=0.05307 physics=0.1156 total=0.1664
[TRAIN train_climax_no_spectral_constraint_s43] [TRAIN] stage=finetune epoch=1/1 batch=720/3000 step=3720 repair=0.07847 localization=0 type=0 minimal=0.04999 physics=0.1122 total=0.08458
[TRAIN train_climax_no_spectral_constraint_s43] [TRAIN] stage=finetune epoch=1/1 batch=730/3000 step=3730 repair=0.1221 localization=0 type=0 minimal=0.0462 physics=0.3269 total=0.1389
[TRAIN train_climax_no_spectral_constraint_s43] [TRAIN] stage=finetune epoch=1/1 batch=740/3000 step=3740 repair=0.09323 localization=0 type=0 minimal=0.05066 physics=0.3773 total=0.1126
[TRAIN train_climax_no_spectral_constraint_s43] [TRAIN] stage=finetune epoch=1/1 batch=750/3000 step=3750 repair=0.1308 localization=0 type=0 minimal=0.05301 physics=0.1975 total=0.1412
[TRAIN train_climax_no_spectral_constraint_s43] [TRAIN] stage=finetune epoch=1/1 batch=760/3000 step=3760 repair=0.1222 localization=0 type=0 minimal=0.05151 physics=0.1753 total=0.1315
[TRAIN train_climax_no_spectral_constraint_s43] [TRAIN] stage=finetune epoch=1/1 batch=770/3000 step=3770 repair=0.08577 localization=0 type=0 minimal=0.05023 physics=0.1181 total=0.09217
[TRAIN train_climax_no_spectral_constraint_s43] [TRAIN] stage=finetune epoch=1/1 batch=780/3000 step=3780 repair=0.1271 localization=0 type=0 minimal=0.05212 physics=0.5634 total=0.1558
[TRAIN train_climax_no_spectral_constraint_s43] [TRAIN] stage=finetune epoch=1/1 batch=790/3000 step=3790 repair=0.07998 localization=0 type=0 minimal=0.05194 physics=0.1289 total=0.08695
[TRAIN train_climax_no_spectral_constraint_s43] [TRAIN] stage=finetune epoch=1/1 batch=800/3000 step=3800 repair=0.1122 localization=0 type=0 minimal=0.05417 physics=0.1048 total=0.118
[TRAIN train_climax_no_spectral_constraint_s43] [TRAIN] stage=finetune epoch=1/1 batch=810/3000 step=3810 repair=0.08162 localization=0 type=0 minimal=0.05429 physics=0.3495 total=0.09964
[TRAIN train_climax_no_spectral_constraint_s43] [TRAIN] stage=finetune epoch=1/1 batch=820/3000 step=3820 repair=0.1296 localization=0 type=0 minimal=0.05005 physics=0.2285 total=0.1415
[TRAIN train_climax_no_spectral_constraint_s43] [TRAIN] stage=finetune epoch=1/1 batch=830/3000 step=3830 repair=0.08999 localization=0 type=0 minimal=0.0531 physics=0.1634 total=0.0987
[TRAIN train_climax_no_spectral_constraint_s43] [TRAIN] stage=finetune epoch=1/1 batch=840/3000 step=3840 repair=0.1153 localization=0 type=0 minimal=0.05209 physics=0.2433 total=0.128
[TRAIN train_climax_no_spectral_constraint_s43] [TRAIN] stage=finetune epoch=1/1 batch=850/3000 step=3850 repair=0.1258 localization=0 type=0 minimal=0.05301 physics=0.1188 total=0.1322
[TRAIN train_climax_no_spectral_constraint_s43] [TRAIN] stage=finetune epoch=1/1 batch=860/3000 step=3860 repair=0.07095 localization=0 type=0 minimal=0.0528 physics=0.253 total=0.08413
[TRAIN train_climax_no_spectral_constraint_s43] [TRAIN] stage=finetune epoch=1/1 batch=870/3000 step=3870 repair=0.08912 localization=0 type=0 minimal=0.05347 physics=0.175 total=0.0984
[TRAIN train_climax_no_spectral_constraint_s43] [TRAIN] stage=finetune epoch=1/1 batch=880/3000 step=3880 repair=0.1044 localization=0 type=0 minimal=0.04987 physics=0.1313 total=0.1115
[TRAIN train_climax_no_spectral_constraint_s43] [TRAIN] stage=finetune epoch=1/1 batch=890/3000 step=3890 repair=0.1591 localization=0 type=0 minimal=0.04831 physics=0.3131 total=0.1752
[TRAIN train_climax_no_spectral_constraint_s43] [TRAIN] stage=finetune epoch=1/1 batch=900/3000 step=3900 repair=0.1502 localization=0 type=0 minimal=0.05161 physics=0.4163 total=0.1715
[TRAIN train_climax_no_spectral_constraint_s43] [TRAIN] stage=finetune epoch=1/1 batch=910/3000 step=3910 repair=0.08849 localization=0 type=0 minimal=0.05206 physics=0.1288 total=0.09545
[TRAIN train_climax_no_spectral_constraint_s43] [TRAIN] stage=finetune epoch=1/1 batch=920/3000 step=3920 repair=0.1311 localization=0 type=0 minimal=0.05167 physics=0.3065 total=0.1469
[TRAIN train_climax_no_spectral_constraint_s43] [TRAIN] stage=finetune epoch=1/1 batch=930/3000 step=3930 repair=0.09472 localization=0 type=0 minimal=0.05399 physics=0.1403 total=0.1023
[TRAIN train_climax_no_spectral_constraint_s43] [TRAIN] stage=finetune epoch=1/1 batch=940/3000 step=3940 repair=0.11 localization=0 type=0 minimal=0.05396 physics=0.316 total=0.1263
[TRAIN train_climax_no_spectral_constraint_s43] [TRAIN] stage=finetune epoch=1/1 batch=950/3000 step=3950 repair=0.1179 localization=0 type=0 minimal=0.05527 physics=0.8783 total=0.1624
[TRAIN train_climax_no_spectral_constraint_s43] [TRAIN] stage=finetune epoch=1/1 batch=960/3000 step=3960 repair=0.1248 localization=0 type=0 minimal=0.0527 physics=0.3012 total=0.1404
[TRAIN train_climax_no_spectral_constraint_s43] [TRAIN] stage=finetune epoch=1/1 batch=970/3000 step=3970 repair=0.0749 localization=0 type=0 minimal=0.0524 physics=0.4156 total=0.0962
[TRAIN train_climax_no_spectral_constraint_s43] [TRAIN] stage=finetune epoch=1/1 batch=980/3000 step=3980 repair=0.1191 localization=0 type=0 minimal=0.05078 physics=0.1877 total=0.129
[TRAIN train_climax_no_spectral_constraint_s43] [TRAIN] stage=finetune epoch=1/1 batch=990/3000 step=3990 repair=0.1143 localization=0 type=0 minimal=0.06149 physics=0.1908 total=0.1245
[TRAIN train_climax_no_spectral_constraint_s43] [TRAIN] stage=finetune epoch=1/1 batch=1000/3000 step=4000 repair=0.07146 localization=0 type=0 minimal=0.05078 physics=0.1938 total=0.08166
[TRAIN train_climax_no_spectral_constraint_s43] [TRAIN] stage=finetune epoch=1/1 batch=1010/3000 step=4010 repair=0.118 localization=0 type=0 minimal=0.052 physics=0.2813 total=0.1326
[TRAIN train_climax_no_spectral_constraint_s43] [TRAIN] stage=finetune epoch=1/1 batch=1020/3000 step=4020 repair=0.1202 localization=0 type=0 minimal=0.05035 physics=0.07929 total=0.1246
[TRAIN train_climax_no_spectral_constraint_s43] [TRAIN] stage=finetune epoch=1/1 batch=1030/3000 step=4030 repair=0.08002 localization=0 type=0 minimal=0.05573 physics=0.3398 total=0.09757
[TRAIN train_climax_no_spectral_constraint_s43] [TRAIN] stage=finetune epoch=1/1 batch=1040/3000 step=4040 repair=0.07977 localization=0 type=0 minimal=0.05569 physics=0.1898 total=0.08981
[TRAIN train_climax_no_spectral_constraint_s43] [TRAIN] stage=finetune epoch=1/1 batch=1050/3000 step=4050 repair=0.06999 localization=0 type=0 minimal=0.04755 physics=0.1298 total=0.07696
[TRAIN train_climax_no_spectral_constraint_s43] [TRAIN] stage=finetune epoch=1/1 batch=1060/3000 step=4060 repair=0.1163 localization=0 type=0 minimal=0.05661 physics=0.1879 total=0.1263
[TRAIN train_climax_no_spectral_constraint_s43] [TRAIN] stage=finetune epoch=1/1 batch=1070/3000 step=4070 repair=0.08066 localization=0 type=0 minimal=0.05084 physics=0.1108 total=0.08671
[TRAIN train_climax_no_spectral_constraint_s43] [TRAIN] stage=finetune epoch=1/1 batch=1080/3000 step=4080 repair=0.08781 localization=0 type=0 minimal=0.05011 physics=0.1332 total=0.09497
[TRAIN train_climax_no_spectral_constraint_s43] [TRAIN] stage=finetune epoch=1/1 batch=1090/3000 step=4090 repair=0.128 localization=0 type=0 minimal=0.05911 physics=0.3836 total=0.1477
[TRAIN train_climax_no_spectral_constraint_s43] [TRAIN] stage=finetune epoch=1/1 batch=1100/3000 step=4100 repair=0.127 localization=0 type=0 minimal=0.05219 physics=0.161 total=0.1356
[TRAIN train_climax_no_spectral_constraint_s43] [TRAIN] stage=finetune epoch=1/1 batch=1110/3000 step=4110 repair=0.09402 localization=0 type=0 minimal=0.0571 physics=0.2021 total=0.1047
[TRAIN train_climax_no_spectral_constraint_s43] [TRAIN] stage=finetune epoch=1/1 batch=1120/3000 step=4120 repair=0.07575 localization=0 type=0 minimal=0.05249 physics=0.2139 total=0.08697
[TRAIN train_climax_no_spectral_constraint_s43] [TRAIN] stage=finetune epoch=1/1 batch=1130/3000 step=4130 repair=0.1322 localization=0 type=0 minimal=0.05466 physics=0.1408 total=0.1398
[TRAIN train_climax_no_spectral_constraint_s43] [TRAIN] stage=finetune epoch=1/1 batch=1140/3000 step=4140 repair=0.1162 localization=0 type=0 minimal=0.05527 physics=0.1648 total=0.125
[TRAIN train_climax_no_spectral_constraint_s43] [TRAIN] stage=finetune epoch=1/1 batch=1150/3000 step=4150 repair=0.1636 localization=0 type=0 minimal=0.05573 physics=0.2322 total=0.1757
[TRAIN train_climax_no_spectral_constraint_s43] [TRAIN] stage=finetune epoch=1/1 batch=1160/3000 step=4160 repair=0.1138 localization=0 type=0 minimal=0.05469 physics=0.4599 total=0.1374
[TRAIN train_climax_no_spectral_constraint_s43] [TRAIN] stage=finetune epoch=1/1 batch=1170/3000 step=4170 repair=0.121 localization=0 type=0 minimal=0.05695 physics=0.4303 total=0.1431
[TRAIN train_climax_no_spectral_constraint_s43] [TRAIN] stage=finetune epoch=1/1 batch=1180/3000 step=4180 repair=0.07934 localization=0 type=0 minimal=0.05295 physics=0.2393 total=0.09183
[TRAIN train_climax_no_spectral_constraint_s43] [TRAIN] stage=finetune epoch=1/1 batch=1190/3000 step=4190 repair=0.1307 localization=0 type=0 minimal=0.05618 physics=0.2714 total=0.1449
[TRAIN train_climax_no_spectral_constraint_s43] [TRAIN] stage=finetune epoch=1/1 batch=1200/3000 step=4200 repair=0.1317 localization=0 type=0 minimal=0.05051 physics=0.2939 total=0.1469
[TRAIN train_climax_no_spectral_constraint_s43] [TRAIN] stage=finetune epoch=1/1 batch=1210/3000 step=4210 repair=0.1103 localization=0 type=0 minimal=0.04813 physics=0.09431 total=0.1155
[TRAIN train_climax_no_spectral_constraint_s43] [TRAIN] stage=finetune epoch=1/1 batch=1220/3000 step=4220 repair=0.0783 localization=0 type=0 minimal=0.05972 physics=0.2121 total=0.0895
[TRAIN train_climax_no_spectral_constraint_s43] [TRAIN] stage=finetune epoch=1/1 batch=1230/3000 step=4230 repair=0.1568 localization=0 type=0 minimal=0.05774 physics=0.7847 total=0.1966
[TRAIN train_climax_no_spectral_constraint_s43] [TRAIN] stage=finetune epoch=1/1 batch=1240/3000 step=4240 repair=0.1154 localization=0 type=0 minimal=0.05765 physics=0.2196 total=0.1269
[TRAIN train_climax_no_spectral_constraint_s43] [TRAIN] stage=finetune epoch=1/1 batch=1250/3000 step=4250 repair=0.1306 localization=0 type=0 minimal=0.05563 physics=0.4534 total=0.1538
[TRAIN train_climax_no_spectral_constraint_s43] [TRAIN] stage=finetune epoch=1/1 batch=1260/3000 step=4260 repair=0.1288 localization=0 type=0 minimal=0.05536 physics=0.1087 total=0.1348
[TRAIN train_climax_no_spectral_constraint_s43] [TRAIN] stage=finetune epoch=1/1 batch=1270/3000 step=4270 repair=0.16 localization=0 type=0 minimal=0.0524 physics=0.2406 total=0.1725
[TRAIN train_climax_no_spectral_constraint_s43] [TRAIN] stage=finetune epoch=1/1 batch=1280/3000 step=4280 repair=0.08429 localization=0 type=0 minimal=0.05557 physics=0.3069 total=0.1002
[TRAIN train_climax_no_spectral_constraint_s43] [TRAIN] stage=finetune epoch=1/1 batch=1290/3000 step=4290 repair=0.1191 localization=0 type=0 minimal=0.05151 physics=0.1951 total=0.1294
[TRAIN train_climax_no_spectral_constraint_s43] [TRAIN] stage=finetune epoch=1/1 batch=1300/3000 step=4300 repair=0.0929 localization=0 type=0 minimal=0.05374 physics=0.09871 total=0.09837
[TRAIN train_climax_no_spectral_constraint_s43] [TRAIN] stage=finetune epoch=1/1 batch=1310/3000 step=4310 repair=0.08896 localization=0 type=0 minimal=0.0545 physics=0.3107 total=0.105
[TRAIN train_climax_no_spectral_constraint_s43] [TRAIN] stage=finetune epoch=1/1 batch=1320/3000 step=4320 repair=0.1164 localization=0 type=0 minimal=0.05496 physics=0.1519 total=0.1246
[TRAIN train_climax_no_spectral_constraint_s43] [TRAIN] stage=finetune epoch=1/1 batch=1330/3000 step=4330 repair=0.08775 localization=0 type=0 minimal=0.0524 physics=0.3253 total=0.1045
[TRAIN train_climax_no_spectral_constraint_s43] [TRAIN] stage=finetune epoch=1/1 batch=1340/3000 step=4340 repair=0.1445 localization=0 type=0 minimal=0.05789 physics=0.1877 total=0.1545
[TRAIN train_climax_no_spectral_constraint_s43] [TRAIN] stage=finetune epoch=1/1 batch=1350/3000 step=4350 repair=0.07368 localization=0 type=0 minimal=0.05658 physics=0.3711 total=0.0928
[TRAIN train_climax_no_spectral_constraint_s43] [TRAIN] stage=finetune epoch=1/1 batch=1360/3000 step=4360 repair=0.07818 localization=0 type=0 minimal=0.05771 physics=0.1636 total=0.08694
[TRAIN train_climax_no_spectral_constraint_s43] [TRAIN] stage=finetune epoch=1/1 batch=1370/3000 step=4370 repair=0.07583 localization=0 type=0 minimal=0.05804 physics=0.1092 total=0.08187
[TRAIN train_climax_no_spectral_constraint_s43] [TRAIN] stage=finetune epoch=1/1 batch=1380/3000 step=4380 repair=0.08882 localization=0 type=0 minimal=0.05826 physics=0.2164 total=0.1002
[TRAIN train_climax_no_spectral_constraint_s43] [TRAIN] stage=finetune epoch=1/1 batch=1390/3000 step=4390 repair=0.1409 localization=0 type=0 minimal=0.05298 physics=0.561 total=0.1695
[TRAIN train_climax_no_spectral_constraint_s43] [TRAIN] stage=finetune epoch=1/1 batch=1400/3000 step=4400 repair=0.1487 localization=0 type=0 minimal=0.05182 physics=0.3056 total=0.1645
[TRAIN train_climax_no_spectral_constraint_s43] [TRAIN] stage=finetune epoch=1/1 batch=1410/3000 step=4410 repair=0.1285 localization=0 type=0 minimal=0.05515 physics=0.2822 total=0.1432
[TRAIN train_climax_no_spectral_constraint_s43] [TRAIN] stage=finetune epoch=1/1 batch=1420/3000 step=4420 repair=0.1119 localization=0 type=0 minimal=0.06061 physics=0.2306 total=0.124
[TRAIN train_climax_no_spectral_constraint_s43] [TRAIN] stage=finetune epoch=1/1 batch=1430/3000 step=4430 repair=0.07159 localization=0 type=0 minimal=0.056 physics=0.0898 total=0.07664
[TRAIN train_climax_no_spectral_constraint_s43] [TRAIN] stage=finetune epoch=1/1 batch=1440/3000 step=4440 repair=0.113 localization=0 type=0 minimal=0.05319 physics=0.2819 total=0.1276
[TRAIN train_climax_no_spectral_constraint_s43] [TRAIN] stage=finetune epoch=1/1 batch=1450/3000 step=4450 repair=0.1204 localization=0 type=0 minimal=0.0585 physics=0.1711 total=0.1295
[TRAIN train_climax_no_spectral_constraint_s43] [TRAIN] stage=finetune epoch=1/1 batch=1460/3000 step=4460 repair=0.07732 localization=0 type=0 minimal=0.06104 physics=0.3512 total=0.09549
[TRAIN train_climax_no_spectral_constraint_s43] [TRAIN] stage=finetune epoch=1/1 batch=1470/3000 step=4470 repair=0.128 localization=0 type=0 minimal=0.05811 physics=0.2055 total=0.1389
[TRAIN train_climax_no_spectral_constraint_s43] [TRAIN] stage=finetune epoch=1/1 batch=1480/3000 step=4480 repair=0.1156 localization=0 type=0 minimal=0.05161 physics=0.2351 total=0.1278
[TRAIN train_climax_no_spectral_constraint_s43] [TRAIN] stage=finetune epoch=1/1 batch=1490/3000 step=4490 repair=0.1291 localization=0 type=0 minimal=0.06155 physics=0.1499 total=0.1372
[TRAIN train_climax_no_spectral_constraint_s43] [TRAIN] stage=finetune epoch=1/1 batch=1500/3000 step=4500 repair=0.08297 localization=0 type=0 minimal=0.05289 physics=0.08496 total=0.08775
[TRAIN train_climax_no_spectral_constraint_s43] [TRAIN] stage=finetune epoch=1/1 batch=1510/3000 step=4510 repair=0.1523 localization=0 type=0 minimal=0.05615 physics=0.1538 total=0.1605
[TRAIN train_climax_no_spectral_constraint_s43] [TRAIN] stage=finetune epoch=1/1 batch=1520/3000 step=4520 repair=0.07837 localization=0 type=0 minimal=0.06125 physics=0.136 total=0.08578
[TRAIN train_climax_no_spectral_constraint_s43] [TRAIN] stage=finetune epoch=1/1 batch=1530/3000 step=4530 repair=0.07473 localization=0 type=0 minimal=0.05389 physics=0.2051 total=0.08553
[TRAIN train_climax_no_spectral_constraint_s43] [TRAIN] stage=finetune epoch=1/1 batch=1540/3000 step=4540 repair=0.07479 localization=0 type=0 minimal=0.05869 physics=0.3387 total=0.09231
[TRAIN train_climax_no_spectral_constraint_s43] [TRAIN] stage=finetune epoch=1/1 batch=1550/3000 step=4550 repair=0.1267 localization=0 type=0 minimal=0.05859 physics=0.1031 total=0.1324
[TRAIN train_climax_no_spectral_constraint_s43] [TRAIN] stage=finetune epoch=1/1 batch=1560/3000 step=4560 repair=0.1225 localization=0 type=0 minimal=0.06256 physics=0.1455 total=0.1304
[TRAIN train_climax_no_spectral_constraint_s43] [TRAIN] stage=finetune epoch=1/1 batch=1570/3000 step=4570 repair=0.07212 localization=0 type=0 minimal=0.05902 physics=0.1781 total=0.08161
[TRAIN train_climax_no_spectral_constraint_s43] [TRAIN] stage=finetune epoch=1/1 batch=1580/3000 step=4580 repair=0.07351 localization=0 type=0 minimal=0.05942 physics=0.1076 total=0.07948
[TRAIN train_climax_no_spectral_constraint_s43] [TRAIN] stage=finetune epoch=1/1 batch=1590/3000 step=4590 repair=0.08669 localization=0 type=0 minimal=0.05453 physics=0.2214 total=0.09831
[TRAIN train_climax_no_spectral_constraint_s43] [TRAIN] stage=finetune epoch=1/1 batch=1600/3000 step=4600 repair=0.1042 localization=0 type=0 minimal=0.05859 physics=0.4307 total=0.1263
[TRAIN train_climax_no_spectral_constraint_s43] [TRAIN] stage=finetune epoch=1/1 batch=1610/3000 step=4610 repair=0.08009 localization=0 type=0 minimal=0.05542 physics=0.1459 total=0.08794
[TRAIN train_climax_no_spectral_constraint_s43] [TRAIN] stage=finetune epoch=1/1 batch=1620/3000 step=4620 repair=0.1274 localization=0 type=0 minimal=0.05341 physics=0.2689 total=0.1414
[TRAIN train_climax_no_spectral_constraint_s43] [TRAIN] stage=finetune epoch=1/1 batch=1630/3000 step=4630 repair=0.1806 localization=0 type=0 minimal=0.0636 physics=0.4016 total=0.2013
[TRAIN train_climax_no_spectral_constraint_s43] [TRAIN] stage=finetune epoch=1/1 batch=1640/3000 step=4640 repair=0.1113 localization=0 type=0 minimal=0.05774 physics=0.2645 total=0.1251
[TRAIN train_climax_no_spectral_constraint_s43] [TRAIN] stage=finetune epoch=1/1 batch=1650/3000 step=4650 repair=0.126 localization=0 type=0 minimal=0.05435 physics=0.1409 total=0.1336
[TRAIN train_climax_no_spectral_constraint_s43] [TRAIN] stage=finetune epoch=1/1 batch=1660/3000 step=4660 repair=0.06501 localization=0 type=0 minimal=0.05466 physics=0.1509 total=0.0731
[TRAIN train_climax_no_spectral_constraint_s43] [TRAIN] stage=finetune epoch=1/1 batch=1670/3000 step=4670 repair=0.06545 localization=0 type=0 minimal=0.06329 physics=0.3725 total=0.08471
[TRAIN train_climax_no_spectral_constraint_s43] [TRAIN] stage=finetune epoch=1/1 batch=1680/3000 step=4680 repair=0.09333 localization=0 type=0 minimal=0.05106 physics=0.2872 total=0.1082
[TRAIN train_climax_no_spectral_constraint_s43] [TRAIN] stage=finetune epoch=1/1 batch=1690/3000 step=4690 repair=0.12 localization=0 type=0 minimal=0.05634 physics=0.2779 total=0.1344
[TRAIN train_climax_no_spectral_constraint_s43] [TRAIN] stage=finetune epoch=1/1 batch=1700/3000 step=4700 repair=0.07645 localization=0 type=0 minimal=0.05908 physics=0.09404 total=0.08174
[TRAIN train_climax_no_spectral_constraint_s43] [TRAIN] stage=finetune epoch=1/1 batch=1710/3000 step=4710 repair=0.07799 localization=0 type=0 minimal=0.05875 physics=0.1164 total=0.0844
[TRAIN train_climax_no_spectral_constraint_s43] [TRAIN] stage=finetune epoch=1/1 batch=1720/3000 step=4720 repair=0.07617 localization=0 type=0 minimal=0.06018 physics=0.2156 total=0.08755
[TRAIN train_climax_no_spectral_constraint_s43] [TRAIN] stage=finetune epoch=1/1 batch=1730/3000 step=4730 repair=0.08888 localization=0 type=0 minimal=0.05478 physics=0.216 total=0.1002
[TRAIN train_climax_no_spectral_constraint_s43] [TRAIN] stage=finetune epoch=1/1 batch=1740/3000 step=4740 repair=0.1152 localization=0 type=0 minimal=0.05698 physics=0.2539 total=0.1285
[TRAIN train_climax_no_spectral_constraint_s43] [TRAIN] stage=finetune epoch=1/1 batch=1750/3000 step=4750 repair=0.1267 localization=0 type=0 minimal=0.06268 physics=0.1136 total=0.133
[TRAIN train_climax_no_spectral_constraint_s43] [TRAIN] stage=finetune epoch=1/1 batch=1760/3000 step=4760 repair=0.1663 localization=0 type=0 minimal=0.05972 physics=0.2161 total=0.1777
[TRAIN train_climax_no_spectral_constraint_s43] [TRAIN] stage=finetune epoch=1/1 batch=1770/3000 step=4770 repair=0.1133 localization=0 type=0 minimal=0.05838 physics=0.1662 total=0.1222
[TRAIN train_climax_no_spectral_constraint_s43] [TRAIN] stage=finetune epoch=1/1 batch=1780/3000 step=4780 repair=0.1105 localization=0 type=0 minimal=0.05981 physics=0.2713 total=0.1247
[TRAIN train_climax_no_spectral_constraint_s43] [TRAIN] stage=finetune epoch=1/1 batch=1790/3000 step=4790 repair=0.07024 localization=0 type=0 minimal=0.05856 physics=0.2902 total=0.08533
[TRAIN train_climax_no_spectral_constraint_s43] [TRAIN] stage=finetune epoch=1/1 batch=1800/3000 step=4800 repair=0.1707 localization=0 type=0 minimal=0.05124 physics=0.9265 total=0.2175
[TRAIN train_climax_no_spectral_constraint_s43] [TRAIN] stage=finetune epoch=1/1 batch=1810/3000 step=4810 repair=0.1211 localization=0 type=0 minimal=0.06354 physics=0.2132 total=0.1324
[TRAIN train_climax_no_spectral_constraint_s43] [TRAIN] stage=finetune epoch=1/1 batch=1820/3000 step=4820 repair=0.1169 localization=0 type=0 minimal=0.05917 physics=0.1657 total=0.1258
[TRAIN train_climax_no_spectral_constraint_s43] [TRAIN] stage=finetune epoch=1/1 batch=1830/3000 step=4830 repair=0.1151 localization=0 type=0 minimal=0.06104 physics=0.1984 total=0.1256
[TRAIN train_climax_no_spectral_constraint_s43] [TRAIN] stage=finetune epoch=1/1 batch=1840/3000 step=4840 repair=0.08262 localization=0 type=0 minimal=0.05478 physics=0.1775 total=0.09204
[TRAIN train_climax_no_spectral_constraint_s43] [TRAIN] stage=finetune epoch=1/1 batch=1850/3000 step=4850 repair=0.1304 localization=0 type=0 minimal=0.06226 physics=0.2569 total=0.1438
[TRAIN train_climax_no_spectral_constraint_s43] [TRAIN] stage=finetune epoch=1/1 batch=1860/3000 step=4860 repair=0.1176 localization=0 type=0 minimal=0.05942 physics=0.3591 total=0.1361
[TRAIN train_climax_no_spectral_constraint_s43] [TRAIN] stage=finetune epoch=1/1 batch=1870/3000 step=4870 repair=0.07719 localization=0 type=0 minimal=0.05774 physics=0.09263 total=0.0824
[TRAIN train_climax_no_spectral_constraint_s43] [TRAIN] stage=finetune epoch=1/1 batch=1880/3000 step=4880 repair=0.1367 localization=0 type=0 minimal=0.06329 physics=0.1737 total=0.146
[TRAIN train_climax_no_spectral_constraint_s43] [TRAIN] stage=finetune epoch=1/1 batch=1890/3000 step=4890 repair=0.118 localization=0 type=0 minimal=0.05832 physics=0.1071 total=0.124
[TRAIN train_climax_no_spectral_constraint_s43] [TRAIN] stage=finetune epoch=1/1 batch=1900/3000 step=4900 repair=0.08333 localization=0 type=0 minimal=0.06189 physics=0.1728 total=0.09259
[TRAIN train_climax_no_spectral_constraint_s43] [TRAIN] stage=finetune epoch=1/1 batch=1910/3000 step=4910 repair=0.06539 localization=0 type=0 minimal=0.06476 physics=0.08791 total=0.07043
[TRAIN train_climax_no_spectral_constraint_s43] [TRAIN] stage=finetune epoch=1/1 batch=1920/3000 step=4920 repair=0.134 localization=0 type=0 minimal=0.06039 physics=0.5094 total=0.1601
[TRAIN train_climax_no_spectral_constraint_s43] [TRAIN] stage=finetune epoch=1/1 batch=1930/3000 step=4930 repair=0.1575 localization=0 type=0 minimal=0.05667 physics=0.1623 total=0.1662
[TRAIN train_climax_no_spectral_constraint_s43] [TRAIN] stage=finetune epoch=1/1 batch=1940/3000 step=4940 repair=0.1317 localization=0 type=0 minimal=0.05838 physics=0.2389 total=0.1442
[TRAIN train_climax_no_spectral_constraint_s43] [TRAIN] stage=finetune epoch=1/1 batch=1950/3000 step=4950 repair=0.07504 localization=0 type=0 minimal=0.0578 physics=0.1575 total=0.08349
[TRAIN train_climax_no_spectral_constraint_s43] [TRAIN] stage=finetune epoch=1/1 batch=1960/3000 step=4960 repair=0.07896 localization=0 type=0 minimal=0.05789 physics=0.4061 total=0.09985
[TRAIN train_climax_no_spectral_constraint_s43] [TRAIN] stage=finetune epoch=1/1 batch=1970/3000 step=4970 repair=0.06883 localization=0 type=0 minimal=0.06433 physics=0.156 total=0.07727
[TRAIN train_climax_no_spectral_constraint_s43] [TRAIN] stage=finetune epoch=1/1 batch=1980/3000 step=4980 repair=0.1398 localization=0 type=0 minimal=0.0661 physics=0.12 total=0.1464
[TRAIN train_climax_no_spectral_constraint_s43] [TRAIN] stage=finetune epoch=1/1 batch=1990/3000 step=4990 repair=0.08776 localization=0 type=0 minimal=0.06323 physics=0.07322 total=0.09205
[TRAIN train_climax_no_spectral_constraint_s43] [TRAIN] stage=finetune epoch=1/1 batch=2000/3000 step=5000 repair=0.1235 localization=0 type=0 minimal=0.0553 physics=0.3497 total=0.1416
[TRAIN train_climax_no_spectral_constraint_s43] [TRAIN] stage=finetune epoch=1/1 batch=2010/3000 step=5010 repair=0.1219 localization=0 type=0 minimal=0.05362 physics=0.157 total=0.1303
[TRAIN train_climax_no_spectral_constraint_s43] [TRAIN] stage=finetune epoch=1/1 batch=2020/3000 step=5020 repair=0.08567 localization=0 type=0 minimal=0.05948 physics=0.2318 total=0.09786
[TRAIN train_climax_no_spectral_constraint_s43] [TRAIN] stage=finetune epoch=1/1 batch=2030/3000 step=5030 repair=0.1351 localization=0 type=0 minimal=0.06403 physics=0.214 total=0.1465
[TRAIN train_climax_no_spectral_constraint_s43] [TRAIN] stage=finetune epoch=1/1 batch=2040/3000 step=5040 repair=0.08254 localization=0 type=0 minimal=0.06143 physics=0.1148 total=0.0889
[TRAIN train_climax_no_spectral_constraint_s43] [TRAIN] stage=finetune epoch=1/1 batch=2050/3000 step=5050 repair=0.07674 localization=0 type=0 minimal=0.05826 physics=0.1902 total=0.08683
[TRAIN train_climax_no_spectral_constraint_s43] [TRAIN] stage=finetune epoch=1/1 batch=2060/3000 step=5060 repair=0.108 localization=0 type=0 minimal=0.05957 physics=0.4848 total=0.1328
[TRAIN train_climax_no_spectral_constraint_s43] [TRAIN] stage=finetune epoch=1/1 batch=2070/3000 step=5070 repair=0.1072 localization=0 type=0 minimal=0.05844 physics=0.1384 total=0.1147
[TRAIN train_climax_no_spectral_constraint_s43] [TRAIN] stage=finetune epoch=1/1 batch=2080/3000 step=5080 repair=0.08367 localization=0 type=0 minimal=0.06046 physics=0.09671 total=0.08911
[TRAIN train_climax_no_spectral_constraint_s43] [TRAIN] stage=finetune epoch=1/1 batch=2090/3000 step=5090 repair=0.07234 localization=0 type=0 minimal=0.05951 physics=0.07981 total=0.07693
[TRAIN train_climax_no_spectral_constraint_s43] [TRAIN] stage=finetune epoch=1/1 batch=2100/3000 step=5100 repair=0.0878 localization=0 type=0 minimal=0.05554 physics=0.3029 total=0.1035
[TRAIN train_climax_no_spectral_constraint_s43] [TRAIN] stage=finetune epoch=1/1 batch=2110/3000 step=5110 repair=0.1389 localization=0 type=0 minimal=0.06329 physics=0.3336 total=0.1562
[TRAIN train_climax_no_spectral_constraint_s43] [TRAIN] stage=finetune epoch=1/1 batch=2120/3000 step=5120 repair=0.1135 localization=0 type=0 minimal=0.05511 physics=0.2622 total=0.1272
[TRAIN train_climax_no_spectral_constraint_s43] [TRAIN] stage=finetune epoch=1/1 batch=2130/3000 step=5130 repair=0.07434 localization=0 type=0 minimal=0.05487 physics=0.0774 total=0.07876
[TRAIN train_climax_no_spectral_constraint_s43] [TRAIN] stage=finetune epoch=1/1 batch=2140/3000 step=5140 repair=0.1258 localization=0 type=0 minimal=0.05936 physics=0.2192 total=0.1373
[TRAIN train_climax_no_spectral_constraint_s43] [TRAIN] stage=finetune epoch=1/1 batch=2150/3000 step=5150 repair=0.133 localization=0 type=0 minimal=0.05991 physics=0.1059 total=0.1389
[TRAIN train_climax_no_spectral_constraint_s43] [TRAIN] stage=finetune epoch=1/1 batch=2160/3000 step=5160 repair=0.06161 localization=0 type=0 minimal=0.05933 physics=0.1261 total=0.06851
[TRAIN train_climax_no_spectral_constraint_s43] [TRAIN] stage=finetune epoch=1/1 batch=2170/3000 step=5170 repair=0.119 localization=0 type=0 minimal=0.06125 physics=0.2096 total=0.1301
[TRAIN train_climax_no_spectral_constraint_s43] [TRAIN] stage=finetune epoch=1/1 batch=2180/3000 step=5180 repair=0.1214 localization=0 type=0 minimal=0.061 physics=0.107 total=0.1273
[TRAIN train_climax_no_spectral_constraint_s43] [TRAIN] stage=finetune epoch=1/1 batch=2190/3000 step=5190 repair=0.06584 localization=0 type=0 minimal=0.06537 physics=0.108 total=0.07189
[TRAIN train_climax_no_spectral_constraint_s43] [TRAIN] stage=finetune epoch=1/1 batch=2200/3000 step=5200 repair=0.1099 localization=0 type=0 minimal=0.06812 physics=0.2541 total=0.1233
[TRAIN train_climax_no_spectral_constraint_s43] [TRAIN] stage=finetune epoch=1/1 batch=2210/3000 step=5210 repair=0.08024 localization=0 type=0 minimal=0.05841 physics=0.09599 total=0.08562
[TRAIN train_climax_no_spectral_constraint_s43] [TRAIN] stage=finetune epoch=1/1 batch=2220/3000 step=5220 repair=0.1072 localization=0 type=0 minimal=0.06052 physics=0.1717 total=0.1163
[TRAIN train_climax_no_spectral_constraint_s43] [TRAIN] stage=finetune epoch=1/1 batch=2230/3000 step=5230 repair=0.07501 localization=0 type=0 minimal=0.06067 physics=0.06703 total=0.07897
[TRAIN train_climax_no_spectral_constraint_s43] [TRAIN] stage=finetune epoch=1/1 batch=2240/3000 step=5240 repair=0.07698 localization=0 type=0 minimal=0.0593 physics=0.3933 total=0.09724
[TRAIN train_climax_no_spectral_constraint_s43] [TRAIN] stage=finetune epoch=1/1 batch=2250/3000 step=5250 repair=0.1444 localization=0 type=0 minimal=0.06003 physics=0.1298 total=0.1515
[TRAIN train_climax_no_spectral_constraint_s43] [TRAIN] stage=finetune epoch=1/1 batch=2260/3000 step=5260 repair=0.115 localization=0 type=0 minimal=0.06659 physics=0.3286 total=0.1321
[TRAIN train_climax_no_spectral_constraint_s43] [TRAIN] stage=finetune epoch=1/1 batch=2270/3000 step=5270 repair=0.1059 localization=0 type=0 minimal=0.06082 physics=0.1577 total=0.1144
[TRAIN train_climax_no_spectral_constraint_s43] [TRAIN] stage=finetune epoch=1/1 batch=2280/3000 step=5280 repair=0.07184 localization=0 type=0 minimal=0.05975 physics=0.2853 total=0.0867
[TRAIN train_climax_no_spectral_constraint_s43] [TRAIN] stage=finetune epoch=1/1 batch=2290/3000 step=5290 repair=0.1345 localization=0 type=0 minimal=0.06149 physics=0.1637 total=0.1433
[TRAIN train_climax_no_spectral_constraint_s43] [TRAIN] stage=finetune epoch=1/1 batch=2300/3000 step=5300 repair=0.1123 localization=0 type=0 minimal=0.05634 physics=0.1848 total=0.1221
[TRAIN train_climax_no_spectral_constraint_s43] [TRAIN] stage=finetune epoch=1/1 batch=2310/3000 step=5310 repair=0.09056 localization=0 type=0 minimal=0.05234 physics=0.09154 total=0.09567
[TRAIN train_climax_no_spectral_constraint_s43] [TRAIN] stage=finetune epoch=1/1 batch=2320/3000 step=5320 repair=0.1644 localization=0 type=0 minimal=0.06088 physics=0.515 total=0.1907
[TRAIN train_climax_no_spectral_constraint_s43] [TRAIN] stage=finetune epoch=1/1 batch=2330/3000 step=5330 repair=0.07775 localization=0 type=0 minimal=0.06293 physics=0.3793 total=0.09734
[TRAIN train_climax_no_spectral_constraint_s43] [TRAIN] stage=finetune epoch=1/1 batch=2340/3000 step=5340 repair=0.1207 localization=0 type=0 minimal=0.05624 physics=0.6015 total=0.1513
[TRAIN train_climax_no_spectral_constraint_s43] [TRAIN] stage=finetune epoch=1/1 batch=2350/3000 step=5350 repair=0.08958 localization=0 type=0 minimal=0.06082 physics=0.2799 total=0.1042
[TRAIN train_climax_no_spectral_constraint_s43] [TRAIN] stage=finetune epoch=1/1 batch=2360/3000 step=5360 repair=0.08945 localization=0 type=0 minimal=0.06216 physics=0.135 total=0.09682
[TRAIN train_climax_no_spectral_constraint_s43] [TRAIN] stage=finetune epoch=1/1 batch=2370/3000 step=5370 repair=0.08394 localization=0 type=0 minimal=0.06079 physics=0.08338 total=0.08872
[TRAIN train_climax_no_spectral_constraint_s43] [TRAIN] stage=finetune epoch=1/1 batch=2380/3000 step=5380 repair=0.1126 localization=0 type=0 minimal=0.06226 physics=0.2249 total=0.1245
[TRAIN train_climax_no_spectral_constraint_s43] [TRAIN] stage=finetune epoch=1/1 batch=2390/3000 step=5390 repair=0.1138 localization=0 type=0 minimal=0.06046 physics=0.1976 total=0.1243
[TRAIN train_climax_no_spectral_constraint_s43] [TRAIN] stage=finetune epoch=1/1 batch=2400/3000 step=5400 repair=0.1198 localization=0 type=0 minimal=0.05911 physics=0.2905 total=0.1349
[TRAIN train_climax_no_spectral_constraint_s43] [TRAIN] stage=finetune epoch=1/1 batch=2410/3000 step=5410 repair=0.07165 localization=0 type=0 minimal=0.06342 physics=0.1156 total=0.07806
[TRAIN train_climax_no_spectral_constraint_s43] [TRAIN] stage=finetune epoch=1/1 batch=2420/3000 step=5420 repair=0.06311 localization=0 type=0 minimal=0.07678 physics=0.2736 total=0.07756
[TRAIN train_climax_no_spectral_constraint_s43] [TRAIN] stage=finetune epoch=1/1 batch=2430/3000 step=5430 repair=0.1171 localization=0 type=0 minimal=0.06079 physics=0.1347 total=0.1244
[TRAIN train_climax_no_spectral_constraint_s43] [TRAIN] stage=finetune epoch=1/1 batch=2440/3000 step=5440 repair=0.0657 localization=0 type=0 minimal=0.06604 physics=0.1116 total=0.07194
[TRAIN train_climax_no_spectral_constraint_s43] [TRAIN] stage=finetune epoch=1/1 batch=2450/3000 step=5450 repair=0.1225 localization=0 type=0 minimal=0.05466 physics=0.5246 total=0.1493
[TRAIN train_climax_no_spectral_constraint_s43] [TRAIN] stage=finetune epoch=1/1 batch=2460/3000 step=5460 repair=0.1183 localization=0 type=0 minimal=0.06348 physics=0.1711 total=0.1275
[TRAIN train_climax_no_spectral_constraint_s43] [TRAIN] stage=finetune epoch=1/1 batch=2470/3000 step=5470 repair=0.1622 localization=0 type=0 minimal=0.06921 physics=0.1594 total=0.1708
[TRAIN train_climax_no_spectral_constraint_s43] [TRAIN] stage=finetune epoch=1/1 batch=2480/3000 step=5480 repair=0.07828 localization=0 type=0 minimal=0.06195 physics=0.1756 total=0.08768
[TRAIN train_climax_no_spectral_constraint_s43] [TRAIN] stage=finetune epoch=1/1 batch=2490/3000 step=5490 repair=0.1225 localization=0 type=0 minimal=0.04767 physics=1.05 total=0.1754
[TRAIN train_climax_no_spectral_constraint_s43] [TRAIN] stage=finetune epoch=1/1 batch=2500/3000 step=5500 repair=0.1262 localization=0 type=0 minimal=0.05771 physics=0.6587 total=0.1597
[TRAIN train_climax_no_spectral_constraint_s43] [TRAIN] stage=finetune epoch=1/1 batch=2510/3000 step=5510 repair=0.06688 localization=0 type=0 minimal=0.06311 physics=0.2022 total=0.07762
[TRAIN train_climax_no_spectral_constraint_s43] [TRAIN] stage=finetune epoch=1/1 batch=2520/3000 step=5520 repair=0.0814 localization=0 type=0 minimal=0.06039 physics=0.3967 total=0.1018
[TRAIN train_climax_no_spectral_constraint_s43] [TRAIN] stage=finetune epoch=1/1 batch=2530/3000 step=5530 repair=0.08436 localization=0 type=0 minimal=0.061 physics=0.261 total=0.09802
[TRAIN train_climax_no_spectral_constraint_s43] [TRAIN] stage=finetune epoch=1/1 batch=2540/3000 step=5540 repair=0.08749 localization=0 type=0 minimal=0.06207 physics=0.1096 total=0.09359
[TRAIN train_climax_no_spectral_constraint_s43] [TRAIN] stage=finetune epoch=1/1 batch=2550/3000 step=5550 repair=0.07998 localization=0 type=0 minimal=0.0625 physics=0.3197 total=0.0966
[TRAIN train_climax_no_spectral_constraint_s43] [TRAIN] stage=finetune epoch=1/1 batch=2560/3000 step=5560 repair=0.07577 localization=0 type=0 minimal=0.06006 physics=0.5387 total=0.1033
[TRAIN train_climax_no_spectral_constraint_s43] [TRAIN] stage=finetune epoch=1/1 batch=2570/3000 step=5570 repair=0.06722 localization=0 type=0 minimal=0.06311 physics=0.08138 total=0.07192
[TRAIN train_climax_no_spectral_constraint_s43] [TRAIN] stage=finetune epoch=1/1 batch=2580/3000 step=5580 repair=0.08033 localization=0 type=0 minimal=0.06421 physics=0.1396 total=0.08795
[TRAIN train_climax_no_spectral_constraint_s43] [TRAIN] stage=finetune epoch=1/1 batch=2590/3000 step=5590 repair=0.1536 localization=0 type=0 minimal=0.06342 physics=0.2185 total=0.1652
[TRAIN train_climax_no_spectral_constraint_s43] [TRAIN] stage=finetune epoch=1/1 batch=2600/3000 step=5600 repair=0.1128 localization=0 type=0 minimal=0.0603 physics=0.3632 total=0.1315
[TRAIN train_climax_no_spectral_constraint_s43] [TRAIN] stage=finetune epoch=1/1 batch=2610/3000 step=5610 repair=0.07927 localization=0 type=0 minimal=0.06256 physics=0.09388 total=0.08459
[TRAIN train_climax_no_spectral_constraint_s43] [TRAIN] stage=finetune epoch=1/1 batch=2620/3000 step=5620 repair=0.0788 localization=0 type=0 minimal=0.05823 physics=0.2548 total=0.09212
[TRAIN train_climax_no_spectral_constraint_s43] [TRAIN] stage=finetune epoch=1/1 batch=2630/3000 step=5630 repair=0.07093 localization=0 type=0 minimal=0.05872 physics=0.404 total=0.09172
[TRAIN train_climax_no_spectral_constraint_s43] [TRAIN] stage=finetune epoch=1/1 batch=2640/3000 step=5640 repair=0.1756 localization=0 type=0 minimal=0.05927 physics=0.175 total=0.185
[TRAIN train_climax_no_spectral_constraint_s43] [TRAIN] stage=finetune epoch=1/1 batch=2650/3000 step=5650 repair=0.1732 localization=0 type=0 minimal=0.05573 physics=0.2359 total=0.1856
[TRAIN train_climax_no_spectral_constraint_s43] [TRAIN] stage=finetune epoch=1/1 batch=2660/3000 step=5660 repair=0.121 localization=0 type=0 minimal=0.05643 physics=0.4944 total=0.1463
[TRAIN train_climax_no_spectral_constraint_s43] [TRAIN] stage=finetune epoch=1/1 batch=2670/3000 step=5670 repair=0.1332 localization=0 type=0 minimal=0.05923 physics=0.5347 total=0.1605
[TRAIN train_climax_no_spectral_constraint_s43] [TRAIN] stage=finetune epoch=1/1 batch=2680/3000 step=5680 repair=0.1509 localization=0 type=0 minimal=0.05585 physics=0.1404 total=0.1585
[TRAIN train_climax_no_spectral_constraint_s43] [TRAIN] stage=finetune epoch=1/1 batch=2690/3000 step=5690 repair=0.1703 localization=0 type=0 minimal=0.05911 physics=0.6942 total=0.2056
[TRAIN train_climax_no_spectral_constraint_s43] [TRAIN] stage=finetune epoch=1/1 batch=2700/3000 step=5700 repair=0.1705 localization=0 type=0 minimal=0.06604 physics=0.2345 total=0.1829
[TRAIN train_climax_no_spectral_constraint_s43] [TRAIN] stage=finetune epoch=1/1 batch=2710/3000 step=5710 repair=0.11 localization=0 type=0 minimal=0.0661 physics=0.4912 total=0.1352
[TRAIN train_climax_no_spectral_constraint_s43] [TRAIN] stage=finetune epoch=1/1 batch=2720/3000 step=5720 repair=0.08138 localization=0 type=0 minimal=0.05969 physics=0.1026 total=0.0871
[TRAIN train_climax_no_spectral_constraint_s43] [TRAIN] stage=finetune epoch=1/1 batch=2730/3000 step=5730 repair=0.1734 localization=0 type=0 minimal=0.05145 physics=0.2986 total=0.1888
[TRAIN train_climax_no_spectral_constraint_s43] [TRAIN] stage=finetune epoch=1/1 batch=2740/3000 step=5740 repair=0.1136 localization=0 type=0 minimal=0.07227 physics=0.5362 total=0.1412
[TRAIN train_climax_no_spectral_constraint_s43] [TRAIN] stage=finetune epoch=1/1 batch=2750/3000 step=5750 repair=0.1112 localization=0 type=0 minimal=0.0621 physics=0.3353 total=0.1286
[TRAIN train_climax_no_spectral_constraint_s43] [TRAIN] stage=finetune epoch=1/1 batch=2760/3000 step=5760 repair=0.1245 localization=0 type=0 minimal=0.05872 physics=0.1821 total=0.1342
[TRAIN train_climax_no_spectral_constraint_s43] [TRAIN] stage=finetune epoch=1/1 batch=2770/3000 step=5770 repair=0.12 localization=0 type=0 minimal=0.05737 physics=0.1549 total=0.1283
[TRAIN train_climax_no_spectral_constraint_s43] [TRAIN] stage=finetune epoch=1/1 batch=2780/3000 step=5780 repair=0.118 localization=0 type=0 minimal=0.06409 physics=0.2402 total=0.1307
[TRAIN train_climax_no_spectral_constraint_s43] [TRAIN] stage=finetune epoch=1/1 batch=2790/3000 step=5790 repair=0.07371 localization=0 type=0 minimal=0.06512 physics=0.1457 total=0.08164
[TRAIN train_climax_no_spectral_constraint_s43] [TRAIN] stage=finetune epoch=1/1 batch=2800/3000 step=5800 repair=0.06647 localization=0 type=0 minimal=0.06512 physics=0.106 total=0.07242
[TRAIN train_climax_no_spectral_constraint_s43] [TRAIN] stage=finetune epoch=1/1 batch=2810/3000 step=5810 repair=0.1107 localization=0 type=0 minimal=0.06445 physics=0.1059 total=0.1166
[TRAIN train_climax_no_spectral_constraint_s43] [TRAIN] stage=finetune epoch=1/1 batch=2820/3000 step=5820 repair=0.07788 localization=0 type=0 minimal=0.05957 physics=0.2531 total=0.09113
[TRAIN train_climax_no_spectral_constraint_s43] [TRAIN] stage=finetune epoch=1/1 batch=2830/3000 step=5830 repair=0.1227 localization=0 type=0 minimal=0.06372 physics=0.2805 total=0.1374
[TRAIN train_climax_no_spectral_constraint_s43] [TRAIN] stage=finetune epoch=1/1 batch=2840/3000 step=5840 repair=0.1324 localization=0 type=0 minimal=0.06186 physics=0.2017 total=0.1431
[TRAIN train_climax_no_spectral_constraint_s43] [TRAIN] stage=finetune epoch=1/1 batch=2850/3000 step=5850 repair=0.07613 localization=0 type=0 minimal=0.05902 physics=0.2541 total=0.08942
[TRAIN train_climax_no_spectral_constraint_s43] [TRAIN] stage=finetune epoch=1/1 batch=2860/3000 step=5860 repair=0.1175 localization=0 type=0 minimal=0.05444 physics=0.1083 total=0.1235
[TRAIN train_climax_no_spectral_constraint_s43] [TRAIN] stage=finetune epoch=1/1 batch=2870/3000 step=5870 repair=0.1609 localization=0 type=0 minimal=0.06009 physics=0.1701 total=0.17
[TRAIN train_climax_no_spectral_constraint_s43] [TRAIN] stage=finetune epoch=1/1 batch=2880/3000 step=5880 repair=0.117 localization=0 type=0 minimal=0.06021 physics=0.3308 total=0.1342
[TRAIN train_climax_no_spectral_constraint_s43] [TRAIN] stage=finetune epoch=1/1 batch=2890/3000 step=5890 repair=0.07255 localization=0 type=0 minimal=0.06256 physics=0.1139 total=0.07887
[TRAIN train_climax_no_spectral_constraint_s43] [TRAIN] stage=finetune epoch=1/1 batch=2900/3000 step=5900 repair=0.1039 localization=0 type=0 minimal=0.06204 physics=0.7562 total=0.1424
[TRAIN train_climax_no_spectral_constraint_s43] [TRAIN] stage=finetune epoch=1/1 batch=2910/3000 step=5910 repair=0.1237 localization=0 type=0 minimal=0.06421 physics=0.3325 total=0.141
[TRAIN train_climax_no_spectral_constraint_s43] [TRAIN] stage=finetune epoch=1/1 batch=2920/3000 step=5920 repair=0.1454 localization=0 type=0 minimal=0.06384 physics=0.124 total=0.1522
[TRAIN train_climax_no_spectral_constraint_s43] [TRAIN] stage=finetune epoch=1/1 batch=2930/3000 step=5930 repair=0.1138 localization=0 type=0 minimal=0.0585 physics=0.2682 total=0.1277
[TRAIN train_climax_no_spectral_constraint_s43] [TRAIN] stage=finetune epoch=1/1 batch=2940/3000 step=5940 repair=0.07998 localization=0 type=0 minimal=0.06354 physics=0.2204 total=0.09164
[TRAIN train_climax_no_spectral_constraint_s43] [TRAIN] stage=finetune epoch=1/1 batch=2950/3000 step=5950 repair=0.1184 localization=0 type=0 minimal=0.06281 physics=0.3214 total=0.1351
[TRAIN train_climax_no_spectral_constraint_s43] [TRAIN] stage=finetune epoch=1/1 batch=2960/3000 step=5960 repair=0.1313 localization=0 type=0 minimal=0.05728 physics=0.1015 total=0.1369
[TRAIN train_climax_no_spectral_constraint_s43] [TRAIN] stage=finetune epoch=1/1 batch=2970/3000 step=5970 repair=0.1148 localization=0 type=0 minimal=0.06174 physics=0.3019 total=0.1306
[TRAIN train_climax_no_spectral_constraint_s43] [TRAIN] stage=finetune epoch=1/1 batch=2980/3000 step=5980 repair=0.07237 localization=0 type=0 minimal=0.06021 physics=0.1203 total=0.07898
[TRAIN train_climax_no_spectral_constraint_s43] [TRAIN] stage=finetune epoch=1/1 batch=2990/3000 step=5990 repair=0.06357 localization=0 type=0 minimal=0.07367 physics=0.06233 total=0.06742
[TRAIN train_climax_no_spectral_constraint_s43] [TRAIN] stage=finetune epoch=1/1 batch=3000/3000 step=6000 repair=0.1208 localization=0 type=0 minimal=0.05984 physics=0.2045 total=0.1316
[TRAIN train_climax_no_spectral_constraint_s43] [EPOCH] {'stage': 'finetune', 'epoch': 0, 'global_step': 6000, 'train_total': 0.16014077694962423, 'val_repair_mse': 0.11680899490602314, 'elapsed_seconds': 3642.42}
[TRAIN train_climax_no_spectral_constraint_s43] [BEST] val_repair_mse=0.116809
[TRAIN train_climax_no_spectral_constraint_s43] [TRAIN COMPLETE] {
[TRAIN train_climax_no_spectral_constraint_s43]   "run_id": "prelim20_train_climax_no_spectral_constraint_s43",
[TRAIN train_climax_no_spectral_constraint_s43]   "status": "completed",
[TRAIN train_climax_no_spectral_constraint_s43]   "method": "no_spectral_constraint",
[TRAIN train_climax_no_spectral_constraint_s43]   "backbone": "climax",
[TRAIN train_climax_no_spectral_constraint_s43]   "seed": 43,
[TRAIN train_climax_no_spectral_constraint_s43]   "forecast_provider": "zarr_frozen_fm",
[TRAIN train_climax_no_spectral_constraint_s43]   "best_val_repair_mse": 0.11680899490602314,
[TRAIN train_climax_no_spectral_constraint_s43]   "global_step": 6000,
[TRAIN train_climax_no_spectral_constraint_s43]   "elapsed_seconds": 3642.54,
[TRAIN train_climax_no_spectral_constraint_s43]   "checkpoint_best": "/home/tahiti/ConserveFM/runs/prelim20_train/train_climax_no_spectral_constraint_s43/checkpoint_best.pt",
[TRAIN train_climax_no_spectral_constraint_s43]   "checkpoint_last": "/home/tahiti/ConserveFM/runs/prelim20_train/train_climax_no_spectral_constraint_s43/checkpoint_last.pt"
[TRAIN train_climax_no_spectral_constraint_s43] }
