[TRAIN train_climax_no_spectral_corruption_s43] [SETUP] device=cuda
[TRAIN train_climax_no_spectral_corruption_s43] [SETUP] run_id=prelim20_train_climax_no_spectral_corruption_s43 method=no_spectral_corruption backbone=climax
[TRAIN train_climax_no_spectral_corruption_s43] [FORECAST] using frozen forecast cache: /home/tahiti/ConserveFM/forecasts/climax.zarr
[TRAIN train_climax_no_spectral_corruption_s43] [STAGE] pretrain epochs=1 start_epoch=0
[TRAIN train_climax_no_spectral_corruption_s43] [TRAIN] stage=pretrain epoch=1/1 batch=10/3000 step=10 repair=0.02937 localization=0.4332 type=1.499 minimal=0.1181 physics=2.301 total=0.3389
[TRAIN train_climax_no_spectral_corruption_s43] [TRAIN] stage=pretrain epoch=1/1 batch=20/3000 step=20 repair=0.01449 localization=0.3662 type=1.971 minimal=0.08905 physics=0.9668 total=0.4213
[TRAIN train_climax_no_spectral_corruption_s43] [TRAIN] stage=pretrain epoch=1/1 batch=30/3000 step=30 repair=0.008788 localization=0.2768 type=1.157 minimal=0.06665 physics=1.11 total=0.3211
[TRAIN train_climax_no_spectral_corruption_s43] [TRAIN] stage=pretrain epoch=1/1 batch=40/3000 step=40 repair=0.005293 localization=0.2547 type=1.313 minimal=0.04514 physics=1.025 total=0.3459
[TRAIN train_climax_no_spectral_corruption_s43] [TRAIN] stage=pretrain epoch=1/1 batch=50/3000 step=50 repair=0.01287 localization=0.4457 type=1.221 minimal=0.04849 physics=0.6377 total=0.3098
[TRAIN train_climax_no_spectral_corruption_s43] [TRAIN] stage=pretrain epoch=1/1 batch=60/3000 step=60 repair=0.00861 localization=0.2659 type=2.165 minimal=0.06155 physics=0.3734 total=0.3803
[TRAIN train_climax_no_spectral_corruption_s43] [TRAIN] stage=pretrain epoch=1/1 batch=70/3000 step=70 repair=0.007538 localization=0.2697 type=0.4199 minimal=0.05225 physics=0.3535 total=0.0947
[TRAIN train_climax_no_spectral_corruption_s43] [TRAIN] stage=pretrain epoch=1/1 batch=80/3000 step=80 repair=0.004478 localization=0.3689 type=2.242 minimal=0.0415 physics=0.5712 total=0.4475
[TRAIN train_climax_no_spectral_corruption_s43] [TRAIN] stage=pretrain epoch=1/1 batch=90/3000 step=90 repair=0.006622 localization=0.3258 type=1.949 minimal=0.03577 physics=0.7286 total=0.4022
[TRAIN train_climax_no_spectral_corruption_s43] [TRAIN] stage=pretrain epoch=1/1 batch=100/3000 step=100 repair=0.02683 localization=0.3346 type=0.6003 minimal=0.03381 physics=1.297 total=0.1855
[TRAIN train_climax_no_spectral_corruption_s43] [TRAIN] stage=pretrain epoch=1/1 batch=110/3000 step=110 repair=0.005246 localization=0.3134 type=1.536 minimal=0.03436 physics=0.3036 total=0.3046
[TRAIN train_climax_no_spectral_corruption_s43] [TRAIN] stage=pretrain epoch=1/1 batch=120/3000 step=120 repair=0.0046 localization=0.2996 type=1.868 minimal=0.02991 physics=0.4976 total=0.3628
[TRAIN train_climax_no_spectral_corruption_s43] [TRAIN] stage=pretrain epoch=1/1 batch=130/3000 step=130 repair=0.02229 localization=0.2774 type=1.86 minimal=0.02704 physics=1.678 total=0.3202
[TRAIN train_climax_no_spectral_corruption_s43] [TRAIN] stage=pretrain epoch=1/1 batch=140/3000 step=140 repair=0.003135 localization=0.2289 type=0.8025 minimal=0.02956 physics=0.3151 total=0.1223
[TRAIN train_climax_no_spectral_corruption_s43] [TRAIN] stage=pretrain epoch=1/1 batch=150/3000 step=150 repair=0.005339 localization=0.3569 type=0.2943 minimal=0.03607 physics=0.5113 total=0.09639
[TRAIN train_climax_no_spectral_corruption_s43] [TRAIN] stage=pretrain epoch=1/1 batch=160/3000 step=160 repair=0.009766 localization=0.2702 type=1.672 minimal=0.03085 physics=0.3876 total=0.3499
[TRAIN train_climax_no_spectral_corruption_s43] [TRAIN] stage=pretrain epoch=1/1 batch=170/3000 step=170 repair=0.04034 localization=0.4565 type=2.411 minimal=0.03088 physics=1.619 total=0.4084
[TRAIN train_climax_no_spectral_corruption_s43] [TRAIN] stage=pretrain epoch=1/1 batch=180/3000 step=180 repair=0.007864 localization=0.3687 type=1.47 minimal=0.03059 physics=0.7895 total=0.3662
[TRAIN train_climax_no_spectral_corruption_s43] [TRAIN] stage=pretrain epoch=1/1 batch=190/3000 step=190 repair=0.00662 localization=0.3097 type=1.047 minimal=0.03027 physics=0.2293 total=0.2355
[TRAIN train_climax_no_spectral_corruption_s43] [TRAIN] stage=pretrain epoch=1/1 batch=200/3000 step=200 repair=0.007677 localization=0.3007 type=2.114 minimal=0.03101 physics=0.4964 total=0.4653
[TRAIN train_climax_no_spectral_corruption_s43] [TRAIN] stage=pretrain epoch=1/1 batch=210/3000 step=210 repair=0.008813 localization=0.2224 type=1.558 minimal=0.03159 physics=0.6041 total=0.2174
[TRAIN train_climax_no_spectral_corruption_s43] [TRAIN] stage=pretrain epoch=1/1 batch=220/3000 step=220 repair=0.01275 localization=0.2099 type=2.037 minimal=0.02911 physics=0.3228 total=0.4911
[TRAIN train_climax_no_spectral_corruption_s43] [TRAIN] stage=pretrain epoch=1/1 batch=230/3000 step=230 repair=0.002965 localization=0.2539 type=2.317 minimal=0.026 physics=0.1626 total=0.4296
[TRAIN train_climax_no_spectral_corruption_s43] [TRAIN] stage=pretrain epoch=1/1 batch=240/3000 step=240 repair=0.01605 localization=0.2405 type=1.95 minimal=0.02922 physics=0.6688 total=0.4849
[TRAIN train_climax_no_spectral_corruption_s43] [TRAIN] stage=pretrain epoch=1/1 batch=250/3000 step=250 repair=0.005705 localization=0.2372 type=2.265 minimal=0.03152 physics=0.2655 total=0.4351
[TRAIN train_climax_no_spectral_corruption_s43] [TRAIN] stage=pretrain epoch=1/1 batch=260/3000 step=260 repair=0.005881 localization=0.2986 type=1.038 minimal=0.02769 physics=0.5742 total=0.2424
[TRAIN train_climax_no_spectral_corruption_s43] [TRAIN] stage=pretrain epoch=1/1 batch=270/3000 step=270 repair=0.004214 localization=0.2486 type=1.35 minimal=0.02628 physics=0.3954 total=0.2995
[TRAIN train_climax_no_spectral_corruption_s43] [TRAIN] stage=pretrain epoch=1/1 batch=280/3000 step=280 repair=0.003382 localization=0.1893 type=1.779 minimal=0.02696 physics=0.3274 total=0.2168
[TRAIN train_climax_no_spectral_corruption_s43] [TRAIN] stage=pretrain epoch=1/1 batch=290/3000 step=290 repair=0.006498 localization=0.3448 type=1.046 minimal=0.03339 physics=0.3483 total=0.1634
[TRAIN train_climax_no_spectral_corruption_s43] [TRAIN] stage=pretrain epoch=1/1 batch=300/3000 step=300 repair=0.005234 localization=0.2567 type=2.408 minimal=0.02904 physics=0.3825 total=0.4506
[TRAIN train_climax_no_spectral_corruption_s43] [TRAIN] stage=pretrain epoch=1/1 batch=310/3000 step=310 repair=0.006714 localization=0.4719 type=1.11 minimal=0.02579 physics=0.34 total=0.2883
[TRAIN train_climax_no_spectral_corruption_s43] [TRAIN] stage=pretrain epoch=1/1 batch=320/3000 step=320 repair=0.03595 localization=0.3403 type=1.072 minimal=0.02866 physics=1.428 total=0.2489
[TRAIN train_climax_no_spectral_corruption_s43] [TRAIN] stage=pretrain epoch=1/1 batch=330/3000 step=330 repair=0.0413 localization=0.4407 type=0.4985 minimal=0.03232 physics=1.503 total=0.2107
[TRAIN train_climax_no_spectral_corruption_s43] [TRAIN] stage=pretrain epoch=1/1 batch=340/3000 step=340 repair=0.005832 localization=0.2251 type=2.886 minimal=0.02803 physics=0.1876 total=0.4655
[TRAIN train_climax_no_spectral_corruption_s43] [TRAIN] stage=pretrain epoch=1/1 batch=350/3000 step=350 repair=0.007729 localization=0.3762 type=1.34 minimal=0.02925 physics=0.2648 total=0.2953
[TRAIN train_climax_no_spectral_corruption_s43] [TRAIN] stage=pretrain epoch=1/1 batch=360/3000 step=360 repair=0.01149 localization=0.2873 type=0.8 minimal=0.02664 physics=0.2584 total=0.1837
[TRAIN train_climax_no_spectral_corruption_s43] [TRAIN] stage=pretrain epoch=1/1 batch=370/3000 step=370 repair=0.003698 localization=0.266 type=1.134 minimal=0.02536 physics=0.1539 total=0.2313
[TRAIN train_climax_no_spectral_corruption_s43] [TRAIN] stage=pretrain epoch=1/1 batch=380/3000 step=380 repair=0.01058 localization=0.3271 type=1.42 minimal=0.02733 physics=1.817 total=0.2764
[TRAIN train_climax_no_spectral_corruption_s43] [TRAIN] stage=pretrain epoch=1/1 batch=390/3000 step=390 repair=0.007653 localization=0.271 type=1.411 minimal=0.02618 physics=0.2907 total=0.2632
[TRAIN train_climax_no_spectral_corruption_s43] [TRAIN] stage=pretrain epoch=1/1 batch=400/3000 step=400 repair=0.005325 localization=0.3289 type=2.713 minimal=0.02759 physics=0.3204 total=0.4926
[TRAIN train_climax_no_spectral_corruption_s43] [TRAIN] stage=pretrain epoch=1/1 batch=410/3000 step=410 repair=0.00555 localization=0.3009 type=0.729 minimal=0.02992 physics=0.2481 total=0.1212
[TRAIN train_climax_no_spectral_corruption_s43] [TRAIN] stage=pretrain epoch=1/1 batch=420/3000 step=420 repair=0.005519 localization=0.2223 type=2.715 minimal=0.03134 physics=0.1234 total=0.5002
[TRAIN train_climax_no_spectral_corruption_s43] [TRAIN] stage=pretrain epoch=1/1 batch=430/3000 step=430 repair=0.004926 localization=0.319 type=2.471 minimal=0.02837 physics=0.1096 total=0.4952
[TRAIN train_climax_no_spectral_corruption_s43] [TRAIN] stage=pretrain epoch=1/1 batch=440/3000 step=440 repair=0.004582 localization=0.2654 type=1.892 minimal=0.02573 physics=0.2327 total=0.4052
[TRAIN train_climax_no_spectral_corruption_s43] [TRAIN] stage=pretrain epoch=1/1 batch=450/3000 step=450 repair=0.003703 localization=0.2618 type=0.6404 minimal=0.0224 physics=0.1085 total=0.1533
[TRAIN train_climax_no_spectral_corruption_s43] [TRAIN] stage=pretrain epoch=1/1 batch=460/3000 step=460 repair=0.01277 localization=0.353 type=1.911 minimal=0.0249 physics=0.7063 total=0.4442
[TRAIN train_climax_no_spectral_corruption_s43] [TRAIN] stage=pretrain epoch=1/1 batch=470/3000 step=470 repair=0.04187 localization=0.4303 type=2.365 minimal=0.02246 physics=1.978 total=0.4206
[TRAIN train_climax_no_spectral_corruption_s43] [TRAIN] stage=pretrain epoch=1/1 batch=480/3000 step=480 repair=0.006994 localization=0.3186 type=1.384 minimal=0.02562 physics=0.2132 total=0.3018
[TRAIN train_climax_no_spectral_corruption_s43] [TRAIN] stage=pretrain epoch=1/1 batch=490/3000 step=490 repair=0.01048 localization=0.2634 type=1.708 minimal=0.02275 physics=0.7017 total=0.3868
[TRAIN train_climax_no_spectral_corruption_s43] [TRAIN] stage=pretrain epoch=1/1 batch=500/3000 step=500 repair=0.00341 localization=0.22 type=1.796 minimal=0.02231 physics=0.1741 total=0.3254
[TRAIN train_climax_no_spectral_corruption_s43] [TRAIN] stage=pretrain epoch=1/1 batch=510/3000 step=510 repair=0.01337 localization=0.2842 type=1.716 minimal=0.02353 physics=0.2727 total=0.3265
[TRAIN train_climax_no_spectral_corruption_s43] [TRAIN] stage=pretrain epoch=1/1 batch=520/3000 step=520 repair=0.01058 localization=0.243 type=1.84 minimal=0.02348 physics=0.8644 total=0.37
[TRAIN train_climax_no_spectral_corruption_s43] [TRAIN] stage=pretrain epoch=1/1 batch=530/3000 step=530 repair=0.009075 localization=0.3517 type=1.52 minimal=0.02255 physics=0.5427 total=0.3148
[TRAIN train_climax_no_spectral_corruption_s43] [TRAIN] stage=pretrain epoch=1/1 batch=540/3000 step=540 repair=0.007061 localization=0.2565 type=0.9167 minimal=0.02226 physics=0.8541 total=0.1673
[TRAIN train_climax_no_spectral_corruption_s43] [TRAIN] stage=pretrain epoch=1/1 batch=550/3000 step=550 repair=0.002737 localization=0.2813 type=1.044 minimal=0.0186 physics=0.3057 total=0.1508
[TRAIN train_climax_no_spectral_corruption_s43] [TRAIN] stage=pretrain epoch=1/1 batch=560/3000 step=560 repair=0.009218 localization=0.33 type=1.073 minimal=0.02563 physics=0.4577 total=0.2393
[TRAIN train_climax_no_spectral_corruption_s43] [TRAIN] stage=pretrain epoch=1/1 batch=570/3000 step=570 repair=0.008848 localization=0.2496 type=0.7051 minimal=0.02299 physics=0.6834 total=0.1387
[TRAIN train_climax_no_spectral_corruption_s43] [TRAIN] stage=pretrain epoch=1/1 batch=580/3000 step=580 repair=0.002708 localization=0.2735 type=1.802 minimal=0.02031 physics=0.1308 total=0.3089
[TRAIN train_climax_no_spectral_corruption_s43] [TRAIN] stage=pretrain epoch=1/1 batch=590/3000 step=590 repair=0.006561 localization=0.4056 type=2.32 minimal=0.02411 physics=0.546 total=0.4827
[TRAIN train_climax_no_spectral_corruption_s43] [TRAIN] stage=pretrain epoch=1/1 batch=600/3000 step=600 repair=0.005015 localization=0.2886 type=1.821 minimal=0.02222 physics=0.2542 total=0.3613
[TRAIN train_climax_no_spectral_corruption_s43] [TRAIN] stage=pretrain epoch=1/1 batch=610/3000 step=610 repair=0.003572 localization=0.2553 type=1.39 minimal=0.02098 physics=0.4435 total=0.1905
[TRAIN train_climax_no_spectral_corruption_s43] [TRAIN] stage=pretrain epoch=1/1 batch=620/3000 step=620 repair=0.009058 localization=0.2614 type=2.206 minimal=0.02086 physics=0.4986 total=0.4487
[TRAIN train_climax_no_spectral_corruption_s43] [TRAIN] stage=pretrain epoch=1/1 batch=630/3000 step=630 repair=0.003765 localization=0.3941 type=1.733 minimal=0.02005 physics=0.2843 total=0.3851
[TRAIN train_climax_no_spectral_corruption_s43] [TRAIN] stage=pretrain epoch=1/1 batch=640/3000 step=640 repair=0.00272 localization=0.3037 type=1.496 minimal=0.01904 physics=0.1087 total=0.2998
[TRAIN train_climax_no_spectral_corruption_s43] [TRAIN] stage=pretrain epoch=1/1 batch=650/3000 step=650 repair=0.002667 localization=0.2876 type=0.8906 minimal=0.01907 physics=0.1069 total=0.203
[TRAIN train_climax_no_spectral_corruption_s43] [TRAIN] stage=pretrain epoch=1/1 batch=660/3000 step=660 repair=0.004755 localization=0.3549 type=0.7161 minimal=0.02118 physics=1.471 total=0.2359
[TRAIN train_climax_no_spectral_corruption_s43] [TRAIN] stage=pretrain epoch=1/1 batch=670/3000 step=670 repair=0.01428 localization=0.3082 type=1.025 minimal=0.02229 physics=2.515 total=0.3106
[TRAIN train_climax_no_spectral_corruption_s43] [TRAIN] stage=pretrain epoch=1/1 batch=680/3000 step=680 repair=0.003706 localization=0.2066 type=1.432 minimal=0.0255 physics=0.1092 total=0.2917
[TRAIN train_climax_no_spectral_corruption_s43] [TRAIN] stage=pretrain epoch=1/1 batch=690/3000 step=690 repair=0.004319 localization=0.3376 type=1.582 minimal=0.02058 physics=0.09067 total=0.3166
[TRAIN train_climax_no_spectral_corruption_s43] [TRAIN] stage=pretrain epoch=1/1 batch=700/3000 step=700 repair=0.005421 localization=0.1666 type=1.071 minimal=0.03406 physics=0.5535 total=0.2416
[TRAIN train_climax_no_spectral_corruption_s43] [TRAIN] stage=pretrain epoch=1/1 batch=710/3000 step=710 repair=0.002821 localization=0.1997 type=1.579 minimal=0.02129 physics=0.07376 total=0.2656
[TRAIN train_climax_no_spectral_corruption_s43] [TRAIN] stage=pretrain epoch=1/1 batch=720/3000 step=720 repair=0.00443 localization=0.3258 type=1.765 minimal=0.02298 physics=0.2177 total=0.3546
[TRAIN train_climax_no_spectral_corruption_s43] [TRAIN] stage=pretrain epoch=1/1 batch=730/3000 step=730 repair=0.007019 localization=0.293 type=1.378 minimal=0.02487 physics=0.1819 total=0.3243
[TRAIN train_climax_no_spectral_corruption_s43] [TRAIN] stage=pretrain epoch=1/1 batch=740/3000 step=740 repair=0.004482 localization=0.2581 type=1.471 minimal=0.03033 physics=0.2885 total=0.2863
[TRAIN train_climax_no_spectral_corruption_s43] [TRAIN] stage=pretrain epoch=1/1 batch=750/3000 step=750 repair=0.01212 localization=0.2179 type=1.117 minimal=0.02379 physics=0.3592 total=0.2552
[TRAIN train_climax_no_spectral_corruption_s43] [TRAIN] stage=pretrain epoch=1/1 batch=760/3000 step=760 repair=0.003197 localization=0.3591 type=2.93 minimal=0.02956 physics=0.3031 total=0.6103
[TRAIN train_climax_no_spectral_corruption_s43] [TRAIN] stage=pretrain epoch=1/1 batch=770/3000 step=770 repair=0.004708 localization=0.1845 type=1.426 minimal=0.02153 physics=0.9335 total=0.2127
[TRAIN train_climax_no_spectral_corruption_s43] [TRAIN] stage=pretrain epoch=1/1 batch=780/3000 step=780 repair=0.009773 localization=0.2993 type=1.552 minimal=0.02705 physics=0.1642 total=0.2929
[TRAIN train_climax_no_spectral_corruption_s43] [TRAIN] stage=pretrain epoch=1/1 batch=790/3000 step=790 repair=0.004347 localization=0.1807 type=1.4 minimal=0.02208 physics=0.1333 total=0.2706
[TRAIN train_climax_no_spectral_corruption_s43] [TRAIN] stage=pretrain epoch=1/1 batch=800/3000 step=800 repair=0.004096 localization=0.2412 type=1.496 minimal=0.02019 physics=0.182 total=0.3302
[TRAIN train_climax_no_spectral_corruption_s43] [TRAIN] stage=pretrain epoch=1/1 batch=810/3000 step=810 repair=0.006766 localization=0.2021 type=1.671 minimal=0.02245 physics=0.9414 total=0.2414
[TRAIN train_climax_no_spectral_corruption_s43] [TRAIN] stage=pretrain epoch=1/1 batch=820/3000 step=820 repair=0.00574 localization=0.2775 type=1.57 minimal=0.02135 physics=0.2301 total=0.3218
[TRAIN train_climax_no_spectral_corruption_s43] [TRAIN] stage=pretrain epoch=1/1 batch=830/3000 step=830 repair=0.01143 localization=0.3227 type=1.656 minimal=0.02127 physics=0.2023 total=0.3302
[TRAIN train_climax_no_spectral_corruption_s43] [TRAIN] stage=pretrain epoch=1/1 batch=840/3000 step=840 repair=0.00999 localization=0.4366 type=1.685 minimal=0.02666 physics=0.3079 total=0.397
[TRAIN train_climax_no_spectral_corruption_s43] [TRAIN] stage=pretrain epoch=1/1 batch=850/3000 step=850 repair=0.01051 localization=0.2486 type=2.332 minimal=0.02106 physics=0.3684 total=0.5566
[TRAIN train_climax_no_spectral_corruption_s43] [TRAIN] stage=pretrain epoch=1/1 batch=860/3000 step=860 repair=0.005609 localization=0.1802 type=1.583 minimal=0.01987 physics=0.2392 total=0.3339
[TRAIN train_climax_no_spectral_corruption_s43] [TRAIN] stage=pretrain epoch=1/1 batch=870/3000 step=870 repair=0.003766 localization=0.2544 type=1.441 minimal=0.02505 physics=0.1803 total=0.2892
[TRAIN train_climax_no_spectral_corruption_s43] [TRAIN] stage=pretrain epoch=1/1 batch=880/3000 step=880 repair=0.00422 localization=0.2655 type=0.7239 minimal=0.02895 physics=0.2575 total=0.1555
[TRAIN train_climax_no_spectral_corruption_s43] [TRAIN] stage=pretrain epoch=1/1 batch=890/3000 step=890 repair=0.003709 localization=0.2224 type=0.8574 minimal=0.02216 physics=0.4594 total=0.1349
[TRAIN train_climax_no_spectral_corruption_s43] [TRAIN] stage=pretrain epoch=1/1 batch=900/3000 step=900 repair=0.005294 localization=0.2195 type=1.026 minimal=0.02332 physics=0.3357 total=0.2066
[TRAIN train_climax_no_spectral_corruption_s43] [TRAIN] stage=pretrain epoch=1/1 batch=910/3000 step=910 repair=0.019 localization=0.2542 type=1.059 minimal=0.02339 physics=2.573 total=0.2792
[TRAIN train_climax_no_spectral_corruption_s43] [TRAIN] stage=pretrain epoch=1/1 batch=920/3000 step=920 repair=0.005981 localization=0.3405 type=2.188 minimal=0.02335 physics=0.1253 total=0.3794
[TRAIN train_climax_no_spectral_corruption_s43] [TRAIN] stage=pretrain epoch=1/1 batch=930/3000 step=930 repair=0.002681 localization=0.26 type=2.092 minimal=0.02051 physics=0.1177 total=0.3475
[TRAIN train_climax_no_spectral_corruption_s43] [TRAIN] stage=pretrain epoch=1/1 batch=940/3000 step=940 repair=0.003651 localization=0.2604 type=0.4226 minimal=0.01898 physics=0.4233 total=0.09331
[TRAIN train_climax_no_spectral_corruption_s43] [TRAIN] stage=pretrain epoch=1/1 batch=950/3000 step=950 repair=0.005371 localization=0.192 type=2.305 minimal=0.02394 physics=0.3469 total=0.3999
[TRAIN train_climax_no_spectral_corruption_s43] [TRAIN] stage=pretrain epoch=1/1 batch=960/3000 step=960 repair=0.004961 localization=0.2402 type=2.322 minimal=0.02461 physics=0.2682 total=0.458
[TRAIN train_climax_no_spectral_corruption_s43] [TRAIN] stage=pretrain epoch=1/1 batch=970/3000 step=970 repair=0.008407 localization=0.1267 type=0.9802 minimal=0.03998 physics=0.5133 total=0.2433
[TRAIN train_climax_no_spectral_corruption_s43] [TRAIN] stage=pretrain epoch=1/1 batch=980/3000 step=980 repair=0.004181 localization=0.4251 type=0.8364 minimal=0.02164 physics=0.1825 total=0.1397
[TRAIN train_climax_no_spectral_corruption_s43] [TRAIN] stage=pretrain epoch=1/1 batch=990/3000 step=990 repair=0.004968 localization=0.2225 type=2.246 minimal=0.02263 physics=0.4058 total=0.4126
[TRAIN train_climax_no_spectral_corruption_s43] [TRAIN] stage=pretrain epoch=1/1 batch=1000/3000 step=1000 repair=0.003333 localization=0.2528 type=2.082 minimal=0.019 physics=0.1174 total=0.37
[TRAIN train_climax_no_spectral_corruption_s43] [TRAIN] stage=pretrain epoch=1/1 batch=1010/3000 step=1010 repair=0.00378 localization=0.3007 type=0.8015 minimal=0.02176 physics=0.3199 total=0.1668
[TRAIN train_climax_no_spectral_corruption_s43] [TRAIN] stage=pretrain epoch=1/1 batch=1020/3000 step=1020 repair=0.005519 localization=0.3156 type=2.477 minimal=0.02617 physics=0.2022 total=0.4861
[TRAIN train_climax_no_spectral_corruption_s43] [TRAIN] stage=pretrain epoch=1/1 batch=1030/3000 step=1030 repair=0.003229 localization=0.251 type=1.487 minimal=0.02208 physics=0.3361 total=0.2836
[TRAIN train_climax_no_spectral_corruption_s43] [TRAIN] stage=pretrain epoch=1/1 batch=1040/3000 step=1040 repair=0.03237 localization=0.4115 type=1.409 minimal=0.01926 physics=1.659 total=0.2975
[TRAIN train_climax_no_spectral_corruption_s43] [TRAIN] stage=pretrain epoch=1/1 batch=1050/3000 step=1050 repair=0.01525 localization=0.298 type=2.02 minimal=0.01942 physics=0.866 total=0.4923
[TRAIN train_climax_no_spectral_corruption_s43] [TRAIN] stage=pretrain epoch=1/1 batch=1060/3000 step=1060 repair=0.003626 localization=0.3038 type=0.6042 minimal=0.02834 physics=0.1703 total=0.1362
[TRAIN train_climax_no_spectral_corruption_s43] [TRAIN] stage=pretrain epoch=1/1 batch=1070/3000 step=1070 repair=0.007293 localization=0.2922 type=2.322 minimal=0.01935 physics=0.2951 total=0.4614
[TRAIN train_climax_no_spectral_corruption_s43] [TRAIN] stage=pretrain epoch=1/1 batch=1080/3000 step=1080 repair=0.00417 localization=0.3396 type=0.6704 minimal=0.02028 physics=0.796 total=0.1896
[TRAIN train_climax_no_spectral_corruption_s43] [TRAIN] stage=pretrain epoch=1/1 batch=1090/3000 step=1090 repair=0.003759 localization=0.3403 type=1.676 minimal=0.02304 physics=0.2456 total=0.3144
[TRAIN train_climax_no_spectral_corruption_s43] [TRAIN] stage=pretrain epoch=1/1 batch=1100/3000 step=1100 repair=0.007552 localization=0.2703 type=1.17 minimal=0.0229 physics=0.2872 total=0.2559
[TRAIN train_climax_no_spectral_corruption_s43] [TRAIN] stage=pretrain epoch=1/1 batch=1110/3000 step=1110 repair=0.01276 localization=0.254 type=2.089 minimal=0.02174 physics=0.84 total=0.4187
[TRAIN train_climax_no_spectral_corruption_s43] [TRAIN] stage=pretrain epoch=1/1 batch=1120/3000 step=1120 repair=0.004063 localization=0.3638 type=1.614 minimal=0.02203 physics=0.2908 total=0.2166
[TRAIN train_climax_no_spectral_corruption_s43] [TRAIN] stage=pretrain epoch=1/1 batch=1130/3000 step=1130 repair=0.008805 localization=0.1471 type=0.05634 minimal=0.05762 physics=0.902 total=0.07819
[TRAIN train_climax_no_spectral_corruption_s43] [TRAIN] stage=pretrain epoch=1/1 batch=1140/3000 step=1140 repair=0.009928 localization=0.3478 type=1.103 minimal=0.02365 physics=0.1089 total=0.2003
[TRAIN train_climax_no_spectral_corruption_s43] [TRAIN] stage=pretrain epoch=1/1 batch=1150/3000 step=1150 repair=0.02939 localization=0.3194 type=0.8586 minimal=0.02164 physics=0.8998 total=0.1924
[TRAIN train_climax_no_spectral_corruption_s43] [TRAIN] stage=pretrain epoch=1/1 batch=1160/3000 step=1160 repair=0.008244 localization=0.1979 type=1.68 minimal=0.02094 physics=0.09961 total=0.2707
[TRAIN train_climax_no_spectral_corruption_s43] [TRAIN] stage=pretrain epoch=1/1 batch=1170/3000 step=1170 repair=0.005884 localization=0.2452 type=0.8445 minimal=0.02542 physics=0.3192 total=0.1311
[TRAIN train_climax_no_spectral_corruption_s43] [TRAIN] stage=pretrain epoch=1/1 batch=1180/3000 step=1180 repair=0.00773 localization=0.3905 type=1.041 minimal=0.01935 physics=0.4534 total=0.2256
[TRAIN train_climax_no_spectral_corruption_s43] [TRAIN] stage=pretrain epoch=1/1 batch=1190/3000 step=1190 repair=0.03207 localization=0.35 type=0.6978 minimal=0.0274 physics=0.6363 total=0.1689
[TRAIN train_climax_no_spectral_corruption_s43] [TRAIN] stage=pretrain epoch=1/1 batch=1200/3000 step=1200 repair=0.004786 localization=0.1522 type=0.3987 minimal=0.03076 physics=1.549 total=0.161
[TRAIN train_climax_no_spectral_corruption_s43] [TRAIN] stage=pretrain epoch=1/1 batch=1210/3000 step=1210 repair=0.00251 localization=0.44 type=1.153 minimal=0.0211 physics=0.7657 total=0.2654
[TRAIN train_climax_no_spectral_corruption_s43] [TRAIN] stage=pretrain epoch=1/1 batch=1220/3000 step=1220 repair=0.002439 localization=0.2332 type=1.047 minimal=0.01904 physics=0.7414 total=0.2369
[TRAIN train_climax_no_spectral_corruption_s43] [TRAIN] stage=pretrain epoch=1/1 batch=1230/3000 step=1230 repair=0.004698 localization=0.3547 type=1.19 minimal=0.01765 physics=0.2904 total=0.2751
[TRAIN train_climax_no_spectral_corruption_s43] [TRAIN] stage=pretrain epoch=1/1 batch=1240/3000 step=1240 repair=0.005258 localization=0.1457 type=0.4816 minimal=0.02316 physics=0.2327 total=0.1296
[TRAIN train_climax_no_spectral_corruption_s43] [TRAIN] stage=pretrain epoch=1/1 batch=1250/3000 step=1250 repair=0.007218 localization=0.1292 type=0.05186 minimal=0.03333 physics=0.9143 total=0.07644
[TRAIN train_climax_no_spectral_corruption_s43] [TRAIN] stage=pretrain epoch=1/1 batch=1260/3000 step=1260 repair=0.01195 localization=0.3627 type=1.787 minimal=0.02565 physics=0.9094 total=0.4233
[TRAIN train_climax_no_spectral_corruption_s43] [TRAIN] stage=pretrain epoch=1/1 batch=1270/3000 step=1270 repair=0.009611 localization=0.2429 type=1.225 minimal=0.02051 physics=0.2432 total=0.2049
[TRAIN train_climax_no_spectral_corruption_s43] [TRAIN] stage=pretrain epoch=1/1 batch=1280/3000 step=1280 repair=0.01102 localization=0.2786 type=1.308 minimal=0.0265 physics=0.9341 total=0.2966
[TRAIN train_climax_no_spectral_corruption_s43] [TRAIN] stage=pretrain epoch=1/1 batch=1290/3000 step=1290 repair=0.003066 localization=0.2145 type=3.551 minimal=0.02504 physics=0.1729 total=0.5526
[TRAIN train_climax_no_spectral_corruption_s43] [TRAIN] stage=pretrain epoch=1/1 batch=1300/3000 step=1300 repair=0.002084 localization=0.3416 type=0.4969 minimal=0.0206 physics=0.2038 total=0.1494
[TRAIN train_climax_no_spectral_corruption_s43] [TRAIN] stage=pretrain epoch=1/1 batch=1310/3000 step=1310 repair=0.004553 localization=0.2667 type=1.105 minimal=0.01965 physics=0.7201 total=0.2638
[TRAIN train_climax_no_spectral_corruption_s43] [TRAIN] stage=pretrain epoch=1/1 batch=1320/3000 step=1320 repair=0.007557 localization=0.2163 type=1.152 minimal=0.0206 physics=0.8285 total=0.2759
[TRAIN train_climax_no_spectral_corruption_s43] [TRAIN] stage=pretrain epoch=1/1 batch=1330/3000 step=1330 repair=0.03486 localization=0.3901 type=1.955 minimal=0.03452 physics=0.9248 total=0.3159
[TRAIN train_climax_no_spectral_corruption_s43] [TRAIN] stage=pretrain epoch=1/1 batch=1340/3000 step=1340 repair=0.004588 localization=0.3138 type=1.63 minimal=0.02411 physics=0.3674 total=0.2176
[TRAIN train_climax_no_spectral_corruption_s43] [TRAIN] stage=pretrain epoch=1/1 batch=1350/3000 step=1350 repair=0.003148 localization=0.2531 type=1.617 minimal=0.01704 physics=0.4814 total=0.2144
[TRAIN train_climax_no_spectral_corruption_s43] [TRAIN] stage=pretrain epoch=1/1 batch=1360/3000 step=1360 repair=0.004591 localization=0.357 type=1.994 minimal=0.02293 physics=0.1126 total=0.406
[TRAIN train_climax_no_spectral_corruption_s43] [TRAIN] stage=pretrain epoch=1/1 batch=1370/3000 step=1370 repair=0.003745 localization=0.1944 type=1.927 minimal=0.02057 physics=0.1391 total=0.3667
[TRAIN train_climax_no_spectral_corruption_s43] [TRAIN] stage=pretrain epoch=1/1 batch=1380/3000 step=1380 repair=0.007463 localization=0.5074 type=3.446 minimal=0.02209 physics=0.5193 total=0.789
[TRAIN train_climax_no_spectral_corruption_s43] [TRAIN] stage=pretrain epoch=1/1 batch=1390/3000 step=1390 repair=0.003023 localization=0.2354 type=0.7231 minimal=0.01994 physics=0.2234 total=0.1512
[TRAIN train_climax_no_spectral_corruption_s43] [TRAIN] stage=pretrain epoch=1/1 batch=1400/3000 step=1400 repair=0.005531 localization=0.07878 type=0.03434 minimal=0.03433 physics=0.3976 total=0.03945
[TRAIN train_climax_no_spectral_corruption_s43] [TRAIN] stage=pretrain epoch=1/1 batch=1410/3000 step=1410 repair=0.005668 localization=0.2044 type=0.9062 minimal=0.02298 physics=0.3292 total=0.1825
[TRAIN train_climax_no_spectral_corruption_s43] [TRAIN] stage=pretrain epoch=1/1 batch=1420/3000 step=1420 repair=0.003169 localization=0.281 type=1.663 minimal=0.01761 physics=0.1183 total=0.3264
[TRAIN train_climax_no_spectral_corruption_s43] [TRAIN] stage=pretrain epoch=1/1 batch=1430/3000 step=1430 repair=0.002797 localization=0.3669 type=1.22 minimal=0.01901 physics=0.2187 total=0.2725
[TRAIN train_climax_no_spectral_corruption_s43] [TRAIN] stage=pretrain epoch=1/1 batch=1440/3000 step=1440 repair=0.00385 localization=0.2808 type=1.783 minimal=0.02174 physics=0.3495 total=0.3141
[TRAIN train_climax_no_spectral_corruption_s43] [TRAIN] stage=pretrain epoch=1/1 batch=1450/3000 step=1450 repair=0.005268 localization=0.08994 type=0.1203 minimal=0.03357 physics=0.3118 total=0.05071
[TRAIN train_climax_no_spectral_corruption_s43] [TRAIN] stage=pretrain epoch=1/1 batch=1460/3000 step=1460 repair=0.004101 localization=0.07403 type=0.1998 minimal=0.02696 physics=0.2157 total=0.05456
[TRAIN train_climax_no_spectral_corruption_s43] [TRAIN] stage=pretrain epoch=1/1 batch=1470/3000 step=1470 repair=0.004701 localization=0.4767 type=1.168 minimal=0.02155 physics=0.6208 total=0.2587
[TRAIN train_climax_no_spectral_corruption_s43] [TRAIN] stage=pretrain epoch=1/1 batch=1480/3000 step=1480 repair=0.003703 localization=0.05222 type=0.06984 minimal=0.02534 physics=0.2906 total=0.03292
[TRAIN train_climax_no_spectral_corruption_s43] [TRAIN] stage=pretrain epoch=1/1 batch=1490/3000 step=1490 repair=0.01291 localization=0.388 type=0.1557 minimal=0.01859 physics=2.916 total=0.2263
[TRAIN train_climax_no_spectral_corruption_s43] [TRAIN] stage=pretrain epoch=1/1 batch=1500/3000 step=1500 repair=0.00488 localization=0.35 type=2.318 minimal=0.01826 physics=0.1983 total=0.5251
[TRAIN train_climax_no_spectral_corruption_s43] [TRAIN] stage=pretrain epoch=1/1 batch=1510/3000 step=1510 repair=0.001975 localization=0.317 type=1.379 minimal=0.01718 physics=0.09359 total=0.1765
[TRAIN train_climax_no_spectral_corruption_s43] [TRAIN] stage=pretrain epoch=1/1 batch=1520/3000 step=1520 repair=0.005916 localization=0.2587 type=1.395 minimal=0.02017 physics=0.09286 total=0.2568
[TRAIN train_climax_no_spectral_corruption_s43] [TRAIN] stage=pretrain epoch=1/1 batch=1530/3000 step=1530 repair=0.002368 localization=0.4258 type=2.299 minimal=0.01714 physics=0.4778 total=0.2989
[TRAIN train_climax_no_spectral_corruption_s43] [TRAIN] stage=pretrain epoch=1/1 batch=1540/3000 step=1540 repair=0.007636 localization=0.1928 type=1.304 minimal=0.02205 physics=0.1154 total=0.1875
[TRAIN train_climax_no_spectral_corruption_s43] [TRAIN] stage=pretrain epoch=1/1 batch=1550/3000 step=1550 repair=0.01052 localization=0.469 type=0.7512 minimal=0.02432 physics=0.1645 total=0.1939
[TRAIN train_climax_no_spectral_corruption_s43] [TRAIN] stage=pretrain epoch=1/1 batch=1560/3000 step=1560 repair=0.006153 localization=0.2932 type=0.6931 minimal=0.02144 physics=0.1732 total=0.1635
[TRAIN train_climax_no_spectral_corruption_s43] [TRAIN] stage=pretrain epoch=1/1 batch=1570/3000 step=1570 repair=0.004619 localization=0.1501 type=0.03266 minimal=0.03018 physics=0.8632 total=0.06868
[TRAIN train_climax_no_spectral_corruption_s43] [TRAIN] stage=pretrain epoch=1/1 batch=1580/3000 step=1580 repair=0.003745 localization=0.2772 type=1.085 minimal=0.01884 physics=0.3529 total=0.1578
[TRAIN train_climax_no_spectral_corruption_s43] [TRAIN] stage=pretrain epoch=1/1 batch=1590/3000 step=1590 repair=0.006373 localization=0.229 type=1.271 minimal=0.02113 physics=0.6587 total=0.2837
[TRAIN train_climax_no_spectral_corruption_s43] [TRAIN] stage=pretrain epoch=1/1 batch=1600/3000 step=1600 repair=0.01149 localization=0.3542 type=1.083 minimal=0.02185 physics=0.1145 total=0.2588
[TRAIN train_climax_no_spectral_corruption_s43] [TRAIN] stage=pretrain epoch=1/1 batch=1610/3000 step=1610 repair=0.004833 localization=0.243 type=0.9583 minimal=0.02136 physics=0.2706 total=0.1387
[TRAIN train_climax_no_spectral_corruption_s43] [TRAIN] stage=pretrain epoch=1/1 batch=1620/3000 step=1620 repair=0.01049 localization=0.2904 type=1.899 minimal=0.0204 physics=1.054 total=0.4118
[TRAIN train_climax_no_spectral_corruption_s43] [TRAIN] stage=pretrain epoch=1/1 batch=1630/3000 step=1630 repair=0.003751 localization=0.156 type=1.631 minimal=0.02058 physics=0.173 total=0.2731
[TRAIN train_climax_no_spectral_corruption_s43] [TRAIN] stage=pretrain epoch=1/1 batch=1640/3000 step=1640 repair=0.004738 localization=0.2081 type=0.3707 minimal=0.02127 physics=0.1249 total=0.06908
[TRAIN train_climax_no_spectral_corruption_s43] [TRAIN] stage=pretrain epoch=1/1 batch=1650/3000 step=1650 repair=0.003808 localization=0.1301 type=1.861 minimal=0.01976 physics=0.3713 total=0.3777
[TRAIN train_climax_no_spectral_corruption_s43] [TRAIN] stage=pretrain epoch=1/1 batch=1660/3000 step=1660 repair=0.002756 localization=0.08065 type=0.1333 minimal=0.02022 physics=0.4253 total=0.05213
[TRAIN train_climax_no_spectral_corruption_s43] [TRAIN] stage=pretrain epoch=1/1 batch=1670/3000 step=1670 repair=0.003675 localization=0.1801 type=1.296 minimal=0.02136 physics=0.2868 total=0.2691
[TRAIN train_climax_no_spectral_corruption_s43] [TRAIN] stage=pretrain epoch=1/1 batch=1680/3000 step=1680 repair=0.007419 localization=0.3341 type=1.522 minimal=0.01917 physics=0.1835 total=0.2912
[TRAIN train_climax_no_spectral_corruption_s43] [TRAIN] stage=pretrain epoch=1/1 batch=1690/3000 step=1690 repair=0.009307 localization=0.2502 type=1.709 minimal=0.0183 physics=0.4055 total=0.2964
[TRAIN train_climax_no_spectral_corruption_s43] [TRAIN] stage=pretrain epoch=1/1 batch=1700/3000 step=1700 repair=0.005244 localization=0.2862 type=1.958 minimal=0.01833 physics=0.3348 total=0.3261
[TRAIN train_climax_no_spectral_corruption_s43] [TRAIN] stage=pretrain epoch=1/1 batch=1710/3000 step=1710 repair=0.01494 localization=0.343 type=1.447 minimal=0.02347 physics=0.1437 total=0.2413
[TRAIN train_climax_no_spectral_corruption_s43] [TRAIN] stage=pretrain epoch=1/1 batch=1720/3000 step=1720 repair=0.005907 localization=0.2203 type=3.646 minimal=0.02271 physics=0.0906 total=0.697
[TRAIN train_climax_no_spectral_corruption_s43] [TRAIN] stage=pretrain epoch=1/1 batch=1730/3000 step=1730 repair=0.006246 localization=0.3779 type=2.193 minimal=0.01643 physics=0.2439 total=0.4739
[TRAIN train_climax_no_spectral_corruption_s43] [TRAIN] stage=pretrain epoch=1/1 batch=1740/3000 step=1740 repair=0.01615 localization=0.334 type=1.364 minimal=0.02274 physics=1.1 total=0.3696
[TRAIN train_climax_no_spectral_corruption_s43] [TRAIN] stage=pretrain epoch=1/1 batch=1750/3000 step=1750 repair=0.005226 localization=0.3404 type=1.055 minimal=0.02119 physics=0.3457 total=0.257
[TRAIN train_climax_no_spectral_corruption_s43] [TRAIN] stage=pretrain epoch=1/1 batch=1760/3000 step=1760 repair=0.006318 localization=0.3267 type=1.337 minimal=0.02072 physics=0.9196 total=0.2697
[TRAIN train_climax_no_spectral_corruption_s43] [TRAIN] stage=pretrain epoch=1/1 batch=1770/3000 step=1770 repair=0.003422 localization=0.2822 type=0.6116 minimal=0.01961 physics=0.1086 total=0.09842
[TRAIN train_climax_no_spectral_corruption_s43] [TRAIN] stage=pretrain epoch=1/1 batch=1780/3000 step=1780 repair=0.003627 localization=0.283 type=0.822 minimal=0.01863 physics=0.2963 total=0.1291
[TRAIN train_climax_no_spectral_corruption_s43] [TRAIN] stage=pretrain epoch=1/1 batch=1790/3000 step=1790 repair=0.003107 localization=0.2144 type=3.189 minimal=0.01898 physics=0.2082 total=0.6248
[TRAIN train_climax_no_spectral_corruption_s43] [TRAIN] stage=pretrain epoch=1/1 batch=1800/3000 step=1800 repair=0.004381 localization=0.2138 type=1.642 minimal=0.02048 physics=0.5261 total=0.2599
[TRAIN train_climax_no_spectral_corruption_s43] [TRAIN] stage=pretrain epoch=1/1 batch=1810/3000 step=1810 repair=0.005191 localization=0.3537 type=4.037 minimal=0.01525 physics=0.1968 total=0.8066
[TRAIN train_climax_no_spectral_corruption_s43] [TRAIN] stage=pretrain epoch=1/1 batch=1820/3000 step=1820 repair=0.002955 localization=0.316 type=1.223 minimal=0.01561 physics=0.7843 total=0.1962
[TRAIN train_climax_no_spectral_corruption_s43] [TRAIN] stage=pretrain epoch=1/1 batch=1830/3000 step=1830 repair=0.001819 localization=0.03491 type=0.05122 minimal=0.02007 physics=0.2273 total=0.02416
[TRAIN train_climax_no_spectral_corruption_s43] [TRAIN] stage=pretrain epoch=1/1 batch=1840/3000 step=1840 repair=0.005833 localization=0.4082 type=0.8225 minimal=0.02365 physics=1.164 total=0.2127
[TRAIN train_climax_no_spectral_corruption_s43] [TRAIN] stage=pretrain epoch=1/1 batch=1850/3000 step=1850 repair=0.002719 localization=0.3436 type=3.048 minimal=0.01479 physics=1.029 total=0.3935
[TRAIN train_climax_no_spectral_corruption_s43] [TRAIN] stage=pretrain epoch=1/1 batch=1860/3000 step=1860 repair=0.006092 localization=0.2239 type=1.232 minimal=0.01695 physics=0.3131 total=0.2519
[TRAIN train_climax_no_spectral_corruption_s43] [TRAIN] stage=pretrain epoch=1/1 batch=1870/3000 step=1870 repair=0.008162 localization=0.3131 type=0.6704 minimal=0.01848 physics=0.1845 total=0.1658
[TRAIN train_climax_no_spectral_corruption_s43] [TRAIN] stage=pretrain epoch=1/1 batch=1880/3000 step=1880 repair=0.002081 localization=0.2682 type=2.59 minimal=0.0153 physics=0.1683 total=0.5563
[TRAIN train_climax_no_spectral_corruption_s43] [TRAIN] stage=pretrain epoch=1/1 batch=1890/3000 step=1890 repair=0.02379 localization=0.2867 type=0.9604 minimal=0.02312 physics=1.006 total=0.199
[TRAIN train_climax_no_spectral_corruption_s43] [TRAIN] stage=pretrain epoch=1/1 batch=1900/3000 step=1900 repair=0.001943 localization=0.02985 type=0.003271 minimal=0.02417 physics=0.2029 total=0.01583
[TRAIN train_climax_no_spectral_corruption_s43] [TRAIN] stage=pretrain epoch=1/1 batch=1910/3000 step=1910 repair=0.004406 localization=0.3074 type=0.9863 minimal=0.02234 physics=0.1319 total=0.1406
[TRAIN train_climax_no_spectral_corruption_s43] [TRAIN] stage=pretrain epoch=1/1 batch=1920/3000 step=1920 repair=0.002019 localization=0.04242 type=0.002903 minimal=0.02505 physics=0.3427 total=0.02413
[TRAIN train_climax_no_spectral_corruption_s43] [TRAIN] stage=pretrain epoch=1/1 batch=1930/3000 step=1930 repair=0.003441 localization=0.2396 type=0.9958 minimal=0.02007 physics=0.1083 total=0.1808
[TRAIN train_climax_no_spectral_corruption_s43] [TRAIN] stage=pretrain epoch=1/1 batch=1940/3000 step=1940 repair=0.007121 localization=0.2718 type=1.578 minimal=0.01807 physics=0.594 total=0.3311
[TRAIN train_climax_no_spectral_corruption_s43] [TRAIN] stage=pretrain epoch=1/1 batch=1950/3000 step=1950 repair=0.006006 localization=0.2306 type=1.527 minimal=0.02036 physics=0.1324 total=0.3146
[TRAIN train_climax_no_spectral_corruption_s43] [TRAIN] stage=pretrain epoch=1/1 batch=1960/3000 step=1960 repair=0.009816 localization=0.3159 type=1.396 minimal=0.02115 physics=0.09415 total=0.2894
[TRAIN train_climax_no_spectral_corruption_s43] [TRAIN] stage=pretrain epoch=1/1 batch=1970/3000 step=1970 repair=0.002837 localization=0.3646 type=1.353 minimal=0.01649 physics=0.1377 total=0.2372
[TRAIN train_climax_no_spectral_corruption_s43] [TRAIN] stage=pretrain epoch=1/1 batch=1980/3000 step=1980 repair=0.003495 localization=0.2362 type=0.6235 minimal=0.02011 physics=0.4959 total=0.1145
[TRAIN train_climax_no_spectral_corruption_s43] [TRAIN] stage=pretrain epoch=1/1 batch=1990/3000 step=1990 repair=0.004622 localization=0.2319 type=1.878 minimal=0.01756 physics=0.1144 total=0.3235
[TRAIN train_climax_no_spectral_corruption_s43] [TRAIN] stage=pretrain epoch=1/1 batch=2000/3000 step=2000 repair=0.004776 localization=0.4313 type=0.575 minimal=0.01547 physics=0.2303 total=0.1171
[TRAIN train_climax_no_spectral_corruption_s43] [TRAIN] stage=pretrain epoch=1/1 batch=2010/3000 step=2010 repair=0.002248 localization=0.04927 type=0.001761 minimal=0.0186 physics=0.3581 total=0.02562
[TRAIN train_climax_no_spectral_corruption_s43] [TRAIN] stage=pretrain epoch=1/1 batch=2020/3000 step=2020 repair=0.005276 localization=0.2961 type=1.643 minimal=0.01924 physics=0.3734 total=0.2721
[TRAIN train_climax_no_spectral_corruption_s43] [TRAIN] stage=pretrain epoch=1/1 batch=2030/3000 step=2030 repair=0.006513 localization=0.3166 type=1.175 minimal=0.01744 physics=0.1053 total=0.2103
[TRAIN train_climax_no_spectral_corruption_s43] [TRAIN] stage=pretrain epoch=1/1 batch=2040/3000 step=2040 repair=0.001261 localization=0.04321 type=0.04894 minimal=0.01476 physics=0.242 total=0.02493
[TRAIN train_climax_no_spectral_corruption_s43] [TRAIN] stage=pretrain epoch=1/1 batch=2050/3000 step=2050 repair=0.005076 localization=0.3156 type=0.6174 minimal=0.01744 physics=0.1039 total=0.1452
[TRAIN train_climax_no_spectral_corruption_s43] [TRAIN] stage=pretrain epoch=1/1 batch=2060/3000 step=2060 repair=0.002067 localization=0.03189 type=0.002094 minimal=0.02742 physics=0.4461 total=0.02818
[TRAIN train_climax_no_spectral_corruption_s43] [TRAIN] stage=pretrain epoch=1/1 batch=2070/3000 step=2070 repair=0.01292 localization=0.3445 type=0.8164 minimal=0.01901 physics=0.1887 total=0.1836
[TRAIN train_climax_no_spectral_corruption_s43] [TRAIN] stage=pretrain epoch=1/1 batch=2080/3000 step=2080 repair=0.004854 localization=0.2488 type=0.7488 minimal=0.01918 physics=0.2523 total=0.1742
[TRAIN train_climax_no_spectral_corruption_s43] [TRAIN] stage=pretrain epoch=1/1 batch=2090/3000 step=2090 repair=0.002175 localization=0.03724 type=0.001727 minimal=0.0242 physics=0.1993 total=0.01648
[TRAIN train_climax_no_spectral_corruption_s43] [TRAIN] stage=pretrain epoch=1/1 batch=2100/3000 step=2100 repair=0.00559 localization=0.3 type=1.315 minimal=0.01729 physics=0.2703 total=0.2109
[TRAIN train_climax_no_spectral_corruption_s43] [TRAIN] stage=pretrain epoch=1/1 batch=2110/3000 step=2110 repair=0.009581 localization=0.3534 type=1.315 minimal=0.01677 physics=0.1038 total=0.236
[TRAIN train_climax_no_spectral_corruption_s43] [TRAIN] stage=pretrain epoch=1/1 batch=2120/3000 step=2120 repair=0.009485 localization=0.2274 type=1.733 minimal=0.01888 physics=1.046 total=0.3458
[TRAIN train_climax_no_spectral_corruption_s43] [TRAIN] stage=pretrain epoch=1/1 batch=2130/3000 step=2130 repair=0.0114 localization=0.3272 type=1.409 minimal=0.01938 physics=0.1598 total=0.2409
[TRAIN train_climax_no_spectral_corruption_s43] [TRAIN] stage=pretrain epoch=1/1 batch=2140/3000 step=2140 repair=0.008659 localization=0.3229 type=0.9417 minimal=0.02072 physics=0.1592 total=0.1784
[TRAIN train_climax_no_spectral_corruption_s43] [TRAIN] stage=pretrain epoch=1/1 batch=2150/3000 step=2150 repair=0.01988 localization=0.2192 type=0.7539 minimal=0.02121 physics=0.2803 total=0.1314
[TRAIN train_climax_no_spectral_corruption_s43] [TRAIN] stage=pretrain epoch=1/1 batch=2160/3000 step=2160 repair=0.003366 localization=0.3778 type=0.4631 minimal=0.01889 physics=0.1245 total=0.09387
[TRAIN train_climax_no_spectral_corruption_s43] [TRAIN] stage=pretrain epoch=1/1 batch=2170/3000 step=2170 repair=0.007884 localization=0.2904 type=2.661 minimal=0.01785 physics=0.5156 total=0.5333
[TRAIN train_climax_no_spectral_corruption_s43] [TRAIN] stage=pretrain epoch=1/1 batch=2180/3000 step=2180 repair=0.005994 localization=0.2748 type=2.521 minimal=0.01938 physics=0.2451 total=0.4563
[TRAIN train_climax_no_spectral_corruption_s43] [TRAIN] stage=pretrain epoch=1/1 batch=2190/3000 step=2190 repair=0.02035 localization=0.257 type=0.4468 minimal=0.01268 physics=0.6998 total=0.1258
[TRAIN train_climax_no_spectral_corruption_s43] [TRAIN] stage=pretrain epoch=1/1 batch=2200/3000 step=2200 repair=0.004502 localization=0.2504 type=1.743 minimal=0.01502 physics=0.1693 total=0.2567
[TRAIN train_climax_no_spectral_corruption_s43] [TRAIN] stage=pretrain epoch=1/1 batch=2210/3000 step=2210 repair=0.02977 localization=0.2744 type=0.3506 minimal=0.02689 physics=0.2591 total=0.1055
[TRAIN train_climax_no_spectral_corruption_s43] [TRAIN] stage=pretrain epoch=1/1 batch=2220/3000 step=2220 repair=0.007144 localization=0.389 type=1.545 minimal=0.01997 physics=0.1175 total=0.2447
[TRAIN train_climax_no_spectral_corruption_s43] [TRAIN] stage=pretrain epoch=1/1 batch=2230/3000 step=2230 repair=0.003009 localization=0.3418 type=0.6465 minimal=0.01826 physics=0.08632 total=0.1063
[TRAIN train_climax_no_spectral_corruption_s43] [TRAIN] stage=pretrain epoch=1/1 batch=2240/3000 step=2240 repair=0.01779 localization=0.2415 type=1.035 minimal=0.01971 physics=1.074 total=0.1993
[TRAIN train_climax_no_spectral_corruption_s43] [TRAIN] stage=pretrain epoch=1/1 batch=2250/3000 step=2250 repair=0.0009929 localization=0.01861 type=0.001649 minimal=0.01819 physics=0.1659 total=0.01155
[TRAIN train_climax_no_spectral_corruption_s43] [TRAIN] stage=pretrain epoch=1/1 batch=2260/3000 step=2260 repair=0.007301 localization=0.2997 type=1.405 minimal=0.01913 physics=0.8755 total=0.2931
[TRAIN train_climax_no_spectral_corruption_s43] [TRAIN] stage=pretrain epoch=1/1 batch=2270/3000 step=2270 repair=0.007452 localization=0.2795 type=1.488 minimal=0.01665 physics=0.2005 total=0.2761
[TRAIN train_climax_no_spectral_corruption_s43] [TRAIN] stage=pretrain epoch=1/1 batch=2280/3000 step=2280 repair=0.00271 localization=0.253 type=1.038 minimal=0.01601 physics=0.2255 total=0.1923
[TRAIN train_climax_no_spectral_corruption_s43] [TRAIN] stage=pretrain epoch=1/1 batch=2290/3000 step=2290 repair=0.0006703 localization=0.01417 type=0.001353 minimal=0.01445 physics=0.1715 total=0.011
[TRAIN train_climax_no_spectral_corruption_s43] [TRAIN] stage=pretrain epoch=1/1 batch=2300/3000 step=2300 repair=0.002749 localization=0.303 type=1.359 minimal=0.01811 physics=0.08932 total=0.2186
[TRAIN train_climax_no_spectral_corruption_s43] [TRAIN] stage=pretrain epoch=1/1 batch=2310/3000 step=2310 repair=0.001283 localization=0.2039 type=0.642 minimal=0.01198 physics=0.2757 total=0.1356
[TRAIN train_climax_no_spectral_corruption_s43] [TRAIN] stage=pretrain epoch=1/1 batch=2320/3000 step=2320 repair=0.01276 localization=0.2828 type=0.9834 minimal=0.01503 physics=2.313 total=0.2966
[TRAIN train_climax_no_spectral_corruption_s43] [TRAIN] stage=pretrain epoch=1/1 batch=2330/3000 step=2330 repair=0.003063 localization=0.01738 type=0.0002868 minimal=0.0228 physics=0.3852 total=0.02434
[TRAIN train_climax_no_spectral_corruption_s43] [TRAIN] stage=pretrain epoch=1/1 batch=2340/3000 step=2340 repair=0.001952 localization=0.01616 type=0.0005693 minimal=0.0246 physics=0.189 total=0.01336
[TRAIN train_climax_no_spectral_corruption_s43] [TRAIN] stage=pretrain epoch=1/1 batch=2350/3000 step=2350 repair=0.009191 localization=0.3358 type=1.732 minimal=0.01944 physics=0.2478 total=0.2958
[TRAIN train_climax_no_spectral_corruption_s43] [TRAIN] stage=pretrain epoch=1/1 batch=2360/3000 step=2360 repair=0.002318 localization=0.01459 type=0.001122 minimal=0.022 physics=0.289 total=0.01863
[TRAIN train_climax_no_spectral_corruption_s43] [TRAIN] stage=pretrain epoch=1/1 batch=2370/3000 step=2370 repair=0.009403 localization=0.2238 type=0.6233 minimal=0.02042 physics=0.1744 total=0.103
[TRAIN train_climax_no_spectral_corruption_s43] [TRAIN] stage=pretrain epoch=1/1 batch=2380/3000 step=2380 repair=0.02859 localization=0.3202 type=0.7815 minimal=0.01717 physics=0.5523 total=0.1665
[TRAIN train_climax_no_spectral_corruption_s43] [TRAIN] stage=pretrain epoch=1/1 batch=2390/3000 step=2390 repair=0.003278 localization=0.2197 type=1.454 minimal=0.01645 physics=0.1291 total=0.2584
[TRAIN train_climax_no_spectral_corruption_s43] [TRAIN] stage=pretrain epoch=1/1 batch=2400/3000 step=2400 repair=0.0293 localization=0.3158 type=0.7542 minimal=0.01458 physics=0.5062 total=0.1618
[TRAIN train_climax_no_spectral_corruption_s43] [TRAIN] stage=pretrain epoch=1/1 batch=2410/3000 step=2410 repair=0.001728 localization=0.02878 type=0.001434 minimal=0.01447 physics=0.2194 total=0.01594
[TRAIN train_climax_no_spectral_corruption_s43] [TRAIN] stage=pretrain epoch=1/1 batch=2420/3000 step=2420 repair=0.0009468 localization=0.03359 type=0.0009202 minimal=0.01455 physics=0.1081 total=0.01
[TRAIN train_climax_no_spectral_corruption_s43] [TRAIN] stage=pretrain epoch=1/1 batch=2430/3000 step=2430 repair=0.008784 localization=0.2296 type=2.323 minimal=0.01805 physics=0.6793 total=0.4043
[TRAIN train_climax_no_spectral_corruption_s43] [TRAIN] stage=pretrain epoch=1/1 batch=2440/3000 step=2440 repair=0.0009952 localization=0.01421 type=0.0002276 minimal=0.02066 physics=0.1662 total=0.01098
[TRAIN train_climax_no_spectral_corruption_s43] [TRAIN] stage=pretrain epoch=1/1 batch=2450/3000 step=2450 repair=0.001133 localization=0.01389 type=0.001822 minimal=0.0153 physics=0.1415 total=0.01004
[TRAIN train_climax_no_spectral_corruption_s43] [TRAIN] stage=pretrain epoch=1/1 batch=2460/3000 step=2460 repair=0.006763 localization=0.2594 type=0.9509 minimal=0.01942 physics=0.7533 total=0.2127
[TRAIN train_climax_no_spectral_corruption_s43] [TRAIN] stage=pretrain epoch=1/1 batch=2470/3000 step=2470 repair=0.001263 localization=0.013 type=0.002871 minimal=0.01564 physics=0.1319 total=0.009744
[TRAIN train_climax_no_spectral_corruption_s43] [TRAIN] stage=pretrain epoch=1/1 batch=2480/3000 step=2480 repair=0.002908 localization=0.3196 type=1.153 minimal=0.01566 physics=0.3358 total=0.1996
[TRAIN train_climax_no_spectral_corruption_s43] [TRAIN] stage=pretrain epoch=1/1 batch=2490/3000 step=2490 repair=0.005984 localization=0.2385 type=1.141 minimal=0.02013 physics=0.3858 total=0.2062
[TRAIN train_climax_no_spectral_corruption_s43] [TRAIN] stage=pretrain epoch=1/1 batch=2500/3000 step=2500 repair=0.003186 localization=0.3383 type=1.258 minimal=0.014 physics=0.08154 total=0.2384
[TRAIN train_climax_no_spectral_corruption_s43] [TRAIN] stage=pretrain epoch=1/1 batch=2510/3000 step=2510 repair=0.002005 localization=0.1442 type=0.7591 minimal=0.01357 physics=0.1847 total=0.1621
[TRAIN train_climax_no_spectral_corruption_s43] [TRAIN] stage=pretrain epoch=1/1 batch=2520/3000 step=2520 repair=0.005439 localization=0.2511 type=1.156 minimal=0.01987 physics=0.1584 total=0.1883
[TRAIN train_climax_no_spectral_corruption_s43] [TRAIN] stage=pretrain epoch=1/1 batch=2530/3000 step=2530 repair=0.001942 localization=0.2765 type=1.929 minimal=0.01741 physics=0.1081 total=0.3497
[TRAIN train_climax_no_spectral_corruption_s43] [TRAIN] stage=pretrain epoch=1/1 batch=2540/3000 step=2540 repair=0.0203 localization=0.3227 type=0.8545 minimal=0.02167 physics=0.2118 total=0.1842
[TRAIN train_climax_no_spectral_corruption_s43] [TRAIN] stage=pretrain epoch=1/1 batch=2550/3000 step=2550 repair=0.0104 localization=0.3473 type=0.5874 minimal=0.02132 physics=0.1803 total=0.143
[TRAIN train_climax_no_spectral_corruption_s43] [TRAIN] stage=pretrain epoch=1/1 batch=2560/3000 step=2560 repair=0.002421 localization=0.2477 type=1.526 minimal=0.01564 physics=0.1817 total=0.3172
[TRAIN train_climax_no_spectral_corruption_s43] [TRAIN] stage=pretrain epoch=1/1 batch=2570/3000 step=2570 repair=0.002603 localization=0.2824 type=1.38 minimal=0.01646 physics=0.1409 total=0.2936
[TRAIN train_climax_no_spectral_corruption_s43] [TRAIN] stage=pretrain epoch=1/1 batch=2580/3000 step=2580 repair=0.0005965 localization=0.008448 type=0.0009043 minimal=0.01337 physics=0.134 total=0.008435
[TRAIN train_climax_no_spectral_corruption_s43] [TRAIN] stage=pretrain epoch=1/1 batch=2590/3000 step=2590 repair=0.003275 localization=0.2707 type=1.197 minimal=0.01678 physics=0.1263 total=0.228
[TRAIN train_climax_no_spectral_corruption_s43] [TRAIN] stage=pretrain epoch=1/1 batch=2600/3000 step=2600 repair=0.003953 localization=0.2923 type=1.16 minimal=0.01883 physics=0.2671 total=0.1627
[TRAIN train_climax_no_spectral_corruption_s43] [TRAIN] stage=pretrain epoch=1/1 batch=2610/3000 step=2610 repair=0.005212 localization=0.4738 type=1.5 minimal=0.01558 physics=0.2218 total=0.335
[TRAIN train_climax_no_spectral_corruption_s43] [TRAIN] stage=pretrain epoch=1/1 batch=2620/3000 step=2620 repair=0.001289 localization=0.02645 type=0.0002043 minimal=0.01961 physics=0.5971 total=0.03402
[TRAIN train_climax_no_spectral_corruption_s43] [TRAIN] stage=pretrain epoch=1/1 batch=2630/3000 step=2630 repair=0.01163 localization=0.3685 type=0.9775 minimal=0.01659 physics=1.771 total=0.2853
[TRAIN train_climax_no_spectral_corruption_s43] [TRAIN] stage=pretrain epoch=1/1 batch=2640/3000 step=2640 repair=0.01725 localization=0.2325 type=0.9915 minimal=0.01588 physics=0.2701 total=0.1533
[TRAIN train_climax_no_spectral_corruption_s43] [TRAIN] stage=pretrain epoch=1/1 batch=2650/3000 step=2650 repair=0.001834 localization=0.1805 type=1.395 minimal=0.01759 physics=0.07153 total=0.2394
[TRAIN train_climax_no_spectral_corruption_s43] [TRAIN] stage=pretrain epoch=1/1 batch=2660/3000 step=2660 repair=0.008674 localization=0.378 type=0.4563 minimal=0.0211 physics=0.8835 total=0.1365
[TRAIN train_climax_no_spectral_corruption_s43] [TRAIN] stage=pretrain epoch=1/1 batch=2670/3000 step=2670 repair=0.004442 localization=0.3861 type=1.951 minimal=0.01877 physics=0.3694 total=0.34
[TRAIN train_climax_no_spectral_corruption_s43] [TRAIN] stage=pretrain epoch=1/1 batch=2680/3000 step=2680 repair=0.005668 localization=0.3714 type=1.629 minimal=0.01543 physics=1.085 total=0.3487
[TRAIN train_climax_no_spectral_corruption_s43] [TRAIN] stage=pretrain epoch=1/1 batch=2690/3000 step=2690 repair=0.005746 localization=0.2445 type=1.01 minimal=0.01764 physics=0.3776 total=0.1994
[TRAIN train_climax_no_spectral_corruption_s43] [TRAIN] stage=pretrain epoch=1/1 batch=2700/3000 step=2700 repair=0.003473 localization=0.2703 type=4.707 minimal=0.01611 physics=0.1313 total=0.9365
[TRAIN train_climax_no_spectral_corruption_s43] [TRAIN] stage=pretrain epoch=1/1 batch=2710/3000 step=2710 repair=0.002391 localization=0.2226 type=1.159 minimal=0.01332 physics=0.3015 total=0.2435
[TRAIN train_climax_no_spectral_corruption_s43] [TRAIN] stage=pretrain epoch=1/1 batch=2720/3000 step=2720 repair=0.00413 localization=0.2021 type=1.05 minimal=0.01677 physics=0.2077 total=0.2053
[TRAIN train_climax_no_spectral_corruption_s43] [TRAIN] stage=pretrain epoch=1/1 batch=2730/3000 step=2730 repair=0.007022 localization=0.3116 type=1.125 minimal=0.01537 physics=0.5903 total=0.2393
[TRAIN train_climax_no_spectral_corruption_s43] [TRAIN] stage=pretrain epoch=1/1 batch=2740/3000 step=2740 repair=0.004763 localization=0.3078 type=0.998 minimal=0.01481 physics=1.086 total=0.2363
[TRAIN train_climax_no_spectral_corruption_s43] [TRAIN] stage=pretrain epoch=1/1 batch=2750/3000 step=2750 repair=0.006627 localization=0.2565 type=1.733 minimal=0.01347 physics=0.2399 total=0.3292
[TRAIN train_climax_no_spectral_corruption_s43] [TRAIN] stage=pretrain epoch=1/1 batch=2760/3000 step=2760 repair=0.001052 localization=0.01588 type=0.001893 minimal=0.01694 physics=0.1322 total=0.009752
[TRAIN train_climax_no_spectral_corruption_s43] [TRAIN] stage=pretrain epoch=1/1 batch=2770/3000 step=2770 repair=0.02028 localization=0.2208 type=1.349 minimal=0.01816 physics=0.7674 total=0.2158
[TRAIN train_climax_no_spectral_corruption_s43] [TRAIN] stage=pretrain epoch=1/1 batch=2780/3000 step=2780 repair=0.003852 localization=0.2553 type=0.7163 minimal=0.01869 physics=0.09415 total=0.1537
[TRAIN train_climax_no_spectral_corruption_s43] [TRAIN] stage=pretrain epoch=1/1 batch=2790/3000 step=2790 repair=0.001201 localization=0.02843 type=0.002266 minimal=0.01426 physics=0.1223 total=0.01068
[TRAIN train_climax_no_spectral_corruption_s43] [TRAIN] stage=pretrain epoch=1/1 batch=2800/3000 step=2800 repair=0.003762 localization=0.5344 type=1.632 minimal=0.01852 physics=0.1852 total=0.3279
[TRAIN train_climax_no_spectral_corruption_s43] [TRAIN] stage=pretrain epoch=1/1 batch=2810/3000 step=2810 repair=0.00539 localization=0.2168 type=1.003 minimal=0.01796 physics=0.07583 total=0.1818
[TRAIN train_climax_no_spectral_corruption_s43] [TRAIN] stage=pretrain epoch=1/1 batch=2820/3000 step=2820 repair=0.007763 localization=0.208 type=0.6277 minimal=0.02003 physics=0.09027 total=0.1256
[TRAIN train_climax_no_spectral_corruption_s43] [TRAIN] stage=pretrain epoch=1/1 batch=2830/3000 step=2830 repair=0.001623 localization=0.02704 type=0.0002252 minimal=0.02332 physics=0.1778 total=0.01352
[TRAIN train_climax_no_spectral_corruption_s43] [TRAIN] stage=pretrain epoch=1/1 batch=2840/3000 step=2840 repair=0.007782 localization=0.2886 type=0.2123 minimal=0.02066 physics=0.1563 total=0.07363
[TRAIN train_climax_no_spectral_corruption_s43] [TRAIN] stage=pretrain epoch=1/1 batch=2850/3000 step=2850 repair=0.03377 localization=0.382 type=2.389 minimal=0.01945 physics=0.4222 total=0.3321
[TRAIN train_climax_no_spectral_corruption_s43] [TRAIN] stage=pretrain epoch=1/1 batch=2860/3000 step=2860 repair=0.006493 localization=0.2418 type=0.359 minimal=0.02267 physics=0.09965 total=0.09286
[TRAIN train_climax_no_spectral_corruption_s43] [TRAIN] stage=pretrain epoch=1/1 batch=2870/3000 step=2870 repair=0.004171 localization=0.2664 type=1.679 minimal=0.01785 physics=0.1883 total=0.4029
[TRAIN train_climax_no_spectral_corruption_s43] [TRAIN] stage=pretrain epoch=1/1 batch=2880/3000 step=2880 repair=0.003683 localization=0.3784 type=2.209 minimal=0.01857 physics=0.1145 total=0.4362
[TRAIN train_climax_no_spectral_corruption_s43] [TRAIN] stage=pretrain epoch=1/1 batch=2890/3000 step=2890 repair=0.007834 localization=0.2477 type=0.9653 minimal=0.02765 physics=0.3434 total=0.1774
[TRAIN train_climax_no_spectral_corruption_s43] [TRAIN] stage=pretrain epoch=1/1 batch=2900/3000 step=2900 repair=0.008643 localization=0.3786 type=0.771 minimal=0.02083 physics=0.1316 total=0.1603
[TRAIN train_climax_no_spectral_corruption_s43] [TRAIN] stage=pretrain epoch=1/1 batch=2910/3000 step=2910 repair=0.006204 localization=0.2318 type=2.271 minimal=0.01833 physics=0.234 total=0.4389
[TRAIN train_climax_no_spectral_corruption_s43] [TRAIN] stage=pretrain epoch=1/1 batch=2920/3000 step=2920 repair=0.01535 localization=0.2607 type=0.7119 minimal=0.01569 physics=0.09921 total=0.1455
[TRAIN train_climax_no_spectral_corruption_s43] [TRAIN] stage=pretrain epoch=1/1 batch=2930/3000 step=2930 repair=0.001058 localization=0.4987 type=8.199 minimal=0.01314 physics=0.2292 total=1.617
[TRAIN train_climax_no_spectral_corruption_s43] [TRAIN] stage=pretrain epoch=1/1 batch=2940/3000 step=2940 repair=0.008019 localization=0.2571 type=0.594 minimal=0.01741 physics=0.1906 total=0.1028
[TRAIN train_climax_no_spectral_corruption_s43] [TRAIN] stage=pretrain epoch=1/1 batch=2950/3000 step=2950 repair=0.01048 localization=0.558 type=1.783 minimal=0.01797 physics=0.1669 total=0.2942
[TRAIN train_climax_no_spectral_corruption_s43] [TRAIN] stage=pretrain epoch=1/1 batch=2960/3000 step=2960 repair=0.008977 localization=0.2848 type=1.293 minimal=0.01836 physics=0.1979 total=0.2481
[TRAIN train_climax_no_spectral_corruption_s43] [TRAIN] stage=pretrain epoch=1/1 batch=2970/3000 step=2970 repair=0.008004 localization=0.2735 type=0.9866 minimal=0.01811 physics=0.07277 total=0.2009
[TRAIN train_climax_no_spectral_corruption_s43] [TRAIN] stage=pretrain epoch=1/1 batch=2980/3000 step=2980 repair=0.003081 localization=0.1995 type=3.874 minimal=0.01657 physics=0.08295 total=0.6994
[TRAIN train_climax_no_spectral_corruption_s43] [TRAIN] stage=pretrain epoch=1/1 batch=2990/3000 step=2990 repair=0.003267 localization=0.1797 type=1.135 minimal=0.01491 physics=0.1555 total=0.2225
[TRAIN train_climax_no_spectral_corruption_s43] [TRAIN] stage=pretrain epoch=1/1 batch=3000/3000 step=3000 repair=0.01052 localization=0.2049 type=1.07 minimal=0.01874 physics=1.009 total=0.251
[TRAIN train_climax_no_spectral_corruption_s43] [EPOCH] {'stage': 'pretrain', 'epoch': 0, 'global_step': 3000, 'train_total': 0.2494626165361454, 'val_repair_mse': 0.13225075113587081, 'elapsed_seconds': 1753.0}
[TRAIN train_climax_no_spectral_corruption_s43] [BEST] val_repair_mse=0.132251
[TRAIN train_climax_no_spectral_corruption_s43] [STAGE] finetune epochs=1 start_epoch=0
[TRAIN train_climax_no_spectral_corruption_s43] [TRAIN] stage=finetune epoch=1/1 batch=10/3000 step=3010 repair=0.1452 localization=0 type=0 minimal=0.0369 physics=0.1996 total=0.1555
[TRAIN train_climax_no_spectral_corruption_s43] [TRAIN] stage=finetune epoch=1/1 batch=20/3000 step=3020 repair=0.1743 localization=0 type=0 minimal=0.03372 physics=0.32 total=0.1906
[TRAIN train_climax_no_spectral_corruption_s43] [TRAIN] stage=finetune epoch=1/1 batch=30/3000 step=3030 repair=0.1162 localization=0 type=0 minimal=0.02574 physics=0.5803 total=0.1454
[TRAIN train_climax_no_spectral_corruption_s43] [TRAIN] stage=finetune epoch=1/1 batch=40/3000 step=3040 repair=0.0917 localization=0 type=0 minimal=0.03192 physics=0.488 total=0.1164
[TRAIN train_climax_no_spectral_corruption_s43] [TRAIN] stage=finetune epoch=1/1 batch=50/3000 step=3050 repair=0.1166 localization=0 type=0 minimal=0.03574 physics=0.2435 total=0.1292
[TRAIN train_climax_no_spectral_corruption_s43] [TRAIN] stage=finetune epoch=1/1 batch=60/3000 step=3060 repair=0.08838 localization=0 type=0 minimal=0.04407 physics=0.2105 total=0.09934
[TRAIN train_climax_no_spectral_corruption_s43] [TRAIN] stage=finetune epoch=1/1 batch=70/3000 step=3070 repair=0.1235 localization=0 type=0 minimal=0.03284 physics=0.3381 total=0.1408
[TRAIN train_climax_no_spectral_corruption_s43] [TRAIN] stage=finetune epoch=1/1 batch=80/3000 step=3080 repair=0.1198 localization=0 type=0 minimal=0.03448 physics=0.3628 total=0.1383
[TRAIN train_climax_no_spectral_corruption_s43] [TRAIN] stage=finetune epoch=1/1 batch=90/3000 step=3090 repair=0.08024 localization=0 type=0 minimal=0.03748 physics=0.2643 total=0.09383
[TRAIN train_climax_no_spectral_corruption_s43] [TRAIN] stage=finetune epoch=1/1 batch=100/3000 step=3100 repair=0.08123 localization=0 type=0 minimal=0.03976 physics=0.1203 total=0.08764
[TRAIN train_climax_no_spectral_corruption_s43] [TRAIN] stage=finetune epoch=1/1 batch=110/3000 step=3110 repair=0.1259 localization=0 type=0 minimal=0.03986 physics=0.3161 total=0.1421
[TRAIN train_climax_no_spectral_corruption_s43] [TRAIN] stage=finetune epoch=1/1 batch=120/3000 step=3120 repair=0.1223 localization=0 type=0 minimal=0.04083 physics=0.403 total=0.1429
[TRAIN train_climax_no_spectral_corruption_s43] [TRAIN] stage=finetune epoch=1/1 batch=130/3000 step=3130 repair=0.1512 localization=0 type=0 minimal=0.03842 physics=0.2361 total=0.1633
[TRAIN train_climax_no_spectral_corruption_s43] [TRAIN] stage=finetune epoch=1/1 batch=140/3000 step=3140 repair=0.1285 localization=0 type=0 minimal=0.03574 physics=0.2779 total=0.1428
[TRAIN train_climax_no_spectral_corruption_s43] [TRAIN] stage=finetune epoch=1/1 batch=150/3000 step=3150 repair=0.1713 localization=0 type=0 minimal=0.04245 physics=0.4012 total=0.1918
[TRAIN train_climax_no_spectral_corruption_s43] [TRAIN] stage=finetune epoch=1/1 batch=160/3000 step=3160 repair=0.1598 localization=0 type=0 minimal=0.03961 physics=0.364 total=0.1784
[TRAIN train_climax_no_spectral_corruption_s43] [TRAIN] stage=finetune epoch=1/1 batch=170/3000 step=3170 repair=0.08318 localization=0 type=0 minimal=0.03787 physics=0.2023 total=0.09368
[TRAIN train_climax_no_spectral_corruption_s43] [TRAIN] stage=finetune epoch=1/1 batch=180/3000 step=3180 repair=0.1252 localization=0 type=0 minimal=0.0376 physics=0.4004 total=0.1456
[TRAIN train_climax_no_spectral_corruption_s43] [TRAIN] stage=finetune epoch=1/1 batch=190/3000 step=3190 repair=0.1001 localization=0 type=0 minimal=0.03912 physics=0.2029 total=0.1107
[TRAIN train_climax_no_spectral_corruption_s43] [TRAIN] stage=finetune epoch=1/1 batch=200/3000 step=3200 repair=0.1645 localization=0 type=0 minimal=0.04184 physics=0.6215 total=0.196
[TRAIN train_climax_no_spectral_corruption_s43] [TRAIN] stage=finetune epoch=1/1 batch=210/3000 step=3210 repair=0.08049 localization=0 type=0 minimal=0.03784 physics=0.1461 total=0.08817
[TRAIN train_climax_no_spectral_corruption_s43] [TRAIN] stage=finetune epoch=1/1 batch=220/3000 step=3220 repair=0.151 localization=0 type=0 minimal=0.04123 physics=0.2278 total=0.1628
[TRAIN train_climax_no_spectral_corruption_s43] [TRAIN] stage=finetune epoch=1/1 batch=230/3000 step=3230 repair=0.08614 localization=0 type=0 minimal=0.03671 physics=0.3242 total=0.1027
[TRAIN train_climax_no_spectral_corruption_s43] [TRAIN] stage=finetune epoch=1/1 batch=240/3000 step=3240 repair=0.1303 localization=0 type=0 minimal=0.03885 physics=0.1444 total=0.1379
[TRAIN train_climax_no_spectral_corruption_s43] [TRAIN] stage=finetune epoch=1/1 batch=250/3000 step=3250 repair=0.09313 localization=0 type=0 minimal=0.03677 physics=0.1474 total=0.1009
[TRAIN train_climax_no_spectral_corruption_s43] [TRAIN] stage=finetune epoch=1/1 batch=260/3000 step=3260 repair=0.154 localization=0 type=0 minimal=0.04578 physics=0.1944 total=0.1642
[TRAIN train_climax_no_spectral_corruption_s43] [TRAIN] stage=finetune epoch=1/1 batch=270/3000 step=3270 repair=0.1633 localization=0 type=0 minimal=0.04227 physics=0.3423 total=0.1808
[TRAIN train_climax_no_spectral_corruption_s43] [TRAIN] stage=finetune epoch=1/1 batch=280/3000 step=3280 repair=0.1194 localization=0 type=0 minimal=0.03796 physics=0.2567 total=0.1326
[TRAIN train_climax_no_spectral_corruption_s43] [TRAIN] stage=finetune epoch=1/1 batch=290/3000 step=3290 repair=0.08759 localization=0 type=0 minimal=0.04004 physics=0.1775 total=0.09686
[TRAIN train_climax_no_spectral_corruption_s43] [TRAIN] stage=finetune epoch=1/1 batch=300/3000 step=3300 repair=0.07812 localization=0 type=0 minimal=0.03937 physics=0.162 total=0.08661
[TRAIN train_climax_no_spectral_corruption_s43] [TRAIN] stage=finetune epoch=1/1 batch=310/3000 step=3310 repair=0.08512 localization=0 type=0 minimal=0.04108 physics=0.214 total=0.09623
[TRAIN train_climax_no_spectral_corruption_s43] [TRAIN] stage=finetune epoch=1/1 batch=320/3000 step=3320 repair=0.1208 localization=0 type=0 minimal=0.04333 physics=0.1981 total=0.1311
[TRAIN train_climax_no_spectral_corruption_s43] [TRAIN] stage=finetune epoch=1/1 batch=330/3000 step=3330 repair=0.1274 localization=0 type=0 minimal=0.04288 physics=0.1472 total=0.1351
[TRAIN train_climax_no_spectral_corruption_s43] [TRAIN] stage=finetune epoch=1/1 batch=340/3000 step=3340 repair=0.1358 localization=0 type=0 minimal=0.04312 physics=0.1337 total=0.1429
[TRAIN train_climax_no_spectral_corruption_s43] [TRAIN] stage=finetune epoch=1/1 batch=350/3000 step=3350 repair=0.1158 localization=0 type=0 minimal=0.03949 physics=0.174 total=0.1249
[TRAIN train_climax_no_spectral_corruption_s43] [TRAIN] stage=finetune epoch=1/1 batch=360/3000 step=3360 repair=0.1331 localization=0 type=0 minimal=0.03928 physics=0.2065 total=0.1438
[TRAIN train_climax_no_spectral_corruption_s43] [TRAIN] stage=finetune epoch=1/1 batch=370/3000 step=3370 repair=0.133 localization=0 type=0 minimal=0.04211 physics=0.2737 total=0.1471
[TRAIN train_climax_no_spectral_corruption_s43] [TRAIN] stage=finetune epoch=1/1 batch=380/3000 step=3380 repair=0.08918 localization=0 type=0 minimal=0.0455 physics=0.1137 total=0.09532
[TRAIN train_climax_no_spectral_corruption_s43] [TRAIN] stage=finetune epoch=1/1 batch=390/3000 step=3390 repair=0.07993 localization=0 type=0 minimal=0.04221 physics=0.2379 total=0.09225
[TRAIN train_climax_no_spectral_corruption_s43] [TRAIN] stage=finetune epoch=1/1 batch=400/3000 step=3400 repair=0.08684 localization=0 type=0 minimal=0.03873 physics=0.1065 total=0.09255
[TRAIN train_climax_no_spectral_corruption_s43] [TRAIN] stage=finetune epoch=1/1 batch=410/3000 step=3410 repair=0.1311 localization=0 type=0 minimal=0.04218 physics=0.2069 total=0.1419
[TRAIN train_climax_no_spectral_corruption_s43] [TRAIN] stage=finetune epoch=1/1 batch=420/3000 step=3420 repair=0.1531 localization=0 type=0 minimal=0.04398 physics=0.3831 total=0.1727
[TRAIN train_climax_no_spectral_corruption_s43] [TRAIN] stage=finetune epoch=1/1 batch=430/3000 step=3430 repair=0.1742 localization=0 type=0 minimal=0.04498 physics=0.171 total=0.1832
[TRAIN train_climax_no_spectral_corruption_s43] [TRAIN] stage=finetune epoch=1/1 batch=440/3000 step=3440 repair=0.1146 localization=0 type=0 minimal=0.03958 physics=0.2697 total=0.1285
[TRAIN train_climax_no_spectral_corruption_s43] [TRAIN] stage=finetune epoch=1/1 batch=450/3000 step=3450 repair=0.08473 localization=0 type=0 minimal=0.04001 physics=0.3144 total=0.1008
[TRAIN train_climax_no_spectral_corruption_s43] [TRAIN] stage=finetune epoch=1/1 batch=460/3000 step=3460 repair=0.09219 localization=0 type=0 minimal=0.04135 physics=0.2113 total=0.1032
[TRAIN train_climax_no_spectral_corruption_s43] [TRAIN] stage=finetune epoch=1/1 batch=470/3000 step=3470 repair=0.1216 localization=0 type=0 minimal=0.04294 physics=0.1706 total=0.1306
[TRAIN train_climax_no_spectral_corruption_s43] [TRAIN] stage=finetune epoch=1/1 batch=480/3000 step=3480 repair=0.09327 localization=0 type=0 minimal=0.03781 physics=0.1315 total=0.1002
[TRAIN train_climax_no_spectral_corruption_s43] [TRAIN] stage=finetune epoch=1/1 batch=490/3000 step=3490 repair=0.1722 localization=0 type=0 minimal=0.04758 physics=0.1778 total=0.1816
[TRAIN train_climax_no_spectral_corruption_s43] [TRAIN] stage=finetune epoch=1/1 batch=500/3000 step=3500 repair=0.1212 localization=0 type=0 minimal=0.04102 physics=0.1466 total=0.1289
[TRAIN train_climax_no_spectral_corruption_s43] [TRAIN] stage=finetune epoch=1/1 batch=510/3000 step=3510 repair=0.1248 localization=0 type=0 minimal=0.04776 physics=0.1412 total=0.1324
[TRAIN train_climax_no_spectral_corruption_s43] [TRAIN] stage=finetune epoch=1/1 batch=520/3000 step=3520 repair=0.09294 localization=0 type=0 minimal=0.04034 physics=0.1138 total=0.09903
[TRAIN train_climax_no_spectral_corruption_s43] [TRAIN] stage=finetune epoch=1/1 batch=530/3000 step=3530 repair=0.07558 localization=0 type=0 minimal=0.04019 physics=0.1261 total=0.08229
[TRAIN train_climax_no_spectral_corruption_s43] [TRAIN] stage=finetune epoch=1/1 batch=540/3000 step=3540 repair=0.174 localization=0 type=0 minimal=0.04498 physics=0.1969 total=0.1843
[TRAIN train_climax_no_spectral_corruption_s43] [TRAIN] stage=finetune epoch=1/1 batch=550/3000 step=3550 repair=0.13 localization=0 type=0 minimal=0.04224 physics=0.1746 total=0.1391
[TRAIN train_climax_no_spectral_corruption_s43] [TRAIN] stage=finetune epoch=1/1 batch=560/3000 step=3560 repair=0.1509 localization=0 type=0 minimal=0.04266 physics=0.2584 total=0.1643
[TRAIN train_climax_no_spectral_corruption_s43] [TRAIN] stage=finetune epoch=1/1 batch=570/3000 step=3570 repair=0.08378 localization=0 type=0 minimal=0.03714 physics=0.08588 total=0.08845
[TRAIN train_climax_no_spectral_corruption_s43] [TRAIN] stage=finetune epoch=1/1 batch=580/3000 step=3580 repair=0.123 localization=0 type=0 minimal=0.03589 physics=0.3602 total=0.1414
[TRAIN train_climax_no_spectral_corruption_s43] [TRAIN] stage=finetune epoch=1/1 batch=590/3000 step=3590 repair=0.1264 localization=0 type=0 minimal=0.04752 physics=0.5431 total=0.154
[TRAIN train_climax_no_spectral_corruption_s43] [TRAIN] stage=finetune epoch=1/1 batch=600/3000 step=3600 repair=0.1202 localization=0 type=0 minimal=0.04233 physics=0.235 total=0.1324
[TRAIN train_climax_no_spectral_corruption_s43] [TRAIN] stage=finetune epoch=1/1 batch=610/3000 step=3610 repair=0.119 localization=0 type=0 minimal=0.03741 physics=0.178 total=0.1283
[TRAIN train_climax_no_spectral_corruption_s43] [TRAIN] stage=finetune epoch=1/1 batch=620/3000 step=3620 repair=0.09081 localization=0 type=0 minimal=0.03876 physics=0.2506 total=0.1037
[TRAIN train_climax_no_spectral_corruption_s43] [TRAIN] stage=finetune epoch=1/1 batch=630/3000 step=3630 repair=0.0936 localization=0 type=0 minimal=0.0441 physics=0.2767 total=0.1079
[TRAIN train_climax_no_spectral_corruption_s43] [TRAIN] stage=finetune epoch=1/1 batch=640/3000 step=3640 repair=0.1287 localization=0 type=0 minimal=0.04413 physics=0.2791 total=0.1431
[TRAIN train_climax_no_spectral_corruption_s43] [TRAIN] stage=finetune epoch=1/1 batch=650/3000 step=3650 repair=0.1282 localization=0 type=0 minimal=0.04141 physics=0.1956 total=0.1384
[TRAIN train_climax_no_spectral_corruption_s43] [TRAIN] stage=finetune epoch=1/1 batch=660/3000 step=3660 repair=0.1333 localization=0 type=0 minimal=0.04529 physics=0.3246 total=0.15
[TRAIN train_climax_no_spectral_corruption_s43] [TRAIN] stage=finetune epoch=1/1 batch=670/3000 step=3670 repair=0.09422 localization=0 type=0 minimal=0.04398 physics=0.3201 total=0.1107
[TRAIN train_climax_no_spectral_corruption_s43] [TRAIN] stage=finetune epoch=1/1 batch=680/3000 step=3680 repair=0.08519 localization=0 type=0 minimal=0.04196 physics=0.1572 total=0.09348
[TRAIN train_climax_no_spectral_corruption_s43] [TRAIN] stage=finetune epoch=1/1 batch=690/3000 step=3690 repair=0.1123 localization=0 type=0 minimal=0.04236 physics=0.1365 total=0.1195
[TRAIN train_climax_no_spectral_corruption_s43] [TRAIN] stage=finetune epoch=1/1 batch=700/3000 step=3700 repair=0.1106 localization=0 type=0 minimal=0.04376 physics=0.1012 total=0.1161
[TRAIN train_climax_no_spectral_corruption_s43] [TRAIN] stage=finetune epoch=1/1 batch=710/3000 step=3710 repair=0.1605 localization=0 type=0 minimal=0.04901 physics=0.124 total=0.1672
[TRAIN train_climax_no_spectral_corruption_s43] [TRAIN] stage=finetune epoch=1/1 batch=720/3000 step=3720 repair=0.08214 localization=0 type=0 minimal=0.04123 physics=0.1242 total=0.08876
[TRAIN train_climax_no_spectral_corruption_s43] [TRAIN] stage=finetune epoch=1/1 batch=730/3000 step=3730 repair=0.1229 localization=0 type=0 minimal=0.04431 physics=0.1706 total=0.1319
[TRAIN train_climax_no_spectral_corruption_s43] [TRAIN] stage=finetune epoch=1/1 batch=740/3000 step=3740 repair=0.09323 localization=0 type=0 minimal=0.04214 physics=0.1281 total=0.1001
[TRAIN train_climax_no_spectral_corruption_s43] [TRAIN] stage=finetune epoch=1/1 batch=750/3000 step=3750 repair=0.1332 localization=0 type=0 minimal=0.04657 physics=0.1713 total=0.1422
[TRAIN train_climax_no_spectral_corruption_s43] [TRAIN] stage=finetune epoch=1/1 batch=760/3000 step=3760 repair=0.1238 localization=0 type=0 minimal=0.04272 physics=0.1751 total=0.133
[TRAIN train_climax_no_spectral_corruption_s43] [TRAIN] stage=finetune epoch=1/1 batch=770/3000 step=3770 repair=0.08757 localization=0 type=0 minimal=0.04706 physics=0.1138 total=0.09373
[TRAIN train_climax_no_spectral_corruption_s43] [TRAIN] stage=finetune epoch=1/1 batch=780/3000 step=3780 repair=0.1284 localization=0 type=0 minimal=0.05182 physics=0.3756 total=0.1477
[TRAIN train_climax_no_spectral_corruption_s43] [TRAIN] stage=finetune epoch=1/1 batch=790/3000 step=3790 repair=0.08349 localization=0 type=0 minimal=0.04358 physics=0.1108 total=0.08947
[TRAIN train_climax_no_spectral_corruption_s43] [TRAIN] stage=finetune epoch=1/1 batch=800/3000 step=3800 repair=0.1143 localization=0 type=0 minimal=0.04443 physics=0.1048 total=0.12
[TRAIN train_climax_no_spectral_corruption_s43] [TRAIN] stage=finetune epoch=1/1 batch=810/3000 step=3810 repair=0.08445 localization=0 type=0 minimal=0.04553 physics=0.3578 total=0.1028
[TRAIN train_climax_no_spectral_corruption_s43] [TRAIN] stage=finetune epoch=1/1 batch=820/3000 step=3820 repair=0.1301 localization=0 type=0 minimal=0.0415 physics=0.188 total=0.1399
[TRAIN train_climax_no_spectral_corruption_s43] [TRAIN] stage=finetune epoch=1/1 batch=830/3000 step=3830 repair=0.09158 localization=0 type=0 minimal=0.04282 physics=0.2239 total=0.1032
[TRAIN train_climax_no_spectral_corruption_s43] [TRAIN] stage=finetune epoch=1/1 batch=840/3000 step=3840 repair=0.1168 localization=0 type=0 minimal=0.0416 physics=0.3783 total=0.1361
[TRAIN train_climax_no_spectral_corruption_s43] [TRAIN] stage=finetune epoch=1/1 batch=850/3000 step=3850 repair=0.1264 localization=0 type=0 minimal=0.0433 physics=0.09912 total=0.1318
[TRAIN train_climax_no_spectral_corruption_s43] [TRAIN] stage=finetune epoch=1/1 batch=860/3000 step=3860 repair=0.07556 localization=0 type=0 minimal=0.03928 physics=0.3658 total=0.09424
[TRAIN train_climax_no_spectral_corruption_s43] [TRAIN] stage=finetune epoch=1/1 batch=870/3000 step=3870 repair=0.09036 localization=0 type=0 minimal=0.04395 physics=0.2754 total=0.1046
[TRAIN train_climax_no_spectral_corruption_s43] [TRAIN] stage=finetune epoch=1/1 batch=880/3000 step=3880 repair=0.1068 localization=0 type=0 minimal=0.04294 physics=0.19 total=0.1168
[TRAIN train_climax_no_spectral_corruption_s43] [TRAIN] stage=finetune epoch=1/1 batch=890/3000 step=3890 repair=0.1589 localization=0 type=0 minimal=0.04276 physics=0.3523 total=0.177
[TRAIN train_climax_no_spectral_corruption_s43] [TRAIN] stage=finetune epoch=1/1 batch=900/3000 step=3900 repair=0.1502 localization=0 type=0 minimal=0.04489 physics=0.4269 total=0.172
[TRAIN train_climax_no_spectral_corruption_s43] [TRAIN] stage=finetune epoch=1/1 batch=910/3000 step=3910 repair=0.09006 localization=0 type=0 minimal=0.04352 physics=0.1425 total=0.09762
[TRAIN train_climax_no_spectral_corruption_s43] [TRAIN] stage=finetune epoch=1/1 batch=920/3000 step=3920 repair=0.1318 localization=0 type=0 minimal=0.04709 physics=0.3015 total=0.1474
[TRAIN train_climax_no_spectral_corruption_s43] [TRAIN] stage=finetune epoch=1/1 batch=930/3000 step=3930 repair=0.09626 localization=0 type=0 minimal=0.04391 physics=0.1602 total=0.1047
[TRAIN train_climax_no_spectral_corruption_s43] [TRAIN] stage=finetune epoch=1/1 batch=940/3000 step=3940 repair=0.1107 localization=0 type=0 minimal=0.04651 physics=0.2945 total=0.1259
[TRAIN train_climax_no_spectral_corruption_s43] [TRAIN] stage=finetune epoch=1/1 batch=950/3000 step=3950 repair=0.1179 localization=0 type=0 minimal=0.04504 physics=0.8881 total=0.1628
[TRAIN train_climax_no_spectral_corruption_s43] [TRAIN] stage=finetune epoch=1/1 batch=960/3000 step=3960 repair=0.1261 localization=0 type=0 minimal=0.04825 physics=0.3076 total=0.142
[TRAIN train_climax_no_spectral_corruption_s43] [TRAIN] stage=finetune epoch=1/1 batch=970/3000 step=3970 repair=0.07864 localization=0 type=0 minimal=0.04333 physics=0.3903 total=0.09859
[TRAIN train_climax_no_spectral_corruption_s43] [TRAIN] stage=finetune epoch=1/1 batch=980/3000 step=3980 repair=0.1197 localization=0 type=0 minimal=0.04333 physics=0.2124 total=0.1308
[TRAIN train_climax_no_spectral_corruption_s43] [TRAIN] stage=finetune epoch=1/1 batch=990/3000 step=3990 repair=0.1157 localization=0 type=0 minimal=0.04407 physics=0.3044 total=0.1313
[TRAIN train_climax_no_spectral_corruption_s43] [TRAIN] stage=finetune epoch=1/1 batch=1000/3000 step=4000 repair=0.07551 localization=0 type=0 minimal=0.0426 physics=0.2974 total=0.0908
[TRAIN train_climax_no_spectral_corruption_s43] [TRAIN] stage=finetune epoch=1/1 batch=1010/3000 step=4010 repair=0.1187 localization=0 type=0 minimal=0.04391 physics=0.2532 total=0.1318
[TRAIN train_climax_no_spectral_corruption_s43] [TRAIN] stage=finetune epoch=1/1 batch=1020/3000 step=4020 repair=0.1217 localization=0 type=0 minimal=0.04419 physics=0.09208 total=0.1267
[TRAIN train_climax_no_spectral_corruption_s43] [TRAIN] stage=finetune epoch=1/1 batch=1030/3000 step=4030 repair=0.08173 localization=0 type=0 minimal=0.04852 physics=0.237 total=0.09406
[TRAIN train_climax_no_spectral_corruption_s43] [TRAIN] stage=finetune epoch=1/1 batch=1040/3000 step=4040 repair=0.08211 localization=0 type=0 minimal=0.04245 physics=0.1701 total=0.09104
[TRAIN train_climax_no_spectral_corruption_s43] [TRAIN] stage=finetune epoch=1/1 batch=1050/3000 step=4050 repair=0.07297 localization=0 type=0 minimal=0.04996 physics=0.1449 total=0.08071
[TRAIN train_climax_no_spectral_corruption_s43] [TRAIN] stage=finetune epoch=1/1 batch=1060/3000 step=4060 repair=0.1167 localization=0 type=0 minimal=0.04584 physics=0.1543 total=0.1249
[TRAIN train_climax_no_spectral_corruption_s43] [TRAIN] stage=finetune epoch=1/1 batch=1070/3000 step=4070 repair=0.08429 localization=0 type=0 minimal=0.04501 physics=0.1001 total=0.08974
[TRAIN train_climax_no_spectral_corruption_s43] [TRAIN] stage=finetune epoch=1/1 batch=1080/3000 step=4080 repair=0.08912 localization=0 type=0 minimal=0.04633 physics=0.1041 total=0.09478
[TRAIN train_climax_no_spectral_corruption_s43] [TRAIN] stage=finetune epoch=1/1 batch=1090/3000 step=4090 repair=0.1293 localization=0 type=0 minimal=0.04709 physics=0.2023 total=0.1399
[TRAIN train_climax_no_spectral_corruption_s43] [TRAIN] stage=finetune epoch=1/1 batch=1100/3000 step=4100 repair=0.1287 localization=0 type=0 minimal=0.05005 physics=0.1324 total=0.1359
[TRAIN train_climax_no_spectral_corruption_s43] [TRAIN] stage=finetune epoch=1/1 batch=1110/3000 step=4110 repair=0.09522 localization=0 type=0 minimal=0.04623 physics=0.1521 total=0.1033
[TRAIN train_climax_no_spectral_corruption_s43] [TRAIN] stage=finetune epoch=1/1 batch=1120/3000 step=4120 repair=0.07839 localization=0 type=0 minimal=0.04758 physics=0.1607 total=0.0869
[TRAIN train_climax_no_spectral_corruption_s43] [TRAIN] stage=finetune epoch=1/1 batch=1130/3000 step=4130 repair=0.1342 localization=0 type=0 minimal=0.05127 physics=0.1392 total=0.1416
[TRAIN train_climax_no_spectral_corruption_s43] [TRAIN] stage=finetune epoch=1/1 batch=1140/3000 step=4140 repair=0.1184 localization=0 type=0 minimal=0.04578 physics=0.1489 total=0.1263
[TRAIN train_climax_no_spectral_corruption_s43] [TRAIN] stage=finetune epoch=1/1 batch=1150/3000 step=4150 repair=0.1638 localization=0 type=0 minimal=0.04922 physics=0.2396 total=0.1763
[TRAIN train_climax_no_spectral_corruption_s43] [TRAIN] stage=finetune epoch=1/1 batch=1160/3000 step=4160 repair=0.1164 localization=0 type=0 minimal=0.04904 physics=0.2534 total=0.1296
[TRAIN train_climax_no_spectral_corruption_s43] [TRAIN] stage=finetune epoch=1/1 batch=1170/3000 step=4170 repair=0.123 localization=0 type=0 minimal=0.05136 physics=0.2791 total=0.1375
[TRAIN train_climax_no_spectral_corruption_s43] [TRAIN] stage=finetune epoch=1/1 batch=1180/3000 step=4180 repair=0.08229 localization=0 type=0 minimal=0.04529 physics=0.1932 total=0.0924
[TRAIN train_climax_no_spectral_corruption_s43] [TRAIN] stage=finetune epoch=1/1 batch=1190/3000 step=4190 repair=0.1316 localization=0 type=0 minimal=0.04892 physics=0.191 total=0.1416
[TRAIN train_climax_no_spectral_corruption_s43] [TRAIN] stage=finetune epoch=1/1 batch=1200/3000 step=4200 repair=0.1326 localization=0 type=0 minimal=0.04507 physics=0.2266 total=0.1444
[TRAIN train_climax_no_spectral_corruption_s43] [TRAIN] stage=finetune epoch=1/1 batch=1210/3000 step=4210 repair=0.1124 localization=0 type=0 minimal=0.04578 physics=0.1818 total=0.122
[TRAIN train_climax_no_spectral_corruption_s43] [TRAIN] stage=finetune epoch=1/1 batch=1220/3000 step=4220 repair=0.08198 localization=0 type=0 minimal=0.04883 physics=0.1077 total=0.08786
[TRAIN train_climax_no_spectral_corruption_s43] [TRAIN] stage=finetune epoch=1/1 batch=1230/3000 step=4230 repair=0.1569 localization=0 type=0 minimal=0.04935 physics=0.4205 total=0.1784
[TRAIN train_climax_no_spectral_corruption_s43] [TRAIN] stage=finetune epoch=1/1 batch=1240/3000 step=4240 repair=0.1187 localization=0 type=0 minimal=0.05038 physics=0.1765 total=0.1281
[TRAIN train_climax_no_spectral_corruption_s43] [TRAIN] stage=finetune epoch=1/1 batch=1250/3000 step=4250 repair=0.1314 localization=0 type=0 minimal=0.04709 physics=0.3177 total=0.1478
[TRAIN train_climax_no_spectral_corruption_s43] [TRAIN] stage=finetune epoch=1/1 batch=1260/3000 step=4260 repair=0.1301 localization=0 type=0 minimal=0.05258 physics=0.1432 total=0.1378
[TRAIN train_climax_no_spectral_corruption_s43] [TRAIN] stage=finetune epoch=1/1 batch=1270/3000 step=4270 repair=0.1608 localization=0 type=0 minimal=0.05038 physics=0.2059 total=0.1716
[TRAIN train_climax_no_spectral_corruption_s43] [TRAIN] stage=finetune epoch=1/1 batch=1280/3000 step=4280 repair=0.08758 localization=0 type=0 minimal=0.04419 physics=0.278 total=0.1019
[TRAIN train_climax_no_spectral_corruption_s43] [TRAIN] stage=finetune epoch=1/1 batch=1290/3000 step=4290 repair=0.1214 localization=0 type=0 minimal=0.05017 physics=0.2203 total=0.133
[TRAIN train_climax_no_spectral_corruption_s43] [TRAIN] stage=finetune epoch=1/1 batch=1300/3000 step=4300 repair=0.09418 localization=0 type=0 minimal=0.04736 physics=0.1262 total=0.101
[TRAIN train_climax_no_spectral_corruption_s43] [TRAIN] stage=finetune epoch=1/1 batch=1310/3000 step=4310 repair=0.09047 localization=0 type=0 minimal=0.04645 physics=0.2974 total=0.1058
[TRAIN train_climax_no_spectral_corruption_s43] [TRAIN] stage=finetune epoch=1/1 batch=1320/3000 step=4320 repair=0.1174 localization=0 type=0 minimal=0.05096 physics=0.1357 total=0.1247
[TRAIN train_climax_no_spectral_corruption_s43] [TRAIN] stage=finetune epoch=1/1 batch=1330/3000 step=4330 repair=0.08825 localization=0 type=0 minimal=0.04895 physics=0.1172 total=0.0946
[TRAIN train_climax_no_spectral_corruption_s43] [TRAIN] stage=finetune epoch=1/1 batch=1340/3000 step=4340 repair=0.1436 localization=0 type=0 minimal=0.04849 physics=0.2851 total=0.1584
[TRAIN train_climax_no_spectral_corruption_s43] [TRAIN] stage=finetune epoch=1/1 batch=1350/3000 step=4350 repair=0.0758 localization=0 type=0 minimal=0.04825 physics=0.3019 total=0.09138
[TRAIN train_climax_no_spectral_corruption_s43] [TRAIN] stage=finetune epoch=1/1 batch=1360/3000 step=4360 repair=0.07999 localization=0 type=0 minimal=0.05377 physics=0.2282 total=0.09194
[TRAIN train_climax_no_spectral_corruption_s43] [TRAIN] stage=finetune epoch=1/1 batch=1370/3000 step=4370 repair=0.08008 localization=0 type=0 minimal=0.048 physics=0.1105 total=0.08609
[TRAIN train_climax_no_spectral_corruption_s43] [TRAIN] stage=finetune epoch=1/1 batch=1380/3000 step=4380 repair=0.09094 localization=0 type=0 minimal=0.04852 physics=0.1933 total=0.1011
[TRAIN train_climax_no_spectral_corruption_s43] [TRAIN] stage=finetune epoch=1/1 batch=1390/3000 step=4390 repair=0.1418 localization=0 type=0 minimal=0.04883 physics=0.4061 total=0.1626
[TRAIN train_climax_no_spectral_corruption_s43] [TRAIN] stage=finetune epoch=1/1 batch=1400/3000 step=4400 repair=0.1489 localization=0 type=0 minimal=0.04843 physics=0.25 total=0.1619
[TRAIN train_climax_no_spectral_corruption_s43] [TRAIN] stage=finetune epoch=1/1 batch=1410/3000 step=4410 repair=0.13 localization=0 type=0 minimal=0.05191 physics=0.2161 total=0.1413
[TRAIN train_climax_no_spectral_corruption_s43] [TRAIN] stage=finetune epoch=1/1 batch=1420/3000 step=4420 repair=0.1144 localization=0 type=0 minimal=0.05334 physics=0.2059 total=0.1252
[TRAIN train_climax_no_spectral_corruption_s43] [TRAIN] stage=finetune epoch=1/1 batch=1430/3000 step=4430 repair=0.075 localization=0 type=0 minimal=0.04944 physics=0.104 total=0.0807
[TRAIN train_climax_no_spectral_corruption_s43] [TRAIN] stage=finetune epoch=1/1 batch=1440/3000 step=4440 repair=0.1149 localization=0 type=0 minimal=0.05029 physics=0.2211 total=0.1265
[TRAIN train_climax_no_spectral_corruption_s43] [TRAIN] stage=finetune epoch=1/1 batch=1450/3000 step=4450 repair=0.1225 localization=0 type=0 minimal=0.05188 physics=0.1789 total=0.132
[TRAIN train_climax_no_spectral_corruption_s43] [TRAIN] stage=finetune epoch=1/1 batch=1460/3000 step=4460 repair=0.07996 localization=0 type=0 minimal=0.05203 physics=0.3769 total=0.09933
[TRAIN train_climax_no_spectral_corruption_s43] [TRAIN] stage=finetune epoch=1/1 batch=1470/3000 step=4470 repair=0.1285 localization=0 type=0 minimal=0.05551 physics=0.2394 total=0.141
[TRAIN train_climax_no_spectral_corruption_s43] [TRAIN] stage=finetune epoch=1/1 batch=1480/3000 step=4480 repair=0.1179 localization=0 type=0 minimal=0.05099 physics=0.1557 total=0.1262
[TRAIN train_climax_no_spectral_corruption_s43] [TRAIN] stage=finetune epoch=1/1 batch=1490/3000 step=4490 repair=0.1298 localization=0 type=0 minimal=0.04584 physics=0.1722 total=0.1388
[TRAIN train_climax_no_spectral_corruption_s43] [TRAIN] stage=finetune epoch=1/1 batch=1500/3000 step=4500 repair=0.08431 localization=0 type=0 minimal=0.04758 physics=0.08936 total=0.08925
[TRAIN train_climax_no_spectral_corruption_s43] [TRAIN] stage=finetune epoch=1/1 batch=1510/3000 step=4510 repair=0.1519 localization=0 type=0 minimal=0.05054 physics=0.1359 total=0.1592
[TRAIN train_climax_no_spectral_corruption_s43] [TRAIN] stage=finetune epoch=1/1 batch=1520/3000 step=4520 repair=0.07973 localization=0 type=0 minimal=0.05551 physics=0.1207 total=0.08632
[TRAIN train_climax_no_spectral_corruption_s43] [TRAIN] stage=finetune epoch=1/1 batch=1530/3000 step=4530 repair=0.07704 localization=0 type=0 minimal=0.05066 physics=0.2771 total=0.0914
[TRAIN train_climax_no_spectral_corruption_s43] [TRAIN] stage=finetune epoch=1/1 batch=1540/3000 step=4540 repair=0.0762 localization=0 type=0 minimal=0.04889 physics=0.3703 total=0.0952
[TRAIN train_climax_no_spectral_corruption_s43] [TRAIN] stage=finetune epoch=1/1 batch=1550/3000 step=4550 repair=0.1276 localization=0 type=0 minimal=0.04938 physics=0.1144 total=0.1338
[TRAIN train_climax_no_spectral_corruption_s43] [TRAIN] stage=finetune epoch=1/1 batch=1560/3000 step=4560 repair=0.125 localization=0 type=0 minimal=0.05106 physics=0.1911 total=0.1351
[TRAIN train_climax_no_spectral_corruption_s43] [TRAIN] stage=finetune epoch=1/1 batch=1570/3000 step=4570 repair=0.07513 localization=0 type=0 minimal=0.05023 physics=0.1759 total=0.08443
[TRAIN train_climax_no_spectral_corruption_s43] [TRAIN] stage=finetune epoch=1/1 batch=1580/3000 step=4580 repair=0.07618 localization=0 type=0 minimal=0.05161 physics=0.09237 total=0.08131
[TRAIN train_climax_no_spectral_corruption_s43] [TRAIN] stage=finetune epoch=1/1 batch=1590/3000 step=4590 repair=0.08752 localization=0 type=0 minimal=0.04453 physics=0.1754 total=0.09673
[TRAIN train_climax_no_spectral_corruption_s43] [TRAIN] stage=finetune epoch=1/1 batch=1600/3000 step=4600 repair=0.1069 localization=0 type=0 minimal=0.0462 physics=0.3874 total=0.1267
[TRAIN train_climax_no_spectral_corruption_s43] [TRAIN] stage=finetune epoch=1/1 batch=1610/3000 step=4610 repair=0.08274 localization=0 type=0 minimal=0.05347 physics=0.1218 total=0.08937
[TRAIN train_climax_no_spectral_corruption_s43] [TRAIN] stage=finetune epoch=1/1 batch=1620/3000 step=4620 repair=0.1281 localization=0 type=0 minimal=0.04941 physics=0.2099 total=0.1391
[TRAIN train_climax_no_spectral_corruption_s43] [TRAIN] stage=finetune epoch=1/1 batch=1630/3000 step=4630 repair=0.1808 localization=0 type=0 minimal=0.05637 physics=0.2403 total=0.1933
[TRAIN train_climax_no_spectral_corruption_s43] [TRAIN] stage=finetune epoch=1/1 batch=1640/3000 step=4640 repair=0.1127 localization=0 type=0 minimal=0.05252 physics=0.1608 total=0.1212
[TRAIN train_climax_no_spectral_corruption_s43] [TRAIN] stage=finetune epoch=1/1 batch=1650/3000 step=4650 repair=0.1259 localization=0 type=0 minimal=0.05194 physics=0.1121 total=0.132
[TRAIN train_climax_no_spectral_corruption_s43] [TRAIN] stage=finetune epoch=1/1 batch=1660/3000 step=4660 repair=0.06916 localization=0 type=0 minimal=0.04523 physics=0.1162 total=0.07543
[TRAIN train_climax_no_spectral_corruption_s43] [TRAIN] stage=finetune epoch=1/1 batch=1670/3000 step=4670 repair=0.06985 localization=0 type=0 minimal=0.05872 physics=0.3793 total=0.0894
[TRAIN train_climax_no_spectral_corruption_s43] [TRAIN] stage=finetune epoch=1/1 batch=1680/3000 step=4680 repair=0.09366 localization=0 type=0 minimal=0.04565 physics=0.28 total=0.1081
[TRAIN train_climax_no_spectral_corruption_s43] [TRAIN] stage=finetune epoch=1/1 batch=1690/3000 step=4690 repair=0.1207 localization=0 type=0 minimal=0.05508 physics=0.4017 total=0.1413
[TRAIN train_climax_no_spectral_corruption_s43] [TRAIN] stage=finetune epoch=1/1 batch=1700/3000 step=4700 repair=0.08076 localization=0 type=0 minimal=0.04819 physics=0.09387 total=0.08593
[TRAIN train_climax_no_spectral_corruption_s43] [TRAIN] stage=finetune epoch=1/1 batch=1710/3000 step=4710 repair=0.08076 localization=0 type=0 minimal=0.05222 physics=0.09981 total=0.08628
[TRAIN train_climax_no_spectral_corruption_s43] [TRAIN] stage=finetune epoch=1/1 batch=1720/3000 step=4720 repair=0.07929 localization=0 type=0 minimal=0.04877 physics=0.2599 total=0.09277
[TRAIN train_climax_no_spectral_corruption_s43] [TRAIN] stage=finetune epoch=1/1 batch=1730/3000 step=4730 repair=0.09325 localization=0 type=0 minimal=0.05063 physics=0.2413 total=0.1058
[TRAIN train_climax_no_spectral_corruption_s43] [TRAIN] stage=finetune epoch=1/1 batch=1740/3000 step=4740 repair=0.116 localization=0 type=0 minimal=0.04877 physics=0.2946 total=0.1312
[TRAIN train_climax_no_spectral_corruption_s43] [TRAIN] stage=finetune epoch=1/1 batch=1750/3000 step=4750 repair=0.1268 localization=0 type=0 minimal=0.05594 physics=0.131 total=0.1339
[TRAIN train_climax_no_spectral_corruption_s43] [TRAIN] stage=finetune epoch=1/1 batch=1760/3000 step=4760 repair=0.166 localization=0 type=0 minimal=0.05072 physics=0.1923 total=0.1761
[TRAIN train_climax_no_spectral_corruption_s43] [TRAIN] stage=finetune epoch=1/1 batch=1770/3000 step=4770 repair=0.1148 localization=0 type=0 minimal=0.05255 physics=0.1449 total=0.1226
[TRAIN train_climax_no_spectral_corruption_s43] [TRAIN] stage=finetune epoch=1/1 batch=1780/3000 step=4780 repair=0.1122 localization=0 type=0 minimal=0.0498 physics=0.2178 total=0.1236
[TRAIN train_climax_no_spectral_corruption_s43] [TRAIN] stage=finetune epoch=1/1 batch=1790/3000 step=4790 repair=0.07327 localization=0 type=0 minimal=0.04904 physics=0.3133 total=0.08943
[TRAIN train_climax_no_spectral_corruption_s43] [TRAIN] stage=finetune epoch=1/1 batch=1800/3000 step=4800 repair=0.17 localization=0 type=0 minimal=0.05222 physics=0.1742 total=0.1793
[TRAIN train_climax_no_spectral_corruption_s43] [TRAIN] stage=finetune epoch=1/1 batch=1810/3000 step=4810 repair=0.1207 localization=0 type=0 minimal=0.04736 physics=0.1354 total=0.1279
[TRAIN train_climax_no_spectral_corruption_s43] [TRAIN] stage=finetune epoch=1/1 batch=1820/3000 step=4820 repair=0.1168 localization=0 type=0 minimal=0.05396 physics=0.1774 total=0.1262
[TRAIN train_climax_no_spectral_corruption_s43] [TRAIN] stage=finetune epoch=1/1 batch=1830/3000 step=4830 repair=0.1161 localization=0 type=0 minimal=0.04721 physics=0.2348 total=0.1283
[TRAIN train_climax_no_spectral_corruption_s43] [TRAIN] stage=finetune epoch=1/1 batch=1840/3000 step=4840 repair=0.08502 localization=0 type=0 minimal=0.04178 physics=0.1788 total=0.09438
[TRAIN train_climax_no_spectral_corruption_s43] [TRAIN] stage=finetune epoch=1/1 batch=1850/3000 step=4850 repair=0.1322 localization=0 type=0 minimal=0.06024 physics=0.3702 total=0.1513
[TRAIN train_climax_no_spectral_corruption_s43] [TRAIN] stage=finetune epoch=1/1 batch=1860/3000 step=4860 repair=0.1188 localization=0 type=0 minimal=0.05399 physics=0.3007 total=0.1344
[TRAIN train_climax_no_spectral_corruption_s43] [TRAIN] stage=finetune epoch=1/1 batch=1870/3000 step=4870 repair=0.07907 localization=0 type=0 minimal=0.04932 physics=0.1036 total=0.08474
[TRAIN train_climax_no_spectral_corruption_s43] [TRAIN] stage=finetune epoch=1/1 batch=1880/3000 step=4880 repair=0.1382 localization=0 type=0 minimal=0.05829 physics=0.15 total=0.1462
[TRAIN train_climax_no_spectral_corruption_s43] [TRAIN] stage=finetune epoch=1/1 batch=1890/3000 step=4890 repair=0.1194 localization=0 type=0 minimal=0.05005 physics=0.2 total=0.1299
[TRAIN train_climax_no_spectral_corruption_s43] [TRAIN] stage=finetune epoch=1/1 batch=1900/3000 step=4900 repair=0.08437 localization=0 type=0 minimal=0.06042 physics=0.1471 total=0.09233
[TRAIN train_climax_no_spectral_corruption_s43] [TRAIN] stage=finetune epoch=1/1 batch=1910/3000 step=4910 repair=0.07127 localization=0 type=0 minimal=0.05231 physics=0.09589 total=0.07659
[TRAIN train_climax_no_spectral_corruption_s43] [TRAIN] stage=finetune epoch=1/1 batch=1920/3000 step=4920 repair=0.1334 localization=0 type=0 minimal=0.0491 physics=0.4678 total=0.1573
[TRAIN train_climax_no_spectral_corruption_s43] [TRAIN] stage=finetune epoch=1/1 batch=1930/3000 step=4930 repair=0.1573 localization=0 type=0 minimal=0.05139 physics=0.1933 total=0.1675
[TRAIN train_climax_no_spectral_corruption_s43] [TRAIN] stage=finetune epoch=1/1 batch=1940/3000 step=4940 repair=0.1329 localization=0 type=0 minimal=0.04929 physics=0.2106 total=0.1439
[TRAIN train_climax_no_spectral_corruption_s43] [TRAIN] stage=finetune epoch=1/1 batch=1950/3000 step=4950 repair=0.07809 localization=0 type=0 minimal=0.05206 physics=0.1728 total=0.08725
[TRAIN train_climax_no_spectral_corruption_s43] [TRAIN] stage=finetune epoch=1/1 batch=1960/3000 step=4960 repair=0.08189 localization=0 type=0 minimal=0.04932 physics=0.4426 total=0.1045
[TRAIN train_climax_no_spectral_corruption_s43] [TRAIN] stage=finetune epoch=1/1 batch=1970/3000 step=4970 repair=0.07331 localization=0 type=0 minimal=0.05319 physics=0.1827 total=0.08298
[TRAIN train_climax_no_spectral_corruption_s43] [TRAIN] stage=finetune epoch=1/1 batch=1980/3000 step=4980 repair=0.1412 localization=0 type=0 minimal=0.06006 physics=0.1523 total=0.1494
[TRAIN train_climax_no_spectral_corruption_s43] [TRAIN] stage=finetune epoch=1/1 batch=1990/3000 step=4990 repair=0.08848 localization=0 type=0 minimal=0.05411 physics=0.09205 total=0.09362
[TRAIN train_climax_no_spectral_corruption_s43] [TRAIN] stage=finetune epoch=1/1 batch=2000/3000 step=5000 repair=0.1247 localization=0 type=0 minimal=0.04767 physics=0.3462 total=0.1425
[TRAIN train_climax_no_spectral_corruption_s43] [TRAIN] stage=finetune epoch=1/1 batch=2010/3000 step=5010 repair=0.122 localization=0 type=0 minimal=0.04852 physics=0.2572 total=0.1354
[TRAIN train_climax_no_spectral_corruption_s43] [TRAIN] stage=finetune epoch=1/1 batch=2020/3000 step=5020 repair=0.08825 localization=0 type=0 minimal=0.05609 physics=0.2526 total=0.1014
[TRAIN train_climax_no_spectral_corruption_s43] [TRAIN] stage=finetune epoch=1/1 batch=2030/3000 step=5030 repair=0.1351 localization=0 type=0 minimal=0.05319 physics=0.2865 total=0.1499
[TRAIN train_climax_no_spectral_corruption_s43] [TRAIN] stage=finetune epoch=1/1 batch=2040/3000 step=5040 repair=0.08365 localization=0 type=0 minimal=0.05765 physics=0.09518 total=0.08899
[TRAIN train_climax_no_spectral_corruption_s43] [TRAIN] stage=finetune epoch=1/1 batch=2050/3000 step=5050 repair=0.07796 localization=0 type=0 minimal=0.05438 physics=0.2488 total=0.09094
[TRAIN train_climax_no_spectral_corruption_s43] [TRAIN] stage=finetune epoch=1/1 batch=2060/3000 step=5060 repair=0.1078 localization=0 type=0 minimal=0.04874 physics=0.4711 total=0.1319
[TRAIN train_climax_no_spectral_corruption_s43] [TRAIN] stage=finetune epoch=1/1 batch=2070/3000 step=5070 repair=0.1086 localization=0 type=0 minimal=0.05505 physics=0.1221 total=0.1153
[TRAIN train_climax_no_spectral_corruption_s43] [TRAIN] stage=finetune epoch=1/1 batch=2080/3000 step=5080 repair=0.08491 localization=0 type=0 minimal=0.05447 physics=0.1272 total=0.09181
[TRAIN train_climax_no_spectral_corruption_s43] [TRAIN] stage=finetune epoch=1/1 batch=2090/3000 step=5090 repair=0.07665 localization=0 type=0 minimal=0.05164 physics=0.09547 total=0.08194
[TRAIN train_climax_no_spectral_corruption_s43] [TRAIN] stage=finetune epoch=1/1 batch=2100/3000 step=5100 repair=0.08919 localization=0 type=0 minimal=0.0513 physics=0.1631 total=0.09785
[TRAIN train_climax_no_spectral_corruption_s43] [TRAIN] stage=finetune epoch=1/1 batch=2110/3000 step=5110 repair=0.1403 localization=0 type=0 minimal=0.03772 physics=0.9832 total=0.1899
[TRAIN train_climax_no_spectral_corruption_s43] [TRAIN] stage=finetune epoch=1/1 batch=2120/3000 step=5120 repair=0.118 localization=0 type=0 minimal=0.04926 physics=0.1755 total=0.1273
[TRAIN train_climax_no_spectral_corruption_s43] [TRAIN] stage=finetune epoch=1/1 batch=2130/3000 step=5130 repair=0.07809 localization=0 type=0 minimal=0.05176 physics=0.0974 total=0.08347
[TRAIN train_climax_no_spectral_corruption_s43] [TRAIN] stage=finetune epoch=1/1 batch=2140/3000 step=5140 repair=0.1274 localization=0 type=0 minimal=0.05209 physics=0.2218 total=0.139
[TRAIN train_climax_no_spectral_corruption_s43] [TRAIN] stage=finetune epoch=1/1 batch=2150/3000 step=5150 repair=0.1335 localization=0 type=0 minimal=0.05185 physics=0.1385 total=0.141
[TRAIN train_climax_no_spectral_corruption_s43] [TRAIN] stage=finetune epoch=1/1 batch=2160/3000 step=5160 repair=0.06642 localization=0 type=0 minimal=0.04895 physics=0.1044 total=0.07213
[TRAIN train_climax_no_spectral_corruption_s43] [TRAIN] stage=finetune epoch=1/1 batch=2170/3000 step=5170 repair=0.1194 localization=0 type=0 minimal=0.05234 physics=0.2158 total=0.1307
[TRAIN train_climax_no_spectral_corruption_s43] [TRAIN] stage=finetune epoch=1/1 batch=2180/3000 step=5180 repair=0.1246 localization=0 type=0 minimal=0.06354 physics=0.1014 total=0.1303
[TRAIN train_climax_no_spectral_corruption_s43] [TRAIN] stage=finetune epoch=1/1 batch=2190/3000 step=5190 repair=0.06996 localization=0 type=0 minimal=0.05481 physics=0.124 total=0.07671
[TRAIN train_climax_no_spectral_corruption_s43] [TRAIN] stage=finetune epoch=1/1 batch=2200/3000 step=5200 repair=0.1122 localization=0 type=0 minimal=0.0528 physics=0.2535 total=0.1254
[TRAIN train_climax_no_spectral_corruption_s43] [TRAIN] stage=finetune epoch=1/1 batch=2210/3000 step=5210 repair=0.08108 localization=0 type=0 minimal=0.05365 physics=0.09396 total=0.08632
[TRAIN train_climax_no_spectral_corruption_s43] [TRAIN] stage=finetune epoch=1/1 batch=2220/3000 step=5220 repair=0.1094 localization=0 type=0 minimal=0.05298 physics=0.2312 total=0.1215
[TRAIN train_climax_no_spectral_corruption_s43] [TRAIN] stage=finetune epoch=1/1 batch=2230/3000 step=5230 repair=0.0773 localization=0 type=0 minimal=0.05353 physics=0.1165 total=0.08366
[TRAIN train_climax_no_spectral_corruption_s43] [TRAIN] stage=finetune epoch=1/1 batch=2240/3000 step=5240 repair=0.08028 localization=0 type=0 minimal=0.05362 physics=0.4735 total=0.1045
[TRAIN train_climax_no_spectral_corruption_s43] [TRAIN] stage=finetune epoch=1/1 batch=2250/3000 step=5250 repair=0.1437 localization=0 type=0 minimal=0.04971 physics=0.1293 total=0.1507
[TRAIN train_climax_no_spectral_corruption_s43] [TRAIN] stage=finetune epoch=1/1 batch=2260/3000 step=5260 repair=0.1163 localization=0 type=0 minimal=0.05502 physics=0.2793 total=0.1308
[TRAIN train_climax_no_spectral_corruption_s43] [TRAIN] stage=finetune epoch=1/1 batch=2270/3000 step=5270 repair=0.1081 localization=0 type=0 minimal=0.05328 physics=0.1782 total=0.1175
[TRAIN train_climax_no_spectral_corruption_s43] [TRAIN] stage=finetune epoch=1/1 batch=2280/3000 step=5280 repair=0.07499 localization=0 type=0 minimal=0.04944 physics=0.296 total=0.09028
[TRAIN train_climax_no_spectral_corruption_s43] [TRAIN] stage=finetune epoch=1/1 batch=2290/3000 step=5290 repair=0.1342 localization=0 type=0 minimal=0.05438 physics=0.188 total=0.1442
[TRAIN train_climax_no_spectral_corruption_s43] [TRAIN] stage=finetune epoch=1/1 batch=2300/3000 step=5300 repair=0.1135 localization=0 type=0 minimal=0.04971 physics=0.1349 total=0.1207
[TRAIN train_climax_no_spectral_corruption_s43] [TRAIN] stage=finetune epoch=1/1 batch=2310/3000 step=5310 repair=0.09208 localization=0 type=0 minimal=0.04874 physics=0.107 total=0.09792
[TRAIN train_climax_no_spectral_corruption_s43] [TRAIN] stage=finetune epoch=1/1 batch=2320/3000 step=5320 repair=0.1648 localization=0 type=0 minimal=0.05502 physics=0.4438 total=0.1875
[TRAIN train_climax_no_spectral_corruption_s43] [TRAIN] stage=finetune epoch=1/1 batch=2330/3000 step=5330 repair=0.08056 localization=0 type=0 minimal=0.05453 physics=0.3989 total=0.101
[TRAIN train_climax_no_spectral_corruption_s43] [TRAIN] stage=finetune epoch=1/1 batch=2340/3000 step=5340 repair=0.1216 localization=0 type=0 minimal=0.05273 physics=0.5848 total=0.1514
[TRAIN train_climax_no_spectral_corruption_s43] [TRAIN] stage=finetune epoch=1/1 batch=2350/3000 step=5350 repair=0.09043 localization=0 type=0 minimal=0.05209 physics=0.1755 total=0.09973
[TRAIN train_climax_no_spectral_corruption_s43] [TRAIN] stage=finetune epoch=1/1 batch=2360/3000 step=5360 repair=0.0907 localization=0 type=0 minimal=0.05673 physics=0.1116 total=0.09685
[TRAIN train_climax_no_spectral_corruption_s43] [TRAIN] stage=finetune epoch=1/1 batch=2370/3000 step=5370 repair=0.08423 localization=0 type=0 minimal=0.0546 physics=0.124 total=0.09097
[TRAIN train_climax_no_spectral_corruption_s43] [TRAIN] stage=finetune epoch=1/1 batch=2380/3000 step=5380 repair=0.1127 localization=0 type=0 minimal=0.05511 physics=0.2221 total=0.1243
[TRAIN train_climax_no_spectral_corruption_s43] [TRAIN] stage=finetune epoch=1/1 batch=2390/3000 step=5390 repair=0.1159 localization=0 type=0 minimal=0.04962 physics=0.2654 total=0.1297
[TRAIN train_climax_no_spectral_corruption_s43] [TRAIN] stage=finetune epoch=1/1 batch=2400/3000 step=5400 repair=0.1206 localization=0 type=0 minimal=0.05725 physics=0.4325 total=0.1428
[TRAIN train_climax_no_spectral_corruption_s43] [TRAIN] stage=finetune epoch=1/1 batch=2410/3000 step=5410 repair=0.07374 localization=0 type=0 minimal=0.05267 physics=0.1057 total=0.07955
[TRAIN train_climax_no_spectral_corruption_s43] [TRAIN] stage=finetune epoch=1/1 batch=2420/3000 step=5420 repair=0.06775 localization=0 type=0 minimal=0.06158 physics=0.325 total=0.08462
[TRAIN train_climax_no_spectral_corruption_s43] [TRAIN] stage=finetune epoch=1/1 batch=2430/3000 step=5430 repair=0.117 localization=0 type=0 minimal=0.05664 physics=0.1053 total=0.1228
[TRAIN train_climax_no_spectral_corruption_s43] [TRAIN] stage=finetune epoch=1/1 batch=2440/3000 step=5440 repair=0.07038 localization=0 type=0 minimal=0.05704 physics=0.1465 total=0.07827
[TRAIN train_climax_no_spectral_corruption_s43] [TRAIN] stage=finetune epoch=1/1 batch=2450/3000 step=5450 repair=0.123 localization=0 type=0 minimal=0.04901 physics=0.6319 total=0.1551
[TRAIN train_climax_no_spectral_corruption_s43] [TRAIN] stage=finetune epoch=1/1 batch=2460/3000 step=5460 repair=0.119 localization=0 type=0 minimal=0.05093 physics=0.2095 total=0.1299
[TRAIN train_climax_no_spectral_corruption_s43] [TRAIN] stage=finetune epoch=1/1 batch=2470/3000 step=5470 repair=0.1598 localization=0 type=0 minimal=0.04886 physics=0.1852 total=0.1696
[TRAIN train_climax_no_spectral_corruption_s43] [TRAIN] stage=finetune epoch=1/1 batch=2480/3000 step=5480 repair=0.08203 localization=0 type=0 minimal=0.05719 physics=0.1395 total=0.08958
[TRAIN train_climax_no_spectral_corruption_s43] [TRAIN] stage=finetune epoch=1/1 batch=2490/3000 step=5490 repair=0.1207 localization=0 type=0 minimal=0.0531 physics=0.3904 total=0.1408
[TRAIN train_climax_no_spectral_corruption_s43] [TRAIN] stage=finetune epoch=1/1 batch=2500/3000 step=5500 repair=0.1249 localization=0 type=0 minimal=0.05341 physics=0.1029 total=0.1306
[TRAIN train_climax_no_spectral_corruption_s43] [TRAIN] stage=finetune epoch=1/1 batch=2510/3000 step=5510 repair=0.06913 localization=0 type=0 minimal=0.05103 physics=0.103 total=0.07479
[TRAIN train_climax_no_spectral_corruption_s43] [TRAIN] stage=finetune epoch=1/1 batch=2520/3000 step=5520 repair=0.08166 localization=0 type=0 minimal=0.05362 physics=0.3108 total=0.09773
[TRAIN train_climax_no_spectral_corruption_s43] [TRAIN] stage=finetune epoch=1/1 batch=2530/3000 step=5530 repair=0.08456 localization=0 type=0 minimal=0.05475 physics=0.447 total=0.1075
[TRAIN train_climax_no_spectral_corruption_s43] [TRAIN] stage=finetune epoch=1/1 batch=2540/3000 step=5540 repair=0.08801 localization=0 type=0 minimal=0.04782 physics=0.1541 total=0.09619
[TRAIN train_climax_no_spectral_corruption_s43] [TRAIN] stage=finetune epoch=1/1 batch=2550/3000 step=5550 repair=0.08139 localization=0 type=0 minimal=0.0596 physics=0.3367 total=0.09882
[TRAIN train_climax_no_spectral_corruption_s43] [TRAIN] stage=finetune epoch=1/1 batch=2560/3000 step=5560 repair=0.07777 localization=0 type=0 minimal=0.05258 physics=0.7469 total=0.1156
[TRAIN train_climax_no_spectral_corruption_s43] [TRAIN] stage=finetune epoch=1/1 batch=2570/3000 step=5570 repair=0.07015 localization=0 type=0 minimal=0.05847 physics=0.09038 total=0.07526
[TRAIN train_climax_no_spectral_corruption_s43] [TRAIN] stage=finetune epoch=1/1 batch=2580/3000 step=5580 repair=0.08354 localization=0 type=0 minimal=0.05685 physics=0.172 total=0.09271
[TRAIN train_climax_no_spectral_corruption_s43] [TRAIN] stage=finetune epoch=1/1 batch=2590/3000 step=5590 repair=0.1524 localization=0 type=0 minimal=0.05249 physics=0.152 total=0.1605
[TRAIN train_climax_no_spectral_corruption_s43] [TRAIN] stage=finetune epoch=1/1 batch=2600/3000 step=5600 repair=0.1156 localization=0 type=0 minimal=0.05161 physics=0.4804 total=0.1402
[TRAIN train_climax_no_spectral_corruption_s43] [TRAIN] stage=finetune epoch=1/1 batch=2610/3000 step=5610 repair=0.08254 localization=0 type=0 minimal=0.05438 physics=0.103 total=0.08824
[TRAIN train_climax_no_spectral_corruption_s43] [TRAIN] stage=finetune epoch=1/1 batch=2620/3000 step=5620 repair=0.08285 localization=0 type=0 minimal=0.05011 physics=0.2822 total=0.09746
[TRAIN train_climax_no_spectral_corruption_s43] [TRAIN] stage=finetune epoch=1/1 batch=2630/3000 step=5630 repair=0.07528 localization=0 type=0 minimal=0.04721 physics=0.4966 total=0.1006
[TRAIN train_climax_no_spectral_corruption_s43] [TRAIN] stage=finetune epoch=1/1 batch=2640/3000 step=5640 repair=0.176 localization=0 type=0 minimal=0.05386 physics=0.3191 total=0.1925
[TRAIN train_climax_no_spectral_corruption_s43] [TRAIN] stage=finetune epoch=1/1 batch=2650/3000 step=5650 repair=0.1735 localization=0 type=0 minimal=0.05374 physics=0.1309 total=0.1806
[TRAIN train_climax_no_spectral_corruption_s43] [TRAIN] stage=finetune epoch=1/1 batch=2660/3000 step=5660 repair=0.122 localization=0 type=0 minimal=0.05151 physics=0.4152 total=0.1432
[TRAIN train_climax_no_spectral_corruption_s43] [TRAIN] stage=finetune epoch=1/1 batch=2670/3000 step=5670 repair=0.134 localization=0 type=0 minimal=0.05951 physics=0.4193 total=0.1555
[TRAIN train_climax_no_spectral_corruption_s43] [TRAIN] stage=finetune epoch=1/1 batch=2680/3000 step=5680 repair=0.1513 localization=0 type=0 minimal=0.05554 physics=0.1209 total=0.1579
[TRAIN train_climax_no_spectral_corruption_s43] [TRAIN] stage=finetune epoch=1/1 batch=2690/3000 step=5690 repair=0.1697 localization=0 type=0 minimal=0.05566 physics=0.7702 total=0.2088
[TRAIN train_climax_no_spectral_corruption_s43] [TRAIN] stage=finetune epoch=1/1 batch=2700/3000 step=5700 repair=0.1705 localization=0 type=0 minimal=0.05731 physics=0.2386 total=0.183
[TRAIN train_climax_no_spectral_corruption_s43] [TRAIN] stage=finetune epoch=1/1 batch=2710/3000 step=5710 repair=0.1113 localization=0 type=0 minimal=0.0578 physics=0.3396 total=0.1288
[TRAIN train_climax_no_spectral_corruption_s43] [TRAIN] stage=finetune epoch=1/1 batch=2720/3000 step=5720 repair=0.08289 localization=0 type=0 minimal=0.05698 physics=0.1001 total=0.08846
[TRAIN train_climax_no_spectral_corruption_s43] [TRAIN] stage=finetune epoch=1/1 batch=2730/3000 step=5730 repair=0.1732 localization=0 type=0 minimal=0.04749 physics=0.2779 total=0.1876
[TRAIN train_climax_no_spectral_corruption_s43] [TRAIN] stage=finetune epoch=1/1 batch=2740/3000 step=5740 repair=0.1141 localization=0 type=0 minimal=0.05881 physics=0.2936 total=0.1294
[TRAIN train_climax_no_spectral_corruption_s43] [TRAIN] stage=finetune epoch=1/1 batch=2750/3000 step=5750 repair=0.1133 localization=0 type=0 minimal=0.05563 physics=0.2092 total=0.1244
[TRAIN train_climax_no_spectral_corruption_s43] [TRAIN] stage=finetune epoch=1/1 batch=2760/3000 step=5760 repair=0.1255 localization=0 type=0 minimal=0.06146 physics=0.1425 total=0.1332
[TRAIN train_climax_no_spectral_corruption_s43] [TRAIN] stage=finetune epoch=1/1 batch=2770/3000 step=5770 repair=0.121 localization=0 type=0 minimal=0.05344 physics=0.1218 total=0.1276
[TRAIN train_climax_no_spectral_corruption_s43] [TRAIN] stage=finetune epoch=1/1 batch=2780/3000 step=5780 repair=0.1203 localization=0 type=0 minimal=0.05917 physics=0.1734 total=0.1296
[TRAIN train_climax_no_spectral_corruption_s43] [TRAIN] stage=finetune epoch=1/1 batch=2790/3000 step=5790 repair=0.07606 localization=0 type=0 minimal=0.06137 physics=0.1246 total=0.0829
[TRAIN train_climax_no_spectral_corruption_s43] [TRAIN] stage=finetune epoch=1/1 batch=2800/3000 step=5800 repair=0.06833 localization=0 type=0 minimal=0.06317 physics=0.09917 total=0.07392
[TRAIN train_climax_no_spectral_corruption_s43] [TRAIN] stage=finetune epoch=1/1 batch=2810/3000 step=5810 repair=0.1134 localization=0 type=0 minimal=0.06128 physics=0.1105 total=0.1195
[TRAIN train_climax_no_spectral_corruption_s43] [TRAIN] stage=finetune epoch=1/1 batch=2820/3000 step=5820 repair=0.07947 localization=0 type=0 minimal=0.05533 physics=0.1672 total=0.08839
[TRAIN train_climax_no_spectral_corruption_s43] [TRAIN] stage=finetune epoch=1/1 batch=2830/3000 step=5830 repair=0.1265 localization=0 type=0 minimal=0.06107 physics=0.1779 total=0.136
[TRAIN train_climax_no_spectral_corruption_s43] [TRAIN] stage=finetune epoch=1/1 batch=2840/3000 step=5840 repair=0.1331 localization=0 type=0 minimal=0.05688 physics=0.1581 total=0.1416
[TRAIN train_climax_no_spectral_corruption_s43] [TRAIN] stage=finetune epoch=1/1 batch=2850/3000 step=5850 repair=0.07869 localization=0 type=0 minimal=0.05255 physics=0.3132 total=0.09487
[TRAIN train_climax_no_spectral_corruption_s43] [TRAIN] stage=finetune epoch=1/1 batch=2860/3000 step=5860 repair=0.1183 localization=0 type=0 minimal=0.05487 physics=0.144 total=0.126
[TRAIN train_climax_no_spectral_corruption_s43] [TRAIN] stage=finetune epoch=1/1 batch=2870/3000 step=5870 repair=0.1611 localization=0 type=0 minimal=0.04755 physics=0.1556 total=0.1694
[TRAIN train_climax_no_spectral_corruption_s43] [TRAIN] stage=finetune epoch=1/1 batch=2880/3000 step=5880 repair=0.1172 localization=0 type=0 minimal=0.05408 physics=0.272 total=0.1314
[TRAIN train_climax_no_spectral_corruption_s43] [TRAIN] stage=finetune epoch=1/1 batch=2890/3000 step=5890 repair=0.07387 localization=0 type=0 minimal=0.0614 physics=0.1503 total=0.08199
[TRAIN train_climax_no_spectral_corruption_s43] [TRAIN] stage=finetune epoch=1/1 batch=2900/3000 step=5900 repair=0.1051 localization=0 type=0 minimal=0.05472 physics=0.5158 total=0.1314
[TRAIN train_climax_no_spectral_corruption_s43] [TRAIN] stage=finetune epoch=1/1 batch=2910/3000 step=5910 repair=0.1248 localization=0 type=0 minimal=0.0582 physics=0.2286 total=0.1368
[TRAIN train_climax_no_spectral_corruption_s43] [TRAIN] stage=finetune epoch=1/1 batch=2920/3000 step=5920 repair=0.1461 localization=0 type=0 minimal=0.05389 physics=0.1311 total=0.1532
[TRAIN train_climax_no_spectral_corruption_s43] [TRAIN] stage=finetune epoch=1/1 batch=2930/3000 step=5930 repair=0.1141 localization=0 type=0 minimal=0.0578 physics=0.1614 total=0.1228
[TRAIN train_climax_no_spectral_corruption_s43] [TRAIN] stage=finetune epoch=1/1 batch=2940/3000 step=5940 repair=0.08092 localization=0 type=0 minimal=0.05978 physics=0.2674 total=0.09489
[TRAIN train_climax_no_spectral_corruption_s43] [TRAIN] stage=finetune epoch=1/1 batch=2950/3000 step=5950 repair=0.1187 localization=0 type=0 minimal=0.05917 physics=0.2317 total=0.1308
[TRAIN train_climax_no_spectral_corruption_s43] [TRAIN] stage=finetune epoch=1/1 batch=2960/3000 step=5960 repair=0.1319 localization=0 type=0 minimal=0.05142 physics=0.1342 total=0.1391
[TRAIN train_climax_no_spectral_corruption_s43] [TRAIN] stage=finetune epoch=1/1 batch=2970/3000 step=5970 repair=0.115 localization=0 type=0 minimal=0.05322 physics=0.3158 total=0.1313
[TRAIN train_climax_no_spectral_corruption_s43] [TRAIN] stage=finetune epoch=1/1 batch=2980/3000 step=5980 repair=0.07433 localization=0 type=0 minimal=0.06262 physics=0.1102 total=0.08047
[TRAIN train_climax_no_spectral_corruption_s43] [TRAIN] stage=finetune epoch=1/1 batch=2990/3000 step=5990 repair=0.06577 localization=0 type=0 minimal=0.06512 physics=0.07608 total=0.07023
[TRAIN train_climax_no_spectral_corruption_s43] [TRAIN] stage=finetune epoch=1/1 batch=3000/3000 step=6000 repair=0.1211 localization=0 type=0 minimal=0.04944 physics=0.2211 total=0.1327
[TRAIN train_climax_no_spectral_corruption_s43] [EPOCH] {'stage': 'finetune', 'epoch': 0, 'global_step': 6000, 'train_total': 0.15903035547832647, 'val_repair_mse': 0.11836874508298934, 'elapsed_seconds': 3825.87}
[TRAIN train_climax_no_spectral_corruption_s43] [BEST] val_repair_mse=0.118369
[TRAIN train_climax_no_spectral_corruption_s43] [TRAIN COMPLETE] {
[TRAIN train_climax_no_spectral_corruption_s43]   "run_id": "prelim20_train_climax_no_spectral_corruption_s43",
[TRAIN train_climax_no_spectral_corruption_s43]   "status": "completed",
[TRAIN train_climax_no_spectral_corruption_s43]   "method": "no_spectral_corruption",
[TRAIN train_climax_no_spectral_corruption_s43]   "backbone": "climax",
[TRAIN train_climax_no_spectral_corruption_s43]   "seed": 43,
[TRAIN train_climax_no_spectral_corruption_s43]   "forecast_provider": "zarr_frozen_fm",
[TRAIN train_climax_no_spectral_corruption_s43]   "best_val_repair_mse": 0.11836874508298934,
[TRAIN train_climax_no_spectral_corruption_s43]   "global_step": 6000,
[TRAIN train_climax_no_spectral_corruption_s43]   "elapsed_seconds": 3826.1,
[TRAIN train_climax_no_spectral_corruption_s43]   "checkpoint_best": "/home/tahiti/ConserveFM/runs/prelim20_train/train_climax_no_spectral_corruption_s43/checkpoint_best.pt",
[TRAIN train_climax_no_spectral_corruption_s43]   "checkpoint_last": "/home/tahiti/ConserveFM/runs/prelim20_train/train_climax_no_spectral_corruption_s43/checkpoint_last.pt"
[TRAIN train_climax_no_spectral_corruption_s43] }
