[TRAIN train_fourcastnet_conservefm_full_s44] [SETUP] device=cuda
[TRAIN train_fourcastnet_conservefm_full_s44] [SETUP] run_id=prelim20_train_fourcastnet_conservefm_full_s44 method=conservefm_full backbone=fourcastnet
[TRAIN train_fourcastnet_conservefm_full_s44] [FORECAST] using frozen forecast cache: /home/tahiti/ConserveFM/forecasts/fourcastnet.zarr
[TRAIN train_fourcastnet_conservefm_full_s44] [STAGE] pretrain epochs=1 start_epoch=0
[TRAIN train_fourcastnet_conservefm_full_s44] [TRAIN] stage=pretrain epoch=1/1 batch=10/3000 step=10 repair=0.04127 localization=0.4342 type=1.837 minimal=0.1129 physics=1.518 total=0.4694
[TRAIN train_fourcastnet_conservefm_full_s44] [TRAIN] stage=pretrain epoch=1/1 batch=20/3000 step=20 repair=0.01412 localization=0.2505 type=2.183 minimal=0.08612 physics=0.7719 total=0.4985
[TRAIN train_fourcastnet_conservefm_full_s44] [TRAIN] stage=pretrain epoch=1/1 batch=30/3000 step=30 repair=0.02169 localization=0.3429 type=1.342 minimal=0.05875 physics=1.223 total=0.3721
[TRAIN train_fourcastnet_conservefm_full_s44] [TRAIN] stage=pretrain epoch=1/1 batch=40/3000 step=40 repair=0.01853 localization=0.3438 type=2.47 minimal=0.05743 physics=1.118 total=0.5396
[TRAIN train_fourcastnet_conservefm_full_s44] [TRAIN] stage=pretrain epoch=1/1 batch=50/3000 step=50 repair=0.006909 localization=0.2512 type=2.54 minimal=0.04401 physics=0.5444 total=0.4864
[TRAIN train_fourcastnet_conservefm_full_s44] [TRAIN] stage=pretrain epoch=1/1 batch=60/3000 step=60 repair=0.02436 localization=0.2637 type=1.144 minimal=0.04471 physics=1.318 total=0.2314
[TRAIN train_fourcastnet_conservefm_full_s44] [TRAIN] stage=pretrain epoch=1/1 batch=70/3000 step=70 repair=0.003988 localization=0.2287 type=1.19 minimal=0.0365 physics=0.8288 total=0.2765
[TRAIN train_fourcastnet_conservefm_full_s44] [TRAIN] stage=pretrain epoch=1/1 batch=80/3000 step=80 repair=0.003563 localization=0.3717 type=1.639 minimal=0.03262 physics=0.5323 total=0.3664
[TRAIN train_fourcastnet_conservefm_full_s44] [TRAIN] stage=pretrain epoch=1/1 batch=90/3000 step=90 repair=0.01584 localization=0.2367 type=2.667 minimal=0.03108 physics=2.372 total=0.4251
[TRAIN train_fourcastnet_conservefm_full_s44] [TRAIN] stage=pretrain epoch=1/1 batch=100/3000 step=100 repair=0.01124 localization=0.3927 type=1.315 minimal=0.03406 physics=0.4559 total=0.3133
[TRAIN train_fourcastnet_conservefm_full_s44] [TRAIN] stage=pretrain epoch=1/1 batch=110/3000 step=110 repair=0.01737 localization=0.2507 type=2.266 minimal=0.039 physics=0.2873 total=0.4728
[TRAIN train_fourcastnet_conservefm_full_s44] [TRAIN] stage=pretrain epoch=1/1 batch=120/3000 step=120 repair=0.02623 localization=0.2811 type=1.837 minimal=0.03745 physics=1.661 total=0.3215
[TRAIN train_fourcastnet_conservefm_full_s44] [TRAIN] stage=pretrain epoch=1/1 batch=130/3000 step=130 repair=0.0107 localization=0.3399 type=1.933 minimal=0.03065 physics=0.8778 total=0.2822
[TRAIN train_fourcastnet_conservefm_full_s44] [TRAIN] stage=pretrain epoch=1/1 batch=140/3000 step=140 repair=0.002853 localization=0.419 type=1.856 minimal=0.02638 physics=0.2202 total=0.4231
[TRAIN train_fourcastnet_conservefm_full_s44] [TRAIN] stage=pretrain epoch=1/1 batch=150/3000 step=150 repair=0.004998 localization=0.2328 type=0.9084 minimal=0.02501 physics=0.145 total=0.1972
[TRAIN train_fourcastnet_conservefm_full_s44] [TRAIN] stage=pretrain epoch=1/1 batch=160/3000 step=160 repair=0.02492 localization=0.316 type=1.625 minimal=0.02625 physics=0.5021 total=0.3875
[TRAIN train_fourcastnet_conservefm_full_s44] [TRAIN] stage=pretrain epoch=1/1 batch=170/3000 step=170 repair=0.004883 localization=0.3332 type=1.275 minimal=0.03084 physics=0.4853 total=0.1903
[TRAIN train_fourcastnet_conservefm_full_s44] [TRAIN] stage=pretrain epoch=1/1 batch=180/3000 step=180 repair=0.0101 localization=0.3248 type=1.962 minimal=0.0311 physics=0.5093 total=0.3759
[TRAIN train_fourcastnet_conservefm_full_s44] [TRAIN] stage=pretrain epoch=1/1 batch=190/3000 step=190 repair=0.02497 localization=0.2641 type=0.7102 minimal=0.02647 physics=2.018 total=0.2236
[TRAIN train_fourcastnet_conservefm_full_s44] [TRAIN] stage=pretrain epoch=1/1 batch=200/3000 step=200 repair=0.002902 localization=0.4323 type=3.046 minimal=0.02533 physics=0.2805 total=0.5816
[TRAIN train_fourcastnet_conservefm_full_s44] [TRAIN] stage=pretrain epoch=1/1 batch=210/3000 step=210 repair=0.008197 localization=0.4034 type=2.317 minimal=0.02776 physics=0.7647 total=0.4704
[TRAIN train_fourcastnet_conservefm_full_s44] [TRAIN] stage=pretrain epoch=1/1 batch=220/3000 step=220 repair=0.01586 localization=0.3668 type=1.996 minimal=0.02838 physics=0.3817 total=0.4023
[TRAIN train_fourcastnet_conservefm_full_s44] [TRAIN] stage=pretrain epoch=1/1 batch=230/3000 step=230 repair=0.003069 localization=0.2467 type=0.866 minimal=0.02609 physics=0.1613 total=0.2114
[TRAIN train_fourcastnet_conservefm_full_s44] [TRAIN] stage=pretrain epoch=1/1 batch=240/3000 step=240 repair=0.003474 localization=0.4246 type=0.8928 minimal=0.03056 physics=0.299 total=0.236
[TRAIN train_fourcastnet_conservefm_full_s44] [TRAIN] stage=pretrain epoch=1/1 batch=250/3000 step=250 repair=0.002467 localization=0.2738 type=1.042 minimal=0.02438 physics=0.2115 total=0.2103
[TRAIN train_fourcastnet_conservefm_full_s44] [TRAIN] stage=pretrain epoch=1/1 batch=260/3000 step=260 repair=0.006736 localization=0.2617 type=1.476 minimal=0.02521 physics=0.298 total=0.3308
[TRAIN train_fourcastnet_conservefm_full_s44] [TRAIN] stage=pretrain epoch=1/1 batch=270/3000 step=270 repair=0.006021 localization=0.2768 type=1.572 minimal=0.03122 physics=0.4138 total=0.3309
[TRAIN train_fourcastnet_conservefm_full_s44] [TRAIN] stage=pretrain epoch=1/1 batch=280/3000 step=280 repair=0.004384 localization=0.3843 type=1.613 minimal=0.03035 physics=0.2127 total=0.3251
[TRAIN train_fourcastnet_conservefm_full_s44] [TRAIN] stage=pretrain epoch=1/1 batch=290/3000 step=290 repair=0.003433 localization=0.2214 type=1.626 minimal=0.02446 physics=0.2575 total=0.3115
[TRAIN train_fourcastnet_conservefm_full_s44] [TRAIN] stage=pretrain epoch=1/1 batch=300/3000 step=300 repair=0.002735 localization=0.2536 type=1.013 minimal=0.02406 physics=0.2746 total=0.2243
[TRAIN train_fourcastnet_conservefm_full_s44] [TRAIN] stage=pretrain epoch=1/1 batch=310/3000 step=310 repair=0.004846 localization=0.1926 type=2.162 minimal=0.02892 physics=0.3024 total=0.4525
[TRAIN train_fourcastnet_conservefm_full_s44] [TRAIN] stage=pretrain epoch=1/1 batch=320/3000 step=320 repair=0.002872 localization=0.2722 type=1.873 minimal=0.0265 physics=0.2393 total=0.3681
[TRAIN train_fourcastnet_conservefm_full_s44] [TRAIN] stage=pretrain epoch=1/1 batch=330/3000 step=330 repair=0.01098 localization=0.2363 type=1.418 minimal=0.02188 physics=0.4074 total=0.2891
[TRAIN train_fourcastnet_conservefm_full_s44] [TRAIN] stage=pretrain epoch=1/1 batch=340/3000 step=340 repair=0.005568 localization=0.244 type=1.179 minimal=0.02286 physics=0.2457 total=0.2696
[TRAIN train_fourcastnet_conservefm_full_s44] [TRAIN] stage=pretrain epoch=1/1 batch=350/3000 step=350 repair=0.004952 localization=0.4295 type=2.195 minimal=0.02386 physics=1.051 total=0.3202
[TRAIN train_fourcastnet_conservefm_full_s44] [TRAIN] stage=pretrain epoch=1/1 batch=360/3000 step=360 repair=0.004289 localization=0.3707 type=1.574 minimal=0.02884 physics=0.327 total=0.3489
[TRAIN train_fourcastnet_conservefm_full_s44] [TRAIN] stage=pretrain epoch=1/1 batch=370/3000 step=370 repair=0.008876 localization=0.2368 type=1.244 minimal=0.02588 physics=1.132 total=0.2138
[TRAIN train_fourcastnet_conservefm_full_s44] [TRAIN] stage=pretrain epoch=1/1 batch=380/3000 step=380 repair=0.008536 localization=0.3456 type=2.872 minimal=0.03093 physics=0.2829 total=0.4633
[TRAIN train_fourcastnet_conservefm_full_s44] [TRAIN] stage=pretrain epoch=1/1 batch=390/3000 step=390 repair=0.009029 localization=0.4011 type=1.969 minimal=0.03799 physics=0.3707 total=0.4302
[TRAIN train_fourcastnet_conservefm_full_s44] [TRAIN] stage=pretrain epoch=1/1 batch=400/3000 step=400 repair=0.004833 localization=0.2972 type=2 minimal=0.03134 physics=0.4143 total=0.2556
[TRAIN train_fourcastnet_conservefm_full_s44] [TRAIN] stage=pretrain epoch=1/1 batch=410/3000 step=410 repair=0.01123 localization=0.3097 type=1.776 minimal=0.02614 physics=0.1918 total=0.386
[TRAIN train_fourcastnet_conservefm_full_s44] [TRAIN] stage=pretrain epoch=1/1 batch=420/3000 step=420 repair=0.005237 localization=0.4412 type=1.504 minimal=0.02422 physics=0.9796 total=0.249
[TRAIN train_fourcastnet_conservefm_full_s44] [TRAIN] stage=pretrain epoch=1/1 batch=430/3000 step=430 repair=0.02678 localization=0.2726 type=1.308 minimal=0.0229 physics=0.5328 total=0.3164
[TRAIN train_fourcastnet_conservefm_full_s44] [TRAIN] stage=pretrain epoch=1/1 batch=440/3000 step=440 repair=0.002753 localization=0.2102 type=1.568 minimal=0.02231 physics=0.257 total=0.311
[TRAIN train_fourcastnet_conservefm_full_s44] [TRAIN] stage=pretrain epoch=1/1 batch=450/3000 step=450 repair=0.003202 localization=0.2498 type=1.496 minimal=0.02487 physics=0.1943 total=0.3162
[TRAIN train_fourcastnet_conservefm_full_s44] [TRAIN] stage=pretrain epoch=1/1 batch=460/3000 step=460 repair=0.01927 localization=0.2674 type=1.945 minimal=0.02196 physics=0.3271 total=0.4393
[TRAIN train_fourcastnet_conservefm_full_s44] [TRAIN] stage=pretrain epoch=1/1 batch=470/3000 step=470 repair=0.002505 localization=0.3273 type=0.7451 minimal=0.0251 physics=0.1459 total=0.1638
[TRAIN train_fourcastnet_conservefm_full_s44] [TRAIN] stage=pretrain epoch=1/1 batch=480/3000 step=480 repair=0.01158 localization=0.3378 type=2.642 minimal=0.02505 physics=0.4222 total=0.5661
[TRAIN train_fourcastnet_conservefm_full_s44] [TRAIN] stage=pretrain epoch=1/1 batch=490/3000 step=490 repair=0.006951 localization=0.2487 type=1.896 minimal=0.02553 physics=0.403 total=0.3925
[TRAIN train_fourcastnet_conservefm_full_s44] [TRAIN] stage=pretrain epoch=1/1 batch=500/3000 step=500 repair=0.002908 localization=0.2407 type=1.529 minimal=0.02724 physics=0.1179 total=0.3246
[TRAIN train_fourcastnet_conservefm_full_s44] [TRAIN] stage=pretrain epoch=1/1 batch=510/3000 step=510 repair=0.002747 localization=0.1998 type=1.667 minimal=0.02293 physics=0.1901 total=0.3299
[TRAIN train_fourcastnet_conservefm_full_s44] [TRAIN] stage=pretrain epoch=1/1 batch=520/3000 step=520 repair=0.002974 localization=0.3234 type=1.929 minimal=0.02318 physics=0.0969 total=0.3628
[TRAIN train_fourcastnet_conservefm_full_s44] [TRAIN] stage=pretrain epoch=1/1 batch=530/3000 step=530 repair=0.003092 localization=0.2975 type=1.765 minimal=0.02278 physics=0.1357 total=0.3537
[TRAIN train_fourcastnet_conservefm_full_s44] [TRAIN] stage=pretrain epoch=1/1 batch=540/3000 step=540 repair=0.002269 localization=0.2401 type=1.946 minimal=0.01883 physics=0.0906 total=0.3502
[TRAIN train_fourcastnet_conservefm_full_s44] [TRAIN] stage=pretrain epoch=1/1 batch=550/3000 step=550 repair=0.002273 localization=0.289 type=1.732 minimal=0.02075 physics=0.1013 total=0.3388
[TRAIN train_fourcastnet_conservefm_full_s44] [TRAIN] stage=pretrain epoch=1/1 batch=560/3000 step=560 repair=0.005786 localization=0.3942 type=2.477 minimal=0.01987 physics=0.2878 total=0.501
[TRAIN train_fourcastnet_conservefm_full_s44] [TRAIN] stage=pretrain epoch=1/1 batch=570/3000 step=570 repair=0.001857 localization=0.3369 type=1.958 minimal=0.02165 physics=0.4831 total=0.4353
[TRAIN train_fourcastnet_conservefm_full_s44] [TRAIN] stage=pretrain epoch=1/1 batch=580/3000 step=580 repair=0.02647 localization=0.2969 type=2.098 minimal=0.02277 physics=1.308 total=0.3315
[TRAIN train_fourcastnet_conservefm_full_s44] [TRAIN] stage=pretrain epoch=1/1 batch=590/3000 step=590 repair=0.002548 localization=0.2788 type=1.394 minimal=0.02568 physics=0.1451 total=0.297
[TRAIN train_fourcastnet_conservefm_full_s44] [TRAIN] stage=pretrain epoch=1/1 batch=600/3000 step=600 repair=0.03239 localization=0.4457 type=1.267 minimal=0.02281 physics=2.011 total=0.3045
[TRAIN train_fourcastnet_conservefm_full_s44] [TRAIN] stage=pretrain epoch=1/1 batch=610/3000 step=610 repair=0.003791 localization=0.2121 type=0.8821 minimal=0.02728 physics=0.4163 total=0.1343
[TRAIN train_fourcastnet_conservefm_full_s44] [TRAIN] stage=pretrain epoch=1/1 batch=620/3000 step=620 repair=0.0223 localization=0.2806 type=0.8411 minimal=0.02431 physics=2.004 total=0.2349
[TRAIN train_fourcastnet_conservefm_full_s44] [TRAIN] stage=pretrain epoch=1/1 batch=630/3000 step=630 repair=0.003291 localization=0.233 type=2.407 minimal=0.02139 physics=0.1166 total=0.4606
[TRAIN train_fourcastnet_conservefm_full_s44] [TRAIN] stage=pretrain epoch=1/1 batch=640/3000 step=640 repair=0.01127 localization=0.3755 type=2.11 minimal=0.01898 physics=0.8658 total=0.4408
[TRAIN train_fourcastnet_conservefm_full_s44] [TRAIN] stage=pretrain epoch=1/1 batch=650/3000 step=650 repair=0.02109 localization=0.2733 type=0.5781 minimal=0.01978 physics=1.761 total=0.1945
[TRAIN train_fourcastnet_conservefm_full_s44] [TRAIN] stage=pretrain epoch=1/1 batch=660/3000 step=660 repair=0.003995 localization=0.1889 type=2.454 minimal=0.01979 physics=0.06739 total=0.4342
[TRAIN train_fourcastnet_conservefm_full_s44] [TRAIN] stage=pretrain epoch=1/1 batch=670/3000 step=670 repair=0.002074 localization=0.2875 type=1.613 minimal=0.01834 physics=0.1266 total=0.3174
[TRAIN train_fourcastnet_conservefm_full_s44] [TRAIN] stage=pretrain epoch=1/1 batch=680/3000 step=680 repair=0.002898 localization=0.244 type=2.131 minimal=0.02081 physics=0.1489 total=0.407
[TRAIN train_fourcastnet_conservefm_full_s44] [TRAIN] stage=pretrain epoch=1/1 batch=690/3000 step=690 repair=0.003666 localization=0.318 type=1.792 minimal=0.02197 physics=0.1632 total=0.3607
[TRAIN train_fourcastnet_conservefm_full_s44] [TRAIN] stage=pretrain epoch=1/1 batch=700/3000 step=700 repair=0.02437 localization=0.3152 type=1.426 minimal=0.01933 physics=1.673 total=0.2823
[TRAIN train_fourcastnet_conservefm_full_s44] [TRAIN] stage=pretrain epoch=1/1 batch=710/3000 step=710 repair=0.002906 localization=0.2677 type=2.087 minimal=0.02124 physics=0.2521 total=0.442
[TRAIN train_fourcastnet_conservefm_full_s44] [TRAIN] stage=pretrain epoch=1/1 batch=720/3000 step=720 repair=0.005419 localization=0.2309 type=1.205 minimal=0.02171 physics=0.2231 total=0.2697
[TRAIN train_fourcastnet_conservefm_full_s44] [TRAIN] stage=pretrain epoch=1/1 batch=730/3000 step=730 repair=0.006224 localization=0.2635 type=1.16 minimal=0.02083 physics=0.3978 total=0.2731
[TRAIN train_fourcastnet_conservefm_full_s44] [TRAIN] stage=pretrain epoch=1/1 batch=740/3000 step=740 repair=0.00276 localization=0.3079 type=2.251 minimal=0.02061 physics=0.1273 total=0.4742
[TRAIN train_fourcastnet_conservefm_full_s44] [TRAIN] stage=pretrain epoch=1/1 batch=750/3000 step=750 repair=0.007127 localization=0.2199 type=1.824 minimal=0.02353 physics=0.8881 total=0.2561
[TRAIN train_fourcastnet_conservefm_full_s44] [TRAIN] stage=pretrain epoch=1/1 batch=760/3000 step=760 repair=0.003348 localization=0.2418 type=1.609 minimal=0.02296 physics=0.1424 total=0.3558
[TRAIN train_fourcastnet_conservefm_full_s44] [TRAIN] stage=pretrain epoch=1/1 batch=770/3000 step=770 repair=0.005561 localization=0.221 type=1.715 minimal=0.01958 physics=1.113 total=0.255
[TRAIN train_fourcastnet_conservefm_full_s44] [TRAIN] stage=pretrain epoch=1/1 batch=780/3000 step=780 repair=0.005333 localization=0.1985 type=1.614 minimal=0.02058 physics=0.2269 total=0.3353
[TRAIN train_fourcastnet_conservefm_full_s44] [TRAIN] stage=pretrain epoch=1/1 batch=790/3000 step=790 repair=0.001854 localization=0.293 type=1.176 minimal=0.01839 physics=0.08742 total=0.2491
[TRAIN train_fourcastnet_conservefm_full_s44] [TRAIN] stage=pretrain epoch=1/1 batch=800/3000 step=800 repair=0.005467 localization=0.2584 type=2.424 minimal=0.01978 physics=0.178 total=0.5022
[TRAIN train_fourcastnet_conservefm_full_s44] [TRAIN] stage=pretrain epoch=1/1 batch=810/3000 step=810 repair=0.003066 localization=0.2328 type=1.705 minimal=0.01833 physics=0.6979 total=0.2319
[TRAIN train_fourcastnet_conservefm_full_s44] [TRAIN] stage=pretrain epoch=1/1 batch=820/3000 step=820 repair=0.01471 localization=0.4717 type=1.435 minimal=0.01778 physics=1.281 total=0.3854
[TRAIN train_fourcastnet_conservefm_full_s44] [TRAIN] stage=pretrain epoch=1/1 batch=830/3000 step=830 repair=0.03274 localization=0.3782 type=1.335 minimal=0.02528 physics=1.639 total=0.2863
[TRAIN train_fourcastnet_conservefm_full_s44] [TRAIN] stage=pretrain epoch=1/1 batch=840/3000 step=840 repair=0.003135 localization=0.1895 type=1.874 minimal=0.02263 physics=0.3322 total=0.3785
[TRAIN train_fourcastnet_conservefm_full_s44] [TRAIN] stage=pretrain epoch=1/1 batch=850/3000 step=850 repair=0.009175 localization=0.2993 type=1.036 minimal=0.02385 physics=0.9698 total=0.1914
[TRAIN train_fourcastnet_conservefm_full_s44] [TRAIN] stage=pretrain epoch=1/1 batch=860/3000 step=860 repair=0.004416 localization=0.2965 type=1.52 minimal=0.02496 physics=0.2605 total=0.3325
[TRAIN train_fourcastnet_conservefm_full_s44] [TRAIN] stage=pretrain epoch=1/1 batch=870/3000 step=870 repair=0.02647 localization=0.2975 type=1.362 minimal=0.02151 physics=1.322 total=0.2587
[TRAIN train_fourcastnet_conservefm_full_s44] [TRAIN] stage=pretrain epoch=1/1 batch=880/3000 step=880 repair=0.01245 localization=0.2498 type=1.604 minimal=0.02373 physics=0.1617 total=0.3356
[TRAIN train_fourcastnet_conservefm_full_s44] [TRAIN] stage=pretrain epoch=1/1 batch=890/3000 step=890 repair=0.005645 localization=0.3666 type=1.341 minimal=0.02232 physics=0.1826 total=0.2772
[TRAIN train_fourcastnet_conservefm_full_s44] [TRAIN] stage=pretrain epoch=1/1 batch=900/3000 step=900 repair=0.006414 localization=0.2792 type=1.766 minimal=0.0251 physics=0.5667 total=0.3892
[TRAIN train_fourcastnet_conservefm_full_s44] [TRAIN] stage=pretrain epoch=1/1 batch=910/3000 step=910 repair=0.02338 localization=0.245 type=1.638 minimal=0.02583 physics=1.284 total=0.2761
[TRAIN train_fourcastnet_conservefm_full_s44] [TRAIN] stage=pretrain epoch=1/1 batch=920/3000 step=920 repair=0.003327 localization=0.3804 type=2.275 minimal=0.01907 physics=0.09491 total=0.4739
[TRAIN train_fourcastnet_conservefm_full_s44] [TRAIN] stage=pretrain epoch=1/1 batch=930/3000 step=930 repair=0.008349 localization=0.2902 type=1.657 minimal=0.0224 physics=0.4076 total=0.3472
[TRAIN train_fourcastnet_conservefm_full_s44] [TRAIN] stage=pretrain epoch=1/1 batch=940/3000 step=940 repair=0.01775 localization=0.2972 type=1.789 minimal=0.02361 physics=0.2373 total=0.3811
[TRAIN train_fourcastnet_conservefm_full_s44] [TRAIN] stage=pretrain epoch=1/1 batch=950/3000 step=950 repair=0.003014 localization=0.2755 type=1.772 minimal=0.0184 physics=0.1432 total=0.3498
[TRAIN train_fourcastnet_conservefm_full_s44] [TRAIN] stage=pretrain epoch=1/1 batch=960/3000 step=960 repair=0.01007 localization=0.2947 type=2.058 minimal=0.02155 physics=0.1972 total=0.4253
[TRAIN train_fourcastnet_conservefm_full_s44] [TRAIN] stage=pretrain epoch=1/1 batch=970/3000 step=970 repair=0.003429 localization=0.3893 type=1.3 minimal=0.02242 physics=0.4612 total=0.1956
[TRAIN train_fourcastnet_conservefm_full_s44] [TRAIN] stage=pretrain epoch=1/1 batch=980/3000 step=980 repair=0.01541 localization=0.1928 type=1.791 minimal=0.02371 physics=0.285 total=0.3847
[TRAIN train_fourcastnet_conservefm_full_s44] [TRAIN] stage=pretrain epoch=1/1 batch=990/3000 step=990 repair=0.003433 localization=0.2681 type=1.218 minimal=0.02196 physics=0.1563 total=0.2611
[TRAIN train_fourcastnet_conservefm_full_s44] [TRAIN] stage=pretrain epoch=1/1 batch=1000/3000 step=1000 repair=0.005797 localization=0.2242 type=1.288 minimal=0.02202 physics=0.1159 total=0.2854
[TRAIN train_fourcastnet_conservefm_full_s44] [TRAIN] stage=pretrain epoch=1/1 batch=1010/3000 step=1010 repair=0.003277 localization=0.2957 type=1.822 minimal=0.02086 physics=0.4347 total=0.237
[TRAIN train_fourcastnet_conservefm_full_s44] [TRAIN] stage=pretrain epoch=1/1 batch=1020/3000 step=1020 repair=0.002881 localization=0.2419 type=1.482 minimal=0.02083 physics=0.07614 total=0.3254
[TRAIN train_fourcastnet_conservefm_full_s44] [TRAIN] stage=pretrain epoch=1/1 batch=1030/3000 step=1030 repair=0.002911 localization=0.4275 type=1.606 minimal=0.02132 physics=0.1293 total=0.3601
[TRAIN train_fourcastnet_conservefm_full_s44] [TRAIN] stage=pretrain epoch=1/1 batch=1040/3000 step=1040 repair=0.003125 localization=0.327 type=1.21 minimal=0.02377 physics=0.4914 total=0.294
[TRAIN train_fourcastnet_conservefm_full_s44] [TRAIN] stage=pretrain epoch=1/1 batch=1050/3000 step=1050 repair=0.01083 localization=0.3688 type=2.255 minimal=0.02263 physics=1.766 total=0.3617
[TRAIN train_fourcastnet_conservefm_full_s44] [TRAIN] stage=pretrain epoch=1/1 batch=1060/3000 step=1060 repair=0.004608 localization=0.2358 type=1.612 minimal=0.02013 physics=0.425 total=0.3211
[TRAIN train_fourcastnet_conservefm_full_s44] [TRAIN] stage=pretrain epoch=1/1 batch=1070/3000 step=1070 repair=0.03037 localization=0.3031 type=1.522 minimal=0.0218 physics=2.054 total=0.3158
[TRAIN train_fourcastnet_conservefm_full_s44] [TRAIN] stage=pretrain epoch=1/1 batch=1080/3000 step=1080 repair=0.003087 localization=0.3012 type=1.716 minimal=0.02176 physics=0.1636 total=0.3701
[TRAIN train_fourcastnet_conservefm_full_s44] [TRAIN] stage=pretrain epoch=1/1 batch=1090/3000 step=1090 repair=0.009209 localization=0.2976 type=1.701 minimal=0.02199 physics=0.1403 total=0.3571
[TRAIN train_fourcastnet_conservefm_full_s44] [TRAIN] stage=pretrain epoch=1/1 batch=1100/3000 step=1100 repair=0.003193 localization=0.3498 type=1.81 minimal=0.01976 physics=0.1333 total=0.3876
[TRAIN train_fourcastnet_conservefm_full_s44] [TRAIN] stage=pretrain epoch=1/1 batch=1110/3000 step=1110 repair=0.004816 localization=0.2624 type=1.971 minimal=0.02048 physics=0.2672 total=0.4087
[TRAIN train_fourcastnet_conservefm_full_s44] [TRAIN] stage=pretrain epoch=1/1 batch=1120/3000 step=1120 repair=0.005324 localization=0.2222 type=2.386 minimal=0.01791 physics=0.1139 total=0.4385
[TRAIN train_fourcastnet_conservefm_full_s44] [TRAIN] stage=pretrain epoch=1/1 batch=1130/3000 step=1130 repair=0.002647 localization=0.3223 type=1.644 minimal=0.0199 physics=0.1153 total=0.3333
[TRAIN train_fourcastnet_conservefm_full_s44] [TRAIN] stage=pretrain epoch=1/1 batch=1140/3000 step=1140 repair=0.005591 localization=0.2835 type=1.473 minimal=0.02046 physics=0.1564 total=0.3102
[TRAIN train_fourcastnet_conservefm_full_s44] [TRAIN] stage=pretrain epoch=1/1 batch=1150/3000 step=1150 repair=0.00296 localization=0.3757 type=1.536 minimal=0.02345 physics=0.2403 total=0.3257
[TRAIN train_fourcastnet_conservefm_full_s44] [TRAIN] stage=pretrain epoch=1/1 batch=1160/3000 step=1160 repair=0.005478 localization=0.2533 type=1.707 minimal=0.02272 physics=0.2074 total=0.3846
[TRAIN train_fourcastnet_conservefm_full_s44] [TRAIN] stage=pretrain epoch=1/1 batch=1170/3000 step=1170 repair=0.00838 localization=0.2302 type=1.535 minimal=0.01877 physics=0.548 total=0.3696
[TRAIN train_fourcastnet_conservefm_full_s44] [TRAIN] stage=pretrain epoch=1/1 batch=1180/3000 step=1180 repair=0.002162 localization=0.278 type=1.664 minimal=0.01759 physics=0.06635 total=0.3649
[TRAIN train_fourcastnet_conservefm_full_s44] [TRAIN] stage=pretrain epoch=1/1 batch=1190/3000 step=1190 repair=0.003495 localization=0.1995 type=1.455 minimal=0.01732 physics=0.2285 total=0.2996
[TRAIN train_fourcastnet_conservefm_full_s44] [TRAIN] stage=pretrain epoch=1/1 batch=1200/3000 step=1200 repair=0.003445 localization=0.2778 type=1.917 minimal=0.01868 physics=0.1699 total=0.4137
[TRAIN train_fourcastnet_conservefm_full_s44] [TRAIN] stage=pretrain epoch=1/1 batch=1210/3000 step=1210 repair=0.006375 localization=0.2773 type=1.721 minimal=0.01854 physics=0.2092 total=0.3596
[TRAIN train_fourcastnet_conservefm_full_s44] [TRAIN] stage=pretrain epoch=1/1 batch=1220/3000 step=1220 repair=0.005575 localization=0.2554 type=1.774 minimal=0.01947 physics=0.08035 total=0.3532
[TRAIN train_fourcastnet_conservefm_full_s44] [TRAIN] stage=pretrain epoch=1/1 batch=1230/3000 step=1230 repair=0.007255 localization=0.2693 type=1.621 minimal=0.01833 physics=0.1347 total=0.3441
[TRAIN train_fourcastnet_conservefm_full_s44] [TRAIN] stage=pretrain epoch=1/1 batch=1240/3000 step=1240 repair=0.009158 localization=0.3154 type=1.799 minimal=0.02048 physics=0.7306 total=0.4045
[TRAIN train_fourcastnet_conservefm_full_s44] [TRAIN] stage=pretrain epoch=1/1 batch=1250/3000 step=1250 repair=0.004941 localization=0.2755 type=1.353 minimal=0.01859 physics=0.1292 total=0.2701
[TRAIN train_fourcastnet_conservefm_full_s44] [TRAIN] stage=pretrain epoch=1/1 batch=1260/3000 step=1260 repair=0.00524 localization=0.2662 type=1.398 minimal=0.01787 physics=0.1136 total=0.2621
[TRAIN train_fourcastnet_conservefm_full_s44] [TRAIN] stage=pretrain epoch=1/1 batch=1270/3000 step=1270 repair=0.00403 localization=0.3508 type=2.327 minimal=0.02069 physics=0.1888 total=0.4415
[TRAIN train_fourcastnet_conservefm_full_s44] [TRAIN] stage=pretrain epoch=1/1 batch=1280/3000 step=1280 repair=0.003345 localization=0.4616 type=2.167 minimal=0.01875 physics=0.1325 total=0.437
[TRAIN train_fourcastnet_conservefm_full_s44] [TRAIN] stage=pretrain epoch=1/1 batch=1290/3000 step=1290 repair=0.003208 localization=0.2393 type=0.5645 minimal=0.01945 physics=0.305 total=0.09903
[TRAIN train_fourcastnet_conservefm_full_s44] [TRAIN] stage=pretrain epoch=1/1 batch=1300/3000 step=1300 repair=0.003851 localization=0.2725 type=1.001 minimal=0.01952 physics=0.6408 total=0.1634
[TRAIN train_fourcastnet_conservefm_full_s44] [TRAIN] stage=pretrain epoch=1/1 batch=1310/3000 step=1310 repair=0.007106 localization=0.3716 type=1.665 minimal=0.02271 physics=0.2019 total=0.351
[TRAIN train_fourcastnet_conservefm_full_s44] [TRAIN] stage=pretrain epoch=1/1 batch=1320/3000 step=1320 repair=0.004197 localization=0.3207 type=1.373 minimal=0.0224 physics=0.7584 total=0.2117
[TRAIN train_fourcastnet_conservefm_full_s44] [TRAIN] stage=pretrain epoch=1/1 batch=1330/3000 step=1330 repair=0.003829 localization=0.2833 type=1.517 minimal=0.01984 physics=0.1898 total=0.3157
[TRAIN train_fourcastnet_conservefm_full_s44] [TRAIN] stage=pretrain epoch=1/1 batch=1340/3000 step=1340 repair=0.01744 localization=0.2607 type=1.556 minimal=0.02129 physics=0.9648 total=0.2476
[TRAIN train_fourcastnet_conservefm_full_s44] [TRAIN] stage=pretrain epoch=1/1 batch=1350/3000 step=1350 repair=0.002872 localization=0.2164 type=1.582 minimal=0.02142 physics=0.2074 total=0.3333
[TRAIN train_fourcastnet_conservefm_full_s44] [TRAIN] stage=pretrain epoch=1/1 batch=1360/3000 step=1360 repair=0.01299 localization=0.257 type=1.45 minimal=0.02159 physics=0.1096 total=0.3178
[TRAIN train_fourcastnet_conservefm_full_s44] [TRAIN] stage=pretrain epoch=1/1 batch=1370/3000 step=1370 repair=0.003009 localization=0.312 type=2.158 minimal=0.01935 physics=0.1029 total=0.4482
[TRAIN train_fourcastnet_conservefm_full_s44] [TRAIN] stage=pretrain epoch=1/1 batch=1380/3000 step=1380 repair=0.005428 localization=0.2039 type=1.382 minimal=0.01938 physics=0.1362 total=0.2706
[TRAIN train_fourcastnet_conservefm_full_s44] [TRAIN] stage=pretrain epoch=1/1 batch=1390/3000 step=1390 repair=0.01887 localization=0.4274 type=1.126 minimal=0.02267 physics=0.236 total=0.2749
[TRAIN train_fourcastnet_conservefm_full_s44] [TRAIN] stage=pretrain epoch=1/1 batch=1400/3000 step=1400 repair=0.02138 localization=0.2879 type=1.806 minimal=0.02249 physics=1.805 total=0.3212
[TRAIN train_fourcastnet_conservefm_full_s44] [TRAIN] stage=pretrain epoch=1/1 batch=1410/3000 step=1410 repair=0.003645 localization=0.4207 type=0.9397 minimal=0.02243 physics=0.4562 total=0.1627
[TRAIN train_fourcastnet_conservefm_full_s44] [TRAIN] stage=pretrain epoch=1/1 batch=1420/3000 step=1420 repair=0.003037 localization=0.1957 type=1.427 minimal=0.02084 physics=0.2059 total=0.2583
[TRAIN train_fourcastnet_conservefm_full_s44] [TRAIN] stage=pretrain epoch=1/1 batch=1430/3000 step=1430 repair=0.03154 localization=0.3464 type=0.8008 minimal=0.02119 physics=1.742 total=0.2336
[TRAIN train_fourcastnet_conservefm_full_s44] [TRAIN] stage=pretrain epoch=1/1 batch=1440/3000 step=1440 repair=0.01112 localization=0.1128 type=0.8401 minimal=0.03766 physics=0.7838 total=0.1982
[TRAIN train_fourcastnet_conservefm_full_s44] [TRAIN] stage=pretrain epoch=1/1 batch=1450/3000 step=1450 repair=0.03436 localization=0.3682 type=1.142 minimal=0.02232 physics=2.409 total=0.3061
[TRAIN train_fourcastnet_conservefm_full_s44] [TRAIN] stage=pretrain epoch=1/1 batch=1460/3000 step=1460 repair=0.006279 localization=0.4376 type=0.8813 minimal=0.02126 physics=0.1632 total=0.2257
[TRAIN train_fourcastnet_conservefm_full_s44] [TRAIN] stage=pretrain epoch=1/1 batch=1470/3000 step=1470 repair=0.004459 localization=0.1095 type=1.803 minimal=0.02792 physics=0.3147 total=0.3797
[TRAIN train_fourcastnet_conservefm_full_s44] [TRAIN] stage=pretrain epoch=1/1 batch=1480/3000 step=1480 repair=0.003421 localization=0.2382 type=1.919 minimal=0.01999 physics=0.1341 total=0.4064
[TRAIN train_fourcastnet_conservefm_full_s44] [TRAIN] stage=pretrain epoch=1/1 batch=1490/3000 step=1490 repair=0.004247 localization=0.1821 type=1.161 minimal=0.02448 physics=0.1953 total=0.2376
[TRAIN train_fourcastnet_conservefm_full_s44] [TRAIN] stage=pretrain epoch=1/1 batch=1500/3000 step=1500 repair=0.002621 localization=0.3458 type=1.648 minimal=0.01959 physics=0.2309 total=0.3635
[TRAIN train_fourcastnet_conservefm_full_s44] [TRAIN] stage=pretrain epoch=1/1 batch=1510/3000 step=1510 repair=0.002405 localization=0.2729 type=1.47 minimal=0.01924 physics=0.1749 total=0.3053
[TRAIN train_fourcastnet_conservefm_full_s44] [TRAIN] stage=pretrain epoch=1/1 batch=1520/3000 step=1520 repair=0.00352 localization=0.2446 type=1.431 minimal=0.02242 physics=0.1046 total=0.2951
[TRAIN train_fourcastnet_conservefm_full_s44] [TRAIN] stage=pretrain epoch=1/1 batch=1530/3000 step=1530 repair=0.004826 localization=0.3307 type=1.386 minimal=0.02029 physics=0.6294 total=0.2082
[TRAIN train_fourcastnet_conservefm_full_s44] [TRAIN] stage=pretrain epoch=1/1 batch=1540/3000 step=1540 repair=0.005304 localization=0.2666 type=1.723 minimal=0.02263 physics=0.2269 total=0.3363
[TRAIN train_fourcastnet_conservefm_full_s44] [TRAIN] stage=pretrain epoch=1/1 batch=1550/3000 step=1550 repair=0.004572 localization=0.2343 type=1.416 minimal=0.02364 physics=0.1902 total=0.2983
[TRAIN train_fourcastnet_conservefm_full_s44] [TRAIN] stage=pretrain epoch=1/1 batch=1560/3000 step=1560 repair=0.002889 localization=0.3169 type=0.761 minimal=0.02054 physics=0.1841 total=0.1703
[TRAIN train_fourcastnet_conservefm_full_s44] [TRAIN] stage=pretrain epoch=1/1 batch=1570/3000 step=1570 repair=0.01699 localization=0.2308 type=0.9707 minimal=0.01939 physics=1.69 total=0.2218
[TRAIN train_fourcastnet_conservefm_full_s44] [TRAIN] stage=pretrain epoch=1/1 batch=1580/3000 step=1580 repair=0.003183 localization=0.2719 type=2.226 minimal=0.02055 physics=0.14 total=0.4498
[TRAIN train_fourcastnet_conservefm_full_s44] [TRAIN] stage=pretrain epoch=1/1 batch=1590/3000 step=1590 repair=0.01798 localization=0.4434 type=1.88 minimal=0.01897 physics=0.1471 total=0.3842
[TRAIN train_fourcastnet_conservefm_full_s44] [TRAIN] stage=pretrain epoch=1/1 batch=1600/3000 step=1600 repair=0.00386 localization=0.3064 type=0.8687 minimal=0.01764 physics=0.693 total=0.1562
[TRAIN train_fourcastnet_conservefm_full_s44] [TRAIN] stage=pretrain epoch=1/1 batch=1610/3000 step=1610 repair=0.002815 localization=0.2115 type=1.989 minimal=0.0195 physics=0.07025 total=0.3648
[TRAIN train_fourcastnet_conservefm_full_s44] [TRAIN] stage=pretrain epoch=1/1 batch=1620/3000 step=1620 repair=0.007945 localization=0.2409 type=0.791 minimal=0.01793 physics=1.019 total=0.1623
[TRAIN train_fourcastnet_conservefm_full_s44] [TRAIN] stage=pretrain epoch=1/1 batch=1630/3000 step=1630 repair=0.004518 localization=0.1365 type=0.8887 minimal=0.02428 physics=0.2326 total=0.1737
[TRAIN train_fourcastnet_conservefm_full_s44] [TRAIN] stage=pretrain epoch=1/1 batch=1640/3000 step=1640 repair=0.002362 localization=0.2358 type=1.039 minimal=0.01781 physics=0.2498 total=0.1425
[TRAIN train_fourcastnet_conservefm_full_s44] [TRAIN] stage=pretrain epoch=1/1 batch=1650/3000 step=1650 repair=0.002296 localization=0.3043 type=1.708 minimal=0.01743 physics=0.06334 total=0.3408
[TRAIN train_fourcastnet_conservefm_full_s44] [TRAIN] stage=pretrain epoch=1/1 batch=1660/3000 step=1660 repair=0.00897 localization=0.2603 type=1.544 minimal=0.01903 physics=0.7476 total=0.3461
[TRAIN train_fourcastnet_conservefm_full_s44] [TRAIN] stage=pretrain epoch=1/1 batch=1670/3000 step=1670 repair=0.003237 localization=0.437 type=1.585 minimal=0.01891 physics=0.38 total=0.3429
[TRAIN train_fourcastnet_conservefm_full_s44] [TRAIN] stage=pretrain epoch=1/1 batch=1680/3000 step=1680 repair=0.003063 localization=0.2339 type=2.024 minimal=0.01921 physics=0.1163 total=0.4114
[TRAIN train_fourcastnet_conservefm_full_s44] [TRAIN] stage=pretrain epoch=1/1 batch=1690/3000 step=1690 repair=0.02653 localization=0.2887 type=0.9966 minimal=0.02113 physics=1.234 total=0.217
[TRAIN train_fourcastnet_conservefm_full_s44] [TRAIN] stage=pretrain epoch=1/1 batch=1700/3000 step=1700 repair=0.003561 localization=0.2471 type=0.9685 minimal=0.01894 physics=0.436 total=0.1471
[TRAIN train_fourcastnet_conservefm_full_s44] [TRAIN] stage=pretrain epoch=1/1 batch=1710/3000 step=1710 repair=0.006192 localization=0.1401 type=0.505 minimal=0.03427 physics=0.3561 total=0.1229
[TRAIN train_fourcastnet_conservefm_full_s44] [TRAIN] stage=pretrain epoch=1/1 batch=1720/3000 step=1720 repair=0.006809 localization=0.2374 type=1.21 minimal=0.01797 physics=1.153 total=0.2094
[TRAIN train_fourcastnet_conservefm_full_s44] [TRAIN] stage=pretrain epoch=1/1 batch=1730/3000 step=1730 repair=0.002171 localization=0.2912 type=2.005 minimal=0.0191 physics=0.1391 total=0.4024
[TRAIN train_fourcastnet_conservefm_full_s44] [TRAIN] stage=pretrain epoch=1/1 batch=1740/3000 step=1740 repair=0.002546 localization=0.2601 type=1.677 minimal=0.01753 physics=0.5764 total=0.2252
[TRAIN train_fourcastnet_conservefm_full_s44] [TRAIN] stage=pretrain epoch=1/1 batch=1750/3000 step=1750 repair=0.002729 localization=0.294 type=1.026 minimal=0.01996 physics=0.1517 total=0.2289
[TRAIN train_fourcastnet_conservefm_full_s44] [TRAIN] stage=pretrain epoch=1/1 batch=1760/3000 step=1760 repair=0.003148 localization=0.3527 type=2.511 minimal=0.01857 physics=0.09074 total=0.522
[TRAIN train_fourcastnet_conservefm_full_s44] [TRAIN] stage=pretrain epoch=1/1 batch=1770/3000 step=1770 repair=0.005498 localization=0.2719 type=2.109 minimal=0.01895 physics=0.1413 total=0.4351
[TRAIN train_fourcastnet_conservefm_full_s44] [TRAIN] stage=pretrain epoch=1/1 batch=1780/3000 step=1780 repair=0.004597 localization=0.2339 type=1.798 minimal=0.01782 physics=0.07836 total=0.3583
[TRAIN train_fourcastnet_conservefm_full_s44] [TRAIN] stage=pretrain epoch=1/1 batch=1790/3000 step=1790 repair=0.01129 localization=0.2805 type=1.668 minimal=0.01964 physics=0.8645 total=0.376
[TRAIN train_fourcastnet_conservefm_full_s44] [TRAIN] stage=pretrain epoch=1/1 batch=1800/3000 step=1800 repair=0.002274 localization=0.4234 type=1.264 minimal=0.01845 physics=0.1116 total=0.2681
[TRAIN train_fourcastnet_conservefm_full_s44] [TRAIN] stage=pretrain epoch=1/1 batch=1810/3000 step=1810 repair=0.005394 localization=0.2868 type=2.027 minimal=0.01923 physics=0.06621 total=0.3872
[TRAIN train_fourcastnet_conservefm_full_s44] [TRAIN] stage=pretrain epoch=1/1 batch=1820/3000 step=1820 repair=0.003558 localization=0.3661 type=1.063 minimal=0.02003 physics=0.8956 total=0.1914
[TRAIN train_fourcastnet_conservefm_full_s44] [TRAIN] stage=pretrain epoch=1/1 batch=1830/3000 step=1830 repair=0.002991 localization=0.1708 type=3.252 minimal=0.01955 physics=0.1478 total=0.6482
[TRAIN train_fourcastnet_conservefm_full_s44] [TRAIN] stage=pretrain epoch=1/1 batch=1840/3000 step=1840 repair=0.02548 localization=0.3596 type=1.938 minimal=0.01677 physics=0.1572 total=0.4198
[TRAIN train_fourcastnet_conservefm_full_s44] [TRAIN] stage=pretrain epoch=1/1 batch=1850/3000 step=1850 repair=0.02388 localization=0.2976 type=1.689 minimal=0.01666 physics=2.853 total=0.3654
[TRAIN train_fourcastnet_conservefm_full_s44] [TRAIN] stage=pretrain epoch=1/1 batch=1860/3000 step=1860 repair=0.001838 localization=0.2621 type=1.788 minimal=0.01573 physics=0.08018 total=0.3572
[TRAIN train_fourcastnet_conservefm_full_s44] [TRAIN] stage=pretrain epoch=1/1 batch=1870/3000 step=1870 repair=0.003278 localization=0.3015 type=1.283 minimal=0.01614 physics=0.6127 total=0.1925
[TRAIN train_fourcastnet_conservefm_full_s44] [TRAIN] stage=pretrain epoch=1/1 batch=1880/3000 step=1880 repair=0.002902 localization=0.1348 type=0.5832 minimal=0.02779 physics=0.3258 total=0.1376
[TRAIN train_fourcastnet_conservefm_full_s44] [TRAIN] stage=pretrain epoch=1/1 batch=1890/3000 step=1890 repair=0.01596 localization=0.3464 type=1.351 minimal=0.01707 physics=0.1341 total=0.3037
[TRAIN train_fourcastnet_conservefm_full_s44] [TRAIN] stage=pretrain epoch=1/1 batch=1900/3000 step=1900 repair=0.002879 localization=0.2744 type=1.549 minimal=0.01868 physics=0.3108 total=0.3436
[TRAIN train_fourcastnet_conservefm_full_s44] [TRAIN] stage=pretrain epoch=1/1 batch=1910/3000 step=1910 repair=0.005803 localization=0.2751 type=1.32 minimal=0.01917 physics=0.1019 total=0.2755
[TRAIN train_fourcastnet_conservefm_full_s44] [TRAIN] stage=pretrain epoch=1/1 batch=1920/3000 step=1920 repair=0.003503 localization=0.3493 type=1.118 minimal=0.01889 physics=0.4898 total=0.2725
[TRAIN train_fourcastnet_conservefm_full_s44] [TRAIN] stage=pretrain epoch=1/1 batch=1930/3000 step=1930 repair=0.002821 localization=0.2556 type=1.512 minimal=0.01634 physics=0.3452 total=0.197
[TRAIN train_fourcastnet_conservefm_full_s44] [TRAIN] stage=pretrain epoch=1/1 batch=1940/3000 step=1940 repair=0.004489 localization=0.3951 type=0.9236 minimal=0.01833 physics=0.5801 total=0.1655
[TRAIN train_fourcastnet_conservefm_full_s44] [TRAIN] stage=pretrain epoch=1/1 batch=1950/3000 step=1950 repair=0.02194 localization=0.4566 type=1.477 minimal=0.01894 physics=2.251 total=0.3966
[TRAIN train_fourcastnet_conservefm_full_s44] [TRAIN] stage=pretrain epoch=1/1 batch=1960/3000 step=1960 repair=0.008364 localization=0.2516 type=2.156 minimal=0.01881 physics=0.08096 total=0.3885
[TRAIN train_fourcastnet_conservefm_full_s44] [TRAIN] stage=pretrain epoch=1/1 batch=1970/3000 step=1970 repair=0.008579 localization=0.4331 type=1.778 minimal=0.01746 physics=0.08136 total=0.3592
[TRAIN train_fourcastnet_conservefm_full_s44] [TRAIN] stage=pretrain epoch=1/1 batch=1980/3000 step=1980 repair=0.002521 localization=0.3271 type=2 minimal=0.01906 physics=0.1291 total=0.424
[TRAIN train_fourcastnet_conservefm_full_s44] [TRAIN] stage=pretrain epoch=1/1 batch=1990/3000 step=1990 repair=0.004336 localization=0.3277 type=1.556 minimal=0.01938 physics=0.1803 total=0.3619
[TRAIN train_fourcastnet_conservefm_full_s44] [TRAIN] stage=pretrain epoch=1/1 batch=2000/3000 step=2000 repair=0.009093 localization=0.3391 type=1.434 minimal=0.01877 physics=1.022 total=0.2377
[TRAIN train_fourcastnet_conservefm_full_s44] [TRAIN] stage=pretrain epoch=1/1 batch=2010/3000 step=2010 repair=0.008998 localization=0.3462 type=1.682 minimal=0.01834 physics=0.07335 total=0.3485
[TRAIN train_fourcastnet_conservefm_full_s44] [TRAIN] stage=pretrain epoch=1/1 batch=2020/3000 step=2020 repair=0.005464 localization=0.3502 type=1.622 minimal=0.01767 physics=0.1455 total=0.3388
[TRAIN train_fourcastnet_conservefm_full_s44] [TRAIN] stage=pretrain epoch=1/1 batch=2030/3000 step=2030 repair=0.001499 localization=0.22 type=2.071 minimal=0.01648 physics=0.07963 total=0.4099
[TRAIN train_fourcastnet_conservefm_full_s44] [TRAIN] stage=pretrain epoch=1/1 batch=2040/3000 step=2040 repair=0.004 localization=0.132 type=0.07504 minimal=0.03162 physics=0.9461 total=0.07769
[TRAIN train_fourcastnet_conservefm_full_s44] [TRAIN] stage=pretrain epoch=1/1 batch=2050/3000 step=2050 repair=0.002221 localization=0.194 type=2.867 minimal=0.01562 physics=0.1273 total=0.5737
[TRAIN train_fourcastnet_conservefm_full_s44] [TRAIN] stage=pretrain epoch=1/1 batch=2060/3000 step=2060 repair=0.005464 localization=0.3107 type=1.593 minimal=0.01758 physics=0.2354 total=0.3485
[TRAIN train_fourcastnet_conservefm_full_s44] [TRAIN] stage=pretrain epoch=1/1 batch=2070/3000 step=2070 repair=0.003196 localization=0.3627 type=2.271 minimal=0.01828 physics=0.3637 total=0.5089
[TRAIN train_fourcastnet_conservefm_full_s44] [TRAIN] stage=pretrain epoch=1/1 batch=2080/3000 step=2080 repair=0.002907 localization=0.3787 type=1.277 minimal=0.01863 physics=0.4308 total=0.1902
[TRAIN train_fourcastnet_conservefm_full_s44] [TRAIN] stage=pretrain epoch=1/1 batch=2090/3000 step=2090 repair=0.002809 localization=0.09612 type=0.2271 minimal=0.02234 physics=0.2669 total=0.06836
[TRAIN train_fourcastnet_conservefm_full_s44] [TRAIN] stage=pretrain epoch=1/1 batch=2100/3000 step=2100 repair=0.002947 localization=0.3047 type=0.9761 minimal=0.01932 physics=0.451 total=0.1538
[TRAIN train_fourcastnet_conservefm_full_s44] [TRAIN] stage=pretrain epoch=1/1 batch=2110/3000 step=2110 repair=0.009567 localization=0.3608 type=1.719 minimal=0.02039 physics=1.959 total=0.3157
[TRAIN train_fourcastnet_conservefm_full_s44] [TRAIN] stage=pretrain epoch=1/1 batch=2120/3000 step=2120 repair=0.004201 localization=0.3711 type=0.9099 minimal=0.01871 physics=0.5538 total=0.1602
[TRAIN train_fourcastnet_conservefm_full_s44] [TRAIN] stage=pretrain epoch=1/1 batch=2130/3000 step=2130 repair=0.00256 localization=0.2695 type=4.086 minimal=0.01779 physics=0.219 total=0.8245
[TRAIN train_fourcastnet_conservefm_full_s44] [TRAIN] stage=pretrain epoch=1/1 batch=2140/3000 step=2140 repair=0.002359 localization=0.08486 type=0.06332 minimal=0.02156 physics=0.1898 total=0.03115
[TRAIN train_fourcastnet_conservefm_full_s44] [TRAIN] stage=pretrain epoch=1/1 batch=2150/3000 step=2150 repair=0.00225 localization=0.1009 type=0.03461 minimal=0.02231 physics=0.3217 total=0.03467
[TRAIN train_fourcastnet_conservefm_full_s44] [TRAIN] stage=pretrain epoch=1/1 batch=2160/3000 step=2160 repair=0.006511 localization=0.3682 type=0.8337 minimal=0.02307 physics=0.165 total=0.2187
[TRAIN train_fourcastnet_conservefm_full_s44] [TRAIN] stage=pretrain epoch=1/1 batch=2170/3000 step=2170 repair=0.003436 localization=0.2547 type=2.238 minimal=0.03033 physics=0.3256 total=0.4805
[TRAIN train_fourcastnet_conservefm_full_s44] [TRAIN] stage=pretrain epoch=1/1 batch=2180/3000 step=2180 repair=0.01058 localization=0.264 type=2.217 minimal=0.03534 physics=0.2066 total=0.4738
[TRAIN train_fourcastnet_conservefm_full_s44] [TRAIN] stage=pretrain epoch=1/1 batch=2190/3000 step=2190 repair=0.004981 localization=0.2864 type=0.9814 minimal=0.02493 physics=0.3078 total=0.1474
[TRAIN train_fourcastnet_conservefm_full_s44] [TRAIN] stage=pretrain epoch=1/1 batch=2200/3000 step=2200 repair=0.004598 localization=0.25 type=1.505 minimal=0.02002 physics=0.1314 total=0.2822
[TRAIN train_fourcastnet_conservefm_full_s44] [TRAIN] stage=pretrain epoch=1/1 batch=2210/3000 step=2210 repair=0.002276 localization=0.2081 type=1.965 minimal=0.02112 physics=0.2745 total=0.4166
[TRAIN train_fourcastnet_conservefm_full_s44] [TRAIN] stage=pretrain epoch=1/1 batch=2220/3000 step=2220 repair=0.002 localization=0.2058 type=1.961 minimal=0.01738 physics=0.08001 total=0.3762
[TRAIN train_fourcastnet_conservefm_full_s44] [TRAIN] stage=pretrain epoch=1/1 batch=2230/3000 step=2230 repair=0.003965 localization=0.1017 type=0.05499 minimal=0.03162 physics=0.8027 total=0.06337
[TRAIN train_fourcastnet_conservefm_full_s44] [TRAIN] stage=pretrain epoch=1/1 batch=2240/3000 step=2240 repair=0.002051 localization=0.2501 type=1.609 minimal=0.01839 physics=0.101 total=0.3207
[TRAIN train_fourcastnet_conservefm_full_s44] [TRAIN] stage=pretrain epoch=1/1 batch=2250/3000 step=2250 repair=0.01305 localization=0.2007 type=1.323 minimal=0.01634 physics=0.8207 total=0.2066
[TRAIN train_fourcastnet_conservefm_full_s44] [TRAIN] stage=pretrain epoch=1/1 batch=2260/3000 step=2260 repair=0.002272 localization=0.3641 type=2.124 minimal=0.01671 physics=0.07533 total=0.4172
[TRAIN train_fourcastnet_conservefm_full_s44] [TRAIN] stage=pretrain epoch=1/1 batch=2270/3000 step=2270 repair=0.00323 localization=0.2068 type=1.583 minimal=0.01797 physics=0.3009 total=0.1974
[TRAIN train_fourcastnet_conservefm_full_s44] [TRAIN] stage=pretrain epoch=1/1 batch=2280/3000 step=2280 repair=0.009518 localization=0.2844 type=1.108 minimal=0.01981 physics=0.1386 total=0.2301
[TRAIN train_fourcastnet_conservefm_full_s44] [TRAIN] stage=pretrain epoch=1/1 batch=2290/3000 step=2290 repair=0.004176 localization=0.1776 type=3.206 minimal=0.01884 physics=0.1342 total=0.6533
[TRAIN train_fourcastnet_conservefm_full_s44] [TRAIN] stage=pretrain epoch=1/1 batch=2300/3000 step=2300 repair=0.003414 localization=0.3428 type=1.85 minimal=0.01814 physics=0.1094 total=0.3818
[TRAIN train_fourcastnet_conservefm_full_s44] [TRAIN] stage=pretrain epoch=1/1 batch=2310/3000 step=2310 repair=0.01641 localization=0.2301 type=0.9658 minimal=0.01768 physics=1.054 total=0.1889
[TRAIN train_fourcastnet_conservefm_full_s44] [TRAIN] stage=pretrain epoch=1/1 batch=2320/3000 step=2320 repair=0.01179 localization=0.3341 type=1.835 minimal=0.01573 physics=0.07653 total=0.3504
[TRAIN train_fourcastnet_conservefm_full_s44] [TRAIN] stage=pretrain epoch=1/1 batch=2330/3000 step=2330 repair=0.002048 localization=0.1927 type=1.146 minimal=0.01845 physics=0.1872 total=0.2133
[TRAIN train_fourcastnet_conservefm_full_s44] [TRAIN] stage=pretrain epoch=1/1 batch=2340/3000 step=2340 repair=0.00147 localization=0.4092 type=0.2356 minimal=0.02254 physics=0.08514 total=0.0833
[TRAIN train_fourcastnet_conservefm_full_s44] [TRAIN] stage=pretrain epoch=1/1 batch=2350/3000 step=2350 repair=0.01532 localization=0.451 type=3.646 minimal=0.01839 physics=0.1272 total=0.8158
[TRAIN train_fourcastnet_conservefm_full_s44] [TRAIN] stage=pretrain epoch=1/1 batch=2360/3000 step=2360 repair=0.001254 localization=0.2714 type=0.991 minimal=0.01508 physics=0.1695 total=0.2335
[TRAIN train_fourcastnet_conservefm_full_s44] [TRAIN] stage=pretrain epoch=1/1 batch=2370/3000 step=2370 repair=0.007975 localization=0.3822 type=2.204 minimal=0.01813 physics=0.056 total=0.4635
[TRAIN train_fourcastnet_conservefm_full_s44] [TRAIN] stage=pretrain epoch=1/1 batch=2380/3000 step=2380 repair=0.006715 localization=0.2218 type=0.8386 minimal=0.01993 physics=1.152 total=0.1706
[TRAIN train_fourcastnet_conservefm_full_s44] [TRAIN] stage=pretrain epoch=1/1 batch=2390/3000 step=2390 repair=0.006278 localization=0.07014 type=0.01541 minimal=0.02762 physics=0.4853 total=0.04049
[TRAIN train_fourcastnet_conservefm_full_s44] [TRAIN] stage=pretrain epoch=1/1 batch=2400/3000 step=2400 repair=0.0027 localization=0.1781 type=0.8379 minimal=0.01697 physics=0.5535 total=0.1321
[TRAIN train_fourcastnet_conservefm_full_s44] [TRAIN] stage=pretrain epoch=1/1 batch=2410/3000 step=2410 repair=0.0049 localization=0.3538 type=1.619 minimal=0.01714 physics=0.1885 total=0.3248
[TRAIN train_fourcastnet_conservefm_full_s44] [TRAIN] stage=pretrain epoch=1/1 batch=2420/3000 step=2420 repair=0.005736 localization=0.2345 type=1.351 minimal=0.01994 physics=0.2862 total=0.285
[TRAIN train_fourcastnet_conservefm_full_s44] [TRAIN] stage=pretrain epoch=1/1 batch=2430/3000 step=2430 repair=0.002213 localization=0.2304 type=1.139 minimal=0.01424 physics=0.2314 total=0.2565
[TRAIN train_fourcastnet_conservefm_full_s44] [TRAIN] stage=pretrain epoch=1/1 batch=2440/3000 step=2440 repair=0.00337 localization=0.26 type=1.806 minimal=0.01903 physics=0.1626 total=0.3568
[TRAIN train_fourcastnet_conservefm_full_s44] [TRAIN] stage=pretrain epoch=1/1 batch=2450/3000 step=2450 repair=0.00748 localization=0.327 type=1.839 minimal=0.02072 physics=0.272 total=0.3468
[TRAIN train_fourcastnet_conservefm_full_s44] [TRAIN] stage=pretrain epoch=1/1 batch=2460/3000 step=2460 repair=0.001761 localization=0.2775 type=1.067 minimal=0.01793 physics=0.06158 total=0.2082
[TRAIN train_fourcastnet_conservefm_full_s44] [TRAIN] stage=pretrain epoch=1/1 batch=2470/3000 step=2470 repair=0.002646 localization=0.09485 type=0.02488 minimal=0.02043 physics=0.5077 total=0.04216
[TRAIN train_fourcastnet_conservefm_full_s44] [TRAIN] stage=pretrain epoch=1/1 batch=2480/3000 step=2480 repair=0.002195 localization=0.4084 type=1.636 minimal=0.01712 physics=0.7033 total=0.242
[TRAIN train_fourcastnet_conservefm_full_s44] [TRAIN] stage=pretrain epoch=1/1 batch=2490/3000 step=2490 repair=0.009197 localization=0.2868 type=2.063 minimal=0.01631 physics=0.06226 total=0.4391
[TRAIN train_fourcastnet_conservefm_full_s44] [TRAIN] stage=pretrain epoch=1/1 batch=2500/3000 step=2500 repair=0.003489 localization=0.2285 type=2.915 minimal=0.01607 physics=0.1483 total=0.5946
[TRAIN train_fourcastnet_conservefm_full_s44] [TRAIN] stage=pretrain epoch=1/1 batch=2510/3000 step=2510 repair=0.003466 localization=0.3789 type=2.51 minimal=0.02052 physics=0.08204 total=0.5091
[TRAIN train_fourcastnet_conservefm_full_s44] [TRAIN] stage=pretrain epoch=1/1 batch=2520/3000 step=2520 repair=0.002735 localization=0.07317 type=0.0118 minimal=0.03058 physics=0.4371 total=0.03433
[TRAIN train_fourcastnet_conservefm_full_s44] [TRAIN] stage=pretrain epoch=1/1 batch=2530/3000 step=2530 repair=0.002869 localization=0.3769 type=0.7617 minimal=0.0161 physics=0.7428 total=0.154
[TRAIN train_fourcastnet_conservefm_full_s44] [TRAIN] stage=pretrain epoch=1/1 batch=2540/3000 step=2540 repair=0.008553 localization=0.3943 type=1.461 minimal=0.01588 physics=0.2177 total=0.2848
[TRAIN train_fourcastnet_conservefm_full_s44] [TRAIN] stage=pretrain epoch=1/1 batch=2550/3000 step=2550 repair=0.02835 localization=0.3494 type=0.6106 minimal=0.02135 physics=2.342 total=0.2417
[TRAIN train_fourcastnet_conservefm_full_s44] [TRAIN] stage=pretrain epoch=1/1 batch=2560/3000 step=2560 repair=0.004906 localization=0.3307 type=1.81 minimal=0.0191 physics=0.5683 total=0.3483
[TRAIN train_fourcastnet_conservefm_full_s44] [TRAIN] stage=pretrain epoch=1/1 batch=2570/3000 step=2570 repair=0.01811 localization=0.2285 type=0.6638 minimal=0.01657 physics=0.8758 total=0.1513
[TRAIN train_fourcastnet_conservefm_full_s44] [TRAIN] stage=pretrain epoch=1/1 batch=2580/3000 step=2580 repair=0.006868 localization=0.2474 type=0.7166 minimal=0.01799 physics=0.9968 total=0.1533
[TRAIN train_fourcastnet_conservefm_full_s44] [TRAIN] stage=pretrain epoch=1/1 batch=2590/3000 step=2590 repair=0.002017 localization=0.4189 type=1.644 minimal=0.01646 physics=0.36 total=0.2968
[TRAIN train_fourcastnet_conservefm_full_s44] [TRAIN] stage=pretrain epoch=1/1 batch=2600/3000 step=2600 repair=0.003452 localization=0.36 type=3.657 minimal=0.01761 physics=0.296 total=0.7123
[TRAIN train_fourcastnet_conservefm_full_s44] [TRAIN] stage=pretrain epoch=1/1 batch=2610/3000 step=2610 repair=0.002719 localization=0.302 type=1.186 minimal=0.01668 physics=0.138 total=0.2503
[TRAIN train_fourcastnet_conservefm_full_s44] [TRAIN] stage=pretrain epoch=1/1 batch=2620/3000 step=2620 repair=0.002726 localization=0.0835 type=0.008614 minimal=0.02414 physics=0.4144 total=0.03338
[TRAIN train_fourcastnet_conservefm_full_s44] [TRAIN] stage=pretrain epoch=1/1 batch=2630/3000 step=2630 repair=0.001104 localization=0.2517 type=1.899 minimal=0.01668 physics=0.05006 total=0.3448
[TRAIN train_fourcastnet_conservefm_full_s44] [TRAIN] stage=pretrain epoch=1/1 batch=2640/3000 step=2640 repair=0.002565 localization=0.2462 type=1.951 minimal=0.0173 physics=0.2256 total=0.3694
[TRAIN train_fourcastnet_conservefm_full_s44] [TRAIN] stage=pretrain epoch=1/1 batch=2650/3000 step=2650 repair=0.001815 localization=0.1399 type=1.179 minimal=0.01637 physics=0.1346 total=0.2452
[TRAIN train_fourcastnet_conservefm_full_s44] [TRAIN] stage=pretrain epoch=1/1 batch=2660/3000 step=2660 repair=0.00257 localization=0.3477 type=1.675 minimal=0.01608 physics=0.1293 total=0.3455
[TRAIN train_fourcastnet_conservefm_full_s44] [TRAIN] stage=pretrain epoch=1/1 batch=2670/3000 step=2670 repair=0.007884 localization=0.2963 type=0.928 minimal=0.0164 physics=0.9221 total=0.1766
[TRAIN train_fourcastnet_conservefm_full_s44] [TRAIN] stage=pretrain epoch=1/1 batch=2680/3000 step=2680 repair=0.004696 localization=0.2399 type=1.559 minimal=0.01511 physics=0.1206 total=0.3028
[TRAIN train_fourcastnet_conservefm_full_s44] [TRAIN] stage=pretrain epoch=1/1 batch=2690/3000 step=2690 repair=0.04445 localization=0.4663 type=1.006 minimal=0.01894 physics=1.813 total=0.2825
[TRAIN train_fourcastnet_conservefm_full_s44] [TRAIN] stage=pretrain epoch=1/1 batch=2700/3000 step=2700 repair=0.003228 localization=0.3504 type=1.583 minimal=0.01854 physics=0.09342 total=0.29
[TRAIN train_fourcastnet_conservefm_full_s44] [TRAIN] stage=pretrain epoch=1/1 batch=2710/3000 step=2710 repair=0.001725 localization=0.3387 type=1.266 minimal=0.01711 physics=0.09301 total=0.2301
[TRAIN train_fourcastnet_conservefm_full_s44] [TRAIN] stage=pretrain epoch=1/1 batch=2720/3000 step=2720 repair=0.002246 localization=0.03778 type=0.02833 minimal=0.02286 physics=0.2375 total=0.02326
[TRAIN train_fourcastnet_conservefm_full_s44] [TRAIN] stage=pretrain epoch=1/1 batch=2730/3000 step=2730 repair=0.002343 localization=0.3962 type=0.5049 minimal=0.01982 physics=0.08243 total=0.1147
[TRAIN train_fourcastnet_conservefm_full_s44] [TRAIN] stage=pretrain epoch=1/1 batch=2740/3000 step=2740 repair=0.001992 localization=0.2694 type=0.5922 minimal=0.01889 physics=0.1885 total=0.1552
[TRAIN train_fourcastnet_conservefm_full_s44] [TRAIN] stage=pretrain epoch=1/1 batch=2750/3000 step=2750 repair=0.00295 localization=0.285 type=1.264 minimal=0.0154 physics=0.872 total=0.2016
[TRAIN train_fourcastnet_conservefm_full_s44] [TRAIN] stage=pretrain epoch=1/1 batch=2760/3000 step=2760 repair=0.01421 localization=0.3692 type=2.271 minimal=0.01608 physics=0.7438 total=0.4887
[TRAIN train_fourcastnet_conservefm_full_s44] [TRAIN] stage=pretrain epoch=1/1 batch=2770/3000 step=2770 repair=0.004776 localization=0.07733 type=0.08569 minimal=0.02614 physics=0.4814 total=0.0525
[TRAIN train_fourcastnet_conservefm_full_s44] [TRAIN] stage=pretrain epoch=1/1 batch=2780/3000 step=2780 repair=0.01494 localization=0.3553 type=1.521 minimal=0.0209 physics=1.114 total=0.3634
[TRAIN train_fourcastnet_conservefm_full_s44] [TRAIN] stage=pretrain epoch=1/1 batch=2790/3000 step=2790 repair=0.0222 localization=0.2715 type=1.399 minimal=0.02092 physics=1.133 total=0.2462
[TRAIN train_fourcastnet_conservefm_full_s44] [TRAIN] stage=pretrain epoch=1/1 batch=2800/3000 step=2800 repair=0.002145 localization=0.3637 type=1.83 minimal=0.01755 physics=0.04662 total=0.3976
[TRAIN train_fourcastnet_conservefm_full_s44] [TRAIN] stage=pretrain epoch=1/1 batch=2810/3000 step=2810 repair=0.003967 localization=0.1144 type=0.21 minimal=0.02524 physics=0.3887 total=0.07342
[TRAIN train_fourcastnet_conservefm_full_s44] [TRAIN] stage=pretrain epoch=1/1 batch=2820/3000 step=2820 repair=0.002965 localization=0.1848 type=1.469 minimal=0.01891 physics=0.07744 total=0.2771
[TRAIN train_fourcastnet_conservefm_full_s44] [TRAIN] stage=pretrain epoch=1/1 batch=2830/3000 step=2830 repair=0.002155 localization=0.2839 type=1.354 minimal=0.01659 physics=0.4407 total=0.1882
[TRAIN train_fourcastnet_conservefm_full_s44] [TRAIN] stage=pretrain epoch=1/1 batch=2840/3000 step=2840 repair=0.002321 localization=0.1972 type=1.636 minimal=0.01602 physics=0.6407 total=0.2179
[TRAIN train_fourcastnet_conservefm_full_s44] [TRAIN] stage=pretrain epoch=1/1 batch=2850/3000 step=2850 repair=0.01692 localization=0.2205 type=1.441 minimal=0.01778 physics=1.386 total=0.2526
[TRAIN train_fourcastnet_conservefm_full_s44] [TRAIN] stage=pretrain epoch=1/1 batch=2860/3000 step=2860 repair=0.002096 localization=0.2958 type=1.356 minimal=0.01624 physics=0.1493 total=0.2707
[TRAIN train_fourcastnet_conservefm_full_s44] [TRAIN] stage=pretrain epoch=1/1 batch=2870/3000 step=2870 repair=0.001801 localization=0.3804 type=1.728 minimal=0.01439 physics=0.1023 total=0.346
[TRAIN train_fourcastnet_conservefm_full_s44] [TRAIN] stage=pretrain epoch=1/1 batch=2880/3000 step=2880 repair=0.002532 localization=0.277 type=1.633 minimal=0.01598 physics=0.1319 total=0.3217
[TRAIN train_fourcastnet_conservefm_full_s44] [TRAIN] stage=pretrain epoch=1/1 batch=2890/3000 step=2890 repair=0.002871 localization=0.2262 type=1.47 minimal=0.01758 physics=0.1025 total=0.2906
[TRAIN train_fourcastnet_conservefm_full_s44] [TRAIN] stage=pretrain epoch=1/1 batch=2900/3000 step=2900 repair=0.005366 localization=0.03057 type=6.628e-05 minimal=0.04257 physics=1.386 total=0.07816
[TRAIN train_fourcastnet_conservefm_full_s44] [TRAIN] stage=pretrain epoch=1/1 batch=2910/3000 step=2910 repair=0.00283 localization=0.2525 type=0.7991 minimal=0.01646 physics=0.4184 total=0.1291
[TRAIN train_fourcastnet_conservefm_full_s44] [TRAIN] stage=pretrain epoch=1/1 batch=2920/3000 step=2920 repair=0.006243 localization=0.3394 type=2.06 minimal=0.0213 physics=0.2604 total=0.4003
[TRAIN train_fourcastnet_conservefm_full_s44] [TRAIN] stage=pretrain epoch=1/1 batch=2930/3000 step=2930 repair=0.005165 localization=0.206 type=1.336 minimal=0.01973 physics=0.8648 total=0.2028
[TRAIN train_fourcastnet_conservefm_full_s44] [TRAIN] stage=pretrain epoch=1/1 batch=2940/3000 step=2940 repair=0.00639 localization=0.4073 type=1.014 minimal=0.02196 physics=0.2296 total=0.2405
[TRAIN train_fourcastnet_conservefm_full_s44] [TRAIN] stage=pretrain epoch=1/1 batch=2950/3000 step=2950 repair=0.003893 localization=0.2809 type=1.492 minimal=0.02255 physics=0.3476 total=0.3058
[TRAIN train_fourcastnet_conservefm_full_s44] [TRAIN] stage=pretrain epoch=1/1 batch=2960/3000 step=2960 repair=0.002597 localization=0.03553 type=0.0009323 minimal=0.02995 physics=0.5679 total=0.03502
[TRAIN train_fourcastnet_conservefm_full_s44] [TRAIN] stage=pretrain epoch=1/1 batch=2970/3000 step=2970 repair=0.003227 localization=0.2761 type=2.014 minimal=0.01743 physics=0.3203 total=0.4154
[TRAIN train_fourcastnet_conservefm_full_s44] [TRAIN] stage=pretrain epoch=1/1 batch=2980/3000 step=2980 repair=0.001982 localization=0.04246 type=0.001387 minimal=0.02361 physics=0.2151 total=0.01747
[TRAIN train_fourcastnet_conservefm_full_s44] [TRAIN] stage=pretrain epoch=1/1 batch=2990/3000 step=2990 repair=0.004437 localization=0.3419 type=1.194 minimal=0.01666 physics=0.1522 total=0.2626
[TRAIN train_fourcastnet_conservefm_full_s44] [TRAIN] stage=pretrain epoch=1/1 batch=3000/3000 step=3000 repair=0.0419 localization=0.5064 type=1.381 minimal=0.01724 physics=1.414 total=0.3015
[TRAIN train_fourcastnet_conservefm_full_s44] [EPOCH] {'stage': 'pretrain', 'epoch': 0, 'global_step': 3000, 'train_total': 0.3154752676996092, 'val_repair_mse': 0.2197199328802526, 'elapsed_seconds': 2620.19}
[TRAIN train_fourcastnet_conservefm_full_s44] [BEST] val_repair_mse=0.21972
[TRAIN train_fourcastnet_conservefm_full_s44] [STAGE] finetune epochs=1 start_epoch=0
[TRAIN train_fourcastnet_conservefm_full_s44] [TRAIN] stage=finetune epoch=1/1 batch=10/3000 step=3010 repair=0.2481 localization=0 type=0 minimal=0.07605 physics=0.8841 total=0.2931
[TRAIN train_fourcastnet_conservefm_full_s44] [TRAIN] stage=finetune epoch=1/1 batch=20/3000 step=3020 repair=0.1888 localization=0 type=0 minimal=0.1021 physics=0.5784 total=0.2188
[TRAIN train_fourcastnet_conservefm_full_s44] [TRAIN] stage=finetune epoch=1/1 batch=30/3000 step=3030 repair=0.1109 localization=0 type=0 minimal=0.1259 physics=0.3106 total=0.1277
[TRAIN train_fourcastnet_conservefm_full_s44] [TRAIN] stage=finetune epoch=1/1 batch=40/3000 step=3040 repair=0.1269 localization=0 type=0 minimal=0.1009 physics=0.7617 total=0.166
[TRAIN train_fourcastnet_conservefm_full_s44] [TRAIN] stage=finetune epoch=1/1 batch=50/3000 step=3050 repair=0.1495 localization=0 type=0 minimal=0.1522 physics=0.9434 total=0.1982
[TRAIN train_fourcastnet_conservefm_full_s44] [TRAIN] stage=finetune epoch=1/1 batch=60/3000 step=3060 repair=0.1035 localization=0 type=0 minimal=0.09491 physics=0.3207 total=0.1205
[TRAIN train_fourcastnet_conservefm_full_s44] [TRAIN] stage=finetune epoch=1/1 batch=70/3000 step=3070 repair=0.07978 localization=0 type=0 minimal=0.1346 physics=0.2171 total=0.09198
[TRAIN train_fourcastnet_conservefm_full_s44] [TRAIN] stage=finetune epoch=1/1 batch=80/3000 step=3080 repair=0.09565 localization=0 type=0 minimal=0.1296 physics=0.5521 total=0.1246
[TRAIN train_fourcastnet_conservefm_full_s44] [TRAIN] stage=finetune epoch=1/1 batch=90/3000 step=3090 repair=0.1004 localization=0 type=0 minimal=0.1122 physics=0.3584 total=0.1194
[TRAIN train_fourcastnet_conservefm_full_s44] [TRAIN] stage=finetune epoch=1/1 batch=100/3000 step=3100 repair=0.117 localization=0 type=0 minimal=0.1217 physics=0.2925 total=0.1328
[TRAIN train_fourcastnet_conservefm_full_s44] [TRAIN] stage=finetune epoch=1/1 batch=110/3000 step=3110 repair=0.09703 localization=0 type=0 minimal=0.1104 physics=0.6319 total=0.1297
[TRAIN train_fourcastnet_conservefm_full_s44] [TRAIN] stage=finetune epoch=1/1 batch=120/3000 step=3120 repair=0.151 localization=0 type=0 minimal=0.146 physics=0.4752 total=0.1762
[TRAIN train_fourcastnet_conservefm_full_s44] [TRAIN] stage=finetune epoch=1/1 batch=130/3000 step=3130 repair=0.07585 localization=0 type=0 minimal=0.1147 physics=0.2164 total=0.08782
[TRAIN train_fourcastnet_conservefm_full_s44] [TRAIN] stage=finetune epoch=1/1 batch=140/3000 step=3140 repair=0.08311 localization=0 type=0 minimal=0.1116 physics=0.3486 total=0.1017
[TRAIN train_fourcastnet_conservefm_full_s44] [TRAIN] stage=finetune epoch=1/1 batch=150/3000 step=3150 repair=0.0746 localization=0 type=0 minimal=0.1233 physics=0.1747 total=0.08457
[TRAIN train_fourcastnet_conservefm_full_s44] [TRAIN] stage=finetune epoch=1/1 batch=160/3000 step=3160 repair=0.05118 localization=0 type=0 minimal=0.1041 physics=0.2288 total=0.06366
[TRAIN train_fourcastnet_conservefm_full_s44] [TRAIN] stage=finetune epoch=1/1 batch=170/3000 step=3170 repair=0.1245 localization=0 type=0 minimal=0.1465 physics=0.5116 total=0.1515
[TRAIN train_fourcastnet_conservefm_full_s44] [TRAIN] stage=finetune epoch=1/1 batch=180/3000 step=3180 repair=0.09249 localization=0 type=0 minimal=0.1462 physics=0.2756 total=0.1077
[TRAIN train_fourcastnet_conservefm_full_s44] [TRAIN] stage=finetune epoch=1/1 batch=190/3000 step=3190 repair=0.0482 localization=0 type=0 minimal=0.09686 physics=0.2742 total=0.06288
[TRAIN train_fourcastnet_conservefm_full_s44] [TRAIN] stage=finetune epoch=1/1 batch=200/3000 step=3200 repair=0.08662 localization=0 type=0 minimal=0.1375 physics=0.3593 total=0.106
[TRAIN train_fourcastnet_conservefm_full_s44] [TRAIN] stage=finetune epoch=1/1 batch=210/3000 step=3210 repair=0.09699 localization=0 type=0 minimal=0.1517 physics=0.234 total=0.1102
[TRAIN train_fourcastnet_conservefm_full_s44] [TRAIN] stage=finetune epoch=1/1 batch=220/3000 step=3220 repair=0.08268 localization=0 type=0 minimal=0.1427 physics=0.2937 total=0.09879
[TRAIN train_fourcastnet_conservefm_full_s44] [TRAIN] stage=finetune epoch=1/1 batch=230/3000 step=3230 repair=0.09618 localization=0 type=0 minimal=0.1388 physics=0.3197 total=0.1136
[TRAIN train_fourcastnet_conservefm_full_s44] [TRAIN] stage=finetune epoch=1/1 batch=240/3000 step=3240 repair=0.04806 localization=0 type=0 minimal=0.1117 physics=0.1567 total=0.05701
[TRAIN train_fourcastnet_conservefm_full_s44] [TRAIN] stage=finetune epoch=1/1 batch=250/3000 step=3250 repair=0.06521 localization=0 type=0 minimal=0.1136 physics=0.3155 total=0.08212
[TRAIN train_fourcastnet_conservefm_full_s44] [TRAIN] stage=finetune epoch=1/1 batch=260/3000 step=3260 repair=0.03208 localization=0 type=0 minimal=0.09137 physics=0.1154 total=0.03876
[TRAIN train_fourcastnet_conservefm_full_s44] [TRAIN] stage=finetune epoch=1/1 batch=270/3000 step=3270 repair=0.05077 localization=0 type=0 minimal=0.1102 physics=0.1528 total=0.05951
[TRAIN train_fourcastnet_conservefm_full_s44] [TRAIN] stage=finetune epoch=1/1 batch=280/3000 step=3280 repair=0.07576 localization=0 type=0 minimal=0.1245 physics=0.5972 total=0.1069
[TRAIN train_fourcastnet_conservefm_full_s44] [TRAIN] stage=finetune epoch=1/1 batch=290/3000 step=3290 repair=0.05512 localization=0 type=0 minimal=0.1189 physics=0.1678 total=0.0647
[TRAIN train_fourcastnet_conservefm_full_s44] [TRAIN] stage=finetune epoch=1/1 batch=300/3000 step=3300 repair=0.07687 localization=0 type=0 minimal=0.1345 physics=0.2484 total=0.09063
[TRAIN train_fourcastnet_conservefm_full_s44] [TRAIN] stage=finetune epoch=1/1 batch=310/3000 step=3310 repair=0.06517 localization=0 type=0 minimal=0.1074 physics=0.1913 total=0.07581
[TRAIN train_fourcastnet_conservefm_full_s44] [TRAIN] stage=finetune epoch=1/1 batch=320/3000 step=3320 repair=0.04792 localization=0 type=0 minimal=0.1135 physics=0.1379 total=0.05595
[TRAIN train_fourcastnet_conservefm_full_s44] [TRAIN] stage=finetune epoch=1/1 batch=330/3000 step=3330 repair=0.09978 localization=0 type=0 minimal=0.1399 physics=0.395 total=0.1209
[TRAIN train_fourcastnet_conservefm_full_s44] [TRAIN] stage=finetune epoch=1/1 batch=340/3000 step=3340 repair=0.04793 localization=0 type=0 minimal=0.115 physics=0.1571 total=0.05693
[TRAIN train_fourcastnet_conservefm_full_s44] [TRAIN] stage=finetune epoch=1/1 batch=350/3000 step=3350 repair=0.05352 localization=0 type=0 minimal=0.1267 physics=0.228 total=0.06619
[TRAIN train_fourcastnet_conservefm_full_s44] [TRAIN] stage=finetune epoch=1/1 batch=360/3000 step=3360 repair=0.04657 localization=0 type=0 minimal=0.1111 physics=0.139 total=0.05463
[TRAIN train_fourcastnet_conservefm_full_s44] [TRAIN] stage=finetune epoch=1/1 batch=370/3000 step=3370 repair=0.06914 localization=0 type=0 minimal=0.1221 physics=0.2489 total=0.08281
[TRAIN train_fourcastnet_conservefm_full_s44] [TRAIN] stage=finetune epoch=1/1 batch=380/3000 step=3380 repair=0.04263 localization=0 type=0 minimal=0.113 physics=0.1287 total=0.0502
[TRAIN train_fourcastnet_conservefm_full_s44] [TRAIN] stage=finetune epoch=1/1 batch=390/3000 step=3390 repair=0.07061 localization=0 type=0 minimal=0.121 physics=0.2941 total=0.08652
[TRAIN train_fourcastnet_conservefm_full_s44] [TRAIN] stage=finetune epoch=1/1 batch=400/3000 step=3400 repair=0.06598 localization=0 type=0 minimal=0.113 physics=0.2596 total=0.08009
[TRAIN train_fourcastnet_conservefm_full_s44] [TRAIN] stage=finetune epoch=1/1 batch=410/3000 step=3410 repair=0.03056 localization=0 type=0 minimal=0.0907 physics=0.153 total=0.03911
[TRAIN train_fourcastnet_conservefm_full_s44] [TRAIN] stage=finetune epoch=1/1 batch=420/3000 step=3420 repair=0.03077 localization=0 type=0 minimal=0.1029 physics=0.1242 total=0.03801
[TRAIN train_fourcastnet_conservefm_full_s44] [TRAIN] stage=finetune epoch=1/1 batch=430/3000 step=3430 repair=0.04361 localization=0 type=0 minimal=0.1093 physics=0.175 total=0.05345
[TRAIN train_fourcastnet_conservefm_full_s44] [TRAIN] stage=finetune epoch=1/1 batch=440/3000 step=3440 repair=0.07544 localization=0 type=0 minimal=0.1437 physics=0.2596 total=0.08986
[TRAIN train_fourcastnet_conservefm_full_s44] [TRAIN] stage=finetune epoch=1/1 batch=450/3000 step=3450 repair=0.0418 localization=0 type=0 minimal=0.1012 physics=0.1399 total=0.04981
[TRAIN train_fourcastnet_conservefm_full_s44] [TRAIN] stage=finetune epoch=1/1 batch=460/3000 step=3460 repair=0.02298 localization=0 type=0 minimal=0.08655 physics=0.1061 total=0.02916
[TRAIN train_fourcastnet_conservefm_full_s44] [TRAIN] stage=finetune epoch=1/1 batch=470/3000 step=3470 repair=0.07149 localization=0 type=0 minimal=0.1281 physics=0.2019 total=0.08287
[TRAIN train_fourcastnet_conservefm_full_s44] [TRAIN] stage=finetune epoch=1/1 batch=480/3000 step=3480 repair=0.0961 localization=0 type=0 minimal=0.1379 physics=0.2983 total=0.1124
[TRAIN train_fourcastnet_conservefm_full_s44] [TRAIN] stage=finetune epoch=1/1 batch=490/3000 step=3490 repair=0.05952 localization=0 type=0 minimal=0.1161 physics=0.3566 total=0.07851
[TRAIN train_fourcastnet_conservefm_full_s44] [TRAIN] stage=finetune epoch=1/1 batch=500/3000 step=3500 repair=0.1045 localization=0 type=0 minimal=0.1566 physics=0.2466 total=0.1184
[TRAIN train_fourcastnet_conservefm_full_s44] [TRAIN] stage=finetune epoch=1/1 batch=510/3000 step=3510 repair=0.06137 localization=0 type=0 minimal=0.1107 physics=0.3363 total=0.07929
[TRAIN train_fourcastnet_conservefm_full_s44] [TRAIN] stage=finetune epoch=1/1 batch=520/3000 step=3520 repair=0.06336 localization=0 type=0 minimal=0.1115 physics=0.3015 total=0.07955
[TRAIN train_fourcastnet_conservefm_full_s44] [TRAIN] stage=finetune epoch=1/1 batch=530/3000 step=3530 repair=0.07295 localization=0 type=0 minimal=0.1467 physics=0.1947 total=0.08416
[TRAIN train_fourcastnet_conservefm_full_s44] [TRAIN] stage=finetune epoch=1/1 batch=540/3000 step=3540 repair=0.07547 localization=0 type=0 minimal=0.1407 physics=0.4017 total=0.09696
[TRAIN train_fourcastnet_conservefm_full_s44] [TRAIN] stage=finetune epoch=1/1 batch=550/3000 step=3550 repair=0.03961 localization=0 type=0 minimal=0.09393 physics=0.2199 total=0.05154
[TRAIN train_fourcastnet_conservefm_full_s44] [TRAIN] stage=finetune epoch=1/1 batch=560/3000 step=3560 repair=0.06596 localization=0 type=0 minimal=0.1118 physics=0.1492 total=0.07454
[TRAIN train_fourcastnet_conservefm_full_s44] [TRAIN] stage=finetune epoch=1/1 batch=570/3000 step=3570 repair=0.07369 localization=0 type=0 minimal=0.1377 physics=0.1645 total=0.08329
[TRAIN train_fourcastnet_conservefm_full_s44] [TRAIN] stage=finetune epoch=1/1 batch=580/3000 step=3580 repair=0.03157 localization=0 type=0 minimal=0.08667 physics=0.1339 total=0.03913
[TRAIN train_fourcastnet_conservefm_full_s44] [TRAIN] stage=finetune epoch=1/1 batch=590/3000 step=3590 repair=0.07793 localization=0 type=0 minimal=0.1387 physics=0.27 total=0.09282
[TRAIN train_fourcastnet_conservefm_full_s44] [TRAIN] stage=finetune epoch=1/1 batch=600/3000 step=3600 repair=0.02539 localization=0 type=0 minimal=0.08655 physics=0.1389 total=0.0332
[TRAIN train_fourcastnet_conservefm_full_s44] [TRAIN] stage=finetune epoch=1/1 batch=610/3000 step=3610 repair=0.07042 localization=0 type=0 minimal=0.1337 physics=0.5738 total=0.1004
[TRAIN train_fourcastnet_conservefm_full_s44] [TRAIN] stage=finetune epoch=1/1 batch=620/3000 step=3620 repair=0.02883 localization=0 type=0 minimal=0.07611 physics=0.1075 total=0.03497
[TRAIN train_fourcastnet_conservefm_full_s44] [TRAIN] stage=finetune epoch=1/1 batch=630/3000 step=3630 repair=0.04408 localization=0 type=0 minimal=0.1057 physics=0.1989 total=0.05508
[TRAIN train_fourcastnet_conservefm_full_s44] [TRAIN] stage=finetune epoch=1/1 batch=640/3000 step=3640 repair=0.04459 localization=0 type=0 minimal=0.1005 physics=0.1471 total=0.05295
[TRAIN train_fourcastnet_conservefm_full_s44] [TRAIN] stage=finetune epoch=1/1 batch=650/3000 step=3650 repair=0.06997 localization=0 type=0 minimal=0.1289 physics=0.2904 total=0.08578
[TRAIN train_fourcastnet_conservefm_full_s44] [TRAIN] stage=finetune epoch=1/1 batch=660/3000 step=3660 repair=0.06615 localization=0 type=0 minimal=0.114 physics=0.1691 total=0.07574
[TRAIN train_fourcastnet_conservefm_full_s44] [TRAIN] stage=finetune epoch=1/1 batch=670/3000 step=3670 repair=0.03072 localization=0 type=0 minimal=0.09222 physics=0.1338 total=0.03833
[TRAIN train_fourcastnet_conservefm_full_s44] [TRAIN] stage=finetune epoch=1/1 batch=680/3000 step=3680 repair=0.05233 localization=0 type=0 minimal=0.1033 physics=0.1702 total=0.06188
[TRAIN train_fourcastnet_conservefm_full_s44] [TRAIN] stage=finetune epoch=1/1 batch=690/3000 step=3690 repair=0.09019 localization=0 type=0 minimal=0.1385 physics=0.201 total=0.1016
[TRAIN train_fourcastnet_conservefm_full_s44] [TRAIN] stage=finetune epoch=1/1 batch=700/3000 step=3700 repair=0.0407 localization=0 type=0 minimal=0.1067 physics=0.118 total=0.04767
[TRAIN train_fourcastnet_conservefm_full_s44] [TRAIN] stage=finetune epoch=1/1 batch=710/3000 step=3710 repair=0.05551 localization=0 type=0 minimal=0.1066 physics=0.3204 total=0.0726
[TRAIN train_fourcastnet_conservefm_full_s44] [TRAIN] stage=finetune epoch=1/1 batch=720/3000 step=3720 repair=0.06006 localization=0 type=0 minimal=0.1154 physics=0.1494 total=0.06868
[TRAIN train_fourcastnet_conservefm_full_s44] [TRAIN] stage=finetune epoch=1/1 batch=730/3000 step=3730 repair=0.03138 localization=0 type=0 minimal=0.08856 physics=0.2277 total=0.04365
[TRAIN train_fourcastnet_conservefm_full_s44] [TRAIN] stage=finetune epoch=1/1 batch=740/3000 step=3740 repair=0.06388 localization=0 type=0 minimal=0.1158 physics=0.2396 total=0.07702
[TRAIN train_fourcastnet_conservefm_full_s44] [TRAIN] stage=finetune epoch=1/1 batch=750/3000 step=3750 repair=0.04114 localization=0 type=0 minimal=0.1124 physics=0.1506 total=0.04979
[TRAIN train_fourcastnet_conservefm_full_s44] [TRAIN] stage=finetune epoch=1/1 batch=760/3000 step=3760 repair=0.03621 localization=0 type=0 minimal=0.101 physics=0.2342 total=0.04893
[TRAIN train_fourcastnet_conservefm_full_s44] [TRAIN] stage=finetune epoch=1/1 batch=770/3000 step=3770 repair=0.04973 localization=0 type=0 minimal=0.12 physics=0.1813 total=0.05999
[TRAIN train_fourcastnet_conservefm_full_s44] [TRAIN] stage=finetune epoch=1/1 batch=780/3000 step=3780 repair=0.02556 localization=0 type=0 minimal=0.08307 physics=0.1101 total=0.03189
[TRAIN train_fourcastnet_conservefm_full_s44] [TRAIN] stage=finetune epoch=1/1 batch=790/3000 step=3790 repair=0.05987 localization=0 type=0 minimal=0.1168 physics=0.1875 total=0.07041
[TRAIN train_fourcastnet_conservefm_full_s44] [TRAIN] stage=finetune epoch=1/1 batch=800/3000 step=3800 repair=0.09952 localization=0 type=0 minimal=0.1375 physics=0.2455 total=0.1132
[TRAIN train_fourcastnet_conservefm_full_s44] [TRAIN] stage=finetune epoch=1/1 batch=810/3000 step=3810 repair=0.04057 localization=0 type=0 minimal=0.1089 physics=0.1378 total=0.04855
[TRAIN train_fourcastnet_conservefm_full_s44] [TRAIN] stage=finetune epoch=1/1 batch=820/3000 step=3820 repair=0.0557 localization=0 type=0 minimal=0.1309 physics=0.1413 total=0.06407
[TRAIN train_fourcastnet_conservefm_full_s44] [TRAIN] stage=finetune epoch=1/1 batch=830/3000 step=3830 repair=0.05273 localization=0 type=0 minimal=0.1261 physics=0.1134 total=0.05966
[TRAIN train_fourcastnet_conservefm_full_s44] [TRAIN] stage=finetune epoch=1/1 batch=840/3000 step=3840 repair=0.07463 localization=0 type=0 minimal=0.1423 physics=0.2006 total=0.08608
[TRAIN train_fourcastnet_conservefm_full_s44] [TRAIN] stage=finetune epoch=1/1 batch=850/3000 step=3850 repair=0.05326 localization=0 type=0 minimal=0.1224 physics=0.1928 total=0.06412
[TRAIN train_fourcastnet_conservefm_full_s44] [TRAIN] stage=finetune epoch=1/1 batch=860/3000 step=3860 repair=0.04129 localization=0 type=0 minimal=0.1124 physics=0.1894 total=0.05188
[TRAIN train_fourcastnet_conservefm_full_s44] [TRAIN] stage=finetune epoch=1/1 batch=870/3000 step=3870 repair=0.0433 localization=0 type=0 minimal=0.1182 physics=0.09087 total=0.04903
[TRAIN train_fourcastnet_conservefm_full_s44] [TRAIN] stage=finetune epoch=1/1 batch=880/3000 step=3880 repair=0.05487 localization=0 type=0 minimal=0.1155 physics=0.2313 total=0.06759
[TRAIN train_fourcastnet_conservefm_full_s44] [TRAIN] stage=finetune epoch=1/1 batch=890/3000 step=3890 repair=0.03814 localization=0 type=0 minimal=0.1066 physics=0.157 total=0.04705
[TRAIN train_fourcastnet_conservefm_full_s44] [TRAIN] stage=finetune epoch=1/1 batch=900/3000 step=3900 repair=0.03718 localization=0 type=0 minimal=0.105 physics=0.1082 total=0.04365
[TRAIN train_fourcastnet_conservefm_full_s44] [TRAIN] stage=finetune epoch=1/1 batch=910/3000 step=3910 repair=0.04081 localization=0 type=0 minimal=0.1086 physics=0.1993 total=0.05186
[TRAIN train_fourcastnet_conservefm_full_s44] [TRAIN] stage=finetune epoch=1/1 batch=920/3000 step=3920 repair=0.05547 localization=0 type=0 minimal=0.119 physics=0.2111 total=0.06722
[TRAIN train_fourcastnet_conservefm_full_s44] [TRAIN] stage=finetune epoch=1/1 batch=930/3000 step=3930 repair=0.02517 localization=0 type=0 minimal=0.09351 physics=0.08987 total=0.03059
[TRAIN train_fourcastnet_conservefm_full_s44] [TRAIN] stage=finetune epoch=1/1 batch=940/3000 step=3940 repair=0.02725 localization=0 type=0 minimal=0.0863 physics=0.0989 total=0.03306
[TRAIN train_fourcastnet_conservefm_full_s44] [TRAIN] stage=finetune epoch=1/1 batch=950/3000 step=3950 repair=0.05778 localization=0 type=0 minimal=0.141 physics=0.1537 total=0.06687
[TRAIN train_fourcastnet_conservefm_full_s44] [TRAIN] stage=finetune epoch=1/1 batch=960/3000 step=3960 repair=0.04204 localization=0 type=0 minimal=0.1099 physics=0.1259 total=0.04944
[TRAIN train_fourcastnet_conservefm_full_s44] [TRAIN] stage=finetune epoch=1/1 batch=970/3000 step=3970 repair=0.09465 localization=0 type=0 minimal=0.1547 physics=0.1563 total=0.104
[TRAIN train_fourcastnet_conservefm_full_s44] [TRAIN] stage=finetune epoch=1/1 batch=980/3000 step=3980 repair=0.05051 localization=0 type=0 minimal=0.1155 physics=0.1118 total=0.05725
[TRAIN train_fourcastnet_conservefm_full_s44] [TRAIN] stage=finetune epoch=1/1 batch=990/3000 step=3990 repair=0.04021 localization=0 type=0 minimal=0.1086 physics=0.1522 total=0.0489
[TRAIN train_fourcastnet_conservefm_full_s44] [TRAIN] stage=finetune epoch=1/1 batch=1000/3000 step=4000 repair=0.06683 localization=0 type=0 minimal=0.1225 physics=0.1376 total=0.07493
[TRAIN train_fourcastnet_conservefm_full_s44] [TRAIN] stage=finetune epoch=1/1 batch=1010/3000 step=4010 repair=0.02685 localization=0 type=0 minimal=0.09546 physics=0.1335 total=0.03448
[TRAIN train_fourcastnet_conservefm_full_s44] [TRAIN] stage=finetune epoch=1/1 batch=1020/3000 step=4020 repair=0.05761 localization=0 type=0 minimal=0.1257 physics=0.1636 total=0.06704
[TRAIN train_fourcastnet_conservefm_full_s44] [TRAIN] stage=finetune epoch=1/1 batch=1030/3000 step=4030 repair=0.06309 localization=0 type=0 minimal=0.1227 physics=0.156 total=0.07212
[TRAIN train_fourcastnet_conservefm_full_s44] [TRAIN] stage=finetune epoch=1/1 batch=1040/3000 step=4040 repair=0.06074 localization=0 type=0 minimal=0.1188 physics=0.414 total=0.08263
[TRAIN train_fourcastnet_conservefm_full_s44] [TRAIN] stage=finetune epoch=1/1 batch=1050/3000 step=4050 repair=0.0672 localization=0 type=0 minimal=0.1231 physics=0.3745 total=0.08716
[TRAIN train_fourcastnet_conservefm_full_s44] [TRAIN] stage=finetune epoch=1/1 batch=1060/3000 step=4060 repair=0.05773 localization=0 type=0 minimal=0.1132 physics=0.1889 total=0.06831
[TRAIN train_fourcastnet_conservefm_full_s44] [TRAIN] stage=finetune epoch=1/1 batch=1070/3000 step=4070 repair=0.05525 localization=0 type=0 minimal=0.1161 physics=0.125 total=0.06266
[TRAIN train_fourcastnet_conservefm_full_s44] [TRAIN] stage=finetune epoch=1/1 batch=1080/3000 step=4080 repair=0.02768 localization=0 type=0 minimal=0.07758 physics=0.07459 total=0.03218
[TRAIN train_fourcastnet_conservefm_full_s44] [TRAIN] stage=finetune epoch=1/1 batch=1090/3000 step=4090 repair=0.02622 localization=0 type=0 minimal=0.08844 physics=0.2555 total=0.03988
[TRAIN train_fourcastnet_conservefm_full_s44] [TRAIN] stage=finetune epoch=1/1 batch=1100/3000 step=4100 repair=0.05271 localization=0 type=0 minimal=0.1127 physics=0.1445 total=0.06106
[TRAIN train_fourcastnet_conservefm_full_s44] [TRAIN] stage=finetune epoch=1/1 batch=1110/3000 step=4110 repair=0.1004 localization=0 type=0 minimal=0.1227 physics=0.28 total=0.1156
[TRAIN train_fourcastnet_conservefm_full_s44] [TRAIN] stage=finetune epoch=1/1 batch=1120/3000 step=4120 repair=0.06497 localization=0 type=0 minimal=0.1254 physics=0.2156 total=0.07701
[TRAIN train_fourcastnet_conservefm_full_s44] [TRAIN] stage=finetune epoch=1/1 batch=1130/3000 step=4130 repair=0.03932 localization=0 type=0 minimal=0.1108 physics=0.1777 total=0.04932
[TRAIN train_fourcastnet_conservefm_full_s44] [TRAIN] stage=finetune epoch=1/1 batch=1140/3000 step=4140 repair=0.07012 localization=0 type=0 minimal=0.141 physics=0.2833 total=0.0857
[TRAIN train_fourcastnet_conservefm_full_s44] [TRAIN] stage=finetune epoch=1/1 batch=1150/3000 step=4150 repair=0.07044 localization=0 type=0 minimal=0.1324 physics=0.202 total=0.08187
[TRAIN train_fourcastnet_conservefm_full_s44] [TRAIN] stage=finetune epoch=1/1 batch=1160/3000 step=4160 repair=0.06712 localization=0 type=0 minimal=0.1371 physics=0.319 total=0.08444
[TRAIN train_fourcastnet_conservefm_full_s44] [TRAIN] stage=finetune epoch=1/1 batch=1170/3000 step=4170 repair=0.09166 localization=0 type=0 minimal=0.1483 physics=0.1472 total=0.1005
[TRAIN train_fourcastnet_conservefm_full_s44] [TRAIN] stage=finetune epoch=1/1 batch=1180/3000 step=4180 repair=0.05135 localization=0 type=0 minimal=0.1078 physics=0.2216 total=0.06352
[TRAIN train_fourcastnet_conservefm_full_s44] [TRAIN] stage=finetune epoch=1/1 batch=1190/3000 step=4190 repair=0.06394 localization=0 type=0 minimal=0.126 physics=0.1595 total=0.07317
[TRAIN train_fourcastnet_conservefm_full_s44] [TRAIN] stage=finetune epoch=1/1 batch=1200/3000 step=4200 repair=0.03667 localization=0 type=0 minimal=0.1043 physics=0.08956 total=0.04219
[TRAIN train_fourcastnet_conservefm_full_s44] [TRAIN] stage=finetune epoch=1/1 batch=1210/3000 step=4210 repair=0.07426 localization=0 type=0 minimal=0.1427 physics=0.1538 total=0.08338
[TRAIN train_fourcastnet_conservefm_full_s44] [TRAIN] stage=finetune epoch=1/1 batch=1220/3000 step=4220 repair=0.0927 localization=0 type=0 minimal=0.1421 physics=0.2301 total=0.1056
[TRAIN train_fourcastnet_conservefm_full_s44] [TRAIN] stage=finetune epoch=1/1 batch=1230/3000 step=4230 repair=0.03225 localization=0 type=0 minimal=0.1123 physics=0.1025 total=0.0385
[TRAIN train_fourcastnet_conservefm_full_s44] [TRAIN] stage=finetune epoch=1/1 batch=1240/3000 step=4240 repair=0.04454 localization=0 type=0 minimal=0.1225 physics=0.09712 total=0.05062
[TRAIN train_fourcastnet_conservefm_full_s44] [TRAIN] stage=finetune epoch=1/1 batch=1250/3000 step=4250 repair=0.06368 localization=0 type=0 minimal=0.1302 physics=0.1052 total=0.07024
[TRAIN train_fourcastnet_conservefm_full_s44] [TRAIN] stage=finetune epoch=1/1 batch=1260/3000 step=4260 repair=0.03606 localization=0 type=0 minimal=0.1063 physics=0.09041 total=0.04164
[TRAIN train_fourcastnet_conservefm_full_s44] [TRAIN] stage=finetune epoch=1/1 batch=1270/3000 step=4270 repair=0.06357 localization=0 type=0 minimal=0.1262 physics=0.1643 total=0.07304
[TRAIN train_fourcastnet_conservefm_full_s44] [TRAIN] stage=finetune epoch=1/1 batch=1280/3000 step=4280 repair=0.03903 localization=0 type=0 minimal=0.1191 physics=0.2002 total=0.05023
[TRAIN train_fourcastnet_conservefm_full_s44] [TRAIN] stage=finetune epoch=1/1 batch=1290/3000 step=4290 repair=0.06174 localization=0 type=0 minimal=0.1205 physics=0.1396 total=0.06993
[TRAIN train_fourcastnet_conservefm_full_s44] [TRAIN] stage=finetune epoch=1/1 batch=1300/3000 step=4300 repair=0.02607 localization=0 type=0 minimal=0.09589 physics=0.114 total=0.03273
[TRAIN train_fourcastnet_conservefm_full_s44] [TRAIN] stage=finetune epoch=1/1 batch=1310/3000 step=4310 repair=0.07557 localization=0 type=0 minimal=0.1383 physics=0.2092 total=0.08742
[TRAIN train_fourcastnet_conservefm_full_s44] [TRAIN] stage=finetune epoch=1/1 batch=1320/3000 step=4320 repair=0.02626 localization=0 type=0 minimal=0.08368 physics=0.06741 total=0.03047
[TRAIN train_fourcastnet_conservefm_full_s44] [TRAIN] stage=finetune epoch=1/1 batch=1330/3000 step=4330 repair=0.04587 localization=0 type=0 minimal=0.1216 physics=0.05933 total=0.05005
[TRAIN train_fourcastnet_conservefm_full_s44] [TRAIN] stage=finetune epoch=1/1 batch=1340/3000 step=4340 repair=0.03983 localization=0 type=0 minimal=0.1064 physics=0.07419 total=0.04461
[TRAIN train_fourcastnet_conservefm_full_s44] [TRAIN] stage=finetune epoch=1/1 batch=1350/3000 step=4350 repair=0.03781 localization=0 type=0 minimal=0.108 physics=0.1014 total=0.04396
[TRAIN train_fourcastnet_conservefm_full_s44] [TRAIN] stage=finetune epoch=1/1 batch=1360/3000 step=4360 repair=0.05845 localization=0 type=0 minimal=0.1077 physics=0.3572 total=0.07739
[TRAIN train_fourcastnet_conservefm_full_s44] [TRAIN] stage=finetune epoch=1/1 batch=1370/3000 step=4370 repair=0.07214 localization=0 type=0 minimal=0.1296 physics=0.151 total=0.08099
[TRAIN train_fourcastnet_conservefm_full_s44] [TRAIN] stage=finetune epoch=1/1 batch=1380/3000 step=4380 repair=0.06167 localization=0 type=0 minimal=0.1212 physics=0.1403 total=0.0699
[TRAIN train_fourcastnet_conservefm_full_s44] [TRAIN] stage=finetune epoch=1/1 batch=1390/3000 step=4390 repair=0.03732 localization=0 type=0 minimal=0.1133 physics=0.1346 total=0.04518
[TRAIN train_fourcastnet_conservefm_full_s44] [TRAIN] stage=finetune epoch=1/1 batch=1400/3000 step=4400 repair=0.03759 localization=0 type=0 minimal=0.1113 physics=0.1456 total=0.04598
[TRAIN train_fourcastnet_conservefm_full_s44] [TRAIN] stage=finetune epoch=1/1 batch=1410/3000 step=4410 repair=0.03441 localization=0 type=0 minimal=0.09735 physics=0.07022 total=0.03889
[TRAIN train_fourcastnet_conservefm_full_s44] [TRAIN] stage=finetune epoch=1/1 batch=1420/3000 step=4420 repair=0.0326 localization=0 type=0 minimal=0.1049 physics=0.08528 total=0.03792
[TRAIN train_fourcastnet_conservefm_full_s44] [TRAIN] stage=finetune epoch=1/1 batch=1430/3000 step=4430 repair=0.06728 localization=0 type=0 minimal=0.1243 physics=0.3371 total=0.08538
[TRAIN train_fourcastnet_conservefm_full_s44] [TRAIN] stage=finetune epoch=1/1 batch=1440/3000 step=4440 repair=0.094 localization=0 type=0 minimal=0.1368 physics=0.3054 total=0.1106
[TRAIN train_fourcastnet_conservefm_full_s44] [TRAIN] stage=finetune epoch=1/1 batch=1450/3000 step=4450 repair=0.048 localization=0 type=0 minimal=0.1251 physics=0.2238 total=0.06044
[TRAIN train_fourcastnet_conservefm_full_s44] [TRAIN] stage=finetune epoch=1/1 batch=1460/3000 step=4460 repair=0.05679 localization=0 type=0 minimal=0.1183 physics=0.1812 total=0.06703
[TRAIN train_fourcastnet_conservefm_full_s44] [TRAIN] stage=finetune epoch=1/1 batch=1470/3000 step=4470 repair=0.07617 localization=0 type=0 minimal=0.1427 physics=0.1164 total=0.08342
[TRAIN train_fourcastnet_conservefm_full_s44] [TRAIN] stage=finetune epoch=1/1 batch=1480/3000 step=4480 repair=0.05327 localization=0 type=0 minimal=0.1125 physics=0.3565 total=0.07222
[TRAIN train_fourcastnet_conservefm_full_s44] [TRAIN] stage=finetune epoch=1/1 batch=1490/3000 step=4490 repair=0.07102 localization=0 type=0 minimal=0.1553 physics=0.3101 total=0.08808
[TRAIN train_fourcastnet_conservefm_full_s44] [TRAIN] stage=finetune epoch=1/1 batch=1500/3000 step=4500 repair=0.04325 localization=0 type=0 minimal=0.108 physics=0.1204 total=0.05035
[TRAIN train_fourcastnet_conservefm_full_s44] [TRAIN] stage=finetune epoch=1/1 batch=1510/3000 step=4510 repair=0.04738 localization=0 type=0 minimal=0.1205 physics=0.1649 total=0.05683
[TRAIN train_fourcastnet_conservefm_full_s44] [TRAIN] stage=finetune epoch=1/1 batch=1520/3000 step=4520 repair=0.03612 localization=0 type=0 minimal=0.09613 physics=0.08059 total=0.04111
[TRAIN train_fourcastnet_conservefm_full_s44] [TRAIN] stage=finetune epoch=1/1 batch=1530/3000 step=4530 repair=0.05362 localization=0 type=0 minimal=0.1201 physics=0.2694 total=0.06829
[TRAIN train_fourcastnet_conservefm_full_s44] [TRAIN] stage=finetune epoch=1/1 batch=1540/3000 step=4540 repair=0.05868 localization=0 type=0 minimal=0.1212 physics=0.1688 total=0.06834
[TRAIN train_fourcastnet_conservefm_full_s44] [TRAIN] stage=finetune epoch=1/1 batch=1550/3000 step=4550 repair=0.0503 localization=0 type=0 minimal=0.1042 physics=0.1562 total=0.05915
[TRAIN train_fourcastnet_conservefm_full_s44] [TRAIN] stage=finetune epoch=1/1 batch=1560/3000 step=4560 repair=0.08493 localization=0 type=0 minimal=0.1378 physics=0.13 total=0.09281
[TRAIN train_fourcastnet_conservefm_full_s44] [TRAIN] stage=finetune epoch=1/1 batch=1570/3000 step=4570 repair=0.04088 localization=0 type=0 minimal=0.118 physics=0.07633 total=0.04588
[TRAIN train_fourcastnet_conservefm_full_s44] [TRAIN] stage=finetune epoch=1/1 batch=1580/3000 step=4580 repair=0.06584 localization=0 type=0 minimal=0.14 physics=0.2282 total=0.07865
[TRAIN train_fourcastnet_conservefm_full_s44] [TRAIN] stage=finetune epoch=1/1 batch=1590/3000 step=4590 repair=0.05608 localization=0 type=0 minimal=0.1198 physics=0.1803 total=0.0663
[TRAIN train_fourcastnet_conservefm_full_s44] [TRAIN] stage=finetune epoch=1/1 batch=1600/3000 step=4600 repair=0.06373 localization=0 type=0 minimal=0.1338 physics=0.214 total=0.07577
[TRAIN train_fourcastnet_conservefm_full_s44] [TRAIN] stage=finetune epoch=1/1 batch=1610/3000 step=4610 repair=0.04767 localization=0 type=0 minimal=0.1349 physics=0.1784 total=0.05794
[TRAIN train_fourcastnet_conservefm_full_s44] [TRAIN] stage=finetune epoch=1/1 batch=1620/3000 step=4620 repair=0.04876 localization=0 type=0 minimal=0.1055 physics=0.08387 total=0.054
[TRAIN train_fourcastnet_conservefm_full_s44] [TRAIN] stage=finetune epoch=1/1 batch=1630/3000 step=4630 repair=0.03114 localization=0 type=0 minimal=0.09454 physics=0.07893 total=0.03603
[TRAIN train_fourcastnet_conservefm_full_s44] [TRAIN] stage=finetune epoch=1/1 batch=1640/3000 step=4640 repair=0.02567 localization=0 type=0 minimal=0.09485 physics=0.2574 total=0.03949
[TRAIN train_fourcastnet_conservefm_full_s44] [TRAIN] stage=finetune epoch=1/1 batch=1650/3000 step=4650 repair=0.08417 localization=0 type=0 minimal=0.1573 physics=0.1571 total=0.0936
[TRAIN train_fourcastnet_conservefm_full_s44] [TRAIN] stage=finetune epoch=1/1 batch=1660/3000 step=4660 repair=0.0483 localization=0 type=0 minimal=0.118 physics=0.1927 total=0.05911
[TRAIN train_fourcastnet_conservefm_full_s44] [TRAIN] stage=finetune epoch=1/1 batch=1670/3000 step=4670 repair=0.02486 localization=0 type=0 minimal=0.08893 physics=0.157 total=0.03359
[TRAIN train_fourcastnet_conservefm_full_s44] [TRAIN] stage=finetune epoch=1/1 batch=1680/3000 step=4680 repair=0.03039 localization=0 type=0 minimal=0.0899 physics=0.04504 total=0.03354
[TRAIN train_fourcastnet_conservefm_full_s44] [TRAIN] stage=finetune epoch=1/1 batch=1690/3000 step=4690 repair=0.05304 localization=0 type=0 minimal=0.1273 physics=0.1291 total=0.06077
[TRAIN train_fourcastnet_conservefm_full_s44] [TRAIN] stage=finetune epoch=1/1 batch=1700/3000 step=4700 repair=0.05798 localization=0 type=0 minimal=0.137 physics=0.151 total=0.0669
[TRAIN train_fourcastnet_conservefm_full_s44] [TRAIN] stage=finetune epoch=1/1 batch=1710/3000 step=4710 repair=0.06731 localization=0 type=0 minimal=0.1367 physics=0.1071 total=0.07403
[TRAIN train_fourcastnet_conservefm_full_s44] [TRAIN] stage=finetune epoch=1/1 batch=1720/3000 step=4720 repair=0.02774 localization=0 type=0 minimal=0.08783 physics=0.0818 total=0.03271
[TRAIN train_fourcastnet_conservefm_full_s44] [TRAIN] stage=finetune epoch=1/1 batch=1730/3000 step=4730 repair=0.03601 localization=0 type=0 minimal=0.1122 physics=0.1224 total=0.04325
[TRAIN train_fourcastnet_conservefm_full_s44] [TRAIN] stage=finetune epoch=1/1 batch=1740/3000 step=4740 repair=0.03329 localization=0 type=0 minimal=0.1071 physics=0.1429 total=0.04151
[TRAIN train_fourcastnet_conservefm_full_s44] [TRAIN] stage=finetune epoch=1/1 batch=1750/3000 step=4750 repair=0.0362 localization=0 type=0 minimal=0.1054 physics=0.1317 total=0.04384
[TRAIN train_fourcastnet_conservefm_full_s44] [TRAIN] stage=finetune epoch=1/1 batch=1760/3000 step=4760 repair=0.073 localization=0 type=0 minimal=0.1355 physics=0.1634 total=0.08253
[TRAIN train_fourcastnet_conservefm_full_s44] [TRAIN] stage=finetune epoch=1/1 batch=1770/3000 step=4770 repair=0.02846 localization=0 type=0 minimal=0.08917 physics=0.06743 total=0.03272
[TRAIN train_fourcastnet_conservefm_full_s44] [TRAIN] stage=finetune epoch=1/1 batch=1780/3000 step=4780 repair=0.06613 localization=0 type=0 minimal=0.1384 physics=0.1478 total=0.0749
[TRAIN train_fourcastnet_conservefm_full_s44] [TRAIN] stage=finetune epoch=1/1 batch=1790/3000 step=4790 repair=0.03533 localization=0 type=0 minimal=0.1001 physics=0.09379 total=0.04102
[TRAIN train_fourcastnet_conservefm_full_s44] [TRAIN] stage=finetune epoch=1/1 batch=1800/3000 step=4800 repair=0.05233 localization=0 type=0 minimal=0.111 physics=0.1207 total=0.05947
[TRAIN train_fourcastnet_conservefm_full_s44] [TRAIN] stage=finetune epoch=1/1 batch=1810/3000 step=4810 repair=0.045 localization=0 type=0 minimal=0.1241 physics=0.1096 total=0.05172
[TRAIN train_fourcastnet_conservefm_full_s44] [TRAIN] stage=finetune epoch=1/1 batch=1820/3000 step=4820 repair=0.02548 localization=0 type=0 minimal=0.1041 physics=0.06404 total=0.02973
[TRAIN train_fourcastnet_conservefm_full_s44] [TRAIN] stage=finetune epoch=1/1 batch=1830/3000 step=4830 repair=0.07165 localization=0 type=0 minimal=0.1373 physics=0.2046 total=0.08325
[TRAIN train_fourcastnet_conservefm_full_s44] [TRAIN] stage=finetune epoch=1/1 batch=1840/3000 step=4840 repair=0.06435 localization=0 type=0 minimal=0.1538 physics=0.1268 total=0.07223
[TRAIN train_fourcastnet_conservefm_full_s44] [TRAIN] stage=finetune epoch=1/1 batch=1850/3000 step=4850 repair=0.08919 localization=0 type=0 minimal=0.1492 physics=0.1998 total=0.1007
[TRAIN train_fourcastnet_conservefm_full_s44] [TRAIN] stage=finetune epoch=1/1 batch=1860/3000 step=4860 repair=0.02329 localization=0 type=0 minimal=0.08667 physics=0.069 total=0.02761
[TRAIN train_fourcastnet_conservefm_full_s44] [TRAIN] stage=finetune epoch=1/1 batch=1870/3000 step=4870 repair=0.03693 localization=0 type=0 minimal=0.09912 physics=0.1011 total=0.04297
[TRAIN train_fourcastnet_conservefm_full_s44] [TRAIN] stage=finetune epoch=1/1 batch=1880/3000 step=4880 repair=0.0877 localization=0 type=0 minimal=0.1479 physics=0.3564 total=0.107
[TRAIN train_fourcastnet_conservefm_full_s44] [TRAIN] stage=finetune epoch=1/1 batch=1890/3000 step=4890 repair=0.05976 localization=0 type=0 minimal=0.1385 physics=0.3587 total=0.07908
[TRAIN train_fourcastnet_conservefm_full_s44] [TRAIN] stage=finetune epoch=1/1 batch=1900/3000 step=4900 repair=0.06236 localization=0 type=0 minimal=0.1219 physics=0.1607 total=0.07162
[TRAIN train_fourcastnet_conservefm_full_s44] [TRAIN] stage=finetune epoch=1/1 batch=1910/3000 step=4910 repair=0.04644 localization=0 type=0 minimal=0.12 physics=0.1368 total=0.05448
[TRAIN train_fourcastnet_conservefm_full_s44] [TRAIN] stage=finetune epoch=1/1 batch=1920/3000 step=4920 repair=0.06391 localization=0 type=0 minimal=0.1157 physics=0.2285 total=0.07649
[TRAIN train_fourcastnet_conservefm_full_s44] [TRAIN] stage=finetune epoch=1/1 batch=1930/3000 step=4930 repair=0.02447 localization=0 type=0 minimal=0.09393 physics=0.1032 total=0.03057
[TRAIN train_fourcastnet_conservefm_full_s44] [TRAIN] stage=finetune epoch=1/1 batch=1940/3000 step=4940 repair=0.08917 localization=0 type=0 minimal=0.1508 physics=0.1529 total=0.09832
[TRAIN train_fourcastnet_conservefm_full_s44] [TRAIN] stage=finetune epoch=1/1 batch=1950/3000 step=4950 repair=0.08558 localization=0 type=0 minimal=0.147 physics=0.1234 total=0.09322
[TRAIN train_fourcastnet_conservefm_full_s44] [TRAIN] stage=finetune epoch=1/1 batch=1960/3000 step=4960 repair=0.03576 localization=0 type=0 minimal=0.1183 physics=0.1681 total=0.04534
[TRAIN train_fourcastnet_conservefm_full_s44] [TRAIN] stage=finetune epoch=1/1 batch=1970/3000 step=4970 repair=0.06966 localization=0 type=0 minimal=0.1348 physics=0.2423 total=0.08312
[TRAIN train_fourcastnet_conservefm_full_s44] [TRAIN] stage=finetune epoch=1/1 batch=1980/3000 step=4980 repair=0.07855 localization=0 type=0 minimal=0.1404 physics=0.2 total=0.08995
[TRAIN train_fourcastnet_conservefm_full_s44] [TRAIN] stage=finetune epoch=1/1 batch=1990/3000 step=4990 repair=0.03597 localization=0 type=0 minimal=0.1236 physics=0.06707 total=0.04056
[TRAIN train_fourcastnet_conservefm_full_s44] [TRAIN] stage=finetune epoch=1/1 batch=2000/3000 step=5000 repair=0.08988 localization=0 type=0 minimal=0.1421 physics=0.1775 total=0.1002
[TRAIN train_fourcastnet_conservefm_full_s44] [TRAIN] stage=finetune epoch=1/1 batch=2010/3000 step=5010 repair=0.02285 localization=0 type=0 minimal=0.09973 physics=0.1684 total=0.03227
[TRAIN train_fourcastnet_conservefm_full_s44] [TRAIN] stage=finetune epoch=1/1 batch=2020/3000 step=5020 repair=0.03932 localization=0 type=0 minimal=0.1097 physics=0.1309 total=0.04696
[TRAIN train_fourcastnet_conservefm_full_s44] [TRAIN] stage=finetune epoch=1/1 batch=2030/3000 step=5030 repair=0.07834 localization=0 type=0 minimal=0.1475 physics=0.2303 total=0.09132
[TRAIN train_fourcastnet_conservefm_full_s44] [TRAIN] stage=finetune epoch=1/1 batch=2040/3000 step=5040 repair=0.05671 localization=0 type=0 minimal=0.123 physics=0.2665 total=0.07127
[TRAIN train_fourcastnet_conservefm_full_s44] [TRAIN] stage=finetune epoch=1/1 batch=2050/3000 step=5050 repair=0.1031 localization=0 type=0 minimal=0.1385 physics=0.1418 total=0.1116
[TRAIN train_fourcastnet_conservefm_full_s44] [TRAIN] stage=finetune epoch=1/1 batch=2060/3000 step=5060 repair=0.03581 localization=0 type=0 minimal=0.1114 physics=0.1295 total=0.04339
[TRAIN train_fourcastnet_conservefm_full_s44] [TRAIN] stage=finetune epoch=1/1 batch=2070/3000 step=5070 repair=0.05107 localization=0 type=0 minimal=0.1199 physics=0.1641 total=0.06047
[TRAIN train_fourcastnet_conservefm_full_s44] [TRAIN] stage=finetune epoch=1/1 batch=2080/3000 step=5080 repair=0.05606 localization=0 type=0 minimal=0.1229 physics=0.08186 total=0.06138
[TRAIN train_fourcastnet_conservefm_full_s44] [TRAIN] stage=finetune epoch=1/1 batch=2090/3000 step=5090 repair=0.07559 localization=0 type=0 minimal=0.1266 physics=0.09368 total=0.08154
[TRAIN train_fourcastnet_conservefm_full_s44] [TRAIN] stage=finetune epoch=1/1 batch=2100/3000 step=5100 repair=0.06157 localization=0 type=0 minimal=0.1256 physics=0.1937 total=0.07251
[TRAIN train_fourcastnet_conservefm_full_s44] [TRAIN] stage=finetune epoch=1/1 batch=2110/3000 step=5110 repair=0.04905 localization=0 type=0 minimal=0.1329 physics=0.3384 total=0.0673
[TRAIN train_fourcastnet_conservefm_full_s44] [TRAIN] stage=finetune epoch=1/1 batch=2120/3000 step=5120 repair=0.0493 localization=0 type=0 minimal=0.115 physics=0.1303 total=0.05697
[TRAIN train_fourcastnet_conservefm_full_s44] [TRAIN] stage=finetune epoch=1/1 batch=2130/3000 step=5130 repair=0.06697 localization=0 type=0 minimal=0.1423 physics=0.178 total=0.07729
[TRAIN train_fourcastnet_conservefm_full_s44] [TRAIN] stage=finetune epoch=1/1 batch=2140/3000 step=5140 repair=0.06132 localization=0 type=0 minimal=0.1304 physics=0.2595 total=0.0756
[TRAIN train_fourcastnet_conservefm_full_s44] [TRAIN] stage=finetune epoch=1/1 batch=2150/3000 step=5150 repair=0.03557 localization=0 type=0 minimal=0.1022 physics=0.0821 total=0.0407
[TRAIN train_fourcastnet_conservefm_full_s44] [TRAIN] stage=finetune epoch=1/1 batch=2160/3000 step=5160 repair=0.0686 localization=0 type=0 minimal=0.1404 physics=0.09248 total=0.07463
[TRAIN train_fourcastnet_conservefm_full_s44] [TRAIN] stage=finetune epoch=1/1 batch=2170/3000 step=5170 repair=0.05065 localization=0 type=0 minimal=0.1313 physics=0.09097 total=0.05651
[TRAIN train_fourcastnet_conservefm_full_s44] [TRAIN] stage=finetune epoch=1/1 batch=2180/3000 step=5180 repair=0.02439 localization=0 type=0 minimal=0.08813 physics=0.05799 total=0.02817
[TRAIN train_fourcastnet_conservefm_full_s44] [TRAIN] stage=finetune epoch=1/1 batch=2190/3000 step=5190 repair=0.05479 localization=0 type=0 minimal=0.1133 physics=0.3426 total=0.07305
[TRAIN train_fourcastnet_conservefm_full_s44] [TRAIN] stage=finetune epoch=1/1 batch=2200/3000 step=5200 repair=0.06324 localization=0 type=0 minimal=0.1327 physics=0.2053 total=0.07483
[TRAIN train_fourcastnet_conservefm_full_s44] [TRAIN] stage=finetune epoch=1/1 batch=2210/3000 step=5210 repair=0.1047 localization=0 type=0 minimal=0.147 physics=0.2942 total=0.1208
[TRAIN train_fourcastnet_conservefm_full_s44] [TRAIN] stage=finetune epoch=1/1 batch=2220/3000 step=5220 repair=0.06508 localization=0 type=0 minimal=0.1224 physics=0.18 total=0.0753
[TRAIN train_fourcastnet_conservefm_full_s44] [TRAIN] stage=finetune epoch=1/1 batch=2230/3000 step=5230 repair=0.02442 localization=0 type=0 minimal=0.08441 physics=0.2037 total=0.03545
[TRAIN train_fourcastnet_conservefm_full_s44] [TRAIN] stage=finetune epoch=1/1 batch=2240/3000 step=5240 repair=0.06983 localization=0 type=0 minimal=0.1268 physics=0.2401 total=0.0831
[TRAIN train_fourcastnet_conservefm_full_s44] [TRAIN] stage=finetune epoch=1/1 batch=2250/3000 step=5250 repair=0.08299 localization=0 type=0 minimal=0.1428 physics=0.1371 total=0.09128
[TRAIN train_fourcastnet_conservefm_full_s44] [TRAIN] stage=finetune epoch=1/1 batch=2260/3000 step=5260 repair=0.07686 localization=0 type=0 minimal=0.1432 physics=0.149 total=0.08574
[TRAIN train_fourcastnet_conservefm_full_s44] [TRAIN] stage=finetune epoch=1/1 batch=2270/3000 step=5270 repair=0.03923 localization=0 type=0 minimal=0.118 physics=0.1329 total=0.04706
[TRAIN train_fourcastnet_conservefm_full_s44] [TRAIN] stage=finetune epoch=1/1 batch=2280/3000 step=5280 repair=0.09914 localization=0 type=0 minimal=0.1389 physics=0.1415 total=0.1076
[TRAIN train_fourcastnet_conservefm_full_s44] [TRAIN] stage=finetune epoch=1/1 batch=2290/3000 step=5290 repair=0.04291 localization=0 type=0 minimal=0.1226 physics=0.07368 total=0.04782
[TRAIN train_fourcastnet_conservefm_full_s44] [TRAIN] stage=finetune epoch=1/1 batch=2300/3000 step=5300 repair=0.05159 localization=0 type=0 minimal=0.1276 physics=0.08799 total=0.05727
[TRAIN train_fourcastnet_conservefm_full_s44] [TRAIN] stage=finetune epoch=1/1 batch=2310/3000 step=5310 repair=0.0826 localization=0 type=0 minimal=0.1388 physics=0.2353 total=0.09576
[TRAIN train_fourcastnet_conservefm_full_s44] [TRAIN] stage=finetune epoch=1/1 batch=2320/3000 step=5320 repair=0.09275 localization=0 type=0 minimal=0.1458 physics=0.317 total=0.1101
[TRAIN train_fourcastnet_conservefm_full_s44] [TRAIN] stage=finetune epoch=1/1 batch=2330/3000 step=5330 repair=0.06349 localization=0 type=0 minimal=0.1276 physics=0.2388 total=0.07671
[TRAIN train_fourcastnet_conservefm_full_s44] [TRAIN] stage=finetune epoch=1/1 batch=2340/3000 step=5340 repair=0.0674 localization=0 type=0 minimal=0.1306 physics=0.101 total=0.07376
[TRAIN train_fourcastnet_conservefm_full_s44] [TRAIN] stage=finetune epoch=1/1 batch=2350/3000 step=5350 repair=0.032 localization=0 type=0 minimal=0.1008 physics=0.09659 total=0.03783
[TRAIN train_fourcastnet_conservefm_full_s44] [TRAIN] stage=finetune epoch=1/1 batch=2360/3000 step=5360 repair=0.07773 localization=0 type=0 minimal=0.1359 physics=0.1994 total=0.08906
[TRAIN train_fourcastnet_conservefm_full_s44] [TRAIN] stage=finetune epoch=1/1 batch=2370/3000 step=5370 repair=0.06617 localization=0 type=0 minimal=0.1296 physics=0.1184 total=0.07339
[TRAIN train_fourcastnet_conservefm_full_s44] [TRAIN] stage=finetune epoch=1/1 batch=2380/3000 step=5380 repair=0.02533 localization=0 type=0 minimal=0.09924 physics=0.1277 total=0.03271
[TRAIN train_fourcastnet_conservefm_full_s44] [TRAIN] stage=finetune epoch=1/1 batch=2390/3000 step=5390 repair=0.06434 localization=0 type=0 minimal=0.1377 physics=0.102 total=0.07082
[TRAIN train_fourcastnet_conservefm_full_s44] [TRAIN] stage=finetune epoch=1/1 batch=2400/3000 step=5400 repair=0.05267 localization=0 type=0 minimal=0.1255 physics=0.2691 total=0.06738
[TRAIN train_fourcastnet_conservefm_full_s44] [TRAIN] stage=finetune epoch=1/1 batch=2410/3000 step=5410 repair=0.06598 localization=0 type=0 minimal=0.1189 physics=0.217 total=0.07802
[TRAIN train_fourcastnet_conservefm_full_s44] [TRAIN] stage=finetune epoch=1/1 batch=2420/3000 step=5420 repair=0.06931 localization=0 type=0 minimal=0.1407 physics=0.1299 total=0.07722
[TRAIN train_fourcastnet_conservefm_full_s44] [TRAIN] stage=finetune epoch=1/1 batch=2430/3000 step=5430 repair=0.06157 localization=0 type=0 minimal=0.1256 physics=0.1064 total=0.06815
[TRAIN train_fourcastnet_conservefm_full_s44] [TRAIN] stage=finetune epoch=1/1 batch=2440/3000 step=5440 repair=0.04353 localization=0 type=0 minimal=0.1342 physics=0.07633 total=0.04869
[TRAIN train_fourcastnet_conservefm_full_s44] [TRAIN] stage=finetune epoch=1/1 batch=2450/3000 step=5450 repair=0.01945 localization=0 type=0 minimal=0.08887 physics=0.07081 total=0.02388
[TRAIN train_fourcastnet_conservefm_full_s44] [TRAIN] stage=finetune epoch=1/1 batch=2460/3000 step=5460 repair=0.06301 localization=0 type=0 minimal=0.129 physics=0.1243 total=0.07051
[TRAIN train_fourcastnet_conservefm_full_s44] [TRAIN] stage=finetune epoch=1/1 batch=2470/3000 step=5470 repair=0.05313 localization=0 type=0 minimal=0.1431 physics=0.0596 total=0.05754
[TRAIN train_fourcastnet_conservefm_full_s44] [TRAIN] stage=finetune epoch=1/1 batch=2480/3000 step=5480 repair=0.05707 localization=0 type=0 minimal=0.1228 physics=0.1911 total=0.06786
[TRAIN train_fourcastnet_conservefm_full_s44] [TRAIN] stage=finetune epoch=1/1 batch=2490/3000 step=5490 repair=0.0439 localization=0 type=0 minimal=0.1354 physics=0.1094 total=0.05072
[TRAIN train_fourcastnet_conservefm_full_s44] [TRAIN] stage=finetune epoch=1/1 batch=2500/3000 step=5500 repair=0.04822 localization=0 type=0 minimal=0.1315 physics=0.08546 total=0.05381
[TRAIN train_fourcastnet_conservefm_full_s44] [TRAIN] stage=finetune epoch=1/1 batch=2510/3000 step=5510 repair=0.02341 localization=0 type=0 minimal=0.08899 physics=0.102 total=0.0294
[TRAIN train_fourcastnet_conservefm_full_s44] [TRAIN] stage=finetune epoch=1/1 batch=2520/3000 step=5520 repair=0.04686 localization=0 type=0 minimal=0.135 physics=0.0814 total=0.05228
[TRAIN train_fourcastnet_conservefm_full_s44] [TRAIN] stage=finetune epoch=1/1 batch=2530/3000 step=5530 repair=0.07894 localization=0 type=0 minimal=0.1461 physics=0.3026 total=0.09553
[TRAIN train_fourcastnet_conservefm_full_s44] [TRAIN] stage=finetune epoch=1/1 batch=2540/3000 step=5540 repair=0.06157 localization=0 type=0 minimal=0.1178 physics=0.1247 total=0.06898
[TRAIN train_fourcastnet_conservefm_full_s44] [TRAIN] stage=finetune epoch=1/1 batch=2550/3000 step=5550 repair=0.06052 localization=0 type=0 minimal=0.1227 physics=0.1783 total=0.07066
[TRAIN train_fourcastnet_conservefm_full_s44] [TRAIN] stage=finetune epoch=1/1 batch=2560/3000 step=5560 repair=0.05576 localization=0 type=0 minimal=0.1171 physics=0.1382 total=0.06384
[TRAIN train_fourcastnet_conservefm_full_s44] [TRAIN] stage=finetune epoch=1/1 batch=2570/3000 step=5570 repair=0.05113 localization=0 type=0 minimal=0.1181 physics=0.1471 total=0.05967
[TRAIN train_fourcastnet_conservefm_full_s44] [TRAIN] stage=finetune epoch=1/1 batch=2580/3000 step=5580 repair=0.06673 localization=0 type=0 minimal=0.1279 physics=0.3358 total=0.0848
[TRAIN train_fourcastnet_conservefm_full_s44] [TRAIN] stage=finetune epoch=1/1 batch=2590/3000 step=5590 repair=0.0483 localization=0 type=0 minimal=0.114 physics=0.2187 total=0.06038
[TRAIN train_fourcastnet_conservefm_full_s44] [TRAIN] stage=finetune epoch=1/1 batch=2600/3000 step=5600 repair=0.07968 localization=0 type=0 minimal=0.1337 physics=0.314 total=0.09671
[TRAIN train_fourcastnet_conservefm_full_s44] [TRAIN] stage=finetune epoch=1/1 batch=2610/3000 step=5610 repair=0.0515 localization=0 type=0 minimal=0.1181 physics=0.1932 total=0.06234
[TRAIN train_fourcastnet_conservefm_full_s44] [TRAIN] stage=finetune epoch=1/1 batch=2620/3000 step=5620 repair=0.06936 localization=0 type=0 minimal=0.1421 physics=0.129 total=0.07723
[TRAIN train_fourcastnet_conservefm_full_s44] [TRAIN] stage=finetune epoch=1/1 batch=2630/3000 step=5630 repair=0.07798 localization=0 type=0 minimal=0.1327 physics=0.2814 total=0.09337
[TRAIN train_fourcastnet_conservefm_full_s44] [TRAIN] stage=finetune epoch=1/1 batch=2640/3000 step=5640 repair=0.05467 localization=0 type=0 minimal=0.1157 physics=0.1043 total=0.06104
[TRAIN train_fourcastnet_conservefm_full_s44] [TRAIN] stage=finetune epoch=1/1 batch=2650/3000 step=5650 repair=0.09107 localization=0 type=0 minimal=0.1381 physics=0.181 total=0.1015
[TRAIN train_fourcastnet_conservefm_full_s44] [TRAIN] stage=finetune epoch=1/1 batch=2660/3000 step=5660 repair=0.08915 localization=0 type=0 minimal=0.1472 physics=0.3687 total=0.1091
[TRAIN train_fourcastnet_conservefm_full_s44] [TRAIN] stage=finetune epoch=1/1 batch=2670/3000 step=5670 repair=0.06538 localization=0 type=0 minimal=0.1504 physics=0.09855 total=0.07181
[TRAIN train_fourcastnet_conservefm_full_s44] [TRAIN] stage=finetune epoch=1/1 batch=2680/3000 step=5680 repair=0.03205 localization=0 type=0 minimal=0.1054 physics=0.07254 total=0.03673
[TRAIN train_fourcastnet_conservefm_full_s44] [TRAIN] stage=finetune epoch=1/1 batch=2690/3000 step=5690 repair=0.0333 localization=0 type=0 minimal=0.1155 physics=0.128 total=0.04085
[TRAIN train_fourcastnet_conservefm_full_s44] [TRAIN] stage=finetune epoch=1/1 batch=2700/3000 step=5700 repair=0.05269 localization=0 type=0 minimal=0.1219 physics=0.1314 total=0.06048
[TRAIN train_fourcastnet_conservefm_full_s44] [TRAIN] stage=finetune epoch=1/1 batch=2710/3000 step=5710 repair=0.03621 localization=0 type=0 minimal=0.1138 physics=0.1171 total=0.0432
[TRAIN train_fourcastnet_conservefm_full_s44] [TRAIN] stage=finetune epoch=1/1 batch=2720/3000 step=5720 repair=0.02283 localization=0 type=0 minimal=0.09143 physics=0.06968 total=0.02722
[TRAIN train_fourcastnet_conservefm_full_s44] [TRAIN] stage=finetune epoch=1/1 batch=2730/3000 step=5730 repair=0.0375 localization=0 type=0 minimal=0.1052 physics=0.07127 total=0.04212
[TRAIN train_fourcastnet_conservefm_full_s44] [TRAIN] stage=finetune epoch=1/1 batch=2740/3000 step=5740 repair=0.05806 localization=0 type=0 minimal=0.1162 physics=0.1048 total=0.06446
[TRAIN train_fourcastnet_conservefm_full_s44] [TRAIN] stage=finetune epoch=1/1 batch=2750/3000 step=5750 repair=0.04127 localization=0 type=0 minimal=0.1276 physics=0.07963 total=0.04653
[TRAIN train_fourcastnet_conservefm_full_s44] [TRAIN] stage=finetune epoch=1/1 batch=2760/3000 step=5760 repair=0.05771 localization=0 type=0 minimal=0.1097 physics=0.08569 total=0.06309
[TRAIN train_fourcastnet_conservefm_full_s44] [TRAIN] stage=finetune epoch=1/1 batch=2770/3000 step=5770 repair=0.0875 localization=0 type=0 minimal=0.1488 physics=0.1709 total=0.09754
[TRAIN train_fourcastnet_conservefm_full_s44] [TRAIN] stage=finetune epoch=1/1 batch=2780/3000 step=5780 repair=0.05776 localization=0 type=0 minimal=0.1168 physics=0.1263 total=0.06524
[TRAIN train_fourcastnet_conservefm_full_s44] [TRAIN] stage=finetune epoch=1/1 batch=2790/3000 step=5790 repair=0.05817 localization=0 type=0 minimal=0.1289 physics=0.1762 total=0.06826
[TRAIN train_fourcastnet_conservefm_full_s44] [TRAIN] stage=finetune epoch=1/1 batch=2800/3000 step=5800 repair=0.02255 localization=0 type=0 minimal=0.09406 physics=0.09033 total=0.028
[TRAIN train_fourcastnet_conservefm_full_s44] [TRAIN] stage=finetune epoch=1/1 batch=2810/3000 step=5810 repair=0.03663 localization=0 type=0 minimal=0.1063 physics=0.1279 total=0.04409
[TRAIN train_fourcastnet_conservefm_full_s44] [TRAIN] stage=finetune epoch=1/1 batch=2820/3000 step=5820 repair=0.05897 localization=0 type=0 minimal=0.1315 physics=0.1726 total=0.06892
[TRAIN train_fourcastnet_conservefm_full_s44] [TRAIN] stage=finetune epoch=1/1 batch=2830/3000 step=5830 repair=0.03392 localization=0 type=0 minimal=0.1035 physics=0.1145 total=0.04068
[TRAIN train_fourcastnet_conservefm_full_s44] [TRAIN] stage=finetune epoch=1/1 batch=2840/3000 step=5840 repair=0.03409 localization=0 type=0 minimal=0.1066 physics=0.1727 total=0.04379
[TRAIN train_fourcastnet_conservefm_full_s44] [TRAIN] stage=finetune epoch=1/1 batch=2850/3000 step=5850 repair=0.05289 localization=0 type=0 minimal=0.1219 physics=0.328 total=0.07051
[TRAIN train_fourcastnet_conservefm_full_s44] [TRAIN] stage=finetune epoch=1/1 batch=2860/3000 step=5860 repair=0.08718 localization=0 type=0 minimal=0.1418 physics=0.16 total=0.0966
[TRAIN train_fourcastnet_conservefm_full_s44] [TRAIN] stage=finetune epoch=1/1 batch=2870/3000 step=5870 repair=0.03632 localization=0 type=0 minimal=0.1266 physics=0.07493 total=0.04133
[TRAIN train_fourcastnet_conservefm_full_s44] [TRAIN] stage=finetune epoch=1/1 batch=2880/3000 step=5880 repair=0.04923 localization=0 type=0 minimal=0.1155 physics=0.1569 total=0.05823
[TRAIN train_fourcastnet_conservefm_full_s44] [TRAIN] stage=finetune epoch=1/1 batch=2890/3000 step=5890 repair=0.06032 localization=0 type=0 minimal=0.1421 physics=0.5142 total=0.08745
[TRAIN train_fourcastnet_conservefm_full_s44] [TRAIN] stage=finetune epoch=1/1 batch=2900/3000 step=5900 repair=0.03286 localization=0 type=0 minimal=0.1065 physics=0.07837 total=0.03785
[TRAIN train_fourcastnet_conservefm_full_s44] [TRAIN] stage=finetune epoch=1/1 batch=2910/3000 step=5910 repair=0.09174 localization=0 type=0 minimal=0.1399 physics=0.1464 total=0.1005
[TRAIN train_fourcastnet_conservefm_full_s44] [TRAIN] stage=finetune epoch=1/1 batch=2920/3000 step=5920 repair=0.05744 localization=0 type=0 minimal=0.1262 physics=0.283 total=0.07285
[TRAIN train_fourcastnet_conservefm_full_s44] [TRAIN] stage=finetune epoch=1/1 batch=2930/3000 step=5930 repair=0.05537 localization=0 type=0 minimal=0.1171 physics=0.2841 total=0.07075
[TRAIN train_fourcastnet_conservefm_full_s44] [TRAIN] stage=finetune epoch=1/1 batch=2940/3000 step=5940 repair=0.04418 localization=0 type=0 minimal=0.1123 physics=0.08004 total=0.04931
[TRAIN train_fourcastnet_conservefm_full_s44] [TRAIN] stage=finetune epoch=1/1 batch=2950/3000 step=5950 repair=0.03481 localization=0 type=0 minimal=0.1066 physics=0.1145 total=0.0416
[TRAIN train_fourcastnet_conservefm_full_s44] [TRAIN] stage=finetune epoch=1/1 batch=2960/3000 step=5960 repair=0.03732 localization=0 type=0 minimal=0.111 physics=0.1242 total=0.04464
[TRAIN train_fourcastnet_conservefm_full_s44] [TRAIN] stage=finetune epoch=1/1 batch=2970/3000 step=5970 repair=0.03274 localization=0 type=0 minimal=0.1072 physics=0.05576 total=0.0366
[TRAIN train_fourcastnet_conservefm_full_s44] [TRAIN] stage=finetune epoch=1/1 batch=2980/3000 step=5980 repair=0.04008 localization=0 type=0 minimal=0.1202 physics=0.09876 total=0.04622
[TRAIN train_fourcastnet_conservefm_full_s44] [TRAIN] stage=finetune epoch=1/1 batch=2990/3000 step=5990 repair=0.06754 localization=0 type=0 minimal=0.1426 physics=0.1385 total=0.07589
[TRAIN train_fourcastnet_conservefm_full_s44] [TRAIN] stage=finetune epoch=1/1 batch=3000/3000 step=6000 repair=0.05296 localization=0 type=0 minimal=0.1191 physics=0.1763 total=0.06297
[TRAIN train_fourcastnet_conservefm_full_s44] [EPOCH] {'stage': 'finetune', 'epoch': 0, 'global_step': 6000, 'train_total': 0.11071419440520307, 'val_repair_mse': 0.058633120730519295, 'elapsed_seconds': 4459.58}
[TRAIN train_fourcastnet_conservefm_full_s44] [BEST] val_repair_mse=0.0586331
[TRAIN train_fourcastnet_conservefm_full_s44] [TRAIN COMPLETE] {
[TRAIN train_fourcastnet_conservefm_full_s44]   "run_id": "prelim20_train_fourcastnet_conservefm_full_s44",
[TRAIN train_fourcastnet_conservefm_full_s44]   "status": "completed",
[TRAIN train_fourcastnet_conservefm_full_s44]   "method": "conservefm_full",
[TRAIN train_fourcastnet_conservefm_full_s44]   "backbone": "fourcastnet",
[TRAIN train_fourcastnet_conservefm_full_s44]   "seed": 44,
[TRAIN train_fourcastnet_conservefm_full_s44]   "forecast_provider": "zarr_frozen_fm",
[TRAIN train_fourcastnet_conservefm_full_s44]   "best_val_repair_mse": 0.058633120730519295,
[TRAIN train_fourcastnet_conservefm_full_s44]   "global_step": 6000,
[TRAIN train_fourcastnet_conservefm_full_s44]   "elapsed_seconds": 4459.67,
[TRAIN train_fourcastnet_conservefm_full_s44]   "checkpoint_best": "/home/tahiti/ConserveFM/runs/prelim20_train/train_fourcastnet_conservefm_full_s44/checkpoint_best.pt",
[TRAIN train_fourcastnet_conservefm_full_s44]   "checkpoint_last": "/home/tahiti/ConserveFM/runs/prelim20_train/train_fourcastnet_conservefm_full_s44/checkpoint_last.pt"
[TRAIN train_fourcastnet_conservefm_full_s44] }
