[TRAIN train_climax_no_range_extreme_corruption_s42] [SETUP] device=cuda
[TRAIN train_climax_no_range_extreme_corruption_s42] [SETUP] run_id=prelim20_train_climax_no_range_extreme_corruption_s42 method=no_range_extreme_corruption backbone=climax
[TRAIN train_climax_no_range_extreme_corruption_s42] [FORECAST] using frozen forecast cache: /home/tahiti/ConserveFM/forecasts/climax.zarr
[TRAIN train_climax_no_range_extreme_corruption_s42] [STAGE] pretrain epochs=1 start_epoch=0
[TRAIN train_climax_no_range_extreme_corruption_s42] [TRAIN] stage=pretrain epoch=1/1 batch=10/3000 step=10 repair=0.03566 localization=0.4502 type=3.272 minimal=0.145 physics=1.807 total=0.731
[TRAIN train_climax_no_range_extreme_corruption_s42] [TRAIN] stage=pretrain epoch=1/1 batch=20/3000 step=20 repair=0.01635 localization=0.3824 type=0.4967 minimal=0.09888 physics=0.8639 total=0.1887
[TRAIN train_climax_no_range_extreme_corruption_s42] [TRAIN] stage=pretrain epoch=1/1 batch=30/3000 step=30 repair=0.01342 localization=0.3972 type=2.399 minimal=0.07806 physics=0.8965 total=0.6089
[TRAIN train_climax_no_range_extreme_corruption_s42] [TRAIN] stage=pretrain epoch=1/1 batch=40/3000 step=40 repair=0.01217 localization=0.3324 type=1.59 minimal=0.06848 physics=0.9402 total=0.417
[TRAIN train_climax_no_range_extreme_corruption_s42] [TRAIN] stage=pretrain epoch=1/1 batch=50/3000 step=50 repair=0.02192 localization=0.3474 type=1.551 minimal=0.05536 physics=0.699 total=0.4295
[TRAIN train_climax_no_range_extreme_corruption_s42] [TRAIN] stage=pretrain epoch=1/1 batch=60/3000 step=60 repair=0.02611 localization=0.3255 type=2.508 minimal=0.0452 physics=0.6819 total=0.5477
[TRAIN train_climax_no_range_extreme_corruption_s42] [TRAIN] stage=pretrain epoch=1/1 batch=70/3000 step=70 repair=0.004898 localization=0.3189 type=1.644 minimal=0.04443 physics=0.4264 total=0.3691
[TRAIN train_climax_no_range_extreme_corruption_s42] [TRAIN] stage=pretrain epoch=1/1 batch=80/3000 step=80 repair=0.006933 localization=0.3753 type=1.927 minimal=0.05762 physics=0.8126 total=0.4816
[TRAIN train_climax_no_range_extreme_corruption_s42] [TRAIN] stage=pretrain epoch=1/1 batch=90/3000 step=90 repair=0.004218 localization=0.3968 type=1.558 minimal=0.04181 physics=0.4654 total=0.3908
[TRAIN train_climax_no_range_extreme_corruption_s42] [TRAIN] stage=pretrain epoch=1/1 batch=100/3000 step=100 repair=0.003659 localization=0.2868 type=1.266 minimal=0.03625 physics=0.3654 total=0.294
[TRAIN train_climax_no_range_extreme_corruption_s42] [TRAIN] stage=pretrain epoch=1/1 batch=110/3000 step=110 repair=0.0109 localization=0.3644 type=2.155 minimal=0.0325 physics=0.4967 total=0.5026
[TRAIN train_climax_no_range_extreme_corruption_s42] [TRAIN] stage=pretrain epoch=1/1 batch=120/3000 step=120 repair=0.01105 localization=0.2779 type=2.374 minimal=0.03381 physics=0.3163 total=0.5178
[TRAIN train_climax_no_range_extreme_corruption_s42] [TRAIN] stage=pretrain epoch=1/1 batch=130/3000 step=130 repair=0.004237 localization=0.2102 type=2.4 minimal=0.02966 physics=0.2658 total=0.509
[TRAIN train_climax_no_range_extreme_corruption_s42] [TRAIN] stage=pretrain epoch=1/1 batch=140/3000 step=140 repair=0.001936 localization=0.3222 type=0.9033 minimal=0.02669 physics=0.2834 total=0.2224
[TRAIN train_climax_no_range_extreme_corruption_s42] [TRAIN] stage=pretrain epoch=1/1 batch=150/3000 step=150 repair=0.006713 localization=0.2993 type=1.647 minimal=0.02686 physics=0.2173 total=0.3994
[TRAIN train_climax_no_range_extreme_corruption_s42] [TRAIN] stage=pretrain epoch=1/1 batch=160/3000 step=160 repair=0.006269 localization=0.304 type=1.546 minimal=0.02881 physics=0.1649 total=0.3235
[TRAIN train_climax_no_range_extreme_corruption_s42] [TRAIN] stage=pretrain epoch=1/1 batch=170/3000 step=170 repair=0.003665 localization=0.2198 type=1.952 minimal=0.03482 physics=0.4823 total=0.4393
[TRAIN train_climax_no_range_extreme_corruption_s42] [TRAIN] stage=pretrain epoch=1/1 batch=180/3000 step=180 repair=0.01059 localization=0.3051 type=0.9309 minimal=0.03699 physics=0.2695 total=0.262
[TRAIN train_climax_no_range_extreme_corruption_s42] [TRAIN] stage=pretrain epoch=1/1 batch=190/3000 step=190 repair=0.005358 localization=0.3501 type=1.713 minimal=0.03265 physics=0.2913 total=0.3841
[TRAIN train_climax_no_range_extreme_corruption_s42] [TRAIN] stage=pretrain epoch=1/1 batch=200/3000 step=200 repair=0.003837 localization=0.2965 type=1.609 minimal=0.03152 physics=0.2039 total=0.3519
[TRAIN train_climax_no_range_extreme_corruption_s42] [TRAIN] stage=pretrain epoch=1/1 batch=210/3000 step=210 repair=0.003145 localization=0.3486 type=1.181 minimal=0.02965 physics=0.2052 total=0.2877
[TRAIN train_climax_no_range_extreme_corruption_s42] [TRAIN] stage=pretrain epoch=1/1 batch=220/3000 step=220 repair=0.002285 localization=0.2906 type=1.147 minimal=0.0257 physics=0.2688 total=0.2816
[TRAIN train_climax_no_range_extreme_corruption_s42] [TRAIN] stage=pretrain epoch=1/1 batch=230/3000 step=230 repair=0.002201 localization=0.2608 type=1.086 minimal=0.02484 physics=0.1358 total=0.2482
[TRAIN train_climax_no_range_extreme_corruption_s42] [TRAIN] stage=pretrain epoch=1/1 batch=240/3000 step=240 repair=0.02188 localization=0.2126 type=1.783 minimal=0.02342 physics=0.4965 total=0.4062
[TRAIN train_climax_no_range_extreme_corruption_s42] [TRAIN] stage=pretrain epoch=1/1 batch=250/3000 step=250 repair=0.006602 localization=0.1961 type=1.627 minimal=0.02539 physics=0.2807 total=0.3667
[TRAIN train_climax_no_range_extreme_corruption_s42] [TRAIN] stage=pretrain epoch=1/1 batch=260/3000 step=260 repair=0.002586 localization=0.2197 type=0.9783 minimal=0.02293 physics=0.2591 total=0.2316
[TRAIN train_climax_no_range_extreme_corruption_s42] [TRAIN] stage=pretrain epoch=1/1 batch=270/3000 step=270 repair=0.003581 localization=0.3045 type=2.353 minimal=0.01988 physics=0.25 total=0.5119
[TRAIN train_climax_no_range_extreme_corruption_s42] [TRAIN] stage=pretrain epoch=1/1 batch=280/3000 step=280 repair=0.01729 localization=0.2748 type=2.7 minimal=0.01871 physics=0.3539 total=0.5665
[TRAIN train_climax_no_range_extreme_corruption_s42] [TRAIN] stage=pretrain epoch=1/1 batch=290/3000 step=290 repair=0.002588 localization=0.4106 type=1.193 minimal=0.0258 physics=0.3988 total=0.3131
[TRAIN train_climax_no_range_extreme_corruption_s42] [TRAIN] stage=pretrain epoch=1/1 batch=300/3000 step=300 repair=0.003512 localization=0.2108 type=0.561 minimal=0.03201 physics=0.4791 total=0.1679
[TRAIN train_climax_no_range_extreme_corruption_s42] [TRAIN] stage=pretrain epoch=1/1 batch=310/3000 step=310 repair=0.003961 localization=0.2738 type=2.548 minimal=0.03918 physics=0.3383 total=0.5173
[TRAIN train_climax_no_range_extreme_corruption_s42] [TRAIN] stage=pretrain epoch=1/1 batch=320/3000 step=320 repair=0.01068 localization=0.2775 type=1.479 minimal=0.03857 physics=0.2899 total=0.3481
[TRAIN train_climax_no_range_extreme_corruption_s42] [TRAIN] stage=pretrain epoch=1/1 batch=330/3000 step=330 repair=0.00339 localization=0.2014 type=1.43 minimal=0.03012 physics=0.3558 total=0.3424
[TRAIN train_climax_no_range_extreme_corruption_s42] [TRAIN] stage=pretrain epoch=1/1 batch=340/3000 step=340 repair=0.005537 localization=0.2218 type=2.737 minimal=0.03589 physics=0.1719 total=0.5734
[TRAIN train_climax_no_range_extreme_corruption_s42] [TRAIN] stage=pretrain epoch=1/1 batch=350/3000 step=350 repair=0.003109 localization=0.2821 type=0.7043 minimal=0.02608 physics=0.2521 total=0.1923
[TRAIN train_climax_no_range_extreme_corruption_s42] [TRAIN] stage=pretrain epoch=1/1 batch=360/3000 step=360 repair=0.005498 localization=0.3002 type=1.505 minimal=0.02388 physics=0.1017 total=0.3223
[TRAIN train_climax_no_range_extreme_corruption_s42] [TRAIN] stage=pretrain epoch=1/1 batch=370/3000 step=370 repair=0.003568 localization=0.2095 type=2 minimal=0.03152 physics=0.2927 total=0.4646
[TRAIN train_climax_no_range_extreme_corruption_s42] [TRAIN] stage=pretrain epoch=1/1 batch=380/3000 step=380 repair=0.003772 localization=0.2741 type=1.491 minimal=0.02866 physics=0.1475 total=0.3346
[TRAIN train_climax_no_range_extreme_corruption_s42] [TRAIN] stage=pretrain epoch=1/1 batch=390/3000 step=390 repair=0.002999 localization=0.3461 type=1.785 minimal=0.02579 physics=0.2501 total=0.4052
[TRAIN train_climax_no_range_extreme_corruption_s42] [TRAIN] stage=pretrain epoch=1/1 batch=400/3000 step=400 repair=0.007224 localization=0.3455 type=1.277 minimal=0.03204 physics=0.2805 total=0.3155
[TRAIN train_climax_no_range_extreme_corruption_s42] [TRAIN] stage=pretrain epoch=1/1 batch=410/3000 step=410 repair=0.006082 localization=0.2039 type=1.713 minimal=0.02574 physics=0.2649 total=0.3614
[TRAIN train_climax_no_range_extreme_corruption_s42] [TRAIN] stage=pretrain epoch=1/1 batch=420/3000 step=420 repair=0.00242 localization=0.2868 type=1.626 minimal=0.022 physics=0.1401 total=0.351
[TRAIN train_climax_no_range_extreme_corruption_s42] [TRAIN] stage=pretrain epoch=1/1 batch=430/3000 step=430 repair=0.002393 localization=0.2231 type=1.455 minimal=0.02725 physics=0.1321 total=0.3263
[TRAIN train_climax_no_range_extreme_corruption_s42] [TRAIN] stage=pretrain epoch=1/1 batch=440/3000 step=440 repair=0.002342 localization=0.319 type=1.61 minimal=0.02203 physics=0.2228 total=0.3739
[TRAIN train_climax_no_range_extreme_corruption_s42] [TRAIN] stage=pretrain epoch=1/1 batch=450/3000 step=450 repair=0.004386 localization=0.2631 type=0.8 minimal=0.02357 physics=0.5056 total=0.2175
[TRAIN train_climax_no_range_extreme_corruption_s42] [TRAIN] stage=pretrain epoch=1/1 batch=460/3000 step=460 repair=0.007281 localization=0.4254 type=1.542 minimal=0.02493 physics=0.2688 total=0.3904
[TRAIN train_climax_no_range_extreme_corruption_s42] [TRAIN] stage=pretrain epoch=1/1 batch=470/3000 step=470 repair=0.002894 localization=0.2538 type=1.417 minimal=0.02463 physics=0.2498 total=0.3233
[TRAIN train_climax_no_range_extreme_corruption_s42] [TRAIN] stage=pretrain epoch=1/1 batch=480/3000 step=480 repair=0.002397 localization=0.1939 type=1.082 minimal=0.02206 physics=0.1553 total=0.2497
[TRAIN train_climax_no_range_extreme_corruption_s42] [TRAIN] stage=pretrain epoch=1/1 batch=490/3000 step=490 repair=0.003623 localization=0.4823 type=1.659 minimal=0.01987 physics=0.3124 total=0.3866
[TRAIN train_climax_no_range_extreme_corruption_s42] [TRAIN] stage=pretrain epoch=1/1 batch=500/3000 step=500 repair=0.004712 localization=0.1751 type=1.721 minimal=0.02121 physics=0.1544 total=0.3744
[TRAIN train_climax_no_range_extreme_corruption_s42] [TRAIN] stage=pretrain epoch=1/1 batch=510/3000 step=510 repair=0.006703 localization=0.3565 type=1.375 minimal=0.02124 physics=0.08995 total=0.3104
[TRAIN train_climax_no_range_extreme_corruption_s42] [TRAIN] stage=pretrain epoch=1/1 batch=520/3000 step=520 repair=0.009856 localization=0.1376 type=1.637 minimal=0.02132 physics=0.2249 total=0.3583
[TRAIN train_climax_no_range_extreme_corruption_s42] [TRAIN] stage=pretrain epoch=1/1 batch=530/3000 step=530 repair=0.01273 localization=0.1796 type=1.421 minimal=0.02527 physics=0.3538 total=0.3263
[TRAIN train_climax_no_range_extreme_corruption_s42] [TRAIN] stage=pretrain epoch=1/1 batch=540/3000 step=540 repair=0.002434 localization=0.2053 type=1.09 minimal=0.02338 physics=0.09082 total=0.2518
[TRAIN train_climax_no_range_extreme_corruption_s42] [TRAIN] stage=pretrain epoch=1/1 batch=550/3000 step=550 repair=0.002578 localization=0.2893 type=1.108 minimal=0.02278 physics=0.1044 total=0.257
[TRAIN train_climax_no_range_extreme_corruption_s42] [TRAIN] stage=pretrain epoch=1/1 batch=560/3000 step=560 repair=0.002562 localization=0.348 type=0.8257 minimal=0.02335 physics=0.1255 total=0.2098
[TRAIN train_climax_no_range_extreme_corruption_s42] [TRAIN] stage=pretrain epoch=1/1 batch=570/3000 step=570 repair=0.004785 localization=0.2238 type=0.4142 minimal=0.02461 physics=0.243 total=0.1258
[TRAIN train_climax_no_range_extreme_corruption_s42] [TRAIN] stage=pretrain epoch=1/1 batch=580/3000 step=580 repair=0.004675 localization=0.3161 type=1.532 minimal=0.02339 physics=0.1545 total=0.3601
[TRAIN train_climax_no_range_extreme_corruption_s42] [TRAIN] stage=pretrain epoch=1/1 batch=590/3000 step=590 repair=0.00256 localization=0.33 type=1.605 minimal=0.02115 physics=0.07818 total=0.355
[TRAIN train_climax_no_range_extreme_corruption_s42] [TRAIN] stage=pretrain epoch=1/1 batch=600/3000 step=600 repair=0.002143 localization=0.2507 type=1.149 minimal=0.01909 physics=0.103 total=0.2584
[TRAIN train_climax_no_range_extreme_corruption_s42] [TRAIN] stage=pretrain epoch=1/1 batch=610/3000 step=610 repair=0.01058 localization=0.3198 type=1.503 minimal=0.02173 physics=0.219 total=0.3386
[TRAIN train_climax_no_range_extreme_corruption_s42] [TRAIN] stage=pretrain epoch=1/1 batch=620/3000 step=620 repair=0.00193 localization=0.2804 type=1.06 minimal=0.01898 physics=0.1736 total=0.2479
[TRAIN train_climax_no_range_extreme_corruption_s42] [TRAIN] stage=pretrain epoch=1/1 batch=630/3000 step=630 repair=0.003522 localization=0.1122 type=1.393 minimal=0.02373 physics=0.1325 total=0.298
[TRAIN train_climax_no_range_extreme_corruption_s42] [TRAIN] stage=pretrain epoch=1/1 batch=640/3000 step=640 repair=0.002275 localization=0.4917 type=1.122 minimal=0.01947 physics=0.08756 total=0.2754
[TRAIN train_climax_no_range_extreme_corruption_s42] [TRAIN] stage=pretrain epoch=1/1 batch=650/3000 step=650 repair=0.002134 localization=0.2806 type=1.38 minimal=0.01973 physics=0.1167 total=0.3144
[TRAIN train_climax_no_range_extreme_corruption_s42] [TRAIN] stage=pretrain epoch=1/1 batch=660/3000 step=660 repair=0.005942 localization=0.2876 type=1.649 minimal=0.02126 physics=0.1718 total=0.368
[TRAIN train_climax_no_range_extreme_corruption_s42] [TRAIN] stage=pretrain epoch=1/1 batch=670/3000 step=670 repair=0.00263 localization=0.3629 type=1.298 minimal=0.01788 physics=0.62 total=0.3226
[TRAIN train_climax_no_range_extreme_corruption_s42] [TRAIN] stage=pretrain epoch=1/1 batch=680/3000 step=680 repair=0.003659 localization=0.2246 type=1.21 minimal=0.01865 physics=0.1332 total=0.2806
[TRAIN train_climax_no_range_extreme_corruption_s42] [TRAIN] stage=pretrain epoch=1/1 batch=690/3000 step=690 repair=0.002764 localization=0.2921 type=1.298 minimal=0.01909 physics=0.1081 total=0.2975
[TRAIN train_climax_no_range_extreme_corruption_s42] [TRAIN] stage=pretrain epoch=1/1 batch=700/3000 step=700 repair=0.002209 localization=0.2964 type=1.18 minimal=0.0195 physics=0.1481 total=0.2722
[TRAIN train_climax_no_range_extreme_corruption_s42] [TRAIN] stage=pretrain epoch=1/1 batch=710/3000 step=710 repair=0.004249 localization=0.3145 type=0.988 minimal=0.03084 physics=0.272 total=0.2566
[TRAIN train_climax_no_range_extreme_corruption_s42] [TRAIN] stage=pretrain epoch=1/1 batch=720/3000 step=720 repair=0.002861 localization=0.2061 type=1.563 minimal=0.02452 physics=0.1176 total=0.3398
[TRAIN train_climax_no_range_extreme_corruption_s42] [TRAIN] stage=pretrain epoch=1/1 batch=730/3000 step=730 repair=0.003564 localization=0.2354 type=1.497 minimal=0.02188 physics=0.1889 total=0.3285
[TRAIN train_climax_no_range_extreme_corruption_s42] [TRAIN] stage=pretrain epoch=1/1 batch=740/3000 step=740 repair=0.004857 localization=0.3844 type=1.388 minimal=0.02223 physics=0.34 total=0.336
[TRAIN train_climax_no_range_extreme_corruption_s42] [TRAIN] stage=pretrain epoch=1/1 batch=750/3000 step=750 repair=0.00265 localization=0.2512 type=1.378 minimal=0.02187 physics=0.1193 total=0.311
[TRAIN train_climax_no_range_extreme_corruption_s42] [TRAIN] stage=pretrain epoch=1/1 batch=760/3000 step=760 repair=0.006425 localization=0.3493 type=1.613 minimal=0.02119 physics=0.1377 total=0.3766
[TRAIN train_climax_no_range_extreme_corruption_s42] [TRAIN] stage=pretrain epoch=1/1 batch=770/3000 step=770 repair=0.01081 localization=0.1238 type=1.181 minimal=0.04684 physics=0.7248 total=0.2909
[TRAIN train_climax_no_range_extreme_corruption_s42] [TRAIN] stage=pretrain epoch=1/1 batch=780/3000 step=780 repair=0.009395 localization=0.1474 type=0.9336 minimal=0.04321 physics=0.7536 total=0.2362
[TRAIN train_climax_no_range_extreme_corruption_s42] [TRAIN] stage=pretrain epoch=1/1 batch=790/3000 step=790 repair=0.002565 localization=0.3833 type=1.753 minimal=0.02129 physics=0.289 total=0.4048
[TRAIN train_climax_no_range_extreme_corruption_s42] [TRAIN] stage=pretrain epoch=1/1 batch=800/3000 step=800 repair=0.008855 localization=0.3411 type=1.392 minimal=0.0233 physics=0.5845 total=0.3367
[TRAIN train_climax_no_range_extreme_corruption_s42] [TRAIN] stage=pretrain epoch=1/1 batch=810/3000 step=810 repair=0.004805 localization=0.1912 type=1.74 minimal=0.02515 physics=0.198 total=0.386
[TRAIN train_climax_no_range_extreme_corruption_s42] [TRAIN] stage=pretrain epoch=1/1 batch=820/3000 step=820 repair=0.009489 localization=0.1781 type=0.8396 minimal=0.04684 physics=0.612 total=0.2169
[TRAIN train_climax_no_range_extreme_corruption_s42] [TRAIN] stage=pretrain epoch=1/1 batch=830/3000 step=830 repair=0.002358 localization=0.2989 type=1.639 minimal=0.02045 physics=0.2137 total=0.3835
[TRAIN train_climax_no_range_extreme_corruption_s42] [TRAIN] stage=pretrain epoch=1/1 batch=840/3000 step=840 repair=0.002084 localization=0.2676 type=1.291 minimal=0.01967 physics=0.1562 total=0.2885
[TRAIN train_climax_no_range_extreme_corruption_s42] [TRAIN] stage=pretrain epoch=1/1 batch=850/3000 step=850 repair=0.00517 localization=0.2696 type=1.234 minimal=0.02013 physics=0.2302 total=0.3056
[TRAIN train_climax_no_range_extreme_corruption_s42] [TRAIN] stage=pretrain epoch=1/1 batch=860/3000 step=860 repair=0.003653 localization=0.1572 type=1.101 minimal=0.02869 physics=0.212 total=0.2434
[TRAIN train_climax_no_range_extreme_corruption_s42] [TRAIN] stage=pretrain epoch=1/1 batch=870/3000 step=870 repair=0.01312 localization=0.4067 type=1.717 minimal=0.01956 physics=0.7217 total=0.4414
[TRAIN train_climax_no_range_extreme_corruption_s42] [TRAIN] stage=pretrain epoch=1/1 batch=880/3000 step=880 repair=0.003208 localization=0.24 type=2.273 minimal=0.0217 physics=0.2311 total=0.5047
[TRAIN train_climax_no_range_extreme_corruption_s42] [TRAIN] stage=pretrain epoch=1/1 batch=890/3000 step=890 repair=0.01454 localization=0.239 type=1.396 minimal=0.01863 physics=0.1021 total=0.3266
[TRAIN train_climax_no_range_extreme_corruption_s42] [TRAIN] stage=pretrain epoch=1/1 batch=900/3000 step=900 repair=0.002092 localization=0.2833 type=2.257 minimal=0.01675 physics=0.0946 total=0.4865
[TRAIN train_climax_no_range_extreme_corruption_s42] [TRAIN] stage=pretrain epoch=1/1 batch=910/3000 step=910 repair=0.002301 localization=0.2702 type=1.042 minimal=0.01839 physics=0.1694 total=0.2472
[TRAIN train_climax_no_range_extreme_corruption_s42] [TRAIN] stage=pretrain epoch=1/1 batch=920/3000 step=920 repair=0.0022 localization=0.2614 type=1.104 minimal=0.01712 physics=0.2091 total=0.2675
[TRAIN train_climax_no_range_extreme_corruption_s42] [TRAIN] stage=pretrain epoch=1/1 batch=930/3000 step=930 repair=0.004074 localization=0.2184 type=1.305 minimal=0.02309 physics=0.2001 total=0.2907
[TRAIN train_climax_no_range_extreme_corruption_s42] [TRAIN] stage=pretrain epoch=1/1 batch=940/3000 step=940 repair=0.007085 localization=0.2928 type=2.005 minimal=0.0246 physics=0.2021 total=0.4679
[TRAIN train_climax_no_range_extreme_corruption_s42] [TRAIN] stage=pretrain epoch=1/1 batch=950/3000 step=950 repair=0.005114 localization=0.3717 type=1.242 minimal=0.01782 physics=0.2353 total=0.3062
[TRAIN train_climax_no_range_extreme_corruption_s42] [TRAIN] stage=pretrain epoch=1/1 batch=960/3000 step=960 repair=0.01951 localization=0.238 type=1.163 minimal=0.02759 physics=0.4603 total=0.3034
[TRAIN train_climax_no_range_extreme_corruption_s42] [TRAIN] stage=pretrain epoch=1/1 batch=970/3000 step=970 repair=0.005467 localization=0.4105 type=0.2534 minimal=0.03714 physics=0.3802 total=0.1163
[TRAIN train_climax_no_range_extreme_corruption_s42] [TRAIN] stage=pretrain epoch=1/1 batch=980/3000 step=980 repair=0.01285 localization=0.3416 type=1.938 minimal=0.02097 physics=0.2672 total=0.4461
[TRAIN train_climax_no_range_extreme_corruption_s42] [TRAIN] stage=pretrain epoch=1/1 batch=990/3000 step=990 repair=0.002456 localization=0.2465 type=1.406 minimal=0.02066 physics=0.1058 total=0.3034
[TRAIN train_climax_no_range_extreme_corruption_s42] [TRAIN] stage=pretrain epoch=1/1 batch=1000/3000 step=1000 repair=0.01286 localization=0.3303 type=1.317 minimal=0.01825 physics=0.2473 total=0.3286
[TRAIN train_climax_no_range_extreme_corruption_s42] [TRAIN] stage=pretrain epoch=1/1 batch=1010/3000 step=1010 repair=0.006282 localization=0.1849 type=1.436 minimal=0.02271 physics=0.1985 total=0.3243
[TRAIN train_climax_no_range_extreme_corruption_s42] [TRAIN] stage=pretrain epoch=1/1 batch=1020/3000 step=1020 repair=0.003367 localization=0.1223 type=0.7378 minimal=0.02504 physics=0.3587 total=0.1837
[TRAIN train_climax_no_range_extreme_corruption_s42] [TRAIN] stage=pretrain epoch=1/1 batch=1030/3000 step=1030 repair=0.00632 localization=0.22 type=0.3801 minimal=0.0314 physics=0.6193 total=0.1352
[TRAIN train_climax_no_range_extreme_corruption_s42] [TRAIN] stage=pretrain epoch=1/1 batch=1040/3000 step=1040 repair=0.005646 localization=0.3028 type=1.216 minimal=0.01672 physics=0.07203 total=0.2897
[TRAIN train_climax_no_range_extreme_corruption_s42] [TRAIN] stage=pretrain epoch=1/1 batch=1050/3000 step=1050 repair=0.004368 localization=0.2912 type=1.081 minimal=0.01816 physics=0.2722 total=0.265
[TRAIN train_climax_no_range_extreme_corruption_s42] [TRAIN] stage=pretrain epoch=1/1 batch=1060/3000 step=1060 repair=0.002929 localization=0.2284 type=1.12 minimal=0.01849 physics=0.0701 total=0.2534
[TRAIN train_climax_no_range_extreme_corruption_s42] [TRAIN] stage=pretrain epoch=1/1 batch=1070/3000 step=1070 repair=0.008831 localization=0.3424 type=1.285 minimal=0.017 physics=0.1458 total=0.3118
[TRAIN train_climax_no_range_extreme_corruption_s42] [TRAIN] stage=pretrain epoch=1/1 batch=1080/3000 step=1080 repair=0.002156 localization=0.285 type=0.8501 minimal=0.01671 physics=0.06266 total=0.1954
[TRAIN train_climax_no_range_extreme_corruption_s42] [TRAIN] stage=pretrain epoch=1/1 batch=1090/3000 step=1090 repair=0.00161 localization=0.2415 type=0.9905 minimal=0.0161 physics=0.176 total=0.2451
[TRAIN train_climax_no_range_extreme_corruption_s42] [TRAIN] stage=pretrain epoch=1/1 batch=1100/3000 step=1100 repair=0.008804 localization=0.3195 type=1.7 minimal=0.01773 physics=0.06385 total=0.3768
[TRAIN train_climax_no_range_extreme_corruption_s42] [TRAIN] stage=pretrain epoch=1/1 batch=1110/3000 step=1110 repair=0.002502 localization=0.3992 type=0.9375 minimal=0.01982 physics=0.1254 total=0.2328
[TRAIN train_climax_no_range_extreme_corruption_s42] [TRAIN] stage=pretrain epoch=1/1 batch=1120/3000 step=1120 repair=0.002197 localization=0.2515 type=3.396 minimal=0.01738 physics=0.1913 total=0.7102
[TRAIN train_climax_no_range_extreme_corruption_s42] [TRAIN] stage=pretrain epoch=1/1 batch=1130/3000 step=1130 repair=0.006401 localization=0.1681 type=0.2974 minimal=0.03802 physics=1.633 total=0.1623
[TRAIN train_climax_no_range_extreme_corruption_s42] [TRAIN] stage=pretrain epoch=1/1 batch=1140/3000 step=1140 repair=0.003347 localization=0.223 type=1.213 minimal=0.01744 physics=0.5202 total=0.3037
[TRAIN train_climax_no_range_extreme_corruption_s42] [TRAIN] stage=pretrain epoch=1/1 batch=1150/3000 step=1150 repair=0.002399 localization=0.2966 type=1.371 minimal=0.01851 physics=0.1464 total=0.3201
[TRAIN train_climax_no_range_extreme_corruption_s42] [TRAIN] stage=pretrain epoch=1/1 batch=1160/3000 step=1160 repair=0.002547 localization=0.2036 type=1.053 minimal=0.01804 physics=0.2048 total=0.2335
[TRAIN train_climax_no_range_extreme_corruption_s42] [TRAIN] stage=pretrain epoch=1/1 batch=1170/3000 step=1170 repair=0.00894 localization=0.1034 type=0.2114 minimal=0.0369 physics=1.124 total=0.1113
[TRAIN train_climax_no_range_extreme_corruption_s42] [TRAIN] stage=pretrain epoch=1/1 batch=1180/3000 step=1180 repair=0.002282 localization=0.2587 type=1.783 minimal=0.01712 physics=0.2005 total=0.3909
[TRAIN train_climax_no_range_extreme_corruption_s42] [TRAIN] stage=pretrain epoch=1/1 batch=1190/3000 step=1190 repair=0.002716 localization=0.196 type=2.142 minimal=0.01729 physics=0.1063 total=0.4486
[TRAIN train_climax_no_range_extreme_corruption_s42] [TRAIN] stage=pretrain epoch=1/1 batch=1200/3000 step=1200 repair=0.005094 localization=0.3418 type=1.538 minimal=0.01695 physics=0.4243 total=0.3649
[TRAIN train_climax_no_range_extreme_corruption_s42] [TRAIN] stage=pretrain epoch=1/1 batch=1210/3000 step=1210 repair=0.00376 localization=0.11 type=0.1589 minimal=0.03053 physics=0.3611 total=0.06117
[TRAIN train_climax_no_range_extreme_corruption_s42] [TRAIN] stage=pretrain epoch=1/1 batch=1220/3000 step=1220 repair=0.004371 localization=0.2803 type=1.211 minimal=0.01587 physics=0.1146 total=0.2883
[TRAIN train_climax_no_range_extreme_corruption_s42] [TRAIN] stage=pretrain epoch=1/1 batch=1230/3000 step=1230 repair=0.01345 localization=0.2946 type=2.565 minimal=0.01743 physics=0.2848 total=0.5568
[TRAIN train_climax_no_range_extreme_corruption_s42] [TRAIN] stage=pretrain epoch=1/1 batch=1240/3000 step=1240 repair=0.004114 localization=0.2061 type=1.379 minimal=0.01747 physics=0.08865 total=0.2875
[TRAIN train_climax_no_range_extreme_corruption_s42] [TRAIN] stage=pretrain epoch=1/1 batch=1250/3000 step=1250 repair=0.002838 localization=0.1067 type=0.3844 minimal=0.02458 physics=0.3185 total=0.1078
[TRAIN train_climax_no_range_extreme_corruption_s42] [TRAIN] stage=pretrain epoch=1/1 batch=1260/3000 step=1260 repair=0.001845 localization=0.3187 type=1.693 minimal=0.01517 physics=0.2548 total=0.3945
[TRAIN train_climax_no_range_extreme_corruption_s42] [TRAIN] stage=pretrain epoch=1/1 batch=1270/3000 step=1270 repair=0.001604 localization=0.2094 type=0.9846 minimal=0.01515 physics=0.2229 total=0.2383
[TRAIN train_climax_no_range_extreme_corruption_s42] [TRAIN] stage=pretrain epoch=1/1 batch=1280/3000 step=1280 repair=0.001745 localization=0.2496 type=0.854 minimal=0.01619 physics=0.05579 total=0.198
[TRAIN train_climax_no_range_extreme_corruption_s42] [TRAIN] stage=pretrain epoch=1/1 batch=1290/3000 step=1290 repair=0.002152 localization=0.3574 type=0.748 minimal=0.01797 physics=0.05964 total=0.1853
[TRAIN train_climax_no_range_extreme_corruption_s42] [TRAIN] stage=pretrain epoch=1/1 batch=1300/3000 step=1300 repair=0.005535 localization=0.3492 type=1.432 minimal=0.0168 physics=0.1728 total=0.3336
[TRAIN train_climax_no_range_extreme_corruption_s42] [TRAIN] stage=pretrain epoch=1/1 batch=1310/3000 step=1310 repair=0.001549 localization=0.2383 type=0.7905 minimal=0.01569 physics=0.1221 total=0.1906
[TRAIN train_climax_no_range_extreme_corruption_s42] [TRAIN] stage=pretrain epoch=1/1 batch=1320/3000 step=1320 repair=0.001845 localization=0.2694 type=0.7422 minimal=0.01936 physics=0.05099 total=0.1761
[TRAIN train_climax_no_range_extreme_corruption_s42] [TRAIN] stage=pretrain epoch=1/1 batch=1330/3000 step=1330 repair=0.002633 localization=0.3558 type=0.6516 minimal=0.02058 physics=0.2588 total=0.177
[TRAIN train_climax_no_range_extreme_corruption_s42] [TRAIN] stage=pretrain epoch=1/1 batch=1340/3000 step=1340 repair=0.002382 localization=0.3032 type=0.8313 minimal=0.02266 physics=0.1872 total=0.222
[TRAIN train_climax_no_range_extreme_corruption_s42] [TRAIN] stage=pretrain epoch=1/1 batch=1350/3000 step=1350 repair=0.002867 localization=0.2348 type=1.252 minimal=0.02261 physics=0.2455 total=0.303
[TRAIN train_climax_no_range_extreme_corruption_s42] [TRAIN] stage=pretrain epoch=1/1 batch=1360/3000 step=1360 repair=0.002429 localization=0.3523 type=0.9321 minimal=0.02277 physics=0.1907 total=0.2135
[TRAIN train_climax_no_range_extreme_corruption_s42] [TRAIN] stage=pretrain epoch=1/1 batch=1370/3000 step=1370 repair=0.01304 localization=0.07847 type=0.01491 minimal=0.04871 physics=1.346 total=0.09133
[TRAIN train_climax_no_range_extreme_corruption_s42] [TRAIN] stage=pretrain epoch=1/1 batch=1380/3000 step=1380 repair=0.004498 localization=0.2332 type=0.1624 minimal=0.02533 physics=0.6023 total=0.09001
[TRAIN train_climax_no_range_extreme_corruption_s42] [TRAIN] stage=pretrain epoch=1/1 batch=1390/3000 step=1390 repair=0.00298 localization=0.1041 type=0.05119 minimal=0.02844 physics=0.7519 total=0.06085
[TRAIN train_climax_no_range_extreme_corruption_s42] [TRAIN] stage=pretrain epoch=1/1 batch=1400/3000 step=1400 repair=0.002492 localization=0.2726 type=0.9675 minimal=0.01912 physics=0.2665 total=0.2534
[TRAIN train_climax_no_range_extreme_corruption_s42] [TRAIN] stage=pretrain epoch=1/1 batch=1410/3000 step=1410 repair=0.006329 localization=0.2254 type=1.322 minimal=0.01884 physics=0.05821 total=0.302
[TRAIN train_climax_no_range_extreme_corruption_s42] [TRAIN] stage=pretrain epoch=1/1 batch=1420/3000 step=1420 repair=0.002936 localization=0.3072 type=2.624 minimal=0.02052 physics=0.3838 total=0.5631
[TRAIN train_climax_no_range_extreme_corruption_s42] [TRAIN] stage=pretrain epoch=1/1 batch=1430/3000 step=1430 repair=0.006926 localization=0.2651 type=1.606 minimal=0.01961 physics=0.3081 total=0.3663
[TRAIN train_climax_no_range_extreme_corruption_s42] [TRAIN] stage=pretrain epoch=1/1 batch=1440/3000 step=1440 repair=0.002067 localization=0.2058 type=2.138 minimal=0.01836 physics=0.3511 total=0.4813
[TRAIN train_climax_no_range_extreme_corruption_s42] [TRAIN] stage=pretrain epoch=1/1 batch=1450/3000 step=1450 repair=0.00867 localization=0.4241 type=1.264 minimal=0.01559 physics=0.6504 total=0.3437
[TRAIN train_climax_no_range_extreme_corruption_s42] [TRAIN] stage=pretrain epoch=1/1 batch=1460/3000 step=1460 repair=0.001687 localization=0.2804 type=0.6853 minimal=0.01688 physics=0.03693 total=0.1662
[TRAIN train_climax_no_range_extreme_corruption_s42] [TRAIN] stage=pretrain epoch=1/1 batch=1470/3000 step=1470 repair=0.0119 localization=0.3041 type=1.873 minimal=0.02144 physics=0.2395 total=0.4289
[TRAIN train_climax_no_range_extreme_corruption_s42] [TRAIN] stage=pretrain epoch=1/1 batch=1480/3000 step=1480 repair=0.009187 localization=0.2942 type=1.874 minimal=0.01551 physics=0.07981 total=0.4189
[TRAIN train_climax_no_range_extreme_corruption_s42] [TRAIN] stage=pretrain epoch=1/1 batch=1490/3000 step=1490 repair=0.001906 localization=0.3796 type=3.091 minimal=0.01825 physics=0.3441 total=0.7421
[TRAIN train_climax_no_range_extreme_corruption_s42] [TRAIN] stage=pretrain epoch=1/1 batch=1500/3000 step=1500 repair=0.004521 localization=0.1823 type=1.871 minimal=0.01662 physics=0.06657 total=0.3993
[TRAIN train_climax_no_range_extreme_corruption_s42] [TRAIN] stage=pretrain epoch=1/1 batch=1510/3000 step=1510 repair=0.003849 localization=0.2094 type=1.19 minimal=0.01486 physics=0.3839 total=0.2776
[TRAIN train_climax_no_range_extreme_corruption_s42] [TRAIN] stage=pretrain epoch=1/1 batch=1520/3000 step=1520 repair=0.001869 localization=0.2218 type=0.9351 minimal=0.01994 physics=0.3952 total=0.2312
[TRAIN train_climax_no_range_extreme_corruption_s42] [TRAIN] stage=pretrain epoch=1/1 batch=1530/3000 step=1530 repair=0.01542 localization=0.3221 type=1.168 minimal=0.01859 physics=0.1471 total=0.2792
[TRAIN train_climax_no_range_extreme_corruption_s42] [TRAIN] stage=pretrain epoch=1/1 batch=1540/3000 step=1540 repair=0.002289 localization=0.2546 type=1.615 minimal=0.02017 physics=0.0842 total=0.3475
[TRAIN train_climax_no_range_extreme_corruption_s42] [TRAIN] stage=pretrain epoch=1/1 batch=1550/3000 step=1550 repair=0.003351 localization=0.2607 type=1.25 minimal=0.02074 physics=0.06112 total=0.2855
[TRAIN train_climax_no_range_extreme_corruption_s42] [TRAIN] stage=pretrain epoch=1/1 batch=1560/3000 step=1560 repair=0.003984 localization=0.2788 type=1.459 minimal=0.02003 physics=0.1707 total=0.3243
[TRAIN train_climax_no_range_extreme_corruption_s42] [TRAIN] stage=pretrain epoch=1/1 batch=1570/3000 step=1570 repair=0.003652 localization=0.3658 type=0.9521 minimal=0.01854 physics=0.5086 total=0.2574
[TRAIN train_climax_no_range_extreme_corruption_s42] [TRAIN] stage=pretrain epoch=1/1 batch=1580/3000 step=1580 repair=0.003492 localization=0.1791 type=0.09474 minimal=0.02162 physics=0.3427 total=0.05699
[TRAIN train_climax_no_range_extreme_corruption_s42] [TRAIN] stage=pretrain epoch=1/1 batch=1590/3000 step=1590 repair=0.002744 localization=0.2658 type=0.6597 minimal=0.01637 physics=0.1981 total=0.1726
[TRAIN train_climax_no_range_extreme_corruption_s42] [TRAIN] stage=pretrain epoch=1/1 batch=1600/3000 step=1600 repair=0.003689 localization=0.06639 type=0.007534 minimal=0.02568 physics=0.3103 total=0.0275
[TRAIN train_climax_no_range_extreme_corruption_s42] [TRAIN] stage=pretrain epoch=1/1 batch=1610/3000 step=1610 repair=0.001301 localization=0.38 type=2.132 minimal=0.01424 physics=0.1234 total=0.4791
[TRAIN train_climax_no_range_extreme_corruption_s42] [TRAIN] stage=pretrain epoch=1/1 batch=1620/3000 step=1620 repair=0.002128 localization=0.3841 type=0.7566 minimal=0.01585 physics=0.3321 total=0.2043
[TRAIN train_climax_no_range_extreme_corruption_s42] [TRAIN] stage=pretrain epoch=1/1 batch=1630/3000 step=1630 repair=0.0022 localization=0.04234 type=0.004086 minimal=0.02902 physics=0.3197 total=0.02348
[TRAIN train_climax_no_range_extreme_corruption_s42] [TRAIN] stage=pretrain epoch=1/1 batch=1640/3000 step=1640 repair=0.002659 localization=0.3962 type=1.732 minimal=0.01826 physics=0.03613 total=0.391
[TRAIN train_climax_no_range_extreme_corruption_s42] [TRAIN] stage=pretrain epoch=1/1 batch=1650/3000 step=1650 repair=0.007815 localization=0.1774 type=1.04 minimal=0.01382 physics=0.1742 total=0.2543
[TRAIN train_climax_no_range_extreme_corruption_s42] [TRAIN] stage=pretrain epoch=1/1 batch=1660/3000 step=1660 repair=0.001824 localization=0.3407 type=1.027 minimal=0.01358 physics=0.1927 total=0.2568
[TRAIN train_climax_no_range_extreme_corruption_s42] [TRAIN] stage=pretrain epoch=1/1 batch=1670/3000 step=1670 repair=0.006146 localization=0.2855 type=0.7661 minimal=0.0138 physics=0.1986 total=0.2026
[TRAIN train_climax_no_range_extreme_corruption_s42] [TRAIN] stage=pretrain epoch=1/1 batch=1680/3000 step=1680 repair=0.003098 localization=0.04072 type=0.009375 minimal=0.02748 physics=0.3603 total=0.02723
[TRAIN train_climax_no_range_extreme_corruption_s42] [TRAIN] stage=pretrain epoch=1/1 batch=1690/3000 step=1690 repair=0.003139 localization=0.2614 type=1.515 minimal=0.01721 physics=0.127 total=0.3525
[TRAIN train_climax_no_range_extreme_corruption_s42] [TRAIN] stage=pretrain epoch=1/1 batch=1700/3000 step=1700 repair=0.002094 localization=0.09511 type=0.0366 minimal=0.0181 physics=0.2496 total=0.03068
[TRAIN train_climax_no_range_extreme_corruption_s42] [TRAIN] stage=pretrain epoch=1/1 batch=1710/3000 step=1710 repair=0.002754 localization=0.22 type=1.687 minimal=0.01869 physics=0.09788 total=0.3822
[TRAIN train_climax_no_range_extreme_corruption_s42] [TRAIN] stage=pretrain epoch=1/1 batch=1720/3000 step=1720 repair=0.002482 localization=0.2481 type=2.895 minimal=0.01617 physics=0.1058 total=0.6183
[TRAIN train_climax_no_range_extreme_corruption_s42] [TRAIN] stage=pretrain epoch=1/1 batch=1730/3000 step=1730 repair=0.003116 localization=0.03995 type=0.001188 minimal=0.03723 physics=0.5161 total=0.03352
[TRAIN train_climax_no_range_extreme_corruption_s42] [TRAIN] stage=pretrain epoch=1/1 batch=1740/3000 step=1740 repair=0.004148 localization=0.04545 type=0.006895 minimal=0.02704 physics=0.3726 total=0.02894
[TRAIN train_climax_no_range_extreme_corruption_s42] [TRAIN] stage=pretrain epoch=1/1 batch=1750/3000 step=1750 repair=0.001716 localization=0.2456 type=1.111 minimal=0.01423 physics=0.1077 total=0.2612
[TRAIN train_climax_no_range_extreme_corruption_s42] [TRAIN] stage=pretrain epoch=1/1 batch=1760/3000 step=1760 repair=0.00284 localization=0.07865 type=0.009734 minimal=0.02097 physics=0.2434 total=0.02509
[TRAIN train_climax_no_range_extreme_corruption_s42] [TRAIN] stage=pretrain epoch=1/1 batch=1770/3000 step=1770 repair=0.001262 localization=0.3279 type=1.134 minimal=0.01263 physics=0.05174 total=0.2679
[TRAIN train_climax_no_range_extreme_corruption_s42] [TRAIN] stage=pretrain epoch=1/1 batch=1780/3000 step=1780 repair=0.002772 localization=0.2838 type=1.285 minimal=0.01405 physics=0.1952 total=0.2991
[TRAIN train_climax_no_range_extreme_corruption_s42] [TRAIN] stage=pretrain epoch=1/1 batch=1790/3000 step=1790 repair=0.009686 localization=0.3122 type=0.9495 minimal=0.01485 physics=0.1839 total=0.2473
[TRAIN train_climax_no_range_extreme_corruption_s42] [TRAIN] stage=pretrain epoch=1/1 batch=1800/3000 step=1800 repair=0.002003 localization=0.02786 type=0.003791 minimal=0.02003 physics=0.203 total=0.0158
[TRAIN train_climax_no_range_extreme_corruption_s42] [TRAIN] stage=pretrain epoch=1/1 batch=1810/3000 step=1810 repair=0.002168 localization=0.2264 type=1.1 minimal=0.01492 physics=0.224 total=0.2688
[TRAIN train_climax_no_range_extreme_corruption_s42] [TRAIN] stage=pretrain epoch=1/1 batch=1820/3000 step=1820 repair=0.01116 localization=0.2624 type=1.126 minimal=0.01582 physics=0.1519 total=0.2778
[TRAIN train_climax_no_range_extreme_corruption_s42] [TRAIN] stage=pretrain epoch=1/1 batch=1830/3000 step=1830 repair=0.002092 localization=0.263 type=0.9683 minimal=0.01434 physics=0.04648 total=0.2286
[TRAIN train_climax_no_range_extreme_corruption_s42] [TRAIN] stage=pretrain epoch=1/1 batch=1840/3000 step=1840 repair=0.00376 localization=0.2346 type=1.297 minimal=0.01443 physics=0.5999 total=0.3152
[TRAIN train_climax_no_range_extreme_corruption_s42] [TRAIN] stage=pretrain epoch=1/1 batch=1850/3000 step=1850 repair=0.002683 localization=0.2813 type=0.9465 minimal=0.01473 physics=0.2235 total=0.2302
[TRAIN train_climax_no_range_extreme_corruption_s42] [TRAIN] stage=pretrain epoch=1/1 batch=1860/3000 step=1860 repair=0.002085 localization=0.3429 type=1.274 minimal=0.01393 physics=0.08203 total=0.288
[TRAIN train_climax_no_range_extreme_corruption_s42] [TRAIN] stage=pretrain epoch=1/1 batch=1870/3000 step=1870 repair=0.009368 localization=0.19 type=1.256 minimal=0.01551 physics=0.6113 total=0.313
[TRAIN train_climax_no_range_extreme_corruption_s42] [TRAIN] stage=pretrain epoch=1/1 batch=1880/3000 step=1880 repair=0.004144 localization=0.3068 type=1.232 minimal=0.01451 physics=0.07831 total=0.2948
[TRAIN train_climax_no_range_extreme_corruption_s42] [TRAIN] stage=pretrain epoch=1/1 batch=1890/3000 step=1890 repair=0.001193 localization=0.01713 type=0.003231 minimal=0.01733 physics=0.1549 total=0.01143
[TRAIN train_climax_no_range_extreme_corruption_s42] [TRAIN] stage=pretrain epoch=1/1 batch=1900/3000 step=1900 repair=0.002096 localization=0.2763 type=3.909 minimal=0.01418 physics=0.1745 total=0.8364
[TRAIN train_climax_no_range_extreme_corruption_s42] [TRAIN] stage=pretrain epoch=1/1 batch=1910/3000 step=1910 repair=0.001809 localization=0.252 type=0.06984 minimal=0.01476 physics=0.2063 total=0.05184
[TRAIN train_climax_no_range_extreme_corruption_s42] [TRAIN] stage=pretrain epoch=1/1 batch=1920/3000 step=1920 repair=0.003302 localization=0.3107 type=1.335 minimal=0.01596 physics=0.3299 total=0.3189
[TRAIN train_climax_no_range_extreme_corruption_s42] [TRAIN] stage=pretrain epoch=1/1 batch=1930/3000 step=1930 repair=0.00309 localization=0.2727 type=1.528 minimal=0.0172 physics=0.1445 total=0.3448
[TRAIN train_climax_no_range_extreme_corruption_s42] [TRAIN] stage=pretrain epoch=1/1 batch=1940/3000 step=1940 repair=0.004529 localization=0.239 type=1.165 minimal=0.01562 physics=0.05349 total=0.2749
[TRAIN train_climax_no_range_extreme_corruption_s42] [TRAIN] stage=pretrain epoch=1/1 batch=1950/3000 step=1950 repair=0.005345 localization=0.2395 type=0.9585 minimal=0.01727 physics=0.06176 total=0.2223
[TRAIN train_climax_no_range_extreme_corruption_s42] [TRAIN] stage=pretrain epoch=1/1 batch=1960/3000 step=1960 repair=0.002522 localization=0.3293 type=0.8992 minimal=0.01686 physics=0.07599 total=0.2182
[TRAIN train_climax_no_range_extreme_corruption_s42] [TRAIN] stage=pretrain epoch=1/1 batch=1970/3000 step=1970 repair=0.009712 localization=0.313 type=0.9919 minimal=0.01758 physics=0.1488 total=0.261
[TRAIN train_climax_no_range_extreme_corruption_s42] [TRAIN] stage=pretrain epoch=1/1 batch=1980/3000 step=1980 repair=0.002422 localization=0.03243 type=0.0004805 minimal=0.02609 physics=0.2628 total=0.01914
[TRAIN train_climax_no_range_extreme_corruption_s42] [TRAIN] stage=pretrain epoch=1/1 batch=1990/3000 step=1990 repair=0.001604 localization=0.01607 type=0.0006025 minimal=0.02386 physics=0.2012 total=0.01362
[TRAIN train_climax_no_range_extreme_corruption_s42] [TRAIN] stage=pretrain epoch=1/1 batch=2000/3000 step=2000 repair=0.002749 localization=0.2556 type=1.196 minimal=0.01697 physics=0.06466 total=0.2731
[TRAIN train_climax_no_range_extreme_corruption_s42] [TRAIN] stage=pretrain epoch=1/1 batch=2010/3000 step=2010 repair=0.002046 localization=0.2367 type=1.079 minimal=0.01551 physics=0.2182 total=0.2535
[TRAIN train_climax_no_range_extreme_corruption_s42] [TRAIN] stage=pretrain epoch=1/1 batch=2020/3000 step=2020 repair=0.001373 localization=0.03974 type=0.005881 minimal=0.01793 physics=0.2531 total=0.01914
[TRAIN train_climax_no_range_extreme_corruption_s42] [TRAIN] stage=pretrain epoch=1/1 batch=2030/3000 step=2030 repair=0.001788 localization=0.02943 type=0.002427 minimal=0.0209 physics=0.2665 total=0.01865
[TRAIN train_climax_no_range_extreme_corruption_s42] [TRAIN] stage=pretrain epoch=1/1 batch=2040/3000 step=2040 repair=0.01493 localization=0.3301 type=1.216 minimal=0.0155 physics=0.06308 total=0.2781
[TRAIN train_climax_no_range_extreme_corruption_s42] [TRAIN] stage=pretrain epoch=1/1 batch=2050/3000 step=2050 repair=0.003029 localization=0.2178 type=0.927 minimal=0.01567 physics=0.109 total=0.2009
[TRAIN train_climax_no_range_extreme_corruption_s42] [TRAIN] stage=pretrain epoch=1/1 batch=2060/3000 step=2060 repair=0.01407 localization=0.2777 type=1.343 minimal=0.01548 physics=1.084 total=0.3585
[TRAIN train_climax_no_range_extreme_corruption_s42] [TRAIN] stage=pretrain epoch=1/1 batch=2070/3000 step=2070 repair=0.004062 localization=0.4211 type=1.259 minimal=0.01715 physics=0.09471 total=0.2963
[TRAIN train_climax_no_range_extreme_corruption_s42] [TRAIN] stage=pretrain epoch=1/1 batch=2080/3000 step=2080 repair=0.006775 localization=0.2431 type=1.106 minimal=0.01704 physics=0.1097 total=0.2502
[TRAIN train_climax_no_range_extreme_corruption_s42] [TRAIN] stage=pretrain epoch=1/1 batch=2090/3000 step=2090 repair=0.007115 localization=0.3349 type=0.95 minimal=0.01578 physics=0.1454 total=0.2393
[TRAIN train_climax_no_range_extreme_corruption_s42] [TRAIN] stage=pretrain epoch=1/1 batch=2100/3000 step=2100 repair=0.001704 localization=0.0781 type=0.009106 minimal=0.01382 physics=0.2308 total=0.02277
[TRAIN train_climax_no_range_extreme_corruption_s42] [TRAIN] stage=pretrain epoch=1/1 batch=2110/3000 step=2110 repair=0.002669 localization=0.2222 type=1.526 minimal=0.01627 physics=0.1378 total=0.3563
[TRAIN train_climax_no_range_extreme_corruption_s42] [TRAIN] stage=pretrain epoch=1/1 batch=2120/3000 step=2120 repair=0.002669 localization=0.398 type=1.601 minimal=0.01602 physics=0.1329 total=0.374
[TRAIN train_climax_no_range_extreme_corruption_s42] [TRAIN] stage=pretrain epoch=1/1 batch=2130/3000 step=2130 repair=0.00279 localization=0.2155 type=1.145 minimal=0.017 physics=0.0501 total=0.2586
[TRAIN train_climax_no_range_extreme_corruption_s42] [TRAIN] stage=pretrain epoch=1/1 batch=2140/3000 step=2140 repair=0.008087 localization=0.3721 type=1.271 minimal=0.01436 physics=0.0697 total=0.3147
[TRAIN train_climax_no_range_extreme_corruption_s42] [TRAIN] stage=pretrain epoch=1/1 batch=2150/3000 step=2150 repair=0.002084 localization=0.383 type=1.429 minimal=0.01605 physics=0.1003 total=0.3301
[TRAIN train_climax_no_range_extreme_corruption_s42] [TRAIN] stage=pretrain epoch=1/1 batch=2160/3000 step=2160 repair=0.00201 localization=0.2158 type=1.068 minimal=0.0175 physics=0.06082 total=0.2356
[TRAIN train_climax_no_range_extreme_corruption_s42] [TRAIN] stage=pretrain epoch=1/1 batch=2170/3000 step=2170 repair=0.01806 localization=0.3683 type=1.119 minimal=0.01468 physics=0.132 total=0.3121
[TRAIN train_climax_no_range_extreme_corruption_s42] [TRAIN] stage=pretrain epoch=1/1 batch=2180/3000 step=2180 repair=0.001843 localization=0.2815 type=0.5554 minimal=0.01381 physics=0.07188 total=0.1388
[TRAIN train_climax_no_range_extreme_corruption_s42] [TRAIN] stage=pretrain epoch=1/1 batch=2190/3000 step=2190 repair=0.001617 localization=0.02454 type=0.00134 minimal=0.02168 physics=0.172 total=0.0131
[TRAIN train_climax_no_range_extreme_corruption_s42] [TRAIN] stage=pretrain epoch=1/1 batch=2200/3000 step=2200 repair=0.00134 localization=0.08279 type=0.00179 minimal=0.01534 physics=0.1568 total=0.0179
[TRAIN train_climax_no_range_extreme_corruption_s42] [TRAIN] stage=pretrain epoch=1/1 batch=2210/3000 step=2210 repair=0.001821 localization=0.2368 type=1.457 minimal=0.01407 physics=0.09627 total=0.3226
[TRAIN train_climax_no_range_extreme_corruption_s42] [TRAIN] stage=pretrain epoch=1/1 batch=2220/3000 step=2220 repair=0.002188 localization=0.2151 type=0.08206 minimal=0.01566 physics=0.1616 total=0.04731
[TRAIN train_climax_no_range_extreme_corruption_s42] [TRAIN] stage=pretrain epoch=1/1 batch=2230/3000 step=2230 repair=0.002378 localization=0.294 type=0.9561 minimal=0.01631 physics=0.09062 total=0.2368
[TRAIN train_climax_no_range_extreme_corruption_s42] [TRAIN] stage=pretrain epoch=1/1 batch=2240/3000 step=2240 repair=0.008002 localization=0.2558 type=1.345 minimal=0.0137 physics=0.6203 total=0.3422
[TRAIN train_climax_no_range_extreme_corruption_s42] [TRAIN] stage=pretrain epoch=1/1 batch=2250/3000 step=2250 repair=0.003357 localization=0.2921 type=1.59 minimal=0.01398 physics=0.0822 total=0.3544
[TRAIN train_climax_no_range_extreme_corruption_s42] [TRAIN] stage=pretrain epoch=1/1 batch=2260/3000 step=2260 repair=0.00654 localization=0.3376 type=1.263 minimal=0.01622 physics=0.06829 total=0.298
[TRAIN train_climax_no_range_extreme_corruption_s42] [TRAIN] stage=pretrain epoch=1/1 batch=2270/3000 step=2270 repair=0.002195 localization=0.3892 type=0.5857 minimal=0.01794 physics=0.04928 total=0.157
[TRAIN train_climax_no_range_extreme_corruption_s42] [TRAIN] stage=pretrain epoch=1/1 batch=2280/3000 step=2280 repair=0.00298 localization=0.3556 type=1.807 minimal=0.01481 physics=0.1575 total=0.3966
[TRAIN train_climax_no_range_extreme_corruption_s42] [TRAIN] stage=pretrain epoch=1/1 batch=2290/3000 step=2290 repair=0.001972 localization=0.271 type=0.6138 minimal=0.01369 physics=0.04818 total=0.1658
[TRAIN train_climax_no_range_extreme_corruption_s42] [TRAIN] stage=pretrain epoch=1/1 batch=2300/3000 step=2300 repair=0.001583 localization=0.2682 type=0.7563 minimal=0.01418 physics=0.06018 total=0.1844
[TRAIN train_climax_no_range_extreme_corruption_s42] [TRAIN] stage=pretrain epoch=1/1 batch=2310/3000 step=2310 repair=0.00793 localization=0.3154 type=1.962 minimal=0.01356 physics=0.1332 total=0.4428
[TRAIN train_climax_no_range_extreme_corruption_s42] [TRAIN] stage=pretrain epoch=1/1 batch=2320/3000 step=2320 repair=0.001308 localization=0.202 type=0.002353 minimal=0.01382 physics=0.1618 total=0.0302
[TRAIN train_climax_no_range_extreme_corruption_s42] [TRAIN] stage=pretrain epoch=1/1 batch=2330/3000 step=2330 repair=0.001558 localization=0.3316 type=1.003 minimal=0.01277 physics=0.03991 total=0.2329
[TRAIN train_climax_no_range_extreme_corruption_s42] [TRAIN] stage=pretrain epoch=1/1 batch=2340/3000 step=2340 repair=0.001766 localization=0.1917 type=0.7507 minimal=0.01332 physics=0.08078 total=0.1774
[TRAIN train_climax_no_range_extreme_corruption_s42] [TRAIN] stage=pretrain epoch=1/1 batch=2350/3000 step=2350 repair=0.00155 localization=0.2575 type=1.046 minimal=0.01305 physics=0.1046 total=0.2519
[TRAIN train_climax_no_range_extreme_corruption_s42] [TRAIN] stage=pretrain epoch=1/1 batch=2360/3000 step=2360 repair=0.004429 localization=0.3216 type=1.848 minimal=0.01376 physics=0.1179 total=0.4136
[TRAIN train_climax_no_range_extreme_corruption_s42] [TRAIN] stage=pretrain epoch=1/1 batch=2370/3000 step=2370 repair=0.001089 localization=0.03842 type=0.002213 minimal=0.01628 physics=0.1179 total=0.01144
[TRAIN train_climax_no_range_extreme_corruption_s42] [TRAIN] stage=pretrain epoch=1/1 batch=2380/3000 step=2380 repair=0.001657 localization=0.2459 type=0.823 minimal=0.01375 physics=0.059 total=0.1967
[TRAIN train_climax_no_range_extreme_corruption_s42] [TRAIN] stage=pretrain epoch=1/1 batch=2390/3000 step=2390 repair=0.01682 localization=0.3551 type=1.398 minimal=0.01775 physics=0.1966 total=0.3539
[TRAIN train_climax_no_range_extreme_corruption_s42] [TRAIN] stage=pretrain epoch=1/1 batch=2400/3000 step=2400 repair=0.001898 localization=0.2225 type=0.6577 minimal=0.01302 physics=0.2812 total=0.1788
[TRAIN train_climax_no_range_extreme_corruption_s42] [TRAIN] stage=pretrain epoch=1/1 batch=2410/3000 step=2410 repair=0.001297 localization=0.1716 type=0.2473 minimal=0.01313 physics=0.2065 total=0.07858
[TRAIN train_climax_no_range_extreme_corruption_s42] [TRAIN] stage=pretrain epoch=1/1 batch=2420/3000 step=2420 repair=0.002906 localization=0.2352 type=1.839 minimal=0.01322 physics=0.03882 total=0.3796
[TRAIN train_climax_no_range_extreme_corruption_s42] [TRAIN] stage=pretrain epoch=1/1 batch=2430/3000 step=2430 repair=0.006085 localization=0.23 type=1.714 minimal=0.01361 physics=0.09229 total=0.3636
[TRAIN train_climax_no_range_extreme_corruption_s42] [TRAIN] stage=pretrain epoch=1/1 batch=2440/3000 step=2440 repair=0.001525 localization=0.462 type=1.062 minimal=0.01347 physics=0.05237 total=0.2758
[TRAIN train_climax_no_range_extreme_corruption_s42] [TRAIN] stage=pretrain epoch=1/1 batch=2450/3000 step=2450 repair=0.001259 localization=0.0823 type=0.0824 minimal=0.01492 physics=0.2189 total=0.03744
[TRAIN train_climax_no_range_extreme_corruption_s42] [TRAIN] stage=pretrain epoch=1/1 batch=2460/3000 step=2460 repair=0.003337 localization=0.2164 type=1.052 minimal=0.01418 physics=0.1805 total=0.2505
[TRAIN train_climax_no_range_extreme_corruption_s42] [TRAIN] stage=pretrain epoch=1/1 batch=2470/3000 step=2470 repair=0.001327 localization=0.03296 type=0.005487 minimal=0.01874 physics=0.1404 total=0.01315
[TRAIN train_climax_no_range_extreme_corruption_s42] [TRAIN] stage=pretrain epoch=1/1 batch=2480/3000 step=2480 repair=0.002986 localization=0.3107 type=2.566 minimal=0.01651 physics=0.5286 total=0.5565
[TRAIN train_climax_no_range_extreme_corruption_s42] [TRAIN] stage=pretrain epoch=1/1 batch=2490/3000 step=2490 repair=0.0084 localization=0.3371 type=0.2003 minimal=0.01643 physics=0.1773 total=0.09181
[TRAIN train_climax_no_range_extreme_corruption_s42] [TRAIN] stage=pretrain epoch=1/1 batch=2500/3000 step=2500 repair=0.01147 localization=0.2666 type=0.2878 minimal=0.01752 physics=0.2222 total=0.1078
[TRAIN train_climax_no_range_extreme_corruption_s42] [TRAIN] stage=pretrain epoch=1/1 batch=2510/3000 step=2510 repair=0.004508 localization=0.2961 type=1.286 minimal=0.01991 physics=0.07688 total=0.3131
[TRAIN train_climax_no_range_extreme_corruption_s42] [TRAIN] stage=pretrain epoch=1/1 batch=2520/3000 step=2520 repair=0.002501 localization=0.0461 type=0.005915 minimal=0.02332 physics=0.2234 total=0.01949
[TRAIN train_climax_no_range_extreme_corruption_s42] [TRAIN] stage=pretrain epoch=1/1 batch=2530/3000 step=2530 repair=0.00253 localization=0.2975 type=0.9092 minimal=0.01859 physics=0.1188 total=0.2151
[TRAIN train_climax_no_range_extreme_corruption_s42] [TRAIN] stage=pretrain epoch=1/1 batch=2540/3000 step=2540 repair=0.003597 localization=0.2595 type=1.496 minimal=0.01785 physics=0.08689 total=0.3405
[TRAIN train_climax_no_range_extreme_corruption_s42] [TRAIN] stage=pretrain epoch=1/1 batch=2550/3000 step=2550 repair=0.002494 localization=0.1318 type=3.158 minimal=0.01557 physics=0.1338 total=0.6132
[TRAIN train_climax_no_range_extreme_corruption_s42] [TRAIN] stage=pretrain epoch=1/1 batch=2560/3000 step=2560 repair=0.003744 localization=0.381 type=1.257 minimal=0.01645 physics=0.2214 total=0.3069
[TRAIN train_climax_no_range_extreme_corruption_s42] [TRAIN] stage=pretrain epoch=1/1 batch=2570/3000 step=2570 repair=0.001819 localization=0.01678 type=0.000275 minimal=0.02875 physics=0.21 total=0.01433
[TRAIN train_climax_no_range_extreme_corruption_s42] [TRAIN] stage=pretrain epoch=1/1 batch=2580/3000 step=2580 repair=0.001557 localization=0.3207 type=1.167 minimal=0.01304 physics=0.248 total=0.2758
[TRAIN train_climax_no_range_extreme_corruption_s42] [TRAIN] stage=pretrain epoch=1/1 batch=2590/3000 step=2590 repair=0.004543 localization=0.3171 type=0.7686 minimal=0.01695 physics=0.6544 total=0.2218
[TRAIN train_climax_no_range_extreme_corruption_s42] [TRAIN] stage=pretrain epoch=1/1 batch=2600/3000 step=2600 repair=0.002657 localization=0.3238 type=0.8201 minimal=0.01848 physics=0.05452 total=0.1918
[TRAIN train_climax_no_range_extreme_corruption_s42] [TRAIN] stage=pretrain epoch=1/1 batch=2610/3000 step=2610 repair=0.003698 localization=0.257 type=0.8708 minimal=0.01711 physics=0.6743 total=0.2372
[TRAIN train_climax_no_range_extreme_corruption_s42] [TRAIN] stage=pretrain epoch=1/1 batch=2620/3000 step=2620 repair=0.008577 localization=0.02178 type=0.002041 minimal=0.04172 physics=1.52 total=0.0875
[TRAIN train_climax_no_range_extreme_corruption_s42] [TRAIN] stage=pretrain epoch=1/1 batch=2630/3000 step=2630 repair=0.003096 localization=0.1891 type=1.11 minimal=0.0159 physics=0.07683 total=0.2591
[TRAIN train_climax_no_range_extreme_corruption_s42] [TRAIN] stage=pretrain epoch=1/1 batch=2640/3000 step=2640 repair=0.005275 localization=0.3224 type=1.297 minimal=0.01689 physics=0.05041 total=0.2893
[TRAIN train_climax_no_range_extreme_corruption_s42] [TRAIN] stage=pretrain epoch=1/1 batch=2650/3000 step=2650 repair=0.006714 localization=0.3585 type=1.261 minimal=0.0175 physics=0.1573 total=0.2972
[TRAIN train_climax_no_range_extreme_corruption_s42] [TRAIN] stage=pretrain epoch=1/1 batch=2660/3000 step=2660 repair=0.002559 localization=0.09478 type=0.4323 minimal=0.01836 physics=0.2198 total=0.1129
[TRAIN train_climax_no_range_extreme_corruption_s42] [TRAIN] stage=pretrain epoch=1/1 batch=2670/3000 step=2670 repair=0.006871 localization=0.2423 type=1.488 minimal=0.01383 physics=0.1133 total=0.3379
[TRAIN train_climax_no_range_extreme_corruption_s42] [TRAIN] stage=pretrain epoch=1/1 batch=2680/3000 step=2680 repair=0.001543 localization=0.08707 type=0.00218 minimal=0.01721 physics=0.1681 total=0.01924
[TRAIN train_climax_no_range_extreme_corruption_s42] [TRAIN] stage=pretrain epoch=1/1 batch=2690/3000 step=2690 repair=0.0147 localization=0.4984 type=3.738 minimal=0.01472 physics=0.5335 total=0.8176
[TRAIN train_climax_no_range_extreme_corruption_s42] [TRAIN] stage=pretrain epoch=1/1 batch=2700/3000 step=2700 repair=0.001385 localization=0.01968 type=0.001727 minimal=0.02083 physics=0.1879 total=0.01334
[TRAIN train_climax_no_range_extreme_corruption_s42] [TRAIN] stage=pretrain epoch=1/1 batch=2710/3000 step=2710 repair=0.01123 localization=0.2472 type=0.7329 minimal=0.01353 physics=0.1646 total=0.1869
[TRAIN train_climax_no_range_extreme_corruption_s42] [TRAIN] stage=pretrain epoch=1/1 batch=2720/3000 step=2720 repair=0.00225 localization=0.2753 type=1.106 minimal=0.01398 physics=0.1187 total=0.2349
[TRAIN train_climax_no_range_extreme_corruption_s42] [TRAIN] stage=pretrain epoch=1/1 batch=2730/3000 step=2730 repair=0.001224 localization=0.1884 type=0.0164 minimal=0.01364 physics=0.418 total=0.04372
[TRAIN train_climax_no_range_extreme_corruption_s42] [TRAIN] stage=pretrain epoch=1/1 batch=2740/3000 step=2740 repair=0.002852 localization=0.3014 type=0.8232 minimal=0.01787 physics=0.2315 total=0.2198
[TRAIN train_climax_no_range_extreme_corruption_s42] [TRAIN] stage=pretrain epoch=1/1 batch=2750/3000 step=2750 repair=0.001503 localization=0.02679 type=0.00438 minimal=0.0197 physics=0.4906 total=0.02974
[TRAIN train_climax_no_range_extreme_corruption_s42] [TRAIN] stage=pretrain epoch=1/1 batch=2760/3000 step=2760 repair=0.00349 localization=0.02077 type=0.0006437 minimal=0.02611 physics=0.3089 total=0.02138
[TRAIN train_climax_no_range_extreme_corruption_s42] [TRAIN] stage=pretrain epoch=1/1 batch=2770/3000 step=2770 repair=0.001126 localization=0.0209 type=0.001498 minimal=0.01932 physics=0.1972 total=0.0135
[TRAIN train_climax_no_range_extreme_corruption_s42] [TRAIN] stage=pretrain epoch=1/1 batch=2780/3000 step=2780 repair=0.01451 localization=0.3005 type=1.099 minimal=0.01381 physics=0.1046 total=0.2783
[TRAIN train_climax_no_range_extreme_corruption_s42] [TRAIN] stage=pretrain epoch=1/1 batch=2790/3000 step=2790 repair=0.008394 localization=0.3484 type=1.113 minimal=0.01371 physics=0.07755 total=0.2625
[TRAIN train_climax_no_range_extreme_corruption_s42] [TRAIN] stage=pretrain epoch=1/1 batch=2800/3000 step=2800 repair=0.002543 localization=0.01439 type=0.0004692 minimal=0.02629 physics=0.1878 total=0.01372
[TRAIN train_climax_no_range_extreme_corruption_s42] [TRAIN] stage=pretrain epoch=1/1 batch=2810/3000 step=2810 repair=0.002944 localization=0.3146 type=4.853 minimal=0.01431 physics=0.1574 total=1.015
[TRAIN train_climax_no_range_extreme_corruption_s42] [TRAIN] stage=pretrain epoch=1/1 batch=2820/3000 step=2820 repair=0.004867 localization=0.2146 type=0.9336 minimal=0.01553 physics=0.1932 total=0.23
[TRAIN train_climax_no_range_extreme_corruption_s42] [TRAIN] stage=pretrain epoch=1/1 batch=2830/3000 step=2830 repair=0.01106 localization=0.3506 type=2.209 minimal=0.01456 physics=0.6529 total=0.5006
[TRAIN train_climax_no_range_extreme_corruption_s42] [TRAIN] stage=pretrain epoch=1/1 batch=2840/3000 step=2840 repair=0.001563 localization=0.3639 type=0.5513 minimal=0.01432 physics=0.04326 total=0.1465
[TRAIN train_climax_no_range_extreme_corruption_s42] [TRAIN] stage=pretrain epoch=1/1 batch=2850/3000 step=2850 repair=0.002452 localization=0.2593 type=0.5519 minimal=0.0166 physics=0.1363 total=0.1445
[TRAIN train_climax_no_range_extreme_corruption_s42] [TRAIN] stage=pretrain epoch=1/1 batch=2860/3000 step=2860 repair=0.002974 localization=0.2813 type=1.731 minimal=0.0151 physics=0.03018 total=0.3668
[TRAIN train_climax_no_range_extreme_corruption_s42] [TRAIN] stage=pretrain epoch=1/1 batch=2870/3000 step=2870 repair=0.001905 localization=0.2831 type=0.7039 minimal=0.01395 physics=0.1362 total=0.1916
[TRAIN train_climax_no_range_extreme_corruption_s42] [TRAIN] stage=pretrain epoch=1/1 batch=2880/3000 step=2880 repair=0.001846 localization=0.3208 type=1.043 minimal=0.0141 physics=0.1066 total=0.2483
[TRAIN train_climax_no_range_extreme_corruption_s42] [TRAIN] stage=pretrain epoch=1/1 batch=2890/3000 step=2890 repair=0.001977 localization=0.2269 type=0.7102 minimal=0.0134 physics=0.2103 total=0.1847
[TRAIN train_climax_no_range_extreme_corruption_s42] [TRAIN] stage=pretrain epoch=1/1 batch=2900/3000 step=2900 repair=0.003763 localization=0.4072 type=1.505 minimal=0.01501 physics=0.07408 total=0.3499
[TRAIN train_climax_no_range_extreme_corruption_s42] [TRAIN] stage=pretrain epoch=1/1 batch=2910/3000 step=2910 repair=0.001507 localization=0.2225 type=1.315 minimal=0.01358 physics=0.1246 total=0.2952
[TRAIN train_climax_no_range_extreme_corruption_s42] [TRAIN] stage=pretrain epoch=1/1 batch=2920/3000 step=2920 repair=0.001621 localization=0.257 type=1.169 minimal=0.01306 physics=0.2022 total=0.2674
[TRAIN train_climax_no_range_extreme_corruption_s42] [TRAIN] stage=pretrain epoch=1/1 batch=2930/3000 step=2930 repair=0.001576 localization=0.3748 type=1.109 minimal=0.01364 physics=0.08124 total=0.2573
[TRAIN train_climax_no_range_extreme_corruption_s42] [TRAIN] stage=pretrain epoch=1/1 batch=2940/3000 step=2940 repair=0.001559 localization=0.2597 type=0.5345 minimal=0.01317 physics=0.2327 total=0.1365
[TRAIN train_climax_no_range_extreme_corruption_s42] [TRAIN] stage=pretrain epoch=1/1 batch=2950/3000 step=2950 repair=0.006741 localization=0.3222 type=1.77 minimal=0.01355 physics=0.1893 total=0.3856
[TRAIN train_climax_no_range_extreme_corruption_s42] [TRAIN] stage=pretrain epoch=1/1 batch=2960/3000 step=2960 repair=0.002528 localization=0.3107 type=0.7529 minimal=0.0154 physics=0.2153 total=0.1928
[TRAIN train_climax_no_range_extreme_corruption_s42] [TRAIN] stage=pretrain epoch=1/1 batch=2970/3000 step=2970 repair=0.009907 localization=0.2412 type=1.693 minimal=0.01288 physics=0.2661 total=0.3864
[TRAIN train_climax_no_range_extreme_corruption_s42] [TRAIN] stage=pretrain epoch=1/1 batch=2980/3000 step=2980 repair=0.001964 localization=0.2233 type=1.142 minimal=0.01474 physics=0.1157 total=0.2429
[TRAIN train_climax_no_range_extreme_corruption_s42] [TRAIN] stage=pretrain epoch=1/1 batch=2990/3000 step=2990 repair=0.001169 localization=0.01308 type=0.002162 minimal=0.01711 physics=0.1951 total=0.01277
[TRAIN train_climax_no_range_extreme_corruption_s42] [TRAIN] stage=pretrain epoch=1/1 batch=3000/3000 step=3000 repair=0.001433 localization=0.0191 type=0.002332 minimal=0.01599 physics=0.1526 total=0.01154
[TRAIN train_climax_no_range_extreme_corruption_s42] [EPOCH] {'stage': 'pretrain', 'epoch': 0, 'global_step': 3000, 'train_total': 0.2889948310184603, 'val_repair_mse': 0.1302181596402079, 'elapsed_seconds': 1920.03}
[TRAIN train_climax_no_range_extreme_corruption_s42] [BEST] val_repair_mse=0.130218
[TRAIN train_climax_no_range_extreme_corruption_s42] [STAGE] finetune epochs=1 start_epoch=0
[TRAIN train_climax_no_range_extreme_corruption_s42] [TRAIN] stage=finetune epoch=1/1 batch=10/3000 step=3010 repair=0.125 localization=0 type=0 minimal=0.0304 physics=0.5866 total=0.1546
[TRAIN train_climax_no_range_extreme_corruption_s42] [TRAIN] stage=finetune epoch=1/1 batch=20/3000 step=3020 repair=0.08697 localization=0 type=0 minimal=0.03778 physics=0.4074 total=0.1077
[TRAIN train_climax_no_range_extreme_corruption_s42] [TRAIN] stage=finetune epoch=1/1 batch=30/3000 step=3030 repair=0.09518 localization=0 type=0 minimal=0.03915 physics=0.4613 total=0.1186
[TRAIN train_climax_no_range_extreme_corruption_s42] [TRAIN] stage=finetune epoch=1/1 batch=40/3000 step=3040 repair=0.1007 localization=0 type=0 minimal=0.03528 physics=0.5716 total=0.1296
[TRAIN train_climax_no_range_extreme_corruption_s42] [TRAIN] stage=finetune epoch=1/1 batch=50/3000 step=3050 repair=0.09204 localization=0 type=0 minimal=0.02995 physics=0.5121 total=0.1179
[TRAIN train_climax_no_range_extreme_corruption_s42] [TRAIN] stage=finetune epoch=1/1 batch=60/3000 step=3060 repair=0.08673 localization=0 type=0 minimal=0.03384 physics=0.5585 total=0.115
[TRAIN train_climax_no_range_extreme_corruption_s42] [TRAIN] stage=finetune epoch=1/1 batch=70/3000 step=3070 repair=0.1804 localization=0 type=0 minimal=0.03787 physics=0.9454 total=0.2281
[TRAIN train_climax_no_range_extreme_corruption_s42] [TRAIN] stage=finetune epoch=1/1 batch=80/3000 step=3080 repair=0.09999 localization=0 type=0 minimal=0.03806 physics=0.3851 total=0.1196
[TRAIN train_climax_no_range_extreme_corruption_s42] [TRAIN] stage=finetune epoch=1/1 batch=90/3000 step=3090 repair=0.1175 localization=0 type=0 minimal=0.03372 physics=0.4539 total=0.1406
[TRAIN train_climax_no_range_extreme_corruption_s42] [TRAIN] stage=finetune epoch=1/1 batch=100/3000 step=3100 repair=0.08346 localization=0 type=0 minimal=0.03571 physics=0.308 total=0.09922
[TRAIN train_climax_no_range_extreme_corruption_s42] [TRAIN] stage=finetune epoch=1/1 batch=110/3000 step=3110 repair=0.1259 localization=0 type=0 minimal=0.03644 physics=0.5126 total=0.1519
[TRAIN train_climax_no_range_extreme_corruption_s42] [TRAIN] stage=finetune epoch=1/1 batch=120/3000 step=3120 repair=0.1308 localization=0 type=0 minimal=0.03342 physics=0.4621 total=0.1543
[TRAIN train_climax_no_range_extreme_corruption_s42] [TRAIN] stage=finetune epoch=1/1 batch=130/3000 step=3130 repair=0.1236 localization=0 type=0 minimal=0.03476 physics=0.5464 total=0.1513
[TRAIN train_climax_no_range_extreme_corruption_s42] [TRAIN] stage=finetune epoch=1/1 batch=140/3000 step=3140 repair=0.09195 localization=0 type=0 minimal=0.03873 physics=0.4871 total=0.1167
[TRAIN train_climax_no_range_extreme_corruption_s42] [TRAIN] stage=finetune epoch=1/1 batch=150/3000 step=3150 repair=0.1679 localization=0 type=0 minimal=0.03476 physics=0.5381 total=0.1951
[TRAIN train_climax_no_range_extreme_corruption_s42] [TRAIN] stage=finetune epoch=1/1 batch=160/3000 step=3160 repair=0.1158 localization=0 type=0 minimal=0.03574 physics=0.559 total=0.1441
[TRAIN train_climax_no_range_extreme_corruption_s42] [TRAIN] stage=finetune epoch=1/1 batch=170/3000 step=3170 repair=0.1262 localization=0 type=0 minimal=0.03912 physics=0.5288 total=0.153
[TRAIN train_climax_no_range_extreme_corruption_s42] [TRAIN] stage=finetune epoch=1/1 batch=180/3000 step=3180 repair=0.167 localization=0 type=0 minimal=0.03607 physics=0.691 total=0.2019
[TRAIN train_climax_no_range_extreme_corruption_s42] [TRAIN] stage=finetune epoch=1/1 batch=190/3000 step=3190 repair=0.1114 localization=0 type=0 minimal=0.0361 physics=0.6462 total=0.144
[TRAIN train_climax_no_range_extreme_corruption_s42] [TRAIN] stage=finetune epoch=1/1 batch=200/3000 step=3200 repair=0.1291 localization=0 type=0 minimal=0.03711 physics=0.6481 total=0.1618
[TRAIN train_climax_no_range_extreme_corruption_s42] [TRAIN] stage=finetune epoch=1/1 batch=210/3000 step=3210 repair=0.125 localization=0 type=0 minimal=0.03897 physics=0.5492 total=0.1528
[TRAIN train_climax_no_range_extreme_corruption_s42] [TRAIN] stage=finetune epoch=1/1 batch=220/3000 step=3220 repair=0.1197 localization=0 type=0 minimal=0.03571 physics=0.4839 total=0.1443
[TRAIN train_climax_no_range_extreme_corruption_s42] [TRAIN] stage=finetune epoch=1/1 batch=230/3000 step=3230 repair=0.1272 localization=0 type=0 minimal=0.03989 physics=0.5034 total=0.1527
[TRAIN train_climax_no_range_extreme_corruption_s42] [TRAIN] stage=finetune epoch=1/1 batch=240/3000 step=3240 repair=0.1605 localization=0 type=0 minimal=0.0318 physics=0.9452 total=0.2081
[TRAIN train_climax_no_range_extreme_corruption_s42] [TRAIN] stage=finetune epoch=1/1 batch=250/3000 step=3250 repair=0.08814 localization=0 type=0 minimal=0.03046 physics=0.4133 total=0.1091
[TRAIN train_climax_no_range_extreme_corruption_s42] [TRAIN] stage=finetune epoch=1/1 batch=260/3000 step=3260 repair=0.1236 localization=0 type=0 minimal=0.03473 physics=0.7107 total=0.1595
[TRAIN train_climax_no_range_extreme_corruption_s42] [TRAIN] stage=finetune epoch=1/1 batch=270/3000 step=3270 repair=0.1225 localization=0 type=0 minimal=0.03378 physics=0.3368 total=0.1397
[TRAIN train_climax_no_range_extreme_corruption_s42] [TRAIN] stage=finetune epoch=1/1 batch=280/3000 step=3280 repair=0.149 localization=0 type=0 minimal=0.03711 physics=0.3817 total=0.1685
[TRAIN train_climax_no_range_extreme_corruption_s42] [TRAIN] stage=finetune epoch=1/1 batch=290/3000 step=3290 repair=0.1172 localization=0 type=0 minimal=0.03461 physics=0.3799 total=0.1366
[TRAIN train_climax_no_range_extreme_corruption_s42] [TRAIN] stage=finetune epoch=1/1 batch=300/3000 step=3300 repair=0.1299 localization=0 type=0 minimal=0.03479 physics=0.295 total=0.145
[TRAIN train_climax_no_range_extreme_corruption_s42] [TRAIN] stage=finetune epoch=1/1 batch=310/3000 step=3310 repair=0.1671 localization=0 type=0 minimal=0.03934 physics=0.3655 total=0.1857
[TRAIN train_climax_no_range_extreme_corruption_s42] [TRAIN] stage=finetune epoch=1/1 batch=320/3000 step=3320 repair=0.1216 localization=0 type=0 minimal=0.03589 physics=0.3348 total=0.1387
[TRAIN train_climax_no_range_extreme_corruption_s42] [TRAIN] stage=finetune epoch=1/1 batch=330/3000 step=3330 repair=0.1751 localization=0 type=0 minimal=0.02956 physics=0.7688 total=0.2138
[TRAIN train_climax_no_range_extreme_corruption_s42] [TRAIN] stage=finetune epoch=1/1 batch=340/3000 step=3340 repair=0.08079 localization=0 type=0 minimal=0.03989 physics=0.386 total=0.1005
[TRAIN train_climax_no_range_extreme_corruption_s42] [TRAIN] stage=finetune epoch=1/1 batch=350/3000 step=3350 repair=0.08033 localization=0 type=0 minimal=0.0358 physics=0.2837 total=0.09487
[TRAIN train_climax_no_range_extreme_corruption_s42] [TRAIN] stage=finetune epoch=1/1 batch=360/3000 step=3360 repair=0.1236 localization=0 type=0 minimal=0.03442 physics=0.4118 total=0.1445
[TRAIN train_climax_no_range_extreme_corruption_s42] [TRAIN] stage=finetune epoch=1/1 batch=370/3000 step=3370 repair=0.07616 localization=0 type=0 minimal=0.043 physics=0.3957 total=0.09638
[TRAIN train_climax_no_range_extreme_corruption_s42] [TRAIN] stage=finetune epoch=1/1 batch=380/3000 step=3380 repair=0.1285 localization=0 type=0 minimal=0.03983 physics=0.5009 total=0.1539
[TRAIN train_climax_no_range_extreme_corruption_s42] [TRAIN] stage=finetune epoch=1/1 batch=390/3000 step=3390 repair=0.1257 localization=0 type=0 minimal=0.03946 physics=0.6278 total=0.1575
[TRAIN train_climax_no_range_extreme_corruption_s42] [TRAIN] stage=finetune epoch=1/1 batch=400/3000 step=3400 repair=0.1355 localization=0 type=0 minimal=0.0379 physics=0.5801 total=0.1649
[TRAIN train_climax_no_range_extreme_corruption_s42] [TRAIN] stage=finetune epoch=1/1 batch=410/3000 step=3410 repair=0.1732 localization=0 type=0 minimal=0.03992 physics=0.6267 total=0.2049
[TRAIN train_climax_no_range_extreme_corruption_s42] [TRAIN] stage=finetune epoch=1/1 batch=420/3000 step=3420 repair=0.09105 localization=0 type=0 minimal=0.04395 physics=0.3472 total=0.1089
[TRAIN train_climax_no_range_extreme_corruption_s42] [TRAIN] stage=finetune epoch=1/1 batch=430/3000 step=3430 repair=0.1273 localization=0 type=0 minimal=0.03955 physics=0.3959 total=0.1475
[TRAIN train_climax_no_range_extreme_corruption_s42] [TRAIN] stage=finetune epoch=1/1 batch=440/3000 step=3440 repair=0.09116 localization=0 type=0 minimal=0.03845 physics=0.6073 total=0.1219
[TRAIN train_climax_no_range_extreme_corruption_s42] [TRAIN] stage=finetune epoch=1/1 batch=450/3000 step=3450 repair=0.1329 localization=0 type=0 minimal=0.03854 physics=0.4493 total=0.1558
[TRAIN train_climax_no_range_extreme_corruption_s42] [TRAIN] stage=finetune epoch=1/1 batch=460/3000 step=3460 repair=0.09512 localization=0 type=0 minimal=0.04541 physics=0.4191 total=0.1165
[TRAIN train_climax_no_range_extreme_corruption_s42] [TRAIN] stage=finetune epoch=1/1 batch=470/3000 step=3470 repair=0.1629 localization=0 type=0 minimal=0.03787 physics=0.4723 total=0.1869
[TRAIN train_climax_no_range_extreme_corruption_s42] [TRAIN] stage=finetune epoch=1/1 batch=480/3000 step=3480 repair=0.08304 localization=0 type=0 minimal=0.0383 physics=0.3792 total=0.1024
[TRAIN train_climax_no_range_extreme_corruption_s42] [TRAIN] stage=finetune epoch=1/1 batch=490/3000 step=3490 repair=0.1263 localization=0 type=0 minimal=0.04205 physics=0.4078 total=0.1471
[TRAIN train_climax_no_range_extreme_corruption_s42] [TRAIN] stage=finetune epoch=1/1 batch=500/3000 step=3500 repair=0.1177 localization=0 type=0 minimal=0.04205 physics=0.4245 total=0.1393
[TRAIN train_climax_no_range_extreme_corruption_s42] [TRAIN] stage=finetune epoch=1/1 batch=510/3000 step=3510 repair=0.08498 localization=0 type=0 minimal=0.03897 physics=0.4729 total=0.109
[TRAIN train_climax_no_range_extreme_corruption_s42] [TRAIN] stage=finetune epoch=1/1 batch=520/3000 step=3520 repair=0.1236 localization=0 type=0 minimal=0.0376 physics=0.6641 total=0.1572
[TRAIN train_climax_no_range_extreme_corruption_s42] [TRAIN] stage=finetune epoch=1/1 batch=530/3000 step=3530 repair=0.1145 localization=0 type=0 minimal=0.03448 physics=0.6523 total=0.1474
[TRAIN train_climax_no_range_extreme_corruption_s42] [TRAIN] stage=finetune epoch=1/1 batch=540/3000 step=3540 repair=0.1317 localization=0 type=0 minimal=0.03845 physics=0.5796 total=0.161
[TRAIN train_climax_no_range_extreme_corruption_s42] [TRAIN] stage=finetune epoch=1/1 batch=550/3000 step=3550 repair=0.1165 localization=0 type=0 minimal=0.03845 physics=0.6468 total=0.1492
[TRAIN train_climax_no_range_extreme_corruption_s42] [TRAIN] stage=finetune epoch=1/1 batch=560/3000 step=3560 repair=0.1268 localization=0 type=0 minimal=0.03552 physics=0.6756 total=0.161
[TRAIN train_climax_no_range_extreme_corruption_s42] [TRAIN] stage=finetune epoch=1/1 batch=570/3000 step=3570 repair=0.09156 localization=0 type=0 minimal=0.03714 physics=0.6919 total=0.1265
[TRAIN train_climax_no_range_extreme_corruption_s42] [TRAIN] stage=finetune epoch=1/1 batch=580/3000 step=3580 repair=0.1224 localization=0 type=0 minimal=0.03766 physics=0.6255 total=0.1541
[TRAIN train_climax_no_range_extreme_corruption_s42] [TRAIN] stage=finetune epoch=1/1 batch=590/3000 step=3590 repair=0.08513 localization=0 type=0 minimal=0.04257 physics=0.5254 total=0.1118
[TRAIN train_climax_no_range_extreme_corruption_s42] [TRAIN] stage=finetune epoch=1/1 batch=600/3000 step=3600 repair=0.09174 localization=0 type=0 minimal=0.04126 physics=0.5133 total=0.1178
[TRAIN train_climax_no_range_extreme_corruption_s42] [TRAIN] stage=finetune epoch=1/1 batch=610/3000 step=3610 repair=0.1178 localization=0 type=0 minimal=0.04395 physics=0.4417 total=0.1403
[TRAIN train_climax_no_range_extreme_corruption_s42] [TRAIN] stage=finetune epoch=1/1 batch=620/3000 step=3620 repair=0.09638 localization=0 type=0 minimal=0.04123 physics=0.4944 total=0.1215
[TRAIN train_climax_no_range_extreme_corruption_s42] [TRAIN] stage=finetune epoch=1/1 batch=630/3000 step=3630 repair=0.08396 localization=0 type=0 minimal=0.03973 physics=0.493 total=0.109
[TRAIN train_climax_no_range_extreme_corruption_s42] [TRAIN] stage=finetune epoch=1/1 batch=640/3000 step=3640 repair=0.08272 localization=0 type=0 minimal=0.0383 physics=0.3488 total=0.1005
[TRAIN train_climax_no_range_extreme_corruption_s42] [TRAIN] stage=finetune epoch=1/1 batch=650/3000 step=3650 repair=0.1621 localization=0 type=0 minimal=0.04184 physics=0.4013 total=0.1826
[TRAIN train_climax_no_range_extreme_corruption_s42] [TRAIN] stage=finetune epoch=1/1 batch=660/3000 step=3660 repair=0.1146 localization=0 type=0 minimal=0.03964 physics=0.4083 total=0.1354
[TRAIN train_climax_no_range_extreme_corruption_s42] [TRAIN] stage=finetune epoch=1/1 batch=670/3000 step=3670 repair=0.08651 localization=0 type=0 minimal=0.03943 physics=0.5158 total=0.1127
[TRAIN train_climax_no_range_extreme_corruption_s42] [TRAIN] stage=finetune epoch=1/1 batch=680/3000 step=3680 repair=0.1219 localization=0 type=0 minimal=0.0433 physics=0.3251 total=0.1386
[TRAIN train_climax_no_range_extreme_corruption_s42] [TRAIN] stage=finetune epoch=1/1 batch=690/3000 step=3690 repair=0.134 localization=0 type=0 minimal=0.04111 physics=0.2998 total=0.1494
[TRAIN train_climax_no_range_extreme_corruption_s42] [TRAIN] stage=finetune epoch=1/1 batch=700/3000 step=3700 repair=0.1658 localization=0 type=0 minimal=0.04117 physics=0.276 total=0.18
[TRAIN train_climax_no_range_extreme_corruption_s42] [TRAIN] stage=finetune epoch=1/1 batch=710/3000 step=3710 repair=0.09045 localization=0 type=0 minimal=0.04263 physics=0.4082 total=0.1113
[TRAIN train_climax_no_range_extreme_corruption_s42] [TRAIN] stage=finetune epoch=1/1 batch=720/3000 step=3720 repair=0.1564 localization=0 type=0 minimal=0.043 physics=0.3346 total=0.1736
[TRAIN train_climax_no_range_extreme_corruption_s42] [TRAIN] stage=finetune epoch=1/1 batch=730/3000 step=3730 repair=0.09161 localization=0 type=0 minimal=0.03836 physics=0.2696 total=0.1055
[TRAIN train_climax_no_range_extreme_corruption_s42] [TRAIN] stage=finetune epoch=1/1 batch=740/3000 step=3740 repair=0.1585 localization=0 type=0 minimal=0.04007 physics=0.3362 total=0.1757
[TRAIN train_climax_no_range_extreme_corruption_s42] [TRAIN] stage=finetune epoch=1/1 batch=750/3000 step=3750 repair=0.08541 localization=0 type=0 minimal=0.03467 physics=0.6086 total=0.1162
[TRAIN train_climax_no_range_extreme_corruption_s42] [TRAIN] stage=finetune epoch=1/1 batch=760/3000 step=3760 repair=0.08487 localization=0 type=0 minimal=0.04044 physics=0.46 total=0.1083
[TRAIN train_climax_no_range_extreme_corruption_s42] [TRAIN] stage=finetune epoch=1/1 batch=770/3000 step=3770 repair=0.1183 localization=0 type=0 minimal=0.04242 physics=0.3862 total=0.138
[TRAIN train_climax_no_range_extreme_corruption_s42] [TRAIN] stage=finetune epoch=1/1 batch=780/3000 step=3780 repair=0.1217 localization=0 type=0 minimal=0.03427 physics=0.5142 total=0.1477
[TRAIN train_climax_no_range_extreme_corruption_s42] [TRAIN] stage=finetune epoch=1/1 batch=790/3000 step=3790 repair=0.08725 localization=0 type=0 minimal=0.04007 physics=0.2953 total=0.1024
[TRAIN train_climax_no_range_extreme_corruption_s42] [TRAIN] stage=finetune epoch=1/1 batch=800/3000 step=3800 repair=0.1189 localization=0 type=0 minimal=0.04285 physics=0.2871 total=0.1336
[TRAIN train_climax_no_range_extreme_corruption_s42] [TRAIN] stage=finetune epoch=1/1 batch=810/3000 step=3810 repair=0.07759 localization=0 type=0 minimal=0.04251 physics=0.2241 total=0.08922
[TRAIN train_climax_no_range_extreme_corruption_s42] [TRAIN] stage=finetune epoch=1/1 batch=820/3000 step=3820 repair=0.1205 localization=0 type=0 minimal=0.04456 physics=0.3156 total=0.1367
[TRAIN train_climax_no_range_extreme_corruption_s42] [TRAIN] stage=finetune epoch=1/1 batch=830/3000 step=3830 repair=0.1114 localization=0 type=0 minimal=0.04044 physics=0.3256 total=0.1281
[TRAIN train_climax_no_range_extreme_corruption_s42] [TRAIN] stage=finetune epoch=1/1 batch=840/3000 step=3840 repair=0.1419 localization=0 type=0 minimal=0.04541 physics=0.3801 total=0.1614
[TRAIN train_climax_no_range_extreme_corruption_s42] [TRAIN] stage=finetune epoch=1/1 batch=850/3000 step=3850 repair=0.1168 localization=0 type=0 minimal=0.04385 physics=0.3435 total=0.1344
[TRAIN train_climax_no_range_extreme_corruption_s42] [TRAIN] stage=finetune epoch=1/1 batch=860/3000 step=3860 repair=0.1206 localization=0 type=0 minimal=0.0426 physics=0.3711 total=0.1396
[TRAIN train_climax_no_range_extreme_corruption_s42] [TRAIN] stage=finetune epoch=1/1 batch=870/3000 step=3870 repair=0.1231 localization=0 type=0 minimal=0.0437 physics=0.2825 total=0.1377
[TRAIN train_climax_no_range_extreme_corruption_s42] [TRAIN] stage=finetune epoch=1/1 batch=880/3000 step=3880 repair=0.1269 localization=0 type=0 minimal=0.0444 physics=0.2923 total=0.1419
[TRAIN train_climax_no_range_extreme_corruption_s42] [TRAIN] stage=finetune epoch=1/1 batch=890/3000 step=3890 repair=0.08675 localization=0 type=0 minimal=0.04367 physics=0.2845 total=0.1014
[TRAIN train_climax_no_range_extreme_corruption_s42] [TRAIN] stage=finetune epoch=1/1 batch=900/3000 step=3900 repair=0.08556 localization=0 type=0 minimal=0.04285 physics=0.3399 total=0.103
[TRAIN train_climax_no_range_extreme_corruption_s42] [TRAIN] stage=finetune epoch=1/1 batch=910/3000 step=3910 repair=0.08214 localization=0 type=0 minimal=0.04178 physics=0.3016 total=0.09764
[TRAIN train_climax_no_range_extreme_corruption_s42] [TRAIN] stage=finetune epoch=1/1 batch=920/3000 step=3920 repair=0.1227 localization=0 type=0 minimal=0.04147 physics=0.4671 total=0.1465
[TRAIN train_climax_no_range_extreme_corruption_s42] [TRAIN] stage=finetune epoch=1/1 batch=930/3000 step=3930 repair=0.08569 localization=0 type=0 minimal=0.04355 physics=0.2921 total=0.1007
[TRAIN train_climax_no_range_extreme_corruption_s42] [TRAIN] stage=finetune epoch=1/1 batch=940/3000 step=3940 repair=0.08268 localization=0 type=0 minimal=0.04077 physics=0.3909 total=0.1026
[TRAIN train_climax_no_range_extreme_corruption_s42] [TRAIN] stage=finetune epoch=1/1 batch=950/3000 step=3950 repair=0.1231 localization=0 type=0 minimal=0.0386 physics=0.4286 total=0.1449
[TRAIN train_climax_no_range_extreme_corruption_s42] [TRAIN] stage=finetune epoch=1/1 batch=960/3000 step=3960 repair=0.08421 localization=0 type=0 minimal=0.04135 physics=0.6052 total=0.1149
[TRAIN train_climax_no_range_extreme_corruption_s42] [TRAIN] stage=finetune epoch=1/1 batch=970/3000 step=3970 repair=0.1726 localization=0 type=0 minimal=0.04126 physics=0.3591 total=0.191
[TRAIN train_climax_no_range_extreme_corruption_s42] [TRAIN] stage=finetune epoch=1/1 batch=980/3000 step=3980 repair=0.1307 localization=0 type=0 minimal=0.04584 physics=0.6225 total=0.1622
[TRAIN train_climax_no_range_extreme_corruption_s42] [TRAIN] stage=finetune epoch=1/1 batch=990/3000 step=3990 repair=0.1646 localization=0 type=0 minimal=0.04388 physics=0.4811 total=0.1891
[TRAIN train_climax_no_range_extreme_corruption_s42] [TRAIN] stage=finetune epoch=1/1 batch=1000/3000 step=4000 repair=0.0813 localization=0 type=0 minimal=0.03885 physics=0.3633 total=0.09985
[TRAIN train_climax_no_range_extreme_corruption_s42] [TRAIN] stage=finetune epoch=1/1 batch=1010/3000 step=4010 repair=0.07852 localization=0 type=0 minimal=0.03766 physics=0.2297 total=0.09038
[TRAIN train_climax_no_range_extreme_corruption_s42] [TRAIN] stage=finetune epoch=1/1 batch=1020/3000 step=4020 repair=0.1243 localization=0 type=0 minimal=0.04318 physics=0.3974 total=0.1446
[TRAIN train_climax_no_range_extreme_corruption_s42] [TRAIN] stage=finetune epoch=1/1 batch=1030/3000 step=4030 repair=0.1807 localization=0 type=0 minimal=0.0481 physics=0.4423 total=0.2033
[TRAIN train_climax_no_range_extreme_corruption_s42] [TRAIN] stage=finetune epoch=1/1 batch=1040/3000 step=4040 repair=0.1145 localization=0 type=0 minimal=0.04572 physics=0.4921 total=0.1395
[TRAIN train_climax_no_range_extreme_corruption_s42] [TRAIN] stage=finetune epoch=1/1 batch=1050/3000 step=4050 repair=0.1589 localization=0 type=0 minimal=0.04373 physics=0.3722 total=0.1779
[TRAIN train_climax_no_range_extreme_corruption_s42] [TRAIN] stage=finetune epoch=1/1 batch=1060/3000 step=4060 repair=0.09505 localization=0 type=0 minimal=0.04593 physics=0.3562 total=0.1133
[TRAIN train_climax_no_range_extreme_corruption_s42] [TRAIN] stage=finetune epoch=1/1 batch=1070/3000 step=4070 repair=0.1229 localization=0 type=0 minimal=0.04791 physics=0.3015 total=0.1385
[TRAIN train_climax_no_range_extreme_corruption_s42] [TRAIN] stage=finetune epoch=1/1 batch=1080/3000 step=4080 repair=0.1228 localization=0 type=0 minimal=0.04352 physics=0.3554 total=0.141
[TRAIN train_climax_no_range_extreme_corruption_s42] [TRAIN] stage=finetune epoch=1/1 batch=1090/3000 step=4090 repair=0.08613 localization=0 type=0 minimal=0.04651 physics=0.3243 total=0.1028
[TRAIN train_climax_no_range_extreme_corruption_s42] [TRAIN] stage=finetune epoch=1/1 batch=1100/3000 step=4100 repair=0.1183 localization=0 type=0 minimal=0.04572 physics=0.4131 total=0.1394
[TRAIN train_climax_no_range_extreme_corruption_s42] [TRAIN] stage=finetune epoch=1/1 batch=1110/3000 step=4110 repair=0.07915 localization=0 type=0 minimal=0.048 physics=0.3862 total=0.09894
[TRAIN train_climax_no_range_extreme_corruption_s42] [TRAIN] stage=finetune epoch=1/1 batch=1120/3000 step=4120 repair=0.1551 localization=0 type=0 minimal=0.04593 physics=0.5761 total=0.1844
[TRAIN train_climax_no_range_extreme_corruption_s42] [TRAIN] stage=finetune epoch=1/1 batch=1130/3000 step=4130 repair=0.08151 localization=0 type=0 minimal=0.04248 physics=0.5226 total=0.1081
[TRAIN train_climax_no_range_extreme_corruption_s42] [TRAIN] stage=finetune epoch=1/1 batch=1140/3000 step=4140 repair=0.07565 localization=0 type=0 minimal=0.04718 physics=0.4607 total=0.09916
[TRAIN train_climax_no_range_extreme_corruption_s42] [TRAIN] stage=finetune epoch=1/1 batch=1150/3000 step=4150 repair=0.0819 localization=0 type=0 minimal=0.0459 physics=0.4774 total=0.1062
[TRAIN train_climax_no_range_extreme_corruption_s42] [TRAIN] stage=finetune epoch=1/1 batch=1160/3000 step=4160 repair=0.1231 localization=0 type=0 minimal=0.04688 physics=0.4477 total=0.1459
[TRAIN train_climax_no_range_extreme_corruption_s42] [TRAIN] stage=finetune epoch=1/1 batch=1170/3000 step=4170 repair=0.08644 localization=0 type=0 minimal=0.0502 physics=0.482 total=0.111
[TRAIN train_climax_no_range_extreme_corruption_s42] [TRAIN] stage=finetune epoch=1/1 batch=1180/3000 step=4180 repair=0.09045 localization=0 type=0 minimal=0.04987 physics=0.4316 total=0.1125
[TRAIN train_climax_no_range_extreme_corruption_s42] [TRAIN] stage=finetune epoch=1/1 batch=1190/3000 step=4190 repair=0.12 localization=0 type=0 minimal=0.05112 physics=0.5902 total=0.15
[TRAIN train_climax_no_range_extreme_corruption_s42] [TRAIN] stage=finetune epoch=1/1 batch=1200/3000 step=4200 repair=0.1518 localization=0 type=0 minimal=0.05334 physics=0.68 total=0.1863
[TRAIN train_climax_no_range_extreme_corruption_s42] [TRAIN] stage=finetune epoch=1/1 batch=1210/3000 step=4210 repair=0.08108 localization=0 type=0 minimal=0.04761 physics=0.6528 total=0.1142
[TRAIN train_climax_no_range_extreme_corruption_s42] [TRAIN] stage=finetune epoch=1/1 batch=1220/3000 step=4220 repair=0.08084 localization=0 type=0 minimal=0.04694 physics=0.6054 total=0.1116
[TRAIN train_climax_no_range_extreme_corruption_s42] [TRAIN] stage=finetune epoch=1/1 batch=1230/3000 step=4230 repair=0.1828 localization=0 type=0 minimal=0.05081 physics=0.6763 total=0.2171
[TRAIN train_climax_no_range_extreme_corruption_s42] [TRAIN] stage=finetune epoch=1/1 batch=1240/3000 step=4240 repair=0.09334 localization=0 type=0 minimal=0.04654 physics=0.7431 total=0.131
[TRAIN train_climax_no_range_extreme_corruption_s42] [TRAIN] stage=finetune epoch=1/1 batch=1250/3000 step=4250 repair=0.1625 localization=0 type=0 minimal=0.04498 physics=0.7614 total=0.2011
[TRAIN train_climax_no_range_extreme_corruption_s42] [TRAIN] stage=finetune epoch=1/1 batch=1260/3000 step=4260 repair=0.1307 localization=0 type=0 minimal=0.05215 physics=0.8499 total=0.1737
[TRAIN train_climax_no_range_extreme_corruption_s42] [TRAIN] stage=finetune epoch=1/1 batch=1270/3000 step=4270 repair=0.08712 localization=0 type=0 minimal=0.04782 physics=0.6118 total=0.1182
[TRAIN train_climax_no_range_extreme_corruption_s42] [TRAIN] stage=finetune epoch=1/1 batch=1280/3000 step=4280 repair=0.1232 localization=0 type=0 minimal=0.04666 physics=0.5665 total=0.152
[TRAIN train_climax_no_range_extreme_corruption_s42] [TRAIN] stage=finetune epoch=1/1 batch=1290/3000 step=4290 repair=0.08649 localization=0 type=0 minimal=0.05115 physics=0.415 total=0.1077
[TRAIN train_climax_no_range_extreme_corruption_s42] [TRAIN] stage=finetune epoch=1/1 batch=1300/3000 step=4300 repair=0.1215 localization=0 type=0 minimal=0.04944 physics=0.4771 total=0.1458
[TRAIN train_climax_no_range_extreme_corruption_s42] [TRAIN] stage=finetune epoch=1/1 batch=1310/3000 step=4310 repair=0.09584 localization=0 type=0 minimal=0.04639 physics=0.4978 total=0.1212
[TRAIN train_climax_no_range_extreme_corruption_s42] [TRAIN] stage=finetune epoch=1/1 batch=1320/3000 step=4320 repair=0.07938 localization=0 type=0 minimal=0.0397 physics=0.5346 total=0.1065
[TRAIN train_climax_no_range_extreme_corruption_s42] [TRAIN] stage=finetune epoch=1/1 batch=1330/3000 step=4330 repair=0.1297 localization=0 type=0 minimal=0.04782 physics=0.5552 total=0.1579
[TRAIN train_climax_no_range_extreme_corruption_s42] [TRAIN] stage=finetune epoch=1/1 batch=1340/3000 step=4340 repair=0.1182 localization=0 type=0 minimal=0.05289 physics=0.5871 total=0.1481
[TRAIN train_climax_no_range_extreme_corruption_s42] [TRAIN] stage=finetune epoch=1/1 batch=1350/3000 step=4350 repair=0.133 localization=0 type=0 minimal=0.05441 physics=0.5566 total=0.1613
[TRAIN train_climax_no_range_extreme_corruption_s42] [TRAIN] stage=finetune epoch=1/1 batch=1360/3000 step=4360 repair=0.1426 localization=0 type=0 minimal=0.04846 physics=0.4396 total=0.165
[TRAIN train_climax_no_range_extreme_corruption_s42] [TRAIN] stage=finetune epoch=1/1 batch=1370/3000 step=4370 repair=0.1375 localization=0 type=0 minimal=0.05008 physics=0.4207 total=0.1591
[TRAIN train_climax_no_range_extreme_corruption_s42] [TRAIN] stage=finetune epoch=1/1 batch=1380/3000 step=4380 repair=0.1855 localization=0 type=0 minimal=0.05035 physics=0.3813 total=0.2051
[TRAIN train_climax_no_range_extreme_corruption_s42] [TRAIN] stage=finetune epoch=1/1 batch=1390/3000 step=4390 repair=0.07311 localization=0 type=0 minimal=0.05157 physics=0.5757 total=0.1024
[TRAIN train_climax_no_range_extreme_corruption_s42] [TRAIN] stage=finetune epoch=1/1 batch=1400/3000 step=4400 repair=0.1147 localization=0 type=0 minimal=0.05029 physics=0.5288 total=0.1417
[TRAIN train_climax_no_range_extreme_corruption_s42] [TRAIN] stage=finetune epoch=1/1 batch=1410/3000 step=4410 repair=0.08281 localization=0 type=0 minimal=0.05133 physics=0.4852 total=0.1076
[TRAIN train_climax_no_range_extreme_corruption_s42] [TRAIN] stage=finetune epoch=1/1 batch=1420/3000 step=4420 repair=0.08563 localization=0 type=0 minimal=0.05164 physics=0.4369 total=0.108
[TRAIN train_climax_no_range_extreme_corruption_s42] [TRAIN] stage=finetune epoch=1/1 batch=1430/3000 step=4430 repair=0.0756 localization=0 type=0 minimal=0.04904 physics=0.4078 total=0.09649
[TRAIN train_climax_no_range_extreme_corruption_s42] [TRAIN] stage=finetune epoch=1/1 batch=1440/3000 step=4440 repair=0.07547 localization=0 type=0 minimal=0.05069 physics=0.628 total=0.1074
[TRAIN train_climax_no_range_extreme_corruption_s42] [TRAIN] stage=finetune epoch=1/1 batch=1450/3000 step=4450 repair=0.1184 localization=0 type=0 minimal=0.05017 physics=0.6421 total=0.151
[TRAIN train_climax_no_range_extreme_corruption_s42] [TRAIN] stage=finetune epoch=1/1 batch=1460/3000 step=4460 repair=0.1251 localization=0 type=0 minimal=0.04971 physics=0.6336 total=0.1572
[TRAIN train_climax_no_range_extreme_corruption_s42] [TRAIN] stage=finetune epoch=1/1 batch=1470/3000 step=4470 repair=0.1357 localization=0 type=0 minimal=0.05023 physics=0.5585 total=0.1641
[TRAIN train_climax_no_range_extreme_corruption_s42] [TRAIN] stage=finetune epoch=1/1 batch=1480/3000 step=4480 repair=0.1282 localization=0 type=0 minimal=0.05206 physics=0.4708 total=0.1522
[TRAIN train_climax_no_range_extreme_corruption_s42] [TRAIN] stage=finetune epoch=1/1 batch=1490/3000 step=4490 repair=0.0838 localization=0 type=0 minimal=0.05093 physics=0.41 total=0.1048
[TRAIN train_climax_no_range_extreme_corruption_s42] [TRAIN] stage=finetune epoch=1/1 batch=1500/3000 step=4500 repair=0.1547 localization=0 type=0 minimal=0.04803 physics=0.5119 total=0.1808
[TRAIN train_climax_no_range_extreme_corruption_s42] [TRAIN] stage=finetune epoch=1/1 batch=1510/3000 step=4510 repair=0.08767 localization=0 type=0 minimal=0.05298 physics=0.5325 total=0.1148
[TRAIN train_climax_no_range_extreme_corruption_s42] [TRAIN] stage=finetune epoch=1/1 batch=1520/3000 step=4520 repair=0.08623 localization=0 type=0 minimal=0.05188 physics=0.4147 total=0.1075
[TRAIN train_climax_no_range_extreme_corruption_s42] [TRAIN] stage=finetune epoch=1/1 batch=1530/3000 step=4530 repair=0.08585 localization=0 type=0 minimal=0.05243 physics=0.4276 total=0.1078
[TRAIN train_climax_no_range_extreme_corruption_s42] [TRAIN] stage=finetune epoch=1/1 batch=1540/3000 step=4540 repair=0.09955 localization=0 type=0 minimal=0.05453 physics=0.443 total=0.1222
[TRAIN train_climax_no_range_extreme_corruption_s42] [TRAIN] stage=finetune epoch=1/1 batch=1550/3000 step=4550 repair=0.08127 localization=0 type=0 minimal=0.05203 physics=0.5179 total=0.1077
[TRAIN train_climax_no_range_extreme_corruption_s42] [TRAIN] stage=finetune epoch=1/1 batch=1560/3000 step=4560 repair=0.08811 localization=0 type=0 minimal=0.05014 physics=0.4779 total=0.1125
[TRAIN train_climax_no_range_extreme_corruption_s42] [TRAIN] stage=finetune epoch=1/1 batch=1570/3000 step=4570 repair=0.0754 localization=0 type=0 minimal=0.05078 physics=0.4306 total=0.09744
[TRAIN train_climax_no_range_extreme_corruption_s42] [TRAIN] stage=finetune epoch=1/1 batch=1580/3000 step=4580 repair=0.08163 localization=0 type=0 minimal=0.05252 physics=0.5095 total=0.1076
[TRAIN train_climax_no_range_extreme_corruption_s42] [TRAIN] stage=finetune epoch=1/1 batch=1590/3000 step=4590 repair=0.1139 localization=0 type=0 minimal=0.05209 physics=0.5076 total=0.1398
[TRAIN train_climax_no_range_extreme_corruption_s42] [TRAIN] stage=finetune epoch=1/1 batch=1600/3000 step=4600 repair=0.1295 localization=0 type=0 minimal=0.05252 physics=0.4744 total=0.1537
[TRAIN train_climax_no_range_extreme_corruption_s42] [TRAIN] stage=finetune epoch=1/1 batch=1610/3000 step=4610 repair=0.07084 localization=0 type=0 minimal=0.04419 physics=0.7095 total=0.1068
[TRAIN train_climax_no_range_extreme_corruption_s42] [TRAIN] stage=finetune epoch=1/1 batch=1620/3000 step=4620 repair=0.1063 localization=0 type=0 minimal=0.04898 physics=0.5354 total=0.1336
[TRAIN train_climax_no_range_extreme_corruption_s42] [TRAIN] stage=finetune epoch=1/1 batch=1630/3000 step=4630 repair=0.1901 localization=0 type=0 minimal=0.04962 physics=0.7276 total=0.2269
[TRAIN train_climax_no_range_extreme_corruption_s42] [TRAIN] stage=finetune epoch=1/1 batch=1640/3000 step=4640 repair=0.1254 localization=0 type=0 minimal=0.05325 physics=0.5456 total=0.1532
[TRAIN train_climax_no_range_extreme_corruption_s42] [TRAIN] stage=finetune epoch=1/1 batch=1650/3000 step=4650 repair=0.09363 localization=0 type=0 minimal=0.05179 physics=0.4734 total=0.1178
[TRAIN train_climax_no_range_extreme_corruption_s42] [TRAIN] stage=finetune epoch=1/1 batch=1660/3000 step=4660 repair=0.07602 localization=0 type=0 minimal=0.05054 physics=0.5487 total=0.104
[TRAIN train_climax_no_range_extreme_corruption_s42] [TRAIN] stage=finetune epoch=1/1 batch=1670/3000 step=4670 repair=0.1052 localization=0 type=0 minimal=0.0513 physics=0.4976 total=0.1306
[TRAIN train_climax_no_range_extreme_corruption_s42] [TRAIN] stage=finetune epoch=1/1 batch=1680/3000 step=4680 repair=0.1314 localization=0 type=0 minimal=0.05771 physics=0.4801 total=0.156
[TRAIN train_climax_no_range_extreme_corruption_s42] [TRAIN] stage=finetune epoch=1/1 batch=1690/3000 step=4690 repair=0.1167 localization=0 type=0 minimal=0.04776 physics=0.5048 total=0.1424
[TRAIN train_climax_no_range_extreme_corruption_s42] [TRAIN] stage=finetune epoch=1/1 batch=1700/3000 step=4700 repair=0.08154 localization=0 type=0 minimal=0.05347 physics=0.4931 total=0.1067
[TRAIN train_climax_no_range_extreme_corruption_s42] [TRAIN] stage=finetune epoch=1/1 batch=1710/3000 step=4710 repair=0.1557 localization=0 type=0 minimal=0.05289 physics=0.6473 total=0.1886
[TRAIN train_climax_no_range_extreme_corruption_s42] [TRAIN] stage=finetune epoch=1/1 batch=1720/3000 step=4720 repair=0.08439 localization=0 type=0 minimal=0.05151 physics=0.4702 total=0.1084
[TRAIN train_climax_no_range_extreme_corruption_s42] [TRAIN] stage=finetune epoch=1/1 batch=1730/3000 step=4730 repair=0.08962 localization=0 type=0 minimal=0.04974 physics=0.4985 total=0.115
[TRAIN train_climax_no_range_extreme_corruption_s42] [TRAIN] stage=finetune epoch=1/1 batch=1740/3000 step=4740 repair=0.07879 localization=0 type=0 minimal=0.05304 physics=0.5512 total=0.1069
[TRAIN train_climax_no_range_extreme_corruption_s42] [TRAIN] stage=finetune epoch=1/1 batch=1750/3000 step=4750 repair=0.08415 localization=0 type=0 minimal=0.05576 physics=0.4111 total=0.1053
[TRAIN train_climax_no_range_extreme_corruption_s42] [TRAIN] stage=finetune epoch=1/1 batch=1760/3000 step=4760 repair=0.08246 localization=0 type=0 minimal=0.0538 physics=0.4255 total=0.1043
[TRAIN train_climax_no_range_extreme_corruption_s42] [TRAIN] stage=finetune epoch=1/1 batch=1770/3000 step=4770 repair=0.1645 localization=0 type=0 minimal=0.04663 physics=0.3709 total=0.1835
[TRAIN train_climax_no_range_extreme_corruption_s42] [TRAIN] stage=finetune epoch=1/1 batch=1780/3000 step=4780 repair=0.08179 localization=0 type=0 minimal=0.0531 physics=0.4866 total=0.1067
[TRAIN train_climax_no_range_extreme_corruption_s42] [TRAIN] stage=finetune epoch=1/1 batch=1790/3000 step=4790 repair=0.1201 localization=0 type=0 minimal=0.05362 physics=0.3985 total=0.1406
[TRAIN train_climax_no_range_extreme_corruption_s42] [TRAIN] stage=finetune epoch=1/1 batch=1800/3000 step=4800 repair=0.08453 localization=0 type=0 minimal=0.05597 physics=0.5542 total=0.1128
[TRAIN train_climax_no_range_extreme_corruption_s42] [TRAIN] stage=finetune epoch=1/1 batch=1810/3000 step=4810 repair=0.08465 localization=0 type=0 minimal=0.05621 physics=0.5601 total=0.1132
[TRAIN train_climax_no_range_extreme_corruption_s42] [TRAIN] stage=finetune epoch=1/1 batch=1820/3000 step=4820 repair=0.1457 localization=0 type=0 minimal=0.05222 physics=0.6562 total=0.179
[TRAIN train_climax_no_range_extreme_corruption_s42] [TRAIN] stage=finetune epoch=1/1 batch=1830/3000 step=4830 repair=0.1275 localization=0 type=0 minimal=0.05313 physics=0.5729 total=0.1567
[TRAIN train_climax_no_range_extreme_corruption_s42] [TRAIN] stage=finetune epoch=1/1 batch=1840/3000 step=4840 repair=0.07281 localization=0 type=0 minimal=0.05743 physics=0.6141 total=0.1041
[TRAIN train_climax_no_range_extreme_corruption_s42] [TRAIN] stage=finetune epoch=1/1 batch=1850/3000 step=4850 repair=0.1153 localization=0 type=0 minimal=0.05167 physics=0.6456 total=0.1481
[TRAIN train_climax_no_range_extreme_corruption_s42] [TRAIN] stage=finetune epoch=1/1 batch=1860/3000 step=4860 repair=0.09007 localization=0 type=0 minimal=0.05295 physics=0.5653 total=0.1189
[TRAIN train_climax_no_range_extreme_corruption_s42] [TRAIN] stage=finetune epoch=1/1 batch=1870/3000 step=4870 repair=0.1234 localization=0 type=0 minimal=0.05725 physics=0.7335 total=0.1607
[TRAIN train_climax_no_range_extreme_corruption_s42] [TRAIN] stage=finetune epoch=1/1 batch=1880/3000 step=4880 repair=0.1319 localization=0 type=0 minimal=0.05066 physics=0.5896 total=0.1619
[TRAIN train_climax_no_range_extreme_corruption_s42] [TRAIN] stage=finetune epoch=1/1 batch=1890/3000 step=4890 repair=0.08535 localization=0 type=0 minimal=0.05414 physics=0.6263 total=0.1172
[TRAIN train_climax_no_range_extreme_corruption_s42] [TRAIN] stage=finetune epoch=1/1 batch=1900/3000 step=4900 repair=0.1309 localization=0 type=0 minimal=0.05704 physics=0.5412 total=0.1586
[TRAIN train_climax_no_range_extreme_corruption_s42] [TRAIN] stage=finetune epoch=1/1 batch=1910/3000 step=4910 repair=0.1499 localization=0 type=0 minimal=0.05435 physics=0.6594 total=0.1834
[TRAIN train_climax_no_range_extreme_corruption_s42] [TRAIN] stage=finetune epoch=1/1 batch=1920/3000 step=4920 repair=0.1598 localization=0 type=0 minimal=0.05246 physics=0.4276 total=0.1817
[TRAIN train_climax_no_range_extreme_corruption_s42] [TRAIN] stage=finetune epoch=1/1 batch=1930/3000 step=4930 repair=0.08001 localization=0 type=0 minimal=0.05212 physics=0.4787 total=0.1045
[TRAIN train_climax_no_range_extreme_corruption_s42] [TRAIN] stage=finetune epoch=1/1 batch=1940/3000 step=4940 repair=0.1659 localization=0 type=0 minimal=0.05493 physics=0.4035 total=0.1867
[TRAIN train_climax_no_range_extreme_corruption_s42] [TRAIN] stage=finetune epoch=1/1 batch=1950/3000 step=4950 repair=0.1152 localization=0 type=0 minimal=0.05667 physics=0.4555 total=0.1385
[TRAIN train_climax_no_range_extreme_corruption_s42] [TRAIN] stage=finetune epoch=1/1 batch=1960/3000 step=4960 repair=0.1239 localization=0 type=0 minimal=0.05341 physics=0.5168 total=0.1503
[TRAIN train_climax_no_range_extreme_corruption_s42] [TRAIN] stage=finetune epoch=1/1 batch=1970/3000 step=4970 repair=0.1752 localization=0 type=0 minimal=0.04901 physics=0.8156 total=0.2165
[TRAIN train_climax_no_range_extreme_corruption_s42] [TRAIN] stage=finetune epoch=1/1 batch=1980/3000 step=4980 repair=0.118 localization=0 type=0 minimal=0.0585 physics=0.7501 total=0.1561
[TRAIN train_climax_no_range_extreme_corruption_s42] [TRAIN] stage=finetune epoch=1/1 batch=1990/3000 step=4990 repair=0.07325 localization=0 type=0 minimal=0.05463 physics=0.5438 total=0.101
[TRAIN train_climax_no_range_extreme_corruption_s42] [TRAIN] stage=finetune epoch=1/1 batch=2000/3000 step=5000 repair=0.1161 localization=0 type=0 minimal=0.05692 physics=0.6032 total=0.1468
[TRAIN train_climax_no_range_extreme_corruption_s42] [TRAIN] stage=finetune epoch=1/1 batch=2010/3000 step=5010 repair=0.124 localization=0 type=0 minimal=0.04861 physics=0.4655 total=0.1477
[TRAIN train_climax_no_range_extreme_corruption_s42] [TRAIN] stage=finetune epoch=1/1 batch=2020/3000 step=5020 repair=0.1176 localization=0 type=0 minimal=0.05496 physics=0.7341 total=0.1549
[TRAIN train_climax_no_range_extreme_corruption_s42] [TRAIN] stage=finetune epoch=1/1 batch=2030/3000 step=5030 repair=0.0968 localization=0 type=0 minimal=0.05112 physics=0.4935 total=0.122
[TRAIN train_climax_no_range_extreme_corruption_s42] [TRAIN] stage=finetune epoch=1/1 batch=2040/3000 step=5040 repair=0.09054 localization=0 type=0 minimal=0.05569 physics=0.5093 total=0.1166
[TRAIN train_climax_no_range_extreme_corruption_s42] [TRAIN] stage=finetune epoch=1/1 batch=2050/3000 step=5050 repair=0.07079 localization=0 type=0 minimal=0.05475 physics=0.5122 total=0.09695
[TRAIN train_climax_no_range_extreme_corruption_s42] [TRAIN] stage=finetune epoch=1/1 batch=2060/3000 step=5060 repair=0.1258 localization=0 type=0 minimal=0.05356 physics=0.5352 total=0.1531
[TRAIN train_climax_no_range_extreme_corruption_s42] [TRAIN] stage=finetune epoch=1/1 batch=2070/3000 step=5070 repair=0.122 localization=0 type=0 minimal=0.04608 physics=0.6225 total=0.1536
[TRAIN train_climax_no_range_extreme_corruption_s42] [TRAIN] stage=finetune epoch=1/1 batch=2080/3000 step=5080 repair=0.1175 localization=0 type=0 minimal=0.0585 physics=0.7434 total=0.1553
[TRAIN train_climax_no_range_extreme_corruption_s42] [TRAIN] stage=finetune epoch=1/1 batch=2090/3000 step=5090 repair=0.08396 localization=0 type=0 minimal=0.05298 physics=0.5063 total=0.1098
[TRAIN train_climax_no_range_extreme_corruption_s42] [TRAIN] stage=finetune epoch=1/1 batch=2100/3000 step=5100 repair=0.09295 localization=0 type=0 minimal=0.05722 physics=0.4848 total=0.1178
[TRAIN train_climax_no_range_extreme_corruption_s42] [TRAIN] stage=finetune epoch=1/1 batch=2110/3000 step=5110 repair=0.1237 localization=0 type=0 minimal=0.05713 physics=0.6488 total=0.1568
[TRAIN train_climax_no_range_extreme_corruption_s42] [TRAIN] stage=finetune epoch=1/1 batch=2120/3000 step=5120 repair=0.1566 localization=0 type=0 minimal=0.05298 physics=0.5776 total=0.186
[TRAIN train_climax_no_range_extreme_corruption_s42] [TRAIN] stage=finetune epoch=1/1 batch=2130/3000 step=5130 repair=0.1181 localization=0 type=0 minimal=0.05298 physics=0.6148 total=0.1494
[TRAIN train_climax_no_range_extreme_corruption_s42] [TRAIN] stage=finetune epoch=1/1 batch=2140/3000 step=5140 repair=0.08893 localization=0 type=0 minimal=0.05176 physics=0.3238 total=0.1056
[TRAIN train_climax_no_range_extreme_corruption_s42] [TRAIN] stage=finetune epoch=1/1 batch=2150/3000 step=5150 repair=0.1622 localization=0 type=0 minimal=0.04767 physics=0.5867 total=0.192
[TRAIN train_climax_no_range_extreme_corruption_s42] [TRAIN] stage=finetune epoch=1/1 batch=2160/3000 step=5160 repair=0.07842 localization=0 type=0 minimal=0.05582 physics=0.332 total=0.09558
[TRAIN train_climax_no_range_extreme_corruption_s42] [TRAIN] stage=finetune epoch=1/1 batch=2170/3000 step=5170 repair=0.1146 localization=0 type=0 minimal=0.0528 physics=0.5143 total=0.1408
[TRAIN train_climax_no_range_extreme_corruption_s42] [TRAIN] stage=finetune epoch=1/1 batch=2180/3000 step=5180 repair=0.1134 localization=0 type=0 minimal=0.05258 physics=0.4741 total=0.1376
[TRAIN train_climax_no_range_extreme_corruption_s42] [TRAIN] stage=finetune epoch=1/1 batch=2190/3000 step=5190 repair=0.08102 localization=0 type=0 minimal=0.05057 physics=0.3415 total=0.0986
[TRAIN train_climax_no_range_extreme_corruption_s42] [TRAIN] stage=finetune epoch=1/1 batch=2200/3000 step=5200 repair=0.1144 localization=0 type=0 minimal=0.05569 physics=0.3544 total=0.1327
[TRAIN train_climax_no_range_extreme_corruption_s42] [TRAIN] stage=finetune epoch=1/1 batch=2210/3000 step=5210 repair=0.1201 localization=0 type=0 minimal=0.0517 physics=0.3224 total=0.1368
[TRAIN train_climax_no_range_extreme_corruption_s42] [TRAIN] stage=finetune epoch=1/1 batch=2220/3000 step=5220 repair=0.07793 localization=0 type=0 minimal=0.05826 physics=0.3164 total=0.09433
[TRAIN train_climax_no_range_extreme_corruption_s42] [TRAIN] stage=finetune epoch=1/1 batch=2230/3000 step=5230 repair=0.07944 localization=0 type=0 minimal=0.06274 physics=0.3706 total=0.09859
[TRAIN train_climax_no_range_extreme_corruption_s42] [TRAIN] stage=finetune epoch=1/1 batch=2240/3000 step=5240 repair=0.08493 localization=0 type=0 minimal=0.05154 physics=0.3185 total=0.1014
[TRAIN train_climax_no_range_extreme_corruption_s42] [TRAIN] stage=finetune epoch=1/1 batch=2250/3000 step=5250 repair=0.1155 localization=0 type=0 minimal=0.05402 physics=0.4645 total=0.1393
[TRAIN train_climax_no_range_extreme_corruption_s42] [TRAIN] stage=finetune epoch=1/1 batch=2260/3000 step=5260 repair=0.08064 localization=0 type=0 minimal=0.06165 physics=0.4185 total=0.1022
[TRAIN train_climax_no_range_extreme_corruption_s42] [TRAIN] stage=finetune epoch=1/1 batch=2270/3000 step=5270 repair=0.1176 localization=0 type=0 minimal=0.06171 physics=0.4486 total=0.1407
[TRAIN train_climax_no_range_extreme_corruption_s42] [TRAIN] stage=finetune epoch=1/1 batch=2280/3000 step=5280 repair=0.08088 localization=0 type=0 minimal=0.06107 physics=0.3565 total=0.09932
[TRAIN train_climax_no_range_extreme_corruption_s42] [TRAIN] stage=finetune epoch=1/1 batch=2290/3000 step=5290 repair=0.06984 localization=0 type=0 minimal=0.06549 physics=0.3109 total=0.08604
[TRAIN train_climax_no_range_extreme_corruption_s42] [TRAIN] stage=finetune epoch=1/1 batch=2300/3000 step=5300 repair=0.1148 localization=0 type=0 minimal=0.05249 physics=0.5385 total=0.1422
[TRAIN train_climax_no_range_extreme_corruption_s42] [TRAIN] stage=finetune epoch=1/1 batch=2310/3000 step=5310 repair=0.09705 localization=0 type=0 minimal=0.05063 physics=0.4146 total=0.1183
[TRAIN train_climax_no_range_extreme_corruption_s42] [TRAIN] stage=finetune epoch=1/1 batch=2320/3000 step=5320 repair=0.1166 localization=0 type=0 minimal=0.05563 physics=0.4284 total=0.1386
[TRAIN train_climax_no_range_extreme_corruption_s42] [TRAIN] stage=finetune epoch=1/1 batch=2330/3000 step=5330 repair=0.1572 localization=0 type=0 minimal=0.04965 physics=0.4427 total=0.1798
[TRAIN train_climax_no_range_extreme_corruption_s42] [TRAIN] stage=finetune epoch=1/1 batch=2340/3000 step=5340 repair=0.08146 localization=0 type=0 minimal=0.05704 physics=0.401 total=0.1021
[TRAIN train_climax_no_range_extreme_corruption_s42] [TRAIN] stage=finetune epoch=1/1 batch=2350/3000 step=5350 repair=0.1268 localization=0 type=0 minimal=0.05673 physics=0.5348 total=0.1541
[TRAIN train_climax_no_range_extreme_corruption_s42] [TRAIN] stage=finetune epoch=1/1 batch=2360/3000 step=5360 repair=0.1294 localization=0 type=0 minimal=0.06274 physics=0.4502 total=0.1525
[TRAIN train_climax_no_range_extreme_corruption_s42] [TRAIN] stage=finetune epoch=1/1 batch=2370/3000 step=5370 repair=0.1285 localization=0 type=0 minimal=0.05179 physics=0.4404 total=0.151
[TRAIN train_climax_no_range_extreme_corruption_s42] [TRAIN] stage=finetune epoch=1/1 batch=2380/3000 step=5380 repair=0.1105 localization=0 type=0 minimal=0.05615 physics=0.3625 total=0.1292
[TRAIN train_climax_no_range_extreme_corruption_s42] [TRAIN] stage=finetune epoch=1/1 batch=2390/3000 step=5390 repair=0.1292 localization=0 type=0 minimal=0.06036 physics=0.3805 total=0.1488
[TRAIN train_climax_no_range_extreme_corruption_s42] [TRAIN] stage=finetune epoch=1/1 batch=2400/3000 step=5400 repair=0.1232 localization=0 type=0 minimal=0.04929 physics=0.713 total=0.1593
[TRAIN train_climax_no_range_extreme_corruption_s42] [TRAIN] stage=finetune epoch=1/1 batch=2410/3000 step=5410 repair=0.1236 localization=0 type=0 minimal=0.05396 physics=0.4604 total=0.1472
[TRAIN train_climax_no_range_extreme_corruption_s42] [TRAIN] stage=finetune epoch=1/1 batch=2420/3000 step=5420 repair=0.16 localization=0 type=0 minimal=0.05716 physics=0.359 total=0.1785
[TRAIN train_climax_no_range_extreme_corruption_s42] [TRAIN] stage=finetune epoch=1/1 batch=2430/3000 step=5430 repair=0.1349 localization=0 type=0 minimal=0.05081 physics=0.6046 total=0.1657
[TRAIN train_climax_no_range_extreme_corruption_s42] [TRAIN] stage=finetune epoch=1/1 batch=2440/3000 step=5440 repair=0.07863 localization=0 type=0 minimal=0.04431 physics=0.2773 total=0.09294
[TRAIN train_climax_no_range_extreme_corruption_s42] [TRAIN] stage=finetune epoch=1/1 batch=2450/3000 step=5450 repair=0.1204 localization=0 type=0 minimal=0.04788 physics=0.4628 total=0.144
[TRAIN train_climax_no_range_extreme_corruption_s42] [TRAIN] stage=finetune epoch=1/1 batch=2460/3000 step=5460 repair=0.1175 localization=0 type=0 minimal=0.05087 physics=0.3091 total=0.1335
[TRAIN train_climax_no_range_extreme_corruption_s42] [TRAIN] stage=finetune epoch=1/1 batch=2470/3000 step=5470 repair=0.106 localization=0 type=0 minimal=0.05746 physics=0.363 total=0.1247
[TRAIN train_climax_no_range_extreme_corruption_s42] [TRAIN] stage=finetune epoch=1/1 batch=2480/3000 step=5480 repair=0.09019 localization=0 type=0 minimal=0.05826 physics=0.4784 total=0.1147
[TRAIN train_climax_no_range_extreme_corruption_s42] [TRAIN] stage=finetune epoch=1/1 batch=2490/3000 step=5490 repair=0.1295 localization=0 type=0 minimal=0.05365 physics=0.3101 total=0.1455
[TRAIN train_climax_no_range_extreme_corruption_s42] [TRAIN] stage=finetune epoch=1/1 batch=2500/3000 step=5500 repair=0.07994 localization=0 type=0 minimal=0.05905 physics=0.4002 total=0.1005
[TRAIN train_climax_no_range_extreme_corruption_s42] [TRAIN] stage=finetune epoch=1/1 batch=2510/3000 step=5510 repair=0.08499 localization=0 type=0 minimal=0.0527 physics=0.4125 total=0.1061
[TRAIN train_climax_no_range_extreme_corruption_s42] [TRAIN] stage=finetune epoch=1/1 batch=2520/3000 step=5520 repair=0.1126 localization=0 type=0 minimal=0.05472 physics=0.5481 total=0.1406
[TRAIN train_climax_no_range_extreme_corruption_s42] [TRAIN] stage=finetune epoch=1/1 batch=2530/3000 step=5530 repair=0.06801 localization=0 type=0 minimal=0.0585 physics=0.4258 total=0.08989
[TRAIN train_climax_no_range_extreme_corruption_s42] [TRAIN] stage=finetune epoch=1/1 batch=2540/3000 step=5540 repair=0.08621 localization=0 type=0 minimal=0.05328 physics=0.3723 total=0.1054
[TRAIN train_climax_no_range_extreme_corruption_s42] [TRAIN] stage=finetune epoch=1/1 batch=2550/3000 step=5550 repair=0.07931 localization=0 type=0 minimal=0.05673 physics=0.3493 total=0.09734
[TRAIN train_climax_no_range_extreme_corruption_s42] [TRAIN] stage=finetune epoch=1/1 batch=2560/3000 step=5560 repair=0.07084 localization=0 type=0 minimal=0.06268 physics=0.3267 total=0.08781
[TRAIN train_climax_no_range_extreme_corruption_s42] [TRAIN] stage=finetune epoch=1/1 batch=2570/3000 step=5570 repair=0.07308 localization=0 type=0 minimal=0.06299 physics=0.4609 total=0.09675
[TRAIN train_climax_no_range_extreme_corruption_s42] [TRAIN] stage=finetune epoch=1/1 batch=2580/3000 step=5580 repair=0.08687 localization=0 type=0 minimal=0.06726 physics=0.4083 total=0.108
[TRAIN train_climax_no_range_extreme_corruption_s42] [TRAIN] stage=finetune epoch=1/1 batch=2590/3000 step=5590 repair=0.1248 localization=0 type=0 minimal=0.05673 physics=0.4278 total=0.1468
[TRAIN train_climax_no_range_extreme_corruption_s42] [TRAIN] stage=finetune epoch=1/1 batch=2600/3000 step=5600 repair=0.1273 localization=0 type=0 minimal=0.05991 physics=0.4384 total=0.1498
[TRAIN train_climax_no_range_extreme_corruption_s42] [TRAIN] stage=finetune epoch=1/1 batch=2610/3000 step=5610 repair=0.08148 localization=0 type=0 minimal=0.06152 physics=0.4819 total=0.1062
[TRAIN train_climax_no_range_extreme_corruption_s42] [TRAIN] stage=finetune epoch=1/1 batch=2620/3000 step=5620 repair=0.1189 localization=0 type=0 minimal=0.06305 physics=0.3866 total=0.1389
[TRAIN train_climax_no_range_extreme_corruption_s42] [TRAIN] stage=finetune epoch=1/1 batch=2630/3000 step=5630 repair=0.1203 localization=0 type=0 minimal=0.0416 physics=0.3395 total=0.1377
[TRAIN train_climax_no_range_extreme_corruption_s42] [TRAIN] stage=finetune epoch=1/1 batch=2640/3000 step=5640 repair=0.1204 localization=0 type=0 minimal=0.04898 physics=0.4632 total=0.144
[TRAIN train_climax_no_range_extreme_corruption_s42] [TRAIN] stage=finetune epoch=1/1 batch=2650/3000 step=5650 repair=0.1425 localization=0 type=0 minimal=0.04794 physics=0.5023 total=0.1681
[TRAIN train_climax_no_range_extreme_corruption_s42] [TRAIN] stage=finetune epoch=1/1 batch=2660/3000 step=5660 repair=0.122 localization=0 type=0 minimal=0.05267 physics=0.5063 total=0.1478
[TRAIN train_climax_no_range_extreme_corruption_s42] [TRAIN] stage=finetune epoch=1/1 batch=2670/3000 step=5670 repair=0.1224 localization=0 type=0 minimal=0.05716 physics=0.3599 total=0.141
[TRAIN train_climax_no_range_extreme_corruption_s42] [TRAIN] stage=finetune epoch=1/1 batch=2680/3000 step=5680 repair=0.1316 localization=0 type=0 minimal=0.05505 physics=0.3669 total=0.1505
[TRAIN train_climax_no_range_extreme_corruption_s42] [TRAIN] stage=finetune epoch=1/1 batch=2690/3000 step=5690 repair=0.07645 localization=0 type=0 minimal=0.05731 physics=0.4749 total=0.1008
[TRAIN train_climax_no_range_extreme_corruption_s42] [TRAIN] stage=finetune epoch=1/1 batch=2700/3000 step=5700 repair=0.1249 localization=0 type=0 minimal=0.05081 physics=0.7192 total=0.1614
[TRAIN train_climax_no_range_extreme_corruption_s42] [TRAIN] stage=finetune epoch=1/1 batch=2710/3000 step=5710 repair=0.1558 localization=0 type=0 minimal=0.03741 physics=0.725 total=0.1924
[TRAIN train_climax_no_range_extreme_corruption_s42] [TRAIN] stage=finetune epoch=1/1 batch=2720/3000 step=5720 repair=0.1194 localization=0 type=0 minimal=0.05017 physics=0.3775 total=0.1388
[TRAIN train_climax_no_range_extreme_corruption_s42] [TRAIN] stage=finetune epoch=1/1 batch=2730/3000 step=5730 repair=0.0942 localization=0 type=0 minimal=0.05869 physics=0.3301 total=0.1113
[TRAIN train_climax_no_range_extreme_corruption_s42] [TRAIN] stage=finetune epoch=1/1 batch=2740/3000 step=5740 repair=0.1763 localization=0 type=0 minimal=0.05051 physics=0.3732 total=0.1955
[TRAIN train_climax_no_range_extreme_corruption_s42] [TRAIN] stage=finetune epoch=1/1 batch=2750/3000 step=5750 repair=0.07872 localization=0 type=0 minimal=0.05835 physics=0.2663 total=0.09262
[TRAIN train_climax_no_range_extreme_corruption_s42] [TRAIN] stage=finetune epoch=1/1 batch=2760/3000 step=5760 repair=0.163 localization=0 type=0 minimal=0.05389 physics=0.3947 total=0.1833
[TRAIN train_climax_no_range_extreme_corruption_s42] [TRAIN] stage=finetune epoch=1/1 batch=2770/3000 step=5770 repair=0.12 localization=0 type=0 minimal=0.05054 physics=0.522 total=0.1466
[TRAIN train_climax_no_range_extreme_corruption_s42] [TRAIN] stage=finetune epoch=1/1 batch=2780/3000 step=5780 repair=0.09179 localization=0 type=0 minimal=0.05524 physics=0.5594 total=0.1203
[TRAIN train_climax_no_range_extreme_corruption_s42] [TRAIN] stage=finetune epoch=1/1 batch=2790/3000 step=5790 repair=0.1226 localization=0 type=0 minimal=0.05481 physics=0.6238 total=0.1543
[TRAIN train_climax_no_range_extreme_corruption_s42] [TRAIN] stage=finetune epoch=1/1 batch=2800/3000 step=5800 repair=0.1524 localization=0 type=0 minimal=0.05582 physics=0.5257 total=0.1792
[TRAIN train_climax_no_range_extreme_corruption_s42] [TRAIN] stage=finetune epoch=1/1 batch=2810/3000 step=5810 repair=0.08157 localization=0 type=0 minimal=0.05701 physics=0.5387 total=0.1091
[TRAIN train_climax_no_range_extreme_corruption_s42] [TRAIN] stage=finetune epoch=1/1 batch=2820/3000 step=5820 repair=0.07172 localization=0 type=0 minimal=0.05969 physics=0.4778 total=0.0962
[TRAIN train_climax_no_range_extreme_corruption_s42] [TRAIN] stage=finetune epoch=1/1 batch=2830/3000 step=5830 repair=0.1515 localization=0 type=0 minimal=0.05179 physics=0.5882 total=0.1814
[TRAIN train_climax_no_range_extreme_corruption_s42] [TRAIN] stage=finetune epoch=1/1 batch=2840/3000 step=5840 repair=0.1317 localization=0 type=0 minimal=0.0596 physics=0.6515 total=0.1649
[TRAIN train_climax_no_range_extreme_corruption_s42] [TRAIN] stage=finetune epoch=1/1 batch=2850/3000 step=5850 repair=0.132 localization=0 type=0 minimal=0.06155 physics=0.4935 total=0.1573
[TRAIN train_climax_no_range_extreme_corruption_s42] [TRAIN] stage=finetune epoch=1/1 batch=2860/3000 step=5860 repair=0.1243 localization=0 type=0 minimal=0.06097 physics=0.6474 total=0.1573
[TRAIN train_climax_no_range_extreme_corruption_s42] [TRAIN] stage=finetune epoch=1/1 batch=2870/3000 step=5870 repair=0.1047 localization=0 type=0 minimal=0.05896 physics=0.6441 total=0.1375
[TRAIN train_climax_no_range_extreme_corruption_s42] [TRAIN] stage=finetune epoch=1/1 batch=2880/3000 step=5880 repair=0.1063 localization=0 type=0 minimal=0.05994 physics=0.3812 total=0.126
[TRAIN train_climax_no_range_extreme_corruption_s42] [TRAIN] stage=finetune epoch=1/1 batch=2890/3000 step=5890 repair=0.08666 localization=0 type=0 minimal=0.05661 physics=0.3766 total=0.1061
[TRAIN train_climax_no_range_extreme_corruption_s42] [TRAIN] stage=finetune epoch=1/1 batch=2900/3000 step=5900 repair=0.1214 localization=0 type=0 minimal=0.05624 physics=0.4153 total=0.1428
[TRAIN train_climax_no_range_extreme_corruption_s42] [TRAIN] stage=finetune epoch=1/1 batch=2910/3000 step=5910 repair=0.1277 localization=0 type=0 minimal=0.06046 physics=0.4213 total=0.1494
[TRAIN train_climax_no_range_extreme_corruption_s42] [TRAIN] stage=finetune epoch=1/1 batch=2920/3000 step=5920 repair=0.1745 localization=0 type=0 minimal=0.05225 physics=0.4868 total=0.1994
[TRAIN train_climax_no_range_extreme_corruption_s42] [TRAIN] stage=finetune epoch=1/1 batch=2930/3000 step=5930 repair=0.1198 localization=0 type=0 minimal=0.05292 physics=0.5079 total=0.1457
[TRAIN train_climax_no_range_extreme_corruption_s42] [TRAIN] stage=finetune epoch=1/1 batch=2940/3000 step=5940 repair=0.1092 localization=0 type=0 minimal=0.0546 physics=0.4623 total=0.1328
[TRAIN train_climax_no_range_extreme_corruption_s42] [TRAIN] stage=finetune epoch=1/1 batch=2950/3000 step=5950 repair=0.1672 localization=0 type=0 minimal=0.05438 physics=0.501 total=0.1928
[TRAIN train_climax_no_range_extreme_corruption_s42] [TRAIN] stage=finetune epoch=1/1 batch=2960/3000 step=5960 repair=0.1261 localization=0 type=0 minimal=0.06421 physics=0.4379 total=0.1486
[TRAIN train_climax_no_range_extreme_corruption_s42] [TRAIN] stage=finetune epoch=1/1 batch=2970/3000 step=5970 repair=0.1547 localization=0 type=0 minimal=0.05106 physics=0.361 total=0.1733
[TRAIN train_climax_no_range_extreme_corruption_s42] [TRAIN] stage=finetune epoch=1/1 batch=2980/3000 step=5980 repair=0.08112 localization=0 type=0 minimal=0.05557 physics=0.3538 total=0.09937
[TRAIN train_climax_no_range_extreme_corruption_s42] [TRAIN] stage=finetune epoch=1/1 batch=2990/3000 step=5990 repair=0.1278 localization=0 type=0 minimal=0.05341 physics=0.5037 total=0.1536
[TRAIN train_climax_no_range_extreme_corruption_s42] [TRAIN] stage=finetune epoch=1/1 batch=3000/3000 step=6000 repair=0.1173 localization=0 type=0 minimal=0.05658 physics=0.4 total=0.1379
[TRAIN train_climax_no_range_extreme_corruption_s42] [EPOCH] {'stage': 'finetune', 'epoch': 0, 'global_step': 6000, 'train_total': 0.17951207918922107, 'val_repair_mse': 0.11959766456857324, 'elapsed_seconds': 3675.68}
[TRAIN train_climax_no_range_extreme_corruption_s42] [BEST] val_repair_mse=0.119598
[TRAIN train_climax_no_range_extreme_corruption_s42] [TRAIN COMPLETE] {
[TRAIN train_climax_no_range_extreme_corruption_s42]   "run_id": "prelim20_train_climax_no_range_extreme_corruption_s42",
[TRAIN train_climax_no_range_extreme_corruption_s42]   "status": "completed",
[TRAIN train_climax_no_range_extreme_corruption_s42]   "method": "no_range_extreme_corruption",
[TRAIN train_climax_no_range_extreme_corruption_s42]   "backbone": "climax",
[TRAIN train_climax_no_range_extreme_corruption_s42]   "seed": 42,
[TRAIN train_climax_no_range_extreme_corruption_s42]   "forecast_provider": "zarr_frozen_fm",
[TRAIN train_climax_no_range_extreme_corruption_s42]   "best_val_repair_mse": 0.11959766456857324,
[TRAIN train_climax_no_range_extreme_corruption_s42]   "global_step": 6000,
[TRAIN train_climax_no_range_extreme_corruption_s42]   "elapsed_seconds": 3675.81,
[TRAIN train_climax_no_range_extreme_corruption_s42]   "checkpoint_best": "/home/tahiti/ConserveFM/runs/prelim20_train/train_climax_no_range_extreme_corruption_s42/checkpoint_best.pt",
[TRAIN train_climax_no_range_extreme_corruption_s42]   "checkpoint_last": "/home/tahiti/ConserveFM/runs/prelim20_train/train_climax_no_range_extreme_corruption_s42/checkpoint_last.pt"
[TRAIN train_climax_no_range_extreme_corruption_s42] }
