[TRAIN train_climax_no_spectral_constraint_s42] [SETUP] device=cuda
[TRAIN train_climax_no_spectral_constraint_s42] [SETUP] run_id=prelim20_train_climax_no_spectral_constraint_s42 method=no_spectral_constraint backbone=climax
[TRAIN train_climax_no_spectral_constraint_s42] [FORECAST] using frozen forecast cache: /home/tahiti/ConserveFM/forecasts/climax.zarr
[TRAIN train_climax_no_spectral_constraint_s42] [STAGE] pretrain epochs=1 start_epoch=0
[TRAIN train_climax_no_spectral_constraint_s42] [TRAIN] stage=pretrain epoch=1/1 batch=10/3000 step=10 repair=0.03634 localization=0.4715 type=3.386 minimal=0.1462 physics=2.43 total=0.7571
[TRAIN train_climax_no_spectral_constraint_s42] [TRAIN] stage=pretrain epoch=1/1 batch=20/3000 step=20 repair=0.01913 localization=0.3233 type=1.593 minimal=0.1039 physics=0.9196 total=0.3456
[TRAIN train_climax_no_spectral_constraint_s42] [TRAIN] stage=pretrain epoch=1/1 batch=30/3000 step=30 repair=0.01165 localization=0.3834 type=1.307 minimal=0.08148 physics=1.062 total=0.2346
[TRAIN train_climax_no_spectral_constraint_s42] [TRAIN] stage=pretrain epoch=1/1 batch=40/3000 step=40 repair=0.02461 localization=0.3497 type=1.743 minimal=0.07086 physics=1.353 total=0.3751
[TRAIN train_climax_no_spectral_constraint_s42] [TRAIN] stage=pretrain epoch=1/1 batch=50/3000 step=50 repair=0.007322 localization=0.3669 type=2.532 minimal=0.05765 physics=1.336 total=0.5468
[TRAIN train_climax_no_spectral_constraint_s42] [TRAIN] stage=pretrain epoch=1/1 batch=60/3000 step=60 repair=0.004602 localization=0.2636 type=2.395 minimal=0.04294 physics=0.7581 total=0.3675
[TRAIN train_climax_no_spectral_constraint_s42] [TRAIN] stage=pretrain epoch=1/1 batch=70/3000 step=70 repair=0.007625 localization=0.2777 type=1.447 minimal=0.03491 physics=1.253 total=0.2431
[TRAIN train_climax_no_spectral_constraint_s42] [TRAIN] stage=pretrain epoch=1/1 batch=80/3000 step=80 repair=0.007074 localization=0.2677 type=2.365 minimal=0.03955 physics=0.5379 total=0.4122
[TRAIN train_climax_no_spectral_constraint_s42] [TRAIN] stage=pretrain epoch=1/1 batch=90/3000 step=90 repair=0.006421 localization=0.3408 type=1.156 minimal=0.04077 physics=0.4156 total=0.1773
[TRAIN train_climax_no_spectral_constraint_s42] [TRAIN] stage=pretrain epoch=1/1 batch=100/3000 step=100 repair=0.009378 localization=0.2736 type=1.886 minimal=0.05289 physics=0.3687 total=0.2443
[TRAIN train_climax_no_spectral_constraint_s42] [TRAIN] stage=pretrain epoch=1/1 batch=110/3000 step=110 repair=0.008489 localization=0.2372 type=1.33 minimal=0.04047 physics=0.181 total=0.208
[TRAIN train_climax_no_spectral_constraint_s42] [TRAIN] stage=pretrain epoch=1/1 batch=120/3000 step=120 repair=0.006482 localization=0.2882 type=2.261 minimal=0.03571 physics=0.4584 total=0.4477
[TRAIN train_climax_no_spectral_constraint_s42] [TRAIN] stage=pretrain epoch=1/1 batch=130/3000 step=130 repair=0.003753 localization=0.2844 type=1.983 minimal=0.03189 physics=0.1658 total=0.3428
[TRAIN train_climax_no_spectral_constraint_s42] [TRAIN] stage=pretrain epoch=1/1 batch=140/3000 step=140 repair=0.01217 localization=0.2148 type=3.376 minimal=0.03796 physics=0.3747 total=0.659
[TRAIN train_climax_no_spectral_constraint_s42] [TRAIN] stage=pretrain epoch=1/1 batch=150/3000 step=150 repair=0.008203 localization=0.2764 type=1.335 minimal=0.04163 physics=0.286 total=0.1841
[TRAIN train_climax_no_spectral_constraint_s42] [TRAIN] stage=pretrain epoch=1/1 batch=160/3000 step=160 repair=0.006946 localization=0.2985 type=1.019 minimal=0.03714 physics=0.5044 total=0.1643
[TRAIN train_climax_no_spectral_constraint_s42] [TRAIN] stage=pretrain epoch=1/1 batch=170/3000 step=170 repair=0.004267 localization=0.3205 type=0.9648 minimal=0.03183 physics=0.3837 total=0.1523
[TRAIN train_climax_no_spectral_constraint_s42] [TRAIN] stage=pretrain epoch=1/1 batch=180/3000 step=180 repair=0.003835 localization=0.2714 type=3.197 minimal=0.03091 physics=0.3249 total=0.5565
[TRAIN train_climax_no_spectral_constraint_s42] [TRAIN] stage=pretrain epoch=1/1 batch=190/3000 step=190 repair=0.006105 localization=0.2886 type=1.853 minimal=0.02983 physics=0.3041 total=0.332
[TRAIN train_climax_no_spectral_constraint_s42] [TRAIN] stage=pretrain epoch=1/1 batch=200/3000 step=200 repair=0.009147 localization=0.2922 type=2.187 minimal=0.03293 physics=0.2435 total=0.4265
[TRAIN train_climax_no_spectral_constraint_s42] [TRAIN] stage=pretrain epoch=1/1 batch=210/3000 step=210 repair=0.004732 localization=0.3146 type=1.454 minimal=0.03146 physics=0.9368 total=0.3037
[TRAIN train_climax_no_spectral_constraint_s42] [TRAIN] stage=pretrain epoch=1/1 batch=220/3000 step=220 repair=0.003913 localization=0.2942 type=2.123 minimal=0.03268 physics=0.3362 total=0.3674
[TRAIN train_climax_no_spectral_constraint_s42] [TRAIN] stage=pretrain epoch=1/1 batch=230/3000 step=230 repair=0.004025 localization=0.2961 type=2.533 minimal=0.02872 physics=0.3021 total=0.4658
[TRAIN train_climax_no_spectral_constraint_s42] [TRAIN] stage=pretrain epoch=1/1 batch=240/3000 step=240 repair=0.004736 localization=0.276 type=1.425 minimal=0.03391 physics=0.3728 total=0.1938
[TRAIN train_climax_no_spectral_constraint_s42] [TRAIN] stage=pretrain epoch=1/1 batch=250/3000 step=250 repair=0.004553 localization=0.2636 type=1.215 minimal=0.03226 physics=0.4162 total=0.1735
[TRAIN train_climax_no_spectral_constraint_s42] [TRAIN] stage=pretrain epoch=1/1 batch=260/3000 step=260 repair=0.00441 localization=0.212 type=2.047 minimal=0.03021 physics=0.3289 total=0.247
[TRAIN train_climax_no_spectral_constraint_s42] [TRAIN] stage=pretrain epoch=1/1 batch=270/3000 step=270 repair=0.003235 localization=0.2165 type=1.836 minimal=0.02649 physics=0.2094 total=0.2192
[TRAIN train_climax_no_spectral_constraint_s42] [TRAIN] stage=pretrain epoch=1/1 batch=280/3000 step=280 repair=0.003521 localization=0.2639 type=2.316 minimal=0.02371 physics=0.145 total=0.396
[TRAIN train_climax_no_spectral_constraint_s42] [TRAIN] stage=pretrain epoch=1/1 batch=290/3000 step=290 repair=0.002888 localization=0.3513 type=0.9617 minimal=0.02435 physics=0.1202 total=0.1404
[TRAIN train_climax_no_spectral_constraint_s42] [TRAIN] stage=pretrain epoch=1/1 batch=300/3000 step=300 repair=0.003752 localization=0.2892 type=2.091 minimal=0.02692 physics=0.3389 total=0.4107
[TRAIN train_climax_no_spectral_constraint_s42] [TRAIN] stage=pretrain epoch=1/1 batch=310/3000 step=310 repair=0.01319 localization=0.2863 type=1.961 minimal=0.02843 physics=0.1731 total=0.3937
[TRAIN train_climax_no_spectral_constraint_s42] [TRAIN] stage=pretrain epoch=1/1 batch=320/3000 step=320 repair=0.005507 localization=0.2669 type=1.459 minimal=0.02908 physics=0.1747 total=0.3017
[TRAIN train_climax_no_spectral_constraint_s42] [TRAIN] stage=pretrain epoch=1/1 batch=330/3000 step=330 repair=0.002928 localization=0.3274 type=1.303 minimal=0.024 physics=0.292 total=0.1808
[TRAIN train_climax_no_spectral_constraint_s42] [TRAIN] stage=pretrain epoch=1/1 batch=340/3000 step=340 repair=0.004132 localization=0.1929 type=1.834 minimal=0.02516 physics=0.2833 total=0.3242
[TRAIN train_climax_no_spectral_constraint_s42] [TRAIN] stage=pretrain epoch=1/1 batch=350/3000 step=350 repair=0.004273 localization=0.2719 type=1.133 minimal=0.02748 physics=0.3116 total=0.1606
[TRAIN train_climax_no_spectral_constraint_s42] [TRAIN] stage=pretrain epoch=1/1 batch=360/3000 step=360 repair=0.003778 localization=0.2815 type=0.9751 minimal=0.02448 physics=0.1399 total=0.1367
[TRAIN train_climax_no_spectral_constraint_s42] [TRAIN] stage=pretrain epoch=1/1 batch=370/3000 step=370 repair=0.005759 localization=0.2531 type=1.455 minimal=0.02618 physics=0.1573 total=0.2425
[TRAIN train_climax_no_spectral_constraint_s42] [TRAIN] stage=pretrain epoch=1/1 batch=380/3000 step=380 repair=0.003799 localization=0.2286 type=1.412 minimal=0.02795 physics=0.1268 total=0.1745
[TRAIN train_climax_no_spectral_constraint_s42] [TRAIN] stage=pretrain epoch=1/1 batch=390/3000 step=390 repair=0.005346 localization=0.2584 type=0.9526 minimal=0.0267 physics=0.5692 total=0.2345
[TRAIN train_climax_no_spectral_constraint_s42] [TRAIN] stage=pretrain epoch=1/1 batch=400/3000 step=400 repair=0.0035 localization=0.2517 type=1.548 minimal=0.02489 physics=0.2572 total=0.1966
[TRAIN train_climax_no_spectral_constraint_s42] [TRAIN] stage=pretrain epoch=1/1 batch=410/3000 step=410 repair=0.01569 localization=0.287 type=1.59 minimal=0.02615 physics=0.2483 total=0.2837
[TRAIN train_climax_no_spectral_constraint_s42] [TRAIN] stage=pretrain epoch=1/1 batch=420/3000 step=420 repair=0.008631 localization=0.2752 type=2.297 minimal=0.02574 physics=0.3577 total=0.3291
[TRAIN train_climax_no_spectral_constraint_s42] [TRAIN] stage=pretrain epoch=1/1 batch=430/3000 step=430 repair=0.006802 localization=0.3504 type=0.947 minimal=0.03125 physics=0.3963 total=0.1567
[TRAIN train_climax_no_spectral_constraint_s42] [TRAIN] stage=pretrain epoch=1/1 batch=440/3000 step=440 repair=0.004498 localization=0.3365 type=2.337 minimal=0.02882 physics=0.2968 total=0.4297
[TRAIN train_climax_no_spectral_constraint_s42] [TRAIN] stage=pretrain epoch=1/1 batch=450/3000 step=450 repair=0.01666 localization=0.2167 type=1.13 minimal=0.02841 physics=0.9226 total=0.1978
[TRAIN train_climax_no_spectral_constraint_s42] [TRAIN] stage=pretrain epoch=1/1 batch=460/3000 step=460 repair=0.003604 localization=0.2583 type=1.093 minimal=0.02782 physics=0.3204 total=0.1551
[TRAIN train_climax_no_spectral_constraint_s42] [TRAIN] stage=pretrain epoch=1/1 batch=470/3000 step=470 repair=0.005307 localization=0.3586 type=1.017 minimal=0.02771 physics=0.8568 total=0.186
[TRAIN train_climax_no_spectral_constraint_s42] [TRAIN] stage=pretrain epoch=1/1 batch=480/3000 step=480 repair=0.00462 localization=0.2257 type=3.049 minimal=0.02626 physics=0.2986 total=0.5969
[TRAIN train_climax_no_spectral_constraint_s42] [TRAIN] stage=pretrain epoch=1/1 batch=490/3000 step=490 repair=0.002911 localization=0.4019 type=1.572 minimal=0.02612 physics=0.2221 total=0.2117
[TRAIN train_climax_no_spectral_constraint_s42] [TRAIN] stage=pretrain epoch=1/1 batch=500/3000 step=500 repair=0.004001 localization=0.212 type=1.701 minimal=0.02486 physics=0.5602 total=0.2236
[TRAIN train_climax_no_spectral_constraint_s42] [TRAIN] stage=pretrain epoch=1/1 batch=510/3000 step=510 repair=0.00358 localization=0.3102 type=2.432 minimal=0.02348 physics=0.146 total=0.3624
[TRAIN train_climax_no_spectral_constraint_s42] [TRAIN] stage=pretrain epoch=1/1 batch=520/3000 step=520 repair=0.002849 localization=0.2288 type=1.13 minimal=0.02782 physics=0.1921 total=0.1486
[TRAIN train_climax_no_spectral_constraint_s42] [TRAIN] stage=pretrain epoch=1/1 batch=530/3000 step=530 repair=0.005493 localization=0.4052 type=1.886 minimal=0.03003 physics=0.5489 total=0.3626
[TRAIN train_climax_no_spectral_constraint_s42] [TRAIN] stage=pretrain epoch=1/1 batch=540/3000 step=540 repair=0.00478 localization=0.2858 type=1.107 minimal=0.03259 physics=0.4044 total=0.1646
[TRAIN train_climax_no_spectral_constraint_s42] [TRAIN] stage=pretrain epoch=1/1 batch=550/3000 step=550 repair=0.002927 localization=0.2739 type=2.167 minimal=0.02582 physics=0.1439 total=0.3833
[TRAIN train_climax_no_spectral_constraint_s42] [TRAIN] stage=pretrain epoch=1/1 batch=560/3000 step=560 repair=0.003308 localization=0.38 type=1.618 minimal=0.02762 physics=0.1496 total=0.2108
[TRAIN train_climax_no_spectral_constraint_s42] [TRAIN] stage=pretrain epoch=1/1 batch=570/3000 step=570 repair=0.004844 localization=0.2345 type=2.084 minimal=0.02625 physics=0.1539 total=0.3699
[TRAIN train_climax_no_spectral_constraint_s42] [TRAIN] stage=pretrain epoch=1/1 batch=580/3000 step=580 repair=0.003746 localization=0.3261 type=1.933 minimal=0.02303 physics=0.2719 total=0.3409
[TRAIN train_climax_no_spectral_constraint_s42] [TRAIN] stage=pretrain epoch=1/1 batch=590/3000 step=590 repair=0.02596 localization=0.3494 type=0.884 minimal=0.02499 physics=1.91 total=0.2451
[TRAIN train_climax_no_spectral_constraint_s42] [TRAIN] stage=pretrain epoch=1/1 batch=600/3000 step=600 repair=0.003065 localization=0.2627 type=1.255 minimal=0.02328 physics=0.1462 total=0.1624
[TRAIN train_climax_no_spectral_constraint_s42] [TRAIN] stage=pretrain epoch=1/1 batch=610/3000 step=610 repair=0.007639 localization=0.1951 type=2.265 minimal=0.02834 physics=0.2485 total=0.3738
[TRAIN train_climax_no_spectral_constraint_s42] [TRAIN] stage=pretrain epoch=1/1 batch=620/3000 step=620 repair=0.004626 localization=0.322 type=1.563 minimal=0.02676 physics=0.6138 total=0.2241
[TRAIN train_climax_no_spectral_constraint_s42] [TRAIN] stage=pretrain epoch=1/1 batch=630/3000 step=630 repair=0.003413 localization=0.2772 type=2.542 minimal=0.02673 physics=0.188 total=0.4819
[TRAIN train_climax_no_spectral_constraint_s42] [TRAIN] stage=pretrain epoch=1/1 batch=640/3000 step=640 repair=0.008092 localization=0.3906 type=1.905 minimal=0.02383 physics=0.1796 total=0.3594
[TRAIN train_climax_no_spectral_constraint_s42] [TRAIN] stage=pretrain epoch=1/1 batch=650/3000 step=650 repair=0.002916 localization=0.3873 type=1.418 minimal=0.02376 physics=0.2027 total=0.1939
[TRAIN train_climax_no_spectral_constraint_s42] [TRAIN] stage=pretrain epoch=1/1 batch=660/3000 step=660 repair=0.01654 localization=0.1463 type=1.458 minimal=0.03119 physics=0.3497 total=0.2756
[TRAIN train_climax_no_spectral_constraint_s42] [TRAIN] stage=pretrain epoch=1/1 batch=670/3000 step=670 repair=0.006227 localization=0.232 type=1.041 minimal=0.02998 physics=0.3176 total=0.2178
[TRAIN train_climax_no_spectral_constraint_s42] [TRAIN] stage=pretrain epoch=1/1 batch=680/3000 step=680 repair=0.002264 localization=0.366 type=1.948 minimal=0.02341 physics=0.1886 total=0.2434
[TRAIN train_climax_no_spectral_constraint_s42] [TRAIN] stage=pretrain epoch=1/1 batch=690/3000 step=690 repair=0.004736 localization=0.2338 type=1.845 minimal=0.02426 physics=0.1091 total=0.358
[TRAIN train_climax_no_spectral_constraint_s42] [TRAIN] stage=pretrain epoch=1/1 batch=700/3000 step=700 repair=0.002356 localization=0.3599 type=1.741 minimal=0.02135 physics=0.2103 total=0.2231
[TRAIN train_climax_no_spectral_constraint_s42] [TRAIN] stage=pretrain epoch=1/1 batch=710/3000 step=710 repair=0.007062 localization=0.2458 type=1.746 minimal=0.02284 physics=0.592 total=0.236
[TRAIN train_climax_no_spectral_constraint_s42] [TRAIN] stage=pretrain epoch=1/1 batch=720/3000 step=720 repair=0.02537 localization=0.2709 type=1.756 minimal=0.02608 physics=1.255 total=0.291
[TRAIN train_climax_no_spectral_constraint_s42] [TRAIN] stage=pretrain epoch=1/1 batch=730/3000 step=730 repair=0.002913 localization=0.1962 type=1.614 minimal=0.02612 physics=0.1703 total=0.3009
[TRAIN train_climax_no_spectral_constraint_s42] [TRAIN] stage=pretrain epoch=1/1 batch=740/3000 step=740 repair=0.004004 localization=0.2378 type=1.614 minimal=0.02602 physics=0.2359 total=0.3174
[TRAIN train_climax_no_spectral_constraint_s42] [TRAIN] stage=pretrain epoch=1/1 batch=750/3000 step=750 repair=0.03445 localization=0.3578 type=1.592 minimal=0.02327 physics=1.337 total=0.2965
[TRAIN train_climax_no_spectral_constraint_s42] [TRAIN] stage=pretrain epoch=1/1 batch=760/3000 step=760 repair=0.003386 localization=0.2381 type=1.92 minimal=0.02264 physics=0.1729 total=0.3587
[TRAIN train_climax_no_spectral_constraint_s42] [TRAIN] stage=pretrain epoch=1/1 batch=770/3000 step=770 repair=0.004038 localization=0.3329 type=1.828 minimal=0.02209 physics=0.5053 total=0.374
[TRAIN train_climax_no_spectral_constraint_s42] [TRAIN] stage=pretrain epoch=1/1 batch=780/3000 step=780 repair=0.002473 localization=0.4 type=1.065 minimal=0.01988 physics=0.164 total=0.1574
[TRAIN train_climax_no_spectral_constraint_s42] [TRAIN] stage=pretrain epoch=1/1 batch=790/3000 step=790 repair=0.003043 localization=0.2296 type=1.094 minimal=0.02197 physics=0.1518 total=0.1432
[TRAIN train_climax_no_spectral_constraint_s42] [TRAIN] stage=pretrain epoch=1/1 batch=800/3000 step=800 repair=0.01128 localization=0.4123 type=0.9709 minimal=0.02092 physics=1.18 total=0.2088
[TRAIN train_climax_no_spectral_constraint_s42] [TRAIN] stage=pretrain epoch=1/1 batch=810/3000 step=810 repair=0.002821 localization=0.2524 type=1.325 minimal=0.02283 physics=0.1972 total=0.1707
[TRAIN train_climax_no_spectral_constraint_s42] [TRAIN] stage=pretrain epoch=1/1 batch=820/3000 step=820 repair=0.002813 localization=0.2587 type=1.413 minimal=0.02231 physics=0.2255 total=0.1815
[TRAIN train_climax_no_spectral_constraint_s42] [TRAIN] stage=pretrain epoch=1/1 batch=830/3000 step=830 repair=0.003495 localization=0.3159 type=1.991 minimal=0.02574 physics=0.1951 total=0.3662
[TRAIN train_climax_no_spectral_constraint_s42] [TRAIN] stage=pretrain epoch=1/1 batch=840/3000 step=840 repair=0.006558 localization=0.2318 type=1.921 minimal=0.02856 physics=0.3093 total=0.3813
[TRAIN train_climax_no_spectral_constraint_s42] [TRAIN] stage=pretrain epoch=1/1 batch=850/3000 step=850 repair=0.002728 localization=0.2944 type=1.85 minimal=0.02313 physics=0.1278 total=0.2238
[TRAIN train_climax_no_spectral_constraint_s42] [TRAIN] stage=pretrain epoch=1/1 batch=860/3000 step=860 repair=0.003046 localization=0.2022 type=2.131 minimal=0.02272 physics=0.204 total=0.4186
[TRAIN train_climax_no_spectral_constraint_s42] [TRAIN] stage=pretrain epoch=1/1 batch=870/3000 step=870 repair=0.002679 localization=0.2402 type=1.87 minimal=0.01999 physics=0.1734 total=0.2226
[TRAIN train_climax_no_spectral_constraint_s42] [TRAIN] stage=pretrain epoch=1/1 batch=880/3000 step=880 repair=0.002945 localization=0.2899 type=1.267 minimal=0.02032 physics=0.2236 total=0.17
[TRAIN train_climax_no_spectral_constraint_s42] [TRAIN] stage=pretrain epoch=1/1 batch=890/3000 step=890 repair=0.01208 localization=0.2352 type=1.573 minimal=0.02051 physics=0.1476 total=0.2981
[TRAIN train_climax_no_spectral_constraint_s42] [TRAIN] stage=pretrain epoch=1/1 batch=900/3000 step=900 repair=0.003451 localization=0.2238 type=1.578 minimal=0.02051 physics=0.4674 total=0.2072
[TRAIN train_climax_no_spectral_constraint_s42] [TRAIN] stage=pretrain epoch=1/1 batch=910/3000 step=910 repair=0.02655 localization=0.2467 type=1.199 minimal=0.02609 physics=1.265 total=0.2347
[TRAIN train_climax_no_spectral_constraint_s42] [TRAIN] stage=pretrain epoch=1/1 batch=920/3000 step=920 repair=0.003589 localization=0.3152 type=1.029 minimal=0.02394 physics=0.3919 total=0.1578
[TRAIN train_climax_no_spectral_constraint_s42] [TRAIN] stage=pretrain epoch=1/1 batch=930/3000 step=930 repair=0.002593 localization=0.2816 type=1.184 minimal=0.02057 physics=0.1877 total=0.1588
[TRAIN train_climax_no_spectral_constraint_s42] [TRAIN] stage=pretrain epoch=1/1 batch=940/3000 step=940 repair=0.005753 localization=0.1427 type=1.012 minimal=0.04337 physics=0.9558 total=0.2165
[TRAIN train_climax_no_spectral_constraint_s42] [TRAIN] stage=pretrain epoch=1/1 batch=950/3000 step=950 repair=0.003587 localization=0.2431 type=1.921 minimal=0.02254 physics=0.1462 total=0.3327
[TRAIN train_climax_no_spectral_constraint_s42] [TRAIN] stage=pretrain epoch=1/1 batch=960/3000 step=960 repair=0.006499 localization=0.341 type=1.921 minimal=0.03047 physics=0.3371 total=0.3849
[TRAIN train_climax_no_spectral_constraint_s42] [TRAIN] stage=pretrain epoch=1/1 batch=970/3000 step=970 repair=0.0103 localization=0.1929 type=0.2845 minimal=0.04703 physics=0.8019 total=0.1122
[TRAIN train_climax_no_spectral_constraint_s42] [TRAIN] stage=pretrain epoch=1/1 batch=980/3000 step=980 repair=0.002491 localization=0.5797 type=1.708 minimal=0.02412 physics=0.2164 total=0.2424
[TRAIN train_climax_no_spectral_constraint_s42] [TRAIN] stage=pretrain epoch=1/1 batch=990/3000 step=990 repair=0.006414 localization=0.2765 type=1.236 minimal=0.02431 physics=0.2209 total=0.2285
[TRAIN train_climax_no_spectral_constraint_s42] [TRAIN] stage=pretrain epoch=1/1 batch=1000/3000 step=1000 repair=0.003867 localization=0.2839 type=1.028 minimal=0.02466 physics=0.1816 total=0.1892
[TRAIN train_climax_no_spectral_constraint_s42] [TRAIN] stage=pretrain epoch=1/1 batch=1010/3000 step=1010 repair=0.002237 localization=0.2998 type=1.6 minimal=0.02164 physics=0.1208 total=0.1985
[TRAIN train_climax_no_spectral_constraint_s42] [TRAIN] stage=pretrain epoch=1/1 batch=1020/3000 step=1020 repair=0.005768 localization=0.2039 type=1.832 minimal=0.02081 physics=1.196 total=0.2693
[TRAIN train_climax_no_spectral_constraint_s42] [TRAIN] stage=pretrain epoch=1/1 batch=1030/3000 step=1030 repair=0.003523 localization=0.2783 type=2.17 minimal=0.02132 physics=0.3336 total=0.3826
[TRAIN train_climax_no_spectral_constraint_s42] [TRAIN] stage=pretrain epoch=1/1 batch=1040/3000 step=1040 repair=0.01208 localization=0.08303 type=1.229 minimal=0.0426 physics=0.5941 total=0.2417
[TRAIN train_climax_no_spectral_constraint_s42] [TRAIN] stage=pretrain epoch=1/1 batch=1050/3000 step=1050 repair=0.00303 localization=0.3801 type=1.413 minimal=0.0228 physics=0.1487 total=0.19
[TRAIN train_climax_no_spectral_constraint_s42] [TRAIN] stage=pretrain epoch=1/1 batch=1060/3000 step=1060 repair=0.003351 localization=0.2526 type=1.378 minimal=0.02226 physics=0.08154 total=0.1707
[TRAIN train_climax_no_spectral_constraint_s42] [TRAIN] stage=pretrain epoch=1/1 batch=1070/3000 step=1070 repair=0.003135 localization=0.3984 type=1.88 minimal=0.02135 physics=0.1881 total=0.366
[TRAIN train_climax_no_spectral_constraint_s42] [TRAIN] stage=pretrain epoch=1/1 batch=1080/3000 step=1080 repair=0.01568 localization=0.3484 type=1.82 minimal=0.02234 physics=1.154 total=0.4152
[TRAIN train_climax_no_spectral_constraint_s42] [TRAIN] stage=pretrain epoch=1/1 batch=1090/3000 step=1090 repair=0.008801 localization=0.2926 type=1.674 minimal=0.01636 physics=0.9303 total=0.368
[TRAIN train_climax_no_spectral_constraint_s42] [TRAIN] stage=pretrain epoch=1/1 batch=1100/3000 step=1100 repair=0.008594 localization=0.08097 type=0.9146 minimal=0.04721 physics=0.9532 total=0.2094
[TRAIN train_climax_no_spectral_constraint_s42] [TRAIN] stage=pretrain epoch=1/1 batch=1110/3000 step=1110 repair=0.00447 localization=0.3284 type=1.586 minimal=0.02341 physics=0.2157 total=0.2793
[TRAIN train_climax_no_spectral_constraint_s42] [TRAIN] stage=pretrain epoch=1/1 batch=1120/3000 step=1120 repair=0.005082 localization=0.3394 type=1.648 minimal=0.02214 physics=0.3193 total=0.3382
[TRAIN train_climax_no_spectral_constraint_s42] [TRAIN] stage=pretrain epoch=1/1 batch=1130/3000 step=1130 repair=0.006442 localization=0.2688 type=1.756 minimal=0.02486 physics=0.3785 total=0.3396
[TRAIN train_climax_no_spectral_constraint_s42] [TRAIN] stage=pretrain epoch=1/1 batch=1140/3000 step=1140 repair=0.004358 localization=0.3345 type=1.807 minimal=0.02248 physics=0.4686 total=0.2422
[TRAIN train_climax_no_spectral_constraint_s42] [TRAIN] stage=pretrain epoch=1/1 batch=1150/3000 step=1150 repair=0.008225 localization=0.2919 type=1.452 minimal=0.02431 physics=0.1131 total=0.2814
[TRAIN train_climax_no_spectral_constraint_s42] [TRAIN] stage=pretrain epoch=1/1 batch=1160/3000 step=1160 repair=0.004116 localization=0.1839 type=3.397 minimal=0.02327 physics=0.3203 total=0.6616
[TRAIN train_climax_no_spectral_constraint_s42] [TRAIN] stage=pretrain epoch=1/1 batch=1170/3000 step=1170 repair=0.003282 localization=0.3768 type=1.383 minimal=0.02002 physics=0.1379 total=0.1863
[TRAIN train_climax_no_spectral_constraint_s42] [TRAIN] stage=pretrain epoch=1/1 batch=1180/3000 step=1180 repair=0.02752 localization=0.3426 type=0.7495 minimal=0.02139 physics=1.272 total=0.2005
[TRAIN train_climax_no_spectral_constraint_s42] [TRAIN] stage=pretrain epoch=1/1 batch=1190/3000 step=1190 repair=0.005801 localization=0.1581 type=0.6489 minimal=0.0387 physics=0.4189 total=0.1429
[TRAIN train_climax_no_spectral_constraint_s42] [TRAIN] stage=pretrain epoch=1/1 batch=1200/3000 step=1200 repair=0.02178 localization=0.2683 type=0.7085 minimal=0.02548 physics=1.172 total=0.1783
[TRAIN train_climax_no_spectral_constraint_s42] [TRAIN] stage=pretrain epoch=1/1 batch=1210/3000 step=1210 repair=0.004819 localization=0.354 type=2.322 minimal=0.02536 physics=0.3982 total=0.4563
[TRAIN train_climax_no_spectral_constraint_s42] [TRAIN] stage=pretrain epoch=1/1 batch=1220/3000 step=1220 repair=0.005222 localization=0.264 type=1.286 minimal=0.02219 physics=0.2868 total=0.254
[TRAIN train_climax_no_spectral_constraint_s42] [TRAIN] stage=pretrain epoch=1/1 batch=1230/3000 step=1230 repair=0.003247 localization=0.197 type=0.9431 minimal=0.02319 physics=0.1032 total=0.1227
[TRAIN train_climax_no_spectral_constraint_s42] [TRAIN] stage=pretrain epoch=1/1 batch=1240/3000 step=1240 repair=0.005318 localization=0.2172 type=2.925 minimal=0.02301 physics=0.1214 total=0.547
[TRAIN train_climax_no_spectral_constraint_s42] [TRAIN] stage=pretrain epoch=1/1 batch=1250/3000 step=1250 repair=0.003348 localization=0.2354 type=2.029 minimal=0.02147 physics=0.1268 total=0.3751
[TRAIN train_climax_no_spectral_constraint_s42] [TRAIN] stage=pretrain epoch=1/1 batch=1260/3000 step=1260 repair=0.01414 localization=0.3117 type=2.116 minimal=0.02026 physics=1.07 total=0.4389
[TRAIN train_climax_no_spectral_constraint_s42] [TRAIN] stage=pretrain epoch=1/1 batch=1270/3000 step=1270 repair=0.003102 localization=0.1953 type=1.255 minimal=0.02174 physics=0.1798 total=0.1573
[TRAIN train_climax_no_spectral_constraint_s42] [TRAIN] stage=pretrain epoch=1/1 batch=1280/3000 step=1280 repair=0.03163 localization=0.3487 type=1.173 minimal=0.02017 physics=1.025 total=0.2353
[TRAIN train_climax_no_spectral_constraint_s42] [TRAIN] stage=pretrain epoch=1/1 batch=1290/3000 step=1290 repair=0.003873 localization=0.3688 type=1.343 minimal=0.02148 physics=0.1571 total=0.1831
[TRAIN train_climax_no_spectral_constraint_s42] [TRAIN] stage=pretrain epoch=1/1 batch=1300/3000 step=1300 repair=0.003271 localization=0.217 type=1.562 minimal=0.02129 physics=0.2604 total=0.1944
[TRAIN train_climax_no_spectral_constraint_s42] [TRAIN] stage=pretrain epoch=1/1 batch=1310/3000 step=1310 repair=0.002506 localization=0.2569 type=1.172 minimal=0.01973 physics=0.2978 total=0.1605
[TRAIN train_climax_no_spectral_constraint_s42] [TRAIN] stage=pretrain epoch=1/1 batch=1320/3000 step=1320 repair=0.008284 localization=0.2715 type=1.703 minimal=0.0215 physics=0.394 total=0.2257
[TRAIN train_climax_no_spectral_constraint_s42] [TRAIN] stage=pretrain epoch=1/1 batch=1330/3000 step=1330 repair=0.00678 localization=0.29 type=1.3 minimal=0.02217 physics=0.3111 total=0.2372
[TRAIN train_climax_no_spectral_constraint_s42] [TRAIN] stage=pretrain epoch=1/1 batch=1340/3000 step=1340 repair=0.01279 localization=0.4015 type=1.272 minimal=0.02364 physics=0.2312 total=0.2423
[TRAIN train_climax_no_spectral_constraint_s42] [TRAIN] stage=pretrain epoch=1/1 batch=1350/3000 step=1350 repair=0.004938 localization=0.2211 type=2.738 minimal=0.02356 physics=0.08527 total=0.5328
[TRAIN train_climax_no_spectral_constraint_s42] [TRAIN] stage=pretrain epoch=1/1 batch=1360/3000 step=1360 repair=0.00445 localization=0.2897 type=1.334 minimal=0.02045 physics=0.1994 total=0.177
[TRAIN train_climax_no_spectral_constraint_s42] [TRAIN] stage=pretrain epoch=1/1 batch=1370/3000 step=1370 repair=0.003139 localization=0.3082 type=1.195 minimal=0.02026 physics=0.1031 total=0.1589
[TRAIN train_climax_no_spectral_constraint_s42] [TRAIN] stage=pretrain epoch=1/1 batch=1380/3000 step=1380 repair=0.01698 localization=0.2169 type=0.8499 minimal=0.0238 physics=1.019 total=0.1749
[TRAIN train_climax_no_spectral_constraint_s42] [TRAIN] stage=pretrain epoch=1/1 batch=1390/3000 step=1390 repair=0.00296 localization=0.273 type=2.064 minimal=0.02242 physics=0.2114 total=0.2475
[TRAIN train_climax_no_spectral_constraint_s42] [TRAIN] stage=pretrain epoch=1/1 batch=1400/3000 step=1400 repair=0.007996 localization=0.2404 type=1.722 minimal=0.02248 physics=0.1521 total=0.3078
[TRAIN train_climax_no_spectral_constraint_s42] [TRAIN] stage=pretrain epoch=1/1 batch=1410/3000 step=1410 repair=0.003088 localization=0.3053 type=1.331 minimal=0.02094 physics=0.3262 total=0.1832
[TRAIN train_climax_no_spectral_constraint_s42] [TRAIN] stage=pretrain epoch=1/1 batch=1420/3000 step=1420 repair=0.01003 localization=0.3192 type=1.485 minimal=0.02315 physics=0.9404 total=0.2377
[TRAIN train_climax_no_spectral_constraint_s42] [TRAIN] stage=pretrain epoch=1/1 batch=1430/3000 step=1430 repair=0.001623 localization=0.2899 type=1.438 minimal=0.01878 physics=0.2155 total=0.1854
[TRAIN train_climax_no_spectral_constraint_s42] [TRAIN] stage=pretrain epoch=1/1 batch=1440/3000 step=1440 repair=0.008706 localization=0.1928 type=1.578 minimal=0.02188 physics=0.7541 total=0.3031
[TRAIN train_climax_no_spectral_constraint_s42] [TRAIN] stage=pretrain epoch=1/1 batch=1450/3000 step=1450 repair=0.005783 localization=0.3697 type=0.3529 minimal=0.02933 physics=0.4403 total=0.1208
[TRAIN train_climax_no_spectral_constraint_s42] [TRAIN] stage=pretrain epoch=1/1 batch=1460/3000 step=1460 repair=0.01901 localization=0.2582 type=1.565 minimal=0.02252 physics=1.188 total=0.261
[TRAIN train_climax_no_spectral_constraint_s42] [TRAIN] stage=pretrain epoch=1/1 batch=1470/3000 step=1470 repair=0.009195 localization=0.2971 type=1.794 minimal=0.02344 physics=0.2361 total=0.3056
[TRAIN train_climax_no_spectral_constraint_s42] [TRAIN] stage=pretrain epoch=1/1 batch=1480/3000 step=1480 repair=0.005651 localization=0.2462 type=2.097 minimal=0.02342 physics=0.2197 total=0.3583
[TRAIN train_climax_no_spectral_constraint_s42] [TRAIN] stage=pretrain epoch=1/1 batch=1490/3000 step=1490 repair=0.004042 localization=0.1953 type=3.246 minimal=0.0224 physics=0.2165 total=0.5735
[TRAIN train_climax_no_spectral_constraint_s42] [TRAIN] stage=pretrain epoch=1/1 batch=1500/3000 step=1500 repair=0.004309 localization=0.257 type=1.569 minimal=0.02258 physics=0.3956 total=0.2069
[TRAIN train_climax_no_spectral_constraint_s42] [TRAIN] stage=pretrain epoch=1/1 batch=1510/3000 step=1510 repair=0.02246 localization=0.2792 type=1.308 minimal=0.02068 physics=1.24 total=0.2434
[TRAIN train_climax_no_spectral_constraint_s42] [TRAIN] stage=pretrain epoch=1/1 batch=1520/3000 step=1520 repair=0.003971 localization=0.2374 type=1.77 minimal=0.02214 physics=0.2256 total=0.3208
[TRAIN train_climax_no_spectral_constraint_s42] [TRAIN] stage=pretrain epoch=1/1 batch=1530/3000 step=1530 repair=0.003643 localization=0.247 type=1.919 minimal=0.01845 physics=0.2536 total=0.3417
[TRAIN train_climax_no_spectral_constraint_s42] [TRAIN] stage=pretrain epoch=1/1 batch=1540/3000 step=1540 repair=0.004343 localization=0.1798 type=2.192 minimal=0.01804 physics=0.1331 total=0.3471
[TRAIN train_climax_no_spectral_constraint_s42] [TRAIN] stage=pretrain epoch=1/1 batch=1550/3000 step=1550 repair=0.007467 localization=0.2806 type=1.634 minimal=0.02081 physics=0.5894 total=0.2286
[TRAIN train_climax_no_spectral_constraint_s42] [TRAIN] stage=pretrain epoch=1/1 batch=1560/3000 step=1560 repair=0.02068 localization=0.4903 type=1.904 minimal=0.0179 physics=0.3279 total=0.3987
[TRAIN train_climax_no_spectral_constraint_s42] [TRAIN] stage=pretrain epoch=1/1 batch=1570/3000 step=1570 repair=0.02476 localization=0.2647 type=1.857 minimal=0.02275 physics=0.754 total=0.2749
[TRAIN train_climax_no_spectral_constraint_s42] [TRAIN] stage=pretrain epoch=1/1 batch=1580/3000 step=1580 repair=0.007593 localization=0.3108 type=1.057 minimal=0.02368 physics=1.275 total=0.2645
[TRAIN train_climax_no_spectral_constraint_s42] [TRAIN] stage=pretrain epoch=1/1 batch=1590/3000 step=1590 repair=0.003046 localization=0.398 type=0.9512 minimal=0.02199 physics=0.2161 total=0.149
[TRAIN train_climax_no_spectral_constraint_s42] [TRAIN] stage=pretrain epoch=1/1 batch=1600/3000 step=1600 repair=0.005112 localization=0.3774 type=0.8447 minimal=0.02104 physics=0.2817 total=0.1416
[TRAIN train_climax_no_spectral_constraint_s42] [TRAIN] stage=pretrain epoch=1/1 batch=1610/3000 step=1610 repair=0.005608 localization=0.2289 type=1.835 minimal=0.02126 physics=0.1249 total=0.3102
[TRAIN train_climax_no_spectral_constraint_s42] [TRAIN] stage=pretrain epoch=1/1 batch=1620/3000 step=1620 repair=0.004113 localization=0.2538 type=1.233 minimal=0.02351 physics=0.268 total=0.241
[TRAIN train_climax_no_spectral_constraint_s42] [TRAIN] stage=pretrain epoch=1/1 batch=1630/3000 step=1630 repair=0.002726 localization=0.2142 type=1.402 minimal=0.01958 physics=0.149 total=0.2331
[TRAIN train_climax_no_spectral_constraint_s42] [TRAIN] stage=pretrain epoch=1/1 batch=1640/3000 step=1640 repair=0.002901 localization=0.186 type=1.524 minimal=0.02118 physics=0.2195 total=0.2742
[TRAIN train_climax_no_spectral_constraint_s42] [TRAIN] stage=pretrain epoch=1/1 batch=1650/3000 step=1650 repair=0.002808 localization=0.3346 type=1.748 minimal=0.02078 physics=0.1548 total=0.219
[TRAIN train_climax_no_spectral_constraint_s42] [TRAIN] stage=pretrain epoch=1/1 batch=1660/3000 step=1660 repair=0.005353 localization=0.3339 type=1.96 minimal=0.01704 physics=0.1254 total=0.3863
[TRAIN train_climax_no_spectral_constraint_s42] [TRAIN] stage=pretrain epoch=1/1 batch=1670/3000 step=1670 repair=0.01885 localization=0.2793 type=0.708 minimal=0.02092 physics=0.6275 total=0.1492
[TRAIN train_climax_no_spectral_constraint_s42] [TRAIN] stage=pretrain epoch=1/1 batch=1680/3000 step=1680 repair=0.005046 localization=0.144 type=0.0777 minimal=0.04489 physics=1.748 total=0.1192
[TRAIN train_climax_no_spectral_constraint_s42] [TRAIN] stage=pretrain epoch=1/1 batch=1690/3000 step=1690 repair=0.004403 localization=0.3075 type=1.713 minimal=0.01866 physics=0.9139 total=0.3132
[TRAIN train_climax_no_spectral_constraint_s42] [TRAIN] stage=pretrain epoch=1/1 batch=1700/3000 step=1700 repair=0.002252 localization=0.3575 type=1.614 minimal=0.01624 physics=0.2291 total=0.2538
[TRAIN train_climax_no_spectral_constraint_s42] [TRAIN] stage=pretrain epoch=1/1 batch=1710/3000 step=1710 repair=0.001959 localization=0.4516 type=1.299 minimal=0.01601 physics=0.1258 total=0.1835
[TRAIN train_climax_no_spectral_constraint_s42] [TRAIN] stage=pretrain epoch=1/1 batch=1720/3000 step=1720 repair=0.00801 localization=0.4454 type=2.181 minimal=0.01764 physics=0.2581 total=0.3893
[TRAIN train_climax_no_spectral_constraint_s42] [TRAIN] stage=pretrain epoch=1/1 batch=1730/3000 step=1730 repair=0.003473 localization=0.3507 type=1.668 minimal=0.019 physics=0.592 total=0.2941
[TRAIN train_climax_no_spectral_constraint_s42] [TRAIN] stage=pretrain epoch=1/1 batch=1740/3000 step=1740 repair=0.004905 localization=0.09792 type=0.009998 minimal=0.05212 physics=0.7369 total=0.05343
[TRAIN train_climax_no_spectral_constraint_s42] [TRAIN] stage=pretrain epoch=1/1 batch=1750/3000 step=1750 repair=0.001717 localization=0.2086 type=1.144 minimal=0.0159 physics=0.0908 total=0.1416
[TRAIN train_climax_no_spectral_constraint_s42] [TRAIN] stage=pretrain epoch=1/1 batch=1760/3000 step=1760 repair=0.001518 localization=0.198 type=1.958 minimal=0.01622 physics=0.0846 total=0.2215
[TRAIN train_climax_no_spectral_constraint_s42] [TRAIN] stage=pretrain epoch=1/1 batch=1770/3000 step=1770 repair=0.001392 localization=0.3278 type=1.9 minimal=0.01785 physics=0.146 total=0.2317
[TRAIN train_climax_no_spectral_constraint_s42] [TRAIN] stage=pretrain epoch=1/1 batch=1780/3000 step=1780 repair=0.003139 localization=0.1651 type=0.1363 minimal=0.02246 physics=0.3058 total=0.05627
[TRAIN train_climax_no_spectral_constraint_s42] [TRAIN] stage=pretrain epoch=1/1 batch=1790/3000 step=1790 repair=0.03515 localization=0.3447 type=0.7932 minimal=0.02002 physics=0.9918 total=0.1987
[TRAIN train_climax_no_spectral_constraint_s42] [TRAIN] stage=pretrain epoch=1/1 batch=1800/3000 step=1800 repair=0.004845 localization=0.1102 type=0.04133 minimal=0.03851 physics=1.545 total=0.09966
[TRAIN train_climax_no_spectral_constraint_s42] [TRAIN] stage=pretrain epoch=1/1 batch=1810/3000 step=1810 repair=0.003537 localization=0.2809 type=1.591 minimal=0.02022 physics=0.1728 total=0.2563
[TRAIN train_climax_no_spectral_constraint_s42] [TRAIN] stage=pretrain epoch=1/1 batch=1820/3000 step=1820 repair=0.00251 localization=0.3107 type=1.25 minimal=0.0201 physics=0.08802 total=0.1632
[TRAIN train_climax_no_spectral_constraint_s42] [TRAIN] stage=pretrain epoch=1/1 batch=1830/3000 step=1830 repair=0.01388 localization=0.3401 type=1.707 minimal=0.01674 physics=1.956 total=0.377
[TRAIN train_climax_no_spectral_constraint_s42] [TRAIN] stage=pretrain epoch=1/1 batch=1840/3000 step=1840 repair=0.002751 localization=0.2584 type=1.295 minimal=0.01823 physics=0.1461 total=0.1656
[TRAIN train_climax_no_spectral_constraint_s42] [TRAIN] stage=pretrain epoch=1/1 batch=1850/3000 step=1850 repair=0.001477 localization=0.4437 type=4.969 minimal=0.02068 physics=0.6268 total=0.5743
[TRAIN train_climax_no_spectral_constraint_s42] [TRAIN] stage=pretrain epoch=1/1 batch=1860/3000 step=1860 repair=0.002073 localization=0.295 type=1.132 minimal=0.01718 physics=0.1019 total=0.1501
[TRAIN train_climax_no_spectral_constraint_s42] [TRAIN] stage=pretrain epoch=1/1 batch=1870/3000 step=1870 repair=0.003217 localization=0.2881 type=1.821 minimal=0.01787 physics=0.2179 total=0.2842
[TRAIN train_climax_no_spectral_constraint_s42] [TRAIN] stage=pretrain epoch=1/1 batch=1880/3000 step=1880 repair=0.002976 localization=0.3507 type=0.8267 minimal=0.01836 physics=0.3593 total=0.1389
[TRAIN train_climax_no_spectral_constraint_s42] [TRAIN] stage=pretrain epoch=1/1 batch=1890/3000 step=1890 repair=0.009727 localization=0.2472 type=1.623 minimal=0.01921 physics=1.613 total=0.3275
[TRAIN train_climax_no_spectral_constraint_s42] [TRAIN] stage=pretrain epoch=1/1 batch=1900/3000 step=1900 repair=0.008076 localization=0.365 type=1.573 minimal=0.01939 physics=1.351 total=0.357
[TRAIN train_climax_no_spectral_constraint_s42] [TRAIN] stage=pretrain epoch=1/1 batch=1910/3000 step=1910 repair=0.005031 localization=0.1016 type=0.009809 minimal=0.04794 physics=1.224 total=0.07834
[TRAIN train_climax_no_spectral_constraint_s42] [TRAIN] stage=pretrain epoch=1/1 batch=1920/3000 step=1920 repair=0.002424 localization=0.3407 type=1.332 minimal=0.01793 physics=0.09245 total=0.1745
[TRAIN train_climax_no_spectral_constraint_s42] [TRAIN] stage=pretrain epoch=1/1 batch=1930/3000 step=1930 repair=0.007068 localization=0.3429 type=1.799 minimal=0.01791 physics=0.4416 total=0.3394
[TRAIN train_climax_no_spectral_constraint_s42] [TRAIN] stage=pretrain epoch=1/1 batch=1940/3000 step=1940 repair=0.00301 localization=0.2146 type=1.228 minimal=0.02121 physics=0.1266 total=0.1538
[TRAIN train_climax_no_spectral_constraint_s42] [TRAIN] stage=pretrain epoch=1/1 batch=1950/3000 step=1950 repair=0.003276 localization=0.2031 type=1.168 minimal=0.02139 physics=0.2026 total=0.1508
[TRAIN train_climax_no_spectral_constraint_s42] [TRAIN] stage=pretrain epoch=1/1 batch=1960/3000 step=1960 repair=0.002919 localization=0.1481 type=0.243 minimal=0.02042 physics=0.2975 total=0.06871
[TRAIN train_climax_no_spectral_constraint_s42] [TRAIN] stage=pretrain epoch=1/1 batch=1970/3000 step=1970 repair=0.003316 localization=0.1957 type=1.315 minimal=0.02045 physics=0.2038 total=0.1648
[TRAIN train_climax_no_spectral_constraint_s42] [TRAIN] stage=pretrain epoch=1/1 batch=1980/3000 step=1980 repair=0.005571 localization=0.07681 type=0.02126 minimal=0.03513 physics=1.091 total=0.0716
[TRAIN train_climax_no_spectral_constraint_s42] [TRAIN] stage=pretrain epoch=1/1 batch=1990/3000 step=1990 repair=0.004031 localization=0.2575 type=1.19 minimal=0.02008 physics=0.2347 total=0.1607
[TRAIN train_climax_no_spectral_constraint_s42] [TRAIN] stage=pretrain epoch=1/1 batch=2000/3000 step=2000 repair=0.002814 localization=0.133 type=0.2413 minimal=0.02322 physics=0.3849 total=0.07842
[TRAIN train_climax_no_spectral_constraint_s42] [TRAIN] stage=pretrain epoch=1/1 batch=2010/3000 step=2010 repair=0.003911 localization=0.08036 type=0.005294 minimal=0.02863 physics=0.5538 total=0.0408
[TRAIN train_climax_no_spectral_constraint_s42] [TRAIN] stage=pretrain epoch=1/1 batch=2020/3000 step=2020 repair=0.009625 localization=0.2952 type=0.9495 minimal=0.01877 physics=0.3414 total=0.1514
[TRAIN train_climax_no_spectral_constraint_s42] [TRAIN] stage=pretrain epoch=1/1 batch=2030/3000 step=2030 repair=0.003337 localization=0.3388 type=1.242 minimal=0.01968 physics=0.306 total=0.1769
[TRAIN train_climax_no_spectral_constraint_s42] [TRAIN] stage=pretrain epoch=1/1 batch=2040/3000 step=2040 repair=0.01466 localization=0.3574 type=1.51 minimal=0.01839 physics=1.861 total=0.3648
[TRAIN train_climax_no_spectral_constraint_s42] [TRAIN] stage=pretrain epoch=1/1 batch=2050/3000 step=2050 repair=0.002845 localization=0.07375 type=0.0104 minimal=0.03464 physics=1.735 total=0.09887
[TRAIN train_climax_no_spectral_constraint_s42] [TRAIN] stage=pretrain epoch=1/1 batch=2060/3000 step=2060 repair=0.005398 localization=0.28 type=1.32 minimal=0.01994 physics=0.7229 total=0.2555
[TRAIN train_climax_no_spectral_constraint_s42] [TRAIN] stage=pretrain epoch=1/1 batch=2070/3000 step=2070 repair=0.002974 localization=0.2492 type=1.475 minimal=0.01804 physics=0.2291 total=0.187
[TRAIN train_climax_no_spectral_constraint_s42] [TRAIN] stage=pretrain epoch=1/1 batch=2080/3000 step=2080 repair=0.004236 localization=0.07443 type=0.02087 minimal=0.02557 physics=0.4145 total=0.03576
[TRAIN train_climax_no_spectral_constraint_s42] [TRAIN] stage=pretrain epoch=1/1 batch=2090/3000 step=2090 repair=0.002875 localization=0.3617 type=1.156 minimal=0.01677 physics=0.1737 total=0.1635
[TRAIN train_climax_no_spectral_constraint_s42] [TRAIN] stage=pretrain epoch=1/1 batch=2100/3000 step=2100 repair=0.003107 localization=0.1974 type=2.061 minimal=0.01523 physics=0.06382 total=0.3375
[TRAIN train_climax_no_spectral_constraint_s42] [TRAIN] stage=pretrain epoch=1/1 batch=2110/3000 step=2110 repair=0.01274 localization=0.2827 type=1.626 minimal=0.01671 physics=1.783 total=0.3462
[TRAIN train_climax_no_spectral_constraint_s42] [TRAIN] stage=pretrain epoch=1/1 batch=2120/3000 step=2120 repair=0.003384 localization=0.4212 type=1.483 minimal=0.01846 physics=0.1436 total=0.261
[TRAIN train_climax_no_spectral_constraint_s42] [TRAIN] stage=pretrain epoch=1/1 batch=2130/3000 step=2130 repair=0.006007 localization=0.4473 type=5.275 minimal=0.01974 physics=2.166 total=0.6868
[TRAIN train_climax_no_spectral_constraint_s42] [TRAIN] stage=pretrain epoch=1/1 batch=2140/3000 step=2140 repair=0.002157 localization=0.2664 type=1.083 minimal=0.01982 physics=0.1235 total=0.2058
[TRAIN train_climax_no_spectral_constraint_s42] [TRAIN] stage=pretrain epoch=1/1 batch=2150/3000 step=2150 repair=0.005655 localization=0.3754 type=1.078 minimal=0.02614 physics=0.137 total=0.1581
[TRAIN train_climax_no_spectral_constraint_s42] [TRAIN] stage=pretrain epoch=1/1 batch=2160/3000 step=2160 repair=0.005186 localization=0.3922 type=1.741 minimal=0.01949 physics=0.14 total=0.3144
[TRAIN train_climax_no_spectral_constraint_s42] [TRAIN] stage=pretrain epoch=1/1 batch=2170/3000 step=2170 repair=0.004302 localization=0.2899 type=0.9846 minimal=0.01869 physics=0.09581 total=0.1903
[TRAIN train_climax_no_spectral_constraint_s42] [TRAIN] stage=pretrain epoch=1/1 batch=2180/3000 step=2180 repair=0.01776 localization=0.368 type=1.699 minimal=0.01912 physics=1.456 total=0.4156
[TRAIN train_climax_no_spectral_constraint_s42] [TRAIN] stage=pretrain epoch=1/1 batch=2190/3000 step=2190 repair=0.01071 localization=0.1967 type=1.558 minimal=0.02409 physics=0.7191 total=0.3301
[TRAIN train_climax_no_spectral_constraint_s42] [TRAIN] stage=pretrain epoch=1/1 batch=2200/3000 step=2200 repair=0.005352 localization=0.2625 type=1.711 minimal=0.0219 physics=0.08897 total=0.2074
[TRAIN train_climax_no_spectral_constraint_s42] [TRAIN] stage=pretrain epoch=1/1 batch=2210/3000 step=2210 repair=0.005447 localization=0.2727 type=1.702 minimal=0.01536 physics=0.1359 total=0.283
[TRAIN train_climax_no_spectral_constraint_s42] [TRAIN] stage=pretrain epoch=1/1 batch=2220/3000 step=2220 repair=0.00345 localization=0.3588 type=1.998 minimal=0.01912 physics=0.219 total=0.3401
[TRAIN train_climax_no_spectral_constraint_s42] [TRAIN] stage=pretrain epoch=1/1 batch=2230/3000 step=2230 repair=0.00571 localization=0.232 type=1.41 minimal=0.01866 physics=0.08715 total=0.2364
[TRAIN train_climax_no_spectral_constraint_s42] [TRAIN] stage=pretrain epoch=1/1 batch=2240/3000 step=2240 repair=0.002569 localization=0.1112 type=0.01474 minimal=0.02147 physics=0.438 total=0.03819
[TRAIN train_climax_no_spectral_constraint_s42] [TRAIN] stage=pretrain epoch=1/1 batch=2250/3000 step=2250 repair=0.009882 localization=0.2806 type=1.301 minimal=0.01752 physics=1.219 total=0.2994
[TRAIN train_climax_no_spectral_constraint_s42] [TRAIN] stage=pretrain epoch=1/1 batch=2260/3000 step=2260 repair=0.001949 localization=0.2529 type=1.578 minimal=0.01811 physics=0.3105 total=0.2007
[TRAIN train_climax_no_spectral_constraint_s42] [TRAIN] stage=pretrain epoch=1/1 batch=2270/3000 step=2270 repair=0.005306 localization=0.2979 type=1.524 minimal=0.02176 physics=0.1454 total=0.2779
[TRAIN train_climax_no_spectral_constraint_s42] [TRAIN] stage=pretrain epoch=1/1 batch=2280/3000 step=2280 repair=0.006662 localization=0.1915 type=1.302 minimal=0.02043 physics=0.1174 total=0.2331
[TRAIN train_climax_no_spectral_constraint_s42] [TRAIN] stage=pretrain epoch=1/1 batch=2290/3000 step=2290 repair=0.0246 localization=0.347 type=1.579 minimal=0.02165 physics=1.645 total=0.2996
[TRAIN train_climax_no_spectral_constraint_s42] [TRAIN] stage=pretrain epoch=1/1 batch=2300/3000 step=2300 repair=0.004697 localization=0.2654 type=2.513 minimal=0.02364 physics=0.3071 total=0.5059
[TRAIN train_climax_no_spectral_constraint_s42] [TRAIN] stage=pretrain epoch=1/1 batch=2310/3000 step=2310 repair=0.01271 localization=0.4138 type=1.345 minimal=0.01921 physics=0.2118 total=0.2646
[TRAIN train_climax_no_spectral_constraint_s42] [TRAIN] stage=pretrain epoch=1/1 batch=2320/3000 step=2320 repair=0.008421 localization=0.1926 type=1.629 minimal=0.01723 physics=0.979 total=0.3273
[TRAIN train_climax_no_spectral_constraint_s42] [TRAIN] stage=pretrain epoch=1/1 batch=2330/3000 step=2330 repair=0.003343 localization=0.2583 type=0.9058 minimal=0.01692 physics=0.09054 total=0.1244
[TRAIN train_climax_no_spectral_constraint_s42] [TRAIN] stage=pretrain epoch=1/1 batch=2340/3000 step=2340 repair=0.00323 localization=0.1292 type=0.4892 minimal=0.0202 physics=0.2325 total=0.1173
[TRAIN train_climax_no_spectral_constraint_s42] [TRAIN] stage=pretrain epoch=1/1 batch=2350/3000 step=2350 repair=0.004475 localization=0.2353 type=2.004 minimal=0.01999 physics=0.2465 total=0.3298
[TRAIN train_climax_no_spectral_constraint_s42] [TRAIN] stage=pretrain epoch=1/1 batch=2360/3000 step=2360 repair=0.00399 localization=0.459 type=1.284 minimal=0.01939 physics=0.1749 total=0.1873
[TRAIN train_climax_no_spectral_constraint_s42] [TRAIN] stage=pretrain epoch=1/1 batch=2370/3000 step=2370 repair=0.002989 localization=0.3221 type=1.72 minimal=0.0175 physics=0.444 total=0.3085
[TRAIN train_climax_no_spectral_constraint_s42] [TRAIN] stage=pretrain epoch=1/1 batch=2380/3000 step=2380 repair=0.002874 localization=0.2593 type=1.595 minimal=0.01785 physics=0.09164 total=0.1931
[TRAIN train_climax_no_spectral_constraint_s42] [TRAIN] stage=pretrain epoch=1/1 batch=2390/3000 step=2390 repair=0.004315 localization=0.04237 type=0.001996 minimal=0.03287 physics=0.6753 total=0.04294
[TRAIN train_climax_no_spectral_constraint_s42] [TRAIN] stage=pretrain epoch=1/1 batch=2400/3000 step=2400 repair=0.00577 localization=0.2931 type=2.12 minimal=0.01947 physics=0.8441 total=0.3823
[TRAIN train_climax_no_spectral_constraint_s42] [TRAIN] stage=pretrain epoch=1/1 batch=2410/3000 step=2410 repair=0.003418 localization=0.1042 type=0.04396 minimal=0.02046 physics=0.1853 total=0.03025
[TRAIN train_climax_no_spectral_constraint_s42] [TRAIN] stage=pretrain epoch=1/1 batch=2420/3000 step=2420 repair=0.02398 localization=0.2406 type=1.391 minimal=0.01775 physics=0.4731 total=0.211
[TRAIN train_climax_no_spectral_constraint_s42] [TRAIN] stage=pretrain epoch=1/1 batch=2430/3000 step=2430 repair=0.002399 localization=0.3551 type=1.58 minimal=0.02052 physics=0.06856 total=0.1995
[TRAIN train_climax_no_spectral_constraint_s42] [TRAIN] stage=pretrain epoch=1/1 batch=2440/3000 step=2440 repair=0.006101 localization=0.1853 type=1.597 minimal=0.0188 physics=0.08618 total=0.2504
[TRAIN train_climax_no_spectral_constraint_s42] [TRAIN] stage=pretrain epoch=1/1 batch=2450/3000 step=2450 repair=0.004223 localization=0.2943 type=1.604 minimal=0.01993 physics=0.1463 total=0.2822
[TRAIN train_climax_no_spectral_constraint_s42] [TRAIN] stage=pretrain epoch=1/1 batch=2460/3000 step=2460 repair=0.002709 localization=0.3506 type=1.476 minimal=0.017 physics=0.2199 total=0.1965
[TRAIN train_climax_no_spectral_constraint_s42] [TRAIN] stage=pretrain epoch=1/1 batch=2470/3000 step=2470 repair=0.00276 localization=0.2486 type=1.595 minimal=0.01662 physics=0.1486 total=0.2936
[TRAIN train_climax_no_spectral_constraint_s42] [TRAIN] stage=pretrain epoch=1/1 batch=2480/3000 step=2480 repair=0.005074 localization=0.1918 type=5.629 minimal=0.02083 physics=0.1582 total=1.077
[TRAIN train_climax_no_spectral_constraint_s42] [TRAIN] stage=pretrain epoch=1/1 batch=2490/3000 step=2490 repair=0.006923 localization=0.2381 type=1.153 minimal=0.01762 physics=0.1415 total=0.2135
[TRAIN train_climax_no_spectral_constraint_s42] [TRAIN] stage=pretrain epoch=1/1 batch=2500/3000 step=2500 repair=0.01386 localization=0.3558 type=1.193 minimal=0.02005 physics=0.4067 total=0.2394
[TRAIN train_climax_no_spectral_constraint_s42] [TRAIN] stage=pretrain epoch=1/1 batch=2510/3000 step=2510 repair=0.002326 localization=0.1061 type=1.398 minimal=0.0192 physics=0.3337 total=0.2623
[TRAIN train_climax_no_spectral_constraint_s42] [TRAIN] stage=pretrain epoch=1/1 batch=2520/3000 step=2520 repair=0.004763 localization=0.185 type=0.1279 minimal=0.02246 physics=0.3533 total=0.06124
[TRAIN train_climax_no_spectral_constraint_s42] [TRAIN] stage=pretrain epoch=1/1 batch=2530/3000 step=2530 repair=0.005292 localization=0.3006 type=1.839 minimal=0.01999 physics=0.1609 total=0.2275
[TRAIN train_climax_no_spectral_constraint_s42] [TRAIN] stage=pretrain epoch=1/1 batch=2540/3000 step=2540 repair=0.005493 localization=0.3242 type=1.907 minimal=0.01942 physics=0.5204 total=0.3565
[TRAIN train_climax_no_spectral_constraint_s42] [TRAIN] stage=pretrain epoch=1/1 batch=2550/3000 step=2550 repair=0.004141 localization=0.2129 type=1.021 minimal=0.0179 physics=0.1075 total=0.1695
[TRAIN train_climax_no_spectral_constraint_s42] [TRAIN] stage=pretrain epoch=1/1 batch=2560/3000 step=2560 repair=0.004039 localization=0.1856 type=1.351 minimal=0.01968 physics=0.09196 total=0.1625
[TRAIN train_climax_no_spectral_constraint_s42] [TRAIN] stage=pretrain epoch=1/1 batch=2570/3000 step=2570 repair=0.008396 localization=0.2644 type=1.857 minimal=0.01962 physics=0.6737 total=0.3632
[TRAIN train_climax_no_spectral_constraint_s42] [TRAIN] stage=pretrain epoch=1/1 batch=2580/3000 step=2580 repair=0.003463 localization=0.2644 type=1.573 minimal=0.01718 physics=0.2555 total=0.2001
[TRAIN train_climax_no_spectral_constraint_s42] [TRAIN] stage=pretrain epoch=1/1 batch=2590/3000 step=2590 repair=0.01668 localization=0.2193 type=0.8152 minimal=0.01802 physics=0.4615 total=0.1434
[TRAIN train_climax_no_spectral_constraint_s42] [TRAIN] stage=pretrain epoch=1/1 batch=2600/3000 step=2600 repair=0.008721 localization=0.2289 type=1.578 minimal=0.0206 physics=0.1197 total=0.2411
[TRAIN train_climax_no_spectral_constraint_s42] [TRAIN] stage=pretrain epoch=1/1 batch=2610/3000 step=2610 repair=0.003146 localization=0.2161 type=1.694 minimal=0.01917 physics=0.1359 total=0.2012
[TRAIN train_climax_no_spectral_constraint_s42] [TRAIN] stage=pretrain epoch=1/1 batch=2620/3000 step=2620 repair=0.004218 localization=0.2498 type=1.039 minimal=0.01886 physics=0.2543 total=0.146
[TRAIN train_climax_no_spectral_constraint_s42] [TRAIN] stage=pretrain epoch=1/1 batch=2630/3000 step=2630 repair=0.001241 localization=0.2856 type=1.637 minimal=0.01859 physics=0.1079 total=0.1991
[TRAIN train_climax_no_spectral_constraint_s42] [TRAIN] stage=pretrain epoch=1/1 batch=2640/3000 step=2640 repair=0.005911 localization=0.3215 type=1.837 minimal=0.01764 physics=0.1037 total=0.2918
[TRAIN train_climax_no_spectral_constraint_s42] [TRAIN] stage=pretrain epoch=1/1 batch=2650/3000 step=2650 repair=0.01837 localization=0.2099 type=0.8215 minimal=0.02013 physics=0.4234 total=0.1429
[TRAIN train_climax_no_spectral_constraint_s42] [TRAIN] stage=pretrain epoch=1/1 batch=2660/3000 step=2660 repair=0.01156 localization=0.3298 type=2.517 minimal=0.01671 physics=0.1614 total=0.3903
[TRAIN train_climax_no_spectral_constraint_s42] [TRAIN] stage=pretrain epoch=1/1 batch=2670/3000 step=2670 repair=0.005733 localization=0.2361 type=0.8306 minimal=0.01472 physics=0.2155 total=0.1233
[TRAIN train_climax_no_spectral_constraint_s42] [TRAIN] stage=pretrain epoch=1/1 batch=2680/3000 step=2680 repair=0.007985 localization=0.2616 type=1.866 minimal=0.01877 physics=0.1374 total=0.3017
[TRAIN train_climax_no_spectral_constraint_s42] [TRAIN] stage=pretrain epoch=1/1 batch=2690/3000 step=2690 repair=0.008986 localization=0.2602 type=1.424 minimal=0.01601 physics=0.2554 total=0.2463
[TRAIN train_climax_no_spectral_constraint_s42] [TRAIN] stage=pretrain epoch=1/1 batch=2700/3000 step=2700 repair=0.004687 localization=0.3166 type=1.187 minimal=0.0202 physics=0.3814 total=0.1743
[TRAIN train_climax_no_spectral_constraint_s42] [TRAIN] stage=pretrain epoch=1/1 batch=2710/3000 step=2710 repair=0.004316 localization=0.2575 type=1.894 minimal=0.01846 physics=0.1946 total=0.3403
[TRAIN train_climax_no_spectral_constraint_s42] [TRAIN] stage=pretrain epoch=1/1 batch=2720/3000 step=2720 repair=0.001774 localization=0.05778 type=0.0504 minimal=0.01991 physics=0.1964 total=0.02486
[TRAIN train_climax_no_spectral_constraint_s42] [TRAIN] stage=pretrain epoch=1/1 batch=2730/3000 step=2730 repair=0.003449 localization=0.2379 type=1.065 minimal=0.01732 physics=0.5004 total=0.159
[TRAIN train_climax_no_spectral_constraint_s42] [TRAIN] stage=pretrain epoch=1/1 batch=2740/3000 step=2740 repair=0.005118 localization=0.2413 type=1.445 minimal=0.02235 physics=0.5941 total=0.2037
[TRAIN train_climax_no_spectral_constraint_s42] [TRAIN] stage=pretrain epoch=1/1 batch=2750/3000 step=2750 repair=0.005396 localization=0.2317 type=1.655 minimal=0.01562 physics=0.2949 total=0.2652
[TRAIN train_climax_no_spectral_constraint_s42] [TRAIN] stage=pretrain epoch=1/1 batch=2760/3000 step=2760 repair=0.002568 localization=0.3703 type=1.993 minimal=0.01431 physics=0.1312 total=0.3022
[TRAIN train_climax_no_spectral_constraint_s42] [TRAIN] stage=pretrain epoch=1/1 batch=2770/3000 step=2770 repair=0.006702 localization=0.3015 type=2.239 minimal=0.01607 physics=0.1886 total=0.3704
[TRAIN train_climax_no_spectral_constraint_s42] [TRAIN] stage=pretrain epoch=1/1 batch=2780/3000 step=2780 repair=0.002696 localization=0.118 type=0.002994 minimal=0.0192 physics=0.2786 total=0.02899
[TRAIN train_climax_no_spectral_constraint_s42] [TRAIN] stage=pretrain epoch=1/1 batch=2790/3000 step=2790 repair=0.002009 localization=0.3792 type=0.5002 minimal=0.01479 physics=0.1558 total=0.09789
[TRAIN train_climax_no_spectral_constraint_s42] [TRAIN] stage=pretrain epoch=1/1 batch=2800/3000 step=2800 repair=0.006712 localization=0.3251 type=1.233 minimal=0.02139 physics=0.2544 total=0.1755
[TRAIN train_climax_no_spectral_constraint_s42] [TRAIN] stage=pretrain epoch=1/1 batch=2810/3000 step=2810 repair=0.002597 localization=0.07137 type=0.007633 minimal=0.02377 physics=0.2138 total=0.02177
[TRAIN train_climax_no_spectral_constraint_s42] [TRAIN] stage=pretrain epoch=1/1 batch=2820/3000 step=2820 repair=0.006773 localization=0.2185 type=1.848 minimal=0.01917 physics=0.2817 total=0.3011
[TRAIN train_climax_no_spectral_constraint_s42] [TRAIN] stage=pretrain epoch=1/1 batch=2830/3000 step=2830 repair=0.002382 localization=0.1237 type=0.6817 minimal=0.01872 physics=0.2494 total=0.1371
[TRAIN train_climax_no_spectral_constraint_s42] [TRAIN] stage=pretrain epoch=1/1 batch=2840/3000 step=2840 repair=0.001126 localization=0.02285 type=0.001685 minimal=0.0213 physics=0.2869 total=0.01818
[TRAIN train_climax_no_spectral_constraint_s42] [TRAIN] stage=pretrain epoch=1/1 batch=2850/3000 step=2850 repair=0.00453 localization=0.2548 type=1.469 minimal=0.0215 physics=0.2223 total=0.2448
[TRAIN train_climax_no_spectral_constraint_s42] [TRAIN] stage=pretrain epoch=1/1 batch=2860/3000 step=2860 repair=0.01077 localization=0.3034 type=1.193 minimal=0.01601 physics=1.48 total=0.2842
[TRAIN train_climax_no_spectral_constraint_s42] [TRAIN] stage=pretrain epoch=1/1 batch=2870/3000 step=2870 repair=0.02887 localization=0.2946 type=1.396 minimal=0.02071 physics=0.4258 total=0.2195
[TRAIN train_climax_no_spectral_constraint_s42] [TRAIN] stage=pretrain epoch=1/1 batch=2880/3000 step=2880 repair=0.00474 localization=0.216 type=1.455 minimal=0.01637 physics=0.08636 total=0.2618
[TRAIN train_climax_no_spectral_constraint_s42] [TRAIN] stage=pretrain epoch=1/1 batch=2890/3000 step=2890 repair=0.002082 localization=0.2374 type=1.31 minimal=0.01497 physics=0.1864 total=0.1662
[TRAIN train_climax_no_spectral_constraint_s42] [TRAIN] stage=pretrain epoch=1/1 batch=2900/3000 step=2900 repair=0.003354 localization=0.3317 type=0.9888 minimal=0.01639 physics=0.1912 total=0.1451
[TRAIN train_climax_no_spectral_constraint_s42] [TRAIN] stage=pretrain epoch=1/1 batch=2910/3000 step=2910 repair=0.007351 localization=0.1928 type=2.239 minimal=0.01395 physics=0.1179 total=0.3546
[TRAIN train_climax_no_spectral_constraint_s42] [TRAIN] stage=pretrain epoch=1/1 batch=2920/3000 step=2920 repair=0.002072 localization=0.3602 type=0.5835 minimal=0.01659 physics=0.6787 total=0.1305
[TRAIN train_climax_no_spectral_constraint_s42] [TRAIN] stage=pretrain epoch=1/1 batch=2930/3000 step=2930 repair=0.01833 localization=0.2587 type=1.842 minimal=0.01767 physics=0.3392 total=0.2456
[TRAIN train_climax_no_spectral_constraint_s42] [TRAIN] stage=pretrain epoch=1/1 batch=2940/3000 step=2940 repair=0.002455 localization=0.0211 type=0.0003148 minimal=0.03308 physics=0.5272 total=0.03129
[TRAIN train_climax_no_spectral_constraint_s42] [TRAIN] stage=pretrain epoch=1/1 batch=2950/3000 step=2950 repair=0.002764 localization=0.02298 type=0.006038 minimal=0.02229 physics=0.2557 total=0.01886
[TRAIN train_climax_no_spectral_constraint_s42] [TRAIN] stage=pretrain epoch=1/1 batch=2960/3000 step=2960 repair=0.008231 localization=0.3725 type=2.224 minimal=0.01756 physics=0.3278 total=0.3977
[TRAIN train_climax_no_spectral_constraint_s42] [TRAIN] stage=pretrain epoch=1/1 batch=2970/3000 step=2970 repair=0.009869 localization=0.3261 type=1.519 minimal=0.01578 physics=0.3793 total=0.2135
[TRAIN train_climax_no_spectral_constraint_s42] [TRAIN] stage=pretrain epoch=1/1 batch=2980/3000 step=2980 repair=0.003882 localization=0.2656 type=1.407 minimal=0.01881 physics=0.415 total=0.192
[TRAIN train_climax_no_spectral_constraint_s42] [TRAIN] stage=pretrain epoch=1/1 batch=2990/3000 step=2990 repair=0.002548 localization=0.3056 type=1.32 minimal=0.01758 physics=0.1628 total=0.2127
[TRAIN train_climax_no_spectral_constraint_s42] [TRAIN] stage=pretrain epoch=1/1 batch=3000/3000 step=3000 repair=0.002809 localization=0.2467 type=1.087 minimal=0.01752 physics=0.1839 total=0.1455
[TRAIN train_climax_no_spectral_constraint_s42] [EPOCH] {'stage': 'pretrain', 'epoch': 0, 'global_step': 3000, 'train_total': 0.2613617507771899, 'val_repair_mse': 0.1301731166895479, 'elapsed_seconds': 1905.04}
[TRAIN train_climax_no_spectral_constraint_s42] [BEST] val_repair_mse=0.130173
[TRAIN train_climax_no_spectral_constraint_s42] [STAGE] finetune epochs=1 start_epoch=0
[TRAIN train_climax_no_spectral_constraint_s42] [TRAIN] stage=finetune epoch=1/1 batch=10/3000 step=3010 repair=0.1249 localization=0 type=0 minimal=0.03464 physics=0.3868 total=0.1445
[TRAIN train_climax_no_spectral_constraint_s42] [TRAIN] stage=finetune epoch=1/1 batch=20/3000 step=3020 repair=0.08559 localization=0 type=0 minimal=0.03983 physics=0.2606 total=0.09902
[TRAIN train_climax_no_spectral_constraint_s42] [TRAIN] stage=finetune epoch=1/1 batch=30/3000 step=3030 repair=0.09507 localization=0 type=0 minimal=0.03537 physics=0.3014 total=0.1105
[TRAIN train_climax_no_spectral_constraint_s42] [TRAIN] stage=finetune epoch=1/1 batch=40/3000 step=3040 repair=0.1008 localization=0 type=0 minimal=0.03461 physics=0.3685 total=0.1195
[TRAIN train_climax_no_spectral_constraint_s42] [TRAIN] stage=finetune epoch=1/1 batch=50/3000 step=3050 repair=0.09162 localization=0 type=0 minimal=0.03842 physics=0.1799 total=0.101
[TRAIN train_climax_no_spectral_constraint_s42] [TRAIN] stage=finetune epoch=1/1 batch=60/3000 step=3060 repair=0.08661 localization=0 type=0 minimal=0.03836 physics=0.2128 total=0.09763
[TRAIN train_climax_no_spectral_constraint_s42] [TRAIN] stage=finetune epoch=1/1 batch=70/3000 step=3070 repair=0.183 localization=0 type=0 minimal=0.04639 physics=0.9564 total=0.2313
[TRAIN train_climax_no_spectral_constraint_s42] [TRAIN] stage=finetune epoch=1/1 batch=80/3000 step=3080 repair=0.09839 localization=0 type=0 minimal=0.04303 physics=0.1294 total=0.1053
[TRAIN train_climax_no_spectral_constraint_s42] [TRAIN] stage=finetune epoch=1/1 batch=90/3000 step=3090 repair=0.1178 localization=0 type=0 minimal=0.043 physics=0.1631 total=0.1263
[TRAIN train_climax_no_spectral_constraint_s42] [TRAIN] stage=finetune epoch=1/1 batch=100/3000 step=3100 repair=0.08275 localization=0 type=0 minimal=0.04156 physics=0.1028 total=0.08831
[TRAIN train_climax_no_spectral_constraint_s42] [TRAIN] stage=finetune epoch=1/1 batch=110/3000 step=3110 repair=0.1255 localization=0 type=0 minimal=0.04126 physics=0.2766 total=0.1398
[TRAIN train_climax_no_spectral_constraint_s42] [TRAIN] stage=finetune epoch=1/1 batch=120/3000 step=3120 repair=0.1308 localization=0 type=0 minimal=0.03885 physics=0.1794 total=0.1402
[TRAIN train_climax_no_spectral_constraint_s42] [TRAIN] stage=finetune epoch=1/1 batch=130/3000 step=3130 repair=0.1246 localization=0 type=0 minimal=0.04523 physics=0.2144 total=0.1358
[TRAIN train_climax_no_spectral_constraint_s42] [TRAIN] stage=finetune epoch=1/1 batch=140/3000 step=3140 repair=0.09125 localization=0 type=0 minimal=0.04535 physics=0.1323 total=0.09832
[TRAIN train_climax_no_spectral_constraint_s42] [TRAIN] stage=finetune epoch=1/1 batch=150/3000 step=3150 repair=0.1693 localization=0 type=0 minimal=0.04227 physics=0.2118 total=0.1803
[TRAIN train_climax_no_spectral_constraint_s42] [TRAIN] stage=finetune epoch=1/1 batch=160/3000 step=3160 repair=0.1164 localization=0 type=0 minimal=0.04523 physics=0.2036 total=0.1271
[TRAIN train_climax_no_spectral_constraint_s42] [TRAIN] stage=finetune epoch=1/1 batch=170/3000 step=3170 repair=0.1258 localization=0 type=0 minimal=0.04324 physics=0.1715 total=0.1348
[TRAIN train_climax_no_spectral_constraint_s42] [TRAIN] stage=finetune epoch=1/1 batch=180/3000 step=3180 repair=0.1694 localization=0 type=0 minimal=0.04456 physics=0.1814 total=0.1789
[TRAIN train_climax_no_spectral_constraint_s42] [TRAIN] stage=finetune epoch=1/1 batch=190/3000 step=3190 repair=0.1117 localization=0 type=0 minimal=0.04346 physics=0.2097 total=0.1226
[TRAIN train_climax_no_spectral_constraint_s42] [TRAIN] stage=finetune epoch=1/1 batch=200/3000 step=3200 repair=0.1293 localization=0 type=0 minimal=0.04373 physics=0.2761 total=0.1436
[TRAIN train_climax_no_spectral_constraint_s42] [TRAIN] stage=finetune epoch=1/1 batch=210/3000 step=3210 repair=0.1253 localization=0 type=0 minimal=0.04648 physics=0.1726 total=0.1343
[TRAIN train_climax_no_spectral_constraint_s42] [TRAIN] stage=finetune epoch=1/1 batch=220/3000 step=3220 repair=0.1186 localization=0 type=0 minimal=0.0459 physics=0.168 total=0.1274
[TRAIN train_climax_no_spectral_constraint_s42] [TRAIN] stage=finetune epoch=1/1 batch=230/3000 step=3230 repair=0.1286 localization=0 type=0 minimal=0.04715 physics=0.172 total=0.1377
[TRAIN train_climax_no_spectral_constraint_s42] [TRAIN] stage=finetune epoch=1/1 batch=240/3000 step=3240 repair=0.1617 localization=0 type=0 minimal=0.04428 physics=0.5485 total=0.1896
[TRAIN train_climax_no_spectral_constraint_s42] [TRAIN] stage=finetune epoch=1/1 batch=250/3000 step=3250 repair=0.08664 localization=0 type=0 minimal=0.04343 physics=0.1005 total=0.0921
[TRAIN train_climax_no_spectral_constraint_s42] [TRAIN] stage=finetune epoch=1/1 batch=260/3000 step=3260 repair=0.1233 localization=0 type=0 minimal=0.04868 physics=0.408 total=0.1442
[TRAIN train_climax_no_spectral_constraint_s42] [TRAIN] stage=finetune epoch=1/1 batch=270/3000 step=3270 repair=0.1237 localization=0 type=0 minimal=0.04282 physics=0.1209 total=0.1302
[TRAIN train_climax_no_spectral_constraint_s42] [TRAIN] stage=finetune epoch=1/1 batch=280/3000 step=3280 repair=0.15 localization=0 type=0 minimal=0.04837 physics=0.2024 total=0.1606
[TRAIN train_climax_no_spectral_constraint_s42] [TRAIN] stage=finetune epoch=1/1 batch=290/3000 step=3290 repair=0.117 localization=0 type=0 minimal=0.04816 physics=0.1402 total=0.1245
[TRAIN train_climax_no_spectral_constraint_s42] [TRAIN] stage=finetune epoch=1/1 batch=300/3000 step=3300 repair=0.1285 localization=0 type=0 minimal=0.04828 physics=0.2002 total=0.139
[TRAIN train_climax_no_spectral_constraint_s42] [TRAIN] stage=finetune epoch=1/1 batch=310/3000 step=3310 repair=0.167 localization=0 type=0 minimal=0.04669 physics=0.2184 total=0.1784
[TRAIN train_climax_no_spectral_constraint_s42] [TRAIN] stage=finetune epoch=1/1 batch=320/3000 step=3320 repair=0.1188 localization=0 type=0 minimal=0.04724 physics=0.1665 total=0.1276
[TRAIN train_climax_no_spectral_constraint_s42] [TRAIN] stage=finetune epoch=1/1 batch=330/3000 step=3330 repair=0.1791 localization=0 type=0 minimal=0.0535 physics=0.321 total=0.1957
[TRAIN train_climax_no_spectral_constraint_s42] [TRAIN] stage=finetune epoch=1/1 batch=340/3000 step=3340 repair=0.07854 localization=0 type=0 minimal=0.04514 physics=0.1384 total=0.08591
[TRAIN train_climax_no_spectral_constraint_s42] [TRAIN] stage=finetune epoch=1/1 batch=350/3000 step=3350 repair=0.07673 localization=0 type=0 minimal=0.0451 physics=0.09957 total=0.08216
[TRAIN train_climax_no_spectral_constraint_s42] [TRAIN] stage=finetune epoch=1/1 batch=360/3000 step=3360 repair=0.1223 localization=0 type=0 minimal=0.04605 physics=0.1562 total=0.1306
[TRAIN train_climax_no_spectral_constraint_s42] [TRAIN] stage=finetune epoch=1/1 batch=370/3000 step=3370 repair=0.07195 localization=0 type=0 minimal=0.04657 physics=0.1509 total=0.07995
[TRAIN train_climax_no_spectral_constraint_s42] [TRAIN] stage=finetune epoch=1/1 batch=380/3000 step=3380 repair=0.1274 localization=0 type=0 minimal=0.04636 physics=0.2685 total=0.1413
[TRAIN train_climax_no_spectral_constraint_s42] [TRAIN] stage=finetune epoch=1/1 batch=390/3000 step=3390 repair=0.1261 localization=0 type=0 minimal=0.05301 physics=0.3163 total=0.1425
[TRAIN train_climax_no_spectral_constraint_s42] [TRAIN] stage=finetune epoch=1/1 batch=400/3000 step=3400 repair=0.1349 localization=0 type=0 minimal=0.05008 physics=0.3401 total=0.1525
[TRAIN train_climax_no_spectral_constraint_s42] [TRAIN] stage=finetune epoch=1/1 batch=410/3000 step=3410 repair=0.1731 localization=0 type=0 minimal=0.05011 physics=0.333 total=0.1902
[TRAIN train_climax_no_spectral_constraint_s42] [TRAIN] stage=finetune epoch=1/1 batch=420/3000 step=3420 repair=0.08922 localization=0 type=0 minimal=0.0506 physics=0.09279 total=0.09436
[TRAIN train_climax_no_spectral_constraint_s42] [TRAIN] stage=finetune epoch=1/1 batch=430/3000 step=3430 repair=0.1261 localization=0 type=0 minimal=0.04807 physics=0.1147 total=0.1324
[TRAIN train_climax_no_spectral_constraint_s42] [TRAIN] stage=finetune epoch=1/1 batch=440/3000 step=3440 repair=0.08889 localization=0 type=0 minimal=0.04684 physics=0.4019 total=0.1094
[TRAIN train_climax_no_spectral_constraint_s42] [TRAIN] stage=finetune epoch=1/1 batch=450/3000 step=3450 repair=0.1319 localization=0 type=0 minimal=0.04578 physics=0.1525 total=0.14
[TRAIN train_climax_no_spectral_constraint_s42] [TRAIN] stage=finetune epoch=1/1 batch=460/3000 step=3460 repair=0.09239 localization=0 type=0 minimal=0.05103 physics=0.158 total=0.1008
[TRAIN train_climax_no_spectral_constraint_s42] [TRAIN] stage=finetune epoch=1/1 batch=470/3000 step=3470 repair=0.1619 localization=0 type=0 minimal=0.04785 physics=0.2048 total=0.1726
[TRAIN train_climax_no_spectral_constraint_s42] [TRAIN] stage=finetune epoch=1/1 batch=480/3000 step=3480 repair=0.08164 localization=0 type=0 minimal=0.04788 physics=0.2128 total=0.09276
[TRAIN train_climax_no_spectral_constraint_s42] [TRAIN] stage=finetune epoch=1/1 batch=490/3000 step=3490 repair=0.1239 localization=0 type=0 minimal=0.05661 physics=0.1291 total=0.1309
[TRAIN train_climax_no_spectral_constraint_s42] [TRAIN] stage=finetune epoch=1/1 batch=500/3000 step=3500 repair=0.1149 localization=0 type=0 minimal=0.04855 physics=0.1197 total=0.1214
[TRAIN train_climax_no_spectral_constraint_s42] [TRAIN] stage=finetune epoch=1/1 batch=510/3000 step=3510 repair=0.08311 localization=0 type=0 minimal=0.04919 physics=0.3423 total=0.1007
[TRAIN train_climax_no_spectral_constraint_s42] [TRAIN] stage=finetune epoch=1/1 batch=520/3000 step=3520 repair=0.123 localization=0 type=0 minimal=0.04529 physics=0.3481 total=0.1409
[TRAIN train_climax_no_spectral_constraint_s42] [TRAIN] stage=finetune epoch=1/1 batch=530/3000 step=3530 repair=0.113 localization=0 type=0 minimal=0.04205 physics=0.3632 total=0.1316
[TRAIN train_climax_no_spectral_constraint_s42] [TRAIN] stage=finetune epoch=1/1 batch=540/3000 step=3540 repair=0.1301 localization=0 type=0 minimal=0.04834 physics=0.1161 total=0.1364
[TRAIN train_climax_no_spectral_constraint_s42] [TRAIN] stage=finetune epoch=1/1 batch=550/3000 step=3550 repair=0.115 localization=0 type=0 minimal=0.04996 physics=0.1462 total=0.1228
[TRAIN train_climax_no_spectral_constraint_s42] [TRAIN] stage=finetune epoch=1/1 batch=560/3000 step=3560 repair=0.1254 localization=0 type=0 minimal=0.0481 physics=0.2007 total=0.1359
[TRAIN train_climax_no_spectral_constraint_s42] [TRAIN] stage=finetune epoch=1/1 batch=570/3000 step=3570 repair=0.08982 localization=0 type=0 minimal=0.04648 physics=0.1216 total=0.09636
[TRAIN train_climax_no_spectral_constraint_s42] [TRAIN] stage=finetune epoch=1/1 batch=580/3000 step=3580 repair=0.1229 localization=0 type=0 minimal=0.0495 physics=0.1761 total=0.1322
[TRAIN train_climax_no_spectral_constraint_s42] [TRAIN] stage=finetune epoch=1/1 batch=590/3000 step=3590 repair=0.08202 localization=0 type=0 minimal=0.04846 physics=0.266 total=0.09581
[TRAIN train_climax_no_spectral_constraint_s42] [TRAIN] stage=finetune epoch=1/1 batch=600/3000 step=3600 repair=0.08807 localization=0 type=0 minimal=0.0509 physics=0.1864 total=0.0979
[TRAIN train_climax_no_spectral_constraint_s42] [TRAIN] stage=finetune epoch=1/1 batch=610/3000 step=3610 repair=0.1168 localization=0 type=0 minimal=0.05307 physics=0.1801 total=0.1263
[TRAIN train_climax_no_spectral_constraint_s42] [TRAIN] stage=finetune epoch=1/1 batch=620/3000 step=3620 repair=0.09421 localization=0 type=0 minimal=0.04922 physics=0.2571 total=0.1076
[TRAIN train_climax_no_spectral_constraint_s42] [TRAIN] stage=finetune epoch=1/1 batch=630/3000 step=3630 repair=0.08322 localization=0 type=0 minimal=0.04932 physics=0.1465 total=0.09103
[TRAIN train_climax_no_spectral_constraint_s42] [TRAIN] stage=finetune epoch=1/1 batch=640/3000 step=3640 repair=0.07896 localization=0 type=0 minimal=0.05539 physics=0.1396 total=0.08649
[TRAIN train_climax_no_spectral_constraint_s42] [TRAIN] stage=finetune epoch=1/1 batch=650/3000 step=3650 repair=0.1626 localization=0 type=0 minimal=0.04837 physics=0.4533 total=0.1857
[TRAIN train_climax_no_spectral_constraint_s42] [TRAIN] stage=finetune epoch=1/1 batch=660/3000 step=3660 repair=0.1136 localization=0 type=0 minimal=0.04538 physics=0.7775 total=0.1529
[TRAIN train_climax_no_spectral_constraint_s42] [TRAIN] stage=finetune epoch=1/1 batch=670/3000 step=3670 repair=0.08432 localization=0 type=0 minimal=0.05139 physics=0.3713 total=0.1034
[TRAIN train_climax_no_spectral_constraint_s42] [TRAIN] stage=finetune epoch=1/1 batch=680/3000 step=3680 repair=0.1196 localization=0 type=0 minimal=0.05621 physics=0.1582 total=0.1281
[TRAIN train_climax_no_spectral_constraint_s42] [TRAIN] stage=finetune epoch=1/1 batch=690/3000 step=3690 repair=0.1331 localization=0 type=0 minimal=0.05099 physics=0.1291 total=0.1401
[TRAIN train_climax_no_spectral_constraint_s42] [TRAIN] stage=finetune epoch=1/1 batch=700/3000 step=3700 repair=0.1657 localization=0 type=0 minimal=0.05002 physics=0.1295 total=0.1727
[TRAIN train_climax_no_spectral_constraint_s42] [TRAIN] stage=finetune epoch=1/1 batch=710/3000 step=3710 repair=0.08812 localization=0 type=0 minimal=0.052 physics=0.2283 total=0.1001
[TRAIN train_climax_no_spectral_constraint_s42] [TRAIN] stage=finetune epoch=1/1 batch=720/3000 step=3720 repair=0.1578 localization=0 type=0 minimal=0.05554 physics=0.1345 total=0.1651
[TRAIN train_climax_no_spectral_constraint_s42] [TRAIN] stage=finetune epoch=1/1 batch=730/3000 step=3730 repair=0.08849 localization=0 type=0 minimal=0.04977 physics=0.1298 total=0.09548
[TRAIN train_climax_no_spectral_constraint_s42] [TRAIN] stage=finetune epoch=1/1 batch=740/3000 step=3740 repair=0.1591 localization=0 type=0 minimal=0.05173 physics=0.1591 total=0.1675
[TRAIN train_climax_no_spectral_constraint_s42] [TRAIN] stage=finetune epoch=1/1 batch=750/3000 step=3750 repair=0.07912 localization=0 type=0 minimal=0.04871 physics=0.2456 total=0.09189
[TRAIN train_climax_no_spectral_constraint_s42] [TRAIN] stage=finetune epoch=1/1 batch=760/3000 step=3760 repair=0.08085 localization=0 type=0 minimal=0.0531 physics=0.2334 total=0.09306
[TRAIN train_climax_no_spectral_constraint_s42] [TRAIN] stage=finetune epoch=1/1 batch=770/3000 step=3770 repair=0.1174 localization=0 type=0 minimal=0.05377 physics=0.1503 total=0.1255
[TRAIN train_climax_no_spectral_constraint_s42] [TRAIN] stage=finetune epoch=1/1 batch=780/3000 step=3780 repair=0.118 localization=0 type=0 minimal=0.05075 physics=0.1736 total=0.1272
[TRAIN train_climax_no_spectral_constraint_s42] [TRAIN] stage=finetune epoch=1/1 batch=790/3000 step=3790 repair=0.08288 localization=0 type=0 minimal=0.0513 physics=0.1513 total=0.09096
[TRAIN train_climax_no_spectral_constraint_s42] [TRAIN] stage=finetune epoch=1/1 batch=800/3000 step=3800 repair=0.1169 localization=0 type=0 minimal=0.05139 physics=0.1503 total=0.1249
[TRAIN train_climax_no_spectral_constraint_s42] [TRAIN] stage=finetune epoch=1/1 batch=810/3000 step=3810 repair=0.07171 localization=0 type=0 minimal=0.0517 physics=0.09861 total=0.07715
[TRAIN train_climax_no_spectral_constraint_s42] [TRAIN] stage=finetune epoch=1/1 batch=820/3000 step=3820 repair=0.1179 localization=0 type=0 minimal=0.05624 physics=0.1714 total=0.127
[TRAIN train_climax_no_spectral_constraint_s42] [TRAIN] stage=finetune epoch=1/1 batch=830/3000 step=3830 repair=0.1084 localization=0 type=0 minimal=0.05399 physics=0.1225 total=0.115
[TRAIN train_climax_no_spectral_constraint_s42] [TRAIN] stage=finetune epoch=1/1 batch=840/3000 step=3840 repair=0.14 localization=0 type=0 minimal=0.05914 physics=0.1684 total=0.149
[TRAIN train_climax_no_spectral_constraint_s42] [TRAIN] stage=finetune epoch=1/1 batch=850/3000 step=3850 repair=0.113 localization=0 type=0 minimal=0.05789 physics=0.1646 total=0.1218
[TRAIN train_climax_no_spectral_constraint_s42] [TRAIN] stage=finetune epoch=1/1 batch=860/3000 step=3860 repair=0.118 localization=0 type=0 minimal=0.05362 physics=0.1492 total=0.126
[TRAIN train_climax_no_spectral_constraint_s42] [TRAIN] stage=finetune epoch=1/1 batch=870/3000 step=3870 repair=0.119 localization=0 type=0 minimal=0.05322 physics=0.2595 total=0.1325
[TRAIN train_climax_no_spectral_constraint_s42] [TRAIN] stage=finetune epoch=1/1 batch=880/3000 step=3880 repair=0.1267 localization=0 type=0 minimal=0.05664 physics=0.2148 total=0.138
[TRAIN train_climax_no_spectral_constraint_s42] [TRAIN] stage=finetune epoch=1/1 batch=890/3000 step=3890 repair=0.08356 localization=0 type=0 minimal=0.05206 physics=0.4692 total=0.1075
[TRAIN train_climax_no_spectral_constraint_s42] [TRAIN] stage=finetune epoch=1/1 batch=900/3000 step=3900 repair=0.08103 localization=0 type=0 minimal=0.05368 physics=0.2879 total=0.09596
[TRAIN train_climax_no_spectral_constraint_s42] [TRAIN] stage=finetune epoch=1/1 batch=910/3000 step=3910 repair=0.0779 localization=0 type=0 minimal=0.04919 physics=0.2929 total=0.09304
[TRAIN train_climax_no_spectral_constraint_s42] [TRAIN] stage=finetune epoch=1/1 batch=920/3000 step=3920 repair=0.1207 localization=0 type=0 minimal=0.04871 physics=0.3141 total=0.1369
[TRAIN train_climax_no_spectral_constraint_s42] [TRAIN] stage=finetune epoch=1/1 batch=930/3000 step=3930 repair=0.08179 localization=0 type=0 minimal=0.05869 physics=0.121 total=0.08842
[TRAIN train_climax_no_spectral_constraint_s42] [TRAIN] stage=finetune epoch=1/1 batch=940/3000 step=3940 repair=0.07874 localization=0 type=0 minimal=0.0524 physics=0.2055 total=0.08954
[TRAIN train_climax_no_spectral_constraint_s42] [TRAIN] stage=finetune epoch=1/1 batch=950/3000 step=3950 repair=0.1202 localization=0 type=0 minimal=0.05334 physics=0.2544 total=0.1335
[TRAIN train_climax_no_spectral_constraint_s42] [TRAIN] stage=finetune epoch=1/1 batch=960/3000 step=3960 repair=0.08228 localization=0 type=0 minimal=0.05096 physics=0.313 total=0.09844
[TRAIN train_climax_no_spectral_constraint_s42] [TRAIN] stage=finetune epoch=1/1 batch=970/3000 step=3970 repair=0.1731 localization=0 type=0 minimal=0.05502 physics=0.1779 total=0.1825
[TRAIN train_climax_no_spectral_constraint_s42] [TRAIN] stage=finetune epoch=1/1 batch=980/3000 step=3980 repair=0.129 localization=0 type=0 minimal=0.05536 physics=0.3331 total=0.1462
[TRAIN train_climax_no_spectral_constraint_s42] [TRAIN] stage=finetune epoch=1/1 batch=990/3000 step=3990 repair=0.1647 localization=0 type=0 minimal=0.05316 physics=0.2749 total=0.1789
[TRAIN train_climax_no_spectral_constraint_s42] [TRAIN] stage=finetune epoch=1/1 batch=1000/3000 step=4000 repair=0.07453 localization=0 type=0 minimal=0.05402 physics=0.1921 total=0.08468
[TRAIN train_climax_no_spectral_constraint_s42] [TRAIN] stage=finetune epoch=1/1 batch=1010/3000 step=4010 repair=0.07141 localization=0 type=0 minimal=0.05136 physics=0.1099 total=0.07741
[TRAIN train_climax_no_spectral_constraint_s42] [TRAIN] stage=finetune epoch=1/1 batch=1020/3000 step=4020 repair=0.1241 localization=0 type=0 minimal=0.0589 physics=0.2451 total=0.137
[TRAIN train_climax_no_spectral_constraint_s42] [TRAIN] stage=finetune epoch=1/1 batch=1030/3000 step=4030 repair=0.1806 localization=0 type=0 minimal=0.05676 physics=0.2956 total=0.1959
[TRAIN train_climax_no_spectral_constraint_s42] [TRAIN] stage=finetune epoch=1/1 batch=1040/3000 step=4040 repair=0.1112 localization=0 type=0 minimal=0.05621 physics=0.3439 total=0.1289
[TRAIN train_climax_no_spectral_constraint_s42] [TRAIN] stage=finetune epoch=1/1 batch=1050/3000 step=4050 repair=0.1591 localization=0 type=0 minimal=0.05325 physics=0.2704 total=0.1732
[TRAIN train_climax_no_spectral_constraint_s42] [TRAIN] stage=finetune epoch=1/1 batch=1060/3000 step=4060 repair=0.09211 localization=0 type=0 minimal=0.06073 physics=0.2352 total=0.1045
[TRAIN train_climax_no_spectral_constraint_s42] [TRAIN] stage=finetune epoch=1/1 batch=1070/3000 step=4070 repair=0.122 localization=0 type=0 minimal=0.05997 physics=0.1148 total=0.1283
[TRAIN train_climax_no_spectral_constraint_s42] [TRAIN] stage=finetune epoch=1/1 batch=1080/3000 step=4080 repair=0.1236 localization=0 type=0 minimal=0.05682 physics=0.1186 total=0.1301
[TRAIN train_climax_no_spectral_constraint_s42] [TRAIN] stage=finetune epoch=1/1 batch=1090/3000 step=4090 repair=0.08093 localization=0 type=0 minimal=0.05579 physics=0.2022 total=0.09159
[TRAIN train_climax_no_spectral_constraint_s42] [TRAIN] stage=finetune epoch=1/1 batch=1100/3000 step=4100 repair=0.1168 localization=0 type=0 minimal=0.0553 physics=0.2717 total=0.131
[TRAIN train_climax_no_spectral_constraint_s42] [TRAIN] stage=finetune epoch=1/1 batch=1110/3000 step=4110 repair=0.0742 localization=0 type=0 minimal=0.05502 physics=0.08467 total=0.07898
[TRAIN train_climax_no_spectral_constraint_s42] [TRAIN] stage=finetune epoch=1/1 batch=1120/3000 step=4120 repair=0.1555 localization=0 type=0 minimal=0.05698 physics=0.3364 total=0.1728
[TRAIN train_climax_no_spectral_constraint_s42] [TRAIN] stage=finetune epoch=1/1 batch=1130/3000 step=4130 repair=0.07582 localization=0 type=0 minimal=0.06137 physics=0.3283 total=0.09285
[TRAIN train_climax_no_spectral_constraint_s42] [TRAIN] stage=finetune epoch=1/1 batch=1140/3000 step=4140 repair=0.07035 localization=0 type=0 minimal=0.05756 physics=0.09202 total=0.07552
[TRAIN train_climax_no_spectral_constraint_s42] [TRAIN] stage=finetune epoch=1/1 batch=1150/3000 step=4150 repair=0.07829 localization=0 type=0 minimal=0.05762 physics=0.1124 total=0.08449
[TRAIN train_climax_no_spectral_constraint_s42] [TRAIN] stage=finetune epoch=1/1 batch=1160/3000 step=4160 repair=0.1219 localization=0 type=0 minimal=0.05847 physics=0.1011 total=0.1275
[TRAIN train_climax_no_spectral_constraint_s42] [TRAIN] stage=finetune epoch=1/1 batch=1170/3000 step=4170 repair=0.08483 localization=0 type=0 minimal=0.05984 physics=0.3584 total=0.1034
[TRAIN train_climax_no_spectral_constraint_s42] [TRAIN] stage=finetune epoch=1/1 batch=1180/3000 step=4180 repair=0.08599 localization=0 type=0 minimal=0.05856 physics=0.1663 total=0.0949
[TRAIN train_climax_no_spectral_constraint_s42] [TRAIN] stage=finetune epoch=1/1 batch=1190/3000 step=4190 repair=0.1173 localization=0 type=0 minimal=0.05713 physics=0.2624 total=0.131
[TRAIN train_climax_no_spectral_constraint_s42] [TRAIN] stage=finetune epoch=1/1 batch=1200/3000 step=4200 repair=0.1523 localization=0 type=0 minimal=0.06317 physics=0.2738 total=0.1666
[TRAIN train_climax_no_spectral_constraint_s42] [TRAIN] stage=finetune epoch=1/1 batch=1210/3000 step=4210 repair=0.07798 localization=0 type=0 minimal=0.05814 physics=0.1297 total=0.08505
[TRAIN train_climax_no_spectral_constraint_s42] [TRAIN] stage=finetune epoch=1/1 batch=1220/3000 step=4220 repair=0.07701 localization=0 type=0 minimal=0.05759 physics=0.08468 total=0.08182
[TRAIN train_climax_no_spectral_constraint_s42] [TRAIN] stage=finetune epoch=1/1 batch=1230/3000 step=4230 repair=0.1829 localization=0 type=0 minimal=0.06299 physics=0.1983 total=0.1934
[TRAIN train_climax_no_spectral_constraint_s42] [TRAIN] stage=finetune epoch=1/1 batch=1240/3000 step=4240 repair=0.09145 localization=0 type=0 minimal=0.05591 physics=0.2601 total=0.105
[TRAIN train_climax_no_spectral_constraint_s42] [TRAIN] stage=finetune epoch=1/1 batch=1250/3000 step=4250 repair=0.1639 localization=0 type=0 minimal=0.06287 physics=0.193 total=0.1741
[TRAIN train_climax_no_spectral_constraint_s42] [TRAIN] stage=finetune epoch=1/1 batch=1260/3000 step=4260 repair=0.1296 localization=0 type=0 minimal=0.05334 physics=0.5245 total=0.1563
[TRAIN train_climax_no_spectral_constraint_s42] [TRAIN] stage=finetune epoch=1/1 batch=1270/3000 step=4270 repair=0.08497 localization=0 type=0 minimal=0.05905 physics=0.1063 total=0.09087
[TRAIN train_climax_no_spectral_constraint_s42] [TRAIN] stage=finetune epoch=1/1 batch=1280/3000 step=4280 repair=0.1188 localization=0 type=0 minimal=0.05527 physics=0.2457 total=0.1316
[TRAIN train_climax_no_spectral_constraint_s42] [TRAIN] stage=finetune epoch=1/1 batch=1290/3000 step=4290 repair=0.08419 localization=0 type=0 minimal=0.0621 physics=0.09476 total=0.08955
[TRAIN train_climax_no_spectral_constraint_s42] [TRAIN] stage=finetune epoch=1/1 batch=1300/3000 step=4300 repair=0.1212 localization=0 type=0 minimal=0.05933 physics=0.09875 total=0.1268
[TRAIN train_climax_no_spectral_constraint_s42] [TRAIN] stage=finetune epoch=1/1 batch=1310/3000 step=4310 repair=0.09455 localization=0 type=0 minimal=0.0621 physics=0.2011 total=0.1052
[TRAIN train_climax_no_spectral_constraint_s42] [TRAIN] stage=finetune epoch=1/1 batch=1320/3000 step=4320 repair=0.07158 localization=0 type=0 minimal=0.05463 physics=0.2455 total=0.0844
[TRAIN train_climax_no_spectral_constraint_s42] [TRAIN] stage=finetune epoch=1/1 batch=1330/3000 step=4330 repair=0.1284 localization=0 type=0 minimal=0.05511 physics=0.2462 total=0.1413
[TRAIN train_climax_no_spectral_constraint_s42] [TRAIN] stage=finetune epoch=1/1 batch=1340/3000 step=4340 repair=0.117 localization=0 type=0 minimal=0.06195 physics=0.2539 total=0.1304
[TRAIN train_climax_no_spectral_constraint_s42] [TRAIN] stage=finetune epoch=1/1 batch=1350/3000 step=4350 repair=0.1317 localization=0 type=0 minimal=0.06055 physics=0.315 total=0.148
[TRAIN train_climax_no_spectral_constraint_s42] [TRAIN] stage=finetune epoch=1/1 batch=1360/3000 step=4360 repair=0.1397 localization=0 type=0 minimal=0.05969 physics=0.1909 total=0.1499
[TRAIN train_climax_no_spectral_constraint_s42] [TRAIN] stage=finetune epoch=1/1 batch=1370/3000 step=4370 repair=0.1364 localization=0 type=0 minimal=0.05878 physics=0.2034 total=0.1472
[TRAIN train_climax_no_spectral_constraint_s42] [TRAIN] stage=finetune epoch=1/1 batch=1380/3000 step=4380 repair=0.1855 localization=0 type=0 minimal=0.05792 physics=0.185 total=0.1953
[TRAIN train_climax_no_spectral_constraint_s42] [TRAIN] stage=finetune epoch=1/1 batch=1390/3000 step=4390 repair=0.06621 localization=0 type=0 minimal=0.06281 physics=0.4025 total=0.08697
[TRAIN train_climax_no_spectral_constraint_s42] [TRAIN] stage=finetune epoch=1/1 batch=1400/3000 step=4400 repair=0.1111 localization=0 type=0 minimal=0.05786 physics=0.2942 total=0.1264
[TRAIN train_climax_no_spectral_constraint_s42] [TRAIN] stage=finetune epoch=1/1 batch=1410/3000 step=4410 repair=0.07894 localization=0 type=0 minimal=0.05847 physics=0.1909 total=0.08907
[TRAIN train_climax_no_spectral_constraint_s42] [TRAIN] stage=finetune epoch=1/1 batch=1420/3000 step=4420 repair=0.08139 localization=0 type=0 minimal=0.05911 physics=0.1357 total=0.08877
[TRAIN train_climax_no_spectral_constraint_s42] [TRAIN] stage=finetune epoch=1/1 batch=1430/3000 step=4430 repair=0.06884 localization=0 type=0 minimal=0.06427 physics=0.1398 total=0.07647
[TRAIN train_climax_no_spectral_constraint_s42] [TRAIN] stage=finetune epoch=1/1 batch=1440/3000 step=4440 repair=0.07402 localization=0 type=0 minimal=0.056 physics=0.1543 total=0.08229
[TRAIN train_climax_no_spectral_constraint_s42] [TRAIN] stage=finetune epoch=1/1 batch=1450/3000 step=4450 repair=0.1152 localization=0 type=0 minimal=0.05896 physics=0.4053 total=0.1361
[TRAIN train_climax_no_spectral_constraint_s42] [TRAIN] stage=finetune epoch=1/1 batch=1460/3000 step=4460 repair=0.1238 localization=0 type=0 minimal=0.0614 physics=0.3966 total=0.1443
[TRAIN train_climax_no_spectral_constraint_s42] [TRAIN] stage=finetune epoch=1/1 batch=1470/3000 step=4470 repair=0.1358 localization=0 type=0 minimal=0.05951 physics=0.3037 total=0.1516
[TRAIN train_climax_no_spectral_constraint_s42] [TRAIN] stage=finetune epoch=1/1 batch=1480/3000 step=4480 repair=0.1272 localization=0 type=0 minimal=0.05917 physics=0.1443 total=0.135
[TRAIN train_climax_no_spectral_constraint_s42] [TRAIN] stage=finetune epoch=1/1 batch=1490/3000 step=4490 repair=0.07993 localization=0 type=0 minimal=0.05621 physics=0.0854 total=0.08476
[TRAIN train_climax_no_spectral_constraint_s42] [TRAIN] stage=finetune epoch=1/1 batch=1500/3000 step=4500 repair=0.1555 localization=0 type=0 minimal=0.05737 physics=0.2093 total=0.1665
[TRAIN train_climax_no_spectral_constraint_s42] [TRAIN] stage=finetune epoch=1/1 batch=1510/3000 step=4510 repair=0.08331 localization=0 type=0 minimal=0.06122 physics=0.2956 total=0.09871
[TRAIN train_climax_no_spectral_constraint_s42] [TRAIN] stage=finetune epoch=1/1 batch=1520/3000 step=4520 repair=0.0845 localization=0 type=0 minimal=0.06107 physics=0.085 total=0.08936
[TRAIN train_climax_no_spectral_constraint_s42] [TRAIN] stage=finetune epoch=1/1 batch=1530/3000 step=4530 repair=0.08335 localization=0 type=0 minimal=0.05988 physics=0.09801 total=0.08885
[TRAIN train_climax_no_spectral_constraint_s42] [TRAIN] stage=finetune epoch=1/1 batch=1540/3000 step=4540 repair=0.09819 localization=0 type=0 minimal=0.06549 physics=0.1891 total=0.1083
[TRAIN train_climax_no_spectral_constraint_s42] [TRAIN] stage=finetune epoch=1/1 batch=1550/3000 step=4550 repair=0.07972 localization=0 type=0 minimal=0.05301 physics=0.2333 total=0.09191
[TRAIN train_climax_no_spectral_constraint_s42] [TRAIN] stage=finetune epoch=1/1 batch=1560/3000 step=4560 repair=0.08522 localization=0 type=0 minimal=0.06354 physics=0.2179 total=0.09675
[TRAIN train_climax_no_spectral_constraint_s42] [TRAIN] stage=finetune epoch=1/1 batch=1570/3000 step=4570 repair=0.07176 localization=0 type=0 minimal=0.05737 physics=0.08304 total=0.07648
[TRAIN train_climax_no_spectral_constraint_s42] [TRAIN] stage=finetune epoch=1/1 batch=1580/3000 step=4580 repair=0.07842 localization=0 type=0 minimal=0.05606 physics=0.137 total=0.08584
[TRAIN train_climax_no_spectral_constraint_s42] [TRAIN] stage=finetune epoch=1/1 batch=1590/3000 step=4590 repair=0.1106 localization=0 type=0 minimal=0.0618 physics=0.2353 total=0.123
[TRAIN train_climax_no_spectral_constraint_s42] [TRAIN] stage=finetune epoch=1/1 batch=1600/3000 step=4600 repair=0.1288 localization=0 type=0 minimal=0.05966 physics=0.1939 total=0.1391
[TRAIN train_climax_no_spectral_constraint_s42] [TRAIN] stage=finetune epoch=1/1 batch=1610/3000 step=4610 repair=0.06161 localization=0 type=0 minimal=0.05688 physics=0.1848 total=0.07142
[TRAIN train_climax_no_spectral_constraint_s42] [TRAIN] stage=finetune epoch=1/1 batch=1620/3000 step=4620 repair=0.1055 localization=0 type=0 minimal=0.05505 physics=0.2417 total=0.1181
[TRAIN train_climax_no_spectral_constraint_s42] [TRAIN] stage=finetune epoch=1/1 batch=1630/3000 step=4630 repair=0.19 localization=0 type=0 minimal=0.05609 physics=0.3472 total=0.2079
[TRAIN train_climax_no_spectral_constraint_s42] [TRAIN] stage=finetune epoch=1/1 batch=1640/3000 step=4640 repair=0.1221 localization=0 type=0 minimal=0.06241 physics=0.1937 total=0.1324
[TRAIN train_climax_no_spectral_constraint_s42] [TRAIN] stage=finetune epoch=1/1 batch=1650/3000 step=4650 repair=0.09068 localization=0 type=0 minimal=0.06171 physics=0.1471 total=0.09865
[TRAIN train_climax_no_spectral_constraint_s42] [TRAIN] stage=finetune epoch=1/1 batch=1660/3000 step=4660 repair=0.07109 localization=0 type=0 minimal=0.05273 physics=0.288 total=0.08602
[TRAIN train_climax_no_spectral_constraint_s42] [TRAIN] stage=finetune epoch=1/1 batch=1670/3000 step=4670 repair=0.103 localization=0 type=0 minimal=0.05646 physics=0.1303 total=0.1101
[TRAIN train_climax_no_spectral_constraint_s42] [TRAIN] stage=finetune epoch=1/1 batch=1680/3000 step=4680 repair=0.1288 localization=0 type=0 minimal=0.05997 physics=0.1572 total=0.1372
[TRAIN train_climax_no_spectral_constraint_s42] [TRAIN] stage=finetune epoch=1/1 batch=1690/3000 step=4690 repair=0.1145 localization=0 type=0 minimal=0.05685 physics=0.2036 total=0.1252
[TRAIN train_climax_no_spectral_constraint_s42] [TRAIN] stage=finetune epoch=1/1 batch=1700/3000 step=4700 repair=0.07744 localization=0 type=0 minimal=0.05466 physics=0.1985 total=0.08791
[TRAIN train_climax_no_spectral_constraint_s42] [TRAIN] stage=finetune epoch=1/1 batch=1710/3000 step=4710 repair=0.1555 localization=0 type=0 minimal=0.05814 physics=0.3141 total=0.1718
[TRAIN train_climax_no_spectral_constraint_s42] [TRAIN] stage=finetune epoch=1/1 batch=1720/3000 step=4720 repair=0.07828 localization=0 type=0 minimal=0.05948 physics=0.07263 total=0.08251
[TRAIN train_climax_no_spectral_constraint_s42] [TRAIN] stage=finetune epoch=1/1 batch=1730/3000 step=4730 repair=0.08669 localization=0 type=0 minimal=0.06097 physics=0.1411 total=0.09436
[TRAIN train_climax_no_spectral_constraint_s42] [TRAIN] stage=finetune epoch=1/1 batch=1740/3000 step=4740 repair=0.07159 localization=0 type=0 minimal=0.06183 physics=0.1892 total=0.08167
[TRAIN train_climax_no_spectral_constraint_s42] [TRAIN] stage=finetune epoch=1/1 batch=1750/3000 step=4750 repair=0.08194 localization=0 type=0 minimal=0.06064 physics=0.1028 total=0.08769
[TRAIN train_climax_no_spectral_constraint_s42] [TRAIN] stage=finetune epoch=1/1 batch=1760/3000 step=4760 repair=0.07651 localization=0 type=0 minimal=0.06549 physics=0.1596 total=0.08514
[TRAIN train_climax_no_spectral_constraint_s42] [TRAIN] stage=finetune epoch=1/1 batch=1770/3000 step=4770 repair=0.1648 localization=0 type=0 minimal=0.0567 physics=0.1238 total=0.1716
[TRAIN train_climax_no_spectral_constraint_s42] [TRAIN] stage=finetune epoch=1/1 batch=1780/3000 step=4780 repair=0.07943 localization=0 type=0 minimal=0.05649 physics=0.307 total=0.09534
[TRAIN train_climax_no_spectral_constraint_s42] [TRAIN] stage=finetune epoch=1/1 batch=1790/3000 step=4790 repair=0.1172 localization=0 type=0 minimal=0.05835 physics=0.1304 total=0.1243
[TRAIN train_climax_no_spectral_constraint_s42] [TRAIN] stage=finetune epoch=1/1 batch=1800/3000 step=4800 repair=0.0835 localization=0 type=0 minimal=0.06348 physics=0.1572 total=0.09199
[TRAIN train_climax_no_spectral_constraint_s42] [TRAIN] stage=finetune epoch=1/1 batch=1810/3000 step=4810 repair=0.08064 localization=0 type=0 minimal=0.06317 physics=0.1348 total=0.08801
[TRAIN train_climax_no_spectral_constraint_s42] [TRAIN] stage=finetune epoch=1/1 batch=1820/3000 step=4820 repair=0.1455 localization=0 type=0 minimal=0.05713 physics=0.3315 total=0.1627
[TRAIN train_climax_no_spectral_constraint_s42] [TRAIN] stage=finetune epoch=1/1 batch=1830/3000 step=4830 repair=0.126 localization=0 type=0 minimal=0.05817 physics=0.1854 total=0.1359
[TRAIN train_climax_no_spectral_constraint_s42] [TRAIN] stage=finetune epoch=1/1 batch=1840/3000 step=4840 repair=0.06613 localization=0 type=0 minimal=0.06329 physics=0.4017 total=0.08685
[TRAIN train_climax_no_spectral_constraint_s42] [TRAIN] stage=finetune epoch=1/1 batch=1850/3000 step=4850 repair=0.1126 localization=0 type=0 minimal=0.05841 physics=0.2692 total=0.1266
[TRAIN train_climax_no_spectral_constraint_s42] [TRAIN] stage=finetune epoch=1/1 batch=1860/3000 step=4860 repair=0.08777 localization=0 type=0 minimal=0.06335 physics=0.1662 total=0.09672
[TRAIN train_climax_no_spectral_constraint_s42] [TRAIN] stage=finetune epoch=1/1 batch=1870/3000 step=4870 repair=0.119 localization=0 type=0 minimal=0.06439 physics=0.4617 total=0.1428
[TRAIN train_climax_no_spectral_constraint_s42] [TRAIN] stage=finetune epoch=1/1 batch=1880/3000 step=4880 repair=0.1295 localization=0 type=0 minimal=0.0639 physics=0.08357 total=0.1343
[TRAIN train_climax_no_spectral_constraint_s42] [TRAIN] stage=finetune epoch=1/1 batch=1890/3000 step=4890 repair=0.08065 localization=0 type=0 minimal=0.06097 physics=0.2141 total=0.09197
[TRAIN train_climax_no_spectral_constraint_s42] [TRAIN] stage=finetune epoch=1/1 batch=1900/3000 step=4900 repair=0.13 localization=0 type=0 minimal=0.05737 physics=0.1646 total=0.1389
[TRAIN train_climax_no_spectral_constraint_s42] [TRAIN] stage=finetune epoch=1/1 batch=1910/3000 step=4910 repair=0.1488 localization=0 type=0 minimal=0.05725 physics=0.5655 total=0.1777
[TRAIN train_climax_no_spectral_constraint_s42] [TRAIN] stage=finetune epoch=1/1 batch=1920/3000 step=4920 repair=0.1596 localization=0 type=0 minimal=0.05994 physics=0.1447 total=0.1674
[TRAIN train_climax_no_spectral_constraint_s42] [TRAIN] stage=finetune epoch=1/1 batch=1930/3000 step=4930 repair=0.07652 localization=0 type=0 minimal=0.05927 physics=0.1683 total=0.08553
[TRAIN train_climax_no_spectral_constraint_s42] [TRAIN] stage=finetune epoch=1/1 batch=1940/3000 step=4940 repair=0.1652 localization=0 type=0 minimal=0.05978 physics=0.1758 total=0.1746
[TRAIN train_climax_no_spectral_constraint_s42] [TRAIN] stage=finetune epoch=1/1 batch=1950/3000 step=4950 repair=0.1123 localization=0 type=0 minimal=0.06439 physics=0.1753 total=0.1217
[TRAIN train_climax_no_spectral_constraint_s42] [TRAIN] stage=finetune epoch=1/1 batch=1960/3000 step=4960 repair=0.12 localization=0 type=0 minimal=0.06415 physics=0.1435 total=0.1278
[TRAIN train_climax_no_spectral_constraint_s42] [TRAIN] stage=finetune epoch=1/1 batch=1970/3000 step=4970 repair=0.1751 localization=0 type=0 minimal=0.05606 physics=0.5242 total=0.2019
[TRAIN train_climax_no_spectral_constraint_s42] [TRAIN] stage=finetune epoch=1/1 batch=1980/3000 step=4980 repair=0.1155 localization=0 type=0 minimal=0.06531 physics=0.49 total=0.1407
[TRAIN train_climax_no_spectral_constraint_s42] [TRAIN] stage=finetune epoch=1/1 batch=1990/3000 step=4990 repair=0.06899 localization=0 type=0 minimal=0.06015 physics=0.2016 total=0.07967
[TRAIN train_climax_no_spectral_constraint_s42] [TRAIN] stage=finetune epoch=1/1 batch=2000/3000 step=5000 repair=0.1144 localization=0 type=0 minimal=0.06 physics=0.2336 total=0.1267
[TRAIN train_climax_no_spectral_constraint_s42] [TRAIN] stage=finetune epoch=1/1 batch=2010/3000 step=5010 repair=0.1203 localization=0 type=0 minimal=0.06354 physics=0.1186 total=0.1269
[TRAIN train_climax_no_spectral_constraint_s42] [TRAIN] stage=finetune epoch=1/1 batch=2020/3000 step=5020 repair=0.1157 localization=0 type=0 minimal=0.05621 physics=0.4816 total=0.1403
[TRAIN train_climax_no_spectral_constraint_s42] [TRAIN] stage=finetune epoch=1/1 batch=2030/3000 step=5030 repair=0.09445 localization=0 type=0 minimal=0.06415 physics=0.1611 total=0.1031
[TRAIN train_climax_no_spectral_constraint_s42] [TRAIN] stage=finetune epoch=1/1 batch=2040/3000 step=5040 repair=0.08861 localization=0 type=0 minimal=0.0647 physics=0.1215 total=0.09533
[TRAIN train_climax_no_spectral_constraint_s42] [TRAIN] stage=finetune epoch=1/1 batch=2050/3000 step=5050 repair=0.0662 localization=0 type=0 minimal=0.06335 physics=0.2894 total=0.08131
[TRAIN train_climax_no_spectral_constraint_s42] [TRAIN] stage=finetune epoch=1/1 batch=2060/3000 step=5060 repair=0.1246 localization=0 type=0 minimal=0.05319 physics=0.237 total=0.137
[TRAIN train_climax_no_spectral_constraint_s42] [TRAIN] stage=finetune epoch=1/1 batch=2070/3000 step=5070 repair=0.1175 localization=0 type=0 minimal=0.06348 physics=0.2233 total=0.1293
[TRAIN train_climax_no_spectral_constraint_s42] [TRAIN] stage=finetune epoch=1/1 batch=2080/3000 step=5080 repair=0.1141 localization=0 type=0 minimal=0.06107 physics=0.5925 total=0.1443
[TRAIN train_climax_no_spectral_constraint_s42] [TRAIN] stage=finetune epoch=1/1 batch=2090/3000 step=5090 repair=0.08034 localization=0 type=0 minimal=0.06055 physics=0.2735 total=0.09462
[TRAIN train_climax_no_spectral_constraint_s42] [TRAIN] stage=finetune epoch=1/1 batch=2100/3000 step=5100 repair=0.09128 localization=0 type=0 minimal=0.06702 physics=0.1453 total=0.09922
[TRAIN train_climax_no_spectral_constraint_s42] [TRAIN] stage=finetune epoch=1/1 batch=2110/3000 step=5110 repair=0.1215 localization=0 type=0 minimal=0.06274 physics=0.3703 total=0.1406
[TRAIN train_climax_no_spectral_constraint_s42] [TRAIN] stage=finetune epoch=1/1 batch=2120/3000 step=5120 repair=0.157 localization=0 type=0 minimal=0.06198 physics=0.3973 total=0.1775
[TRAIN train_climax_no_spectral_constraint_s42] [TRAIN] stage=finetune epoch=1/1 batch=2130/3000 step=5130 repair=0.1156 localization=0 type=0 minimal=0.0575 physics=0.3519 total=0.1338
[TRAIN train_climax_no_spectral_constraint_s42] [TRAIN] stage=finetune epoch=1/1 batch=2140/3000 step=5140 repair=0.08719 localization=0 type=0 minimal=0.06049 physics=0.1168 total=0.09363
[TRAIN train_climax_no_spectral_constraint_s42] [TRAIN] stage=finetune epoch=1/1 batch=2150/3000 step=5150 repair=0.1631 localization=0 type=0 minimal=0.05771 physics=0.3703 total=0.1822
[TRAIN train_climax_no_spectral_constraint_s42] [TRAIN] stage=finetune epoch=1/1 batch=2160/3000 step=5160 repair=0.07607 localization=0 type=0 minimal=0.05826 physics=0.209 total=0.08711
[TRAIN train_climax_no_spectral_constraint_s42] [TRAIN] stage=finetune epoch=1/1 batch=2170/3000 step=5170 repair=0.1105 localization=0 type=0 minimal=0.06427 physics=0.3547 total=0.1289
[TRAIN train_climax_no_spectral_constraint_s42] [TRAIN] stage=finetune epoch=1/1 batch=2180/3000 step=5180 repair=0.1104 localization=0 type=0 minimal=0.06125 physics=0.1937 total=0.1207
[TRAIN train_climax_no_spectral_constraint_s42] [TRAIN] stage=finetune epoch=1/1 batch=2190/3000 step=5190 repair=0.07668 localization=0 type=0 minimal=0.06116 physics=0.1226 total=0.08342
[TRAIN train_climax_no_spectral_constraint_s42] [TRAIN] stage=finetune epoch=1/1 batch=2200/3000 step=5200 repair=0.111 localization=0 type=0 minimal=0.06586 physics=0.2268 total=0.123
[TRAIN train_climax_no_spectral_constraint_s42] [TRAIN] stage=finetune epoch=1/1 batch=2210/3000 step=5210 repair=0.1171 localization=0 type=0 minimal=0.06372 physics=0.08715 total=0.1221
[TRAIN train_climax_no_spectral_constraint_s42] [TRAIN] stage=finetune epoch=1/1 batch=2220/3000 step=5220 repair=0.0732 localization=0 type=0 minimal=0.06396 physics=0.1037 total=0.07902
[TRAIN train_climax_no_spectral_constraint_s42] [TRAIN] stage=finetune epoch=1/1 batch=2230/3000 step=5230 repair=0.07608 localization=0 type=0 minimal=0.06647 physics=0.1522 total=0.08436
[TRAIN train_climax_no_spectral_constraint_s42] [TRAIN] stage=finetune epoch=1/1 batch=2240/3000 step=5240 repair=0.08245 localization=0 type=0 minimal=0.05637 physics=0.05273 total=0.08565
[TRAIN train_climax_no_spectral_constraint_s42] [TRAIN] stage=finetune epoch=1/1 batch=2250/3000 step=5250 repair=0.1134 localization=0 type=0 minimal=0.05988 physics=0.2685 total=0.1274
[TRAIN train_climax_no_spectral_constraint_s42] [TRAIN] stage=finetune epoch=1/1 batch=2260/3000 step=5260 repair=0.07738 localization=0 type=0 minimal=0.06732 physics=0.2465 total=0.09038
[TRAIN train_climax_no_spectral_constraint_s42] [TRAIN] stage=finetune epoch=1/1 batch=2270/3000 step=5270 repair=0.1138 localization=0 type=0 minimal=0.06366 physics=0.2354 total=0.1262
[TRAIN train_climax_no_spectral_constraint_s42] [TRAIN] stage=finetune epoch=1/1 batch=2280/3000 step=5280 repair=0.07622 localization=0 type=0 minimal=0.06647 physics=0.2394 total=0.08886
[TRAIN train_climax_no_spectral_constraint_s42] [TRAIN] stage=finetune epoch=1/1 batch=2290/3000 step=5290 repair=0.0666 localization=0 type=0 minimal=0.06982 physics=0.09404 total=0.072
[TRAIN train_climax_no_spectral_constraint_s42] [TRAIN] stage=finetune epoch=1/1 batch=2300/3000 step=5300 repair=0.1134 localization=0 type=0 minimal=0.05881 physics=0.4115 total=0.1345
[TRAIN train_climax_no_spectral_constraint_s42] [TRAIN] stage=finetune epoch=1/1 batch=2310/3000 step=5310 repair=0.096 localization=0 type=0 minimal=0.06647 physics=0.1143 total=0.1024
[TRAIN train_climax_no_spectral_constraint_s42] [TRAIN] stage=finetune epoch=1/1 batch=2320/3000 step=5320 repair=0.116 localization=0 type=0 minimal=0.05923 physics=0.1316 total=0.1231
[TRAIN train_climax_no_spectral_constraint_s42] [TRAIN] stage=finetune epoch=1/1 batch=2330/3000 step=5330 repair=0.1571 localization=0 type=0 minimal=0.06021 physics=0.1383 total=0.1646
[TRAIN train_climax_no_spectral_constraint_s42] [TRAIN] stage=finetune epoch=1/1 batch=2340/3000 step=5340 repair=0.07887 localization=0 type=0 minimal=0.06445 physics=0.09681 total=0.08436
[TRAIN train_climax_no_spectral_constraint_s42] [TRAIN] stage=finetune epoch=1/1 batch=2350/3000 step=5350 repair=0.1264 localization=0 type=0 minimal=0.06549 physics=0.3036 total=0.1423
[TRAIN train_climax_no_spectral_constraint_s42] [TRAIN] stage=finetune epoch=1/1 batch=2360/3000 step=5360 repair=0.1276 localization=0 type=0 minimal=0.06076 physics=0.2011 total=0.1383
[TRAIN train_climax_no_spectral_constraint_s42] [TRAIN] stage=finetune epoch=1/1 batch=2370/3000 step=5370 repair=0.1262 localization=0 type=0 minimal=0.06082 physics=0.2327 total=0.1385
[TRAIN train_climax_no_spectral_constraint_s42] [TRAIN] stage=finetune epoch=1/1 batch=2380/3000 step=5380 repair=0.1075 localization=0 type=0 minimal=0.06113 physics=0.253 total=0.1208
[TRAIN train_climax_no_spectral_constraint_s42] [TRAIN] stage=finetune epoch=1/1 batch=2390/3000 step=5390 repair=0.1281 localization=0 type=0 minimal=0.06235 physics=0.1089 total=0.1341
[TRAIN train_climax_no_spectral_constraint_s42] [TRAIN] stage=finetune epoch=1/1 batch=2400/3000 step=5400 repair=0.1226 localization=0 type=0 minimal=0.0683 physics=0.1459 total=0.1306
[TRAIN train_climax_no_spectral_constraint_s42] [TRAIN] stage=finetune epoch=1/1 batch=2410/3000 step=5410 repair=0.1231 localization=0 type=0 minimal=0.06113 physics=0.3459 total=0.141
[TRAIN train_climax_no_spectral_constraint_s42] [TRAIN] stage=finetune epoch=1/1 batch=2420/3000 step=5420 repair=0.1591 localization=0 type=0 minimal=0.06027 physics=0.2338 total=0.1713
[TRAIN train_climax_no_spectral_constraint_s42] [TRAIN] stage=finetune epoch=1/1 batch=2430/3000 step=5430 repair=0.1338 localization=0 type=0 minimal=0.05356 physics=0.4298 total=0.1558
[TRAIN train_climax_no_spectral_constraint_s42] [TRAIN] stage=finetune epoch=1/1 batch=2440/3000 step=5440 repair=0.07347 localization=0 type=0 minimal=0.06207 physics=0.09788 total=0.07898
[TRAIN train_climax_no_spectral_constraint_s42] [TRAIN] stage=finetune epoch=1/1 batch=2450/3000 step=5450 repair=0.1197 localization=0 type=0 minimal=0.061 physics=0.303 total=0.1355
[TRAIN train_climax_no_spectral_constraint_s42] [TRAIN] stage=finetune epoch=1/1 batch=2460/3000 step=5460 repair=0.1158 localization=0 type=0 minimal=0.06216 physics=0.1792 total=0.1254
[TRAIN train_climax_no_spectral_constraint_s42] [TRAIN] stage=finetune epoch=1/1 batch=2470/3000 step=5470 repair=0.1033 localization=0 type=0 minimal=0.05829 physics=0.3111 total=0.1195
[TRAIN train_climax_no_spectral_constraint_s42] [TRAIN] stage=finetune epoch=1/1 batch=2480/3000 step=5480 repair=0.08773 localization=0 type=0 minimal=0.06531 physics=0.3387 total=0.1053
[TRAIN train_climax_no_spectral_constraint_s42] [TRAIN] stage=finetune epoch=1/1 batch=2490/3000 step=5490 repair=0.1262 localization=0 type=0 minimal=0.06384 physics=0.1713 total=0.1354
[TRAIN train_climax_no_spectral_constraint_s42] [TRAIN] stage=finetune epoch=1/1 batch=2500/3000 step=5500 repair=0.07569 localization=0 type=0 minimal=0.06647 physics=0.1582 total=0.08426
[TRAIN train_climax_no_spectral_constraint_s42] [TRAIN] stage=finetune epoch=1/1 batch=2510/3000 step=5510 repair=0.08277 localization=0 type=0 minimal=0.06281 physics=0.2239 total=0.09459
[TRAIN train_climax_no_spectral_constraint_s42] [TRAIN] stage=finetune epoch=1/1 batch=2520/3000 step=5520 repair=0.1113 localization=0 type=0 minimal=0.06451 physics=0.4616 total=0.135
[TRAIN train_climax_no_spectral_constraint_s42] [TRAIN] stage=finetune epoch=1/1 batch=2530/3000 step=5530 repair=0.06323 localization=0 type=0 minimal=0.06464 physics=0.1966 total=0.07371
[TRAIN train_climax_no_spectral_constraint_s42] [TRAIN] stage=finetune epoch=1/1 batch=2540/3000 step=5540 repair=0.08354 localization=0 type=0 minimal=0.06384 physics=0.1139 total=0.08987
[TRAIN train_climax_no_spectral_constraint_s42] [TRAIN] stage=finetune epoch=1/1 batch=2550/3000 step=5550 repair=0.0768 localization=0 type=0 minimal=0.06354 physics=0.1038 total=0.08262
[TRAIN train_climax_no_spectral_constraint_s42] [TRAIN] stage=finetune epoch=1/1 batch=2560/3000 step=5560 repair=0.06563 localization=0 type=0 minimal=0.07153 physics=0.09882 total=0.07129
[TRAIN train_climax_no_spectral_constraint_s42] [TRAIN] stage=finetune epoch=1/1 batch=2570/3000 step=5570 repair=0.06974 localization=0 type=0 minimal=0.0639 physics=0.1571 total=0.07824
[TRAIN train_climax_no_spectral_constraint_s42] [TRAIN] stage=finetune epoch=1/1 batch=2580/3000 step=5580 repair=0.08118 localization=0 type=0 minimal=0.07404 physics=0.19 total=0.09143
[TRAIN train_climax_no_spectral_constraint_s42] [TRAIN] stage=finetune epoch=1/1 batch=2590/3000 step=5590 repair=0.1228 localization=0 type=0 minimal=0.05978 physics=0.1313 total=0.1299
[TRAIN train_climax_no_spectral_constraint_s42] [TRAIN] stage=finetune epoch=1/1 batch=2600/3000 step=5600 repair=0.1255 localization=0 type=0 minimal=0.06262 physics=0.1796 total=0.1351
[TRAIN train_climax_no_spectral_constraint_s42] [TRAIN] stage=finetune epoch=1/1 batch=2610/3000 step=5610 repair=0.0775 localization=0 type=0 minimal=0.07031 physics=0.2986 total=0.09313
[TRAIN train_climax_no_spectral_constraint_s42] [TRAIN] stage=finetune epoch=1/1 batch=2620/3000 step=5620 repair=0.1153 localization=0 type=0 minimal=0.06494 physics=0.1179 total=0.1219
[TRAIN train_climax_no_spectral_constraint_s42] [TRAIN] stage=finetune epoch=1/1 batch=2630/3000 step=5630 repair=0.1177 localization=0 type=0 minimal=0.06244 physics=0.1259 total=0.1246
[TRAIN train_climax_no_spectral_constraint_s42] [TRAIN] stage=finetune epoch=1/1 batch=2640/3000 step=5640 repair=0.1156 localization=0 type=0 minimal=0.06744 physics=0.1614 total=0.1244
[TRAIN train_climax_no_spectral_constraint_s42] [TRAIN] stage=finetune epoch=1/1 batch=2650/3000 step=5650 repair=0.1426 localization=0 type=0 minimal=0.05737 physics=0.1832 total=0.1524
[TRAIN train_climax_no_spectral_constraint_s42] [TRAIN] stage=finetune epoch=1/1 batch=2660/3000 step=5660 repair=0.1197 localization=0 type=0 minimal=0.06009 physics=0.2918 total=0.1349
[TRAIN train_climax_no_spectral_constraint_s42] [TRAIN] stage=finetune epoch=1/1 batch=2670/3000 step=5670 repair=0.1207 localization=0 type=0 minimal=0.06665 physics=0.1125 total=0.127
[TRAIN train_climax_no_spectral_constraint_s42] [TRAIN] stage=finetune epoch=1/1 batch=2680/3000 step=5680 repair=0.1302 localization=0 type=0 minimal=0.05588 physics=0.259 total=0.1437
[TRAIN train_climax_no_spectral_constraint_s42] [TRAIN] stage=finetune epoch=1/1 batch=2690/3000 step=5690 repair=0.07112 localization=0 type=0 minimal=0.06696 physics=0.2724 total=0.08541
[TRAIN train_climax_no_spectral_constraint_s42] [TRAIN] stage=finetune epoch=1/1 batch=2700/3000 step=5700 repair=0.1235 localization=0 type=0 minimal=0.06137 physics=0.2148 total=0.1349
[TRAIN train_climax_no_spectral_constraint_s42] [TRAIN] stage=finetune epoch=1/1 batch=2710/3000 step=5710 repair=0.1548 localization=0 type=0 minimal=0.0563 physics=0.163 total=0.1635
[TRAIN train_climax_no_spectral_constraint_s42] [TRAIN] stage=finetune epoch=1/1 batch=2720/3000 step=5720 repair=0.1142 localization=0 type=0 minimal=0.06671 physics=0.1667 total=0.1232
[TRAIN train_climax_no_spectral_constraint_s42] [TRAIN] stage=finetune epoch=1/1 batch=2730/3000 step=5730 repair=0.09164 localization=0 type=0 minimal=0.06464 physics=0.1451 total=0.09954
[TRAIN train_climax_no_spectral_constraint_s42] [TRAIN] stage=finetune epoch=1/1 batch=2740/3000 step=5740 repair=0.1764 localization=0 type=0 minimal=0.0661 physics=0.1159 total=0.1828
[TRAIN train_climax_no_spectral_constraint_s42] [TRAIN] stage=finetune epoch=1/1 batch=2750/3000 step=5750 repair=0.0748 localization=0 type=0 minimal=0.0694 physics=0.06647 total=0.07882
[TRAIN train_climax_no_spectral_constraint_s42] [TRAIN] stage=finetune epoch=1/1 batch=2760/3000 step=5760 repair=0.1618 localization=0 type=0 minimal=0.0603 physics=0.1063 total=0.1677
[TRAIN train_climax_no_spectral_constraint_s42] [TRAIN] stage=finetune epoch=1/1 batch=2770/3000 step=5770 repair=0.1161 localization=0 type=0 minimal=0.06622 physics=0.1185 total=0.1227
[TRAIN train_climax_no_spectral_constraint_s42] [TRAIN] stage=finetune epoch=1/1 batch=2780/3000 step=5780 repair=0.09014 localization=0 type=0 minimal=0.065 physics=0.4463 total=0.1131
[TRAIN train_climax_no_spectral_constraint_s42] [TRAIN] stage=finetune epoch=1/1 batch=2790/3000 step=5790 repair=0.1213 localization=0 type=0 minimal=0.07477 physics=0.2919 total=0.1366
[TRAIN train_climax_no_spectral_constraint_s42] [TRAIN] stage=finetune epoch=1/1 batch=2800/3000 step=5800 repair=0.151 localization=0 type=0 minimal=0.05624 physics=0.1304 total=0.1581
[TRAIN train_climax_no_spectral_constraint_s42] [TRAIN] stage=finetune epoch=1/1 batch=2810/3000 step=5810 repair=0.0798 localization=0 type=0 minimal=0.06281 physics=0.08728 total=0.0848
[TRAIN train_climax_no_spectral_constraint_s42] [TRAIN] stage=finetune epoch=1/1 batch=2820/3000 step=5820 repair=0.06677 localization=0 type=0 minimal=0.06641 physics=0.157 total=0.07529
[TRAIN train_climax_no_spectral_constraint_s42] [TRAIN] stage=finetune epoch=1/1 batch=2830/3000 step=5830 repair=0.1504 localization=0 type=0 minimal=0.05057 physics=0.8418 total=0.193
[TRAIN train_climax_no_spectral_constraint_s42] [TRAIN] stage=finetune epoch=1/1 batch=2840/3000 step=5840 repair=0.1312 localization=0 type=0 minimal=0.06842 physics=0.4648 total=0.1552
[TRAIN train_climax_no_spectral_constraint_s42] [TRAIN] stage=finetune epoch=1/1 batch=2850/3000 step=5850 repair=0.1315 localization=0 type=0 minimal=0.06311 physics=0.1627 total=0.1403
[TRAIN train_climax_no_spectral_constraint_s42] [TRAIN] stage=finetune epoch=1/1 batch=2860/3000 step=5860 repair=0.1221 localization=0 type=0 minimal=0.06451 physics=0.6098 total=0.1533
[TRAIN train_climax_no_spectral_constraint_s42] [TRAIN] stage=finetune epoch=1/1 batch=2870/3000 step=5870 repair=0.1028 localization=0 type=0 minimal=0.06616 physics=0.4995 total=0.1284
[TRAIN train_climax_no_spectral_constraint_s42] [TRAIN] stage=finetune epoch=1/1 batch=2880/3000 step=5880 repair=0.1096 localization=0 type=0 minimal=0.05771 physics=0.7301 total=0.1467
[TRAIN train_climax_no_spectral_constraint_s42] [TRAIN] stage=finetune epoch=1/1 batch=2890/3000 step=5890 repair=0.0839 localization=0 type=0 minimal=0.06714 physics=0.1156 total=0.09036
[TRAIN train_climax_no_spectral_constraint_s42] [TRAIN] stage=finetune epoch=1/1 batch=2900/3000 step=5900 repair=0.1214 localization=0 type=0 minimal=0.06598 physics=0.1951 total=0.1318
[TRAIN train_climax_no_spectral_constraint_s42] [TRAIN] stage=finetune epoch=1/1 batch=2910/3000 step=5910 repair=0.1261 localization=0 type=0 minimal=0.06451 physics=0.1719 total=0.1354
[TRAIN train_climax_no_spectral_constraint_s42] [TRAIN] stage=finetune epoch=1/1 batch=2920/3000 step=5920 repair=0.1747 localization=0 type=0 minimal=0.06421 physics=0.2916 total=0.1899
[TRAIN train_climax_no_spectral_constraint_s42] [TRAIN] stage=finetune epoch=1/1 batch=2930/3000 step=5930 repair=0.1199 localization=0 type=0 minimal=0.06372 physics=0.1804 total=0.1296
[TRAIN train_climax_no_spectral_constraint_s42] [TRAIN] stage=finetune epoch=1/1 batch=2940/3000 step=5940 repair=0.1067 localization=0 type=0 minimal=0.06323 physics=0.1447 total=0.1146
[TRAIN train_climax_no_spectral_constraint_s42] [TRAIN] stage=finetune epoch=1/1 batch=2950/3000 step=5950 repair=0.1667 localization=0 type=0 minimal=0.06052 physics=0.1317 total=0.1739
[TRAIN train_climax_no_spectral_constraint_s42] [TRAIN] stage=finetune epoch=1/1 batch=2960/3000 step=5960 repair=0.1248 localization=0 type=0 minimal=0.06549 physics=0.1155 total=0.1312
[TRAIN train_climax_no_spectral_constraint_s42] [TRAIN] stage=finetune epoch=1/1 batch=2970/3000 step=5970 repair=0.1539 localization=0 type=0 minimal=0.05524 physics=0.1413 total=0.1616
[TRAIN train_climax_no_spectral_constraint_s42] [TRAIN] stage=finetune epoch=1/1 batch=2980/3000 step=5980 repair=0.07795 localization=0 type=0 minimal=0.07153 physics=0.1389 total=0.0856
[TRAIN train_climax_no_spectral_constraint_s42] [TRAIN] stage=finetune epoch=1/1 batch=2990/3000 step=5990 repair=0.128 localization=0 type=0 minimal=0.06427 physics=0.1987 total=0.1386
[TRAIN train_climax_no_spectral_constraint_s42] [TRAIN] stage=finetune epoch=1/1 batch=3000/3000 step=6000 repair=0.1147 localization=0 type=0 minimal=0.07239 physics=0.2264 total=0.1267
[TRAIN train_climax_no_spectral_constraint_s42] [EPOCH] {'stage': 'finetune', 'epoch': 0, 'global_step': 6000, 'train_total': 0.1585843124339978, 'val_repair_mse': 0.11507751699537039, 'elapsed_seconds': 3753.87}
[TRAIN train_climax_no_spectral_constraint_s42] [BEST] val_repair_mse=0.115078
[TRAIN train_climax_no_spectral_constraint_s42] [TRAIN COMPLETE] {
[TRAIN train_climax_no_spectral_constraint_s42]   "run_id": "prelim20_train_climax_no_spectral_constraint_s42",
[TRAIN train_climax_no_spectral_constraint_s42]   "status": "completed",
[TRAIN train_climax_no_spectral_constraint_s42]   "method": "no_spectral_constraint",
[TRAIN train_climax_no_spectral_constraint_s42]   "backbone": "climax",
[TRAIN train_climax_no_spectral_constraint_s42]   "seed": 42,
[TRAIN train_climax_no_spectral_constraint_s42]   "forecast_provider": "zarr_frozen_fm",
[TRAIN train_climax_no_spectral_constraint_s42]   "best_val_repair_mse": 0.11507751699537039,
[TRAIN train_climax_no_spectral_constraint_s42]   "global_step": 6000,
[TRAIN train_climax_no_spectral_constraint_s42]   "elapsed_seconds": 3753.97,
[TRAIN train_climax_no_spectral_constraint_s42]   "checkpoint_best": "/home/tahiti/ConserveFM/runs/prelim20_train/train_climax_no_spectral_constraint_s42/checkpoint_best.pt",
[TRAIN train_climax_no_spectral_constraint_s42]   "checkpoint_last": "/home/tahiti/ConserveFM/runs/prelim20_train/train_climax_no_spectral_constraint_s42/checkpoint_last.pt"
[TRAIN train_climax_no_spectral_constraint_s42] }
