[TRAIN train_climax_no_spectral_corruption_s42] [SETUP] device=cuda
[TRAIN train_climax_no_spectral_corruption_s42] [SETUP] run_id=prelim20_train_climax_no_spectral_corruption_s42 method=no_spectral_corruption backbone=climax
[TRAIN train_climax_no_spectral_corruption_s42] [FORECAST] using frozen forecast cache: /home/tahiti/ConserveFM/forecasts/climax.zarr
[TRAIN train_climax_no_spectral_corruption_s42] [STAGE] pretrain epochs=1 start_epoch=0
[TRAIN train_climax_no_spectral_corruption_s42] [TRAIN] stage=pretrain epoch=1/1 batch=10/3000 step=10 repair=0.03585 localization=0.4668 type=3.115 minimal=0.1455 physics=2.518 total=0.7399
[TRAIN train_climax_no_spectral_corruption_s42] [TRAIN] stage=pretrain epoch=1/1 batch=20/3000 step=20 repair=0.01919 localization=0.4377 type=0.5107 minimal=0.1021 physics=0.9722 total=0.1637
[TRAIN train_climax_no_spectral_corruption_s42] [TRAIN] stage=pretrain epoch=1/1 batch=30/3000 step=30 repair=0.01887 localization=0.4147 type=2.517 minimal=0.09131 physics=1.087 total=0.5273
[TRAIN train_climax_no_spectral_corruption_s42] [TRAIN] stage=pretrain epoch=1/1 batch=40/3000 step=40 repair=0.0139 localization=0.3336 type=1.792 minimal=0.07556 physics=1.409 total=0.4065
[TRAIN train_climax_no_spectral_corruption_s42] [TRAIN] stage=pretrain epoch=1/1 batch=50/3000 step=50 repair=0.02691 localization=0.352 type=1.961 minimal=0.07025 physics=0.9098 total=0.388
[TRAIN train_climax_no_spectral_corruption_s42] [TRAIN] stage=pretrain epoch=1/1 batch=60/3000 step=60 repair=0.02944 localization=0.3213 type=2.248 minimal=0.05878 physics=1.065 total=0.412
[TRAIN train_climax_no_spectral_corruption_s42] [TRAIN] stage=pretrain epoch=1/1 batch=70/3000 step=70 repair=0.007303 localization=0.3248 type=1.438 minimal=0.05304 physics=0.6299 total=0.3093
[TRAIN train_climax_no_spectral_corruption_s42] [TRAIN] stage=pretrain epoch=1/1 batch=80/3000 step=80 repair=0.006389 localization=0.3762 type=1.813 minimal=0.05521 physics=0.8547 total=0.4452
[TRAIN train_climax_no_spectral_corruption_s42] [TRAIN] stage=pretrain epoch=1/1 batch=90/3000 step=90 repair=0.01229 localization=0.3732 type=1.234 minimal=0.04294 physics=1.677 total=0.2573
[TRAIN train_climax_no_spectral_corruption_s42] [TRAIN] stage=pretrain epoch=1/1 batch=100/3000 step=100 repair=0.005767 localization=0.2905 type=0.9199 minimal=0.04352 physics=0.551 total=0.1548
[TRAIN train_climax_no_spectral_corruption_s42] [TRAIN] stage=pretrain epoch=1/1 batch=110/3000 step=110 repair=0.01156 localization=0.3692 type=2.279 minimal=0.03802 physics=0.7134 total=0.4985
[TRAIN train_climax_no_spectral_corruption_s42] [TRAIN] stage=pretrain epoch=1/1 batch=120/3000 step=120 repair=0.01165 localization=0.2728 type=2.717 minimal=0.03564 physics=0.4539 total=0.5364
[TRAIN train_climax_no_spectral_corruption_s42] [TRAIN] stage=pretrain epoch=1/1 batch=130/3000 step=130 repair=0.00496 localization=0.2099 type=2.516 minimal=0.03293 physics=0.3891 total=0.5065
[TRAIN train_climax_no_spectral_corruption_s42] [TRAIN] stage=pretrain epoch=1/1 batch=140/3000 step=140 repair=0.004707 localization=0.3418 type=0.7725 minimal=0.03479 physics=0.772 total=0.1551
[TRAIN train_climax_no_spectral_corruption_s42] [TRAIN] stage=pretrain epoch=1/1 batch=150/3000 step=150 repair=0.009436 localization=0.3008 type=2.205 minimal=0.03784 physics=0.3598 total=0.3768
[TRAIN train_climax_no_spectral_corruption_s42] [TRAIN] stage=pretrain epoch=1/1 batch=160/3000 step=160 repair=0.008647 localization=0.3038 type=1.312 minimal=0.03894 physics=0.2746 total=0.282
[TRAIN train_climax_no_spectral_corruption_s42] [TRAIN] stage=pretrain epoch=1/1 batch=170/3000 step=170 repair=0.00671 localization=0.2073 type=2.043 minimal=0.04456 physics=0.3916 total=0.4309
[TRAIN train_climax_no_spectral_corruption_s42] [TRAIN] stage=pretrain epoch=1/1 batch=180/3000 step=180 repair=0.01035 localization=0.3151 type=1.465 minimal=0.03864 physics=0.2904 total=0.2557
[TRAIN train_climax_no_spectral_corruption_s42] [TRAIN] stage=pretrain epoch=1/1 batch=190/3000 step=190 repair=0.005935 localization=0.3497 type=1.691 minimal=0.03558 physics=0.339 total=0.3585
[TRAIN train_climax_no_spectral_corruption_s42] [TRAIN] stage=pretrain epoch=1/1 batch=200/3000 step=200 repair=0.003977 localization=0.2794 type=1.703 minimal=0.03271 physics=0.2745 total=0.3025
[TRAIN train_climax_no_spectral_corruption_s42] [TRAIN] stage=pretrain epoch=1/1 batch=210/3000 step=210 repair=0.005236 localization=0.3557 type=0.8557 minimal=0.03081 physics=0.9713 total=0.1752
[TRAIN train_climax_no_spectral_corruption_s42] [TRAIN] stage=pretrain epoch=1/1 batch=220/3000 step=220 repair=0.00384 localization=0.2932 type=0.9883 minimal=0.02745 physics=0.5409 total=0.1593
[TRAIN train_climax_no_spectral_corruption_s42] [TRAIN] stage=pretrain epoch=1/1 batch=230/3000 step=230 repair=0.007379 localization=0.2662 type=0.8975 minimal=0.02606 physics=0.94 total=0.171
[TRAIN train_climax_no_spectral_corruption_s42] [TRAIN] stage=pretrain epoch=1/1 batch=240/3000 step=240 repair=0.02117 localization=0.2156 type=1.813 minimal=0.02553 physics=0.5092 total=0.3702
[TRAIN train_climax_no_spectral_corruption_s42] [TRAIN] stage=pretrain epoch=1/1 batch=250/3000 step=250 repair=0.007771 localization=0.1914 type=1.709 minimal=0.03047 physics=0.2315 total=0.3264
[TRAIN train_climax_no_spectral_corruption_s42] [TRAIN] stage=pretrain epoch=1/1 batch=260/3000 step=260 repair=0.009205 localization=0.2163 type=0.7959 minimal=0.03268 physics=1.065 total=0.164
[TRAIN train_climax_no_spectral_corruption_s42] [TRAIN] stage=pretrain epoch=1/1 batch=270/3000 step=270 repair=0.005221 localization=0.3033 type=2.65 minimal=0.02704 physics=0.4833 total=0.4709
[TRAIN train_climax_no_spectral_corruption_s42] [TRAIN] stage=pretrain epoch=1/1 batch=280/3000 step=280 repair=0.01788 localization=0.2697 type=2.595 minimal=0.02509 physics=0.3718 total=0.4291
[TRAIN train_climax_no_spectral_corruption_s42] [TRAIN] stage=pretrain epoch=1/1 batch=290/3000 step=290 repair=0.003132 localization=0.4201 type=1.301 minimal=0.02888 physics=0.7545 total=0.3083
[TRAIN train_climax_no_spectral_corruption_s42] [TRAIN] stage=pretrain epoch=1/1 batch=300/3000 step=300 repair=0.002646 localization=0.1981 type=0.6909 minimal=0.02797 physics=0.8261 total=0.1864
[TRAIN train_climax_no_spectral_corruption_s42] [TRAIN] stage=pretrain epoch=1/1 batch=310/3000 step=310 repair=0.002744 localization=0.2684 type=2.615 minimal=0.03111 physics=0.2378 total=0.5156
[TRAIN train_climax_no_spectral_corruption_s42] [TRAIN] stage=pretrain epoch=1/1 batch=320/3000 step=320 repair=0.01213 localization=0.2855 type=1.66 minimal=0.04306 physics=0.3654 total=0.3571
[TRAIN train_climax_no_spectral_corruption_s42] [TRAIN] stage=pretrain epoch=1/1 batch=330/3000 step=330 repair=0.005116 localization=0.2027 type=1.391 minimal=0.03391 physics=0.463 total=0.188
[TRAIN train_climax_no_spectral_corruption_s42] [TRAIN] stage=pretrain epoch=1/1 batch=340/3000 step=340 repair=0.005073 localization=0.2249 type=2.394 minimal=0.03558 physics=0.2108 total=0.4496
[TRAIN train_climax_no_spectral_corruption_s42] [TRAIN] stage=pretrain epoch=1/1 batch=350/3000 step=350 repair=0.009962 localization=0.2849 type=0.6184 minimal=0.03159 physics=0.8215 total=0.1417
[TRAIN train_climax_no_spectral_corruption_s42] [TRAIN] stage=pretrain epoch=1/1 batch=360/3000 step=360 repair=0.006886 localization=0.3053 type=1.431 minimal=0.0284 physics=0.1418 total=0.2601
[TRAIN train_climax_no_spectral_corruption_s42] [TRAIN] stage=pretrain epoch=1/1 batch=370/3000 step=370 repair=0.005019 localization=0.2 type=2.282 minimal=0.03333 physics=0.2389 total=0.4566
[TRAIN train_climax_no_spectral_corruption_s42] [TRAIN] stage=pretrain epoch=1/1 batch=380/3000 step=380 repair=0.003968 localization=0.2703 type=1.75 minimal=0.02885 physics=0.1538 total=0.3533
[TRAIN train_climax_no_spectral_corruption_s42] [TRAIN] stage=pretrain epoch=1/1 batch=390/3000 step=390 repair=0.03026 localization=0.3522 type=1.572 minimal=0.02814 physics=1.662 total=0.3061
[TRAIN train_climax_no_spectral_corruption_s42] [TRAIN] stage=pretrain epoch=1/1 batch=400/3000 step=400 repair=0.007153 localization=0.3467 type=1.704 minimal=0.03056 physics=0.3754 total=0.3139
[TRAIN train_climax_no_spectral_corruption_s42] [TRAIN] stage=pretrain epoch=1/1 batch=410/3000 step=410 repair=0.007601 localization=0.1988 type=1.807 minimal=0.03069 physics=0.2931 total=0.3338
[TRAIN train_climax_no_spectral_corruption_s42] [TRAIN] stage=pretrain epoch=1/1 batch=420/3000 step=420 repair=0.004408 localization=0.2853 type=1.896 minimal=0.02689 physics=0.1667 total=0.3342
[TRAIN train_climax_no_spectral_corruption_s42] [TRAIN] stage=pretrain epoch=1/1 batch=430/3000 step=430 repair=0.003133 localization=0.2172 type=1.23 minimal=0.02708 physics=0.221 total=0.1592
[TRAIN train_climax_no_spectral_corruption_s42] [TRAIN] stage=pretrain epoch=1/1 batch=440/3000 step=440 repair=0.02635 localization=0.322 type=1.482 minimal=0.02542 physics=1.345 total=0.2743
[TRAIN train_climax_no_spectral_corruption_s42] [TRAIN] stage=pretrain epoch=1/1 batch=450/3000 step=450 repair=0.004798 localization=0.2628 type=0.9937 minimal=0.02612 physics=0.3893 total=0.21
[TRAIN train_climax_no_spectral_corruption_s42] [TRAIN] stage=pretrain epoch=1/1 batch=460/3000 step=460 repair=0.008077 localization=0.4265 type=2.133 minimal=0.02776 physics=0.2717 total=0.397
[TRAIN train_climax_no_spectral_corruption_s42] [TRAIN] stage=pretrain epoch=1/1 batch=470/3000 step=470 repair=0.003794 localization=0.2494 type=1.575 minimal=0.02733 physics=0.3616 total=0.3197
[TRAIN train_climax_no_spectral_corruption_s42] [TRAIN] stage=pretrain epoch=1/1 batch=480/3000 step=480 repair=0.002481 localization=0.2075 type=0.8123 minimal=0.02214 physics=0.3826 total=0.1238
[TRAIN train_climax_no_spectral_corruption_s42] [TRAIN] stage=pretrain epoch=1/1 batch=490/3000 step=490 repair=0.003917 localization=0.4636 type=1.824 minimal=0.02199 physics=0.5563 total=0.3612
[TRAIN train_climax_no_spectral_corruption_s42] [TRAIN] stage=pretrain epoch=1/1 batch=500/3000 step=500 repair=0.005419 localization=0.1598 type=1.833 minimal=0.02638 physics=0.1503 total=0.3338
[TRAIN train_climax_no_spectral_corruption_s42] [TRAIN] stage=pretrain epoch=1/1 batch=510/3000 step=510 repair=0.007653 localization=0.3454 type=1.346 minimal=0.02385 physics=0.1235 total=0.2847
[TRAIN train_climax_no_spectral_corruption_s42] [TRAIN] stage=pretrain epoch=1/1 batch=520/3000 step=520 repair=0.008815 localization=0.1198 type=1.627 minimal=0.026 physics=0.1723 total=0.3234
[TRAIN train_climax_no_spectral_corruption_s42] [TRAIN] stage=pretrain epoch=1/1 batch=530/3000 step=530 repair=0.01064 localization=0.1464 type=1.347 minimal=0.03275 physics=0.2531 total=0.2747
[TRAIN train_climax_no_spectral_corruption_s42] [TRAIN] stage=pretrain epoch=1/1 batch=540/3000 step=540 repair=0.003075 localization=0.2082 type=0.8149 minimal=0.02531 physics=0.2114 total=0.1162
[TRAIN train_climax_no_spectral_corruption_s42] [TRAIN] stage=pretrain epoch=1/1 batch=550/3000 step=550 repair=0.002736 localization=0.2886 type=1.308 minimal=0.02415 physics=0.1421 total=0.2446
[TRAIN train_climax_no_spectral_corruption_s42] [TRAIN] stage=pretrain epoch=1/1 batch=560/3000 step=560 repair=0.003116 localization=0.3737 type=1.032 minimal=0.02448 physics=0.1434 total=0.22
[TRAIN train_climax_no_spectral_corruption_s42] [TRAIN] stage=pretrain epoch=1/1 batch=570/3000 step=570 repair=0.004517 localization=0.2294 type=0.5581 minimal=0.02669 physics=0.3139 total=0.1288
[TRAIN train_climax_no_spectral_corruption_s42] [TRAIN] stage=pretrain epoch=1/1 batch=580/3000 step=580 repair=0.00514 localization=0.3093 type=1.62 minimal=0.02455 physics=0.1994 total=0.3456
[TRAIN train_climax_no_spectral_corruption_s42] [TRAIN] stage=pretrain epoch=1/1 batch=590/3000 step=590 repair=0.002917 localization=0.324 type=1.798 minimal=0.02156 physics=0.129 total=0.3533
[TRAIN train_climax_no_spectral_corruption_s42] [TRAIN] stage=pretrain epoch=1/1 batch=600/3000 step=600 repair=0.007576 localization=0.252 type=0.8318 minimal=0.02202 physics=0.786 total=0.1555
[TRAIN train_climax_no_spectral_corruption_s42] [TRAIN] stage=pretrain epoch=1/1 batch=610/3000 step=610 repair=0.01093 localization=0.3228 type=1.597 minimal=0.0228 physics=0.2875 total=0.3232
[TRAIN train_climax_no_spectral_corruption_s42] [TRAIN] stage=pretrain epoch=1/1 batch=620/3000 step=620 repair=0.003424 localization=0.2772 type=0.6729 minimal=0.01915 physics=0.5578 total=0.1265
[TRAIN train_climax_no_spectral_corruption_s42] [TRAIN] stage=pretrain epoch=1/1 batch=630/3000 step=630 repair=0.003803 localization=0.1034 type=1.626 minimal=0.02266 physics=0.1692 total=0.2861
[TRAIN train_climax_no_spectral_corruption_s42] [TRAIN] stage=pretrain epoch=1/1 batch=640/3000 step=640 repair=0.005428 localization=0.4674 type=0.7837 minimal=0.0217 physics=0.5974 total=0.1606
[TRAIN train_climax_no_spectral_corruption_s42] [TRAIN] stage=pretrain epoch=1/1 batch=650/3000 step=650 repair=0.003365 localization=0.2748 type=1.622 minimal=0.02213 physics=0.1871 total=0.3076
[TRAIN train_climax_no_spectral_corruption_s42] [TRAIN] stage=pretrain epoch=1/1 batch=660/3000 step=660 repair=0.007174 localization=0.2762 type=1.801 minimal=0.02303 physics=0.1779 total=0.3492
[TRAIN train_climax_no_spectral_corruption_s42] [TRAIN] stage=pretrain epoch=1/1 batch=670/3000 step=670 repair=0.003753 localization=0.3677 type=1.379 minimal=0.02199 physics=0.7749 total=0.3049
[TRAIN train_climax_no_spectral_corruption_s42] [TRAIN] stage=pretrain epoch=1/1 batch=680/3000 step=680 repair=0.003796 localization=0.2424 type=1.309 minimal=0.02072 physics=0.1963 total=0.2617
[TRAIN train_climax_no_spectral_corruption_s42] [TRAIN] stage=pretrain epoch=1/1 batch=690/3000 step=690 repair=0.003195 localization=0.2909 type=1.475 minimal=0.02199 physics=0.2276 total=0.2806
[TRAIN train_climax_no_spectral_corruption_s42] [TRAIN] stage=pretrain epoch=1/1 batch=700/3000 step=700 repair=0.008998 localization=0.3142 type=0.7383 minimal=0.02245 physics=0.6309 total=0.146
[TRAIN train_climax_no_spectral_corruption_s42] [TRAIN] stage=pretrain epoch=1/1 batch=710/3000 step=710 repair=0.004152 localization=0.225 type=0.4525 minimal=0.0255 physics=0.3957 total=0.09195
[TRAIN train_climax_no_spectral_corruption_s42] [TRAIN] stage=pretrain epoch=1/1 batch=720/3000 step=720 repair=0.003983 localization=0.3522 type=1.938 minimal=0.03004 physics=0.1933 total=0.3721
[TRAIN train_climax_no_spectral_corruption_s42] [TRAIN] stage=pretrain epoch=1/1 batch=730/3000 step=730 repair=0.005431 localization=0.2243 type=1.418 minimal=0.02603 physics=0.2118 total=0.2897
[TRAIN train_climax_no_spectral_corruption_s42] [TRAIN] stage=pretrain epoch=1/1 batch=740/3000 step=740 repair=0.005484 localization=0.3924 type=1.55 minimal=0.02553 physics=0.4078 total=0.3261
[TRAIN train_climax_no_spectral_corruption_s42] [TRAIN] stage=pretrain epoch=1/1 batch=750/3000 step=750 repair=0.007039 localization=0.251 type=1.093 minimal=0.0247 physics=0.5759 total=0.1705
[TRAIN train_climax_no_spectral_corruption_s42] [TRAIN] stage=pretrain epoch=1/1 batch=760/3000 step=760 repair=0.006866 localization=0.3464 type=2.415 minimal=0.02434 physics=0.1244 total=0.4203
[TRAIN train_climax_no_spectral_corruption_s42] [TRAIN] stage=pretrain epoch=1/1 batch=770/3000 step=770 repair=0.01342 localization=0.1422 type=0.9727 minimal=0.05237 physics=1.017 total=0.2357
[TRAIN train_climax_no_spectral_corruption_s42] [TRAIN] stage=pretrain epoch=1/1 batch=780/3000 step=780 repair=0.005528 localization=0.1569 type=0.8889 minimal=0.03574 physics=0.3773 total=0.1791
[TRAIN train_climax_no_spectral_corruption_s42] [TRAIN] stage=pretrain epoch=1/1 batch=790/3000 step=790 repair=0.00294 localization=0.3561 type=1.945 minimal=0.01883 physics=0.4341 total=0.3621
[TRAIN train_climax_no_spectral_corruption_s42] [TRAIN] stage=pretrain epoch=1/1 batch=800/3000 step=800 repair=0.009503 localization=0.3415 type=1.53 minimal=0.0226 physics=1.046 total=0.3415
[TRAIN train_climax_no_spectral_corruption_s42] [TRAIN] stage=pretrain epoch=1/1 batch=810/3000 step=810 repair=0.006228 localization=0.1803 type=1.958 minimal=0.02844 physics=0.2141 total=0.385
[TRAIN train_climax_no_spectral_corruption_s42] [TRAIN] stage=pretrain epoch=1/1 batch=820/3000 step=820 repair=0.008534 localization=0.1566 type=0.8745 minimal=0.04288 physics=0.5012 total=0.1967
[TRAIN train_climax_no_spectral_corruption_s42] [TRAIN] stage=pretrain epoch=1/1 batch=830/3000 step=830 repair=0.003083 localization=0.2988 type=1.705 minimal=0.02242 physics=0.2172 total=0.358
[TRAIN train_climax_no_spectral_corruption_s42] [TRAIN] stage=pretrain epoch=1/1 batch=840/3000 step=840 repair=0.003324 localization=0.2755 type=0.8425 minimal=0.019 physics=0.4386 total=0.1372
[TRAIN train_climax_no_spectral_corruption_s42] [TRAIN] stage=pretrain epoch=1/1 batch=850/3000 step=850 repair=0.005347 localization=0.2777 type=1.726 minimal=0.02 physics=0.3473 total=0.3099
[TRAIN train_climax_no_spectral_corruption_s42] [TRAIN] stage=pretrain epoch=1/1 batch=860/3000 step=860 repair=0.005225 localization=0.1686 type=1.147 minimal=0.03342 physics=0.307 total=0.2111
[TRAIN train_climax_no_spectral_corruption_s42] [TRAIN] stage=pretrain epoch=1/1 batch=870/3000 step=870 repair=0.0134 localization=0.3962 type=2.002 minimal=0.02228 physics=1.244 total=0.4359
[TRAIN train_climax_no_spectral_corruption_s42] [TRAIN] stage=pretrain epoch=1/1 batch=880/3000 step=880 repair=0.006823 localization=0.2565 type=2.561 minimal=0.02933 physics=0.2447 total=0.4982
[TRAIN train_climax_no_spectral_corruption_s42] [TRAIN] stage=pretrain epoch=1/1 batch=890/3000 step=890 repair=0.01539 localization=0.2375 type=1.588 minimal=0.02164 physics=0.2178 total=0.3027
[TRAIN train_climax_no_spectral_corruption_s42] [TRAIN] stage=pretrain epoch=1/1 batch=900/3000 step=900 repair=0.003604 localization=0.2895 type=2.229 minimal=0.0215 physics=0.1131 total=0.4395
[TRAIN train_climax_no_spectral_corruption_s42] [TRAIN] stage=pretrain epoch=1/1 batch=910/3000 step=910 repair=0.004451 localization=0.263 type=0.8269 minimal=0.02261 physics=0.2217 total=0.1248
[TRAIN train_climax_no_spectral_corruption_s42] [TRAIN] stage=pretrain epoch=1/1 batch=920/3000 step=920 repair=0.007499 localization=0.2622 type=0.9048 minimal=0.01918 physics=0.719 total=0.1603
[TRAIN train_climax_no_spectral_corruption_s42] [TRAIN] stage=pretrain epoch=1/1 batch=930/3000 step=930 repair=0.004537 localization=0.2159 type=2.009 minimal=0.02211 physics=0.2109 total=0.3898
[TRAIN train_climax_no_spectral_corruption_s42] [TRAIN] stage=pretrain epoch=1/1 batch=940/3000 step=940 repair=0.009072 localization=0.348 type=2.363 minimal=0.0322 physics=0.2628 total=0.5426
[TRAIN train_climax_no_spectral_corruption_s42] [TRAIN] stage=pretrain epoch=1/1 batch=950/3000 step=950 repair=0.006162 localization=0.3519 type=1.531 minimal=0.02017 physics=0.2327 total=0.2993
[TRAIN train_climax_no_spectral_corruption_s42] [TRAIN] stage=pretrain epoch=1/1 batch=960/3000 step=960 repair=0.008083 localization=0.1287 type=0.4879 minimal=0.0397 physics=0.526 total=0.131
[TRAIN train_climax_no_spectral_corruption_s42] [TRAIN] stage=pretrain epoch=1/1 batch=970/3000 step=970 repair=0.005268 localization=0.2627 type=0.3615 minimal=0.03014 physics=0.3144 total=0.1074
[TRAIN train_climax_no_spectral_corruption_s42] [TRAIN] stage=pretrain epoch=1/1 batch=980/3000 step=980 repair=0.01287 localization=0.3378 type=1.426 minimal=0.01793 physics=0.2693 total=0.3021
[TRAIN train_climax_no_spectral_corruption_s42] [TRAIN] stage=pretrain epoch=1/1 batch=990/3000 step=990 repair=0.002756 localization=0.2607 type=0.9316 minimal=0.01796 physics=0.1724 total=0.1308
[TRAIN train_climax_no_spectral_corruption_s42] [TRAIN] stage=pretrain epoch=1/1 batch=1000/3000 step=1000 repair=0.01345 localization=0.3093 type=1.761 minimal=0.01941 physics=0.3918 total=0.3089
[TRAIN train_climax_no_spectral_corruption_s42] [TRAIN] stage=pretrain epoch=1/1 batch=1010/3000 step=1010 repair=0.008632 localization=0.1017 type=0.4045 minimal=0.03922 physics=0.8956 total=0.1293
[TRAIN train_climax_no_spectral_corruption_s42] [TRAIN] stage=pretrain epoch=1/1 batch=1020/3000 step=1020 repair=0.006337 localization=0.116 type=0.3635 minimal=0.03448 physics=0.374 total=0.09683
[TRAIN train_climax_no_spectral_corruption_s42] [TRAIN] stage=pretrain epoch=1/1 batch=1030/3000 step=1030 repair=0.007776 localization=0.1316 type=0.1214 minimal=0.03598 physics=0.6597 total=0.07519
[TRAIN train_climax_no_spectral_corruption_s42] [TRAIN] stage=pretrain epoch=1/1 batch=1040/3000 step=1040 repair=0.006313 localization=0.3114 type=1.33 minimal=0.01735 physics=0.1042 total=0.264
[TRAIN train_climax_no_spectral_corruption_s42] [TRAIN] stage=pretrain epoch=1/1 batch=1050/3000 step=1050 repair=0.005199 localization=0.2848 type=1.099 minimal=0.01997 physics=0.3027 total=0.2312
[TRAIN train_climax_no_spectral_corruption_s42] [TRAIN] stage=pretrain epoch=1/1 batch=1060/3000 step=1060 repair=0.004611 localization=0.2213 type=0.7012 minimal=0.02151 physics=0.199 total=0.107
[TRAIN train_climax_no_spectral_corruption_s42] [TRAIN] stage=pretrain epoch=1/1 batch=1070/3000 step=1070 repair=0.00911 localization=0.346 type=1.633 minimal=0.01752 physics=0.2157 total=0.2971
[TRAIN train_climax_no_spectral_corruption_s42] [TRAIN] stage=pretrain epoch=1/1 batch=1080/3000 step=1080 repair=0.007988 localization=0.2845 type=0.4659 minimal=0.02026 physics=0.3968 total=0.1031
[TRAIN train_climax_no_spectral_corruption_s42] [TRAIN] stage=pretrain epoch=1/1 batch=1090/3000 step=1090 repair=0.002361 localization=0.2374 type=0.5087 minimal=0.01573 physics=0.222 total=0.08822
[TRAIN train_climax_no_spectral_corruption_s42] [TRAIN] stage=pretrain epoch=1/1 batch=1100/3000 step=1100 repair=0.01003 localization=0.3112 type=1.789 minimal=0.01939 physics=0.1105 total=0.336
[TRAIN train_climax_no_spectral_corruption_s42] [TRAIN] stage=pretrain epoch=1/1 batch=1110/3000 step=1110 repair=0.006189 localization=0.3851 type=0.4755 minimal=0.02545 physics=0.1255 total=0.09877
[TRAIN train_climax_no_spectral_corruption_s42] [TRAIN] stage=pretrain epoch=1/1 batch=1120/3000 step=1120 repair=0.003265 localization=0.255 type=3.386 minimal=0.01866 physics=0.293 total=0.639
[TRAIN train_climax_no_spectral_corruption_s42] [TRAIN] stage=pretrain epoch=1/1 batch=1130/3000 step=1130 repair=0.005045 localization=0.1138 type=0.1218 minimal=0.03812 physics=1.041 total=0.088
[TRAIN train_climax_no_spectral_corruption_s42] [TRAIN] stage=pretrain epoch=1/1 batch=1140/3000 step=1140 repair=0.004705 localization=0.2325 type=1.542 minimal=0.01945 physics=0.6214 total=0.3256
[TRAIN train_climax_no_spectral_corruption_s42] [TRAIN] stage=pretrain epoch=1/1 batch=1150/3000 step=1150 repair=0.009138 localization=0.2864 type=1.125 minimal=0.02055 physics=1.49 total=0.225
[TRAIN train_climax_no_spectral_corruption_s42] [TRAIN] stage=pretrain epoch=1/1 batch=1160/3000 step=1160 repair=0.003734 localization=0.1985 type=0.5369 minimal=0.01854 physics=0.3147 total=0.0932
[TRAIN train_climax_no_spectral_corruption_s42] [TRAIN] stage=pretrain epoch=1/1 batch=1170/3000 step=1170 repair=0.009278 localization=0.08249 type=0.02911 minimal=0.03705 physics=0.6446 total=0.0553
[TRAIN train_climax_no_spectral_corruption_s42] [TRAIN] stage=pretrain epoch=1/1 batch=1180/3000 step=1180 repair=0.003789 localization=0.2479 type=1.839 minimal=0.0193 physics=0.3291 total=0.332
[TRAIN train_climax_no_spectral_corruption_s42] [TRAIN] stage=pretrain epoch=1/1 batch=1190/3000 step=1190 repair=0.003483 localization=0.1399 type=1.179 minimal=0.022 physics=0.1608 total=0.2245
[TRAIN train_climax_no_spectral_corruption_s42] [TRAIN] stage=pretrain epoch=1/1 batch=1200/3000 step=1200 repair=0.004906 localization=0.3364 type=1.599 minimal=0.01788 physics=0.8483 total=0.3351
[TRAIN train_climax_no_spectral_corruption_s42] [TRAIN] stage=pretrain epoch=1/1 batch=1210/3000 step=1210 repair=0.003338 localization=0.06633 type=0.07967 minimal=0.02423 physics=0.339 total=0.04006
[TRAIN train_climax_no_spectral_corruption_s42] [TRAIN] stage=pretrain epoch=1/1 batch=1220/3000 step=1220 repair=0.005195 localization=0.2723 type=1.606 minimal=0.01845 physics=0.1649 total=0.256
[TRAIN train_climax_no_spectral_corruption_s42] [TRAIN] stage=pretrain epoch=1/1 batch=1230/3000 step=1230 repair=0.01466 localization=0.3095 type=2.976 minimal=0.02219 physics=0.8815 total=0.5175
[TRAIN train_climax_no_spectral_corruption_s42] [TRAIN] stage=pretrain epoch=1/1 batch=1240/3000 step=1240 repair=0.004599 localization=0.1942 type=1.109 minimal=0.01814 physics=0.1097 total=0.2
[TRAIN train_climax_no_spectral_corruption_s42] [TRAIN] stage=pretrain epoch=1/1 batch=1250/3000 step=1250 repair=0.002934 localization=0.07218 type=0.1262 minimal=0.02612 physics=0.4934 total=0.05603
[TRAIN train_climax_no_spectral_corruption_s42] [TRAIN] stage=pretrain epoch=1/1 batch=1260/3000 step=1260 repair=0.002884 localization=0.3192 type=2.011 minimal=0.01758 physics=0.3127 total=0.3971
[TRAIN train_climax_no_spectral_corruption_s42] [TRAIN] stage=pretrain epoch=1/1 batch=1270/3000 step=1270 repair=0.003225 localization=0.2061 type=0.8286 minimal=0.01797 physics=0.1795 total=0.1158
[TRAIN train_climax_no_spectral_corruption_s42] [TRAIN] stage=pretrain epoch=1/1 batch=1280/3000 step=1280 repair=0.01804 localization=0.2397 type=0.4795 minimal=0.01878 physics=0.7629 total=0.1283
[TRAIN train_climax_no_spectral_corruption_s42] [TRAIN] stage=pretrain epoch=1/1 batch=1290/3000 step=1290 repair=0.03622 localization=0.3258 type=0.502 minimal=0.02246 physics=0.634 total=0.1509
[TRAIN train_climax_no_spectral_corruption_s42] [TRAIN] stage=pretrain epoch=1/1 batch=1300/3000 step=1300 repair=0.007646 localization=0.3367 type=1.754 minimal=0.02039 physics=0.167 total=0.2922
[TRAIN train_climax_no_spectral_corruption_s42] [TRAIN] stage=pretrain epoch=1/1 batch=1310/3000 step=1310 repair=0.004427 localization=0.2427 type=0.5259 minimal=0.01724 physics=0.1595 total=0.08943
[TRAIN train_climax_no_spectral_corruption_s42] [TRAIN] stage=pretrain epoch=1/1 batch=1320/3000 step=1320 repair=0.006476 localization=0.2676 type=0.521 minimal=0.0175 physics=0.23 total=0.09701
[TRAIN train_climax_no_spectral_corruption_s42] [TRAIN] stage=pretrain epoch=1/1 batch=1330/3000 step=1330 repair=0.01149 localization=0.3606 type=0.4821 minimal=0.01837 physics=0.6756 total=0.1297
[TRAIN train_climax_no_spectral_corruption_s42] [TRAIN] stage=pretrain epoch=1/1 batch=1340/3000 step=1340 repair=0.005666 localization=0.3024 type=0.8469 minimal=0.02368 physics=0.2808 total=0.1349
[TRAIN train_climax_no_spectral_corruption_s42] [TRAIN] stage=pretrain epoch=1/1 batch=1350/3000 step=1350 repair=0.007182 localization=0.26 type=1.326 minimal=0.02162 physics=0.3457 total=0.1833
[TRAIN train_climax_no_spectral_corruption_s42] [TRAIN] stage=pretrain epoch=1/1 batch=1360/3000 step=1360 repair=0.005947 localization=0.3121 type=0.5217 minimal=0.02505 physics=0.2989 total=0.1045
[TRAIN train_climax_no_spectral_corruption_s42] [TRAIN] stage=pretrain epoch=1/1 batch=1370/3000 step=1370 repair=0.004797 localization=0.05147 type=0.005787 minimal=0.03308 physics=0.6232 total=0.04225
[TRAIN train_climax_no_spectral_corruption_s42] [TRAIN] stage=pretrain epoch=1/1 batch=1380/3000 step=1380 repair=0.003766 localization=0.1775 type=0.04822 minimal=0.02306 physics=0.3576 total=0.04654
[TRAIN train_climax_no_spectral_corruption_s42] [TRAIN] stage=pretrain epoch=1/1 batch=1390/3000 step=1390 repair=0.002292 localization=0.06117 type=0.07129 minimal=0.02109 physics=0.6616 total=0.05141
[TRAIN train_climax_no_spectral_corruption_s42] [TRAIN] stage=pretrain epoch=1/1 batch=1400/3000 step=1400 repair=0.00383 localization=0.2446 type=0.5938 minimal=0.02026 physics=0.4469 total=0.1102
[TRAIN train_climax_no_spectral_corruption_s42] [TRAIN] stage=pretrain epoch=1/1 batch=1410/3000 step=1410 repair=0.007475 localization=0.2154 type=0.7998 minimal=0.01927 physics=0.08749 total=0.1486
[TRAIN train_climax_no_spectral_corruption_s42] [TRAIN] stage=pretrain epoch=1/1 batch=1420/3000 step=1420 repair=0.003445 localization=0.3597 type=1.994 minimal=0.01785 physics=0.3111 total=0.4249
[TRAIN train_climax_no_spectral_corruption_s42] [TRAIN] stage=pretrain epoch=1/1 batch=1430/3000 step=1430 repair=0.008384 localization=0.2866 type=2.159 minimal=0.02205 physics=0.2996 total=0.4534
[TRAIN train_climax_no_spectral_corruption_s42] [TRAIN] stage=pretrain epoch=1/1 batch=1440/3000 step=1440 repair=0.002856 localization=0.1854 type=2.827 minimal=0.01982 physics=0.1035 total=0.4882
[TRAIN train_climax_no_spectral_corruption_s42] [TRAIN] stage=pretrain epoch=1/1 batch=1450/3000 step=1450 repair=0.01186 localization=0.4336 type=2.029 minimal=0.02299 physics=1.023 total=0.389
[TRAIN train_climax_no_spectral_corruption_s42] [TRAIN] stage=pretrain epoch=1/1 batch=1460/3000 step=1460 repair=0.02837 localization=0.3266 type=0.3972 minimal=0.01851 physics=0.3159 total=0.1167
[TRAIN train_climax_no_spectral_corruption_s42] [TRAIN] stage=pretrain epoch=1/1 batch=1470/3000 step=1470 repair=0.0114 localization=0.3036 type=2.165 minimal=0.01782 physics=0.1884 total=0.3875
[TRAIN train_climax_no_spectral_corruption_s42] [TRAIN] stage=pretrain epoch=1/1 batch=1480/3000 step=1480 repair=0.01012 localization=0.2831 type=1.997 minimal=0.01775 physics=0.1707 total=0.3743
[TRAIN train_climax_no_spectral_corruption_s42] [TRAIN] stage=pretrain epoch=1/1 batch=1490/3000 step=1490 repair=0.0044 localization=0.3558 type=1.195 minimal=0.01758 physics=0.8494 total=0.2021
[TRAIN train_climax_no_spectral_corruption_s42] [TRAIN] stage=pretrain epoch=1/1 batch=1500/3000 step=1500 repair=0.00642 localization=0.1778 type=2.037 minimal=0.02246 physics=0.2133 total=0.3429
[TRAIN train_climax_no_spectral_corruption_s42] [TRAIN] stage=pretrain epoch=1/1 batch=1510/3000 step=1510 repair=0.004682 localization=0.197 type=1.419 minimal=0.01649 physics=0.4577 total=0.2495
[TRAIN train_climax_no_spectral_corruption_s42] [TRAIN] stage=pretrain epoch=1/1 batch=1520/3000 step=1520 repair=0.002726 localization=0.2167 type=1.052 minimal=0.01741 physics=0.3074 total=0.2118
[TRAIN train_climax_no_spectral_corruption_s42] [TRAIN] stage=pretrain epoch=1/1 batch=1530/3000 step=1530 repair=0.01679 localization=0.323 type=1.039 minimal=0.01797 physics=0.2215 total=0.2362
[TRAIN train_climax_no_spectral_corruption_s42] [TRAIN] stage=pretrain epoch=1/1 batch=1540/3000 step=1540 repair=0.003911 localization=0.2505 type=1.607 minimal=0.01939 physics=0.1154 total=0.1956
[TRAIN train_climax_no_spectral_corruption_s42] [TRAIN] stage=pretrain epoch=1/1 batch=1550/3000 step=1550 repair=0.003647 localization=0.2601 type=0.9866 minimal=0.01945 physics=0.1026 total=0.1336
[TRAIN train_climax_no_spectral_corruption_s42] [TRAIN] stage=pretrain epoch=1/1 batch=1560/3000 step=1560 repair=0.003333 localization=0.2637 type=1.264 minimal=0.01706 physics=0.071 total=0.2248
[TRAIN train_climax_no_spectral_corruption_s42] [TRAIN] stage=pretrain epoch=1/1 batch=1570/3000 step=1570 repair=0.00361 localization=0.3576 type=1.339 minimal=0.01723 physics=0.7319 total=0.2801
[TRAIN train_climax_no_spectral_corruption_s42] [TRAIN] stage=pretrain epoch=1/1 batch=1580/3000 step=1580 repair=0.002045 localization=0.06638 type=0.007969 minimal=0.02039 physics=0.2388 total=0.02199
[TRAIN train_climax_no_spectral_corruption_s42] [TRAIN] stage=pretrain epoch=1/1 batch=1590/3000 step=1590 repair=0.003117 localization=0.2495 type=0.8372 minimal=0.01788 physics=0.2229 total=0.1747
[TRAIN train_climax_no_spectral_corruption_s42] [TRAIN] stage=pretrain epoch=1/1 batch=1600/3000 step=1600 repair=0.001868 localization=0.02477 type=0.001383 minimal=0.02313 physics=0.246 total=0.01708
[TRAIN train_climax_no_spectral_corruption_s42] [TRAIN] stage=pretrain epoch=1/1 batch=1610/3000 step=1610 repair=0.008842 localization=0.3686 type=1.771 minimal=0.01511 physics=0.5197 total=0.249
[TRAIN train_climax_no_spectral_corruption_s42] [TRAIN] stage=pretrain epoch=1/1 batch=1620/3000 step=1620 repair=0.002699 localization=0.3855 type=0.811 minimal=0.01801 physics=0.4998 total=0.2017
[TRAIN train_climax_no_spectral_corruption_s42] [TRAIN] stage=pretrain epoch=1/1 batch=1630/3000 step=1630 repair=0.00166 localization=0.01913 type=0.002236 minimal=0.02634 physics=0.3431 total=0.02135
[TRAIN train_climax_no_spectral_corruption_s42] [TRAIN] stage=pretrain epoch=1/1 batch=1640/3000 step=1640 repair=0.03485 localization=0.3688 type=1.457 minimal=0.01427 physics=0.7273 total=0.2539
[TRAIN train_climax_no_spectral_corruption_s42] [TRAIN] stage=pretrain epoch=1/1 batch=1650/3000 step=1650 repair=0.008492 localization=0.1936 type=1.175 minimal=0.0164 physics=0.166 total=0.2481
[TRAIN train_climax_no_spectral_corruption_s42] [TRAIN] stage=pretrain epoch=1/1 batch=1660/3000 step=1660 repair=0.002439 localization=0.359 type=1.18 minimal=0.01523 physics=0.3177 total=0.2424
[TRAIN train_climax_no_spectral_corruption_s42] [TRAIN] stage=pretrain epoch=1/1 batch=1670/3000 step=1670 repair=0.006865 localization=0.2821 type=0.9189 minimal=0.01671 physics=0.1683 total=0.1769
[TRAIN train_climax_no_spectral_corruption_s42] [TRAIN] stage=pretrain epoch=1/1 batch=1680/3000 step=1680 repair=0.002666 localization=0.03314 type=0.002634 minimal=0.02214 physics=0.2409 total=0.01872
[TRAIN train_climax_no_spectral_corruption_s42] [TRAIN] stage=pretrain epoch=1/1 batch=1690/3000 step=1690 repair=0.00344 localization=0.3188 type=1.763 minimal=0.01671 physics=0.5285 total=0.2382
[TRAIN train_climax_no_spectral_corruption_s42] [TRAIN] stage=pretrain epoch=1/1 batch=1700/3000 step=1700 repair=0.00132 localization=0.05852 type=0.01653 minimal=0.01666 physics=0.1951 total=0.02005
[TRAIN train_climax_no_spectral_corruption_s42] [TRAIN] stage=pretrain epoch=1/1 batch=1710/3000 step=1710 repair=0.003184 localization=0.2252 type=0.8777 minimal=0.01608 physics=0.1058 total=0.1189
[TRAIN train_climax_no_spectral_corruption_s42] [TRAIN] stage=pretrain epoch=1/1 batch=1720/3000 step=1720 repair=0.002202 localization=0.2311 type=3.27 minimal=0.01559 physics=0.1986 total=0.6616
[TRAIN train_climax_no_spectral_corruption_s42] [TRAIN] stage=pretrain epoch=1/1 batch=1730/3000 step=1730 repair=0.002323 localization=0.02769 type=0.0006061 minimal=0.03244 physics=0.4047 total=0.02575
[TRAIN train_climax_no_spectral_corruption_s42] [TRAIN] stage=pretrain epoch=1/1 batch=1740/3000 step=1740 repair=0.003149 localization=0.02633 type=0.002358 minimal=0.02625 physics=0.8347 total=0.04819
[TRAIN train_climax_no_spectral_corruption_s42] [TRAIN] stage=pretrain epoch=1/1 batch=1750/3000 step=1750 repair=0.02026 localization=0.2351 type=0.9395 minimal=0.01591 physics=0.1988 total=0.1478
[TRAIN train_climax_no_spectral_corruption_s42] [TRAIN] stage=pretrain epoch=1/1 batch=1760/3000 step=1760 repair=0.001304 localization=0.04769 type=0.0012 minimal=0.02083 physics=0.2666 total=0.01982
[TRAIN train_climax_no_spectral_corruption_s42] [TRAIN] stage=pretrain epoch=1/1 batch=1770/3000 step=1770 repair=0.007506 localization=0.3242 type=1.032 minimal=0.01373 physics=0.1584 total=0.1512
[TRAIN train_climax_no_spectral_corruption_s42] [TRAIN] stage=pretrain epoch=1/1 batch=1780/3000 step=1780 repair=0.003369 localization=0.2695 type=1.277 minimal=0.01553 physics=0.2531 total=0.2496
[TRAIN train_climax_no_spectral_corruption_s42] [TRAIN] stage=pretrain epoch=1/1 batch=1790/3000 step=1790 repair=0.01002 localization=0.3338 type=1.018 minimal=0.01582 physics=0.2304 total=0.2036
[TRAIN train_climax_no_spectral_corruption_s42] [TRAIN] stage=pretrain epoch=1/1 batch=1800/3000 step=1800 repair=0.001329 localization=0.02117 type=0.001769 minimal=0.01886 physics=0.2826 total=0.01803
[TRAIN train_climax_no_spectral_corruption_s42] [TRAIN] stage=pretrain epoch=1/1 batch=1810/3000 step=1810 repair=0.004654 localization=0.2377 type=0.8457 minimal=0.01945 physics=0.1953 total=0.1229
[TRAIN train_climax_no_spectral_corruption_s42] [TRAIN] stage=pretrain epoch=1/1 batch=1820/3000 step=1820 repair=0.0131 localization=0.2598 type=1.685 minimal=0.01926 physics=0.237 total=0.2692
[TRAIN train_climax_no_spectral_corruption_s42] [TRAIN] stage=pretrain epoch=1/1 batch=1830/3000 step=1830 repair=0.007591 localization=0.2651 type=0.6292 minimal=0.01521 physics=0.1424 total=0.1043
[TRAIN train_climax_no_spectral_corruption_s42] [TRAIN] stage=pretrain epoch=1/1 batch=1840/3000 step=1840 repair=0.005163 localization=0.2316 type=1.566 minimal=0.01738 physics=0.8174 total=0.3093
[TRAIN train_climax_no_spectral_corruption_s42] [TRAIN] stage=pretrain epoch=1/1 batch=1850/3000 step=1850 repair=0.002699 localization=0.2837 type=1.13 minimal=0.01546 physics=0.3001 total=0.2282
[TRAIN train_climax_no_spectral_corruption_s42] [TRAIN] stage=pretrain epoch=1/1 batch=1860/3000 step=1860 repair=0.002109 localization=0.3559 type=0.7844 minimal=0.01352 physics=0.09517 total=0.121
[TRAIN train_climax_no_spectral_corruption_s42] [TRAIN] stage=pretrain epoch=1/1 batch=1870/3000 step=1870 repair=0.009438 localization=0.2162 type=1.678 minimal=0.01564 physics=1.06 total=0.3256
[TRAIN train_climax_no_spectral_corruption_s42] [TRAIN] stage=pretrain epoch=1/1 batch=1880/3000 step=1880 repair=0.004628 localization=0.3138 type=1.628 minimal=0.01536 physics=0.1005 total=0.2813
[TRAIN train_climax_no_spectral_corruption_s42] [TRAIN] stage=pretrain epoch=1/1 batch=1890/3000 step=1890 repair=0.001394 localization=0.0207 type=0.00413 minimal=0.01694 physics=0.1629 total=0.01247
[TRAIN train_climax_no_spectral_corruption_s42] [TRAIN] stage=pretrain epoch=1/1 batch=1900/3000 step=1900 repair=0.002159 localization=0.2427 type=3.496 minimal=0.0157 physics=0.2144 total=0.6857
[TRAIN train_climax_no_spectral_corruption_s42] [TRAIN] stage=pretrain epoch=1/1 batch=1910/3000 step=1910 repair=0.002097 localization=0.2202 type=0.01025 minimal=0.01646 physics=0.1594 total=0.0338
[TRAIN train_climax_no_spectral_corruption_s42] [TRAIN] stage=pretrain epoch=1/1 batch=1920/3000 step=1920 repair=0.003657 localization=0.303 type=1.114 minimal=0.01692 physics=0.3469 total=0.2643
[TRAIN train_climax_no_spectral_corruption_s42] [TRAIN] stage=pretrain epoch=1/1 batch=1930/3000 step=1930 repair=0.01483 localization=0.2981 type=0.9795 minimal=0.02576 physics=0.298 total=0.1577
[TRAIN train_climax_no_spectral_corruption_s42] [TRAIN] stage=pretrain epoch=1/1 batch=1940/3000 step=1940 repair=0.003311 localization=0.2914 type=2.844 minimal=0.01556 physics=0.2028 total=0.5534
[TRAIN train_climax_no_spectral_corruption_s42] [TRAIN] stage=pretrain epoch=1/1 batch=1950/3000 step=1950 repair=0.00522 localization=0.2333 type=1.429 minimal=0.01694 physics=0.07202 total=0.2355
[TRAIN train_climax_no_spectral_corruption_s42] [TRAIN] stage=pretrain epoch=1/1 batch=1960/3000 step=1960 repair=0.005542 localization=0.3224 type=0.4863 minimal=0.01912 physics=0.1247 total=0.09284
[TRAIN train_climax_no_spectral_corruption_s42] [TRAIN] stage=pretrain epoch=1/1 batch=1970/3000 step=1970 repair=0.01324 localization=0.3215 type=1.787 minimal=0.02565 physics=0.2079 total=0.2568
[TRAIN train_climax_no_spectral_corruption_s42] [TRAIN] stage=pretrain epoch=1/1 batch=1980/3000 step=1980 repair=0.001543 localization=0.02648 type=0.000824 minimal=0.02512 physics=0.295 total=0.01932
[TRAIN train_climax_no_spectral_corruption_s42] [TRAIN] stage=pretrain epoch=1/1 batch=1990/3000 step=1990 repair=0.001675 localization=0.02075 type=0.0009865 minimal=0.02238 physics=0.2043 total=0.01434
[TRAIN train_climax_no_spectral_corruption_s42] [TRAIN] stage=pretrain epoch=1/1 batch=2000/3000 step=2000 repair=0.007009 localization=0.2626 type=1.394 minimal=0.02406 physics=0.1512 total=0.2704
[TRAIN train_climax_no_spectral_corruption_s42] [TRAIN] stage=pretrain epoch=1/1 batch=2010/3000 step=2010 repair=0.005661 localization=0.2388 type=1.651 minimal=0.02049 physics=0.3964 total=0.2697
[TRAIN train_climax_no_spectral_corruption_s42] [TRAIN] stage=pretrain epoch=1/1 batch=2020/3000 step=2020 repair=0.001414 localization=0.04362 type=0.003649 minimal=0.01436 physics=0.1943 total=0.01614
[TRAIN train_climax_no_spectral_corruption_s42] [TRAIN] stage=pretrain epoch=1/1 batch=2030/3000 step=2030 repair=0.001821 localization=0.05465 type=0.001517 minimal=0.01749 physics=0.1783 total=0.0166
[TRAIN train_climax_no_spectral_corruption_s42] [TRAIN] stage=pretrain epoch=1/1 batch=2040/3000 step=2040 repair=0.01466 localization=0.3356 type=1.132 minimal=0.01479 physics=0.07687 total=0.2161
[TRAIN train_climax_no_spectral_corruption_s42] [TRAIN] stage=pretrain epoch=1/1 batch=2050/3000 step=2050 repair=0.00312 localization=0.1898 type=0.761 minimal=0.01611 physics=0.08148 total=0.1492
[TRAIN train_climax_no_spectral_corruption_s42] [TRAIN] stage=pretrain epoch=1/1 batch=2060/3000 step=2060 repair=0.01625 localization=0.24 type=1.512 minimal=0.01999 physics=1.012 total=0.3784
[TRAIN train_climax_no_spectral_corruption_s42] [TRAIN] stage=pretrain epoch=1/1 batch=2070/3000 step=2070 repair=0.006308 localization=0.4195 type=1.602 minimal=0.02414 physics=0.1376 total=0.3265
[TRAIN train_climax_no_spectral_corruption_s42] [TRAIN] stage=pretrain epoch=1/1 batch=2080/3000 step=2080 repair=0.006946 localization=0.263 type=1.151 minimal=0.01888 physics=0.09693 total=0.215
[TRAIN train_climax_no_spectral_corruption_s42] [TRAIN] stage=pretrain epoch=1/1 batch=2090/3000 step=2090 repair=0.008421 localization=0.3351 type=0.9688 minimal=0.01823 physics=0.2157 total=0.2049
[TRAIN train_climax_no_spectral_corruption_s42] [TRAIN] stage=pretrain epoch=1/1 batch=2100/3000 step=2100 repair=0.002168 localization=0.1375 type=0.009106 minimal=0.0168 physics=0.2195 total=0.02871
[TRAIN train_climax_no_spectral_corruption_s42] [TRAIN] stage=pretrain epoch=1/1 batch=2110/3000 step=2110 repair=0.007344 localization=0.2232 type=1.406 minimal=0.02014 physics=0.167 total=0.1788
[TRAIN train_climax_no_spectral_corruption_s42] [TRAIN] stage=pretrain epoch=1/1 batch=2120/3000 step=2120 repair=0.03477 localization=0.4018 type=1.325 minimal=0.0173 physics=2.493 total=0.3322
[TRAIN train_climax_no_spectral_corruption_s42] [TRAIN] stage=pretrain epoch=1/1 batch=2130/3000 step=2130 repair=0.004207 localization=0.2258 type=1.244 minimal=0.0193 physics=0.09754 total=0.2449
[TRAIN train_climax_no_spectral_corruption_s42] [TRAIN] stage=pretrain epoch=1/1 batch=2140/3000 step=2140 repair=0.01005 localization=0.3642 type=1.911 minimal=0.01819 physics=0.0833 total=0.3235
[TRAIN train_climax_no_spectral_corruption_s42] [TRAIN] stage=pretrain epoch=1/1 batch=2150/3000 step=2150 repair=0.002842 localization=0.2933 type=1.667 minimal=0.01625 physics=0.05572 total=0.2577
[TRAIN train_climax_no_spectral_corruption_s42] [TRAIN] stage=pretrain epoch=1/1 batch=2160/3000 step=2160 repair=0.017 localization=0.1862 type=0.5583 minimal=0.01614 physics=0.2693 total=0.1051
[TRAIN train_climax_no_spectral_corruption_s42] [TRAIN] stage=pretrain epoch=1/1 batch=2170/3000 step=2170 repair=0.02038 localization=0.3644 type=1.891 minimal=0.01813 physics=0.1949 total=0.3235
[TRAIN train_climax_no_spectral_corruption_s42] [TRAIN] stage=pretrain epoch=1/1 batch=2180/3000 step=2180 repair=0.008549 localization=0.2723 type=0.2543 minimal=0.01686 physics=0.4721 total=0.08498
[TRAIN train_climax_no_spectral_corruption_s42] [TRAIN] stage=pretrain epoch=1/1 batch=2190/3000 step=2190 repair=0.001233 localization=0.02638 type=0.0005119 minimal=0.02165 physics=0.1659 total=0.01247
[TRAIN train_climax_no_spectral_corruption_s42] [TRAIN] stage=pretrain epoch=1/1 batch=2200/3000 step=2200 repair=0.0007433 localization=0.03364 type=0.0006328 minimal=0.01377 physics=0.1764 total=0.01318
[TRAIN train_climax_no_spectral_corruption_s42] [TRAIN] stage=pretrain epoch=1/1 batch=2210/3000 step=2210 repair=0.002236 localization=0.2319 type=1.307 minimal=0.01448 physics=0.1102 total=0.2474
[TRAIN train_climax_no_spectral_corruption_s42] [TRAIN] stage=pretrain epoch=1/1 batch=2220/3000 step=2220 repair=0.0009164 localization=0.02996 type=0.001237 minimal=0.01466 physics=0.1149 total=0.009999
[TRAIN train_climax_no_spectral_corruption_s42] [TRAIN] stage=pretrain epoch=1/1 batch=2230/3000 step=2230 repair=0.00302 localization=0.2811 type=1.055 minimal=0.0163 physics=0.1807 total=0.1458
[TRAIN train_climax_no_spectral_corruption_s42] [TRAIN] stage=pretrain epoch=1/1 batch=2240/3000 step=2240 repair=0.00857 localization=0.2968 type=2.046 minimal=0.01491 physics=0.8085 total=0.4088
[TRAIN train_climax_no_spectral_corruption_s42] [TRAIN] stage=pretrain epoch=1/1 batch=2250/3000 step=2250 repair=0.003912 localization=0.2547 type=1.732 minimal=0.01636 physics=0.1265 total=0.2682
[TRAIN train_climax_no_spectral_corruption_s42] [TRAIN] stage=pretrain epoch=1/1 batch=2260/3000 step=2260 repair=0.007117 localization=0.3518 type=1.628 minimal=0.01836 physics=0.07841 total=0.2622
[TRAIN train_climax_no_spectral_corruption_s42] [TRAIN] stage=pretrain epoch=1/1 batch=2270/3000 step=2270 repair=0.005396 localization=0.3599 type=0.324 minimal=0.02022 physics=0.1255 total=0.08027
[TRAIN train_climax_no_spectral_corruption_s42] [TRAIN] stage=pretrain epoch=1/1 batch=2280/3000 step=2280 repair=0.01267 localization=0.3447 type=2.102 minimal=0.02637 physics=0.4684 total=0.3616
[TRAIN train_climax_no_spectral_corruption_s42] [TRAIN] stage=pretrain epoch=1/1 batch=2290/3000 step=2290 repair=0.01238 localization=0.2822 type=0.5083 minimal=0.02121 physics=0.1775 total=0.1005
[TRAIN train_climax_no_spectral_corruption_s42] [TRAIN] stage=pretrain epoch=1/1 batch=2300/3000 step=2300 repair=0.0236 localization=0.2486 type=0.4674 minimal=0.01671 physics=0.4437 total=0.1176
[TRAIN train_climax_no_spectral_corruption_s42] [TRAIN] stage=pretrain epoch=1/1 batch=2310/3000 step=2310 repair=0.009623 localization=0.2642 type=2.104 minimal=0.0155 physics=0.09903 total=0.3444
[TRAIN train_climax_no_spectral_corruption_s42] [TRAIN] stage=pretrain epoch=1/1 batch=2320/3000 step=2320 repair=0.0008164 localization=0.0771 type=0.0004137 minimal=0.01276 physics=0.1355 total=0.01549
[TRAIN train_climax_no_spectral_corruption_s42] [TRAIN] stage=pretrain epoch=1/1 batch=2330/3000 step=2330 repair=0.00373 localization=0.3445 type=0.5815 minimal=0.01353 physics=0.1306 total=0.103
[TRAIN train_climax_no_spectral_corruption_s42] [TRAIN] stage=pretrain epoch=1/1 batch=2340/3000 step=2340 repair=0.002714 localization=0.1956 type=1.5 minimal=0.01505 physics=0.1002 total=0.2413
[TRAIN train_climax_no_spectral_corruption_s42] [TRAIN] stage=pretrain epoch=1/1 batch=2350/3000 step=2350 repair=0.009266 localization=0.2678 type=0.6404 minimal=0.01807 physics=0.2288 total=0.1117
[TRAIN train_climax_no_spectral_corruption_s42] [TRAIN] stage=pretrain epoch=1/1 batch=2360/3000 step=2360 repair=0.005975 localization=0.3261 type=1.807 minimal=0.01575 physics=0.1364 total=0.3099
[TRAIN train_climax_no_spectral_corruption_s42] [TRAIN] stage=pretrain epoch=1/1 batch=2370/3000 step=2370 repair=0.001114 localization=0.02344 type=0.001844 minimal=0.0132 physics=0.1145 total=0.009605
[TRAIN train_climax_no_spectral_corruption_s42] [TRAIN] stage=pretrain epoch=1/1 batch=2380/3000 step=2380 repair=0.0071 localization=0.2481 type=0.5212 minimal=0.01402 physics=0.1417 total=0.09126
[TRAIN train_climax_no_spectral_corruption_s42] [TRAIN] stage=pretrain epoch=1/1 batch=2390/3000 step=2390 repair=0.02102 localization=0.3497 type=2.022 minimal=0.02289 physics=0.2816 total=0.3351
[TRAIN train_climax_no_spectral_corruption_s42] [TRAIN] stage=pretrain epoch=1/1 batch=2400/3000 step=2400 repair=0.006094 localization=0.2259 type=0.4054 minimal=0.01843 physics=0.3953 total=0.08917
[TRAIN train_climax_no_spectral_corruption_s42] [TRAIN] stage=pretrain epoch=1/1 batch=2410/3000 step=2410 repair=0.00122 localization=0.1499 type=0.1922 minimal=0.01278 physics=0.2058 total=0.05695
[TRAIN train_climax_no_spectral_corruption_s42] [TRAIN] stage=pretrain epoch=1/1 batch=2420/3000 step=2420 repair=0.004103 localization=0.2238 type=1.878 minimal=0.01675 physics=0.05203 total=0.316
[TRAIN train_climax_no_spectral_corruption_s42] [TRAIN] stage=pretrain epoch=1/1 batch=2430/3000 step=2430 repair=0.006654 localization=0.2507 type=1.807 minimal=0.01523 physics=0.1245 total=0.3213
[TRAIN train_climax_no_spectral_corruption_s42] [TRAIN] stage=pretrain epoch=1/1 batch=2440/3000 step=2440 repair=0.03993 localization=0.4642 type=0.9727 minimal=0.01721 physics=0.7966 total=0.2236
[TRAIN train_climax_no_spectral_corruption_s42] [TRAIN] stage=pretrain epoch=1/1 batch=2450/3000 step=2450 repair=0.002852 localization=0.1445 type=2.71 minimal=0.01711 physics=0.2159 total=0.5002
[TRAIN train_climax_no_spectral_corruption_s42] [TRAIN] stage=pretrain epoch=1/1 batch=2460/3000 step=2460 repair=0.004872 localization=0.2328 type=1.48 minimal=0.01894 physics=0.2177 total=0.277
[TRAIN train_climax_no_spectral_corruption_s42] [TRAIN] stage=pretrain epoch=1/1 batch=2470/3000 step=2470 repair=0.001434 localization=0.1465 type=1.336 minimal=0.01631 physics=0.171 total=0.2389
[TRAIN train_climax_no_spectral_corruption_s42] [TRAIN] stage=pretrain epoch=1/1 batch=2480/3000 step=2480 repair=0.00282 localization=0.3042 type=1.907 minimal=0.01692 physics=0.745 total=0.412
[TRAIN train_climax_no_spectral_corruption_s42] [TRAIN] stage=pretrain epoch=1/1 batch=2490/3000 step=2490 repair=0.008472 localization=0.3595 type=0.3567 minimal=0.01941 physics=0.1997 total=0.112
[TRAIN train_climax_no_spectral_corruption_s42] [TRAIN] stage=pretrain epoch=1/1 batch=2500/3000 step=2500 repair=0.01144 localization=0.269 type=0.3733 minimal=0.02049 physics=0.2768 total=0.1111
[TRAIN train_climax_no_spectral_corruption_s42] [TRAIN] stage=pretrain epoch=1/1 batch=2510/3000 step=2510 repair=0.004237 localization=0.2848 type=1.815 minimal=0.01909 physics=0.1206 total=0.4135
[TRAIN train_climax_no_spectral_corruption_s42] [TRAIN] stage=pretrain epoch=1/1 batch=2520/3000 step=2520 repair=0.002046 localization=0.04181 type=0.006698 minimal=0.0192 physics=0.1912 total=0.01717
[TRAIN train_climax_no_spectral_corruption_s42] [TRAIN] stage=pretrain epoch=1/1 batch=2530/3000 step=2530 repair=0.009717 localization=0.3009 type=0.3784 minimal=0.01772 physics=0.3035 total=0.093
[TRAIN train_climax_no_spectral_corruption_s42] [TRAIN] stage=pretrain epoch=1/1 batch=2540/3000 step=2540 repair=0.006806 localization=0.2706 type=2.6 minimal=0.02097 physics=0.1922 total=0.4287
[TRAIN train_climax_no_spectral_corruption_s42] [TRAIN] stage=pretrain epoch=1/1 batch=2550/3000 step=2550 repair=0.001547 localization=0.1082 type=0.4143 minimal=0.01354 physics=0.1431 total=0.07725
[TRAIN train_climax_no_spectral_corruption_s42] [TRAIN] stage=pretrain epoch=1/1 batch=2560/3000 step=2560 repair=0.003711 localization=0.3722 type=1.943 minimal=0.01305 physics=0.4131 total=0.3262
[TRAIN train_climax_no_spectral_corruption_s42] [TRAIN] stage=pretrain epoch=1/1 batch=2570/3000 step=2570 repair=0.001698 localization=0.02352 type=0.0004636 minimal=0.02617 physics=0.2083 total=0.01479
[TRAIN train_climax_no_spectral_corruption_s42] [TRAIN] stage=pretrain epoch=1/1 batch=2580/3000 step=2580 repair=0.005373 localization=0.3003 type=1.087 minimal=0.01636 physics=0.4618 total=0.1674
[TRAIN train_climax_no_spectral_corruption_s42] [TRAIN] stage=pretrain epoch=1/1 batch=2590/3000 step=2590 repair=0.00628 localization=0.3075 type=1.169 minimal=0.01611 physics=1.172 total=0.2589
[TRAIN train_climax_no_spectral_corruption_s42] [TRAIN] stage=pretrain epoch=1/1 batch=2600/3000 step=2600 repair=0.003966 localization=0.3165 type=1.29 minimal=0.0202 physics=0.06665 total=0.1995
[TRAIN train_climax_no_spectral_corruption_s42] [TRAIN] stage=pretrain epoch=1/1 batch=2610/3000 step=2610 repair=0.005123 localization=0.2497 type=1.39 minimal=0.02022 physics=1.198 total=0.2614
[TRAIN train_climax_no_spectral_corruption_s42] [TRAIN] stage=pretrain epoch=1/1 batch=2620/3000 step=2620 repair=0.002288 localization=0.0172 type=0.002243 minimal=0.03262 physics=0.9549 total=0.05238
[TRAIN train_climax_no_spectral_corruption_s42] [TRAIN] stage=pretrain epoch=1/1 batch=2630/3000 step=2630 repair=0.002986 localization=0.1978 type=1.36 minimal=0.01323 physics=0.3792 total=0.2095
[TRAIN train_climax_no_spectral_corruption_s42] [TRAIN] stage=pretrain epoch=1/1 batch=2640/3000 step=2640 repair=0.004912 localization=0.3073 type=1.98 minimal=0.01238 physics=0.03964 total=0.3476
[TRAIN train_climax_no_spectral_corruption_s42] [TRAIN] stage=pretrain epoch=1/1 batch=2650/3000 step=2650 repair=0.005701 localization=0.4028 type=2.116 minimal=0.01345 physics=0.3206 total=0.4303
[TRAIN train_climax_no_spectral_corruption_s42] [TRAIN] stage=pretrain epoch=1/1 batch=2660/3000 step=2660 repair=0.001965 localization=0.07121 type=0.003256 minimal=0.02101 physics=0.5891 total=0.03926
[TRAIN train_climax_no_spectral_corruption_s42] [TRAIN] stage=pretrain epoch=1/1 batch=2670/3000 step=2670 repair=0.006691 localization=0.2417 type=2.241 minimal=0.01364 physics=0.1525 total=0.3956
[TRAIN train_climax_no_spectral_corruption_s42] [TRAIN] stage=pretrain epoch=1/1 batch=2680/3000 step=2680 repair=0.001438 localization=0.05537 type=0.006183 minimal=0.01304 physics=0.3899 total=0.02743
[TRAIN train_climax_no_spectral_corruption_s42] [TRAIN] stage=pretrain epoch=1/1 batch=2690/3000 step=2690 repair=0.01493 localization=0.3476 type=0.989 minimal=0.01376 physics=1.706 total=0.311
[TRAIN train_climax_no_spectral_corruption_s42] [TRAIN] stage=pretrain epoch=1/1 batch=2700/3000 step=2700 repair=0.001201 localization=0.01313 type=0.0005927 minimal=0.01915 physics=0.1544 total=0.01051
[TRAIN train_climax_no_spectral_corruption_s42] [TRAIN] stage=pretrain epoch=1/1 batch=2710/3000 step=2710 repair=0.01164 localization=0.2442 type=1.305 minimal=0.01633 physics=0.1947 total=0.2866
[TRAIN train_climax_no_spectral_corruption_s42] [TRAIN] stage=pretrain epoch=1/1 batch=2720/3000 step=2720 repair=0.01181 localization=0.2799 type=0.4998 minimal=0.02809 physics=0.1751 total=0.0988
[TRAIN train_climax_no_spectral_corruption_s42] [TRAIN] stage=pretrain epoch=1/1 batch=2730/3000 step=2730 repair=0.0008878 localization=0.1998 type=0.01059 minimal=0.01275 physics=0.1378 total=0.02934
[TRAIN train_climax_no_spectral_corruption_s42] [TRAIN] stage=pretrain epoch=1/1 batch=2740/3000 step=2740 repair=0.005789 localization=0.3151 type=0.451 minimal=0.02045 physics=0.5937 total=0.1123
[TRAIN train_climax_no_spectral_corruption_s42] [TRAIN] stage=pretrain epoch=1/1 batch=2750/3000 step=2750 repair=0.001058 localization=0.0697 type=0.09779 minimal=0.01334 physics=0.238 total=0.03493
[TRAIN train_climax_no_spectral_corruption_s42] [TRAIN] stage=pretrain epoch=1/1 batch=2760/3000 step=2760 repair=0.002005 localization=0.02169 type=0.0003442 minimal=0.02554 physics=0.2522 total=0.01709
[TRAIN train_climax_no_spectral_corruption_s42] [TRAIN] stage=pretrain epoch=1/1 batch=2770/3000 step=2770 repair=0.0009502 localization=0.01661 type=0.0005683 minimal=0.01897 physics=0.2571 total=0.01574
[TRAIN train_climax_no_spectral_corruption_s42] [TRAIN] stage=pretrain epoch=1/1 batch=2780/3000 step=2780 repair=0.0145 localization=0.3394 type=2.458 minimal=0.01503 physics=0.2126 total=0.4769
[TRAIN train_climax_no_spectral_corruption_s42] [TRAIN] stage=pretrain epoch=1/1 batch=2790/3000 step=2790 repair=0.008969 localization=0.3315 type=1.581 minimal=0.01567 physics=0.1603 total=0.2652
[TRAIN train_climax_no_spectral_corruption_s42] [TRAIN] stage=pretrain epoch=1/1 batch=2800/3000 step=2800 repair=0.001884 localization=0.01175 type=0.0002277 minimal=0.02663 physics=0.1768 total=0.0122
[TRAIN train_climax_no_spectral_corruption_s42] [TRAIN] stage=pretrain epoch=1/1 batch=2810/3000 step=2810 repair=0.004703 localization=0.2375 type=1.949 minimal=0.01735 physics=0.2892 total=0.3538
[TRAIN train_climax_no_spectral_corruption_s42] [TRAIN] stage=pretrain epoch=1/1 batch=2820/3000 step=2820 repair=0.007305 localization=0.2263 type=1.231 minimal=0.01898 physics=0.3706 total=0.2359
[TRAIN train_climax_no_spectral_corruption_s42] [TRAIN] stage=pretrain epoch=1/1 batch=2830/3000 step=2830 repair=0.0124 localization=0.3516 type=1.065 minimal=0.01714 physics=1.822 total=0.3049
[TRAIN train_climax_no_spectral_corruption_s42] [TRAIN] stage=pretrain epoch=1/1 batch=2840/3000 step=2840 repair=0.008865 localization=0.3539 type=0.6431 minimal=0.01434 physics=0.1834 total=0.1179
[TRAIN train_climax_no_spectral_corruption_s42] [TRAIN] stage=pretrain epoch=1/1 batch=2850/3000 step=2850 repair=0.01615 localization=0.2406 type=0.5333 minimal=0.01374 physics=1.727 total=0.18
[TRAIN train_climax_no_spectral_corruption_s42] [TRAIN] stage=pretrain epoch=1/1 batch=2860/3000 step=2860 repair=0.002919 localization=0.2708 type=2.028 minimal=0.01447 physics=0.2355 total=0.3329
[TRAIN train_climax_no_spectral_corruption_s42] [TRAIN] stage=pretrain epoch=1/1 batch=2870/3000 step=2870 repair=0.004612 localization=0.2843 type=0.687 minimal=0.01729 physics=0.2772 total=0.1158
[TRAIN train_climax_no_spectral_corruption_s42] [TRAIN] stage=pretrain epoch=1/1 batch=2880/3000 step=2880 repair=0.02837 localization=0.3157 type=1.039 minimal=0.0182 physics=0.4775 total=0.1879
[TRAIN train_climax_no_spectral_corruption_s42] [TRAIN] stage=pretrain epoch=1/1 batch=2890/3000 step=2890 repair=0.002656 localization=0.2105 type=0.9148 minimal=0.01405 physics=0.3112 total=0.1648
[TRAIN train_climax_no_spectral_corruption_s42] [TRAIN] stage=pretrain epoch=1/1 batch=2900/3000 step=2900 repair=0.003027 localization=0.5163 type=1.888 minimal=0.01378 physics=0.1845 total=0.4158
[TRAIN train_climax_no_spectral_corruption_s42] [TRAIN] stage=pretrain epoch=1/1 batch=2910/3000 step=2910 repair=0.001317 localization=0.2449 type=0.6108 minimal=0.01208 physics=0.2657 total=0.1003
[TRAIN train_climax_no_spectral_corruption_s42] [TRAIN] stage=pretrain epoch=1/1 batch=2920/3000 step=2920 repair=0.01995 localization=0.2296 type=0.6775 minimal=0.01293 physics=0.2767 total=0.1246
[TRAIN train_climax_no_spectral_corruption_s42] [TRAIN] stage=pretrain epoch=1/1 batch=2930/3000 step=2930 repair=0.002196 localization=0.3958 type=0.6262 minimal=0.0136 physics=0.08478 total=0.1088
[TRAIN train_climax_no_spectral_corruption_s42] [TRAIN] stage=pretrain epoch=1/1 batch=2940/3000 step=2940 repair=0.002614 localization=0.2711 type=3.437 minimal=0.01482 physics=0.3011 total=0.6737
[TRAIN train_climax_no_spectral_corruption_s42] [TRAIN] stage=pretrain epoch=1/1 batch=2950/3000 step=2950 repair=0.00765 localization=0.3326 type=2.187 minimal=0.0143 physics=0.1443 total=0.3907
[TRAIN train_climax_no_spectral_corruption_s42] [TRAIN] stage=pretrain epoch=1/1 batch=2960/3000 step=2960 repair=0.00331 localization=0.328 type=0.9883 minimal=0.01576 physics=0.1709 total=0.1846
[TRAIN train_climax_no_spectral_corruption_s42] [TRAIN] stage=pretrain epoch=1/1 batch=2970/3000 step=2970 repair=0.01006 localization=0.2569 type=2.202 minimal=0.0128 physics=0.0924 total=0.4066
[TRAIN train_climax_no_spectral_corruption_s42] [TRAIN] stage=pretrain epoch=1/1 batch=2980/3000 step=2980 repair=0.0142 localization=0.2155 type=0.4896 minimal=0.01514 physics=0.3951 total=0.1046
[TRAIN train_climax_no_spectral_corruption_s42] [TRAIN] stage=pretrain epoch=1/1 batch=2990/3000 step=2990 repair=0.0009474 localization=0.01699 type=0.0006657 minimal=0.01627 physics=0.1209 total=0.00895
[TRAIN train_climax_no_spectral_corruption_s42] [TRAIN] stage=pretrain epoch=1/1 batch=3000/3000 step=3000 repair=0.001416 localization=0.0201 type=0.0006998 minimal=0.01467 physics=0.1323 total=0.01029
[TRAIN train_climax_no_spectral_corruption_s42] [EPOCH] {'stage': 'pretrain', 'epoch': 0, 'global_step': 3000, 'train_total': 0.24294894146531198, 'val_repair_mse': 0.13104910147376359, 'elapsed_seconds': 1756.91}
[TRAIN train_climax_no_spectral_corruption_s42] [BEST] val_repair_mse=0.131049
[TRAIN train_climax_no_spectral_corruption_s42] [STAGE] finetune epochs=1 start_epoch=0
[TRAIN train_climax_no_spectral_corruption_s42] [TRAIN] stage=finetune epoch=1/1 batch=10/3000 step=3010 repair=0.1256 localization=0 type=0 minimal=0.03009 physics=0.2918 total=0.1405
[TRAIN train_climax_no_spectral_corruption_s42] [TRAIN] stage=finetune epoch=1/1 batch=20/3000 step=3020 repair=0.08692 localization=0 type=0 minimal=0.03949 physics=0.1082 total=0.09272
[TRAIN train_climax_no_spectral_corruption_s42] [TRAIN] stage=finetune epoch=1/1 batch=30/3000 step=3030 repair=0.09553 localization=0 type=0 minimal=0.03625 physics=0.1941 total=0.1056
[TRAIN train_climax_no_spectral_corruption_s42] [TRAIN] stage=finetune epoch=1/1 batch=40/3000 step=3040 repair=0.1003 localization=0 type=0 minimal=0.03494 physics=0.384 total=0.1199
[TRAIN train_climax_no_spectral_corruption_s42] [TRAIN] stage=finetune epoch=1/1 batch=50/3000 step=3050 repair=0.09195 localization=0 type=0 minimal=0.03333 physics=0.1697 total=0.1008
[TRAIN train_climax_no_spectral_corruption_s42] [TRAIN] stage=finetune epoch=1/1 batch=60/3000 step=3060 repair=0.08609 localization=0 type=0 minimal=0.03531 physics=0.2388 total=0.09838
[TRAIN train_climax_no_spectral_corruption_s42] [TRAIN] stage=finetune epoch=1/1 batch=70/3000 step=3070 repair=0.1835 localization=0 type=0 minimal=0.04437 physics=0.9464 total=0.2313
[TRAIN train_climax_no_spectral_corruption_s42] [TRAIN] stage=finetune epoch=1/1 batch=80/3000 step=3080 repair=0.09889 localization=0 type=0 minimal=0.04172 physics=0.151 total=0.1069
[TRAIN train_climax_no_spectral_corruption_s42] [TRAIN] stage=finetune epoch=1/1 batch=90/3000 step=3090 repair=0.1173 localization=0 type=0 minimal=0.0376 physics=0.1826 total=0.1268
[TRAIN train_climax_no_spectral_corruption_s42] [TRAIN] stage=finetune epoch=1/1 batch=100/3000 step=3100 repair=0.08374 localization=0 type=0 minimal=0.04025 physics=0.1002 total=0.08916
[TRAIN train_climax_no_spectral_corruption_s42] [TRAIN] stage=finetune epoch=1/1 batch=110/3000 step=3110 repair=0.1256 localization=0 type=0 minimal=0.04065 physics=0.4054 total=0.1462
[TRAIN train_climax_no_spectral_corruption_s42] [TRAIN] stage=finetune epoch=1/1 batch=120/3000 step=3120 repair=0.1307 localization=0 type=0 minimal=0.03323 physics=0.1945 total=0.1408
[TRAIN train_climax_no_spectral_corruption_s42] [TRAIN] stage=finetune epoch=1/1 batch=130/3000 step=3130 repair=0.1245 localization=0 type=0 minimal=0.03592 physics=0.2266 total=0.1362
[TRAIN train_climax_no_spectral_corruption_s42] [TRAIN] stage=finetune epoch=1/1 batch=140/3000 step=3140 repair=0.09224 localization=0 type=0 minimal=0.0405 physics=0.1205 total=0.09867
[TRAIN train_climax_no_spectral_corruption_s42] [TRAIN] stage=finetune epoch=1/1 batch=150/3000 step=3150 repair=0.1689 localization=0 type=0 minimal=0.03949 physics=0.176 total=0.1781
[TRAIN train_climax_no_spectral_corruption_s42] [TRAIN] stage=finetune epoch=1/1 batch=160/3000 step=3160 repair=0.1173 localization=0 type=0 minimal=0.04196 physics=0.2139 total=0.1284
[TRAIN train_climax_no_spectral_corruption_s42] [TRAIN] stage=finetune epoch=1/1 batch=170/3000 step=3170 repair=0.1261 localization=0 type=0 minimal=0.03909 physics=0.1981 total=0.1364
[TRAIN train_climax_no_spectral_corruption_s42] [TRAIN] stage=finetune epoch=1/1 batch=180/3000 step=3180 repair=0.1687 localization=0 type=0 minimal=0.04065 physics=0.2216 total=0.1802
[TRAIN train_climax_no_spectral_corruption_s42] [TRAIN] stage=finetune epoch=1/1 batch=190/3000 step=3190 repair=0.1121 localization=0 type=0 minimal=0.0383 physics=0.2 total=0.1225
[TRAIN train_climax_no_spectral_corruption_s42] [TRAIN] stage=finetune epoch=1/1 batch=200/3000 step=3200 repair=0.1297 localization=0 type=0 minimal=0.03839 physics=0.3089 total=0.1456
[TRAIN train_climax_no_spectral_corruption_s42] [TRAIN] stage=finetune epoch=1/1 batch=210/3000 step=3210 repair=0.1253 localization=0 type=0 minimal=0.04291 physics=0.1246 total=0.132
[TRAIN train_climax_no_spectral_corruption_s42] [TRAIN] stage=finetune epoch=1/1 batch=220/3000 step=3220 repair=0.1195 localization=0 type=0 minimal=0.03961 physics=0.1684 total=0.1284
[TRAIN train_climax_no_spectral_corruption_s42] [TRAIN] stage=finetune epoch=1/1 batch=230/3000 step=3230 repair=0.1279 localization=0 type=0 minimal=0.03897 physics=0.1727 total=0.1369
[TRAIN train_climax_no_spectral_corruption_s42] [TRAIN] stage=finetune epoch=1/1 batch=240/3000 step=3240 repair=0.1604 localization=0 type=0 minimal=0.03461 physics=0.8815 total=0.2049
[TRAIN train_climax_no_spectral_corruption_s42] [TRAIN] stage=finetune epoch=1/1 batch=250/3000 step=3250 repair=0.08903 localization=0 type=0 minimal=0.04355 physics=0.1215 total=0.09554
[TRAIN train_climax_no_spectral_corruption_s42] [TRAIN] stage=finetune epoch=1/1 batch=260/3000 step=3260 repair=0.1233 localization=0 type=0 minimal=0.03433 physics=0.5826 total=0.1528
[TRAIN train_climax_no_spectral_corruption_s42] [TRAIN] stage=finetune epoch=1/1 batch=270/3000 step=3270 repair=0.1235 localization=0 type=0 minimal=0.03479 physics=0.1218 total=0.13
[TRAIN train_climax_no_spectral_corruption_s42] [TRAIN] stage=finetune epoch=1/1 batch=280/3000 step=3280 repair=0.1492 localization=0 type=0 minimal=0.04114 physics=0.2489 total=0.1621
[TRAIN train_climax_no_spectral_corruption_s42] [TRAIN] stage=finetune epoch=1/1 batch=290/3000 step=3290 repair=0.1173 localization=0 type=0 minimal=0.04379 physics=0.1809 total=0.1268
[TRAIN train_climax_no_spectral_corruption_s42] [TRAIN] stage=finetune epoch=1/1 batch=300/3000 step=3300 repair=0.1297 localization=0 type=0 minimal=0.03369 physics=0.1697 total=0.1385
[TRAIN train_climax_no_spectral_corruption_s42] [TRAIN] stage=finetune epoch=1/1 batch=310/3000 step=3310 repair=0.168 localization=0 type=0 minimal=0.04565 physics=0.249 total=0.1809
[TRAIN train_climax_no_spectral_corruption_s42] [TRAIN] stage=finetune epoch=1/1 batch=320/3000 step=3320 repair=0.1209 localization=0 type=0 minimal=0.04147 physics=0.2261 total=0.1327
[TRAIN train_climax_no_spectral_corruption_s42] [TRAIN] stage=finetune epoch=1/1 batch=330/3000 step=3330 repair=0.1784 localization=0 type=0 minimal=0.0444 physics=0.3413 total=0.1959
[TRAIN train_climax_no_spectral_corruption_s42] [TRAIN] stage=finetune epoch=1/1 batch=340/3000 step=3340 repair=0.07906 localization=0 type=0 minimal=0.0386 physics=0.1207 total=0.08548
[TRAIN train_climax_no_spectral_corruption_s42] [TRAIN] stage=finetune epoch=1/1 batch=350/3000 step=3350 repair=0.07953 localization=0 type=0 minimal=0.03757 physics=0.1317 total=0.08649
[TRAIN train_climax_no_spectral_corruption_s42] [TRAIN] stage=finetune epoch=1/1 batch=360/3000 step=3360 repair=0.1227 localization=0 type=0 minimal=0.04123 physics=0.2017 total=0.1332
[TRAIN train_climax_no_spectral_corruption_s42] [TRAIN] stage=finetune epoch=1/1 batch=370/3000 step=3370 repair=0.07464 localization=0 type=0 minimal=0.04013 physics=0.1984 total=0.08496
[TRAIN train_climax_no_spectral_corruption_s42] [TRAIN] stage=finetune epoch=1/1 batch=380/3000 step=3380 repair=0.1282 localization=0 type=0 minimal=0.03357 physics=0.3261 total=0.1448
[TRAIN train_climax_no_spectral_corruption_s42] [TRAIN] stage=finetune epoch=1/1 batch=390/3000 step=3390 repair=0.1269 localization=0 type=0 minimal=0.04517 physics=0.3781 total=0.1463
[TRAIN train_climax_no_spectral_corruption_s42] [TRAIN] stage=finetune epoch=1/1 batch=400/3000 step=3400 repair=0.1358 localization=0 type=0 minimal=0.04453 physics=0.3802 total=0.1552
[TRAIN train_climax_no_spectral_corruption_s42] [TRAIN] stage=finetune epoch=1/1 batch=410/3000 step=3410 repair=0.1744 localization=0 type=0 minimal=0.04425 physics=0.3796 total=0.1938
[TRAIN train_climax_no_spectral_corruption_s42] [TRAIN] stage=finetune epoch=1/1 batch=420/3000 step=3420 repair=0.09015 localization=0 type=0 minimal=0.04449 physics=0.09783 total=0.09548
[TRAIN train_climax_no_spectral_corruption_s42] [TRAIN] stage=finetune epoch=1/1 batch=430/3000 step=3430 repair=0.127 localization=0 type=0 minimal=0.04221 physics=0.129 total=0.1339
[TRAIN train_climax_no_spectral_corruption_s42] [TRAIN] stage=finetune epoch=1/1 batch=440/3000 step=3440 repair=0.09013 localization=0 type=0 minimal=0.04266 physics=0.4559 total=0.1133
[TRAIN train_climax_no_spectral_corruption_s42] [TRAIN] stage=finetune epoch=1/1 batch=450/3000 step=3450 repair=0.1331 localization=0 type=0 minimal=0.03973 physics=0.1492 total=0.141
[TRAIN train_climax_no_spectral_corruption_s42] [TRAIN] stage=finetune epoch=1/1 batch=460/3000 step=3460 repair=0.09364 localization=0 type=0 minimal=0.04272 physics=0.2248 total=0.1053
[TRAIN train_climax_no_spectral_corruption_s42] [TRAIN] stage=finetune epoch=1/1 batch=470/3000 step=3470 repair=0.1629 localization=0 type=0 minimal=0.04031 physics=0.2369 total=0.1751
[TRAIN train_climax_no_spectral_corruption_s42] [TRAIN] stage=finetune epoch=1/1 batch=480/3000 step=3480 repair=0.08214 localization=0 type=0 minimal=0.03772 physics=0.2128 total=0.09316
[TRAIN train_climax_no_spectral_corruption_s42] [TRAIN] stage=finetune epoch=1/1 batch=490/3000 step=3490 repair=0.1246 localization=0 type=0 minimal=0.04562 physics=0.162 total=0.1332
[TRAIN train_climax_no_spectral_corruption_s42] [TRAIN] stage=finetune epoch=1/1 batch=500/3000 step=3500 repair=0.1177 localization=0 type=0 minimal=0.04428 physics=0.1724 total=0.1268
[TRAIN train_climax_no_spectral_corruption_s42] [TRAIN] stage=finetune epoch=1/1 batch=510/3000 step=3510 repair=0.08413 localization=0 type=0 minimal=0.03897 physics=0.2899 total=0.09901
[TRAIN train_climax_no_spectral_corruption_s42] [TRAIN] stage=finetune epoch=1/1 batch=520/3000 step=3520 repair=0.1236 localization=0 type=0 minimal=0.03839 physics=0.558 total=0.1518
[TRAIN train_climax_no_spectral_corruption_s42] [TRAIN] stage=finetune epoch=1/1 batch=530/3000 step=3530 repair=0.1145 localization=0 type=0 minimal=0.03937 physics=0.3591 total=0.1328
[TRAIN train_climax_no_spectral_corruption_s42] [TRAIN] stage=finetune epoch=1/1 batch=540/3000 step=3540 repair=0.1317 localization=0 type=0 minimal=0.03943 physics=0.165 total=0.1404
[TRAIN train_climax_no_spectral_corruption_s42] [TRAIN] stage=finetune epoch=1/1 batch=550/3000 step=3550 repair=0.1161 localization=0 type=0 minimal=0.0408 physics=0.1672 total=0.1248
[TRAIN train_climax_no_spectral_corruption_s42] [TRAIN] stage=finetune epoch=1/1 batch=560/3000 step=3560 repair=0.1266 localization=0 type=0 minimal=0.03845 physics=0.2719 total=0.1406
[TRAIN train_climax_no_spectral_corruption_s42] [TRAIN] stage=finetune epoch=1/1 batch=570/3000 step=3570 repair=0.09225 localization=0 type=0 minimal=0.04218 physics=0.1648 total=0.1009
[TRAIN train_climax_no_spectral_corruption_s42] [TRAIN] stage=finetune epoch=1/1 batch=580/3000 step=3580 repair=0.1234 localization=0 type=0 minimal=0.03644 physics=0.2475 total=0.1361
[TRAIN train_climax_no_spectral_corruption_s42] [TRAIN] stage=finetune epoch=1/1 batch=590/3000 step=3590 repair=0.08466 localization=0 type=0 minimal=0.03821 physics=0.2659 total=0.09833
[TRAIN train_climax_no_spectral_corruption_s42] [TRAIN] stage=finetune epoch=1/1 batch=600/3000 step=3600 repair=0.09127 localization=0 type=0 minimal=0.03934 physics=0.1934 total=0.1013
[TRAIN train_climax_no_spectral_corruption_s42] [TRAIN] stage=finetune epoch=1/1 batch=610/3000 step=3610 repair=0.1183 localization=0 type=0 minimal=0.04468 physics=0.1462 total=0.1261
[TRAIN train_climax_no_spectral_corruption_s42] [TRAIN] stage=finetune epoch=1/1 batch=620/3000 step=3620 repair=0.0966 localization=0 type=0 minimal=0.04382 physics=0.2256 total=0.1083
[TRAIN train_climax_no_spectral_corruption_s42] [TRAIN] stage=finetune epoch=1/1 batch=630/3000 step=3630 repair=0.08441 localization=0 type=0 minimal=0.04254 physics=0.1616 total=0.09292
[TRAIN train_climax_no_spectral_corruption_s42] [TRAIN] stage=finetune epoch=1/1 batch=640/3000 step=3640 repair=0.08114 localization=0 type=0 minimal=0.04599 physics=0.1069 total=0.08694
[TRAIN train_climax_no_spectral_corruption_s42] [TRAIN] stage=finetune epoch=1/1 batch=650/3000 step=3650 repair=0.1615 localization=0 type=0 minimal=0.04108 physics=0.1506 total=0.1695
[TRAIN train_climax_no_spectral_corruption_s42] [TRAIN] stage=finetune epoch=1/1 batch=660/3000 step=3660 repair=0.1131 localization=0 type=0 minimal=0.04312 physics=0.1897 total=0.1231
[TRAIN train_climax_no_spectral_corruption_s42] [TRAIN] stage=finetune epoch=1/1 batch=670/3000 step=3670 repair=0.08527 localization=0 type=0 minimal=0.04016 physics=0.3235 total=0.1018
[TRAIN train_climax_no_spectral_corruption_s42] [TRAIN] stage=finetune epoch=1/1 batch=680/3000 step=3680 repair=0.1216 localization=0 type=0 minimal=0.04694 physics=0.1465 total=0.1294
[TRAIN train_climax_no_spectral_corruption_s42] [TRAIN] stage=finetune epoch=1/1 batch=690/3000 step=3690 repair=0.1332 localization=0 type=0 minimal=0.04346 physics=0.1407 total=0.1407
[TRAIN train_climax_no_spectral_corruption_s42] [TRAIN] stage=finetune epoch=1/1 batch=700/3000 step=3700 repair=0.1661 localization=0 type=0 minimal=0.04703 physics=0.1107 total=0.1721
[TRAIN train_climax_no_spectral_corruption_s42] [TRAIN] stage=finetune epoch=1/1 batch=710/3000 step=3710 repair=0.08944 localization=0 type=0 minimal=0.04623 physics=0.3028 total=0.105
[TRAIN train_climax_no_spectral_corruption_s42] [TRAIN] stage=finetune epoch=1/1 batch=720/3000 step=3720 repair=0.1574 localization=0 type=0 minimal=0.05023 physics=0.1525 total=0.1656
[TRAIN train_climax_no_spectral_corruption_s42] [TRAIN] stage=finetune epoch=1/1 batch=730/3000 step=3730 repair=0.09087 localization=0 type=0 minimal=0.04263 physics=0.09964 total=0.09628
[TRAIN train_climax_no_spectral_corruption_s42] [TRAIN] stage=finetune epoch=1/1 batch=740/3000 step=3740 repair=0.1578 localization=0 type=0 minimal=0.04303 physics=0.2073 total=0.1686
[TRAIN train_climax_no_spectral_corruption_s42] [TRAIN] stage=finetune epoch=1/1 batch=750/3000 step=3750 repair=0.08447 localization=0 type=0 minimal=0.04071 physics=0.4391 total=0.1068
[TRAIN train_climax_no_spectral_corruption_s42] [TRAIN] stage=finetune epoch=1/1 batch=760/3000 step=3760 repair=0.08376 localization=0 type=0 minimal=0.04016 physics=0.3367 total=0.101
[TRAIN train_climax_no_spectral_corruption_s42] [TRAIN] stage=finetune epoch=1/1 batch=770/3000 step=3770 repair=0.118 localization=0 type=0 minimal=0.04968 physics=0.1872 total=0.1279
[TRAIN train_climax_no_spectral_corruption_s42] [TRAIN] stage=finetune epoch=1/1 batch=780/3000 step=3780 repair=0.1195 localization=0 type=0 minimal=0.04144 physics=0.1702 total=0.1284
[TRAIN train_climax_no_spectral_corruption_s42] [TRAIN] stage=finetune epoch=1/1 batch=790/3000 step=3790 repair=0.08633 localization=0 type=0 minimal=0.04282 physics=0.1508 total=0.0943
[TRAIN train_climax_no_spectral_corruption_s42] [TRAIN] stage=finetune epoch=1/1 batch=800/3000 step=3800 repair=0.1183 localization=0 type=0 minimal=0.0462 physics=0.1526 total=0.1264
[TRAIN train_climax_no_spectral_corruption_s42] [TRAIN] stage=finetune epoch=1/1 batch=810/3000 step=3810 repair=0.07535 localization=0 type=0 minimal=0.04623 physics=0.08985 total=0.0803
[TRAIN train_climax_no_spectral_corruption_s42] [TRAIN] stage=finetune epoch=1/1 batch=820/3000 step=3820 repair=0.1191 localization=0 type=0 minimal=0.0462 physics=0.1419 total=0.1267
[TRAIN train_climax_no_spectral_corruption_s42] [TRAIN] stage=finetune epoch=1/1 batch=830/3000 step=3830 repair=0.11 localization=0 type=0 minimal=0.0452 physics=0.1274 total=0.1168
[TRAIN train_climax_no_spectral_corruption_s42] [TRAIN] stage=finetune epoch=1/1 batch=840/3000 step=3840 repair=0.1405 localization=0 type=0 minimal=0.05087 physics=0.1786 total=0.1499
[TRAIN train_climax_no_spectral_corruption_s42] [TRAIN] stage=finetune epoch=1/1 batch=850/3000 step=3850 repair=0.1154 localization=0 type=0 minimal=0.04871 physics=0.1221 total=0.122
[TRAIN train_climax_no_spectral_corruption_s42] [TRAIN] stage=finetune epoch=1/1 batch=860/3000 step=3860 repair=0.1194 localization=0 type=0 minimal=0.04694 physics=0.2 total=0.1298
[TRAIN train_climax_no_spectral_corruption_s42] [TRAIN] stage=finetune epoch=1/1 batch=870/3000 step=3870 repair=0.1207 localization=0 type=0 minimal=0.04379 physics=0.1615 total=0.1292
[TRAIN train_climax_no_spectral_corruption_s42] [TRAIN] stage=finetune epoch=1/1 batch=880/3000 step=3880 repair=0.1264 localization=0 type=0 minimal=0.04764 physics=0.1548 total=0.1346
[TRAIN train_climax_no_spectral_corruption_s42] [TRAIN] stage=finetune epoch=1/1 batch=890/3000 step=3890 repair=0.0851 localization=0 type=0 minimal=0.0459 physics=0.2039 total=0.09576
[TRAIN train_climax_no_spectral_corruption_s42] [TRAIN] stage=finetune epoch=1/1 batch=900/3000 step=3900 repair=0.08385 localization=0 type=0 minimal=0.04514 physics=0.2259 total=0.0956
[TRAIN train_climax_no_spectral_corruption_s42] [TRAIN] stage=finetune epoch=1/1 batch=910/3000 step=3910 repair=0.07902 localization=0 type=0 minimal=0.04404 physics=0.1492 total=0.08693
[TRAIN train_climax_no_spectral_corruption_s42] [TRAIN] stage=finetune epoch=1/1 batch=920/3000 step=3920 repair=0.1219 localization=0 type=0 minimal=0.04791 physics=0.3248 total=0.1386
[TRAIN train_climax_no_spectral_corruption_s42] [TRAIN] stage=finetune epoch=1/1 batch=930/3000 step=3930 repair=0.08368 localization=0 type=0 minimal=0.04742 physics=0.09808 total=0.08905
[TRAIN train_climax_no_spectral_corruption_s42] [TRAIN] stage=finetune epoch=1/1 batch=940/3000 step=3940 repair=0.08086 localization=0 type=0 minimal=0.04352 physics=0.1775 total=0.09017
[TRAIN train_climax_no_spectral_corruption_s42] [TRAIN] stage=finetune epoch=1/1 batch=950/3000 step=3950 repair=0.1212 localization=0 type=0 minimal=0.04495 physics=0.289 total=0.1361
[TRAIN train_climax_no_spectral_corruption_s42] [TRAIN] stage=finetune epoch=1/1 batch=960/3000 step=3960 repair=0.08381 localization=0 type=0 minimal=0.04434 physics=0.3308 total=0.1008
[TRAIN train_climax_no_spectral_corruption_s42] [TRAIN] stage=finetune epoch=1/1 batch=970/3000 step=3970 repair=0.1722 localization=0 type=0 minimal=0.04568 physics=0.1438 total=0.1799
[TRAIN train_climax_no_spectral_corruption_s42] [TRAIN] stage=finetune epoch=1/1 batch=980/3000 step=3980 repair=0.1288 localization=0 type=0 minimal=0.05148 physics=0.5589 total=0.1573
[TRAIN train_climax_no_spectral_corruption_s42] [TRAIN] stage=finetune epoch=1/1 batch=990/3000 step=3990 repair=0.1651 localization=0 type=0 minimal=0.04672 physics=0.2918 total=0.1801
[TRAIN train_climax_no_spectral_corruption_s42] [TRAIN] stage=finetune epoch=1/1 batch=1000/3000 step=4000 repair=0.0784 localization=0 type=0 minimal=0.04538 physics=0.3253 total=0.09512
[TRAIN train_climax_no_spectral_corruption_s42] [TRAIN] stage=finetune epoch=1/1 batch=1010/3000 step=4010 repair=0.07676 localization=0 type=0 minimal=0.03857 physics=0.1083 total=0.08256
[TRAIN train_climax_no_spectral_corruption_s42] [TRAIN] stage=finetune epoch=1/1 batch=1020/3000 step=4020 repair=0.1247 localization=0 type=0 minimal=0.04678 physics=0.2426 total=0.1373
[TRAIN train_climax_no_spectral_corruption_s42] [TRAIN] stage=finetune epoch=1/1 batch=1030/3000 step=4030 repair=0.1807 localization=0 type=0 minimal=0.04977 physics=0.3259 total=0.1975
[TRAIN train_climax_no_spectral_corruption_s42] [TRAIN] stage=finetune epoch=1/1 batch=1040/3000 step=4040 repair=0.1136 localization=0 type=0 minimal=0.05066 physics=0.3935 total=0.1338
[TRAIN train_climax_no_spectral_corruption_s42] [TRAIN] stage=finetune epoch=1/1 batch=1050/3000 step=4050 repair=0.1581 localization=0 type=0 minimal=0.04337 physics=0.2389 total=0.1705
[TRAIN train_climax_no_spectral_corruption_s42] [TRAIN] stage=finetune epoch=1/1 batch=1060/3000 step=4060 repair=0.09353 localization=0 type=0 minimal=0.04852 physics=0.2243 total=0.1052
[TRAIN train_climax_no_spectral_corruption_s42] [TRAIN] stage=finetune epoch=1/1 batch=1070/3000 step=4070 repair=0.1227 localization=0 type=0 minimal=0.05426 physics=0.1065 total=0.1285
[TRAIN train_climax_no_spectral_corruption_s42] [TRAIN] stage=finetune epoch=1/1 batch=1080/3000 step=4080 repair=0.1233 localization=0 type=0 minimal=0.05087 physics=0.149 total=0.1313
[TRAIN train_climax_no_spectral_corruption_s42] [TRAIN] stage=finetune epoch=1/1 batch=1090/3000 step=4090 repair=0.08417 localization=0 type=0 minimal=0.048 physics=0.1999 total=0.09465
[TRAIN train_climax_no_spectral_corruption_s42] [TRAIN] stage=finetune epoch=1/1 batch=1100/3000 step=4100 repair=0.1177 localization=0 type=0 minimal=0.04529 physics=0.2273 total=0.1296
[TRAIN train_climax_no_spectral_corruption_s42] [TRAIN] stage=finetune epoch=1/1 batch=1110/3000 step=4110 repair=0.07676 localization=0 type=0 minimal=0.0531 physics=0.08917 total=0.08175
[TRAIN train_climax_no_spectral_corruption_s42] [TRAIN] stage=finetune epoch=1/1 batch=1120/3000 step=4120 repair=0.1554 localization=0 type=0 minimal=0.052 physics=0.2721 total=0.1695
[TRAIN train_climax_no_spectral_corruption_s42] [TRAIN] stage=finetune epoch=1/1 batch=1130/3000 step=4130 repair=0.07985 localization=0 type=0 minimal=0.04321 physics=0.1765 total=0.0891
[TRAIN train_climax_no_spectral_corruption_s42] [TRAIN] stage=finetune epoch=1/1 batch=1140/3000 step=4140 repair=0.07296 localization=0 type=0 minimal=0.05075 physics=0.09632 total=0.07829
[TRAIN train_climax_no_spectral_corruption_s42] [TRAIN] stage=finetune epoch=1/1 batch=1150/3000 step=4150 repair=0.08043 localization=0 type=0 minimal=0.05115 physics=0.1247 total=0.08718
[TRAIN train_climax_no_spectral_corruption_s42] [TRAIN] stage=finetune epoch=1/1 batch=1160/3000 step=4160 repair=0.1226 localization=0 type=0 minimal=0.052 physics=0.1222 total=0.1292
[TRAIN train_climax_no_spectral_corruption_s42] [TRAIN] stage=finetune epoch=1/1 batch=1170/3000 step=4170 repair=0.08643 localization=0 type=0 minimal=0.05228 physics=0.2415 total=0.09902
[TRAIN train_climax_no_spectral_corruption_s42] [TRAIN] stage=finetune epoch=1/1 batch=1180/3000 step=4180 repair=0.08849 localization=0 type=0 minimal=0.05142 physics=0.163 total=0.09716
[TRAIN train_climax_no_spectral_corruption_s42] [TRAIN] stage=finetune epoch=1/1 batch=1190/3000 step=4190 repair=0.1199 localization=0 type=0 minimal=0.05124 physics=0.2309 total=0.132
[TRAIN train_climax_no_spectral_corruption_s42] [TRAIN] stage=finetune epoch=1/1 batch=1200/3000 step=4200 repair=0.1524 localization=0 type=0 minimal=0.05252 physics=0.2238 total=0.1641
[TRAIN train_climax_no_spectral_corruption_s42] [TRAIN] stage=finetune epoch=1/1 batch=1210/3000 step=4210 repair=0.08033 localization=0 type=0 minimal=0.05197 physics=0.1181 total=0.08675
[TRAIN train_climax_no_spectral_corruption_s42] [TRAIN] stage=finetune epoch=1/1 batch=1220/3000 step=4220 repair=0.07918 localization=0 type=0 minimal=0.05054 physics=0.08817 total=0.0841
[TRAIN train_climax_no_spectral_corruption_s42] [TRAIN] stage=finetune epoch=1/1 batch=1230/3000 step=4230 repair=0.1836 localization=0 type=0 minimal=0.0545 physics=0.1998 total=0.1942
[TRAIN train_climax_no_spectral_corruption_s42] [TRAIN] stage=finetune epoch=1/1 batch=1240/3000 step=4240 repair=0.09296 localization=0 type=0 minimal=0.04636 physics=0.2543 total=0.1061
[TRAIN train_climax_no_spectral_corruption_s42] [TRAIN] stage=finetune epoch=1/1 batch=1250/3000 step=4250 repair=0.1634 localization=0 type=0 minimal=0.05508 physics=0.1442 total=0.1711
[TRAIN train_climax_no_spectral_corruption_s42] [TRAIN] stage=finetune epoch=1/1 batch=1260/3000 step=4260 repair=0.13 localization=0 type=0 minimal=0.0481 physics=0.5417 total=0.1575
[TRAIN train_climax_no_spectral_corruption_s42] [TRAIN] stage=finetune epoch=1/1 batch=1270/3000 step=4270 repair=0.08589 localization=0 type=0 minimal=0.05142 physics=0.1136 total=0.09208
[TRAIN train_climax_no_spectral_corruption_s42] [TRAIN] stage=finetune epoch=1/1 batch=1280/3000 step=4280 repair=0.121 localization=0 type=0 minimal=0.05099 physics=0.2264 total=0.1329
[TRAIN train_climax_no_spectral_corruption_s42] [TRAIN] stage=finetune epoch=1/1 batch=1290/3000 step=4290 repair=0.08526 localization=0 type=0 minimal=0.05569 physics=0.09953 total=0.0908
[TRAIN train_climax_no_spectral_corruption_s42] [TRAIN] stage=finetune epoch=1/1 batch=1300/3000 step=4300 repair=0.1214 localization=0 type=0 minimal=0.05222 physics=0.103 total=0.1271
[TRAIN train_climax_no_spectral_corruption_s42] [TRAIN] stage=finetune epoch=1/1 batch=1310/3000 step=4310 repair=0.09449 localization=0 type=0 minimal=0.0491 physics=0.1684 total=0.1034
[TRAIN train_climax_no_spectral_corruption_s42] [TRAIN] stage=finetune epoch=1/1 batch=1320/3000 step=4320 repair=0.07613 localization=0 type=0 minimal=0.04877 physics=0.2313 total=0.08819
[TRAIN train_climax_no_spectral_corruption_s42] [TRAIN] stage=finetune epoch=1/1 batch=1330/3000 step=4330 repair=0.1292 localization=0 type=0 minimal=0.04819 physics=0.225 total=0.1409
[TRAIN train_climax_no_spectral_corruption_s42] [TRAIN] stage=finetune epoch=1/1 batch=1340/3000 step=4340 repair=0.1173 localization=0 type=0 minimal=0.05603 physics=0.2936 total=0.1325
[TRAIN train_climax_no_spectral_corruption_s42] [TRAIN] stage=finetune epoch=1/1 batch=1350/3000 step=4350 repair=0.1325 localization=0 type=0 minimal=0.05392 physics=0.3248 total=0.1492
[TRAIN train_climax_no_spectral_corruption_s42] [TRAIN] stage=finetune epoch=1/1 batch=1360/3000 step=4360 repair=0.1415 localization=0 type=0 minimal=0.05176 physics=0.2007 total=0.1521
[TRAIN train_climax_no_spectral_corruption_s42] [TRAIN] stage=finetune epoch=1/1 batch=1370/3000 step=4370 repair=0.1373 localization=0 type=0 minimal=0.05112 physics=0.1754 total=0.1466
[TRAIN train_climax_no_spectral_corruption_s42] [TRAIN] stage=finetune epoch=1/1 batch=1380/3000 step=4380 repair=0.1849 localization=0 type=0 minimal=0.05423 physics=0.2028 total=0.1955
[TRAIN train_climax_no_spectral_corruption_s42] [TRAIN] stage=finetune epoch=1/1 batch=1390/3000 step=4390 repair=0.07067 localization=0 type=0 minimal=0.0528 physics=0.3573 total=0.08906
[TRAIN train_climax_no_spectral_corruption_s42] [TRAIN] stage=finetune epoch=1/1 batch=1400/3000 step=4400 repair=0.1135 localization=0 type=0 minimal=0.05145 physics=0.3078 total=0.1294
[TRAIN train_climax_no_spectral_corruption_s42] [TRAIN] stage=finetune epoch=1/1 batch=1410/3000 step=4410 repair=0.08163 localization=0 type=0 minimal=0.05252 physics=0.1779 total=0.09105
[TRAIN train_climax_no_spectral_corruption_s42] [TRAIN] stage=finetune epoch=1/1 batch=1420/3000 step=4420 repair=0.08384 localization=0 type=0 minimal=0.05145 physics=0.0993 total=0.08932
[TRAIN train_climax_no_spectral_corruption_s42] [TRAIN] stage=finetune epoch=1/1 batch=1430/3000 step=4430 repair=0.07364 localization=0 type=0 minimal=0.04745 physics=0.1186 total=0.08004
[TRAIN train_climax_no_spectral_corruption_s42] [TRAIN] stage=finetune epoch=1/1 batch=1440/3000 step=4440 repair=0.0746 localization=0 type=0 minimal=0.04852 physics=0.211 total=0.08563
[TRAIN train_climax_no_spectral_corruption_s42] [TRAIN] stage=finetune epoch=1/1 batch=1450/3000 step=4450 repair=0.1166 localization=0 type=0 minimal=0.05106 physics=0.3614 total=0.1352
[TRAIN train_climax_no_spectral_corruption_s42] [TRAIN] stage=finetune epoch=1/1 batch=1460/3000 step=4460 repair=0.1237 localization=0 type=0 minimal=0.05206 physics=0.2955 total=0.139
[TRAIN train_climax_no_spectral_corruption_s42] [TRAIN] stage=finetune epoch=1/1 batch=1470/3000 step=4470 repair=0.1349 localization=0 type=0 minimal=0.05197 physics=0.3081 total=0.1508
[TRAIN train_climax_no_spectral_corruption_s42] [TRAIN] stage=finetune epoch=1/1 batch=1480/3000 step=4480 repair=0.1278 localization=0 type=0 minimal=0.05527 physics=0.124 total=0.1346
[TRAIN train_climax_no_spectral_corruption_s42] [TRAIN] stage=finetune epoch=1/1 batch=1490/3000 step=4490 repair=0.08278 localization=0 type=0 minimal=0.04984 physics=0.078 total=0.08717
[TRAIN train_climax_no_spectral_corruption_s42] [TRAIN] stage=finetune epoch=1/1 batch=1500/3000 step=4500 repair=0.155 localization=0 type=0 minimal=0.04767 physics=0.2247 total=0.1667
[TRAIN train_climax_no_spectral_corruption_s42] [TRAIN] stage=finetune epoch=1/1 batch=1510/3000 step=4510 repair=0.08575 localization=0 type=0 minimal=0.05457 physics=0.2381 total=0.0982
[TRAIN train_climax_no_spectral_corruption_s42] [TRAIN] stage=finetune epoch=1/1 batch=1520/3000 step=4520 repair=0.08537 localization=0 type=0 minimal=0.05319 physics=0.09077 total=0.09044
[TRAIN train_climax_no_spectral_corruption_s42] [TRAIN] stage=finetune epoch=1/1 batch=1530/3000 step=4530 repair=0.08515 localization=0 type=0 minimal=0.0524 physics=0.09741 total=0.09054
[TRAIN train_climax_no_spectral_corruption_s42] [TRAIN] stage=finetune epoch=1/1 batch=1540/3000 step=4540 repair=0.09903 localization=0 type=0 minimal=0.05499 physics=0.1146 total=0.1053
[TRAIN train_climax_no_spectral_corruption_s42] [TRAIN] stage=finetune epoch=1/1 batch=1550/3000 step=4550 repair=0.08073 localization=0 type=0 minimal=0.05258 physics=0.2053 total=0.09153
[TRAIN train_climax_no_spectral_corruption_s42] [TRAIN] stage=finetune epoch=1/1 batch=1560/3000 step=4560 repair=0.08619 localization=0 type=0 minimal=0.05164 physics=0.1426 total=0.09384
[TRAIN train_climax_no_spectral_corruption_s42] [TRAIN] stage=finetune epoch=1/1 batch=1570/3000 step=4570 repair=0.07408 localization=0 type=0 minimal=0.05023 physics=0.09705 total=0.07943
[TRAIN train_climax_no_spectral_corruption_s42] [TRAIN] stage=finetune epoch=1/1 batch=1580/3000 step=4580 repair=0.07991 localization=0 type=0 minimal=0.05255 physics=0.1228 total=0.08657
[TRAIN train_climax_no_spectral_corruption_s42] [TRAIN] stage=finetune epoch=1/1 batch=1590/3000 step=4590 repair=0.1126 localization=0 type=0 minimal=0.05472 physics=0.1435 total=0.1203
[TRAIN train_climax_no_spectral_corruption_s42] [TRAIN] stage=finetune epoch=1/1 batch=1600/3000 step=4600 repair=0.1284 localization=0 type=0 minimal=0.05069 physics=0.1806 total=0.1379
[TRAIN train_climax_no_spectral_corruption_s42] [TRAIN] stage=finetune epoch=1/1 batch=1610/3000 step=4610 repair=0.06504 localization=0 type=0 minimal=0.05286 physics=0.1967 total=0.07541
[TRAIN train_climax_no_spectral_corruption_s42] [TRAIN] stage=finetune epoch=1/1 batch=1620/3000 step=4620 repair=0.1063 localization=0 type=0 minimal=0.05115 physics=0.2108 total=0.1173
[TRAIN train_climax_no_spectral_corruption_s42] [TRAIN] stage=finetune epoch=1/1 batch=1630/3000 step=4630 repair=0.1896 localization=0 type=0 minimal=0.04617 physics=0.366 total=0.2084
[TRAIN train_climax_no_spectral_corruption_s42] [TRAIN] stage=finetune epoch=1/1 batch=1640/3000 step=4640 repair=0.1256 localization=0 type=0 minimal=0.05612 physics=0.1869 total=0.1355
[TRAIN train_climax_no_spectral_corruption_s42] [TRAIN] stage=finetune epoch=1/1 batch=1650/3000 step=4650 repair=0.09243 localization=0 type=0 minimal=0.0527 physics=0.1345 total=0.09968
[TRAIN train_climax_no_spectral_corruption_s42] [TRAIN] stage=finetune epoch=1/1 batch=1660/3000 step=4660 repair=0.07612 localization=0 type=0 minimal=0.05063 physics=0.2608 total=0.08967
[TRAIN train_climax_no_spectral_corruption_s42] [TRAIN] stage=finetune epoch=1/1 batch=1670/3000 step=4670 repair=0.1055 localization=0 type=0 minimal=0.05127 physics=0.1114 total=0.1116
[TRAIN train_climax_no_spectral_corruption_s42] [TRAIN] stage=finetune epoch=1/1 batch=1680/3000 step=4680 repair=0.1293 localization=0 type=0 minimal=0.05505 physics=0.1384 total=0.1368
[TRAIN train_climax_no_spectral_corruption_s42] [TRAIN] stage=finetune epoch=1/1 batch=1690/3000 step=4690 repair=0.1166 localization=0 type=0 minimal=0.04678 physics=0.1692 total=0.1256
[TRAIN train_climax_no_spectral_corruption_s42] [TRAIN] stage=finetune epoch=1/1 batch=1700/3000 step=4700 repair=0.08093 localization=0 type=0 minimal=0.04865 physics=0.1952 total=0.09117
[TRAIN train_climax_no_spectral_corruption_s42] [TRAIN] stage=finetune epoch=1/1 batch=1710/3000 step=4710 repair=0.1554 localization=0 type=0 minimal=0.05142 physics=0.3851 total=0.1752
[TRAIN train_climax_no_spectral_corruption_s42] [TRAIN] stage=finetune epoch=1/1 batch=1720/3000 step=4720 repair=0.08125 localization=0 type=0 minimal=0.05042 physics=0.08662 total=0.08609
[TRAIN train_climax_no_spectral_corruption_s42] [TRAIN] stage=finetune epoch=1/1 batch=1730/3000 step=4730 repair=0.08827 localization=0 type=0 minimal=0.05484 physics=0.1614 total=0.09689
[TRAIN train_climax_no_spectral_corruption_s42] [TRAIN] stage=finetune epoch=1/1 batch=1740/3000 step=4740 repair=0.07674 localization=0 type=0 minimal=0.05029 physics=0.2363 total=0.08906
[TRAIN train_climax_no_spectral_corruption_s42] [TRAIN] stage=finetune epoch=1/1 batch=1750/3000 step=4750 repair=0.08287 localization=0 type=0 minimal=0.05142 physics=0.1067 total=0.08871
[TRAIN train_climax_no_spectral_corruption_s42] [TRAIN] stage=finetune epoch=1/1 batch=1760/3000 step=4760 repair=0.08095 localization=0 type=0 minimal=0.05643 physics=0.173 total=0.09016
[TRAIN train_climax_no_spectral_corruption_s42] [TRAIN] stage=finetune epoch=1/1 batch=1770/3000 step=4770 repair=0.1648 localization=0 type=0 minimal=0.04901 physics=0.2051 total=0.1756
[TRAIN train_climax_no_spectral_corruption_s42] [TRAIN] stage=finetune epoch=1/1 batch=1780/3000 step=4780 repair=0.08363 localization=0 type=0 minimal=0.04706 physics=0.2019 total=0.09419
[TRAIN train_climax_no_spectral_corruption_s42] [TRAIN] stage=finetune epoch=1/1 batch=1790/3000 step=4790 repair=0.1192 localization=0 type=0 minimal=0.04776 physics=0.1238 total=0.1258
[TRAIN train_climax_no_spectral_corruption_s42] [TRAIN] stage=finetune epoch=1/1 batch=1800/3000 step=4800 repair=0.08447 localization=0 type=0 minimal=0.05862 physics=0.1353 total=0.09182
[TRAIN train_climax_no_spectral_corruption_s42] [TRAIN] stage=finetune epoch=1/1 batch=1810/3000 step=4810 repair=0.08358 localization=0 type=0 minimal=0.05472 physics=0.1447 total=0.09136
[TRAIN train_climax_no_spectral_corruption_s42] [TRAIN] stage=finetune epoch=1/1 batch=1820/3000 step=4820 repair=0.1449 localization=0 type=0 minimal=0.05029 physics=0.3417 total=0.1625
[TRAIN train_climax_no_spectral_corruption_s42] [TRAIN] stage=finetune epoch=1/1 batch=1830/3000 step=4830 repair=0.1263 localization=0 type=0 minimal=0.05136 physics=0.1829 total=0.136
[TRAIN train_climax_no_spectral_corruption_s42] [TRAIN] stage=finetune epoch=1/1 batch=1840/3000 step=4840 repair=0.07033 localization=0 type=0 minimal=0.05597 physics=0.3286 total=0.08732
[TRAIN train_climax_no_spectral_corruption_s42] [TRAIN] stage=finetune epoch=1/1 batch=1850/3000 step=4850 repair=0.1151 localization=0 type=0 minimal=0.0513 physics=0.3226 total=0.1317
[TRAIN train_climax_no_spectral_corruption_s42] [TRAIN] stage=finetune epoch=1/1 batch=1860/3000 step=4860 repair=0.0891 localization=0 type=0 minimal=0.0527 physics=0.1711 total=0.09818
[TRAIN train_climax_no_spectral_corruption_s42] [TRAIN] stage=finetune epoch=1/1 batch=1870/3000 step=4870 repair=0.1219 localization=0 type=0 minimal=0.05518 physics=0.4985 total=0.1473
[TRAIN train_climax_no_spectral_corruption_s42] [TRAIN] stage=finetune epoch=1/1 batch=1880/3000 step=4880 repair=0.1326 localization=0 type=0 minimal=0.04926 physics=0.1208 total=0.1391
[TRAIN train_climax_no_spectral_corruption_s42] [TRAIN] stage=finetune epoch=1/1 batch=1890/3000 step=4890 repair=0.08562 localization=0 type=0 minimal=0.04996 physics=0.223 total=0.09726
[TRAIN train_climax_no_spectral_corruption_s42] [TRAIN] stage=finetune epoch=1/1 batch=1900/3000 step=4900 repair=0.1312 localization=0 type=0 minimal=0.05667 physics=0.135 total=0.1385
[TRAIN train_climax_no_spectral_corruption_s42] [TRAIN] stage=finetune epoch=1/1 batch=1910/3000 step=4910 repair=0.1494 localization=0 type=0 minimal=0.05356 physics=0.4992 total=0.1749
[TRAIN train_climax_no_spectral_corruption_s42] [TRAIN] stage=finetune epoch=1/1 batch=1920/3000 step=4920 repair=0.1596 localization=0 type=0 minimal=0.05435 physics=0.1527 total=0.1678
[TRAIN train_climax_no_spectral_corruption_s42] [TRAIN] stage=finetune epoch=1/1 batch=1930/3000 step=4930 repair=0.079 localization=0 type=0 minimal=0.05112 physics=0.1459 total=0.0868
[TRAIN train_climax_no_spectral_corruption_s42] [TRAIN] stage=finetune epoch=1/1 batch=1940/3000 step=4940 repair=0.166 localization=0 type=0 minimal=0.05545 physics=0.1474 total=0.1739
[TRAIN train_climax_no_spectral_corruption_s42] [TRAIN] stage=finetune epoch=1/1 batch=1950/3000 step=4950 repair=0.114 localization=0 type=0 minimal=0.0574 physics=0.1786 total=0.1235
[TRAIN train_climax_no_spectral_corruption_s42] [TRAIN] stage=finetune epoch=1/1 batch=1960/3000 step=4960 repair=0.1223 localization=0 type=0 minimal=0.0531 physics=0.1112 total=0.1284
[TRAIN train_climax_no_spectral_corruption_s42] [TRAIN] stage=finetune epoch=1/1 batch=1970/3000 step=4970 repair=0.1748 localization=0 type=0 minimal=0.04407 physics=0.6787 total=0.2091
[TRAIN train_climax_no_spectral_corruption_s42] [TRAIN] stage=finetune epoch=1/1 batch=1980/3000 step=4980 repair=0.1168 localization=0 type=0 minimal=0.05688 physics=0.6101 total=0.1478
[TRAIN train_climax_no_spectral_corruption_s42] [TRAIN] stage=finetune epoch=1/1 batch=1990/3000 step=4990 repair=0.07519 localization=0 type=0 minimal=0.04987 physics=0.247 total=0.08804
[TRAIN train_climax_no_spectral_corruption_s42] [TRAIN] stage=finetune epoch=1/1 batch=2000/3000 step=5000 repair=0.116 localization=0 type=0 minimal=0.05048 physics=0.3965 total=0.1363
[TRAIN train_climax_no_spectral_corruption_s42] [TRAIN] stage=finetune epoch=1/1 batch=2010/3000 step=5010 repair=0.1256 localization=0 type=0 minimal=0.04669 physics=0.8789 total=0.17
[TRAIN train_climax_no_spectral_corruption_s42] [TRAIN] stage=finetune epoch=1/1 batch=2020/3000 step=5020 repair=0.1179 localization=0 type=0 minimal=0.05505 physics=0.4254 total=0.1398
[TRAIN train_climax_no_spectral_corruption_s42] [TRAIN] stage=finetune epoch=1/1 batch=2030/3000 step=5030 repair=0.09614 localization=0 type=0 minimal=0.05731 physics=0.1582 total=0.1046
[TRAIN train_climax_no_spectral_corruption_s42] [TRAIN] stage=finetune epoch=1/1 batch=2040/3000 step=5040 repair=0.09047 localization=0 type=0 minimal=0.05566 physics=0.1535 total=0.0987
[TRAIN train_climax_no_spectral_corruption_s42] [TRAIN] stage=finetune epoch=1/1 batch=2050/3000 step=5050 repair=0.07066 localization=0 type=0 minimal=0.04984 physics=0.194 total=0.08086
[TRAIN train_climax_no_spectral_corruption_s42] [TRAIN] stage=finetune epoch=1/1 batch=2060/3000 step=5060 repair=0.1249 localization=0 type=0 minimal=0.05179 physics=0.1871 total=0.1348
[TRAIN train_climax_no_spectral_corruption_s42] [TRAIN] stage=finetune epoch=1/1 batch=2070/3000 step=5070 repair=0.1193 localization=0 type=0 minimal=0.05066 physics=0.09133 total=0.1244
[TRAIN train_climax_no_spectral_corruption_s42] [TRAIN] stage=finetune epoch=1/1 batch=2080/3000 step=5080 repair=0.1162 localization=0 type=0 minimal=0.05701 physics=0.5471 total=0.1441
[TRAIN train_climax_no_spectral_corruption_s42] [TRAIN] stage=finetune epoch=1/1 batch=2090/3000 step=5090 repair=0.08325 localization=0 type=0 minimal=0.0513 physics=0.2042 total=0.09397
[TRAIN train_climax_no_spectral_corruption_s42] [TRAIN] stage=finetune epoch=1/1 batch=2100/3000 step=5100 repair=0.09207 localization=0 type=0 minimal=0.05353 physics=0.2668 total=0.1059
[TRAIN train_climax_no_spectral_corruption_s42] [TRAIN] stage=finetune epoch=1/1 batch=2110/3000 step=5110 repair=0.1238 localization=0 type=0 minimal=0.05536 physics=0.3328 total=0.141
[TRAIN train_climax_no_spectral_corruption_s42] [TRAIN] stage=finetune epoch=1/1 batch=2120/3000 step=5120 repair=0.1563 localization=0 type=0 minimal=0.05447 physics=0.344 total=0.174
[TRAIN train_climax_no_spectral_corruption_s42] [TRAIN] stage=finetune epoch=1/1 batch=2130/3000 step=5130 repair=0.1175 localization=0 type=0 minimal=0.05139 physics=0.3541 total=0.1357
[TRAIN train_climax_no_spectral_corruption_s42] [TRAIN] stage=finetune epoch=1/1 batch=2140/3000 step=5140 repair=0.08827 localization=0 type=0 minimal=0.05341 physics=0.1319 total=0.0954
[TRAIN train_climax_no_spectral_corruption_s42] [TRAIN] stage=finetune epoch=1/1 batch=2150/3000 step=5150 repair=0.1628 localization=0 type=0 minimal=0.0466 physics=0.4149 total=0.184
[TRAIN train_climax_no_spectral_corruption_s42] [TRAIN] stage=finetune epoch=1/1 batch=2160/3000 step=5160 repair=0.0781 localization=0 type=0 minimal=0.05399 physics=0.1248 total=0.08488
[TRAIN train_climax_no_spectral_corruption_s42] [TRAIN] stage=finetune epoch=1/1 batch=2170/3000 step=5170 repair=0.1132 localization=0 type=0 minimal=0.05255 physics=0.4389 total=0.1357
[TRAIN train_climax_no_spectral_corruption_s42] [TRAIN] stage=finetune epoch=1/1 batch=2180/3000 step=5180 repair=0.1137 localization=0 type=0 minimal=0.05527 physics=0.1952 total=0.124
[TRAIN train_climax_no_spectral_corruption_s42] [TRAIN] stage=finetune epoch=1/1 batch=2190/3000 step=5190 repair=0.07979 localization=0 type=0 minimal=0.04633 physics=0.115 total=0.086
[TRAIN train_climax_no_spectral_corruption_s42] [TRAIN] stage=finetune epoch=1/1 batch=2200/3000 step=5200 repair=0.1139 localization=0 type=0 minimal=0.0607 physics=0.1127 total=0.1201
[TRAIN train_climax_no_spectral_corruption_s42] [TRAIN] stage=finetune epoch=1/1 batch=2210/3000 step=5210 repair=0.119 localization=0 type=0 minimal=0.05106 physics=0.1252 total=0.1258
[TRAIN train_climax_no_spectral_corruption_s42] [TRAIN] stage=finetune epoch=1/1 batch=2220/3000 step=5220 repair=0.07569 localization=0 type=0 minimal=0.05716 physics=0.08115 total=0.08032
[TRAIN train_climax_no_spectral_corruption_s42] [TRAIN] stage=finetune epoch=1/1 batch=2230/3000 step=5230 repair=0.07833 localization=0 type=0 minimal=0.06064 physics=0.1116 total=0.08452
[TRAIN train_climax_no_spectral_corruption_s42] [TRAIN] stage=finetune epoch=1/1 batch=2240/3000 step=5240 repair=0.08234 localization=0 type=0 minimal=0.05579 physics=0.09634 total=0.08772
[TRAIN train_climax_no_spectral_corruption_s42] [TRAIN] stage=finetune epoch=1/1 batch=2250/3000 step=5250 repair=0.114 localization=0 type=0 minimal=0.05319 physics=0.199 total=0.1245
[TRAIN train_climax_no_spectral_corruption_s42] [TRAIN] stage=finetune epoch=1/1 batch=2260/3000 step=5260 repair=0.0788 localization=0 type=0 minimal=0.0647 physics=0.1928 total=0.08909
[TRAIN train_climax_no_spectral_corruption_s42] [TRAIN] stage=finetune epoch=1/1 batch=2270/3000 step=5270 repair=0.1157 localization=0 type=0 minimal=0.06027 physics=0.2322 total=0.1279
[TRAIN train_climax_no_spectral_corruption_s42] [TRAIN] stage=finetune epoch=1/1 batch=2280/3000 step=5280 repair=0.07929 localization=0 type=0 minimal=0.05881 physics=0.1968 total=0.08972
[TRAIN train_climax_no_spectral_corruption_s42] [TRAIN] stage=finetune epoch=1/1 batch=2290/3000 step=5290 repair=0.06941 localization=0 type=0 minimal=0.06317 physics=0.07665 total=0.07388
[TRAIN train_climax_no_spectral_corruption_s42] [TRAIN] stage=finetune epoch=1/1 batch=2300/3000 step=5300 repair=0.1142 localization=0 type=0 minimal=0.05151 physics=0.3795 total=0.1337
[TRAIN train_climax_no_spectral_corruption_s42] [TRAIN] stage=finetune epoch=1/1 batch=2310/3000 step=5310 repair=0.09623 localization=0 type=0 minimal=0.04868 physics=0.159 total=0.1047
[TRAIN train_climax_no_spectral_corruption_s42] [TRAIN] stage=finetune epoch=1/1 batch=2320/3000 step=5320 repair=0.1164 localization=0 type=0 minimal=0.056 physics=0.1331 total=0.1236
[TRAIN train_climax_no_spectral_corruption_s42] [TRAIN] stage=finetune epoch=1/1 batch=2330/3000 step=5330 repair=0.1571 localization=0 type=0 minimal=0.05432 physics=0.125 total=0.1639
[TRAIN train_climax_no_spectral_corruption_s42] [TRAIN] stage=finetune epoch=1/1 batch=2340/3000 step=5340 repair=0.0801 localization=0 type=0 minimal=0.05838 physics=0.09989 total=0.08568
[TRAIN train_climax_no_spectral_corruption_s42] [TRAIN] stage=finetune epoch=1/1 batch=2350/3000 step=5350 repair=0.1262 localization=0 type=0 minimal=0.05795 physics=0.2607 total=0.1398
[TRAIN train_climax_no_spectral_corruption_s42] [TRAIN] stage=finetune epoch=1/1 batch=2360/3000 step=5360 repair=0.1279 localization=0 type=0 minimal=0.056 physics=0.1676 total=0.1369
[TRAIN train_climax_no_spectral_corruption_s42] [TRAIN] stage=finetune epoch=1/1 batch=2370/3000 step=5370 repair=0.1289 localization=0 type=0 minimal=0.05206 physics=0.1817 total=0.1385
[TRAIN train_climax_no_spectral_corruption_s42] [TRAIN] stage=finetune epoch=1/1 batch=2380/3000 step=5380 repair=0.1095 localization=0 type=0 minimal=0.05637 physics=0.2046 total=0.1203
[TRAIN train_climax_no_spectral_corruption_s42] [TRAIN] stage=finetune epoch=1/1 batch=2390/3000 step=5390 repair=0.129 localization=0 type=0 minimal=0.05908 physics=0.1703 total=0.1381
[TRAIN train_climax_no_spectral_corruption_s42] [TRAIN] stage=finetune epoch=1/1 batch=2400/3000 step=5400 repair=0.1231 localization=0 type=0 minimal=0.05646 physics=0.2458 total=0.136
[TRAIN train_climax_no_spectral_corruption_s42] [TRAIN] stage=finetune epoch=1/1 batch=2410/3000 step=5410 repair=0.1232 localization=0 type=0 minimal=0.0546 physics=0.3441 total=0.1409
[TRAIN train_climax_no_spectral_corruption_s42] [TRAIN] stage=finetune epoch=1/1 batch=2420/3000 step=5420 repair=0.1595 localization=0 type=0 minimal=0.0553 physics=0.2263 total=0.1714
[TRAIN train_climax_no_spectral_corruption_s42] [TRAIN] stage=finetune epoch=1/1 batch=2430/3000 step=5430 repair=0.1344 localization=0 type=0 minimal=0.05295 physics=0.2974 total=0.1498
[TRAIN train_climax_no_spectral_corruption_s42] [TRAIN] stage=finetune epoch=1/1 batch=2440/3000 step=5440 repair=0.07545 localization=0 type=0 minimal=0.05084 physics=0.1105 total=0.08148
[TRAIN train_climax_no_spectral_corruption_s42] [TRAIN] stage=finetune epoch=1/1 batch=2450/3000 step=5450 repair=0.1207 localization=0 type=0 minimal=0.05594 physics=0.2608 total=0.1343
[TRAIN train_climax_no_spectral_corruption_s42] [TRAIN] stage=finetune epoch=1/1 batch=2460/3000 step=5460 repair=0.1165 localization=0 type=0 minimal=0.05435 physics=0.1249 total=0.1232
[TRAIN train_climax_no_spectral_corruption_s42] [TRAIN] stage=finetune epoch=1/1 batch=2470/3000 step=5470 repair=0.1047 localization=0 type=0 minimal=0.05722 physics=0.1847 total=0.1145
[TRAIN train_climax_no_spectral_corruption_s42] [TRAIN] stage=finetune epoch=1/1 batch=2480/3000 step=5480 repair=0.08907 localization=0 type=0 minimal=0.05618 physics=0.2055 total=0.09991
[TRAIN train_climax_no_spectral_corruption_s42] [TRAIN] stage=finetune epoch=1/1 batch=2490/3000 step=5490 repair=0.1278 localization=0 type=0 minimal=0.05905 physics=0.204 total=0.1386
[TRAIN train_climax_no_spectral_corruption_s42] [TRAIN] stage=finetune epoch=1/1 batch=2500/3000 step=5500 repair=0.07936 localization=0 type=0 minimal=0.0585 physics=0.1495 total=0.08742
[TRAIN train_climax_no_spectral_corruption_s42] [TRAIN] stage=finetune epoch=1/1 batch=2510/3000 step=5510 repair=0.0844 localization=0 type=0 minimal=0.05438 physics=0.1593 total=0.09291
[TRAIN train_climax_no_spectral_corruption_s42] [TRAIN] stage=finetune epoch=1/1 batch=2520/3000 step=5520 repair=0.112 localization=0 type=0 minimal=0.05359 physics=0.3095 total=0.128
[TRAIN train_climax_no_spectral_corruption_s42] [TRAIN] stage=finetune epoch=1/1 batch=2530/3000 step=5530 repair=0.06604 localization=0 type=0 minimal=0.06039 physics=0.1954 total=0.07641
[TRAIN train_climax_no_spectral_corruption_s42] [TRAIN] stage=finetune epoch=1/1 batch=2540/3000 step=5540 repair=0.08525 localization=0 type=0 minimal=0.05984 physics=0.1447 total=0.09308
[TRAIN train_climax_no_spectral_corruption_s42] [TRAIN] stage=finetune epoch=1/1 batch=2550/3000 step=5550 repair=0.07787 localization=0 type=0 minimal=0.06131 physics=0.09411 total=0.08319
[TRAIN train_climax_no_spectral_corruption_s42] [TRAIN] stage=finetune epoch=1/1 batch=2560/3000 step=5560 repair=0.06944 localization=0 type=0 minimal=0.06323 physics=0.09874 total=0.07501
[TRAIN train_climax_no_spectral_corruption_s42] [TRAIN] stage=finetune epoch=1/1 batch=2570/3000 step=5570 repair=0.07236 localization=0 type=0 minimal=0.05801 physics=0.1296 total=0.07942
[TRAIN train_climax_no_spectral_corruption_s42] [TRAIN] stage=finetune epoch=1/1 batch=2580/3000 step=5580 repair=0.08434 localization=0 type=0 minimal=0.0647 physics=0.1186 total=0.09092
[TRAIN train_climax_no_spectral_corruption_s42] [TRAIN] stage=finetune epoch=1/1 batch=2590/3000 step=5590 repair=0.1247 localization=0 type=0 minimal=0.05774 physics=0.1532 total=0.133
[TRAIN train_climax_no_spectral_corruption_s42] [TRAIN] stage=finetune epoch=1/1 batch=2600/3000 step=5600 repair=0.1281 localization=0 type=0 minimal=0.0603 physics=0.1349 total=0.1354
[TRAIN train_climax_no_spectral_corruption_s42] [TRAIN] stage=finetune epoch=1/1 batch=2610/3000 step=5610 repair=0.07981 localization=0 type=0 minimal=0.0618 physics=0.256 total=0.09323
[TRAIN train_climax_no_spectral_corruption_s42] [TRAIN] stage=finetune epoch=1/1 batch=2620/3000 step=5620 repair=0.1169 localization=0 type=0 minimal=0.05954 physics=0.1019 total=0.1225
[TRAIN train_climax_no_spectral_corruption_s42] [TRAIN] stage=finetune epoch=1/1 batch=2630/3000 step=5630 repair=0.1185 localization=0 type=0 minimal=0.04593 physics=0.1649 total=0.1272
[TRAIN train_climax_no_spectral_corruption_s42] [TRAIN] stage=finetune epoch=1/1 batch=2640/3000 step=5640 repair=0.1189 localization=0 type=0 minimal=0.0578 physics=0.1802 total=0.1284
[TRAIN train_climax_no_spectral_corruption_s42] [TRAIN] stage=finetune epoch=1/1 batch=2650/3000 step=5650 repair=0.1422 localization=0 type=0 minimal=0.05029 physics=0.192 total=0.1523
[TRAIN train_climax_no_spectral_corruption_s42] [TRAIN] stage=finetune epoch=1/1 batch=2660/3000 step=5660 repair=0.1208 localization=0 type=0 minimal=0.05573 physics=0.3166 total=0.1372
[TRAIN train_climax_no_spectral_corruption_s42] [TRAIN] stage=finetune epoch=1/1 batch=2670/3000 step=5670 repair=0.122 localization=0 type=0 minimal=0.05637 physics=0.1253 total=0.1288
[TRAIN train_climax_no_spectral_corruption_s42] [TRAIN] stage=finetune epoch=1/1 batch=2680/3000 step=5680 repair=0.131 localization=0 type=0 minimal=0.04791 physics=0.1898 total=0.141
[TRAIN train_climax_no_spectral_corruption_s42] [TRAIN] stage=finetune epoch=1/1 batch=2690/3000 step=5690 repair=0.07578 localization=0 type=0 minimal=0.05713 physics=0.2595 total=0.08932
[TRAIN train_climax_no_spectral_corruption_s42] [TRAIN] stage=finetune epoch=1/1 batch=2700/3000 step=5700 repair=0.1246 localization=0 type=0 minimal=0.05484 physics=0.2002 total=0.1351
[TRAIN train_climax_no_spectral_corruption_s42] [TRAIN] stage=finetune epoch=1/1 batch=2710/3000 step=5710 repair=0.1557 localization=0 type=0 minimal=0.04382 physics=0.2723 total=0.1698
[TRAIN train_climax_no_spectral_corruption_s42] [TRAIN] stage=finetune epoch=1/1 batch=2720/3000 step=5720 repair=0.116 localization=0 type=0 minimal=0.05841 physics=0.1959 total=0.1263
[TRAIN train_climax_no_spectral_corruption_s42] [TRAIN] stage=finetune epoch=1/1 batch=2730/3000 step=5730 repair=0.09337 localization=0 type=0 minimal=0.06039 physics=0.1727 total=0.1026
[TRAIN train_climax_no_spectral_corruption_s42] [TRAIN] stage=finetune epoch=1/1 batch=2740/3000 step=5740 repair=0.1761 localization=0 type=0 minimal=0.056 physics=0.1236 total=0.1828
[TRAIN train_climax_no_spectral_corruption_s42] [TRAIN] stage=finetune epoch=1/1 batch=2750/3000 step=5750 repair=0.0767 localization=0 type=0 minimal=0.06219 physics=0.07564 total=0.08111
[TRAIN train_climax_no_spectral_corruption_s42] [TRAIN] stage=finetune epoch=1/1 batch=2760/3000 step=5760 repair=0.1626 localization=0 type=0 minimal=0.05099 physics=0.1256 total=0.1694
[TRAIN train_climax_no_spectral_corruption_s42] [TRAIN] stage=finetune epoch=1/1 batch=2770/3000 step=5770 repair=0.1185 localization=0 type=0 minimal=0.0528 physics=0.1876 total=0.1284
[TRAIN train_climax_no_spectral_corruption_s42] [TRAIN] stage=finetune epoch=1/1 batch=2780/3000 step=5780 repair=0.09161 localization=0 type=0 minimal=0.05215 physics=0.3131 total=0.1078
[TRAIN train_climax_no_spectral_corruption_s42] [TRAIN] stage=finetune epoch=1/1 batch=2790/3000 step=5790 repair=0.1209 localization=0 type=0 minimal=0.05606 physics=0.2517 total=0.134
[TRAIN train_climax_no_spectral_corruption_s42] [TRAIN] stage=finetune epoch=1/1 batch=2800/3000 step=5800 repair=0.1518 localization=0 type=0 minimal=0.0563 physics=0.1517 total=0.16
[TRAIN train_climax_no_spectral_corruption_s42] [TRAIN] stage=finetune epoch=1/1 batch=2810/3000 step=5810 repair=0.08063 localization=0 type=0 minimal=0.05811 physics=0.1347 total=0.08795
[TRAIN train_climax_no_spectral_corruption_s42] [TRAIN] stage=finetune epoch=1/1 batch=2820/3000 step=5820 repair=0.06875 localization=0 type=0 minimal=0.0618 physics=0.1612 total=0.07743
[TRAIN train_climax_no_spectral_corruption_s42] [TRAIN] stage=finetune epoch=1/1 batch=2830/3000 step=5830 repair=0.1505 localization=0 type=0 minimal=0.05148 physics=0.2426 total=0.1631
[TRAIN train_climax_no_spectral_corruption_s42] [TRAIN] stage=finetune epoch=1/1 batch=2840/3000 step=5840 repair=0.1308 localization=0 type=0 minimal=0.05606 physics=0.2721 total=0.145
[TRAIN train_climax_no_spectral_corruption_s42] [TRAIN] stage=finetune epoch=1/1 batch=2850/3000 step=5850 repair=0.1309 localization=0 type=0 minimal=0.06067 physics=0.1281 total=0.1379
[TRAIN train_climax_no_spectral_corruption_s42] [TRAIN] stage=finetune epoch=1/1 batch=2860/3000 step=5860 repair=0.1229 localization=0 type=0 minimal=0.06293 physics=0.4614 total=0.1466
[TRAIN train_climax_no_spectral_corruption_s42] [TRAIN] stage=finetune epoch=1/1 batch=2870/3000 step=5870 repair=0.1042 localization=0 type=0 minimal=0.05878 physics=0.4228 total=0.1259
[TRAIN train_climax_no_spectral_corruption_s42] [TRAIN] stage=finetune epoch=1/1 batch=2880/3000 step=5880 repair=0.1055 localization=0 type=0 minimal=0.05737 physics=0.1313 total=0.1126
[TRAIN train_climax_no_spectral_corruption_s42] [TRAIN] stage=finetune epoch=1/1 batch=2890/3000 step=5890 repair=0.08936 localization=0 type=0 minimal=0.04849 physics=0.8611 total=0.1329
[TRAIN train_climax_no_spectral_corruption_s42] [TRAIN] stage=finetune epoch=1/1 batch=2900/3000 step=5900 repair=0.1215 localization=0 type=0 minimal=0.04681 physics=0.6981 total=0.1569
[TRAIN train_climax_no_spectral_corruption_s42] [TRAIN] stage=finetune epoch=1/1 batch=2910/3000 step=5910 repair=0.1279 localization=0 type=0 minimal=0.05652 physics=0.116 total=0.1342
[TRAIN train_climax_no_spectral_corruption_s42] [TRAIN] stage=finetune epoch=1/1 batch=2920/3000 step=5920 repair=0.1741 localization=0 type=0 minimal=0.05103 physics=0.1925 total=0.1842
[TRAIN train_climax_no_spectral_corruption_s42] [TRAIN] stage=finetune epoch=1/1 batch=2930/3000 step=5930 repair=0.12 localization=0 type=0 minimal=0.05588 physics=0.2837 total=0.1347
[TRAIN train_climax_no_spectral_corruption_s42] [TRAIN] stage=finetune epoch=1/1 batch=2940/3000 step=5940 repair=0.1097 localization=0 type=0 minimal=0.05588 physics=0.1744 total=0.119
[TRAIN train_climax_no_spectral_corruption_s42] [TRAIN] stage=finetune epoch=1/1 batch=2950/3000 step=5950 repair=0.1666 localization=0 type=0 minimal=0.05362 physics=0.1074 total=0.1725
[TRAIN train_climax_no_spectral_corruption_s42] [TRAIN] stage=finetune epoch=1/1 batch=2960/3000 step=5960 repair=0.1253 localization=0 type=0 minimal=0.05472 physics=0.1264 total=0.1322
[TRAIN train_climax_no_spectral_corruption_s42] [TRAIN] stage=finetune epoch=1/1 batch=2970/3000 step=5970 repair=0.1553 localization=0 type=0 minimal=0.05869 physics=0.1049 total=0.1611
[TRAIN train_climax_no_spectral_corruption_s42] [TRAIN] stage=finetune epoch=1/1 batch=2980/3000 step=5980 repair=0.08037 localization=0 type=0 minimal=0.06003 physics=0.1355 total=0.08775
[TRAIN train_climax_no_spectral_corruption_s42] [TRAIN] stage=finetune epoch=1/1 batch=2990/3000 step=5990 repair=0.1281 localization=0 type=0 minimal=0.05084 physics=0.2516 total=0.1412
[TRAIN train_climax_no_spectral_corruption_s42] [TRAIN] stage=finetune epoch=1/1 batch=3000/3000 step=6000 repair=0.1164 localization=0 type=0 minimal=0.06009 physics=0.2154 total=0.1277
[TRAIN train_climax_no_spectral_corruption_s42] [EPOCH] {'stage': 'finetune', 'epoch': 0, 'global_step': 6000, 'train_total': 0.15745598353942236, 'val_repair_mse': 0.11826313240453601, 'elapsed_seconds': 3772.99}
[TRAIN train_climax_no_spectral_corruption_s42] [BEST] val_repair_mse=0.118263
[TRAIN train_climax_no_spectral_corruption_s42] [TRAIN COMPLETE] {
[TRAIN train_climax_no_spectral_corruption_s42]   "run_id": "prelim20_train_climax_no_spectral_corruption_s42",
[TRAIN train_climax_no_spectral_corruption_s42]   "status": "completed",
[TRAIN train_climax_no_spectral_corruption_s42]   "method": "no_spectral_corruption",
[TRAIN train_climax_no_spectral_corruption_s42]   "backbone": "climax",
[TRAIN train_climax_no_spectral_corruption_s42]   "seed": 42,
[TRAIN train_climax_no_spectral_corruption_s42]   "forecast_provider": "zarr_frozen_fm",
[TRAIN train_climax_no_spectral_corruption_s42]   "best_val_repair_mse": 0.11826313240453601,
[TRAIN train_climax_no_spectral_corruption_s42]   "global_step": 6000,
[TRAIN train_climax_no_spectral_corruption_s42]   "elapsed_seconds": 3773.14,
[TRAIN train_climax_no_spectral_corruption_s42]   "checkpoint_best": "/home/tahiti/ConserveFM/runs/prelim20_train/train_climax_no_spectral_corruption_s42/checkpoint_best.pt",
[TRAIN train_climax_no_spectral_corruption_s42]   "checkpoint_last": "/home/tahiti/ConserveFM/runs/prelim20_train/train_climax_no_spectral_corruption_s42/checkpoint_last.pt"
[TRAIN train_climax_no_spectral_corruption_s42] }
