[TRAIN train_climax_no_moisture_corruption_s44] [SETUP] device=cuda
[TRAIN train_climax_no_moisture_corruption_s44] [SETUP] run_id=prelim20_train_climax_no_moisture_corruption_s44 method=no_moisture_corruption backbone=climax
[TRAIN train_climax_no_moisture_corruption_s44] [FORECAST] using frozen forecast cache: /home/tahiti/ConserveFM/forecasts/climax.zarr
[TRAIN train_climax_no_moisture_corruption_s44] [STAGE] pretrain epochs=1 start_epoch=0
[TRAIN train_climax_no_moisture_corruption_s44] [TRAIN] stage=pretrain epoch=1/1 batch=10/3000 step=10 repair=0.03137 localization=0.4428 type=1.292 minimal=0.1179 physics=2.32 total=0.3221
[TRAIN train_climax_no_moisture_corruption_s44] [TRAIN] stage=pretrain epoch=1/1 batch=20/3000 step=20 repair=0.01847 localization=0.3749 type=0.9905 minimal=0.07684 physics=2.173 total=0.2644
[TRAIN train_climax_no_moisture_corruption_s44] [TRAIN] stage=pretrain epoch=1/1 batch=30/3000 step=30 repair=0.01377 localization=0.3227 type=1.655 minimal=0.05493 physics=1.039 total=0.3753
[TRAIN train_climax_no_moisture_corruption_s44] [TRAIN] stage=pretrain epoch=1/1 batch=40/3000 step=40 repair=0.005734 localization=0.3185 type=2.714 minimal=0.05014 physics=0.8891 total=0.5507
[TRAIN train_climax_no_moisture_corruption_s44] [TRAIN] stage=pretrain epoch=1/1 batch=50/3000 step=50 repair=0.002708 localization=0.2597 type=2.187 minimal=0.03613 physics=0.5694 total=0.4349
[TRAIN train_climax_no_moisture_corruption_s44] [TRAIN] stage=pretrain epoch=1/1 batch=60/3000 step=60 repair=0.008132 localization=0.2462 type=1.953 minimal=0.03867 physics=1.439 total=0.3003
[TRAIN train_climax_no_moisture_corruption_s44] [TRAIN] stage=pretrain epoch=1/1 batch=70/3000 step=70 repair=0.00402 localization=0.288 type=1.941 minimal=0.03589 physics=0.3463 total=0.4005
[TRAIN train_climax_no_moisture_corruption_s44] [TRAIN] stage=pretrain epoch=1/1 batch=80/3000 step=80 repair=0.01092 localization=0.1871 type=2.227 minimal=0.03571 physics=0.5512 total=0.441
[TRAIN train_climax_no_moisture_corruption_s44] [TRAIN] stage=pretrain epoch=1/1 batch=90/3000 step=90 repair=0.00786 localization=0.2538 type=1.692 minimal=0.03317 physics=0.269 total=0.342
[TRAIN train_climax_no_moisture_corruption_s44] [TRAIN] stage=pretrain epoch=1/1 batch=100/3000 step=100 repair=0.009347 localization=0.2135 type=1.338 minimal=0.02742 physics=0.3474 total=0.2777
[TRAIN train_climax_no_moisture_corruption_s44] [TRAIN] stage=pretrain epoch=1/1 batch=110/3000 step=110 repair=0.00307 localization=0.3162 type=1.199 minimal=0.02951 physics=0.2163 total=0.2592
[TRAIN train_climax_no_moisture_corruption_s44] [TRAIN] stage=pretrain epoch=1/1 batch=120/3000 step=120 repair=0.02529 localization=0.3578 type=2.074 minimal=0.03088 physics=0.5908 total=0.4996
[TRAIN train_climax_no_moisture_corruption_s44] [TRAIN] stage=pretrain epoch=1/1 batch=130/3000 step=130 repair=0.006489 localization=0.4466 type=1.383 minimal=0.02631 physics=0.1872 total=0.2843
[TRAIN train_climax_no_moisture_corruption_s44] [TRAIN] stage=pretrain epoch=1/1 batch=140/3000 step=140 repair=0.002807 localization=0.2492 type=1.237 minimal=0.02345 physics=0.1452 total=0.2451
[TRAIN train_climax_no_moisture_corruption_s44] [TRAIN] stage=pretrain epoch=1/1 batch=150/3000 step=150 repair=0.004893 localization=0.2714 type=1.781 minimal=0.0253 physics=0.1901 total=0.3758
[TRAIN train_climax_no_moisture_corruption_s44] [TRAIN] stage=pretrain epoch=1/1 batch=160/3000 step=160 repair=0.02919 localization=0.3318 type=1.022 minimal=0.02336 physics=2.196 total=0.2747
[TRAIN train_climax_no_moisture_corruption_s44] [TRAIN] stage=pretrain epoch=1/1 batch=170/3000 step=170 repair=0.005477 localization=0.2302 type=2.582 minimal=0.03015 physics=0.1812 total=0.4623
[TRAIN train_climax_no_moisture_corruption_s44] [TRAIN] stage=pretrain epoch=1/1 batch=180/3000 step=180 repair=0.005189 localization=0.3472 type=0.9485 minimal=0.0322 physics=0.2179 total=0.2045
[TRAIN train_climax_no_moisture_corruption_s44] [TRAIN] stage=pretrain epoch=1/1 batch=190/3000 step=190 repair=0.003689 localization=0.2551 type=3.351 minimal=0.03864 physics=0.2954 total=0.6532
[TRAIN train_climax_no_moisture_corruption_s44] [TRAIN] stage=pretrain epoch=1/1 batch=200/3000 step=200 repair=0.006038 localization=0.374 type=2.353 minimal=0.03244 physics=0.3282 total=0.5291
[TRAIN train_climax_no_moisture_corruption_s44] [TRAIN] stage=pretrain epoch=1/1 batch=210/3000 step=210 repair=0.002898 localization=0.2392 type=0.9075 minimal=0.02966 physics=0.3007 total=0.2071
[TRAIN train_climax_no_moisture_corruption_s44] [TRAIN] stage=pretrain epoch=1/1 batch=220/3000 step=220 repair=0.003704 localization=0.2359 type=1.183 minimal=0.02827 physics=0.3461 total=0.2171
[TRAIN train_climax_no_moisture_corruption_s44] [TRAIN] stage=pretrain epoch=1/1 batch=230/3000 step=230 repair=0.007649 localization=0.2389 type=1.219 minimal=0.03137 physics=0.1945 total=0.2526
[TRAIN train_climax_no_moisture_corruption_s44] [TRAIN] stage=pretrain epoch=1/1 batch=240/3000 step=240 repair=0.01066 localization=0.3 type=1.075 minimal=0.02866 physics=1.62 total=0.2294
[TRAIN train_climax_no_moisture_corruption_s44] [TRAIN] stage=pretrain epoch=1/1 batch=250/3000 step=250 repair=0.01347 localization=0.2499 type=1.003 minimal=0.0224 physics=0.5189 total=0.2201
[TRAIN train_climax_no_moisture_corruption_s44] [TRAIN] stage=pretrain epoch=1/1 batch=260/3000 step=260 repair=0.01806 localization=0.3857 type=2.037 minimal=0.0213 physics=0.2926 total=0.4454
[TRAIN train_climax_no_moisture_corruption_s44] [TRAIN] stage=pretrain epoch=1/1 batch=270/3000 step=270 repair=0.01853 localization=0.3864 type=1.493 minimal=0.02402 physics=0.2427 total=0.3525
[TRAIN train_climax_no_moisture_corruption_s44] [TRAIN] stage=pretrain epoch=1/1 batch=280/3000 step=280 repair=0.00615 localization=0.2662 type=1.398 minimal=0.02536 physics=0.1938 total=0.3081
[TRAIN train_climax_no_moisture_corruption_s44] [TRAIN] stage=pretrain epoch=1/1 batch=290/3000 step=290 repair=0.006131 localization=0.2988 type=0.9202 minimal=0.02313 physics=0.2375 total=0.216
[TRAIN train_climax_no_moisture_corruption_s44] [TRAIN] stage=pretrain epoch=1/1 batch=300/3000 step=300 repair=0.02222 localization=0.269 type=1.594 minimal=0.02502 physics=0.4916 total=0.4011
[TRAIN train_climax_no_moisture_corruption_s44] [TRAIN] stage=pretrain epoch=1/1 batch=310/3000 step=310 repair=0.01259 localization=0.2867 type=0.6531 minimal=0.02739 physics=0.2583 total=0.1644
[TRAIN train_climax_no_moisture_corruption_s44] [TRAIN] stage=pretrain epoch=1/1 batch=320/3000 step=320 repair=0.004008 localization=0.2471 type=1.093 minimal=0.02083 physics=0.1425 total=0.2388
[TRAIN train_climax_no_moisture_corruption_s44] [TRAIN] stage=pretrain epoch=1/1 batch=330/3000 step=330 repair=0.00351 localization=0.2492 type=1.984 minimal=0.02238 physics=0.1932 total=0.4318
[TRAIN train_climax_no_moisture_corruption_s44] [TRAIN] stage=pretrain epoch=1/1 batch=340/3000 step=340 repair=0.004678 localization=0.3805 type=1.524 minimal=0.03455 physics=0.264 total=0.374
[TRAIN train_climax_no_moisture_corruption_s44] [TRAIN] stage=pretrain epoch=1/1 batch=350/3000 step=350 repair=0.01037 localization=0.2474 type=1.652 minimal=0.03683 physics=0.2829 total=0.4094
[TRAIN train_climax_no_moisture_corruption_s44] [TRAIN] stage=pretrain epoch=1/1 batch=360/3000 step=360 repair=0.003218 localization=0.4383 type=1.704 minimal=0.0314 physics=0.4395 total=0.3214
[TRAIN train_climax_no_moisture_corruption_s44] [TRAIN] stage=pretrain epoch=1/1 batch=370/3000 step=370 repair=0.002504 localization=0.2115 type=1.556 minimal=0.02611 physics=0.2567 total=0.312
[TRAIN train_climax_no_moisture_corruption_s44] [TRAIN] stage=pretrain epoch=1/1 batch=380/3000 step=380 repair=0.002592 localization=0.3578 type=1.137 minimal=0.02541 physics=0.2391 total=0.2618
[TRAIN train_climax_no_moisture_corruption_s44] [TRAIN] stage=pretrain epoch=1/1 batch=390/3000 step=390 repair=0.008491 localization=0.3393 type=1.598 minimal=0.02538 physics=0.272 total=0.3654
[TRAIN train_climax_no_moisture_corruption_s44] [TRAIN] stage=pretrain epoch=1/1 batch=400/3000 step=400 repair=0.007482 localization=0.2391 type=1.756 minimal=0.02806 physics=0.1867 total=0.3209
[TRAIN train_climax_no_moisture_corruption_s44] [TRAIN] stage=pretrain epoch=1/1 batch=410/3000 step=410 repair=0.004505 localization=0.289 type=2.091 minimal=0.02419 physics=0.144 total=0.3994
[TRAIN train_climax_no_moisture_corruption_s44] [TRAIN] stage=pretrain epoch=1/1 batch=420/3000 step=420 repair=0.006988 localization=0.2536 type=2.226 minimal=0.02293 physics=0.2379 total=0.3704
[TRAIN train_climax_no_moisture_corruption_s44] [TRAIN] stage=pretrain epoch=1/1 batch=430/3000 step=430 repair=0.003635 localization=0.3845 type=2.104 minimal=0.02449 physics=0.1575 total=0.4354
[TRAIN train_climax_no_moisture_corruption_s44] [TRAIN] stage=pretrain epoch=1/1 batch=440/3000 step=440 repair=0.004491 localization=0.1753 type=1.001 minimal=0.0204 physics=0.2617 total=0.2101
[TRAIN train_climax_no_moisture_corruption_s44] [TRAIN] stage=pretrain epoch=1/1 batch=450/3000 step=450 repair=0.01907 localization=0.4511 type=1.737 minimal=0.02417 physics=0.1996 total=0.4153
[TRAIN train_climax_no_moisture_corruption_s44] [TRAIN] stage=pretrain epoch=1/1 batch=460/3000 step=460 repair=0.003156 localization=0.2889 type=1.405 minimal=0.02542 physics=0.1147 total=0.2812
[TRAIN train_climax_no_moisture_corruption_s44] [TRAIN] stage=pretrain epoch=1/1 batch=470/3000 step=470 repair=0.003904 localization=0.2637 type=1.581 minimal=0.02327 physics=0.1567 total=0.3221
[TRAIN train_climax_no_moisture_corruption_s44] [TRAIN] stage=pretrain epoch=1/1 batch=480/3000 step=480 repair=0.005158 localization=0.3294 type=1.258 minimal=0.02278 physics=0.1423 total=0.2784
[TRAIN train_climax_no_moisture_corruption_s44] [TRAIN] stage=pretrain epoch=1/1 batch=490/3000 step=490 repair=0.003523 localization=0.2388 type=1.629 minimal=0.02124 physics=0.09277 total=0.333
[TRAIN train_climax_no_moisture_corruption_s44] [TRAIN] stage=pretrain epoch=1/1 batch=500/3000 step=500 repair=0.007277 localization=0.2787 type=1.089 minimal=0.0208 physics=0.1408 total=0.2387
[TRAIN train_climax_no_moisture_corruption_s44] [TRAIN] stage=pretrain epoch=1/1 batch=510/3000 step=510 repair=0.018 localization=0.186 type=0.2925 minimal=0.0229 physics=0.7684 total=0.125
[TRAIN train_climax_no_moisture_corruption_s44] [TRAIN] stage=pretrain epoch=1/1 batch=520/3000 step=520 repair=0.0064 localization=0.2591 type=0.236 minimal=0.02518 physics=0.3245 total=0.0879
[TRAIN train_climax_no_moisture_corruption_s44] [TRAIN] stage=pretrain epoch=1/1 batch=530/3000 step=530 repair=0.006102 localization=0.2881 type=1.854 minimal=0.02322 physics=0.2124 total=0.419
[TRAIN train_climax_no_moisture_corruption_s44] [TRAIN] stage=pretrain epoch=1/1 batch=540/3000 step=540 repair=0.002728 localization=0.2823 type=1.747 minimal=0.02203 physics=0.3955 total=0.2256
[TRAIN train_climax_no_moisture_corruption_s44] [TRAIN] stage=pretrain epoch=1/1 batch=550/3000 step=550 repair=0.02834 localization=0.3048 type=0.8115 minimal=0.02231 physics=2.789 total=0.2797
[TRAIN train_climax_no_moisture_corruption_s44] [TRAIN] stage=pretrain epoch=1/1 batch=560/3000 step=560 repair=0.001959 localization=0.3724 type=2.886 minimal=0.02016 physics=0.1603 total=0.561
[TRAIN train_climax_no_moisture_corruption_s44] [TRAIN] stage=pretrain epoch=1/1 batch=570/3000 step=570 repair=0.003016 localization=0.3366 type=2.485 minimal=0.02435 physics=0.2147 total=0.4819
[TRAIN train_climax_no_moisture_corruption_s44] [TRAIN] stage=pretrain epoch=1/1 batch=580/3000 step=580 repair=0.007161 localization=0.2218 type=2.006 minimal=0.02332 physics=1.558 total=0.308
[TRAIN train_climax_no_moisture_corruption_s44] [TRAIN] stage=pretrain epoch=1/1 batch=590/3000 step=590 repair=0.003778 localization=0.3709 type=1.923 minimal=0.0253 physics=0.1587 total=0.403
[TRAIN train_climax_no_moisture_corruption_s44] [TRAIN] stage=pretrain epoch=1/1 batch=600/3000 step=600 repair=0.004548 localization=0.2799 type=1.056 minimal=0.02266 physics=0.8336 total=0.18
[TRAIN train_climax_no_moisture_corruption_s44] [TRAIN] stage=pretrain epoch=1/1 batch=610/3000 step=610 repair=0.003776 localization=0.208 type=2.259 minimal=0.02628 physics=0.1689 total=0.3902
[TRAIN train_climax_no_moisture_corruption_s44] [TRAIN] stage=pretrain epoch=1/1 batch=620/3000 step=620 repair=0.006298 localization=0.3632 type=1.989 minimal=0.02046 physics=0.1737 total=0.4041
[TRAIN train_climax_no_moisture_corruption_s44] [TRAIN] stage=pretrain epoch=1/1 batch=630/3000 step=630 repair=0.008991 localization=0.2938 type=1.578 minimal=0.02019 physics=0.1399 total=0.3204
[TRAIN train_climax_no_moisture_corruption_s44] [TRAIN] stage=pretrain epoch=1/1 batch=640/3000 step=640 repair=0.007741 localization=0.3651 type=1.148 minimal=0.02115 physics=1.352 total=0.2269
[TRAIN train_climax_no_moisture_corruption_s44] [TRAIN] stage=pretrain epoch=1/1 batch=650/3000 step=650 repair=0.004814 localization=0.1926 type=2.186 minimal=0.02283 physics=0.1138 total=0.4428
[TRAIN train_climax_no_moisture_corruption_s44] [TRAIN] stage=pretrain epoch=1/1 batch=660/3000 step=660 repair=0.003816 localization=0.2388 type=1.996 minimal=0.02295 physics=0.1094 total=0.3868
[TRAIN train_climax_no_moisture_corruption_s44] [TRAIN] stage=pretrain epoch=1/1 batch=670/3000 step=670 repair=0.002501 localization=0.246 type=1.262 minimal=0.01889 physics=0.103 total=0.2461
[TRAIN train_climax_no_moisture_corruption_s44] [TRAIN] stage=pretrain epoch=1/1 batch=680/3000 step=680 repair=0.01482 localization=0.3097 type=1.289 minimal=0.02039 physics=0.1967 total=0.2902
[TRAIN train_climax_no_moisture_corruption_s44] [TRAIN] stage=pretrain epoch=1/1 batch=690/3000 step=690 repair=0.006117 localization=0.2609 type=0.915 minimal=0.02441 physics=0.7551 total=0.1617
[TRAIN train_climax_no_moisture_corruption_s44] [TRAIN] stage=pretrain epoch=1/1 batch=700/3000 step=700 repair=0.01486 localization=0.1409 type=1.873 minimal=0.02217 physics=0.2686 total=0.3565
[TRAIN train_climax_no_moisture_corruption_s44] [TRAIN] stage=pretrain epoch=1/1 batch=710/3000 step=710 repair=0.004631 localization=0.2685 type=0.8057 minimal=0.02132 physics=0.4007 total=0.1323
[TRAIN train_climax_no_moisture_corruption_s44] [TRAIN] stage=pretrain epoch=1/1 batch=720/3000 step=720 repair=0.003869 localization=0.2616 type=1.701 minimal=0.01956 physics=0.1359 total=0.3234
[TRAIN train_climax_no_moisture_corruption_s44] [TRAIN] stage=pretrain epoch=1/1 batch=730/3000 step=730 repair=0.002713 localization=0.3597 type=1.437 minimal=0.01926 physics=0.1481 total=0.2945
[TRAIN train_climax_no_moisture_corruption_s44] [TRAIN] stage=pretrain epoch=1/1 batch=740/3000 step=740 repair=0.00932 localization=0.3347 type=1.037 minimal=0.0202 physics=0.1035 total=0.2492
[TRAIN train_climax_no_moisture_corruption_s44] [TRAIN] stage=pretrain epoch=1/1 batch=750/3000 step=750 repair=0.00264 localization=0.2407 type=1.391 minimal=0.01855 physics=0.09753 total=0.3228
[TRAIN train_climax_no_moisture_corruption_s44] [TRAIN] stage=pretrain epoch=1/1 batch=760/3000 step=760 repair=0.004394 localization=0.3869 type=1.524 minimal=0.02245 physics=0.09924 total=0.3493
[TRAIN train_climax_no_moisture_corruption_s44] [TRAIN] stage=pretrain epoch=1/1 batch=770/3000 step=770 repair=0.006207 localization=0.3181 type=1.408 minimal=0.02187 physics=0.1031 total=0.2898
[TRAIN train_climax_no_moisture_corruption_s44] [TRAIN] stage=pretrain epoch=1/1 batch=780/3000 step=780 repair=0.003419 localization=0.3429 type=1.4 minimal=0.02037 physics=0.08346 total=0.2829
[TRAIN train_climax_no_moisture_corruption_s44] [TRAIN] stage=pretrain epoch=1/1 batch=790/3000 step=790 repair=0.002243 localization=0.3068 type=1.024 minimal=0.01895 physics=0.07289 total=0.2085
[TRAIN train_climax_no_moisture_corruption_s44] [TRAIN] stage=pretrain epoch=1/1 batch=800/3000 step=800 repair=0.004111 localization=0.2444 type=2.261 minimal=0.02139 physics=0.1512 total=0.4656
[TRAIN train_climax_no_moisture_corruption_s44] [TRAIN] stage=pretrain epoch=1/1 batch=810/3000 step=810 repair=0.00673 localization=0.2184 type=1.783 minimal=0.02414 physics=0.2299 total=0.3659
[TRAIN train_climax_no_moisture_corruption_s44] [TRAIN] stage=pretrain epoch=1/1 batch=820/3000 step=820 repair=0.00233 localization=0.2674 type=1.459 minimal=0.02118 physics=0.1032 total=0.3101
[TRAIN train_climax_no_moisture_corruption_s44] [TRAIN] stage=pretrain epoch=1/1 batch=830/3000 step=830 repair=0.002831 localization=0.2302 type=1.677 minimal=0.02292 physics=0.1784 total=0.3422
[TRAIN train_climax_no_moisture_corruption_s44] [TRAIN] stage=pretrain epoch=1/1 batch=840/3000 step=840 repair=0.01248 localization=0.224 type=1.165 minimal=0.02005 physics=0.1452 total=0.2471
[TRAIN train_climax_no_moisture_corruption_s44] [TRAIN] stage=pretrain epoch=1/1 batch=850/3000 step=850 repair=0.01784 localization=0.1118 type=1.575 minimal=0.02299 physics=0.4548 total=0.3247
[TRAIN train_climax_no_moisture_corruption_s44] [TRAIN] stage=pretrain epoch=1/1 batch=860/3000 step=860 repair=0.005801 localization=0.2592 type=1.331 minimal=0.01839 physics=0.1371 total=0.2594
[TRAIN train_climax_no_moisture_corruption_s44] [TRAIN] stage=pretrain epoch=1/1 batch=870/3000 step=870 repair=0.002948 localization=0.2231 type=1.009 minimal=0.01956 physics=0.2564 total=0.1392
[TRAIN train_climax_no_moisture_corruption_s44] [TRAIN] stage=pretrain epoch=1/1 batch=880/3000 step=880 repair=0.008676 localization=0.2528 type=0.3422 minimal=0.02217 physics=1.162 total=0.1265
[TRAIN train_climax_no_moisture_corruption_s44] [TRAIN] stage=pretrain epoch=1/1 batch=890/3000 step=890 repair=0.007701 localization=0.211 type=1.615 minimal=0.02295 physics=0.1293 total=0.2797
[TRAIN train_climax_no_moisture_corruption_s44] [TRAIN] stage=pretrain epoch=1/1 batch=900/3000 step=900 repair=0.006424 localization=0.1971 type=1.815 minimal=0.02441 physics=0.1926 total=0.3525
[TRAIN train_climax_no_moisture_corruption_s44] [TRAIN] stage=pretrain epoch=1/1 batch=910/3000 step=910 repair=0.01094 localization=0.1228 type=1.34 minimal=0.03244 physics=0.4904 total=0.2692
[TRAIN train_climax_no_moisture_corruption_s44] [TRAIN] stage=pretrain epoch=1/1 batch=920/3000 step=920 repair=0.002624 localization=0.3245 type=1.432 minimal=0.01825 physics=0.4697 total=0.2019
[TRAIN train_climax_no_moisture_corruption_s44] [TRAIN] stage=pretrain epoch=1/1 batch=930/3000 step=930 repair=0.005946 localization=0.2725 type=1.747 minimal=0.01967 physics=0.1638 total=0.3458
[TRAIN train_climax_no_moisture_corruption_s44] [TRAIN] stage=pretrain epoch=1/1 batch=940/3000 step=940 repair=0.008384 localization=0.3961 type=1.765 minimal=0.01956 physics=0.2194 total=0.3485
[TRAIN train_climax_no_moisture_corruption_s44] [TRAIN] stage=pretrain epoch=1/1 batch=950/3000 step=950 repair=0.002713 localization=0.437 type=2.08 minimal=0.01837 physics=0.08975 total=0.3722
[TRAIN train_climax_no_moisture_corruption_s44] [TRAIN] stage=pretrain epoch=1/1 batch=960/3000 step=960 repair=0.007547 localization=0.2749 type=1.715 minimal=0.02408 physics=0.09835 total=0.3479
[TRAIN train_climax_no_moisture_corruption_s44] [TRAIN] stage=pretrain epoch=1/1 batch=970/3000 step=970 repair=0.01072 localization=0.3234 type=1.356 minimal=0.02 physics=0.2258 total=0.3265
[TRAIN train_climax_no_moisture_corruption_s44] [TRAIN] stage=pretrain epoch=1/1 batch=980/3000 step=980 repair=0.004195 localization=0.2489 type=1.836 minimal=0.02284 physics=0.0938 total=0.3705
[TRAIN train_climax_no_moisture_corruption_s44] [TRAIN] stage=pretrain epoch=1/1 batch=990/3000 step=990 repair=0.004108 localization=0.29 type=1.737 minimal=0.02266 physics=0.1652 total=0.3527
[TRAIN train_climax_no_moisture_corruption_s44] [TRAIN] stage=pretrain epoch=1/1 batch=1000/3000 step=1000 repair=0.005072 localization=0.3334 type=1.481 minimal=0.01938 physics=0.09387 total=0.3086
[TRAIN train_climax_no_moisture_corruption_s44] [TRAIN] stage=pretrain epoch=1/1 batch=1010/3000 step=1010 repair=0.02454 localization=0.28 type=1.427 minimal=0.01987 physics=2.336 total=0.3122
[TRAIN train_climax_no_moisture_corruption_s44] [TRAIN] stage=pretrain epoch=1/1 batch=1020/3000 step=1020 repair=0.003427 localization=0.3006 type=1.233 minimal=0.02046 physics=0.0856 total=0.256
[TRAIN train_climax_no_moisture_corruption_s44] [TRAIN] stage=pretrain epoch=1/1 batch=1030/3000 step=1030 repair=0.00406 localization=0.1706 type=1.724 minimal=0.0226 physics=0.1242 total=0.3372
[TRAIN train_climax_no_moisture_corruption_s44] [TRAIN] stage=pretrain epoch=1/1 batch=1040/3000 step=1040 repair=0.006295 localization=0.1177 type=0.8333 minimal=0.03946 physics=0.7751 total=0.2035
[TRAIN train_climax_no_moisture_corruption_s44] [TRAIN] stage=pretrain epoch=1/1 batch=1050/3000 step=1050 repair=0.002818 localization=0.2687 type=1.529 minimal=0.02272 physics=0.171 total=0.3185
[TRAIN train_climax_no_moisture_corruption_s44] [TRAIN] stage=pretrain epoch=1/1 batch=1060/3000 step=1060 repair=0.009985 localization=0.3552 type=0.9846 minimal=0.02412 physics=1.745 total=0.2314
[TRAIN train_climax_no_moisture_corruption_s44] [TRAIN] stage=pretrain epoch=1/1 batch=1070/3000 step=1070 repair=0.003672 localization=0.3084 type=1.124 minimal=0.0202 physics=0.1349 total=0.2271
[TRAIN train_climax_no_moisture_corruption_s44] [TRAIN] stage=pretrain epoch=1/1 batch=1080/3000 step=1080 repair=0.005637 localization=0.3479 type=1.804 minimal=0.01819 physics=0.1137 total=0.376
[TRAIN train_climax_no_moisture_corruption_s44] [TRAIN] stage=pretrain epoch=1/1 batch=1090/3000 step=1090 repair=0.008205 localization=0.263 type=0.7942 minimal=0.01854 physics=1.63 total=0.1956
[TRAIN train_climax_no_moisture_corruption_s44] [TRAIN] stage=pretrain epoch=1/1 batch=1100/3000 step=1100 repair=0.004996 localization=0.3184 type=2.281 minimal=0.01698 physics=0.1426 total=0.393
[TRAIN train_climax_no_moisture_corruption_s44] [TRAIN] stage=pretrain epoch=1/1 batch=1110/3000 step=1110 repair=0.01204 localization=0.3346 type=1.85 minimal=0.02022 physics=0.2051 total=0.3232
[TRAIN train_climax_no_moisture_corruption_s44] [TRAIN] stage=pretrain epoch=1/1 batch=1120/3000 step=1120 repair=0.01833 localization=0.2376 type=1.329 minimal=0.01845 physics=1.948 total=0.2725
[TRAIN train_climax_no_moisture_corruption_s44] [TRAIN] stage=pretrain epoch=1/1 batch=1130/3000 step=1130 repair=0.009903 localization=0.2934 type=1.091 minimal=0.02034 physics=0.1384 total=0.2342
[TRAIN train_climax_no_moisture_corruption_s44] [TRAIN] stage=pretrain epoch=1/1 batch=1140/3000 step=1140 repair=0.02742 localization=0.3214 type=1.386 minimal=0.01802 physics=1.926 total=0.2947
[TRAIN train_climax_no_moisture_corruption_s44] [TRAIN] stage=pretrain epoch=1/1 batch=1150/3000 step=1150 repair=0.01342 localization=0.285 type=1.314 minimal=0.0204 physics=0.1345 total=0.2605
[TRAIN train_climax_no_moisture_corruption_s44] [TRAIN] stage=pretrain epoch=1/1 batch=1160/3000 step=1160 repair=0.003336 localization=0.1633 type=2.453 minimal=0.01967 physics=0.1918 total=0.47
[TRAIN train_climax_no_moisture_corruption_s44] [TRAIN] stage=pretrain epoch=1/1 batch=1170/3000 step=1170 repair=0.004924 localization=0.1304 type=0.7068 minimal=0.0249 physics=0.353 total=0.1448
[TRAIN train_climax_no_moisture_corruption_s44] [TRAIN] stage=pretrain epoch=1/1 batch=1180/3000 step=1180 repair=0.003463 localization=0.2487 type=0.06773 minimal=0.03128 physics=0.3955 total=0.06055
[TRAIN train_climax_no_moisture_corruption_s44] [TRAIN] stage=pretrain epoch=1/1 batch=1190/3000 step=1190 repair=0.01961 localization=0.498 type=1.602 minimal=0.0199 physics=0.181 total=0.3246
[TRAIN train_climax_no_moisture_corruption_s44] [TRAIN] stage=pretrain epoch=1/1 batch=1200/3000 step=1200 repair=0.01037 localization=0.293 type=0.8418 minimal=0.0219 physics=1.445 total=0.1963
[TRAIN train_climax_no_moisture_corruption_s44] [TRAIN] stage=pretrain epoch=1/1 batch=1210/3000 step=1210 repair=0.00968 localization=0.3962 type=1.667 minimal=0.02071 physics=0.1062 total=0.3139
[TRAIN train_climax_no_moisture_corruption_s44] [TRAIN] stage=pretrain epoch=1/1 batch=1220/3000 step=1220 repair=0.004562 localization=0.2451 type=1.823 minimal=0.01915 physics=0.1391 total=0.325
[TRAIN train_climax_no_moisture_corruption_s44] [TRAIN] stage=pretrain epoch=1/1 batch=1230/3000 step=1230 repair=0.005151 localization=0.3816 type=1.538 minimal=0.01764 physics=0.13 total=0.3071
[TRAIN train_climax_no_moisture_corruption_s44] [TRAIN] stage=pretrain epoch=1/1 batch=1240/3000 step=1240 repair=0.004915 localization=0.1972 type=0.9514 minimal=0.01807 physics=0.8234 total=0.1611
[TRAIN train_climax_no_moisture_corruption_s44] [TRAIN] stage=pretrain epoch=1/1 batch=1250/3000 step=1250 repair=0.007554 localization=0.3017 type=1.954 minimal=0.01817 physics=0.09848 total=0.2859
[TRAIN train_climax_no_moisture_corruption_s44] [TRAIN] stage=pretrain epoch=1/1 batch=1260/3000 step=1260 repair=0.003652 localization=0.2502 type=2.086 minimal=0.01956 physics=0.09242 total=0.353
[TRAIN train_climax_no_moisture_corruption_s44] [TRAIN] stage=pretrain epoch=1/1 batch=1270/3000 step=1270 repair=0.01838 localization=0.2517 type=0.8052 minimal=0.01848 physics=2.112 total=0.2299
[TRAIN train_climax_no_moisture_corruption_s44] [TRAIN] stage=pretrain epoch=1/1 batch=1280/3000 step=1280 repair=0.01111 localization=0.3625 type=0.6033 minimal=0.01787 physics=1.58 total=0.1869
[TRAIN train_climax_no_moisture_corruption_s44] [TRAIN] stage=pretrain epoch=1/1 batch=1290/3000 step=1290 repair=0.002357 localization=0.2994 type=1.893 minimal=0.0156 physics=0.1178 total=0.3073
[TRAIN train_climax_no_moisture_corruption_s44] [TRAIN] stage=pretrain epoch=1/1 batch=1300/3000 step=1300 repair=0.00266 localization=0.2159 type=1.826 minimal=0.01651 physics=0.0713 total=0.3059
[TRAIN train_climax_no_moisture_corruption_s44] [TRAIN] stage=pretrain epoch=1/1 batch=1310/3000 step=1310 repair=0.01091 localization=0.3198 type=1.001 minimal=0.01903 physics=0.1452 total=0.2108
[TRAIN train_climax_no_moisture_corruption_s44] [TRAIN] stage=pretrain epoch=1/1 batch=1320/3000 step=1320 repair=0.005966 localization=0.2465 type=0.8679 minimal=0.01834 physics=0.1218 total=0.178
[TRAIN train_climax_no_moisture_corruption_s44] [TRAIN] stage=pretrain epoch=1/1 batch=1330/3000 step=1330 repair=0.005472 localization=0.2881 type=1.871 minimal=0.02214 physics=0.1401 total=0.3964
[TRAIN train_climax_no_moisture_corruption_s44] [TRAIN] stage=pretrain epoch=1/1 batch=1340/3000 step=1340 repair=0.004117 localization=0.1812 type=1.708 minimal=0.01826 physics=0.1416 total=0.352
[TRAIN train_climax_no_moisture_corruption_s44] [TRAIN] stage=pretrain epoch=1/1 batch=1350/3000 step=1350 repair=0.005351 localization=0.2918 type=0.8586 minimal=0.02101 physics=0.5692 total=0.1491
[TRAIN train_climax_no_moisture_corruption_s44] [TRAIN] stage=pretrain epoch=1/1 batch=1360/3000 step=1360 repair=0.005303 localization=0.2094 type=1.234 minimal=0.02094 physics=0.09555 total=0.2226
[TRAIN train_climax_no_moisture_corruption_s44] [TRAIN] stage=pretrain epoch=1/1 batch=1370/3000 step=1370 repair=0.003323 localization=0.1615 type=1.811 minimal=0.02309 physics=0.3371 total=0.3336
[TRAIN train_climax_no_moisture_corruption_s44] [TRAIN] stage=pretrain epoch=1/1 batch=1380/3000 step=1380 repair=0.03092 localization=0.3369 type=0.6616 minimal=0.02231 physics=2.368 total=0.2494
[TRAIN train_climax_no_moisture_corruption_s44] [TRAIN] stage=pretrain epoch=1/1 batch=1390/3000 step=1390 repair=0.003329 localization=0.3097 type=1.14 minimal=0.02069 physics=0.2015 total=0.2167
[TRAIN train_climax_no_moisture_corruption_s44] [TRAIN] stage=pretrain epoch=1/1 batch=1400/3000 step=1400 repair=0.003997 localization=0.1138 type=1.029 minimal=0.0204 physics=0.2857 total=0.2145
[TRAIN train_climax_no_moisture_corruption_s44] [TRAIN] stage=pretrain epoch=1/1 batch=1410/3000 step=1410 repair=0.002937 localization=0.1486 type=0.49 minimal=0.02089 physics=0.3938 total=0.1316
[TRAIN train_climax_no_moisture_corruption_s44] [TRAIN] stage=pretrain epoch=1/1 batch=1420/3000 step=1420 repair=0.003917 localization=0.3492 type=1.469 minimal=0.01542 physics=0.7314 total=0.2225
[TRAIN train_climax_no_moisture_corruption_s44] [TRAIN] stage=pretrain epoch=1/1 batch=1430/3000 step=1430 repair=0.01036 localization=0.07403 type=0.01795 minimal=0.02829 physics=0.7128 total=0.05747
[TRAIN train_climax_no_moisture_corruption_s44] [TRAIN] stage=pretrain epoch=1/1 batch=1440/3000 step=1440 repair=0.01783 localization=0.2242 type=0.7192 minimal=0.02159 physics=1.215 total=0.1731
[TRAIN train_climax_no_moisture_corruption_s44] [TRAIN] stage=pretrain epoch=1/1 batch=1450/3000 step=1450 repair=0.004666 localization=0.2582 type=2.021 minimal=0.02396 physics=0.1675 total=0.3244
[TRAIN train_climax_no_moisture_corruption_s44] [TRAIN] stage=pretrain epoch=1/1 batch=1460/3000 step=1460 repair=0.004776 localization=0.2313 type=0.6821 minimal=0.021 physics=0.6997 total=0.1313
[TRAIN train_climax_no_moisture_corruption_s44] [TRAIN] stage=pretrain epoch=1/1 batch=1470/3000 step=1470 repair=0.005163 localization=0.4118 type=1.394 minimal=0.02333 physics=0.1062 total=0.2386
[TRAIN train_climax_no_moisture_corruption_s44] [TRAIN] stage=pretrain epoch=1/1 batch=1480/3000 step=1480 repair=0.01528 localization=0.3841 type=1.78 minimal=0.01968 physics=0.1551 total=0.342
[TRAIN train_climax_no_moisture_corruption_s44] [TRAIN] stage=pretrain epoch=1/1 batch=1490/3000 step=1490 repair=0.002947 localization=0.3065 type=1.98 minimal=0.01889 physics=0.07302 total=0.3112
[TRAIN train_climax_no_moisture_corruption_s44] [TRAIN] stage=pretrain epoch=1/1 batch=1500/3000 step=1500 repair=0.03295 localization=0.3332 type=0.6101 minimal=0.01685 physics=1.714 total=0.2132
[TRAIN train_climax_no_moisture_corruption_s44] [TRAIN] stage=pretrain epoch=1/1 batch=1510/3000 step=1510 repair=0.01585 localization=0.3181 type=1.592 minimal=0.02484 physics=0.1162 total=0.2605
[TRAIN train_climax_no_moisture_corruption_s44] [TRAIN] stage=pretrain epoch=1/1 batch=1520/3000 step=1520 repair=0.003905 localization=0.2837 type=1.674 minimal=0.02138 physics=0.08356 total=0.2849
[TRAIN train_climax_no_moisture_corruption_s44] [TRAIN] stage=pretrain epoch=1/1 batch=1530/3000 step=1530 repair=0.002893 localization=0.2417 type=1.476 minimal=0.0188 physics=0.1716 total=0.2908
[TRAIN train_climax_no_moisture_corruption_s44] [TRAIN] stage=pretrain epoch=1/1 batch=1540/3000 step=1540 repair=0.002844 localization=0.302 type=1.156 minimal=0.01918 physics=0.453 total=0.1715
[TRAIN train_climax_no_moisture_corruption_s44] [TRAIN] stage=pretrain epoch=1/1 batch=1550/3000 step=1550 repair=0.01035 localization=0.2756 type=1.547 minimal=0.02336 physics=0.1219 total=0.2673
[TRAIN train_climax_no_moisture_corruption_s44] [TRAIN] stage=pretrain epoch=1/1 batch=1560/3000 step=1560 repair=0.006797 localization=0.3073 type=1.387 minimal=0.02043 physics=0.1501 total=0.2591
[TRAIN train_climax_no_moisture_corruption_s44] [TRAIN] stage=pretrain epoch=1/1 batch=1570/3000 step=1570 repair=0.007231 localization=0.2395 type=1.059 minimal=0.02187 physics=0.06738 total=0.2141
[TRAIN train_climax_no_moisture_corruption_s44] [TRAIN] stage=pretrain epoch=1/1 batch=1580/3000 step=1580 repair=0.01045 localization=0.3277 type=1.025 minimal=0.0188 physics=0.08665 total=0.2034
[TRAIN train_climax_no_moisture_corruption_s44] [TRAIN] stage=pretrain epoch=1/1 batch=1590/3000 step=1590 repair=0.004989 localization=0.2359 type=0.9324 minimal=0.01866 physics=0.09884 total=0.1643
[TRAIN train_climax_no_moisture_corruption_s44] [TRAIN] stage=pretrain epoch=1/1 batch=1600/3000 step=1600 repair=0.004091 localization=0.3487 type=0.7542 minimal=0.01917 physics=0.2927 total=0.1292
[TRAIN train_climax_no_moisture_corruption_s44] [TRAIN] stage=pretrain epoch=1/1 batch=1610/3000 step=1610 repair=0.002582 localization=0.04246 type=0.02522 minimal=0.02213 physics=0.424 total=0.03357
[TRAIN train_climax_no_moisture_corruption_s44] [TRAIN] stage=pretrain epoch=1/1 batch=1620/3000 step=1620 repair=0.02353 localization=0.2722 type=0.6721 minimal=0.02112 physics=1.68 total=0.2022
[TRAIN train_climax_no_moisture_corruption_s44] [TRAIN] stage=pretrain epoch=1/1 batch=1630/3000 step=1630 repair=0.004171 localization=0.3343 type=1.488 minimal=0.01813 physics=0.09368 total=0.2778
[TRAIN train_climax_no_moisture_corruption_s44] [TRAIN] stage=pretrain epoch=1/1 batch=1640/3000 step=1640 repair=0.003758 localization=0.3244 type=0.4292 minimal=0.01808 physics=0.3744 total=0.09802
[TRAIN train_climax_no_moisture_corruption_s44] [TRAIN] stage=pretrain epoch=1/1 batch=1650/3000 step=1650 repair=0.001234 localization=0.4303 type=6.518 minimal=0.01567 physics=0.2184 total=1.377
[TRAIN train_climax_no_moisture_corruption_s44] [TRAIN] stage=pretrain epoch=1/1 batch=1660/3000 step=1660 repair=0.004031 localization=0.3323 type=2.329 minimal=0.01863 physics=0.1482 total=0.3964
[TRAIN train_climax_no_moisture_corruption_s44] [TRAIN] stage=pretrain epoch=1/1 batch=1670/3000 step=1670 repair=0.004158 localization=0.2169 type=1.777 minimal=0.0188 physics=0.07366 total=0.2911
[TRAIN train_climax_no_moisture_corruption_s44] [TRAIN] stage=pretrain epoch=1/1 batch=1680/3000 step=1680 repair=0.002278 localization=0.1245 type=0.03307 minimal=0.0161 physics=0.2691 total=0.03327
[TRAIN train_climax_no_moisture_corruption_s44] [TRAIN] stage=pretrain epoch=1/1 batch=1690/3000 step=1690 repair=0.01813 localization=0.2119 type=0.9763 minimal=0.02127 physics=1.322 total=0.2033
[TRAIN train_climax_no_moisture_corruption_s44] [TRAIN] stage=pretrain epoch=1/1 batch=1700/3000 step=1700 repair=0.01372 localization=0.3136 type=1.257 minimal=0.01862 physics=0.08172 total=0.2439
[TRAIN train_climax_no_moisture_corruption_s44] [TRAIN] stage=pretrain epoch=1/1 batch=1710/3000 step=1710 repair=0.01071 localization=0.305 type=1.129 minimal=0.01845 physics=0.1514 total=0.2198
[TRAIN train_climax_no_moisture_corruption_s44] [TRAIN] stage=pretrain epoch=1/1 batch=1720/3000 step=1720 repair=0.003761 localization=0.4232 type=1.916 minimal=0.01791 physics=0.1326 total=0.3745
[TRAIN train_climax_no_moisture_corruption_s44] [TRAIN] stage=pretrain epoch=1/1 batch=1730/3000 step=1730 repair=0.005203 localization=0.2981 type=0.6899 minimal=0.0179 physics=0.4425 total=0.1263
[TRAIN train_climax_no_moisture_corruption_s44] [TRAIN] stage=pretrain epoch=1/1 batch=1740/3000 step=1740 repair=0.00588 localization=0.3228 type=1.078 minimal=0.01446 physics=0.07452 total=0.2113
[TRAIN train_climax_no_moisture_corruption_s44] [TRAIN] stage=pretrain epoch=1/1 batch=1750/3000 step=1750 repair=0.02381 localization=0.2499 type=1.083 minimal=0.01741 physics=1.538 total=0.2342
[TRAIN train_climax_no_moisture_corruption_s44] [TRAIN] stage=pretrain epoch=1/1 batch=1760/3000 step=1760 repair=0.006953 localization=0.1722 type=0.8374 minimal=0.01677 physics=0.08098 total=0.1478
[TRAIN train_climax_no_moisture_corruption_s44] [TRAIN] stage=pretrain epoch=1/1 batch=1770/3000 step=1770 repair=0.004865 localization=0.3484 type=1.148 minimal=0.01553 physics=0.6424 total=0.1868
[TRAIN train_climax_no_moisture_corruption_s44] [TRAIN] stage=pretrain epoch=1/1 batch=1780/3000 step=1780 repair=0.01011 localization=0.3653 type=1.116 minimal=0.01949 physics=0.1088 total=0.2449
[TRAIN train_climax_no_moisture_corruption_s44] [TRAIN] stage=pretrain epoch=1/1 batch=1790/3000 step=1790 repair=0.003584 localization=0.3619 type=1.695 minimal=0.01711 physics=0.4585 total=0.2324
[TRAIN train_climax_no_moisture_corruption_s44] [TRAIN] stage=pretrain epoch=1/1 batch=1800/3000 step=1800 repair=0.001871 localization=0.01723 type=0.00114 minimal=0.0206 physics=0.1509 total=0.01157
[TRAIN train_climax_no_moisture_corruption_s44] [TRAIN] stage=pretrain epoch=1/1 batch=1810/3000 step=1810 repair=0.005711 localization=0.2945 type=0.9387 minimal=0.0172 physics=0.08395 total=0.1922
[TRAIN train_climax_no_moisture_corruption_s44] [TRAIN] stage=pretrain epoch=1/1 batch=1820/3000 step=1820 repair=0.01467 localization=0.3862 type=1.026 minimal=0.01566 physics=0.1492 total=0.2
[TRAIN train_climax_no_moisture_corruption_s44] [TRAIN] stage=pretrain epoch=1/1 batch=1830/3000 step=1830 repair=0.00831 localization=0.2314 type=1.132 minimal=0.01941 physics=1.001 total=0.1949
[TRAIN train_climax_no_moisture_corruption_s44] [TRAIN] stage=pretrain epoch=1/1 batch=1840/3000 step=1840 repair=0.003979 localization=0.354 type=1.32 minimal=0.01996 physics=0.1032 total=0.2486
[TRAIN train_climax_no_moisture_corruption_s44] [TRAIN] stage=pretrain epoch=1/1 batch=1850/3000 step=1850 repair=0.001798 localization=0.3152 type=2.112 minimal=0.01497 physics=0.1778 total=0.4663
[TRAIN train_climax_no_moisture_corruption_s44] [TRAIN] stage=pretrain epoch=1/1 batch=1860/3000 step=1860 repair=0.00194 localization=0.2428 type=1.127 minimal=0.01604 physics=0.07653 total=0.2198
[TRAIN train_climax_no_moisture_corruption_s44] [TRAIN] stage=pretrain epoch=1/1 batch=1870/3000 step=1870 repair=0.005509 localization=0.2964 type=1.16 minimal=0.01625 physics=0.1121 total=0.2224
[TRAIN train_climax_no_moisture_corruption_s44] [TRAIN] stage=pretrain epoch=1/1 batch=1880/3000 step=1880 repair=0.001319 localization=0.04568 type=0.007243 minimal=0.01462 physics=0.1562 total=0.01519
[TRAIN train_climax_no_moisture_corruption_s44] [TRAIN] stage=pretrain epoch=1/1 batch=1890/3000 step=1890 repair=0.00138 localization=0.05284 type=0.001294 minimal=0.01556 physics=0.1232 total=0.0132
[TRAIN train_climax_no_moisture_corruption_s44] [TRAIN] stage=pretrain epoch=1/1 batch=1900/3000 step=1900 repair=0.001568 localization=0.4078 type=3.395 minimal=0.01347 physics=0.4265 total=0.7589
[TRAIN train_climax_no_moisture_corruption_s44] [TRAIN] stage=pretrain epoch=1/1 batch=1910/3000 step=1910 repair=0.002506 localization=0.2164 type=1.347 minimal=0.01674 physics=0.318 total=0.1749
[TRAIN train_climax_no_moisture_corruption_s44] [TRAIN] stage=pretrain epoch=1/1 batch=1920/3000 step=1920 repair=0.001236 localization=0.01612 type=0.002337 minimal=0.0131 physics=0.2178 total=0.01433
[TRAIN train_climax_no_moisture_corruption_s44] [TRAIN] stage=pretrain epoch=1/1 batch=1930/3000 step=1930 repair=0.003309 localization=0.2701 type=1.623 minimal=0.01662 physics=0.08353 total=0.3217
[TRAIN train_climax_no_moisture_corruption_s44] [TRAIN] stage=pretrain epoch=1/1 batch=1940/3000 step=1940 repair=0.001621 localization=0.01573 type=0.0001361 minimal=0.02733 physics=0.2822 total=0.0176
[TRAIN train_climax_no_moisture_corruption_s44] [TRAIN] stage=pretrain epoch=1/1 batch=1950/3000 step=1950 repair=0.009329 localization=0.2831 type=1.006 minimal=0.01843 physics=0.8303 total=0.1799
[TRAIN train_climax_no_moisture_corruption_s44] [TRAIN] stage=pretrain epoch=1/1 batch=1960/3000 step=1960 repair=0.004793 localization=0.3101 type=0.9087 minimal=0.01872 physics=0.3483 total=0.1443
[TRAIN train_climax_no_moisture_corruption_s44] [TRAIN] stage=pretrain epoch=1/1 batch=1970/3000 step=1970 repair=0.002359 localization=0.2449 type=1.449 minimal=0.01738 physics=0.08161 total=0.2614
[TRAIN train_climax_no_moisture_corruption_s44] [TRAIN] stage=pretrain epoch=1/1 batch=1980/3000 step=1980 repair=0.01761 localization=0.3235 type=1.252 minimal=0.01924 physics=0.07379 total=0.2677
[TRAIN train_climax_no_moisture_corruption_s44] [TRAIN] stage=pretrain epoch=1/1 batch=1990/3000 step=1990 repair=0.002036 localization=0.01588 type=0.0002921 minimal=0.02399 physics=0.1899 total=0.01341
[TRAIN train_climax_no_moisture_corruption_s44] [TRAIN] stage=pretrain epoch=1/1 batch=2000/3000 step=2000 repair=0.003129 localization=0.02139 type=0.000809 minimal=0.01988 physics=0.2394 total=0.0176
[TRAIN train_climax_no_moisture_corruption_s44] [TRAIN] stage=pretrain epoch=1/1 batch=2010/3000 step=2010 repair=0.002191 localization=0.3523 type=1.266 minimal=0.01639 physics=0.07361 total=0.2375
[TRAIN train_climax_no_moisture_corruption_s44] [TRAIN] stage=pretrain epoch=1/1 batch=2020/3000 step=2020 repair=0.005598 localization=0.2258 type=1.262 minimal=0.01711 physics=0.09165 total=0.2523
[TRAIN train_climax_no_moisture_corruption_s44] [TRAIN] stage=pretrain epoch=1/1 batch=2030/3000 step=2030 repair=0.002409 localization=0.2148 type=1.079 minimal=0.01455 physics=0.5765 total=0.1608
[TRAIN train_climax_no_moisture_corruption_s44] [TRAIN] stage=pretrain epoch=1/1 batch=2040/3000 step=2040 repair=0.003389 localization=0.2315 type=1.262 minimal=0.01675 physics=0.1116 total=0.2234
[TRAIN train_climax_no_moisture_corruption_s44] [TRAIN] stage=pretrain epoch=1/1 batch=2050/3000 step=2050 repair=0.003316 localization=0.3104 type=0.7197 minimal=0.01419 physics=0.815 total=0.1472
[TRAIN train_climax_no_moisture_corruption_s44] [TRAIN] stage=pretrain epoch=1/1 batch=2060/3000 step=2060 repair=0.002479 localization=0.3237 type=0.7517 minimal=0.01602 physics=0.5951 total=0.1399
[TRAIN train_climax_no_moisture_corruption_s44] [TRAIN] stage=pretrain epoch=1/1 batch=2070/3000 step=2070 repair=0.00353 localization=0.3069 type=0.8303 minimal=0.01567 physics=0.5485 total=0.1448
[TRAIN train_climax_no_moisture_corruption_s44] [TRAIN] stage=pretrain epoch=1/1 batch=2080/3000 step=2080 repair=0.003008 localization=0.01451 type=0.0006003 minimal=0.0193 physics=0.2022 total=0.01488
[TRAIN train_climax_no_moisture_corruption_s44] [TRAIN] stage=pretrain epoch=1/1 batch=2090/3000 step=2090 repair=0.002034 localization=0.01222 type=3.272e-05 minimal=0.03275 physics=0.2985 total=0.01852
[TRAIN train_climax_no_moisture_corruption_s44] [TRAIN] stage=pretrain epoch=1/1 batch=2100/3000 step=2100 repair=0.002519 localization=0.419 type=1.415 minimal=0.0175 physics=0.08773 total=0.2359
[TRAIN train_climax_no_moisture_corruption_s44] [TRAIN] stage=pretrain epoch=1/1 batch=2110/3000 step=2110 repair=0.001005 localization=0.2754 type=0.01171 minimal=0.01137 physics=0.1161 total=0.03654
[TRAIN train_climax_no_moisture_corruption_s44] [TRAIN] stage=pretrain epoch=1/1 batch=2120/3000 step=2120 repair=0.002475 localization=0.3595 type=1.173 minimal=0.01588 physics=0.1227 total=0.2399
[TRAIN train_climax_no_moisture_corruption_s44] [TRAIN] stage=pretrain epoch=1/1 batch=2130/3000 step=2130 repair=0.005196 localization=0.3466 type=1.275 minimal=0.01559 physics=0.1052 total=0.2743
[TRAIN train_climax_no_moisture_corruption_s44] [TRAIN] stage=pretrain epoch=1/1 batch=2140/3000 step=2140 repair=0.009482 localization=0.3666 type=1.205 minimal=0.0147 physics=1.319 total=0.2327
[TRAIN train_climax_no_moisture_corruption_s44] [TRAIN] stage=pretrain epoch=1/1 batch=2150/3000 step=2150 repair=0.006995 localization=0.2769 type=1.257 minimal=0.01566 physics=0.0576 total=0.2469
[TRAIN train_climax_no_moisture_corruption_s44] [TRAIN] stage=pretrain epoch=1/1 batch=2160/3000 step=2160 repair=0.004835 localization=0.2328 type=0.8298 minimal=0.01342 physics=0.08001 total=0.1552
[TRAIN train_climax_no_moisture_corruption_s44] [TRAIN] stage=pretrain epoch=1/1 batch=2170/3000 step=2170 repair=0.004698 localization=0.2709 type=0.6301 minimal=0.01493 physics=0.1262 total=0.1255
[TRAIN train_climax_no_moisture_corruption_s44] [TRAIN] stage=pretrain epoch=1/1 batch=2180/3000 step=2180 repair=0.00149 localization=0.09053 type=0.007883 minimal=0.01298 physics=0.1414 total=0.01923
[TRAIN train_climax_no_moisture_corruption_s44] [TRAIN] stage=pretrain epoch=1/1 batch=2190/3000 step=2190 repair=0.008073 localization=0.4355 type=0.1326 minimal=0.01859 physics=0.1674 total=0.08243
[TRAIN train_climax_no_moisture_corruption_s44] [TRAIN] stage=pretrain epoch=1/1 batch=2200/3000 step=2200 repair=0.005896 localization=0.2851 type=0.4282 minimal=0.01791 physics=0.2114 total=0.09006
[TRAIN train_climax_no_moisture_corruption_s44] [TRAIN] stage=pretrain epoch=1/1 batch=2210/3000 step=2210 repair=0.003556 localization=0.2443 type=2.055 minimal=0.02005 physics=0.1024 total=0.6672
[TRAIN train_climax_no_moisture_corruption_s44] [TRAIN] stage=pretrain epoch=1/1 batch=2220/3000 step=2220 repair=0.00334 localization=0.2403 type=0.6777 minimal=0.01495 physics=0.3008 total=0.1103
[TRAIN train_climax_no_moisture_corruption_s44] [TRAIN] stage=pretrain epoch=1/1 batch=2230/3000 step=2230 repair=0.002354 localization=0.3158 type=2.312 minimal=0.01502 physics=0.08905 total=0.4452
[TRAIN train_climax_no_moisture_corruption_s44] [TRAIN] stage=pretrain epoch=1/1 batch=2240/3000 step=2240 repair=0.002928 localization=0.3014 type=1.888 minimal=0.01901 physics=0.079 total=0.3112
[TRAIN train_climax_no_moisture_corruption_s44] [TRAIN] stage=pretrain epoch=1/1 batch=2250/3000 step=2250 repair=0.001957 localization=0.2848 type=1.488 minimal=0.01631 physics=0.05623 total=0.2398
[TRAIN train_climax_no_moisture_corruption_s44] [TRAIN] stage=pretrain epoch=1/1 batch=2260/3000 step=2260 repair=0.007111 localization=0.2617 type=0.7712 minimal=0.01633 physics=1.138 total=0.1674
[TRAIN train_climax_no_moisture_corruption_s44] [TRAIN] stage=pretrain epoch=1/1 batch=2270/3000 step=2270 repair=0.001209 localization=0.00958 type=0.000791 minimal=0.01732 physics=0.123 total=0.008613
[TRAIN train_climax_no_moisture_corruption_s44] [TRAIN] stage=pretrain epoch=1/1 batch=2280/3000 step=2280 repair=0.003196 localization=0.3653 type=1.652 minimal=0.01511 physics=0.1817 total=0.3143
[TRAIN train_climax_no_moisture_corruption_s44] [TRAIN] stage=pretrain epoch=1/1 batch=2290/3000 step=2290 repair=0.002334 localization=0.01268 type=0.0001949 minimal=0.02171 physics=0.2405 total=0.01588
[TRAIN train_climax_no_moisture_corruption_s44] [TRAIN] stage=pretrain epoch=1/1 batch=2300/3000 step=2300 repair=0.0008105 localization=0.0118 type=0.0007523 minimal=0.0147 physics=0.243 total=0.01442
[TRAIN train_climax_no_moisture_corruption_s44] [TRAIN] stage=pretrain epoch=1/1 batch=2310/3000 step=2310 repair=0.002273 localization=0.3011 type=1.131 minimal=0.01587 physics=0.06352 total=0.2247
[TRAIN train_climax_no_moisture_corruption_s44] [TRAIN] stage=pretrain epoch=1/1 batch=2320/3000 step=2320 repair=0.005898 localization=0.2473 type=1.322 minimal=0.0144 physics=0.06805 total=0.2372
[TRAIN train_climax_no_moisture_corruption_s44] [TRAIN] stage=pretrain epoch=1/1 batch=2330/3000 step=2330 repair=0.001488 localization=0.09556 type=0.05531 minimal=0.01318 physics=0.158 total=0.03012
[TRAIN train_climax_no_moisture_corruption_s44] [TRAIN] stage=pretrain epoch=1/1 batch=2340/3000 step=2340 repair=0.008932 localization=0.291 type=1.896 minimal=0.02078 physics=0.09391 total=0.2505
[TRAIN train_climax_no_moisture_corruption_s44] [TRAIN] stage=pretrain epoch=1/1 batch=2350/3000 step=2350 repair=0.007321 localization=0.2899 type=2.424 minimal=0.02121 physics=0.1014 total=0.4295
[TRAIN train_climax_no_moisture_corruption_s44] [TRAIN] stage=pretrain epoch=1/1 batch=2360/3000 step=2360 repair=0.004514 localization=0.2495 type=1.386 minimal=0.02017 physics=0.08536 total=0.2211
[TRAIN train_climax_no_moisture_corruption_s44] [TRAIN] stage=pretrain epoch=1/1 batch=2370/3000 step=2370 repair=0.004092 localization=0.3043 type=0.8037 minimal=0.01669 physics=0.5499 total=0.1426
[TRAIN train_climax_no_moisture_corruption_s44] [TRAIN] stage=pretrain epoch=1/1 batch=2380/3000 step=2380 repair=0.002625 localization=0.1743 type=1.864 minimal=0.01582 physics=0.1439 total=0.3214
[TRAIN train_climax_no_moisture_corruption_s44] [TRAIN] stage=pretrain epoch=1/1 batch=2390/3000 step=2390 repair=0.002412 localization=0.3082 type=1.488 minimal=0.01475 physics=0.3847 total=0.3178
[TRAIN train_climax_no_moisture_corruption_s44] [TRAIN] stage=pretrain epoch=1/1 batch=2400/3000 step=2400 repair=0.002874 localization=0.3546 type=1.812 minimal=0.01776 physics=0.1406 total=0.3373
[TRAIN train_climax_no_moisture_corruption_s44] [TRAIN] stage=pretrain epoch=1/1 batch=2410/3000 step=2410 repair=0.01746 localization=0.3186 type=1.006 minimal=0.01906 physics=0.07417 total=0.2157
[TRAIN train_climax_no_moisture_corruption_s44] [TRAIN] stage=pretrain epoch=1/1 batch=2420/3000 step=2420 repair=0.00185 localization=0.01157 type=0.001068 minimal=0.02245 physics=0.2393 total=0.0154
[TRAIN train_climax_no_moisture_corruption_s44] [TRAIN] stage=pretrain epoch=1/1 batch=2430/3000 step=2430 repair=0.002754 localization=0.2667 type=0.8645 minimal=0.01651 physics=0.09805 total=0.18
[TRAIN train_climax_no_moisture_corruption_s44] [TRAIN] stage=pretrain epoch=1/1 batch=2440/3000 step=2440 repair=0.02822 localization=0.3366 type=1.092 minimal=0.01724 physics=2.05 total=0.2737
[TRAIN train_climax_no_moisture_corruption_s44] [TRAIN] stage=pretrain epoch=1/1 batch=2450/3000 step=2450 repair=0.002673 localization=0.01031 type=7.921e-05 minimal=0.02512 physics=0.2145 total=0.0147
[TRAIN train_climax_no_moisture_corruption_s44] [TRAIN] stage=pretrain epoch=1/1 batch=2460/3000 step=2460 repair=0.001381 localization=0.139 type=0.6394 minimal=0.01096 physics=0.2028 total=0.1399
[TRAIN train_climax_no_moisture_corruption_s44] [TRAIN] stage=pretrain epoch=1/1 batch=2470/3000 step=2470 repair=0.008368 localization=0.2388 type=0.8882 minimal=0.01736 physics=1.246 total=0.1835
[TRAIN train_climax_no_moisture_corruption_s44] [TRAIN] stage=pretrain epoch=1/1 batch=2480/3000 step=2480 repair=0.003187 localization=0.2366 type=1.459 minimal=0.01651 physics=0.07404 total=0.2206
[TRAIN train_climax_no_moisture_corruption_s44] [TRAIN] stage=pretrain epoch=1/1 batch=2490/3000 step=2490 repair=0.01076 localization=0.433 type=0.1749 minimal=0.01414 physics=1.4 total=0.1417
[TRAIN train_climax_no_moisture_corruption_s44] [TRAIN] stage=pretrain epoch=1/1 batch=2500/3000 step=2500 repair=0.003497 localization=0.3241 type=2.553 minimal=0.01452 physics=0.05497 total=0.393
[TRAIN train_climax_no_moisture_corruption_s44] [TRAIN] stage=pretrain epoch=1/1 batch=2510/3000 step=2510 repair=0.002171 localization=0.3268 type=1.676 minimal=0.01439 physics=0.05523 total=0.2623
[TRAIN train_climax_no_moisture_corruption_s44] [TRAIN] stage=pretrain epoch=1/1 batch=2520/3000 step=2520 repair=0.002946 localization=0.2799 type=0.6838 minimal=0.01452 physics=0.5862 total=0.1288
[TRAIN train_climax_no_moisture_corruption_s44] [TRAIN] stage=pretrain epoch=1/1 batch=2530/3000 step=2530 repair=0.006096 localization=0.2532 type=0.9102 minimal=0.01457 physics=0.662 total=0.1557
[TRAIN train_climax_no_moisture_corruption_s44] [TRAIN] stage=pretrain epoch=1/1 batch=2540/3000 step=2540 repair=0.001706 localization=0.2009 type=1.777 minimal=0.01271 physics=0.4841 total=0.3766
[TRAIN train_climax_no_moisture_corruption_s44] [TRAIN] stage=pretrain epoch=1/1 batch=2550/3000 step=2550 repair=0.002733 localization=0.1192 type=5.174 minimal=0.01653 physics=0.2333 total=1.014
[TRAIN train_climax_no_moisture_corruption_s44] [TRAIN] stage=pretrain epoch=1/1 batch=2560/3000 step=2560 repair=0.00352 localization=0.01538 type=8.619e-05 minimal=0.02702 physics=0.3906 total=0.02487
[TRAIN train_climax_no_moisture_corruption_s44] [TRAIN] stage=pretrain epoch=1/1 batch=2570/3000 step=2570 repair=0.002308 localization=0.3799 type=2.148 minimal=0.01459 physics=0.153 total=0.4934
[TRAIN train_climax_no_moisture_corruption_s44] [TRAIN] stage=pretrain epoch=1/1 batch=2580/3000 step=2580 repair=0.002238 localization=0.4519 type=2.003 minimal=0.01468 physics=0.1908 total=0.4871
[TRAIN train_climax_no_moisture_corruption_s44] [TRAIN] stage=pretrain epoch=1/1 batch=2590/3000 step=2590 repair=0.001778 localization=0.08759 type=0.005386 minimal=0.01313 physics=0.1696 total=0.02009
[TRAIN train_climax_no_moisture_corruption_s44] [TRAIN] stage=pretrain epoch=1/1 batch=2600/3000 step=2600 repair=0.002254 localization=0.3494 type=2.745 minimal=0.01381 physics=0.2695 total=0.5543
[TRAIN train_climax_no_moisture_corruption_s44] [TRAIN] stage=pretrain epoch=1/1 batch=2610/3000 step=2610 repair=0.02473 localization=0.254 type=1.018 minimal=0.01935 physics=0.9597 total=0.2001
[TRAIN train_climax_no_moisture_corruption_s44] [TRAIN] stage=pretrain epoch=1/1 batch=2620/3000 step=2620 repair=0.00487 localization=0.533 type=3.256 minimal=0.012 physics=0.2034 total=0.6319
[TRAIN train_climax_no_moisture_corruption_s44] [TRAIN] stage=pretrain epoch=1/1 batch=2630/3000 step=2630 repair=0.006982 localization=0.2403 type=1.177 minimal=0.01854 physics=0.08074 total=0.1934
[TRAIN train_climax_no_moisture_corruption_s44] [TRAIN] stage=pretrain epoch=1/1 batch=2640/3000 step=2640 repair=0.004304 localization=0.2671 type=0.5933 minimal=0.01971 physics=0.1073 total=0.1492
[TRAIN train_climax_no_moisture_corruption_s44] [TRAIN] stage=pretrain epoch=1/1 batch=2650/3000 step=2650 repair=0.00285 localization=0.2824 type=1.272 minimal=0.01636 physics=0.3052 total=0.1737
[TRAIN train_climax_no_moisture_corruption_s44] [TRAIN] stage=pretrain epoch=1/1 batch=2660/3000 step=2660 repair=0.002457 localization=0.02052 type=0.0006599 minimal=0.01749 physics=0.2206 total=0.01581
[TRAIN train_climax_no_moisture_corruption_s44] [TRAIN] stage=pretrain epoch=1/1 batch=2670/3000 step=2670 repair=0.002572 localization=0.3332 type=0.6411 minimal=0.01826 physics=0.06651 total=0.1446
[TRAIN train_climax_no_moisture_corruption_s44] [TRAIN] stage=pretrain epoch=1/1 batch=2680/3000 step=2680 repair=0.001057 localization=0.01136 type=2.342e-05 minimal=0.02608 physics=0.1521 total=0.01006
[TRAIN train_climax_no_moisture_corruption_s44] [TRAIN] stage=pretrain epoch=1/1 batch=2690/3000 step=2690 repair=0.01148 localization=0.396 type=1.33 minimal=0.01576 physics=1.868 total=0.2777
[TRAIN train_climax_no_moisture_corruption_s44] [TRAIN] stage=pretrain epoch=1/1 batch=2700/3000 step=2700 repair=0.002508 localization=0.2518 type=1.175 minimal=0.01446 physics=0.07732 total=0.1917
[TRAIN train_climax_no_moisture_corruption_s44] [TRAIN] stage=pretrain epoch=1/1 batch=2710/3000 step=2710 repair=0.001102 localization=0.3471 type=0.9683 minimal=0.01348 physics=0.08092 total=0.1913
[TRAIN train_climax_no_moisture_corruption_s44] [TRAIN] stage=pretrain epoch=1/1 batch=2720/3000 step=2720 repair=0.000885 localization=0.5123 type=2.527 minimal=0.01081 physics=0.3132 total=0.5765
[TRAIN train_climax_no_moisture_corruption_s44] [TRAIN] stage=pretrain epoch=1/1 batch=2730/3000 step=2730 repair=0.005472 localization=0.3078 type=1.188 minimal=0.01891 physics=0.1069 total=0.229
[TRAIN train_climax_no_moisture_corruption_s44] [TRAIN] stage=pretrain epoch=1/1 batch=2740/3000 step=2740 repair=0.002497 localization=0.01565 type=0.002858 minimal=0.01491 physics=0.1723 total=0.01318
[TRAIN train_climax_no_moisture_corruption_s44] [TRAIN] stage=pretrain epoch=1/1 batch=2750/3000 step=2750 repair=0.006344 localization=0.3388 type=1.126 minimal=0.01698 physics=0.07052 total=0.2428
[TRAIN train_climax_no_moisture_corruption_s44] [TRAIN] stage=pretrain epoch=1/1 batch=2760/3000 step=2760 repair=0.001922 localization=0.264 type=1.126 minimal=0.01298 physics=0.3675 total=0.1594
[TRAIN train_climax_no_moisture_corruption_s44] [TRAIN] stage=pretrain epoch=1/1 batch=2770/3000 step=2770 repair=0.007824 localization=0.2158 type=1.259 minimal=0.01344 physics=0.1585 total=0.2171
[TRAIN train_climax_no_moisture_corruption_s44] [TRAIN] stage=pretrain epoch=1/1 batch=2780/3000 step=2780 repair=0.002652 localization=0.2288 type=0.6716 minimal=0.01391 physics=0.379 total=0.1118
[TRAIN train_climax_no_moisture_corruption_s44] [TRAIN] stage=pretrain epoch=1/1 batch=2790/3000 step=2790 repair=0.004232 localization=0.3135 type=0.6165 minimal=0.01482 physics=0.6898 total=0.1319
[TRAIN train_climax_no_moisture_corruption_s44] [TRAIN] stage=pretrain epoch=1/1 batch=2800/3000 step=2800 repair=0.0293 localization=0.3644 type=0.6685 minimal=0.01514 physics=1.435 total=0.2045
[TRAIN train_climax_no_moisture_corruption_s44] [TRAIN] stage=pretrain epoch=1/1 batch=2810/3000 step=2810 repair=0.01049 localization=0.3139 type=1.557 minimal=0.01802 physics=0.06586 total=0.2773
[TRAIN train_climax_no_moisture_corruption_s44] [TRAIN] stage=pretrain epoch=1/1 batch=2820/3000 step=2820 repair=0.002941 localization=0.168 type=0.7393 minimal=0.01569 physics=0.2839 total=0.108
[TRAIN train_climax_no_moisture_corruption_s44] [TRAIN] stage=pretrain epoch=1/1 batch=2830/3000 step=2830 repair=0.002673 localization=0.2411 type=4.824 minimal=0.0127 physics=0.07285 total=0.9046
[TRAIN train_climax_no_moisture_corruption_s44] [TRAIN] stage=pretrain epoch=1/1 batch=2840/3000 step=2840 repair=0.007252 localization=0.2792 type=2.545 minimal=0.01293 physics=0.06911 total=0.3388
[TRAIN train_climax_no_moisture_corruption_s44] [TRAIN] stage=pretrain epoch=1/1 batch=2850/3000 step=2850 repair=0.006709 localization=0.3686 type=0.5076 minimal=0.01834 physics=0.7153 total=0.1303
[TRAIN train_climax_no_moisture_corruption_s44] [TRAIN] stage=pretrain epoch=1/1 batch=2860/3000 step=2860 repair=0.0009222 localization=0.01672 type=0.001249 minimal=0.01498 physics=0.2116 total=0.01354
[TRAIN train_climax_no_moisture_corruption_s44] [TRAIN] stage=pretrain epoch=1/1 batch=2870/3000 step=2870 repair=0.002449 localization=0.7056 type=5.83 minimal=0.01186 physics=1.206 total=0.7164
[TRAIN train_climax_no_moisture_corruption_s44] [TRAIN] stage=pretrain epoch=1/1 batch=2880/3000 step=2880 repair=0.001492 localization=0.07354 type=0.1092 minimal=0.01278 physics=0.1791 total=0.03642
[TRAIN train_climax_no_moisture_corruption_s44] [TRAIN] stage=pretrain epoch=1/1 batch=2890/3000 step=2890 repair=0.00258 localization=0.2326 type=1.075 minimal=0.01341 physics=0.2814 total=0.1475
[TRAIN train_climax_no_moisture_corruption_s44] [TRAIN] stage=pretrain epoch=1/1 batch=2900/3000 step=2900 repair=0.004604 localization=0.2023 type=1.509 minimal=0.01791 physics=0.225 total=0.1871
[TRAIN train_climax_no_moisture_corruption_s44] [TRAIN] stage=pretrain epoch=1/1 batch=2910/3000 step=2910 repair=0.01225 localization=0.2637 type=0.7581 minimal=0.01649 physics=0.1902 total=0.135
[TRAIN train_climax_no_moisture_corruption_s44] [TRAIN] stage=pretrain epoch=1/1 batch=2920/3000 step=2920 repair=0.004209 localization=0.2984 type=2.254 minimal=0.01698 physics=0.1167 total=0.451
[TRAIN train_climax_no_moisture_corruption_s44] [TRAIN] stage=pretrain epoch=1/1 batch=2930/3000 step=2930 repair=0.005301 localization=0.3671 type=1.472 minimal=0.02036 physics=0.09353 total=0.2814
[TRAIN train_climax_no_moisture_corruption_s44] [TRAIN] stage=pretrain epoch=1/1 batch=2940/3000 step=2940 repair=0.0009935 localization=0.122 type=0.0005782 minimal=0.01146 physics=0.09898 total=0.01834
[TRAIN train_climax_no_moisture_corruption_s44] [TRAIN] stage=pretrain epoch=1/1 batch=2950/3000 step=2950 repair=0.002084 localization=0.2475 type=3.032 minimal=0.01499 physics=0.2063 total=0.5636
[TRAIN train_climax_no_moisture_corruption_s44] [TRAIN] stage=pretrain epoch=1/1 batch=2960/3000 step=2960 repair=0.006196 localization=0.3005 type=2.566 minimal=0.01688 physics=0.1024 total=0.4066
[TRAIN train_climax_no_moisture_corruption_s44] [TRAIN] stage=pretrain epoch=1/1 batch=2970/3000 step=2970 repair=0.004843 localization=0.3122 type=1.125 minimal=0.02222 physics=0.07983 total=0.1968
[TRAIN train_climax_no_moisture_corruption_s44] [TRAIN] stage=pretrain epoch=1/1 batch=2980/3000 step=2980 repair=0.002164 localization=0.3835 type=0.7415 minimal=0.02075 physics=0.06606 total=0.1481
[TRAIN train_climax_no_moisture_corruption_s44] [TRAIN] stage=pretrain epoch=1/1 batch=2990/3000 step=2990 repair=0.007003 localization=0.5214 type=5.479 minimal=0.01076 physics=0.1812 total=1.212
[TRAIN train_climax_no_moisture_corruption_s44] [TRAIN] stage=pretrain epoch=1/1 batch=3000/3000 step=3000 repair=0.008967 localization=0.3795 type=1.369 minimal=0.02209 physics=1.525 total=0.2603
[TRAIN train_climax_no_moisture_corruption_s44] [EPOCH] {'stage': 'pretrain', 'epoch': 0, 'global_step': 3000, 'train_total': 0.2572182342683276, 'val_repair_mse': 0.13064023619517684, 'elapsed_seconds': 1762.87}
[TRAIN train_climax_no_moisture_corruption_s44] [BEST] val_repair_mse=0.13064
[TRAIN train_climax_no_moisture_corruption_s44] [STAGE] finetune epochs=1 start_epoch=0
[TRAIN train_climax_no_moisture_corruption_s44] [TRAIN] stage=finetune epoch=1/1 batch=10/3000 step=3010 repair=0.127 localization=0 type=0 minimal=0.03769 physics=0.7919 total=0.1669
[TRAIN train_climax_no_moisture_corruption_s44] [TRAIN] stage=finetune epoch=1/1 batch=20/3000 step=3020 repair=0.118 localization=0 type=0 minimal=0.03439 physics=0.8756 total=0.1622
[TRAIN train_climax_no_moisture_corruption_s44] [TRAIN] stage=finetune epoch=1/1 batch=30/3000 step=3030 repair=0.09471 localization=0 type=0 minimal=0.03763 physics=0.7369 total=0.1319
[TRAIN train_climax_no_moisture_corruption_s44] [TRAIN] stage=finetune epoch=1/1 batch=40/3000 step=3040 repair=0.1502 localization=0 type=0 minimal=0.03531 physics=0.7391 total=0.1875
[TRAIN train_climax_no_moisture_corruption_s44] [TRAIN] stage=finetune epoch=1/1 batch=50/3000 step=3050 repair=0.1639 localization=0 type=0 minimal=0.03381 physics=0.7238 total=0.2004
[TRAIN train_climax_no_moisture_corruption_s44] [TRAIN] stage=finetune epoch=1/1 batch=60/3000 step=3060 repair=0.1012 localization=0 type=0 minimal=0.034 physics=0.5456 total=0.1288
[TRAIN train_climax_no_moisture_corruption_s44] [TRAIN] stage=finetune epoch=1/1 batch=70/3000 step=3070 repair=0.09319 localization=0 type=0 minimal=0.02882 physics=0.4897 total=0.118
[TRAIN train_climax_no_moisture_corruption_s44] [TRAIN] stage=finetune epoch=1/1 batch=80/3000 step=3080 repair=0.1263 localization=0 type=0 minimal=0.03488 physics=0.4667 total=0.15
[TRAIN train_climax_no_moisture_corruption_s44] [TRAIN] stage=finetune epoch=1/1 batch=90/3000 step=3090 repair=0.1346 localization=0 type=0 minimal=0.03827 physics=0.4677 total=0.1584
[TRAIN train_climax_no_moisture_corruption_s44] [TRAIN] stage=finetune epoch=1/1 batch=100/3000 step=3100 repair=0.1018 localization=0 type=0 minimal=0.03647 physics=0.4865 total=0.1265
[TRAIN train_climax_no_moisture_corruption_s44] [TRAIN] stage=finetune epoch=1/1 batch=110/3000 step=3110 repair=0.1296 localization=0 type=0 minimal=0.03589 physics=0.5431 total=0.1571
[TRAIN train_climax_no_moisture_corruption_s44] [TRAIN] stage=finetune epoch=1/1 batch=120/3000 step=3120 repair=0.1653 localization=0 type=0 minimal=0.03717 physics=0.6333 total=0.1974
[TRAIN train_climax_no_moisture_corruption_s44] [TRAIN] stage=finetune epoch=1/1 batch=130/3000 step=3130 repair=0.09768 localization=0 type=0 minimal=0.03943 physics=0.5638 total=0.1263
[TRAIN train_climax_no_moisture_corruption_s44] [TRAIN] stage=finetune epoch=1/1 batch=140/3000 step=3140 repair=0.1227 localization=0 type=0 minimal=0.03668 physics=0.6365 total=0.1549
[TRAIN train_climax_no_moisture_corruption_s44] [TRAIN] stage=finetune epoch=1/1 batch=150/3000 step=3150 repair=0.09114 localization=0 type=0 minimal=0.03976 physics=0.6701 total=0.125
[TRAIN train_climax_no_moisture_corruption_s44] [TRAIN] stage=finetune epoch=1/1 batch=160/3000 step=3160 repair=0.08597 localization=0 type=0 minimal=0.03375 physics=0.6312 total=0.1179
[TRAIN train_climax_no_moisture_corruption_s44] [TRAIN] stage=finetune epoch=1/1 batch=170/3000 step=3170 repair=0.1613 localization=0 type=0 minimal=0.03705 physics=0.7632 total=0.1999
[TRAIN train_climax_no_moisture_corruption_s44] [TRAIN] stage=finetune epoch=1/1 batch=180/3000 step=3180 repair=0.1306 localization=0 type=0 minimal=0.04016 physics=0.7548 total=0.1687
[TRAIN train_climax_no_moisture_corruption_s44] [TRAIN] stage=finetune epoch=1/1 batch=190/3000 step=3190 repair=0.08815 localization=0 type=0 minimal=0.03683 physics=0.6949 total=0.1233
[TRAIN train_climax_no_moisture_corruption_s44] [TRAIN] stage=finetune epoch=1/1 batch=200/3000 step=3200 repair=0.1298 localization=0 type=0 minimal=0.0369 physics=0.7369 total=0.167
[TRAIN train_climax_no_moisture_corruption_s44] [TRAIN] stage=finetune epoch=1/1 batch=210/3000 step=3210 repair=0.1488 localization=0 type=0 minimal=0.03711 physics=0.744 total=0.1863
[TRAIN train_climax_no_moisture_corruption_s44] [TRAIN] stage=finetune epoch=1/1 batch=220/3000 step=3220 repair=0.1199 localization=0 type=0 minimal=0.03702 physics=0.6594 total=0.1532
[TRAIN train_climax_no_moisture_corruption_s44] [TRAIN] stage=finetune epoch=1/1 batch=230/3000 step=3230 repair=0.1314 localization=0 type=0 minimal=0.04263 physics=0.6703 total=0.1653
[TRAIN train_climax_no_moisture_corruption_s44] [TRAIN] stage=finetune epoch=1/1 batch=240/3000 step=3240 repair=0.08666 localization=0 type=0 minimal=0.0415 physics=0.6213 total=0.1181
[TRAIN train_climax_no_moisture_corruption_s44] [TRAIN] stage=finetune epoch=1/1 batch=250/3000 step=3250 repair=0.09341 localization=0 type=0 minimal=0.04077 physics=0.6031 total=0.124
[TRAIN train_climax_no_moisture_corruption_s44] [TRAIN] stage=finetune epoch=1/1 batch=260/3000 step=3260 repair=0.07902 localization=0 type=0 minimal=0.03827 physics=0.4978 total=0.1043
[TRAIN train_climax_no_moisture_corruption_s44] [TRAIN] stage=finetune epoch=1/1 batch=270/3000 step=3270 repair=0.08903 localization=0 type=0 minimal=0.043 physics=0.5395 total=0.1164
[TRAIN train_climax_no_moisture_corruption_s44] [TRAIN] stage=finetune epoch=1/1 batch=280/3000 step=3280 repair=0.1379 localization=0 type=0 minimal=0.04395 physics=0.5819 total=0.1675
[TRAIN train_climax_no_moisture_corruption_s44] [TRAIN] stage=finetune epoch=1/1 batch=290/3000 step=3290 repair=0.09092 localization=0 type=0 minimal=0.0397 physics=0.5087 total=0.1168
[TRAIN train_climax_no_moisture_corruption_s44] [TRAIN] stage=finetune epoch=1/1 batch=300/3000 step=3300 repair=0.1187 localization=0 type=0 minimal=0.04428 physics=0.5558 total=0.1469
[TRAIN train_climax_no_moisture_corruption_s44] [TRAIN] stage=finetune epoch=1/1 batch=310/3000 step=3310 repair=0.1143 localization=0 type=0 minimal=0.04294 physics=0.5469 total=0.1421
[TRAIN train_climax_no_moisture_corruption_s44] [TRAIN] stage=finetune epoch=1/1 batch=320/3000 step=3320 repair=0.08874 localization=0 type=0 minimal=0.04242 physics=0.5214 total=0.1152
[TRAIN train_climax_no_moisture_corruption_s44] [TRAIN] stage=finetune epoch=1/1 batch=330/3000 step=3330 repair=0.1492 localization=0 type=0 minimal=0.04785 physics=0.6174 total=0.1805
[TRAIN train_climax_no_moisture_corruption_s44] [TRAIN] stage=finetune epoch=1/1 batch=340/3000 step=3340 repair=0.08608 localization=0 type=0 minimal=0.0419 physics=0.5814 total=0.1156
[TRAIN train_climax_no_moisture_corruption_s44] [TRAIN] stage=finetune epoch=1/1 batch=350/3000 step=3350 repair=0.09165 localization=0 type=0 minimal=0.04718 physics=0.5699 total=0.1206
[TRAIN train_climax_no_moisture_corruption_s44] [TRAIN] stage=finetune epoch=1/1 batch=360/3000 step=3360 repair=0.08411 localization=0 type=0 minimal=0.04141 physics=0.5117 total=0.1101
[TRAIN train_climax_no_moisture_corruption_s44] [TRAIN] stage=finetune epoch=1/1 batch=370/3000 step=3370 repair=0.1187 localization=0 type=0 minimal=0.04382 physics=0.5383 total=0.146
[TRAIN train_climax_no_moisture_corruption_s44] [TRAIN] stage=finetune epoch=1/1 batch=380/3000 step=3380 repair=0.08367 localization=0 type=0 minimal=0.04474 physics=0.544 total=0.1113
[TRAIN train_climax_no_moisture_corruption_s44] [TRAIN] stage=finetune epoch=1/1 batch=390/3000 step=3390 repair=0.1233 localization=0 type=0 minimal=0.04578 physics=0.598 total=0.1537
[TRAIN train_climax_no_moisture_corruption_s44] [TRAIN] stage=finetune epoch=1/1 batch=400/3000 step=3400 repair=0.1242 localization=0 type=0 minimal=0.04593 physics=0.5811 total=0.1537
[TRAIN train_climax_no_moisture_corruption_s44] [TRAIN] stage=finetune epoch=1/1 batch=410/3000 step=3410 repair=0.07713 localization=0 type=0 minimal=0.04468 physics=0.479 total=0.1015
[TRAIN train_climax_no_moisture_corruption_s44] [TRAIN] stage=finetune epoch=1/1 batch=420/3000 step=3420 repair=0.07397 localization=0 type=0 minimal=0.04691 physics=0.4991 total=0.0994
[TRAIN train_climax_no_moisture_corruption_s44] [TRAIN] stage=finetune epoch=1/1 batch=430/3000 step=3430 repair=0.08062 localization=0 type=0 minimal=0.04675 physics=0.5317 total=0.1077
[TRAIN train_climax_no_moisture_corruption_s44] [TRAIN] stage=finetune epoch=1/1 batch=440/3000 step=3440 repair=0.1193 localization=0 type=0 minimal=0.04877 physics=0.5712 total=0.1483
[TRAIN train_climax_no_moisture_corruption_s44] [TRAIN] stage=finetune epoch=1/1 batch=450/3000 step=3450 repair=0.08087 localization=0 type=0 minimal=0.04987 physics=0.5453 total=0.1086
[TRAIN train_climax_no_moisture_corruption_s44] [TRAIN] stage=finetune epoch=1/1 batch=460/3000 step=3460 repair=0.06592 localization=0 type=0 minimal=0.04633 physics=0.4698 total=0.08987
[TRAIN train_climax_no_moisture_corruption_s44] [TRAIN] stage=finetune epoch=1/1 batch=470/3000 step=3470 repair=0.1225 localization=0 type=0 minimal=0.04938 physics=0.4945 total=0.1477
[TRAIN train_climax_no_moisture_corruption_s44] [TRAIN] stage=finetune epoch=1/1 batch=480/3000 step=3480 repair=0.1653 localization=0 type=0 minimal=0.05511 physics=0.5378 total=0.1927
[TRAIN train_climax_no_moisture_corruption_s44] [TRAIN] stage=finetune epoch=1/1 batch=490/3000 step=3490 repair=0.0943 localization=0 type=0 minimal=0.05383 physics=0.5282 total=0.1212
[TRAIN train_climax_no_moisture_corruption_s44] [TRAIN] stage=finetune epoch=1/1 batch=500/3000 step=3500 repair=0.1766 localization=0 type=0 minimal=0.0524 physics=0.5831 total=0.2063
[TRAIN train_climax_no_moisture_corruption_s44] [TRAIN] stage=finetune epoch=1/1 batch=510/3000 step=3510 repair=0.1227 localization=0 type=0 minimal=0.04895 physics=0.5111 total=0.1487
[TRAIN train_climax_no_moisture_corruption_s44] [TRAIN] stage=finetune epoch=1/1 batch=520/3000 step=3520 repair=0.1186 localization=0 type=0 minimal=0.05103 physics=0.5422 total=0.1463
[TRAIN train_climax_no_moisture_corruption_s44] [TRAIN] stage=finetune epoch=1/1 batch=530/3000 step=3530 repair=0.1258 localization=0 type=0 minimal=0.04916 physics=0.5104 total=0.1518
[TRAIN train_climax_no_moisture_corruption_s44] [TRAIN] stage=finetune epoch=1/1 batch=540/3000 step=3540 repair=0.1212 localization=0 type=0 minimal=0.05225 physics=0.4911 total=0.1462
[TRAIN train_climax_no_moisture_corruption_s44] [TRAIN] stage=finetune epoch=1/1 batch=550/3000 step=3550 repair=0.07878 localization=0 type=0 minimal=0.04965 physics=0.4553 total=0.102
[TRAIN train_climax_no_moisture_corruption_s44] [TRAIN] stage=finetune epoch=1/1 batch=560/3000 step=3560 repair=0.1234 localization=0 type=0 minimal=0.05203 physics=0.4815 total=0.148
[TRAIN train_climax_no_moisture_corruption_s44] [TRAIN] stage=finetune epoch=1/1 batch=570/3000 step=3570 repair=0.1229 localization=0 type=0 minimal=0.0546 physics=0.5593 total=0.1514
[TRAIN train_climax_no_moisture_corruption_s44] [TRAIN] stage=finetune epoch=1/1 batch=580/3000 step=3580 repair=0.07397 localization=0 type=0 minimal=0.05011 physics=0.4849 total=0.09872
[TRAIN train_climax_no_moisture_corruption_s44] [TRAIN] stage=finetune epoch=1/1 batch=590/3000 step=3590 repair=0.1274 localization=0 type=0 minimal=0.05539 physics=0.4897 total=0.1525
[TRAIN train_climax_no_moisture_corruption_s44] [TRAIN] stage=finetune epoch=1/1 batch=600/3000 step=3600 repair=0.06395 localization=0 type=0 minimal=0.05225 physics=0.4488 total=0.08691
[TRAIN train_climax_no_moisture_corruption_s44] [TRAIN] stage=finetune epoch=1/1 batch=610/3000 step=3610 repair=0.1183 localization=0 type=0 minimal=0.05646 physics=0.4807 total=0.1429
[TRAIN train_climax_no_moisture_corruption_s44] [TRAIN] stage=finetune epoch=1/1 batch=620/3000 step=3620 repair=0.07217 localization=0 type=0 minimal=0.05252 physics=0.43 total=0.09419
[TRAIN train_climax_no_moisture_corruption_s44] [TRAIN] stage=finetune epoch=1/1 batch=630/3000 step=3630 repair=0.08261 localization=0 type=0 minimal=0.05753 physics=0.4765 total=0.107
[TRAIN train_climax_no_moisture_corruption_s44] [TRAIN] stage=finetune epoch=1/1 batch=640/3000 step=3640 repair=0.08373 localization=0 type=0 minimal=0.05597 physics=0.4875 total=0.1087
[TRAIN train_climax_no_moisture_corruption_s44] [TRAIN] stage=finetune epoch=1/1 batch=650/3000 step=3650 repair=0.1299 localization=0 type=0 minimal=0.05695 physics=0.4869 total=0.1548
[TRAIN train_climax_no_moisture_corruption_s44] [TRAIN] stage=finetune epoch=1/1 batch=660/3000 step=3660 repair=0.1147 localization=0 type=0 minimal=0.05377 physics=0.4502 total=0.1377
[TRAIN train_climax_no_moisture_corruption_s44] [TRAIN] stage=finetune epoch=1/1 batch=670/3000 step=3670 repair=0.07413 localization=0 type=0 minimal=0.05264 physics=0.3846 total=0.09388
[TRAIN train_climax_no_moisture_corruption_s44] [TRAIN] stage=finetune epoch=1/1 batch=680/3000 step=3680 repair=0.1004 localization=0 type=0 minimal=0.05869 physics=0.4039 total=0.1211
[TRAIN train_climax_no_moisture_corruption_s44] [TRAIN] stage=finetune epoch=1/1 batch=690/3000 step=3690 repair=0.1255 localization=0 type=0 minimal=0.05807 physics=0.4066 total=0.1464
[TRAIN train_climax_no_moisture_corruption_s44] [TRAIN] stage=finetune epoch=1/1 batch=700/3000 step=3700 repair=0.07956 localization=0 type=0 minimal=0.06165 physics=0.409 total=0.1006
[TRAIN train_climax_no_moisture_corruption_s44] [TRAIN] stage=finetune epoch=1/1 batch=710/3000 step=3710 repair=0.1174 localization=0 type=0 minimal=0.06204 physics=0.5187 total=0.144
[TRAIN train_climax_no_moisture_corruption_s44] [TRAIN] stage=finetune epoch=1/1 batch=720/3000 step=3720 repair=0.1168 localization=0 type=0 minimal=0.05951 physics=0.4778 total=0.1413
[TRAIN train_climax_no_moisture_corruption_s44] [TRAIN] stage=finetune epoch=1/1 batch=730/3000 step=3730 repair=0.0745 localization=0 type=0 minimal=0.05795 physics=0.5027 total=0.1002
[TRAIN train_climax_no_moisture_corruption_s44] [TRAIN] stage=finetune epoch=1/1 batch=740/3000 step=3740 repair=0.1323 localization=0 type=0 minimal=0.0564 physics=0.5223 total=0.159
[TRAIN train_climax_no_moisture_corruption_s44] [TRAIN] stage=finetune epoch=1/1 batch=750/3000 step=3750 repair=0.0766 localization=0 type=0 minimal=0.05634 physics=0.507 total=0.1025
[TRAIN train_climax_no_moisture_corruption_s44] [TRAIN] stage=finetune epoch=1/1 batch=760/3000 step=3760 repair=0.07409 localization=0 type=0 minimal=0.05594 physics=0.5196 total=0.1006
[TRAIN train_climax_no_moisture_corruption_s44] [TRAIN] stage=finetune epoch=1/1 batch=770/3000 step=3770 repair=0.09117 localization=0 type=0 minimal=0.06244 physics=0.5678 total=0.1202
[TRAIN train_climax_no_moisture_corruption_s44] [TRAIN] stage=finetune epoch=1/1 batch=780/3000 step=3780 repair=0.06892 localization=0 type=0 minimal=0.06024 physics=0.5485 total=0.09695
[TRAIN train_climax_no_moisture_corruption_s44] [TRAIN] stage=finetune epoch=1/1 batch=790/3000 step=3790 repair=0.1087 localization=0 type=0 minimal=0.05878 physics=0.6085 total=0.1397
[TRAIN train_climax_no_moisture_corruption_s44] [TRAIN] stage=finetune epoch=1/1 batch=800/3000 step=3800 repair=0.1524 localization=0 type=0 minimal=0.06354 physics=0.6083 total=0.1834
[TRAIN train_climax_no_moisture_corruption_s44] [TRAIN] stage=finetune epoch=1/1 batch=810/3000 step=3810 repair=0.07676 localization=0 type=0 minimal=0.06021 physics=0.6017 total=0.1074
[TRAIN train_climax_no_moisture_corruption_s44] [TRAIN] stage=finetune epoch=1/1 batch=820/3000 step=3820 repair=0.0884 localization=0 type=0 minimal=0.05557 physics=0.5746 total=0.1177
[TRAIN train_climax_no_moisture_corruption_s44] [TRAIN] stage=finetune epoch=1/1 batch=830/3000 step=3830 repair=0.09475 localization=0 type=0 minimal=0.05869 physics=0.5545 total=0.1231
[TRAIN train_climax_no_moisture_corruption_s44] [TRAIN] stage=finetune epoch=1/1 batch=840/3000 step=3840 repair=0.1213 localization=0 type=0 minimal=0.05835 physics=0.5699 total=0.1504
[TRAIN train_climax_no_moisture_corruption_s44] [TRAIN] stage=finetune epoch=1/1 batch=850/3000 step=3850 repair=0.1314 localization=0 type=0 minimal=0.06415 physics=0.5457 total=0.1593
[TRAIN train_climax_no_moisture_corruption_s44] [TRAIN] stage=finetune epoch=1/1 batch=860/3000 step=3860 repair=0.07999 localization=0 type=0 minimal=0.05887 physics=0.5414 total=0.1077
[TRAIN train_climax_no_moisture_corruption_s44] [TRAIN] stage=finetune epoch=1/1 batch=870/3000 step=3870 repair=0.08445 localization=0 type=0 minimal=0.06317 physics=0.5777 total=0.114
[TRAIN train_climax_no_moisture_corruption_s44] [TRAIN] stage=finetune epoch=1/1 batch=880/3000 step=3880 repair=0.1146 localization=0 type=0 minimal=0.06433 physics=0.6019 total=0.1453
[TRAIN train_climax_no_moisture_corruption_s44] [TRAIN] stage=finetune epoch=1/1 batch=890/3000 step=3890 repair=0.07533 localization=0 type=0 minimal=0.06281 physics=0.5612 total=0.104
[TRAIN train_climax_no_moisture_corruption_s44] [TRAIN] stage=finetune epoch=1/1 batch=900/3000 step=3900 repair=0.07923 localization=0 type=0 minimal=0.06152 physics=0.6179 total=0.1107
[TRAIN train_climax_no_moisture_corruption_s44] [TRAIN] stage=finetune epoch=1/1 batch=910/3000 step=3910 repair=0.07781 localization=0 type=0 minimal=0.06299 physics=0.5671 total=0.1068
[TRAIN train_climax_no_moisture_corruption_s44] [TRAIN] stage=finetune epoch=1/1 batch=920/3000 step=3920 repair=0.1134 localization=0 type=0 minimal=0.06204 physics=0.5757 total=0.1428
[TRAIN train_climax_no_moisture_corruption_s44] [TRAIN] stage=finetune epoch=1/1 batch=930/3000 step=3930 repair=0.06502 localization=0 type=0 minimal=0.06671 physics=0.5593 total=0.09366
[TRAIN train_climax_no_moisture_corruption_s44] [TRAIN] stage=finetune epoch=1/1 batch=940/3000 step=3940 repair=0.06566 localization=0 type=0 minimal=0.0607 physics=0.5735 total=0.09494
[TRAIN train_climax_no_moisture_corruption_s44] [TRAIN] stage=finetune epoch=1/1 batch=950/3000 step=3950 repair=0.0936 localization=0 type=0 minimal=0.05914 physics=0.5751 total=0.123
[TRAIN train_climax_no_moisture_corruption_s44] [TRAIN] stage=finetune epoch=1/1 batch=960/3000 step=3960 repair=0.08275 localization=0 type=0 minimal=0.06641 physics=0.528 total=0.1098
[TRAIN train_climax_no_moisture_corruption_s44] [TRAIN] stage=finetune epoch=1/1 batch=970/3000 step=3970 repair=0.1646 localization=0 type=0 minimal=0.05988 physics=0.5732 total=0.1939
[TRAIN train_climax_no_moisture_corruption_s44] [TRAIN] stage=finetune epoch=1/1 batch=980/3000 step=3980 repair=0.08396 localization=0 type=0 minimal=0.05441 physics=0.5606 total=0.1125
[TRAIN train_climax_no_moisture_corruption_s44] [TRAIN] stage=finetune epoch=1/1 batch=990/3000 step=3990 repair=0.07848 localization=0 type=0 minimal=0.06641 physics=0.5519 total=0.1067
[TRAIN train_climax_no_moisture_corruption_s44] [TRAIN] stage=finetune epoch=1/1 batch=1000/3000 step=4000 repair=0.1203 localization=0 type=0 minimal=0.07117 physics=0.5655 total=0.1493
[TRAIN train_climax_no_moisture_corruption_s44] [TRAIN] stage=finetune epoch=1/1 batch=1010/3000 step=4010 repair=0.065 localization=0 type=0 minimal=0.06628 physics=0.5412 total=0.09272
[TRAIN train_climax_no_moisture_corruption_s44] [TRAIN] stage=finetune epoch=1/1 batch=1020/3000 step=4020 repair=0.1243 localization=0 type=0 minimal=0.06076 physics=0.5516 total=0.1525
[TRAIN train_climax_no_moisture_corruption_s44] [TRAIN] stage=finetune epoch=1/1 batch=1030/3000 step=4030 repair=0.1213 localization=0 type=0 minimal=0.05838 physics=0.5052 total=0.1472
[TRAIN train_climax_no_moisture_corruption_s44] [TRAIN] stage=finetune epoch=1/1 batch=1040/3000 step=4040 repair=0.1167 localization=0 type=0 minimal=0.06256 physics=0.5371 total=0.1442
[TRAIN train_climax_no_moisture_corruption_s44] [TRAIN] stage=finetune epoch=1/1 batch=1050/3000 step=4050 repair=0.1158 localization=0 type=0 minimal=0.06348 physics=0.5313 total=0.143
[TRAIN train_climax_no_moisture_corruption_s44] [TRAIN] stage=finetune epoch=1/1 batch=1060/3000 step=4060 repair=0.1033 localization=0 type=0 minimal=0.0621 physics=0.5402 total=0.1309
[TRAIN train_climax_no_moisture_corruption_s44] [TRAIN] stage=finetune epoch=1/1 batch=1070/3000 step=4070 repair=0.1149 localization=0 type=0 minimal=0.0639 physics=0.5202 total=0.1416
[TRAIN train_climax_no_moisture_corruption_s44] [TRAIN] stage=finetune epoch=1/1 batch=1080/3000 step=4080 repair=0.069 localization=0 type=0 minimal=0.07477 physics=0.5312 total=0.09631
[TRAIN train_climax_no_moisture_corruption_s44] [TRAIN] stage=finetune epoch=1/1 batch=1090/3000 step=4090 repair=0.06702 localization=0 type=0 minimal=0.07385 physics=0.5512 total=0.09531
[TRAIN train_climax_no_moisture_corruption_s44] [TRAIN] stage=finetune epoch=1/1 batch=1100/3000 step=4100 repair=0.1082 localization=0 type=0 minimal=0.06229 physics=0.5837 total=0.138
[TRAIN train_climax_no_moisture_corruption_s44] [TRAIN] stage=finetune epoch=1/1 batch=1110/3000 step=4110 repair=0.1588 localization=0 type=0 minimal=0.05743 physics=0.6399 total=0.1913
[TRAIN train_climax_no_moisture_corruption_s44] [TRAIN] stage=finetune epoch=1/1 batch=1120/3000 step=4120 repair=0.1164 localization=0 type=0 minimal=0.06476 physics=0.5713 total=0.1456
[TRAIN train_climax_no_moisture_corruption_s44] [TRAIN] stage=finetune epoch=1/1 batch=1130/3000 step=4130 repair=0.0746 localization=0 type=0 minimal=0.06671 physics=0.5296 total=0.1018
[TRAIN train_climax_no_moisture_corruption_s44] [TRAIN] stage=finetune epoch=1/1 batch=1140/3000 step=4140 repair=0.1347 localization=0 type=0 minimal=0.06055 physics=0.5101 total=0.1608
[TRAIN train_climax_no_moisture_corruption_s44] [TRAIN] stage=finetune epoch=1/1 batch=1150/3000 step=4150 repair=0.1232 localization=0 type=0 minimal=0.06097 physics=0.5126 total=0.1494
[TRAIN train_climax_no_moisture_corruption_s44] [TRAIN] stage=finetune epoch=1/1 batch=1160/3000 step=4160 repair=0.1174 localization=0 type=0 minimal=0.06445 physics=0.5238 total=0.1442
[TRAIN train_climax_no_moisture_corruption_s44] [TRAIN] stage=finetune epoch=1/1 batch=1170/3000 step=4170 repair=0.1611 localization=0 type=0 minimal=0.05807 physics=0.5027 total=0.1868
[TRAIN train_climax_no_moisture_corruption_s44] [TRAIN] stage=finetune epoch=1/1 batch=1180/3000 step=4180 repair=0.1079 localization=0 type=0 minimal=0.06757 physics=0.5085 total=0.134
[TRAIN train_climax_no_moisture_corruption_s44] [TRAIN] stage=finetune epoch=1/1 batch=1190/3000 step=4190 repair=0.1148 localization=0 type=0 minimal=0.06555 physics=0.4836 total=0.1396
[TRAIN train_climax_no_moisture_corruption_s44] [TRAIN] stage=finetune epoch=1/1 batch=1200/3000 step=4200 repair=0.07691 localization=0 type=0 minimal=0.07581 physics=0.4397 total=0.09965
[TRAIN train_climax_no_moisture_corruption_s44] [TRAIN] stage=finetune epoch=1/1 batch=1210/3000 step=4210 repair=0.1243 localization=0 type=0 minimal=0.06204 physics=0.4507 total=0.1474
[TRAIN train_climax_no_moisture_corruption_s44] [TRAIN] stage=finetune epoch=1/1 batch=1220/3000 step=4220 repair=0.1552 localization=0 type=0 minimal=0.05704 physics=0.4528 total=0.1784
[TRAIN train_climax_no_moisture_corruption_s44] [TRAIN] stage=finetune epoch=1/1 batch=1230/3000 step=4230 repair=0.06977 localization=0 type=0 minimal=0.0708 physics=0.4291 total=0.09193
[TRAIN train_climax_no_moisture_corruption_s44] [TRAIN] stage=finetune epoch=1/1 batch=1240/3000 step=4240 repair=0.09024 localization=0 type=0 minimal=0.05783 physics=0.4537 total=0.1135
[TRAIN train_climax_no_moisture_corruption_s44] [TRAIN] stage=finetune epoch=1/1 batch=1250/3000 step=4250 repair=0.1177 localization=0 type=0 minimal=0.06793 physics=0.4209 total=0.1394
[TRAIN train_climax_no_moisture_corruption_s44] [TRAIN] stage=finetune epoch=1/1 batch=1260/3000 step=4260 repair=0.07464 localization=0 type=0 minimal=0.0744 physics=0.4453 total=0.09765
[TRAIN train_climax_no_moisture_corruption_s44] [TRAIN] stage=finetune epoch=1/1 batch=1270/3000 step=4270 repair=0.1244 localization=0 type=0 minimal=0.06415 physics=0.4596 total=0.148
[TRAIN train_climax_no_moisture_corruption_s44] [TRAIN] stage=finetune epoch=1/1 batch=1280/3000 step=4280 repair=0.07419 localization=0 type=0 minimal=0.06946 physics=0.4143 total=0.0956
[TRAIN train_climax_no_moisture_corruption_s44] [TRAIN] stage=finetune epoch=1/1 batch=1290/3000 step=4290 repair=0.1216 localization=0 type=0 minimal=0.06763 physics=0.4225 total=0.1434
[TRAIN train_climax_no_moisture_corruption_s44] [TRAIN] stage=finetune epoch=1/1 batch=1300/3000 step=4300 repair=0.06171 localization=0 type=0 minimal=0.0733 physics=0.3793 total=0.08141
[TRAIN train_climax_no_moisture_corruption_s44] [TRAIN] stage=finetune epoch=1/1 batch=1310/3000 step=4310 repair=0.1524 localization=0 type=0 minimal=0.05838 physics=0.4333 total=0.1747
[TRAIN train_climax_no_moisture_corruption_s44] [TRAIN] stage=finetune epoch=1/1 batch=1320/3000 step=4320 repair=0.06252 localization=0 type=0 minimal=0.07837 physics=0.3858 total=0.0826
[TRAIN train_climax_no_moisture_corruption_s44] [TRAIN] stage=finetune epoch=1/1 batch=1330/3000 step=4330 repair=0.08655 localization=0 type=0 minimal=0.07202 physics=0.3752 total=0.106
[TRAIN train_climax_no_moisture_corruption_s44] [TRAIN] stage=finetune epoch=1/1 batch=1340/3000 step=4340 repair=0.07389 localization=0 type=0 minimal=0.06586 physics=0.3747 total=0.09328
[TRAIN train_climax_no_moisture_corruption_s44] [TRAIN] stage=finetune epoch=1/1 batch=1350/3000 step=4350 repair=0.07557 localization=0 type=0 minimal=0.0755 physics=0.3706 total=0.09485
[TRAIN train_climax_no_moisture_corruption_s44] [TRAIN] stage=finetune epoch=1/1 batch=1360/3000 step=4360 repair=0.1094 localization=0 type=0 minimal=0.06641 physics=0.3607 total=0.1281
[TRAIN train_climax_no_moisture_corruption_s44] [TRAIN] stage=finetune epoch=1/1 batch=1370/3000 step=4370 repair=0.1338 localization=0 type=0 minimal=0.06241 physics=0.353 total=0.1521
[TRAIN train_climax_no_moisture_corruption_s44] [TRAIN] stage=finetune epoch=1/1 batch=1380/3000 step=4380 repair=0.1125 localization=0 type=0 minimal=0.07422 physics=0.3248 total=0.1295
[TRAIN train_climax_no_moisture_corruption_s44] [TRAIN] stage=finetune epoch=1/1 batch=1390/3000 step=4390 repair=0.07547 localization=0 type=0 minimal=0.06677 physics=0.3455 total=0.09341
[TRAIN train_climax_no_moisture_corruption_s44] [TRAIN] stage=finetune epoch=1/1 batch=1400/3000 step=4400 repair=0.07287 localization=0 type=0 minimal=0.07825 physics=0.3583 total=0.09157
[TRAIN train_climax_no_moisture_corruption_s44] [TRAIN] stage=finetune epoch=1/1 batch=1410/3000 step=4410 repair=0.07261 localization=0 type=0 minimal=0.0791 physics=0.3544 total=0.09112
[TRAIN train_climax_no_moisture_corruption_s44] [TRAIN] stage=finetune epoch=1/1 batch=1420/3000 step=4420 repair=0.07237 localization=0 type=0 minimal=0.07477 physics=0.3139 total=0.08881
[TRAIN train_climax_no_moisture_corruption_s44] [TRAIN] stage=finetune epoch=1/1 batch=1430/3000 step=4430 repair=0.1224 localization=0 type=0 minimal=0.06891 physics=0.3787 total=0.142
[TRAIN train_climax_no_moisture_corruption_s44] [TRAIN] stage=finetune epoch=1/1 batch=1440/3000 step=4440 repair=0.1674 localization=0 type=0 minimal=0.05896 physics=0.3488 total=0.1854
[TRAIN train_climax_no_moisture_corruption_s44] [TRAIN] stage=finetune epoch=1/1 batch=1450/3000 step=4450 repair=0.08879 localization=0 type=0 minimal=0.06769 physics=0.3389 total=0.1064
[TRAIN train_climax_no_moisture_corruption_s44] [TRAIN] stage=finetune epoch=1/1 batch=1460/3000 step=4460 repair=0.1075 localization=0 type=0 minimal=0.06873 physics=0.3375 total=0.1251
[TRAIN train_climax_no_moisture_corruption_s44] [TRAIN] stage=finetune epoch=1/1 batch=1470/3000 step=4470 repair=0.1476 localization=0 type=0 minimal=0.06989 physics=0.3913 total=0.1679
[TRAIN train_climax_no_moisture_corruption_s44] [TRAIN] stage=finetune epoch=1/1 batch=1480/3000 step=4480 repair=0.09234 localization=0 type=0 minimal=0.06659 physics=0.3951 total=0.1128
[TRAIN train_climax_no_moisture_corruption_s44] [TRAIN] stage=finetune epoch=1/1 batch=1490/3000 step=4490 repair=0.122 localization=0 type=0 minimal=0.06976 physics=0.4331 total=0.1444
[TRAIN train_climax_no_moisture_corruption_s44] [TRAIN] stage=finetune epoch=1/1 batch=1500/3000 step=4500 repair=0.07818 localization=0 type=0 minimal=0.0777 physics=0.4292 total=0.1004
[TRAIN train_climax_no_moisture_corruption_s44] [TRAIN] stage=finetune epoch=1/1 batch=1510/3000 step=4510 repair=0.08784 localization=0 type=0 minimal=0.07117 physics=0.4767 total=0.1124
[TRAIN train_climax_no_moisture_corruption_s44] [TRAIN] stage=finetune epoch=1/1 batch=1520/3000 step=4520 repair=0.0756 localization=0 type=0 minimal=0.07214 physics=0.4769 total=0.1002
[TRAIN train_climax_no_moisture_corruption_s44] [TRAIN] stage=finetune epoch=1/1 batch=1530/3000 step=4530 repair=0.1114 localization=0 type=0 minimal=0.07239 physics=0.4768 total=0.1359
[TRAIN train_climax_no_moisture_corruption_s44] [TRAIN] stage=finetune epoch=1/1 batch=1540/3000 step=4540 repair=0.1071 localization=0 type=0 minimal=0.0697 physics=0.4453 total=0.1301
[TRAIN train_climax_no_moisture_corruption_s44] [TRAIN] stage=finetune epoch=1/1 batch=1550/3000 step=4550 repair=0.1042 localization=0 type=0 minimal=0.07062 physics=0.3966 total=0.1247
[TRAIN train_climax_no_moisture_corruption_s44] [TRAIN] stage=finetune epoch=1/1 batch=1560/3000 step=4560 repair=0.1598 localization=0 type=0 minimal=0.06403 physics=0.4065 total=0.1808
[TRAIN train_climax_no_moisture_corruption_s44] [TRAIN] stage=finetune epoch=1/1 batch=1570/3000 step=4570 repair=0.08081 localization=0 type=0 minimal=0.0719 physics=0.3462 total=0.09884
[TRAIN train_climax_no_moisture_corruption_s44] [TRAIN] stage=finetune epoch=1/1 batch=1580/3000 step=4580 repair=0.1224 localization=0 type=0 minimal=0.06647 physics=0.3532 total=0.1407
[TRAIN train_climax_no_moisture_corruption_s44] [TRAIN] stage=finetune epoch=1/1 batch=1590/3000 step=4590 repair=0.1086 localization=0 type=0 minimal=0.0719 physics=0.3812 total=0.1284
[TRAIN train_climax_no_moisture_corruption_s44] [TRAIN] stage=finetune epoch=1/1 batch=1600/3000 step=4600 repair=0.1258 localization=0 type=0 minimal=0.06342 physics=0.4099 total=0.1469
[TRAIN train_climax_no_moisture_corruption_s44] [TRAIN] stage=finetune epoch=1/1 batch=1610/3000 step=4610 repair=0.08404 localization=0 type=0 minimal=0.07074 physics=0.3925 total=0.1044
[TRAIN train_climax_no_moisture_corruption_s44] [TRAIN] stage=finetune epoch=1/1 batch=1620/3000 step=4620 repair=0.1079 localization=0 type=0 minimal=0.07391 physics=0.401 total=0.1287
[TRAIN train_climax_no_moisture_corruption_s44] [TRAIN] stage=finetune epoch=1/1 batch=1630/3000 step=4630 repair=0.06963 localization=0 type=0 minimal=0.06952 physics=0.4138 total=0.09101
[TRAIN train_climax_no_moisture_corruption_s44] [TRAIN] stage=finetune epoch=1/1 batch=1640/3000 step=4640 repair=0.06077 localization=0 type=0 minimal=0.08044 physics=0.4174 total=0.08245
[TRAIN train_climax_no_moisture_corruption_s44] [TRAIN] stage=finetune epoch=1/1 batch=1650/3000 step=4650 repair=0.1317 localization=0 type=0 minimal=0.07404 physics=0.4723 total=0.1561
[TRAIN train_climax_no_moisture_corruption_s44] [TRAIN] stage=finetune epoch=1/1 batch=1660/3000 step=4660 repair=0.0871 localization=0 type=0 minimal=0.06506 physics=0.4915 total=0.1123
[TRAIN train_climax_no_moisture_corruption_s44] [TRAIN] stage=finetune epoch=1/1 batch=1670/3000 step=4670 repair=0.06044 localization=0 type=0 minimal=0.0766 physics=0.4477 total=0.0836
[TRAIN train_climax_no_moisture_corruption_s44] [TRAIN] stage=finetune epoch=1/1 batch=1680/3000 step=4680 repair=0.06739 localization=0 type=0 minimal=0.07928 physics=0.4096 total=0.08866
[TRAIN train_climax_no_moisture_corruption_s44] [TRAIN] stage=finetune epoch=1/1 batch=1690/3000 step=4690 repair=0.09464 localization=0 type=0 minimal=0.06909 physics=0.3788 total=0.1143
[TRAIN train_climax_no_moisture_corruption_s44] [TRAIN] stage=finetune epoch=1/1 batch=1700/3000 step=4700 repair=0.116 localization=0 type=0 minimal=0.06653 physics=0.3756 total=0.1355
[TRAIN train_climax_no_moisture_corruption_s44] [TRAIN] stage=finetune epoch=1/1 batch=1710/3000 step=4710 repair=0.1225 localization=0 type=0 minimal=0.07227 physics=0.4197 total=0.1442
[TRAIN train_climax_no_moisture_corruption_s44] [TRAIN] stage=finetune epoch=1/1 batch=1720/3000 step=4720 repair=0.06441 localization=0 type=0 minimal=0.07764 physics=0.4151 total=0.08595
[TRAIN train_climax_no_moisture_corruption_s44] [TRAIN] stage=finetune epoch=1/1 batch=1730/3000 step=4730 repair=0.07415 localization=0 type=0 minimal=0.07416 physics=0.4052 total=0.09515
[TRAIN train_climax_no_moisture_corruption_s44] [TRAIN] stage=finetune epoch=1/1 batch=1740/3000 step=4740 repair=0.07156 localization=0 type=0 minimal=0.07703 physics=0.3962 total=0.09214
[TRAIN train_climax_no_moisture_corruption_s44] [TRAIN] stage=finetune epoch=1/1 batch=1750/3000 step=4750 repair=0.074 localization=0 type=0 minimal=0.07056 physics=0.3889 total=0.09415
[TRAIN train_climax_no_moisture_corruption_s44] [TRAIN] stage=finetune epoch=1/1 batch=1760/3000 step=4760 repair=0.1231 localization=0 type=0 minimal=0.06396 physics=0.4344 total=0.1454
[TRAIN train_climax_no_moisture_corruption_s44] [TRAIN] stage=finetune epoch=1/1 batch=1770/3000 step=4770 repair=0.06798 localization=0 type=0 minimal=0.08453 physics=0.3904 total=0.08834
[TRAIN train_climax_no_moisture_corruption_s44] [TRAIN] stage=finetune epoch=1/1 batch=1780/3000 step=4780 repair=0.1139 localization=0 type=0 minimal=0.06708 physics=0.4234 total=0.1357
[TRAIN train_climax_no_moisture_corruption_s44] [TRAIN] stage=finetune epoch=1/1 batch=1790/3000 step=4790 repair=0.07598 localization=0 type=0 minimal=0.07141 physics=0.4165 total=0.09752
[TRAIN train_climax_no_moisture_corruption_s44] [TRAIN] stage=finetune epoch=1/1 batch=1800/3000 step=4800 repair=0.1128 localization=0 type=0 minimal=0.08173 physics=0.4281 total=0.135
[TRAIN train_climax_no_moisture_corruption_s44] [TRAIN] stage=finetune epoch=1/1 batch=1810/3000 step=4810 repair=0.0813 localization=0 type=0 minimal=0.07275 physics=0.3886 total=0.1015
[TRAIN train_climax_no_moisture_corruption_s44] [TRAIN] stage=finetune epoch=1/1 batch=1820/3000 step=4820 repair=0.06438 localization=0 type=0 minimal=0.07599 physics=0.3366 total=0.08197
[TRAIN train_climax_no_moisture_corruption_s44] [TRAIN] stage=finetune epoch=1/1 batch=1830/3000 step=4830 repair=0.1204 localization=0 type=0 minimal=0.06445 physics=0.3447 total=0.1383
[TRAIN train_climax_no_moisture_corruption_s44] [TRAIN] stage=finetune epoch=1/1 batch=1840/3000 step=4840 repair=0.1255 localization=0 type=0 minimal=0.06372 physics=0.3239 total=0.1424
[TRAIN train_climax_no_moisture_corruption_s44] [TRAIN] stage=finetune epoch=1/1 batch=1850/3000 step=4850 repair=0.1533 localization=0 type=0 minimal=0.06964 physics=0.3669 total=0.1723
[TRAIN train_climax_no_moisture_corruption_s44] [TRAIN] stage=finetune epoch=1/1 batch=1860/3000 step=4860 repair=0.06095 localization=0 type=0 minimal=0.07977 physics=0.3245 total=0.07797
[TRAIN train_climax_no_moisture_corruption_s44] [TRAIN] stage=finetune epoch=1/1 batch=1870/3000 step=4870 repair=0.07427 localization=0 type=0 minimal=0.0722 physics=0.2921 total=0.0896
[TRAIN train_climax_no_moisture_corruption_s44] [TRAIN] stage=finetune epoch=1/1 batch=1880/3000 step=4880 repair=0.1674 localization=0 type=0 minimal=0.06653 physics=0.3206 total=0.1841
[TRAIN train_climax_no_moisture_corruption_s44] [TRAIN] stage=finetune epoch=1/1 batch=1890/3000 step=4890 repair=0.1223 localization=0 type=0 minimal=0.06793 physics=0.3399 total=0.1399
[TRAIN train_climax_no_moisture_corruption_s44] [TRAIN] stage=finetune epoch=1/1 batch=1900/3000 step=4900 repair=0.1209 localization=0 type=0 minimal=0.06555 physics=0.3428 total=0.1387
[TRAIN train_climax_no_moisture_corruption_s44] [TRAIN] stage=finetune epoch=1/1 batch=1910/3000 step=4910 repair=0.08564 localization=0 type=0 minimal=0.06818 physics=0.3292 total=0.1028
[TRAIN train_climax_no_moisture_corruption_s44] [TRAIN] stage=finetune epoch=1/1 batch=1920/3000 step=4920 repair=0.1044 localization=0 type=0 minimal=0.07965 physics=0.3434 total=0.1223
[TRAIN train_climax_no_moisture_corruption_s44] [TRAIN] stage=finetune epoch=1/1 batch=1930/3000 step=4930 repair=0.06328 localization=0 type=0 minimal=0.0802 physics=0.3453 total=0.08135
[TRAIN train_climax_no_moisture_corruption_s44] [TRAIN] stage=finetune epoch=1/1 batch=1940/3000 step=4940 repair=0.1624 localization=0 type=0 minimal=0.06476 physics=0.4096 total=0.1835
[TRAIN train_climax_no_moisture_corruption_s44] [TRAIN] stage=finetune epoch=1/1 batch=1950/3000 step=4950 repair=0.1671 localization=0 type=0 minimal=0.06464 physics=0.3596 total=0.1857
[TRAIN train_climax_no_moisture_corruption_s44] [TRAIN] stage=finetune epoch=1/1 batch=1960/3000 step=4960 repair=0.07549 localization=0 type=0 minimal=0.07196 physics=0.3451 total=0.09346
[TRAIN train_climax_no_moisture_corruption_s44] [TRAIN] stage=finetune epoch=1/1 batch=1970/3000 step=4970 repair=0.1282 localization=0 type=0 minimal=0.06915 physics=0.3397 total=0.1459
[TRAIN train_climax_no_moisture_corruption_s44] [TRAIN] stage=finetune epoch=1/1 batch=1980/3000 step=4980 repair=0.1509 localization=0 type=0 minimal=0.06824 physics=0.3328 total=0.1682
[TRAIN train_climax_no_moisture_corruption_s44] [TRAIN] stage=finetune epoch=1/1 batch=1990/3000 step=4990 repair=0.07317 localization=0 type=0 minimal=0.07477 physics=0.3015 total=0.089
[TRAIN train_climax_no_moisture_corruption_s44] [TRAIN] stage=finetune epoch=1/1 batch=2000/3000 step=5000 repair=0.1697 localization=0 type=0 minimal=0.06787 physics=0.3471 total=0.1877
[TRAIN train_climax_no_moisture_corruption_s44] [TRAIN] stage=finetune epoch=1/1 batch=2010/3000 step=5010 repair=0.05844 localization=0 type=0 minimal=0.07904 physics=0.327 total=0.07558
[TRAIN train_climax_no_moisture_corruption_s44] [TRAIN] stage=finetune epoch=1/1 batch=2020/3000 step=5020 repair=0.07668 localization=0 type=0 minimal=0.07721 physics=0.3452 total=0.09472
[TRAIN train_climax_no_moisture_corruption_s44] [TRAIN] stage=finetune epoch=1/1 batch=2030/3000 step=5030 repair=0.155 localization=0 type=0 minimal=0.06125 physics=0.3822 total=0.1747
[TRAIN train_climax_no_moisture_corruption_s44] [TRAIN] stage=finetune epoch=1/1 batch=2040/3000 step=5040 repair=0.1163 localization=0 type=0 minimal=0.07404 physics=0.3448 total=0.1342
[TRAIN train_climax_no_moisture_corruption_s44] [TRAIN] stage=finetune epoch=1/1 batch=2050/3000 step=5050 repair=0.1832 localization=0 type=0 minimal=0.06775 physics=0.4208 total=0.2049
[TRAIN train_climax_no_moisture_corruption_s44] [TRAIN] stage=finetune epoch=1/1 batch=2060/3000 step=5060 repair=0.07161 localization=0 type=0 minimal=0.07666 physics=0.3638 total=0.09057
[TRAIN train_climax_no_moisture_corruption_s44] [TRAIN] stage=finetune epoch=1/1 batch=2070/3000 step=5070 repair=0.1125 localization=0 type=0 minimal=0.07452 physics=0.376 total=0.132
[TRAIN train_climax_no_moisture_corruption_s44] [TRAIN] stage=finetune epoch=1/1 batch=2080/3000 step=5080 repair=0.1052 localization=0 type=0 minimal=0.07629 physics=0.3954 total=0.1258
[TRAIN train_climax_no_moisture_corruption_s44] [TRAIN] stage=finetune epoch=1/1 batch=2090/3000 step=5090 repair=0.1262 localization=0 type=0 minimal=0.06543 physics=0.3523 total=0.1445
[TRAIN train_climax_no_moisture_corruption_s44] [TRAIN] stage=finetune epoch=1/1 batch=2100/3000 step=5100 repair=0.1176 localization=0 type=0 minimal=0.0686 physics=0.3415 total=0.1353
[TRAIN train_climax_no_moisture_corruption_s44] [TRAIN] stage=finetune epoch=1/1 batch=2110/3000 step=5110 repair=0.08927 localization=0 type=0 minimal=0.07123 physics=0.3304 total=0.1065
[TRAIN train_climax_no_moisture_corruption_s44] [TRAIN] stage=finetune epoch=1/1 batch=2120/3000 step=5120 repair=0.0953 localization=0 type=0 minimal=0.07233 physics=0.3291 total=0.1125
[TRAIN train_climax_no_moisture_corruption_s44] [TRAIN] stage=finetune epoch=1/1 batch=2130/3000 step=5130 repair=0.1177 localization=0 type=0 minimal=0.06738 physics=0.3239 total=0.1345
[TRAIN train_climax_no_moisture_corruption_s44] [TRAIN] stage=finetune epoch=1/1 batch=2140/3000 step=5140 repair=0.117 localization=0 type=0 minimal=0.0683 physics=0.3321 total=0.1343
[TRAIN train_climax_no_moisture_corruption_s44] [TRAIN] stage=finetune epoch=1/1 batch=2150/3000 step=5150 repair=0.07518 localization=0 type=0 minimal=0.07953 physics=0.3068 total=0.09131
[TRAIN train_climax_no_moisture_corruption_s44] [TRAIN] stage=finetune epoch=1/1 batch=2160/3000 step=5160 repair=0.1269 localization=0 type=0 minimal=0.06732 physics=0.316 total=0.1434
[TRAIN train_climax_no_moisture_corruption_s44] [TRAIN] stage=finetune epoch=1/1 batch=2170/3000 step=5170 repair=0.09071 localization=0 type=0 minimal=0.07446 physics=0.3594 total=0.1094
[TRAIN train_climax_no_moisture_corruption_s44] [TRAIN] stage=finetune epoch=1/1 batch=2180/3000 step=5180 repair=0.06456 localization=0 type=0 minimal=0.07971 physics=0.3298 total=0.08185
[TRAIN train_climax_no_moisture_corruption_s44] [TRAIN] stage=finetune epoch=1/1 batch=2190/3000 step=5190 repair=0.115 localization=0 type=0 minimal=0.07434 physics=0.3258 total=0.132
[TRAIN train_climax_no_moisture_corruption_s44] [TRAIN] stage=finetune epoch=1/1 batch=2200/3000 step=5200 repair=0.1266 localization=0 type=0 minimal=0.07007 physics=0.3296 total=0.1438
[TRAIN train_climax_no_moisture_corruption_s44] [TRAIN] stage=finetune epoch=1/1 batch=2210/3000 step=5210 repair=0.1818 localization=0 type=0 minimal=0.06165 physics=0.3609 total=0.2004
[TRAIN train_climax_no_moisture_corruption_s44] [TRAIN] stage=finetune epoch=1/1 batch=2220/3000 step=5220 repair=0.1178 localization=0 type=0 minimal=0.07513 physics=0.2929 total=0.1332
[TRAIN train_climax_no_moisture_corruption_s44] [TRAIN] stage=finetune epoch=1/1 batch=2230/3000 step=5230 repair=0.06328 localization=0 type=0 minimal=0.0824 physics=0.2913 total=0.07867
[TRAIN train_climax_no_moisture_corruption_s44] [TRAIN] stage=finetune epoch=1/1 batch=2240/3000 step=5240 repair=0.1162 localization=0 type=0 minimal=0.07062 physics=0.3323 total=0.1335
[TRAIN train_climax_no_moisture_corruption_s44] [TRAIN] stage=finetune epoch=1/1 batch=2250/3000 step=5250 repair=0.1721 localization=0 type=0 minimal=0.06354 physics=0.323 total=0.1888
[TRAIN train_climax_no_moisture_corruption_s44] [TRAIN] stage=finetune epoch=1/1 batch=2260/3000 step=5260 repair=0.1244 localization=0 type=0 minimal=0.06567 physics=0.292 total=0.1396
[TRAIN train_climax_no_moisture_corruption_s44] [TRAIN] stage=finetune epoch=1/1 batch=2270/3000 step=5270 repair=0.08237 localization=0 type=0 minimal=0.08075 physics=0.2773 total=0.09704
[TRAIN train_climax_no_moisture_corruption_s44] [TRAIN] stage=finetune epoch=1/1 batch=2280/3000 step=5280 repair=0.1663 localization=0 type=0 minimal=0.0636 physics=0.2925 total=0.1816
[TRAIN train_climax_no_moisture_corruption_s44] [TRAIN] stage=finetune epoch=1/1 batch=2290/3000 step=5290 repair=0.08753 localization=0 type=0 minimal=0.06964 physics=0.2618 total=0.1013
[TRAIN train_climax_no_moisture_corruption_s44] [TRAIN] stage=finetune epoch=1/1 batch=2300/3000 step=5300 repair=0.1145 localization=0 type=0 minimal=0.07581 physics=0.2564 total=0.1281
[TRAIN train_climax_no_moisture_corruption_s44] [TRAIN] stage=finetune epoch=1/1 batch=2310/3000 step=5310 repair=0.1604 localization=0 type=0 minimal=0.06451 physics=0.2985 total=0.176
[TRAIN train_climax_no_moisture_corruption_s44] [TRAIN] stage=finetune epoch=1/1 batch=2320/3000 step=5320 repair=0.1503 localization=0 type=0 minimal=0.06223 physics=0.2607 total=0.164
[TRAIN train_climax_no_moisture_corruption_s44] [TRAIN] stage=finetune epoch=1/1 batch=2330/3000 step=5330 repair=0.1253 localization=0 type=0 minimal=0.07019 physics=0.2638 total=0.1392
[TRAIN train_climax_no_moisture_corruption_s44] [TRAIN] stage=finetune epoch=1/1 batch=2340/3000 step=5340 repair=0.1318 localization=0 type=0 minimal=0.06683 physics=0.264 total=0.1457
[TRAIN train_climax_no_moisture_corruption_s44] [TRAIN] stage=finetune epoch=1/1 batch=2350/3000 step=5350 repair=0.07077 localization=0 type=0 minimal=0.07831 physics=0.2445 total=0.08378
[TRAIN train_climax_no_moisture_corruption_s44] [TRAIN] stage=finetune epoch=1/1 batch=2360/3000 step=5360 repair=0.138 localization=0 type=0 minimal=0.06952 physics=0.2947 total=0.1535
[TRAIN train_climax_no_moisture_corruption_s44] [TRAIN] stage=finetune epoch=1/1 batch=2370/3000 step=5370 repair=0.1249 localization=0 type=0 minimal=0.06757 physics=0.3021 total=0.1406
[TRAIN train_climax_no_moisture_corruption_s44] [TRAIN] stage=finetune epoch=1/1 batch=2380/3000 step=5380 repair=0.06079 localization=0 type=0 minimal=0.08179 physics=0.2322 total=0.07322
[TRAIN train_climax_no_moisture_corruption_s44] [TRAIN] stage=finetune epoch=1/1 batch=2390/3000 step=5390 repair=0.1203 localization=0 type=0 minimal=0.06549 physics=0.2384 total=0.1328
[TRAIN train_climax_no_moisture_corruption_s44] [TRAIN] stage=finetune epoch=1/1 batch=2400/3000 step=5400 repair=0.1119 localization=0 type=0 minimal=0.07593 physics=0.2422 total=0.1248
[TRAIN train_climax_no_moisture_corruption_s44] [TRAIN] stage=finetune epoch=1/1 batch=2410/3000 step=5410 repair=0.1209 localization=0 type=0 minimal=0.07635 physics=0.2418 total=0.1337
[TRAIN train_climax_no_moisture_corruption_s44] [TRAIN] stage=finetune epoch=1/1 batch=2420/3000 step=5420 repair=0.1195 localization=0 type=0 minimal=0.06799 physics=0.2238 total=0.1314
[TRAIN train_climax_no_moisture_corruption_s44] [TRAIN] stage=finetune epoch=1/1 batch=2430/3000 step=5430 repair=0.118 localization=0 type=0 minimal=0.06445 physics=0.2176 total=0.1295
[TRAIN train_climax_no_moisture_corruption_s44] [TRAIN] stage=finetune epoch=1/1 batch=2440/3000 step=5440 repair=0.08498 localization=0 type=0 minimal=0.07001 physics=0.2131 total=0.09634
[TRAIN train_climax_no_moisture_corruption_s44] [TRAIN] stage=finetune epoch=1/1 batch=2450/3000 step=5450 repair=0.05472 localization=0 type=0 minimal=0.08954 physics=0.2251 total=0.06687
[TRAIN train_climax_no_moisture_corruption_s44] [TRAIN] stage=finetune epoch=1/1 batch=2460/3000 step=5460 repair=0.1287 localization=0 type=0 minimal=0.06757 physics=0.2348 total=0.1411
[TRAIN train_climax_no_moisture_corruption_s44] [TRAIN] stage=finetune epoch=1/1 batch=2470/3000 step=5470 repair=0.09417 localization=0 type=0 minimal=0.07428 physics=0.2058 total=0.1052
[TRAIN train_climax_no_moisture_corruption_s44] [TRAIN] stage=finetune epoch=1/1 batch=2480/3000 step=5480 repair=0.1078 localization=0 type=0 minimal=0.0799 physics=0.2318 total=0.1202
[TRAIN train_climax_no_moisture_corruption_s44] [TRAIN] stage=finetune epoch=1/1 batch=2490/3000 step=5490 repair=0.08389 localization=0 type=0 minimal=0.06897 physics=0.2132 total=0.09524
[TRAIN train_climax_no_moisture_corruption_s44] [TRAIN] stage=finetune epoch=1/1 batch=2500/3000 step=5500 repair=0.08679 localization=0 type=0 minimal=0.0741 physics=0.2028 total=0.09767
[TRAIN train_climax_no_moisture_corruption_s44] [TRAIN] stage=finetune epoch=1/1 batch=2510/3000 step=5510 repair=0.05662 localization=0 type=0 minimal=0.08252 physics=0.1965 total=0.06728
[TRAIN train_climax_no_moisture_corruption_s44] [TRAIN] stage=finetune epoch=1/1 batch=2520/3000 step=5520 repair=0.09013 localization=0 type=0 minimal=0.07312 physics=0.2014 total=0.1009
[TRAIN train_climax_no_moisture_corruption_s44] [TRAIN] stage=finetune epoch=1/1 batch=2530/3000 step=5530 repair=0.161 localization=0 type=0 minimal=0.06342 physics=0.2526 total=0.1743
[TRAIN train_climax_no_moisture_corruption_s44] [TRAIN] stage=finetune epoch=1/1 batch=2540/3000 step=5540 repair=0.1182 localization=0 type=0 minimal=0.07324 physics=0.2691 total=0.1324
[TRAIN train_climax_no_moisture_corruption_s44] [TRAIN] stage=finetune epoch=1/1 batch=2550/3000 step=5550 repair=0.1218 localization=0 type=0 minimal=0.07831 physics=0.2369 total=0.1345
[TRAIN train_climax_no_moisture_corruption_s44] [TRAIN] stage=finetune epoch=1/1 batch=2560/3000 step=5560 repair=0.1104 localization=0 type=0 minimal=0.07446 physics=0.2422 total=0.1232
[TRAIN train_climax_no_moisture_corruption_s44] [TRAIN] stage=finetune epoch=1/1 batch=2570/3000 step=5570 repair=0.09965 localization=0 type=0 minimal=0.07288 physics=0.2394 total=0.1123
[TRAIN train_climax_no_moisture_corruption_s44] [TRAIN] stage=finetune epoch=1/1 batch=2580/3000 step=5580 repair=0.1356 localization=0 type=0 minimal=0.07111 physics=0.2595 total=0.1493
[TRAIN train_climax_no_moisture_corruption_s44] [TRAIN] stage=finetune epoch=1/1 batch=2590/3000 step=5590 repair=0.1103 localization=0 type=0 minimal=0.0849 physics=0.2476 total=0.1235
[TRAIN train_climax_no_moisture_corruption_s44] [TRAIN] stage=finetune epoch=1/1 batch=2600/3000 step=5600 repair=0.1565 localization=0 type=0 minimal=0.07159 physics=0.2648 total=0.1705
[TRAIN train_climax_no_moisture_corruption_s44] [TRAIN] stage=finetune epoch=1/1 batch=2610/3000 step=5610 repair=0.1087 localization=0 type=0 minimal=0.07275 physics=0.2439 total=0.1216
[TRAIN train_climax_no_moisture_corruption_s44] [TRAIN] stage=finetune epoch=1/1 batch=2620/3000 step=5620 repair=0.1269 localization=0 type=0 minimal=0.06989 physics=0.2242 total=0.1388
[TRAIN train_climax_no_moisture_corruption_s44] [TRAIN] stage=finetune epoch=1/1 batch=2630/3000 step=5630 repair=0.152 localization=0 type=0 minimal=0.06439 physics=0.2576 total=0.1655
[TRAIN train_climax_no_moisture_corruption_s44] [TRAIN] stage=finetune epoch=1/1 batch=2640/3000 step=5640 repair=0.09553 localization=0 type=0 minimal=0.07135 physics=0.2278 total=0.1076
[TRAIN train_climax_no_moisture_corruption_s44] [TRAIN] stage=finetune epoch=1/1 batch=2650/3000 step=5650 repair=0.1781 localization=0 type=0 minimal=0.06232 physics=0.2885 total=0.1932
[TRAIN train_climax_no_moisture_corruption_s44] [TRAIN] stage=finetune epoch=1/1 batch=2660/3000 step=5660 repair=0.1576 localization=0 type=0 minimal=0.06927 physics=0.2786 total=0.1722
[TRAIN train_climax_no_moisture_corruption_s44] [TRAIN] stage=finetune epoch=1/1 batch=2670/3000 step=5670 repair=0.1228 localization=0 type=0 minimal=0.06915 physics=0.2537 total=0.1361
[TRAIN train_climax_no_moisture_corruption_s44] [TRAIN] stage=finetune epoch=1/1 batch=2680/3000 step=5680 repair=0.0714 localization=0 type=0 minimal=0.07684 physics=0.2421 total=0.08427
[TRAIN train_climax_no_moisture_corruption_s44] [TRAIN] stage=finetune epoch=1/1 batch=2690/3000 step=5690 repair=0.06884 localization=0 type=0 minimal=0.07788 physics=0.225 total=0.08087
[TRAIN train_climax_no_moisture_corruption_s44] [TRAIN] stage=finetune epoch=1/1 batch=2700/3000 step=5700 repair=0.1134 localization=0 type=0 minimal=0.07721 physics=0.2362 total=0.126
[TRAIN train_climax_no_moisture_corruption_s44] [TRAIN] stage=finetune epoch=1/1 batch=2710/3000 step=5710 repair=0.07328 localization=0 type=0 minimal=0.07916 physics=0.2427 total=0.08621
[TRAIN train_climax_no_moisture_corruption_s44] [TRAIN] stage=finetune epoch=1/1 batch=2720/3000 step=5720 repair=0.06108 localization=0 type=0 minimal=0.08887 physics=0.2382 total=0.07388
[TRAIN train_climax_no_moisture_corruption_s44] [TRAIN] stage=finetune epoch=1/1 batch=2730/3000 step=5730 repair=0.07423 localization=0 type=0 minimal=0.07495 physics=0.2679 total=0.08837
[TRAIN train_climax_no_moisture_corruption_s44] [TRAIN] stage=finetune epoch=1/1 batch=2740/3000 step=5740 repair=0.1089 localization=0 type=0 minimal=0.07965 physics=0.2797 total=0.1236
[TRAIN train_climax_no_moisture_corruption_s44] [TRAIN] stage=finetune epoch=1/1 batch=2750/3000 step=5750 repair=0.07946 localization=0 type=0 minimal=0.07092 physics=0.265 total=0.09341
[TRAIN train_climax_no_moisture_corruption_s44] [TRAIN] stage=finetune epoch=1/1 batch=2760/3000 step=5760 repair=0.1049 localization=0 type=0 minimal=0.08081 physics=0.241 total=0.1177
[TRAIN train_climax_no_moisture_corruption_s44] [TRAIN] stage=finetune epoch=1/1 batch=2770/3000 step=5770 repair=0.1646 localization=0 type=0 minimal=0.06775 physics=0.2618 total=0.1784
[TRAIN train_climax_no_moisture_corruption_s44] [TRAIN] stage=finetune epoch=1/1 batch=2780/3000 step=5780 repair=0.1148 localization=0 type=0 minimal=0.07257 physics=0.2523 total=0.1281
[TRAIN train_climax_no_moisture_corruption_s44] [TRAIN] stage=finetune epoch=1/1 batch=2790/3000 step=5790 repair=0.1152 localization=0 type=0 minimal=0.08063 physics=0.2377 total=0.1279
[TRAIN train_climax_no_moisture_corruption_s44] [TRAIN] stage=finetune epoch=1/1 batch=2800/3000 step=5800 repair=0.06445 localization=0 type=0 minimal=0.09174 physics=0.2448 total=0.07761
[TRAIN train_climax_no_moisture_corruption_s44] [TRAIN] stage=finetune epoch=1/1 batch=2810/3000 step=5810 repair=0.074 localization=0 type=0 minimal=0.08313 physics=0.2235 total=0.08601
[TRAIN train_climax_no_moisture_corruption_s44] [TRAIN] stage=finetune epoch=1/1 batch=2820/3000 step=5820 repair=0.1175 localization=0 type=0 minimal=0.07129 physics=0.2328 total=0.1299
[TRAIN train_climax_no_moisture_corruption_s44] [TRAIN] stage=finetune epoch=1/1 batch=2830/3000 step=5830 repair=0.07611 localization=0 type=0 minimal=0.078 physics=0.2232 total=0.08806
[TRAIN train_climax_no_moisture_corruption_s44] [TRAIN] stage=finetune epoch=1/1 batch=2840/3000 step=5840 repair=0.07125 localization=0 type=0 minimal=0.0777 physics=0.2299 total=0.08352
[TRAIN train_climax_no_moisture_corruption_s44] [TRAIN] stage=finetune epoch=1/1 batch=2850/3000 step=5850 repair=0.108 localization=0 type=0 minimal=0.07477 physics=0.2268 total=0.1201
[TRAIN train_climax_no_moisture_corruption_s44] [TRAIN] stage=finetune epoch=1/1 batch=2860/3000 step=5860 repair=0.1484 localization=0 type=0 minimal=0.06305 physics=0.2458 total=0.1614
[TRAIN train_climax_no_moisture_corruption_s44] [TRAIN] stage=finetune epoch=1/1 batch=2870/3000 step=5870 repair=0.07303 localization=0 type=0 minimal=0.08081 physics=0.2111 total=0.0844
[TRAIN train_climax_no_moisture_corruption_s44] [TRAIN] stage=finetune epoch=1/1 batch=2880/3000 step=5880 repair=0.1047 localization=0 type=0 minimal=0.07495 physics=0.2252 total=0.1167
[TRAIN train_climax_no_moisture_corruption_s44] [TRAIN] stage=finetune epoch=1/1 batch=2890/3000 step=5890 repair=0.1202 localization=0 type=0 minimal=0.06555 physics=0.1996 total=0.1309
[TRAIN train_climax_no_moisture_corruption_s44] [TRAIN] stage=finetune epoch=1/1 batch=2900/3000 step=5900 repair=0.07143 localization=0 type=0 minimal=0.08002 physics=0.186 total=0.08153
[TRAIN train_climax_no_moisture_corruption_s44] [TRAIN] stage=finetune epoch=1/1 batch=2910/3000 step=5910 repair=0.1677 localization=0 type=0 minimal=0.0639 physics=0.2368 total=0.1802
[TRAIN train_climax_no_moisture_corruption_s44] [TRAIN] stage=finetune epoch=1/1 batch=2920/3000 step=5920 repair=0.11 localization=0 type=0 minimal=0.07867 physics=0.2178 total=0.1217
[TRAIN train_climax_no_moisture_corruption_s44] [TRAIN] stage=finetune epoch=1/1 batch=2930/3000 step=5930 repair=0.1113 localization=0 type=0 minimal=0.07678 physics=0.2237 total=0.1232
[TRAIN train_climax_no_moisture_corruption_s44] [TRAIN] stage=finetune epoch=1/1 batch=2940/3000 step=5940 repair=0.08531 localization=0 type=0 minimal=0.07251 physics=0.2284 total=0.09745
[TRAIN train_climax_no_moisture_corruption_s44] [TRAIN] stage=finetune epoch=1/1 batch=2950/3000 step=5950 repair=0.0744 localization=0 type=0 minimal=0.08087 physics=0.2276 total=0.08658
[TRAIN train_climax_no_moisture_corruption_s44] [TRAIN] stage=finetune epoch=1/1 batch=2960/3000 step=5960 repair=0.07788 localization=0 type=0 minimal=0.08759 physics=0.2155 total=0.08953
[TRAIN train_climax_no_moisture_corruption_s44] [TRAIN] stage=finetune epoch=1/1 batch=2970/3000 step=5970 repair=0.07144 localization=0 type=0 minimal=0.08502 physics=0.2301 total=0.0838
[TRAIN train_climax_no_moisture_corruption_s44] [TRAIN] stage=finetune epoch=1/1 batch=2980/3000 step=5980 repair=0.07724 localization=0 type=0 minimal=0.0827 physics=0.2048 total=0.0883
[TRAIN train_climax_no_moisture_corruption_s44] [TRAIN] stage=finetune epoch=1/1 batch=2990/3000 step=5990 repair=0.1151 localization=0 type=0 minimal=0.07233 physics=0.2044 total=0.126
[TRAIN train_climax_no_moisture_corruption_s44] [TRAIN] stage=finetune epoch=1/1 batch=3000/3000 step=6000 repair=0.11 localization=0 type=0 minimal=0.07678 physics=0.2197 total=0.1218
[TRAIN train_climax_no_moisture_corruption_s44] [EPOCH] {'stage': 'finetune', 'epoch': 0, 'global_step': 6000, 'train_total': 0.16528251233448585, 'val_repair_mse': 0.11341371946036816, 'elapsed_seconds': 3773.29}
[TRAIN train_climax_no_moisture_corruption_s44] [BEST] val_repair_mse=0.113414
[TRAIN train_climax_no_moisture_corruption_s44] [TRAIN COMPLETE] {
[TRAIN train_climax_no_moisture_corruption_s44]   "run_id": "prelim20_train_climax_no_moisture_corruption_s44",
[TRAIN train_climax_no_moisture_corruption_s44]   "status": "completed",
[TRAIN train_climax_no_moisture_corruption_s44]   "method": "no_moisture_corruption",
[TRAIN train_climax_no_moisture_corruption_s44]   "backbone": "climax",
[TRAIN train_climax_no_moisture_corruption_s44]   "seed": 44,
[TRAIN train_climax_no_moisture_corruption_s44]   "forecast_provider": "zarr_frozen_fm",
[TRAIN train_climax_no_moisture_corruption_s44]   "best_val_repair_mse": 0.11341371946036816,
[TRAIN train_climax_no_moisture_corruption_s44]   "global_step": 6000,
[TRAIN train_climax_no_moisture_corruption_s44]   "elapsed_seconds": 3773.43,
[TRAIN train_climax_no_moisture_corruption_s44]   "checkpoint_best": "/home/tahiti/ConserveFM/runs/prelim20_train/train_climax_no_moisture_corruption_s44/checkpoint_best.pt",
[TRAIN train_climax_no_moisture_corruption_s44]   "checkpoint_last": "/home/tahiti/ConserveFM/runs/prelim20_train/train_climax_no_moisture_corruption_s44/checkpoint_last.pt"
[TRAIN train_climax_no_moisture_corruption_s44] }
