[TRAIN train_climax_no_spectral_constraint_s44] [SETUP] device=cuda
[TRAIN train_climax_no_spectral_constraint_s44] [SETUP] run_id=prelim20_train_climax_no_spectral_constraint_s44 method=no_spectral_constraint backbone=climax
[TRAIN train_climax_no_spectral_constraint_s44] [FORECAST] using frozen forecast cache: /home/tahiti/ConserveFM/forecasts/climax.zarr
[TRAIN train_climax_no_spectral_constraint_s44] [STAGE] pretrain epochs=1 start_epoch=0
[TRAIN train_climax_no_spectral_constraint_s44] [TRAIN] stage=pretrain epoch=1/1 batch=10/3000 step=10 repair=0.04644 localization=0.4441 type=1.906 minimal=0.1245 physics=1.746 total=0.4688
[TRAIN train_climax_no_spectral_constraint_s44] [TRAIN] stage=pretrain epoch=1/1 batch=20/3000 step=20 repair=0.01437 localization=0.2661 type=1.982 minimal=0.08917 physics=0.8856 total=0.443
[TRAIN train_climax_no_spectral_constraint_s44] [TRAIN] stage=pretrain epoch=1/1 batch=30/3000 step=30 repair=0.02275 localization=0.3379 type=1.389 minimal=0.06476 physics=1.186 total=0.367
[TRAIN train_climax_no_spectral_constraint_s44] [TRAIN] stage=pretrain epoch=1/1 batch=40/3000 step=40 repair=0.0177 localization=0.3354 type=2.394 minimal=0.05829 physics=1.397 total=0.52
[TRAIN train_climax_no_spectral_constraint_s44] [TRAIN] stage=pretrain epoch=1/1 batch=50/3000 step=50 repair=0.008359 localization=0.2448 type=2.426 minimal=0.04953 physics=0.5942 total=0.4257
[TRAIN train_climax_no_spectral_constraint_s44] [TRAIN] stage=pretrain epoch=1/1 batch=60/3000 step=60 repair=0.02511 localization=0.2686 type=1.423 minimal=0.04599 physics=1.043 total=0.2469
[TRAIN train_climax_no_spectral_constraint_s44] [TRAIN] stage=pretrain epoch=1/1 batch=70/3000 step=70 repair=0.003915 localization=0.2366 type=1.124 minimal=0.03711 physics=1.249 total=0.2551
[TRAIN train_climax_no_spectral_constraint_s44] [TRAIN] stage=pretrain epoch=1/1 batch=80/3000 step=80 repair=0.003619 localization=0.3659 type=1.72 minimal=0.03317 physics=0.5774 total=0.3586
[TRAIN train_climax_no_spectral_constraint_s44] [TRAIN] stage=pretrain epoch=1/1 batch=90/3000 step=90 repair=0.01621 localization=0.235 type=2.581 minimal=0.03296 physics=2.373 total=0.4168
[TRAIN train_climax_no_spectral_constraint_s44] [TRAIN] stage=pretrain epoch=1/1 batch=100/3000 step=100 repair=0.01224 localization=0.3894 type=1.367 minimal=0.03479 physics=0.4347 total=0.3085
[TRAIN train_climax_no_spectral_constraint_s44] [TRAIN] stage=pretrain epoch=1/1 batch=110/3000 step=110 repair=0.0169 localization=0.2501 type=2.321 minimal=0.03784 physics=0.2524 total=0.4763
[TRAIN train_climax_no_spectral_constraint_s44] [TRAIN] stage=pretrain epoch=1/1 batch=120/3000 step=120 repair=0.02582 localization=0.2785 type=1.868 minimal=0.03586 physics=1.467 total=0.3142
[TRAIN train_climax_no_spectral_constraint_s44] [TRAIN] stage=pretrain epoch=1/1 batch=130/3000 step=130 repair=0.01132 localization=0.3368 type=1.949 minimal=0.03436 physics=0.6129 total=0.2709
[TRAIN train_climax_no_spectral_constraint_s44] [TRAIN] stage=pretrain epoch=1/1 batch=140/3000 step=140 repair=0.003579 localization=0.4209 type=1.998 minimal=0.03084 physics=0.2283 total=0.4089
[TRAIN train_climax_no_spectral_constraint_s44] [TRAIN] stage=pretrain epoch=1/1 batch=150/3000 step=150 repair=0.005286 localization=0.2357 type=0.9832 minimal=0.02536 physics=0.1391 total=0.1885
[TRAIN train_climax_no_spectral_constraint_s44] [TRAIN] stage=pretrain epoch=1/1 batch=160/3000 step=160 repair=0.02535 localization=0.3234 type=1.642 minimal=0.02837 physics=0.4904 total=0.3757
[TRAIN train_climax_no_spectral_constraint_s44] [TRAIN] stage=pretrain epoch=1/1 batch=170/3000 step=170 repair=0.004378 localization=0.3217 type=1.37 minimal=0.0298 physics=0.3635 total=0.192
[TRAIN train_climax_no_spectral_constraint_s44] [TRAIN] stage=pretrain epoch=1/1 batch=180/3000 step=180 repair=0.01088 localization=0.3194 type=1.991 minimal=0.03256 physics=0.5376 total=0.359
[TRAIN train_climax_no_spectral_constraint_s44] [TRAIN] stage=pretrain epoch=1/1 batch=190/3000 step=190 repair=0.02594 localization=0.2649 type=0.8091 minimal=0.02936 physics=1.733 total=0.2203
[TRAIN train_climax_no_spectral_constraint_s44] [TRAIN] stage=pretrain epoch=1/1 batch=200/3000 step=200 repair=0.00331 localization=0.4299 type=2.955 minimal=0.02592 physics=0.264 total=0.3553
[TRAIN train_climax_no_spectral_constraint_s44] [TRAIN] stage=pretrain epoch=1/1 batch=210/3000 step=210 repair=0.008337 localization=0.3997 type=2.373 minimal=0.02797 physics=0.9065 total=0.4636
[TRAIN train_climax_no_spectral_constraint_s44] [TRAIN] stage=pretrain epoch=1/1 batch=220/3000 step=220 repair=0.01592 localization=0.3682 type=2.03 minimal=0.02779 physics=0.344 total=0.3862
[TRAIN train_climax_no_spectral_constraint_s44] [TRAIN] stage=pretrain epoch=1/1 batch=230/3000 step=230 repair=0.003171 localization=0.2426 type=0.9033 minimal=0.02538 physics=0.1413 total=0.2039
[TRAIN train_climax_no_spectral_constraint_s44] [TRAIN] stage=pretrain epoch=1/1 batch=240/3000 step=240 repair=0.003713 localization=0.4154 type=0.9399 minimal=0.02908 physics=0.2633 total=0.2189
[TRAIN train_climax_no_spectral_constraint_s44] [TRAIN] stage=pretrain epoch=1/1 batch=250/3000 step=250 repair=0.002551 localization=0.2823 type=1.006 minimal=0.02538 physics=0.5509 total=0.2047
[TRAIN train_climax_no_spectral_constraint_s44] [TRAIN] stage=pretrain epoch=1/1 batch=260/3000 step=260 repair=0.006806 localization=0.2693 type=1.56 minimal=0.02559 physics=0.3113 total=0.3354
[TRAIN train_climax_no_spectral_constraint_s44] [TRAIN] stage=pretrain epoch=1/1 batch=270/3000 step=270 repair=0.006513 localization=0.2787 type=1.667 minimal=0.02991 physics=0.4555 total=0.3254
[TRAIN train_climax_no_spectral_constraint_s44] [TRAIN] stage=pretrain epoch=1/1 batch=280/3000 step=280 repair=0.004191 localization=0.3818 type=1.384 minimal=0.02789 physics=0.2123 total=0.1916
[TRAIN train_climax_no_spectral_constraint_s44] [TRAIN] stage=pretrain epoch=1/1 batch=290/3000 step=290 repair=0.003777 localization=0.2174 type=1.696 minimal=0.02586 physics=0.3295 total=0.2917
[TRAIN train_climax_no_spectral_constraint_s44] [TRAIN] stage=pretrain epoch=1/1 batch=300/3000 step=300 repair=0.003017 localization=0.2533 type=1.145 minimal=0.02461 physics=0.3444 total=0.2055
[TRAIN train_climax_no_spectral_constraint_s44] [TRAIN] stage=pretrain epoch=1/1 batch=310/3000 step=310 repair=0.005431 localization=0.1866 type=2.313 minimal=0.02927 physics=0.4866 total=0.4359
[TRAIN train_climax_no_spectral_constraint_s44] [TRAIN] stage=pretrain epoch=1/1 batch=320/3000 step=320 repair=0.002806 localization=0.2721 type=1.633 minimal=0.02536 physics=0.2663 total=0.2069
[TRAIN train_climax_no_spectral_constraint_s44] [TRAIN] stage=pretrain epoch=1/1 batch=330/3000 step=330 repair=0.01124 localization=0.2336 type=1.271 minimal=0.02171 physics=0.4097 total=0.252
[TRAIN train_climax_no_spectral_constraint_s44] [TRAIN] stage=pretrain epoch=1/1 batch=340/3000 step=340 repair=0.006413 localization=0.2493 type=1.209 minimal=0.02527 physics=0.2459 total=0.241
[TRAIN train_climax_no_spectral_constraint_s44] [TRAIN] stage=pretrain epoch=1/1 batch=350/3000 step=350 repair=0.005162 localization=0.4429 type=2.27 minimal=0.02373 physics=0.8587 total=0.3196
[TRAIN train_climax_no_spectral_constraint_s44] [TRAIN] stage=pretrain epoch=1/1 batch=360/3000 step=360 repair=0.004926 localization=0.3647 type=1.18 minimal=0.03096 physics=0.3775 total=0.1786
[TRAIN train_climax_no_spectral_constraint_s44] [TRAIN] stage=pretrain epoch=1/1 batch=370/3000 step=370 repair=0.009812 localization=0.2413 type=1.377 minimal=0.02805 physics=0.882 total=0.216
[TRAIN train_climax_no_spectral_constraint_s44] [TRAIN] stage=pretrain epoch=1/1 batch=380/3000 step=380 repair=0.01013 localization=0.3238 type=2.734 minimal=0.03268 physics=0.2496 total=0.4255
[TRAIN train_climax_no_spectral_constraint_s44] [TRAIN] stage=pretrain epoch=1/1 batch=390/3000 step=390 repair=0.008459 localization=0.3711 type=2.106 minimal=0.0347 physics=0.4335 total=0.4151
[TRAIN train_climax_no_spectral_constraint_s44] [TRAIN] stage=pretrain epoch=1/1 batch=400/3000 step=400 repair=0.004068 localization=0.2957 type=2.01 minimal=0.02846 physics=0.3872 total=0.2543
[TRAIN train_climax_no_spectral_constraint_s44] [TRAIN] stage=pretrain epoch=1/1 batch=410/3000 step=410 repair=0.01136 localization=0.2927 type=1.858 minimal=0.0273 physics=0.2898 total=0.3649
[TRAIN train_climax_no_spectral_constraint_s44] [TRAIN] stage=pretrain epoch=1/1 batch=420/3000 step=420 repair=0.005951 localization=0.4383 type=1.57 minimal=0.02763 physics=0.794 total=0.2468
[TRAIN train_climax_no_spectral_constraint_s44] [TRAIN] stage=pretrain epoch=1/1 batch=430/3000 step=430 repair=0.02749 localization=0.2734 type=1.296 minimal=0.02541 physics=0.5336 total=0.2974
[TRAIN train_climax_no_spectral_constraint_s44] [TRAIN] stage=pretrain epoch=1/1 batch=440/3000 step=440 repair=0.00346 localization=0.2072 type=1.202 minimal=0.02464 physics=0.3289 total=0.161
[TRAIN train_climax_no_spectral_constraint_s44] [TRAIN] stage=pretrain epoch=1/1 batch=450/3000 step=450 repair=0.003113 localization=0.2453 type=1.158 minimal=0.02357 physics=0.2513 total=0.1562
[TRAIN train_climax_no_spectral_constraint_s44] [TRAIN] stage=pretrain epoch=1/1 batch=460/3000 step=460 repair=0.01903 localization=0.2676 type=2.105 minimal=0.02361 physics=0.248 total=0.4205
[TRAIN train_climax_no_spectral_constraint_s44] [TRAIN] stage=pretrain epoch=1/1 batch=470/3000 step=470 repair=0.003152 localization=0.3055 type=0.4602 minimal=0.02573 physics=0.1801 total=0.08898
[TRAIN train_climax_no_spectral_constraint_s44] [TRAIN] stage=pretrain epoch=1/1 batch=480/3000 step=480 repair=0.01183 localization=0.3387 type=2.532 minimal=0.02371 physics=1.118 total=0.4642
[TRAIN train_climax_no_spectral_constraint_s44] [TRAIN] stage=pretrain epoch=1/1 batch=490/3000 step=490 repair=0.007484 localization=0.2574 type=1.719 minimal=0.02283 physics=0.6701 total=0.3411
[TRAIN train_climax_no_spectral_constraint_s44] [TRAIN] stage=pretrain epoch=1/1 batch=500/3000 step=500 repair=0.003053 localization=0.2495 type=1.374 minimal=0.02502 physics=0.09096 total=0.1702
[TRAIN train_climax_no_spectral_constraint_s44] [TRAIN] stage=pretrain epoch=1/1 batch=510/3000 step=510 repair=0.003318 localization=0.1957 type=1.393 minimal=0.0242 physics=0.2373 total=0.1743
[TRAIN train_climax_no_spectral_constraint_s44] [TRAIN] stage=pretrain epoch=1/1 batch=520/3000 step=520 repair=0.003289 localization=0.3342 type=1.98 minimal=0.02303 physics=0.1272 total=0.3414
[TRAIN train_climax_no_spectral_constraint_s44] [TRAIN] stage=pretrain epoch=1/1 batch=530/3000 step=530 repair=0.003187 localization=0.2995 type=1.611 minimal=0.02258 physics=0.1511 total=0.2021
[TRAIN train_climax_no_spectral_constraint_s44] [TRAIN] stage=pretrain epoch=1/1 batch=540/3000 step=540 repair=0.002881 localization=0.2387 type=1.669 minimal=0.02135 physics=0.1089 total=0.1993
[TRAIN train_climax_no_spectral_constraint_s44] [TRAIN] stage=pretrain epoch=1/1 batch=550/3000 step=550 repair=0.002681 localization=0.2937 type=1.407 minimal=0.02356 physics=0.4546 total=0.1957
[TRAIN train_climax_no_spectral_constraint_s44] [TRAIN] stage=pretrain epoch=1/1 batch=560/3000 step=560 repair=0.006185 localization=0.4127 type=2.693 minimal=0.02373 physics=0.3161 total=0.4974
[TRAIN train_climax_no_spectral_constraint_s44] [TRAIN] stage=pretrain epoch=1/1 batch=570/3000 step=570 repair=0.002402 localization=0.3216 type=2.088 minimal=0.02611 physics=0.4309 total=0.2652
[TRAIN train_climax_no_spectral_constraint_s44] [TRAIN] stage=pretrain epoch=1/1 batch=580/3000 step=580 repair=0.02717 localization=0.301 type=2.312 minimal=0.02824 physics=0.8771 total=0.3327
[TRAIN train_climax_no_spectral_constraint_s44] [TRAIN] stage=pretrain epoch=1/1 batch=590/3000 step=590 repair=0.002477 localization=0.2633 type=1.171 minimal=0.02438 physics=0.1816 total=0.1553
[TRAIN train_climax_no_spectral_constraint_s44] [TRAIN] stage=pretrain epoch=1/1 batch=600/3000 step=600 repair=0.03294 localization=0.4357 type=1.317 minimal=0.0242 physics=1.434 total=0.2801
[TRAIN train_climax_no_spectral_constraint_s44] [TRAIN] stage=pretrain epoch=1/1 batch=610/3000 step=610 repair=0.004714 localization=0.225 type=1.036 minimal=0.03033 physics=0.3837 total=0.1503
[TRAIN train_climax_no_spectral_constraint_s44] [TRAIN] stage=pretrain epoch=1/1 batch=620/3000 step=620 repair=0.02248 localization=0.2939 type=0.9756 minimal=0.02704 physics=1.783 total=0.2388
[TRAIN train_climax_no_spectral_constraint_s44] [TRAIN] stage=pretrain epoch=1/1 batch=630/3000 step=630 repair=0.003835 localization=0.224 type=2.434 minimal=0.02229 physics=0.1254 total=0.4255
[TRAIN train_climax_no_spectral_constraint_s44] [TRAIN] stage=pretrain epoch=1/1 batch=640/3000 step=640 repair=0.01183 localization=0.3756 type=2.135 minimal=0.02022 physics=1.44 total=0.4137
[TRAIN train_climax_no_spectral_constraint_s44] [TRAIN] stage=pretrain epoch=1/1 batch=650/3000 step=650 repair=0.02161 localization=0.2695 type=0.6941 minimal=0.02106 physics=1.347 total=0.1855
[TRAIN train_climax_no_spectral_constraint_s44] [TRAIN] stage=pretrain epoch=1/1 batch=660/3000 step=660 repair=0.004479 localization=0.1875 type=2.493 minimal=0.02161 physics=0.08091 total=0.3987
[TRAIN train_climax_no_spectral_constraint_s44] [TRAIN] stage=pretrain epoch=1/1 batch=670/3000 step=670 repair=0.00261 localization=0.2829 type=1.563 minimal=0.0195 physics=0.1409 total=0.2969
[TRAIN train_climax_no_spectral_constraint_s44] [TRAIN] stage=pretrain epoch=1/1 batch=680/3000 step=680 repair=0.003828 localization=0.2474 type=2.014 minimal=0.02301 physics=0.1566 total=0.238
[TRAIN train_climax_no_spectral_constraint_s44] [TRAIN] stage=pretrain epoch=1/1 batch=690/3000 step=690 repair=0.003774 localization=0.3107 type=1.966 minimal=0.02176 physics=0.2058 total=0.3352
[TRAIN train_climax_no_spectral_constraint_s44] [TRAIN] stage=pretrain epoch=1/1 batch=700/3000 step=700 repair=0.02461 localization=0.3026 type=1.481 minimal=0.02019 physics=1.241 total=0.2652
[TRAIN train_climax_no_spectral_constraint_s44] [TRAIN] stage=pretrain epoch=1/1 batch=710/3000 step=710 repair=0.003514 localization=0.2607 type=2.146 minimal=0.02258 physics=0.3736 total=0.4196
[TRAIN train_climax_no_spectral_constraint_s44] [TRAIN] stage=pretrain epoch=1/1 batch=720/3000 step=720 repair=0.005729 localization=0.2306 type=1.179 minimal=0.02155 physics=0.2006 total=0.2365
[TRAIN train_climax_no_spectral_constraint_s44] [TRAIN] stage=pretrain epoch=1/1 batch=730/3000 step=730 repair=0.006742 localization=0.2625 type=1.092 minimal=0.02197 physics=0.3886 total=0.2429
[TRAIN train_climax_no_spectral_constraint_s44] [TRAIN] stage=pretrain epoch=1/1 batch=740/3000 step=740 repair=0.00317 localization=0.2972 type=2.059 minimal=0.02226 physics=0.123 total=0.2452
[TRAIN train_climax_no_spectral_constraint_s44] [TRAIN] stage=pretrain epoch=1/1 batch=750/3000 step=750 repair=0.007099 localization=0.2148 type=1.885 minimal=0.02391 physics=0.7931 total=0.257
[TRAIN train_climax_no_spectral_constraint_s44] [TRAIN] stage=pretrain epoch=1/1 batch=760/3000 step=760 repair=0.002865 localization=0.2325 type=1.305 minimal=0.02206 physics=0.1221 total=0.163
[TRAIN train_climax_no_spectral_constraint_s44] [TRAIN] stage=pretrain epoch=1/1 batch=770/3000 step=770 repair=0.005525 localization=0.2143 type=1.846 minimal=0.02078 physics=0.7948 total=0.2515
[TRAIN train_climax_no_spectral_constraint_s44] [TRAIN] stage=pretrain epoch=1/1 batch=780/3000 step=780 repair=0.005904 localization=0.1941 type=1.76 minimal=0.02072 physics=0.3064 total=0.3118
[TRAIN train_climax_no_spectral_constraint_s44] [TRAIN] stage=pretrain epoch=1/1 batch=790/3000 step=790 repair=0.002192 localization=0.2923 type=1.002 minimal=0.01828 physics=0.08476 total=0.1361
[TRAIN train_climax_no_spectral_constraint_s44] [TRAIN] stage=pretrain epoch=1/1 batch=800/3000 step=800 repair=0.005857 localization=0.2586 type=2.504 minimal=0.02043 physics=0.2471 total=0.4694
[TRAIN train_climax_no_spectral_constraint_s44] [TRAIN] stage=pretrain epoch=1/1 batch=810/3000 step=810 repair=0.003555 localization=0.2368 type=1.851 minimal=0.02092 physics=0.3671 total=0.2309
[TRAIN train_climax_no_spectral_constraint_s44] [TRAIN] stage=pretrain epoch=1/1 batch=820/3000 step=820 repair=0.01521 localization=0.4497 type=1.433 minimal=0.01833 physics=1.782 total=0.3728
[TRAIN train_climax_no_spectral_constraint_s44] [TRAIN] stage=pretrain epoch=1/1 batch=830/3000 step=830 repair=0.03322 localization=0.3767 type=1.386 minimal=0.02682 physics=1.247 total=0.2721
[TRAIN train_climax_no_spectral_constraint_s44] [TRAIN] stage=pretrain epoch=1/1 batch=840/3000 step=840 repair=0.003794 localization=0.186 type=1.748 minimal=0.02478 physics=0.3329 total=0.214
[TRAIN train_climax_no_spectral_constraint_s44] [TRAIN] stage=pretrain epoch=1/1 batch=850/3000 step=850 repair=0.009145 localization=0.2849 type=1.101 minimal=0.02519 physics=0.3933 total=0.1676
[TRAIN train_climax_no_spectral_constraint_s44] [TRAIN] stage=pretrain epoch=1/1 batch=860/3000 step=860 repair=0.004675 localization=0.3034 type=1.688 minimal=0.02583 physics=0.349 total=0.2825
[TRAIN train_climax_no_spectral_constraint_s44] [TRAIN] stage=pretrain epoch=1/1 batch=870/3000 step=870 repair=0.02723 localization=0.2939 type=1.477 minimal=0.02289 physics=0.6639 total=0.2377
[TRAIN train_climax_no_spectral_constraint_s44] [TRAIN] stage=pretrain epoch=1/1 batch=880/3000 step=880 repair=0.0132 localization=0.2512 type=1.702 minimal=0.02597 physics=0.2171 total=0.3033
[TRAIN train_climax_no_spectral_constraint_s44] [TRAIN] stage=pretrain epoch=1/1 batch=890/3000 step=890 repair=0.006475 localization=0.3424 type=1.284 minimal=0.02446 physics=0.1885 total=0.2412
[TRAIN train_climax_no_spectral_constraint_s44] [TRAIN] stage=pretrain epoch=1/1 batch=900/3000 step=900 repair=0.007874 localization=0.2819 type=1.861 minimal=0.02866 physics=0.6524 total=0.388
[TRAIN train_climax_no_spectral_constraint_s44] [TRAIN] stage=pretrain epoch=1/1 batch=910/3000 step=910 repair=0.02309 localization=0.2512 type=1.729 minimal=0.02631 physics=1.03 total=0.2729
[TRAIN train_climax_no_spectral_constraint_s44] [TRAIN] stage=pretrain epoch=1/1 batch=920/3000 step=920 repair=0.00328 localization=0.3694 type=2.26 minimal=0.02003 physics=0.1172 total=0.4446
[TRAIN train_climax_no_spectral_constraint_s44] [TRAIN] stage=pretrain epoch=1/1 batch=930/3000 step=930 repair=0.008588 localization=0.2904 type=1.7 minimal=0.02422 physics=0.5452 total=0.3349
[TRAIN train_climax_no_spectral_constraint_s44] [TRAIN] stage=pretrain epoch=1/1 batch=940/3000 step=940 repair=0.01776 localization=0.2942 type=1.833 minimal=0.02408 physics=0.2549 total=0.3734
[TRAIN train_climax_no_spectral_constraint_s44] [TRAIN] stage=pretrain epoch=1/1 batch=950/3000 step=950 repair=0.003351 localization=0.2744 type=1.912 minimal=0.02106 physics=0.1899 total=0.3526
[TRAIN train_climax_no_spectral_constraint_s44] [TRAIN] stage=pretrain epoch=1/1 batch=960/3000 step=960 repair=0.01053 localization=0.2921 type=2.242 minimal=0.02422 physics=0.1845 total=0.4229
[TRAIN train_climax_no_spectral_constraint_s44] [TRAIN] stage=pretrain epoch=1/1 batch=970/3000 step=970 repair=0.003972 localization=0.3934 type=1.305 minimal=0.02289 physics=0.3316 total=0.1906
[TRAIN train_climax_no_spectral_constraint_s44] [TRAIN] stage=pretrain epoch=1/1 batch=980/3000 step=980 repair=0.01622 localization=0.1828 type=1.862 minimal=0.02472 physics=0.2455 total=0.3559
[TRAIN train_climax_no_spectral_constraint_s44] [TRAIN] stage=pretrain epoch=1/1 batch=990/3000 step=990 repair=0.003502 localization=0.2722 type=1.252 minimal=0.02164 physics=0.1867 total=0.2425
[TRAIN train_climax_no_spectral_constraint_s44] [TRAIN] stage=pretrain epoch=1/1 batch=1000/3000 step=1000 repair=0.005852 localization=0.2183 type=1.372 minimal=0.02174 physics=0.1549 total=0.2632
[TRAIN train_climax_no_spectral_constraint_s44] [TRAIN] stage=pretrain epoch=1/1 batch=1010/3000 step=1010 repair=0.004193 localization=0.3007 type=1.96 minimal=0.02362 physics=0.2747 total=0.2442
[TRAIN train_climax_no_spectral_constraint_s44] [TRAIN] stage=pretrain epoch=1/1 batch=1020/3000 step=1020 repair=0.003336 localization=0.2504 type=1.261 minimal=0.02254 physics=0.0925 total=0.1594
[TRAIN train_climax_no_spectral_constraint_s44] [TRAIN] stage=pretrain epoch=1/1 batch=1030/3000 step=1030 repair=0.003309 localization=0.4171 type=1.374 minimal=0.02275 physics=0.1565 total=0.1905
[TRAIN train_climax_no_spectral_constraint_s44] [TRAIN] stage=pretrain epoch=1/1 batch=1040/3000 step=1040 repair=0.002871 localization=0.3189 type=1.275 minimal=0.02153 physics=0.5812 total=0.2878
[TRAIN train_climax_no_spectral_constraint_s44] [TRAIN] stage=pretrain epoch=1/1 batch=1050/3000 step=1050 repair=0.01096 localization=0.3733 type=2.395 minimal=0.02295 physics=1.818 total=0.3789
[TRAIN train_climax_no_spectral_constraint_s44] [TRAIN] stage=pretrain epoch=1/1 batch=1060/3000 step=1060 repair=0.004827 localization=0.218 type=1.586 minimal=0.01996 physics=0.4795 total=0.2946
[TRAIN train_climax_no_spectral_constraint_s44] [TRAIN] stage=pretrain epoch=1/1 batch=1070/3000 step=1070 repair=0.03096 localization=0.2964 type=1.496 minimal=0.02245 physics=1.754 total=0.2981
[TRAIN train_climax_no_spectral_constraint_s44] [TRAIN] stage=pretrain epoch=1/1 batch=1080/3000 step=1080 repair=0.00319 localization=0.2936 type=1.824 minimal=0.02083 physics=0.1848 total=0.3445
[TRAIN train_climax_no_spectral_constraint_s44] [TRAIN] stage=pretrain epoch=1/1 batch=1090/3000 step=1090 repair=0.009279 localization=0.2944 type=1.822 minimal=0.02113 physics=0.1822 total=0.342
[TRAIN train_climax_no_spectral_constraint_s44] [TRAIN] stage=pretrain epoch=1/1 batch=1100/3000 step=1100 repair=0.003182 localization=0.3629 type=1.887 minimal=0.01953 physics=0.169 total=0.3482
[TRAIN train_climax_no_spectral_constraint_s44] [TRAIN] stage=pretrain epoch=1/1 batch=1110/3000 step=1110 repair=0.005361 localization=0.262 type=2.106 minimal=0.02434 physics=0.4154 total=0.3911
[TRAIN train_climax_no_spectral_constraint_s44] [TRAIN] stage=pretrain epoch=1/1 batch=1120/3000 step=1120 repair=0.005473 localization=0.2234 type=2.499 minimal=0.01804 physics=0.1552 total=0.4079
[TRAIN train_climax_no_spectral_constraint_s44] [TRAIN] stage=pretrain epoch=1/1 batch=1130/3000 step=1130 repair=0.003301 localization=0.3181 type=1.48 minimal=0.02049 physics=0.1644 total=0.1915
[TRAIN train_climax_no_spectral_constraint_s44] [TRAIN] stage=pretrain epoch=1/1 batch=1140/3000 step=1140 repair=0.006343 localization=0.2826 type=1.433 minimal=0.02303 physics=0.1855 total=0.2741
[TRAIN train_climax_no_spectral_constraint_s44] [TRAIN] stage=pretrain epoch=1/1 batch=1150/3000 step=1150 repair=0.003139 localization=0.399 type=1.368 minimal=0.02396 physics=0.2604 total=0.1931
[TRAIN train_climax_no_spectral_constraint_s44] [TRAIN] stage=pretrain epoch=1/1 batch=1160/3000 step=1160 repair=0.005662 localization=0.2512 type=1.806 minimal=0.022 physics=0.2847 total=0.3549
[TRAIN train_climax_no_spectral_constraint_s44] [TRAIN] stage=pretrain epoch=1/1 batch=1170/3000 step=1170 repair=0.008946 localization=0.2134 type=1.716 minimal=0.0197 physics=0.7502 total=0.361
[TRAIN train_climax_no_spectral_constraint_s44] [TRAIN] stage=pretrain epoch=1/1 batch=1180/3000 step=1180 repair=0.002466 localization=0.2765 type=1.567 minimal=0.01851 physics=0.08568 total=0.1913
[TRAIN train_climax_no_spectral_constraint_s44] [TRAIN] stage=pretrain epoch=1/1 batch=1190/3000 step=1190 repair=0.004035 localization=0.2067 type=1.518 minimal=0.01964 physics=0.2656 total=0.288
[TRAIN train_climax_no_spectral_constraint_s44] [TRAIN] stage=pretrain epoch=1/1 batch=1200/3000 step=1200 repair=0.003936 localization=0.2557 type=2.134 minimal=0.0206 physics=0.207 total=0.4155
[TRAIN train_climax_no_spectral_constraint_s44] [TRAIN] stage=pretrain epoch=1/1 batch=1210/3000 step=1210 repair=0.006488 localization=0.2723 type=1.806 minimal=0.01971 physics=0.2657 total=0.3405
[TRAIN train_climax_no_spectral_constraint_s44] [TRAIN] stage=pretrain epoch=1/1 batch=1220/3000 step=1220 repair=0.005249 localization=0.2566 type=1.831 minimal=0.02083 physics=0.09783 total=0.3313
[TRAIN train_climax_no_spectral_constraint_s44] [TRAIN] stage=pretrain epoch=1/1 batch=1230/3000 step=1230 repair=0.007267 localization=0.2753 type=1.789 minimal=0.01797 physics=0.2573 total=0.3339
[TRAIN train_climax_no_spectral_constraint_s44] [TRAIN] stage=pretrain epoch=1/1 batch=1240/3000 step=1240 repair=0.009222 localization=0.3157 type=1.883 minimal=0.01935 physics=1.05 total=0.387
[TRAIN train_climax_no_spectral_constraint_s44] [TRAIN] stage=pretrain epoch=1/1 batch=1250/3000 step=1250 repair=0.005295 localization=0.2964 type=1.29 minimal=0.01926 physics=0.1362 total=0.233
[TRAIN train_climax_no_spectral_constraint_s44] [TRAIN] stage=pretrain epoch=1/1 batch=1260/3000 step=1260 repair=0.005553 localization=0.2724 type=1.38 minimal=0.01912 physics=0.1354 total=0.236
[TRAIN train_climax_no_spectral_constraint_s44] [TRAIN] stage=pretrain epoch=1/1 batch=1270/3000 step=1270 repair=0.0051 localization=0.3301 type=2.538 minimal=0.02229 physics=0.2244 total=0.4545
[TRAIN train_climax_no_spectral_constraint_s44] [TRAIN] stage=pretrain epoch=1/1 batch=1280/3000 step=1280 repair=0.004389 localization=0.4656 type=2.003 minimal=0.02277 physics=0.1375 total=0.2584
[TRAIN train_climax_no_spectral_constraint_s44] [TRAIN] stage=pretrain epoch=1/1 batch=1290/3000 step=1290 repair=0.003335 localization=0.2358 type=0.5996 minimal=0.02185 physics=0.1762 total=0.0959
[TRAIN train_climax_no_spectral_constraint_s44] [TRAIN] stage=pretrain epoch=1/1 batch=1300/3000 step=1300 repair=0.004201 localization=0.2817 type=1.24 minimal=0.01962 physics=0.332 total=0.1731
[TRAIN train_climax_no_spectral_constraint_s44] [TRAIN] stage=pretrain epoch=1/1 batch=1310/3000 step=1310 repair=0.007541 localization=0.3613 type=1.614 minimal=0.02303 physics=0.2695 total=0.3167
[TRAIN train_climax_no_spectral_constraint_s44] [TRAIN] stage=pretrain epoch=1/1 batch=1320/3000 step=1320 repair=0.003726 localization=0.3051 type=1.317 minimal=0.0188 physics=0.4968 total=0.191
[TRAIN train_climax_no_spectral_constraint_s44] [TRAIN] stage=pretrain epoch=1/1 batch=1330/3000 step=1330 repair=0.004571 localization=0.2797 type=1.608 minimal=0.02133 physics=0.2153 total=0.3116
[TRAIN train_climax_no_spectral_constraint_s44] [TRAIN] stage=pretrain epoch=1/1 batch=1340/3000 step=1340 repair=0.0173 localization=0.2439 type=1.554 minimal=0.01952 physics=0.6772 total=0.2312
[TRAIN train_climax_no_spectral_constraint_s44] [TRAIN] stage=pretrain epoch=1/1 batch=1350/3000 step=1350 repair=0.002905 localization=0.2166 type=1.32 minimal=0.01994 physics=0.2529 total=0.1694
[TRAIN train_climax_no_spectral_constraint_s44] [TRAIN] stage=pretrain epoch=1/1 batch=1360/3000 step=1360 repair=0.01264 localization=0.2649 type=1.679 minimal=0.01848 physics=0.1174 total=0.2988
[TRAIN train_climax_no_spectral_constraint_s44] [TRAIN] stage=pretrain epoch=1/1 batch=1370/3000 step=1370 repair=0.003865 localization=0.3083 type=2.165 minimal=0.02075 physics=0.121 total=0.3959
[TRAIN train_climax_no_spectral_constraint_s44] [TRAIN] stage=pretrain epoch=1/1 batch=1380/3000 step=1380 repair=0.005875 localization=0.2178 type=1.483 minimal=0.02199 physics=0.2078 total=0.2626
[TRAIN train_climax_no_spectral_constraint_s44] [TRAIN] stage=pretrain epoch=1/1 batch=1390/3000 step=1390 repair=0.01955 localization=0.4508 type=1.057 minimal=0.02454 physics=0.2951 total=0.2444
[TRAIN train_climax_no_spectral_constraint_s44] [TRAIN] stage=pretrain epoch=1/1 batch=1400/3000 step=1400 repair=0.02152 localization=0.2753 type=1.51 minimal=0.02197 physics=1.044 total=0.2524
[TRAIN train_climax_no_spectral_constraint_s44] [TRAIN] stage=pretrain epoch=1/1 batch=1410/3000 step=1410 repair=0.00346 localization=0.4127 type=0.748 minimal=0.01936 physics=0.1983 total=0.1296
[TRAIN train_climax_no_spectral_constraint_s44] [TRAIN] stage=pretrain epoch=1/1 batch=1420/3000 step=1420 repair=0.003934 localization=0.183 type=1.547 minimal=0.02075 physics=0.1924 total=0.2672
[TRAIN train_climax_no_spectral_constraint_s44] [TRAIN] stage=pretrain epoch=1/1 batch=1430/3000 step=1430 repair=0.03135 localization=0.355 type=0.7107 minimal=0.02002 physics=1.024 total=0.1893
[TRAIN train_climax_no_spectral_constraint_s44] [TRAIN] stage=pretrain epoch=1/1 batch=1440/3000 step=1440 repair=0.009561 localization=0.1423 type=0.4363 minimal=0.05542 physics=1.637 total=0.1668
[TRAIN train_climax_no_spectral_constraint_s44] [TRAIN] stage=pretrain epoch=1/1 batch=1450/3000 step=1450 repair=0.03502 localization=0.3688 type=1.228 minimal=0.0253 physics=1.968 total=0.2934
[TRAIN train_climax_no_spectral_constraint_s44] [TRAIN] stage=pretrain epoch=1/1 batch=1460/3000 step=1460 repair=0.006733 localization=0.4451 type=0.877 minimal=0.02208 physics=0.1705 total=0.1893
[TRAIN train_climax_no_spectral_constraint_s44] [TRAIN] stage=pretrain epoch=1/1 batch=1470/3000 step=1470 repair=0.006294 localization=0.1211 type=1.111 minimal=0.02975 physics=0.3576 total=0.2141
[TRAIN train_climax_no_spectral_constraint_s44] [TRAIN] stage=pretrain epoch=1/1 batch=1480/3000 step=1480 repair=0.004366 localization=0.2458 type=1.811 minimal=0.02206 physics=0.1414 total=0.2173
[TRAIN train_climax_no_spectral_constraint_s44] [TRAIN] stage=pretrain epoch=1/1 batch=1490/3000 step=1490 repair=0.005198 localization=0.1872 type=0.8716 minimal=0.0294 physics=0.2327 total=0.1753
[TRAIN train_climax_no_spectral_constraint_s44] [TRAIN] stage=pretrain epoch=1/1 batch=1500/3000 step=1500 repair=0.002674 localization=0.3461 type=1.341 minimal=0.01897 physics=0.2845 total=0.1858
[TRAIN train_climax_no_spectral_constraint_s44] [TRAIN] stage=pretrain epoch=1/1 batch=1510/3000 step=1510 repair=0.00257 localization=0.274 type=0.9524 minimal=0.02046 physics=0.2197 total=0.1364
[TRAIN train_climax_no_spectral_constraint_s44] [TRAIN] stage=pretrain epoch=1/1 batch=1520/3000 step=1520 repair=0.004437 localization=0.3006 type=0.8118 minimal=0.02742 physics=0.4044 total=0.1777
[TRAIN train_climax_no_spectral_constraint_s44] [TRAIN] stage=pretrain epoch=1/1 batch=1530/3000 step=1530 repair=0.005017 localization=0.319 type=1.419 minimal=0.02103 physics=0.2957 total=0.1938
[TRAIN train_climax_no_spectral_constraint_s44] [TRAIN] stage=pretrain epoch=1/1 batch=1540/3000 step=1540 repair=0.004682 localization=0.2508 type=1.517 minimal=0.02113 physics=0.3444 total=0.2932
[TRAIN train_climax_no_spectral_constraint_s44] [TRAIN] stage=pretrain epoch=1/1 batch=1550/3000 step=1550 repair=0.004932 localization=0.2123 type=2.061 minimal=0.02322 physics=0.2115 total=0.4049
[TRAIN train_climax_no_spectral_constraint_s44] [TRAIN] stage=pretrain epoch=1/1 batch=1560/3000 step=1560 repair=0.002833 localization=0.349 type=1.687 minimal=0.01874 physics=0.2998 total=0.3277
[TRAIN train_climax_no_spectral_constraint_s44] [TRAIN] stage=pretrain epoch=1/1 batch=1570/3000 step=1570 repair=0.01747 localization=0.2285 type=1.139 minimal=0.01965 physics=0.8405 total=0.1964
[TRAIN train_climax_no_spectral_constraint_s44] [TRAIN] stage=pretrain epoch=1/1 batch=1580/3000 step=1580 repair=0.002805 localization=0.253 type=1.98 minimal=0.01953 physics=0.1477 total=0.3633
[TRAIN train_climax_no_spectral_constraint_s44] [TRAIN] stage=pretrain epoch=1/1 batch=1590/3000 step=1590 repair=0.01807 localization=0.4255 type=1.902 minimal=0.01994 physics=0.205 total=0.3506
[TRAIN train_climax_no_spectral_constraint_s44] [TRAIN] stage=pretrain epoch=1/1 batch=1600/3000 step=1600 repair=0.00546 localization=0.317 type=0.6431 minimal=0.02219 physics=0.1751 total=0.1104
[TRAIN train_climax_no_spectral_constraint_s44] [TRAIN] stage=pretrain epoch=1/1 batch=1610/3000 step=1610 repair=0.00303 localization=0.2043 type=1.87 minimal=0.01929 physics=0.09988 total=0.2157
[TRAIN train_climax_no_spectral_constraint_s44] [TRAIN] stage=pretrain epoch=1/1 batch=1620/3000 step=1620 repair=0.007975 localization=0.2421 type=0.783 minimal=0.01787 physics=0.4994 total=0.1356
[TRAIN train_climax_no_spectral_constraint_s44] [TRAIN] stage=pretrain epoch=1/1 batch=1630/3000 step=1630 repair=0.005263 localization=0.1748 type=0.3353 minimal=0.0322 physics=0.768 total=0.1109
[TRAIN train_climax_no_spectral_constraint_s44] [TRAIN] stage=pretrain epoch=1/1 batch=1640/3000 step=1640 repair=0.003111 localization=0.261 type=1.2 minimal=0.01869 physics=0.1749 total=0.1581
[TRAIN train_climax_no_spectral_constraint_s44] [TRAIN] stage=pretrain epoch=1/1 batch=1650/3000 step=1650 repair=0.002502 localization=0.3068 type=1.747 minimal=0.01697 physics=0.09413 total=0.2902
[TRAIN train_climax_no_spectral_constraint_s44] [TRAIN] stage=pretrain epoch=1/1 batch=1660/3000 step=1660 repair=0.009304 localization=0.2617 type=1.485 minimal=0.02022 physics=1.108 total=0.3079
[TRAIN train_climax_no_spectral_constraint_s44] [TRAIN] stage=pretrain epoch=1/1 batch=1670/3000 step=1670 repair=0.00335 localization=0.4392 type=1.409 minimal=0.02078 physics=0.5907 total=0.3018
[TRAIN train_climax_no_spectral_constraint_s44] [TRAIN] stage=pretrain epoch=1/1 batch=1680/3000 step=1680 repair=0.003672 localization=0.2198 type=1.77 minimal=0.02092 physics=0.3184 total=0.3461
[TRAIN train_climax_no_spectral_constraint_s44] [TRAIN] stage=pretrain epoch=1/1 batch=1690/3000 step=1690 repair=0.02749 localization=0.2984 type=1.204 minimal=0.02309 physics=0.762 total=0.216
[TRAIN train_climax_no_spectral_constraint_s44] [TRAIN] stage=pretrain epoch=1/1 batch=1700/3000 step=1700 repair=0.003519 localization=0.2579 type=1.073 minimal=0.02068 physics=0.1726 total=0.1455
[TRAIN train_climax_no_spectral_constraint_s44] [TRAIN] stage=pretrain epoch=1/1 batch=1710/3000 step=1710 repair=0.006923 localization=0.1519 type=0.03888 minimal=0.04398 physics=0.4801 total=0.05267
[TRAIN train_climax_no_spectral_constraint_s44] [TRAIN] stage=pretrain epoch=1/1 batch=1720/3000 step=1720 repair=0.007272 localization=0.2407 type=1.099 minimal=0.01888 physics=0.4565 total=0.1642
[TRAIN train_climax_no_spectral_constraint_s44] [TRAIN] stage=pretrain epoch=1/1 batch=1730/3000 step=1730 repair=0.005414 localization=0.3013 type=2.147 minimal=0.03024 physics=0.3634 total=0.4208
[TRAIN train_climax_no_spectral_constraint_s44] [TRAIN] stage=pretrain epoch=1/1 batch=1740/3000 step=1740 repair=0.003365 localization=0.299 type=1.687 minimal=0.02097 physics=0.1831 total=0.2113
[TRAIN train_climax_no_spectral_constraint_s44] [TRAIN] stage=pretrain epoch=1/1 batch=1750/3000 step=1750 repair=0.003976 localization=0.2925 type=0.7229 minimal=0.02159 physics=0.1731 total=0.1144
[TRAIN train_climax_no_spectral_constraint_s44] [TRAIN] stage=pretrain epoch=1/1 batch=1760/3000 step=1760 repair=0.002789 localization=0.2447 type=0.8976 minimal=0.02213 physics=0.388 total=0.1818
[TRAIN train_climax_no_spectral_constraint_s44] [TRAIN] stage=pretrain epoch=1/1 batch=1770/3000 step=1770 repair=0.004927 localization=0.2427 type=1.999 minimal=0.01498 physics=0.1906 total=0.3081
[TRAIN train_climax_no_spectral_constraint_s44] [TRAIN] stage=pretrain epoch=1/1 batch=1780/3000 step=1780 repair=0.004396 localization=0.2216 type=1.658 minimal=0.01504 physics=0.1164 total=0.2725
[TRAIN train_climax_no_spectral_constraint_s44] [TRAIN] stage=pretrain epoch=1/1 batch=1790/3000 step=1790 repair=0.01253 localization=0.2859 type=1.799 minimal=0.019 physics=1.422 total=0.3663
[TRAIN train_climax_no_spectral_constraint_s44] [TRAIN] stage=pretrain epoch=1/1 batch=1800/3000 step=1800 repair=0.002618 localization=0.3864 type=0.9717 minimal=0.01854 physics=0.1486 total=0.146
[TRAIN train_climax_no_spectral_constraint_s44] [TRAIN] stage=pretrain epoch=1/1 batch=1810/3000 step=1810 repair=0.00564 localization=0.2846 type=2.082 minimal=0.0195 physics=0.154 total=0.3196
[TRAIN train_climax_no_spectral_constraint_s44] [TRAIN] stage=pretrain epoch=1/1 batch=1820/3000 step=1820 repair=0.004142 localization=0.3602 type=1.143 minimal=0.0177 physics=0.297 total=0.1694
[TRAIN train_climax_no_spectral_constraint_s44] [TRAIN] stage=pretrain epoch=1/1 batch=1830/3000 step=1830 repair=0.004788 localization=0.1679 type=3.563 minimal=0.01949 physics=0.2083 total=0.6551
[TRAIN train_climax_no_spectral_constraint_s44] [TRAIN] stage=pretrain epoch=1/1 batch=1840/3000 step=1840 repair=0.02668 localization=0.377 type=1.869 minimal=0.01958 physics=0.3495 total=0.3618
[TRAIN train_climax_no_spectral_constraint_s44] [TRAIN] stage=pretrain epoch=1/1 batch=1850/3000 step=1850 repair=0.0246 localization=0.3083 type=1.245 minimal=0.01688 physics=1.349 total=0.2475
[TRAIN train_climax_no_spectral_constraint_s44] [TRAIN] stage=pretrain epoch=1/1 batch=1860/3000 step=1860 repair=0.003228 localization=0.2837 type=1.848 minimal=0.01924 physics=0.1158 total=0.3145
[TRAIN train_climax_no_spectral_constraint_s44] [TRAIN] stage=pretrain epoch=1/1 batch=1870/3000 step=1870 repair=0.003846 localization=0.3277 type=1.296 minimal=0.01711 physics=0.2125 total=0.1771
[TRAIN train_climax_no_spectral_constraint_s44] [TRAIN] stage=pretrain epoch=1/1 batch=1880/3000 step=1880 repair=0.002966 localization=0.1079 type=0.07792 minimal=0.02969 physics=0.4589 total=0.05004
[TRAIN train_climax_no_spectral_constraint_s44] [TRAIN] stage=pretrain epoch=1/1 batch=1890/3000 step=1890 repair=0.01743 localization=0.3295 type=1.325 minimal=0.02344 physics=0.1218 total=0.2491
[TRAIN train_climax_no_spectral_constraint_s44] [TRAIN] stage=pretrain epoch=1/1 batch=1900/3000 step=1900 repair=0.004707 localization=0.2726 type=1.627 minimal=0.02382 physics=0.3546 total=0.3356
[TRAIN train_climax_no_spectral_constraint_s44] [TRAIN] stage=pretrain epoch=1/1 batch=1910/3000 step=1910 repair=0.004713 localization=0.2859 type=1.423 minimal=0.0186 physics=0.1466 total=0.275
[TRAIN train_climax_no_spectral_constraint_s44] [TRAIN] stage=pretrain epoch=1/1 batch=1920/3000 step=1920 repair=0.003541 localization=0.3317 type=1.229 minimal=0.01985 physics=0.5218 total=0.2597
[TRAIN train_climax_no_spectral_constraint_s44] [TRAIN] stage=pretrain epoch=1/1 batch=1930/3000 step=1930 repair=0.003582 localization=0.2521 type=1.667 minimal=0.01947 physics=0.1793 total=0.2046
[TRAIN train_climax_no_spectral_constraint_s44] [TRAIN] stage=pretrain epoch=1/1 batch=1940/3000 step=1940 repair=0.004656 localization=0.4007 type=1.196 minimal=0.02089 physics=0.426 total=0.1859
[TRAIN train_climax_no_spectral_constraint_s44] [TRAIN] stage=pretrain epoch=1/1 batch=1950/3000 step=1950 repair=0.0232 localization=0.4398 type=1.661 minimal=0.02299 physics=2.779 total=0.4242
[TRAIN train_climax_no_spectral_constraint_s44] [TRAIN] stage=pretrain epoch=1/1 batch=1960/3000 step=1960 repair=0.006194 localization=0.2423 type=2.101 minimal=0.01424 physics=0.5164 total=0.3654
[TRAIN train_climax_no_spectral_constraint_s44] [TRAIN] stage=pretrain epoch=1/1 batch=1970/3000 step=1970 repair=0.008147 localization=0.4392 type=1.812 minimal=0.01642 physics=0.324 total=0.3519
[TRAIN train_climax_no_spectral_constraint_s44] [TRAIN] stage=pretrain epoch=1/1 batch=1980/3000 step=1980 repair=0.002917 localization=0.3049 type=1.483 minimal=0.02068 physics=0.2533 total=0.2985
[TRAIN train_climax_no_spectral_constraint_s44] [TRAIN] stage=pretrain epoch=1/1 batch=1990/3000 step=1990 repair=0.005429 localization=0.3947 type=1.342 minimal=0.02057 physics=0.2455 total=0.2867
[TRAIN train_climax_no_spectral_constraint_s44] [TRAIN] stage=pretrain epoch=1/1 batch=2000/3000 step=2000 repair=0.008615 localization=0.335 type=1.559 minimal=0.01863 physics=0.7105 total=0.2337
[TRAIN train_climax_no_spectral_constraint_s44] [TRAIN] stage=pretrain epoch=1/1 batch=2010/3000 step=2010 repair=0.008642 localization=0.3611 type=1.834 minimal=0.01781 physics=0.1639 total=0.3387
[TRAIN train_climax_no_spectral_constraint_s44] [TRAIN] stage=pretrain epoch=1/1 batch=2020/3000 step=2020 repair=0.006027 localization=0.3487 type=1.845 minimal=0.01891 physics=0.1266 total=0.3463
[TRAIN train_climax_no_spectral_constraint_s44] [TRAIN] stage=pretrain epoch=1/1 batch=2030/3000 step=2030 repair=0.001771 localization=0.2201 type=1.957 minimal=0.01741 physics=0.3343 total=0.2364
[TRAIN train_climax_no_spectral_constraint_s44] [TRAIN] stage=pretrain epoch=1/1 batch=2040/3000 step=2040 repair=0.004267 localization=0.04735 type=0.02004 minimal=0.03059 physics=1.149 total=0.06984
[TRAIN train_climax_no_spectral_constraint_s44] [TRAIN] stage=pretrain epoch=1/1 batch=2050/3000 step=2050 repair=0.00224 localization=0.208 type=2.768 minimal=0.0175 physics=0.1961 total=0.5343
[TRAIN train_climax_no_spectral_constraint_s44] [TRAIN] stage=pretrain epoch=1/1 batch=2060/3000 step=2060 repair=0.005359 localization=0.3052 type=1.726 minimal=0.01933 physics=0.3174 total=0.3591
[TRAIN train_climax_no_spectral_constraint_s44] [TRAIN] stage=pretrain epoch=1/1 batch=2070/3000 step=2070 repair=0.004207 localization=0.3436 type=1.479 minimal=0.02083 physics=0.4125 total=0.2074
[TRAIN train_climax_no_spectral_constraint_s44] [TRAIN] stage=pretrain epoch=1/1 batch=2080/3000 step=2080 repair=0.003136 localization=0.3844 type=1.261 minimal=0.01938 physics=0.1863 total=0.1772
[TRAIN train_climax_no_spectral_constraint_s44] [TRAIN] stage=pretrain epoch=1/1 batch=2090/3000 step=2090 repair=0.001468 localization=0.03444 type=0.02631 minimal=0.02008 physics=0.2554 total=0.02281
[TRAIN train_climax_no_spectral_constraint_s44] [TRAIN] stage=pretrain epoch=1/1 batch=2100/3000 step=2100 repair=0.002734 localization=0.3135 type=1.387 minimal=0.02061 physics=0.3018 total=0.1881
[TRAIN train_climax_no_spectral_constraint_s44] [TRAIN] stage=pretrain epoch=1/1 batch=2110/3000 step=2110 repair=0.009106 localization=0.3615 type=1.521 minimal=0.01851 physics=0.9837 total=0.2468
[TRAIN train_climax_no_spectral_constraint_s44] [TRAIN] stage=pretrain epoch=1/1 batch=2120/3000 step=2120 repair=0.005615 localization=0.3592 type=1.264 minimal=0.02145 physics=0.1922 total=0.1778
[TRAIN train_climax_no_spectral_constraint_s44] [TRAIN] stage=pretrain epoch=1/1 batch=2130/3000 step=2130 repair=0.003537 localization=0.2726 type=4.291 minimal=0.02258 physics=0.218 total=0.8265
[TRAIN train_climax_no_spectral_constraint_s44] [TRAIN] stage=pretrain epoch=1/1 batch=2140/3000 step=2140 repair=0.002189 localization=0.03698 type=0.01127 minimal=0.02174 physics=0.173 total=0.01655
[TRAIN train_climax_no_spectral_constraint_s44] [TRAIN] stage=pretrain epoch=1/1 batch=2150/3000 step=2150 repair=0.001458 localization=0.05605 type=0.01611 minimal=0.01836 physics=0.2144 total=0.02057
[TRAIN train_climax_no_spectral_constraint_s44] [TRAIN] stage=pretrain epoch=1/1 batch=2160/3000 step=2160 repair=0.005911 localization=0.3533 type=0.8862 minimal=0.01683 physics=0.1165 total=0.1923
[TRAIN train_climax_no_spectral_constraint_s44] [TRAIN] stage=pretrain epoch=1/1 batch=2170/3000 step=2170 repair=0.002532 localization=0.2493 type=2.308 minimal=0.01926 physics=0.2663 total=0.4536
[TRAIN train_climax_no_spectral_constraint_s44] [TRAIN] stage=pretrain epoch=1/1 batch=2180/3000 step=2180 repair=0.009655 localization=0.2599 type=2.174 minimal=0.02899 physics=0.3202 total=0.4503
[TRAIN train_climax_no_spectral_constraint_s44] [TRAIN] stage=pretrain epoch=1/1 batch=2190/3000 step=2190 repair=0.005804 localization=0.2952 type=1.146 minimal=0.02361 physics=0.1293 total=0.1566
[TRAIN train_climax_no_spectral_constraint_s44] [TRAIN] stage=pretrain epoch=1/1 batch=2200/3000 step=2200 repair=0.003847 localization=0.2497 type=1.613 minimal=0.01671 physics=0.2224 total=0.2305
[TRAIN train_climax_no_spectral_constraint_s44] [TRAIN] stage=pretrain epoch=1/1 batch=2210/3000 step=2210 repair=0.002345 localization=0.2316 type=1.672 minimal=0.01764 physics=0.1669 total=0.3314
[TRAIN train_climax_no_spectral_constraint_s44] [TRAIN] stage=pretrain epoch=1/1 batch=2220/3000 step=2220 repair=0.002916 localization=0.2103 type=2.252 minimal=0.01865 physics=0.102 total=0.367
[TRAIN train_climax_no_spectral_constraint_s44] [TRAIN] stage=pretrain epoch=1/1 batch=2230/3000 step=2230 repair=0.002148 localization=0.03517 type=0.01444 minimal=0.02522 physics=0.2349 total=0.01993
[TRAIN train_climax_no_spectral_constraint_s44] [TRAIN] stage=pretrain epoch=1/1 batch=2240/3000 step=2240 repair=0.002591 localization=0.2551 type=1.375 minimal=0.01982 physics=0.1286 total=0.1722
[TRAIN train_climax_no_spectral_constraint_s44] [TRAIN] stage=pretrain epoch=1/1 batch=2250/3000 step=2250 repair=0.01298 localization=0.2007 type=1.476 minimal=0.01717 physics=0.2252 total=0.192
[TRAIN train_climax_no_spectral_constraint_s44] [TRAIN] stage=pretrain epoch=1/1 batch=2260/3000 step=2260 repair=0.002559 localization=0.3736 type=2.25 minimal=0.01724 physics=0.09271 total=0.2697
[TRAIN train_climax_no_spectral_constraint_s44] [TRAIN] stage=pretrain epoch=1/1 batch=2270/3000 step=2270 repair=0.003217 localization=0.2041 type=1.552 minimal=0.01849 physics=0.2185 total=0.19
[TRAIN train_climax_no_spectral_constraint_s44] [TRAIN] stage=pretrain epoch=1/1 batch=2280/3000 step=2280 repair=0.01018 localization=0.2742 type=1.14 minimal=0.01991 physics=0.1599 total=0.1904
[TRAIN train_climax_no_spectral_constraint_s44] [TRAIN] stage=pretrain epoch=1/1 batch=2290/3000 step=2290 repair=0.005346 localization=0.1949 type=4.033 minimal=0.02078 physics=0.1996 total=0.7814
[TRAIN train_climax_no_spectral_constraint_s44] [TRAIN] stage=pretrain epoch=1/1 batch=2300/3000 step=2300 repair=0.00357 localization=0.3368 type=1.479 minimal=0.01816 physics=0.1485 total=0.1927
[TRAIN train_climax_no_spectral_constraint_s44] [TRAIN] stage=pretrain epoch=1/1 batch=2310/3000 step=2310 repair=0.01528 localization=0.2148 type=0.9038 minimal=0.01631 physics=0.4183 total=0.1482
[TRAIN train_climax_no_spectral_constraint_s44] [TRAIN] stage=pretrain epoch=1/1 batch=2320/3000 step=2320 repair=0.01181 localization=0.3216 type=2.691 minimal=0.01634 physics=0.216 total=0.4863
[TRAIN train_climax_no_spectral_constraint_s44] [TRAIN] stage=pretrain epoch=1/1 batch=2330/3000 step=2330 repair=0.002841 localization=0.1929 type=0.7361 minimal=0.01888 physics=0.3106 total=0.1115
[TRAIN train_climax_no_spectral_constraint_s44] [TRAIN] stage=pretrain epoch=1/1 batch=2340/3000 step=2340 repair=0.0009339 localization=0.4279 type=0.2036 minimal=0.01593 physics=0.2755 total=0.07801
[TRAIN train_climax_no_spectral_constraint_s44] [TRAIN] stage=pretrain epoch=1/1 batch=2350/3000 step=2350 repair=0.01687 localization=0.4346 type=3.529 minimal=0.01672 physics=2.253 total=0.5867
[TRAIN train_climax_no_spectral_constraint_s44] [TRAIN] stage=pretrain epoch=1/1 batch=2360/3000 step=2360 repair=0.002709 localization=0.2808 type=0.5813 minimal=0.01851 physics=0.08231 total=0.09322
[TRAIN train_climax_no_spectral_constraint_s44] [TRAIN] stage=pretrain epoch=1/1 batch=2370/3000 step=2370 repair=0.008206 localization=0.347 type=2.329 minimal=0.01529 physics=0.0782 total=0.3545
[TRAIN train_climax_no_spectral_constraint_s44] [TRAIN] stage=pretrain epoch=1/1 batch=2380/3000 step=2380 repair=0.008305 localization=0.2302 type=1.166 minimal=0.02058 physics=0.2484 total=0.1605
[TRAIN train_climax_no_spectral_constraint_s44] [TRAIN] stage=pretrain epoch=1/1 batch=2390/3000 step=2390 repair=0.002401 localization=0.0314 type=0.005997 minimal=0.02611 physics=0.4922 total=0.03136
[TRAIN train_climax_no_spectral_constraint_s44] [TRAIN] stage=pretrain epoch=1/1 batch=2400/3000 step=2400 repair=0.003524 localization=0.1881 type=1.228 minimal=0.01901 physics=0.2637 total=0.1585
[TRAIN train_climax_no_spectral_constraint_s44] [TRAIN] stage=pretrain epoch=1/1 batch=2410/3000 step=2410 repair=0.004577 localization=0.3467 type=1.501 minimal=0.01636 physics=0.1921 total=0.275
[TRAIN train_climax_no_spectral_constraint_s44] [TRAIN] stage=pretrain epoch=1/1 batch=2420/3000 step=2420 repair=0.005156 localization=0.2265 type=1.326 minimal=0.01668 physics=0.2074 total=0.2405
[TRAIN train_climax_no_spectral_constraint_s44] [TRAIN] stage=pretrain epoch=1/1 batch=2430/3000 step=2430 repair=0.003183 localization=0.2218 type=1.171 minimal=0.01898 physics=0.1642 total=0.2384
[TRAIN train_climax_no_spectral_constraint_s44] [TRAIN] stage=pretrain epoch=1/1 batch=2440/3000 step=2440 repair=0.005196 localization=0.2641 type=1.308 minimal=0.0244 physics=0.2895 total=0.1771
[TRAIN train_climax_no_spectral_constraint_s44] [TRAIN] stage=pretrain epoch=1/1 batch=2450/3000 step=2450 repair=0.00706 localization=0.3362 type=1.726 minimal=0.01813 physics=0.3286 total=0.3076
[TRAIN train_climax_no_spectral_constraint_s44] [TRAIN] stage=pretrain epoch=1/1 batch=2460/3000 step=2460 repair=0.001542 localization=0.2718 type=0.8179 minimal=0.01654 physics=0.07126 total=0.1142
[TRAIN train_climax_no_spectral_constraint_s44] [TRAIN] stage=pretrain epoch=1/1 batch=2470/3000 step=2470 repair=0.001531 localization=0.1099 type=0.005323 minimal=0.01691 physics=0.2227 total=0.02477
[TRAIN train_climax_no_spectral_constraint_s44] [TRAIN] stage=pretrain epoch=1/1 batch=2480/3000 step=2480 repair=0.003256 localization=0.4001 type=2.03 minimal=0.01765 physics=0.1311 total=0.253
[TRAIN train_climax_no_spectral_constraint_s44] [TRAIN] stage=pretrain epoch=1/1 batch=2490/3000 step=2490 repair=0.009441 localization=0.2822 type=2.207 minimal=0.01558 physics=0.1811 total=0.317
[TRAIN train_climax_no_spectral_constraint_s44] [TRAIN] stage=pretrain epoch=1/1 batch=2500/3000 step=2500 repair=0.003778 localization=0.242 type=2.732 minimal=0.01628 physics=0.4444 total=0.441
[TRAIN train_climax_no_spectral_constraint_s44] [TRAIN] stage=pretrain epoch=1/1 batch=2510/3000 step=2510 repair=0.003535 localization=0.3884 type=2.163 minimal=0.01859 physics=0.2739 total=0.379
[TRAIN train_climax_no_spectral_constraint_s44] [TRAIN] stage=pretrain epoch=1/1 batch=2520/3000 step=2520 repair=0.00251 localization=0.03567 type=0.003616 minimal=0.02214 physics=0.2339 total=0.01859
[TRAIN train_climax_no_spectral_constraint_s44] [TRAIN] stage=pretrain epoch=1/1 batch=2530/3000 step=2530 repair=0.003053 localization=0.3602 type=1.304 minimal=0.01482 physics=0.1942 total=0.1793
[TRAIN train_climax_no_spectral_constraint_s44] [TRAIN] stage=pretrain epoch=1/1 batch=2540/3000 step=2540 repair=0.009415 localization=0.393 type=1.305 minimal=0.01709 physics=0.1821 total=0.2345
[TRAIN train_climax_no_spectral_constraint_s44] [TRAIN] stage=pretrain epoch=1/1 batch=2550/3000 step=2550 repair=0.02838 localization=0.3381 type=1.151 minimal=0.02214 physics=2.402 total=0.2976
[TRAIN train_climax_no_spectral_constraint_s44] [TRAIN] stage=pretrain epoch=1/1 batch=2560/3000 step=2560 repair=0.005172 localization=0.3196 type=1.816 minimal=0.02049 physics=0.5499 total=0.3318
[TRAIN train_climax_no_spectral_constraint_s44] [TRAIN] stage=pretrain epoch=1/1 batch=2570/3000 step=2570 repair=0.01817 localization=0.2285 type=0.7971 minimal=0.01662 physics=0.3569 total=0.1387
[TRAIN train_climax_no_spectral_constraint_s44] [TRAIN] stage=pretrain epoch=1/1 batch=2580/3000 step=2580 repair=0.007437 localization=0.2436 type=0.5234 minimal=0.02112 physics=0.807 total=0.1247
[TRAIN train_climax_no_spectral_constraint_s44] [TRAIN] stage=pretrain epoch=1/1 batch=2590/3000 step=2590 repair=0.002202 localization=0.408 type=1.921 minimal=0.01814 physics=0.6314 total=0.3223
[TRAIN train_climax_no_spectral_constraint_s44] [TRAIN] stage=pretrain epoch=1/1 batch=2600/3000 step=2600 repair=0.003026 localization=0.3234 type=1.086 minimal=0.01816 physics=0.1942 total=0.221
[TRAIN train_climax_no_spectral_constraint_s44] [TRAIN] stage=pretrain epoch=1/1 batch=2610/3000 step=2610 repair=0.003434 localization=0.303 type=1.401 minimal=0.01828 physics=0.2264 total=0.2504
[TRAIN train_climax_no_spectral_constraint_s44] [TRAIN] stage=pretrain epoch=1/1 batch=2620/3000 step=2620 repair=0.003364 localization=0.04758 type=0.0017 minimal=0.01836 physics=0.3291 total=0.025
[TRAIN train_climax_no_spectral_constraint_s44] [TRAIN] stage=pretrain epoch=1/1 batch=2630/3000 step=2630 repair=0.001331 localization=0.2513 type=1.78 minimal=0.01807 physics=0.07007 total=0.2081
[TRAIN train_climax_no_spectral_constraint_s44] [TRAIN] stage=pretrain epoch=1/1 batch=2640/3000 step=2640 repair=0.003325 localization=0.2473 type=2.015 minimal=0.01773 physics=0.1933 total=0.3008
[TRAIN train_climax_no_spectral_constraint_s44] [TRAIN] stage=pretrain epoch=1/1 batch=2650/3000 step=2650 repair=0.0005608 localization=0.1248 type=0.01369 minimal=0.01308 physics=0.2724 total=0.02898
[TRAIN train_climax_no_spectral_constraint_s44] [TRAIN] stage=pretrain epoch=1/1 batch=2660/3000 step=2660 repair=0.003183 localization=0.3061 type=1.451 minimal=0.02235 physics=0.7033 total=0.2683
[TRAIN train_climax_no_spectral_constraint_s44] [TRAIN] stage=pretrain epoch=1/1 batch=2670/3000 step=2670 repair=0.008491 localization=0.3214 type=1.484 minimal=0.02008 physics=0.5514 total=0.2168
[TRAIN train_climax_no_spectral_constraint_s44] [TRAIN] stage=pretrain epoch=1/1 batch=2680/3000 step=2680 repair=0.004617 localization=0.242 type=1.603 minimal=0.01599 physics=0.273 total=0.2942
[TRAIN train_climax_no_spectral_constraint_s44] [TRAIN] stage=pretrain epoch=1/1 batch=2690/3000 step=2690 repair=0.0455 localization=0.4597 type=1.481 minimal=0.02148 physics=1.049 total=0.2923
[TRAIN train_climax_no_spectral_constraint_s44] [TRAIN] stage=pretrain epoch=1/1 batch=2700/3000 step=2700 repair=0.003889 localization=0.3561 type=1.125 minimal=0.02133 physics=0.1262 total=0.1585
[TRAIN train_climax_no_spectral_constraint_s44] [TRAIN] stage=pretrain epoch=1/1 batch=2710/3000 step=2710 repair=0.001804 localization=0.3097 type=1.013 minimal=0.0179 physics=0.123 total=0.1404
[TRAIN train_climax_no_spectral_constraint_s44] [TRAIN] stage=pretrain epoch=1/1 batch=2720/3000 step=2720 repair=0.001479 localization=0.01721 type=0.006412 minimal=0.01709 physics=0.1484 total=0.0117
[TRAIN train_climax_no_spectral_constraint_s44] [TRAIN] stage=pretrain epoch=1/1 batch=2730/3000 step=2730 repair=0.004295 localization=0.4077 type=0.4437 minimal=0.02019 physics=0.1266 total=0.09597
[TRAIN train_climax_no_spectral_constraint_s44] [TRAIN] stage=pretrain epoch=1/1 batch=2740/3000 step=2740 repair=0.002768 localization=0.2593 type=0.4004 minimal=0.01915 physics=0.2212 total=0.07999
[TRAIN train_climax_no_spectral_constraint_s44] [TRAIN] stage=pretrain epoch=1/1 batch=2750/3000 step=2750 repair=0.002896 localization=0.2881 type=1.601 minimal=0.01322 physics=0.2832 total=0.2061
[TRAIN train_climax_no_spectral_constraint_s44] [TRAIN] stage=pretrain epoch=1/1 batch=2760/3000 step=2760 repair=0.01614 localization=0.3527 type=1.986 minimal=0.01711 physics=1.826 total=0.4193
[TRAIN train_climax_no_spectral_constraint_s44] [TRAIN] stage=pretrain epoch=1/1 batch=2770/3000 step=2770 repair=0.003458 localization=0.03786 type=0.003025 minimal=0.01804 physics=0.2638 total=0.02111
[TRAIN train_climax_no_spectral_constraint_s44] [TRAIN] stage=pretrain epoch=1/1 batch=2780/3000 step=2780 repair=0.01414 localization=0.3665 type=1.403 minimal=0.01947 physics=2.052 total=0.3343
[TRAIN train_climax_no_spectral_constraint_s44] [TRAIN] stage=pretrain epoch=1/1 batch=2790/3000 step=2790 repair=0.02235 localization=0.2778 type=1.55 minimal=0.01936 physics=0.3995 total=0.2253
[TRAIN train_climax_no_spectral_constraint_s44] [TRAIN] stage=pretrain epoch=1/1 batch=2800/3000 step=2800 repair=0.00274 localization=0.3577 type=1.771 minimal=0.01775 physics=0.0634 total=0.219
[TRAIN train_climax_no_spectral_constraint_s44] [TRAIN] stage=pretrain epoch=1/1 batch=2810/3000 step=2810 repair=0.001523 localization=0.0199 type=0.00197 minimal=0.02071 physics=0.1711 total=0.01259
[TRAIN train_climax_no_spectral_constraint_s44] [TRAIN] stage=pretrain epoch=1/1 batch=2820/3000 step=2820 repair=0.001363 localization=0.166 type=1.281 minimal=0.01507 physics=0.148 total=0.1536
[TRAIN train_climax_no_spectral_constraint_s44] [TRAIN] stage=pretrain epoch=1/1 batch=2830/3000 step=2830 repair=0.00192 localization=0.2746 type=1.579 minimal=0.01625 physics=0.1014 total=0.1925
[TRAIN train_climax_no_spectral_constraint_s44] [TRAIN] stage=pretrain epoch=1/1 batch=2840/3000 step=2840 repair=0.002 localization=0.1979 type=1.531 minimal=0.01424 physics=0.2624 total=0.1881
[TRAIN train_climax_no_spectral_constraint_s44] [TRAIN] stage=pretrain epoch=1/1 batch=2850/3000 step=2850 repair=0.01643 localization=0.2202 type=1.739 minimal=0.0166 physics=0.2944 total=0.2273
[TRAIN train_climax_no_spectral_constraint_s44] [TRAIN] stage=pretrain epoch=1/1 batch=2860/3000 step=2860 repair=0.003083 localization=0.2829 type=1.068 minimal=0.01927 physics=0.1845 total=0.1476
[TRAIN train_climax_no_spectral_constraint_s44] [TRAIN] stage=pretrain epoch=1/1 batch=2870/3000 step=2870 repair=0.00296 localization=0.3537 type=1.601 minimal=0.01857 physics=0.09819 total=0.2035
[TRAIN train_climax_no_spectral_constraint_s44] [TRAIN] stage=pretrain epoch=1/1 batch=2880/3000 step=2880 repair=0.003301 localization=0.2766 type=1.263 minimal=0.01862 physics=0.1679 total=0.1658
[TRAIN train_climax_no_spectral_constraint_s44] [TRAIN] stage=pretrain epoch=1/1 batch=2890/3000 step=2890 repair=0.003167 localization=0.2121 type=1.025 minimal=0.01727 physics=0.1655 total=0.1353
[TRAIN train_climax_no_spectral_constraint_s44] [TRAIN] stage=pretrain epoch=1/1 batch=2900/3000 step=2900 repair=0.004664 localization=0.02041 type=1.407e-05 minimal=0.03375 physics=0.4924 total=0.03166
[TRAIN train_climax_no_spectral_constraint_s44] [TRAIN] stage=pretrain epoch=1/1 batch=2910/3000 step=2910 repair=0.003827 localization=0.2589 type=0.9978 minimal=0.01822 physics=0.263 total=0.1428
[TRAIN train_climax_no_spectral_constraint_s44] [TRAIN] stage=pretrain epoch=1/1 batch=2920/3000 step=2920 repair=0.007303 localization=0.3174 type=2.176 minimal=0.0199 physics=0.289 total=0.3678
[TRAIN train_climax_no_spectral_constraint_s44] [TRAIN] stage=pretrain epoch=1/1 batch=2930/3000 step=2930 repair=0.004914 localization=0.1989 type=1.481 minimal=0.0164 physics=0.6145 total=0.2038
[TRAIN train_climax_no_spectral_constraint_s44] [TRAIN] stage=pretrain epoch=1/1 batch=2940/3000 step=2940 repair=0.007213 localization=0.3813 type=0.9031 minimal=0.01982 physics=0.2145 total=0.1943
[TRAIN train_climax_no_spectral_constraint_s44] [TRAIN] stage=pretrain epoch=1/1 batch=2950/3000 step=2950 repair=0.004979 localization=0.2792 type=1.5 minimal=0.01903 physics=0.2917 total=0.3076
[TRAIN train_climax_no_spectral_constraint_s44] [TRAIN] stage=pretrain epoch=1/1 batch=2960/3000 step=2960 repair=0.002089 localization=0.03197 type=7.755e-05 minimal=0.02463 physics=0.3108 total=0.02108
[TRAIN train_climax_no_spectral_constraint_s44] [TRAIN] stage=pretrain epoch=1/1 batch=2970/3000 step=2970 repair=0.003496 localization=0.2866 type=1.641 minimal=0.0183 physics=0.1427 total=0.2035
[TRAIN train_climax_no_spectral_constraint_s44] [TRAIN] stage=pretrain epoch=1/1 batch=2980/3000 step=2980 repair=0.001333 localization=0.01587 type=0.0001068 minimal=0.01796 physics=0.1416 total=0.0102
[TRAIN train_climax_no_spectral_constraint_s44] [TRAIN] stage=pretrain epoch=1/1 batch=2990/3000 step=2990 repair=0.004719 localization=0.3588 type=1.306 minimal=0.01837 physics=0.1486 total=0.2446
[TRAIN train_climax_no_spectral_constraint_s44] [TRAIN] stage=pretrain epoch=1/1 batch=3000/3000 step=3000 repair=0.04233 localization=0.5196 type=1.692 minimal=0.01889 physics=0.738 total=0.3006
[TRAIN train_climax_no_spectral_constraint_s44] [EPOCH] {'stage': 'pretrain', 'epoch': 0, 'global_step': 3000, 'train_total': 0.26396370157599447, 'val_repair_mse': 0.13052599714137614, 'elapsed_seconds': 1962.44}
[TRAIN train_climax_no_spectral_constraint_s44] [BEST] val_repair_mse=0.130526
[TRAIN train_climax_no_spectral_constraint_s44] [STAGE] finetune epochs=1 start_epoch=0
[TRAIN train_climax_no_spectral_constraint_s44] [TRAIN] stage=finetune epoch=1/1 batch=10/3000 step=3010 repair=0.1279 localization=0 type=0 minimal=0.03583 physics=0.1865 total=0.1375
[TRAIN train_climax_no_spectral_constraint_s44] [TRAIN] stage=finetune epoch=1/1 batch=20/3000 step=3020 repair=0.12 localization=0 type=0 minimal=0.03958 physics=0.1692 total=0.1288
[TRAIN train_climax_no_spectral_constraint_s44] [TRAIN] stage=finetune epoch=1/1 batch=30/3000 step=3030 repair=0.09687 localization=0 type=0 minimal=0.04178 physics=0.2037 total=0.1075
[TRAIN train_climax_no_spectral_constraint_s44] [TRAIN] stage=finetune epoch=1/1 batch=40/3000 step=3040 repair=0.152 localization=0 type=0 minimal=0.04407 physics=0.3618 total=0.1705
[TRAIN train_climax_no_spectral_constraint_s44] [TRAIN] stage=finetune epoch=1/1 batch=50/3000 step=3050 repair=0.1676 localization=0 type=0 minimal=0.04651 physics=0.2472 total=0.1805
[TRAIN train_climax_no_spectral_constraint_s44] [TRAIN] stage=finetune epoch=1/1 batch=60/3000 step=3060 repair=0.1016 localization=0 type=0 minimal=0.03568 physics=0.1965 total=0.1118
[TRAIN train_climax_no_spectral_constraint_s44] [TRAIN] stage=finetune epoch=1/1 batch=70/3000 step=3070 repair=0.09404 localization=0 type=0 minimal=0.03992 physics=0.17 total=0.1029
[TRAIN train_climax_no_spectral_constraint_s44] [TRAIN] stage=finetune epoch=1/1 batch=80/3000 step=3080 repair=0.126 localization=0 type=0 minimal=0.04401 physics=0.1191 total=0.1324
[TRAIN train_climax_no_spectral_constraint_s44] [TRAIN] stage=finetune epoch=1/1 batch=90/3000 step=3090 repair=0.1345 localization=0 type=0 minimal=0.04428 physics=0.7315 total=0.1715
[TRAIN train_climax_no_spectral_constraint_s44] [TRAIN] stage=finetune epoch=1/1 batch=100/3000 step=3100 repair=0.1017 localization=0 type=0 minimal=0.03836 physics=0.1844 total=0.1113
[TRAIN train_climax_no_spectral_constraint_s44] [TRAIN] stage=finetune epoch=1/1 batch=110/3000 step=3110 repair=0.1298 localization=0 type=0 minimal=0.03796 physics=0.5919 total=0.1598
[TRAIN train_climax_no_spectral_constraint_s44] [TRAIN] stage=finetune epoch=1/1 batch=120/3000 step=3120 repair=0.166 localization=0 type=0 minimal=0.04166 physics=0.3688 total=0.1849
[TRAIN train_climax_no_spectral_constraint_s44] [TRAIN] stage=finetune epoch=1/1 batch=130/3000 step=3130 repair=0.09795 localization=0 type=0 minimal=0.03922 physics=0.1944 total=0.1081
[TRAIN train_climax_no_spectral_constraint_s44] [TRAIN] stage=finetune epoch=1/1 batch=140/3000 step=3140 repair=0.1237 localization=0 type=0 minimal=0.04272 physics=0.1759 total=0.1329
[TRAIN train_climax_no_spectral_constraint_s44] [TRAIN] stage=finetune epoch=1/1 batch=150/3000 step=3150 repair=0.092 localization=0 type=0 minimal=0.04379 physics=0.1806 total=0.1015
[TRAIN train_climax_no_spectral_constraint_s44] [TRAIN] stage=finetune epoch=1/1 batch=160/3000 step=3160 repair=0.08683 localization=0 type=0 minimal=0.04013 physics=0.127 total=0.09358
[TRAIN train_climax_no_spectral_constraint_s44] [TRAIN] stage=finetune epoch=1/1 batch=170/3000 step=3170 repair=0.1637 localization=0 type=0 minimal=0.04309 physics=0.1802 total=0.1731
[TRAIN train_climax_no_spectral_constraint_s44] [TRAIN] stage=finetune epoch=1/1 batch=180/3000 step=3180 repair=0.1315 localization=0 type=0 minimal=0.04849 physics=0.1512 total=0.1396
[TRAIN train_climax_no_spectral_constraint_s44] [TRAIN] stage=finetune epoch=1/1 batch=190/3000 step=3190 repair=0.08822 localization=0 type=0 minimal=0.03867 physics=0.1563 total=0.09642
[TRAIN train_climax_no_spectral_constraint_s44] [TRAIN] stage=finetune epoch=1/1 batch=200/3000 step=3200 repair=0.131 localization=0 type=0 minimal=0.04172 physics=0.5297 total=0.1579
[TRAIN train_climax_no_spectral_constraint_s44] [TRAIN] stage=finetune epoch=1/1 batch=210/3000 step=3210 repair=0.1501 localization=0 type=0 minimal=0.04324 physics=0.2546 total=0.1633
[TRAIN train_climax_no_spectral_constraint_s44] [TRAIN] stage=finetune epoch=1/1 batch=220/3000 step=3220 repair=0.1207 localization=0 type=0 minimal=0.04489 physics=0.3474 total=0.1386
[TRAIN train_climax_no_spectral_constraint_s44] [TRAIN] stage=finetune epoch=1/1 batch=230/3000 step=3230 repair=0.1326 localization=0 type=0 minimal=0.04666 physics=0.1894 total=0.1425
[TRAIN train_climax_no_spectral_constraint_s44] [TRAIN] stage=finetune epoch=1/1 batch=240/3000 step=3240 repair=0.08693 localization=0 type=0 minimal=0.0444 physics=0.1598 total=0.09537
[TRAIN train_climax_no_spectral_constraint_s44] [TRAIN] stage=finetune epoch=1/1 batch=250/3000 step=3250 repair=0.09525 localization=0 type=0 minimal=0.0441 physics=0.1446 total=0.1029
[TRAIN train_climax_no_spectral_constraint_s44] [TRAIN] stage=finetune epoch=1/1 batch=260/3000 step=3260 repair=0.07898 localization=0 type=0 minimal=0.04608 physics=0.4144 total=0.1002
[TRAIN train_climax_no_spectral_constraint_s44] [TRAIN] stage=finetune epoch=1/1 batch=270/3000 step=3270 repair=0.08764 localization=0 type=0 minimal=0.04791 physics=0.1218 total=0.0942
[TRAIN train_climax_no_spectral_constraint_s44] [TRAIN] stage=finetune epoch=1/1 batch=280/3000 step=3280 repair=0.1375 localization=0 type=0 minimal=0.04834 physics=0.4443 total=0.1602
[TRAIN train_climax_no_spectral_constraint_s44] [TRAIN] stage=finetune epoch=1/1 batch=290/3000 step=3290 repair=0.08967 localization=0 type=0 minimal=0.04324 physics=0.2169 total=0.1009
[TRAIN train_climax_no_spectral_constraint_s44] [TRAIN] stage=finetune epoch=1/1 batch=300/3000 step=3300 repair=0.1176 localization=0 type=0 minimal=0.05206 physics=0.2023 total=0.1283
[TRAIN train_climax_no_spectral_constraint_s44] [TRAIN] stage=finetune epoch=1/1 batch=310/3000 step=3310 repair=0.1135 localization=0 type=0 minimal=0.04507 physics=0.1533 total=0.1216
[TRAIN train_climax_no_spectral_constraint_s44] [TRAIN] stage=finetune epoch=1/1 batch=320/3000 step=3320 repair=0.08861 localization=0 type=0 minimal=0.0451 physics=0.2051 total=0.09932
[TRAIN train_climax_no_spectral_constraint_s44] [TRAIN] stage=finetune epoch=1/1 batch=330/3000 step=3330 repair=0.1489 localization=0 type=0 minimal=0.04727 physics=0.2372 total=0.1612
[TRAIN train_climax_no_spectral_constraint_s44] [TRAIN] stage=finetune epoch=1/1 batch=340/3000 step=3340 repair=0.08581 localization=0 type=0 minimal=0.04391 physics=0.137 total=0.0931
[TRAIN train_climax_no_spectral_constraint_s44] [TRAIN] stage=finetune epoch=1/1 batch=350/3000 step=3350 repair=0.09291 localization=0 type=0 minimal=0.05072 physics=0.1575 total=0.1013
[TRAIN train_climax_no_spectral_constraint_s44] [TRAIN] stage=finetune epoch=1/1 batch=360/3000 step=3360 repair=0.08446 localization=0 type=0 minimal=0.0386 physics=0.1641 total=0.09305
[TRAIN train_climax_no_spectral_constraint_s44] [TRAIN] stage=finetune epoch=1/1 batch=370/3000 step=3370 repair=0.1188 localization=0 type=0 minimal=0.04684 physics=0.2551 total=0.132
[TRAIN train_climax_no_spectral_constraint_s44] [TRAIN] stage=finetune epoch=1/1 batch=380/3000 step=3380 repair=0.0831 localization=0 type=0 minimal=0.0473 physics=0.1562 total=0.09139
[TRAIN train_climax_no_spectral_constraint_s44] [TRAIN] stage=finetune epoch=1/1 batch=390/3000 step=3390 repair=0.1223 localization=0 type=0 minimal=0.04898 physics=0.1378 total=0.1297
[TRAIN train_climax_no_spectral_constraint_s44] [TRAIN] stage=finetune epoch=1/1 batch=400/3000 step=3400 repair=0.1249 localization=0 type=0 minimal=0.04919 physics=0.2095 total=0.1359
[TRAIN train_climax_no_spectral_constraint_s44] [TRAIN] stage=finetune epoch=1/1 batch=410/3000 step=3410 repair=0.07607 localization=0 type=0 minimal=0.04315 physics=0.2534 total=0.08917
[TRAIN train_climax_no_spectral_constraint_s44] [TRAIN] stage=finetune epoch=1/1 batch=420/3000 step=3420 repair=0.07379 localization=0 type=0 minimal=0.04297 physics=0.1372 total=0.08108
[TRAIN train_climax_no_spectral_constraint_s44] [TRAIN] stage=finetune epoch=1/1 batch=430/3000 step=3430 repair=0.07982 localization=0 type=0 minimal=0.0502 physics=0.1831 total=0.08947
[TRAIN train_climax_no_spectral_constraint_s44] [TRAIN] stage=finetune epoch=1/1 batch=440/3000 step=3440 repair=0.1183 localization=0 type=0 minimal=0.05017 physics=0.2526 total=0.1314
[TRAIN train_climax_no_spectral_constraint_s44] [TRAIN] stage=finetune epoch=1/1 batch=450/3000 step=3450 repair=0.08017 localization=0 type=0 minimal=0.04688 physics=0.1352 total=0.08739
[TRAIN train_climax_no_spectral_constraint_s44] [TRAIN] stage=finetune epoch=1/1 batch=460/3000 step=3460 repair=0.06488 localization=0 type=0 minimal=0.04913 physics=0.2136 total=0.07606
[TRAIN train_climax_no_spectral_constraint_s44] [TRAIN] stage=finetune epoch=1/1 batch=470/3000 step=3470 repair=0.1221 localization=0 type=0 minimal=0.04984 physics=0.1169 total=0.1284
[TRAIN train_climax_no_spectral_constraint_s44] [TRAIN] stage=finetune epoch=1/1 batch=480/3000 step=3480 repair=0.1647 localization=0 type=0 minimal=0.05005 physics=0.291 total=0.1797
[TRAIN train_climax_no_spectral_constraint_s44] [TRAIN] stage=finetune epoch=1/1 batch=490/3000 step=3490 repair=0.0939 localization=0 type=0 minimal=0.05206 physics=0.2746 total=0.1082
[TRAIN train_climax_no_spectral_constraint_s44] [TRAIN] stage=finetune epoch=1/1 batch=500/3000 step=3500 repair=0.1749 localization=0 type=0 minimal=0.05109 physics=0.3065 total=0.1908
[TRAIN train_climax_no_spectral_constraint_s44] [TRAIN] stage=finetune epoch=1/1 batch=510/3000 step=3510 repair=0.1227 localization=0 type=0 minimal=0.04984 physics=0.2752 total=0.137
[TRAIN train_climax_no_spectral_constraint_s44] [TRAIN] stage=finetune epoch=1/1 batch=520/3000 step=3520 repair=0.1182 localization=0 type=0 minimal=0.04959 physics=0.2385 total=0.1306
[TRAIN train_climax_no_spectral_constraint_s44] [TRAIN] stage=finetune epoch=1/1 batch=530/3000 step=3530 repair=0.1266 localization=0 type=0 minimal=0.05057 physics=0.2779 total=0.141
[TRAIN train_climax_no_spectral_constraint_s44] [TRAIN] stage=finetune epoch=1/1 batch=540/3000 step=3540 repair=0.1206 localization=0 type=0 minimal=0.05139 physics=0.4021 total=0.1412
[TRAIN train_climax_no_spectral_constraint_s44] [TRAIN] stage=finetune epoch=1/1 batch=550/3000 step=3550 repair=0.07908 localization=0 type=0 minimal=0.04822 physics=0.1094 total=0.08503
[TRAIN train_climax_no_spectral_constraint_s44] [TRAIN] stage=finetune epoch=1/1 batch=560/3000 step=3560 repair=0.1241 localization=0 type=0 minimal=0.0473 physics=0.3284 total=0.141
[TRAIN train_climax_no_spectral_constraint_s44] [TRAIN] stage=finetune epoch=1/1 batch=570/3000 step=3570 repair=0.1233 localization=0 type=0 minimal=0.04645 physics=0.1433 total=0.131
[TRAIN train_climax_no_spectral_constraint_s44] [TRAIN] stage=finetune epoch=1/1 batch=580/3000 step=3580 repair=0.07663 localization=0 type=0 minimal=0.04984 physics=0.1563 total=0.08494
[TRAIN train_climax_no_spectral_constraint_s44] [TRAIN] stage=finetune epoch=1/1 batch=590/3000 step=3590 repair=0.1277 localization=0 type=0 minimal=0.05197 physics=0.1558 total=0.136
[TRAIN train_climax_no_spectral_constraint_s44] [TRAIN] stage=finetune epoch=1/1 batch=600/3000 step=3600 repair=0.06484 localization=0 type=0 minimal=0.04785 physics=0.1975 total=0.07519
[TRAIN train_climax_no_spectral_constraint_s44] [TRAIN] stage=finetune epoch=1/1 batch=610/3000 step=3610 repair=0.1183 localization=0 type=0 minimal=0.04565 physics=0.4842 total=0.143
[TRAIN train_climax_no_spectral_constraint_s44] [TRAIN] stage=finetune epoch=1/1 batch=620/3000 step=3620 repair=0.07483 localization=0 type=0 minimal=0.05032 physics=0.1667 total=0.08367
[TRAIN train_climax_no_spectral_constraint_s44] [TRAIN] stage=finetune epoch=1/1 batch=630/3000 step=3630 repair=0.08462 localization=0 type=0 minimal=0.05093 physics=0.1396 total=0.09211
[TRAIN train_climax_no_spectral_constraint_s44] [TRAIN] stage=finetune epoch=1/1 batch=640/3000 step=3640 repair=0.08579 localization=0 type=0 minimal=0.04651 physics=0.4573 total=0.1091
[TRAIN train_climax_no_spectral_constraint_s44] [TRAIN] stage=finetune epoch=1/1 batch=650/3000 step=3650 repair=0.1306 localization=0 type=0 minimal=0.05389 physics=0.3941 total=0.1509
[TRAIN train_climax_no_spectral_constraint_s44] [TRAIN] stage=finetune epoch=1/1 batch=660/3000 step=3660 repair=0.115 localization=0 type=0 minimal=0.05087 physics=0.1955 total=0.1253
[TRAIN train_climax_no_spectral_constraint_s44] [TRAIN] stage=finetune epoch=1/1 batch=670/3000 step=3670 repair=0.07619 localization=0 type=0 minimal=0.04913 physics=0.1555 total=0.08446
[TRAIN train_climax_no_spectral_constraint_s44] [TRAIN] stage=finetune epoch=1/1 batch=680/3000 step=3680 repair=0.1011 localization=0 type=0 minimal=0.0542 physics=0.0979 total=0.1065
[TRAIN train_climax_no_spectral_constraint_s44] [TRAIN] stage=finetune epoch=1/1 batch=690/3000 step=3690 repair=0.1245 localization=0 type=0 minimal=0.05203 physics=0.3067 total=0.1404
[TRAIN train_climax_no_spectral_constraint_s44] [TRAIN] stage=finetune epoch=1/1 batch=700/3000 step=3700 repair=0.08024 localization=0 type=0 minimal=0.05124 physics=0.4056 total=0.101
[TRAIN train_climax_no_spectral_constraint_s44] [TRAIN] stage=finetune epoch=1/1 batch=710/3000 step=3710 repair=0.1185 localization=0 type=0 minimal=0.05511 physics=0.4093 total=0.1395
[TRAIN train_climax_no_spectral_constraint_s44] [TRAIN] stage=finetune epoch=1/1 batch=720/3000 step=3720 repair=0.1175 localization=0 type=0 minimal=0.04947 physics=0.1686 total=0.1264
[TRAIN train_climax_no_spectral_constraint_s44] [TRAIN] stage=finetune epoch=1/1 batch=730/3000 step=3730 repair=0.07801 localization=0 type=0 minimal=0.04715 physics=0.1127 total=0.08412
[TRAIN train_climax_no_spectral_constraint_s44] [TRAIN] stage=finetune epoch=1/1 batch=740/3000 step=3740 repair=0.1329 localization=0 type=0 minimal=0.05002 physics=0.4122 total=0.154
[TRAIN train_climax_no_spectral_constraint_s44] [TRAIN] stage=finetune epoch=1/1 batch=750/3000 step=3750 repair=0.07757 localization=0 type=0 minimal=0.05606 physics=0.1849 total=0.08738
[TRAIN train_climax_no_spectral_constraint_s44] [TRAIN] stage=finetune epoch=1/1 batch=760/3000 step=3760 repair=0.07576 localization=0 type=0 minimal=0.04764 physics=0.4834 total=0.1004
[TRAIN train_climax_no_spectral_constraint_s44] [TRAIN] stage=finetune epoch=1/1 batch=770/3000 step=3770 repair=0.09174 localization=0 type=0 minimal=0.04868 physics=0.4053 total=0.1125
[TRAIN train_climax_no_spectral_constraint_s44] [TRAIN] stage=finetune epoch=1/1 batch=780/3000 step=3780 repair=0.07215 localization=0 type=0 minimal=0.04767 physics=0.1453 total=0.07989
[TRAIN train_climax_no_spectral_constraint_s44] [TRAIN] stage=finetune epoch=1/1 batch=790/3000 step=3790 repair=0.1095 localization=0 type=0 minimal=0.05417 physics=0.1257 total=0.1163
[TRAIN train_climax_no_spectral_constraint_s44] [TRAIN] stage=finetune epoch=1/1 batch=800/3000 step=3800 repair=0.1518 localization=0 type=0 minimal=0.05566 physics=0.1193 total=0.1583
[TRAIN train_climax_no_spectral_constraint_s44] [TRAIN] stage=finetune epoch=1/1 batch=810/3000 step=3810 repair=0.07846 localization=0 type=0 minimal=0.04865 physics=0.1443 total=0.08617
[TRAIN train_climax_no_spectral_constraint_s44] [TRAIN] stage=finetune epoch=1/1 batch=820/3000 step=3820 repair=0.08832 localization=0 type=0 minimal=0.05554 physics=0.1173 total=0.09474
[TRAIN train_climax_no_spectral_constraint_s44] [TRAIN] stage=finetune epoch=1/1 batch=830/3000 step=3830 repair=0.0949 localization=0 type=0 minimal=0.06018 physics=0.1163 total=0.1013
[TRAIN train_climax_no_spectral_constraint_s44] [TRAIN] stage=finetune epoch=1/1 batch=840/3000 step=3840 repair=0.121 localization=0 type=0 minimal=0.05237 physics=0.1109 total=0.127
[TRAIN train_climax_no_spectral_constraint_s44] [TRAIN] stage=finetune epoch=1/1 batch=850/3000 step=3850 repair=0.1319 localization=0 type=0 minimal=0.05698 physics=0.1851 total=0.1417
[TRAIN train_climax_no_spectral_constraint_s44] [TRAIN] stage=finetune epoch=1/1 batch=860/3000 step=3860 repair=0.0805 localization=0 type=0 minimal=0.05417 physics=0.2674 total=0.09442
[TRAIN train_climax_no_spectral_constraint_s44] [TRAIN] stage=finetune epoch=1/1 batch=870/3000 step=3870 repair=0.08684 localization=0 type=0 minimal=0.05457 physics=0.1612 total=0.09545
[TRAIN train_climax_no_spectral_constraint_s44] [TRAIN] stage=finetune epoch=1/1 batch=880/3000 step=3880 repair=0.1148 localization=0 type=0 minimal=0.0538 physics=0.2981 total=0.1303
[TRAIN train_climax_no_spectral_constraint_s44] [TRAIN] stage=finetune epoch=1/1 batch=890/3000 step=3890 repair=0.07659 localization=0 type=0 minimal=0.05692 physics=0.3216 total=0.09324
[TRAIN train_climax_no_spectral_constraint_s44] [TRAIN] stage=finetune epoch=1/1 batch=900/3000 step=3900 repair=0.08032 localization=0 type=0 minimal=0.05386 physics=0.1143 total=0.08658
[TRAIN train_climax_no_spectral_constraint_s44] [TRAIN] stage=finetune epoch=1/1 batch=910/3000 step=3910 repair=0.07833 localization=0 type=0 minimal=0.05704 physics=0.2679 total=0.09229
[TRAIN train_climax_no_spectral_constraint_s44] [TRAIN] stage=finetune epoch=1/1 batch=920/3000 step=3920 repair=0.115 localization=0 type=0 minimal=0.05325 physics=0.1247 total=0.1218
[TRAIN train_climax_no_spectral_constraint_s44] [TRAIN] stage=finetune epoch=1/1 batch=930/3000 step=3930 repair=0.06991 localization=0 type=0 minimal=0.04959 physics=0.223 total=0.08156
[TRAIN train_climax_no_spectral_constraint_s44] [TRAIN] stage=finetune epoch=1/1 batch=940/3000 step=3940 repair=0.06865 localization=0 type=0 minimal=0.05035 physics=0.1679 total=0.07756
[TRAIN train_climax_no_spectral_constraint_s44] [TRAIN] stage=finetune epoch=1/1 batch=950/3000 step=3950 repair=0.09418 localization=0 type=0 minimal=0.06049 physics=0.2136 total=0.1055
[TRAIN train_climax_no_spectral_constraint_s44] [TRAIN] stage=finetune epoch=1/1 batch=960/3000 step=3960 repair=0.08642 localization=0 type=0 minimal=0.0527 physics=0.08341 total=0.09112
[TRAIN train_climax_no_spectral_constraint_s44] [TRAIN] stage=finetune epoch=1/1 batch=970/3000 step=3970 repair=0.1636 localization=0 type=0 minimal=0.05438 physics=0.2668 total=0.1775
[TRAIN train_climax_no_spectral_constraint_s44] [TRAIN] stage=finetune epoch=1/1 batch=980/3000 step=3980 repair=0.08409 localization=0 type=0 minimal=0.05157 physics=0.5087 total=0.11
[TRAIN train_climax_no_spectral_constraint_s44] [TRAIN] stage=finetune epoch=1/1 batch=990/3000 step=3990 repair=0.08083 localization=0 type=0 minimal=0.05396 physics=0.1927 total=0.09101
[TRAIN train_climax_no_spectral_constraint_s44] [TRAIN] stage=finetune epoch=1/1 batch=1000/3000 step=4000 repair=0.1213 localization=0 type=0 minimal=0.05783 physics=0.2986 total=0.1369
[TRAIN train_climax_no_spectral_constraint_s44] [TRAIN] stage=finetune epoch=1/1 batch=1010/3000 step=4010 repair=0.06898 localization=0 type=0 minimal=0.06143 physics=0.1634 total=0.07777
[TRAIN train_climax_no_spectral_constraint_s44] [TRAIN] stage=finetune epoch=1/1 batch=1020/3000 step=4020 repair=0.1256 localization=0 type=0 minimal=0.05743 physics=0.3235 total=0.1423
[TRAIN train_climax_no_spectral_constraint_s44] [TRAIN] stage=finetune epoch=1/1 batch=1030/3000 step=4030 repair=0.1214 localization=0 type=0 minimal=0.05481 physics=0.1863 total=0.1313
[TRAIN train_climax_no_spectral_constraint_s44] [TRAIN] stage=finetune epoch=1/1 batch=1040/3000 step=4040 repair=0.1181 localization=0 type=0 minimal=0.05112 physics=0.4098 total=0.1391
[TRAIN train_climax_no_spectral_constraint_s44] [TRAIN] stage=finetune epoch=1/1 batch=1050/3000 step=4050 repair=0.1161 localization=0 type=0 minimal=0.05417 physics=0.2346 total=0.1283
[TRAIN train_climax_no_spectral_constraint_s44] [TRAIN] stage=finetune epoch=1/1 batch=1060/3000 step=4060 repair=0.1053 localization=0 type=0 minimal=0.0495 physics=0.1805 total=0.1149
[TRAIN train_climax_no_spectral_constraint_s44] [TRAIN] stage=finetune epoch=1/1 batch=1070/3000 step=4070 repair=0.1175 localization=0 type=0 minimal=0.05902 physics=0.2601 total=0.131
[TRAIN train_climax_no_spectral_constraint_s44] [TRAIN] stage=finetune epoch=1/1 batch=1080/3000 step=4080 repair=0.07393 localization=0 type=0 minimal=0.05151 physics=0.1634 total=0.08262
[TRAIN train_climax_no_spectral_constraint_s44] [TRAIN] stage=finetune epoch=1/1 batch=1090/3000 step=4090 repair=0.07103 localization=0 type=0 minimal=0.05502 physics=0.2765 total=0.0854
[TRAIN train_climax_no_spectral_constraint_s44] [TRAIN] stage=finetune epoch=1/1 batch=1100/3000 step=4100 repair=0.1099 localization=0 type=0 minimal=0.0538 physics=0.3224 total=0.1266
[TRAIN train_climax_no_spectral_constraint_s44] [TRAIN] stage=finetune epoch=1/1 batch=1110/3000 step=4110 repair=0.1582 localization=0 type=0 minimal=0.04868 physics=0.2434 total=0.1709
[TRAIN train_climax_no_spectral_constraint_s44] [TRAIN] stage=finetune epoch=1/1 batch=1120/3000 step=4120 repair=0.1182 localization=0 type=0 minimal=0.05472 physics=0.2278 total=0.1302
[TRAIN train_climax_no_spectral_constraint_s44] [TRAIN] stage=finetune epoch=1/1 batch=1130/3000 step=4130 repair=0.07653 localization=0 type=0 minimal=0.06323 physics=0.7674 total=0.1155
[TRAIN train_climax_no_spectral_constraint_s44] [TRAIN] stage=finetune epoch=1/1 batch=1140/3000 step=4140 repair=0.1349 localization=0 type=0 minimal=0.04758 physics=0.387 total=0.1547
[TRAIN train_climax_no_spectral_constraint_s44] [TRAIN] stage=finetune epoch=1/1 batch=1150/3000 step=4150 repair=0.1245 localization=0 type=0 minimal=0.0481 physics=0.1368 total=0.1318
[TRAIN train_climax_no_spectral_constraint_s44] [TRAIN] stage=finetune epoch=1/1 batch=1160/3000 step=4160 repair=0.1183 localization=0 type=0 minimal=0.05142 physics=0.2337 total=0.1305
[TRAIN train_climax_no_spectral_constraint_s44] [TRAIN] stage=finetune epoch=1/1 batch=1170/3000 step=4170 repair=0.1615 localization=0 type=0 minimal=0.06635 physics=0.1562 total=0.17
[TRAIN train_climax_no_spectral_constraint_s44] [TRAIN] stage=finetune epoch=1/1 batch=1180/3000 step=4180 repair=0.1121 localization=0 type=0 minimal=0.04813 physics=0.2974 total=0.1275
[TRAIN train_climax_no_spectral_constraint_s44] [TRAIN] stage=finetune epoch=1/1 batch=1190/3000 step=4190 repair=0.1146 localization=0 type=0 minimal=0.05096 physics=0.08967 total=0.1196
[TRAIN train_climax_no_spectral_constraint_s44] [TRAIN] stage=finetune epoch=1/1 batch=1200/3000 step=4200 repair=0.08089 localization=0 type=0 minimal=0.05298 physics=0.3112 total=0.09699
[TRAIN train_climax_no_spectral_constraint_s44] [TRAIN] stage=finetune epoch=1/1 batch=1210/3000 step=4210 repair=0.1247 localization=0 type=0 minimal=0.05225 physics=0.1385 total=0.1322
[TRAIN train_climax_no_spectral_constraint_s44] [TRAIN] stage=finetune epoch=1/1 batch=1220/3000 step=4220 repair=0.155 localization=0 type=0 minimal=0.05203 physics=0.432 total=0.1771
[TRAIN train_climax_no_spectral_constraint_s44] [TRAIN] stage=finetune epoch=1/1 batch=1230/3000 step=4230 repair=0.07584 localization=0 type=0 minimal=0.06201 physics=0.2069 total=0.08681
[TRAIN train_climax_no_spectral_constraint_s44] [TRAIN] stage=finetune epoch=1/1 batch=1240/3000 step=4240 repair=0.08988 localization=0 type=0 minimal=0.05789 physics=0.1552 total=0.09822
[TRAIN train_climax_no_spectral_constraint_s44] [TRAIN] stage=finetune epoch=1/1 batch=1250/3000 step=4250 repair=0.1193 localization=0 type=0 minimal=0.05795 physics=0.09303 total=0.1245
[TRAIN train_climax_no_spectral_constraint_s44] [TRAIN] stage=finetune epoch=1/1 batch=1260/3000 step=4260 repair=0.07789 localization=0 type=0 minimal=0.05402 physics=0.1091 total=0.08388
[TRAIN train_climax_no_spectral_constraint_s44] [TRAIN] stage=finetune epoch=1/1 batch=1270/3000 step=4270 repair=0.1251 localization=0 type=0 minimal=0.05606 physics=0.2996 total=0.1406
[TRAIN train_climax_no_spectral_constraint_s44] [TRAIN] stage=finetune epoch=1/1 batch=1280/3000 step=4280 repair=0.07684 localization=0 type=0 minimal=0.05634 physics=0.8501 total=0.1199
[TRAIN train_climax_no_spectral_constraint_s44] [TRAIN] stage=finetune epoch=1/1 batch=1290/3000 step=4290 repair=0.1245 localization=0 type=0 minimal=0.0564 physics=0.1978 total=0.135
[TRAIN train_climax_no_spectral_constraint_s44] [TRAIN] stage=finetune epoch=1/1 batch=1300/3000 step=4300 repair=0.06801 localization=0 type=0 minimal=0.05362 physics=0.2163 total=0.07935
[TRAIN train_climax_no_spectral_constraint_s44] [TRAIN] stage=finetune epoch=1/1 batch=1310/3000 step=4310 repair=0.1513 localization=0 type=0 minimal=0.05063 physics=0.2137 total=0.1625
[TRAIN train_climax_no_spectral_constraint_s44] [TRAIN] stage=finetune epoch=1/1 batch=1320/3000 step=4320 repair=0.06838 localization=0 type=0 minimal=0.05203 physics=0.3238 total=0.08509
[TRAIN train_climax_no_spectral_constraint_s44] [TRAIN] stage=finetune epoch=1/1 batch=1330/3000 step=4330 repair=0.08666 localization=0 type=0 minimal=0.05008 physics=0.2608 total=0.1002
[TRAIN train_climax_no_spectral_constraint_s44] [TRAIN] stage=finetune epoch=1/1 batch=1340/3000 step=4340 repair=0.07714 localization=0 type=0 minimal=0.04828 physics=0.1595 total=0.0856
[TRAIN train_climax_no_spectral_constraint_s44] [TRAIN] stage=finetune epoch=1/1 batch=1350/3000 step=4350 repair=0.07903 localization=0 type=0 minimal=0.06033 physics=0.2602 total=0.09264
[TRAIN train_climax_no_spectral_constraint_s44] [TRAIN] stage=finetune epoch=1/1 batch=1360/3000 step=4360 repair=0.1111 localization=0 type=0 minimal=0.05887 physics=0.2809 total=0.1257
[TRAIN train_climax_no_spectral_constraint_s44] [TRAIN] stage=finetune epoch=1/1 batch=1370/3000 step=4370 repair=0.1338 localization=0 type=0 minimal=0.05801 physics=0.1929 total=0.144
[TRAIN train_climax_no_spectral_constraint_s44] [TRAIN] stage=finetune epoch=1/1 batch=1380/3000 step=4380 repair=0.1141 localization=0 type=0 minimal=0.05621 physics=0.4065 total=0.135
[TRAIN train_climax_no_spectral_constraint_s44] [TRAIN] stage=finetune epoch=1/1 batch=1390/3000 step=4390 repair=0.07734 localization=0 type=0 minimal=0.06403 physics=0.2844 total=0.0922
[TRAIN train_climax_no_spectral_constraint_s44] [TRAIN] stage=finetune epoch=1/1 batch=1400/3000 step=4400 repair=0.07666 localization=0 type=0 minimal=0.05243 physics=0.0784 total=0.08111
[TRAIN train_climax_no_spectral_constraint_s44] [TRAIN] stage=finetune epoch=1/1 batch=1410/3000 step=4410 repair=0.07506 localization=0 type=0 minimal=0.05692 physics=0.4195 total=0.0966
[TRAIN train_climax_no_spectral_constraint_s44] [TRAIN] stage=finetune epoch=1/1 batch=1420/3000 step=4420 repair=0.0757 localization=0 type=0 minimal=0.05679 physics=0.2949 total=0.09102
[TRAIN train_climax_no_spectral_constraint_s44] [TRAIN] stage=finetune epoch=1/1 batch=1430/3000 step=4430 repair=0.1228 localization=0 type=0 minimal=0.06058 physics=0.2023 total=0.1335
[TRAIN train_climax_no_spectral_constraint_s44] [TRAIN] stage=finetune epoch=1/1 batch=1440/3000 step=4440 repair=0.1666 localization=0 type=0 minimal=0.05911 physics=0.4607 total=0.1902
[TRAIN train_climax_no_spectral_constraint_s44] [TRAIN] stage=finetune epoch=1/1 batch=1450/3000 step=4450 repair=0.08976 localization=0 type=0 minimal=0.05457 physics=0.0843 total=0.09452
[TRAIN train_climax_no_spectral_constraint_s44] [TRAIN] stage=finetune epoch=1/1 batch=1460/3000 step=4460 repair=0.1094 localization=0 type=0 minimal=0.05826 physics=0.0779 total=0.1139
[TRAIN train_climax_no_spectral_constraint_s44] [TRAIN] stage=finetune epoch=1/1 batch=1470/3000 step=4470 repair=0.1478 localization=0 type=0 minimal=0.06262 physics=0.2764 total=0.1622
[TRAIN train_climax_no_spectral_constraint_s44] [TRAIN] stage=finetune epoch=1/1 batch=1480/3000 step=4480 repair=0.0932 localization=0 type=0 minimal=0.05472 physics=0.4103 total=0.1143
[TRAIN train_climax_no_spectral_constraint_s44] [TRAIN] stage=finetune epoch=1/1 batch=1490/3000 step=4490 repair=0.122 localization=0 type=0 minimal=0.05658 physics=0.1917 total=0.1321
[TRAIN train_climax_no_spectral_constraint_s44] [TRAIN] stage=finetune epoch=1/1 batch=1500/3000 step=4500 repair=0.0802 localization=0 type=0 minimal=0.05716 physics=0.1045 total=0.086
[TRAIN train_climax_no_spectral_constraint_s44] [TRAIN] stage=finetune epoch=1/1 batch=1510/3000 step=4510 repair=0.08774 localization=0 type=0 minimal=0.05594 physics=0.1685 total=0.09672
[TRAIN train_climax_no_spectral_constraint_s44] [TRAIN] stage=finetune epoch=1/1 batch=1520/3000 step=4520 repair=0.07851 localization=0 type=0 minimal=0.06223 physics=0.2332 total=0.09079
[TRAIN train_climax_no_spectral_constraint_s44] [TRAIN] stage=finetune epoch=1/1 batch=1530/3000 step=4530 repair=0.1136 localization=0 type=0 minimal=0.05029 physics=0.2677 total=0.1275
[TRAIN train_climax_no_spectral_constraint_s44] [TRAIN] stage=finetune epoch=1/1 batch=1540/3000 step=4540 repair=0.1094 localization=0 type=0 minimal=0.05765 physics=0.2123 total=0.1206
[TRAIN train_climax_no_spectral_constraint_s44] [TRAIN] stage=finetune epoch=1/1 batch=1550/3000 step=4550 repair=0.107 localization=0 type=0 minimal=0.06262 physics=0.2812 total=0.1217
[TRAIN train_climax_no_spectral_constraint_s44] [TRAIN] stage=finetune epoch=1/1 batch=1560/3000 step=4560 repair=0.1602 localization=0 type=0 minimal=0.05042 physics=0.4148 total=0.1814
[TRAIN train_climax_no_spectral_constraint_s44] [TRAIN] stage=finetune epoch=1/1 batch=1570/3000 step=4570 repair=0.08538 localization=0 type=0 minimal=0.05902 physics=0.1398 total=0.09296
[TRAIN train_climax_no_spectral_constraint_s44] [TRAIN] stage=finetune epoch=1/1 batch=1580/3000 step=4580 repair=0.1223 localization=0 type=0 minimal=0.0564 physics=0.469 total=0.1463
[TRAIN train_climax_no_spectral_constraint_s44] [TRAIN] stage=finetune epoch=1/1 batch=1590/3000 step=4590 repair=0.1122 localization=0 type=0 minimal=0.06244 physics=0.1918 total=0.1224
[TRAIN train_climax_no_spectral_constraint_s44] [TRAIN] stage=finetune epoch=1/1 batch=1600/3000 step=4600 repair=0.1263 localization=0 type=0 minimal=0.05988 physics=0.07912 total=0.1308
[TRAIN train_climax_no_spectral_constraint_s44] [TRAIN] stage=finetune epoch=1/1 batch=1610/3000 step=4610 repair=0.08519 localization=0 type=0 minimal=0.05478 physics=0.2436 total=0.09792
[TRAIN train_climax_no_spectral_constraint_s44] [TRAIN] stage=finetune epoch=1/1 batch=1620/3000 step=4620 repair=0.1098 localization=0 type=0 minimal=0.05066 physics=0.257 total=0.1232
[TRAIN train_climax_no_spectral_constraint_s44] [TRAIN] stage=finetune epoch=1/1 batch=1630/3000 step=4630 repair=0.07314 localization=0 type=0 minimal=0.05362 physics=0.1826 total=0.08281
[TRAIN train_climax_no_spectral_constraint_s44] [TRAIN] stage=finetune epoch=1/1 batch=1640/3000 step=4640 repair=0.06563 localization=0 type=0 minimal=0.06247 physics=0.1901 total=0.07576
[TRAIN train_climax_no_spectral_constraint_s44] [TRAIN] stage=finetune epoch=1/1 batch=1650/3000 step=4650 repair=0.1309 localization=0 type=0 minimal=0.06427 physics=0.1055 total=0.1368
[TRAIN train_climax_no_spectral_constraint_s44] [TRAIN] stage=finetune epoch=1/1 batch=1660/3000 step=4660 repair=0.08732 localization=0 type=0 minimal=0.05377 physics=0.07609 total=0.09166
[TRAIN train_climax_no_spectral_constraint_s44] [TRAIN] stage=finetune epoch=1/1 batch=1670/3000 step=4670 repair=0.06712 localization=0 type=0 minimal=0.05426 physics=0.04567 total=0.06994
[TRAIN train_climax_no_spectral_constraint_s44] [TRAIN] stage=finetune epoch=1/1 batch=1680/3000 step=4680 repair=0.07235 localization=0 type=0 minimal=0.06445 physics=0.1641 total=0.0812
[TRAIN train_climax_no_spectral_constraint_s44] [TRAIN] stage=finetune epoch=1/1 batch=1690/3000 step=4690 repair=0.09966 localization=0 type=0 minimal=0.04153 physics=0.9246 total=0.1463
[TRAIN train_climax_no_spectral_constraint_s44] [TRAIN] stage=finetune epoch=1/1 batch=1700/3000 step=4700 repair=0.1169 localization=0 type=0 minimal=0.05023 physics=0.4031 total=0.1375
[TRAIN train_climax_no_spectral_constraint_s44] [TRAIN] stage=finetune epoch=1/1 batch=1710/3000 step=4710 repair=0.1227 localization=0 type=0 minimal=0.06033 physics=0.4184 total=0.1442
[TRAIN train_climax_no_spectral_constraint_s44] [TRAIN] stage=finetune epoch=1/1 batch=1720/3000 step=4720 repair=0.07317 localization=0 type=0 minimal=0.05811 physics=0.4198 total=0.09474
[TRAIN train_climax_no_spectral_constraint_s44] [TRAIN] stage=finetune epoch=1/1 batch=1730/3000 step=4730 repair=0.07938 localization=0 type=0 minimal=0.06158 physics=0.4279 total=0.1014
[TRAIN train_climax_no_spectral_constraint_s44] [TRAIN] stage=finetune epoch=1/1 batch=1740/3000 step=4740 repair=0.0763 localization=0 type=0 minimal=0.05176 physics=0.06078 total=0.07985
[TRAIN train_climax_no_spectral_constraint_s44] [TRAIN] stage=finetune epoch=1/1 batch=1750/3000 step=4750 repair=0.07888 localization=0 type=0 minimal=0.05136 physics=0.2271 total=0.09074
[TRAIN train_climax_no_spectral_constraint_s44] [TRAIN] stage=finetune epoch=1/1 batch=1760/3000 step=4760 repair=0.1254 localization=0 type=0 minimal=0.07135 physics=0.3324 total=0.1427
[TRAIN train_climax_no_spectral_constraint_s44] [TRAIN] stage=finetune epoch=1/1 batch=1770/3000 step=4770 repair=0.07508 localization=0 type=0 minimal=0.06137 physics=0.2778 total=0.08958
[TRAIN train_climax_no_spectral_constraint_s44] [TRAIN] stage=finetune epoch=1/1 batch=1780/3000 step=4780 repair=0.1149 localization=0 type=0 minimal=0.05307 physics=0.09213 total=0.1201
[TRAIN train_climax_no_spectral_constraint_s44] [TRAIN] stage=finetune epoch=1/1 batch=1790/3000 step=4790 repair=0.08106 localization=0 type=0 minimal=0.05545 physics=0.7957 total=0.1214
[TRAIN train_climax_no_spectral_constraint_s44] [TRAIN] stage=finetune epoch=1/1 batch=1800/3000 step=4800 repair=0.1149 localization=0 type=0 minimal=0.06006 physics=0.2762 total=0.1293
[TRAIN train_climax_no_spectral_constraint_s44] [TRAIN] stage=finetune epoch=1/1 batch=1810/3000 step=4810 repair=0.08186 localization=0 type=0 minimal=0.05637 physics=0.1016 total=0.0875
[TRAIN train_climax_no_spectral_constraint_s44] [TRAIN] stage=finetune epoch=1/1 batch=1820/3000 step=4820 repair=0.07118 localization=0 type=0 minimal=0.05786 physics=0.6031 total=0.1019
[TRAIN train_climax_no_spectral_constraint_s44] [TRAIN] stage=finetune epoch=1/1 batch=1830/3000 step=4830 repair=0.121 localization=0 type=0 minimal=0.05695 physics=0.3038 total=0.1368
[TRAIN train_climax_no_spectral_constraint_s44] [TRAIN] stage=finetune epoch=1/1 batch=1840/3000 step=4840 repair=0.1263 localization=0 type=0 minimal=0.05157 physics=0.3721 total=0.1454
[TRAIN train_climax_no_spectral_constraint_s44] [TRAIN] stage=finetune epoch=1/1 batch=1850/3000 step=4850 repair=0.1518 localization=0 type=0 minimal=0.05234 physics=0.2203 total=0.1634
[TRAIN train_climax_no_spectral_constraint_s44] [TRAIN] stage=finetune epoch=1/1 batch=1860/3000 step=4860 repair=0.06744 localization=0 type=0 minimal=0.05432 physics=0.3606 total=0.08601
[TRAIN train_climax_no_spectral_constraint_s44] [TRAIN] stage=finetune epoch=1/1 batch=1870/3000 step=4870 repair=0.07835 localization=0 type=0 minimal=0.05573 physics=0.2327 total=0.09055
[TRAIN train_climax_no_spectral_constraint_s44] [TRAIN] stage=finetune epoch=1/1 batch=1880/3000 step=4880 repair=0.1656 localization=0 type=0 minimal=0.05405 physics=0.202 total=0.1762
[TRAIN train_climax_no_spectral_constraint_s44] [TRAIN] stage=finetune epoch=1/1 batch=1890/3000 step=4890 repair=0.122 localization=0 type=0 minimal=0.05496 physics=0.4483 total=0.145
[TRAIN train_climax_no_spectral_constraint_s44] [TRAIN] stage=finetune epoch=1/1 batch=1900/3000 step=4900 repair=0.1216 localization=0 type=0 minimal=0.05826 physics=0.1577 total=0.13
[TRAIN train_climax_no_spectral_constraint_s44] [TRAIN] stage=finetune epoch=1/1 batch=1910/3000 step=4910 repair=0.08674 localization=0 type=0 minimal=0.05597 physics=0.2264 total=0.09862
[TRAIN train_climax_no_spectral_constraint_s44] [TRAIN] stage=finetune epoch=1/1 batch=1920/3000 step=4920 repair=0.1075 localization=0 type=0 minimal=0.06094 physics=0.2144 total=0.1188
[TRAIN train_climax_no_spectral_constraint_s44] [TRAIN] stage=finetune epoch=1/1 batch=1930/3000 step=4930 repair=0.06933 localization=0 type=0 minimal=0.06317 physics=0.08281 total=0.0741
[TRAIN train_climax_no_spectral_constraint_s44] [TRAIN] stage=finetune epoch=1/1 batch=1940/3000 step=4940 repair=0.1605 localization=0 type=0 minimal=0.05212 physics=0.2566 total=0.1738
[TRAIN train_climax_no_spectral_constraint_s44] [TRAIN] stage=finetune epoch=1/1 batch=1950/3000 step=4950 repair=0.167 localization=0 type=0 minimal=0.05634 physics=0.09904 total=0.1725
[TRAIN train_climax_no_spectral_constraint_s44] [TRAIN] stage=finetune epoch=1/1 batch=1960/3000 step=4960 repair=0.07851 localization=0 type=0 minimal=0.06042 physics=0.3627 total=0.09724
[TRAIN train_climax_no_spectral_constraint_s44] [TRAIN] stage=finetune epoch=1/1 batch=1970/3000 step=4970 repair=0.1284 localization=0 type=0 minimal=0.05765 physics=0.1521 total=0.1366
[TRAIN train_climax_no_spectral_constraint_s44] [TRAIN] stage=finetune epoch=1/1 batch=1980/3000 step=4980 repair=0.1518 localization=0 type=0 minimal=0.05948 physics=0.2316 total=0.1639
[TRAIN train_climax_no_spectral_constraint_s44] [TRAIN] stage=finetune epoch=1/1 batch=1990/3000 step=4990 repair=0.07606 localization=0 type=0 minimal=0.06091 physics=0.1278 total=0.08305
[TRAIN train_climax_no_spectral_constraint_s44] [TRAIN] stage=finetune epoch=1/1 batch=2000/3000 step=5000 repair=0.1682 localization=0 type=0 minimal=0.05817 physics=0.4126 total=0.1894
[TRAIN train_climax_no_spectral_constraint_s44] [TRAIN] stage=finetune epoch=1/1 batch=2010/3000 step=5010 repair=0.06366 localization=0 type=0 minimal=0.0647 physics=0.1299 total=0.0708
[TRAIN train_climax_no_spectral_constraint_s44] [TRAIN] stage=finetune epoch=1/1 batch=2020/3000 step=5020 repair=0.07912 localization=0 type=0 minimal=0.06445 physics=0.7322 total=0.1164
[TRAIN train_climax_no_spectral_constraint_s44] [TRAIN] stage=finetune epoch=1/1 batch=2030/3000 step=5030 repair=0.1546 localization=0 type=0 minimal=0.0542 physics=0.1037 total=0.1604
[TRAIN train_climax_no_spectral_constraint_s44] [TRAIN] stage=finetune epoch=1/1 batch=2040/3000 step=5040 repair=0.1191 localization=0 type=0 minimal=0.05609 physics=0.119 total=0.1256
[TRAIN train_climax_no_spectral_constraint_s44] [TRAIN] stage=finetune epoch=1/1 batch=2050/3000 step=5050 repair=0.1825 localization=0 type=0 minimal=0.05612 physics=0.1611 total=0.1911
[TRAIN train_climax_no_spectral_constraint_s44] [TRAIN] stage=finetune epoch=1/1 batch=2060/3000 step=5060 repair=0.07355 localization=0 type=0 minimal=0.06128 physics=0.09803 total=0.07906
[TRAIN train_climax_no_spectral_constraint_s44] [TRAIN] stage=finetune epoch=1/1 batch=2070/3000 step=5070 repair=0.1144 localization=0 type=0 minimal=0.05978 physics=0.237 total=0.1269
[TRAIN train_climax_no_spectral_constraint_s44] [TRAIN] stage=finetune epoch=1/1 batch=2080/3000 step=5080 repair=0.108 localization=0 type=0 minimal=0.06055 physics=0.1125 total=0.1142
[TRAIN train_climax_no_spectral_constraint_s44] [TRAIN] stage=finetune epoch=1/1 batch=2090/3000 step=5090 repair=0.1257 localization=0 type=0 minimal=0.05466 physics=0.1291 total=0.1327
[TRAIN train_climax_no_spectral_constraint_s44] [TRAIN] stage=finetune epoch=1/1 batch=2100/3000 step=5100 repair=0.1173 localization=0 type=0 minimal=0.05579 physics=0.3152 total=0.1337
[TRAIN train_climax_no_spectral_constraint_s44] [TRAIN] stage=finetune epoch=1/1 batch=2110/3000 step=5110 repair=0.08915 localization=0 type=0 minimal=0.05563 physics=0.7238 total=0.1259
[TRAIN train_climax_no_spectral_constraint_s44] [TRAIN] stage=finetune epoch=1/1 batch=2120/3000 step=5120 repair=0.09692 localization=0 type=0 minimal=0.06189 physics=0.06921 total=0.101
[TRAIN train_climax_no_spectral_constraint_s44] [TRAIN] stage=finetune epoch=1/1 batch=2130/3000 step=5130 repair=0.1182 localization=0 type=0 minimal=0.06256 physics=0.1643 total=0.127
[TRAIN train_climax_no_spectral_constraint_s44] [TRAIN] stage=finetune epoch=1/1 batch=2140/3000 step=5140 repair=0.1162 localization=0 type=0 minimal=0.05618 physics=0.3063 total=0.1321
[TRAIN train_climax_no_spectral_constraint_s44] [TRAIN] stage=finetune epoch=1/1 batch=2150/3000 step=5150 repair=0.07812 localization=0 type=0 minimal=0.05643 physics=0.2009 total=0.08872
[TRAIN train_climax_no_spectral_constraint_s44] [TRAIN] stage=finetune epoch=1/1 batch=2160/3000 step=5160 repair=0.127 localization=0 type=0 minimal=0.05646 physics=0.2198 total=0.1385
[TRAIN train_climax_no_spectral_constraint_s44] [TRAIN] stage=finetune epoch=1/1 batch=2170/3000 step=5170 repair=0.09011 localization=0 type=0 minimal=0.05856 physics=0.07265 total=0.09433
[TRAIN train_climax_no_spectral_constraint_s44] [TRAIN] stage=finetune epoch=1/1 batch=2180/3000 step=5180 repair=0.06791 localization=0 type=0 minimal=0.0593 physics=0.1597 total=0.07649
[TRAIN train_climax_no_spectral_constraint_s44] [TRAIN] stage=finetune epoch=1/1 batch=2190/3000 step=5190 repair=0.1188 localization=0 type=0 minimal=0.05414 physics=0.2979 total=0.1342
[TRAIN train_climax_no_spectral_constraint_s44] [TRAIN] stage=finetune epoch=1/1 batch=2200/3000 step=5200 repair=0.1261 localization=0 type=0 minimal=0.05627 physics=0.3801 total=0.1456
[TRAIN train_climax_no_spectral_constraint_s44] [TRAIN] stage=finetune epoch=1/1 batch=2210/3000 step=5210 repair=0.182 localization=0 type=0 minimal=0.05661 physics=0.2186 total=0.1935
[TRAIN train_climax_no_spectral_constraint_s44] [TRAIN] stage=finetune epoch=1/1 batch=2220/3000 step=5220 repair=0.12 localization=0 type=0 minimal=0.06155 physics=0.1852 total=0.1299
[TRAIN train_climax_no_spectral_constraint_s44] [TRAIN] stage=finetune epoch=1/1 batch=2230/3000 step=5230 repair=0.06928 localization=0 type=0 minimal=0.0603 physics=0.08979 total=0.07438
[TRAIN train_climax_no_spectral_constraint_s44] [TRAIN] stage=finetune epoch=1/1 batch=2240/3000 step=5240 repair=0.1159 localization=0 type=0 minimal=0.05841 physics=0.161 total=0.1245
[TRAIN train_climax_no_spectral_constraint_s44] [TRAIN] stage=finetune epoch=1/1 batch=2250/3000 step=5250 repair=0.1725 localization=0 type=0 minimal=0.06116 physics=0.1817 total=0.1822
[TRAIN train_climax_no_spectral_constraint_s44] [TRAIN] stage=finetune epoch=1/1 batch=2260/3000 step=5260 repair=0.1245 localization=0 type=0 minimal=0.05948 physics=0.2049 total=0.1353
[TRAIN train_climax_no_spectral_constraint_s44] [TRAIN] stage=finetune epoch=1/1 batch=2270/3000 step=5270 repair=0.08558 localization=0 type=0 minimal=0.06696 physics=0.1794 total=0.09522
[TRAIN train_climax_no_spectral_constraint_s44] [TRAIN] stage=finetune epoch=1/1 batch=2280/3000 step=5280 repair=0.1655 localization=0 type=0 minimal=0.05453 physics=0.2737 total=0.1798
[TRAIN train_climax_no_spectral_constraint_s44] [TRAIN] stage=finetune epoch=1/1 batch=2290/3000 step=5290 repair=0.08918 localization=0 type=0 minimal=0.05185 physics=0.1408 total=0.09674
[TRAIN train_climax_no_spectral_constraint_s44] [TRAIN] stage=finetune epoch=1/1 batch=2300/3000 step=5300 repair=0.1172 localization=0 type=0 minimal=0.05859 physics=0.2447 total=0.13
[TRAIN train_climax_no_spectral_constraint_s44] [TRAIN] stage=finetune epoch=1/1 batch=2310/3000 step=5310 repair=0.1605 localization=0 type=0 minimal=0.05722 physics=0.09969 total=0.1661
[TRAIN train_climax_no_spectral_constraint_s44] [TRAIN] stage=finetune epoch=1/1 batch=2320/3000 step=5320 repair=0.1514 localization=0 type=0 minimal=0.0481 physics=0.8178 total=0.1928
[TRAIN train_climax_no_spectral_constraint_s44] [TRAIN] stage=finetune epoch=1/1 batch=2330/3000 step=5330 repair=0.1256 localization=0 type=0 minimal=0.05896 physics=0.2727 total=0.1399
[TRAIN train_climax_no_spectral_constraint_s44] [TRAIN] stage=finetune epoch=1/1 batch=2340/3000 step=5340 repair=0.1331 localization=0 type=0 minimal=0.06445 physics=0.1347 total=0.1404
[TRAIN train_climax_no_spectral_constraint_s44] [TRAIN] stage=finetune epoch=1/1 batch=2350/3000 step=5350 repair=0.07488 localization=0 type=0 minimal=0.05899 physics=0.1057 total=0.08075
[TRAIN train_climax_no_spectral_constraint_s44] [TRAIN] stage=finetune epoch=1/1 batch=2360/3000 step=5360 repair=0.139 localization=0 type=0 minimal=0.06458 physics=0.13 total=0.1462
[TRAIN train_climax_no_spectral_constraint_s44] [TRAIN] stage=finetune epoch=1/1 batch=2370/3000 step=5370 repair=0.1257 localization=0 type=0 minimal=0.06287 physics=0.117 total=0.1322
[TRAIN train_climax_no_spectral_constraint_s44] [TRAIN] stage=finetune epoch=1/1 batch=2380/3000 step=5380 repair=0.06603 localization=0 type=0 minimal=0.05945 physics=0.115 total=0.07238
[TRAIN train_climax_no_spectral_constraint_s44] [TRAIN] stage=finetune epoch=1/1 batch=2390/3000 step=5390 repair=0.1204 localization=0 type=0 minimal=0.05981 physics=0.2046 total=0.1312
[TRAIN train_climax_no_spectral_constraint_s44] [TRAIN] stage=finetune epoch=1/1 batch=2400/3000 step=5400 repair=0.1147 localization=0 type=0 minimal=0.0567 physics=0.3394 total=0.1322
[TRAIN train_climax_no_spectral_constraint_s44] [TRAIN] stage=finetune epoch=1/1 batch=2410/3000 step=5410 repair=0.1239 localization=0 type=0 minimal=0.06183 physics=0.1033 total=0.1297
[TRAIN train_climax_no_spectral_constraint_s44] [TRAIN] stage=finetune epoch=1/1 batch=2420/3000 step=5420 repair=0.1195 localization=0 type=0 minimal=0.05945 physics=0.09153 total=0.1246
[TRAIN train_climax_no_spectral_constraint_s44] [TRAIN] stage=finetune epoch=1/1 batch=2430/3000 step=5430 repair=0.1183 localization=0 type=0 minimal=0.06235 physics=0.1727 total=0.1276
[TRAIN train_climax_no_spectral_constraint_s44] [TRAIN] stage=finetune epoch=1/1 batch=2440/3000 step=5440 repair=0.08545 localization=0 type=0 minimal=0.06134 physics=0.1477 total=0.09345
[TRAIN train_climax_no_spectral_constraint_s44] [TRAIN] stage=finetune epoch=1/1 batch=2450/3000 step=5450 repair=0.05866 localization=0 type=0 minimal=0.06921 physics=0.1883 total=0.06876
[TRAIN train_climax_no_spectral_constraint_s44] [TRAIN] stage=finetune epoch=1/1 batch=2460/3000 step=5460 repair=0.1281 localization=0 type=0 minimal=0.05865 physics=0.09904 total=0.1336
[TRAIN train_climax_no_spectral_constraint_s44] [TRAIN] stage=finetune epoch=1/1 batch=2470/3000 step=5470 repair=0.09425 localization=0 type=0 minimal=0.06561 physics=0.1632 total=0.1031
[TRAIN train_climax_no_spectral_constraint_s44] [TRAIN] stage=finetune epoch=1/1 batch=2480/3000 step=5480 repair=0.1103 localization=0 type=0 minimal=0.06738 physics=0.1159 total=0.1167
[TRAIN train_climax_no_spectral_constraint_s44] [TRAIN] stage=finetune epoch=1/1 batch=2490/3000 step=5490 repair=0.0843 localization=0 type=0 minimal=0.06354 physics=0.2199 total=0.09593
[TRAIN train_climax_no_spectral_constraint_s44] [TRAIN] stage=finetune epoch=1/1 batch=2500/3000 step=5500 repair=0.08707 localization=0 type=0 minimal=0.06592 physics=0.597 total=0.1176
[TRAIN train_climax_no_spectral_constraint_s44] [TRAIN] stage=finetune epoch=1/1 batch=2510/3000 step=5510 repair=0.06167 localization=0 type=0 minimal=0.06616 physics=0.2033 total=0.0725
[TRAIN train_climax_no_spectral_constraint_s44] [TRAIN] stage=finetune epoch=1/1 batch=2520/3000 step=5520 repair=0.09118 localization=0 type=0 minimal=0.0639 physics=0.1916 total=0.1014
[TRAIN train_climax_no_spectral_constraint_s44] [TRAIN] stage=finetune epoch=1/1 batch=2530/3000 step=5530 repair=0.1606 localization=0 type=0 minimal=0.0564 physics=0.1321 total=0.1678
[TRAIN train_climax_no_spectral_constraint_s44] [TRAIN] stage=finetune epoch=1/1 batch=2540/3000 step=5540 repair=0.1195 localization=0 type=0 minimal=0.06464 physics=0.1612 total=0.1282
[TRAIN train_climax_no_spectral_constraint_s44] [TRAIN] stage=finetune epoch=1/1 batch=2550/3000 step=5550 repair=0.1246 localization=0 type=0 minimal=0.06677 physics=0.2396 total=0.1373
[TRAIN train_climax_no_spectral_constraint_s44] [TRAIN] stage=finetune epoch=1/1 batch=2560/3000 step=5560 repair=0.1127 localization=0 type=0 minimal=0.06186 physics=0.4739 total=0.137
[TRAIN train_climax_no_spectral_constraint_s44] [TRAIN] stage=finetune epoch=1/1 batch=2570/3000 step=5570 repair=0.1022 localization=0 type=0 minimal=0.06531 physics=0.2686 total=0.1163
[TRAIN train_climax_no_spectral_constraint_s44] [TRAIN] stage=finetune epoch=1/1 batch=2580/3000 step=5580 repair=0.1361 localization=0 type=0 minimal=0.06155 physics=0.4209 total=0.1578
[TRAIN train_climax_no_spectral_constraint_s44] [TRAIN] stage=finetune epoch=1/1 batch=2590/3000 step=5590 repair=0.1118 localization=0 type=0 minimal=0.05695 physics=0.1756 total=0.1212
[TRAIN train_climax_no_spectral_constraint_s44] [TRAIN] stage=finetune epoch=1/1 batch=2600/3000 step=5600 repair=0.1556 localization=0 type=0 minimal=0.06323 physics=0.181 total=0.1653
[TRAIN train_climax_no_spectral_constraint_s44] [TRAIN] stage=finetune epoch=1/1 batch=2610/3000 step=5610 repair=0.11 localization=0 type=0 minimal=0.06055 physics=0.1441 total=0.1178
[TRAIN train_climax_no_spectral_constraint_s44] [TRAIN] stage=finetune epoch=1/1 batch=2620/3000 step=5620 repair=0.1271 localization=0 type=0 minimal=0.05609 physics=0.0945 total=0.1324
[TRAIN train_climax_no_spectral_constraint_s44] [TRAIN] stage=finetune epoch=1/1 batch=2630/3000 step=5630 repair=0.1515 localization=0 type=0 minimal=0.05365 physics=0.2746 total=0.1658
[TRAIN train_climax_no_spectral_constraint_s44] [TRAIN] stage=finetune epoch=1/1 batch=2640/3000 step=5640 repair=0.09792 localization=0 type=0 minimal=0.05835 physics=0.1222 total=0.1046
[TRAIN train_climax_no_spectral_constraint_s44] [TRAIN] stage=finetune epoch=1/1 batch=2650/3000 step=5650 repair=0.1784 localization=0 type=0 minimal=0.052 physics=0.4773 total=0.2027
[TRAIN train_climax_no_spectral_constraint_s44] [TRAIN] stage=finetune epoch=1/1 batch=2660/3000 step=5660 repair=0.1561 localization=0 type=0 minimal=0.05728 physics=0.1451 total=0.1639
[TRAIN train_climax_no_spectral_constraint_s44] [TRAIN] stage=finetune epoch=1/1 batch=2670/3000 step=5670 repair=0.1235 localization=0 type=0 minimal=0.06161 physics=0.3068 total=0.1395
[TRAIN train_climax_no_spectral_constraint_s44] [TRAIN] stage=finetune epoch=1/1 batch=2680/3000 step=5680 repair=0.0742 localization=0 type=0 minimal=0.06207 physics=0.1414 total=0.08189
[TRAIN train_climax_no_spectral_constraint_s44] [TRAIN] stage=finetune epoch=1/1 batch=2690/3000 step=5690 repair=0.07007 localization=0 type=0 minimal=0.06598 physics=0.2479 total=0.08313
[TRAIN train_climax_no_spectral_constraint_s44] [TRAIN] stage=finetune epoch=1/1 batch=2700/3000 step=5700 repair=0.1146 localization=0 type=0 minimal=0.06042 physics=0.27 total=0.1287
[TRAIN train_climax_no_spectral_constraint_s44] [TRAIN] stage=finetune epoch=1/1 batch=2710/3000 step=5710 repair=0.07618 localization=0 type=0 minimal=0.06525 physics=0.1182 total=0.08275
[TRAIN train_climax_no_spectral_constraint_s44] [TRAIN] stage=finetune epoch=1/1 batch=2720/3000 step=5720 repair=0.06529 localization=0 type=0 minimal=0.06775 physics=0.08763 total=0.07035
[TRAIN train_climax_no_spectral_constraint_s44] [TRAIN] stage=finetune epoch=1/1 batch=2730/3000 step=5730 repair=0.07711 localization=0 type=0 minimal=0.06006 physics=0.1291 total=0.08416
[TRAIN train_climax_no_spectral_constraint_s44] [TRAIN] stage=finetune epoch=1/1 batch=2740/3000 step=5740 repair=0.1095 localization=0 type=0 minimal=0.06769 physics=0.1522 total=0.1178
[TRAIN train_climax_no_spectral_constraint_s44] [TRAIN] stage=finetune epoch=1/1 batch=2750/3000 step=5750 repair=0.07973 localization=0 type=0 minimal=0.07019 physics=0.09444 total=0.08515
[TRAIN train_climax_no_spectral_constraint_s44] [TRAIN] stage=finetune epoch=1/1 batch=2760/3000 step=5760 repair=0.1064 localization=0 type=0 minimal=0.06082 physics=0.1954 total=0.1168
[TRAIN train_climax_no_spectral_constraint_s44] [TRAIN] stage=finetune epoch=1/1 batch=2770/3000 step=5770 repair=0.1637 localization=0 type=0 minimal=0.05685 physics=0.1463 total=0.1716
[TRAIN train_climax_no_spectral_constraint_s44] [TRAIN] stage=finetune epoch=1/1 batch=2780/3000 step=5780 repair=0.1166 localization=0 type=0 minimal=0.06598 physics=0.1265 total=0.1236
[TRAIN train_climax_no_spectral_constraint_s44] [TRAIN] stage=finetune epoch=1/1 batch=2790/3000 step=5790 repair=0.1153 localization=0 type=0 minimal=0.06155 physics=0.1557 total=0.1237
[TRAIN train_climax_no_spectral_constraint_s44] [TRAIN] stage=finetune epoch=1/1 batch=2800/3000 step=5800 repair=0.06285 localization=0 type=0 minimal=0.07251 physics=0.09407 total=0.06828
[TRAIN train_climax_no_spectral_constraint_s44] [TRAIN] stage=finetune epoch=1/1 batch=2810/3000 step=5810 repair=0.07418 localization=0 type=0 minimal=0.07025 physics=0.1275 total=0.08126
[TRAIN train_climax_no_spectral_constraint_s44] [TRAIN] stage=finetune epoch=1/1 batch=2820/3000 step=5820 repair=0.1171 localization=0 type=0 minimal=0.06137 physics=0.09236 total=0.1223
[TRAIN train_climax_no_spectral_constraint_s44] [TRAIN] stage=finetune epoch=1/1 batch=2830/3000 step=5830 repair=0.07877 localization=0 type=0 minimal=0.06305 physics=0.08315 total=0.08356
[TRAIN train_climax_no_spectral_constraint_s44] [TRAIN] stage=finetune epoch=1/1 batch=2840/3000 step=5840 repair=0.07255 localization=0 type=0 minimal=0.06854 physics=0.3086 total=0.08867
[TRAIN train_climax_no_spectral_constraint_s44] [TRAIN] stage=finetune epoch=1/1 batch=2850/3000 step=5850 repair=0.1102 localization=0 type=0 minimal=0.06165 physics=0.133 total=0.1174
[TRAIN train_climax_no_spectral_constraint_s44] [TRAIN] stage=finetune epoch=1/1 batch=2860/3000 step=5860 repair=0.149 localization=0 type=0 minimal=0.06537 physics=0.1257 total=0.156
[TRAIN train_climax_no_spectral_constraint_s44] [TRAIN] stage=finetune epoch=1/1 batch=2870/3000 step=5870 repair=0.07685 localization=0 type=0 minimal=0.06445 physics=0.2534 total=0.09016
[TRAIN train_climax_no_spectral_constraint_s44] [TRAIN] stage=finetune epoch=1/1 batch=2880/3000 step=5880 repair=0.1077 localization=0 type=0 minimal=0.06088 physics=0.2392 total=0.1203
[TRAIN train_climax_no_spectral_constraint_s44] [TRAIN] stage=finetune epoch=1/1 batch=2890/3000 step=5890 repair=0.1205 localization=0 type=0 minimal=0.06531 physics=0.3558 total=0.1389
[TRAIN train_climax_no_spectral_constraint_s44] [TRAIN] stage=finetune epoch=1/1 batch=2900/3000 step=5900 repair=0.07292 localization=0 type=0 minimal=0.06708 physics=0.2836 total=0.08777
[TRAIN train_climax_no_spectral_constraint_s44] [TRAIN] stage=finetune epoch=1/1 batch=2910/3000 step=5910 repair=0.1675 localization=0 type=0 minimal=0.06018 physics=0.1666 total=0.1764
[TRAIN train_climax_no_spectral_constraint_s44] [TRAIN] stage=finetune epoch=1/1 batch=2920/3000 step=5920 repair=0.1107 localization=0 type=0 minimal=0.05817 physics=0.3155 total=0.1271
[TRAIN train_climax_no_spectral_constraint_s44] [TRAIN] stage=finetune epoch=1/1 batch=2930/3000 step=5930 repair=0.1121 localization=0 type=0 minimal=0.06372 physics=0.1861 total=0.122
[TRAIN train_climax_no_spectral_constraint_s44] [TRAIN] stage=finetune epoch=1/1 batch=2940/3000 step=5940 repair=0.08543 localization=0 type=0 minimal=0.06335 physics=0.1086 total=0.09149
[TRAIN train_climax_no_spectral_constraint_s44] [TRAIN] stage=finetune epoch=1/1 batch=2950/3000 step=5950 repair=0.07613 localization=0 type=0 minimal=0.06519 physics=0.1639 total=0.08498
[TRAIN train_climax_no_spectral_constraint_s44] [TRAIN] stage=finetune epoch=1/1 batch=2960/3000 step=5960 repair=0.07747 localization=0 type=0 minimal=0.06494 physics=0.112 total=0.08372
[TRAIN train_climax_no_spectral_constraint_s44] [TRAIN] stage=finetune epoch=1/1 batch=2970/3000 step=5970 repair=0.07345 localization=0 type=0 minimal=0.06372 physics=0.08602 total=0.07839
[TRAIN train_climax_no_spectral_constraint_s44] [TRAIN] stage=finetune epoch=1/1 batch=2980/3000 step=5980 repair=0.07885 localization=0 type=0 minimal=0.06659 physics=0.2476 total=0.09189
[TRAIN train_climax_no_spectral_constraint_s44] [TRAIN] stage=finetune epoch=1/1 batch=2990/3000 step=5990 repair=0.1155 localization=0 type=0 minimal=0.06439 physics=0.2985 total=0.131
[TRAIN train_climax_no_spectral_constraint_s44] [TRAIN] stage=finetune epoch=1/1 batch=3000/3000 step=6000 repair=0.1114 localization=0 type=0 minimal=0.06604 physics=0.1089 total=0.1175
[TRAIN train_climax_no_spectral_constraint_s44] [EPOCH] {'stage': 'finetune', 'epoch': 0, 'global_step': 6000, 'train_total': 0.15861342689643304, 'val_repair_mse': 0.11565532279200852, 'elapsed_seconds': 3568.8}
[TRAIN train_climax_no_spectral_constraint_s44] [BEST] val_repair_mse=0.115655
[TRAIN train_climax_no_spectral_constraint_s44] [TRAIN COMPLETE] {
[TRAIN train_climax_no_spectral_constraint_s44]   "run_id": "prelim20_train_climax_no_spectral_constraint_s44",
[TRAIN train_climax_no_spectral_constraint_s44]   "status": "completed",
[TRAIN train_climax_no_spectral_constraint_s44]   "method": "no_spectral_constraint",
[TRAIN train_climax_no_spectral_constraint_s44]   "backbone": "climax",
[TRAIN train_climax_no_spectral_constraint_s44]   "seed": 44,
[TRAIN train_climax_no_spectral_constraint_s44]   "forecast_provider": "zarr_frozen_fm",
[TRAIN train_climax_no_spectral_constraint_s44]   "best_val_repair_mse": 0.11565532279200852,
[TRAIN train_climax_no_spectral_constraint_s44]   "global_step": 6000,
[TRAIN train_climax_no_spectral_constraint_s44]   "elapsed_seconds": 3569.0,
[TRAIN train_climax_no_spectral_constraint_s44]   "checkpoint_best": "/home/tahiti/ConserveFM/runs/prelim20_train/train_climax_no_spectral_constraint_s44/checkpoint_best.pt",
[TRAIN train_climax_no_spectral_constraint_s44]   "checkpoint_last": "/home/tahiti/ConserveFM/runs/prelim20_train/train_climax_no_spectral_constraint_s44/checkpoint_last.pt"
[TRAIN train_climax_no_spectral_constraint_s44] }
