[TRAIN train_climax_static_learned_weights_s42] [SETUP] device=cuda
[TRAIN train_climax_static_learned_weights_s42] [SETUP] run_id=prelim20_train_climax_static_learned_weights_s42 method=static_learned_weights backbone=climax
[TRAIN train_climax_static_learned_weights_s42] [FORECAST] using frozen forecast cache: /home/tahiti/ConserveFM/forecasts/climax.zarr
[TRAIN train_climax_static_learned_weights_s42] [STAGE] pretrain epochs=1 start_epoch=0
[TRAIN train_climax_static_learned_weights_s42] [TRAIN] stage=pretrain epoch=1/1 batch=10/3000 step=10 repair=0.02808 localization=0.4439 type=3.476 minimal=0.1282 physics=2.289 total=0.6745
[TRAIN train_climax_static_learned_weights_s42] [TRAIN] stage=pretrain epoch=1/1 batch=20/3000 step=20 repair=0.0142 localization=0.2822 type=2.104 minimal=0.08887 physics=1.11 total=0.4478
[TRAIN train_climax_static_learned_weights_s42] [TRAIN] stage=pretrain epoch=1/1 batch=30/3000 step=30 repair=0.009452 localization=0.3677 type=1.489 minimal=0.07336 physics=1.097 total=0.3893
[TRAIN train_climax_static_learned_weights_s42] [TRAIN] stage=pretrain epoch=1/1 batch=40/3000 step=40 repair=0.02263 localization=0.3168 type=1.572 minimal=0.05988 physics=0.8759 total=0.3947
[TRAIN train_climax_static_learned_weights_s42] [TRAIN] stage=pretrain epoch=1/1 batch=50/3000 step=50 repair=0.006598 localization=0.3367 type=2.69 minimal=0.0498 physics=0.7716 total=0.487
[TRAIN train_climax_static_learned_weights_s42] [TRAIN] stage=pretrain epoch=1/1 batch=60/3000 step=60 repair=0.005294 localization=0.245 type=2.216 minimal=0.04282 physics=0.4346 total=0.4122
[TRAIN train_climax_static_learned_weights_s42] [TRAIN] stage=pretrain epoch=1/1 batch=70/3000 step=70 repair=0.007212 localization=0.2673 type=1.637 minimal=0.03049 physics=1.217 total=0.2588
[TRAIN train_climax_static_learned_weights_s42] [TRAIN] stage=pretrain epoch=1/1 batch=80/3000 step=80 repair=0.006775 localization=0.2677 type=2.075 minimal=0.03622 physics=0.4237 total=0.4013
[TRAIN train_climax_static_learned_weights_s42] [TRAIN] stage=pretrain epoch=1/1 batch=90/3000 step=90 repair=0.004628 localization=0.3367 type=1.237 minimal=0.03111 physics=0.8392 total=0.2043
[TRAIN train_climax_static_learned_weights_s42] [TRAIN] stage=pretrain epoch=1/1 batch=100/3000 step=100 repair=0.004874 localization=0.2649 type=2.107 minimal=0.03311 physics=0.9215 total=0.2885
[TRAIN train_climax_static_learned_weights_s42] [TRAIN] stage=pretrain epoch=1/1 batch=110/3000 step=110 repair=0.007349 localization=0.2311 type=1.073 minimal=0.02962 physics=0.2197 total=0.2876
[TRAIN train_climax_static_learned_weights_s42] [TRAIN] stage=pretrain epoch=1/1 batch=120/3000 step=120 repair=0.005436 localization=0.2825 type=1.971 minimal=0.02759 physics=0.4797 total=0.394
[TRAIN train_climax_static_learned_weights_s42] [TRAIN] stage=pretrain epoch=1/1 batch=130/3000 step=130 repair=0.002449 localization=0.2841 type=1.581 minimal=0.02477 physics=0.1682 total=0.3366
[TRAIN train_climax_static_learned_weights_s42] [TRAIN] stage=pretrain epoch=1/1 batch=140/3000 step=140 repair=0.01021 localization=0.2095 type=3.473 minimal=0.02194 physics=0.4426 total=0.5399
[TRAIN train_climax_static_learned_weights_s42] [TRAIN] stage=pretrain epoch=1/1 batch=150/3000 step=150 repair=0.004135 localization=0.2701 type=1.469 minimal=0.02771 physics=0.4674 total=0.2017
[TRAIN train_climax_static_learned_weights_s42] [TRAIN] stage=pretrain epoch=1/1 batch=160/3000 step=160 repair=0.005639 localization=0.2937 type=0.9951 minimal=0.03192 physics=0.8127 total=0.1755
[TRAIN train_climax_static_learned_weights_s42] [TRAIN] stage=pretrain epoch=1/1 batch=170/3000 step=170 repair=0.003624 localization=0.3177 type=1.098 minimal=0.02879 physics=0.2465 total=0.2958
[TRAIN train_climax_static_learned_weights_s42] [TRAIN] stage=pretrain epoch=1/1 batch=180/3000 step=180 repair=0.002895 localization=0.2718 type=2.95 minimal=0.02629 physics=0.2833 total=0.4787
[TRAIN train_climax_static_learned_weights_s42] [TRAIN] stage=pretrain epoch=1/1 batch=190/3000 step=190 repair=0.005622 localization=0.2861 type=1.693 minimal=0.02702 physics=0.1953 total=0.3518
[TRAIN train_climax_static_learned_weights_s42] [TRAIN] stage=pretrain epoch=1/1 batch=200/3000 step=200 repair=0.007819 localization=0.2927 type=2.254 minimal=0.02625 physics=0.3353 total=0.4187
[TRAIN train_climax_static_learned_weights_s42] [TRAIN] stage=pretrain epoch=1/1 batch=210/3000 step=210 repair=0.00312 localization=0.3137 type=1.121 minimal=0.02458 physics=0.4562 total=0.3089
[TRAIN train_climax_static_learned_weights_s42] [TRAIN] stage=pretrain epoch=1/1 batch=220/3000 step=220 repair=0.003339 localization=0.3109 type=2.185 minimal=0.02661 physics=0.2184 total=0.4023
[TRAIN train_climax_static_learned_weights_s42] [TRAIN] stage=pretrain epoch=1/1 batch=230/3000 step=230 repair=0.002884 localization=0.2983 type=2.418 minimal=0.02312 physics=0.1528 total=0.4216
[TRAIN train_climax_static_learned_weights_s42] [TRAIN] stage=pretrain epoch=1/1 batch=240/3000 step=240 repair=0.003781 localization=0.2696 type=1.433 minimal=0.02925 physics=0.2407 total=0.3242
[TRAIN train_climax_static_learned_weights_s42] [TRAIN] stage=pretrain epoch=1/1 batch=250/3000 step=250 repair=0.003492 localization=0.2632 type=1.253 minimal=0.02815 physics=0.2737 total=0.3069
[TRAIN train_climax_static_learned_weights_s42] [TRAIN] stage=pretrain epoch=1/1 batch=260/3000 step=260 repair=0.003111 localization=0.2062 type=2.175 minimal=0.02538 physics=0.4244 total=0.2627
[TRAIN train_climax_static_learned_weights_s42] [TRAIN] stage=pretrain epoch=1/1 batch=270/3000 step=270 repair=0.002621 localization=0.2141 type=2.003 minimal=0.02278 physics=0.3237 total=0.2407
[TRAIN train_climax_static_learned_weights_s42] [TRAIN] stage=pretrain epoch=1/1 batch=280/3000 step=280 repair=0.003375 localization=0.2551 type=2.121 minimal=0.0213 physics=0.09526 total=0.3842
[TRAIN train_climax_static_learned_weights_s42] [TRAIN] stage=pretrain epoch=1/1 batch=290/3000 step=290 repair=0.002697 localization=0.3525 type=1.119 minimal=0.02209 physics=0.09564 total=0.2924
[TRAIN train_climax_static_learned_weights_s42] [TRAIN] stage=pretrain epoch=1/1 batch=300/3000 step=300 repair=0.00352 localization=0.2842 type=2.032 minimal=0.02399 physics=0.2609 total=0.3879
[TRAIN train_climax_static_learned_weights_s42] [TRAIN] stage=pretrain epoch=1/1 batch=310/3000 step=310 repair=0.01274 localization=0.2686 type=2 minimal=0.02481 physics=0.1253 total=0.3844
[TRAIN train_climax_static_learned_weights_s42] [TRAIN] stage=pretrain epoch=1/1 batch=320/3000 step=320 repair=0.004335 localization=0.2548 type=1.395 minimal=0.02292 physics=0.1803 total=0.3169
[TRAIN train_climax_static_learned_weights_s42] [TRAIN] stage=pretrain epoch=1/1 batch=330/3000 step=330 repair=0.002549 localization=0.325 type=1.511 minimal=0.02066 physics=0.2296 total=0.3354
[TRAIN train_climax_static_learned_weights_s42] [TRAIN] stage=pretrain epoch=1/1 batch=340/3000 step=340 repair=0.003901 localization=0.192 type=1.649 minimal=0.02342 physics=0.1382 total=0.3346
[TRAIN train_climax_static_learned_weights_s42] [TRAIN] stage=pretrain epoch=1/1 batch=350/3000 step=350 repair=0.002643 localization=0.2689 type=1.295 minimal=0.02087 physics=0.2512 total=0.3094
[TRAIN train_climax_static_learned_weights_s42] [TRAIN] stage=pretrain epoch=1/1 batch=360/3000 step=360 repair=0.002663 localization=0.2825 type=1.107 minimal=0.01981 physics=0.06838 total=0.2827
[TRAIN train_climax_static_learned_weights_s42] [TRAIN] stage=pretrain epoch=1/1 batch=370/3000 step=370 repair=0.004981 localization=0.2495 type=1.299 minimal=0.02242 physics=0.147 total=0.3056
[TRAIN train_climax_static_learned_weights_s42] [TRAIN] stage=pretrain epoch=1/1 batch=380/3000 step=380 repair=0.003033 localization=0.2192 type=1.523 minimal=0.02344 physics=0.1132 total=0.3205
[TRAIN train_climax_static_learned_weights_s42] [TRAIN] stage=pretrain epoch=1/1 batch=390/3000 step=390 repair=0.004282 localization=0.2546 type=1.035 minimal=0.0222 physics=0.4223 total=0.2926
[TRAIN train_climax_static_learned_weights_s42] [TRAIN] stage=pretrain epoch=1/1 batch=400/3000 step=400 repair=0.0024 localization=0.2486 type=1.701 minimal=0.02 physics=0.2154 total=0.3457
[TRAIN train_climax_static_learned_weights_s42] [TRAIN] stage=pretrain epoch=1/1 batch=410/3000 step=410 repair=0.01424 localization=0.2773 type=1.562 minimal=0.02263 physics=0.2047 total=0.3465
[TRAIN train_climax_static_learned_weights_s42] [TRAIN] stage=pretrain epoch=1/1 batch=420/3000 step=420 repair=0.007225 localization=0.2686 type=2.08 minimal=0.02077 physics=0.3359 total=0.397
[TRAIN train_climax_static_learned_weights_s42] [TRAIN] stage=pretrain epoch=1/1 batch=430/3000 step=430 repair=0.004671 localization=0.3509 type=1.002 minimal=0.02238 physics=0.7391 total=0.1772
[TRAIN train_climax_static_learned_weights_s42] [TRAIN] stage=pretrain epoch=1/1 batch=440/3000 step=440 repair=0.003597 localization=0.3275 type=2.385 minimal=0.0249 physics=0.2886 total=0.429
[TRAIN train_climax_static_learned_weights_s42] [TRAIN] stage=pretrain epoch=1/1 batch=450/3000 step=450 repair=0.01598 localization=0.228 type=1.225 minimal=0.02669 physics=1.543 total=0.2387
[TRAIN train_climax_static_learned_weights_s42] [TRAIN] stage=pretrain epoch=1/1 batch=460/3000 step=460 repair=0.002663 localization=0.264 type=1.249 minimal=0.02412 physics=0.386 total=0.1735
[TRAIN train_climax_static_learned_weights_s42] [TRAIN] stage=pretrain epoch=1/1 batch=470/3000 step=470 repair=0.004885 localization=0.3551 type=1.114 minimal=0.02438 physics=0.9523 total=0.1996
[TRAIN train_climax_static_learned_weights_s42] [TRAIN] stage=pretrain epoch=1/1 batch=480/3000 step=480 repair=0.004556 localization=0.2247 type=3.002 minimal=0.02225 physics=0.3744 total=0.4858
[TRAIN train_climax_static_learned_weights_s42] [TRAIN] stage=pretrain epoch=1/1 batch=490/3000 step=490 repair=0.00298 localization=0.4029 type=1.832 minimal=0.02357 physics=0.1486 total=0.3715
[TRAIN train_climax_static_learned_weights_s42] [TRAIN] stage=pretrain epoch=1/1 batch=500/3000 step=500 repair=0.003006 localization=0.2051 type=1.815 minimal=0.02083 physics=0.5479 total=0.2326
[TRAIN train_climax_static_learned_weights_s42] [TRAIN] stage=pretrain epoch=1/1 batch=510/3000 step=510 repair=0.003204 localization=0.2939 type=2.454 minimal=0.02071 physics=0.1164 total=0.4237
[TRAIN train_climax_static_learned_weights_s42] [TRAIN] stage=pretrain epoch=1/1 batch=520/3000 step=520 repair=0.002869 localization=0.2212 type=1.278 minimal=0.02466 physics=0.2994 total=0.168
[TRAIN train_climax_static_learned_weights_s42] [TRAIN] stage=pretrain epoch=1/1 batch=530/3000 step=530 repair=0.0047 localization=0.4066 type=1.68 minimal=0.02429 physics=0.454 total=0.376
[TRAIN train_climax_static_learned_weights_s42] [TRAIN] stage=pretrain epoch=1/1 batch=540/3000 step=540 repair=0.003521 localization=0.2832 type=1.282 minimal=0.0265 physics=0.4665 total=0.1836
[TRAIN train_climax_static_learned_weights_s42] [TRAIN] stage=pretrain epoch=1/1 batch=550/3000 step=550 repair=0.003072 localization=0.2725 type=1.897 minimal=0.0229 physics=0.1115 total=0.3656
[TRAIN train_climax_static_learned_weights_s42] [TRAIN] stage=pretrain epoch=1/1 batch=560/3000 step=560 repair=0.002671 localization=0.4026 type=1.892 minimal=0.02347 physics=0.1191 total=0.3756
[TRAIN train_climax_static_learned_weights_s42] [TRAIN] stage=pretrain epoch=1/1 batch=570/3000 step=570 repair=0.003821 localization=0.2208 type=2.124 minimal=0.02115 physics=0.1192 total=0.3823
[TRAIN train_climax_static_learned_weights_s42] [TRAIN] stage=pretrain epoch=1/1 batch=580/3000 step=580 repair=0.003538 localization=0.3272 type=1.756 minimal=0.02231 physics=0.2814 total=0.3659
[TRAIN train_climax_static_learned_weights_s42] [TRAIN] stage=pretrain epoch=1/1 batch=590/3000 step=590 repair=0.0262 localization=0.3536 type=0.9192 minimal=0.02206 physics=1.964 total=0.2519
[TRAIN train_climax_static_learned_weights_s42] [TRAIN] stage=pretrain epoch=1/1 batch=600/3000 step=600 repair=0.002958 localization=0.2599 type=1.351 minimal=0.02127 physics=0.1171 total=0.3073
[TRAIN train_climax_static_learned_weights_s42] [TRAIN] stage=pretrain epoch=1/1 batch=610/3000 step=610 repair=0.006559 localization=0.1966 type=1.941 minimal=0.0233 physics=0.1679 total=0.3668
[TRAIN train_climax_static_learned_weights_s42] [TRAIN] stage=pretrain epoch=1/1 batch=620/3000 step=620 repair=0.00399 localization=0.3187 type=1.805 minimal=0.02411 physics=0.7803 total=0.2556
[TRAIN train_climax_static_learned_weights_s42] [TRAIN] stage=pretrain epoch=1/1 batch=630/3000 step=630 repair=0.002964 localization=0.2701 type=2.666 minimal=0.02492 physics=0.2418 total=0.449
[TRAIN train_climax_static_learned_weights_s42] [TRAIN] stage=pretrain epoch=1/1 batch=640/3000 step=640 repair=0.007692 localization=0.3936 type=1.725 minimal=0.02278 physics=0.2817 total=0.3717
[TRAIN train_climax_static_learned_weights_s42] [TRAIN] stage=pretrain epoch=1/1 batch=650/3000 step=650 repair=0.002037 localization=0.4013 type=1.562 minimal=0.02097 physics=0.3201 total=0.3517
[TRAIN train_climax_static_learned_weights_s42] [TRAIN] stage=pretrain epoch=1/1 batch=660/3000 step=660 repair=0.01275 localization=0.119 type=1.208 minimal=0.03427 physics=0.4152 total=0.306
[TRAIN train_climax_static_learned_weights_s42] [TRAIN] stage=pretrain epoch=1/1 batch=670/3000 step=670 repair=0.005203 localization=0.2038 type=0.7747 minimal=0.03201 physics=0.4415 total=0.2648
[TRAIN train_climax_static_learned_weights_s42] [TRAIN] stage=pretrain epoch=1/1 batch=680/3000 step=680 repair=0.002123 localization=0.37 type=2.083 minimal=0.02071 physics=0.1441 total=0.392
[TRAIN train_climax_static_learned_weights_s42] [TRAIN] stage=pretrain epoch=1/1 batch=690/3000 step=690 repair=0.004551 localization=0.2376 type=1.911 minimal=0.02161 physics=0.08498 total=0.3618
[TRAIN train_climax_static_learned_weights_s42] [TRAIN] stage=pretrain epoch=1/1 batch=700/3000 step=700 repair=0.002183 localization=0.3596 type=1.777 minimal=0.01843 physics=0.1644 total=0.3615
[TRAIN train_climax_static_learned_weights_s42] [TRAIN] stage=pretrain epoch=1/1 batch=710/3000 step=710 repair=0.007576 localization=0.2551 type=1.876 minimal=0.02411 physics=1.255 total=0.2837
[TRAIN train_climax_static_learned_weights_s42] [TRAIN] stage=pretrain epoch=1/1 batch=720/3000 step=720 repair=0.02539 localization=0.2788 type=1.905 minimal=0.02605 physics=1.854 total=0.3367
[TRAIN train_climax_static_learned_weights_s42] [TRAIN] stage=pretrain epoch=1/1 batch=730/3000 step=730 repair=0.002404 localization=0.1912 type=1.371 minimal=0.02216 physics=0.1482 total=0.3058
[TRAIN train_climax_static_learned_weights_s42] [TRAIN] stage=pretrain epoch=1/1 batch=740/3000 step=740 repair=0.003501 localization=0.2272 type=1.678 minimal=0.02176 physics=0.1628 total=0.3422
[TRAIN train_climax_static_learned_weights_s42] [TRAIN] stage=pretrain epoch=1/1 batch=750/3000 step=750 repair=0.03379 localization=0.3619 type=1.722 minimal=0.01964 physics=1.951 total=0.3399
[TRAIN train_climax_static_learned_weights_s42] [TRAIN] stage=pretrain epoch=1/1 batch=760/3000 step=760 repair=0.002999 localization=0.2242 type=2.009 minimal=0.02013 physics=0.1192 total=0.372
[TRAIN train_climax_static_learned_weights_s42] [TRAIN] stage=pretrain epoch=1/1 batch=770/3000 step=770 repair=0.004052 localization=0.3336 type=1.817 minimal=0.02129 physics=0.4064 total=0.3795
[TRAIN train_climax_static_learned_weights_s42] [TRAIN] stage=pretrain epoch=1/1 batch=780/3000 step=780 repair=0.001939 localization=0.3902 type=1.15 minimal=0.01793 physics=0.1538 total=0.3011
[TRAIN train_climax_static_learned_weights_s42] [TRAIN] stage=pretrain epoch=1/1 batch=790/3000 step=790 repair=0.002572 localization=0.2418 type=1.191 minimal=0.02061 physics=0.1265 total=0.2895
[TRAIN train_climax_static_learned_weights_s42] [TRAIN] stage=pretrain epoch=1/1 batch=800/3000 step=800 repair=0.01075 localization=0.4136 type=1.009 minimal=0.01921 physics=1.589 total=0.2326
[TRAIN train_climax_static_learned_weights_s42] [TRAIN] stage=pretrain epoch=1/1 batch=810/3000 step=810 repair=0.003627 localization=0.263 type=1.459 minimal=0.02611 physics=0.1819 total=0.3222
[TRAIN train_climax_static_learned_weights_s42] [TRAIN] stage=pretrain epoch=1/1 batch=820/3000 step=820 repair=0.002529 localization=0.2517 type=1.39 minimal=0.02007 physics=0.2001 total=0.3139
[TRAIN train_climax_static_learned_weights_s42] [TRAIN] stage=pretrain epoch=1/1 batch=830/3000 step=830 repair=0.002696 localization=0.3127 type=2.091 minimal=0.02284 physics=0.1931 total=0.3928
[TRAIN train_climax_static_learned_weights_s42] [TRAIN] stage=pretrain epoch=1/1 batch=840/3000 step=840 repair=0.005618 localization=0.2342 type=1.84 minimal=0.0242 physics=0.2339 total=0.3631
[TRAIN train_climax_static_learned_weights_s42] [TRAIN] stage=pretrain epoch=1/1 batch=850/3000 step=850 repair=0.002306 localization=0.3012 type=1.957 minimal=0.02118 physics=0.08966 total=0.3699
[TRAIN train_climax_static_learned_weights_s42] [TRAIN] stage=pretrain epoch=1/1 batch=860/3000 step=860 repair=0.002956 localization=0.1931 type=2.158 minimal=0.02139 physics=0.1653 total=0.3866
[TRAIN train_climax_static_learned_weights_s42] [TRAIN] stage=pretrain epoch=1/1 batch=870/3000 step=870 repair=0.002583 localization=0.2384 type=2.177 minimal=0.01859 physics=0.3165 total=0.2601
[TRAIN train_climax_static_learned_weights_s42] [TRAIN] stage=pretrain epoch=1/1 batch=880/3000 step=880 repair=0.002273 localization=0.3013 type=1.435 minimal=0.01988 physics=0.1312 total=0.3198
[TRAIN train_climax_static_learned_weights_s42] [TRAIN] stage=pretrain epoch=1/1 batch=890/3000 step=890 repair=0.01218 localization=0.2389 type=1.479 minimal=0.01988 physics=0.09958 total=0.3272
[TRAIN train_climax_static_learned_weights_s42] [TRAIN] stage=pretrain epoch=1/1 batch=900/3000 step=900 repair=0.002994 localization=0.2199 type=1.759 minimal=0.01707 physics=0.5461 total=0.2283
[TRAIN train_climax_static_learned_weights_s42] [TRAIN] stage=pretrain epoch=1/1 batch=910/3000 step=910 repair=0.02475 localization=0.2593 type=1.162 minimal=0.01981 physics=2.043 total=0.2692
[TRAIN train_climax_static_learned_weights_s42] [TRAIN] stage=pretrain epoch=1/1 batch=920/3000 step=920 repair=0.003147 localization=0.334 type=0.9795 minimal=0.01985 physics=0.4786 total=0.1586
[TRAIN train_climax_static_learned_weights_s42] [TRAIN] stage=pretrain epoch=1/1 batch=930/3000 step=930 repair=0.00358 localization=0.3225 type=1.457 minimal=0.02472 physics=0.2521 total=0.3313
[TRAIN train_climax_static_learned_weights_s42] [TRAIN] stage=pretrain epoch=1/1 batch=940/3000 step=940 repair=0.006383 localization=0.1249 type=0.4637 minimal=0.0448 physics=0.5375 total=0.2321
[TRAIN train_climax_static_learned_weights_s42] [TRAIN] stage=pretrain epoch=1/1 batch=950/3000 step=950 repair=0.003268 localization=0.2549 type=1.69 minimal=0.0195 physics=0.1237 total=0.3436
[TRAIN train_climax_static_learned_weights_s42] [TRAIN] stage=pretrain epoch=1/1 batch=960/3000 step=960 repair=0.005343 localization=0.4098 type=2.251 minimal=0.02596 physics=0.2237 total=0.4211
[TRAIN train_climax_static_learned_weights_s42] [TRAIN] stage=pretrain epoch=1/1 batch=970/3000 step=970 repair=0.007183 localization=0.1737 type=0.1756 minimal=0.04373 physics=0.5311 total=0.2084
[TRAIN train_climax_static_learned_weights_s42] [TRAIN] stage=pretrain epoch=1/1 batch=980/3000 step=980 repair=0.002227 localization=0.6465 type=1.706 minimal=0.02057 physics=0.1883 total=0.384
[TRAIN train_climax_static_learned_weights_s42] [TRAIN] stage=pretrain epoch=1/1 batch=990/3000 step=990 repair=0.005166 localization=0.199 type=1.041 minimal=0.02261 physics=0.1594 total=0.2764
[TRAIN train_climax_static_learned_weights_s42] [TRAIN] stage=pretrain epoch=1/1 batch=1000/3000 step=1000 repair=0.003476 localization=0.2613 type=0.8762 minimal=0.02168 physics=0.1083 total=0.2618
[TRAIN train_climax_static_learned_weights_s42] [TRAIN] stage=pretrain epoch=1/1 batch=1010/3000 step=1010 repair=0.002077 localization=0.291 type=1.785 minimal=0.01973 physics=0.07915 total=0.3508
[TRAIN train_climax_static_learned_weights_s42] [TRAIN] stage=pretrain epoch=1/1 batch=1020/3000 step=1020 repair=0.005386 localization=0.2028 type=2.153 minimal=0.01778 physics=1.339 total=0.3081
[TRAIN train_climax_static_learned_weights_s42] [TRAIN] stage=pretrain epoch=1/1 batch=1030/3000 step=1030 repair=0.003358 localization=0.2737 type=1.948 minimal=0.01898 physics=0.2105 total=0.3768
[TRAIN train_climax_static_learned_weights_s42] [TRAIN] stage=pretrain epoch=1/1 batch=1040/3000 step=1040 repair=0.007876 localization=0.09109 type=0.5002 minimal=0.04868 physics=0.9836 total=0.2555
[TRAIN train_climax_static_learned_weights_s42] [TRAIN] stage=pretrain epoch=1/1 batch=1050/3000 step=1050 repair=0.002218 localization=0.3859 type=1.511 minimal=0.01781 physics=0.1415 total=0.336
[TRAIN train_climax_static_learned_weights_s42] [TRAIN] stage=pretrain epoch=1/1 batch=1060/3000 step=1060 repair=0.002816 localization=0.2783 type=1.524 minimal=0.01886 physics=0.08013 total=0.3241
[TRAIN train_climax_static_learned_weights_s42] [TRAIN] stage=pretrain epoch=1/1 batch=1070/3000 step=1070 repair=0.002677 localization=0.4044 type=1.844 minimal=0.01701 physics=0.1592 total=0.3761
[TRAIN train_climax_static_learned_weights_s42] [TRAIN] stage=pretrain epoch=1/1 batch=1080/3000 step=1080 repair=0.01498 localization=0.2966 type=1.697 minimal=0.01822 physics=0.9917 total=0.4047
[TRAIN train_climax_static_learned_weights_s42] [TRAIN] stage=pretrain epoch=1/1 batch=1090/3000 step=1090 repair=0.008436 localization=0.2898 type=1.393 minimal=0.01453 physics=0.7464 total=0.3547
[TRAIN train_climax_static_learned_weights_s42] [TRAIN] stage=pretrain epoch=1/1 batch=1100/3000 step=1100 repair=0.009471 localization=0.1096 type=0.366 minimal=0.05325 physics=1.062 total=0.2496
[TRAIN train_climax_static_learned_weights_s42] [TRAIN] stage=pretrain epoch=1/1 batch=1110/3000 step=1110 repair=0.004181 localization=0.3331 type=1.334 minimal=0.02103 physics=0.1157 total=0.3173
[TRAIN train_climax_static_learned_weights_s42] [TRAIN] stage=pretrain epoch=1/1 batch=1120/3000 step=1120 repair=0.004363 localization=0.3287 type=1.58 minimal=0.01805 physics=0.2573 total=0.3465
[TRAIN train_climax_static_learned_weights_s42] [TRAIN] stage=pretrain epoch=1/1 batch=1130/3000 step=1130 repair=0.005105 localization=0.2693 type=1.611 minimal=0.02084 physics=0.2342 total=0.3434
[TRAIN train_climax_static_learned_weights_s42] [TRAIN] stage=pretrain epoch=1/1 batch=1140/3000 step=1140 repair=0.003645 localization=0.3354 type=1.919 minimal=0.01978 physics=0.2243 total=0.3775
[TRAIN train_climax_static_learned_weights_s42] [TRAIN] stage=pretrain epoch=1/1 batch=1150/3000 step=1150 repair=0.00753 localization=0.2745 type=1.271 minimal=0.0208 physics=0.1467 total=0.3079
[TRAIN train_climax_static_learned_weights_s42] [TRAIN] stage=pretrain epoch=1/1 batch=1160/3000 step=1160 repair=0.003529 localization=0.1803 type=3.604 minimal=0.01976 physics=0.3165 total=0.5373
[TRAIN train_climax_static_learned_weights_s42] [TRAIN] stage=pretrain epoch=1/1 batch=1170/3000 step=1170 repair=0.002531 localization=0.3661 type=1.296 minimal=0.01636 physics=0.1136 total=0.3114
[TRAIN train_climax_static_learned_weights_s42] [TRAIN] stage=pretrain epoch=1/1 batch=1180/3000 step=1180 repair=0.02629 localization=0.3379 type=0.6399 minimal=0.01736 physics=2.371 total=0.2428
[TRAIN train_climax_static_learned_weights_s42] [TRAIN] stage=pretrain epoch=1/1 batch=1190/3000 step=1190 repair=0.006749 localization=0.1638 type=0.1713 minimal=0.04077 physics=0.3056 total=0.1952
[TRAIN train_climax_static_learned_weights_s42] [TRAIN] stage=pretrain epoch=1/1 batch=1200/3000 step=1200 repair=0.02151 localization=0.2819 type=0.9431 minimal=0.02245 physics=1.69 total=0.2287
[TRAIN train_climax_static_learned_weights_s42] [TRAIN] stage=pretrain epoch=1/1 batch=1210/3000 step=1210 repair=0.004101 localization=0.3507 type=2.604 minimal=0.02328 physics=0.2998 total=0.4541
[TRAIN train_climax_static_learned_weights_s42] [TRAIN] stage=pretrain epoch=1/1 batch=1220/3000 step=1220 repair=0.004888 localization=0.2662 type=0.9802 minimal=0.0202 physics=0.2444 total=0.2802
[TRAIN train_climax_static_learned_weights_s42] [TRAIN] stage=pretrain epoch=1/1 batch=1230/3000 step=1230 repair=0.002673 localization=0.1996 type=1.184 minimal=0.02048 physics=0.1166 total=0.2838
[TRAIN train_climax_static_learned_weights_s42] [TRAIN] stage=pretrain epoch=1/1 batch=1240/3000 step=1240 repair=0.00416 localization=0.1628 type=2.599 minimal=0.02029 physics=0.1292 total=0.4264
[TRAIN train_climax_static_learned_weights_s42] [TRAIN] stage=pretrain epoch=1/1 batch=1250/3000 step=1250 repair=0.002348 localization=0.2197 type=1.566 minimal=0.0193 physics=0.07703 total=0.3244
[TRAIN train_climax_static_learned_weights_s42] [TRAIN] stage=pretrain epoch=1/1 batch=1260/3000 step=1260 repair=0.01301 localization=0.321 type=1.93 minimal=0.01784 physics=0.8903 total=0.4233
[TRAIN train_climax_static_learned_weights_s42] [TRAIN] stage=pretrain epoch=1/1 batch=1270/3000 step=1270 repair=0.002296 localization=0.1905 type=1.284 minimal=0.01918 physics=0.1284 total=0.2929
[TRAIN train_climax_static_learned_weights_s42] [TRAIN] stage=pretrain epoch=1/1 batch=1280/3000 step=1280 repair=0.03115 localization=0.3502 type=1.268 minimal=0.01711 physics=1.982 total=0.2922
[TRAIN train_climax_static_learned_weights_s42] [TRAIN] stage=pretrain epoch=1/1 batch=1290/3000 step=1290 repair=0.003153 localization=0.3632 type=1.46 minimal=0.01868 physics=0.3726 total=0.2043
[TRAIN train_climax_static_learned_weights_s42] [TRAIN] stage=pretrain epoch=1/1 batch=1300/3000 step=1300 repair=0.002366 localization=0.2196 type=1.647 minimal=0.01689 physics=0.1886 total=0.3351
[TRAIN train_climax_static_learned_weights_s42] [TRAIN] stage=pretrain epoch=1/1 batch=1310/3000 step=1310 repair=0.001813 localization=0.2422 type=1.256 minimal=0.01593 physics=0.1573 total=0.2961
[TRAIN train_climax_static_learned_weights_s42] [TRAIN] stage=pretrain epoch=1/1 batch=1320/3000 step=1320 repair=0.007515 localization=0.2755 type=1.883 minimal=0.01712 physics=1.08 total=0.2775
[TRAIN train_climax_static_learned_weights_s42] [TRAIN] stage=pretrain epoch=1/1 batch=1330/3000 step=1330 repair=0.005366 localization=0.2967 type=1.205 minimal=0.01704 physics=0.2329 total=0.3053
[TRAIN train_climax_static_learned_weights_s42] [TRAIN] stage=pretrain epoch=1/1 batch=1340/3000 step=1340 repair=0.00999 localization=0.4007 type=1.193 minimal=0.01932 physics=0.2021 total=0.3176
[TRAIN train_climax_static_learned_weights_s42] [TRAIN] stage=pretrain epoch=1/1 batch=1350/3000 step=1350 repair=0.003146 localization=0.1941 type=2.512 minimal=0.01904 physics=0.08977 total=0.4183
[TRAIN train_climax_static_learned_weights_s42] [TRAIN] stage=pretrain epoch=1/1 batch=1360/3000 step=1360 repair=0.003479 localization=0.2914 type=1.513 minimal=0.01782 physics=0.3487 total=0.2015
[TRAIN train_climax_static_learned_weights_s42] [TRAIN] stage=pretrain epoch=1/1 batch=1370/3000 step=1370 repair=0.002428 localization=0.3252 type=1.277 minimal=0.01738 physics=0.3603 total=0.1809
[TRAIN train_climax_static_learned_weights_s42] [TRAIN] stage=pretrain epoch=1/1 batch=1380/3000 step=1380 repair=0.01535 localization=0.1937 type=0.968 minimal=0.01837 physics=1.769 total=0.2202
[TRAIN train_climax_static_learned_weights_s42] [TRAIN] stage=pretrain epoch=1/1 batch=1390/3000 step=1390 repair=0.002541 localization=0.2604 type=2.15 minimal=0.01891 physics=0.1403 total=0.3872
[TRAIN train_climax_static_learned_weights_s42] [TRAIN] stage=pretrain epoch=1/1 batch=1400/3000 step=1400 repair=0.00728 localization=0.2334 type=1.848 minimal=0.01842 physics=0.1211 total=0.3594
[TRAIN train_climax_static_learned_weights_s42] [TRAIN] stage=pretrain epoch=1/1 batch=1410/3000 step=1410 repair=0.002781 localization=0.3152 type=1.409 minimal=0.01875 physics=0.09501 total=0.3165
[TRAIN train_climax_static_learned_weights_s42] [TRAIN] stage=pretrain epoch=1/1 batch=1420/3000 step=1420 repair=0.009616 localization=0.3297 type=1.742 minimal=0.02005 physics=1.328 total=0.2834
[TRAIN train_climax_static_learned_weights_s42] [TRAIN] stage=pretrain epoch=1/1 batch=1430/3000 step=1430 repair=0.001627 localization=0.2771 type=1.69 minimal=0.01659 physics=0.09906 total=0.3398
[TRAIN train_climax_static_learned_weights_s42] [TRAIN] stage=pretrain epoch=1/1 batch=1440/3000 step=1440 repair=0.00751 localization=0.1971 type=1.58 minimal=0.01518 physics=0.1832 total=0.3324
[TRAIN train_climax_static_learned_weights_s42] [TRAIN] stage=pretrain epoch=1/1 batch=1450/3000 step=1450 repair=0.00431 localization=0.4575 type=0.1696 minimal=0.02328 physics=0.3821 total=0.2261
[TRAIN train_climax_static_learned_weights_s42] [TRAIN] stage=pretrain epoch=1/1 batch=1460/3000 step=1460 repair=0.0187 localization=0.2492 type=1.831 minimal=0.01913 physics=1.672 total=0.3105
[TRAIN train_climax_static_learned_weights_s42] [TRAIN] stage=pretrain epoch=1/1 batch=1470/3000 step=1470 repair=0.007708 localization=0.2915 type=1.366 minimal=0.01714 physics=0.1957 total=0.3213
[TRAIN train_climax_static_learned_weights_s42] [TRAIN] stage=pretrain epoch=1/1 batch=1480/3000 step=1480 repair=0.004025 localization=0.2582 type=1.859 minimal=0.01877 physics=0.2295 total=0.368
[TRAIN train_climax_static_learned_weights_s42] [TRAIN] stage=pretrain epoch=1/1 batch=1490/3000 step=1490 repair=0.002807 localization=0.2168 type=2.812 minimal=0.01701 physics=0.2102 total=0.4561
[TRAIN train_climax_static_learned_weights_s42] [TRAIN] stage=pretrain epoch=1/1 batch=1500/3000 step=1500 repair=0.003662 localization=0.2547 type=1.869 minimal=0.01915 physics=0.6186 total=0.2471
[TRAIN train_climax_static_learned_weights_s42] [TRAIN] stage=pretrain epoch=1/1 batch=1510/3000 step=1510 repair=0.02196 localization=0.2766 type=1.494 minimal=0.01859 physics=1.917 total=0.295
[TRAIN train_climax_static_learned_weights_s42] [TRAIN] stage=pretrain epoch=1/1 batch=1520/3000 step=1520 repair=0.00303 localization=0.2451 type=1.096 minimal=0.02007 physics=0.1776 total=0.2859
[TRAIN train_climax_static_learned_weights_s42] [TRAIN] stage=pretrain epoch=1/1 batch=1530/3000 step=1530 repair=0.003567 localization=0.2447 type=1.557 minimal=0.01756 physics=0.2269 total=0.3358
[TRAIN train_climax_static_learned_weights_s42] [TRAIN] stage=pretrain epoch=1/1 batch=1540/3000 step=1540 repair=0.004038 localization=0.1858 type=2.096 minimal=0.01802 physics=0.09666 total=0.3752
[TRAIN train_climax_static_learned_weights_s42] [TRAIN] stage=pretrain epoch=1/1 batch=1550/3000 step=1550 repair=0.006404 localization=0.2568 type=1.987 minimal=0.01717 physics=1.075 total=0.2847
[TRAIN train_climax_static_learned_weights_s42] [TRAIN] stage=pretrain epoch=1/1 batch=1560/3000 step=1560 repair=0.02056 localization=0.477 type=2.039 minimal=0.01674 physics=0.2951 total=0.4252
[TRAIN train_climax_static_learned_weights_s42] [TRAIN] stage=pretrain epoch=1/1 batch=1570/3000 step=1570 repair=0.02433 localization=0.2457 type=2.31 minimal=0.01859 physics=2.002 total=0.3802
[TRAIN train_climax_static_learned_weights_s42] [TRAIN] stage=pretrain epoch=1/1 batch=1580/3000 step=1580 repair=0.006828 localization=0.319 type=0.9543 minimal=0.01959 physics=0.6646 total=0.308
[TRAIN train_climax_static_learned_weights_s42] [TRAIN] stage=pretrain epoch=1/1 batch=1590/3000 step=1590 repair=0.002892 localization=0.3922 type=1.188 minimal=0.01822 physics=0.5426 total=0.1882
[TRAIN train_climax_static_learned_weights_s42] [TRAIN] stage=pretrain epoch=1/1 batch=1600/3000 step=1600 repair=0.004389 localization=0.388 type=0.9832 minimal=0.01871 physics=0.8436 total=0.1839
[TRAIN train_climax_static_learned_weights_s42] [TRAIN] stage=pretrain epoch=1/1 batch=1610/3000 step=1610 repair=0.004838 localization=0.2244 type=1.656 minimal=0.01744 physics=0.1701 total=0.3396
[TRAIN train_climax_static_learned_weights_s42] [TRAIN] stage=pretrain epoch=1/1 batch=1620/3000 step=1620 repair=0.003944 localization=0.2142 type=0.5125 minimal=0.02115 physics=0.1791 total=0.2257
[TRAIN train_climax_static_learned_weights_s42] [TRAIN] stage=pretrain epoch=1/1 batch=1630/3000 step=1630 repair=0.002738 localization=0.2183 type=1.183 minimal=0.01807 physics=0.1144 total=0.289
[TRAIN train_climax_static_learned_weights_s42] [TRAIN] stage=pretrain epoch=1/1 batch=1640/3000 step=1640 repair=0.002735 localization=0.179 type=1.06 minimal=0.0184 physics=0.1596 total=0.2746
[TRAIN train_climax_static_learned_weights_s42] [TRAIN] stage=pretrain epoch=1/1 batch=1650/3000 step=1650 repair=0.002546 localization=0.3878 type=2.271 minimal=0.0202 physics=0.1178 total=0.4109
[TRAIN train_climax_static_learned_weights_s42] [TRAIN] stage=pretrain epoch=1/1 batch=1660/3000 step=1660 repair=0.005632 localization=0.3365 type=2.093 minimal=0.01772 physics=0.09318 total=0.3917
[TRAIN train_climax_static_learned_weights_s42] [TRAIN] stage=pretrain epoch=1/1 batch=1670/3000 step=1670 repair=0.01893 localization=0.2829 type=0.9697 minimal=0.01888 physics=1.891 total=0.2389
[TRAIN train_climax_static_learned_weights_s42] [TRAIN] stage=pretrain epoch=1/1 batch=1680/3000 step=1680 repair=0.005472 localization=0.06274 type=0.02972 minimal=0.0365 physics=0.3701 total=0.1734
[TRAIN train_climax_static_learned_weights_s42] [TRAIN] stage=pretrain epoch=1/1 batch=1690/3000 step=1690 repair=0.004171 localization=0.2975 type=1.988 minimal=0.01787 physics=0.4488 total=0.3954
[TRAIN train_climax_static_learned_weights_s42] [TRAIN] stage=pretrain epoch=1/1 batch=1700/3000 step=1700 repair=0.002123 localization=0.3346 type=1.564 minimal=0.01695 physics=0.1684 total=0.3406
[TRAIN train_climax_static_learned_weights_s42] [TRAIN] stage=pretrain epoch=1/1 batch=1710/3000 step=1710 repair=0.002003 localization=0.444 type=1.503 minimal=0.01569 physics=0.09276 total=0.338
[TRAIN train_climax_static_learned_weights_s42] [TRAIN] stage=pretrain epoch=1/1 batch=1720/3000 step=1720 repair=0.00845 localization=0.4521 type=1.911 minimal=0.01804 physics=0.1485 total=0.3906
[TRAIN train_climax_static_learned_weights_s42] [TRAIN] stage=pretrain epoch=1/1 batch=1730/3000 step=1730 repair=0.003613 localization=0.3516 type=1.624 minimal=0.01636 physics=0.2057 total=0.3516
[TRAIN train_climax_static_learned_weights_s42] [TRAIN] stage=pretrain epoch=1/1 batch=1740/3000 step=1740 repair=0.004698 localization=0.05108 type=0.001528 minimal=0.04855 physics=0.3136 total=0.166
[TRAIN train_climax_static_learned_weights_s42] [TRAIN] stage=pretrain epoch=1/1 batch=1750/3000 step=1750 repair=0.001838 localization=0.214 type=1.503 minimal=0.01535 physics=0.2739 total=0.1874
[TRAIN train_climax_static_learned_weights_s42] [TRAIN] stage=pretrain epoch=1/1 batch=1760/3000 step=1760 repair=0.001493 localization=0.2117 type=2.144 minimal=0.01426 physics=0.09073 total=0.3782
[TRAIN train_climax_static_learned_weights_s42] [TRAIN] stage=pretrain epoch=1/1 batch=1770/3000 step=1770 repair=0.001355 localization=0.3276 type=1.985 minimal=0.01482 physics=0.05673 total=0.3722
[TRAIN train_climax_static_learned_weights_s42] [TRAIN] stage=pretrain epoch=1/1 batch=1780/3000 step=1780 repair=0.003069 localization=0.1014 type=0.04173 minimal=0.02242 physics=0.2142 total=0.168
[TRAIN train_climax_static_learned_weights_s42] [TRAIN] stage=pretrain epoch=1/1 batch=1790/3000 step=1790 repair=0.03508 localization=0.3475 type=1.091 minimal=0.01671 physics=2.233 total=0.2907
[TRAIN train_climax_static_learned_weights_s42] [TRAIN] stage=pretrain epoch=1/1 batch=1800/3000 step=1800 repair=0.003621 localization=0.04788 type=0.01812 minimal=0.0321 physics=0.4049 total=0.1705
[TRAIN train_climax_static_learned_weights_s42] [TRAIN] stage=pretrain epoch=1/1 batch=1810/3000 step=1810 repair=0.002416 localization=0.2777 type=1.664 minimal=0.0152 physics=0.1369 total=0.3434
[TRAIN train_climax_static_learned_weights_s42] [TRAIN] stage=pretrain epoch=1/1 batch=1820/3000 step=1820 repair=0.002324 localization=0.3266 type=1.354 minimal=0.01627 physics=0.09426 total=0.3117
[TRAIN train_climax_static_learned_weights_s42] [TRAIN] stage=pretrain epoch=1/1 batch=1830/3000 step=1830 repair=0.01406 localization=0.3463 type=1.57 minimal=0.01483 physics=0.9597 total=0.3937
[TRAIN train_climax_static_learned_weights_s42] [TRAIN] stage=pretrain epoch=1/1 batch=1840/3000 step=1840 repair=0.00222 localization=0.2567 type=1.628 minimal=0.01503 physics=0.1717 total=0.336
[TRAIN train_climax_static_learned_weights_s42] [TRAIN] stage=pretrain epoch=1/1 batch=1850/3000 step=1850 repair=0.001744 localization=0.3825 type=3.133 minimal=0.01706 physics=0.238 total=0.5019
[TRAIN train_climax_static_learned_weights_s42] [TRAIN] stage=pretrain epoch=1/1 batch=1860/3000 step=1860 repair=0.002403 localization=0.3388 type=1.391 minimal=0.01755 physics=0.1103 total=0.3176
[TRAIN train_climax_static_learned_weights_s42] [TRAIN] stage=pretrain epoch=1/1 batch=1870/3000 step=1870 repair=0.002865 localization=0.3322 type=1.693 minimal=0.01607 physics=0.1841 total=0.3548
[TRAIN train_climax_static_learned_weights_s42] [TRAIN] stage=pretrain epoch=1/1 batch=1880/3000 step=1880 repair=0.001888 localization=0.352 type=0.8987 minimal=0.01545 physics=0.208 total=0.274
[TRAIN train_climax_static_learned_weights_s42] [TRAIN] stage=pretrain epoch=1/1 batch=1890/3000 step=1890 repair=0.009078 localization=0.2474 type=1.558 minimal=0.01674 physics=0.6814 total=0.3638
[TRAIN train_climax_static_learned_weights_s42] [TRAIN] stage=pretrain epoch=1/1 batch=1900/3000 step=1900 repair=0.00741 localization=0.3417 type=1.488 minimal=0.01531 physics=0.7959 total=0.3703
[TRAIN train_climax_static_learned_weights_s42] [TRAIN] stage=pretrain epoch=1/1 batch=1910/3000 step=1910 repair=0.009749 localization=0.04186 type=0.00207 minimal=0.05124 physics=0.7335 total=0.1909
[TRAIN train_climax_static_learned_weights_s42] [TRAIN] stage=pretrain epoch=1/1 batch=1920/3000 step=1920 repair=0.002329 localization=0.3418 type=1.497 minimal=0.01551 physics=0.08125 total=0.3268
[TRAIN train_climax_static_learned_weights_s42] [TRAIN] stage=pretrain epoch=1/1 batch=1930/3000 step=1930 repair=0.006875 localization=0.3329 type=1.635 minimal=0.01617 physics=0.2355 total=0.3543
[TRAIN train_climax_static_learned_weights_s42] [TRAIN] stage=pretrain epoch=1/1 batch=1940/3000 step=1940 repair=0.001892 localization=0.2287 type=1.212 minimal=0.01519 physics=0.1206 total=0.2886
[TRAIN train_climax_static_learned_weights_s42] [TRAIN] stage=pretrain epoch=1/1 batch=1950/3000 step=1950 repair=0.0024 localization=0.2041 type=1.405 minimal=0.01768 physics=0.1779 total=0.3088
[TRAIN train_climax_static_learned_weights_s42] [TRAIN] stage=pretrain epoch=1/1 batch=1960/3000 step=1960 repair=0.002325 localization=0.2006 type=0.352 minimal=0.01801 physics=0.2214 total=0.2083
[TRAIN train_climax_static_learned_weights_s42] [TRAIN] stage=pretrain epoch=1/1 batch=1970/3000 step=1970 repair=0.002891 localization=0.1945 type=1.66 minimal=0.01804 physics=0.1723 total=0.3336
[TRAIN train_climax_static_learned_weights_s42] [TRAIN] stage=pretrain epoch=1/1 batch=1980/3000 step=1980 repair=0.00386 localization=0.04528 type=0.006043 minimal=0.03687 physics=0.6526 total=0.1814
[TRAIN train_climax_static_learned_weights_s42] [TRAIN] stage=pretrain epoch=1/1 batch=1990/3000 step=1990 repair=0.003075 localization=0.2643 type=1.356 minimal=0.01602 physics=0.1063 total=0.307
[TRAIN train_climax_static_learned_weights_s42] [TRAIN] stage=pretrain epoch=1/1 batch=2000/3000 step=2000 repair=0.003154 localization=0.07867 type=0.1229 minimal=0.02077 physics=0.1724 total=0.1716
[TRAIN train_climax_static_learned_weights_s42] [TRAIN] stage=pretrain epoch=1/1 batch=2010/3000 step=2010 repair=0.00281 localization=0.03355 type=0.001019 minimal=0.03114 physics=0.2691 total=0.1594
[TRAIN train_climax_static_learned_weights_s42] [TRAIN] stage=pretrain epoch=1/1 batch=2020/3000 step=2020 repair=0.009359 localization=0.3008 type=0.8972 minimal=0.01714 physics=1.262 total=0.1924
[TRAIN train_climax_static_learned_weights_s42] [TRAIN] stage=pretrain epoch=1/1 batch=2030/3000 step=2030 repair=0.002896 localization=0.3422 type=1.289 minimal=0.01691 physics=0.4074 total=0.1866
[TRAIN train_climax_static_learned_weights_s42] [TRAIN] stage=pretrain epoch=1/1 batch=2040/3000 step=2040 repair=0.01382 localization=0.3423 type=1.578 minimal=0.0144 physics=0.8873 total=0.3904
[TRAIN train_climax_static_learned_weights_s42] [TRAIN] stage=pretrain epoch=1/1 batch=2050/3000 step=2050 repair=0.003452 localization=0.02907 type=0.002627 minimal=0.03046 physics=0.1872 total=0.1557
[TRAIN train_climax_static_learned_weights_s42] [TRAIN] stage=pretrain epoch=1/1 batch=2060/3000 step=2060 repair=0.004665 localization=0.2808 type=1.113 minimal=0.01659 physics=0.2958 total=0.2989
[TRAIN train_climax_static_learned_weights_s42] [TRAIN] stage=pretrain epoch=1/1 batch=2070/3000 step=2070 repair=0.002147 localization=0.3143 type=3.22 minimal=0.01604 physics=0.1172 total=0.498
[TRAIN train_climax_static_learned_weights_s42] [TRAIN] stage=pretrain epoch=1/1 batch=2080/3000 step=2080 repair=0.004145 localization=0.03293 type=0.007452 minimal=0.02344 physics=0.1866 total=0.157
[TRAIN train_climax_static_learned_weights_s42] [TRAIN] stage=pretrain epoch=1/1 batch=2090/3000 step=2090 repair=0.002981 localization=0.3643 type=1.325 minimal=0.0162 physics=0.1177 total=0.3144
[TRAIN train_climax_static_learned_weights_s42] [TRAIN] stage=pretrain epoch=1/1 batch=2100/3000 step=2100 repair=0.003194 localization=0.1991 type=1.81 minimal=0.01611 physics=0.1015 total=0.3483
[TRAIN train_climax_static_learned_weights_s42] [TRAIN] stage=pretrain epoch=1/1 batch=2110/3000 step=2110 repair=0.01246 localization=0.3009 type=1.595 minimal=0.01579 physics=0.8197 total=0.3833
[TRAIN train_climax_static_learned_weights_s42] [TRAIN] stage=pretrain epoch=1/1 batch=2120/3000 step=2120 repair=0.002904 localization=0.412 type=1.439 minimal=0.01688 physics=0.1257 total=0.3345
[TRAIN train_climax_static_learned_weights_s42] [TRAIN] stage=pretrain epoch=1/1 batch=2130/3000 step=2130 repair=0.005852 localization=0.2427 type=1.983 minimal=0.0157 physics=1.131 total=0.2851
[TRAIN train_climax_static_learned_weights_s42] [TRAIN] stage=pretrain epoch=1/1 batch=2140/3000 step=2140 repair=0.00197 localization=0.2605 type=0.7827 minimal=0.01634 physics=0.2078 total=0.2568
[TRAIN train_climax_static_learned_weights_s42] [TRAIN] stage=pretrain epoch=1/1 batch=2150/3000 step=2150 repair=0.004674 localization=0.3856 type=1.48 minimal=0.01866 physics=0.7667 total=0.2298
[TRAIN train_climax_static_learned_weights_s42] [TRAIN] stage=pretrain epoch=1/1 batch=2160/3000 step=2160 repair=0.006 localization=0.4036 type=1.553 minimal=0.01779 physics=0.169 total=0.3492
[TRAIN train_climax_static_learned_weights_s42] [TRAIN] stage=pretrain epoch=1/1 batch=2170/3000 step=2170 repair=0.003741 localization=0.2969 type=0.7498 minimal=0.01826 physics=0.09109 total=0.252
[TRAIN train_climax_static_learned_weights_s42] [TRAIN] stage=pretrain epoch=1/1 batch=2180/3000 step=2180 repair=0.01634 localization=0.3589 type=1.564 minimal=0.01643 physics=1.195 total=0.4083
[TRAIN train_climax_static_learned_weights_s42] [TRAIN] stage=pretrain epoch=1/1 batch=2190/3000 step=2190 repair=0.006574 localization=0.1951 type=1.327 minimal=0.01773 physics=0.605 total=0.3289
[TRAIN train_climax_static_learned_weights_s42] [TRAIN] stage=pretrain epoch=1/1 batch=2200/3000 step=2200 repair=0.002748 localization=0.2591 type=1.907 minimal=0.01747 physics=0.08945 total=0.3607
[TRAIN train_climax_static_learned_weights_s42] [TRAIN] stage=pretrain epoch=1/1 batch=2210/3000 step=2210 repair=0.006289 localization=0.2576 type=1.654 minimal=0.01579 physics=0.09543 total=0.3412
[TRAIN train_climax_static_learned_weights_s42] [TRAIN] stage=pretrain epoch=1/1 batch=2220/3000 step=2220 repair=0.003162 localization=0.3553 type=1.893 minimal=0.01639 physics=0.1249 total=0.3741
[TRAIN train_climax_static_learned_weights_s42] [TRAIN] stage=pretrain epoch=1/1 batch=2230/3000 step=2230 repair=0.003998 localization=0.2423 type=1.429 minimal=0.01468 physics=0.1435 total=0.3173
[TRAIN train_climax_static_learned_weights_s42] [TRAIN] stage=pretrain epoch=1/1 batch=2240/3000 step=2240 repair=0.002586 localization=0.05671 type=0.0055 minimal=0.02072 physics=0.155 total=0.1563
[TRAIN train_climax_static_learned_weights_s42] [TRAIN] stage=pretrain epoch=1/1 batch=2250/3000 step=2250 repair=0.00925 localization=0.2654 type=1.11 minimal=0.01289 physics=0.7049 total=0.3219
[TRAIN train_climax_static_learned_weights_s42] [TRAIN] stage=pretrain epoch=1/1 batch=2260/3000 step=2260 repair=0.001791 localization=0.2431 type=1.634 minimal=0.01539 physics=0.06953 total=0.3298
[TRAIN train_climax_static_learned_weights_s42] [TRAIN] stage=pretrain epoch=1/1 batch=2270/3000 step=2270 repair=0.004881 localization=0.2732 type=1.327 minimal=0.01985 physics=0.07188 total=0.3074
[TRAIN train_climax_static_learned_weights_s42] [TRAIN] stage=pretrain epoch=1/1 batch=2280/3000 step=2280 repair=0.005761 localization=0.1964 type=1.012 minimal=0.01455 physics=0.1147 total=0.2712
[TRAIN train_climax_static_learned_weights_s42] [TRAIN] stage=pretrain epoch=1/1 batch=2290/3000 step=2290 repair=0.02377 localization=0.3329 type=1.864 minimal=0.01639 physics=2.34 total=0.3606
[TRAIN train_climax_static_learned_weights_s42] [TRAIN] stage=pretrain epoch=1/1 batch=2300/3000 step=2300 repair=0.003046 localization=0.2073 type=0.2395 minimal=0.01884 physics=0.1312 total=0.194
[TRAIN train_climax_static_learned_weights_s42] [TRAIN] stage=pretrain epoch=1/1 batch=2310/3000 step=2310 repair=0.01193 localization=0.3939 type=1.139 minimal=0.01581 physics=0.1812 total=0.313
[TRAIN train_climax_static_learned_weights_s42] [TRAIN] stage=pretrain epoch=1/1 batch=2320/3000 step=2320 repair=0.007603 localization=0.1944 type=1.37 minimal=0.01311 physics=0.5436 total=0.331
[TRAIN train_climax_static_learned_weights_s42] [TRAIN] stage=pretrain epoch=1/1 batch=2330/3000 step=2330 repair=0.002483 localization=0.2562 type=0.9529 minimal=0.01431 physics=0.3312 total=0.1401
[TRAIN train_climax_static_learned_weights_s42] [TRAIN] stage=pretrain epoch=1/1 batch=2340/3000 step=2340 repair=0.002899 localization=0.03362 type=0.01681 minimal=0.02046 physics=0.1435 total=0.1549
[TRAIN train_climax_static_learned_weights_s42] [TRAIN] stage=pretrain epoch=1/1 batch=2350/3000 step=2350 repair=0.003713 localization=0.2344 type=1.879 minimal=0.01852 physics=0.1527 total=0.3627
[TRAIN train_climax_static_learned_weights_s42] [TRAIN] stage=pretrain epoch=1/1 batch=2360/3000 step=2360 repair=0.002452 localization=0.4596 type=1.466 minimal=0.01695 physics=0.1285 total=0.3384
[TRAIN train_climax_static_learned_weights_s42] [TRAIN] stage=pretrain epoch=1/1 batch=2370/3000 step=2370 repair=0.002103 localization=0.326 type=1.544 minimal=0.01495 physics=0.2152 total=0.3398
[TRAIN train_climax_static_learned_weights_s42] [TRAIN] stage=pretrain epoch=1/1 batch=2380/3000 step=2380 repair=0.002074 localization=0.2591 type=1.768 minimal=0.01427 physics=0.06515 total=0.345
[TRAIN train_climax_static_learned_weights_s42] [TRAIN] stage=pretrain epoch=1/1 batch=2390/3000 step=2390 repair=0.003382 localization=0.03247 type=0.00045 minimal=0.03406 physics=0.2773 total=0.1604
[TRAIN train_climax_static_learned_weights_s42] [TRAIN] stage=pretrain epoch=1/1 batch=2400/3000 step=2400 repair=0.003442 localization=0.2851 type=1.717 minimal=0.01566 physics=0.5376 total=0.3705
[TRAIN train_climax_static_learned_weights_s42] [TRAIN] stage=pretrain epoch=1/1 batch=2410/3000 step=2410 repair=0.003497 localization=0.05875 type=0.007083 minimal=0.02284 physics=0.2239 total=0.1611
[TRAIN train_climax_static_learned_weights_s42] [TRAIN] stage=pretrain epoch=1/1 batch=2420/3000 step=2420 repair=0.02379 localization=0.2465 type=1.601 minimal=0.01633 physics=1.794 total=0.2984
[TRAIN train_climax_static_learned_weights_s42] [TRAIN] stage=pretrain epoch=1/1 batch=2430/3000 step=2430 repair=0.001951 localization=0.3756 type=1.715 minimal=0.01531 physics=0.06929 total=0.3515
[TRAIN train_climax_static_learned_weights_s42] [TRAIN] stage=pretrain epoch=1/1 batch=2440/3000 step=2440 repair=0.005374 localization=0.185 type=1.499 minimal=0.01469 physics=0.07309 total=0.316
[TRAIN train_climax_static_learned_weights_s42] [TRAIN] stage=pretrain epoch=1/1 batch=2450/3000 step=2450 repair=0.003816 localization=0.3173 type=1.525 minimal=0.01659 physics=0.1523 total=0.3356
[TRAIN train_climax_static_learned_weights_s42] [TRAIN] stage=pretrain epoch=1/1 batch=2460/3000 step=2460 repair=0.002339 localization=0.3413 type=1.665 minimal=0.01599 physics=0.1967 total=0.3499
[TRAIN train_climax_static_learned_weights_s42] [TRAIN] stage=pretrain epoch=1/1 batch=2470/3000 step=2470 repair=0.002233 localization=0.248 type=1.583 minimal=0.01457 physics=0.1221 total=0.3313
[TRAIN train_climax_static_learned_weights_s42] [TRAIN] stage=pretrain epoch=1/1 batch=2480/3000 step=2480 repair=0.003291 localization=0.2003 type=3.61 minimal=0.01707 physics=0.1445 total=0.5314
[TRAIN train_climax_static_learned_weights_s42] [TRAIN] stage=pretrain epoch=1/1 batch=2490/3000 step=2490 repair=0.00632 localization=0.2272 type=0.9541 minimal=0.01825 physics=0.1042 total=0.268
[TRAIN train_climax_static_learned_weights_s42] [TRAIN] stage=pretrain epoch=1/1 batch=2500/3000 step=2500 repair=0.01215 localization=0.3766 type=0.9119 minimal=0.01723 physics=0.2931 total=0.294
[TRAIN train_climax_static_learned_weights_s42] [TRAIN] stage=pretrain epoch=1/1 batch=2510/3000 step=2510 repair=0.002068 localization=0.1308 type=4.208 minimal=0.01666 physics=0.08287 total=0.5798
[TRAIN train_climax_static_learned_weights_s42] [TRAIN] stage=pretrain epoch=1/1 batch=2520/3000 step=2520 repair=0.003827 localization=0.2286 type=0.9777 minimal=0.01915 physics=0.1942 total=0.2739
[TRAIN train_climax_static_learned_weights_s42] [TRAIN] stage=pretrain epoch=1/1 batch=2530/3000 step=2530 repair=0.002897 localization=0.3165 type=1.972 minimal=0.01651 physics=0.108 total=0.3744
[TRAIN train_climax_static_learned_weights_s42] [TRAIN] stage=pretrain epoch=1/1 batch=2540/3000 step=2540 repair=0.003814 localization=0.3188 type=1.793 minimal=0.01611 physics=0.1294 total=0.3616
[TRAIN train_climax_static_learned_weights_s42] [TRAIN] stage=pretrain epoch=1/1 batch=2550/3000 step=2550 repair=0.003521 localization=0.2065 type=0.8044 minimal=0.01495 physics=0.09436 total=0.2475
[TRAIN train_climax_static_learned_weights_s42] [TRAIN] stage=pretrain epoch=1/1 batch=2560/3000 step=2560 repair=0.002691 localization=0.1886 type=1.662 minimal=0.01726 physics=0.2821 total=0.202
[TRAIN train_climax_static_learned_weights_s42] [TRAIN] stage=pretrain epoch=1/1 batch=2570/3000 step=2570 repair=0.007044 localization=0.2622 type=1.717 minimal=0.01662 physics=0.5325 total=0.3719
[TRAIN train_climax_static_learned_weights_s42] [TRAIN] stage=pretrain epoch=1/1 batch=2580/3000 step=2580 repair=0.002778 localization=0.2687 type=1.646 minimal=0.01611 physics=0.198 total=0.3414
[TRAIN train_climax_static_learned_weights_s42] [TRAIN] stage=pretrain epoch=1/1 batch=2590/3000 step=2590 repair=0.01591 localization=0.2138 type=0.9971 minimal=0.01576 physics=1.688 total=0.2215
[TRAIN train_climax_static_learned_weights_s42] [TRAIN] stage=pretrain epoch=1/1 batch=2600/3000 step=2600 repair=0.006214 localization=0.2208 type=1.545 minimal=0.01611 physics=0.1135 total=0.3265
[TRAIN train_climax_static_learned_weights_s42] [TRAIN] stage=pretrain epoch=1/1 batch=2610/3000 step=2610 repair=0.002602 localization=0.2163 type=1.657 minimal=0.01753 physics=0.1569 total=0.3349
[TRAIN train_climax_static_learned_weights_s42] [TRAIN] stage=pretrain epoch=1/1 batch=2620/3000 step=2620 repair=0.003042 localization=0.2505 type=1.138 minimal=0.01437 physics=0.5541 total=0.1697
[TRAIN train_climax_static_learned_weights_s42] [TRAIN] stage=pretrain epoch=1/1 batch=2630/3000 step=2630 repair=0.001325 localization=0.2805 type=1.722 minimal=0.01578 physics=0.08732 total=0.3431
[TRAIN train_climax_static_learned_weights_s42] [TRAIN] stage=pretrain epoch=1/1 batch=2640/3000 step=2640 repair=0.004946 localization=0.3173 type=1.911 minimal=0.01369 physics=0.08746 total=0.3701
[TRAIN train_climax_static_learned_weights_s42] [TRAIN] stage=pretrain epoch=1/1 batch=2650/3000 step=2650 repair=0.01748 localization=0.2019 type=0.7834 minimal=0.01834 physics=1.657 total=0.199
[TRAIN train_climax_static_learned_weights_s42] [TRAIN] stage=pretrain epoch=1/1 batch=2660/3000 step=2660 repair=0.01168 localization=0.3471 type=2.56 minimal=0.01683 physics=0.08451 total=0.4446
[TRAIN train_climax_static_learned_weights_s42] [TRAIN] stage=pretrain epoch=1/1 batch=2670/3000 step=2670 repair=0.006033 localization=0.239 type=0.8496 minimal=0.0154 physics=1.011 total=0.1656
[TRAIN train_climax_static_learned_weights_s42] [TRAIN] stage=pretrain epoch=1/1 batch=2680/3000 step=2680 repair=0.006917 localization=0.2695 type=1.514 minimal=0.01711 physics=0.1742 total=0.332
[TRAIN train_climax_static_learned_weights_s42] [TRAIN] stage=pretrain epoch=1/1 batch=2690/3000 step=2690 repair=0.008274 localization=0.2617 type=1.089 minimal=0.01492 physics=0.1592 total=0.2893
[TRAIN train_climax_static_learned_weights_s42] [TRAIN] stage=pretrain epoch=1/1 batch=2700/3000 step=2700 repair=0.00278 localization=0.3197 type=1.221 minimal=0.0164 physics=0.1615 total=0.3019
[TRAIN train_climax_static_learned_weights_s42] [TRAIN] stage=pretrain epoch=1/1 batch=2710/3000 step=2710 repair=0.002949 localization=0.2596 type=1.85 minimal=0.01602 physics=0.2251 total=0.3656
[TRAIN train_climax_static_learned_weights_s42] [TRAIN] stage=pretrain epoch=1/1 batch=2720/3000 step=2720 repair=0.002799 localization=0.07703 type=0.08796 minimal=0.01961 physics=0.2258 total=0.1704
[TRAIN train_climax_static_learned_weights_s42] [TRAIN] stage=pretrain epoch=1/1 batch=2730/3000 step=2730 repair=0.003203 localization=0.2385 type=0.8269 minimal=0.01498 physics=0.7629 total=0.148
[TRAIN train_climax_static_learned_weights_s42] [TRAIN] stage=pretrain epoch=1/1 batch=2740/3000 step=2740 repair=0.003776 localization=0.2387 type=2.063 minimal=0.01813 physics=0.2484 total=0.3834
[TRAIN train_climax_static_learned_weights_s42] [TRAIN] stage=pretrain epoch=1/1 batch=2750/3000 step=2750 repair=0.00561 localization=0.2277 type=1.215 minimal=0.01501 physics=0.184 total=0.2994
[TRAIN train_climax_static_learned_weights_s42] [TRAIN] stage=pretrain epoch=1/1 batch=2760/3000 step=2760 repair=0.002393 localization=0.3714 type=1.518 minimal=0.01536 physics=0.08489 total=0.3359
[TRAIN train_climax_static_learned_weights_s42] [TRAIN] stage=pretrain epoch=1/1 batch=2770/3000 step=2770 repair=0.005371 localization=0.2904 type=2.107 minimal=0.01465 physics=0.1398 total=0.3903
[TRAIN train_climax_static_learned_weights_s42] [TRAIN] stage=pretrain epoch=1/1 batch=2780/3000 step=2780 repair=0.002737 localization=0.1365 type=0.01016 minimal=0.01855 physics=0.132 total=0.1638
[TRAIN train_climax_static_learned_weights_s42] [TRAIN] stage=pretrain epoch=1/1 batch=2790/3000 step=2790 repair=0.002096 localization=0.3729 type=0.6875 minimal=0.01614 physics=0.1305 total=0.2514
[TRAIN train_climax_static_learned_weights_s42] [TRAIN] stage=pretrain epoch=1/1 batch=2800/3000 step=2800 repair=0.005041 localization=0.3268 type=1.358 minimal=0.01747 physics=0.7666 total=0.2121
[TRAIN train_climax_static_learned_weights_s42] [TRAIN] stage=pretrain epoch=1/1 batch=2810/3000 step=2810 repair=0.001614 localization=0.05408 type=0.001911 minimal=0.02025 physics=0.1129 total=0.1526
[TRAIN train_climax_static_learned_weights_s42] [TRAIN] stage=pretrain epoch=1/1 batch=2820/3000 step=2820 repair=0.005708 localization=0.2307 type=1.761 minimal=0.0154 physics=0.2116 total=0.3538
[TRAIN train_climax_static_learned_weights_s42] [TRAIN] stage=pretrain epoch=1/1 batch=2830/3000 step=2830 repair=0.002928 localization=0.07487 type=0.1667 minimal=0.01813 physics=0.1541 total=0.1745
[TRAIN train_climax_static_learned_weights_s42] [TRAIN] stage=pretrain epoch=1/1 batch=2840/3000 step=2840 repair=0.001879 localization=0.02222 type=0.001183 minimal=0.02182 physics=0.09317 total=0.1486
[TRAIN train_climax_static_learned_weights_s42] [TRAIN] stage=pretrain epoch=1/1 batch=2850/3000 step=2850 repair=0.004098 localization=0.27 type=1.226 minimal=0.01625 physics=0.1004 total=0.2991
[TRAIN train_climax_static_learned_weights_s42] [TRAIN] stage=pretrain epoch=1/1 batch=2860/3000 step=2860 repair=0.01085 localization=0.2969 type=0.9858 minimal=0.01507 physics=0.6288 total=0.3109
[TRAIN train_climax_static_learned_weights_s42] [TRAIN] stage=pretrain epoch=1/1 batch=2870/3000 step=2870 repair=0.02815 localization=0.2937 type=1.539 minimal=0.0183 physics=1.976 total=0.3104
[TRAIN train_climax_static_learned_weights_s42] [TRAIN] stage=pretrain epoch=1/1 batch=2880/3000 step=2880 repair=0.004549 localization=0.2134 type=1.361 minimal=0.01374 physics=0.08004 total=0.3045
[TRAIN train_climax_static_learned_weights_s42] [TRAIN] stage=pretrain epoch=1/1 batch=2890/3000 step=2890 repair=0.002196 localization=0.2464 type=1.412 minimal=0.0146 physics=0.3326 total=0.1848
[TRAIN train_climax_static_learned_weights_s42] [TRAIN] stage=pretrain epoch=1/1 batch=2900/3000 step=2900 repair=0.002506 localization=0.3196 type=1.123 minimal=0.01467 physics=0.3827 total=0.1661
[TRAIN train_climax_static_learned_weights_s42] [TRAIN] stage=pretrain epoch=1/1 batch=2910/3000 step=2910 repair=0.007142 localization=0.1988 type=2.183 minimal=0.01391 physics=0.09685 total=0.3887
[TRAIN train_climax_static_learned_weights_s42] [TRAIN] stage=pretrain epoch=1/1 batch=2920/3000 step=2920 repair=0.00204 localization=0.3634 type=0.7173 minimal=0.01633 physics=0.4036 total=0.2669
[TRAIN train_climax_static_learned_weights_s42] [TRAIN] stage=pretrain epoch=1/1 batch=2930/3000 step=2930 repair=0.01767 localization=0.2585 type=1.836 minimal=0.0166 physics=1.865 total=0.3206
[TRAIN train_climax_static_learned_weights_s42] [TRAIN] stage=pretrain epoch=1/1 batch=2940/3000 step=2940 repair=0.002731 localization=0.0149 type=0.0003891 minimal=0.03087 physics=0.3911 total=0.1636
[TRAIN train_climax_static_learned_weights_s42] [TRAIN] stage=pretrain epoch=1/1 batch=2950/3000 step=2950 repair=0.00327 localization=0.01785 type=0.002609 minimal=0.02275 physics=0.1528 total=0.1527
[TRAIN train_climax_static_learned_weights_s42] [TRAIN] stage=pretrain epoch=1/1 batch=2960/3000 step=2960 repair=0.007934 localization=0.3661 type=1.727 minimal=0.01712 physics=0.1587 total=0.364
[TRAIN train_climax_static_learned_weights_s42] [TRAIN] stage=pretrain epoch=1/1 batch=2970/3000 step=2970 repair=0.009369 localization=0.3398 type=1.608 minimal=0.01385 physics=1.385 total=0.2736
[TRAIN train_climax_static_learned_weights_s42] [TRAIN] stage=pretrain epoch=1/1 batch=2980/3000 step=2980 repair=0.003184 localization=0.2678 type=1.455 minimal=0.01604 physics=0.7074 total=0.211
[TRAIN train_climax_static_learned_weights_s42] [TRAIN] stage=pretrain epoch=1/1 batch=2990/3000 step=2990 repair=0.002682 localization=0.3176 type=1.24 minimal=0.01718 physics=0.1507 total=0.3062
[TRAIN train_climax_static_learned_weights_s42] [TRAIN] stage=pretrain epoch=1/1 batch=3000/3000 step=3000 repair=0.002514 localization=0.2406 type=1.329 minimal=0.01537 physics=0.6771 total=0.1935
[TRAIN train_climax_static_learned_weights_s42] [EPOCH] {'stage': 'pretrain', 'epoch': 0, 'global_step': 3000, 'train_total': 0.314109598847727, 'val_repair_mse': 0.12985453312285244, 'elapsed_seconds': 1920.03}
[TRAIN train_climax_static_learned_weights_s42] [BEST] val_repair_mse=0.129855
[TRAIN train_climax_static_learned_weights_s42] [STAGE] finetune epochs=1 start_epoch=0
[TRAIN train_climax_static_learned_weights_s42] [TRAIN] stage=finetune epoch=1/1 batch=10/3000 step=3010 repair=0.1255 localization=0 type=0 minimal=0.0305 physics=0.5686 total=0.1542
[TRAIN train_climax_static_learned_weights_s42] [TRAIN] stage=finetune epoch=1/1 batch=20/3000 step=3020 repair=0.08523 localization=0 type=0 minimal=0.03302 physics=0.5304 total=0.1121
[TRAIN train_climax_static_learned_weights_s42] [TRAIN] stage=finetune epoch=1/1 batch=30/3000 step=3030 repair=0.09472 localization=0 type=0 minimal=0.0379 physics=0.5833 total=0.1243
[TRAIN train_climax_static_learned_weights_s42] [TRAIN] stage=finetune epoch=1/1 batch=40/3000 step=3040 repair=0.09985 localization=0 type=0 minimal=0.03629 physics=0.6488 total=0.1327
[TRAIN train_climax_static_learned_weights_s42] [TRAIN] stage=finetune epoch=1/1 batch=50/3000 step=3050 repair=0.09129 localization=0 type=0 minimal=0.03561 physics=0.5911 total=0.1212
[TRAIN train_climax_static_learned_weights_s42] [TRAIN] stage=finetune epoch=1/1 batch=60/3000 step=3060 repair=0.08615 localization=0 type=0 minimal=0.03665 physics=0.5548 total=0.1143
[TRAIN train_climax_static_learned_weights_s42] [TRAIN] stage=finetune epoch=1/1 batch=70/3000 step=3070 repair=0.1819 localization=0 type=0 minimal=0.04221 physics=0.987 total=0.2317
[TRAIN train_climax_static_learned_weights_s42] [TRAIN] stage=finetune epoch=1/1 batch=80/3000 step=3080 repair=0.09831 localization=0 type=0 minimal=0.04123 physics=0.5269 total=0.1251
[TRAIN train_climax_static_learned_weights_s42] [TRAIN] stage=finetune epoch=1/1 batch=90/3000 step=3090 repair=0.1172 localization=0 type=0 minimal=0.03802 physics=0.5363 total=0.1444
[TRAIN train_climax_static_learned_weights_s42] [TRAIN] stage=finetune epoch=1/1 batch=100/3000 step=3100 repair=0.08254 localization=0 type=0 minimal=0.04068 physics=0.5121 total=0.1085
[TRAIN train_climax_static_learned_weights_s42] [TRAIN] stage=finetune epoch=1/1 batch=110/3000 step=3110 repair=0.125 localization=0 type=0 minimal=0.03671 physics=0.5828 total=0.1545
[TRAIN train_climax_static_learned_weights_s42] [TRAIN] stage=finetune epoch=1/1 batch=120/3000 step=3120 repair=0.1304 localization=0 type=0 minimal=0.0368 physics=0.565 total=0.1591
[TRAIN train_climax_static_learned_weights_s42] [TRAIN] stage=finetune epoch=1/1 batch=130/3000 step=3130 repair=0.124 localization=0 type=0 minimal=0.04068 physics=0.5598 total=0.1524
[TRAIN train_climax_static_learned_weights_s42] [TRAIN] stage=finetune epoch=1/1 batch=140/3000 step=3140 repair=0.09136 localization=0 type=0 minimal=0.0433 physics=0.5357 total=0.1186
[TRAIN train_climax_static_learned_weights_s42] [TRAIN] stage=finetune epoch=1/1 batch=150/3000 step=3150 repair=0.1682 localization=0 type=0 minimal=0.03799 physics=0.5667 total=0.1969
[TRAIN train_climax_static_learned_weights_s42] [TRAIN] stage=finetune epoch=1/1 batch=160/3000 step=3160 repair=0.1154 localization=0 type=0 minimal=0.03986 physics=0.5728 total=0.1444
[TRAIN train_climax_static_learned_weights_s42] [TRAIN] stage=finetune epoch=1/1 batch=170/3000 step=3170 repair=0.1261 localization=0 type=0 minimal=0.04156 physics=0.5538 total=0.1542
[TRAIN train_climax_static_learned_weights_s42] [TRAIN] stage=finetune epoch=1/1 batch=180/3000 step=3180 repair=0.168 localization=0 type=0 minimal=0.04034 physics=0.5909 total=0.198
[TRAIN train_climax_static_learned_weights_s42] [TRAIN] stage=finetune epoch=1/1 batch=190/3000 step=3190 repair=0.1109 localization=0 type=0 minimal=0.0383 physics=0.5647 total=0.1395
[TRAIN train_climax_static_learned_weights_s42] [TRAIN] stage=finetune epoch=1/1 batch=200/3000 step=3200 repair=0.13 localization=0 type=0 minimal=0.04163 physics=0.6284 total=0.1618
[TRAIN train_climax_static_learned_weights_s42] [TRAIN] stage=finetune epoch=1/1 batch=210/3000 step=3210 repair=0.1249 localization=0 type=0 minimal=0.04263 physics=0.5337 total=0.152
[TRAIN train_climax_static_learned_weights_s42] [TRAIN] stage=finetune epoch=1/1 batch=220/3000 step=3220 repair=0.119 localization=0 type=0 minimal=0.04245 physics=0.5503 total=0.147
[TRAIN train_climax_static_learned_weights_s42] [TRAIN] stage=finetune epoch=1/1 batch=230/3000 step=3230 repair=0.1279 localization=0 type=0 minimal=0.04199 physics=0.5842 total=0.1576
[TRAIN train_climax_static_learned_weights_s42] [TRAIN] stage=finetune epoch=1/1 batch=240/3000 step=3240 repair=0.1609 localization=0 type=0 minimal=0.03867 physics=0.7789 total=0.2002
[TRAIN train_climax_static_learned_weights_s42] [TRAIN] stage=finetune epoch=1/1 batch=250/3000 step=3250 repair=0.08739 localization=0 type=0 minimal=0.04007 physics=0.496 total=0.1126
[TRAIN train_climax_static_learned_weights_s42] [TRAIN] stage=finetune epoch=1/1 batch=260/3000 step=3260 repair=0.1232 localization=0 type=0 minimal=0.04102 physics=0.6775 total=0.1575
[TRAIN train_climax_static_learned_weights_s42] [TRAIN] stage=finetune epoch=1/1 batch=270/3000 step=3270 repair=0.1223 localization=0 type=0 minimal=0.03738 physics=0.5269 total=0.149
[TRAIN train_climax_static_learned_weights_s42] [TRAIN] stage=finetune epoch=1/1 batch=280/3000 step=3280 repair=0.1496 localization=0 type=0 minimal=0.04434 physics=0.5728 total=0.1787
[TRAIN train_climax_static_learned_weights_s42] [TRAIN] stage=finetune epoch=1/1 batch=290/3000 step=3290 repair=0.116 localization=0 type=0 minimal=0.04361 physics=0.5337 total=0.1431
[TRAIN train_climax_static_learned_weights_s42] [TRAIN] stage=finetune epoch=1/1 batch=300/3000 step=3300 repair=0.1288 localization=0 type=0 minimal=0.04086 physics=0.6024 total=0.1594
[TRAIN train_climax_static_learned_weights_s42] [TRAIN] stage=finetune epoch=1/1 batch=310/3000 step=3310 repair=0.1667 localization=0 type=0 minimal=0.04376 physics=0.5731 total=0.1958
[TRAIN train_climax_static_learned_weights_s42] [TRAIN] stage=finetune epoch=1/1 batch=320/3000 step=3320 repair=0.1195 localization=0 type=0 minimal=0.04413 physics=0.5442 total=0.1472
[TRAIN train_climax_static_learned_weights_s42] [TRAIN] stage=finetune epoch=1/1 batch=330/3000 step=3330 repair=0.1776 localization=0 type=0 minimal=0.04626 physics=0.6651 total=0.2114
[TRAIN train_climax_static_learned_weights_s42] [TRAIN] stage=finetune epoch=1/1 batch=340/3000 step=3340 repair=0.0781 localization=0 type=0 minimal=0.04211 physics=0.488 total=0.1029
[TRAIN train_climax_static_learned_weights_s42] [TRAIN] stage=finetune epoch=1/1 batch=350/3000 step=3350 repair=0.07768 localization=0 type=0 minimal=0.0444 physics=0.4899 total=0.1026
[TRAIN train_climax_static_learned_weights_s42] [TRAIN] stage=finetune epoch=1/1 batch=360/3000 step=3360 repair=0.121 localization=0 type=0 minimal=0.04169 physics=0.5499 total=0.1489
[TRAIN train_climax_static_learned_weights_s42] [TRAIN] stage=finetune epoch=1/1 batch=370/3000 step=3370 repair=0.07312 localization=0 type=0 minimal=0.04495 physics=0.5301 total=0.1001
[TRAIN train_climax_static_learned_weights_s42] [TRAIN] stage=finetune epoch=1/1 batch=380/3000 step=3380 repair=0.1269 localization=0 type=0 minimal=0.04108 physics=0.6273 total=0.1587
[TRAIN train_climax_static_learned_weights_s42] [TRAIN] stage=finetune epoch=1/1 batch=390/3000 step=3390 repair=0.1246 localization=0 type=0 minimal=0.0463 physics=0.6763 total=0.1589
[TRAIN train_climax_static_learned_weights_s42] [TRAIN] stage=finetune epoch=1/1 batch=400/3000 step=3400 repair=0.1345 localization=0 type=0 minimal=0.04602 physics=0.7312 total=0.1715
[TRAIN train_climax_static_learned_weights_s42] [TRAIN] stage=finetune epoch=1/1 batch=410/3000 step=3410 repair=0.1736 localization=0 type=0 minimal=0.048 physics=0.6553 total=0.2068
[TRAIN train_climax_static_learned_weights_s42] [TRAIN] stage=finetune epoch=1/1 batch=420/3000 step=3420 repair=0.08905 localization=0 type=0 minimal=0.04749 physics=0.4938 total=0.1142
[TRAIN train_climax_static_learned_weights_s42] [TRAIN] stage=finetune epoch=1/1 batch=430/3000 step=3430 repair=0.1262 localization=0 type=0 minimal=0.04504 physics=0.5178 total=0.1526
[TRAIN train_climax_static_learned_weights_s42] [TRAIN] stage=finetune epoch=1/1 batch=440/3000 step=3440 repair=0.0893 localization=0 type=0 minimal=0.04337 physics=0.6055 total=0.12
[TRAIN train_climax_static_learned_weights_s42] [TRAIN] stage=finetune epoch=1/1 batch=450/3000 step=3450 repair=0.1321 localization=0 type=0 minimal=0.0437 physics=0.5517 total=0.1601
[TRAIN train_climax_static_learned_weights_s42] [TRAIN] stage=finetune epoch=1/1 batch=460/3000 step=3460 repair=0.09217 localization=0 type=0 minimal=0.04675 physics=0.5819 total=0.1217
[TRAIN train_climax_static_learned_weights_s42] [TRAIN] stage=finetune epoch=1/1 batch=470/3000 step=3470 repair=0.1624 localization=0 type=0 minimal=0.04422 physics=0.5826 total=0.1919
[TRAIN train_climax_static_learned_weights_s42] [TRAIN] stage=finetune epoch=1/1 batch=480/3000 step=3480 repair=0.08098 localization=0 type=0 minimal=0.04501 physics=0.5362 total=0.1082
[TRAIN train_climax_static_learned_weights_s42] [TRAIN] stage=finetune epoch=1/1 batch=490/3000 step=3490 repair=0.1236 localization=0 type=0 minimal=0.04755 physics=0.5374 total=0.151
[TRAIN train_climax_static_learned_weights_s42] [TRAIN] stage=finetune epoch=1/1 batch=500/3000 step=3500 repair=0.1152 localization=0 type=0 minimal=0.04782 physics=0.5533 total=0.1434
[TRAIN train_climax_static_learned_weights_s42] [TRAIN] stage=finetune epoch=1/1 batch=510/3000 step=3510 repair=0.08303 localization=0 type=0 minimal=0.04788 physics=0.5957 total=0.1133
[TRAIN train_climax_static_learned_weights_s42] [TRAIN] stage=finetune epoch=1/1 batch=520/3000 step=3520 repair=0.122 localization=0 type=0 minimal=0.04504 physics=0.7325 total=0.1591
[TRAIN train_climax_static_learned_weights_s42] [TRAIN] stage=finetune epoch=1/1 batch=530/3000 step=3530 repair=0.1132 localization=0 type=0 minimal=0.04382 physics=0.6394 total=0.1456
[TRAIN train_climax_static_learned_weights_s42] [TRAIN] stage=finetune epoch=1/1 batch=540/3000 step=3540 repair=0.1303 localization=0 type=0 minimal=0.0452 physics=0.5464 total=0.1581
[TRAIN train_climax_static_learned_weights_s42] [TRAIN] stage=finetune epoch=1/1 batch=550/3000 step=3550 repair=0.1152 localization=0 type=0 minimal=0.04968 physics=0.5276 total=0.1421
[TRAIN train_climax_static_learned_weights_s42] [TRAIN] stage=finetune epoch=1/1 batch=560/3000 step=3560 repair=0.1258 localization=0 type=0 minimal=0.04614 physics=0.5341 total=0.1529
[TRAIN train_climax_static_learned_weights_s42] [TRAIN] stage=finetune epoch=1/1 batch=570/3000 step=3570 repair=0.09028 localization=0 type=0 minimal=0.04926 physics=0.5374 total=0.1176
[TRAIN train_climax_static_learned_weights_s42] [TRAIN] stage=finetune epoch=1/1 batch=580/3000 step=3580 repair=0.1224 localization=0 type=0 minimal=0.04691 physics=0.5601 total=0.1508
[TRAIN train_climax_static_learned_weights_s42] [TRAIN] stage=finetune epoch=1/1 batch=590/3000 step=3590 repair=0.08282 localization=0 type=0 minimal=0.04745 physics=0.5914 total=0.1129
[TRAIN train_climax_static_learned_weights_s42] [TRAIN] stage=finetune epoch=1/1 batch=600/3000 step=3600 repair=0.08935 localization=0 type=0 minimal=0.04941 physics=0.5622 total=0.118
[TRAIN train_climax_static_learned_weights_s42] [TRAIN] stage=finetune epoch=1/1 batch=610/3000 step=3610 repair=0.1164 localization=0 type=0 minimal=0.04904 physics=0.5672 total=0.1453
[TRAIN train_climax_static_learned_weights_s42] [TRAIN] stage=finetune epoch=1/1 batch=620/3000 step=3620 repair=0.09496 localization=0 type=0 minimal=0.04883 physics=0.615 total=0.1262
[TRAIN train_climax_static_learned_weights_s42] [TRAIN] stage=finetune epoch=1/1 batch=630/3000 step=3630 repair=0.08353 localization=0 type=0 minimal=0.05103 physics=0.5299 total=0.1105
[TRAIN train_climax_static_learned_weights_s42] [TRAIN] stage=finetune epoch=1/1 batch=640/3000 step=3640 repair=0.07902 localization=0 type=0 minimal=0.05063 physics=0.5085 total=0.1049
[TRAIN train_climax_static_learned_weights_s42] [TRAIN] stage=finetune epoch=1/1 batch=650/3000 step=3650 repair=0.1612 localization=0 type=0 minimal=0.047 physics=0.5656 total=0.1899
[TRAIN train_climax_static_learned_weights_s42] [TRAIN] stage=finetune epoch=1/1 batch=660/3000 step=3660 repair=0.1115 localization=0 type=0 minimal=0.05038 physics=0.5145 total=0.1378
[TRAIN train_climax_static_learned_weights_s42] [TRAIN] stage=finetune epoch=1/1 batch=670/3000 step=3670 repair=0.08334 localization=0 type=0 minimal=0.05078 physics=0.691 total=0.1184
[TRAIN train_climax_static_learned_weights_s42] [TRAIN] stage=finetune epoch=1/1 batch=680/3000 step=3680 repair=0.1188 localization=0 type=0 minimal=0.05179 physics=0.5319 total=0.1459
[TRAIN train_climax_static_learned_weights_s42] [TRAIN] stage=finetune epoch=1/1 batch=690/3000 step=3690 repair=0.1328 localization=0 type=0 minimal=0.0499 physics=0.5174 total=0.1592
[TRAIN train_climax_static_learned_weights_s42] [TRAIN] stage=finetune epoch=1/1 batch=700/3000 step=3700 repair=0.1648 localization=0 type=0 minimal=0.04871 physics=0.5079 total=0.1907
[TRAIN train_climax_static_learned_weights_s42] [TRAIN] stage=finetune epoch=1/1 batch=710/3000 step=3710 repair=0.08847 localization=0 type=0 minimal=0.05325 physics=0.5928 total=0.1186
[TRAIN train_climax_static_learned_weights_s42] [TRAIN] stage=finetune epoch=1/1 batch=720/3000 step=3720 repair=0.1557 localization=0 type=0 minimal=0.04916 physics=0.5797 total=0.1852
[TRAIN train_climax_static_learned_weights_s42] [TRAIN] stage=finetune epoch=1/1 batch=730/3000 step=3730 repair=0.08903 localization=0 type=0 minimal=0.05188 physics=0.5324 total=0.1162
[TRAIN train_climax_static_learned_weights_s42] [TRAIN] stage=finetune epoch=1/1 batch=740/3000 step=3740 repair=0.1593 localization=0 type=0 minimal=0.05444 physics=0.5441 total=0.1871
[TRAIN train_climax_static_learned_weights_s42] [TRAIN] stage=finetune epoch=1/1 batch=750/3000 step=3750 repair=0.08051 localization=0 type=0 minimal=0.04553 physics=0.6269 total=0.1123
[TRAIN train_climax_static_learned_weights_s42] [TRAIN] stage=finetune epoch=1/1 batch=760/3000 step=3760 repair=0.08174 localization=0 type=0 minimal=0.05331 physics=0.5893 total=0.1117
[TRAIN train_climax_static_learned_weights_s42] [TRAIN] stage=finetune epoch=1/1 batch=770/3000 step=3770 repair=0.118 localization=0 type=0 minimal=0.05267 physics=0.5344 total=0.1452
[TRAIN train_climax_static_learned_weights_s42] [TRAIN] stage=finetune epoch=1/1 batch=780/3000 step=3780 repair=0.1189 localization=0 type=0 minimal=0.05075 physics=0.537 total=0.1462
[TRAIN train_climax_static_learned_weights_s42] [TRAIN] stage=finetune epoch=1/1 batch=790/3000 step=3790 repair=0.08364 localization=0 type=0 minimal=0.0513 physics=0.5425 total=0.1113
[TRAIN train_climax_static_learned_weights_s42] [TRAIN] stage=finetune epoch=1/1 batch=800/3000 step=3800 repair=0.117 localization=0 type=0 minimal=0.05237 physics=0.5257 total=0.1438
[TRAIN train_climax_static_learned_weights_s42] [TRAIN] stage=finetune epoch=1/1 batch=810/3000 step=3810 repair=0.07343 localization=0 type=0 minimal=0.05048 physics=0.4651 total=0.09719
[TRAIN train_climax_static_learned_weights_s42] [TRAIN] stage=finetune epoch=1/1 batch=820/3000 step=3820 repair=0.1181 localization=0 type=0 minimal=0.05237 physics=0.5405 total=0.1456
[TRAIN train_climax_static_learned_weights_s42] [TRAIN] stage=finetune epoch=1/1 batch=830/3000 step=3830 repair=0.1089 localization=0 type=0 minimal=0.0527 physics=0.5153 total=0.1352
[TRAIN train_climax_static_learned_weights_s42] [TRAIN] stage=finetune epoch=1/1 batch=840/3000 step=3840 repair=0.1397 localization=0 type=0 minimal=0.05615 physics=0.5485 total=0.1677
[TRAIN train_climax_static_learned_weights_s42] [TRAIN] stage=finetune epoch=1/1 batch=850/3000 step=3850 repair=0.1136 localization=0 type=0 minimal=0.05533 physics=0.5088 total=0.1396
[TRAIN train_climax_static_learned_weights_s42] [TRAIN] stage=finetune epoch=1/1 batch=860/3000 step=3860 repair=0.1178 localization=0 type=0 minimal=0.05408 physics=0.5643 total=0.1466
[TRAIN train_climax_static_learned_weights_s42] [TRAIN] stage=finetune epoch=1/1 batch=870/3000 step=3870 repair=0.1196 localization=0 type=0 minimal=0.05447 physics=0.5639 total=0.1484
[TRAIN train_climax_static_learned_weights_s42] [TRAIN] stage=finetune epoch=1/1 batch=880/3000 step=3880 repair=0.126 localization=0 type=0 minimal=0.05243 physics=0.5396 total=0.1535
[TRAIN train_climax_static_learned_weights_s42] [TRAIN] stage=finetune epoch=1/1 batch=890/3000 step=3890 repair=0.08353 localization=0 type=0 minimal=0.05374 physics=0.6737 total=0.1178
[TRAIN train_climax_static_learned_weights_s42] [TRAIN] stage=finetune epoch=1/1 batch=900/3000 step=3900 repair=0.08235 localization=0 type=0 minimal=0.05341 physics=0.6476 total=0.1153
[TRAIN train_climax_static_learned_weights_s42] [TRAIN] stage=finetune epoch=1/1 batch=910/3000 step=3910 repair=0.07676 localization=0 type=0 minimal=0.04849 physics=0.5189 total=0.1032
[TRAIN train_climax_static_learned_weights_s42] [TRAIN] stage=finetune epoch=1/1 batch=920/3000 step=3920 repair=0.1209 localization=0 type=0 minimal=0.05914 physics=0.6274 total=0.1529
[TRAIN train_climax_static_learned_weights_s42] [TRAIN] stage=finetune epoch=1/1 batch=930/3000 step=3930 repair=0.08214 localization=0 type=0 minimal=0.05161 physics=0.4721 total=0.1063
[TRAIN train_climax_static_learned_weights_s42] [TRAIN] stage=finetune epoch=1/1 batch=940/3000 step=3940 repair=0.07946 localization=0 type=0 minimal=0.05219 physics=0.5294 total=0.1064
[TRAIN train_climax_static_learned_weights_s42] [TRAIN] stage=finetune epoch=1/1 batch=950/3000 step=3950 repair=0.1202 localization=0 type=0 minimal=0.05432 physics=0.5647 total=0.149
[TRAIN train_climax_static_learned_weights_s42] [TRAIN] stage=finetune epoch=1/1 batch=960/3000 step=3960 repair=0.0816 localization=0 type=0 minimal=0.05194 physics=0.6314 total=0.1137
[TRAIN train_climax_static_learned_weights_s42] [TRAIN] stage=finetune epoch=1/1 batch=970/3000 step=3970 repair=0.1723 localization=0 type=0 minimal=0.05252 physics=0.5518 total=0.2005
[TRAIN train_climax_static_learned_weights_s42] [TRAIN] stage=finetune epoch=1/1 batch=980/3000 step=3980 repair=0.1291 localization=0 type=0 minimal=0.05634 physics=0.6412 total=0.1617
[TRAIN train_climax_static_learned_weights_s42] [TRAIN] stage=finetune epoch=1/1 batch=990/3000 step=3990 repair=0.1642 localization=0 type=0 minimal=0.05206 physics=0.6265 total=0.196
[TRAIN train_climax_static_learned_weights_s42] [TRAIN] stage=finetune epoch=1/1 batch=1000/3000 step=4000 repair=0.07596 localization=0 type=0 minimal=0.05505 physics=0.5313 total=0.1031
[TRAIN train_climax_static_learned_weights_s42] [TRAIN] stage=finetune epoch=1/1 batch=1010/3000 step=4010 repair=0.07265 localization=0 type=0 minimal=0.05231 physics=0.4623 total=0.09629
[TRAIN train_climax_static_learned_weights_s42] [TRAIN] stage=finetune epoch=1/1 batch=1020/3000 step=4020 repair=0.1244 localization=0 type=0 minimal=0.06046 physics=0.5892 total=0.1544
[TRAIN train_climax_static_learned_weights_s42] [TRAIN] stage=finetune epoch=1/1 batch=1030/3000 step=4030 repair=0.1803 localization=0 type=0 minimal=0.05554 physics=0.6614 total=0.2139
[TRAIN train_climax_static_learned_weights_s42] [TRAIN] stage=finetune epoch=1/1 batch=1040/3000 step=4040 repair=0.1115 localization=0 type=0 minimal=0.05685 physics=0.6248 total=0.1433
[TRAIN train_climax_static_learned_weights_s42] [TRAIN] stage=finetune epoch=1/1 batch=1050/3000 step=4050 repair=0.1585 localization=0 type=0 minimal=0.05054 physics=0.6029 total=0.1892
[TRAIN train_climax_static_learned_weights_s42] [TRAIN] stage=finetune epoch=1/1 batch=1060/3000 step=4060 repair=0.09287 localization=0 type=0 minimal=0.06006 physics=0.5594 total=0.1214
[TRAIN train_climax_static_learned_weights_s42] [TRAIN] stage=finetune epoch=1/1 batch=1070/3000 step=4070 repair=0.1214 localization=0 type=0 minimal=0.0564 physics=0.4929 total=0.1466
[TRAIN train_climax_static_learned_weights_s42] [TRAIN] stage=finetune epoch=1/1 batch=1080/3000 step=4080 repair=0.1224 localization=0 type=0 minimal=0.05664 physics=0.5055 total=0.1483
[TRAIN train_climax_static_learned_weights_s42] [TRAIN] stage=finetune epoch=1/1 batch=1090/3000 step=4090 repair=0.08222 localization=0 type=0 minimal=0.05811 physics=0.5184 total=0.1087
[TRAIN train_climax_static_learned_weights_s42] [TRAIN] stage=finetune epoch=1/1 batch=1100/3000 step=4100 repair=0.1164 localization=0 type=0 minimal=0.0571 physics=0.5914 total=0.1466
[TRAIN train_climax_static_learned_weights_s42] [TRAIN] stage=finetune epoch=1/1 batch=1110/3000 step=4110 repair=0.07465 localization=0 type=0 minimal=0.05682 physics=0.4488 total=0.09765
[TRAIN train_climax_static_learned_weights_s42] [TRAIN] stage=finetune epoch=1/1 batch=1120/3000 step=4120 repair=0.1553 localization=0 type=0 minimal=0.05618 physics=0.5981 total=0.1858
[TRAIN train_climax_static_learned_weights_s42] [TRAIN] stage=finetune epoch=1/1 batch=1130/3000 step=4130 repair=0.07679 localization=0 type=0 minimal=0.05499 physics=0.5503 total=0.1048
[TRAIN train_climax_static_learned_weights_s42] [TRAIN] stage=finetune epoch=1/1 batch=1140/3000 step=4140 repair=0.07056 localization=0 type=0 minimal=0.05759 physics=0.4343 total=0.09285
[TRAIN train_climax_static_learned_weights_s42] [TRAIN] stage=finetune epoch=1/1 batch=1150/3000 step=4150 repair=0.07846 localization=0 type=0 minimal=0.06125 physics=0.5046 total=0.1043
[TRAIN train_climax_static_learned_weights_s42] [TRAIN] stage=finetune epoch=1/1 batch=1160/3000 step=4160 repair=0.1224 localization=0 type=0 minimal=0.05896 physics=0.4719 total=0.1466
[TRAIN train_climax_static_learned_weights_s42] [TRAIN] stage=finetune epoch=1/1 batch=1170/3000 step=4170 repair=0.08479 localization=0 type=0 minimal=0.06183 physics=0.6171 total=0.1163
[TRAIN train_climax_static_learned_weights_s42] [TRAIN] stage=finetune epoch=1/1 batch=1180/3000 step=4180 repair=0.08698 localization=0 type=0 minimal=0.06152 physics=0.5442 total=0.1148
[TRAIN train_climax_static_learned_weights_s42] [TRAIN] stage=finetune epoch=1/1 batch=1190/3000 step=4190 repair=0.1183 localization=0 type=0 minimal=0.05566 physics=0.5404 total=0.1458
[TRAIN train_climax_static_learned_weights_s42] [TRAIN] stage=finetune epoch=1/1 batch=1200/3000 step=4200 repair=0.1521 localization=0 type=0 minimal=0.06189 physics=0.5648 total=0.181
[TRAIN train_climax_static_learned_weights_s42] [TRAIN] stage=finetune epoch=1/1 batch=1210/3000 step=4210 repair=0.07882 localization=0 type=0 minimal=0.0592 physics=0.4704 total=0.1029
[TRAIN train_climax_static_learned_weights_s42] [TRAIN] stage=finetune epoch=1/1 batch=1220/3000 step=4220 repair=0.07795 localization=0 type=0 minimal=0.0585 physics=0.4395 total=0.1005
[TRAIN train_climax_static_learned_weights_s42] [TRAIN] stage=finetune epoch=1/1 batch=1230/3000 step=4230 repair=0.1829 localization=0 type=0 minimal=0.0593 physics=0.5292 total=0.21
[TRAIN train_climax_static_learned_weights_s42] [TRAIN] stage=finetune epoch=1/1 batch=1240/3000 step=4240 repair=0.0921 localization=0 type=0 minimal=0.05875 physics=0.5774 total=0.1216
[TRAIN train_climax_static_learned_weights_s42] [TRAIN] stage=finetune epoch=1/1 batch=1250/3000 step=4250 repair=0.163 localization=0 type=0 minimal=0.0582 physics=0.5301 total=0.1901
[TRAIN train_climax_static_learned_weights_s42] [TRAIN] stage=finetune epoch=1/1 batch=1260/3000 step=4260 repair=0.1299 localization=0 type=0 minimal=0.05707 physics=0.664 total=0.1637
[TRAIN train_climax_static_learned_weights_s42] [TRAIN] stage=finetune epoch=1/1 batch=1270/3000 step=4270 repair=0.08576 localization=0 type=0 minimal=0.0611 physics=0.4452 total=0.1086
[TRAIN train_climax_static_learned_weights_s42] [TRAIN] stage=finetune epoch=1/1 batch=1280/3000 step=4280 repair=0.1189 localization=0 type=0 minimal=0.05692 physics=0.5673 total=0.1478
[TRAIN train_climax_static_learned_weights_s42] [TRAIN] stage=finetune epoch=1/1 batch=1290/3000 step=4290 repair=0.08475 localization=0 type=0 minimal=0.0639 physics=0.4729 total=0.109
[TRAIN train_climax_static_learned_weights_s42] [TRAIN] stage=finetune epoch=1/1 batch=1300/3000 step=4300 repair=0.1209 localization=0 type=0 minimal=0.05795 physics=0.4863 total=0.1458
[TRAIN train_climax_static_learned_weights_s42] [TRAIN] stage=finetune epoch=1/1 batch=1310/3000 step=4310 repair=0.09467 localization=0 type=0 minimal=0.0578 physics=0.5174 total=0.1211
[TRAIN train_climax_static_learned_weights_s42] [TRAIN] stage=finetune epoch=1/1 batch=1320/3000 step=4320 repair=0.07172 localization=0 type=0 minimal=0.06329 physics=0.5198 total=0.09835
[TRAIN train_climax_static_learned_weights_s42] [TRAIN] stage=finetune epoch=1/1 batch=1330/3000 step=4330 repair=0.1291 localization=0 type=0 minimal=0.05835 physics=0.5677 total=0.1581
[TRAIN train_climax_static_learned_weights_s42] [TRAIN] stage=finetune epoch=1/1 batch=1340/3000 step=4340 repair=0.1175 localization=0 type=0 minimal=0.06198 physics=0.5599 total=0.1461
[TRAIN train_climax_static_learned_weights_s42] [TRAIN] stage=finetune epoch=1/1 batch=1350/3000 step=4350 repair=0.1319 localization=0 type=0 minimal=0.05948 physics=0.621 total=0.1636
[TRAIN train_climax_static_learned_weights_s42] [TRAIN] stage=finetune epoch=1/1 batch=1360/3000 step=4360 repair=0.1396 localization=0 type=0 minimal=0.05988 physics=0.534 total=0.1669
[TRAIN train_climax_static_learned_weights_s42] [TRAIN] stage=finetune epoch=1/1 batch=1370/3000 step=4370 repair=0.1371 localization=0 type=0 minimal=0.05707 physics=0.5395 total=0.1646
[TRAIN train_climax_static_learned_weights_s42] [TRAIN] stage=finetune epoch=1/1 batch=1380/3000 step=4380 repair=0.1853 localization=0 type=0 minimal=0.05566 physics=0.5489 total=0.2133
[TRAIN train_climax_static_learned_weights_s42] [TRAIN] stage=finetune epoch=1/1 batch=1390/3000 step=4390 repair=0.06708 localization=0 type=0 minimal=0.06598 physics=0.6033 total=0.09791
[TRAIN train_climax_static_learned_weights_s42] [TRAIN] stage=finetune epoch=1/1 batch=1400/3000 step=4400 repair=0.1118 localization=0 type=0 minimal=0.05878 physics=0.5549 total=0.1402
[TRAIN train_climax_static_learned_weights_s42] [TRAIN] stage=finetune epoch=1/1 batch=1410/3000 step=4410 repair=0.07904 localization=0 type=0 minimal=0.06122 physics=0.5021 total=0.1048
[TRAIN train_climax_static_learned_weights_s42] [TRAIN] stage=finetune epoch=1/1 batch=1420/3000 step=4420 repair=0.08217 localization=0 type=0 minimal=0.06137 physics=0.4941 total=0.1075
[TRAIN train_climax_static_learned_weights_s42] [TRAIN] stage=finetune epoch=1/1 batch=1430/3000 step=4430 repair=0.07055 localization=0 type=0 minimal=0.06244 physics=0.5023 total=0.09629
[TRAIN train_climax_static_learned_weights_s42] [TRAIN] stage=finetune epoch=1/1 batch=1440/3000 step=4440 repair=0.07379 localization=0 type=0 minimal=0.05716 physics=0.5908 total=0.1039
[TRAIN train_climax_static_learned_weights_s42] [TRAIN] stage=finetune epoch=1/1 batch=1450/3000 step=4450 repair=0.116 localization=0 type=0 minimal=0.05859 physics=0.6395 total=0.1486
[TRAIN train_climax_static_learned_weights_s42] [TRAIN] stage=finetune epoch=1/1 batch=1460/3000 step=4460 repair=0.1241 localization=0 type=0 minimal=0.0639 physics=0.6038 total=0.155
[TRAIN train_climax_static_learned_weights_s42] [TRAIN] stage=finetune epoch=1/1 batch=1470/3000 step=4470 repair=0.1349 localization=0 type=0 minimal=0.0596 physics=0.6156 total=0.1663
[TRAIN train_climax_static_learned_weights_s42] [TRAIN] stage=finetune epoch=1/1 batch=1480/3000 step=4480 repair=0.127 localization=0 type=0 minimal=0.05951 physics=0.5202 total=0.1536
[TRAIN train_climax_static_learned_weights_s42] [TRAIN] stage=finetune epoch=1/1 batch=1490/3000 step=4490 repair=0.08107 localization=0 type=0 minimal=0.06396 physics=0.4556 total=0.1045
[TRAIN train_climax_static_learned_weights_s42] [TRAIN] stage=finetune epoch=1/1 batch=1500/3000 step=4500 repair=0.1551 localization=0 type=0 minimal=0.05688 physics=0.5228 total=0.1818
[TRAIN train_climax_static_learned_weights_s42] [TRAIN] stage=finetune epoch=1/1 batch=1510/3000 step=4510 repair=0.08415 localization=0 type=0 minimal=0.06335 physics=0.5796 total=0.1138
[TRAIN train_climax_static_learned_weights_s42] [TRAIN] stage=finetune epoch=1/1 batch=1520/3000 step=4520 repair=0.08466 localization=0 type=0 minimal=0.06165 physics=0.455 total=0.108
[TRAIN train_climax_static_learned_weights_s42] [TRAIN] stage=finetune epoch=1/1 batch=1530/3000 step=4530 repair=0.08394 localization=0 type=0 minimal=0.06189 physics=0.4693 total=0.108
[TRAIN train_climax_static_learned_weights_s42] [TRAIN] stage=finetune epoch=1/1 batch=1540/3000 step=4540 repair=0.09889 localization=0 type=0 minimal=0.06708 physics=0.5142 total=0.1253
[TRAIN train_climax_static_learned_weights_s42] [TRAIN] stage=finetune epoch=1/1 batch=1550/3000 step=4550 repair=0.08057 localization=0 type=0 minimal=0.05844 physics=0.52 total=0.1072
[TRAIN train_climax_static_learned_weights_s42] [TRAIN] stage=finetune epoch=1/1 batch=1560/3000 step=4560 repair=0.08571 localization=0 type=0 minimal=0.06305 physics=0.5173 total=0.1122
[TRAIN train_climax_static_learned_weights_s42] [TRAIN] stage=finetune epoch=1/1 batch=1570/3000 step=4570 repair=0.07206 localization=0 type=0 minimal=0.0582 physics=0.4559 total=0.09543
[TRAIN train_climax_static_learned_weights_s42] [TRAIN] stage=finetune epoch=1/1 batch=1580/3000 step=4580 repair=0.07855 localization=0 type=0 minimal=0.06155 physics=0.4845 total=0.1034
[TRAIN train_climax_static_learned_weights_s42] [TRAIN] stage=finetune epoch=1/1 batch=1590/3000 step=4590 repair=0.1107 localization=0 type=0 minimal=0.06311 physics=0.5598 total=0.1394
[TRAIN train_climax_static_learned_weights_s42] [TRAIN] stage=finetune epoch=1/1 batch=1600/3000 step=4600 repair=0.1284 localization=0 type=0 minimal=0.05826 physics=0.5056 total=0.1543
[TRAIN train_climax_static_learned_weights_s42] [TRAIN] stage=finetune epoch=1/1 batch=1610/3000 step=4610 repair=0.06222 localization=0 type=0 minimal=0.06677 physics=0.5055 total=0.08817
[TRAIN train_climax_static_learned_weights_s42] [TRAIN] stage=finetune epoch=1/1 batch=1620/3000 step=4620 repair=0.1063 localization=0 type=0 minimal=0.05841 physics=0.6048 total=0.1371
[TRAIN train_climax_static_learned_weights_s42] [TRAIN] stage=finetune epoch=1/1 batch=1630/3000 step=4630 repair=0.1899 localization=0 type=0 minimal=0.05737 physics=0.7061 total=0.2257
[TRAIN train_climax_static_learned_weights_s42] [TRAIN] stage=finetune epoch=1/1 batch=1640/3000 step=4640 repair=0.1219 localization=0 type=0 minimal=0.06329 physics=0.57 total=0.1511
[TRAIN train_climax_static_learned_weights_s42] [TRAIN] stage=finetune epoch=1/1 batch=1650/3000 step=4650 repair=0.09148 localization=0 type=0 minimal=0.0614 physics=0.5245 total=0.1183
[TRAIN train_climax_static_learned_weights_s42] [TRAIN] stage=finetune epoch=1/1 batch=1660/3000 step=4660 repair=0.07659 localization=0 type=0 minimal=0.05377 physics=0.5339 total=0.1038
[TRAIN train_climax_static_learned_weights_s42] [TRAIN] stage=finetune epoch=1/1 batch=1670/3000 step=4670 repair=0.1025 localization=0 type=0 minimal=0.06003 physics=0.4886 total=0.1276
[TRAIN train_climax_static_learned_weights_s42] [TRAIN] stage=finetune epoch=1/1 batch=1680/3000 step=4680 repair=0.1295 localization=0 type=0 minimal=0.0611 physics=0.5007 total=0.1551
[TRAIN train_climax_static_learned_weights_s42] [TRAIN] stage=finetune epoch=1/1 batch=1690/3000 step=4690 repair=0.1156 localization=0 type=0 minimal=0.05612 physics=0.5354 total=0.1429
[TRAIN train_climax_static_learned_weights_s42] [TRAIN] stage=finetune epoch=1/1 batch=1700/3000 step=4700 repair=0.07817 localization=0 type=0 minimal=0.06329 physics=0.5169 total=0.1046
[TRAIN train_climax_static_learned_weights_s42] [TRAIN] stage=finetune epoch=1/1 batch=1710/3000 step=4710 repair=0.1554 localization=0 type=0 minimal=0.06003 physics=0.5963 total=0.1858
[TRAIN train_climax_static_learned_weights_s42] [TRAIN] stage=finetune epoch=1/1 batch=1720/3000 step=4720 repair=0.07893 localization=0 type=0 minimal=0.06146 physics=0.4524 total=0.1022
[TRAIN train_climax_static_learned_weights_s42] [TRAIN] stage=finetune epoch=1/1 batch=1730/3000 step=4730 repair=0.08768 localization=0 type=0 minimal=0.06421 physics=0.4716 total=0.1119
[TRAIN train_climax_static_learned_weights_s42] [TRAIN] stage=finetune epoch=1/1 batch=1740/3000 step=4740 repair=0.07327 localization=0 type=0 minimal=0.0636 physics=0.5105 total=0.09943
[TRAIN train_climax_static_learned_weights_s42] [TRAIN] stage=finetune epoch=1/1 batch=1750/3000 step=4750 repair=0.0827 localization=0 type=0 minimal=0.06628 physics=0.4632 total=0.1065
[TRAIN train_climax_static_learned_weights_s42] [TRAIN] stage=finetune epoch=1/1 batch=1760/3000 step=4760 repair=0.07765 localization=0 type=0 minimal=0.06372 physics=0.5007 total=0.1033
[TRAIN train_climax_static_learned_weights_s42] [TRAIN] stage=finetune epoch=1/1 batch=1770/3000 step=4770 repair=0.1641 localization=0 type=0 minimal=0.05402 physics=0.4788 total=0.1886
[TRAIN train_climax_static_learned_weights_s42] [TRAIN] stage=finetune epoch=1/1 batch=1780/3000 step=4780 repair=0.0792 localization=0 type=0 minimal=0.06219 physics=0.484 total=0.104
[TRAIN train_climax_static_learned_weights_s42] [TRAIN] stage=finetune epoch=1/1 batch=1790/3000 step=4790 repair=0.1169 localization=0 type=0 minimal=0.05905 physics=0.4863 total=0.1418
[TRAIN train_climax_static_learned_weights_s42] [TRAIN] stage=finetune epoch=1/1 batch=1800/3000 step=4800 repair=0.08401 localization=0 type=0 minimal=0.06873 physics=0.4993 total=0.1097
[TRAIN train_climax_static_learned_weights_s42] [TRAIN] stage=finetune epoch=1/1 batch=1810/3000 step=4810 repair=0.08076 localization=0 type=0 minimal=0.06506 physics=0.4686 total=0.1048
[TRAIN train_climax_static_learned_weights_s42] [TRAIN] stage=finetune epoch=1/1 batch=1820/3000 step=4820 repair=0.1454 localization=0 type=0 minimal=0.0618 physics=0.551 total=0.1736
[TRAIN train_climax_static_learned_weights_s42] [TRAIN] stage=finetune epoch=1/1 batch=1830/3000 step=4830 repair=0.1264 localization=0 type=0 minimal=0.06033 physics=0.5025 total=0.1521
[TRAIN train_climax_static_learned_weights_s42] [TRAIN] stage=finetune epoch=1/1 batch=1840/3000 step=4840 repair=0.0667 localization=0 type=0 minimal=0.06763 physics=0.6172 total=0.09824
[TRAIN train_climax_static_learned_weights_s42] [TRAIN] stage=finetune epoch=1/1 batch=1850/3000 step=4850 repair=0.1132 localization=0 type=0 minimal=0.05994 physics=0.55 total=0.1413
[TRAIN train_climax_static_learned_weights_s42] [TRAIN] stage=finetune epoch=1/1 batch=1860/3000 step=4860 repair=0.08804 localization=0 type=0 minimal=0.06543 physics=0.4912 total=0.1133
[TRAIN train_climax_static_learned_weights_s42] [TRAIN] stage=finetune epoch=1/1 batch=1870/3000 step=4870 repair=0.1196 localization=0 type=0 minimal=0.06512 physics=0.638 total=0.1522
[TRAIN train_climax_static_learned_weights_s42] [TRAIN] stage=finetune epoch=1/1 batch=1880/3000 step=4880 repair=0.1295 localization=0 type=0 minimal=0.06506 physics=0.4524 total=0.1527
[TRAIN train_climax_static_learned_weights_s42] [TRAIN] stage=finetune epoch=1/1 batch=1890/3000 step=4890 repair=0.08166 localization=0 type=0 minimal=0.06342 physics=0.4961 total=0.1071
[TRAIN train_climax_static_learned_weights_s42] [TRAIN] stage=finetune epoch=1/1 batch=1900/3000 step=4900 repair=0.1311 localization=0 type=0 minimal=0.05591 physics=0.513 total=0.1573
[TRAIN train_climax_static_learned_weights_s42] [TRAIN] stage=finetune epoch=1/1 batch=1910/3000 step=4910 repair=0.149 localization=0 type=0 minimal=0.05902 physics=0.6754 total=0.1834
[TRAIN train_climax_static_learned_weights_s42] [TRAIN] stage=finetune epoch=1/1 batch=1920/3000 step=4920 repair=0.1596 localization=0 type=0 minimal=0.06064 physics=0.4851 total=0.1844
[TRAIN train_climax_static_learned_weights_s42] [TRAIN] stage=finetune epoch=1/1 batch=1930/3000 step=4930 repair=0.07724 localization=0 type=0 minimal=0.06076 physics=0.483 total=0.102
[TRAIN train_climax_static_learned_weights_s42] [TRAIN] stage=finetune epoch=1/1 batch=1940/3000 step=4940 repair=0.1664 localization=0 type=0 minimal=0.06128 physics=0.5004 total=0.192
[TRAIN train_climax_static_learned_weights_s42] [TRAIN] stage=finetune epoch=1/1 batch=1950/3000 step=4950 repair=0.1126 localization=0 type=0 minimal=0.06567 physics=0.4931 total=0.1379
[TRAIN train_climax_static_learned_weights_s42] [TRAIN] stage=finetune epoch=1/1 batch=1960/3000 step=4960 repair=0.1209 localization=0 type=0 minimal=0.06573 physics=0.496 total=0.1464
[TRAIN train_climax_static_learned_weights_s42] [TRAIN] stage=finetune epoch=1/1 batch=1970/3000 step=4970 repair=0.1759 localization=0 type=0 minimal=0.05905 physics=0.6838 total=0.2107
[TRAIN train_climax_static_learned_weights_s42] [TRAIN] stage=finetune epoch=1/1 batch=1980/3000 step=4980 repair=0.1152 localization=0 type=0 minimal=0.06628 physics=0.6858 total=0.1501
[TRAIN train_climax_static_learned_weights_s42] [TRAIN] stage=finetune epoch=1/1 batch=1990/3000 step=4990 repair=0.06842 localization=0 type=0 minimal=0.06519 physics=0.5356 total=0.09585
[TRAIN train_climax_static_learned_weights_s42] [TRAIN] stage=finetune epoch=1/1 batch=2000/3000 step=5000 repair=0.1152 localization=0 type=0 minimal=0.06299 physics=0.4978 total=0.1407
[TRAIN train_climax_static_learned_weights_s42] [TRAIN] stage=finetune epoch=1/1 batch=2010/3000 step=5010 repair=0.1212 localization=0 type=0 minimal=0.06598 physics=0.4609 total=0.1449
[TRAIN train_climax_static_learned_weights_s42] [TRAIN] stage=finetune epoch=1/1 batch=2020/3000 step=5020 repair=0.116 localization=0 type=0 minimal=0.06027 physics=0.6972 total=0.1514
[TRAIN train_climax_static_learned_weights_s42] [TRAIN] stage=finetune epoch=1/1 batch=2030/3000 step=5030 repair=0.09528 localization=0 type=0 minimal=0.06677 physics=0.4704 total=0.1195
[TRAIN train_climax_static_learned_weights_s42] [TRAIN] stage=finetune epoch=1/1 batch=2040/3000 step=5040 repair=0.08974 localization=0 type=0 minimal=0.06769 physics=0.4683 total=0.1138
[TRAIN train_climax_static_learned_weights_s42] [TRAIN] stage=finetune epoch=1/1 batch=2050/3000 step=5050 repair=0.06594 localization=0 type=0 minimal=0.06598 physics=0.5204 total=0.09262
[TRAIN train_climax_static_learned_weights_s42] [TRAIN] stage=finetune epoch=1/1 batch=2060/3000 step=5060 repair=0.1249 localization=0 type=0 minimal=0.0603 physics=0.4887 total=0.1499
[TRAIN train_climax_static_learned_weights_s42] [TRAIN] stage=finetune epoch=1/1 batch=2070/3000 step=5070 repair=0.1174 localization=0 type=0 minimal=0.05991 physics=0.4576 total=0.1409
[TRAIN train_climax_static_learned_weights_s42] [TRAIN] stage=finetune epoch=1/1 batch=2080/3000 step=5080 repair=0.1143 localization=0 type=0 minimal=0.06696 physics=0.6144 total=0.1457
[TRAIN train_climax_static_learned_weights_s42] [TRAIN] stage=finetune epoch=1/1 batch=2090/3000 step=5090 repair=0.07881 localization=0 type=0 minimal=0.06683 physics=0.5252 total=0.1057
[TRAIN train_climax_static_learned_weights_s42] [TRAIN] stage=finetune epoch=1/1 batch=2100/3000 step=5100 repair=0.09156 localization=0 type=0 minimal=0.0719 physics=0.4975 total=0.1172
[TRAIN train_climax_static_learned_weights_s42] [TRAIN] stage=finetune epoch=1/1 batch=2110/3000 step=5110 repair=0.1204 localization=0 type=0 minimal=0.07068 physics=0.6166 total=0.152
[TRAIN train_climax_static_learned_weights_s42] [TRAIN] stage=finetune epoch=1/1 batch=2120/3000 step=5120 repair=0.1557 localization=0 type=0 minimal=0.05896 physics=0.5998 total=0.1863
[TRAIN train_climax_static_learned_weights_s42] [TRAIN] stage=finetune epoch=1/1 batch=2130/3000 step=5130 repair=0.1163 localization=0 type=0 minimal=0.05832 physics=0.541 total=0.144
[TRAIN train_climax_static_learned_weights_s42] [TRAIN] stage=finetune epoch=1/1 batch=2140/3000 step=5140 repair=0.08715 localization=0 type=0 minimal=0.05908 physics=0.4313 total=0.1093
[TRAIN train_climax_static_learned_weights_s42] [TRAIN] stage=finetune epoch=1/1 batch=2150/3000 step=5150 repair=0.1627 localization=0 type=0 minimal=0.05753 physics=0.5745 total=0.192
[TRAIN train_climax_static_learned_weights_s42] [TRAIN] stage=finetune epoch=1/1 batch=2160/3000 step=5160 repair=0.07437 localization=0 type=0 minimal=0.06958 physics=0.4516 total=0.09764
[TRAIN train_climax_static_learned_weights_s42] [TRAIN] stage=finetune epoch=1/1 batch=2170/3000 step=5170 repair=0.1099 localization=0 type=0 minimal=0.0636 physics=0.5879 total=0.1399
[TRAIN train_climax_static_learned_weights_s42] [TRAIN] stage=finetune epoch=1/1 batch=2180/3000 step=5180 repair=0.1098 localization=0 type=0 minimal=0.0658 physics=0.4845 total=0.1347
[TRAIN train_climax_static_learned_weights_s42] [TRAIN] stage=finetune epoch=1/1 batch=2190/3000 step=5190 repair=0.07656 localization=0 type=0 minimal=0.06854 physics=0.45 total=0.09974
[TRAIN train_climax_static_learned_weights_s42] [TRAIN] stage=finetune epoch=1/1 batch=2200/3000 step=5200 repair=0.1124 localization=0 type=0 minimal=0.06415 physics=0.4601 total=0.136
[TRAIN train_climax_static_learned_weights_s42] [TRAIN] stage=finetune epoch=1/1 batch=2210/3000 step=5210 repair=0.1164 localization=0 type=0 minimal=0.06274 physics=0.4545 total=0.1397
[TRAIN train_climax_static_learned_weights_s42] [TRAIN] stage=finetune epoch=1/1 batch=2220/3000 step=5220 repair=0.07402 localization=0 type=0 minimal=0.07001 physics=0.43 total=0.09622
[TRAIN train_climax_static_learned_weights_s42] [TRAIN] stage=finetune epoch=1/1 batch=2230/3000 step=5230 repair=0.07593 localization=0 type=0 minimal=0.0755 physics=0.4772 total=0.1005
[TRAIN train_climax_static_learned_weights_s42] [TRAIN] stage=finetune epoch=1/1 batch=2240/3000 step=5240 repair=0.08082 localization=0 type=0 minimal=0.06213 physics=0.4314 total=0.103
[TRAIN train_climax_static_learned_weights_s42] [TRAIN] stage=finetune epoch=1/1 batch=2250/3000 step=5250 repair=0.112 localization=0 type=0 minimal=0.06848 physics=0.4942 total=0.1374
[TRAIN train_climax_static_learned_weights_s42] [TRAIN] stage=finetune epoch=1/1 batch=2260/3000 step=5260 repair=0.077 localization=0 type=0 minimal=0.07605 physics=0.4311 total=0.09931
[TRAIN train_climax_static_learned_weights_s42] [TRAIN] stage=finetune epoch=1/1 batch=2270/3000 step=5270 repair=0.1131 localization=0 type=0 minimal=0.06744 physics=0.5074 total=0.1391
[TRAIN train_climax_static_learned_weights_s42] [TRAIN] stage=finetune epoch=1/1 batch=2280/3000 step=5280 repair=0.07608 localization=0 type=0 minimal=0.07013 physics=0.4886 total=0.1012
[TRAIN train_climax_static_learned_weights_s42] [TRAIN] stage=finetune epoch=1/1 batch=2290/3000 step=5290 repair=0.06578 localization=0 type=0 minimal=0.07874 physics=0.4731 total=0.09022
[TRAIN train_climax_static_learned_weights_s42] [TRAIN] stage=finetune epoch=1/1 batch=2300/3000 step=5300 repair=0.1133 localization=0 type=0 minimal=0.06378 physics=0.5685 total=0.1423
[TRAIN train_climax_static_learned_weights_s42] [TRAIN] stage=finetune epoch=1/1 batch=2310/3000 step=5310 repair=0.09606 localization=0 type=0 minimal=0.06665 physics=0.4549 total=0.1195
[TRAIN train_climax_static_learned_weights_s42] [TRAIN] stage=finetune epoch=1/1 batch=2320/3000 step=5320 repair=0.1149 localization=0 type=0 minimal=0.06213 physics=0.4524 total=0.1381
[TRAIN train_climax_static_learned_weights_s42] [TRAIN] stage=finetune epoch=1/1 batch=2330/3000 step=5330 repair=0.1577 localization=0 type=0 minimal=0.0611 physics=0.4889 total=0.1828
[TRAIN train_climax_static_learned_weights_s42] [TRAIN] stage=finetune epoch=1/1 batch=2340/3000 step=5340 repair=0.07972 localization=0 type=0 minimal=0.07068 physics=0.4617 total=0.1035
[TRAIN train_climax_static_learned_weights_s42] [TRAIN] stage=finetune epoch=1/1 batch=2350/3000 step=5350 repair=0.1262 localization=0 type=0 minimal=0.06235 physics=0.4933 total=0.1515
[TRAIN train_climax_static_learned_weights_s42] [TRAIN] stage=finetune epoch=1/1 batch=2360/3000 step=5360 repair=0.1283 localization=0 type=0 minimal=0.06458 physics=0.5134 total=0.1546
[TRAIN train_climax_static_learned_weights_s42] [TRAIN] stage=finetune epoch=1/1 batch=2370/3000 step=5370 repair=0.1264 localization=0 type=0 minimal=0.06235 physics=0.5015 total=0.1521
[TRAIN train_climax_static_learned_weights_s42] [TRAIN] stage=finetune epoch=1/1 batch=2380/3000 step=5380 repair=0.1077 localization=0 type=0 minimal=0.06628 physics=0.4925 total=0.133
[TRAIN train_climax_static_learned_weights_s42] [TRAIN] stage=finetune epoch=1/1 batch=2390/3000 step=5390 repair=0.1278 localization=0 type=0 minimal=0.06451 physics=0.4427 total=0.1506
[TRAIN train_climax_static_learned_weights_s42] [TRAIN] stage=finetune epoch=1/1 batch=2400/3000 step=5400 repair=0.1227 localization=0 type=0 minimal=0.06622 physics=0.4869 total=0.1477
[TRAIN train_climax_static_learned_weights_s42] [TRAIN] stage=finetune epoch=1/1 batch=2410/3000 step=5410 repair=0.1226 localization=0 type=0 minimal=0.06052 physics=0.5932 total=0.1529
[TRAIN train_climax_static_learned_weights_s42] [TRAIN] stage=finetune epoch=1/1 batch=2420/3000 step=5420 repair=0.159 localization=0 type=0 minimal=0.06061 physics=0.5003 total=0.1846
[TRAIN train_climax_static_learned_weights_s42] [TRAIN] stage=finetune epoch=1/1 batch=2430/3000 step=5430 repair=0.1375 localization=0 type=0 minimal=0.05399 physics=0.7557 total=0.1758
[TRAIN train_climax_static_learned_weights_s42] [TRAIN] stage=finetune epoch=1/1 batch=2440/3000 step=5440 repair=0.07514 localization=0 type=0 minimal=0.05969 physics=0.502 total=0.1008
[TRAIN train_climax_static_learned_weights_s42] [TRAIN] stage=finetune epoch=1/1 batch=2450/3000 step=5450 repair=0.1202 localization=0 type=0 minimal=0.05832 physics=0.5467 total=0.1481
[TRAIN train_climax_static_learned_weights_s42] [TRAIN] stage=finetune epoch=1/1 batch=2460/3000 step=5460 repair=0.1166 localization=0 type=0 minimal=0.06641 physics=0.4703 total=0.1408
[TRAIN train_climax_static_learned_weights_s42] [TRAIN] stage=finetune epoch=1/1 batch=2470/3000 step=5470 repair=0.1041 localization=0 type=0 minimal=0.05975 physics=0.5502 total=0.1322
[TRAIN train_climax_static_learned_weights_s42] [TRAIN] stage=finetune epoch=1/1 batch=2480/3000 step=5480 repair=0.08773 localization=0 type=0 minimal=0.07104 physics=0.6019 total=0.1185
[TRAIN train_climax_static_learned_weights_s42] [TRAIN] stage=finetune epoch=1/1 batch=2490/3000 step=5490 repair=0.1272 localization=0 type=0 minimal=0.0658 physics=0.4247 total=0.1491
[TRAIN train_climax_static_learned_weights_s42] [TRAIN] stage=finetune epoch=1/1 batch=2500/3000 step=5500 repair=0.07585 localization=0 type=0 minimal=0.06818 physics=0.4606 total=0.09957
[TRAIN train_climax_static_learned_weights_s42] [TRAIN] stage=finetune epoch=1/1 batch=2510/3000 step=5510 repair=0.08294 localization=0 type=0 minimal=0.06204 physics=0.5073 total=0.1089
[TRAIN train_climax_static_learned_weights_s42] [TRAIN] stage=finetune epoch=1/1 batch=2520/3000 step=5520 repair=0.1116 localization=0 type=0 minimal=0.06561 physics=0.6374 total=0.1441
[TRAIN train_climax_static_learned_weights_s42] [TRAIN] stage=finetune epoch=1/1 batch=2530/3000 step=5530 repair=0.06325 localization=0 type=0 minimal=0.06989 physics=0.4576 total=0.08683
[TRAIN train_climax_static_learned_weights_s42] [TRAIN] stage=finetune epoch=1/1 batch=2540/3000 step=5540 repair=0.08391 localization=0 type=0 minimal=0.06537 physics=0.4468 total=0.1069
[TRAIN train_climax_static_learned_weights_s42] [TRAIN] stage=finetune epoch=1/1 batch=2550/3000 step=5550 repair=0.0764 localization=0 type=0 minimal=0.06635 physics=0.4121 total=0.09767
[TRAIN train_climax_static_learned_weights_s42] [TRAIN] stage=finetune epoch=1/1 batch=2560/3000 step=5560 repair=0.06603 localization=0 type=0 minimal=0.07678 physics=0.4087 total=0.08723
[TRAIN train_climax_static_learned_weights_s42] [TRAIN] stage=finetune epoch=1/1 batch=2570/3000 step=5570 repair=0.07017 localization=0 type=0 minimal=0.06683 physics=0.4593 total=0.09381
[TRAIN train_climax_static_learned_weights_s42] [TRAIN] stage=finetune epoch=1/1 batch=2580/3000 step=5580 repair=0.08147 localization=0 type=0 minimal=0.07318 physics=0.4624 total=0.1053
[TRAIN train_climax_static_learned_weights_s42] [TRAIN] stage=finetune epoch=1/1 batch=2590/3000 step=5590 repair=0.1229 localization=0 type=0 minimal=0.06198 physics=0.455 total=0.1463
[TRAIN train_climax_static_learned_weights_s42] [TRAIN] stage=finetune epoch=1/1 batch=2600/3000 step=5600 repair=0.1252 localization=0 type=0 minimal=0.06168 physics=0.5279 total=0.1522
[TRAIN train_climax_static_learned_weights_s42] [TRAIN] stage=finetune epoch=1/1 batch=2610/3000 step=5610 repair=0.07763 localization=0 type=0 minimal=0.07074 physics=0.5343 total=0.1051
[TRAIN train_climax_static_learned_weights_s42] [TRAIN] stage=finetune epoch=1/1 batch=2620/3000 step=5620 repair=0.1154 localization=0 type=0 minimal=0.06586 physics=0.4555 total=0.1388
[TRAIN train_climax_static_learned_weights_s42] [TRAIN] stage=finetune epoch=1/1 batch=2630/3000 step=5630 repair=0.1176 localization=0 type=0 minimal=0.0639 physics=0.4229 total=0.1394
[TRAIN train_climax_static_learned_weights_s42] [TRAIN] stage=finetune epoch=1/1 batch=2640/3000 step=5640 repair=0.1152 localization=0 type=0 minimal=0.06879 physics=0.4681 total=0.1393
[TRAIN train_climax_static_learned_weights_s42] [TRAIN] stage=finetune epoch=1/1 batch=2650/3000 step=5650 repair=0.1421 localization=0 type=0 minimal=0.05899 physics=0.4805 total=0.1667
[TRAIN train_climax_static_learned_weights_s42] [TRAIN] stage=finetune epoch=1/1 batch=2660/3000 step=5660 repair=0.1194 localization=0 type=0 minimal=0.06061 physics=0.5084 total=0.1455
[TRAIN train_climax_static_learned_weights_s42] [TRAIN] stage=finetune epoch=1/1 batch=2670/3000 step=5670 repair=0.1209 localization=0 type=0 minimal=0.06793 physics=0.4259 total=0.1429
[TRAIN train_climax_static_learned_weights_s42] [TRAIN] stage=finetune epoch=1/1 batch=2680/3000 step=5680 repair=0.1294 localization=0 type=0 minimal=0.06274 physics=0.4662 total=0.1534
[TRAIN train_climax_static_learned_weights_s42] [TRAIN] stage=finetune epoch=1/1 batch=2690/3000 step=5690 repair=0.07017 localization=0 type=0 minimal=0.07318 physics=0.4789 total=0.09485
[TRAIN train_climax_static_learned_weights_s42] [TRAIN] stage=finetune epoch=1/1 batch=2700/3000 step=5700 repair=0.1239 localization=0 type=0 minimal=0.06293 physics=0.4605 total=0.1475
[TRAIN train_climax_static_learned_weights_s42] [TRAIN] stage=finetune epoch=1/1 batch=2710/3000 step=5710 repair=0.1554 localization=0 type=0 minimal=0.05316 physics=0.5104 total=0.1815
[TRAIN train_climax_static_learned_weights_s42] [TRAIN] stage=finetune epoch=1/1 batch=2720/3000 step=5720 repair=0.115 localization=0 type=0 minimal=0.06879 physics=0.4281 total=0.1371
[TRAIN train_climax_static_learned_weights_s42] [TRAIN] stage=finetune epoch=1/1 batch=2730/3000 step=5730 repair=0.09138 localization=0 type=0 minimal=0.06696 physics=0.468 total=0.1154
[TRAIN train_climax_static_learned_weights_s42] [TRAIN] stage=finetune epoch=1/1 batch=2740/3000 step=5740 repair=0.1754 localization=0 type=0 minimal=0.06274 physics=0.4471 total=0.1983
[TRAIN train_climax_static_learned_weights_s42] [TRAIN] stage=finetune epoch=1/1 batch=2750/3000 step=5750 repair=0.07468 localization=0 type=0 minimal=0.07251 physics=0.3799 total=0.0944
[TRAIN train_climax_static_learned_weights_s42] [TRAIN] stage=finetune epoch=1/1 batch=2760/3000 step=5760 repair=0.1617 localization=0 type=0 minimal=0.05795 physics=0.435 total=0.184
[TRAIN train_climax_static_learned_weights_s42] [TRAIN] stage=finetune epoch=1/1 batch=2770/3000 step=5770 repair=0.1159 localization=0 type=0 minimal=0.06836 physics=0.398 total=0.1365
[TRAIN train_climax_static_learned_weights_s42] [TRAIN] stage=finetune epoch=1/1 batch=2780/3000 step=5780 repair=0.0903 localization=0 type=0 minimal=0.0722 physics=0.541 total=0.1181
[TRAIN train_climax_static_learned_weights_s42] [TRAIN] stage=finetune epoch=1/1 batch=2790/3000 step=5790 repair=0.1203 localization=0 type=0 minimal=0.0708 physics=0.4996 total=0.146
[TRAIN train_climax_static_learned_weights_s42] [TRAIN] stage=finetune epoch=1/1 batch=2800/3000 step=5800 repair=0.152 localization=0 type=0 minimal=0.06168 physics=0.4429 total=0.1747
[TRAIN train_climax_static_learned_weights_s42] [TRAIN] stage=finetune epoch=1/1 batch=2810/3000 step=5810 repair=0.07974 localization=0 type=0 minimal=0.06549 physics=0.4095 total=0.1009
[TRAIN train_climax_static_learned_weights_s42] [TRAIN] stage=finetune epoch=1/1 batch=2820/3000 step=5820 repair=0.06527 localization=0 type=0 minimal=0.07727 physics=0.4247 total=0.08728
[TRAIN train_climax_static_learned_weights_s42] [TRAIN] stage=finetune epoch=1/1 batch=2830/3000 step=5830 repair=0.1538 localization=0 type=0 minimal=0.05487 physics=0.584 total=0.1835
[TRAIN train_climax_static_learned_weights_s42] [TRAIN] stage=finetune epoch=1/1 batch=2840/3000 step=5840 repair=0.1314 localization=0 type=0 minimal=0.07092 physics=0.5873 total=0.1615
[TRAIN train_climax_static_learned_weights_s42] [TRAIN] stage=finetune epoch=1/1 batch=2850/3000 step=5850 repair=0.1314 localization=0 type=0 minimal=0.06384 physics=0.4581 total=0.155
[TRAIN train_climax_static_learned_weights_s42] [TRAIN] stage=finetune epoch=1/1 batch=2860/3000 step=5860 repair=0.1216 localization=0 type=0 minimal=0.06934 physics=0.6412 total=0.1543
[TRAIN train_climax_static_learned_weights_s42] [TRAIN] stage=finetune epoch=1/1 batch=2870/3000 step=5870 repair=0.1018 localization=0 type=0 minimal=0.06702 physics=0.7151 total=0.1382
[TRAIN train_climax_static_learned_weights_s42] [TRAIN] stage=finetune epoch=1/1 batch=2880/3000 step=5880 repair=0.1035 localization=0 type=0 minimal=0.06525 physics=0.4176 total=0.125
[TRAIN train_climax_static_learned_weights_s42] [TRAIN] stage=finetune epoch=1/1 batch=2890/3000 step=5890 repair=0.08388 localization=0 type=0 minimal=0.08124 physics=0.4439 total=0.1069
[TRAIN train_climax_static_learned_weights_s42] [TRAIN] stage=finetune epoch=1/1 batch=2900/3000 step=5900 repair=0.121 localization=0 type=0 minimal=0.06046 physics=0.4749 total=0.1454
[TRAIN train_climax_static_learned_weights_s42] [TRAIN] stage=finetune epoch=1/1 batch=2910/3000 step=5910 repair=0.1265 localization=0 type=0 minimal=0.06458 physics=0.4926 total=0.1518
[TRAIN train_climax_static_learned_weights_s42] [TRAIN] stage=finetune epoch=1/1 batch=2920/3000 step=5920 repair=0.1743 localization=0 type=0 minimal=0.06262 physics=0.4703 total=0.1984
[TRAIN train_climax_static_learned_weights_s42] [TRAIN] stage=finetune epoch=1/1 batch=2930/3000 step=5930 repair=0.1191 localization=0 type=0 minimal=0.06427 physics=0.4567 total=0.1426
[TRAIN train_climax_static_learned_weights_s42] [TRAIN] stage=finetune epoch=1/1 batch=2940/3000 step=5940 repair=0.1062 localization=0 type=0 minimal=0.06769 physics=0.4615 total=0.1299
[TRAIN train_climax_static_learned_weights_s42] [TRAIN] stage=finetune epoch=1/1 batch=2950/3000 step=5950 repair=0.1665 localization=0 type=0 minimal=0.06213 physics=0.4201 total=0.1881
[TRAIN train_climax_static_learned_weights_s42] [TRAIN] stage=finetune epoch=1/1 batch=2960/3000 step=5960 repair=0.1253 localization=0 type=0 minimal=0.06732 physics=0.4384 total=0.1479
[TRAIN train_climax_static_learned_weights_s42] [TRAIN] stage=finetune epoch=1/1 batch=2970/3000 step=5970 repair=0.1532 localization=0 type=0 minimal=0.05545 physics=0.4505 total=0.1763
[TRAIN train_climax_static_learned_weights_s42] [TRAIN] stage=finetune epoch=1/1 batch=2980/3000 step=5980 repair=0.07811 localization=0 type=0 minimal=0.0733 physics=0.3873 total=0.0982
[TRAIN train_climax_static_learned_weights_s42] [TRAIN] stage=finetune epoch=1/1 batch=2990/3000 step=5990 repair=0.1271 localization=0 type=0 minimal=0.06439 physics=0.5174 total=0.1536
[TRAIN train_climax_static_learned_weights_s42] [TRAIN] stage=finetune epoch=1/1 batch=3000/3000 step=6000 repair=0.1154 localization=0 type=0 minimal=0.0675 physics=0.4287 total=0.1375
[TRAIN train_climax_static_learned_weights_s42] [EPOCH] {'stage': 'finetune', 'epoch': 0, 'global_step': 6000, 'train_total': 0.18389639800786972, 'val_repair_mse': 0.11567551060579717, 'elapsed_seconds': 3675.68}
[TRAIN train_climax_static_learned_weights_s42] [BEST] val_repair_mse=0.115676
[TRAIN train_climax_static_learned_weights_s42] [TRAIN COMPLETE] {
[TRAIN train_climax_static_learned_weights_s42]   "run_id": "prelim20_train_climax_static_learned_weights_s42",
[TRAIN train_climax_static_learned_weights_s42]   "status": "completed",
[TRAIN train_climax_static_learned_weights_s42]   "method": "static_learned_weights",
[TRAIN train_climax_static_learned_weights_s42]   "backbone": "climax",
[TRAIN train_climax_static_learned_weights_s42]   "seed": 42,
[TRAIN train_climax_static_learned_weights_s42]   "forecast_provider": "zarr_frozen_fm",
[TRAIN train_climax_static_learned_weights_s42]   "best_val_repair_mse": 0.11567551060579717,
[TRAIN train_climax_static_learned_weights_s42]   "global_step": 6000,
[TRAIN train_climax_static_learned_weights_s42]   "elapsed_seconds": 3675.81,
[TRAIN train_climax_static_learned_weights_s42]   "checkpoint_best": "/home/tahiti/ConserveFM/runs/prelim20_train/train_climax_static_learned_weights_s42/checkpoint_best.pt",
[TRAIN train_climax_static_learned_weights_s42]   "checkpoint_last": "/home/tahiti/ConserveFM/runs/prelim20_train/train_climax_static_learned_weights_s42/checkpoint_last.pt"
[TRAIN train_climax_static_learned_weights_s42] }
