[TRAIN train_prithvi_wxc_conservefm_full_s42] [SETUP] device=cuda
[TRAIN train_prithvi_wxc_conservefm_full_s42] [SETUP] run_id=prelim20_train_prithvi_wxc_conservefm_full_s42 method=conservefm_full backbone=prithvi_wxc
[TRAIN train_prithvi_wxc_conservefm_full_s42] [FORECAST] using frozen forecast cache: /home/tahiti/ConserveFM/forecasts/prithvi_wxc.zarr
[TRAIN train_prithvi_wxc_conservefm_full_s42] [STAGE] pretrain epochs=1 start_epoch=0
[TRAIN train_prithvi_wxc_conservefm_full_s42] [TRAIN] stage=pretrain epoch=1/1 batch=10/3000 step=10 repair=0.02954 localization=0.4666 type=3.138 minimal=0.1322 physics=1.536 total=0.7017
[TRAIN train_prithvi_wxc_conservefm_full_s42] [TRAIN] stage=pretrain epoch=1/1 batch=20/3000 step=20 repair=0.01985 localization=0.3431 type=1.812 minimal=0.1051 physics=1.181 total=0.4406
[TRAIN train_prithvi_wxc_conservefm_full_s42] [TRAIN] stage=pretrain epoch=1/1 batch=30/3000 step=30 repair=0.01298 localization=0.3692 type=1.443 minimal=0.08545 physics=1.331 total=0.3929
[TRAIN train_prithvi_wxc_conservefm_full_s42] [TRAIN] stage=pretrain epoch=1/1 batch=40/3000 step=40 repair=0.02356 localization=0.3494 type=1.542 minimal=0.07166 physics=1.207 total=0.3843
[TRAIN train_prithvi_wxc_conservefm_full_s42] [TRAIN] stage=pretrain epoch=1/1 batch=50/3000 step=50 repair=0.006855 localization=0.3624 type=2.487 minimal=0.05682 physics=0.9616 total=0.5619
[TRAIN train_prithvi_wxc_conservefm_full_s42] [TRAIN] stage=pretrain epoch=1/1 batch=60/3000 step=60 repair=0.004245 localization=0.2478 type=2.292 minimal=0.04376 physics=0.5307 total=0.4455
[TRAIN train_prithvi_wxc_conservefm_full_s42] [TRAIN] stage=pretrain epoch=1/1 batch=70/3000 step=70 repair=0.00766 localization=0.2729 type=1.144 minimal=0.0376 physics=1.469 total=0.2232
[TRAIN train_prithvi_wxc_conservefm_full_s42] [TRAIN] stage=pretrain epoch=1/1 batch=80/3000 step=80 repair=0.006524 localization=0.2742 type=2.558 minimal=0.03714 physics=0.3723 total=0.4686
[TRAIN train_prithvi_wxc_conservefm_full_s42] [TRAIN] stage=pretrain epoch=1/1 batch=90/3000 step=90 repair=0.005632 localization=0.3434 type=1.056 minimal=0.04199 physics=0.7518 total=0.1836
[TRAIN train_prithvi_wxc_conservefm_full_s42] [TRAIN] stage=pretrain epoch=1/1 batch=100/3000 step=100 repair=0.006688 localization=0.258 type=1.887 minimal=0.04776 physics=0.7001 total=0.2567
[TRAIN train_prithvi_wxc_conservefm_full_s42] [TRAIN] stage=pretrain epoch=1/1 batch=110/3000 step=110 repair=0.007608 localization=0.2269 type=0.9827 minimal=0.0405 physics=0.2701 total=0.2354
[TRAIN train_prithvi_wxc_conservefm_full_s42] [TRAIN] stage=pretrain epoch=1/1 batch=120/3000 step=120 repair=0.006348 localization=0.2878 type=1.978 minimal=0.03738 physics=0.4354 total=0.4495
[TRAIN train_prithvi_wxc_conservefm_full_s42] [TRAIN] stage=pretrain epoch=1/1 batch=130/3000 step=130 repair=0.003343 localization=0.2774 type=1.9 minimal=0.03102 physics=0.2596 total=0.3888
[TRAIN train_prithvi_wxc_conservefm_full_s42] [TRAIN] stage=pretrain epoch=1/1 batch=140/3000 step=140 repair=0.01442 localization=0.2142 type=3.212 minimal=0.03668 physics=0.2366 total=0.6535
[TRAIN train_prithvi_wxc_conservefm_full_s42] [TRAIN] stage=pretrain epoch=1/1 batch=150/3000 step=150 repair=0.005609 localization=0.2984 type=1.321 minimal=0.04083 physics=0.459 total=0.1909
[TRAIN train_prithvi_wxc_conservefm_full_s42] [TRAIN] stage=pretrain epoch=1/1 batch=160/3000 step=160 repair=0.005806 localization=0.2973 type=0.8298 minimal=0.03625 physics=0.9578 total=0.1668
[TRAIN train_prithvi_wxc_conservefm_full_s42] [TRAIN] stage=pretrain epoch=1/1 batch=170/3000 step=170 repair=0.003459 localization=0.3251 type=1.341 minimal=0.03117 physics=0.2533 total=0.2725
[TRAIN train_prithvi_wxc_conservefm_full_s42] [TRAIN] stage=pretrain epoch=1/1 batch=180/3000 step=180 repair=0.003469 localization=0.2705 type=2.833 minimal=0.03075 physics=0.2493 total=0.5607
[TRAIN train_prithvi_wxc_conservefm_full_s42] [TRAIN] stage=pretrain epoch=1/1 batch=190/3000 step=190 repair=0.005777 localization=0.2831 type=1.686 minimal=0.03026 physics=0.3029 total=0.359
[TRAIN train_prithvi_wxc_conservefm_full_s42] [TRAIN] stage=pretrain epoch=1/1 batch=200/3000 step=200 repair=0.01053 localization=0.3034 type=1.987 minimal=0.03534 physics=0.3319 total=0.4336
[TRAIN train_prithvi_wxc_conservefm_full_s42] [TRAIN] stage=pretrain epoch=1/1 batch=210/3000 step=210 repair=0.004177 localization=0.3362 type=1.42 minimal=0.03143 physics=0.568 total=0.3229
[TRAIN train_prithvi_wxc_conservefm_full_s42] [TRAIN] stage=pretrain epoch=1/1 batch=220/3000 step=220 repair=0.004805 localization=0.2917 type=1.929 minimal=0.03134 physics=0.2904 total=0.385
[TRAIN train_prithvi_wxc_conservefm_full_s42] [TRAIN] stage=pretrain epoch=1/1 batch=230/3000 step=230 repair=0.0043 localization=0.2875 type=2.538 minimal=0.02899 physics=0.4741 total=0.4948
[TRAIN train_prithvi_wxc_conservefm_full_s42] [TRAIN] stage=pretrain epoch=1/1 batch=240/3000 step=240 repair=0.003136 localization=0.2729 type=1.596 minimal=0.02774 physics=0.2534 total=0.3233
[TRAIN train_prithvi_wxc_conservefm_full_s42] [TRAIN] stage=pretrain epoch=1/1 batch=250/3000 step=250 repair=0.003205 localization=0.2665 type=1.401 minimal=0.02939 physics=0.2691 total=0.2958
[TRAIN train_prithvi_wxc_conservefm_full_s42] [TRAIN] stage=pretrain epoch=1/1 batch=260/3000 step=260 repair=0.002883 localization=0.217 type=1.77 minimal=0.02695 physics=0.3714 total=0.2204
[TRAIN train_prithvi_wxc_conservefm_full_s42] [TRAIN] stage=pretrain epoch=1/1 batch=270/3000 step=270 repair=0.002996 localization=0.2246 type=1.705 minimal=0.02452 physics=0.4636 total=0.2194
[TRAIN train_prithvi_wxc_conservefm_full_s42] [TRAIN] stage=pretrain epoch=1/1 batch=280/3000 step=280 repair=0.004517 localization=0.247 type=2.026 minimal=0.02591 physics=0.1956 total=0.4263
[TRAIN train_prithvi_wxc_conservefm_full_s42] [TRAIN] stage=pretrain epoch=1/1 batch=290/3000 step=290 repair=0.002198 localization=0.3473 type=1.042 minimal=0.02292 physics=0.1911 total=0.238
[TRAIN train_prithvi_wxc_conservefm_full_s42] [TRAIN] stage=pretrain epoch=1/1 batch=300/3000 step=300 repair=0.00241 localization=0.3074 type=2.004 minimal=0.02444 physics=0.3782 total=0.4309
[TRAIN train_prithvi_wxc_conservefm_full_s42] [TRAIN] stage=pretrain epoch=1/1 batch=310/3000 step=310 repair=0.008514 localization=0.2626 type=2.001 minimal=0.02769 physics=0.3211 total=0.4187
[TRAIN train_prithvi_wxc_conservefm_full_s42] [TRAIN] stage=pretrain epoch=1/1 batch=320/3000 step=320 repair=0.004886 localization=0.2538 type=1.617 minimal=0.0235 physics=0.1249 total=0.3421
[TRAIN train_prithvi_wxc_conservefm_full_s42] [TRAIN] stage=pretrain epoch=1/1 batch=330/3000 step=330 repair=0.002393 localization=0.3205 type=1.555 minimal=0.02368 physics=0.107 total=0.336
[TRAIN train_prithvi_wxc_conservefm_full_s42] [TRAIN] stage=pretrain epoch=1/1 batch=340/3000 step=340 repair=0.003085 localization=0.1862 type=1.636 minimal=0.02232 physics=0.1993 total=0.3335
[TRAIN train_prithvi_wxc_conservefm_full_s42] [TRAIN] stage=pretrain epoch=1/1 batch=350/3000 step=350 repair=0.003658 localization=0.2685 type=1.338 minimal=0.02461 physics=0.1844 total=0.2911
[TRAIN train_prithvi_wxc_conservefm_full_s42] [TRAIN] stage=pretrain epoch=1/1 batch=360/3000 step=360 repair=0.00364 localization=0.2696 type=1.193 minimal=0.02322 physics=0.1428 total=0.2504
[TRAIN train_prithvi_wxc_conservefm_full_s42] [TRAIN] stage=pretrain epoch=1/1 batch=370/3000 step=370 repair=0.005396 localization=0.2275 type=1.416 minimal=0.02345 physics=0.1212 total=0.2956
[TRAIN train_prithvi_wxc_conservefm_full_s42] [TRAIN] stage=pretrain epoch=1/1 batch=380/3000 step=380 repair=0.002921 localization=0.2387 type=1.503 minimal=0.02466 physics=0.1755 total=0.3062
[TRAIN train_prithvi_wxc_conservefm_full_s42] [TRAIN] stage=pretrain epoch=1/1 batch=390/3000 step=390 repair=0.004154 localization=0.2611 type=1.111 minimal=0.0242 physics=0.1586 total=0.2518
[TRAIN train_prithvi_wxc_conservefm_full_s42] [TRAIN] stage=pretrain epoch=1/1 batch=400/3000 step=400 repair=0.003164 localization=0.257 type=1.709 minimal=0.02415 physics=0.4829 total=0.3886
[TRAIN train_prithvi_wxc_conservefm_full_s42] [TRAIN] stage=pretrain epoch=1/1 batch=410/3000 step=410 repair=0.01806 localization=0.2754 type=1.587 minimal=0.03134 physics=0.2262 total=0.3112
[TRAIN train_prithvi_wxc_conservefm_full_s42] [TRAIN] stage=pretrain epoch=1/1 batch=420/3000 step=420 repair=0.006814 localization=0.2633 type=1.941 minimal=0.02612 physics=0.09747 total=0.3122
[TRAIN train_prithvi_wxc_conservefm_full_s42] [TRAIN] stage=pretrain epoch=1/1 batch=430/3000 step=430 repair=0.006725 localization=0.3493 type=0.9346 minimal=0.02924 physics=0.7293 total=0.1719
[TRAIN train_prithvi_wxc_conservefm_full_s42] [TRAIN] stage=pretrain epoch=1/1 batch=440/3000 step=440 repair=0.003176 localization=0.3126 type=2.105 minimal=0.02612 physics=0.2467 total=0.4254
[TRAIN train_prithvi_wxc_conservefm_full_s42] [TRAIN] stage=pretrain epoch=1/1 batch=450/3000 step=450 repair=0.01609 localization=0.2171 type=1.098 minimal=0.02623 physics=1.209 total=0.2083
[TRAIN train_prithvi_wxc_conservefm_full_s42] [TRAIN] stage=pretrain epoch=1/1 batch=460/3000 step=460 repair=0.002986 localization=0.2553 type=0.9912 minimal=0.02495 physics=0.4808 total=0.1519
[TRAIN train_prithvi_wxc_conservefm_full_s42] [TRAIN] stage=pretrain epoch=1/1 batch=470/3000 step=470 repair=0.006634 localization=0.353 type=1.124 minimal=0.03094 physics=1.01 total=0.2051
[TRAIN train_prithvi_wxc_conservefm_full_s42] [TRAIN] stage=pretrain epoch=1/1 batch=480/3000 step=480 repair=0.003841 localization=0.2343 type=2.94 minimal=0.0242 physics=0.2758 total=0.5888
[TRAIN train_prithvi_wxc_conservefm_full_s42] [TRAIN] stage=pretrain epoch=1/1 batch=490/3000 step=490 repair=0.002612 localization=0.4037 type=1.961 minimal=0.02582 physics=0.229 total=0.4179
[TRAIN train_prithvi_wxc_conservefm_full_s42] [TRAIN] stage=pretrain epoch=1/1 batch=500/3000 step=500 repair=0.004145 localization=0.2229 type=1.456 minimal=0.02638 physics=0.7088 total=0.2077
[TRAIN train_prithvi_wxc_conservefm_full_s42] [TRAIN] stage=pretrain epoch=1/1 batch=510/3000 step=510 repair=0.002974 localization=0.3051 type=2.502 minimal=0.02292 physics=0.127 total=0.4926
[TRAIN train_prithvi_wxc_conservefm_full_s42] [TRAIN] stage=pretrain epoch=1/1 batch=520/3000 step=520 repair=0.002554 localization=0.2366 type=1.055 minimal=0.02843 physics=0.3433 total=0.1492
[TRAIN train_prithvi_wxc_conservefm_full_s42] [TRAIN] stage=pretrain epoch=1/1 batch=530/3000 step=530 repair=0.006265 localization=0.3805 type=1.788 minimal=0.02965 physics=0.5084 total=0.3701
[TRAIN train_prithvi_wxc_conservefm_full_s42] [TRAIN] stage=pretrain epoch=1/1 batch=540/3000 step=540 repair=0.003197 localization=0.2763 type=1.101 minimal=0.02669 physics=0.2907 total=0.1557
[TRAIN train_prithvi_wxc_conservefm_full_s42] [TRAIN] stage=pretrain epoch=1/1 batch=550/3000 step=550 repair=0.002998 localization=0.2878 type=2.118 minimal=0.02267 physics=0.1002 total=0.4066
[TRAIN train_prithvi_wxc_conservefm_full_s42] [TRAIN] stage=pretrain epoch=1/1 batch=560/3000 step=560 repair=0.002685 localization=0.3697 type=1.793 minimal=0.02428 physics=0.2303 total=0.3581
[TRAIN train_prithvi_wxc_conservefm_full_s42] [TRAIN] stage=pretrain epoch=1/1 batch=570/3000 step=570 repair=0.006311 localization=0.2202 type=2.019 minimal=0.02502 physics=0.3195 total=0.3964
[TRAIN train_prithvi_wxc_conservefm_full_s42] [TRAIN] stage=pretrain epoch=1/1 batch=580/3000 step=580 repair=0.003083 localization=0.3529 type=1.827 minimal=0.02261 physics=0.2632 total=0.3564
[TRAIN train_prithvi_wxc_conservefm_full_s42] [TRAIN] stage=pretrain epoch=1/1 batch=590/3000 step=590 repair=0.02692 localization=0.3229 type=0.8713 minimal=0.02634 physics=2.144 total=0.2538
[TRAIN train_prithvi_wxc_conservefm_full_s42] [TRAIN] stage=pretrain epoch=1/1 batch=600/3000 step=600 repair=0.002352 localization=0.2736 type=1.593 minimal=0.02231 physics=0.1385 total=0.2669
[TRAIN train_prithvi_wxc_conservefm_full_s42] [TRAIN] stage=pretrain epoch=1/1 batch=610/3000 step=610 repair=0.005731 localization=0.1824 type=2.06 minimal=0.02332 physics=0.1383 total=0.3996
[TRAIN train_prithvi_wxc_conservefm_full_s42] [TRAIN] stage=pretrain epoch=1/1 batch=620/3000 step=620 repair=0.004221 localization=0.2982 type=1.384 minimal=0.02834 physics=0.8608 total=0.2158
[TRAIN train_prithvi_wxc_conservefm_full_s42] [TRAIN] stage=pretrain epoch=1/1 batch=630/3000 step=630 repair=0.002957 localization=0.2774 type=2.41 minimal=0.02518 physics=0.1294 total=0.4817
[TRAIN train_prithvi_wxc_conservefm_full_s42] [TRAIN] stage=pretrain epoch=1/1 batch=640/3000 step=640 repair=0.009593 localization=0.3881 type=1.835 minimal=0.02698 physics=0.1776 total=0.375
[TRAIN train_prithvi_wxc_conservefm_full_s42] [TRAIN] stage=pretrain epoch=1/1 batch=650/3000 step=650 repair=0.003466 localization=0.3692 type=1.634 minimal=0.0244 physics=0.1931 total=0.3485
[TRAIN train_prithvi_wxc_conservefm_full_s42] [TRAIN] stage=pretrain epoch=1/1 batch=660/3000 step=660 repair=0.008132 localization=0.1084 type=1.533 minimal=0.03076 physics=0.2699 total=0.3069
[TRAIN train_prithvi_wxc_conservefm_full_s42] [TRAIN] stage=pretrain epoch=1/1 batch=670/3000 step=670 repair=0.004843 localization=0.1916 type=0.9951 minimal=0.03455 physics=0.2706 total=0.2156
[TRAIN train_prithvi_wxc_conservefm_full_s42] [TRAIN] stage=pretrain epoch=1/1 batch=680/3000 step=680 repair=0.002781 localization=0.3542 type=1.978 minimal=0.02325 physics=0.08893 total=0.4147
[TRAIN train_prithvi_wxc_conservefm_full_s42] [TRAIN] stage=pretrain epoch=1/1 batch=690/3000 step=690 repair=0.003817 localization=0.2434 type=1.722 minimal=0.02356 physics=0.09994 total=0.3674
[TRAIN train_prithvi_wxc_conservefm_full_s42] [TRAIN] stage=pretrain epoch=1/1 batch=700/3000 step=700 repair=0.002464 localization=0.3459 type=1.995 minimal=0.02371 physics=0.1413 total=0.403
[TRAIN train_prithvi_wxc_conservefm_full_s42] [TRAIN] stage=pretrain epoch=1/1 batch=710/3000 step=710 repair=0.00839 localization=0.257 type=1.801 minimal=0.02515 physics=1.159 total=0.2724
[TRAIN train_prithvi_wxc_conservefm_full_s42] [TRAIN] stage=pretrain epoch=1/1 batch=720/3000 step=720 repair=0.02571 localization=0.3003 type=1.75 minimal=0.0266 physics=1.899 total=0.326
[TRAIN train_prithvi_wxc_conservefm_full_s42] [TRAIN] stage=pretrain epoch=1/1 batch=730/3000 step=730 repair=0.002742 localization=0.1857 type=1.674 minimal=0.02321 physics=0.2362 total=0.3394
[TRAIN train_prithvi_wxc_conservefm_full_s42] [TRAIN] stage=pretrain epoch=1/1 batch=740/3000 step=740 repair=0.003292 localization=0.2334 type=1.513 minimal=0.02219 physics=0.2269 total=0.3179
[TRAIN train_prithvi_wxc_conservefm_full_s42] [TRAIN] stage=pretrain epoch=1/1 batch=750/3000 step=750 repair=0.03551 localization=0.359 type=1.58 minimal=0.02296 physics=1.7 total=0.3146
[TRAIN train_prithvi_wxc_conservefm_full_s42] [TRAIN] stage=pretrain epoch=1/1 batch=760/3000 step=760 repair=0.003191 localization=0.2178 type=2.121 minimal=0.02271 physics=0.1586 total=0.429
[TRAIN train_prithvi_wxc_conservefm_full_s42] [TRAIN] stage=pretrain epoch=1/1 batch=770/3000 step=770 repair=0.00456 localization=0.3854 type=1.593 minimal=0.02095 physics=0.4444 total=0.368
[TRAIN train_prithvi_wxc_conservefm_full_s42] [TRAIN] stage=pretrain epoch=1/1 batch=780/3000 step=780 repair=0.002828 localization=0.4121 type=1.389 minimal=0.02251 physics=0.1768 total=0.3012
[TRAIN train_prithvi_wxc_conservefm_full_s42] [TRAIN] stage=pretrain epoch=1/1 batch=790/3000 step=790 repair=0.002179 localization=0.1975 type=1.323 minimal=0.01997 physics=0.2203 total=0.2524
[TRAIN train_prithvi_wxc_conservefm_full_s42] [TRAIN] stage=pretrain epoch=1/1 batch=800/3000 step=800 repair=0.00964 localization=0.385 type=0.7507 minimal=0.01889 physics=1.339 total=0.1903
[TRAIN train_prithvi_wxc_conservefm_full_s42] [TRAIN] stage=pretrain epoch=1/1 batch=810/3000 step=810 repair=0.002527 localization=0.2419 type=1.483 minimal=0.02089 physics=0.1643 total=0.2809
[TRAIN train_prithvi_wxc_conservefm_full_s42] [TRAIN] stage=pretrain epoch=1/1 batch=820/3000 step=820 repair=0.003899 localization=0.2825 type=1.544 minimal=0.02699 physics=0.3011 total=0.3174
[TRAIN train_prithvi_wxc_conservefm_full_s42] [TRAIN] stage=pretrain epoch=1/1 batch=830/3000 step=830 repair=0.002134 localization=0.3307 type=1.802 minimal=0.02147 physics=0.1113 total=0.3782
[TRAIN train_prithvi_wxc_conservefm_full_s42] [TRAIN] stage=pretrain epoch=1/1 batch=840/3000 step=840 repair=0.005432 localization=0.2429 type=1.759 minimal=0.0307 physics=0.2569 total=0.3704
[TRAIN train_prithvi_wxc_conservefm_full_s42] [TRAIN] stage=pretrain epoch=1/1 batch=850/3000 step=850 repair=0.002313 localization=0.2919 type=1.972 minimal=0.02412 physics=0.1314 total=0.4356
[TRAIN train_prithvi_wxc_conservefm_full_s42] [TRAIN] stage=pretrain epoch=1/1 batch=860/3000 step=860 repair=0.001774 localization=0.1939 type=1.931 minimal=0.02016 physics=0.1131 total=0.3933
[TRAIN train_prithvi_wxc_conservefm_full_s42] [TRAIN] stage=pretrain epoch=1/1 batch=870/3000 step=870 repair=0.003153 localization=0.2511 type=1.708 minimal=0.01985 physics=0.3762 total=0.218
[TRAIN train_prithvi_wxc_conservefm_full_s42] [TRAIN] stage=pretrain epoch=1/1 batch=880/3000 step=880 repair=0.003765 localization=0.2931 type=1.616 minimal=0.02231 physics=0.06702 total=0.3336
[TRAIN train_prithvi_wxc_conservefm_full_s42] [TRAIN] stage=pretrain epoch=1/1 batch=890/3000 step=890 repair=0.01233 localization=0.258 type=1.405 minimal=0.02055 physics=0.2595 total=0.3352
[TRAIN train_prithvi_wxc_conservefm_full_s42] [TRAIN] stage=pretrain epoch=1/1 batch=900/3000 step=900 repair=0.00284 localization=0.2313 type=1.558 minimal=0.01909 physics=0.7608 total=0.22
[TRAIN train_prithvi_wxc_conservefm_full_s42] [TRAIN] stage=pretrain epoch=1/1 batch=910/3000 step=910 repair=0.02288 localization=0.2381 type=1.087 minimal=0.02148 physics=1.636 total=0.2375
[TRAIN train_prithvi_wxc_conservefm_full_s42] [TRAIN] stage=pretrain epoch=1/1 batch=920/3000 step=920 repair=0.002354 localization=0.3429 type=0.7302 minimal=0.01814 physics=0.4718 total=0.1334
[TRAIN train_prithvi_wxc_conservefm_full_s42] [TRAIN] stage=pretrain epoch=1/1 batch=930/3000 step=930 repair=0.001254 localization=0.2732 type=1.557 minimal=0.01779 physics=0.08365 total=0.2412
[TRAIN train_prithvi_wxc_conservefm_full_s42] [TRAIN] stage=pretrain epoch=1/1 batch=940/3000 step=940 repair=0.01271 localization=0.3197 type=0.397 minimal=0.05511 physics=0.8496 total=0.1472
[TRAIN train_prithvi_wxc_conservefm_full_s42] [TRAIN] stage=pretrain epoch=1/1 batch=950/3000 step=950 repair=0.002309 localization=0.3392 type=2.215 minimal=0.01915 physics=0.08218 total=0.4212
[TRAIN train_prithvi_wxc_conservefm_full_s42] [TRAIN] stage=pretrain epoch=1/1 batch=960/3000 step=960 repair=0.006208 localization=0.4205 type=1.84 minimal=0.03497 physics=0.2625 total=0.4122
[TRAIN train_prithvi_wxc_conservefm_full_s42] [TRAIN] stage=pretrain epoch=1/1 batch=970/3000 step=970 repair=0.008355 localization=0.1965 type=0.3326 minimal=0.03809 physics=0.4984 total=0.1118
[TRAIN train_prithvi_wxc_conservefm_full_s42] [TRAIN] stage=pretrain epoch=1/1 batch=980/3000 step=980 repair=0.002507 localization=0.5453 type=2.479 minimal=0.02467 physics=0.2605 total=0.554
[TRAIN train_prithvi_wxc_conservefm_full_s42] [TRAIN] stage=pretrain epoch=1/1 batch=990/3000 step=990 repair=0.005345 localization=0.2709 type=0.9514 minimal=0.02142 physics=0.34 total=0.2111
[TRAIN train_prithvi_wxc_conservefm_full_s42] [TRAIN] stage=pretrain epoch=1/1 batch=1000/3000 step=1000 repair=0.003311 localization=0.3172 type=0.8853 minimal=0.02242 physics=0.2257 total=0.1927
[TRAIN train_prithvi_wxc_conservefm_full_s42] [TRAIN] stage=pretrain epoch=1/1 batch=1010/3000 step=1010 repair=0.002192 localization=0.2923 type=1.894 minimal=0.02153 physics=0.1177 total=0.3734
[TRAIN train_prithvi_wxc_conservefm_full_s42] [TRAIN] stage=pretrain epoch=1/1 batch=1020/3000 step=1020 repair=0.005581 localization=0.2321 type=1.662 minimal=0.02158 physics=1.099 total=0.2502
[TRAIN train_prithvi_wxc_conservefm_full_s42] [TRAIN] stage=pretrain epoch=1/1 batch=1030/3000 step=1030 repair=0.002396 localization=0.2698 type=1.794 minimal=0.01959 physics=0.1439 total=0.3712
[TRAIN train_prithvi_wxc_conservefm_full_s42] [TRAIN] stage=pretrain epoch=1/1 batch=1040/3000 step=1040 repair=0.01165 localization=0.1501 type=1.612 minimal=0.02808 physics=0.1978 total=0.3283
[TRAIN train_prithvi_wxc_conservefm_full_s42] [TRAIN] stage=pretrain epoch=1/1 batch=1050/3000 step=1050 repair=0.001953 localization=0.3762 type=1.569 minimal=0.02 physics=0.2493 total=0.3485
[TRAIN train_prithvi_wxc_conservefm_full_s42] [TRAIN] stage=pretrain epoch=1/1 batch=1060/3000 step=1060 repair=0.002685 localization=0.2532 type=1.542 minimal=0.0213 physics=0.158 total=0.3237
[TRAIN train_prithvi_wxc_conservefm_full_s42] [TRAIN] stage=pretrain epoch=1/1 batch=1070/3000 step=1070 repair=0.00237 localization=0.3902 type=1.807 minimal=0.02235 physics=0.09055 total=0.3882
[TRAIN train_prithvi_wxc_conservefm_full_s42] [TRAIN] stage=pretrain epoch=1/1 batch=1080/3000 step=1080 repair=0.01707 localization=0.294 type=1.776 minimal=0.02106 physics=0.8777 total=0.4234
[TRAIN train_prithvi_wxc_conservefm_full_s42] [TRAIN] stage=pretrain epoch=1/1 batch=1090/3000 step=1090 repair=0.01776 localization=0.2918 type=1.577 minimal=0.02089 physics=0.8471 total=0.3851
[TRAIN train_prithvi_wxc_conservefm_full_s42] [TRAIN] stage=pretrain epoch=1/1 batch=1100/3000 step=1100 repair=0.004966 localization=0.09312 type=1.302 minimal=0.03023 physics=0.529 total=0.2582
[TRAIN train_prithvi_wxc_conservefm_full_s42] [TRAIN] stage=pretrain epoch=1/1 batch=1110/3000 step=1110 repair=0.003491 localization=0.3229 type=1.473 minimal=0.02135 physics=0.1652 total=0.297
[TRAIN train_prithvi_wxc_conservefm_full_s42] [TRAIN] stage=pretrain epoch=1/1 batch=1120/3000 step=1120 repair=0.003244 localization=0.3483 type=1.787 minimal=0.01793 physics=0.08637 total=0.3714
[TRAIN train_prithvi_wxc_conservefm_full_s42] [TRAIN] stage=pretrain epoch=1/1 batch=1130/3000 step=1130 repair=0.004488 localization=0.251 type=1.719 minimal=0.02052 physics=0.07248 total=0.3425
[TRAIN train_prithvi_wxc_conservefm_full_s42] [TRAIN] stage=pretrain epoch=1/1 batch=1140/3000 step=1140 repair=0.002544 localization=0.3373 type=1.969 minimal=0.0208 physics=0.1587 total=0.4026
[TRAIN train_prithvi_wxc_conservefm_full_s42] [TRAIN] stage=pretrain epoch=1/1 batch=1150/3000 step=1150 repair=0.006239 localization=0.2642 type=1.428 minimal=0.02075 physics=0.1235 total=0.3207
[TRAIN train_prithvi_wxc_conservefm_full_s42] [TRAIN] stage=pretrain epoch=1/1 batch=1160/3000 step=1160 repair=0.002941 localization=0.1512 type=2.814 minimal=0.02034 physics=0.1113 total=0.5472
[TRAIN train_prithvi_wxc_conservefm_full_s42] [TRAIN] stage=pretrain epoch=1/1 batch=1170/3000 step=1170 repair=0.00235 localization=0.4155 type=1.492 minimal=0.01747 physics=0.0936 total=0.3124
[TRAIN train_prithvi_wxc_conservefm_full_s42] [TRAIN] stage=pretrain epoch=1/1 batch=1180/3000 step=1180 repair=0.02886 localization=0.356 type=0.6724 minimal=0.01825 physics=1.743 total=0.219
[TRAIN train_prithvi_wxc_conservefm_full_s42] [TRAIN] stage=pretrain epoch=1/1 batch=1190/3000 step=1190 repair=0.00723 localization=0.1449 type=1.157 minimal=0.03412 physics=0.262 total=0.2481
[TRAIN train_prithvi_wxc_conservefm_full_s42] [TRAIN] stage=pretrain epoch=1/1 batch=1200/3000 step=1200 repair=0.02259 localization=0.2707 type=0.7112 minimal=0.02492 physics=1.771 total=0.2096
[TRAIN train_prithvi_wxc_conservefm_full_s42] [TRAIN] stage=pretrain epoch=1/1 batch=1210/3000 step=1210 repair=0.003322 localization=0.3501 type=2.085 minimal=0.02365 physics=0.09211 total=0.4217
[TRAIN train_prithvi_wxc_conservefm_full_s42] [TRAIN] stage=pretrain epoch=1/1 batch=1220/3000 step=1220 repair=0.005818 localization=0.2527 type=1.22 minimal=0.02228 physics=0.1218 total=0.2822
[TRAIN train_prithvi_wxc_conservefm_full_s42] [TRAIN] stage=pretrain epoch=1/1 batch=1230/3000 step=1230 repair=0.002476 localization=0.214 type=1.304 minimal=0.02339 physics=0.09132 total=0.2472
[TRAIN train_prithvi_wxc_conservefm_full_s42] [TRAIN] stage=pretrain epoch=1/1 batch=1240/3000 step=1240 repair=0.005609 localization=0.2206 type=2.723 minimal=0.0239 physics=0.306 total=0.558
[TRAIN train_prithvi_wxc_conservefm_full_s42] [TRAIN] stage=pretrain epoch=1/1 batch=1250/3000 step=1250 repair=0.003697 localization=0.2292 type=2.201 minimal=0.02299 physics=0.2585 total=0.4736
[TRAIN train_prithvi_wxc_conservefm_full_s42] [TRAIN] stage=pretrain epoch=1/1 batch=1260/3000 step=1260 repair=0.01324 localization=0.3014 type=2.093 minimal=0.01825 physics=0.772 total=0.4702
[TRAIN train_prithvi_wxc_conservefm_full_s42] [TRAIN] stage=pretrain epoch=1/1 batch=1270/3000 step=1270 repair=0.003 localization=0.1949 type=1.306 minimal=0.01917 physics=0.1228 total=0.2495
[TRAIN train_prithvi_wxc_conservefm_full_s42] [TRAIN] stage=pretrain epoch=1/1 batch=1280/3000 step=1280 repair=0.03844 localization=0.3523 type=1.349 minimal=0.02252 physics=1.914 total=0.3045
[TRAIN train_prithvi_wxc_conservefm_full_s42] [TRAIN] stage=pretrain epoch=1/1 batch=1290/3000 step=1290 repair=0.002614 localization=0.3479 type=1.325 minimal=0.01826 physics=0.3345 total=0.1868
[TRAIN train_prithvi_wxc_conservefm_full_s42] [TRAIN] stage=pretrain epoch=1/1 batch=1300/3000 step=1300 repair=0.002367 localization=0.2414 type=1.586 minimal=0.0179 physics=0.1593 total=0.3258
[TRAIN train_prithvi_wxc_conservefm_full_s42] [TRAIN] stage=pretrain epoch=1/1 batch=1310/3000 step=1310 repair=0.002189 localization=0.2598 type=1.4 minimal=0.01924 physics=0.1251 total=0.2928
[TRAIN train_prithvi_wxc_conservefm_full_s42] [TRAIN] stage=pretrain epoch=1/1 batch=1320/3000 step=1320 repair=0.008801 localization=0.2752 type=1.647 minimal=0.01991 physics=1.301 total=0.2663
[TRAIN train_prithvi_wxc_conservefm_full_s42] [TRAIN] stage=pretrain epoch=1/1 batch=1330/3000 step=1330 repair=0.004215 localization=0.2855 type=1.63 minimal=0.01714 physics=0.1506 total=0.3249
[TRAIN train_prithvi_wxc_conservefm_full_s42] [TRAIN] stage=pretrain epoch=1/1 batch=1340/3000 step=1340 repair=0.009792 localization=0.3977 type=1.37 minimal=0.01917 physics=0.2213 total=0.2959
[TRAIN train_prithvi_wxc_conservefm_full_s42] [TRAIN] stage=pretrain epoch=1/1 batch=1350/3000 step=1350 repair=0.002853 localization=0.193 type=2.665 minimal=0.01871 physics=0.08344 total=0.5452
[TRAIN train_prithvi_wxc_conservefm_full_s42] [TRAIN] stage=pretrain epoch=1/1 batch=1360/3000 step=1360 repair=0.003864 localization=0.3088 type=1.393 minimal=0.02197 physics=0.3219 total=0.1904
[TRAIN train_prithvi_wxc_conservefm_full_s42] [TRAIN] stage=pretrain epoch=1/1 batch=1370/3000 step=1370 repair=0.003305 localization=0.3666 type=1.104 minimal=0.02057 physics=0.2923 total=0.1651
[TRAIN train_prithvi_wxc_conservefm_full_s42] [TRAIN] stage=pretrain epoch=1/1 batch=1380/3000 step=1380 repair=0.01706 localization=0.214 type=0.614 minimal=0.01888 physics=1.05 total=0.1526
[TRAIN train_prithvi_wxc_conservefm_full_s42] [TRAIN] stage=pretrain epoch=1/1 batch=1390/3000 step=1390 repair=0.00245 localization=0.305 type=2.537 minimal=0.01749 physics=0.2272 total=0.4516
[TRAIN train_prithvi_wxc_conservefm_full_s42] [TRAIN] stage=pretrain epoch=1/1 batch=1400/3000 step=1400 repair=0.008502 localization=0.2436 type=1.702 minimal=0.0226 physics=0.1733 total=0.345
[TRAIN train_prithvi_wxc_conservefm_full_s42] [TRAIN] stage=pretrain epoch=1/1 batch=1410/3000 step=1410 repair=0.001932 localization=0.3074 type=1.68 minimal=0.01868 physics=0.0636 total=0.3096
[TRAIN train_prithvi_wxc_conservefm_full_s42] [TRAIN] stage=pretrain epoch=1/1 batch=1420/3000 step=1420 repair=0.01086 localization=0.3591 type=1.869 minimal=0.02873 physics=1.886 total=0.3283
[TRAIN train_prithvi_wxc_conservefm_full_s42] [TRAIN] stage=pretrain epoch=1/1 batch=1430/3000 step=1430 repair=0.003185 localization=0.2725 type=2.084 minimal=0.02451 physics=0.2683 total=0.4692
[TRAIN train_prithvi_wxc_conservefm_full_s42] [TRAIN] stage=pretrain epoch=1/1 batch=1440/3000 step=1440 repair=0.007283 localization=0.195 type=1.55 minimal=0.01813 physics=0.214 total=0.3043
[TRAIN train_prithvi_wxc_conservefm_full_s42] [TRAIN] stage=pretrain epoch=1/1 batch=1450/3000 step=1450 repair=0.006758 localization=0.3757 type=0.8979 minimal=0.03198 physics=0.3351 total=0.2198
[TRAIN train_prithvi_wxc_conservefm_full_s42] [TRAIN] stage=pretrain epoch=1/1 batch=1460/3000 step=1460 repair=0.01845 localization=0.2487 type=1.86 minimal=0.026 physics=2.158 total=0.3375
[TRAIN train_prithvi_wxc_conservefm_full_s42] [TRAIN] stage=pretrain epoch=1/1 batch=1470/3000 step=1470 repair=0.009565 localization=0.2987 type=1.466 minimal=0.02187 physics=0.1472 total=0.3077
[TRAIN train_prithvi_wxc_conservefm_full_s42] [TRAIN] stage=pretrain epoch=1/1 batch=1480/3000 step=1480 repair=0.004328 localization=0.2406 type=1.757 minimal=0.02135 physics=0.2433 total=0.3479
[TRAIN train_prithvi_wxc_conservefm_full_s42] [TRAIN] stage=pretrain epoch=1/1 batch=1490/3000 step=1490 repair=0.002405 localization=0.2092 type=2.99 minimal=0.0202 physics=0.07395 total=0.5797
[TRAIN train_prithvi_wxc_conservefm_full_s42] [TRAIN] stage=pretrain epoch=1/1 batch=1500/3000 step=1500 repair=0.003719 localization=0.2999 type=1.603 minimal=0.02292 physics=0.6166 total=0.2251
[TRAIN train_prithvi_wxc_conservefm_full_s42] [TRAIN] stage=pretrain epoch=1/1 batch=1510/3000 step=1510 repair=0.02358 localization=0.2714 type=1.283 minimal=0.02135 physics=1.429 total=0.2507
[TRAIN train_prithvi_wxc_conservefm_full_s42] [TRAIN] stage=pretrain epoch=1/1 batch=1520/3000 step=1520 repair=0.002767 localization=0.2313 type=2.012 minimal=0.01942 physics=0.3372 total=0.4099
[TRAIN train_prithvi_wxc_conservefm_full_s42] [TRAIN] stage=pretrain epoch=1/1 batch=1530/3000 step=1530 repair=0.004061 localization=0.2382 type=1.758 minimal=0.01836 physics=0.3684 total=0.3659
[TRAIN train_prithvi_wxc_conservefm_full_s42] [TRAIN] stage=pretrain epoch=1/1 batch=1540/3000 step=1540 repair=0.003574 localization=0.2117 type=1.916 minimal=0.01807 physics=0.1284 total=0.3863
[TRAIN train_prithvi_wxc_conservefm_full_s42] [TRAIN] stage=pretrain epoch=1/1 batch=1550/3000 step=1550 repair=0.00656 localization=0.2456 type=1.486 minimal=0.01944 physics=1.213 total=0.2406
[TRAIN train_prithvi_wxc_conservefm_full_s42] [TRAIN] stage=pretrain epoch=1/1 batch=1560/3000 step=1560 repair=0.02428 localization=0.4379 type=1.734 minimal=0.01862 physics=0.1788 total=0.4187
[TRAIN train_prithvi_wxc_conservefm_full_s42] [TRAIN] stage=pretrain epoch=1/1 batch=1570/3000 step=1570 repair=0.02876 localization=0.2546 type=1.809 minimal=0.02318 physics=1.72 total=0.3213
[TRAIN train_prithvi_wxc_conservefm_full_s42] [TRAIN] stage=pretrain epoch=1/1 batch=1580/3000 step=1580 repair=0.005517 localization=0.3689 type=1.197 minimal=0.01791 physics=0.3996 total=0.2704
[TRAIN train_prithvi_wxc_conservefm_full_s42] [TRAIN] stage=pretrain epoch=1/1 batch=1590/3000 step=1590 repair=0.002399 localization=0.4224 type=1.113 minimal=0.0161 physics=0.3506 total=0.1737
[TRAIN train_prithvi_wxc_conservefm_full_s42] [TRAIN] stage=pretrain epoch=1/1 batch=1600/3000 step=1600 repair=0.003676 localization=0.3839 type=0.9644 minimal=0.01562 physics=0.5545 total=0.1664
[TRAIN train_prithvi_wxc_conservefm_full_s42] [TRAIN] stage=pretrain epoch=1/1 batch=1610/3000 step=1610 repair=0.003267 localization=0.2398 type=1.772 minimal=0.01775 physics=0.3578 total=0.3548
[TRAIN train_prithvi_wxc_conservefm_full_s42] [TRAIN] stage=pretrain epoch=1/1 batch=1620/3000 step=1620 repair=0.002384 localization=0.2198 type=1.439 minimal=0.02025 physics=0.1502 total=0.2833
[TRAIN train_prithvi_wxc_conservefm_full_s42] [TRAIN] stage=pretrain epoch=1/1 batch=1630/3000 step=1630 repair=0.00158 localization=0.2313 type=1.333 minimal=0.01648 physics=0.04864 total=0.2593
[TRAIN train_prithvi_wxc_conservefm_full_s42] [TRAIN] stage=pretrain epoch=1/1 batch=1640/3000 step=1640 repair=0.003114 localization=0.2108 type=1.884 minimal=0.02182 physics=0.1972 total=0.3668
[TRAIN train_prithvi_wxc_conservefm_full_s42] [TRAIN] stage=pretrain epoch=1/1 batch=1650/3000 step=1650 repair=0.002033 localization=0.3335 type=1.822 minimal=0.0183 physics=0.2015 total=0.3622
[TRAIN train_prithvi_wxc_conservefm_full_s42] [TRAIN] stage=pretrain epoch=1/1 batch=1660/3000 step=1660 repair=0.005779 localization=0.3499 type=1.917 minimal=0.0181 physics=0.1097 total=0.4037
[TRAIN train_prithvi_wxc_conservefm_full_s42] [TRAIN] stage=pretrain epoch=1/1 batch=1670/3000 step=1670 repair=0.01751 localization=0.3074 type=0.5325 minimal=0.01501 physics=1.033 total=0.1533
[TRAIN train_prithvi_wxc_conservefm_full_s42] [TRAIN] stage=pretrain epoch=1/1 batch=1680/3000 step=1680 repair=0.005462 localization=0.107 type=0.3016 minimal=0.04395 physics=0.4674 total=0.09245
[TRAIN train_prithvi_wxc_conservefm_full_s42] [TRAIN] stage=pretrain epoch=1/1 batch=1690/3000 step=1690 repair=0.003515 localization=0.3132 type=1.913 minimal=0.0177 physics=0.4525 total=0.3975
[TRAIN train_prithvi_wxc_conservefm_full_s42] [TRAIN] stage=pretrain epoch=1/1 batch=1700/3000 step=1700 repair=0.001423 localization=0.3353 type=1.533 minimal=0.01582 physics=0.05358 total=0.2941
[TRAIN train_prithvi_wxc_conservefm_full_s42] [TRAIN] stage=pretrain epoch=1/1 batch=1710/3000 step=1710 repair=0.001866 localization=0.4512 type=1.816 minimal=0.01465 physics=0.06346 total=0.3405
[TRAIN train_prithvi_wxc_conservefm_full_s42] [TRAIN] stage=pretrain epoch=1/1 batch=1720/3000 step=1720 repair=0.006234 localization=0.4688 type=1.973 minimal=0.0146 physics=0.1217 total=0.4037
[TRAIN train_prithvi_wxc_conservefm_full_s42] [TRAIN] stage=pretrain epoch=1/1 batch=1730/3000 step=1730 repair=0.003151 localization=0.3521 type=1.541 minimal=0.01836 physics=0.5829 total=0.332
[TRAIN train_prithvi_wxc_conservefm_full_s42] [TRAIN] stage=pretrain epoch=1/1 batch=1740/3000 step=1740 repair=0.008141 localization=0.1163 type=0.03819 minimal=0.05811 physics=1.351 total=0.09394
[TRAIN train_prithvi_wxc_conservefm_full_s42] [TRAIN] stage=pretrain epoch=1/1 batch=1750/3000 step=1750 repair=0.002184 localization=0.2186 type=1.373 minimal=0.01758 physics=0.1958 total=0.1713
[TRAIN train_prithvi_wxc_conservefm_full_s42] [TRAIN] stage=pretrain epoch=1/1 batch=1760/3000 step=1760 repair=0.001975 localization=0.2115 type=1.791 minimal=0.01631 physics=0.1255 total=0.3619
[TRAIN train_prithvi_wxc_conservefm_full_s42] [TRAIN] stage=pretrain epoch=1/1 batch=1770/3000 step=1770 repair=0.002438 localization=0.3181 type=1.914 minimal=0.01799 physics=0.1239 total=0.4031
[TRAIN train_prithvi_wxc_conservefm_full_s42] [TRAIN] stage=pretrain epoch=1/1 batch=1780/3000 step=1780 repair=0.003107 localization=0.1575 type=0.4567 minimal=0.02744 physics=0.6733 total=0.1339
[TRAIN train_prithvi_wxc_conservefm_full_s42] [TRAIN] stage=pretrain epoch=1/1 batch=1790/3000 step=1790 repair=0.03175 localization=0.3699 type=0.9961 minimal=0.01802 physics=1.409 total=0.239
[TRAIN train_prithvi_wxc_conservefm_full_s42] [TRAIN] stage=pretrain epoch=1/1 batch=1800/3000 step=1800 repair=0.00543 localization=0.1166 type=0.2155 minimal=0.04172 physics=1.357 total=0.1215
[TRAIN train_prithvi_wxc_conservefm_full_s42] [TRAIN] stage=pretrain epoch=1/1 batch=1810/3000 step=1810 repair=0.0032 localization=0.2781 type=1.606 minimal=0.01874 physics=0.1838 total=0.3031
[TRAIN train_prithvi_wxc_conservefm_full_s42] [TRAIN] stage=pretrain epoch=1/1 batch=1820/3000 step=1820 repair=0.001878 localization=0.322 type=1.642 minimal=0.0159 physics=0.06685 total=0.316
[TRAIN train_prithvi_wxc_conservefm_full_s42] [TRAIN] stage=pretrain epoch=1/1 batch=1830/3000 step=1830 repair=0.01727 localization=0.3466 type=1.526 minimal=0.01591 physics=1.269 total=0.379
[TRAIN train_prithvi_wxc_conservefm_full_s42] [TRAIN] stage=pretrain epoch=1/1 batch=1840/3000 step=1840 repair=0.001654 localization=0.2703 type=1.533 minimal=0.01572 physics=0.1151 total=0.3022
[TRAIN train_prithvi_wxc_conservefm_full_s42] [TRAIN] stage=pretrain epoch=1/1 batch=1850/3000 step=1850 repair=0.002105 localization=0.4339 type=3.738 minimal=0.02185 physics=0.6058 total=0.9502
[TRAIN train_prithvi_wxc_conservefm_full_s42] [TRAIN] stage=pretrain epoch=1/1 batch=1860/3000 step=1860 repair=0.002077 localization=0.2913 type=1.465 minimal=0.01859 physics=0.1625 total=0.3149
[TRAIN train_prithvi_wxc_conservefm_full_s42] [TRAIN] stage=pretrain epoch=1/1 batch=1870/3000 step=1870 repair=0.002671 localization=0.2817 type=1.407 minimal=0.01724 physics=0.1664 total=0.2841
[TRAIN train_prithvi_wxc_conservefm_full_s42] [TRAIN] stage=pretrain epoch=1/1 batch=1880/3000 step=1880 repair=0.001698 localization=0.3566 type=1.243 minimal=0.01698 physics=0.0417 total=0.2418
[TRAIN train_prithvi_wxc_conservefm_full_s42] [TRAIN] stage=pretrain epoch=1/1 batch=1890/3000 step=1890 repair=0.01023 localization=0.2381 type=1.731 minimal=0.01907 physics=0.8625 total=0.375
[TRAIN train_prithvi_wxc_conservefm_full_s42] [TRAIN] stage=pretrain epoch=1/1 batch=1900/3000 step=1900 repair=0.01052 localization=0.3487 type=1.485 minimal=0.01505 physics=1.309 total=0.3563
[TRAIN train_prithvi_wxc_conservefm_full_s42] [TRAIN] stage=pretrain epoch=1/1 batch=1910/3000 step=1910 repair=0.009767 localization=0.15 type=0.05814 minimal=0.05957 physics=2.446 total=0.1568
[TRAIN train_prithvi_wxc_conservefm_full_s42] [TRAIN] stage=pretrain epoch=1/1 batch=1920/3000 step=1920 repair=0.0013 localization=0.3507 type=1.44 minimal=0.01521 physics=0.1742 total=0.3027
[TRAIN train_prithvi_wxc_conservefm_full_s42] [TRAIN] stage=pretrain epoch=1/1 batch=1930/3000 step=1930 repair=0.004417 localization=0.3391 type=1.984 minimal=0.01689 physics=0.1403 total=0.4061
[TRAIN train_prithvi_wxc_conservefm_full_s42] [TRAIN] stage=pretrain epoch=1/1 batch=1940/3000 step=1940 repair=0.003044 localization=0.2052 type=1.431 minimal=0.01993 physics=0.168 total=0.27
[TRAIN train_prithvi_wxc_conservefm_full_s42] [TRAIN] stage=pretrain epoch=1/1 batch=1950/3000 step=1950 repair=0.001834 localization=0.1999 type=1.424 minimal=0.01883 physics=0.06233 total=0.2669
[TRAIN train_prithvi_wxc_conservefm_full_s42] [TRAIN] stage=pretrain epoch=1/1 batch=1960/3000 step=1960 repair=0.002535 localization=0.1562 type=0.4143 minimal=0.02179 physics=0.4319 total=0.1067
[TRAIN train_prithvi_wxc_conservefm_full_s42] [TRAIN] stage=pretrain epoch=1/1 batch=1970/3000 step=1970 repair=0.001777 localization=0.215 type=1.153 minimal=0.01518 physics=0.05721 total=0.2369
[TRAIN train_prithvi_wxc_conservefm_full_s42] [TRAIN] stage=pretrain epoch=1/1 batch=1980/3000 step=1980 repair=0.006336 localization=0.1053 type=0.1744 minimal=0.03244 physics=0.9605 total=0.09522
[TRAIN train_prithvi_wxc_conservefm_full_s42] [TRAIN] stage=pretrain epoch=1/1 batch=1990/3000 step=1990 repair=0.002722 localization=0.2782 type=1.258 minimal=0.01718 physics=0.07558 total=0.2573
[TRAIN train_prithvi_wxc_conservefm_full_s42] [TRAIN] stage=pretrain epoch=1/1 batch=2000/3000 step=2000 repair=0.003918 localization=0.2211 type=1.455 minimal=0.02132 physics=0.2385 total=0.3258
[TRAIN train_prithvi_wxc_conservefm_full_s42] [TRAIN] stage=pretrain epoch=1/1 batch=2010/3000 step=2010 repair=0.004819 localization=0.125 type=0.02029 minimal=0.03998 physics=0.6046 total=0.05131
[TRAIN train_prithvi_wxc_conservefm_full_s42] [TRAIN] stage=pretrain epoch=1/1 batch=2020/3000 step=2020 repair=0.008381 localization=0.3346 type=0.855 minimal=0.01614 physics=1.063 total=0.1806
[TRAIN train_prithvi_wxc_conservefm_full_s42] [TRAIN] stage=pretrain epoch=1/1 batch=2030/3000 step=2030 repair=0.003082 localization=0.3431 type=1.176 minimal=0.01788 physics=0.4115 total=0.1757
[TRAIN train_prithvi_wxc_conservefm_full_s42] [TRAIN] stage=pretrain epoch=1/1 batch=2040/3000 step=2040 repair=0.01806 localization=0.3467 type=1.332 minimal=0.01572 physics=1.622 total=0.36
[TRAIN train_prithvi_wxc_conservefm_full_s42] [TRAIN] stage=pretrain epoch=1/1 batch=2050/3000 step=2050 repair=0.00455 localization=0.1179 type=0.2055 minimal=0.02371 physics=0.3808 total=0.06796
[TRAIN train_prithvi_wxc_conservefm_full_s42] [TRAIN] stage=pretrain epoch=1/1 batch=2060/3000 step=2060 repair=0.003501 localization=0.2792 type=1.271 minimal=0.01553 physics=0.2653 total=0.2531
[TRAIN train_prithvi_wxc_conservefm_full_s42] [TRAIN] stage=pretrain epoch=1/1 batch=2070/3000 step=2070 repair=0.003042 localization=0.3126 type=1.822 minimal=0.0202 physics=0.2165 total=0.3989
[TRAIN train_prithvi_wxc_conservefm_full_s42] [TRAIN] stage=pretrain epoch=1/1 batch=2080/3000 step=2080 repair=0.003062 localization=0.108 type=0.1101 minimal=0.02788 physics=0.4178 total=0.0528
[TRAIN train_prithvi_wxc_conservefm_full_s42] [TRAIN] stage=pretrain epoch=1/1 batch=2090/3000 step=2090 repair=0.002177 localization=0.3778 type=1.594 minimal=0.01697 physics=0.4372 total=0.3375
[TRAIN train_prithvi_wxc_conservefm_full_s42] [TRAIN] stage=pretrain epoch=1/1 batch=2100/3000 step=2100 repair=0.002524 localization=0.186 type=1.812 minimal=0.0145 physics=0.336 total=0.3669
[TRAIN train_prithvi_wxc_conservefm_full_s42] [TRAIN] stage=pretrain epoch=1/1 batch=2110/3000 step=2110 repair=0.01173 localization=0.3022 type=1.265 minimal=0.01711 physics=1.135 total=0.3211
[TRAIN train_prithvi_wxc_conservefm_full_s42] [TRAIN] stage=pretrain epoch=1/1 batch=2120/3000 step=2120 repair=0.002353 localization=0.4343 type=1.171 minimal=0.01799 physics=0.1174 total=0.259
[TRAIN train_prithvi_wxc_conservefm_full_s42] [TRAIN] stage=pretrain epoch=1/1 batch=2130/3000 step=2130 repair=0.006182 localization=0.2776 type=1.95 minimal=0.0179 physics=1.451 total=0.3017
[TRAIN train_prithvi_wxc_conservefm_full_s42] [TRAIN] stage=pretrain epoch=1/1 batch=2140/3000 step=2140 repair=0.001561 localization=0.2617 type=0.8159 minimal=0.01539 physics=0.2994 total=0.1889
[TRAIN train_prithvi_wxc_conservefm_full_s42] [TRAIN] stage=pretrain epoch=1/1 batch=2150/3000 step=2150 repair=0.004449 localization=0.39 type=1.351 minimal=0.02135 physics=0.3643 total=0.197
[TRAIN train_prithvi_wxc_conservefm_full_s42] [TRAIN] stage=pretrain epoch=1/1 batch=2160/3000 step=2160 repair=0.01069 localization=0.3886 type=1.847 minimal=0.02065 physics=0.1377 total=0.3801
[TRAIN train_prithvi_wxc_conservefm_full_s42] [TRAIN] stage=pretrain epoch=1/1 batch=2170/3000 step=2170 repair=0.00295 localization=0.3048 type=1.223 minimal=0.01892 physics=0.06622 total=0.2512
[TRAIN train_prithvi_wxc_conservefm_full_s42] [TRAIN] stage=pretrain epoch=1/1 batch=2180/3000 step=2180 repair=0.01691 localization=0.3863 type=1.448 minimal=0.01759 physics=1.506 total=0.3827
[TRAIN train_prithvi_wxc_conservefm_full_s42] [TRAIN] stage=pretrain epoch=1/1 batch=2190/3000 step=2190 repair=0.006091 localization=0.1839 type=1.426 minimal=0.01849 physics=0.4187 total=0.2932
[TRAIN train_prithvi_wxc_conservefm_full_s42] [TRAIN] stage=pretrain epoch=1/1 batch=2200/3000 step=2200 repair=0.001762 localization=0.2718 type=1.962 minimal=0.01572 physics=0.05326 total=0.3711
[TRAIN train_prithvi_wxc_conservefm_full_s42] [TRAIN] stage=pretrain epoch=1/1 batch=2210/3000 step=2210 repair=0.005334 localization=0.2715 type=1.75 minimal=0.0146 physics=0.08202 total=0.3377
[TRAIN train_prithvi_wxc_conservefm_full_s42] [TRAIN] stage=pretrain epoch=1/1 batch=2220/3000 step=2220 repair=0.003735 localization=0.3528 type=1.709 minimal=0.01987 physics=0.1094 total=0.3359
[TRAIN train_prithvi_wxc_conservefm_full_s42] [TRAIN] stage=pretrain epoch=1/1 batch=2230/3000 step=2230 repair=0.007485 localization=0.2487 type=1.262 minimal=0.01904 physics=0.1953 total=0.2835
[TRAIN train_prithvi_wxc_conservefm_full_s42] [TRAIN] stage=pretrain epoch=1/1 batch=2240/3000 step=2240 repair=0.002611 localization=0.2641 type=0.2856 minimal=0.02016 physics=0.2347 total=0.08826
[TRAIN train_prithvi_wxc_conservefm_full_s42] [TRAIN] stage=pretrain epoch=1/1 batch=2250/3000 step=2250 repair=0.008731 localization=0.2748 type=1.325 minimal=0.01536 physics=0.8317 total=0.3184
[TRAIN train_prithvi_wxc_conservefm_full_s42] [TRAIN] stage=pretrain epoch=1/1 batch=2260/3000 step=2260 repair=0.001866 localization=0.2589 type=1.615 minimal=0.01759 physics=0.1235 total=0.3274
[TRAIN train_prithvi_wxc_conservefm_full_s42] [TRAIN] stage=pretrain epoch=1/1 batch=2270/3000 step=2270 repair=0.003345 localization=0.2883 type=1.352 minimal=0.01842 physics=0.08 total=0.278
[TRAIN train_prithvi_wxc_conservefm_full_s42] [TRAIN] stage=pretrain epoch=1/1 batch=2280/3000 step=2280 repair=0.00753 localization=0.202 type=1.407 minimal=0.01706 physics=0.3037 total=0.2835
[TRAIN train_prithvi_wxc_conservefm_full_s42] [TRAIN] stage=pretrain epoch=1/1 batch=2290/3000 step=2290 repair=0.02413 localization=0.3405 type=1.221 minimal=0.01776 physics=1.949 total=0.2779
[TRAIN train_prithvi_wxc_conservefm_full_s42] [TRAIN] stage=pretrain epoch=1/1 batch=2300/3000 step=2300 repair=0.004593 localization=0.2638 type=2.293 minimal=0.01939 physics=0.09282 total=0.4779
[TRAIN train_prithvi_wxc_conservefm_full_s42] [TRAIN] stage=pretrain epoch=1/1 batch=2310/3000 step=2310 repair=0.01296 localization=0.3569 type=1.3 minimal=0.01521 physics=0.1237 total=0.2827
[TRAIN train_prithvi_wxc_conservefm_full_s42] [TRAIN] stage=pretrain epoch=1/1 batch=2320/3000 step=2320 repair=0.007036 localization=0.1982 type=1.486 minimal=0.01431 physics=0.8468 total=0.3217
[TRAIN train_prithvi_wxc_conservefm_full_s42] [TRAIN] stage=pretrain epoch=1/1 batch=2330/3000 step=2330 repair=0.002031 localization=0.2652 type=0.8398 minimal=0.01557 physics=0.2414 total=0.1248
[TRAIN train_prithvi_wxc_conservefm_full_s42] [TRAIN] stage=pretrain epoch=1/1 batch=2340/3000 step=2340 repair=0.002806 localization=0.147 type=0.7043 minimal=0.0213 physics=0.3139 total=0.1667
[TRAIN train_prithvi_wxc_conservefm_full_s42] [TRAIN] stage=pretrain epoch=1/1 batch=2350/3000 step=2350 repair=0.003891 localization=0.2191 type=2.182 minimal=0.02042 physics=0.1455 total=0.3889
[TRAIN train_prithvi_wxc_conservefm_full_s42] [TRAIN] stage=pretrain epoch=1/1 batch=2360/3000 step=2360 repair=0.003464 localization=0.4297 type=1.771 minimal=0.0174 physics=0.07581 total=0.3517
[TRAIN train_prithvi_wxc_conservefm_full_s42] [TRAIN] stage=pretrain epoch=1/1 batch=2370/3000 step=2370 repair=0.002097 localization=0.311 type=1.503 minimal=0.01556 physics=0.1644 total=0.2998
[TRAIN train_prithvi_wxc_conservefm_full_s42] [TRAIN] stage=pretrain epoch=1/1 batch=2380/3000 step=2380 repair=0.001849 localization=0.2596 type=1.765 minimal=0.01461 physics=0.05906 total=0.3404
[TRAIN train_prithvi_wxc_conservefm_full_s42] [TRAIN] stage=pretrain epoch=1/1 batch=2390/3000 step=2390 repair=0.003154 localization=0.07382 type=0.0112 minimal=0.03659 physics=0.8838 total=0.05702
[TRAIN train_prithvi_wxc_conservefm_full_s42] [TRAIN] stage=pretrain epoch=1/1 batch=2400/3000 step=2400 repair=0.002452 localization=0.289 type=1.792 minimal=0.01578 physics=0.3799 total=0.365
[TRAIN train_prithvi_wxc_conservefm_full_s42] [TRAIN] stage=pretrain epoch=1/1 batch=2410/3000 step=2410 repair=0.003349 localization=0.1288 type=0.1088 minimal=0.02303 physics=0.4119 total=0.05544
[TRAIN train_prithvi_wxc_conservefm_full_s42] [TRAIN] stage=pretrain epoch=1/1 batch=2420/3000 step=2420 repair=0.02442 localization=0.2482 type=1.313 minimal=0.01765 physics=1.251 total=0.2433
[TRAIN train_prithvi_wxc_conservefm_full_s42] [TRAIN] stage=pretrain epoch=1/1 batch=2430/3000 step=2430 repair=0.001682 localization=0.3631 type=1.742 minimal=0.01607 physics=0.07233 total=0.3529
[TRAIN train_prithvi_wxc_conservefm_full_s42] [TRAIN] stage=pretrain epoch=1/1 batch=2440/3000 step=2440 repair=0.004343 localization=0.1884 type=1.598 minimal=0.01749 physics=0.1612 total=0.2926
[TRAIN train_prithvi_wxc_conservefm_full_s42] [TRAIN] stage=pretrain epoch=1/1 batch=2450/3000 step=2450 repair=0.00224 localization=0.3391 type=1.587 minimal=0.01624 physics=0.3106 total=0.3254
[TRAIN train_prithvi_wxc_conservefm_full_s42] [TRAIN] stage=pretrain epoch=1/1 batch=2460/3000 step=2460 repair=0.001552 localization=0.3403 type=1.79 minimal=0.0173 physics=0.05997 total=0.346
[TRAIN train_prithvi_wxc_conservefm_full_s42] [TRAIN] stage=pretrain epoch=1/1 batch=2470/3000 step=2470 repair=0.004344 localization=0.2456 type=1.593 minimal=0.01955 physics=0.1958 total=0.3426
[TRAIN train_prithvi_wxc_conservefm_full_s42] [TRAIN] stage=pretrain epoch=1/1 batch=2480/3000 step=2480 repair=0.001925 localization=0.1843 type=4.541 minimal=0.01464 physics=0.08036 total=0.8768
[TRAIN train_prithvi_wxc_conservefm_full_s42] [TRAIN] stage=pretrain epoch=1/1 batch=2490/3000 step=2490 repair=0.004515 localization=0.2385 type=1.09 minimal=0.0164 physics=0.1521 total=0.2305
[TRAIN train_prithvi_wxc_conservefm_full_s42] [TRAIN] stage=pretrain epoch=1/1 batch=2500/3000 step=2500 repair=0.01139 localization=0.3589 type=1.122 minimal=0.01863 physics=0.2156 total=0.2517
[TRAIN train_prithvi_wxc_conservefm_full_s42] [TRAIN] stage=pretrain epoch=1/1 batch=2510/3000 step=2510 repair=0.001707 localization=0.1285 type=2.527 minimal=0.01646 physics=0.1939 total=0.4858
[TRAIN train_prithvi_wxc_conservefm_full_s42] [TRAIN] stage=pretrain epoch=1/1 batch=2520/3000 step=2520 repair=0.003518 localization=0.2868 type=2.881 minimal=0.01906 physics=0.251 total=0.5939
[TRAIN train_prithvi_wxc_conservefm_full_s42] [TRAIN] stage=pretrain epoch=1/1 batch=2530/3000 step=2530 repair=0.003532 localization=0.3071 type=2.207 minimal=0.01924 physics=0.08098 total=0.4423
[TRAIN train_prithvi_wxc_conservefm_full_s42] [TRAIN] stage=pretrain epoch=1/1 batch=2540/3000 step=2540 repair=0.004933 localization=0.3239 type=2.112 minimal=0.01822 physics=0.3158 total=0.4223
[TRAIN train_prithvi_wxc_conservefm_full_s42] [TRAIN] stage=pretrain epoch=1/1 batch=2550/3000 step=2550 repair=0.003241 localization=0.2086 type=1.001 minimal=0.01703 physics=0.06928 total=0.2061
[TRAIN train_prithvi_wxc_conservefm_full_s42] [TRAIN] stage=pretrain epoch=1/1 batch=2560/3000 step=2560 repair=0.003403 localization=0.1914 type=1.27 minimal=0.019 physics=0.2177 total=0.1606
[TRAIN train_prithvi_wxc_conservefm_full_s42] [TRAIN] stage=pretrain epoch=1/1 batch=2570/3000 step=2570 repair=0.007773 localization=0.2436 type=1.844 minimal=0.01929 physics=0.4431 total=0.3904
[TRAIN train_prithvi_wxc_conservefm_full_s42] [TRAIN] stage=pretrain epoch=1/1 batch=2580/3000 step=2580 repair=0.00294 localization=0.2483 type=1.992 minimal=0.01894 physics=0.2058 total=0.4401
[TRAIN train_prithvi_wxc_conservefm_full_s42] [TRAIN] stage=pretrain epoch=1/1 batch=2590/3000 step=2590 repair=0.01681 localization=0.2132 type=0.822 minimal=0.0204 physics=1.131 total=0.1771
[TRAIN train_prithvi_wxc_conservefm_full_s42] [TRAIN] stage=pretrain epoch=1/1 batch=2600/3000 step=2600 repair=0.003755 localization=0.2274 type=1.565 minimal=0.01562 physics=0.1026 total=0.2872
[TRAIN train_prithvi_wxc_conservefm_full_s42] [TRAIN] stage=pretrain epoch=1/1 batch=2610/3000 step=2610 repair=0.002014 localization=0.2231 type=1.695 minimal=0.01608 physics=0.1877 total=0.3203
[TRAIN train_prithvi_wxc_conservefm_full_s42] [TRAIN] stage=pretrain epoch=1/1 batch=2620/3000 step=2620 repair=0.002763 localization=0.2549 type=1.084 minimal=0.01556 physics=0.3762 total=0.1557
[TRAIN train_prithvi_wxc_conservefm_full_s42] [TRAIN] stage=pretrain epoch=1/1 batch=2630/3000 step=2630 repair=0.001437 localization=0.2778 type=1.84 minimal=0.01505 physics=0.09952 total=0.3559
[TRAIN train_prithvi_wxc_conservefm_full_s42] [TRAIN] stage=pretrain epoch=1/1 batch=2640/3000 step=2640 repair=0.006239 localization=0.3194 type=1.665 minimal=0.0151 physics=0.1565 total=0.3314
[TRAIN train_prithvi_wxc_conservefm_full_s42] [TRAIN] stage=pretrain epoch=1/1 batch=2650/3000 step=2650 repair=0.01791 localization=0.2193 type=0.6133 minimal=0.01526 physics=1.525 total=0.1776
[TRAIN train_prithvi_wxc_conservefm_full_s42] [TRAIN] stage=pretrain epoch=1/1 batch=2660/3000 step=2660 repair=0.01031 localization=0.3532 type=2.892 minimal=0.0152 physics=0.08199 total=0.4772
[TRAIN train_prithvi_wxc_conservefm_full_s42] [TRAIN] stage=pretrain epoch=1/1 batch=2670/3000 step=2670 repair=0.006751 localization=0.2275 type=0.7534 minimal=0.01723 physics=0.8667 total=0.1484
[TRAIN train_prithvi_wxc_conservefm_full_s42] [TRAIN] stage=pretrain epoch=1/1 batch=2680/3000 step=2680 repair=0.005909 localization=0.2652 type=1.695 minimal=0.0147 physics=0.2689 total=0.3546
[TRAIN train_prithvi_wxc_conservefm_full_s42] [TRAIN] stage=pretrain epoch=1/1 batch=2690/3000 step=2690 repair=0.009636 localization=0.2709 type=1.318 minimal=0.01689 physics=0.2578 total=0.3016
[TRAIN train_prithvi_wxc_conservefm_full_s42] [TRAIN] stage=pretrain epoch=1/1 batch=2700/3000 step=2700 repair=0.004866 localization=0.3117 type=1.367 minimal=0.02013 physics=0.1262 total=0.2803
[TRAIN train_prithvi_wxc_conservefm_full_s42] [TRAIN] stage=pretrain epoch=1/1 batch=2710/3000 step=2710 repair=0.002866 localization=0.2402 type=1.79 minimal=0.01473 physics=0.1886 total=0.3642
[TRAIN train_prithvi_wxc_conservefm_full_s42] [TRAIN] stage=pretrain epoch=1/1 batch=2720/3000 step=2720 repair=0.00174 localization=0.1175 type=0.1238 minimal=0.01996 physics=0.4592 total=0.05728
[TRAIN train_prithvi_wxc_conservefm_full_s42] [TRAIN] stage=pretrain epoch=1/1 batch=2730/3000 step=2730 repair=0.003322 localization=0.2395 type=0.8245 minimal=0.01709 physics=0.6034 total=0.1401
[TRAIN train_prithvi_wxc_conservefm_full_s42] [TRAIN] stage=pretrain epoch=1/1 batch=2740/3000 step=2740 repair=0.002659 localization=0.2311 type=1.795 minimal=0.01775 physics=0.238 total=0.3324
[TRAIN train_prithvi_wxc_conservefm_full_s42] [TRAIN] stage=pretrain epoch=1/1 batch=2750/3000 step=2750 repair=0.007512 localization=0.2153 type=1.563 minimal=0.01581 physics=0.5553 total=0.3019
[TRAIN train_prithvi_wxc_conservefm_full_s42] [TRAIN] stage=pretrain epoch=1/1 batch=2760/3000 step=2760 repair=0.002316 localization=0.3762 type=1.69 minimal=0.01501 physics=0.1036 total=0.3054
[TRAIN train_prithvi_wxc_conservefm_full_s42] [TRAIN] stage=pretrain epoch=1/1 batch=2770/3000 step=2770 repair=0.003985 localization=0.3046 type=2.138 minimal=0.01578 physics=0.2521 total=0.425
[TRAIN train_prithvi_wxc_conservefm_full_s42] [TRAIN] stage=pretrain epoch=1/1 batch=2780/3000 step=2780 repair=0.002292 localization=0.189 type=0.2477 minimal=0.01767 physics=0.2545 total=0.07315
[TRAIN train_prithvi_wxc_conservefm_full_s42] [TRAIN] stage=pretrain epoch=1/1 batch=2790/3000 step=2790 repair=0.002109 localization=0.3976 type=0.8149 minimal=0.01527 physics=0.07797 total=0.183
[TRAIN train_prithvi_wxc_conservefm_full_s42] [TRAIN] stage=pretrain epoch=1/1 batch=2800/3000 step=2800 repair=0.004903 localization=0.3264 type=1.112 minimal=0.01906 physics=0.793 total=0.1886
[TRAIN train_prithvi_wxc_conservefm_full_s42] [TRAIN] stage=pretrain epoch=1/1 batch=2810/3000 step=2810 repair=0.002874 localization=0.07817 type=0.02049 minimal=0.02151 physics=0.79 total=0.05395
[TRAIN train_prithvi_wxc_conservefm_full_s42] [TRAIN] stage=pretrain epoch=1/1 batch=2820/3000 step=2820 repair=0.004127 localization=0.2269 type=1.961 minimal=0.01648 physics=0.08725 total=0.375
[TRAIN train_prithvi_wxc_conservefm_full_s42] [TRAIN] stage=pretrain epoch=1/1 batch=2830/3000 step=2830 repair=0.002323 localization=0.1831 type=1.809 minimal=0.01714 physics=0.5184 total=0.3853
[TRAIN train_prithvi_wxc_conservefm_full_s42] [TRAIN] stage=pretrain epoch=1/1 batch=2840/3000 step=2840 repair=0.00215 localization=0.05337 type=0.01191 minimal=0.02887 physics=0.9681 total=0.05815
[TRAIN train_prithvi_wxc_conservefm_full_s42] [TRAIN] stage=pretrain epoch=1/1 batch=2850/3000 step=2850 repair=0.005316 localization=0.2712 type=1.533 minimal=0.01883 physics=0.3546 total=0.2918
[TRAIN train_prithvi_wxc_conservefm_full_s42] [TRAIN] stage=pretrain epoch=1/1 batch=2860/3000 step=2860 repair=0.01438 localization=0.2891 type=1.155 minimal=0.01973 physics=1.297 total=0.3096
[TRAIN train_prithvi_wxc_conservefm_full_s42] [TRAIN] stage=pretrain epoch=1/1 batch=2870/3000 step=2870 repair=0.0251 localization=0.2847 type=1.384 minimal=0.01794 physics=1.087 total=0.2465
[TRAIN train_prithvi_wxc_conservefm_full_s42] [TRAIN] stage=pretrain epoch=1/1 batch=2880/3000 step=2880 repair=0.004466 localization=0.21 type=1.441 minimal=0.01682 physics=0.1799 total=0.3019
[TRAIN train_prithvi_wxc_conservefm_full_s42] [TRAIN] stage=pretrain epoch=1/1 batch=2890/3000 step=2890 repair=0.002511 localization=0.2352 type=1.12 minimal=0.0153 physics=0.2563 total=0.151
[TRAIN train_prithvi_wxc_conservefm_full_s42] [TRAIN] stage=pretrain epoch=1/1 batch=2900/3000 step=2900 repair=0.003539 localization=0.3609 type=1.064 minimal=0.01877 physics=0.5512 total=0.1738
[TRAIN train_prithvi_wxc_conservefm_full_s42] [TRAIN] stage=pretrain epoch=1/1 batch=2910/3000 step=2910 repair=0.007639 localization=0.1988 type=2.009 minimal=0.01762 physics=0.1544 total=0.4028
[TRAIN train_prithvi_wxc_conservefm_full_s42] [TRAIN] stage=pretrain epoch=1/1 batch=2920/3000 step=2920 repair=0.001732 localization=0.3487 type=0.9326 minimal=0.01581 physics=0.251 total=0.1989
[TRAIN train_prithvi_wxc_conservefm_full_s42] [TRAIN] stage=pretrain epoch=1/1 batch=2930/3000 step=2930 repair=0.01647 localization=0.2619 type=1.666 minimal=0.01482 physics=1.67 total=0.2929
[TRAIN train_prithvi_wxc_conservefm_full_s42] [TRAIN] stage=pretrain epoch=1/1 batch=2940/3000 step=2940 repair=0.006215 localization=0.04684 type=0.0002333 minimal=0.04395 physics=1.512 total=0.08699
[TRAIN train_prithvi_wxc_conservefm_full_s42] [TRAIN] stage=pretrain epoch=1/1 batch=2950/3000 step=2950 repair=0.002082 localization=0.056 type=0.003866 minimal=0.02412 physics=0.3699 total=0.02708
[TRAIN train_prithvi_wxc_conservefm_full_s42] [TRAIN] stage=pretrain epoch=1/1 batch=2960/3000 step=2960 repair=0.0067 localization=0.3829 type=1.939 minimal=0.01319 physics=0.2119 total=0.4123
[TRAIN train_prithvi_wxc_conservefm_full_s42] [TRAIN] stage=pretrain epoch=1/1 batch=2970/3000 step=2970 repair=0.009886 localization=0.3512 type=1.295 minimal=0.01354 physics=0.9621 total=0.2227
[TRAIN train_prithvi_wxc_conservefm_full_s42] [TRAIN] stage=pretrain epoch=1/1 batch=2980/3000 step=2980 repair=0.00332 localization=0.2392 type=1.055 minimal=0.01463 physics=0.6549 total=0.1656
[TRAIN train_prithvi_wxc_conservefm_full_s42] [TRAIN] stage=pretrain epoch=1/1 batch=2990/3000 step=2990 repair=0.002002 localization=0.3106 type=1.54 minimal=0.01456 physics=0.07314 total=0.2918
[TRAIN train_prithvi_wxc_conservefm_full_s42] [TRAIN] stage=pretrain epoch=1/1 batch=3000/3000 step=3000 repair=0.003843 localization=0.2385 type=0.8091 minimal=0.01598 physics=0.8514 total=0.1513
[TRAIN train_prithvi_wxc_conservefm_full_s42] [EPOCH] {'stage': 'pretrain', 'epoch': 0, 'global_step': 3000, 'train_total': 0.312072514337798, 'val_repair_mse': 2.339887361973524, 'elapsed_seconds': 2489.44}
[TRAIN train_prithvi_wxc_conservefm_full_s42] [BEST] val_repair_mse=2.33989
[TRAIN train_prithvi_wxc_conservefm_full_s42] [STAGE] finetune epochs=1 start_epoch=0
[TRAIN train_prithvi_wxc_conservefm_full_s42] [TRAIN] stage=finetune epoch=1/1 batch=10/3000 step=3010 repair=1.221 localization=0 type=0 minimal=0.384 physics=5.252 total=1.488
[TRAIN train_prithvi_wxc_conservefm_full_s42] [TRAIN] stage=finetune epoch=1/1 batch=20/3000 step=3020 repair=0.8059 localization=0 type=0 minimal=0.384 physics=3.055 total=0.9625
[TRAIN train_prithvi_wxc_conservefm_full_s42] [TRAIN] stage=finetune epoch=1/1 batch=30/3000 step=3030 repair=0.8297 localization=0 type=0 minimal=0.4541 physics=1.965 total=0.9325
[TRAIN train_prithvi_wxc_conservefm_full_s42] [TRAIN] stage=finetune epoch=1/1 batch=40/3000 step=3040 repair=1.012 localization=0 type=0 minimal=0.4346 physics=2.272 total=1.13
[TRAIN train_prithvi_wxc_conservefm_full_s42] [TRAIN] stage=finetune epoch=1/1 batch=50/3000 step=3050 repair=0.8125 localization=0 type=0 minimal=0.4407 physics=2.276 total=0.9307
[TRAIN train_prithvi_wxc_conservefm_full_s42] [TRAIN] stage=finetune epoch=1/1 batch=60/3000 step=3060 repair=0.4933 localization=0 type=0 minimal=0.48 physics=1.75 total=0.5856
[TRAIN train_prithvi_wxc_conservefm_full_s42] [TRAIN] stage=finetune epoch=1/1 batch=70/3000 step=3070 repair=0.492 localization=0 type=0 minimal=0.4956 physics=1.668 total=0.5803
[TRAIN train_prithvi_wxc_conservefm_full_s42] [TRAIN] stage=finetune epoch=1/1 batch=80/3000 step=3080 repair=0.6089 localization=0 type=0 minimal=0.4731 physics=1.226 total=0.6749
[TRAIN train_prithvi_wxc_conservefm_full_s42] [TRAIN] stage=finetune epoch=1/1 batch=90/3000 step=3090 repair=0.6674 localization=0 type=0 minimal=0.5854 physics=1.715 total=0.759
[TRAIN train_prithvi_wxc_conservefm_full_s42] [TRAIN] stage=finetune epoch=1/1 batch=100/3000 step=3100 repair=0.8398 localization=0 type=0 minimal=0.6157 physics=1.585 total=0.9252
[TRAIN train_prithvi_wxc_conservefm_full_s42] [TRAIN] stage=finetune epoch=1/1 batch=110/3000 step=3110 repair=0.3379 localization=0 type=0 minimal=0.5488 physics=1.601 total=0.4234
[TRAIN train_prithvi_wxc_conservefm_full_s42] [TRAIN] stage=finetune epoch=1/1 batch=120/3000 step=3120 repair=0.5259 localization=0 type=0 minimal=0.5679 physics=1.55 total=0.6091
[TRAIN train_prithvi_wxc_conservefm_full_s42] [TRAIN] stage=finetune epoch=1/1 batch=130/3000 step=3130 repair=0.5701 localization=0 type=0 minimal=0.6343 physics=1.304 total=0.6416
[TRAIN train_prithvi_wxc_conservefm_full_s42] [TRAIN] stage=finetune epoch=1/1 batch=140/3000 step=3140 repair=0.5326 localization=0 type=0 minimal=0.6421 physics=1.477 total=0.6128
[TRAIN train_prithvi_wxc_conservefm_full_s42] [TRAIN] stage=finetune epoch=1/1 batch=150/3000 step=3150 repair=0.5543 localization=0 type=0 minimal=0.667 physics=1.291 total=0.6255
[TRAIN train_prithvi_wxc_conservefm_full_s42] [TRAIN] stage=finetune epoch=1/1 batch=160/3000 step=3160 repair=0.2995 localization=0 type=0 minimal=0.5532 physics=1.034 total=0.3568
[TRAIN train_prithvi_wxc_conservefm_full_s42] [TRAIN] stage=finetune epoch=1/1 batch=170/3000 step=3170 repair=0.2648 localization=0 type=0 minimal=0.5347 physics=1.09 total=0.3246
[TRAIN train_prithvi_wxc_conservefm_full_s42] [TRAIN] stage=finetune epoch=1/1 batch=180/3000 step=3180 repair=0.6438 localization=0 type=0 minimal=0.7036 physics=1.726 total=0.7371
[TRAIN train_prithvi_wxc_conservefm_full_s42] [TRAIN] stage=finetune epoch=1/1 batch=190/3000 step=3190 repair=0.6138 localization=0 type=0 minimal=0.6953 physics=1.631 total=0.7023
[TRAIN train_prithvi_wxc_conservefm_full_s42] [TRAIN] stage=finetune epoch=1/1 batch=200/3000 step=3200 repair=0.1774 localization=0 type=0 minimal=0.4587 physics=1.43 total=0.2535
[TRAIN train_prithvi_wxc_conservefm_full_s42] [TRAIN] stage=finetune epoch=1/1 batch=210/3000 step=3210 repair=0.2622 localization=0 type=0 minimal=0.5391 physics=1.496 total=0.3424
[TRAIN train_prithvi_wxc_conservefm_full_s42] [TRAIN] stage=finetune epoch=1/1 batch=220/3000 step=3220 repair=0.1747 localization=0 type=0 minimal=0.4705 physics=1.393 total=0.249
[TRAIN train_prithvi_wxc_conservefm_full_s42] [TRAIN] stage=finetune epoch=1/1 batch=230/3000 step=3230 repair=0.1698 localization=0 type=0 minimal=0.447 physics=1.109 total=0.2297
[TRAIN train_prithvi_wxc_conservefm_full_s42] [TRAIN] stage=finetune epoch=1/1 batch=240/3000 step=3240 repair=0.1636 localization=0 type=0 minimal=0.4573 physics=1.368 total=0.2366
[TRAIN train_prithvi_wxc_conservefm_full_s42] [TRAIN] stage=finetune epoch=1/1 batch=250/3000 step=3250 repair=0.3158 localization=0 type=0 minimal=0.6274 physics=1.093 total=0.3768
[TRAIN train_prithvi_wxc_conservefm_full_s42] [TRAIN] stage=finetune epoch=1/1 batch=260/3000 step=3260 repair=0.3772 localization=0 type=0 minimal=0.5918 physics=1.193 total=0.4427
[TRAIN train_prithvi_wxc_conservefm_full_s42] [TRAIN] stage=finetune epoch=1/1 batch=270/3000 step=3270 repair=0.1639 localization=0 type=0 minimal=0.4614 physics=1.098 total=0.2234
[TRAIN train_prithvi_wxc_conservefm_full_s42] [TRAIN] stage=finetune epoch=1/1 batch=280/3000 step=3280 repair=0.2176 localization=0 type=0 minimal=0.5312 physics=1.043 total=0.2751
[TRAIN train_prithvi_wxc_conservefm_full_s42] [TRAIN] stage=finetune epoch=1/1 batch=290/3000 step=3290 repair=0.1567 localization=0 type=0 minimal=0.4546 physics=0.8998 total=0.2062
[TRAIN train_prithvi_wxc_conservefm_full_s42] [TRAIN] stage=finetune epoch=1/1 batch=300/3000 step=3300 repair=0.3895 localization=0 type=0 minimal=0.6079 physics=1.231 total=0.4572
[TRAIN train_prithvi_wxc_conservefm_full_s42] [TRAIN] stage=finetune epoch=1/1 batch=310/3000 step=3310 repair=0.5561 localization=0 type=0 minimal=0.729 physics=1.275 total=0.6271
[TRAIN train_prithvi_wxc_conservefm_full_s42] [TRAIN] stage=finetune epoch=1/1 batch=320/3000 step=3320 repair=0.4356 localization=0 type=0 minimal=0.6606 physics=1.129 total=0.4987
[TRAIN train_prithvi_wxc_conservefm_full_s42] [TRAIN] stage=finetune epoch=1/1 batch=330/3000 step=3330 repair=0.188 localization=0 type=0 minimal=0.5278 physics=0.927 total=0.2396
[TRAIN train_prithvi_wxc_conservefm_full_s42] [TRAIN] stage=finetune epoch=1/1 batch=340/3000 step=3340 repair=0.1444 localization=0 type=0 minimal=0.4626 physics=1.169 total=0.2075
[TRAIN train_prithvi_wxc_conservefm_full_s42] [TRAIN] stage=finetune epoch=1/1 batch=350/3000 step=3350 repair=0.288 localization=0 type=0 minimal=0.627 physics=1.54 total=0.3712
[TRAIN train_prithvi_wxc_conservefm_full_s42] [TRAIN] stage=finetune epoch=1/1 batch=360/3000 step=3360 repair=0.2932 localization=0 type=0 minimal=0.6206 physics=1.026 total=0.3507
[TRAIN train_prithvi_wxc_conservefm_full_s42] [TRAIN] stage=finetune epoch=1/1 batch=370/3000 step=3370 repair=0.1995 localization=0 type=0 minimal=0.5396 physics=0.7806 total=0.244
[TRAIN train_prithvi_wxc_conservefm_full_s42] [TRAIN] stage=finetune epoch=1/1 batch=380/3000 step=3380 repair=0.2961 localization=0 type=0 minimal=0.6392 physics=0.8769 total=0.3464
[TRAIN train_prithvi_wxc_conservefm_full_s42] [TRAIN] stage=finetune epoch=1/1 batch=390/3000 step=3390 repair=0.3833 localization=0 type=0 minimal=0.7104 physics=1.446 total=0.4627
[TRAIN train_prithvi_wxc_conservefm_full_s42] [TRAIN] stage=finetune epoch=1/1 batch=400/3000 step=3400 repair=0.4303 localization=0 type=0 minimal=0.7319 physics=1.208 total=0.498
[TRAIN train_prithvi_wxc_conservefm_full_s42] [TRAIN] stage=finetune epoch=1/1 batch=410/3000 step=3410 repair=0.3409 localization=0 type=0 minimal=0.5962 physics=1.288 total=0.4112
[TRAIN train_prithvi_wxc_conservefm_full_s42] [TRAIN] stage=finetune epoch=1/1 batch=420/3000 step=3420 repair=0.2171 localization=0 type=0 minimal=0.563 physics=1.064 total=0.2759
[TRAIN train_prithvi_wxc_conservefm_full_s42] [TRAIN] stage=finetune epoch=1/1 batch=430/3000 step=3430 repair=0.2109 localization=0 type=0 minimal=0.5537 physics=1.241 total=0.2785
[TRAIN train_prithvi_wxc_conservefm_full_s42] [TRAIN] stage=finetune epoch=1/1 batch=440/3000 step=3440 repair=0.426 localization=0 type=0 minimal=0.6934 physics=1.211 total=0.4935
[TRAIN train_prithvi_wxc_conservefm_full_s42] [TRAIN] stage=finetune epoch=1/1 batch=450/3000 step=3450 repair=0.1461 localization=0 type=0 minimal=0.4658 physics=0.8434 total=0.1929
[TRAIN train_prithvi_wxc_conservefm_full_s42] [TRAIN] stage=finetune epoch=1/1 batch=460/3000 step=3460 repair=0.2287 localization=0 type=0 minimal=0.5513 physics=0.7475 total=0.2715
[TRAIN train_prithvi_wxc_conservefm_full_s42] [TRAIN] stage=finetune epoch=1/1 batch=470/3000 step=3470 repair=0.2953 localization=0 type=0 minimal=0.6582 physics=1.003 total=0.352
[TRAIN train_prithvi_wxc_conservefm_full_s42] [TRAIN] stage=finetune epoch=1/1 batch=480/3000 step=3480 repair=0.3402 localization=0 type=0 minimal=0.6245 physics=1.349 total=0.4139
[TRAIN train_prithvi_wxc_conservefm_full_s42] [TRAIN] stage=finetune epoch=1/1 batch=490/3000 step=3490 repair=0.3193 localization=0 type=0 minimal=0.6113 physics=1.074 total=0.3792
[TRAIN train_prithvi_wxc_conservefm_full_s42] [TRAIN] stage=finetune epoch=1/1 batch=500/3000 step=3500 repair=0.2787 localization=0 type=0 minimal=0.6611 physics=1.041 total=0.3373
[TRAIN train_prithvi_wxc_conservefm_full_s42] [TRAIN] stage=finetune epoch=1/1 batch=510/3000 step=3510 repair=0.3721 localization=0 type=0 minimal=0.6895 physics=1.777 total=0.4679
[TRAIN train_prithvi_wxc_conservefm_full_s42] [TRAIN] stage=finetune epoch=1/1 batch=520/3000 step=3520 repair=0.2701 localization=0 type=0 minimal=0.6479 physics=1.539 total=0.3536
[TRAIN train_prithvi_wxc_conservefm_full_s42] [TRAIN] stage=finetune epoch=1/1 batch=530/3000 step=3530 repair=0.1216 localization=0 type=0 minimal=0.481 physics=1.806 total=0.2167
[TRAIN train_prithvi_wxc_conservefm_full_s42] [TRAIN] stage=finetune epoch=1/1 batch=540/3000 step=3540 repair=0.1911 localization=0 type=0 minimal=0.5591 physics=1.049 total=0.2492
[TRAIN train_prithvi_wxc_conservefm_full_s42] [TRAIN] stage=finetune epoch=1/1 batch=550/3000 step=3550 repair=0.4966 localization=0 type=0 minimal=0.7734 physics=1.917 total=0.6001
[TRAIN train_prithvi_wxc_conservefm_full_s42] [TRAIN] stage=finetune epoch=1/1 batch=560/3000 step=3560 repair=0.125 localization=0 type=0 minimal=0.4541 physics=1.276 total=0.1934
[TRAIN train_prithvi_wxc_conservefm_full_s42] [TRAIN] stage=finetune epoch=1/1 batch=570/3000 step=3570 repair=0.195 localization=0 type=0 minimal=0.5674 physics=1.246 total=0.2629
[TRAIN train_prithvi_wxc_conservefm_full_s42] [TRAIN] stage=finetune epoch=1/1 batch=580/3000 step=3580 repair=0.3579 localization=0 type=0 minimal=0.7002 physics=1.108 total=0.4203
[TRAIN train_prithvi_wxc_conservefm_full_s42] [TRAIN] stage=finetune epoch=1/1 batch=590/3000 step=3590 repair=0.3061 localization=0 type=0 minimal=0.6128 physics=0.8544 total=0.3549
[TRAIN train_prithvi_wxc_conservefm_full_s42] [TRAIN] stage=finetune epoch=1/1 batch=600/3000 step=3600 repair=0.1321 localization=0 type=0 minimal=0.4949 physics=0.7806 total=0.176
[TRAIN train_prithvi_wxc_conservefm_full_s42] [TRAIN] stage=finetune epoch=1/1 batch=610/3000 step=3610 repair=0.3293 localization=0 type=0 minimal=0.6167 physics=1.359 total=0.4035
[TRAIN train_prithvi_wxc_conservefm_full_s42] [TRAIN] stage=finetune epoch=1/1 batch=620/3000 step=3620 repair=0.3164 localization=0 type=0 minimal=0.6196 physics=1.108 total=0.378
[TRAIN train_prithvi_wxc_conservefm_full_s42] [TRAIN] stage=finetune epoch=1/1 batch=630/3000 step=3630 repair=0.5042 localization=0 type=0 minimal=0.7578 physics=0.9011 total=0.5569
[TRAIN train_prithvi_wxc_conservefm_full_s42] [TRAIN] stage=finetune epoch=1/1 batch=640/3000 step=3640 repair=0.1227 localization=0 type=0 minimal=0.4666 physics=0.913 total=0.1731
[TRAIN train_prithvi_wxc_conservefm_full_s42] [TRAIN] stage=finetune epoch=1/1 batch=650/3000 step=3650 repair=0.1237 localization=0 type=0 minimal=0.4717 physics=0.9531 total=0.176
[TRAIN train_prithvi_wxc_conservefm_full_s42] [TRAIN] stage=finetune epoch=1/1 batch=660/3000 step=3660 repair=0.4707 localization=0 type=0 minimal=0.7476 physics=1.126 total=0.5344
[TRAIN train_prithvi_wxc_conservefm_full_s42] [TRAIN] stage=finetune epoch=1/1 batch=670/3000 step=3670 repair=0.3706 localization=0 type=0 minimal=0.7119 physics=0.8837 total=0.4219
[TRAIN train_prithvi_wxc_conservefm_full_s42] [TRAIN] stage=finetune epoch=1/1 batch=680/3000 step=3680 repair=0.1703 localization=0 type=0 minimal=0.5396 physics=0.7145 total=0.2114
[TRAIN train_prithvi_wxc_conservefm_full_s42] [TRAIN] stage=finetune epoch=1/1 batch=690/3000 step=3690 repair=0.1816 localization=0 type=0 minimal=0.5522 physics=0.8162 total=0.228
[TRAIN train_prithvi_wxc_conservefm_full_s42] [TRAIN] stage=finetune epoch=1/1 batch=700/3000 step=3700 repair=0.4255 localization=0 type=0 minimal=0.7241 physics=0.8969 total=0.4776
[TRAIN train_prithvi_wxc_conservefm_full_s42] [TRAIN] stage=finetune epoch=1/1 batch=710/3000 step=3710 repair=0.2921 localization=0 type=0 minimal=0.5898 physics=0.8891 total=0.3424
[TRAIN train_prithvi_wxc_conservefm_full_s42] [TRAIN] stage=finetune epoch=1/1 batch=720/3000 step=3720 repair=0.5066 localization=0 type=0 minimal=0.7671 physics=0.9783 total=0.5632
[TRAIN train_prithvi_wxc_conservefm_full_s42] [TRAIN] stage=finetune epoch=1/1 batch=730/3000 step=3730 repair=0.3801 localization=0 type=0 minimal=0.7231 physics=1.278 total=0.4512
[TRAIN train_prithvi_wxc_conservefm_full_s42] [TRAIN] stage=finetune epoch=1/1 batch=740/3000 step=3740 repair=0.4725 localization=0 type=0 minimal=0.7607 physics=1.14 total=0.5372
[TRAIN train_prithvi_wxc_conservefm_full_s42] [TRAIN] stage=finetune epoch=1/1 batch=750/3000 step=3750 repair=0.1908 localization=0 type=0 minimal=0.541 physics=0.7772 total=0.235
[TRAIN train_prithvi_wxc_conservefm_full_s42] [TRAIN] stage=finetune epoch=1/1 batch=760/3000 step=3760 repair=0.2875 localization=0 type=0 minimal=0.6084 physics=0.8708 total=0.3371
[TRAIN train_prithvi_wxc_conservefm_full_s42] [TRAIN] stage=finetune epoch=1/1 batch=770/3000 step=3770 repair=0.1942 localization=0 type=0 minimal=0.5503 physics=0.7246 total=0.236
[TRAIN train_prithvi_wxc_conservefm_full_s42] [TRAIN] stage=finetune epoch=1/1 batch=780/3000 step=3780 repair=0.2641 localization=0 type=0 minimal=0.6479 physics=0.661 total=0.3036
[TRAIN train_prithvi_wxc_conservefm_full_s42] [TRAIN] stage=finetune epoch=1/1 batch=790/3000 step=3790 repair=0.2895 localization=0 type=0 minimal=0.6494 physics=0.858 total=0.3389
[TRAIN train_prithvi_wxc_conservefm_full_s42] [TRAIN] stage=finetune epoch=1/1 batch=800/3000 step=3800 repair=0.2329 localization=0 type=0 minimal=0.6431 physics=0.6841 total=0.2735
[TRAIN train_prithvi_wxc_conservefm_full_s42] [TRAIN] stage=finetune epoch=1/1 batch=810/3000 step=3810 repair=0.1705 localization=0 type=0 minimal=0.5601 physics=0.8768 total=0.2199
[TRAIN train_prithvi_wxc_conservefm_full_s42] [TRAIN] stage=finetune epoch=1/1 batch=820/3000 step=3820 repair=0.3905 localization=0 type=0 minimal=0.7363 physics=1.404 total=0.468
[TRAIN train_prithvi_wxc_conservefm_full_s42] [TRAIN] stage=finetune epoch=1/1 batch=830/3000 step=3830 repair=0.3846 localization=0 type=0 minimal=0.7168 physics=1.03 total=0.4433
[TRAIN train_prithvi_wxc_conservefm_full_s42] [TRAIN] stage=finetune epoch=1/1 batch=840/3000 step=3840 repair=0.3185 localization=0 type=0 minimal=0.6846 physics=1.133 total=0.382
[TRAIN train_prithvi_wxc_conservefm_full_s42] [TRAIN] stage=finetune epoch=1/1 batch=850/3000 step=3850 repair=0.5146 localization=0 type=0 minimal=0.7998 physics=0.9604 total=0.5706
[TRAIN train_prithvi_wxc_conservefm_full_s42] [TRAIN] stage=finetune epoch=1/1 batch=860/3000 step=3860 repair=0.5054 localization=0 type=0 minimal=0.7891 physics=1.425 total=0.5845
[TRAIN train_prithvi_wxc_conservefm_full_s42] [TRAIN] stage=finetune epoch=1/1 batch=870/3000 step=3870 repair=0.276 localization=0 type=0 minimal=0.6147 physics=1.505 total=0.3574
[TRAIN train_prithvi_wxc_conservefm_full_s42] [TRAIN] stage=finetune epoch=1/1 batch=880/3000 step=3880 repair=0.173 localization=0 type=0 minimal=0.542 physics=1.131 total=0.235
[TRAIN train_prithvi_wxc_conservefm_full_s42] [TRAIN] stage=finetune epoch=1/1 batch=890/3000 step=3890 repair=0.1747 localization=0 type=0 minimal=0.5776 physics=0.9236 total=0.2267
[TRAIN train_prithvi_wxc_conservefm_full_s42] [TRAIN] stage=finetune epoch=1/1 batch=900/3000 step=3900 repair=0.3504 localization=0 type=0 minimal=0.6987 physics=1.209 total=0.4179
[TRAIN train_prithvi_wxc_conservefm_full_s42] [TRAIN] stage=finetune epoch=1/1 batch=910/3000 step=3910 repair=0.2799 localization=0 type=0 minimal=0.6147 physics=0.987 total=0.3354
[TRAIN train_prithvi_wxc_conservefm_full_s42] [TRAIN] stage=finetune epoch=1/1 batch=920/3000 step=3920 repair=0.2374 localization=0 type=0 minimal=0.6558 physics=0.864 total=0.2872
[TRAIN train_prithvi_wxc_conservefm_full_s42] [TRAIN] stage=finetune epoch=1/1 batch=930/3000 step=3930 repair=0.3873 localization=0 type=0 minimal=0.7256 physics=1.157 total=0.4525
[TRAIN train_prithvi_wxc_conservefm_full_s42] [TRAIN] stage=finetune epoch=1/1 batch=940/3000 step=3940 repair=0.3501 localization=0 type=0 minimal=0.7061 physics=0.9034 total=0.4024
[TRAIN train_prithvi_wxc_conservefm_full_s42] [TRAIN] stage=finetune epoch=1/1 batch=950/3000 step=3950 repair=0.3517 localization=0 type=0 minimal=0.7163 physics=0.7976 total=0.3987
[TRAIN train_prithvi_wxc_conservefm_full_s42] [TRAIN] stage=finetune epoch=1/1 batch=960/3000 step=3960 repair=0.2403 localization=0 type=0 minimal=0.644 physics=0.7868 total=0.286
[TRAIN train_prithvi_wxc_conservefm_full_s42] [TRAIN] stage=finetune epoch=1/1 batch=970/3000 step=3970 repair=0.5075 localization=0 type=0 minimal=0.7822 physics=0.9594 total=0.5633
[TRAIN train_prithvi_wxc_conservefm_full_s42] [TRAIN] stage=finetune epoch=1/1 batch=980/3000 step=3980 repair=0.1726 localization=0 type=0 minimal=0.5386 physics=1.095 total=0.2327
[TRAIN train_prithvi_wxc_conservefm_full_s42] [TRAIN] stage=finetune epoch=1/1 batch=990/3000 step=3990 repair=0.1035 localization=0 type=0 minimal=0.4705 physics=0.5771 total=0.137
[TRAIN train_prithvi_wxc_conservefm_full_s42] [TRAIN] stage=finetune epoch=1/1 batch=1000/3000 step=4000 repair=0.2297 localization=0 type=0 minimal=0.6592 physics=0.7159 total=0.2721
[TRAIN train_prithvi_wxc_conservefm_full_s42] [TRAIN] stage=finetune epoch=1/1 batch=1010/3000 step=4010 repair=0.2883 localization=0 type=0 minimal=0.6289 physics=0.9288 total=0.341
[TRAIN train_prithvi_wxc_conservefm_full_s42] [TRAIN] stage=finetune epoch=1/1 batch=1020/3000 step=4020 repair=0.2452 localization=0 type=0 minimal=0.6357 physics=0.5587 total=0.2795
[TRAIN train_prithvi_wxc_conservefm_full_s42] [TRAIN] stage=finetune epoch=1/1 batch=1030/3000 step=4030 repair=0.2765 localization=0 type=0 minimal=0.6216 physics=0.9492 total=0.3301
[TRAIN train_prithvi_wxc_conservefm_full_s42] [TRAIN] stage=finetune epoch=1/1 batch=1040/3000 step=4040 repair=0.3509 localization=0 type=0 minimal=0.729 physics=1.18 total=0.4172
[TRAIN train_prithvi_wxc_conservefm_full_s42] [TRAIN] stage=finetune epoch=1/1 batch=1050/3000 step=4050 repair=0.4558 localization=0 type=0 minimal=0.8008 physics=0.9235 total=0.51
[TRAIN train_prithvi_wxc_conservefm_full_s42] [TRAIN] stage=finetune epoch=1/1 batch=1060/3000 step=4060 repair=0.2985 localization=0 type=0 minimal=0.6333 physics=1.193 total=0.3645
[TRAIN train_prithvi_wxc_conservefm_full_s42] [TRAIN] stage=finetune epoch=1/1 batch=1070/3000 step=4070 repair=0.3144 localization=0 type=0 minimal=0.7119 physics=1.223 total=0.3827
[TRAIN train_prithvi_wxc_conservefm_full_s42] [TRAIN] stage=finetune epoch=1/1 batch=1080/3000 step=4080 repair=0.2643 localization=0 type=0 minimal=0.5991 physics=0.6155 total=0.301
[TRAIN train_prithvi_wxc_conservefm_full_s42] [TRAIN] stage=finetune epoch=1/1 batch=1090/3000 step=4090 repair=0.1976 localization=0 type=0 minimal=0.5762 physics=1.129 total=0.2598
[TRAIN train_prithvi_wxc_conservefm_full_s42] [TRAIN] stage=finetune epoch=1/1 batch=1100/3000 step=4100 repair=0.4537 localization=0 type=0 minimal=0.7954 physics=1.043 total=0.5138
[TRAIN train_prithvi_wxc_conservefm_full_s42] [TRAIN] stage=finetune epoch=1/1 batch=1110/3000 step=4110 repair=0.2245 localization=0 type=0 minimal=0.6382 physics=1.22 total=0.2919
[TRAIN train_prithvi_wxc_conservefm_full_s42] [TRAIN] stage=finetune epoch=1/1 batch=1120/3000 step=4120 repair=0.375 localization=0 type=0 minimal=0.7178 physics=0.8316 total=0.4238
[TRAIN train_prithvi_wxc_conservefm_full_s42] [TRAIN] stage=finetune epoch=1/1 batch=1130/3000 step=4130 repair=0.1726 localization=0 type=0 minimal=0.5444 physics=1.443 total=0.2502
[TRAIN train_prithvi_wxc_conservefm_full_s42] [TRAIN] stage=finetune epoch=1/1 batch=1140/3000 step=4140 repair=0.1815 localization=0 type=0 minimal=0.564 physics=1.273 total=0.2508
[TRAIN train_prithvi_wxc_conservefm_full_s42] [TRAIN] stage=finetune epoch=1/1 batch=1150/3000 step=4150 repair=0.4176 localization=0 type=0 minimal=0.7686 physics=1.124 total=0.4815
[TRAIN train_prithvi_wxc_conservefm_full_s42] [TRAIN] stage=finetune epoch=1/1 batch=1160/3000 step=4160 repair=0.2839 localization=0 type=0 minimal=0.6318 physics=0.9151 total=0.336
[TRAIN train_prithvi_wxc_conservefm_full_s42] [TRAIN] stage=finetune epoch=1/1 batch=1170/3000 step=4170 repair=0.2856 localization=0 type=0 minimal=0.6196 physics=1.054 total=0.3445
[TRAIN train_prithvi_wxc_conservefm_full_s42] [TRAIN] stage=finetune epoch=1/1 batch=1180/3000 step=4180 repair=0.176 localization=0 type=0 minimal=0.563 physics=1.055 total=0.2344
[TRAIN train_prithvi_wxc_conservefm_full_s42] [TRAIN] stage=finetune epoch=1/1 batch=1190/3000 step=4190 repair=0.3279 localization=0 type=0 minimal=0.7173 physics=1.141 total=0.3921
[TRAIN train_prithvi_wxc_conservefm_full_s42] [TRAIN] stage=finetune epoch=1/1 batch=1200/3000 step=4200 repair=0.2981 localization=0 type=0 minimal=0.6187 physics=0.9933 total=0.3539
[TRAIN train_prithvi_wxc_conservefm_full_s42] [TRAIN] stage=finetune epoch=1/1 batch=1210/3000 step=4210 repair=0.1645 localization=0 type=0 minimal=0.5674 physics=1.127 total=0.2265
[TRAIN train_prithvi_wxc_conservefm_full_s42] [TRAIN] stage=finetune epoch=1/1 batch=1220/3000 step=4220 repair=0.2932 localization=0 type=0 minimal=0.6328 physics=0.971 total=0.348
[TRAIN train_prithvi_wxc_conservefm_full_s42] [TRAIN] stage=finetune epoch=1/1 batch=1230/3000 step=4230 repair=0.3906 localization=0 type=0 minimal=0.7222 physics=0.8157 total=0.4386
[TRAIN train_prithvi_wxc_conservefm_full_s42] [TRAIN] stage=finetune epoch=1/1 batch=1240/3000 step=4240 repair=0.3326 localization=0 type=0 minimal=0.6987 physics=0.8479 total=0.382
[TRAIN train_prithvi_wxc_conservefm_full_s42] [TRAIN] stage=finetune epoch=1/1 batch=1250/3000 step=4250 repair=0.3678 localization=0 type=0 minimal=0.7163 physics=1.004 total=0.4251
[TRAIN train_prithvi_wxc_conservefm_full_s42] [TRAIN] stage=finetune epoch=1/1 batch=1260/3000 step=4260 repair=0.1028 localization=0 type=0 minimal=0.469 physics=0.6846 total=0.1417
[TRAIN train_prithvi_wxc_conservefm_full_s42] [TRAIN] stage=finetune epoch=1/1 batch=1270/3000 step=4270 repair=0.178 localization=0 type=0 minimal=0.5835 physics=1.231 total=0.2453
[TRAIN train_prithvi_wxc_conservefm_full_s42] [TRAIN] stage=finetune epoch=1/1 batch=1280/3000 step=4280 repair=0.2519 localization=0 type=0 minimal=0.6606 physics=1.051 total=0.3111
[TRAIN train_prithvi_wxc_conservefm_full_s42] [TRAIN] stage=finetune epoch=1/1 batch=1290/3000 step=4290 repair=0.4816 localization=0 type=0 minimal=0.7891 physics=1.146 total=0.5468
[TRAIN train_prithvi_wxc_conservefm_full_s42] [TRAIN] stage=finetune epoch=1/1 batch=1300/3000 step=4300 repair=0.4212 localization=0 type=0 minimal=0.7764 physics=0.8175 total=0.4699
[TRAIN train_prithvi_wxc_conservefm_full_s42] [TRAIN] stage=finetune epoch=1/1 batch=1310/3000 step=4310 repair=0.232 localization=0 type=0 minimal=0.6382 physics=1.407 total=0.3087
[TRAIN train_prithvi_wxc_conservefm_full_s42] [TRAIN] stage=finetune epoch=1/1 batch=1320/3000 step=4320 repair=0.3551 localization=0 type=0 minimal=0.7119 physics=0.755 total=0.3999
[TRAIN train_prithvi_wxc_conservefm_full_s42] [TRAIN] stage=finetune epoch=1/1 batch=1330/3000 step=4330 repair=0.2622 localization=0 type=0 minimal=0.647 physics=1.031 total=0.3202
[TRAIN train_prithvi_wxc_conservefm_full_s42] [TRAIN] stage=finetune epoch=1/1 batch=1340/3000 step=4340 repair=0.2726 localization=0 type=0 minimal=0.6279 physics=1.029 total=0.3303
[TRAIN train_prithvi_wxc_conservefm_full_s42] [TRAIN] stage=finetune epoch=1/1 batch=1350/3000 step=4350 repair=0.2531 localization=0 type=0 minimal=0.6343 physics=1.027 total=0.3108
[TRAIN train_prithvi_wxc_conservefm_full_s42] [TRAIN] stage=finetune epoch=1/1 batch=1360/3000 step=4360 repair=0.1513 localization=0 type=0 minimal=0.5537 physics=0.8058 total=0.1971
[TRAIN train_prithvi_wxc_conservefm_full_s42] [TRAIN] stage=finetune epoch=1/1 batch=1370/3000 step=4370 repair=0.1734 localization=0 type=0 minimal=0.5576 physics=0.8558 total=0.2217
[TRAIN train_prithvi_wxc_conservefm_full_s42] [TRAIN] stage=finetune epoch=1/1 batch=1380/3000 step=4380 repair=0.1679 localization=0 type=0 minimal=0.5684 physics=0.8889 total=0.218
[TRAIN train_prithvi_wxc_conservefm_full_s42] [TRAIN] stage=finetune epoch=1/1 batch=1390/3000 step=4390 repair=0.2263 localization=0 type=0 minimal=0.6597 physics=1.73 total=0.3194
[TRAIN train_prithvi_wxc_conservefm_full_s42] [TRAIN] stage=finetune epoch=1/1 batch=1400/3000 step=4400 repair=0.2065 localization=0 type=0 minimal=0.6421 physics=0.5782 total=0.2418
[TRAIN train_prithvi_wxc_conservefm_full_s42] [TRAIN] stage=finetune epoch=1/1 batch=1410/3000 step=4410 repair=0.4364 localization=0 type=0 minimal=0.7964 physics=0.8198 total=0.4854
[TRAIN train_prithvi_wxc_conservefm_full_s42] [TRAIN] stage=finetune epoch=1/1 batch=1420/3000 step=4420 repair=0.1711 localization=0 type=0 minimal=0.5806 physics=0.7682 total=0.2153
[TRAIN train_prithvi_wxc_conservefm_full_s42] [TRAIN] stage=finetune epoch=1/1 batch=1430/3000 step=4430 repair=0.2717 localization=0 type=0 minimal=0.5942 physics=0.7376 total=0.3145
[TRAIN train_prithvi_wxc_conservefm_full_s42] [TRAIN] stage=finetune epoch=1/1 batch=1440/3000 step=4440 repair=0.2729 localization=0 type=0 minimal=0.6245 physics=1.757 total=0.367
[TRAIN train_prithvi_wxc_conservefm_full_s42] [TRAIN] stage=finetune epoch=1/1 batch=1450/3000 step=4450 repair=0.1776 localization=0 type=0 minimal=0.5713 physics=1.395 total=0.2531
[TRAIN train_prithvi_wxc_conservefm_full_s42] [TRAIN] stage=finetune epoch=1/1 batch=1460/3000 step=4460 repair=0.2888 localization=0 type=0 minimal=0.6289 physics=0.6682 total=0.3285
[TRAIN train_prithvi_wxc_conservefm_full_s42] [TRAIN] stage=finetune epoch=1/1 batch=1470/3000 step=4470 repair=0.2342 localization=0 type=0 minimal=0.6626 physics=1.288 total=0.3052
[TRAIN train_prithvi_wxc_conservefm_full_s42] [TRAIN] stage=finetune epoch=1/1 batch=1480/3000 step=4480 repair=0.2823 localization=0 type=0 minimal=0.6079 physics=1.016 total=0.3392
[TRAIN train_prithvi_wxc_conservefm_full_s42] [TRAIN] stage=finetune epoch=1/1 batch=1490/3000 step=4490 repair=0.2372 localization=0 type=0 minimal=0.6475 physics=1.165 total=0.3019
[TRAIN train_prithvi_wxc_conservefm_full_s42] [TRAIN] stage=finetune epoch=1/1 batch=1500/3000 step=4500 repair=0.2974 localization=0 type=0 minimal=0.6221 physics=0.8811 total=0.3477
[TRAIN train_prithvi_wxc_conservefm_full_s42] [TRAIN] stage=finetune epoch=1/1 batch=1510/3000 step=4510 repair=0.4462 localization=0 type=0 minimal=0.7617 physics=0.9473 total=0.5011
[TRAIN train_prithvi_wxc_conservefm_full_s42] [TRAIN] stage=finetune epoch=1/1 batch=1520/3000 step=4520 repair=0.1009 localization=0 type=0 minimal=0.4678 physics=0.985 total=0.1548
[TRAIN train_prithvi_wxc_conservefm_full_s42] [TRAIN] stage=finetune epoch=1/1 batch=1530/3000 step=4530 repair=0.3554 localization=0 type=0 minimal=0.7173 physics=1.073 total=0.4162
[TRAIN train_prithvi_wxc_conservefm_full_s42] [TRAIN] stage=finetune epoch=1/1 batch=1540/3000 step=4540 repair=0.352 localization=0 type=0 minimal=0.7227 physics=0.9316 total=0.4058
[TRAIN train_prithvi_wxc_conservefm_full_s42] [TRAIN] stage=finetune epoch=1/1 batch=1550/3000 step=4550 repair=0.2627 localization=0 type=0 minimal=0.6167 physics=1.602 total=0.3489
[TRAIN train_prithvi_wxc_conservefm_full_s42] [TRAIN] stage=finetune epoch=1/1 batch=1560/3000 step=4560 repair=0.09448 localization=0 type=0 minimal=0.478 physics=0.5291 total=0.1257
[TRAIN train_prithvi_wxc_conservefm_full_s42] [TRAIN] stage=finetune epoch=1/1 batch=1570/3000 step=4570 repair=0.4277 localization=0 type=0 minimal=0.7544 physics=1.184 total=0.4945
[TRAIN train_prithvi_wxc_conservefm_full_s42] [TRAIN] stage=finetune epoch=1/1 batch=1580/3000 step=4580 repair=0.2448 localization=0 type=0 minimal=0.6353 physics=1.054 total=0.3038
[TRAIN train_prithvi_wxc_conservefm_full_s42] [TRAIN] stage=finetune epoch=1/1 batch=1590/3000 step=4590 repair=0.09445 localization=0 type=0 minimal=0.4609 physics=0.8739 total=0.1427
[TRAIN train_prithvi_wxc_conservefm_full_s42] [TRAIN] stage=finetune epoch=1/1 batch=1600/3000 step=4600 repair=0.1023 localization=0 type=0 minimal=0.4766 physics=0.9687 total=0.1555
[TRAIN train_prithvi_wxc_conservefm_full_s42] [TRAIN] stage=finetune epoch=1/1 batch=1610/3000 step=4610 repair=0.2819 localization=0 type=0 minimal=0.6387 physics=0.9021 total=0.3334
[TRAIN train_prithvi_wxc_conservefm_full_s42] [TRAIN] stage=finetune epoch=1/1 batch=1620/3000 step=4620 repair=0.3054 localization=0 type=0 minimal=0.6382 physics=0.874 total=0.3555
[TRAIN train_prithvi_wxc_conservefm_full_s42] [TRAIN] stage=finetune epoch=1/1 batch=1630/3000 step=4630 repair=0.1675 localization=0 type=0 minimal=0.5557 physics=1.041 total=0.2251
[TRAIN train_prithvi_wxc_conservefm_full_s42] [TRAIN] stage=finetune epoch=1/1 batch=1640/3000 step=4640 repair=0.1773 localization=0 type=0 minimal=0.5898 physics=0.7656 total=0.2215
[TRAIN train_prithvi_wxc_conservefm_full_s42] [TRAIN] stage=finetune epoch=1/1 batch=1650/3000 step=4650 repair=0.09369 localization=0 type=0 minimal=0.4753 physics=0.9702 total=0.147
[TRAIN train_prithvi_wxc_conservefm_full_s42] [TRAIN] stage=finetune epoch=1/1 batch=1660/3000 step=4660 repair=0.2742 localization=0 type=0 minimal=0.6089 physics=0.859 total=0.3233
[TRAIN train_prithvi_wxc_conservefm_full_s42] [TRAIN] stage=finetune epoch=1/1 batch=1670/3000 step=4670 repair=0.2725 localization=0 type=0 minimal=0.6182 physics=1.118 total=0.3346
[TRAIN train_prithvi_wxc_conservefm_full_s42] [TRAIN] stage=finetune epoch=1/1 batch=1680/3000 step=4680 repair=0.3294 localization=0 type=0 minimal=0.7256 physics=0.7245 total=0.3729
[TRAIN train_prithvi_wxc_conservefm_full_s42] [TRAIN] stage=finetune epoch=1/1 batch=1690/3000 step=4690 repair=0.4637 localization=0 type=0 minimal=0.7886 physics=1.127 total=0.5279
[TRAIN train_prithvi_wxc_conservefm_full_s42] [TRAIN] stage=finetune epoch=1/1 batch=1700/3000 step=4700 repair=0.1573 localization=0 type=0 minimal=0.5654 physics=0.9166 total=0.2088
[TRAIN train_prithvi_wxc_conservefm_full_s42] [TRAIN] stage=finetune epoch=1/1 batch=1710/3000 step=4710 repair=0.3454 localization=0 type=0 minimal=0.7197 physics=0.6155 total=0.3834
[TRAIN train_prithvi_wxc_conservefm_full_s42] [TRAIN] stage=finetune epoch=1/1 batch=1720/3000 step=4720 repair=0.149 localization=0 type=0 minimal=0.5625 physics=0.8293 total=0.1961
[TRAIN train_prithvi_wxc_conservefm_full_s42] [TRAIN] stage=finetune epoch=1/1 batch=1730/3000 step=4730 repair=0.2426 localization=0 type=0 minimal=0.6733 physics=0.7019 total=0.2845
[TRAIN train_prithvi_wxc_conservefm_full_s42] [TRAIN] stage=finetune epoch=1/1 batch=1740/3000 step=4740 repair=0.2319 localization=0 type=0 minimal=0.6689 physics=0.8542 total=0.2813
[TRAIN train_prithvi_wxc_conservefm_full_s42] [TRAIN] stage=finetune epoch=1/1 batch=1750/3000 step=4750 repair=0.09219 localization=0 type=0 minimal=0.4744 physics=0.5035 total=0.1221
[TRAIN train_prithvi_wxc_conservefm_full_s42] [TRAIN] stage=finetune epoch=1/1 batch=1760/3000 step=4760 repair=0.1618 localization=0 type=0 minimal=0.5781 physics=0.8471 total=0.2099
[TRAIN train_prithvi_wxc_conservefm_full_s42] [TRAIN] stage=finetune epoch=1/1 batch=1770/3000 step=4770 repair=0.09689 localization=0 type=0 minimal=0.4861 physics=0.6589 total=0.1347
[TRAIN train_prithvi_wxc_conservefm_full_s42] [TRAIN] stage=finetune epoch=1/1 batch=1780/3000 step=4780 repair=0.289 localization=0 type=0 minimal=0.6343 physics=1.594 total=0.3751
[TRAIN train_prithvi_wxc_conservefm_full_s42] [TRAIN] stage=finetune epoch=1/1 batch=1790/3000 step=4790 repair=0.1609 localization=0 type=0 minimal=0.5693 physics=0.423 total=0.1877
[TRAIN train_prithvi_wxc_conservefm_full_s42] [TRAIN] stage=finetune epoch=1/1 batch=1800/3000 step=4800 repair=0.2583 localization=0 type=0 minimal=0.6343 physics=1.4 total=0.3346
[TRAIN train_prithvi_wxc_conservefm_full_s42] [TRAIN] stage=finetune epoch=1/1 batch=1810/3000 step=4810 repair=0.4523 localization=0 type=0 minimal=0.7808 physics=1.108 total=0.5155
[TRAIN train_prithvi_wxc_conservefm_full_s42] [TRAIN] stage=finetune epoch=1/1 batch=1820/3000 step=4820 repair=0.1626 localization=0 type=0 minimal=0.5522 physics=0.968 total=0.2165
[TRAIN train_prithvi_wxc_conservefm_full_s42] [TRAIN] stage=finetune epoch=1/1 batch=1830/3000 step=4830 repair=0.17 localization=0 type=0 minimal=0.5747 physics=1.162 total=0.2339
[TRAIN train_prithvi_wxc_conservefm_full_s42] [TRAIN] stage=finetune epoch=1/1 batch=1840/3000 step=4840 repair=0.2885 localization=0 type=0 minimal=0.6309 physics=1.168 total=0.3532
[TRAIN train_prithvi_wxc_conservefm_full_s42] [TRAIN] stage=finetune epoch=1/1 batch=1850/3000 step=4850 repair=0.3049 localization=0 type=0 minimal=0.7114 physics=1.093 total=0.3667
[TRAIN train_prithvi_wxc_conservefm_full_s42] [TRAIN] stage=finetune epoch=1/1 batch=1860/3000 step=4860 repair=0.1707 localization=0 type=0 minimal=0.5615 physics=1.043 total=0.2285
[TRAIN train_prithvi_wxc_conservefm_full_s42] [TRAIN] stage=finetune epoch=1/1 batch=1870/3000 step=4870 repair=0.2264 localization=0 type=0 minimal=0.6587 physics=0.7991 total=0.2729
[TRAIN train_prithvi_wxc_conservefm_full_s42] [TRAIN] stage=finetune epoch=1/1 batch=1880/3000 step=4880 repair=0.3377 localization=0 type=0 minimal=0.7314 physics=0.6535 total=0.3777
[TRAIN train_prithvi_wxc_conservefm_full_s42] [TRAIN] stage=finetune epoch=1/1 batch=1890/3000 step=4890 repair=0.2736 localization=0 type=0 minimal=0.668 physics=0.5685 total=0.3087
[TRAIN train_prithvi_wxc_conservefm_full_s42] [TRAIN] stage=finetune epoch=1/1 batch=1900/3000 step=4900 repair=0.3772 localization=0 type=0 minimal=0.7378 physics=0.6722 total=0.4182
[TRAIN train_prithvi_wxc_conservefm_full_s42] [TRAIN] stage=finetune epoch=1/1 batch=1910/3000 step=4910 repair=0.08827 localization=0 type=0 minimal=0.4692 physics=0.6227 total=0.1241
[TRAIN train_prithvi_wxc_conservefm_full_s42] [TRAIN] stage=finetune epoch=1/1 batch=1920/3000 step=4920 repair=0.1475 localization=0 type=0 minimal=0.5742 physics=0.8163 total=0.1941
[TRAIN train_prithvi_wxc_conservefm_full_s42] [TRAIN] stage=finetune epoch=1/1 batch=1930/3000 step=4930 repair=0.1545 localization=0 type=0 minimal=0.5664 physics=0.567 total=0.1886
[TRAIN train_prithvi_wxc_conservefm_full_s42] [TRAIN] stage=finetune epoch=1/1 batch=1940/3000 step=4940 repair=0.3223 localization=0 type=0 minimal=0.7173 physics=1.035 total=0.3812
[TRAIN train_prithvi_wxc_conservefm_full_s42] [TRAIN] stage=finetune epoch=1/1 batch=1950/3000 step=4950 repair=0.09839 localization=0 type=0 minimal=0.4719 physics=0.7159 total=0.1389
[TRAIN train_prithvi_wxc_conservefm_full_s42] [TRAIN] stage=finetune epoch=1/1 batch=1960/3000 step=4960 repair=0.1849 localization=0 type=0 minimal=0.5571 physics=0.6462 total=0.2227
[TRAIN train_prithvi_wxc_conservefm_full_s42] [TRAIN] stage=finetune epoch=1/1 batch=1970/3000 step=4970 repair=0.3488 localization=0 type=0 minimal=0.7485 physics=1.04 total=0.4082
[TRAIN train_prithvi_wxc_conservefm_full_s42] [TRAIN] stage=finetune epoch=1/1 batch=1980/3000 step=4980 repair=0.4636 localization=0 type=0 minimal=0.7886 physics=1.231 total=0.533
[TRAIN train_prithvi_wxc_conservefm_full_s42] [TRAIN] stage=finetune epoch=1/1 batch=1990/3000 step=4990 repair=0.3971 localization=0 type=0 minimal=0.7729 physics=1.007 total=0.4552
[TRAIN train_prithvi_wxc_conservefm_full_s42] [TRAIN] stage=finetune epoch=1/1 batch=2000/3000 step=5000 repair=0.2497 localization=0 type=0 minimal=0.6533 physics=0.9772 total=0.3051
[TRAIN train_prithvi_wxc_conservefm_full_s42] [TRAIN] stage=finetune epoch=1/1 batch=2010/3000 step=5010 repair=0.3273 localization=0 type=0 minimal=0.7085 physics=1.085 total=0.3886
[TRAIN train_prithvi_wxc_conservefm_full_s42] [TRAIN] stage=finetune epoch=1/1 batch=2020/3000 step=5020 repair=0.281 localization=0 type=0 minimal=0.6431 physics=0.6822 total=0.3215
[TRAIN train_prithvi_wxc_conservefm_full_s42] [TRAIN] stage=finetune epoch=1/1 batch=2030/3000 step=5030 repair=0.3041 localization=0 type=0 minimal=0.6382 physics=1.07 total=0.364
[TRAIN train_prithvi_wxc_conservefm_full_s42] [TRAIN] stage=finetune epoch=1/1 batch=2040/3000 step=5040 repair=0.1009 localization=0 type=0 minimal=0.481 physics=1.185 total=0.165
[TRAIN train_prithvi_wxc_conservefm_full_s42] [TRAIN] stage=finetune epoch=1/1 batch=2050/3000 step=5050 repair=0.2293 localization=0 type=0 minimal=0.6494 physics=1.414 total=0.3065
[TRAIN train_prithvi_wxc_conservefm_full_s42] [TRAIN] stage=finetune epoch=1/1 batch=2060/3000 step=5060 repair=0.1009 localization=0 type=0 minimal=0.467 physics=0.5549 total=0.1333
[TRAIN train_prithvi_wxc_conservefm_full_s42] [TRAIN] stage=finetune epoch=1/1 batch=2070/3000 step=5070 repair=0.2332 localization=0 type=0 minimal=0.645 physics=0.7143 total=0.2753
[TRAIN train_prithvi_wxc_conservefm_full_s42] [TRAIN] stage=finetune epoch=1/1 batch=2080/3000 step=5080 repair=0.2256 localization=0 type=0 minimal=0.6616 physics=1.156 total=0.29
[TRAIN train_prithvi_wxc_conservefm_full_s42] [TRAIN] stage=finetune epoch=1/1 batch=2090/3000 step=5090 repair=0.3556 localization=0 type=0 minimal=0.7217 physics=0.9979 total=0.4127
[TRAIN train_prithvi_wxc_conservefm_full_s42] [TRAIN] stage=finetune epoch=1/1 batch=2100/3000 step=5100 repair=0.156 localization=0 type=0 minimal=0.5454 physics=1.102 total=0.2166
[TRAIN train_prithvi_wxc_conservefm_full_s42] [TRAIN] stage=finetune epoch=1/1 batch=2110/3000 step=5110 repair=0.1567 localization=0 type=0 minimal=0.5786 physics=0.8481 total=0.2049
[TRAIN train_prithvi_wxc_conservefm_full_s42] [TRAIN] stage=finetune epoch=1/1 batch=2120/3000 step=5120 repair=0.3079 localization=0 type=0 minimal=0.7202 physics=0.7665 total=0.3534
[TRAIN train_prithvi_wxc_conservefm_full_s42] [TRAIN] stage=finetune epoch=1/1 batch=2130/3000 step=5130 repair=0.3192 localization=0 type=0 minimal=0.6992 physics=0.7399 total=0.3632
[TRAIN train_prithvi_wxc_conservefm_full_s42] [TRAIN] stage=finetune epoch=1/1 batch=2140/3000 step=5140 repair=0.2656 localization=0 type=0 minimal=0.626 physics=0.9132 total=0.3175
[TRAIN train_prithvi_wxc_conservefm_full_s42] [TRAIN] stage=finetune epoch=1/1 batch=2150/3000 step=5150 repair=0.1735 localization=0 type=0 minimal=0.5596 physics=1.327 total=0.2454
[TRAIN train_prithvi_wxc_conservefm_full_s42] [TRAIN] stage=finetune epoch=1/1 batch=2160/3000 step=5160 repair=0.3562 localization=0 type=0 minimal=0.7583 physics=0.8797 total=0.4078
[TRAIN train_prithvi_wxc_conservefm_full_s42] [TRAIN] stage=finetune epoch=1/1 batch=2170/3000 step=5170 repair=0.418 localization=0 type=0 minimal=0.7871 physics=1.109 total=0.4813
[TRAIN train_prithvi_wxc_conservefm_full_s42] [TRAIN] stage=finetune epoch=1/1 batch=2180/3000 step=5180 repair=0.09189 localization=0 type=0 minimal=0.4768 physics=0.539 total=0.1236
[TRAIN train_prithvi_wxc_conservefm_full_s42] [TRAIN] stage=finetune epoch=1/1 batch=2190/3000 step=5190 repair=0.1607 localization=0 type=0 minimal=0.5615 physics=1.211 total=0.2269
[TRAIN train_prithvi_wxc_conservefm_full_s42] [TRAIN] stage=finetune epoch=1/1 batch=2200/3000 step=5200 repair=0.1611 localization=0 type=0 minimal=0.5679 physics=0.8002 total=0.2068
[TRAIN train_prithvi_wxc_conservefm_full_s42] [TRAIN] stage=finetune epoch=1/1 batch=2210/3000 step=5210 repair=0.4172 localization=0 type=0 minimal=0.8013 physics=1.52 total=0.5012
[TRAIN train_prithvi_wxc_conservefm_full_s42] [TRAIN] stage=finetune epoch=1/1 batch=2220/3000 step=5220 repair=0.3075 localization=0 type=0 minimal=0.729 physics=0.6709 total=0.3483
[TRAIN train_prithvi_wxc_conservefm_full_s42] [TRAIN] stage=finetune epoch=1/1 batch=2230/3000 step=5230 repair=0.3373 localization=0 type=0 minimal=0.7109 physics=1.585 total=0.4237
[TRAIN train_prithvi_wxc_conservefm_full_s42] [TRAIN] stage=finetune epoch=1/1 batch=2240/3000 step=5240 repair=0.2043 localization=0 type=0 minimal=0.6382 physics=0.6713 total=0.2442
[TRAIN train_prithvi_wxc_conservefm_full_s42] [TRAIN] stage=finetune epoch=1/1 batch=2250/3000 step=5250 repair=0.2613 localization=0 type=0 minimal=0.6172 physics=1.161 total=0.3256
[TRAIN train_prithvi_wxc_conservefm_full_s42] [TRAIN] stage=finetune epoch=1/1 batch=2260/3000 step=5260 repair=0.09174 localization=0 type=0 minimal=0.4829 physics=0.4992 total=0.1215
[TRAIN train_prithvi_wxc_conservefm_full_s42] [TRAIN] stage=finetune epoch=1/1 batch=2270/3000 step=5270 repair=0.1481 localization=0 type=0 minimal=0.5776 physics=0.7263 total=0.1902
[TRAIN train_prithvi_wxc_conservefm_full_s42] [TRAIN] stage=finetune epoch=1/1 batch=2280/3000 step=5280 repair=0.2085 localization=0 type=0 minimal=0.647 physics=0.5856 total=0.2443
[TRAIN train_prithvi_wxc_conservefm_full_s42] [TRAIN] stage=finetune epoch=1/1 batch=2290/3000 step=5290 repair=0.2466 localization=0 type=0 minimal=0.6436 physics=0.9414 total=0.3001
[TRAIN train_prithvi_wxc_conservefm_full_s42] [TRAIN] stage=finetune epoch=1/1 batch=2300/3000 step=5300 repair=0.321 localization=0 type=0 minimal=0.7266 physics=0.8266 total=0.3696
[TRAIN train_prithvi_wxc_conservefm_full_s42] [TRAIN] stage=finetune epoch=1/1 batch=2310/3000 step=5310 repair=0.2236 localization=0 type=0 minimal=0.668 physics=0.5578 total=0.2582
[TRAIN train_prithvi_wxc_conservefm_full_s42] [TRAIN] stage=finetune epoch=1/1 batch=2320/3000 step=5320 repair=0.2809 localization=0 type=0 minimal=0.6367 physics=0.6501 total=0.3198
[TRAIN train_prithvi_wxc_conservefm_full_s42] [TRAIN] stage=finetune epoch=1/1 batch=2330/3000 step=5330 repair=0.2598 localization=0 type=0 minimal=0.6543 physics=0.9034 total=0.3115
[TRAIN train_prithvi_wxc_conservefm_full_s42] [TRAIN] stage=finetune epoch=1/1 batch=2340/3000 step=5340 repair=0.1542 localization=0 type=0 minimal=0.5635 physics=0.5994 total=0.1898
[TRAIN train_prithvi_wxc_conservefm_full_s42] [TRAIN] stage=finetune epoch=1/1 batch=2350/3000 step=5350 repair=0.2119 localization=0 type=0 minimal=0.6519 physics=1.077 total=0.2722
[TRAIN train_prithvi_wxc_conservefm_full_s42] [TRAIN] stage=finetune epoch=1/1 batch=2360/3000 step=5360 repair=0.1594 localization=0 type=0 minimal=0.5723 physics=0.725 total=0.2013
[TRAIN train_prithvi_wxc_conservefm_full_s42] [TRAIN] stage=finetune epoch=1/1 batch=2370/3000 step=5370 repair=0.3539 localization=0 type=0 minimal=0.7314 physics=0.8665 total=0.4046
[TRAIN train_prithvi_wxc_conservefm_full_s42] [TRAIN] stage=finetune epoch=1/1 batch=2380/3000 step=5380 repair=0.4374 localization=0 type=0 minimal=0.7993 physics=0.8807 total=0.4895
[TRAIN train_prithvi_wxc_conservefm_full_s42] [TRAIN] stage=finetune epoch=1/1 batch=2390/3000 step=5390 repair=0.2567 localization=0 type=0 minimal=0.6548 physics=1.021 total=0.3143
[TRAIN train_prithvi_wxc_conservefm_full_s42] [TRAIN] stage=finetune epoch=1/1 batch=2400/3000 step=5400 repair=0.3025 localization=0 type=0 minimal=0.7188 physics=1.25 total=0.3722
[TRAIN train_prithvi_wxc_conservefm_full_s42] [TRAIN] stage=finetune epoch=1/1 batch=2410/3000 step=5410 repair=0.4215 localization=0 type=0 minimal=0.7954 physics=1.142 total=0.4866
[TRAIN train_prithvi_wxc_conservefm_full_s42] [TRAIN] stage=finetune epoch=1/1 batch=2420/3000 step=5420 repair=0.261 localization=0 type=0 minimal=0.6475 physics=0.6302 total=0.299
[TRAIN train_prithvi_wxc_conservefm_full_s42] [TRAIN] stage=finetune epoch=1/1 batch=2430/3000 step=5430 repair=0.2574 localization=0 type=0 minimal=0.6143 physics=1.281 total=0.3276
[TRAIN train_prithvi_wxc_conservefm_full_s42] [TRAIN] stage=finetune epoch=1/1 batch=2440/3000 step=5440 repair=0.2733 localization=0 type=0 minimal=0.6411 physics=0.9242 total=0.3259
[TRAIN train_prithvi_wxc_conservefm_full_s42] [TRAIN] stage=finetune epoch=1/1 batch=2450/3000 step=5450 repair=0.2305 localization=0 type=0 minimal=0.6299 physics=1.029 total=0.2883
[TRAIN train_prithvi_wxc_conservefm_full_s42] [TRAIN] stage=finetune epoch=1/1 batch=2460/3000 step=5460 repair=0.1353 localization=0 type=0 minimal=0.5615 physics=0.6218 total=0.172
[TRAIN train_prithvi_wxc_conservefm_full_s42] [TRAIN] stage=finetune epoch=1/1 batch=2470/3000 step=5470 repair=0.1419 localization=0 type=0 minimal=0.5718 physics=0.8694 total=0.1911
[TRAIN train_prithvi_wxc_conservefm_full_s42] [TRAIN] stage=finetune epoch=1/1 batch=2480/3000 step=5480 repair=0.3129 localization=0 type=0 minimal=0.7319 physics=0.7372 total=0.3571
[TRAIN train_prithvi_wxc_conservefm_full_s42] [TRAIN] stage=finetune epoch=1/1 batch=2490/3000 step=5490 repair=0.2947 localization=0 type=0 minimal=0.6318 physics=0.8052 total=0.3413
[TRAIN train_prithvi_wxc_conservefm_full_s42] [TRAIN] stage=finetune epoch=1/1 batch=2500/3000 step=5500 repair=0.08666 localization=0 type=0 minimal=0.4788 physics=0.7681 total=0.1298
[TRAIN train_prithvi_wxc_conservefm_full_s42] [TRAIN] stage=finetune epoch=1/1 batch=2510/3000 step=5510 repair=0.1541 localization=0 type=0 minimal=0.5703 physics=0.6331 total=0.1914
[TRAIN train_prithvi_wxc_conservefm_full_s42] [TRAIN] stage=finetune epoch=1/1 batch=2520/3000 step=5520 repair=0.09065 localization=0 type=0 minimal=0.4939 physics=1.005 total=0.1458
[TRAIN train_prithvi_wxc_conservefm_full_s42] [TRAIN] stage=finetune epoch=1/1 batch=2530/3000 step=5530 repair=0.3441 localization=0 type=0 minimal=0.752 physics=0.6337 total=0.3834
[TRAIN train_prithvi_wxc_conservefm_full_s42] [TRAIN] stage=finetune epoch=1/1 batch=2540/3000 step=5540 repair=0.1758 localization=0 type=0 minimal=0.5659 physics=0.742 total=0.2185
[TRAIN train_prithvi_wxc_conservefm_full_s42] [TRAIN] stage=finetune epoch=1/1 batch=2550/3000 step=5550 repair=0.09479 localization=0 type=0 minimal=0.478 physics=0.8499 total=0.1421
[TRAIN train_prithvi_wxc_conservefm_full_s42] [TRAIN] stage=finetune epoch=1/1 batch=2560/3000 step=5560 repair=0.419 localization=0 type=0 minimal=0.7798 physics=1.014 total=0.4775
[TRAIN train_prithvi_wxc_conservefm_full_s42] [TRAIN] stage=finetune epoch=1/1 batch=2570/3000 step=5570 repair=0.2537 localization=0 type=0 minimal=0.623 physics=0.7845 total=0.2991
[TRAIN train_prithvi_wxc_conservefm_full_s42] [TRAIN] stage=finetune epoch=1/1 batch=2580/3000 step=5580 repair=0.2525 localization=0 type=0 minimal=0.6548 physics=0.8609 total=0.3021
[TRAIN train_prithvi_wxc_conservefm_full_s42] [TRAIN] stage=finetune epoch=1/1 batch=2590/3000 step=5590 repair=0.2788 localization=0 type=0 minimal=0.6665 physics=0.992 total=0.335
[TRAIN train_prithvi_wxc_conservefm_full_s42] [TRAIN] stage=finetune epoch=1/1 batch=2600/3000 step=5600 repair=0.1484 localization=0 type=0 minimal=0.5625 physics=0.8529 total=0.1967
[TRAIN train_prithvi_wxc_conservefm_full_s42] [TRAIN] stage=finetune epoch=1/1 batch=2610/3000 step=5610 repair=0.1504 localization=0 type=0 minimal=0.5933 physics=1.139 total=0.2133
[TRAIN train_prithvi_wxc_conservefm_full_s42] [TRAIN] stage=finetune epoch=1/1 batch=2620/3000 step=5620 repair=0.3325 localization=0 type=0 minimal=0.7305 physics=0.6873 total=0.3741
[TRAIN train_prithvi_wxc_conservefm_full_s42] [TRAIN] stage=finetune epoch=1/1 batch=2630/3000 step=5630 repair=0.1695 localization=0 type=0 minimal=0.5776 physics=0.599 total=0.2052
[TRAIN train_prithvi_wxc_conservefm_full_s42] [TRAIN] stage=finetune epoch=1/1 batch=2640/3000 step=5640 repair=0.3135 localization=0 type=0 minimal=0.7168 physics=1.07 total=0.3741
[TRAIN train_prithvi_wxc_conservefm_full_s42] [TRAIN] stage=finetune epoch=1/1 batch=2650/3000 step=5650 repair=0.164 localization=0 type=0 minimal=0.583 physics=0.6616 total=0.2029
[TRAIN train_prithvi_wxc_conservefm_full_s42] [TRAIN] stage=finetune epoch=1/1 batch=2660/3000 step=5660 repair=0.2472 localization=0 type=0 minimal=0.6523 physics=0.7218 total=0.2898
[TRAIN train_prithvi_wxc_conservefm_full_s42] [TRAIN] stage=finetune epoch=1/1 batch=2670/3000 step=5670 repair=0.2513 localization=0 type=0 minimal=0.6284 physics=1.607 total=0.3379
[TRAIN train_prithvi_wxc_conservefm_full_s42] [TRAIN] stage=finetune epoch=1/1 batch=2680/3000 step=5680 repair=0.2531 localization=0 type=0 minimal=0.6426 physics=0.6284 total=0.2909
[TRAIN train_prithvi_wxc_conservefm_full_s42] [TRAIN] stage=finetune epoch=1/1 batch=2690/3000 step=5690 repair=0.2383 localization=0 type=0 minimal=0.6177 physics=0.6496 total=0.277
[TRAIN train_prithvi_wxc_conservefm_full_s42] [TRAIN] stage=finetune epoch=1/1 batch=2700/3000 step=5700 repair=0.165 localization=0 type=0 minimal=0.5825 physics=0.844 total=0.213
[TRAIN train_prithvi_wxc_conservefm_full_s42] [TRAIN] stage=finetune epoch=1/1 batch=2710/3000 step=5710 repair=0.2557 localization=0 type=0 minimal=0.6279 physics=1.599 total=0.3419
[TRAIN train_prithvi_wxc_conservefm_full_s42] [TRAIN] stage=finetune epoch=1/1 batch=2720/3000 step=5720 repair=0.09126 localization=0 type=0 minimal=0.4902 physics=1.602 total=0.1763
[TRAIN train_prithvi_wxc_conservefm_full_s42] [TRAIN] stage=finetune epoch=1/1 batch=2730/3000 step=5730 repair=0.1507 localization=0 type=0 minimal=0.5625 physics=1.163 total=0.2145
[TRAIN train_prithvi_wxc_conservefm_full_s42] [TRAIN] stage=finetune epoch=1/1 batch=2740/3000 step=5740 repair=0.3184 localization=0 type=0 minimal=0.7197 physics=1.629 total=0.407
[TRAIN train_prithvi_wxc_conservefm_full_s42] [TRAIN] stage=finetune epoch=1/1 batch=2750/3000 step=5750 repair=0.1603 localization=0 type=0 minimal=0.5928 physics=1.494 total=0.2409
[TRAIN train_prithvi_wxc_conservefm_full_s42] [TRAIN] stage=finetune epoch=1/1 batch=2760/3000 step=5760 repair=0.271 localization=0 type=0 minimal=0.6602 physics=1.546 total=0.3549
[TRAIN train_prithvi_wxc_conservefm_full_s42] [TRAIN] stage=finetune epoch=1/1 batch=2770/3000 step=5770 repair=0.09136 localization=0 type=0 minimal=0.4712 physics=1.254 total=0.1588
[TRAIN train_prithvi_wxc_conservefm_full_s42] [TRAIN] stage=finetune epoch=1/1 batch=2780/3000 step=5780 repair=0.2375 localization=0 type=0 minimal=0.6343 physics=0.6294 total=0.2753
[TRAIN train_prithvi_wxc_conservefm_full_s42] [TRAIN] stage=finetune epoch=1/1 batch=2790/3000 step=5790 repair=0.1673 localization=0 type=0 minimal=0.5757 physics=0.957 total=0.2209
[TRAIN train_prithvi_wxc_conservefm_full_s42] [TRAIN] stage=finetune epoch=1/1 batch=2800/3000 step=5800 repair=0.1549 localization=0 type=0 minimal=0.5737 physics=0.9868 total=0.21
[TRAIN train_prithvi_wxc_conservefm_full_s42] [TRAIN] stage=finetune epoch=1/1 batch=2810/3000 step=5810 repair=0.08981 localization=0 type=0 minimal=0.4724 physics=0.9173 total=0.1404
[TRAIN train_prithvi_wxc_conservefm_full_s42] [TRAIN] stage=finetune epoch=1/1 batch=2820/3000 step=5820 repair=0.15 localization=0 type=0 minimal=0.5645 physics=0.9687 total=0.2041
[TRAIN train_prithvi_wxc_conservefm_full_s42] [TRAIN] stage=finetune epoch=1/1 batch=2830/3000 step=5830 repair=0.2195 localization=0 type=0 minimal=0.6523 physics=0.9149 total=0.2718
[TRAIN train_prithvi_wxc_conservefm_full_s42] [TRAIN] stage=finetune epoch=1/1 batch=2840/3000 step=5840 repair=0.1504 localization=0 type=0 minimal=0.5776 physics=0.5916 total=0.1857
[TRAIN train_prithvi_wxc_conservefm_full_s42] [TRAIN] stage=finetune epoch=1/1 batch=2850/3000 step=5850 repair=0.08315 localization=0 type=0 minimal=0.4634 physics=0.5171 total=0.1136
[TRAIN train_prithvi_wxc_conservefm_full_s42] [TRAIN] stage=finetune epoch=1/1 batch=2860/3000 step=5860 repair=0.4049 localization=0 type=0 minimal=0.7837 physics=0.8462 total=0.455
[TRAIN train_prithvi_wxc_conservefm_full_s42] [TRAIN] stage=finetune epoch=1/1 batch=2870/3000 step=5870 repair=0.2318 localization=0 type=0 minimal=0.6636 physics=0.6868 total=0.2727
[TRAIN train_prithvi_wxc_conservefm_full_s42] [TRAIN] stage=finetune epoch=1/1 batch=2880/3000 step=5880 repair=0.402 localization=0 type=0 minimal=0.7778 physics=0.6702 total=0.4433
[TRAIN train_prithvi_wxc_conservefm_full_s42] [TRAIN] stage=finetune epoch=1/1 batch=2890/3000 step=5890 repair=0.3555 localization=0 type=0 minimal=0.7773 physics=0.886 total=0.4076
[TRAIN train_prithvi_wxc_conservefm_full_s42] [TRAIN] stage=finetune epoch=1/1 batch=2900/3000 step=5900 repair=0.2499 localization=0 type=0 minimal=0.6235 physics=0.7867 total=0.2955
[TRAIN train_prithvi_wxc_conservefm_full_s42] [TRAIN] stage=finetune epoch=1/1 batch=2910/3000 step=5910 repair=0.2267 localization=0 type=0 minimal=0.6743 physics=0.6887 total=0.2678
[TRAIN train_prithvi_wxc_conservefm_full_s42] [TRAIN] stage=finetune epoch=1/1 batch=2920/3000 step=5920 repair=0.1406 localization=0 type=0 minimal=0.5669 physics=0.8155 total=0.187
[TRAIN train_prithvi_wxc_conservefm_full_s42] [TRAIN] stage=finetune epoch=1/1 batch=2930/3000 step=5930 repair=0.1601 localization=0 type=0 minimal=0.5791 physics=0.6192 total=0.1969
[TRAIN train_prithvi_wxc_conservefm_full_s42] [TRAIN] stage=finetune epoch=1/1 batch=2940/3000 step=5940 repair=0.3948 localization=0 type=0 minimal=0.8071 physics=0.8554 total=0.4457
[TRAIN train_prithvi_wxc_conservefm_full_s42] [TRAIN] stage=finetune epoch=1/1 batch=2950/3000 step=5950 repair=0.3162 localization=0 type=0 minimal=0.7339 physics=0.8506 total=0.3661
[TRAIN train_prithvi_wxc_conservefm_full_s42] [TRAIN] stage=finetune epoch=1/1 batch=2960/3000 step=5960 repair=0.3186 localization=0 type=0 minimal=0.7383 physics=0.8344 total=0.3677
[TRAIN train_prithvi_wxc_conservefm_full_s42] [TRAIN] stage=finetune epoch=1/1 batch=2970/3000 step=5970 repair=0.3431 localization=0 type=0 minimal=0.7373 physics=1.225 total=0.4117
[TRAIN train_prithvi_wxc_conservefm_full_s42] [TRAIN] stage=finetune epoch=1/1 batch=2980/3000 step=5980 repair=0.1484 localization=0 type=0 minimal=0.5796 physics=0.7684 total=0.1926
[TRAIN train_prithvi_wxc_conservefm_full_s42] [TRAIN] stage=finetune epoch=1/1 batch=2990/3000 step=5990 repair=0.2265 localization=0 type=0 minimal=0.6802 physics=0.9709 total=0.2819
[TRAIN train_prithvi_wxc_conservefm_full_s42] [TRAIN] stage=finetune epoch=1/1 batch=3000/3000 step=6000 repair=0.1989 localization=0 type=0 minimal=0.6709 physics=1.053 total=0.2582
[TRAIN train_prithvi_wxc_conservefm_full_s42] [EPOCH] {'stage': 'finetune', 'epoch': 0, 'global_step': 6000, 'train_total': 0.4435223894715309, 'val_repair_mse': 0.24186936300247908, 'elapsed_seconds': 4367.06}
[TRAIN train_prithvi_wxc_conservefm_full_s42] [BEST] val_repair_mse=0.241869
[TRAIN train_prithvi_wxc_conservefm_full_s42] [TRAIN COMPLETE] {
[TRAIN train_prithvi_wxc_conservefm_full_s42]   "run_id": "prelim20_train_prithvi_wxc_conservefm_full_s42",
[TRAIN train_prithvi_wxc_conservefm_full_s42]   "status": "completed",
[TRAIN train_prithvi_wxc_conservefm_full_s42]   "method": "conservefm_full",
[TRAIN train_prithvi_wxc_conservefm_full_s42]   "backbone": "prithvi_wxc",
[TRAIN train_prithvi_wxc_conservefm_full_s42]   "seed": 42,
[TRAIN train_prithvi_wxc_conservefm_full_s42]   "forecast_provider": "zarr_frozen_fm",
[TRAIN train_prithvi_wxc_conservefm_full_s42]   "best_val_repair_mse": 0.24186936300247908,
[TRAIN train_prithvi_wxc_conservefm_full_s42]   "global_step": 6000,
[TRAIN train_prithvi_wxc_conservefm_full_s42]   "elapsed_seconds": 4367.16,
[TRAIN train_prithvi_wxc_conservefm_full_s42]   "checkpoint_best": "/home/tahiti/ConserveFM/runs/prelim20_train/train_prithvi_wxc_conservefm_full_s42/checkpoint_best.pt",
[TRAIN train_prithvi_wxc_conservefm_full_s42]   "checkpoint_last": "/home/tahiti/ConserveFM/runs/prelim20_train/train_prithvi_wxc_conservefm_full_s42/checkpoint_last.pt"
[TRAIN train_prithvi_wxc_conservefm_full_s42] }
