[TRAIN train_climax_no_localization_head_s43] [SETUP] device=cuda
[TRAIN train_climax_no_localization_head_s43] [SETUP] run_id=prelim20_train_climax_no_localization_head_s43 method=no_localization_head backbone=climax
[TRAIN train_climax_no_localization_head_s43] [FORECAST] using frozen forecast cache: /home/tahiti/ConserveFM/forecasts/climax.zarr
[TRAIN train_climax_no_localization_head_s43] [STAGE] pretrain epochs=1 start_epoch=0
[TRAIN train_climax_no_localization_head_s43] [TRAIN] stage=pretrain epoch=1/1 batch=10/3000 step=10 repair=0.02898 localization=0 type=1.305 minimal=0.1239 physics=2.229 total=0.3859
[TRAIN train_climax_no_localization_head_s43] [TRAIN] stage=pretrain epoch=1/1 batch=20/3000 step=20 repair=0.01301 localization=0 type=1.738 minimal=0.08466 physics=1.178 total=0.2465
[TRAIN train_climax_no_localization_head_s43] [TRAIN] stage=pretrain epoch=1/1 batch=30/3000 step=30 repair=0.007307 localization=0 type=2.304 minimal=0.06247 physics=1.571 total=0.486
[TRAIN train_climax_no_localization_head_s43] [TRAIN] stage=pretrain epoch=1/1 batch=40/3000 step=40 repair=0.005266 localization=0 type=1.544 minimal=0.04697 physics=1.107 total=0.3454
[TRAIN train_climax_no_localization_head_s43] [TRAIN] stage=pretrain epoch=1/1 batch=50/3000 step=50 repair=0.003092 localization=0 type=2.244 minimal=0.0394 physics=0.471 total=0.4422
[TRAIN train_climax_no_localization_head_s43] [TRAIN] stage=pretrain epoch=1/1 batch=60/3000 step=60 repair=0.002799 localization=0 type=1.764 minimal=0.03448 physics=0.3767 total=0.3519
[TRAIN train_climax_no_localization_head_s43] [TRAIN] stage=pretrain epoch=1/1 batch=70/3000 step=70 repair=0.006636 localization=0 type=1.767 minimal=0.03989 physics=0.6368 total=0.3734
[TRAIN train_climax_no_localization_head_s43] [TRAIN] stage=pretrain epoch=1/1 batch=80/3000 step=80 repair=0.003797 localization=0 type=1.735 minimal=0.03586 physics=0.2685 total=0.33
[TRAIN train_climax_no_localization_head_s43] [TRAIN] stage=pretrain epoch=1/1 batch=90/3000 step=90 repair=0.003044 localization=0 type=1.729 minimal=0.02995 physics=0.2776 total=0.3408
[TRAIN train_climax_no_localization_head_s43] [TRAIN] stage=pretrain epoch=1/1 batch=100/3000 step=100 repair=0.007619 localization=0 type=0.8621 minimal=0.03271 physics=1.193 total=0.1538
[TRAIN train_climax_no_localization_head_s43] [TRAIN] stage=pretrain epoch=1/1 batch=110/3000 step=110 repair=0.003794 localization=0 type=1.752 minimal=0.03302 physics=0.3086 total=0.2861
[TRAIN train_climax_no_localization_head_s43] [TRAIN] stage=pretrain epoch=1/1 batch=120/3000 step=120 repair=0.006932 localization=0 type=2.127 minimal=0.02924 physics=0.4517 total=0.4045
[TRAIN train_climax_no_localization_head_s43] [TRAIN] stage=pretrain epoch=1/1 batch=130/3000 step=130 repair=0.01704 localization=0 type=2.536 minimal=0.03113 physics=0.2893 total=0.5239
[TRAIN train_climax_no_localization_head_s43] [TRAIN] stage=pretrain epoch=1/1 batch=140/3000 step=140 repair=0.009256 localization=0 type=2.02 minimal=0.03757 physics=0.2863 total=0.4291
[TRAIN train_climax_no_localization_head_s43] [TRAIN] stage=pretrain epoch=1/1 batch=150/3000 step=150 repair=0.01847 localization=0 type=1.979 minimal=0.03201 physics=0.904 total=0.4292
[TRAIN train_climax_no_localization_head_s43] [TRAIN] stage=pretrain epoch=1/1 batch=160/3000 step=160 repair=0.006016 localization=0 type=1.299 minimal=0.02957 physics=0.666 total=0.1695
[TRAIN train_climax_no_localization_head_s43] [TRAIN] stage=pretrain epoch=1/1 batch=170/3000 step=170 repair=0.007813 localization=0 type=1.625 minimal=0.02881 physics=0.1289 total=0.2993
[TRAIN train_climax_no_localization_head_s43] [TRAIN] stage=pretrain epoch=1/1 batch=180/3000 step=180 repair=0.008871 localization=0 type=0.7695 minimal=0.02779 physics=0.7221 total=0.1222
[TRAIN train_climax_no_localization_head_s43] [TRAIN] stage=pretrain epoch=1/1 batch=190/3000 step=190 repair=0.005248 localization=0 type=2.714 minimal=0.02844 physics=0.5388 total=0.3987
[TRAIN train_climax_no_localization_head_s43] [TRAIN] stage=pretrain epoch=1/1 batch=200/3000 step=200 repair=0.003266 localization=0 type=2.354 minimal=0.03056 physics=0.406 total=0.4363
[TRAIN train_climax_no_localization_head_s43] [TRAIN] stage=pretrain epoch=1/1 batch=210/3000 step=210 repair=0.003289 localization=0 type=2.038 minimal=0.02687 physics=0.1896 total=0.3879
[TRAIN train_climax_no_localization_head_s43] [TRAIN] stage=pretrain epoch=1/1 batch=220/3000 step=220 repair=0.003329 localization=0 type=1.337 minimal=0.02467 physics=0.3152 total=0.2639
[TRAIN train_climax_no_localization_head_s43] [TRAIN] stage=pretrain epoch=1/1 batch=230/3000 step=230 repair=0.003633 localization=0 type=0.9072 minimal=0.02495 physics=0.1442 total=0.1591
[TRAIN train_climax_no_localization_head_s43] [TRAIN] stage=pretrain epoch=1/1 batch=240/3000 step=240 repair=0.006608 localization=0 type=2.969 minimal=0.02713 physics=0.2916 total=0.6028
[TRAIN train_climax_no_localization_head_s43] [TRAIN] stage=pretrain epoch=1/1 batch=250/3000 step=250 repair=0.02681 localization=0 type=1.825 minimal=0.02798 physics=0.3653 total=0.3834
[TRAIN train_climax_no_localization_head_s43] [TRAIN] stage=pretrain epoch=1/1 batch=260/3000 step=260 repair=0.004473 localization=0 type=1.424 minimal=0.02765 physics=0.2739 total=0.2889
[TRAIN train_climax_no_localization_head_s43] [TRAIN] stage=pretrain epoch=1/1 batch=270/3000 step=270 repair=0.01981 localization=0 type=2.262 minimal=0.0322 physics=0.5209 total=0.4814
[TRAIN train_climax_no_localization_head_s43] [TRAIN] stage=pretrain epoch=1/1 batch=280/3000 step=280 repair=0.005245 localization=0 type=1.447 minimal=0.02428 physics=0.2395 total=0.292
[TRAIN train_climax_no_localization_head_s43] [TRAIN] stage=pretrain epoch=1/1 batch=290/3000 step=290 repair=0.002693 localization=0 type=1.713 minimal=0.02257 physics=0.2543 total=0.3505
[TRAIN train_climax_no_localization_head_s43] [TRAIN] stage=pretrain epoch=1/1 batch=300/3000 step=300 repair=0.02399 localization=0 type=2.088 minimal=0.02406 physics=0.5082 total=0.4272
[TRAIN train_climax_no_localization_head_s43] [TRAIN] stage=pretrain epoch=1/1 batch=310/3000 step=310 repair=0.005746 localization=0 type=1.256 minimal=0.02843 physics=0.7623 total=0.1698
[TRAIN train_climax_no_localization_head_s43] [TRAIN] stage=pretrain epoch=1/1 batch=320/3000 step=320 repair=0.004698 localization=0 type=2.33 minimal=0.02869 physics=0.2024 total=0.4085
[TRAIN train_climax_no_localization_head_s43] [TRAIN] stage=pretrain epoch=1/1 batch=330/3000 step=330 repair=0.003407 localization=0 type=2.105 minimal=0.02724 physics=0.2235 total=0.3399
[TRAIN train_climax_no_localization_head_s43] [TRAIN] stage=pretrain epoch=1/1 batch=340/3000 step=340 repair=0.006362 localization=0 type=2.893 minimal=0.0264 physics=0.1481 total=0.5087
[TRAIN train_climax_no_localization_head_s43] [TRAIN] stage=pretrain epoch=1/1 batch=350/3000 step=350 repair=0.004787 localization=0 type=1.328 minimal=0.02599 physics=0.9798 total=0.1868
[TRAIN train_climax_no_localization_head_s43] [TRAIN] stage=pretrain epoch=1/1 batch=360/3000 step=360 repair=0.008258 localization=0 type=2.193 minimal=0.03052 physics=0.325 total=0.4079
[TRAIN train_climax_no_localization_head_s43] [TRAIN] stage=pretrain epoch=1/1 batch=370/3000 step=370 repair=0.002842 localization=0 type=1.833 minimal=0.02527 physics=0.2124 total=0.3368
[TRAIN train_climax_no_localization_head_s43] [TRAIN] stage=pretrain epoch=1/1 batch=380/3000 step=380 repair=0.005788 localization=0 type=1.615 minimal=0.0266 physics=0.5687 total=0.314
[TRAIN train_climax_no_localization_head_s43] [TRAIN] stage=pretrain epoch=1/1 batch=390/3000 step=390 repair=0.00511 localization=0 type=2.053 minimal=0.02313 physics=0.2037 total=0.4085
[TRAIN train_climax_no_localization_head_s43] [TRAIN] stage=pretrain epoch=1/1 batch=400/3000 step=400 repair=0.006425 localization=0 type=2.143 minimal=0.01822 physics=1.231 total=0.2824
[TRAIN train_climax_no_localization_head_s43] [TRAIN] stage=pretrain epoch=1/1 batch=410/3000 step=410 repair=0.007241 localization=0 type=1.273 minimal=0.0208 physics=1.127 total=0.1911
[TRAIN train_climax_no_localization_head_s43] [TRAIN] stage=pretrain epoch=1/1 batch=420/3000 step=420 repair=0.006901 localization=0 type=2.282 minimal=0.02472 physics=0.2195 total=0.379
[TRAIN train_climax_no_localization_head_s43] [TRAIN] stage=pretrain epoch=1/1 batch=430/3000 step=430 repair=0.005613 localization=0 type=0.6448 minimal=0.02342 physics=0.8307 total=0.1119
[TRAIN train_climax_no_localization_head_s43] [TRAIN] stage=pretrain epoch=1/1 batch=440/3000 step=440 repair=0.004378 localization=0 type=1.987 minimal=0.02391 physics=0.2918 total=0.348
[TRAIN train_climax_no_localization_head_s43] [TRAIN] stage=pretrain epoch=1/1 batch=450/3000 step=450 repair=0.004574 localization=0 type=0.8723 minimal=0.02127 physics=0.2686 total=0.1054
[TRAIN train_climax_no_localization_head_s43] [TRAIN] stage=pretrain epoch=1/1 batch=460/3000 step=460 repair=0.02162 localization=0 type=0.561 minimal=0.02518 physics=1.632 total=0.1595
[TRAIN train_climax_no_localization_head_s43] [TRAIN] stage=pretrain epoch=1/1 batch=470/3000 step=470 repair=0.01114 localization=0 type=1.628 minimal=0.02306 physics=0.3527 total=0.2952
[TRAIN train_climax_no_localization_head_s43] [TRAIN] stage=pretrain epoch=1/1 batch=480/3000 step=480 repair=0.002062 localization=0 type=2.881 minimal=0.02112 physics=0.1875 total=0.506
[TRAIN train_climax_no_localization_head_s43] [TRAIN] stage=pretrain epoch=1/1 batch=490/3000 step=490 repair=0.002295 localization=0 type=2.415 minimal=0.02013 physics=0.2106 total=0.465
[TRAIN train_climax_no_localization_head_s43] [TRAIN] stage=pretrain epoch=1/1 batch=500/3000 step=500 repair=0.00458 localization=0 type=1.954 minimal=0.02545 physics=0.3768 total=0.3994
[TRAIN train_climax_no_localization_head_s43] [TRAIN] stage=pretrain epoch=1/1 batch=510/3000 step=510 repair=0.006054 localization=0 type=1.36 minimal=0.02963 physics=0.2109 total=0.2706
[TRAIN train_climax_no_localization_head_s43] [TRAIN] stage=pretrain epoch=1/1 batch=520/3000 step=520 repair=0.01057 localization=0 type=2.332 minimal=0.02661 physics=0.2957 total=0.4515
[TRAIN train_climax_no_localization_head_s43] [TRAIN] stage=pretrain epoch=1/1 batch=530/3000 step=530 repair=0.00336 localization=0 type=2.214 minimal=0.02 physics=0.2745 total=0.437
[TRAIN train_climax_no_localization_head_s43] [TRAIN] stage=pretrain epoch=1/1 batch=540/3000 step=540 repair=0.002865 localization=0 type=1.776 minimal=0.01947 physics=0.1136 total=0.3201
[TRAIN train_climax_no_localization_head_s43] [TRAIN] stage=pretrain epoch=1/1 batch=550/3000 step=550 repair=0.0026 localization=0 type=1.433 minimal=0.01843 physics=0.1534 total=0.2983
[TRAIN train_climax_no_localization_head_s43] [TRAIN] stage=pretrain epoch=1/1 batch=560/3000 step=560 repair=0.004626 localization=0 type=1.483 minimal=0.02461 physics=0.3831 total=0.2957
[TRAIN train_climax_no_localization_head_s43] [TRAIN] stage=pretrain epoch=1/1 batch=570/3000 step=570 repair=0.02053 localization=0 type=1.464 minimal=0.02449 physics=1.711 total=0.2528
[TRAIN train_climax_no_localization_head_s43] [TRAIN] stage=pretrain epoch=1/1 batch=580/3000 step=580 repair=0.003349 localization=0 type=1.905 minimal=0.02042 physics=0.1046 total=0.3617
[TRAIN train_climax_no_localization_head_s43] [TRAIN] stage=pretrain epoch=1/1 batch=590/3000 step=590 repair=0.005136 localization=0 type=1.268 minimal=0.0202 physics=0.3474 total=0.2676
[TRAIN train_climax_no_localization_head_s43] [TRAIN] stage=pretrain epoch=1/1 batch=600/3000 step=600 repair=0.003848 localization=0 type=1.654 minimal=0.02426 physics=0.2622 total=0.3429
[TRAIN train_climax_no_localization_head_s43] [TRAIN] stage=pretrain epoch=1/1 batch=610/3000 step=610 repair=0.002843 localization=0 type=1.965 minimal=0.02272 physics=0.4525 total=0.2222
[TRAIN train_climax_no_localization_head_s43] [TRAIN] stage=pretrain epoch=1/1 batch=620/3000 step=620 repair=0.02072 localization=0 type=1.142 minimal=0.02481 physics=1.815 total=0.2259
[TRAIN train_climax_no_localization_head_s43] [TRAIN] stage=pretrain epoch=1/1 batch=630/3000 step=630 repair=0.005055 localization=0 type=2.637 minimal=0.02322 physics=0.1606 total=0.4579
[TRAIN train_climax_no_localization_head_s43] [TRAIN] stage=pretrain epoch=1/1 batch=640/3000 step=640 repair=0.002511 localization=0 type=2.049 minimal=0.02158 physics=0.1225 total=0.3677
[TRAIN train_climax_no_localization_head_s43] [TRAIN] stage=pretrain epoch=1/1 batch=650/3000 step=650 repair=0.006194 localization=0 type=1.866 minimal=0.02361 physics=0.123 total=0.3668
[TRAIN train_climax_no_localization_head_s43] [TRAIN] stage=pretrain epoch=1/1 batch=660/3000 step=660 repair=0.004216 localization=0 type=1.711 minimal=0.02567 physics=0.5551 total=0.3384
[TRAIN train_climax_no_localization_head_s43] [TRAIN] stage=pretrain epoch=1/1 batch=670/3000 step=670 repair=0.006818 localization=0 type=1.762 minimal=0.02112 physics=0.2274 total=0.3466
[TRAIN train_climax_no_localization_head_s43] [TRAIN] stage=pretrain epoch=1/1 batch=680/3000 step=680 repair=0.002839 localization=0 type=1.82 minimal=0.01947 physics=0.09652 total=0.3374
[TRAIN train_climax_no_localization_head_s43] [TRAIN] stage=pretrain epoch=1/1 batch=690/3000 step=690 repair=0.003418 localization=0 type=1.771 minimal=0.01958 physics=0.1018 total=0.3452
[TRAIN train_climax_no_localization_head_s43] [TRAIN] stage=pretrain epoch=1/1 batch=700/3000 step=700 repair=0.002278 localization=0 type=1.196 minimal=0.02112 physics=0.1537 total=0.2325
[TRAIN train_climax_no_localization_head_s43] [TRAIN] stage=pretrain epoch=1/1 batch=710/3000 step=710 repair=0.007836 localization=0 type=1.649 minimal=0.02014 physics=0.09641 total=0.3127
[TRAIN train_climax_no_localization_head_s43] [TRAIN] stage=pretrain epoch=1/1 batch=720/3000 step=720 repair=0.002405 localization=0 type=1.486 minimal=0.01775 physics=0.2349 total=0.3059
[TRAIN train_climax_no_localization_head_s43] [TRAIN] stage=pretrain epoch=1/1 batch=730/3000 step=730 repair=0.002837 localization=0 type=1.533 minimal=0.01782 physics=0.1235 total=0.2961
[TRAIN train_climax_no_localization_head_s43] [TRAIN] stage=pretrain epoch=1/1 batch=740/3000 step=740 repair=0.006057 localization=0 type=1.424 minimal=0.01956 physics=0.3241 total=0.289
[TRAIN train_climax_no_localization_head_s43] [TRAIN] stage=pretrain epoch=1/1 batch=750/3000 step=750 repair=0.01604 localization=0 type=1.804 minimal=0.01851 physics=0.4034 total=0.3752
[TRAIN train_climax_no_localization_head_s43] [TRAIN] stage=pretrain epoch=1/1 batch=760/3000 step=760 repair=0.00263 localization=0 type=1.472 minimal=0.01953 physics=0.2028 total=0.3028
[TRAIN train_climax_no_localization_head_s43] [TRAIN] stage=pretrain epoch=1/1 batch=770/3000 step=770 repair=0.003187 localization=0 type=1.691 minimal=0.02469 physics=0.1129 total=0.3067
[TRAIN train_climax_no_localization_head_s43] [TRAIN] stage=pretrain epoch=1/1 batch=780/3000 step=780 repair=0.02524 localization=0 type=1.128 minimal=0.03189 physics=0.4743 total=0.2654
[TRAIN train_climax_no_localization_head_s43] [TRAIN] stage=pretrain epoch=1/1 batch=790/3000 step=790 repair=0.005649 localization=0 type=0.7493 minimal=0.02551 physics=0.1929 total=0.1705
[TRAIN train_climax_no_localization_head_s43] [TRAIN] stage=pretrain epoch=1/1 batch=800/3000 step=800 repair=0.006993 localization=0 type=2.111 minimal=0.02232 physics=1.551 total=0.2959
[TRAIN train_climax_no_localization_head_s43] [TRAIN] stage=pretrain epoch=1/1 batch=810/3000 step=810 repair=0.002921 localization=0 type=1.174 minimal=0.02467 physics=0.2022 total=0.234
[TRAIN train_climax_no_localization_head_s43] [TRAIN] stage=pretrain epoch=1/1 batch=820/3000 step=820 repair=0.003617 localization=0 type=1.299 minimal=0.02617 physics=0.1936 total=0.2606
[TRAIN train_climax_no_localization_head_s43] [TRAIN] stage=pretrain epoch=1/1 batch=830/3000 step=830 repair=0.009362 localization=0 type=1.786 minimal=0.02029 physics=1.529 total=0.2646
[TRAIN train_climax_no_localization_head_s43] [TRAIN] stage=pretrain epoch=1/1 batch=840/3000 step=840 repair=0.002624 localization=0 type=1.64 minimal=0.01955 physics=0.367 total=0.1851
[TRAIN train_climax_no_localization_head_s43] [TRAIN] stage=pretrain epoch=1/1 batch=850/3000 step=850 repair=0.008023 localization=0 type=1.296 minimal=0.01749 physics=0.08014 total=0.2395
[TRAIN train_climax_no_localization_head_s43] [TRAIN] stage=pretrain epoch=1/1 batch=860/3000 step=860 repair=0.005096 localization=0 type=1.61 minimal=0.02086 physics=0.796 total=0.2061
[TRAIN train_climax_no_localization_head_s43] [TRAIN] stage=pretrain epoch=1/1 batch=870/3000 step=870 repair=0.008321 localization=0 type=1.74 minimal=0.0226 physics=1.187 total=0.2419
[TRAIN train_climax_no_localization_head_s43] [TRAIN] stage=pretrain epoch=1/1 batch=880/3000 step=880 repair=0.003413 localization=0 type=2.424 minimal=0.02203 physics=0.0892 total=0.4634
[TRAIN train_climax_no_localization_head_s43] [TRAIN] stage=pretrain epoch=1/1 batch=890/3000 step=890 repair=0.00591 localization=0 type=1.623 minimal=0.01997 physics=0.1369 total=0.3226
[TRAIN train_climax_no_localization_head_s43] [TRAIN] stage=pretrain epoch=1/1 batch=900/3000 step=900 repair=0.00275 localization=0 type=1.135 minimal=0.0211 physics=0.1977 total=0.2251
[TRAIN train_climax_no_localization_head_s43] [TRAIN] stage=pretrain epoch=1/1 batch=910/3000 step=910 repair=0.002472 localization=0 type=2.548 minimal=0.02167 physics=0.3468 total=0.5025
[TRAIN train_climax_no_localization_head_s43] [TRAIN] stage=pretrain epoch=1/1 batch=920/3000 step=920 repair=0.008256 localization=0 type=2.255 minimal=0.02255 physics=0.3855 total=0.4677
[TRAIN train_climax_no_localization_head_s43] [TRAIN] stage=pretrain epoch=1/1 batch=930/3000 step=930 repair=0.00312 localization=0 type=2.026 minimal=0.02481 physics=0.1463 total=0.3921
[TRAIN train_climax_no_localization_head_s43] [TRAIN] stage=pretrain epoch=1/1 batch=940/3000 step=940 repair=0.002383 localization=0 type=1.86 minimal=0.01982 physics=0.2159 total=0.3718
[TRAIN train_climax_no_localization_head_s43] [TRAIN] stage=pretrain epoch=1/1 batch=950/3000 step=950 repair=0.002261 localization=0 type=1.642 minimal=0.01939 physics=0.0987 total=0.3191
[TRAIN train_climax_no_localization_head_s43] [TRAIN] stage=pretrain epoch=1/1 batch=960/3000 step=960 repair=0.003154 localization=0 type=1.647 minimal=0.02039 physics=0.2021 total=0.314
[TRAIN train_climax_no_localization_head_s43] [TRAIN] stage=pretrain epoch=1/1 batch=970/3000 step=970 repair=0.003497 localization=0 type=1.577 minimal=0.02019 physics=0.2042 total=0.3102
[TRAIN train_climax_no_localization_head_s43] [TRAIN] stage=pretrain epoch=1/1 batch=980/3000 step=980 repair=0.00283 localization=0 type=1.334 minimal=0.02121 physics=0.1362 total=0.2597
[TRAIN train_climax_no_localization_head_s43] [TRAIN] stage=pretrain epoch=1/1 batch=990/3000 step=990 repair=0.01103 localization=0 type=1.971 minimal=0.02058 physics=0.1879 total=0.4114
[TRAIN train_climax_no_localization_head_s43] [TRAIN] stage=pretrain epoch=1/1 batch=1000/3000 step=1000 repair=0.003785 localization=0 type=1.097 minimal=0.03011 physics=0.2078 total=0.2387
[TRAIN train_climax_no_localization_head_s43] [TRAIN] stage=pretrain epoch=1/1 batch=1010/3000 step=1010 repair=0.006534 localization=0 type=1.286 minimal=0.02016 physics=1.276 total=0.1992
[TRAIN train_climax_no_localization_head_s43] [TRAIN] stage=pretrain epoch=1/1 batch=1020/3000 step=1020 repair=0.003041 localization=0 type=1.668 minimal=0.02245 physics=0.1753 total=0.306
[TRAIN train_climax_no_localization_head_s43] [TRAIN] stage=pretrain epoch=1/1 batch=1030/3000 step=1030 repair=0.002249 localization=0 type=1.415 minimal=0.01938 physics=0.1812 total=0.2685
[TRAIN train_climax_no_localization_head_s43] [TRAIN] stage=pretrain epoch=1/1 batch=1040/3000 step=1040 repair=0.02015 localization=0 type=2.522 minimal=0.0416 physics=0.8201 total=0.4919
[TRAIN train_climax_no_localization_head_s43] [TRAIN] stage=pretrain epoch=1/1 batch=1050/3000 step=1050 repair=0.002027 localization=0 type=1.777 minimal=0.01909 physics=0.6088 total=0.2103
[TRAIN train_climax_no_localization_head_s43] [TRAIN] stage=pretrain epoch=1/1 batch=1060/3000 step=1060 repair=0.004918 localization=0 type=1.976 minimal=0.02307 physics=0.2159 total=0.4069
[TRAIN train_climax_no_localization_head_s43] [TRAIN] stage=pretrain epoch=1/1 batch=1070/3000 step=1070 repair=0.02111 localization=0 type=1.837 minimal=0.02008 physics=2.011 total=0.3056
[TRAIN train_climax_no_localization_head_s43] [TRAIN] stage=pretrain epoch=1/1 batch=1080/3000 step=1080 repair=0.002635 localization=0 type=1.428 minimal=0.02145 physics=0.1247 total=0.2553
[TRAIN train_climax_no_localization_head_s43] [TRAIN] stage=pretrain epoch=1/1 batch=1090/3000 step=1090 repair=0.008717 localization=0 type=1.496 minimal=0.02 physics=0.955 total=0.3197
[TRAIN train_climax_no_localization_head_s43] [TRAIN] stage=pretrain epoch=1/1 batch=1100/3000 step=1100 repair=0.002619 localization=0 type=1.566 minimal=0.02104 physics=0.1706 total=0.2812
[TRAIN train_climax_no_localization_head_s43] [TRAIN] stage=pretrain epoch=1/1 batch=1110/3000 step=1110 repair=0.002992 localization=0 type=1.666 minimal=0.01962 physics=0.1022 total=0.2987
[TRAIN train_climax_no_localization_head_s43] [TRAIN] stage=pretrain epoch=1/1 batch=1120/3000 step=1120 repair=0.008941 localization=0 type=1.17 minimal=0.02678 physics=1.173 total=0.1849
[TRAIN train_climax_no_localization_head_s43] [TRAIN] stage=pretrain epoch=1/1 batch=1130/3000 step=1130 repair=0.003158 localization=0 type=2.159 minimal=0.01851 physics=0.181 total=0.3894
[TRAIN train_climax_no_localization_head_s43] [TRAIN] stage=pretrain epoch=1/1 batch=1140/3000 step=1140 repair=0.006677 localization=0 type=1.98 minimal=0.02368 physics=0.4171 total=0.3844
[TRAIN train_climax_no_localization_head_s43] [TRAIN] stage=pretrain epoch=1/1 batch=1150/3000 step=1150 repair=0.003421 localization=0 type=0.8726 minimal=0.02208 physics=0.3044 total=0.1061
[TRAIN train_climax_no_localization_head_s43] [TRAIN] stage=pretrain epoch=1/1 batch=1160/3000 step=1160 repair=0.003405 localization=0 type=0.8418 minimal=0.02322 physics=0.3209 total=0.1039
[TRAIN train_climax_no_localization_head_s43] [TRAIN] stage=pretrain epoch=1/1 batch=1170/3000 step=1170 repair=0.004365 localization=0 type=0.6709 minimal=0.02145 physics=0.8442 total=0.1139
[TRAIN train_climax_no_localization_head_s43] [TRAIN] stage=pretrain epoch=1/1 batch=1180/3000 step=1180 repair=0.002618 localization=0 type=1.754 minimal=0.02101 physics=0.1602 total=0.3067
[TRAIN train_climax_no_localization_head_s43] [TRAIN] stage=pretrain epoch=1/1 batch=1190/3000 step=1190 repair=0.002677 localization=0 type=1.582 minimal=0.019 physics=0.0889 total=0.3006
[TRAIN train_climax_no_localization_head_s43] [TRAIN] stage=pretrain epoch=1/1 batch=1200/3000 step=1200 repair=0.006273 localization=0 type=1.25 minimal=0.0228 physics=0.3635 total=0.2538
[TRAIN train_climax_no_localization_head_s43] [TRAIN] stage=pretrain epoch=1/1 batch=1210/3000 step=1210 repair=0.00224 localization=0 type=1.487 minimal=0.01823 physics=0.1281 total=0.275
[TRAIN train_climax_no_localization_head_s43] [TRAIN] stage=pretrain epoch=1/1 batch=1220/3000 step=1220 repair=0.006918 localization=0 type=1.749 minimal=0.01894 physics=0.2241 total=0.3319
[TRAIN train_climax_no_localization_head_s43] [TRAIN] stage=pretrain epoch=1/1 batch=1230/3000 step=1230 repair=0.004298 localization=0 type=1.505 minimal=0.01718 physics=0.1881 total=0.278
[TRAIN train_climax_no_localization_head_s43] [TRAIN] stage=pretrain epoch=1/1 batch=1240/3000 step=1240 repair=0.008139 localization=0 type=1.287 minimal=0.01909 physics=0.2044 total=0.2462
[TRAIN train_climax_no_localization_head_s43] [TRAIN] stage=pretrain epoch=1/1 batch=1250/3000 step=1250 repair=0.002369 localization=0 type=2.323 minimal=0.01738 physics=0.07078 total=0.4489
[TRAIN train_climax_no_localization_head_s43] [TRAIN] stage=pretrain epoch=1/1 batch=1260/3000 step=1260 repair=0.009765 localization=0 type=0.5718 minimal=0.05344 physics=0.6678 total=0.1769
[TRAIN train_climax_no_localization_head_s43] [TRAIN] stage=pretrain epoch=1/1 batch=1270/3000 step=1270 repair=0.005234 localization=0 type=1.026 minimal=0.02779 physics=0.3803 total=0.2378
[TRAIN train_climax_no_localization_head_s43] [TRAIN] stage=pretrain epoch=1/1 batch=1280/3000 step=1280 repair=0.01978 localization=0 type=1.683 minimal=0.02209 physics=1.977 total=0.2871
[TRAIN train_climax_no_localization_head_s43] [TRAIN] stage=pretrain epoch=1/1 batch=1290/3000 step=1290 repair=0.003178 localization=0 type=1.669 minimal=0.02243 physics=0.1921 total=0.3215
[TRAIN train_climax_no_localization_head_s43] [TRAIN] stage=pretrain epoch=1/1 batch=1300/3000 step=1300 repair=0.002201 localization=0 type=1.598 minimal=0.02031 physics=0.2098 total=0.307
[TRAIN train_climax_no_localization_head_s43] [TRAIN] stage=pretrain epoch=1/1 batch=1310/3000 step=1310 repair=0.002407 localization=0 type=1.661 minimal=0.02159 physics=0.1268 total=0.3164
[TRAIN train_climax_no_localization_head_s43] [TRAIN] stage=pretrain epoch=1/1 batch=1320/3000 step=1320 repair=0.005306 localization=0 type=1.705 minimal=0.0229 physics=0.1804 total=0.3393
[TRAIN train_climax_no_localization_head_s43] [TRAIN] stage=pretrain epoch=1/1 batch=1330/3000 step=1330 repair=0.005093 localization=0 type=1.621 minimal=0.02122 physics=0.09561 total=0.3049
[TRAIN train_climax_no_localization_head_s43] [TRAIN] stage=pretrain epoch=1/1 batch=1340/3000 step=1340 repair=0.01114 localization=0 type=1.765 minimal=0.02039 physics=0.2877 total=0.3274
[TRAIN train_climax_no_localization_head_s43] [TRAIN] stage=pretrain epoch=1/1 batch=1350/3000 step=1350 repair=0.008951 localization=0 type=0.6132 minimal=0.04263 physics=0.9169 total=0.1894
[TRAIN train_climax_no_localization_head_s43] [TRAIN] stage=pretrain epoch=1/1 batch=1360/3000 step=1360 repair=0.002414 localization=0 type=1.824 minimal=0.01817 physics=0.08365 total=0.3367
[TRAIN train_climax_no_localization_head_s43] [TRAIN] stage=pretrain epoch=1/1 batch=1370/3000 step=1370 repair=0.004073 localization=0 type=1.839 minimal=0.02049 physics=0.1271 total=0.3642
[TRAIN train_climax_no_localization_head_s43] [TRAIN] stage=pretrain epoch=1/1 batch=1380/3000 step=1380 repair=0.002681 localization=0 type=1.935 minimal=0.02078 physics=0.2341 total=0.3757
[TRAIN train_climax_no_localization_head_s43] [TRAIN] stage=pretrain epoch=1/1 batch=1390/3000 step=1390 repair=0.01285 localization=0 type=1.632 minimal=0.02226 physics=1.491 total=0.2508
[TRAIN train_climax_no_localization_head_s43] [TRAIN] stage=pretrain epoch=1/1 batch=1400/3000 step=1400 repair=0.003726 localization=0 type=1.635 minimal=0.01895 physics=0.06527 total=0.3083
[TRAIN train_climax_no_localization_head_s43] [TRAIN] stage=pretrain epoch=1/1 batch=1410/3000 step=1410 repair=0.004152 localization=0 type=1.676 minimal=0.02066 physics=0.321 total=0.3234
[TRAIN train_climax_no_localization_head_s43] [TRAIN] stage=pretrain epoch=1/1 batch=1420/3000 step=1420 repair=0.002067 localization=0 type=1.325 minimal=0.0188 physics=0.1212 total=0.2576
[TRAIN train_climax_no_localization_head_s43] [TRAIN] stage=pretrain epoch=1/1 batch=1430/3000 step=1430 repair=0.002857 localization=0 type=2.94 minimal=0.02145 physics=0.318 total=0.5655
[TRAIN train_climax_no_localization_head_s43] [TRAIN] stage=pretrain epoch=1/1 batch=1440/3000 step=1440 repair=0.002664 localization=0 type=0.9556 minimal=0.02002 physics=0.3289 total=0.1149
[TRAIN train_climax_no_localization_head_s43] [TRAIN] stage=pretrain epoch=1/1 batch=1450/3000 step=1450 repair=0.007328 localization=0 type=1.521 minimal=0.01808 physics=0.5964 total=0.2927
[TRAIN train_climax_no_localization_head_s43] [TRAIN] stage=pretrain epoch=1/1 batch=1460/3000 step=1460 repair=0.002478 localization=0 type=1.464 minimal=0.02179 physics=0.1096 total=0.2796
[TRAIN train_climax_no_localization_head_s43] [TRAIN] stage=pretrain epoch=1/1 batch=1470/3000 step=1470 repair=0.002668 localization=0 type=1.307 minimal=0.02168 physics=0.3114 total=0.2704
[TRAIN train_climax_no_localization_head_s43] [TRAIN] stage=pretrain epoch=1/1 batch=1480/3000 step=1480 repair=0.00283 localization=0 type=1.701 minimal=0.02158 physics=0.1592 total=0.3165
[TRAIN train_climax_no_localization_head_s43] [TRAIN] stage=pretrain epoch=1/1 batch=1490/3000 step=1490 repair=0.00396 localization=0 type=1.087 minimal=0.01711 physics=0.8389 total=0.1548
[TRAIN train_climax_no_localization_head_s43] [TRAIN] stage=pretrain epoch=1/1 batch=1500/3000 step=1500 repair=0.009764 localization=0 type=1.194 minimal=0.02057 physics=1.217 total=0.1902
[TRAIN train_climax_no_localization_head_s43] [TRAIN] stage=pretrain epoch=1/1 batch=1510/3000 step=1510 repair=0.003242 localization=0 type=1.699 minimal=0.01678 physics=0.2972 total=0.328
[TRAIN train_climax_no_localization_head_s43] [TRAIN] stage=pretrain epoch=1/1 batch=1520/3000 step=1520 repair=0.002023 localization=0 type=1.356 minimal=0.01822 physics=0.06584 total=0.2585
[TRAIN train_climax_no_localization_head_s43] [TRAIN] stage=pretrain epoch=1/1 batch=1530/3000 step=1530 repair=0.002005 localization=0 type=1.572 minimal=0.01823 physics=0.07986 total=0.299
[TRAIN train_climax_no_localization_head_s43] [TRAIN] stage=pretrain epoch=1/1 batch=1540/3000 step=1540 repair=0.00307 localization=0 type=1.888 minimal=0.01837 physics=0.1443 total=0.3469
[TRAIN train_climax_no_localization_head_s43] [TRAIN] stage=pretrain epoch=1/1 batch=1550/3000 step=1550 repair=0.007899 localization=0 type=0.97 minimal=0.01846 physics=1.006 total=0.1554
[TRAIN train_climax_no_localization_head_s43] [TRAIN] stage=pretrain epoch=1/1 batch=1560/3000 step=1560 repair=0.002868 localization=0 type=2.13 minimal=0.02014 physics=0.1087 total=0.3719
[TRAIN train_climax_no_localization_head_s43] [TRAIN] stage=pretrain epoch=1/1 batch=1570/3000 step=1570 repair=0.003703 localization=0 type=0.6331 minimal=0.01933 physics=0.4828 total=0.09134
[TRAIN train_climax_no_localization_head_s43] [TRAIN] stage=pretrain epoch=1/1 batch=1580/3000 step=1580 repair=0.003862 localization=0 type=2.374 minimal=0.02184 physics=0.1196 total=0.406
[TRAIN train_climax_no_localization_head_s43] [TRAIN] stage=pretrain epoch=1/1 batch=1590/3000 step=1590 repair=0.002316 localization=0 type=1.935 minimal=0.01874 physics=0.1232 total=0.3524
[TRAIN train_climax_no_localization_head_s43] [TRAIN] stage=pretrain epoch=1/1 batch=1600/3000 step=1600 repair=0.004229 localization=0 type=0.657 minimal=0.03026 physics=0.55 total=0.1484
[TRAIN train_climax_no_localization_head_s43] [TRAIN] stage=pretrain epoch=1/1 batch=1610/3000 step=1610 repair=0.01306 localization=0 type=1.492 minimal=0.01929 physics=0.2892 total=0.2696
[TRAIN train_climax_no_localization_head_s43] [TRAIN] stage=pretrain epoch=1/1 batch=1620/3000 step=1620 repair=0.006829 localization=0 type=1.39 minimal=0.02029 physics=0.1764 total=0.2524
[TRAIN train_climax_no_localization_head_s43] [TRAIN] stage=pretrain epoch=1/1 batch=1630/3000 step=1630 repair=0.003682 localization=0 type=2.025 minimal=0.01976 physics=0.2244 total=0.3868
[TRAIN train_climax_no_localization_head_s43] [TRAIN] stage=pretrain epoch=1/1 batch=1640/3000 step=1640 repair=0.004753 localization=0 type=0.5381 minimal=0.03011 physics=0.2785 total=0.1295
[TRAIN train_climax_no_localization_head_s43] [TRAIN] stage=pretrain epoch=1/1 batch=1650/3000 step=1650 repair=0.0225 localization=0 type=1.15 minimal=0.02309 physics=1.433 total=0.2094
[TRAIN train_climax_no_localization_head_s43] [TRAIN] stage=pretrain epoch=1/1 batch=1660/3000 step=1660 repair=0.002387 localization=0 type=1.612 minimal=0.01747 physics=0.07468 total=0.2908
[TRAIN train_climax_no_localization_head_s43] [TRAIN] stage=pretrain epoch=1/1 batch=1670/3000 step=1670 repair=0.002685 localization=0 type=1.118 minimal=0.01894 physics=0.0774 total=0.2044
[TRAIN train_climax_no_localization_head_s43] [TRAIN] stage=pretrain epoch=1/1 batch=1680/3000 step=1680 repair=0.002747 localization=0 type=0.8806 minimal=0.01813 physics=0.09577 total=0.1721
[TRAIN train_climax_no_localization_head_s43] [TRAIN] stage=pretrain epoch=1/1 batch=1690/3000 step=1690 repair=0.002476 localization=0 type=1.714 minimal=0.01616 physics=0.1718 total=0.3358
[TRAIN train_climax_no_localization_head_s43] [TRAIN] stage=pretrain epoch=1/1 batch=1700/3000 step=1700 repair=0.004894 localization=0 type=1.875 minimal=0.01929 physics=0.3827 total=0.3963
[TRAIN train_climax_no_localization_head_s43] [TRAIN] stage=pretrain epoch=1/1 batch=1710/3000 step=1710 repair=0.01038 localization=0 type=1.794 minimal=0.01668 physics=0.2528 total=0.3618
[TRAIN train_climax_no_localization_head_s43] [TRAIN] stage=pretrain epoch=1/1 batch=1720/3000 step=1720 repair=0.03495 localization=0 type=2.093 minimal=0.01808 physics=2.287 total=0.3587
[TRAIN train_climax_no_localization_head_s43] [TRAIN] stage=pretrain epoch=1/1 batch=1730/3000 step=1730 repair=0.003986 localization=0 type=1.368 minimal=0.01578 physics=0.06174 total=0.2748
[TRAIN train_climax_no_localization_head_s43] [TRAIN] stage=pretrain epoch=1/1 batch=1740/3000 step=1740 repair=0.001922 localization=0 type=1.313 minimal=0.01718 physics=0.08802 total=0.227
[TRAIN train_climax_no_localization_head_s43] [TRAIN] stage=pretrain epoch=1/1 batch=1750/3000 step=1750 repair=0.007067 localization=0 type=1.034 minimal=0.0206 physics=0.9497 total=0.1582
[TRAIN train_climax_no_localization_head_s43] [TRAIN] stage=pretrain epoch=1/1 batch=1760/3000 step=1760 repair=0.01237 localization=0 type=1.589 minimal=0.0199 physics=0.141 total=0.286
[TRAIN train_climax_no_localization_head_s43] [TRAIN] stage=pretrain epoch=1/1 batch=1770/3000 step=1770 repair=0.002437 localization=0 type=3.698 minimal=0.0179 physics=0.1395 total=0.7021
[TRAIN train_climax_no_localization_head_s43] [TRAIN] stage=pretrain epoch=1/1 batch=1780/3000 step=1780 repair=0.003049 localization=0 type=1.422 minimal=0.01895 physics=0.1077 total=0.2797
[TRAIN train_climax_no_localization_head_s43] [TRAIN] stage=pretrain epoch=1/1 batch=1790/3000 step=1790 repair=0.003132 localization=0 type=1.39 minimal=0.02361 physics=0.1583 total=0.2647
[TRAIN train_climax_no_localization_head_s43] [TRAIN] stage=pretrain epoch=1/1 batch=1800/3000 step=1800 repair=0.005451 localization=0 type=0.285 minimal=0.03903 physics=1.245 total=0.1245
[TRAIN train_climax_no_localization_head_s43] [TRAIN] stage=pretrain epoch=1/1 batch=1810/3000 step=1810 repair=0.002994 localization=0 type=3.121 minimal=0.0183 physics=0.1403 total=0.5819
[TRAIN train_climax_no_localization_head_s43] [TRAIN] stage=pretrain epoch=1/1 batch=1820/3000 step=1820 repair=0.004103 localization=0 type=0.7231 minimal=0.0302 physics=0.3478 total=0.1678
[TRAIN train_climax_no_localization_head_s43] [TRAIN] stage=pretrain epoch=1/1 batch=1830/3000 step=1830 repair=0.0294 localization=0 type=0.04325 minimal=0.07367 physics=3.391 total=0.213
[TRAIN train_climax_no_localization_head_s43] [TRAIN] stage=pretrain epoch=1/1 batch=1840/3000 step=1840 repair=0.002748 localization=0 type=1.647 minimal=0.02036 physics=0.1634 total=0.3257
[TRAIN train_climax_no_localization_head_s43] [TRAIN] stage=pretrain epoch=1/1 batch=1850/3000 step=1850 repair=0.001741 localization=0 type=2.429 minimal=0.01726 physics=0.1674 total=0.4587
[TRAIN train_climax_no_localization_head_s43] [TRAIN] stage=pretrain epoch=1/1 batch=1860/3000 step=1860 repair=0.001786 localization=0 type=1.793 minimal=0.0162 physics=0.1837 total=0.3304
[TRAIN train_climax_no_localization_head_s43] [TRAIN] stage=pretrain epoch=1/1 batch=1870/3000 step=1870 repair=0.001589 localization=0 type=1.579 minimal=0.0146 physics=0.2581 total=0.2962
[TRAIN train_climax_no_localization_head_s43] [TRAIN] stage=pretrain epoch=1/1 batch=1880/3000 step=1880 repair=0.001536 localization=0 type=1.616 minimal=0.01431 physics=0.1052 total=0.3079
[TRAIN train_climax_no_localization_head_s43] [TRAIN] stage=pretrain epoch=1/1 batch=1890/3000 step=1890 repair=0.003316 localization=0 type=1.621 minimal=0.0179 physics=0.1383 total=0.3177
[TRAIN train_climax_no_localization_head_s43] [TRAIN] stage=pretrain epoch=1/1 batch=1900/3000 step=1900 repair=0.003521 localization=0 type=1.3 minimal=0.0181 physics=0.08626 total=0.2503
[TRAIN train_climax_no_localization_head_s43] [TRAIN] stage=pretrain epoch=1/1 batch=1910/3000 step=1910 repair=0.02081 localization=0 type=1.386 minimal=0.01653 physics=1.219 total=0.2205
[TRAIN train_climax_no_localization_head_s43] [TRAIN] stage=pretrain epoch=1/1 batch=1920/3000 step=1920 repair=0.004634 localization=0 type=2.143 minimal=0.01672 physics=0.2836 total=0.4395
[TRAIN train_climax_no_localization_head_s43] [TRAIN] stage=pretrain epoch=1/1 batch=1930/3000 step=1930 repair=0.005335 localization=0 type=0.2903 minimal=0.03146 physics=0.432 total=0.08583
[TRAIN train_climax_no_localization_head_s43] [TRAIN] stage=pretrain epoch=1/1 batch=1940/3000 step=1940 repair=0.003684 localization=0 type=1.257 minimal=0.01743 physics=0.3762 total=0.1484
[TRAIN train_climax_no_localization_head_s43] [TRAIN] stage=pretrain epoch=1/1 batch=1950/3000 step=1950 repair=0.004626 localization=0 type=1.203 minimal=0.01767 physics=0.1501 total=0.2107
[TRAIN train_climax_no_localization_head_s43] [TRAIN] stage=pretrain epoch=1/1 batch=1960/3000 step=1960 repair=0.004972 localization=0 type=1.431 minimal=0.01662 physics=0.2097 total=0.2428
[TRAIN train_climax_no_localization_head_s43] [TRAIN] stage=pretrain epoch=1/1 batch=1970/3000 step=1970 repair=0.006871 localization=0 type=0.08182 minimal=0.03876 physics=0.8145 total=0.06354
[TRAIN train_climax_no_localization_head_s43] [TRAIN] stage=pretrain epoch=1/1 batch=1980/3000 step=1980 repair=0.005837 localization=0 type=1.288 minimal=0.01697 physics=0.1238 total=0.2197
[TRAIN train_climax_no_localization_head_s43] [TRAIN] stage=pretrain epoch=1/1 batch=1990/3000 step=1990 repair=0.003676 localization=0 type=1.055 minimal=0.01701 physics=0.3411 total=0.1264
[TRAIN train_climax_no_localization_head_s43] [TRAIN] stage=pretrain epoch=1/1 batch=2000/3000 step=2000 repair=0.00261 localization=0 type=0.3447 minimal=0.02417 physics=0.2308 total=0.07795
[TRAIN train_climax_no_localization_head_s43] [TRAIN] stage=pretrain epoch=1/1 batch=2010/3000 step=2010 repair=0.008323 localization=0 type=1.496 minimal=0.01909 physics=0.1612 total=0.2856
[TRAIN train_climax_no_localization_head_s43] [TRAIN] stage=pretrain epoch=1/1 batch=2020/3000 step=2020 repair=0.0025 localization=0 type=2.981 minimal=0.01909 physics=0.1385 total=0.5623
[TRAIN train_climax_no_localization_head_s43] [TRAIN] stage=pretrain epoch=1/1 batch=2030/3000 step=2030 repair=0.004038 localization=0 type=1.393 minimal=0.01952 physics=0.5489 total=0.171
[TRAIN train_climax_no_localization_head_s43] [TRAIN] stage=pretrain epoch=1/1 batch=2040/3000 step=2040 repair=0.003128 localization=0 type=1.335 minimal=0.01871 physics=0.5765 total=0.1657
[TRAIN train_climax_no_localization_head_s43] [TRAIN] stage=pretrain epoch=1/1 batch=2050/3000 step=2050 repair=0.002061 localization=0 type=1.909 minimal=0.01851 physics=0.4055 total=0.3697
[TRAIN train_climax_no_localization_head_s43] [TRAIN] stage=pretrain epoch=1/1 batch=2060/3000 step=2060 repair=0.003482 localization=0 type=1.008 minimal=0.02242 physics=0.5011 total=0.2132
[TRAIN train_climax_no_localization_head_s43] [TRAIN] stage=pretrain epoch=1/1 batch=2070/3000 step=2070 repair=0.003092 localization=0 type=1.874 minimal=0.01945 physics=0.3526 total=0.3488
[TRAIN train_climax_no_localization_head_s43] [TRAIN] stage=pretrain epoch=1/1 batch=2080/3000 step=2080 repair=0.002793 localization=0 type=1.521 minimal=0.01703 physics=0.2369 total=0.2817
[TRAIN train_climax_no_localization_head_s43] [TRAIN] stage=pretrain epoch=1/1 batch=2090/3000 step=2090 repair=0.001797 localization=0 type=1.563 minimal=0.01613 physics=0.1386 total=0.2458
[TRAIN train_climax_no_localization_head_s43] [TRAIN] stage=pretrain epoch=1/1 batch=2100/3000 step=2100 repair=0.008058 localization=0 type=2.185 minimal=0.01643 physics=0.09429 total=0.3935
[TRAIN train_climax_no_localization_head_s43] [TRAIN] stage=pretrain epoch=1/1 batch=2110/3000 step=2110 repair=0.007406 localization=0 type=1.122 minimal=0.0175 physics=0.8625 total=0.1629
[TRAIN train_climax_no_localization_head_s43] [TRAIN] stage=pretrain epoch=1/1 batch=2120/3000 step=2120 repair=0.005007 localization=0 type=1.481 minimal=0.01545 physics=0.08547 total=0.2543
[TRAIN train_climax_no_localization_head_s43] [TRAIN] stage=pretrain epoch=1/1 batch=2130/3000 step=2130 repair=0.003438 localization=0 type=0.01538 minimal=0.02979 physics=0.3747 total=0.02633
[TRAIN train_climax_no_localization_head_s43] [TRAIN] stage=pretrain epoch=1/1 batch=2140/3000 step=2140 repair=0.003049 localization=0 type=3.271 minimal=0.01631 physics=0.2146 total=0.6399
[TRAIN train_climax_no_localization_head_s43] [TRAIN] stage=pretrain epoch=1/1 batch=2150/3000 step=2150 repair=0.006263 localization=0 type=1.012 minimal=0.01855 physics=0.1589 total=0.1804
[TRAIN train_climax_no_localization_head_s43] [TRAIN] stage=pretrain epoch=1/1 batch=2160/3000 step=2160 repair=0.00384 localization=0 type=0.7185 minimal=0.01923 physics=0.1295 total=0.1457
[TRAIN train_climax_no_localization_head_s43] [TRAIN] stage=pretrain epoch=1/1 batch=2170/3000 step=2170 repair=0.002473 localization=0 type=2.405 minimal=0.01804 physics=0.2723 total=0.4576
[TRAIN train_climax_no_localization_head_s43] [TRAIN] stage=pretrain epoch=1/1 batch=2180/3000 step=2180 repair=0.006106 localization=0 type=0.9336 minimal=0.01584 physics=0.518 total=0.1255
[TRAIN train_climax_no_localization_head_s43] [TRAIN] stage=pretrain epoch=1/1 batch=2190/3000 step=2190 repair=0.001451 localization=0 type=2.229 minimal=0.01301 physics=0.08561 total=0.4007
[TRAIN train_climax_no_localization_head_s43] [TRAIN] stage=pretrain epoch=1/1 batch=2200/3000 step=2200 repair=0.01138 localization=0 type=0.003946 minimal=0.04507 physics=2.595 total=0.1429
[TRAIN train_climax_no_localization_head_s43] [TRAIN] stage=pretrain epoch=1/1 batch=2210/3000 step=2210 repair=0.006846 localization=0 type=1.44 minimal=0.01753 physics=0.6919 total=0.1856
[TRAIN train_climax_no_localization_head_s43] [TRAIN] stage=pretrain epoch=1/1 batch=2220/3000 step=2220 repair=0.005235 localization=0 type=0.9333 minimal=0.01653 physics=0.4723 total=0.1224
[TRAIN train_climax_no_localization_head_s43] [TRAIN] stage=pretrain epoch=1/1 batch=2230/3000 step=2230 repair=0.01643 localization=0 type=0.0836 minimal=0.02666 physics=1.092 total=0.08845
[TRAIN train_climax_no_localization_head_s43] [TRAIN] stage=pretrain epoch=1/1 batch=2240/3000 step=2240 repair=0.005695 localization=0 type=0.5073 minimal=0.02864 physics=0.6112 total=0.1313
[TRAIN train_climax_no_localization_head_s43] [TRAIN] stage=pretrain epoch=1/1 batch=2250/3000 step=2250 repair=0.00302 localization=0 type=1.881 minimal=0.01579 physics=0.3264 total=0.3458
[TRAIN train_climax_no_localization_head_s43] [TRAIN] stage=pretrain epoch=1/1 batch=2260/3000 step=2260 repair=0.003363 localization=0 type=1.426 minimal=0.01825 physics=0.1815 total=0.2643
[TRAIN train_climax_no_localization_head_s43] [TRAIN] stage=pretrain epoch=1/1 batch=2270/3000 step=2270 repair=0.005941 localization=0 type=1.418 minimal=0.0202 physics=0.1651 total=0.2637
[TRAIN train_climax_no_localization_head_s43] [TRAIN] stage=pretrain epoch=1/1 batch=2280/3000 step=2280 repair=0.005292 localization=0 type=1.218 minimal=0.0162 physics=0.1445 total=0.2156
[TRAIN train_climax_no_localization_head_s43] [TRAIN] stage=pretrain epoch=1/1 batch=2290/3000 step=2290 repair=0.01124 localization=0 type=0.04518 minimal=0.02312 physics=0.66 total=0.05557
[TRAIN train_climax_no_localization_head_s43] [TRAIN] stage=pretrain epoch=1/1 batch=2300/3000 step=2300 repair=0.004765 localization=0 type=0.01756 minimal=0.0237 physics=0.4256 total=0.03102
[TRAIN train_climax_no_localization_head_s43] [TRAIN] stage=pretrain epoch=1/1 batch=2310/3000 step=2310 repair=0.01104 localization=0 type=1.331 minimal=0.02075 physics=0.1931 total=0.206
[TRAIN train_climax_no_localization_head_s43] [TRAIN] stage=pretrain epoch=1/1 batch=2320/3000 step=2320 repair=0.00619 localization=0 type=0.003811 minimal=0.03445 physics=0.6827 total=0.04169
[TRAIN train_climax_no_localization_head_s43] [TRAIN] stage=pretrain epoch=1/1 batch=2330/3000 step=2330 repair=0.02727 localization=0 type=1.195 minimal=0.01744 physics=2.751 total=0.2845
[TRAIN train_climax_no_localization_head_s43] [TRAIN] stage=pretrain epoch=1/1 batch=2340/3000 step=2340 repair=0.004504 localization=0 type=3.738 minimal=0.02116 physics=0.1867 total=0.6714
[TRAIN train_climax_no_localization_head_s43] [TRAIN] stage=pretrain epoch=1/1 batch=2350/3000 step=2350 repair=0.0312 localization=0 type=0.8179 minimal=0.02654 physics=1.148 total=0.1707
[TRAIN train_climax_no_localization_head_s43] [TRAIN] stage=pretrain epoch=1/1 batch=2360/3000 step=2360 repair=0.006284 localization=0 type=1.601 minimal=0.02388 physics=0.1081 total=0.283
[TRAIN train_climax_no_localization_head_s43] [TRAIN] stage=pretrain epoch=1/1 batch=2370/3000 step=2370 repair=0.002507 localization=0 type=1.616 minimal=0.01683 physics=0.1852 total=0.2813
[TRAIN train_climax_no_localization_head_s43] [TRAIN] stage=pretrain epoch=1/1 batch=2380/3000 step=2380 repair=0.003815 localization=0 type=2.229 minimal=0.01816 physics=0.1025 total=0.4041
[TRAIN train_climax_no_localization_head_s43] [TRAIN] stage=pretrain epoch=1/1 batch=2390/3000 step=2390 repair=0.002488 localization=0 type=1.371 minimal=0.01721 physics=0.1015 total=0.2366
[TRAIN train_climax_no_localization_head_s43] [TRAIN] stage=pretrain epoch=1/1 batch=2400/3000 step=2400 repair=0.008073 localization=0 type=0.8665 minimal=0.01685 physics=0.9288 total=0.1413
[TRAIN train_climax_no_localization_head_s43] [TRAIN] stage=pretrain epoch=1/1 batch=2410/3000 step=2410 repair=0.006241 localization=0 type=1.62 minimal=0.01772 physics=0.2137 total=0.2822
[TRAIN train_climax_no_localization_head_s43] [TRAIN] stage=pretrain epoch=1/1 batch=2420/3000 step=2420 repair=0.002361 localization=0 type=1.439 minimal=0.01624 physics=0.04738 total=0.2483
[TRAIN train_climax_no_localization_head_s43] [TRAIN] stage=pretrain epoch=1/1 batch=2430/3000 step=2430 repair=0.002907 localization=0 type=4.447 minimal=0.0186 physics=0.09604 total=0.8344
[TRAIN train_climax_no_localization_head_s43] [TRAIN] stage=pretrain epoch=1/1 batch=2440/3000 step=2440 repair=0.005488 localization=0 type=2.406 minimal=0.01781 physics=0.6921 total=0.4724
[TRAIN train_climax_no_localization_head_s43] [TRAIN] stage=pretrain epoch=1/1 batch=2450/3000 step=2450 repair=0.003128 localization=0 type=1.218 minimal=0.01884 physics=0.6189 total=0.246
[TRAIN train_climax_no_localization_head_s43] [TRAIN] stage=pretrain epoch=1/1 batch=2460/3000 step=2460 repair=0.003794 localization=0 type=1.492 minimal=0.02242 physics=0.3461 total=0.1705
[TRAIN train_climax_no_localization_head_s43] [TRAIN] stage=pretrain epoch=1/1 batch=2470/3000 step=2470 repair=0.0268 localization=0 type=1.407 minimal=0.02005 physics=1.553 total=0.2453
[TRAIN train_climax_no_localization_head_s43] [TRAIN] stage=pretrain epoch=1/1 batch=2480/3000 step=2480 repair=0.002593 localization=0 type=1.606 minimal=0.0168 physics=0.1779 total=0.2933
[TRAIN train_climax_no_localization_head_s43] [TRAIN] stage=pretrain epoch=1/1 batch=2490/3000 step=2490 repair=0.03111 localization=0 type=1.21 minimal=0.01944 physics=1.562 total=0.2304
[TRAIN train_climax_no_localization_head_s43] [TRAIN] stage=pretrain epoch=1/1 batch=2500/3000 step=2500 repair=0.001311 localization=0 type=1.459 minimal=0.01405 physics=0.04929 total=0.2486
[TRAIN train_climax_no_localization_head_s43] [TRAIN] stage=pretrain epoch=1/1 batch=2510/3000 step=2510 repair=0.002666 localization=0 type=1.678 minimal=0.01646 physics=0.1141 total=0.3193
[TRAIN train_climax_no_localization_head_s43] [TRAIN] stage=pretrain epoch=1/1 batch=2520/3000 step=2520 repair=0.01565 localization=0 type=1.461 minimal=0.0174 physics=0.9604 total=0.3259
[TRAIN train_climax_no_localization_head_s43] [TRAIN] stage=pretrain epoch=1/1 batch=2530/3000 step=2530 repair=0.003682 localization=0 type=1.822 minimal=0.01759 physics=0.201 total=0.329
[TRAIN train_climax_no_localization_head_s43] [TRAIN] stage=pretrain epoch=1/1 batch=2540/3000 step=2540 repair=0.002657 localization=0 type=1.668 minimal=0.02112 physics=0.4401 total=0.3368
[TRAIN train_climax_no_localization_head_s43] [TRAIN] stage=pretrain epoch=1/1 batch=2550/3000 step=2550 repair=0.00397 localization=0 type=1.163 minimal=0.01855 physics=0.7468 total=0.2526
[TRAIN train_climax_no_localization_head_s43] [TRAIN] stage=pretrain epoch=1/1 batch=2560/3000 step=2560 repair=0.002256 localization=0 type=1.421 minimal=0.01851 physics=0.2161 total=0.2602
[TRAIN train_climax_no_localization_head_s43] [TRAIN] stage=pretrain epoch=1/1 batch=2570/3000 step=2570 repair=0.00227 localization=0 type=0.007877 minimal=0.02756 physics=1.629 total=0.08571
[TRAIN train_climax_no_localization_head_s43] [TRAIN] stage=pretrain epoch=1/1 batch=2580/3000 step=2580 repair=0.01965 localization=0 type=0.8936 minimal=0.02254 physics=1.16 total=0.1672
[TRAIN train_climax_no_localization_head_s43] [TRAIN] stage=pretrain epoch=1/1 batch=2590/3000 step=2590 repair=0.003632 localization=0 type=1.53 minimal=0.01598 physics=0.1808 total=0.2466
[TRAIN train_climax_no_localization_head_s43] [TRAIN] stage=pretrain epoch=1/1 batch=2600/3000 step=2600 repair=0.002971 localization=0 type=0.698 minimal=0.01706 physics=0.2593 total=0.08591
[TRAIN train_climax_no_localization_head_s43] [TRAIN] stage=pretrain epoch=1/1 batch=2610/3000 step=2610 repair=0.002528 localization=0 type=1.449 minimal=0.01842 physics=0.05691 total=0.2446
[TRAIN train_climax_no_localization_head_s43] [TRAIN] stage=pretrain epoch=1/1 batch=2620/3000 step=2620 repair=0.003893 localization=0 type=1.501 minimal=0.01624 physics=0.663 total=0.1874
[TRAIN train_climax_no_localization_head_s43] [TRAIN] stage=pretrain epoch=1/1 batch=2630/3000 step=2630 repair=0.003631 localization=0 type=1.704 minimal=0.01697 physics=0.1281 total=0.3093
[TRAIN train_climax_no_localization_head_s43] [TRAIN] stage=pretrain epoch=1/1 batch=2640/3000 step=2640 repair=0.003688 localization=0 type=1.306 minimal=0.01619 physics=0.09837 total=0.2363
[TRAIN train_climax_no_localization_head_s43] [TRAIN] stage=pretrain epoch=1/1 batch=2650/3000 step=2650 repair=0.0038 localization=0 type=0.003189 minimal=0.0246 physics=0.5493 total=0.03215
[TRAIN train_climax_no_localization_head_s43] [TRAIN] stage=pretrain epoch=1/1 batch=2660/3000 step=2660 repair=0.004719 localization=0 type=1.508 minimal=0.01833 physics=0.08369 total=0.2834
[TRAIN train_climax_no_localization_head_s43] [TRAIN] stage=pretrain epoch=1/1 batch=2670/3000 step=2670 repair=0.001513 localization=0 type=1.177 minimal=0.0134 physics=0.09872 total=0.2123
[TRAIN train_climax_no_localization_head_s43] [TRAIN] stage=pretrain epoch=1/1 batch=2680/3000 step=2680 repair=0.002304 localization=0 type=0.02607 minimal=0.01601 physics=0.2875 total=0.02217
[TRAIN train_climax_no_localization_head_s43] [TRAIN] stage=pretrain epoch=1/1 batch=2690/3000 step=2690 repair=0.00603 localization=0 type=1.434 minimal=0.01811 physics=0.1546 total=0.2636
[TRAIN train_climax_no_localization_head_s43] [TRAIN] stage=pretrain epoch=1/1 batch=2700/3000 step=2700 repair=0.004521 localization=0 type=1.285 minimal=0.01546 physics=0.5138 total=0.1589
[TRAIN train_climax_no_localization_head_s43] [TRAIN] stage=pretrain epoch=1/1 batch=2710/3000 step=2710 repair=0.002266 localization=0 type=1.71 minimal=0.01547 physics=0.1093 total=0.3124
[TRAIN train_climax_no_localization_head_s43] [TRAIN] stage=pretrain epoch=1/1 batch=2720/3000 step=2720 repair=0.003132 localization=0 type=1.304 minimal=0.0172 physics=0.3554 total=0.2421
[TRAIN train_climax_no_localization_head_s43] [TRAIN] stage=pretrain epoch=1/1 batch=2730/3000 step=2730 repair=0.002388 localization=0 type=0.005275 minimal=0.01724 physics=0.7088 total=0.03918
[TRAIN train_climax_no_localization_head_s43] [TRAIN] stage=pretrain epoch=1/1 batch=2740/3000 step=2740 repair=0.001591 localization=0 type=2.294 minimal=0.01627 physics=0.06216 total=0.4244
[TRAIN train_climax_no_localization_head_s43] [TRAIN] stage=pretrain epoch=1/1 batch=2750/3000 step=2750 repair=0.005739 localization=0 type=1.44 minimal=0.01531 physics=0.6019 total=0.18
[TRAIN train_climax_no_localization_head_s43] [TRAIN] stage=pretrain epoch=1/1 batch=2760/3000 step=2760 repair=0.01683 localization=0 type=1.311 minimal=0.01619 physics=0.442 total=0.2691
[TRAIN train_climax_no_localization_head_s43] [TRAIN] stage=pretrain epoch=1/1 batch=2770/3000 step=2770 repair=0.002354 localization=0 type=1.734 minimal=0.01572 physics=0.1112 total=0.3268
[TRAIN train_climax_no_localization_head_s43] [TRAIN] stage=pretrain epoch=1/1 batch=2780/3000 step=2780 repair=0.003531 localization=0 type=0.001033 minimal=0.03387 physics=0.5469 total=0.03152
[TRAIN train_climax_no_localization_head_s43] [TRAIN] stage=pretrain epoch=1/1 batch=2790/3000 step=2790 repair=0.003098 localization=0 type=1.372 minimal=0.01527 physics=0.2158 total=0.2472
[TRAIN train_climax_no_localization_head_s43] [TRAIN] stage=pretrain epoch=1/1 batch=2800/3000 step=2800 repair=0.02471 localization=0 type=1.617 minimal=0.01732 physics=1.179 total=0.2455
[TRAIN train_climax_no_localization_head_s43] [TRAIN] stage=pretrain epoch=1/1 batch=2810/3000 step=2810 repair=0.001888 localization=0 type=0.007145 minimal=0.02843 physics=0.2571 total=0.0168
[TRAIN train_climax_no_localization_head_s43] [TRAIN] stage=pretrain epoch=1/1 batch=2820/3000 step=2820 repair=0.00129 localization=0 type=1.478 minimal=0.01543 physics=0.05733 total=0.2748
[TRAIN train_climax_no_localization_head_s43] [TRAIN] stage=pretrain epoch=1/1 batch=2830/3000 step=2830 repair=0.006474 localization=0 type=1.49 minimal=0.01539 physics=0.09218 total=0.2741
[TRAIN train_climax_no_localization_head_s43] [TRAIN] stage=pretrain epoch=1/1 batch=2840/3000 step=2840 repair=0.001493 localization=0 type=1.559 minimal=0.014 physics=0.1559 total=0.2921
[TRAIN train_climax_no_localization_head_s43] [TRAIN] stage=pretrain epoch=1/1 batch=2850/3000 step=2850 repair=0.007093 localization=0 type=0.894 minimal=0.01405 physics=0.9683 total=0.1451
[TRAIN train_climax_no_localization_head_s43] [TRAIN] stage=pretrain epoch=1/1 batch=2860/3000 step=2860 repair=0.002275 localization=0 type=1.367 minimal=0.01486 physics=0.2345 total=0.2288
[TRAIN train_climax_no_localization_head_s43] [TRAIN] stage=pretrain epoch=1/1 batch=2870/3000 step=2870 repair=0.01111 localization=0 type=2.118 minimal=0.01622 physics=0.3674 total=0.3939
[TRAIN train_climax_no_localization_head_s43] [TRAIN] stage=pretrain epoch=1/1 batch=2880/3000 step=2880 repair=0.01469 localization=0 type=1.067 minimal=0.01744 physics=1.847 total=0.2708
[TRAIN train_climax_no_localization_head_s43] [TRAIN] stage=pretrain epoch=1/1 batch=2890/3000 step=2890 repair=0.007516 localization=0 type=0.9897 minimal=0.01865 physics=0.9046 total=0.1519
[TRAIN train_climax_no_localization_head_s43] [TRAIN] stage=pretrain epoch=1/1 batch=2900/3000 step=2900 repair=0.004196 localization=0 type=0.9673 minimal=0.01707 physics=0.5119 total=0.1267
[TRAIN train_climax_no_localization_head_s43] [TRAIN] stage=pretrain epoch=1/1 batch=2910/3000 step=2910 repair=0.005374 localization=0 type=1.443 minimal=0.01781 physics=0.06386 total=0.2349
[TRAIN train_climax_no_localization_head_s43] [TRAIN] stage=pretrain epoch=1/1 batch=2920/3000 step=2920 repair=0.005769 localization=0 type=1.424 minimal=0.01785 physics=0.1722 total=0.2438
[TRAIN train_climax_no_localization_head_s43] [TRAIN] stage=pretrain epoch=1/1 batch=2930/3000 step=2930 repair=0.00909 localization=0 type=1.087 minimal=0.01717 physics=0.7936 total=0.1576
[TRAIN train_climax_no_localization_head_s43] [TRAIN] stage=pretrain epoch=1/1 batch=2940/3000 step=2940 repair=0.02087 localization=0 type=0.8501 minimal=0.01764 physics=1.046 total=0.1584
[TRAIN train_climax_no_localization_head_s43] [TRAIN] stage=pretrain epoch=1/1 batch=2950/3000 step=2950 repair=0.02728 localization=0 type=0.8604 minimal=0.01904 physics=2.101 total=0.2185
[TRAIN train_climax_no_localization_head_s43] [TRAIN] stage=pretrain epoch=1/1 batch=2960/3000 step=2960 repair=0.01014 localization=0 type=0.7556 minimal=0.01855 physics=0.6801 total=0.1199
[TRAIN train_climax_no_localization_head_s43] [TRAIN] stage=pretrain epoch=1/1 batch=2970/3000 step=2970 repair=0.002119 localization=0 type=0.0287 minimal=0.01775 physics=0.2842 total=0.02141
[TRAIN train_climax_no_localization_head_s43] [TRAIN] stage=pretrain epoch=1/1 batch=2980/3000 step=2980 repair=0.006415 localization=0 type=2.25 minimal=0.0164 physics=0.07246 total=0.3436
[TRAIN train_climax_no_localization_head_s43] [TRAIN] stage=pretrain epoch=1/1 batch=2990/3000 step=2990 repair=0.002625 localization=0 type=2.433 minimal=0.01527 physics=0.1659 total=0.4115
[TRAIN train_climax_no_localization_head_s43] [TRAIN] stage=pretrain epoch=1/1 batch=3000/3000 step=3000 repair=0.00282 localization=0 type=2.213 minimal=0.0157 physics=0.1397 total=0.3763
[TRAIN train_climax_no_localization_head_s43] [EPOCH] {'stage': 'pretrain', 'epoch': 0, 'global_step': 3000, 'train_total': 0.2852038421531518, 'val_repair_mse': 0.1303959044162184, 'elapsed_seconds': 1968.03}
[TRAIN train_climax_no_localization_head_s43] [BEST] val_repair_mse=0.130396
[TRAIN train_climax_no_localization_head_s43] [STAGE] finetune epochs=1 start_epoch=0
[TRAIN train_climax_no_localization_head_s43] [TRAIN] stage=finetune epoch=1/1 batch=10/3000 step=3010 repair=0.1442 localization=0 type=0 minimal=0.03162 physics=0.5414 total=0.1716
[TRAIN train_climax_no_localization_head_s43] [TRAIN] stage=finetune epoch=1/1 batch=20/3000 step=3020 repair=0.1734 localization=0 type=0 minimal=0.03546 physics=0.5943 total=0.2035
[TRAIN train_climax_no_localization_head_s43] [TRAIN] stage=finetune epoch=1/1 batch=30/3000 step=3030 repair=0.1158 localization=0 type=0 minimal=0.03705 physics=0.7108 total=0.1518
[TRAIN train_climax_no_localization_head_s43] [TRAIN] stage=finetune epoch=1/1 batch=40/3000 step=3040 repair=0.09024 localization=0 type=0 minimal=0.03961 physics=0.3677 total=0.109
[TRAIN train_climax_no_localization_head_s43] [TRAIN] stage=finetune epoch=1/1 batch=50/3000 step=3050 repair=0.1169 localization=0 type=0 minimal=0.03848 physics=0.4622 total=0.1404
[TRAIN train_climax_no_localization_head_s43] [TRAIN] stage=finetune epoch=1/1 batch=60/3000 step=3060 repair=0.08578 localization=0 type=0 minimal=0.04074 physics=0.3688 total=0.1046
[TRAIN train_climax_no_localization_head_s43] [TRAIN] stage=finetune epoch=1/1 batch=70/3000 step=3070 repair=0.1223 localization=0 type=0 minimal=0.0405 physics=0.5104 total=0.1482
[TRAIN train_climax_no_localization_head_s43] [TRAIN] stage=finetune epoch=1/1 batch=80/3000 step=3080 repair=0.117 localization=0 type=0 minimal=0.03741 physics=0.5467 total=0.1447
[TRAIN train_climax_no_localization_head_s43] [TRAIN] stage=finetune epoch=1/1 batch=90/3000 step=3090 repair=0.07811 localization=0 type=0 minimal=0.04181 physics=0.4864 total=0.1028
[TRAIN train_climax_no_localization_head_s43] [TRAIN] stage=finetune epoch=1/1 batch=100/3000 step=3100 repair=0.07945 localization=0 type=0 minimal=0.04083 physics=0.4033 total=0.1
[TRAIN train_climax_no_localization_head_s43] [TRAIN] stage=finetune epoch=1/1 batch=110/3000 step=3110 repair=0.1239 localization=0 type=0 minimal=0.04221 physics=0.4935 total=0.149
[TRAIN train_climax_no_localization_head_s43] [TRAIN] stage=finetune epoch=1/1 batch=120/3000 step=3120 repair=0.1213 localization=0 type=0 minimal=0.04495 physics=0.511 total=0.1473
[TRAIN train_climax_no_localization_head_s43] [TRAIN] stage=finetune epoch=1/1 batch=130/3000 step=3130 repair=0.1509 localization=0 type=0 minimal=0.04266 physics=0.4227 total=0.1724
[TRAIN train_climax_no_localization_head_s43] [TRAIN] stage=finetune epoch=1/1 batch=140/3000 step=3140 repair=0.1274 localization=0 type=0 minimal=0.04059 physics=0.4121 total=0.1484
[TRAIN train_climax_no_localization_head_s43] [TRAIN] stage=finetune epoch=1/1 batch=150/3000 step=3150 repair=0.1697 localization=0 type=0 minimal=0.04324 physics=0.5577 total=0.198
[TRAIN train_climax_no_localization_head_s43] [TRAIN] stage=finetune epoch=1/1 batch=160/3000 step=3160 repair=0.1589 localization=0 type=0 minimal=0.03922 physics=0.5378 total=0.1862
[TRAIN train_climax_no_localization_head_s43] [TRAIN] stage=finetune epoch=1/1 batch=170/3000 step=3170 repair=0.0808 localization=0 type=0 minimal=0.03983 physics=0.3818 total=0.1003
[TRAIN train_climax_no_localization_head_s43] [TRAIN] stage=finetune epoch=1/1 batch=180/3000 step=3180 repair=0.1241 localization=0 type=0 minimal=0.04166 physics=0.5194 total=0.1505
[TRAIN train_climax_no_localization_head_s43] [TRAIN] stage=finetune epoch=1/1 batch=190/3000 step=3190 repair=0.09825 localization=0 type=0 minimal=0.04123 physics=0.4201 total=0.1197
[TRAIN train_climax_no_localization_head_s43] [TRAIN] stage=finetune epoch=1/1 batch=200/3000 step=3200 repair=0.1641 localization=0 type=0 minimal=0.04684 physics=0.7303 total=0.2011
[TRAIN train_climax_no_localization_head_s43] [TRAIN] stage=finetune epoch=1/1 batch=210/3000 step=3210 repair=0.07808 localization=0 type=0 minimal=0.04123 physics=0.4363 total=0.1003
[TRAIN train_climax_no_localization_head_s43] [TRAIN] stage=finetune epoch=1/1 batch=220/3000 step=3220 repair=0.1507 localization=0 type=0 minimal=0.04773 physics=0.5265 total=0.1775
[TRAIN train_climax_no_localization_head_s43] [TRAIN] stage=finetune epoch=1/1 batch=230/3000 step=3230 repair=0.08464 localization=0 type=0 minimal=0.04193 physics=0.5741 total=0.1138
[TRAIN train_climax_no_localization_head_s43] [TRAIN] stage=finetune epoch=1/1 batch=240/3000 step=3240 repair=0.1289 localization=0 type=0 minimal=0.04126 physics=0.4468 total=0.1517
[TRAIN train_climax_no_localization_head_s43] [TRAIN] stage=finetune epoch=1/1 batch=250/3000 step=3250 repair=0.09153 localization=0 type=0 minimal=0.04425 physics=0.3876 total=0.1114
[TRAIN train_climax_no_localization_head_s43] [TRAIN] stage=finetune epoch=1/1 batch=260/3000 step=3260 repair=0.1528 localization=0 type=0 minimal=0.04782 physics=0.5014 total=0.1783
[TRAIN train_climax_no_localization_head_s43] [TRAIN] stage=finetune epoch=1/1 batch=270/3000 step=3270 repair=0.1605 localization=0 type=0 minimal=0.04388 physics=0.7115 total=0.1965
[TRAIN train_climax_no_localization_head_s43] [TRAIN] stage=finetune epoch=1/1 batch=280/3000 step=3280 repair=0.1185 localization=0 type=0 minimal=0.04517 physics=0.4625 total=0.142
[TRAIN train_climax_no_localization_head_s43] [TRAIN] stage=finetune epoch=1/1 batch=290/3000 step=3290 repair=0.08412 localization=0 type=0 minimal=0.04407 physics=0.4079 total=0.105
[TRAIN train_climax_no_localization_head_s43] [TRAIN] stage=finetune epoch=1/1 batch=300/3000 step=3300 repair=0.07592 localization=0 type=0 minimal=0.04501 physics=0.4363 total=0.09819
[TRAIN train_climax_no_localization_head_s43] [TRAIN] stage=finetune epoch=1/1 batch=310/3000 step=3310 repair=0.08241 localization=0 type=0 minimal=0.04468 physics=0.5147 total=0.1086
[TRAIN train_climax_no_localization_head_s43] [TRAIN] stage=finetune epoch=1/1 batch=320/3000 step=3320 repair=0.1192 localization=0 type=0 minimal=0.04776 physics=0.58 total=0.1487
[TRAIN train_climax_no_localization_head_s43] [TRAIN] stage=finetune epoch=1/1 batch=330/3000 step=3330 repair=0.1251 localization=0 type=0 minimal=0.04688 physics=0.4728 total=0.1492
[TRAIN train_climax_no_localization_head_s43] [TRAIN] stage=finetune epoch=1/1 batch=340/3000 step=3340 repair=0.1335 localization=0 type=0 minimal=0.04901 physics=0.3715 total=0.1525
[TRAIN train_climax_no_localization_head_s43] [TRAIN] stage=finetune epoch=1/1 batch=350/3000 step=3350 repair=0.1134 localization=0 type=0 minimal=0.04849 physics=0.4189 total=0.1348
[TRAIN train_climax_no_localization_head_s43] [TRAIN] stage=finetune epoch=1/1 batch=360/3000 step=3360 repair=0.1318 localization=0 type=0 minimal=0.04529 physics=0.4545 total=0.155
[TRAIN train_climax_no_localization_head_s43] [TRAIN] stage=finetune epoch=1/1 batch=370/3000 step=3370 repair=0.1306 localization=0 type=0 minimal=0.04572 physics=0.7192 total=0.167
[TRAIN train_climax_no_localization_head_s43] [TRAIN] stage=finetune epoch=1/1 batch=380/3000 step=3380 repair=0.08547 localization=0 type=0 minimal=0.05194 physics=0.4818 total=0.1101
[TRAIN train_climax_no_localization_head_s43] [TRAIN] stage=finetune epoch=1/1 batch=390/3000 step=3390 repair=0.07478 localization=0 type=0 minimal=0.05124 physics=0.4649 total=0.09854
[TRAIN train_climax_no_localization_head_s43] [TRAIN] stage=finetune epoch=1/1 batch=400/3000 step=3400 repair=0.08299 localization=0 type=0 minimal=0.05008 physics=0.3308 total=0.1
[TRAIN train_climax_no_localization_head_s43] [TRAIN] stage=finetune epoch=1/1 batch=410/3000 step=3410 repair=0.1295 localization=0 type=0 minimal=0.05103 physics=0.4433 total=0.1522
[TRAIN train_climax_no_localization_head_s43] [TRAIN] stage=finetune epoch=1/1 batch=420/3000 step=3420 repair=0.1522 localization=0 type=0 minimal=0.04599 physics=0.7181 total=0.1885
[TRAIN train_climax_no_localization_head_s43] [TRAIN] stage=finetune epoch=1/1 batch=430/3000 step=3430 repair=0.173 localization=0 type=0 minimal=0.0488 physics=0.3978 total=0.1933
[TRAIN train_climax_no_localization_head_s43] [TRAIN] stage=finetune epoch=1/1 batch=440/3000 step=3440 repair=0.1115 localization=0 type=0 minimal=0.04495 physics=0.5449 total=0.1392
[TRAIN train_climax_no_localization_head_s43] [TRAIN] stage=finetune epoch=1/1 batch=450/3000 step=3450 repair=0.08175 localization=0 type=0 minimal=0.04999 physics=0.4591 total=0.1052
[TRAIN train_climax_no_localization_head_s43] [TRAIN] stage=finetune epoch=1/1 batch=460/3000 step=3460 repair=0.09101 localization=0 type=0 minimal=0.05399 physics=0.4382 total=0.1135
[TRAIN train_climax_no_localization_head_s43] [TRAIN] stage=finetune epoch=1/1 batch=470/3000 step=3470 repair=0.1209 localization=0 type=0 minimal=0.04968 physics=0.413 total=0.142
[TRAIN train_climax_no_localization_head_s43] [TRAIN] stage=finetune epoch=1/1 batch=480/3000 step=3480 repair=0.09139 localization=0 type=0 minimal=0.04779 physics=0.3234 total=0.108
[TRAIN train_climax_no_localization_head_s43] [TRAIN] stage=finetune epoch=1/1 batch=490/3000 step=3490 repair=0.1691 localization=0 type=0 minimal=0.05505 physics=0.382 total=0.1888
[TRAIN train_climax_no_localization_head_s43] [TRAIN] stage=finetune epoch=1/1 batch=500/3000 step=3500 repair=0.1178 localization=0 type=0 minimal=0.04736 physics=0.3406 total=0.1353
[TRAIN train_climax_no_localization_head_s43] [TRAIN] stage=finetune epoch=1/1 batch=510/3000 step=3510 repair=0.1234 localization=0 type=0 minimal=0.0563 physics=0.3356 total=0.1407
[TRAIN train_climax_no_localization_head_s43] [TRAIN] stage=finetune epoch=1/1 batch=520/3000 step=3520 repair=0.09059 localization=0 type=0 minimal=0.05023 physics=0.2978 total=0.106
[TRAIN train_climax_no_localization_head_s43] [TRAIN] stage=finetune epoch=1/1 batch=530/3000 step=3530 repair=0.07046 localization=0 type=0 minimal=0.05167 physics=0.3715 total=0.08955
[TRAIN train_climax_no_localization_head_s43] [TRAIN] stage=finetune epoch=1/1 batch=540/3000 step=3540 repair=0.1732 localization=0 type=0 minimal=0.04956 physics=0.4449 total=0.196
[TRAIN train_climax_no_localization_head_s43] [TRAIN] stage=finetune epoch=1/1 batch=550/3000 step=3550 repair=0.1285 localization=0 type=0 minimal=0.05469 physics=0.3813 total=0.1481
[TRAIN train_climax_no_localization_head_s43] [TRAIN] stage=finetune epoch=1/1 batch=560/3000 step=3560 repair=0.1515 localization=0 type=0 minimal=0.05655 physics=0.4881 total=0.1765
[TRAIN train_climax_no_localization_head_s43] [TRAIN] stage=finetune epoch=1/1 batch=570/3000 step=3570 repair=0.08041 localization=0 type=0 minimal=0.04523 physics=0.3353 total=0.09763
[TRAIN train_climax_no_localization_head_s43] [TRAIN] stage=finetune epoch=1/1 batch=580/3000 step=3580 repair=0.1192 localization=0 type=0 minimal=0.04974 physics=0.5554 total=0.1474
[TRAIN train_climax_no_localization_head_s43] [TRAIN] stage=finetune epoch=1/1 batch=590/3000 step=3590 repair=0.1212 localization=0 type=0 minimal=0.05844 physics=0.6847 total=0.156
[TRAIN train_climax_no_localization_head_s43] [TRAIN] stage=finetune epoch=1/1 batch=600/3000 step=3600 repair=0.1165 localization=0 type=0 minimal=0.0564 physics=0.4069 total=0.1374
[TRAIN train_climax_no_localization_head_s43] [TRAIN] stage=finetune epoch=1/1 batch=610/3000 step=3610 repair=0.1168 localization=0 type=0 minimal=0.04419 physics=0.351 total=0.1348
[TRAIN train_climax_no_localization_head_s43] [TRAIN] stage=finetune epoch=1/1 batch=620/3000 step=3620 repair=0.08669 localization=0 type=0 minimal=0.0535 physics=0.4635 total=0.1104
[TRAIN train_climax_no_localization_head_s43] [TRAIN] stage=finetune epoch=1/1 batch=630/3000 step=3630 repair=0.09139 localization=0 type=0 minimal=0.0524 physics=0.4939 total=0.1166
[TRAIN train_climax_no_localization_head_s43] [TRAIN] stage=finetune epoch=1/1 batch=640/3000 step=3640 repair=0.1247 localization=0 type=0 minimal=0.05026 physics=0.3698 total=0.1437
[TRAIN train_climax_no_localization_head_s43] [TRAIN] stage=finetune epoch=1/1 batch=650/3000 step=3650 repair=0.1269 localization=0 type=0 minimal=0.05511 physics=0.5605 total=0.1555
[TRAIN train_climax_no_localization_head_s43] [TRAIN] stage=finetune epoch=1/1 batch=660/3000 step=3660 repair=0.1308 localization=0 type=0 minimal=0.04733 physics=0.5413 total=0.1583
[TRAIN train_climax_no_localization_head_s43] [TRAIN] stage=finetune epoch=1/1 batch=670/3000 step=3670 repair=0.09302 localization=0 type=0 minimal=0.05106 physics=0.5107 total=0.1191
[TRAIN train_climax_no_localization_head_s43] [TRAIN] stage=finetune epoch=1/1 batch=680/3000 step=3680 repair=0.08094 localization=0 type=0 minimal=0.05142 physics=0.4039 total=0.1016
[TRAIN train_climax_no_localization_head_s43] [TRAIN] stage=finetune epoch=1/1 batch=690/3000 step=3690 repair=0.1085 localization=0 type=0 minimal=0.05664 physics=0.394 total=0.1288
[TRAIN train_climax_no_localization_head_s43] [TRAIN] stage=finetune epoch=1/1 batch=700/3000 step=3700 repair=0.1093 localization=0 type=0 minimal=0.05536 physics=0.3633 total=0.128
[TRAIN train_climax_no_localization_head_s43] [TRAIN] stage=finetune epoch=1/1 batch=710/3000 step=3710 repair=0.16 localization=0 type=0 minimal=0.0592 physics=0.3665 total=0.179
[TRAIN train_climax_no_localization_head_s43] [TRAIN] stage=finetune epoch=1/1 batch=720/3000 step=3720 repair=0.07588 localization=0 type=0 minimal=0.05383 physics=0.3711 total=0.09497
[TRAIN train_climax_no_localization_head_s43] [TRAIN] stage=finetune epoch=1/1 batch=730/3000 step=3730 repair=0.1201 localization=0 type=0 minimal=0.04993 physics=0.4709 total=0.1441
[TRAIN train_climax_no_localization_head_s43] [TRAIN] stage=finetune epoch=1/1 batch=740/3000 step=3740 repair=0.09104 localization=0 type=0 minimal=0.05243 physics=0.3902 total=0.1111
[TRAIN train_climax_no_localization_head_s43] [TRAIN] stage=finetune epoch=1/1 batch=750/3000 step=3750 repair=0.1298 localization=0 type=0 minimal=0.04865 physics=0.4721 total=0.1539
[TRAIN train_climax_no_localization_head_s43] [TRAIN] stage=finetune epoch=1/1 batch=760/3000 step=3760 repair=0.1206 localization=0 type=0 minimal=0.05634 physics=0.3976 total=0.141
[TRAIN train_climax_no_localization_head_s43] [TRAIN] stage=finetune epoch=1/1 batch=770/3000 step=3770 repair=0.08505 localization=0 type=0 minimal=0.05771 physics=0.3595 total=0.1036
[TRAIN train_climax_no_localization_head_s43] [TRAIN] stage=finetune epoch=1/1 batch=780/3000 step=3780 repair=0.1264 localization=0 type=0 minimal=0.05719 physics=0.6473 total=0.1593
[TRAIN train_climax_no_localization_head_s43] [TRAIN] stage=finetune epoch=1/1 batch=790/3000 step=3790 repair=0.07883 localization=0 type=0 minimal=0.05682 physics=0.3399 total=0.0964
[TRAIN train_climax_no_localization_head_s43] [TRAIN] stage=finetune epoch=1/1 batch=800/3000 step=3800 repair=0.1119 localization=0 type=0 minimal=0.06488 physics=0.3467 total=0.1299
[TRAIN train_climax_no_localization_head_s43] [TRAIN] stage=finetune epoch=1/1 batch=810/3000 step=3810 repair=0.0813 localization=0 type=0 minimal=0.05109 physics=0.4429 total=0.104
[TRAIN train_climax_no_localization_head_s43] [TRAIN] stage=finetune epoch=1/1 batch=820/3000 step=3820 repair=0.1292 localization=0 type=0 minimal=0.05069 physics=0.4398 total=0.1517
[TRAIN train_climax_no_localization_head_s43] [TRAIN] stage=finetune epoch=1/1 batch=830/3000 step=3830 repair=0.08888 localization=0 type=0 minimal=0.05502 physics=0.4048 total=0.1097
[TRAIN train_climax_no_localization_head_s43] [TRAIN] stage=finetune epoch=1/1 batch=840/3000 step=3840 repair=0.1144 localization=0 type=0 minimal=0.05966 physics=0.4648 total=0.1383
[TRAIN train_climax_no_localization_head_s43] [TRAIN] stage=finetune epoch=1/1 batch=850/3000 step=3850 repair=0.1259 localization=0 type=0 minimal=0.05545 physics=0.5167 total=0.1523
[TRAIN train_climax_no_localization_head_s43] [TRAIN] stage=finetune epoch=1/1 batch=860/3000 step=3860 repair=0.06884 localization=0 type=0 minimal=0.05856 physics=0.4335 total=0.0911
[TRAIN train_climax_no_localization_head_s43] [TRAIN] stage=finetune epoch=1/1 batch=870/3000 step=3870 repair=0.08866 localization=0 type=0 minimal=0.05963 physics=0.4117 total=0.1098
[TRAIN train_climax_no_localization_head_s43] [TRAIN] stage=finetune epoch=1/1 batch=880/3000 step=3880 repair=0.103 localization=0 type=0 minimal=0.05298 physics=0.4226 total=0.1246
[TRAIN train_climax_no_localization_head_s43] [TRAIN] stage=finetune epoch=1/1 batch=890/3000 step=3890 repair=0.1588 localization=0 type=0 minimal=0.05249 physics=0.5193 total=0.1853
[TRAIN train_climax_no_localization_head_s43] [TRAIN] stage=finetune epoch=1/1 batch=900/3000 step=3900 repair=0.1495 localization=0 type=0 minimal=0.05212 physics=0.5745 total=0.1787
[TRAIN train_climax_no_localization_head_s43] [TRAIN] stage=finetune epoch=1/1 batch=910/3000 step=3910 repair=0.087 localization=0 type=0 minimal=0.0589 physics=0.4149 total=0.1083
[TRAIN train_climax_no_localization_head_s43] [TRAIN] stage=finetune epoch=1/1 batch=920/3000 step=3920 repair=0.1314 localization=0 type=0 minimal=0.05957 physics=0.526 total=0.1583
[TRAIN train_climax_no_localization_head_s43] [TRAIN] stage=finetune epoch=1/1 batch=930/3000 step=3930 repair=0.09365 localization=0 type=0 minimal=0.06232 physics=0.435 total=0.116
[TRAIN train_climax_no_localization_head_s43] [TRAIN] stage=finetune epoch=1/1 batch=940/3000 step=3940 repair=0.1097 localization=0 type=0 minimal=0.05377 physics=0.5937 total=0.1399
[TRAIN train_climax_no_localization_head_s43] [TRAIN] stage=finetune epoch=1/1 batch=950/3000 step=3950 repair=0.1174 localization=0 type=0 minimal=0.06082 physics=0.9193 total=0.164
[TRAIN train_climax_no_localization_head_s43] [TRAIN] stage=finetune epoch=1/1 batch=960/3000 step=3960 repair=0.1242 localization=0 type=0 minimal=0.06287 physics=0.5432 total=0.152
[TRAIN train_climax_no_localization_head_s43] [TRAIN] stage=finetune epoch=1/1 batch=970/3000 step=3970 repair=0.07216 localization=0 type=0 minimal=0.06238 physics=0.648 total=0.1052
[TRAIN train_climax_no_localization_head_s43] [TRAIN] stage=finetune epoch=1/1 batch=980/3000 step=3980 repair=0.1179 localization=0 type=0 minimal=0.04938 physics=0.4449 total=0.1406
[TRAIN train_climax_no_localization_head_s43] [TRAIN] stage=finetune epoch=1/1 batch=990/3000 step=3990 repair=0.113 localization=0 type=0 minimal=0.0546 physics=0.5082 total=0.1389
[TRAIN train_climax_no_localization_head_s43] [TRAIN] stage=finetune epoch=1/1 batch=1000/3000 step=4000 repair=0.06748 localization=0 type=0 minimal=0.06122 physics=0.5066 total=0.09342
[TRAIN train_climax_no_localization_head_s43] [TRAIN] stage=finetune epoch=1/1 batch=1010/3000 step=4010 repair=0.1174 localization=0 type=0 minimal=0.05655 physics=0.6011 total=0.148
[TRAIN train_climax_no_localization_head_s43] [TRAIN] stage=finetune epoch=1/1 batch=1020/3000 step=4020 repair=0.1188 localization=0 type=0 minimal=0.05936 physics=0.4309 total=0.141
[TRAIN train_climax_no_localization_head_s43] [TRAIN] stage=finetune epoch=1/1 batch=1030/3000 step=4030 repair=0.07934 localization=0 type=0 minimal=0.06012 physics=0.4797 total=0.1039
[TRAIN train_climax_no_localization_head_s43] [TRAIN] stage=finetune epoch=1/1 batch=1040/3000 step=4040 repair=0.07841 localization=0 type=0 minimal=0.05844 physics=0.4609 total=0.102
[TRAIN train_climax_no_localization_head_s43] [TRAIN] stage=finetune epoch=1/1 batch=1050/3000 step=4050 repair=0.06647 localization=0 type=0 minimal=0.05765 physics=0.3821 total=0.08615
[TRAIN train_climax_no_localization_head_s43] [TRAIN] stage=finetune epoch=1/1 batch=1060/3000 step=4060 repair=0.1159 localization=0 type=0 minimal=0.05783 physics=0.4653 total=0.1398
[TRAIN train_climax_no_localization_head_s43] [TRAIN] stage=finetune epoch=1/1 batch=1070/3000 step=4070 repair=0.07944 localization=0 type=0 minimal=0.05832 physics=0.3951 total=0.09978
[TRAIN train_climax_no_localization_head_s43] [TRAIN] stage=finetune epoch=1/1 batch=1080/3000 step=4080 repair=0.08766 localization=0 type=0 minimal=0.05627 physics=0.4015 total=0.1083
[TRAIN train_climax_no_localization_head_s43] [TRAIN] stage=finetune epoch=1/1 batch=1090/3000 step=4090 repair=0.1277 localization=0 type=0 minimal=0.0556 physics=0.5184 total=0.1542
[TRAIN train_climax_no_localization_head_s43] [TRAIN] stage=finetune epoch=1/1 batch=1100/3000 step=4100 repair=0.1269 localization=0 type=0 minimal=0.05869 physics=0.4494 total=0.1499
[TRAIN train_climax_no_localization_head_s43] [TRAIN] stage=finetune epoch=1/1 batch=1110/3000 step=4110 repair=0.09322 localization=0 type=0 minimal=0.05991 physics=0.4625 total=0.1169
[TRAIN train_climax_no_localization_head_s43] [TRAIN] stage=finetune epoch=1/1 batch=1120/3000 step=4120 repair=0.07434 localization=0 type=0 minimal=0.06281 physics=0.4345 total=0.0967
[TRAIN train_climax_no_localization_head_s43] [TRAIN] stage=finetune epoch=1/1 batch=1130/3000 step=4130 repair=0.1326 localization=0 type=0 minimal=0.05887 physics=0.396 total=0.153
[TRAIN train_climax_no_localization_head_s43] [TRAIN] stage=finetune epoch=1/1 batch=1140/3000 step=4140 repair=0.1152 localization=0 type=0 minimal=0.05783 physics=0.4247 total=0.137
[TRAIN train_climax_no_localization_head_s43] [TRAIN] stage=finetune epoch=1/1 batch=1150/3000 step=4150 repair=0.1641 localization=0 type=0 minimal=0.06015 physics=0.5025 total=0.1898
[TRAIN train_climax_no_localization_head_s43] [TRAIN] stage=finetune epoch=1/1 batch=1160/3000 step=4160 repair=0.1123 localization=0 type=0 minimal=0.06113 physics=0.6161 total=0.1437
[TRAIN train_climax_no_localization_head_s43] [TRAIN] stage=finetune epoch=1/1 batch=1170/3000 step=4170 repair=0.1205 localization=0 type=0 minimal=0.05768 physics=0.5732 total=0.1498
[TRAIN train_climax_no_localization_head_s43] [TRAIN] stage=finetune epoch=1/1 batch=1180/3000 step=4180 repair=0.07825 localization=0 type=0 minimal=0.05933 physics=0.4223 total=0.09996
[TRAIN train_climax_no_localization_head_s43] [TRAIN] stage=finetune epoch=1/1 batch=1190/3000 step=4190 repair=0.1308 localization=0 type=0 minimal=0.06171 physics=0.4873 total=0.1557
[TRAIN train_climax_no_localization_head_s43] [TRAIN] stage=finetune epoch=1/1 batch=1200/3000 step=4200 repair=0.1313 localization=0 type=0 minimal=0.05865 physics=0.5394 total=0.1589
[TRAIN train_climax_no_localization_head_s43] [TRAIN] stage=finetune epoch=1/1 batch=1210/3000 step=4210 repair=0.1093 localization=0 type=0 minimal=0.05426 physics=0.3732 total=0.1285
[TRAIN train_climax_no_localization_head_s43] [TRAIN] stage=finetune epoch=1/1 batch=1220/3000 step=4220 repair=0.07734 localization=0 type=0 minimal=0.06274 physics=0.4352 total=0.09972
[TRAIN train_climax_no_localization_head_s43] [TRAIN] stage=finetune epoch=1/1 batch=1230/3000 step=4230 repair=0.1572 localization=0 type=0 minimal=0.06213 physics=0.9044 total=0.203
[TRAIN train_climax_no_localization_head_s43] [TRAIN] stage=finetune epoch=1/1 batch=1240/3000 step=4240 repair=0.1141 localization=0 type=0 minimal=0.06003 physics=0.4582 total=0.1376
[TRAIN train_climax_no_localization_head_s43] [TRAIN] stage=finetune epoch=1/1 batch=1250/3000 step=4250 repair=0.1305 localization=0 type=0 minimal=0.05872 physics=0.6313 total=0.1626
[TRAIN train_climax_no_localization_head_s43] [TRAIN] stage=finetune epoch=1/1 batch=1260/3000 step=4260 repair=0.1281 localization=0 type=0 minimal=0.05988 physics=0.4335 total=0.1504
[TRAIN train_climax_no_localization_head_s43] [TRAIN] stage=finetune epoch=1/1 batch=1270/3000 step=4270 repair=0.1603 localization=0 type=0 minimal=0.05618 physics=0.5347 total=0.1876
[TRAIN train_climax_no_localization_head_s43] [TRAIN] stage=finetune epoch=1/1 batch=1280/3000 step=4280 repair=0.08456 localization=0 type=0 minimal=0.05954 physics=0.6342 total=0.1169
[TRAIN train_climax_no_localization_head_s43] [TRAIN] stage=finetune epoch=1/1 batch=1290/3000 step=4290 repair=0.1181 localization=0 type=0 minimal=0.05823 physics=0.5243 total=0.1449
[TRAIN train_climax_no_localization_head_s43] [TRAIN] stage=finetune epoch=1/1 batch=1300/3000 step=4300 repair=0.0925 localization=0 type=0 minimal=0.06235 physics=0.48 total=0.1171
[TRAIN train_climax_no_localization_head_s43] [TRAIN] stage=finetune epoch=1/1 batch=1310/3000 step=4310 repair=0.08868 localization=0 type=0 minimal=0.06427 physics=0.552 total=0.1169
[TRAIN train_climax_no_localization_head_s43] [TRAIN] stage=finetune epoch=1/1 batch=1320/3000 step=4320 repair=0.1164 localization=0 type=0 minimal=0.05844 physics=0.5056 total=0.1423
[TRAIN train_climax_no_localization_head_s43] [TRAIN] stage=finetune epoch=1/1 batch=1330/3000 step=4330 repair=0.08659 localization=0 type=0 minimal=0.06232 physics=0.4923 total=0.1118
[TRAIN train_climax_no_localization_head_s43] [TRAIN] stage=finetune epoch=1/1 batch=1340/3000 step=4340 repair=0.1443 localization=0 type=0 minimal=0.05887 physics=0.5577 total=0.1728
[TRAIN train_climax_no_localization_head_s43] [TRAIN] stage=finetune epoch=1/1 batch=1350/3000 step=4350 repair=0.06947 localization=0 type=0 minimal=0.06348 physics=0.5896 total=0.09959
[TRAIN train_climax_no_localization_head_s43] [TRAIN] stage=finetune epoch=1/1 batch=1360/3000 step=4360 repair=0.07635 localization=0 type=0 minimal=0.06842 physics=0.4706 total=0.1006
[TRAIN train_climax_no_localization_head_s43] [TRAIN] stage=finetune epoch=1/1 batch=1370/3000 step=4370 repair=0.07339 localization=0 type=0 minimal=0.06561 physics=0.3821 total=0.09315
[TRAIN train_climax_no_localization_head_s43] [TRAIN] stage=finetune epoch=1/1 batch=1380/3000 step=4380 repair=0.08704 localization=0 type=0 minimal=0.06439 physics=0.4282 total=0.1091
[TRAIN train_climax_no_localization_head_s43] [TRAIN] stage=finetune epoch=1/1 batch=1390/3000 step=4390 repair=0.1415 localization=0 type=0 minimal=0.05408 physics=0.7088 total=0.1775
[TRAIN train_climax_no_localization_head_s43] [TRAIN] stage=finetune epoch=1/1 batch=1400/3000 step=4400 repair=0.1488 localization=0 type=0 minimal=0.05679 physics=0.4946 total=0.1741
[TRAIN train_climax_no_localization_head_s43] [TRAIN] stage=finetune epoch=1/1 batch=1410/3000 step=4410 repair=0.1279 localization=0 type=0 minimal=0.05771 physics=0.4966 total=0.1533
[TRAIN train_climax_no_localization_head_s43] [TRAIN] stage=finetune epoch=1/1 batch=1420/3000 step=4420 repair=0.111 localization=0 type=0 minimal=0.06107 physics=0.5049 total=0.1369
[TRAIN train_climax_no_localization_head_s43] [TRAIN] stage=finetune epoch=1/1 batch=1430/3000 step=4430 repair=0.06885 localization=0 type=0 minimal=0.06329 physics=0.4203 total=0.0905
[TRAIN train_climax_no_localization_head_s43] [TRAIN] stage=finetune epoch=1/1 batch=1440/3000 step=4440 repair=0.1121 localization=0 type=0 minimal=0.06085 physics=0.5643 total=0.1409
[TRAIN train_climax_no_localization_head_s43] [TRAIN] stage=finetune epoch=1/1 batch=1450/3000 step=4450 repair=0.1193 localization=0 type=0 minimal=0.05957 physics=0.5161 total=0.1457
[TRAIN train_climax_no_localization_head_s43] [TRAIN] stage=finetune epoch=1/1 batch=1460/3000 step=4460 repair=0.07686 localization=0 type=0 minimal=0.06274 physics=0.6594 total=0.1105
[TRAIN train_climax_no_localization_head_s43] [TRAIN] stage=finetune epoch=1/1 batch=1470/3000 step=4470 repair=0.1272 localization=0 type=0 minimal=0.06512 physics=0.5616 total=0.1559
[TRAIN train_climax_no_localization_head_s43] [TRAIN] stage=finetune epoch=1/1 batch=1480/3000 step=4480 repair=0.1141 localization=0 type=0 minimal=0.06186 physics=0.5432 total=0.1419
[TRAIN train_climax_no_localization_head_s43] [TRAIN] stage=finetune epoch=1/1 batch=1490/3000 step=4490 repair=0.1282 localization=0 type=0 minimal=0.05664 physics=0.5631 total=0.1569
[TRAIN train_climax_no_localization_head_s43] [TRAIN] stage=finetune epoch=1/1 batch=1500/3000 step=4500 repair=0.08224 localization=0 type=0 minimal=0.06213 physics=0.4469 total=0.1052
[TRAIN train_climax_no_localization_head_s43] [TRAIN] stage=finetune epoch=1/1 batch=1510/3000 step=4510 repair=0.1522 localization=0 type=0 minimal=0.05975 physics=0.5209 total=0.1789
[TRAIN train_climax_no_localization_head_s43] [TRAIN] stage=finetune epoch=1/1 batch=1520/3000 step=4520 repair=0.07754 localization=0 type=0 minimal=0.06567 physics=0.4368 total=0.1
[TRAIN train_climax_no_localization_head_s43] [TRAIN] stage=finetune epoch=1/1 batch=1530/3000 step=4530 repair=0.07247 localization=0 type=0 minimal=0.06384 physics=0.4787 total=0.09704
[TRAIN train_climax_no_localization_head_s43] [TRAIN] stage=finetune epoch=1/1 batch=1540/3000 step=4540 repair=0.07404 localization=0 type=0 minimal=0.05966 physics=0.5725 total=0.1033
[TRAIN train_climax_no_localization_head_s43] [TRAIN] stage=finetune epoch=1/1 batch=1550/3000 step=4550 repair=0.1267 localization=0 type=0 minimal=0.0582 physics=0.4365 total=0.1491
[TRAIN train_climax_no_localization_head_s43] [TRAIN] stage=finetune epoch=1/1 batch=1560/3000 step=4560 repair=0.1214 localization=0 type=0 minimal=0.07043 physics=0.5032 total=0.1472
[TRAIN train_climax_no_localization_head_s43] [TRAIN] stage=finetune epoch=1/1 batch=1570/3000 step=4570 repair=0.07076 localization=0 type=0 minimal=0.06842 physics=0.4563 total=0.09425
[TRAIN train_climax_no_localization_head_s43] [TRAIN] stage=finetune epoch=1/1 batch=1580/3000 step=4580 repair=0.07212 localization=0 type=0 minimal=0.06567 physics=0.4399 total=0.09476
[TRAIN train_climax_no_localization_head_s43] [TRAIN] stage=finetune epoch=1/1 batch=1590/3000 step=4590 repair=0.08602 localization=0 type=0 minimal=0.06204 physics=0.4806 total=0.1107
[TRAIN train_climax_no_localization_head_s43] [TRAIN] stage=finetune epoch=1/1 batch=1600/3000 step=4600 repair=0.104 localization=0 type=0 minimal=0.06647 physics=0.5587 total=0.1326
[TRAIN train_climax_no_localization_head_s43] [TRAIN] stage=finetune epoch=1/1 batch=1610/3000 step=4610 repair=0.07763 localization=0 type=0 minimal=0.06116 physics=0.4169 total=0.09909
[TRAIN train_climax_no_localization_head_s43] [TRAIN] stage=finetune epoch=1/1 batch=1620/3000 step=4620 repair=0.128 localization=0 type=0 minimal=0.06247 physics=0.5148 total=0.1544
[TRAIN train_climax_no_localization_head_s43] [TRAIN] stage=finetune epoch=1/1 batch=1630/3000 step=4630 repair=0.1799 localization=0 type=0 minimal=0.06903 physics=0.5642 total=0.2088
[TRAIN train_climax_no_localization_head_s43] [TRAIN] stage=finetune epoch=1/1 batch=1640/3000 step=4640 repair=0.1099 localization=0 type=0 minimal=0.06046 physics=0.519 total=0.1364
[TRAIN train_climax_no_localization_head_s43] [TRAIN] stage=finetune epoch=1/1 batch=1650/3000 step=4650 repair=0.1256 localization=0 type=0 minimal=0.05817 physics=0.457 total=0.1491
[TRAIN train_climax_no_localization_head_s43] [TRAIN] stage=finetune epoch=1/1 batch=1660/3000 step=4660 repair=0.06244 localization=0 type=0 minimal=0.06012 physics=0.4635 total=0.08621
[TRAIN train_climax_no_localization_head_s43] [TRAIN] stage=finetune epoch=1/1 batch=1670/3000 step=4670 repair=0.06317 localization=0 type=0 minimal=0.07037 physics=0.6198 total=0.09487
[TRAIN train_climax_no_localization_head_s43] [TRAIN] stage=finetune epoch=1/1 batch=1680/3000 step=4680 repair=0.09276 localization=0 type=0 minimal=0.05804 physics=0.4991 total=0.1183
[TRAIN train_climax_no_localization_head_s43] [TRAIN] stage=finetune epoch=1/1 batch=1690/3000 step=4690 repair=0.1191 localization=0 type=0 minimal=0.06088 physics=0.8352 total=0.1615
[TRAIN train_climax_no_localization_head_s43] [TRAIN] stage=finetune epoch=1/1 batch=1700/3000 step=4700 repair=0.07749 localization=0 type=0 minimal=0.06897 physics=0.4307 total=0.09971
[TRAIN train_climax_no_localization_head_s43] [TRAIN] stage=finetune epoch=1/1 batch=1710/3000 step=4710 repair=0.07753 localization=0 type=0 minimal=0.06458 physics=0.407 total=0.09853
[TRAIN train_climax_no_localization_head_s43] [TRAIN] stage=finetune epoch=1/1 batch=1720/3000 step=4720 repair=0.07574 localization=0 type=0 minimal=0.06403 physics=0.4741 total=0.1001
[TRAIN train_climax_no_localization_head_s43] [TRAIN] stage=finetune epoch=1/1 batch=1730/3000 step=4730 repair=0.08721 localization=0 type=0 minimal=0.06665 physics=0.4352 total=0.1096
[TRAIN train_climax_no_localization_head_s43] [TRAIN] stage=finetune epoch=1/1 batch=1740/3000 step=4740 repair=0.1133 localization=0 type=0 minimal=0.06128 physics=0.4881 total=0.1383
[TRAIN train_climax_no_localization_head_s43] [TRAIN] stage=finetune epoch=1/1 batch=1750/3000 step=4750 repair=0.126 localization=0 type=0 minimal=0.06119 physics=0.3966 total=0.1464
[TRAIN train_climax_no_localization_head_s43] [TRAIN] stage=finetune epoch=1/1 batch=1760/3000 step=4760 repair=0.1663 localization=0 type=0 minimal=0.0621 physics=0.4135 total=0.1876
[TRAIN train_climax_no_localization_head_s43] [TRAIN] stage=finetune epoch=1/1 batch=1770/3000 step=4770 repair=0.1127 localization=0 type=0 minimal=0.06033 physics=0.4632 total=0.1365
[TRAIN train_climax_no_localization_head_s43] [TRAIN] stage=finetune epoch=1/1 batch=1780/3000 step=4780 repair=0.1093 localization=0 type=0 minimal=0.0658 physics=0.4678 total=0.1334
[TRAIN train_climax_no_localization_head_s43] [TRAIN] stage=finetune epoch=1/1 batch=1790/3000 step=4790 repair=0.06848 localization=0 type=0 minimal=0.07001 physics=0.4313 total=0.09074
[TRAIN train_climax_no_localization_head_s43] [TRAIN] stage=finetune epoch=1/1 batch=1800/3000 step=4800 repair=0.1702 localization=0 type=0 minimal=0.06763 physics=0.4416 total=0.193
[TRAIN train_climax_no_localization_head_s43] [TRAIN] stage=finetune epoch=1/1 batch=1810/3000 step=4810 repair=0.1201 localization=0 type=0 minimal=0.05811 physics=0.3953 total=0.1405
[TRAIN train_climax_no_localization_head_s43] [TRAIN] stage=finetune epoch=1/1 batch=1820/3000 step=4820 repair=0.1161 localization=0 type=0 minimal=0.06097 physics=0.4027 total=0.1369
[TRAIN train_climax_no_localization_head_s43] [TRAIN] stage=finetune epoch=1/1 batch=1830/3000 step=4830 repair=0.1138 localization=0 type=0 minimal=0.06113 physics=0.3706 total=0.1329
[TRAIN train_climax_no_localization_head_s43] [TRAIN] stage=finetune epoch=1/1 batch=1840/3000 step=4840 repair=0.08089 localization=0 type=0 minimal=0.06241 physics=0.3657 total=0.0998
[TRAIN train_climax_no_localization_head_s43] [TRAIN] stage=finetune epoch=1/1 batch=1850/3000 step=4850 repair=0.1302 localization=0 type=0 minimal=0.06586 physics=0.4734 total=0.1545
[TRAIN train_climax_no_localization_head_s43] [TRAIN] stage=finetune epoch=1/1 batch=1860/3000 step=4860 repair=0.1168 localization=0 type=0 minimal=0.06885 physics=0.5463 total=0.1449
[TRAIN train_climax_no_localization_head_s43] [TRAIN] stage=finetune epoch=1/1 batch=1870/3000 step=4870 repair=0.07539 localization=0 type=0 minimal=0.06396 physics=0.3308 total=0.09257
[TRAIN train_climax_no_localization_head_s43] [TRAIN] stage=finetune epoch=1/1 batch=1880/3000 step=4880 repair=0.1355 localization=0 type=0 minimal=0.06903 physics=0.4046 total=0.1564
[TRAIN train_climax_no_localization_head_s43] [TRAIN] stage=finetune epoch=1/1 batch=1890/3000 step=4890 repair=0.117 localization=0 type=0 minimal=0.06653 physics=0.417 total=0.1385
[TRAIN train_climax_no_localization_head_s43] [TRAIN] stage=finetune epoch=1/1 batch=1900/3000 step=4900 repair=0.08357 localization=0 type=0 minimal=0.06714 physics=0.3856 total=0.1035
[TRAIN train_climax_no_localization_head_s43] [TRAIN] stage=finetune epoch=1/1 batch=1910/3000 step=4910 repair=0.06391 localization=0 type=0 minimal=0.07294 physics=0.3406 total=0.08167
[TRAIN train_climax_no_localization_head_s43] [TRAIN] stage=finetune epoch=1/1 batch=1920/3000 step=4920 repair=0.1328 localization=0 type=0 minimal=0.06039 physics=0.6808 total=0.1674
[TRAIN train_climax_no_localization_head_s43] [TRAIN] stage=finetune epoch=1/1 batch=1930/3000 step=4930 repair=0.1583 localization=0 type=0 minimal=0.0589 physics=0.3979 total=0.1788
[TRAIN train_climax_no_localization_head_s43] [TRAIN] stage=finetune epoch=1/1 batch=1940/3000 step=4940 repair=0.1321 localization=0 type=0 minimal=0.06372 physics=0.5045 total=0.1579
[TRAIN train_climax_no_localization_head_s43] [TRAIN] stage=finetune epoch=1/1 batch=1950/3000 step=4950 repair=0.07265 localization=0 type=0 minimal=0.06519 physics=0.383 total=0.09245
[TRAIN train_climax_no_localization_head_s43] [TRAIN] stage=finetune epoch=1/1 batch=1960/3000 step=4960 repair=0.07828 localization=0 type=0 minimal=0.0686 physics=0.535 total=0.1057
[TRAIN train_climax_no_localization_head_s43] [TRAIN] stage=finetune epoch=1/1 batch=1970/3000 step=4970 repair=0.06792 localization=0 type=0 minimal=0.06561 physics=0.3584 total=0.08649
[TRAIN train_climax_no_localization_head_s43] [TRAIN] stage=finetune epoch=1/1 batch=1980/3000 step=4980 repair=0.1395 localization=0 type=0 minimal=0.07043 physics=0.3425 total=0.1573
[TRAIN train_climax_no_localization_head_s43] [TRAIN] stage=finetune epoch=1/1 batch=1990/3000 step=4990 repair=0.08737 localization=0 type=0 minimal=0.07159 physics=0.3473 total=0.1055
[TRAIN train_climax_no_localization_head_s43] [TRAIN] stage=finetune epoch=1/1 batch=2000/3000 step=5000 repair=0.1237 localization=0 type=0 minimal=0.06039 physics=0.5202 total=0.1503
[TRAIN train_climax_no_localization_head_s43] [TRAIN] stage=finetune epoch=1/1 batch=2010/3000 step=5010 repair=0.1217 localization=0 type=0 minimal=0.05692 physics=0.5218 total=0.1483
[TRAIN train_climax_no_localization_head_s43] [TRAIN] stage=finetune epoch=1/1 batch=2020/3000 step=5020 repair=0.0862 localization=0 type=0 minimal=0.06192 physics=0.5462 total=0.1141
[TRAIN train_climax_no_localization_head_s43] [TRAIN] stage=finetune epoch=1/1 batch=2030/3000 step=5030 repair=0.135 localization=0 type=0 minimal=0.07037 physics=0.571 total=0.1643
[TRAIN train_climax_no_localization_head_s43] [TRAIN] stage=finetune epoch=1/1 batch=2040/3000 step=5040 repair=0.0823 localization=0 type=0 minimal=0.06122 physics=0.3414 total=0.09998
[TRAIN train_climax_no_localization_head_s43] [TRAIN] stage=finetune epoch=1/1 batch=2050/3000 step=5050 repair=0.07575 localization=0 type=0 minimal=0.06842 physics=0.3743 total=0.09515
[TRAIN train_climax_no_localization_head_s43] [TRAIN] stage=finetune epoch=1/1 batch=2060/3000 step=5060 repair=0.1075 localization=0 type=0 minimal=0.06201 physics=0.5772 total=0.1369
[TRAIN train_climax_no_localization_head_s43] [TRAIN] stage=finetune epoch=1/1 batch=2070/3000 step=5070 repair=0.1068 localization=0 type=0 minimal=0.06775 physics=0.3666 total=0.1259
[TRAIN train_climax_no_localization_head_s43] [TRAIN] stage=finetune epoch=1/1 batch=2080/3000 step=5080 repair=0.08288 localization=0 type=0 minimal=0.06262 physics=0.3394 total=0.1005
[TRAIN train_climax_no_localization_head_s43] [TRAIN] stage=finetune epoch=1/1 batch=2090/3000 step=5090 repair=0.07089 localization=0 type=0 minimal=0.06531 physics=0.3288 total=0.08799
[TRAIN train_climax_no_localization_head_s43] [TRAIN] stage=finetune epoch=1/1 batch=2100/3000 step=5100 repair=0.08711 localization=0 type=0 minimal=0.06506 physics=0.3797 total=0.1067
[TRAIN train_climax_no_localization_head_s43] [TRAIN] stage=finetune epoch=1/1 batch=2110/3000 step=5110 repair=0.138 localization=0 type=0 minimal=0.06427 physics=0.5686 total=0.1671
[TRAIN train_climax_no_localization_head_s43] [TRAIN] stage=finetune epoch=1/1 batch=2120/3000 step=5120 repair=0.1134 localization=0 type=0 minimal=0.06329 physics=0.4755 total=0.1378
[TRAIN train_climax_no_localization_head_s43] [TRAIN] stage=finetune epoch=1/1 batch=2130/3000 step=5130 repair=0.07222 localization=0 type=0 minimal=0.06372 physics=0.3755 total=0.09163
[TRAIN train_climax_no_localization_head_s43] [TRAIN] stage=finetune epoch=1/1 batch=2140/3000 step=5140 repair=0.1255 localization=0 type=0 minimal=0.06476 physics=0.4278 total=0.1475
[TRAIN train_climax_no_localization_head_s43] [TRAIN] stage=finetune epoch=1/1 batch=2150/3000 step=5150 repair=0.1324 localization=0 type=0 minimal=0.06488 physics=0.3392 total=0.15
[TRAIN train_climax_no_localization_head_s43] [TRAIN] stage=finetune epoch=1/1 batch=2160/3000 step=5160 repair=0.0593 localization=0 type=0 minimal=0.06677 physics=0.3025 total=0.0751
[TRAIN train_climax_no_localization_head_s43] [TRAIN] stage=finetune epoch=1/1 batch=2170/3000 step=5170 repair=0.1183 localization=0 type=0 minimal=0.06506 physics=0.4034 total=0.1392
[TRAIN train_climax_no_localization_head_s43] [TRAIN] stage=finetune epoch=1/1 batch=2180/3000 step=5180 repair=0.122 localization=0 type=0 minimal=0.06451 physics=0.4454 total=0.1449
[TRAIN train_climax_no_localization_head_s43] [TRAIN] stage=finetune epoch=1/1 batch=2190/3000 step=5190 repair=0.0648 localization=0 type=0 minimal=0.07214 physics=0.2957 total=0.08031
[TRAIN train_climax_no_localization_head_s43] [TRAIN] stage=finetune epoch=1/1 batch=2200/3000 step=5200 repair=0.11 localization=0 type=0 minimal=0.06702 physics=0.423 total=0.1318
[TRAIN train_climax_no_localization_head_s43] [TRAIN] stage=finetune epoch=1/1 batch=2210/3000 step=5210 repair=0.07804 localization=0 type=0 minimal=0.06689 physics=0.3057 total=0.09399
[TRAIN train_climax_no_localization_head_s43] [TRAIN] stage=finetune epoch=1/1 batch=2220/3000 step=5220 repair=0.1066 localization=0 type=0 minimal=0.06549 physics=0.4261 total=0.1285
[TRAIN train_climax_no_localization_head_s43] [TRAIN] stage=finetune epoch=1/1 batch=2230/3000 step=5230 repair=0.07452 localization=0 type=0 minimal=0.06696 physics=0.2938 total=0.08988
[TRAIN train_climax_no_localization_head_s43] [TRAIN] stage=finetune epoch=1/1 batch=2240/3000 step=5240 repair=0.07606 localization=0 type=0 minimal=0.06403 physics=0.5077 total=0.1021
[TRAIN train_climax_no_localization_head_s43] [TRAIN] stage=finetune epoch=1/1 batch=2250/3000 step=5250 repair=0.1445 localization=0 type=0 minimal=0.05844 physics=0.3566 total=0.1629
[TRAIN train_climax_no_localization_head_s43] [TRAIN] stage=finetune epoch=1/1 batch=2260/3000 step=5260 repair=0.1137 localization=0 type=0 minimal=0.06879 physics=0.4696 total=0.1379
[TRAIN train_climax_no_localization_head_s43] [TRAIN] stage=finetune epoch=1/1 batch=2270/3000 step=5270 repair=0.1053 localization=0 type=0 minimal=0.06818 physics=0.3786 total=0.125
[TRAIN train_climax_no_localization_head_s43] [TRAIN] stage=finetune epoch=1/1 batch=2280/3000 step=5280 repair=0.07081 localization=0 type=0 minimal=0.06622 physics=0.4682 total=0.09488
[TRAIN train_climax_no_localization_head_s43] [TRAIN] stage=finetune epoch=1/1 batch=2290/3000 step=5290 repair=0.1339 localization=0 type=0 minimal=0.0636 physics=0.3621 total=0.1526
[TRAIN train_climax_no_localization_head_s43] [TRAIN] stage=finetune epoch=1/1 batch=2300/3000 step=5300 repair=0.112 localization=0 type=0 minimal=0.05844 physics=0.4088 total=0.133
[TRAIN train_climax_no_localization_head_s43] [TRAIN] stage=finetune epoch=1/1 batch=2310/3000 step=5310 repair=0.09018 localization=0 type=0 minimal=0.0621 physics=0.3166 total=0.1066
[TRAIN train_climax_no_localization_head_s43] [TRAIN] stage=finetune epoch=1/1 batch=2320/3000 step=5320 repair=0.165 localization=0 type=0 minimal=0.06409 physics=0.6915 total=0.2002
[TRAIN train_climax_no_localization_head_s43] [TRAIN] stage=finetune epoch=1/1 batch=2330/3000 step=5330 repair=0.07588 localization=0 type=0 minimal=0.06909 physics=0.5602 total=0.1046
[TRAIN train_climax_no_localization_head_s43] [TRAIN] stage=finetune epoch=1/1 batch=2340/3000 step=5340 repair=0.12 localization=0 type=0 minimal=0.06061 physics=0.7073 total=0.156
[TRAIN train_climax_no_localization_head_s43] [TRAIN] stage=finetune epoch=1/1 batch=2350/3000 step=5350 repair=0.08908 localization=0 type=0 minimal=0.06555 physics=0.4863 total=0.1141
[TRAIN train_climax_no_localization_head_s43] [TRAIN] stage=finetune epoch=1/1 batch=2360/3000 step=5360 repair=0.0894 localization=0 type=0 minimal=0.0658 physics=0.3114 total=0.1056
[TRAIN train_climax_no_localization_head_s43] [TRAIN] stage=finetune epoch=1/1 batch=2370/3000 step=5370 repair=0.08285 localization=0 type=0 minimal=0.06323 physics=0.2943 total=0.0982
[TRAIN train_climax_no_localization_head_s43] [TRAIN] stage=finetune epoch=1/1 batch=2380/3000 step=5380 repair=0.1131 localization=0 type=0 minimal=0.07239 physics=0.406 total=0.1342
[TRAIN train_climax_no_localization_head_s43] [TRAIN] stage=finetune epoch=1/1 batch=2390/3000 step=5390 repair=0.113 localization=0 type=0 minimal=0.0636 physics=0.4011 total=0.1337
[TRAIN train_climax_no_localization_head_s43] [TRAIN] stage=finetune epoch=1/1 batch=2400/3000 step=5400 repair=0.1194 localization=0 type=0 minimal=0.06262 physics=0.4191 total=0.141
[TRAIN train_climax_no_localization_head_s43] [TRAIN] stage=finetune epoch=1/1 batch=2410/3000 step=5410 repair=0.07087 localization=0 type=0 minimal=0.07037 physics=0.3065 total=0.0869
[TRAIN train_climax_no_localization_head_s43] [TRAIN] stage=finetune epoch=1/1 batch=2420/3000 step=5420 repair=0.06306 localization=0 type=0 minimal=0.07635 physics=0.4467 total=0.08616
[TRAIN train_climax_no_localization_head_s43] [TRAIN] stage=finetune epoch=1/1 batch=2430/3000 step=5430 repair=0.1165 localization=0 type=0 minimal=0.06421 physics=0.3353 total=0.1339
[TRAIN train_climax_no_localization_head_s43] [TRAIN] stage=finetune epoch=1/1 batch=2440/3000 step=5440 repair=0.06402 localization=0 type=0 minimal=0.07153 physics=0.3226 total=0.08086
[TRAIN train_climax_no_localization_head_s43] [TRAIN] stage=finetune epoch=1/1 batch=2450/3000 step=5450 repair=0.122 localization=0 type=0 minimal=0.05853 physics=0.6808 total=0.1567
[TRAIN train_climax_no_localization_head_s43] [TRAIN] stage=finetune epoch=1/1 batch=2460/3000 step=5460 repair=0.1184 localization=0 type=0 minimal=0.06244 physics=0.3195 total=0.135
[TRAIN train_climax_no_localization_head_s43] [TRAIN] stage=finetune epoch=1/1 batch=2470/3000 step=5470 repair=0.1616 localization=0 type=0 minimal=0.06787 physics=0.3548 total=0.18
[TRAIN train_climax_no_localization_head_s43] [TRAIN] stage=finetune epoch=1/1 batch=2480/3000 step=5480 repair=0.07795 localization=0 type=0 minimal=0.06268 physics=0.3274 total=0.09495
[TRAIN train_climax_no_localization_head_s43] [TRAIN] stage=finetune epoch=1/1 batch=2490/3000 step=5490 repair=0.1207 localization=0 type=0 minimal=0.05914 physics=0.9851 total=0.1705
[TRAIN train_climax_no_localization_head_s43] [TRAIN] stage=finetune epoch=1/1 batch=2500/3000 step=5500 repair=0.1242 localization=0 type=0 minimal=0.07056 physics=0.3272 total=0.1413
[TRAIN train_climax_no_localization_head_s43] [TRAIN] stage=finetune epoch=1/1 batch=2510/3000 step=5510 repair=0.06679 localization=0 type=0 minimal=0.06995 physics=0.2882 total=0.0819
[TRAIN train_climax_no_localization_head_s43] [TRAIN] stage=finetune epoch=1/1 batch=2520/3000 step=5520 repair=0.08122 localization=0 type=0 minimal=0.06824 physics=0.4896 total=0.1064
[TRAIN train_climax_no_localization_head_s43] [TRAIN] stage=finetune epoch=1/1 batch=2530/3000 step=5530 repair=0.08148 localization=0 type=0 minimal=0.07452 physics=0.5031 total=0.1074
[TRAIN train_climax_no_localization_head_s43] [TRAIN] stage=finetune epoch=1/1 batch=2540/3000 step=5540 repair=0.08714 localization=0 type=0 minimal=0.06256 physics=0.319 total=0.1037
[TRAIN train_climax_no_localization_head_s43] [TRAIN] stage=finetune epoch=1/1 batch=2550/3000 step=5550 repair=0.07854 localization=0 type=0 minimal=0.0658 physics=0.4042 total=0.09941
[TRAIN train_climax_no_localization_head_s43] [TRAIN] stage=finetune epoch=1/1 batch=2560/3000 step=5560 repair=0.07457 localization=0 type=0 minimal=0.06238 physics=0.5631 total=0.1033
[TRAIN train_climax_no_localization_head_s43] [TRAIN] stage=finetune epoch=1/1 batch=2570/3000 step=5570 repair=0.06548 localization=0 type=0 minimal=0.07208 physics=0.2433 total=0.07837
[TRAIN train_climax_no_localization_head_s43] [TRAIN] stage=finetune epoch=1/1 batch=2580/3000 step=5580 repair=0.07903 localization=0 type=0 minimal=0.07239 physics=0.3044 total=0.09497
[TRAIN train_climax_no_localization_head_s43] [TRAIN] stage=finetune epoch=1/1 batch=2590/3000 step=5590 repair=0.1547 localization=0 type=0 minimal=0.07037 physics=0.3809 total=0.1744
[TRAIN train_climax_no_localization_head_s43] [TRAIN] stage=finetune epoch=1/1 batch=2600/3000 step=5600 repair=0.1121 localization=0 type=0 minimal=0.06348 physics=0.4807 total=0.1368
[TRAIN train_climax_no_localization_head_s43] [TRAIN] stage=finetune epoch=1/1 batch=2610/3000 step=5610 repair=0.07791 localization=0 type=0 minimal=0.06769 physics=0.2954 total=0.09336
[TRAIN train_climax_no_localization_head_s43] [TRAIN] stage=finetune epoch=1/1 batch=2620/3000 step=5620 repair=0.07763 localization=0 type=0 minimal=0.06519 physics=0.4129 total=0.09893
[TRAIN train_climax_no_localization_head_s43] [TRAIN] stage=finetune epoch=1/1 batch=2630/3000 step=5630 repair=0.07135 localization=0 type=0 minimal=0.06171 physics=0.5303 total=0.09848
[TRAIN train_climax_no_localization_head_s43] [TRAIN] stage=finetune epoch=1/1 batch=2640/3000 step=5640 repair=0.1764 localization=0 type=0 minimal=0.06641 physics=0.3594 total=0.195
[TRAIN train_climax_no_localization_head_s43] [TRAIN] stage=finetune epoch=1/1 batch=2650/3000 step=5650 repair=0.1738 localization=0 type=0 minimal=0.06094 physics=0.3767 total=0.1932
[TRAIN train_climax_no_localization_head_s43] [TRAIN] stage=finetune epoch=1/1 batch=2660/3000 step=5660 repair=0.1212 localization=0 type=0 minimal=0.061 physics=0.5036 total=0.147
[TRAIN train_climax_no_localization_head_s43] [TRAIN] stage=finetune epoch=1/1 batch=2670/3000 step=5670 repair=0.1329 localization=0 type=0 minimal=0.06329 physics=0.5256 total=0.1598
[TRAIN train_climax_no_localization_head_s43] [TRAIN] stage=finetune epoch=1/1 batch=2680/3000 step=5680 repair=0.1503 localization=0 type=0 minimal=0.06046 physics=0.3865 total=0.1702
[TRAIN train_climax_no_localization_head_s43] [TRAIN] stage=finetune epoch=1/1 batch=2690/3000 step=5690 repair=0.1697 localization=0 type=0 minimal=0.06409 physics=0.7785 total=0.2093
[TRAIN train_climax_no_localization_head_s43] [TRAIN] stage=finetune epoch=1/1 batch=2700/3000 step=5700 repair=0.1707 localization=0 type=0 minimal=0.07196 physics=0.4471 total=0.1938
[TRAIN train_climax_no_localization_head_s43] [TRAIN] stage=finetune epoch=1/1 batch=2710/3000 step=5710 repair=0.109 localization=0 type=0 minimal=0.06812 physics=0.5633 total=0.1378
[TRAIN train_climax_no_localization_head_s43] [TRAIN] stage=finetune epoch=1/1 batch=2720/3000 step=5720 repair=0.08202 localization=0 type=0 minimal=0.05588 physics=0.3686 total=0.101
[TRAIN train_climax_no_localization_head_s43] [TRAIN] stage=finetune epoch=1/1 batch=2730/3000 step=5730 repair=0.1732 localization=0 type=0 minimal=0.05597 physics=0.529 total=0.2002
[TRAIN train_climax_no_localization_head_s43] [TRAIN] stage=finetune epoch=1/1 batch=2740/3000 step=5740 repair=0.1113 localization=0 type=0 minimal=0.07764 physics=0.6317 total=0.1436
[TRAIN train_climax_no_localization_head_s43] [TRAIN] stage=finetune epoch=1/1 batch=2750/3000 step=5750 repair=0.1103 localization=0 type=0 minimal=0.06015 physics=0.4691 total=0.1344
[TRAIN train_climax_no_localization_head_s43] [TRAIN] stage=finetune epoch=1/1 batch=2760/3000 step=5760 repair=0.1243 localization=0 type=0 minimal=0.06329 physics=0.3599 total=0.1429
[TRAIN train_climax_no_localization_head_s43] [TRAIN] stage=finetune epoch=1/1 batch=2770/3000 step=5770 repair=0.1198 localization=0 type=0 minimal=0.06219 physics=0.4527 total=0.1431
[TRAIN train_climax_no_localization_head_s43] [TRAIN] stage=finetune epoch=1/1 batch=2780/3000 step=5780 repair=0.1179 localization=0 type=0 minimal=0.07153 physics=0.4747 total=0.1424
[TRAIN train_climax_no_localization_head_s43] [TRAIN] stage=finetune epoch=1/1 batch=2790/3000 step=5790 repair=0.07309 localization=0 type=0 minimal=0.07031 physics=0.4016 total=0.09387
[TRAIN train_climax_no_localization_head_s43] [TRAIN] stage=finetune epoch=1/1 batch=2800/3000 step=5800 repair=0.06495 localization=0 type=0 minimal=0.0683 physics=0.3619 total=0.08372
[TRAIN train_climax_no_localization_head_s43] [TRAIN] stage=finetune epoch=1/1 batch=2810/3000 step=5810 repair=0.1103 localization=0 type=0 minimal=0.07147 physics=0.3508 total=0.1285
[TRAIN train_climax_no_localization_head_s43] [TRAIN] stage=finetune epoch=1/1 batch=2820/3000 step=5820 repair=0.07648 localization=0 type=0 minimal=0.06476 physics=0.438 total=0.09902
[TRAIN train_climax_no_localization_head_s43] [TRAIN] stage=finetune epoch=1/1 batch=2830/3000 step=5830 repair=0.1225 localization=0 type=0 minimal=0.07031 physics=0.4729 total=0.1469
[TRAIN train_climax_no_localization_head_s43] [TRAIN] stage=finetune epoch=1/1 batch=2840/3000 step=5840 repair=0.1322 localization=0 type=0 minimal=0.06689 physics=0.439 total=0.1548
[TRAIN train_climax_no_localization_head_s43] [TRAIN] stage=finetune epoch=1/1 batch=2850/3000 step=5850 repair=0.07537 localization=0 type=0 minimal=0.06247 physics=0.4378 total=0.09788
[TRAIN train_climax_no_localization_head_s43] [TRAIN] stage=finetune epoch=1/1 batch=2860/3000 step=5860 repair=0.1177 localization=0 type=0 minimal=0.06131 physics=0.3717 total=0.1369
[TRAIN train_climax_no_localization_head_s43] [TRAIN] stage=finetune epoch=1/1 batch=2870/3000 step=5870 repair=0.1613 localization=0 type=0 minimal=0.06421 physics=0.4305 total=0.1834
[TRAIN train_climax_no_localization_head_s43] [TRAIN] stage=finetune epoch=1/1 batch=2880/3000 step=5880 repair=0.1169 localization=0 type=0 minimal=0.06641 physics=0.5101 total=0.1431
[TRAIN train_climax_no_localization_head_s43] [TRAIN] stage=finetune epoch=1/1 batch=2890/3000 step=5890 repair=0.07103 localization=0 type=0 minimal=0.07257 physics=0.417 total=0.09261
[TRAIN train_climax_no_localization_head_s43] [TRAIN] stage=finetune epoch=1/1 batch=2900/3000 step=5900 repair=0.103 localization=0 type=0 minimal=0.06543 physics=0.7729 total=0.1423
[TRAIN train_climax_no_localization_head_s43] [TRAIN] stage=finetune epoch=1/1 batch=2910/3000 step=5910 repair=0.1239 localization=0 type=0 minimal=0.06689 physics=0.5361 total=0.1514
[TRAIN train_climax_no_localization_head_s43] [TRAIN] stage=finetune epoch=1/1 batch=2920/3000 step=5920 repair=0.1452 localization=0 type=0 minimal=0.06555 physics=0.4282 total=0.1672
[TRAIN train_climax_no_localization_head_s43] [TRAIN] stage=finetune epoch=1/1 batch=2930/3000 step=5930 repair=0.1163 localization=0 type=0 minimal=0.07367 physics=0.4428 total=0.1392
[TRAIN train_climax_no_localization_head_s43] [TRAIN] stage=finetune epoch=1/1 batch=2940/3000 step=5940 repair=0.07989 localization=0 type=0 minimal=0.07764 physics=0.4718 total=0.1043
[TRAIN train_climax_no_localization_head_s43] [TRAIN] stage=finetune epoch=1/1 batch=2950/3000 step=5950 repair=0.1179 localization=0 type=0 minimal=0.0769 physics=0.3843 total=0.1378
[TRAIN train_climax_no_localization_head_s43] [TRAIN] stage=finetune epoch=1/1 batch=2960/3000 step=5960 repair=0.132 localization=0 type=0 minimal=0.06964 physics=0.3575 total=0.1506
[TRAIN train_climax_no_localization_head_s43] [TRAIN] stage=finetune epoch=1/1 batch=2970/3000 step=5970 repair=0.1149 localization=0 type=0 minimal=0.06213 physics=0.5643 total=0.1437
[TRAIN train_climax_no_localization_head_s43] [TRAIN] stage=finetune epoch=1/1 batch=2980/3000 step=5980 repair=0.06999 localization=0 type=0 minimal=0.07367 physics=0.3435 total=0.0879
[TRAIN train_climax_no_localization_head_s43] [TRAIN] stage=finetune epoch=1/1 batch=2990/3000 step=5990 repair=0.06227 localization=0 type=0 minimal=0.07263 physics=0.3332 total=0.07966
[TRAIN train_climax_no_localization_head_s43] [TRAIN] stage=finetune epoch=1/1 batch=3000/3000 step=6000 repair=0.1209 localization=0 type=0 minimal=0.06586 physics=0.4046 total=0.1418
[TRAIN train_climax_no_localization_head_s43] [EPOCH] {'stage': 'finetune', 'epoch': 0, 'global_step': 6000, 'train_total': 0.1732505777105689, 'val_repair_mse': 0.11566650448367, 'elapsed_seconds': 3897.48}
[TRAIN train_climax_no_localization_head_s43] [BEST] val_repair_mse=0.115667
[TRAIN train_climax_no_localization_head_s43] [TRAIN COMPLETE] {
[TRAIN train_climax_no_localization_head_s43]   "run_id": "prelim20_train_climax_no_localization_head_s43",
[TRAIN train_climax_no_localization_head_s43]   "status": "completed",
[TRAIN train_climax_no_localization_head_s43]   "method": "no_localization_head",
[TRAIN train_climax_no_localization_head_s43]   "backbone": "climax",
[TRAIN train_climax_no_localization_head_s43]   "seed": 43,
[TRAIN train_climax_no_localization_head_s43]   "forecast_provider": "zarr_frozen_fm",
[TRAIN train_climax_no_localization_head_s43]   "best_val_repair_mse": 0.11566650448367,
[TRAIN train_climax_no_localization_head_s43]   "global_step": 6000,
[TRAIN train_climax_no_localization_head_s43]   "elapsed_seconds": 3897.68,
[TRAIN train_climax_no_localization_head_s43]   "checkpoint_best": "/home/tahiti/ConserveFM/runs/prelim20_train/train_climax_no_localization_head_s43/checkpoint_best.pt",
[TRAIN train_climax_no_localization_head_s43]   "checkpoint_last": "/home/tahiti/ConserveFM/runs/prelim20_train/train_climax_no_localization_head_s43/checkpoint_last.pt"
[TRAIN train_climax_no_localization_head_s43] }
