[TRAIN train_climax_no_spectral_corruption_s44] [SETUP] device=cuda
[TRAIN train_climax_no_spectral_corruption_s44] [SETUP] run_id=prelim20_train_climax_no_spectral_corruption_s44 method=no_spectral_corruption backbone=climax
[TRAIN train_climax_no_spectral_corruption_s44] [FORECAST] using frozen forecast cache: /home/tahiti/ConserveFM/forecasts/climax.zarr
[TRAIN train_climax_no_spectral_corruption_s44] [STAGE] pretrain epochs=1 start_epoch=0
[TRAIN train_climax_no_spectral_corruption_s44] [TRAIN] stage=pretrain epoch=1/1 batch=10/3000 step=10 repair=0.03534 localization=0.359 type=1.116 minimal=0.1351 physics=1.861 total=0.3608
[TRAIN train_climax_no_spectral_corruption_s44] [TRAIN] stage=pretrain epoch=1/1 batch=20/3000 step=20 repair=0.02594 localization=0.3773 type=1.704 minimal=0.1019 physics=2.181 total=0.3442
[TRAIN train_climax_no_spectral_corruption_s44] [TRAIN] stage=pretrain epoch=1/1 batch=30/3000 step=30 repair=0.009305 localization=0.2862 type=2.022 minimal=0.07196 physics=1.29 total=0.4326
[TRAIN train_climax_no_spectral_corruption_s44] [TRAIN] stage=pretrain epoch=1/1 batch=40/3000 step=40 repair=0.01131 localization=0.4074 type=2.592 minimal=0.07422 physics=0.7495 total=0.3494
[TRAIN train_climax_no_spectral_corruption_s44] [TRAIN] stage=pretrain epoch=1/1 batch=50/3000 step=50 repair=0.01108 localization=0.275 type=2.273 minimal=0.05627 physics=0.3941 total=0.5036
[TRAIN train_climax_no_spectral_corruption_s44] [TRAIN] stage=pretrain epoch=1/1 batch=60/3000 step=60 repair=0.02909 localization=0.3286 type=1.028 minimal=0.04501 physics=1.617 total=0.246
[TRAIN train_climax_no_spectral_corruption_s44] [TRAIN] stage=pretrain epoch=1/1 batch=70/3000 step=70 repair=0.008634 localization=0.4185 type=1.161 minimal=0.03787 physics=0.35 total=0.2563
[TRAIN train_climax_no_spectral_corruption_s44] [TRAIN] stage=pretrain epoch=1/1 batch=80/3000 step=80 repair=0.003824 localization=0.2416 type=1.706 minimal=0.03348 physics=0.655 total=0.2317
[TRAIN train_climax_no_spectral_corruption_s44] [TRAIN] stage=pretrain epoch=1/1 batch=90/3000 step=90 repair=0.003538 localization=0.3779 type=1.284 minimal=0.03152 physics=0.2126 total=0.2852
[TRAIN train_climax_no_spectral_corruption_s44] [TRAIN] stage=pretrain epoch=1/1 batch=100/3000 step=100 repair=0.008956 localization=0.295 type=2.156 minimal=0.03342 physics=0.945 total=0.3017
[TRAIN train_climax_no_spectral_corruption_s44] [TRAIN] stage=pretrain epoch=1/1 batch=110/3000 step=110 repair=0.009959 localization=0.3096 type=2.342 minimal=0.03915 physics=0.211 total=0.5071
[TRAIN train_climax_no_spectral_corruption_s44] [TRAIN] stage=pretrain epoch=1/1 batch=120/3000 step=120 repair=0.007037 localization=0.2749 type=0.9241 minimal=0.03363 physics=0.3313 total=0.1872
[TRAIN train_climax_no_spectral_corruption_s44] [TRAIN] stage=pretrain epoch=1/1 batch=130/3000 step=130 repair=0.004476 localization=0.2388 type=1.7 minimal=0.03168 physics=0.2083 total=0.3406
[TRAIN train_climax_no_spectral_corruption_s44] [TRAIN] stage=pretrain epoch=1/1 batch=140/3000 step=140 repair=0.003871 localization=0.3498 type=2.099 minimal=0.02951 physics=0.2635 total=0.4297
[TRAIN train_climax_no_spectral_corruption_s44] [TRAIN] stage=pretrain epoch=1/1 batch=150/3000 step=150 repair=0.004037 localization=0.2286 type=0.793 minimal=0.02551 physics=0.1356 total=0.1592
[TRAIN train_climax_no_spectral_corruption_s44] [TRAIN] stage=pretrain epoch=1/1 batch=160/3000 step=160 repair=0.009083 localization=0.2313 type=0.9121 minimal=0.02957 physics=0.2565 total=0.1829
[TRAIN train_climax_no_spectral_corruption_s44] [TRAIN] stage=pretrain epoch=1/1 batch=170/3000 step=170 repair=0.008953 localization=0.236 type=0.9009 minimal=0.02968 physics=0.1756 total=0.1814
[TRAIN train_climax_no_spectral_corruption_s44] [TRAIN] stage=pretrain epoch=1/1 batch=180/3000 step=180 repair=0.00703 localization=0.4141 type=2.308 minimal=0.03008 physics=0.2987 total=0.4927
[TRAIN train_climax_no_spectral_corruption_s44] [TRAIN] stage=pretrain epoch=1/1 batch=190/3000 step=190 repair=0.02311 localization=0.2322 type=1.944 minimal=0.02852 physics=0.4133 total=0.4348
[TRAIN train_climax_no_spectral_corruption_s44] [TRAIN] stage=pretrain epoch=1/1 batch=200/3000 step=200 repair=0.01079 localization=0.3095 type=1.714 minimal=0.02914 physics=0.6982 total=0.4093
[TRAIN train_climax_no_spectral_corruption_s44] [TRAIN] stage=pretrain epoch=1/1 batch=210/3000 step=210 repair=0.02297 localization=0.3212 type=0.8892 minimal=0.02724 physics=0.5923 total=0.2417
[TRAIN train_climax_no_spectral_corruption_s44] [TRAIN] stage=pretrain epoch=1/1 batch=220/3000 step=220 repair=0.003536 localization=0.263 type=2.7 minimal=0.02798 physics=0.9909 total=0.3497
[TRAIN train_climax_no_spectral_corruption_s44] [TRAIN] stage=pretrain epoch=1/1 batch=230/3000 step=230 repair=0.003418 localization=0.2691 type=1.904 minimal=0.02888 physics=0.3759 total=0.2398
[TRAIN train_climax_no_spectral_corruption_s44] [TRAIN] stage=pretrain epoch=1/1 batch=240/3000 step=240 repair=0.006045 localization=0.3163 type=1.214 minimal=0.03479 physics=0.219 total=0.2727
[TRAIN train_climax_no_spectral_corruption_s44] [TRAIN] stage=pretrain epoch=1/1 batch=250/3000 step=250 repair=0.004825 localization=0.2859 type=1.83 minimal=0.02826 physics=0.1557 total=0.3449
[TRAIN train_climax_no_spectral_corruption_s44] [TRAIN] stage=pretrain epoch=1/1 batch=260/3000 step=260 repair=0.005977 localization=0.2498 type=1.156 minimal=0.02869 physics=0.4668 total=0.3083
[TRAIN train_climax_no_spectral_corruption_s44] [TRAIN] stage=pretrain epoch=1/1 batch=270/3000 step=270 repair=0.004607 localization=0.2774 type=1.318 minimal=0.02991 physics=0.2777 total=0.2736
[TRAIN train_climax_no_spectral_corruption_s44] [TRAIN] stage=pretrain epoch=1/1 batch=280/3000 step=280 repair=0.004793 localization=0.3001 type=0.8845 minimal=0.02606 physics=0.3167 total=0.2007
[TRAIN train_climax_no_spectral_corruption_s44] [TRAIN] stage=pretrain epoch=1/1 batch=290/3000 step=290 repair=0.002743 localization=0.1863 type=1.439 minimal=0.02264 physics=0.354 total=0.1832
[TRAIN train_climax_no_spectral_corruption_s44] [TRAIN] stage=pretrain epoch=1/1 batch=300/3000 step=300 repair=0.00784 localization=0.2816 type=2.496 minimal=0.02275 physics=0.2449 total=0.5093
[TRAIN train_climax_no_spectral_corruption_s44] [TRAIN] stage=pretrain epoch=1/1 batch=310/3000 step=310 repair=0.01752 localization=0.1617 type=1.08 minimal=0.02907 physics=0.5177 total=0.2422
[TRAIN train_climax_no_spectral_corruption_s44] [TRAIN] stage=pretrain epoch=1/1 batch=320/3000 step=320 repair=0.003326 localization=0.2257 type=1.142 minimal=0.02411 physics=0.1357 total=0.2454
[TRAIN train_climax_no_spectral_corruption_s44] [TRAIN] stage=pretrain epoch=1/1 batch=330/3000 step=330 repair=0.007013 localization=0.2248 type=1.648 minimal=0.02435 physics=0.1727 total=0.3465
[TRAIN train_climax_no_spectral_corruption_s44] [TRAIN] stage=pretrain epoch=1/1 batch=340/3000 step=340 repair=0.005178 localization=0.3411 type=1.243 minimal=0.02951 physics=0.4362 total=0.1857
[TRAIN train_climax_no_spectral_corruption_s44] [TRAIN] stage=pretrain epoch=1/1 batch=350/3000 step=350 repair=0.003532 localization=0.2849 type=0.8521 minimal=0.0248 physics=0.3664 total=0.1358
[TRAIN train_climax_no_spectral_corruption_s44] [TRAIN] stage=pretrain epoch=1/1 batch=360/3000 step=360 repair=0.007214 localization=0.3693 type=0.9409 minimal=0.03006 physics=0.8726 total=0.1822
[TRAIN train_climax_no_spectral_corruption_s44] [TRAIN] stage=pretrain epoch=1/1 batch=370/3000 step=370 repair=0.005172 localization=0.3564 type=1.463 minimal=0.02692 physics=0.2057 total=0.3262
[TRAIN train_climax_no_spectral_corruption_s44] [TRAIN] stage=pretrain epoch=1/1 batch=380/3000 step=380 repair=0.01434 localization=0.3335 type=1.075 minimal=0.02519 physics=0.2296 total=0.2574
[TRAIN train_climax_no_spectral_corruption_s44] [TRAIN] stage=pretrain epoch=1/1 batch=390/3000 step=390 repair=0.03093 localization=0.3242 type=1.606 minimal=0.02455 physics=1.665 total=0.3075
[TRAIN train_climax_no_spectral_corruption_s44] [TRAIN] stage=pretrain epoch=1/1 batch=400/3000 step=400 repair=0.008075 localization=0.3268 type=1.399 minimal=0.02388 physics=0.3681 total=0.3033
[TRAIN train_climax_no_spectral_corruption_s44] [TRAIN] stage=pretrain epoch=1/1 batch=410/3000 step=410 repair=0.003727 localization=0.4543 type=1.67 minimal=0.02451 physics=0.1036 total=0.376
[TRAIN train_climax_no_spectral_corruption_s44] [TRAIN] stage=pretrain epoch=1/1 batch=420/3000 step=420 repair=0.01395 localization=0.1754 type=1.186 minimal=0.02295 physics=0.2858 total=0.2652
[TRAIN train_climax_no_spectral_corruption_s44] [TRAIN] stage=pretrain epoch=1/1 batch=430/3000 step=430 repair=0.003216 localization=0.293 type=1.435 minimal=0.0242 physics=0.2275 total=0.295
[TRAIN train_climax_no_spectral_corruption_s44] [TRAIN] stage=pretrain epoch=1/1 batch=440/3000 step=440 repair=0.005441 localization=0.318 type=1.647 minimal=0.02136 physics=0.1627 total=0.345
[TRAIN train_climax_no_spectral_corruption_s44] [TRAIN] stage=pretrain epoch=1/1 batch=450/3000 step=450 repair=0.009373 localization=0.3418 type=2.033 minimal=0.02408 physics=0.2166 total=0.373
[TRAIN train_climax_no_spectral_corruption_s44] [TRAIN] stage=pretrain epoch=1/1 batch=460/3000 step=460 repair=0.02282 localization=0.1922 type=1.585 minimal=0.02251 physics=0.5191 total=0.3247
[TRAIN train_climax_no_spectral_corruption_s44] [TRAIN] stage=pretrain epoch=1/1 batch=470/3000 step=470 repair=0.003664 localization=0.267 type=0.7402 minimal=0.02406 physics=0.2135 total=0.1623
[TRAIN train_climax_no_spectral_corruption_s44] [TRAIN] stage=pretrain epoch=1/1 batch=480/3000 step=480 repair=0.008483 localization=0.2633 type=2.28 minimal=0.02484 physics=0.3248 total=0.5077
[TRAIN train_climax_no_spectral_corruption_s44] [TRAIN] stage=pretrain epoch=1/1 batch=490/3000 step=490 repair=0.01153 localization=0.4016 type=1.541 minimal=0.02443 physics=1.158 total=0.2639
[TRAIN train_climax_no_spectral_corruption_s44] [TRAIN] stage=pretrain epoch=1/1 batch=500/3000 step=500 repair=0.00343 localization=0.3104 type=1.462 minimal=0.02435 physics=0.1147 total=0.3247
[TRAIN train_climax_no_spectral_corruption_s44] [TRAIN] stage=pretrain epoch=1/1 batch=510/3000 step=510 repair=0.002908 localization=0.3434 type=1.296 minimal=0.02338 physics=0.4013 total=0.1871
[TRAIN train_climax_no_spectral_corruption_s44] [TRAIN] stage=pretrain epoch=1/1 batch=520/3000 step=520 repair=0.003834 localization=0.3338 type=1.03 minimal=0.02411 physics=0.5186 total=0.2572
[TRAIN train_climax_no_spectral_corruption_s44] [TRAIN] stage=pretrain epoch=1/1 batch=530/3000 step=530 repair=0.009542 localization=0.3357 type=0.9055 minimal=0.02179 physics=0.812 total=0.2437
[TRAIN train_climax_no_spectral_corruption_s44] [TRAIN] stage=pretrain epoch=1/1 batch=540/3000 step=540 repair=0.01206 localization=0.1266 type=1.643 minimal=0.02577 physics=0.4761 total=0.3568
[TRAIN train_climax_no_spectral_corruption_s44] [TRAIN] stage=pretrain epoch=1/1 batch=550/3000 step=550 repair=0.002346 localization=0.2368 type=1.48 minimal=0.02284 physics=0.2357 total=0.2386
[TRAIN train_climax_no_spectral_corruption_s44] [TRAIN] stage=pretrain epoch=1/1 batch=560/3000 step=560 repair=0.01624 localization=0.1394 type=1.693 minimal=0.02289 physics=0.2934 total=0.3167
[TRAIN train_climax_no_spectral_corruption_s44] [TRAIN] stage=pretrain epoch=1/1 batch=570/3000 step=570 repair=0.003788 localization=0.3076 type=1.097 minimal=0.02127 physics=0.242 total=0.2292
[TRAIN train_climax_no_spectral_corruption_s44] [TRAIN] stage=pretrain epoch=1/1 batch=580/3000 step=580 repair=0.01136 localization=0.2903 type=0.8047 minimal=0.02002 physics=1.963 total=0.275
[TRAIN train_climax_no_spectral_corruption_s44] [TRAIN] stage=pretrain epoch=1/1 batch=590/3000 step=590 repair=0.009696 localization=0.3882 type=0.8687 minimal=0.0204 physics=0.7718 total=0.1742
[TRAIN train_climax_no_spectral_corruption_s44] [TRAIN] stage=pretrain epoch=1/1 batch=600/3000 step=600 repair=0.009171 localization=0.272 type=3.06 minimal=0.0204 physics=0.1205 total=0.5794
[TRAIN train_climax_no_spectral_corruption_s44] [TRAIN] stage=pretrain epoch=1/1 batch=610/3000 step=610 repair=0.003631 localization=0.3294 type=0.6262 minimal=0.02576 physics=0.3912 total=0.119
[TRAIN train_climax_no_spectral_corruption_s44] [TRAIN] stage=pretrain epoch=1/1 batch=620/3000 step=620 repair=0.006958 localization=0.2758 type=2.296 minimal=0.02365 physics=0.3159 total=0.4164
[TRAIN train_climax_no_spectral_corruption_s44] [TRAIN] stage=pretrain epoch=1/1 batch=630/3000 step=630 repair=0.00266 localization=0.3249 type=0.9087 minimal=0.02367 physics=0.5349 total=0.153
[TRAIN train_climax_no_spectral_corruption_s44] [TRAIN] stage=pretrain epoch=1/1 batch=640/3000 step=640 repair=0.003941 localization=0.291 type=2.797 minimal=0.02269 physics=0.2973 total=0.5437
[TRAIN train_climax_no_spectral_corruption_s44] [TRAIN] stage=pretrain epoch=1/1 batch=650/3000 step=650 repair=0.008208 localization=0.2634 type=1.789 minimal=0.02545 physics=0.1207 total=0.345
[TRAIN train_climax_no_spectral_corruption_s44] [TRAIN] stage=pretrain epoch=1/1 batch=660/3000 step=660 repair=0.004501 localization=0.3215 type=1.371 minimal=0.02492 physics=0.2943 total=0.2907
[TRAIN train_climax_no_spectral_corruption_s44] [TRAIN] stage=pretrain epoch=1/1 batch=670/3000 step=670 repair=0.003244 localization=0.283 type=1.948 minimal=0.02165 physics=0.5119 total=0.2522
[TRAIN train_climax_no_spectral_corruption_s44] [TRAIN] stage=pretrain epoch=1/1 batch=680/3000 step=680 repair=0.01375 localization=0.2594 type=1.481 minimal=0.02486 physics=0.4979 total=0.3298
[TRAIN train_climax_no_spectral_corruption_s44] [TRAIN] stage=pretrain epoch=1/1 batch=690/3000 step=690 repair=0.004943 localization=0.2674 type=1.331 minimal=0.02605 physics=0.6821 total=0.274
[TRAIN train_climax_no_spectral_corruption_s44] [TRAIN] stage=pretrain epoch=1/1 batch=700/3000 step=700 repair=0.003326 localization=0.3318 type=1.85 minimal=0.02158 physics=0.1141 total=0.3602
[TRAIN train_climax_no_spectral_corruption_s44] [TRAIN] stage=pretrain epoch=1/1 batch=710/3000 step=710 repair=0.004686 localization=0.239 type=1.155 minimal=0.02551 physics=0.2702 total=0.2596
[TRAIN train_climax_no_spectral_corruption_s44] [TRAIN] stage=pretrain epoch=1/1 batch=720/3000 step=720 repair=0.007272 localization=0.4424 type=0.9009 minimal=0.02271 physics=0.2667 total=0.2327
[TRAIN train_climax_no_spectral_corruption_s44] [TRAIN] stage=pretrain epoch=1/1 batch=730/3000 step=730 repair=0.01199 localization=0.2652 type=1.136 minimal=0.02248 physics=0.3001 total=0.2641
[TRAIN train_climax_no_spectral_corruption_s44] [TRAIN] stage=pretrain epoch=1/1 batch=740/3000 step=740 repair=0.004027 localization=0.2184 type=1.449 minimal=0.02487 physics=0.1271 total=0.2928
[TRAIN train_climax_no_spectral_corruption_s44] [TRAIN] stage=pretrain epoch=1/1 batch=750/3000 step=750 repair=0.004274 localization=0.2691 type=1.615 minimal=0.02307 physics=0.1247 total=0.3351
[TRAIN train_climax_no_spectral_corruption_s44] [TRAIN] stage=pretrain epoch=1/1 batch=760/3000 step=760 repair=0.01244 localization=0.3088 type=0.5605 minimal=0.02496 physics=0.1502 total=0.1449
[TRAIN train_climax_no_spectral_corruption_s44] [TRAIN] stage=pretrain epoch=1/1 batch=770/3000 step=770 repair=0.007916 localization=0.2864 type=0.6172 minimal=0.02248 physics=0.1531 total=0.1377
[TRAIN train_climax_no_spectral_corruption_s44] [TRAIN] stage=pretrain epoch=1/1 batch=780/3000 step=780 repair=0.007444 localization=0.1482 type=1.429 minimal=0.03873 physics=0.306 total=0.2989
[TRAIN train_climax_no_spectral_corruption_s44] [TRAIN] stage=pretrain epoch=1/1 batch=790/3000 step=790 repair=0.005623 localization=0.3255 type=1.931 minimal=0.02559 physics=0.2641 total=0.418
[TRAIN train_climax_no_spectral_corruption_s44] [TRAIN] stage=pretrain epoch=1/1 batch=800/3000 step=800 repair=0.01018 localization=0.3164 type=0.6753 minimal=0.02823 physics=0.1874 total=0.1602
[TRAIN train_climax_no_spectral_corruption_s44] [TRAIN] stage=pretrain epoch=1/1 batch=810/3000 step=810 repair=0.01596 localization=0.2714 type=0.7822 minimal=0.0275 physics=0.2229 total=0.219
[TRAIN train_climax_no_spectral_corruption_s44] [TRAIN] stage=pretrain epoch=1/1 batch=820/3000 step=820 repair=0.003912 localization=0.46 type=0.72 minimal=0.02463 physics=0.9902 total=0.2416
[TRAIN train_climax_no_spectral_corruption_s44] [TRAIN] stage=pretrain epoch=1/1 batch=830/3000 step=830 repair=0.008461 localization=0.2703 type=1.173 minimal=0.0239 physics=0.7321 total=0.1896
[TRAIN train_climax_no_spectral_corruption_s44] [TRAIN] stage=pretrain epoch=1/1 batch=840/3000 step=840 repair=0.002667 localization=0.2194 type=2.68 minimal=0.02055 physics=0.234 total=0.5449
[TRAIN train_climax_no_spectral_corruption_s44] [TRAIN] stage=pretrain epoch=1/1 batch=850/3000 step=850 repair=0.0126 localization=0.3083 type=2.587 minimal=0.01987 physics=0.9478 total=0.4999
[TRAIN train_climax_no_spectral_corruption_s44] [TRAIN] stage=pretrain epoch=1/1 batch=860/3000 step=860 repair=0.004894 localization=0.3172 type=2.164 minimal=0.02197 physics=0.1786 total=0.3963
[TRAIN train_climax_no_spectral_corruption_s44] [TRAIN] stage=pretrain epoch=1/1 batch=870/3000 step=870 repair=0.002783 localization=0.2217 type=0.9841 minimal=0.01982 physics=0.06151 total=0.1871
[TRAIN train_climax_no_spectral_corruption_s44] [TRAIN] stage=pretrain epoch=1/1 batch=880/3000 step=880 repair=0.00433 localization=0.2555 type=1.442 minimal=0.02277 physics=0.2025 total=0.2655
[TRAIN train_climax_no_spectral_corruption_s44] [TRAIN] stage=pretrain epoch=1/1 batch=890/3000 step=890 repair=0.007782 localization=0.3316 type=1.558 minimal=0.01944 physics=0.1296 total=0.3147
[TRAIN train_climax_no_spectral_corruption_s44] [TRAIN] stage=pretrain epoch=1/1 batch=900/3000 step=900 repair=0.005761 localization=0.2009 type=1.047 minimal=0.02185 physics=0.2981 total=0.2201
[TRAIN train_climax_no_spectral_corruption_s44] [TRAIN] stage=pretrain epoch=1/1 batch=910/3000 step=910 repair=0.006534 localization=0.1433 type=2.085 minimal=0.02763 physics=0.1638 total=0.4071
[TRAIN train_climax_no_spectral_corruption_s44] [TRAIN] stage=pretrain epoch=1/1 batch=920/3000 step=920 repair=0.005162 localization=0.2153 type=1.797 minimal=0.01927 physics=0.8257 total=0.4195
[TRAIN train_climax_no_spectral_corruption_s44] [TRAIN] stage=pretrain epoch=1/1 batch=930/3000 step=930 repair=0.006569 localization=0.3327 type=1.64 minimal=0.02037 physics=0.5262 total=0.3831
[TRAIN train_climax_no_spectral_corruption_s44] [TRAIN] stage=pretrain epoch=1/1 batch=940/3000 step=940 repair=0.007581 localization=0.3869 type=1.57 minimal=0.02208 physics=0.3092 total=0.3619
[TRAIN train_climax_no_spectral_corruption_s44] [TRAIN] stage=pretrain epoch=1/1 batch=950/3000 step=950 repair=0.003252 localization=0.2519 type=1.398 minimal=0.02057 physics=0.3871 total=0.3013
[TRAIN train_climax_no_spectral_corruption_s44] [TRAIN] stage=pretrain epoch=1/1 batch=960/3000 step=960 repair=0.007714 localization=0.2605 type=0.4473 minimal=0.02527 physics=0.9709 total=0.1273
[TRAIN train_climax_no_spectral_corruption_s44] [TRAIN] stage=pretrain epoch=1/1 batch=970/3000 step=970 repair=0.002092 localization=0.339 type=1.645 minimal=0.01762 physics=0.3143 total=0.3109
[TRAIN train_climax_no_spectral_corruption_s44] [TRAIN] stage=pretrain epoch=1/1 batch=980/3000 step=980 repair=0.003714 localization=0.2774 type=1.047 minimal=0.02171 physics=0.2454 total=0.1486
[TRAIN train_climax_no_spectral_corruption_s44] [TRAIN] stage=pretrain epoch=1/1 batch=990/3000 step=990 repair=0.007967 localization=0.2902 type=1.577 minimal=0.0246 physics=0.1721 total=0.315
[TRAIN train_climax_no_spectral_corruption_s44] [TRAIN] stage=pretrain epoch=1/1 batch=1000/3000 step=1000 repair=0.01183 localization=0.4055 type=1.473 minimal=0.02469 physics=0.4155 total=0.3273
[TRAIN train_climax_no_spectral_corruption_s44] [TRAIN] stage=pretrain epoch=1/1 batch=1010/3000 step=1010 repair=0.003423 localization=0.26 type=1.513 minimal=0.02242 physics=0.1477 total=0.2828
[TRAIN train_climax_no_spectral_corruption_s44] [TRAIN] stage=pretrain epoch=1/1 batch=1020/3000 step=1020 repair=0.00309 localization=0.2745 type=1.788 minimal=0.01981 physics=0.09559 total=0.3439
[TRAIN train_climax_no_spectral_corruption_s44] [TRAIN] stage=pretrain epoch=1/1 batch=1030/3000 step=1030 repair=0.00779 localization=0.2142 type=1.593 minimal=0.02086 physics=0.6819 total=0.3154
[TRAIN train_climax_no_spectral_corruption_s44] [TRAIN] stage=pretrain epoch=1/1 batch=1040/3000 step=1040 repair=0.01864 localization=0.1249 type=0.9875 minimal=0.04019 physics=1.814 total=0.2853
[TRAIN train_climax_no_spectral_corruption_s44] [TRAIN] stage=pretrain epoch=1/1 batch=1050/3000 step=1050 repair=0.008076 localization=0.1284 type=1.477 minimal=0.02382 physics=0.2775 total=0.2781
[TRAIN train_climax_no_spectral_corruption_s44] [TRAIN] stage=pretrain epoch=1/1 batch=1060/3000 step=1060 repair=0.003092 localization=0.3911 type=2.218 minimal=0.02005 physics=0.2285 total=0.4991
[TRAIN train_climax_no_spectral_corruption_s44] [TRAIN] stage=pretrain epoch=1/1 batch=1070/3000 step=1070 repair=0.002933 localization=0.1773 type=2.126 minimal=0.02013 physics=0.09471 total=0.3865
[TRAIN train_climax_no_spectral_corruption_s44] [TRAIN] stage=pretrain epoch=1/1 batch=1080/3000 step=1080 repair=0.003513 localization=0.2484 type=1.244 minimal=0.02078 physics=0.1703 total=0.2406
[TRAIN train_climax_no_spectral_corruption_s44] [TRAIN] stage=pretrain epoch=1/1 batch=1090/3000 step=1090 repair=0.003396 localization=0.3881 type=1.534 minimal=0.02199 physics=0.2908 total=0.3393
[TRAIN train_climax_no_spectral_corruption_s44] [TRAIN] stage=pretrain epoch=1/1 batch=1100/3000 step=1100 repair=0.006672 localization=0.2083 type=1.14 minimal=0.02042 physics=0.1815 total=0.2364
[TRAIN train_climax_no_spectral_corruption_s44] [TRAIN] stage=pretrain epoch=1/1 batch=1110/3000 step=1110 repair=0.004433 localization=0.4163 type=1.309 minimal=0.02229 physics=0.4602 total=0.3026
[TRAIN train_climax_no_spectral_corruption_s44] [TRAIN] stage=pretrain epoch=1/1 batch=1120/3000 step=1120 repair=0.00343 localization=0.2556 type=0.9033 minimal=0.0193 physics=0.261 total=0.1326
[TRAIN train_climax_no_spectral_corruption_s44] [TRAIN] stage=pretrain epoch=1/1 batch=1130/3000 step=1130 repair=0.02654 localization=0.2723 type=0.483 minimal=0.02594 physics=1.563 total=0.1805
[TRAIN train_climax_no_spectral_corruption_s44] [TRAIN] stage=pretrain epoch=1/1 batch=1140/3000 step=1140 repair=0.008801 localization=0.4139 type=2.234 minimal=0.02309 physics=0.7234 total=0.4316
[TRAIN train_climax_no_spectral_corruption_s44] [TRAIN] stage=pretrain epoch=1/1 batch=1150/3000 step=1150 repair=0.01076 localization=0.1348 type=0.3902 minimal=0.03354 physics=0.5459 total=0.1158
[TRAIN train_climax_no_spectral_corruption_s44] [TRAIN] stage=pretrain epoch=1/1 batch=1160/3000 step=1160 repair=0.01868 localization=0.1295 type=0.06728 minimal=0.04807 physics=1.914 total=0.1382
[TRAIN train_climax_no_spectral_corruption_s44] [TRAIN] stage=pretrain epoch=1/1 batch=1170/3000 step=1170 repair=0.008332 localization=0.3227 type=0.835 minimal=0.01775 physics=0.8357 total=0.1661
[TRAIN train_climax_no_spectral_corruption_s44] [TRAIN] stage=pretrain epoch=1/1 batch=1180/3000 step=1180 repair=0.007651 localization=0.2041 type=1.75 minimal=0.0219 physics=0.1241 total=0.3072
[TRAIN train_climax_no_spectral_corruption_s44] [TRAIN] stage=pretrain epoch=1/1 batch=1190/3000 step=1190 repair=0.005635 localization=0.3443 type=1.015 minimal=0.02432 physics=0.3602 total=0.1598
[TRAIN train_climax_no_spectral_corruption_s44] [TRAIN] stage=pretrain epoch=1/1 batch=1200/3000 step=1200 repair=0.005169 localization=0.1245 type=0.7458 minimal=0.02428 physics=0.243 total=0.1567
[TRAIN train_climax_no_spectral_corruption_s44] [TRAIN] stage=pretrain epoch=1/1 batch=1210/3000 step=1210 repair=0.03867 localization=0.4152 type=2.033 minimal=0.02071 physics=0.7899 total=0.3232
[TRAIN train_climax_no_spectral_corruption_s44] [TRAIN] stage=pretrain epoch=1/1 batch=1220/3000 step=1220 repair=0.003553 localization=0.312 type=1.803 minimal=0.01965 physics=0.1255 total=0.2215
[TRAIN train_climax_no_spectral_corruption_s44] [TRAIN] stage=pretrain epoch=1/1 batch=1230/3000 step=1230 repair=0.005087 localization=0.132 type=0.1219 minimal=0.03513 physics=0.54 total=0.07364
[TRAIN train_climax_no_spectral_corruption_s44] [TRAIN] stage=pretrain epoch=1/1 batch=1240/3000 step=1240 repair=0.01056 localization=0.2918 type=1.305 minimal=0.0204 physics=0.1995 total=0.2424
[TRAIN train_climax_no_spectral_corruption_s44] [TRAIN] stage=pretrain epoch=1/1 batch=1250/3000 step=1250 repair=0.01372 localization=0.2829 type=0.9604 minimal=0.02284 physics=1.822 total=0.296
[TRAIN train_climax_no_spectral_corruption_s44] [TRAIN] stage=pretrain epoch=1/1 batch=1260/3000 step=1260 repair=0.003981 localization=0.159 type=0.228 minimal=0.03354 physics=0.6509 total=0.09267
[TRAIN train_climax_no_spectral_corruption_s44] [TRAIN] stage=pretrain epoch=1/1 batch=1270/3000 step=1270 repair=0.006379 localization=0.09041 type=0.1916 minimal=0.02692 physics=0.9624 total=0.09998
[TRAIN train_climax_no_spectral_corruption_s44] [TRAIN] stage=pretrain epoch=1/1 batch=1280/3000 step=1280 repair=0.007159 localization=0.05522 type=0.2148 minimal=0.03287 physics=1.166 total=0.1128
[TRAIN train_climax_no_spectral_corruption_s44] [TRAIN] stage=pretrain epoch=1/1 batch=1290/3000 step=1290 repair=0.01408 localization=0.3049 type=1.194 minimal=0.0201 physics=1.731 total=0.3431
[TRAIN train_climax_no_spectral_corruption_s44] [TRAIN] stage=pretrain epoch=1/1 batch=1300/3000 step=1300 repair=0.00568 localization=0.234 type=1.129 minimal=0.02106 physics=0.331 total=0.2478
[TRAIN train_climax_no_spectral_corruption_s44] [TRAIN] stage=pretrain epoch=1/1 batch=1310/3000 step=1310 repair=0.00318 localization=0.118 type=1.998 minimal=0.02159 physics=0.2307 total=0.4177
[TRAIN train_climax_no_spectral_corruption_s44] [TRAIN] stage=pretrain epoch=1/1 batch=1320/3000 step=1320 repair=0.002505 localization=0.1447 type=1.182 minimal=0.02165 physics=0.4642 total=0.2727
[TRAIN train_climax_no_spectral_corruption_s44] [TRAIN] stage=pretrain epoch=1/1 batch=1330/3000 step=1330 repair=0.003094 localization=0.3568 type=0.3337 minimal=0.02313 physics=0.1836 total=0.08156
[TRAIN train_climax_no_spectral_corruption_s44] [TRAIN] stage=pretrain epoch=1/1 batch=1340/3000 step=1340 repair=0.001272 localization=0.347 type=3.809 minimal=0.01596 physics=0.2146 total=0.8027
[TRAIN train_climax_no_spectral_corruption_s44] [TRAIN] stage=pretrain epoch=1/1 batch=1350/3000 step=1350 repair=0.009432 localization=0.3663 type=1.293 minimal=0.02055 physics=0.3247 total=0.2652
[TRAIN train_climax_no_spectral_corruption_s44] [TRAIN] stage=pretrain epoch=1/1 batch=1360/3000 step=1360 repair=0.002484 localization=0.03378 type=0.01678 minimal=0.02528 physics=0.3819 total=0.02814
[TRAIN train_climax_no_spectral_corruption_s44] [TRAIN] stage=pretrain epoch=1/1 batch=1370/3000 step=1370 repair=0.005666 localization=0.2919 type=0.821 minimal=0.02443 physics=0.832 total=0.217
[TRAIN train_climax_no_spectral_corruption_s44] [TRAIN] stage=pretrain epoch=1/1 batch=1380/3000 step=1380 repair=0.01245 localization=0.2443 type=1.378 minimal=0.02257 physics=0.25 total=0.3134
[TRAIN train_climax_no_spectral_corruption_s44] [TRAIN] stage=pretrain epoch=1/1 batch=1390/3000 step=1390 repair=0.003624 localization=0.3138 type=0.8879 minimal=0.02193 physics=0.203 total=0.1806
[TRAIN train_climax_no_spectral_corruption_s44] [TRAIN] stage=pretrain epoch=1/1 batch=1400/3000 step=1400 repair=0.004939 localization=0.3577 type=1.177 minimal=0.02205 physics=0.6205 total=0.2541
[TRAIN train_climax_no_spectral_corruption_s44] [TRAIN] stage=pretrain epoch=1/1 batch=1410/3000 step=1410 repair=0.0046 localization=0.336 type=2.271 minimal=0.02132 physics=0.5054 total=0.373
[TRAIN train_climax_no_spectral_corruption_s44] [TRAIN] stage=pretrain epoch=1/1 batch=1420/3000 step=1420 repair=0.002995 localization=0.1738 type=0.3313 minimal=0.01859 physics=0.3965 total=0.07351
[TRAIN train_climax_no_spectral_corruption_s44] [TRAIN] stage=pretrain epoch=1/1 batch=1430/3000 step=1430 repair=0.006508 localization=0.2264 type=0.5403 minimal=0.01724 physics=0.2157 total=0.09413
[TRAIN train_climax_no_spectral_corruption_s44] [TRAIN] stage=pretrain epoch=1/1 batch=1440/3000 step=1440 repair=0.001879 localization=0.1232 type=0.0456 minimal=0.01535 physics=0.18 total=0.03156
[TRAIN train_climax_no_spectral_corruption_s44] [TRAIN] stage=pretrain epoch=1/1 batch=1450/3000 step=1450 repair=0.00812 localization=0.3071 type=1.388 minimal=0.01891 physics=0.221 total=0.2905
[TRAIN train_climax_no_spectral_corruption_s44] [TRAIN] stage=pretrain epoch=1/1 batch=1460/3000 step=1460 repair=0.01073 localization=0.4024 type=0.5776 minimal=0.01918 physics=0.3527 total=0.1266
[TRAIN train_climax_no_spectral_corruption_s44] [TRAIN] stage=pretrain epoch=1/1 batch=1470/3000 step=1470 repair=0.002167 localization=0.2223 type=0.0009813 minimal=0.02303 physics=0.353 total=0.04242
[TRAIN train_climax_no_spectral_corruption_s44] [TRAIN] stage=pretrain epoch=1/1 batch=1480/3000 step=1480 repair=0.004206 localization=0.2286 type=0.1403 minimal=0.02194 physics=0.1951 total=0.05107
[TRAIN train_climax_no_spectral_corruption_s44] [TRAIN] stage=pretrain epoch=1/1 batch=1490/3000 step=1490 repair=0.00258 localization=0.2085 type=2.353 minimal=0.01578 physics=0.2351 total=0.3945
[TRAIN train_climax_no_spectral_corruption_s44] [TRAIN] stage=pretrain epoch=1/1 batch=1500/3000 step=1500 repair=0.01013 localization=0.3525 type=0.3025 minimal=0.02049 physics=0.4549 total=0.09858
[TRAIN train_climax_no_spectral_corruption_s44] [TRAIN] stage=pretrain epoch=1/1 batch=1510/3000 step=1510 repair=0.005846 localization=0.1921 type=0.4738 minimal=0.01816 physics=0.2333 total=0.08428
[TRAIN train_climax_no_spectral_corruption_s44] [TRAIN] stage=pretrain epoch=1/1 batch=1520/3000 step=1520 repair=0.0032 localization=0.2489 type=1.684 minimal=0.01653 physics=0.1309 total=0.3078
[TRAIN train_climax_no_spectral_corruption_s44] [TRAIN] stage=pretrain epoch=1/1 batch=1530/3000 step=1530 repair=0.01192 localization=0.2352 type=1.212 minimal=0.01985 physics=1.617 total=0.3087
[TRAIN train_climax_no_spectral_corruption_s44] [TRAIN] stage=pretrain epoch=1/1 batch=1540/3000 step=1540 repair=0.005415 localization=0.4966 type=1.066 minimal=0.01947 physics=0.1509 total=0.1695
[TRAIN train_climax_no_spectral_corruption_s44] [TRAIN] stage=pretrain epoch=1/1 batch=1550/3000 step=1550 repair=0.002982 localization=0.3196 type=1.327 minimal=0.01797 physics=0.4042 total=0.188
[TRAIN train_climax_no_spectral_corruption_s44] [TRAIN] stage=pretrain epoch=1/1 batch=1560/3000 step=1560 repair=0.01309 localization=0.2758 type=1.546 minimal=0.02124 physics=0.1505 total=0.2814
[TRAIN train_climax_no_spectral_corruption_s44] [TRAIN] stage=pretrain epoch=1/1 batch=1570/3000 step=1570 repair=0.007117 localization=0.2229 type=0.9688 minimal=0.02 physics=0.1172 total=0.1865
[TRAIN train_climax_no_spectral_corruption_s44] [TRAIN] stage=pretrain epoch=1/1 batch=1580/3000 step=1580 repair=0.02562 localization=0.491 type=0.7578 minimal=0.02354 physics=0.3491 total=0.2245
[TRAIN train_climax_no_spectral_corruption_s44] [TRAIN] stage=pretrain epoch=1/1 batch=1590/3000 step=1590 repair=0.004548 localization=0.13 type=0.9314 minimal=0.01772 physics=0.2283 total=0.194
[TRAIN train_climax_no_spectral_corruption_s44] [TRAIN] stage=pretrain epoch=1/1 batch=1600/3000 step=1600 repair=0.002948 localization=0.2862 type=0.844 minimal=0.01668 physics=0.1584 total=0.1241
[TRAIN train_climax_no_spectral_corruption_s44] [TRAIN] stage=pretrain epoch=1/1 batch=1610/3000 step=1610 repair=0.002893 localization=0.3265 type=0.4369 minimal=0.01732 physics=0.09177 total=0.084
[TRAIN train_climax_no_spectral_corruption_s44] [TRAIN] stage=pretrain epoch=1/1 batch=1620/3000 step=1620 repair=0.008377 localization=0.334 type=2.317 minimal=0.02037 physics=0.1275 total=0.379
[TRAIN train_climax_no_spectral_corruption_s44] [TRAIN] stage=pretrain epoch=1/1 batch=1630/3000 step=1630 repair=0.003305 localization=0.2151 type=0.475 minimal=0.01849 physics=0.1171 total=0.07835
[TRAIN train_climax_no_spectral_corruption_s44] [TRAIN] stage=pretrain epoch=1/1 batch=1640/3000 step=1640 repair=0.00152 localization=0.02191 type=0.01543 minimal=0.01528 physics=0.1727 total=0.01557
[TRAIN train_climax_no_spectral_corruption_s44] [TRAIN] stage=pretrain epoch=1/1 batch=1650/3000 step=1650 repair=0.002899 localization=0.02453 type=0.0008328 minimal=0.02898 physics=0.5971 total=0.03562
[TRAIN train_climax_no_spectral_corruption_s44] [TRAIN] stage=pretrain epoch=1/1 batch=1660/3000 step=1660 repair=0.002742 localization=0.2112 type=2.067 minimal=0.0173 physics=0.2105 total=0.3933
[TRAIN train_climax_no_spectral_corruption_s44] [TRAIN] stage=pretrain epoch=1/1 batch=1670/3000 step=1670 repair=0.001673 localization=0.04206 type=0.006836 minimal=0.01593 physics=0.1498 total=0.01475
[TRAIN train_climax_no_spectral_corruption_s44] [TRAIN] stage=pretrain epoch=1/1 batch=1680/3000 step=1680 repair=0.006463 localization=0.3654 type=1.707 minimal=0.02008 physics=0.2014 total=0.2816
[TRAIN train_climax_no_spectral_corruption_s44] [TRAIN] stage=pretrain epoch=1/1 batch=1690/3000 step=1690 repair=0.01408 localization=0.3375 type=2.146 minimal=0.02292 physics=0.9201 total=0.42
[TRAIN train_climax_no_spectral_corruption_s44] [TRAIN] stage=pretrain epoch=1/1 batch=1700/3000 step=1700 repair=0.001801 localization=0.204 type=0.07898 minimal=0.01445 physics=0.1282 total=0.04103
[TRAIN train_climax_no_spectral_corruption_s44] [TRAIN] stage=pretrain epoch=1/1 batch=1710/3000 step=1710 repair=0.01489 localization=0.3217 type=1.074 minimal=0.0202 physics=2.271 total=0.3196
[TRAIN train_climax_no_spectral_corruption_s44] [TRAIN] stage=pretrain epoch=1/1 batch=1720/3000 step=1720 repair=0.002055 localization=0.3495 type=0.02079 minimal=0.013 physics=0.1678 total=0.04908
[TRAIN train_climax_no_spectral_corruption_s44] [TRAIN] stage=pretrain epoch=1/1 batch=1730/3000 step=1730 repair=0.002646 localization=0.4739 type=5.266 minimal=0.01362 physics=0.1394 total=1.16
[TRAIN train_climax_no_spectral_corruption_s44] [TRAIN] stage=pretrain epoch=1/1 batch=1740/3000 step=1740 repair=0.005856 localization=0.2413 type=0.7893 minimal=0.01913 physics=0.1167 total=0.1884
[TRAIN train_climax_no_spectral_corruption_s44] [TRAIN] stage=pretrain epoch=1/1 batch=1750/3000 step=1750 repair=0.004765 localization=0.2174 type=0.7175 minimal=0.02324 physics=0.227 total=0.1716
[TRAIN train_climax_no_spectral_corruption_s44] [TRAIN] stage=pretrain epoch=1/1 batch=1760/3000 step=1760 repair=0.00864 localization=0.2428 type=0.5015 minimal=0.02087 physics=1.171 total=0.1835
[TRAIN train_climax_no_spectral_corruption_s44] [TRAIN] stage=pretrain epoch=1/1 batch=1770/3000 step=1770 repair=0.007841 localization=0.3906 type=2.887 minimal=0.01528 physics=1.266 total=0.399
[TRAIN train_climax_no_spectral_corruption_s44] [TRAIN] stage=pretrain epoch=1/1 batch=1780/3000 step=1780 repair=0.01095 localization=0.2725 type=1.008 minimal=0.01878 physics=1.351 total=0.2695
[TRAIN train_climax_no_spectral_corruption_s44] [TRAIN] stage=pretrain epoch=1/1 batch=1790/3000 step=1790 repair=0.001749 localization=0.02745 type=0.001507 minimal=0.02 physics=0.159 total=0.01295
[TRAIN train_climax_no_spectral_corruption_s44] [TRAIN] stage=pretrain epoch=1/1 batch=1800/3000 step=1800 repair=0.002057 localization=0.3067 type=0.8927 minimal=0.0145 physics=0.1458 total=0.2162
[TRAIN train_climax_no_spectral_corruption_s44] [TRAIN] stage=pretrain epoch=1/1 batch=1810/3000 step=1810 repair=0.003134 localization=0.02358 type=0.002399 minimal=0.02106 physics=0.2881 total=0.02057
[TRAIN train_climax_no_spectral_corruption_s44] [TRAIN] stage=pretrain epoch=1/1 batch=1820/3000 step=1820 repair=0.003721 localization=0.4129 type=0.4768 minimal=0.01567 physics=0.2135 total=0.1328
[TRAIN train_climax_no_spectral_corruption_s44] [TRAIN] stage=pretrain epoch=1/1 batch=1830/3000 step=1830 repair=0.001803 localization=0.1213 type=0.3767 minimal=0.01392 physics=0.322 total=0.09435
[TRAIN train_climax_no_spectral_corruption_s44] [TRAIN] stage=pretrain epoch=1/1 batch=1840/3000 step=1840 repair=0.004471 localization=0.4131 type=3.818 minimal=0.0136 physics=0.169 total=0.8368
[TRAIN train_climax_no_spectral_corruption_s44] [TRAIN] stage=pretrain epoch=1/1 batch=1850/3000 step=1850 repair=0.03148 localization=0.3501 type=1.497 minimal=0.02161 physics=0.5197 total=0.2423
[TRAIN train_climax_no_spectral_corruption_s44] [TRAIN] stage=pretrain epoch=1/1 batch=1860/3000 step=1860 repair=0.006077 localization=0.2622 type=1.614 minimal=0.0218 physics=0.7256 total=0.3513
[TRAIN train_climax_no_spectral_corruption_s44] [TRAIN] stage=pretrain epoch=1/1 batch=1870/3000 step=1870 repair=0.001262 localization=0.1921 type=0.1201 minimal=0.01274 physics=0.1516 total=0.05281
[TRAIN train_climax_no_spectral_corruption_s44] [TRAIN] stage=pretrain epoch=1/1 batch=1880/3000 step=1880 repair=0.002437 localization=0.307 type=1.143 minimal=0.0193 physics=0.06119 total=0.206
[TRAIN train_climax_no_spectral_corruption_s44] [TRAIN] stage=pretrain epoch=1/1 batch=1890/3000 step=1890 repair=0.001161 localization=0.01849 type=0.002781 minimal=0.0186 physics=0.1524 total=0.01125
[TRAIN train_climax_no_spectral_corruption_s44] [TRAIN] stage=pretrain epoch=1/1 batch=1900/3000 step=1900 repair=0.003924 localization=0.3389 type=0.4344 minimal=0.01918 physics=0.7192 total=0.1626
[TRAIN train_climax_no_spectral_corruption_s44] [TRAIN] stage=pretrain epoch=1/1 batch=1910/3000 step=1910 repair=0.00359 localization=0.2456 type=0.8359 minimal=0.01778 physics=0.7052 total=0.2103
[TRAIN train_climax_no_spectral_corruption_s44] [TRAIN] stage=pretrain epoch=1/1 batch=1920/3000 step=1920 repair=0.00858 localization=0.391 type=0.9307 minimal=0.01855 physics=0.3544 total=0.2508
[TRAIN train_climax_no_spectral_corruption_s44] [TRAIN] stage=pretrain epoch=1/1 batch=1930/3000 step=1930 repair=0.001071 localization=0.3104 type=0.01897 minimal=0.01164 physics=0.145 total=0.04317
[TRAIN train_climax_no_spectral_corruption_s44] [TRAIN] stage=pretrain epoch=1/1 batch=1940/3000 step=1940 repair=0.001472 localization=0.04366 type=0.003053 minimal=0.01385 physics=0.1472 total=0.01391
[TRAIN train_climax_no_spectral_corruption_s44] [TRAIN] stage=pretrain epoch=1/1 batch=1950/3000 step=1950 repair=0.01272 localization=0.2412 type=1.067 minimal=0.02019 physics=0.4008 total=0.2566
[TRAIN train_climax_no_spectral_corruption_s44] [TRAIN] stage=pretrain epoch=1/1 batch=1960/3000 step=1960 repair=0.00637 localization=0.3814 type=2.488 minimal=0.01195 physics=0.1789 total=0.5324
[TRAIN train_climax_no_spectral_corruption_s44] [TRAIN] stage=pretrain epoch=1/1 batch=1970/3000 step=1970 repair=0.001935 localization=0.3878 type=2.571 minimal=0.01543 physics=0.1164 total=0.543
[TRAIN train_climax_no_spectral_corruption_s44] [TRAIN] stage=pretrain epoch=1/1 batch=1980/3000 step=1980 repair=0.009418 localization=0.3045 type=1.101 minimal=0.01813 physics=0.2285 total=0.1616
[TRAIN train_climax_no_spectral_corruption_s44] [TRAIN] stage=pretrain epoch=1/1 batch=1990/3000 step=1990 repair=0.003444 localization=0.2177 type=0.957 minimal=0.0161 physics=0.3847 total=0.198
[TRAIN train_climax_no_spectral_corruption_s44] [TRAIN] stage=pretrain epoch=1/1 batch=2000/3000 step=2000 repair=0.00195 localization=0.09114 type=0.003303 minimal=0.0157 physics=0.1589 total=0.01964
[TRAIN train_climax_no_spectral_corruption_s44] [TRAIN] stage=pretrain epoch=1/1 batch=2010/3000 step=2010 repair=0.002274 localization=0.02557 type=0.002275 minimal=0.02155 physics=0.1618 total=0.01348
[TRAIN train_climax_no_spectral_corruption_s44] [TRAIN] stage=pretrain epoch=1/1 batch=2020/3000 step=2020 repair=0.00296 localization=0.2813 type=1.278 minimal=0.01611 physics=0.1072 total=0.1644
[TRAIN train_climax_no_spectral_corruption_s44] [TRAIN] stage=pretrain epoch=1/1 batch=2030/3000 step=2030 repair=0.008552 localization=0.3097 type=1.553 minimal=0.01409 physics=1.057 total=0.3525
[TRAIN train_climax_no_spectral_corruption_s44] [TRAIN] stage=pretrain epoch=1/1 batch=2040/3000 step=2040 repair=0.006784 localization=0.2472 type=0.8916 minimal=0.01614 physics=0.4989 total=0.1458
[TRAIN train_climax_no_spectral_corruption_s44] [TRAIN] stage=pretrain epoch=1/1 batch=2050/3000 step=2050 repair=0.001518 localization=0.2956 type=2.938 minimal=0.01238 physics=0.3011 total=0.574
[TRAIN train_climax_no_spectral_corruption_s44] [TRAIN] stage=pretrain epoch=1/1 batch=2060/3000 step=2060 repair=0.003549 localization=0.1759 type=1.608 minimal=0.01888 physics=0.2174 total=0.2805
[TRAIN train_climax_no_spectral_corruption_s44] [TRAIN] stage=pretrain epoch=1/1 batch=2070/3000 step=2070 repair=0.005093 localization=0.2903 type=1.01 minimal=0.01799 physics=0.4955 total=0.1601
[TRAIN train_climax_no_spectral_corruption_s44] [TRAIN] stage=pretrain epoch=1/1 batch=2080/3000 step=2080 repair=0.004021 localization=0.2993 type=0.8003 minimal=0.01547 physics=0.2359 total=0.1259
[TRAIN train_climax_no_spectral_corruption_s44] [TRAIN] stage=pretrain epoch=1/1 batch=2090/3000 step=2090 repair=0.00881 localization=0.3276 type=0.5435 minimal=0.01688 physics=0.5541 total=0.1238
[TRAIN train_climax_no_spectral_corruption_s44] [TRAIN] stage=pretrain epoch=1/1 batch=2100/3000 step=2100 repair=0.01558 localization=0.2012 type=0.453 minimal=0.01807 physics=0.482 total=0.1053
[TRAIN train_climax_no_spectral_corruption_s44] [TRAIN] stage=pretrain epoch=1/1 batch=2110/3000 step=2110 repair=0.007962 localization=0.3473 type=1.533 minimal=0.01839 physics=0.1815 total=0.2359
[TRAIN train_climax_no_spectral_corruption_s44] [TRAIN] stage=pretrain epoch=1/1 batch=2120/3000 step=2120 repair=0.005258 localization=0.2977 type=2.197 minimal=0.02054 physics=0.3039 total=0.3803
[TRAIN train_climax_no_spectral_corruption_s44] [TRAIN] stage=pretrain epoch=1/1 batch=2130/3000 step=2130 repair=0.01116 localization=0.3434 type=0.7825 minimal=0.01704 physics=0.5898 total=0.1534
[TRAIN train_climax_no_spectral_corruption_s44] [TRAIN] stage=pretrain epoch=1/1 batch=2140/3000 step=2140 repair=0.01051 localization=0.2113 type=1.729 minimal=0.01527 physics=0.09942 total=0.2608
[TRAIN train_climax_no_spectral_corruption_s44] [TRAIN] stage=pretrain epoch=1/1 batch=2150/3000 step=2150 repair=0.006861 localization=0.3481 type=2.088 minimal=0.01845 physics=0.1271 total=0.3135
[TRAIN train_climax_no_spectral_corruption_s44] [TRAIN] stage=pretrain epoch=1/1 batch=2160/3000 step=2160 repair=0.00662 localization=0.2791 type=1.547 minimal=0.01759 physics=0.07298 total=0.2547
[TRAIN train_climax_no_spectral_corruption_s44] [TRAIN] stage=pretrain epoch=1/1 batch=2170/3000 step=2170 repair=0.006025 localization=0.2208 type=1.541 minimal=0.01758 physics=0.2094 total=0.2669
[TRAIN train_climax_no_spectral_corruption_s44] [TRAIN] stage=pretrain epoch=1/1 batch=2180/3000 step=2180 repair=0.008344 localization=0.2918 type=1.244 minimal=0.02016 physics=0.1394 total=0.2517
[TRAIN train_climax_no_spectral_corruption_s44] [TRAIN] stage=pretrain epoch=1/1 batch=2190/3000 step=2190 repair=0.006356 localization=0.3004 type=1.054 minimal=0.02017 physics=0.1646 total=0.2208
[TRAIN train_climax_no_spectral_corruption_s44] [TRAIN] stage=pretrain epoch=1/1 batch=2200/3000 step=2200 repair=0.007546 localization=0.398 type=0.8025 minimal=0.01823 physics=0.146 total=0.1841
[TRAIN train_climax_no_spectral_corruption_s44] [TRAIN] stage=pretrain epoch=1/1 batch=2210/3000 step=2210 repair=0.005838 localization=0.2862 type=0.8923 minimal=0.01901 physics=0.1307 total=0.1627
[TRAIN train_climax_no_spectral_corruption_s44] [TRAIN] stage=pretrain epoch=1/1 batch=2220/3000 step=2220 repair=0.0119 localization=0.2987 type=1.201 minimal=0.01932 physics=0.1515 total=0.2147
[TRAIN train_climax_no_spectral_corruption_s44] [TRAIN] stage=pretrain epoch=1/1 batch=2230/3000 step=2230 repair=0.002519 localization=0.1264 type=1.718 minimal=0.01511 physics=0.1491 total=0.3303
[TRAIN train_climax_no_spectral_corruption_s44] [TRAIN] stage=pretrain epoch=1/1 batch=2240/3000 step=2240 repair=0.01176 localization=0.4378 type=0.7002 minimal=0.01685 physics=1.232 total=0.1873
[TRAIN train_climax_no_spectral_corruption_s44] [TRAIN] stage=pretrain epoch=1/1 batch=2250/3000 step=2250 repair=0.004037 localization=0.1712 type=1.567 minimal=0.0174 physics=0.05057 total=0.2752
[TRAIN train_climax_no_spectral_corruption_s44] [TRAIN] stage=pretrain epoch=1/1 batch=2260/3000 step=2260 repair=0.0149 localization=0.01666 type=0.0003207 minimal=0.02664 physics=0.2898 total=0.03137
[TRAIN train_climax_no_spectral_corruption_s44] [TRAIN] stage=pretrain epoch=1/1 batch=2270/3000 step=2270 repair=0.003331 localization=0.2921 type=0.4601 minimal=0.01779 physics=0.2078 total=0.08911
[TRAIN train_climax_no_spectral_corruption_s44] [TRAIN] stage=pretrain epoch=1/1 batch=2280/3000 step=2280 repair=0.02199 localization=0.2789 type=0.1205 minimal=0.02132 physics=0.877 total=0.106
[TRAIN train_climax_no_spectral_corruption_s44] [TRAIN] stage=pretrain epoch=1/1 batch=2290/3000 step=2290 repair=0.003517 localization=0.02233 type=0.002752 minimal=0.01337 physics=0.1841 total=0.0155
[TRAIN train_climax_no_spectral_corruption_s44] [TRAIN] stage=pretrain epoch=1/1 batch=2300/3000 step=2300 repair=0.001521 localization=0.06037 type=0.05028 minimal=0.01155 physics=0.1297 total=0.02293
[TRAIN train_climax_no_spectral_corruption_s44] [TRAIN] stage=pretrain epoch=1/1 batch=2310/3000 step=2310 repair=0.00825 localization=0.3101 type=0.9302 minimal=0.01607 physics=0.7421 total=0.1695
[TRAIN train_climax_no_spectral_corruption_s44] [TRAIN] stage=pretrain epoch=1/1 batch=2320/3000 step=2320 repair=0.001676 localization=0.2349 type=2.46 minimal=0.01535 physics=0.1278 total=0.4945
[TRAIN train_climax_no_spectral_corruption_s44] [TRAIN] stage=pretrain epoch=1/1 batch=2330/3000 step=2330 repair=0.001658 localization=0.1667 type=2.038 minimal=0.01423 physics=0.3316 total=0.3927
[TRAIN train_climax_no_spectral_corruption_s44] [TRAIN] stage=pretrain epoch=1/1 batch=2340/3000 step=2340 repair=0.001296 localization=0.05463 type=0.002437 minimal=0.0114 physics=0.1571 total=0.01512
[TRAIN train_climax_no_spectral_corruption_s44] [TRAIN] stage=pretrain epoch=1/1 batch=2350/3000 step=2350 repair=0.002867 localization=0.01558 type=0.002017 minimal=0.01184 physics=0.1926 total=0.01451
[TRAIN train_climax_no_spectral_corruption_s44] [TRAIN] stage=pretrain epoch=1/1 batch=2360/3000 step=2360 repair=0.01028 localization=0.01331 type=0.0002546 minimal=0.02354 physics=0.2114 total=0.02246
[TRAIN train_climax_no_spectral_corruption_s44] [TRAIN] stage=pretrain epoch=1/1 batch=2370/3000 step=2370 repair=0.007225 localization=0.4002 type=1.053 minimal=0.01869 physics=0.8729 total=0.2816
[TRAIN train_climax_no_spectral_corruption_s44] [TRAIN] stage=pretrain epoch=1/1 batch=2380/3000 step=2380 repair=0.003258 localization=0.3009 type=0.9719 minimal=0.01968 physics=0.4763 total=0.2015
[TRAIN train_climax_no_spectral_corruption_s44] [TRAIN] stage=pretrain epoch=1/1 batch=2390/3000 step=2390 repair=0.00995 localization=0.2904 type=0.959 minimal=0.02022 physics=0.5836 total=0.1643
[TRAIN train_climax_no_spectral_corruption_s44] [TRAIN] stage=pretrain epoch=1/1 batch=2400/3000 step=2400 repair=0.02685 localization=0.2764 type=0.5649 minimal=0.01814 physics=0.6525 total=0.1438
[TRAIN train_climax_no_spectral_corruption_s44] [TRAIN] stage=pretrain epoch=1/1 batch=2410/3000 step=2410 repair=0.002688 localization=0.2913 type=1.69 minimal=0.01536 physics=0.1738 total=0.2933
[TRAIN train_climax_no_spectral_corruption_s44] [TRAIN] stage=pretrain epoch=1/1 batch=2420/3000 step=2420 repair=0.00199 localization=0.1688 type=2.24 minimal=0.01443 physics=0.2099 total=0.4409
[TRAIN train_climax_no_spectral_corruption_s44] [TRAIN] stage=pretrain epoch=1/1 batch=2430/3000 step=2430 repair=0.003378 localization=0.3889 type=1.7 minimal=0.01601 physics=0.1741 total=0.2964
[TRAIN train_climax_no_spectral_corruption_s44] [TRAIN] stage=pretrain epoch=1/1 batch=2440/3000 step=2440 repair=0.02607 localization=0.2991 type=0.7368 minimal=0.01773 physics=0.7725 total=0.1685
[TRAIN train_climax_no_spectral_corruption_s44] [TRAIN] stage=pretrain epoch=1/1 batch=2450/3000 step=2450 repair=0.003075 localization=0.2976 type=0.8052 minimal=0.01607 physics=0.1138 total=0.1192
[TRAIN train_climax_no_spectral_corruption_s44] [TRAIN] stage=pretrain epoch=1/1 batch=2460/3000 step=2460 repair=0.005577 localization=0.2827 type=1.548 minimal=0.01537 physics=0.1076 total=0.2396
[TRAIN train_climax_no_spectral_corruption_s44] [TRAIN] stage=pretrain epoch=1/1 batch=2470/3000 step=2470 repair=0.004648 localization=0.3353 type=0.593 minimal=0.01868 physics=0.1406 total=0.1047
[TRAIN train_climax_no_spectral_corruption_s44] [TRAIN] stage=pretrain epoch=1/1 batch=2480/3000 step=2480 repair=0.008426 localization=0.2358 type=1.593 minimal=0.0191 physics=0.4906 total=0.2996
[TRAIN train_climax_no_spectral_corruption_s44] [TRAIN] stage=pretrain epoch=1/1 batch=2490/3000 step=2490 repair=0.00327 localization=0.2796 type=1.158 minimal=0.01495 physics=0.1141 total=0.2129
[TRAIN train_climax_no_spectral_corruption_s44] [TRAIN] stage=pretrain epoch=1/1 batch=2500/3000 step=2500 repair=0.006546 localization=0.3221 type=1.506 minimal=0.01502 physics=0.1519 total=0.3016
[TRAIN train_climax_no_spectral_corruption_s44] [TRAIN] stage=pretrain epoch=1/1 batch=2510/3000 step=2510 repair=0.002038 localization=0.4375 type=3.009 minimal=0.01343 physics=0.2982 total=0.3617
[TRAIN train_climax_no_spectral_corruption_s44] [TRAIN] stage=pretrain epoch=1/1 batch=2520/3000 step=2520 repair=0.002687 localization=0.2871 type=4.4 minimal=0.01813 physics=0.09586 total=0.8564
[TRAIN train_climax_no_spectral_corruption_s44] [TRAIN] stage=pretrain epoch=1/1 batch=2530/3000 step=2530 repair=0.00627 localization=0.364 type=0.9836 minimal=0.01631 physics=0.1587 total=0.2261
[TRAIN train_climax_no_spectral_corruption_s44] [TRAIN] stage=pretrain epoch=1/1 batch=2540/3000 step=2540 repair=0.003462 localization=0.207 type=1.972 minimal=0.01898 physics=0.2968 total=0.2364
[TRAIN train_climax_no_spectral_corruption_s44] [TRAIN] stage=pretrain epoch=1/1 batch=2550/3000 step=2550 repair=0.002168 localization=0.2671 type=1.256 minimal=0.01451 physics=0.2497 total=0.2598
[TRAIN train_climax_no_spectral_corruption_s44] [TRAIN] stage=pretrain epoch=1/1 batch=2560/3000 step=2560 repair=0.002252 localization=0.01406 type=0.002962 minimal=0.01643 physics=0.4147 total=0.025
[TRAIN train_climax_no_spectral_corruption_s44] [TRAIN] stage=pretrain epoch=1/1 batch=2570/3000 step=2570 repair=0.003284 localization=0.2691 type=1.586 minimal=0.01196 physics=0.1815 total=0.3711
[TRAIN train_climax_no_spectral_corruption_s44] [TRAIN] stage=pretrain epoch=1/1 batch=2580/3000 step=2580 repair=0.00818 localization=0.268 type=0.4817 minimal=0.01764 physics=0.1679 total=0.1293
[TRAIN train_climax_no_spectral_corruption_s44] [TRAIN] stage=pretrain epoch=1/1 batch=2590/3000 step=2590 repair=0.0132 localization=0.468 type=2.156 minimal=0.01736 physics=0.6481 total=0.3082
[TRAIN train_climax_no_spectral_corruption_s44] [TRAIN] stage=pretrain epoch=1/1 batch=2600/3000 step=2600 repair=0.001324 localization=0.1624 type=0.01331 minimal=0.01243 physics=0.249 total=0.03259
[TRAIN train_climax_no_spectral_corruption_s44] [TRAIN] stage=pretrain epoch=1/1 batch=2610/3000 step=2610 repair=0.005741 localization=0.2479 type=1.402 minimal=0.01961 physics=0.5862 total=0.3345
[TRAIN train_climax_no_spectral_corruption_s44] [TRAIN] stage=pretrain epoch=1/1 batch=2620/3000 step=2620 repair=0.01534 localization=0.4791 type=1.932 minimal=0.01877 physics=0.2173 total=0.2675
[TRAIN train_climax_no_spectral_corruption_s44] [TRAIN] stage=pretrain epoch=1/1 batch=2630/3000 step=2630 repair=0.001593 localization=0.01993 type=0.002172 minimal=0.01605 physics=0.1312 total=0.01071
[TRAIN train_climax_no_spectral_corruption_s44] [TRAIN] stage=pretrain epoch=1/1 batch=2640/3000 step=2640 repair=0.001017 localization=0.03301 type=0.003118 minimal=0.01231 physics=0.1079 total=0.01041
[TRAIN train_climax_no_spectral_corruption_s44] [TRAIN] stage=pretrain epoch=1/1 batch=2650/3000 step=2650 repair=0.01057 localization=0.257 type=0.9553 minimal=0.01706 physics=0.1105 total=0.1568
[TRAIN train_climax_no_spectral_corruption_s44] [TRAIN] stage=pretrain epoch=1/1 batch=2660/3000 step=2660 repair=0.002028 localization=0.03083 type=0.0008563 minimal=0.01692 physics=0.1857 total=0.01469
[TRAIN train_climax_no_spectral_corruption_s44] [TRAIN] stage=pretrain epoch=1/1 batch=2670/3000 step=2670 repair=0.002776 localization=0.2561 type=1.934 minimal=0.01564 physics=0.1909 total=0.3955
[TRAIN train_climax_no_spectral_corruption_s44] [TRAIN] stage=pretrain epoch=1/1 batch=2680/3000 step=2680 repair=0.00097 localization=0.0152 type=0.0003741 minimal=0.01637 physics=0.1288 total=0.009148
[TRAIN train_climax_no_spectral_corruption_s44] [TRAIN] stage=pretrain epoch=1/1 batch=2690/3000 step=2690 repair=0.004275 localization=0.2564 type=1.636 minimal=0.01953 physics=0.1831 total=0.2771
[TRAIN train_climax_no_spectral_corruption_s44] [TRAIN] stage=pretrain epoch=1/1 batch=2700/3000 step=2700 repair=0.003977 localization=0.267 type=1.019 minimal=0.01735 physics=0.08077 total=0.1962
[TRAIN train_climax_no_spectral_corruption_s44] [TRAIN] stage=pretrain epoch=1/1 batch=2710/3000 step=2710 repair=0.005306 localization=0.3951 type=1.963 minimal=0.01822 physics=0.1439 total=0.4093
[TRAIN train_climax_no_spectral_corruption_s44] [TRAIN] stage=pretrain epoch=1/1 batch=2720/3000 step=2720 repair=0.002336 localization=0.5493 type=4.176 minimal=0.01303 physics=1.147 total=0.5323
[TRAIN train_climax_no_spectral_corruption_s44] [TRAIN] stage=pretrain epoch=1/1 batch=2730/3000 step=2730 repair=0.003278 localization=0.01881 type=0.001158 minimal=0.01703 physics=0.1596 total=0.01348
[TRAIN train_climax_no_spectral_corruption_s44] [TRAIN] stage=pretrain epoch=1/1 batch=2740/3000 step=2740 repair=0.004382 localization=0.2153 type=1.294 minimal=0.0186 physics=0.4541 total=0.2762
[TRAIN train_climax_no_spectral_corruption_s44] [TRAIN] stage=pretrain epoch=1/1 batch=2750/3000 step=2750 repair=0.001438 localization=0.3613 type=2.732 minimal=0.01305 physics=0.3296 total=0.48
[TRAIN train_climax_no_spectral_corruption_s44] [TRAIN] stage=pretrain epoch=1/1 batch=2760/3000 step=2760 repair=0.001357 localization=0.2056 type=1.424 minimal=0.01281 physics=0.1556 total=0.2054
[TRAIN train_climax_no_spectral_corruption_s44] [TRAIN] stage=pretrain epoch=1/1 batch=2770/3000 step=2770 repair=0.004233 localization=0.3511 type=3.167 minimal=0.0192 physics=0.4781 total=0.4834
[TRAIN train_climax_no_spectral_corruption_s44] [TRAIN] stage=pretrain epoch=1/1 batch=2780/3000 step=2780 repair=0.002386 localization=0.01815 type=0.01221 minimal=0.0146 physics=0.1905 total=0.01547
[TRAIN train_climax_no_spectral_corruption_s44] [TRAIN] stage=pretrain epoch=1/1 batch=2790/3000 step=2790 repair=0.005757 localization=0.2916 type=1.049 minimal=0.02042 physics=0.1132 total=0.2017
[TRAIN train_climax_no_spectral_corruption_s44] [TRAIN] stage=pretrain epoch=1/1 batch=2800/3000 step=2800 repair=0.00178 localization=0.3142 type=0.6957 minimal=0.0135 physics=0.146 total=0.1581
[TRAIN train_climax_no_spectral_corruption_s44] [TRAIN] stage=pretrain epoch=1/1 batch=2810/3000 step=2810 repair=0.004306 localization=0.3344 type=1.032 minimal=0.01974 physics=0.1638 total=0.1494
[TRAIN train_climax_no_spectral_corruption_s44] [TRAIN] stage=pretrain epoch=1/1 batch=2820/3000 step=2820 repair=0.005982 localization=0.236 type=1.433 minimal=0.01871 physics=0.08597 total=0.271
[TRAIN train_climax_no_spectral_corruption_s44] [TRAIN] stage=pretrain epoch=1/1 batch=2830/3000 step=2830 repair=0.002188 localization=0.3124 type=1.397 minimal=0.0162 physics=0.2332 total=0.2479
[TRAIN train_climax_no_spectral_corruption_s44] [TRAIN] stage=pretrain epoch=1/1 batch=2840/3000 step=2840 repair=0.003166 localization=0.3282 type=1.288 minimal=0.01465 physics=0.07815 total=0.2131
[TRAIN train_climax_no_spectral_corruption_s44] [TRAIN] stage=pretrain epoch=1/1 batch=2850/3000 step=2850 repair=0.003476 localization=0.3193 type=2.035 minimal=0.01449 physics=0.331 total=0.3841
[TRAIN train_climax_no_spectral_corruption_s44] [TRAIN] stage=pretrain epoch=1/1 batch=2860/3000 step=2860 repair=0.003979 localization=0.197 type=1.561 minimal=0.01984 physics=0.1158 total=0.2813
[TRAIN train_climax_no_spectral_corruption_s44] [TRAIN] stage=pretrain epoch=1/1 batch=2870/3000 step=2870 repair=0.003228 localization=0.01508 type=0.0001707 minimal=0.0213 physics=0.3858 total=0.02427
[TRAIN train_climax_no_spectral_corruption_s44] [TRAIN] stage=pretrain epoch=1/1 batch=2880/3000 step=2880 repair=0.001008 localization=0.09762 type=0.00393 minimal=0.01168 physics=0.1215 total=0.01769
[TRAIN train_climax_no_spectral_corruption_s44] [TRAIN] stage=pretrain epoch=1/1 batch=2890/3000 step=2890 repair=0.003658 localization=0.2027 type=1.034 minimal=0.01689 physics=0.1455 total=0.2127
[TRAIN train_climax_no_spectral_corruption_s44] [TRAIN] stage=pretrain epoch=1/1 batch=2900/3000 step=2900 repair=0.004232 localization=0.5897 type=5.557 minimal=0.01238 physics=0.14 total=1.077
[TRAIN train_climax_no_spectral_corruption_s44] [TRAIN] stage=pretrain epoch=1/1 batch=2910/3000 step=2910 repair=0.01446 localization=0.3556 type=1.057 minimal=0.0175 physics=1.857 total=0.3435
[TRAIN train_climax_no_spectral_corruption_s44] [TRAIN] stage=pretrain epoch=1/1 batch=2920/3000 step=2920 repair=0.01167 localization=0.5861 type=1.346 minimal=0.01602 physics=2.067 total=0.3084
[TRAIN train_climax_no_spectral_corruption_s44] [TRAIN] stage=pretrain epoch=1/1 batch=2930/3000 step=2930 repair=0.009515 localization=0.2473 type=1.643 minimal=0.02213 physics=0.266 total=0.212
[TRAIN train_climax_no_spectral_corruption_s44] [TRAIN] stage=pretrain epoch=1/1 batch=2940/3000 step=2940 repair=0.01688 localization=0.3555 type=2.018 minimal=0.01987 physics=0.8805 total=0.4662
[TRAIN train_climax_no_spectral_corruption_s44] [TRAIN] stage=pretrain epoch=1/1 batch=2950/3000 step=2950 repair=0.005794 localization=0.2201 type=5.314 minimal=0.02235 physics=0.1373 total=1.021
[TRAIN train_climax_no_spectral_corruption_s44] [TRAIN] stage=pretrain epoch=1/1 batch=2960/3000 step=2960 repair=0.00503 localization=0.324 type=0.9014 minimal=0.01826 physics=0.1089 total=0.1332
[TRAIN train_climax_no_spectral_corruption_s44] [TRAIN] stage=pretrain epoch=1/1 batch=2970/3000 step=2970 repair=0.02074 localization=0.2655 type=0.8613 minimal=0.01921 physics=0.6266 total=0.1649
[TRAIN train_climax_no_spectral_corruption_s44] [TRAIN] stage=pretrain epoch=1/1 batch=2980/3000 step=2980 repair=0.00285 localization=0.2978 type=2.904 minimal=0.01469 physics=0.1266 total=0.5592
[TRAIN train_climax_no_spectral_corruption_s44] [TRAIN] stage=pretrain epoch=1/1 batch=2990/3000 step=2990 repair=0.01238 localization=0.3255 type=1.002 minimal=0.02074 physics=0.1483 total=0.1845
[TRAIN train_climax_no_spectral_corruption_s44] [TRAIN] stage=pretrain epoch=1/1 batch=3000/3000 step=3000 repair=0.005479 localization=0.2387 type=0.9783 minimal=0.01715 physics=0.1121 total=0.133
[TRAIN train_climax_no_spectral_corruption_s44] [EPOCH] {'stage': 'pretrain', 'epoch': 0, 'global_step': 3000, 'train_total': 0.25417077975627034, 'val_repair_mse': 0.13211206416599452, 'elapsed_seconds': 1731.22}
[TRAIN train_climax_no_spectral_corruption_s44] [BEST] val_repair_mse=0.132112
[TRAIN train_climax_no_spectral_corruption_s44] [STAGE] finetune epochs=1 start_epoch=0
[TRAIN train_climax_no_spectral_corruption_s44] [TRAIN] stage=finetune epoch=1/1 batch=10/3000 step=3010 repair=0.1281 localization=0 type=0 minimal=0.03412 physics=0.1895 total=0.1379
[TRAIN train_climax_no_spectral_corruption_s44] [TRAIN] stage=finetune epoch=1/1 batch=20/3000 step=3020 repair=0.1201 localization=0 type=0 minimal=0.03186 physics=0.2251 total=0.1317
[TRAIN train_climax_no_spectral_corruption_s44] [TRAIN] stage=finetune epoch=1/1 batch=30/3000 step=3030 repair=0.09721 localization=0 type=0 minimal=0.03986 physics=0.1726 total=0.1062
[TRAIN train_climax_no_spectral_corruption_s44] [TRAIN] stage=finetune epoch=1/1 batch=40/3000 step=3040 repair=0.152 localization=0 type=0 minimal=0.04013 physics=0.2414 total=0.1645
[TRAIN train_climax_no_spectral_corruption_s44] [TRAIN] stage=finetune epoch=1/1 batch=50/3000 step=3050 repair=0.1665 localization=0 type=0 minimal=0.04028 physics=0.3039 total=0.1821
[TRAIN train_climax_no_spectral_corruption_s44] [TRAIN] stage=finetune epoch=1/1 batch=60/3000 step=3060 repair=0.1026 localization=0 type=0 minimal=0.03555 physics=0.1985 total=0.1129
[TRAIN train_climax_no_spectral_corruption_s44] [TRAIN] stage=finetune epoch=1/1 batch=70/3000 step=3070 repair=0.09528 localization=0 type=0 minimal=0.0387 physics=0.157 total=0.1035
[TRAIN train_climax_no_spectral_corruption_s44] [TRAIN] stage=finetune epoch=1/1 batch=80/3000 step=3080 repair=0.1268 localization=0 type=0 minimal=0.04086 physics=0.1373 total=0.1341
[TRAIN train_climax_no_spectral_corruption_s44] [TRAIN] stage=finetune epoch=1/1 batch=90/3000 step=3090 repair=0.1346 localization=0 type=0 minimal=0.04105 physics=0.6213 total=0.1661
[TRAIN train_climax_no_spectral_corruption_s44] [TRAIN] stage=finetune epoch=1/1 batch=100/3000 step=3100 repair=0.1026 localization=0 type=0 minimal=0.03577 physics=0.1671 total=0.1113
[TRAIN train_climax_no_spectral_corruption_s44] [TRAIN] stage=finetune epoch=1/1 batch=110/3000 step=3110 repair=0.1303 localization=0 type=0 minimal=0.03696 physics=0.5656 total=0.1589
[TRAIN train_climax_no_spectral_corruption_s44] [TRAIN] stage=finetune epoch=1/1 batch=120/3000 step=3120 repair=0.1667 localization=0 type=0 minimal=0.03995 physics=0.4667 total=0.1904
[TRAIN train_climax_no_spectral_corruption_s44] [TRAIN] stage=finetune epoch=1/1 batch=130/3000 step=3130 repair=0.09878 localization=0 type=0 minimal=0.03854 physics=0.2584 total=0.1121
[TRAIN train_climax_no_spectral_corruption_s44] [TRAIN] stage=finetune epoch=1/1 batch=140/3000 step=3140 repair=0.1238 localization=0 type=0 minimal=0.04105 physics=0.1381 total=0.1312
[TRAIN train_climax_no_spectral_corruption_s44] [TRAIN] stage=finetune epoch=1/1 batch=150/3000 step=3150 repair=0.0924 localization=0 type=0 minimal=0.0444 physics=0.1985 total=0.1028
[TRAIN train_climax_no_spectral_corruption_s44] [TRAIN] stage=finetune epoch=1/1 batch=160/3000 step=3160 repair=0.08725 localization=0 type=0 minimal=0.04071 physics=0.1809 total=0.0967
[TRAIN train_climax_no_spectral_corruption_s44] [TRAIN] stage=finetune epoch=1/1 batch=170/3000 step=3170 repair=0.1646 localization=0 type=0 minimal=0.0405 physics=0.2228 total=0.1761
[TRAIN train_climax_no_spectral_corruption_s44] [TRAIN] stage=finetune epoch=1/1 batch=180/3000 step=3180 repair=0.1312 localization=0 type=0 minimal=0.04349 physics=0.1764 total=0.1404
[TRAIN train_climax_no_spectral_corruption_s44] [TRAIN] stage=finetune epoch=1/1 batch=190/3000 step=3190 repair=0.08977 localization=0 type=0 minimal=0.04175 physics=0.1711 total=0.09874
[TRAIN train_climax_no_spectral_corruption_s44] [TRAIN] stage=finetune epoch=1/1 batch=200/3000 step=3200 repair=0.132 localization=0 type=0 minimal=0.0405 physics=0.6475 total=0.1648
[TRAIN train_climax_no_spectral_corruption_s44] [TRAIN] stage=finetune epoch=1/1 batch=210/3000 step=3210 repair=0.1506 localization=0 type=0 minimal=0.04053 physics=0.3753 total=0.1698
[TRAIN train_climax_no_spectral_corruption_s44] [TRAIN] stage=finetune epoch=1/1 batch=220/3000 step=3220 repair=0.1214 localization=0 type=0 minimal=0.04266 physics=0.4139 total=0.1425
[TRAIN train_climax_no_spectral_corruption_s44] [TRAIN] stage=finetune epoch=1/1 batch=230/3000 step=3230 repair=0.1333 localization=0 type=0 minimal=0.03745 physics=0.1613 total=0.1417
[TRAIN train_climax_no_spectral_corruption_s44] [TRAIN] stage=finetune epoch=1/1 batch=240/3000 step=3240 repair=0.08802 localization=0 type=0 minimal=0.02657 physics=0.8447 total=0.1305
[TRAIN train_climax_no_spectral_corruption_s44] [TRAIN] stage=finetune epoch=1/1 batch=250/3000 step=3250 repair=0.09613 localization=0 type=0 minimal=0.03378 physics=0.307 total=0.1118
[TRAIN train_climax_no_spectral_corruption_s44] [TRAIN] stage=finetune epoch=1/1 batch=260/3000 step=3260 repair=0.08109 localization=0 type=0 minimal=0.04105 physics=0.8444 total=0.1237
[TRAIN train_climax_no_spectral_corruption_s44] [TRAIN] stage=finetune epoch=1/1 batch=270/3000 step=3270 repair=0.0895 localization=0 type=0 minimal=0.04028 physics=0.1168 total=0.09574
[TRAIN train_climax_no_spectral_corruption_s44] [TRAIN] stage=finetune epoch=1/1 batch=280/3000 step=3280 repair=0.1383 localization=0 type=0 minimal=0.04294 physics=0.6452 total=0.1709
[TRAIN train_climax_no_spectral_corruption_s44] [TRAIN] stage=finetune epoch=1/1 batch=290/3000 step=3290 repair=0.09132 localization=0 type=0 minimal=0.04523 physics=0.254 total=0.1045
[TRAIN train_climax_no_spectral_corruption_s44] [TRAIN] stage=finetune epoch=1/1 batch=300/3000 step=3300 repair=0.1194 localization=0 type=0 minimal=0.04559 physics=0.2064 total=0.1302
[TRAIN train_climax_no_spectral_corruption_s44] [TRAIN] stage=finetune epoch=1/1 batch=310/3000 step=3310 repair=0.1155 localization=0 type=0 minimal=0.04077 physics=0.1013 total=0.121
[TRAIN train_climax_no_spectral_corruption_s44] [TRAIN] stage=finetune epoch=1/1 batch=320/3000 step=3320 repair=0.08973 localization=0 type=0 minimal=0.04236 physics=0.1842 total=0.09937
[TRAIN train_climax_no_spectral_corruption_s44] [TRAIN] stage=finetune epoch=1/1 batch=330/3000 step=3330 repair=0.1483 localization=0 type=0 minimal=0.04379 physics=0.1703 total=0.1573
[TRAIN train_climax_no_spectral_corruption_s44] [TRAIN] stage=finetune epoch=1/1 batch=340/3000 step=3340 repair=0.08751 localization=0 type=0 minimal=0.04187 physics=0.2403 total=0.09994
[TRAIN train_climax_no_spectral_corruption_s44] [TRAIN] stage=finetune epoch=1/1 batch=350/3000 step=3350 repair=0.09341 localization=0 type=0 minimal=0.0365 physics=0.1091 total=0.09923
[TRAIN train_climax_no_spectral_corruption_s44] [TRAIN] stage=finetune epoch=1/1 batch=360/3000 step=3360 repair=0.086 localization=0 type=0 minimal=0.03995 physics=0.3082 total=0.1018
[TRAIN train_climax_no_spectral_corruption_s44] [TRAIN] stage=finetune epoch=1/1 batch=370/3000 step=3370 repair=0.1201 localization=0 type=0 minimal=0.03967 physics=0.4668 total=0.1439
[TRAIN train_climax_no_spectral_corruption_s44] [TRAIN] stage=finetune epoch=1/1 batch=380/3000 step=3380 repair=0.08524 localization=0 type=0 minimal=0.04163 physics=0.2272 total=0.09702
[TRAIN train_climax_no_spectral_corruption_s44] [TRAIN] stage=finetune epoch=1/1 batch=390/3000 step=3390 repair=0.1235 localization=0 type=0 minimal=0.04361 physics=0.1318 total=0.1305
[TRAIN train_climax_no_spectral_corruption_s44] [TRAIN] stage=finetune epoch=1/1 batch=400/3000 step=3400 repair=0.1258 localization=0 type=0 minimal=0.04401 physics=0.263 total=0.1394
[TRAIN train_climax_no_spectral_corruption_s44] [TRAIN] stage=finetune epoch=1/1 batch=410/3000 step=3410 repair=0.07905 localization=0 type=0 minimal=0.03696 physics=0.2229 total=0.09056
[TRAIN train_climax_no_spectral_corruption_s44] [TRAIN] stage=finetune epoch=1/1 batch=420/3000 step=3420 repair=0.07671 localization=0 type=0 minimal=0.0408 physics=0.1484 total=0.08454
[TRAIN train_climax_no_spectral_corruption_s44] [TRAIN] stage=finetune epoch=1/1 batch=430/3000 step=3430 repair=0.08247 localization=0 type=0 minimal=0.04712 physics=0.1769 total=0.09179
[TRAIN train_climax_no_spectral_corruption_s44] [TRAIN] stage=finetune epoch=1/1 batch=440/3000 step=3440 repair=0.12 localization=0 type=0 minimal=0.04529 physics=0.2256 total=0.1317
[TRAIN train_climax_no_spectral_corruption_s44] [TRAIN] stage=finetune epoch=1/1 batch=450/3000 step=3450 repair=0.08276 localization=0 type=0 minimal=0.0426 physics=0.1415 total=0.09026
[TRAIN train_climax_no_spectral_corruption_s44] [TRAIN] stage=finetune epoch=1/1 batch=460/3000 step=3460 repair=0.06721 localization=0 type=0 minimal=0.04547 physics=0.1958 total=0.07746
[TRAIN train_climax_no_spectral_corruption_s44] [TRAIN] stage=finetune epoch=1/1 batch=470/3000 step=3470 repair=0.123 localization=0 type=0 minimal=0.04431 physics=0.1342 total=0.1302
[TRAIN train_climax_no_spectral_corruption_s44] [TRAIN] stage=finetune epoch=1/1 batch=480/3000 step=3480 repair=0.1644 localization=0 type=0 minimal=0.0423 physics=0.3463 total=0.1821
[TRAIN train_climax_no_spectral_corruption_s44] [TRAIN] stage=finetune epoch=1/1 batch=490/3000 step=3490 repair=0.09606 localization=0 type=0 minimal=0.04349 physics=0.2389 total=0.1084
[TRAIN train_climax_no_spectral_corruption_s44] [TRAIN] stage=finetune epoch=1/1 batch=500/3000 step=3500 repair=0.1748 localization=0 type=0 minimal=0.04672 physics=0.357 total=0.1931
[TRAIN train_climax_no_spectral_corruption_s44] [TRAIN] stage=finetune epoch=1/1 batch=510/3000 step=3510 repair=0.1244 localization=0 type=0 minimal=0.04196 physics=0.2907 total=0.1393
[TRAIN train_climax_no_spectral_corruption_s44] [TRAIN] stage=finetune epoch=1/1 batch=520/3000 step=3520 repair=0.1209 localization=0 type=0 minimal=0.04178 physics=0.1802 total=0.1304
[TRAIN train_climax_no_spectral_corruption_s44] [TRAIN] stage=finetune epoch=1/1 batch=530/3000 step=3530 repair=0.1274 localization=0 type=0 minimal=0.04715 physics=0.3253 total=0.1442
[TRAIN train_climax_no_spectral_corruption_s44] [TRAIN] stage=finetune epoch=1/1 batch=540/3000 step=3540 repair=0.1216 localization=0 type=0 minimal=0.04294 physics=0.3416 total=0.1391
[TRAIN train_climax_no_spectral_corruption_s44] [TRAIN] stage=finetune epoch=1/1 batch=550/3000 step=3550 repair=0.08251 localization=0 type=0 minimal=0.04346 physics=0.1468 total=0.09028
[TRAIN train_climax_no_spectral_corruption_s44] [TRAIN] stage=finetune epoch=1/1 batch=560/3000 step=3560 repair=0.1258 localization=0 type=0 minimal=0.04337 physics=0.3569 total=0.1441
[TRAIN train_climax_no_spectral_corruption_s44] [TRAIN] stage=finetune epoch=1/1 batch=570/3000 step=3570 repair=0.1252 localization=0 type=0 minimal=0.04514 physics=0.1402 total=0.1327
[TRAIN train_climax_no_spectral_corruption_s44] [TRAIN] stage=finetune epoch=1/1 batch=580/3000 step=3580 repair=0.07795 localization=0 type=0 minimal=0.04062 physics=0.3168 total=0.0942
[TRAIN train_climax_no_spectral_corruption_s44] [TRAIN] stage=finetune epoch=1/1 batch=590/3000 step=3590 repair=0.128 localization=0 type=0 minimal=0.0415 physics=0.1551 total=0.1362
[TRAIN train_climax_no_spectral_corruption_s44] [TRAIN] stage=finetune epoch=1/1 batch=600/3000 step=3600 repair=0.06811 localization=0 type=0 minimal=0.05359 physics=0.3229 total=0.08479
[TRAIN train_climax_no_spectral_corruption_s44] [TRAIN] stage=finetune epoch=1/1 batch=610/3000 step=3610 repair=0.1187 localization=0 type=0 minimal=0.03839 physics=0.2489 total=0.1315
[TRAIN train_climax_no_spectral_corruption_s44] [TRAIN] stage=finetune epoch=1/1 batch=620/3000 step=3620 repair=0.07747 localization=0 type=0 minimal=0.04245 physics=0.08944 total=0.08236
[TRAIN train_climax_no_spectral_corruption_s44] [TRAIN] stage=finetune epoch=1/1 batch=630/3000 step=3630 repair=0.08572 localization=0 type=0 minimal=0.04877 physics=0.1501 total=0.09372
[TRAIN train_climax_no_spectral_corruption_s44] [TRAIN] stage=finetune epoch=1/1 batch=640/3000 step=3640 repair=0.0879 localization=0 type=0 minimal=0.03821 physics=0.4574 total=0.1111
[TRAIN train_climax_no_spectral_corruption_s44] [TRAIN] stage=finetune epoch=1/1 batch=650/3000 step=3650 repair=0.1302 localization=0 type=0 minimal=0.04385 physics=0.3497 total=0.1481
[TRAIN train_climax_no_spectral_corruption_s44] [TRAIN] stage=finetune epoch=1/1 batch=660/3000 step=3660 repair=0.1163 localization=0 type=0 minimal=0.04617 physics=0.2031 total=0.1269
[TRAIN train_climax_no_spectral_corruption_s44] [TRAIN] stage=finetune epoch=1/1 batch=670/3000 step=3670 repair=0.08072 localization=0 type=0 minimal=0.04156 physics=0.1766 total=0.08996
[TRAIN train_climax_no_spectral_corruption_s44] [TRAIN] stage=finetune epoch=1/1 batch=680/3000 step=3680 repair=0.1028 localization=0 type=0 minimal=0.05176 physics=0.1244 total=0.1096
[TRAIN train_climax_no_spectral_corruption_s44] [TRAIN] stage=finetune epoch=1/1 batch=690/3000 step=3690 repair=0.1269 localization=0 type=0 minimal=0.04907 physics=0.3056 total=0.1426
[TRAIN train_climax_no_spectral_corruption_s44] [TRAIN] stage=finetune epoch=1/1 batch=700/3000 step=3700 repair=0.08375 localization=0 type=0 minimal=0.04291 physics=0.4191 total=0.1051
[TRAIN train_climax_no_spectral_corruption_s44] [TRAIN] stage=finetune epoch=1/1 batch=710/3000 step=3710 repair=0.1205 localization=0 type=0 minimal=0.04636 physics=0.511 total=0.1465
[TRAIN train_climax_no_spectral_corruption_s44] [TRAIN] stage=finetune epoch=1/1 batch=720/3000 step=3720 repair=0.1197 localization=0 type=0 minimal=0.04541 physics=0.09758 total=0.125
[TRAIN train_climax_no_spectral_corruption_s44] [TRAIN] stage=finetune epoch=1/1 batch=730/3000 step=3730 repair=0.08058 localization=0 type=0 minimal=0.04443 physics=0.1201 total=0.08703
[TRAIN train_climax_no_spectral_corruption_s44] [TRAIN] stage=finetune epoch=1/1 batch=740/3000 step=3740 repair=0.1348 localization=0 type=0 minimal=0.04373 physics=0.4402 total=0.1573
[TRAIN train_climax_no_spectral_corruption_s44] [TRAIN] stage=finetune epoch=1/1 batch=750/3000 step=3750 repair=0.08034 localization=0 type=0 minimal=0.0466 physics=0.1662 total=0.08912
[TRAIN train_climax_no_spectral_corruption_s44] [TRAIN] stage=finetune epoch=1/1 batch=760/3000 step=3760 repair=0.07771 localization=0 type=0 minimal=0.0451 physics=0.7519 total=0.1158
[TRAIN train_climax_no_spectral_corruption_s44] [TRAIN] stage=finetune epoch=1/1 batch=770/3000 step=3770 repair=0.09229 localization=0 type=0 minimal=0.03955 physics=0.5786 total=0.1216
[TRAIN train_climax_no_spectral_corruption_s44] [TRAIN] stage=finetune epoch=1/1 batch=780/3000 step=3780 repair=0.07575 localization=0 type=0 minimal=0.04611 physics=0.1513 total=0.08378
[TRAIN train_climax_no_spectral_corruption_s44] [TRAIN] stage=finetune epoch=1/1 batch=790/3000 step=3790 repair=0.1116 localization=0 type=0 minimal=0.04889 physics=0.07619 total=0.1159
[TRAIN train_climax_no_spectral_corruption_s44] [TRAIN] stage=finetune epoch=1/1 batch=800/3000 step=3800 repair=0.1505 localization=0 type=0 minimal=0.04544 physics=0.1221 total=0.1571
[TRAIN train_climax_no_spectral_corruption_s44] [TRAIN] stage=finetune epoch=1/1 batch=810/3000 step=3810 repair=0.07961 localization=0 type=0 minimal=0.04672 physics=0.1273 total=0.08644
[TRAIN train_climax_no_spectral_corruption_s44] [TRAIN] stage=finetune epoch=1/1 batch=820/3000 step=3820 repair=0.09005 localization=0 type=0 minimal=0.04767 physics=0.1203 total=0.09654
[TRAIN train_climax_no_spectral_corruption_s44] [TRAIN] stage=finetune epoch=1/1 batch=830/3000 step=3830 repair=0.09621 localization=0 type=0 minimal=0.04822 physics=0.1548 total=0.1044
[TRAIN train_climax_no_spectral_corruption_s44] [TRAIN] stage=finetune epoch=1/1 batch=840/3000 step=3840 repair=0.1218 localization=0 type=0 minimal=0.0463 physics=0.09837 total=0.1272
[TRAIN train_climax_no_spectral_corruption_s44] [TRAIN] stage=finetune epoch=1/1 batch=850/3000 step=3850 repair=0.1333 localization=0 type=0 minimal=0.04852 physics=0.1732 total=0.1425
[TRAIN train_climax_no_spectral_corruption_s44] [TRAIN] stage=finetune epoch=1/1 batch=860/3000 step=3860 repair=0.08334 localization=0 type=0 minimal=0.04865 physics=0.2763 total=0.09764
[TRAIN train_climax_no_spectral_corruption_s44] [TRAIN] stage=finetune epoch=1/1 batch=870/3000 step=3870 repair=0.08897 localization=0 type=0 minimal=0.05029 physics=0.1746 total=0.0982
[TRAIN train_climax_no_spectral_corruption_s44] [TRAIN] stage=finetune epoch=1/1 batch=880/3000 step=3880 repair=0.1168 localization=0 type=0 minimal=0.0466 physics=0.3703 total=0.1358
[TRAIN train_climax_no_spectral_corruption_s44] [TRAIN] stage=finetune epoch=1/1 batch=890/3000 step=3890 repair=0.08039 localization=0 type=0 minimal=0.04599 physics=0.4621 total=0.104
[TRAIN train_climax_no_spectral_corruption_s44] [TRAIN] stage=finetune epoch=1/1 batch=900/3000 step=3900 repair=0.08346 localization=0 type=0 minimal=0.04956 physics=0.08728 total=0.08832
[TRAIN train_climax_no_spectral_corruption_s44] [TRAIN] stage=finetune epoch=1/1 batch=910/3000 step=3910 repair=0.08243 localization=0 type=0 minimal=0.0502 physics=0.3614 total=0.101
[TRAIN train_climax_no_spectral_corruption_s44] [TRAIN] stage=finetune epoch=1/1 batch=920/3000 step=3920 repair=0.1168 localization=0 type=0 minimal=0.04578 physics=0.172 total=0.1258
[TRAIN train_climax_no_spectral_corruption_s44] [TRAIN] stage=finetune epoch=1/1 batch=930/3000 step=3930 repair=0.07358 localization=0 type=0 minimal=0.04373 physics=0.3244 total=0.09024
[TRAIN train_climax_no_spectral_corruption_s44] [TRAIN] stage=finetune epoch=1/1 batch=940/3000 step=3940 repair=0.07223 localization=0 type=0 minimal=0.04459 physics=0.2073 total=0.08304
[TRAIN train_climax_no_spectral_corruption_s44] [TRAIN] stage=finetune epoch=1/1 batch=950/3000 step=3950 repair=0.09589 localization=0 type=0 minimal=0.0499 physics=0.2317 total=0.108
[TRAIN train_climax_no_spectral_corruption_s44] [TRAIN] stage=finetune epoch=1/1 batch=960/3000 step=3960 repair=0.08878 localization=0 type=0 minimal=0.04623 physics=0.07467 total=0.09298
[TRAIN train_climax_no_spectral_corruption_s44] [TRAIN] stage=finetune epoch=1/1 batch=970/3000 step=3970 repair=0.1627 localization=0 type=0 minimal=0.05029 physics=0.2486 total=0.1756
[TRAIN train_climax_no_spectral_corruption_s44] [TRAIN] stage=finetune epoch=1/1 batch=980/3000 step=3980 repair=0.08659 localization=0 type=0 minimal=0.04263 physics=0.597 total=0.1169
[TRAIN train_climax_no_spectral_corruption_s44] [TRAIN] stage=finetune epoch=1/1 batch=990/3000 step=3990 repair=0.08515 localization=0 type=0 minimal=0.04077 physics=0.2772 total=0.09942
[TRAIN train_climax_no_spectral_corruption_s44] [TRAIN] stage=finetune epoch=1/1 batch=1000/3000 step=4000 repair=0.1234 localization=0 type=0 minimal=0.0538 physics=0.2323 total=0.1355
[TRAIN train_climax_no_spectral_corruption_s44] [TRAIN] stage=finetune epoch=1/1 batch=1010/3000 step=4010 repair=0.07185 localization=0 type=0 minimal=0.05328 physics=0.1783 total=0.0813
[TRAIN train_climax_no_spectral_corruption_s44] [TRAIN] stage=finetune epoch=1/1 batch=1020/3000 step=4020 repair=0.1274 localization=0 type=0 minimal=0.04849 physics=0.3318 total=0.1445
[TRAIN train_climax_no_spectral_corruption_s44] [TRAIN] stage=finetune epoch=1/1 batch=1030/3000 step=4030 repair=0.121 localization=0 type=0 minimal=0.04675 physics=0.2348 total=0.1332
[TRAIN train_climax_no_spectral_corruption_s44] [TRAIN] stage=finetune epoch=1/1 batch=1040/3000 step=4040 repair=0.12 localization=0 type=0 minimal=0.05203 physics=0.3492 total=0.138
[TRAIN train_climax_no_spectral_corruption_s44] [TRAIN] stage=finetune epoch=1/1 batch=1050/3000 step=4050 repair=0.1167 localization=0 type=0 minimal=0.04718 physics=0.2769 total=0.1311
[TRAIN train_climax_no_spectral_corruption_s44] [TRAIN] stage=finetune epoch=1/1 batch=1060/3000 step=4060 repair=0.1067 localization=0 type=0 minimal=0.04346 physics=0.1846 total=0.1163
[TRAIN train_climax_no_spectral_corruption_s44] [TRAIN] stage=finetune epoch=1/1 batch=1070/3000 step=4070 repair=0.1189 localization=0 type=0 minimal=0.04877 physics=0.3682 total=0.1378
[TRAIN train_climax_no_spectral_corruption_s44] [TRAIN] stage=finetune epoch=1/1 batch=1080/3000 step=4080 repair=0.0778 localization=0 type=0 minimal=0.04651 physics=0.1533 total=0.08593
[TRAIN train_climax_no_spectral_corruption_s44] [TRAIN] stage=finetune epoch=1/1 batch=1090/3000 step=4090 repair=0.0745 localization=0 type=0 minimal=0.05231 physics=0.3609 total=0.09307
[TRAIN train_climax_no_spectral_corruption_s44] [TRAIN] stage=finetune epoch=1/1 batch=1100/3000 step=4100 repair=0.1129 localization=0 type=0 minimal=0.04337 physics=0.3647 total=0.1316
[TRAIN train_climax_no_spectral_corruption_s44] [TRAIN] stage=finetune epoch=1/1 batch=1110/3000 step=4110 repair=0.1593 localization=0 type=0 minimal=0.04965 physics=0.1665 total=0.1681
[TRAIN train_climax_no_spectral_corruption_s44] [TRAIN] stage=finetune epoch=1/1 batch=1120/3000 step=4120 repair=0.1203 localization=0 type=0 minimal=0.05432 physics=0.2129 total=0.1315
[TRAIN train_climax_no_spectral_corruption_s44] [TRAIN] stage=finetune epoch=1/1 batch=1130/3000 step=4130 repair=0.07847 localization=0 type=0 minimal=0.0502 physics=0.2491 total=0.09143
[TRAIN train_climax_no_spectral_corruption_s44] [TRAIN] stage=finetune epoch=1/1 batch=1140/3000 step=4140 repair=0.1362 localization=0 type=0 minimal=0.04938 physics=0.1593 total=0.1447
[TRAIN train_climax_no_spectral_corruption_s44] [TRAIN] stage=finetune epoch=1/1 batch=1150/3000 step=4150 repair=0.1255 localization=0 type=0 minimal=0.05106 physics=0.1041 total=0.1313
[TRAIN train_climax_no_spectral_corruption_s44] [TRAIN] stage=finetune epoch=1/1 batch=1160/3000 step=4160 repair=0.118 localization=0 type=0 minimal=0.05048 physics=0.1692 total=0.1269
[TRAIN train_climax_no_spectral_corruption_s44] [TRAIN] stage=finetune epoch=1/1 batch=1170/3000 step=4170 repair=0.1629 localization=0 type=0 minimal=0.05685 physics=0.1523 total=0.1711
[TRAIN train_climax_no_spectral_corruption_s44] [TRAIN] stage=finetune epoch=1/1 batch=1180/3000 step=4180 repair=0.1132 localization=0 type=0 minimal=0.04294 physics=0.26 total=0.1267
[TRAIN train_climax_no_spectral_corruption_s44] [TRAIN] stage=finetune epoch=1/1 batch=1190/3000 step=4190 repair=0.1153 localization=0 type=0 minimal=0.0509 physics=0.1178 total=0.1217
[TRAIN train_climax_no_spectral_corruption_s44] [TRAIN] stage=finetune epoch=1/1 batch=1200/3000 step=4200 repair=0.08154 localization=0 type=0 minimal=0.05466 physics=0.2459 total=0.09439
[TRAIN train_climax_no_spectral_corruption_s44] [TRAIN] stage=finetune epoch=1/1 batch=1210/3000 step=4210 repair=0.1258 localization=0 type=0 minimal=0.05002 physics=0.1395 total=0.1333
[TRAIN train_climax_no_spectral_corruption_s44] [TRAIN] stage=finetune epoch=1/1 batch=1220/3000 step=4220 repair=0.156 localization=0 type=0 minimal=0.05164 physics=0.2297 total=0.168
[TRAIN train_climax_no_spectral_corruption_s44] [TRAIN] stage=finetune epoch=1/1 batch=1230/3000 step=4230 repair=0.07804 localization=0 type=0 minimal=0.05063 physics=0.1191 total=0.0845
[TRAIN train_climax_no_spectral_corruption_s44] [TRAIN] stage=finetune epoch=1/1 batch=1240/3000 step=4240 repair=0.091 localization=0 type=0 minimal=0.05484 physics=0.1761 total=0.1004
[TRAIN train_climax_no_spectral_corruption_s44] [TRAIN] stage=finetune epoch=1/1 batch=1250/3000 step=4250 repair=0.1203 localization=0 type=0 minimal=0.05603 physics=0.09036 total=0.1254
[TRAIN train_climax_no_spectral_corruption_s44] [TRAIN] stage=finetune epoch=1/1 batch=1260/3000 step=4260 repair=0.0796 localization=0 type=0 minimal=0.04962 physics=0.09946 total=0.08507
[TRAIN train_climax_no_spectral_corruption_s44] [TRAIN] stage=finetune epoch=1/1 batch=1270/3000 step=4270 repair=0.1252 localization=0 type=0 minimal=0.05164 physics=0.2048 total=0.136
[TRAIN train_climax_no_spectral_corruption_s44] [TRAIN] stage=finetune epoch=1/1 batch=1280/3000 step=4280 repair=0.0788 localization=0 type=0 minimal=0.05621 physics=0.8516 total=0.1219
[TRAIN train_climax_no_spectral_corruption_s44] [TRAIN] stage=finetune epoch=1/1 batch=1290/3000 step=4290 repair=0.1285 localization=0 type=0 minimal=0.047 physics=0.254 total=0.1417
[TRAIN train_climax_no_spectral_corruption_s44] [TRAIN] stage=finetune epoch=1/1 batch=1300/3000 step=4300 repair=0.07138 localization=0 type=0 minimal=0.04871 physics=0.2269 total=0.08321
[TRAIN train_climax_no_spectral_corruption_s44] [TRAIN] stage=finetune epoch=1/1 batch=1310/3000 step=4310 repair=0.1522 localization=0 type=0 minimal=0.05209 physics=0.1905 total=0.1622
[TRAIN train_climax_no_spectral_corruption_s44] [TRAIN] stage=finetune epoch=1/1 batch=1320/3000 step=4320 repair=0.07182 localization=0 type=0 minimal=0.04745 physics=0.3451 total=0.08955
[TRAIN train_climax_no_spectral_corruption_s44] [TRAIN] stage=finetune epoch=1/1 batch=1330/3000 step=4330 repair=0.08783 localization=0 type=0 minimal=0.04462 physics=0.2094 total=0.09875
[TRAIN train_climax_no_spectral_corruption_s44] [TRAIN] stage=finetune epoch=1/1 batch=1340/3000 step=4340 repair=0.07919 localization=0 type=0 minimal=0.04352 physics=0.1365 total=0.08645
[TRAIN train_climax_no_spectral_corruption_s44] [TRAIN] stage=finetune epoch=1/1 batch=1350/3000 step=4350 repair=0.08134 localization=0 type=0 minimal=0.05182 physics=0.2414 total=0.09393
[TRAIN train_climax_no_spectral_corruption_s44] [TRAIN] stage=finetune epoch=1/1 batch=1360/3000 step=4360 repair=0.1128 localization=0 type=0 minimal=0.04938 physics=0.3362 total=0.1301
[TRAIN train_climax_no_spectral_corruption_s44] [TRAIN] stage=finetune epoch=1/1 batch=1370/3000 step=4370 repair=0.1348 localization=0 type=0 minimal=0.0546 physics=0.19 total=0.1449
[TRAIN train_climax_no_spectral_corruption_s44] [TRAIN] stage=finetune epoch=1/1 batch=1380/3000 step=4380 repair=0.1162 localization=0 type=0 minimal=0.05261 physics=0.3617 total=0.1349
[TRAIN train_climax_no_spectral_corruption_s44] [TRAIN] stage=finetune epoch=1/1 batch=1390/3000 step=4390 repair=0.08094 localization=0 type=0 minimal=0.04813 physics=0.3419 total=0.09851
[TRAIN train_climax_no_spectral_corruption_s44] [TRAIN] stage=finetune epoch=1/1 batch=1400/3000 step=4400 repair=0.08052 localization=0 type=0 minimal=0.05365 physics=0.08068 total=0.08509
[TRAIN train_climax_no_spectral_corruption_s44] [TRAIN] stage=finetune epoch=1/1 batch=1410/3000 step=4410 repair=0.07848 localization=0 type=0 minimal=0.04614 physics=0.4135 total=0.09962
[TRAIN train_climax_no_spectral_corruption_s44] [TRAIN] stage=finetune epoch=1/1 batch=1420/3000 step=4420 repair=0.07944 localization=0 type=0 minimal=0.05057 physics=0.3356 total=0.09673
[TRAIN train_climax_no_spectral_corruption_s44] [TRAIN] stage=finetune epoch=1/1 batch=1430/3000 step=4430 repair=0.1248 localization=0 type=0 minimal=0.0499 physics=0.2993 total=0.1402
[TRAIN train_climax_no_spectral_corruption_s44] [TRAIN] stage=finetune epoch=1/1 batch=1440/3000 step=4440 repair=0.1665 localization=0 type=0 minimal=0.05188 physics=0.3513 total=0.1846
[TRAIN train_climax_no_spectral_corruption_s44] [TRAIN] stage=finetune epoch=1/1 batch=1450/3000 step=4450 repair=0.09163 localization=0 type=0 minimal=0.05261 physics=0.09995 total=0.09715
[TRAIN train_climax_no_spectral_corruption_s44] [TRAIN] stage=finetune epoch=1/1 batch=1460/3000 step=4460 repair=0.1116 localization=0 type=0 minimal=0.05402 physics=0.1124 total=0.1177
[TRAIN train_climax_no_spectral_corruption_s44] [TRAIN] stage=finetune epoch=1/1 batch=1470/3000 step=4470 repair=0.1493 localization=0 type=0 minimal=0.05542 physics=0.1943 total=0.1596
[TRAIN train_climax_no_spectral_corruption_s44] [TRAIN] stage=finetune epoch=1/1 batch=1480/3000 step=4480 repair=0.09492 localization=0 type=0 minimal=0.05255 physics=0.2509 total=0.108
[TRAIN train_climax_no_spectral_corruption_s44] [TRAIN] stage=finetune epoch=1/1 batch=1490/3000 step=4490 repair=0.1228 localization=0 type=0 minimal=0.05356 physics=0.191 total=0.1329
[TRAIN train_climax_no_spectral_corruption_s44] [TRAIN] stage=finetune epoch=1/1 batch=1500/3000 step=4500 repair=0.08296 localization=0 type=0 minimal=0.05563 physics=0.0912 total=0.08807
[TRAIN train_climax_no_spectral_corruption_s44] [TRAIN] stage=finetune epoch=1/1 batch=1510/3000 step=4510 repair=0.08899 localization=0 type=0 minimal=0.04956 physics=0.1451 total=0.09674
[TRAIN train_climax_no_spectral_corruption_s44] [TRAIN] stage=finetune epoch=1/1 batch=1520/3000 step=4520 repair=0.08093 localization=0 type=0 minimal=0.05655 physics=0.1974 total=0.09137
[TRAIN train_climax_no_spectral_corruption_s44] [TRAIN] stage=finetune epoch=1/1 batch=1530/3000 step=4530 repair=0.1164 localization=0 type=0 minimal=0.04984 physics=0.1639 total=0.1251
[TRAIN train_climax_no_spectral_corruption_s44] [TRAIN] stage=finetune epoch=1/1 batch=1540/3000 step=4540 repair=0.111 localization=0 type=0 minimal=0.05316 physics=0.1672 total=0.1199
[TRAIN train_climax_no_spectral_corruption_s44] [TRAIN] stage=finetune epoch=1/1 batch=1550/3000 step=4550 repair=0.1084 localization=0 type=0 minimal=0.05475 physics=0.2128 total=0.1196
[TRAIN train_climax_no_spectral_corruption_s44] [TRAIN] stage=finetune epoch=1/1 batch=1560/3000 step=4560 repair=0.161 localization=0 type=0 minimal=0.05026 physics=0.2627 total=0.1746
[TRAIN train_climax_no_spectral_corruption_s44] [TRAIN] stage=finetune epoch=1/1 batch=1570/3000 step=4570 repair=0.08647 localization=0 type=0 minimal=0.05219 physics=0.124 total=0.0932
[TRAIN train_climax_no_spectral_corruption_s44] [TRAIN] stage=finetune epoch=1/1 batch=1580/3000 step=4580 repair=0.1236 localization=0 type=0 minimal=0.05878 physics=0.2984 total=0.1391
[TRAIN train_climax_no_spectral_corruption_s44] [TRAIN] stage=finetune epoch=1/1 batch=1590/3000 step=4590 repair=0.1138 localization=0 type=0 minimal=0.0593 physics=0.1958 total=0.1242
[TRAIN train_climax_no_spectral_corruption_s44] [TRAIN] stage=finetune epoch=1/1 batch=1600/3000 step=4600 repair=0.1277 localization=0 type=0 minimal=0.05426 physics=0.09519 total=0.133
[TRAIN train_climax_no_spectral_corruption_s44] [TRAIN] stage=finetune epoch=1/1 batch=1610/3000 step=4610 repair=0.08708 localization=0 type=0 minimal=0.0513 physics=0.1715 total=0.09616
[TRAIN train_climax_no_spectral_corruption_s44] [TRAIN] stage=finetune epoch=1/1 batch=1620/3000 step=4620 repair=0.1112 localization=0 type=0 minimal=0.05191 physics=0.1971 total=0.1216
[TRAIN train_climax_no_spectral_corruption_s44] [TRAIN] stage=finetune epoch=1/1 batch=1630/3000 step=4630 repair=0.07521 localization=0 type=0 minimal=0.05374 physics=0.1439 total=0.08294
[TRAIN train_climax_no_spectral_corruption_s44] [TRAIN] stage=finetune epoch=1/1 batch=1640/3000 step=4640 repair=0.06904 localization=0 type=0 minimal=0.0563 physics=0.1812 total=0.07866
[TRAIN train_climax_no_spectral_corruption_s44] [TRAIN] stage=finetune epoch=1/1 batch=1650/3000 step=4650 repair=0.1315 localization=0 type=0 minimal=0.05829 physics=0.158 total=0.14
[TRAIN train_climax_no_spectral_corruption_s44] [TRAIN] stage=finetune epoch=1/1 batch=1660/3000 step=4660 repair=0.08858 localization=0 type=0 minimal=0.05219 physics=0.08991 total=0.0936
[TRAIN train_climax_no_spectral_corruption_s44] [TRAIN] stage=finetune epoch=1/1 batch=1670/3000 step=4670 repair=0.07026 localization=0 type=0 minimal=0.04956 physics=0.05827 total=0.07367
[TRAIN train_climax_no_spectral_corruption_s44] [TRAIN] stage=finetune epoch=1/1 batch=1680/3000 step=4680 repair=0.07464 localization=0 type=0 minimal=0.05542 physics=0.1726 total=0.08383
[TRAIN train_climax_no_spectral_corruption_s44] [TRAIN] stage=finetune epoch=1/1 batch=1690/3000 step=4690 repair=0.09683 localization=0 type=0 minimal=0.0549 physics=0.1058 total=0.1027
[TRAIN train_climax_no_spectral_corruption_s44] [TRAIN] stage=finetune epoch=1/1 batch=1700/3000 step=4700 repair=0.1164 localization=0 type=0 minimal=0.05212 physics=0.1205 total=0.123
[TRAIN train_climax_no_spectral_corruption_s44] [TRAIN] stage=finetune epoch=1/1 batch=1710/3000 step=4710 repair=0.1238 localization=0 type=0 minimal=0.05658 physics=0.3208 total=0.1404
[TRAIN train_climax_no_spectral_corruption_s44] [TRAIN] stage=finetune epoch=1/1 batch=1720/3000 step=4720 repair=0.07513 localization=0 type=0 minimal=0.05728 physics=0.4445 total=0.09793
[TRAIN train_climax_no_spectral_corruption_s44] [TRAIN] stage=finetune epoch=1/1 batch=1730/3000 step=4730 repair=0.08098 localization=0 type=0 minimal=0.05521 physics=0.165 total=0.08978
[TRAIN train_climax_no_spectral_corruption_s44] [TRAIN] stage=finetune epoch=1/1 batch=1740/3000 step=4740 repair=0.07674 localization=0 type=0 minimal=0.05014 physics=0.1114 total=0.08281
[TRAIN train_climax_no_spectral_corruption_s44] [TRAIN] stage=finetune epoch=1/1 batch=1750/3000 step=4750 repair=0.08118 localization=0 type=0 minimal=0.04453 physics=0.2297 total=0.0931
[TRAIN train_climax_no_spectral_corruption_s44] [TRAIN] stage=finetune epoch=1/1 batch=1760/3000 step=4760 repair=0.1257 localization=0 type=0 minimal=0.06204 physics=0.3621 total=0.1444
[TRAIN train_climax_no_spectral_corruption_s44] [TRAIN] stage=finetune epoch=1/1 batch=1770/3000 step=4770 repair=0.07748 localization=0 type=0 minimal=0.06445 physics=0.3383 total=0.09504
[TRAIN train_climax_no_spectral_corruption_s44] [TRAIN] stage=finetune epoch=1/1 batch=1780/3000 step=4780 repair=0.1158 localization=0 type=0 minimal=0.04227 physics=0.2186 total=0.1272
[TRAIN train_climax_no_spectral_corruption_s44] [TRAIN] stage=finetune epoch=1/1 batch=1790/3000 step=4790 repair=0.08544 localization=0 type=0 minimal=0.04227 physics=0.6442 total=0.1181
[TRAIN train_climax_no_spectral_corruption_s44] [TRAIN] stage=finetune epoch=1/1 batch=1800/3000 step=4800 repair=0.1187 localization=0 type=0 minimal=0.04907 physics=0.3286 total=0.1356
[TRAIN train_climax_no_spectral_corruption_s44] [TRAIN] stage=finetune epoch=1/1 batch=1810/3000 step=4810 repair=0.08427 localization=0 type=0 minimal=0.05484 physics=0.08923 total=0.08928
[TRAIN train_climax_no_spectral_corruption_s44] [TRAIN] stage=finetune epoch=1/1 batch=1820/3000 step=4820 repair=0.07595 localization=0 type=0 minimal=0.05185 physics=0.6275 total=0.1078
[TRAIN train_climax_no_spectral_corruption_s44] [TRAIN] stage=finetune epoch=1/1 batch=1830/3000 step=4830 repair=0.1222 localization=0 type=0 minimal=0.05646 physics=0.5005 total=0.1478
[TRAIN train_climax_no_spectral_corruption_s44] [TRAIN] stage=finetune epoch=1/1 batch=1840/3000 step=4840 repair=0.1278 localization=0 type=0 minimal=0.05048 physics=0.3758 total=0.1471
[TRAIN train_climax_no_spectral_corruption_s44] [TRAIN] stage=finetune epoch=1/1 batch=1850/3000 step=4850 repair=0.1534 localization=0 type=0 minimal=0.04715 physics=0.275 total=0.1676
[TRAIN train_climax_no_spectral_corruption_s44] [TRAIN] stage=finetune epoch=1/1 batch=1860/3000 step=4860 repair=0.07136 localization=0 type=0 minimal=0.0509 physics=0.3284 total=0.08829
[TRAIN train_climax_no_spectral_corruption_s44] [TRAIN] stage=finetune epoch=1/1 batch=1870/3000 step=4870 repair=0.08229 localization=0 type=0 minimal=0.04935 physics=0.2134 total=0.09346
[TRAIN train_climax_no_spectral_corruption_s44] [TRAIN] stage=finetune epoch=1/1 batch=1880/3000 step=4880 repair=0.1662 localization=0 type=0 minimal=0.04694 physics=0.2171 total=0.1775
[TRAIN train_climax_no_spectral_corruption_s44] [TRAIN] stage=finetune epoch=1/1 batch=1890/3000 step=4890 repair=0.1231 localization=0 type=0 minimal=0.04965 physics=0.3962 total=0.1434
[TRAIN train_climax_no_spectral_corruption_s44] [TRAIN] stage=finetune epoch=1/1 batch=1900/3000 step=4900 repair=0.1224 localization=0 type=0 minimal=0.05563 physics=0.1293 total=0.1294
[TRAIN train_climax_no_spectral_corruption_s44] [TRAIN] stage=finetune epoch=1/1 batch=1910/3000 step=4910 repair=0.08823 localization=0 type=0 minimal=0.05234 physics=0.1996 total=0.09873
[TRAIN train_climax_no_spectral_corruption_s44] [TRAIN] stage=finetune epoch=1/1 batch=1920/3000 step=4920 repair=0.1101 localization=0 type=0 minimal=0.05615 physics=0.2652 total=0.124
[TRAIN train_climax_no_spectral_corruption_s44] [TRAIN] stage=finetune epoch=1/1 batch=1930/3000 step=4930 repair=0.07347 localization=0 type=0 minimal=0.05615 physics=0.0986 total=0.07896
[TRAIN train_climax_no_spectral_corruption_s44] [TRAIN] stage=finetune epoch=1/1 batch=1940/3000 step=4940 repair=0.1619 localization=0 type=0 minimal=0.05753 physics=0.156 total=0.1703
[TRAIN train_climax_no_spectral_corruption_s44] [TRAIN] stage=finetune epoch=1/1 batch=1950/3000 step=4950 repair=0.1663 localization=0 type=0 minimal=0.04904 physics=0.1447 total=0.174
[TRAIN train_climax_no_spectral_corruption_s44] [TRAIN] stage=finetune epoch=1/1 batch=1960/3000 step=4960 repair=0.08187 localization=0 type=0 minimal=0.05533 physics=0.3611 total=0.1005
[TRAIN train_climax_no_spectral_corruption_s44] [TRAIN] stage=finetune epoch=1/1 batch=1970/3000 step=4970 repair=0.1289 localization=0 type=0 minimal=0.05173 physics=0.1352 total=0.1362
[TRAIN train_climax_no_spectral_corruption_s44] [TRAIN] stage=finetune epoch=1/1 batch=1980/3000 step=4980 repair=0.1528 localization=0 type=0 minimal=0.06161 physics=0.2224 total=0.1645
[TRAIN train_climax_no_spectral_corruption_s44] [TRAIN] stage=finetune epoch=1/1 batch=1990/3000 step=4990 repair=0.07873 localization=0 type=0 minimal=0.05185 physics=0.1249 total=0.08549
[TRAIN train_climax_no_spectral_corruption_s44] [TRAIN] stage=finetune epoch=1/1 batch=2000/3000 step=5000 repair=0.1693 localization=0 type=0 minimal=0.05148 physics=0.3374 total=0.1867
[TRAIN train_climax_no_spectral_corruption_s44] [TRAIN] stage=finetune epoch=1/1 batch=2010/3000 step=5010 repair=0.06774 localization=0 type=0 minimal=0.05942 physics=0.1102 total=0.07384
[TRAIN train_climax_no_spectral_corruption_s44] [TRAIN] stage=finetune epoch=1/1 batch=2020/3000 step=5020 repair=0.08213 localization=0 type=0 minimal=0.0564 physics=0.4181 total=0.1036
[TRAIN train_climax_no_spectral_corruption_s44] [TRAIN] stage=finetune epoch=1/1 batch=2030/3000 step=5030 repair=0.1553 localization=0 type=0 minimal=0.04892 physics=0.1621 total=0.1639
[TRAIN train_climax_no_spectral_corruption_s44] [TRAIN] stage=finetune epoch=1/1 batch=2040/3000 step=5040 repair=0.1207 localization=0 type=0 minimal=0.05334 physics=0.1322 total=0.1278
[TRAIN train_climax_no_spectral_corruption_s44] [TRAIN] stage=finetune epoch=1/1 batch=2050/3000 step=5050 repair=0.1834 localization=0 type=0 minimal=0.05438 physics=0.1892 total=0.1934
[TRAIN train_climax_no_spectral_corruption_s44] [TRAIN] stage=finetune epoch=1/1 batch=2060/3000 step=5060 repair=0.07575 localization=0 type=0 minimal=0.05728 physics=0.1074 total=0.0817
[TRAIN train_climax_no_spectral_corruption_s44] [TRAIN] stage=finetune epoch=1/1 batch=2070/3000 step=5070 repair=0.1163 localization=0 type=0 minimal=0.05582 physics=0.1608 total=0.1249
[TRAIN train_climax_no_spectral_corruption_s44] [TRAIN] stage=finetune epoch=1/1 batch=2080/3000 step=5080 repair=0.1103 localization=0 type=0 minimal=0.05423 physics=0.1254 total=0.1171
[TRAIN train_climax_no_spectral_corruption_s44] [TRAIN] stage=finetune epoch=1/1 batch=2090/3000 step=5090 repair=0.1267 localization=0 type=0 minimal=0.04913 physics=0.1194 total=0.1332
[TRAIN train_climax_no_spectral_corruption_s44] [TRAIN] stage=finetune epoch=1/1 batch=2100/3000 step=5100 repair=0.1178 localization=0 type=0 minimal=0.05103 physics=0.2861 total=0.1326
[TRAIN train_climax_no_spectral_corruption_s44] [TRAIN] stage=finetune epoch=1/1 batch=2110/3000 step=5110 repair=0.09128 localization=0 type=0 minimal=0.04736 physics=0.5262 total=0.1181
[TRAIN train_climax_no_spectral_corruption_s44] [TRAIN] stage=finetune epoch=1/1 batch=2120/3000 step=5120 repair=0.09874 localization=0 type=0 minimal=0.05392 physics=0.1162 total=0.1051
[TRAIN train_climax_no_spectral_corruption_s44] [TRAIN] stage=finetune epoch=1/1 batch=2130/3000 step=5130 repair=0.1195 localization=0 type=0 minimal=0.05624 physics=0.1668 total=0.1284
[TRAIN train_climax_no_spectral_corruption_s44] [TRAIN] stage=finetune epoch=1/1 batch=2140/3000 step=5140 repair=0.1182 localization=0 type=0 minimal=0.05405 physics=0.2911 total=0.1333
[TRAIN train_climax_no_spectral_corruption_s44] [TRAIN] stage=finetune epoch=1/1 batch=2150/3000 step=5150 repair=0.07992 localization=0 type=0 minimal=0.05249 physics=0.1905 total=0.08997
[TRAIN train_climax_no_spectral_corruption_s44] [TRAIN] stage=finetune epoch=1/1 batch=2160/3000 step=5160 repair=0.1276 localization=0 type=0 minimal=0.05521 physics=0.1597 total=0.1362
[TRAIN train_climax_no_spectral_corruption_s44] [TRAIN] stage=finetune epoch=1/1 batch=2170/3000 step=5170 repair=0.0921 localization=0 type=0 minimal=0.05603 physics=0.08363 total=0.09684
[TRAIN train_climax_no_spectral_corruption_s44] [TRAIN] stage=finetune epoch=1/1 batch=2180/3000 step=5180 repair=0.07105 localization=0 type=0 minimal=0.05252 physics=0.2175 total=0.08245
[TRAIN train_climax_no_spectral_corruption_s44] [TRAIN] stage=finetune epoch=1/1 batch=2190/3000 step=5190 repair=0.1201 localization=0 type=0 minimal=0.05057 physics=0.2585 total=0.1336
[TRAIN train_climax_no_spectral_corruption_s44] [TRAIN] stage=finetune epoch=1/1 batch=2200/3000 step=5200 repair=0.1269 localization=0 type=0 minimal=0.05011 physics=0.386 total=0.1467
[TRAIN train_climax_no_spectral_corruption_s44] [TRAIN] stage=finetune epoch=1/1 batch=2210/3000 step=5210 repair=0.1818 localization=0 type=0 minimal=0.05069 physics=0.2363 total=0.1941
[TRAIN train_climax_no_spectral_corruption_s44] [TRAIN] stage=finetune epoch=1/1 batch=2220/3000 step=5220 repair=0.122 localization=0 type=0 minimal=0.05844 physics=0.2046 total=0.1328
[TRAIN train_climax_no_spectral_corruption_s44] [TRAIN] stage=finetune epoch=1/1 batch=2230/3000 step=5230 repair=0.07255 localization=0 type=0 minimal=0.05731 physics=0.1144 total=0.07884
[TRAIN train_climax_no_spectral_corruption_s44] [TRAIN] stage=finetune epoch=1/1 batch=2240/3000 step=5240 repair=0.1165 localization=0 type=0 minimal=0.0542 physics=0.2049 total=0.1273
[TRAIN train_climax_no_spectral_corruption_s44] [TRAIN] stage=finetune epoch=1/1 batch=2250/3000 step=5250 repair=0.1732 localization=0 type=0 minimal=0.05783 physics=0.1662 total=0.1821
[TRAIN train_climax_no_spectral_corruption_s44] [TRAIN] stage=finetune epoch=1/1 batch=2260/3000 step=5260 repair=0.1261 localization=0 type=0 minimal=0.05066 physics=0.2336 total=0.1383
[TRAIN train_climax_no_spectral_corruption_s44] [TRAIN] stage=finetune epoch=1/1 batch=2270/3000 step=5270 repair=0.08874 localization=0 type=0 minimal=0.05997 physics=0.1661 total=0.09765
[TRAIN train_climax_no_spectral_corruption_s44] [TRAIN] stage=finetune epoch=1/1 batch=2280/3000 step=5280 repair=0.1672 localization=0 type=0 minimal=0.05734 physics=0.2635 total=0.181
[TRAIN train_climax_no_spectral_corruption_s44] [TRAIN] stage=finetune epoch=1/1 batch=2290/3000 step=5290 repair=0.09043 localization=0 type=0 minimal=0.0498 physics=0.2035 total=0.1011
[TRAIN train_climax_no_spectral_corruption_s44] [TRAIN] stage=finetune epoch=1/1 batch=2300/3000 step=5300 repair=0.1188 localization=0 type=0 minimal=0.05283 physics=0.2587 total=0.1323
[TRAIN train_climax_no_spectral_corruption_s44] [TRAIN] stage=finetune epoch=1/1 batch=2310/3000 step=5310 repair=0.1611 localization=0 type=0 minimal=0.05219 physics=0.1135 total=0.1673
[TRAIN train_climax_no_spectral_corruption_s44] [TRAIN] stage=finetune epoch=1/1 batch=2320/3000 step=5320 repair=0.1522 localization=0 type=0 minimal=0.05368 physics=0.3464 total=0.1701
[TRAIN train_climax_no_spectral_corruption_s44] [TRAIN] stage=finetune epoch=1/1 batch=2330/3000 step=5330 repair=0.1261 localization=0 type=0 minimal=0.05661 physics=0.209 total=0.1371
[TRAIN train_climax_no_spectral_corruption_s44] [TRAIN] stage=finetune epoch=1/1 batch=2340/3000 step=5340 repair=0.1344 localization=0 type=0 minimal=0.06204 physics=0.1432 total=0.1422
[TRAIN train_climax_no_spectral_corruption_s44] [TRAIN] stage=finetune epoch=1/1 batch=2350/3000 step=5350 repair=0.07662 localization=0 type=0 minimal=0.05026 physics=0.111 total=0.08267
[TRAIN train_climax_no_spectral_corruption_s44] [TRAIN] stage=finetune epoch=1/1 batch=2360/3000 step=5360 repair=0.1393 localization=0 type=0 minimal=0.05579 physics=0.1425 total=0.147
[TRAIN train_climax_no_spectral_corruption_s44] [TRAIN] stage=finetune epoch=1/1 batch=2370/3000 step=5370 repair=0.1265 localization=0 type=0 minimal=0.05502 physics=0.1338 total=0.1337
[TRAIN train_climax_no_spectral_corruption_s44] [TRAIN] stage=finetune epoch=1/1 batch=2380/3000 step=5380 repair=0.06884 localization=0 type=0 minimal=0.05569 physics=0.1174 total=0.07526
[TRAIN train_climax_no_spectral_corruption_s44] [TRAIN] stage=finetune epoch=1/1 batch=2390/3000 step=5390 repair=0.1211 localization=0 type=0 minimal=0.05551 physics=0.2665 total=0.135
[TRAIN train_climax_no_spectral_corruption_s44] [TRAIN] stage=finetune epoch=1/1 batch=2400/3000 step=5400 repair=0.1163 localization=0 type=0 minimal=0.05457 physics=0.3159 total=0.1326
[TRAIN train_climax_no_spectral_corruption_s44] [TRAIN] stage=finetune epoch=1/1 batch=2410/3000 step=5410 repair=0.1261 localization=0 type=0 minimal=0.05789 physics=0.1034 total=0.1319
[TRAIN train_climax_no_spectral_corruption_s44] [TRAIN] stage=finetune epoch=1/1 batch=2420/3000 step=5420 repair=0.1202 localization=0 type=0 minimal=0.05505 physics=0.08177 total=0.1248
[TRAIN train_climax_no_spectral_corruption_s44] [TRAIN] stage=finetune epoch=1/1 batch=2430/3000 step=5430 repair=0.1189 localization=0 type=0 minimal=0.05438 physics=0.2083 total=0.1299
[TRAIN train_climax_no_spectral_corruption_s44] [TRAIN] stage=finetune epoch=1/1 batch=2440/3000 step=5440 repair=0.08674 localization=0 type=0 minimal=0.05444 physics=0.1771 total=0.09614
[TRAIN train_climax_no_spectral_corruption_s44] [TRAIN] stage=finetune epoch=1/1 batch=2450/3000 step=5450 repair=0.06265 localization=0 type=0 minimal=0.06061 physics=0.2821 total=0.07736
[TRAIN train_climax_no_spectral_corruption_s44] [TRAIN] stage=finetune epoch=1/1 batch=2460/3000 step=5460 repair=0.1297 localization=0 type=0 minimal=0.06027 physics=0.1036 total=0.1355
[TRAIN train_climax_no_spectral_corruption_s44] [TRAIN] stage=finetune epoch=1/1 batch=2470/3000 step=5470 repair=0.0951 localization=0 type=0 minimal=0.06198 physics=0.1763 total=0.1045
[TRAIN train_climax_no_spectral_corruption_s44] [TRAIN] stage=finetune epoch=1/1 batch=2480/3000 step=5480 repair=0.1118 localization=0 type=0 minimal=0.05948 physics=0.1571 total=0.1202
[TRAIN train_climax_no_spectral_corruption_s44] [TRAIN] stage=finetune epoch=1/1 batch=2490/3000 step=5490 repair=0.08542 localization=0 type=0 minimal=0.05872 physics=0.2239 total=0.0972
[TRAIN train_climax_no_spectral_corruption_s44] [TRAIN] stage=finetune epoch=1/1 batch=2500/3000 step=5500 repair=0.08766 localization=0 type=0 minimal=0.05844 physics=0.4265 total=0.1096
[TRAIN train_climax_no_spectral_corruption_s44] [TRAIN] stage=finetune epoch=1/1 batch=2510/3000 step=5510 repair=0.06432 localization=0 type=0 minimal=0.05792 physics=0.3725 total=0.08352
[TRAIN train_climax_no_spectral_corruption_s44] [TRAIN] stage=finetune epoch=1/1 batch=2520/3000 step=5520 repair=0.09171 localization=0 type=0 minimal=0.05374 physics=0.1792 total=0.1012
[TRAIN train_climax_no_spectral_corruption_s44] [TRAIN] stage=finetune epoch=1/1 batch=2530/3000 step=5530 repair=0.1603 localization=0 type=0 minimal=0.05338 physics=0.1292 total=0.1673
[TRAIN train_climax_no_spectral_corruption_s44] [TRAIN] stage=finetune epoch=1/1 batch=2540/3000 step=5540 repair=0.1217 localization=0 type=0 minimal=0.06348 physics=0.1368 total=0.1291
[TRAIN train_climax_no_spectral_corruption_s44] [TRAIN] stage=finetune epoch=1/1 batch=2550/3000 step=5550 repair=0.1262 localization=0 type=0 minimal=0.05997 physics=0.4304 total=0.1483
[TRAIN train_climax_no_spectral_corruption_s44] [TRAIN] stage=finetune epoch=1/1 batch=2560/3000 step=5560 repair=0.115 localization=0 type=0 minimal=0.05374 physics=0.5823 total=0.1447
[TRAIN train_climax_no_spectral_corruption_s44] [TRAIN] stage=finetune epoch=1/1 batch=2570/3000 step=5570 repair=0.1036 localization=0 type=0 minimal=0.06094 physics=0.2957 total=0.119
[TRAIN train_climax_no_spectral_corruption_s44] [TRAIN] stage=finetune epoch=1/1 batch=2580/3000 step=5580 repair=0.1375 localization=0 type=0 minimal=0.05746 physics=0.5493 total=0.1655
[TRAIN train_climax_no_spectral_corruption_s44] [TRAIN] stage=finetune epoch=1/1 batch=2590/3000 step=5590 repair=0.1141 localization=0 type=0 minimal=0.05032 physics=0.2274 total=0.126
[TRAIN train_climax_no_spectral_corruption_s44] [TRAIN] stage=finetune epoch=1/1 batch=2600/3000 step=5600 repair=0.1555 localization=0 type=0 minimal=0.05783 physics=0.1574 total=0.164
[TRAIN train_climax_no_spectral_corruption_s44] [TRAIN] stage=finetune epoch=1/1 batch=2610/3000 step=5610 repair=0.112 localization=0 type=0 minimal=0.05557 physics=0.2332 total=0.1242
[TRAIN train_climax_no_spectral_corruption_s44] [TRAIN] stage=finetune epoch=1/1 batch=2620/3000 step=5620 repair=0.1271 localization=0 type=0 minimal=0.05347 physics=0.1281 total=0.134
[TRAIN train_climax_no_spectral_corruption_s44] [TRAIN] stage=finetune epoch=1/1 batch=2630/3000 step=5630 repair=0.1524 localization=0 type=0 minimal=0.05017 physics=0.2535 total=0.1656
[TRAIN train_climax_no_spectral_corruption_s44] [TRAIN] stage=finetune epoch=1/1 batch=2640/3000 step=5640 repair=0.0999 localization=0 type=0 minimal=0.05194 physics=0.1164 total=0.1062
[TRAIN train_climax_no_spectral_corruption_s44] [TRAIN] stage=finetune epoch=1/1 batch=2650/3000 step=5650 repair=0.1783 localization=0 type=0 minimal=0.04861 physics=0.2813 total=0.1928
[TRAIN train_climax_no_spectral_corruption_s44] [TRAIN] stage=finetune epoch=1/1 batch=2660/3000 step=5660 repair=0.1569 localization=0 type=0 minimal=0.05545 physics=0.1895 total=0.1669
[TRAIN train_climax_no_spectral_corruption_s44] [TRAIN] stage=finetune epoch=1/1 batch=2670/3000 step=5670 repair=0.1243 localization=0 type=0 minimal=0.05643 physics=0.3143 total=0.1406
[TRAIN train_climax_no_spectral_corruption_s44] [TRAIN] stage=finetune epoch=1/1 batch=2680/3000 step=5680 repair=0.07711 localization=0 type=0 minimal=0.0567 physics=0.1161 total=0.08348
[TRAIN train_climax_no_spectral_corruption_s44] [TRAIN] stage=finetune epoch=1/1 batch=2690/3000 step=5690 repair=0.07185 localization=0 type=0 minimal=0.05847 physics=0.1919 total=0.08203
[TRAIN train_climax_no_spectral_corruption_s44] [TRAIN] stage=finetune epoch=1/1 batch=2700/3000 step=5700 repair=0.116 localization=0 type=0 minimal=0.06024 physics=0.2612 total=0.1297
[TRAIN train_climax_no_spectral_corruption_s44] [TRAIN] stage=finetune epoch=1/1 batch=2710/3000 step=5710 repair=0.07803 localization=0 type=0 minimal=0.05951 physics=0.1502 total=0.08613
[TRAIN train_climax_no_spectral_corruption_s44] [TRAIN] stage=finetune epoch=1/1 batch=2720/3000 step=5720 repair=0.06965 localization=0 type=0 minimal=0.05643 physics=0.09394 total=0.07491
[TRAIN train_climax_no_spectral_corruption_s44] [TRAIN] stage=finetune epoch=1/1 batch=2730/3000 step=5730 repair=0.07896 localization=0 type=0 minimal=0.06143 physics=0.1205 total=0.08561
[TRAIN train_climax_no_spectral_corruption_s44] [TRAIN] stage=finetune epoch=1/1 batch=2740/3000 step=5740 repair=0.1114 localization=0 type=0 minimal=0.06189 physics=0.1712 total=0.1206
[TRAIN train_climax_no_spectral_corruption_s44] [TRAIN] stage=finetune epoch=1/1 batch=2750/3000 step=5750 repair=0.08039 localization=0 type=0 minimal=0.0618 physics=0.1119 total=0.0866
[TRAIN train_climax_no_spectral_corruption_s44] [TRAIN] stage=finetune epoch=1/1 batch=2760/3000 step=5760 repair=0.1082 localization=0 type=0 minimal=0.05777 physics=0.1717 total=0.1174
[TRAIN train_climax_no_spectral_corruption_s44] [TRAIN] stage=finetune epoch=1/1 batch=2770/3000 step=5770 repair=0.1644 localization=0 type=0 minimal=0.05493 physics=0.176 total=0.1737
[TRAIN train_climax_no_spectral_corruption_s44] [TRAIN] stage=finetune epoch=1/1 batch=2780/3000 step=5780 repair=0.118 localization=0 type=0 minimal=0.06354 physics=0.08713 total=0.1229
[TRAIN train_climax_no_spectral_corruption_s44] [TRAIN] stage=finetune epoch=1/1 batch=2790/3000 step=5790 repair=0.1177 localization=0 type=0 minimal=0.05484 physics=0.09766 total=0.1231
[TRAIN train_climax_no_spectral_corruption_s44] [TRAIN] stage=finetune epoch=1/1 batch=2800/3000 step=5800 repair=0.06685 localization=0 type=0 minimal=0.06592 physics=0.1001 total=0.07251
[TRAIN train_climax_no_spectral_corruption_s44] [TRAIN] stage=finetune epoch=1/1 batch=2810/3000 step=5810 repair=0.07637 localization=0 type=0 minimal=0.06287 physics=0.1206 total=0.08303
[TRAIN train_climax_no_spectral_corruption_s44] [TRAIN] stage=finetune epoch=1/1 batch=2820/3000 step=5820 repair=0.1181 localization=0 type=0 minimal=0.05472 physics=0.0971 total=0.1235
[TRAIN train_climax_no_spectral_corruption_s44] [TRAIN] stage=finetune epoch=1/1 batch=2830/3000 step=5830 repair=0.08088 localization=0 type=0 minimal=0.05707 physics=0.0837 total=0.08563
[TRAIN train_climax_no_spectral_corruption_s44] [TRAIN] stage=finetune epoch=1/1 batch=2840/3000 step=5840 repair=0.07533 localization=0 type=0 minimal=0.06238 physics=0.452 total=0.09855
[TRAIN train_climax_no_spectral_corruption_s44] [TRAIN] stage=finetune epoch=1/1 batch=2850/3000 step=5850 repair=0.112 localization=0 type=0 minimal=0.05499 physics=0.1141 total=0.1182
[TRAIN train_climax_no_spectral_corruption_s44] [TRAIN] stage=finetune epoch=1/1 batch=2860/3000 step=5860 repair=0.1489 localization=0 type=0 minimal=0.0567 physics=0.1218 total=0.1556
[TRAIN train_climax_no_spectral_corruption_s44] [TRAIN] stage=finetune epoch=1/1 batch=2870/3000 step=5870 repair=0.07811 localization=0 type=0 minimal=0.05994 physics=0.1698 total=0.08719
[TRAIN train_climax_no_spectral_corruption_s44] [TRAIN] stage=finetune epoch=1/1 batch=2880/3000 step=5880 repair=0.1087 localization=0 type=0 minimal=0.05774 physics=0.1972 total=0.1192
[TRAIN train_climax_no_spectral_corruption_s44] [TRAIN] stage=finetune epoch=1/1 batch=2890/3000 step=5890 repair=0.1211 localization=0 type=0 minimal=0.0607 physics=0.3223 total=0.1378
[TRAIN train_climax_no_spectral_corruption_s44] [TRAIN] stage=finetune epoch=1/1 batch=2900/3000 step=5900 repair=0.07492 localization=0 type=0 minimal=0.0596 physics=0.2086 total=0.08595
[TRAIN train_climax_no_spectral_corruption_s44] [TRAIN] stage=finetune epoch=1/1 batch=2910/3000 step=5910 repair=0.1674 localization=0 type=0 minimal=0.05298 physics=0.2375 total=0.1798
[TRAIN train_climax_no_spectral_corruption_s44] [TRAIN] stage=finetune epoch=1/1 batch=2920/3000 step=5920 repair=0.1123 localization=0 type=0 minimal=0.0575 physics=0.3744 total=0.1316
[TRAIN train_climax_no_spectral_corruption_s44] [TRAIN] stage=finetune epoch=1/1 batch=2930/3000 step=5930 repair=0.113 localization=0 type=0 minimal=0.05927 physics=0.2278 total=0.125
[TRAIN train_climax_no_spectral_corruption_s44] [TRAIN] stage=finetune epoch=1/1 batch=2940/3000 step=5940 repair=0.08995 localization=0 type=0 minimal=0.03207 physics=0.7596 total=0.1282
[TRAIN train_climax_no_spectral_corruption_s44] [TRAIN] stage=finetune epoch=1/1 batch=2950/3000 step=5950 repair=0.08552 localization=0 type=0 minimal=0.03735 physics=0.8571 total=0.1287
[TRAIN train_climax_no_spectral_corruption_s44] [TRAIN] stage=finetune epoch=1/1 batch=2960/3000 step=5960 repair=0.08519 localization=0 type=0 minimal=0.06033 physics=0.1624 total=0.09391
[TRAIN train_climax_no_spectral_corruption_s44] [TRAIN] stage=finetune epoch=1/1 batch=2970/3000 step=5970 repair=0.0784 localization=0 type=0 minimal=0.05994 physics=0.1029 total=0.08414
[TRAIN train_climax_no_spectral_corruption_s44] [TRAIN] stage=finetune epoch=1/1 batch=2980/3000 step=5980 repair=0.08386 localization=0 type=0 minimal=0.05908 physics=0.1516 total=0.09203
[TRAIN train_climax_no_spectral_corruption_s44] [TRAIN] stage=finetune epoch=1/1 batch=2990/3000 step=5990 repair=0.1174 localization=0 type=0 minimal=0.05994 physics=0.3579 total=0.1359
[TRAIN train_climax_no_spectral_corruption_s44] [TRAIN] stage=finetune epoch=1/1 batch=3000/3000 step=6000 repair=0.1138 localization=0 type=0 minimal=0.05658 physics=0.1629 total=0.1225
[TRAIN train_climax_no_spectral_corruption_s44] [EPOCH] {'stage': 'finetune', 'epoch': 0, 'global_step': 6000, 'train_total': 0.1604392437164982, 'val_repair_mse': 0.11915623908862472, 'elapsed_seconds': 3741.97}
[TRAIN train_climax_no_spectral_corruption_s44] [BEST] val_repair_mse=0.119156
[TRAIN train_climax_no_spectral_corruption_s44] [TRAIN COMPLETE] {
[TRAIN train_climax_no_spectral_corruption_s44]   "run_id": "prelim20_train_climax_no_spectral_corruption_s44",
[TRAIN train_climax_no_spectral_corruption_s44]   "status": "completed",
[TRAIN train_climax_no_spectral_corruption_s44]   "method": "no_spectral_corruption",
[TRAIN train_climax_no_spectral_corruption_s44]   "backbone": "climax",
[TRAIN train_climax_no_spectral_corruption_s44]   "seed": 44,
[TRAIN train_climax_no_spectral_corruption_s44]   "forecast_provider": "zarr_frozen_fm",
[TRAIN train_climax_no_spectral_corruption_s44]   "best_val_repair_mse": 0.11915623908862472,
[TRAIN train_climax_no_spectral_corruption_s44]   "global_step": 6000,
[TRAIN train_climax_no_spectral_corruption_s44]   "elapsed_seconds": 3742.1,
[TRAIN train_climax_no_spectral_corruption_s44]   "checkpoint_best": "/home/tahiti/ConserveFM/runs/prelim20_train/train_climax_no_spectral_corruption_s44/checkpoint_best.pt",
[TRAIN train_climax_no_spectral_corruption_s44]   "checkpoint_last": "/home/tahiti/ConserveFM/runs/prelim20_train/train_climax_no_spectral_corruption_s44/checkpoint_last.pt"
[TRAIN train_climax_no_spectral_corruption_s44] }
