[TRAIN train_climax_no_moisture_constraint_s44] [SETUP] device=cuda
[TRAIN train_climax_no_moisture_constraint_s44] [SETUP] run_id=prelim20_train_climax_no_moisture_constraint_s44 method=no_moisture_constraint backbone=climax
[TRAIN train_climax_no_moisture_constraint_s44] [FORECAST] using frozen forecast cache: /home/tahiti/ConserveFM/forecasts/climax.zarr
[TRAIN train_climax_no_moisture_constraint_s44] [STAGE] pretrain epochs=1 start_epoch=0
[TRAIN train_climax_no_moisture_constraint_s44] [TRAIN] stage=pretrain epoch=1/1 batch=10/3000 step=10 repair=0.03618 localization=0.4069 type=1.644 minimal=0.09937 physics=1.554 total=0.4295
[TRAIN train_climax_no_moisture_constraint_s44] [TRAIN] stage=pretrain epoch=1/1 batch=20/3000 step=20 repair=0.01382 localization=0.2613 type=2.193 minimal=0.08301 physics=0.6292 total=0.5248
[TRAIN train_climax_no_moisture_constraint_s44] [TRAIN] stage=pretrain epoch=1/1 batch=30/3000 step=30 repair=0.02129 localization=0.3366 type=1.793 minimal=0.05655 physics=0.9518 total=0.419
[TRAIN train_climax_no_moisture_constraint_s44] [TRAIN] stage=pretrain epoch=1/1 batch=40/3000 step=40 repair=0.01682 localization=0.332 type=2.254 minimal=0.05115 physics=0.5867 total=0.3053
[TRAIN train_climax_no_moisture_constraint_s44] [TRAIN] stage=pretrain epoch=1/1 batch=50/3000 step=50 repair=0.006137 localization=0.2423 type=1.915 minimal=0.04019 physics=0.5003 total=0.2473
[TRAIN train_climax_no_moisture_constraint_s44] [TRAIN] stage=pretrain epoch=1/1 batch=60/3000 step=60 repair=0.02312 localization=0.2676 type=1.502 minimal=0.03525 physics=2.485 total=0.3247
[TRAIN train_climax_no_moisture_constraint_s44] [TRAIN] stage=pretrain epoch=1/1 batch=70/3000 step=70 repair=0.002916 localization=0.2445 type=1.252 minimal=0.02823 physics=0.337 total=0.1697
[TRAIN train_climax_no_moisture_constraint_s44] [TRAIN] stage=pretrain epoch=1/1 batch=80/3000 step=80 repair=0.003282 localization=0.3744 type=1.583 minimal=0.02896 physics=0.5096 total=0.3245
[TRAIN train_climax_no_moisture_constraint_s44] [TRAIN] stage=pretrain epoch=1/1 batch=90/3000 step=90 repair=0.01642 localization=0.2313 type=2.948 minimal=0.03186 physics=2.468 total=0.4581
[TRAIN train_climax_no_moisture_constraint_s44] [TRAIN] stage=pretrain epoch=1/1 batch=100/3000 step=100 repair=0.01128 localization=0.4003 type=1.443 minimal=0.03108 physics=0.436 total=0.3166
[TRAIN train_climax_no_moisture_constraint_s44] [TRAIN] stage=pretrain epoch=1/1 batch=110/3000 step=110 repair=0.01676 localization=0.2755 type=2.336 minimal=0.03326 physics=0.3398 total=0.4414
[TRAIN train_climax_no_moisture_constraint_s44] [TRAIN] stage=pretrain epoch=1/1 batch=120/3000 step=120 repair=0.02546 localization=0.272 type=1.955 minimal=0.03134 physics=2.178 total=0.3573
[TRAIN train_climax_no_moisture_constraint_s44] [TRAIN] stage=pretrain epoch=1/1 batch=130/3000 step=130 repair=0.01082 localization=0.3332 type=1.949 minimal=0.02878 physics=1.011 total=0.2899
[TRAIN train_climax_no_moisture_constraint_s44] [TRAIN] stage=pretrain epoch=1/1 batch=140/3000 step=140 repair=0.002969 localization=0.4216 type=1.801 minimal=0.02446 physics=0.1627 total=0.2336
[TRAIN train_climax_no_moisture_constraint_s44] [TRAIN] stage=pretrain epoch=1/1 batch=150/3000 step=150 repair=0.005057 localization=0.2284 type=0.9504 minimal=0.02129 physics=0.1332 total=0.1831
[TRAIN train_climax_no_moisture_constraint_s44] [TRAIN] stage=pretrain epoch=1/1 batch=160/3000 step=160 repair=0.02547 localization=0.3193 type=1.669 minimal=0.02515 physics=0.5175 total=0.3744
[TRAIN train_climax_no_moisture_constraint_s44] [TRAIN] stage=pretrain epoch=1/1 batch=170/3000 step=170 repair=0.004044 localization=0.302 type=1.299 minimal=0.02602 physics=0.5582 total=0.1923
[TRAIN train_climax_no_moisture_constraint_s44] [TRAIN] stage=pretrain epoch=1/1 batch=180/3000 step=180 repair=0.0095 localization=0.3254 type=2.131 minimal=0.02756 physics=0.4423 total=0.3698
[TRAIN train_climax_no_moisture_constraint_s44] [TRAIN] stage=pretrain epoch=1/1 batch=190/3000 step=190 repair=0.0247 localization=0.2605 type=0.7065 minimal=0.02353 physics=2.865 total=0.2649
[TRAIN train_climax_no_moisture_constraint_s44] [TRAIN] stage=pretrain epoch=1/1 batch=200/3000 step=200 repair=0.003524 localization=0.4152 type=2.834 minimal=0.02545 physics=0.2724 total=0.5427
[TRAIN train_climax_no_moisture_constraint_s44] [TRAIN] stage=pretrain epoch=1/1 batch=210/3000 step=210 repair=0.00789 localization=0.4169 type=2.407 minimal=0.02625 physics=0.1546 total=0.2983
[TRAIN train_climax_no_moisture_constraint_s44] [TRAIN] stage=pretrain epoch=1/1 batch=220/3000 step=220 repair=0.01549 localization=0.3679 type=2.315 minimal=0.02385 physics=0.2479 total=0.3865
[TRAIN train_climax_no_moisture_constraint_s44] [TRAIN] stage=pretrain epoch=1/1 batch=230/3000 step=230 repair=0.003928 localization=0.2378 type=0.6057 minimal=0.02548 physics=0.159 total=0.09648
[TRAIN train_climax_no_moisture_constraint_s44] [TRAIN] stage=pretrain epoch=1/1 batch=240/3000 step=240 repair=0.004066 localization=0.4156 type=0.6584 minimal=0.02536 physics=0.2583 total=0.1246
[TRAIN train_climax_no_moisture_constraint_s44] [TRAIN] stage=pretrain epoch=1/1 batch=250/3000 step=250 repair=0.002804 localization=0.2636 type=0.6313 minimal=0.0218 physics=0.1256 total=0.0988
[TRAIN train_climax_no_moisture_constraint_s44] [TRAIN] stage=pretrain epoch=1/1 batch=260/3000 step=260 repair=0.006789 localization=0.2657 type=1.503 minimal=0.02121 physics=0.3364 total=0.2749
[TRAIN train_climax_no_moisture_constraint_s44] [TRAIN] stage=pretrain epoch=1/1 batch=270/3000 step=270 repair=0.007743 localization=0.2871 type=1.635 minimal=0.02773 physics=0.1923 total=0.2894
[TRAIN train_climax_no_moisture_constraint_s44] [TRAIN] stage=pretrain epoch=1/1 batch=280/3000 step=280 repair=0.005051 localization=0.3781 type=1.521 minimal=0.02663 physics=0.1744 total=0.3032
[TRAIN train_climax_no_moisture_constraint_s44] [TRAIN] stage=pretrain epoch=1/1 batch=290/3000 step=290 repair=0.004014 localization=0.2064 type=1.582 minimal=0.02457 physics=0.2253 total=0.2894
[TRAIN train_climax_no_moisture_constraint_s44] [TRAIN] stage=pretrain epoch=1/1 batch=300/3000 step=300 repair=0.002935 localization=0.2512 type=0.9924 minimal=0.02377 physics=0.251 total=0.2159
[TRAIN train_climax_no_moisture_constraint_s44] [TRAIN] stage=pretrain epoch=1/1 batch=310/3000 step=310 repair=0.004288 localization=0.19 type=1.951 minimal=0.02568 physics=0.2154 total=0.2294
[TRAIN train_climax_no_moisture_constraint_s44] [TRAIN] stage=pretrain epoch=1/1 batch=320/3000 step=320 repair=0.001999 localization=0.2949 type=2.112 minimal=0.02104 physics=0.1116 total=0.3214
[TRAIN train_climax_no_moisture_constraint_s44] [TRAIN] stage=pretrain epoch=1/1 batch=330/3000 step=330 repair=0.01106 localization=0.2303 type=1.453 minimal=0.02335 physics=0.4681 total=0.2657
[TRAIN train_climax_no_moisture_constraint_s44] [TRAIN] stage=pretrain epoch=1/1 batch=340/3000 step=340 repair=0.005965 localization=0.2445 type=1.158 minimal=0.02477 physics=0.2329 total=0.2619
[TRAIN train_climax_no_moisture_constraint_s44] [TRAIN] stage=pretrain epoch=1/1 batch=350/3000 step=350 repair=0.005597 localization=0.3999 type=2.501 minimal=0.02425 physics=0.9935 total=0.3456
[TRAIN train_climax_no_moisture_constraint_s44] [TRAIN] stage=pretrain epoch=1/1 batch=360/3000 step=360 repair=0.004305 localization=0.3751 type=1.568 minimal=0.02586 physics=0.2776 total=0.3449
[TRAIN train_climax_no_moisture_constraint_s44] [TRAIN] stage=pretrain epoch=1/1 batch=370/3000 step=370 repair=0.008233 localization=0.2531 type=1.227 minimal=0.0233 physics=1.476 total=0.2302
[TRAIN train_climax_no_moisture_constraint_s44] [TRAIN] stage=pretrain epoch=1/1 batch=380/3000 step=380 repair=0.00832 localization=0.3428 type=3.119 minimal=0.02837 physics=0.3298 total=0.4948
[TRAIN train_climax_no_moisture_constraint_s44] [TRAIN] stage=pretrain epoch=1/1 batch=390/3000 step=390 repair=0.007546 localization=0.4162 type=1.796 minimal=0.02965 physics=0.1702 total=0.2376
[TRAIN train_climax_no_moisture_constraint_s44] [TRAIN] stage=pretrain epoch=1/1 batch=400/3000 step=400 repair=0.004247 localization=0.2905 type=2.238 minimal=0.02701 physics=0.5102 total=0.2829
[TRAIN train_climax_no_moisture_constraint_s44] [TRAIN] stage=pretrain epoch=1/1 batch=410/3000 step=410 repair=0.01167 localization=0.2934 type=2.103 minimal=0.02475 physics=0.1467 total=0.4044
[TRAIN train_climax_no_moisture_constraint_s44] [TRAIN] stage=pretrain epoch=1/1 batch=420/3000 step=420 repair=0.005858 localization=0.4122 type=1.63 minimal=0.0237 physics=1.227 total=0.2717
[TRAIN train_climax_no_moisture_constraint_s44] [TRAIN] stage=pretrain epoch=1/1 batch=430/3000 step=430 repair=0.02707 localization=0.2815 type=1.361 minimal=0.02394 physics=0.6416 total=0.3102
[TRAIN train_climax_no_moisture_constraint_s44] [TRAIN] stage=pretrain epoch=1/1 batch=440/3000 step=440 repair=0.002469 localization=0.2051 type=1.604 minimal=0.01973 physics=0.1837 total=0.3026
[TRAIN train_climax_no_moisture_constraint_s44] [TRAIN] stage=pretrain epoch=1/1 batch=450/3000 step=450 repair=0.00337 localization=0.2434 type=1.611 minimal=0.022 physics=0.09239 total=0.2785
[TRAIN train_climax_no_moisture_constraint_s44] [TRAIN] stage=pretrain epoch=1/1 batch=460/3000 step=460 repair=0.01906 localization=0.2716 type=2.236 minimal=0.01944 physics=0.4282 total=0.446
[TRAIN train_climax_no_moisture_constraint_s44] [TRAIN] stage=pretrain epoch=1/1 batch=470/3000 step=470 repair=0.002431 localization=0.2976 type=0.6345 minimal=0.02621 physics=0.1603 total=0.1431
[TRAIN train_climax_no_moisture_constraint_s44] [TRAIN] stage=pretrain epoch=1/1 batch=480/3000 step=480 repair=0.01166 localization=0.3395 type=2.492 minimal=0.02657 physics=0.1559 total=0.3029
[TRAIN train_climax_no_moisture_constraint_s44] [TRAIN] stage=pretrain epoch=1/1 batch=490/3000 step=490 repair=0.007378 localization=0.258 type=1.375 minimal=0.02472 physics=0.09493 total=0.1757
[TRAIN train_climax_no_moisture_constraint_s44] [TRAIN] stage=pretrain epoch=1/1 batch=500/3000 step=500 repair=0.002503 localization=0.2493 type=1.674 minimal=0.02304 physics=0.1269 total=0.2601
[TRAIN train_climax_no_moisture_constraint_s44] [TRAIN] stage=pretrain epoch=1/1 batch=510/3000 step=510 repair=0.002939 localization=0.2186 type=1.44 minimal=0.02223 physics=0.1983 total=0.267
[TRAIN train_climax_no_moisture_constraint_s44] [TRAIN] stage=pretrain epoch=1/1 batch=520/3000 step=520 repair=0.00301 localization=0.3343 type=1.711 minimal=0.02318 physics=0.1119 total=0.2134
[TRAIN train_climax_no_moisture_constraint_s44] [TRAIN] stage=pretrain epoch=1/1 batch=530/3000 step=530 repair=0.002736 localization=0.2919 type=1.799 minimal=0.02065 physics=0.1073 total=0.2988
[TRAIN train_climax_no_moisture_constraint_s44] [TRAIN] stage=pretrain epoch=1/1 batch=540/3000 step=540 repair=0.00226 localization=0.2361 type=1.881 minimal=0.01845 physics=0.09157 total=0.2904
[TRAIN train_climax_no_moisture_constraint_s44] [TRAIN] stage=pretrain epoch=1/1 batch=550/3000 step=550 repair=0.00263 localization=0.2904 type=1.887 minimal=0.02005 physics=0.06131 total=0.2731
[TRAIN train_climax_no_moisture_constraint_s44] [TRAIN] stage=pretrain epoch=1/1 batch=560/3000 step=560 repair=0.005755 localization=0.4056 type=3.334 minimal=0.01711 physics=0.08003 total=0.5925
[TRAIN train_climax_no_moisture_constraint_s44] [TRAIN] stage=pretrain epoch=1/1 batch=570/3000 step=570 repair=0.002269 localization=0.3163 type=2.062 minimal=0.01918 physics=0.1522 total=0.2987
[TRAIN train_climax_no_moisture_constraint_s44] [TRAIN] stage=pretrain epoch=1/1 batch=580/3000 step=580 repair=0.0269 localization=0.301 type=2.204 minimal=0.02219 physics=2.533 total=0.4043
[TRAIN train_climax_no_moisture_constraint_s44] [TRAIN] stage=pretrain epoch=1/1 batch=590/3000 step=590 repair=0.002523 localization=0.2561 type=1.103 minimal=0.02177 physics=0.1665 total=0.2429
[TRAIN train_climax_no_moisture_constraint_s44] [TRAIN] stage=pretrain epoch=1/1 batch=600/3000 step=600 repair=0.03201 localization=0.4489 type=1.387 minimal=0.0193 physics=3.037 total=0.3676
[TRAIN train_climax_no_moisture_constraint_s44] [TRAIN] stage=pretrain epoch=1/1 batch=610/3000 step=610 repair=0.003917 localization=0.236 type=0.9929 minimal=0.02483 physics=0.5195 total=0.153
[TRAIN train_climax_no_moisture_constraint_s44] [TRAIN] stage=pretrain epoch=1/1 batch=620/3000 step=620 repair=0.02203 localization=0.2816 type=0.8713 minimal=0.02074 physics=2.723 total=0.2737
[TRAIN train_climax_no_moisture_constraint_s44] [TRAIN] stage=pretrain epoch=1/1 batch=630/3000 step=630 repair=0.003356 localization=0.227 type=2.486 minimal=0.01881 physics=0.1388 total=0.4308
[TRAIN train_climax_no_moisture_constraint_s44] [TRAIN] stage=pretrain epoch=1/1 batch=640/3000 step=640 repair=0.01166 localization=0.3826 type=1.98 minimal=0.01785 physics=0.1172 total=0.254
[TRAIN train_climax_no_moisture_constraint_s44] [TRAIN] stage=pretrain epoch=1/1 batch=650/3000 step=650 repair=0.02162 localization=0.2656 type=0.6348 minimal=0.01898 physics=2.339 total=0.2288
[TRAIN train_climax_no_moisture_constraint_s44] [TRAIN] stage=pretrain epoch=1/1 batch=660/3000 step=660 repair=0.004169 localization=0.1922 type=2.528 minimal=0.01923 physics=0.07541 total=0.4271
[TRAIN train_climax_no_moisture_constraint_s44] [TRAIN] stage=pretrain epoch=1/1 batch=670/3000 step=670 repair=0.002713 localization=0.2808 type=1.465 minimal=0.01874 physics=0.07915 total=0.1815
[TRAIN train_climax_no_moisture_constraint_s44] [TRAIN] stage=pretrain epoch=1/1 batch=680/3000 step=680 repair=0.003555 localization=0.2476 type=1.954 minimal=0.01993 physics=0.1531 total=0.3469
[TRAIN train_climax_no_moisture_constraint_s44] [TRAIN] stage=pretrain epoch=1/1 batch=690/3000 step=690 repair=0.004394 localization=0.2978 type=1.63 minimal=0.02071 physics=0.1408 total=0.2045
[TRAIN train_climax_no_moisture_constraint_s44] [TRAIN] stage=pretrain epoch=1/1 batch=700/3000 step=700 repair=0.02475 localization=0.3008 type=1.525 minimal=0.01779 physics=2.108 total=0.3129
[TRAIN train_climax_no_moisture_constraint_s44] [TRAIN] stage=pretrain epoch=1/1 batch=710/3000 step=710 repair=0.002966 localization=0.2638 type=2.148 minimal=0.01788 physics=0.1508 total=0.416
[TRAIN train_climax_no_moisture_constraint_s44] [TRAIN] stage=pretrain epoch=1/1 batch=720/3000 step=720 repair=0.005841 localization=0.2348 type=1.143 minimal=0.01987 physics=0.1425 total=0.2332
[TRAIN train_climax_no_moisture_constraint_s44] [TRAIN] stage=pretrain epoch=1/1 batch=730/3000 step=730 repair=0.006673 localization=0.2631 type=1.094 minimal=0.01999 physics=0.1535 total=0.2262
[TRAIN train_climax_no_moisture_constraint_s44] [TRAIN] stage=pretrain epoch=1/1 batch=740/3000 step=740 repair=0.003223 localization=0.2988 type=2.165 minimal=0.01973 physics=0.1012 total=0.4305
[TRAIN train_climax_no_moisture_constraint_s44] [TRAIN] stage=pretrain epoch=1/1 batch=750/3000 step=750 repair=0.006936 localization=0.2113 type=1.913 minimal=0.02185 physics=1.183 total=0.2788
[TRAIN train_climax_no_moisture_constraint_s44] [TRAIN] stage=pretrain epoch=1/1 batch=760/3000 step=760 repair=0.002951 localization=0.2407 type=1.744 minimal=0.02042 physics=0.1042 total=0.3261
[TRAIN train_climax_no_moisture_constraint_s44] [TRAIN] stage=pretrain epoch=1/1 batch=770/3000 step=770 repair=0.005455 localization=0.2164 type=1.718 minimal=0.01831 physics=1.478 total=0.273
[TRAIN train_climax_no_moisture_constraint_s44] [TRAIN] stage=pretrain epoch=1/1 batch=780/3000 step=780 repair=0.00591 localization=0.2074 type=1.638 minimal=0.01978 physics=0.1889 total=0.3055
[TRAIN train_climax_no_moisture_constraint_s44] [TRAIN] stage=pretrain epoch=1/1 batch=790/3000 step=790 repair=0.001789 localization=0.2976 type=1.267 minimal=0.01651 physics=0.06247 total=0.2234
[TRAIN train_climax_no_moisture_constraint_s44] [TRAIN] stage=pretrain epoch=1/1 batch=800/3000 step=800 repair=0.004788 localization=0.2563 type=2.937 minimal=0.01628 physics=0.1215 total=0.5699
[TRAIN train_climax_no_moisture_constraint_s44] [TRAIN] stage=pretrain epoch=1/1 batch=810/3000 step=810 repair=0.003629 localization=0.2393 type=1.926 minimal=0.01895 physics=0.9689 total=0.2688
[TRAIN train_climax_no_moisture_constraint_s44] [TRAIN] stage=pretrain epoch=1/1 batch=820/3000 step=820 repair=0.0147 localization=0.4455 type=1.204 minimal=0.0163 physics=0.07247 total=0.1834
[TRAIN train_climax_no_moisture_constraint_s44] [TRAIN] stage=pretrain epoch=1/1 batch=830/3000 step=830 repair=0.03255 localization=0.3742 type=1.515 minimal=0.02304 physics=2.188 total=0.3311
[TRAIN train_climax_no_moisture_constraint_s44] [TRAIN] stage=pretrain epoch=1/1 batch=840/3000 step=840 repair=0.003955 localization=0.1839 type=1.987 minimal=0.02274 physics=0.1196 total=0.3044
[TRAIN train_climax_no_moisture_constraint_s44] [TRAIN] stage=pretrain epoch=1/1 batch=850/3000 step=850 repair=0.009526 localization=0.2759 type=1.276 minimal=0.02193 physics=1.575 total=0.2437
[TRAIN train_climax_no_moisture_constraint_s44] [TRAIN] stage=pretrain epoch=1/1 batch=860/3000 step=860 repair=0.00591 localization=0.3072 type=1.356 minimal=0.02594 physics=0.1235 total=0.1787
[TRAIN train_climax_no_moisture_constraint_s44] [TRAIN] stage=pretrain epoch=1/1 batch=870/3000 step=870 repair=0.02698 localization=0.3076 type=1.443 minimal=0.02232 physics=1.843 total=0.2944
[TRAIN train_climax_no_moisture_constraint_s44] [TRAIN] stage=pretrain epoch=1/1 batch=880/3000 step=880 repair=0.01237 localization=0.2463 type=1.699 minimal=0.02141 physics=0.08712 total=0.3162
[TRAIN train_climax_no_moisture_constraint_s44] [TRAIN] stage=pretrain epoch=1/1 batch=890/3000 step=890 repair=0.005925 localization=0.3466 type=1.312 minimal=0.0211 physics=0.1648 total=0.2457
[TRAIN train_climax_no_moisture_constraint_s44] [TRAIN] stage=pretrain epoch=1/1 batch=900/3000 step=900 repair=0.006383 localization=0.2857 type=1.906 minimal=0.02287 physics=0.229 total=0.2372
[TRAIN train_climax_no_moisture_constraint_s44] [TRAIN] stage=pretrain epoch=1/1 batch=910/3000 step=910 repair=0.02337 localization=0.2477 type=1.848 minimal=0.02226 physics=1.313 total=0.2988
[TRAIN train_climax_no_moisture_constraint_s44] [TRAIN] stage=pretrain epoch=1/1 batch=920/3000 step=920 repair=0.003945 localization=0.3631 type=2.293 minimal=0.01874 physics=0.09385 total=0.4564
[TRAIN train_climax_no_moisture_constraint_s44] [TRAIN] stage=pretrain epoch=1/1 batch=930/3000 step=930 repair=0.008874 localization=0.2945 type=1.41 minimal=0.02165 physics=0.1542 total=0.1873
[TRAIN train_climax_no_moisture_constraint_s44] [TRAIN] stage=pretrain epoch=1/1 batch=940/3000 step=940 repair=0.01755 localization=0.2936 type=1.948 minimal=0.02141 physics=0.2374 total=0.3626
[TRAIN train_climax_no_moisture_constraint_s44] [TRAIN] stage=pretrain epoch=1/1 batch=950/3000 step=950 repair=0.002871 localization=0.2649 type=2.095 minimal=0.01828 physics=0.09125 total=0.344
[TRAIN train_climax_no_moisture_constraint_s44] [TRAIN] stage=pretrain epoch=1/1 batch=960/3000 step=960 repair=0.01051 localization=0.3213 type=2.409 minimal=0.01917 physics=0.2238 total=0.4472
[TRAIN train_climax_no_moisture_constraint_s44] [TRAIN] stage=pretrain epoch=1/1 batch=970/3000 step=970 repair=0.003899 localization=0.393 type=1.366 minimal=0.02003 physics=0.4665 total=0.2034
[TRAIN train_climax_no_moisture_constraint_s44] [TRAIN] stage=pretrain epoch=1/1 batch=980/3000 step=980 repair=0.01594 localization=0.1956 type=2.016 minimal=0.0226 physics=0.3072 total=0.3845
[TRAIN train_climax_no_moisture_constraint_s44] [TRAIN] stage=pretrain epoch=1/1 batch=990/3000 step=990 repair=0.003775 localization=0.2767 type=1.177 minimal=0.02206 physics=0.1681 total=0.241
[TRAIN train_climax_no_moisture_constraint_s44] [TRAIN] stage=pretrain epoch=1/1 batch=1000/3000 step=1000 repair=0.005679 localization=0.2172 type=1.253 minimal=0.01921 physics=0.1088 total=0.2568
[TRAIN train_climax_no_moisture_constraint_s44] [TRAIN] stage=pretrain epoch=1/1 batch=1010/3000 step=1010 repair=0.003887 localization=0.3015 type=1.887 minimal=0.01956 physics=0.5092 total=0.2484
[TRAIN train_climax_no_moisture_constraint_s44] [TRAIN] stage=pretrain epoch=1/1 batch=1020/3000 step=1020 repair=0.003243 localization=0.2555 type=1.754 minimal=0.01953 physics=0.08997 total=0.3029
[TRAIN train_climax_no_moisture_constraint_s44] [TRAIN] stage=pretrain epoch=1/1 batch=1030/3000 step=1030 repair=0.002636 localization=0.4094 type=1.757 minimal=0.01869 physics=0.1359 total=0.3199
[TRAIN train_climax_no_moisture_constraint_s44] [TRAIN] stage=pretrain epoch=1/1 batch=1040/3000 step=1040 repair=0.003573 localization=0.3403 type=0.968 minimal=0.0235 physics=0.2127 total=0.1453
[TRAIN train_climax_no_moisture_constraint_s44] [TRAIN] stage=pretrain epoch=1/1 batch=1050/3000 step=1050 repair=0.01139 localization=0.3693 type=2.261 minimal=0.02306 physics=2.429 total=0.3961
[TRAIN train_climax_no_moisture_constraint_s44] [TRAIN] stage=pretrain epoch=1/1 batch=1060/3000 step=1060 repair=0.004948 localization=0.2125 type=1.284 minimal=0.02141 physics=0.1562 total=0.1626
[TRAIN train_climax_no_moisture_constraint_s44] [TRAIN] stage=pretrain epoch=1/1 batch=1070/3000 step=1070 repair=0.03017 localization=0.3027 type=1.459 minimal=0.02071 physics=2.644 total=0.3388
[TRAIN train_climax_no_moisture_constraint_s44] [TRAIN] stage=pretrain epoch=1/1 batch=1080/3000 step=1080 repair=0.003228 localization=0.3067 type=1.855 minimal=0.01845 physics=0.1958 total=0.3679
[TRAIN train_climax_no_moisture_constraint_s44] [TRAIN] stage=pretrain epoch=1/1 batch=1090/3000 step=1090 repair=0.009531 localization=0.2969 type=1.836 minimal=0.01833 physics=0.1325 total=0.3395
[TRAIN train_climax_no_moisture_constraint_s44] [TRAIN] stage=pretrain epoch=1/1 batch=1100/3000 step=1100 repair=0.004024 localization=0.357 type=1.568 minimal=0.01842 physics=0.107 total=0.2021
[TRAIN train_climax_no_moisture_constraint_s44] [TRAIN] stage=pretrain epoch=1/1 batch=1110/3000 step=1110 repair=0.005063 localization=0.2717 type=1.797 minimal=0.02022 physics=0.1592 total=0.2201
[TRAIN train_climax_no_moisture_constraint_s44] [TRAIN] stage=pretrain epoch=1/1 batch=1120/3000 step=1120 repair=0.005126 localization=0.2288 type=2.294 minimal=0.01544 physics=0.06239 total=0.4144
[TRAIN train_climax_no_moisture_constraint_s44] [TRAIN] stage=pretrain epoch=1/1 batch=1130/3000 step=1130 repair=0.002786 localization=0.325 type=1.684 minimal=0.01813 physics=0.1132 total=0.2881
[TRAIN train_climax_no_moisture_constraint_s44] [TRAIN] stage=pretrain epoch=1/1 batch=1140/3000 step=1140 repair=0.005319 localization=0.2841 type=1.539 minimal=0.0177 physics=0.08243 total=0.2806
[TRAIN train_climax_no_moisture_constraint_s44] [TRAIN] stage=pretrain epoch=1/1 batch=1150/3000 step=1150 repair=0.003253 localization=0.4083 type=1.474 minimal=0.01971 physics=0.121 total=0.3098
[TRAIN train_climax_no_moisture_constraint_s44] [TRAIN] stage=pretrain epoch=1/1 batch=1160/3000 step=1160 repair=0.005601 localization=0.246 type=1.705 minimal=0.01796 physics=0.1559 total=0.3596
[TRAIN train_climax_no_moisture_constraint_s44] [TRAIN] stage=pretrain epoch=1/1 batch=1170/3000 step=1170 repair=0.008607 localization=0.2132 type=1.508 minimal=0.01636 physics=0.1083 total=0.1863
[TRAIN train_climax_no_moisture_constraint_s44] [TRAIN] stage=pretrain epoch=1/1 batch=1180/3000 step=1180 repair=0.001705 localization=0.3235 type=1.601 minimal=0.01607 physics=0.0744 total=0.2921
[TRAIN train_climax_no_moisture_constraint_s44] [TRAIN] stage=pretrain epoch=1/1 batch=1190/3000 step=1190 repair=0.003827 localization=0.235 type=1.31 minimal=0.01939 physics=0.1394 total=0.1655
[TRAIN train_climax_no_moisture_constraint_s44] [TRAIN] stage=pretrain epoch=1/1 batch=1200/3000 step=1200 repair=0.003381 localization=0.2859 type=2.03 minimal=0.01697 physics=0.2044 total=0.3931
[TRAIN train_climax_no_moisture_constraint_s44] [TRAIN] stage=pretrain epoch=1/1 batch=1210/3000 step=1210 repair=0.00662 localization=0.2701 type=2.129 minimal=0.01779 physics=0.06602 total=0.3716
[TRAIN train_climax_no_moisture_constraint_s44] [TRAIN] stage=pretrain epoch=1/1 batch=1220/3000 step=1220 repair=0.006215 localization=0.2569 type=1.997 minimal=0.01965 physics=0.07232 total=0.3466
[TRAIN train_climax_no_moisture_constraint_s44] [TRAIN] stage=pretrain epoch=1/1 batch=1230/3000 step=1230 repair=0.007513 localization=0.2777 type=1.729 minimal=0.01799 physics=0.1208 total=0.3106
[TRAIN train_climax_no_moisture_constraint_s44] [TRAIN] stage=pretrain epoch=1/1 batch=1240/3000 step=1240 repair=0.009206 localization=0.3197 type=1.833 minimal=0.01981 physics=0.08564 total=0.229
[TRAIN train_climax_no_moisture_constraint_s44] [TRAIN] stage=pretrain epoch=1/1 batch=1250/3000 step=1250 repair=0.005513 localization=0.2737 type=1.259 minimal=0.01778 physics=0.1239 total=0.2264
[TRAIN train_climax_no_moisture_constraint_s44] [TRAIN] stage=pretrain epoch=1/1 batch=1260/3000 step=1260 repair=0.005483 localization=0.2635 type=1.244 minimal=0.01733 physics=0.09756 total=0.218
[TRAIN train_climax_no_moisture_constraint_s44] [TRAIN] stage=pretrain epoch=1/1 batch=1270/3000 step=1270 repair=0.004466 localization=0.3455 type=2.209 minimal=0.02008 physics=0.1273 total=0.2665
[TRAIN train_climax_no_moisture_constraint_s44] [TRAIN] stage=pretrain epoch=1/1 batch=1280/3000 step=1280 repair=0.003818 localization=0.4416 type=2.096 minimal=0.01834 physics=0.1279 total=0.3974
[TRAIN train_climax_no_moisture_constraint_s44] [TRAIN] stage=pretrain epoch=1/1 batch=1290/3000 step=1290 repair=0.00347 localization=0.2345 type=0.6741 minimal=0.0179 physics=0.3297 total=0.111
[TRAIN train_climax_no_moisture_constraint_s44] [TRAIN] stage=pretrain epoch=1/1 batch=1300/3000 step=1300 repair=0.003993 localization=0.2756 type=1.089 minimal=0.01709 physics=0.747 total=0.178
[TRAIN train_climax_no_moisture_constraint_s44] [TRAIN] stage=pretrain epoch=1/1 batch=1310/3000 step=1310 repair=0.00638 localization=0.367 type=1.692 minimal=0.01663 physics=0.1873 total=0.3571
[TRAIN train_climax_no_moisture_constraint_s44] [TRAIN] stage=pretrain epoch=1/1 batch=1320/3000 step=1320 repair=0.003091 localization=0.3144 type=1.419 minimal=0.01675 physics=0.8769 total=0.2204
[TRAIN train_climax_no_moisture_constraint_s44] [TRAIN] stage=pretrain epoch=1/1 batch=1330/3000 step=1330 repair=0.004053 localization=0.2785 type=1.045 minimal=0.01863 physics=0.2045 total=0.1468
[TRAIN train_climax_no_moisture_constraint_s44] [TRAIN] stage=pretrain epoch=1/1 batch=1340/3000 step=1340 repair=0.01745 localization=0.2349 type=1.781 minimal=0.01723 physics=1.763 total=0.3073
[TRAIN train_climax_no_moisture_constraint_s44] [TRAIN] stage=pretrain epoch=1/1 batch=1350/3000 step=1350 repair=0.002946 localization=0.225 type=1.645 minimal=0.01698 physics=0.1123 total=0.2972
[TRAIN train_climax_no_moisture_constraint_s44] [TRAIN] stage=pretrain epoch=1/1 batch=1360/3000 step=1360 repair=0.01325 localization=0.2663 type=1.509 minimal=0.01912 physics=0.129 total=0.2884
[TRAIN train_climax_no_moisture_constraint_s44] [TRAIN] stage=pretrain epoch=1/1 batch=1370/3000 step=1370 repair=0.003793 localization=0.3023 type=2.286 minimal=0.01945 physics=0.1016 total=0.2679
[TRAIN train_climax_no_moisture_constraint_s44] [TRAIN] stage=pretrain epoch=1/1 batch=1380/3000 step=1380 repair=0.005433 localization=0.2139 type=1.325 minimal=0.01767 physics=0.1573 total=0.2416
[TRAIN train_climax_no_moisture_constraint_s44] [TRAIN] stage=pretrain epoch=1/1 batch=1390/3000 step=1390 repair=0.01828 localization=0.4742 type=1.007 minimal=0.01897 physics=0.3073 total=0.2402
[TRAIN train_climax_no_moisture_constraint_s44] [TRAIN] stage=pretrain epoch=1/1 batch=1400/3000 step=1400 repair=0.02206 localization=0.2805 type=1.661 minimal=0.01988 physics=1.904 total=0.3116
[TRAIN train_climax_no_moisture_constraint_s44] [TRAIN] stage=pretrain epoch=1/1 batch=1410/3000 step=1410 repair=0.003948 localization=0.4046 type=0.822 minimal=0.01894 physics=0.513 total=0.1525
[TRAIN train_climax_no_moisture_constraint_s44] [TRAIN] stage=pretrain epoch=1/1 batch=1420/3000 step=1420 repair=0.002923 localization=0.2363 type=1.899 minimal=0.01677 physics=0.2174 total=0.318
[TRAIN train_climax_no_moisture_constraint_s44] [TRAIN] stage=pretrain epoch=1/1 batch=1430/3000 step=1430 repair=0.03196 localization=0.332 type=0.8357 minimal=0.02034 physics=1.774 total=0.2376
[TRAIN train_climax_no_moisture_constraint_s44] [TRAIN] stage=pretrain epoch=1/1 batch=1440/3000 step=1440 repair=0.008555 localization=0.141 type=1.069 minimal=0.04144 physics=0.8085 total=0.2403
[TRAIN train_climax_no_moisture_constraint_s44] [TRAIN] stage=pretrain epoch=1/1 batch=1450/3000 step=1450 repair=0.03451 localization=0.3732 type=1.275 minimal=0.0213 physics=2.745 total=0.3368
[TRAIN train_climax_no_moisture_constraint_s44] [TRAIN] stage=pretrain epoch=1/1 batch=1460/3000 step=1460 repair=0.00655 localization=0.4158 type=0.8572 minimal=0.01895 physics=0.1336 total=0.1908
[TRAIN train_climax_no_moisture_constraint_s44] [TRAIN] stage=pretrain epoch=1/1 batch=1470/3000 step=1470 repair=0.00612 localization=0.167 type=1.969 minimal=0.02113 physics=0.21 total=0.399
[TRAIN train_climax_no_moisture_constraint_s44] [TRAIN] stage=pretrain epoch=1/1 batch=1480/3000 step=1480 repair=0.003416 localization=0.2392 type=2.012 minimal=0.01772 physics=0.1476 total=0.3727
[TRAIN train_climax_no_moisture_constraint_s44] [TRAIN] stage=pretrain epoch=1/1 batch=1490/3000 step=1490 repair=0.004809 localization=0.1796 type=1.483 minimal=0.02171 physics=0.1733 total=0.2633
[TRAIN train_climax_no_moisture_constraint_s44] [TRAIN] stage=pretrain epoch=1/1 batch=1500/3000 step=1500 repair=0.003093 localization=0.3518 type=1.801 minimal=0.01811 physics=0.1796 total=0.3387
[TRAIN train_climax_no_moisture_constraint_s44] [TRAIN] stage=pretrain epoch=1/1 batch=1510/3000 step=1510 repair=0.002643 localization=0.2716 type=1.479 minimal=0.0173 physics=0.1308 total=0.2876
[TRAIN train_climax_no_moisture_constraint_s44] [TRAIN] stage=pretrain epoch=1/1 batch=1520/3000 step=1520 repair=0.004679 localization=0.2355 type=1.827 minimal=0.02315 physics=0.1096 total=0.345
[TRAIN train_climax_no_moisture_constraint_s44] [TRAIN] stage=pretrain epoch=1/1 batch=1530/3000 step=1530 repair=0.004564 localization=0.3398 type=1.485 minimal=0.01683 physics=0.9202 total=0.2332
[TRAIN train_climax_no_moisture_constraint_s44] [TRAIN] stage=pretrain epoch=1/1 batch=1540/3000 step=1540 repair=0.005211 localization=0.2779 type=1.332 minimal=0.01837 physics=0.09816 total=0.1712
[TRAIN train_climax_no_moisture_constraint_s44] [TRAIN] stage=pretrain epoch=1/1 batch=1550/3000 step=1550 repair=0.004488 localization=0.2296 type=1.712 minimal=0.01999 physics=0.1575 total=0.3167
[TRAIN train_climax_no_moisture_constraint_s44] [TRAIN] stage=pretrain epoch=1/1 batch=1560/3000 step=1560 repair=0.002115 localization=0.3354 type=1.085 minimal=0.01535 physics=0.2067 total=0.2054
[TRAIN train_climax_no_moisture_constraint_s44] [TRAIN] stage=pretrain epoch=1/1 batch=1570/3000 step=1570 repair=0.01717 localization=0.2354 type=1.167 minimal=0.01749 physics=1.752 total=0.2452
[TRAIN train_climax_no_moisture_constraint_s44] [TRAIN] stage=pretrain epoch=1/1 batch=1580/3000 step=1580 repair=0.003542 localization=0.2615 type=1.95 minimal=0.01993 physics=0.1203 total=0.2309
[TRAIN train_climax_no_moisture_constraint_s44] [TRAIN] stage=pretrain epoch=1/1 batch=1590/3000 step=1590 repair=0.01758 localization=0.4313 type=2.026 minimal=0.01685 physics=0.1378 total=0.3895
[TRAIN train_climax_no_moisture_constraint_s44] [TRAIN] stage=pretrain epoch=1/1 batch=1600/3000 step=1600 repair=0.003799 localization=0.2782 type=0.8979 minimal=0.01567 physics=0.9602 total=0.1696
[TRAIN train_climax_no_moisture_constraint_s44] [TRAIN] stage=pretrain epoch=1/1 batch=1610/3000 step=1610 repair=0.002619 localization=0.2192 type=2.149 minimal=0.01738 physics=0.08297 total=0.3346
[TRAIN train_climax_no_moisture_constraint_s44] [TRAIN] stage=pretrain epoch=1/1 batch=1620/3000 step=1620 repair=0.008192 localization=0.2417 type=0.7712 minimal=0.01619 physics=1.268 total=0.173
[TRAIN train_climax_no_moisture_constraint_s44] [TRAIN] stage=pretrain epoch=1/1 batch=1630/3000 step=1630 repair=0.00574 localization=0.1638 type=0.8032 minimal=0.02336 physics=0.4766 total=0.1689
[TRAIN train_climax_no_moisture_constraint_s44] [TRAIN] stage=pretrain epoch=1/1 batch=1640/3000 step=1640 repair=0.002648 localization=0.2447 type=1.081 minimal=0.01675 physics=0.3003 total=0.1504
[TRAIN train_climax_no_moisture_constraint_s44] [TRAIN] stage=pretrain epoch=1/1 batch=1650/3000 step=1650 repair=0.002723 localization=0.3056 type=1.26 minimal=0.01575 physics=0.06968 total=0.1629
[TRAIN train_climax_no_moisture_constraint_s44] [TRAIN] stage=pretrain epoch=1/1 batch=1660/3000 step=1660 repair=0.0091 localization=0.2684 type=0.999 minimal=0.01613 physics=0.1287 total=0.1424
[TRAIN train_climax_no_moisture_constraint_s44] [TRAIN] stage=pretrain epoch=1/1 batch=1670/3000 step=1670 repair=0.003356 localization=0.4174 type=1.199 minimal=0.01616 physics=0.07969 total=0.1691
[TRAIN train_climax_no_moisture_constraint_s44] [TRAIN] stage=pretrain epoch=1/1 batch=1680/3000 step=1680 repair=0.00357 localization=0.2461 type=1.983 minimal=0.01782 physics=0.1177 total=0.3567
[TRAIN train_climax_no_moisture_constraint_s44] [TRAIN] stage=pretrain epoch=1/1 batch=1690/3000 step=1690 repair=0.02698 localization=0.291 type=0.9739 minimal=0.01859 physics=1.955 total=0.2514
[TRAIN train_climax_no_moisture_constraint_s44] [TRAIN] stage=pretrain epoch=1/1 batch=1700/3000 step=1700 repair=0.004126 localization=0.2621 type=0.8972 minimal=0.01723 physics=0.6513 total=0.1528
[TRAIN train_climax_no_moisture_constraint_s44] [TRAIN] stage=pretrain epoch=1/1 batch=1710/3000 step=1710 repair=0.005123 localization=0.1523 type=0.4116 minimal=0.03769 physics=0.9161 total=0.1277
[TRAIN train_climax_no_moisture_constraint_s44] [TRAIN] stage=pretrain epoch=1/1 batch=1720/3000 step=1720 repair=0.006794 localization=0.2426 type=1.166 minimal=0.01691 physics=1.351 total=0.2154
[TRAIN train_climax_no_moisture_constraint_s44] [TRAIN] stage=pretrain epoch=1/1 batch=1730/3000 step=1730 repair=0.002293 localization=0.2911 type=1.671 minimal=0.01752 physics=0.07103 total=0.2022
[TRAIN train_climax_no_moisture_constraint_s44] [TRAIN] stage=pretrain epoch=1/1 batch=1740/3000 step=1740 repair=0.002708 localization=0.2539 type=1.739 minimal=0.01572 physics=0.7846 total=0.2414
[TRAIN train_climax_no_moisture_constraint_s44] [TRAIN] stage=pretrain epoch=1/1 batch=1750/3000 step=1750 repair=0.002608 localization=0.3132 type=1.312 minimal=0.01627 physics=0.13 total=0.2266
[TRAIN train_climax_no_moisture_constraint_s44] [TRAIN] stage=pretrain epoch=1/1 batch=1760/3000 step=1760 repair=0.00374 localization=0.2664 type=1.606 minimal=0.01801 physics=0.1437 total=0.3101
[TRAIN train_climax_no_moisture_constraint_s44] [TRAIN] stage=pretrain epoch=1/1 batch=1770/3000 step=1770 repair=0.005361 localization=0.2425 type=2.157 minimal=0.01501 physics=0.09197 total=0.3937
[TRAIN train_climax_no_moisture_constraint_s44] [TRAIN] stage=pretrain epoch=1/1 batch=1780/3000 step=1780 repair=0.004262 localization=0.2235 type=1.888 minimal=0.01286 physics=0.05741 total=0.3411
[TRAIN train_climax_no_moisture_constraint_s44] [TRAIN] stage=pretrain epoch=1/1 batch=1790/3000 step=1790 repair=0.01143 localization=0.284 type=1.273 minimal=0.01542 physics=0.07592 total=0.1711
[TRAIN train_climax_no_moisture_constraint_s44] [TRAIN] stage=pretrain epoch=1/1 batch=1800/3000 step=1800 repair=0.002586 localization=0.3856 type=1.331 minimal=0.01628 physics=0.06407 total=0.22
[TRAIN train_climax_no_moisture_constraint_s44] [TRAIN] stage=pretrain epoch=1/1 batch=1810/3000 step=1810 repair=0.005072 localization=0.2847 type=2.334 minimal=0.01659 physics=0.07367 total=0.3858
[TRAIN train_climax_no_moisture_constraint_s44] [TRAIN] stage=pretrain epoch=1/1 batch=1820/3000 step=1820 repair=0.003431 localization=0.3746 type=1.232 minimal=0.01555 physics=0.9338 total=0.211
[TRAIN train_climax_no_moisture_constraint_s44] [TRAIN] stage=pretrain epoch=1/1 batch=1830/3000 step=1830 repair=0.003232 localization=0.1618 type=3.089 minimal=0.01736 physics=0.1129 total=0.591
[TRAIN train_climax_no_moisture_constraint_s44] [TRAIN] stage=pretrain epoch=1/1 batch=1840/3000 step=1840 repair=0.02578 localization=0.3857 type=1.98 minimal=0.017 physics=0.1375 total=0.4382
[TRAIN train_climax_no_moisture_constraint_s44] [TRAIN] stage=pretrain epoch=1/1 batch=1850/3000 step=1850 repair=0.02395 localization=0.2973 type=1.368 minimal=0.01668 physics=2.555 total=0.3184
[TRAIN train_climax_no_moisture_constraint_s44] [TRAIN] stage=pretrain epoch=1/1 batch=1860/3000 step=1860 repair=0.002049 localization=0.2801 type=1.46 minimal=0.01511 physics=0.07952 total=0.1802
[TRAIN train_climax_no_moisture_constraint_s44] [TRAIN] stage=pretrain epoch=1/1 batch=1870/3000 step=1870 repair=0.003339 localization=0.3122 type=1.309 minimal=0.01305 physics=0.8647 total=0.2088
[TRAIN train_climax_no_moisture_constraint_s44] [TRAIN] stage=pretrain epoch=1/1 batch=1880/3000 step=1880 repair=0.003573 localization=0.1686 type=0.3317 minimal=0.02718 physics=0.2687 total=0.08734
[TRAIN train_climax_no_moisture_constraint_s44] [TRAIN] stage=pretrain epoch=1/1 batch=1890/3000 step=1890 repair=0.01678 localization=0.3318 type=1.553 minimal=0.01474 physics=0.1386 total=0.2803
[TRAIN train_climax_no_moisture_constraint_s44] [TRAIN] stage=pretrain epoch=1/1 batch=1900/3000 step=1900 repair=0.00447 localization=0.2641 type=1.46 minimal=0.01686 physics=0.1945 total=0.1868
[TRAIN train_climax_no_moisture_constraint_s44] [TRAIN] stage=pretrain epoch=1/1 batch=1910/3000 step=1910 repair=0.005279 localization=0.2984 type=0.8792 minimal=0.01534 physics=0.08741 total=0.1276
[TRAIN train_climax_no_moisture_constraint_s44] [TRAIN] stage=pretrain epoch=1/1 batch=1920/3000 step=1920 repair=0.002786 localization=0.3531 type=0.5825 minimal=0.01445 physics=0.2175 total=0.1074
[TRAIN train_climax_no_moisture_constraint_s44] [TRAIN] stage=pretrain epoch=1/1 batch=1930/3000 step=1930 repair=0.003488 localization=0.2759 type=2.456 minimal=0.01389 physics=0.5549 total=0.3046
[TRAIN train_climax_no_moisture_constraint_s44] [TRAIN] stage=pretrain epoch=1/1 batch=1940/3000 step=1940 repair=0.005568 localization=0.417 type=1.62 minimal=0.01685 physics=0.6001 total=0.2394
[TRAIN train_climax_no_moisture_constraint_s44] [TRAIN] stage=pretrain epoch=1/1 batch=1950/3000 step=1950 repair=0.02357 localization=0.4371 type=1.245 minimal=0.01952 physics=0.1041 total=0.1971
[TRAIN train_climax_no_moisture_constraint_s44] [TRAIN] stage=pretrain epoch=1/1 batch=1960/3000 step=1960 repair=0.007527 localization=0.2496 type=1.964 minimal=0.01753 physics=0.1014 total=0.3231
[TRAIN train_climax_no_moisture_constraint_s44] [TRAIN] stage=pretrain epoch=1/1 batch=1970/3000 step=1970 repair=0.007681 localization=0.4305 type=1.822 minimal=0.01369 physics=0.08108 total=0.317
[TRAIN train_climax_no_moisture_constraint_s44] [TRAIN] stage=pretrain epoch=1/1 batch=1980/3000 step=1980 repair=0.002401 localization=0.3159 type=1.118 minimal=0.01582 physics=0.1959 total=0.2166
[TRAIN train_climax_no_moisture_constraint_s44] [TRAIN] stage=pretrain epoch=1/1 batch=1990/3000 step=1990 repair=0.00565 localization=0.3238 type=1.345 minimal=0.01819 physics=0.121 total=0.2485
[TRAIN train_climax_no_moisture_constraint_s44] [TRAIN] stage=pretrain epoch=1/1 batch=2000/3000 step=2000 repair=0.009758 localization=0.3365 type=1.374 minimal=0.01791 physics=1.186 total=0.2402
[TRAIN train_climax_no_moisture_constraint_s44] [TRAIN] stage=pretrain epoch=1/1 batch=2010/3000 step=2010 repair=0.008971 localization=0.344 type=2.039 minimal=0.01492 physics=0.06648 total=0.3479
[TRAIN train_climax_no_moisture_constraint_s44] [TRAIN] stage=pretrain epoch=1/1 batch=2020/3000 step=2020 repair=0.005841 localization=0.3415 type=2.072 minimal=0.01576 physics=0.09233 total=0.3435
[TRAIN train_climax_no_moisture_constraint_s44] [TRAIN] stage=pretrain epoch=1/1 batch=2030/3000 step=2030 repair=0.00156 localization=0.2285 type=2.191 minimal=0.01366 physics=0.06646 total=0.3367
[TRAIN train_climax_no_moisture_constraint_s44] [TRAIN] stage=pretrain epoch=1/1 batch=2040/3000 step=2040 repair=0.005007 localization=0.125 type=0.07103 minimal=0.02579 physics=0.9407 total=0.07654
[TRAIN train_climax_no_moisture_constraint_s44] [TRAIN] stage=pretrain epoch=1/1 batch=2050/3000 step=2050 repair=0.002766 localization=0.164 type=1.77 minimal=0.01437 physics=0.1424 total=0.3181
[TRAIN train_climax_no_moisture_constraint_s44] [TRAIN] stage=pretrain epoch=1/1 batch=2060/3000 step=2060 repair=0.005648 localization=0.2972 type=1.878 minimal=0.01557 physics=0.08603 total=0.2887
[TRAIN train_climax_no_moisture_constraint_s44] [TRAIN] stage=pretrain epoch=1/1 batch=2070/3000 step=2070 repair=0.004775 localization=0.3474 type=1.874 minimal=0.01724 physics=0.1789 total=0.3637
[TRAIN train_climax_no_moisture_constraint_s44] [TRAIN] stage=pretrain epoch=1/1 batch=2080/3000 step=2080 repair=0.003715 localization=0.3652 type=1.448 minimal=0.0195 physics=0.4922 total=0.2099
[TRAIN train_climax_no_moisture_constraint_s44] [TRAIN] stage=pretrain epoch=1/1 batch=2090/3000 step=2090 repair=0.00211 localization=0.07729 type=0.1136 minimal=0.02187 physics=0.347 total=0.04588
[TRAIN train_climax_no_moisture_constraint_s44] [TRAIN] stage=pretrain epoch=1/1 batch=2100/3000 step=2100 repair=0.003447 localization=0.2931 type=1.093 minimal=0.01787 physics=0.4008 total=0.1623
[TRAIN train_climax_no_moisture_constraint_s44] [TRAIN] stage=pretrain epoch=1/1 batch=2110/3000 step=2110 repair=0.0086 localization=0.4011 type=2.104 minimal=0.01588 physics=2.284 total=0.3735
[TRAIN train_climax_no_moisture_constraint_s44] [TRAIN] stage=pretrain epoch=1/1 batch=2120/3000 step=2120 repair=0.005534 localization=0.3726 type=1.031 minimal=0.01747 physics=0.813 total=0.1867
[TRAIN train_climax_no_moisture_constraint_s44] [TRAIN] stage=pretrain epoch=1/1 batch=2130/3000 step=2130 repair=0.00256 localization=0.2434 type=3.03 minimal=0.01727 physics=0.219 total=0.5769
[TRAIN train_climax_no_moisture_constraint_s44] [TRAIN] stage=pretrain epoch=1/1 batch=2140/3000 step=2140 repair=0.002172 localization=0.0664 type=0.0597 minimal=0.01886 physics=0.2879 total=0.03347
[TRAIN train_climax_no_moisture_constraint_s44] [TRAIN] stage=pretrain epoch=1/1 batch=2150/3000 step=2150 repair=0.002075 localization=0.08814 type=0.03431 minimal=0.02177 physics=0.3414 total=0.03328
[TRAIN train_climax_no_moisture_constraint_s44] [TRAIN] stage=pretrain epoch=1/1 batch=2160/3000 step=2160 repair=0.005612 localization=0.3672 type=0.8149 minimal=0.01463 physics=0.11 total=0.2043
[TRAIN train_climax_no_moisture_constraint_s44] [TRAIN] stage=pretrain epoch=1/1 batch=2170/3000 step=2170 repair=0.003093 localization=0.2432 type=2.533 minimal=0.02043 physics=0.1386 total=0.2879
[TRAIN train_climax_no_moisture_constraint_s44] [TRAIN] stage=pretrain epoch=1/1 batch=2180/3000 step=2180 repair=0.007208 localization=0.2627 type=2.179 minimal=0.02251 physics=0.1018 total=0.2567
[TRAIN train_climax_no_moisture_constraint_s44] [TRAIN] stage=pretrain epoch=1/1 batch=2190/3000 step=2190 repair=0.005103 localization=0.2877 type=1.171 minimal=0.01999 physics=0.324 total=0.1674
[TRAIN train_climax_no_moisture_constraint_s44] [TRAIN] stage=pretrain epoch=1/1 batch=2200/3000 step=2200 repair=0.004749 localization=0.2614 type=1.634 minimal=0.0191 physics=0.1207 total=0.2644
[TRAIN train_climax_no_moisture_constraint_s44] [TRAIN] stage=pretrain epoch=1/1 batch=2210/3000 step=2210 repair=0.001647 localization=0.2463 type=2.429 minimal=0.01569 physics=0.1068 total=0.4778
[TRAIN train_climax_no_moisture_constraint_s44] [TRAIN] stage=pretrain epoch=1/1 batch=2220/3000 step=2220 repair=0.002347 localization=0.2094 type=1.486 minimal=0.01744 physics=0.08449 total=0.1763
[TRAIN train_climax_no_moisture_constraint_s44] [TRAIN] stage=pretrain epoch=1/1 batch=2230/3000 step=2230 repair=0.004144 localization=0.0896 type=0.5992 minimal=0.02179 physics=0.2545 total=0.133
[TRAIN train_climax_no_moisture_constraint_s44] [TRAIN] stage=pretrain epoch=1/1 batch=2240/3000 step=2240 repair=0.00223 localization=0.2657 type=1.529 minimal=0.01631 physics=0.09549 total=0.2869
[TRAIN train_climax_no_moisture_constraint_s44] [TRAIN] stage=pretrain epoch=1/1 batch=2250/3000 step=2250 repair=0.01276 localization=0.2067 type=1.242 minimal=0.01564 physics=0.8538 total=0.2004
[TRAIN train_climax_no_moisture_constraint_s44] [TRAIN] stage=pretrain epoch=1/1 batch=2260/3000 step=2260 repair=0.003349 localization=0.3742 type=2.07 minimal=0.01595 physics=0.09477 total=0.4224
[TRAIN train_climax_no_moisture_constraint_s44] [TRAIN] stage=pretrain epoch=1/1 batch=2270/3000 step=2270 repair=0.003424 localization=0.2059 type=1.539 minimal=0.01582 physics=0.2999 total=0.1931
[TRAIN train_climax_no_moisture_constraint_s44] [TRAIN] stage=pretrain epoch=1/1 batch=2280/3000 step=2280 repair=0.009668 localization=0.2685 type=1.188 minimal=0.01782 physics=0.1664 total=0.2118
[TRAIN train_climax_no_moisture_constraint_s44] [TRAIN] stage=pretrain epoch=1/1 batch=2290/3000 step=2290 repair=0.005468 localization=0.2174 type=3.949 minimal=0.0181 physics=0.1074 total=0.7676
[TRAIN train_climax_no_moisture_constraint_s44] [TRAIN] stage=pretrain epoch=1/1 batch=2300/3000 step=2300 repair=0.002463 localization=0.3345 type=2.008 minimal=0.01417 physics=0.1157 total=0.3475
[TRAIN train_climax_no_moisture_constraint_s44] [TRAIN] stage=pretrain epoch=1/1 batch=2310/3000 step=2310 repair=0.01516 localization=0.2079 type=0.8862 minimal=0.01253 physics=1.429 total=0.1961
[TRAIN train_climax_no_moisture_constraint_s44] [TRAIN] stage=pretrain epoch=1/1 batch=2320/3000 step=2320 repair=0.01149 localization=0.3659 type=2.527 minimal=0.01187 physics=0.09467 total=0.4333
[TRAIN train_climax_no_moisture_constraint_s44] [TRAIN] stage=pretrain epoch=1/1 batch=2330/3000 step=2330 repair=0.002723 localization=0.184 type=1.202 minimal=0.01556 physics=0.07199 total=0.1875
[TRAIN train_climax_no_moisture_constraint_s44] [TRAIN] stage=pretrain epoch=1/1 batch=2340/3000 step=2340 repair=0.0009404 localization=0.4089 type=0.314 minimal=0.01295 physics=0.05184 total=0.09545
[TRAIN train_climax_no_moisture_constraint_s44] [TRAIN] stage=pretrain epoch=1/1 batch=2350/3000 step=2350 repair=0.01472 localization=0.4428 type=3.291 minimal=0.01494 physics=0.04965 total=0.3907
[TRAIN train_climax_no_moisture_constraint_s44] [TRAIN] stage=pretrain epoch=1/1 batch=2360/3000 step=2360 repair=0.00107 localization=0.2869 type=0.9578 minimal=0.01599 physics=0.04763 total=0.1328
[TRAIN train_climax_no_moisture_constraint_s44] [TRAIN] stage=pretrain epoch=1/1 batch=2370/3000 step=2370 repair=0.007085 localization=0.3466 type=2.36 minimal=0.01263 physics=0.03316 total=0.5492
[TRAIN train_climax_no_moisture_constraint_s44] [TRAIN] stage=pretrain epoch=1/1 batch=2380/3000 step=2380 repair=0.005705 localization=0.2325 type=1.103 minimal=0.017 physics=1.543 total=0.2166
[TRAIN train_climax_no_moisture_constraint_s44] [TRAIN] stage=pretrain epoch=1/1 batch=2390/3000 step=2390 repair=0.003953 localization=0.08194 type=0.02782 minimal=0.0248 physics=0.3939 total=0.03887
[TRAIN train_climax_no_moisture_constraint_s44] [TRAIN] stage=pretrain epoch=1/1 batch=2400/3000 step=2400 repair=0.00269 localization=0.1867 type=1.244 minimal=0.0154 physics=0.8922 total=0.1905
[TRAIN train_climax_no_moisture_constraint_s44] [TRAIN] stage=pretrain epoch=1/1 batch=2410/3000 step=2410 repair=0.004318 localization=0.3409 type=1.867 minimal=0.01528 physics=0.06631 total=0.3354
[TRAIN train_climax_no_moisture_constraint_s44] [TRAIN] stage=pretrain epoch=1/1 batch=2420/3000 step=2420 repair=0.0053 localization=0.2325 type=1.602 minimal=0.0183 physics=0.08464 total=0.2617
[TRAIN train_climax_no_moisture_constraint_s44] [TRAIN] stage=pretrain epoch=1/1 batch=2430/3000 step=2430 repair=0.003264 localization=0.2213 type=1.361 minimal=0.01826 physics=0.1394 total=0.2192
[TRAIN train_climax_no_moisture_constraint_s44] [TRAIN] stage=pretrain epoch=1/1 batch=2440/3000 step=2440 repair=0.005654 localization=0.2583 type=1.867 minimal=0.02248 physics=0.1245 total=0.3306
[TRAIN train_climax_no_moisture_constraint_s44] [TRAIN] stage=pretrain epoch=1/1 batch=2450/3000 step=2450 repair=0.006499 localization=0.3343 type=2.209 minimal=0.01468 physics=0.1366 total=0.3917
[TRAIN train_climax_no_moisture_constraint_s44] [TRAIN] stage=pretrain epoch=1/1 batch=2460/3000 step=2460 repair=0.001538 localization=0.2843 type=1.187 minimal=0.01353 physics=0.05046 total=0.1922
[TRAIN train_climax_no_moisture_constraint_s44] [TRAIN] stage=pretrain epoch=1/1 batch=2470/3000 step=2470 repair=0.003223 localization=0.1383 type=0.1506 minimal=0.01672 physics=0.4445 total=0.06274
[TRAIN train_climax_no_moisture_constraint_s44] [TRAIN] stage=pretrain epoch=1/1 batch=2480/3000 step=2480 repair=0.002688 localization=0.4185 type=1.744 minimal=0.01407 physics=0.7392 total=0.256
[TRAIN train_climax_no_moisture_constraint_s44] [TRAIN] stage=pretrain epoch=1/1 batch=2490/3000 step=2490 repair=0.008933 localization=0.2738 type=2.191 minimal=0.0127 physics=0.04472 total=0.4324
[TRAIN train_climax_no_moisture_constraint_s44] [TRAIN] stage=pretrain epoch=1/1 batch=2500/3000 step=2500 repair=0.002924 localization=0.239 type=2.584 minimal=0.01241 physics=0.04448 total=0.2876
[TRAIN train_climax_no_moisture_constraint_s44] [TRAIN] stage=pretrain epoch=1/1 batch=2510/3000 step=2510 repair=0.001801 localization=0.3818 type=1.992 minimal=0.01338 physics=0.03291 total=0.2409
[TRAIN train_climax_no_moisture_constraint_s44] [TRAIN] stage=pretrain epoch=1/1 batch=2520/3000 step=2520 repair=0.005066 localization=0.08098 type=0.009582 minimal=0.02214 physics=0.4731 total=0.03998
[TRAIN train_climax_no_moisture_constraint_s44] [TRAIN] stage=pretrain epoch=1/1 batch=2530/3000 step=2530 repair=0.002311 localization=0.3599 type=1.021 minimal=0.01063 physics=1.225 total=0.2018
[TRAIN train_climax_no_moisture_constraint_s44] [TRAIN] stage=pretrain epoch=1/1 batch=2540/3000 step=2540 repair=0.008632 localization=0.3836 type=1.915 minimal=0.0141 physics=0.09213 total=0.3584
[TRAIN train_climax_no_moisture_constraint_s44] [TRAIN] stage=pretrain epoch=1/1 batch=2550/3000 step=2550 repair=0.02502 localization=0.3511 type=2.732 minimal=0.01559 physics=4.179 total=0.5425
[TRAIN train_climax_no_moisture_constraint_s44] [TRAIN] stage=pretrain epoch=1/1 batch=2560/3000 step=2560 repair=0.003021 localization=0.3323 type=1.351 minimal=0.01462 physics=0.06159 total=0.1745
[TRAIN train_climax_no_moisture_constraint_s44] [TRAIN] stage=pretrain epoch=1/1 batch=2570/3000 step=2570 repair=0.01793 localization=0.2262 type=0.8726 minimal=0.0147 physics=1.545 total=0.2052
[TRAIN train_climax_no_moisture_constraint_s44] [TRAIN] stage=pretrain epoch=1/1 batch=2580/3000 step=2580 repair=0.00616 localization=0.2443 type=0.9424 minimal=0.01438 physics=1.333 total=0.1916
[TRAIN train_climax_no_moisture_constraint_s44] [TRAIN] stage=pretrain epoch=1/1 batch=2590/3000 step=2590 repair=0.002345 localization=0.3894 type=1.249 minimal=0.01527 physics=0.05718 total=0.1692
[TRAIN train_climax_no_moisture_constraint_s44] [TRAIN] stage=pretrain epoch=1/1 batch=2600/3000 step=2600 repair=0.002742 localization=0.2497 type=1.45 minimal=0.01558 physics=0.2082 total=0.3057
[TRAIN train_climax_no_moisture_constraint_s44] [TRAIN] stage=pretrain epoch=1/1 batch=2610/3000 step=2610 repair=0.003176 localization=0.2877 type=1.116 minimal=0.01675 physics=0.09827 total=0.1486
[TRAIN train_climax_no_moisture_constraint_s44] [TRAIN] stage=pretrain epoch=1/1 batch=2620/3000 step=2620 repair=0.001884 localization=0.05619 type=0.008257 minimal=0.01917 physics=0.4946 total=0.03401
[TRAIN train_climax_no_moisture_constraint_s44] [TRAIN] stage=pretrain epoch=1/1 batch=2630/3000 step=2630 repair=0.001034 localization=0.2535 type=2.025 minimal=0.01578 physics=0.07682 total=0.302
[TRAIN train_climax_no_moisture_constraint_s44] [TRAIN] stage=pretrain epoch=1/1 batch=2640/3000 step=2640 repair=0.003156 localization=0.2381 type=1.497 minimal=0.01471 physics=0.1201 total=0.1828
[TRAIN train_climax_no_moisture_constraint_s44] [TRAIN] stage=pretrain epoch=1/1 batch=2650/3000 step=2650 repair=0.0009998 localization=0.07886 type=0.04327 minimal=0.01521 physics=0.1897 total=0.02561
[TRAIN train_climax_no_moisture_constraint_s44] [TRAIN] stage=pretrain epoch=1/1 batch=2660/3000 step=2660 repair=0.002678 localization=0.328 type=1.14 minimal=0.01619 physics=0.1334 total=0.1563
[TRAIN train_climax_no_moisture_constraint_s44] [TRAIN] stage=pretrain epoch=1/1 batch=2670/3000 step=2670 repair=0.007578 localization=0.3075 type=1.472 minimal=0.01443 physics=1.21 total=0.2461
[TRAIN train_climax_no_moisture_constraint_s44] [TRAIN] stage=pretrain epoch=1/1 batch=2680/3000 step=2680 repair=0.005176 localization=0.2444 type=1.641 minimal=0.01546 physics=0.06902 total=0.26
[TRAIN train_climax_no_moisture_constraint_s44] [TRAIN] stage=pretrain epoch=1/1 batch=2690/3000 step=2690 repair=0.04601 localization=0.4332 type=1.262 minimal=0.01988 physics=2.112 total=0.3214
[TRAIN train_climax_no_moisture_constraint_s44] [TRAIN] stage=pretrain epoch=1/1 batch=2700/3000 step=2700 repair=0.005015 localization=0.3625 type=1.514 minimal=0.01982 physics=0.08248 total=0.2621
[TRAIN train_climax_no_moisture_constraint_s44] [TRAIN] stage=pretrain epoch=1/1 batch=2710/3000 step=2710 repair=0.001237 localization=0.3465 type=1.299 minimal=0.01372 physics=0.06414 total=0.2135
[TRAIN train_climax_no_moisture_constraint_s44] [TRAIN] stage=pretrain epoch=1/1 batch=2720/3000 step=2720 repair=0.001946 localization=0.03076 type=0.01737 minimal=0.01782 physics=0.2559 total=0.02068
[TRAIN train_climax_no_moisture_constraint_s44] [TRAIN] stage=pretrain epoch=1/1 batch=2730/3000 step=2730 repair=0.003189 localization=0.3978 type=0.5188 minimal=0.01698 physics=0.07922 total=0.1208
[TRAIN train_climax_no_moisture_constraint_s44] [TRAIN] stage=pretrain epoch=1/1 batch=2740/3000 step=2740 repair=0.001398 localization=0.2513 type=0.5261 minimal=0.01445 physics=0.104 total=0.105
[TRAIN train_climax_no_moisture_constraint_s44] [TRAIN] stage=pretrain epoch=1/1 batch=2750/3000 step=2750 repair=0.00265 localization=0.2979 type=1.222 minimal=0.01421 physics=1.057 total=0.2076
[TRAIN train_climax_no_moisture_constraint_s44] [TRAIN] stage=pretrain epoch=1/1 batch=2760/3000 step=2760 repair=0.01444 localization=0.3525 type=2.054 minimal=0.01645 physics=0.05135 total=0.2578
[TRAIN train_climax_no_moisture_constraint_s44] [TRAIN] stage=pretrain epoch=1/1 batch=2770/3000 step=2770 repair=0.002292 localization=0.04828 type=0.04735 minimal=0.02013 physics=0.9062 total=0.06318
[TRAIN train_climax_no_moisture_constraint_s44] [TRAIN] stage=pretrain epoch=1/1 batch=2780/3000 step=2780 repair=0.0141 localization=0.3742 type=1.081 minimal=0.01495 physics=0.08944 total=0.1642
[TRAIN train_climax_no_moisture_constraint_s44] [TRAIN] stage=pretrain epoch=1/1 batch=2790/3000 step=2790 repair=0.0217 localization=0.2788 type=1.623 minimal=0.01525 physics=1.856 total=0.3048
[TRAIN train_climax_no_moisture_constraint_s44] [TRAIN] stage=pretrain epoch=1/1 batch=2800/3000 step=2800 repair=0.00229 localization=0.3534 type=1.956 minimal=0.0159 physics=0.05226 total=0.2943
[TRAIN train_climax_no_moisture_constraint_s44] [TRAIN] stage=pretrain epoch=1/1 batch=2810/3000 step=2810 repair=0.002811 localization=0.04008 type=0.04729 minimal=0.02112 physics=0.2363 total=0.02725
[TRAIN train_climax_no_moisture_constraint_s44] [TRAIN] stage=pretrain epoch=1/1 batch=2820/3000 step=2820 repair=0.002435 localization=0.182 type=1.337 minimal=0.01834 physics=0.07382 total=0.2118
[TRAIN train_climax_no_moisture_constraint_s44] [TRAIN] stage=pretrain epoch=1/1 batch=2830/3000 step=2830 repair=0.001814 localization=0.3156 type=2.166 minimal=0.01433 physics=0.5383 total=0.277
[TRAIN train_climax_no_moisture_constraint_s44] [TRAIN] stage=pretrain epoch=1/1 batch=2840/3000 step=2840 repair=0.001789 localization=0.1925 type=1.646 minimal=0.01319 physics=0.8198 total=0.2268
[TRAIN train_climax_no_moisture_constraint_s44] [TRAIN] stage=pretrain epoch=1/1 batch=2850/3000 step=2850 repair=0.01619 localization=0.2064 type=1.778 minimal=0.0146 physics=1.877 total=0.3086
[TRAIN train_climax_no_moisture_constraint_s44] [TRAIN] stage=pretrain epoch=1/1 batch=2860/3000 step=2860 repair=0.003023 localization=0.2943 type=0.967 minimal=0.0163 physics=0.1149 total=0.1966
[TRAIN train_climax_no_moisture_constraint_s44] [TRAIN] stage=pretrain epoch=1/1 batch=2870/3000 step=2870 repair=0.002692 localization=0.3459 type=1.494 minimal=0.01498 physics=0.08093 total=0.2972
[TRAIN train_climax_no_moisture_constraint_s44] [TRAIN] stage=pretrain epoch=1/1 batch=2880/3000 step=2880 repair=0.002142 localization=0.2972 type=1.584 minimal=0.01343 physics=0.1782 total=0.3142
[TRAIN train_climax_no_moisture_constraint_s44] [TRAIN] stage=pretrain epoch=1/1 batch=2890/3000 step=2890 repair=0.002566 localization=0.2188 type=1.573 minimal=0.01505 physics=0.1093 total=0.2866
[TRAIN train_climax_no_moisture_constraint_s44] [TRAIN] stage=pretrain epoch=1/1 batch=2900/3000 step=2900 repair=0.01165 localization=0.02547 type=0.0001247 minimal=0.02794 physics=0.8817 total=0.05861
[TRAIN train_climax_no_moisture_constraint_s44] [TRAIN] stage=pretrain epoch=1/1 batch=2910/3000 step=2910 repair=0.004505 localization=0.2524 type=0.8896 minimal=0.01689 physics=0.4252 total=0.1401
[TRAIN train_climax_no_moisture_constraint_s44] [TRAIN] stage=pretrain epoch=1/1 batch=2920/3000 step=2920 repair=0.007067 localization=0.3198 type=1.731 minimal=0.01848 physics=0.08436 total=0.2165
[TRAIN train_climax_no_moisture_constraint_s44] [TRAIN] stage=pretrain epoch=1/1 batch=2930/3000 step=2930 repair=0.005529 localization=0.1962 type=1.498 minimal=0.01796 physics=0.9429 total=0.2223
[TRAIN train_climax_no_moisture_constraint_s44] [TRAIN] stage=pretrain epoch=1/1 batch=2940/3000 step=2940 repair=0.006366 localization=0.414 type=1.169 minimal=0.01636 physics=0.1519 total=0.2108
[TRAIN train_climax_no_moisture_constraint_s44] [TRAIN] stage=pretrain epoch=1/1 batch=2950/3000 step=2950 repair=0.006165 localization=0.2843 type=1.12 minimal=0.0222 physics=0.1148 total=0.1526
[TRAIN train_climax_no_moisture_constraint_s44] [TRAIN] stage=pretrain epoch=1/1 batch=2960/3000 step=2960 repair=0.00418 localization=0.04251 type=0.0005753 minimal=0.02318 physics=0.5303 total=0.03533
[TRAIN train_climax_no_moisture_constraint_s44] [TRAIN] stage=pretrain epoch=1/1 batch=2970/3000 step=2970 repair=0.003175 localization=0.2808 type=2.122 minimal=0.01617 physics=0.1247 total=0.3791
[TRAIN train_climax_no_moisture_constraint_s44] [TRAIN] stage=pretrain epoch=1/1 batch=2980/3000 step=2980 repair=0.001509 localization=0.0247 type=0.001783 minimal=0.01984 physics=0.2557 total=0.01738
[TRAIN train_climax_no_moisture_constraint_s44] [TRAIN] stage=pretrain epoch=1/1 batch=2990/3000 step=2990 repair=0.005634 localization=0.3503 type=1.224 minimal=0.01604 physics=0.1127 total=0.2168
[TRAIN train_climax_no_moisture_constraint_s44] [TRAIN] stage=pretrain epoch=1/1 batch=3000/3000 step=3000 repair=0.04229 localization=0.5053 type=1.581 minimal=0.01701 physics=1.58 total=0.3301
[TRAIN train_climax_no_moisture_constraint_s44] [EPOCH] {'stage': 'pretrain', 'epoch': 0, 'global_step': 3000, 'train_total': 0.2725585428867489, 'val_repair_mse': 0.13112221751362085, 'elapsed_seconds': 1945.79}
[TRAIN train_climax_no_moisture_constraint_s44] [BEST] val_repair_mse=0.131122
[TRAIN train_climax_no_moisture_constraint_s44] [STAGE] finetune epochs=1 start_epoch=0
[TRAIN train_climax_no_moisture_constraint_s44] [TRAIN] stage=finetune epoch=1/1 batch=10/3000 step=3010 repair=0.1269 localization=0 type=0 minimal=0.03296 physics=0.576 total=0.156
[TRAIN train_climax_no_moisture_constraint_s44] [TRAIN] stage=finetune epoch=1/1 batch=20/3000 step=3020 repair=0.1182 localization=0 type=0 minimal=0.03552 physics=0.5611 total=0.1466
[TRAIN train_climax_no_moisture_constraint_s44] [TRAIN] stage=finetune epoch=1/1 batch=30/3000 step=3030 repair=0.09516 localization=0 type=0 minimal=0.04086 physics=0.4981 total=0.1205
[TRAIN train_climax_no_moisture_constraint_s44] [TRAIN] stage=finetune epoch=1/1 batch=40/3000 step=3040 repair=0.1498 localization=0 type=0 minimal=0.03873 physics=0.5384 total=0.1772
[TRAIN train_climax_no_moisture_constraint_s44] [TRAIN] stage=finetune epoch=1/1 batch=50/3000 step=3050 repair=0.1646 localization=0 type=0 minimal=0.03992 physics=0.6199 total=0.196
[TRAIN train_climax_no_moisture_constraint_s44] [TRAIN] stage=finetune epoch=1/1 batch=60/3000 step=3060 repair=0.1004 localization=0 type=0 minimal=0.0354 physics=0.5956 total=0.1305
[TRAIN train_climax_no_moisture_constraint_s44] [TRAIN] stage=finetune epoch=1/1 batch=70/3000 step=3070 repair=0.0926 localization=0 type=0 minimal=0.03595 physics=0.6839 total=0.1272
[TRAIN train_climax_no_moisture_constraint_s44] [TRAIN] stage=finetune epoch=1/1 batch=80/3000 step=3080 repair=0.1247 localization=0 type=0 minimal=0.03214 physics=0.7284 total=0.1615
[TRAIN train_climax_no_moisture_constraint_s44] [TRAIN] stage=finetune epoch=1/1 batch=90/3000 step=3090 repair=0.1327 localization=0 type=0 minimal=0.04239 physics=0.7044 total=0.1684
[TRAIN train_climax_no_moisture_constraint_s44] [TRAIN] stage=finetune epoch=1/1 batch=100/3000 step=3100 repair=0.1006 localization=0 type=0 minimal=0.03571 physics=0.6041 total=0.1312
[TRAIN train_climax_no_moisture_constraint_s44] [TRAIN] stage=finetune epoch=1/1 batch=110/3000 step=3110 repair=0.1289 localization=0 type=0 minimal=0.0365 physics=0.5925 total=0.1589
[TRAIN train_climax_no_moisture_constraint_s44] [TRAIN] stage=finetune epoch=1/1 batch=120/3000 step=3120 repair=0.1654 localization=0 type=0 minimal=0.0383 physics=0.6289 total=0.1972
[TRAIN train_climax_no_moisture_constraint_s44] [TRAIN] stage=finetune epoch=1/1 batch=130/3000 step=3130 repair=0.09719 localization=0 type=0 minimal=0.03818 physics=0.5388 total=0.1245
[TRAIN train_climax_no_moisture_constraint_s44] [TRAIN] stage=finetune epoch=1/1 batch=140/3000 step=3140 repair=0.1224 localization=0 type=0 minimal=0.03821 physics=0.5426 total=0.1499
[TRAIN train_climax_no_moisture_constraint_s44] [TRAIN] stage=finetune epoch=1/1 batch=150/3000 step=3150 repair=0.09098 localization=0 type=0 minimal=0.04117 physics=0.5692 total=0.1198
[TRAIN train_climax_no_moisture_constraint_s44] [TRAIN] stage=finetune epoch=1/1 batch=160/3000 step=3160 repair=0.08588 localization=0 type=0 minimal=0.03644 physics=0.5778 total=0.1151
[TRAIN train_climax_no_moisture_constraint_s44] [TRAIN] stage=finetune epoch=1/1 batch=170/3000 step=3170 repair=0.1618 localization=0 type=0 minimal=0.0379 physics=0.6507 total=0.1947
[TRAIN train_climax_no_moisture_constraint_s44] [TRAIN] stage=finetune epoch=1/1 batch=180/3000 step=3180 repair=0.131 localization=0 type=0 minimal=0.04547 physics=0.6232 total=0.1626
[TRAIN train_climax_no_moisture_constraint_s44] [TRAIN] stage=finetune epoch=1/1 batch=190/3000 step=3190 repair=0.08814 localization=0 type=0 minimal=0.04126 physics=0.5731 total=0.1172
[TRAIN train_climax_no_moisture_constraint_s44] [TRAIN] stage=finetune epoch=1/1 batch=200/3000 step=3200 repair=0.1301 localization=0 type=0 minimal=0.03934 physics=0.5808 total=0.1595
[TRAIN train_climax_no_moisture_constraint_s44] [TRAIN] stage=finetune epoch=1/1 batch=210/3000 step=3210 repair=0.1504 localization=0 type=0 minimal=0.0441 physics=0.6019 total=0.1809
[TRAIN train_climax_no_moisture_constraint_s44] [TRAIN] stage=finetune epoch=1/1 batch=220/3000 step=3220 repair=0.1207 localization=0 type=0 minimal=0.04218 physics=0.5969 total=0.1509
[TRAIN train_climax_no_moisture_constraint_s44] [TRAIN] stage=finetune epoch=1/1 batch=230/3000 step=3230 repair=0.1323 localization=0 type=0 minimal=0.04587 physics=0.5841 total=0.162
[TRAIN train_climax_no_moisture_constraint_s44] [TRAIN] stage=finetune epoch=1/1 batch=240/3000 step=3240 repair=0.08723 localization=0 type=0 minimal=0.04315 physics=0.5143 total=0.1134
[TRAIN train_climax_no_moisture_constraint_s44] [TRAIN] stage=finetune epoch=1/1 batch=250/3000 step=3250 repair=0.09457 localization=0 type=0 minimal=0.04105 physics=0.5237 total=0.1212
[TRAIN train_climax_no_moisture_constraint_s44] [TRAIN] stage=finetune epoch=1/1 batch=260/3000 step=3260 repair=0.07975 localization=0 type=0 minimal=0.03973 physics=0.4917 total=0.1047
[TRAIN train_climax_no_moisture_constraint_s44] [TRAIN] stage=finetune epoch=1/1 batch=270/3000 step=3270 repair=0.08873 localization=0 type=0 minimal=0.04416 physics=0.5255 total=0.1154
[TRAIN train_climax_no_moisture_constraint_s44] [TRAIN] stage=finetune epoch=1/1 batch=280/3000 step=3280 repair=0.138 localization=0 type=0 minimal=0.04724 physics=0.5534 total=0.1661
[TRAIN train_climax_no_moisture_constraint_s44] [TRAIN] stage=finetune epoch=1/1 batch=290/3000 step=3290 repair=0.09061 localization=0 type=0 minimal=0.04526 physics=0.5134 total=0.1167
[TRAIN train_climax_no_moisture_constraint_s44] [TRAIN] stage=finetune epoch=1/1 batch=300/3000 step=3300 repair=0.1187 localization=0 type=0 minimal=0.04825 physics=0.5313 total=0.1457
[TRAIN train_climax_no_moisture_constraint_s44] [TRAIN] stage=finetune epoch=1/1 batch=310/3000 step=3310 repair=0.1145 localization=0 type=0 minimal=0.04544 physics=0.5126 total=0.1406
[TRAIN train_climax_no_moisture_constraint_s44] [TRAIN] stage=finetune epoch=1/1 batch=320/3000 step=3320 repair=0.08834 localization=0 type=0 minimal=0.04523 physics=0.5125 total=0.1144
[TRAIN train_climax_no_moisture_constraint_s44] [TRAIN] stage=finetune epoch=1/1 batch=330/3000 step=3330 repair=0.1498 localization=0 type=0 minimal=0.05072 physics=0.6079 total=0.1807
[TRAIN train_climax_no_moisture_constraint_s44] [TRAIN] stage=finetune epoch=1/1 batch=340/3000 step=3340 repair=0.0857 localization=0 type=0 minimal=0.04471 physics=0.5577 total=0.114
[TRAIN train_climax_no_moisture_constraint_s44] [TRAIN] stage=finetune epoch=1/1 batch=350/3000 step=3350 repair=0.09158 localization=0 type=0 minimal=0.0499 physics=0.5363 total=0.1189
[TRAIN train_climax_no_moisture_constraint_s44] [TRAIN] stage=finetune epoch=1/1 batch=360/3000 step=3360 repair=0.08364 localization=0 type=0 minimal=0.04047 physics=0.4971 total=0.1089
[TRAIN train_climax_no_moisture_constraint_s44] [TRAIN] stage=finetune epoch=1/1 batch=370/3000 step=3370 repair=0.1186 localization=0 type=0 minimal=0.04456 physics=0.4907 total=0.1435
[TRAIN train_climax_no_moisture_constraint_s44] [TRAIN] stage=finetune epoch=1/1 batch=380/3000 step=3380 repair=0.08344 localization=0 type=0 minimal=0.04712 physics=0.4595 total=0.1069
[TRAIN train_climax_no_moisture_constraint_s44] [TRAIN] stage=finetune epoch=1/1 batch=390/3000 step=3390 repair=0.1229 localization=0 type=0 minimal=0.04672 physics=0.4989 total=0.1483
[TRAIN train_climax_no_moisture_constraint_s44] [TRAIN] stage=finetune epoch=1/1 batch=400/3000 step=3400 repair=0.1245 localization=0 type=0 minimal=0.04788 physics=0.4919 total=0.1496
[TRAIN train_climax_no_moisture_constraint_s44] [TRAIN] stage=finetune epoch=1/1 batch=410/3000 step=3410 repair=0.07586 localization=0 type=0 minimal=0.04483 physics=0.4665 total=0.09964
[TRAIN train_climax_no_moisture_constraint_s44] [TRAIN] stage=finetune epoch=1/1 batch=420/3000 step=3420 repair=0.07351 localization=0 type=0 minimal=0.04529 physics=0.4905 total=0.09849
[TRAIN train_climax_no_moisture_constraint_s44] [TRAIN] stage=finetune epoch=1/1 batch=430/3000 step=3430 repair=0.08013 localization=0 type=0 minimal=0.047 physics=0.4692 total=0.1041
[TRAIN train_climax_no_moisture_constraint_s44] [TRAIN] stage=finetune epoch=1/1 batch=440/3000 step=3440 repair=0.119 localization=0 type=0 minimal=0.05161 physics=0.5068 total=0.1449
[TRAIN train_climax_no_moisture_constraint_s44] [TRAIN] stage=finetune epoch=1/1 batch=450/3000 step=3450 repair=0.08034 localization=0 type=0 minimal=0.04895 physics=0.459 total=0.1038
[TRAIN train_climax_no_moisture_constraint_s44] [TRAIN] stage=finetune epoch=1/1 batch=460/3000 step=3460 repair=0.06542 localization=0 type=0 minimal=0.04742 physics=0.411 total=0.08644
[TRAIN train_climax_no_moisture_constraint_s44] [TRAIN] stage=finetune epoch=1/1 batch=470/3000 step=3470 repair=0.1221 localization=0 type=0 minimal=0.05066 physics=0.4502 total=0.1451
[TRAIN train_climax_no_moisture_constraint_s44] [TRAIN] stage=finetune epoch=1/1 batch=480/3000 step=3480 repair=0.1651 localization=0 type=0 minimal=0.05466 physics=0.464 total=0.1888
[TRAIN train_climax_no_moisture_constraint_s44] [TRAIN] stage=finetune epoch=1/1 batch=490/3000 step=3490 repair=0.09391 localization=0 type=0 minimal=0.05167 physics=0.3796 total=0.1134
[TRAIN train_climax_no_moisture_constraint_s44] [TRAIN] stage=finetune epoch=1/1 batch=500/3000 step=3500 repair=0.1766 localization=0 type=0 minimal=0.05249 physics=0.4498 total=0.1996
[TRAIN train_climax_no_moisture_constraint_s44] [TRAIN] stage=finetune epoch=1/1 batch=510/3000 step=3510 repair=0.1222 localization=0 type=0 minimal=0.04715 physics=0.3821 total=0.1418
[TRAIN train_climax_no_moisture_constraint_s44] [TRAIN] stage=finetune epoch=1/1 batch=520/3000 step=3520 repair=0.1185 localization=0 type=0 minimal=0.05096 physics=0.3803 total=0.1381
[TRAIN train_climax_no_moisture_constraint_s44] [TRAIN] stage=finetune epoch=1/1 batch=530/3000 step=3530 repair=0.1264 localization=0 type=0 minimal=0.05139 physics=0.4059 total=0.1472
[TRAIN train_climax_no_moisture_constraint_s44] [TRAIN] stage=finetune epoch=1/1 batch=540/3000 step=3540 repair=0.1216 localization=0 type=0 minimal=0.04294 physics=0.4569 total=0.1449
[TRAIN train_climax_no_moisture_constraint_s44] [TRAIN] stage=finetune epoch=1/1 batch=550/3000 step=3550 repair=0.07906 localization=0 type=0 minimal=0.05157 physics=0.4199 total=0.1006
[TRAIN train_climax_no_moisture_constraint_s44] [TRAIN] stage=finetune epoch=1/1 batch=560/3000 step=3560 repair=0.1249 localization=0 type=0 minimal=0.0397 physics=0.5246 total=0.1515
[TRAIN train_climax_no_moisture_constraint_s44] [TRAIN] stage=finetune epoch=1/1 batch=570/3000 step=3570 repair=0.125 localization=0 type=0 minimal=0.05551 physics=0.5114 total=0.1511
[TRAIN train_climax_no_moisture_constraint_s44] [TRAIN] stage=finetune epoch=1/1 batch=580/3000 step=3580 repair=0.07452 localization=0 type=0 minimal=0.05322 physics=0.4658 total=0.09834
[TRAIN train_climax_no_moisture_constraint_s44] [TRAIN] stage=finetune epoch=1/1 batch=590/3000 step=3590 repair=0.1278 localization=0 type=0 minimal=0.05545 physics=0.5316 total=0.155
[TRAIN train_climax_no_moisture_constraint_s44] [TRAIN] stage=finetune epoch=1/1 batch=600/3000 step=3600 repair=0.06449 localization=0 type=0 minimal=0.05051 physics=0.5203 total=0.091
[TRAIN train_climax_no_moisture_constraint_s44] [TRAIN] stage=finetune epoch=1/1 batch=610/3000 step=3610 repair=0.1184 localization=0 type=0 minimal=0.05267 physics=0.6082 total=0.1493
[TRAIN train_climax_no_moisture_constraint_s44] [TRAIN] stage=finetune epoch=1/1 batch=620/3000 step=3620 repair=0.07251 localization=0 type=0 minimal=0.04956 physics=0.5563 total=0.1008
[TRAIN train_climax_no_moisture_constraint_s44] [TRAIN] stage=finetune epoch=1/1 batch=630/3000 step=3630 repair=0.08387 localization=0 type=0 minimal=0.05411 physics=0.5901 total=0.1139
[TRAIN train_climax_no_moisture_constraint_s44] [TRAIN] stage=finetune epoch=1/1 batch=640/3000 step=3640 repair=0.08415 localization=0 type=0 minimal=0.05286 physics=0.5352 total=0.1114
[TRAIN train_climax_no_moisture_constraint_s44] [TRAIN] stage=finetune epoch=1/1 batch=650/3000 step=3650 repair=0.1297 localization=0 type=0 minimal=0.05698 physics=0.518 total=0.1562
[TRAIN train_climax_no_moisture_constraint_s44] [TRAIN] stage=finetune epoch=1/1 batch=660/3000 step=3660 repair=0.1146 localization=0 type=0 minimal=0.05603 physics=0.5394 total=0.1422
[TRAIN train_climax_no_moisture_constraint_s44] [TRAIN] stage=finetune epoch=1/1 batch=670/3000 step=3670 repair=0.0741 localization=0 type=0 minimal=0.05447 physics=0.524 total=0.1008
[TRAIN train_climax_no_moisture_constraint_s44] [TRAIN] stage=finetune epoch=1/1 batch=680/3000 step=3680 repair=0.1011 localization=0 type=0 minimal=0.06042 physics=0.5626 total=0.1298
[TRAIN train_climax_no_moisture_constraint_s44] [TRAIN] stage=finetune epoch=1/1 batch=690/3000 step=3690 repair=0.1256 localization=0 type=0 minimal=0.05847 physics=0.6181 total=0.1571
[TRAIN train_climax_no_moisture_constraint_s44] [TRAIN] stage=finetune epoch=1/1 batch=700/3000 step=3700 repair=0.08012 localization=0 type=0 minimal=0.05313 physics=0.6139 total=0.1113
[TRAIN train_climax_no_moisture_constraint_s44] [TRAIN] stage=finetune epoch=1/1 batch=710/3000 step=3710 repair=0.1186 localization=0 type=0 minimal=0.05737 physics=0.6465 total=0.1515
[TRAIN train_climax_no_moisture_constraint_s44] [TRAIN] stage=finetune epoch=1/1 batch=720/3000 step=3720 repair=0.1177 localization=0 type=0 minimal=0.05841 physics=0.5591 total=0.1462
[TRAIN train_climax_no_moisture_constraint_s44] [TRAIN] stage=finetune epoch=1/1 batch=730/3000 step=3730 repair=0.07568 localization=0 type=0 minimal=0.0556 physics=0.5089 total=0.1017
[TRAIN train_climax_no_moisture_constraint_s44] [TRAIN] stage=finetune epoch=1/1 batch=740/3000 step=3740 repair=0.1318 localization=0 type=0 minimal=0.05612 physics=0.4951 total=0.1571
[TRAIN train_climax_no_moisture_constraint_s44] [TRAIN] stage=finetune epoch=1/1 batch=750/3000 step=3750 repair=0.07639 localization=0 type=0 minimal=0.05618 physics=0.4601 total=0.09995
[TRAIN train_climax_no_moisture_constraint_s44] [TRAIN] stage=finetune epoch=1/1 batch=760/3000 step=3760 repair=0.0738 localization=0 type=0 minimal=0.05417 physics=0.4554 total=0.09711
[TRAIN train_climax_no_moisture_constraint_s44] [TRAIN] stage=finetune epoch=1/1 batch=770/3000 step=3770 repair=0.09127 localization=0 type=0 minimal=0.05984 physics=0.4832 total=0.116
[TRAIN train_climax_no_moisture_constraint_s44] [TRAIN] stage=finetune epoch=1/1 batch=780/3000 step=3780 repair=0.0688 localization=0 type=0 minimal=0.05725 physics=0.476 total=0.09317
[TRAIN train_climax_no_moisture_constraint_s44] [TRAIN] stage=finetune epoch=1/1 batch=790/3000 step=3790 repair=0.1085 localization=0 type=0 minimal=0.0582 physics=0.4973 total=0.134
[TRAIN train_climax_no_moisture_constraint_s44] [TRAIN] stage=finetune epoch=1/1 batch=800/3000 step=3800 repair=0.1517 localization=0 type=0 minimal=0.0585 physics=0.4846 total=0.1765
[TRAIN train_climax_no_moisture_constraint_s44] [TRAIN] stage=finetune epoch=1/1 batch=810/3000 step=3810 repair=0.0822 localization=0 type=0 minimal=0.03867 physics=0.8032 total=0.1227
[TRAIN train_climax_no_moisture_constraint_s44] [TRAIN] stage=finetune epoch=1/1 batch=820/3000 step=3820 repair=0.09052 localization=0 type=0 minimal=0.04703 physics=0.6355 total=0.1228
[TRAIN train_climax_no_moisture_constraint_s44] [TRAIN] stage=finetune epoch=1/1 batch=830/3000 step=3830 repair=0.09518 localization=0 type=0 minimal=0.06113 physics=0.5224 total=0.1219
[TRAIN train_climax_no_moisture_constraint_s44] [TRAIN] stage=finetune epoch=1/1 batch=840/3000 step=3840 repair=0.1217 localization=0 type=0 minimal=0.05826 physics=0.5266 total=0.1486
[TRAIN train_climax_no_moisture_constraint_s44] [TRAIN] stage=finetune epoch=1/1 batch=850/3000 step=3850 repair=0.1317 localization=0 type=0 minimal=0.05734 physics=0.5236 total=0.1585
[TRAIN train_climax_no_moisture_constraint_s44] [TRAIN] stage=finetune epoch=1/1 batch=860/3000 step=3860 repair=0.08029 localization=0 type=0 minimal=0.06223 physics=0.4941 total=0.1056
[TRAIN train_climax_no_moisture_constraint_s44] [TRAIN] stage=finetune epoch=1/1 batch=870/3000 step=3870 repair=0.08559 localization=0 type=0 minimal=0.05945 physics=0.4871 total=0.1105
[TRAIN train_climax_no_moisture_constraint_s44] [TRAIN] stage=finetune epoch=1/1 batch=880/3000 step=3880 repair=0.1148 localization=0 type=0 minimal=0.05817 physics=0.5249 total=0.1416
[TRAIN train_climax_no_moisture_constraint_s44] [TRAIN] stage=finetune epoch=1/1 batch=890/3000 step=3890 repair=0.07606 localization=0 type=0 minimal=0.05762 physics=0.4853 total=0.1009
[TRAIN train_climax_no_moisture_constraint_s44] [TRAIN] stage=finetune epoch=1/1 batch=900/3000 step=3900 repair=0.07933 localization=0 type=0 minimal=0.05881 physics=0.546 total=0.1072
[TRAIN train_climax_no_moisture_constraint_s44] [TRAIN] stage=finetune epoch=1/1 batch=910/3000 step=3910 repair=0.07764 localization=0 type=0 minimal=0.06152 physics=0.5525 total=0.1059
[TRAIN train_climax_no_moisture_constraint_s44] [TRAIN] stage=finetune epoch=1/1 batch=920/3000 step=3920 repair=0.114 localization=0 type=0 minimal=0.06247 physics=0.5836 total=0.1438
[TRAIN train_climax_no_moisture_constraint_s44] [TRAIN] stage=finetune epoch=1/1 batch=930/3000 step=3930 repair=0.06709 localization=0 type=0 minimal=0.05951 physics=0.5399 total=0.09468
[TRAIN train_climax_no_moisture_constraint_s44] [TRAIN] stage=finetune epoch=1/1 batch=940/3000 step=3940 repair=0.0661 localization=0 type=0 minimal=0.06152 physics=0.5328 total=0.09336
[TRAIN train_climax_no_moisture_constraint_s44] [TRAIN] stage=finetune epoch=1/1 batch=950/3000 step=3950 repair=0.09451 localization=0 type=0 minimal=0.05878 physics=0.5352 total=0.1219
[TRAIN train_climax_no_moisture_constraint_s44] [TRAIN] stage=finetune epoch=1/1 batch=960/3000 step=3960 repair=0.08466 localization=0 type=0 minimal=0.05762 physics=0.4995 total=0.1102
[TRAIN train_climax_no_moisture_constraint_s44] [TRAIN] stage=finetune epoch=1/1 batch=970/3000 step=3970 repair=0.1648 localization=0 type=0 minimal=0.04767 physics=0.5747 total=0.194
[TRAIN train_climax_no_moisture_constraint_s44] [TRAIN] stage=finetune epoch=1/1 batch=980/3000 step=3980 repair=0.08508 localization=0 type=0 minimal=0.05588 physics=0.5419 total=0.1127
[TRAIN train_climax_no_moisture_constraint_s44] [TRAIN] stage=finetune epoch=1/1 batch=990/3000 step=3990 repair=0.07879 localization=0 type=0 minimal=0.06281 physics=0.5361 total=0.1062
[TRAIN train_climax_no_moisture_constraint_s44] [TRAIN] stage=finetune epoch=1/1 batch=1000/3000 step=4000 repair=0.1199 localization=0 type=0 minimal=0.05515 physics=0.5551 total=0.1482
[TRAIN train_climax_no_moisture_constraint_s44] [TRAIN] stage=finetune epoch=1/1 batch=1010/3000 step=4010 repair=0.06518 localization=0 type=0 minimal=0.06805 physics=0.4613 total=0.08893
[TRAIN train_climax_no_moisture_constraint_s44] [TRAIN] stage=finetune epoch=1/1 batch=1020/3000 step=4020 repair=0.1241 localization=0 type=0 minimal=0.05942 physics=0.4767 total=0.1486
[TRAIN train_climax_no_moisture_constraint_s44] [TRAIN] stage=finetune epoch=1/1 batch=1030/3000 step=4030 repair=0.122 localization=0 type=0 minimal=0.04916 physics=0.4754 total=0.1463
[TRAIN train_climax_no_moisture_constraint_s44] [TRAIN] stage=finetune epoch=1/1 batch=1040/3000 step=4040 repair=0.1167 localization=0 type=0 minimal=0.05887 physics=0.5414 total=0.1443
[TRAIN train_climax_no_moisture_constraint_s44] [TRAIN] stage=finetune epoch=1/1 batch=1050/3000 step=4050 repair=0.1165 localization=0 type=0 minimal=0.06158 physics=0.5146 total=0.1428
[TRAIN train_climax_no_moisture_constraint_s44] [TRAIN] stage=finetune epoch=1/1 batch=1060/3000 step=4060 repair=0.1039 localization=0 type=0 minimal=0.05847 physics=0.5047 total=0.1297
[TRAIN train_climax_no_moisture_constraint_s44] [TRAIN] stage=finetune epoch=1/1 batch=1070/3000 step=4070 repair=0.1149 localization=0 type=0 minimal=0.06049 physics=0.4809 total=0.1395
[TRAIN train_climax_no_moisture_constraint_s44] [TRAIN] stage=finetune epoch=1/1 batch=1080/3000 step=4080 repair=0.06941 localization=0 type=0 minimal=0.07263 physics=0.4508 total=0.09268
[TRAIN train_climax_no_moisture_constraint_s44] [TRAIN] stage=finetune epoch=1/1 batch=1090/3000 step=4090 repair=0.06615 localization=0 type=0 minimal=0.06903 physics=0.4511 total=0.0894
[TRAIN train_climax_no_moisture_constraint_s44] [TRAIN] stage=finetune epoch=1/1 batch=1100/3000 step=4100 repair=0.1083 localization=0 type=0 minimal=0.05774 physics=0.4871 total=0.1332
[TRAIN train_climax_no_moisture_constraint_s44] [TRAIN] stage=finetune epoch=1/1 batch=1110/3000 step=4110 repair=0.1595 localization=0 type=0 minimal=0.0499 physics=0.5536 total=0.1877
[TRAIN train_climax_no_moisture_constraint_s44] [TRAIN] stage=finetune epoch=1/1 batch=1120/3000 step=4120 repair=0.1157 localization=0 type=0 minimal=0.05444 physics=0.5374 total=0.1431
[TRAIN train_climax_no_moisture_constraint_s44] [TRAIN] stage=finetune epoch=1/1 batch=1130/3000 step=4130 repair=0.0751 localization=0 type=0 minimal=0.06256 physics=0.5167 total=0.1016
[TRAIN train_climax_no_moisture_constraint_s44] [TRAIN] stage=finetune epoch=1/1 batch=1140/3000 step=4140 repair=0.1357 localization=0 type=0 minimal=0.06104 physics=0.5347 total=0.163
[TRAIN train_climax_no_moisture_constraint_s44] [TRAIN] stage=finetune epoch=1/1 batch=1150/3000 step=4150 repair=0.1262 localization=0 type=0 minimal=0.06659 physics=0.5203 total=0.1529
[TRAIN train_climax_no_moisture_constraint_s44] [TRAIN] stage=finetune epoch=1/1 batch=1160/3000 step=4160 repair=0.1184 localization=0 type=0 minimal=0.05688 physics=0.5829 total=0.1481
[TRAIN train_climax_no_moisture_constraint_s44] [TRAIN] stage=finetune epoch=1/1 batch=1170/3000 step=4170 repair=0.1619 localization=0 type=0 minimal=0.05637 physics=0.5435 total=0.1896
[TRAIN train_climax_no_moisture_constraint_s44] [TRAIN] stage=finetune epoch=1/1 batch=1180/3000 step=4180 repair=0.1087 localization=0 type=0 minimal=0.06042 physics=0.551 total=0.1368
[TRAIN train_climax_no_moisture_constraint_s44] [TRAIN] stage=finetune epoch=1/1 batch=1190/3000 step=4190 repair=0.1146 localization=0 type=0 minimal=0.0585 physics=0.5618 total=0.1433
[TRAIN train_climax_no_moisture_constraint_s44] [TRAIN] stage=finetune epoch=1/1 batch=1200/3000 step=4200 repair=0.07716 localization=0 type=0 minimal=0.06567 physics=0.5278 total=0.1042
[TRAIN train_climax_no_moisture_constraint_s44] [TRAIN] stage=finetune epoch=1/1 batch=1210/3000 step=4210 repair=0.1246 localization=0 type=0 minimal=0.05695 physics=0.5321 total=0.1518
[TRAIN train_climax_no_moisture_constraint_s44] [TRAIN] stage=finetune epoch=1/1 batch=1220/3000 step=4220 repair=0.1553 localization=0 type=0 minimal=0.04932 physics=0.5016 total=0.1809
[TRAIN train_climax_no_moisture_constraint_s44] [TRAIN] stage=finetune epoch=1/1 batch=1230/3000 step=4230 repair=0.06943 localization=0 type=0 minimal=0.06995 physics=0.5053 total=0.0954
[TRAIN train_climax_no_moisture_constraint_s44] [TRAIN] stage=finetune epoch=1/1 batch=1240/3000 step=4240 repair=0.09068 localization=0 type=0 minimal=0.07404 physics=0.5263 total=0.1177
[TRAIN train_climax_no_moisture_constraint_s44] [TRAIN] stage=finetune epoch=1/1 batch=1250/3000 step=4250 repair=0.117 localization=0 type=0 minimal=0.06241 physics=0.552 total=0.1452
[TRAIN train_climax_no_moisture_constraint_s44] [TRAIN] stage=finetune epoch=1/1 batch=1260/3000 step=4260 repair=0.07539 localization=0 type=0 minimal=0.06573 physics=0.5658 total=0.1043
[TRAIN train_climax_no_moisture_constraint_s44] [TRAIN] stage=finetune epoch=1/1 batch=1270/3000 step=4270 repair=0.1256 localization=0 type=0 minimal=0.05988 physics=0.585 total=0.1554
[TRAIN train_climax_no_moisture_constraint_s44] [TRAIN] stage=finetune epoch=1/1 batch=1280/3000 step=4280 repair=0.07445 localization=0 type=0 minimal=0.06964 physics=0.6033 total=0.1053
[TRAIN train_climax_no_moisture_constraint_s44] [TRAIN] stage=finetune epoch=1/1 batch=1290/3000 step=4290 repair=0.123 localization=0 type=0 minimal=0.05853 physics=0.6364 total=0.1554
[TRAIN train_climax_no_moisture_constraint_s44] [TRAIN] stage=finetune epoch=1/1 batch=1300/3000 step=4300 repair=0.06252 localization=0 type=0 minimal=0.07819 physics=0.6431 total=0.09546
[TRAIN train_climax_no_moisture_constraint_s44] [TRAIN] stage=finetune epoch=1/1 batch=1310/3000 step=4310 repair=0.1526 localization=0 type=0 minimal=0.05188 physics=0.6747 total=0.1869
[TRAIN train_climax_no_moisture_constraint_s44] [TRAIN] stage=finetune epoch=1/1 batch=1320/3000 step=4320 repair=0.06325 localization=0 type=0 minimal=0.07788 physics=0.6176 total=0.09491
[TRAIN train_climax_no_moisture_constraint_s44] [TRAIN] stage=finetune epoch=1/1 batch=1330/3000 step=4330 repair=0.08685 localization=0 type=0 minimal=0.05493 physics=0.5222 total=0.1135
[TRAIN train_climax_no_moisture_constraint_s44] [TRAIN] stage=finetune epoch=1/1 batch=1340/3000 step=4340 repair=0.07403 localization=0 type=0 minimal=0.07019 physics=0.5146 total=0.1005
[TRAIN train_climax_no_moisture_constraint_s44] [TRAIN] stage=finetune epoch=1/1 batch=1350/3000 step=4350 repair=0.07641 localization=0 type=0 minimal=0.07678 physics=0.4845 total=0.1014
[TRAIN train_climax_no_moisture_constraint_s44] [TRAIN] stage=finetune epoch=1/1 batch=1360/3000 step=4360 repair=0.1093 localization=0 type=0 minimal=0.06329 physics=0.4693 total=0.1334
[TRAIN train_climax_no_moisture_constraint_s44] [TRAIN] stage=finetune epoch=1/1 batch=1370/3000 step=4370 repair=0.1343 localization=0 type=0 minimal=0.05652 physics=0.4869 total=0.1592
[TRAIN train_climax_no_moisture_constraint_s44] [TRAIN] stage=finetune epoch=1/1 batch=1380/3000 step=4380 repair=0.1112 localization=0 type=0 minimal=0.06744 physics=0.4887 total=0.1363
[TRAIN train_climax_no_moisture_constraint_s44] [TRAIN] stage=finetune epoch=1/1 batch=1390/3000 step=4390 repair=0.07552 localization=0 type=0 minimal=0.07068 physics=0.5011 total=0.1013
[TRAIN train_climax_no_moisture_constraint_s44] [TRAIN] stage=finetune epoch=1/1 batch=1400/3000 step=4400 repair=0.07405 localization=0 type=0 minimal=0.07794 physics=0.4256 total=0.09611
[TRAIN train_climax_no_moisture_constraint_s44] [TRAIN] stage=finetune epoch=1/1 batch=1410/3000 step=4410 repair=0.07288 localization=0 type=0 minimal=0.07074 physics=0.4505 total=0.09611
[TRAIN train_climax_no_moisture_constraint_s44] [TRAIN] stage=finetune epoch=1/1 batch=1420/3000 step=4420 repair=0.07269 localization=0 type=0 minimal=0.07458 physics=0.4764 total=0.09726
[TRAIN train_climax_no_moisture_constraint_s44] [TRAIN] stage=finetune epoch=1/1 batch=1430/3000 step=4430 repair=0.1231 localization=0 type=0 minimal=0.06097 physics=0.5458 total=0.151
[TRAIN train_climax_no_moisture_constraint_s44] [TRAIN] stage=finetune epoch=1/1 batch=1440/3000 step=4440 repair=0.1668 localization=0 type=0 minimal=0.05261 physics=0.5226 total=0.1935
[TRAIN train_climax_no_moisture_constraint_s44] [TRAIN] stage=finetune epoch=1/1 batch=1450/3000 step=4450 repair=0.08974 localization=0 type=0 minimal=0.05945 physics=0.528 total=0.1167
[TRAIN train_climax_no_moisture_constraint_s44] [TRAIN] stage=finetune epoch=1/1 batch=1460/3000 step=4460 repair=0.1076 localization=0 type=0 minimal=0.06763 physics=0.5223 total=0.1344
[TRAIN train_climax_no_moisture_constraint_s44] [TRAIN] stage=finetune epoch=1/1 batch=1470/3000 step=4470 repair=0.1487 localization=0 type=0 minimal=0.0672 physics=0.5508 total=0.1769
[TRAIN train_climax_no_moisture_constraint_s44] [TRAIN] stage=finetune epoch=1/1 batch=1480/3000 step=4480 repair=0.09346 localization=0 type=0 minimal=0.0675 physics=0.5414 total=0.1212
[TRAIN train_climax_no_moisture_constraint_s44] [TRAIN] stage=finetune epoch=1/1 batch=1490/3000 step=4490 repair=0.1225 localization=0 type=0 minimal=0.0571 physics=0.5402 total=0.1501
[TRAIN train_climax_no_moisture_constraint_s44] [TRAIN] stage=finetune epoch=1/1 batch=1500/3000 step=4500 repair=0.0776 localization=0 type=0 minimal=0.06818 physics=0.4998 total=0.1033
[TRAIN train_climax_no_moisture_constraint_s44] [TRAIN] stage=finetune epoch=1/1 batch=1510/3000 step=4510 repair=0.0879 localization=0 type=0 minimal=0.06696 physics=0.5042 total=0.1138
[TRAIN train_climax_no_moisture_constraint_s44] [TRAIN] stage=finetune epoch=1/1 batch=1520/3000 step=4520 repair=0.07626 localization=0 type=0 minimal=0.08289 physics=0.5245 total=0.1033
[TRAIN train_climax_no_moisture_constraint_s44] [TRAIN] stage=finetune epoch=1/1 batch=1530/3000 step=4530 repair=0.1106 localization=0 type=0 minimal=0.0614 physics=0.5443 total=0.1384
[TRAIN train_climax_no_moisture_constraint_s44] [TRAIN] stage=finetune epoch=1/1 batch=1540/3000 step=4540 repair=0.1074 localization=0 type=0 minimal=0.06628 physics=0.5299 total=0.1346
[TRAIN train_climax_no_moisture_constraint_s44] [TRAIN] stage=finetune epoch=1/1 batch=1550/3000 step=4550 repair=0.1051 localization=0 type=0 minimal=0.07153 physics=0.5341 total=0.1325
[TRAIN train_climax_no_moisture_constraint_s44] [TRAIN] stage=finetune epoch=1/1 batch=1560/3000 step=4560 repair=0.1605 localization=0 type=0 minimal=0.05048 physics=0.5912 total=0.1905
[TRAIN train_climax_no_moisture_constraint_s44] [TRAIN] stage=finetune epoch=1/1 batch=1570/3000 step=4570 repair=0.08187 localization=0 type=0 minimal=0.07385 physics=0.5296 total=0.1091
[TRAIN train_climax_no_moisture_constraint_s44] [TRAIN] stage=finetune epoch=1/1 batch=1580/3000 step=4580 repair=0.123 localization=0 type=0 minimal=0.06064 physics=0.5045 total=0.1489
[TRAIN train_climax_no_moisture_constraint_s44] [TRAIN] stage=finetune epoch=1/1 batch=1590/3000 step=4590 repair=0.1088 localization=0 type=0 minimal=0.06744 physics=0.5413 total=0.1365
[TRAIN train_climax_no_moisture_constraint_s44] [TRAIN] stage=finetune epoch=1/1 batch=1600/3000 step=4600 repair=0.1266 localization=0 type=0 minimal=0.05579 physics=0.563 total=0.1553
[TRAIN train_climax_no_moisture_constraint_s44] [TRAIN] stage=finetune epoch=1/1 batch=1610/3000 step=4610 repair=0.0848 localization=0 type=0 minimal=0.0639 physics=0.5723 total=0.1141
[TRAIN train_climax_no_moisture_constraint_s44] [TRAIN] stage=finetune epoch=1/1 batch=1620/3000 step=4620 repair=0.1081 localization=0 type=0 minimal=0.07007 physics=0.5382 total=0.1357
[TRAIN train_climax_no_moisture_constraint_s44] [TRAIN] stage=finetune epoch=1/1 batch=1630/3000 step=4630 repair=0.06975 localization=0 type=0 minimal=0.07092 physics=0.5371 total=0.09731
[TRAIN train_climax_no_moisture_constraint_s44] [TRAIN] stage=finetune epoch=1/1 batch=1640/3000 step=4640 repair=0.06062 localization=0 type=0 minimal=0.07672 physics=0.524 total=0.08759
[TRAIN train_climax_no_moisture_constraint_s44] [TRAIN] stage=finetune epoch=1/1 batch=1650/3000 step=4650 repair=0.1317 localization=0 type=0 minimal=0.0618 physics=0.5492 total=0.1598
[TRAIN train_climax_no_moisture_constraint_s44] [TRAIN] stage=finetune epoch=1/1 batch=1660/3000 step=4660 repair=0.08846 localization=0 type=0 minimal=0.07123 physics=0.5519 total=0.1168
[TRAIN train_climax_no_moisture_constraint_s44] [TRAIN] stage=finetune epoch=1/1 batch=1670/3000 step=4670 repair=0.05974 localization=0 type=0 minimal=0.08472 physics=0.525 total=0.08684
[TRAIN train_climax_no_moisture_constraint_s44] [TRAIN] stage=finetune epoch=1/1 batch=1680/3000 step=4680 repair=0.06668 localization=0 type=0 minimal=0.07849 physics=0.5344 total=0.09418
[TRAIN train_climax_no_moisture_constraint_s44] [TRAIN] stage=finetune epoch=1/1 batch=1690/3000 step=4690 repair=0.09563 localization=0 type=0 minimal=0.06287 physics=0.5673 total=0.1246
[TRAIN train_climax_no_moisture_constraint_s44] [TRAIN] stage=finetune epoch=1/1 batch=1700/3000 step=4700 repair=0.1163 localization=0 type=0 minimal=0.061 physics=0.569 total=0.1454
[TRAIN train_climax_no_moisture_constraint_s44] [TRAIN] stage=finetune epoch=1/1 batch=1710/3000 step=4710 repair=0.122 localization=0 type=0 minimal=0.06372 physics=0.6013 total=0.1527
[TRAIN train_climax_no_moisture_constraint_s44] [TRAIN] stage=finetune epoch=1/1 batch=1720/3000 step=4720 repair=0.06464 localization=0 type=0 minimal=0.07935 physics=0.5842 total=0.09464
[TRAIN train_climax_no_moisture_constraint_s44] [TRAIN] stage=finetune epoch=1/1 batch=1730/3000 step=4730 repair=0.07453 localization=0 type=0 minimal=0.0835 physics=0.5896 total=0.1048
[TRAIN train_climax_no_moisture_constraint_s44] [TRAIN] stage=finetune epoch=1/1 batch=1740/3000 step=4740 repair=0.07175 localization=0 type=0 minimal=0.07617 physics=0.5518 total=0.1001
[TRAIN train_climax_no_moisture_constraint_s44] [TRAIN] stage=finetune epoch=1/1 batch=1750/3000 step=4750 repair=0.07414 localization=0 type=0 minimal=0.07751 physics=0.55 total=0.1024
[TRAIN train_climax_no_moisture_constraint_s44] [TRAIN] stage=finetune epoch=1/1 batch=1760/3000 step=4760 repair=0.124 localization=0 type=0 minimal=0.05753 physics=0.5665 total=0.1529
[TRAIN train_climax_no_moisture_constraint_s44] [TRAIN] stage=finetune epoch=1/1 batch=1770/3000 step=4770 repair=0.06754 localization=0 type=0 minimal=0.0921 physics=0.5142 total=0.09417
[TRAIN train_climax_no_moisture_constraint_s44] [TRAIN] stage=finetune epoch=1/1 batch=1780/3000 step=4780 repair=0.1154 localization=0 type=0 minimal=0.06537 physics=0.5345 total=0.1428
[TRAIN train_climax_no_moisture_constraint_s44] [TRAIN] stage=finetune epoch=1/1 batch=1790/3000 step=4790 repair=0.07602 localization=0 type=0 minimal=0.07263 physics=0.5233 total=0.1029
[TRAIN train_climax_no_moisture_constraint_s44] [TRAIN] stage=finetune epoch=1/1 batch=1800/3000 step=4800 repair=0.1119 localization=0 type=0 minimal=0.07477 physics=0.5504 total=0.1402
[TRAIN train_climax_no_moisture_constraint_s44] [TRAIN] stage=finetune epoch=1/1 batch=1810/3000 step=4810 repair=0.08181 localization=0 type=0 minimal=0.06818 physics=0.5181 total=0.1084
[TRAIN train_climax_no_moisture_constraint_s44] [TRAIN] stage=finetune epoch=1/1 batch=1820/3000 step=4820 repair=0.0639 localization=0 type=0 minimal=0.0788 physics=0.4898 total=0.08917
[TRAIN train_climax_no_moisture_constraint_s44] [TRAIN] stage=finetune epoch=1/1 batch=1830/3000 step=4830 repair=0.1204 localization=0 type=0 minimal=0.06256 physics=0.5339 total=0.1477
[TRAIN train_climax_no_moisture_constraint_s44] [TRAIN] stage=finetune epoch=1/1 batch=1840/3000 step=4840 repair=0.1262 localization=0 type=0 minimal=0.06274 physics=0.5208 total=0.1529
[TRAIN train_climax_no_moisture_constraint_s44] [TRAIN] stage=finetune epoch=1/1 batch=1850/3000 step=4850 repair=0.1533 localization=0 type=0 minimal=0.06195 physics=0.5499 total=0.1815
[TRAIN train_climax_no_moisture_constraint_s44] [TRAIN] stage=finetune epoch=1/1 batch=1860/3000 step=4860 repair=0.05975 localization=0 type=0 minimal=0.08582 physics=0.5045 total=0.08583
[TRAIN train_climax_no_moisture_constraint_s44] [TRAIN] stage=finetune epoch=1/1 batch=1870/3000 step=4870 repair=0.07387 localization=0 type=0 minimal=0.07513 physics=0.4994 total=0.09959
[TRAIN train_climax_no_moisture_constraint_s44] [TRAIN] stage=finetune epoch=1/1 batch=1880/3000 step=4880 repair=0.1669 localization=0 type=0 minimal=0.05295 physics=0.5838 total=0.1966
[TRAIN train_climax_no_moisture_constraint_s44] [TRAIN] stage=finetune epoch=1/1 batch=1890/3000 step=4890 repair=0.1225 localization=0 type=0 minimal=0.06299 physics=0.5853 total=0.1524
[TRAIN train_climax_no_moisture_constraint_s44] [TRAIN] stage=finetune epoch=1/1 batch=1900/3000 step=4900 repair=0.1216 localization=0 type=0 minimal=0.06128 physics=0.5863 total=0.1515
[TRAIN train_climax_no_moisture_constraint_s44] [TRAIN] stage=finetune epoch=1/1 batch=1910/3000 step=4910 repair=0.08672 localization=0 type=0 minimal=0.07202 physics=0.5794 total=0.1164
[TRAIN train_climax_no_moisture_constraint_s44] [TRAIN] stage=finetune epoch=1/1 batch=1920/3000 step=4920 repair=0.1047 localization=0 type=0 minimal=0.06689 physics=0.5693 total=0.1339
[TRAIN train_climax_no_moisture_constraint_s44] [TRAIN] stage=finetune epoch=1/1 batch=1930/3000 step=4930 repair=0.06245 localization=0 type=0 minimal=0.08209 physics=0.5721 total=0.09187
[TRAIN train_climax_no_moisture_constraint_s44] [TRAIN] stage=finetune epoch=1/1 batch=1940/3000 step=4940 repair=0.1626 localization=0 type=0 minimal=0.06329 physics=0.5969 total=0.1931
[TRAIN train_climax_no_moisture_constraint_s44] [TRAIN] stage=finetune epoch=1/1 batch=1950/3000 step=4950 repair=0.1682 localization=0 type=0 minimal=0.05658 physics=0.5631 total=0.197
[TRAIN train_climax_no_moisture_constraint_s44] [TRAIN] stage=finetune epoch=1/1 batch=1960/3000 step=4960 repair=0.07492 localization=0 type=0 minimal=0.07892 physics=0.5304 total=0.1022
[TRAIN train_climax_no_moisture_constraint_s44] [TRAIN] stage=finetune epoch=1/1 batch=1970/3000 step=4970 repair=0.1287 localization=0 type=0 minimal=0.06549 physics=0.5471 total=0.1568
[TRAIN train_climax_no_moisture_constraint_s44] [TRAIN] stage=finetune epoch=1/1 batch=1980/3000 step=4980 repair=0.1517 localization=0 type=0 minimal=0.06348 physics=0.5645 total=0.1806
[TRAIN train_climax_no_moisture_constraint_s44] [TRAIN] stage=finetune epoch=1/1 batch=1990/3000 step=4990 repair=0.07286 localization=0 type=0 minimal=0.07629 physics=0.5168 total=0.09946
[TRAIN train_climax_no_moisture_constraint_s44] [TRAIN] stage=finetune epoch=1/1 batch=2000/3000 step=5000 repair=0.1698 localization=0 type=0 minimal=0.0589 physics=0.5142 total=0.1961
[TRAIN train_climax_no_moisture_constraint_s44] [TRAIN] stage=finetune epoch=1/1 batch=2010/3000 step=5010 repair=0.05835 localization=0 type=0 minimal=0.08521 physics=0.496 total=0.084
[TRAIN train_climax_no_moisture_constraint_s44] [TRAIN] stage=finetune epoch=1/1 batch=2020/3000 step=5020 repair=0.07628 localization=0 type=0 minimal=0.07727 physics=0.537 total=0.1039
[TRAIN train_climax_no_moisture_constraint_s44] [TRAIN] stage=finetune epoch=1/1 batch=2030/3000 step=5030 repair=0.1553 localization=0 type=0 minimal=0.05679 physics=0.5599 total=0.1839
[TRAIN train_climax_no_moisture_constraint_s44] [TRAIN] stage=finetune epoch=1/1 batch=2040/3000 step=5040 repair=0.116 localization=0 type=0 minimal=0.06982 physics=0.5084 total=0.1422
[TRAIN train_climax_no_moisture_constraint_s44] [TRAIN] stage=finetune epoch=1/1 batch=2050/3000 step=5050 repair=0.184 localization=0 type=0 minimal=0.06216 physics=0.5653 total=0.2129
[TRAIN train_climax_no_moisture_constraint_s44] [TRAIN] stage=finetune epoch=1/1 batch=2060/3000 step=5060 repair=0.07114 localization=0 type=0 minimal=0.07904 physics=0.51 total=0.09743
[TRAIN train_climax_no_moisture_constraint_s44] [TRAIN] stage=finetune epoch=1/1 batch=2070/3000 step=5070 repair=0.1123 localization=0 type=0 minimal=0.07129 physics=0.5032 total=0.1381
[TRAIN train_climax_no_moisture_constraint_s44] [TRAIN] stage=finetune epoch=1/1 batch=2080/3000 step=5080 repair=0.1053 localization=0 type=0 minimal=0.0766 physics=0.5169 total=0.1319
[TRAIN train_climax_no_moisture_constraint_s44] [TRAIN] stage=finetune epoch=1/1 batch=2090/3000 step=5090 repair=0.1268 localization=0 type=0 minimal=0.05978 physics=0.5114 total=0.153
[TRAIN train_climax_no_moisture_constraint_s44] [TRAIN] stage=finetune epoch=1/1 batch=2100/3000 step=5100 repair=0.1179 localization=0 type=0 minimal=0.06134 physics=0.5076 total=0.1439
[TRAIN train_climax_no_moisture_constraint_s44] [TRAIN] stage=finetune epoch=1/1 batch=2110/3000 step=5110 repair=0.08999 localization=0 type=0 minimal=0.07312 physics=0.5017 total=0.1158
[TRAIN train_climax_no_moisture_constraint_s44] [TRAIN] stage=finetune epoch=1/1 batch=2120/3000 step=5120 repair=0.09532 localization=0 type=0 minimal=0.07269 physics=0.5226 total=0.1222
[TRAIN train_climax_no_moisture_constraint_s44] [TRAIN] stage=finetune epoch=1/1 batch=2130/3000 step=5130 repair=0.1179 localization=0 type=0 minimal=0.06122 physics=0.5272 total=0.1448
[TRAIN train_climax_no_moisture_constraint_s44] [TRAIN] stage=finetune epoch=1/1 batch=2140/3000 step=5140 repair=0.1168 localization=0 type=0 minimal=0.06052 physics=0.5285 total=0.1438
[TRAIN train_climax_no_moisture_constraint_s44] [TRAIN] stage=finetune epoch=1/1 batch=2150/3000 step=5150 repair=0.07501 localization=0 type=0 minimal=0.07526 physics=0.4881 total=0.1002
[TRAIN train_climax_no_moisture_constraint_s44] [TRAIN] stage=finetune epoch=1/1 batch=2160/3000 step=5160 repair=0.1275 localization=0 type=0 minimal=0.06641 physics=0.4835 total=0.1524
[TRAIN train_climax_no_moisture_constraint_s44] [TRAIN] stage=finetune epoch=1/1 batch=2170/3000 step=5170 repair=0.0902 localization=0 type=0 minimal=0.06921 physics=0.5116 total=0.1165
[TRAIN train_climax_no_moisture_constraint_s44] [TRAIN] stage=finetune epoch=1/1 batch=2180/3000 step=5180 repair=0.0626 localization=0 type=0 minimal=0.08765 physics=0.4635 total=0.08665
[TRAIN train_climax_no_moisture_constraint_s44] [TRAIN] stage=finetune epoch=1/1 batch=2190/3000 step=5190 repair=0.1142 localization=0 type=0 minimal=0.07135 physics=0.5027 total=0.14
[TRAIN train_climax_no_moisture_constraint_s44] [TRAIN] stage=finetune epoch=1/1 batch=2200/3000 step=5200 repair=0.1271 localization=0 type=0 minimal=0.06763 physics=0.4929 total=0.1524
[TRAIN train_climax_no_moisture_constraint_s44] [TRAIN] stage=finetune epoch=1/1 batch=2210/3000 step=5210 repair=0.1826 localization=0 type=0 minimal=0.0618 physics=0.5239 total=0.2094
[TRAIN train_climax_no_moisture_constraint_s44] [TRAIN] stage=finetune epoch=1/1 batch=2220/3000 step=5220 repair=0.117 localization=0 type=0 minimal=0.07367 physics=0.4329 total=0.1394
[TRAIN train_climax_no_moisture_constraint_s44] [TRAIN] stage=finetune epoch=1/1 batch=2230/3000 step=5230 repair=0.06263 localization=0 type=0 minimal=0.08063 physics=0.3965 total=0.08326
[TRAIN train_climax_no_moisture_constraint_s44] [TRAIN] stage=finetune epoch=1/1 batch=2240/3000 step=5240 repair=0.1171 localization=0 type=0 minimal=0.07104 physics=0.4362 total=0.1396
[TRAIN train_climax_no_moisture_constraint_s44] [TRAIN] stage=finetune epoch=1/1 batch=2250/3000 step=5250 repair=0.1735 localization=0 type=0 minimal=0.06027 physics=0.3989 total=0.1941
[TRAIN train_climax_no_moisture_constraint_s44] [TRAIN] stage=finetune epoch=1/1 batch=2260/3000 step=5260 repair=0.1245 localization=0 type=0 minimal=0.06757 physics=0.3806 total=0.1442
[TRAIN train_climax_no_moisture_constraint_s44] [TRAIN] stage=finetune epoch=1/1 batch=2270/3000 step=5270 repair=0.08214 localization=0 type=0 minimal=0.07697 physics=0.3775 total=0.1018
[TRAIN train_climax_no_moisture_constraint_s44] [TRAIN] stage=finetune epoch=1/1 batch=2280/3000 step=5280 repair=0.1661 localization=0 type=0 minimal=0.0542 physics=0.4288 total=0.1881
[TRAIN train_climax_no_moisture_constraint_s44] [TRAIN] stage=finetune epoch=1/1 batch=2290/3000 step=5290 repair=0.08817 localization=0 type=0 minimal=0.06671 physics=0.3945 total=0.1086
[TRAIN train_climax_no_moisture_constraint_s44] [TRAIN] stage=finetune epoch=1/1 batch=2300/3000 step=5300 repair=0.1141 localization=0 type=0 minimal=0.07324 physics=0.4046 total=0.135
[TRAIN train_climax_no_moisture_constraint_s44] [TRAIN] stage=finetune epoch=1/1 batch=2310/3000 step=5310 repair=0.161 localization=0 type=0 minimal=0.06293 physics=0.4809 total=0.1857
[TRAIN train_climax_no_moisture_constraint_s44] [TRAIN] stage=finetune epoch=1/1 batch=2320/3000 step=5320 repair=0.1518 localization=0 type=0 minimal=0.05765 physics=0.5071 total=0.1778
[TRAIN train_climax_no_moisture_constraint_s44] [TRAIN] stage=finetune epoch=1/1 batch=2330/3000 step=5330 repair=0.1256 localization=0 type=0 minimal=0.06873 physics=0.496 total=0.1511
[TRAIN train_climax_no_moisture_constraint_s44] [TRAIN] stage=finetune epoch=1/1 batch=2340/3000 step=5340 repair=0.1334 localization=0 type=0 minimal=0.07098 physics=0.4855 total=0.1584
[TRAIN train_climax_no_moisture_constraint_s44] [TRAIN] stage=finetune epoch=1/1 batch=2350/3000 step=5350 repair=0.07089 localization=0 type=0 minimal=0.07623 physics=0.4366 total=0.09348
[TRAIN train_climax_no_moisture_constraint_s44] [TRAIN] stage=finetune epoch=1/1 batch=2360/3000 step=5360 repair=0.1382 localization=0 type=0 minimal=0.06781 physics=0.4568 total=0.1617
[TRAIN train_climax_no_moisture_constraint_s44] [TRAIN] stage=finetune epoch=1/1 batch=2370/3000 step=5370 repair=0.126 localization=0 type=0 minimal=0.06293 physics=0.4607 total=0.1496
[TRAIN train_climax_no_moisture_constraint_s44] [TRAIN] stage=finetune epoch=1/1 batch=2380/3000 step=5380 repair=0.05977 localization=0 type=0 minimal=0.08856 physics=0.3841 total=0.07986
[TRAIN train_climax_no_moisture_constraint_s44] [TRAIN] stage=finetune epoch=1/1 batch=2390/3000 step=5390 repair=0.1205 localization=0 type=0 minimal=0.0658 physics=0.4186 total=0.1421
[TRAIN train_climax_no_moisture_constraint_s44] [TRAIN] stage=finetune epoch=1/1 batch=2400/3000 step=5400 repair=0.1123 localization=0 type=0 minimal=0.07312 physics=0.44 total=0.135
[TRAIN train_climax_no_moisture_constraint_s44] [TRAIN] stage=finetune epoch=1/1 batch=2410/3000 step=5410 repair=0.1204 localization=0 type=0 minimal=0.07556 physics=0.407 total=0.1415
[TRAIN train_climax_no_moisture_constraint_s44] [TRAIN] stage=finetune epoch=1/1 batch=2420/3000 step=5420 repair=0.1197 localization=0 type=0 minimal=0.06348 physics=0.4573 total=0.1432
[TRAIN train_climax_no_moisture_constraint_s44] [TRAIN] stage=finetune epoch=1/1 batch=2430/3000 step=5430 repair=0.1189 localization=0 type=0 minimal=0.06561 physics=0.4388 total=0.1415
[TRAIN train_climax_no_moisture_constraint_s44] [TRAIN] stage=finetune epoch=1/1 batch=2440/3000 step=5440 repair=0.08472 localization=0 type=0 minimal=0.06427 physics=0.4332 total=0.107
[TRAIN train_climax_no_moisture_constraint_s44] [TRAIN] stage=finetune epoch=1/1 batch=2450/3000 step=5450 repair=0.05386 localization=0 type=0 minimal=0.08838 physics=0.4006 total=0.07478
[TRAIN train_climax_no_moisture_constraint_s44] [TRAIN] stage=finetune epoch=1/1 batch=2460/3000 step=5460 repair=0.1289 localization=0 type=0 minimal=0.0593 physics=0.4935 total=0.1542
[TRAIN train_climax_no_moisture_constraint_s44] [TRAIN] stage=finetune epoch=1/1 batch=2470/3000 step=5470 repair=0.09368 localization=0 type=0 minimal=0.06708 physics=0.4767 total=0.1182
[TRAIN train_climax_no_moisture_constraint_s44] [TRAIN] stage=finetune epoch=1/1 batch=2480/3000 step=5480 repair=0.107 localization=0 type=0 minimal=0.07776 physics=0.4766 total=0.1316
[TRAIN train_climax_no_moisture_constraint_s44] [TRAIN] stage=finetune epoch=1/1 batch=2490/3000 step=5490 repair=0.08393 localization=0 type=0 minimal=0.07056 physics=0.479 total=0.1086
[TRAIN train_climax_no_moisture_constraint_s44] [TRAIN] stage=finetune epoch=1/1 batch=2500/3000 step=5500 repair=0.08831 localization=0 type=0 minimal=0.08417 physics=0.4303 total=0.1107
[TRAIN train_climax_no_moisture_constraint_s44] [TRAIN] stage=finetune epoch=1/1 batch=2510/3000 step=5510 repair=0.05699 localization=0 type=0 minimal=0.08429 physics=0.382 total=0.07693
[TRAIN train_climax_no_moisture_constraint_s44] [TRAIN] stage=finetune epoch=1/1 batch=2520/3000 step=5520 repair=0.09116 localization=0 type=0 minimal=0.07544 physics=0.3553 total=0.1097
[TRAIN train_climax_no_moisture_constraint_s44] [TRAIN] stage=finetune epoch=1/1 batch=2530/3000 step=5530 repair=0.1623 localization=0 type=0 minimal=0.06439 physics=0.366 total=0.1812
[TRAIN train_climax_no_moisture_constraint_s44] [TRAIN] stage=finetune epoch=1/1 batch=2540/3000 step=5540 repair=0.1168 localization=0 type=0 minimal=0.07684 physics=0.3532 total=0.1352
[TRAIN train_climax_no_moisture_constraint_s44] [TRAIN] stage=finetune epoch=1/1 batch=2550/3000 step=5550 repair=0.1224 localization=0 type=0 minimal=0.07355 physics=0.3906 total=0.1427
[TRAIN train_climax_no_moisture_constraint_s44] [TRAIN] stage=finetune epoch=1/1 batch=2560/3000 step=5560 repair=0.1102 localization=0 type=0 minimal=0.07513 physics=0.3874 total=0.1303
[TRAIN train_climax_no_moisture_constraint_s44] [TRAIN] stage=finetune epoch=1/1 batch=2570/3000 step=5570 repair=0.09989 localization=0 type=0 minimal=0.07507 physics=0.3709 total=0.1192
[TRAIN train_climax_no_moisture_constraint_s44] [TRAIN] stage=finetune epoch=1/1 batch=2580/3000 step=5580 repair=0.137 localization=0 type=0 minimal=0.06165 physics=0.6297 total=0.1691
[TRAIN train_climax_no_moisture_constraint_s44] [TRAIN] stage=finetune epoch=1/1 batch=2590/3000 step=5590 repair=0.1108 localization=0 type=0 minimal=0.07855 physics=0.3698 total=0.1301
[TRAIN train_climax_no_moisture_constraint_s44] [TRAIN] stage=finetune epoch=1/1 batch=2600/3000 step=5600 repair=0.1552 localization=0 type=0 minimal=0.06317 physics=0.4149 total=0.1766
[TRAIN train_climax_no_moisture_constraint_s44] [TRAIN] stage=finetune epoch=1/1 batch=2610/3000 step=5610 repair=0.1083 localization=0 type=0 minimal=0.07544 physics=0.329 total=0.1255
[TRAIN train_climax_no_moisture_constraint_s44] [TRAIN] stage=finetune epoch=1/1 batch=2620/3000 step=5620 repair=0.1275 localization=0 type=0 minimal=0.06543 physics=0.3342 total=0.1448
[TRAIN train_climax_no_moisture_constraint_s44] [TRAIN] stage=finetune epoch=1/1 batch=2630/3000 step=5630 repair=0.1522 localization=0 type=0 minimal=0.05966 physics=0.3226 total=0.1689
[TRAIN train_climax_no_moisture_constraint_s44] [TRAIN] stage=finetune epoch=1/1 batch=2640/3000 step=5640 repair=0.09598 localization=0 type=0 minimal=0.07385 physics=0.2673 total=0.1101
[TRAIN train_climax_no_moisture_constraint_s44] [TRAIN] stage=finetune epoch=1/1 batch=2650/3000 step=5650 repair=0.1793 localization=0 type=0 minimal=0.06094 physics=0.2886 total=0.1944
[TRAIN train_climax_no_moisture_constraint_s44] [TRAIN] stage=finetune epoch=1/1 batch=2660/3000 step=5660 repair=0.1563 localization=0 type=0 minimal=0.05963 physics=0.3128 total=0.1725
[TRAIN train_climax_no_moisture_constraint_s44] [TRAIN] stage=finetune epoch=1/1 batch=2670/3000 step=5670 repair=0.124 localization=0 type=0 minimal=0.06348 physics=0.2979 total=0.1396
[TRAIN train_climax_no_moisture_constraint_s44] [TRAIN] stage=finetune epoch=1/1 batch=2680/3000 step=5680 repair=0.07083 localization=0 type=0 minimal=0.08191 physics=0.3227 total=0.08778
[TRAIN train_climax_no_moisture_constraint_s44] [TRAIN] stage=finetune epoch=1/1 batch=2690/3000 step=5690 repair=0.06845 localization=0 type=0 minimal=0.07855 physics=0.3114 total=0.0848
[TRAIN train_climax_no_moisture_constraint_s44] [TRAIN] stage=finetune epoch=1/1 batch=2700/3000 step=5700 repair=0.1125 localization=0 type=0 minimal=0.07489 physics=0.3049 total=0.1284
[TRAIN train_climax_no_moisture_constraint_s44] [TRAIN] stage=finetune epoch=1/1 batch=2710/3000 step=5710 repair=0.07283 localization=0 type=0 minimal=0.07471 physics=0.2813 total=0.08764
[TRAIN train_climax_no_moisture_constraint_s44] [TRAIN] stage=finetune epoch=1/1 batch=2720/3000 step=5720 repair=0.06018 localization=0 type=0 minimal=0.09039 physics=0.2769 total=0.07493
[TRAIN train_climax_no_moisture_constraint_s44] [TRAIN] stage=finetune epoch=1/1 batch=2730/3000 step=5730 repair=0.07435 localization=0 type=0 minimal=0.07477 physics=0.2935 total=0.08977
[TRAIN train_climax_no_moisture_constraint_s44] [TRAIN] stage=finetune epoch=1/1 batch=2740/3000 step=5740 repair=0.1083 localization=0 type=0 minimal=0.08203 physics=0.3265 total=0.1254
[TRAIN train_climax_no_moisture_constraint_s44] [TRAIN] stage=finetune epoch=1/1 batch=2750/3000 step=5750 repair=0.07951 localization=0 type=0 minimal=0.07147 physics=0.3424 total=0.09734
[TRAIN train_climax_no_moisture_constraint_s44] [TRAIN] stage=finetune epoch=1/1 batch=2760/3000 step=5760 repair=0.1028 localization=0 type=0 minimal=0.07874 physics=0.3443 total=0.1208
[TRAIN train_climax_no_moisture_constraint_s44] [TRAIN] stage=finetune epoch=1/1 batch=2770/3000 step=5770 repair=0.1644 localization=0 type=0 minimal=0.06018 physics=0.428 total=0.1864
[TRAIN train_climax_no_moisture_constraint_s44] [TRAIN] stage=finetune epoch=1/1 batch=2780/3000 step=5780 repair=0.1142 localization=0 type=0 minimal=0.07312 physics=0.3851 total=0.1342
[TRAIN train_climax_no_moisture_constraint_s44] [TRAIN] stage=finetune epoch=1/1 batch=2790/3000 step=5790 repair=0.1144 localization=0 type=0 minimal=0.07788 physics=0.3818 total=0.1343
[TRAIN train_climax_no_moisture_constraint_s44] [TRAIN] stage=finetune epoch=1/1 batch=2800/3000 step=5800 repair=0.0579 localization=0 type=0 minimal=0.0932 physics=0.3506 total=0.07637
[TRAIN train_climax_no_moisture_constraint_s44] [TRAIN] stage=finetune epoch=1/1 batch=2810/3000 step=5810 repair=0.07255 localization=0 type=0 minimal=0.08337 physics=0.3129 total=0.08903
[TRAIN train_climax_no_moisture_constraint_s44] [TRAIN] stage=finetune epoch=1/1 batch=2820/3000 step=5820 repair=0.1175 localization=0 type=0 minimal=0.06995 physics=0.3202 total=0.1342
[TRAIN train_climax_no_moisture_constraint_s44] [TRAIN] stage=finetune epoch=1/1 batch=2830/3000 step=5830 repair=0.07503 localization=0 type=0 minimal=0.0816 physics=0.3221 total=0.09195
[TRAIN train_climax_no_moisture_constraint_s44] [TRAIN] stage=finetune epoch=1/1 batch=2840/3000 step=5840 repair=0.07026 localization=0 type=0 minimal=0.07635 physics=0.3445 total=0.08825
[TRAIN train_climax_no_moisture_constraint_s44] [TRAIN] stage=finetune epoch=1/1 batch=2850/3000 step=5850 repair=0.1078 localization=0 type=0 minimal=0.07617 physics=0.35 total=0.126
[TRAIN train_climax_no_moisture_constraint_s44] [TRAIN] stage=finetune epoch=1/1 batch=2860/3000 step=5860 repair=0.1492 localization=0 type=0 minimal=0.06104 physics=0.3675 total=0.1682
[TRAIN train_climax_no_moisture_constraint_s44] [TRAIN] stage=finetune epoch=1/1 batch=2870/3000 step=5870 repair=0.07294 localization=0 type=0 minimal=0.07831 physics=0.3662 total=0.09203
[TRAIN train_climax_no_moisture_constraint_s44] [TRAIN] stage=finetune epoch=1/1 batch=2880/3000 step=5880 repair=0.104 localization=0 type=0 minimal=0.07794 physics=0.3781 total=0.1237
[TRAIN train_climax_no_moisture_constraint_s44] [TRAIN] stage=finetune epoch=1/1 batch=2890/3000 step=5890 repair=0.1198 localization=0 type=0 minimal=0.06256 physics=0.3848 total=0.1397
[TRAIN train_climax_no_moisture_constraint_s44] [TRAIN] stage=finetune epoch=1/1 batch=2900/3000 step=5900 repair=0.07065 localization=0 type=0 minimal=0.08252 physics=0.3256 total=0.08775
[TRAIN train_climax_no_moisture_constraint_s44] [TRAIN] stage=finetune epoch=1/1 batch=2910/3000 step=5910 repair=0.1676 localization=0 type=0 minimal=0.06244 physics=0.3586 total=0.1862
[TRAIN train_climax_no_moisture_constraint_s44] [TRAIN] stage=finetune epoch=1/1 batch=2920/3000 step=5920 repair=0.1088 localization=0 type=0 minimal=0.08136 physics=0.3104 total=0.1251
[TRAIN train_climax_no_moisture_constraint_s44] [TRAIN] stage=finetune epoch=1/1 batch=2930/3000 step=5930 repair=0.1101 localization=0 type=0 minimal=0.0791 physics=0.2895 total=0.1254
[TRAIN train_climax_no_moisture_constraint_s44] [TRAIN] stage=finetune epoch=1/1 batch=2940/3000 step=5940 repair=0.08505 localization=0 type=0 minimal=0.06958 physics=0.2762 total=0.09956
[TRAIN train_climax_no_moisture_constraint_s44] [TRAIN] stage=finetune epoch=1/1 batch=2950/3000 step=5950 repair=0.07385 localization=0 type=0 minimal=0.08362 physics=0.2701 total=0.08819
[TRAIN train_climax_no_moisture_constraint_s44] [TRAIN] stage=finetune epoch=1/1 batch=2960/3000 step=5960 repair=0.07578 localization=0 type=0 minimal=0.08173 physics=0.2685 total=0.09002
[TRAIN train_climax_no_moisture_constraint_s44] [TRAIN] stage=finetune epoch=1/1 batch=2970/3000 step=5970 repair=0.07054 localization=0 type=0 minimal=0.07825 physics=0.2771 total=0.08518
[TRAIN train_climax_no_moisture_constraint_s44] [TRAIN] stage=finetune epoch=1/1 batch=2980/3000 step=5980 repair=0.07607 localization=0 type=0 minimal=0.08545 physics=0.2604 total=0.08995
[TRAIN train_climax_no_moisture_constraint_s44] [TRAIN] stage=finetune epoch=1/1 batch=2990/3000 step=5990 repair=0.1162 localization=0 type=0 minimal=0.07117 physics=0.2739 total=0.1306
[TRAIN train_climax_no_moisture_constraint_s44] [TRAIN] stage=finetune epoch=1/1 batch=3000/3000 step=6000 repair=0.1093 localization=0 type=0 minimal=0.07916 physics=0.2823 total=0.1242
[TRAIN train_climax_no_moisture_constraint_s44] [EPOCH] {'stage': 'finetune', 'epoch': 0, 'global_step': 6000, 'train_total': 0.17199311901380618, 'val_repair_mse': 0.11315553542226553, 'elapsed_seconds': 3616.28}
[TRAIN train_climax_no_moisture_constraint_s44] [BEST] val_repair_mse=0.113156
[TRAIN train_climax_no_moisture_constraint_s44] [TRAIN COMPLETE] {
[TRAIN train_climax_no_moisture_constraint_s44]   "run_id": "prelim20_train_climax_no_moisture_constraint_s44",
[TRAIN train_climax_no_moisture_constraint_s44]   "status": "completed",
[TRAIN train_climax_no_moisture_constraint_s44]   "method": "no_moisture_constraint",
[TRAIN train_climax_no_moisture_constraint_s44]   "backbone": "climax",
[TRAIN train_climax_no_moisture_constraint_s44]   "seed": 44,
[TRAIN train_climax_no_moisture_constraint_s44]   "forecast_provider": "zarr_frozen_fm",
[TRAIN train_climax_no_moisture_constraint_s44]   "best_val_repair_mse": 0.11315553542226553,
[TRAIN train_climax_no_moisture_constraint_s44]   "global_step": 6000,
[TRAIN train_climax_no_moisture_constraint_s44]   "elapsed_seconds": 3616.73,
[TRAIN train_climax_no_moisture_constraint_s44]   "checkpoint_best": "/home/tahiti/ConserveFM/runs/prelim20_train/train_climax_no_moisture_constraint_s44/checkpoint_best.pt",
[TRAIN train_climax_no_moisture_constraint_s44]   "checkpoint_last": "/home/tahiti/ConserveFM/runs/prelim20_train/train_climax_no_moisture_constraint_s44/checkpoint_last.pt"
[TRAIN train_climax_no_moisture_constraint_s44] }
