[TRAIN train_climax_no_minimal_change_s43] [SETUP] device=cuda
[TRAIN train_climax_no_minimal_change_s43] [SETUP] run_id=prelim20_train_climax_no_minimal_change_s43 method=no_minimal_change backbone=climax
[TRAIN train_climax_no_minimal_change_s43] [FORECAST] using frozen forecast cache: /home/tahiti/ConserveFM/forecasts/climax.zarr
[TRAIN train_climax_no_minimal_change_s43] [STAGE] pretrain epochs=1 start_epoch=0
[TRAIN train_climax_no_minimal_change_s43] [TRAIN] stage=pretrain epoch=1/1 batch=10/3000 step=10 repair=0.02336 localization=0.4124 type=1.107 minimal=0 physics=1.593 total=0.3356
[TRAIN train_climax_no_minimal_change_s43] [TRAIN] stage=pretrain epoch=1/1 batch=20/3000 step=20 repair=0.008794 localization=0.3422 type=1.656 minimal=0 physics=0.9653 total=0.2569
[TRAIN train_climax_no_minimal_change_s43] [TRAIN] stage=pretrain epoch=1/1 batch=30/3000 step=30 repair=0.007205 localization=0.2457 type=1.833 minimal=0 physics=0.9677 total=0.4459
[TRAIN train_climax_no_minimal_change_s43] [TRAIN] stage=pretrain epoch=1/1 batch=40/3000 step=40 repair=0.004429 localization=0.2494 type=1.66 minimal=0 physics=0.8678 total=0.387
[TRAIN train_climax_no_minimal_change_s43] [TRAIN] stage=pretrain epoch=1/1 batch=50/3000 step=50 repair=0.003386 localization=0.2718 type=2.177 minimal=0 physics=0.3625 total=0.4506
[TRAIN train_climax_no_minimal_change_s43] [TRAIN] stage=pretrain epoch=1/1 batch=60/3000 step=60 repair=0.003912 localization=0.2649 type=1.935 minimal=0 physics=0.4128 total=0.3878
[TRAIN train_climax_no_minimal_change_s43] [TRAIN] stage=pretrain epoch=1/1 batch=70/3000 step=70 repair=0.006026 localization=0.2536 type=1.76 minimal=0 physics=0.5533 total=0.3985
[TRAIN train_climax_no_minimal_change_s43] [TRAIN] stage=pretrain epoch=1/1 batch=80/3000 step=80 repair=0.002696 localization=0.2612 type=1.789 minimal=0 physics=0.2356 total=0.3664
[TRAIN train_climax_no_minimal_change_s43] [TRAIN] stage=pretrain epoch=1/1 batch=90/3000 step=90 repair=0.002927 localization=0.3294 type=1.778 minimal=0 physics=0.2543 total=0.3679
[TRAIN train_climax_no_minimal_change_s43] [TRAIN] stage=pretrain epoch=1/1 batch=100/3000 step=100 repair=0.007963 localization=0.243 type=0.7312 minimal=0 physics=1.163 total=0.1635
[TRAIN train_climax_no_minimal_change_s43] [TRAIN] stage=pretrain epoch=1/1 batch=110/3000 step=110 repair=0.004049 localization=0.2318 type=1.877 minimal=0 physics=0.2892 total=0.3349
[TRAIN train_climax_no_minimal_change_s43] [TRAIN] stage=pretrain epoch=1/1 batch=120/3000 step=120 repair=0.007563 localization=0.2895 type=2.086 minimal=0 physics=0.3215 total=0.4062
[TRAIN train_climax_no_minimal_change_s43] [TRAIN] stage=pretrain epoch=1/1 batch=130/3000 step=130 repair=0.01729 localization=0.3076 type=2.596 minimal=0 physics=0.2673 total=0.5389
[TRAIN train_climax_no_minimal_change_s43] [TRAIN] stage=pretrain epoch=1/1 batch=140/3000 step=140 repair=0.008608 localization=0.3046 type=2.213 minimal=0 physics=0.3153 total=0.4681
[TRAIN train_climax_no_minimal_change_s43] [TRAIN] stage=pretrain epoch=1/1 batch=150/3000 step=150 repair=0.01886 localization=0.2894 type=1.842 minimal=0 physics=0.9324 total=0.4377
[TRAIN train_climax_no_minimal_change_s43] [TRAIN] stage=pretrain epoch=1/1 batch=160/3000 step=160 repair=0.006286 localization=0.2903 type=1.4 minimal=0 physics=0.6194 total=0.2063
[TRAIN train_climax_no_minimal_change_s43] [TRAIN] stage=pretrain epoch=1/1 batch=170/3000 step=170 repair=0.007808 localization=0.2467 type=1.532 minimal=0 physics=0.142 total=0.2921
[TRAIN train_climax_no_minimal_change_s43] [TRAIN] stage=pretrain epoch=1/1 batch=180/3000 step=180 repair=0.008752 localization=0.2809 type=0.8191 minimal=0 physics=0.7168 total=0.1546
[TRAIN train_climax_no_minimal_change_s43] [TRAIN] stage=pretrain epoch=1/1 batch=190/3000 step=190 repair=0.00604 localization=0.2725 type=2.541 minimal=0 physics=0.5563 total=0.4189
[TRAIN train_climax_no_minimal_change_s43] [TRAIN] stage=pretrain epoch=1/1 batch=200/3000 step=200 repair=0.00389 localization=0.2532 type=2.408 minimal=0 physics=0.3391 total=0.494
[TRAIN train_climax_no_minimal_change_s43] [TRAIN] stage=pretrain epoch=1/1 batch=210/3000 step=210 repair=0.00355 localization=0.3072 type=2.242 minimal=0 physics=0.1878 total=0.491
[TRAIN train_climax_no_minimal_change_s43] [TRAIN] stage=pretrain epoch=1/1 batch=220/3000 step=220 repair=0.003452 localization=0.3053 type=1.261 minimal=0 physics=0.281 total=0.2795
[TRAIN train_climax_no_minimal_change_s43] [TRAIN] stage=pretrain epoch=1/1 batch=230/3000 step=230 repair=0.003776 localization=0.2265 type=0.8748 minimal=0 physics=0.1416 total=0.1849
[TRAIN train_climax_no_minimal_change_s43] [TRAIN] stage=pretrain epoch=1/1 batch=240/3000 step=240 repair=0.006353 localization=0.3017 type=3.094 minimal=0 physics=0.3147 total=0.6225
[TRAIN train_climax_no_minimal_change_s43] [TRAIN] stage=pretrain epoch=1/1 batch=250/3000 step=250 repair=0.02582 localization=0.3035 type=2.08 minimal=0 physics=0.3604 total=0.4295
[TRAIN train_climax_no_minimal_change_s43] [TRAIN] stage=pretrain epoch=1/1 batch=260/3000 step=260 repair=0.004009 localization=0.3014 type=1.415 minimal=0 physics=0.2471 total=0.3116
[TRAIN train_climax_no_minimal_change_s43] [TRAIN] stage=pretrain epoch=1/1 batch=270/3000 step=270 repair=0.0192 localization=0.2135 type=2.4 minimal=0 physics=0.38 total=0.5111
[TRAIN train_climax_no_minimal_change_s43] [TRAIN] stage=pretrain epoch=1/1 batch=280/3000 step=280 repair=0.006015 localization=0.3884 type=1.296 minimal=0 physics=0.258 total=0.3152
[TRAIN train_climax_no_minimal_change_s43] [TRAIN] stage=pretrain epoch=1/1 batch=290/3000 step=290 repair=0.003321 localization=0.3254 type=1.917 minimal=0 physics=0.2125 total=0.401
[TRAIN train_climax_no_minimal_change_s43] [TRAIN] stage=pretrain epoch=1/1 batch=300/3000 step=300 repair=0.02396 localization=0.3549 type=2.076 minimal=0 physics=0.4608 total=0.5025
[TRAIN train_climax_no_minimal_change_s43] [TRAIN] stage=pretrain epoch=1/1 batch=310/3000 step=310 repair=0.005493 localization=0.2273 type=1.351 minimal=0 physics=0.7393 total=0.2003
[TRAIN train_climax_no_minimal_change_s43] [TRAIN] stage=pretrain epoch=1/1 batch=320/3000 step=320 repair=0.004831 localization=0.2213 type=2.179 minimal=0 physics=0.1816 total=0.4293
[TRAIN train_climax_no_minimal_change_s43] [TRAIN] stage=pretrain epoch=1/1 batch=330/3000 step=330 repair=0.003648 localization=0.3298 type=1.996 minimal=0 physics=0.2066 total=0.3321
[TRAIN train_climax_no_minimal_change_s43] [TRAIN] stage=pretrain epoch=1/1 batch=340/3000 step=340 repair=0.006203 localization=0.2053 type=2.82 minimal=0 physics=0.1711 total=0.522
[TRAIN train_climax_no_minimal_change_s43] [TRAIN] stage=pretrain epoch=1/1 batch=350/3000 step=350 repair=0.005099 localization=0.3247 type=1.208 minimal=0 physics=0.9139 total=0.2041
[TRAIN train_climax_no_minimal_change_s43] [TRAIN] stage=pretrain epoch=1/1 batch=360/3000 step=360 repair=0.008437 localization=0.2269 type=2.082 minimal=0 physics=0.3655 total=0.4188
[TRAIN train_climax_no_minimal_change_s43] [TRAIN] stage=pretrain epoch=1/1 batch=370/3000 step=370 repair=0.002893 localization=0.3794 type=1.916 minimal=0 physics=0.1521 total=0.3922
[TRAIN train_climax_no_minimal_change_s43] [TRAIN] stage=pretrain epoch=1/1 batch=380/3000 step=380 repair=0.005193 localization=0.3006 type=1.547 minimal=0 physics=0.4866 total=0.3358
[TRAIN train_climax_no_minimal_change_s43] [TRAIN] stage=pretrain epoch=1/1 batch=390/3000 step=390 repair=0.004897 localization=0.2595 type=2.1 minimal=0 physics=0.2098 total=0.434
[TRAIN train_climax_no_minimal_change_s43] [TRAIN] stage=pretrain epoch=1/1 batch=400/3000 step=400 repair=0.00713 localization=0.2443 type=1.872 minimal=0 physics=1.108 total=0.2741
[TRAIN train_climax_no_minimal_change_s43] [TRAIN] stage=pretrain epoch=1/1 batch=410/3000 step=410 repair=0.007511 localization=0.2463 type=1.135 minimal=0 physics=1.059 total=0.1986
[TRAIN train_climax_no_minimal_change_s43] [TRAIN] stage=pretrain epoch=1/1 batch=420/3000 step=420 repair=0.00717 localization=0.3342 type=2.308 minimal=0 physics=0.1859 total=0.4702
[TRAIN train_climax_no_minimal_change_s43] [TRAIN] stage=pretrain epoch=1/1 batch=430/3000 step=430 repair=0.005704 localization=0.1719 type=0.689 minimal=0 physics=0.8519 total=0.1344
[TRAIN train_climax_no_minimal_change_s43] [TRAIN] stage=pretrain epoch=1/1 batch=440/3000 step=440 repair=0.004274 localization=0.3145 type=1.988 minimal=0 physics=0.2877 total=0.3652
[TRAIN train_climax_no_minimal_change_s43] [TRAIN] stage=pretrain epoch=1/1 batch=450/3000 step=450 repair=0.00417 localization=0.277 type=0.7773 minimal=0 physics=0.251 total=0.1222
[TRAIN train_climax_no_minimal_change_s43] [TRAIN] stage=pretrain epoch=1/1 batch=460/3000 step=460 repair=0.02158 localization=0.2497 type=0.5947 minimal=0 physics=1.423 total=0.1772
[TRAIN train_climax_no_minimal_change_s43] [TRAIN] stage=pretrain epoch=1/1 batch=470/3000 step=470 repair=0.01111 localization=0.1604 type=1.771 minimal=0 physics=0.3627 total=0.3199
[TRAIN train_climax_no_minimal_change_s43] [TRAIN] stage=pretrain epoch=1/1 batch=480/3000 step=480 repair=0.002232 localization=0.427 type=2.939 minimal=0 physics=0.1775 total=0.5538
[TRAIN train_climax_no_minimal_change_s43] [TRAIN] stage=pretrain epoch=1/1 batch=490/3000 step=490 repair=0.002189 localization=0.2803 type=2.783 minimal=0 physics=0.1948 total=0.5279
[TRAIN train_climax_no_minimal_change_s43] [TRAIN] stage=pretrain epoch=1/1 batch=500/3000 step=500 repair=0.004251 localization=0.2509 type=2.214 minimal=0 physics=0.4263 total=0.4271
[TRAIN train_climax_no_minimal_change_s43] [TRAIN] stage=pretrain epoch=1/1 batch=510/3000 step=510 repair=0.005354 localization=0.2907 type=1.407 minimal=0 physics=0.1857 total=0.2882
[TRAIN train_climax_no_minimal_change_s43] [TRAIN] stage=pretrain epoch=1/1 batch=520/3000 step=520 repair=0.009912 localization=0.325 type=2.538 minimal=0 physics=0.2948 total=0.5251
[TRAIN train_climax_no_minimal_change_s43] [TRAIN] stage=pretrain epoch=1/1 batch=530/3000 step=530 repair=0.004025 localization=0.2306 type=2.359 minimal=0 physics=0.3094 total=0.4835
[TRAIN train_climax_no_minimal_change_s43] [TRAIN] stage=pretrain epoch=1/1 batch=540/3000 step=540 repair=0.003364 localization=0.3021 type=1.73 minimal=0 physics=0.1377 total=0.3591
[TRAIN train_climax_no_minimal_change_s43] [TRAIN] stage=pretrain epoch=1/1 batch=550/3000 step=550 repair=0.002477 localization=0.2475 type=1.466 minimal=0 physics=0.1642 total=0.3089
[TRAIN train_climax_no_minimal_change_s43] [TRAIN] stage=pretrain epoch=1/1 batch=560/3000 step=560 repair=0.005027 localization=0.1809 type=1.325 minimal=0 physics=0.3366 total=0.2744
[TRAIN train_climax_no_minimal_change_s43] [TRAIN] stage=pretrain epoch=1/1 batch=570/3000 step=570 repair=0.02117 localization=0.2126 type=1.374 minimal=0 physics=1.54 total=0.2568
[TRAIN train_climax_no_minimal_change_s43] [TRAIN] stage=pretrain epoch=1/1 batch=580/3000 step=580 repair=0.002954 localization=0.3521 type=1.971 minimal=0 physics=0.09893 total=0.4165
[TRAIN train_climax_no_minimal_change_s43] [TRAIN] stage=pretrain epoch=1/1 batch=590/3000 step=590 repair=0.005185 localization=0.3035 type=1.175 minimal=0 physics=0.3444 total=0.2716
[TRAIN train_climax_no_minimal_change_s43] [TRAIN] stage=pretrain epoch=1/1 batch=600/3000 step=600 repair=0.003493 localization=0.2892 type=1.82 minimal=0 physics=0.2916 total=0.3668
[TRAIN train_climax_no_minimal_change_s43] [TRAIN] stage=pretrain epoch=1/1 batch=610/3000 step=610 repair=0.002752 localization=0.1647 type=1.953 minimal=0 physics=0.5116 total=0.2401
[TRAIN train_climax_no_minimal_change_s43] [TRAIN] stage=pretrain epoch=1/1 batch=620/3000 step=620 repair=0.02042 localization=0.2468 type=1.197 minimal=0 physics=1.663 total=0.248
[TRAIN train_climax_no_minimal_change_s43] [TRAIN] stage=pretrain epoch=1/1 batch=630/3000 step=630 repair=0.005411 localization=0.2494 type=2.153 minimal=0 physics=0.1346 total=0.4078
[TRAIN train_climax_no_minimal_change_s43] [TRAIN] stage=pretrain epoch=1/1 batch=640/3000 step=640 repair=0.002353 localization=0.4134 type=2.009 minimal=0 physics=0.1009 total=0.4123
[TRAIN train_climax_no_minimal_change_s43] [TRAIN] stage=pretrain epoch=1/1 batch=650/3000 step=650 repair=0.006045 localization=0.2972 type=2.015 minimal=0 physics=0.09786 total=0.3884
[TRAIN train_climax_no_minimal_change_s43] [TRAIN] stage=pretrain epoch=1/1 batch=660/3000 step=660 repair=0.004555 localization=0.3861 type=1.701 minimal=0 physics=0.5117 total=0.3686
[TRAIN train_climax_no_minimal_change_s43] [TRAIN] stage=pretrain epoch=1/1 batch=670/3000 step=670 repair=0.005463 localization=0.2004 type=1.921 minimal=0 physics=0.2289 total=0.3871
[TRAIN train_climax_no_minimal_change_s43] [TRAIN] stage=pretrain epoch=1/1 batch=680/3000 step=680 repair=0.00243 localization=0.2567 type=2.023 minimal=0 physics=0.09814 total=0.4034
[TRAIN train_climax_no_minimal_change_s43] [TRAIN] stage=pretrain epoch=1/1 batch=690/3000 step=690 repair=0.003058 localization=0.279 type=2.12 minimal=0 physics=0.08441 total=0.4057
[TRAIN train_climax_no_minimal_change_s43] [TRAIN] stage=pretrain epoch=1/1 batch=700/3000 step=700 repair=0.002497 localization=0.2139 type=1.158 minimal=0 physics=0.1231 total=0.2544
[TRAIN train_climax_no_minimal_change_s43] [TRAIN] stage=pretrain epoch=1/1 batch=710/3000 step=710 repair=0.008124 localization=0.2808 type=1.576 minimal=0 physics=0.06806 total=0.3338
[TRAIN train_climax_no_minimal_change_s43] [TRAIN] stage=pretrain epoch=1/1 batch=720/3000 step=720 repair=0.002519 localization=0.2338 type=1.593 minimal=0 physics=0.2283 total=0.3525
[TRAIN train_climax_no_minimal_change_s43] [TRAIN] stage=pretrain epoch=1/1 batch=730/3000 step=730 repair=0.002433 localization=0.3648 type=1.658 minimal=0 physics=0.1412 total=0.3529
[TRAIN train_climax_no_minimal_change_s43] [TRAIN] stage=pretrain epoch=1/1 batch=740/3000 step=740 repair=0.006523 localization=0.2338 type=1.348 minimal=0 physics=0.2632 total=0.2821
[TRAIN train_climax_no_minimal_change_s43] [TRAIN] stage=pretrain epoch=1/1 batch=750/3000 step=750 repair=0.007791 localization=0.1509 type=1.475 minimal=0 physics=0.352 total=0.3278
[TRAIN train_climax_no_minimal_change_s43] [TRAIN] stage=pretrain epoch=1/1 batch=760/3000 step=760 repair=0.00261 localization=0.2882 type=1.626 minimal=0 physics=0.1731 total=0.3323
[TRAIN train_climax_no_minimal_change_s43] [TRAIN] stage=pretrain epoch=1/1 batch=770/3000 step=770 repair=0.002322 localization=0.2426 type=1.677 minimal=0 physics=0.2059 total=0.3388
[TRAIN train_climax_no_minimal_change_s43] [TRAIN] stage=pretrain epoch=1/1 batch=780/3000 step=780 repair=0.02617 localization=0.3638 type=1.441 minimal=0 physics=0.7988 total=0.3317
[TRAIN train_climax_no_minimal_change_s43] [TRAIN] stage=pretrain epoch=1/1 batch=790/3000 step=790 repair=0.006206 localization=0.2198 type=0.8142 minimal=0 physics=0.304 total=0.1738
[TRAIN train_climax_no_minimal_change_s43] [TRAIN] stage=pretrain epoch=1/1 batch=800/3000 step=800 repair=0.006886 localization=0.3395 type=1.994 minimal=0 physics=1.36 total=0.3082
[TRAIN train_climax_no_minimal_change_s43] [TRAIN] stage=pretrain epoch=1/1 batch=810/3000 step=810 repair=0.003277 localization=0.2646 type=1.149 minimal=0 physics=0.1937 total=0.2454
[TRAIN train_climax_no_minimal_change_s43] [TRAIN] stage=pretrain epoch=1/1 batch=820/3000 step=820 repair=0.003141 localization=0.4229 type=1.381 minimal=0 physics=0.1398 total=0.3
[TRAIN train_climax_no_minimal_change_s43] [TRAIN] stage=pretrain epoch=1/1 batch=830/3000 step=830 repair=0.00919 localization=0.3482 type=1.832 minimal=0 physics=1.384 total=0.2964
[TRAIN train_climax_no_minimal_change_s43] [TRAIN] stage=pretrain epoch=1/1 batch=840/3000 step=840 repair=0.002493 localization=0.2822 type=1.596 minimal=0 physics=0.3395 total=0.2073
[TRAIN train_climax_no_minimal_change_s43] [TRAIN] stage=pretrain epoch=1/1 batch=850/3000 step=850 repair=0.007882 localization=0.2351 type=1.289 minimal=0 physics=0.07548 total=0.2605
[TRAIN train_climax_no_minimal_change_s43] [TRAIN] stage=pretrain epoch=1/1 batch=860/3000 step=860 repair=0.004991 localization=0.3603 type=1.393 minimal=0 physics=0.7445 total=0.2175
[TRAIN train_climax_no_minimal_change_s43] [TRAIN] stage=pretrain epoch=1/1 batch=870/3000 step=870 repair=0.007865 localization=0.2294 type=1.539 minimal=0 physics=1.202 total=0.2448
[TRAIN train_climax_no_minimal_change_s43] [TRAIN] stage=pretrain epoch=1/1 batch=880/3000 step=880 repair=0.00326 localization=0.3188 type=2.433 minimal=0 physics=0.102 total=0.5101
[TRAIN train_climax_no_minimal_change_s43] [TRAIN] stage=pretrain epoch=1/1 batch=890/3000 step=890 repair=0.00571 localization=0.2991 type=1.479 minimal=0 physics=0.1397 total=0.3053
[TRAIN train_climax_no_minimal_change_s43] [TRAIN] stage=pretrain epoch=1/1 batch=900/3000 step=900 repair=0.002461 localization=0.3036 type=1.192 minimal=0 physics=0.1887 total=0.2582
[TRAIN train_climax_no_minimal_change_s43] [TRAIN] stage=pretrain epoch=1/1 batch=910/3000 step=910 repair=0.00202 localization=0.2884 type=2.72 minimal=0 physics=0.2792 total=0.5348
[TRAIN train_climax_no_minimal_change_s43] [TRAIN] stage=pretrain epoch=1/1 batch=920/3000 step=920 repair=0.007885 localization=0.4514 type=2.156 minimal=0 physics=0.4239 total=0.4873
[TRAIN train_climax_no_minimal_change_s43] [TRAIN] stage=pretrain epoch=1/1 batch=930/3000 step=930 repair=0.002874 localization=0.2211 type=1.959 minimal=0 physics=0.1254 total=0.419
[TRAIN train_climax_no_minimal_change_s43] [TRAIN] stage=pretrain epoch=1/1 batch=940/3000 step=940 repair=0.002149 localization=0.2495 type=1.854 minimal=0 physics=0.1705 total=0.4085
[TRAIN train_climax_no_minimal_change_s43] [TRAIN] stage=pretrain epoch=1/1 batch=950/3000 step=950 repair=0.00249 localization=0.3312 type=1.629 minimal=0 physics=0.08846 total=0.3507
[TRAIN train_climax_no_minimal_change_s43] [TRAIN] stage=pretrain epoch=1/1 batch=960/3000 step=960 repair=0.003331 localization=0.2116 type=1.773 minimal=0 physics=0.1896 total=0.376
[TRAIN train_climax_no_minimal_change_s43] [TRAIN] stage=pretrain epoch=1/1 batch=970/3000 step=970 repair=0.00304 localization=0.266 type=1.616 minimal=0 physics=0.2329 total=0.3368
[TRAIN train_climax_no_minimal_change_s43] [TRAIN] stage=pretrain epoch=1/1 batch=980/3000 step=980 repair=0.002714 localization=0.2823 type=1.348 minimal=0 physics=0.1395 total=0.2917
[TRAIN train_climax_no_minimal_change_s43] [TRAIN] stage=pretrain epoch=1/1 batch=990/3000 step=990 repair=0.01083 localization=0.2973 type=2.037 minimal=0 physics=0.2066 total=0.4368
[TRAIN train_climax_no_minimal_change_s43] [TRAIN] stage=pretrain epoch=1/1 batch=1000/3000 step=1000 repair=0.007303 localization=0.08762 type=1.086 minimal=0 physics=0.2706 total=0.2307
[TRAIN train_climax_no_minimal_change_s43] [TRAIN] stage=pretrain epoch=1/1 batch=1010/3000 step=1010 repair=0.006948 localization=0.2318 type=1.25 minimal=0 physics=1.273 total=0.2187
[TRAIN train_climax_no_minimal_change_s43] [TRAIN] stage=pretrain epoch=1/1 batch=1020/3000 step=1020 repair=0.002671 localization=0.2638 type=1.586 minimal=0 physics=0.2086 total=0.3164
[TRAIN train_climax_no_minimal_change_s43] [TRAIN] stage=pretrain epoch=1/1 batch=1030/3000 step=1030 repair=0.001983 localization=0.24 type=1.322 minimal=0 physics=0.2031 total=0.2849
[TRAIN train_climax_no_minimal_change_s43] [TRAIN] stage=pretrain epoch=1/1 batch=1040/3000 step=1040 repair=0.0101 localization=0.3923 type=1.802 minimal=0 physics=0.4185 total=0.4273
[TRAIN train_climax_no_minimal_change_s43] [TRAIN] stage=pretrain epoch=1/1 batch=1050/3000 step=1050 repair=0.002548 localization=0.3603 type=1.712 minimal=0 physics=0.6008 total=0.2399
[TRAIN train_climax_no_minimal_change_s43] [TRAIN] stage=pretrain epoch=1/1 batch=1060/3000 step=1060 repair=0.004693 localization=0.2989 type=2.273 minimal=0 physics=0.1599 total=0.4536
[TRAIN train_climax_no_minimal_change_s43] [TRAIN] stage=pretrain epoch=1/1 batch=1070/3000 step=1070 repair=0.0209 localization=0.2822 type=1.722 minimal=0 physics=1.969 total=0.3198
[TRAIN train_climax_no_minimal_change_s43] [TRAIN] stage=pretrain epoch=1/1 batch=1080/3000 step=1080 repair=0.002465 localization=0.2547 type=1.611 minimal=0 physics=0.138 total=0.2793
[TRAIN train_climax_no_minimal_change_s43] [TRAIN] stage=pretrain epoch=1/1 batch=1090/3000 step=1090 repair=0.008758 localization=0.3261 type=1.569 minimal=0 physics=0.9707 total=0.3557
[TRAIN train_climax_no_minimal_change_s43] [TRAIN] stage=pretrain epoch=1/1 batch=1100/3000 step=1100 repair=0.002309 localization=0.2809 type=1.63 minimal=0 physics=0.1801 total=0.2982
[TRAIN train_climax_no_minimal_change_s43] [TRAIN] stage=pretrain epoch=1/1 batch=1110/3000 step=1110 repair=0.002872 localization=0.3175 type=1.607 minimal=0 physics=0.2075 total=0.3139
[TRAIN train_climax_no_minimal_change_s43] [TRAIN] stage=pretrain epoch=1/1 batch=1120/3000 step=1120 repair=0.008243 localization=0.2553 type=1.033 minimal=0 physics=1.011 total=0.1876
[TRAIN train_climax_no_minimal_change_s43] [TRAIN] stage=pretrain epoch=1/1 batch=1130/3000 step=1130 repair=0.003926 localization=0.221 type=2.098 minimal=0 physics=0.1506 total=0.3886
[TRAIN train_climax_no_minimal_change_s43] [TRAIN] stage=pretrain epoch=1/1 batch=1140/3000 step=1140 repair=0.006675 localization=0.376 type=2.074 minimal=0 physics=0.5006 total=0.4126
[TRAIN train_climax_no_minimal_change_s43] [TRAIN] stage=pretrain epoch=1/1 batch=1150/3000 step=1150 repair=0.002969 localization=0.1988 type=0.6833 minimal=0 physics=0.3098 total=0.1067
[TRAIN train_climax_no_minimal_change_s43] [TRAIN] stage=pretrain epoch=1/1 batch=1160/3000 step=1160 repair=0.003062 localization=0.2355 type=0.7595 minimal=0 physics=0.3073 total=0.1179
[TRAIN train_climax_no_minimal_change_s43] [TRAIN] stage=pretrain epoch=1/1 batch=1170/3000 step=1170 repair=0.004455 localization=0.3183 type=0.7239 minimal=0 physics=0.9207 total=0.1547
[TRAIN train_climax_no_minimal_change_s43] [TRAIN] stage=pretrain epoch=1/1 batch=1180/3000 step=1180 repair=0.001819 localization=0.2927 type=1.761 minimal=0 physics=0.1957 total=0.3175
[TRAIN train_climax_no_minimal_change_s43] [TRAIN] stage=pretrain epoch=1/1 batch=1190/3000 step=1190 repair=0.003244 localization=0.2979 type=2.615 minimal=0 physics=0.08014 total=0.497
[TRAIN train_climax_no_minimal_change_s43] [TRAIN] stage=pretrain epoch=1/1 batch=1200/3000 step=1200 repair=0.006375 localization=0.1892 type=0.6534 minimal=0 physics=0.6595 total=0.1789
[TRAIN train_climax_no_minimal_change_s43] [TRAIN] stage=pretrain epoch=1/1 batch=1210/3000 step=1210 repair=0.002731 localization=0.2205 type=1.385 minimal=0 physics=0.1285 total=0.2763
[TRAIN train_climax_no_minimal_change_s43] [TRAIN] stage=pretrain epoch=1/1 batch=1220/3000 step=1220 repair=0.007024 localization=0.3609 type=1.777 minimal=0 physics=0.2815 total=0.3687
[TRAIN train_climax_no_minimal_change_s43] [TRAIN] stage=pretrain epoch=1/1 batch=1230/3000 step=1230 repair=0.005454 localization=0.3342 type=1.624 minimal=0 physics=0.2084 total=0.3187
[TRAIN train_climax_no_minimal_change_s43] [TRAIN] stage=pretrain epoch=1/1 batch=1240/3000 step=1240 repair=0.007942 localization=0.2653 type=1.292 minimal=0 physics=0.2265 total=0.2684
[TRAIN train_climax_no_minimal_change_s43] [TRAIN] stage=pretrain epoch=1/1 batch=1250/3000 step=1250 repair=0.001963 localization=0.2672 type=2.256 minimal=0 physics=0.07892 total=0.4321
[TRAIN train_climax_no_minimal_change_s43] [TRAIN] stage=pretrain epoch=1/1 batch=1260/3000 step=1260 repair=0.01123 localization=0.1448 type=0.2332 minimal=0 physics=2.725 total=0.2008
[TRAIN train_climax_no_minimal_change_s43] [TRAIN] stage=pretrain epoch=1/1 batch=1270/3000 step=1270 repair=0.008214 localization=0.2075 type=1.437 minimal=0 physics=0.342 total=0.3013
[TRAIN train_climax_no_minimal_change_s43] [TRAIN] stage=pretrain epoch=1/1 batch=1280/3000 step=1280 repair=0.01991 localization=0.2636 type=1.403 minimal=0 physics=1.407 total=0.2569
[TRAIN train_climax_no_minimal_change_s43] [TRAIN] stage=pretrain epoch=1/1 batch=1290/3000 step=1290 repair=0.003139 localization=0.4772 type=1.602 minimal=0 physics=0.1675 total=0.3534
[TRAIN train_climax_no_minimal_change_s43] [TRAIN] stage=pretrain epoch=1/1 batch=1300/3000 step=1300 repair=0.002403 localization=0.2497 type=2.171 minimal=0 physics=0.1306 total=0.4035
[TRAIN train_climax_no_minimal_change_s43] [TRAIN] stage=pretrain epoch=1/1 batch=1310/3000 step=1310 repair=0.002561 localization=0.173 type=1.517 minimal=0 physics=0.1119 total=0.2976
[TRAIN train_climax_no_minimal_change_s43] [TRAIN] stage=pretrain epoch=1/1 batch=1320/3000 step=1320 repair=0.00537 localization=0.2574 type=1.983 minimal=0 physics=0.1996 total=0.4035
[TRAIN train_climax_no_minimal_change_s43] [TRAIN] stage=pretrain epoch=1/1 batch=1330/3000 step=1330 repair=0.005035 localization=0.3329 type=1.542 minimal=0 physics=0.06947 total=0.3232
[TRAIN train_climax_no_minimal_change_s43] [TRAIN] stage=pretrain epoch=1/1 batch=1340/3000 step=1340 repair=0.01127 localization=0.3852 type=1.664 minimal=0 physics=0.3058 total=0.3475
[TRAIN train_climax_no_minimal_change_s43] [TRAIN] stage=pretrain epoch=1/1 batch=1350/3000 step=1350 repair=0.01046 localization=0.1926 type=0.297 minimal=0 physics=0.4848 total=0.1104
[TRAIN train_climax_no_minimal_change_s43] [TRAIN] stage=pretrain epoch=1/1 batch=1360/3000 step=1360 repair=0.001827 localization=0.2279 type=1.799 minimal=0 physics=0.1093 total=0.3728
[TRAIN train_climax_no_minimal_change_s43] [TRAIN] stage=pretrain epoch=1/1 batch=1370/3000 step=1370 repair=0.003977 localization=0.3265 type=2.028 minimal=0 physics=0.2309 total=0.4054
[TRAIN train_climax_no_minimal_change_s43] [TRAIN] stage=pretrain epoch=1/1 batch=1380/3000 step=1380 repair=0.002134 localization=0.3569 type=1.853 minimal=0 physics=0.1588 total=0.4084
[TRAIN train_climax_no_minimal_change_s43] [TRAIN] stage=pretrain epoch=1/1 batch=1390/3000 step=1390 repair=0.01356 localization=0.4532 type=1.921 minimal=0 physics=1.281 total=0.315
[TRAIN train_climax_no_minimal_change_s43] [TRAIN] stage=pretrain epoch=1/1 batch=1400/3000 step=1400 repair=0.003683 localization=0.2999 type=1.583 minimal=0 physics=0.2192 total=0.3419
[TRAIN train_climax_no_minimal_change_s43] [TRAIN] stage=pretrain epoch=1/1 batch=1410/3000 step=1410 repair=0.003825 localization=0.2022 type=0.9089 minimal=0 physics=0.4478 total=0.218
[TRAIN train_climax_no_minimal_change_s43] [TRAIN] stage=pretrain epoch=1/1 batch=1420/3000 step=1420 repair=0.001485 localization=0.3679 type=1.179 minimal=0 physics=0.07282 total=0.2633
[TRAIN train_climax_no_minimal_change_s43] [TRAIN] stage=pretrain epoch=1/1 batch=1430/3000 step=1430 repair=0.002844 localization=0.3681 type=3.555 minimal=0 physics=0.1397 total=0.7124
[TRAIN train_climax_no_minimal_change_s43] [TRAIN] stage=pretrain epoch=1/1 batch=1440/3000 step=1440 repair=0.003268 localization=0.1852 type=0.8494 minimal=0 physics=0.3564 total=0.1245
[TRAIN train_climax_no_minimal_change_s43] [TRAIN] stage=pretrain epoch=1/1 batch=1450/3000 step=1450 repair=0.006897 localization=0.2807 type=1.653 minimal=0 physics=0.3947 total=0.3178
[TRAIN train_climax_no_minimal_change_s43] [TRAIN] stage=pretrain epoch=1/1 batch=1460/3000 step=1460 repair=0.002016 localization=0.259 type=1.587 minimal=0 physics=0.1399 total=0.3503
[TRAIN train_climax_no_minimal_change_s43] [TRAIN] stage=pretrain epoch=1/1 batch=1470/3000 step=1470 repair=0.002642 localization=0.3275 type=1.484 minimal=0 physics=0.3043 total=0.3519
[TRAIN train_climax_no_minimal_change_s43] [TRAIN] stage=pretrain epoch=1/1 batch=1480/3000 step=1480 repair=0.002296 localization=0.2737 type=1.292 minimal=0 physics=0.1899 total=0.2678
[TRAIN train_climax_no_minimal_change_s43] [TRAIN] stage=pretrain epoch=1/1 batch=1490/3000 step=1490 repair=0.004417 localization=0.1892 type=0.9841 minimal=0 physics=0.7726 total=0.1604
[TRAIN train_climax_no_minimal_change_s43] [TRAIN] stage=pretrain epoch=1/1 batch=1500/3000 step=1500 repair=0.009643 localization=0.369 type=1.017 minimal=0 physics=1.053 total=0.2009
[TRAIN train_climax_no_minimal_change_s43] [TRAIN] stage=pretrain epoch=1/1 batch=1510/3000 step=1510 repair=0.003248 localization=0.3452 type=1.665 minimal=0 physics=0.3202 total=0.3364
[TRAIN train_climax_no_minimal_change_s43] [TRAIN] stage=pretrain epoch=1/1 batch=1520/3000 step=1520 repair=0.001881 localization=0.3373 type=1.476 minimal=0 physics=0.0587 total=0.3126
[TRAIN train_climax_no_minimal_change_s43] [TRAIN] stage=pretrain epoch=1/1 batch=1530/3000 step=1530 repair=0.001772 localization=0.3406 type=1.676 minimal=0 physics=0.06326 total=0.3454
[TRAIN train_climax_no_minimal_change_s43] [TRAIN] stage=pretrain epoch=1/1 batch=1540/3000 step=1540 repair=0.002819 localization=0.3056 type=1.51 minimal=0 physics=0.1024 total=0.3146
[TRAIN train_climax_no_minimal_change_s43] [TRAIN] stage=pretrain epoch=1/1 batch=1550/3000 step=1550 repair=0.007598 localization=0.281 type=0.9941 minimal=0 physics=0.9479 total=0.1825
[TRAIN train_climax_no_minimal_change_s43] [TRAIN] stage=pretrain epoch=1/1 batch=1560/3000 step=1560 repair=0.003157 localization=0.3171 type=1.855 minimal=0 physics=0.1329 total=0.3553
[TRAIN train_climax_no_minimal_change_s43] [TRAIN] stage=pretrain epoch=1/1 batch=1570/3000 step=1570 repair=0.00384 localization=0.246 type=0.7742 minimal=0 physics=0.5213 total=0.1319
[TRAIN train_climax_no_minimal_change_s43] [TRAIN] stage=pretrain epoch=1/1 batch=1580/3000 step=1580 repair=0.00263 localization=0.273 type=2.141 minimal=0 physics=0.1254 total=0.395
[TRAIN train_climax_no_minimal_change_s43] [TRAIN] stage=pretrain epoch=1/1 batch=1590/3000 step=1590 repair=0.002256 localization=0.351 type=1.924 minimal=0 physics=0.1018 total=0.3836
[TRAIN train_climax_no_minimal_change_s43] [TRAIN] stage=pretrain epoch=1/1 batch=1600/3000 step=1600 repair=0.003704 localization=0.1775 type=0.4642 minimal=0 physics=0.2529 total=0.1178
[TRAIN train_climax_no_minimal_change_s43] [TRAIN] stage=pretrain epoch=1/1 batch=1610/3000 step=1610 repair=0.01375 localization=0.2827 type=1.322 minimal=0 physics=0.2715 total=0.2583
[TRAIN train_climax_no_minimal_change_s43] [TRAIN] stage=pretrain epoch=1/1 batch=1620/3000 step=1620 repair=0.006647 localization=0.3214 type=1.144 minimal=0 physics=0.1982 total=0.2415
[TRAIN train_climax_no_minimal_change_s43] [TRAIN] stage=pretrain epoch=1/1 batch=1630/3000 step=1630 repair=0.00289 localization=0.2139 type=2.084 minimal=0 physics=0.2551 total=0.4128
[TRAIN train_climax_no_minimal_change_s43] [TRAIN] stage=pretrain epoch=1/1 batch=1640/3000 step=1640 repair=0.004073 localization=0.167 type=0.1304 minimal=0 physics=0.7088 total=0.07618
[TRAIN train_climax_no_minimal_change_s43] [TRAIN] stage=pretrain epoch=1/1 batch=1650/3000 step=1650 repair=0.02262 localization=0.2868 type=1.28 minimal=0 physics=1.355 total=0.247
[TRAIN train_climax_no_minimal_change_s43] [TRAIN] stage=pretrain epoch=1/1 batch=1660/3000 step=1660 repair=0.002793 localization=0.2775 type=1.676 minimal=0 physics=0.06574 total=0.3253
[TRAIN train_climax_no_minimal_change_s43] [TRAIN] stage=pretrain epoch=1/1 batch=1670/3000 step=1670 repair=0.002174 localization=0.246 type=1.008 minimal=0 physics=0.1014 total=0.2189
[TRAIN train_climax_no_minimal_change_s43] [TRAIN] stage=pretrain epoch=1/1 batch=1680/3000 step=1680 repair=0.00346 localization=0.2074 type=0.8867 minimal=0 physics=0.1064 total=0.1975
[TRAIN train_climax_no_minimal_change_s43] [TRAIN] stage=pretrain epoch=1/1 batch=1690/3000 step=1690 repair=0.002412 localization=0.2554 type=1.586 minimal=0 physics=0.2195 total=0.3388
[TRAIN train_climax_no_minimal_change_s43] [TRAIN] stage=pretrain epoch=1/1 batch=1700/3000 step=1700 repair=0.004379 localization=0.2522 type=2.026 minimal=0 physics=0.3272 total=0.4232
[TRAIN train_climax_no_minimal_change_s43] [TRAIN] stage=pretrain epoch=1/1 batch=1710/3000 step=1710 repair=0.0114 localization=0.3248 type=1.787 minimal=0 physics=0.2341 total=0.3973
[TRAIN train_climax_no_minimal_change_s43] [TRAIN] stage=pretrain epoch=1/1 batch=1720/3000 step=1720 repair=0.03534 localization=0.3817 type=2.267 minimal=0 physics=2.239 total=0.4121
[TRAIN train_climax_no_minimal_change_s43] [TRAIN] stage=pretrain epoch=1/1 batch=1730/3000 step=1730 repair=0.004059 localization=0.2922 type=1.275 minimal=0 physics=0.07333 total=0.2906
[TRAIN train_climax_no_minimal_change_s43] [TRAIN] stage=pretrain epoch=1/1 batch=1740/3000 step=1740 repair=0.002882 localization=0.4174 type=1.347 minimal=0 physics=0.06926 total=0.2761
[TRAIN train_climax_no_minimal_change_s43] [TRAIN] stage=pretrain epoch=1/1 batch=1750/3000 step=1750 repair=0.007049 localization=0.2552 type=1.065 minimal=0 physics=0.8359 total=0.1809
[TRAIN train_climax_no_minimal_change_s43] [TRAIN] stage=pretrain epoch=1/1 batch=1760/3000 step=1760 repair=0.01223 localization=0.3182 type=1.345 minimal=0 physics=0.1527 total=0.2799
[TRAIN train_climax_no_minimal_change_s43] [TRAIN] stage=pretrain epoch=1/1 batch=1770/3000 step=1770 repair=0.002909 localization=0.2332 type=3.636 minimal=0 physics=0.1489 total=0.7753
[TRAIN train_climax_no_minimal_change_s43] [TRAIN] stage=pretrain epoch=1/1 batch=1780/3000 step=1780 repair=0.00238 localization=0.2971 type=1.666 minimal=0 physics=0.1214 total=0.3416
[TRAIN train_climax_no_minimal_change_s43] [TRAIN] stage=pretrain epoch=1/1 batch=1790/3000 step=1790 repair=0.002701 localization=0.3854 type=1.504 minimal=0 physics=0.1879 total=0.3341
[TRAIN train_climax_no_minimal_change_s43] [TRAIN] stage=pretrain epoch=1/1 batch=1800/3000 step=1800 repair=0.00544 localization=0.1364 type=0.2531 minimal=0 physics=1.072 total=0.112
[TRAIN train_climax_no_minimal_change_s43] [TRAIN] stage=pretrain epoch=1/1 batch=1810/3000 step=1810 repair=0.004147 localization=0.174 type=1.176 minimal=0 physics=0.5489 total=0.2425
[TRAIN train_climax_no_minimal_change_s43] [TRAIN] stage=pretrain epoch=1/1 batch=1820/3000 step=1820 repair=0.004036 localization=0.1669 type=0.2691 minimal=0 physics=0.8954 total=0.1112
[TRAIN train_climax_no_minimal_change_s43] [TRAIN] stage=pretrain epoch=1/1 batch=1830/3000 step=1830 repair=0.00477 localization=0.147 type=0.03227 minimal=0 physics=1.188 total=0.08442
[TRAIN train_climax_no_minimal_change_s43] [TRAIN] stage=pretrain epoch=1/1 batch=1840/3000 step=1840 repair=0.003848 localization=0.1377 type=1.203 minimal=0 physics=0.2871 total=0.2405
[TRAIN train_climax_no_minimal_change_s43] [TRAIN] stage=pretrain epoch=1/1 batch=1850/3000 step=1850 repair=0.002253 localization=0.3532 type=1.854 minimal=0 physics=0.1829 total=0.3916
[TRAIN train_climax_no_minimal_change_s43] [TRAIN] stage=pretrain epoch=1/1 batch=1860/3000 step=1860 repair=0.002468 localization=0.3882 type=2.047 minimal=0 physics=0.301 total=0.4219
[TRAIN train_climax_no_minimal_change_s43] [TRAIN] stage=pretrain epoch=1/1 batch=1870/3000 step=1870 repair=0.002461 localization=0.2561 type=1.692 minimal=0 physics=0.2459 total=0.3528
[TRAIN train_climax_no_minimal_change_s43] [TRAIN] stage=pretrain epoch=1/1 batch=1880/3000 step=1880 repair=0.002524 localization=0.258 type=1.805 minimal=0 physics=0.1011 total=0.3574
[TRAIN train_climax_no_minimal_change_s43] [TRAIN] stage=pretrain epoch=1/1 batch=1890/3000 step=1890 repair=0.003495 localization=0.3204 type=1.756 minimal=0 physics=0.1325 total=0.3631
[TRAIN train_climax_no_minimal_change_s43] [TRAIN] stage=pretrain epoch=1/1 batch=1900/3000 step=1900 repair=0.00194 localization=0.3094 type=1.371 minimal=0 physics=0.08823 total=0.2899
[TRAIN train_climax_no_minimal_change_s43] [TRAIN] stage=pretrain epoch=1/1 batch=1910/3000 step=1910 repair=0.02189 localization=0.2607 type=1.288 minimal=0 physics=1.073 total=0.2303
[TRAIN train_climax_no_minimal_change_s43] [TRAIN] stage=pretrain epoch=1/1 batch=1920/3000 step=1920 repair=0.005075 localization=0.3082 type=2.129 minimal=0 physics=0.299 total=0.4359
[TRAIN train_climax_no_minimal_change_s43] [TRAIN] stage=pretrain epoch=1/1 batch=1930/3000 step=1930 repair=0.003314 localization=0.1435 type=0.0898 minimal=0 physics=0.9269 total=0.08161
[TRAIN train_climax_no_minimal_change_s43] [TRAIN] stage=pretrain epoch=1/1 batch=1940/3000 step=1940 repair=0.003166 localization=0.3192 type=1.169 minimal=0 physics=0.3838 total=0.1712
[TRAIN train_climax_no_minimal_change_s43] [TRAIN] stage=pretrain epoch=1/1 batch=1950/3000 step=1950 repair=0.00499 localization=0.2801 type=1.205 minimal=0 physics=0.1991 total=0.2365
[TRAIN train_climax_no_minimal_change_s43] [TRAIN] stage=pretrain epoch=1/1 batch=1960/3000 step=1960 repair=0.006717 localization=0.3868 type=1.252 minimal=0 physics=0.1649 total=0.2534
[TRAIN train_climax_no_minimal_change_s43] [TRAIN] stage=pretrain epoch=1/1 batch=1970/3000 step=1970 repair=0.01005 localization=0.1036 type=0.1582 minimal=0 physics=0.6461 total=0.08265
[TRAIN train_climax_no_minimal_change_s43] [TRAIN] stage=pretrain epoch=1/1 batch=1980/3000 step=1980 repair=0.004751 localization=0.3132 type=1.499 minimal=0 physics=0.2085 total=0.3261
[TRAIN train_climax_no_minimal_change_s43] [TRAIN] stage=pretrain epoch=1/1 batch=1990/3000 step=1990 repair=0.004379 localization=0.2942 type=1.061 minimal=0 physics=0.3218 total=0.1559
[TRAIN train_climax_no_minimal_change_s43] [TRAIN] stage=pretrain epoch=1/1 batch=2000/3000 step=2000 repair=0.00457 localization=0.1165 type=0.6433 minimal=0 physics=0.228 total=0.1236
[TRAIN train_climax_no_minimal_change_s43] [TRAIN] stage=pretrain epoch=1/1 batch=2010/3000 step=2010 repair=0.007584 localization=0.3217 type=1.505 minimal=0 physics=0.1245 total=0.3094
[TRAIN train_climax_no_minimal_change_s43] [TRAIN] stage=pretrain epoch=1/1 batch=2020/3000 step=2020 repair=0.002562 localization=0.2511 type=3.459 minimal=0 physics=0.113 total=0.6798
[TRAIN train_climax_no_minimal_change_s43] [TRAIN] stage=pretrain epoch=1/1 batch=2030/3000 step=2030 repair=0.003801 localization=0.3233 type=1.435 minimal=0 physics=0.6268 total=0.211
[TRAIN train_climax_no_minimal_change_s43] [TRAIN] stage=pretrain epoch=1/1 batch=2040/3000 step=2040 repair=0.002222 localization=0.2176 type=1.683 minimal=0 physics=0.4428 total=0.2144
[TRAIN train_climax_no_minimal_change_s43] [TRAIN] stage=pretrain epoch=1/1 batch=2050/3000 step=2050 repair=0.001871 localization=0.1725 type=1.87 minimal=0 physics=0.3448 total=0.3927
[TRAIN train_climax_no_minimal_change_s43] [TRAIN] stage=pretrain epoch=1/1 batch=2060/3000 step=2060 repair=0.003216 localization=0.1336 type=0.2789 minimal=0 physics=0.2852 total=0.07855
[TRAIN train_climax_no_minimal_change_s43] [TRAIN] stage=pretrain epoch=1/1 batch=2070/3000 step=2070 repair=0.003336 localization=0.3789 type=1.834 minimal=0 physics=0.1363 total=0.3746
[TRAIN train_climax_no_minimal_change_s43] [TRAIN] stage=pretrain epoch=1/1 batch=2080/3000 step=2080 repair=0.002431 localization=0.327 type=1.538 minimal=0 physics=0.1972 total=0.3211
[TRAIN train_climax_no_minimal_change_s43] [TRAIN] stage=pretrain epoch=1/1 batch=2090/3000 step=2090 repair=0.00179 localization=0.2238 type=1.466 minimal=0 physics=0.09378 total=0.2211
[TRAIN train_climax_no_minimal_change_s43] [TRAIN] stage=pretrain epoch=1/1 batch=2100/3000 step=2100 repair=0.00821 localization=0.3827 type=2.69 minimal=0 physics=0.1557 total=0.5234
[TRAIN train_climax_no_minimal_change_s43] [TRAIN] stage=pretrain epoch=1/1 batch=2110/3000 step=2110 repair=0.008223 localization=0.2915 type=0.9702 minimal=0 physics=0.9143 total=0.1801
[TRAIN train_climax_no_minimal_change_s43] [TRAIN] stage=pretrain epoch=1/1 batch=2120/3000 step=2120 repair=0.004554 localization=0.2236 type=1.822 minimal=0 physics=0.08334 total=0.3472
[TRAIN train_climax_no_minimal_change_s43] [TRAIN] stage=pretrain epoch=1/1 batch=2130/3000 step=2130 repair=0.003531 localization=0.07393 type=0.01008 minimal=0 physics=0.6349 total=0.04442
[TRAIN train_climax_no_minimal_change_s43] [TRAIN] stage=pretrain epoch=1/1 batch=2140/3000 step=2140 repair=0.00379 localization=0.2282 type=3.642 minimal=0 physics=0.1963 total=0.7686
[TRAIN train_climax_no_minimal_change_s43] [TRAIN] stage=pretrain epoch=1/1 batch=2150/3000 step=2150 repair=0.006252 localization=0.3319 type=1.075 minimal=0 physics=0.1281 total=0.2323
[TRAIN train_climax_no_minimal_change_s43] [TRAIN] stage=pretrain epoch=1/1 batch=2160/3000 step=2160 repair=0.002474 localization=0.2885 type=0.004018 minimal=0 physics=0.5166 total=0.05778
[TRAIN train_climax_no_minimal_change_s43] [TRAIN] stage=pretrain epoch=1/1 batch=2170/3000 step=2170 repair=0.002431 localization=0.2443 type=2.119 minimal=0 physics=0.1518 total=0.423
[TRAIN train_climax_no_minimal_change_s43] [TRAIN] stage=pretrain epoch=1/1 batch=2180/3000 step=2180 repair=0.006466 localization=0.2592 type=0.9353 minimal=0 physics=0.6865 total=0.1602
[TRAIN train_climax_no_minimal_change_s43] [TRAIN] stage=pretrain epoch=1/1 batch=2190/3000 step=2190 repair=0.001724 localization=0.3211 type=2.174 minimal=0 physics=0.08373 total=0.4082
[TRAIN train_climax_no_minimal_change_s43] [TRAIN] stage=pretrain epoch=1/1 batch=2200/3000 step=2200 repair=0.006931 localization=0.2424 type=0.003366 minimal=0 physics=1.617 total=0.1126
[TRAIN train_climax_no_minimal_change_s43] [TRAIN] stage=pretrain epoch=1/1 batch=2210/3000 step=2210 repair=0.00745 localization=0.2208 type=1.16 minimal=0 physics=0.7589 total=0.1834
[TRAIN train_climax_no_minimal_change_s43] [TRAIN] stage=pretrain epoch=1/1 batch=2220/3000 step=2220 repair=0.005128 localization=0.3278 type=0.8259 minimal=0 physics=0.5514 total=0.1481
[TRAIN train_climax_no_minimal_change_s43] [TRAIN] stage=pretrain epoch=1/1 batch=2230/3000 step=2230 repair=0.01483 localization=0.1128 type=0.02289 minimal=0 physics=2.833 total=0.172
[TRAIN train_climax_no_minimal_change_s43] [TRAIN] stage=pretrain epoch=1/1 batch=2240/3000 step=2240 repair=0.003032 localization=0.1258 type=0.6483 minimal=0 physics=0.3 total=0.1553
[TRAIN train_climax_no_minimal_change_s43] [TRAIN] stage=pretrain epoch=1/1 batch=2250/3000 step=2250 repair=0.002757 localization=0.2209 type=1.978 minimal=0 physics=0.3048 total=0.39
[TRAIN train_climax_no_minimal_change_s43] [TRAIN] stage=pretrain epoch=1/1 batch=2260/3000 step=2260 repair=0.003782 localization=0.3236 type=1.478 minimal=0 physics=0.1696 total=0.3047
[TRAIN train_climax_no_minimal_change_s43] [TRAIN] stage=pretrain epoch=1/1 batch=2270/3000 step=2270 repair=0.005713 localization=0.2777 type=1.479 minimal=0 physics=0.225 total=0.3168
[TRAIN train_climax_no_minimal_change_s43] [TRAIN] stage=pretrain epoch=1/1 batch=2280/3000 step=2280 repair=0.005448 localization=0.3709 type=1.41 minimal=0 physics=0.1742 total=0.2884
[TRAIN train_climax_no_minimal_change_s43] [TRAIN] stage=pretrain epoch=1/1 batch=2290/3000 step=2290 repair=0.003681 localization=0.08324 type=0.03483 minimal=0 physics=0.8725 total=0.06209
[TRAIN train_climax_no_minimal_change_s43] [TRAIN] stage=pretrain epoch=1/1 batch=2300/3000 step=2300 repair=0.00242 localization=0.06065 type=0.01538 minimal=0 physics=0.7122 total=0.04737
[TRAIN train_climax_no_minimal_change_s43] [TRAIN] stage=pretrain epoch=1/1 batch=2310/3000 step=2310 repair=0.01085 localization=0.3919 type=1.517 minimal=0 physics=0.2945 total=0.3156
[TRAIN train_climax_no_minimal_change_s43] [TRAIN] stage=pretrain epoch=1/1 batch=2320/3000 step=2320 repair=0.003188 localization=0.06347 type=0.004558 minimal=0 physics=0.7175 total=0.04652
[TRAIN train_climax_no_minimal_change_s43] [TRAIN] stage=pretrain epoch=1/1 batch=2330/3000 step=2330 repair=0.02635 localization=0.3326 type=1.368 minimal=0 physics=2.806 total=0.3367
[TRAIN train_climax_no_minimal_change_s43] [TRAIN] stage=pretrain epoch=1/1 batch=2340/3000 step=2340 repair=0.00348 localization=0.1939 type=0.7523 minimal=0 physics=0.2511 total=0.172
[TRAIN train_climax_no_minimal_change_s43] [TRAIN] stage=pretrain epoch=1/1 batch=2350/3000 step=2350 repair=0.02678 localization=0.3009 type=0.6953 minimal=0 physics=1.194 total=0.1861
[TRAIN train_climax_no_minimal_change_s43] [TRAIN] stage=pretrain epoch=1/1 batch=2360/3000 step=2360 repair=0.005666 localization=0.2315 type=1.674 minimal=0 physics=0.106 total=0.3046
[TRAIN train_climax_no_minimal_change_s43] [TRAIN] stage=pretrain epoch=1/1 batch=2370/3000 step=2370 repair=0.002814 localization=0.437 type=1.607 minimal=0 physics=0.1304 total=0.3065
[TRAIN train_climax_no_minimal_change_s43] [TRAIN] stage=pretrain epoch=1/1 batch=2380/3000 step=2380 repair=0.003612 localization=0.2323 type=2.312 minimal=0 physics=0.1175 total=0.4428
[TRAIN train_climax_no_minimal_change_s43] [TRAIN] stage=pretrain epoch=1/1 batch=2390/3000 step=2390 repair=0.002229 localization=0.2232 type=1.347 minimal=0 physics=0.06208 total=0.2474
[TRAIN train_climax_no_minimal_change_s43] [TRAIN] stage=pretrain epoch=1/1 batch=2400/3000 step=2400 repair=0.008267 localization=0.3524 type=0.8127 minimal=0 physics=0.9063 total=0.1701
[TRAIN train_climax_no_minimal_change_s43] [TRAIN] stage=pretrain epoch=1/1 batch=2410/3000 step=2410 repair=0.006337 localization=0.2361 type=1.573 minimal=0 physics=0.209 total=0.2913
[TRAIN train_climax_no_minimal_change_s43] [TRAIN] stage=pretrain epoch=1/1 batch=2420/3000 step=2420 repair=0.002026 localization=0.3203 type=1.427 minimal=0 physics=0.0518 total=0.2846
[TRAIN train_climax_no_minimal_change_s43] [TRAIN] stage=pretrain epoch=1/1 batch=2430/3000 step=2430 repair=0.003239 localization=0.2214 type=3.402 minimal=0 physics=0.09783 total=0.6295
[TRAIN train_climax_no_minimal_change_s43] [TRAIN] stage=pretrain epoch=1/1 batch=2440/3000 step=2440 repair=0.005848 localization=0.2434 type=1.491 minimal=0 physics=0.3579 total=0.3157
[TRAIN train_climax_no_minimal_change_s43] [TRAIN] stage=pretrain epoch=1/1 batch=2450/3000 step=2450 repair=0.002708 localization=0.3783 type=0.8342 minimal=0 physics=0.7791 total=0.2342
[TRAIN train_climax_no_minimal_change_s43] [TRAIN] stage=pretrain epoch=1/1 batch=2460/3000 step=2460 repair=0.002129 localization=0.3671 type=2.088 minimal=0 physics=0.485 total=0.2719
[TRAIN train_climax_no_minimal_change_s43] [TRAIN] stage=pretrain epoch=1/1 batch=2470/3000 step=2470 repair=0.02571 localization=0.3894 type=1.794 minimal=0 physics=1.192 total=0.3037
[TRAIN train_climax_no_minimal_change_s43] [TRAIN] stage=pretrain epoch=1/1 batch=2480/3000 step=2480 repair=0.002233 localization=0.3169 type=1.583 minimal=0 physics=0.105 total=0.3492
[TRAIN train_climax_no_minimal_change_s43] [TRAIN] stage=pretrain epoch=1/1 batch=2490/3000 step=2490 repair=0.03081 localization=0.3594 type=1.146 minimal=0 physics=1.495 total=0.2561
[TRAIN train_climax_no_minimal_change_s43] [TRAIN] stage=pretrain epoch=1/1 batch=2500/3000 step=2500 repair=0.001338 localization=0.245 type=1.47 minimal=0 physics=0.03121 total=0.2549
[TRAIN train_climax_no_minimal_change_s43] [TRAIN] stage=pretrain epoch=1/1 batch=2510/3000 step=2510 repair=0.002211 localization=0.1446 type=0.1651 minimal=0 physics=0.2494 total=0.06281
[TRAIN train_climax_no_minimal_change_s43] [TRAIN] stage=pretrain epoch=1/1 batch=2520/3000 step=2520 repair=0.01559 localization=0.2614 type=1.825 minimal=0 physics=0.8248 total=0.4035
[TRAIN train_climax_no_minimal_change_s43] [TRAIN] stage=pretrain epoch=1/1 batch=2530/3000 step=2530 repair=0.003548 localization=0.1708 type=1.94 minimal=0 physics=0.06342 total=0.3659
[TRAIN train_climax_no_minimal_change_s43] [TRAIN] stage=pretrain epoch=1/1 batch=2540/3000 step=2540 repair=0.002376 localization=0.1426 type=0.2895 minimal=0 physics=0.3494 total=0.08335
[TRAIN train_climax_no_minimal_change_s43] [TRAIN] stage=pretrain epoch=1/1 batch=2550/3000 step=2550 repair=0.004063 localization=0.3318 type=1.297 minimal=0 physics=0.7727 total=0.3051
[TRAIN train_climax_no_minimal_change_s43] [TRAIN] stage=pretrain epoch=1/1 batch=2560/3000 step=2560 repair=0.002377 localization=0.2205 type=1.428 minimal=0 physics=0.3619 total=0.2892
[TRAIN train_climax_no_minimal_change_s43] [TRAIN] stage=pretrain epoch=1/1 batch=2570/3000 step=2570 repair=0.001468 localization=0.06205 type=0.02053 minimal=0 physics=0.2875 total=0.02558
[TRAIN train_climax_no_minimal_change_s43] [TRAIN] stage=pretrain epoch=1/1 batch=2580/3000 step=2580 repair=0.01895 localization=0.2676 type=0.9482 minimal=0 physics=1.024 total=0.1917
[TRAIN train_climax_no_minimal_change_s43] [TRAIN] stage=pretrain epoch=1/1 batch=2590/3000 step=2590 repair=0.003725 localization=0.2037 type=1.578 minimal=0 physics=0.1022 total=0.2781
[TRAIN train_climax_no_minimal_change_s43] [TRAIN] stage=pretrain epoch=1/1 batch=2600/3000 step=2600 repair=0.002398 localization=0.1783 type=0.686 minimal=0 physics=0.2653 total=0.1021
[TRAIN train_climax_no_minimal_change_s43] [TRAIN] stage=pretrain epoch=1/1 batch=2610/3000 step=2610 repair=0.001614 localization=0.2637 type=1.444 minimal=0 physics=0.0441 total=0.2734
[TRAIN train_climax_no_minimal_change_s43] [TRAIN] stage=pretrain epoch=1/1 batch=2620/3000 step=2620 repair=0.004096 localization=0.2029 type=1.292 minimal=0 physics=0.6511 total=0.1861
[TRAIN train_climax_no_minimal_change_s43] [TRAIN] stage=pretrain epoch=1/1 batch=2630/3000 step=2630 repair=0.004425 localization=0.2321 type=1.519 minimal=0 physics=0.09537 total=0.3027
[TRAIN train_climax_no_minimal_change_s43] [TRAIN] stage=pretrain epoch=1/1 batch=2640/3000 step=2640 repair=0.004164 localization=0.3723 type=1.127 minimal=0 physics=0.07852 total=0.2487
[TRAIN train_climax_no_minimal_change_s43] [TRAIN] stage=pretrain epoch=1/1 batch=2650/3000 step=2650 repair=0.0017 localization=0.04656 type=0.0003219 minimal=0 physics=0.4642 total=0.02963
[TRAIN train_climax_no_minimal_change_s43] [TRAIN] stage=pretrain epoch=1/1 batch=2660/3000 step=2660 repair=0.004125 localization=0.2872 type=1.618 minimal=0 physics=0.1055 total=0.3411
[TRAIN train_climax_no_minimal_change_s43] [TRAIN] stage=pretrain epoch=1/1 batch=2670/3000 step=2670 repair=0.001019 localization=0.187 type=1.096 minimal=0 physics=0.07266 total=0.2162
[TRAIN train_climax_no_minimal_change_s43] [TRAIN] stage=pretrain epoch=1/1 batch=2680/3000 step=2680 repair=0.001447 localization=0.1161 type=0.001218 minimal=0 physics=0.4309 total=0.03484
[TRAIN train_climax_no_minimal_change_s43] [TRAIN] stage=pretrain epoch=1/1 batch=2690/3000 step=2690 repair=0.007821 localization=0.2239 type=1.238 minimal=0 physics=0.1421 total=0.2678
[TRAIN train_climax_no_minimal_change_s43] [TRAIN] stage=pretrain epoch=1/1 batch=2700/3000 step=2700 repair=0.005832 localization=0.3311 type=1.376 minimal=0 physics=0.4435 total=0.1987
[TRAIN train_climax_no_minimal_change_s43] [TRAIN] stage=pretrain epoch=1/1 batch=2710/3000 step=2710 repair=0.001559 localization=0.2143 type=1.748 minimal=0 physics=0.1059 total=0.3449
[TRAIN train_climax_no_minimal_change_s43] [TRAIN] stage=pretrain epoch=1/1 batch=2720/3000 step=2720 repair=0.003475 localization=0.3946 type=1.079 minimal=0 physics=0.3483 total=0.2536
[TRAIN train_climax_no_minimal_change_s43] [TRAIN] stage=pretrain epoch=1/1 batch=2730/3000 step=2730 repair=0.00213 localization=0.046 type=0.00146 minimal=0 physics=0.3534 total=0.02468
[TRAIN train_climax_no_minimal_change_s43] [TRAIN] stage=pretrain epoch=1/1 batch=2740/3000 step=2740 repair=0.00132 localization=0.3758 type=2.311 minimal=0 physics=0.0642 total=0.4874
[TRAIN train_climax_no_minimal_change_s43] [TRAIN] stage=pretrain epoch=1/1 batch=2750/3000 step=2750 repair=0.005817 localization=0.2617 type=1.387 minimal=0 physics=0.5232 total=0.1969
[TRAIN train_climax_no_minimal_change_s43] [TRAIN] stage=pretrain epoch=1/1 batch=2760/3000 step=2760 repair=0.01679 localization=0.3557 type=1.28 minimal=0 physics=0.4394 total=0.286
[TRAIN train_climax_no_minimal_change_s43] [TRAIN] stage=pretrain epoch=1/1 batch=2770/3000 step=2770 repair=0.002289 localization=0.2949 type=1.839 minimal=0 physics=0.1042 total=0.3691
[TRAIN train_climax_no_minimal_change_s43] [TRAIN] stage=pretrain epoch=1/1 batch=2780/3000 step=2780 repair=0.002327 localization=0.04276 type=0.00128 minimal=0 physics=0.2507 total=0.01941
[TRAIN train_climax_no_minimal_change_s43] [TRAIN] stage=pretrain epoch=1/1 batch=2790/3000 step=2790 repair=0.002513 localization=0.4025 type=1.431 minimal=0 physics=0.2437 total=0.321
[TRAIN train_climax_no_minimal_change_s43] [TRAIN] stage=pretrain epoch=1/1 batch=2800/3000 step=2800 repair=0.02438 localization=0.2559 type=1.653 minimal=0 physics=1.098 total=0.2702
[TRAIN train_climax_no_minimal_change_s43] [TRAIN] stage=pretrain epoch=1/1 batch=2810/3000 step=2810 repair=0.00201 localization=0.06668 type=0.0122 minimal=0 physics=0.4273 total=0.03241
[TRAIN train_climax_no_minimal_change_s43] [TRAIN] stage=pretrain epoch=1/1 batch=2820/3000 step=2820 repair=0.001407 localization=0.3152 type=1.532 minimal=0 physics=0.05168 total=0.3138
[TRAIN train_climax_no_minimal_change_s43] [TRAIN] stage=pretrain epoch=1/1 batch=2830/3000 step=2830 repair=0.006355 localization=0.3512 type=1.572 minimal=0 physics=0.07778 total=0.3213
[TRAIN train_climax_no_minimal_change_s43] [TRAIN] stage=pretrain epoch=1/1 batch=2840/3000 step=2840 repair=0.001881 localization=0.2704 type=2.994 minimal=0 physics=0.2494 total=0.5808
[TRAIN train_climax_no_minimal_change_s43] [TRAIN] stage=pretrain epoch=1/1 batch=2850/3000 step=2850 repair=0.006876 localization=0.3454 type=1.192 minimal=0 physics=0.9008 total=0.2057
[TRAIN train_climax_no_minimal_change_s43] [TRAIN] stage=pretrain epoch=1/1 batch=2860/3000 step=2860 repair=0.002312 localization=0.2948 type=1.029 minimal=0 physics=0.4463 total=0.2268
[TRAIN train_climax_no_minimal_change_s43] [TRAIN] stage=pretrain epoch=1/1 batch=2870/3000 step=2870 repair=0.01064 localization=0.5755 type=1.907 minimal=0 physics=0.4867 total=0.4394
[TRAIN train_climax_no_minimal_change_s43] [TRAIN] stage=pretrain epoch=1/1 batch=2880/3000 step=2880 repair=0.01419 localization=0.3046 type=0.907 minimal=0 physics=1.989 total=0.2865
[TRAIN train_climax_no_minimal_change_s43] [TRAIN] stage=pretrain epoch=1/1 batch=2890/3000 step=2890 repair=0.008322 localization=0.2806 type=1.021 minimal=0 physics=0.8081 total=0.1789
[TRAIN train_climax_no_minimal_change_s43] [TRAIN] stage=pretrain epoch=1/1 batch=2900/3000 step=2900 repair=0.005408 localization=0.3223 type=0.9688 minimal=0 physics=0.4476 total=0.1569
[TRAIN train_climax_no_minimal_change_s43] [TRAIN] stage=pretrain epoch=1/1 batch=2910/3000 step=2910 repair=0.006108 localization=0.2966 type=1.299 minimal=0 physics=0.09758 total=0.2555
[TRAIN train_climax_no_minimal_change_s43] [TRAIN] stage=pretrain epoch=1/1 batch=2920/3000 step=2920 repair=0.00605 localization=0.2908 type=1.276 minimal=0 physics=0.1097 total=0.2684
[TRAIN train_climax_no_minimal_change_s43] [TRAIN] stage=pretrain epoch=1/1 batch=2930/3000 step=2930 repair=0.008255 localization=0.3266 type=1.07 minimal=0 physics=0.7786 total=0.1868
[TRAIN train_climax_no_minimal_change_s43] [TRAIN] stage=pretrain epoch=1/1 batch=2940/3000 step=2940 repair=0.02149 localization=0.2381 type=0.9961 minimal=0 physics=0.9607 total=0.1929
[TRAIN train_climax_no_minimal_change_s43] [TRAIN] stage=pretrain epoch=1/1 batch=2950/3000 step=2950 repair=0.02813 localization=0.2604 type=0.9128 minimal=0 physics=1.158 total=0.2033
[TRAIN train_climax_no_minimal_change_s43] [TRAIN] stage=pretrain epoch=1/1 batch=2960/3000 step=2960 repair=0.0093 localization=0.3629 type=1.638 minimal=0 physics=1.835 total=0.3012
[TRAIN train_climax_no_minimal_change_s43] [TRAIN] stage=pretrain epoch=1/1 batch=2970/3000 step=2970 repair=0.002334 localization=0.06099 type=0.007553 minimal=0 physics=0.3107 total=0.02534
[TRAIN train_climax_no_minimal_change_s43] [TRAIN] stage=pretrain epoch=1/1 batch=2980/3000 step=2980 repair=0.006117 localization=0.3721 type=1.946 minimal=0 physics=0.08392 total=0.3487
[TRAIN train_climax_no_minimal_change_s43] [TRAIN] stage=pretrain epoch=1/1 batch=2990/3000 step=2990 repair=0.002021 localization=0.369 type=2.315 minimal=0 physics=0.1607 total=0.4329
[TRAIN train_climax_no_minimal_change_s43] [TRAIN] stage=pretrain epoch=1/1 batch=3000/3000 step=3000 repair=0.002414 localization=0.3231 type=2.168 minimal=0 physics=0.137 total=0.397
[TRAIN train_climax_no_minimal_change_s43] [EPOCH] {'stage': 'pretrain', 'epoch': 0, 'global_step': 3000, 'train_total': 0.3037285588678593, 'val_repair_mse': 0.13009109091944993, 'elapsed_seconds': 1941.27}
[TRAIN train_climax_no_minimal_change_s43] [BEST] val_repair_mse=0.130091
[TRAIN train_climax_no_minimal_change_s43] [STAGE] finetune epochs=1 start_epoch=0
[TRAIN train_climax_no_minimal_change_s43] [TRAIN] stage=finetune epoch=1/1 batch=10/3000 step=3010 repair=0.1449 localization=0 type=0 minimal=0 physics=0.4372 total=0.1667
[TRAIN train_climax_no_minimal_change_s43] [TRAIN] stage=finetune epoch=1/1 batch=20/3000 step=3020 repair=0.1744 localization=0 type=0 minimal=0 physics=0.5548 total=0.2021
[TRAIN train_climax_no_minimal_change_s43] [TRAIN] stage=finetune epoch=1/1 batch=30/3000 step=3030 repair=0.116 localization=0 type=0 minimal=0 physics=0.7374 total=0.1528
[TRAIN train_climax_no_minimal_change_s43] [TRAIN] stage=finetune epoch=1/1 batch=40/3000 step=3040 repair=0.08935 localization=0 type=0 minimal=0 physics=0.4003 total=0.1094
[TRAIN train_climax_no_minimal_change_s43] [TRAIN] stage=finetune epoch=1/1 batch=50/3000 step=3050 repair=0.1163 localization=0 type=0 minimal=0 physics=0.4152 total=0.1371
[TRAIN train_climax_no_minimal_change_s43] [TRAIN] stage=finetune epoch=1/1 batch=60/3000 step=3060 repair=0.08587 localization=0 type=0 minimal=0 physics=0.3872 total=0.1052
[TRAIN train_climax_no_minimal_change_s43] [TRAIN] stage=finetune epoch=1/1 batch=70/3000 step=3070 repair=0.1219 localization=0 type=0 minimal=0 physics=0.5154 total=0.1476
[TRAIN train_climax_no_minimal_change_s43] [TRAIN] stage=finetune epoch=1/1 batch=80/3000 step=3080 repair=0.1172 localization=0 type=0 minimal=0 physics=0.5353 total=0.144
[TRAIN train_climax_no_minimal_change_s43] [TRAIN] stage=finetune epoch=1/1 batch=90/3000 step=3090 repair=0.07763 localization=0 type=0 minimal=0 physics=0.4784 total=0.1015
[TRAIN train_climax_no_minimal_change_s43] [TRAIN] stage=finetune epoch=1/1 batch=100/3000 step=3100 repair=0.0791 localization=0 type=0 minimal=0 physics=0.3888 total=0.09855
[TRAIN train_climax_no_minimal_change_s43] [TRAIN] stage=finetune epoch=1/1 batch=110/3000 step=3110 repair=0.1247 localization=0 type=0 minimal=0 physics=0.4998 total=0.1497
[TRAIN train_climax_no_minimal_change_s43] [TRAIN] stage=finetune epoch=1/1 batch=120/3000 step=3120 repair=0.1206 localization=0 type=0 minimal=0 physics=0.5074 total=0.1459
[TRAIN train_climax_no_minimal_change_s43] [TRAIN] stage=finetune epoch=1/1 batch=130/3000 step=3130 repair=0.1513 localization=0 type=0 minimal=0 physics=0.4011 total=0.1713
[TRAIN train_climax_no_minimal_change_s43] [TRAIN] stage=finetune epoch=1/1 batch=140/3000 step=3140 repair=0.1275 localization=0 type=0 minimal=0 physics=0.3891 total=0.147
[TRAIN train_climax_no_minimal_change_s43] [TRAIN] stage=finetune epoch=1/1 batch=150/3000 step=3150 repair=0.1699 localization=0 type=0 minimal=0 physics=0.4957 total=0.1947
[TRAIN train_climax_no_minimal_change_s43] [TRAIN] stage=finetune epoch=1/1 batch=160/3000 step=3160 repair=0.1595 localization=0 type=0 minimal=0 physics=0.4548 total=0.1823
[TRAIN train_climax_no_minimal_change_s43] [TRAIN] stage=finetune epoch=1/1 batch=170/3000 step=3170 repair=0.08091 localization=0 type=0 minimal=0 physics=0.5117 total=0.1065
[TRAIN train_climax_no_minimal_change_s43] [TRAIN] stage=finetune epoch=1/1 batch=180/3000 step=3180 repair=0.1239 localization=0 type=0 minimal=0 physics=0.5378 total=0.1508
[TRAIN train_climax_no_minimal_change_s43] [TRAIN] stage=finetune epoch=1/1 batch=190/3000 step=3190 repair=0.09821 localization=0 type=0 minimal=0 physics=0.4363 total=0.12
[TRAIN train_climax_no_minimal_change_s43] [TRAIN] stage=finetune epoch=1/1 batch=200/3000 step=3200 repair=0.1641 localization=0 type=0 minimal=0 physics=0.7184 total=0.2
[TRAIN train_climax_no_minimal_change_s43] [TRAIN] stage=finetune epoch=1/1 batch=210/3000 step=3210 repair=0.07817 localization=0 type=0 minimal=0 physics=0.4288 total=0.09961
[TRAIN train_climax_no_minimal_change_s43] [TRAIN] stage=finetune epoch=1/1 batch=220/3000 step=3220 repair=0.151 localization=0 type=0 minimal=0 physics=0.4743 total=0.1748
[TRAIN train_climax_no_minimal_change_s43] [TRAIN] stage=finetune epoch=1/1 batch=230/3000 step=3230 repair=0.08426 localization=0 type=0 minimal=0 physics=0.5802 total=0.1133
[TRAIN train_climax_no_minimal_change_s43] [TRAIN] stage=finetune epoch=1/1 batch=240/3000 step=3240 repair=0.1296 localization=0 type=0 minimal=0 physics=0.4221 total=0.1507
[TRAIN train_climax_no_minimal_change_s43] [TRAIN] stage=finetune epoch=1/1 batch=250/3000 step=3250 repair=0.09105 localization=0 type=0 minimal=0 physics=0.3781 total=0.11
[TRAIN train_climax_no_minimal_change_s43] [TRAIN] stage=finetune epoch=1/1 batch=260/3000 step=3260 repair=0.1526 localization=0 type=0 minimal=0 physics=0.4803 total=0.1766
[TRAIN train_climax_no_minimal_change_s43] [TRAIN] stage=finetune epoch=1/1 batch=270/3000 step=3270 repair=0.1612 localization=0 type=0 minimal=0 physics=0.7088 total=0.1967
[TRAIN train_climax_no_minimal_change_s43] [TRAIN] stage=finetune epoch=1/1 batch=280/3000 step=3280 repair=0.118 localization=0 type=0 minimal=0 physics=0.4774 total=0.1419
[TRAIN train_climax_no_minimal_change_s43] [TRAIN] stage=finetune epoch=1/1 batch=290/3000 step=3290 repair=0.08353 localization=0 type=0 minimal=0 physics=0.426 total=0.1048
[TRAIN train_climax_no_minimal_change_s43] [TRAIN] stage=finetune epoch=1/1 batch=300/3000 step=3300 repair=0.07581 localization=0 type=0 minimal=0 physics=0.4514 total=0.09838
[TRAIN train_climax_no_minimal_change_s43] [TRAIN] stage=finetune epoch=1/1 batch=310/3000 step=3310 repair=0.08222 localization=0 type=0 minimal=0 physics=0.5507 total=0.1098
[TRAIN train_climax_no_minimal_change_s43] [TRAIN] stage=finetune epoch=1/1 batch=320/3000 step=3320 repair=0.119 localization=0 type=0 minimal=0 physics=0.5972 total=0.1489
[TRAIN train_climax_no_minimal_change_s43] [TRAIN] stage=finetune epoch=1/1 batch=330/3000 step=3330 repair=0.1251 localization=0 type=0 minimal=0 physics=0.445 total=0.1474
[TRAIN train_climax_no_minimal_change_s43] [TRAIN] stage=finetune epoch=1/1 batch=340/3000 step=3340 repair=0.1335 localization=0 type=0 minimal=0 physics=0.4064 total=0.1538
[TRAIN train_climax_no_minimal_change_s43] [TRAIN] stage=finetune epoch=1/1 batch=350/3000 step=3350 repair=0.1136 localization=0 type=0 minimal=0 physics=0.4186 total=0.1346
[TRAIN train_climax_no_minimal_change_s43] [TRAIN] stage=finetune epoch=1/1 batch=360/3000 step=3360 repair=0.1326 localization=0 type=0 minimal=0 physics=0.4081 total=0.153
[TRAIN train_climax_no_minimal_change_s43] [TRAIN] stage=finetune epoch=1/1 batch=370/3000 step=3370 repair=0.1304 localization=0 type=0 minimal=0 physics=0.6709 total=0.164
[TRAIN train_climax_no_minimal_change_s43] [TRAIN] stage=finetune epoch=1/1 batch=380/3000 step=3380 repair=0.08552 localization=0 type=0 minimal=0 physics=0.3808 total=0.1046
[TRAIN train_climax_no_minimal_change_s43] [TRAIN] stage=finetune epoch=1/1 batch=390/3000 step=3390 repair=0.07462 localization=0 type=0 minimal=0 physics=0.5147 total=0.1003
[TRAIN train_climax_no_minimal_change_s43] [TRAIN] stage=finetune epoch=1/1 batch=400/3000 step=3400 repair=0.08306 localization=0 type=0 minimal=0 physics=0.3179 total=0.09896
[TRAIN train_climax_no_minimal_change_s43] [TRAIN] stage=finetune epoch=1/1 batch=410/3000 step=3410 repair=0.1297 localization=0 type=0 minimal=0 physics=0.4527 total=0.1523
[TRAIN train_climax_no_minimal_change_s43] [TRAIN] stage=finetune epoch=1/1 batch=420/3000 step=3420 repair=0.1527 localization=0 type=0 minimal=0 physics=0.6673 total=0.1861
[TRAIN train_climax_no_minimal_change_s43] [TRAIN] stage=finetune epoch=1/1 batch=430/3000 step=3430 repair=0.1734 localization=0 type=0 minimal=0 physics=0.3668 total=0.1917
[TRAIN train_climax_no_minimal_change_s43] [TRAIN] stage=finetune epoch=1/1 batch=440/3000 step=3440 repair=0.1119 localization=0 type=0 minimal=0 physics=0.5212 total=0.138
[TRAIN train_climax_no_minimal_change_s43] [TRAIN] stage=finetune epoch=1/1 batch=450/3000 step=3450 repair=0.08237 localization=0 type=0 minimal=0 physics=0.4206 total=0.1034
[TRAIN train_climax_no_minimal_change_s43] [TRAIN] stage=finetune epoch=1/1 batch=460/3000 step=3460 repair=0.09091 localization=0 type=0 minimal=0 physics=0.3801 total=0.1099
[TRAIN train_climax_no_minimal_change_s43] [TRAIN] stage=finetune epoch=1/1 batch=470/3000 step=3470 repair=0.1208 localization=0 type=0 minimal=0 physics=0.4323 total=0.1424
[TRAIN train_climax_no_minimal_change_s43] [TRAIN] stage=finetune epoch=1/1 batch=480/3000 step=3480 repair=0.0918 localization=0 type=0 minimal=0 physics=0.3232 total=0.108
[TRAIN train_climax_no_minimal_change_s43] [TRAIN] stage=finetune epoch=1/1 batch=490/3000 step=3490 repair=0.1692 localization=0 type=0 minimal=0 physics=0.374 total=0.1879
[TRAIN train_climax_no_minimal_change_s43] [TRAIN] stage=finetune epoch=1/1 batch=500/3000 step=3500 repair=0.1184 localization=0 type=0 minimal=0 physics=0.3293 total=0.1349
[TRAIN train_climax_no_minimal_change_s43] [TRAIN] stage=finetune epoch=1/1 batch=510/3000 step=3510 repair=0.1235 localization=0 type=0 minimal=0 physics=0.3071 total=0.1388
[TRAIN train_climax_no_minimal_change_s43] [TRAIN] stage=finetune epoch=1/1 batch=520/3000 step=3520 repair=0.09074 localization=0 type=0 minimal=0 physics=0.2727 total=0.1044
[TRAIN train_climax_no_minimal_change_s43] [TRAIN] stage=finetune epoch=1/1 batch=530/3000 step=3530 repair=0.07115 localization=0 type=0 minimal=0 physics=0.3377 total=0.08803
[TRAIN train_climax_no_minimal_change_s43] [TRAIN] stage=finetune epoch=1/1 batch=540/3000 step=3540 repair=0.1728 localization=0 type=0 minimal=0 physics=0.426 total=0.1941
[TRAIN train_climax_no_minimal_change_s43] [TRAIN] stage=finetune epoch=1/1 batch=550/3000 step=3550 repair=0.1288 localization=0 type=0 minimal=0 physics=0.3267 total=0.1451
[TRAIN train_climax_no_minimal_change_s43] [TRAIN] stage=finetune epoch=1/1 batch=560/3000 step=3560 repair=0.1512 localization=0 type=0 minimal=0 physics=0.4754 total=0.1749
[TRAIN train_climax_no_minimal_change_s43] [TRAIN] stage=finetune epoch=1/1 batch=570/3000 step=3570 repair=0.08107 localization=0 type=0 minimal=0 physics=0.3246 total=0.0973
[TRAIN train_climax_no_minimal_change_s43] [TRAIN] stage=finetune epoch=1/1 batch=580/3000 step=3580 repair=0.1195 localization=0 type=0 minimal=0 physics=0.527 total=0.1459
[TRAIN train_climax_no_minimal_change_s43] [TRAIN] stage=finetune epoch=1/1 batch=590/3000 step=3590 repair=0.1219 localization=0 type=0 minimal=0 physics=0.6101 total=0.1524
[TRAIN train_climax_no_minimal_change_s43] [TRAIN] stage=finetune epoch=1/1 batch=600/3000 step=3600 repair=0.1171 localization=0 type=0 minimal=0 physics=0.3855 total=0.1363
[TRAIN train_climax_no_minimal_change_s43] [TRAIN] stage=finetune epoch=1/1 batch=610/3000 step=3610 repair=0.1163 localization=0 type=0 minimal=0 physics=0.3078 total=0.1317
[TRAIN train_climax_no_minimal_change_s43] [TRAIN] stage=finetune epoch=1/1 batch=620/3000 step=3620 repair=0.08703 localization=0 type=0 minimal=0 physics=0.4893 total=0.1115
[TRAIN train_climax_no_minimal_change_s43] [TRAIN] stage=finetune epoch=1/1 batch=630/3000 step=3630 repair=0.09115 localization=0 type=0 minimal=0 physics=0.5193 total=0.1171
[TRAIN train_climax_no_minimal_change_s43] [TRAIN] stage=finetune epoch=1/1 batch=640/3000 step=3640 repair=0.127 localization=0 type=0 minimal=0 physics=0.3222 total=0.1432
[TRAIN train_climax_no_minimal_change_s43] [TRAIN] stage=finetune epoch=1/1 batch=650/3000 step=3650 repair=0.1266 localization=0 type=0 minimal=0 physics=0.2971 total=0.1415
[TRAIN train_climax_no_minimal_change_s43] [TRAIN] stage=finetune epoch=1/1 batch=660/3000 step=3660 repair=0.1308 localization=0 type=0 minimal=0 physics=0.5863 total=0.1601
[TRAIN train_climax_no_minimal_change_s43] [TRAIN] stage=finetune epoch=1/1 batch=670/3000 step=3670 repair=0.09205 localization=0 type=0 minimal=0 physics=0.5106 total=0.1176
[TRAIN train_climax_no_minimal_change_s43] [TRAIN] stage=finetune epoch=1/1 batch=680/3000 step=3680 repair=0.08163 localization=0 type=0 minimal=0 physics=0.442 total=0.1037
[TRAIN train_climax_no_minimal_change_s43] [TRAIN] stage=finetune epoch=1/1 batch=690/3000 step=3690 repair=0.1097 localization=0 type=0 minimal=0 physics=0.4068 total=0.13
[TRAIN train_climax_no_minimal_change_s43] [TRAIN] stage=finetune epoch=1/1 batch=700/3000 step=3700 repair=0.109 localization=0 type=0 minimal=0 physics=0.3943 total=0.1287
[TRAIN train_climax_no_minimal_change_s43] [TRAIN] stage=finetune epoch=1/1 batch=710/3000 step=3710 repair=0.1592 localization=0 type=0 minimal=0 physics=0.4349 total=0.1809
[TRAIN train_climax_no_minimal_change_s43] [TRAIN] stage=finetune epoch=1/1 batch=720/3000 step=3720 repair=0.07624 localization=0 type=0 minimal=0 physics=0.4395 total=0.09821
[TRAIN train_climax_no_minimal_change_s43] [TRAIN] stage=finetune epoch=1/1 batch=730/3000 step=3730 repair=0.121 localization=0 type=0 minimal=0 physics=0.5211 total=0.1471
[TRAIN train_climax_no_minimal_change_s43] [TRAIN] stage=finetune epoch=1/1 batch=740/3000 step=3740 repair=0.09149 localization=0 type=0 minimal=0 physics=0.448 total=0.1139
[TRAIN train_climax_no_minimal_change_s43] [TRAIN] stage=finetune epoch=1/1 batch=750/3000 step=3750 repair=0.1302 localization=0 type=0 minimal=0 physics=0.5325 total=0.1568
[TRAIN train_climax_no_minimal_change_s43] [TRAIN] stage=finetune epoch=1/1 batch=760/3000 step=3760 repair=0.1211 localization=0 type=0 minimal=0 physics=0.4447 total=0.1433
[TRAIN train_climax_no_minimal_change_s43] [TRAIN] stage=finetune epoch=1/1 batch=770/3000 step=3770 repair=0.08564 localization=0 type=0 minimal=0 physics=0.3943 total=0.1053
[TRAIN train_climax_no_minimal_change_s43] [TRAIN] stage=finetune epoch=1/1 batch=780/3000 step=3780 repair=0.1272 localization=0 type=0 minimal=0 physics=0.6703 total=0.1607
[TRAIN train_climax_no_minimal_change_s43] [TRAIN] stage=finetune epoch=1/1 batch=790/3000 step=3790 repair=0.07939 localization=0 type=0 minimal=0 physics=0.391 total=0.09894
[TRAIN train_climax_no_minimal_change_s43] [TRAIN] stage=finetune epoch=1/1 batch=800/3000 step=3800 repair=0.1117 localization=0 type=0 minimal=0 physics=0.3811 total=0.1307
[TRAIN train_climax_no_minimal_change_s43] [TRAIN] stage=finetune epoch=1/1 batch=810/3000 step=3810 repair=0.0808 localization=0 type=0 minimal=0 physics=0.5401 total=0.1078
[TRAIN train_climax_no_minimal_change_s43] [TRAIN] stage=finetune epoch=1/1 batch=820/3000 step=3820 repair=0.13 localization=0 type=0 minimal=0 physics=0.472 total=0.1536
[TRAIN train_climax_no_minimal_change_s43] [TRAIN] stage=finetune epoch=1/1 batch=830/3000 step=3830 repair=0.08988 localization=0 type=0 minimal=0 physics=0.4233 total=0.111
[TRAIN train_climax_no_minimal_change_s43] [TRAIN] stage=finetune epoch=1/1 batch=840/3000 step=3840 repair=0.1146 localization=0 type=0 minimal=0 physics=0.4895 total=0.1391
[TRAIN train_climax_no_minimal_change_s43] [TRAIN] stage=finetune epoch=1/1 batch=850/3000 step=3850 repair=0.1261 localization=0 type=0 minimal=0 physics=0.4591 total=0.149
[TRAIN train_climax_no_minimal_change_s43] [TRAIN] stage=finetune epoch=1/1 batch=860/3000 step=3860 repair=0.06976 localization=0 type=0 minimal=0 physics=0.4843 total=0.09397
[TRAIN train_climax_no_minimal_change_s43] [TRAIN] stage=finetune epoch=1/1 batch=870/3000 step=3870 repair=0.08911 localization=0 type=0 minimal=0 physics=0.5404 total=0.1161
[TRAIN train_climax_no_minimal_change_s43] [TRAIN] stage=finetune epoch=1/1 batch=880/3000 step=3880 repair=0.1033 localization=0 type=0 minimal=0 physics=0.4714 total=0.1269
[TRAIN train_climax_no_minimal_change_s43] [TRAIN] stage=finetune epoch=1/1 batch=890/3000 step=3890 repair=0.1593 localization=0 type=0 minimal=0 physics=0.5599 total=0.1873
[TRAIN train_climax_no_minimal_change_s43] [TRAIN] stage=finetune epoch=1/1 batch=900/3000 step=3900 repair=0.1506 localization=0 type=0 minimal=0 physics=0.5964 total=0.1804
[TRAIN train_climax_no_minimal_change_s43] [TRAIN] stage=finetune epoch=1/1 batch=910/3000 step=3910 repair=0.08751 localization=0 type=0 minimal=0 physics=0.4401 total=0.1095
[TRAIN train_climax_no_minimal_change_s43] [TRAIN] stage=finetune epoch=1/1 batch=920/3000 step=3920 repair=0.1318 localization=0 type=0 minimal=0 physics=0.5245 total=0.1581
[TRAIN train_climax_no_minimal_change_s43] [TRAIN] stage=finetune epoch=1/1 batch=930/3000 step=3930 repair=0.09371 localization=0 type=0 minimal=0 physics=0.4186 total=0.1146
[TRAIN train_climax_no_minimal_change_s43] [TRAIN] stage=finetune epoch=1/1 batch=940/3000 step=3940 repair=0.1106 localization=0 type=0 minimal=0 physics=0.536 total=0.1374
[TRAIN train_climax_no_minimal_change_s43] [TRAIN] stage=finetune epoch=1/1 batch=950/3000 step=3950 repair=0.1176 localization=0 type=0 minimal=0 physics=0.8778 total=0.1615
[TRAIN train_climax_no_minimal_change_s43] [TRAIN] stage=finetune epoch=1/1 batch=960/3000 step=3960 repair=0.1245 localization=0 type=0 minimal=0 physics=0.5249 total=0.1507
[TRAIN train_climax_no_minimal_change_s43] [TRAIN] stage=finetune epoch=1/1 batch=970/3000 step=3970 repair=0.07247 localization=0 type=0 minimal=0 physics=0.5873 total=0.1018
[TRAIN train_climax_no_minimal_change_s43] [TRAIN] stage=finetune epoch=1/1 batch=980/3000 step=3980 repair=0.1184 localization=0 type=0 minimal=0 physics=0.4219 total=0.1395
[TRAIN train_climax_no_minimal_change_s43] [TRAIN] stage=finetune epoch=1/1 batch=990/3000 step=3990 repair=0.1132 localization=0 type=0 minimal=0 physics=0.5524 total=0.1408
[TRAIN train_climax_no_minimal_change_s43] [TRAIN] stage=finetune epoch=1/1 batch=1000/3000 step=4000 repair=0.06865 localization=0 type=0 minimal=0 physics=0.5584 total=0.09657
[TRAIN train_climax_no_minimal_change_s43] [TRAIN] stage=finetune epoch=1/1 batch=1010/3000 step=4010 repair=0.1186 localization=0 type=0 minimal=0 physics=0.5834 total=0.1478
[TRAIN train_climax_no_minimal_change_s43] [TRAIN] stage=finetune epoch=1/1 batch=1020/3000 step=4020 repair=0.1188 localization=0 type=0 minimal=0 physics=0.4338 total=0.1405
[TRAIN train_climax_no_minimal_change_s43] [TRAIN] stage=finetune epoch=1/1 batch=1030/3000 step=4030 repair=0.07994 localization=0 type=0 minimal=0 physics=0.4544 total=0.1027
[TRAIN train_climax_no_minimal_change_s43] [TRAIN] stage=finetune epoch=1/1 batch=1040/3000 step=4040 repair=0.07892 localization=0 type=0 minimal=0 physics=0.4696 total=0.1024
[TRAIN train_climax_no_minimal_change_s43] [TRAIN] stage=finetune epoch=1/1 batch=1050/3000 step=4050 repair=0.06667 localization=0 type=0 minimal=0 physics=0.4238 total=0.08786
[TRAIN train_climax_no_minimal_change_s43] [TRAIN] stage=finetune epoch=1/1 batch=1060/3000 step=4060 repair=0.1161 localization=0 type=0 minimal=0 physics=0.4293 total=0.1376
[TRAIN train_climax_no_minimal_change_s43] [TRAIN] stage=finetune epoch=1/1 batch=1070/3000 step=4070 repair=0.07932 localization=0 type=0 minimal=0 physics=0.398 total=0.09921
[TRAIN train_climax_no_minimal_change_s43] [TRAIN] stage=finetune epoch=1/1 batch=1080/3000 step=4080 repair=0.08785 localization=0 type=0 minimal=0 physics=0.4203 total=0.1089
[TRAIN train_climax_no_minimal_change_s43] [TRAIN] stage=finetune epoch=1/1 batch=1090/3000 step=4090 repair=0.128 localization=0 type=0 minimal=0 physics=0.5043 total=0.1532
[TRAIN train_climax_no_minimal_change_s43] [TRAIN] stage=finetune epoch=1/1 batch=1100/3000 step=4100 repair=0.1281 localization=0 type=0 minimal=0 physics=0.4069 total=0.1484
[TRAIN train_climax_no_minimal_change_s43] [TRAIN] stage=finetune epoch=1/1 batch=1110/3000 step=4110 repair=0.09369 localization=0 type=0 minimal=0 physics=0.4989 total=0.1186
[TRAIN train_climax_no_minimal_change_s43] [TRAIN] stage=finetune epoch=1/1 batch=1120/3000 step=4120 repair=0.07486 localization=0 type=0 minimal=0 physics=0.4533 total=0.09752
[TRAIN train_climax_no_minimal_change_s43] [TRAIN] stage=finetune epoch=1/1 batch=1130/3000 step=4130 repair=0.1333 localization=0 type=0 minimal=0 physics=0.3912 total=0.1528
[TRAIN train_climax_no_minimal_change_s43] [TRAIN] stage=finetune epoch=1/1 batch=1140/3000 step=4140 repair=0.115 localization=0 type=0 minimal=0 physics=0.4284 total=0.1364
[TRAIN train_climax_no_minimal_change_s43] [TRAIN] stage=finetune epoch=1/1 batch=1150/3000 step=4150 repair=0.1639 localization=0 type=0 minimal=0 physics=0.4777 total=0.1878
[TRAIN train_climax_no_minimal_change_s43] [TRAIN] stage=finetune epoch=1/1 batch=1160/3000 step=4160 repair=0.1132 localization=0 type=0 minimal=0 physics=0.595 total=0.143
[TRAIN train_climax_no_minimal_change_s43] [TRAIN] stage=finetune epoch=1/1 batch=1170/3000 step=4170 repair=0.1213 localization=0 type=0 minimal=0 physics=0.6959 total=0.1561
[TRAIN train_climax_no_minimal_change_s43] [TRAIN] stage=finetune epoch=1/1 batch=1180/3000 step=4180 repair=0.07831 localization=0 type=0 minimal=0 physics=0.4461 total=0.1006
[TRAIN train_climax_no_minimal_change_s43] [TRAIN] stage=finetune epoch=1/1 batch=1190/3000 step=4190 repair=0.1308 localization=0 type=0 minimal=0 physics=0.5195 total=0.1568
[TRAIN train_climax_no_minimal_change_s43] [TRAIN] stage=finetune epoch=1/1 batch=1200/3000 step=4200 repair=0.1315 localization=0 type=0 minimal=0 physics=0.5036 total=0.1566
[TRAIN train_climax_no_minimal_change_s43] [TRAIN] stage=finetune epoch=1/1 batch=1210/3000 step=4210 repair=0.1096 localization=0 type=0 minimal=0 physics=0.3401 total=0.1266
[TRAIN train_climax_no_minimal_change_s43] [TRAIN] stage=finetune epoch=1/1 batch=1220/3000 step=4220 repair=0.07785 localization=0 type=0 minimal=0 physics=0.3918 total=0.09744
[TRAIN train_climax_no_minimal_change_s43] [TRAIN] stage=finetune epoch=1/1 batch=1230/3000 step=4230 repair=0.1576 localization=0 type=0 minimal=0 physics=0.8236 total=0.1988
[TRAIN train_climax_no_minimal_change_s43] [TRAIN] stage=finetune epoch=1/1 batch=1240/3000 step=4240 repair=0.1144 localization=0 type=0 minimal=0 physics=0.435 total=0.1362
[TRAIN train_climax_no_minimal_change_s43] [TRAIN] stage=finetune epoch=1/1 batch=1250/3000 step=4250 repair=0.1307 localization=0 type=0 minimal=0 physics=0.6243 total=0.1619
[TRAIN train_climax_no_minimal_change_s43] [TRAIN] stage=finetune epoch=1/1 batch=1260/3000 step=4260 repair=0.129 localization=0 type=0 minimal=0 physics=0.4009 total=0.149
[TRAIN train_climax_no_minimal_change_s43] [TRAIN] stage=finetune epoch=1/1 batch=1270/3000 step=4270 repair=0.1609 localization=0 type=0 minimal=0 physics=0.4957 total=0.1857
[TRAIN train_climax_no_minimal_change_s43] [TRAIN] stage=finetune epoch=1/1 batch=1280/3000 step=4280 repair=0.08442 localization=0 type=0 minimal=0 physics=0.6415 total=0.1165
[TRAIN train_climax_no_minimal_change_s43] [TRAIN] stage=finetune epoch=1/1 batch=1290/3000 step=4290 repair=0.1187 localization=0 type=0 minimal=0 physics=0.5229 total=0.1448
[TRAIN train_climax_no_minimal_change_s43] [TRAIN] stage=finetune epoch=1/1 batch=1300/3000 step=4300 repair=0.09321 localization=0 type=0 minimal=0 physics=0.515 total=0.119
[TRAIN train_climax_no_minimal_change_s43] [TRAIN] stage=finetune epoch=1/1 batch=1310/3000 step=4310 repair=0.08895 localization=0 type=0 minimal=0 physics=0.6365 total=0.1208
[TRAIN train_climax_no_minimal_change_s43] [TRAIN] stage=finetune epoch=1/1 batch=1320/3000 step=4320 repair=0.1171 localization=0 type=0 minimal=0 physics=0.5026 total=0.1422
[TRAIN train_climax_no_minimal_change_s43] [TRAIN] stage=finetune epoch=1/1 batch=1330/3000 step=4330 repair=0.08674 localization=0 type=0 minimal=0 physics=0.492 total=0.1113
[TRAIN train_climax_no_minimal_change_s43] [TRAIN] stage=finetune epoch=1/1 batch=1340/3000 step=4340 repair=0.1448 localization=0 type=0 minimal=0 physics=0.5667 total=0.1731
[TRAIN train_climax_no_minimal_change_s43] [TRAIN] stage=finetune epoch=1/1 batch=1350/3000 step=4350 repair=0.06933 localization=0 type=0 minimal=0 physics=0.5788 total=0.09828
[TRAIN train_climax_no_minimal_change_s43] [TRAIN] stage=finetune epoch=1/1 batch=1360/3000 step=4360 repair=0.07587 localization=0 type=0 minimal=0 physics=0.443 total=0.09802
[TRAIN train_climax_no_minimal_change_s43] [TRAIN] stage=finetune epoch=1/1 batch=1370/3000 step=4370 repair=0.07343 localization=0 type=0 minimal=0 physics=0.3636 total=0.09161
[TRAIN train_climax_no_minimal_change_s43] [TRAIN] stage=finetune epoch=1/1 batch=1380/3000 step=4380 repair=0.08688 localization=0 type=0 minimal=0 physics=0.4206 total=0.1079
[TRAIN train_climax_no_minimal_change_s43] [TRAIN] stage=finetune epoch=1/1 batch=1390/3000 step=4390 repair=0.1409 localization=0 type=0 minimal=0 physics=0.6981 total=0.1758
[TRAIN train_climax_no_minimal_change_s43] [TRAIN] stage=finetune epoch=1/1 batch=1400/3000 step=4400 repair=0.1494 localization=0 type=0 minimal=0 physics=0.4672 total=0.1728
[TRAIN train_climax_no_minimal_change_s43] [TRAIN] stage=finetune epoch=1/1 batch=1410/3000 step=4410 repair=0.1283 localization=0 type=0 minimal=0 physics=0.4953 total=0.153
[TRAIN train_climax_no_minimal_change_s43] [TRAIN] stage=finetune epoch=1/1 batch=1420/3000 step=4420 repair=0.1113 localization=0 type=0 minimal=0 physics=0.5128 total=0.1369
[TRAIN train_climax_no_minimal_change_s43] [TRAIN] stage=finetune epoch=1/1 batch=1430/3000 step=4430 repair=0.06936 localization=0 type=0 minimal=0 physics=0.4268 total=0.0907
[TRAIN train_climax_no_minimal_change_s43] [TRAIN] stage=finetune epoch=1/1 batch=1440/3000 step=4440 repair=0.1121 localization=0 type=0 minimal=0 physics=0.5367 total=0.1389
[TRAIN train_climax_no_minimal_change_s43] [TRAIN] stage=finetune epoch=1/1 batch=1450/3000 step=4450 repair=0.1194 localization=0 type=0 minimal=0 physics=0.526 total=0.1457
[TRAIN train_climax_no_minimal_change_s43] [TRAIN] stage=finetune epoch=1/1 batch=1460/3000 step=4460 repair=0.07733 localization=0 type=0 minimal=0 physics=0.6789 total=0.1113
[TRAIN train_climax_no_minimal_change_s43] [TRAIN] stage=finetune epoch=1/1 batch=1470/3000 step=4470 repair=0.1275 localization=0 type=0 minimal=0 physics=0.5952 total=0.1572
[TRAIN train_climax_no_minimal_change_s43] [TRAIN] stage=finetune epoch=1/1 batch=1480/3000 step=4480 repair=0.1139 localization=0 type=0 minimal=0 physics=0.5788 total=0.1428
[TRAIN train_climax_no_minimal_change_s43] [TRAIN] stage=finetune epoch=1/1 batch=1490/3000 step=4490 repair=0.1295 localization=0 type=0 minimal=0 physics=0.5409 total=0.1565
[TRAIN train_climax_no_minimal_change_s43] [TRAIN] stage=finetune epoch=1/1 batch=1500/3000 step=4500 repair=0.08185 localization=0 type=0 minimal=0 physics=0.4537 total=0.1045
[TRAIN train_climax_no_minimal_change_s43] [TRAIN] stage=finetune epoch=1/1 batch=1510/3000 step=4510 repair=0.1525 localization=0 type=0 minimal=0 physics=0.4921 total=0.1771
[TRAIN train_climax_no_minimal_change_s43] [TRAIN] stage=finetune epoch=1/1 batch=1520/3000 step=4520 repair=0.0773 localization=0 type=0 minimal=0 physics=0.4466 total=0.09964
[TRAIN train_climax_no_minimal_change_s43] [TRAIN] stage=finetune epoch=1/1 batch=1530/3000 step=4530 repair=0.07187 localization=0 type=0 minimal=0 physics=0.5716 total=0.1005
[TRAIN train_climax_no_minimal_change_s43] [TRAIN] stage=finetune epoch=1/1 batch=1540/3000 step=4540 repair=0.07446 localization=0 type=0 minimal=0 physics=0.5422 total=0.1016
[TRAIN train_climax_no_minimal_change_s43] [TRAIN] stage=finetune epoch=1/1 batch=1550/3000 step=4550 repair=0.1268 localization=0 type=0 minimal=0 physics=0.4595 total=0.1498
[TRAIN train_climax_no_minimal_change_s43] [TRAIN] stage=finetune epoch=1/1 batch=1560/3000 step=4560 repair=0.122 localization=0 type=0 minimal=0 physics=0.5207 total=0.1481
[TRAIN train_climax_no_minimal_change_s43] [TRAIN] stage=finetune epoch=1/1 batch=1570/3000 step=4570 repair=0.07124 localization=0 type=0 minimal=0 physics=0.4883 total=0.09566
[TRAIN train_climax_no_minimal_change_s43] [TRAIN] stage=finetune epoch=1/1 batch=1580/3000 step=4580 repair=0.07265 localization=0 type=0 minimal=0 physics=0.4495 total=0.09512
[TRAIN train_climax_no_minimal_change_s43] [TRAIN] stage=finetune epoch=1/1 batch=1590/3000 step=4590 repair=0.08637 localization=0 type=0 minimal=0 physics=0.4607 total=0.1094
[TRAIN train_climax_no_minimal_change_s43] [TRAIN] stage=finetune epoch=1/1 batch=1600/3000 step=4600 repair=0.1032 localization=0 type=0 minimal=0 physics=0.6064 total=0.1336
[TRAIN train_climax_no_minimal_change_s43] [TRAIN] stage=finetune epoch=1/1 batch=1610/3000 step=4610 repair=0.07811 localization=0 type=0 minimal=0 physics=0.4773 total=0.102
[TRAIN train_climax_no_minimal_change_s43] [TRAIN] stage=finetune epoch=1/1 batch=1620/3000 step=4620 repair=0.1278 localization=0 type=0 minimal=0 physics=0.5005 total=0.1528
[TRAIN train_climax_no_minimal_change_s43] [TRAIN] stage=finetune epoch=1/1 batch=1630/3000 step=4630 repair=0.1796 localization=0 type=0 minimal=0 physics=0.6016 total=0.2096
[TRAIN train_climax_no_minimal_change_s43] [TRAIN] stage=finetune epoch=1/1 batch=1640/3000 step=4640 repair=0.1113 localization=0 type=0 minimal=0 physics=0.5309 total=0.1378
[TRAIN train_climax_no_minimal_change_s43] [TRAIN] stage=finetune epoch=1/1 batch=1650/3000 step=4650 repair=0.1265 localization=0 type=0 minimal=0 physics=0.4578 total=0.1494
[TRAIN train_climax_no_minimal_change_s43] [TRAIN] stage=finetune epoch=1/1 batch=1660/3000 step=4660 repair=0.06399 localization=0 type=0 minimal=0 physics=0.4482 total=0.0864
[TRAIN train_climax_no_minimal_change_s43] [TRAIN] stage=finetune epoch=1/1 batch=1670/3000 step=4670 repair=0.06332 localization=0 type=0 minimal=0 physics=0.6027 total=0.09346
[TRAIN train_climax_no_minimal_change_s43] [TRAIN] stage=finetune epoch=1/1 batch=1680/3000 step=4680 repair=0.09276 localization=0 type=0 minimal=0 physics=0.5523 total=0.1204
[TRAIN train_climax_no_minimal_change_s43] [TRAIN] stage=finetune epoch=1/1 batch=1690/3000 step=4690 repair=0.1194 localization=0 type=0 minimal=0 physics=0.7006 total=0.1544
[TRAIN train_climax_no_minimal_change_s43] [TRAIN] stage=finetune epoch=1/1 batch=1700/3000 step=4700 repair=0.07547 localization=0 type=0 minimal=0 physics=0.3697 total=0.09396
[TRAIN train_climax_no_minimal_change_s43] [TRAIN] stage=finetune epoch=1/1 batch=1710/3000 step=4710 repair=0.07639 localization=0 type=0 minimal=0 physics=0.3805 total=0.09541
[TRAIN train_climax_no_minimal_change_s43] [TRAIN] stage=finetune epoch=1/1 batch=1720/3000 step=4720 repair=0.07477 localization=0 type=0 minimal=0 physics=0.4424 total=0.09688
[TRAIN train_climax_no_minimal_change_s43] [TRAIN] stage=finetune epoch=1/1 batch=1730/3000 step=4730 repair=0.0868 localization=0 type=0 minimal=0 physics=0.4282 total=0.1082
[TRAIN train_climax_no_minimal_change_s43] [TRAIN] stage=finetune epoch=1/1 batch=1740/3000 step=4740 repair=0.1138 localization=0 type=0 minimal=0 physics=0.4751 total=0.1376
[TRAIN train_climax_no_minimal_change_s43] [TRAIN] stage=finetune epoch=1/1 batch=1750/3000 step=4750 repair=0.1262 localization=0 type=0 minimal=0 physics=0.3478 total=0.1435
[TRAIN train_climax_no_minimal_change_s43] [TRAIN] stage=finetune epoch=1/1 batch=1760/3000 step=4760 repair=0.167 localization=0 type=0 minimal=0 physics=0.4018 total=0.1871
[TRAIN train_climax_no_minimal_change_s43] [TRAIN] stage=finetune epoch=1/1 batch=1770/3000 step=4770 repair=0.113 localization=0 type=0 minimal=0 physics=0.4229 total=0.1342
[TRAIN train_climax_no_minimal_change_s43] [TRAIN] stage=finetune epoch=1/1 batch=1780/3000 step=4780 repair=0.1091 localization=0 type=0 minimal=0 physics=0.514 total=0.1348
[TRAIN train_climax_no_minimal_change_s43] [TRAIN] stage=finetune epoch=1/1 batch=1790/3000 step=4790 repair=0.06889 localization=0 type=0 minimal=0 physics=0.5101 total=0.0944
[TRAIN train_climax_no_minimal_change_s43] [TRAIN] stage=finetune epoch=1/1 batch=1800/3000 step=4800 repair=0.1702 localization=0 type=0 minimal=0 physics=0.3754 total=0.189
[TRAIN train_climax_no_minimal_change_s43] [TRAIN] stage=finetune epoch=1/1 batch=1810/3000 step=4810 repair=0.1201 localization=0 type=0 minimal=0 physics=0.3357 total=0.1369
[TRAIN train_climax_no_minimal_change_s43] [TRAIN] stage=finetune epoch=1/1 batch=1820/3000 step=4820 repair=0.1168 localization=0 type=0 minimal=0 physics=0.3463 total=0.1342
[TRAIN train_climax_no_minimal_change_s43] [TRAIN] stage=finetune epoch=1/1 batch=1830/3000 step=4830 repair=0.1143 localization=0 type=0 minimal=0 physics=0.3467 total=0.1316
[TRAIN train_climax_no_minimal_change_s43] [TRAIN] stage=finetune epoch=1/1 batch=1840/3000 step=4840 repair=0.08045 localization=0 type=0 minimal=0 physics=0.386 total=0.09975
[TRAIN train_climax_no_minimal_change_s43] [TRAIN] stage=finetune epoch=1/1 batch=1850/3000 step=4850 repair=0.1299 localization=0 type=0 minimal=0 physics=0.3877 total=0.1493
[TRAIN train_climax_no_minimal_change_s43] [TRAIN] stage=finetune epoch=1/1 batch=1860/3000 step=4860 repair=0.1176 localization=0 type=0 minimal=0 physics=0.5208 total=0.1436
[TRAIN train_climax_no_minimal_change_s43] [TRAIN] stage=finetune epoch=1/1 batch=1870/3000 step=4870 repair=0.07556 localization=0 type=0 minimal=0 physics=0.3132 total=0.09122
[TRAIN train_climax_no_minimal_change_s43] [TRAIN] stage=finetune epoch=1/1 batch=1880/3000 step=4880 repair=0.1359 localization=0 type=0 minimal=0 physics=0.3827 total=0.1551
[TRAIN train_climax_no_minimal_change_s43] [TRAIN] stage=finetune epoch=1/1 batch=1890/3000 step=4890 repair=0.1167 localization=0 type=0 minimal=0 physics=0.365 total=0.135
[TRAIN train_climax_no_minimal_change_s43] [TRAIN] stage=finetune epoch=1/1 batch=1900/3000 step=4900 repair=0.08334 localization=0 type=0 minimal=0 physics=0.3763 total=0.1022
[TRAIN train_climax_no_minimal_change_s43] [TRAIN] stage=finetune epoch=1/1 batch=1910/3000 step=4910 repair=0.06378 localization=0 type=0 minimal=0 physics=0.3042 total=0.07899
[TRAIN train_climax_no_minimal_change_s43] [TRAIN] stage=finetune epoch=1/1 batch=1920/3000 step=4920 repair=0.1331 localization=0 type=0 minimal=0 physics=0.7471 total=0.1705
[TRAIN train_climax_no_minimal_change_s43] [TRAIN] stage=finetune epoch=1/1 batch=1930/3000 step=4930 repair=0.1579 localization=0 type=0 minimal=0 physics=0.4035 total=0.1781
[TRAIN train_climax_no_minimal_change_s43] [TRAIN] stage=finetune epoch=1/1 batch=1940/3000 step=4940 repair=0.1323 localization=0 type=0 minimal=0 physics=0.4672 total=0.1556
[TRAIN train_climax_no_minimal_change_s43] [TRAIN] stage=finetune epoch=1/1 batch=1950/3000 step=4950 repair=0.07145 localization=0 type=0 minimal=0 physics=0.4088 total=0.09189
[TRAIN train_climax_no_minimal_change_s43] [TRAIN] stage=finetune epoch=1/1 batch=1960/3000 step=4960 repair=0.07815 localization=0 type=0 minimal=0 physics=0.5798 total=0.1071
[TRAIN train_climax_no_minimal_change_s43] [TRAIN] stage=finetune epoch=1/1 batch=1970/3000 step=4970 repair=0.06731 localization=0 type=0 minimal=0 physics=0.3962 total=0.08712
[TRAIN train_climax_no_minimal_change_s43] [TRAIN] stage=finetune epoch=1/1 batch=1980/3000 step=4980 repair=0.1403 localization=0 type=0 minimal=0 physics=0.349 total=0.1577
[TRAIN train_climax_no_minimal_change_s43] [TRAIN] stage=finetune epoch=1/1 batch=1990/3000 step=4990 repair=0.08736 localization=0 type=0 minimal=0 physics=0.3549 total=0.1051
[TRAIN train_climax_no_minimal_change_s43] [TRAIN] stage=finetune epoch=1/1 batch=2000/3000 step=5000 repair=0.124 localization=0 type=0 minimal=0 physics=0.4284 total=0.1454
[TRAIN train_climax_no_minimal_change_s43] [TRAIN] stage=finetune epoch=1/1 batch=2010/3000 step=5010 repair=0.1225 localization=0 type=0 minimal=0 physics=0.4393 total=0.1445
[TRAIN train_climax_no_minimal_change_s43] [TRAIN] stage=finetune epoch=1/1 batch=2020/3000 step=5020 repair=0.08645 localization=0 type=0 minimal=0 physics=0.5041 total=0.1117
[TRAIN train_climax_no_minimal_change_s43] [TRAIN] stage=finetune epoch=1/1 batch=2030/3000 step=5030 repair=0.1351 localization=0 type=0 minimal=0 physics=0.4815 total=0.1592
[TRAIN train_climax_no_minimal_change_s43] [TRAIN] stage=finetune epoch=1/1 batch=2040/3000 step=5040 repair=0.08025 localization=0 type=0 minimal=0 physics=0.3283 total=0.09667
[TRAIN train_climax_no_minimal_change_s43] [TRAIN] stage=finetune epoch=1/1 batch=2050/3000 step=5050 repair=0.07576 localization=0 type=0 minimal=0 physics=0.3898 total=0.09525
[TRAIN train_climax_no_minimal_change_s43] [TRAIN] stage=finetune epoch=1/1 batch=2060/3000 step=5060 repair=0.1085 localization=0 type=0 minimal=0 physics=0.5551 total=0.1363
[TRAIN train_climax_no_minimal_change_s43] [TRAIN] stage=finetune epoch=1/1 batch=2070/3000 step=5070 repair=0.1059 localization=0 type=0 minimal=0 physics=0.4638 total=0.1291
[TRAIN train_climax_no_minimal_change_s43] [TRAIN] stage=finetune epoch=1/1 batch=2080/3000 step=5080 repair=0.08338 localization=0 type=0 minimal=0 physics=0.3028 total=0.09852
[TRAIN train_climax_no_minimal_change_s43] [TRAIN] stage=finetune epoch=1/1 batch=2090/3000 step=5090 repair=0.07078 localization=0 type=0 minimal=0 physics=0.3035 total=0.08595
[TRAIN train_climax_no_minimal_change_s43] [TRAIN] stage=finetune epoch=1/1 batch=2100/3000 step=5100 repair=0.08726 localization=0 type=0 minimal=0 physics=0.4143 total=0.108
[TRAIN train_climax_no_minimal_change_s43] [TRAIN] stage=finetune epoch=1/1 batch=2110/3000 step=5110 repair=0.1382 localization=0 type=0 minimal=0 physics=0.5992 total=0.1682
[TRAIN train_climax_no_minimal_change_s43] [TRAIN] stage=finetune epoch=1/1 batch=2120/3000 step=5120 repair=0.1127 localization=0 type=0 minimal=0 physics=0.5518 total=0.1403
[TRAIN train_climax_no_minimal_change_s43] [TRAIN] stage=finetune epoch=1/1 batch=2130/3000 step=5130 repair=0.07207 localization=0 type=0 minimal=0 physics=0.3733 total=0.09073
[TRAIN train_climax_no_minimal_change_s43] [TRAIN] stage=finetune epoch=1/1 batch=2140/3000 step=5140 repair=0.1259 localization=0 type=0 minimal=0 physics=0.4392 total=0.1478
[TRAIN train_climax_no_minimal_change_s43] [TRAIN] stage=finetune epoch=1/1 batch=2150/3000 step=5150 repair=0.1329 localization=0 type=0 minimal=0 physics=0.3162 total=0.1487
[TRAIN train_climax_no_minimal_change_s43] [TRAIN] stage=finetune epoch=1/1 batch=2160/3000 step=5160 repair=0.05944 localization=0 type=0 minimal=0 physics=0.2757 total=0.07322
[TRAIN train_climax_no_minimal_change_s43] [TRAIN] stage=finetune epoch=1/1 batch=2170/3000 step=5170 repair=0.1191 localization=0 type=0 minimal=0 physics=0.3966 total=0.139
[TRAIN train_climax_no_minimal_change_s43] [TRAIN] stage=finetune epoch=1/1 batch=2180/3000 step=5180 repair=0.1228 localization=0 type=0 minimal=0 physics=0.5453 total=0.1501
[TRAIN train_climax_no_minimal_change_s43] [TRAIN] stage=finetune epoch=1/1 batch=2190/3000 step=5190 repair=0.06397 localization=0 type=0 minimal=0 physics=0.2792 total=0.07793
[TRAIN train_climax_no_minimal_change_s43] [TRAIN] stage=finetune epoch=1/1 batch=2200/3000 step=5200 repair=0.1097 localization=0 type=0 minimal=0 physics=0.4347 total=0.1314
[TRAIN train_climax_no_minimal_change_s43] [TRAIN] stage=finetune epoch=1/1 batch=2210/3000 step=5210 repair=0.07813 localization=0 type=0 minimal=0 physics=0.2897 total=0.09261
[TRAIN train_climax_no_minimal_change_s43] [TRAIN] stage=finetune epoch=1/1 batch=2220/3000 step=5220 repair=0.1062 localization=0 type=0 minimal=0 physics=0.3909 total=0.1257
[TRAIN train_climax_no_minimal_change_s43] [TRAIN] stage=finetune epoch=1/1 batch=2230/3000 step=5230 repair=0.07414 localization=0 type=0 minimal=0 physics=0.2714 total=0.08771
[TRAIN train_climax_no_minimal_change_s43] [TRAIN] stage=finetune epoch=1/1 batch=2240/3000 step=5240 repair=0.07554 localization=0 type=0 minimal=0 physics=0.5058 total=0.1008
[TRAIN train_climax_no_minimal_change_s43] [TRAIN] stage=finetune epoch=1/1 batch=2250/3000 step=5250 repair=0.1443 localization=0 type=0 minimal=0 physics=0.3223 total=0.1604
[TRAIN train_climax_no_minimal_change_s43] [TRAIN] stage=finetune epoch=1/1 batch=2260/3000 step=5260 repair=0.1135 localization=0 type=0 minimal=0 physics=0.4992 total=0.1385
[TRAIN train_climax_no_minimal_change_s43] [TRAIN] stage=finetune epoch=1/1 batch=2270/3000 step=5270 repair=0.1046 localization=0 type=0 minimal=0 physics=0.3938 total=0.1243
[TRAIN train_climax_no_minimal_change_s43] [TRAIN] stage=finetune epoch=1/1 batch=2280/3000 step=5280 repair=0.07057 localization=0 type=0 minimal=0 physics=0.4576 total=0.09345
[TRAIN train_climax_no_minimal_change_s43] [TRAIN] stage=finetune epoch=1/1 batch=2290/3000 step=5290 repair=0.1341 localization=0 type=0 minimal=0 physics=0.3449 total=0.1513
[TRAIN train_climax_no_minimal_change_s43] [TRAIN] stage=finetune epoch=1/1 batch=2300/3000 step=5300 repair=0.1118 localization=0 type=0 minimal=0 physics=0.4208 total=0.1328
[TRAIN train_climax_no_minimal_change_s43] [TRAIN] stage=finetune epoch=1/1 batch=2310/3000 step=5310 repair=0.08998 localization=0 type=0 minimal=0 physics=0.3042 total=0.1052
[TRAIN train_climax_no_minimal_change_s43] [TRAIN] stage=finetune epoch=1/1 batch=2320/3000 step=5320 repair=0.1655 localization=0 type=0 minimal=0 physics=0.632 total=0.1971
[TRAIN train_climax_no_minimal_change_s43] [TRAIN] stage=finetune epoch=1/1 batch=2330/3000 step=5330 repair=0.07663 localization=0 type=0 minimal=0 physics=0.5243 total=0.1028
[TRAIN train_climax_no_minimal_change_s43] [TRAIN] stage=finetune epoch=1/1 batch=2340/3000 step=5340 repair=0.1207 localization=0 type=0 minimal=0 physics=0.6659 total=0.154
[TRAIN train_climax_no_minimal_change_s43] [TRAIN] stage=finetune epoch=1/1 batch=2350/3000 step=5350 repair=0.08926 localization=0 type=0 minimal=0 physics=0.5297 total=0.1157
[TRAIN train_climax_no_minimal_change_s43] [TRAIN] stage=finetune epoch=1/1 batch=2360/3000 step=5360 repair=0.08947 localization=0 type=0 minimal=0 physics=0.3476 total=0.1068
[TRAIN train_climax_no_minimal_change_s43] [TRAIN] stage=finetune epoch=1/1 batch=2370/3000 step=5370 repair=0.08375 localization=0 type=0 minimal=0 physics=0.2928 total=0.09839
[TRAIN train_climax_no_minimal_change_s43] [TRAIN] stage=finetune epoch=1/1 batch=2380/3000 step=5380 repair=0.1131 localization=0 type=0 minimal=0 physics=0.413 total=0.1338
[TRAIN train_climax_no_minimal_change_s43] [TRAIN] stage=finetune epoch=1/1 batch=2390/3000 step=5390 repair=0.1128 localization=0 type=0 minimal=0 physics=0.4181 total=0.1337
[TRAIN train_climax_no_minimal_change_s43] [TRAIN] stage=finetune epoch=1/1 batch=2400/3000 step=5400 repair=0.1194 localization=0 type=0 minimal=0 physics=0.4357 total=0.1412
[TRAIN train_climax_no_minimal_change_s43] [TRAIN] stage=finetune epoch=1/1 batch=2410/3000 step=5410 repair=0.07103 localization=0 type=0 minimal=0 physics=0.4313 total=0.09259
[TRAIN train_climax_no_minimal_change_s43] [TRAIN] stage=finetune epoch=1/1 batch=2420/3000 step=5420 repair=0.06126 localization=0 type=0 minimal=0 physics=0.3927 total=0.0809
[TRAIN train_climax_no_minimal_change_s43] [TRAIN] stage=finetune epoch=1/1 batch=2430/3000 step=5430 repair=0.1163 localization=0 type=0 minimal=0 physics=0.3523 total=0.134
[TRAIN train_climax_no_minimal_change_s43] [TRAIN] stage=finetune epoch=1/1 batch=2440/3000 step=5440 repair=0.06362 localization=0 type=0 minimal=0 physics=0.3369 total=0.08047
[TRAIN train_climax_no_minimal_change_s43] [TRAIN] stage=finetune epoch=1/1 batch=2450/3000 step=5450 repair=0.1226 localization=0 type=0 minimal=0 physics=0.5975 total=0.1525
[TRAIN train_climax_no_minimal_change_s43] [TRAIN] stage=finetune epoch=1/1 batch=2460/3000 step=5460 repair=0.1181 localization=0 type=0 minimal=0 physics=0.3089 total=0.1336
[TRAIN train_climax_no_minimal_change_s43] [TRAIN] stage=finetune epoch=1/1 batch=2470/3000 step=5470 repair=0.1611 localization=0 type=0 minimal=0 physics=0.3253 total=0.1773
[TRAIN train_climax_no_minimal_change_s43] [TRAIN] stage=finetune epoch=1/1 batch=2480/3000 step=5480 repair=0.07857 localization=0 type=0 minimal=0 physics=0.3753 total=0.09733
[TRAIN train_climax_no_minimal_change_s43] [TRAIN] stage=finetune epoch=1/1 batch=2490/3000 step=5490 repair=0.1208 localization=0 type=0 minimal=0 physics=0.7585 total=0.1588
[TRAIN train_climax_no_minimal_change_s43] [TRAIN] stage=finetune epoch=1/1 batch=2500/3000 step=5500 repair=0.1232 localization=0 type=0 minimal=0 physics=0.3259 total=0.1395
[TRAIN train_climax_no_minimal_change_s43] [TRAIN] stage=finetune epoch=1/1 batch=2510/3000 step=5510 repair=0.06409 localization=0 type=0 minimal=0 physics=0.2654 total=0.07736
[TRAIN train_climax_no_minimal_change_s43] [TRAIN] stage=finetune epoch=1/1 batch=2520/3000 step=5520 repair=0.08101 localization=0 type=0 minimal=0 physics=0.3655 total=0.09928
[TRAIN train_climax_no_minimal_change_s43] [TRAIN] stage=finetune epoch=1/1 batch=2530/3000 step=5530 repair=0.0803 localization=0 type=0 minimal=0 physics=0.4652 total=0.1036
[TRAIN train_climax_no_minimal_change_s43] [TRAIN] stage=finetune epoch=1/1 batch=2540/3000 step=5540 repair=0.087 localization=0 type=0 minimal=0 physics=0.3066 total=0.1023
[TRAIN train_climax_no_minimal_change_s43] [TRAIN] stage=finetune epoch=1/1 batch=2550/3000 step=5550 repair=0.07789 localization=0 type=0 minimal=0 physics=0.4463 total=0.1002
[TRAIN train_climax_no_minimal_change_s43] [TRAIN] stage=finetune epoch=1/1 batch=2560/3000 step=5560 repair=0.07279 localization=0 type=0 minimal=0 physics=0.7541 total=0.1105
[TRAIN train_climax_no_minimal_change_s43] [TRAIN] stage=finetune epoch=1/1 batch=2570/3000 step=5570 repair=0.06578 localization=0 type=0 minimal=0 physics=0.2374 total=0.07765
[TRAIN train_climax_no_minimal_change_s43] [TRAIN] stage=finetune epoch=1/1 batch=2580/3000 step=5580 repair=0.07934 localization=0 type=0 minimal=0 physics=0.3157 total=0.09512
[TRAIN train_climax_no_minimal_change_s43] [TRAIN] stage=finetune epoch=1/1 batch=2590/3000 step=5590 repair=0.1541 localization=0 type=0 minimal=0 physics=0.4211 total=0.1752
[TRAIN train_climax_no_minimal_change_s43] [TRAIN] stage=finetune epoch=1/1 batch=2600/3000 step=5600 repair=0.1118 localization=0 type=0 minimal=0 physics=0.4603 total=0.1348
[TRAIN train_climax_no_minimal_change_s43] [TRAIN] stage=finetune epoch=1/1 batch=2610/3000 step=5610 repair=0.07728 localization=0 type=0 minimal=0 physics=0.2817 total=0.09136
[TRAIN train_climax_no_minimal_change_s43] [TRAIN] stage=finetune epoch=1/1 batch=2620/3000 step=5620 repair=0.07896 localization=0 type=0 minimal=0 physics=0.7582 total=0.1169
[TRAIN train_climax_no_minimal_change_s43] [TRAIN] stage=finetune epoch=1/1 batch=2630/3000 step=5630 repair=0.07122 localization=0 type=0 minimal=0 physics=0.6364 total=0.103
[TRAIN train_climax_no_minimal_change_s43] [TRAIN] stage=finetune epoch=1/1 batch=2640/3000 step=5640 repair=0.1763 localization=0 type=0 minimal=0 physics=0.3945 total=0.196
[TRAIN train_climax_no_minimal_change_s43] [TRAIN] stage=finetune epoch=1/1 batch=2650/3000 step=5650 repair=0.1733 localization=0 type=0 minimal=0 physics=0.7463 total=0.2106
[TRAIN train_climax_no_minimal_change_s43] [TRAIN] stage=finetune epoch=1/1 batch=2660/3000 step=5660 repair=0.1211 localization=0 type=0 minimal=0 physics=0.5587 total=0.149
[TRAIN train_climax_no_minimal_change_s43] [TRAIN] stage=finetune epoch=1/1 batch=2670/3000 step=5670 repair=0.1336 localization=0 type=0 minimal=0 physics=0.5707 total=0.1621
[TRAIN train_climax_no_minimal_change_s43] [TRAIN] stage=finetune epoch=1/1 batch=2680/3000 step=5680 repair=0.1514 localization=0 type=0 minimal=0 physics=0.3653 total=0.1696
[TRAIN train_climax_no_minimal_change_s43] [TRAIN] stage=finetune epoch=1/1 batch=2690/3000 step=5690 repair=0.1703 localization=0 type=0 minimal=0 physics=0.7823 total=0.2094
[TRAIN train_climax_no_minimal_change_s43] [TRAIN] stage=finetune epoch=1/1 batch=2700/3000 step=5700 repair=0.1713 localization=0 type=0 minimal=0 physics=0.4553 total=0.1941
[TRAIN train_climax_no_minimal_change_s43] [TRAIN] stage=finetune epoch=1/1 batch=2710/3000 step=5710 repair=0.1095 localization=0 type=0 minimal=0 physics=0.5412 total=0.1365
[TRAIN train_climax_no_minimal_change_s43] [TRAIN] stage=finetune epoch=1/1 batch=2720/3000 step=5720 repair=0.08043 localization=0 type=0 minimal=0 physics=0.3553 total=0.09819
[TRAIN train_climax_no_minimal_change_s43] [TRAIN] stage=finetune epoch=1/1 batch=2730/3000 step=5730 repair=0.1734 localization=0 type=0 minimal=0 physics=0.4353 total=0.1951
[TRAIN train_climax_no_minimal_change_s43] [TRAIN] stage=finetune epoch=1/1 batch=2740/3000 step=5740 repair=0.1113 localization=0 type=0 minimal=0 physics=0.6165 total=0.1421
[TRAIN train_climax_no_minimal_change_s43] [TRAIN] stage=finetune epoch=1/1 batch=2750/3000 step=5750 repair=0.1106 localization=0 type=0 minimal=0 physics=0.5085 total=0.136
[TRAIN train_climax_no_minimal_change_s43] [TRAIN] stage=finetune epoch=1/1 batch=2760/3000 step=5760 repair=0.1256 localization=0 type=0 minimal=0 physics=0.3446 total=0.1428
[TRAIN train_climax_no_minimal_change_s43] [TRAIN] stage=finetune epoch=1/1 batch=2770/3000 step=5770 repair=0.1202 localization=0 type=0 minimal=0 physics=0.4033 total=0.1404
[TRAIN train_climax_no_minimal_change_s43] [TRAIN] stage=finetune epoch=1/1 batch=2780/3000 step=5780 repair=0.1174 localization=0 type=0 minimal=0 physics=0.4167 total=0.1382
[TRAIN train_climax_no_minimal_change_s43] [TRAIN] stage=finetune epoch=1/1 batch=2790/3000 step=5790 repair=0.07261 localization=0 type=0 minimal=0 physics=0.3942 total=0.09232
[TRAIN train_climax_no_minimal_change_s43] [TRAIN] stage=finetune epoch=1/1 batch=2800/3000 step=5800 repair=0.06424 localization=0 type=0 minimal=0 physics=0.3453 total=0.08151
[TRAIN train_climax_no_minimal_change_s43] [TRAIN] stage=finetune epoch=1/1 batch=2810/3000 step=5810 repair=0.1094 localization=0 type=0 minimal=0 physics=0.354 total=0.1271
[TRAIN train_climax_no_minimal_change_s43] [TRAIN] stage=finetune epoch=1/1 batch=2820/3000 step=5820 repair=0.07577 localization=0 type=0 minimal=0 physics=0.4556 total=0.09855
[TRAIN train_climax_no_minimal_change_s43] [TRAIN] stage=finetune epoch=1/1 batch=2830/3000 step=5830 repair=0.122 localization=0 type=0 minimal=0 physics=0.5167 total=0.1479
[TRAIN train_climax_no_minimal_change_s43] [TRAIN] stage=finetune epoch=1/1 batch=2840/3000 step=5840 repair=0.1326 localization=0 type=0 minimal=0 physics=0.4184 total=0.1536
[TRAIN train_climax_no_minimal_change_s43] [TRAIN] stage=finetune epoch=1/1 batch=2850/3000 step=5850 repair=0.0744 localization=0 type=0 minimal=0 physics=0.4668 total=0.09775
[TRAIN train_climax_no_minimal_change_s43] [TRAIN] stage=finetune epoch=1/1 batch=2860/3000 step=5860 repair=0.1181 localization=0 type=0 minimal=0 physics=0.3702 total=0.1367
[TRAIN train_climax_no_minimal_change_s43] [TRAIN] stage=finetune epoch=1/1 batch=2870/3000 step=5870 repair=0.1608 localization=0 type=0 minimal=0 physics=0.4208 total=0.1819
[TRAIN train_climax_no_minimal_change_s43] [TRAIN] stage=finetune epoch=1/1 batch=2880/3000 step=5880 repair=0.1166 localization=0 type=0 minimal=0 physics=0.5148 total=0.1424
[TRAIN train_climax_no_minimal_change_s43] [TRAIN] stage=finetune epoch=1/1 batch=2890/3000 step=5890 repair=0.07073 localization=0 type=0 minimal=0 physics=0.4178 total=0.09161
[TRAIN train_climax_no_minimal_change_s43] [TRAIN] stage=finetune epoch=1/1 batch=2900/3000 step=5900 repair=0.103 localization=0 type=0 minimal=0 physics=0.7787 total=0.142
[TRAIN train_climax_no_minimal_change_s43] [TRAIN] stage=finetune epoch=1/1 batch=2910/3000 step=5910 repair=0.1235 localization=0 type=0 minimal=0 physics=0.5493 total=0.151
[TRAIN train_climax_no_minimal_change_s43] [TRAIN] stage=finetune epoch=1/1 batch=2920/3000 step=5920 repair=0.1456 localization=0 type=0 minimal=0 physics=0.4249 total=0.1668
[TRAIN train_climax_no_minimal_change_s43] [TRAIN] stage=finetune epoch=1/1 batch=2930/3000 step=5930 repair=0.114 localization=0 type=0 minimal=0 physics=0.5023 total=0.1391
[TRAIN train_climax_no_minimal_change_s43] [TRAIN] stage=finetune epoch=1/1 batch=2940/3000 step=5940 repair=0.07877 localization=0 type=0 minimal=0 physics=0.5091 total=0.1042
[TRAIN train_climax_no_minimal_change_s43] [TRAIN] stage=finetune epoch=1/1 batch=2950/3000 step=5950 repair=0.1171 localization=0 type=0 minimal=0 physics=0.424 total=0.1383
[TRAIN train_climax_no_minimal_change_s43] [TRAIN] stage=finetune epoch=1/1 batch=2960/3000 step=5960 repair=0.1313 localization=0 type=0 minimal=0 physics=0.3668 total=0.1496
[TRAIN train_climax_no_minimal_change_s43] [TRAIN] stage=finetune epoch=1/1 batch=2970/3000 step=5970 repair=0.1146 localization=0 type=0 minimal=0 physics=0.4789 total=0.1385
[TRAIN train_climax_no_minimal_change_s43] [TRAIN] stage=finetune epoch=1/1 batch=2980/3000 step=5980 repair=0.06835 localization=0 type=0 minimal=0 physics=0.358 total=0.08625
[TRAIN train_climax_no_minimal_change_s43] [TRAIN] stage=finetune epoch=1/1 batch=2990/3000 step=5990 repair=0.06129 localization=0 type=0 minimal=0 physics=0.3539 total=0.07898
[TRAIN train_climax_no_minimal_change_s43] [TRAIN] stage=finetune epoch=1/1 batch=3000/3000 step=6000 repair=0.1209 localization=0 type=0 minimal=0 physics=0.4726 total=0.1445
[TRAIN train_climax_no_minimal_change_s43] [EPOCH] {'stage': 'finetune', 'epoch': 0, 'global_step': 6000, 'train_total': 0.17360754533608755, 'val_repair_mse': 0.11534446780569851, 'elapsed_seconds': 3873.61}
[TRAIN train_climax_no_minimal_change_s43] [BEST] val_repair_mse=0.115344
[TRAIN train_climax_no_minimal_change_s43] [TRAIN COMPLETE] {
[TRAIN train_climax_no_minimal_change_s43]   "run_id": "prelim20_train_climax_no_minimal_change_s43",
[TRAIN train_climax_no_minimal_change_s43]   "status": "completed",
[TRAIN train_climax_no_minimal_change_s43]   "method": "no_minimal_change",
[TRAIN train_climax_no_minimal_change_s43]   "backbone": "climax",
[TRAIN train_climax_no_minimal_change_s43]   "seed": 43,
[TRAIN train_climax_no_minimal_change_s43]   "forecast_provider": "zarr_frozen_fm",
[TRAIN train_climax_no_minimal_change_s43]   "best_val_repair_mse": 0.11534446780569851,
[TRAIN train_climax_no_minimal_change_s43]   "global_step": 6000,
[TRAIN train_climax_no_minimal_change_s43]   "elapsed_seconds": 3873.85,
[TRAIN train_climax_no_minimal_change_s43]   "checkpoint_best": "/home/tahiti/ConserveFM/runs/prelim20_train/train_climax_no_minimal_change_s43/checkpoint_best.pt",
[TRAIN train_climax_no_minimal_change_s43]   "checkpoint_last": "/home/tahiti/ConserveFM/runs/prelim20_train/train_climax_no_minimal_change_s43/checkpoint_last.pt"
[TRAIN train_climax_no_minimal_change_s43] }
