[TRAIN train_prithvi_wxc_conservefm_full_s44] [SETUP] device=cuda
[TRAIN train_prithvi_wxc_conservefm_full_s44] [SETUP] run_id=prelim20_train_prithvi_wxc_conservefm_full_s44 method=conservefm_full backbone=prithvi_wxc
[TRAIN train_prithvi_wxc_conservefm_full_s44] [FORECAST] using frozen forecast cache: /home/tahiti/ConserveFM/forecasts/prithvi_wxc.zarr
[TRAIN train_prithvi_wxc_conservefm_full_s44] [STAGE] pretrain epochs=1 start_epoch=0
[TRAIN train_prithvi_wxc_conservefm_full_s44] [TRAIN] stage=pretrain epoch=1/1 batch=10/3000 step=10 repair=0.0313 localization=0.4401 type=1.769 minimal=0.1219 physics=1.497 total=0.4558
[TRAIN train_prithvi_wxc_conservefm_full_s44] [TRAIN] stage=pretrain epoch=1/1 batch=20/3000 step=20 repair=0.01664 localization=0.2705 type=1.958 minimal=0.09467 physics=0.6423 total=0.4666
[TRAIN train_prithvi_wxc_conservefm_full_s44] [TRAIN] stage=pretrain epoch=1/1 batch=30/3000 step=30 repair=0.02168 localization=0.335 type=1.414 minimal=0.06354 physics=1.088 total=0.3788
[TRAIN train_prithvi_wxc_conservefm_full_s44] [TRAIN] stage=pretrain epoch=1/1 batch=40/3000 step=40 repair=0.01452 localization=0.3234 type=2.46 minimal=0.05212 physics=1.218 total=0.5424
[TRAIN train_prithvi_wxc_conservefm_full_s44] [TRAIN] stage=pretrain epoch=1/1 batch=50/3000 step=50 repair=0.007815 localization=0.2424 type=2.431 minimal=0.05194 physics=0.7108 total=0.4784
[TRAIN train_prithvi_wxc_conservefm_full_s44] [TRAIN] stage=pretrain epoch=1/1 batch=60/3000 step=60 repair=0.02645 localization=0.2627 type=1.104 minimal=0.04727 physics=1.595 total=0.2434
[TRAIN train_prithvi_wxc_conservefm_full_s44] [TRAIN] stage=pretrain epoch=1/1 batch=70/3000 step=70 repair=0.004975 localization=0.237 type=1.352 minimal=0.04044 physics=0.41 total=0.2937
[TRAIN train_prithvi_wxc_conservefm_full_s44] [TRAIN] stage=pretrain epoch=1/1 batch=80/3000 step=80 repair=0.003817 localization=0.3763 type=1.461 minimal=0.03445 physics=0.3325 total=0.33
[TRAIN train_prithvi_wxc_conservefm_full_s44] [TRAIN] stage=pretrain epoch=1/1 batch=90/3000 step=90 repair=0.01557 localization=0.235 type=2.866 minimal=0.03159 physics=3.046 total=0.4783
[TRAIN train_prithvi_wxc_conservefm_full_s44] [TRAIN] stage=pretrain epoch=1/1 batch=100/3000 step=100 repair=0.01058 localization=0.3775 type=1.328 minimal=0.03452 physics=0.3487 total=0.3164
[TRAIN train_prithvi_wxc_conservefm_full_s44] [TRAIN] stage=pretrain epoch=1/1 batch=110/3000 step=110 repair=0.0178 localization=0.2539 type=2.275 minimal=0.03867 physics=0.2996 total=0.4737
[TRAIN train_prithvi_wxc_conservefm_full_s44] [TRAIN] stage=pretrain epoch=1/1 batch=120/3000 step=120 repair=0.02634 localization=0.2806 type=1.892 minimal=0.03268 physics=1.352 total=0.3115
[TRAIN train_prithvi_wxc_conservefm_full_s44] [TRAIN] stage=pretrain epoch=1/1 batch=130/3000 step=130 repair=0.01143 localization=0.3294 type=1.893 minimal=0.0347 physics=0.9256 total=0.2803
[TRAIN train_prithvi_wxc_conservefm_full_s44] [TRAIN] stage=pretrain epoch=1/1 batch=140/3000 step=140 repair=0.004543 localization=0.4256 type=1.866 minimal=0.03152 physics=0.3263 total=0.4417
[TRAIN train_prithvi_wxc_conservefm_full_s44] [TRAIN] stage=pretrain epoch=1/1 batch=150/3000 step=150 repair=0.005557 localization=0.2322 type=0.9585 minimal=0.02609 physics=0.1477 total=0.2034
[TRAIN train_prithvi_wxc_conservefm_full_s44] [TRAIN] stage=pretrain epoch=1/1 batch=160/3000 step=160 repair=0.02188 localization=0.2938 type=1.661 minimal=0.02634 physics=0.4805 total=0.3797
[TRAIN train_prithvi_wxc_conservefm_full_s44] [TRAIN] stage=pretrain epoch=1/1 batch=170/3000 step=170 repair=0.005324 localization=0.3272 type=1.211 minimal=0.03259 physics=0.5631 total=0.1876
[TRAIN train_prithvi_wxc_conservefm_full_s44] [TRAIN] stage=pretrain epoch=1/1 batch=180/3000 step=180 repair=0.007198 localization=0.3177 type=1.967 minimal=0.02571 physics=0.3222 total=0.3627
[TRAIN train_prithvi_wxc_conservefm_full_s44] [TRAIN] stage=pretrain epoch=1/1 batch=190/3000 step=190 repair=0.02442 localization=0.2685 type=0.6558 minimal=0.02928 physics=1.887 total=0.2115
[TRAIN train_prithvi_wxc_conservefm_full_s44] [TRAIN] stage=pretrain epoch=1/1 batch=200/3000 step=200 repair=0.003189 localization=0.4188 type=3.187 minimal=0.026 physics=0.1565 total=0.5957
[TRAIN train_prithvi_wxc_conservefm_full_s44] [TRAIN] stage=pretrain epoch=1/1 batch=210/3000 step=210 repair=0.007571 localization=0.3876 type=2.359 minimal=0.02512 physics=0.7936 total=0.4726
[TRAIN train_prithvi_wxc_conservefm_full_s44] [TRAIN] stage=pretrain epoch=1/1 batch=220/3000 step=220 repair=0.01409 localization=0.3632 type=2.074 minimal=0.02621 physics=0.3828 total=0.4047
[TRAIN train_prithvi_wxc_conservefm_full_s44] [TRAIN] stage=pretrain epoch=1/1 batch=230/3000 step=230 repair=0.003541 localization=0.2344 type=0.7588 minimal=0.03174 physics=0.5533 total=0.209
[TRAIN train_prithvi_wxc_conservefm_full_s44] [TRAIN] stage=pretrain epoch=1/1 batch=240/3000 step=240 repair=0.002676 localization=0.418 type=0.917 minimal=0.02444 physics=0.1552 total=0.2311
[TRAIN train_prithvi_wxc_conservefm_full_s44] [TRAIN] stage=pretrain epoch=1/1 batch=250/3000 step=250 repair=0.002688 localization=0.275 type=0.8789 minimal=0.02664 physics=0.2768 total=0.1977
[TRAIN train_prithvi_wxc_conservefm_full_s44] [TRAIN] stage=pretrain epoch=1/1 batch=260/3000 step=260 repair=0.00667 localization=0.2726 type=1.505 minimal=0.02626 physics=0.1779 total=0.3194
[TRAIN train_prithvi_wxc_conservefm_full_s44] [TRAIN] stage=pretrain epoch=1/1 batch=270/3000 step=270 repair=0.004449 localization=0.2897 type=1.552 minimal=0.02592 physics=0.1923 total=0.3175
[TRAIN train_prithvi_wxc_conservefm_full_s44] [TRAIN] stage=pretrain epoch=1/1 batch=280/3000 step=280 repair=0.003758 localization=0.3652 type=1.53 minimal=0.02667 physics=0.2059 total=0.2938
[TRAIN train_prithvi_wxc_conservefm_full_s44] [TRAIN] stage=pretrain epoch=1/1 batch=290/3000 step=290 repair=0.003503 localization=0.2257 type=1.61 minimal=0.02623 physics=0.2145 total=0.3134
[TRAIN train_prithvi_wxc_conservefm_full_s44] [TRAIN] stage=pretrain epoch=1/1 batch=300/3000 step=300 repair=0.002425 localization=0.2578 type=1.042 minimal=0.02396 physics=0.2551 total=0.2238
[TRAIN train_prithvi_wxc_conservefm_full_s44] [TRAIN] stage=pretrain epoch=1/1 batch=310/3000 step=310 repair=0.003264 localization=0.1853 type=2.202 minimal=0.02319 physics=0.2134 total=0.4566
[TRAIN train_prithvi_wxc_conservefm_full_s44] [TRAIN] stage=pretrain epoch=1/1 batch=320/3000 step=320 repair=0.001946 localization=0.2785 type=1.72 minimal=0.02263 physics=0.1344 total=0.35
[TRAIN train_prithvi_wxc_conservefm_full_s44] [TRAIN] stage=pretrain epoch=1/1 batch=330/3000 step=330 repair=0.016 localization=0.234 type=1.441 minimal=0.02454 physics=0.543 total=0.3076
[TRAIN train_prithvi_wxc_conservefm_full_s44] [TRAIN] stage=pretrain epoch=1/1 batch=340/3000 step=340 repair=0.006467 localization=0.2351 type=1.259 minimal=0.02751 physics=0.3045 total=0.2861
[TRAIN train_prithvi_wxc_conservefm_full_s44] [TRAIN] stage=pretrain epoch=1/1 batch=350/3000 step=350 repair=0.005704 localization=0.459 type=2.125 minimal=0.0255 physics=0.972 total=0.313
[TRAIN train_prithvi_wxc_conservefm_full_s44] [TRAIN] stage=pretrain epoch=1/1 batch=360/3000 step=360 repair=0.003948 localization=0.3601 type=1.55 minimal=0.02768 physics=0.1354 total=0.3415
[TRAIN train_prithvi_wxc_conservefm_full_s44] [TRAIN] stage=pretrain epoch=1/1 batch=370/3000 step=370 repair=0.008157 localization=0.2349 type=1.188 minimal=0.0266 physics=1.076 total=0.2046
[TRAIN train_prithvi_wxc_conservefm_full_s44] [TRAIN] stage=pretrain epoch=1/1 batch=380/3000 step=380 repair=0.00589 localization=0.3024 type=3.06 minimal=0.03 physics=0.3331 total=0.4738
[TRAIN train_prithvi_wxc_conservefm_full_s44] [TRAIN] stage=pretrain epoch=1/1 batch=390/3000 step=390 repair=0.0071 localization=0.3884 type=1.917 minimal=0.03302 physics=0.2736 total=0.4257
[TRAIN train_prithvi_wxc_conservefm_full_s44] [TRAIN] stage=pretrain epoch=1/1 batch=400/3000 step=400 repair=0.003495 localization=0.293 type=2.321 minimal=0.02847 physics=0.4373 total=0.2871
[TRAIN train_prithvi_wxc_conservefm_full_s44] [TRAIN] stage=pretrain epoch=1/1 batch=410/3000 step=410 repair=0.01052 localization=0.2874 type=1.683 minimal=0.02794 physics=0.1745 total=0.3834
[TRAIN train_prithvi_wxc_conservefm_full_s44] [TRAIN] stage=pretrain epoch=1/1 batch=420/3000 step=420 repair=0.005088 localization=0.4394 type=1.481 minimal=0.02464 physics=1.062 total=0.2505
[TRAIN train_prithvi_wxc_conservefm_full_s44] [TRAIN] stage=pretrain epoch=1/1 batch=430/3000 step=430 repair=0.02299 localization=0.2726 type=1.287 minimal=0.02315 physics=0.5018 total=0.3138
[TRAIN train_prithvi_wxc_conservefm_full_s44] [TRAIN] stage=pretrain epoch=1/1 batch=440/3000 step=440 repair=0.0028 localization=0.2153 type=1.677 minimal=0.02335 physics=0.1067 total=0.3208
[TRAIN train_prithvi_wxc_conservefm_full_s44] [TRAIN] stage=pretrain epoch=1/1 batch=450/3000 step=450 repair=0.002894 localization=0.2552 type=1.463 minimal=0.02374 physics=0.2357 total=0.3158
[TRAIN train_prithvi_wxc_conservefm_full_s44] [TRAIN] stage=pretrain epoch=1/1 batch=460/3000 step=460 repair=0.02334 localization=0.263 type=2.038 minimal=0.02711 physics=0.4645 total=0.4601
[TRAIN train_prithvi_wxc_conservefm_full_s44] [TRAIN] stage=pretrain epoch=1/1 batch=470/3000 step=470 repair=0.002654 localization=0.2977 type=0.7581 minimal=0.0246 physics=0.2198 total=0.1634
[TRAIN train_prithvi_wxc_conservefm_full_s44] [TRAIN] stage=pretrain epoch=1/1 batch=480/3000 step=480 repair=0.01262 localization=0.3473 type=2.618 minimal=0.02275 physics=0.3823 total=0.5671
[TRAIN train_prithvi_wxc_conservefm_full_s44] [TRAIN] stage=pretrain epoch=1/1 batch=490/3000 step=490 repair=0.008616 localization=0.2606 type=1.819 minimal=0.02312 physics=0.5516 total=0.4021
[TRAIN train_prithvi_wxc_conservefm_full_s44] [TRAIN] stage=pretrain epoch=1/1 batch=500/3000 step=500 repair=0.002525 localization=0.2576 type=1.464 minimal=0.02663 physics=0.1539 total=0.3196
[TRAIN train_prithvi_wxc_conservefm_full_s44] [TRAIN] stage=pretrain epoch=1/1 batch=510/3000 step=510 repair=0.002488 localization=0.1943 type=1.617 minimal=0.02237 physics=0.1792 total=0.3309
[TRAIN train_prithvi_wxc_conservefm_full_s44] [TRAIN] stage=pretrain epoch=1/1 batch=520/3000 step=520 repair=0.003698 localization=0.3491 type=1.888 minimal=0.02364 physics=0.1442 total=0.353
[TRAIN train_prithvi_wxc_conservefm_full_s44] [TRAIN] stage=pretrain epoch=1/1 batch=530/3000 step=530 repair=0.003301 localization=0.2859 type=1.768 minimal=0.02101 physics=0.1883 total=0.3523
[TRAIN train_prithvi_wxc_conservefm_full_s44] [TRAIN] stage=pretrain epoch=1/1 batch=540/3000 step=540 repair=0.002691 localization=0.2367 type=1.884 minimal=0.02026 physics=0.12 total=0.3404
[TRAIN train_prithvi_wxc_conservefm_full_s44] [TRAIN] stage=pretrain epoch=1/1 batch=550/3000 step=550 repair=0.002488 localization=0.2739 type=1.747 minimal=0.02242 physics=0.1038 total=0.336
[TRAIN train_prithvi_wxc_conservefm_full_s44] [TRAIN] stage=pretrain epoch=1/1 batch=560/3000 step=560 repair=0.0093 localization=0.3804 type=2.578 minimal=0.02283 physics=0.1311 total=0.5102
[TRAIN train_prithvi_wxc_conservefm_full_s44] [TRAIN] stage=pretrain epoch=1/1 batch=570/3000 step=570 repair=0.002289 localization=0.3051 type=1.891 minimal=0.02287 physics=0.6713 total=0.4279
[TRAIN train_prithvi_wxc_conservefm_full_s44] [TRAIN] stage=pretrain epoch=1/1 batch=580/3000 step=580 repair=0.02473 localization=0.2912 type=2.109 minimal=0.02264 physics=1.361 total=0.3331
[TRAIN train_prithvi_wxc_conservefm_full_s44] [TRAIN] stage=pretrain epoch=1/1 batch=590/3000 step=590 repair=0.002287 localization=0.2565 type=1.409 minimal=0.02011 physics=0.1029 total=0.3012
[TRAIN train_prithvi_wxc_conservefm_full_s44] [TRAIN] stage=pretrain epoch=1/1 batch=600/3000 step=600 repair=0.03708 localization=0.3643 type=1.195 minimal=0.02376 physics=2.123 total=0.2995
[TRAIN train_prithvi_wxc_conservefm_full_s44] [TRAIN] stage=pretrain epoch=1/1 batch=610/3000 step=610 repair=0.002855 localization=0.2337 type=0.864 minimal=0.02226 physics=0.3093 total=0.1283
[TRAIN train_prithvi_wxc_conservefm_full_s44] [TRAIN] stage=pretrain epoch=1/1 batch=620/3000 step=620 repair=0.02215 localization=0.2871 type=0.7676 minimal=0.02106 physics=1.924 total=0.224
[TRAIN train_prithvi_wxc_conservefm_full_s44] [TRAIN] stage=pretrain epoch=1/1 batch=630/3000 step=630 repair=0.002996 localization=0.2218 type=2.387 minimal=0.01927 physics=0.08651 total=0.458
[TRAIN train_prithvi_wxc_conservefm_full_s44] [TRAIN] stage=pretrain epoch=1/1 batch=640/3000 step=640 repair=0.01359 localization=0.3961 type=2.216 minimal=0.01866 physics=0.9366 total=0.4678
[TRAIN train_prithvi_wxc_conservefm_full_s44] [TRAIN] stage=pretrain epoch=1/1 batch=650/3000 step=650 repair=0.02231 localization=0.25 type=0.5706 minimal=0.01936 physics=1.999 total=0.2045
[TRAIN train_prithvi_wxc_conservefm_full_s44] [TRAIN] stage=pretrain epoch=1/1 batch=660/3000 step=660 repair=0.004306 localization=0.1885 type=2.407 minimal=0.0191 physics=0.1115 total=0.4356
[TRAIN train_prithvi_wxc_conservefm_full_s44] [TRAIN] stage=pretrain epoch=1/1 batch=670/3000 step=670 repair=0.002541 localization=0.2864 type=1.604 minimal=0.02058 physics=0.3701 total=0.3299
[TRAIN train_prithvi_wxc_conservefm_full_s44] [TRAIN] stage=pretrain epoch=1/1 batch=680/3000 step=680 repair=0.002991 localization=0.2403 type=2.146 minimal=0.02133 physics=0.1938 total=0.4118
[TRAIN train_prithvi_wxc_conservefm_full_s44] [TRAIN] stage=pretrain epoch=1/1 batch=690/3000 step=690 repair=0.004019 localization=0.305 type=1.958 minimal=0.02057 physics=0.2984 total=0.3937
[TRAIN train_prithvi_wxc_conservefm_full_s44] [TRAIN] stage=pretrain epoch=1/1 batch=700/3000 step=700 repair=0.0235 localization=0.3095 type=1.499 minimal=0.01909 physics=1.815 total=0.2952
[TRAIN train_prithvi_wxc_conservefm_full_s44] [TRAIN] stage=pretrain epoch=1/1 batch=710/3000 step=710 repair=0.003766 localization=0.2663 type=2.095 minimal=0.02116 physics=0.1348 total=0.4377
[TRAIN train_prithvi_wxc_conservefm_full_s44] [TRAIN] stage=pretrain epoch=1/1 batch=720/3000 step=720 repair=0.006934 localization=0.256 type=1.186 minimal=0.02121 physics=0.1594 total=0.2647
[TRAIN train_prithvi_wxc_conservefm_full_s44] [TRAIN] stage=pretrain epoch=1/1 batch=730/3000 step=730 repair=0.00571 localization=0.2516 type=1.166 minimal=0.0201 physics=0.266 total=0.2576
[TRAIN train_prithvi_wxc_conservefm_full_s44] [TRAIN] stage=pretrain epoch=1/1 batch=740/3000 step=740 repair=0.002438 localization=0.3233 type=2.255 minimal=0.01886 physics=0.171 total=0.4821
[TRAIN train_prithvi_wxc_conservefm_full_s44] [TRAIN] stage=pretrain epoch=1/1 batch=750/3000 step=750 repair=0.006535 localization=0.209 type=1.866 minimal=0.02007 physics=0.7684 total=0.2526
[TRAIN train_prithvi_wxc_conservefm_full_s44] [TRAIN] stage=pretrain epoch=1/1 batch=760/3000 step=760 repair=0.002835 localization=0.2273 type=1.614 minimal=0.02058 physics=0.186 total=0.3658
[TRAIN train_prithvi_wxc_conservefm_full_s44] [TRAIN] stage=pretrain epoch=1/1 batch=770/3000 step=770 repair=0.005466 localization=0.2196 type=1.812 minimal=0.01982 physics=1.227 total=0.2701
[TRAIN train_prithvi_wxc_conservefm_full_s44] [TRAIN] stage=pretrain epoch=1/1 batch=780/3000 step=780 repair=0.005968 localization=0.1858 type=1.557 minimal=0.02284 physics=0.1792 total=0.327
[TRAIN train_prithvi_wxc_conservefm_full_s44] [TRAIN] stage=pretrain epoch=1/1 batch=790/3000 step=790 repair=0.002596 localization=0.2937 type=1.211 minimal=0.0215 physics=0.2282 total=0.2547
[TRAIN train_prithvi_wxc_conservefm_full_s44] [TRAIN] stage=pretrain epoch=1/1 batch=800/3000 step=800 repair=0.006647 localization=0.2448 type=2.444 minimal=0.02119 physics=0.1701 total=0.5065
[TRAIN train_prithvi_wxc_conservefm_full_s44] [TRAIN] stage=pretrain epoch=1/1 batch=810/3000 step=810 repair=0.00312 localization=0.2397 type=1.665 minimal=0.01944 physics=0.6678 total=0.2272
[TRAIN train_prithvi_wxc_conservefm_full_s44] [TRAIN] stage=pretrain epoch=1/1 batch=820/3000 step=820 repair=0.01041 localization=0.4096 type=1.433 minimal=0.01979 physics=0.9324 total=0.3588
[TRAIN train_prithvi_wxc_conservefm_full_s44] [TRAIN] stage=pretrain epoch=1/1 batch=830/3000 step=830 repair=0.03005 localization=0.3663 type=1.241 minimal=0.02454 physics=1.668 total=0.2744
[TRAIN train_prithvi_wxc_conservefm_full_s44] [TRAIN] stage=pretrain epoch=1/1 batch=840/3000 step=840 repair=0.004049 localization=0.2037 type=1.826 minimal=0.02359 physics=0.133 total=0.3665
[TRAIN train_prithvi_wxc_conservefm_full_s44] [TRAIN] stage=pretrain epoch=1/1 batch=850/3000 step=850 repair=0.009445 localization=0.2989 type=1.181 minimal=0.02516 physics=1.088 total=0.2121
[TRAIN train_prithvi_wxc_conservefm_full_s44] [TRAIN] stage=pretrain epoch=1/1 batch=860/3000 step=860 repair=0.0039 localization=0.315 type=1.553 minimal=0.02234 physics=0.2973 total=0.3495
[TRAIN train_prithvi_wxc_conservefm_full_s44] [TRAIN] stage=pretrain epoch=1/1 batch=870/3000 step=870 repair=0.02738 localization=0.3012 type=1.49 minimal=0.02167 physics=1.504 total=0.2819
[TRAIN train_prithvi_wxc_conservefm_full_s44] [TRAIN] stage=pretrain epoch=1/1 batch=880/3000 step=880 repair=0.01182 localization=0.2525 type=1.596 minimal=0.02113 physics=0.09768 total=0.3215
[TRAIN train_prithvi_wxc_conservefm_full_s44] [TRAIN] stage=pretrain epoch=1/1 batch=890/3000 step=890 repair=0.005768 localization=0.3473 type=1.292 minimal=0.02043 physics=0.184 total=0.2651
[TRAIN train_prithvi_wxc_conservefm_full_s44] [TRAIN] stage=pretrain epoch=1/1 batch=900/3000 step=900 repair=0.006399 localization=0.2827 type=1.958 minimal=0.02399 physics=0.4949 total=0.4247
[TRAIN train_prithvi_wxc_conservefm_full_s44] [TRAIN] stage=pretrain epoch=1/1 batch=910/3000 step=910 repair=0.02445 localization=0.249 type=1.676 minimal=0.02599 physics=1.045 total=0.2695
[TRAIN train_prithvi_wxc_conservefm_full_s44] [TRAIN] stage=pretrain epoch=1/1 batch=920/3000 step=920 repair=0.003968 localization=0.3495 type=2.204 minimal=0.02051 physics=0.1285 total=0.4616
[TRAIN train_prithvi_wxc_conservefm_full_s44] [TRAIN] stage=pretrain epoch=1/1 batch=930/3000 step=930 repair=0.009655 localization=0.3296 type=1.701 minimal=0.02267 physics=0.8314 total=0.3812
[TRAIN train_prithvi_wxc_conservefm_full_s44] [TRAIN] stage=pretrain epoch=1/1 batch=940/3000 step=940 repair=0.01642 localization=0.3077 type=1.791 minimal=0.02136 physics=0.1913 total=0.3683
[TRAIN train_prithvi_wxc_conservefm_full_s44] [TRAIN] stage=pretrain epoch=1/1 batch=950/3000 step=950 repair=0.003586 localization=0.2647 type=1.849 minimal=0.02211 physics=0.129 total=0.3763
[TRAIN train_prithvi_wxc_conservefm_full_s44] [TRAIN] stage=pretrain epoch=1/1 batch=960/3000 step=960 repair=0.007095 localization=0.3262 type=2.184 minimal=0.02014 physics=0.2089 total=0.4543
[TRAIN train_prithvi_wxc_conservefm_full_s44] [TRAIN] stage=pretrain epoch=1/1 batch=970/3000 step=970 repair=0.003713 localization=0.4204 type=1.325 minimal=0.0206 physics=0.3449 total=0.1957
[TRAIN train_prithvi_wxc_conservefm_full_s44] [TRAIN] stage=pretrain epoch=1/1 batch=980/3000 step=980 repair=0.01844 localization=0.161 type=2.062 minimal=0.02432 physics=0.412 total=0.4331
[TRAIN train_prithvi_wxc_conservefm_full_s44] [TRAIN] stage=pretrain epoch=1/1 batch=990/3000 step=990 repair=0.006157 localization=0.2822 type=1.243 minimal=0.02252 physics=0.1936 total=0.2732
[TRAIN train_prithvi_wxc_conservefm_full_s44] [TRAIN] stage=pretrain epoch=1/1 batch=1000/3000 step=1000 repair=0.006645 localization=0.219 type=1.377 minimal=0.02066 physics=0.1057 total=0.2899
[TRAIN train_prithvi_wxc_conservefm_full_s44] [TRAIN] stage=pretrain epoch=1/1 batch=1010/3000 step=1010 repair=0.003389 localization=0.3137 type=1.858 minimal=0.02078 physics=0.4622 total=0.2439
[TRAIN train_prithvi_wxc_conservefm_full_s44] [TRAIN] stage=pretrain epoch=1/1 batch=1020/3000 step=1020 repair=0.002611 localization=0.2469 type=1.51 minimal=0.01962 physics=0.1341 total=0.3356
[TRAIN train_prithvi_wxc_conservefm_full_s44] [TRAIN] stage=pretrain epoch=1/1 batch=1030/3000 step=1030 repair=0.002179 localization=0.4207 type=1.592 minimal=0.01942 physics=0.2081 total=0.3631
[TRAIN train_prithvi_wxc_conservefm_full_s44] [TRAIN] stage=pretrain epoch=1/1 batch=1040/3000 step=1040 repair=0.002823 localization=0.3195 type=1.218 minimal=0.02153 physics=0.1901 total=0.2763
[TRAIN train_prithvi_wxc_conservefm_full_s44] [TRAIN] stage=pretrain epoch=1/1 batch=1050/3000 step=1050 repair=0.01045 localization=0.4041 type=2.085 minimal=0.02185 physics=1.726 total=0.3459
[TRAIN train_prithvi_wxc_conservefm_full_s44] [TRAIN] stage=pretrain epoch=1/1 batch=1060/3000 step=1060 repair=0.005797 localization=0.2221 type=1.582 minimal=0.0229 physics=0.2993 total=0.3072
[TRAIN train_prithvi_wxc_conservefm_full_s44] [TRAIN] stage=pretrain epoch=1/1 batch=1070/3000 step=1070 repair=0.02861 localization=0.3102 type=1.329 minimal=0.02461 physics=1.994 total=0.2925
[TRAIN train_prithvi_wxc_conservefm_full_s44] [TRAIN] stage=pretrain epoch=1/1 batch=1080/3000 step=1080 repair=0.004117 localization=0.2987 type=1.766 minimal=0.02382 physics=0.1438 total=0.3693
[TRAIN train_prithvi_wxc_conservefm_full_s44] [TRAIN] stage=pretrain epoch=1/1 batch=1090/3000 step=1090 repair=0.009529 localization=0.2891 type=1.716 minimal=0.02084 physics=0.2216 total=0.3629
[TRAIN train_prithvi_wxc_conservefm_full_s44] [TRAIN] stage=pretrain epoch=1/1 batch=1100/3000 step=1100 repair=0.002027 localization=0.3784 type=1.813 minimal=0.0173 physics=0.2551 total=0.3968
[TRAIN train_prithvi_wxc_conservefm_full_s44] [TRAIN] stage=pretrain epoch=1/1 batch=1110/3000 step=1110 repair=0.004281 localization=0.2769 type=2.247 minimal=0.02199 physics=0.1536 total=0.4293
[TRAIN train_prithvi_wxc_conservefm_full_s44] [TRAIN] stage=pretrain epoch=1/1 batch=1120/3000 step=1120 repair=0.005909 localization=0.2223 type=2.483 minimal=0.02107 physics=0.1437 total=0.4659
[TRAIN train_prithvi_wxc_conservefm_full_s44] [TRAIN] stage=pretrain epoch=1/1 batch=1130/3000 step=1130 repair=0.00259 localization=0.3158 type=1.828 minimal=0.01947 physics=0.08116 total=0.357
[TRAIN train_prithvi_wxc_conservefm_full_s44] [TRAIN] stage=pretrain epoch=1/1 batch=1140/3000 step=1140 repair=0.006463 localization=0.2737 type=1.312 minimal=0.02063 physics=0.1119 total=0.2839
[TRAIN train_prithvi_wxc_conservefm_full_s44] [TRAIN] stage=pretrain epoch=1/1 batch=1150/3000 step=1150 repair=0.002638 localization=0.3925 type=1.535 minimal=0.0217 physics=0.1154 total=0.323
[TRAIN train_prithvi_wxc_conservefm_full_s44] [TRAIN] stage=pretrain epoch=1/1 batch=1160/3000 step=1160 repair=0.006039 localization=0.266 type=1.571 minimal=0.02112 physics=0.1231 total=0.3582
[TRAIN train_prithvi_wxc_conservefm_full_s44] [TRAIN] stage=pretrain epoch=1/1 batch=1170/3000 step=1170 repair=0.01016 localization=0.2117 type=1.632 minimal=0.02199 physics=0.5357 total=0.3738
[TRAIN train_prithvi_wxc_conservefm_full_s44] [TRAIN] stage=pretrain epoch=1/1 batch=1180/3000 step=1180 repair=0.002295 localization=0.2944 type=1.617 minimal=0.02019 physics=0.08607 total=0.3603
[TRAIN train_prithvi_wxc_conservefm_full_s44] [TRAIN] stage=pretrain epoch=1/1 batch=1190/3000 step=1190 repair=0.00392 localization=0.2107 type=1.359 minimal=0.01991 physics=0.2876 total=0.2885
[TRAIN train_prithvi_wxc_conservefm_full_s44] [TRAIN] stage=pretrain epoch=1/1 batch=1200/3000 step=1200 repair=0.003733 localization=0.2879 type=2.216 minimal=0.02095 physics=0.1272 total=0.4854
[TRAIN train_prithvi_wxc_conservefm_full_s44] [TRAIN] stage=pretrain epoch=1/1 batch=1210/3000 step=1210 repair=0.006501 localization=0.2626 type=1.726 minimal=0.02066 physics=0.1289 total=0.3554
[TRAIN train_prithvi_wxc_conservefm_full_s44] [TRAIN] stage=pretrain epoch=1/1 batch=1220/3000 step=1220 repair=0.005217 localization=0.2561 type=1.797 minimal=0.01929 physics=0.1567 total=0.3588
[TRAIN train_prithvi_wxc_conservefm_full_s44] [TRAIN] stage=pretrain epoch=1/1 batch=1230/3000 step=1230 repair=0.007274 localization=0.2826 type=1.692 minimal=0.01866 physics=0.1952 total=0.3647
[TRAIN train_prithvi_wxc_conservefm_full_s44] [TRAIN] stage=pretrain epoch=1/1 batch=1240/3000 step=1240 repair=0.01155 localization=0.3393 type=1.606 minimal=0.01762 physics=0.8316 total=0.3917
[TRAIN train_prithvi_wxc_conservefm_full_s44] [TRAIN] stage=pretrain epoch=1/1 batch=1250/3000 step=1250 repair=0.004586 localization=0.2922 type=1.297 minimal=0.01912 physics=0.11 total=0.262
[TRAIN train_prithvi_wxc_conservefm_full_s44] [TRAIN] stage=pretrain epoch=1/1 batch=1260/3000 step=1260 repair=0.003966 localization=0.2623 type=1.507 minimal=0.01743 physics=0.08359 total=0.2604
[TRAIN train_prithvi_wxc_conservefm_full_s44] [TRAIN] stage=pretrain epoch=1/1 batch=1270/3000 step=1270 repair=0.0044 localization=0.3449 type=2.213 minimal=0.02399 physics=0.2131 total=0.4327
[TRAIN train_prithvi_wxc_conservefm_full_s44] [TRAIN] stage=pretrain epoch=1/1 batch=1280/3000 step=1280 repair=0.004107 localization=0.4512 type=2.207 minimal=0.02211 physics=0.08115 total=0.4549
[TRAIN train_prithvi_wxc_conservefm_full_s44] [TRAIN] stage=pretrain epoch=1/1 batch=1290/3000 step=1290 repair=0.003514 localization=0.2562 type=0.728 minimal=0.02042 physics=0.3484 total=0.1196
[TRAIN train_prithvi_wxc_conservefm_full_s44] [TRAIN] stage=pretrain epoch=1/1 batch=1300/3000 step=1300 repair=0.004212 localization=0.2836 type=1.141 minimal=0.02135 physics=0.7789 total=0.1858
[TRAIN train_prithvi_wxc_conservefm_full_s44] [TRAIN] stage=pretrain epoch=1/1 batch=1310/3000 step=1310 repair=0.00747 localization=0.3748 type=1.576 minimal=0.02155 physics=0.1558 total=0.3428
[TRAIN train_prithvi_wxc_conservefm_full_s44] [TRAIN] stage=pretrain epoch=1/1 batch=1320/3000 step=1320 repair=0.004383 localization=0.3097 type=1.361 minimal=0.02356 physics=0.7117 total=0.2073
[TRAIN train_prithvi_wxc_conservefm_full_s44] [TRAIN] stage=pretrain epoch=1/1 batch=1330/3000 step=1330 repair=0.003333 localization=0.2812 type=1.55 minimal=0.01804 physics=0.231 total=0.3284
[TRAIN train_prithvi_wxc_conservefm_full_s44] [TRAIN] stage=pretrain epoch=1/1 batch=1340/3000 step=1340 repair=0.01707 localization=0.2279 type=1.593 minimal=0.02177 physics=1.018 total=0.2503
[TRAIN train_prithvi_wxc_conservefm_full_s44] [TRAIN] stage=pretrain epoch=1/1 batch=1350/3000 step=1350 repair=0.002835 localization=0.2044 type=1.674 minimal=0.02028 physics=0.1084 total=0.3458
[TRAIN train_prithvi_wxc_conservefm_full_s44] [TRAIN] stage=pretrain epoch=1/1 batch=1360/3000 step=1360 repair=0.01222 localization=0.2628 type=1.366 minimal=0.02299 physics=0.1433 total=0.3109
[TRAIN train_prithvi_wxc_conservefm_full_s44] [TRAIN] stage=pretrain epoch=1/1 batch=1370/3000 step=1370 repair=0.002264 localization=0.3099 type=2.237 minimal=0.01776 physics=0.1285 total=0.468
[TRAIN train_prithvi_wxc_conservefm_full_s44] [TRAIN] stage=pretrain epoch=1/1 batch=1380/3000 step=1380 repair=0.00584 localization=0.2087 type=1.438 minimal=0.01886 physics=0.1448 total=0.2682
[TRAIN train_prithvi_wxc_conservefm_full_s44] [TRAIN] stage=pretrain epoch=1/1 batch=1390/3000 step=1390 repair=0.01699 localization=0.4039 type=1.176 minimal=0.01906 physics=0.1537 total=0.2712
[TRAIN train_prithvi_wxc_conservefm_full_s44] [TRAIN] stage=pretrain epoch=1/1 batch=1400/3000 step=1400 repair=0.02147 localization=0.2604 type=1.542 minimal=0.02176 physics=1.624 total=0.2831
[TRAIN train_prithvi_wxc_conservefm_full_s44] [TRAIN] stage=pretrain epoch=1/1 batch=1410/3000 step=1410 repair=0.003698 localization=0.3962 type=0.8518 minimal=0.02232 physics=0.5687 total=0.1572
[TRAIN train_prithvi_wxc_conservefm_full_s44] [TRAIN] stage=pretrain epoch=1/1 batch=1420/3000 step=1420 repair=0.004038 localization=0.2184 type=1.789 minimal=0.02184 physics=0.2134 total=0.3243
[TRAIN train_prithvi_wxc_conservefm_full_s44] [TRAIN] stage=pretrain epoch=1/1 batch=1430/3000 step=1430 repair=0.03289 localization=0.3375 type=0.9263 minimal=0.02075 physics=1.552 total=0.2371
[TRAIN train_prithvi_wxc_conservefm_full_s44] [TRAIN] stage=pretrain epoch=1/1 batch=1440/3000 step=1440 repair=0.006143 localization=0.1002 type=0.7139 minimal=0.04202 physics=1.214 total=0.1878
[TRAIN train_prithvi_wxc_conservefm_full_s44] [TRAIN] stage=pretrain epoch=1/1 batch=1450/3000 step=1450 repair=0.03069 localization=0.4008 type=1.193 minimal=0.01854 physics=1.789 total=0.2798
[TRAIN train_prithvi_wxc_conservefm_full_s44] [TRAIN] stage=pretrain epoch=1/1 batch=1460/3000 step=1460 repair=0.007537 localization=0.3988 type=0.9109 minimal=0.02177 physics=0.2121 total=0.2264
[TRAIN train_prithvi_wxc_conservefm_full_s44] [TRAIN] stage=pretrain epoch=1/1 batch=1470/3000 step=1470 repair=0.008023 localization=0.1432 type=1.795 minimal=0.02542 physics=0.3793 total=0.378
[TRAIN train_prithvi_wxc_conservefm_full_s44] [TRAIN] stage=pretrain epoch=1/1 batch=1480/3000 step=1480 repair=0.003264 localization=0.2435 type=1.862 minimal=0.02065 physics=0.08562 total=0.4008
[TRAIN train_prithvi_wxc_conservefm_full_s44] [TRAIN] stage=pretrain epoch=1/1 batch=1490/3000 step=1490 repair=0.004127 localization=0.1877 type=1.104 minimal=0.02592 physics=0.3158 total=0.226
[TRAIN train_prithvi_wxc_conservefm_full_s44] [TRAIN] stage=pretrain epoch=1/1 batch=1500/3000 step=1500 repair=0.003009 localization=0.337 type=1.563 minimal=0.01987 physics=0.06854 total=0.3509
[TRAIN train_prithvi_wxc_conservefm_full_s44] [TRAIN] stage=pretrain epoch=1/1 batch=1510/3000 step=1510 repair=0.002111 localization=0.2731 type=1.375 minimal=0.01941 physics=0.1914 total=0.3032
[TRAIN train_prithvi_wxc_conservefm_full_s44] [TRAIN] stage=pretrain epoch=1/1 batch=1520/3000 step=1520 repair=0.003249 localization=0.2355 type=1.836 minimal=0.02031 physics=0.3682 total=0.398
[TRAIN train_prithvi_wxc_conservefm_full_s44] [TRAIN] stage=pretrain epoch=1/1 batch=1530/3000 step=1530 repair=0.004348 localization=0.3234 type=1.5 minimal=0.02034 physics=0.614 total=0.2176
[TRAIN train_prithvi_wxc_conservefm_full_s44] [TRAIN] stage=pretrain epoch=1/1 batch=1540/3000 step=1540 repair=0.004706 localization=0.2546 type=1.612 minimal=0.01929 physics=0.4396 total=0.3446
[TRAIN train_prithvi_wxc_conservefm_full_s44] [TRAIN] stage=pretrain epoch=1/1 batch=1550/3000 step=1550 repair=0.003307 localization=0.1706 type=1.428 minimal=0.02002 physics=0.08989 total=0.2887
[TRAIN train_prithvi_wxc_conservefm_full_s44] [TRAIN] stage=pretrain epoch=1/1 batch=1560/3000 step=1560 repair=0.002449 localization=0.3565 type=1.099 minimal=0.01907 physics=0.2149 total=0.2449
[TRAIN train_prithvi_wxc_conservefm_full_s44] [TRAIN] stage=pretrain epoch=1/1 batch=1570/3000 step=1570 repair=0.01862 localization=0.2458 type=1.203 minimal=0.01952 physics=1.434 total=0.2354
[TRAIN train_prithvi_wxc_conservefm_full_s44] [TRAIN] stage=pretrain epoch=1/1 batch=1580/3000 step=1580 repair=0.002671 localization=0.2487 type=2.045 minimal=0.01826 physics=0.1546 total=0.4055
[TRAIN train_prithvi_wxc_conservefm_full_s44] [TRAIN] stage=pretrain epoch=1/1 batch=1590/3000 step=1590 repair=0.01705 localization=0.4428 type=1.83 minimal=0.01895 physics=0.3212 total=0.3988
[TRAIN train_prithvi_wxc_conservefm_full_s44] [TRAIN] stage=pretrain epoch=1/1 batch=1600/3000 step=1600 repair=0.003257 localization=0.3112 type=0.7991 minimal=0.01541 physics=0.6579 total=0.1473
[TRAIN train_prithvi_wxc_conservefm_full_s44] [TRAIN] stage=pretrain epoch=1/1 batch=1610/3000 step=1610 repair=0.003439 localization=0.229 type=2.044 minimal=0.01961 physics=0.2516 total=0.3807
[TRAIN train_prithvi_wxc_conservefm_full_s44] [TRAIN] stage=pretrain epoch=1/1 batch=1620/3000 step=1620 repair=0.007554 localization=0.2562 type=0.7051 minimal=0.01765 physics=1.063 total=0.157
[TRAIN train_prithvi_wxc_conservefm_full_s44] [TRAIN] stage=pretrain epoch=1/1 batch=1630/3000 step=1630 repair=0.00402 localization=0.1307 type=0.7637 minimal=0.02577 physics=0.2748 total=0.1485
[TRAIN train_prithvi_wxc_conservefm_full_s44] [TRAIN] stage=pretrain epoch=1/1 batch=1640/3000 step=1640 repair=0.002703 localization=0.2633 type=1.025 minimal=0.0179 physics=0.2725 total=0.1453
[TRAIN train_prithvi_wxc_conservefm_full_s44] [TRAIN] stage=pretrain epoch=1/1 batch=1650/3000 step=1650 repair=0.002166 localization=0.3188 type=1.812 minimal=0.0172 physics=0.1602 total=0.346
[TRAIN train_prithvi_wxc_conservefm_full_s44] [TRAIN] stage=pretrain epoch=1/1 batch=1660/3000 step=1660 repair=0.009179 localization=0.2559 type=1.587 minimal=0.01935 physics=0.7841 total=0.3488
[TRAIN train_prithvi_wxc_conservefm_full_s44] [TRAIN] stage=pretrain epoch=1/1 batch=1670/3000 step=1670 repair=0.003515 localization=0.4414 type=1.538 minimal=0.01985 physics=0.202 total=0.33
[TRAIN train_prithvi_wxc_conservefm_full_s44] [TRAIN] stage=pretrain epoch=1/1 batch=1680/3000 step=1680 repair=0.002945 localization=0.2065 type=2.447 minimal=0.01711 physics=0.1678 total=0.5003
[TRAIN train_prithvi_wxc_conservefm_full_s44] [TRAIN] stage=pretrain epoch=1/1 batch=1690/3000 step=1690 repair=0.02285 localization=0.2845 type=1.188 minimal=0.01842 physics=1.672 total=0.2539
[TRAIN train_prithvi_wxc_conservefm_full_s44] [TRAIN] stage=pretrain epoch=1/1 batch=1700/3000 step=1700 repair=0.004309 localization=0.2724 type=0.9504 minimal=0.02016 physics=0.5203 total=0.1528
[TRAIN train_prithvi_wxc_conservefm_full_s44] [TRAIN] stage=pretrain epoch=1/1 batch=1710/3000 step=1710 repair=0.006795 localization=0.1664 type=0.1627 minimal=0.04953 physics=0.6227 total=0.07932
[TRAIN train_prithvi_wxc_conservefm_full_s44] [TRAIN] stage=pretrain epoch=1/1 batch=1720/3000 step=1720 repair=0.009307 localization=0.2272 type=1.045 minimal=0.02463 physics=1.151 total=0.1944
[TRAIN train_prithvi_wxc_conservefm_full_s44] [TRAIN] stage=pretrain epoch=1/1 batch=1730/3000 step=1730 repair=0.003842 localization=0.3096 type=2.039 minimal=0.02472 physics=0.2856 total=0.4019
[TRAIN train_prithvi_wxc_conservefm_full_s44] [TRAIN] stage=pretrain epoch=1/1 batch=1740/3000 step=1740 repair=0.00362 localization=0.2727 type=1.666 minimal=0.02272 physics=0.7164 total=0.2335
[TRAIN train_prithvi_wxc_conservefm_full_s44] [TRAIN] stage=pretrain epoch=1/1 batch=1750/3000 step=1750 repair=0.002046 localization=0.2875 type=1.279 minimal=0.02122 physics=0.07905 total=0.2802
[TRAIN train_prithvi_wxc_conservefm_full_s44] [TRAIN] stage=pretrain epoch=1/1 batch=1760/3000 step=1760 repair=0.004052 localization=0.3005 type=2.582 minimal=0.01949 physics=0.2004 total=0.5235
[TRAIN train_prithvi_wxc_conservefm_full_s44] [TRAIN] stage=pretrain epoch=1/1 batch=1770/3000 step=1770 repair=0.004057 localization=0.3076 type=2.054 minimal=0.01801 physics=0.1025 total=0.4317
[TRAIN train_prithvi_wxc_conservefm_full_s44] [TRAIN] stage=pretrain epoch=1/1 batch=1780/3000 step=1780 repair=0.005634 localization=0.2429 type=1.685 minimal=0.01755 physics=0.0899 total=0.3464
[TRAIN train_prithvi_wxc_conservefm_full_s44] [TRAIN] stage=pretrain epoch=1/1 batch=1790/3000 step=1790 repair=0.01262 localization=0.3323 type=1.704 minimal=0.0215 physics=0.9333 total=0.3968
[TRAIN train_prithvi_wxc_conservefm_full_s44] [TRAIN] stage=pretrain epoch=1/1 batch=1800/3000 step=1800 repair=0.001838 localization=0.3691 type=1.266 minimal=0.0177 physics=0.1075 total=0.2563
[TRAIN train_prithvi_wxc_conservefm_full_s44] [TRAIN] stage=pretrain epoch=1/1 batch=1810/3000 step=1810 repair=0.003974 localization=0.2893 type=2.194 minimal=0.01878 physics=0.1923 total=0.4229
[TRAIN train_prithvi_wxc_conservefm_full_s44] [TRAIN] stage=pretrain epoch=1/1 batch=1820/3000 step=1820 repair=0.003523 localization=0.3308 type=0.9951 minimal=0.0186 physics=0.9318 total=0.1829
[TRAIN train_prithvi_wxc_conservefm_full_s44] [TRAIN] stage=pretrain epoch=1/1 batch=1830/3000 step=1830 repair=0.001793 localization=0.1708 type=3.061 minimal=0.01538 physics=0.08326 total=0.6032
[TRAIN train_prithvi_wxc_conservefm_full_s44] [TRAIN] stage=pretrain epoch=1/1 batch=1840/3000 step=1840 repair=0.02262 localization=0.3307 type=2.224 minimal=0.01695 physics=0.1874 total=0.4882
[TRAIN train_prithvi_wxc_conservefm_full_s44] [TRAIN] stage=pretrain epoch=1/1 batch=1850/3000 step=1850 repair=0.02479 localization=0.3073 type=1.044 minimal=0.01605 physics=1.911 total=0.2557
[TRAIN train_prithvi_wxc_conservefm_full_s44] [TRAIN] stage=pretrain epoch=1/1 batch=1860/3000 step=1860 repair=0.0024 localization=0.2692 type=1.941 minimal=0.01616 physics=0.1643 total=0.3815
[TRAIN train_prithvi_wxc_conservefm_full_s44] [TRAIN] stage=pretrain epoch=1/1 batch=1870/3000 step=1870 repair=0.00348 localization=0.3272 type=1.427 minimal=0.01556 physics=0.7116 total=0.2146
[TRAIN train_prithvi_wxc_conservefm_full_s44] [TRAIN] stage=pretrain epoch=1/1 batch=1880/3000 step=1880 repair=0.004611 localization=0.1368 type=0.4146 minimal=0.03192 physics=0.4066 total=0.1098
[TRAIN train_prithvi_wxc_conservefm_full_s44] [TRAIN] stage=pretrain epoch=1/1 batch=1890/3000 step=1890 repair=0.0156 localization=0.3383 type=1.291 minimal=0.01601 physics=0.1593 total=0.2917
[TRAIN train_prithvi_wxc_conservefm_full_s44] [TRAIN] stage=pretrain epoch=1/1 batch=1900/3000 step=1900 repair=0.002523 localization=0.2558 type=1.615 minimal=0.01691 physics=0.2348 total=0.3326
[TRAIN train_prithvi_wxc_conservefm_full_s44] [TRAIN] stage=pretrain epoch=1/1 batch=1910/3000 step=1910 repair=0.004502 localization=0.2969 type=1.123 minimal=0.01671 physics=0.1022 total=0.2425
[TRAIN train_prithvi_wxc_conservefm_full_s44] [TRAIN] stage=pretrain epoch=1/1 batch=1920/3000 step=1920 repair=0.002444 localization=0.3616 type=1.037 minimal=0.01743 physics=0.3662 total=0.2417
[TRAIN train_prithvi_wxc_conservefm_full_s44] [TRAIN] stage=pretrain epoch=1/1 batch=1930/3000 step=1930 repair=0.003576 localization=0.2634 type=1.571 minimal=0.01912 physics=0.3449 total=0.2045
[TRAIN train_prithvi_wxc_conservefm_full_s44] [TRAIN] stage=pretrain epoch=1/1 batch=1940/3000 step=1940 repair=0.004761 localization=0.4055 type=0.9927 minimal=0.02045 physics=0.2532 total=0.1574
[TRAIN train_prithvi_wxc_conservefm_full_s44] [TRAIN] stage=pretrain epoch=1/1 batch=1950/3000 step=1950 repair=0.01482 localization=0.4555 type=1.47 minimal=0.01947 physics=1.996 total=0.391
[TRAIN train_prithvi_wxc_conservefm_full_s44] [TRAIN] stage=pretrain epoch=1/1 batch=1960/3000 step=1960 repair=0.008902 localization=0.2617 type=1.943 minimal=0.01846 physics=0.09398 total=0.3557
[TRAIN train_prithvi_wxc_conservefm_full_s44] [TRAIN] stage=pretrain epoch=1/1 batch=1970/3000 step=1970 repair=0.006508 localization=0.4131 type=1.569 minimal=0.01854 physics=0.2611 total=0.3356
[TRAIN train_prithvi_wxc_conservefm_full_s44] [TRAIN] stage=pretrain epoch=1/1 batch=1980/3000 step=1980 repair=0.002125 localization=0.2893 type=1.09 minimal=0.0182 physics=0.1437 total=0.2397
[TRAIN train_prithvi_wxc_conservefm_full_s44] [TRAIN] stage=pretrain epoch=1/1 batch=1990/3000 step=1990 repair=0.002884 localization=0.4168 type=3.097 minimal=0.02083 physics=0.2923 total=0.6701
[TRAIN train_prithvi_wxc_conservefm_full_s44] [TRAIN] stage=pretrain epoch=1/1 batch=2000/3000 step=2000 repair=0.009432 localization=0.3449 type=1.458 minimal=0.02252 physics=1.184 total=0.2492
[TRAIN train_prithvi_wxc_conservefm_full_s44] [TRAIN] stage=pretrain epoch=1/1 batch=2010/3000 step=2010 repair=0.006391 localization=0.3521 type=1.64 minimal=0.01779 physics=0.1326 total=0.3337
[TRAIN train_prithvi_wxc_conservefm_full_s44] [TRAIN] stage=pretrain epoch=1/1 batch=2020/3000 step=2020 repair=0.005691 localization=0.3448 type=1.737 minimal=0.01768 physics=0.1744 total=0.3547
[TRAIN train_prithvi_wxc_conservefm_full_s44] [TRAIN] stage=pretrain epoch=1/1 batch=2030/3000 step=2030 repair=0.002252 localization=0.2181 type=2.055 minimal=0.01727 physics=0.08718 total=0.418
[TRAIN train_prithvi_wxc_conservefm_full_s44] [TRAIN] stage=pretrain epoch=1/1 batch=2040/3000 step=2040 repair=0.005166 localization=0.118 type=0.04068 minimal=0.02678 physics=0.7014 total=0.05908
[TRAIN train_prithvi_wxc_conservefm_full_s44] [TRAIN] stage=pretrain epoch=1/1 batch=2050/3000 step=2050 repair=0.002557 localization=0.1165 type=0.5147 minimal=0.0192 physics=0.538 total=0.1327
[TRAIN train_prithvi_wxc_conservefm_full_s44] [TRAIN] stage=pretrain epoch=1/1 batch=2060/3000 step=2060 repair=0.004739 localization=0.2961 type=1.631 minimal=0.01704 physics=0.5292 total=0.3703
[TRAIN train_prithvi_wxc_conservefm_full_s44] [TRAIN] stage=pretrain epoch=1/1 batch=2070/3000 step=2070 repair=0.002065 localization=0.3433 type=2.123 minimal=0.0162 physics=0.116 total=0.455
[TRAIN train_prithvi_wxc_conservefm_full_s44] [TRAIN] stage=pretrain epoch=1/1 batch=2080/3000 step=2080 repair=0.003328 localization=0.367 type=1.643 minimal=0.01988 physics=0.434 total=0.2262
[TRAIN train_prithvi_wxc_conservefm_full_s44] [TRAIN] stage=pretrain epoch=1/1 batch=2090/3000 step=2090 repair=0.001279 localization=0.08928 type=0.08463 minimal=0.02029 physics=0.3585 total=0.04361
[TRAIN train_prithvi_wxc_conservefm_full_s44] [TRAIN] stage=pretrain epoch=1/1 batch=2100/3000 step=2100 repair=0.001952 localization=0.314 type=1.274 minimal=0.01874 physics=0.4429 total=0.1831
[TRAIN train_prithvi_wxc_conservefm_full_s44] [TRAIN] stage=pretrain epoch=1/1 batch=2110/3000 step=2110 repair=0.007549 localization=0.3661 type=1.337 minimal=0.01779 physics=1.226 total=0.2393
[TRAIN train_prithvi_wxc_conservefm_full_s44] [TRAIN] stage=pretrain epoch=1/1 batch=2120/3000 step=2120 repair=0.004261 localization=0.3598 type=1.069 minimal=0.01991 physics=0.5742 total=0.1761
[TRAIN train_prithvi_wxc_conservefm_full_s44] [TRAIN] stage=pretrain epoch=1/1 batch=2130/3000 step=2130 repair=0.002636 localization=0.2372 type=3.728 minimal=0.02165 physics=0.1093 total=0.7558
[TRAIN train_prithvi_wxc_conservefm_full_s44] [TRAIN] stage=pretrain epoch=1/1 batch=2140/3000 step=2140 repair=0.001905 localization=0.04963 type=0.05447 minimal=0.02393 physics=0.2174 total=0.02761
[TRAIN train_prithvi_wxc_conservefm_full_s44] [TRAIN] stage=pretrain epoch=1/1 batch=2150/3000 step=2150 repair=0.002458 localization=0.1306 type=0.02513 minimal=0.02148 physics=0.2939 total=0.0349
[TRAIN train_prithvi_wxc_conservefm_full_s44] [TRAIN] stage=pretrain epoch=1/1 batch=2160/3000 step=2160 repair=0.006543 localization=0.3538 type=0.8076 minimal=0.01801 physics=0.1323 total=0.2157
[TRAIN train_prithvi_wxc_conservefm_full_s44] [TRAIN] stage=pretrain epoch=1/1 batch=2170/3000 step=2170 repair=0.005374 localization=0.2601 type=2.13 minimal=0.03009 physics=0.209 total=0.4658
[TRAIN train_prithvi_wxc_conservefm_full_s44] [TRAIN] stage=pretrain epoch=1/1 batch=2180/3000 step=2180 repair=0.01071 localization=0.2683 type=2.005 minimal=0.03455 physics=0.2573 total=0.4578
[TRAIN train_prithvi_wxc_conservefm_full_s44] [TRAIN] stage=pretrain epoch=1/1 batch=2190/3000 step=2190 repair=0.003906 localization=0.2833 type=1.043 minimal=0.02126 physics=0.3816 total=0.1559
[TRAIN train_prithvi_wxc_conservefm_full_s44] [TRAIN] stage=pretrain epoch=1/1 batch=2200/3000 step=2200 repair=0.004109 localization=0.2612 type=1.549 minimal=0.02391 physics=0.1154 total=0.2677
[TRAIN train_prithvi_wxc_conservefm_full_s44] [TRAIN] stage=pretrain epoch=1/1 batch=2210/3000 step=2210 repair=0.002341 localization=0.2462 type=2.271 minimal=0.01746 physics=0.1361 total=0.4591
[TRAIN train_prithvi_wxc_conservefm_full_s44] [TRAIN] stage=pretrain epoch=1/1 batch=2220/3000 step=2220 repair=0.001963 localization=0.2058 type=1.936 minimal=0.0183 physics=0.07405 total=0.3713
[TRAIN train_prithvi_wxc_conservefm_full_s44] [TRAIN] stage=pretrain epoch=1/1 batch=2230/3000 step=2230 repair=0.005929 localization=0.1085 type=0.3179 minimal=0.02774 physics=0.3398 total=0.08733
[TRAIN train_prithvi_wxc_conservefm_full_s44] [TRAIN] stage=pretrain epoch=1/1 batch=2240/3000 step=2240 repair=0.001492 localization=0.2554 type=1.534 minimal=0.01578 physics=0.08942 total=0.3044
[TRAIN train_prithvi_wxc_conservefm_full_s44] [TRAIN] stage=pretrain epoch=1/1 batch=2250/3000 step=2250 repair=0.01277 localization=0.1877 type=1.315 minimal=0.01581 physics=0.9065 total=0.2086
[TRAIN train_prithvi_wxc_conservefm_full_s44] [TRAIN] stage=pretrain epoch=1/1 batch=2260/3000 step=2260 repair=0.00317 localization=0.3759 type=2.181 minimal=0.01866 physics=0.1523 total=0.4279
[TRAIN train_prithvi_wxc_conservefm_full_s44] [TRAIN] stage=pretrain epoch=1/1 batch=2270/3000 step=2270 repair=0.004158 localization=0.2174 type=1.245 minimal=0.02023 physics=0.3085 total=0.166
[TRAIN train_prithvi_wxc_conservefm_full_s44] [TRAIN] stage=pretrain epoch=1/1 batch=2280/3000 step=2280 repair=0.005828 localization=0.2793 type=1.219 minimal=0.01811 physics=0.07011 total=0.2176
[TRAIN train_prithvi_wxc_conservefm_full_s44] [TRAIN] stage=pretrain epoch=1/1 batch=2290/3000 step=2290 repair=0.003001 localization=0.13 type=1.658 minimal=0.0172 physics=0.17 total=0.351
[TRAIN train_prithvi_wxc_conservefm_full_s44] [TRAIN] stage=pretrain epoch=1/1 batch=2300/3000 step=2300 repair=0.006534 localization=0.3274 type=1.936 minimal=0.02141 physics=0.1136 total=0.3983
[TRAIN train_prithvi_wxc_conservefm_full_s44] [TRAIN] stage=pretrain epoch=1/1 batch=2310/3000 step=2310 repair=0.01731 localization=0.2232 type=0.8032 minimal=0.02188 physics=1.093 total=0.1748
[TRAIN train_prithvi_wxc_conservefm_full_s44] [TRAIN] stage=pretrain epoch=1/1 batch=2320/3000 step=2320 repair=0.01589 localization=0.3435 type=1.679 minimal=0.02264 physics=0.1587 total=0.3303
[TRAIN train_prithvi_wxc_conservefm_full_s44] [TRAIN] stage=pretrain epoch=1/1 batch=2330/3000 step=2330 repair=0.001506 localization=0.1942 type=1.276 minimal=0.0168 physics=0.09959 total=0.2316
[TRAIN train_prithvi_wxc_conservefm_full_s44] [TRAIN] stage=pretrain epoch=1/1 batch=2340/3000 step=2340 repair=0.002053 localization=0.3922 type=0.3899 minimal=0.02545 physics=0.1185 total=0.1113
[TRAIN train_prithvi_wxc_conservefm_full_s44] [TRAIN] stage=pretrain epoch=1/1 batch=2350/3000 step=2350 repair=0.01707 localization=0.4566 type=3.652 minimal=0.02667 physics=0.2004 total=0.7555
[TRAIN train_prithvi_wxc_conservefm_full_s44] [TRAIN] stage=pretrain epoch=1/1 batch=2360/3000 step=2360 repair=0.001398 localization=0.2807 type=1.225 minimal=0.01648 physics=0.1309 total=0.2836
[TRAIN train_prithvi_wxc_conservefm_full_s44] [TRAIN] stage=pretrain epoch=1/1 batch=2370/3000 step=2370 repair=0.008594 localization=0.3678 type=2.035 minimal=0.02122 physics=0.1196 total=0.4215
[TRAIN train_prithvi_wxc_conservefm_full_s44] [TRAIN] stage=pretrain epoch=1/1 batch=2380/3000 step=2380 repair=0.006326 localization=0.2193 type=0.9539 minimal=0.01767 physics=1.08 total=0.1778
[TRAIN train_prithvi_wxc_conservefm_full_s44] [TRAIN] stage=pretrain epoch=1/1 batch=2390/3000 step=2390 repair=0.003107 localization=0.07786 type=0.0104 minimal=0.02478 physics=0.2859 total=0.02719
[TRAIN train_prithvi_wxc_conservefm_full_s44] [TRAIN] stage=pretrain epoch=1/1 batch=2400/3000 step=2400 repair=0.002708 localization=0.1971 type=0.844 minimal=0.01683 physics=0.6213 total=0.138
[TRAIN train_prithvi_wxc_conservefm_full_s44] [TRAIN] stage=pretrain epoch=1/1 batch=2410/3000 step=2410 repair=0.00349 localization=0.3542 type=1.571 minimal=0.01717 physics=0.1936 total=0.3209
[TRAIN train_prithvi_wxc_conservefm_full_s44] [TRAIN] stage=pretrain epoch=1/1 batch=2420/3000 step=2420 repair=0.004587 localization=0.2275 type=1.384 minimal=0.01736 physics=0.8909 total=0.3209
[TRAIN train_prithvi_wxc_conservefm_full_s44] [TRAIN] stage=pretrain epoch=1/1 batch=2430/3000 step=2430 repair=0.003561 localization=0.232 type=1.179 minimal=0.01659 physics=0.2606 total=0.2611
[TRAIN train_prithvi_wxc_conservefm_full_s44] [TRAIN] stage=pretrain epoch=1/1 batch=2440/3000 step=2440 repair=0.003391 localization=0.2494 type=1.923 minimal=0.01683 physics=0.1879 total=0.3921
[TRAIN train_prithvi_wxc_conservefm_full_s44] [TRAIN] stage=pretrain epoch=1/1 batch=2450/3000 step=2450 repair=0.01042 localization=0.3208 type=1.643 minimal=0.02115 physics=0.5711 total=0.3435
[TRAIN train_prithvi_wxc_conservefm_full_s44] [TRAIN] stage=pretrain epoch=1/1 batch=2460/3000 step=2460 repair=0.001408 localization=0.2778 type=1.298 minimal=0.0153 physics=0.1216 total=0.2582
[TRAIN train_prithvi_wxc_conservefm_full_s44] [TRAIN] stage=pretrain epoch=1/1 batch=2470/3000 step=2470 repair=0.001463 localization=0.1065 type=0.02117 minimal=0.01675 physics=0.2252 total=0.02729
[TRAIN train_prithvi_wxc_conservefm_full_s44] [TRAIN] stage=pretrain epoch=1/1 batch=2480/3000 step=2480 repair=0.003383 localization=0.4126 type=1.495 minimal=0.01802 physics=0.6413 total=0.2264
[TRAIN train_prithvi_wxc_conservefm_full_s44] [TRAIN] stage=pretrain epoch=1/1 batch=2490/3000 step=2490 repair=0.01109 localization=0.2758 type=1.885 minimal=0.01886 physics=0.128 total=0.3934
[TRAIN train_prithvi_wxc_conservefm_full_s44] [TRAIN] stage=pretrain epoch=1/1 batch=2500/3000 step=2500 repair=0.003117 localization=0.2398 type=2.813 minimal=0.01491 physics=0.1412 total=0.5646
[TRAIN train_prithvi_wxc_conservefm_full_s44] [TRAIN] stage=pretrain epoch=1/1 batch=2510/3000 step=2510 repair=0.002087 localization=0.399 type=2.332 minimal=0.01476 physics=0.131 total=0.4628
[TRAIN train_prithvi_wxc_conservefm_full_s44] [TRAIN] stage=pretrain epoch=1/1 batch=2520/3000 step=2520 repair=0.003157 localization=0.03831 type=0.00433 minimal=0.02426 physics=0.4937 total=0.03266
[TRAIN train_prithvi_wxc_conservefm_full_s44] [TRAIN] stage=pretrain epoch=1/1 batch=2530/3000 step=2530 repair=0.004043 localization=0.3601 type=0.8945 minimal=0.01765 physics=1.08 total=0.1837
[TRAIN train_prithvi_wxc_conservefm_full_s44] [TRAIN] stage=pretrain epoch=1/1 batch=2540/3000 step=2540 repair=0.009697 localization=0.4114 type=1.458 minimal=0.01979 physics=0.2473 total=0.2969
[TRAIN train_prithvi_wxc_conservefm_full_s44] [TRAIN] stage=pretrain epoch=1/1 batch=2550/3000 step=2550 repair=0.02263 localization=0.366 type=1.028 minimal=0.01398 physics=1.422 total=0.2333
[TRAIN train_prithvi_wxc_conservefm_full_s44] [TRAIN] stage=pretrain epoch=1/1 batch=2560/3000 step=2560 repair=0.004168 localization=0.3166 type=1.803 minimal=0.01758 physics=0.2781 total=0.347
[TRAIN train_prithvi_wxc_conservefm_full_s44] [TRAIN] stage=pretrain epoch=1/1 batch=2570/3000 step=2570 repair=0.02088 localization=0.2386 type=0.6306 minimal=0.01764 physics=1.12 total=0.164
[TRAIN train_prithvi_wxc_conservefm_full_s44] [TRAIN] stage=pretrain epoch=1/1 batch=2580/3000 step=2580 repair=0.00692 localization=0.2367 type=0.4094 minimal=0.01651 physics=0.9357 total=0.1185
[TRAIN train_prithvi_wxc_conservefm_full_s44] [TRAIN] stage=pretrain epoch=1/1 batch=2590/3000 step=2590 repair=0.003222 localization=0.3949 type=2.074 minimal=0.01807 physics=0.1571 total=0.3282
[TRAIN train_prithvi_wxc_conservefm_full_s44] [TRAIN] stage=pretrain epoch=1/1 batch=2600/3000 step=2600 repair=0.002299 localization=0.3058 type=2.513 minimal=0.01602 physics=0.1684 total=0.4779
[TRAIN train_prithvi_wxc_conservefm_full_s44] [TRAIN] stage=pretrain epoch=1/1 batch=2610/3000 step=2610 repair=0.003515 localization=0.2935 type=1.709 minimal=0.01855 physics=0.3135 total=0.3083
[TRAIN train_prithvi_wxc_conservefm_full_s44] [TRAIN] stage=pretrain epoch=1/1 batch=2620/3000 step=2620 repair=0.002594 localization=0.07057 type=0.007948 minimal=0.02246 physics=0.4192 total=0.03194
[TRAIN train_prithvi_wxc_conservefm_full_s44] [TRAIN] stage=pretrain epoch=1/1 batch=2630/3000 step=2630 repair=0.002909 localization=0.2588 type=1.978 minimal=0.01997 physics=0.06609 total=0.3401
[TRAIN train_prithvi_wxc_conservefm_full_s44] [TRAIN] stage=pretrain epoch=1/1 batch=2640/3000 step=2640 repair=0.001766 localization=0.2605 type=1.877 minimal=0.01599 physics=0.2694 total=0.3386
[TRAIN train_prithvi_wxc_conservefm_full_s44] [TRAIN] stage=pretrain epoch=1/1 batch=2650/3000 step=2650 repair=0.001852 localization=0.2051 type=4.053 minimal=0.01556 physics=0.05122 total=0.7907
[TRAIN train_prithvi_wxc_conservefm_full_s44] [TRAIN] stage=pretrain epoch=1/1 batch=2660/3000 step=2660 repair=0.002552 localization=0.3007 type=1.435 minimal=0.01587 physics=0.3379 total=0.2974
[TRAIN train_prithvi_wxc_conservefm_full_s44] [TRAIN] stage=pretrain epoch=1/1 batch=2670/3000 step=2670 repair=0.006311 localization=0.2917 type=1.253 minimal=0.01364 physics=0.8313 total=0.2025
[TRAIN train_prithvi_wxc_conservefm_full_s44] [TRAIN] stage=pretrain epoch=1/1 batch=2680/3000 step=2680 repair=0.004481 localization=0.245 type=1.476 minimal=0.01678 physics=0.1338 total=0.3062
[TRAIN train_prithvi_wxc_conservefm_full_s44] [TRAIN] stage=pretrain epoch=1/1 batch=2690/3000 step=2690 repair=0.04476 localization=0.4429 type=1.036 minimal=0.01819 physics=1.29 total=0.2573
[TRAIN train_prithvi_wxc_conservefm_full_s44] [TRAIN] stage=pretrain epoch=1/1 batch=2700/3000 step=2700 repair=0.004647 localization=0.3594 type=1.646 minimal=0.02362 physics=0.1078 total=0.3072
[TRAIN train_prithvi_wxc_conservefm_full_s44] [TRAIN] stage=pretrain epoch=1/1 batch=2710/3000 step=2710 repair=0.003723 localization=0.3405 type=1.441 minimal=0.02011 physics=0.06021 total=0.2556
[TRAIN train_prithvi_wxc_conservefm_full_s44] [TRAIN] stage=pretrain epoch=1/1 batch=2720/3000 step=2720 repair=0.001267 localization=0.02086 type=0.002435 minimal=0.02034 physics=0.196 total=0.01379
[TRAIN train_prithvi_wxc_conservefm_full_s44] [TRAIN] stage=pretrain epoch=1/1 batch=2730/3000 step=2730 repair=0.001168 localization=0.386 type=0.554 minimal=0.01776 physics=0.0568 total=0.1168
[TRAIN train_prithvi_wxc_conservefm_full_s44] [TRAIN] stage=pretrain epoch=1/1 batch=2740/3000 step=2740 repair=0.001546 localization=0.2568 type=0.4252 minimal=0.01817 physics=0.0834 total=0.1087
[TRAIN train_prithvi_wxc_conservefm_full_s44] [TRAIN] stage=pretrain epoch=1/1 batch=2750/3000 step=2750 repair=0.003675 localization=0.2966 type=1.371 minimal=0.01917 physics=0.7719 total=0.2092
[TRAIN train_prithvi_wxc_conservefm_full_s44] [TRAIN] stage=pretrain epoch=1/1 batch=2760/3000 step=2760 repair=0.01291 localization=0.3759 type=2.198 minimal=0.01665 physics=0.9669 total=0.4704
[TRAIN train_prithvi_wxc_conservefm_full_s44] [TRAIN] stage=pretrain epoch=1/1 batch=2770/3000 step=2770 repair=0.002225 localization=0.04362 type=0.03777 minimal=0.02209 physics=0.2441 total=0.02492
[TRAIN train_prithvi_wxc_conservefm_full_s44] [TRAIN] stage=pretrain epoch=1/1 batch=2780/3000 step=2780 repair=0.0081 localization=0.375 type=1.495 minimal=0.01513 physics=0.7719 total=0.3414
[TRAIN train_prithvi_wxc_conservefm_full_s44] [TRAIN] stage=pretrain epoch=1/1 batch=2790/3000 step=2790 repair=0.02392 localization=0.2736 type=1.404 minimal=0.0172 physics=1.411 total=0.2624
[TRAIN train_prithvi_wxc_conservefm_full_s44] [TRAIN] stage=pretrain epoch=1/1 batch=2800/3000 step=2800 repair=0.00213 localization=0.3499 type=1.71 minimal=0.01999 physics=0.1535 total=0.3728
[TRAIN train_prithvi_wxc_conservefm_full_s44] [TRAIN] stage=pretrain epoch=1/1 batch=2810/3000 step=2810 repair=0.002677 localization=0.03048 type=0.009583 minimal=0.02402 physics=0.2487 total=0.01998
[TRAIN train_prithvi_wxc_conservefm_full_s44] [TRAIN] stage=pretrain epoch=1/1 batch=2820/3000 step=2820 repair=0.002783 localization=0.1687 type=1.574 minimal=0.01485 physics=0.08492 total=0.2912
[TRAIN train_prithvi_wxc_conservefm_full_s44] [TRAIN] stage=pretrain epoch=1/1 batch=2830/3000 step=2830 repair=0.002639 localization=0.3695 type=5.41 minimal=0.01663 physics=0.4524 total=0.6034
[TRAIN train_prithvi_wxc_conservefm_full_s44] [TRAIN] stage=pretrain epoch=1/1 batch=2840/3000 step=2840 repair=0.003386 localization=0.1965 type=1.605 minimal=0.01793 physics=0.7002 total=0.2188
[TRAIN train_prithvi_wxc_conservefm_full_s44] [TRAIN] stage=pretrain epoch=1/1 batch=2850/3000 step=2850 repair=0.01572 localization=0.2392 type=1.718 minimal=0.01584 physics=1.628 total=0.293
[TRAIN train_prithvi_wxc_conservefm_full_s44] [TRAIN] stage=pretrain epoch=1/1 batch=2860/3000 step=2860 repair=0.00205 localization=0.2942 type=1.681 minimal=0.01613 physics=0.08362 total=0.3257
[TRAIN train_prithvi_wxc_conservefm_full_s44] [TRAIN] stage=pretrain epoch=1/1 batch=2870/3000 step=2870 repair=0.003308 localization=0.3736 type=1.908 minimal=0.01819 physics=0.1775 total=0.3716
[TRAIN train_prithvi_wxc_conservefm_full_s44] [TRAIN] stage=pretrain epoch=1/1 batch=2880/3000 step=2880 repair=0.004453 localization=0.2942 type=1.849 minimal=0.01985 physics=0.08533 total=0.3624
[TRAIN train_prithvi_wxc_conservefm_full_s44] [TRAIN] stage=pretrain epoch=1/1 batch=2890/3000 step=2890 repair=0.002346 localization=0.2142 type=1.56 minimal=0.01498 physics=0.05777 total=0.3148
[TRAIN train_prithvi_wxc_conservefm_full_s44] [TRAIN] stage=pretrain epoch=1/1 batch=2900/3000 step=2900 repair=0.003172 localization=0.01993 type=8.482e-05 minimal=0.02985 physics=0.2148 total=0.01622
[TRAIN train_prithvi_wxc_conservefm_full_s44] [TRAIN] stage=pretrain epoch=1/1 batch=2910/3000 step=2910 repair=0.002403 localization=0.2449 type=0.7205 minimal=0.01542 physics=0.3373 total=0.116
[TRAIN train_prithvi_wxc_conservefm_full_s44] [TRAIN] stage=pretrain epoch=1/1 batch=2920/3000 step=2920 repair=0.006089 localization=0.3432 type=2.135 minimal=0.01562 physics=0.2823 total=0.4148
[TRAIN train_prithvi_wxc_conservefm_full_s44] [TRAIN] stage=pretrain epoch=1/1 batch=2930/3000 step=2930 repair=0.004891 localization=0.2054 type=1.311 minimal=0.01637 physics=0.7436 total=0.1938
[TRAIN train_prithvi_wxc_conservefm_full_s44] [TRAIN] stage=pretrain epoch=1/1 batch=2940/3000 step=2940 repair=0.003803 localization=0.4429 type=0.8662 minimal=0.01342 physics=0.3355 total=0.2129
[TRAIN train_prithvi_wxc_conservefm_full_s44] [TRAIN] stage=pretrain epoch=1/1 batch=2950/3000 step=2950 repair=0.003616 localization=0.2957 type=1.582 minimal=0.01691 physics=0.1264 total=0.3326
[TRAIN train_prithvi_wxc_conservefm_full_s44] [TRAIN] stage=pretrain epoch=1/1 batch=2960/3000 step=2960 repair=0.001523 localization=0.03546 type=0.0003955 minimal=0.02513 physics=0.2104 total=0.01591
[TRAIN train_prithvi_wxc_conservefm_full_s44] [TRAIN] stage=pretrain epoch=1/1 batch=2970/3000 step=2970 repair=0.003068 localization=0.278 type=2.072 minimal=0.0168 physics=0.09687 total=0.4498
[TRAIN train_prithvi_wxc_conservefm_full_s44] [TRAIN] stage=pretrain epoch=1/1 batch=2980/3000 step=2980 repair=0.005437 localization=0.05507 type=0.003081 minimal=0.0179 physics=0.3281 total=0.02801
[TRAIN train_prithvi_wxc_conservefm_full_s44] [TRAIN] stage=pretrain epoch=1/1 batch=2990/3000 step=2990 repair=0.006255 localization=0.3447 type=1.299 minimal=0.01923 physics=0.2053 total=0.2717
[TRAIN train_prithvi_wxc_conservefm_full_s44] [TRAIN] stage=pretrain epoch=1/1 batch=3000/3000 step=3000 repair=0.04715 localization=0.5497 type=1.327 minimal=0.02 physics=1.666 total=0.3183
[TRAIN train_prithvi_wxc_conservefm_full_s44] [EPOCH] {'stage': 'pretrain', 'epoch': 0, 'global_step': 3000, 'train_total': 0.31430464395477126, 'val_repair_mse': 2.285779442638159, 'elapsed_seconds': 2598.76}
[TRAIN train_prithvi_wxc_conservefm_full_s44] [BEST] val_repair_mse=2.28578
[TRAIN train_prithvi_wxc_conservefm_full_s44] [STAGE] finetune epochs=1 start_epoch=0
[TRAIN train_prithvi_wxc_conservefm_full_s44] [TRAIN] stage=finetune epoch=1/1 batch=10/3000 step=3010 repair=1.573 localization=0 type=0 minimal=0.3245 physics=5.155 total=1.834
[TRAIN train_prithvi_wxc_conservefm_full_s44] [TRAIN] stage=finetune epoch=1/1 batch=20/3000 step=3020 repair=0.6534 localization=0 type=0 minimal=0.3706 physics=3.726 total=0.8434
[TRAIN train_prithvi_wxc_conservefm_full_s44] [TRAIN] stage=finetune epoch=1/1 batch=30/3000 step=3030 repair=0.8129 localization=0 type=0 minimal=0.4495 physics=2.847 total=0.9597
[TRAIN train_prithvi_wxc_conservefm_full_s44] [TRAIN] stage=finetune epoch=1/1 batch=40/3000 step=3040 repair=1.474 localization=0 type=0 minimal=0.439 physics=2.238 total=1.591
[TRAIN train_prithvi_wxc_conservefm_full_s44] [TRAIN] stage=finetune epoch=1/1 batch=50/3000 step=3050 repair=0.7 localization=0 type=0 minimal=0.502 physics=2.709 total=0.8405
[TRAIN train_prithvi_wxc_conservefm_full_s44] [TRAIN] stage=finetune epoch=1/1 batch=60/3000 step=3060 repair=0.5641 localization=0 type=0 minimal=0.4563 physics=2.022 total=0.6697
[TRAIN train_prithvi_wxc_conservefm_full_s44] [TRAIN] stage=finetune epoch=1/1 batch=70/3000 step=3070 repair=0.7081 localization=0 type=0 minimal=0.4788 physics=2.128 total=0.8193
[TRAIN train_prithvi_wxc_conservefm_full_s44] [TRAIN] stage=finetune epoch=1/1 batch=80/3000 step=3080 repair=0.9966 localization=0 type=0 minimal=0.5986 physics=3.341 total=1.17
[TRAIN train_prithvi_wxc_conservefm_full_s44] [TRAIN] stage=finetune epoch=1/1 batch=90/3000 step=3090 repair=0.4247 localization=0 type=0 minimal=0.5171 physics=1.513 total=0.5055
[TRAIN train_prithvi_wxc_conservefm_full_s44] [TRAIN] stage=finetune epoch=1/1 batch=100/3000 step=3100 repair=0.6423 localization=0 type=0 minimal=0.6113 physics=2.588 total=0.7778
[TRAIN train_prithvi_wxc_conservefm_full_s44] [TRAIN] stage=finetune epoch=1/1 batch=110/3000 step=3110 repair=0.6488 localization=0 type=0 minimal=0.627 physics=2.492 total=0.7797
[TRAIN train_prithvi_wxc_conservefm_full_s44] [TRAIN] stage=finetune epoch=1/1 batch=120/3000 step=3120 repair=0.62 localization=0 type=0 minimal=0.6406 physics=1.571 total=0.7049
[TRAIN train_prithvi_wxc_conservefm_full_s44] [TRAIN] stage=finetune epoch=1/1 batch=130/3000 step=3130 repair=0.3391 localization=0 type=0 minimal=0.5527 physics=2.257 total=0.4575
[TRAIN train_prithvi_wxc_conservefm_full_s44] [TRAIN] stage=finetune epoch=1/1 batch=140/3000 step=3140 repair=0.3305 localization=0 type=0 minimal=0.5518 physics=1.325 total=0.4022
[TRAIN train_prithvi_wxc_conservefm_full_s44] [TRAIN] stage=finetune epoch=1/1 batch=150/3000 step=3150 repair=0.2113 localization=0 type=0 minimal=0.4502 physics=1.273 total=0.2794
[TRAIN train_prithvi_wxc_conservefm_full_s44] [TRAIN] stage=finetune epoch=1/1 batch=160/3000 step=3160 repair=0.2982 localization=0 type=0 minimal=0.5308 physics=1.334 total=0.3702
[TRAIN train_prithvi_wxc_conservefm_full_s44] [TRAIN] stage=finetune epoch=1/1 batch=170/3000 step=3170 repair=0.4449 localization=0 type=0 minimal=0.5532 physics=2.002 total=0.5506
[TRAIN train_prithvi_wxc_conservefm_full_s44] [TRAIN] stage=finetune epoch=1/1 batch=180/3000 step=3180 repair=0.5352 localization=0 type=0 minimal=0.6548 physics=2.203 total=0.652
[TRAIN train_prithvi_wxc_conservefm_full_s44] [TRAIN] stage=finetune epoch=1/1 batch=190/3000 step=3190 repair=0.3392 localization=0 type=0 minimal=0.6401 physics=1.852 total=0.4382
[TRAIN train_prithvi_wxc_conservefm_full_s44] [TRAIN] stage=finetune epoch=1/1 batch=200/3000 step=3200 repair=0.4916 localization=0 type=0 minimal=0.6602 physics=2.288 total=0.6126
[TRAIN train_prithvi_wxc_conservefm_full_s44] [TRAIN] stage=finetune epoch=1/1 batch=210/3000 step=3210 repair=0.6468 localization=0 type=0 minimal=0.7026 physics=1.524 total=0.7301
[TRAIN train_prithvi_wxc_conservefm_full_s44] [TRAIN] stage=finetune epoch=1/1 batch=220/3000 step=3220 repair=0.4782 localization=0 type=0 minimal=0.6807 physics=1.358 total=0.5528
[TRAIN train_prithvi_wxc_conservefm_full_s44] [TRAIN] stage=finetune epoch=1/1 batch=230/3000 step=3230 repair=0.488 localization=0 type=0 minimal=0.6777 physics=1.245 total=0.5571
[TRAIN train_prithvi_wxc_conservefm_full_s44] [TRAIN] stage=finetune epoch=1/1 batch=240/3000 step=3240 repair=0.6217 localization=0 type=0 minimal=0.7031 physics=1.993 total=0.7284
[TRAIN train_prithvi_wxc_conservefm_full_s44] [TRAIN] stage=finetune epoch=1/1 batch=250/3000 step=3250 repair=0.4924 localization=0 type=0 minimal=0.6592 physics=1.515 total=0.5748
[TRAIN train_prithvi_wxc_conservefm_full_s44] [TRAIN] stage=finetune epoch=1/1 batch=260/3000 step=3260 repair=0.3406 localization=0 type=0 minimal=0.5684 physics=1.51 total=0.4218
[TRAIN train_prithvi_wxc_conservefm_full_s44] [TRAIN] stage=finetune epoch=1/1 batch=270/3000 step=3270 repair=0.3239 localization=0 type=0 minimal=0.6377 physics=1.057 total=0.3832
[TRAIN train_prithvi_wxc_conservefm_full_s44] [TRAIN] stage=finetune epoch=1/1 batch=280/3000 step=3280 repair=0.4507 localization=0 type=0 minimal=0.6792 physics=1.924 total=0.5537
[TRAIN train_prithvi_wxc_conservefm_full_s44] [TRAIN] stage=finetune epoch=1/1 batch=290/3000 step=3290 repair=0.1442 localization=0 type=0 minimal=0.439 physics=0.8295 total=0.19
[TRAIN train_prithvi_wxc_conservefm_full_s44] [TRAIN] stage=finetune epoch=1/1 batch=300/3000 step=3300 repair=0.4305 localization=0 type=0 minimal=0.668 physics=1.301 total=0.5023
[TRAIN train_prithvi_wxc_conservefm_full_s44] [TRAIN] stage=finetune epoch=1/1 batch=310/3000 step=3310 repair=0.1497 localization=0 type=0 minimal=0.457 physics=1.151 total=0.2118
[TRAIN train_prithvi_wxc_conservefm_full_s44] [TRAIN] stage=finetune epoch=1/1 batch=320/3000 step=3320 repair=0.3153 localization=0 type=0 minimal=0.6577 physics=1.088 total=0.3763
[TRAIN train_prithvi_wxc_conservefm_full_s44] [TRAIN] stage=finetune epoch=1/1 batch=330/3000 step=3330 repair=0.4767 localization=0 type=0 minimal=0.6978 physics=1.225 total=0.545
[TRAIN train_prithvi_wxc_conservefm_full_s44] [TRAIN] stage=finetune epoch=1/1 batch=340/3000 step=3340 repair=0.4213 localization=0 type=0 minimal=0.6792 physics=1.299 total=0.4931
[TRAIN train_prithvi_wxc_conservefm_full_s44] [TRAIN] stage=finetune epoch=1/1 batch=350/3000 step=3350 repair=0.2985 localization=0 type=0 minimal=0.625 physics=1.028 total=0.3562
[TRAIN train_prithvi_wxc_conservefm_full_s44] [TRAIN] stage=finetune epoch=1/1 batch=360/3000 step=3360 repair=0.3723 localization=0 type=0 minimal=0.6787 physics=1.404 total=0.4493
[TRAIN train_prithvi_wxc_conservefm_full_s44] [TRAIN] stage=finetune epoch=1/1 batch=370/3000 step=3370 repair=0.1396 localization=0 type=0 minimal=0.4465 physics=0.9489 total=0.1915
[TRAIN train_prithvi_wxc_conservefm_full_s44] [TRAIN] stage=finetune epoch=1/1 batch=380/3000 step=3380 repair=0.5434 localization=0 type=0 minimal=0.7539 physics=1.028 total=0.6023
[TRAIN train_prithvi_wxc_conservefm_full_s44] [TRAIN] stage=finetune epoch=1/1 batch=390/3000 step=3390 repair=0.4135 localization=0 type=0 minimal=0.6851 physics=1.451 total=0.4929
[TRAIN train_prithvi_wxc_conservefm_full_s44] [TRAIN] stage=finetune epoch=1/1 batch=400/3000 step=3400 repair=0.2306 localization=0 type=0 minimal=0.5566 physics=1.164 total=0.2944
[TRAIN train_prithvi_wxc_conservefm_full_s44] [TRAIN] stage=finetune epoch=1/1 batch=410/3000 step=3410 repair=0.5111 localization=0 type=0 minimal=0.7471 physics=1.007 total=0.5689
[TRAIN train_prithvi_wxc_conservefm_full_s44] [TRAIN] stage=finetune epoch=1/1 batch=420/3000 step=3420 repair=0.1915 localization=0 type=0 minimal=0.5459 physics=0.7463 total=0.2343
[TRAIN train_prithvi_wxc_conservefm_full_s44] [TRAIN] stage=finetune epoch=1/1 batch=430/3000 step=3430 repair=0.3932 localization=0 type=0 minimal=0.6934 physics=0.8932 total=0.4448
[TRAIN train_prithvi_wxc_conservefm_full_s44] [TRAIN] stage=finetune epoch=1/1 batch=440/3000 step=3440 repair=0.1388 localization=0 type=0 minimal=0.4573 physics=0.7147 total=0.1791
[TRAIN train_prithvi_wxc_conservefm_full_s44] [TRAIN] stage=finetune epoch=1/1 batch=450/3000 step=3450 repair=0.1256 localization=0 type=0 minimal=0.467 physics=1.035 total=0.182
[TRAIN train_prithvi_wxc_conservefm_full_s44] [TRAIN] stage=finetune epoch=1/1 batch=460/3000 step=3460 repair=0.332 localization=0 type=0 minimal=0.6182 physics=1.137 total=0.395
[TRAIN train_prithvi_wxc_conservefm_full_s44] [TRAIN] stage=finetune epoch=1/1 batch=470/3000 step=3470 repair=0.1988 localization=0 type=0 minimal=0.5547 physics=0.8602 total=0.2474
[TRAIN train_prithvi_wxc_conservefm_full_s44] [TRAIN] stage=finetune epoch=1/1 batch=480/3000 step=3480 repair=0.3953 localization=0 type=0 minimal=0.7026 physics=1.048 total=0.4548
[TRAIN train_prithvi_wxc_conservefm_full_s44] [TRAIN] stage=finetune epoch=1/1 batch=490/3000 step=3490 repair=0.2672 localization=0 type=0 minimal=0.6616 physics=0.778 total=0.3127
[TRAIN train_prithvi_wxc_conservefm_full_s44] [TRAIN] stage=finetune epoch=1/1 batch=500/3000 step=3500 repair=0.2044 localization=0 type=0 minimal=0.5679 physics=0.8207 total=0.2511
[TRAIN train_prithvi_wxc_conservefm_full_s44] [TRAIN] stage=finetune epoch=1/1 batch=510/3000 step=3510 repair=0.3848 localization=0 type=0 minimal=0.7056 physics=1.415 total=0.4626
[TRAIN train_prithvi_wxc_conservefm_full_s44] [TRAIN] stage=finetune epoch=1/1 batch=520/3000 step=3520 repair=0.3915 localization=0 type=0 minimal=0.7109 physics=0.9242 total=0.4449
[TRAIN train_prithvi_wxc_conservefm_full_s44] [TRAIN] stage=finetune epoch=1/1 batch=530/3000 step=3530 repair=0.1203 localization=0 type=0 minimal=0.4565 physics=0.7995 total=0.1648
[TRAIN train_prithvi_wxc_conservefm_full_s44] [TRAIN] stage=finetune epoch=1/1 batch=540/3000 step=3540 repair=0.1955 localization=0 type=0 minimal=0.5522 physics=1.168 total=0.2594
[TRAIN train_prithvi_wxc_conservefm_full_s44] [TRAIN] stage=finetune epoch=1/1 batch=550/3000 step=3550 repair=0.2946 localization=0 type=0 minimal=0.5967 physics=1 total=0.3506
[TRAIN train_prithvi_wxc_conservefm_full_s44] [TRAIN] stage=finetune epoch=1/1 batch=560/3000 step=3560 repair=0.3198 localization=0 type=0 minimal=0.6055 physics=1.243 total=0.388
[TRAIN train_prithvi_wxc_conservefm_full_s44] [TRAIN] stage=finetune epoch=1/1 batch=570/3000 step=3570 repair=0.2101 localization=0 type=0 minimal=0.5581 physics=0.8933 total=0.2603
[TRAIN train_prithvi_wxc_conservefm_full_s44] [TRAIN] stage=finetune epoch=1/1 batch=580/3000 step=3580 repair=0.2074 localization=0 type=0 minimal=0.564 physics=0.7971 total=0.2529
[TRAIN train_prithvi_wxc_conservefm_full_s44] [TRAIN] stage=finetune epoch=1/1 batch=590/3000 step=3590 repair=0.2631 localization=0 type=0 minimal=0.6333 physics=1.318 total=0.3354
[TRAIN train_prithvi_wxc_conservefm_full_s44] [TRAIN] stage=finetune epoch=1/1 batch=600/3000 step=3600 repair=0.334 localization=0 type=0 minimal=0.6333 physics=1.305 total=0.4055
[TRAIN train_prithvi_wxc_conservefm_full_s44] [TRAIN] stage=finetune epoch=1/1 batch=610/3000 step=3610 repair=0.4886 localization=0 type=0 minimal=0.7598 physics=1.196 total=0.556
[TRAIN train_prithvi_wxc_conservefm_full_s44] [TRAIN] stage=finetune epoch=1/1 batch=620/3000 step=3620 repair=0.374 localization=0 type=0 minimal=0.6885 physics=1.835 total=0.4726
[TRAIN train_prithvi_wxc_conservefm_full_s44] [TRAIN] stage=finetune epoch=1/1 batch=630/3000 step=3630 repair=0.4902 localization=0 type=0 minimal=0.7603 physics=1.118 total=0.5537
[TRAIN train_prithvi_wxc_conservefm_full_s44] [TRAIN] stage=finetune epoch=1/1 batch=640/3000 step=3640 repair=0.3037 localization=0 type=0 minimal=0.605 physics=1.086 total=0.364
[TRAIN train_prithvi_wxc_conservefm_full_s44] [TRAIN] stage=finetune epoch=1/1 batch=650/3000 step=3650 repair=0.1179 localization=0 type=0 minimal=0.4536 physics=1.251 total=0.185
[TRAIN train_prithvi_wxc_conservefm_full_s44] [TRAIN] stage=finetune epoch=1/1 batch=660/3000 step=3660 repair=0.1168 localization=0 type=0 minimal=0.4592 physics=0.9684 total=0.1698
[TRAIN train_prithvi_wxc_conservefm_full_s44] [TRAIN] stage=finetune epoch=1/1 batch=670/3000 step=3670 repair=0.3968 localization=0 type=0 minimal=0.7026 physics=1.255 total=0.4666
[TRAIN train_prithvi_wxc_conservefm_full_s44] [TRAIN] stage=finetune epoch=1/1 batch=680/3000 step=3680 repair=0.5036 localization=0 type=0 minimal=0.7783 physics=1.021 total=0.5624
[TRAIN train_prithvi_wxc_conservefm_full_s44] [TRAIN] stage=finetune epoch=1/1 batch=690/3000 step=3690 repair=0.4646 localization=0 type=0 minimal=0.7456 physics=1.368 total=0.5405
[TRAIN train_prithvi_wxc_conservefm_full_s44] [TRAIN] stage=finetune epoch=1/1 batch=700/3000 step=3700 repair=0.3765 localization=0 type=0 minimal=0.7329 physics=1.12 total=0.4398
[TRAIN train_prithvi_wxc_conservefm_full_s44] [TRAIN] stage=finetune epoch=1/1 batch=710/3000 step=3710 repair=0.4819 localization=0 type=0 minimal=0.79 physics=1.662 total=0.5729
[TRAIN train_prithvi_wxc_conservefm_full_s44] [TRAIN] stage=finetune epoch=1/1 batch=720/3000 step=3720 repair=0.1875 localization=0 type=0 minimal=0.5483 physics=0.8594 total=0.2359
[TRAIN train_prithvi_wxc_conservefm_full_s44] [TRAIN] stage=finetune epoch=1/1 batch=730/3000 step=3730 repair=0.3519 localization=0 type=0 minimal=0.6997 physics=1.167 total=0.4173
[TRAIN train_prithvi_wxc_conservefm_full_s44] [TRAIN] stage=finetune epoch=1/1 batch=740/3000 step=3740 repair=0.2352 localization=0 type=0 minimal=0.6372 physics=0.9522 total=0.2892
[TRAIN train_prithvi_wxc_conservefm_full_s44] [TRAIN] stage=finetune epoch=1/1 batch=750/3000 step=3750 repair=0.3074 localization=0 type=0 minimal=0.6196 physics=0.8431 total=0.3557
[TRAIN train_prithvi_wxc_conservefm_full_s44] [TRAIN] stage=finetune epoch=1/1 batch=760/3000 step=3760 repair=0.2986 localization=0 type=0 minimal=0.5928 physics=1.122 total=0.3606
[TRAIN train_prithvi_wxc_conservefm_full_s44] [TRAIN] stage=finetune epoch=1/1 batch=770/3000 step=3770 repair=0.4035 localization=0 type=0 minimal=0.7036 physics=1.072 total=0.4642
[TRAIN train_prithvi_wxc_conservefm_full_s44] [TRAIN] stage=finetune epoch=1/1 batch=780/3000 step=3780 repair=0.1196 localization=0 type=0 minimal=0.4888 physics=0.7085 total=0.16
[TRAIN train_prithvi_wxc_conservefm_full_s44] [TRAIN] stage=finetune epoch=1/1 batch=790/3000 step=3790 repair=0.458 localization=0 type=0 minimal=0.7739 physics=1.294 total=0.5305
[TRAIN train_prithvi_wxc_conservefm_full_s44] [TRAIN] stage=finetune epoch=1/1 batch=800/3000 step=3800 repair=0.3692 localization=0 type=0 minimal=0.7114 physics=1.084 total=0.4305
[TRAIN train_prithvi_wxc_conservefm_full_s44] [TRAIN] stage=finetune epoch=1/1 batch=810/3000 step=3810 repair=0.1837 localization=0 type=0 minimal=0.562 physics=0.7711 total=0.2279
[TRAIN train_prithvi_wxc_conservefm_full_s44] [TRAIN] stage=finetune epoch=1/1 batch=820/3000 step=3820 repair=0.1112 localization=0 type=0 minimal=0.48 physics=0.9162 total=0.1618
[TRAIN train_prithvi_wxc_conservefm_full_s44] [TRAIN] stage=finetune epoch=1/1 batch=830/3000 step=3830 repair=0.3286 localization=0 type=0 minimal=0.71 physics=0.9843 total=0.3849
[TRAIN train_prithvi_wxc_conservefm_full_s44] [TRAIN] stage=finetune epoch=1/1 batch=840/3000 step=3840 repair=0.3338 localization=0 type=0 minimal=0.6743 physics=1.28 total=0.4045
[TRAIN train_prithvi_wxc_conservefm_full_s44] [TRAIN] stage=finetune epoch=1/1 batch=850/3000 step=3850 repair=0.3517 localization=0 type=0 minimal=0.7134 physics=0.8113 total=0.3994
[TRAIN train_prithvi_wxc_conservefm_full_s44] [TRAIN] stage=finetune epoch=1/1 batch=860/3000 step=3860 repair=0.3035 localization=0 type=0 minimal=0.624 physics=1.413 total=0.3804
[TRAIN train_prithvi_wxc_conservefm_full_s44] [TRAIN] stage=finetune epoch=1/1 batch=870/3000 step=3870 repair=0.2803 localization=0 type=0 minimal=0.6201 physics=0.7964 total=0.3263
[TRAIN train_prithvi_wxc_conservefm_full_s44] [TRAIN] stage=finetune epoch=1/1 batch=880/3000 step=3880 repair=0.2776 localization=0 type=0 minimal=0.6118 physics=1.102 total=0.3389
[TRAIN train_prithvi_wxc_conservefm_full_s44] [TRAIN] stage=finetune epoch=1/1 batch=890/3000 step=3890 repair=0.3585 localization=0 type=0 minimal=0.7119 physics=1.024 total=0.4168
[TRAIN train_prithvi_wxc_conservefm_full_s44] [TRAIN] stage=finetune epoch=1/1 batch=900/3000 step=3900 repair=0.2215 localization=0 type=0 minimal=0.6362 physics=0.7271 total=0.2643
[TRAIN train_prithvi_wxc_conservefm_full_s44] [TRAIN] stage=finetune epoch=1/1 batch=910/3000 step=3910 repair=0.2676 localization=0 type=0 minimal=0.6323 physics=1.196 total=0.3337
[TRAIN train_prithvi_wxc_conservefm_full_s44] [TRAIN] stage=finetune epoch=1/1 batch=920/3000 step=3920 repair=0.1037 localization=0 type=0 minimal=0.4548 physics=0.907 total=0.1536
[TRAIN train_prithvi_wxc_conservefm_full_s44] [TRAIN] stage=finetune epoch=1/1 batch=930/3000 step=3930 repair=0.1645 localization=0 type=0 minimal=0.5396 physics=0.7483 total=0.2073
[TRAIN train_prithvi_wxc_conservefm_full_s44] [TRAIN] stage=finetune epoch=1/1 batch=940/3000 step=3940 repair=0.1817 localization=0 type=0 minimal=0.5532 physics=0.8294 total=0.2287
[TRAIN train_prithvi_wxc_conservefm_full_s44] [TRAIN] stage=finetune epoch=1/1 batch=950/3000 step=3950 repair=0.09771 localization=0 type=0 minimal=0.4592 physics=0.5951 total=0.1321
[TRAIN train_prithvi_wxc_conservefm_full_s44] [TRAIN] stage=finetune epoch=1/1 batch=960/3000 step=3960 repair=0.3783 localization=0 type=0 minimal=0.7173 physics=1.076 total=0.4393
[TRAIN train_prithvi_wxc_conservefm_full_s44] [TRAIN] stage=finetune epoch=1/1 batch=970/3000 step=3970 repair=0.4442 localization=0 type=0 minimal=0.7793 physics=1.206 total=0.5123
[TRAIN train_prithvi_wxc_conservefm_full_s44] [TRAIN] stage=finetune epoch=1/1 batch=980/3000 step=3980 repair=0.1041 localization=0 type=0 minimal=0.4617 physics=0.5586 total=0.1367
[TRAIN train_prithvi_wxc_conservefm_full_s44] [TRAIN] stage=finetune epoch=1/1 batch=990/3000 step=3990 repair=0.1217 localization=0 type=0 minimal=0.4758 physics=0.9491 total=0.1739
[TRAIN train_prithvi_wxc_conservefm_full_s44] [TRAIN] stage=finetune epoch=1/1 batch=1000/3000 step=4000 repair=0.3866 localization=0 type=0 minimal=0.7202 physics=1.188 total=0.4532
[TRAIN train_prithvi_wxc_conservefm_full_s44] [TRAIN] stage=finetune epoch=1/1 batch=1010/3000 step=4010 repair=0.4238 localization=0 type=0 minimal=0.7183 physics=1.676 total=0.5148
[TRAIN train_prithvi_wxc_conservefm_full_s44] [TRAIN] stage=finetune epoch=1/1 batch=1020/3000 step=4020 repair=0.384 localization=0 type=0 minimal=0.7153 physics=1.733 total=0.4778
[TRAIN train_prithvi_wxc_conservefm_full_s44] [TRAIN] stage=finetune epoch=1/1 batch=1030/3000 step=4030 repair=0.1677 localization=0 type=0 minimal=0.5625 physics=0.5221 total=0.1994
[TRAIN train_prithvi_wxc_conservefm_full_s44] [TRAIN] stage=finetune epoch=1/1 batch=1040/3000 step=4040 repair=0.4549 localization=0 type=0 minimal=0.8159 physics=1 total=0.5131
[TRAIN train_prithvi_wxc_conservefm_full_s44] [TRAIN] stage=finetune epoch=1/1 batch=1050/3000 step=4050 repair=0.1747 localization=0 type=0 minimal=0.5737 physics=0.9277 total=0.2268
[TRAIN train_prithvi_wxc_conservefm_full_s44] [TRAIN] stage=finetune epoch=1/1 batch=1060/3000 step=4060 repair=0.09476 localization=0 type=0 minimal=0.4651 physics=1.063 total=0.1525
[TRAIN train_prithvi_wxc_conservefm_full_s44] [TRAIN] stage=finetune epoch=1/1 batch=1070/3000 step=4070 repair=0.1844 localization=0 type=0 minimal=0.564 physics=1.601 total=0.27
[TRAIN train_prithvi_wxc_conservefm_full_s44] [TRAIN] stage=finetune epoch=1/1 batch=1080/3000 step=4080 repair=0.2569 localization=0 type=0 minimal=0.6562 physics=1.144 total=0.3207
[TRAIN train_prithvi_wxc_conservefm_full_s44] [TRAIN] stage=finetune epoch=1/1 batch=1090/3000 step=4090 repair=0.4362 localization=0 type=0 minimal=0.7671 physics=1.258 total=0.5068
[TRAIN train_prithvi_wxc_conservefm_full_s44] [TRAIN] stage=finetune epoch=1/1 batch=1100/3000 step=4100 repair=0.1809 localization=0 type=0 minimal=0.5806 physics=1.361 total=0.2547
[TRAIN train_prithvi_wxc_conservefm_full_s44] [TRAIN] stage=finetune epoch=1/1 batch=1110/3000 step=4110 repair=0.3647 localization=0 type=0 minimal=0.7246 physics=1.193 total=0.4316
[TRAIN train_prithvi_wxc_conservefm_full_s44] [TRAIN] stage=finetune epoch=1/1 batch=1120/3000 step=4120 repair=0.2998 localization=0 type=0 minimal=0.6328 physics=0.9813 total=0.3552
[TRAIN train_prithvi_wxc_conservefm_full_s44] [TRAIN] stage=finetune epoch=1/1 batch=1130/3000 step=4130 repair=0.184 localization=0 type=0 minimal=0.5586 physics=1.397 total=0.2594
[TRAIN train_prithvi_wxc_conservefm_full_s44] [TRAIN] stage=finetune epoch=1/1 batch=1140/3000 step=4140 repair=0.2855 localization=0 type=0 minimal=0.6274 physics=2.392 total=0.4114
[TRAIN train_prithvi_wxc_conservefm_full_s44] [TRAIN] stage=finetune epoch=1/1 batch=1150/3000 step=4150 repair=0.3448 localization=0 type=0 minimal=0.7104 physics=1.701 total=0.4369
[TRAIN train_prithvi_wxc_conservefm_full_s44] [TRAIN] stage=finetune epoch=1/1 batch=1160/3000 step=4160 repair=0.3037 localization=0 type=0 minimal=0.6938 physics=1.783 total=0.3998
[TRAIN train_prithvi_wxc_conservefm_full_s44] [TRAIN] stage=finetune epoch=1/1 batch=1170/3000 step=4170 repair=0.2948 localization=0 type=0 minimal=0.6069 physics=1.582 total=0.3799
[TRAIN train_prithvi_wxc_conservefm_full_s44] [TRAIN] stage=finetune epoch=1/1 batch=1180/3000 step=4180 repair=0.2727 localization=0 type=0 minimal=0.6167 physics=1.27 total=0.3423
[TRAIN train_prithvi_wxc_conservefm_full_s44] [TRAIN] stage=finetune epoch=1/1 batch=1190/3000 step=4190 repair=0.2662 localization=0 type=0 minimal=0.6362 physics=0.9635 total=0.3208
[TRAIN train_prithvi_wxc_conservefm_full_s44] [TRAIN] stage=finetune epoch=1/1 batch=1200/3000 step=4200 repair=0.4636 localization=0 type=0 minimal=0.7842 physics=1.149 total=0.5289
[TRAIN train_prithvi_wxc_conservefm_full_s44] [TRAIN] stage=finetune epoch=1/1 batch=1210/3000 step=4210 repair=0.3314 localization=0 type=0 minimal=0.7456 physics=1.294 total=0.4036
[TRAIN train_prithvi_wxc_conservefm_full_s44] [TRAIN] stage=finetune epoch=1/1 batch=1220/3000 step=4220 repair=0.1049 localization=0 type=0 minimal=0.4565 physics=0.6291 total=0.1409
[TRAIN train_prithvi_wxc_conservefm_full_s44] [TRAIN] stage=finetune epoch=1/1 batch=1230/3000 step=4230 repair=0.2753 localization=0 type=0 minimal=0.6206 physics=1.061 total=0.3345
[TRAIN train_prithvi_wxc_conservefm_full_s44] [TRAIN] stage=finetune epoch=1/1 batch=1240/3000 step=4240 repair=0.2942 localization=0 type=0 minimal=0.6167 physics=1.41 total=0.3709
[TRAIN train_prithvi_wxc_conservefm_full_s44] [TRAIN] stage=finetune epoch=1/1 batch=1250/3000 step=4250 repair=0.2825 localization=0 type=0 minimal=0.6333 physics=1.23 total=0.3503
[TRAIN train_prithvi_wxc_conservefm_full_s44] [TRAIN] stage=finetune epoch=1/1 batch=1260/3000 step=4260 repair=0.2705 localization=0 type=0 minimal=0.6128 physics=0.7386 total=0.3136
[TRAIN train_prithvi_wxc_conservefm_full_s44] [TRAIN] stage=finetune epoch=1/1 batch=1270/3000 step=4270 repair=0.1631 localization=0 type=0 minimal=0.5742 physics=0.8822 total=0.2129
[TRAIN train_prithvi_wxc_conservefm_full_s44] [TRAIN] stage=finetune epoch=1/1 batch=1280/3000 step=4280 repair=0.168 localization=0 type=0 minimal=0.5596 physics=0.9605 total=0.2216
[TRAIN train_prithvi_wxc_conservefm_full_s44] [TRAIN] stage=finetune epoch=1/1 batch=1290/3000 step=4290 repair=0.1739 localization=0 type=0 minimal=0.5693 physics=0.7539 total=0.2173
[TRAIN train_prithvi_wxc_conservefm_full_s44] [TRAIN] stage=finetune epoch=1/1 batch=1300/3000 step=4300 repair=0.09994 localization=0 type=0 minimal=0.4722 physics=1.048 total=0.1571
[TRAIN train_prithvi_wxc_conservefm_full_s44] [TRAIN] stage=finetune epoch=1/1 batch=1310/3000 step=4310 repair=0.3679 localization=0 type=0 minimal=0.7241 physics=0.9683 total=0.4235
[TRAIN train_prithvi_wxc_conservefm_full_s44] [TRAIN] stage=finetune epoch=1/1 batch=1320/3000 step=4320 repair=0.4088 localization=0 type=0 minimal=0.7729 physics=1.111 total=0.472
[TRAIN train_prithvi_wxc_conservefm_full_s44] [TRAIN] stage=finetune epoch=1/1 batch=1330/3000 step=4330 repair=0.2698 localization=0 type=0 minimal=0.6265 physics=1.712 total=0.3617
[TRAIN train_prithvi_wxc_conservefm_full_s44] [TRAIN] stage=finetune epoch=1/1 batch=1340/3000 step=4340 repair=0.3805 localization=0 type=0 minimal=0.728 physics=1.48 total=0.4618
[TRAIN train_prithvi_wxc_conservefm_full_s44] [TRAIN] stage=finetune epoch=1/1 batch=1350/3000 step=4350 repair=0.2232 localization=0 type=0 minimal=0.6499 physics=0.8928 total=0.2743
[TRAIN train_prithvi_wxc_conservefm_full_s44] [TRAIN] stage=finetune epoch=1/1 batch=1360/3000 step=4360 repair=0.1965 localization=0 type=0 minimal=0.5674 physics=0.9973 total=0.2521
[TRAIN train_prithvi_wxc_conservefm_full_s44] [TRAIN] stage=finetune epoch=1/1 batch=1370/3000 step=4370 repair=0.1572 localization=0 type=0 minimal=0.5361 physics=1.027 total=0.2139
[TRAIN train_prithvi_wxc_conservefm_full_s44] [TRAIN] stage=finetune epoch=1/1 batch=1380/3000 step=4380 repair=0.34 localization=0 type=0 minimal=0.7031 physics=1.372 total=0.4156
[TRAIN train_prithvi_wxc_conservefm_full_s44] [TRAIN] stage=finetune epoch=1/1 batch=1390/3000 step=4390 repair=0.2261 localization=0 type=0 minimal=0.6514 physics=0.9045 total=0.2778
[TRAIN train_prithvi_wxc_conservefm_full_s44] [TRAIN] stage=finetune epoch=1/1 batch=1400/3000 step=4400 repair=0.1632 localization=0 type=0 minimal=0.564 physics=0.7837 total=0.208
[TRAIN train_prithvi_wxc_conservefm_full_s44] [TRAIN] stage=finetune epoch=1/1 batch=1410/3000 step=4410 repair=0.2589 localization=0 type=0 minimal=0.6348 physics=1.295 total=0.33
[TRAIN train_prithvi_wxc_conservefm_full_s44] [TRAIN] stage=finetune epoch=1/1 batch=1420/3000 step=4420 repair=0.3409 localization=0 type=0 minimal=0.7422 physics=1.403 total=0.4185
[TRAIN train_prithvi_wxc_conservefm_full_s44] [TRAIN] stage=finetune epoch=1/1 batch=1430/3000 step=4430 repair=0.17 localization=0 type=0 minimal=0.5771 physics=0.5703 total=0.2043
[TRAIN train_prithvi_wxc_conservefm_full_s44] [TRAIN] stage=finetune epoch=1/1 batch=1440/3000 step=4440 repair=0.1698 localization=0 type=0 minimal=0.5684 physics=1.349 total=0.2429
[TRAIN train_prithvi_wxc_conservefm_full_s44] [TRAIN] stage=finetune epoch=1/1 batch=1450/3000 step=4450 repair=0.1031 localization=0 type=0 minimal=0.4846 physics=0.8415 total=0.15
[TRAIN train_prithvi_wxc_conservefm_full_s44] [TRAIN] stage=finetune epoch=1/1 batch=1460/3000 step=4460 repair=0.2161 localization=0 type=0 minimal=0.6431 physics=0.8334 total=0.2642
[TRAIN train_prithvi_wxc_conservefm_full_s44] [TRAIN] stage=finetune epoch=1/1 batch=1470/3000 step=4470 repair=0.09826 localization=0 type=0 minimal=0.4932 physics=1.025 total=0.1544
[TRAIN train_prithvi_wxc_conservefm_full_s44] [TRAIN] stage=finetune epoch=1/1 batch=1480/3000 step=4480 repair=0.1669 localization=0 type=0 minimal=0.5693 physics=1.698 total=0.2575
[TRAIN train_prithvi_wxc_conservefm_full_s44] [TRAIN] stage=finetune epoch=1/1 batch=1490/3000 step=4490 repair=0.3819 localization=0 type=0 minimal=0.7236 physics=1.665 total=0.4724
[TRAIN train_prithvi_wxc_conservefm_full_s44] [TRAIN] stage=finetune epoch=1/1 batch=1500/3000 step=4500 repair=0.2458 localization=0 type=0 minimal=0.6528 physics=1.432 total=0.324
[TRAIN train_prithvi_wxc_conservefm_full_s44] [TRAIN] stage=finetune epoch=1/1 batch=1510/3000 step=4510 repair=0.2562 localization=0 type=0 minimal=0.6611 physics=0.7525 total=0.3005
[TRAIN train_prithvi_wxc_conservefm_full_s44] [TRAIN] stage=finetune epoch=1/1 batch=1520/3000 step=4520 repair=0.1631 localization=0 type=0 minimal=0.5664 physics=1.369 total=0.2372
[TRAIN train_prithvi_wxc_conservefm_full_s44] [TRAIN] stage=finetune epoch=1/1 batch=1530/3000 step=4530 repair=0.281 localization=0 type=0 minimal=0.6274 physics=0.7882 total=0.3267
[TRAIN train_prithvi_wxc_conservefm_full_s44] [TRAIN] stage=finetune epoch=1/1 batch=1540/3000 step=4540 repair=0.2627 localization=0 type=0 minimal=0.6187 physics=1.124 total=0.3251
[TRAIN train_prithvi_wxc_conservefm_full_s44] [TRAIN] stage=finetune epoch=1/1 batch=1550/3000 step=4550 repair=0.1788 localization=0 type=0 minimal=0.5596 physics=1.584 total=0.2636
[TRAIN train_prithvi_wxc_conservefm_full_s44] [TRAIN] stage=finetune epoch=1/1 batch=1560/3000 step=4560 repair=0.31 localization=0 type=0 minimal=0.728 physics=1.474 total=0.391
[TRAIN train_prithvi_wxc_conservefm_full_s44] [TRAIN] stage=finetune epoch=1/1 batch=1570/3000 step=4570 repair=0.3575 localization=0 type=0 minimal=0.728 physics=1.175 total=0.4235
[TRAIN train_prithvi_wxc_conservefm_full_s44] [TRAIN] stage=finetune epoch=1/1 batch=1580/3000 step=4580 repair=0.2616 localization=0 type=0 minimal=0.6138 physics=1.092 total=0.3223
[TRAIN train_prithvi_wxc_conservefm_full_s44] [TRAIN] stage=finetune epoch=1/1 batch=1590/3000 step=4590 repair=0.2314 localization=0 type=0 minimal=0.6562 physics=1.146 total=0.2952
[TRAIN train_prithvi_wxc_conservefm_full_s44] [TRAIN] stage=finetune epoch=1/1 batch=1600/3000 step=4600 repair=0.2703 localization=0 type=0 minimal=0.6201 physics=1.042 total=0.3286
[TRAIN train_prithvi_wxc_conservefm_full_s44] [TRAIN] stage=finetune epoch=1/1 batch=1610/3000 step=4610 repair=0.1608 localization=0 type=0 minimal=0.5698 physics=0.7194 total=0.2025
[TRAIN train_prithvi_wxc_conservefm_full_s44] [TRAIN] stage=finetune epoch=1/1 batch=1620/3000 step=4620 repair=0.3275 localization=0 type=0 minimal=0.707 physics=0.8017 total=0.3747
[TRAIN train_prithvi_wxc_conservefm_full_s44] [TRAIN] stage=finetune epoch=1/1 batch=1630/3000 step=4630 repair=0.2533 localization=0 type=0 minimal=0.6406 physics=0.764 total=0.2979
[TRAIN train_prithvi_wxc_conservefm_full_s44] [TRAIN] stage=finetune epoch=1/1 batch=1640/3000 step=4640 repair=0.2216 localization=0 type=0 minimal=0.6577 physics=0.5723 total=0.2568
[TRAIN train_prithvi_wxc_conservefm_full_s44] [TRAIN] stage=finetune epoch=1/1 batch=1650/3000 step=4650 repair=0.2374 localization=0 type=0 minimal=0.6157 physics=1.251 total=0.3061
[TRAIN train_prithvi_wxc_conservefm_full_s44] [TRAIN] stage=finetune epoch=1/1 batch=1660/3000 step=4660 repair=0.08976 localization=0 type=0 minimal=0.4561 physics=1.579 total=0.1733
[TRAIN train_prithvi_wxc_conservefm_full_s44] [TRAIN] stage=finetune epoch=1/1 batch=1670/3000 step=4670 repair=0.2529 localization=0 type=0 minimal=0.6426 physics=1.449 total=0.3318
[TRAIN train_prithvi_wxc_conservefm_full_s44] [TRAIN] stage=finetune epoch=1/1 batch=1680/3000 step=4680 repair=0.1753 localization=0 type=0 minimal=0.5571 physics=1.563 total=0.259
[TRAIN train_prithvi_wxc_conservefm_full_s44] [TRAIN] stage=finetune epoch=1/1 batch=1690/3000 step=4690 repair=0.09963 localization=0 type=0 minimal=0.4741 physics=0.6113 total=0.1349
[TRAIN train_prithvi_wxc_conservefm_full_s44] [TRAIN] stage=finetune epoch=1/1 batch=1700/3000 step=4700 repair=0.1636 localization=0 type=0 minimal=0.5601 physics=0.786 total=0.2085
[TRAIN train_prithvi_wxc_conservefm_full_s44] [TRAIN] stage=finetune epoch=1/1 batch=1710/3000 step=4710 repair=0.09178 localization=0 type=0 minimal=0.4724 physics=0.5556 total=0.1243
[TRAIN train_prithvi_wxc_conservefm_full_s44] [TRAIN] stage=finetune epoch=1/1 batch=1720/3000 step=4720 repair=0.1657 localization=0 type=0 minimal=0.5854 physics=0.5847 total=0.2008
[TRAIN train_prithvi_wxc_conservefm_full_s44] [TRAIN] stage=finetune epoch=1/1 batch=1730/3000 step=4730 repair=0.3383 localization=0 type=0 minimal=0.7344 physics=1.692 total=0.4302
[TRAIN train_prithvi_wxc_conservefm_full_s44] [TRAIN] stage=finetune epoch=1/1 batch=1740/3000 step=4740 repair=0.2705 localization=0 type=0 minimal=0.6265 physics=1.237 total=0.3386
[TRAIN train_prithvi_wxc_conservefm_full_s44] [TRAIN] stage=finetune epoch=1/1 batch=1750/3000 step=4750 repair=0.2175 localization=0 type=0 minimal=0.6606 physics=1.543 total=0.3012
[TRAIN train_prithvi_wxc_conservefm_full_s44] [TRAIN] stage=finetune epoch=1/1 batch=1760/3000 step=4760 repair=0.09641 localization=0 type=0 minimal=0.4761 physics=1.298 total=0.1661
[TRAIN train_prithvi_wxc_conservefm_full_s44] [TRAIN] stage=finetune epoch=1/1 batch=1770/3000 step=4770 repair=0.3404 localization=0 type=0 minimal=0.7075 physics=1.585 total=0.4267
[TRAIN train_prithvi_wxc_conservefm_full_s44] [TRAIN] stage=finetune epoch=1/1 batch=1780/3000 step=4780 repair=0.1751 localization=0 type=0 minimal=0.5557 physics=0.882 total=0.2248
[TRAIN train_prithvi_wxc_conservefm_full_s44] [TRAIN] stage=finetune epoch=1/1 batch=1790/3000 step=4790 repair=0.3284 localization=0 type=0 minimal=0.7183 physics=1.463 total=0.4087
[TRAIN train_prithvi_wxc_conservefm_full_s44] [TRAIN] stage=finetune epoch=1/1 batch=1800/3000 step=4800 repair=0.2322 localization=0 type=0 minimal=0.6768 physics=1.315 total=0.3047
[TRAIN train_prithvi_wxc_conservefm_full_s44] [TRAIN] stage=finetune epoch=1/1 batch=1810/3000 step=4810 repair=0.4108 localization=0 type=0 minimal=0.791 physics=1.072 total=0.4723
[TRAIN train_prithvi_wxc_conservefm_full_s44] [TRAIN] stage=finetune epoch=1/1 batch=1820/3000 step=4820 repair=0.3382 localization=0 type=0 minimal=0.7373 physics=1.034 total=0.3972
[TRAIN train_prithvi_wxc_conservefm_full_s44] [TRAIN] stage=finetune epoch=1/1 batch=1830/3000 step=4830 repair=0.2361 localization=0 type=0 minimal=0.686 physics=0.8423 total=0.2851
[TRAIN train_prithvi_wxc_conservefm_full_s44] [TRAIN] stage=finetune epoch=1/1 batch=1840/3000 step=4840 repair=0.2658 localization=0 type=0 minimal=0.6045 physics=0.9709 total=0.3204
[TRAIN train_prithvi_wxc_conservefm_full_s44] [TRAIN] stage=finetune epoch=1/1 batch=1850/3000 step=4850 repair=0.3532 localization=0 type=0 minimal=0.7324 physics=0.9271 total=0.4069
[TRAIN train_prithvi_wxc_conservefm_full_s44] [TRAIN] stage=finetune epoch=1/1 batch=1860/3000 step=4860 repair=0.2554 localization=0 type=0 minimal=0.6318 physics=1.133 total=0.3184
[TRAIN train_prithvi_wxc_conservefm_full_s44] [TRAIN] stage=finetune epoch=1/1 batch=1870/3000 step=4870 repair=0.3039 localization=0 type=0 minimal=0.7046 physics=0.9302 total=0.3575
[TRAIN train_prithvi_wxc_conservefm_full_s44] [TRAIN] stage=finetune epoch=1/1 batch=1880/3000 step=4880 repair=0.2602 localization=0 type=0 minimal=0.6313 physics=1.025 total=0.3178
[TRAIN train_prithvi_wxc_conservefm_full_s44] [TRAIN] stage=finetune epoch=1/1 batch=1890/3000 step=4890 repair=0.2412 localization=0 type=0 minimal=0.625 physics=0.9425 total=0.2945
[TRAIN train_prithvi_wxc_conservefm_full_s44] [TRAIN] stage=finetune epoch=1/1 batch=1900/3000 step=4900 repair=0.1029 localization=0 type=0 minimal=0.4912 physics=1.015 total=0.1585
[TRAIN train_prithvi_wxc_conservefm_full_s44] [TRAIN] stage=finetune epoch=1/1 batch=1910/3000 step=4910 repair=0.09197 localization=0 type=0 minimal=0.4812 physics=0.8928 total=0.1414
[TRAIN train_prithvi_wxc_conservefm_full_s44] [TRAIN] stage=finetune epoch=1/1 batch=1920/3000 step=4920 repair=0.2408 localization=0 type=0 minimal=0.6328 physics=0.9286 total=0.2935
[TRAIN train_prithvi_wxc_conservefm_full_s44] [TRAIN] stage=finetune epoch=1/1 batch=1930/3000 step=4930 repair=0.2566 localization=0 type=0 minimal=0.6504 physics=0.8803 total=0.3071
[TRAIN train_prithvi_wxc_conservefm_full_s44] [TRAIN] stage=finetune epoch=1/1 batch=1940/3000 step=4940 repair=0.2286 localization=0 type=0 minimal=0.6484 physics=0.8903 total=0.2796
[TRAIN train_prithvi_wxc_conservefm_full_s44] [TRAIN] stage=finetune epoch=1/1 batch=1950/3000 step=4950 repair=0.2808 localization=0 type=0 minimal=0.6338 physics=0.8774 total=0.331
[TRAIN train_prithvi_wxc_conservefm_full_s44] [TRAIN] stage=finetune epoch=1/1 batch=1960/3000 step=4960 repair=0.264 localization=0 type=0 minimal=0.6343 physics=0.8153 total=0.3111
[TRAIN train_prithvi_wxc_conservefm_full_s44] [TRAIN] stage=finetune epoch=1/1 batch=1970/3000 step=4970 repair=0.2157 localization=0 type=0 minimal=0.6445 physics=0.7488 total=0.2596
[TRAIN train_prithvi_wxc_conservefm_full_s44] [TRAIN] stage=finetune epoch=1/1 batch=1980/3000 step=4980 repair=0.2236 localization=0 type=0 minimal=0.6538 physics=1.207 total=0.2905
[TRAIN train_prithvi_wxc_conservefm_full_s44] [TRAIN] stage=finetune epoch=1/1 batch=1990/3000 step=4990 repair=0.1943 localization=0 type=0 minimal=0.5615 physics=0.862 total=0.2431
[TRAIN train_prithvi_wxc_conservefm_full_s44] [TRAIN] stage=finetune epoch=1/1 batch=2000/3000 step=5000 repair=0.3271 localization=0 type=0 minimal=0.7402 physics=0.951 total=0.382
[TRAIN train_prithvi_wxc_conservefm_full_s44] [TRAIN] stage=finetune epoch=1/1 batch=2010/3000 step=5010 repair=0.2871 localization=0 type=0 minimal=0.6245 physics=1.017 total=0.3442
[TRAIN train_prithvi_wxc_conservefm_full_s44] [TRAIN] stage=finetune epoch=1/1 batch=2020/3000 step=5020 repair=0.1586 localization=0 type=0 minimal=0.5752 physics=0.7363 total=0.2012
[TRAIN train_prithvi_wxc_conservefm_full_s44] [TRAIN] stage=finetune epoch=1/1 batch=2030/3000 step=5030 repair=0.4269 localization=0 type=0 minimal=0.7822 physics=1.174 total=0.4935
[TRAIN train_prithvi_wxc_conservefm_full_s44] [TRAIN] stage=finetune epoch=1/1 batch=2040/3000 step=5040 repair=0.3981 localization=0 type=0 minimal=0.7847 physics=1.207 total=0.4663
[TRAIN train_prithvi_wxc_conservefm_full_s44] [TRAIN] stage=finetune epoch=1/1 batch=2050/3000 step=5050 repair=0.0876 localization=0 type=0 minimal=0.4695 physics=0.8665 total=0.1356
[TRAIN train_prithvi_wxc_conservefm_full_s44] [TRAIN] stage=finetune epoch=1/1 batch=2060/3000 step=5060 repair=0.1476 localization=0 type=0 minimal=0.5596 physics=0.7155 total=0.189
[TRAIN train_prithvi_wxc_conservefm_full_s44] [TRAIN] stage=finetune epoch=1/1 batch=2070/3000 step=5070 repair=0.2435 localization=0 type=0 minimal=0.6807 physics=0.778 total=0.2892
[TRAIN train_prithvi_wxc_conservefm_full_s44] [TRAIN] stage=finetune epoch=1/1 batch=2080/3000 step=5080 repair=0.08961 localization=0 type=0 minimal=0.489 physics=0.9821 total=0.1436
[TRAIN train_prithvi_wxc_conservefm_full_s44] [TRAIN] stage=finetune epoch=1/1 batch=2090/3000 step=5090 repair=0.4261 localization=0 type=0 minimal=0.793 physics=1.975 total=0.5328
[TRAIN train_prithvi_wxc_conservefm_full_s44] [TRAIN] stage=finetune epoch=1/1 batch=2100/3000 step=5100 repair=0.3223 localization=0 type=0 minimal=0.7197 physics=1.249 total=0.3919
[TRAIN train_prithvi_wxc_conservefm_full_s44] [TRAIN] stage=finetune epoch=1/1 batch=2110/3000 step=5110 repair=0.2524 localization=0 type=0 minimal=0.6245 physics=1.064 total=0.3118
[TRAIN train_prithvi_wxc_conservefm_full_s44] [TRAIN] stage=finetune epoch=1/1 batch=2120/3000 step=5120 repair=0.1753 localization=0 type=0 minimal=0.5962 physics=0.7645 total=0.2195
[TRAIN train_prithvi_wxc_conservefm_full_s44] [TRAIN] stage=finetune epoch=1/1 batch=2130/3000 step=5130 repair=0.2723 localization=0 type=0 minimal=0.6172 physics=1.3 total=0.3435
[TRAIN train_prithvi_wxc_conservefm_full_s44] [TRAIN] stage=finetune epoch=1/1 batch=2140/3000 step=5140 repair=0.3465 localization=0 type=0 minimal=0.7217 physics=1.129 total=0.4102
[TRAIN train_prithvi_wxc_conservefm_full_s44] [TRAIN] stage=finetune epoch=1/1 batch=2150/3000 step=5150 repair=0.1494 localization=0 type=0 minimal=0.5454 physics=0.9639 total=0.203
[TRAIN train_prithvi_wxc_conservefm_full_s44] [TRAIN] stage=finetune epoch=1/1 batch=2160/3000 step=5160 repair=0.2459 localization=0 type=0 minimal=0.646 physics=0.9149 total=0.2981
[TRAIN train_prithvi_wxc_conservefm_full_s44] [TRAIN] stage=finetune epoch=1/1 batch=2170/3000 step=5170 repair=0.3682 localization=0 type=0 minimal=0.7363 physics=1.359 total=0.4435
[TRAIN train_prithvi_wxc_conservefm_full_s44] [TRAIN] stage=finetune epoch=1/1 batch=2180/3000 step=5180 repair=0.1785 localization=0 type=0 minimal=0.5874 physics=1.189 total=0.2438
[TRAIN train_prithvi_wxc_conservefm_full_s44] [TRAIN] stage=finetune epoch=1/1 batch=2190/3000 step=5190 repair=0.1716 localization=0 type=0 minimal=0.563 physics=0.8994 total=0.2222
[TRAIN train_prithvi_wxc_conservefm_full_s44] [TRAIN] stage=finetune epoch=1/1 batch=2200/3000 step=5200 repair=0.2433 localization=0 type=0 minimal=0.6274 physics=1.149 total=0.3071
[TRAIN train_prithvi_wxc_conservefm_full_s44] [TRAIN] stage=finetune epoch=1/1 batch=2210/3000 step=5210 repair=0.1448 localization=0 type=0 minimal=0.5581 physics=0.8629 total=0.1936
[TRAIN train_prithvi_wxc_conservefm_full_s44] [TRAIN] stage=finetune epoch=1/1 batch=2220/3000 step=5220 repair=0.2583 localization=0 type=0 minimal=0.6372 physics=0.7486 total=0.3021
[TRAIN train_prithvi_wxc_conservefm_full_s44] [TRAIN] stage=finetune epoch=1/1 batch=2230/3000 step=5230 repair=0.2398 localization=0 type=0 minimal=0.6816 physics=0.6268 total=0.278
[TRAIN train_prithvi_wxc_conservefm_full_s44] [TRAIN] stage=finetune epoch=1/1 batch=2240/3000 step=5240 repair=0.1478 localization=0 type=0 minimal=0.5688 physics=0.592 total=0.183
[TRAIN train_prithvi_wxc_conservefm_full_s44] [TRAIN] stage=finetune epoch=1/1 batch=2250/3000 step=5250 repair=0.1457 localization=0 type=0 minimal=0.5562 physics=0.9028 total=0.1964
[TRAIN train_prithvi_wxc_conservefm_full_s44] [TRAIN] stage=finetune epoch=1/1 batch=2260/3000 step=5260 repair=0.1599 localization=0 type=0 minimal=0.5752 physics=0.9274 total=0.212
[TRAIN train_prithvi_wxc_conservefm_full_s44] [TRAIN] stage=finetune epoch=1/1 batch=2270/3000 step=5270 repair=0.279 localization=0 type=0 minimal=0.6392 physics=0.6674 total=0.3188
[TRAIN train_prithvi_wxc_conservefm_full_s44] [TRAIN] stage=finetune epoch=1/1 batch=2280/3000 step=5280 repair=0.4409 localization=0 type=0 minimal=0.7988 physics=0.8364 total=0.4907
[TRAIN train_prithvi_wxc_conservefm_full_s44] [TRAIN] stage=finetune epoch=1/1 batch=2290/3000 step=5290 repair=0.2493 localization=0 type=0 minimal=0.6392 physics=0.6588 total=0.2886
[TRAIN train_prithvi_wxc_conservefm_full_s44] [TRAIN] stage=finetune epoch=1/1 batch=2300/3000 step=5300 repair=0.2724 localization=0 type=0 minimal=0.6592 physics=0.7139 total=0.3147
[TRAIN train_prithvi_wxc_conservefm_full_s44] [TRAIN] stage=finetune epoch=1/1 batch=2310/3000 step=5310 repair=0.2397 localization=0 type=0 minimal=0.6626 physics=0.6013 total=0.2764
[TRAIN train_prithvi_wxc_conservefm_full_s44] [TRAIN] stage=finetune epoch=1/1 batch=2320/3000 step=5320 repair=0.2015 localization=0 type=0 minimal=0.6597 physics=0.9566 total=0.2559
[TRAIN train_prithvi_wxc_conservefm_full_s44] [TRAIN] stage=finetune epoch=1/1 batch=2330/3000 step=5330 repair=0.1479 localization=0 type=0 minimal=0.5684 physics=0.8736 total=0.1973
[TRAIN train_prithvi_wxc_conservefm_full_s44] [TRAIN] stage=finetune epoch=1/1 batch=2340/3000 step=5340 repair=0.3598 localization=0 type=0 minimal=0.7471 physics=1.089 total=0.4217
[TRAIN train_prithvi_wxc_conservefm_full_s44] [TRAIN] stage=finetune epoch=1/1 batch=2350/3000 step=5350 repair=0.2422 localization=0 type=0 minimal=0.6416 physics=0.9478 total=0.296
[TRAIN train_prithvi_wxc_conservefm_full_s44] [TRAIN] stage=finetune epoch=1/1 batch=2360/3000 step=5360 repair=0.3319 localization=0 type=0 minimal=0.7314 physics=1.291 total=0.4038
[TRAIN train_prithvi_wxc_conservefm_full_s44] [TRAIN] stage=finetune epoch=1/1 batch=2370/3000 step=5370 repair=0.275 localization=0 type=0 minimal=0.6489 physics=0.9626 total=0.3296
[TRAIN train_prithvi_wxc_conservefm_full_s44] [TRAIN] stage=finetune epoch=1/1 batch=2380/3000 step=5380 repair=0.3232 localization=0 type=0 minimal=0.7271 physics=0.7273 total=0.3668
[TRAIN train_prithvi_wxc_conservefm_full_s44] [TRAIN] stage=finetune epoch=1/1 batch=2390/3000 step=5390 repair=0.324 localization=0 type=0 minimal=0.7441 physics=0.9366 total=0.3782
[TRAIN train_prithvi_wxc_conservefm_full_s44] [TRAIN] stage=finetune epoch=1/1 batch=2400/3000 step=5400 repair=0.3093 localization=0 type=0 minimal=0.7446 physics=0.6883 total=0.3511
[TRAIN train_prithvi_wxc_conservefm_full_s44] [TRAIN] stage=finetune epoch=1/1 batch=2410/3000 step=5410 repair=0.1745 localization=0 type=0 minimal=0.5786 physics=0.7695 total=0.2188
[TRAIN train_prithvi_wxc_conservefm_full_s44] [TRAIN] stage=finetune epoch=1/1 batch=2420/3000 step=5420 repair=0.3761 localization=0 type=0 minimal=0.73 physics=1.043 total=0.4356
[TRAIN train_prithvi_wxc_conservefm_full_s44] [TRAIN] stage=finetune epoch=1/1 batch=2430/3000 step=5430 repair=0.3202 localization=0 type=0 minimal=0.7256 physics=0.8976 total=0.3723
[TRAIN train_prithvi_wxc_conservefm_full_s44] [TRAIN] stage=finetune epoch=1/1 batch=2440/3000 step=5440 repair=0.1603 localization=0 type=0 minimal=0.5825 physics=0.6995 total=0.2011
[TRAIN train_prithvi_wxc_conservefm_full_s44] [TRAIN] stage=finetune epoch=1/1 batch=2450/3000 step=5450 repair=0.2231 localization=0 type=0 minimal=0.6782 physics=0.5208 total=0.2559
[TRAIN train_prithvi_wxc_conservefm_full_s44] [TRAIN] stage=finetune epoch=1/1 batch=2460/3000 step=5460 repair=0.2375 localization=0 type=0 minimal=0.6626 physics=0.837 total=0.286
[TRAIN train_prithvi_wxc_conservefm_full_s44] [TRAIN] stage=finetune epoch=1/1 batch=2470/3000 step=5470 repair=0.2986 localization=0 type=0 minimal=0.7061 physics=0.5689 total=0.3341
[TRAIN train_prithvi_wxc_conservefm_full_s44] [TRAIN] stage=finetune epoch=1/1 batch=2480/3000 step=5480 repair=0.4071 localization=0 type=0 minimal=0.7998 physics=0.8673 total=0.4585
[TRAIN train_prithvi_wxc_conservefm_full_s44] [TRAIN] stage=finetune epoch=1/1 batch=2490/3000 step=5490 repair=0.1624 localization=0 type=0 minimal=0.5713 physics=1.004 total=0.2183
[TRAIN train_prithvi_wxc_conservefm_full_s44] [TRAIN] stage=finetune epoch=1/1 batch=2500/3000 step=5500 repair=0.2501 localization=0 type=0 minimal=0.6396 physics=1.202 total=0.3166
[TRAIN train_prithvi_wxc_conservefm_full_s44] [TRAIN] stage=finetune epoch=1/1 batch=2510/3000 step=5510 repair=0.1751 localization=0 type=0 minimal=0.5586 physics=0.5689 total=0.2092
[TRAIN train_prithvi_wxc_conservefm_full_s44] [TRAIN] stage=finetune epoch=1/1 batch=2520/3000 step=5520 repair=0.08611 localization=0 type=0 minimal=0.4944 physics=0.759 total=0.129
[TRAIN train_prithvi_wxc_conservefm_full_s44] [TRAIN] stage=finetune epoch=1/1 batch=2530/3000 step=5530 repair=0.21 localization=0 type=0 minimal=0.6582 physics=0.7361 total=0.2534
[TRAIN train_prithvi_wxc_conservefm_full_s44] [TRAIN] stage=finetune epoch=1/1 batch=2540/3000 step=5540 repair=0.2162 localization=0 type=0 minimal=0.667 physics=0.5566 total=0.2507
[TRAIN train_prithvi_wxc_conservefm_full_s44] [TRAIN] stage=finetune epoch=1/1 batch=2550/3000 step=5550 repair=0.3444 localization=0 type=0 minimal=0.7354 physics=0.9186 total=0.3977
[TRAIN train_prithvi_wxc_conservefm_full_s44] [TRAIN] stage=finetune epoch=1/1 batch=2560/3000 step=5560 repair=0.2582 localization=0 type=0 minimal=0.624 physics=1.129 total=0.3209
[TRAIN train_prithvi_wxc_conservefm_full_s44] [TRAIN] stage=finetune epoch=1/1 batch=2570/3000 step=5570 repair=0.2929 localization=0 type=0 minimal=0.7324 physics=1.235 total=0.3619
[TRAIN train_prithvi_wxc_conservefm_full_s44] [TRAIN] stage=finetune epoch=1/1 batch=2580/3000 step=5580 repair=0.1506 localization=0 type=0 minimal=0.5894 physics=0.5107 total=0.182
[TRAIN train_prithvi_wxc_conservefm_full_s44] [TRAIN] stage=finetune epoch=1/1 batch=2590/3000 step=5590 repair=0.3275 localization=0 type=0 minimal=0.7085 physics=1.077 total=0.3884
[TRAIN train_prithvi_wxc_conservefm_full_s44] [TRAIN] stage=finetune epoch=1/1 batch=2600/3000 step=5600 repair=0.4108 localization=0 type=0 minimal=0.8169 physics=0.81 total=0.4594
[TRAIN train_prithvi_wxc_conservefm_full_s44] [TRAIN] stage=finetune epoch=1/1 batch=2610/3000 step=5610 repair=0.3288 localization=0 type=0 minimal=0.728 physics=0.7981 total=0.376
[TRAIN train_prithvi_wxc_conservefm_full_s44] [TRAIN] stage=finetune epoch=1/1 batch=2620/3000 step=5620 repair=0.08796 localization=0 type=0 minimal=0.4819 physics=0.654 total=0.1255
[TRAIN train_prithvi_wxc_conservefm_full_s44] [TRAIN] stage=finetune epoch=1/1 batch=2630/3000 step=5630 repair=0.2116 localization=0 type=0 minimal=0.6118 physics=0.7433 total=0.2549
[TRAIN train_prithvi_wxc_conservefm_full_s44] [TRAIN] stage=finetune epoch=1/1 batch=2640/3000 step=5640 repair=0.2069 localization=0 type=0 minimal=0.6509 physics=0.6134 total=0.244
[TRAIN train_prithvi_wxc_conservefm_full_s44] [TRAIN] stage=finetune epoch=1/1 batch=2650/3000 step=5650 repair=0.4187 localization=0 type=0 minimal=0.7983 physics=0.6339 total=0.4583
[TRAIN train_prithvi_wxc_conservefm_full_s44] [TRAIN] stage=finetune epoch=1/1 batch=2660/3000 step=5660 repair=0.1587 localization=0 type=0 minimal=0.5732 physics=0.5053 total=0.1897
[TRAIN train_prithvi_wxc_conservefm_full_s44] [TRAIN] stage=finetune epoch=1/1 batch=2670/3000 step=5670 repair=0.4571 localization=0 type=0 minimal=0.7852 physics=0.6946 total=0.4997
[TRAIN train_prithvi_wxc_conservefm_full_s44] [TRAIN] stage=finetune epoch=1/1 batch=2680/3000 step=5680 repair=0.1623 localization=0 type=0 minimal=0.5625 physics=0.8237 total=0.2091
[TRAIN train_prithvi_wxc_conservefm_full_s44] [TRAIN] stage=finetune epoch=1/1 batch=2690/3000 step=5690 repair=0.1671 localization=0 type=0 minimal=0.5762 physics=0.8245 total=0.2141
[TRAIN train_prithvi_wxc_conservefm_full_s44] [TRAIN] stage=finetune epoch=1/1 batch=2700/3000 step=5700 repair=0.1474 localization=0 type=0 minimal=0.5698 physics=0.8645 total=0.1964
[TRAIN train_prithvi_wxc_conservefm_full_s44] [TRAIN] stage=finetune epoch=1/1 batch=2710/3000 step=5710 repair=0.3223 localization=0 type=0 minimal=0.7217 physics=0.8463 total=0.3719
[TRAIN train_prithvi_wxc_conservefm_full_s44] [TRAIN] stage=finetune epoch=1/1 batch=2720/3000 step=5720 repair=0.3624 localization=0 type=0 minimal=0.811 physics=0.9391 total=0.4175
[TRAIN train_prithvi_wxc_conservefm_full_s44] [TRAIN] stage=finetune epoch=1/1 batch=2730/3000 step=5730 repair=0.3364 localization=0 type=0 minimal=0.73 physics=0.7625 total=0.3818
[TRAIN train_prithvi_wxc_conservefm_full_s44] [TRAIN] stage=finetune epoch=1/1 batch=2740/3000 step=5740 repair=0.09711 localization=0 type=0 minimal=0.4951 physics=0.6178 total=0.1329
[TRAIN train_prithvi_wxc_conservefm_full_s44] [TRAIN] stage=finetune epoch=1/1 batch=2750/3000 step=5750 repair=0.1603 localization=0 type=0 minimal=0.5747 physics=0.9015 total=0.2111
[TRAIN train_prithvi_wxc_conservefm_full_s44] [TRAIN] stage=finetune epoch=1/1 batch=2760/3000 step=5760 repair=0.1591 localization=0 type=0 minimal=0.5845 physics=0.7674 total=0.2033
[TRAIN train_prithvi_wxc_conservefm_full_s44] [TRAIN] stage=finetune epoch=1/1 batch=2770/3000 step=5770 repair=0.2338 localization=0 type=0 minimal=0.6689 physics=0.7051 total=0.2758
[TRAIN train_prithvi_wxc_conservefm_full_s44] [TRAIN] stage=finetune epoch=1/1 batch=2780/3000 step=5780 repair=0.3122 localization=0 type=0 minimal=0.7261 physics=0.8364 total=0.3613
[TRAIN train_prithvi_wxc_conservefm_full_s44] [TRAIN] stage=finetune epoch=1/1 batch=2790/3000 step=5790 repair=0.141 localization=0 type=0 minimal=0.5679 physics=1.229 total=0.2082
[TRAIN train_prithvi_wxc_conservefm_full_s44] [TRAIN] stage=finetune epoch=1/1 batch=2800/3000 step=5800 repair=0.3278 localization=0 type=0 minimal=0.7378 physics=1.293 total=0.3999
[TRAIN train_prithvi_wxc_conservefm_full_s44] [TRAIN] stage=finetune epoch=1/1 batch=2810/3000 step=5810 repair=0.32 localization=0 type=0 minimal=0.7085 physics=1.355 total=0.3948
[TRAIN train_prithvi_wxc_conservefm_full_s44] [TRAIN] stage=finetune epoch=1/1 batch=2820/3000 step=5820 repair=0.2388 localization=0 type=0 minimal=0.626 physics=1.355 total=0.3128
[TRAIN train_prithvi_wxc_conservefm_full_s44] [TRAIN] stage=finetune epoch=1/1 batch=2830/3000 step=5830 repair=0.2152 localization=0 type=0 minimal=0.647 physics=0.8578 total=0.2646
[TRAIN train_prithvi_wxc_conservefm_full_s44] [TRAIN] stage=finetune epoch=1/1 batch=2840/3000 step=5840 repair=0.1639 localization=0 type=0 minimal=0.5669 physics=1.414 total=0.2403
[TRAIN train_prithvi_wxc_conservefm_full_s44] [TRAIN] stage=finetune epoch=1/1 batch=2850/3000 step=5850 repair=0.3064 localization=0 type=0 minimal=0.7314 physics=0.9593 total=0.3616
[TRAIN train_prithvi_wxc_conservefm_full_s44] [TRAIN] stage=finetune epoch=1/1 batch=2860/3000 step=5860 repair=0.246 localization=0 type=0 minimal=0.6421 physics=0.7602 total=0.2905
[TRAIN train_prithvi_wxc_conservefm_full_s44] [TRAIN] stage=finetune epoch=1/1 batch=2870/3000 step=5870 repair=0.09367 localization=0 type=0 minimal=0.4971 physics=1.017 total=0.1495
[TRAIN train_prithvi_wxc_conservefm_full_s44] [TRAIN] stage=finetune epoch=1/1 batch=2880/3000 step=5880 repair=0.2691 localization=0 type=0 minimal=0.6079 physics=0.9432 total=0.3224
[TRAIN train_prithvi_wxc_conservefm_full_s44] [TRAIN] stage=finetune epoch=1/1 batch=2890/3000 step=5890 repair=0.1452 localization=0 type=0 minimal=0.5679 physics=1.039 total=0.2028
[TRAIN train_prithvi_wxc_conservefm_full_s44] [TRAIN] stage=finetune epoch=1/1 batch=2900/3000 step=5900 repair=0.2642 localization=0 type=0 minimal=0.7031 physics=0.9729 total=0.3198
[TRAIN train_prithvi_wxc_conservefm_full_s44] [TRAIN] stage=finetune epoch=1/1 batch=2910/3000 step=5910 repair=0.2984 localization=0 type=0 minimal=0.7471 physics=1.479 total=0.3799
[TRAIN train_prithvi_wxc_conservefm_full_s44] [TRAIN] stage=finetune epoch=1/1 batch=2920/3000 step=5920 repair=0.3045 localization=0 type=0 minimal=0.7407 physics=0.7759 total=0.3507
[TRAIN train_prithvi_wxc_conservefm_full_s44] [TRAIN] stage=finetune epoch=1/1 batch=2930/3000 step=5930 repair=0.08754 localization=0 type=0 minimal=0.4795 physics=1.023 total=0.1435
[TRAIN train_prithvi_wxc_conservefm_full_s44] [TRAIN] stage=finetune epoch=1/1 batch=2940/3000 step=5940 repair=0.1407 localization=0 type=0 minimal=0.5674 physics=0.7569 total=0.1842
[TRAIN train_prithvi_wxc_conservefm_full_s44] [TRAIN] stage=finetune epoch=1/1 batch=2950/3000 step=5950 repair=0.3186 localization=0 type=0 minimal=0.7192 physics=1.009 total=0.3763
[TRAIN train_prithvi_wxc_conservefm_full_s44] [TRAIN] stage=finetune epoch=1/1 batch=2960/3000 step=5960 repair=0.4042 localization=0 type=0 minimal=0.7905 physics=0.8023 total=0.4522
[TRAIN train_prithvi_wxc_conservefm_full_s44] [TRAIN] stage=finetune epoch=1/1 batch=2970/3000 step=5970 repair=0.1478 localization=0 type=0 minimal=0.5884 physics=0.8607 total=0.1967
[TRAIN train_prithvi_wxc_conservefm_full_s44] [TRAIN] stage=finetune epoch=1/1 batch=2980/3000 step=5980 repair=0.3037 localization=0 type=0 minimal=0.7485 physics=0.7956 total=0.3509
[TRAIN train_prithvi_wxc_conservefm_full_s44] [TRAIN] stage=finetune epoch=1/1 batch=2990/3000 step=5990 repair=0.3075 localization=0 type=0 minimal=0.7246 physics=1.061 total=0.3678
[TRAIN train_prithvi_wxc_conservefm_full_s44] [TRAIN] stage=finetune epoch=1/1 batch=3000/3000 step=6000 repair=0.4079 localization=0 type=0 minimal=0.7979 physics=1.525 total=0.4921
[TRAIN train_prithvi_wxc_conservefm_full_s44] [EPOCH] {'stage': 'finetune', 'epoch': 0, 'global_step': 6000, 'train_total': 0.45197102110584575, 'val_repair_mse': 0.24117667647078633, 'elapsed_seconds': 4266.15}
[TRAIN train_prithvi_wxc_conservefm_full_s44] [BEST] val_repair_mse=0.241177
[TRAIN train_prithvi_wxc_conservefm_full_s44] [TRAIN COMPLETE] {
[TRAIN train_prithvi_wxc_conservefm_full_s44]   "run_id": "prelim20_train_prithvi_wxc_conservefm_full_s44",
[TRAIN train_prithvi_wxc_conservefm_full_s44]   "status": "completed",
[TRAIN train_prithvi_wxc_conservefm_full_s44]   "method": "conservefm_full",
[TRAIN train_prithvi_wxc_conservefm_full_s44]   "backbone": "prithvi_wxc",
[TRAIN train_prithvi_wxc_conservefm_full_s44]   "seed": 44,
[TRAIN train_prithvi_wxc_conservefm_full_s44]   "forecast_provider": "zarr_frozen_fm",
[TRAIN train_prithvi_wxc_conservefm_full_s44]   "best_val_repair_mse": 0.24117667647078633,
[TRAIN train_prithvi_wxc_conservefm_full_s44]   "global_step": 6000,
[TRAIN train_prithvi_wxc_conservefm_full_s44]   "elapsed_seconds": 4266.34,
[TRAIN train_prithvi_wxc_conservefm_full_s44]   "checkpoint_best": "/home/tahiti/ConserveFM/runs/prelim20_train/train_prithvi_wxc_conservefm_full_s44/checkpoint_best.pt",
[TRAIN train_prithvi_wxc_conservefm_full_s44]   "checkpoint_last": "/home/tahiti/ConserveFM/runs/prelim20_train/train_prithvi_wxc_conservefm_full_s44/checkpoint_last.pt"
[TRAIN train_prithvi_wxc_conservefm_full_s44] }
