[TRAIN train_climax_no_moisture_corruption_s42] [SETUP] device=cuda
[TRAIN train_climax_no_moisture_corruption_s42] [SETUP] run_id=prelim20_train_climax_no_moisture_corruption_s42 method=no_moisture_corruption backbone=climax
[TRAIN train_climax_no_moisture_corruption_s42] [FORECAST] using frozen forecast cache: /home/tahiti/ConserveFM/forecasts/climax.zarr
[TRAIN train_climax_no_moisture_corruption_s42] [STAGE] pretrain epochs=1 start_epoch=0
[TRAIN train_climax_no_moisture_corruption_s42] [TRAIN] stage=pretrain epoch=1/1 batch=10/3000 step=10 repair=0.03955 localization=0.5239 type=2.006 minimal=0.1449 physics=2.196 total=0.6232
[TRAIN train_climax_no_moisture_corruption_s42] [TRAIN] stage=pretrain epoch=1/1 batch=20/3000 step=20 repair=0.02383 localization=0.3637 type=1.636 minimal=0.09442 physics=1.385 total=0.4679
[TRAIN train_climax_no_moisture_corruption_s42] [TRAIN] stage=pretrain epoch=1/1 batch=30/3000 step=30 repair=0.01433 localization=0.3067 type=2.191 minimal=0.08142 physics=1.431 total=0.4913
[TRAIN train_climax_no_moisture_corruption_s42] [TRAIN] stage=pretrain epoch=1/1 batch=40/3000 step=40 repair=0.006603 localization=0.3208 type=2.398 minimal=0.06094 physics=0.9961 total=0.4399
[TRAIN train_climax_no_moisture_corruption_s42] [TRAIN] stage=pretrain epoch=1/1 batch=50/3000 step=50 repair=0.00748 localization=0.3539 type=2.113 minimal=0.05728 physics=0.7145 total=0.3545
[TRAIN train_climax_no_moisture_corruption_s42] [TRAIN] stage=pretrain epoch=1/1 batch=60/3000 step=60 repair=0.01074 localization=0.3504 type=1.857 minimal=0.04788 physics=0.4888 total=0.3834
[TRAIN train_climax_no_moisture_corruption_s42] [TRAIN] stage=pretrain epoch=1/1 batch=70/3000 step=70 repair=0.006686 localization=0.3147 type=1.198 minimal=0.04788 physics=0.4816 total=0.2954
[TRAIN train_climax_no_moisture_corruption_s42] [TRAIN] stage=pretrain epoch=1/1 batch=80/3000 step=80 repair=0.006233 localization=0.3837 type=1.737 minimal=0.0488 physics=0.5559 total=0.3718
[TRAIN train_climax_no_moisture_corruption_s42] [TRAIN] stage=pretrain epoch=1/1 batch=90/3000 step=90 repair=0.01395 localization=0.3962 type=0.5635 minimal=0.04886 physics=1.605 total=0.1907
[TRAIN train_climax_no_moisture_corruption_s42] [TRAIN] stage=pretrain epoch=1/1 batch=100/3000 step=100 repair=0.006154 localization=0.3789 type=2.447 minimal=0.04797 physics=0.5977 total=0.4785
[TRAIN train_climax_no_moisture_corruption_s42] [TRAIN] stage=pretrain epoch=1/1 batch=110/3000 step=110 repair=0.01891 localization=0.3636 type=2.477 minimal=0.03372 physics=0.4828 total=0.5032
[TRAIN train_climax_no_moisture_corruption_s42] [TRAIN] stage=pretrain epoch=1/1 batch=120/3000 step=120 repair=0.004097 localization=0.3032 type=0.5156 minimal=0.03839 physics=0.5349 total=0.1131
[TRAIN train_climax_no_moisture_corruption_s42] [TRAIN] stage=pretrain epoch=1/1 batch=130/3000 step=130 repair=0.004484 localization=0.2444 type=2.041 minimal=0.04095 physics=0.2999 total=0.4054
[TRAIN train_climax_no_moisture_corruption_s42] [TRAIN] stage=pretrain epoch=1/1 batch=140/3000 step=140 repair=0.03689 localization=0.3743 type=1.097 minimal=0.04083 physics=2.723 total=0.3206
[TRAIN train_climax_no_moisture_corruption_s42] [TRAIN] stage=pretrain epoch=1/1 batch=150/3000 step=150 repair=0.01314 localization=0.4141 type=2.567 minimal=0.03888 physics=0.4973 total=0.474
[TRAIN train_climax_no_moisture_corruption_s42] [TRAIN] stage=pretrain epoch=1/1 batch=160/3000 step=160 repair=0.003642 localization=0.2965 type=1.841 minimal=0.03632 physics=0.3004 total=0.3535
[TRAIN train_climax_no_moisture_corruption_s42] [TRAIN] stage=pretrain epoch=1/1 batch=170/3000 step=170 repair=0.009511 localization=0.2821 type=1.826 minimal=0.03769 physics=1.932 total=0.3173
[TRAIN train_climax_no_moisture_corruption_s42] [TRAIN] stage=pretrain epoch=1/1 batch=180/3000 step=180 repair=0.003115 localization=0.3769 type=2.944 minimal=0.03198 physics=0.2056 total=0.6275
[TRAIN train_climax_no_moisture_corruption_s42] [TRAIN] stage=pretrain epoch=1/1 batch=190/3000 step=190 repair=0.004495 localization=0.2753 type=2.311 minimal=0.03912 physics=0.2725 total=0.5078
[TRAIN train_climax_no_moisture_corruption_s42] [TRAIN] stage=pretrain epoch=1/1 batch=200/3000 step=200 repair=0.007571 localization=0.252 type=1.699 minimal=0.03882 physics=0.2738 total=0.2817
[TRAIN train_climax_no_moisture_corruption_s42] [TRAIN] stage=pretrain epoch=1/1 batch=210/3000 step=210 repair=0.003561 localization=0.2868 type=2.13 minimal=0.03235 physics=0.254 total=0.4138
[TRAIN train_climax_no_moisture_corruption_s42] [TRAIN] stage=pretrain epoch=1/1 batch=220/3000 step=220 repair=0.003562 localization=0.4146 type=1.501 minimal=0.03131 physics=0.2083 total=0.2898
[TRAIN train_climax_no_moisture_corruption_s42] [TRAIN] stage=pretrain epoch=1/1 batch=230/3000 step=230 repair=0.004394 localization=0.2727 type=1.982 minimal=0.02975 physics=0.1792 total=0.3705
[TRAIN train_climax_no_moisture_corruption_s42] [TRAIN] stage=pretrain epoch=1/1 batch=240/3000 step=240 repair=0.004403 localization=0.3845 type=1.821 minimal=0.03333 physics=0.3281 total=0.384
[TRAIN train_climax_no_moisture_corruption_s42] [TRAIN] stage=pretrain epoch=1/1 batch=250/3000 step=250 repair=0.003864 localization=0.2822 type=1.911 minimal=0.0322 physics=0.3353 total=0.3956
[TRAIN train_climax_no_moisture_corruption_s42] [TRAIN] stage=pretrain epoch=1/1 batch=260/3000 step=260 repair=0.003832 localization=0.2516 type=1.721 minimal=0.0295 physics=0.3357 total=0.325
[TRAIN train_climax_no_moisture_corruption_s42] [TRAIN] stage=pretrain epoch=1/1 batch=270/3000 step=270 repair=0.01139 localization=0.2812 type=1.866 minimal=0.03067 physics=0.1769 total=0.3167
[TRAIN train_climax_no_moisture_corruption_s42] [TRAIN] stage=pretrain epoch=1/1 batch=280/3000 step=280 repair=0.005243 localization=0.2483 type=0.7488 minimal=0.02707 physics=0.659 total=0.1382
[TRAIN train_climax_no_moisture_corruption_s42] [TRAIN] stage=pretrain epoch=1/1 batch=290/3000 step=290 repair=0.005137 localization=0.2832 type=1.458 minimal=0.02521 physics=0.135 total=0.2949
[TRAIN train_climax_no_moisture_corruption_s42] [TRAIN] stage=pretrain epoch=1/1 batch=300/3000 step=300 repair=0.007181 localization=0.2841 type=1.646 minimal=0.02684 physics=0.2308 total=0.345
[TRAIN train_climax_no_moisture_corruption_s42] [TRAIN] stage=pretrain epoch=1/1 batch=310/3000 step=310 repair=0.009869 localization=0.2103 type=1.694 minimal=0.02904 physics=0.2383 total=0.3158
[TRAIN train_climax_no_moisture_corruption_s42] [TRAIN] stage=pretrain epoch=1/1 batch=320/3000 step=320 repair=0.02775 localization=0.3063 type=1.859 minimal=0.02956 physics=2.656 total=0.3773
[TRAIN train_climax_no_moisture_corruption_s42] [TRAIN] stage=pretrain epoch=1/1 batch=330/3000 step=330 repair=0.003189 localization=0.3385 type=1.77 minimal=0.02498 physics=0.2947 total=0.3701
[TRAIN train_climax_no_moisture_corruption_s42] [TRAIN] stage=pretrain epoch=1/1 batch=340/3000 step=340 repair=0.003568 localization=0.272 type=1.497 minimal=0.02657 physics=0.148 total=0.3072
[TRAIN train_climax_no_moisture_corruption_s42] [TRAIN] stage=pretrain epoch=1/1 batch=350/3000 step=350 repair=0.01123 localization=0.1961 type=1.646 minimal=0.02437 physics=0.2351 total=0.3268
[TRAIN train_climax_no_moisture_corruption_s42] [TRAIN] stage=pretrain epoch=1/1 batch=360/3000 step=360 repair=0.009422 localization=0.2175 type=2.108 minimal=0.02248 physics=0.1198 total=0.3759
[TRAIN train_climax_no_moisture_corruption_s42] [TRAIN] stage=pretrain epoch=1/1 batch=370/3000 step=370 repair=0.007231 localization=0.3409 type=1.486 minimal=0.02284 physics=0.1564 total=0.3296
[TRAIN train_climax_no_moisture_corruption_s42] [TRAIN] stage=pretrain epoch=1/1 batch=380/3000 step=380 repair=0.003479 localization=0.3153 type=1.057 minimal=0.02493 physics=0.1306 total=0.2294
[TRAIN train_climax_no_moisture_corruption_s42] [TRAIN] stage=pretrain epoch=1/1 batch=390/3000 step=390 repair=0.007201 localization=0.2294 type=1.642 minimal=0.022 physics=0.1651 total=0.3311
[TRAIN train_climax_no_moisture_corruption_s42] [TRAIN] stage=pretrain epoch=1/1 batch=400/3000 step=400 repair=0.005758 localization=0.2402 type=1.835 minimal=0.02202 physics=0.2658 total=0.3361
[TRAIN train_climax_no_moisture_corruption_s42] [TRAIN] stage=pretrain epoch=1/1 batch=410/3000 step=410 repair=0.002932 localization=0.3358 type=1.354 minimal=0.02226 physics=0.1765 total=0.2445
[TRAIN train_climax_no_moisture_corruption_s42] [TRAIN] stage=pretrain epoch=1/1 batch=420/3000 step=420 repair=0.006471 localization=0.4128 type=2.387 minimal=0.02454 physics=0.1581 total=0.424
[TRAIN train_climax_no_moisture_corruption_s42] [TRAIN] stage=pretrain epoch=1/1 batch=430/3000 step=430 repair=0.003921 localization=0.2793 type=0.9434 minimal=0.02458 physics=0.7909 total=0.166
[TRAIN train_climax_no_moisture_corruption_s42] [TRAIN] stage=pretrain epoch=1/1 batch=440/3000 step=440 repair=0.005504 localization=0.4009 type=1.94 minimal=0.02365 physics=0.2078 total=0.3973
[TRAIN train_climax_no_moisture_corruption_s42] [TRAIN] stage=pretrain epoch=1/1 batch=450/3000 step=450 repair=0.01103 localization=0.4016 type=1.137 minimal=0.02522 physics=1.582 total=0.2442
[TRAIN train_climax_no_moisture_corruption_s42] [TRAIN] stage=pretrain epoch=1/1 batch=460/3000 step=460 repair=0.005118 localization=0.2326 type=1.771 minimal=0.02182 physics=0.2683 total=0.3413
[TRAIN train_climax_no_moisture_corruption_s42] [TRAIN] stage=pretrain epoch=1/1 batch=470/3000 step=470 repair=0.003119 localization=0.4465 type=2.074 minimal=0.02223 physics=0.1565 total=0.3996
[TRAIN train_climax_no_moisture_corruption_s42] [TRAIN] stage=pretrain epoch=1/1 batch=480/3000 step=480 repair=0.003847 localization=0.3095 type=1.642 minimal=0.02063 physics=0.1052 total=0.3098
[TRAIN train_climax_no_moisture_corruption_s42] [TRAIN] stage=pretrain epoch=1/1 batch=490/3000 step=490 repair=0.004719 localization=0.2398 type=1.668 minimal=0.0201 physics=0.1529 total=0.322
[TRAIN train_climax_no_moisture_corruption_s42] [TRAIN] stage=pretrain epoch=1/1 batch=500/3000 step=500 repair=0.005 localization=0.3674 type=0.8413 minimal=0.02484 physics=0.9576 total=0.174
[TRAIN train_climax_no_moisture_corruption_s42] [TRAIN] stage=pretrain epoch=1/1 batch=510/3000 step=510 repair=0.02307 localization=0.2965 type=0.8096 minimal=0.02454 physics=2.482 total=0.258
[TRAIN train_climax_no_moisture_corruption_s42] [TRAIN] stage=pretrain epoch=1/1 batch=520/3000 step=520 repair=0.002225 localization=0.2606 type=1.17 minimal=0.02083 physics=0.1446 total=0.2121
[TRAIN train_climax_no_moisture_corruption_s42] [TRAIN] stage=pretrain epoch=1/1 batch=530/3000 step=530 repair=0.002047 localization=0.2364 type=1.926 minimal=0.01993 physics=0.1461 total=0.3618
[TRAIN train_climax_no_moisture_corruption_s42] [TRAIN] stage=pretrain epoch=1/1 batch=540/3000 step=540 repair=0.02524 localization=0.2133 type=1.4 minimal=0.02306 physics=0.5508 total=0.3046
[TRAIN train_climax_no_moisture_corruption_s42] [TRAIN] stage=pretrain epoch=1/1 batch=550/3000 step=550 repair=0.005466 localization=0.2955 type=1.277 minimal=0.02507 physics=0.1596 total=0.2679
[TRAIN train_climax_no_moisture_corruption_s42] [TRAIN] stage=pretrain epoch=1/1 batch=560/3000 step=560 repair=0.01827 localization=0.3548 type=0.8198 minimal=0.02672 physics=0.1651 total=0.2192
[TRAIN train_climax_no_moisture_corruption_s42] [TRAIN] stage=pretrain epoch=1/1 batch=570/3000 step=570 repair=0.00311 localization=0.3288 type=1.997 minimal=0.02354 physics=0.1341 total=0.4375
[TRAIN train_climax_no_moisture_corruption_s42] [TRAIN] stage=pretrain epoch=1/1 batch=580/3000 step=580 repair=0.01248 localization=0.1426 type=1.64 minimal=0.02515 physics=0.2771 total=0.3609
[TRAIN train_climax_no_moisture_corruption_s42] [TRAIN] stage=pretrain epoch=1/1 batch=590/3000 step=590 repair=0.004977 localization=0.2681 type=0.8914 minimal=0.02357 physics=0.1311 total=0.1785
[TRAIN train_climax_no_moisture_corruption_s42] [TRAIN] stage=pretrain epoch=1/1 batch=600/3000 step=600 repair=0.004788 localization=0.3948 type=1.943 minimal=0.02551 physics=0.1493 total=0.4013
[TRAIN train_climax_no_moisture_corruption_s42] [TRAIN] stage=pretrain epoch=1/1 batch=610/3000 step=610 repair=0.01148 localization=0.3458 type=1.321 minimal=0.0239 physics=0.1183 total=0.275
[TRAIN train_climax_no_moisture_corruption_s42] [TRAIN] stage=pretrain epoch=1/1 batch=620/3000 step=620 repair=0.002792 localization=0.3598 type=1.314 minimal=0.02097 physics=0.1442 total=0.2526
[TRAIN train_climax_no_moisture_corruption_s42] [TRAIN] stage=pretrain epoch=1/1 batch=630/3000 step=630 repair=0.002539 localization=0.3353 type=1.444 minimal=0.02301 physics=0.1073 total=0.3037
[TRAIN train_climax_no_moisture_corruption_s42] [TRAIN] stage=pretrain epoch=1/1 batch=640/3000 step=640 repair=0.003451 localization=0.2867 type=1.624 minimal=0.02356 physics=0.1137 total=0.3349
[TRAIN train_climax_no_moisture_corruption_s42] [TRAIN] stage=pretrain epoch=1/1 batch=650/3000 step=650 repair=0.00915 localization=0.3127 type=1.637 minimal=0.02269 physics=1.464 total=0.2775
[TRAIN train_climax_no_moisture_corruption_s42] [TRAIN] stage=pretrain epoch=1/1 batch=660/3000 step=660 repair=0.02628 localization=0.3003 type=1.785 minimal=0.02516 physics=3.41 total=0.4055
[TRAIN train_climax_no_moisture_corruption_s42] [TRAIN] stage=pretrain epoch=1/1 batch=670/3000 step=670 repair=0.004601 localization=0.2225 type=1.667 minimal=0.0226 physics=0.1828 total=0.3483
[TRAIN train_climax_no_moisture_corruption_s42] [TRAIN] stage=pretrain epoch=1/1 batch=680/3000 step=680 repair=0.002927 localization=0.2964 type=1.51 minimal=0.02251 physics=0.09873 total=0.307
[TRAIN train_climax_no_moisture_corruption_s42] [TRAIN] stage=pretrain epoch=1/1 batch=690/3000 step=690 repair=0.002128 localization=0.3682 type=0.929 minimal=0.02176 physics=0.1296 total=0.2109
[TRAIN train_climax_no_moisture_corruption_s42] [TRAIN] stage=pretrain epoch=1/1 batch=700/3000 step=700 repair=0.004105 localization=0.3509 type=1.426 minimal=0.02592 physics=1.178 total=0.2409
[TRAIN train_climax_no_moisture_corruption_s42] [TRAIN] stage=pretrain epoch=1/1 batch=710/3000 step=710 repair=0.002312 localization=0.2517 type=1.652 minimal=0.02365 physics=0.209 total=0.3559
[TRAIN train_climax_no_moisture_corruption_s42] [TRAIN] stage=pretrain epoch=1/1 batch=720/3000 step=720 repair=0.02253 localization=0.267 type=0.4728 minimal=0.02509 physics=2.968 total=0.2452
[TRAIN train_climax_no_moisture_corruption_s42] [TRAIN] stage=pretrain epoch=1/1 batch=730/3000 step=730 repair=0.00535 localization=0.1958 type=2.893 minimal=0.02394 physics=0.1738 total=0.5042
[TRAIN train_climax_no_moisture_corruption_s42] [TRAIN] stage=pretrain epoch=1/1 batch=740/3000 step=740 repair=0.005187 localization=0.4439 type=1.838 minimal=0.02243 physics=0.1542 total=0.3844
[TRAIN train_climax_no_moisture_corruption_s42] [TRAIN] stage=pretrain epoch=1/1 batch=750/3000 step=750 repair=0.008749 localization=0.3769 type=1.411 minimal=0.02048 physics=1.69 total=0.2722
[TRAIN train_climax_no_moisture_corruption_s42] [TRAIN] stage=pretrain epoch=1/1 batch=760/3000 step=760 repair=0.01074 localization=0.0778 type=1.274 minimal=0.03787 physics=0.3486 total=0.2282
[TRAIN train_climax_no_moisture_corruption_s42] [TRAIN] stage=pretrain epoch=1/1 batch=770/3000 step=770 repair=0.02837 localization=0.2635 type=1.068 minimal=0.02158 physics=2.338 total=0.2786
[TRAIN train_climax_no_moisture_corruption_s42] [TRAIN] stage=pretrain epoch=1/1 batch=780/3000 step=780 repair=0.006388 localization=0.1955 type=1.421 minimal=0.01962 physics=0.1349 total=0.2538
[TRAIN train_climax_no_moisture_corruption_s42] [TRAIN] stage=pretrain epoch=1/1 batch=790/3000 step=790 repair=0.005724 localization=0.08367 type=1.766 minimal=0.03177 physics=0.2754 total=0.3376
[TRAIN train_climax_no_moisture_corruption_s42] [TRAIN] stage=pretrain epoch=1/1 batch=800/3000 step=800 repair=0.004645 localization=0.3031 type=1.782 minimal=0.0229 physics=0.2057 total=0.3464
[TRAIN train_climax_no_moisture_corruption_s42] [TRAIN] stage=pretrain epoch=1/1 batch=810/3000 step=810 repair=0.004998 localization=0.1821 type=1.906 minimal=0.02293 physics=0.2393 total=0.3899
[TRAIN train_climax_no_moisture_corruption_s42] [TRAIN] stage=pretrain epoch=1/1 batch=820/3000 step=820 repair=0.0175 localization=0.2451 type=1.192 minimal=0.03009 physics=2.007 total=0.2619
[TRAIN train_climax_no_moisture_corruption_s42] [TRAIN] stage=pretrain epoch=1/1 batch=830/3000 step=830 repair=0.004434 localization=0.3065 type=1.407 minimal=0.02545 physics=0.1875 total=0.2981
[TRAIN train_climax_no_moisture_corruption_s42] [TRAIN] stage=pretrain epoch=1/1 batch=840/3000 step=840 repair=0.003209 localization=0.3802 type=1.833 minimal=0.02083 physics=0.1253 total=0.3731
[TRAIN train_climax_no_moisture_corruption_s42] [TRAIN] stage=pretrain epoch=1/1 batch=850/3000 step=850 repair=0.008951 localization=0.3573 type=0.9185 minimal=0.01854 physics=0.09631 total=0.2075
[TRAIN train_climax_no_moisture_corruption_s42] [TRAIN] stage=pretrain epoch=1/1 batch=860/3000 step=860 repair=0.007879 localization=0.2396 type=2.149 minimal=0.02475 physics=0.2256 total=0.4438
[TRAIN train_climax_no_moisture_corruption_s42] [TRAIN] stage=pretrain epoch=1/1 batch=870/3000 step=870 repair=0.004162 localization=0.2524 type=1.961 minimal=0.02322 physics=0.1025 total=0.3798
[TRAIN train_climax_no_moisture_corruption_s42] [TRAIN] stage=pretrain epoch=1/1 batch=880/3000 step=880 repair=0.03916 localization=0.4172 type=0.9924 minimal=0.02341 physics=2.712 total=0.316
[TRAIN train_climax_no_moisture_corruption_s42] [TRAIN] stage=pretrain epoch=1/1 batch=890/3000 step=890 repair=0.008335 localization=0.42 type=1.322 minimal=0.02063 physics=0.1093 total=0.2727
[TRAIN train_climax_no_moisture_corruption_s42] [TRAIN] stage=pretrain epoch=1/1 batch=900/3000 step=900 repair=0.006182 localization=0.2848 type=1.666 minimal=0.01782 physics=0.1694 total=0.2838
[TRAIN train_climax_no_moisture_corruption_s42] [TRAIN] stage=pretrain epoch=1/1 batch=910/3000 step=910 repair=0.00995 localization=0.3072 type=0.3763 minimal=0.0233 physics=1.24 total=0.1406
[TRAIN train_climax_no_moisture_corruption_s42] [TRAIN] stage=pretrain epoch=1/1 batch=920/3000 step=920 repair=0.005654 localization=0.2493 type=2.509 minimal=0.0224 physics=0.1816 total=0.4255
[TRAIN train_climax_no_moisture_corruption_s42] [TRAIN] stage=pretrain epoch=1/1 batch=930/3000 step=930 repair=0.005043 localization=0.261 type=2.154 minimal=0.02235 physics=0.1296 total=0.3994
[TRAIN train_climax_no_moisture_corruption_s42] [TRAIN] stage=pretrain epoch=1/1 batch=940/3000 step=940 repair=0.003943 localization=0.2949 type=1.84 minimal=0.02206 physics=0.1037 total=0.3377
[TRAIN train_climax_no_moisture_corruption_s42] [TRAIN] stage=pretrain epoch=1/1 batch=950/3000 step=950 repair=0.00538 localization=0.2565 type=1.089 minimal=0.02046 physics=0.1192 total=0.259
[TRAIN train_climax_no_moisture_corruption_s42] [TRAIN] stage=pretrain epoch=1/1 batch=960/3000 step=960 repair=0.003047 localization=0.3189 type=1.464 minimal=0.01909 physics=0.53 total=0.208
[TRAIN train_climax_no_moisture_corruption_s42] [TRAIN] stage=pretrain epoch=1/1 batch=970/3000 step=970 repair=0.008394 localization=0.2135 type=1 minimal=0.02019 physics=0.1712 total=0.2115
[TRAIN train_climax_no_moisture_corruption_s42] [TRAIN] stage=pretrain epoch=1/1 batch=980/3000 step=980 repair=0.01307 localization=0.5452 type=1.694 minimal=0.01819 physics=1.849 total=0.3296
[TRAIN train_climax_no_moisture_corruption_s42] [TRAIN] stage=pretrain epoch=1/1 batch=990/3000 step=990 repair=0.003792 localization=0.2801 type=0.5288 minimal=0.01985 physics=0.1045 total=0.1279
[TRAIN train_climax_no_moisture_corruption_s42] [TRAIN] stage=pretrain epoch=1/1 batch=1000/3000 step=1000 repair=0.008175 localization=0.409 type=0.4762 minimal=0.02466 physics=0.1094 total=0.1377
[TRAIN train_climax_no_moisture_corruption_s42] [TRAIN] stage=pretrain epoch=1/1 batch=1010/3000 step=1010 repair=0.003791 localization=0.2331 type=1.507 minimal=0.02061 physics=0.08388 total=0.3149
[TRAIN train_climax_no_moisture_corruption_s42] [TRAIN] stage=pretrain epoch=1/1 batch=1020/3000 step=1020 repair=0.002719 localization=0.351 type=1.63 minimal=0.02057 physics=0.3171 total=0.3585
[TRAIN train_climax_no_moisture_corruption_s42] [TRAIN] stage=pretrain epoch=1/1 batch=1030/3000 step=1030 repair=0.005277 localization=0.2598 type=2.52 minimal=0.02339 physics=0.1362 total=0.5086
[TRAIN train_climax_no_moisture_corruption_s42] [TRAIN] stage=pretrain epoch=1/1 batch=1040/3000 step=1040 repair=0.003276 localization=0.3777 type=0.9797 minimal=0.01918 physics=0.5554 total=0.167
[TRAIN train_climax_no_moisture_corruption_s42] [TRAIN] stage=pretrain epoch=1/1 batch=1050/3000 step=1050 repair=0.002774 localization=0.3879 type=1.073 minimal=0.02014 physics=0.1539 total=0.2096
[TRAIN train_climax_no_moisture_corruption_s42] [TRAIN] stage=pretrain epoch=1/1 batch=1060/3000 step=1060 repair=0.003946 localization=0.2454 type=1.211 minimal=0.02696 physics=0.2491 total=0.2372
[TRAIN train_climax_no_moisture_corruption_s42] [TRAIN] stage=pretrain epoch=1/1 batch=1070/3000 step=1070 repair=0.0053 localization=0.2161 type=1.63 minimal=0.02216 physics=0.1614 total=0.3493
[TRAIN train_climax_no_moisture_corruption_s42] [TRAIN] stage=pretrain epoch=1/1 batch=1080/3000 step=1080 repair=0.00359 localization=0.2355 type=1.469 minimal=0.02492 physics=0.1364 total=0.2674
[TRAIN train_climax_no_moisture_corruption_s42] [TRAIN] stage=pretrain epoch=1/1 batch=1090/3000 step=1090 repair=0.002194 localization=0.1635 type=2.574 minimal=0.01965 physics=0.1383 total=0.4206
[TRAIN train_climax_no_moisture_corruption_s42] [TRAIN] stage=pretrain epoch=1/1 batch=1100/3000 step=1100 repair=0.003651 localization=0.2254 type=1.607 minimal=0.02307 physics=0.1559 total=0.2777
[TRAIN train_climax_no_moisture_corruption_s42] [TRAIN] stage=pretrain epoch=1/1 batch=1110/3000 step=1110 repair=0.007183 localization=0.2039 type=0.9963 minimal=0.02794 physics=0.2499 total=0.2148
[TRAIN train_climax_no_moisture_corruption_s42] [TRAIN] stage=pretrain epoch=1/1 batch=1120/3000 step=1120 repair=0.003256 localization=0.2028 type=0.9417 minimal=0.02365 physics=0.2125 total=0.2053
[TRAIN train_climax_no_moisture_corruption_s42] [TRAIN] stage=pretrain epoch=1/1 batch=1130/3000 step=1130 repair=0.006114 localization=0.2079 type=1.242 minimal=0.02327 physics=0.2889 total=0.2642
[TRAIN train_climax_no_moisture_corruption_s42] [TRAIN] stage=pretrain epoch=1/1 batch=1140/3000 step=1140 repair=0.009801 localization=0.3056 type=1.348 minimal=0.02391 physics=0.2234 total=0.2885
[TRAIN train_climax_no_moisture_corruption_s42] [TRAIN] stage=pretrain epoch=1/1 batch=1150/3000 step=1150 repair=0.003137 localization=0.3245 type=1.979 minimal=0.02174 physics=0.1715 total=0.4265
[TRAIN train_climax_no_moisture_corruption_s42] [TRAIN] stage=pretrain epoch=1/1 batch=1160/3000 step=1160 repair=0.0101 localization=0.3613 type=1.18 minimal=0.0215 physics=1.922 total=0.2605
[TRAIN train_climax_no_moisture_corruption_s42] [TRAIN] stage=pretrain epoch=1/1 batch=1170/3000 step=1170 repair=0.01017 localization=0.5117 type=2.299 minimal=0.01999 physics=0.1771 total=0.4484
[TRAIN train_climax_no_moisture_corruption_s42] [TRAIN] stage=pretrain epoch=1/1 batch=1180/3000 step=1180 repair=0.002562 localization=0.2591 type=1.912 minimal=0.01741 physics=0.2202 total=0.3468
[TRAIN train_climax_no_moisture_corruption_s42] [TRAIN] stage=pretrain epoch=1/1 batch=1190/3000 step=1190 repair=0.004184 localization=0.2112 type=1.79 minimal=0.01756 physics=0.1167 total=0.3181
[TRAIN train_climax_no_moisture_corruption_s42] [TRAIN] stage=pretrain epoch=1/1 batch=1200/3000 step=1200 repair=0.01918 localization=0.255 type=0.6099 minimal=0.0188 physics=1.974 total=0.2046
[TRAIN train_climax_no_moisture_corruption_s42] [TRAIN] stage=pretrain epoch=1/1 batch=1210/3000 step=1210 repair=0.005525 localization=0.2663 type=0.7642 minimal=0.02042 physics=0.8156 total=0.1496
[TRAIN train_climax_no_moisture_corruption_s42] [TRAIN] stage=pretrain epoch=1/1 batch=1220/3000 step=1220 repair=0.004061 localization=0.3273 type=0.7529 minimal=0.01588 physics=0.867 total=0.1556
[TRAIN train_climax_no_moisture_corruption_s42] [TRAIN] stage=pretrain epoch=1/1 batch=1230/3000 step=1230 repair=0.007268 localization=0.2582 type=0.8762 minimal=0.01796 physics=1.051 total=0.1734
[TRAIN train_climax_no_moisture_corruption_s42] [TRAIN] stage=pretrain epoch=1/1 batch=1240/3000 step=1240 repair=0.0174 localization=0.2262 type=1.378 minimal=0.01741 physics=1.701 total=0.263
[TRAIN train_climax_no_moisture_corruption_s42] [TRAIN] stage=pretrain epoch=1/1 batch=1250/3000 step=1250 repair=0.006897 localization=0.1276 type=0.2123 minimal=0.04877 physics=0.4456 total=0.08474
[TRAIN train_climax_no_moisture_corruption_s42] [TRAIN] stage=pretrain epoch=1/1 batch=1260/3000 step=1260 repair=0.006907 localization=0.2988 type=0.9158 minimal=0.02225 physics=0.1115 total=0.1551
[TRAIN train_climax_no_moisture_corruption_s42] [TRAIN] stage=pretrain epoch=1/1 batch=1270/3000 step=1270 repair=0.00471 localization=0.3801 type=0.8794 minimal=0.02115 physics=0.4393 total=0.1528
[TRAIN train_climax_no_moisture_corruption_s42] [TRAIN] stage=pretrain epoch=1/1 batch=1280/3000 step=1280 repair=0.003115 localization=0.3256 type=1.502 minimal=0.0188 physics=0.08368 total=0.2739
[TRAIN train_climax_no_moisture_corruption_s42] [TRAIN] stage=pretrain epoch=1/1 batch=1290/3000 step=1290 repair=0.005396 localization=0.3547 type=1.08 minimal=0.0195 physics=0.9641 total=0.1972
[TRAIN train_climax_no_moisture_corruption_s42] [TRAIN] stage=pretrain epoch=1/1 batch=1300/3000 step=1300 repair=0.01289 localization=0.1449 type=0.4692 minimal=0.03137 physics=0.78 total=0.1334
[TRAIN train_climax_no_moisture_corruption_s42] [TRAIN] stage=pretrain epoch=1/1 batch=1310/3000 step=1310 repair=0.008276 localization=0.3613 type=1.178 minimal=0.01712 physics=0.07013 total=0.2618
[TRAIN train_climax_no_moisture_corruption_s42] [TRAIN] stage=pretrain epoch=1/1 batch=1320/3000 step=1320 repair=0.004828 localization=0.2017 type=1.196 minimal=0.02493 physics=0.2426 total=0.2411
[TRAIN train_climax_no_moisture_corruption_s42] [TRAIN] stage=pretrain epoch=1/1 batch=1330/3000 step=1330 repair=0.004697 localization=0.2455 type=2.633 minimal=0.02303 physics=0.2166 total=0.5353
[TRAIN train_climax_no_moisture_corruption_s42] [TRAIN] stage=pretrain epoch=1/1 batch=1340/3000 step=1340 repair=0.004235 localization=0.4011 type=2.292 minimal=0.02515 physics=0.3607 total=0.4817
[TRAIN train_climax_no_moisture_corruption_s42] [TRAIN] stage=pretrain epoch=1/1 batch=1350/3000 step=1350 repair=0.005317 localization=0.2538 type=1.651 minimal=0.02132 physics=0.2377 total=0.294
[TRAIN train_climax_no_moisture_corruption_s42] [TRAIN] stage=pretrain epoch=1/1 batch=1360/3000 step=1360 repair=0.01744 localization=0.323 type=1.327 minimal=0.01811 physics=0.1827 total=0.2917
[TRAIN train_climax_no_moisture_corruption_s42] [TRAIN] stage=pretrain epoch=1/1 batch=1370/3000 step=1370 repair=0.004917 localization=0.2244 type=1.608 minimal=0.0195 physics=0.09944 total=0.2982
[TRAIN train_climax_no_moisture_corruption_s42] [TRAIN] stage=pretrain epoch=1/1 batch=1380/3000 step=1380 repair=0.00554 localization=0.3254 type=1.32 minimal=0.02051 physics=1.017 total=0.2211
[TRAIN train_climax_no_moisture_corruption_s42] [TRAIN] stage=pretrain epoch=1/1 batch=1390/3000 step=1390 repair=0.009221 localization=0.3527 type=1.363 minimal=0.02124 physics=0.1397 total=0.2637
[TRAIN train_climax_no_moisture_corruption_s42] [TRAIN] stage=pretrain epoch=1/1 batch=1400/3000 step=1400 repair=0.02549 localization=0.4663 type=1.189 minimal=0.01758 physics=0.157 total=0.2503
[TRAIN train_climax_no_moisture_corruption_s42] [TRAIN] stage=pretrain epoch=1/1 batch=1410/3000 step=1410 repair=0.006974 localization=0.3696 type=1.292 minimal=0.01918 physics=1.238 total=0.2352
[TRAIN train_climax_no_moisture_corruption_s42] [TRAIN] stage=pretrain epoch=1/1 batch=1420/3000 step=1420 repair=0.03646 localization=0.3595 type=1.104 minimal=0.02031 physics=1.739 total=0.2699
[TRAIN train_climax_no_moisture_corruption_s42] [TRAIN] stage=pretrain epoch=1/1 batch=1430/3000 step=1430 repair=0.00234 localization=0.3168 type=1.896 minimal=0.01776 physics=0.08924 total=0.3766
[TRAIN train_climax_no_moisture_corruption_s42] [TRAIN] stage=pretrain epoch=1/1 batch=1440/3000 step=1440 repair=0.001598 localization=0.2284 type=1.612 minimal=0.01537 physics=0.07998 total=0.2837
[TRAIN train_climax_no_moisture_corruption_s42] [TRAIN] stage=pretrain epoch=1/1 batch=1450/3000 step=1450 repair=0.004905 localization=0.2263 type=2.502 minimal=0.0206 physics=0.2799 total=0.4824
[TRAIN train_climax_no_moisture_corruption_s42] [TRAIN] stage=pretrain epoch=1/1 batch=1460/3000 step=1460 repair=0.006176 localization=0.1663 type=0.2395 minimal=0.04666 physics=1.19 total=0.1217
[TRAIN train_climax_no_moisture_corruption_s42] [TRAIN] stage=pretrain epoch=1/1 batch=1470/3000 step=1470 repair=0.0036 localization=0.1828 type=2.628 minimal=0.01929 physics=0.1733 total=0.5745
[TRAIN train_climax_no_moisture_corruption_s42] [TRAIN] stage=pretrain epoch=1/1 batch=1480/3000 step=1480 repair=0.00331 localization=0.1923 type=0.5979 minimal=0.02161 physics=0.2264 total=0.1346
[TRAIN train_climax_no_moisture_corruption_s42] [TRAIN] stage=pretrain epoch=1/1 batch=1490/3000 step=1490 repair=0.004311 localization=0.2943 type=1.023 minimal=0.02165 physics=1.052 total=0.1889
[TRAIN train_climax_no_moisture_corruption_s42] [TRAIN] stage=pretrain epoch=1/1 batch=1500/3000 step=1500 repair=0.03276 localization=0.7444 type=0.3343 minimal=0.03784 physics=1.376 total=0.2183
[TRAIN train_climax_no_moisture_corruption_s42] [TRAIN] stage=pretrain epoch=1/1 batch=1510/3000 step=1510 repair=0.03753 localization=0.3933 type=0.7271 minimal=0.02795 physics=3.052 total=0.3024
[TRAIN train_climax_no_moisture_corruption_s42] [TRAIN] stage=pretrain epoch=1/1 batch=1520/3000 step=1520 repair=0.006684 localization=0.2757 type=1.991 minimal=0.02655 physics=0.1624 total=0.3442
[TRAIN train_climax_no_moisture_corruption_s42] [TRAIN] stage=pretrain epoch=1/1 batch=1530/3000 step=1530 repair=0.004566 localization=0.2106 type=3.344 minimal=0.02267 physics=0.07898 total=0.6045
[TRAIN train_climax_no_moisture_corruption_s42] [TRAIN] stage=pretrain epoch=1/1 batch=1540/3000 step=1540 repair=0.008969 localization=0.2731 type=1.087 minimal=0.0209 physics=0.0878 total=0.2426
[TRAIN train_climax_no_moisture_corruption_s42] [TRAIN] stage=pretrain epoch=1/1 batch=1550/3000 step=1550 repair=0.02143 localization=0.28 type=1.089 minimal=0.02077 physics=1.967 total=0.2569
[TRAIN train_climax_no_moisture_corruption_s42] [TRAIN] stage=pretrain epoch=1/1 batch=1560/3000 step=1560 repair=0.003161 localization=0.2857 type=1.259 minimal=0.01874 physics=0.0792 total=0.2547
[TRAIN train_climax_no_moisture_corruption_s42] [TRAIN] stage=pretrain epoch=1/1 batch=1570/3000 step=1570 repair=0.00276 localization=0.3583 type=0.9409 minimal=0.0172 physics=0.1027 total=0.1898
[TRAIN train_climax_no_moisture_corruption_s42] [TRAIN] stage=pretrain epoch=1/1 batch=1580/3000 step=1580 repair=0.003305 localization=0.2349 type=1.096 minimal=0.01817 physics=0.1823 total=0.2241
[TRAIN train_climax_no_moisture_corruption_s42] [TRAIN] stage=pretrain epoch=1/1 batch=1590/3000 step=1590 repair=0.003995 localization=0.1994 type=2.032 minimal=0.01698 physics=0.113 total=0.3736
[TRAIN train_climax_no_moisture_corruption_s42] [TRAIN] stage=pretrain epoch=1/1 batch=1600/3000 step=1600 repair=0.002916 localization=0.2838 type=1.391 minimal=0.01767 physics=0.1759 total=0.2614
[TRAIN train_climax_no_moisture_corruption_s42] [TRAIN] stage=pretrain epoch=1/1 batch=1610/3000 step=1610 repair=0.003777 localization=0.3005 type=1.174 minimal=0.01516 physics=0.1682 total=0.2329
[TRAIN train_climax_no_moisture_corruption_s42] [TRAIN] stage=pretrain epoch=1/1 batch=1620/3000 step=1620 repair=0.007559 localization=0.4679 type=0.7454 minimal=0.01813 physics=0.226 total=0.1914
[TRAIN train_climax_no_moisture_corruption_s42] [TRAIN] stage=pretrain epoch=1/1 batch=1630/3000 step=1630 repair=0.008216 localization=0.2792 type=0.9907 minimal=0.02071 physics=0.503 total=0.1606
[TRAIN train_climax_no_moisture_corruption_s42] [TRAIN] stage=pretrain epoch=1/1 batch=1640/3000 step=1640 repair=0.01183 localization=0.08408 type=0.03801 minimal=0.06186 physics=3.435 total=0.1992
[TRAIN train_climax_no_moisture_corruption_s42] [TRAIN] stage=pretrain epoch=1/1 batch=1650/3000 step=1650 repair=0.004132 localization=0.3467 type=2.089 minimal=0.01964 physics=0.2747 total=0.4276
[TRAIN train_climax_no_moisture_corruption_s42] [TRAIN] stage=pretrain epoch=1/1 batch=1660/3000 step=1660 repair=0.04032 localization=0.4085 type=1.2 minimal=0.02164 physics=3.341 total=0.3684
[TRAIN train_climax_no_moisture_corruption_s42] [TRAIN] stage=pretrain epoch=1/1 batch=1670/3000 step=1670 repair=0.005598 localization=0.3314 type=1.637 minimal=0.02022 physics=0.1138 total=0.3165
[TRAIN train_climax_no_moisture_corruption_s42] [TRAIN] stage=pretrain epoch=1/1 batch=1680/3000 step=1680 repair=0.009559 localization=0.08126 type=0.06653 minimal=0.04443 physics=1.073 total=0.08109
[TRAIN train_climax_no_moisture_corruption_s42] [TRAIN] stage=pretrain epoch=1/1 batch=1690/3000 step=1690 repair=0.003712 localization=0.08023 type=0.02835 minimal=0.0368 physics=0.4025 total=0.03616
[TRAIN train_climax_no_moisture_corruption_s42] [TRAIN] stage=pretrain epoch=1/1 batch=1700/3000 step=1700 repair=0.02815 localization=0.3533 type=1.277 minimal=0.01523 physics=1.865 total=0.2846
[TRAIN train_climax_no_moisture_corruption_s42] [TRAIN] stage=pretrain epoch=1/1 batch=1710/3000 step=1710 repair=0.005543 localization=0.2377 type=1.363 minimal=0.01465 physics=0.05774 total=0.2485
[TRAIN train_climax_no_moisture_corruption_s42] [TRAIN] stage=pretrain epoch=1/1 batch=1720/3000 step=1720 repair=0.001931 localization=0.3485 type=1.493 minimal=0.01428 physics=0.0618 total=0.2573
[TRAIN train_climax_no_moisture_corruption_s42] [TRAIN] stage=pretrain epoch=1/1 batch=1730/3000 step=1730 repair=0.00662 localization=0.2891 type=1.925 minimal=0.01421 physics=0.1005 total=0.3375
[TRAIN train_climax_no_moisture_corruption_s42] [TRAIN] stage=pretrain epoch=1/1 batch=1740/3000 step=1740 repair=0.002526 localization=0.2873 type=0.6643 minimal=0.01527 physics=0.5809 total=0.1269
[TRAIN train_climax_no_moisture_corruption_s42] [TRAIN] stage=pretrain epoch=1/1 batch=1750/3000 step=1750 repair=0.003507 localization=0.06199 type=0.09561 minimal=0.0235 physics=0.4129 total=0.04449
[TRAIN train_climax_no_moisture_corruption_s42] [TRAIN] stage=pretrain epoch=1/1 batch=1760/3000 step=1760 repair=0.003023 localization=0.06166 type=0.07515 minimal=0.02966 physics=0.4951 total=0.04557
[TRAIN train_climax_no_moisture_corruption_s42] [TRAIN] stage=pretrain epoch=1/1 batch=1770/3000 step=1770 repair=0.004288 localization=0.305 type=3.371 minimal=0.01519 physics=0.3099 total=0.6794
[TRAIN train_climax_no_moisture_corruption_s42] [TRAIN] stage=pretrain epoch=1/1 batch=1780/3000 step=1780 repair=0.00273 localization=0.2176 type=1.304 minimal=0.02014 physics=0.1352 total=0.2114
[TRAIN train_climax_no_moisture_corruption_s42] [TRAIN] stage=pretrain epoch=1/1 batch=1790/3000 step=1790 repair=0.002192 localization=0.3142 type=1.144 minimal=0.0175 physics=0.1346 total=0.2373
[TRAIN train_climax_no_moisture_corruption_s42] [TRAIN] stage=pretrain epoch=1/1 batch=1800/3000 step=1800 repair=0.002353 localization=0.3839 type=1.079 minimal=0.01822 physics=0.08359 total=0.2323
[TRAIN train_climax_no_moisture_corruption_s42] [TRAIN] stage=pretrain epoch=1/1 batch=1810/3000 step=1810 repair=0.003086 localization=0.1489 type=1.107 minimal=0.0191 physics=0.3024 total=0.232
[TRAIN train_climax_no_moisture_corruption_s42] [TRAIN] stage=pretrain epoch=1/1 batch=1820/3000 step=1820 repair=0.003004 localization=0.07491 type=0.009501 minimal=0.02928 physics=0.4878 total=0.03675
[TRAIN train_climax_no_moisture_corruption_s42] [TRAIN] stage=pretrain epoch=1/1 batch=1830/3000 step=1830 repair=0.00677 localization=0.3176 type=1.445 minimal=0.01691 physics=0.06858 total=0.2599
[TRAIN train_climax_no_moisture_corruption_s42] [TRAIN] stage=pretrain epoch=1/1 batch=1840/3000 step=1840 repair=0.003276 localization=0.3392 type=1.606 minimal=0.01759 physics=0.1966 total=0.3029
[TRAIN train_climax_no_moisture_corruption_s42] [TRAIN] stage=pretrain epoch=1/1 batch=1850/3000 step=1850 repair=0.002344 localization=0.231 type=1.618 minimal=0.01741 physics=0.07963 total=0.3013
[TRAIN train_climax_no_moisture_corruption_s42] [TRAIN] stage=pretrain epoch=1/1 batch=1860/3000 step=1860 repair=0.007186 localization=0.2268 type=0.3652 minimal=0.02011 physics=0.09264 total=0.08302
[TRAIN train_climax_no_moisture_corruption_s42] [TRAIN] stage=pretrain epoch=1/1 batch=1870/3000 step=1870 repair=0.003887 localization=0.1974 type=2.2 minimal=0.01723 physics=0.3211 total=0.4192
[TRAIN train_climax_no_moisture_corruption_s42] [TRAIN] stage=pretrain epoch=1/1 batch=1880/3000 step=1880 repair=0.005474 localization=0.2383 type=0.2575 minimal=0.02313 physics=0.4013 total=0.08873
[TRAIN train_climax_no_moisture_corruption_s42] [TRAIN] stage=pretrain epoch=1/1 batch=1890/3000 step=1890 repair=0.003047 localization=0.07574 type=0.1379 minimal=0.02133 physics=0.2664 total=0.04197
[TRAIN train_climax_no_moisture_corruption_s42] [TRAIN] stage=pretrain epoch=1/1 batch=1900/3000 step=1900 repair=0.002419 localization=0.3713 type=3.235 minimal=0.01808 physics=0.191 total=0.7446
[TRAIN train_climax_no_moisture_corruption_s42] [TRAIN] stage=pretrain epoch=1/1 batch=1910/3000 step=1910 repair=0.009739 localization=0.3803 type=1.442 minimal=0.022 physics=0.1599 total=0.3055
[TRAIN train_climax_no_moisture_corruption_s42] [TRAIN] stage=pretrain epoch=1/1 batch=1920/3000 step=1920 repair=0.005099 localization=0.2731 type=1.187 minimal=0.01926 physics=0.0742 total=0.2273
[TRAIN train_climax_no_moisture_corruption_s42] [TRAIN] stage=pretrain epoch=1/1 batch=1930/3000 step=1930 repair=0.00868 localization=0.2817 type=1.095 minimal=0.01807 physics=0.141 total=0.2097
[TRAIN train_climax_no_moisture_corruption_s42] [TRAIN] stage=pretrain epoch=1/1 batch=1940/3000 step=1940 repair=0.01246 localization=0.2912 type=1.308 minimal=0.01492 physics=0.08424 total=0.2363
[TRAIN train_climax_no_moisture_corruption_s42] [TRAIN] stage=pretrain epoch=1/1 batch=1950/3000 step=1950 repair=0.01232 localization=0.2761 type=1.481 minimal=0.01536 physics=0.0757 total=0.2481
[TRAIN train_climax_no_moisture_corruption_s42] [TRAIN] stage=pretrain epoch=1/1 batch=1960/3000 step=1960 repair=0.002554 localization=0.2543 type=1.848 minimal=0.0148 physics=0.07797 total=0.3228
[TRAIN train_climax_no_moisture_corruption_s42] [TRAIN] stage=pretrain epoch=1/1 batch=1970/3000 step=1970 repair=0.004139 localization=0.2028 type=0.1728 minimal=0.01849 physics=0.2209 total=0.06183
[TRAIN train_climax_no_moisture_corruption_s42] [TRAIN] stage=pretrain epoch=1/1 batch=1980/3000 step=1980 repair=0.006889 localization=0.2399 type=2.254 minimal=0.0206 physics=0.1367 total=0.3625
[TRAIN train_climax_no_moisture_corruption_s42] [TRAIN] stage=pretrain epoch=1/1 batch=1990/3000 step=1990 repair=0.01011 localization=0.2665 type=0.2545 minimal=0.01799 physics=0.998 total=0.1123
[TRAIN train_climax_no_moisture_corruption_s42] [TRAIN] stage=pretrain epoch=1/1 batch=2000/3000 step=2000 repair=0.01624 localization=0.221 type=0.4446 minimal=0.01653 physics=1.404 total=0.1531
[TRAIN train_climax_no_moisture_corruption_s42] [TRAIN] stage=pretrain epoch=1/1 batch=2010/3000 step=2010 repair=0.002672 localization=0.3035 type=1.632 minimal=0.01541 physics=0.1268 total=0.2772
[TRAIN train_climax_no_moisture_corruption_s42] [TRAIN] stage=pretrain epoch=1/1 batch=2020/3000 step=2020 repair=0.002417 localization=0.3297 type=1.324 minimal=0.01489 physics=0.09866 total=0.2365
[TRAIN train_climax_no_moisture_corruption_s42] [TRAIN] stage=pretrain epoch=1/1 batch=2030/3000 step=2030 repair=0.002371 localization=0.09753 type=0.4316 minimal=0.01642 physics=0.2211 total=0.0894
[TRAIN train_climax_no_moisture_corruption_s42] [TRAIN] stage=pretrain epoch=1/1 batch=2040/3000 step=2040 repair=0.007146 localization=0.322 type=1.904 minimal=0.01092 physics=0.05741 total=0.3212
[TRAIN train_climax_no_moisture_corruption_s42] [TRAIN] stage=pretrain epoch=1/1 batch=2050/3000 step=2050 repair=0.001933 localization=0.1057 type=0.06566 minimal=0.01595 physics=0.1852 total=0.03288
[TRAIN train_climax_no_moisture_corruption_s42] [TRAIN] stage=pretrain epoch=1/1 batch=2060/3000 step=2060 repair=0.01435 localization=0.3251 type=0.4854 minimal=0.02382 physics=1.106 total=0.1509
[TRAIN train_climax_no_moisture_corruption_s42] [TRAIN] stage=pretrain epoch=1/1 batch=2070/3000 step=2070 repair=0.003079 localization=0.3059 type=2.059 minimal=0.01651 physics=0.07254 total=0.3259
[TRAIN train_climax_no_moisture_corruption_s42] [TRAIN] stage=pretrain epoch=1/1 batch=2080/3000 step=2080 repair=0.003601 localization=0.3191 type=1.517 minimal=0.0142 physics=0.05595 total=0.2875
[TRAIN train_climax_no_moisture_corruption_s42] [TRAIN] stage=pretrain epoch=1/1 batch=2090/3000 step=2090 repair=0.002974 localization=0.3396 type=1.09 minimal=0.01653 physics=0.1151 total=0.2149
[TRAIN train_climax_no_moisture_corruption_s42] [TRAIN] stage=pretrain epoch=1/1 batch=2100/3000 step=2100 repair=0.001695 localization=0.03419 type=0.02616 minimal=0.0199 physics=0.2787 total=0.0231
[TRAIN train_climax_no_moisture_corruption_s42] [TRAIN] stage=pretrain epoch=1/1 batch=2110/3000 step=2110 repair=0.003089 localization=0.03744 type=0.00286 minimal=0.03241 physics=0.32 total=0.0236
[TRAIN train_climax_no_moisture_corruption_s42] [TRAIN] stage=pretrain epoch=1/1 batch=2120/3000 step=2120 repair=0.003173 localization=0.2554 type=1.504 minimal=0.01555 physics=0.3059 total=0.1946
[TRAIN train_climax_no_moisture_corruption_s42] [TRAIN] stage=pretrain epoch=1/1 batch=2130/3000 step=2130 repair=0.007723 localization=0.3205 type=1.03 minimal=0.0153 physics=0.08579 total=0.1836
[TRAIN train_climax_no_moisture_corruption_s42] [TRAIN] stage=pretrain epoch=1/1 batch=2140/3000 step=2140 repair=0.008956 localization=0.3595 type=1.05 minimal=0.01548 physics=0.7884 total=0.1895
[TRAIN train_climax_no_moisture_corruption_s42] [TRAIN] stage=pretrain epoch=1/1 batch=2150/3000 step=2150 repair=0.004352 localization=0.2475 type=3.088 minimal=0.01834 physics=0.1059 total=0.6128
[TRAIN train_climax_no_moisture_corruption_s42] [TRAIN] stage=pretrain epoch=1/1 batch=2160/3000 step=2160 repair=0.002854 localization=0.1148 type=0.05258 minimal=0.01671 physics=0.1912 total=0.03231
[TRAIN train_climax_no_moisture_corruption_s42] [TRAIN] stage=pretrain epoch=1/1 batch=2170/3000 step=2170 repair=0.003991 localization=0.04342 type=0.002604 minimal=0.03067 physics=0.7596 total=0.04699
[TRAIN train_climax_no_moisture_corruption_s42] [TRAIN] stage=pretrain epoch=1/1 batch=2180/3000 step=2180 repair=0.00222 localization=0.09844 type=2 minimal=0.01376 physics=0.1655 total=0.3675
[TRAIN train_climax_no_moisture_corruption_s42] [TRAIN] stage=pretrain epoch=1/1 batch=2190/3000 step=2190 repair=0.004661 localization=0.4502 type=2.655 minimal=0.01292 physics=0.3297 total=0.5878
[TRAIN train_climax_no_moisture_corruption_s42] [TRAIN] stage=pretrain epoch=1/1 batch=2200/3000 step=2200 repair=0.005048 localization=0.4147 type=1.836 minimal=0.01773 physics=0.1622 total=0.3641
[TRAIN train_climax_no_moisture_corruption_s42] [TRAIN] stage=pretrain epoch=1/1 batch=2210/3000 step=2210 repair=0.003115 localization=0.3199 type=1.024 minimal=0.01659 physics=0.5852 total=0.167
[TRAIN train_climax_no_moisture_corruption_s42] [TRAIN] stage=pretrain epoch=1/1 batch=2220/3000 step=2220 repair=0.001474 localization=0.2922 type=0.5864 minimal=0.01314 physics=0.6679 total=0.1229
[TRAIN train_climax_no_moisture_corruption_s42] [TRAIN] stage=pretrain epoch=1/1 batch=2230/3000 step=2230 repair=0.005747 localization=0.3742 type=2.834 minimal=0.01394 physics=0.1199 total=0.5073
[TRAIN train_climax_no_moisture_corruption_s42] [TRAIN] stage=pretrain epoch=1/1 batch=2240/3000 step=2240 repair=0.01053 localization=0.3429 type=2.666 minimal=0.01456 physics=0.07472 total=0.4886
[TRAIN train_climax_no_moisture_corruption_s42] [TRAIN] stage=pretrain epoch=1/1 batch=2250/3000 step=2250 repair=0.002796 localization=0.2003 type=2.108 minimal=0.01413 physics=0.04193 total=0.3581
[TRAIN train_climax_no_moisture_corruption_s42] [TRAIN] stage=pretrain epoch=1/1 batch=2260/3000 step=2260 repair=0.008125 localization=0.414 type=1.614 minimal=0.01331 physics=0.05673 total=0.3054
[TRAIN train_climax_no_moisture_corruption_s42] [TRAIN] stage=pretrain epoch=1/1 batch=2270/3000 step=2270 repair=0.004014 localization=0.09798 type=0.01862 minimal=0.01959 physics=0.2579 total=0.03053
[TRAIN train_climax_no_moisture_corruption_s42] [TRAIN] stage=pretrain epoch=1/1 batch=2280/3000 step=2280 repair=0.003804 localization=0.3176 type=1.185 minimal=0.01657 physics=0.09229 total=0.2309
[TRAIN train_climax_no_moisture_corruption_s42] [TRAIN] stage=pretrain epoch=1/1 batch=2290/3000 step=2290 repair=0.006269 localization=0.3057 type=1.267 minimal=0.01379 physics=1.336 total=0.2304
[TRAIN train_climax_no_moisture_corruption_s42] [TRAIN] stage=pretrain epoch=1/1 batch=2300/3000 step=2300 repair=0.001772 localization=0.255 type=1.314 minimal=0.01427 physics=0.06753 total=0.2305
[TRAIN train_climax_no_moisture_corruption_s42] [TRAIN] stage=pretrain epoch=1/1 batch=2310/3000 step=2310 repair=0.00778 localization=0.2602 type=1.694 minimal=0.01598 physics=0.1014 total=0.2906
[TRAIN train_climax_no_moisture_corruption_s42] [TRAIN] stage=pretrain epoch=1/1 batch=2320/3000 step=2320 repair=0.006444 localization=0.2564 type=0.7483 minimal=0.01496 physics=1.108 total=0.1625
[TRAIN train_climax_no_moisture_corruption_s42] [TRAIN] stage=pretrain epoch=1/1 batch=2330/3000 step=2330 repair=0.002659 localization=0.3468 type=1.374 minimal=0.01418 physics=0.07782 total=0.2448
[TRAIN train_climax_no_moisture_corruption_s42] [TRAIN] stage=pretrain epoch=1/1 batch=2340/3000 step=2340 repair=0.002773 localization=0.03092 type=0.003158 minimal=0.02667 physics=0.2118 total=0.01728
[TRAIN train_climax_no_moisture_corruption_s42] [TRAIN] stage=pretrain epoch=1/1 batch=2350/3000 step=2350 repair=0.006057 localization=0.02062 type=0.0005769 minimal=0.02531 physics=0.3693 total=0.02693
[TRAIN train_climax_no_moisture_corruption_s42] [TRAIN] stage=pretrain epoch=1/1 batch=2360/3000 step=2360 repair=0.002288 localization=0.02255 type=0.001476 minimal=0.02679 physics=0.2841 total=0.01926
[TRAIN train_climax_no_moisture_corruption_s42] [TRAIN] stage=pretrain epoch=1/1 batch=2370/3000 step=2370 repair=0.01142 localization=0.3464 type=0.9055 minimal=0.01672 physics=0.1039 total=0.2129
[TRAIN train_climax_no_moisture_corruption_s42] [TRAIN] stage=pretrain epoch=1/1 batch=2380/3000 step=2380 repair=0.004204 localization=0.3023 type=1.035 minimal=0.01585 physics=0.6202 total=0.1691
[TRAIN train_climax_no_moisture_corruption_s42] [TRAIN] stage=pretrain epoch=1/1 batch=2390/3000 step=2390 repair=0.003456 localization=0.2452 type=0.5928 minimal=0.01656 physics=0.4595 total=0.1104
[TRAIN train_climax_no_moisture_corruption_s42] [TRAIN] stage=pretrain epoch=1/1 batch=2400/3000 step=2400 repair=0.04402 localization=0.4312 type=0.4152 minimal=0.01675 physics=1.697 total=0.2137
[TRAIN train_climax_no_moisture_corruption_s42] [TRAIN] stage=pretrain epoch=1/1 batch=2410/3000 step=2410 repair=0.005841 localization=0.2074 type=0.3401 minimal=0.0186 physics=0.6679 total=0.09417
[TRAIN train_climax_no_moisture_corruption_s42] [TRAIN] stage=pretrain epoch=1/1 batch=2420/3000 step=2420 repair=0.003299 localization=0.2964 type=0.4481 minimal=0.01551 physics=0.4709 total=0.1014
[TRAIN train_climax_no_moisture_corruption_s42] [TRAIN] stage=pretrain epoch=1/1 batch=2430/3000 step=2430 repair=0.001486 localization=0.08723 type=0.009394 minimal=0.01399 physics=0.1706 total=0.02043
[TRAIN train_climax_no_moisture_corruption_s42] [TRAIN] stage=pretrain epoch=1/1 batch=2440/3000 step=2440 repair=0.005439 localization=0.3081 type=1.777 minimal=0.01441 physics=0.05895 total=0.2849
[TRAIN train_climax_no_moisture_corruption_s42] [TRAIN] stage=pretrain epoch=1/1 batch=2450/3000 step=2450 repair=0.002168 localization=0.0324 type=0.002543 minimal=0.02339 physics=0.2172 total=0.01693
[TRAIN train_climax_no_moisture_corruption_s42] [TRAIN] stage=pretrain epoch=1/1 batch=2460/3000 step=2460 repair=0.01095 localization=0.422 type=1.128 minimal=0.01579 physics=1.55 total=0.2437
[TRAIN train_climax_no_moisture_corruption_s42] [TRAIN] stage=pretrain epoch=1/1 batch=2470/3000 step=2470 repair=0.0009312 localization=0.02013 type=0.001062 minimal=0.01689 physics=0.163 total=0.01143
[TRAIN train_climax_no_moisture_corruption_s42] [TRAIN] stage=pretrain epoch=1/1 batch=2480/3000 step=2480 repair=0.005517 localization=0.1811 type=1.552 minimal=0.01564 physics=0.1528 total=0.2613
[TRAIN train_climax_no_moisture_corruption_s42] [TRAIN] stage=pretrain epoch=1/1 batch=2490/3000 step=2490 repair=0.03321 localization=0.337 type=0.8752 minimal=0.01584 physics=1.625 total=0.2358
[TRAIN train_climax_no_moisture_corruption_s42] [TRAIN] stage=pretrain epoch=1/1 batch=2500/3000 step=2500 repair=0.003491 localization=0.1912 type=2.533 minimal=0.01464 physics=0.2502 total=0.5115
[TRAIN train_climax_no_moisture_corruption_s42] [TRAIN] stage=pretrain epoch=1/1 batch=2510/3000 step=2510 repair=0.02308 localization=0.2483 type=0.9326 minimal=0.01287 physics=1.366 total=0.2096
[TRAIN train_climax_no_moisture_corruption_s42] [TRAIN] stage=pretrain epoch=1/1 batch=2520/3000 step=2520 repair=0.007955 localization=0.2508 type=0.7568 minimal=0.01567 physics=1.456 total=0.1817
[TRAIN train_climax_no_moisture_corruption_s42] [TRAIN] stage=pretrain epoch=1/1 batch=2530/3000 step=2530 repair=0.007675 localization=0.3186 type=1.573 minimal=0.01665 physics=0.08139 total=0.2798
[TRAIN train_climax_no_moisture_corruption_s42] [TRAIN] stage=pretrain epoch=1/1 batch=2540/3000 step=2540 repair=0.00105 localization=0.02045 type=0.0007554 minimal=0.01759 physics=0.1323 total=0.009997
[TRAIN train_climax_no_moisture_corruption_s42] [TRAIN] stage=pretrain epoch=1/1 batch=2550/3000 step=2550 repair=0.002508 localization=0.203 type=1.097 minimal=0.01401 physics=0.04671 total=0.1857
[TRAIN train_climax_no_moisture_corruption_s42] [TRAIN] stage=pretrain epoch=1/1 batch=2560/3000 step=2560 repair=0.006326 localization=0.3161 type=1.664 minimal=0.01207 physics=0.0421 total=0.3377
[TRAIN train_climax_no_moisture_corruption_s42] [TRAIN] stage=pretrain epoch=1/1 batch=2570/3000 step=2570 repair=0.01719 localization=0.2454 type=0.8066 minimal=0.01491 physics=2.109 total=0.228
[TRAIN train_climax_no_moisture_corruption_s42] [TRAIN] stage=pretrain epoch=1/1 batch=2580/3000 step=2580 repair=0.004864 localization=0.3035 type=1.08 minimal=0.01601 physics=0.07429 total=0.1844
[TRAIN train_climax_no_moisture_corruption_s42] [TRAIN] stage=pretrain epoch=1/1 batch=2590/3000 step=2590 repair=0.001392 localization=0.1695 type=0.1562 minimal=0.01281 physics=0.1569 total=0.05188
[TRAIN train_climax_no_moisture_corruption_s42] [TRAIN] stage=pretrain epoch=1/1 batch=2600/3000 step=2600 repair=0.002536 localization=0.3282 type=0.8743 minimal=0.01331 physics=0.07713 total=0.1659
[TRAIN train_climax_no_moisture_corruption_s42] [TRAIN] stage=pretrain epoch=1/1 batch=2610/3000 step=2610 repair=0.001381 localization=0.579 type=1.874 minimal=0.01218 physics=0.1915 total=0.4261
[TRAIN train_climax_no_moisture_corruption_s42] [TRAIN] stage=pretrain epoch=1/1 batch=2620/3000 step=2620 repair=0.001166 localization=0.01769 type=0.0003791 minimal=0.02153 physics=0.1418 total=0.0103
[TRAIN train_climax_no_moisture_corruption_s42] [TRAIN] stage=pretrain epoch=1/1 batch=2630/3000 step=2630 repair=0.002567 localization=0.3041 type=0.9944 minimal=0.01099 physics=1.095 total=0.1873
[TRAIN train_climax_no_moisture_corruption_s42] [TRAIN] stage=pretrain epoch=1/1 batch=2640/3000 step=2640 repair=0.02106 localization=0.3047 type=0.6743 minimal=0.01166 physics=1.81 total=0.2096
[TRAIN train_climax_no_moisture_corruption_s42] [TRAIN] stage=pretrain epoch=1/1 batch=2650/3000 step=2650 repair=0.01099 localization=0.3938 type=0.6157 minimal=0.01414 physics=1.528 total=0.1885
[TRAIN train_climax_no_moisture_corruption_s42] [TRAIN] stage=pretrain epoch=1/1 batch=2660/3000 step=2660 repair=0.01142 localization=0.2501 type=1.634 minimal=0.01508 physics=0.07154 total=0.2954
[TRAIN train_climax_no_moisture_corruption_s42] [TRAIN] stage=pretrain epoch=1/1 batch=2670/3000 step=2670 repair=0.002148 localization=0.3842 type=1.396 minimal=0.0126 physics=0.1033 total=0.2665
[TRAIN train_climax_no_moisture_corruption_s42] [TRAIN] stage=pretrain epoch=1/1 batch=2680/3000 step=2680 repair=0.00333 localization=0.3555 type=1.328 minimal=0.01514 physics=0.1483 total=0.2388
[TRAIN train_climax_no_moisture_corruption_s42] [TRAIN] stage=pretrain epoch=1/1 batch=2690/3000 step=2690 repair=0.001702 localization=0.01826 type=0.0004666 minimal=0.01514 physics=0.1485 total=0.01118
[TRAIN train_climax_no_moisture_corruption_s42] [TRAIN] stage=pretrain epoch=1/1 batch=2700/3000 step=2700 repair=0.00199 localization=0.033 type=0.001538 minimal=0.01756 physics=0.1908 total=0.01527
[TRAIN train_climax_no_moisture_corruption_s42] [TRAIN] stage=pretrain epoch=1/1 batch=2710/3000 step=2710 repair=0.006859 localization=0.227 type=0.9839 minimal=0.01537 physics=0.09823 total=0.1976
[TRAIN train_climax_no_moisture_corruption_s42] [TRAIN] stage=pretrain epoch=1/1 batch=2720/3000 step=2720 repair=0.001784 localization=0.01508 type=0.0004111 minimal=0.02266 physics=0.1911 total=0.01314
[TRAIN train_climax_no_moisture_corruption_s42] [TRAIN] stage=pretrain epoch=1/1 batch=2730/3000 step=2730 repair=0.007447 localization=0.193 type=1.26 minimal=0.01482 physics=0.193 total=0.2156
[TRAIN train_climax_no_moisture_corruption_s42] [TRAIN] stage=pretrain epoch=1/1 batch=2740/3000 step=2740 repair=0.003416 localization=0.3644 type=1.748 minimal=0.01553 physics=0.2263 total=0.3605
[TRAIN train_climax_no_moisture_corruption_s42] [TRAIN] stage=pretrain epoch=1/1 batch=2750/3000 step=2750 repair=0.007737 localization=0.281 type=1.35 minimal=0.01447 physics=0.5755 total=0.1997
[TRAIN train_climax_no_moisture_corruption_s42] [TRAIN] stage=pretrain epoch=1/1 batch=2760/3000 step=2760 repair=0.003841 localization=0.2658 type=1.773 minimal=0.01657 physics=0.09631 total=0.3304
[TRAIN train_climax_no_moisture_corruption_s42] [TRAIN] stage=pretrain epoch=1/1 batch=2770/3000 step=2770 repair=0.005287 localization=0.2068 type=0.6648 minimal=0.01491 physics=0.1141 total=0.1477
[TRAIN train_climax_no_moisture_corruption_s42] [TRAIN] stage=pretrain epoch=1/1 batch=2780/3000 step=2780 repair=0.001415 localization=0.2321 type=0.71 minimal=0.0143 physics=0.4457 total=0.1825
[TRAIN train_climax_no_moisture_corruption_s42] [TRAIN] stage=pretrain epoch=1/1 batch=2790/3000 step=2790 repair=0.003246 localization=0.2635 type=1.86 minimal=0.01649 physics=0.08429 total=0.3593
[TRAIN train_climax_no_moisture_corruption_s42] [TRAIN] stage=pretrain epoch=1/1 batch=2800/3000 step=2800 repair=0.001711 localization=0.01893 type=0.00584 minimal=0.01727 physics=0.228 total=0.01619
[TRAIN train_climax_no_moisture_corruption_s42] [TRAIN] stage=pretrain epoch=1/1 batch=2810/3000 step=2810 repair=0.0012 localization=0.022 type=0.000455 minimal=0.02133 physics=0.3191 total=0.01964
[TRAIN train_climax_no_moisture_corruption_s42] [TRAIN] stage=pretrain epoch=1/1 batch=2820/3000 step=2820 repair=0.01356 localization=0.2259 type=0.562 minimal=0.01846 physics=0.1168 total=0.1293
[TRAIN train_climax_no_moisture_corruption_s42] [TRAIN] stage=pretrain epoch=1/1 batch=2830/3000 step=2830 repair=0.008183 localization=0.334 type=0.2661 minimal=0.01913 physics=0.1238 total=0.0957
[TRAIN train_climax_no_moisture_corruption_s42] [TRAIN] stage=pretrain epoch=1/1 batch=2840/3000 step=2840 repair=0.002554 localization=0.2093 type=1.692 minimal=0.01473 physics=0.08462 total=0.3499
[TRAIN train_climax_no_moisture_corruption_s42] [TRAIN] stage=pretrain epoch=1/1 batch=2850/3000 step=2850 repair=0.002416 localization=0.01302 type=0.0003724 minimal=0.01704 physics=0.237 total=0.01579
[TRAIN train_climax_no_moisture_corruption_s42] [TRAIN] stage=pretrain epoch=1/1 batch=2860/3000 step=2860 repair=0.001186 localization=0.01685 type=0.001377 minimal=0.01958 physics=0.2187 total=0.0142
[TRAIN train_climax_no_moisture_corruption_s42] [TRAIN] stage=pretrain epoch=1/1 batch=2870/3000 step=2870 repair=0.02145 localization=0.23 type=0.7231 minimal=0.0153 physics=2.03 total=0.2184
[TRAIN train_climax_no_moisture_corruption_s42] [TRAIN] stage=pretrain epoch=1/1 batch=2880/3000 step=2880 repair=0.002474 localization=0.3923 type=1.031 minimal=0.01469 physics=0.05212 total=0.1958
[TRAIN train_climax_no_moisture_corruption_s42] [TRAIN] stage=pretrain epoch=1/1 batch=2890/3000 step=2890 repair=0.005506 localization=0.4308 type=2.56 minimal=0.01404 physics=0.163 total=0.5122
[TRAIN train_climax_no_moisture_corruption_s42] [TRAIN] stage=pretrain epoch=1/1 batch=2900/3000 step=2900 repair=0.009892 localization=0.318 type=1.001 minimal=0.01564 physics=1.164 total=0.2002
[TRAIN train_climax_no_moisture_corruption_s42] [TRAIN] stage=pretrain epoch=1/1 batch=2910/3000 step=2910 repair=0.02963 localization=0.3057 type=0.7659 minimal=0.01461 physics=1.773 total=0.2256
[TRAIN train_climax_no_moisture_corruption_s42] [TRAIN] stage=pretrain epoch=1/1 batch=2920/3000 step=2920 repair=0.01844 localization=0.2503 type=0.7388 minimal=0.01547 physics=1.326 total=0.1838
[TRAIN train_climax_no_moisture_corruption_s42] [TRAIN] stage=pretrain epoch=1/1 batch=2930/3000 step=2930 repair=0.003779 localization=0.272 type=1.664 minimal=0.01633 physics=0.06569 total=0.2924
[TRAIN train_climax_no_moisture_corruption_s42] [TRAIN] stage=pretrain epoch=1/1 batch=2940/3000 step=2940 repair=0.003837 localization=0.3099 type=1.58 minimal=0.01585 physics=0.09831 total=0.2828
[TRAIN train_climax_no_moisture_corruption_s42] [TRAIN] stage=pretrain epoch=1/1 batch=2950/3000 step=2950 repair=0.00501 localization=0.3159 type=1.577 minimal=0.01634 physics=0.1273 total=0.2804
[TRAIN train_climax_no_moisture_corruption_s42] [TRAIN] stage=pretrain epoch=1/1 batch=2960/3000 step=2960 repair=0.004244 localization=0.2337 type=1.519 minimal=0.01526 physics=0.1189 total=0.2627
[TRAIN train_climax_no_moisture_corruption_s42] [TRAIN] stage=pretrain epoch=1/1 batch=2970/3000 step=2970 repair=0.0006672 localization=0.01056 type=0.0002458 minimal=0.01677 physics=0.1445 total=0.009148
[TRAIN train_climax_no_moisture_corruption_s42] [TRAIN] stage=pretrain epoch=1/1 batch=2980/3000 step=2980 repair=0.008726 localization=0.3423 type=0.7507 minimal=0.0134 physics=1.474 total=0.1918
[TRAIN train_climax_no_moisture_corruption_s42] [TRAIN] stage=pretrain epoch=1/1 batch=2990/3000 step=2990 repair=0.004513 localization=0.3304 type=1.481 minimal=0.01663 physics=0.08642 total=0.2699
[TRAIN train_climax_no_moisture_corruption_s42] [TRAIN] stage=pretrain epoch=1/1 batch=3000/3000 step=3000 repair=0.001949 localization=0.3725 type=0.6848 minimal=0.01209 physics=0.4771 total=0.1317
[TRAIN train_climax_no_moisture_corruption_s42] [EPOCH] {'stage': 'pretrain', 'epoch': 0, 'global_step': 3000, 'train_total': 0.252381991543031, 'val_repair_mse': 0.13008062820881605, 'elapsed_seconds': 1754.29}
[TRAIN train_climax_no_moisture_corruption_s42] [BEST] val_repair_mse=0.130081
[TRAIN train_climax_no_moisture_corruption_s42] [STAGE] finetune epochs=1 start_epoch=0
[TRAIN train_climax_no_moisture_corruption_s42] [TRAIN] stage=finetune epoch=1/1 batch=10/3000 step=3010 repair=0.1239 localization=0 type=0 minimal=0.02747 physics=0.6165 total=0.155
[TRAIN train_climax_no_moisture_corruption_s42] [TRAIN] stage=finetune epoch=1/1 batch=20/3000 step=3020 repair=0.08411 localization=0 type=0 minimal=0.03421 physics=0.5581 total=0.1124
[TRAIN train_climax_no_moisture_corruption_s42] [TRAIN] stage=finetune epoch=1/1 batch=30/3000 step=3030 repair=0.0933 localization=0 type=0 minimal=0.03537 physics=0.5633 total=0.1218
[TRAIN train_climax_no_moisture_corruption_s42] [TRAIN] stage=finetune epoch=1/1 batch=40/3000 step=3040 repair=0.09833 localization=0 type=0 minimal=0.03439 physics=0.6475 total=0.131
[TRAIN train_climax_no_moisture_corruption_s42] [TRAIN] stage=finetune epoch=1/1 batch=50/3000 step=3050 repair=0.0904 localization=0 type=0 minimal=0.034 physics=0.6714 total=0.1243
[TRAIN train_climax_no_moisture_corruption_s42] [TRAIN] stage=finetune epoch=1/1 batch=60/3000 step=3060 repair=0.08511 localization=0 type=0 minimal=0.03207 physics=0.5991 total=0.1154
[TRAIN train_climax_no_moisture_corruption_s42] [TRAIN] stage=finetune epoch=1/1 batch=70/3000 step=3070 repair=0.1812 localization=0 type=0 minimal=0.03745 physics=0.6693 total=0.215
[TRAIN train_climax_no_moisture_corruption_s42] [TRAIN] stage=finetune epoch=1/1 batch=80/3000 step=3080 repair=0.09741 localization=0 type=0 minimal=0.03928 physics=0.6341 total=0.1295
[TRAIN train_climax_no_moisture_corruption_s42] [TRAIN] stage=finetune epoch=1/1 batch=90/3000 step=3090 repair=0.1161 localization=0 type=0 minimal=0.03491 physics=0.6657 total=0.1498
[TRAIN train_climax_no_moisture_corruption_s42] [TRAIN] stage=finetune epoch=1/1 batch=100/3000 step=3100 repair=0.08096 localization=0 type=0 minimal=0.03476 physics=0.6555 total=0.1141
[TRAIN train_climax_no_moisture_corruption_s42] [TRAIN] stage=finetune epoch=1/1 batch=110/3000 step=3110 repair=0.124 localization=0 type=0 minimal=0.03519 physics=0.6658 total=0.1577
[TRAIN train_climax_no_moisture_corruption_s42] [TRAIN] stage=finetune epoch=1/1 batch=120/3000 step=3120 repair=0.1299 localization=0 type=0 minimal=0.03397 physics=0.6595 total=0.1632
[TRAIN train_climax_no_moisture_corruption_s42] [TRAIN] stage=finetune epoch=1/1 batch=130/3000 step=3130 repair=0.1232 localization=0 type=0 minimal=0.03827 physics=0.6631 total=0.1567
[TRAIN train_climax_no_moisture_corruption_s42] [TRAIN] stage=finetune epoch=1/1 batch=140/3000 step=3140 repair=0.09001 localization=0 type=0 minimal=0.03833 physics=0.6898 total=0.1249
[TRAIN train_climax_no_moisture_corruption_s42] [TRAIN] stage=finetune epoch=1/1 batch=150/3000 step=3150 repair=0.1686 localization=0 type=0 minimal=0.03851 physics=0.6782 total=0.2029
[TRAIN train_climax_no_moisture_corruption_s42] [TRAIN] stage=finetune epoch=1/1 batch=160/3000 step=3160 repair=0.1143 localization=0 type=0 minimal=0.03751 physics=0.6263 total=0.146
[TRAIN train_climax_no_moisture_corruption_s42] [TRAIN] stage=finetune epoch=1/1 batch=170/3000 step=3170 repair=0.1254 localization=0 type=0 minimal=0.03934 physics=0.597 total=0.1557
[TRAIN train_climax_no_moisture_corruption_s42] [TRAIN] stage=finetune epoch=1/1 batch=180/3000 step=3180 repair=0.1684 localization=0 type=0 minimal=0.0394 physics=0.5839 total=0.198
[TRAIN train_climax_no_moisture_corruption_s42] [TRAIN] stage=finetune epoch=1/1 batch=190/3000 step=3190 repair=0.1107 localization=0 type=0 minimal=0.03763 physics=0.6241 total=0.1422
[TRAIN train_climax_no_moisture_corruption_s42] [TRAIN] stage=finetune epoch=1/1 batch=200/3000 step=3200 repair=0.1296 localization=0 type=0 minimal=0.04037 physics=0.5726 total=0.1586
[TRAIN train_climax_no_moisture_corruption_s42] [TRAIN] stage=finetune epoch=1/1 batch=210/3000 step=3210 repair=0.1259 localization=0 type=0 minimal=0.04376 physics=0.4943 total=0.151
[TRAIN train_climax_no_moisture_corruption_s42] [TRAIN] stage=finetune epoch=1/1 batch=220/3000 step=3220 repair=0.1189 localization=0 type=0 minimal=0.04178 physics=0.5079 total=0.1447
[TRAIN train_climax_no_moisture_corruption_s42] [TRAIN] stage=finetune epoch=1/1 batch=230/3000 step=3230 repair=0.129 localization=0 type=0 minimal=0.04169 physics=0.5354 total=0.1562
[TRAIN train_climax_no_moisture_corruption_s42] [TRAIN] stage=finetune epoch=1/1 batch=240/3000 step=3240 repair=0.1611 localization=0 type=0 minimal=0.04239 physics=0.5323 total=0.1882
[TRAIN train_climax_no_moisture_corruption_s42] [TRAIN] stage=finetune epoch=1/1 batch=250/3000 step=3250 repair=0.08672 localization=0 type=0 minimal=0.04285 physics=0.5339 total=0.1139
[TRAIN train_climax_no_moisture_corruption_s42] [TRAIN] stage=finetune epoch=1/1 batch=260/3000 step=3260 repair=0.1241 localization=0 type=0 minimal=0.03494 physics=0.5459 total=0.1517
[TRAIN train_climax_no_moisture_corruption_s42] [TRAIN] stage=finetune epoch=1/1 batch=270/3000 step=3270 repair=0.123 localization=0 type=0 minimal=0.04181 physics=0.5555 total=0.1512
[TRAIN train_climax_no_moisture_corruption_s42] [TRAIN] stage=finetune epoch=1/1 batch=280/3000 step=3280 repair=0.1503 localization=0 type=0 minimal=0.043 physics=0.5484 total=0.1781
[TRAIN train_climax_no_moisture_corruption_s42] [TRAIN] stage=finetune epoch=1/1 batch=290/3000 step=3290 repair=0.1161 localization=0 type=0 minimal=0.04425 physics=0.4996 total=0.1415
[TRAIN train_climax_no_moisture_corruption_s42] [TRAIN] stage=finetune epoch=1/1 batch=300/3000 step=3300 repair=0.1285 localization=0 type=0 minimal=0.04391 physics=0.5514 total=0.1565
[TRAIN train_climax_no_moisture_corruption_s42] [TRAIN] stage=finetune epoch=1/1 batch=310/3000 step=3310 repair=0.1683 localization=0 type=0 minimal=0.04846 physics=0.489 total=0.1932
[TRAIN train_climax_no_moisture_corruption_s42] [TRAIN] stage=finetune epoch=1/1 batch=320/3000 step=3320 repair=0.1192 localization=0 type=0 minimal=0.04486 physics=0.519 total=0.1456
[TRAIN train_climax_no_moisture_corruption_s42] [TRAIN] stage=finetune epoch=1/1 batch=330/3000 step=3330 repair=0.179 localization=0 type=0 minimal=0.04782 physics=0.5151 total=0.2053
[TRAIN train_climax_no_moisture_corruption_s42] [TRAIN] stage=finetune epoch=1/1 batch=340/3000 step=3340 repair=0.07686 localization=0 type=0 minimal=0.03882 physics=0.4799 total=0.1012
[TRAIN train_climax_no_moisture_corruption_s42] [TRAIN] stage=finetune epoch=1/1 batch=350/3000 step=3350 repair=0.07659 localization=0 type=0 minimal=0.04407 physics=0.5105 total=0.1026
[TRAIN train_climax_no_moisture_corruption_s42] [TRAIN] stage=finetune epoch=1/1 batch=360/3000 step=3360 repair=0.1221 localization=0 type=0 minimal=0.04556 physics=0.5401 total=0.1496
[TRAIN train_climax_no_moisture_corruption_s42] [TRAIN] stage=finetune epoch=1/1 batch=370/3000 step=3370 repair=0.07182 localization=0 type=0 minimal=0.04266 physics=0.5631 total=0.1004
[TRAIN train_climax_no_moisture_corruption_s42] [TRAIN] stage=finetune epoch=1/1 batch=380/3000 step=3380 repair=0.1282 localization=0 type=0 minimal=0.04578 physics=0.5466 total=0.156
[TRAIN train_climax_no_moisture_corruption_s42] [TRAIN] stage=finetune epoch=1/1 batch=390/3000 step=3390 repair=0.1244 localization=0 type=0 minimal=0.0459 physics=0.5391 total=0.1518
[TRAIN train_climax_no_moisture_corruption_s42] [TRAIN] stage=finetune epoch=1/1 batch=400/3000 step=3400 repair=0.1347 localization=0 type=0 minimal=0.04904 physics=0.5622 total=0.1633
[TRAIN train_climax_no_moisture_corruption_s42] [TRAIN] stage=finetune epoch=1/1 batch=410/3000 step=3410 repair=0.1745 localization=0 type=0 minimal=0.05078 physics=0.6065 total=0.2053
[TRAIN train_climax_no_moisture_corruption_s42] [TRAIN] stage=finetune epoch=1/1 batch=420/3000 step=3420 repair=0.08905 localization=0 type=0 minimal=0.047 physics=0.5684 total=0.1179
[TRAIN train_climax_no_moisture_corruption_s42] [TRAIN] stage=finetune epoch=1/1 batch=430/3000 step=3430 repair=0.1271 localization=0 type=0 minimal=0.04575 physics=0.5221 total=0.1537
[TRAIN train_climax_no_moisture_corruption_s42] [TRAIN] stage=finetune epoch=1/1 batch=440/3000 step=3440 repair=0.08919 localization=0 type=0 minimal=0.04504 physics=0.5021 total=0.1147
[TRAIN train_climax_no_moisture_corruption_s42] [TRAIN] stage=finetune epoch=1/1 batch=450/3000 step=3450 repair=0.1329 localization=0 type=0 minimal=0.04669 physics=0.5215 total=0.1594
[TRAIN train_climax_no_moisture_corruption_s42] [TRAIN] stage=finetune epoch=1/1 batch=460/3000 step=3460 repair=0.09268 localization=0 type=0 minimal=0.04715 physics=0.5141 total=0.1189
[TRAIN train_climax_no_moisture_corruption_s42] [TRAIN] stage=finetune epoch=1/1 batch=470/3000 step=3470 repair=0.1639 localization=0 type=0 minimal=0.04758 physics=0.5051 total=0.1896
[TRAIN train_climax_no_moisture_corruption_s42] [TRAIN] stage=finetune epoch=1/1 batch=480/3000 step=3480 repair=0.0803 localization=0 type=0 minimal=0.04724 physics=0.5141 total=0.1065
[TRAIN train_climax_no_moisture_corruption_s42] [TRAIN] stage=finetune epoch=1/1 batch=490/3000 step=3490 repair=0.1249 localization=0 type=0 minimal=0.05392 physics=0.52 total=0.1514
[TRAIN train_climax_no_moisture_corruption_s42] [TRAIN] stage=finetune epoch=1/1 batch=500/3000 step=3500 repair=0.1156 localization=0 type=0 minimal=0.04874 physics=0.4917 total=0.1406
[TRAIN train_climax_no_moisture_corruption_s42] [TRAIN] stage=finetune epoch=1/1 batch=510/3000 step=3510 repair=0.08187 localization=0 type=0 minimal=0.04791 physics=0.4542 total=0.1051
[TRAIN train_climax_no_moisture_corruption_s42] [TRAIN] stage=finetune epoch=1/1 batch=520/3000 step=3520 repair=0.1227 localization=0 type=0 minimal=0.04892 physics=0.4955 total=0.148
[TRAIN train_climax_no_moisture_corruption_s42] [TRAIN] stage=finetune epoch=1/1 batch=530/3000 step=3530 repair=0.113 localization=0 type=0 minimal=0.04651 physics=0.5323 total=0.14
[TRAIN train_climax_no_moisture_corruption_s42] [TRAIN] stage=finetune epoch=1/1 batch=540/3000 step=3540 repair=0.1296 localization=0 type=0 minimal=0.04886 physics=0.5926 total=0.1597
[TRAIN train_climax_no_moisture_corruption_s42] [TRAIN] stage=finetune epoch=1/1 batch=550/3000 step=3550 repair=0.1148 localization=0 type=0 minimal=0.04791 physics=0.5894 total=0.1447
[TRAIN train_climax_no_moisture_corruption_s42] [TRAIN] stage=finetune epoch=1/1 batch=560/3000 step=3560 repair=0.1246 localization=0 type=0 minimal=0.05249 physics=0.5763 total=0.1539
[TRAIN train_climax_no_moisture_corruption_s42] [TRAIN] stage=finetune epoch=1/1 batch=570/3000 step=3570 repair=0.08851 localization=0 type=0 minimal=0.05038 physics=0.6228 total=0.1201
[TRAIN train_climax_no_moisture_corruption_s42] [TRAIN] stage=finetune epoch=1/1 batch=580/3000 step=3580 repair=0.1229 localization=0 type=0 minimal=0.04868 physics=0.5472 total=0.1508
[TRAIN train_climax_no_moisture_corruption_s42] [TRAIN] stage=finetune epoch=1/1 batch=590/3000 step=3590 repair=0.08149 localization=0 type=0 minimal=0.05203 physics=0.5327 total=0.1086
[TRAIN train_climax_no_moisture_corruption_s42] [TRAIN] stage=finetune epoch=1/1 batch=600/3000 step=3600 repair=0.08699 localization=0 type=0 minimal=0.05243 physics=0.588 total=0.1169
[TRAIN train_climax_no_moisture_corruption_s42] [TRAIN] stage=finetune epoch=1/1 batch=610/3000 step=3610 repair=0.1176 localization=0 type=0 minimal=0.05301 physics=0.5189 total=0.1441
[TRAIN train_climax_no_moisture_corruption_s42] [TRAIN] stage=finetune epoch=1/1 batch=620/3000 step=3620 repair=0.09475 localization=0 type=0 minimal=0.05078 physics=0.5266 total=0.1216
[TRAIN train_climax_no_moisture_corruption_s42] [TRAIN] stage=finetune epoch=1/1 batch=630/3000 step=3630 repair=0.08351 localization=0 type=0 minimal=0.05237 physics=0.5442 total=0.1112
[TRAIN train_climax_no_moisture_corruption_s42] [TRAIN] stage=finetune epoch=1/1 batch=640/3000 step=3640 repair=0.0781 localization=0 type=0 minimal=0.05237 physics=0.4827 total=0.1028
[TRAIN train_climax_no_moisture_corruption_s42] [TRAIN] stage=finetune epoch=1/1 batch=650/3000 step=3650 repair=0.1619 localization=0 type=0 minimal=0.05072 physics=0.5734 total=0.191
[TRAIN train_climax_no_moisture_corruption_s42] [TRAIN] stage=finetune epoch=1/1 batch=660/3000 step=3660 repair=0.111 localization=0 type=0 minimal=0.05399 physics=0.4852 total=0.1358
[TRAIN train_climax_no_moisture_corruption_s42] [TRAIN] stage=finetune epoch=1/1 batch=670/3000 step=3670 repair=0.08239 localization=0 type=0 minimal=0.0535 physics=0.4723 total=0.1065
[TRAIN train_climax_no_moisture_corruption_s42] [TRAIN] stage=finetune epoch=1/1 batch=680/3000 step=3680 repair=0.1199 localization=0 type=0 minimal=0.04974 physics=0.4929 total=0.145
[TRAIN train_climax_no_moisture_corruption_s42] [TRAIN] stage=finetune epoch=1/1 batch=690/3000 step=3690 repair=0.1331 localization=0 type=0 minimal=0.05011 physics=0.4995 total=0.1586
[TRAIN train_climax_no_moisture_corruption_s42] [TRAIN] stage=finetune epoch=1/1 batch=700/3000 step=3700 repair=0.1662 localization=0 type=0 minimal=0.05322 physics=0.4915 total=0.1913
[TRAIN train_climax_no_moisture_corruption_s42] [TRAIN] stage=finetune epoch=1/1 batch=710/3000 step=3710 repair=0.08888 localization=0 type=0 minimal=0.05371 physics=0.4914 total=0.114
[TRAIN train_climax_no_moisture_corruption_s42] [TRAIN] stage=finetune epoch=1/1 batch=720/3000 step=3720 repair=0.1568 localization=0 type=0 minimal=0.05197 physics=0.5282 total=0.1837
[TRAIN train_climax_no_moisture_corruption_s42] [TRAIN] stage=finetune epoch=1/1 batch=730/3000 step=3730 repair=0.08641 localization=0 type=0 minimal=0.05814 physics=0.529 total=0.1134
[TRAIN train_climax_no_moisture_corruption_s42] [TRAIN] stage=finetune epoch=1/1 batch=740/3000 step=3740 repair=0.1601 localization=0 type=0 minimal=0.05145 physics=0.5711 total=0.1892
[TRAIN train_climax_no_moisture_corruption_s42] [TRAIN] stage=finetune epoch=1/1 batch=750/3000 step=3750 repair=0.07563 localization=0 type=0 minimal=0.05597 physics=0.5542 total=0.1039
[TRAIN train_climax_no_moisture_corruption_s42] [TRAIN] stage=finetune epoch=1/1 batch=760/3000 step=3760 repair=0.07893 localization=0 type=0 minimal=0.05878 physics=0.5197 total=0.1055
[TRAIN train_climax_no_moisture_corruption_s42] [TRAIN] stage=finetune epoch=1/1 batch=770/3000 step=3770 repair=0.1179 localization=0 type=0 minimal=0.05423 physics=0.475 total=0.1422
[TRAIN train_climax_no_moisture_corruption_s42] [TRAIN] stage=finetune epoch=1/1 batch=780/3000 step=3780 repair=0.1171 localization=0 type=0 minimal=0.05515 physics=0.4747 total=0.1414
[TRAIN train_climax_no_moisture_corruption_s42] [TRAIN] stage=finetune epoch=1/1 batch=790/3000 step=3790 repair=0.08167 localization=0 type=0 minimal=0.06036 physics=0.4477 total=0.1047
[TRAIN train_climax_no_moisture_corruption_s42] [TRAIN] stage=finetune epoch=1/1 batch=800/3000 step=3800 repair=0.1153 localization=0 type=0 minimal=0.05579 physics=0.4738 total=0.1395
[TRAIN train_climax_no_moisture_corruption_s42] [TRAIN] stage=finetune epoch=1/1 batch=810/3000 step=3810 repair=0.06926 localization=0 type=0 minimal=0.06134 physics=0.423 total=0.09102
[TRAIN train_climax_no_moisture_corruption_s42] [TRAIN] stage=finetune epoch=1/1 batch=820/3000 step=3820 repair=0.1173 localization=0 type=0 minimal=0.06064 physics=0.435 total=0.1397
[TRAIN train_climax_no_moisture_corruption_s42] [TRAIN] stage=finetune epoch=1/1 batch=830/3000 step=3830 repair=0.1074 localization=0 type=0 minimal=0.05453 physics=0.4109 total=0.1285
[TRAIN train_climax_no_moisture_corruption_s42] [TRAIN] stage=finetune epoch=1/1 batch=840/3000 step=3840 repair=0.141 localization=0 type=0 minimal=0.0596 physics=0.4304 total=0.1631
[TRAIN train_climax_no_moisture_corruption_s42] [TRAIN] stage=finetune epoch=1/1 batch=850/3000 step=3850 repair=0.1127 localization=0 type=0 minimal=0.05829 physics=0.4102 total=0.1338
[TRAIN train_climax_no_moisture_corruption_s42] [TRAIN] stage=finetune epoch=1/1 batch=860/3000 step=3860 repair=0.1166 localization=0 type=0 minimal=0.05783 physics=0.4456 total=0.1395
[TRAIN train_climax_no_moisture_corruption_s42] [TRAIN] stage=finetune epoch=1/1 batch=870/3000 step=3870 repair=0.1178 localization=0 type=0 minimal=0.05374 physics=0.4309 total=0.1399
[TRAIN train_climax_no_moisture_corruption_s42] [TRAIN] stage=finetune epoch=1/1 batch=880/3000 step=3880 repair=0.1263 localization=0 type=0 minimal=0.05649 physics=0.4476 total=0.1492
[TRAIN train_climax_no_moisture_corruption_s42] [TRAIN] stage=finetune epoch=1/1 batch=890/3000 step=3890 repair=0.08009 localization=0 type=0 minimal=0.06195 physics=0.4645 total=0.1039
[TRAIN train_climax_no_moisture_corruption_s42] [TRAIN] stage=finetune epoch=1/1 batch=900/3000 step=3900 repair=0.07985 localization=0 type=0 minimal=0.06134 physics=0.4857 total=0.1047
[TRAIN train_climax_no_moisture_corruption_s42] [TRAIN] stage=finetune epoch=1/1 batch=910/3000 step=3910 repair=0.07103 localization=0 type=0 minimal=0.06445 physics=0.4809 total=0.09572
[TRAIN train_climax_no_moisture_corruption_s42] [TRAIN] stage=finetune epoch=1/1 batch=920/3000 step=3920 repair=0.118 localization=0 type=0 minimal=0.05612 physics=0.4649 total=0.1418
[TRAIN train_climax_no_moisture_corruption_s42] [TRAIN] stage=finetune epoch=1/1 batch=930/3000 step=3930 repair=0.08012 localization=0 type=0 minimal=0.06476 physics=0.4781 total=0.1047
[TRAIN train_climax_no_moisture_corruption_s42] [TRAIN] stage=finetune epoch=1/1 batch=940/3000 step=3940 repair=0.07645 localization=0 type=0 minimal=0.06177 physics=0.5417 total=0.1042
[TRAIN train_climax_no_moisture_corruption_s42] [TRAIN] stage=finetune epoch=1/1 batch=950/3000 step=3950 repair=0.119 localization=0 type=0 minimal=0.05447 physics=0.4997 total=0.1445
[TRAIN train_climax_no_moisture_corruption_s42] [TRAIN] stage=finetune epoch=1/1 batch=960/3000 step=3960 repair=0.08208 localization=0 type=0 minimal=0.05704 physics=0.4636 total=0.1058
[TRAIN train_climax_no_moisture_corruption_s42] [TRAIN] stage=finetune epoch=1/1 batch=970/3000 step=3970 repair=0.1739 localization=0 type=0 minimal=0.0506 physics=0.4852 total=0.1987
[TRAIN train_climax_no_moisture_corruption_s42] [TRAIN] stage=finetune epoch=1/1 batch=980/3000 step=3980 repair=0.1289 localization=0 type=0 minimal=0.0509 physics=0.467 total=0.1527
[TRAIN train_climax_no_moisture_corruption_s42] [TRAIN] stage=finetune epoch=1/1 batch=990/3000 step=3990 repair=0.1662 localization=0 type=0 minimal=0.04691 physics=0.51 total=0.1922
[TRAIN train_climax_no_moisture_corruption_s42] [TRAIN] stage=finetune epoch=1/1 batch=1000/3000 step=4000 repair=0.07114 localization=0 type=0 minimal=0.06757 physics=0.4786 total=0.09574
[TRAIN train_climax_no_moisture_corruption_s42] [TRAIN] stage=finetune epoch=1/1 batch=1010/3000 step=4010 repair=0.06648 localization=0 type=0 minimal=0.07019 physics=0.4167 total=0.08801
[TRAIN train_climax_no_moisture_corruption_s42] [TRAIN] stage=finetune epoch=1/1 batch=1020/3000 step=4020 repair=0.1244 localization=0 type=0 minimal=0.05652 physics=0.4602 total=0.148
[TRAIN train_climax_no_moisture_corruption_s42] [TRAIN] stage=finetune epoch=1/1 batch=1030/3000 step=4030 repair=0.1807 localization=0 type=0 minimal=0.04904 physics=0.5193 total=0.2071
[TRAIN train_climax_no_moisture_corruption_s42] [TRAIN] stage=finetune epoch=1/1 batch=1040/3000 step=4040 repair=0.1063 localization=0 type=0 minimal=0.05981 physics=0.4176 total=0.1278
[TRAIN train_climax_no_moisture_corruption_s42] [TRAIN] stage=finetune epoch=1/1 batch=1050/3000 step=4050 repair=0.1591 localization=0 type=0 minimal=0.04718 physics=0.5263 total=0.1859
[TRAIN train_climax_no_moisture_corruption_s42] [TRAIN] stage=finetune epoch=1/1 batch=1060/3000 step=4060 repair=0.09221 localization=0 type=0 minimal=0.05701 physics=0.5115 total=0.1183
[TRAIN train_climax_no_moisture_corruption_s42] [TRAIN] stage=finetune epoch=1/1 batch=1070/3000 step=4070 repair=0.1223 localization=0 type=0 minimal=0.05847 physics=0.5264 total=0.1492
[TRAIN train_climax_no_moisture_corruption_s42] [TRAIN] stage=finetune epoch=1/1 batch=1080/3000 step=4080 repair=0.1227 localization=0 type=0 minimal=0.05121 physics=0.5538 total=0.1509
[TRAIN train_climax_no_moisture_corruption_s42] [TRAIN] stage=finetune epoch=1/1 batch=1090/3000 step=4090 repair=0.07875 localization=0 type=0 minimal=0.06311 physics=0.5161 total=0.1052
[TRAIN train_climax_no_moisture_corruption_s42] [TRAIN] stage=finetune epoch=1/1 batch=1100/3000 step=4100 repair=0.1172 localization=0 type=0 minimal=0.05573 physics=0.5977 total=0.1477
[TRAIN train_climax_no_moisture_corruption_s42] [TRAIN] stage=finetune epoch=1/1 batch=1110/3000 step=4110 repair=0.06876 localization=0 type=0 minimal=0.07593 physics=0.523 total=0.09567
[TRAIN train_climax_no_moisture_corruption_s42] [TRAIN] stage=finetune epoch=1/1 batch=1120/3000 step=4120 repair=0.1562 localization=0 type=0 minimal=0.05182 physics=0.585 total=0.186
[TRAIN train_climax_no_moisture_corruption_s42] [TRAIN] stage=finetune epoch=1/1 batch=1130/3000 step=4130 repair=0.07068 localization=0 type=0 minimal=0.07166 physics=0.5549 total=0.09914
[TRAIN train_climax_no_moisture_corruption_s42] [TRAIN] stage=finetune epoch=1/1 batch=1140/3000 step=4140 repair=0.06423 localization=0 type=0 minimal=0.07397 physics=0.5113 total=0.09054
[TRAIN train_climax_no_moisture_corruption_s42] [TRAIN] stage=finetune epoch=1/1 batch=1150/3000 step=4150 repair=0.07619 localization=0 type=0 minimal=0.0639 physics=0.5491 total=0.1043
[TRAIN train_climax_no_moisture_corruption_s42] [TRAIN] stage=finetune epoch=1/1 batch=1160/3000 step=4160 repair=0.1224 localization=0 type=0 minimal=0.05341 physics=0.5796 total=0.1519
[TRAIN train_climax_no_moisture_corruption_s42] [TRAIN] stage=finetune epoch=1/1 batch=1170/3000 step=4170 repair=0.0849 localization=0 type=0 minimal=0.06506 physics=0.5945 total=0.1153
[TRAIN train_climax_no_moisture_corruption_s42] [TRAIN] stage=finetune epoch=1/1 batch=1180/3000 step=4180 repair=0.08422 localization=0 type=0 minimal=0.06879 physics=0.5713 total=0.1135
[TRAIN train_climax_no_moisture_corruption_s42] [TRAIN] stage=finetune epoch=1/1 batch=1190/3000 step=4190 repair=0.1151 localization=0 type=0 minimal=0.06305 physics=0.5991 total=0.1457
[TRAIN train_climax_no_moisture_corruption_s42] [TRAIN] stage=finetune epoch=1/1 batch=1200/3000 step=4200 repair=0.1531 localization=0 type=0 minimal=0.05383 physics=0.5988 total=0.1836
[TRAIN train_climax_no_moisture_corruption_s42] [TRAIN] stage=finetune epoch=1/1 batch=1210/3000 step=4210 repair=0.07518 localization=0 type=0 minimal=0.07184 physics=0.5671 total=0.1042
[TRAIN train_climax_no_moisture_corruption_s42] [TRAIN] stage=finetune epoch=1/1 batch=1220/3000 step=4220 repair=0.07613 localization=0 type=0 minimal=0.06052 physics=0.5766 total=0.1056
[TRAIN train_climax_no_moisture_corruption_s42] [TRAIN] stage=finetune epoch=1/1 batch=1230/3000 step=4230 repair=0.1836 localization=0 type=0 minimal=0.05228 physics=0.6129 total=0.2147
[TRAIN train_climax_no_moisture_corruption_s42] [TRAIN] stage=finetune epoch=1/1 batch=1240/3000 step=4240 repair=0.09202 localization=0 type=0 minimal=0.0582 physics=0.6368 total=0.1244
[TRAIN train_climax_no_moisture_corruption_s42] [TRAIN] stage=finetune epoch=1/1 batch=1250/3000 step=4250 repair=0.1633 localization=0 type=0 minimal=0.05289 physics=0.5605 total=0.1918
[TRAIN train_climax_no_moisture_corruption_s42] [TRAIN] stage=finetune epoch=1/1 batch=1260/3000 step=4260 repair=0.1298 localization=0 type=0 minimal=0.05798 physics=0.5417 total=0.1575
[TRAIN train_climax_no_moisture_corruption_s42] [TRAIN] stage=finetune epoch=1/1 batch=1270/3000 step=4270 repair=0.08535 localization=0 type=0 minimal=0.06323 physics=0.52 total=0.112
[TRAIN train_climax_no_moisture_corruption_s42] [TRAIN] stage=finetune epoch=1/1 batch=1280/3000 step=4280 repair=0.1168 localization=0 type=0 minimal=0.06396 physics=0.5514 total=0.145
[TRAIN train_climax_no_moisture_corruption_s42] [TRAIN] stage=finetune epoch=1/1 batch=1290/3000 step=4290 repair=0.08434 localization=0 type=0 minimal=0.06689 physics=0.578 total=0.1139
[TRAIN train_climax_no_moisture_corruption_s42] [TRAIN] stage=finetune epoch=1/1 batch=1300/3000 step=4300 repair=0.121 localization=0 type=0 minimal=0.05338 physics=0.6167 total=0.1524
[TRAIN train_climax_no_moisture_corruption_s42] [TRAIN] stage=finetune epoch=1/1 batch=1310/3000 step=4310 repair=0.09402 localization=0 type=0 minimal=0.06256 physics=0.6428 total=0.1268
[TRAIN train_climax_no_moisture_corruption_s42] [TRAIN] stage=finetune epoch=1/1 batch=1320/3000 step=4320 repair=0.06565 localization=0 type=0 minimal=0.07611 physics=0.622 total=0.09751
[TRAIN train_climax_no_moisture_corruption_s42] [TRAIN] stage=finetune epoch=1/1 batch=1330/3000 step=4330 repair=0.1298 localization=0 type=0 minimal=0.06107 physics=0.5885 total=0.1598
[TRAIN train_climax_no_moisture_corruption_s42] [TRAIN] stage=finetune epoch=1/1 batch=1340/3000 step=4340 repair=0.117 localization=0 type=0 minimal=0.05823 physics=0.5927 total=0.1472
[TRAIN train_climax_no_moisture_corruption_s42] [TRAIN] stage=finetune epoch=1/1 batch=1350/3000 step=4350 repair=0.1317 localization=0 type=0 minimal=0.0625 physics=0.5446 total=0.1596
[TRAIN train_climax_no_moisture_corruption_s42] [TRAIN] stage=finetune epoch=1/1 batch=1360/3000 step=4360 repair=0.1356 localization=0 type=0 minimal=0.06836 physics=0.5729 total=0.1649
[TRAIN train_climax_no_moisture_corruption_s42] [TRAIN] stage=finetune epoch=1/1 batch=1370/3000 step=4370 repair=0.1377 localization=0 type=0 minimal=0.056 physics=0.5608 total=0.1663
[TRAIN train_climax_no_moisture_corruption_s42] [TRAIN] stage=finetune epoch=1/1 batch=1380/3000 step=4380 repair=0.1859 localization=0 type=0 minimal=0.05399 physics=0.5305 total=0.2129
[TRAIN train_climax_no_moisture_corruption_s42] [TRAIN] stage=finetune epoch=1/1 batch=1390/3000 step=4390 repair=0.06159 localization=0 type=0 minimal=0.08289 physics=0.4751 total=0.08618
[TRAIN train_climax_no_moisture_corruption_s42] [TRAIN] stage=finetune epoch=1/1 batch=1400/3000 step=4400 repair=0.1098 localization=0 type=0 minimal=0.06329 physics=0.4722 total=0.1341
[TRAIN train_climax_no_moisture_corruption_s42] [TRAIN] stage=finetune epoch=1/1 batch=1410/3000 step=4410 repair=0.07574 localization=0 type=0 minimal=0.07043 physics=0.4732 total=0.1001
[TRAIN train_climax_no_moisture_corruption_s42] [TRAIN] stage=finetune epoch=1/1 batch=1420/3000 step=4420 repair=0.07863 localization=0 type=0 minimal=0.07465 physics=0.4883 total=0.1038
[TRAIN train_climax_no_moisture_corruption_s42] [TRAIN] stage=finetune epoch=1/1 batch=1430/3000 step=4430 repair=0.06355 localization=0 type=0 minimal=0.08295 physics=0.485 total=0.08862
[TRAIN train_climax_no_moisture_corruption_s42] [TRAIN] stage=finetune epoch=1/1 batch=1440/3000 step=4440 repair=0.0702 localization=0 type=0 minimal=0.07953 physics=0.494 total=0.09569
[TRAIN train_climax_no_moisture_corruption_s42] [TRAIN] stage=finetune epoch=1/1 batch=1450/3000 step=4450 repair=0.1124 localization=0 type=0 minimal=0.06079 physics=0.507 total=0.1384
[TRAIN train_climax_no_moisture_corruption_s42] [TRAIN] stage=finetune epoch=1/1 batch=1460/3000 step=4460 repair=0.1237 localization=0 type=0 minimal=0.06281 physics=0.5257 total=0.1506
[TRAIN train_climax_no_moisture_corruption_s42] [TRAIN] stage=finetune epoch=1/1 batch=1470/3000 step=4470 repair=0.1357 localization=0 type=0 minimal=0.06445 physics=0.5062 total=0.1617
[TRAIN train_climax_no_moisture_corruption_s42] [TRAIN] stage=finetune epoch=1/1 batch=1480/3000 step=4480 repair=0.1282 localization=0 type=0 minimal=0.06409 physics=0.5163 total=0.1546
[TRAIN train_climax_no_moisture_corruption_s42] [TRAIN] stage=finetune epoch=1/1 batch=1490/3000 step=4490 repair=0.07694 localization=0 type=0 minimal=0.0705 physics=0.4515 total=0.1002
[TRAIN train_climax_no_moisture_corruption_s42] [TRAIN] stage=finetune epoch=1/1 batch=1500/3000 step=4500 repair=0.157 localization=0 type=0 minimal=0.05353 physics=0.4434 total=0.1797
[TRAIN train_climax_no_moisture_corruption_s42] [TRAIN] stage=finetune epoch=1/1 batch=1510/3000 step=4510 repair=0.07969 localization=0 type=0 minimal=0.07184 physics=0.4339 total=0.1021
[TRAIN train_climax_no_moisture_corruption_s42] [TRAIN] stage=finetune epoch=1/1 batch=1520/3000 step=4520 repair=0.08423 localization=0 type=0 minimal=0.05969 physics=0.4863 total=0.1091
[TRAIN train_climax_no_moisture_corruption_s42] [TRAIN] stage=finetune epoch=1/1 batch=1530/3000 step=4530 repair=0.08304 localization=0 type=0 minimal=0.06476 physics=0.5179 total=0.1096
[TRAIN train_climax_no_moisture_corruption_s42] [TRAIN] stage=finetune epoch=1/1 batch=1540/3000 step=4540 repair=0.09812 localization=0 type=0 minimal=0.06512 physics=0.5158 total=0.1246
[TRAIN train_climax_no_moisture_corruption_s42] [TRAIN] stage=finetune epoch=1/1 batch=1550/3000 step=4550 repair=0.0801 localization=0 type=0 minimal=0.05685 physics=0.4861 total=0.105
[TRAIN train_climax_no_moisture_corruption_s42] [TRAIN] stage=finetune epoch=1/1 batch=1560/3000 step=4560 repair=0.08585 localization=0 type=0 minimal=0.07166 physics=0.4984 total=0.1115
[TRAIN train_climax_no_moisture_corruption_s42] [TRAIN] stage=finetune epoch=1/1 batch=1570/3000 step=4570 repair=0.06964 localization=0 type=0 minimal=0.073 physics=0.4718 total=0.09396
[TRAIN train_climax_no_moisture_corruption_s42] [TRAIN] stage=finetune epoch=1/1 batch=1580/3000 step=4580 repair=0.07584 localization=0 type=0 minimal=0.06702 physics=0.4706 total=0.1
[TRAIN train_climax_no_moisture_corruption_s42] [TRAIN] stage=finetune epoch=1/1 batch=1590/3000 step=4590 repair=0.1076 localization=0 type=0 minimal=0.07532 physics=0.479 total=0.1323
[TRAIN train_climax_no_moisture_corruption_s42] [TRAIN] stage=finetune epoch=1/1 batch=1600/3000 step=4600 repair=0.1284 localization=0 type=0 minimal=0.05753 physics=0.4684 total=0.1524
[TRAIN train_climax_no_moisture_corruption_s42] [TRAIN] stage=finetune epoch=1/1 batch=1610/3000 step=4610 repair=0.05694 localization=0 type=0 minimal=0.08368 physics=0.3941 total=0.07749
[TRAIN train_climax_no_moisture_corruption_s42] [TRAIN] stage=finetune epoch=1/1 batch=1620/3000 step=4620 repair=0.1065 localization=0 type=0 minimal=0.06015 physics=0.3981 total=0.127
[TRAIN train_climax_no_moisture_corruption_s42] [TRAIN] stage=finetune epoch=1/1 batch=1630/3000 step=4630 repair=0.1906 localization=0 type=0 minimal=0.05676 physics=0.4404 total=0.2132
[TRAIN train_climax_no_moisture_corruption_s42] [TRAIN] stage=finetune epoch=1/1 batch=1640/3000 step=4640 repair=0.1183 localization=0 type=0 minimal=0.06854 physics=0.4197 total=0.14
[TRAIN train_climax_no_moisture_corruption_s42] [TRAIN] stage=finetune epoch=1/1 batch=1650/3000 step=4650 repair=0.09038 localization=0 type=0 minimal=0.07031 physics=0.4106 total=0.1116
[TRAIN train_climax_no_moisture_corruption_s42] [TRAIN] stage=finetune epoch=1/1 batch=1660/3000 step=4660 repair=0.06381 localization=0 type=0 minimal=0.07587 physics=0.3382 total=0.08148
[TRAIN train_climax_no_moisture_corruption_s42] [TRAIN] stage=finetune epoch=1/1 batch=1670/3000 step=4670 repair=0.09998 localization=0 type=0 minimal=0.06866 physics=0.4059 total=0.121
[TRAIN train_climax_no_moisture_corruption_s42] [TRAIN] stage=finetune epoch=1/1 batch=1680/3000 step=4680 repair=0.1297 localization=0 type=0 minimal=0.05786 physics=0.427 total=0.1517
[TRAIN train_climax_no_moisture_corruption_s42] [TRAIN] stage=finetune epoch=1/1 batch=1690/3000 step=4690 repair=0.1116 localization=0 type=0 minimal=0.06567 physics=0.4934 total=0.1369
[TRAIN train_climax_no_moisture_corruption_s42] [TRAIN] stage=finetune epoch=1/1 batch=1700/3000 step=4700 repair=0.07372 localization=0 type=0 minimal=0.07275 physics=0.4566 total=0.09727
[TRAIN train_climax_no_moisture_corruption_s42] [TRAIN] stage=finetune epoch=1/1 batch=1710/3000 step=4710 repair=0.1554 localization=0 type=0 minimal=0.05322 physics=0.5293 total=0.1824
[TRAIN train_climax_no_moisture_corruption_s42] [TRAIN] stage=finetune epoch=1/1 batch=1720/3000 step=4720 repair=0.07605 localization=0 type=0 minimal=0.07715 physics=0.4769 total=0.1007
[TRAIN train_climax_no_moisture_corruption_s42] [TRAIN] stage=finetune epoch=1/1 batch=1730/3000 step=4730 repair=0.08665 localization=0 type=0 minimal=0.06241 physics=0.5006 total=0.1123
[TRAIN train_climax_no_moisture_corruption_s42] [TRAIN] stage=finetune epoch=1/1 batch=1740/3000 step=4740 repair=0.06642 localization=0 type=0 minimal=0.0799 physics=0.4583 total=0.09013
[TRAIN train_climax_no_moisture_corruption_s42] [TRAIN] stage=finetune epoch=1/1 batch=1750/3000 step=4750 repair=0.08255 localization=0 type=0 minimal=0.06635 physics=0.4306 total=0.1047
[TRAIN train_climax_no_moisture_corruption_s42] [TRAIN] stage=finetune epoch=1/1 batch=1760/3000 step=4760 repair=0.07341 localization=0 type=0 minimal=0.07483 physics=0.4168 total=0.095
[TRAIN train_climax_no_moisture_corruption_s42] [TRAIN] stage=finetune epoch=1/1 batch=1770/3000 step=4770 repair=0.1648 localization=0 type=0 minimal=0.05267 physics=0.4144 total=0.186
[TRAIN train_climax_no_moisture_corruption_s42] [TRAIN] stage=finetune epoch=1/1 batch=1780/3000 step=4780 repair=0.07482 localization=0 type=0 minimal=0.07776 physics=0.3832 total=0.09475
[TRAIN train_climax_no_moisture_corruption_s42] [TRAIN] stage=finetune epoch=1/1 batch=1790/3000 step=4790 repair=0.1143 localization=0 type=0 minimal=0.07068 physics=0.4176 total=0.1359
[TRAIN train_climax_no_moisture_corruption_s42] [TRAIN] stage=finetune epoch=1/1 batch=1800/3000 step=4800 repair=0.08279 localization=0 type=0 minimal=0.06769 physics=0.4521 total=0.1061
[TRAIN train_climax_no_moisture_corruption_s42] [TRAIN] stage=finetune epoch=1/1 batch=1810/3000 step=4810 repair=0.07768 localization=0 type=0 minimal=0.07764 physics=0.3967 total=0.09829
[TRAIN train_climax_no_moisture_corruption_s42] [TRAIN] stage=finetune epoch=1/1 batch=1820/3000 step=4820 repair=0.1452 localization=0 type=0 minimal=0.05771 physics=0.4643 total=0.169
[TRAIN train_climax_no_moisture_corruption_s42] [TRAIN] stage=finetune epoch=1/1 batch=1830/3000 step=4830 repair=0.1268 localization=0 type=0 minimal=0.0592 physics=0.5122 total=0.153
[TRAIN train_climax_no_moisture_corruption_s42] [TRAIN] stage=finetune epoch=1/1 batch=1840/3000 step=4840 repair=0.06156 localization=0 type=0 minimal=0.08673 physics=0.4736 total=0.08611
[TRAIN train_climax_no_moisture_corruption_s42] [TRAIN] stage=finetune epoch=1/1 batch=1850/3000 step=4850 repair=0.1116 localization=0 type=0 minimal=0.06927 physics=0.4814 total=0.1363
[TRAIN train_climax_no_moisture_corruption_s42] [TRAIN] stage=finetune epoch=1/1 batch=1860/3000 step=4860 repair=0.0876 localization=0 type=0 minimal=0.06708 physics=0.4649 total=0.1115
[TRAIN train_climax_no_moisture_corruption_s42] [TRAIN] stage=finetune epoch=1/1 batch=1870/3000 step=4870 repair=0.1173 localization=0 type=0 minimal=0.06946 physics=0.4531 total=0.1406
[TRAIN train_climax_no_moisture_corruption_s42] [TRAIN] stage=finetune epoch=1/1 batch=1880/3000 step=4880 repair=0.1269 localization=0 type=0 minimal=0.0708 physics=0.453 total=0.1502
[TRAIN train_climax_no_moisture_corruption_s42] [TRAIN] stage=finetune epoch=1/1 batch=1890/3000 step=4890 repair=0.08017 localization=0 type=0 minimal=0.0799 physics=0.4448 total=0.1032
[TRAIN train_climax_no_moisture_corruption_s42] [TRAIN] stage=finetune epoch=1/1 batch=1900/3000 step=4900 repair=0.1298 localization=0 type=0 minimal=0.06476 physics=0.482 total=0.1545
[TRAIN train_climax_no_moisture_corruption_s42] [TRAIN] stage=finetune epoch=1/1 batch=1910/3000 step=4910 repair=0.1489 localization=0 type=0 minimal=0.05603 physics=0.5005 total=0.1745
[TRAIN train_climax_no_moisture_corruption_s42] [TRAIN] stage=finetune epoch=1/1 batch=1920/3000 step=4920 repair=0.1592 localization=0 type=0 minimal=0.05612 physics=0.4728 total=0.1834
[TRAIN train_climax_no_moisture_corruption_s42] [TRAIN] stage=finetune epoch=1/1 batch=1930/3000 step=4930 repair=0.07444 localization=0 type=0 minimal=0.07294 physics=0.4254 total=0.09644
[TRAIN train_climax_no_moisture_corruption_s42] [TRAIN] stage=finetune epoch=1/1 batch=1940/3000 step=4940 repair=0.1666 localization=0 type=0 minimal=0.0585 physics=0.4593 total=0.1902
[TRAIN train_climax_no_moisture_corruption_s42] [TRAIN] stage=finetune epoch=1/1 batch=1950/3000 step=4950 repair=0.1115 localization=0 type=0 minimal=0.07935 physics=0.4068 total=0.1327
[TRAIN train_climax_no_moisture_corruption_s42] [TRAIN] stage=finetune epoch=1/1 batch=1960/3000 step=4960 repair=0.1185 localization=0 type=0 minimal=0.06842 physics=0.4664 total=0.1425
[TRAIN train_climax_no_moisture_corruption_s42] [TRAIN] stage=finetune epoch=1/1 batch=1970/3000 step=4970 repair=0.1754 localization=0 type=0 minimal=0.05759 physics=0.5011 total=0.201
[TRAIN train_climax_no_moisture_corruption_s42] [TRAIN] stage=finetune epoch=1/1 batch=1980/3000 step=4980 repair=0.1121 localization=0 type=0 minimal=0.07062 physics=0.4545 total=0.1356
[TRAIN train_climax_no_moisture_corruption_s42] [TRAIN] stage=finetune epoch=1/1 batch=1990/3000 step=4990 repair=0.06248 localization=0 type=0 minimal=0.08795 physics=0.3736 total=0.08204
[TRAIN train_climax_no_moisture_corruption_s42] [TRAIN] stage=finetune epoch=1/1 batch=2000/3000 step=5000 repair=0.1132 localization=0 type=0 minimal=0.06335 physics=0.3867 total=0.1331
[TRAIN train_climax_no_moisture_corruption_s42] [TRAIN] stage=finetune epoch=1/1 batch=2010/3000 step=5010 repair=0.1187 localization=0 type=0 minimal=0.0697 physics=0.3834 total=0.1386
[TRAIN train_climax_no_moisture_corruption_s42] [TRAIN] stage=finetune epoch=1/1 batch=2020/3000 step=5020 repair=0.113 localization=0 type=0 minimal=0.07166 physics=0.4293 total=0.1352
[TRAIN train_climax_no_moisture_corruption_s42] [TRAIN] stage=finetune epoch=1/1 batch=2030/3000 step=5030 repair=0.09386 localization=0 type=0 minimal=0.06653 physics=0.458 total=0.1174
[TRAIN train_climax_no_moisture_corruption_s42] [TRAIN] stage=finetune epoch=1/1 batch=2040/3000 step=5040 repair=0.08822 localization=0 type=0 minimal=0.07141 physics=0.4666 total=0.1123
[TRAIN train_climax_no_moisture_corruption_s42] [TRAIN] stage=finetune epoch=1/1 batch=2050/3000 step=5050 repair=0.061 localization=0 type=0 minimal=0.07745 physics=0.4331 total=0.08343
[TRAIN train_climax_no_moisture_corruption_s42] [TRAIN] stage=finetune epoch=1/1 batch=2060/3000 step=5060 repair=0.125 localization=0 type=0 minimal=0.06616 physics=0.4724 total=0.1493
[TRAIN train_climax_no_moisture_corruption_s42] [TRAIN] stage=finetune epoch=1/1 batch=2070/3000 step=5070 repair=0.1144 localization=0 type=0 minimal=0.073 physics=0.4561 total=0.1379
[TRAIN train_climax_no_moisture_corruption_s42] [TRAIN] stage=finetune epoch=1/1 batch=2080/3000 step=5080 repair=0.1118 localization=0 type=0 minimal=0.07208 physics=0.4496 total=0.135
[TRAIN train_climax_no_moisture_corruption_s42] [TRAIN] stage=finetune epoch=1/1 batch=2090/3000 step=5090 repair=0.07619 localization=0 type=0 minimal=0.08282 physics=0.4794 total=0.101
[TRAIN train_climax_no_moisture_corruption_s42] [TRAIN] stage=finetune epoch=1/1 batch=2100/3000 step=5100 repair=0.09044 localization=0 type=0 minimal=0.06543 physics=0.4675 total=0.1145
[TRAIN train_climax_no_moisture_corruption_s42] [TRAIN] stage=finetune epoch=1/1 batch=2110/3000 step=5110 repair=0.1195 localization=0 type=0 minimal=0.07648 physics=0.4873 total=0.1446
[TRAIN train_climax_no_moisture_corruption_s42] [TRAIN] stage=finetune epoch=1/1 batch=2120/3000 step=5120 repair=0.1569 localization=0 type=0 minimal=0.05624 physics=0.4872 total=0.1818
[TRAIN train_climax_no_moisture_corruption_s42] [TRAIN] stage=finetune epoch=1/1 batch=2130/3000 step=5130 repair=0.1138 localization=0 type=0 minimal=0.07263 physics=0.4841 total=0.1388
[TRAIN train_climax_no_moisture_corruption_s42] [TRAIN] stage=finetune epoch=1/1 batch=2140/3000 step=5140 repair=0.0866 localization=0 type=0 minimal=0.06384 physics=0.4607 total=0.1103
[TRAIN train_climax_no_moisture_corruption_s42] [TRAIN] stage=finetune epoch=1/1 batch=2150/3000 step=5150 repair=0.1624 localization=0 type=0 minimal=0.05606 physics=0.5236 total=0.1891
[TRAIN train_climax_no_moisture_corruption_s42] [TRAIN] stage=finetune epoch=1/1 batch=2160/3000 step=5160 repair=0.07238 localization=0 type=0 minimal=0.0835 physics=0.4151 total=0.09397
[TRAIN train_climax_no_moisture_corruption_s42] [TRAIN] stage=finetune epoch=1/1 batch=2170/3000 step=5170 repair=0.1092 localization=0 type=0 minimal=0.06927 physics=0.4404 total=0.1319
[TRAIN train_climax_no_moisture_corruption_s42] [TRAIN] stage=finetune epoch=1/1 batch=2180/3000 step=5180 repair=0.1086 localization=0 type=0 minimal=0.07233 physics=0.3928 total=0.129
[TRAIN train_climax_no_moisture_corruption_s42] [TRAIN] stage=finetune epoch=1/1 batch=2190/3000 step=5190 repair=0.07392 localization=0 type=0 minimal=0.07837 physics=0.353 total=0.09236
[TRAIN train_climax_no_moisture_corruption_s42] [TRAIN] stage=finetune epoch=1/1 batch=2200/3000 step=5200 repair=0.1085 localization=0 type=0 minimal=0.07721 physics=0.3317 total=0.1258
[TRAIN train_climax_no_moisture_corruption_s42] [TRAIN] stage=finetune epoch=1/1 batch=2210/3000 step=5210 repair=0.1146 localization=0 type=0 minimal=0.07428 physics=0.3187 total=0.1312
[TRAIN train_climax_no_moisture_corruption_s42] [TRAIN] stage=finetune epoch=1/1 batch=2220/3000 step=5220 repair=0.07368 localization=0 type=0 minimal=0.06561 physics=0.3918 total=0.09392
[TRAIN train_climax_no_moisture_corruption_s42] [TRAIN] stage=finetune epoch=1/1 batch=2230/3000 step=5230 repair=0.07538 localization=0 type=0 minimal=0.07288 physics=0.3986 total=0.09603
[TRAIN train_climax_no_moisture_corruption_s42] [TRAIN] stage=finetune epoch=1/1 batch=2240/3000 step=5240 repair=0.07731 localization=0 type=0 minimal=0.07843 physics=0.4078 total=0.09849
[TRAIN train_climax_no_moisture_corruption_s42] [TRAIN] stage=finetune epoch=1/1 batch=2250/3000 step=5250 repair=0.1103 localization=0 type=0 minimal=0.07001 physics=0.4163 total=0.1318
[TRAIN train_climax_no_moisture_corruption_s42] [TRAIN] stage=finetune epoch=1/1 batch=2260/3000 step=5260 repair=0.07549 localization=0 type=0 minimal=0.07489 physics=0.4091 total=0.09669
[TRAIN train_climax_no_moisture_corruption_s42] [TRAIN] stage=finetune epoch=1/1 batch=2270/3000 step=5270 repair=0.1117 localization=0 type=0 minimal=0.07776 physics=0.4267 total=0.1338
[TRAIN train_climax_no_moisture_corruption_s42] [TRAIN] stage=finetune epoch=1/1 batch=2280/3000 step=5280 repair=0.07428 localization=0 type=0 minimal=0.07593 physics=0.4171 total=0.0959
[TRAIN train_climax_no_moisture_corruption_s42] [TRAIN] stage=finetune epoch=1/1 batch=2290/3000 step=5290 repair=0.06929 localization=0 type=0 minimal=0.1008 physics=0.3869 total=0.08964
[TRAIN train_climax_no_moisture_corruption_s42] [TRAIN] stage=finetune epoch=1/1 batch=2300/3000 step=5300 repair=0.1112 localization=0 type=0 minimal=0.07397 physics=0.3572 total=0.1298
[TRAIN train_climax_no_moisture_corruption_s42] [TRAIN] stage=finetune epoch=1/1 batch=2310/3000 step=5310 repair=0.09594 localization=0 type=0 minimal=0.07544 physics=0.3664 total=0.115
[TRAIN train_climax_no_moisture_corruption_s42] [TRAIN] stage=finetune epoch=1/1 batch=2320/3000 step=5320 repair=0.1126 localization=0 type=0 minimal=0.07098 physics=0.3889 total=0.1328
[TRAIN train_climax_no_moisture_corruption_s42] [TRAIN] stage=finetune epoch=1/1 batch=2330/3000 step=5330 repair=0.1571 localization=0 type=0 minimal=0.06046 physics=0.4304 total=0.1792
[TRAIN train_climax_no_moisture_corruption_s42] [TRAIN] stage=finetune epoch=1/1 batch=2340/3000 step=5340 repair=0.08024 localization=0 type=0 minimal=0.07465 physics=0.3618 total=0.09908
[TRAIN train_climax_no_moisture_corruption_s42] [TRAIN] stage=finetune epoch=1/1 batch=2350/3000 step=5350 repair=0.1259 localization=0 type=0 minimal=0.05908 physics=0.4039 total=0.1467
[TRAIN train_climax_no_moisture_corruption_s42] [TRAIN] stage=finetune epoch=1/1 batch=2360/3000 step=5360 repair=0.1289 localization=0 type=0 minimal=0.06195 physics=0.4157 total=0.1503
[TRAIN train_climax_no_moisture_corruption_s42] [TRAIN] stage=finetune epoch=1/1 batch=2370/3000 step=5370 repair=0.1251 localization=0 type=0 minimal=0.07367 physics=0.3656 total=0.1442
[TRAIN train_climax_no_moisture_corruption_s42] [TRAIN] stage=finetune epoch=1/1 batch=2380/3000 step=5380 repair=0.1055 localization=0 type=0 minimal=0.06995 physics=0.3259 total=0.1225
[TRAIN train_climax_no_moisture_corruption_s42] [TRAIN] stage=finetune epoch=1/1 batch=2390/3000 step=5390 repair=0.1286 localization=0 type=0 minimal=0.06976 physics=0.319 total=0.1453
[TRAIN train_climax_no_moisture_corruption_s42] [TRAIN] stage=finetune epoch=1/1 batch=2400/3000 step=5400 repair=0.1228 localization=0 type=0 minimal=0.06268 physics=0.3119 total=0.139
[TRAIN train_climax_no_moisture_corruption_s42] [TRAIN] stage=finetune epoch=1/1 batch=2410/3000 step=5410 repair=0.1234 localization=0 type=0 minimal=0.0618 physics=0.3362 total=0.1408
[TRAIN train_climax_no_moisture_corruption_s42] [TRAIN] stage=finetune epoch=1/1 batch=2420/3000 step=5420 repair=0.1594 localization=0 type=0 minimal=0.05801 physics=0.3422 total=0.1771
[TRAIN train_climax_no_moisture_corruption_s42] [TRAIN] stage=finetune epoch=1/1 batch=2430/3000 step=5430 repair=0.1332 localization=0 type=0 minimal=0.06061 physics=0.4092 total=0.1543
[TRAIN train_climax_no_moisture_corruption_s42] [TRAIN] stage=finetune epoch=1/1 batch=2440/3000 step=5440 repair=0.07095 localization=0 type=0 minimal=0.07544 physics=0.3045 total=0.08692
[TRAIN train_climax_no_moisture_corruption_s42] [TRAIN] stage=finetune epoch=1/1 batch=2450/3000 step=5450 repair=0.1201 localization=0 type=0 minimal=0.06604 physics=0.3378 total=0.1376
[TRAIN train_climax_no_moisture_corruption_s42] [TRAIN] stage=finetune epoch=1/1 batch=2460/3000 step=5460 repair=0.1164 localization=0 type=0 minimal=0.06009 physics=0.3275 total=0.1334
[TRAIN train_climax_no_moisture_corruption_s42] [TRAIN] stage=finetune epoch=1/1 batch=2470/3000 step=5470 repair=0.102 localization=0 type=0 minimal=0.07562 physics=0.3243 total=0.119
[TRAIN train_climax_no_moisture_corruption_s42] [TRAIN] stage=finetune epoch=1/1 batch=2480/3000 step=5480 repair=0.0875 localization=0 type=0 minimal=0.06555 physics=0.3235 total=0.1043
[TRAIN train_climax_no_moisture_corruption_s42] [TRAIN] stage=finetune epoch=1/1 batch=2490/3000 step=5490 repair=0.1241 localization=0 type=0 minimal=0.07428 physics=0.3253 total=0.1411
[TRAIN train_climax_no_moisture_corruption_s42] [TRAIN] stage=finetune epoch=1/1 batch=2500/3000 step=5500 repair=0.07346 localization=0 type=0 minimal=0.07898 physics=0.3517 total=0.09184
[TRAIN train_climax_no_moisture_corruption_s42] [TRAIN] stage=finetune epoch=1/1 batch=2510/3000 step=5510 repair=0.08296 localization=0 type=0 minimal=0.06226 physics=0.3673 total=0.1019
[TRAIN train_climax_no_moisture_corruption_s42] [TRAIN] stage=finetune epoch=1/1 batch=2520/3000 step=5520 repair=0.1118 localization=0 type=0 minimal=0.06842 physics=0.3609 total=0.1306
[TRAIN train_climax_no_moisture_corruption_s42] [TRAIN] stage=finetune epoch=1/1 batch=2530/3000 step=5530 repair=0.05936 localization=0 type=0 minimal=0.08154 physics=0.3133 total=0.07584
[TRAIN train_climax_no_moisture_corruption_s42] [TRAIN] stage=finetune epoch=1/1 batch=2540/3000 step=5540 repair=0.08346 localization=0 type=0 minimal=0.07104 physics=0.3268 total=0.1005
[TRAIN train_climax_no_moisture_corruption_s42] [TRAIN] stage=finetune epoch=1/1 batch=2550/3000 step=5550 repair=0.0739 localization=0 type=0 minimal=0.07239 physics=0.3336 total=0.0913
[TRAIN train_climax_no_moisture_corruption_s42] [TRAIN] stage=finetune epoch=1/1 batch=2560/3000 step=5560 repair=0.06163 localization=0 type=0 minimal=0.09375 physics=0.3746 total=0.08129
[TRAIN train_climax_no_moisture_corruption_s42] [TRAIN] stage=finetune epoch=1/1 batch=2570/3000 step=5570 repair=0.06761 localization=0 type=0 minimal=0.07574 physics=0.4077 total=0.08875
[TRAIN train_climax_no_moisture_corruption_s42] [TRAIN] stage=finetune epoch=1/1 batch=2580/3000 step=5580 repair=0.07972 localization=0 type=0 minimal=0.08148 physics=0.3829 total=0.09968
[TRAIN train_climax_no_moisture_corruption_s42] [TRAIN] stage=finetune epoch=1/1 batch=2590/3000 step=5590 repair=0.1232 localization=0 type=0 minimal=0.06427 physics=0.4374 total=0.1457
[TRAIN train_climax_no_moisture_corruption_s42] [TRAIN] stage=finetune epoch=1/1 batch=2600/3000 step=5600 repair=0.1255 localization=0 type=0 minimal=0.06836 physics=0.4099 total=0.1467
[TRAIN train_climax_no_moisture_corruption_s42] [TRAIN] stage=finetune epoch=1/1 batch=2610/3000 step=5610 repair=0.07522 localization=0 type=0 minimal=0.07977 physics=0.3463 total=0.09334
[TRAIN train_climax_no_moisture_corruption_s42] [TRAIN] stage=finetune epoch=1/1 batch=2620/3000 step=5620 repair=0.1124 localization=0 type=0 minimal=0.07623 physics=0.4262 total=0.1345
[TRAIN train_climax_no_moisture_corruption_s42] [TRAIN] stage=finetune epoch=1/1 batch=2630/3000 step=5630 repair=0.1146 localization=0 type=0 minimal=0.07404 physics=0.3702 total=0.1338
[TRAIN train_climax_no_moisture_corruption_s42] [TRAIN] stage=finetune epoch=1/1 batch=2640/3000 step=5640 repair=0.1132 localization=0 type=0 minimal=0.07721 physics=0.3579 total=0.1318
[TRAIN train_climax_no_moisture_corruption_s42] [TRAIN] stage=finetune epoch=1/1 batch=2650/3000 step=5650 repair=0.1422 localization=0 type=0 minimal=0.05872 physics=0.3622 total=0.1609
[TRAIN train_climax_no_moisture_corruption_s42] [TRAIN] stage=finetune epoch=1/1 batch=2660/3000 step=5660 repair=0.1176 localization=0 type=0 minimal=0.07343 physics=0.332 total=0.1349
[TRAIN train_climax_no_moisture_corruption_s42] [TRAIN] stage=finetune epoch=1/1 batch=2670/3000 step=5670 repair=0.1207 localization=0 type=0 minimal=0.06854 physics=0.3462 total=0.1387
[TRAIN train_climax_no_moisture_corruption_s42] [TRAIN] stage=finetune epoch=1/1 batch=2680/3000 step=5680 repair=0.1299 localization=0 type=0 minimal=0.06628 physics=0.3599 total=0.1485
[TRAIN train_climax_no_moisture_corruption_s42] [TRAIN] stage=finetune epoch=1/1 batch=2690/3000 step=5690 repair=0.06668 localization=0 type=0 minimal=0.09131 physics=0.3436 total=0.08477
[TRAIN train_climax_no_moisture_corruption_s42] [TRAIN] stage=finetune epoch=1/1 batch=2700/3000 step=5700 repair=0.1234 localization=0 type=0 minimal=0.06799 physics=0.3148 total=0.1398
[TRAIN train_climax_no_moisture_corruption_s42] [TRAIN] stage=finetune epoch=1/1 batch=2710/3000 step=5710 repair=0.1563 localization=0 type=0 minimal=0.05981 physics=0.3181 total=0.1728
[TRAIN train_climax_no_moisture_corruption_s42] [TRAIN] stage=finetune epoch=1/1 batch=2720/3000 step=5720 repair=0.1136 localization=0 type=0 minimal=0.07422 physics=0.2932 total=0.129
[TRAIN train_climax_no_moisture_corruption_s42] [TRAIN] stage=finetune epoch=1/1 batch=2730/3000 step=5730 repair=0.09137 localization=0 type=0 minimal=0.0741 physics=0.3157 total=0.1079
[TRAIN train_climax_no_moisture_corruption_s42] [TRAIN] stage=finetune epoch=1/1 batch=2740/3000 step=5740 repair=0.176 localization=0 type=0 minimal=0.06094 physics=0.34 total=0.1936
[TRAIN train_climax_no_moisture_corruption_s42] [TRAIN] stage=finetune epoch=1/1 batch=2750/3000 step=5750 repair=0.0738 localization=0 type=0 minimal=0.08081 physics=0.2517 total=0.08719
[TRAIN train_climax_no_moisture_corruption_s42] [TRAIN] stage=finetune epoch=1/1 batch=2760/3000 step=5760 repair=0.1628 localization=0 type=0 minimal=0.05698 physics=0.3093 total=0.1789
[TRAIN train_climax_no_moisture_corruption_s42] [TRAIN] stage=finetune epoch=1/1 batch=2770/3000 step=5770 repair=0.1154 localization=0 type=0 minimal=0.07068 physics=0.2729 total=0.1297
[TRAIN train_climax_no_moisture_corruption_s42] [TRAIN] stage=finetune epoch=1/1 batch=2780/3000 step=5780 repair=0.09003 localization=0 type=0 minimal=0.06903 physics=0.2788 total=0.1047
[TRAIN train_climax_no_moisture_corruption_s42] [TRAIN] stage=finetune epoch=1/1 batch=2790/3000 step=5790 repair=0.1184 localization=0 type=0 minimal=0.0766 physics=0.2702 total=0.1327
[TRAIN train_climax_no_moisture_corruption_s42] [TRAIN] stage=finetune epoch=1/1 batch=2800/3000 step=5800 repair=0.1517 localization=0 type=0 minimal=0.06372 physics=0.2703 total=0.1659
[TRAIN train_climax_no_moisture_corruption_s42] [TRAIN] stage=finetune epoch=1/1 batch=2810/3000 step=5810 repair=0.08027 localization=0 type=0 minimal=0.06293 physics=0.2902 total=0.09541
[TRAIN train_climax_no_moisture_corruption_s42] [TRAIN] stage=finetune epoch=1/1 batch=2820/3000 step=5820 repair=0.07984 localization=0 type=0 minimal=0.04761 physics=0.7727 total=0.119
[TRAIN train_climax_no_moisture_corruption_s42] [TRAIN] stage=finetune epoch=1/1 batch=2830/3000 step=5830 repair=0.1527 localization=0 type=0 minimal=0.06329 physics=0.3003 total=0.1683
[TRAIN train_climax_no_moisture_corruption_s42] [TRAIN] stage=finetune epoch=1/1 batch=2840/3000 step=5840 repair=0.1308 localization=0 type=0 minimal=0.08014 physics=0.2771 total=0.1454
[TRAIN train_climax_no_moisture_corruption_s42] [TRAIN] stage=finetune epoch=1/1 batch=2850/3000 step=5850 repair=0.131 localization=0 type=0 minimal=0.06342 physics=0.2875 total=0.146
[TRAIN train_climax_no_moisture_corruption_s42] [TRAIN] stage=finetune epoch=1/1 batch=2860/3000 step=5860 repair=0.1207 localization=0 type=0 minimal=0.07599 physics=0.2481 total=0.1338
[TRAIN train_climax_no_moisture_corruption_s42] [TRAIN] stage=finetune epoch=1/1 batch=2870/3000 step=5870 repair=0.1008 localization=0 type=0 minimal=0.07111 physics=0.2655 total=0.1148
[TRAIN train_climax_no_moisture_corruption_s42] [TRAIN] stage=finetune epoch=1/1 batch=2880/3000 step=5880 repair=0.1022 localization=0 type=0 minimal=0.0722 physics=0.2993 total=0.1178
[TRAIN train_climax_no_moisture_corruption_s42] [TRAIN] stage=finetune epoch=1/1 batch=2890/3000 step=5890 repair=0.0826 localization=0 type=0 minimal=0.08142 physics=0.305 total=0.09867
[TRAIN train_climax_no_moisture_corruption_s42] [TRAIN] stage=finetune epoch=1/1 batch=2900/3000 step=5900 repair=0.1204 localization=0 type=0 minimal=0.06274 physics=0.2976 total=0.1359
[TRAIN train_climax_no_moisture_corruption_s42] [TRAIN] stage=finetune epoch=1/1 batch=2910/3000 step=5910 repair=0.1268 localization=0 type=0 minimal=0.06232 physics=0.2883 total=0.1418
[TRAIN train_climax_no_moisture_corruption_s42] [TRAIN] stage=finetune epoch=1/1 batch=2920/3000 step=5920 repair=0.1747 localization=0 type=0 minimal=0.06305 physics=0.3063 total=0.1906
[TRAIN train_climax_no_moisture_corruption_s42] [TRAIN] stage=finetune epoch=1/1 batch=2930/3000 step=5930 repair=0.1197 localization=0 type=0 minimal=0.0647 physics=0.2765 total=0.1342
[TRAIN train_climax_no_moisture_corruption_s42] [TRAIN] stage=finetune epoch=1/1 batch=2940/3000 step=5940 repair=0.1061 localization=0 type=0 minimal=0.07611 physics=0.3101 total=0.1223
[TRAIN train_climax_no_moisture_corruption_s42] [TRAIN] stage=finetune epoch=1/1 batch=2950/3000 step=5950 repair=0.1683 localization=0 type=0 minimal=0.0603 physics=0.3989 total=0.1889
[TRAIN train_climax_no_moisture_corruption_s42] [TRAIN] stage=finetune epoch=1/1 batch=2960/3000 step=5960 repair=0.1289 localization=0 type=0 minimal=0.06885 physics=0.387 total=0.1489
[TRAIN train_climax_no_moisture_corruption_s42] [TRAIN] stage=finetune epoch=1/1 batch=2970/3000 step=5970 repair=0.1555 localization=0 type=0 minimal=0.06793 physics=0.3016 total=0.1713
[TRAIN train_climax_no_moisture_corruption_s42] [TRAIN] stage=finetune epoch=1/1 batch=2980/3000 step=5980 repair=0.0791 localization=0 type=0 minimal=0.07397 physics=0.3092 total=0.0953
[TRAIN train_climax_no_moisture_corruption_s42] [TRAIN] stage=finetune epoch=1/1 batch=2990/3000 step=5990 repair=0.1282 localization=0 type=0 minimal=0.07196 physics=0.3099 total=0.1444
[TRAIN train_climax_no_moisture_corruption_s42] [TRAIN] stage=finetune epoch=1/1 batch=3000/3000 step=6000 repair=0.1149 localization=0 type=0 minimal=0.07288 physics=0.2905 total=0.1302
[TRAIN train_climax_no_moisture_corruption_s42] [EPOCH] {'stage': 'finetune', 'epoch': 0, 'global_step': 6000, 'train_total': 0.1673869309400519, 'val_repair_mse': 0.11572054540738463, 'elapsed_seconds': 3772.99}
[TRAIN train_climax_no_moisture_corruption_s42] [BEST] val_repair_mse=0.115721
[TRAIN train_climax_no_moisture_corruption_s42] [TRAIN COMPLETE] {
[TRAIN train_climax_no_moisture_corruption_s42]   "run_id": "prelim20_train_climax_no_moisture_corruption_s42",
[TRAIN train_climax_no_moisture_corruption_s42]   "status": "completed",
[TRAIN train_climax_no_moisture_corruption_s42]   "method": "no_moisture_corruption",
[TRAIN train_climax_no_moisture_corruption_s42]   "backbone": "climax",
[TRAIN train_climax_no_moisture_corruption_s42]   "seed": 42,
[TRAIN train_climax_no_moisture_corruption_s42]   "forecast_provider": "zarr_frozen_fm",
[TRAIN train_climax_no_moisture_corruption_s42]   "best_val_repair_mse": 0.11572054540738463,
[TRAIN train_climax_no_moisture_corruption_s42]   "global_step": 6000,
[TRAIN train_climax_no_moisture_corruption_s42]   "elapsed_seconds": 3773.13,
[TRAIN train_climax_no_moisture_corruption_s42]   "checkpoint_best": "/home/tahiti/ConserveFM/runs/prelim20_train/train_climax_no_moisture_corruption_s42/checkpoint_best.pt",
[TRAIN train_climax_no_moisture_corruption_s42]   "checkpoint_last": "/home/tahiti/ConserveFM/runs/prelim20_train/train_climax_no_moisture_corruption_s42/checkpoint_last.pt"
[TRAIN train_climax_no_moisture_corruption_s42] }
