[TRAIN train_climax_no_moisture_constraint_s43] [SETUP] device=cuda
[TRAIN train_climax_no_moisture_constraint_s43] [SETUP] run_id=prelim20_train_climax_no_moisture_constraint_s43 method=no_moisture_constraint backbone=climax
[TRAIN train_climax_no_moisture_constraint_s43] [FORECAST] using frozen forecast cache: /home/tahiti/ConserveFM/forecasts/climax.zarr
[TRAIN train_climax_no_moisture_constraint_s43] [STAGE] pretrain epochs=1 start_epoch=0
[TRAIN train_climax_no_moisture_constraint_s43] [TRAIN] stage=pretrain epoch=1/1 batch=10/3000 step=10 repair=0.01926 localization=0.3977 type=1.383 minimal=0.09943 physics=1.697 total=0.2832
[TRAIN train_climax_no_moisture_constraint_s43] [TRAIN] stage=pretrain epoch=1/1 batch=20/3000 step=20 repair=0.01683 localization=0.3331 type=1.779 minimal=0.0943 physics=0.866 total=0.2723
[TRAIN train_climax_no_moisture_constraint_s43] [TRAIN] stage=pretrain epoch=1/1 batch=30/3000 step=30 repair=0.01238 localization=0.2482 type=1.83 minimal=0.07288 physics=1.156 total=0.3891
[TRAIN train_climax_no_moisture_constraint_s43] [TRAIN] stage=pretrain epoch=1/1 batch=40/3000 step=40 repair=0.004673 localization=0.2482 type=1.534 minimal=0.04407 physics=0.7998 total=0.2233
[TRAIN train_climax_no_moisture_constraint_s43] [TRAIN] stage=pretrain epoch=1/1 batch=50/3000 step=50 repair=0.003259 localization=0.268 type=2.436 minimal=0.03906 physics=0.5001 total=0.4719
[TRAIN train_climax_no_moisture_constraint_s43] [TRAIN] stage=pretrain epoch=1/1 batch=60/3000 step=60 repair=0.005175 localization=0.2636 type=1.993 minimal=0.04053 physics=0.4743 total=0.3779
[TRAIN train_climax_no_moisture_constraint_s43] [TRAIN] stage=pretrain epoch=1/1 batch=70/3000 step=70 repair=0.005266 localization=0.255 type=1.62 minimal=0.03311 physics=0.4437 total=0.2152
[TRAIN train_climax_no_moisture_constraint_s43] [TRAIN] stage=pretrain epoch=1/1 batch=80/3000 step=80 repair=0.002356 localization=0.269 type=2.026 minimal=0.02951 physics=0.2455 total=0.3548
[TRAIN train_climax_no_moisture_constraint_s43] [TRAIN] stage=pretrain epoch=1/1 batch=90/3000 step=90 repair=0.005269 localization=0.3339 type=2.049 minimal=0.03635 physics=0.2887 total=0.3597
[TRAIN train_climax_no_moisture_constraint_s43] [TRAIN] stage=pretrain epoch=1/1 batch=100/3000 step=100 repair=0.008793 localization=0.2459 type=0.8442 minimal=0.03677 physics=1.652 total=0.2008
[TRAIN train_climax_no_moisture_constraint_s43] [TRAIN] stage=pretrain epoch=1/1 batch=110/3000 step=110 repair=0.003412 localization=0.2429 type=1.551 minimal=0.02992 physics=0.2984 total=0.198
[TRAIN train_climax_no_moisture_constraint_s43] [TRAIN] stage=pretrain epoch=1/1 batch=120/3000 step=120 repair=0.006657 localization=0.2942 type=2.199 minimal=0.02747 physics=0.4255 total=0.3923
[TRAIN train_climax_no_moisture_constraint_s43] [TRAIN] stage=pretrain epoch=1/1 batch=130/3000 step=130 repair=0.01696 localization=0.296 type=2.907 minimal=0.02831 physics=0.2142 total=0.5846
[TRAIN train_climax_no_moisture_constraint_s43] [TRAIN] stage=pretrain epoch=1/1 batch=140/3000 step=140 repair=0.00912 localization=0.2987 type=2.772 minimal=0.02917 physics=0.1672 total=0.5622
[TRAIN train_climax_no_moisture_constraint_s43] [TRAIN] stage=pretrain epoch=1/1 batch=150/3000 step=150 repair=0.01968 localization=0.304 type=1.892 minimal=0.034 physics=0.2884 total=0.254
[TRAIN train_climax_no_moisture_constraint_s43] [TRAIN] stage=pretrain epoch=1/1 batch=160/3000 step=160 repair=0.006873 localization=0.2845 type=1.437 minimal=0.03223 physics=0.5947 total=0.209
[TRAIN train_climax_no_moisture_constraint_s43] [TRAIN] stage=pretrain epoch=1/1 batch=170/3000 step=170 repair=0.008519 localization=0.246 type=1.822 minimal=0.02722 physics=0.1481 total=0.264
[TRAIN train_climax_no_moisture_constraint_s43] [TRAIN] stage=pretrain epoch=1/1 batch=180/3000 step=180 repair=0.0102 localization=0.2723 type=0.9258 minimal=0.02721 physics=1.031 total=0.1818
[TRAIN train_climax_no_moisture_constraint_s43] [TRAIN] stage=pretrain epoch=1/1 batch=190/3000 step=190 repair=0.007188 localization=0.271 type=2.139 minimal=0.03217 physics=0.2481 total=0.2609
[TRAIN train_climax_no_moisture_constraint_s43] [TRAIN] stage=pretrain epoch=1/1 batch=200/3000 step=200 repair=0.00375 localization=0.2485 type=2.494 minimal=0.0276 physics=0.3526 total=0.4627
[TRAIN train_climax_no_moisture_constraint_s43] [TRAIN] stage=pretrain epoch=1/1 batch=210/3000 step=210 repair=0.003717 localization=0.3121 type=2.428 minimal=0.02673 physics=0.2014 total=0.4957
[TRAIN train_climax_no_moisture_constraint_s43] [TRAIN] stage=pretrain epoch=1/1 batch=220/3000 step=220 repair=0.003385 localization=0.3051 type=1.337 minimal=0.0228 physics=0.2682 total=0.285
[TRAIN train_climax_no_moisture_constraint_s43] [TRAIN] stage=pretrain epoch=1/1 batch=230/3000 step=230 repair=0.003391 localization=0.2251 type=0.9375 minimal=0.02104 physics=0.1414 total=0.1825
[TRAIN train_climax_no_moisture_constraint_s43] [TRAIN] stage=pretrain epoch=1/1 batch=240/3000 step=240 repair=0.00651 localization=0.3016 type=2.324 minimal=0.02507 physics=0.2253 total=0.2806
[TRAIN train_climax_no_moisture_constraint_s43] [TRAIN] stage=pretrain epoch=1/1 batch=250/3000 step=250 repair=0.02642 localization=0.2862 type=2.065 minimal=0.02463 physics=0.2983 total=0.4518
[TRAIN train_climax_no_moisture_constraint_s43] [TRAIN] stage=pretrain epoch=1/1 batch=260/3000 step=260 repair=0.00461 localization=0.2999 type=0.918 minimal=0.02383 physics=0.2115 total=0.1372
[TRAIN train_climax_no_moisture_constraint_s43] [TRAIN] stage=pretrain epoch=1/1 batch=270/3000 step=270 repair=0.02027 localization=0.2078 type=2.411 minimal=0.0284 physics=0.4409 total=0.4601
[TRAIN train_climax_no_moisture_constraint_s43] [TRAIN] stage=pretrain epoch=1/1 batch=280/3000 step=280 repair=0.00616 localization=0.3603 type=1.365 minimal=0.02673 physics=0.2134 total=0.2837
[TRAIN train_climax_no_moisture_constraint_s43] [TRAIN] stage=pretrain epoch=1/1 batch=290/3000 step=290 repair=0.003426 localization=0.3528 type=2.178 minimal=0.02554 physics=0.2346 total=0.4243
[TRAIN train_climax_no_moisture_constraint_s43] [TRAIN] stage=pretrain epoch=1/1 batch=300/3000 step=300 repair=0.02393 localization=0.3503 type=2.143 minimal=0.02405 physics=0.5609 total=0.4435
[TRAIN train_climax_no_moisture_constraint_s43] [TRAIN] stage=pretrain epoch=1/1 batch=310/3000 step=310 repair=0.005594 localization=0.2368 type=1.338 minimal=0.02522 physics=0.7448 total=0.2006
[TRAIN train_climax_no_moisture_constraint_s43] [TRAIN] stage=pretrain epoch=1/1 batch=320/3000 step=320 repair=0.005213 localization=0.2296 type=2.146 minimal=0.02849 physics=0.1624 total=0.2511
[TRAIN train_climax_no_moisture_constraint_s43] [TRAIN] stage=pretrain epoch=1/1 batch=330/3000 step=330 repair=0.003511 localization=0.3508 type=1.814 minimal=0.02603 physics=0.1723 total=0.2792
[TRAIN train_climax_no_moisture_constraint_s43] [TRAIN] stage=pretrain epoch=1/1 batch=340/3000 step=340 repair=0.006141 localization=0.2166 type=3.048 minimal=0.02553 physics=0.1842 total=0.558
[TRAIN train_climax_no_moisture_constraint_s43] [TRAIN] stage=pretrain epoch=1/1 batch=350/3000 step=350 repair=0.005325 localization=0.3346 type=1.193 minimal=0.02448 physics=1.142 total=0.2155
[TRAIN train_climax_no_moisture_constraint_s43] [TRAIN] stage=pretrain epoch=1/1 batch=360/3000 step=360 repair=0.008139 localization=0.234 type=2.224 minimal=0.02586 physics=0.2184 total=0.3703
[TRAIN train_climax_no_moisture_constraint_s43] [TRAIN] stage=pretrain epoch=1/1 batch=370/3000 step=370 repair=0.003567 localization=0.3835 type=2.248 minimal=0.02446 physics=0.1332 total=0.4047
[TRAIN train_climax_no_moisture_constraint_s43] [TRAIN] stage=pretrain epoch=1/1 batch=380/3000 step=380 repair=0.005379 localization=0.3087 type=1.417 minimal=0.02267 physics=0.1951 total=0.1879
[TRAIN train_climax_no_moisture_constraint_s43] [TRAIN] stage=pretrain epoch=1/1 batch=390/3000 step=390 repair=0.005116 localization=0.2587 type=2.316 minimal=0.0209 physics=0.2092 total=0.4331
[TRAIN train_climax_no_moisture_constraint_s43] [TRAIN] stage=pretrain epoch=1/1 batch=400/3000 step=400 repair=0.007058 localization=0.2491 type=2.001 minimal=0.01855 physics=1.521 total=0.3084
[TRAIN train_climax_no_moisture_constraint_s43] [TRAIN] stage=pretrain epoch=1/1 batch=410/3000 step=410 repair=0.007473 localization=0.2582 type=1.247 minimal=0.02051 physics=1.386 total=0.2274
[TRAIN train_climax_no_moisture_constraint_s43] [TRAIN] stage=pretrain epoch=1/1 batch=420/3000 step=420 repair=0.007237 localization=0.3003 type=2.134 minimal=0.02495 physics=0.2388 total=0.3871
[TRAIN train_climax_no_moisture_constraint_s43] [TRAIN] stage=pretrain epoch=1/1 batch=430/3000 step=430 repair=0.005558 localization=0.1692 type=0.8215 minimal=0.02121 physics=0.8426 total=0.147
[TRAIN train_climax_no_moisture_constraint_s43] [TRAIN] stage=pretrain epoch=1/1 batch=440/3000 step=440 repair=0.00483 localization=0.3279 type=1.438 minimal=0.02339 physics=0.1745 total=0.1904
[TRAIN train_climax_no_moisture_constraint_s43] [TRAIN] stage=pretrain epoch=1/1 batch=450/3000 step=450 repair=0.005371 localization=0.2822 type=0.9014 minimal=0.02139 physics=0.3109 total=0.1395
[TRAIN train_climax_no_moisture_constraint_s43] [TRAIN] stage=pretrain epoch=1/1 batch=460/3000 step=460 repair=0.02302 localization=0.2597 type=0.759 minimal=0.02608 physics=2.114 total=0.2309
[TRAIN train_climax_no_moisture_constraint_s43] [TRAIN] stage=pretrain epoch=1/1 batch=470/3000 step=470 repair=0.01207 localization=0.176 type=1.609 minimal=0.02336 physics=0.4465 total=0.2866
[TRAIN train_climax_no_moisture_constraint_s43] [TRAIN] stage=pretrain epoch=1/1 batch=480/3000 step=480 repair=0.002356 localization=0.4455 type=2.75 minimal=0.02147 physics=0.1938 total=0.51
[TRAIN train_climax_no_moisture_constraint_s43] [TRAIN] stage=pretrain epoch=1/1 batch=490/3000 step=490 repair=0.002139 localization=0.3032 type=2.791 minimal=0.01855 physics=0.2409 total=0.5314
[TRAIN train_climax_no_moisture_constraint_s43] [TRAIN] stage=pretrain epoch=1/1 batch=500/3000 step=500 repair=0.00447 localization=0.2402 type=1.643 minimal=0.02092 physics=0.1308 total=0.1995
[TRAIN train_climax_no_moisture_constraint_s43] [TRAIN] stage=pretrain epoch=1/1 batch=510/3000 step=510 repair=0.005726 localization=0.2901 type=1.514 minimal=0.02264 physics=0.2012 total=0.2641
[TRAIN train_climax_no_moisture_constraint_s43] [TRAIN] stage=pretrain epoch=1/1 batch=520/3000 step=520 repair=0.01042 localization=0.3226 type=2.537 minimal=0.02318 physics=0.3166 total=0.4941
[TRAIN train_climax_no_moisture_constraint_s43] [TRAIN] stage=pretrain epoch=1/1 batch=530/3000 step=530 repair=0.004048 localization=0.2362 type=2.24 minimal=0.02252 physics=0.2073 total=0.4135
[TRAIN train_climax_no_moisture_constraint_s43] [TRAIN] stage=pretrain epoch=1/1 batch=540/3000 step=540 repair=0.002635 localization=0.299 type=1.959 minimal=0.02332 physics=0.1811 total=0.3739
[TRAIN train_climax_no_moisture_constraint_s43] [TRAIN] stage=pretrain epoch=1/1 batch=550/3000 step=550 repair=0.002466 localization=0.2544 type=1.396 minimal=0.01929 physics=0.1747 total=0.2994
[TRAIN train_climax_no_moisture_constraint_s43] [TRAIN] stage=pretrain epoch=1/1 batch=560/3000 step=560 repair=0.005147 localization=0.1769 type=1.424 minimal=0.02443 physics=0.1992 total=0.2699
[TRAIN train_climax_no_moisture_constraint_s43] [TRAIN] stage=pretrain epoch=1/1 batch=570/3000 step=570 repair=0.02176 localization=0.2214 type=1.395 minimal=0.02403 physics=1.901 total=0.2787
[TRAIN train_climax_no_moisture_constraint_s43] [TRAIN] stage=pretrain epoch=1/1 batch=580/3000 step=580 repair=0.003635 localization=0.3419 type=2.061 minimal=0.01874 physics=0.09613 total=0.4064
[TRAIN train_climax_no_moisture_constraint_s43] [TRAIN] stage=pretrain epoch=1/1 batch=590/3000 step=590 repair=0.005989 localization=0.3061 type=1.296 minimal=0.02113 physics=0.2948 total=0.2754
[TRAIN train_climax_no_moisture_constraint_s43] [TRAIN] stage=pretrain epoch=1/1 batch=600/3000 step=600 repair=0.004054 localization=0.3045 type=1.856 minimal=0.02243 physics=0.2461 total=0.3563
[TRAIN train_climax_no_moisture_constraint_s43] [TRAIN] stage=pretrain epoch=1/1 batch=610/3000 step=610 repair=0.002642 localization=0.171 type=2.066 minimal=0.0191 physics=0.6196 total=0.2576
[TRAIN train_climax_no_moisture_constraint_s43] [TRAIN] stage=pretrain epoch=1/1 batch=620/3000 step=620 repair=0.0206 localization=0.2507 type=1.323 minimal=0.02014 physics=2.291 total=0.2927
[TRAIN train_climax_no_moisture_constraint_s43] [TRAIN] stage=pretrain epoch=1/1 batch=630/3000 step=630 repair=0.005709 localization=0.2511 type=2.098 minimal=0.01996 physics=0.127 total=0.3835
[TRAIN train_climax_no_moisture_constraint_s43] [TRAIN] stage=pretrain epoch=1/1 batch=640/3000 step=640 repair=0.002672 localization=0.404 type=2.3 minimal=0.01913 physics=0.08719 total=0.3838
[TRAIN train_climax_no_moisture_constraint_s43] [TRAIN] stage=pretrain epoch=1/1 batch=650/3000 step=650 repair=0.006341 localization=0.3017 type=2.156 minimal=0.02171 physics=0.1044 total=0.3751
[TRAIN train_climax_no_moisture_constraint_s43] [TRAIN] stage=pretrain epoch=1/1 batch=660/3000 step=660 repair=0.004475 localization=0.3778 type=1.468 minimal=0.02272 physics=0.1455 total=0.1965
[TRAIN train_climax_no_moisture_constraint_s43] [TRAIN] stage=pretrain epoch=1/1 batch=670/3000 step=670 repair=0.006632 localization=0.2124 type=1.868 minimal=0.02008 physics=0.2137 total=0.3482
[TRAIN train_climax_no_moisture_constraint_s43] [TRAIN] stage=pretrain epoch=1/1 batch=680/3000 step=680 repair=0.002936 localization=0.2607 type=1.931 minimal=0.01752 physics=0.09185 total=0.3596
[TRAIN train_climax_no_moisture_constraint_s43] [TRAIN] stage=pretrain epoch=1/1 batch=690/3000 step=690 repair=0.00314 localization=0.2814 type=2.331 minimal=0.01717 physics=0.0786 total=0.4437
[TRAIN train_climax_no_moisture_constraint_s43] [TRAIN] stage=pretrain epoch=1/1 batch=700/3000 step=700 repair=0.002621 localization=0.2123 type=1.311 minimal=0.02222 physics=0.1068 total=0.2415
[TRAIN train_climax_no_moisture_constraint_s43] [TRAIN] stage=pretrain epoch=1/1 batch=710/3000 step=710 repair=0.007724 localization=0.3053 type=1.784 minimal=0.01807 physics=0.09137 total=0.3233
[TRAIN train_climax_no_moisture_constraint_s43] [TRAIN] stage=pretrain epoch=1/1 batch=720/3000 step=720 repair=0.002598 localization=0.2307 type=1.607 minimal=0.01729 physics=0.2583 total=0.3133
[TRAIN train_climax_no_moisture_constraint_s43] [TRAIN] stage=pretrain epoch=1/1 batch=730/3000 step=730 repair=0.003196 localization=0.3441 type=1.766 minimal=0.01878 physics=0.1165 total=0.3426
[TRAIN train_climax_no_moisture_constraint_s43] [TRAIN] stage=pretrain epoch=1/1 batch=740/3000 step=740 repair=0.006501 localization=0.2415 type=1.347 minimal=0.01955 physics=0.1882 total=0.2654
[TRAIN train_climax_no_moisture_constraint_s43] [TRAIN] stage=pretrain epoch=1/1 batch=750/3000 step=750 repair=0.01125 localization=0.1441 type=1.702 minimal=0.02115 physics=0.3886 total=0.3516
[TRAIN train_climax_no_moisture_constraint_s43] [TRAIN] stage=pretrain epoch=1/1 batch=760/3000 step=760 repair=0.002968 localization=0.3054 type=1.785 minimal=0.01985 physics=0.1739 total=0.3574
[TRAIN train_climax_no_moisture_constraint_s43] [TRAIN] stage=pretrain epoch=1/1 batch=770/3000 step=770 repair=0.003748 localization=0.254 type=1.833 minimal=0.02786 physics=0.1853 total=0.3504
[TRAIN train_climax_no_moisture_constraint_s43] [TRAIN] stage=pretrain epoch=1/1 batch=780/3000 step=780 repair=0.02462 localization=0.32 type=1.366 minimal=0.03096 physics=0.606 total=0.3196
[TRAIN train_climax_no_moisture_constraint_s43] [TRAIN] stage=pretrain epoch=1/1 batch=790/3000 step=790 repair=0.005681 localization=0.2259 type=1.023 minimal=0.02597 physics=0.2377 total=0.2142
[TRAIN train_climax_no_moisture_constraint_s43] [TRAIN] stage=pretrain epoch=1/1 batch=800/3000 step=800 repair=0.007137 localization=0.3811 type=2.029 minimal=0.01953 physics=1.715 total=0.3341
[TRAIN train_climax_no_moisture_constraint_s43] [TRAIN] stage=pretrain epoch=1/1 batch=810/3000 step=810 repair=0.002681 localization=0.2539 type=1.158 minimal=0.01949 physics=0.1682 total=0.2352
[TRAIN train_climax_no_moisture_constraint_s43] [TRAIN] stage=pretrain epoch=1/1 batch=820/3000 step=820 repair=0.002858 localization=0.4783 type=1.456 minimal=0.0193 physics=0.1672 total=0.3086
[TRAIN train_climax_no_moisture_constraint_s43] [TRAIN] stage=pretrain epoch=1/1 batch=830/3000 step=830 repair=0.009097 localization=0.3527 type=1.947 minimal=0.01619 physics=1.56 total=0.3172
[TRAIN train_climax_no_moisture_constraint_s43] [TRAIN] stage=pretrain epoch=1/1 batch=840/3000 step=840 repair=0.002892 localization=0.2803 type=1.689 minimal=0.01901 physics=0.3672 total=0.2184
[TRAIN train_climax_no_moisture_constraint_s43] [TRAIN] stage=pretrain epoch=1/1 batch=850/3000 step=850 repair=0.008163 localization=0.2398 type=1.179 minimal=0.01746 physics=0.08758 total=0.2216
[TRAIN train_climax_no_moisture_constraint_s43] [TRAIN] stage=pretrain epoch=1/1 batch=860/3000 step=860 repair=0.005114 localization=0.365 type=1.561 minimal=0.01843 physics=0.8365 total=0.2397
[TRAIN train_climax_no_moisture_constraint_s43] [TRAIN] stage=pretrain epoch=1/1 batch=870/3000 step=870 repair=0.009053 localization=0.2426 type=1.599 minimal=0.02591 physics=1.621 total=0.2745
[TRAIN train_climax_no_moisture_constraint_s43] [TRAIN] stage=pretrain epoch=1/1 batch=880/3000 step=880 repair=0.003801 localization=0.2946 type=2.063 minimal=0.02292 physics=0.1024 total=0.245
[TRAIN train_climax_no_moisture_constraint_s43] [TRAIN] stage=pretrain epoch=1/1 batch=890/3000 step=890 repair=0.00575 localization=0.3063 type=1.91 minimal=0.01904 physics=0.1378 total=0.348
[TRAIN train_climax_no_moisture_constraint_s43] [TRAIN] stage=pretrain epoch=1/1 batch=900/3000 step=900 repair=0.002726 localization=0.3204 type=1.256 minimal=0.02046 physics=0.2269 total=0.2413
[TRAIN train_climax_no_moisture_constraint_s43] [TRAIN] stage=pretrain epoch=1/1 batch=910/3000 step=910 repair=0.002255 localization=0.2777 type=2.767 minimal=0.01994 physics=0.2777 total=0.517
[TRAIN train_climax_no_moisture_constraint_s43] [TRAIN] stage=pretrain epoch=1/1 batch=920/3000 step=920 repair=0.007992 localization=0.4313 type=1.873 minimal=0.01971 physics=0.1081 total=0.244
[TRAIN train_climax_no_moisture_constraint_s43] [TRAIN] stage=pretrain epoch=1/1 batch=930/3000 step=930 repair=0.003066 localization=0.2134 type=1.957 minimal=0.01965 physics=0.1054 total=0.386
[TRAIN train_climax_no_moisture_constraint_s43] [TRAIN] stage=pretrain epoch=1/1 batch=940/3000 step=940 repair=0.002439 localization=0.3024 type=1.882 minimal=0.01738 physics=0.1518 total=0.3791
[TRAIN train_climax_no_moisture_constraint_s43] [TRAIN] stage=pretrain epoch=1/1 batch=950/3000 step=950 repair=0.002624 localization=0.3283 type=1.662 minimal=0.01779 physics=0.09057 total=0.3277
[TRAIN train_climax_no_moisture_constraint_s43] [TRAIN] stage=pretrain epoch=1/1 batch=960/3000 step=960 repair=0.003253 localization=0.1717 type=1.947 minimal=0.01828 physics=0.1741 total=0.3556
[TRAIN train_climax_no_moisture_constraint_s43] [TRAIN] stage=pretrain epoch=1/1 batch=970/3000 step=970 repair=0.003721 localization=0.2868 type=1.362 minimal=0.0186 physics=0.1566 total=0.1767
[TRAIN train_climax_no_moisture_constraint_s43] [TRAIN] stage=pretrain epoch=1/1 batch=980/3000 step=980 repair=0.003279 localization=0.286 type=1.171 minimal=0.0188 physics=0.09188 total=0.1538
[TRAIN train_climax_no_moisture_constraint_s43] [TRAIN] stage=pretrain epoch=1/1 batch=990/3000 step=990 repair=0.01117 localization=0.289 type=2.238 minimal=0.01732 physics=0.1585 total=0.416
[TRAIN train_climax_no_moisture_constraint_s43] [TRAIN] stage=pretrain epoch=1/1 batch=1000/3000 step=1000 repair=0.005968 localization=0.09474 type=1.002 minimal=0.02586 physics=0.2878 total=0.2
[TRAIN train_climax_no_moisture_constraint_s43] [TRAIN] stage=pretrain epoch=1/1 batch=1010/3000 step=1010 repair=0.006748 localization=0.2329 type=1.33 minimal=0.01761 physics=1.622 total=0.2443
[TRAIN train_climax_no_moisture_constraint_s43] [TRAIN] stage=pretrain epoch=1/1 batch=1020/3000 step=1020 repair=0.002838 localization=0.2502 type=1.658 minimal=0.01979 physics=0.1323 total=0.273
[TRAIN train_climax_no_moisture_constraint_s43] [TRAIN] stage=pretrain epoch=1/1 batch=1030/3000 step=1030 repair=0.002373 localization=0.2463 type=1.369 minimal=0.01762 physics=0.1324 total=0.2352
[TRAIN train_climax_no_moisture_constraint_s43] [TRAIN] stage=pretrain epoch=1/1 batch=1040/3000 step=1040 repair=0.009913 localization=0.4085 type=2.085 minimal=0.02126 physics=0.2219 total=0.2706
[TRAIN train_climax_no_moisture_constraint_s43] [TRAIN] stage=pretrain epoch=1/1 batch=1050/3000 step=1050 repair=0.002487 localization=0.3532 type=1.727 minimal=0.0193 physics=0.7064 total=0.246
[TRAIN train_climax_no_moisture_constraint_s43] [TRAIN] stage=pretrain epoch=1/1 batch=1060/3000 step=1060 repair=0.00474 localization=0.2904 type=2.493 minimal=0.02 physics=0.1183 total=0.4708
[TRAIN train_climax_no_moisture_constraint_s43] [TRAIN] stage=pretrain epoch=1/1 batch=1070/3000 step=1070 repair=0.02093 localization=0.2781 type=1.65 minimal=0.01932 physics=2.413 total=0.3346
[TRAIN train_climax_no_moisture_constraint_s43] [TRAIN] stage=pretrain epoch=1/1 batch=1080/3000 step=1080 repair=0.002373 localization=0.2547 type=1.797 minimal=0.01845 physics=0.0905 total=0.2776
[TRAIN train_climax_no_moisture_constraint_s43] [TRAIN] stage=pretrain epoch=1/1 batch=1090/3000 step=1090 repair=0.00897 localization=0.3295 type=1.092 minimal=0.01732 physics=0.07688 total=0.1552
[TRAIN train_climax_no_moisture_constraint_s43] [TRAIN] stage=pretrain epoch=1/1 batch=1100/3000 step=1100 repair=0.002545 localization=0.2782 type=1.153 minimal=0.01688 physics=0.1598 total=0.1538
[TRAIN train_climax_no_moisture_constraint_s43] [TRAIN] stage=pretrain epoch=1/1 batch=1110/3000 step=1110 repair=0.00368 localization=0.3171 type=1.269 minimal=0.01752 physics=0.07878 total=0.1664
[TRAIN train_climax_no_moisture_constraint_s43] [TRAIN] stage=pretrain epoch=1/1 batch=1120/3000 step=1120 repair=0.008775 localization=0.2685 type=1.155 minimal=0.01857 physics=1.474 total=0.225
[TRAIN train_climax_no_moisture_constraint_s43] [TRAIN] stage=pretrain epoch=1/1 batch=1130/3000 step=1130 repair=0.0043 localization=0.2318 type=1.888 minimal=0.01825 physics=0.1315 total=0.223
[TRAIN train_climax_no_moisture_constraint_s43] [TRAIN] stage=pretrain epoch=1/1 batch=1140/3000 step=1140 repair=0.007223 localization=0.3728 type=1.7 minimal=0.02023 physics=0.08831 total=0.2191
[TRAIN train_climax_no_moisture_constraint_s43] [TRAIN] stage=pretrain epoch=1/1 batch=1150/3000 step=1150 repair=0.003381 localization=0.1952 type=0.873 minimal=0.01921 physics=0.3237 total=0.1266
[TRAIN train_climax_no_moisture_constraint_s43] [TRAIN] stage=pretrain epoch=1/1 batch=1160/3000 step=1160 repair=0.003783 localization=0.2519 type=0.873 minimal=0.0228 physics=0.4446 total=0.1387
[TRAIN train_climax_no_moisture_constraint_s43] [TRAIN] stage=pretrain epoch=1/1 batch=1170/3000 step=1170 repair=0.004265 localization=0.3041 type=0.5564 minimal=0.0193 physics=1.055 total=0.1433
[TRAIN train_climax_no_moisture_constraint_s43] [TRAIN] stage=pretrain epoch=1/1 batch=1180/3000 step=1180 repair=0.002028 localization=0.2989 type=1.696 minimal=0.01617 physics=0.1029 total=0.2697
[TRAIN train_climax_no_moisture_constraint_s43] [TRAIN] stage=pretrain epoch=1/1 batch=1190/3000 step=1190 repair=0.002808 localization=0.3028 type=2.944 minimal=0.01778 physics=0.07743 total=0.5335
[TRAIN train_climax_no_moisture_constraint_s43] [TRAIN] stage=pretrain epoch=1/1 batch=1200/3000 step=1200 repair=0.004535 localization=0.1966 type=0.6851 minimal=0.02841 physics=0.3931 total=0.1569
[TRAIN train_climax_no_moisture_constraint_s43] [TRAIN] stage=pretrain epoch=1/1 batch=1210/3000 step=1210 repair=0.002398 localization=0.2115 type=2.178 minimal=0.01761 physics=0.1303 total=0.3943
[TRAIN train_climax_no_moisture_constraint_s43] [TRAIN] stage=pretrain epoch=1/1 batch=1220/3000 step=1220 repair=0.007021 localization=0.3516 type=1.701 minimal=0.01863 physics=0.1985 total=0.339
[TRAIN train_climax_no_moisture_constraint_s43] [TRAIN] stage=pretrain epoch=1/1 batch=1230/3000 step=1230 repair=0.004631 localization=0.3224 type=1.404 minimal=0.01682 physics=0.1551 total=0.2591
[TRAIN train_climax_no_moisture_constraint_s43] [TRAIN] stage=pretrain epoch=1/1 batch=1240/3000 step=1240 repair=0.008722 localization=0.2797 type=1.065 minimal=0.01817 physics=0.219 total=0.1992
[TRAIN train_climax_no_moisture_constraint_s43] [TRAIN] stage=pretrain epoch=1/1 batch=1250/3000 step=1250 repair=0.003767 localization=0.292 type=1.733 minimal=0.01808 physics=0.08427 total=0.2107
[TRAIN train_climax_no_moisture_constraint_s43] [TRAIN] stage=pretrain epoch=1/1 batch=1260/3000 step=1260 repair=0.009145 localization=0.1806 type=0.04913 minimal=0.05887 physics=1.455 total=0.1129
[TRAIN train_climax_no_moisture_constraint_s43] [TRAIN] stage=pretrain epoch=1/1 batch=1270/3000 step=1270 repair=0.00616 localization=0.1433 type=0.7773 minimal=0.02736 physics=1.331 total=0.225
[TRAIN train_climax_no_moisture_constraint_s43] [TRAIN] stage=pretrain epoch=1/1 batch=1280/3000 step=1280 repair=0.02147 localization=0.2705 type=1.279 minimal=0.02129 physics=1.843 total=0.2688
[TRAIN train_climax_no_moisture_constraint_s43] [TRAIN] stage=pretrain epoch=1/1 batch=1290/3000 step=1290 repair=0.003445 localization=0.4671 type=1.493 minimal=0.01874 physics=0.1363 total=0.2065
[TRAIN train_climax_no_moisture_constraint_s43] [TRAIN] stage=pretrain epoch=1/1 batch=1300/3000 step=1300 repair=0.002566 localization=0.2595 type=2.924 minimal=0.01894 physics=0.1386 total=0.5388
[TRAIN train_climax_no_moisture_constraint_s43] [TRAIN] stage=pretrain epoch=1/1 batch=1310/3000 step=1310 repair=0.002618 localization=0.1877 type=1.174 minimal=0.019 physics=0.1504 total=0.1465
[TRAIN train_climax_no_moisture_constraint_s43] [TRAIN] stage=pretrain epoch=1/1 batch=1320/3000 step=1320 repair=0.005612 localization=0.2236 type=1.97 minimal=0.01903 physics=0.2215 total=0.3621
[TRAIN train_climax_no_moisture_constraint_s43] [TRAIN] stage=pretrain epoch=1/1 batch=1330/3000 step=1330 repair=0.006111 localization=0.3416 type=1.632 minimal=0.01846 physics=0.09464 total=0.2802
[TRAIN train_climax_no_moisture_constraint_s43] [TRAIN] stage=pretrain epoch=1/1 batch=1340/3000 step=1340 repair=0.01162 localization=0.3738 type=1.749 minimal=0.01759 physics=0.1117 total=0.32
[TRAIN train_climax_no_moisture_constraint_s43] [TRAIN] stage=pretrain epoch=1/1 batch=1350/3000 step=1350 repair=0.008963 localization=0.2197 type=0.09801 minimal=0.05515 physics=1.73 total=0.136
[TRAIN train_climax_no_moisture_constraint_s43] [TRAIN] stage=pretrain epoch=1/1 batch=1360/3000 step=1360 repair=0.00272 localization=0.236 type=2.088 minimal=0.01645 physics=0.115 total=0.3864
[TRAIN train_climax_no_moisture_constraint_s43] [TRAIN] stage=pretrain epoch=1/1 batch=1370/3000 step=1370 repair=0.005729 localization=0.2562 type=1.122 minimal=0.02049 physics=0.2579 total=0.2284
[TRAIN train_climax_no_moisture_constraint_s43] [TRAIN] stage=pretrain epoch=1/1 batch=1380/3000 step=1380 repair=0.002962 localization=0.3659 type=2.184 minimal=0.01685 physics=0.1491 total=0.3539
[TRAIN train_climax_no_moisture_constraint_s43] [TRAIN] stage=pretrain epoch=1/1 batch=1390/3000 step=1390 repair=0.0142 localization=0.4194 type=1.624 minimal=0.021 physics=1.764 total=0.3069
[TRAIN train_climax_no_moisture_constraint_s43] [TRAIN] stage=pretrain epoch=1/1 batch=1400/3000 step=1400 repair=0.004611 localization=0.2956 type=1.566 minimal=0.0175 physics=0.08652 total=0.2815
[TRAIN train_climax_no_moisture_constraint_s43] [TRAIN] stage=pretrain epoch=1/1 batch=1410/3000 step=1410 repair=0.003309 localization=0.1895 type=0.2475 minimal=0.0242 physics=0.2179 total=0.07524
[TRAIN train_climax_no_moisture_constraint_s43] [TRAIN] stage=pretrain epoch=1/1 batch=1420/3000 step=1420 repair=0.001987 localization=0.366 type=1.194 minimal=0.01656 physics=0.0704 total=0.2145
[TRAIN train_climax_no_moisture_constraint_s43] [TRAIN] stage=pretrain epoch=1/1 batch=1430/3000 step=1430 repair=0.002598 localization=0.3767 type=4.113 minimal=0.01987 physics=0.1062 total=0.8241
[TRAIN train_climax_no_moisture_constraint_s43] [TRAIN] stage=pretrain epoch=1/1 batch=1440/3000 step=1440 repair=0.003206 localization=0.1937 type=0.8542 minimal=0.01955 physics=0.5068 total=0.1335
[TRAIN train_climax_no_moisture_constraint_s43] [TRAIN] stage=pretrain epoch=1/1 batch=1450/3000 step=1450 repair=0.007387 localization=0.2744 type=1.036 minimal=0.01724 physics=0.07912 total=0.1425
[TRAIN train_climax_no_moisture_constraint_s43] [TRAIN] stage=pretrain epoch=1/1 batch=1460/3000 step=1460 repair=0.001981 localization=0.26 type=1.809 minimal=0.01819 physics=0.09651 total=0.3132
[TRAIN train_climax_no_moisture_constraint_s43] [TRAIN] stage=pretrain epoch=1/1 batch=1470/3000 step=1470 repair=0.002736 localization=0.3157 type=1.398 minimal=0.01817 physics=0.2315 total=0.2697
[TRAIN train_climax_no_moisture_constraint_s43] [TRAIN] stage=pretrain epoch=1/1 batch=1480/3000 step=1480 repair=0.003033 localization=0.2812 type=0.9871 minimal=0.01768 physics=0.06495 total=0.1333
[TRAIN train_climax_no_moisture_constraint_s43] [TRAIN] stage=pretrain epoch=1/1 batch=1490/3000 step=1490 repair=0.005025 localization=0.1929 type=1.518 minimal=0.01649 physics=1.152 total=0.2339
[TRAIN train_climax_no_moisture_constraint_s43] [TRAIN] stage=pretrain epoch=1/1 batch=1500/3000 step=1500 repair=0.01012 localization=0.3701 type=1.416 minimal=0.01793 physics=1.594 total=0.2686
[TRAIN train_climax_no_moisture_constraint_s43] [TRAIN] stage=pretrain epoch=1/1 batch=1510/3000 step=1510 repair=0.003344 localization=0.3385 type=1.218 minimal=0.01483 physics=0.07508 total=0.1629
[TRAIN train_climax_no_moisture_constraint_s43] [TRAIN] stage=pretrain epoch=1/1 batch=1520/3000 step=1520 repair=0.002343 localization=0.3363 type=1.823 minimal=0.01562 physics=0.08503 total=0.3394
[TRAIN train_climax_no_moisture_constraint_s43] [TRAIN] stage=pretrain epoch=1/1 batch=1530/3000 step=1530 repair=0.002564 localization=0.3644 type=2.152 minimal=0.0157 physics=0.08987 total=0.41
[TRAIN train_climax_no_moisture_constraint_s43] [TRAIN] stage=pretrain epoch=1/1 batch=1540/3000 step=1540 repair=0.00412 localization=0.3202 type=1.512 minimal=0.01834 physics=0.1077 total=0.1929
[TRAIN train_climax_no_moisture_constraint_s43] [TRAIN] stage=pretrain epoch=1/1 batch=1550/3000 step=1550 repair=0.008707 localization=0.2877 type=0.9775 minimal=0.01599 physics=1.034 total=0.1871
[TRAIN train_climax_no_moisture_constraint_s43] [TRAIN] stage=pretrain epoch=1/1 batch=1560/3000 step=1560 repair=0.003305 localization=0.3253 type=2.187 minimal=0.01645 physics=0.07835 total=0.3431
[TRAIN train_climax_no_moisture_constraint_s43] [TRAIN] stage=pretrain epoch=1/1 batch=1570/3000 step=1570 repair=0.004201 localization=0.2544 type=0.5779 minimal=0.01561 physics=0.6021 total=0.1177
[TRAIN train_climax_no_moisture_constraint_s43] [TRAIN] stage=pretrain epoch=1/1 batch=1580/3000 step=1580 repair=0.002836 localization=0.27 type=2.43 minimal=0.01485 physics=0.1788 total=0.4214
[TRAIN train_climax_no_moisture_constraint_s43] [TRAIN] stage=pretrain epoch=1/1 batch=1590/3000 step=1590 repair=0.002948 localization=0.3594 type=1.664 minimal=0.01578 physics=0.08279 total=0.2095
[TRAIN train_climax_no_moisture_constraint_s43] [TRAIN] stage=pretrain epoch=1/1 batch=1600/3000 step=1600 repair=0.003561 localization=0.2565 type=0.1311 minimal=0.02654 physics=0.3706 total=0.0713
[TRAIN train_climax_no_moisture_constraint_s43] [TRAIN] stage=pretrain epoch=1/1 batch=1610/3000 step=1610 repair=0.01366 localization=0.2779 type=1.196 minimal=0.01578 physics=0.2389 total=0.2061
[TRAIN train_climax_no_moisture_constraint_s43] [TRAIN] stage=pretrain epoch=1/1 batch=1620/3000 step=1620 repair=0.007196 localization=0.3345 type=1.116 minimal=0.0179 physics=0.2344 total=0.2032
[TRAIN train_climax_no_moisture_constraint_s43] [TRAIN] stage=pretrain epoch=1/1 batch=1630/3000 step=1630 repair=0.002763 localization=0.2146 type=1.793 minimal=0.01617 physics=0.1326 total=0.2103
[TRAIN train_climax_no_moisture_constraint_s43] [TRAIN] stage=pretrain epoch=1/1 batch=1640/3000 step=1640 repair=0.003895 localization=0.2086 type=0.1414 minimal=0.02763 physics=1.051 total=0.1006
[TRAIN train_climax_no_moisture_constraint_s43] [TRAIN] stage=pretrain epoch=1/1 batch=1650/3000 step=1650 repair=0.02341 localization=0.2819 type=1.368 minimal=0.02032 physics=1.791 total=0.2781
[TRAIN train_climax_no_moisture_constraint_s43] [TRAIN] stage=pretrain epoch=1/1 batch=1660/3000 step=1660 repair=0.003333 localization=0.2758 type=1.912 minimal=0.01717 physics=0.1029 total=0.3227
[TRAIN train_climax_no_moisture_constraint_s43] [TRAIN] stage=pretrain epoch=1/1 batch=1670/3000 step=1670 repair=0.00312 localization=0.2527 type=1.014 minimal=0.01744 physics=0.05631 total=0.1803
[TRAIN train_climax_no_moisture_constraint_s43] [TRAIN] stage=pretrain epoch=1/1 batch=1680/3000 step=1680 repair=0.002774 localization=0.2161 type=0.8181 minimal=0.0172 physics=0.09506 total=0.1627
[TRAIN train_climax_no_moisture_constraint_s43] [TRAIN] stage=pretrain epoch=1/1 batch=1690/3000 step=1690 repair=0.002834 localization=0.2628 type=1.145 minimal=0.01624 physics=0.1039 total=0.1489
[TRAIN train_climax_no_moisture_constraint_s43] [TRAIN] stage=pretrain epoch=1/1 batch=1700/3000 step=1700 repair=0.004399 localization=0.2515 type=2.749 minimal=0.0157 physics=0.1133 total=0.5077
[TRAIN train_climax_no_moisture_constraint_s43] [TRAIN] stage=pretrain epoch=1/1 batch=1710/3000 step=1710 repair=0.01009 localization=0.3226 type=2.33 minimal=0.01437 physics=0.108 total=0.4347
[TRAIN train_climax_no_moisture_constraint_s43] [TRAIN] stage=pretrain epoch=1/1 batch=1720/3000 step=1720 repair=0.03476 localization=0.3681 type=2.193 minimal=0.01406 physics=2.391 total=0.4106
[TRAIN train_climax_no_moisture_constraint_s43] [TRAIN] stage=pretrain epoch=1/1 batch=1730/3000 step=1730 repair=0.003769 localization=0.2947 type=1.313 minimal=0.01362 physics=0.06528 total=0.263
[TRAIN train_climax_no_moisture_constraint_s43] [TRAIN] stage=pretrain epoch=1/1 batch=1740/3000 step=1740 repair=0.002671 localization=0.4177 type=1.628 minimal=0.01636 physics=0.07848 total=0.292
[TRAIN train_climax_no_moisture_constraint_s43] [TRAIN] stage=pretrain epoch=1/1 batch=1750/3000 step=1750 repair=0.007214 localization=0.2531 type=1.225 minimal=0.01778 physics=1.001 total=0.2052
[TRAIN train_climax_no_moisture_constraint_s43] [TRAIN] stage=pretrain epoch=1/1 batch=1760/3000 step=1760 repair=0.01272 localization=0.3202 type=1.401 minimal=0.0184 physics=0.1572 total=0.2353
[TRAIN train_climax_no_moisture_constraint_s43] [TRAIN] stage=pretrain epoch=1/1 batch=1770/3000 step=1770 repair=0.003523 localization=0.2237 type=3.936 minimal=0.01773 physics=0.09843 total=0.7373
[TRAIN train_climax_no_moisture_constraint_s43] [TRAIN] stage=pretrain epoch=1/1 batch=1780/3000 step=1780 repair=0.003162 localization=0.2942 type=1.751 minimal=0.01729 physics=0.09536 total=0.3221
[TRAIN train_climax_no_moisture_constraint_s43] [TRAIN] stage=pretrain epoch=1/1 batch=1790/3000 step=1790 repair=0.00274 localization=0.3947 type=1.557 minimal=0.0188 physics=0.1568 total=0.2852
[TRAIN train_climax_no_moisture_constraint_s43] [TRAIN] stage=pretrain epoch=1/1 batch=1800/3000 step=1800 repair=0.003669 localization=0.1673 type=0.06718 minimal=0.02428 physics=0.3705 total=0.05219
[TRAIN train_climax_no_moisture_constraint_s43] [TRAIN] stage=pretrain epoch=1/1 batch=1810/3000 step=1810 repair=0.002629 localization=0.1252 type=2.094 minimal=0.01631 physics=0.215 total=0.3894
[TRAIN train_climax_no_moisture_constraint_s43] [TRAIN] stage=pretrain epoch=1/1 batch=1820/3000 step=1820 repair=0.002854 localization=0.189 type=0.1372 minimal=0.02353 physics=0.3998 total=0.0672
[TRAIN train_climax_no_moisture_constraint_s43] [TRAIN] stage=pretrain epoch=1/1 batch=1830/3000 step=1830 repair=0.003357 localization=0.2195 type=0.008546 minimal=0.03458 physics=0.7402 total=0.06469
[TRAIN train_climax_no_moisture_constraint_s43] [TRAIN] stage=pretrain epoch=1/1 batch=1840/3000 step=1840 repair=0.004072 localization=0.1223 type=1.098 minimal=0.01978 physics=0.2277 total=0.2114
[TRAIN train_climax_no_moisture_constraint_s43] [TRAIN] stage=pretrain epoch=1/1 batch=1850/3000 step=1850 repair=0.003077 localization=0.3456 type=2.203 minimal=0.01471 physics=0.1599 total=0.3643
[TRAIN train_climax_no_moisture_constraint_s43] [TRAIN] stage=pretrain epoch=1/1 batch=1860/3000 step=1860 repair=0.002377 localization=0.3814 type=2.141 minimal=0.01659 physics=0.1957 total=0.3745
[TRAIN train_climax_no_moisture_constraint_s43] [TRAIN] stage=pretrain epoch=1/1 batch=1870/3000 step=1870 repair=0.00246 localization=0.2412 type=2.109 minimal=0.0163 physics=0.1957 total=0.3471
[TRAIN train_climax_no_moisture_constraint_s43] [TRAIN] stage=pretrain epoch=1/1 batch=1880/3000 step=1880 repair=0.002721 localization=0.2504 type=2.338 minimal=0.01691 physics=0.09196 total=0.4153
[TRAIN train_climax_no_moisture_constraint_s43] [TRAIN] stage=pretrain epoch=1/1 batch=1890/3000 step=1890 repair=0.002878 localization=0.324 type=1.756 minimal=0.01837 physics=0.1883 total=0.3944
[TRAIN train_climax_no_moisture_constraint_s43] [TRAIN] stage=pretrain epoch=1/1 batch=1900/3000 step=1900 repair=0.002753 localization=0.3166 type=1.394 minimal=0.01736 physics=0.08095 total=0.3158
[TRAIN train_climax_no_moisture_constraint_s43] [TRAIN] stage=pretrain epoch=1/1 batch=1910/3000 step=1910 repair=0.02268 localization=0.2617 type=1.158 minimal=0.02113 physics=1.041 total=0.2169
[TRAIN train_climax_no_moisture_constraint_s43] [TRAIN] stage=pretrain epoch=1/1 batch=1920/3000 step=1920 repair=0.005721 localization=0.3182 type=1.593 minimal=0.02188 physics=0.1703 total=0.2055
[TRAIN train_climax_no_moisture_constraint_s43] [TRAIN] stage=pretrain epoch=1/1 batch=1930/3000 step=1930 repair=0.003578 localization=0.1227 type=0.419 minimal=0.02446 physics=0.5175 total=0.112
[TRAIN train_climax_no_moisture_constraint_s43] [TRAIN] stage=pretrain epoch=1/1 batch=1940/3000 step=1940 repair=0.00284 localization=0.3164 type=1.35 minimal=0.02177 physics=0.4908 total=0.1942
[TRAIN train_climax_no_moisture_constraint_s43] [TRAIN] stage=pretrain epoch=1/1 batch=1950/3000 step=1950 repair=0.004758 localization=0.2721 type=1.251 minimal=0.02197 physics=0.1624 total=0.2394
[TRAIN train_climax_no_moisture_constraint_s43] [TRAIN] stage=pretrain epoch=1/1 batch=1960/3000 step=1960 repair=0.006178 localization=0.3718 type=1.313 minimal=0.02075 physics=0.1563 total=0.2477
[TRAIN train_climax_no_moisture_constraint_s43] [TRAIN] stage=pretrain epoch=1/1 batch=1970/3000 step=1970 repair=0.00443 localization=0.1276 type=0.03554 minimal=0.03217 physics=0.5753 total=0.05225
[TRAIN train_climax_no_moisture_constraint_s43] [TRAIN] stage=pretrain epoch=1/1 batch=1980/3000 step=1980 repair=0.005144 localization=0.3718 type=2.831 minimal=0.01801 physics=0.1851 total=0.5709
[TRAIN train_climax_no_moisture_constraint_s43] [TRAIN] stage=pretrain epoch=1/1 batch=1990/3000 step=1990 repair=0.003619 localization=0.3071 type=1.229 minimal=0.01604 physics=0.4195 total=0.1783
[TRAIN train_climax_no_moisture_constraint_s43] [TRAIN] stage=pretrain epoch=1/1 batch=2000/3000 step=2000 repair=0.004466 localization=0.1194 type=0.689 minimal=0.01669 physics=0.2099 total=0.1349
[TRAIN train_climax_no_moisture_constraint_s43] [TRAIN] stage=pretrain epoch=1/1 batch=2010/3000 step=2010 repair=0.008784 localization=0.337 type=1.731 minimal=0.01596 physics=0.1073 total=0.2892
[TRAIN train_climax_no_moisture_constraint_s43] [TRAIN] stage=pretrain epoch=1/1 batch=2020/3000 step=2020 repair=0.003172 localization=0.2478 type=3.156 minimal=0.01566 physics=0.1091 total=0.6079
[TRAIN train_climax_no_moisture_constraint_s43] [TRAIN] stage=pretrain epoch=1/1 batch=2030/3000 step=2030 repair=0.00421 localization=0.3138 type=1.678 minimal=0.01628 physics=0.7723 total=0.2422
[TRAIN train_climax_no_moisture_constraint_s43] [TRAIN] stage=pretrain epoch=1/1 batch=2040/3000 step=2040 repair=0.003025 localization=0.212 type=1.78 minimal=0.0144 physics=0.7456 total=0.2397
[TRAIN train_climax_no_moisture_constraint_s43] [TRAIN] stage=pretrain epoch=1/1 batch=2050/3000 step=2050 repair=0.002203 localization=0.1829 type=1.936 minimal=0.01322 physics=0.0759 total=0.2742
[TRAIN train_climax_no_moisture_constraint_s43] [TRAIN] stage=pretrain epoch=1/1 batch=2060/3000 step=2060 repair=0.002546 localization=0.1139 type=0.3887 minimal=0.01649 physics=0.2446 total=0.08772
[TRAIN train_climax_no_moisture_constraint_s43] [TRAIN] stage=pretrain epoch=1/1 batch=2070/3000 step=2070 repair=0.00349 localization=0.3733 type=1.64 minimal=0.01587 physics=0.1325 total=0.2698
[TRAIN train_climax_no_moisture_constraint_s43] [TRAIN] stage=pretrain epoch=1/1 batch=2080/3000 step=2080 repair=0.002609 localization=0.3654 type=1.354 minimal=0.01443 physics=0.1126 total=0.1804
[TRAIN train_climax_no_moisture_constraint_s43] [TRAIN] stage=pretrain epoch=1/1 batch=2090/3000 step=2090 repair=0.001654 localization=0.2296 type=1.034 minimal=0.01584 physics=0.0842 total=0.1466
[TRAIN train_climax_no_moisture_constraint_s43] [TRAIN] stage=pretrain epoch=1/1 batch=2100/3000 step=2100 repair=0.008096 localization=0.3536 type=2.795 minimal=0.01759 physics=0.05459 total=0.5594
[TRAIN train_climax_no_moisture_constraint_s43] [TRAIN] stage=pretrain epoch=1/1 batch=2110/3000 step=2110 repair=0.007244 localization=0.3022 type=1.174 minimal=0.01895 physics=1.195 total=0.2148
[TRAIN train_climax_no_moisture_constraint_s43] [TRAIN] stage=pretrain epoch=1/1 batch=2120/3000 step=2120 repair=0.004857 localization=0.3039 type=2.561 minimal=0.01723 physics=0.2756 total=0.5444
[TRAIN train_climax_no_moisture_constraint_s43] [TRAIN] stage=pretrain epoch=1/1 batch=2130/3000 step=2130 repair=0.003552 localization=0.09426 type=0.0156 minimal=0.02223 physics=0.391 total=0.03585
[TRAIN train_climax_no_moisture_constraint_s43] [TRAIN] stage=pretrain epoch=1/1 batch=2140/3000 step=2140 repair=0.004508 localization=0.2251 type=3.673 minimal=0.01842 physics=0.1407 total=0.6805
[TRAIN train_climax_no_moisture_constraint_s43] [TRAIN] stage=pretrain epoch=1/1 batch=2150/3000 step=2150 repair=0.006939 localization=0.3363 type=1.296 minimal=0.01813 physics=0.1135 total=0.2172
[TRAIN train_climax_no_moisture_constraint_s43] [TRAIN] stage=pretrain epoch=1/1 batch=2160/3000 step=2160 repair=0.002784 localization=0.3147 type=1.332 minimal=0.01755 physics=0.1662 total=0.2664
[TRAIN train_climax_no_moisture_constraint_s43] [TRAIN] stage=pretrain epoch=1/1 batch=2170/3000 step=2170 repair=0.002991 localization=0.2397 type=2.696 minimal=0.01649 physics=0.163 total=0.4846
[TRAIN train_climax_no_moisture_constraint_s43] [TRAIN] stage=pretrain epoch=1/1 batch=2180/3000 step=2180 repair=0.006511 localization=0.2741 type=0.9131 minimal=0.01701 physics=0.8761 total=0.1692
[TRAIN train_climax_no_moisture_constraint_s43] [TRAIN] stage=pretrain epoch=1/1 batch=2190/3000 step=2190 repair=0.001528 localization=0.3124 type=1.778 minimal=0.01341 physics=0.06788 total=0.2141
[TRAIN train_climax_no_moisture_constraint_s43] [TRAIN] stage=pretrain epoch=1/1 batch=2200/3000 step=2200 repair=0.002426 localization=0.0849 type=0.001543 minimal=0.03134 physics=2.241 total=0.1237
[TRAIN train_climax_no_moisture_constraint_s43] [TRAIN] stage=pretrain epoch=1/1 batch=2210/3000 step=2210 repair=0.007333 localization=0.2184 type=1.199 minimal=0.0172 physics=0.872 total=0.1928
[TRAIN train_climax_no_moisture_constraint_s43] [TRAIN] stage=pretrain epoch=1/1 batch=2220/3000 step=2220 repair=0.005089 localization=0.329 type=0.9153 minimal=0.01595 physics=0.7281 total=0.1661
[TRAIN train_climax_no_moisture_constraint_s43] [TRAIN] stage=pretrain epoch=1/1 batch=2230/3000 step=2230 repair=0.009865 localization=0.1036 type=0.02199 minimal=0.01906 physics=0.6062 total=0.05491
[TRAIN train_climax_no_moisture_constraint_s43] [TRAIN] stage=pretrain epoch=1/1 batch=2240/3000 step=2240 repair=0.001795 localization=0.08848 type=0.1497 minimal=0.01686 physics=0.1832 total=0.04507
[TRAIN train_climax_no_moisture_constraint_s43] [TRAIN] stage=pretrain epoch=1/1 batch=2250/3000 step=2250 repair=0.003514 localization=0.2309 type=1.573 minimal=0.01524 physics=0.0549 total=0.1868
[TRAIN train_climax_no_moisture_constraint_s43] [TRAIN] stage=pretrain epoch=1/1 batch=2260/3000 step=2260 repair=0.004173 localization=0.3192 type=1.511 minimal=0.01724 physics=0.092 total=0.2644
[TRAIN train_climax_no_moisture_constraint_s43] [TRAIN] stage=pretrain epoch=1/1 batch=2270/3000 step=2270 repair=0.005857 localization=0.2859 type=1.73 minimal=0.01689 physics=0.1734 total=0.3209
[TRAIN train_climax_no_moisture_constraint_s43] [TRAIN] stage=pretrain epoch=1/1 batch=2280/3000 step=2280 repair=0.005384 localization=0.3781 type=1.624 minimal=0.01427 physics=0.07458 total=0.306
[TRAIN train_climax_no_moisture_constraint_s43] [TRAIN] stage=pretrain epoch=1/1 batch=2290/3000 step=2290 repair=0.002859 localization=0.06908 type=0.018 minimal=0.02376 physics=0.8142 total=0.05431
[TRAIN train_climax_no_moisture_constraint_s43] [TRAIN] stage=pretrain epoch=1/1 batch=2300/3000 step=2300 repair=0.001555 localization=0.0493 type=0.005959 minimal=0.02115 physics=0.6829 total=0.0421
[TRAIN train_climax_no_moisture_constraint_s43] [TRAIN] stage=pretrain epoch=1/1 batch=2310/3000 step=2310 repair=0.0136 localization=0.368 type=1.225 minimal=0.02269 physics=0.114 total=0.2212
[TRAIN train_climax_no_moisture_constraint_s43] [TRAIN] stage=pretrain epoch=1/1 batch=2320/3000 step=2320 repair=0.002319 localization=0.07099 type=0.001999 minimal=0.02498 physics=0.3513 total=0.02768
[TRAIN train_climax_no_moisture_constraint_s43] [TRAIN] stage=pretrain epoch=1/1 batch=2330/3000 step=2330 repair=0.0277 localization=0.3359 type=0.7812 minimal=0.01749 physics=1.73 total=0.2261
[TRAIN train_climax_no_moisture_constraint_s43] [TRAIN] stage=pretrain epoch=1/1 batch=2340/3000 step=2340 repair=0.006482 localization=0.2276 type=2.999 minimal=0.01971 physics=0.1921 total=0.5626
[TRAIN train_climax_no_moisture_constraint_s43] [TRAIN] stage=pretrain epoch=1/1 batch=2350/3000 step=2350 repair=0.02919 localization=0.3059 type=0.6221 minimal=0.02266 physics=1.324 total=0.1884
[TRAIN train_climax_no_moisture_constraint_s43] [TRAIN] stage=pretrain epoch=1/1 batch=2360/3000 step=2360 repair=0.005827 localization=0.2318 type=1.803 minimal=0.01942 physics=0.09907 total=0.2912
[TRAIN train_climax_no_moisture_constraint_s43] [TRAIN] stage=pretrain epoch=1/1 batch=2370/3000 step=2370 repair=0.002703 localization=0.423 type=1.597 minimal=0.01511 physics=0.1197 total=0.2829
[TRAIN train_climax_no_moisture_constraint_s43] [TRAIN] stage=pretrain epoch=1/1 batch=2380/3000 step=2380 repair=0.003052 localization=0.2403 type=1.965 minimal=0.01598 physics=0.05594 total=0.2266
[TRAIN train_climax_no_moisture_constraint_s43] [TRAIN] stage=pretrain epoch=1/1 batch=2390/3000 step=2390 repair=0.002014 localization=0.2214 type=1.288 minimal=0.01539 physics=0.06944 total=0.2191
[TRAIN train_climax_no_moisture_constraint_s43] [TRAIN] stage=pretrain epoch=1/1 batch=2400/3000 step=2400 repair=0.008308 localization=0.3412 type=0.95 minimal=0.01491 physics=1.1 total=0.1926
[TRAIN train_climax_no_moisture_constraint_s43] [TRAIN] stage=pretrain epoch=1/1 batch=2410/3000 step=2410 repair=0.007338 localization=0.2414 type=1.723 minimal=0.0164 physics=0.1655 total=0.2987
[TRAIN train_climax_no_moisture_constraint_s43] [TRAIN] stage=pretrain epoch=1/1 batch=2420/3000 step=2420 repair=0.00201 localization=0.3089 type=1.575 minimal=0.01486 physics=0.0661 total=0.2635
[TRAIN train_climax_no_moisture_constraint_s43] [TRAIN] stage=pretrain epoch=1/1 batch=2430/3000 step=2430 repair=0.002939 localization=0.2192 type=3.275 minimal=0.01588 physics=0.141 total=0.6259
[TRAIN train_climax_no_moisture_constraint_s43] [TRAIN] stage=pretrain epoch=1/1 batch=2440/3000 step=2440 repair=0.005413 localization=0.2356 type=1.28 minimal=0.01627 physics=0.0873 total=0.1615
[TRAIN train_climax_no_moisture_constraint_s43] [TRAIN] stage=pretrain epoch=1/1 batch=2450/3000 step=2450 repair=0.004706 localization=0.3309 type=0.6174 minimal=0.01964 physics=0.09997 total=0.1047
[TRAIN train_climax_no_moisture_constraint_s43] [TRAIN] stage=pretrain epoch=1/1 batch=2460/3000 step=2460 repair=0.003609 localization=0.4016 type=2.398 minimal=0.0173 physics=0.598 total=0.3137
[TRAIN train_climax_no_moisture_constraint_s43] [TRAIN] stage=pretrain epoch=1/1 batch=2470/3000 step=2470 repair=0.02651 localization=0.3971 type=1.669 minimal=0.01729 physics=2.869 total=0.3768
[TRAIN train_climax_no_moisture_constraint_s43] [TRAIN] stage=pretrain epoch=1/1 batch=2480/3000 step=2480 repair=0.003921 localization=0.3342 type=1.65 minimal=0.01801 physics=0.08045 total=0.2657
[TRAIN train_climax_no_moisture_constraint_s43] [TRAIN] stage=pretrain epoch=1/1 batch=2490/3000 step=2490 repair=0.03115 localization=0.3907 type=1.134 minimal=0.01572 physics=2.511 total=0.3093
[TRAIN train_climax_no_moisture_constraint_s43] [TRAIN] stage=pretrain epoch=1/1 batch=2500/3000 step=2500 repair=0.000948 localization=0.2338 type=1.199 minimal=0.01153 physics=0.03726 total=0.1747
[TRAIN train_climax_no_moisture_constraint_s43] [TRAIN] stage=pretrain epoch=1/1 batch=2510/3000 step=2510 repair=0.001362 localization=0.1186 type=0.4353 minimal=0.01301 physics=0.2966 total=0.08961
[TRAIN train_climax_no_moisture_constraint_s43] [TRAIN] stage=pretrain epoch=1/1 batch=2520/3000 step=2520 repair=0.01542 localization=0.2736 type=1.312 minimal=0.01455 physics=0.06596 total=0.1774
[TRAIN train_climax_no_moisture_constraint_s43] [TRAIN] stage=pretrain epoch=1/1 batch=2530/3000 step=2530 repair=0.003752 localization=0.211 type=2.029 minimal=0.01662 physics=0.06653 total=0.3431
[TRAIN train_climax_no_moisture_constraint_s43] [TRAIN] stage=pretrain epoch=1/1 batch=2540/3000 step=2540 repair=0.001673 localization=0.1027 type=0.1121 minimal=0.01854 physics=0.8118 total=0.07178
[TRAIN train_climax_no_moisture_constraint_s43] [TRAIN] stage=pretrain epoch=1/1 batch=2550/3000 step=2550 repair=0.004596 localization=0.3527 type=0.9802 minimal=0.0183 physics=0.1531 total=0.1457
[TRAIN train_climax_no_moisture_constraint_s43] [TRAIN] stage=pretrain epoch=1/1 batch=2560/3000 step=2560 repair=0.002643 localization=0.2244 type=1.214 minimal=0.01567 physics=0.1302 total=0.1532
[TRAIN train_climax_no_moisture_constraint_s43] [TRAIN] stage=pretrain epoch=1/1 batch=2570/3000 step=2570 repair=0.001135 localization=0.0353 type=0.005483 minimal=0.02074 physics=1.142 total=0.06293
[TRAIN train_climax_no_moisture_constraint_s43] [TRAIN] stage=pretrain epoch=1/1 batch=2580/3000 step=2580 repair=0.01897 localization=0.2546 type=1.009 minimal=0.01554 physics=1.555 total=0.2232
[TRAIN train_climax_no_moisture_constraint_s43] [TRAIN] stage=pretrain epoch=1/1 batch=2590/3000 step=2590 repair=0.00401 localization=0.2157 type=1.398 minimal=0.015 physics=0.1134 total=0.2582
[TRAIN train_climax_no_moisture_constraint_s43] [TRAIN] stage=pretrain epoch=1/1 batch=2600/3000 step=2600 repair=0.00243 localization=0.1834 type=0.7783 minimal=0.01495 physics=0.377 total=0.1176
[TRAIN train_climax_no_moisture_constraint_s43] [TRAIN] stage=pretrain epoch=1/1 batch=2610/3000 step=2610 repair=0.001833 localization=0.2492 type=1.134 minimal=0.01535 physics=0.05651 total=0.1824
[TRAIN train_climax_no_moisture_constraint_s43] [TRAIN] stage=pretrain epoch=1/1 batch=2620/3000 step=2620 repair=0.003586 localization=0.2146 type=1.581 minimal=0.01291 physics=0.9715 total=0.2319
[TRAIN train_climax_no_moisture_constraint_s43] [TRAIN] stage=pretrain epoch=1/1 batch=2630/3000 step=2630 repair=0.004325 localization=0.2007 type=1.783 minimal=0.01666 physics=0.2465 total=0.2954
[TRAIN train_climax_no_moisture_constraint_s43] [TRAIN] stage=pretrain epoch=1/1 batch=2640/3000 step=2640 repair=0.004788 localization=0.3953 type=1.444 minimal=0.01741 physics=0.07641 total=0.2475
[TRAIN train_climax_no_moisture_constraint_s43] [TRAIN] stage=pretrain epoch=1/1 batch=2650/3000 step=2650 repair=0.002353 localization=0.09673 type=0.002525 minimal=0.0218 physics=0.3353 total=0.02948
[TRAIN train_climax_no_moisture_constraint_s43] [TRAIN] stage=pretrain epoch=1/1 batch=2660/3000 step=2660 repair=0.0044 localization=0.2946 type=1.385 minimal=0.01823 physics=0.1061 total=0.1779
[TRAIN train_climax_no_moisture_constraint_s43] [TRAIN] stage=pretrain epoch=1/1 batch=2670/3000 step=2670 repair=0.001223 localization=0.1937 type=1.331 minimal=0.01401 physics=0.06794 total=0.2198
[TRAIN train_climax_no_moisture_constraint_s43] [TRAIN] stage=pretrain epoch=1/1 batch=2680/3000 step=2680 repair=0.001874 localization=0.1677 type=0.009197 minimal=0.01324 physics=0.2109 total=0.0309
[TRAIN train_climax_no_moisture_constraint_s43] [TRAIN] stage=pretrain epoch=1/1 batch=2690/3000 step=2690 repair=0.009576 localization=0.2174 type=1.377 minimal=0.02101 physics=0.08291 total=0.2324
[TRAIN train_climax_no_moisture_constraint_s43] [TRAIN] stage=pretrain epoch=1/1 batch=2700/3000 step=2700 repair=0.007562 localization=0.3278 type=1.531 minimal=0.02031 physics=0.5462 total=0.2209
[TRAIN train_climax_no_moisture_constraint_s43] [TRAIN] stage=pretrain epoch=1/1 batch=2710/3000 step=2710 repair=0.002493 localization=0.2234 type=2.065 minimal=0.01616 physics=0.09163 total=0.3642
[TRAIN train_climax_no_moisture_constraint_s43] [TRAIN] stage=pretrain epoch=1/1 batch=2720/3000 step=2720 repair=0.004062 localization=0.3754 type=0.687 minimal=0.01826 physics=0.171 total=0.119
[TRAIN train_climax_no_moisture_constraint_s43] [TRAIN] stage=pretrain epoch=1/1 batch=2730/3000 step=2730 repair=0.001832 localization=0.07746 type=0.00155 minimal=0.01201 physics=0.3969 total=0.02984
[TRAIN train_climax_no_moisture_constraint_s43] [TRAIN] stage=pretrain epoch=1/1 batch=2740/3000 step=2740 repair=0.001422 localization=0.3837 type=2.937 minimal=0.01366 physics=0.08805 total=0.5127
[TRAIN train_climax_no_moisture_constraint_s43] [TRAIN] stage=pretrain epoch=1/1 batch=2750/3000 step=2750 repair=0.005882 localization=0.2646 type=1.391 minimal=0.01404 physics=0.7673 total=0.21
[TRAIN train_climax_no_moisture_constraint_s43] [TRAIN] stage=pretrain epoch=1/1 batch=2760/3000 step=2760 repair=0.01723 localization=0.3528 type=1.19 minimal=0.01585 physics=0.1772 total=0.2379
[TRAIN train_climax_no_moisture_constraint_s43] [TRAIN] stage=pretrain epoch=1/1 batch=2770/3000 step=2770 repair=0.003156 localization=0.3021 type=1.899 minimal=0.01587 physics=0.1171 total=0.3364
[TRAIN train_climax_no_moisture_constraint_s43] [TRAIN] stage=pretrain epoch=1/1 batch=2780/3000 step=2780 repair=0.001314 localization=0.0219 type=0.0005729 minimal=0.02048 physics=0.1691 total=0.01229
[TRAIN train_climax_no_moisture_constraint_s43] [TRAIN] stage=pretrain epoch=1/1 batch=2790/3000 step=2790 repair=0.003585 localization=0.3911 type=1.326 minimal=0.01663 physics=0.1496 total=0.2197
[TRAIN train_climax_no_moisture_constraint_s43] [TRAIN] stage=pretrain epoch=1/1 batch=2800/3000 step=2800 repair=0.02356 localization=0.3167 type=2.723 minimal=0.01366 physics=3.883 total=0.5218
[TRAIN train_climax_no_moisture_constraint_s43] [TRAIN] stage=pretrain epoch=1/1 batch=2810/3000 step=2810 repair=0.001371 localization=0.02767 type=0.002498 minimal=0.02002 physics=0.3612 total=0.02288
[TRAIN train_climax_no_moisture_constraint_s43] [TRAIN] stage=pretrain epoch=1/1 batch=2820/3000 step=2820 repair=0.001871 localization=0.3273 type=1.736 minimal=0.01395 physics=0.0776 total=0.3145
[TRAIN train_climax_no_moisture_constraint_s43] [TRAIN] stage=pretrain epoch=1/1 batch=2830/3000 step=2830 repair=0.006589 localization=0.3501 type=1.405 minimal=0.01569 physics=0.08743 total=0.2585
[TRAIN train_climax_no_moisture_constraint_s43] [TRAIN] stage=pretrain epoch=1/1 batch=2840/3000 step=2840 repair=0.002172 localization=0.2454 type=1.834 minimal=0.01654 physics=0.1324 total=0.311
[TRAIN train_climax_no_moisture_constraint_s43] [TRAIN] stage=pretrain epoch=1/1 batch=2850/3000 step=2850 repair=0.006906 localization=0.4303 type=1.309 minimal=0.01308 physics=1.802 total=0.2711
[TRAIN train_climax_no_moisture_constraint_s43] [TRAIN] stage=pretrain epoch=1/1 batch=2860/3000 step=2860 repair=0.002509 localization=0.4055 type=1.354 minimal=0.01442 physics=0.1244 total=0.1848
[TRAIN train_climax_no_moisture_constraint_s43] [TRAIN] stage=pretrain epoch=1/1 batch=2870/3000 step=2870 repair=0.01162 localization=0.5882 type=2.272 minimal=0.01411 physics=0.08043 total=0.3984
[TRAIN train_climax_no_moisture_constraint_s43] [TRAIN] stage=pretrain epoch=1/1 batch=2880/3000 step=2880 repair=0.01507 localization=0.3091 type=0.8547 minimal=0.01475 physics=0.0656 total=0.1349
[TRAIN train_climax_no_moisture_constraint_s43] [TRAIN] stage=pretrain epoch=1/1 batch=2890/3000 step=2890 repair=0.008405 localization=0.3178 type=0.9685 minimal=0.01988 physics=1.192 total=0.1968
[TRAIN train_climax_no_moisture_constraint_s43] [TRAIN] stage=pretrain epoch=1/1 batch=2900/3000 step=2900 repair=0.005088 localization=0.3084 type=0.9041 minimal=0.01692 physics=0.7119 total=0.1621
[TRAIN train_climax_no_moisture_constraint_s43] [TRAIN] stage=pretrain epoch=1/1 batch=2910/3000 step=2910 repair=0.005012 localization=0.2915 type=1.539 minimal=0.01608 physics=0.0759 total=0.253
[TRAIN train_climax_no_moisture_constraint_s43] [TRAIN] stage=pretrain epoch=1/1 batch=2920/3000 step=2920 repair=0.005383 localization=0.2862 type=1.557 minimal=0.01509 physics=0.07032 total=0.2508
[TRAIN train_climax_no_moisture_constraint_s43] [TRAIN] stage=pretrain epoch=1/1 batch=2930/3000 step=2930 repair=0.009041 localization=0.3161 type=1.07 minimal=0.01596 physics=1.007 total=0.1982
[TRAIN train_climax_no_moisture_constraint_s43] [TRAIN] stage=pretrain epoch=1/1 batch=2940/3000 step=2940 repair=0.02162 localization=0.2603 type=0.8689 minimal=0.01593 physics=1.601 total=0.2147
[TRAIN train_climax_no_moisture_constraint_s43] [TRAIN] stage=pretrain epoch=1/1 batch=2950/3000 step=2950 repair=0.02889 localization=0.2902 type=0.7322 minimal=0.02003 physics=1.7 total=0.2163
[TRAIN train_climax_no_moisture_constraint_s43] [TRAIN] stage=pretrain epoch=1/1 batch=2960/3000 step=2960 repair=0.01003 localization=0.3166 type=0.8457 minimal=0.01736 physics=0.8852 total=0.1707
[TRAIN train_climax_no_moisture_constraint_s43] [TRAIN] stage=pretrain epoch=1/1 batch=2970/3000 step=2970 repair=0.001629 localization=0.1367 type=0.01688 minimal=0.01446 physics=0.2127 total=0.02863
[TRAIN train_climax_no_moisture_constraint_s43] [TRAIN] stage=pretrain epoch=1/1 batch=2980/3000 step=2980 repair=0.006516 localization=0.3613 type=1.822 minimal=0.01474 physics=0.09585 total=0.271
[TRAIN train_climax_no_moisture_constraint_s43] [TRAIN] stage=pretrain epoch=1/1 batch=2990/3000 step=2990 repair=0.002494 localization=0.3221 type=2.237 minimal=0.01591 physics=0.1526 total=0.3541
[TRAIN train_climax_no_moisture_constraint_s43] [TRAIN] stage=pretrain epoch=1/1 batch=3000/3000 step=3000 repair=0.002215 localization=0.3009 type=1.962 minimal=0.01453 physics=0.1263 total=0.3039
[TRAIN train_climax_no_moisture_constraint_s43] [EPOCH] {'stage': 'pretrain', 'epoch': 0, 'global_step': 3000, 'train_total': 0.26487077821884303, 'val_repair_mse': 0.12971098814159632, 'elapsed_seconds': 1855.44}
[TRAIN train_climax_no_moisture_constraint_s43] [BEST] val_repair_mse=0.129711
[TRAIN train_climax_no_moisture_constraint_s43] [STAGE] finetune epochs=1 start_epoch=0
[TRAIN train_climax_no_moisture_constraint_s43] [TRAIN] stage=finetune epoch=1/1 batch=10/3000 step=3010 repair=0.1434 localization=0 type=0 minimal=0.02655 physics=0.6731 total=0.1773
[TRAIN train_climax_no_moisture_constraint_s43] [TRAIN] stage=finetune epoch=1/1 batch=20/3000 step=3020 repair=0.1735 localization=0 type=0 minimal=0.03049 physics=0.7485 total=0.2112
[TRAIN train_climax_no_moisture_constraint_s43] [TRAIN] stage=finetune epoch=1/1 batch=30/3000 step=3030 repair=0.1153 localization=0 type=0 minimal=0.03149 physics=0.6855 total=0.1499
[TRAIN train_climax_no_moisture_constraint_s43] [TRAIN] stage=finetune epoch=1/1 batch=40/3000 step=3040 repair=0.08924 localization=0 type=0 minimal=0.03198 physics=0.5757 total=0.1183
[TRAIN train_climax_no_moisture_constraint_s43] [TRAIN] stage=finetune epoch=1/1 batch=50/3000 step=3050 repair=0.1154 localization=0 type=0 minimal=0.03543 physics=0.5774 total=0.1446
[TRAIN train_climax_no_moisture_constraint_s43] [TRAIN] stage=finetune epoch=1/1 batch=60/3000 step=3060 repair=0.08505 localization=0 type=0 minimal=0.03607 physics=0.5165 total=0.1112
[TRAIN train_climax_no_moisture_constraint_s43] [TRAIN] stage=finetune epoch=1/1 batch=70/3000 step=3070 repair=0.1218 localization=0 type=0 minimal=0.03598 physics=0.5368 total=0.149
[TRAIN train_climax_no_moisture_constraint_s43] [TRAIN] stage=finetune epoch=1/1 batch=80/3000 step=3080 repair=0.1159 localization=0 type=0 minimal=0.03418 physics=0.5648 total=0.1445
[TRAIN train_climax_no_moisture_constraint_s43] [TRAIN] stage=finetune epoch=1/1 batch=90/3000 step=3090 repair=0.07749 localization=0 type=0 minimal=0.03732 physics=0.5466 total=0.1052
[TRAIN train_climax_no_moisture_constraint_s43] [TRAIN] stage=finetune epoch=1/1 batch=100/3000 step=3100 repair=0.07857 localization=0 type=0 minimal=0.0369 physics=0.529 total=0.1054
[TRAIN train_climax_no_moisture_constraint_s43] [TRAIN] stage=finetune epoch=1/1 batch=110/3000 step=3110 repair=0.1238 localization=0 type=0 minimal=0.04242 physics=0.5447 total=0.1515
[TRAIN train_climax_no_moisture_constraint_s43] [TRAIN] stage=finetune epoch=1/1 batch=120/3000 step=3120 repair=0.1201 localization=0 type=0 minimal=0.04013 physics=0.4968 total=0.1453
[TRAIN train_climax_no_moisture_constraint_s43] [TRAIN] stage=finetune epoch=1/1 batch=130/3000 step=3130 repair=0.1507 localization=0 type=0 minimal=0.03891 physics=0.4837 total=0.1753
[TRAIN train_climax_no_moisture_constraint_s43] [TRAIN] stage=finetune epoch=1/1 batch=140/3000 step=3140 repair=0.1273 localization=0 type=0 minimal=0.03906 physics=0.4683 total=0.1511
[TRAIN train_climax_no_moisture_constraint_s43] [TRAIN] stage=finetune epoch=1/1 batch=150/3000 step=3150 repair=0.1698 localization=0 type=0 minimal=0.0437 physics=0.5344 total=0.197
[TRAIN train_climax_no_moisture_constraint_s43] [TRAIN] stage=finetune epoch=1/1 batch=160/3000 step=3160 repair=0.1593 localization=0 type=0 minimal=0.03943 physics=0.5293 total=0.1861
[TRAIN train_climax_no_moisture_constraint_s43] [TRAIN] stage=finetune epoch=1/1 batch=170/3000 step=3170 repair=0.08013 localization=0 type=0 minimal=0.03497 physics=0.4922 total=0.1051
[TRAIN train_climax_no_moisture_constraint_s43] [TRAIN] stage=finetune epoch=1/1 batch=180/3000 step=3180 repair=0.1242 localization=0 type=0 minimal=0.04276 physics=0.5191 total=0.1506
[TRAIN train_climax_no_moisture_constraint_s43] [TRAIN] stage=finetune epoch=1/1 batch=190/3000 step=3190 repair=0.0977 localization=0 type=0 minimal=0.03769 physics=0.5059 total=0.1234
[TRAIN train_climax_no_moisture_constraint_s43] [TRAIN] stage=finetune epoch=1/1 batch=200/3000 step=3200 repair=0.1643 localization=0 type=0 minimal=0.04541 physics=0.6101 total=0.1952
[TRAIN train_climax_no_moisture_constraint_s43] [TRAIN] stage=finetune epoch=1/1 batch=210/3000 step=3210 repair=0.07794 localization=0 type=0 minimal=0.03857 physics=0.5912 total=0.1079
[TRAIN train_climax_no_moisture_constraint_s43] [TRAIN] stage=finetune epoch=1/1 batch=220/3000 step=3220 repair=0.1508 localization=0 type=0 minimal=0.04568 physics=0.6944 total=0.1859
[TRAIN train_climax_no_moisture_constraint_s43] [TRAIN] stage=finetune epoch=1/1 batch=230/3000 step=3230 repair=0.08423 localization=0 type=0 minimal=0.03827 physics=0.6149 total=0.1154
[TRAIN train_climax_no_moisture_constraint_s43] [TRAIN] stage=finetune epoch=1/1 batch=240/3000 step=3240 repair=0.1291 localization=0 type=0 minimal=0.04285 physics=0.6271 total=0.1609
[TRAIN train_climax_no_moisture_constraint_s43] [TRAIN] stage=finetune epoch=1/1 batch=250/3000 step=3250 repair=0.09151 localization=0 type=0 minimal=0.0416 physics=0.5546 total=0.1197
[TRAIN train_climax_no_moisture_constraint_s43] [TRAIN] stage=finetune epoch=1/1 batch=260/3000 step=3260 repair=0.1527 localization=0 type=0 minimal=0.04602 physics=0.6201 total=0.1842
[TRAIN train_climax_no_moisture_constraint_s43] [TRAIN] stage=finetune epoch=1/1 batch=270/3000 step=3270 repair=0.1614 localization=0 type=0 minimal=0.04587 physics=0.6415 total=0.1939
[TRAIN train_climax_no_moisture_constraint_s43] [TRAIN] stage=finetune epoch=1/1 batch=280/3000 step=3280 repair=0.1177 localization=0 type=0 minimal=0.04474 physics=0.5755 total=0.147
[TRAIN train_climax_no_moisture_constraint_s43] [TRAIN] stage=finetune epoch=1/1 batch=290/3000 step=3290 repair=0.08363 localization=0 type=0 minimal=0.04382 physics=0.5681 total=0.1125
[TRAIN train_climax_no_moisture_constraint_s43] [TRAIN] stage=finetune epoch=1/1 batch=300/3000 step=3300 repair=0.07591 localization=0 type=0 minimal=0.04214 physics=0.5444 total=0.1036
[TRAIN train_climax_no_moisture_constraint_s43] [TRAIN] stage=finetune epoch=1/1 batch=310/3000 step=3310 repair=0.08223 localization=0 type=0 minimal=0.04099 physics=0.5324 total=0.1093
[TRAIN train_climax_no_moisture_constraint_s43] [TRAIN] stage=finetune epoch=1/1 batch=320/3000 step=3320 repair=0.1191 localization=0 type=0 minimal=0.04913 physics=0.5513 total=0.1472
[TRAIN train_climax_no_moisture_constraint_s43] [TRAIN] stage=finetune epoch=1/1 batch=330/3000 step=3330 repair=0.1258 localization=0 type=0 minimal=0.04877 physics=0.5346 total=0.153
[TRAIN train_climax_no_moisture_constraint_s43] [TRAIN] stage=finetune epoch=1/1 batch=340/3000 step=3340 repair=0.1336 localization=0 type=0 minimal=0.05121 physics=0.5065 total=0.1595
[TRAIN train_climax_no_moisture_constraint_s43] [TRAIN] stage=finetune epoch=1/1 batch=350/3000 step=3350 repair=0.1148 localization=0 type=0 minimal=0.04877 physics=0.4925 total=0.1399
[TRAIN train_climax_no_moisture_constraint_s43] [TRAIN] stage=finetune epoch=1/1 batch=360/3000 step=3360 repair=0.1329 localization=0 type=0 minimal=0.04504 physics=0.5359 total=0.1602
[TRAIN train_climax_no_moisture_constraint_s43] [TRAIN] stage=finetune epoch=1/1 batch=370/3000 step=3370 repair=0.1312 localization=0 type=0 minimal=0.05005 physics=0.5124 total=0.1573
[TRAIN train_climax_no_moisture_constraint_s43] [TRAIN] stage=finetune epoch=1/1 batch=380/3000 step=3380 repair=0.08681 localization=0 type=0 minimal=0.0451 physics=0.4892 total=0.1117
[TRAIN train_climax_no_moisture_constraint_s43] [TRAIN] stage=finetune epoch=1/1 batch=390/3000 step=3390 repair=0.07629 localization=0 type=0 minimal=0.05167 physics=0.4321 total=0.09841
[TRAIN train_climax_no_moisture_constraint_s43] [TRAIN] stage=finetune epoch=1/1 batch=400/3000 step=3400 repair=0.08378 localization=0 type=0 minimal=0.04611 physics=0.4079 total=0.1046
[TRAIN train_climax_no_moisture_constraint_s43] [TRAIN] stage=finetune epoch=1/1 batch=410/3000 step=3410 repair=0.1301 localization=0 type=0 minimal=0.0491 physics=0.4126 total=0.1512
[TRAIN train_climax_no_moisture_constraint_s43] [TRAIN] stage=finetune epoch=1/1 batch=420/3000 step=3420 repair=0.1529 localization=0 type=0 minimal=0.04974 physics=0.4237 total=0.1746
[TRAIN train_climax_no_moisture_constraint_s43] [TRAIN] stage=finetune epoch=1/1 batch=430/3000 step=3430 repair=0.1736 localization=0 type=0 minimal=0.04761 physics=0.4662 total=0.1974
[TRAIN train_climax_no_moisture_constraint_s43] [TRAIN] stage=finetune epoch=1/1 batch=440/3000 step=3440 repair=0.1119 localization=0 type=0 minimal=0.04926 physics=0.3846 total=0.1316
[TRAIN train_climax_no_moisture_constraint_s43] [TRAIN] stage=finetune epoch=1/1 batch=450/3000 step=3450 repair=0.08231 localization=0 type=0 minimal=0.04935 physics=0.3482 total=0.1002
[TRAIN train_climax_no_moisture_constraint_s43] [TRAIN] stage=finetune epoch=1/1 batch=460/3000 step=3460 repair=0.09173 localization=0 type=0 minimal=0.05051 physics=0.3337 total=0.1089
[TRAIN train_climax_no_moisture_constraint_s43] [TRAIN] stage=finetune epoch=1/1 batch=470/3000 step=3470 repair=0.1209 localization=0 type=0 minimal=0.05075 physics=0.4292 total=0.1428
[TRAIN train_climax_no_moisture_constraint_s43] [TRAIN] stage=finetune epoch=1/1 batch=480/3000 step=3480 repair=0.09196 localization=0 type=0 minimal=0.04843 physics=0.4271 total=0.1138
[TRAIN train_climax_no_moisture_constraint_s43] [TRAIN] stage=finetune epoch=1/1 batch=490/3000 step=3490 repair=0.1702 localization=0 type=0 minimal=0.056 physics=0.4875 total=0.1951
[TRAIN train_climax_no_moisture_constraint_s43] [TRAIN] stage=finetune epoch=1/1 batch=500/3000 step=3500 repair=0.1195 localization=0 type=0 minimal=0.05121 physics=0.4246 total=0.1413
[TRAIN train_climax_no_moisture_constraint_s43] [TRAIN] stage=finetune epoch=1/1 batch=510/3000 step=3510 repair=0.1232 localization=0 type=0 minimal=0.05179 physics=0.4213 total=0.1448
[TRAIN train_climax_no_moisture_constraint_s43] [TRAIN] stage=finetune epoch=1/1 batch=520/3000 step=3520 repair=0.0907 localization=0 type=0 minimal=0.04895 physics=0.3794 total=0.1102
[TRAIN train_climax_no_moisture_constraint_s43] [TRAIN] stage=finetune epoch=1/1 batch=530/3000 step=3530 repair=0.07105 localization=0 type=0 minimal=0.05008 physics=0.3907 total=0.09108
[TRAIN train_climax_no_moisture_constraint_s43] [TRAIN] stage=finetune epoch=1/1 batch=540/3000 step=3540 repair=0.1738 localization=0 type=0 minimal=0.05408 physics=0.4724 total=0.1979
[TRAIN train_climax_no_moisture_constraint_s43] [TRAIN] stage=finetune epoch=1/1 batch=550/3000 step=3550 repair=0.1295 localization=0 type=0 minimal=0.05133 physics=0.4556 total=0.1528
[TRAIN train_climax_no_moisture_constraint_s43] [TRAIN] stage=finetune epoch=1/1 batch=560/3000 step=3560 repair=0.151 localization=0 type=0 minimal=0.05145 physics=0.5084 total=0.1769
[TRAIN train_climax_no_moisture_constraint_s43] [TRAIN] stage=finetune epoch=1/1 batch=570/3000 step=3570 repair=0.08075 localization=0 type=0 minimal=0.0451 physics=0.4765 total=0.105
[TRAIN train_climax_no_moisture_constraint_s43] [TRAIN] stage=finetune epoch=1/1 batch=580/3000 step=3580 repair=0.1197 localization=0 type=0 minimal=0.05176 physics=0.4897 total=0.1447
[TRAIN train_climax_no_moisture_constraint_s43] [TRAIN] stage=finetune epoch=1/1 batch=590/3000 step=3590 repair=0.1217 localization=0 type=0 minimal=0.0542 physics=0.4703 total=0.1457
[TRAIN train_climax_no_moisture_constraint_s43] [TRAIN] stage=finetune epoch=1/1 batch=600/3000 step=3600 repair=0.1174 localization=0 type=0 minimal=0.05551 physics=0.4762 total=0.1417
[TRAIN train_climax_no_moisture_constraint_s43] [TRAIN] stage=finetune epoch=1/1 batch=610/3000 step=3610 repair=0.117 localization=0 type=0 minimal=0.05942 physics=0.4349 total=0.1394
[TRAIN train_climax_no_moisture_constraint_s43] [TRAIN] stage=finetune epoch=1/1 batch=620/3000 step=3620 repair=0.08608 localization=0 type=0 minimal=0.05371 physics=0.4678 total=0.11
[TRAIN train_climax_no_moisture_constraint_s43] [TRAIN] stage=finetune epoch=1/1 batch=630/3000 step=3630 repair=0.09157 localization=0 type=0 minimal=0.05542 physics=0.4473 total=0.1145
[TRAIN train_climax_no_moisture_constraint_s43] [TRAIN] stage=finetune epoch=1/1 batch=640/3000 step=3640 repair=0.1257 localization=0 type=0 minimal=0.05392 physics=0.4592 total=0.1492
[TRAIN train_climax_no_moisture_constraint_s43] [TRAIN] stage=finetune epoch=1/1 batch=650/3000 step=3650 repair=0.1256 localization=0 type=0 minimal=0.05209 physics=0.5236 total=0.1523
[TRAIN train_climax_no_moisture_constraint_s43] [TRAIN] stage=finetune epoch=1/1 batch=660/3000 step=3660 repair=0.1308 localization=0 type=0 minimal=0.05228 physics=0.527 total=0.1576
[TRAIN train_climax_no_moisture_constraint_s43] [TRAIN] stage=finetune epoch=1/1 batch=670/3000 step=3670 repair=0.09166 localization=0 type=0 minimal=0.05646 physics=0.5517 total=0.1198
[TRAIN train_climax_no_moisture_constraint_s43] [TRAIN] stage=finetune epoch=1/1 batch=680/3000 step=3680 repair=0.08007 localization=0 type=0 minimal=0.05576 physics=0.5632 total=0.1088
[TRAIN train_climax_no_moisture_constraint_s43] [TRAIN] stage=finetune epoch=1/1 batch=690/3000 step=3690 repair=0.1092 localization=0 type=0 minimal=0.05746 physics=0.5516 total=0.1374
[TRAIN train_climax_no_moisture_constraint_s43] [TRAIN] stage=finetune epoch=1/1 batch=700/3000 step=3700 repair=0.1094 localization=0 type=0 minimal=0.05542 physics=0.52 total=0.136
[TRAIN train_climax_no_moisture_constraint_s43] [TRAIN] stage=finetune epoch=1/1 batch=710/3000 step=3710 repair=0.1603 localization=0 type=0 minimal=0.05377 physics=0.5845 total=0.1901
[TRAIN train_climax_no_moisture_constraint_s43] [TRAIN] stage=finetune epoch=1/1 batch=720/3000 step=3720 repair=0.07506 localization=0 type=0 minimal=0.05795 physics=0.5282 total=0.1021
[TRAIN train_climax_no_moisture_constraint_s43] [TRAIN] stage=finetune epoch=1/1 batch=730/3000 step=3730 repair=0.1201 localization=0 type=0 minimal=0.05112 physics=0.6065 total=0.151
[TRAIN train_climax_no_moisture_constraint_s43] [TRAIN] stage=finetune epoch=1/1 batch=740/3000 step=3740 repair=0.09197 localization=0 type=0 minimal=0.05579 physics=0.5325 total=0.1191
[TRAIN train_climax_no_moisture_constraint_s43] [TRAIN] stage=finetune epoch=1/1 batch=750/3000 step=3750 repair=0.1301 localization=0 type=0 minimal=0.05545 physics=0.5521 total=0.1583
[TRAIN train_climax_no_moisture_constraint_s43] [TRAIN] stage=finetune epoch=1/1 batch=760/3000 step=3760 repair=0.121 localization=0 type=0 minimal=0.06097 physics=0.4929 total=0.1463
[TRAIN train_climax_no_moisture_constraint_s43] [TRAIN] stage=finetune epoch=1/1 batch=770/3000 step=3770 repair=0.08559 localization=0 type=0 minimal=0.05887 physics=0.443 total=0.1083
[TRAIN train_climax_no_moisture_constraint_s43] [TRAIN] stage=finetune epoch=1/1 batch=780/3000 step=3780 repair=0.1271 localization=0 type=0 minimal=0.05908 physics=0.4391 total=0.1496
[TRAIN train_climax_no_moisture_constraint_s43] [TRAIN] stage=finetune epoch=1/1 batch=790/3000 step=3790 repair=0.07865 localization=0 type=0 minimal=0.05569 physics=0.4057 total=0.09949
[TRAIN train_climax_no_moisture_constraint_s43] [TRAIN] stage=finetune epoch=1/1 batch=800/3000 step=3800 repair=0.1114 localization=0 type=0 minimal=0.05664 physics=0.4334 total=0.1337
[TRAIN train_climax_no_moisture_constraint_s43] [TRAIN] stage=finetune epoch=1/1 batch=810/3000 step=3810 repair=0.0795 localization=0 type=0 minimal=0.05951 physics=0.4261 total=0.1014
[TRAIN train_climax_no_moisture_constraint_s43] [TRAIN] stage=finetune epoch=1/1 batch=820/3000 step=3820 repair=0.1304 localization=0 type=0 minimal=0.05823 physics=0.4871 total=0.1553
[TRAIN train_climax_no_moisture_constraint_s43] [TRAIN] stage=finetune epoch=1/1 batch=830/3000 step=3830 repair=0.08921 localization=0 type=0 minimal=0.05801 physics=0.4559 total=0.1126
[TRAIN train_climax_no_moisture_constraint_s43] [TRAIN] stage=finetune epoch=1/1 batch=840/3000 step=3840 repair=0.1134 localization=0 type=0 minimal=0.05566 physics=0.4822 total=0.1381
[TRAIN train_climax_no_moisture_constraint_s43] [TRAIN] stage=finetune epoch=1/1 batch=850/3000 step=3850 repair=0.1275 localization=0 type=0 minimal=0.04504 physics=0.7345 total=0.1646
[TRAIN train_climax_no_moisture_constraint_s43] [TRAIN] stage=finetune epoch=1/1 batch=860/3000 step=3860 repair=0.0682 localization=0 type=0 minimal=0.06451 physics=0.5133 total=0.09451
[TRAIN train_climax_no_moisture_constraint_s43] [TRAIN] stage=finetune epoch=1/1 batch=870/3000 step=3870 repair=0.08908 localization=0 type=0 minimal=0.06171 physics=0.5512 total=0.1173
[TRAIN train_climax_no_moisture_constraint_s43] [TRAIN] stage=finetune epoch=1/1 batch=880/3000 step=3880 repair=0.1029 localization=0 type=0 minimal=0.05957 physics=0.5743 total=0.1323
[TRAIN train_climax_no_moisture_constraint_s43] [TRAIN] stage=finetune epoch=1/1 batch=890/3000 step=3890 repair=0.1585 localization=0 type=0 minimal=0.04816 physics=0.5807 total=0.188
[TRAIN train_climax_no_moisture_constraint_s43] [TRAIN] stage=finetune epoch=1/1 batch=900/3000 step=3900 repair=0.151 localization=0 type=0 minimal=0.05399 physics=0.5995 total=0.1815
[TRAIN train_climax_no_moisture_constraint_s43] [TRAIN] stage=finetune epoch=1/1 batch=910/3000 step=3910 repair=0.08716 localization=0 type=0 minimal=0.06177 physics=0.5437 total=0.115
[TRAIN train_climax_no_moisture_constraint_s43] [TRAIN] stage=finetune epoch=1/1 batch=920/3000 step=3920 repair=0.1313 localization=0 type=0 minimal=0.05804 physics=0.5174 total=0.1578
[TRAIN train_climax_no_moisture_constraint_s43] [TRAIN] stage=finetune epoch=1/1 batch=930/3000 step=3930 repair=0.09363 localization=0 type=0 minimal=0.06488 physics=0.5194 total=0.1202
[TRAIN train_climax_no_moisture_constraint_s43] [TRAIN] stage=finetune epoch=1/1 batch=940/3000 step=3940 repair=0.1111 localization=0 type=0 minimal=0.05771 physics=0.5369 total=0.1385
[TRAIN train_climax_no_moisture_constraint_s43] [TRAIN] stage=finetune epoch=1/1 batch=950/3000 step=3950 repair=0.1175 localization=0 type=0 minimal=0.05957 physics=0.5415 total=0.1452
[TRAIN train_climax_no_moisture_constraint_s43] [TRAIN] stage=finetune epoch=1/1 batch=960/3000 step=3960 repair=0.1248 localization=0 type=0 minimal=0.05502 physics=0.5721 total=0.154
[TRAIN train_climax_no_moisture_constraint_s43] [TRAIN] stage=finetune epoch=1/1 batch=970/3000 step=3970 repair=0.06893 localization=0 type=0 minimal=0.0672 physics=0.5228 total=0.09574
[TRAIN train_climax_no_moisture_constraint_s43] [TRAIN] stage=finetune epoch=1/1 batch=980/3000 step=3980 repair=0.1186 localization=0 type=0 minimal=0.05627 physics=0.5342 total=0.1459
[TRAIN train_climax_no_moisture_constraint_s43] [TRAIN] stage=finetune epoch=1/1 batch=990/3000 step=3990 repair=0.1116 localization=0 type=0 minimal=0.06146 physics=0.5535 total=0.1399
[TRAIN train_climax_no_moisture_constraint_s43] [TRAIN] stage=finetune epoch=1/1 batch=1000/3000 step=4000 repair=0.06442 localization=0 type=0 minimal=0.07361 physics=0.5914 total=0.09473
[TRAIN train_climax_no_moisture_constraint_s43] [TRAIN] stage=finetune epoch=1/1 batch=1010/3000 step=4010 repair=0.118 localization=0 type=0 minimal=0.05151 physics=0.5745 total=0.1473
[TRAIN train_climax_no_moisture_constraint_s43] [TRAIN] stage=finetune epoch=1/1 batch=1020/3000 step=4020 repair=0.1168 localization=0 type=0 minimal=0.06335 physics=0.5609 total=0.1455
[TRAIN train_climax_no_moisture_constraint_s43] [TRAIN] stage=finetune epoch=1/1 batch=1030/3000 step=4030 repair=0.08026 localization=0 type=0 minimal=0.06793 physics=0.5199 total=0.1069
[TRAIN train_climax_no_moisture_constraint_s43] [TRAIN] stage=finetune epoch=1/1 batch=1040/3000 step=4040 repair=0.07689 localization=0 type=0 minimal=0.06836 physics=0.5164 total=0.1034
[TRAIN train_climax_no_moisture_constraint_s43] [TRAIN] stage=finetune epoch=1/1 batch=1050/3000 step=4050 repair=0.06401 localization=0 type=0 minimal=0.07233 physics=0.5069 total=0.09008
[TRAIN train_climax_no_moisture_constraint_s43] [TRAIN] stage=finetune epoch=1/1 batch=1060/3000 step=4060 repair=0.1154 localization=0 type=0 minimal=0.05789 physics=0.5269 total=0.1423
[TRAIN train_climax_no_moisture_constraint_s43] [TRAIN] stage=finetune epoch=1/1 batch=1070/3000 step=4070 repair=0.07777 localization=0 type=0 minimal=0.06537 physics=0.5004 total=0.1034
[TRAIN train_climax_no_moisture_constraint_s43] [TRAIN] stage=finetune epoch=1/1 batch=1080/3000 step=4080 repair=0.08712 localization=0 type=0 minimal=0.06018 physics=0.4843 total=0.1119
[TRAIN train_climax_no_moisture_constraint_s43] [TRAIN] stage=finetune epoch=1/1 batch=1090/3000 step=4090 repair=0.1282 localization=0 type=0 minimal=0.0625 physics=0.5031 total=0.154
[TRAIN train_climax_no_moisture_constraint_s43] [TRAIN] stage=finetune epoch=1/1 batch=1100/3000 step=4100 repair=0.1277 localization=0 type=0 minimal=0.05832 physics=0.5046 total=0.1535
[TRAIN train_climax_no_moisture_constraint_s43] [TRAIN] stage=finetune epoch=1/1 batch=1110/3000 step=4110 repair=0.09366 localization=0 type=0 minimal=0.06329 physics=0.4661 total=0.1176
[TRAIN train_climax_no_moisture_constraint_s43] [TRAIN] stage=finetune epoch=1/1 batch=1120/3000 step=4120 repair=0.07332 localization=0 type=0 minimal=0.06824 physics=0.4203 total=0.09501
[TRAIN train_climax_no_moisture_constraint_s43] [TRAIN] stage=finetune epoch=1/1 batch=1130/3000 step=4130 repair=0.1326 localization=0 type=0 minimal=0.05371 physics=0.4874 total=0.1575
[TRAIN train_climax_no_moisture_constraint_s43] [TRAIN] stage=finetune epoch=1/1 batch=1140/3000 step=4140 repair=0.1138 localization=0 type=0 minimal=0.06335 physics=0.4846 total=0.1387
[TRAIN train_climax_no_moisture_constraint_s43] [TRAIN] stage=finetune epoch=1/1 batch=1150/3000 step=4150 repair=0.1643 localization=0 type=0 minimal=0.04959 physics=0.5211 total=0.1908
[TRAIN train_climax_no_moisture_constraint_s43] [TRAIN] stage=finetune epoch=1/1 batch=1160/3000 step=4160 repair=0.1104 localization=0 type=0 minimal=0.06082 physics=0.46 total=0.134
[TRAIN train_climax_no_moisture_constraint_s43] [TRAIN] stage=finetune epoch=1/1 batch=1170/3000 step=4170 repair=0.1185 localization=0 type=0 minimal=0.06201 physics=0.4579 total=0.142
[TRAIN train_climax_no_moisture_constraint_s43] [TRAIN] stage=finetune epoch=1/1 batch=1180/3000 step=4180 repair=0.07548 localization=0 type=0 minimal=0.07306 physics=0.4075 total=0.09658
[TRAIN train_climax_no_moisture_constraint_s43] [TRAIN] stage=finetune epoch=1/1 batch=1190/3000 step=4190 repair=0.1311 localization=0 type=0 minimal=0.05945 physics=0.47 total=0.1552
[TRAIN train_climax_no_moisture_constraint_s43] [TRAIN] stage=finetune epoch=1/1 batch=1200/3000 step=4200 repair=0.1317 localization=0 type=0 minimal=0.05658 physics=0.431 total=0.1539
[TRAIN train_climax_no_moisture_constraint_s43] [TRAIN] stage=finetune epoch=1/1 batch=1210/3000 step=4210 repair=0.1075 localization=0 type=0 minimal=0.06006 physics=0.4354 total=0.1299
[TRAIN train_climax_no_moisture_constraint_s43] [TRAIN] stage=finetune epoch=1/1 batch=1220/3000 step=4220 repair=0.0751 localization=0 type=0 minimal=0.07275 physics=0.4395 total=0.09781
[TRAIN train_climax_no_moisture_constraint_s43] [TRAIN] stage=finetune epoch=1/1 batch=1230/3000 step=4230 repair=0.1576 localization=0 type=0 minimal=0.05725 physics=0.5534 total=0.1859
[TRAIN train_climax_no_moisture_constraint_s43] [TRAIN] stage=finetune epoch=1/1 batch=1240/3000 step=4240 repair=0.1119 localization=0 type=0 minimal=0.06531 physics=0.5188 total=0.1385
[TRAIN train_climax_no_moisture_constraint_s43] [TRAIN] stage=finetune epoch=1/1 batch=1250/3000 step=4250 repair=0.1303 localization=0 type=0 minimal=0.05957 physics=0.5406 total=0.1579
[TRAIN train_climax_no_moisture_constraint_s43] [TRAIN] stage=finetune epoch=1/1 batch=1260/3000 step=4260 repair=0.129 localization=0 type=0 minimal=0.0592 physics=0.5242 total=0.1558
[TRAIN train_climax_no_moisture_constraint_s43] [TRAIN] stage=finetune epoch=1/1 batch=1270/3000 step=4270 repair=0.1602 localization=0 type=0 minimal=0.05127 physics=0.5497 total=0.1882
[TRAIN train_climax_no_moisture_constraint_s43] [TRAIN] stage=finetune epoch=1/1 batch=1280/3000 step=4280 repair=0.08111 localization=0 type=0 minimal=0.07239 physics=0.5371 total=0.1087
[TRAIN train_climax_no_moisture_constraint_s43] [TRAIN] stage=finetune epoch=1/1 batch=1290/3000 step=4290 repair=0.1162 localization=0 type=0 minimal=0.06433 physics=0.5684 total=0.1452
[TRAIN train_climax_no_moisture_constraint_s43] [TRAIN] stage=finetune epoch=1/1 batch=1300/3000 step=4300 repair=0.093 localization=0 type=0 minimal=0.07037 physics=0.6073 total=0.1241
[TRAIN train_climax_no_moisture_constraint_s43] [TRAIN] stage=finetune epoch=1/1 batch=1310/3000 step=4310 repair=0.0895 localization=0 type=0 minimal=0.06836 physics=0.5781 total=0.1191
[TRAIN train_climax_no_moisture_constraint_s43] [TRAIN] stage=finetune epoch=1/1 batch=1320/3000 step=4320 repair=0.1166 localization=0 type=0 minimal=0.05075 physics=0.5605 total=0.1451
[TRAIN train_climax_no_moisture_constraint_s43] [TRAIN] stage=finetune epoch=1/1 batch=1330/3000 step=4330 repair=0.08626 localization=0 type=0 minimal=0.06689 physics=0.5925 total=0.1166
[TRAIN train_climax_no_moisture_constraint_s43] [TRAIN] stage=finetune epoch=1/1 batch=1340/3000 step=4340 repair=0.1446 localization=0 type=0 minimal=0.05161 physics=0.5855 total=0.1744
[TRAIN train_climax_no_moisture_constraint_s43] [TRAIN] stage=finetune epoch=1/1 batch=1350/3000 step=4350 repair=0.06415 localization=0 type=0 minimal=0.08057 physics=0.4829 total=0.0891
[TRAIN train_climax_no_moisture_constraint_s43] [TRAIN] stage=finetune epoch=1/1 batch=1360/3000 step=4360 repair=0.07439 localization=0 type=0 minimal=0.07294 physics=0.4756 total=0.0989
[TRAIN train_climax_no_moisture_constraint_s43] [TRAIN] stage=finetune epoch=1/1 batch=1370/3000 step=4370 repair=0.06899 localization=0 type=0 minimal=0.08093 physics=0.4333 total=0.09146
[TRAIN train_climax_no_moisture_constraint_s43] [TRAIN] stage=finetune epoch=1/1 batch=1380/3000 step=4380 repair=0.08429 localization=0 type=0 minimal=0.07483 physics=0.4559 total=0.1078
[TRAIN train_climax_no_moisture_constraint_s43] [TRAIN] stage=finetune epoch=1/1 batch=1390/3000 step=4390 repair=0.1414 localization=0 type=0 minimal=0.04605 physics=0.5045 total=0.167
[TRAIN train_climax_no_moisture_constraint_s43] [TRAIN] stage=finetune epoch=1/1 batch=1400/3000 step=4400 repair=0.1495 localization=0 type=0 minimal=0.05127 physics=0.509 total=0.1754
[TRAIN train_climax_no_moisture_constraint_s43] [TRAIN] stage=finetune epoch=1/1 batch=1410/3000 step=4410 repair=0.1283 localization=0 type=0 minimal=0.06119 physics=0.4825 total=0.153
[TRAIN train_climax_no_moisture_constraint_s43] [TRAIN] stage=finetune epoch=1/1 batch=1420/3000 step=4420 repair=0.1086 localization=0 type=0 minimal=0.0683 physics=0.5598 total=0.1373
[TRAIN train_climax_no_moisture_constraint_s43] [TRAIN] stage=finetune epoch=1/1 batch=1430/3000 step=4430 repair=0.06581 localization=0 type=0 minimal=0.07806 physics=0.5564 total=0.09441
[TRAIN train_climax_no_moisture_constraint_s43] [TRAIN] stage=finetune epoch=1/1 batch=1440/3000 step=4440 repair=0.1102 localization=0 type=0 minimal=0.06952 physics=0.5663 total=0.1392
[TRAIN train_climax_no_moisture_constraint_s43] [TRAIN] stage=finetune epoch=1/1 batch=1450/3000 step=4450 repair=0.1176 localization=0 type=0 minimal=0.06915 physics=0.5549 total=0.146
[TRAIN train_climax_no_moisture_constraint_s43] [TRAIN] stage=finetune epoch=1/1 batch=1460/3000 step=4460 repair=0.0763 localization=0 type=0 minimal=0.07465 physics=0.6162 total=0.1079
[TRAIN train_climax_no_moisture_constraint_s43] [TRAIN] stage=finetune epoch=1/1 batch=1470/3000 step=4470 repair=0.127 localization=0 type=0 minimal=0.06104 physics=0.6078 total=0.158
[TRAIN train_climax_no_moisture_constraint_s43] [TRAIN] stage=finetune epoch=1/1 batch=1480/3000 step=4480 repair=0.1119 localization=0 type=0 minimal=0.06659 physics=0.6285 total=0.144
[TRAIN train_climax_no_moisture_constraint_s43] [TRAIN] stage=finetune epoch=1/1 batch=1490/3000 step=4490 repair=0.1292 localization=0 type=0 minimal=0.05859 physics=0.5447 total=0.157
[TRAIN train_climax_no_moisture_constraint_s43] [TRAIN] stage=finetune epoch=1/1 batch=1500/3000 step=4500 repair=0.08232 localization=0 type=0 minimal=0.07019 physics=0.5469 total=0.1104
[TRAIN train_climax_no_moisture_constraint_s43] [TRAIN] stage=finetune epoch=1/1 batch=1510/3000 step=4510 repair=0.1524 localization=0 type=0 minimal=0.04929 physics=0.5401 total=0.1799
[TRAIN train_climax_no_moisture_constraint_s43] [TRAIN] stage=finetune epoch=1/1 batch=1520/3000 step=4520 repair=0.07562 localization=0 type=0 minimal=0.07031 physics=0.5116 total=0.1019
[TRAIN train_climax_no_moisture_constraint_s43] [TRAIN] stage=finetune epoch=1/1 batch=1530/3000 step=4530 repair=0.06989 localization=0 type=0 minimal=0.06854 physics=0.4989 total=0.09552
[TRAIN train_climax_no_moisture_constraint_s43] [TRAIN] stage=finetune epoch=1/1 batch=1540/3000 step=4540 repair=0.07228 localization=0 type=0 minimal=0.07855 physics=0.5143 total=0.09878
[TRAIN train_climax_no_moisture_constraint_s43] [TRAIN] stage=finetune epoch=1/1 batch=1550/3000 step=4550 repair=0.1271 localization=0 type=0 minimal=0.0683 physics=0.5176 total=0.1536
[TRAIN train_climax_no_moisture_constraint_s43] [TRAIN] stage=finetune epoch=1/1 batch=1560/3000 step=4560 repair=0.1203 localization=0 type=0 minimal=0.07098 physics=0.5803 total=0.1501
[TRAIN train_climax_no_moisture_constraint_s43] [TRAIN] stage=finetune epoch=1/1 batch=1570/3000 step=4570 repair=0.06953 localization=0 type=0 minimal=0.07166 physics=0.5171 total=0.09611
[TRAIN train_climax_no_moisture_constraint_s43] [TRAIN] stage=finetune epoch=1/1 batch=1580/3000 step=4580 repair=0.07112 localization=0 type=0 minimal=0.07172 physics=0.4925 total=0.09646
[TRAIN train_climax_no_moisture_constraint_s43] [TRAIN] stage=finetune epoch=1/1 batch=1590/3000 step=4590 repair=0.08595 localization=0 type=0 minimal=0.06677 physics=0.4616 total=0.1097
[TRAIN train_climax_no_moisture_constraint_s43] [TRAIN] stage=finetune epoch=1/1 batch=1600/3000 step=4600 repair=0.1023 localization=0 type=0 minimal=0.06775 physics=0.4553 total=0.1257
[TRAIN train_climax_no_moisture_constraint_s43] [TRAIN] stage=finetune epoch=1/1 batch=1610/3000 step=4610 repair=0.07497 localization=0 type=0 minimal=0.07874 physics=0.3926 total=0.09539
[TRAIN train_climax_no_moisture_constraint_s43] [TRAIN] stage=finetune epoch=1/1 batch=1620/3000 step=4620 repair=0.1279 localization=0 type=0 minimal=0.05615 physics=0.3874 total=0.1478
[TRAIN train_climax_no_moisture_constraint_s43] [TRAIN] stage=finetune epoch=1/1 batch=1630/3000 step=4630 repair=0.1799 localization=0 type=0 minimal=0.05933 physics=0.4915 total=0.205
[TRAIN train_climax_no_moisture_constraint_s43] [TRAIN] stage=finetune epoch=1/1 batch=1640/3000 step=4640 repair=0.1083 localization=0 type=0 minimal=0.06131 physics=0.4673 total=0.1323
[TRAIN train_climax_no_moisture_constraint_s43] [TRAIN] stage=finetune epoch=1/1 batch=1650/3000 step=4650 repair=0.1259 localization=0 type=0 minimal=0.05884 physics=0.5413 total=0.1536
[TRAIN train_climax_no_moisture_constraint_s43] [TRAIN] stage=finetune epoch=1/1 batch=1660/3000 step=4660 repair=0.05685 localization=0 type=0 minimal=0.08667 physics=0.466 total=0.08102
[TRAIN train_climax_no_moisture_constraint_s43] [TRAIN] stage=finetune epoch=1/1 batch=1670/3000 step=4670 repair=0.05834 localization=0 type=0 minimal=0.08636 physics=0.4925 total=0.08383
[TRAIN train_climax_no_moisture_constraint_s43] [TRAIN] stage=finetune epoch=1/1 batch=1680/3000 step=4680 repair=0.09265 localization=0 type=0 minimal=0.0564 physics=0.6017 total=0.1233
[TRAIN train_climax_no_moisture_constraint_s43] [TRAIN] stage=finetune epoch=1/1 batch=1690/3000 step=4690 repair=0.1166 localization=0 type=0 minimal=0.06604 physics=0.6296 total=0.1487
[TRAIN train_climax_no_moisture_constraint_s43] [TRAIN] stage=finetune epoch=1/1 batch=1700/3000 step=4700 repair=0.07337 localization=0 type=0 minimal=0.07916 physics=0.5076 total=0.09954
[TRAIN train_climax_no_moisture_constraint_s43] [TRAIN] stage=finetune epoch=1/1 batch=1710/3000 step=4710 repair=0.07394 localization=0 type=0 minimal=0.07428 physics=0.526 total=0.101
[TRAIN train_climax_no_moisture_constraint_s43] [TRAIN] stage=finetune epoch=1/1 batch=1720/3000 step=4720 repair=0.07358 localization=0 type=0 minimal=0.08118 physics=0.4874 total=0.09876
[TRAIN train_climax_no_moisture_constraint_s43] [TRAIN] stage=finetune epoch=1/1 batch=1730/3000 step=4730 repair=0.08415 localization=0 type=0 minimal=0.07513 physics=0.4779 total=0.1088
[TRAIN train_climax_no_moisture_constraint_s43] [TRAIN] stage=finetune epoch=1/1 batch=1740/3000 step=4740 repair=0.1111 localization=0 type=0 minimal=0.06964 physics=0.4802 total=0.1358
[TRAIN train_climax_no_moisture_constraint_s43] [TRAIN] stage=finetune epoch=1/1 batch=1750/3000 step=4750 repair=0.1253 localization=0 type=0 minimal=0.06494 physics=0.4559 total=0.1487
[TRAIN train_climax_no_moisture_constraint_s43] [TRAIN] stage=finetune epoch=1/1 batch=1760/3000 step=4760 repair=0.1668 localization=0 type=0 minimal=0.06262 physics=0.4345 total=0.1892
[TRAIN train_climax_no_moisture_constraint_s43] [TRAIN] stage=finetune epoch=1/1 batch=1770/3000 step=4770 repair=0.1132 localization=0 type=0 minimal=0.05426 physics=0.5328 total=0.1403
[TRAIN train_climax_no_moisture_constraint_s43] [TRAIN] stage=finetune epoch=1/1 batch=1780/3000 step=4780 repair=0.1067 localization=0 type=0 minimal=0.07361 physics=0.4585 total=0.1303
[TRAIN train_climax_no_moisture_constraint_s43] [TRAIN] stage=finetune epoch=1/1 batch=1790/3000 step=4790 repair=0.06624 localization=0 type=0 minimal=0.08246 physics=0.425 total=0.08832
[TRAIN train_climax_no_moisture_constraint_s43] [TRAIN] stage=finetune epoch=1/1 batch=1800/3000 step=4800 repair=0.1707 localization=0 type=0 minimal=0.05853 physics=0.5167 total=0.1972
[TRAIN train_climax_no_moisture_constraint_s43] [TRAIN] stage=finetune epoch=1/1 batch=1810/3000 step=4810 repair=0.1202 localization=0 type=0 minimal=0.06323 physics=0.4866 total=0.1451
[TRAIN train_climax_no_moisture_constraint_s43] [TRAIN] stage=finetune epoch=1/1 batch=1820/3000 step=4820 repair=0.1159 localization=0 type=0 minimal=0.06232 physics=0.4733 total=0.1401
[TRAIN train_climax_no_moisture_constraint_s43] [TRAIN] stage=finetune epoch=1/1 batch=1830/3000 step=4830 repair=0.1108 localization=0 type=0 minimal=0.06909 physics=0.3918 total=0.1311
[TRAIN train_climax_no_moisture_constraint_s43] [TRAIN] stage=finetune epoch=1/1 batch=1840/3000 step=4840 repair=0.07838 localization=0 type=0 minimal=0.0697 physics=0.3453 total=0.09634
[TRAIN train_climax_no_moisture_constraint_s43] [TRAIN] stage=finetune epoch=1/1 batch=1850/3000 step=4850 repair=0.1306 localization=0 type=0 minimal=0.05124 physics=0.5222 total=0.1572
[TRAIN train_climax_no_moisture_constraint_s43] [TRAIN] stage=finetune epoch=1/1 batch=1860/3000 step=4860 repair=0.118 localization=0 type=0 minimal=0.07214 physics=0.5268 total=0.1451
[TRAIN train_climax_no_moisture_constraint_s43] [TRAIN] stage=finetune epoch=1/1 batch=1870/3000 step=4870 repair=0.07378 localization=0 type=0 minimal=0.08087 physics=0.3639 total=0.09278
[TRAIN train_climax_no_moisture_constraint_s43] [TRAIN] stage=finetune epoch=1/1 batch=1880/3000 step=4880 repair=0.135 localization=0 type=0 minimal=0.06592 physics=0.4635 total=0.1589
[TRAIN train_climax_no_moisture_constraint_s43] [TRAIN] stage=finetune epoch=1/1 batch=1890/3000 step=4890 repair=0.1149 localization=0 type=0 minimal=0.07086 physics=0.4502 total=0.1382
[TRAIN train_climax_no_moisture_constraint_s43] [TRAIN] stage=finetune epoch=1/1 batch=1900/3000 step=4900 repair=0.08424 localization=0 type=0 minimal=0.08008 physics=0.4087 total=0.1055
[TRAIN train_climax_no_moisture_constraint_s43] [TRAIN] stage=finetune epoch=1/1 batch=1910/3000 step=4910 repair=0.06101 localization=0 type=0 minimal=0.08032 physics=0.3186 total=0.07775
[TRAIN train_climax_no_moisture_constraint_s43] [TRAIN] stage=finetune epoch=1/1 batch=1920/3000 step=4920 repair=0.1335 localization=0 type=0 minimal=0.0556 physics=0.505 total=0.1593
[TRAIN train_climax_no_moisture_constraint_s43] [TRAIN] stage=finetune epoch=1/1 batch=1930/3000 step=4930 repair=0.159 localization=0 type=0 minimal=0.06281 physics=0.4855 total=0.1839
[TRAIN train_climax_no_moisture_constraint_s43] [TRAIN] stage=finetune epoch=1/1 batch=1940/3000 step=4940 repair=0.1321 localization=0 type=0 minimal=0.06445 physics=0.481 total=0.1568
[TRAIN train_climax_no_moisture_constraint_s43] [TRAIN] stage=finetune epoch=1/1 batch=1950/3000 step=4950 repair=0.06709 localization=0 type=0 minimal=0.08972 physics=0.3758 total=0.08677
[TRAIN train_climax_no_moisture_constraint_s43] [TRAIN] stage=finetune epoch=1/1 batch=1960/3000 step=4960 repair=0.07731 localization=0 type=0 minimal=0.06927 physics=0.4526 total=0.1006
[TRAIN train_climax_no_moisture_constraint_s43] [TRAIN] stage=finetune epoch=1/1 batch=1970/3000 step=4970 repair=0.06367 localization=0 type=0 minimal=0.08093 physics=0.4283 total=0.08589
[TRAIN train_climax_no_moisture_constraint_s43] [TRAIN] stage=finetune epoch=1/1 batch=1980/3000 step=4980 repair=0.1398 localization=0 type=0 minimal=0.06592 physics=0.5462 total=0.1677
[TRAIN train_climax_no_moisture_constraint_s43] [TRAIN] stage=finetune epoch=1/1 batch=1990/3000 step=4990 repair=0.08748 localization=0 type=0 minimal=0.07373 physics=0.5458 total=0.1155
[TRAIN train_climax_no_moisture_constraint_s43] [TRAIN] stage=finetune epoch=1/1 batch=2000/3000 step=5000 repair=0.1245 localization=0 type=0 minimal=0.06476 physics=0.5395 total=0.1521
[TRAIN train_climax_no_moisture_constraint_s43] [TRAIN] stage=finetune epoch=1/1 batch=2010/3000 step=5010 repair=0.1217 localization=0 type=0 minimal=0.05838 physics=0.5526 total=0.1499
[TRAIN train_climax_no_moisture_constraint_s43] [TRAIN] stage=finetune epoch=1/1 batch=2020/3000 step=5020 repair=0.08584 localization=0 type=0 minimal=0.06726 physics=0.5583 total=0.1144
[TRAIN train_climax_no_moisture_constraint_s43] [TRAIN] stage=finetune epoch=1/1 batch=2030/3000 step=5030 repair=0.1346 localization=0 type=0 minimal=0.0733 physics=0.5629 total=0.1635
[TRAIN train_climax_no_moisture_constraint_s43] [TRAIN] stage=finetune epoch=1/1 batch=2040/3000 step=5040 repair=0.0777 localization=0 type=0 minimal=0.07904 physics=0.4602 total=0.1015
[TRAIN train_climax_no_moisture_constraint_s43] [TRAIN] stage=finetune epoch=1/1 batch=2050/3000 step=5050 repair=0.07302 localization=0 type=0 minimal=0.07697 physics=0.454 total=0.09649
[TRAIN train_climax_no_moisture_constraint_s43] [TRAIN] stage=finetune epoch=1/1 batch=2060/3000 step=5060 repair=0.1072 localization=0 type=0 minimal=0.0618 physics=0.5067 total=0.1331
[TRAIN train_climax_no_moisture_constraint_s43] [TRAIN] stage=finetune epoch=1/1 batch=2070/3000 step=5070 repair=0.1036 localization=0 type=0 minimal=0.07397 physics=0.5066 total=0.1297
[TRAIN train_climax_no_moisture_constraint_s43] [TRAIN] stage=finetune epoch=1/1 batch=2080/3000 step=5080 repair=0.08318 localization=0 type=0 minimal=0.0686 physics=0.5057 total=0.1092
[TRAIN train_climax_no_moisture_constraint_s43] [TRAIN] stage=finetune epoch=1/1 batch=2090/3000 step=5090 repair=0.06525 localization=0 type=0 minimal=0.08698 physics=0.5002 total=0.09114
[TRAIN train_climax_no_moisture_constraint_s43] [TRAIN] stage=finetune epoch=1/1 batch=2100/3000 step=5100 repair=0.08727 localization=0 type=0 minimal=0.0719 physics=0.5156 total=0.1138
[TRAIN train_climax_no_moisture_constraint_s43] [TRAIN] stage=finetune epoch=1/1 batch=2110/3000 step=5110 repair=0.1385 localization=0 type=0 minimal=0.061 physics=0.5308 total=0.1657
[TRAIN train_climax_no_moisture_constraint_s43] [TRAIN] stage=finetune epoch=1/1 batch=2120/3000 step=5120 repair=0.1107 localization=0 type=0 minimal=0.07019 physics=0.5498 total=0.1389
[TRAIN train_climax_no_moisture_constraint_s43] [TRAIN] stage=finetune epoch=1/1 batch=2130/3000 step=5130 repair=0.07044 localization=0 type=0 minimal=0.07983 physics=0.4898 total=0.09573
[TRAIN train_climax_no_moisture_constraint_s43] [TRAIN] stage=finetune epoch=1/1 batch=2140/3000 step=5140 repair=0.1267 localization=0 type=0 minimal=0.06653 physics=0.4805 total=0.1514
[TRAIN train_climax_no_moisture_constraint_s43] [TRAIN] stage=finetune epoch=1/1 batch=2150/3000 step=5150 repair=0.1337 localization=0 type=0 minimal=0.0686 physics=0.4195 total=0.1553
[TRAIN train_climax_no_moisture_constraint_s43] [TRAIN] stage=finetune epoch=1/1 batch=2160/3000 step=5160 repair=0.05603 localization=0 type=0 minimal=0.08679 physics=0.3628 total=0.07504
[TRAIN train_climax_no_moisture_constraint_s43] [TRAIN] stage=finetune epoch=1/1 batch=2170/3000 step=5170 repair=0.1191 localization=0 type=0 minimal=0.0636 physics=0.3955 total=0.1396
[TRAIN train_climax_no_moisture_constraint_s43] [TRAIN] stage=finetune epoch=1/1 batch=2180/3000 step=5180 repair=0.1187 localization=0 type=0 minimal=0.07361 physics=0.34 total=0.1364
[TRAIN train_climax_no_moisture_constraint_s43] [TRAIN] stage=finetune epoch=1/1 batch=2190/3000 step=5190 repair=0.05949 localization=0 type=0 minimal=0.09229 physics=0.2887 total=0.07485
[TRAIN train_climax_no_moisture_constraint_s43] [TRAIN] stage=finetune epoch=1/1 batch=2200/3000 step=5200 repair=0.1077 localization=0 type=0 minimal=0.06677 physics=0.3906 total=0.1279
[TRAIN train_climax_no_moisture_constraint_s43] [TRAIN] stage=finetune epoch=1/1 batch=2210/3000 step=5210 repair=0.07562 localization=0 type=0 minimal=0.07812 physics=0.399 total=0.09635
[TRAIN train_climax_no_moisture_constraint_s43] [TRAIN] stage=finetune epoch=1/1 batch=2220/3000 step=5220 repair=0.104 localization=0 type=0 minimal=0.07385 physics=0.4116 total=0.1253
[TRAIN train_climax_no_moisture_constraint_s43] [TRAIN] stage=finetune epoch=1/1 batch=2230/3000 step=5230 repair=0.0721 localization=0 type=0 minimal=0.07788 physics=0.386 total=0.09218
[TRAIN train_climax_no_moisture_constraint_s43] [TRAIN] stage=finetune epoch=1/1 batch=2240/3000 step=5240 repair=0.07339 localization=0 type=0 minimal=0.0766 physics=0.3499 total=0.09165
[TRAIN train_climax_no_moisture_constraint_s43] [TRAIN] stage=finetune epoch=1/1 batch=2250/3000 step=5250 repair=0.1443 localization=0 type=0 minimal=0.05368 physics=0.4286 total=0.1663
[TRAIN train_climax_no_moisture_constraint_s43] [TRAIN] stage=finetune epoch=1/1 batch=2260/3000 step=5260 repair=0.1115 localization=0 type=0 minimal=0.07367 physics=0.4007 total=0.1323
[TRAIN train_climax_no_moisture_constraint_s43] [TRAIN] stage=finetune epoch=1/1 batch=2270/3000 step=5270 repair=0.1032 localization=0 type=0 minimal=0.07251 physics=0.4196 total=0.1249
[TRAIN train_climax_no_moisture_constraint_s43] [TRAIN] stage=finetune epoch=1/1 batch=2280/3000 step=5280 repair=0.06872 localization=0 type=0 minimal=0.08234 physics=0.4093 total=0.09001
[TRAIN train_climax_no_moisture_constraint_s43] [TRAIN] stage=finetune epoch=1/1 batch=2290/3000 step=5290 repair=0.1339 localization=0 type=0 minimal=0.06311 physics=0.4068 total=0.1549
[TRAIN train_climax_no_moisture_constraint_s43] [TRAIN] stage=finetune epoch=1/1 batch=2300/3000 step=5300 repair=0.1091 localization=0 type=0 minimal=0.07745 physics=0.3963 total=0.1296
[TRAIN train_climax_no_moisture_constraint_s43] [TRAIN] stage=finetune epoch=1/1 batch=2310/3000 step=5310 repair=0.08949 localization=0 type=0 minimal=0.07306 physics=0.3887 total=0.1096
[TRAIN train_climax_no_moisture_constraint_s43] [TRAIN] stage=finetune epoch=1/1 batch=2320/3000 step=5320 repair=0.1642 localization=0 type=0 minimal=0.05896 physics=0.3645 total=0.183
[TRAIN train_climax_no_moisture_constraint_s43] [TRAIN] stage=finetune epoch=1/1 batch=2330/3000 step=5330 repair=0.07389 localization=0 type=0 minimal=0.07483 physics=0.4025 total=0.09476
[TRAIN train_climax_no_moisture_constraint_s43] [TRAIN] stage=finetune epoch=1/1 batch=2340/3000 step=5340 repair=0.1203 localization=0 type=0 minimal=0.06317 physics=0.4011 total=0.141
[TRAIN train_climax_no_moisture_constraint_s43] [TRAIN] stage=finetune epoch=1/1 batch=2350/3000 step=5350 repair=0.08882 localization=0 type=0 minimal=0.07391 physics=0.4272 total=0.1109
[TRAIN train_climax_no_moisture_constraint_s43] [TRAIN] stage=finetune epoch=1/1 batch=2360/3000 step=5360 repair=0.08888 localization=0 type=0 minimal=0.07446 physics=0.4376 total=0.1115
[TRAIN train_climax_no_moisture_constraint_s43] [TRAIN] stage=finetune epoch=1/1 batch=2370/3000 step=5370 repair=0.08366 localization=0 type=0 minimal=0.06793 physics=0.384 total=0.1035
[TRAIN train_climax_no_moisture_constraint_s43] [TRAIN] stage=finetune epoch=1/1 batch=2380/3000 step=5380 repair=0.1126 localization=0 type=0 minimal=0.06805 physics=0.4116 total=0.1338
[TRAIN train_climax_no_moisture_constraint_s43] [TRAIN] stage=finetune epoch=1/1 batch=2390/3000 step=5390 repair=0.1114 localization=0 type=0 minimal=0.07336 physics=0.4388 total=0.134
[TRAIN train_climax_no_moisture_constraint_s43] [TRAIN] stage=finetune epoch=1/1 batch=2400/3000 step=5400 repair=0.1191 localization=0 type=0 minimal=0.06317 physics=0.4462 total=0.142
[TRAIN train_climax_no_moisture_constraint_s43] [TRAIN] stage=finetune epoch=1/1 batch=2410/3000 step=5410 repair=0.07029 localization=0 type=0 minimal=0.08099 physics=0.3962 total=0.09091
[TRAIN train_climax_no_moisture_constraint_s43] [TRAIN] stage=finetune epoch=1/1 batch=2420/3000 step=5420 repair=0.05838 localization=0 type=0 minimal=0.08783 physics=0.4162 total=0.08007
[TRAIN train_climax_no_moisture_constraint_s43] [TRAIN] stage=finetune epoch=1/1 batch=2430/3000 step=5430 repair=0.1163 localization=0 type=0 minimal=0.06671 physics=0.4143 total=0.1377
[TRAIN train_climax_no_moisture_constraint_s43] [TRAIN] stage=finetune epoch=1/1 batch=2440/3000 step=5440 repair=0.0592 localization=0 type=0 minimal=0.09161 physics=0.3993 total=0.08008
[TRAIN train_climax_no_moisture_constraint_s43] [TRAIN] stage=finetune epoch=1/1 batch=2450/3000 step=5450 repair=0.1225 localization=0 type=0 minimal=0.06915 physics=0.3732 total=0.1418
[TRAIN train_climax_no_moisture_constraint_s43] [TRAIN] stage=finetune epoch=1/1 batch=2460/3000 step=5460 repair=0.118 localization=0 type=0 minimal=0.06989 physics=0.3861 total=0.138
[TRAIN train_climax_no_moisture_constraint_s43] [TRAIN] stage=finetune epoch=1/1 batch=2470/3000 step=5470 repair=0.161 localization=0 type=0 minimal=0.05954 physics=0.3682 total=0.18
[TRAIN train_climax_no_moisture_constraint_s43] [TRAIN] stage=finetune epoch=1/1 batch=2480/3000 step=5480 repair=0.07431 localization=0 type=0 minimal=0.08533 physics=0.371 total=0.09371
[TRAIN train_climax_no_moisture_constraint_s43] [TRAIN] stage=finetune epoch=1/1 batch=2490/3000 step=5490 repair=0.1227 localization=0 type=0 minimal=0.03622 physics=1.014 total=0.1738
[TRAIN train_climax_no_moisture_constraint_s43] [TRAIN] stage=finetune epoch=1/1 batch=2500/3000 step=5500 repair=0.1318 localization=0 type=0 minimal=0.03488 physics=0.7315 total=0.1688
[TRAIN train_climax_no_moisture_constraint_s43] [TRAIN] stage=finetune epoch=1/1 batch=2510/3000 step=5510 repair=0.06673 localization=0 type=0 minimal=0.0766 physics=0.4064 total=0.08782
[TRAIN train_climax_no_moisture_constraint_s43] [TRAIN] stage=finetune epoch=1/1 batch=2520/3000 step=5520 repair=0.08373 localization=0 type=0 minimal=0.08234 physics=0.3663 total=0.1029
[TRAIN train_climax_no_moisture_constraint_s43] [TRAIN] stage=finetune epoch=1/1 batch=2530/3000 step=5530 repair=0.08297 localization=0 type=0 minimal=0.06769 physics=0.3841 total=0.1029
[TRAIN train_climax_no_moisture_constraint_s43] [TRAIN] stage=finetune epoch=1/1 batch=2540/3000 step=5540 repair=0.0883 localization=0 type=0 minimal=0.06702 physics=0.3617 total=0.1071
[TRAIN train_climax_no_moisture_constraint_s43] [TRAIN] stage=finetune epoch=1/1 batch=2550/3000 step=5550 repair=0.07801 localization=0 type=0 minimal=0.073 physics=0.33 total=0.09524
[TRAIN train_climax_no_moisture_constraint_s43] [TRAIN] stage=finetune epoch=1/1 batch=2560/3000 step=5560 repair=0.07275 localization=0 type=0 minimal=0.07721 physics=0.3169 total=0.08937
[TRAIN train_climax_no_moisture_constraint_s43] [TRAIN] stage=finetune epoch=1/1 batch=2570/3000 step=5570 repair=0.06104 localization=0 type=0 minimal=0.0899 physics=0.3279 total=0.07834
[TRAIN train_climax_no_moisture_constraint_s43] [TRAIN] stage=finetune epoch=1/1 batch=2580/3000 step=5580 repair=0.07804 localization=0 type=0 minimal=0.08453 physics=0.3667 total=0.09722
[TRAIN train_climax_no_moisture_constraint_s43] [TRAIN] stage=finetune epoch=1/1 batch=2590/3000 step=5590 repair=0.153 localization=0 type=0 minimal=0.05835 physics=0.3959 total=0.1734
[TRAIN train_climax_no_moisture_constraint_s43] [TRAIN] stage=finetune epoch=1/1 batch=2600/3000 step=5600 repair=0.1105 localization=0 type=0 minimal=0.08026 physics=0.3944 total=0.1311
[TRAIN train_climax_no_moisture_constraint_s43] [TRAIN] stage=finetune epoch=1/1 batch=2610/3000 step=5610 repair=0.07516 localization=0 type=0 minimal=0.0816 physics=0.4153 total=0.09674
[TRAIN train_climax_no_moisture_constraint_s43] [TRAIN] stage=finetune epoch=1/1 batch=2620/3000 step=5620 repair=0.07571 localization=0 type=0 minimal=0.08221 physics=0.3901 total=0.09604
[TRAIN train_climax_no_moisture_constraint_s43] [TRAIN] stage=finetune epoch=1/1 batch=2630/3000 step=5630 repair=0.06839 localization=0 type=0 minimal=0.08228 physics=0.4089 total=0.08966
[TRAIN train_climax_no_moisture_constraint_s43] [TRAIN] stage=finetune epoch=1/1 batch=2640/3000 step=5640 repair=0.1763 localization=0 type=0 minimal=0.06012 physics=0.4621 total=0.2
[TRAIN train_climax_no_moisture_constraint_s43] [TRAIN] stage=finetune epoch=1/1 batch=2650/3000 step=5650 repair=0.1733 localization=0 type=0 minimal=0.05615 physics=0.4787 total=0.1978
[TRAIN train_climax_no_moisture_constraint_s43] [TRAIN] stage=finetune epoch=1/1 batch=2660/3000 step=5660 repair=0.1213 localization=0 type=0 minimal=0.06885 physics=0.4752 total=0.1458
[TRAIN train_climax_no_moisture_constraint_s43] [TRAIN] stage=finetune epoch=1/1 batch=2670/3000 step=5670 repair=0.1335 localization=0 type=0 minimal=0.07019 physics=0.495 total=0.1589
[TRAIN train_climax_no_moisture_constraint_s43] [TRAIN] stage=finetune epoch=1/1 batch=2680/3000 step=5680 repair=0.1512 localization=0 type=0 minimal=0.05896 physics=0.4725 total=0.1754
[TRAIN train_climax_no_moisture_constraint_s43] [TRAIN] stage=finetune epoch=1/1 batch=2690/3000 step=5690 repair=0.1706 localization=0 type=0 minimal=0.06268 physics=0.404 total=0.1914
[TRAIN train_climax_no_moisture_constraint_s43] [TRAIN] stage=finetune epoch=1/1 batch=2700/3000 step=5700 repair=0.1704 localization=0 type=0 minimal=0.06396 physics=0.4639 total=0.1942
[TRAIN train_climax_no_moisture_constraint_s43] [TRAIN] stage=finetune epoch=1/1 batch=2710/3000 step=5710 repair=0.1079 localization=0 type=0 minimal=0.07556 physics=0.3912 total=0.1282
[TRAIN train_climax_no_moisture_constraint_s43] [TRAIN] stage=finetune epoch=1/1 batch=2720/3000 step=5720 repair=0.07854 localization=0 type=0 minimal=0.0849 physics=0.4368 total=0.1012
[TRAIN train_climax_no_moisture_constraint_s43] [TRAIN] stage=finetune epoch=1/1 batch=2730/3000 step=5730 repair=0.1737 localization=0 type=0 minimal=0.05801 physics=0.419 total=0.1952
[TRAIN train_climax_no_moisture_constraint_s43] [TRAIN] stage=finetune epoch=1/1 batch=2740/3000 step=5740 repair=0.1104 localization=0 type=0 minimal=0.07654 physics=0.4003 total=0.1312
[TRAIN train_climax_no_moisture_constraint_s43] [TRAIN] stage=finetune epoch=1/1 batch=2750/3000 step=5750 repair=0.1088 localization=0 type=0 minimal=0.07776 physics=0.4019 total=0.1297
[TRAIN train_climax_no_moisture_constraint_s43] [TRAIN] stage=finetune epoch=1/1 batch=2760/3000 step=5760 repair=0.1241 localization=0 type=0 minimal=0.06793 physics=0.3789 total=0.1438
[TRAIN train_climax_no_moisture_constraint_s43] [TRAIN] stage=finetune epoch=1/1 batch=2770/3000 step=5770 repair=0.121 localization=0 type=0 minimal=0.07123 physics=0.4253 total=0.143
[TRAIN train_climax_no_moisture_constraint_s43] [TRAIN] stage=finetune epoch=1/1 batch=2780/3000 step=5780 repair=0.1159 localization=0 type=0 minimal=0.07343 physics=0.4185 total=0.1375
[TRAIN train_climax_no_moisture_constraint_s43] [TRAIN] stage=finetune epoch=1/1 batch=2790/3000 step=5790 repair=0.07084 localization=0 type=0 minimal=0.07861 physics=0.4251 total=0.09288
[TRAIN train_climax_no_moisture_constraint_s43] [TRAIN] stage=finetune epoch=1/1 batch=2800/3000 step=5800 repair=0.06052 localization=0 type=0 minimal=0.08923 physics=0.4266 total=0.08274
[TRAIN train_climax_no_moisture_constraint_s43] [TRAIN] stage=finetune epoch=1/1 batch=2810/3000 step=5810 repair=0.1077 localization=0 type=0 minimal=0.08026 physics=0.4528 total=0.1312
[TRAIN train_climax_no_moisture_constraint_s43] [TRAIN] stage=finetune epoch=1/1 batch=2820/3000 step=5820 repair=0.07425 localization=0 type=0 minimal=0.07983 physics=0.4139 total=0.09574
[TRAIN train_climax_no_moisture_constraint_s43] [TRAIN] stage=finetune epoch=1/1 batch=2830/3000 step=5830 repair=0.1211 localization=0 type=0 minimal=0.07397 physics=0.4453 total=0.1441
[TRAIN train_climax_no_moisture_constraint_s43] [TRAIN] stage=finetune epoch=1/1 batch=2840/3000 step=5840 repair=0.132 localization=0 type=0 minimal=0.06415 physics=0.3801 total=0.1517
[TRAIN train_climax_no_moisture_constraint_s43] [TRAIN] stage=finetune epoch=1/1 batch=2850/3000 step=5850 repair=0.07179 localization=0 type=0 minimal=0.07855 physics=0.3262 total=0.08889
[TRAIN train_climax_no_moisture_constraint_s43] [TRAIN] stage=finetune epoch=1/1 batch=2860/3000 step=5860 repair=0.1179 localization=0 type=0 minimal=0.06342 physics=0.3427 total=0.1356
[TRAIN train_climax_no_moisture_constraint_s43] [TRAIN] stage=finetune epoch=1/1 batch=2870/3000 step=5870 repair=0.1605 localization=0 type=0 minimal=0.06058 physics=0.3837 total=0.1803
[TRAIN train_climax_no_moisture_constraint_s43] [TRAIN] stage=finetune epoch=1/1 batch=2880/3000 step=5880 repair=0.1179 localization=0 type=0 minimal=0.07288 physics=0.3508 total=0.1362
[TRAIN train_climax_no_moisture_constraint_s43] [TRAIN] stage=finetune epoch=1/1 batch=2890/3000 step=5890 repair=0.06948 localization=0 type=0 minimal=0.08466 physics=0.3938 total=0.09001
[TRAIN train_climax_no_moisture_constraint_s43] [TRAIN] stage=finetune epoch=1/1 batch=2900/3000 step=5900 repair=0.1017 localization=0 type=0 minimal=0.07031 physics=0.3926 total=0.1221
[TRAIN train_climax_no_moisture_constraint_s43] [TRAIN] stage=finetune epoch=1/1 batch=2910/3000 step=5910 repair=0.1239 localization=0 type=0 minimal=0.07275 physics=0.4031 total=0.1448
[TRAIN train_climax_no_moisture_constraint_s43] [TRAIN] stage=finetune epoch=1/1 batch=2920/3000 step=5920 repair=0.1456 localization=0 type=0 minimal=0.06641 physics=0.4453 total=0.1685
[TRAIN train_climax_no_moisture_constraint_s43] [TRAIN] stage=finetune epoch=1/1 batch=2930/3000 step=5930 repair=0.1141 localization=0 type=0 minimal=0.07007 physics=0.4494 total=0.1373
[TRAIN train_climax_no_moisture_constraint_s43] [TRAIN] stage=finetune epoch=1/1 batch=2940/3000 step=5940 repair=0.07762 localization=0 type=0 minimal=0.08118 physics=0.4111 total=0.09898
[TRAIN train_climax_no_moisture_constraint_s43] [TRAIN] stage=finetune epoch=1/1 batch=2950/3000 step=5950 repair=0.1152 localization=0 type=0 minimal=0.07733 physics=0.3745 total=0.1347
[TRAIN train_climax_no_moisture_constraint_s43] [TRAIN] stage=finetune epoch=1/1 batch=2960/3000 step=5960 repair=0.1315 localization=0 type=0 minimal=0.06934 physics=0.374 total=0.1509
[TRAIN train_climax_no_moisture_constraint_s43] [TRAIN] stage=finetune epoch=1/1 batch=2970/3000 step=5970 repair=0.1148 localization=0 type=0 minimal=0.06549 physics=0.386 total=0.1348
[TRAIN train_climax_no_moisture_constraint_s43] [TRAIN] stage=finetune epoch=1/1 batch=2980/3000 step=5980 repair=0.06663 localization=0 type=0 minimal=0.09186 physics=0.3557 total=0.08533
[TRAIN train_climax_no_moisture_constraint_s43] [TRAIN] stage=finetune epoch=1/1 batch=2990/3000 step=5990 repair=0.05896 localization=0 type=0 minimal=0.08411 physics=0.3687 total=0.07823
[TRAIN train_climax_no_moisture_constraint_s43] [TRAIN] stage=finetune epoch=1/1 batch=3000/3000 step=6000 repair=0.1212 localization=0 type=0 minimal=0.06458 physics=0.4146 total=0.1425
[TRAIN train_climax_no_moisture_constraint_s43] [EPOCH] {'stage': 'finetune', 'epoch': 0, 'global_step': 6000, 'train_total': 0.17039067731052637, 'val_repair_mse': 0.11426482046954334, 'elapsed_seconds': 3796.27}
[TRAIN train_climax_no_moisture_constraint_s43] [BEST] val_repair_mse=0.114265
[TRAIN train_climax_no_moisture_constraint_s43] [TRAIN COMPLETE] {
[TRAIN train_climax_no_moisture_constraint_s43]   "run_id": "prelim20_train_climax_no_moisture_constraint_s43",
[TRAIN train_climax_no_moisture_constraint_s43]   "status": "completed",
[TRAIN train_climax_no_moisture_constraint_s43]   "method": "no_moisture_constraint",
[TRAIN train_climax_no_moisture_constraint_s43]   "backbone": "climax",
[TRAIN train_climax_no_moisture_constraint_s43]   "seed": 43,
[TRAIN train_climax_no_moisture_constraint_s43]   "forecast_provider": "zarr_frozen_fm",
[TRAIN train_climax_no_moisture_constraint_s43]   "best_val_repair_mse": 0.11426482046954334,
[TRAIN train_climax_no_moisture_constraint_s43]   "global_step": 6000,
[TRAIN train_climax_no_moisture_constraint_s43]   "elapsed_seconds": 3796.4,
[TRAIN train_climax_no_moisture_constraint_s43]   "checkpoint_best": "/home/tahiti/ConserveFM/runs/prelim20_train/train_climax_no_moisture_constraint_s43/checkpoint_best.pt",
[TRAIN train_climax_no_moisture_constraint_s43]   "checkpoint_last": "/home/tahiti/ConserveFM/runs/prelim20_train/train_climax_no_moisture_constraint_s43/checkpoint_last.pt"
[TRAIN train_climax_no_moisture_constraint_s43] }
