[TRAIN train_climax_no_moisture_constraint_s42] [SETUP] device=cuda
[TRAIN train_climax_no_moisture_constraint_s42] [SETUP] run_id=prelim20_train_climax_no_moisture_constraint_s42 method=no_moisture_constraint backbone=climax
[TRAIN train_climax_no_moisture_constraint_s42] [FORECAST] using frozen forecast cache: /home/tahiti/ConserveFM/forecasts/climax.zarr
[TRAIN train_climax_no_moisture_constraint_s42] [STAGE] pretrain epochs=1 start_epoch=0
[TRAIN train_climax_no_moisture_constraint_s42] [TRAIN] stage=pretrain epoch=1/1 batch=10/3000 step=10 repair=0.02826 localization=0.4671 type=3.177 minimal=0.1273 physics=1.635 total=0.6053
[TRAIN train_climax_no_moisture_constraint_s42] [TRAIN] stage=pretrain epoch=1/1 batch=20/3000 step=20 repair=0.01384 localization=0.2952 type=1.954 minimal=0.08752 physics=1.123 total=0.2957
[TRAIN train_climax_no_moisture_constraint_s42] [TRAIN] stage=pretrain epoch=1/1 batch=30/3000 step=30 repair=0.01053 localization=0.3644 type=1.536 minimal=0.0766 physics=1.25 total=0.3594
[TRAIN train_climax_no_moisture_constraint_s42] [TRAIN] stage=pretrain epoch=1/1 batch=40/3000 step=40 repair=0.02339 localization=0.3177 type=1.623 minimal=0.06427 physics=1.191 total=0.3664
[TRAIN train_climax_no_moisture_constraint_s42] [TRAIN] stage=pretrain epoch=1/1 batch=50/3000 step=50 repair=0.006714 localization=0.3413 type=2.663 minimal=0.05127 physics=0.8373 total=0.3495
[TRAIN train_climax_no_moisture_constraint_s42] [TRAIN] stage=pretrain epoch=1/1 batch=60/3000 step=60 repair=0.004431 localization=0.2683 type=2.061 minimal=0.04266 physics=0.5601 total=0.3819
[TRAIN train_climax_no_moisture_constraint_s42] [TRAIN] stage=pretrain epoch=1/1 batch=70/3000 step=70 repair=0.007337 localization=0.2866 type=1.314 minimal=0.03409 physics=1.784 total=0.2569
[TRAIN train_climax_no_moisture_constraint_s42] [TRAIN] stage=pretrain epoch=1/1 batch=80/3000 step=80 repair=0.006287 localization=0.2676 type=2.367 minimal=0.03522 physics=0.4987 total=0.4427
[TRAIN train_climax_no_moisture_constraint_s42] [TRAIN] stage=pretrain epoch=1/1 batch=90/3000 step=90 repair=0.005006 localization=0.3437 type=1.086 minimal=0.03534 physics=1.003 total=0.1985
[TRAIN train_climax_no_moisture_constraint_s42] [TRAIN] stage=pretrain epoch=1/1 batch=100/3000 step=100 repair=0.007091 localization=0.2695 type=1.86 minimal=0.04495 physics=0.7569 total=0.2584
[TRAIN train_climax_no_moisture_constraint_s42] [TRAIN] stage=pretrain epoch=1/1 batch=110/3000 step=110 repair=0.009197 localization=0.2384 type=0.9326 minimal=0.03943 physics=0.2637 total=0.2146
[TRAIN train_climax_no_moisture_constraint_s42] [TRAIN] stage=pretrain epoch=1/1 batch=120/3000 step=120 repair=0.006725 localization=0.2891 type=1.769 minimal=0.03317 physics=0.2164 total=0.2237
[TRAIN train_climax_no_moisture_constraint_s42] [TRAIN] stage=pretrain epoch=1/1 batch=130/3000 step=130 repair=0.003051 localization=0.2784 type=1.458 minimal=0.02734 physics=0.1937 total=0.1867
[TRAIN train_climax_no_moisture_constraint_s42] [TRAIN] stage=pretrain epoch=1/1 batch=140/3000 step=140 repair=0.01106 localization=0.2277 type=3.479 minimal=0.03046 physics=0.5069 total=0.6377
[TRAIN train_climax_no_moisture_constraint_s42] [TRAIN] stage=pretrain epoch=1/1 batch=150/3000 step=150 repair=0.006258 localization=0.2741 type=1.274 minimal=0.03671 physics=0.5459 total=0.1887
[TRAIN train_climax_no_moisture_constraint_s42] [TRAIN] stage=pretrain epoch=1/1 batch=160/3000 step=160 repair=0.00636 localization=0.2914 type=0.7744 minimal=0.03201 physics=1.004 total=0.1635
[TRAIN train_climax_no_moisture_constraint_s42] [TRAIN] stage=pretrain epoch=1/1 batch=170/3000 step=170 repair=0.003807 localization=0.3224 type=1.302 minimal=0.03177 physics=0.337 total=0.2608
[TRAIN train_climax_no_moisture_constraint_s42] [TRAIN] stage=pretrain epoch=1/1 batch=180/3000 step=180 repair=0.003517 localization=0.2746 type=2.631 minimal=0.0294 physics=0.2502 total=0.3069
[TRAIN train_climax_no_moisture_constraint_s42] [TRAIN] stage=pretrain epoch=1/1 batch=190/3000 step=190 repair=0.005779 localization=0.2853 type=1.573 minimal=0.02612 physics=0.2598 total=0.3552
[TRAIN train_climax_no_moisture_constraint_s42] [TRAIN] stage=pretrain epoch=1/1 batch=200/3000 step=200 repair=0.008119 localization=0.2939 type=2.071 minimal=0.02982 physics=0.3527 total=0.4082
[TRAIN train_climax_no_moisture_constraint_s42] [TRAIN] stage=pretrain epoch=1/1 batch=210/3000 step=210 repair=0.003494 localization=0.3106 type=0.9551 minimal=0.02693 physics=0.2085 total=0.1408
[TRAIN train_climax_no_moisture_constraint_s42] [TRAIN] stage=pretrain epoch=1/1 batch=220/3000 step=220 repair=0.003495 localization=0.3023 type=2.263 minimal=0.02756 physics=0.229 total=0.3836
[TRAIN train_climax_no_moisture_constraint_s42] [TRAIN] stage=pretrain epoch=1/1 batch=230/3000 step=230 repair=0.003486 localization=0.3001 type=2.517 minimal=0.02383 physics=0.1848 total=0.432
[TRAIN train_climax_no_moisture_constraint_s42] [TRAIN] stage=pretrain epoch=1/1 batch=240/3000 step=240 repair=0.004133 localization=0.2796 type=1.602 minimal=0.0291 physics=0.2532 total=0.3073
[TRAIN train_climax_no_moisture_constraint_s42] [TRAIN] stage=pretrain epoch=1/1 batch=250/3000 step=250 repair=0.003727 localization=0.2567 type=1.478 minimal=0.02686 physics=0.2058 total=0.2675
[TRAIN train_climax_no_moisture_constraint_s42] [TRAIN] stage=pretrain epoch=1/1 batch=260/3000 step=260 repair=0.003324 localization=0.2058 type=1.899 minimal=0.02478 physics=0.5108 total=0.2396
[TRAIN train_climax_no_moisture_constraint_s42] [TRAIN] stage=pretrain epoch=1/1 batch=270/3000 step=270 repair=0.002808 localization=0.2109 type=1.823 minimal=0.02464 physics=0.4725 total=0.23
[TRAIN train_climax_no_moisture_constraint_s42] [TRAIN] stage=pretrain epoch=1/1 batch=280/3000 step=280 repair=0.00315 localization=0.2569 type=2.208 minimal=0.021 physics=0.1122 total=0.4234
[TRAIN train_climax_no_moisture_constraint_s42] [TRAIN] stage=pretrain epoch=1/1 batch=290/3000 step=290 repair=0.002075 localization=0.3492 type=1.113 minimal=0.02045 physics=0.09627 total=0.2153
[TRAIN train_climax_no_moisture_constraint_s42] [TRAIN] stage=pretrain epoch=1/1 batch=300/3000 step=300 repair=0.003326 localization=0.2837 type=1.723 minimal=0.02129 physics=0.119 total=0.2102
[TRAIN train_climax_no_moisture_constraint_s42] [TRAIN] stage=pretrain epoch=1/1 batch=310/3000 step=310 repair=0.01228 localization=0.2711 type=2.068 minimal=0.02232 physics=0.1802 total=0.4241
[TRAIN train_climax_no_moisture_constraint_s42] [TRAIN] stage=pretrain epoch=1/1 batch=320/3000 step=320 repair=0.004477 localization=0.258 type=1.771 minimal=0.02295 physics=0.1553 total=0.3326
[TRAIN train_climax_no_moisture_constraint_s42] [TRAIN] stage=pretrain epoch=1/1 batch=330/3000 step=330 repair=0.002985 localization=0.3188 type=1.669 minimal=0.02194 physics=0.2629 total=0.3376
[TRAIN train_climax_no_moisture_constraint_s42] [TRAIN] stage=pretrain epoch=1/1 batch=340/3000 step=340 repair=0.004021 localization=0.1903 type=1.283 minimal=0.02319 physics=0.1092 total=0.157
[TRAIN train_climax_no_moisture_constraint_s42] [TRAIN] stage=pretrain epoch=1/1 batch=350/3000 step=350 repair=0.003305 localization=0.274 type=1.565 minimal=0.02208 physics=0.2486 total=0.3014
[TRAIN train_climax_no_moisture_constraint_s42] [TRAIN] stage=pretrain epoch=1/1 batch=360/3000 step=360 repair=0.003501 localization=0.2867 type=1.399 minimal=0.02217 physics=0.08494 total=0.2511
[TRAIN train_climax_no_moisture_constraint_s42] [TRAIN] stage=pretrain epoch=1/1 batch=370/3000 step=370 repair=0.00477 localization=0.2414 type=1.421 minimal=0.02129 physics=0.1478 total=0.2727
[TRAIN train_climax_no_moisture_constraint_s42] [TRAIN] stage=pretrain epoch=1/1 batch=380/3000 step=380 repair=0.00322 localization=0.2249 type=1.458 minimal=0.02315 physics=0.1305 total=0.2869
[TRAIN train_climax_no_moisture_constraint_s42] [TRAIN] stage=pretrain epoch=1/1 batch=390/3000 step=390 repair=0.005428 localization=0.2524 type=1.284 minimal=0.02502 physics=0.2286 total=0.2312
[TRAIN train_climax_no_moisture_constraint_s42] [TRAIN] stage=pretrain epoch=1/1 batch=400/3000 step=400 repair=0.004118 localization=0.2489 type=1.892 minimal=0.024 physics=0.237 total=0.3632
[TRAIN train_climax_no_moisture_constraint_s42] [TRAIN] stage=pretrain epoch=1/1 batch=410/3000 step=410 repair=0.01595 localization=0.2816 type=1.556 minimal=0.02478 physics=0.1951 total=0.2676
[TRAIN train_climax_no_moisture_constraint_s42] [TRAIN] stage=pretrain epoch=1/1 batch=420/3000 step=420 repair=0.008567 localization=0.2742 type=1.956 minimal=0.02248 physics=0.1882 total=0.3029
[TRAIN train_climax_no_moisture_constraint_s42] [TRAIN] stage=pretrain epoch=1/1 batch=430/3000 step=430 repair=0.00579 localization=0.3516 type=0.8748 minimal=0.02646 physics=0.8022 total=0.1688
[TRAIN train_climax_no_moisture_constraint_s42] [TRAIN] stage=pretrain epoch=1/1 batch=440/3000 step=440 repair=0.004277 localization=0.3278 type=2.151 minimal=0.02464 physics=0.1621 total=0.2605
[TRAIN train_climax_no_moisture_constraint_s42] [TRAIN] stage=pretrain epoch=1/1 batch=450/3000 step=450 repair=0.01643 localization=0.217 type=1.107 minimal=0.02602 physics=1.351 total=0.2166
[TRAIN train_climax_no_moisture_constraint_s42] [TRAIN] stage=pretrain epoch=1/1 batch=460/3000 step=460 repair=0.00361 localization=0.2645 type=1.149 minimal=0.02498 physics=0.3902 total=0.1647
[TRAIN train_climax_no_moisture_constraint_s42] [TRAIN] stage=pretrain epoch=1/1 batch=470/3000 step=470 repair=0.005338 localization=0.3461 type=1.063 minimal=0.02431 physics=1.068 total=0.1999
[TRAIN train_climax_no_moisture_constraint_s42] [TRAIN] stage=pretrain epoch=1/1 batch=480/3000 step=480 repair=0.004886 localization=0.2244 type=2.729 minimal=0.0228 physics=0.1598 total=0.3085
[TRAIN train_climax_no_moisture_constraint_s42] [TRAIN] stage=pretrain epoch=1/1 batch=490/3000 step=490 repair=0.002887 localization=0.4037 type=1.928 minimal=0.02403 physics=0.1827 total=0.3896
[TRAIN train_climax_no_moisture_constraint_s42] [TRAIN] stage=pretrain epoch=1/1 batch=500/3000 step=500 repair=0.003271 localization=0.2166 type=1.543 minimal=0.02235 physics=0.8174 total=0.2204
[TRAIN train_climax_no_moisture_constraint_s42] [TRAIN] stage=pretrain epoch=1/1 batch=510/3000 step=510 repair=0.002788 localization=0.3166 type=2.227 minimal=0.02017 physics=0.1337 total=0.398
[TRAIN train_climax_no_moisture_constraint_s42] [TRAIN] stage=pretrain epoch=1/1 batch=520/3000 step=520 repair=0.002156 localization=0.219 type=1.223 minimal=0.02205 physics=0.4226 total=0.1677
[TRAIN train_climax_no_moisture_constraint_s42] [TRAIN] stage=pretrain epoch=1/1 batch=530/3000 step=530 repair=0.004936 localization=0.4047 type=1.501 minimal=0.0237 physics=0.1753 total=0.2045
[TRAIN train_climax_no_moisture_constraint_s42] [TRAIN] stage=pretrain epoch=1/1 batch=540/3000 step=540 repair=0.003241 localization=0.2878 type=1.243 minimal=0.02475 physics=0.4008 total=0.1766
[TRAIN train_climax_no_moisture_constraint_s42] [TRAIN] stage=pretrain epoch=1/1 batch=550/3000 step=550 repair=0.003321 localization=0.2833 type=2.015 minimal=0.02274 physics=0.1162 total=0.3686
[TRAIN train_climax_no_moisture_constraint_s42] [TRAIN] stage=pretrain epoch=1/1 batch=560/3000 step=560 repair=0.003261 localization=0.3752 type=1.871 minimal=0.02249 physics=0.1175 total=0.3415
[TRAIN train_climax_no_moisture_constraint_s42] [TRAIN] stage=pretrain epoch=1/1 batch=570/3000 step=570 repair=0.004272 localization=0.2388 type=2.141 minimal=0.02177 physics=0.125 total=0.3699
[TRAIN train_climax_no_moisture_constraint_s42] [TRAIN] stage=pretrain epoch=1/1 batch=580/3000 step=580 repair=0.00369 localization=0.3342 type=1.562 minimal=0.02171 physics=0.1571 total=0.2013
[TRAIN train_climax_no_moisture_constraint_s42] [TRAIN] stage=pretrain epoch=1/1 batch=590/3000 step=590 repair=0.02571 localization=0.3442 type=0.9138 minimal=0.02229 physics=2.689 total=0.2862
[TRAIN train_climax_no_moisture_constraint_s42] [TRAIN] stage=pretrain epoch=1/1 batch=600/3000 step=600 repair=0.002572 localization=0.2631 type=1.551 minimal=0.02063 physics=0.108 total=0.2508
[TRAIN train_climax_no_moisture_constraint_s42] [TRAIN] stage=pretrain epoch=1/1 batch=610/3000 step=610 repair=0.006889 localization=0.2022 type=2.118 minimal=0.02475 physics=0.132 total=0.3861
[TRAIN train_climax_no_moisture_constraint_s42] [TRAIN] stage=pretrain epoch=1/1 batch=620/3000 step=620 repair=0.004015 localization=0.3223 type=1.566 minimal=0.02397 physics=0.9527 total=0.2408
[TRAIN train_climax_no_moisture_constraint_s42] [TRAIN] stage=pretrain epoch=1/1 batch=630/3000 step=630 repair=0.003113 localization=0.2791 type=2.398 minimal=0.02405 physics=0.1251 total=0.2774
[TRAIN train_climax_no_moisture_constraint_s42] [TRAIN] stage=pretrain epoch=1/1 batch=640/3000 step=640 repair=0.007563 localization=0.388 type=1.734 minimal=0.02113 physics=0.1238 total=0.356
[TRAIN train_climax_no_moisture_constraint_s42] [TRAIN] stage=pretrain epoch=1/1 batch=650/3000 step=650 repair=0.002299 localization=0.3875 type=1.713 minimal=0.02101 physics=0.156 total=0.3356
[TRAIN train_climax_no_moisture_constraint_s42] [TRAIN] stage=pretrain epoch=1/1 batch=660/3000 step=660 repair=0.01542 localization=0.143 type=1.4 minimal=0.02922 physics=0.4469 total=0.2779
[TRAIN train_climax_no_moisture_constraint_s42] [TRAIN] stage=pretrain epoch=1/1 batch=670/3000 step=670 repair=0.005739 localization=0.2279 type=1.039 minimal=0.02773 physics=0.2884 total=0.2099
[TRAIN train_climax_no_moisture_constraint_s42] [TRAIN] stage=pretrain epoch=1/1 batch=680/3000 step=680 repair=0.002011 localization=0.3702 type=2.062 minimal=0.02046 physics=0.1116 total=0.3961
[TRAIN train_climax_no_moisture_constraint_s42] [TRAIN] stage=pretrain epoch=1/1 batch=690/3000 step=690 repair=0.004451 localization=0.2382 type=2.09 minimal=0.02019 physics=0.1097 total=0.3602
[TRAIN train_climax_no_moisture_constraint_s42] [TRAIN] stage=pretrain epoch=1/1 batch=700/3000 step=700 repair=0.002356 localization=0.3492 type=1.927 minimal=0.01875 physics=0.1786 total=0.3562
[TRAIN train_climax_no_moisture_constraint_s42] [TRAIN] stage=pretrain epoch=1/1 batch=710/3000 step=710 repair=0.006853 localization=0.252 type=1.811 minimal=0.02069 physics=1.457 total=0.2862
[TRAIN train_climax_no_moisture_constraint_s42] [TRAIN] stage=pretrain epoch=1/1 batch=720/3000 step=720 repair=0.02547 localization=0.2757 type=1.88 minimal=0.02354 physics=2.335 total=0.3581
[TRAIN train_climax_no_moisture_constraint_s42] [TRAIN] stage=pretrain epoch=1/1 batch=730/3000 step=730 repair=0.002786 localization=0.1878 type=1.582 minimal=0.01938 physics=0.1347 total=0.2925
[TRAIN train_climax_no_moisture_constraint_s42] [TRAIN] stage=pretrain epoch=1/1 batch=740/3000 step=740 repair=0.003221 localization=0.2302 type=1.579 minimal=0.0201 physics=0.09511 total=0.1891
[TRAIN train_climax_no_moisture_constraint_s42] [TRAIN] stage=pretrain epoch=1/1 batch=750/3000 step=750 repair=0.03395 localization=0.36 type=1.66 minimal=0.02005 physics=2.113 total=0.3418
[TRAIN train_climax_no_moisture_constraint_s42] [TRAIN] stage=pretrain epoch=1/1 batch=760/3000 step=760 repair=0.003027 localization=0.266 type=1.888 minimal=0.01997 physics=0.1231 total=0.3554
[TRAIN train_climax_no_moisture_constraint_s42] [TRAIN] stage=pretrain epoch=1/1 batch=770/3000 step=770 repair=0.004123 localization=0.3487 type=1.66 minimal=0.022 physics=0.1858 total=0.2145
[TRAIN train_climax_no_moisture_constraint_s42] [TRAIN] stage=pretrain epoch=1/1 batch=780/3000 step=780 repair=0.002302 localization=0.3857 type=1.339 minimal=0.01799 physics=0.1056 total=0.2646
[TRAIN train_climax_no_moisture_constraint_s42] [TRAIN] stage=pretrain epoch=1/1 batch=790/3000 step=790 repair=0.002564 localization=0.2337 type=1.283 minimal=0.01985 physics=0.0794 total=0.2244
[TRAIN train_climax_no_moisture_constraint_s42] [TRAIN] stage=pretrain epoch=1/1 batch=800/3000 step=800 repair=0.01088 localization=0.397 type=0.9607 minimal=0.01982 physics=2.053 total=0.2495
[TRAIN train_climax_no_moisture_constraint_s42] [TRAIN] stage=pretrain epoch=1/1 batch=810/3000 step=810 repair=0.002878 localization=0.2504 type=1.408 minimal=0.02077 physics=0.1253 total=0.2389
[TRAIN train_climax_no_moisture_constraint_s42] [TRAIN] stage=pretrain epoch=1/1 batch=820/3000 step=820 repair=0.002748 localization=0.2687 type=1.352 minimal=0.01973 physics=0.1443 total=0.255
[TRAIN train_climax_no_moisture_constraint_s42] [TRAIN] stage=pretrain epoch=1/1 batch=830/3000 step=830 repair=0.003376 localization=0.3209 type=1.925 minimal=0.0238 physics=0.1931 total=0.2378
[TRAIN train_climax_no_moisture_constraint_s42] [TRAIN] stage=pretrain epoch=1/1 batch=840/3000 step=840 repair=0.007311 localization=0.2326 type=1.842 minimal=0.02753 physics=0.176 total=0.3665
[TRAIN train_climax_no_moisture_constraint_s42] [TRAIN] stage=pretrain epoch=1/1 batch=850/3000 step=850 repair=0.002291 localization=0.3118 type=1.818 minimal=0.02013 physics=0.1204 total=0.3712
[TRAIN train_climax_no_moisture_constraint_s42] [TRAIN] stage=pretrain epoch=1/1 batch=860/3000 step=860 repair=0.002786 localization=0.1973 type=2.024 minimal=0.02 physics=0.1703 total=0.2337
[TRAIN train_climax_no_moisture_constraint_s42] [TRAIN] stage=pretrain epoch=1/1 batch=870/3000 step=870 repair=0.002324 localization=0.2408 type=1.956 minimal=0.01787 physics=0.3307 total=0.2387
[TRAIN train_climax_no_moisture_constraint_s42] [TRAIN] stage=pretrain epoch=1/1 batch=880/3000 step=880 repair=0.002897 localization=0.2841 type=1.644 minimal=0.0195 physics=0.1227 total=0.3132
[TRAIN train_climax_no_moisture_constraint_s42] [TRAIN] stage=pretrain epoch=1/1 batch=890/3000 step=890 repair=0.01226 localization=0.2409 type=1.613 minimal=0.02107 physics=0.09831 total=0.3065
[TRAIN train_climax_no_moisture_constraint_s42] [TRAIN] stage=pretrain epoch=1/1 batch=900/3000 step=900 repair=0.002975 localization=0.2097 type=1.549 minimal=0.01672 physics=0.7017 total=0.2141
[TRAIN train_climax_no_moisture_constraint_s42] [TRAIN] stage=pretrain epoch=1/1 batch=910/3000 step=910 repair=0.02526 localization=0.2468 type=0.9473 minimal=0.02158 physics=2.363 total=0.263
[TRAIN train_climax_no_moisture_constraint_s42] [TRAIN] stage=pretrain epoch=1/1 batch=920/3000 step=920 repair=0.003874 localization=0.3225 type=0.8484 minimal=0.02049 physics=0.6449 total=0.1534
[TRAIN train_climax_no_moisture_constraint_s42] [TRAIN] stage=pretrain epoch=1/1 batch=930/3000 step=930 repair=0.004105 localization=0.3105 type=1.381 minimal=0.02438 physics=0.2003 total=0.2418
[TRAIN train_climax_no_moisture_constraint_s42] [TRAIN] stage=pretrain epoch=1/1 batch=940/3000 step=940 repair=0.006269 localization=0.1988 type=0.9412 minimal=0.04395 physics=0.8109 total=0.2198
[TRAIN train_climax_no_moisture_constraint_s42] [TRAIN] stage=pretrain epoch=1/1 batch=950/3000 step=950 repair=0.002735 localization=0.2536 type=1.896 minimal=0.01915 physics=0.154 total=0.3472
[TRAIN train_climax_no_moisture_constraint_s42] [TRAIN] stage=pretrain epoch=1/1 batch=960/3000 step=960 repair=0.005831 localization=0.3711 type=1.85 minimal=0.02527 physics=0.3101 total=0.3977
[TRAIN train_climax_no_moisture_constraint_s42] [TRAIN] stage=pretrain epoch=1/1 batch=970/3000 step=970 repair=0.009965 localization=0.1765 type=0.2845 minimal=0.05072 physics=0.6507 total=0.1057
[TRAIN train_climax_no_moisture_constraint_s42] [TRAIN] stage=pretrain epoch=1/1 batch=980/3000 step=980 repair=0.002527 localization=0.5492 type=1.989 minimal=0.02448 physics=0.2037 total=0.4526
[TRAIN train_climax_no_moisture_constraint_s42] [TRAIN] stage=pretrain epoch=1/1 batch=990/3000 step=990 repair=0.005722 localization=0.2752 type=1.255 minimal=0.02393 physics=0.2358 total=0.2362
[TRAIN train_climax_no_moisture_constraint_s42] [TRAIN] stage=pretrain epoch=1/1 batch=1000/3000 step=1000 repair=0.003838 localization=0.3037 type=1.006 minimal=0.02301 physics=0.1526 total=0.2056
[TRAIN train_climax_no_moisture_constraint_s42] [TRAIN] stage=pretrain epoch=1/1 batch=1010/3000 step=1010 repair=0.002099 localization=0.2901 type=1.926 minimal=0.02025 physics=0.1098 total=0.3778
[TRAIN train_climax_no_moisture_constraint_s42] [TRAIN] stage=pretrain epoch=1/1 batch=1020/3000 step=1020 repair=0.005429 localization=0.2081 type=1.723 minimal=0.0186 physics=1.461 total=0.2718
[TRAIN train_climax_no_moisture_constraint_s42] [TRAIN] stage=pretrain epoch=1/1 batch=1030/3000 step=1030 repair=0.003089 localization=0.276 type=1.728 minimal=0.01855 physics=0.1485 total=0.2111
[TRAIN train_climax_no_moisture_constraint_s42] [TRAIN] stage=pretrain epoch=1/1 batch=1040/3000 step=1040 repair=0.008937 localization=0.08206 type=1.24 minimal=0.0369 physics=0.6028 total=0.2488
[TRAIN train_climax_no_moisture_constraint_s42] [TRAIN] stage=pretrain epoch=1/1 batch=1050/3000 step=1050 repair=0.002773 localization=0.3735 type=1.687 minimal=0.01979 physics=0.1489 total=0.3068
[TRAIN train_climax_no_moisture_constraint_s42] [TRAIN] stage=pretrain epoch=1/1 batch=1060/3000 step=1060 repair=0.003584 localization=0.2606 type=1.499 minimal=0.01991 physics=0.08235 total=0.2787
[TRAIN train_climax_no_moisture_constraint_s42] [TRAIN] stage=pretrain epoch=1/1 batch=1070/3000 step=1070 repair=0.002999 localization=0.3894 type=1.728 minimal=0.01781 physics=0.1832 total=0.2241
[TRAIN train_climax_no_moisture_constraint_s42] [TRAIN] stage=pretrain epoch=1/1 batch=1080/3000 step=1080 repair=0.0153 localization=0.2797 type=1.627 minimal=0.01836 physics=0.09667 total=0.211
[TRAIN train_climax_no_moisture_constraint_s42] [TRAIN] stage=pretrain epoch=1/1 batch=1090/3000 step=1090 repair=0.008803 localization=0.3041 type=1.424 minimal=0.01409 physics=0.1359 total=0.1886
[TRAIN train_climax_no_moisture_constraint_s42] [TRAIN] stage=pretrain epoch=1/1 batch=1100/3000 step=1100 repair=0.008242 localization=0.07566 type=1.205 minimal=0.04184 physics=1.831 total=0.3059
[TRAIN train_climax_no_moisture_constraint_s42] [TRAIN] stage=pretrain epoch=1/1 batch=1110/3000 step=1110 repair=0.004069 localization=0.3305 type=1.14 minimal=0.02013 physics=0.1046 total=0.1565
[TRAIN train_climax_no_moisture_constraint_s42] [TRAIN] stage=pretrain epoch=1/1 batch=1120/3000 step=1120 repair=0.005444 localization=0.3305 type=1.829 minimal=0.01947 physics=0.1909 total=0.3132
[TRAIN train_climax_no_moisture_constraint_s42] [TRAIN] stage=pretrain epoch=1/1 batch=1130/3000 step=1130 repair=0.006884 localization=0.2641 type=1.833 minimal=0.02138 physics=0.1225 total=0.2977
[TRAIN train_climax_no_moisture_constraint_s42] [TRAIN] stage=pretrain epoch=1/1 batch=1140/3000 step=1140 repair=0.004064 localization=0.3527 type=2.021 minimal=0.01869 physics=0.1533 total=0.3671
[TRAIN train_climax_no_moisture_constraint_s42] [TRAIN] stage=pretrain epoch=1/1 batch=1150/3000 step=1150 repair=0.0086 localization=0.2691 type=1.443 minimal=0.02005 physics=0.1289 total=0.265
[TRAIN train_climax_no_moisture_constraint_s42] [TRAIN] stage=pretrain epoch=1/1 batch=1160/3000 step=1160 repair=0.004797 localization=0.1711 type=3.562 minimal=0.01892 physics=0.1392 total=0.6239
[TRAIN train_climax_no_moisture_constraint_s42] [TRAIN] stage=pretrain epoch=1/1 batch=1170/3000 step=1170 repair=0.003489 localization=0.3745 type=1.544 minimal=0.01744 physics=0.1098 total=0.2635
[TRAIN train_climax_no_moisture_constraint_s42] [TRAIN] stage=pretrain epoch=1/1 batch=1180/3000 step=1180 repair=0.02664 localization=0.3375 type=0.6157 minimal=0.01883 physics=2.55 total=0.2496
[TRAIN train_climax_no_moisture_constraint_s42] [TRAIN] stage=pretrain epoch=1/1 batch=1190/3000 step=1190 repair=0.006977 localization=0.1948 type=0.9089 minimal=0.03683 physics=0.3949 total=0.1977
[TRAIN train_climax_no_moisture_constraint_s42] [TRAIN] stage=pretrain epoch=1/1 batch=1200/3000 step=1200 repair=0.02188 localization=0.2839 type=0.9529 minimal=0.02284 physics=2.038 total=0.2477
[TRAIN train_climax_no_moisture_constraint_s42] [TRAIN] stage=pretrain epoch=1/1 batch=1210/3000 step=1210 repair=0.004124 localization=0.3512 type=2.454 minimal=0.02087 physics=0.186 total=0.4473
[TRAIN train_climax_no_moisture_constraint_s42] [TRAIN] stage=pretrain epoch=1/1 batch=1220/3000 step=1220 repair=0.005521 localization=0.268 type=1.314 minimal=0.01935 physics=0.1468 total=0.2623
[TRAIN train_climax_no_moisture_constraint_s42] [TRAIN] stage=pretrain epoch=1/1 batch=1230/3000 step=1230 repair=0.002758 localization=0.2 type=1.281 minimal=0.02026 physics=0.09426 total=0.2513
[TRAIN train_climax_no_moisture_constraint_s42] [TRAIN] stage=pretrain epoch=1/1 batch=1240/3000 step=1240 repair=0.00478 localization=0.1998 type=2.921 minimal=0.02016 physics=0.1414 total=0.585
[TRAIN train_climax_no_moisture_constraint_s42] [TRAIN] stage=pretrain epoch=1/1 batch=1250/3000 step=1250 repair=0.002828 localization=0.2166 type=1.979 minimal=0.0197 physics=0.07746 total=0.4171
[TRAIN train_climax_no_moisture_constraint_s42] [TRAIN] stage=pretrain epoch=1/1 batch=1260/3000 step=1260 repair=0.01368 localization=0.3222 type=1.771 minimal=0.01869 physics=0.07779 total=0.2271
[TRAIN train_climax_no_moisture_constraint_s42] [TRAIN] stage=pretrain epoch=1/1 batch=1270/3000 step=1270 repair=0.002455 localization=0.1965 type=1.396 minimal=0.01912 physics=0.1207 total=0.2337
[TRAIN train_climax_no_moisture_constraint_s42] [TRAIN] stage=pretrain epoch=1/1 batch=1280/3000 step=1280 repair=0.0311 localization=0.3507 type=1.252 minimal=0.0164 physics=2.184 total=0.3007
[TRAIN train_climax_no_moisture_constraint_s42] [TRAIN] stage=pretrain epoch=1/1 batch=1290/3000 step=1290 repair=0.0037 localization=0.373 type=1.425 minimal=0.01878 physics=0.4743 total=0.2074
[TRAIN train_climax_no_moisture_constraint_s42] [TRAIN] stage=pretrain epoch=1/1 batch=1300/3000 step=1300 repair=0.003167 localization=0.2375 type=1.65 minimal=0.0188 physics=0.1348 total=0.303
[TRAIN train_climax_no_moisture_constraint_s42] [TRAIN] stage=pretrain epoch=1/1 batch=1310/3000 step=1310 repair=0.002132 localization=0.2474 type=1.416 minimal=0.01691 physics=0.06381 total=0.2467
[TRAIN train_climax_no_moisture_constraint_s42] [TRAIN] stage=pretrain epoch=1/1 batch=1320/3000 step=1320 repair=0.00799 localization=0.2855 type=1.67 minimal=0.01791 physics=1.237 total=0.2656
[TRAIN train_climax_no_moisture_constraint_s42] [TRAIN] stage=pretrain epoch=1/1 batch=1330/3000 step=1330 repair=0.006417 localization=0.2874 type=1.399 minimal=0.01894 physics=0.1776 total=0.2655
[TRAIN train_climax_no_moisture_constraint_s42] [TRAIN] stage=pretrain epoch=1/1 batch=1340/3000 step=1340 repair=0.01116 localization=0.391 type=1.437 minimal=0.01802 physics=0.1215 total=0.2725
[TRAIN train_climax_no_moisture_constraint_s42] [TRAIN] stage=pretrain epoch=1/1 batch=1350/3000 step=1350 repair=0.004207 localization=0.2131 type=2.889 minimal=0.01831 physics=0.08668 total=0.5521
[TRAIN train_climax_no_moisture_constraint_s42] [TRAIN] stage=pretrain epoch=1/1 batch=1360/3000 step=1360 repair=0.005494 localization=0.3029 type=1.396 minimal=0.0193 physics=0.4087 total=0.196
[TRAIN train_climax_no_moisture_constraint_s42] [TRAIN] stage=pretrain epoch=1/1 batch=1370/3000 step=1370 repair=0.003592 localization=0.326 type=1.236 minimal=0.01799 physics=0.3907 total=0.1795
[TRAIN train_climax_no_moisture_constraint_s42] [TRAIN] stage=pretrain epoch=1/1 batch=1380/3000 step=1380 repair=0.01591 localization=0.1958 type=0.845 minimal=0.01808 physics=1.731 total=0.2067
[TRAIN train_climax_no_moisture_constraint_s42] [TRAIN] stage=pretrain epoch=1/1 batch=1390/3000 step=1390 repair=0.003865 localization=0.2803 type=2.263 minimal=0.02063 physics=0.1932 total=0.3701
[TRAIN train_climax_no_moisture_constraint_s42] [TRAIN] stage=pretrain epoch=1/1 batch=1400/3000 step=1400 repair=0.007957 localization=0.2363 type=1.844 minimal=0.02029 physics=0.09195 total=0.3108
[TRAIN train_climax_no_moisture_constraint_s42] [TRAIN] stage=pretrain epoch=1/1 batch=1410/3000 step=1410 repair=0.003323 localization=0.3136 type=1.685 minimal=0.02052 physics=0.07652 total=0.2743
[TRAIN train_climax_no_moisture_constraint_s42] [TRAIN] stage=pretrain epoch=1/1 batch=1420/3000 step=1420 repair=0.01074 localization=0.32 type=1.725 minimal=0.02374 physics=1.918 total=0.3113
[TRAIN train_climax_no_moisture_constraint_s42] [TRAIN] stage=pretrain epoch=1/1 batch=1430/3000 step=1430 repair=0.002433 localization=0.2983 type=1.664 minimal=0.01721 physics=0.08521 total=0.286
[TRAIN train_climax_no_moisture_constraint_s42] [TRAIN] stage=pretrain epoch=1/1 batch=1440/3000 step=1440 repair=0.008643 localization=0.2002 type=1.871 minimal=0.01611 physics=0.07646 total=0.2978
[TRAIN train_climax_no_moisture_constraint_s42] [TRAIN] stage=pretrain epoch=1/1 batch=1450/3000 step=1450 repair=0.007239 localization=0.4501 type=0.5579 minimal=0.03102 physics=0.4466 total=0.1725
[TRAIN train_climax_no_moisture_constraint_s42] [TRAIN] stage=pretrain epoch=1/1 batch=1460/3000 step=1460 repair=0.0185 localization=0.2499 type=1.379 minimal=0.0175 physics=1.595 total=0.2613
[TRAIN train_climax_no_moisture_constraint_s42] [TRAIN] stage=pretrain epoch=1/1 batch=1470/3000 step=1470 repair=0.008311 localization=0.2988 type=1.6 minimal=0.0201 physics=0.1636 total=0.2877
[TRAIN train_climax_no_moisture_constraint_s42] [TRAIN] stage=pretrain epoch=1/1 batch=1480/3000 step=1480 repair=0.004777 localization=0.2542 type=1.642 minimal=0.01857 physics=0.08699 total=0.1989
[TRAIN train_climax_no_moisture_constraint_s42] [TRAIN] stage=pretrain epoch=1/1 batch=1490/3000 step=1490 repair=0.003726 localization=0.2388 type=2.646 minimal=0.01878 physics=0.1295 total=0.4824
[TRAIN train_climax_no_moisture_constraint_s42] [TRAIN] stage=pretrain epoch=1/1 batch=1500/3000 step=1500 repair=0.004297 localization=0.3205 type=1.983 minimal=0.02148 physics=0.8917 total=0.2794
[TRAIN train_climax_no_moisture_constraint_s42] [TRAIN] stage=pretrain epoch=1/1 batch=1510/3000 step=1510 repair=0.02187 localization=0.285 type=1.354 minimal=0.01881 physics=1.752 total=0.2736
[TRAIN train_climax_no_moisture_constraint_s42] [TRAIN] stage=pretrain epoch=1/1 batch=1520/3000 step=1520 repair=0.003658 localization=0.2321 type=2.813 minimal=0.02054 physics=0.1805 total=0.5011
[TRAIN train_climax_no_moisture_constraint_s42] [TRAIN] stage=pretrain epoch=1/1 batch=1530/3000 step=1530 repair=0.003888 localization=0.2519 type=1.558 minimal=0.01848 physics=0.08765 total=0.1895
[TRAIN train_climax_no_moisture_constraint_s42] [TRAIN] stage=pretrain epoch=1/1 batch=1540/3000 step=1540 repair=0.00426 localization=0.2047 type=1.972 minimal=0.01714 physics=0.07299 total=0.3671
[TRAIN train_climax_no_moisture_constraint_s42] [TRAIN] stage=pretrain epoch=1/1 batch=1550/3000 step=1550 repair=0.006745 localization=0.2587 type=1.625 minimal=0.01715 physics=1.417 total=0.2661
[TRAIN train_climax_no_moisture_constraint_s42] [TRAIN] stage=pretrain epoch=1/1 batch=1560/3000 step=1560 repair=0.02029 localization=0.4735 type=2.188 minimal=0.01533 physics=0.06784 total=0.4383
[TRAIN train_climax_no_moisture_constraint_s42] [TRAIN] stage=pretrain epoch=1/1 batch=1570/3000 step=1570 repair=0.02458 localization=0.2747 type=2.011 minimal=0.01901 physics=2.022 total=0.3545
[TRAIN train_climax_no_moisture_constraint_s42] [TRAIN] stage=pretrain epoch=1/1 batch=1580/3000 step=1580 repair=0.007197 localization=0.2892 type=0.9111 minimal=0.01936 physics=0.1008 total=0.1325
[TRAIN train_climax_no_moisture_constraint_s42] [TRAIN] stage=pretrain epoch=1/1 batch=1590/3000 step=1590 repair=0.003325 localization=0.3787 type=1.138 minimal=0.01855 physics=0.5287 total=0.1816
[TRAIN train_climax_no_moisture_constraint_s42] [TRAIN] stage=pretrain epoch=1/1 batch=1600/3000 step=1600 repair=0.004677 localization=0.383 type=0.908 minimal=0.0168 physics=0.9131 total=0.1796
[TRAIN train_climax_no_moisture_constraint_s42] [TRAIN] stage=pretrain epoch=1/1 batch=1610/3000 step=1610 repair=0.005211 localization=0.2217 type=1.735 minimal=0.01604 physics=0.09626 total=0.2809
[TRAIN train_climax_no_moisture_constraint_s42] [TRAIN] stage=pretrain epoch=1/1 batch=1620/3000 step=1620 repair=0.004513 localization=0.2534 type=1.815 minimal=0.02002 physics=0.1985 total=0.3234
[TRAIN train_climax_no_moisture_constraint_s42] [TRAIN] stage=pretrain epoch=1/1 batch=1630/3000 step=1630 repair=0.003061 localization=0.2174 type=1.146 minimal=0.01735 physics=0.1214 total=0.1457
[TRAIN train_climax_no_moisture_constraint_s42] [TRAIN] stage=pretrain epoch=1/1 batch=1640/3000 step=1640 repair=0.003549 localization=0.2155 type=1.799 minimal=0.01906 physics=0.1281 total=0.3185
[TRAIN train_climax_no_moisture_constraint_s42] [TRAIN] stage=pretrain epoch=1/1 batch=1650/3000 step=1650 repair=0.002859 localization=0.3577 type=2.166 minimal=0.01857 physics=0.1439 total=0.3498
[TRAIN train_climax_no_moisture_constraint_s42] [TRAIN] stage=pretrain epoch=1/1 batch=1660/3000 step=1660 repair=0.005802 localization=0.345 type=2.231 minimal=0.01674 physics=0.08289 total=0.3668
[TRAIN train_climax_no_moisture_constraint_s42] [TRAIN] stage=pretrain epoch=1/1 batch=1670/3000 step=1670 repair=0.01923 localization=0.2896 type=0.8323 minimal=0.01869 physics=2.321 total=0.2477
[TRAIN train_climax_no_moisture_constraint_s42] [TRAIN] stage=pretrain epoch=1/1 batch=1680/3000 step=1680 repair=0.006421 localization=0.1287 type=0.2867 minimal=0.03745 physics=2.072 total=0.1687
[TRAIN train_climax_no_moisture_constraint_s42] [TRAIN] stage=pretrain epoch=1/1 batch=1690/3000 step=1690 repair=0.004275 localization=0.3244 type=1.615 minimal=0.01755 physics=0.08822 total=0.2028
[TRAIN train_climax_no_moisture_constraint_s42] [TRAIN] stage=pretrain epoch=1/1 batch=1700/3000 step=1700 repair=0.001993 localization=0.3306 type=1.263 minimal=0.01566 physics=0.09674 total=0.1663
[TRAIN train_climax_no_moisture_constraint_s42] [TRAIN] stage=pretrain epoch=1/1 batch=1710/3000 step=1710 repair=0.002487 localization=0.4364 type=1.757 minimal=0.01536 physics=0.05658 total=0.2855
[TRAIN train_climax_no_moisture_constraint_s42] [TRAIN] stage=pretrain epoch=1/1 batch=1720/3000 step=1720 repair=0.009456 localization=0.4385 type=2.063 minimal=0.01776 physics=0.06015 total=0.3617
[TRAIN train_climax_no_moisture_constraint_s42] [TRAIN] stage=pretrain epoch=1/1 batch=1730/3000 step=1730 repair=0.004035 localization=0.3422 type=1.363 minimal=0.01654 physics=0.09574 total=0.1795
[TRAIN train_climax_no_moisture_constraint_s42] [TRAIN] stage=pretrain epoch=1/1 batch=1740/3000 step=1740 repair=0.009545 localization=0.1474 type=0.01751 minimal=0.05923 physics=1.572 total=0.1073
[TRAIN train_climax_no_moisture_constraint_s42] [TRAIN] stage=pretrain epoch=1/1 batch=1750/3000 step=1750 repair=0.001995 localization=0.214 type=1.37 minimal=0.01382 physics=0.2844 total=0.1748
[TRAIN train_climax_no_moisture_constraint_s42] [TRAIN] stage=pretrain epoch=1/1 batch=1760/3000 step=1760 repair=0.001563 localization=0.1986 type=2.291 minimal=0.01337 physics=0.08809 total=0.3523
[TRAIN train_climax_no_moisture_constraint_s42] [TRAIN] stage=pretrain epoch=1/1 batch=1770/3000 step=1770 repair=0.001818 localization=0.3119 type=2.048 minimal=0.01411 physics=0.06878 total=0.3323
[TRAIN train_climax_no_moisture_constraint_s42] [TRAIN] stage=pretrain epoch=1/1 batch=1780/3000 step=1780 repair=0.004128 localization=0.1727 type=0.1625 minimal=0.02872 physics=0.7266 total=0.08515
[TRAIN train_climax_no_moisture_constraint_s42] [TRAIN] stage=pretrain epoch=1/1 batch=1790/3000 step=1790 repair=0.03496 localization=0.3522 type=1.089 minimal=0.01663 physics=2.019 total=0.2802
[TRAIN train_climax_no_moisture_constraint_s42] [TRAIN] stage=pretrain epoch=1/1 batch=1800/3000 step=1800 repair=0.005521 localization=0.1286 type=0.0778 minimal=0.0408 physics=0.8869 total=0.07757
[TRAIN train_climax_no_moisture_constraint_s42] [TRAIN] stage=pretrain epoch=1/1 batch=1810/3000 step=1810 repair=0.003231 localization=0.2804 type=1.333 minimal=0.01598 physics=0.1495 total=0.1723
[TRAIN train_climax_no_moisture_constraint_s42] [TRAIN] stage=pretrain epoch=1/1 batch=1820/3000 step=1820 repair=0.002315 localization=0.3081 type=1.627 minimal=0.0153 physics=0.06949 total=0.2588
[TRAIN train_climax_no_moisture_constraint_s42] [TRAIN] stage=pretrain epoch=1/1 batch=1830/3000 step=1830 repair=0.0131 localization=0.3489 type=1.258 minimal=0.01244 physics=0.06084 total=0.177
[TRAIN train_climax_no_moisture_constraint_s42] [TRAIN] stage=pretrain epoch=1/1 batch=1840/3000 step=1840 repair=0.003647 localization=0.2669 type=1.695 minimal=0.01591 physics=0.123 total=0.2638
[TRAIN train_climax_no_moisture_constraint_s42] [TRAIN] stage=pretrain epoch=1/1 batch=1850/3000 step=1850 repair=0.001828 localization=0.4009 type=4.527 minimal=0.01988 physics=0.5774 total=0.9506
[TRAIN train_climax_no_moisture_constraint_s42] [TRAIN] stage=pretrain epoch=1/1 batch=1860/3000 step=1860 repair=0.002431 localization=0.2999 type=1.451 minimal=0.01657 physics=0.08362 total=0.2511
[TRAIN train_climax_no_moisture_constraint_s42] [TRAIN] stage=pretrain epoch=1/1 batch=1870/3000 step=1870 repair=0.002697 localization=0.2965 type=1.394 minimal=0.01411 physics=0.1244 total=0.1781
[TRAIN train_climax_no_moisture_constraint_s42] [TRAIN] stage=pretrain epoch=1/1 batch=1880/3000 step=1880 repair=0.002285 localization=0.3625 type=1.083 minimal=0.014 physics=0.06619 total=0.1802
[TRAIN train_climax_no_moisture_constraint_s42] [TRAIN] stage=pretrain epoch=1/1 batch=1890/3000 step=1890 repair=0.008584 localization=0.25 type=1.434 minimal=0.01429 physics=0.07329 total=0.1808
[TRAIN train_climax_no_moisture_constraint_s42] [TRAIN] stage=pretrain epoch=1/1 batch=1900/3000 step=1900 repair=0.007353 localization=0.3399 type=1.212 minimal=0.01534 physics=0.1221 total=0.1688
[TRAIN train_climax_no_moisture_constraint_s42] [TRAIN] stage=pretrain epoch=1/1 batch=1910/3000 step=1910 repair=0.009353 localization=0.1413 type=0.0156 minimal=0.05414 physics=2.463 total=0.1501
[TRAIN train_climax_no_moisture_constraint_s42] [TRAIN] stage=pretrain epoch=1/1 batch=1920/3000 step=1920 repair=0.001582 localization=0.3407 type=1.475 minimal=0.01369 physics=0.05365 total=0.2172
[TRAIN train_climax_no_moisture_constraint_s42] [TRAIN] stage=pretrain epoch=1/1 batch=1930/3000 step=1930 repair=0.006281 localization=0.3326 type=2.314 minimal=0.01381 physics=0.1158 total=0.3971
[TRAIN train_climax_no_moisture_constraint_s42] [TRAIN] stage=pretrain epoch=1/1 batch=1940/3000 step=1940 repair=0.00283 localization=0.2209 type=1.259 minimal=0.01651 physics=0.05535 total=0.2143
[TRAIN train_climax_no_moisture_constraint_s42] [TRAIN] stage=pretrain epoch=1/1 batch=1950/3000 step=1950 repair=0.002437 localization=0.2135 type=1.309 minimal=0.0192 physics=0.06942 total=0.225
[TRAIN train_climax_no_moisture_constraint_s42] [TRAIN] stage=pretrain epoch=1/1 batch=1960/3000 step=1960 repair=0.001984 localization=0.09888 type=0.1078 minimal=0.02158 physics=0.2469 total=0.04144
[TRAIN train_climax_no_moisture_constraint_s42] [TRAIN] stage=pretrain epoch=1/1 batch=1970/3000 step=1970 repair=0.004243 localization=0.2016 type=1.387 minimal=0.01956 physics=0.1547 total=0.2602
[TRAIN train_climax_no_moisture_constraint_s42] [TRAIN] stage=pretrain epoch=1/1 batch=1980/3000 step=1980 repair=0.004778 localization=0.1067 type=0.04425 minimal=0.03528 physics=2.001 total=0.1238
[TRAIN train_climax_no_moisture_constraint_s42] [TRAIN] stage=pretrain epoch=1/1 batch=1990/3000 step=1990 repair=0.002854 localization=0.2759 type=1.533 minimal=0.01528 physics=0.07786 total=0.2586
[TRAIN train_climax_no_moisture_constraint_s42] [TRAIN] stage=pretrain epoch=1/1 batch=2000/3000 step=2000 repair=0.002783 localization=0.1638 type=0.8035 minimal=0.01752 physics=0.2326 total=0.1751
[TRAIN train_climax_no_moisture_constraint_s42] [TRAIN] stage=pretrain epoch=1/1 batch=2010/3000 step=2010 repair=0.00464 localization=0.07947 type=0.0115 minimal=0.02402 physics=0.4423 total=0.03705
[TRAIN train_climax_no_moisture_constraint_s42] [TRAIN] stage=pretrain epoch=1/1 batch=2020/3000 step=2020 repair=0.009415 localization=0.3217 type=0.8281 minimal=0.01717 physics=1.329 total=0.191
[TRAIN train_climax_no_moisture_constraint_s42] [TRAIN] stage=pretrain epoch=1/1 batch=2030/3000 step=2030 repair=0.003756 localization=0.3913 type=1.411 minimal=0.0179 physics=0.4594 total=0.2071
[TRAIN train_climax_no_moisture_constraint_s42] [TRAIN] stage=pretrain epoch=1/1 batch=2040/3000 step=2040 repair=0.01395 localization=0.3508 type=1.181 minimal=0.01378 physics=0.07197 total=0.1709
[TRAIN train_climax_no_moisture_constraint_s42] [TRAIN] stage=pretrain epoch=1/1 batch=2050/3000 step=2050 repair=0.003639 localization=0.08923 type=0.05331 minimal=0.02357 physics=0.6596 total=0.05421
[TRAIN train_climax_no_moisture_constraint_s42] [TRAIN] stage=pretrain epoch=1/1 batch=2060/3000 step=2060 repair=0.007225 localization=0.2789 type=0.8503 minimal=0.01839 physics=0.113 total=0.126
[TRAIN train_climax_no_moisture_constraint_s42] [TRAIN] stage=pretrain epoch=1/1 batch=2070/3000 step=2070 repair=0.002597 localization=0.2592 type=2.009 minimal=0.01527 physics=0.1507 total=0.4044
[TRAIN train_climax_no_moisture_constraint_s42] [TRAIN] stage=pretrain epoch=1/1 batch=2080/3000 step=2080 repair=0.004009 localization=0.09484 type=0.05417 minimal=0.0255 physics=0.5363 total=0.04846
[TRAIN train_climax_no_moisture_constraint_s42] [TRAIN] stage=pretrain epoch=1/1 batch=2090/3000 step=2090 repair=0.002676 localization=0.3679 type=1.528 minimal=0.01458 physics=0.1787 total=0.2784
[TRAIN train_climax_no_moisture_constraint_s42] [TRAIN] stage=pretrain epoch=1/1 batch=2100/3000 step=2100 repair=0.003456 localization=0.198 type=1.845 minimal=0.01559 physics=0.0606 total=0.313
[TRAIN train_climax_no_moisture_constraint_s42] [TRAIN] stage=pretrain epoch=1/1 batch=2110/3000 step=2110 repair=0.01295 localization=0.2728 type=1.079 minimal=0.01581 physics=0.09117 total=0.1529
[TRAIN train_climax_no_moisture_constraint_s42] [TRAIN] stage=pretrain epoch=1/1 batch=2120/3000 step=2120 repair=0.004393 localization=0.4253 type=1.004 minimal=0.01692 physics=0.08068 total=0.1516
[TRAIN train_climax_no_moisture_constraint_s42] [TRAIN] stage=pretrain epoch=1/1 batch=2130/3000 step=2130 repair=0.00583 localization=0.3486 type=3.326 minimal=0.0182 physics=2.107 total=0.4788
[TRAIN train_climax_no_moisture_constraint_s42] [TRAIN] stage=pretrain epoch=1/1 batch=2140/3000 step=2140 repair=0.001863 localization=0.2668 type=0.6531 minimal=0.01469 physics=0.07946 total=0.09797
[TRAIN train_climax_no_moisture_constraint_s42] [TRAIN] stage=pretrain epoch=1/1 batch=2150/3000 step=2150 repair=0.005581 localization=0.3703 type=1.409 minimal=0.01752 physics=0.665 total=0.217
[TRAIN train_climax_no_moisture_constraint_s42] [TRAIN] stage=pretrain epoch=1/1 batch=2160/3000 step=2160 repair=0.005596 localization=0.3979 type=1.641 minimal=0.0156 physics=0.07321 total=0.276
[TRAIN train_climax_no_moisture_constraint_s42] [TRAIN] stage=pretrain epoch=1/1 batch=2170/3000 step=2170 repair=0.004291 localization=0.2965 type=0.8296 minimal=0.01678 physics=0.09506 total=0.164
[TRAIN train_climax_no_moisture_constraint_s42] [TRAIN] stage=pretrain epoch=1/1 batch=2180/3000 step=2180 repair=0.01766 localization=0.4182 type=1.312 minimal=0.01599 physics=0.1247 total=0.1971
[TRAIN train_climax_no_moisture_constraint_s42] [TRAIN] stage=pretrain epoch=1/1 batch=2190/3000 step=2190 repair=0.008279 localization=0.1745 type=1.086 minimal=0.01662 physics=0.1585 total=0.1425
[TRAIN train_climax_no_moisture_constraint_s42] [TRAIN] stage=pretrain epoch=1/1 batch=2200/3000 step=2200 repair=0.005644 localization=0.268 type=2.288 minimal=0.01958 physics=0.1059 total=0.4009
[TRAIN train_climax_no_moisture_constraint_s42] [TRAIN] stage=pretrain epoch=1/1 batch=2210/3000 step=2210 repair=0.006413 localization=0.2663 type=1.631 minimal=0.01607 physics=0.0759 total=0.2662
[TRAIN train_climax_no_moisture_constraint_s42] [TRAIN] stage=pretrain epoch=1/1 batch=2220/3000 step=2220 repair=0.00535 localization=0.3511 type=1.495 minimal=0.02061 physics=0.06972 total=0.1937
[TRAIN train_climax_no_moisture_constraint_s42] [TRAIN] stage=pretrain epoch=1/1 batch=2230/3000 step=2230 repair=0.005289 localization=0.2453 type=1.414 minimal=0.01842 physics=0.08883 total=0.2582
[TRAIN train_climax_no_moisture_constraint_s42] [TRAIN] stage=pretrain epoch=1/1 batch=2240/3000 step=2240 repair=0.00251 localization=0.1066 type=0.04466 minimal=0.02217 physics=0.3926 total=0.03938
[TRAIN train_climax_no_moisture_constraint_s42] [TRAIN] stage=pretrain epoch=1/1 batch=2250/3000 step=2250 repair=0.009339 localization=0.2578 type=0.7141 minimal=0.01448 physics=0.07467 total=0.1104
[TRAIN train_climax_no_moisture_constraint_s42] [TRAIN] stage=pretrain epoch=1/1 batch=2260/3000 step=2260 repair=0.002978 localization=0.2346 type=2.003 minimal=0.01753 physics=0.07937 total=0.3275
[TRAIN train_climax_no_moisture_constraint_s42] [TRAIN] stage=pretrain epoch=1/1 batch=2270/3000 step=2270 repair=0.0043 localization=0.2692 type=1.491 minimal=0.0173 physics=0.07965 total=0.2554
[TRAIN train_climax_no_moisture_constraint_s42] [TRAIN] stage=pretrain epoch=1/1 batch=2280/3000 step=2280 repair=0.005631 localization=0.1883 type=1.149 minimal=0.01649 physics=0.1737 total=0.2055
[TRAIN train_climax_no_moisture_constraint_s42] [TRAIN] stage=pretrain epoch=1/1 batch=2290/3000 step=2290 repair=0.02419 localization=0.3045 type=1.667 minimal=0.01717 physics=2.041 total=0.3235
[TRAIN train_climax_no_moisture_constraint_s42] [TRAIN] stage=pretrain epoch=1/1 batch=2300/3000 step=2300 repair=0.004612 localization=0.2212 type=0.601 minimal=0.02007 physics=0.3057 total=0.1377
[TRAIN train_climax_no_moisture_constraint_s42] [TRAIN] stage=pretrain epoch=1/1 batch=2310/3000 step=2310 repair=0.01352 localization=0.3957 type=1.226 minimal=0.0184 physics=0.1434 total=0.2219
[TRAIN train_climax_no_moisture_constraint_s42] [TRAIN] stage=pretrain epoch=1/1 batch=2320/3000 step=2320 repair=0.008807 localization=0.1928 type=1.246 minimal=0.01516 physics=0.1271 total=0.1592
[TRAIN train_climax_no_moisture_constraint_s42] [TRAIN] stage=pretrain epoch=1/1 batch=2330/3000 step=2330 repair=0.003468 localization=0.252 type=1.006 minimal=0.01677 physics=0.284 total=0.1436
[TRAIN train_climax_no_moisture_constraint_s42] [TRAIN] stage=pretrain epoch=1/1 batch=2340/3000 step=2340 repair=0.003374 localization=0.1056 type=0.09231 minimal=0.01956 physics=0.2525 total=0.04001
[TRAIN train_climax_no_moisture_constraint_s42] [TRAIN] stage=pretrain epoch=1/1 batch=2350/3000 step=2350 repair=0.006366 localization=0.2229 type=1.591 minimal=0.01971 physics=0.1049 total=0.1932
[TRAIN train_climax_no_moisture_constraint_s42] [TRAIN] stage=pretrain epoch=1/1 batch=2360/3000 step=2360 repair=0.004169 localization=0.4464 type=2.153 minimal=0.01814 physics=0.108 total=0.3974
[TRAIN train_climax_no_moisture_constraint_s42] [TRAIN] stage=pretrain epoch=1/1 batch=2370/3000 step=2370 repair=0.00336 localization=0.3306 type=1.307 minimal=0.01808 physics=0.1307 total=0.1738
[TRAIN train_climax_no_moisture_constraint_s42] [TRAIN] stage=pretrain epoch=1/1 batch=2380/3000 step=2380 repair=0.003889 localization=0.2533 type=2.305 minimal=0.01755 physics=0.08371 total=0.4138
[TRAIN train_climax_no_moisture_constraint_s42] [TRAIN] stage=pretrain epoch=1/1 batch=2390/3000 step=2390 repair=0.005526 localization=0.04332 type=0.005003 minimal=0.03113 physics=0.5186 total=0.03692
[TRAIN train_climax_no_moisture_constraint_s42] [TRAIN] stage=pretrain epoch=1/1 batch=2400/3000 step=2400 repair=0.004941 localization=0.2839 type=1.443 minimal=0.01723 physics=0.1134 total=0.1835
[TRAIN train_climax_no_moisture_constraint_s42] [TRAIN] stage=pretrain epoch=1/1 batch=2410/3000 step=2410 repair=0.003022 localization=0.1504 type=0.1585 minimal=0.01935 physics=0.2193 total=0.05299
[TRAIN train_climax_no_moisture_constraint_s42] [TRAIN] stage=pretrain epoch=1/1 batch=2420/3000 step=2420 repair=0.02374 localization=0.2431 type=1.431 minimal=0.01537 physics=1.324 total=0.2575
[TRAIN train_climax_no_moisture_constraint_s42] [TRAIN] stage=pretrain epoch=1/1 batch=2430/3000 step=2430 repair=0.002047 localization=0.3669 type=1.968 minimal=0.01604 physics=0.07662 total=0.3317
[TRAIN train_climax_no_moisture_constraint_s42] [TRAIN] stage=pretrain epoch=1/1 batch=2440/3000 step=2440 repair=0.005279 localization=0.1954 type=1.684 minimal=0.01498 physics=0.07769 total=0.2512
[TRAIN train_climax_no_moisture_constraint_s42] [TRAIN] stage=pretrain epoch=1/1 batch=2450/3000 step=2450 repair=0.0038 localization=0.3062 type=1.266 minimal=0.01781 physics=0.1382 total=0.1681
[TRAIN train_climax_no_moisture_constraint_s42] [TRAIN] stage=pretrain epoch=1/1 batch=2460/3000 step=2460 repair=0.003659 localization=0.34 type=1.845 minimal=0.01704 physics=0.1088 total=0.322
[TRAIN train_climax_no_moisture_constraint_s42] [TRAIN] stage=pretrain epoch=1/1 batch=2470/3000 step=2470 repair=0.002205 localization=0.2494 type=1.264 minimal=0.0127 physics=0.0713 total=0.1573
[TRAIN train_climax_no_moisture_constraint_s42] [TRAIN] stage=pretrain epoch=1/1 batch=2480/3000 step=2480 repair=0.005145 localization=0.1948 type=5.742 minimal=0.01907 physics=0.1812 total=1.089
[TRAIN train_climax_no_moisture_constraint_s42] [TRAIN] stage=pretrain epoch=1/1 batch=2490/3000 step=2490 repair=0.006497 localization=0.2366 type=1.161 minimal=0.01596 physics=0.1662 total=0.1987
[TRAIN train_climax_no_moisture_constraint_s42] [TRAIN] stage=pretrain epoch=1/1 batch=2500/3000 step=2500 repair=0.01407 localization=0.3493 type=1.114 minimal=0.01718 physics=0.1734 total=0.2102
[TRAIN train_climax_no_moisture_constraint_s42] [TRAIN] stage=pretrain epoch=1/1 batch=2510/3000 step=2510 repair=0.00355 localization=0.1215 type=1.306 minimal=0.01868 physics=0.1974 total=0.2291
[TRAIN train_climax_no_moisture_constraint_s42] [TRAIN] stage=pretrain epoch=1/1 batch=2520/3000 step=2520 repair=0.004308 localization=0.2776 type=3.406 minimal=0.01964 physics=0.2149 total=0.6291
[TRAIN train_climax_no_moisture_constraint_s42] [TRAIN] stage=pretrain epoch=1/1 batch=2530/3000 step=2530 repair=0.004311 localization=0.3218 type=2.096 minimal=0.01712 physics=0.1198 total=0.3962
[TRAIN train_climax_no_moisture_constraint_s42] [TRAIN] stage=pretrain epoch=1/1 batch=2540/3000 step=2540 repair=0.006438 localization=0.3252 type=1.393 minimal=0.01765 physics=0.07859 total=0.1823
[TRAIN train_climax_no_moisture_constraint_s42] [TRAIN] stage=pretrain epoch=1/1 batch=2550/3000 step=2550 repair=0.004537 localization=0.211 type=0.8711 minimal=0.01559 physics=0.07702 total=0.1607
[TRAIN train_climax_no_moisture_constraint_s42] [TRAIN] stage=pretrain epoch=1/1 batch=2560/3000 step=2560 repair=0.002899 localization=0.1974 type=1.453 minimal=0.01543 physics=0.2364 total=0.1799
[TRAIN train_climax_no_moisture_constraint_s42] [TRAIN] stage=pretrain epoch=1/1 batch=2570/3000 step=2570 repair=0.007762 localization=0.2553 type=1.401 minimal=0.0164 physics=0.1351 total=0.1803
[TRAIN train_climax_no_moisture_constraint_s42] [TRAIN] stage=pretrain epoch=1/1 batch=2580/3000 step=2580 repair=0.004021 localization=0.2679 type=1.917 minimal=0.01543 physics=0.1691 total=0.3569
[TRAIN train_climax_no_moisture_constraint_s42] [TRAIN] stage=pretrain epoch=1/1 batch=2590/3000 step=2590 repair=0.01693 localization=0.2146 type=0.8879 minimal=0.01573 physics=1.265 total=0.1906
[TRAIN train_climax_no_moisture_constraint_s42] [TRAIN] stage=pretrain epoch=1/1 batch=2600/3000 step=2600 repair=0.007436 localization=0.2253 type=1.572 minimal=0.01686 physics=0.09692 total=0.2579
[TRAIN train_climax_no_moisture_constraint_s42] [TRAIN] stage=pretrain epoch=1/1 batch=2610/3000 step=2610 repair=0.002961 localization=0.2156 type=1.926 minimal=0.01569 physics=0.1183 total=0.3161
[TRAIN train_climax_no_moisture_constraint_s42] [TRAIN] stage=pretrain epoch=1/1 batch=2620/3000 step=2620 repair=0.00482 localization=0.2456 type=1.091 minimal=0.01692 physics=0.547 total=0.166
[TRAIN train_climax_no_moisture_constraint_s42] [TRAIN] stage=pretrain epoch=1/1 batch=2630/3000 step=2630 repair=0.0008829 localization=0.2824 type=1.928 minimal=0.0129 physics=0.0807 total=0.3174
[TRAIN train_climax_no_moisture_constraint_s42] [TRAIN] stage=pretrain epoch=1/1 batch=2640/3000 step=2640 repair=0.005103 localization=0.3134 type=1.876 minimal=0.01289 physics=0.05709 total=0.3023
[TRAIN train_climax_no_moisture_constraint_s42] [TRAIN] stage=pretrain epoch=1/1 batch=2650/3000 step=2650 repair=0.01694 localization=0.2087 type=0.6978 minimal=0.01485 physics=1.641 total=0.1898
[TRAIN train_climax_no_moisture_constraint_s42] [TRAIN] stage=pretrain epoch=1/1 batch=2660/3000 step=2660 repair=0.01019 localization=0.3916 type=2.861 minimal=0.01366 physics=0.08633 total=0.4552
[TRAIN train_climax_no_moisture_constraint_s42] [TRAIN] stage=pretrain epoch=1/1 batch=2670/3000 step=2670 repair=0.007447 localization=0.2374 type=0.6604 minimal=0.017 physics=1.118 total=0.1533
[TRAIN train_climax_no_moisture_constraint_s42] [TRAIN] stage=pretrain epoch=1/1 batch=2680/3000 step=2680 repair=0.009253 localization=0.2656 type=1.736 minimal=0.01746 physics=0.1094 total=0.3001
[TRAIN train_climax_no_moisture_constraint_s42] [TRAIN] stage=pretrain epoch=1/1 batch=2690/3000 step=2690 repair=0.008668 localization=0.2577 type=1.312 minimal=0.01254 physics=0.1311 total=0.2409
[TRAIN train_climax_no_moisture_constraint_s42] [TRAIN] stage=pretrain epoch=1/1 batch=2700/3000 step=2700 repair=0.003883 localization=0.2978 type=1.318 minimal=0.01723 physics=0.09784 total=0.2559
[TRAIN train_climax_no_moisture_constraint_s42] [TRAIN] stage=pretrain epoch=1/1 batch=2710/3000 step=2710 repair=0.003233 localization=0.2531 type=1.555 minimal=0.01542 physics=0.09704 total=0.189
[TRAIN train_climax_no_moisture_constraint_s42] [TRAIN] stage=pretrain epoch=1/1 batch=2720/3000 step=2720 repair=0.003409 localization=0.09018 type=0.0703 minimal=0.02274 physics=0.8643 total=0.06545
[TRAIN train_climax_no_moisture_constraint_s42] [TRAIN] stage=pretrain epoch=1/1 batch=2730/3000 step=2730 repair=0.004711 localization=0.2521 type=0.8435 minimal=0.01671 physics=0.6886 total=0.1489
[TRAIN train_climax_no_moisture_constraint_s42] [TRAIN] stage=pretrain epoch=1/1 batch=2740/3000 step=2740 repair=0.00479 localization=0.2332 type=2.214 minimal=0.02292 physics=0.1211 total=0.3152
[TRAIN train_climax_no_moisture_constraint_s42] [TRAIN] stage=pretrain epoch=1/1 batch=2750/3000 step=2750 repair=0.005136 localization=0.2174 type=1.058 minimal=0.01524 physics=0.05655 total=0.1356
[TRAIN train_climax_no_moisture_constraint_s42] [TRAIN] stage=pretrain epoch=1/1 batch=2760/3000 step=2760 repair=0.00291 localization=0.3715 type=1.354 minimal=0.0145 physics=0.08159 total=0.1797
[TRAIN train_climax_no_moisture_constraint_s42] [TRAIN] stage=pretrain epoch=1/1 batch=2770/3000 step=2770 repair=0.006613 localization=0.2943 type=2.139 minimal=0.01561 physics=0.06245 total=0.3684
[TRAIN train_climax_no_moisture_constraint_s42] [TRAIN] stage=pretrain epoch=1/1 batch=2780/3000 step=2780 repair=0.003263 localization=0.12 type=0.02435 minimal=0.02103 physics=0.6994 total=0.0537
[TRAIN train_climax_no_moisture_constraint_s42] [TRAIN] stage=pretrain epoch=1/1 batch=2790/3000 step=2790 repair=0.001173 localization=0.398 type=1.278 minimal=0.01424 physics=0.2241 total=0.2953
[TRAIN train_climax_no_moisture_constraint_s42] [TRAIN] stage=pretrain epoch=1/1 batch=2800/3000 step=2800 repair=0.004939 localization=0.3349 type=1.35 minimal=0.01736 physics=1.064 total=0.2268
[TRAIN train_climax_no_moisture_constraint_s42] [TRAIN] stage=pretrain epoch=1/1 batch=2810/3000 step=2810 repair=0.00203 localization=0.06817 type=0.00881 minimal=0.01572 physics=0.2833 total=0.02439
[TRAIN train_climax_no_moisture_constraint_s42] [TRAIN] stage=pretrain epoch=1/1 batch=2820/3000 step=2820 repair=0.005588 localization=0.2211 type=1.906 minimal=0.01572 physics=0.1226 total=0.3356
[TRAIN train_climax_no_moisture_constraint_s42] [TRAIN] stage=pretrain epoch=1/1 batch=2830/3000 step=2830 repair=0.002575 localization=0.1745 type=2.98 minimal=0.0145 physics=0.1037 total=0.5475
[TRAIN train_climax_no_moisture_constraint_s42] [TRAIN] stage=pretrain epoch=1/1 batch=2840/3000 step=2840 repair=0.003015 localization=0.02344 type=0.003771 minimal=0.019 physics=0.4348 total=0.02778
[TRAIN train_climax_no_moisture_constraint_s42] [TRAIN] stage=pretrain epoch=1/1 batch=2850/3000 step=2850 repair=0.004348 localization=0.2723 type=1.103 minimal=0.01674 physics=0.09268 total=0.1466
[TRAIN train_climax_no_moisture_constraint_s42] [TRAIN] stage=pretrain epoch=1/1 batch=2860/3000 step=2860 repair=0.01105 localization=0.2995 type=0.8469 minimal=0.01345 physics=0.05822 total=0.1287
[TRAIN train_climax_no_moisture_constraint_s42] [TRAIN] stage=pretrain epoch=1/1 batch=2870/3000 step=2870 repair=0.02814 localization=0.2952 type=1.437 minimal=0.0182 physics=1.669 total=0.2849
[TRAIN train_climax_no_moisture_constraint_s42] [TRAIN] stage=pretrain epoch=1/1 batch=2880/3000 step=2880 repair=0.004831 localization=0.2176 type=1.613 minimal=0.01642 physics=0.07441 total=0.255
[TRAIN train_climax_no_moisture_constraint_s42] [TRAIN] stage=pretrain epoch=1/1 batch=2890/3000 step=2890 repair=0.002561 localization=0.2415 type=1.303 minimal=0.01435 physics=0.3848 total=0.1764
[TRAIN train_climax_no_moisture_constraint_s42] [TRAIN] stage=pretrain epoch=1/1 batch=2900/3000 step=2900 repair=0.00278 localization=0.332 type=1.074 minimal=0.01472 physics=0.4797 total=0.1675
[TRAIN train_climax_no_moisture_constraint_s42] [TRAIN] stage=pretrain epoch=1/1 batch=2910/3000 step=2910 repair=0.006596 localization=0.1949 type=1.998 minimal=0.01192 physics=0.05414 total=0.345
[TRAIN train_climax_no_moisture_constraint_s42] [TRAIN] stage=pretrain epoch=1/1 batch=2920/3000 step=2920 repair=0.001758 localization=0.3548 type=1.007 minimal=0.01385 physics=0.04196 total=0.1733
[TRAIN train_climax_no_moisture_constraint_s42] [TRAIN] stage=pretrain epoch=1/1 batch=2930/3000 step=2930 repair=0.01694 localization=0.251 type=1.718 minimal=0.01173 physics=2.12 total=0.3199
[TRAIN train_climax_no_moisture_constraint_s42] [TRAIN] stage=pretrain epoch=1/1 batch=2940/3000 step=2940 repair=0.005846 localization=0.0147 type=0.0005746 minimal=0.0235 physics=0.3475 total=0.025
[TRAIN train_climax_no_moisture_constraint_s42] [TRAIN] stage=pretrain epoch=1/1 batch=2950/3000 step=2950 repair=0.002215 localization=0.01535 type=0.004866 minimal=0.02197 physics=0.4726 total=0.02822
[TRAIN train_climax_no_moisture_constraint_s42] [TRAIN] stage=pretrain epoch=1/1 batch=2960/3000 step=2960 repair=0.007721 localization=0.3699 type=2.42 minimal=0.01449 physics=0.06531 total=0.4625
[TRAIN train_climax_no_moisture_constraint_s42] [TRAIN] stage=pretrain epoch=1/1 batch=2970/3000 step=2970 repair=0.009392 localization=0.3395 type=1.48 minimal=0.01163 physics=1.592 total=0.2711
[TRAIN train_climax_no_moisture_constraint_s42] [TRAIN] stage=pretrain epoch=1/1 batch=2980/3000 step=2980 repair=0.002865 localization=0.2723 type=1.289 minimal=0.01299 physics=0.8513 total=0.2017
[TRAIN train_climax_no_moisture_constraint_s42] [TRAIN] stage=pretrain epoch=1/1 batch=2990/3000 step=2990 repair=0.002379 localization=0.295 type=1.156 minimal=0.01398 physics=0.07137 total=0.1512
[TRAIN train_climax_no_moisture_constraint_s42] [TRAIN] stage=pretrain epoch=1/1 batch=3000/3000 step=3000 repair=0.002632 localization=0.2452 type=1.082 minimal=0.01263 physics=0.8255 total=0.1767
[TRAIN train_climax_no_moisture_constraint_s42] [EPOCH] {'stage': 'pretrain', 'epoch': 0, 'global_step': 3000, 'train_total': 0.2632603848244374, 'val_repair_mse': 0.12984675774350762, 'elapsed_seconds': 1772.11}
[TRAIN train_climax_no_moisture_constraint_s42] [BEST] val_repair_mse=0.129847
[TRAIN train_climax_no_moisture_constraint_s42] [STAGE] finetune epochs=1 start_epoch=0
[TRAIN train_climax_no_moisture_constraint_s42] [TRAIN] stage=finetune epoch=1/1 batch=10/3000 step=3010 repair=0.124 localization=0 type=0 minimal=0.02342 physics=0.6692 total=0.1577
[TRAIN train_climax_no_moisture_constraint_s42] [TRAIN] stage=finetune epoch=1/1 batch=20/3000 step=3020 repair=0.0842 localization=0 type=0 minimal=0.02924 physics=0.6069 total=0.1148
[TRAIN train_climax_no_moisture_constraint_s42] [TRAIN] stage=finetune epoch=1/1 batch=30/3000 step=3030 repair=0.09458 localization=0 type=0 minimal=0.03601 physics=0.5258 total=0.1212
[TRAIN train_climax_no_moisture_constraint_s42] [TRAIN] stage=finetune epoch=1/1 batch=40/3000 step=3040 repair=0.09866 localization=0 type=0 minimal=0.03186 physics=0.6108 total=0.1295
[TRAIN train_climax_no_moisture_constraint_s42] [TRAIN] stage=finetune epoch=1/1 batch=50/3000 step=3050 repair=0.09019 localization=0 type=0 minimal=0.03375 physics=0.6748 total=0.1243
[TRAIN train_climax_no_moisture_constraint_s42] [TRAIN] stage=finetune epoch=1/1 batch=60/3000 step=3060 repair=0.08541 localization=0 type=0 minimal=0.03421 physics=0.6052 total=0.116
[TRAIN train_climax_no_moisture_constraint_s42] [TRAIN] stage=finetune epoch=1/1 batch=70/3000 step=3070 repair=0.1813 localization=0 type=0 minimal=0.04037 physics=0.7116 total=0.2173
[TRAIN train_climax_no_moisture_constraint_s42] [TRAIN] stage=finetune epoch=1/1 batch=80/3000 step=3080 repair=0.09729 localization=0 type=0 minimal=0.03946 physics=0.6461 total=0.13
[TRAIN train_climax_no_moisture_constraint_s42] [TRAIN] stage=finetune epoch=1/1 batch=90/3000 step=3090 repair=0.1163 localization=0 type=0 minimal=0.03543 physics=0.6566 total=0.1495
[TRAIN train_climax_no_moisture_constraint_s42] [TRAIN] stage=finetune epoch=1/1 batch=100/3000 step=3100 repair=0.08116 localization=0 type=0 minimal=0.03424 physics=0.5884 total=0.1109
[TRAIN train_climax_no_moisture_constraint_s42] [TRAIN] stage=finetune epoch=1/1 batch=110/3000 step=3110 repair=0.1244 localization=0 type=0 minimal=0.03555 physics=0.6157 total=0.1556
[TRAIN train_climax_no_moisture_constraint_s42] [TRAIN] stage=finetune epoch=1/1 batch=120/3000 step=3120 repair=0.1299 localization=0 type=0 minimal=0.03299 physics=0.6901 total=0.1647
[TRAIN train_climax_no_moisture_constraint_s42] [TRAIN] stage=finetune epoch=1/1 batch=130/3000 step=3130 repair=0.1235 localization=0 type=0 minimal=0.04175 physics=0.6018 total=0.154
[TRAIN train_climax_no_moisture_constraint_s42] [TRAIN] stage=finetune epoch=1/1 batch=140/3000 step=3140 repair=0.0905 localization=0 type=0 minimal=0.03842 physics=0.6043 total=0.1211
[TRAIN train_climax_no_moisture_constraint_s42] [TRAIN] stage=finetune epoch=1/1 batch=150/3000 step=3150 repair=0.1684 localization=0 type=0 minimal=0.03693 physics=0.6154 total=0.1996
[TRAIN train_climax_no_moisture_constraint_s42] [TRAIN] stage=finetune epoch=1/1 batch=160/3000 step=3160 repair=0.1152 localization=0 type=0 minimal=0.03818 physics=0.5459 total=0.1429
[TRAIN train_climax_no_moisture_constraint_s42] [TRAIN] stage=finetune epoch=1/1 batch=170/3000 step=3170 repair=0.1263 localization=0 type=0 minimal=0.04248 physics=0.5943 total=0.1564
[TRAIN train_climax_no_moisture_constraint_s42] [TRAIN] stage=finetune epoch=1/1 batch=180/3000 step=3180 repair=0.1686 localization=0 type=0 minimal=0.04059 physics=0.6585 total=0.202
[TRAIN train_climax_no_moisture_constraint_s42] [TRAIN] stage=finetune epoch=1/1 batch=190/3000 step=3190 repair=0.1105 localization=0 type=0 minimal=0.03961 physics=0.6573 total=0.1438
[TRAIN train_climax_no_moisture_constraint_s42] [TRAIN] stage=finetune epoch=1/1 batch=200/3000 step=3200 repair=0.1292 localization=0 type=0 minimal=0.04208 physics=0.627 total=0.161
[TRAIN train_climax_no_moisture_constraint_s42] [TRAIN] stage=finetune epoch=1/1 batch=210/3000 step=3210 repair=0.1257 localization=0 type=0 minimal=0.04276 physics=0.6109 total=0.1567
[TRAIN train_climax_no_moisture_constraint_s42] [TRAIN] stage=finetune epoch=1/1 batch=220/3000 step=3220 repair=0.1189 localization=0 type=0 minimal=0.0397 physics=0.5987 total=0.1492
[TRAIN train_climax_no_moisture_constraint_s42] [TRAIN] stage=finetune epoch=1/1 batch=230/3000 step=3230 repair=0.129 localization=0 type=0 minimal=0.043 physics=0.5927 total=0.1591
[TRAIN train_climax_no_moisture_constraint_s42] [TRAIN] stage=finetune epoch=1/1 batch=240/3000 step=3240 repair=0.1611 localization=0 type=0 minimal=0.04178 physics=0.6002 total=0.1915
[TRAIN train_climax_no_moisture_constraint_s42] [TRAIN] stage=finetune epoch=1/1 batch=250/3000 step=3250 repair=0.08756 localization=0 type=0 minimal=0.04102 physics=0.5856 total=0.1172
[TRAIN train_climax_no_moisture_constraint_s42] [TRAIN] stage=finetune epoch=1/1 batch=260/3000 step=3260 repair=0.1231 localization=0 type=0 minimal=0.04095 physics=0.5778 total=0.1524
[TRAIN train_climax_no_moisture_constraint_s42] [TRAIN] stage=finetune epoch=1/1 batch=270/3000 step=3270 repair=0.1235 localization=0 type=0 minimal=0.04288 physics=0.5447 total=0.1512
[TRAIN train_climax_no_moisture_constraint_s42] [TRAIN] stage=finetune epoch=1/1 batch=280/3000 step=3280 repair=0.15 localization=0 type=0 minimal=0.0434 physics=0.5733 total=0.1791
[TRAIN train_climax_no_moisture_constraint_s42] [TRAIN] stage=finetune epoch=1/1 batch=290/3000 step=3290 repair=0.1163 localization=0 type=0 minimal=0.04684 physics=0.5572 total=0.1446
[TRAIN train_climax_no_moisture_constraint_s42] [TRAIN] stage=finetune epoch=1/1 batch=300/3000 step=3300 repair=0.1288 localization=0 type=0 minimal=0.04318 physics=0.6016 total=0.1594
[TRAIN train_climax_no_moisture_constraint_s42] [TRAIN] stage=finetune epoch=1/1 batch=310/3000 step=3310 repair=0.1682 localization=0 type=0 minimal=0.04892 physics=0.5318 total=0.1953
[TRAIN train_climax_no_moisture_constraint_s42] [TRAIN] stage=finetune epoch=1/1 batch=320/3000 step=3320 repair=0.1196 localization=0 type=0 minimal=0.04443 physics=0.5511 total=0.1476
[TRAIN train_climax_no_moisture_constraint_s42] [TRAIN] stage=finetune epoch=1/1 batch=330/3000 step=3330 repair=0.1797 localization=0 type=0 minimal=0.04822 physics=0.5444 total=0.2074
[TRAIN train_climax_no_moisture_constraint_s42] [TRAIN] stage=finetune epoch=1/1 batch=340/3000 step=3340 repair=0.07746 localization=0 type=0 minimal=0.03949 physics=0.5132 total=0.1035
[TRAIN train_climax_no_moisture_constraint_s42] [TRAIN] stage=finetune epoch=1/1 batch=350/3000 step=3350 repair=0.07661 localization=0 type=0 minimal=0.04074 physics=0.5367 total=0.1038
[TRAIN train_climax_no_moisture_constraint_s42] [TRAIN] stage=finetune epoch=1/1 batch=360/3000 step=3360 repair=0.1219 localization=0 type=0 minimal=0.04752 physics=0.5668 total=0.1508
[TRAIN train_climax_no_moisture_constraint_s42] [TRAIN] stage=finetune epoch=1/1 batch=370/3000 step=3370 repair=0.07269 localization=0 type=0 minimal=0.04572 physics=0.5425 total=0.1003
[TRAIN train_climax_no_moisture_constraint_s42] [TRAIN] stage=finetune epoch=1/1 batch=380/3000 step=3380 repair=0.1276 localization=0 type=0 minimal=0.04602 physics=0.5931 total=0.1578
[TRAIN train_climax_no_moisture_constraint_s42] [TRAIN] stage=finetune epoch=1/1 batch=390/3000 step=3390 repair=0.1248 localization=0 type=0 minimal=0.04688 physics=0.5562 total=0.1531
[TRAIN train_climax_no_moisture_constraint_s42] [TRAIN] stage=finetune epoch=1/1 batch=400/3000 step=3400 repair=0.135 localization=0 type=0 minimal=0.05106 physics=0.5672 total=0.1639
[TRAIN train_climax_no_moisture_constraint_s42] [TRAIN] stage=finetune epoch=1/1 batch=410/3000 step=3410 repair=0.1737 localization=0 type=0 minimal=0.05148 physics=0.5657 total=0.2025
[TRAIN train_climax_no_moisture_constraint_s42] [TRAIN] stage=finetune epoch=1/1 batch=420/3000 step=3420 repair=0.08918 localization=0 type=0 minimal=0.04895 physics=0.5133 total=0.1153
[TRAIN train_climax_no_moisture_constraint_s42] [TRAIN] stage=finetune epoch=1/1 batch=430/3000 step=3430 repair=0.1267 localization=0 type=0 minimal=0.04758 physics=0.5281 total=0.1536
[TRAIN train_climax_no_moisture_constraint_s42] [TRAIN] stage=finetune epoch=1/1 batch=440/3000 step=3440 repair=0.08906 localization=0 type=0 minimal=0.04559 physics=0.5295 total=0.116
[TRAIN train_climax_no_moisture_constraint_s42] [TRAIN] stage=finetune epoch=1/1 batch=450/3000 step=3450 repair=0.1326 localization=0 type=0 minimal=0.04782 physics=0.5659 total=0.1613
[TRAIN train_climax_no_moisture_constraint_s42] [TRAIN] stage=finetune epoch=1/1 batch=460/3000 step=3460 repair=0.09292 localization=0 type=0 minimal=0.04675 physics=0.5655 total=0.1217
[TRAIN train_climax_no_moisture_constraint_s42] [TRAIN] stage=finetune epoch=1/1 batch=470/3000 step=3470 repair=0.1635 localization=0 type=0 minimal=0.04776 physics=0.5766 total=0.1928
[TRAIN train_climax_no_moisture_constraint_s42] [TRAIN] stage=finetune epoch=1/1 batch=480/3000 step=3480 repair=0.0806 localization=0 type=0 minimal=0.04938 physics=0.5509 total=0.1086
[TRAIN train_climax_no_moisture_constraint_s42] [TRAIN] stage=finetune epoch=1/1 batch=490/3000 step=3490 repair=0.1244 localization=0 type=0 minimal=0.05383 physics=0.5714 total=0.1535
[TRAIN train_climax_no_moisture_constraint_s42] [TRAIN] stage=finetune epoch=1/1 batch=500/3000 step=3500 repair=0.1155 localization=0 type=0 minimal=0.05255 physics=0.5819 total=0.1451
[TRAIN train_climax_no_moisture_constraint_s42] [TRAIN] stage=finetune epoch=1/1 batch=510/3000 step=3510 repair=0.08202 localization=0 type=0 minimal=0.04877 physics=0.5599 total=0.1105
[TRAIN train_climax_no_moisture_constraint_s42] [TRAIN] stage=finetune epoch=1/1 batch=520/3000 step=3520 repair=0.1229 localization=0 type=0 minimal=0.05051 physics=0.5858 total=0.1527
[TRAIN train_climax_no_moisture_constraint_s42] [TRAIN] stage=finetune epoch=1/1 batch=530/3000 step=3530 repair=0.1131 localization=0 type=0 minimal=0.04459 physics=0.5574 total=0.1415
[TRAIN train_climax_no_moisture_constraint_s42] [TRAIN] stage=finetune epoch=1/1 batch=540/3000 step=3540 repair=0.1295 localization=0 type=0 minimal=0.05121 physics=0.5592 total=0.158
[TRAIN train_climax_no_moisture_constraint_s42] [TRAIN] stage=finetune epoch=1/1 batch=550/3000 step=3550 repair=0.1149 localization=0 type=0 minimal=0.05145 physics=0.5441 total=0.1426
[TRAIN train_climax_no_moisture_constraint_s42] [TRAIN] stage=finetune epoch=1/1 batch=560/3000 step=3560 repair=0.1245 localization=0 type=0 minimal=0.05396 physics=0.5069 total=0.1504
[TRAIN train_climax_no_moisture_constraint_s42] [TRAIN] stage=finetune epoch=1/1 batch=570/3000 step=3570 repair=0.08783 localization=0 type=0 minimal=0.05197 physics=0.5187 total=0.1143
[TRAIN train_climax_no_moisture_constraint_s42] [TRAIN] stage=finetune epoch=1/1 batch=580/3000 step=3580 repair=0.1224 localization=0 type=0 minimal=0.0517 physics=0.486 total=0.1472
[TRAIN train_climax_no_moisture_constraint_s42] [TRAIN] stage=finetune epoch=1/1 batch=590/3000 step=3590 repair=0.08135 localization=0 type=0 minimal=0.05173 physics=0.4356 total=0.1037
[TRAIN train_climax_no_moisture_constraint_s42] [TRAIN] stage=finetune epoch=1/1 batch=600/3000 step=3600 repair=0.08744 localization=0 type=0 minimal=0.05246 physics=0.4377 total=0.1098
[TRAIN train_climax_no_moisture_constraint_s42] [TRAIN] stage=finetune epoch=1/1 batch=610/3000 step=3610 repair=0.1167 localization=0 type=0 minimal=0.05402 physics=0.4423 total=0.1394
[TRAIN train_climax_no_moisture_constraint_s42] [TRAIN] stage=finetune epoch=1/1 batch=620/3000 step=3620 repair=0.09451 localization=0 type=0 minimal=0.05478 physics=0.3968 total=0.1149
[TRAIN train_climax_no_moisture_constraint_s42] [TRAIN] stage=finetune epoch=1/1 batch=630/3000 step=3630 repair=0.08325 localization=0 type=0 minimal=0.05273 physics=0.4239 total=0.105
[TRAIN train_climax_no_moisture_constraint_s42] [TRAIN] stage=finetune epoch=1/1 batch=640/3000 step=3640 repair=0.07785 localization=0 type=0 minimal=0.05701 physics=0.3691 total=0.09688
[TRAIN train_climax_no_moisture_constraint_s42] [TRAIN] stage=finetune epoch=1/1 batch=650/3000 step=3650 repair=0.1618 localization=0 type=0 minimal=0.05197 physics=0.4383 total=0.1842
[TRAIN train_climax_no_moisture_constraint_s42] [TRAIN] stage=finetune epoch=1/1 batch=660/3000 step=3660 repair=0.1109 localization=0 type=0 minimal=0.05234 physics=0.3742 total=0.1302
[TRAIN train_climax_no_moisture_constraint_s42] [TRAIN] stage=finetune epoch=1/1 batch=670/3000 step=3670 repair=0.08211 localization=0 type=0 minimal=0.0556 physics=0.3487 total=0.1001
[TRAIN train_climax_no_moisture_constraint_s42] [TRAIN] stage=finetune epoch=1/1 batch=680/3000 step=3680 repair=0.1196 localization=0 type=0 minimal=0.05576 physics=0.3642 total=0.1383
[TRAIN train_climax_no_moisture_constraint_s42] [TRAIN] stage=finetune epoch=1/1 batch=690/3000 step=3690 repair=0.1332 localization=0 type=0 minimal=0.05469 physics=0.3518 total=0.1513
[TRAIN train_climax_no_moisture_constraint_s42] [TRAIN] stage=finetune epoch=1/1 batch=700/3000 step=3700 repair=0.1663 localization=0 type=0 minimal=0.0538 physics=0.4004 total=0.1868
[TRAIN train_climax_no_moisture_constraint_s42] [TRAIN] stage=finetune epoch=1/1 batch=710/3000 step=3710 repair=0.0883 localization=0 type=0 minimal=0.05899 physics=0.3898 total=0.1084
[TRAIN train_climax_no_moisture_constraint_s42] [TRAIN] stage=finetune epoch=1/1 batch=720/3000 step=3720 repair=0.1573 localization=0 type=0 minimal=0.05399 physics=0.4157 total=0.1787
[TRAIN train_climax_no_moisture_constraint_s42] [TRAIN] stage=finetune epoch=1/1 batch=730/3000 step=3730 repair=0.08681 localization=0 type=0 minimal=0.05566 physics=0.3399 total=0.1044
[TRAIN train_climax_no_moisture_constraint_s42] [TRAIN] stage=finetune epoch=1/1 batch=740/3000 step=3740 repair=0.1602 localization=0 type=0 minimal=0.05386 physics=0.3241 total=0.1769
[TRAIN train_climax_no_moisture_constraint_s42] [TRAIN] stage=finetune epoch=1/1 batch=750/3000 step=3750 repair=0.07574 localization=0 type=0 minimal=0.05484 physics=0.3601 total=0.0943
[TRAIN train_climax_no_moisture_constraint_s42] [TRAIN] stage=finetune epoch=1/1 batch=760/3000 step=3760 repair=0.07915 localization=0 type=0 minimal=0.05832 physics=0.3908 total=0.09928
[TRAIN train_climax_no_moisture_constraint_s42] [TRAIN] stage=finetune epoch=1/1 batch=770/3000 step=3770 repair=0.1175 localization=0 type=0 minimal=0.05734 physics=0.438 total=0.14
[TRAIN train_climax_no_moisture_constraint_s42] [TRAIN] stage=finetune epoch=1/1 batch=780/3000 step=3780 repair=0.1175 localization=0 type=0 minimal=0.05673 physics=0.4792 total=0.142
[TRAIN train_climax_no_moisture_constraint_s42] [TRAIN] stage=finetune epoch=1/1 batch=790/3000 step=3790 repair=0.08169 localization=0 type=0 minimal=0.05878 physics=0.44 total=0.1043
[TRAIN train_climax_no_moisture_constraint_s42] [TRAIN] stage=finetune epoch=1/1 batch=800/3000 step=3800 repair=0.1165 localization=0 type=0 minimal=0.06104 physics=0.4683 total=0.1405
[TRAIN train_climax_no_moisture_constraint_s42] [TRAIN] stage=finetune epoch=1/1 batch=810/3000 step=3810 repair=0.06926 localization=0 type=0 minimal=0.05933 physics=0.426 total=0.09116
[TRAIN train_climax_no_moisture_constraint_s42] [TRAIN] stage=finetune epoch=1/1 batch=820/3000 step=3820 repair=0.117 localization=0 type=0 minimal=0.0592 physics=0.441 total=0.1396
[TRAIN train_climax_no_moisture_constraint_s42] [TRAIN] stage=finetune epoch=1/1 batch=830/3000 step=3830 repair=0.1074 localization=0 type=0 minimal=0.05777 physics=0.4395 total=0.13
[TRAIN train_climax_no_moisture_constraint_s42] [TRAIN] stage=finetune epoch=1/1 batch=840/3000 step=3840 repair=0.1406 localization=0 type=0 minimal=0.06183 physics=0.4573 total=0.1641
[TRAIN train_climax_no_moisture_constraint_s42] [TRAIN] stage=finetune epoch=1/1 batch=850/3000 step=3850 repair=0.1123 localization=0 type=0 minimal=0.06421 physics=0.4486 total=0.1354
[TRAIN train_climax_no_moisture_constraint_s42] [TRAIN] stage=finetune epoch=1/1 batch=860/3000 step=3860 repair=0.1171 localization=0 type=0 minimal=0.06189 physics=0.506 total=0.1431
[TRAIN train_climax_no_moisture_constraint_s42] [TRAIN] stage=finetune epoch=1/1 batch=870/3000 step=3870 repair=0.1175 localization=0 type=0 minimal=0.05545 physics=0.5433 total=0.1452
[TRAIN train_climax_no_moisture_constraint_s42] [TRAIN] stage=finetune epoch=1/1 batch=880/3000 step=3880 repair=0.1268 localization=0 type=0 minimal=0.05594 physics=0.5904 total=0.1569
[TRAIN train_climax_no_moisture_constraint_s42] [TRAIN] stage=finetune epoch=1/1 batch=890/3000 step=3890 repair=0.08019 localization=0 type=0 minimal=0.0661 physics=0.5785 total=0.1098
[TRAIN train_climax_no_moisture_constraint_s42] [TRAIN] stage=finetune epoch=1/1 batch=900/3000 step=3900 repair=0.07943 localization=0 type=0 minimal=0.06009 physics=0.5492 total=0.1075
[TRAIN train_climax_no_moisture_constraint_s42] [TRAIN] stage=finetune epoch=1/1 batch=910/3000 step=3910 repair=0.07116 localization=0 type=0 minimal=0.06702 physics=0.5537 total=0.09952
[TRAIN train_climax_no_moisture_constraint_s42] [TRAIN] stage=finetune epoch=1/1 batch=920/3000 step=3920 repair=0.1185 localization=0 type=0 minimal=0.06256 physics=0.5666 total=0.1475
[TRAIN train_climax_no_moisture_constraint_s42] [TRAIN] stage=finetune epoch=1/1 batch=930/3000 step=3930 repair=0.0803 localization=0 type=0 minimal=0.06323 physics=0.527 total=0.1073
[TRAIN train_climax_no_moisture_constraint_s42] [TRAIN] stage=finetune epoch=1/1 batch=940/3000 step=3940 repair=0.07589 localization=0 type=0 minimal=0.06055 physics=0.5274 total=0.1029
[TRAIN train_climax_no_moisture_constraint_s42] [TRAIN] stage=finetune epoch=1/1 batch=950/3000 step=3950 repair=0.1181 localization=0 type=0 minimal=0.06238 physics=0.5016 total=0.1438
[TRAIN train_climax_no_moisture_constraint_s42] [TRAIN] stage=finetune epoch=1/1 batch=960/3000 step=3960 repair=0.08172 localization=0 type=0 minimal=0.06137 physics=0.5152 total=0.1081
[TRAIN train_climax_no_moisture_constraint_s42] [TRAIN] stage=finetune epoch=1/1 batch=970/3000 step=3970 repair=0.1737 localization=0 type=0 minimal=0.05188 physics=0.5218 total=0.2003
[TRAIN train_climax_no_moisture_constraint_s42] [TRAIN] stage=finetune epoch=1/1 batch=980/3000 step=3980 repair=0.1288 localization=0 type=0 minimal=0.05737 physics=0.4806 total=0.1534
[TRAIN train_climax_no_moisture_constraint_s42] [TRAIN] stage=finetune epoch=1/1 batch=990/3000 step=3990 repair=0.1659 localization=0 type=0 minimal=0.05164 physics=0.5385 total=0.1933
[TRAIN train_climax_no_moisture_constraint_s42] [TRAIN] stage=finetune epoch=1/1 batch=1000/3000 step=4000 repair=0.06949 localization=0 type=0 minimal=0.06702 physics=0.4965 total=0.09499
[TRAIN train_climax_no_moisture_constraint_s42] [TRAIN] stage=finetune epoch=1/1 batch=1010/3000 step=4010 repair=0.06594 localization=0 type=0 minimal=0.0708 physics=0.4099 total=0.08714
[TRAIN train_climax_no_moisture_constraint_s42] [TRAIN] stage=finetune epoch=1/1 batch=1020/3000 step=4020 repair=0.1241 localization=0 type=0 minimal=0.05972 physics=0.4817 total=0.1488
[TRAIN train_climax_no_moisture_constraint_s42] [TRAIN] stage=finetune epoch=1/1 batch=1030/3000 step=4030 repair=0.1813 localization=0 type=0 minimal=0.05392 physics=0.5128 total=0.2074
[TRAIN train_climax_no_moisture_constraint_s42] [TRAIN] stage=finetune epoch=1/1 batch=1040/3000 step=4040 repair=0.1065 localization=0 type=0 minimal=0.06119 physics=0.4202 total=0.1281
[TRAIN train_climax_no_moisture_constraint_s42] [TRAIN] stage=finetune epoch=1/1 batch=1050/3000 step=4050 repair=0.1592 localization=0 type=0 minimal=0.05115 physics=0.4933 total=0.1844
[TRAIN train_climax_no_moisture_constraint_s42] [TRAIN] stage=finetune epoch=1/1 batch=1060/3000 step=4060 repair=0.09243 localization=0 type=0 minimal=0.05887 physics=0.4318 total=0.1146
[TRAIN train_climax_no_moisture_constraint_s42] [TRAIN] stage=finetune epoch=1/1 batch=1070/3000 step=4070 repair=0.1218 localization=0 type=0 minimal=0.05859 physics=0.4665 total=0.1457
[TRAIN train_climax_no_moisture_constraint_s42] [TRAIN] stage=finetune epoch=1/1 batch=1080/3000 step=4080 repair=0.1223 localization=0 type=0 minimal=0.05649 physics=0.4695 total=0.1464
[TRAIN train_climax_no_moisture_constraint_s42] [TRAIN] stage=finetune epoch=1/1 batch=1090/3000 step=4090 repair=0.07846 localization=0 type=0 minimal=0.0675 physics=0.4026 total=0.09927
[TRAIN train_climax_no_moisture_constraint_s42] [TRAIN] stage=finetune epoch=1/1 batch=1100/3000 step=4100 repair=0.1169 localization=0 type=0 minimal=0.06027 physics=0.4917 total=0.1421
[TRAIN train_climax_no_moisture_constraint_s42] [TRAIN] stage=finetune epoch=1/1 batch=1110/3000 step=4110 repair=0.06659 localization=0 type=0 minimal=0.07654 physics=0.4191 total=0.08831
[TRAIN train_climax_no_moisture_constraint_s42] [TRAIN] stage=finetune epoch=1/1 batch=1120/3000 step=4120 repair=0.1558 localization=0 type=0 minimal=0.05618 physics=0.4851 total=0.1807
[TRAIN train_climax_no_moisture_constraint_s42] [TRAIN] stage=finetune epoch=1/1 batch=1130/3000 step=4130 repair=0.06982 localization=0 type=0 minimal=0.07477 physics=0.4258 total=0.09186
[TRAIN train_climax_no_moisture_constraint_s42] [TRAIN] stage=finetune epoch=1/1 batch=1140/3000 step=4140 repair=0.06282 localization=0 type=0 minimal=0.07605 physics=0.4496 total=0.08606
[TRAIN train_climax_no_moisture_constraint_s42] [TRAIN] stage=finetune epoch=1/1 batch=1150/3000 step=4150 repair=0.07508 localization=0 type=0 minimal=0.073 physics=0.4891 total=0.1003
[TRAIN train_climax_no_moisture_constraint_s42] [TRAIN] stage=finetune epoch=1/1 batch=1160/3000 step=4160 repair=0.1223 localization=0 type=0 minimal=0.0546 physics=0.5026 total=0.148
[TRAIN train_climax_no_moisture_constraint_s42] [TRAIN] stage=finetune epoch=1/1 batch=1170/3000 step=4170 repair=0.08478 localization=0 type=0 minimal=0.06879 physics=0.499 total=0.1104
[TRAIN train_climax_no_moisture_constraint_s42] [TRAIN] stage=finetune epoch=1/1 batch=1180/3000 step=4180 repair=0.0836 localization=0 type=0 minimal=0.07361 physics=0.4513 total=0.1069
[TRAIN train_climax_no_moisture_constraint_s42] [TRAIN] stage=finetune epoch=1/1 batch=1190/3000 step=4190 repair=0.1149 localization=0 type=0 minimal=0.06415 physics=0.4643 total=0.1388
[TRAIN train_climax_no_moisture_constraint_s42] [TRAIN] stage=finetune epoch=1/1 batch=1200/3000 step=4200 repair=0.1533 localization=0 type=0 minimal=0.06042 physics=0.5027 total=0.179
[TRAIN train_climax_no_moisture_constraint_s42] [TRAIN] stage=finetune epoch=1/1 batch=1210/3000 step=4210 repair=0.07442 localization=0 type=0 minimal=0.07135 physics=0.5024 total=0.1003
[TRAIN train_climax_no_moisture_constraint_s42] [TRAIN] stage=finetune epoch=1/1 batch=1220/3000 step=4220 repair=0.075 localization=0 type=0 minimal=0.06708 physics=0.473 total=0.09932
[TRAIN train_climax_no_moisture_constraint_s42] [TRAIN] stage=finetune epoch=1/1 batch=1230/3000 step=4230 repair=0.1829 localization=0 type=0 minimal=0.05234 physics=0.5431 total=0.2106
[TRAIN train_climax_no_moisture_constraint_s42] [TRAIN] stage=finetune epoch=1/1 batch=1240/3000 step=4240 repair=0.0919 localization=0 type=0 minimal=0.06537 physics=0.5134 total=0.1182
[TRAIN train_climax_no_moisture_constraint_s42] [TRAIN] stage=finetune epoch=1/1 batch=1250/3000 step=4250 repair=0.1627 localization=0 type=0 minimal=0.0524 physics=0.4951 total=0.188
[TRAIN train_climax_no_moisture_constraint_s42] [TRAIN] stage=finetune epoch=1/1 batch=1260/3000 step=4260 repair=0.1302 localization=0 type=0 minimal=0.05881 physics=0.4627 total=0.154
[TRAIN train_climax_no_moisture_constraint_s42] [TRAIN] stage=finetune epoch=1/1 batch=1270/3000 step=4270 repair=0.08517 localization=0 type=0 minimal=0.06525 physics=0.4397 total=0.1078
[TRAIN train_climax_no_moisture_constraint_s42] [TRAIN] stage=finetune epoch=1/1 batch=1280/3000 step=4280 repair=0.1158 localization=0 type=0 minimal=0.06616 physics=0.4552 total=0.1392
[TRAIN train_climax_no_moisture_constraint_s42] [TRAIN] stage=finetune epoch=1/1 batch=1290/3000 step=4290 repair=0.08429 localization=0 type=0 minimal=0.06647 physics=0.4307 total=0.1065
[TRAIN train_climax_no_moisture_constraint_s42] [TRAIN] stage=finetune epoch=1/1 batch=1300/3000 step=4300 repair=0.1205 localization=0 type=0 minimal=0.05682 physics=0.4725 total=0.1447
[TRAIN train_climax_no_moisture_constraint_s42] [TRAIN] stage=finetune epoch=1/1 batch=1310/3000 step=4310 repair=0.09324 localization=0 type=0 minimal=0.06537 physics=0.4089 total=0.1143
[TRAIN train_climax_no_moisture_constraint_s42] [TRAIN] stage=finetune epoch=1/1 batch=1320/3000 step=4320 repair=0.06365 localization=0 type=0 minimal=0.08344 physics=0.3965 total=0.08431
[TRAIN train_climax_no_moisture_constraint_s42] [TRAIN] stage=finetune epoch=1/1 batch=1330/3000 step=4330 repair=0.1295 localization=0 type=0 minimal=0.06119 physics=0.4276 total=0.1515
[TRAIN train_climax_no_moisture_constraint_s42] [TRAIN] stage=finetune epoch=1/1 batch=1340/3000 step=4340 repair=0.1174 localization=0 type=0 minimal=0.065 physics=0.443 total=0.1402
[TRAIN train_climax_no_moisture_constraint_s42] [TRAIN] stage=finetune epoch=1/1 batch=1350/3000 step=4350 repair=0.1319 localization=0 type=0 minimal=0.05814 physics=0.4555 total=0.1553
[TRAIN train_climax_no_moisture_constraint_s42] [TRAIN] stage=finetune epoch=1/1 batch=1360/3000 step=4360 repair=0.136 localization=0 type=0 minimal=0.07086 physics=0.4837 total=0.1609
[TRAIN train_climax_no_moisture_constraint_s42] [TRAIN] stage=finetune epoch=1/1 batch=1370/3000 step=4370 repair=0.1373 localization=0 type=0 minimal=0.05722 physics=0.4892 total=0.1623
[TRAIN train_climax_no_moisture_constraint_s42] [TRAIN] stage=finetune epoch=1/1 batch=1380/3000 step=4380 repair=0.1858 localization=0 type=0 minimal=0.05557 physics=0.4751 total=0.2101
[TRAIN train_climax_no_moisture_constraint_s42] [TRAIN] stage=finetune epoch=1/1 batch=1390/3000 step=4390 repair=0.0616 localization=0 type=0 minimal=0.0838 physics=0.4327 total=0.08407
[TRAIN train_climax_no_moisture_constraint_s42] [TRAIN] stage=finetune epoch=1/1 batch=1400/3000 step=4400 repair=0.1087 localization=0 type=0 minimal=0.06427 physics=0.4312 total=0.1309
[TRAIN train_climax_no_moisture_constraint_s42] [TRAIN] stage=finetune epoch=1/1 batch=1410/3000 step=4410 repair=0.07473 localization=0 type=0 minimal=0.07849 physics=0.4003 total=0.09553
[TRAIN train_climax_no_moisture_constraint_s42] [TRAIN] stage=finetune epoch=1/1 batch=1420/3000 step=4420 repair=0.07801 localization=0 type=0 minimal=0.07263 physics=0.3859 total=0.09803
[TRAIN train_climax_no_moisture_constraint_s42] [TRAIN] stage=finetune epoch=1/1 batch=1430/3000 step=4430 repair=0.06154 localization=0 type=0 minimal=0.0863 physics=0.4324 total=0.08402
[TRAIN train_climax_no_moisture_constraint_s42] [TRAIN] stage=finetune epoch=1/1 batch=1440/3000 step=4440 repair=0.06953 localization=0 type=0 minimal=0.07617 physics=0.476 total=0.09409
[TRAIN train_climax_no_moisture_constraint_s42] [TRAIN] stage=finetune epoch=1/1 batch=1450/3000 step=4450 repair=0.1125 localization=0 type=0 minimal=0.06781 physics=0.4736 total=0.1368
[TRAIN train_climax_no_moisture_constraint_s42] [TRAIN] stage=finetune epoch=1/1 batch=1460/3000 step=4460 repair=0.1236 localization=0 type=0 minimal=0.0625 physics=0.4623 total=0.1473
[TRAIN train_climax_no_moisture_constraint_s42] [TRAIN] stage=finetune epoch=1/1 batch=1470/3000 step=4470 repair=0.1344 localization=0 type=0 minimal=0.05643 physics=0.4581 total=0.1579
[TRAIN train_climax_no_moisture_constraint_s42] [TRAIN] stage=finetune epoch=1/1 batch=1480/3000 step=4480 repair=0.1278 localization=0 type=0 minimal=0.06149 physics=0.4883 total=0.1528
[TRAIN train_climax_no_moisture_constraint_s42] [TRAIN] stage=finetune epoch=1/1 batch=1490/3000 step=4490 repair=0.07634 localization=0 type=0 minimal=0.07312 physics=0.423 total=0.09822
[TRAIN train_climax_no_moisture_constraint_s42] [TRAIN] stage=finetune epoch=1/1 batch=1500/3000 step=4500 repair=0.156 localization=0 type=0 minimal=0.05185 physics=0.4737 total=0.1802
[TRAIN train_climax_no_moisture_constraint_s42] [TRAIN] stage=finetune epoch=1/1 batch=1510/3000 step=4510 repair=0.07899 localization=0 type=0 minimal=0.07556 physics=0.3956 total=0.09952
[TRAIN train_climax_no_moisture_constraint_s42] [TRAIN] stage=finetune epoch=1/1 batch=1520/3000 step=4520 repair=0.08442 localization=0 type=0 minimal=0.06586 physics=0.4038 total=0.1053
[TRAIN train_climax_no_moisture_constraint_s42] [TRAIN] stage=finetune epoch=1/1 batch=1530/3000 step=4530 repair=0.08274 localization=0 type=0 minimal=0.06757 physics=0.4244 total=0.1046
[TRAIN train_climax_no_moisture_constraint_s42] [TRAIN] stage=finetune epoch=1/1 batch=1540/3000 step=4540 repair=0.09786 localization=0 type=0 minimal=0.06763 physics=0.4111 total=0.1191
[TRAIN train_climax_no_moisture_constraint_s42] [TRAIN] stage=finetune epoch=1/1 batch=1550/3000 step=4550 repair=0.0791 localization=0 type=0 minimal=0.05798 physics=0.4464 total=0.102
[TRAIN train_climax_no_moisture_constraint_s42] [TRAIN] stage=finetune epoch=1/1 batch=1560/3000 step=4560 repair=0.08555 localization=0 type=0 minimal=0.06915 physics=0.4736 total=0.1099
[TRAIN train_climax_no_moisture_constraint_s42] [TRAIN] stage=finetune epoch=1/1 batch=1570/3000 step=4570 repair=0.06883 localization=0 type=0 minimal=0.07556 physics=0.4818 total=0.09368
[TRAIN train_climax_no_moisture_constraint_s42] [TRAIN] stage=finetune epoch=1/1 batch=1580/3000 step=4580 repair=0.08013 localization=0 type=0 minimal=0.08185 physics=0.4765 total=0.1048
[TRAIN train_climax_no_moisture_constraint_s42] [TRAIN] stage=finetune epoch=1/1 batch=1590/3000 step=4590 repair=0.1082 localization=0 type=0 minimal=0.07056 physics=0.4737 total=0.1326
[TRAIN train_climax_no_moisture_constraint_s42] [TRAIN] stage=finetune epoch=1/1 batch=1600/3000 step=4600 repair=0.1284 localization=0 type=0 minimal=0.05801 physics=0.4656 total=0.1522
[TRAIN train_climax_no_moisture_constraint_s42] [TRAIN] stage=finetune epoch=1/1 batch=1610/3000 step=4610 repair=0.05657 localization=0 type=0 minimal=0.08612 physics=0.4125 total=0.07806
[TRAIN train_climax_no_moisture_constraint_s42] [TRAIN] stage=finetune epoch=1/1 batch=1620/3000 step=4620 repair=0.1062 localization=0 type=0 minimal=0.06177 physics=0.439 total=0.1288
[TRAIN train_climax_no_moisture_constraint_s42] [TRAIN] stage=finetune epoch=1/1 batch=1630/3000 step=4630 repair=0.1907 localization=0 type=0 minimal=0.05707 physics=0.5138 total=0.217
[TRAIN train_climax_no_moisture_constraint_s42] [TRAIN] stage=finetune epoch=1/1 batch=1640/3000 step=4640 repair=0.1174 localization=0 type=0 minimal=0.06989 physics=0.4943 total=0.1428
[TRAIN train_climax_no_moisture_constraint_s42] [TRAIN] stage=finetune epoch=1/1 batch=1650/3000 step=4650 repair=0.09052 localization=0 type=0 minimal=0.07166 physics=0.4543 total=0.114
[TRAIN train_climax_no_moisture_constraint_s42] [TRAIN] stage=finetune epoch=1/1 batch=1660/3000 step=4660 repair=0.06273 localization=0 type=0 minimal=0.08191 physics=0.4185 total=0.08447
[TRAIN train_climax_no_moisture_constraint_s42] [TRAIN] stage=finetune epoch=1/1 batch=1670/3000 step=4670 repair=0.09974 localization=0 type=0 minimal=0.07172 physics=0.4557 total=0.1232
[TRAIN train_climax_no_moisture_constraint_s42] [TRAIN] stage=finetune epoch=1/1 batch=1680/3000 step=4680 repair=0.1298 localization=0 type=0 minimal=0.06647 physics=0.4406 total=0.1525
[TRAIN train_climax_no_moisture_constraint_s42] [TRAIN] stage=finetune epoch=1/1 batch=1690/3000 step=4690 repair=0.1117 localization=0 type=0 minimal=0.06549 physics=0.4466 total=0.1346
[TRAIN train_climax_no_moisture_constraint_s42] [TRAIN] stage=finetune epoch=1/1 batch=1700/3000 step=4700 repair=0.0731 localization=0 type=0 minimal=0.07513 physics=0.4252 total=0.09511
[TRAIN train_climax_no_moisture_constraint_s42] [TRAIN] stage=finetune epoch=1/1 batch=1710/3000 step=4710 repair=0.1551 localization=0 type=0 minimal=0.0538 physics=0.5046 total=0.1809
[TRAIN train_climax_no_moisture_constraint_s42] [TRAIN] stage=finetune epoch=1/1 batch=1720/3000 step=4720 repair=0.07513 localization=0 type=0 minimal=0.08014 physics=0.4321 total=0.09754
[TRAIN train_climax_no_moisture_constraint_s42] [TRAIN] stage=finetune epoch=1/1 batch=1730/3000 step=4730 repair=0.08722 localization=0 type=0 minimal=0.0675 physics=0.4661 total=0.1112
[TRAIN train_climax_no_moisture_constraint_s42] [TRAIN] stage=finetune epoch=1/1 batch=1740/3000 step=4740 repair=0.06731 localization=0 type=0 minimal=0.08044 physics=0.4059 total=0.08841
[TRAIN train_climax_no_moisture_constraint_s42] [TRAIN] stage=finetune epoch=1/1 batch=1750/3000 step=4750 repair=0.08295 localization=0 type=0 minimal=0.06372 physics=0.4533 total=0.1062
[TRAIN train_climax_no_moisture_constraint_s42] [TRAIN] stage=finetune epoch=1/1 batch=1760/3000 step=4760 repair=0.07333 localization=0 type=0 minimal=0.07977 physics=0.4489 total=0.09657
[TRAIN train_climax_no_moisture_constraint_s42] [TRAIN] stage=finetune epoch=1/1 batch=1770/3000 step=4770 repair=0.1653 localization=0 type=0 minimal=0.05273 physics=0.4824 total=0.19
[TRAIN train_climax_no_moisture_constraint_s42] [TRAIN] stage=finetune epoch=1/1 batch=1780/3000 step=4780 repair=0.07443 localization=0 type=0 minimal=0.07599 physics=0.4293 total=0.09666
[TRAIN train_climax_no_moisture_constraint_s42] [TRAIN] stage=finetune epoch=1/1 batch=1790/3000 step=4790 repair=0.1135 localization=0 type=0 minimal=0.07239 physics=0.462 total=0.1374
[TRAIN train_climax_no_moisture_constraint_s42] [TRAIN] stage=finetune epoch=1/1 batch=1800/3000 step=4800 repair=0.08353 localization=0 type=0 minimal=0.07849 physics=0.4489 total=0.1068
[TRAIN train_climax_no_moisture_constraint_s42] [TRAIN] stage=finetune epoch=1/1 batch=1810/3000 step=4810 repair=0.07748 localization=0 type=0 minimal=0.07697 physics=0.3951 total=0.09801
[TRAIN train_climax_no_moisture_constraint_s42] [TRAIN] stage=finetune epoch=1/1 batch=1820/3000 step=4820 repair=0.1454 localization=0 type=0 minimal=0.05896 physics=0.4362 total=0.1678
[TRAIN train_climax_no_moisture_constraint_s42] [TRAIN] stage=finetune epoch=1/1 batch=1830/3000 step=4830 repair=0.1269 localization=0 type=0 minimal=0.06119 physics=0.4589 total=0.1505
[TRAIN train_climax_no_moisture_constraint_s42] [TRAIN] stage=finetune epoch=1/1 batch=1840/3000 step=4840 repair=0.05944 localization=0 type=0 minimal=0.08813 physics=0.4253 total=0.08158
[TRAIN train_climax_no_moisture_constraint_s42] [TRAIN] stage=finetune epoch=1/1 batch=1850/3000 step=4850 repair=0.1105 localization=0 type=0 minimal=0.06812 physics=0.4627 total=0.1343
[TRAIN train_climax_no_moisture_constraint_s42] [TRAIN] stage=finetune epoch=1/1 batch=1860/3000 step=4860 repair=0.08737 localization=0 type=0 minimal=0.06573 physics=0.4861 total=0.1123
[TRAIN train_climax_no_moisture_constraint_s42] [TRAIN] stage=finetune epoch=1/1 batch=1870/3000 step=4870 repair=0.1161 localization=0 type=0 minimal=0.07391 physics=0.483 total=0.141
[TRAIN train_climax_no_moisture_constraint_s42] [TRAIN] stage=finetune epoch=1/1 batch=1880/3000 step=4880 repair=0.1267 localization=0 type=0 minimal=0.07526 physics=0.4417 total=0.1495
[TRAIN train_climax_no_moisture_constraint_s42] [TRAIN] stage=finetune epoch=1/1 batch=1890/3000 step=4890 repair=0.08063 localization=0 type=0 minimal=0.08435 physics=0.446 total=0.1038
[TRAIN train_climax_no_moisture_constraint_s42] [TRAIN] stage=finetune epoch=1/1 batch=1900/3000 step=4900 repair=0.1306 localization=0 type=0 minimal=0.06177 physics=0.5181 total=0.1571
[TRAIN train_climax_no_moisture_constraint_s42] [TRAIN] stage=finetune epoch=1/1 batch=1910/3000 step=4910 repair=0.1497 localization=0 type=0 minimal=0.0593 physics=0.5094 total=0.1757
[TRAIN train_climax_no_moisture_constraint_s42] [TRAIN] stage=finetune epoch=1/1 batch=1920/3000 step=4920 repair=0.1594 localization=0 type=0 minimal=0.0567 physics=0.4807 total=0.184
[TRAIN train_climax_no_moisture_constraint_s42] [TRAIN] stage=finetune epoch=1/1 batch=1930/3000 step=4930 repair=0.07433 localization=0 type=0 minimal=0.07617 physics=0.4699 total=0.09858
[TRAIN train_climax_no_moisture_constraint_s42] [TRAIN] stage=finetune epoch=1/1 batch=1940/3000 step=4940 repair=0.1681 localization=0 type=0 minimal=0.05975 physics=0.5282 total=0.1951
[TRAIN train_climax_no_moisture_constraint_s42] [TRAIN] stage=finetune epoch=1/1 batch=1950/3000 step=4950 repair=0.111 localization=0 type=0 minimal=0.07501 physics=0.5026 total=0.1369
[TRAIN train_climax_no_moisture_constraint_s42] [TRAIN] stage=finetune epoch=1/1 batch=1960/3000 step=4960 repair=0.1185 localization=0 type=0 minimal=0.07245 physics=0.5007 total=0.1442
[TRAIN train_climax_no_moisture_constraint_s42] [TRAIN] stage=finetune epoch=1/1 batch=1970/3000 step=4970 repair=0.1767 localization=0 type=0 minimal=0.04507 physics=0.817 total=0.218
[TRAIN train_climax_no_moisture_constraint_s42] [TRAIN] stage=finetune epoch=1/1 batch=1980/3000 step=4980 repair=0.1149 localization=0 type=0 minimal=0.08075 physics=0.5062 total=0.141
[TRAIN train_climax_no_moisture_constraint_s42] [TRAIN] stage=finetune epoch=1/1 batch=1990/3000 step=4990 repair=0.06648 localization=0 type=0 minimal=0.07916 physics=0.4659 total=0.09056
[TRAIN train_climax_no_moisture_constraint_s42] [TRAIN] stage=finetune epoch=1/1 batch=2000/3000 step=5000 repair=0.1121 localization=0 type=0 minimal=0.07037 physics=0.4827 total=0.1369
[TRAIN train_climax_no_moisture_constraint_s42] [TRAIN] stage=finetune epoch=1/1 batch=2010/3000 step=5010 repair=0.1184 localization=0 type=0 minimal=0.07245 physics=0.4716 total=0.1427
[TRAIN train_climax_no_moisture_constraint_s42] [TRAIN] stage=finetune epoch=1/1 batch=2020/3000 step=5020 repair=0.1126 localization=0 type=0 minimal=0.07355 physics=0.5251 total=0.1396
[TRAIN train_climax_no_moisture_constraint_s42] [TRAIN] stage=finetune epoch=1/1 batch=2030/3000 step=5030 repair=0.09381 localization=0 type=0 minimal=0.06915 physics=0.5081 total=0.1199
[TRAIN train_climax_no_moisture_constraint_s42] [TRAIN] stage=finetune epoch=1/1 batch=2040/3000 step=5040 repair=0.08866 localization=0 type=0 minimal=0.07489 physics=0.5252 total=0.1157
[TRAIN train_climax_no_moisture_constraint_s42] [TRAIN] stage=finetune epoch=1/1 batch=2050/3000 step=5050 repair=0.06076 localization=0 type=0 minimal=0.08521 physics=0.5133 total=0.08728
[TRAIN train_climax_no_moisture_constraint_s42] [TRAIN] stage=finetune epoch=1/1 batch=2060/3000 step=5060 repair=0.125 localization=0 type=0 minimal=0.06714 physics=0.5312 total=0.1522
[TRAIN train_climax_no_moisture_constraint_s42] [TRAIN] stage=finetune epoch=1/1 batch=2070/3000 step=5070 repair=0.1157 localization=0 type=0 minimal=0.07263 physics=0.4845 total=0.1407
[TRAIN train_climax_no_moisture_constraint_s42] [TRAIN] stage=finetune epoch=1/1 batch=2080/3000 step=5080 repair=0.1131 localization=0 type=0 minimal=0.07355 physics=0.4673 total=0.1372
[TRAIN train_climax_no_moisture_constraint_s42] [TRAIN] stage=finetune epoch=1/1 batch=2090/3000 step=5090 repair=0.0758 localization=0 type=0 minimal=0.08392 physics=0.5085 total=0.1021
[TRAIN train_climax_no_moisture_constraint_s42] [TRAIN] stage=finetune epoch=1/1 batch=2100/3000 step=5100 repair=0.09056 localization=0 type=0 minimal=0.07129 physics=0.4742 total=0.115
[TRAIN train_climax_no_moisture_constraint_s42] [TRAIN] stage=finetune epoch=1/1 batch=2110/3000 step=5110 repair=0.119 localization=0 type=0 minimal=0.07892 physics=0.4633 total=0.143
[TRAIN train_climax_no_moisture_constraint_s42] [TRAIN] stage=finetune epoch=1/1 batch=2120/3000 step=5120 repair=0.1569 localization=0 type=0 minimal=0.05908 physics=0.4966 total=0.1823
[TRAIN train_climax_no_moisture_constraint_s42] [TRAIN] stage=finetune epoch=1/1 batch=2130/3000 step=5130 repair=0.1134 localization=0 type=0 minimal=0.07593 physics=0.5089 total=0.1396
[TRAIN train_climax_no_moisture_constraint_s42] [TRAIN] stage=finetune epoch=1/1 batch=2140/3000 step=5140 repair=0.08665 localization=0 type=0 minimal=0.07043 physics=0.4271 total=0.1087
[TRAIN train_climax_no_moisture_constraint_s42] [TRAIN] stage=finetune epoch=1/1 batch=2150/3000 step=5150 repair=0.1629 localization=0 type=0 minimal=0.05359 physics=0.4742 total=0.1871
[TRAIN train_climax_no_moisture_constraint_s42] [TRAIN] stage=finetune epoch=1/1 batch=2160/3000 step=5160 repair=0.07119 localization=0 type=0 minimal=0.07544 physics=0.4275 total=0.09332
[TRAIN train_climax_no_moisture_constraint_s42] [TRAIN] stage=finetune epoch=1/1 batch=2170/3000 step=5170 repair=0.1078 localization=0 type=0 minimal=0.07721 physics=0.4376 total=0.1305
[TRAIN train_climax_no_moisture_constraint_s42] [TRAIN] stage=finetune epoch=1/1 batch=2180/3000 step=5180 repair=0.1071 localization=0 type=0 minimal=0.07245 physics=0.4148 total=0.1286
[TRAIN train_climax_no_moisture_constraint_s42] [TRAIN] stage=finetune epoch=1/1 batch=2190/3000 step=5190 repair=0.07267 localization=0 type=0 minimal=0.08356 physics=0.3816 total=0.09258
[TRAIN train_climax_no_moisture_constraint_s42] [TRAIN] stage=finetune epoch=1/1 batch=2200/3000 step=5200 repair=0.1071 localization=0 type=0 minimal=0.07843 physics=0.3955 total=0.1276
[TRAIN train_climax_no_moisture_constraint_s42] [TRAIN] stage=finetune epoch=1/1 batch=2210/3000 step=5210 repair=0.1139 localization=0 type=0 minimal=0.07324 physics=0.4363 total=0.1364
[TRAIN train_climax_no_moisture_constraint_s42] [TRAIN] stage=finetune epoch=1/1 batch=2220/3000 step=5220 repair=0.07059 localization=0 type=0 minimal=0.08875 physics=0.4747 total=0.09521
[TRAIN train_climax_no_moisture_constraint_s42] [TRAIN] stage=finetune epoch=1/1 batch=2230/3000 step=5230 repair=0.07403 localization=0 type=0 minimal=0.08075 physics=0.4857 total=0.09912
[TRAIN train_climax_no_moisture_constraint_s42] [TRAIN] stage=finetune epoch=1/1 batch=2240/3000 step=5240 repair=0.07611 localization=0 type=0 minimal=0.08173 physics=0.4894 total=0.1014
[TRAIN train_climax_no_moisture_constraint_s42] [TRAIN] stage=finetune epoch=1/1 batch=2250/3000 step=5250 repair=0.1088 localization=0 type=0 minimal=0.08075 physics=0.5053 total=0.1348
[TRAIN train_climax_no_moisture_constraint_s42] [TRAIN] stage=finetune epoch=1/1 batch=2260/3000 step=5260 repair=0.07431 localization=0 type=0 minimal=0.07849 physics=0.4708 total=0.09863
[TRAIN train_climax_no_moisture_constraint_s42] [TRAIN] stage=finetune epoch=1/1 batch=2270/3000 step=5270 repair=0.1105 localization=0 type=0 minimal=0.07477 physics=0.4678 total=0.1346
[TRAIN train_climax_no_moisture_constraint_s42] [TRAIN] stage=finetune epoch=1/1 batch=2280/3000 step=5280 repair=0.07279 localization=0 type=0 minimal=0.08356 physics=0.4298 total=0.09512
[TRAIN train_climax_no_moisture_constraint_s42] [TRAIN] stage=finetune epoch=1/1 batch=2290/3000 step=5290 repair=0.06403 localization=0 type=0 minimal=0.1012 physics=0.3728 total=0.08368
[TRAIN train_climax_no_moisture_constraint_s42] [TRAIN] stage=finetune epoch=1/1 batch=2300/3000 step=5300 repair=0.11 localization=0 type=0 minimal=0.07831 physics=0.346 total=0.1281
[TRAIN train_climax_no_moisture_constraint_s42] [TRAIN] stage=finetune epoch=1/1 batch=2310/3000 step=5310 repair=0.09523 localization=0 type=0 minimal=0.06921 physics=0.3782 total=0.1148
[TRAIN train_climax_no_moisture_constraint_s42] [TRAIN] stage=finetune epoch=1/1 batch=2320/3000 step=5320 repair=0.1122 localization=0 type=0 minimal=0.07379 physics=0.3966 total=0.1328
[TRAIN train_climax_no_moisture_constraint_s42] [TRAIN] stage=finetune epoch=1/1 batch=2330/3000 step=5330 repair=0.1571 localization=0 type=0 minimal=0.06342 physics=0.4202 total=0.1788
[TRAIN train_climax_no_moisture_constraint_s42] [TRAIN] stage=finetune epoch=1/1 batch=2340/3000 step=5340 repair=0.07944 localization=0 type=0 minimal=0.06915 physics=0.3841 total=0.09933
[TRAIN train_climax_no_moisture_constraint_s42] [TRAIN] stage=finetune epoch=1/1 batch=2350/3000 step=5350 repair=0.1255 localization=0 type=0 minimal=0.06635 physics=0.3995 total=0.1461
[TRAIN train_climax_no_moisture_constraint_s42] [TRAIN] stage=finetune epoch=1/1 batch=2360/3000 step=5360 repair=0.1282 localization=0 type=0 minimal=0.06677 physics=0.4084 total=0.1493
[TRAIN train_climax_no_moisture_constraint_s42] [TRAIN] stage=finetune epoch=1/1 batch=2370/3000 step=5370 repair=0.1231 localization=0 type=0 minimal=0.07245 physics=0.3919 total=0.1434
[TRAIN train_climax_no_moisture_constraint_s42] [TRAIN] stage=finetune epoch=1/1 batch=2380/3000 step=5380 repair=0.1049 localization=0 type=0 minimal=0.07996 physics=0.3442 total=0.1229
[TRAIN train_climax_no_moisture_constraint_s42] [TRAIN] stage=finetune epoch=1/1 batch=2390/3000 step=5390 repair=0.1287 localization=0 type=0 minimal=0.06812 physics=0.3558 total=0.1471
[TRAIN train_climax_no_moisture_constraint_s42] [TRAIN] stage=finetune epoch=1/1 batch=2400/3000 step=5400 repair=0.1227 localization=0 type=0 minimal=0.06744 physics=0.3632 total=0.1415
[TRAIN train_climax_no_moisture_constraint_s42] [TRAIN] stage=finetune epoch=1/1 batch=2410/3000 step=5410 repair=0.1238 localization=0 type=0 minimal=0.06311 physics=0.4843 total=0.1487
[TRAIN train_climax_no_moisture_constraint_s42] [TRAIN] stage=finetune epoch=1/1 batch=2420/3000 step=5420 repair=0.1592 localization=0 type=0 minimal=0.06171 physics=0.3758 total=0.1786
[TRAIN train_climax_no_moisture_constraint_s42] [TRAIN] stage=finetune epoch=1/1 batch=2430/3000 step=5430 repair=0.1334 localization=0 type=0 minimal=0.06549 physics=0.4245 total=0.1553
[TRAIN train_climax_no_moisture_constraint_s42] [TRAIN] stage=finetune epoch=1/1 batch=2440/3000 step=5440 repair=0.07013 localization=0 type=0 minimal=0.07739 physics=0.3483 total=0.08832
[TRAIN train_climax_no_moisture_constraint_s42] [TRAIN] stage=finetune epoch=1/1 batch=2450/3000 step=5450 repair=0.1197 localization=0 type=0 minimal=0.06464 physics=0.3669 total=0.1387
[TRAIN train_climax_no_moisture_constraint_s42] [TRAIN] stage=finetune epoch=1/1 batch=2460/3000 step=5460 repair=0.1163 localization=0 type=0 minimal=0.06543 physics=0.3383 total=0.1338
[TRAIN train_climax_no_moisture_constraint_s42] [TRAIN] stage=finetune epoch=1/1 batch=2470/3000 step=5470 repair=0.1016 localization=0 type=0 minimal=0.0752 physics=0.3536 total=0.12
[TRAIN train_climax_no_moisture_constraint_s42] [TRAIN] stage=finetune epoch=1/1 batch=2480/3000 step=5480 repair=0.08674 localization=0 type=0 minimal=0.06812 physics=0.3703 total=0.1059
[TRAIN train_climax_no_moisture_constraint_s42] [TRAIN] stage=finetune epoch=1/1 batch=2490/3000 step=5490 repair=0.1238 localization=0 type=0 minimal=0.07684 physics=0.3146 total=0.1403
[TRAIN train_climax_no_moisture_constraint_s42] [TRAIN] stage=finetune epoch=1/1 batch=2500/3000 step=5500 repair=0.07199 localization=0 type=0 minimal=0.08044 physics=0.3169 total=0.08864
[TRAIN train_climax_no_moisture_constraint_s42] [TRAIN] stage=finetune epoch=1/1 batch=2510/3000 step=5510 repair=0.08266 localization=0 type=0 minimal=0.0719 physics=0.3377 total=0.1003
[TRAIN train_climax_no_moisture_constraint_s42] [TRAIN] stage=finetune epoch=1/1 batch=2520/3000 step=5520 repair=0.1112 localization=0 type=0 minimal=0.06696 physics=0.3648 total=0.1301
[TRAIN train_climax_no_moisture_constraint_s42] [TRAIN] stage=finetune epoch=1/1 batch=2530/3000 step=5530 repair=0.05741 localization=0 type=0 minimal=0.08795 physics=0.3091 total=0.07375
[TRAIN train_climax_no_moisture_constraint_s42] [TRAIN] stage=finetune epoch=1/1 batch=2540/3000 step=5540 repair=0.08344 localization=0 type=0 minimal=0.07501 physics=0.339 total=0.1011
[TRAIN train_climax_no_moisture_constraint_s42] [TRAIN] stage=finetune epoch=1/1 batch=2550/3000 step=5550 repair=0.07312 localization=0 type=0 minimal=0.07184 physics=0.3541 total=0.09154
[TRAIN train_climax_no_moisture_constraint_s42] [TRAIN] stage=finetune epoch=1/1 batch=2560/3000 step=5560 repair=0.06068 localization=0 type=0 minimal=0.08966 physics=0.3662 total=0.07988
[TRAIN train_climax_no_moisture_constraint_s42] [TRAIN] stage=finetune epoch=1/1 batch=2570/3000 step=5570 repair=0.06743 localization=0 type=0 minimal=0.07605 physics=0.39 total=0.08769
[TRAIN train_climax_no_moisture_constraint_s42] [TRAIN] stage=finetune epoch=1/1 batch=2580/3000 step=5580 repair=0.07829 localization=0 type=0 minimal=0.08081 physics=0.3829 total=0.09824
[TRAIN train_climax_no_moisture_constraint_s42] [TRAIN] stage=finetune epoch=1/1 batch=2590/3000 step=5590 repair=0.1227 localization=0 type=0 minimal=0.07147 physics=0.4403 total=0.1454
[TRAIN train_climax_no_moisture_constraint_s42] [TRAIN] stage=finetune epoch=1/1 batch=2600/3000 step=5600 repair=0.1266 localization=0 type=0 minimal=0.07684 physics=0.3951 total=0.1471
[TRAIN train_climax_no_moisture_constraint_s42] [TRAIN] stage=finetune epoch=1/1 batch=2610/3000 step=5610 repair=0.07482 localization=0 type=0 minimal=0.07745 physics=0.3253 total=0.09186
[TRAIN train_climax_no_moisture_constraint_s42] [TRAIN] stage=finetune epoch=1/1 batch=2620/3000 step=5620 repair=0.1126 localization=0 type=0 minimal=0.07941 physics=0.404 total=0.1336
[TRAIN train_climax_no_moisture_constraint_s42] [TRAIN] stage=finetune epoch=1/1 batch=2630/3000 step=5630 repair=0.115 localization=0 type=0 minimal=0.08044 physics=0.3287 total=0.1322
[TRAIN train_climax_no_moisture_constraint_s42] [TRAIN] stage=finetune epoch=1/1 batch=2640/3000 step=5640 repair=0.1118 localization=0 type=0 minimal=0.07697 physics=0.3309 total=0.1291
[TRAIN train_climax_no_moisture_constraint_s42] [TRAIN] stage=finetune epoch=1/1 batch=2650/3000 step=5650 repair=0.1421 localization=0 type=0 minimal=0.0621 physics=0.3639 total=0.1609
[TRAIN train_climax_no_moisture_constraint_s42] [TRAIN] stage=finetune epoch=1/1 batch=2660/3000 step=5660 repair=0.1168 localization=0 type=0 minimal=0.07007 physics=0.3349 total=0.1342
[TRAIN train_climax_no_moisture_constraint_s42] [TRAIN] stage=finetune epoch=1/1 batch=2670/3000 step=5670 repair=0.121 localization=0 type=0 minimal=0.07159 physics=0.348 total=0.1392
[TRAIN train_climax_no_moisture_constraint_s42] [TRAIN] stage=finetune epoch=1/1 batch=2680/3000 step=5680 repair=0.1298 localization=0 type=0 minimal=0.06952 physics=0.349 total=0.1479
[TRAIN train_climax_no_moisture_constraint_s42] [TRAIN] stage=finetune epoch=1/1 batch=2690/3000 step=5690 repair=0.06505 localization=0 type=0 minimal=0.0946 physics=0.299 total=0.08095
[TRAIN train_climax_no_moisture_constraint_s42] [TRAIN] stage=finetune epoch=1/1 batch=2700/3000 step=5700 repair=0.1231 localization=0 type=0 minimal=0.06207 physics=0.336 total=0.1405
[TRAIN train_climax_no_moisture_constraint_s42] [TRAIN] stage=finetune epoch=1/1 batch=2710/3000 step=5710 repair=0.1562 localization=0 type=0 minimal=0.0625 physics=0.3224 total=0.1729
[TRAIN train_climax_no_moisture_constraint_s42] [TRAIN] stage=finetune epoch=1/1 batch=2720/3000 step=5720 repair=0.1117 localization=0 type=0 minimal=0.07483 physics=0.3081 total=0.1279
[TRAIN train_climax_no_moisture_constraint_s42] [TRAIN] stage=finetune epoch=1/1 batch=2730/3000 step=5730 repair=0.09117 localization=0 type=0 minimal=0.07953 physics=0.3378 total=0.1089
[TRAIN train_climax_no_moisture_constraint_s42] [TRAIN] stage=finetune epoch=1/1 batch=2740/3000 step=5740 repair=0.1753 localization=0 type=0 minimal=0.06155 physics=0.3598 total=0.1939
[TRAIN train_climax_no_moisture_constraint_s42] [TRAIN] stage=finetune epoch=1/1 batch=2750/3000 step=5750 repair=0.07229 localization=0 type=0 minimal=0.07629 physics=0.2934 total=0.08772
[TRAIN train_climax_no_moisture_constraint_s42] [TRAIN] stage=finetune epoch=1/1 batch=2760/3000 step=5760 repair=0.1624 localization=0 type=0 minimal=0.06122 physics=0.355 total=0.1807
[TRAIN train_climax_no_moisture_constraint_s42] [TRAIN] stage=finetune epoch=1/1 batch=2770/3000 step=5770 repair=0.1135 localization=0 type=0 minimal=0.07581 physics=0.3266 total=0.1306
[TRAIN train_climax_no_moisture_constraint_s42] [TRAIN] stage=finetune epoch=1/1 batch=2780/3000 step=5780 repair=0.08902 localization=0 type=0 minimal=0.07751 physics=0.3393 total=0.1068
[TRAIN train_climax_no_moisture_constraint_s42] [TRAIN] stage=finetune epoch=1/1 batch=2790/3000 step=5790 repair=0.1177 localization=0 type=0 minimal=0.08313 physics=0.2955 total=0.1333
[TRAIN train_climax_no_moisture_constraint_s42] [TRAIN] stage=finetune epoch=1/1 batch=2800/3000 step=5800 repair=0.1513 localization=0 type=0 minimal=0.06439 physics=0.313 total=0.1676
[TRAIN train_climax_no_moisture_constraint_s42] [TRAIN] stage=finetune epoch=1/1 batch=2810/3000 step=5810 repair=0.07937 localization=0 type=0 minimal=0.06683 physics=0.312 total=0.09564
[TRAIN train_climax_no_moisture_constraint_s42] [TRAIN] stage=finetune epoch=1/1 batch=2820/3000 step=5820 repair=0.06131 localization=0 type=0 minimal=0.09058 physics=0.2549 total=0.07496
[TRAIN train_climax_no_moisture_constraint_s42] [TRAIN] stage=finetune epoch=1/1 batch=2830/3000 step=5830 repair=0.151 localization=0 type=0 minimal=0.04016 physics=0.7572 total=0.1893
[TRAIN train_climax_no_moisture_constraint_s42] [TRAIN] stage=finetune epoch=1/1 batch=2840/3000 step=5840 repair=0.1367 localization=0 type=0 minimal=0.04007 physics=0.7996 total=0.1771
[TRAIN train_climax_no_moisture_constraint_s42] [TRAIN] stage=finetune epoch=1/1 batch=2850/3000 step=5850 repair=0.1329 localization=0 type=0 minimal=0.06738 physics=0.3395 total=0.1505
[TRAIN train_climax_no_moisture_constraint_s42] [TRAIN] stage=finetune epoch=1/1 batch=2860/3000 step=5860 repair=0.1237 localization=0 type=0 minimal=0.07501 physics=0.3165 total=0.1403
[TRAIN train_climax_no_moisture_constraint_s42] [TRAIN] stage=finetune epoch=1/1 batch=2870/3000 step=5870 repair=0.1019 localization=0 type=0 minimal=0.07367 physics=0.3193 total=0.1186
[TRAIN train_climax_no_moisture_constraint_s42] [TRAIN] stage=finetune epoch=1/1 batch=2880/3000 step=5880 repair=0.1052 localization=0 type=0 minimal=0.06934 physics=0.4045 total=0.1261
[TRAIN train_climax_no_moisture_constraint_s42] [TRAIN] stage=finetune epoch=1/1 batch=2890/3000 step=5890 repair=0.08385 localization=0 type=0 minimal=0.08453 physics=0.3273 total=0.1011
[TRAIN train_climax_no_moisture_constraint_s42] [TRAIN] stage=finetune epoch=1/1 batch=2900/3000 step=5900 repair=0.1219 localization=0 type=0 minimal=0.06879 physics=0.3361 total=0.1394
[TRAIN train_climax_no_moisture_constraint_s42] [TRAIN] stage=finetune epoch=1/1 batch=2910/3000 step=5910 repair=0.1263 localization=0 type=0 minimal=0.06427 physics=0.3349 total=0.1437
[TRAIN train_climax_no_moisture_constraint_s42] [TRAIN] stage=finetune epoch=1/1 batch=2920/3000 step=5920 repair=0.1749 localization=0 type=0 minimal=0.06335 physics=0.3845 total=0.1948
[TRAIN train_climax_no_moisture_constraint_s42] [TRAIN] stage=finetune epoch=1/1 batch=2930/3000 step=5930 repair=0.1197 localization=0 type=0 minimal=0.0672 physics=0.3458 total=0.1376
[TRAIN train_climax_no_moisture_constraint_s42] [TRAIN] stage=finetune epoch=1/1 batch=2940/3000 step=5940 repair=0.1048 localization=0 type=0 minimal=0.07642 physics=0.3363 total=0.1224
[TRAIN train_climax_no_moisture_constraint_s42] [TRAIN] stage=finetune epoch=1/1 batch=2950/3000 step=5950 repair=0.1668 localization=0 type=0 minimal=0.06439 physics=0.3787 total=0.1863
[TRAIN train_climax_no_moisture_constraint_s42] [TRAIN] stage=finetune epoch=1/1 batch=2960/3000 step=5960 repair=0.1251 localization=0 type=0 minimal=0.0719 physics=0.3471 total=0.1432
[TRAIN train_climax_no_moisture_constraint_s42] [TRAIN] stage=finetune epoch=1/1 batch=2970/3000 step=5970 repair=0.1542 localization=0 type=0 minimal=0.0625 physics=0.3304 total=0.1713
[TRAIN train_climax_no_moisture_constraint_s42] [TRAIN] stage=finetune epoch=1/1 batch=2980/3000 step=5980 repair=0.07635 localization=0 type=0 minimal=0.08441 physics=0.2925 total=0.09181
[TRAIN train_climax_no_moisture_constraint_s42] [TRAIN] stage=finetune epoch=1/1 batch=2990/3000 step=5990 repair=0.1282 localization=0 type=0 minimal=0.07318 physics=0.2963 total=0.1437
[TRAIN train_climax_no_moisture_constraint_s42] [TRAIN] stage=finetune epoch=1/1 batch=3000/3000 step=6000 repair=0.114 localization=0 type=0 minimal=0.08179 physics=0.2723 total=0.1285
[TRAIN train_climax_no_moisture_constraint_s42] [EPOCH] {'stage': 'finetune', 'epoch': 0, 'global_step': 6000, 'train_total': 0.16993614685783784, 'val_repair_mse': 0.11367451911792159, 'elapsed_seconds': 3516.48}
[TRAIN train_climax_no_moisture_constraint_s42] [BEST] val_repair_mse=0.113675
[TRAIN train_climax_no_moisture_constraint_s42] [TRAIN COMPLETE] {
[TRAIN train_climax_no_moisture_constraint_s42]   "run_id": "prelim20_train_climax_no_moisture_constraint_s42",
[TRAIN train_climax_no_moisture_constraint_s42]   "status": "completed",
[TRAIN train_climax_no_moisture_constraint_s42]   "method": "no_moisture_constraint",
[TRAIN train_climax_no_moisture_constraint_s42]   "backbone": "climax",
[TRAIN train_climax_no_moisture_constraint_s42]   "seed": 42,
[TRAIN train_climax_no_moisture_constraint_s42]   "forecast_provider": "zarr_frozen_fm",
[TRAIN train_climax_no_moisture_constraint_s42]   "best_val_repair_mse": 0.11367451911792159,
[TRAIN train_climax_no_moisture_constraint_s42]   "global_step": 6000,
[TRAIN train_climax_no_moisture_constraint_s42]   "elapsed_seconds": 3516.63,
[TRAIN train_climax_no_moisture_constraint_s42]   "checkpoint_best": "/home/tahiti/ConserveFM/runs/prelim20_train/train_climax_no_moisture_constraint_s42/checkpoint_best.pt",
[TRAIN train_climax_no_moisture_constraint_s42]   "checkpoint_last": "/home/tahiti/ConserveFM/runs/prelim20_train/train_climax_no_moisture_constraint_s42/checkpoint_last.pt"
[TRAIN train_climax_no_moisture_constraint_s42] }
