[TRAIN train_climax_no_localization_head_s44] [SETUP] device=cuda
[TRAIN train_climax_no_localization_head_s44] [SETUP] run_id=prelim20_train_climax_no_localization_head_s44 method=no_localization_head backbone=climax
[TRAIN train_climax_no_localization_head_s44] [FORECAST] using frozen forecast cache: /home/tahiti/ConserveFM/forecasts/climax.zarr
[TRAIN train_climax_no_localization_head_s44] [STAGE] pretrain epochs=1 start_epoch=0
[TRAIN train_climax_no_localization_head_s44] [TRAIN] stage=pretrain epoch=1/1 batch=10/3000 step=10 repair=0.04281 localization=0 type=1.613 minimal=0.1158 physics=1.553 total=0.4208
[TRAIN train_climax_no_localization_head_s44] [TRAIN] stage=pretrain epoch=1/1 batch=20/3000 step=20 repair=0.02094 localization=0 type=2.099 minimal=0.1057 physics=0.7083 total=0.5458
[TRAIN train_climax_no_localization_head_s44] [TRAIN] stage=pretrain epoch=1/1 batch=30/3000 step=30 repair=0.02169 localization=0 type=1.537 minimal=0.06039 physics=0.9934 total=0.3886
[TRAIN train_climax_no_localization_head_s44] [TRAIN] stage=pretrain epoch=1/1 batch=40/3000 step=40 repair=0.01804 localization=0 type=2.274 minimal=0.05783 physics=1.235 total=0.5047
[TRAIN train_climax_no_localization_head_s44] [TRAIN] stage=pretrain epoch=1/1 batch=50/3000 step=50 repair=0.007011 localization=0 type=2.409 minimal=0.04657 physics=0.602 total=0.4657
[TRAIN train_climax_no_localization_head_s44] [TRAIN] stage=pretrain epoch=1/1 batch=60/3000 step=60 repair=0.02418 localization=0 type=1.155 minimal=0.04007 physics=1.542 total=0.2172
[TRAIN train_climax_no_localization_head_s44] [TRAIN] stage=pretrain epoch=1/1 batch=70/3000 step=70 repair=0.004024 localization=0 type=1.289 minimal=0.03604 physics=0.3956 total=0.2407
[TRAIN train_climax_no_localization_head_s44] [TRAIN] stage=pretrain epoch=1/1 batch=80/3000 step=80 repair=0.003187 localization=0 type=1.646 minimal=0.03096 physics=0.5044 total=0.3444
[TRAIN train_climax_no_localization_head_s44] [TRAIN] stage=pretrain epoch=1/1 batch=90/3000 step=90 repair=0.01603 localization=0 type=2.453 minimal=0.03061 physics=1.745 total=0.3489
[TRAIN train_climax_no_localization_head_s44] [TRAIN] stage=pretrain epoch=1/1 batch=100/3000 step=100 repair=0.01089 localization=0 type=1.446 minimal=0.03293 physics=0.4943 total=0.3045
[TRAIN train_climax_no_localization_head_s44] [TRAIN] stage=pretrain epoch=1/1 batch=110/3000 step=110 repair=0.01701 localization=0 type=2.301 minimal=0.03824 physics=0.2587 total=0.4637
[TRAIN train_climax_no_localization_head_s44] [TRAIN] stage=pretrain epoch=1/1 batch=120/3000 step=120 repair=0.02585 localization=0 type=1.739 minimal=0.03427 physics=1.618 total=0.281
[TRAIN train_climax_no_localization_head_s44] [TRAIN] stage=pretrain epoch=1/1 batch=130/3000 step=130 repair=0.01162 localization=0 type=1.932 minimal=0.03131 physics=0.9758 total=0.2539
[TRAIN train_climax_no_localization_head_s44] [TRAIN] stage=pretrain epoch=1/1 batch=140/3000 step=140 repair=0.003031 localization=0 type=1.811 minimal=0.02435 physics=0.2387 total=0.3567
[TRAIN train_climax_no_localization_head_s44] [TRAIN] stage=pretrain epoch=1/1 batch=150/3000 step=150 repair=0.005214 localization=0 type=1.059 minimal=0.02397 physics=0.125 total=0.1977
[TRAIN train_climax_no_localization_head_s44] [TRAIN] stage=pretrain epoch=1/1 batch=160/3000 step=160 repair=0.02495 localization=0 type=1.762 minimal=0.02657 physics=0.5585 total=0.3619
[TRAIN train_climax_no_localization_head_s44] [TRAIN] stage=pretrain epoch=1/1 batch=170/3000 step=170 repair=0.004129 localization=0 type=1.211 minimal=0.02794 physics=0.5209 total=0.1515
[TRAIN train_climax_no_localization_head_s44] [TRAIN] stage=pretrain epoch=1/1 batch=180/3000 step=180 repair=0.009621 localization=0 type=1.837 minimal=0.03029 physics=0.5778 total=0.3278
[TRAIN train_climax_no_localization_head_s44] [TRAIN] stage=pretrain epoch=1/1 batch=190/3000 step=190 repair=0.02446 localization=0 type=0.7678 minimal=0.02599 physics=1.926 total=0.1978
[TRAIN train_climax_no_localization_head_s44] [TRAIN] stage=pretrain epoch=1/1 batch=200/3000 step=200 repair=0.00288 localization=0 type=2.789 minimal=0.02711 physics=0.2872 total=0.525
[TRAIN train_climax_no_localization_head_s44] [TRAIN] stage=pretrain epoch=1/1 batch=210/3000 step=210 repair=0.007934 localization=0 type=2.239 minimal=0.02777 physics=0.7837 total=0.4239
[TRAIN train_climax_no_localization_head_s44] [TRAIN] stage=pretrain epoch=1/1 batch=220/3000 step=220 repair=0.01528 localization=0 type=2.272 minimal=0.02695 physics=0.3482 total=0.3931
[TRAIN train_climax_no_localization_head_s44] [TRAIN] stage=pretrain epoch=1/1 batch=230/3000 step=230 repair=0.003103 localization=0 type=0.9961 minimal=0.02489 physics=0.1163 total=0.1912
[TRAIN train_climax_no_localization_head_s44] [TRAIN] stage=pretrain epoch=1/1 batch=240/3000 step=240 repair=0.003296 localization=0 type=0.8684 minimal=0.02618 physics=0.2418 total=0.1756
[TRAIN train_climax_no_localization_head_s44] [TRAIN] stage=pretrain epoch=1/1 batch=250/3000 step=250 repair=0.002907 localization=0 type=0.9531 minimal=0.02386 physics=0.3944 total=0.1876
[TRAIN train_climax_no_localization_head_s44] [TRAIN] stage=pretrain epoch=1/1 batch=260/3000 step=260 repair=0.006546 localization=0 type=1.32 minimal=0.02225 physics=0.2558 total=0.3012
[TRAIN train_climax_no_localization_head_s44] [TRAIN] stage=pretrain epoch=1/1 batch=270/3000 step=270 repair=0.005325 localization=0 type=1.55 minimal=0.02669 physics=0.3838 total=0.3133
[TRAIN train_climax_no_localization_head_s44] [TRAIN] stage=pretrain epoch=1/1 batch=280/3000 step=280 repair=0.004739 localization=0 type=1.538 minimal=0.02933 physics=0.1734 total=0.2838
[TRAIN train_climax_no_localization_head_s44] [TRAIN] stage=pretrain epoch=1/1 batch=290/3000 step=290 repair=0.003332 localization=0 type=1.771 minimal=0.02451 physics=0.3062 total=0.2977
[TRAIN train_climax_no_localization_head_s44] [TRAIN] stage=pretrain epoch=1/1 batch=300/3000 step=300 repair=0.003003 localization=0 type=0.906 minimal=0.02649 physics=0.2824 total=0.2064
[TRAIN train_climax_no_localization_head_s44] [TRAIN] stage=pretrain epoch=1/1 batch=310/3000 step=310 repair=0.0046 localization=0 type=2.046 minimal=0.02696 physics=0.3307 total=0.4037
[TRAIN train_climax_no_localization_head_s44] [TRAIN] stage=pretrain epoch=1/1 batch=320/3000 step=320 repair=0.002221 localization=0 type=1.883 minimal=0.02396 physics=0.1876 total=0.326
[TRAIN train_climax_no_localization_head_s44] [TRAIN] stage=pretrain epoch=1/1 batch=330/3000 step=330 repair=0.01108 localization=0 type=1.365 minimal=0.02217 physics=0.4195 total=0.2559
[TRAIN train_climax_no_localization_head_s44] [TRAIN] stage=pretrain epoch=1/1 batch=340/3000 step=340 repair=0.005343 localization=0 type=1.24 minimal=0.0228 physics=0.2134 total=0.2626
[TRAIN train_climax_no_localization_head_s44] [TRAIN] stage=pretrain epoch=1/1 batch=350/3000 step=350 repair=0.004982 localization=0 type=2.423 minimal=0.02441 physics=0.9381 total=0.2944
[TRAIN train_climax_no_localization_head_s44] [TRAIN] stage=pretrain epoch=1/1 batch=360/3000 step=360 repair=0.00569 localization=0 type=1.525 minimal=0.03302 physics=0.3134 total=0.3025
[TRAIN train_climax_no_localization_head_s44] [TRAIN] stage=pretrain epoch=1/1 batch=370/3000 step=370 repair=0.009141 localization=0 type=1.217 minimal=0.0246 physics=1.282 total=0.1952
[TRAIN train_climax_no_localization_head_s44] [TRAIN] stage=pretrain epoch=1/1 batch=380/3000 step=380 repair=0.007543 localization=0 type=3.062 minimal=0.03171 physics=0.3581 total=0.5067
[TRAIN train_climax_no_localization_head_s44] [TRAIN] stage=pretrain epoch=1/1 batch=390/3000 step=390 repair=0.006661 localization=0 type=1.885 minimal=0.03436 physics=0.3589 total=0.3633
[TRAIN train_climax_no_localization_head_s44] [TRAIN] stage=pretrain epoch=1/1 batch=400/3000 step=400 repair=0.004044 localization=0 type=1.886 minimal=0.02757 physics=0.4111 total=0.2135
[TRAIN train_climax_no_localization_head_s44] [TRAIN] stage=pretrain epoch=1/1 batch=410/3000 step=410 repair=0.01176 localization=0 type=1.849 minimal=0.02902 physics=0.1477 total=0.3763
[TRAIN train_climax_no_localization_head_s44] [TRAIN] stage=pretrain epoch=1/1 batch=420/3000 step=420 repair=0.005145 localization=0 type=1.475 minimal=0.02382 physics=1.012 total=0.2035
[TRAIN train_climax_no_localization_head_s44] [TRAIN] stage=pretrain epoch=1/1 batch=430/3000 step=430 repair=0.02627 localization=0 type=1.214 minimal=0.02475 physics=0.4967 total=0.2929
[TRAIN train_climax_no_localization_head_s44] [TRAIN] stage=pretrain epoch=1/1 batch=440/3000 step=440 repair=0.002366 localization=0 type=1.535 minimal=0.02199 physics=0.2419 total=0.3006
[TRAIN train_climax_no_localization_head_s44] [TRAIN] stage=pretrain epoch=1/1 batch=450/3000 step=450 repair=0.003514 localization=0 type=1.475 minimal=0.02577 physics=0.2313 total=0.2829
[TRAIN train_climax_no_localization_head_s44] [TRAIN] stage=pretrain epoch=1/1 batch=460/3000 step=460 repair=0.01954 localization=0 type=1.88 minimal=0.02124 physics=0.3348 total=0.4038
[TRAIN train_climax_no_localization_head_s44] [TRAIN] stage=pretrain epoch=1/1 batch=470/3000 step=470 repair=0.002044 localization=0 type=0.7593 minimal=0.02391 physics=0.134 total=0.1247
[TRAIN train_climax_no_localization_head_s44] [TRAIN] stage=pretrain epoch=1/1 batch=480/3000 step=480 repair=0.01094 localization=0 type=2.402 minimal=0.02379 physics=0.3768 total=0.5105
[TRAIN train_climax_no_localization_head_s44] [TRAIN] stage=pretrain epoch=1/1 batch=490/3000 step=490 repair=0.006448 localization=0 type=1.787 minimal=0.022 physics=0.3964 total=0.3572
[TRAIN train_climax_no_localization_head_s44] [TRAIN] stage=pretrain epoch=1/1 batch=500/3000 step=500 repair=0.002121 localization=0 type=1.358 minimal=0.02203 physics=0.0948 total=0.2694
[TRAIN train_climax_no_localization_head_s44] [TRAIN] stage=pretrain epoch=1/1 batch=510/3000 step=510 repair=0.002495 localization=0 type=1.508 minimal=0.02113 physics=0.2673 total=0.2964
[TRAIN train_climax_no_localization_head_s44] [TRAIN] stage=pretrain epoch=1/1 batch=520/3000 step=520 repair=0.003715 localization=0 type=1.708 minimal=0.02441 physics=0.1211 total=0.3143
[TRAIN train_climax_no_localization_head_s44] [TRAIN] stage=pretrain epoch=1/1 batch=530/3000 step=530 repair=0.002922 localization=0 type=1.769 minimal=0.02377 physics=0.1366 total=0.3139
[TRAIN train_climax_no_localization_head_s44] [TRAIN] stage=pretrain epoch=1/1 batch=540/3000 step=540 repair=0.002255 localization=0 type=1.959 minimal=0.02115 physics=0.1015 total=0.3163
[TRAIN train_climax_no_localization_head_s44] [TRAIN] stage=pretrain epoch=1/1 batch=550/3000 step=550 repair=0.002224 localization=0 type=1.715 minimal=0.02272 physics=0.1764 total=0.2937
[TRAIN train_climax_no_localization_head_s44] [TRAIN] stage=pretrain epoch=1/1 batch=560/3000 step=560 repair=0.005611 localization=0 type=2.708 minimal=0.01825 physics=0.3433 total=0.4889
[TRAIN train_climax_no_localization_head_s44] [TRAIN] stage=pretrain epoch=1/1 batch=570/3000 step=570 repair=0.001904 localization=0 type=1.978 minimal=0.02098 physics=0.4162 total=0.3998
[TRAIN train_climax_no_localization_head_s44] [TRAIN] stage=pretrain epoch=1/1 batch=580/3000 step=580 repair=0.02672 localization=0 type=2.182 minimal=0.02509 physics=1.21 total=0.3056
[TRAIN train_climax_no_localization_head_s44] [TRAIN] stage=pretrain epoch=1/1 batch=590/3000 step=590 repair=0.002622 localization=0 type=1.344 minimal=0.02621 physics=0.1743 total=0.2806
[TRAIN train_climax_no_localization_head_s44] [TRAIN] stage=pretrain epoch=1/1 batch=600/3000 step=600 repair=0.03246 localization=0 type=1.279 minimal=0.02301 physics=2.097 total=0.2655
[TRAIN train_climax_no_localization_head_s44] [TRAIN] stage=pretrain epoch=1/1 batch=610/3000 step=610 repair=0.003214 localization=0 type=0.947 minimal=0.02702 physics=0.4241 total=0.1194
[TRAIN train_climax_no_localization_head_s44] [TRAIN] stage=pretrain epoch=1/1 batch=620/3000 step=620 repair=0.02212 localization=0 type=0.8828 minimal=0.02451 physics=2.12 total=0.2167
[TRAIN train_climax_no_localization_head_s44] [TRAIN] stage=pretrain epoch=1/1 batch=630/3000 step=630 repair=0.003107 localization=0 type=2.332 minimal=0.01974 physics=0.1084 total=0.4251
[TRAIN train_climax_no_localization_head_s44] [TRAIN] stage=pretrain epoch=1/1 batch=640/3000 step=640 repair=0.01131 localization=0 type=1.946 minimal=0.01939 physics=0.9738 total=0.3823
[TRAIN train_climax_no_localization_head_s44] [TRAIN] stage=pretrain epoch=1/1 batch=650/3000 step=650 repair=0.02128 localization=0 type=0.6272 minimal=0.02289 physics=1.842 total=0.1764
[TRAIN train_climax_no_localization_head_s44] [TRAIN] stage=pretrain epoch=1/1 batch=660/3000 step=660 repair=0.003885 localization=0 type=2.446 minimal=0.02141 physics=0.08748 total=0.4283
[TRAIN train_climax_no_localization_head_s44] [TRAIN] stage=pretrain epoch=1/1 batch=670/3000 step=670 repair=0.002083 localization=0 type=1.579 minimal=0.0179 physics=0.1296 total=0.2773
[TRAIN train_climax_no_localization_head_s44] [TRAIN] stage=pretrain epoch=1/1 batch=680/3000 step=680 repair=0.003289 localization=0 type=2.038 minimal=0.02107 physics=0.2207 total=0.3854
[TRAIN train_climax_no_localization_head_s44] [TRAIN] stage=pretrain epoch=1/1 batch=690/3000 step=690 repair=0.004208 localization=0 type=1.717 minimal=0.02248 physics=0.173 total=0.3122
[TRAIN train_climax_no_localization_head_s44] [TRAIN] stage=pretrain epoch=1/1 batch=700/3000 step=700 repair=0.02439 localization=0 type=1.407 minimal=0.01808 physics=1.653 total=0.2479
[TRAIN train_climax_no_localization_head_s44] [TRAIN] stage=pretrain epoch=1/1 batch=710/3000 step=710 repair=0.002714 localization=0 type=1.978 minimal=0.01981 physics=0.2814 total=0.4196
[TRAIN train_climax_no_localization_head_s44] [TRAIN] stage=pretrain epoch=1/1 batch=720/3000 step=720 repair=0.005498 localization=0 type=1.229 minimal=0.02022 physics=0.2894 total=0.2401
[TRAIN train_climax_no_localization_head_s44] [TRAIN] stage=pretrain epoch=1/1 batch=730/3000 step=730 repair=0.006609 localization=0 type=1.226 minimal=0.02249 physics=0.4697 total=0.2525
[TRAIN train_climax_no_localization_head_s44] [TRAIN] stage=pretrain epoch=1/1 batch=740/3000 step=740 repair=0.003017 localization=0 type=2.148 minimal=0.02275 physics=0.1487 total=0.4234
[TRAIN train_climax_no_localization_head_s44] [TRAIN] stage=pretrain epoch=1/1 batch=750/3000 step=750 repair=0.007109 localization=0 type=1.797 minimal=0.02307 physics=0.9971 total=0.2369
[TRAIN train_climax_no_localization_head_s44] [TRAIN] stage=pretrain epoch=1/1 batch=760/3000 step=760 repair=0.002837 localization=0 type=1.672 minimal=0.02286 physics=0.1113 total=0.3276
[TRAIN train_climax_no_localization_head_s44] [TRAIN] stage=pretrain epoch=1/1 batch=770/3000 step=770 repair=0.005605 localization=0 type=1.678 minimal=0.02016 physics=1.138 total=0.2305
[TRAIN train_climax_no_localization_head_s44] [TRAIN] stage=pretrain epoch=1/1 batch=780/3000 step=780 repair=0.00493 localization=0 type=1.58 minimal=0.02022 physics=0.2428 total=0.3128
[TRAIN train_climax_no_localization_head_s44] [TRAIN] stage=pretrain epoch=1/1 batch=790/3000 step=790 repair=0.001636 localization=0 type=1.215 minimal=0.0177 physics=0.0654 total=0.219
[TRAIN train_climax_no_localization_head_s44] [TRAIN] stage=pretrain epoch=1/1 batch=800/3000 step=800 repair=0.005219 localization=0 type=2.58 minimal=0.01958 physics=0.1684 total=0.5126
[TRAIN train_climax_no_localization_head_s44] [TRAIN] stage=pretrain epoch=1/1 batch=810/3000 step=810 repair=0.002926 localization=0 type=1.795 minimal=0.01846 physics=0.6963 total=0.2174
[TRAIN train_climax_no_localization_head_s44] [TRAIN] stage=pretrain epoch=1/1 batch=820/3000 step=820 repair=0.0148 localization=0 type=1.627 minimal=0.01714 physics=1.152 total=0.3583
[TRAIN train_climax_no_localization_head_s44] [TRAIN] stage=pretrain epoch=1/1 batch=830/3000 step=830 repair=0.0328 localization=0 type=1.56 minimal=0.0275 physics=1.696 total=0.2738
[TRAIN train_climax_no_localization_head_s44] [TRAIN] stage=pretrain epoch=1/1 batch=840/3000 step=840 repair=0.00341 localization=0 type=1.884 minimal=0.02386 physics=0.1852 total=0.3258
[TRAIN train_climax_no_localization_head_s44] [TRAIN] stage=pretrain epoch=1/1 batch=850/3000 step=850 repair=0.008826 localization=0 type=1.025 minimal=0.02177 physics=1.132 total=0.1681
[TRAIN train_climax_no_localization_head_s44] [TRAIN] stage=pretrain epoch=1/1 batch=860/3000 step=860 repair=0.004114 localization=0 type=1.672 minimal=0.02142 physics=0.2453 total=0.3093
[TRAIN train_climax_no_localization_head_s44] [TRAIN] stage=pretrain epoch=1/1 batch=870/3000 step=870 repair=0.02655 localization=0 type=1.37 minimal=0.01884 physics=1.373 total=0.2324
[TRAIN train_climax_no_localization_head_s44] [TRAIN] stage=pretrain epoch=1/1 batch=880/3000 step=880 repair=0.01201 localization=0 type=1.652 minimal=0.02124 physics=0.146 total=0.3247
[TRAIN train_climax_no_localization_head_s44] [TRAIN] stage=pretrain epoch=1/1 batch=890/3000 step=890 repair=0.005248 localization=0 type=1.326 minimal=0.02057 physics=0.1675 total=0.238
[TRAIN train_climax_no_localization_head_s44] [TRAIN] stage=pretrain epoch=1/1 batch=900/3000 step=900 repair=0.006842 localization=0 type=1.918 minimal=0.02663 physics=0.6216 total=0.3813
[TRAIN train_climax_no_localization_head_s44] [TRAIN] stage=pretrain epoch=1/1 batch=910/3000 step=910 repair=0.02427 localization=0 type=1.67 minimal=0.0273 physics=1.267 total=0.2549
[TRAIN train_climax_no_localization_head_s44] [TRAIN] stage=pretrain epoch=1/1 batch=920/3000 step=920 repair=0.003777 localization=0 type=2.301 minimal=0.01973 physics=0.1104 total=0.4419
[TRAIN train_climax_no_localization_head_s44] [TRAIN] stage=pretrain epoch=1/1 batch=930/3000 step=930 repair=0.008599 localization=0 type=1.53 minimal=0.02542 physics=0.4154 total=0.3125
[TRAIN train_climax_no_localization_head_s44] [TRAIN] stage=pretrain epoch=1/1 batch=940/3000 step=940 repair=0.017 localization=0 type=2.125 minimal=0.02252 physics=0.2325 total=0.4056
[TRAIN train_climax_no_localization_head_s44] [TRAIN] stage=pretrain epoch=1/1 batch=950/3000 step=950 repair=0.002713 localization=0 type=2.04 minimal=0.01859 physics=0.2242 total=0.3863
[TRAIN train_climax_no_localization_head_s44] [TRAIN] stage=pretrain epoch=1/1 batch=960/3000 step=960 repair=0.009737 localization=0 type=2.07 minimal=0.02425 physics=0.2038 total=0.3992
[TRAIN train_climax_no_localization_head_s44] [TRAIN] stage=pretrain epoch=1/1 batch=970/3000 step=970 repair=0.002945 localization=0 type=1.232 minimal=0.01923 physics=0.4557 total=0.1491
[TRAIN train_climax_no_localization_head_s44] [TRAIN] stage=pretrain epoch=1/1 batch=980/3000 step=980 repair=0.01565 localization=0 type=1.997 minimal=0.02348 physics=0.2647 total=0.4016
[TRAIN train_climax_no_localization_head_s44] [TRAIN] stage=pretrain epoch=1/1 batch=990/3000 step=990 repair=0.003741 localization=0 type=1.347 minimal=0.02319 physics=0.1665 total=0.2526
[TRAIN train_climax_no_localization_head_s44] [TRAIN] stage=pretrain epoch=1/1 batch=1000/3000 step=1000 repair=0.005752 localization=0 type=1.442 minimal=0.02209 physics=0.1304 total=0.2792
[TRAIN train_climax_no_localization_head_s44] [TRAIN] stage=pretrain epoch=1/1 batch=1010/3000 step=1010 repair=0.003428 localization=0 type=1.803 minimal=0.02103 physics=0.4494 total=0.2064
[TRAIN train_climax_no_localization_head_s44] [TRAIN] stage=pretrain epoch=1/1 batch=1020/3000 step=1020 repair=0.002889 localization=0 type=1.55 minimal=0.02153 physics=0.1189 total=0.2937
[TRAIN train_climax_no_localization_head_s44] [TRAIN] stage=pretrain epoch=1/1 batch=1030/3000 step=1030 repair=0.002748 localization=0 type=1.647 minimal=0.02251 physics=0.1658 total=0.3138
[TRAIN train_climax_no_localization_head_s44] [TRAIN] stage=pretrain epoch=1/1 batch=1040/3000 step=1040 repair=0.002769 localization=0 type=1.26 minimal=0.02307 physics=0.4588 total=0.2656
[TRAIN train_climax_no_localization_head_s44] [TRAIN] stage=pretrain epoch=1/1 batch=1050/3000 step=1050 repair=0.01076 localization=0 type=2.126 minimal=0.02258 physics=1.706 total=0.3089
[TRAIN train_climax_no_localization_head_s44] [TRAIN] stage=pretrain epoch=1/1 batch=1060/3000 step=1060 repair=0.004767 localization=0 type=1.473 minimal=0.02351 physics=0.3907 total=0.2982
[TRAIN train_climax_no_localization_head_s44] [TRAIN] stage=pretrain epoch=1/1 batch=1070/3000 step=1070 repair=0.03013 localization=0 type=1.438 minimal=0.02339 physics=2.107 total=0.2796
[TRAIN train_climax_no_localization_head_s44] [TRAIN] stage=pretrain epoch=1/1 batch=1080/3000 step=1080 repair=0.003091 localization=0 type=1.765 minimal=0.01997 physics=0.1465 total=0.3417
[TRAIN train_climax_no_localization_head_s44] [TRAIN] stage=pretrain epoch=1/1 batch=1090/3000 step=1090 repair=0.008967 localization=0 type=1.738 minimal=0.02228 physics=0.1405 total=0.3482
[TRAIN train_climax_no_localization_head_s44] [TRAIN] stage=pretrain epoch=1/1 batch=1100/3000 step=1100 repair=0.003394 localization=0 type=1.711 minimal=0.02217 physics=0.1626 total=0.3302
[TRAIN train_climax_no_localization_head_s44] [TRAIN] stage=pretrain epoch=1/1 batch=1110/3000 step=1110 repair=0.005674 localization=0 type=1.75 minimal=0.02596 physics=0.3169 total=0.3615
[TRAIN train_climax_no_localization_head_s44] [TRAIN] stage=pretrain epoch=1/1 batch=1120/3000 step=1120 repair=0.005192 localization=0 type=2.08 minimal=0.01906 physics=0.09201 total=0.3986
[TRAIN train_climax_no_localization_head_s44] [TRAIN] stage=pretrain epoch=1/1 batch=1130/3000 step=1130 repair=0.002017 localization=0 type=1.617 minimal=0.01785 physics=0.1971 total=0.306
[TRAIN train_climax_no_localization_head_s44] [TRAIN] stage=pretrain epoch=1/1 batch=1140/3000 step=1140 repair=0.005932 localization=0 type=1.436 minimal=0.01917 physics=0.1592 total=0.2726
[TRAIN train_climax_no_localization_head_s44] [TRAIN] stage=pretrain epoch=1/1 batch=1150/3000 step=1150 repair=0.003701 localization=0 type=1.548 minimal=0.02419 physics=0.1673 total=0.3031
[TRAIN train_climax_no_localization_head_s44] [TRAIN] stage=pretrain epoch=1/1 batch=1160/3000 step=1160 repair=0.005868 localization=0 type=1.893 minimal=0.02242 physics=0.2328 total=0.3829
[TRAIN train_climax_no_localization_head_s44] [TRAIN] stage=pretrain epoch=1/1 batch=1170/3000 step=1170 repair=0.008674 localization=0 type=1.676 minimal=0.01961 physics=0.5783 total=0.3581
[TRAIN train_climax_no_localization_head_s44] [TRAIN] stage=pretrain epoch=1/1 batch=1180/3000 step=1180 repair=0.001902 localization=0 type=1.574 minimal=0.01904 physics=0.06596 total=0.2896
[TRAIN train_climax_no_localization_head_s44] [TRAIN] stage=pretrain epoch=1/1 batch=1190/3000 step=1190 repair=0.003574 localization=0 type=1.471 minimal=0.01996 physics=0.2417 total=0.2991
[TRAIN train_climax_no_localization_head_s44] [TRAIN] stage=pretrain epoch=1/1 batch=1200/3000 step=1200 repair=0.003272 localization=0 type=1.833 minimal=0.01906 physics=0.1802 total=0.3647
[TRAIN train_climax_no_localization_head_s44] [TRAIN] stage=pretrain epoch=1/1 batch=1210/3000 step=1210 repair=0.006642 localization=0 type=1.693 minimal=0.02086 physics=0.3689 total=0.3413
[TRAIN train_climax_no_localization_head_s44] [TRAIN] stage=pretrain epoch=1/1 batch=1220/3000 step=1220 repair=0.005486 localization=0 type=1.769 minimal=0.02188 physics=0.1781 total=0.3403
[TRAIN train_climax_no_localization_head_s44] [TRAIN] stage=pretrain epoch=1/1 batch=1230/3000 step=1230 repair=0.006923 localization=0 type=1.638 minimal=0.01779 physics=0.1066 total=0.3331
[TRAIN train_climax_no_localization_head_s44] [TRAIN] stage=pretrain epoch=1/1 batch=1240/3000 step=1240 repair=0.008618 localization=0 type=1.762 minimal=0.01781 physics=0.8517 total=0.3702
[TRAIN train_climax_no_localization_head_s44] [TRAIN] stage=pretrain epoch=1/1 batch=1250/3000 step=1250 repair=0.00536 localization=0 type=1.248 minimal=0.01892 physics=0.2151 total=0.2464
[TRAIN train_climax_no_localization_head_s44] [TRAIN] stage=pretrain epoch=1/1 batch=1260/3000 step=1260 repair=0.005427 localization=0 type=1.346 minimal=0.01961 physics=0.1118 total=0.2431
[TRAIN train_climax_no_localization_head_s44] [TRAIN] stage=pretrain epoch=1/1 batch=1270/3000 step=1270 repair=0.00364 localization=0 type=1.933 minimal=0.02138 physics=0.1856 total=0.3599
[TRAIN train_climax_no_localization_head_s44] [TRAIN] stage=pretrain epoch=1/1 batch=1280/3000 step=1280 repair=0.003489 localization=0 type=2.001 minimal=0.02127 physics=0.13 total=0.3598
[TRAIN train_climax_no_localization_head_s44] [TRAIN] stage=pretrain epoch=1/1 batch=1290/3000 step=1290 repair=0.00296 localization=0 type=0.6602 minimal=0.02138 physics=0.353 total=0.08684
[TRAIN train_climax_no_localization_head_s44] [TRAIN] stage=pretrain epoch=1/1 batch=1300/3000 step=1300 repair=0.003573 localization=0 type=1.058 minimal=0.02016 physics=0.6692 total=0.143
[TRAIN train_climax_no_localization_head_s44] [TRAIN] stage=pretrain epoch=1/1 batch=1310/3000 step=1310 repair=0.006693 localization=0 type=1.729 minimal=0.02109 physics=0.1901 total=0.3285
[TRAIN train_climax_no_localization_head_s44] [TRAIN] stage=pretrain epoch=1/1 batch=1320/3000 step=1320 repair=0.003733 localization=0 type=1.525 minimal=0.02145 physics=0.6966 total=0.1913
[TRAIN train_climax_no_localization_head_s44] [TRAIN] stage=pretrain epoch=1/1 batch=1330/3000 step=1330 repair=0.004195 localization=0 type=1.493 minimal=0.02162 physics=0.166 total=0.306
[TRAIN train_climax_no_localization_head_s44] [TRAIN] stage=pretrain epoch=1/1 batch=1340/3000 step=1340 repair=0.01773 localization=0 type=1.595 minimal=0.02234 physics=1.336 total=0.2442
[TRAIN train_climax_no_localization_head_s44] [TRAIN] stage=pretrain epoch=1/1 batch=1350/3000 step=1350 repair=0.0024 localization=0 type=1.624 minimal=0.01886 physics=0.1752 total=0.3071
[TRAIN train_climax_no_localization_head_s44] [TRAIN] stage=pretrain epoch=1/1 batch=1360/3000 step=1360 repair=0.01231 localization=0 type=1.433 minimal=0.01761 physics=0.09775 total=0.2929
[TRAIN train_climax_no_localization_head_s44] [TRAIN] stage=pretrain epoch=1/1 batch=1370/3000 step=1370 repair=0.003277 localization=0 type=2.206 minimal=0.01903 physics=0.0796 total=0.3969
[TRAIN train_climax_no_localization_head_s44] [TRAIN] stage=pretrain epoch=1/1 batch=1380/3000 step=1380 repair=0.005087 localization=0 type=1.336 minimal=0.01906 physics=0.1598 total=0.2443
[TRAIN train_climax_no_localization_head_s44] [TRAIN] stage=pretrain epoch=1/1 batch=1390/3000 step=1390 repair=0.01926 localization=0 type=1.209 minimal=0.02594 physics=0.2388 total=0.238
[TRAIN train_climax_no_localization_head_s44] [TRAIN] stage=pretrain epoch=1/1 batch=1400/3000 step=1400 repair=0.02234 localization=0 type=1.667 minimal=0.02771 physics=1.723 total=0.2755
[TRAIN train_climax_no_localization_head_s44] [TRAIN] stage=pretrain epoch=1/1 batch=1410/3000 step=1410 repair=0.003565 localization=0 type=1.112 minimal=0.02623 physics=0.4543 total=0.1378
[TRAIN train_climax_no_localization_head_s44] [TRAIN] stage=pretrain epoch=1/1 batch=1420/3000 step=1420 repair=0.002985 localization=0 type=1.347 minimal=0.02243 physics=0.1444 total=0.2207
[TRAIN train_climax_no_localization_head_s44] [TRAIN] stage=pretrain epoch=1/1 batch=1430/3000 step=1430 repair=0.03172 localization=0 type=1.014 minimal=0.02356 physics=1.993 total=0.233
[TRAIN train_climax_no_localization_head_s44] [TRAIN] stage=pretrain epoch=1/1 batch=1440/3000 step=1440 repair=0.007992 localization=0 type=1.42 minimal=0.03065 physics=0.3368 total=0.2764
[TRAIN train_climax_no_localization_head_s44] [TRAIN] stage=pretrain epoch=1/1 batch=1450/3000 step=1450 repair=0.03477 localization=0 type=1.285 minimal=0.02477 physics=2.484 total=0.2877
[TRAIN train_climax_no_localization_head_s44] [TRAIN] stage=pretrain epoch=1/1 batch=1460/3000 step=1460 repair=0.006462 localization=0 type=0.9285 minimal=0.02122 physics=0.1823 total=0.1827
[TRAIN train_climax_no_localization_head_s44] [TRAIN] stage=pretrain epoch=1/1 batch=1470/3000 step=1470 repair=0.005182 localization=0 type=2.216 minimal=0.02145 physics=0.198 total=0.4738
[TRAIN train_climax_no_localization_head_s44] [TRAIN] stage=pretrain epoch=1/1 batch=1480/3000 step=1480 repair=0.004168 localization=0 type=1.862 minimal=0.02477 physics=0.1292 total=0.3593
[TRAIN train_climax_no_localization_head_s44] [TRAIN] stage=pretrain epoch=1/1 batch=1490/3000 step=1490 repair=0.003426 localization=0 type=1.368 minimal=0.0246 physics=0.1738 total=0.2709
[TRAIN train_climax_no_localization_head_s44] [TRAIN] stage=pretrain epoch=1/1 batch=1500/3000 step=1500 repair=0.002723 localization=0 type=1.678 minimal=0.02109 physics=0.2132 total=0.3394
[TRAIN train_climax_no_localization_head_s44] [TRAIN] stage=pretrain epoch=1/1 batch=1510/3000 step=1510 repair=0.00225 localization=0 type=1.479 minimal=0.02074 physics=0.2297 total=0.2964
[TRAIN train_climax_no_localization_head_s44] [TRAIN] stage=pretrain epoch=1/1 batch=1520/3000 step=1520 repair=0.003757 localization=0 type=1.922 minimal=0.02147 physics=0.07487 total=0.3661
[TRAIN train_climax_no_localization_head_s44] [TRAIN] stage=pretrain epoch=1/1 batch=1530/3000 step=1530 repair=0.004787 localization=0 type=1.711 minimal=0.02235 physics=0.7659 total=0.2144
[TRAIN train_climax_no_localization_head_s44] [TRAIN] stage=pretrain epoch=1/1 batch=1540/3000 step=1540 repair=0.004879 localization=0 type=1.506 minimal=0.02214 physics=0.3489 total=0.3063
[TRAIN train_climax_no_localization_head_s44] [TRAIN] stage=pretrain epoch=1/1 batch=1550/3000 step=1550 repair=0.003655 localization=0 type=1.232 minimal=0.02367 physics=0.2152 total=0.247
[TRAIN train_climax_no_localization_head_s44] [TRAIN] stage=pretrain epoch=1/1 batch=1560/3000 step=1560 repair=0.002614 localization=0 type=0.8679 minimal=0.02101 physics=0.2101 total=0.1519
[TRAIN train_climax_no_localization_head_s44] [TRAIN] stage=pretrain epoch=1/1 batch=1570/3000 step=1570 repair=0.01722 localization=0 type=1.273 minimal=0.01973 physics=2.123 total=0.2508
[TRAIN train_climax_no_localization_head_s44] [TRAIN] stage=pretrain epoch=1/1 batch=1580/3000 step=1580 repair=0.002763 localization=0 type=2.072 minimal=0.02081 physics=0.1485 total=0.4023
[TRAIN train_climax_no_localization_head_s44] [TRAIN] stage=pretrain epoch=1/1 batch=1590/3000 step=1590 repair=0.01757 localization=0 type=1.928 minimal=0.02003 physics=0.1757 total=0.3732
[TRAIN train_climax_no_localization_head_s44] [TRAIN] stage=pretrain epoch=1/1 batch=1600/3000 step=1600 repair=0.004042 localization=0 type=1.346 minimal=0.02084 physics=0.776 total=0.1777
[TRAIN train_climax_no_localization_head_s44] [TRAIN] stage=pretrain epoch=1/1 batch=1610/3000 step=1610 repair=0.002366 localization=0 type=1.911 minimal=0.01993 physics=0.0841 total=0.3374
[TRAIN train_climax_no_localization_head_s44] [TRAIN] stage=pretrain epoch=1/1 batch=1620/3000 step=1620 repair=0.007604 localization=0 type=1.141 minimal=0.01898 physics=1.181 total=0.1809
[TRAIN train_climax_no_localization_head_s44] [TRAIN] stage=pretrain epoch=1/1 batch=1630/3000 step=1630 repair=0.004084 localization=0 type=1.227 minimal=0.02116 physics=0.2252 total=0.2362
[TRAIN train_climax_no_localization_head_s44] [TRAIN] stage=pretrain epoch=1/1 batch=1640/3000 step=1640 repair=0.003013 localization=0 type=1.323 minimal=0.02199 physics=0.274 total=0.1492
[TRAIN train_climax_no_localization_head_s44] [TRAIN] stage=pretrain epoch=1/1 batch=1650/3000 step=1650 repair=0.00236 localization=0 type=1.827 minimal=0.01944 physics=0.0796 total=0.342
[TRAIN train_climax_no_localization_head_s44] [TRAIN] stage=pretrain epoch=1/1 batch=1660/3000 step=1660 repair=0.008892 localization=0 type=1.621 minimal=0.02 physics=0.5729 total=0.3427
[TRAIN train_climax_no_localization_head_s44] [TRAIN] stage=pretrain epoch=1/1 batch=1670/3000 step=1670 repair=0.003217 localization=0 type=1.62 minimal=0.02011 physics=0.3789 total=0.324
[TRAIN train_climax_no_localization_head_s44] [TRAIN] stage=pretrain epoch=1/1 batch=1680/3000 step=1680 repair=0.003234 localization=0 type=1.752 minimal=0.02039 physics=0.1283 total=0.3346
[TRAIN train_climax_no_localization_head_s44] [TRAIN] stage=pretrain epoch=1/1 batch=1690/3000 step=1690 repair=0.02641 localization=0 type=1.389 minimal=0.02342 physics=1.858 total=0.2584
[TRAIN train_climax_no_localization_head_s44] [TRAIN] stage=pretrain epoch=1/1 batch=1700/3000 step=1700 repair=0.003676 localization=0 type=1.349 minimal=0.02052 physics=0.5594 total=0.1668
[TRAIN train_climax_no_localization_head_s44] [TRAIN] stage=pretrain epoch=1/1 batch=1710/3000 step=1710 repair=0.00746 localization=0 type=1.075 minimal=0.02502 physics=0.2992 total=0.2137
[TRAIN train_climax_no_localization_head_s44] [TRAIN] stage=pretrain epoch=1/1 batch=1720/3000 step=1720 repair=0.00683 localization=0 type=1.527 minimal=0.02039 physics=1.204 total=0.22
[TRAIN train_climax_no_localization_head_s44] [TRAIN] stage=pretrain epoch=1/1 batch=1730/3000 step=1730 repair=0.002329 localization=0 type=1.955 minimal=0.01924 physics=0.0751 total=0.3643
[TRAIN train_climax_no_localization_head_s44] [TRAIN] stage=pretrain epoch=1/1 batch=1740/3000 step=1740 repair=0.003309 localization=0 type=1.65 minimal=0.02316 physics=0.6442 total=0.2007
[TRAIN train_climax_no_localization_head_s44] [TRAIN] stage=pretrain epoch=1/1 batch=1750/3000 step=1750 repair=0.002436 localization=0 type=1.317 minimal=0.02031 physics=0.1414 total=0.2514
[TRAIN train_climax_no_localization_head_s44] [TRAIN] stage=pretrain epoch=1/1 batch=1760/3000 step=1760 repair=0.003352 localization=0 type=1.651 minimal=0.01953 physics=0.09198 total=0.3282
[TRAIN train_climax_no_localization_head_s44] [TRAIN] stage=pretrain epoch=1/1 batch=1770/3000 step=1770 repair=0.005153 localization=0 type=1.843 minimal=0.01646 physics=0.1118 total=0.3536
[TRAIN train_climax_no_localization_head_s44] [TRAIN] stage=pretrain epoch=1/1 batch=1780/3000 step=1780 repair=0.004396 localization=0 type=1.858 minimal=0.0164 physics=0.09 total=0.348
[TRAIN train_climax_no_localization_head_s44] [TRAIN] stage=pretrain epoch=1/1 batch=1790/3000 step=1790 repair=0.01138 localization=0 type=1.589 minimal=0.01932 physics=0.7522 total=0.3513
[TRAIN train_climax_no_localization_head_s44] [TRAIN] stage=pretrain epoch=1/1 batch=1800/3000 step=1800 repair=0.002352 localization=0 type=1.373 minimal=0.0192 physics=0.113 total=0.2509
[TRAIN train_climax_no_localization_head_s44] [TRAIN] stage=pretrain epoch=1/1 batch=1810/3000 step=1810 repair=0.005075 localization=0 type=1.623 minimal=0.01796 physics=0.06691 total=0.3175
[TRAIN train_climax_no_localization_head_s44] [TRAIN] stage=pretrain epoch=1/1 batch=1820/3000 step=1820 repair=0.003337 localization=0 type=1.322 minimal=0.01808 physics=0.8367 total=0.1775
[TRAIN train_climax_no_localization_head_s44] [TRAIN] stage=pretrain epoch=1/1 batch=1830/3000 step=1830 repair=0.003725 localization=0 type=2.837 minimal=0.02014 physics=0.1328 total=0.5524
[TRAIN train_climax_no_localization_head_s44] [TRAIN] stage=pretrain epoch=1/1 batch=1840/3000 step=1840 repair=0.0274 localization=0 type=2.127 minimal=0.02374 physics=0.2279 total=0.4338
[TRAIN train_climax_no_localization_head_s44] [TRAIN] stage=pretrain epoch=1/1 batch=1850/3000 step=1850 repair=0.02525 localization=0 type=1.422 minimal=0.02086 physics=2.381 total=0.2867
[TRAIN train_climax_no_localization_head_s44] [TRAIN] stage=pretrain epoch=1/1 batch=1860/3000 step=1860 repair=0.002228 localization=0 type=1.812 minimal=0.01726 physics=0.0944 total=0.3459
[TRAIN train_climax_no_localization_head_s44] [TRAIN] stage=pretrain epoch=1/1 batch=1870/3000 step=1870 repair=0.003266 localization=0 type=1.439 minimal=0.01578 physics=0.6976 total=0.1823
[TRAIN train_climax_no_localization_head_s44] [TRAIN] stage=pretrain epoch=1/1 batch=1880/3000 step=1880 repair=0.004204 localization=0 type=1.09 minimal=0.02167 physics=0.2283 total=0.2259
[TRAIN train_climax_no_localization_head_s44] [TRAIN] stage=pretrain epoch=1/1 batch=1890/3000 step=1890 repair=0.01613 localization=0 type=1.48 minimal=0.0177 physics=0.136 total=0.2875
[TRAIN train_climax_no_localization_head_s44] [TRAIN] stage=pretrain epoch=1/1 batch=1900/3000 step=1900 repair=0.003185 localization=0 type=1.859 minimal=0.01877 physics=0.2797 total=0.3536
[TRAIN train_climax_no_localization_head_s44] [TRAIN] stage=pretrain epoch=1/1 batch=1910/3000 step=1910 repair=0.005923 localization=0 type=1.437 minimal=0.0192 physics=0.1686 total=0.2887
[TRAIN train_climax_no_localization_head_s44] [TRAIN] stage=pretrain epoch=1/1 batch=1920/3000 step=1920 repair=0.003604 localization=0 type=1.439 minimal=0.02007 physics=0.2669 total=0.2912
[TRAIN train_climax_no_localization_head_s44] [TRAIN] stage=pretrain epoch=1/1 batch=1930/3000 step=1930 repair=0.003563 localization=0 type=1.653 minimal=0.01936 physics=0.5112 total=0.1946
[TRAIN train_climax_no_localization_head_s44] [TRAIN] stage=pretrain epoch=1/1 batch=1940/3000 step=1940 repair=0.004719 localization=0 type=1.098 minimal=0.02441 physics=0.8176 total=0.1556
[TRAIN train_climax_no_localization_head_s44] [TRAIN] stage=pretrain epoch=1/1 batch=1950/3000 step=1950 repair=0.02297 localization=0 type=1.601 minimal=0.02463 physics=2.087 total=0.3725
[TRAIN train_climax_no_localization_head_s44] [TRAIN] stage=pretrain epoch=1/1 batch=1960/3000 step=1960 repair=0.008081 localization=0 type=2.066 minimal=0.0209 physics=0.1045 total=0.3835
[TRAIN train_climax_no_localization_head_s44] [TRAIN] stage=pretrain epoch=1/1 batch=1970/3000 step=1970 repair=0.008937 localization=0 type=1.851 minimal=0.01877 physics=0.1095 total=0.325
[TRAIN train_climax_no_localization_head_s44] [TRAIN] stage=pretrain epoch=1/1 batch=1980/3000 step=1980 repair=0.00264 localization=0 type=1.665 minimal=0.0202 physics=0.1049 total=0.3441
[TRAIN train_climax_no_localization_head_s44] [TRAIN] stage=pretrain epoch=1/1 batch=1990/3000 step=1990 repair=0.003959 localization=0 type=1.57 minimal=0.02003 physics=0.1273 total=0.3226
[TRAIN train_climax_no_localization_head_s44] [TRAIN] stage=pretrain epoch=1/1 batch=2000/3000 step=2000 repair=0.009426 localization=0 type=1.493 minimal=0.02052 physics=1.162 total=0.217
[TRAIN train_climax_no_localization_head_s44] [TRAIN] stage=pretrain epoch=1/1 batch=2010/3000 step=2010 repair=0.009517 localization=0 type=1.648 minimal=0.01912 physics=0.07287 total=0.3216
[TRAIN train_climax_no_localization_head_s44] [TRAIN] stage=pretrain epoch=1/1 batch=2020/3000 step=2020 repair=0.005821 localization=0 type=1.621 minimal=0.01692 physics=0.1176 total=0.3081
[TRAIN train_climax_no_localization_head_s44] [TRAIN] stage=pretrain epoch=1/1 batch=2030/3000 step=2030 repair=0.001791 localization=0 type=2.056 minimal=0.01648 physics=0.08316 total=0.3903
[TRAIN train_climax_no_localization_head_s44] [TRAIN] stage=pretrain epoch=1/1 batch=2040/3000 step=2040 repair=0.01125 localization=0 type=0.2589 minimal=0.03278 physics=1.604 total=0.14
[TRAIN train_climax_no_localization_head_s44] [TRAIN] stage=pretrain epoch=1/1 batch=2050/3000 step=2050 repair=0.002575 localization=0 type=2.773 minimal=0.01718 physics=0.1338 total=0.5791
[TRAIN train_climax_no_localization_head_s44] [TRAIN] stage=pretrain epoch=1/1 batch=2060/3000 step=2060 repair=0.005116 localization=0 type=1.617 minimal=0.01682 physics=0.1735 total=0.3256
[TRAIN train_climax_no_localization_head_s44] [TRAIN] stage=pretrain epoch=1/1 batch=2070/3000 step=2070 repair=0.002571 localization=0 type=2.354 minimal=0.01793 physics=0.3181 total=0.4647
[TRAIN train_climax_no_localization_head_s44] [TRAIN] stage=pretrain epoch=1/1 batch=2080/3000 step=2080 repair=0.002732 localization=0 type=1.229 minimal=0.01869 physics=0.426 total=0.1471
[TRAIN train_climax_no_localization_head_s44] [TRAIN] stage=pretrain epoch=1/1 batch=2090/3000 step=2090 repair=0.00398 localization=0 type=0.8191 minimal=0.01851 physics=0.4088 total=0.1579
[TRAIN train_climax_no_localization_head_s44] [TRAIN] stage=pretrain epoch=1/1 batch=2100/3000 step=2100 repair=0.002542 localization=0 type=1.184 minimal=0.01598 physics=0.3766 total=0.1399
[TRAIN train_climax_no_localization_head_s44] [TRAIN] stage=pretrain epoch=1/1 batch=2110/3000 step=2110 repair=0.009697 localization=0 type=1.135 minimal=0.01891 physics=1.451 total=0.1959
[TRAIN train_climax_no_localization_head_s44] [TRAIN] stage=pretrain epoch=1/1 batch=2120/3000 step=2120 repair=0.004618 localization=0 type=0.9819 minimal=0.01834 physics=0.7903 total=0.1425
[TRAIN train_climax_no_localization_head_s44] [TRAIN] stage=pretrain epoch=1/1 batch=2130/3000 step=2130 repair=0.002445 localization=0 type=2.849 minimal=0.01805 physics=0.1502 total=0.5291
[TRAIN train_climax_no_localization_head_s44] [TRAIN] stage=pretrain epoch=1/1 batch=2140/3000 step=2140 repair=0.005569 localization=0 type=0.1873 minimal=0.01668 physics=0.2965 total=0.05358
[TRAIN train_climax_no_localization_head_s44] [TRAIN] stage=pretrain epoch=1/1 batch=2150/3000 step=2150 repair=0.002954 localization=0 type=0.03255 minimal=0.02567 physics=0.3085 total=0.02514
[TRAIN train_climax_no_localization_head_s44] [TRAIN] stage=pretrain epoch=1/1 batch=2160/3000 step=2160 repair=0.006706 localization=0 type=1.14 minimal=0.02069 physics=0.1868 total=0.2265
[TRAIN train_climax_no_localization_head_s44] [TRAIN] stage=pretrain epoch=1/1 batch=2170/3000 step=2170 repair=0.002699 localization=0 type=2.544 minimal=0.02307 physics=0.2078 total=0.5045
[TRAIN train_climax_no_localization_head_s44] [TRAIN] stage=pretrain epoch=1/1 batch=2180/3000 step=2180 repair=0.006235 localization=0 type=2.057 minimal=0.02425 physics=0.2188 total=0.4348
[TRAIN train_climax_no_localization_head_s44] [TRAIN] stage=pretrain epoch=1/1 batch=2190/3000 step=2190 repair=0.004428 localization=0 type=0.9646 minimal=0.02159 physics=0.4065 total=0.1214
[TRAIN train_climax_no_localization_head_s44] [TRAIN] stage=pretrain epoch=1/1 batch=2200/3000 step=2200 repair=0.005122 localization=0 type=1.76 minimal=0.02275 physics=0.1043 total=0.3146
[TRAIN train_climax_no_localization_head_s44] [TRAIN] stage=pretrain epoch=1/1 batch=2210/3000 step=2210 repair=0.002955 localization=0 type=2.349 minimal=0.0191 physics=0.09872 total=0.4277
[TRAIN train_climax_no_localization_head_s44] [TRAIN] stage=pretrain epoch=1/1 batch=2220/3000 step=2220 repair=0.00276 localization=0 type=1.868 minimal=0.01825 physics=0.09538 total=0.3413
[TRAIN train_climax_no_localization_head_s44] [TRAIN] stage=pretrain epoch=1/1 batch=2230/3000 step=2230 repair=0.005905 localization=0 type=1.194 minimal=0.01866 physics=0.1751 total=0.245
[TRAIN train_climax_no_localization_head_s44] [TRAIN] stage=pretrain epoch=1/1 batch=2240/3000 step=2240 repair=0.002676 localization=0 type=1.562 minimal=0.01997 physics=0.08381 total=0.2823
[TRAIN train_climax_no_localization_head_s44] [TRAIN] stage=pretrain epoch=1/1 batch=2250/3000 step=2250 repair=0.01327 localization=0 type=1.312 minimal=0.0184 physics=1.025 total=0.1959
[TRAIN train_climax_no_localization_head_s44] [TRAIN] stage=pretrain epoch=1/1 batch=2260/3000 step=2260 repair=0.00266 localization=0 type=1.87 minimal=0.01819 physics=0.1631 total=0.3543
[TRAIN train_climax_no_localization_head_s44] [TRAIN] stage=pretrain epoch=1/1 batch=2270/3000 step=2270 repair=0.003355 localization=0 type=1.12 minimal=0.01866 physics=0.3731 total=0.1342
[TRAIN train_climax_no_localization_head_s44] [TRAIN] stage=pretrain epoch=1/1 batch=2280/3000 step=2280 repair=0.00905 localization=0 type=1.529 minimal=0.01778 physics=0.1286 total=0.2711
[TRAIN train_climax_no_localization_head_s44] [TRAIN] stage=pretrain epoch=1/1 batch=2290/3000 step=2290 repair=0.003291 localization=0 type=3.595 minimal=0.01767 physics=0.179 total=0.6781
[TRAIN train_climax_no_localization_head_s44] [TRAIN] stage=pretrain epoch=1/1 batch=2300/3000 step=2300 repair=0.002609 localization=0 type=1.84 minimal=0.01711 physics=0.1689 total=0.3208
[TRAIN train_climax_no_localization_head_s44] [TRAIN] stage=pretrain epoch=1/1 batch=2310/3000 step=2310 repair=0.01555 localization=0 type=0.8025 minimal=0.01678 physics=1.366 total=0.1643
[TRAIN train_climax_no_localization_head_s44] [TRAIN] stage=pretrain epoch=1/1 batch=2320/3000 step=2320 repair=0.01192 localization=0 type=2.288 minimal=0.01598 physics=0.1341 total=0.419
[TRAIN train_climax_no_localization_head_s44] [TRAIN] stage=pretrain epoch=1/1 batch=2330/3000 step=2330 repair=0.001796 localization=0 type=1.09 minimal=0.01736 physics=0.2411 total=0.1847
[TRAIN train_climax_no_localization_head_s44] [TRAIN] stage=pretrain epoch=1/1 batch=2340/3000 step=2340 repair=0.001483 localization=0 type=0.09796 minimal=0.02069 physics=0.06692 total=0.02567
[TRAIN train_climax_no_localization_head_s44] [TRAIN] stage=pretrain epoch=1/1 batch=2350/3000 step=2350 repair=0.01501 localization=0 type=4.295 minimal=0.01556 physics=0.1406 total=0.8003
[TRAIN train_climax_no_localization_head_s44] [TRAIN] stage=pretrain epoch=1/1 batch=2360/3000 step=2360 repair=0.001135 localization=0 type=1.04 minimal=0.01663 physics=0.1543 total=0.1617
[TRAIN train_climax_no_localization_head_s44] [TRAIN] stage=pretrain epoch=1/1 batch=2370/3000 step=2370 repair=0.00787 localization=0 type=2.312 minimal=0.01852 physics=0.05269 total=0.4681
[TRAIN train_climax_no_localization_head_s44] [TRAIN] stage=pretrain epoch=1/1 batch=2380/3000 step=2380 repair=0.006682 localization=0 type=0.8899 minimal=0.02174 physics=1.198 total=0.1558
[TRAIN train_climax_no_localization_head_s44] [TRAIN] stage=pretrain epoch=1/1 batch=2390/3000 step=2390 repair=0.003393 localization=0 type=0.02129 minimal=0.03156 physics=0.5259 total=0.03421
[TRAIN train_climax_no_localization_head_s44] [TRAIN] stage=pretrain epoch=1/1 batch=2400/3000 step=2400 repair=0.003004 localization=0 type=0.8994 minimal=0.01881 physics=0.6494 total=0.1256
[TRAIN train_climax_no_localization_head_s44] [TRAIN] stage=pretrain epoch=1/1 batch=2410/3000 step=2410 repair=0.005288 localization=0 type=1.863 minimal=0.01811 physics=0.1244 total=0.3055
[TRAIN train_climax_no_localization_head_s44] [TRAIN] stage=pretrain epoch=1/1 batch=2420/3000 step=2420 repair=0.006409 localization=0 type=1.403 minimal=0.0195 physics=0.1631 total=0.2543
[TRAIN train_climax_no_localization_head_s44] [TRAIN] stage=pretrain epoch=1/1 batch=2430/3000 step=2430 repair=0.002474 localization=0 type=1.213 minimal=0.0148 physics=0.1924 total=0.2366
[TRAIN train_climax_no_localization_head_s44] [TRAIN] stage=pretrain epoch=1/1 batch=2440/3000 step=2440 repair=0.00316 localization=0 type=1.85 minimal=0.0184 physics=0.1899 total=0.334
[TRAIN train_climax_no_localization_head_s44] [TRAIN] stage=pretrain epoch=1/1 batch=2450/3000 step=2450 repair=0.008079 localization=0 type=1.834 minimal=0.02 physics=0.2629 total=0.3264
[TRAIN train_climax_no_localization_head_s44] [TRAIN] stage=pretrain epoch=1/1 batch=2460/3000 step=2460 repair=0.002282 localization=0 type=1.117 minimal=0.01796 physics=0.05699 total=0.1959
[TRAIN train_climax_no_localization_head_s44] [TRAIN] stage=pretrain epoch=1/1 batch=2470/3000 step=2470 repair=0.003106 localization=0 type=0.08189 minimal=0.02043 physics=0.5005 total=0.04305
[TRAIN train_climax_no_localization_head_s44] [TRAIN] stage=pretrain epoch=1/1 batch=2480/3000 step=2480 repair=0.002289 localization=0 type=1.688 minimal=0.01587 physics=0.7042 total=0.2065
[TRAIN train_climax_no_localization_head_s44] [TRAIN] stage=pretrain epoch=1/1 batch=2490/3000 step=2490 repair=0.009017 localization=0 type=2.034 minimal=0.01437 physics=0.04503 total=0.4456
[TRAIN train_climax_no_localization_head_s44] [TRAIN] stage=pretrain epoch=1/1 batch=2500/3000 step=2500 repair=0.003223 localization=0 type=3.191 minimal=0.0153 physics=0.0938 total=0.6564
[TRAIN train_climax_no_localization_head_s44] [TRAIN] stage=pretrain epoch=1/1 batch=2510/3000 step=2510 repair=0.002574 localization=0 type=2.415 minimal=0.01353 physics=0.1063 total=0.4406
[TRAIN train_climax_no_localization_head_s44] [TRAIN] stage=pretrain epoch=1/1 batch=2520/3000 step=2520 repair=0.008175 localization=0 type=0.01375 minimal=0.02365 physics=0.5909 total=0.04032
[TRAIN train_climax_no_localization_head_s44] [TRAIN] stage=pretrain epoch=1/1 batch=2530/3000 step=2530 repair=0.004369 localization=0 type=1.068 minimal=0.01964 physics=0.6637 total=0.1446
[TRAIN train_climax_no_localization_head_s44] [TRAIN] stage=pretrain epoch=1/1 batch=2540/3000 step=2540 repair=0.008666 localization=0 type=1.24 minimal=0.01607 physics=0.2079 total=0.2187
[TRAIN train_climax_no_localization_head_s44] [TRAIN] stage=pretrain epoch=1/1 batch=2550/3000 step=2550 repair=0.0253 localization=0 type=0.9678 minimal=0.01545 physics=3.165 total=0.2805
[TRAIN train_climax_no_localization_head_s44] [TRAIN] stage=pretrain epoch=1/1 batch=2560/3000 step=2560 repair=0.005115 localization=0 type=1.835 minimal=0.01898 physics=0.3787 total=0.3383
[TRAIN train_climax_no_localization_head_s44] [TRAIN] stage=pretrain epoch=1/1 batch=2570/3000 step=2570 repair=0.01861 localization=0 type=0.5952 minimal=0.01889 physics=1.036 total=0.1301
[TRAIN train_climax_no_localization_head_s44] [TRAIN] stage=pretrain epoch=1/1 batch=2580/3000 step=2580 repair=0.006291 localization=0 type=1.594 minimal=0.0166 physics=1.903 total=0.261
[TRAIN train_climax_no_localization_head_s44] [TRAIN] stage=pretrain epoch=1/1 batch=2590/3000 step=2590 repair=0.001715 localization=0 type=1.665 minimal=0.01628 physics=0.3636 total=0.2628
[TRAIN train_climax_no_localization_head_s44] [TRAIN] stage=pretrain epoch=1/1 batch=2600/3000 step=2600 repair=0.003027 localization=0 type=3.239 minimal=0.01675 physics=0.121 total=0.5808
[TRAIN train_climax_no_localization_head_s44] [TRAIN] stage=pretrain epoch=1/1 batch=2610/3000 step=2610 repair=0.002548 localization=0 type=1.319 minimal=0.01613 physics=0.1292 total=0.2241
[TRAIN train_climax_no_localization_head_s44] [TRAIN] stage=pretrain epoch=1/1 batch=2620/3000 step=2620 repair=0.003836 localization=0 type=0.1109 minimal=0.02194 physics=0.5708 total=0.05015
[TRAIN train_climax_no_localization_head_s44] [TRAIN] stage=pretrain epoch=1/1 batch=2630/3000 step=2630 repair=0.002145 localization=0 type=2.168 minimal=0.0191 physics=0.05089 total=0.3404
[TRAIN train_climax_no_localization_head_s44] [TRAIN] stage=pretrain epoch=1/1 batch=2640/3000 step=2640 repair=0.00288 localization=0 type=2.245 minimal=0.01804 physics=0.1158 total=0.3286
[TRAIN train_climax_no_localization_head_s44] [TRAIN] stage=pretrain epoch=1/1 batch=2650/3000 step=2650 repair=0.00166 localization=0 type=1.117 minimal=0.01524 physics=0.2118 total=0.2036
[TRAIN train_climax_no_localization_head_s44] [TRAIN] stage=pretrain epoch=1/1 batch=2660/3000 step=2660 repair=0.002803 localization=0 type=1.407 minimal=0.01659 physics=0.4165 total=0.2561
[TRAIN train_climax_no_localization_head_s44] [TRAIN] stage=pretrain epoch=1/1 batch=2670/3000 step=2670 repair=0.007721 localization=0 type=1.056 minimal=0.01576 physics=0.8049 total=0.1537
[TRAIN train_climax_no_localization_head_s44] [TRAIN] stage=pretrain epoch=1/1 batch=2680/3000 step=2680 repair=0.005249 localization=0 type=1.501 minimal=0.01666 physics=0.05476 total=0.2631
[TRAIN train_climax_no_localization_head_s44] [TRAIN] stage=pretrain epoch=1/1 batch=2690/3000 step=2690 repair=0.04453 localization=0 type=1.052 minimal=0.01947 physics=1.794 total=0.2396
[TRAIN train_climax_no_localization_head_s44] [TRAIN] stage=pretrain epoch=1/1 batch=2700/3000 step=2700 repair=0.003458 localization=0 type=1.705 minimal=0.01897 physics=0.1643 total=0.2681
[TRAIN train_climax_no_localization_head_s44] [TRAIN] stage=pretrain epoch=1/1 batch=2710/3000 step=2710 repair=0.002082 localization=0 type=1.415 minimal=0.01625 physics=0.1066 total=0.2051
[TRAIN train_climax_no_localization_head_s44] [TRAIN] stage=pretrain epoch=1/1 batch=2720/3000 step=2720 repair=0.002545 localization=0 type=0.01755 minimal=0.02289 physics=0.208 total=0.01617
[TRAIN train_climax_no_localization_head_s44] [TRAIN] stage=pretrain epoch=1/1 batch=2730/3000 step=2730 repair=0.001917 localization=0 type=0.486 minimal=0.01541 physics=0.07834 total=0.07654
[TRAIN train_climax_no_localization_head_s44] [TRAIN] stage=pretrain epoch=1/1 batch=2740/3000 step=2740 repair=0.001947 localization=0 type=0.3363 minimal=0.01492 physics=0.1147 total=0.07406
[TRAIN train_climax_no_localization_head_s44] [TRAIN] stage=pretrain epoch=1/1 batch=2750/3000 step=2750 repair=0.00337 localization=0 type=1.417 minimal=0.0155 physics=0.857 total=0.1881
[TRAIN train_climax_no_localization_head_s44] [TRAIN] stage=pretrain epoch=1/1 batch=2760/3000 step=2760 repair=0.01441 localization=0 type=2.017 minimal=0.01678 physics=0.5715 total=0.4454
[TRAIN train_climax_no_localization_head_s44] [TRAIN] stage=pretrain epoch=1/1 batch=2770/3000 step=2770 repair=0.002377 localization=0 type=0.007346 minimal=0.02148 physics=0.396 total=0.02403
[TRAIN train_climax_no_localization_head_s44] [TRAIN] stage=pretrain epoch=1/1 batch=2780/3000 step=2780 repair=0.015 localization=0 type=1.498 minimal=0.01915 physics=1.17 total=0.3251
[TRAIN train_climax_no_localization_head_s44] [TRAIN] stage=pretrain epoch=1/1 batch=2790/3000 step=2790 repair=0.02249 localization=0 type=1.34 minimal=0.01851 physics=0.9077 total=0.2021
[TRAIN train_climax_no_localization_head_s44] [TRAIN] stage=pretrain epoch=1/1 batch=2800/3000 step=2800 repair=0.001849 localization=0 type=1.981 minimal=0.0173 physics=0.05193 total=0.3863
[TRAIN train_climax_no_localization_head_s44] [TRAIN] stage=pretrain epoch=1/1 batch=2810/3000 step=2810 repair=0.005095 localization=0 type=0.02764 minimal=0.02365 physics=0.3523 total=0.02934
[TRAIN train_climax_no_localization_head_s44] [TRAIN] stage=pretrain epoch=1/1 batch=2820/3000 step=2820 repair=0.002277 localization=0 type=1.471 minimal=0.01608 physics=0.07075 total=0.2578
[TRAIN train_climax_no_localization_head_s44] [TRAIN] stage=pretrain epoch=1/1 batch=2830/3000 step=2830 repair=0.002282 localization=0 type=1.417 minimal=0.01525 physics=0.4335 total=0.1659
[TRAIN train_climax_no_localization_head_s44] [TRAIN] stage=pretrain epoch=1/1 batch=2840/3000 step=2840 repair=0.002333 localization=0 type=1.375 minimal=0.0145 physics=0.6543 total=0.1726
[TRAIN train_climax_no_localization_head_s44] [TRAIN] stage=pretrain epoch=1/1 batch=2850/3000 step=2850 repair=0.01676 localization=0 type=1.525 minimal=0.01605 physics=1.474 total=0.2431
[TRAIN train_climax_no_localization_head_s44] [TRAIN] stage=pretrain epoch=1/1 batch=2860/3000 step=2860 repair=0.002011 localization=0 type=1.098 minimal=0.01542 physics=0.159 total=0.2128
[TRAIN train_climax_no_localization_head_s44] [TRAIN] stage=pretrain epoch=1/1 batch=2870/3000 step=2870 repair=0.002279 localization=0 type=1.563 minimal=0.01651 physics=0.1329 total=0.2911
[TRAIN train_climax_no_localization_head_s44] [TRAIN] stage=pretrain epoch=1/1 batch=2880/3000 step=2880 repair=0.002793 localization=0 type=1.558 minimal=0.01576 physics=0.1475 total=0.2911
[TRAIN train_climax_no_localization_head_s44] [TRAIN] stage=pretrain epoch=1/1 batch=2890/3000 step=2890 repair=0.003394 localization=0 type=1.507 minimal=0.01913 physics=0.1179 total=0.266
[TRAIN train_climax_no_localization_head_s44] [TRAIN] stage=pretrain epoch=1/1 batch=2900/3000 step=2900 repair=0.005273 localization=0 type=0.0002273 minimal=0.04132 physics=0.6828 total=0.03987
[TRAIN train_climax_no_localization_head_s44] [TRAIN] stage=pretrain epoch=1/1 batch=2910/3000 step=2910 repair=0.00316 localization=0 type=0.8271 minimal=0.01881 physics=0.4268 total=0.1074
[TRAIN train_climax_no_localization_head_s44] [TRAIN] stage=pretrain epoch=1/1 batch=2920/3000 step=2920 repair=0.006634 localization=0 type=2.068 minimal=0.02055 physics=0.2333 total=0.3664
[TRAIN train_climax_no_localization_head_s44] [TRAIN] stage=pretrain epoch=1/1 batch=2930/3000 step=2930 repair=0.005383 localization=0 type=1.243 minimal=0.01814 physics=0.8296 total=0.1713
[TRAIN train_climax_no_localization_head_s44] [TRAIN] stage=pretrain epoch=1/1 batch=2940/3000 step=2940 repair=0.006054 localization=0 type=1.146 minimal=0.01964 physics=0.1865 total=0.2062
[TRAIN train_climax_no_localization_head_s44] [TRAIN] stage=pretrain epoch=1/1 batch=2950/3000 step=2950 repair=0.003454 localization=0 type=1.824 minimal=0.01727 physics=0.4309 total=0.3605
[TRAIN train_climax_no_localization_head_s44] [TRAIN] stage=pretrain epoch=1/1 batch=2960/3000 step=2960 repair=0.005943 localization=0 type=0.0008886 minimal=0.02541 physics=0.5142 total=0.03211
[TRAIN train_climax_no_localization_head_s44] [TRAIN] stage=pretrain epoch=1/1 batch=2970/3000 step=2970 repair=0.003057 localization=0 type=1.809 minimal=0.01768 physics=0.1631 total=0.3207
[TRAIN train_climax_no_localization_head_s44] [TRAIN] stage=pretrain epoch=1/1 batch=2980/3000 step=2980 repair=0.003359 localization=0 type=0.001677 minimal=0.02881 physics=0.3145 total=0.01978
[TRAIN train_climax_no_localization_head_s44] [TRAIN] stage=pretrain epoch=1/1 batch=2990/3000 step=2990 repair=0.004414 localization=0 type=1.624 minimal=0.01633 physics=0.09374 total=0.2963
[TRAIN train_climax_no_localization_head_s44] [TRAIN] stage=pretrain epoch=1/1 batch=3000/3000 step=3000 repair=0.04225 localization=0 type=1.247 minimal=0.0173 physics=1.503 total=0.2422
[TRAIN train_climax_no_localization_head_s44] [EPOCH] {'stage': 'pretrain', 'epoch': 0, 'global_step': 3000, 'train_total': 0.29161844456133745, 'val_repair_mse': 0.13028954807668924, 'elapsed_seconds': 1702.59}
[TRAIN train_climax_no_localization_head_s44] [BEST] val_repair_mse=0.13029
[TRAIN train_climax_no_localization_head_s44] [STAGE] finetune epochs=1 start_epoch=0
[TRAIN train_climax_no_localization_head_s44] [TRAIN] stage=finetune epoch=1/1 batch=10/3000 step=3010 repair=0.1276 localization=0 type=0 minimal=0.03125 physics=0.5184 total=0.1538
[TRAIN train_climax_no_localization_head_s44] [TRAIN] stage=finetune epoch=1/1 batch=20/3000 step=3020 repair=0.1195 localization=0 type=0 minimal=0.03915 physics=0.5342 total=0.1466
[TRAIN train_climax_no_localization_head_s44] [TRAIN] stage=finetune epoch=1/1 batch=30/3000 step=3030 repair=0.0951 localization=0 type=0 minimal=0.0401 physics=0.5172 total=0.1214
[TRAIN train_climax_no_localization_head_s44] [TRAIN] stage=finetune epoch=1/1 batch=40/3000 step=3040 repair=0.1515 localization=0 type=0 minimal=0.04099 physics=0.705 total=0.1872
[TRAIN train_climax_no_localization_head_s44] [TRAIN] stage=finetune epoch=1/1 batch=50/3000 step=3050 repair=0.1641 localization=0 type=0 minimal=0.03873 physics=0.5628 total=0.1927
[TRAIN train_climax_no_localization_head_s44] [TRAIN] stage=finetune epoch=1/1 batch=60/3000 step=3060 repair=0.1016 localization=0 type=0 minimal=0.0379 physics=0.5277 total=0.1283
[TRAIN train_climax_no_localization_head_s44] [TRAIN] stage=finetune epoch=1/1 batch=70/3000 step=3070 repair=0.09359 localization=0 type=0 minimal=0.03949 physics=0.5812 total=0.123
[TRAIN train_climax_no_localization_head_s44] [TRAIN] stage=finetune epoch=1/1 batch=80/3000 step=3080 repair=0.1254 localization=0 type=0 minimal=0.03839 physics=0.5501 total=0.1533
[TRAIN train_climax_no_localization_head_s44] [TRAIN] stage=finetune epoch=1/1 batch=90/3000 step=3090 repair=0.1333 localization=0 type=0 minimal=0.04309 physics=0.8964 total=0.1785
[TRAIN train_climax_no_localization_head_s44] [TRAIN] stage=finetune epoch=1/1 batch=100/3000 step=3100 repair=0.1019 localization=0 type=0 minimal=0.03961 physics=0.508 total=0.1277
[TRAIN train_climax_no_localization_head_s44] [TRAIN] stage=finetune epoch=1/1 batch=110/3000 step=3110 repair=0.1294 localization=0 type=0 minimal=0.03888 physics=0.8102 total=0.1703
[TRAIN train_climax_no_localization_head_s44] [TRAIN] stage=finetune epoch=1/1 batch=120/3000 step=3120 repair=0.1654 localization=0 type=0 minimal=0.03976 physics=0.6968 total=0.2007
[TRAIN train_climax_no_localization_head_s44] [TRAIN] stage=finetune epoch=1/1 batch=130/3000 step=3130 repair=0.09776 localization=0 type=0 minimal=0.04083 physics=0.5307 total=0.1247
[TRAIN train_climax_no_localization_head_s44] [TRAIN] stage=finetune epoch=1/1 batch=140/3000 step=3140 repair=0.1233 localization=0 type=0 minimal=0.03979 physics=0.4923 total=0.1483
[TRAIN train_climax_no_localization_head_s44] [TRAIN] stage=finetune epoch=1/1 batch=150/3000 step=3150 repair=0.09199 localization=0 type=0 minimal=0.04456 physics=0.5436 total=0.1196
[TRAIN train_climax_no_localization_head_s44] [TRAIN] stage=finetune epoch=1/1 batch=160/3000 step=3160 repair=0.08702 localization=0 type=0 minimal=0.03857 physics=0.5296 total=0.1139
[TRAIN train_climax_no_localization_head_s44] [TRAIN] stage=finetune epoch=1/1 batch=170/3000 step=3170 repair=0.162 localization=0 type=0 minimal=0.04214 physics=0.5815 total=0.1915
[TRAIN train_climax_no_localization_head_s44] [TRAIN] stage=finetune epoch=1/1 batch=180/3000 step=3180 repair=0.1315 localization=0 type=0 minimal=0.04428 physics=0.5294 total=0.1584
[TRAIN train_climax_no_localization_head_s44] [TRAIN] stage=finetune epoch=1/1 batch=190/3000 step=3190 repair=0.08913 localization=0 type=0 minimal=0.04562 physics=0.5066 total=0.1149
[TRAIN train_climax_no_localization_head_s44] [TRAIN] stage=finetune epoch=1/1 batch=200/3000 step=3200 repair=0.1308 localization=0 type=0 minimal=0.04257 physics=0.6985 total=0.1662
[TRAIN train_climax_no_localization_head_s44] [TRAIN] stage=finetune epoch=1/1 batch=210/3000 step=3210 repair=0.1495 localization=0 type=0 minimal=0.0444 physics=0.5716 total=0.1786
[TRAIN train_climax_no_localization_head_s44] [TRAIN] stage=finetune epoch=1/1 batch=220/3000 step=3220 repair=0.121 localization=0 type=0 minimal=0.04489 physics=0.602 total=0.1515
[TRAIN train_climax_no_localization_head_s44] [TRAIN] stage=finetune epoch=1/1 batch=230/3000 step=3230 repair=0.1321 localization=0 type=0 minimal=0.04501 physics=0.4933 total=0.1572
[TRAIN train_climax_no_localization_head_s44] [TRAIN] stage=finetune epoch=1/1 batch=240/3000 step=3240 repair=0.08745 localization=0 type=0 minimal=0.04675 physics=0.4625 total=0.111
[TRAIN train_climax_no_localization_head_s44] [TRAIN] stage=finetune epoch=1/1 batch=250/3000 step=3250 repair=0.09509 localization=0 type=0 minimal=0.04163 physics=0.4664 total=0.1188
[TRAIN train_climax_no_localization_head_s44] [TRAIN] stage=finetune epoch=1/1 batch=260/3000 step=3260 repair=0.0803 localization=0 type=0 minimal=0.05002 physics=0.5174 total=0.1067
[TRAIN train_climax_no_localization_head_s44] [TRAIN] stage=finetune epoch=1/1 batch=270/3000 step=3270 repair=0.08913 localization=0 type=0 minimal=0.04578 physics=0.4212 total=0.1106
[TRAIN train_climax_no_localization_head_s44] [TRAIN] stage=finetune epoch=1/1 batch=280/3000 step=3280 repair=0.1377 localization=0 type=0 minimal=0.04669 physics=0.6144 total=0.1688
[TRAIN train_climax_no_localization_head_s44] [TRAIN] stage=finetune epoch=1/1 batch=290/3000 step=3290 repair=0.09103 localization=0 type=0 minimal=0.04791 physics=0.4951 total=0.1163
[TRAIN train_climax_no_localization_head_s44] [TRAIN] stage=finetune epoch=1/1 batch=300/3000 step=3300 repair=0.1184 localization=0 type=0 minimal=0.04776 physics=0.4778 total=0.1428
[TRAIN train_climax_no_localization_head_s44] [TRAIN] stage=finetune epoch=1/1 batch=310/3000 step=3310 repair=0.1141 localization=0 type=0 minimal=0.04471 physics=0.4419 total=0.1367
[TRAIN train_climax_no_localization_head_s44] [TRAIN] stage=finetune epoch=1/1 batch=320/3000 step=3320 repair=0.08916 localization=0 type=0 minimal=0.0473 physics=0.4695 total=0.1131
[TRAIN train_climax_no_localization_head_s44] [TRAIN] stage=finetune epoch=1/1 batch=330/3000 step=3330 repair=0.1487 localization=0 type=0 minimal=0.04654 physics=0.5682 total=0.1775
[TRAIN train_climax_no_localization_head_s44] [TRAIN] stage=finetune epoch=1/1 batch=340/3000 step=3340 repair=0.08671 localization=0 type=0 minimal=0.04758 physics=0.4897 total=0.1117
[TRAIN train_climax_no_localization_head_s44] [TRAIN] stage=finetune epoch=1/1 batch=350/3000 step=3350 repair=0.09227 localization=0 type=0 minimal=0.05078 physics=0.534 total=0.1195
[TRAIN train_climax_no_localization_head_s44] [TRAIN] stage=finetune epoch=1/1 batch=360/3000 step=3360 repair=0.08498 localization=0 type=0 minimal=0.04492 physics=0.4532 total=0.1081
[TRAIN train_climax_no_localization_head_s44] [TRAIN] stage=finetune epoch=1/1 batch=370/3000 step=3370 repair=0.1194 localization=0 type=0 minimal=0.04401 physics=0.5158 total=0.1456
[TRAIN train_climax_no_localization_head_s44] [TRAIN] stage=finetune epoch=1/1 batch=380/3000 step=3380 repair=0.08488 localization=0 type=0 minimal=0.04764 physics=0.419 total=0.1063
[TRAIN train_climax_no_localization_head_s44] [TRAIN] stage=finetune epoch=1/1 batch=390/3000 step=3390 repair=0.123 localization=0 type=0 minimal=0.05023 physics=0.4295 total=0.145
[TRAIN train_climax_no_localization_head_s44] [TRAIN] stage=finetune epoch=1/1 batch=400/3000 step=3400 repair=0.1242 localization=0 type=0 minimal=0.04727 physics=0.4979 total=0.1495
[TRAIN train_climax_no_localization_head_s44] [TRAIN] stage=finetune epoch=1/1 batch=410/3000 step=3410 repair=0.07702 localization=0 type=0 minimal=0.04776 physics=0.4405 total=0.09952
[TRAIN train_climax_no_localization_head_s44] [TRAIN] stage=finetune epoch=1/1 batch=420/3000 step=3420 repair=0.0745 localization=0 type=0 minimal=0.04776 physics=0.4082 total=0.09538
[TRAIN train_climax_no_localization_head_s44] [TRAIN] stage=finetune epoch=1/1 batch=430/3000 step=3430 repair=0.08074 localization=0 type=0 minimal=0.04938 physics=0.4045 total=0.1015
[TRAIN train_climax_no_localization_head_s44] [TRAIN] stage=finetune epoch=1/1 batch=440/3000 step=3440 repair=0.1189 localization=0 type=0 minimal=0.05096 physics=0.4728 total=0.1431
[TRAIN train_climax_no_localization_head_s44] [TRAIN] stage=finetune epoch=1/1 batch=450/3000 step=3450 repair=0.08114 localization=0 type=0 minimal=0.04999 physics=0.3908 total=0.1012
[TRAIN train_climax_no_localization_head_s44] [TRAIN] stage=finetune epoch=1/1 batch=460/3000 step=3460 repair=0.06595 localization=0 type=0 minimal=0.04813 physics=0.4053 total=0.0867
[TRAIN train_climax_no_localization_head_s44] [TRAIN] stage=finetune epoch=1/1 batch=470/3000 step=3470 repair=0.1224 localization=0 type=0 minimal=0.04913 physics=0.3749 total=0.1416
[TRAIN train_climax_no_localization_head_s44] [TRAIN] stage=finetune epoch=1/1 batch=480/3000 step=3480 repair=0.1643 localization=0 type=0 minimal=0.05209 physics=0.5292 total=0.1913
[TRAIN train_climax_no_localization_head_s44] [TRAIN] stage=finetune epoch=1/1 batch=490/3000 step=3490 repair=0.0947 localization=0 type=0 minimal=0.05151 physics=0.4775 total=0.1191
[TRAIN train_climax_no_localization_head_s44] [TRAIN] stage=finetune epoch=1/1 batch=500/3000 step=3500 repair=0.1753 localization=0 type=0 minimal=0.05087 physics=0.4806 total=0.1998
[TRAIN train_climax_no_localization_head_s44] [TRAIN] stage=finetune epoch=1/1 batch=510/3000 step=3510 repair=0.1233 localization=0 type=0 minimal=0.04709 physics=0.3997 total=0.1437
[TRAIN train_climax_no_localization_head_s44] [TRAIN] stage=finetune epoch=1/1 batch=520/3000 step=3520 repair=0.1183 localization=0 type=0 minimal=0.05093 physics=0.4199 total=0.1398
[TRAIN train_climax_no_localization_head_s44] [TRAIN] stage=finetune epoch=1/1 batch=530/3000 step=3530 repair=0.1268 localization=0 type=0 minimal=0.05182 physics=0.4889 total=0.1518
[TRAIN train_climax_no_localization_head_s44] [TRAIN] stage=finetune epoch=1/1 batch=540/3000 step=3540 repair=0.1213 localization=0 type=0 minimal=0.04794 physics=0.5741 total=0.1505
[TRAIN train_climax_no_localization_head_s44] [TRAIN] stage=finetune epoch=1/1 batch=550/3000 step=3550 repair=0.07951 localization=0 type=0 minimal=0.04926 physics=0.2981 total=0.09491
[TRAIN train_climax_no_localization_head_s44] [TRAIN] stage=finetune epoch=1/1 batch=560/3000 step=3560 repair=0.1256 localization=0 type=0 minimal=0.05179 physics=0.4784 total=0.1501
[TRAIN train_climax_no_localization_head_s44] [TRAIN] stage=finetune epoch=1/1 batch=570/3000 step=3570 repair=0.1235 localization=0 type=0 minimal=0.04941 physics=0.4883 total=0.1484
[TRAIN train_climax_no_localization_head_s44] [TRAIN] stage=finetune epoch=1/1 batch=580/3000 step=3580 repair=0.07674 localization=0 type=0 minimal=0.04694 physics=0.5038 total=0.1024
[TRAIN train_climax_no_localization_head_s44] [TRAIN] stage=finetune epoch=1/1 batch=590/3000 step=3590 repair=0.1286 localization=0 type=0 minimal=0.05801 physics=0.4119 total=0.1498
[TRAIN train_climax_no_localization_head_s44] [TRAIN] stage=finetune epoch=1/1 batch=600/3000 step=3600 repair=0.06722 localization=0 type=0 minimal=0.04843 physics=0.4221 total=0.08881
[TRAIN train_climax_no_localization_head_s44] [TRAIN] stage=finetune epoch=1/1 batch=610/3000 step=3610 repair=0.1182 localization=0 type=0 minimal=0.05734 physics=0.7689 total=0.1572
[TRAIN train_climax_no_localization_head_s44] [TRAIN] stage=finetune epoch=1/1 batch=620/3000 step=3620 repair=0.07649 localization=0 type=0 minimal=0.04807 physics=0.3673 total=0.09534
[TRAIN train_climax_no_localization_head_s44] [TRAIN] stage=finetune epoch=1/1 batch=630/3000 step=3630 repair=0.08541 localization=0 type=0 minimal=0.05402 physics=0.4834 total=0.1101
[TRAIN train_climax_no_localization_head_s44] [TRAIN] stage=finetune epoch=1/1 batch=640/3000 step=3640 repair=0.08648 localization=0 type=0 minimal=0.04358 physics=0.6367 total=0.1188
[TRAIN train_climax_no_localization_head_s44] [TRAIN] stage=finetune epoch=1/1 batch=650/3000 step=3650 repair=0.1295 localization=0 type=0 minimal=0.05377 physics=0.537 total=0.1569
[TRAIN train_climax_no_localization_head_s44] [TRAIN] stage=finetune epoch=1/1 batch=660/3000 step=3660 repair=0.1156 localization=0 type=0 minimal=0.05182 physics=0.4259 total=0.1374
[TRAIN train_climax_no_localization_head_s44] [TRAIN] stage=finetune epoch=1/1 batch=670/3000 step=3670 repair=0.07671 localization=0 type=0 minimal=0.05255 physics=0.4441 total=0.09944
[TRAIN train_climax_no_localization_head_s44] [TRAIN] stage=finetune epoch=1/1 batch=680/3000 step=3680 repair=0.1014 localization=0 type=0 minimal=0.0531 physics=0.459 total=0.1249
[TRAIN train_climax_no_localization_head_s44] [TRAIN] stage=finetune epoch=1/1 batch=690/3000 step=3690 repair=0.1253 localization=0 type=0 minimal=0.05435 physics=0.6035 total=0.156
[TRAIN train_climax_no_localization_head_s44] [TRAIN] stage=finetune epoch=1/1 batch=700/3000 step=3700 repair=0.08158 localization=0 type=0 minimal=0.05145 physics=0.6475 total=0.1145
[TRAIN train_climax_no_localization_head_s44] [TRAIN] stage=finetune epoch=1/1 batch=710/3000 step=3710 repair=0.1192 localization=0 type=0 minimal=0.05338 physics=0.6596 total=0.1527
[TRAIN train_climax_no_localization_head_s44] [TRAIN] stage=finetune epoch=1/1 batch=720/3000 step=3720 repair=0.118 localization=0 type=0 minimal=0.05707 physics=0.4455 total=0.1408
[TRAIN train_climax_no_localization_head_s44] [TRAIN] stage=finetune epoch=1/1 batch=730/3000 step=3730 repair=0.0777 localization=0 type=0 minimal=0.05136 physics=0.4007 total=0.09825
[TRAIN train_climax_no_localization_head_s44] [TRAIN] stage=finetune epoch=1/1 batch=740/3000 step=3740 repair=0.1332 localization=0 type=0 minimal=0.05051 physics=0.5866 total=0.1631
[TRAIN train_climax_no_localization_head_s44] [TRAIN] stage=finetune epoch=1/1 batch=750/3000 step=3750 repair=0.07825 localization=0 type=0 minimal=0.05518 physics=0.4251 total=0.1001
[TRAIN train_climax_no_localization_head_s44] [TRAIN] stage=finetune epoch=1/1 batch=760/3000 step=3760 repair=0.07563 localization=0 type=0 minimal=0.05307 physics=0.6617 total=0.1092
[TRAIN train_climax_no_localization_head_s44] [TRAIN] stage=finetune epoch=1/1 batch=770/3000 step=3770 repair=0.09155 localization=0 type=0 minimal=0.05255 physics=0.6217 total=0.1232
[TRAIN train_climax_no_localization_head_s44] [TRAIN] stage=finetune epoch=1/1 batch=780/3000 step=3780 repair=0.07245 localization=0 type=0 minimal=0.05121 physics=0.4343 total=0.09467
[TRAIN train_climax_no_localization_head_s44] [TRAIN] stage=finetune epoch=1/1 batch=790/3000 step=3790 repair=0.1099 localization=0 type=0 minimal=0.05582 physics=0.4552 total=0.1332
[TRAIN train_climax_no_localization_head_s44] [TRAIN] stage=finetune epoch=1/1 batch=800/3000 step=3800 repair=0.1517 localization=0 type=0 minimal=0.05637 physics=0.4291 total=0.1737
[TRAIN train_climax_no_localization_head_s44] [TRAIN] stage=finetune epoch=1/1 batch=810/3000 step=3810 repair=0.0809 localization=0 type=0 minimal=0.05099 physics=0.4759 total=0.1052
[TRAIN train_climax_no_localization_head_s44] [TRAIN] stage=finetune epoch=1/1 batch=820/3000 step=3820 repair=0.08968 localization=0 type=0 minimal=0.05338 physics=0.4675 total=0.1136
[TRAIN train_climax_no_localization_head_s44] [TRAIN] stage=finetune epoch=1/1 batch=830/3000 step=3830 repair=0.09523 localization=0 type=0 minimal=0.05917 physics=0.4448 total=0.1181
[TRAIN train_climax_no_localization_head_s44] [TRAIN] stage=finetune epoch=1/1 batch=840/3000 step=3840 repair=0.1221 localization=0 type=0 minimal=0.05518 physics=0.4582 total=0.1456
[TRAIN train_climax_no_localization_head_s44] [TRAIN] stage=finetune epoch=1/1 batch=850/3000 step=3850 repair=0.1325 localization=0 type=0 minimal=0.05692 physics=0.4866 total=0.1574
[TRAIN train_climax_no_localization_head_s44] [TRAIN] stage=finetune epoch=1/1 batch=860/3000 step=3860 repair=0.08146 localization=0 type=0 minimal=0.05814 physics=0.483 total=0.1062
[TRAIN train_climax_no_localization_head_s44] [TRAIN] stage=finetune epoch=1/1 batch=870/3000 step=3870 repair=0.08636 localization=0 type=0 minimal=0.05884 physics=0.4516 total=0.1095
[TRAIN train_climax_no_localization_head_s44] [TRAIN] stage=finetune epoch=1/1 batch=880/3000 step=3880 repair=0.1156 localization=0 type=0 minimal=0.05435 physics=0.53 total=0.1426
[TRAIN train_climax_no_localization_head_s44] [TRAIN] stage=finetune epoch=1/1 batch=890/3000 step=3890 repair=0.07728 localization=0 type=0 minimal=0.05499 physics=0.5209 total=0.1039
[TRAIN train_climax_no_localization_head_s44] [TRAIN] stage=finetune epoch=1/1 batch=900/3000 step=3900 repair=0.08046 localization=0 type=0 minimal=0.05707 physics=0.4669 total=0.1044
[TRAIN train_climax_no_localization_head_s44] [TRAIN] stage=finetune epoch=1/1 batch=910/3000 step=3910 repair=0.07926 localization=0 type=0 minimal=0.06033 physics=0.5888 total=0.1093
[TRAIN train_climax_no_localization_head_s44] [TRAIN] stage=finetune epoch=1/1 batch=920/3000 step=3920 repair=0.1148 localization=0 type=0 minimal=0.05566 physics=0.532 total=0.1419
[TRAIN train_climax_no_localization_head_s44] [TRAIN] stage=finetune epoch=1/1 batch=930/3000 step=3930 repair=0.07052 localization=0 type=0 minimal=0.05472 physics=0.5369 total=0.09791
[TRAIN train_climax_no_localization_head_s44] [TRAIN] stage=finetune epoch=1/1 batch=940/3000 step=3940 repair=0.06837 localization=0 type=0 minimal=0.0575 physics=0.5131 total=0.0946
[TRAIN train_climax_no_localization_head_s44] [TRAIN] stage=finetune epoch=1/1 batch=950/3000 step=3950 repair=0.09559 localization=0 type=0 minimal=0.06354 physics=0.5037 total=0.1214
[TRAIN train_climax_no_localization_head_s44] [TRAIN] stage=finetune epoch=1/1 batch=960/3000 step=3960 repair=0.08572 localization=0 type=0 minimal=0.05673 physics=0.385 total=0.1055
[TRAIN train_climax_no_localization_head_s44] [TRAIN] stage=finetune epoch=1/1 batch=970/3000 step=3970 repair=0.1634 localization=0 type=0 minimal=0.05362 physics=0.5063 total=0.1892
[TRAIN train_climax_no_localization_head_s44] [TRAIN] stage=finetune epoch=1/1 batch=980/3000 step=3980 repair=0.08499 localization=0 type=0 minimal=0.05386 physics=0.5874 total=0.1149
[TRAIN train_climax_no_localization_head_s44] [TRAIN] stage=finetune epoch=1/1 batch=990/3000 step=3990 repair=0.08027 localization=0 type=0 minimal=0.05646 physics=0.4585 total=0.1038
[TRAIN train_climax_no_localization_head_s44] [TRAIN] stage=finetune epoch=1/1 batch=1000/3000 step=4000 repair=0.1219 localization=0 type=0 minimal=0.05933 physics=0.4721 total=0.1461
[TRAIN train_climax_no_localization_head_s44] [TRAIN] stage=finetune epoch=1/1 batch=1010/3000 step=4010 repair=0.06775 localization=0 type=0 minimal=0.06274 physics=0.4385 total=0.0903
[TRAIN train_climax_no_localization_head_s44] [TRAIN] stage=finetune epoch=1/1 batch=1020/3000 step=4020 repair=0.1257 localization=0 type=0 minimal=0.05902 physics=0.4598 total=0.1492
[TRAIN train_climax_no_localization_head_s44] [TRAIN] stage=finetune epoch=1/1 batch=1030/3000 step=4030 repair=0.1218 localization=0 type=0 minimal=0.05801 physics=0.4316 total=0.144
[TRAIN train_climax_no_localization_head_s44] [TRAIN] stage=finetune epoch=1/1 batch=1040/3000 step=4040 repair=0.1191 localization=0 type=0 minimal=0.05292 physics=0.56 total=0.1476
[TRAIN train_climax_no_localization_head_s44] [TRAIN] stage=finetune epoch=1/1 batch=1050/3000 step=4050 repair=0.1162 localization=0 type=0 minimal=0.05487 physics=0.4937 total=0.1414
[TRAIN train_climax_no_localization_head_s44] [TRAIN] stage=finetune epoch=1/1 batch=1060/3000 step=4060 repair=0.1049 localization=0 type=0 minimal=0.05463 physics=0.412 total=0.126
[TRAIN train_climax_no_localization_head_s44] [TRAIN] stage=finetune epoch=1/1 batch=1070/3000 step=4070 repair=0.1167 localization=0 type=0 minimal=0.05872 physics=0.4596 total=0.1403
[TRAIN train_climax_no_localization_head_s44] [TRAIN] stage=finetune epoch=1/1 batch=1080/3000 step=4080 repair=0.07359 localization=0 type=0 minimal=0.05853 physics=0.3883 total=0.09359
[TRAIN train_climax_no_localization_head_s44] [TRAIN] stage=finetune epoch=1/1 batch=1090/3000 step=4090 repair=0.07054 localization=0 type=0 minimal=0.05798 physics=0.4545 total=0.09384
[TRAIN train_climax_no_localization_head_s44] [TRAIN] stage=finetune epoch=1/1 batch=1100/3000 step=4100 repair=0.1104 localization=0 type=0 minimal=0.05441 physics=0.5439 total=0.1381
[TRAIN train_climax_no_localization_head_s44] [TRAIN] stage=finetune epoch=1/1 batch=1110/3000 step=4110 repair=0.16 localization=0 type=0 minimal=0.05991 physics=0.4065 total=0.1809
[TRAIN train_climax_no_localization_head_s44] [TRAIN] stage=finetune epoch=1/1 batch=1120/3000 step=4120 repair=0.118 localization=0 type=0 minimal=0.0571 physics=0.4228 total=0.1397
[TRAIN train_climax_no_localization_head_s44] [TRAIN] stage=finetune epoch=1/1 batch=1130/3000 step=4130 repair=0.07587 localization=0 type=0 minimal=0.0625 physics=0.803 total=0.1166
[TRAIN train_climax_no_localization_head_s44] [TRAIN] stage=finetune epoch=1/1 batch=1140/3000 step=4140 repair=0.1364 localization=0 type=0 minimal=0.04819 physics=0.532 total=0.1635
[TRAIN train_climax_no_localization_head_s44] [TRAIN] stage=finetune epoch=1/1 batch=1150/3000 step=4150 repair=0.1254 localization=0 type=0 minimal=0.05545 physics=0.3524 total=0.1436
[TRAIN train_climax_no_localization_head_s44] [TRAIN] stage=finetune epoch=1/1 batch=1160/3000 step=4160 repair=0.1184 localization=0 type=0 minimal=0.05563 physics=0.4566 total=0.1418
[TRAIN train_climax_no_localization_head_s44] [TRAIN] stage=finetune epoch=1/1 batch=1170/3000 step=4170 repair=0.1627 localization=0 type=0 minimal=0.06635 physics=0.4453 total=0.1856
[TRAIN train_climax_no_localization_head_s44] [TRAIN] stage=finetune epoch=1/1 batch=1180/3000 step=4180 repair=0.1123 localization=0 type=0 minimal=0.05008 physics=0.4882 total=0.1372
[TRAIN train_climax_no_localization_head_s44] [TRAIN] stage=finetune epoch=1/1 batch=1190/3000 step=4190 repair=0.1152 localization=0 type=0 minimal=0.05359 physics=0.3783 total=0.1346
[TRAIN train_climax_no_localization_head_s44] [TRAIN] stage=finetune epoch=1/1 batch=1200/3000 step=4200 repair=0.0801 localization=0 type=0 minimal=0.05917 physics=0.41 total=0.1012
[TRAIN train_climax_no_localization_head_s44] [TRAIN] stage=finetune epoch=1/1 batch=1210/3000 step=4210 repair=0.1252 localization=0 type=0 minimal=0.05789 physics=0.4324 total=0.1474
[TRAIN train_climax_no_localization_head_s44] [TRAIN] stage=finetune epoch=1/1 batch=1220/3000 step=4220 repair=0.1556 localization=0 type=0 minimal=0.05466 physics=0.5626 total=0.1842
[TRAIN train_climax_no_localization_head_s44] [TRAIN] stage=finetune epoch=1/1 batch=1230/3000 step=4230 repair=0.07579 localization=0 type=0 minimal=0.05887 physics=0.3616 total=0.09446
[TRAIN train_climax_no_localization_head_s44] [TRAIN] stage=finetune epoch=1/1 batch=1240/3000 step=4240 repair=0.09036 localization=0 type=0 minimal=0.06293 physics=0.4431 total=0.1131
[TRAIN train_climax_no_localization_head_s44] [TRAIN] stage=finetune epoch=1/1 batch=1250/3000 step=4250 repair=0.1193 localization=0 type=0 minimal=0.05862 physics=0.4164 total=0.1407
[TRAIN train_climax_no_localization_head_s44] [TRAIN] stage=finetune epoch=1/1 batch=1260/3000 step=4260 repair=0.07781 localization=0 type=0 minimal=0.06165 physics=0.3854 total=0.0977
[TRAIN train_climax_no_localization_head_s44] [TRAIN] stage=finetune epoch=1/1 batch=1270/3000 step=4270 repair=0.125 localization=0 type=0 minimal=0.05475 physics=0.5356 total=0.1524
[TRAIN train_climax_no_localization_head_s44] [TRAIN] stage=finetune epoch=1/1 batch=1280/3000 step=4280 repair=0.07685 localization=0 type=0 minimal=0.06293 physics=0.9148 total=0.1232
[TRAIN train_climax_no_localization_head_s44] [TRAIN] stage=finetune epoch=1/1 batch=1290/3000 step=4290 repair=0.1246 localization=0 type=0 minimal=0.05359 physics=0.5043 total=0.1504
[TRAIN train_climax_no_localization_head_s44] [TRAIN] stage=finetune epoch=1/1 batch=1300/3000 step=4300 repair=0.06762 localization=0 type=0 minimal=0.05606 physics=0.3807 total=0.08721
[TRAIN train_climax_no_localization_head_s44] [TRAIN] stage=finetune epoch=1/1 batch=1310/3000 step=4310 repair=0.152 localization=0 type=0 minimal=0.05307 physics=0.4869 total=0.1769
[TRAIN train_climax_no_localization_head_s44] [TRAIN] stage=finetune epoch=1/1 batch=1320/3000 step=4320 repair=0.06779 localization=0 type=0 minimal=0.0621 physics=0.4308 total=0.08995
[TRAIN train_climax_no_localization_head_s44] [TRAIN] stage=finetune epoch=1/1 batch=1330/3000 step=4330 repair=0.08714 localization=0 type=0 minimal=0.05264 physics=0.505 total=0.1129
[TRAIN train_climax_no_localization_head_s44] [TRAIN] stage=finetune epoch=1/1 batch=1340/3000 step=4340 repair=0.07744 localization=0 type=0 minimal=0.05615 physics=0.3751 total=0.09676
[TRAIN train_climax_no_localization_head_s44] [TRAIN] stage=finetune epoch=1/1 batch=1350/3000 step=4350 repair=0.07881 localization=0 type=0 minimal=0.06317 physics=0.4906 total=0.104
[TRAIN train_climax_no_localization_head_s44] [TRAIN] stage=finetune epoch=1/1 batch=1360/3000 step=4360 repair=0.1116 localization=0 type=0 minimal=0.06268 physics=0.4394 total=0.1342
[TRAIN train_climax_no_localization_head_s44] [TRAIN] stage=finetune epoch=1/1 batch=1370/3000 step=4370 repair=0.1342 localization=0 type=0 minimal=0.056 physics=0.4338 total=0.1564
[TRAIN train_climax_no_localization_head_s44] [TRAIN] stage=finetune epoch=1/1 batch=1380/3000 step=4380 repair=0.1136 localization=0 type=0 minimal=0.05621 physics=0.5353 total=0.1409
[TRAIN train_climax_no_localization_head_s44] [TRAIN] stage=finetune epoch=1/1 batch=1390/3000 step=4390 repair=0.07772 localization=0 type=0 minimal=0.06616 physics=0.4413 total=0.1004
[TRAIN train_climax_no_localization_head_s44] [TRAIN] stage=finetune epoch=1/1 batch=1400/3000 step=4400 repair=0.07615 localization=0 type=0 minimal=0.05997 physics=0.2963 total=0.09156
[TRAIN train_climax_no_localization_head_s44] [TRAIN] stage=finetune epoch=1/1 batch=1410/3000 step=4410 repair=0.07452 localization=0 type=0 minimal=0.06061 physics=0.5039 total=0.1003
[TRAIN train_climax_no_localization_head_s44] [TRAIN] stage=finetune epoch=1/1 batch=1420/3000 step=4420 repair=0.07524 localization=0 type=0 minimal=0.0614 physics=0.4727 total=0.09949
[TRAIN train_climax_no_localization_head_s44] [TRAIN] stage=finetune epoch=1/1 batch=1430/3000 step=4430 repair=0.1236 localization=0 type=0 minimal=0.06128 physics=0.4406 total=0.1463
[TRAIN train_climax_no_localization_head_s44] [TRAIN] stage=finetune epoch=1/1 batch=1440/3000 step=4440 repair=0.1663 localization=0 type=0 minimal=0.05762 physics=0.6577 total=0.1998
[TRAIN train_climax_no_localization_head_s44] [TRAIN] stage=finetune epoch=1/1 batch=1450/3000 step=4450 repair=0.08989 localization=0 type=0 minimal=0.05756 physics=0.3408 total=0.1075
[TRAIN train_climax_no_localization_head_s44] [TRAIN] stage=finetune epoch=1/1 batch=1460/3000 step=4460 repair=0.1093 localization=0 type=0 minimal=0.05725 physics=0.3141 total=0.1256
[TRAIN train_climax_no_localization_head_s44] [TRAIN] stage=finetune epoch=1/1 batch=1470/3000 step=4470 repair=0.1483 localization=0 type=0 minimal=0.06396 physics=0.539 total=0.1759
[TRAIN train_climax_no_localization_head_s44] [TRAIN] stage=finetune epoch=1/1 batch=1480/3000 step=4480 repair=0.0935 localization=0 type=0 minimal=0.0603 physics=0.5619 total=0.1222
[TRAIN train_climax_no_localization_head_s44] [TRAIN] stage=finetune epoch=1/1 batch=1490/3000 step=4490 repair=0.1224 localization=0 type=0 minimal=0.05948 physics=0.4615 total=0.1461
[TRAIN train_climax_no_localization_head_s44] [TRAIN] stage=finetune epoch=1/1 batch=1500/3000 step=4500 repair=0.08049 localization=0 type=0 minimal=0.05872 physics=0.3293 total=0.09754
[TRAIN train_climax_no_localization_head_s44] [TRAIN] stage=finetune epoch=1/1 batch=1510/3000 step=4510 repair=0.08826 localization=0 type=0 minimal=0.05948 physics=0.3767 total=0.1077
[TRAIN train_climax_no_localization_head_s44] [TRAIN] stage=finetune epoch=1/1 batch=1520/3000 step=4520 repair=0.0785 localization=0 type=0 minimal=0.06274 physics=0.4297 total=0.1006
[TRAIN train_climax_no_localization_head_s44] [TRAIN] stage=finetune epoch=1/1 batch=1530/3000 step=4530 repair=0.1129 localization=0 type=0 minimal=0.05783 physics=0.4375 total=0.1353
[TRAIN train_climax_no_localization_head_s44] [TRAIN] stage=finetune epoch=1/1 batch=1540/3000 step=4540 repair=0.1101 localization=0 type=0 minimal=0.05484 physics=0.4431 total=0.1328
[TRAIN train_climax_no_localization_head_s44] [TRAIN] stage=finetune epoch=1/1 batch=1550/3000 step=4550 repair=0.1068 localization=0 type=0 minimal=0.06311 physics=0.4712 total=0.131
[TRAIN train_climax_no_localization_head_s44] [TRAIN] stage=finetune epoch=1/1 batch=1560/3000 step=4560 repair=0.1601 localization=0 type=0 minimal=0.05334 physics=0.645 total=0.1929
[TRAIN train_climax_no_localization_head_s44] [TRAIN] stage=finetune epoch=1/1 batch=1570/3000 step=4570 repair=0.08429 localization=0 type=0 minimal=0.06403 physics=0.3978 total=0.1048
[TRAIN train_climax_no_localization_head_s44] [TRAIN] stage=finetune epoch=1/1 batch=1580/3000 step=4580 repair=0.1221 localization=0 type=0 minimal=0.06042 physics=0.5905 total=0.1522
[TRAIN train_climax_no_localization_head_s44] [TRAIN] stage=finetune epoch=1/1 batch=1590/3000 step=4590 repair=0.1121 localization=0 type=0 minimal=0.06329 physics=0.4762 total=0.1365
[TRAIN train_climax_no_localization_head_s44] [TRAIN] stage=finetune epoch=1/1 batch=1600/3000 step=4600 repair=0.1268 localization=0 type=0 minimal=0.05957 physics=0.3844 total=0.1466
[TRAIN train_climax_no_localization_head_s44] [TRAIN] stage=finetune epoch=1/1 batch=1610/3000 step=4610 repair=0.08537 localization=0 type=0 minimal=0.0574 physics=0.4365 total=0.1078
[TRAIN train_climax_no_localization_head_s44] [TRAIN] stage=finetune epoch=1/1 batch=1620/3000 step=4620 repair=0.1096 localization=0 type=0 minimal=0.05905 physics=0.4597 total=0.1331
[TRAIN train_climax_no_localization_head_s44] [TRAIN] stage=finetune epoch=1/1 batch=1630/3000 step=4630 repair=0.07309 localization=0 type=0 minimal=0.05768 physics=0.4231 total=0.09482
[TRAIN train_climax_no_localization_head_s44] [TRAIN] stage=finetune epoch=1/1 batch=1640/3000 step=4640 repair=0.06521 localization=0 type=0 minimal=0.06384 physics=0.4352 total=0.0876
[TRAIN train_climax_no_localization_head_s44] [TRAIN] stage=finetune epoch=1/1 batch=1650/3000 step=4650 repair=0.1315 localization=0 type=0 minimal=0.06653 physics=0.3741 total=0.1508
[TRAIN train_climax_no_localization_head_s44] [TRAIN] stage=finetune epoch=1/1 batch=1660/3000 step=4660 repair=0.0876 localization=0 type=0 minimal=0.05777 physics=0.3194 total=0.1042
[TRAIN train_climax_no_localization_head_s44] [TRAIN] stage=finetune epoch=1/1 batch=1670/3000 step=4670 repair=0.06705 localization=0 type=0 minimal=0.05682 physics=0.3067 total=0.08295
[TRAIN train_climax_no_localization_head_s44] [TRAIN] stage=finetune epoch=1/1 batch=1680/3000 step=4680 repair=0.07139 localization=0 type=0 minimal=0.07123 physics=0.3851 total=0.09136
[TRAIN train_climax_no_localization_head_s44] [TRAIN] stage=finetune epoch=1/1 batch=1690/3000 step=4690 repair=0.09846 localization=0 type=0 minimal=0.05301 physics=0.448 total=0.1214
[TRAIN train_climax_no_localization_head_s44] [TRAIN] stage=finetune epoch=1/1 batch=1700/3000 step=4700 repair=0.1164 localization=0 type=0 minimal=0.06366 physics=0.3455 total=0.1343
[TRAIN train_climax_no_localization_head_s44] [TRAIN] stage=finetune epoch=1/1 batch=1710/3000 step=4710 repair=0.1236 localization=0 type=0 minimal=0.06128 physics=0.6516 total=0.1568
[TRAIN train_climax_no_localization_head_s44] [TRAIN] stage=finetune epoch=1/1 batch=1720/3000 step=4720 repair=0.07042 localization=0 type=0 minimal=0.06592 physics=0.6094 total=0.1015
[TRAIN train_climax_no_localization_head_s44] [TRAIN] stage=finetune epoch=1/1 batch=1730/3000 step=4730 repair=0.07943 localization=0 type=0 minimal=0.06427 physics=0.5096 total=0.1056
[TRAIN train_climax_no_localization_head_s44] [TRAIN] stage=finetune epoch=1/1 batch=1740/3000 step=4740 repair=0.07464 localization=0 type=0 minimal=0.05807 physics=0.3491 total=0.09268
[TRAIN train_climax_no_localization_head_s44] [TRAIN] stage=finetune epoch=1/1 batch=1750/3000 step=4750 repair=0.07859 localization=0 type=0 minimal=0.05307 physics=0.4725 total=0.1027
[TRAIN train_climax_no_localization_head_s44] [TRAIN] stage=finetune epoch=1/1 batch=1760/3000 step=4760 repair=0.1251 localization=0 type=0 minimal=0.06927 physics=0.5388 total=0.1527
[TRAIN train_climax_no_localization_head_s44] [TRAIN] stage=finetune epoch=1/1 batch=1770/3000 step=4770 repair=0.0735 localization=0 type=0 minimal=0.0708 physics=0.6122 total=0.1048
[TRAIN train_climax_no_localization_head_s44] [TRAIN] stage=finetune epoch=1/1 batch=1780/3000 step=4780 repair=0.1158 localization=0 type=0 minimal=0.06525 physics=0.475 total=0.1402
[TRAIN train_climax_no_localization_head_s44] [TRAIN] stage=finetune epoch=1/1 batch=1790/3000 step=4790 repair=0.08009 localization=0 type=0 minimal=0.06036 physics=0.7482 total=0.1181
[TRAIN train_climax_no_localization_head_s44] [TRAIN] stage=finetune epoch=1/1 batch=1800/3000 step=4800 repair=0.1149 localization=0 type=0 minimal=0.06064 physics=0.5343 total=0.1422
[TRAIN train_climax_no_localization_head_s44] [TRAIN] stage=finetune epoch=1/1 batch=1810/3000 step=4810 repair=0.08173 localization=0 type=0 minimal=0.06378 physics=0.4395 total=0.1043
[TRAIN train_climax_no_localization_head_s44] [TRAIN] stage=finetune epoch=1/1 batch=1820/3000 step=4820 repair=0.07062 localization=0 type=0 minimal=0.06317 physics=0.7104 total=0.1068
[TRAIN train_climax_no_localization_head_s44] [TRAIN] stage=finetune epoch=1/1 batch=1830/3000 step=4830 repair=0.1208 localization=0 type=0 minimal=0.0592 physics=0.573 total=0.1501
[TRAIN train_climax_no_localization_head_s44] [TRAIN] stage=finetune epoch=1/1 batch=1840/3000 step=4840 repair=0.1267 localization=0 type=0 minimal=0.06061 physics=0.6121 total=0.1579
[TRAIN train_climax_no_localization_head_s44] [TRAIN] stage=finetune epoch=1/1 batch=1850/3000 step=4850 repair=0.1523 localization=0 type=0 minimal=0.0611 physics=0.5344 total=0.1796
[TRAIN train_climax_no_localization_head_s44] [TRAIN] stage=finetune epoch=1/1 batch=1860/3000 step=4860 repair=0.06486 localization=0 type=0 minimal=0.06165 physics=0.5374 total=0.09235
[TRAIN train_climax_no_localization_head_s44] [TRAIN] stage=finetune epoch=1/1 batch=1870/3000 step=4870 repair=0.07691 localization=0 type=0 minimal=0.06464 physics=0.5425 total=0.1047
[TRAIN train_climax_no_localization_head_s44] [TRAIN] stage=finetune epoch=1/1 batch=1880/3000 step=4880 repair=0.1662 localization=0 type=0 minimal=0.05399 physics=0.5459 total=0.194
[TRAIN train_climax_no_localization_head_s44] [TRAIN] stage=finetune epoch=1/1 batch=1890/3000 step=4890 repair=0.1227 localization=0 type=0 minimal=0.05978 physics=0.6413 total=0.1553
[TRAIN train_climax_no_localization_head_s44] [TRAIN] stage=finetune epoch=1/1 batch=1900/3000 step=4900 repair=0.1214 localization=0 type=0 minimal=0.0589 physics=0.5193 total=0.1479
[TRAIN train_climax_no_localization_head_s44] [TRAIN] stage=finetune epoch=1/1 batch=1910/3000 step=4910 repair=0.08666 localization=0 type=0 minimal=0.05966 physics=0.6064 total=0.1176
[TRAIN train_climax_no_localization_head_s44] [TRAIN] stage=finetune epoch=1/1 batch=1920/3000 step=4920 repair=0.107 localization=0 type=0 minimal=0.06714 physics=0.5264 total=0.134
[TRAIN train_climax_no_localization_head_s44] [TRAIN] stage=finetune epoch=1/1 batch=1930/3000 step=4930 repair=0.06807 localization=0 type=0 minimal=0.06854 physics=0.4643 total=0.09197
[TRAIN train_climax_no_localization_head_s44] [TRAIN] stage=finetune epoch=1/1 batch=1940/3000 step=4940 repair=0.1604 localization=0 type=0 minimal=0.05676 physics=0.5898 total=0.1904
[TRAIN train_climax_no_localization_head_s44] [TRAIN] stage=finetune epoch=1/1 batch=1950/3000 step=4950 repair=0.1667 localization=0 type=0 minimal=0.05588 physics=0.5319 total=0.1938
[TRAIN train_climax_no_localization_head_s44] [TRAIN] stage=finetune epoch=1/1 batch=1960/3000 step=4960 repair=0.07896 localization=0 type=0 minimal=0.07025 physics=0.6214 total=0.1107
[TRAIN train_climax_no_localization_head_s44] [TRAIN] stage=finetune epoch=1/1 batch=1970/3000 step=4970 repair=0.1284 localization=0 type=0 minimal=0.06146 physics=0.5304 total=0.1556
[TRAIN train_climax_no_localization_head_s44] [TRAIN] stage=finetune epoch=1/1 batch=1980/3000 step=4980 repair=0.1521 localization=0 type=0 minimal=0.06354 physics=0.5872 total=0.1821
[TRAIN train_climax_no_localization_head_s44] [TRAIN] stage=finetune epoch=1/1 batch=1990/3000 step=4990 repair=0.07609 localization=0 type=0 minimal=0.06671 physics=0.4727 total=0.1004
[TRAIN train_climax_no_localization_head_s44] [TRAIN] stage=finetune epoch=1/1 batch=2000/3000 step=5000 repair=0.1693 localization=0 type=0 minimal=0.05911 physics=0.6119 total=0.2005
[TRAIN train_climax_no_localization_head_s44] [TRAIN] stage=finetune epoch=1/1 batch=2010/3000 step=5010 repair=0.06382 localization=0 type=0 minimal=0.06769 physics=0.4331 total=0.08615
[TRAIN train_climax_no_localization_head_s44] [TRAIN] stage=finetune epoch=1/1 batch=2020/3000 step=5020 repair=0.07878 localization=0 type=0 minimal=0.06909 physics=0.7596 total=0.1175
[TRAIN train_climax_no_localization_head_s44] [TRAIN] stage=finetune epoch=1/1 batch=2030/3000 step=5030 repair=0.1552 localization=0 type=0 minimal=0.05981 physics=0.4645 total=0.1791
[TRAIN train_climax_no_localization_head_s44] [TRAIN] stage=finetune epoch=1/1 batch=2040/3000 step=5040 repair=0.1186 localization=0 type=0 minimal=0.06137 physics=0.4167 total=0.14
[TRAIN train_climax_no_localization_head_s44] [TRAIN] stage=finetune epoch=1/1 batch=2050/3000 step=5050 repair=0.1831 localization=0 type=0 minimal=0.05988 physics=0.459 total=0.2067
[TRAIN train_climax_no_localization_head_s44] [TRAIN] stage=finetune epoch=1/1 batch=2060/3000 step=5060 repair=0.07344 localization=0 type=0 minimal=0.06537 physics=0.358 total=0.09199
[TRAIN train_climax_no_localization_head_s44] [TRAIN] stage=finetune epoch=1/1 batch=2070/3000 step=5070 repair=0.1144 localization=0 type=0 minimal=0.06293 physics=0.4505 total=0.1376
[TRAIN train_climax_no_localization_head_s44] [TRAIN] stage=finetune epoch=1/1 batch=2080/3000 step=5080 repair=0.1078 localization=0 type=0 minimal=0.06439 physics=0.4303 total=0.1299
[TRAIN train_climax_no_localization_head_s44] [TRAIN] stage=finetune epoch=1/1 batch=2090/3000 step=5090 repair=0.1267 localization=0 type=0 minimal=0.05933 physics=0.3796 total=0.1462
[TRAIN train_climax_no_localization_head_s44] [TRAIN] stage=finetune epoch=1/1 batch=2100/3000 step=5100 repair=0.1176 localization=0 type=0 minimal=0.06073 physics=0.5018 total=0.1433
[TRAIN train_climax_no_localization_head_s44] [TRAIN] stage=finetune epoch=1/1 batch=2110/3000 step=5110 repair=0.08942 localization=0 type=0 minimal=0.06281 physics=0.7874 total=0.1294
[TRAIN train_climax_no_localization_head_s44] [TRAIN] stage=finetune epoch=1/1 batch=2120/3000 step=5120 repair=0.09716 localization=0 type=0 minimal=0.06799 physics=0.4655 total=0.1211
[TRAIN train_climax_no_localization_head_s44] [TRAIN] stage=finetune epoch=1/1 batch=2130/3000 step=5130 repair=0.1185 localization=0 type=0 minimal=0.07086 physics=0.4625 total=0.1423
[TRAIN train_climax_no_localization_head_s44] [TRAIN] stage=finetune epoch=1/1 batch=2140/3000 step=5140 repair=0.1163 localization=0 type=0 minimal=0.05777 physics=0.5885 total=0.1463
[TRAIN train_climax_no_localization_head_s44] [TRAIN] stage=finetune epoch=1/1 batch=2150/3000 step=5150 repair=0.07759 localization=0 type=0 minimal=0.06198 physics=0.4495 total=0.1007
[TRAIN train_climax_no_localization_head_s44] [TRAIN] stage=finetune epoch=1/1 batch=2160/3000 step=5160 repair=0.1269 localization=0 type=0 minimal=0.0593 physics=0.4546 total=0.1502
[TRAIN train_climax_no_localization_head_s44] [TRAIN] stage=finetune epoch=1/1 batch=2170/3000 step=5170 repair=0.09059 localization=0 type=0 minimal=0.06421 physics=0.3737 total=0.1099
[TRAIN train_climax_no_localization_head_s44] [TRAIN] stage=finetune epoch=1/1 batch=2180/3000 step=5180 repair=0.06592 localization=0 type=0 minimal=0.06561 physics=0.4432 total=0.08873
[TRAIN train_climax_no_localization_head_s44] [TRAIN] stage=finetune epoch=1/1 batch=2190/3000 step=5190 repair=0.1174 localization=0 type=0 minimal=0.05948 physics=0.51 total=0.1435
[TRAIN train_climax_no_localization_head_s44] [TRAIN] stage=finetune epoch=1/1 batch=2200/3000 step=5200 repair=0.1265 localization=0 type=0 minimal=0.0589 physics=0.5504 total=0.1546
[TRAIN train_climax_no_localization_head_s44] [TRAIN] stage=finetune epoch=1/1 batch=2210/3000 step=5210 repair=0.1825 localization=0 type=0 minimal=0.06287 physics=0.4792 total=0.2071
[TRAIN train_climax_no_localization_head_s44] [TRAIN] stage=finetune epoch=1/1 batch=2220/3000 step=5220 repair=0.1195 localization=0 type=0 minimal=0.06653 physics=0.4237 total=0.1414
[TRAIN train_climax_no_localization_head_s44] [TRAIN] stage=finetune epoch=1/1 batch=2230/3000 step=5230 repair=0.06807 localization=0 type=0 minimal=0.0672 physics=0.4047 total=0.08897
[TRAIN train_climax_no_localization_head_s44] [TRAIN] stage=finetune epoch=1/1 batch=2240/3000 step=5240 repair=0.1163 localization=0 type=0 minimal=0.06476 physics=0.4528 total=0.1396
[TRAIN train_climax_no_localization_head_s44] [TRAIN] stage=finetune epoch=1/1 batch=2250/3000 step=5250 repair=0.1726 localization=0 type=0 minimal=0.06415 physics=0.3926 total=0.1929
[TRAIN train_climax_no_localization_head_s44] [TRAIN] stage=finetune epoch=1/1 batch=2260/3000 step=5260 repair=0.1247 localization=0 type=0 minimal=0.06329 physics=0.4457 total=0.1476
[TRAIN train_climax_no_localization_head_s44] [TRAIN] stage=finetune epoch=1/1 batch=2270/3000 step=5270 repair=0.08491 localization=0 type=0 minimal=0.06885 physics=0.4313 total=0.1072
[TRAIN train_climax_no_localization_head_s44] [TRAIN] stage=finetune epoch=1/1 batch=2280/3000 step=5280 repair=0.1666 localization=0 type=0 minimal=0.06015 physics=0.5536 total=0.1949
[TRAIN train_climax_no_localization_head_s44] [TRAIN] stage=finetune epoch=1/1 batch=2290/3000 step=5290 repair=0.08936 localization=0 type=0 minimal=0.05908 physics=0.4121 total=0.1106
[TRAIN train_climax_no_localization_head_s44] [TRAIN] stage=finetune epoch=1/1 batch=2300/3000 step=5300 repair=0.1163 localization=0 type=0 minimal=0.06055 physics=0.5173 total=0.1428
[TRAIN train_climax_no_localization_head_s44] [TRAIN] stage=finetune epoch=1/1 batch=2310/3000 step=5310 repair=0.1609 localization=0 type=0 minimal=0.05981 physics=0.4673 total=0.1848
[TRAIN train_climax_no_localization_head_s44] [TRAIN] stage=finetune epoch=1/1 batch=2320/3000 step=5320 repair=0.1515 localization=0 type=0 minimal=0.05954 physics=0.5846 total=0.1813
[TRAIN train_climax_no_localization_head_s44] [TRAIN] stage=finetune epoch=1/1 batch=2330/3000 step=5330 repair=0.126 localization=0 type=0 minimal=0.06119 physics=0.6295 total=0.1581
[TRAIN train_climax_no_localization_head_s44] [TRAIN] stage=finetune epoch=1/1 batch=2340/3000 step=5340 repair=0.134 localization=0 type=0 minimal=0.07135 physics=0.486 total=0.159
[TRAIN train_climax_no_localization_head_s44] [TRAIN] stage=finetune epoch=1/1 batch=2350/3000 step=5350 repair=0.0744 localization=0 type=0 minimal=0.06409 physics=0.4428 total=0.09719
[TRAIN train_climax_no_localization_head_s44] [TRAIN] stage=finetune epoch=1/1 batch=2360/3000 step=5360 repair=0.1388 localization=0 type=0 minimal=0.06738 physics=0.4537 total=0.1622
[TRAIN train_climax_no_localization_head_s44] [TRAIN] stage=finetune epoch=1/1 batch=2370/3000 step=5370 repair=0.1255 localization=0 type=0 minimal=0.0639 physics=0.4543 total=0.1489
[TRAIN train_climax_no_localization_head_s44] [TRAIN] stage=finetune epoch=1/1 batch=2380/3000 step=5380 repair=0.06484 localization=0 type=0 minimal=0.06934 physics=0.4334 total=0.0872
[TRAIN train_climax_no_localization_head_s44] [TRAIN] stage=finetune epoch=1/1 batch=2390/3000 step=5390 repair=0.1206 localization=0 type=0 minimal=0.06628 physics=0.5119 total=0.1469
[TRAIN train_climax_no_localization_head_s44] [TRAIN] stage=finetune epoch=1/1 batch=2400/3000 step=5400 repair=0.114 localization=0 type=0 minimal=0.06348 physics=0.5363 total=0.1414
[TRAIN train_climax_no_localization_head_s44] [TRAIN] stage=finetune epoch=1/1 batch=2410/3000 step=5410 repair=0.1233 localization=0 type=0 minimal=0.065 physics=0.434 total=0.1457
[TRAIN train_climax_no_localization_head_s44] [TRAIN] stage=finetune epoch=1/1 batch=2420/3000 step=5420 repair=0.12 localization=0 type=0 minimal=0.0618 physics=0.4425 total=0.1427
[TRAIN train_climax_no_localization_head_s44] [TRAIN] stage=finetune epoch=1/1 batch=2430/3000 step=5430 repair=0.1187 localization=0 type=0 minimal=0.06458 physics=0.4714 total=0.1429
[TRAIN train_climax_no_localization_head_s44] [TRAIN] stage=finetune epoch=1/1 batch=2440/3000 step=5440 repair=0.08548 localization=0 type=0 minimal=0.06555 physics=0.4914 total=0.1107
[TRAIN train_climax_no_localization_head_s44] [TRAIN] stage=finetune epoch=1/1 batch=2450/3000 step=5450 repair=0.05849 localization=0 type=0 minimal=0.07416 physics=0.4531 total=0.08188
[TRAIN train_climax_no_localization_head_s44] [TRAIN] stage=finetune epoch=1/1 batch=2460/3000 step=5460 repair=0.129 localization=0 type=0 minimal=0.06116 physics=0.448 total=0.152
[TRAIN train_climax_no_localization_head_s44] [TRAIN] stage=finetune epoch=1/1 batch=2470/3000 step=5470 repair=0.09471 localization=0 type=0 minimal=0.06976 physics=0.4583 total=0.1183
[TRAIN train_climax_no_localization_head_s44] [TRAIN] stage=finetune epoch=1/1 batch=2480/3000 step=5480 repair=0.1101 localization=0 type=0 minimal=0.0708 physics=0.4237 total=0.132
[TRAIN train_climax_no_localization_head_s44] [TRAIN] stage=finetune epoch=1/1 batch=2490/3000 step=5490 repair=0.08436 localization=0 type=0 minimal=0.06805 physics=0.4903 total=0.1096
[TRAIN train_climax_no_localization_head_s44] [TRAIN] stage=finetune epoch=1/1 batch=2500/3000 step=5500 repair=0.08759 localization=0 type=0 minimal=0.07471 physics=0.6669 total=0.1217
[TRAIN train_climax_no_localization_head_s44] [TRAIN] stage=finetune epoch=1/1 batch=2510/3000 step=5510 repair=0.05985 localization=0 type=0 minimal=0.07214 physics=0.4847 total=0.0848
[TRAIN train_climax_no_localization_head_s44] [TRAIN] stage=finetune epoch=1/1 batch=2520/3000 step=5520 repair=0.09102 localization=0 type=0 minimal=0.07037 physics=0.46 total=0.1147
[TRAIN train_climax_no_localization_head_s44] [TRAIN] stage=finetune epoch=1/1 batch=2530/3000 step=5530 repair=0.1614 localization=0 type=0 minimal=0.06317 physics=0.4239 total=0.1833
[TRAIN train_climax_no_localization_head_s44] [TRAIN] stage=finetune epoch=1/1 batch=2540/3000 step=5540 repair=0.1193 localization=0 type=0 minimal=0.07202 physics=0.4168 total=0.1408
[TRAIN train_climax_no_localization_head_s44] [TRAIN] stage=finetune epoch=1/1 batch=2550/3000 step=5550 repair=0.1239 localization=0 type=0 minimal=0.06964 physics=0.4983 total=0.1496
[TRAIN train_climax_no_localization_head_s44] [TRAIN] stage=finetune epoch=1/1 batch=2560/3000 step=5560 repair=0.1128 localization=0 type=0 minimal=0.06732 physics=0.6313 total=0.145
[TRAIN train_climax_no_localization_head_s44] [TRAIN] stage=finetune epoch=1/1 batch=2570/3000 step=5570 repair=0.1019 localization=0 type=0 minimal=0.0697 physics=0.5071 total=0.1279
[TRAIN train_climax_no_localization_head_s44] [TRAIN] stage=finetune epoch=1/1 batch=2580/3000 step=5580 repair=0.1371 localization=0 type=0 minimal=0.06409 physics=0.574 total=0.1665
[TRAIN train_climax_no_localization_head_s44] [TRAIN] stage=finetune epoch=1/1 batch=2590/3000 step=5590 repair=0.1118 localization=0 type=0 minimal=0.06635 physics=0.4229 total=0.1336
[TRAIN train_climax_no_localization_head_s44] [TRAIN] stage=finetune epoch=1/1 batch=2600/3000 step=5600 repair=0.1555 localization=0 type=0 minimal=0.06421 physics=0.4228 total=0.1772
[TRAIN train_climax_no_localization_head_s44] [TRAIN] stage=finetune epoch=1/1 batch=2610/3000 step=5610 repair=0.1101 localization=0 type=0 minimal=0.06696 physics=0.3647 total=0.129
[TRAIN train_climax_no_localization_head_s44] [TRAIN] stage=finetune epoch=1/1 batch=2620/3000 step=5620 repair=0.1272 localization=0 type=0 minimal=0.06131 physics=0.3279 total=0.1442
[TRAIN train_climax_no_localization_head_s44] [TRAIN] stage=finetune epoch=1/1 batch=2630/3000 step=5630 repair=0.1525 localization=0 type=0 minimal=0.06256 physics=0.4418 total=0.1752
[TRAIN train_climax_no_localization_head_s44] [TRAIN] stage=finetune epoch=1/1 batch=2640/3000 step=5640 repair=0.09759 localization=0 type=0 minimal=0.06305 physics=0.3366 total=0.1151
[TRAIN train_climax_no_localization_head_s44] [TRAIN] stage=finetune epoch=1/1 batch=2650/3000 step=5650 repair=0.1792 localization=0 type=0 minimal=0.04999 physics=0.7125 total=0.2153
[TRAIN train_climax_no_localization_head_s44] [TRAIN] stage=finetune epoch=1/1 batch=2660/3000 step=5660 repair=0.158 localization=0 type=0 minimal=0.06659 physics=0.3212 total=0.1747
[TRAIN train_climax_no_localization_head_s44] [TRAIN] stage=finetune epoch=1/1 batch=2670/3000 step=5670 repair=0.1243 localization=0 type=0 minimal=0.06561 physics=0.4566 total=0.1478
[TRAIN train_climax_no_localization_head_s44] [TRAIN] stage=finetune epoch=1/1 batch=2680/3000 step=5680 repair=0.07497 localization=0 type=0 minimal=0.06653 physics=0.3325 total=0.09227
[TRAIN train_climax_no_localization_head_s44] [TRAIN] stage=finetune epoch=1/1 batch=2690/3000 step=5690 repair=0.06997 localization=0 type=0 minimal=0.07458 physics=0.5012 total=0.09578
[TRAIN train_climax_no_localization_head_s44] [TRAIN] stage=finetune epoch=1/1 batch=2700/3000 step=5700 repair=0.1149 localization=0 type=0 minimal=0.06793 physics=0.4606 total=0.1387
[TRAIN train_climax_no_localization_head_s44] [TRAIN] stage=finetune epoch=1/1 batch=2710/3000 step=5710 repair=0.07564 localization=0 type=0 minimal=0.0708 physics=0.2934 total=0.09102
[TRAIN train_climax_no_localization_head_s44] [TRAIN] stage=finetune epoch=1/1 batch=2720/3000 step=5720 repair=0.06618 localization=0 type=0 minimal=0.06873 physics=0.3047 total=0.0821
[TRAIN train_climax_no_localization_head_s44] [TRAIN] stage=finetune epoch=1/1 batch=2730/3000 step=5730 repair=0.07646 localization=0 type=0 minimal=0.06573 physics=0.3721 total=0.09572
[TRAIN train_climax_no_localization_head_s44] [TRAIN] stage=finetune epoch=1/1 batch=2740/3000 step=5740 repair=0.1101 localization=0 type=0 minimal=0.07166 physics=0.4253 total=0.1321
[TRAIN train_climax_no_localization_head_s44] [TRAIN] stage=finetune epoch=1/1 batch=2750/3000 step=5750 repair=0.07937 localization=0 type=0 minimal=0.07214 physics=0.4232 total=0.1013
[TRAIN train_climax_no_localization_head_s44] [TRAIN] stage=finetune epoch=1/1 batch=2760/3000 step=5760 repair=0.106 localization=0 type=0 minimal=0.06732 physics=0.4907 total=0.1313
[TRAIN train_climax_no_localization_head_s44] [TRAIN] stage=finetune epoch=1/1 batch=2770/3000 step=5770 repair=0.1644 localization=0 type=0 minimal=0.06223 physics=0.4748 total=0.1888
[TRAIN train_climax_no_localization_head_s44] [TRAIN] stage=finetune epoch=1/1 batch=2780/3000 step=5780 repair=0.1171 localization=0 type=0 minimal=0.06622 physics=0.4697 total=0.1412
[TRAIN train_climax_no_localization_head_s44] [TRAIN] stage=finetune epoch=1/1 batch=2790/3000 step=5790 repair=0.1164 localization=0 type=0 minimal=0.06653 physics=0.4183 total=0.138
[TRAIN train_climax_no_localization_head_s44] [TRAIN] stage=finetune epoch=1/1 batch=2800/3000 step=5800 repair=0.06243 localization=0 type=0 minimal=0.07953 physics=0.3584 total=0.08115
[TRAIN train_climax_no_localization_head_s44] [TRAIN] stage=finetune epoch=1/1 batch=2810/3000 step=5810 repair=0.07412 localization=0 type=0 minimal=0.07513 physics=0.3665 total=0.09319
[TRAIN train_climax_no_localization_head_s44] [TRAIN] stage=finetune epoch=1/1 batch=2820/3000 step=5820 repair=0.1173 localization=0 type=0 minimal=0.0683 physics=0.3391 total=0.135
[TRAIN train_climax_no_localization_head_s44] [TRAIN] stage=finetune epoch=1/1 batch=2830/3000 step=5830 repair=0.07882 localization=0 type=0 minimal=0.06635 physics=0.3607 total=0.09751
[TRAIN train_climax_no_localization_head_s44] [TRAIN] stage=finetune epoch=1/1 batch=2840/3000 step=5840 repair=0.07278 localization=0 type=0 minimal=0.07367 physics=0.4978 total=0.0984
[TRAIN train_climax_no_localization_head_s44] [TRAIN] stage=finetune epoch=1/1 batch=2850/3000 step=5850 repair=0.1113 localization=0 type=0 minimal=0.05908 physics=0.433 total=0.1335
[TRAIN train_climax_no_localization_head_s44] [TRAIN] stage=finetune epoch=1/1 batch=2860/3000 step=5860 repair=0.1484 localization=0 type=0 minimal=0.06146 physics=0.435 total=0.1708
[TRAIN train_climax_no_localization_head_s44] [TRAIN] stage=finetune epoch=1/1 batch=2870/3000 step=5870 repair=0.07558 localization=0 type=0 minimal=0.07056 physics=0.4877 total=0.1007
[TRAIN train_climax_no_localization_head_s44] [TRAIN] stage=finetune epoch=1/1 batch=2880/3000 step=5880 repair=0.1068 localization=0 type=0 minimal=0.06836 physics=0.4325 total=0.1291
[TRAIN train_climax_no_localization_head_s44] [TRAIN] stage=finetune epoch=1/1 batch=2890/3000 step=5890 repair=0.1201 localization=0 type=0 minimal=0.06689 physics=0.5643 total=0.149
[TRAIN train_climax_no_localization_head_s44] [TRAIN] stage=finetune epoch=1/1 batch=2900/3000 step=5900 repair=0.07286 localization=0 type=0 minimal=0.06824 physics=0.4237 total=0.09473
[TRAIN train_climax_no_localization_head_s44] [TRAIN] stage=finetune epoch=1/1 batch=2910/3000 step=5910 repair=0.1677 localization=0 type=0 minimal=0.05853 physics=0.4085 total=0.1887
[TRAIN train_climax_no_localization_head_s44] [TRAIN] stage=finetune epoch=1/1 batch=2920/3000 step=5920 repair=0.1106 localization=0 type=0 minimal=0.06781 physics=0.5163 total=0.1371
[TRAIN train_climax_no_localization_head_s44] [TRAIN] stage=finetune epoch=1/1 batch=2930/3000 step=5930 repair=0.1116 localization=0 type=0 minimal=0.07281 physics=0.3801 total=0.1313
[TRAIN train_climax_no_localization_head_s44] [TRAIN] stage=finetune epoch=1/1 batch=2940/3000 step=5940 repair=0.08572 localization=0 type=0 minimal=0.06964 physics=0.3353 total=0.1032
[TRAIN train_climax_no_localization_head_s44] [TRAIN] stage=finetune epoch=1/1 batch=2950/3000 step=5950 repair=0.07569 localization=0 type=0 minimal=0.07098 physics=0.3589 total=0.09434
[TRAIN train_climax_no_localization_head_s44] [TRAIN] stage=finetune epoch=1/1 batch=2960/3000 step=5960 repair=0.07746 localization=0 type=0 minimal=0.06653 physics=0.3341 total=0.09483
[TRAIN train_climax_no_localization_head_s44] [TRAIN] stage=finetune epoch=1/1 batch=2970/3000 step=5970 repair=0.07362 localization=0 type=0 minimal=0.07001 physics=0.3227 total=0.09045
[TRAIN train_climax_no_localization_head_s44] [TRAIN] stage=finetune epoch=1/1 batch=2980/3000 step=5980 repair=0.0785 localization=0 type=0 minimal=0.07397 physics=0.445 total=0.1015
[TRAIN train_climax_no_localization_head_s44] [TRAIN] stage=finetune epoch=1/1 batch=2990/3000 step=5990 repair=0.1159 localization=0 type=0 minimal=0.0675 physics=0.5188 total=0.1425
[TRAIN train_climax_no_localization_head_s44] [TRAIN] stage=finetune epoch=1/1 batch=3000/3000 step=6000 repair=0.112 localization=0 type=0 minimal=0.07123 physics=0.346 total=0.13
[TRAIN train_climax_no_localization_head_s44] [EPOCH] {'stage': 'finetune', 'epoch': 0, 'global_step': 6000, 'train_total': 0.17605290007094543, 'val_repair_mse': 0.11613928433507681, 'elapsed_seconds': 3587.18}
[TRAIN train_climax_no_localization_head_s44] [BEST] val_repair_mse=0.116139
[TRAIN train_climax_no_localization_head_s44] [TRAIN COMPLETE] {
[TRAIN train_climax_no_localization_head_s44]   "run_id": "prelim20_train_climax_no_localization_head_s44",
[TRAIN train_climax_no_localization_head_s44]   "status": "completed",
[TRAIN train_climax_no_localization_head_s44]   "method": "no_localization_head",
[TRAIN train_climax_no_localization_head_s44]   "backbone": "climax",
[TRAIN train_climax_no_localization_head_s44]   "seed": 44,
[TRAIN train_climax_no_localization_head_s44]   "forecast_provider": "zarr_frozen_fm",
[TRAIN train_climax_no_localization_head_s44]   "best_val_repair_mse": 0.11613928433507681,
[TRAIN train_climax_no_localization_head_s44]   "global_step": 6000,
[TRAIN train_climax_no_localization_head_s44]   "elapsed_seconds": 3587.32,
[TRAIN train_climax_no_localization_head_s44]   "checkpoint_best": "/home/tahiti/ConserveFM/runs/prelim20_train/train_climax_no_localization_head_s44/checkpoint_best.pt",
[TRAIN train_climax_no_localization_head_s44]   "checkpoint_last": "/home/tahiti/ConserveFM/runs/prelim20_train/train_climax_no_localization_head_s44/checkpoint_last.pt"
[TRAIN train_climax_no_localization_head_s44] }
