[TRAIN train_climax_no_minimal_change_s42] [SETUP] device=cuda
[TRAIN train_climax_no_minimal_change_s42] [SETUP] run_id=prelim20_train_climax_no_minimal_change_s42 method=no_minimal_change backbone=climax
[TRAIN train_climax_no_minimal_change_s42] [FORECAST] using frozen forecast cache: /home/tahiti/ConserveFM/forecasts/climax.zarr
[TRAIN train_climax_no_minimal_change_s42] [STAGE] pretrain epochs=1 start_epoch=0
[TRAIN train_climax_no_minimal_change_s42] [TRAIN] stage=pretrain epoch=1/1 batch=10/3000 step=10 repair=0.03275 localization=0.4383 type=3.414 minimal=0 physics=0.893 total=0.7037
[TRAIN train_climax_no_minimal_change_s42] [TRAIN] stage=pretrain epoch=1/1 batch=20/3000 step=20 repair=0.02113 localization=0.3338 type=1.55 minimal=0 physics=1.37 total=0.4162
[TRAIN train_climax_no_minimal_change_s42] [TRAIN] stage=pretrain epoch=1/1 batch=30/3000 step=30 repair=0.01131 localization=0.3805 type=1.405 minimal=0 physics=1.212 total=0.3641
[TRAIN train_climax_no_minimal_change_s42] [TRAIN] stage=pretrain epoch=1/1 batch=40/3000 step=40 repair=0.02405 localization=0.3408 type=1.424 minimal=0 physics=1.144 total=0.379
[TRAIN train_climax_no_minimal_change_s42] [TRAIN] stage=pretrain epoch=1/1 batch=50/3000 step=50 repair=0.00683 localization=0.3567 type=2.448 minimal=0 physics=1.089 total=0.5589
[TRAIN train_climax_no_minimal_change_s42] [TRAIN] stage=pretrain epoch=1/1 batch=60/3000 step=60 repair=0.004999 localization=0.2509 type=2.257 minimal=0 physics=0.5279 total=0.4389
[TRAIN train_climax_no_minimal_change_s42] [TRAIN] stage=pretrain epoch=1/1 batch=70/3000 step=70 repair=0.007548 localization=0.2745 type=1.2 minimal=0 physics=1.593 total=0.2346
[TRAIN train_climax_no_minimal_change_s42] [TRAIN] stage=pretrain epoch=1/1 batch=80/3000 step=80 repair=0.006605 localization=0.2739 type=2.458 minimal=0 physics=0.5039 total=0.468
[TRAIN train_climax_no_minimal_change_s42] [TRAIN] stage=pretrain epoch=1/1 batch=90/3000 step=90 repair=0.005999 localization=0.3392 type=1.113 minimal=0 physics=0.7006 total=0.1862
[TRAIN train_climax_no_minimal_change_s42] [TRAIN] stage=pretrain epoch=1/1 batch=100/3000 step=100 repair=0.00844 localization=0.2722 type=1.962 minimal=0 physics=0.6598 total=0.2648
[TRAIN train_climax_no_minimal_change_s42] [TRAIN] stage=pretrain epoch=1/1 batch=110/3000 step=110 repair=0.008636 localization=0.238 type=1.017 minimal=0 physics=0.2656 total=0.2377
[TRAIN train_climax_no_minimal_change_s42] [TRAIN] stage=pretrain epoch=1/1 batch=120/3000 step=120 repair=0.005914 localization=0.2899 type=1.993 minimal=0 physics=0.3884 total=0.4612
[TRAIN train_climax_no_minimal_change_s42] [TRAIN] stage=pretrain epoch=1/1 batch=130/3000 step=130 repair=0.002831 localization=0.284 type=1.868 minimal=0 physics=0.1821 total=0.3796
[TRAIN train_climax_no_minimal_change_s42] [TRAIN] stage=pretrain epoch=1/1 batch=140/3000 step=140 repair=0.01168 localization=0.218 type=3.301 minimal=0 physics=0.4319 total=0.6836
[TRAIN train_climax_no_minimal_change_s42] [TRAIN] stage=pretrain epoch=1/1 batch=150/3000 step=150 repair=0.0075 localization=0.2803 type=1.243 minimal=0 physics=0.5235 total=0.186
[TRAIN train_climax_no_minimal_change_s42] [TRAIN] stage=pretrain epoch=1/1 batch=160/3000 step=160 repair=0.005718 localization=0.2979 type=0.769 minimal=0 physics=0.9846 total=0.1616
[TRAIN train_climax_no_minimal_change_s42] [TRAIN] stage=pretrain epoch=1/1 batch=170/3000 step=170 repair=0.003029 localization=0.3117 type=1.294 minimal=0 physics=0.3668 total=0.2685
[TRAIN train_climax_no_minimal_change_s42] [TRAIN] stage=pretrain epoch=1/1 batch=180/3000 step=180 repair=0.003042 localization=0.2726 type=2.847 minimal=0 physics=0.2467 total=0.5592
[TRAIN train_climax_no_minimal_change_s42] [TRAIN] stage=pretrain epoch=1/1 batch=190/3000 step=190 repair=0.006065 localization=0.2893 type=1.774 minimal=0 physics=0.2508 total=0.3685
[TRAIN train_climax_no_minimal_change_s42] [TRAIN] stage=pretrain epoch=1/1 batch=200/3000 step=200 repair=0.008727 localization=0.2868 type=2.109 minimal=0 physics=0.2716 total=0.4539
[TRAIN train_climax_no_minimal_change_s42] [TRAIN] stage=pretrain epoch=1/1 batch=210/3000 step=210 repair=0.004053 localization=0.3129 type=1.313 minimal=0 physics=0.6336 total=0.3068
[TRAIN train_climax_no_minimal_change_s42] [TRAIN] stage=pretrain epoch=1/1 batch=220/3000 step=220 repair=0.003532 localization=0.2894 type=2.106 minimal=0 physics=0.2969 total=0.3885
[TRAIN train_climax_no_minimal_change_s42] [TRAIN] stage=pretrain epoch=1/1 batch=230/3000 step=230 repair=0.003725 localization=0.3049 type=2.528 minimal=0 physics=0.3798 total=0.4863
[TRAIN train_climax_no_minimal_change_s42] [TRAIN] stage=pretrain epoch=1/1 batch=240/3000 step=240 repair=0.0042 localization=0.2696 type=1.646 minimal=0 physics=0.3553 total=0.3394
[TRAIN train_climax_no_minimal_change_s42] [TRAIN] stage=pretrain epoch=1/1 batch=250/3000 step=250 repair=0.003925 localization=0.2937 type=1.415 minimal=0 physics=0.3652 total=0.3069
[TRAIN train_climax_no_minimal_change_s42] [TRAIN] stage=pretrain epoch=1/1 batch=260/3000 step=260 repair=0.003446 localization=0.2133 type=1.871 minimal=0 physics=0.472 total=0.2354
[TRAIN train_climax_no_minimal_change_s42] [TRAIN] stage=pretrain epoch=1/1 batch=270/3000 step=270 repair=0.00284 localization=0.2121 type=1.609 minimal=0 physics=0.3991 total=0.2049
[TRAIN train_climax_no_minimal_change_s42] [TRAIN] stage=pretrain epoch=1/1 batch=280/3000 step=280 repair=0.003459 localization=0.2619 type=2.147 minimal=0 physics=0.1103 total=0.4359
[TRAIN train_climax_no_minimal_change_s42] [TRAIN] stage=pretrain epoch=1/1 batch=290/3000 step=290 repair=0.002198 localization=0.3569 type=1.052 minimal=0 physics=0.0935 total=0.2379
[TRAIN train_climax_no_minimal_change_s42] [TRAIN] stage=pretrain epoch=1/1 batch=300/3000 step=300 repair=0.003117 localization=0.2881 type=1.973 minimal=0 physics=0.2934 total=0.4259
[TRAIN train_climax_no_minimal_change_s42] [TRAIN] stage=pretrain epoch=1/1 batch=310/3000 step=310 repair=0.01293 localization=0.2877 type=1.958 minimal=0 physics=0.1576 total=0.4159
[TRAIN train_climax_no_minimal_change_s42] [TRAIN] stage=pretrain epoch=1/1 batch=320/3000 step=320 repair=0.004279 localization=0.2659 type=1.448 minimal=0 physics=0.162 total=0.3243
[TRAIN train_climax_no_minimal_change_s42] [TRAIN] stage=pretrain epoch=1/1 batch=330/3000 step=330 repair=0.002615 localization=0.3221 type=1.623 minimal=0 physics=0.2889 total=0.3598
[TRAIN train_climax_no_minimal_change_s42] [TRAIN] stage=pretrain epoch=1/1 batch=340/3000 step=340 repair=0.004081 localization=0.1985 type=1.633 minimal=0 physics=0.1831 total=0.3297
[TRAIN train_climax_no_minimal_change_s42] [TRAIN] stage=pretrain epoch=1/1 batch=350/3000 step=350 repair=0.00363 localization=0.2716 type=1.454 minimal=0 physics=0.3131 total=0.3109
[TRAIN train_climax_no_minimal_change_s42] [TRAIN] stage=pretrain epoch=1/1 batch=360/3000 step=360 repair=0.003067 localization=0.2853 type=1.299 minimal=0 physics=0.1094 total=0.262
[TRAIN train_climax_no_minimal_change_s42] [TRAIN] stage=pretrain epoch=1/1 batch=370/3000 step=370 repair=0.00486 localization=0.2477 type=1.42 minimal=0 physics=0.1421 total=0.2902
[TRAIN train_climax_no_minimal_change_s42] [TRAIN] stage=pretrain epoch=1/1 batch=380/3000 step=380 repair=0.003424 localization=0.2307 type=1.537 minimal=0 physics=0.127 total=0.3155
[TRAIN train_climax_no_minimal_change_s42] [TRAIN] stage=pretrain epoch=1/1 batch=390/3000 step=390 repair=0.005372 localization=0.2562 type=1.035 minimal=0 physics=0.4582 total=0.2616
[TRAIN train_climax_no_minimal_change_s42] [TRAIN] stage=pretrain epoch=1/1 batch=400/3000 step=400 repair=0.003682 localization=0.2484 type=1.648 minimal=0 physics=0.2065 total=0.3658
[TRAIN train_climax_no_minimal_change_s42] [TRAIN] stage=pretrain epoch=1/1 batch=410/3000 step=410 repair=0.01501 localization=0.2909 type=1.565 minimal=0 physics=0.2501 total=0.3075
[TRAIN train_climax_no_minimal_change_s42] [TRAIN] stage=pretrain epoch=1/1 batch=420/3000 step=420 repair=0.008123 localization=0.2761 type=2.156 minimal=0 physics=0.3042 total=0.3497
[TRAIN train_climax_no_minimal_change_s42] [TRAIN] stage=pretrain epoch=1/1 batch=430/3000 step=430 repair=0.005739 localization=0.3512 type=0.8699 minimal=0 physics=0.6594 total=0.1608
[TRAIN train_climax_no_minimal_change_s42] [TRAIN] stage=pretrain epoch=1/1 batch=440/3000 step=440 repair=0.004016 localization=0.3355 type=2.142 minimal=0 physics=0.2333 total=0.4359
[TRAIN train_climax_no_minimal_change_s42] [TRAIN] stage=pretrain epoch=1/1 batch=450/3000 step=450 repair=0.01656 localization=0.2285 type=1.102 minimal=0 physics=1.17 total=0.2081
[TRAIN train_climax_no_minimal_change_s42] [TRAIN] stage=pretrain epoch=1/1 batch=460/3000 step=460 repair=0.003373 localization=0.2626 type=1.082 minimal=0 physics=0.3614 total=0.1559
[TRAIN train_climax_no_minimal_change_s42] [TRAIN] stage=pretrain epoch=1/1 batch=470/3000 step=470 repair=0.004799 localization=0.3645 type=1.015 minimal=0 physics=0.9914 total=0.1923
[TRAIN train_climax_no_minimal_change_s42] [TRAIN] stage=pretrain epoch=1/1 batch=480/3000 step=480 repair=0.00421 localization=0.2253 type=2.972 minimal=0 physics=0.2673 total=0.5973
[TRAIN train_climax_no_minimal_change_s42] [TRAIN] stage=pretrain epoch=1/1 batch=490/3000 step=490 repair=0.003006 localization=0.3943 type=1.949 minimal=0 physics=0.1803 total=0.4063
[TRAIN train_climax_no_minimal_change_s42] [TRAIN] stage=pretrain epoch=1/1 batch=500/3000 step=500 repair=0.004326 localization=0.2155 type=1.404 minimal=0 physics=0.6811 total=0.2004
[TRAIN train_climax_no_minimal_change_s42] [TRAIN] stage=pretrain epoch=1/1 batch=510/3000 step=510 repair=0.003207 localization=0.3193 type=2.478 minimal=0 physics=0.1043 total=0.4811
[TRAIN train_climax_no_minimal_change_s42] [TRAIN] stage=pretrain epoch=1/1 batch=520/3000 step=520 repair=0.002699 localization=0.2188 type=1.044 minimal=0 physics=0.303 total=0.1441
[TRAIN train_climax_no_minimal_change_s42] [TRAIN] stage=pretrain epoch=1/1 batch=530/3000 step=530 repair=0.005069 localization=0.3953 type=1.822 minimal=0 physics=0.4479 total=0.3723
[TRAIN train_climax_no_minimal_change_s42] [TRAIN] stage=pretrain epoch=1/1 batch=540/3000 step=540 repair=0.003438 localization=0.2895 type=1.108 minimal=0 physics=0.3467 total=0.1606
[TRAIN train_climax_no_minimal_change_s42] [TRAIN] stage=pretrain epoch=1/1 batch=550/3000 step=550 repair=0.003041 localization=0.2747 type=2.096 minimal=0 physics=0.1306 total=0.4016
[TRAIN train_climax_no_minimal_change_s42] [TRAIN] stage=pretrain epoch=1/1 batch=560/3000 step=560 repair=0.002805 localization=0.3909 type=1.846 minimal=0 physics=0.136 total=0.3736
[TRAIN train_climax_no_minimal_change_s42] [TRAIN] stage=pretrain epoch=1/1 batch=570/3000 step=570 repair=0.004577 localization=0.2394 type=2.071 minimal=0 physics=0.122 total=0.3949
[TRAIN train_climax_no_minimal_change_s42] [TRAIN] stage=pretrain epoch=1/1 batch=580/3000 step=580 repair=0.003296 localization=0.3445 type=1.837 minimal=0 physics=0.1979 total=0.3534
[TRAIN train_climax_no_minimal_change_s42] [TRAIN] stage=pretrain epoch=1/1 batch=590/3000 step=590 repair=0.02545 localization=0.352 type=0.8359 minimal=0 physics=2.152 total=0.2519
[TRAIN train_climax_no_minimal_change_s42] [TRAIN] stage=pretrain epoch=1/1 batch=600/3000 step=600 repair=0.002362 localization=0.2705 type=1.534 minimal=0 physics=0.1097 total=0.2631
[TRAIN train_climax_no_minimal_change_s42] [TRAIN] stage=pretrain epoch=1/1 batch=610/3000 step=610 repair=0.005921 localization=0.199 type=2.162 minimal=0 physics=0.1708 total=0.4142
[TRAIN train_climax_no_minimal_change_s42] [TRAIN] stage=pretrain epoch=1/1 batch=620/3000 step=620 repair=0.003586 localization=0.3281 type=1.369 minimal=0 physics=0.8664 total=0.2166
[TRAIN train_climax_no_minimal_change_s42] [TRAIN] stage=pretrain epoch=1/1 batch=630/3000 step=630 repair=0.003569 localization=0.2856 type=2.403 minimal=0 physics=0.1569 total=0.4925
[TRAIN train_climax_no_minimal_change_s42] [TRAIN] stage=pretrain epoch=1/1 batch=640/3000 step=640 repair=0.008101 localization=0.3872 type=1.812 minimal=0 physics=0.1554 total=0.3749
[TRAIN train_climax_no_minimal_change_s42] [TRAIN] stage=pretrain epoch=1/1 batch=650/3000 step=650 repair=0.002885 localization=0.3847 type=1.654 minimal=0 physics=0.1732 total=0.3519
[TRAIN train_climax_no_minimal_change_s42] [TRAIN] stage=pretrain epoch=1/1 batch=660/3000 step=660 repair=0.01477 localization=0.1399 type=1.411 minimal=0 physics=0.391 total=0.3111
[TRAIN train_climax_no_minimal_change_s42] [TRAIN] stage=pretrain epoch=1/1 batch=670/3000 step=670 repair=0.005108 localization=0.2193 type=1.076 minimal=0 physics=0.2966 total=0.2407
[TRAIN train_climax_no_minimal_change_s42] [TRAIN] stage=pretrain epoch=1/1 batch=680/3000 step=680 repair=0.002372 localization=0.3732 type=2.024 minimal=0 physics=0.1895 total=0.4356
[TRAIN train_climax_no_minimal_change_s42] [TRAIN] stage=pretrain epoch=1/1 batch=690/3000 step=690 repair=0.005028 localization=0.2378 type=1.816 minimal=0 physics=0.1311 total=0.3736
[TRAIN train_climax_no_minimal_change_s42] [TRAIN] stage=pretrain epoch=1/1 batch=700/3000 step=700 repair=0.002343 localization=0.359 type=1.956 minimal=0 physics=0.1701 total=0.4109
[TRAIN train_climax_no_minimal_change_s42] [TRAIN] stage=pretrain epoch=1/1 batch=710/3000 step=710 repair=0.006771 localization=0.246 type=1.758 minimal=0 physics=0.9364 total=0.254
[TRAIN train_climax_no_minimal_change_s42] [TRAIN] stage=pretrain epoch=1/1 batch=720/3000 step=720 repair=0.0252 localization=0.2691 type=1.774 minimal=0 physics=1.535 total=0.3062
[TRAIN train_climax_no_minimal_change_s42] [TRAIN] stage=pretrain epoch=1/1 batch=730/3000 step=730 repair=0.00237 localization=0.1837 type=1.626 minimal=0 physics=0.1356 total=0.3312
[TRAIN train_climax_no_minimal_change_s42] [TRAIN] stage=pretrain epoch=1/1 batch=740/3000 step=740 repair=0.003343 localization=0.2328 type=1.572 minimal=0 physics=0.1443 total=0.3302
[TRAIN train_climax_no_minimal_change_s42] [TRAIN] stage=pretrain epoch=1/1 batch=750/3000 step=750 repair=0.0339 localization=0.371 type=1.555 minimal=0 physics=1.653 total=0.3091
[TRAIN train_climax_no_minimal_change_s42] [TRAIN] stage=pretrain epoch=1/1 batch=760/3000 step=760 repair=0.003136 localization=0.2505 type=1.907 minimal=0 physics=0.1193 total=0.3865
[TRAIN train_climax_no_minimal_change_s42] [TRAIN] stage=pretrain epoch=1/1 batch=770/3000 step=770 repair=0.00415 localization=0.3466 type=1.703 minimal=0 physics=0.4332 total=0.3785
[TRAIN train_climax_no_minimal_change_s42] [TRAIN] stage=pretrain epoch=1/1 batch=780/3000 step=780 repair=0.002411 localization=0.4101 type=1.274 minimal=0 physics=0.1409 total=0.28
[TRAIN train_climax_no_minimal_change_s42] [TRAIN] stage=pretrain epoch=1/1 batch=790/3000 step=790 repair=0.002435 localization=0.2254 type=1.231 minimal=0 physics=0.1469 total=0.2391
[TRAIN train_climax_no_minimal_change_s42] [TRAIN] stage=pretrain epoch=1/1 batch=800/3000 step=800 repair=0.0107 localization=0.3823 type=0.76 minimal=0 physics=1.745 total=0.2122
[TRAIN train_climax_no_minimal_change_s42] [TRAIN] stage=pretrain epoch=1/1 batch=810/3000 step=810 repair=0.002802 localization=0.258 type=1.445 minimal=0 physics=0.1109 total=0.2781
[TRAIN train_climax_no_minimal_change_s42] [TRAIN] stage=pretrain epoch=1/1 batch=820/3000 step=820 repair=0.002204 localization=0.2635 type=1.504 minimal=0 physics=0.1616 total=0.2939
[TRAIN train_climax_no_minimal_change_s42] [TRAIN] stage=pretrain epoch=1/1 batch=830/3000 step=830 repair=0.003022 localization=0.3191 type=1.963 minimal=0 physics=0.2405 total=0.403
[TRAIN train_climax_no_minimal_change_s42] [TRAIN] stage=pretrain epoch=1/1 batch=840/3000 step=840 repair=0.006531 localization=0.246 type=2.074 minimal=0 physics=0.3103 total=0.4306
[TRAIN train_climax_no_minimal_change_s42] [TRAIN] stage=pretrain epoch=1/1 batch=850/3000 step=850 repair=0.002678 localization=0.3057 type=2.01 minimal=0 physics=0.1262 total=0.4415
[TRAIN train_climax_no_minimal_change_s42] [TRAIN] stage=pretrain epoch=1/1 batch=860/3000 step=860 repair=0.003041 localization=0.1955 type=2.157 minimal=0 physics=0.1823 total=0.4399
[TRAIN train_climax_no_minimal_change_s42] [TRAIN] stage=pretrain epoch=1/1 batch=870/3000 step=870 repair=0.002571 localization=0.2378 type=1.773 minimal=0 physics=0.2834 total=0.2179
[TRAIN train_climax_no_minimal_change_s42] [TRAIN] stage=pretrain epoch=1/1 batch=880/3000 step=880 repair=0.002561 localization=0.2898 type=1.511 minimal=0 physics=0.1777 total=0.3112
[TRAIN train_climax_no_minimal_change_s42] [TRAIN] stage=pretrain epoch=1/1 batch=890/3000 step=890 repair=0.01186 localization=0.2404 type=1.446 minimal=0 physics=0.08897 total=0.3289
[TRAIN train_climax_no_minimal_change_s42] [TRAIN] stage=pretrain epoch=1/1 batch=900/3000 step=900 repair=0.002864 localization=0.2235 type=1.441 minimal=0 physics=0.6564 total=0.2021
[TRAIN train_climax_no_minimal_change_s42] [TRAIN] stage=pretrain epoch=1/1 batch=910/3000 step=910 repair=0.02504 localization=0.2416 type=0.9631 minimal=0 physics=1.854 total=0.2382
[TRAIN train_climax_no_minimal_change_s42] [TRAIN] stage=pretrain epoch=1/1 batch=920/3000 step=920 repair=0.003531 localization=0.3121 type=0.7483 minimal=0 physics=0.584 total=0.1388
[TRAIN train_climax_no_minimal_change_s42] [TRAIN] stage=pretrain epoch=1/1 batch=930/3000 step=930 repair=0.001864 localization=0.2851 type=1.461 minimal=0 physics=0.1245 total=0.2446
[TRAIN train_climax_no_minimal_change_s42] [TRAIN] stage=pretrain epoch=1/1 batch=940/3000 step=940 repair=0.01084 localization=0.3102 type=0.4946 minimal=0 physics=0.8091 total=0.1584
[TRAIN train_climax_no_minimal_change_s42] [TRAIN] stage=pretrain epoch=1/1 batch=950/3000 step=950 repair=0.003391 localization=0.2602 type=1.867 minimal=0 physics=0.1459 total=0.3734
[TRAIN train_climax_no_minimal_change_s42] [TRAIN] stage=pretrain epoch=1/1 batch=960/3000 step=960 repair=0.00534 localization=0.3284 type=1.809 minimal=0 physics=0.2761 total=0.3926
[TRAIN train_climax_no_minimal_change_s42] [TRAIN] stage=pretrain epoch=1/1 batch=970/3000 step=970 repair=0.009547 localization=0.2006 type=0.3806 minimal=0 physics=0.5908 total=0.1197
[TRAIN train_climax_no_minimal_change_s42] [TRAIN] stage=pretrain epoch=1/1 batch=980/3000 step=980 repair=0.002349 localization=0.5177 type=2.365 minimal=0 physics=0.2889 total=0.5493
[TRAIN train_climax_no_minimal_change_s42] [TRAIN] stage=pretrain epoch=1/1 batch=990/3000 step=990 repair=0.004817 localization=0.2441 type=0.8943 minimal=0 physics=0.228 total=0.1944
[TRAIN train_climax_no_minimal_change_s42] [TRAIN] stage=pretrain epoch=1/1 batch=1000/3000 step=1000 repair=0.003532 localization=0.2989 type=0.946 minimal=0 physics=0.1664 total=0.1946
[TRAIN train_climax_no_minimal_change_s42] [TRAIN] stage=pretrain epoch=1/1 batch=1010/3000 step=1010 repair=0.002099 localization=0.288 type=1.93 minimal=0 physics=0.101 total=0.3845
[TRAIN train_climax_no_minimal_change_s42] [TRAIN] stage=pretrain epoch=1/1 batch=1020/3000 step=1020 repair=0.005566 localization=0.1986 type=1.778 minimal=0 physics=1.367 total=0.2716
[TRAIN train_climax_no_minimal_change_s42] [TRAIN] stage=pretrain epoch=1/1 batch=1030/3000 step=1030 repair=0.00305 localization=0.2694 type=2.068 minimal=0 physics=0.1982 total=0.4174
[TRAIN train_climax_no_minimal_change_s42] [TRAIN] stage=pretrain epoch=1/1 batch=1040/3000 step=1040 repair=0.01189 localization=0.09236 type=1.304 minimal=0 physics=0.3052 total=0.2728
[TRAIN train_climax_no_minimal_change_s42] [TRAIN] stage=pretrain epoch=1/1 batch=1050/3000 step=1050 repair=0.002351 localization=0.3644 type=1.621 minimal=0 physics=0.1394 total=0.337
[TRAIN train_climax_no_minimal_change_s42] [TRAIN] stage=pretrain epoch=1/1 batch=1060/3000 step=1060 repair=0.002552 localization=0.2576 type=1.529 minimal=0 physics=0.07267 total=0.3126
[TRAIN train_climax_no_minimal_change_s42] [TRAIN] stage=pretrain epoch=1/1 batch=1070/3000 step=1070 repair=0.002538 localization=0.3915 type=1.775 minimal=0 physics=0.1578 total=0.3822
[TRAIN train_climax_no_minimal_change_s42] [TRAIN] stage=pretrain epoch=1/1 batch=1080/3000 step=1080 repair=0.0154 localization=0.2754 type=1.739 minimal=0 physics=0.8624 total=0.4153
[TRAIN train_climax_no_minimal_change_s42] [TRAIN] stage=pretrain epoch=1/1 batch=1090/3000 step=1090 repair=0.00886 localization=0.2873 type=1.644 minimal=0 physics=0.7521 total=0.3794
[TRAIN train_climax_no_minimal_change_s42] [TRAIN] stage=pretrain epoch=1/1 batch=1100/3000 step=1100 repair=0.007045 localization=0.08343 type=1.14 minimal=0 physics=1.074 total=0.2625
[TRAIN train_climax_no_minimal_change_s42] [TRAIN] stage=pretrain epoch=1/1 batch=1110/3000 step=1110 repair=0.003467 localization=0.3382 type=1.509 minimal=0 physics=0.1605 total=0.3
[TRAIN train_climax_no_minimal_change_s42] [TRAIN] stage=pretrain epoch=1/1 batch=1120/3000 step=1120 repair=0.004568 localization=0.3402 type=1.633 minimal=0 physics=0.2785 total=0.3639
[TRAIN train_climax_no_minimal_change_s42] [TRAIN] stage=pretrain epoch=1/1 batch=1130/3000 step=1130 repair=0.005837 localization=0.254 type=1.774 minimal=0 physics=0.3412 total=0.3557
[TRAIN train_climax_no_minimal_change_s42] [TRAIN] stage=pretrain epoch=1/1 batch=1140/3000 step=1140 repair=0.003757 localization=0.3352 type=1.952 minimal=0 physics=0.4244 total=0.4177
[TRAIN train_climax_no_minimal_change_s42] [TRAIN] stage=pretrain epoch=1/1 batch=1150/3000 step=1150 repair=0.007627 localization=0.2709 type=1.439 minimal=0 physics=0.1494 total=0.3109
[TRAIN train_climax_no_minimal_change_s42] [TRAIN] stage=pretrain epoch=1/1 batch=1160/3000 step=1160 repair=0.003437 localization=0.1727 type=3.16 minimal=0 physics=0.1806 total=0.622
[TRAIN train_climax_no_minimal_change_s42] [TRAIN] stage=pretrain epoch=1/1 batch=1170/3000 step=1170 repair=0.00301 localization=0.3871 type=1.504 minimal=0 physics=0.103 total=0.3173
[TRAIN train_climax_no_minimal_change_s42] [TRAIN] stage=pretrain epoch=1/1 batch=1180/3000 step=1180 repair=0.02685 localization=0.3503 type=0.7673 minimal=0 physics=1.8 total=0.2286
[TRAIN train_climax_no_minimal_change_s42] [TRAIN] stage=pretrain epoch=1/1 batch=1190/3000 step=1190 repair=0.006434 localization=0.2172 type=0.6174 minimal=0 physics=0.3307 total=0.1535
[TRAIN train_climax_no_minimal_change_s42] [TRAIN] stage=pretrain epoch=1/1 batch=1200/3000 step=1200 repair=0.02074 localization=0.2702 type=0.657 minimal=0 physics=1.474 total=0.1871
[TRAIN train_climax_no_minimal_change_s42] [TRAIN] stage=pretrain epoch=1/1 batch=1210/3000 step=1210 repair=0.004126 localization=0.3593 type=2.187 minimal=0 physics=0.2708 total=0.4368
[TRAIN train_climax_no_minimal_change_s42] [TRAIN] stage=pretrain epoch=1/1 batch=1220/3000 step=1220 repair=0.004842 localization=0.2641 type=1.314 minimal=0 physics=0.1971 total=0.2922
[TRAIN train_climax_no_minimal_change_s42] [TRAIN] stage=pretrain epoch=1/1 batch=1230/3000 step=1230 repair=0.002489 localization=0.1969 type=1.342 minimal=0 physics=0.07355 total=0.2545
[TRAIN train_climax_no_minimal_change_s42] [TRAIN] stage=pretrain epoch=1/1 batch=1240/3000 step=1240 repair=0.004142 localization=0.2109 type=3.139 minimal=0 physics=0.1166 total=0.6215
[TRAIN train_climax_no_minimal_change_s42] [TRAIN] stage=pretrain epoch=1/1 batch=1250/3000 step=1250 repair=0.002363 localization=0.2136 type=2.181 minimal=0 physics=0.06654 total=0.4463
[TRAIN train_climax_no_minimal_change_s42] [TRAIN] stage=pretrain epoch=1/1 batch=1260/3000 step=1260 repair=0.01344 localization=0.2889 type=1.939 minimal=0 physics=0.6531 total=0.4439
[TRAIN train_climax_no_minimal_change_s42] [TRAIN] stage=pretrain epoch=1/1 batch=1270/3000 step=1270 repair=0.00255 localization=0.2074 type=1.391 minimal=0 physics=0.1434 total=0.2671
[TRAIN train_climax_no_minimal_change_s42] [TRAIN] stage=pretrain epoch=1/1 batch=1280/3000 step=1280 repair=0.03119 localization=0.3555 type=1.188 minimal=0 physics=1.674 total=0.2692
[TRAIN train_climax_no_minimal_change_s42] [TRAIN] stage=pretrain epoch=1/1 batch=1290/3000 step=1290 repair=0.003487 localization=0.3642 type=1.325 minimal=0 physics=0.3674 total=0.1908
[TRAIN train_climax_no_minimal_change_s42] [TRAIN] stage=pretrain epoch=1/1 batch=1300/3000 step=1300 repair=0.003114 localization=0.2361 type=1.617 minimal=0 physics=0.2475 total=0.3405
[TRAIN train_climax_no_minimal_change_s42] [TRAIN] stage=pretrain epoch=1/1 batch=1310/3000 step=1310 repair=0.00187 localization=0.2507 type=1.411 minimal=0 physics=0.2575 total=0.2881
[TRAIN train_climax_no_minimal_change_s42] [TRAIN] stage=pretrain epoch=1/1 batch=1320/3000 step=1320 repair=0.007659 localization=0.281 type=1.633 minimal=0 physics=0.9584 total=0.247
[TRAIN train_climax_no_minimal_change_s42] [TRAIN] stage=pretrain epoch=1/1 batch=1330/3000 step=1330 repair=0.006577 localization=0.285 type=1.34 minimal=0 physics=0.2367 total=0.2849
[TRAIN train_climax_no_minimal_change_s42] [TRAIN] stage=pretrain epoch=1/1 batch=1340/3000 step=1340 repair=0.0115 localization=0.3739 type=1.355 minimal=0 physics=0.1516 total=0.2931
[TRAIN train_climax_no_minimal_change_s42] [TRAIN] stage=pretrain epoch=1/1 batch=1350/3000 step=1350 repair=0.003709 localization=0.1969 type=2.533 minimal=0 physics=0.07081 total=0.5197
[TRAIN train_climax_no_minimal_change_s42] [TRAIN] stage=pretrain epoch=1/1 batch=1360/3000 step=1360 repair=0.004214 localization=0.2891 type=1.276 minimal=0 physics=0.3285 total=0.1772
[TRAIN train_climax_no_minimal_change_s42] [TRAIN] stage=pretrain epoch=1/1 batch=1370/3000 step=1370 repair=0.0028 localization=0.298 type=1.174 minimal=0 physics=0.331 total=0.1666
[TRAIN train_climax_no_minimal_change_s42] [TRAIN] stage=pretrain epoch=1/1 batch=1380/3000 step=1380 repair=0.01576 localization=0.2071 type=0.7605 minimal=0 physics=1.362 total=0.1807
[TRAIN train_climax_no_minimal_change_s42] [TRAIN] stage=pretrain epoch=1/1 batch=1390/3000 step=1390 repair=0.00289 localization=0.2857 type=2.262 minimal=0 physics=0.1354 total=0.424
[TRAIN train_climax_no_minimal_change_s42] [TRAIN] stage=pretrain epoch=1/1 batch=1400/3000 step=1400 repair=0.008054 localization=0.2353 type=1.819 minimal=0 physics=0.117 total=0.3586
[TRAIN train_climax_no_minimal_change_s42] [TRAIN] stage=pretrain epoch=1/1 batch=1410/3000 step=1410 repair=0.002912 localization=0.3057 type=1.67 minimal=0 physics=0.1789 total=0.3158
[TRAIN train_climax_no_minimal_change_s42] [TRAIN] stage=pretrain epoch=1/1 batch=1420/3000 step=1420 repair=0.009548 localization=0.327 type=1.557 minimal=0 physics=1.56 total=0.2759
[TRAIN train_climax_no_minimal_change_s42] [TRAIN] stage=pretrain epoch=1/1 batch=1430/3000 step=1430 repair=0.001512 localization=0.3032 type=1.707 minimal=0 physics=0.1023 total=0.3444
[TRAIN train_climax_no_minimal_change_s42] [TRAIN] stage=pretrain epoch=1/1 batch=1440/3000 step=1440 repair=0.007633 localization=0.2026 type=1.629 minimal=0 physics=0.2697 total=0.3248
[TRAIN train_climax_no_minimal_change_s42] [TRAIN] stage=pretrain epoch=1/1 batch=1450/3000 step=1450 repair=0.005081 localization=0.3601 type=0.4465 minimal=0 physics=0.7122 total=0.1432
[TRAIN train_climax_no_minimal_change_s42] [TRAIN] stage=pretrain epoch=1/1 batch=1460/3000 step=1460 repair=0.01831 localization=0.2444 type=1.489 minimal=0 physics=1.558 total=0.2695
[TRAIN train_climax_no_minimal_change_s42] [TRAIN] stage=pretrain epoch=1/1 batch=1470/3000 step=1470 repair=0.008595 localization=0.3366 type=1.481 minimal=0 physics=0.1411 total=0.3105
[TRAIN train_climax_no_minimal_change_s42] [TRAIN] stage=pretrain epoch=1/1 batch=1480/3000 step=1480 repair=0.004742 localization=0.244 type=1.941 minimal=0 physics=0.2904 total=0.3784
[TRAIN train_climax_no_minimal_change_s42] [TRAIN] stage=pretrain epoch=1/1 batch=1490/3000 step=1490 repair=0.003151 localization=0.2296 type=2.835 minimal=0 physics=0.2641 total=0.5649
[TRAIN train_climax_no_minimal_change_s42] [TRAIN] stage=pretrain epoch=1/1 batch=1500/3000 step=1500 repair=0.004063 localization=0.2789 type=1.653 minimal=0 physics=0.6496 total=0.2298
[TRAIN train_climax_no_minimal_change_s42] [TRAIN] stage=pretrain epoch=1/1 batch=1510/3000 step=1510 repair=0.02179 localization=0.2831 type=1.248 minimal=0 physics=1.575 total=0.2536
[TRAIN train_climax_no_minimal_change_s42] [TRAIN] stage=pretrain epoch=1/1 batch=1520/3000 step=1520 repair=0.003334 localization=0.2265 type=2.149 minimal=0 physics=0.1847 total=0.4383
[TRAIN train_climax_no_minimal_change_s42] [TRAIN] stage=pretrain epoch=1/1 batch=1530/3000 step=1530 repair=0.003494 localization=0.2585 type=1.772 minimal=0 physics=0.1422 total=0.3601
[TRAIN train_climax_no_minimal_change_s42] [TRAIN] stage=pretrain epoch=1/1 batch=1540/3000 step=1540 repair=0.003924 localization=0.1885 type=1.929 minimal=0 physics=0.05522 total=0.3853
[TRAIN train_climax_no_minimal_change_s42] [TRAIN] stage=pretrain epoch=1/1 batch=1550/3000 step=1550 repair=0.006662 localization=0.2768 type=1.453 minimal=0 physics=1.143 total=0.2368
[TRAIN train_climax_no_minimal_change_s42] [TRAIN] stage=pretrain epoch=1/1 batch=1560/3000 step=1560 repair=0.02021 localization=0.4917 type=1.814 minimal=0 physics=0.2763 total=0.4377
[TRAIN train_climax_no_minimal_change_s42] [TRAIN] stage=pretrain epoch=1/1 batch=1570/3000 step=1570 repair=0.02398 localization=0.2395 type=1.86 minimal=0 physics=1.342 total=0.301
[TRAIN train_climax_no_minimal_change_s42] [TRAIN] stage=pretrain epoch=1/1 batch=1580/3000 step=1580 repair=0.007086 localization=0.3042 type=1.067 minimal=0 physics=1.017 total=0.272
[TRAIN train_climax_no_minimal_change_s42] [TRAIN] stage=pretrain epoch=1/1 batch=1590/3000 step=1590 repair=0.002981 localization=0.3967 type=0.9636 minimal=0 physics=0.3296 total=0.1555
[TRAIN train_climax_no_minimal_change_s42] [TRAIN] stage=pretrain epoch=1/1 batch=1600/3000 step=1600 repair=0.004467 localization=0.3795 type=0.8706 minimal=0 physics=0.6308 total=0.161
[TRAIN train_climax_no_minimal_change_s42] [TRAIN] stage=pretrain epoch=1/1 batch=1610/3000 step=1610 repair=0.004833 localization=0.2274 type=1.785 minimal=0 physics=0.08391 total=0.3293
[TRAIN train_climax_no_minimal_change_s42] [TRAIN] stage=pretrain epoch=1/1 batch=1620/3000 step=1620 repair=0.003426 localization=0.2392 type=1.582 minimal=0 physics=0.2664 total=0.3283
[TRAIN train_climax_no_minimal_change_s42] [TRAIN] stage=pretrain epoch=1/1 batch=1630/3000 step=1630 repair=0.002335 localization=0.2251 type=1.334 minimal=0 physics=0.1458 total=0.2634
[TRAIN train_climax_no_minimal_change_s42] [TRAIN] stage=pretrain epoch=1/1 batch=1640/3000 step=1640 repair=0.002947 localization=0.2229 type=1.828 minimal=0 physics=0.1163 total=0.3459
[TRAIN train_climax_no_minimal_change_s42] [TRAIN] stage=pretrain epoch=1/1 batch=1650/3000 step=1650 repair=0.002038 localization=0.337 type=1.955 minimal=0 physics=0.08391 total=0.4078
[TRAIN train_climax_no_minimal_change_s42] [TRAIN] stage=pretrain epoch=1/1 batch=1660/3000 step=1660 repair=0.005192 localization=0.3358 type=1.94 minimal=0 physics=0.1359 total=0.4049
[TRAIN train_climax_no_minimal_change_s42] [TRAIN] stage=pretrain epoch=1/1 batch=1670/3000 step=1670 repair=0.01857 localization=0.2801 type=0.8149 minimal=0 physics=1.134 total=0.1848
[TRAIN train_climax_no_minimal_change_s42] [TRAIN] stage=pretrain epoch=1/1 batch=1680/3000 step=1680 repair=0.006618 localization=0.1463 type=0.1487 minimal=0 physics=2.241 total=0.1586
[TRAIN train_climax_no_minimal_change_s42] [TRAIN] stage=pretrain epoch=1/1 batch=1690/3000 step=1690 repair=0.003188 localization=0.3132 type=1.696 minimal=0 physics=0.84 total=0.3304
[TRAIN train_climax_no_minimal_change_s42] [TRAIN] stage=pretrain epoch=1/1 batch=1700/3000 step=1700 repair=0.001833 localization=0.347 type=1.488 minimal=0 physics=0.124 total=0.2703
[TRAIN train_climax_no_minimal_change_s42] [TRAIN] stage=pretrain epoch=1/1 batch=1710/3000 step=1710 repair=0.001552 localization=0.4443 type=1.741 minimal=0 physics=0.04823 total=0.3346
[TRAIN train_climax_no_minimal_change_s42] [TRAIN] stage=pretrain epoch=1/1 batch=1720/3000 step=1720 repair=0.007904 localization=0.4448 type=1.942 minimal=0 physics=0.1285 total=0.407
[TRAIN train_climax_no_minimal_change_s42] [TRAIN] stage=pretrain epoch=1/1 batch=1730/3000 step=1730 repair=0.003529 localization=0.342 type=1.56 minimal=0 physics=0.2977 total=0.3169
[TRAIN train_climax_no_minimal_change_s42] [TRAIN] stage=pretrain epoch=1/1 batch=1740/3000 step=1740 repair=0.007465 localization=0.1569 type=0.02605 minimal=0 physics=0.638 total=0.05901
[TRAIN train_climax_no_minimal_change_s42] [TRAIN] stage=pretrain epoch=1/1 batch=1750/3000 step=1750 repair=0.001545 localization=0.2121 type=1.189 minimal=0 physics=0.2191 total=0.1526
[TRAIN train_climax_no_minimal_change_s42] [TRAIN] stage=pretrain epoch=1/1 batch=1760/3000 step=1760 repair=0.00163 localization=0.199 type=1.93 minimal=0 physics=0.06761 total=0.3719
[TRAIN train_climax_no_minimal_change_s42] [TRAIN] stage=pretrain epoch=1/1 batch=1770/3000 step=1770 repair=0.00142 localization=0.3453 type=2.16 minimal=0 physics=0.1686 total=0.4891
[TRAIN train_climax_no_minimal_change_s42] [TRAIN] stage=pretrain epoch=1/1 batch=1780/3000 step=1780 repair=0.002772 localization=0.1798 type=0.3007 minimal=0 physics=0.229 total=0.08363
[TRAIN train_climax_no_minimal_change_s42] [TRAIN] stage=pretrain epoch=1/1 batch=1790/3000 step=1790 repair=0.03491 localization=0.3433 type=1.041 minimal=0 physics=1.832 total=0.2649
[TRAIN train_climax_no_minimal_change_s42] [TRAIN] stage=pretrain epoch=1/1 batch=1800/3000 step=1800 repair=0.004297 localization=0.1226 type=0.1186 minimal=0 physics=0.9989 total=0.08563
[TRAIN train_climax_no_minimal_change_s42] [TRAIN] stage=pretrain epoch=1/1 batch=1810/3000 step=1810 repair=0.003022 localization=0.2717 type=1.614 minimal=0 physics=0.1167 total=0.2942
[TRAIN train_climax_no_minimal_change_s42] [TRAIN] stage=pretrain epoch=1/1 batch=1820/3000 step=1820 repair=0.002139 localization=0.3589 type=1.58 minimal=0 physics=0.113 total=0.3416
[TRAIN train_climax_no_minimal_change_s42] [TRAIN] stage=pretrain epoch=1/1 batch=1830/3000 step=1830 repair=0.01342 localization=0.3387 type=1.565 minimal=0 physics=1.166 total=0.3741
[TRAIN train_climax_no_minimal_change_s42] [TRAIN] stage=pretrain epoch=1/1 batch=1840/3000 step=1840 repair=0.002456 localization=0.255 type=1.615 minimal=0 physics=0.1221 total=0.3221
[TRAIN train_climax_no_minimal_change_s42] [TRAIN] stage=pretrain epoch=1/1 batch=1850/3000 step=1850 repair=0.002265 localization=0.5715 type=4.551 minimal=0 physics=0.5293 total=1.142
[TRAIN train_climax_no_minimal_change_s42] [TRAIN] stage=pretrain epoch=1/1 batch=1860/3000 step=1860 repair=0.001762 localization=0.3071 type=1.48 minimal=0 physics=0.1276 total=0.3018
[TRAIN train_climax_no_minimal_change_s42] [TRAIN] stage=pretrain epoch=1/1 batch=1870/3000 step=1870 repair=0.003064 localization=0.2882 type=1.508 minimal=0 physics=0.1621 total=0.311
[TRAIN train_climax_no_minimal_change_s42] [TRAIN] stage=pretrain epoch=1/1 batch=1880/3000 step=1880 repair=0.002409 localization=0.3664 type=1.113 minimal=0 physics=0.2211 total=0.2361
[TRAIN train_climax_no_minimal_change_s42] [TRAIN] stage=pretrain epoch=1/1 batch=1890/3000 step=1890 repair=0.008813 localization=0.2396 type=1.701 minimal=0 physics=0.7665 total=0.3621
[TRAIN train_climax_no_minimal_change_s42] [TRAIN] stage=pretrain epoch=1/1 batch=1900/3000 step=1900 repair=0.007831 localization=0.3889 type=2.664 minimal=0 physics=0.5947 total=0.5742
[TRAIN train_climax_no_minimal_change_s42] [TRAIN] stage=pretrain epoch=1/1 batch=1910/3000 step=1910 repair=0.008132 localization=0.1216 type=0.04924 minimal=0 physics=0.9739 total=0.07676
[TRAIN train_climax_no_minimal_change_s42] [TRAIN] stage=pretrain epoch=1/1 batch=1920/3000 step=1920 repair=0.002444 localization=0.3058 type=2.182 minimal=0 physics=0.1822 total=0.5298
[TRAIN train_climax_no_minimal_change_s42] [TRAIN] stage=pretrain epoch=1/1 batch=1930/3000 step=1930 repair=0.00752 localization=0.3276 type=2.124 minimal=0 physics=0.2774 total=0.4173
[TRAIN train_climax_no_minimal_change_s42] [TRAIN] stage=pretrain epoch=1/1 batch=1940/3000 step=1940 repair=0.002176 localization=0.2029 type=1.454 minimal=0 physics=0.05638 total=0.2764
[TRAIN train_climax_no_minimal_change_s42] [TRAIN] stage=pretrain epoch=1/1 batch=1950/3000 step=1950 repair=0.002108 localization=0.2001 type=1.504 minimal=0 physics=0.09731 total=0.2754
[TRAIN train_climax_no_minimal_change_s42] [TRAIN] stage=pretrain epoch=1/1 batch=1960/3000 step=1960 repair=0.00266 localization=0.1977 type=0.9332 minimal=0 physics=0.1964 total=0.1971
[TRAIN train_climax_no_minimal_change_s42] [TRAIN] stage=pretrain epoch=1/1 batch=1970/3000 step=1970 repair=0.003103 localization=0.1972 type=1.387 minimal=0 physics=0.1451 total=0.2832
[TRAIN train_climax_no_minimal_change_s42] [TRAIN] stage=pretrain epoch=1/1 batch=1980/3000 step=1980 repair=0.004578 localization=0.0954 type=0.09635 minimal=0 physics=2.034 total=0.132
[TRAIN train_climax_no_minimal_change_s42] [TRAIN] stage=pretrain epoch=1/1 batch=1990/3000 step=1990 repair=0.002633 localization=0.2606 type=1.39 minimal=0 physics=0.09642 total=0.2762
[TRAIN train_climax_no_minimal_change_s42] [TRAIN] stage=pretrain epoch=1/1 batch=2000/3000 step=2000 repair=0.003488 localization=0.1891 type=1.575 minimal=0 physics=0.3531 total=0.3471
[TRAIN train_climax_no_minimal_change_s42] [TRAIN] stage=pretrain epoch=1/1 batch=2010/3000 step=2010 repair=0.003933 localization=0.09268 type=0.02354 minimal=0 physics=0.6828 total=0.05096
[TRAIN train_climax_no_minimal_change_s42] [TRAIN] stage=pretrain epoch=1/1 batch=2020/3000 step=2020 repair=0.008842 localization=0.2992 type=1.022 minimal=0 physics=1.063 total=0.1941
[TRAIN train_climax_no_minimal_change_s42] [TRAIN] stage=pretrain epoch=1/1 batch=2030/3000 step=2030 repair=0.002924 localization=0.3779 type=1.216 minimal=0 physics=0.4198 total=0.1833
[TRAIN train_climax_no_minimal_change_s42] [TRAIN] stage=pretrain epoch=1/1 batch=2040/3000 step=2040 repair=0.01377 localization=0.3357 type=1.387 minimal=0 physics=1.416 total=0.3485
[TRAIN train_climax_no_minimal_change_s42] [TRAIN] stage=pretrain epoch=1/1 batch=2050/3000 step=2050 repair=0.003873 localization=0.09991 type=0.03955 minimal=0 physics=0.8117 total=0.06051
[TRAIN train_climax_no_minimal_change_s42] [TRAIN] stage=pretrain epoch=1/1 batch=2060/3000 step=2060 repair=0.004872 localization=0.2753 type=1.243 minimal=0 physics=0.4537 total=0.256
[TRAIN train_climax_no_minimal_change_s42] [TRAIN] stage=pretrain epoch=1/1 batch=2070/3000 step=2070 repair=0.001869 localization=0.3675 type=4.015 minimal=0 physics=0.2335 total=1.001
[TRAIN train_climax_no_minimal_change_s42] [TRAIN] stage=pretrain epoch=1/1 batch=2080/3000 step=2080 repair=0.004553 localization=0.1224 type=0.06702 minimal=0 physics=0.2937 total=0.04177
[TRAIN train_climax_no_minimal_change_s42] [TRAIN] stage=pretrain epoch=1/1 batch=2090/3000 step=2090 repair=0.002558 localization=0.364 type=1.513 minimal=0 physics=0.1084 total=0.304
[TRAIN train_climax_no_minimal_change_s42] [TRAIN] stage=pretrain epoch=1/1 batch=2100/3000 step=2100 repair=0.002431 localization=0.1946 type=1.906 minimal=0 physics=0.04453 total=0.3605
[TRAIN train_climax_no_minimal_change_s42] [TRAIN] stage=pretrain epoch=1/1 batch=2110/3000 step=2110 repair=0.01236 localization=0.2691 type=1.426 minimal=0 physics=1.043 total=0.3397
[TRAIN train_climax_no_minimal_change_s42] [TRAIN] stage=pretrain epoch=1/1 batch=2120/3000 step=2120 repair=0.002613 localization=0.4259 type=1.315 minimal=0 physics=0.0949 total=0.2826
[TRAIN train_climax_no_minimal_change_s42] [TRAIN] stage=pretrain epoch=1/1 batch=2130/3000 step=2130 repair=0.005523 localization=0.2408 type=1.385 minimal=0 physics=0.8423 total=0.2102
[TRAIN train_climax_no_minimal_change_s42] [TRAIN] stage=pretrain epoch=1/1 batch=2140/3000 step=2140 repair=0.001477 localization=0.2583 type=0.8455 minimal=0 physics=0.2048 total=0.1852
[TRAIN train_climax_no_minimal_change_s42] [TRAIN] stage=pretrain epoch=1/1 batch=2150/3000 step=2150 repair=0.004502 localization=0.3809 type=0.8774 minimal=0 physics=0.2796 total=0.1443
[TRAIN train_climax_no_minimal_change_s42] [TRAIN] stage=pretrain epoch=1/1 batch=2160/3000 step=2160 repair=0.005162 localization=0.4064 type=1.921 minimal=0 physics=0.1154 total=0.3733
[TRAIN train_climax_no_minimal_change_s42] [TRAIN] stage=pretrain epoch=1/1 batch=2170/3000 step=2170 repair=0.004949 localization=0.3019 type=1.116 minimal=0 physics=0.09424 total=0.2485
[TRAIN train_climax_no_minimal_change_s42] [TRAIN] stage=pretrain epoch=1/1 batch=2180/3000 step=2180 repair=0.01643 localization=0.3699 type=1.421 minimal=0 physics=1.457 total=0.3849
[TRAIN train_climax_no_minimal_change_s42] [TRAIN] stage=pretrain epoch=1/1 batch=2190/3000 step=2190 repair=0.007838 localization=0.1904 type=1.433 minimal=0 physics=0.7063 total=0.3199
[TRAIN train_climax_no_minimal_change_s42] [TRAIN] stage=pretrain epoch=1/1 batch=2200/3000 step=2200 repair=0.004206 localization=0.2617 type=1.812 minimal=0 physics=0.07158 total=0.3662
[TRAIN train_climax_no_minimal_change_s42] [TRAIN] stage=pretrain epoch=1/1 batch=2210/3000 step=2210 repair=0.005849 localization=0.264 type=1.636 minimal=0 physics=0.09922 total=0.3254
[TRAIN train_climax_no_minimal_change_s42] [TRAIN] stage=pretrain epoch=1/1 batch=2220/3000 step=2220 repair=0.00298 localization=0.3468 type=1.742 minimal=0 physics=0.159 total=0.3499
[TRAIN train_climax_no_minimal_change_s42] [TRAIN] stage=pretrain epoch=1/1 batch=2230/3000 step=2230 repair=0.004629 localization=0.241 type=1.421 minimal=0 physics=0.1214 total=0.2989
[TRAIN train_climax_no_minimal_change_s42] [TRAIN] stage=pretrain epoch=1/1 batch=2240/3000 step=2240 repair=0.0026 localization=0.2156 type=0.049 minimal=0 physics=0.5289 total=0.05825
[TRAIN train_climax_no_minimal_change_s42] [TRAIN] stage=pretrain epoch=1/1 batch=2250/3000 step=2250 repair=0.009878 localization=0.2808 type=1.234 minimal=0 physics=1.054 total=0.3133
[TRAIN train_climax_no_minimal_change_s42] [TRAIN] stage=pretrain epoch=1/1 batch=2260/3000 step=2260 repair=0.001954 localization=0.2492 type=1.524 minimal=0 physics=0.06316 total=0.3232
[TRAIN train_climax_no_minimal_change_s42] [TRAIN] stage=pretrain epoch=1/1 batch=2270/3000 step=2270 repair=0.004 localization=0.2754 type=1.395 minimal=0 physics=0.1506 total=0.2937
[TRAIN train_climax_no_minimal_change_s42] [TRAIN] stage=pretrain epoch=1/1 batch=2280/3000 step=2280 repair=0.005876 localization=0.2046 type=1.434 minimal=0 physics=0.1194 total=0.2838
[TRAIN train_climax_no_minimal_change_s42] [TRAIN] stage=pretrain epoch=1/1 batch=2290/3000 step=2290 repair=0.02367 localization=0.3405 type=1.261 minimal=0 physics=1.889 total=0.2783
[TRAIN train_climax_no_minimal_change_s42] [TRAIN] stage=pretrain epoch=1/1 batch=2300/3000 step=2300 repair=0.003901 localization=0.2428 type=1.014 minimal=0 physics=0.2362 total=0.2235
[TRAIN train_climax_no_minimal_change_s42] [TRAIN] stage=pretrain epoch=1/1 batch=2310/3000 step=2310 repair=0.01298 localization=0.3872 type=1.134 minimal=0 physics=0.1472 total=0.2691
[TRAIN train_climax_no_minimal_change_s42] [TRAIN] stage=pretrain epoch=1/1 batch=2320/3000 step=2320 repair=0.00795 localization=0.1936 type=1.411 minimal=0 physics=0.6826 total=0.307
[TRAIN train_climax_no_minimal_change_s42] [TRAIN] stage=pretrain epoch=1/1 batch=2330/3000 step=2330 repair=0.002848 localization=0.2587 type=1 minimal=0 physics=0.2593 total=0.1417
[TRAIN train_climax_no_minimal_change_s42] [TRAIN] stage=pretrain epoch=1/1 batch=2340/3000 step=2340 repair=0.003334 localization=0.1491 type=0.1336 minimal=0 physics=0.251 total=0.05498
[TRAIN train_climax_no_minimal_change_s42] [TRAIN] stage=pretrain epoch=1/1 batch=2350/3000 step=2350 repair=0.00491 localization=0.2277 type=1.815 minimal=0 physics=0.1371 total=0.3401
[TRAIN train_climax_no_minimal_change_s42] [TRAIN] stage=pretrain epoch=1/1 batch=2360/3000 step=2360 repair=0.003268 localization=0.4458 type=1.685 minimal=0 physics=0.1644 total=0.3507
[TRAIN train_climax_no_minimal_change_s42] [TRAIN] stage=pretrain epoch=1/1 batch=2370/3000 step=2370 repair=0.002277 localization=0.3311 type=1.583 minimal=0 physics=0.3455 total=0.3219
[TRAIN train_climax_no_minimal_change_s42] [TRAIN] stage=pretrain epoch=1/1 batch=2380/3000 step=2380 repair=0.002485 localization=0.248 type=1.97 minimal=0 physics=0.0793 total=0.3785
[TRAIN train_climax_no_minimal_change_s42] [TRAIN] stage=pretrain epoch=1/1 batch=2390/3000 step=2390 repair=0.008098 localization=0.07068 type=0.003242 minimal=0 physics=0.6566 total=0.04853
[TRAIN train_climax_no_minimal_change_s42] [TRAIN] stage=pretrain epoch=1/1 batch=2400/3000 step=2400 repair=0.004632 localization=0.2885 type=1.736 minimal=0 physics=0.722 total=0.3586
[TRAIN train_climax_no_minimal_change_s42] [TRAIN] stage=pretrain epoch=1/1 batch=2410/3000 step=2410 repair=0.002677 localization=0.1246 type=0.05377 minimal=0 physics=0.3307 total=0.04001
[TRAIN train_climax_no_minimal_change_s42] [TRAIN] stage=pretrain epoch=1/1 batch=2420/3000 step=2420 repair=0.02365 localization=0.247 type=1.322 minimal=0 physics=1.121 total=0.2366
[TRAIN train_climax_no_minimal_change_s42] [TRAIN] stage=pretrain epoch=1/1 batch=2430/3000 step=2430 repair=0.001772 localization=0.3664 type=1.699 minimal=0 physics=0.05568 total=0.3384
[TRAIN train_climax_no_minimal_change_s42] [TRAIN] stage=pretrain epoch=1/1 batch=2440/3000 step=2440 repair=0.005498 localization=0.1918 type=1.645 minimal=0 physics=0.07919 total=0.3
[TRAIN train_climax_no_minimal_change_s42] [TRAIN] stage=pretrain epoch=1/1 batch=2450/3000 step=2450 repair=0.003773 localization=0.3021 type=1.475 minimal=0 physics=0.1259 total=0.2917
[TRAIN train_climax_no_minimal_change_s42] [TRAIN] stage=pretrain epoch=1/1 batch=2460/3000 step=2460 repair=0.002875 localization=0.3419 type=1.589 minimal=0 physics=0.1796 total=0.3397
[TRAIN train_climax_no_minimal_change_s42] [TRAIN] stage=pretrain epoch=1/1 batch=2470/3000 step=2470 repair=0.002142 localization=0.257 type=1.429 minimal=0 physics=0.1856 total=0.3
[TRAIN train_climax_no_minimal_change_s42] [TRAIN] stage=pretrain epoch=1/1 batch=2480/3000 step=2480 repair=0.004081 localization=0.1676 type=3.713 minimal=0 physics=0.1576 total=0.7426
[TRAIN train_climax_no_minimal_change_s42] [TRAIN] stage=pretrain epoch=1/1 batch=2490/3000 step=2490 repair=0.006426 localization=0.2332 type=1.079 minimal=0 physics=0.1564 total=0.226
[TRAIN train_climax_no_minimal_change_s42] [TRAIN] stage=pretrain epoch=1/1 batch=2500/3000 step=2500 repair=0.01246 localization=0.3624 type=0.9915 minimal=0 physics=0.4161 total=0.2442
[TRAIN train_climax_no_minimal_change_s42] [TRAIN] stage=pretrain epoch=1/1 batch=2510/3000 step=2510 repair=0.002498 localization=0.1326 type=4.871 minimal=0 physics=0.07965 total=0.9455
[TRAIN train_climax_no_minimal_change_s42] [TRAIN] stage=pretrain epoch=1/1 batch=2520/3000 step=2520 repair=0.004912 localization=0.2677 type=2.868 minimal=0 physics=0.2249 total=0.6079
[TRAIN train_climax_no_minimal_change_s42] [TRAIN] stage=pretrain epoch=1/1 batch=2530/3000 step=2530 repair=0.005602 localization=0.3388 type=1.991 minimal=0 physics=0.1142 total=0.4096
[TRAIN train_climax_no_minimal_change_s42] [TRAIN] stage=pretrain epoch=1/1 batch=2540/3000 step=2540 repair=0.005167 localization=0.3247 type=1.934 minimal=0 physics=0.2534 total=0.3824
[TRAIN train_climax_no_minimal_change_s42] [TRAIN] stage=pretrain epoch=1/1 batch=2550/3000 step=2550 repair=0.00408 localization=0.207 type=1.021 minimal=0 physics=0.07198 total=0.2091
[TRAIN train_climax_no_minimal_change_s42] [TRAIN] stage=pretrain epoch=1/1 batch=2560/3000 step=2560 repair=0.00271 localization=0.1888 type=1.16 minimal=0 physics=0.2124 total=0.1482
[TRAIN train_climax_no_minimal_change_s42] [TRAIN] stage=pretrain epoch=1/1 batch=2570/3000 step=2570 repair=0.007574 localization=0.2525 type=1.762 minimal=0 physics=0.4416 total=0.3745
[TRAIN train_climax_no_minimal_change_s42] [TRAIN] stage=pretrain epoch=1/1 batch=2580/3000 step=2580 repair=0.002399 localization=0.2653 type=1.943 minimal=0 physics=0.2507 total=0.4219
[TRAIN train_climax_no_minimal_change_s42] [TRAIN] stage=pretrain epoch=1/1 batch=2590/3000 step=2590 repair=0.01616 localization=0.2199 type=0.906 minimal=0 physics=0.9987 total=0.1787
[TRAIN train_climax_no_minimal_change_s42] [TRAIN] stage=pretrain epoch=1/1 batch=2600/3000 step=2600 repair=0.007093 localization=0.2267 type=1.454 minimal=0 physics=0.1029 total=0.2714
[TRAIN train_climax_no_minimal_change_s42] [TRAIN] stage=pretrain epoch=1/1 batch=2610/3000 step=2610 repair=0.00311 localization=0.2173 type=1.91 minimal=0 physics=0.1845 total=0.3617
[TRAIN train_climax_no_minimal_change_s42] [TRAIN] stage=pretrain epoch=1/1 batch=2620/3000 step=2620 repair=0.00385 localization=0.2472 type=1.014 minimal=0 physics=0.4231 total=0.1511
[TRAIN train_climax_no_minimal_change_s42] [TRAIN] stage=pretrain epoch=1/1 batch=2630/3000 step=2630 repair=0.001046 localization=0.2822 type=1.93 minimal=0 physics=0.09608 total=0.365
[TRAIN train_climax_no_minimal_change_s42] [TRAIN] stage=pretrain epoch=1/1 batch=2640/3000 step=2640 repair=0.004867 localization=0.3182 type=1.717 minimal=0 physics=0.08552 total=0.3239
[TRAIN train_climax_no_minimal_change_s42] [TRAIN] stage=pretrain epoch=1/1 batch=2650/3000 step=2650 repair=0.01709 localization=0.2111 type=0.7227 minimal=0 physics=1.16 total=0.1685
[TRAIN train_climax_no_minimal_change_s42] [TRAIN] stage=pretrain epoch=1/1 batch=2660/3000 step=2660 repair=0.01046 localization=0.3667 type=2.689 minimal=0 physics=0.1254 total=0.4494
[TRAIN train_climax_no_minimal_change_s42] [TRAIN] stage=pretrain epoch=1/1 batch=2670/3000 step=2670 repair=0.005988 localization=0.2315 type=0.6025 minimal=0 physics=0.8161 total=0.1302
[TRAIN train_climax_no_minimal_change_s42] [TRAIN] stage=pretrain epoch=1/1 batch=2680/3000 step=2680 repair=0.008069 localization=0.2653 type=1.616 minimal=0 physics=0.09658 total=0.3227
[TRAIN train_climax_no_minimal_change_s42] [TRAIN] stage=pretrain epoch=1/1 batch=2690/3000 step=2690 repair=0.008288 localization=0.2598 type=1.247 minimal=0 physics=0.1944 total=0.2717
[TRAIN train_climax_no_minimal_change_s42] [TRAIN] stage=pretrain epoch=1/1 batch=2700/3000 step=2700 repair=0.00338 localization=0.3001 type=1.434 minimal=0 physics=0.1169 total=0.2927
[TRAIN train_climax_no_minimal_change_s42] [TRAIN] stage=pretrain epoch=1/1 batch=2710/3000 step=2710 repair=0.003166 localization=0.2478 type=1.808 minimal=0 physics=0.2149 total=0.3695
[TRAIN train_climax_no_minimal_change_s42] [TRAIN] stage=pretrain epoch=1/1 batch=2720/3000 step=2720 repair=0.003993 localization=0.09026 type=0.1393 minimal=0 physics=0.7262 total=0.07305
[TRAIN train_climax_no_minimal_change_s42] [TRAIN] stage=pretrain epoch=1/1 batch=2730/3000 step=2730 repair=0.003128 localization=0.2499 type=0.8572 minimal=0 physics=0.6827 total=0.148
[TRAIN train_climax_no_minimal_change_s42] [TRAIN] stage=pretrain epoch=1/1 batch=2740/3000 step=2740 repair=0.00501 localization=0.2362 type=1.676 minimal=0 physics=0.3982 total=0.3364
[TRAIN train_climax_no_minimal_change_s42] [TRAIN] stage=pretrain epoch=1/1 batch=2750/3000 step=2750 repair=0.004892 localization=0.2143 type=1.473 minimal=0 physics=0.1611 total=0.2665
[TRAIN train_climax_no_minimal_change_s42] [TRAIN] stage=pretrain epoch=1/1 batch=2760/3000 step=2760 repair=0.001863 localization=0.3714 type=1.623 minimal=0 physics=0.09137 total=0.3019
[TRAIN train_climax_no_minimal_change_s42] [TRAIN] stage=pretrain epoch=1/1 batch=2770/3000 step=2770 repair=0.005266 localization=0.2917 type=1.973 minimal=0 physics=0.1152 total=0.3995
[TRAIN train_climax_no_minimal_change_s42] [TRAIN] stage=pretrain epoch=1/1 batch=2780/3000 step=2780 repair=0.003259 localization=0.1352 type=0.06625 minimal=0 physics=0.4514 total=0.04862
[TRAIN train_climax_no_minimal_change_s42] [TRAIN] stage=pretrain epoch=1/1 batch=2790/3000 step=2790 repair=0.001365 localization=0.3658 type=0.8223 minimal=0 physics=0.08118 total=0.1712
[TRAIN train_climax_no_minimal_change_s42] [TRAIN] stage=pretrain epoch=1/1 batch=2800/3000 step=2800 repair=0.003918 localization=0.3231 type=1.112 minimal=0 physics=0.9109 total=0.193
[TRAIN train_climax_no_minimal_change_s42] [TRAIN] stage=pretrain epoch=1/1 batch=2810/3000 step=2810 repair=0.002057 localization=0.1064 type=0.01091 minimal=0 physics=0.3678 total=0.03278
[TRAIN train_climax_no_minimal_change_s42] [TRAIN] stage=pretrain epoch=1/1 batch=2820/3000 step=2820 repair=0.00633 localization=0.2189 type=1.842 minimal=0 physics=0.2123 total=0.3675
[TRAIN train_climax_no_minimal_change_s42] [TRAIN] stage=pretrain epoch=1/1 batch=2830/3000 step=2830 repair=0.002025 localization=0.1759 type=2.605 minimal=0 physics=0.1818 total=0.5202
[TRAIN train_climax_no_minimal_change_s42] [TRAIN] stage=pretrain epoch=1/1 batch=2840/3000 step=2840 repair=0.002532 localization=0.04463 type=0.005901 minimal=0 physics=0.6959 total=0.04269
[TRAIN train_climax_no_minimal_change_s42] [TRAIN] stage=pretrain epoch=1/1 batch=2850/3000 step=2850 repair=0.004472 localization=0.2622 type=1.373 minimal=0 physics=0.1116 total=0.2624
[TRAIN train_climax_no_minimal_change_s42] [TRAIN] stage=pretrain epoch=1/1 batch=2860/3000 step=2860 repair=0.01053 localization=0.2856 type=1.085 minimal=0 physics=1.032 total=0.2773
[TRAIN train_climax_no_minimal_change_s42] [TRAIN] stage=pretrain epoch=1/1 batch=2870/3000 step=2870 repair=0.02833 localization=0.2809 type=1.276 minimal=0 physics=1.073 total=0.2377
[TRAIN train_climax_no_minimal_change_s42] [TRAIN] stage=pretrain epoch=1/1 batch=2880/3000 step=2880 repair=0.00487 localization=0.2203 type=1.495 minimal=0 physics=0.05328 total=0.303
[TRAIN train_climax_no_minimal_change_s42] [TRAIN] stage=pretrain epoch=1/1 batch=2890/3000 step=2890 repair=0.002056 localization=0.2516 type=1.205 minimal=0 physics=0.2909 total=0.1623
[TRAIN train_climax_no_minimal_change_s42] [TRAIN] stage=pretrain epoch=1/1 batch=2900/3000 step=2900 repair=0.002261 localization=0.324 type=0.9558 minimal=0 physics=0.4074 total=0.1506
[TRAIN train_climax_no_minimal_change_s42] [TRAIN] stage=pretrain epoch=1/1 batch=2910/3000 step=2910 repair=0.006636 localization=0.2015 type=1.935 minimal=0 physics=0.07493 total=0.3788
[TRAIN train_climax_no_minimal_change_s42] [TRAIN] stage=pretrain epoch=1/1 batch=2920/3000 step=2920 repair=0.001629 localization=0.393 type=1.673 minimal=0 physics=0.3112 total=0.4072
[TRAIN train_climax_no_minimal_change_s42] [TRAIN] stage=pretrain epoch=1/1 batch=2930/3000 step=2930 repair=0.01753 localization=0.2534 type=1.467 minimal=0 physics=1.595 total=0.2693
[TRAIN train_climax_no_minimal_change_s42] [TRAIN] stage=pretrain epoch=1/1 batch=2940/3000 step=2940 repair=0.00223 localization=0.02291 type=0.0003681 minimal=0 physics=0.888 total=0.04897
[TRAIN train_climax_no_minimal_change_s42] [TRAIN] stage=pretrain epoch=1/1 batch=2950/3000 step=2950 repair=0.002625 localization=0.0288 type=0.00945 minimal=0 physics=0.254 total=0.01973
[TRAIN train_climax_no_minimal_change_s42] [TRAIN] stage=pretrain epoch=1/1 batch=2960/3000 step=2960 repair=0.00779 localization=0.3639 type=1.922 minimal=0 physics=0.1956 total=0.4105
[TRAIN train_climax_no_minimal_change_s42] [TRAIN] stage=pretrain epoch=1/1 batch=2970/3000 step=2970 repair=0.009281 localization=0.3339 type=1.399 minimal=0 physics=0.8816 total=0.2266
[TRAIN train_climax_no_minimal_change_s42] [TRAIN] stage=pretrain epoch=1/1 batch=2980/3000 step=2980 repair=0.003522 localization=0.2641 type=1.317 minimal=0 physics=0.6637 total=0.1949
[TRAIN train_climax_no_minimal_change_s42] [TRAIN] stage=pretrain epoch=1/1 batch=2990/3000 step=2990 repair=0.002129 localization=0.3126 type=1.344 minimal=0 physics=0.1492 total=0.2659
[TRAIN train_climax_no_minimal_change_s42] [TRAIN] stage=pretrain epoch=1/1 batch=3000/3000 step=3000 repair=0.002344 localization=0.2409 type=1.016 minimal=0 physics=0.6655 total=0.1613
[TRAIN train_climax_no_minimal_change_s42] [EPOCH] {'stage': 'pretrain', 'epoch': 0, 'global_step': 3000, 'train_total': 0.30935090776843327, 'val_repair_mse': 0.1296443515457213, 'elapsed_seconds': 1842.14}
[TRAIN train_climax_no_minimal_change_s42] [BEST] val_repair_mse=0.129644
[TRAIN train_climax_no_minimal_change_s42] [STAGE] finetune epochs=1 start_epoch=0
[TRAIN train_climax_no_minimal_change_s42] [TRAIN] stage=finetune epoch=1/1 batch=10/3000 step=3010 repair=0.1252 localization=0 type=0 minimal=0 physics=0.4661 total=0.1485
[TRAIN train_climax_no_minimal_change_s42] [TRAIN] stage=finetune epoch=1/1 batch=20/3000 step=3020 repair=0.086 localization=0 type=0 minimal=0 physics=0.401 total=0.106
[TRAIN train_climax_no_minimal_change_s42] [TRAIN] stage=finetune epoch=1/1 batch=30/3000 step=3030 repair=0.09407 localization=0 type=0 minimal=0 physics=0.4296 total=0.1155
[TRAIN train_climax_no_minimal_change_s42] [TRAIN] stage=finetune epoch=1/1 batch=40/3000 step=3040 repair=0.1002 localization=0 type=0 minimal=0 physics=0.5478 total=0.1276
[TRAIN train_climax_no_minimal_change_s42] [TRAIN] stage=finetune epoch=1/1 batch=50/3000 step=3050 repair=0.09147 localization=0 type=0 minimal=0 physics=0.456 total=0.1143
[TRAIN train_climax_no_minimal_change_s42] [TRAIN] stage=finetune epoch=1/1 batch=60/3000 step=3060 repair=0.08588 localization=0 type=0 minimal=0 physics=0.4555 total=0.1087
[TRAIN train_climax_no_minimal_change_s42] [TRAIN] stage=finetune epoch=1/1 batch=70/3000 step=3070 repair=0.1821 localization=0 type=0 minimal=0 physics=0.99 total=0.2316
[TRAIN train_climax_no_minimal_change_s42] [TRAIN] stage=finetune epoch=1/1 batch=80/3000 step=3080 repair=0.09796 localization=0 type=0 minimal=0 physics=0.408 total=0.1184
[TRAIN train_climax_no_minimal_change_s42] [TRAIN] stage=finetune epoch=1/1 batch=90/3000 step=3090 repair=0.1166 localization=0 type=0 minimal=0 physics=0.4052 total=0.1368
[TRAIN train_climax_no_minimal_change_s42] [TRAIN] stage=finetune epoch=1/1 batch=100/3000 step=3100 repair=0.08233 localization=0 type=0 minimal=0 physics=0.3606 total=0.1004
[TRAIN train_climax_no_minimal_change_s42] [TRAIN] stage=finetune epoch=1/1 batch=110/3000 step=3110 repair=0.125 localization=0 type=0 minimal=0 physics=0.4965 total=0.1498
[TRAIN train_climax_no_minimal_change_s42] [TRAIN] stage=finetune epoch=1/1 batch=120/3000 step=3120 repair=0.1302 localization=0 type=0 minimal=0 physics=0.4488 total=0.1526
[TRAIN train_climax_no_minimal_change_s42] [TRAIN] stage=finetune epoch=1/1 batch=130/3000 step=3130 repair=0.1248 localization=0 type=0 minimal=0 physics=0.4238 total=0.146
[TRAIN train_climax_no_minimal_change_s42] [TRAIN] stage=finetune epoch=1/1 batch=140/3000 step=3140 repair=0.09103 localization=0 type=0 minimal=0 physics=0.4263 total=0.1123
[TRAIN train_climax_no_minimal_change_s42] [TRAIN] stage=finetune epoch=1/1 batch=150/3000 step=3150 repair=0.1689 localization=0 type=0 minimal=0 physics=0.4568 total=0.1917
[TRAIN train_climax_no_minimal_change_s42] [TRAIN] stage=finetune epoch=1/1 batch=160/3000 step=3160 repair=0.1156 localization=0 type=0 minimal=0 physics=0.4186 total=0.1365
[TRAIN train_climax_no_minimal_change_s42] [TRAIN] stage=finetune epoch=1/1 batch=170/3000 step=3170 repair=0.1256 localization=0 type=0 minimal=0 physics=0.432 total=0.1472
[TRAIN train_climax_no_minimal_change_s42] [TRAIN] stage=finetune epoch=1/1 batch=180/3000 step=3180 repair=0.1684 localization=0 type=0 minimal=0 physics=0.4959 total=0.1932
[TRAIN train_climax_no_minimal_change_s42] [TRAIN] stage=finetune epoch=1/1 batch=190/3000 step=3190 repair=0.1104 localization=0 type=0 minimal=0 physics=0.5401 total=0.1374
[TRAIN train_climax_no_minimal_change_s42] [TRAIN] stage=finetune epoch=1/1 batch=200/3000 step=3200 repair=0.1292 localization=0 type=0 minimal=0 physics=0.5526 total=0.1569
[TRAIN train_climax_no_minimal_change_s42] [TRAIN] stage=finetune epoch=1/1 batch=210/3000 step=3210 repair=0.1246 localization=0 type=0 minimal=0 physics=0.4925 total=0.1492
[TRAIN train_climax_no_minimal_change_s42] [TRAIN] stage=finetune epoch=1/1 batch=220/3000 step=3220 repair=0.1176 localization=0 type=0 minimal=0 physics=0.4955 total=0.1424
[TRAIN train_climax_no_minimal_change_s42] [TRAIN] stage=finetune epoch=1/1 batch=230/3000 step=3230 repair=0.1274 localization=0 type=0 minimal=0 physics=0.5534 total=0.1551
[TRAIN train_climax_no_minimal_change_s42] [TRAIN] stage=finetune epoch=1/1 batch=240/3000 step=3240 repair=0.1607 localization=0 type=0 minimal=0 physics=0.7605 total=0.1987
[TRAIN train_climax_no_minimal_change_s42] [TRAIN] stage=finetune epoch=1/1 batch=250/3000 step=3250 repair=0.08582 localization=0 type=0 minimal=0 physics=0.4519 total=0.1084
[TRAIN train_climax_no_minimal_change_s42] [TRAIN] stage=finetune epoch=1/1 batch=260/3000 step=3260 repair=0.1225 localization=0 type=0 minimal=0 physics=0.6187 total=0.1534
[TRAIN train_climax_no_minimal_change_s42] [TRAIN] stage=finetune epoch=1/1 batch=270/3000 step=3270 repair=0.1228 localization=0 type=0 minimal=0 physics=0.4664 total=0.1461
[TRAIN train_climax_no_minimal_change_s42] [TRAIN] stage=finetune epoch=1/1 batch=280/3000 step=3280 repair=0.1492 localization=0 type=0 minimal=0 physics=0.5197 total=0.1752
[TRAIN train_climax_no_minimal_change_s42] [TRAIN] stage=finetune epoch=1/1 batch=290/3000 step=3290 repair=0.115 localization=0 type=0 minimal=0 physics=0.5073 total=0.1404
[TRAIN train_climax_no_minimal_change_s42] [TRAIN] stage=finetune epoch=1/1 batch=300/3000 step=3300 repair=0.1279 localization=0 type=0 minimal=0 physics=0.5108 total=0.1535
[TRAIN train_climax_no_minimal_change_s42] [TRAIN] stage=finetune epoch=1/1 batch=310/3000 step=3310 repair=0.1677 localization=0 type=0 minimal=0 physics=0.5223 total=0.1938
[TRAIN train_climax_no_minimal_change_s42] [TRAIN] stage=finetune epoch=1/1 batch=320/3000 step=3320 repair=0.1181 localization=0 type=0 minimal=0 physics=0.5125 total=0.1437
[TRAIN train_climax_no_minimal_change_s42] [TRAIN] stage=finetune epoch=1/1 batch=330/3000 step=3330 repair=0.1789 localization=0 type=0 minimal=0 physics=0.6273 total=0.2102
[TRAIN train_climax_no_minimal_change_s42] [TRAIN] stage=finetune epoch=1/1 batch=340/3000 step=3340 repair=0.07635 localization=0 type=0 minimal=0 physics=0.461 total=0.0994
[TRAIN train_climax_no_minimal_change_s42] [TRAIN] stage=finetune epoch=1/1 batch=350/3000 step=3350 repair=0.0757 localization=0 type=0 minimal=0 physics=0.4495 total=0.09818
[TRAIN train_climax_no_minimal_change_s42] [TRAIN] stage=finetune epoch=1/1 batch=360/3000 step=3360 repair=0.1207 localization=0 type=0 minimal=0 physics=0.503 total=0.1458
[TRAIN train_climax_no_minimal_change_s42] [TRAIN] stage=finetune epoch=1/1 batch=370/3000 step=3370 repair=0.07168 localization=0 type=0 minimal=0 physics=0.4805 total=0.09571
[TRAIN train_climax_no_minimal_change_s42] [TRAIN] stage=finetune epoch=1/1 batch=380/3000 step=3380 repair=0.1269 localization=0 type=0 minimal=0 physics=0.5657 total=0.1552
[TRAIN train_climax_no_minimal_change_s42] [TRAIN] stage=finetune epoch=1/1 batch=390/3000 step=3390 repair=0.1249 localization=0 type=0 minimal=0 physics=0.5753 total=0.1537
[TRAIN train_climax_no_minimal_change_s42] [TRAIN] stage=finetune epoch=1/1 batch=400/3000 step=3400 repair=0.1344 localization=0 type=0 minimal=0 physics=0.6215 total=0.1655
[TRAIN train_climax_no_minimal_change_s42] [TRAIN] stage=finetune epoch=1/1 batch=410/3000 step=3410 repair=0.1735 localization=0 type=0 minimal=0 physics=0.6029 total=0.2036
[TRAIN train_climax_no_minimal_change_s42] [TRAIN] stage=finetune epoch=1/1 batch=420/3000 step=3420 repair=0.08846 localization=0 type=0 minimal=0 physics=0.4277 total=0.1098
[TRAIN train_climax_no_minimal_change_s42] [TRAIN] stage=finetune epoch=1/1 batch=430/3000 step=3430 repair=0.1263 localization=0 type=0 minimal=0 physics=0.4407 total=0.1484
[TRAIN train_climax_no_minimal_change_s42] [TRAIN] stage=finetune epoch=1/1 batch=440/3000 step=3440 repair=0.08963 localization=0 type=0 minimal=0 physics=0.6036 total=0.1198
[TRAIN train_climax_no_minimal_change_s42] [TRAIN] stage=finetune epoch=1/1 batch=450/3000 step=3450 repair=0.1314 localization=0 type=0 minimal=0 physics=0.4926 total=0.156
[TRAIN train_climax_no_minimal_change_s42] [TRAIN] stage=finetune epoch=1/1 batch=460/3000 step=3460 repair=0.09238 localization=0 type=0 minimal=0 physics=0.4756 total=0.1162
[TRAIN train_climax_no_minimal_change_s42] [TRAIN] stage=finetune epoch=1/1 batch=470/3000 step=3470 repair=0.1619 localization=0 type=0 minimal=0 physics=0.5651 total=0.1902
[TRAIN train_climax_no_minimal_change_s42] [TRAIN] stage=finetune epoch=1/1 batch=480/3000 step=3480 repair=0.0795 localization=0 type=0 minimal=0 physics=0.4751 total=0.1033
[TRAIN train_climax_no_minimal_change_s42] [TRAIN] stage=finetune epoch=1/1 batch=490/3000 step=3490 repair=0.1233 localization=0 type=0 minimal=0 physics=0.4467 total=0.1456
[TRAIN train_climax_no_minimal_change_s42] [TRAIN] stage=finetune epoch=1/1 batch=500/3000 step=3500 repair=0.1142 localization=0 type=0 minimal=0 physics=0.4524 total=0.1368
[TRAIN train_climax_no_minimal_change_s42] [TRAIN] stage=finetune epoch=1/1 batch=510/3000 step=3510 repair=0.08242 localization=0 type=0 minimal=0 physics=0.5547 total=0.1102
[TRAIN train_climax_no_minimal_change_s42] [TRAIN] stage=finetune epoch=1/1 batch=520/3000 step=3520 repair=0.1222 localization=0 type=0 minimal=0 physics=0.6311 total=0.1537
[TRAIN train_climax_no_minimal_change_s42] [TRAIN] stage=finetune epoch=1/1 batch=530/3000 step=3530 repair=0.1128 localization=0 type=0 minimal=0 physics=0.6073 total=0.1431
[TRAIN train_climax_no_minimal_change_s42] [TRAIN] stage=finetune epoch=1/1 batch=540/3000 step=3540 repair=0.1296 localization=0 type=0 minimal=0 physics=0.4351 total=0.1513
[TRAIN train_climax_no_minimal_change_s42] [TRAIN] stage=finetune epoch=1/1 batch=550/3000 step=3550 repair=0.1145 localization=0 type=0 minimal=0 physics=0.4609 total=0.1375
[TRAIN train_climax_no_minimal_change_s42] [TRAIN] stage=finetune epoch=1/1 batch=560/3000 step=3560 repair=0.1255 localization=0 type=0 minimal=0 physics=0.4457 total=0.1477
[TRAIN train_climax_no_minimal_change_s42] [TRAIN] stage=finetune epoch=1/1 batch=570/3000 step=3570 repair=0.08879 localization=0 type=0 minimal=0 physics=0.4144 total=0.1095
[TRAIN train_climax_no_minimal_change_s42] [TRAIN] stage=finetune epoch=1/1 batch=580/3000 step=3580 repair=0.1223 localization=0 type=0 minimal=0 physics=0.4603 total=0.1453
[TRAIN train_climax_no_minimal_change_s42] [TRAIN] stage=finetune epoch=1/1 batch=590/3000 step=3590 repair=0.08192 localization=0 type=0 minimal=0 physics=0.4759 total=0.1057
[TRAIN train_climax_no_minimal_change_s42] [TRAIN] stage=finetune epoch=1/1 batch=600/3000 step=3600 repair=0.08715 localization=0 type=0 minimal=0 physics=0.4387 total=0.1091
[TRAIN train_climax_no_minimal_change_s42] [TRAIN] stage=finetune epoch=1/1 batch=610/3000 step=3610 repair=0.1173 localization=0 type=0 minimal=0 physics=0.3903 total=0.1369
[TRAIN train_climax_no_minimal_change_s42] [TRAIN] stage=finetune epoch=1/1 batch=620/3000 step=3620 repair=0.0949 localization=0 type=0 minimal=0 physics=0.4742 total=0.1186
[TRAIN train_climax_no_minimal_change_s42] [TRAIN] stage=finetune epoch=1/1 batch=630/3000 step=3630 repair=0.08417 localization=0 type=0 minimal=0 physics=0.7125 total=0.1198
[TRAIN train_climax_no_minimal_change_s42] [TRAIN] stage=finetune epoch=1/1 batch=640/3000 step=3640 repair=0.07851 localization=0 type=0 minimal=0 physics=0.3216 total=0.09459
[TRAIN train_climax_no_minimal_change_s42] [TRAIN] stage=finetune epoch=1/1 batch=650/3000 step=3650 repair=0.1618 localization=0 type=0 minimal=0 physics=0.383 total=0.1809
[TRAIN train_climax_no_minimal_change_s42] [TRAIN] stage=finetune epoch=1/1 batch=660/3000 step=3660 repair=0.1117 localization=0 type=0 minimal=0 physics=0.3852 total=0.131
[TRAIN train_climax_no_minimal_change_s42] [TRAIN] stage=finetune epoch=1/1 batch=670/3000 step=3670 repair=0.08285 localization=0 type=0 minimal=0 physics=0.5235 total=0.109
[TRAIN train_climax_no_minimal_change_s42] [TRAIN] stage=finetune epoch=1/1 batch=680/3000 step=3680 repair=0.1194 localization=0 type=0 minimal=0 physics=0.335 total=0.1362
[TRAIN train_climax_no_minimal_change_s42] [TRAIN] stage=finetune epoch=1/1 batch=690/3000 step=3690 repair=0.1336 localization=0 type=0 minimal=0 physics=0.5627 total=0.1617
[TRAIN train_climax_no_minimal_change_s42] [TRAIN] stage=finetune epoch=1/1 batch=700/3000 step=3700 repair=0.166 localization=0 type=0 minimal=0 physics=0.3295 total=0.1825
[TRAIN train_climax_no_minimal_change_s42] [TRAIN] stage=finetune epoch=1/1 batch=710/3000 step=3710 repair=0.08796 localization=0 type=0 minimal=0 physics=0.3852 total=0.1072
[TRAIN train_climax_no_minimal_change_s42] [TRAIN] stage=finetune epoch=1/1 batch=720/3000 step=3720 repair=0.158 localization=0 type=0 minimal=0 physics=0.322 total=0.1741
[TRAIN train_climax_no_minimal_change_s42] [TRAIN] stage=finetune epoch=1/1 batch=730/3000 step=3730 repair=0.08824 localization=0 type=0 minimal=0 physics=0.2887 total=0.1027
[TRAIN train_climax_no_minimal_change_s42] [TRAIN] stage=finetune epoch=1/1 batch=740/3000 step=3740 repair=0.1596 localization=0 type=0 minimal=0 physics=0.3071 total=0.175
[TRAIN train_climax_no_minimal_change_s42] [TRAIN] stage=finetune epoch=1/1 batch=750/3000 step=3750 repair=0.07939 localization=0 type=0 minimal=0 physics=0.416 total=0.1002
[TRAIN train_climax_no_minimal_change_s42] [TRAIN] stage=finetune epoch=1/1 batch=760/3000 step=3760 repair=0.08073 localization=0 type=0 minimal=0 physics=0.4058 total=0.101
[TRAIN train_climax_no_minimal_change_s42] [TRAIN] stage=finetune epoch=1/1 batch=770/3000 step=3770 repair=0.118 localization=0 type=0 minimal=0 physics=0.3783 total=0.1369
[TRAIN train_climax_no_minimal_change_s42] [TRAIN] stage=finetune epoch=1/1 batch=780/3000 step=3780 repair=0.1178 localization=0 type=0 minimal=0 physics=0.4126 total=0.1385
[TRAIN train_climax_no_minimal_change_s42] [TRAIN] stage=finetune epoch=1/1 batch=790/3000 step=3790 repair=0.08283 localization=0 type=0 minimal=0 physics=0.3969 total=0.1027
[TRAIN train_climax_no_minimal_change_s42] [TRAIN] stage=finetune epoch=1/1 batch=800/3000 step=3800 repair=0.1172 localization=0 type=0 minimal=0 physics=0.3943 total=0.1369
[TRAIN train_climax_no_minimal_change_s42] [TRAIN] stage=finetune epoch=1/1 batch=810/3000 step=3810 repair=0.07132 localization=0 type=0 minimal=0 physics=0.3435 total=0.0885
[TRAIN train_climax_no_minimal_change_s42] [TRAIN] stage=finetune epoch=1/1 batch=820/3000 step=3820 repair=0.1177 localization=0 type=0 minimal=0 physics=0.3701 total=0.1362
[TRAIN train_climax_no_minimal_change_s42] [TRAIN] stage=finetune epoch=1/1 batch=830/3000 step=3830 repair=0.1085 localization=0 type=0 minimal=0 physics=0.3734 total=0.1272
[TRAIN train_climax_no_minimal_change_s42] [TRAIN] stage=finetune epoch=1/1 batch=840/3000 step=3840 repair=0.1402 localization=0 type=0 minimal=0 physics=0.4196 total=0.1612
[TRAIN train_climax_no_minimal_change_s42] [TRAIN] stage=finetune epoch=1/1 batch=850/3000 step=3850 repair=0.1135 localization=0 type=0 minimal=0 physics=0.3813 total=0.1326
[TRAIN train_climax_no_minimal_change_s42] [TRAIN] stage=finetune epoch=1/1 batch=860/3000 step=3860 repair=0.1179 localization=0 type=0 minimal=0 physics=0.4035 total=0.1381
[TRAIN train_climax_no_minimal_change_s42] [TRAIN] stage=finetune epoch=1/1 batch=870/3000 step=3870 repair=0.1189 localization=0 type=0 minimal=0 physics=0.5278 total=0.1453
[TRAIN train_climax_no_minimal_change_s42] [TRAIN] stage=finetune epoch=1/1 batch=880/3000 step=3880 repair=0.1263 localization=0 type=0 minimal=0 physics=0.4885 total=0.1507
[TRAIN train_climax_no_minimal_change_s42] [TRAIN] stage=finetune epoch=1/1 batch=890/3000 step=3890 repair=0.08199 localization=0 type=0 minimal=0 physics=0.6987 total=0.1169
[TRAIN train_climax_no_minimal_change_s42] [TRAIN] stage=finetune epoch=1/1 batch=900/3000 step=3900 repair=0.08162 localization=0 type=0 minimal=0 physics=0.6301 total=0.1131
[TRAIN train_climax_no_minimal_change_s42] [TRAIN] stage=finetune epoch=1/1 batch=910/3000 step=3910 repair=0.07555 localization=0 type=0 minimal=0 physics=0.4818 total=0.09963
[TRAIN train_climax_no_minimal_change_s42] [TRAIN] stage=finetune epoch=1/1 batch=920/3000 step=3920 repair=0.1204 localization=0 type=0 minimal=0 physics=0.5528 total=0.148
[TRAIN train_climax_no_minimal_change_s42] [TRAIN] stage=finetune epoch=1/1 batch=930/3000 step=3930 repair=0.08183 localization=0 type=0 minimal=0 physics=0.41 total=0.1023
[TRAIN train_climax_no_minimal_change_s42] [TRAIN] stage=finetune epoch=1/1 batch=940/3000 step=3940 repair=0.07794 localization=0 type=0 minimal=0 physics=0.5037 total=0.1031
[TRAIN train_climax_no_minimal_change_s42] [TRAIN] stage=finetune epoch=1/1 batch=950/3000 step=3950 repair=0.12 localization=0 type=0 minimal=0 physics=0.4917 total=0.1446
[TRAIN train_climax_no_minimal_change_s42] [TRAIN] stage=finetune epoch=1/1 batch=960/3000 step=3960 repair=0.08182 localization=0 type=0 minimal=0 physics=0.545 total=0.1091
[TRAIN train_climax_no_minimal_change_s42] [TRAIN] stage=finetune epoch=1/1 batch=970/3000 step=3970 repair=0.1728 localization=0 type=0 minimal=0 physics=0.4353 total=0.1945
[TRAIN train_climax_no_minimal_change_s42] [TRAIN] stage=finetune epoch=1/1 batch=980/3000 step=3980 repair=0.1296 localization=0 type=0 minimal=0 physics=0.5622 total=0.1577
[TRAIN train_climax_no_minimal_change_s42] [TRAIN] stage=finetune epoch=1/1 batch=990/3000 step=3990 repair=0.1651 localization=0 type=0 minimal=0 physics=0.5606 total=0.1931
[TRAIN train_climax_no_minimal_change_s42] [TRAIN] stage=finetune epoch=1/1 batch=1000/3000 step=4000 repair=0.07383 localization=0 type=0 minimal=0 physics=0.4745 total=0.09756
[TRAIN train_climax_no_minimal_change_s42] [TRAIN] stage=finetune epoch=1/1 batch=1010/3000 step=4010 repair=0.07088 localization=0 type=0 minimal=0 physics=0.3608 total=0.08892
[TRAIN train_climax_no_minimal_change_s42] [TRAIN] stage=finetune epoch=1/1 batch=1020/3000 step=4020 repair=0.1249 localization=0 type=0 minimal=0 physics=0.4692 total=0.1483
[TRAIN train_climax_no_minimal_change_s42] [TRAIN] stage=finetune epoch=1/1 batch=1030/3000 step=4030 repair=0.1816 localization=0 type=0 minimal=0 physics=0.5029 total=0.2067
[TRAIN train_climax_no_minimal_change_s42] [TRAIN] stage=finetune epoch=1/1 batch=1040/3000 step=4040 repair=0.1107 localization=0 type=0 minimal=0 physics=0.5124 total=0.1363
[TRAIN train_climax_no_minimal_change_s42] [TRAIN] stage=finetune epoch=1/1 batch=1050/3000 step=4050 repair=0.1593 localization=0 type=0 minimal=0 physics=0.491 total=0.1838
[TRAIN train_climax_no_minimal_change_s42] [TRAIN] stage=finetune epoch=1/1 batch=1060/3000 step=4060 repair=0.09205 localization=0 type=0 minimal=0 physics=0.429 total=0.1135
[TRAIN train_climax_no_minimal_change_s42] [TRAIN] stage=finetune epoch=1/1 batch=1070/3000 step=4070 repair=0.1223 localization=0 type=0 minimal=0 physics=0.3942 total=0.142
[TRAIN train_climax_no_minimal_change_s42] [TRAIN] stage=finetune epoch=1/1 batch=1080/3000 step=4080 repair=0.1235 localization=0 type=0 minimal=0 physics=0.3792 total=0.1424
[TRAIN train_climax_no_minimal_change_s42] [TRAIN] stage=finetune epoch=1/1 batch=1090/3000 step=4090 repair=0.08124 localization=0 type=0 minimal=0 physics=0.3947 total=0.101
[TRAIN train_climax_no_minimal_change_s42] [TRAIN] stage=finetune epoch=1/1 batch=1100/3000 step=4100 repair=0.1165 localization=0 type=0 minimal=0 physics=0.5054 total=0.1418
[TRAIN train_climax_no_minimal_change_s42] [TRAIN] stage=finetune epoch=1/1 batch=1110/3000 step=4110 repair=0.07282 localization=0 type=0 minimal=0 physics=0.3377 total=0.0897
[TRAIN train_climax_no_minimal_change_s42] [TRAIN] stage=finetune epoch=1/1 batch=1120/3000 step=4120 repair=0.1558 localization=0 type=0 minimal=0 physics=0.4879 total=0.1802
[TRAIN train_climax_no_minimal_change_s42] [TRAIN] stage=finetune epoch=1/1 batch=1130/3000 step=4130 repair=0.07555 localization=0 type=0 minimal=0 physics=0.5947 total=0.1053
[TRAIN train_climax_no_minimal_change_s42] [TRAIN] stage=finetune epoch=1/1 batch=1140/3000 step=4140 repair=0.069 localization=0 type=0 minimal=0 physics=0.3593 total=0.08696
[TRAIN train_climax_no_minimal_change_s42] [TRAIN] stage=finetune epoch=1/1 batch=1150/3000 step=4150 repair=0.07826 localization=0 type=0 minimal=0 physics=0.3955 total=0.09804
[TRAIN train_climax_no_minimal_change_s42] [TRAIN] stage=finetune epoch=1/1 batch=1160/3000 step=4160 repair=0.1221 localization=0 type=0 minimal=0 physics=0.3582 total=0.14
[TRAIN train_climax_no_minimal_change_s42] [TRAIN] stage=finetune epoch=1/1 batch=1170/3000 step=4170 repair=0.08523 localization=0 type=0 minimal=0 physics=0.5593 total=0.1132
[TRAIN train_climax_no_minimal_change_s42] [TRAIN] stage=finetune epoch=1/1 batch=1180/3000 step=4180 repair=0.0859 localization=0 type=0 minimal=0 physics=0.3989 total=0.1058
[TRAIN train_climax_no_minimal_change_s42] [TRAIN] stage=finetune epoch=1/1 batch=1190/3000 step=4190 repair=0.1175 localization=0 type=0 minimal=0 physics=0.4301 total=0.139
[TRAIN train_climax_no_minimal_change_s42] [TRAIN] stage=finetune epoch=1/1 batch=1200/3000 step=4200 repair=0.1535 localization=0 type=0 minimal=0 physics=0.4743 total=0.1772
[TRAIN train_climax_no_minimal_change_s42] [TRAIN] stage=finetune epoch=1/1 batch=1210/3000 step=4210 repair=0.07778 localization=0 type=0 minimal=0 physics=0.3934 total=0.09745
[TRAIN train_climax_no_minimal_change_s42] [TRAIN] stage=finetune epoch=1/1 batch=1220/3000 step=4220 repair=0.0768 localization=0 type=0 minimal=0 physics=0.3518 total=0.09439
[TRAIN train_climax_no_minimal_change_s42] [TRAIN] stage=finetune epoch=1/1 batch=1230/3000 step=4230 repair=0.184 localization=0 type=0 minimal=0 physics=0.4399 total=0.206
[TRAIN train_climax_no_minimal_change_s42] [TRAIN] stage=finetune epoch=1/1 batch=1240/3000 step=4240 repair=0.09176 localization=0 type=0 minimal=0 physics=0.4411 total=0.1138
[TRAIN train_climax_no_minimal_change_s42] [TRAIN] stage=finetune epoch=1/1 batch=1250/3000 step=4250 repair=0.1636 localization=0 type=0 minimal=0 physics=0.4152 total=0.1844
[TRAIN train_climax_no_minimal_change_s42] [TRAIN] stage=finetune epoch=1/1 batch=1260/3000 step=4260 repair=0.13 localization=0 type=0 minimal=0 physics=0.6209 total=0.161
[TRAIN train_climax_no_minimal_change_s42] [TRAIN] stage=finetune epoch=1/1 batch=1270/3000 step=4270 repair=0.08503 localization=0 type=0 minimal=0 physics=0.3519 total=0.1026
[TRAIN train_climax_no_minimal_change_s42] [TRAIN] stage=finetune epoch=1/1 batch=1280/3000 step=4280 repair=0.1192 localization=0 type=0 minimal=0 physics=0.4934 total=0.1438
[TRAIN train_climax_no_minimal_change_s42] [TRAIN] stage=finetune epoch=1/1 batch=1290/3000 step=4290 repair=0.08423 localization=0 type=0 minimal=0 physics=0.3219 total=0.1003
[TRAIN train_climax_no_minimal_change_s42] [TRAIN] stage=finetune epoch=1/1 batch=1300/3000 step=4300 repair=0.1213 localization=0 type=0 minimal=0 physics=0.325 total=0.1375
[TRAIN train_climax_no_minimal_change_s42] [TRAIN] stage=finetune epoch=1/1 batch=1310/3000 step=4310 repair=0.09569 localization=0 type=0 minimal=0 physics=0.3875 total=0.1151
[TRAIN train_climax_no_minimal_change_s42] [TRAIN] stage=finetune epoch=1/1 batch=1320/3000 step=4320 repair=0.07107 localization=0 type=0 minimal=0 physics=0.4224 total=0.09219
[TRAIN train_climax_no_minimal_change_s42] [TRAIN] stage=finetune epoch=1/1 batch=1330/3000 step=4330 repair=0.1295 localization=0 type=0 minimal=0 physics=0.4613 total=0.1526
[TRAIN train_climax_no_minimal_change_s42] [TRAIN] stage=finetune epoch=1/1 batch=1340/3000 step=4340 repair=0.1171 localization=0 type=0 minimal=0 physics=0.427 total=0.1384
[TRAIN train_climax_no_minimal_change_s42] [TRAIN] stage=finetune epoch=1/1 batch=1350/3000 step=4350 repair=0.1326 localization=0 type=0 minimal=0 physics=0.5192 total=0.1586
[TRAIN train_climax_no_minimal_change_s42] [TRAIN] stage=finetune epoch=1/1 batch=1360/3000 step=4360 repair=0.1393 localization=0 type=0 minimal=0 physics=0.3827 total=0.1584
[TRAIN train_climax_no_minimal_change_s42] [TRAIN] stage=finetune epoch=1/1 batch=1370/3000 step=4370 repair=0.1369 localization=0 type=0 minimal=0 physics=0.3973 total=0.1568
[TRAIN train_climax_no_minimal_change_s42] [TRAIN] stage=finetune epoch=1/1 batch=1380/3000 step=4380 repair=0.186 localization=0 type=0 minimal=0 physics=0.4185 total=0.2069
[TRAIN train_climax_no_minimal_change_s42] [TRAIN] stage=finetune epoch=1/1 batch=1390/3000 step=4390 repair=0.0658 localization=0 type=0 minimal=0 physics=0.5611 total=0.09385
[TRAIN train_climax_no_minimal_change_s42] [TRAIN] stage=finetune epoch=1/1 batch=1400/3000 step=4400 repair=0.1115 localization=0 type=0 minimal=0 physics=0.445 total=0.1337
[TRAIN train_climax_no_minimal_change_s42] [TRAIN] stage=finetune epoch=1/1 batch=1410/3000 step=4410 repair=0.07839 localization=0 type=0 minimal=0 physics=0.3676 total=0.09678
[TRAIN train_climax_no_minimal_change_s42] [TRAIN] stage=finetune epoch=1/1 batch=1420/3000 step=4420 repair=0.08157 localization=0 type=0 minimal=0 physics=0.3008 total=0.0966
[TRAIN train_climax_no_minimal_change_s42] [TRAIN] stage=finetune epoch=1/1 batch=1430/3000 step=4430 repair=0.06848 localization=0 type=0 minimal=0 physics=0.4021 total=0.08859
[TRAIN train_climax_no_minimal_change_s42] [TRAIN] stage=finetune epoch=1/1 batch=1440/3000 step=4440 repair=0.0728 localization=0 type=0 minimal=0 physics=0.4585 total=0.09572
[TRAIN train_climax_no_minimal_change_s42] [TRAIN] stage=finetune epoch=1/1 batch=1450/3000 step=4450 repair=0.1154 localization=0 type=0 minimal=0 physics=0.5904 total=0.1449
[TRAIN train_climax_no_minimal_change_s42] [TRAIN] stage=finetune epoch=1/1 batch=1460/3000 step=4460 repair=0.1237 localization=0 type=0 minimal=0 physics=0.4962 total=0.1485
[TRAIN train_climax_no_minimal_change_s42] [TRAIN] stage=finetune epoch=1/1 batch=1470/3000 step=4470 repair=0.1357 localization=0 type=0 minimal=0 physics=0.5635 total=0.1639
[TRAIN train_climax_no_minimal_change_s42] [TRAIN] stage=finetune epoch=1/1 batch=1480/3000 step=4480 repair=0.1271 localization=0 type=0 minimal=0 physics=0.4038 total=0.1473
[TRAIN train_climax_no_minimal_change_s42] [TRAIN] stage=finetune epoch=1/1 batch=1490/3000 step=4490 repair=0.07973 localization=0 type=0 minimal=0 physics=0.3352 total=0.09649
[TRAIN train_climax_no_minimal_change_s42] [TRAIN] stage=finetune epoch=1/1 batch=1500/3000 step=4500 repair=0.1554 localization=0 type=0 minimal=0 physics=0.4347 total=0.1771
[TRAIN train_climax_no_minimal_change_s42] [TRAIN] stage=finetune epoch=1/1 batch=1510/3000 step=4510 repair=0.08259 localization=0 type=0 minimal=0 physics=0.4846 total=0.1068
[TRAIN train_climax_no_minimal_change_s42] [TRAIN] stage=finetune epoch=1/1 batch=1520/3000 step=4520 repair=0.08472 localization=0 type=0 minimal=0 physics=0.3411 total=0.1018
[TRAIN train_climax_no_minimal_change_s42] [TRAIN] stage=finetune epoch=1/1 batch=1530/3000 step=4530 repair=0.08374 localization=0 type=0 minimal=0 physics=0.3723 total=0.1024
[TRAIN train_climax_no_minimal_change_s42] [TRAIN] stage=finetune epoch=1/1 batch=1540/3000 step=4540 repair=0.09822 localization=0 type=0 minimal=0 physics=0.3921 total=0.1178
[TRAIN train_climax_no_minimal_change_s42] [TRAIN] stage=finetune epoch=1/1 batch=1550/3000 step=4550 repair=0.08047 localization=0 type=0 minimal=0 physics=0.4337 total=0.1022
[TRAIN train_climax_no_minimal_change_s42] [TRAIN] stage=finetune epoch=1/1 batch=1560/3000 step=4560 repair=0.0854 localization=0 type=0 minimal=0 physics=0.482 total=0.1095
[TRAIN train_climax_no_minimal_change_s42] [TRAIN] stage=finetune epoch=1/1 batch=1570/3000 step=4570 repair=0.07125 localization=0 type=0 minimal=0 physics=0.4177 total=0.09214
[TRAIN train_climax_no_minimal_change_s42] [TRAIN] stage=finetune epoch=1/1 batch=1580/3000 step=4580 repair=0.0778 localization=0 type=0 minimal=0 physics=0.4247 total=0.09903
[TRAIN train_climax_no_minimal_change_s42] [TRAIN] stage=finetune epoch=1/1 batch=1590/3000 step=4590 repair=0.11 localization=0 type=0 minimal=0 physics=0.4759 total=0.1338
[TRAIN train_climax_no_minimal_change_s42] [TRAIN] stage=finetune epoch=1/1 batch=1600/3000 step=4600 repair=0.1282 localization=0 type=0 minimal=0 physics=0.4731 total=0.1518
[TRAIN train_climax_no_minimal_change_s42] [TRAIN] stage=finetune epoch=1/1 batch=1610/3000 step=4610 repair=0.06039 localization=0 type=0 minimal=0 physics=0.4367 total=0.08222
[TRAIN train_climax_no_minimal_change_s42] [TRAIN] stage=finetune epoch=1/1 batch=1620/3000 step=4620 repair=0.1065 localization=0 type=0 minimal=0 physics=0.4874 total=0.1309
[TRAIN train_climax_no_minimal_change_s42] [TRAIN] stage=finetune epoch=1/1 batch=1630/3000 step=4630 repair=0.1901 localization=0 type=0 minimal=0 physics=0.6068 total=0.2205
[TRAIN train_climax_no_minimal_change_s42] [TRAIN] stage=finetune epoch=1/1 batch=1640/3000 step=4640 repair=0.1224 localization=0 type=0 minimal=0 physics=0.4549 total=0.1452
[TRAIN train_climax_no_minimal_change_s42] [TRAIN] stage=finetune epoch=1/1 batch=1650/3000 step=4650 repair=0.09082 localization=0 type=0 minimal=0 physics=0.4427 total=0.113
[TRAIN train_climax_no_minimal_change_s42] [TRAIN] stage=finetune epoch=1/1 batch=1660/3000 step=4660 repair=0.07367 localization=0 type=0 minimal=0 physics=0.5123 total=0.09928
[TRAIN train_climax_no_minimal_change_s42] [TRAIN] stage=finetune epoch=1/1 batch=1670/3000 step=4670 repair=0.1024 localization=0 type=0 minimal=0 physics=0.3765 total=0.1213
[TRAIN train_climax_no_minimal_change_s42] [TRAIN] stage=finetune epoch=1/1 batch=1680/3000 step=4680 repair=0.1295 localization=0 type=0 minimal=0 physics=0.3536 total=0.1472
[TRAIN train_climax_no_minimal_change_s42] [TRAIN] stage=finetune epoch=1/1 batch=1690/3000 step=4690 repair=0.114 localization=0 type=0 minimal=0 physics=0.3961 total=0.1338
[TRAIN train_climax_no_minimal_change_s42] [TRAIN] stage=finetune epoch=1/1 batch=1700/3000 step=4700 repair=0.07795 localization=0 type=0 minimal=0 physics=0.4069 total=0.09829
[TRAIN train_climax_no_minimal_change_s42] [TRAIN] stage=finetune epoch=1/1 batch=1710/3000 step=4710 repair=0.1561 localization=0 type=0 minimal=0 physics=0.4804 total=0.1801
[TRAIN train_climax_no_minimal_change_s42] [TRAIN] stage=finetune epoch=1/1 batch=1720/3000 step=4720 repair=0.07824 localization=0 type=0 minimal=0 physics=0.3369 total=0.09509
[TRAIN train_climax_no_minimal_change_s42] [TRAIN] stage=finetune epoch=1/1 batch=1730/3000 step=4730 repair=0.0875 localization=0 type=0 minimal=0 physics=0.398 total=0.1074
[TRAIN train_climax_no_minimal_change_s42] [TRAIN] stage=finetune epoch=1/1 batch=1740/3000 step=4740 repair=0.07094 localization=0 type=0 minimal=0 physics=0.4101 total=0.09145
[TRAIN train_climax_no_minimal_change_s42] [TRAIN] stage=finetune epoch=1/1 batch=1750/3000 step=4750 repair=0.08258 localization=0 type=0 minimal=0 physics=0.3793 total=0.1015
[TRAIN train_climax_no_minimal_change_s42] [TRAIN] stage=finetune epoch=1/1 batch=1760/3000 step=4760 repair=0.07617 localization=0 type=0 minimal=0 physics=0.3911 total=0.09572
[TRAIN train_climax_no_minimal_change_s42] [TRAIN] stage=finetune epoch=1/1 batch=1770/3000 step=4770 repair=0.1642 localization=0 type=0 minimal=0 physics=0.3947 total=0.184
[TRAIN train_climax_no_minimal_change_s42] [TRAIN] stage=finetune epoch=1/1 batch=1780/3000 step=4780 repair=0.08143 localization=0 type=0 minimal=0 physics=0.4657 total=0.1047
[TRAIN train_climax_no_minimal_change_s42] [TRAIN] stage=finetune epoch=1/1 batch=1790/3000 step=4790 repair=0.1176 localization=0 type=0 minimal=0 physics=0.384 total=0.1368
[TRAIN train_climax_no_minimal_change_s42] [TRAIN] stage=finetune epoch=1/1 batch=1800/3000 step=4800 repair=0.0839 localization=0 type=0 minimal=0 physics=0.3852 total=0.1032
[TRAIN train_climax_no_minimal_change_s42] [TRAIN] stage=finetune epoch=1/1 batch=1810/3000 step=4810 repair=0.08087 localization=0 type=0 minimal=0 physics=0.3443 total=0.09809
[TRAIN train_climax_no_minimal_change_s42] [TRAIN] stage=finetune epoch=1/1 batch=1820/3000 step=4820 repair=0.1461 localization=0 type=0 minimal=0 physics=0.5078 total=0.1715
[TRAIN train_climax_no_minimal_change_s42] [TRAIN] stage=finetune epoch=1/1 batch=1830/3000 step=4830 repair=0.1267 localization=0 type=0 minimal=0 physics=0.3732 total=0.1454
[TRAIN train_climax_no_minimal_change_s42] [TRAIN] stage=finetune epoch=1/1 batch=1840/3000 step=4840 repair=0.06571 localization=0 type=0 minimal=0 physics=0.5636 total=0.09389
[TRAIN train_climax_no_minimal_change_s42] [TRAIN] stage=finetune epoch=1/1 batch=1850/3000 step=4850 repair=0.1128 localization=0 type=0 minimal=0 physics=0.5106 total=0.1383
[TRAIN train_climax_no_minimal_change_s42] [TRAIN] stage=finetune epoch=1/1 batch=1860/3000 step=4860 repair=0.08815 localization=0 type=0 minimal=0 physics=0.4327 total=0.1098
[TRAIN train_climax_no_minimal_change_s42] [TRAIN] stage=finetune epoch=1/1 batch=1870/3000 step=4870 repair=0.1195 localization=0 type=0 minimal=0 physics=0.6302 total=0.151
[TRAIN train_climax_no_minimal_change_s42] [TRAIN] stage=finetune epoch=1/1 batch=1880/3000 step=4880 repair=0.1294 localization=0 type=0 minimal=0 physics=0.3689 total=0.1478
[TRAIN train_climax_no_minimal_change_s42] [TRAIN] stage=finetune epoch=1/1 batch=1890/3000 step=4890 repair=0.08074 localization=0 type=0 minimal=0 physics=0.3894 total=0.1002
[TRAIN train_climax_no_minimal_change_s42] [TRAIN] stage=finetune epoch=1/1 batch=1900/3000 step=4900 repair=0.1306 localization=0 type=0 minimal=0 physics=0.4601 total=0.1536
[TRAIN train_climax_no_minimal_change_s42] [TRAIN] stage=finetune epoch=1/1 batch=1910/3000 step=4910 repair=0.1493 localization=0 type=0 minimal=0 physics=0.7156 total=0.185
[TRAIN train_climax_no_minimal_change_s42] [TRAIN] stage=finetune epoch=1/1 batch=1920/3000 step=4920 repair=0.1602 localization=0 type=0 minimal=0 physics=0.4513 total=0.1827
[TRAIN train_climax_no_minimal_change_s42] [TRAIN] stage=finetune epoch=1/1 batch=1930/3000 step=4930 repair=0.07655 localization=0 type=0 minimal=0 physics=0.4431 total=0.09871
[TRAIN train_climax_no_minimal_change_s42] [TRAIN] stage=finetune epoch=1/1 batch=1940/3000 step=4940 repair=0.1658 localization=0 type=0 minimal=0 physics=0.4765 total=0.1896
[TRAIN train_climax_no_minimal_change_s42] [TRAIN] stage=finetune epoch=1/1 batch=1950/3000 step=4950 repair=0.1132 localization=0 type=0 minimal=0 physics=0.4519 total=0.1358
[TRAIN train_climax_no_minimal_change_s42] [TRAIN] stage=finetune epoch=1/1 batch=1960/3000 step=4960 repair=0.1204 localization=0 type=0 minimal=0 physics=0.4582 total=0.1433
[TRAIN train_climax_no_minimal_change_s42] [TRAIN] stage=finetune epoch=1/1 batch=1970/3000 step=4970 repair=0.1764 localization=0 type=0 minimal=0 physics=0.6625 total=0.2095
[TRAIN train_climax_no_minimal_change_s42] [TRAIN] stage=finetune epoch=1/1 batch=1980/3000 step=4980 repair=0.1147 localization=0 type=0 minimal=0 physics=0.6478 total=0.1471
[TRAIN train_climax_no_minimal_change_s42] [TRAIN] stage=finetune epoch=1/1 batch=1990/3000 step=4990 repair=0.06705 localization=0 type=0 minimal=0 physics=0.4844 total=0.09127
[TRAIN train_climax_no_minimal_change_s42] [TRAIN] stage=finetune epoch=1/1 batch=2000/3000 step=5000 repair=0.1152 localization=0 type=0 minimal=0 physics=0.4525 total=0.1379
[TRAIN train_climax_no_minimal_change_s42] [TRAIN] stage=finetune epoch=1/1 batch=2010/3000 step=5010 repair=0.1207 localization=0 type=0 minimal=0 physics=0.4191 total=0.1416
[TRAIN train_climax_no_minimal_change_s42] [TRAIN] stage=finetune epoch=1/1 batch=2020/3000 step=5020 repair=0.1151 localization=0 type=0 minimal=0 physics=0.6936 total=0.1498
[TRAIN train_climax_no_minimal_change_s42] [TRAIN] stage=finetune epoch=1/1 batch=2030/3000 step=5030 repair=0.09567 localization=0 type=0 minimal=0 physics=0.458 total=0.1186
[TRAIN train_climax_no_minimal_change_s42] [TRAIN] stage=finetune epoch=1/1 batch=2040/3000 step=5040 repair=0.08913 localization=0 type=0 minimal=0 physics=0.458 total=0.112
[TRAIN train_climax_no_minimal_change_s42] [TRAIN] stage=finetune epoch=1/1 batch=2050/3000 step=5050 repair=0.06577 localization=0 type=0 minimal=0 physics=0.4845 total=0.09
[TRAIN train_climax_no_minimal_change_s42] [TRAIN] stage=finetune epoch=1/1 batch=2060/3000 step=5060 repair=0.125 localization=0 type=0 minimal=0 physics=0.5414 total=0.1521
[TRAIN train_climax_no_minimal_change_s42] [TRAIN] stage=finetune epoch=1/1 batch=2070/3000 step=5070 repair=0.1174 localization=0 type=0 minimal=0 physics=0.4467 total=0.1398
[TRAIN train_climax_no_minimal_change_s42] [TRAIN] stage=finetune epoch=1/1 batch=2080/3000 step=5080 repair=0.1143 localization=0 type=0 minimal=0 physics=0.7054 total=0.1496
[TRAIN train_climax_no_minimal_change_s42] [TRAIN] stage=finetune epoch=1/1 batch=2090/3000 step=5090 repair=0.08119 localization=0 type=0 minimal=0 physics=0.5855 total=0.1105
[TRAIN train_climax_no_minimal_change_s42] [TRAIN] stage=finetune epoch=1/1 batch=2100/3000 step=5100 repair=0.09268 localization=0 type=0 minimal=0 physics=0.4133 total=0.1133
[TRAIN train_climax_no_minimal_change_s42] [TRAIN] stage=finetune epoch=1/1 batch=2110/3000 step=5110 repair=0.1213 localization=0 type=0 minimal=0 physics=0.6482 total=0.1537
[TRAIN train_climax_no_minimal_change_s42] [TRAIN] stage=finetune epoch=1/1 batch=2120/3000 step=5120 repair=0.1568 localization=0 type=0 minimal=0 physics=0.6789 total=0.1908
[TRAIN train_climax_no_minimal_change_s42] [TRAIN] stage=finetune epoch=1/1 batch=2130/3000 step=5130 repair=0.1163 localization=0 type=0 minimal=0 physics=0.5181 total=0.1422
[TRAIN train_climax_no_minimal_change_s42] [TRAIN] stage=finetune epoch=1/1 batch=2140/3000 step=5140 repair=0.08736 localization=0 type=0 minimal=0 physics=0.3697 total=0.1058
[TRAIN train_climax_no_minimal_change_s42] [TRAIN] stage=finetune epoch=1/1 batch=2150/3000 step=5150 repair=0.1634 localization=0 type=0 minimal=0 physics=0.5307 total=0.19
[TRAIN train_climax_no_minimal_change_s42] [TRAIN] stage=finetune epoch=1/1 batch=2160/3000 step=5160 repair=0.07581 localization=0 type=0 minimal=0 physics=0.3704 total=0.09433
[TRAIN train_climax_no_minimal_change_s42] [TRAIN] stage=finetune epoch=1/1 batch=2170/3000 step=5170 repair=0.1105 localization=0 type=0 minimal=0 physics=0.5157 total=0.1363
[TRAIN train_climax_no_minimal_change_s42] [TRAIN] stage=finetune epoch=1/1 batch=2180/3000 step=5180 repair=0.1102 localization=0 type=0 minimal=0 physics=0.3786 total=0.1291
[TRAIN train_climax_no_minimal_change_s42] [TRAIN] stage=finetune epoch=1/1 batch=2190/3000 step=5190 repair=0.07639 localization=0 type=0 minimal=0 physics=0.3109 total=0.09194
[TRAIN train_climax_no_minimal_change_s42] [TRAIN] stage=finetune epoch=1/1 batch=2200/3000 step=5200 repair=0.1102 localization=0 type=0 minimal=0 physics=0.3378 total=0.1271
[TRAIN train_climax_no_minimal_change_s42] [TRAIN] stage=finetune epoch=1/1 batch=2210/3000 step=5210 repair=0.1166 localization=0 type=0 minimal=0 physics=0.3279 total=0.133
[TRAIN train_climax_no_minimal_change_s42] [TRAIN] stage=finetune epoch=1/1 batch=2220/3000 step=5220 repair=0.07326 localization=0 type=0 minimal=0 physics=0.344 total=0.09046
[TRAIN train_climax_no_minimal_change_s42] [TRAIN] stage=finetune epoch=1/1 batch=2230/3000 step=5230 repair=0.07619 localization=0 type=0 minimal=0 physics=0.3741 total=0.0949
[TRAIN train_climax_no_minimal_change_s42] [TRAIN] stage=finetune epoch=1/1 batch=2240/3000 step=5240 repair=0.08072 localization=0 type=0 minimal=0 physics=0.3296 total=0.0972
[TRAIN train_climax_no_minimal_change_s42] [TRAIN] stage=finetune epoch=1/1 batch=2250/3000 step=5250 repair=0.1122 localization=0 type=0 minimal=0 physics=0.5047 total=0.1374
[TRAIN train_climax_no_minimal_change_s42] [TRAIN] stage=finetune epoch=1/1 batch=2260/3000 step=5260 repair=0.07651 localization=0 type=0 minimal=0 physics=0.3869 total=0.09586
[TRAIN train_climax_no_minimal_change_s42] [TRAIN] stage=finetune epoch=1/1 batch=2270/3000 step=5270 repair=0.1131 localization=0 type=0 minimal=0 physics=0.4985 total=0.138
[TRAIN train_climax_no_minimal_change_s42] [TRAIN] stage=finetune epoch=1/1 batch=2280/3000 step=5280 repair=0.07601 localization=0 type=0 minimal=0 physics=0.4649 total=0.09925
[TRAIN train_climax_no_minimal_change_s42] [TRAIN] stage=finetune epoch=1/1 batch=2290/3000 step=5290 repair=0.06529 localization=0 type=0 minimal=0 physics=0.3305 total=0.08181
[TRAIN train_climax_no_minimal_change_s42] [TRAIN] stage=finetune epoch=1/1 batch=2300/3000 step=5300 repair=0.113 localization=0 type=0 minimal=0 physics=0.5575 total=0.1408
[TRAIN train_climax_no_minimal_change_s42] [TRAIN] stage=finetune epoch=1/1 batch=2310/3000 step=5310 repair=0.09687 localization=0 type=0 minimal=0 physics=0.3521 total=0.1145
[TRAIN train_climax_no_minimal_change_s42] [TRAIN] stage=finetune epoch=1/1 batch=2320/3000 step=5320 repair=0.1152 localization=0 type=0 minimal=0 physics=0.3815 total=0.1343
[TRAIN train_climax_no_minimal_change_s42] [TRAIN] stage=finetune epoch=1/1 batch=2330/3000 step=5330 repair=0.1578 localization=0 type=0 minimal=0 physics=0.3983 total=0.1777
[TRAIN train_climax_no_minimal_change_s42] [TRAIN] stage=finetune epoch=1/1 batch=2340/3000 step=5340 repair=0.07973 localization=0 type=0 minimal=0 physics=0.3496 total=0.09721
[TRAIN train_climax_no_minimal_change_s42] [TRAIN] stage=finetune epoch=1/1 batch=2350/3000 step=5350 repair=0.1263 localization=0 type=0 minimal=0 physics=0.4916 total=0.1509
[TRAIN train_climax_no_minimal_change_s42] [TRAIN] stage=finetune epoch=1/1 batch=2360/3000 step=5360 repair=0.1284 localization=0 type=0 minimal=0 physics=0.4154 total=0.1492
[TRAIN train_climax_no_minimal_change_s42] [TRAIN] stage=finetune epoch=1/1 batch=2370/3000 step=5370 repair=0.1266 localization=0 type=0 minimal=0 physics=0.3939 total=0.1463
[TRAIN train_climax_no_minimal_change_s42] [TRAIN] stage=finetune epoch=1/1 batch=2380/3000 step=5380 repair=0.108 localization=0 type=0 minimal=0 physics=0.4436 total=0.1302
[TRAIN train_climax_no_minimal_change_s42] [TRAIN] stage=finetune epoch=1/1 batch=2390/3000 step=5390 repair=0.1283 localization=0 type=0 minimal=0 physics=0.3254 total=0.1445
[TRAIN train_climax_no_minimal_change_s42] [TRAIN] stage=finetune epoch=1/1 batch=2400/3000 step=5400 repair=0.1228 localization=0 type=0 minimal=0 physics=0.3726 total=0.1414
[TRAIN train_climax_no_minimal_change_s42] [TRAIN] stage=finetune epoch=1/1 batch=2410/3000 step=5410 repair=0.123 localization=0 type=0 minimal=0 physics=0.5518 total=0.1505
[TRAIN train_climax_no_minimal_change_s42] [TRAIN] stage=finetune epoch=1/1 batch=2420/3000 step=5420 repair=0.1597 localization=0 type=0 minimal=0 physics=0.4161 total=0.1805
[TRAIN train_climax_no_minimal_change_s42] [TRAIN] stage=finetune epoch=1/1 batch=2430/3000 step=5430 repair=0.1334 localization=0 type=0 minimal=0 physics=0.505 total=0.1586
[TRAIN train_climax_no_minimal_change_s42] [TRAIN] stage=finetune epoch=1/1 batch=2440/3000 step=5440 repair=0.07308 localization=0 type=0 minimal=0 physics=0.3592 total=0.09105
[TRAIN train_climax_no_minimal_change_s42] [TRAIN] stage=finetune epoch=1/1 batch=2450/3000 step=5450 repair=0.12 localization=0 type=0 minimal=0 physics=0.4848 total=0.1442
[TRAIN train_climax_no_minimal_change_s42] [TRAIN] stage=finetune epoch=1/1 batch=2460/3000 step=5460 repair=0.1165 localization=0 type=0 minimal=0 physics=0.3852 total=0.1357
[TRAIN train_climax_no_minimal_change_s42] [TRAIN] stage=finetune epoch=1/1 batch=2470/3000 step=5470 repair=0.1049 localization=0 type=0 minimal=0 physics=0.459 total=0.1279
[TRAIN train_climax_no_minimal_change_s42] [TRAIN] stage=finetune epoch=1/1 batch=2480/3000 step=5480 repair=0.08837 localization=0 type=0 minimal=0 physics=0.488 total=0.1128
[TRAIN train_climax_no_minimal_change_s42] [TRAIN] stage=finetune epoch=1/1 batch=2490/3000 step=5490 repair=0.1264 localization=0 type=0 minimal=0 physics=0.3555 total=0.1442
[TRAIN train_climax_no_minimal_change_s42] [TRAIN] stage=finetune epoch=1/1 batch=2500/3000 step=5500 repair=0.07571 localization=0 type=0 minimal=0 physics=0.354 total=0.09341
[TRAIN train_climax_no_minimal_change_s42] [TRAIN] stage=finetune epoch=1/1 batch=2510/3000 step=5510 repair=0.08295 localization=0 type=0 minimal=0 physics=0.409 total=0.1034
[TRAIN train_climax_no_minimal_change_s42] [TRAIN] stage=finetune epoch=1/1 batch=2520/3000 step=5520 repair=0.1122 localization=0 type=0 minimal=0 physics=0.5756 total=0.141
[TRAIN train_climax_no_minimal_change_s42] [TRAIN] stage=finetune epoch=1/1 batch=2530/3000 step=5530 repair=0.0623 localization=0 type=0 minimal=0 physics=0.3996 total=0.08228
[TRAIN train_climax_no_minimal_change_s42] [TRAIN] stage=finetune epoch=1/1 batch=2540/3000 step=5540 repair=0.084 localization=0 type=0 minimal=0 physics=0.3451 total=0.1013
[TRAIN train_climax_no_minimal_change_s42] [TRAIN] stage=finetune epoch=1/1 batch=2550/3000 step=5550 repair=0.07578 localization=0 type=0 minimal=0 physics=0.3787 total=0.09472
[TRAIN train_climax_no_minimal_change_s42] [TRAIN] stage=finetune epoch=1/1 batch=2560/3000 step=5560 repair=0.06517 localization=0 type=0 minimal=0 physics=0.3732 total=0.08383
[TRAIN train_climax_no_minimal_change_s42] [TRAIN] stage=finetune epoch=1/1 batch=2570/3000 step=5570 repair=0.06994 localization=0 type=0 minimal=0 physics=0.4575 total=0.09281
[TRAIN train_climax_no_minimal_change_s42] [TRAIN] stage=finetune epoch=1/1 batch=2580/3000 step=5580 repair=0.08113 localization=0 type=0 minimal=0 physics=0.4585 total=0.1041
[TRAIN train_climax_no_minimal_change_s42] [TRAIN] stage=finetune epoch=1/1 batch=2590/3000 step=5590 repair=0.1227 localization=0 type=0 minimal=0 physics=0.4705 total=0.1463
[TRAIN train_climax_no_minimal_change_s42] [TRAIN] stage=finetune epoch=1/1 batch=2600/3000 step=5600 repair=0.1261 localization=0 type=0 minimal=0 physics=0.4832 total=0.1503
[TRAIN train_climax_no_minimal_change_s42] [TRAIN] stage=finetune epoch=1/1 batch=2610/3000 step=5610 repair=0.07745 localization=0 type=0 minimal=0 physics=0.4653 total=0.1007
[TRAIN train_climax_no_minimal_change_s42] [TRAIN] stage=finetune epoch=1/1 batch=2620/3000 step=5620 repair=0.1148 localization=0 type=0 minimal=0 physics=0.4278 total=0.1362
[TRAIN train_climax_no_minimal_change_s42] [TRAIN] stage=finetune epoch=1/1 batch=2630/3000 step=5630 repair=0.1165 localization=0 type=0 minimal=0 physics=0.3884 total=0.1359
[TRAIN train_climax_no_minimal_change_s42] [TRAIN] stage=finetune epoch=1/1 batch=2640/3000 step=5640 repair=0.1152 localization=0 type=0 minimal=0 physics=0.4038 total=0.1353
[TRAIN train_climax_no_minimal_change_s42] [TRAIN] stage=finetune epoch=1/1 batch=2650/3000 step=5650 repair=0.1428 localization=0 type=0 minimal=0 physics=0.4838 total=0.167
[TRAIN train_climax_no_minimal_change_s42] [TRAIN] stage=finetune epoch=1/1 batch=2660/3000 step=5660 repair=0.119 localization=0 type=0 minimal=0 physics=0.5319 total=0.1456
[TRAIN train_climax_no_minimal_change_s42] [TRAIN] stage=finetune epoch=1/1 batch=2670/3000 step=5670 repair=0.121 localization=0 type=0 minimal=0 physics=0.3598 total=0.139
[TRAIN train_climax_no_minimal_change_s42] [TRAIN] stage=finetune epoch=1/1 batch=2680/3000 step=5680 repair=0.1307 localization=0 type=0 minimal=0 physics=0.4283 total=0.1521
[TRAIN train_climax_no_minimal_change_s42] [TRAIN] stage=finetune epoch=1/1 batch=2690/3000 step=5690 repair=0.07024 localization=0 type=0 minimal=0 physics=0.4057 total=0.09053
[TRAIN train_climax_no_minimal_change_s42] [TRAIN] stage=finetune epoch=1/1 batch=2700/3000 step=5700 repair=0.1234 localization=0 type=0 minimal=0 physics=0.4004 total=0.1434
[TRAIN train_climax_no_minimal_change_s42] [TRAIN] stage=finetune epoch=1/1 batch=2710/3000 step=5710 repair=0.1559 localization=0 type=0 minimal=0 physics=0.5686 total=0.1843
[TRAIN train_climax_no_minimal_change_s42] [TRAIN] stage=finetune epoch=1/1 batch=2720/3000 step=5720 repair=0.115 localization=0 type=0 minimal=0 physics=0.3772 total=0.1338
[TRAIN train_climax_no_minimal_change_s42] [TRAIN] stage=finetune epoch=1/1 batch=2730/3000 step=5730 repair=0.09164 localization=0 type=0 minimal=0 physics=0.3709 total=0.1102
[TRAIN train_climax_no_minimal_change_s42] [TRAIN] stage=finetune epoch=1/1 batch=2740/3000 step=5740 repair=0.1764 localization=0 type=0 minimal=0 physics=0.3657 total=0.1946
[TRAIN train_climax_no_minimal_change_s42] [TRAIN] stage=finetune epoch=1/1 batch=2750/3000 step=5750 repair=0.07461 localization=0 type=0 minimal=0 physics=0.2891 total=0.08906
[TRAIN train_climax_no_minimal_change_s42] [TRAIN] stage=finetune epoch=1/1 batch=2760/3000 step=5760 repair=0.1623 localization=0 type=0 minimal=0 physics=0.3641 total=0.1805
[TRAIN train_climax_no_minimal_change_s42] [TRAIN] stage=finetune epoch=1/1 batch=2770/3000 step=5770 repair=0.1158 localization=0 type=0 minimal=0 physics=0.3605 total=0.1338
[TRAIN train_climax_no_minimal_change_s42] [TRAIN] stage=finetune epoch=1/1 batch=2780/3000 step=5780 repair=0.08947 localization=0 type=0 minimal=0 physics=0.5017 total=0.1146
[TRAIN train_climax_no_minimal_change_s42] [TRAIN] stage=finetune epoch=1/1 batch=2790/3000 step=5790 repair=0.1202 localization=0 type=0 minimal=0 physics=0.3928 total=0.1399
[TRAIN train_climax_no_minimal_change_s42] [TRAIN] stage=finetune epoch=1/1 batch=2800/3000 step=5800 repair=0.1515 localization=0 type=0 minimal=0 physics=0.3413 total=0.1686
[TRAIN train_climax_no_minimal_change_s42] [TRAIN] stage=finetune epoch=1/1 batch=2810/3000 step=5810 repair=0.07989 localization=0 type=0 minimal=0 physics=0.3155 total=0.09566
[TRAIN train_climax_no_minimal_change_s42] [TRAIN] stage=finetune epoch=1/1 batch=2820/3000 step=5820 repair=0.06442 localization=0 type=0 minimal=0 physics=0.3368 total=0.08126
[TRAIN train_climax_no_minimal_change_s42] [TRAIN] stage=finetune epoch=1/1 batch=2830/3000 step=5830 repair=0.1512 localization=0 type=0 minimal=0 physics=0.7516 total=0.1888
[TRAIN train_climax_no_minimal_change_s42] [TRAIN] stage=finetune epoch=1/1 batch=2840/3000 step=5840 repair=0.1298 localization=0 type=0 minimal=0 physics=0.4865 total=0.1541
[TRAIN train_climax_no_minimal_change_s42] [TRAIN] stage=finetune epoch=1/1 batch=2850/3000 step=5850 repair=0.1308 localization=0 type=0 minimal=0 physics=0.3425 total=0.1479
[TRAIN train_climax_no_minimal_change_s42] [TRAIN] stage=finetune epoch=1/1 batch=2860/3000 step=5860 repair=0.1212 localization=0 type=0 minimal=0 physics=0.6387 total=0.1531
[TRAIN train_climax_no_minimal_change_s42] [TRAIN] stage=finetune epoch=1/1 batch=2870/3000 step=5870 repair=0.1013 localization=0 type=0 minimal=0 physics=0.6214 total=0.1324
[TRAIN train_climax_no_minimal_change_s42] [TRAIN] stage=finetune epoch=1/1 batch=2880/3000 step=5880 repair=0.104 localization=0 type=0 minimal=0 physics=0.3387 total=0.1209
[TRAIN train_climax_no_minimal_change_s42] [TRAIN] stage=finetune epoch=1/1 batch=2890/3000 step=5890 repair=0.08205 localization=0 type=0 minimal=0 physics=0.3382 total=0.09896
[TRAIN train_climax_no_minimal_change_s42] [TRAIN] stage=finetune epoch=1/1 batch=2900/3000 step=5900 repair=0.1206 localization=0 type=0 minimal=0 physics=0.382 total=0.1397
[TRAIN train_climax_no_minimal_change_s42] [TRAIN] stage=finetune epoch=1/1 batch=2910/3000 step=5910 repair=0.1264 localization=0 type=0 minimal=0 physics=0.4084 total=0.1469
[TRAIN train_climax_no_minimal_change_s42] [TRAIN] stage=finetune epoch=1/1 batch=2920/3000 step=5920 repair=0.1753 localization=0 type=0 minimal=0 physics=0.4498 total=0.1978
[TRAIN train_climax_no_minimal_change_s42] [TRAIN] stage=finetune epoch=1/1 batch=2930/3000 step=5930 repair=0.1206 localization=0 type=0 minimal=0 physics=0.4154 total=0.1414
[TRAIN train_climax_no_minimal_change_s42] [TRAIN] stage=finetune epoch=1/1 batch=2940/3000 step=5940 repair=0.106 localization=0 type=0 minimal=0 physics=0.4109 total=0.1266
[TRAIN train_climax_no_minimal_change_s42] [TRAIN] stage=finetune epoch=1/1 batch=2950/3000 step=5950 repair=0.1674 localization=0 type=0 minimal=0 physics=0.4121 total=0.188
[TRAIN train_climax_no_minimal_change_s42] [TRAIN] stage=finetune epoch=1/1 batch=2960/3000 step=5960 repair=0.1252 localization=0 type=0 minimal=0 physics=0.3835 total=0.1443
[TRAIN train_climax_no_minimal_change_s42] [TRAIN] stage=finetune epoch=1/1 batch=2970/3000 step=5970 repair=0.1541 localization=0 type=0 minimal=0 physics=0.3588 total=0.1721
[TRAIN train_climax_no_minimal_change_s42] [TRAIN] stage=finetune epoch=1/1 batch=2980/3000 step=5980 repair=0.07778 localization=0 type=0 minimal=0 physics=0.2884 total=0.0922
[TRAIN train_climax_no_minimal_change_s42] [TRAIN] stage=finetune epoch=1/1 batch=2990/3000 step=5990 repair=0.128 localization=0 type=0 minimal=0 physics=0.4913 total=0.1525
[TRAIN train_climax_no_minimal_change_s42] [TRAIN] stage=finetune epoch=1/1 batch=3000/3000 step=6000 repair=0.1142 localization=0 type=0 minimal=0 physics=0.3302 total=0.1307
[TRAIN train_climax_no_minimal_change_s42] [EPOCH] {'stage': 'finetune', 'epoch': 0, 'global_step': 6000, 'train_total': 0.17391064265370368, 'val_repair_mse': 0.11473205010406673, 'elapsed_seconds': 3544.88}
[TRAIN train_climax_no_minimal_change_s42] [BEST] val_repair_mse=0.114732
[TRAIN train_climax_no_minimal_change_s42] [TRAIN COMPLETE] {
[TRAIN train_climax_no_minimal_change_s42]   "run_id": "prelim20_train_climax_no_minimal_change_s42",
[TRAIN train_climax_no_minimal_change_s42]   "status": "completed",
[TRAIN train_climax_no_minimal_change_s42]   "method": "no_minimal_change",
[TRAIN train_climax_no_minimal_change_s42]   "backbone": "climax",
[TRAIN train_climax_no_minimal_change_s42]   "seed": 42,
[TRAIN train_climax_no_minimal_change_s42]   "forecast_provider": "zarr_frozen_fm",
[TRAIN train_climax_no_minimal_change_s42]   "best_val_repair_mse": 0.11473205010406673,
[TRAIN train_climax_no_minimal_change_s42]   "global_step": 6000,
[TRAIN train_climax_no_minimal_change_s42]   "elapsed_seconds": 3545.12,
[TRAIN train_climax_no_minimal_change_s42]   "checkpoint_best": "/home/tahiti/ConserveFM/runs/prelim20_train/train_climax_no_minimal_change_s42/checkpoint_best.pt",
[TRAIN train_climax_no_minimal_change_s42]   "checkpoint_last": "/home/tahiti/ConserveFM/runs/prelim20_train/train_climax_no_minimal_change_s42/checkpoint_last.pt"
[TRAIN train_climax_no_minimal_change_s42] }
