[TRAIN train_climax_static_learned_weights_s43] [SETUP] device=cuda
[TRAIN train_climax_static_learned_weights_s43] [SETUP] run_id=prelim20_train_climax_static_learned_weights_s43 method=static_learned_weights backbone=climax
[TRAIN train_climax_static_learned_weights_s43] [FORECAST] using frozen forecast cache: /home/tahiti/ConserveFM/forecasts/climax.zarr
[TRAIN train_climax_static_learned_weights_s43] [STAGE] pretrain epochs=1 start_epoch=0
[TRAIN train_climax_static_learned_weights_s43] [TRAIN] stage=pretrain epoch=1/1 batch=10/3000 step=10 repair=0.021 localization=0.4005 type=1.266 minimal=0.1036 physics=2.282 total=0.4414
[TRAIN train_climax_static_learned_weights_s43] [TRAIN] stage=pretrain epoch=1/1 batch=20/3000 step=20 repair=0.0102 localization=0.3216 type=1.712 minimal=0.07654 physics=1.063 total=0.2675
[TRAIN train_climax_static_learned_weights_s43] [TRAIN] stage=pretrain epoch=1/1 batch=30/3000 step=30 repair=0.008344 localization=0.2394 type=1.721 minimal=0.06262 physics=0.8305 total=0.3852
[TRAIN train_climax_static_learned_weights_s43] [TRAIN] stage=pretrain epoch=1/1 batch=40/3000 step=40 repair=0.004336 localization=0.2432 type=1.826 minimal=0.04047 physics=0.775 total=0.3889
[TRAIN train_climax_static_learned_weights_s43] [TRAIN] stage=pretrain epoch=1/1 batch=50/3000 step=50 repair=0.002526 localization=0.2687 type=2.27 minimal=0.03561 physics=0.3969 total=0.4153
[TRAIN train_climax_static_learned_weights_s43] [TRAIN] stage=pretrain epoch=1/1 batch=60/3000 step=60 repair=0.003249 localization=0.2633 type=1.624 minimal=0.0361 physics=0.4288 total=0.3525
[TRAIN train_climax_static_learned_weights_s43] [TRAIN] stage=pretrain epoch=1/1 batch=70/3000 step=70 repair=0.004786 localization=0.2677 type=1.828 minimal=0.03093 physics=0.6154 total=0.3839
[TRAIN train_climax_static_learned_weights_s43] [TRAIN] stage=pretrain epoch=1/1 batch=80/3000 step=80 repair=0.002924 localization=0.2658 type=2.069 minimal=0.0321 physics=0.2608 total=0.3885
[TRAIN train_climax_static_learned_weights_s43] [TRAIN] stage=pretrain epoch=1/1 batch=90/3000 step=90 repair=0.003382 localization=0.3366 type=1.836 minimal=0.03235 physics=0.3039 total=0.3749
[TRAIN train_climax_static_learned_weights_s43] [TRAIN] stage=pretrain epoch=1/1 batch=100/3000 step=100 repair=0.007445 localization=0.2403 type=0.9854 minimal=0.03177 physics=1.195 total=0.1901
[TRAIN train_climax_static_learned_weights_s43] [TRAIN] stage=pretrain epoch=1/1 batch=110/3000 step=110 repair=0.004952 localization=0.2518 type=1.611 minimal=0.03384 physics=0.3032 total=0.345
[TRAIN train_climax_static_learned_weights_s43] [TRAIN] stage=pretrain epoch=1/1 batch=120/3000 step=120 repair=0.00732 localization=0.287 type=1.804 minimal=0.02774 physics=0.3863 total=0.3747
[TRAIN train_climax_static_learned_weights_s43] [TRAIN] stage=pretrain epoch=1/1 batch=130/3000 step=130 repair=0.01664 localization=0.2926 type=2.801 minimal=0.02873 physics=0.3974 total=0.4851
[TRAIN train_climax_static_learned_weights_s43] [TRAIN] stage=pretrain epoch=1/1 batch=140/3000 step=140 repair=0.008071 localization=0.2995 type=2.195 minimal=0.02832 physics=0.3449 total=0.4141
[TRAIN train_climax_static_learned_weights_s43] [TRAIN] stage=pretrain epoch=1/1 batch=150/3000 step=150 repair=0.0174 localization=0.2852 type=1.845 minimal=0.02879 physics=1.086 total=0.4233
[TRAIN train_climax_static_learned_weights_s43] [TRAIN] stage=pretrain epoch=1/1 batch=160/3000 step=160 repair=0.004526 localization=0.2917 type=1.498 minimal=0.02499 physics=0.8777 total=0.2276
[TRAIN train_climax_static_learned_weights_s43] [TRAIN] stage=pretrain epoch=1/1 batch=170/3000 step=170 repair=0.006306 localization=0.2562 type=1.642 minimal=0.02483 physics=0.1473 total=0.342
[TRAIN train_climax_static_learned_weights_s43] [TRAIN] stage=pretrain epoch=1/1 batch=180/3000 step=180 repair=0.007571 localization=0.2796 type=1.058 minimal=0.02281 physics=1.073 total=0.1952
[TRAIN train_climax_static_learned_weights_s43] [TRAIN] stage=pretrain epoch=1/1 batch=190/3000 step=190 repair=0.005797 localization=0.2759 type=2.424 minimal=0.0293 physics=0.3763 total=0.4331
[TRAIN train_climax_static_learned_weights_s43] [TRAIN] stage=pretrain epoch=1/1 batch=200/3000 step=200 repair=0.003219 localization=0.2615 type=2.583 minimal=0.02769 physics=0.3051 total=0.4422
[TRAIN train_climax_static_learned_weights_s43] [TRAIN] stage=pretrain epoch=1/1 batch=210/3000 step=210 repair=0.002768 localization=0.3154 type=2.601 minimal=0.02631 physics=0.1536 total=0.4413
[TRAIN train_climax_static_learned_weights_s43] [TRAIN] stage=pretrain epoch=1/1 batch=220/3000 step=220 repair=0.002627 localization=0.3062 type=1.265 minimal=0.02377 physics=0.228 total=0.3095
[TRAIN train_climax_static_learned_weights_s43] [TRAIN] stage=pretrain epoch=1/1 batch=230/3000 step=230 repair=0.003032 localization=0.2226 type=0.708 minimal=0.0229 physics=0.1101 total=0.2399
[TRAIN train_climax_static_learned_weights_s43] [TRAIN] stage=pretrain epoch=1/1 batch=240/3000 step=240 repair=0.005558 localization=0.2986 type=2.782 minimal=0.02376 physics=0.4371 total=0.4741
[TRAIN train_climax_static_learned_weights_s43] [TRAIN] stage=pretrain epoch=1/1 batch=250/3000 step=250 repair=0.02516 localization=0.2776 type=1.8 minimal=0.02414 physics=0.4191 total=0.3931
[TRAIN train_climax_static_learned_weights_s43] [TRAIN] stage=pretrain epoch=1/1 batch=260/3000 step=260 repair=0.003122 localization=0.308 type=1.061 minimal=0.02292 physics=0.2517 total=0.2912
[TRAIN train_climax_static_learned_weights_s43] [TRAIN] stage=pretrain epoch=1/1 batch=270/3000 step=270 repair=0.01813 localization=0.1901 type=2.484 minimal=0.02283 physics=0.4505 total=0.4474
[TRAIN train_climax_static_learned_weights_s43] [TRAIN] stage=pretrain epoch=1/1 batch=280/3000 step=280 repair=0.00482 localization=0.3705 type=1.418 minimal=0.02332 physics=0.2264 total=0.333
[TRAIN train_climax_static_learned_weights_s43] [TRAIN] stage=pretrain epoch=1/1 batch=290/3000 step=290 repair=0.003 localization=0.3422 type=2.188 minimal=0.02473 physics=0.2052 total=0.406
[TRAIN train_climax_static_learned_weights_s43] [TRAIN] stage=pretrain epoch=1/1 batch=300/3000 step=300 repair=0.02299 localization=0.3386 type=1.956 minimal=0.024 physics=0.5523 total=0.4195
[TRAIN train_climax_static_learned_weights_s43] [TRAIN] stage=pretrain epoch=1/1 batch=310/3000 step=310 repair=0.004789 localization=0.228 type=1.478 minimal=0.02538 physics=0.7754 total=0.2144
[TRAIN train_climax_static_learned_weights_s43] [TRAIN] stage=pretrain epoch=1/1 batch=320/3000 step=320 repair=0.004014 localization=0.2151 type=2.303 minimal=0.02692 physics=0.1941 total=0.4042
[TRAIN train_climax_static_learned_weights_s43] [TRAIN] stage=pretrain epoch=1/1 batch=330/3000 step=330 repair=0.003458 localization=0.3446 type=1.696 minimal=0.02673 physics=0.1907 total=0.3566
[TRAIN train_climax_static_learned_weights_s43] [TRAIN] stage=pretrain epoch=1/1 batch=340/3000 step=340 repair=0.006741 localization=0.2286 type=2.978 minimal=0.02539 physics=0.1127 total=0.4709
[TRAIN train_climax_static_learned_weights_s43] [TRAIN] stage=pretrain epoch=1/1 batch=350/3000 step=350 repair=0.005876 localization=0.3473 type=1.352 minimal=0.02791 physics=0.8123 total=0.2167
[TRAIN train_climax_static_learned_weights_s43] [TRAIN] stage=pretrain epoch=1/1 batch=360/3000 step=360 repair=0.008635 localization=0.2296 type=1.897 minimal=0.03018 physics=0.4737 total=0.383
[TRAIN train_climax_static_learned_weights_s43] [TRAIN] stage=pretrain epoch=1/1 batch=370/3000 step=370 repair=0.003089 localization=0.3836 type=2.141 minimal=0.02316 physics=0.1917 total=0.4046
[TRAIN train_climax_static_learned_weights_s43] [TRAIN] stage=pretrain epoch=1/1 batch=380/3000 step=380 repair=0.005143 localization=0.2996 type=1.604 minimal=0.02371 physics=0.4717 total=0.3578
[TRAIN train_climax_static_learned_weights_s43] [TRAIN] stage=pretrain epoch=1/1 batch=390/3000 step=390 repair=0.005101 localization=0.2563 type=2.262 minimal=0.02216 physics=0.2315 total=0.4065
[TRAIN train_climax_static_learned_weights_s43] [TRAIN] stage=pretrain epoch=1/1 batch=400/3000 step=400 repair=0.00727 localization=0.2455 type=2.16 minimal=0.02048 physics=1.161 total=0.3061
[TRAIN train_climax_static_learned_weights_s43] [TRAIN] stage=pretrain epoch=1/1 batch=410/3000 step=410 repair=0.007403 localization=0.2507 type=1.415 minimal=0.02254 physics=1.076 total=0.228
[TRAIN train_climax_static_learned_weights_s43] [TRAIN] stage=pretrain epoch=1/1 batch=420/3000 step=420 repair=0.007023 localization=0.2967 type=2.106 minimal=0.02583 physics=0.1997 total=0.3968
[TRAIN train_climax_static_learned_weights_s43] [TRAIN] stage=pretrain epoch=1/1 batch=430/3000 step=430 repair=0.005044 localization=0.1691 type=0.8835 minimal=0.02242 physics=0.8218 total=0.1516
[TRAIN train_climax_static_learned_weights_s43] [TRAIN] stage=pretrain epoch=1/1 batch=440/3000 step=440 repair=0.003732 localization=0.3211 type=1.832 minimal=0.02403 physics=0.2136 total=0.3684
[TRAIN train_climax_static_learned_weights_s43] [TRAIN] stage=pretrain epoch=1/1 batch=450/3000 step=450 repair=0.003858 localization=0.2796 type=0.9382 minimal=0.02124 physics=0.3015 total=0.1409
[TRAIN train_climax_static_learned_weights_s43] [TRAIN] stage=pretrain epoch=1/1 batch=460/3000 step=460 repair=0.02116 localization=0.2509 type=0.741 minimal=0.02359 physics=1.717 total=0.2065
[TRAIN train_climax_static_learned_weights_s43] [TRAIN] stage=pretrain epoch=1/1 batch=470/3000 step=470 repair=0.01108 localization=0.1408 type=1.338 minimal=0.02406 physics=0.3234 total=0.3146
[TRAIN train_climax_static_learned_weights_s43] [TRAIN] stage=pretrain epoch=1/1 batch=480/3000 step=480 repair=0.002218 localization=0.4572 type=2.855 minimal=0.0211 physics=0.1603 total=0.4811
[TRAIN train_climax_static_learned_weights_s43] [TRAIN] stage=pretrain epoch=1/1 batch=490/3000 step=490 repair=0.002205 localization=0.2889 type=2.833 minimal=0.01942 physics=0.1743 total=0.4627
[TRAIN train_climax_static_learned_weights_s43] [TRAIN] stage=pretrain epoch=1/1 batch=500/3000 step=500 repair=0.003887 localization=0.2409 type=1.975 minimal=0.02174 physics=0.3989 total=0.3841
[TRAIN train_climax_static_learned_weights_s43] [TRAIN] stage=pretrain epoch=1/1 batch=510/3000 step=510 repair=0.004692 localization=0.2913 type=1.326 minimal=0.02177 physics=0.1896 total=0.3136
[TRAIN train_climax_static_learned_weights_s43] [TRAIN] stage=pretrain epoch=1/1 batch=520/3000 step=520 repair=0.009819 localization=0.2502 type=2.575 minimal=0.0228 physics=0.2963 total=0.4466
[TRAIN train_climax_static_learned_weights_s43] [TRAIN] stage=pretrain epoch=1/1 batch=530/3000 step=530 repair=0.003489 localization=0.2229 type=2.169 minimal=0.02275 physics=0.3917 total=0.4018
[TRAIN train_climax_static_learned_weights_s43] [TRAIN] stage=pretrain epoch=1/1 batch=540/3000 step=540 repair=0.002668 localization=0.2976 type=1.908 minimal=0.02386 physics=0.1218 total=0.3689
[TRAIN train_climax_static_learned_weights_s43] [TRAIN] stage=pretrain epoch=1/1 batch=550/3000 step=550 repair=0.002039 localization=0.2502 type=1.41 minimal=0.01964 physics=0.1378 total=0.3144
[TRAIN train_climax_static_learned_weights_s43] [TRAIN] stage=pretrain epoch=1/1 batch=560/3000 step=560 repair=0.004452 localization=0.1882 type=1.247 minimal=0.02405 physics=0.4861 total=0.3098
[TRAIN train_climax_static_learned_weights_s43] [TRAIN] stage=pretrain epoch=1/1 batch=570/3000 step=570 repair=0.02042 localization=0.2125 type=1.537 minimal=0.02292 physics=1.703 total=0.2807
[TRAIN train_climax_static_learned_weights_s43] [TRAIN] stage=pretrain epoch=1/1 batch=580/3000 step=580 repair=0.00273 localization=0.3369 type=1.86 minimal=0.01904 physics=0.1883 total=0.3713
[TRAIN train_climax_static_learned_weights_s43] [TRAIN] stage=pretrain epoch=1/1 batch=590/3000 step=590 repair=0.005329 localization=0.2975 type=1.304 minimal=0.02223 physics=0.3301 total=0.3194
[TRAIN train_climax_static_learned_weights_s43] [TRAIN] stage=pretrain epoch=1/1 batch=600/3000 step=600 repair=0.003574 localization=0.3083 type=1.974 minimal=0.02135 physics=0.318 total=0.3872
[TRAIN train_climax_static_learned_weights_s43] [TRAIN] stage=pretrain epoch=1/1 batch=610/3000 step=610 repair=0.002434 localization=0.1627 type=2.22 minimal=0.01816 physics=0.4624 total=0.264
[TRAIN train_climax_static_learned_weights_s43] [TRAIN] stage=pretrain epoch=1/1 batch=620/3000 step=620 repair=0.02038 localization=0.2449 type=1.382 minimal=0.01967 physics=1.782 total=0.2723
[TRAIN train_climax_static_learned_weights_s43] [TRAIN] stage=pretrain epoch=1/1 batch=630/3000 step=630 repair=0.005686 localization=0.2502 type=1.934 minimal=0.02119 physics=0.157 total=0.3694
[TRAIN train_climax_static_learned_weights_s43] [TRAIN] stage=pretrain epoch=1/1 batch=640/3000 step=640 repair=0.003083 localization=0.4063 type=2.194 minimal=0.01952 physics=0.1091 total=0.408
[TRAIN train_climax_static_learned_weights_s43] [TRAIN] stage=pretrain epoch=1/1 batch=650/3000 step=650 repair=0.007178 localization=0.3338 type=1.994 minimal=0.02605 physics=0.1557 total=0.3853
[TRAIN train_climax_static_learned_weights_s43] [TRAIN] stage=pretrain epoch=1/1 batch=660/3000 step=660 repair=0.004212 localization=0.4089 type=1.645 minimal=0.02402 physics=0.4759 total=0.3723
[TRAIN train_climax_static_learned_weights_s43] [TRAIN] stage=pretrain epoch=1/1 batch=670/3000 step=670 repair=0.006151 localization=0.2076 type=1.934 minimal=0.02209 physics=0.2794 total=0.3739
[TRAIN train_climax_static_learned_weights_s43] [TRAIN] stage=pretrain epoch=1/1 batch=680/3000 step=680 repair=0.002881 localization=0.2545 type=2.068 minimal=0.019 physics=0.07785 total=0.3787
[TRAIN train_climax_static_learned_weights_s43] [TRAIN] stage=pretrain epoch=1/1 batch=690/3000 step=690 repair=0.00308 localization=0.2838 type=2.162 minimal=0.017 physics=0.1177 total=0.391
[TRAIN train_climax_static_learned_weights_s43] [TRAIN] stage=pretrain epoch=1/1 batch=700/3000 step=700 repair=0.003051 localization=0.2131 type=1.325 minimal=0.02252 physics=0.1502 total=0.3036
[TRAIN train_climax_static_learned_weights_s43] [TRAIN] stage=pretrain epoch=1/1 batch=710/3000 step=710 repair=0.007846 localization=0.2887 type=1.47 minimal=0.0184 physics=0.07118 total=0.3247
[TRAIN train_climax_static_learned_weights_s43] [TRAIN] stage=pretrain epoch=1/1 batch=720/3000 step=720 repair=0.00253 localization=0.227 type=1.661 minimal=0.01855 physics=0.2083 total=0.3414
[TRAIN train_climax_static_learned_weights_s43] [TRAIN] stage=pretrain epoch=1/1 batch=730/3000 step=730 repair=0.002718 localization=0.3572 type=1.775 minimal=0.01871 physics=0.1406 total=0.3622
[TRAIN train_climax_static_learned_weights_s43] [TRAIN] stage=pretrain epoch=1/1 batch=740/3000 step=740 repair=0.006151 localization=0.2303 type=1.177 minimal=0.02011 physics=0.3203 total=0.3003
[TRAIN train_climax_static_learned_weights_s43] [TRAIN] stage=pretrain epoch=1/1 batch=750/3000 step=750 repair=0.006758 localization=0.09924 type=1.038 minimal=0.03439 physics=0.8306 total=0.302
[TRAIN train_climax_static_learned_weights_s43] [TRAIN] stage=pretrain epoch=1/1 batch=760/3000 step=760 repair=0.002418 localization=0.3023 type=1.633 minimal=0.02075 physics=0.1857 total=0.3444
[TRAIN train_climax_static_learned_weights_s43] [TRAIN] stage=pretrain epoch=1/1 batch=770/3000 step=770 repair=0.002806 localization=0.2443 type=1.521 minimal=0.02292 physics=0.0955 total=0.3233
[TRAIN train_climax_static_learned_weights_s43] [TRAIN] stage=pretrain epoch=1/1 batch=780/3000 step=780 repair=0.01584 localization=0.1978 type=0.4996 minimal=0.03278 physics=0.4788 total=0.2494
[TRAIN train_climax_static_learned_weights_s43] [TRAIN] stage=pretrain epoch=1/1 batch=790/3000 step=790 repair=0.005401 localization=0.1936 type=0.572 minimal=0.02383 physics=0.1718 total=0.2303
[TRAIN train_climax_static_learned_weights_s43] [TRAIN] stage=pretrain epoch=1/1 batch=800/3000 step=800 repair=0.007208 localization=0.3618 type=2.195 minimal=0.02148 physics=1.194 total=0.3228
[TRAIN train_climax_static_learned_weights_s43] [TRAIN] stage=pretrain epoch=1/1 batch=810/3000 step=810 repair=0.00329 localization=0.2595 type=1.066 minimal=0.0226 physics=0.2514 total=0.2874
[TRAIN train_climax_static_learned_weights_s43] [TRAIN] stage=pretrain epoch=1/1 batch=820/3000 step=820 repair=0.003047 localization=0.4431 type=1.544 minimal=0.02025 physics=0.1455 total=0.348
[TRAIN train_climax_static_learned_weights_s43] [TRAIN] stage=pretrain epoch=1/1 batch=830/3000 step=830 repair=0.008894 localization=0.3527 type=2.017 minimal=0.01723 physics=1.28 total=0.31
[TRAIN train_climax_static_learned_weights_s43] [TRAIN] stage=pretrain epoch=1/1 batch=840/3000 step=840 repair=0.002398 localization=0.2728 type=1.78 minimal=0.01866 physics=0.3066 total=0.2232
[TRAIN train_climax_static_learned_weights_s43] [TRAIN] stage=pretrain epoch=1/1 batch=850/3000 step=850 repair=0.007723 localization=0.2419 type=1.018 minimal=0.01675 physics=0.07881 total=0.2748
[TRAIN train_climax_static_learned_weights_s43] [TRAIN] stage=pretrain epoch=1/1 batch=860/3000 step=860 repair=0.004584 localization=0.3756 type=1.568 minimal=0.01862 physics=0.805 total=0.2394
[TRAIN train_climax_static_learned_weights_s43] [TRAIN] stage=pretrain epoch=1/1 batch=870/3000 step=870 repair=0.007792 localization=0.2407 type=1.652 minimal=0.01917 physics=1.08 total=0.2513
[TRAIN train_climax_static_learned_weights_s43] [TRAIN] stage=pretrain epoch=1/1 batch=880/3000 step=880 repair=0.003408 localization=0.3271 type=2.396 minimal=0.02126 physics=0.0875 total=0.4199
[TRAIN train_climax_static_learned_weights_s43] [TRAIN] stage=pretrain epoch=1/1 batch=890/3000 step=890 repair=0.005661 localization=0.3046 type=1.389 minimal=0.01645 physics=0.1397 total=0.3191
[TRAIN train_climax_static_learned_weights_s43] [TRAIN] stage=pretrain epoch=1/1 batch=900/3000 step=900 repair=0.002358 localization=0.3055 type=1.355 minimal=0.01826 physics=0.1732 total=0.3166
[TRAIN train_climax_static_learned_weights_s43] [TRAIN] stage=pretrain epoch=1/1 batch=910/3000 step=910 repair=0.00217 localization=0.3353 type=2.821 minimal=0.01926 physics=0.3001 total=0.4719
[TRAIN train_climax_static_learned_weights_s43] [TRAIN] stage=pretrain epoch=1/1 batch=920/3000 step=920 repair=0.008039 localization=0.4252 type=1.892 minimal=0.01985 physics=0.6704 total=0.4131
[TRAIN train_climax_static_learned_weights_s43] [TRAIN] stage=pretrain epoch=1/1 batch=930/3000 step=930 repair=0.00308 localization=0.2837 type=2.244 minimal=0.02248 physics=0.177 total=0.4039
[TRAIN train_climax_static_learned_weights_s43] [TRAIN] stage=pretrain epoch=1/1 batch=940/3000 step=940 repair=0.002463 localization=0.2402 type=1.676 minimal=0.01843 physics=0.1494 total=0.3407
[TRAIN train_climax_static_learned_weights_s43] [TRAIN] stage=pretrain epoch=1/1 batch=950/3000 step=950 repair=0.002555 localization=0.3338 type=1.321 minimal=0.0211 physics=0.118 total=0.3132
[TRAIN train_climax_static_learned_weights_s43] [TRAIN] stage=pretrain epoch=1/1 batch=960/3000 step=960 repair=0.002702 localization=0.1705 type=1.797 minimal=0.01949 physics=0.1741 total=0.3475
[TRAIN train_climax_static_learned_weights_s43] [TRAIN] stage=pretrain epoch=1/1 batch=970/3000 step=970 repair=0.002964 localization=0.2759 type=1.532 minimal=0.01782 physics=0.2089 total=0.3339
[TRAIN train_climax_static_learned_weights_s43] [TRAIN] stage=pretrain epoch=1/1 batch=980/3000 step=980 repair=0.00292 localization=0.2879 type=1.248 minimal=0.01889 physics=0.1532 total=0.3039
[TRAIN train_climax_static_learned_weights_s43] [TRAIN] stage=pretrain epoch=1/1 batch=990/3000 step=990 repair=0.01128 localization=0.3321 type=2.605 minimal=0.0192 physics=0.2324 total=0.4538
[TRAIN train_climax_static_learned_weights_s43] [TRAIN] stage=pretrain epoch=1/1 batch=1000/3000 step=1000 repair=0.006293 localization=0.1097 type=0.3092 minimal=0.03079 physics=0.2463 total=0.2
[TRAIN train_climax_static_learned_weights_s43] [TRAIN] stage=pretrain epoch=1/1 batch=1010/3000 step=1010 repair=0.007222 localization=0.2284 type=1.415 minimal=0.0186 physics=1.061 total=0.2247
[TRAIN train_climax_static_learned_weights_s43] [TRAIN] stage=pretrain epoch=1/1 batch=1020/3000 step=1020 repair=0.003486 localization=0.2708 type=1.548 minimal=0.02144 physics=0.109 total=0.3299
[TRAIN train_climax_static_learned_weights_s43] [TRAIN] stage=pretrain epoch=1/1 batch=1030/3000 step=1030 repair=0.002353 localization=0.2442 type=1.334 minimal=0.01836 physics=0.1888 total=0.3086
[TRAIN train_climax_static_learned_weights_s43] [TRAIN] stage=pretrain epoch=1/1 batch=1040/3000 step=1040 repair=0.009234 localization=0.3687 type=2.029 minimal=0.01701 physics=0.5388 total=0.4156
[TRAIN train_climax_static_learned_weights_s43] [TRAIN] stage=pretrain epoch=1/1 batch=1050/3000 step=1050 repair=0.002416 localization=0.3924 type=1.945 minimal=0.01785 physics=0.4626 total=0.2594
[TRAIN train_climax_static_learned_weights_s43] [TRAIN] stage=pretrain epoch=1/1 batch=1060/3000 step=1060 repair=0.005371 localization=0.2746 type=2.103 minimal=0.01959 physics=0.1516 total=0.3882
[TRAIN train_climax_static_learned_weights_s43] [TRAIN] stage=pretrain epoch=1/1 batch=1070/3000 step=1070 repair=0.02163 localization=0.2744 type=1.82 minimal=0.01883 physics=1.796 total=0.321
[TRAIN train_climax_static_learned_weights_s43] [TRAIN] stage=pretrain epoch=1/1 batch=1080/3000 step=1080 repair=0.002303 localization=0.2511 type=1.682 minimal=0.01836 physics=0.2069 total=0.3446
[TRAIN train_climax_static_learned_weights_s43] [TRAIN] stage=pretrain epoch=1/1 batch=1090/3000 step=1090 repair=0.009238 localization=0.3332 type=1.229 minimal=0.01927 physics=0.8164 total=0.346
[TRAIN train_climax_static_learned_weights_s43] [TRAIN] stage=pretrain epoch=1/1 batch=1100/3000 step=1100 repair=0.002864 localization=0.2799 type=1.365 minimal=0.0186 physics=0.1622 total=0.3151
[TRAIN train_climax_static_learned_weights_s43] [TRAIN] stage=pretrain epoch=1/1 batch=1110/3000 step=1110 repair=0.003459 localization=0.3162 type=1.466 minimal=0.01854 physics=0.1008 total=0.3263
[TRAIN train_climax_static_learned_weights_s43] [TRAIN] stage=pretrain epoch=1/1 batch=1120/3000 step=1120 repair=0.007758 localization=0.2615 type=1.282 minimal=0.01814 physics=1.173 total=0.221
[TRAIN train_climax_static_learned_weights_s43] [TRAIN] stage=pretrain epoch=1/1 batch=1130/3000 step=1130 repair=0.002794 localization=0.232 type=2.132 minimal=0.01729 physics=0.134 total=0.3855
[TRAIN train_climax_static_learned_weights_s43] [TRAIN] stage=pretrain epoch=1/1 batch=1140/3000 step=1140 repair=0.006536 localization=0.3567 type=1.945 minimal=0.02016 physics=0.4221 total=0.3975
[TRAIN train_climax_static_learned_weights_s43] [TRAIN] stage=pretrain epoch=1/1 batch=1150/3000 step=1150 repair=0.003044 localization=0.2031 type=0.9399 minimal=0.01962 physics=0.3043 total=0.1328
[TRAIN train_climax_static_learned_weights_s43] [TRAIN] stage=pretrain epoch=1/1 batch=1160/3000 step=1160 repair=0.003082 localization=0.2521 type=1.285 minimal=0.02136 physics=0.3009 total=0.1721
[TRAIN train_climax_static_learned_weights_s43] [TRAIN] stage=pretrain epoch=1/1 batch=1170/3000 step=1170 repair=0.004171 localization=0.3079 type=0.7583 minimal=0.0209 physics=0.8302 total=0.1525
[TRAIN train_climax_static_learned_weights_s43] [TRAIN] stage=pretrain epoch=1/1 batch=1180/3000 step=1180 repair=0.001909 localization=0.2918 type=1.343 minimal=0.017 physics=0.1729 total=0.3126
[TRAIN train_climax_static_learned_weights_s43] [TRAIN] stage=pretrain epoch=1/1 batch=1190/3000 step=1190 repair=0.002926 localization=0.2781 type=2.991 minimal=0.01894 physics=0.1037 total=0.4746
[TRAIN train_climax_static_learned_weights_s43] [TRAIN] stage=pretrain epoch=1/1 batch=1200/3000 step=1200 repair=0.007339 localization=0.2432 type=1.131 minimal=0.02515 physics=0.4885 total=0.3088
[TRAIN train_climax_static_learned_weights_s43] [TRAIN] stage=pretrain epoch=1/1 batch=1210/3000 step=1210 repair=0.002851 localization=0.2158 type=2.797 minimal=0.01894 physics=0.1322 total=0.4503
[TRAIN train_climax_static_learned_weights_s43] [TRAIN] stage=pretrain epoch=1/1 batch=1220/3000 step=1220 repair=0.00692 localization=0.3528 type=1.382 minimal=0.01828 physics=0.2351 total=0.3296
[TRAIN train_climax_static_learned_weights_s43] [TRAIN] stage=pretrain epoch=1/1 batch=1230/3000 step=1230 repair=0.004127 localization=0.3211 type=1.02 minimal=0.01617 physics=0.2968 total=0.2904
[TRAIN train_climax_static_learned_weights_s43] [TRAIN] stage=pretrain epoch=1/1 batch=1240/3000 step=1240 repair=0.007816 localization=0.259 type=0.8096 minimal=0.01855 physics=0.1778 total=0.2609
[TRAIN train_climax_static_learned_weights_s43] [TRAIN] stage=pretrain epoch=1/1 batch=1250/3000 step=1250 repair=0.002057 localization=0.2732 type=2.1 minimal=0.01601 physics=0.08542 total=0.3836
[TRAIN train_climax_static_learned_weights_s43] [TRAIN] stage=pretrain epoch=1/1 batch=1260/3000 step=1260 repair=0.009269 localization=0.1334 type=0.001164 minimal=0.06192 physics=0.8042 total=0.203
[TRAIN train_climax_static_learned_weights_s43] [TRAIN] stage=pretrain epoch=1/1 batch=1270/3000 step=1270 repair=0.003487 localization=0.1007 type=0.03674 minimal=0.02626 physics=0.3488 total=0.1744
[TRAIN train_climax_static_learned_weights_s43] [TRAIN] stage=pretrain epoch=1/1 batch=1280/3000 step=1280 repair=0.01931 localization=0.2513 type=1.434 minimal=0.01762 physics=1.839 total=0.28
[TRAIN train_climax_static_learned_weights_s43] [TRAIN] stage=pretrain epoch=1/1 batch=1290/3000 step=1290 repair=0.002471 localization=0.4947 type=1.547 minimal=0.01744 physics=0.2211 total=0.3577
[TRAIN train_climax_static_learned_weights_s43] [TRAIN] stage=pretrain epoch=1/1 batch=1300/3000 step=1300 repair=0.00156 localization=0.2349 type=2.34 minimal=0.01587 physics=0.1361 total=0.4055
[TRAIN train_climax_static_learned_weights_s43] [TRAIN] stage=pretrain epoch=1/1 batch=1310/3000 step=1310 repair=0.002492 localization=0.1805 type=1.296 minimal=0.01843 physics=0.1257 total=0.2964
[TRAIN train_climax_static_learned_weights_s43] [TRAIN] stage=pretrain epoch=1/1 batch=1320/3000 step=1320 repair=0.0048 localization=0.09596 type=0.3929 minimal=0.02016 physics=0.1655 total=0.2017
[TRAIN train_climax_static_learned_weights_s43] [TRAIN] stage=pretrain epoch=1/1 batch=1330/3000 step=1330 repair=0.006127 localization=0.3275 type=1.399 minimal=0.02052 physics=0.09715 total=0.3208
[TRAIN train_climax_static_learned_weights_s43] [TRAIN] stage=pretrain epoch=1/1 batch=1340/3000 step=1340 repair=0.01074 localization=0.3876 type=1.449 minimal=0.01889 physics=0.3616 total=0.3496
[TRAIN train_climax_static_learned_weights_s43] [TRAIN] stage=pretrain epoch=1/1 batch=1350/3000 step=1350 repair=0.007344 localization=0.1078 type=0.004009 minimal=0.05185 physics=0.5335 total=0.1854
[TRAIN train_climax_static_learned_weights_s43] [TRAIN] stage=pretrain epoch=1/1 batch=1360/3000 step=1360 repair=0.001963 localization=0.2263 type=2.21 minimal=0.01686 physics=0.1104 total=0.3897
[TRAIN train_climax_static_learned_weights_s43] [TRAIN] stage=pretrain epoch=1/1 batch=1370/3000 step=1370 repair=0.00389 localization=0.1944 type=0.2694 minimal=0.01904 physics=0.1792 total=0.1991
[TRAIN train_climax_static_learned_weights_s43] [TRAIN] stage=pretrain epoch=1/1 batch=1380/3000 step=1380 repair=0.002465 localization=0.3428 type=1.958 minimal=0.01717 physics=0.1553 total=0.379
[TRAIN train_climax_static_learned_weights_s43] [TRAIN] stage=pretrain epoch=1/1 batch=1390/3000 step=1390 repair=0.01308 localization=0.418 type=1.815 minimal=0.02017 physics=1.688 total=0.321
[TRAIN train_climax_static_learned_weights_s43] [TRAIN] stage=pretrain epoch=1/1 batch=1400/3000 step=1400 repair=0.003517 localization=0.3081 type=1.415 minimal=0.01787 physics=0.08581 total=0.3173
[TRAIN train_climax_static_learned_weights_s43] [TRAIN] stage=pretrain epoch=1/1 batch=1410/3000 step=1410 repair=0.002888 localization=0.1136 type=0.04507 minimal=0.02144 physics=0.3459 total=0.176
[TRAIN train_climax_static_learned_weights_s43] [TRAIN] stage=pretrain epoch=1/1 batch=1420/3000 step=1420 repair=0.002445 localization=0.3602 type=1.058 minimal=0.01724 physics=0.06512 total=0.2862
[TRAIN train_climax_static_learned_weights_s43] [TRAIN] stage=pretrain epoch=1/1 batch=1430/3000 step=1430 repair=0.002919 localization=0.2819 type=1.634 minimal=0.01941 physics=0.2117 total=0.3451
[TRAIN train_climax_static_learned_weights_s43] [TRAIN] stage=pretrain epoch=1/1 batch=1440/3000 step=1440 repair=0.003041 localization=0.1917 type=1.035 minimal=0.02045 physics=0.2984 total=0.1409
[TRAIN train_climax_static_learned_weights_s43] [TRAIN] stage=pretrain epoch=1/1 batch=1450/3000 step=1450 repair=0.008103 localization=0.2764 type=1.339 minimal=0.01836 physics=0.3264 total=0.3253
[TRAIN train_climax_static_learned_weights_s43] [TRAIN] stage=pretrain epoch=1/1 batch=1460/3000 step=1460 repair=0.002272 localization=0.2573 type=1.736 minimal=0.01717 physics=0.1153 total=0.346
[TRAIN train_climax_static_learned_weights_s43] [TRAIN] stage=pretrain epoch=1/1 batch=1470/3000 step=1470 repair=0.002684 localization=0.3381 type=1.305 minimal=0.0192 physics=0.3176 total=0.3215
[TRAIN train_climax_static_learned_weights_s43] [TRAIN] stage=pretrain epoch=1/1 batch=1480/3000 step=1480 repair=0.002878 localization=0.2727 type=1.332 minimal=0.01894 physics=0.09845 total=0.3075
[TRAIN train_climax_static_learned_weights_s43] [TRAIN] stage=pretrain epoch=1/1 batch=1490/3000 step=1490 repair=0.005033 localization=0.1893 type=1.152 minimal=0.01859 physics=0.8449 total=0.1816
[TRAIN train_climax_static_learned_weights_s43] [TRAIN] stage=pretrain epoch=1/1 batch=1500/3000 step=1500 repair=0.0106 localization=0.3602 type=1.315 minimal=0.01894 physics=1.325 total=0.2446
[TRAIN train_climax_static_learned_weights_s43] [TRAIN] stage=pretrain epoch=1/1 batch=1510/3000 step=1510 repair=0.003622 localization=0.3274 type=1.583 minimal=0.01665 physics=0.1704 total=0.3424
[TRAIN train_climax_static_learned_weights_s43] [TRAIN] stage=pretrain epoch=1/1 batch=1520/3000 step=1520 repair=0.002052 localization=0.356 type=1.771 minimal=0.01631 physics=0.08182 total=0.3573
[TRAIN train_climax_static_learned_weights_s43] [TRAIN] stage=pretrain epoch=1/1 batch=1530/3000 step=1530 repair=0.001869 localization=0.3588 type=1.962 minimal=0.01683 physics=0.06906 total=0.3759
[TRAIN train_climax_static_learned_weights_s43] [TRAIN] stage=pretrain epoch=1/1 batch=1540/3000 step=1540 repair=0.002897 localization=0.3102 type=1.504 minimal=0.01741 physics=0.1147 total=0.3292
[TRAIN train_climax_static_learned_weights_s43] [TRAIN] stage=pretrain epoch=1/1 batch=1550/3000 step=1550 repair=0.007977 localization=0.2861 type=1.198 minimal=0.0175 physics=1.281 total=0.2206
[TRAIN train_climax_static_learned_weights_s43] [TRAIN] stage=pretrain epoch=1/1 batch=1560/3000 step=1560 repair=0.002266 localization=0.3193 type=1.655 minimal=0.01758 physics=0.1148 total=0.3439
[TRAIN train_climax_static_learned_weights_s43] [TRAIN] stage=pretrain epoch=1/1 batch=1570/3000 step=1570 repair=0.003485 localization=0.301 type=1.496 minimal=0.01802 physics=0.5329 total=0.21
[TRAIN train_climax_static_learned_weights_s43] [TRAIN] stage=pretrain epoch=1/1 batch=1580/3000 step=1580 repair=0.002819 localization=0.2786 type=2.024 minimal=0.01843 physics=0.1134 total=0.3773
[TRAIN train_climax_static_learned_weights_s43] [TRAIN] stage=pretrain epoch=1/1 batch=1590/3000 step=1590 repair=0.001988 localization=0.36 type=1.794 minimal=0.01601 physics=0.07442 total=0.3603
[TRAIN train_climax_static_learned_weights_s43] [TRAIN] stage=pretrain epoch=1/1 batch=1600/3000 step=1600 repair=0.002772 localization=0.04421 type=0.01139 minimal=0.02341 physics=0.2042 total=0.1591
[TRAIN train_climax_static_learned_weights_s43] [TRAIN] stage=pretrain epoch=1/1 batch=1610/3000 step=1610 repair=0.01307 localization=0.2568 type=1.024 minimal=0.01796 physics=0.2606 total=0.2911
[TRAIN train_climax_static_learned_weights_s43] [TRAIN] stage=pretrain epoch=1/1 batch=1620/3000 step=1620 repair=0.006107 localization=0.3235 type=0.957 minimal=0.01689 physics=0.1809 total=0.2801
[TRAIN train_climax_static_learned_weights_s43] [TRAIN] stage=pretrain epoch=1/1 batch=1630/3000 step=1630 repair=0.002645 localization=0.2172 type=2.059 minimal=0.0179 physics=0.2621 total=0.3827
[TRAIN train_climax_static_learned_weights_s43] [TRAIN] stage=pretrain epoch=1/1 batch=1640/3000 step=1640 repair=0.003218 localization=0.04416 type=0.001139 minimal=0.026 physics=0.1602 total=0.1563
[TRAIN train_climax_static_learned_weights_s43] [TRAIN] stage=pretrain epoch=1/1 batch=1650/3000 step=1650 repair=0.02256 localization=0.2759 type=1.312 minimal=0.01912 physics=1.898 total=0.2764
[TRAIN train_climax_static_learned_weights_s43] [TRAIN] stage=pretrain epoch=1/1 batch=1660/3000 step=1660 repair=0.002208 localization=0.3541 type=4.459 minimal=0.01787 physics=0.08807 total=0.6265
[TRAIN train_climax_static_learned_weights_s43] [TRAIN] stage=pretrain epoch=1/1 batch=1670/3000 step=1670 repair=0.002546 localization=0.246 type=1.028 minimal=0.02179 physics=0.1049 total=0.2737
[TRAIN train_climax_static_learned_weights_s43] [TRAIN] stage=pretrain epoch=1/1 batch=1680/3000 step=1680 repair=0.003285 localization=0.2349 type=1.051 minimal=0.02264 physics=0.1124 total=0.276
[TRAIN train_climax_static_learned_weights_s43] [TRAIN] stage=pretrain epoch=1/1 batch=1690/3000 step=1690 repair=0.002049 localization=0.2508 type=1.07 minimal=0.01707 physics=0.2296 total=0.285
[TRAIN train_climax_static_learned_weights_s43] [TRAIN] stage=pretrain epoch=1/1 batch=1700/3000 step=1700 repair=0.004928 localization=0.2503 type=2.457 minimal=0.01819 physics=0.3436 total=0.4297
[TRAIN train_climax_static_learned_weights_s43] [TRAIN] stage=pretrain epoch=1/1 batch=1710/3000 step=1710 repair=0.011 localization=0.3199 type=1.714 minimal=0.01743 physics=0.3761 total=0.3701
[TRAIN train_climax_static_learned_weights_s43] [TRAIN] stage=pretrain epoch=1/1 batch=1720/3000 step=1720 repair=0.03545 localization=0.3841 type=2.158 minimal=0.0179 physics=2.053 total=0.3925
[TRAIN train_climax_static_learned_weights_s43] [TRAIN] stage=pretrain epoch=1/1 batch=1730/3000 step=1730 repair=0.004636 localization=0.2935 type=0.9622 minimal=0.01698 physics=0.1933 total=0.2767
[TRAIN train_climax_static_learned_weights_s43] [TRAIN] stage=pretrain epoch=1/1 batch=1740/3000 step=1740 repair=0.002696 localization=0.4196 type=1.69 minimal=0.0181 physics=0.1435 total=0.359
[TRAIN train_climax_static_learned_weights_s43] [TRAIN] stage=pretrain epoch=1/1 batch=1750/3000 step=1750 repair=0.007363 localization=0.2519 type=1.218 minimal=0.02132 physics=1.16 total=0.2126
[TRAIN train_climax_static_learned_weights_s43] [TRAIN] stage=pretrain epoch=1/1 batch=1760/3000 step=1760 repair=0.0121 localization=0.3174 type=1.273 minimal=0.01826 physics=0.1671 total=0.3163
[TRAIN train_climax_static_learned_weights_s43] [TRAIN] stage=pretrain epoch=1/1 batch=1770/3000 step=1770 repair=0.002621 localization=0.15 type=2.276 minimal=0.01788 physics=0.1321 total=0.3929
[TRAIN train_climax_static_learned_weights_s43] [TRAIN] stage=pretrain epoch=1/1 batch=1780/3000 step=1780 repair=0.003208 localization=0.2879 type=1.306 minimal=0.0213 physics=0.142 total=0.3079
[TRAIN train_climax_static_learned_weights_s43] [TRAIN] stage=pretrain epoch=1/1 batch=1790/3000 step=1790 repair=0.003194 localization=0.4042 type=1.239 minimal=0.02362 physics=0.1847 total=0.315
[TRAIN train_climax_static_learned_weights_s43] [TRAIN] stage=pretrain epoch=1/1 batch=1800/3000 step=1800 repair=0.002761 localization=0.08221 type=0.1395 minimal=0.02182 physics=0.1908 total=0.1756
[TRAIN train_climax_static_learned_weights_s43] [TRAIN] stage=pretrain epoch=1/1 batch=1810/3000 step=1810 repair=0.002745 localization=0.08852 type=0.6241 minimal=0.01797 physics=0.1515 total=0.2227
[TRAIN train_climax_static_learned_weights_s43] [TRAIN] stage=pretrain epoch=1/1 batch=1820/3000 step=1820 repair=0.002475 localization=0.04748 type=0.02811 minimal=0.02216 physics=0.3003 total=0.1662
[TRAIN train_climax_static_learned_weights_s43] [TRAIN] stage=pretrain epoch=1/1 batch=1830/3000 step=1830 repair=0.00243 localization=0.04143 type=0.0009272 minimal=0.03087 physics=0.3755 total=0.1667
[TRAIN train_climax_static_learned_weights_s43] [TRAIN] stage=pretrain epoch=1/1 batch=1840/3000 step=1840 repair=0.003324 localization=0.0894 type=0.3202 minimal=0.01947 physics=0.09263 total=0.1901
[TRAIN train_climax_static_learned_weights_s43] [TRAIN] stage=pretrain epoch=1/1 batch=1850/3000 step=1850 repair=0.002634 localization=0.3425 type=2.021 minimal=0.01698 physics=0.198 total=0.387
[TRAIN train_climax_static_learned_weights_s43] [TRAIN] stage=pretrain epoch=1/1 batch=1860/3000 step=1860 repair=0.002538 localization=0.3616 type=2.054 minimal=0.01732 physics=0.1274 total=0.3886
[TRAIN train_climax_static_learned_weights_s43] [TRAIN] stage=pretrain epoch=1/1 batch=1870/3000 step=1870 repair=0.001879 localization=0.2618 type=1.715 minimal=0.01608 physics=0.2057 total=0.3481
[TRAIN train_climax_static_learned_weights_s43] [TRAIN] stage=pretrain epoch=1/1 batch=1880/3000 step=1880 repair=0.001536 localization=0.2586 type=1.936 minimal=0.01495 physics=0.07679 total=0.3631
[TRAIN train_climax_static_learned_weights_s43] [TRAIN] stage=pretrain epoch=1/1 batch=1890/3000 step=1890 repair=0.002425 localization=0.3192 type=1.597 minimal=0.01787 physics=0.1045 total=0.3375
[TRAIN train_climax_static_learned_weights_s43] [TRAIN] stage=pretrain epoch=1/1 batch=1900/3000 step=1900 repair=0.002223 localization=0.3157 type=1.199 minimal=0.01804 physics=0.08623 total=0.2963
[TRAIN train_climax_static_learned_weights_s43] [TRAIN] stage=pretrain epoch=1/1 batch=1910/3000 step=1910 repair=0.02112 localization=0.2684 type=1.425 minimal=0.01923 physics=1.821 total=0.2817
[TRAIN train_climax_static_learned_weights_s43] [TRAIN] stage=pretrain epoch=1/1 batch=1920/3000 step=1920 repair=0.004436 localization=0.3151 type=1.901 minimal=0.01866 physics=0.3751 total=0.3845
[TRAIN train_climax_static_learned_weights_s43] [TRAIN] stage=pretrain epoch=1/1 batch=1930/3000 step=1930 repair=0.002542 localization=0.08378 type=0.04916 minimal=0.02034 physics=0.1774 total=0.1658
[TRAIN train_climax_static_learned_weights_s43] [TRAIN] stage=pretrain epoch=1/1 batch=1940/3000 step=1940 repair=0.00268 localization=0.3273 type=1.415 minimal=0.01538 physics=0.3796 total=0.196
[TRAIN train_climax_static_learned_weights_s43] [TRAIN] stage=pretrain epoch=1/1 batch=1950/3000 step=1950 repair=0.00376 localization=0.2795 type=1.089 minimal=0.01602 physics=0.1366 total=0.2836
[TRAIN train_climax_static_learned_weights_s43] [TRAIN] stage=pretrain epoch=1/1 batch=1960/3000 step=1960 repair=0.005002 localization=0.3896 type=1.19 minimal=0.01674 physics=0.2163 total=0.3099
[TRAIN train_climax_static_learned_weights_s43] [TRAIN] stage=pretrain epoch=1/1 batch=1970/3000 step=1970 repair=0.003188 localization=0.02639 type=0.00641 minimal=0.03004 physics=0.2413 total=0.1597
[TRAIN train_climax_static_learned_weights_s43] [TRAIN] stage=pretrain epoch=1/1 batch=1980/3000 step=1980 repair=0.004774 localization=0.2984 type=1.118 minimal=0.0172 physics=0.1406 total=0.2894
[TRAIN train_climax_static_learned_weights_s43] [TRAIN] stage=pretrain epoch=1/1 batch=1990/3000 step=1990 repair=0.00289 localization=0.2906 type=1.251 minimal=0.0164 physics=0.4036 total=0.1774
[TRAIN train_climax_static_learned_weights_s43] [TRAIN] stage=pretrain epoch=1/1 batch=2000/3000 step=2000 repair=0.002077 localization=0.02461 type=0.01389 minimal=0.01794 physics=0.1125 total=0.1526
[TRAIN train_climax_static_learned_weights_s43] [TRAIN] stage=pretrain epoch=1/1 batch=2010/3000 step=2010 repair=0.007438 localization=0.3308 type=1.667 minimal=0.01691 physics=0.1416 total=0.3502
[TRAIN train_climax_static_learned_weights_s43] [TRAIN] stage=pretrain epoch=1/1 batch=2020/3000 step=2020 repair=0.002342 localization=0.2635 type=4.373 minimal=0.01645 physics=0.1639 total=0.6152
[TRAIN train_climax_static_learned_weights_s43] [TRAIN] stage=pretrain epoch=1/1 batch=2030/3000 step=2030 repair=0.003895 localization=0.3149 type=1.636 minimal=0.01674 physics=0.7971 total=0.239
[TRAIN train_climax_static_learned_weights_s43] [TRAIN] stage=pretrain epoch=1/1 batch=2040/3000 step=2040 repair=0.003104 localization=0.2141 type=1.85 minimal=0.01645 physics=0.6181 total=0.2406
[TRAIN train_climax_static_learned_weights_s43] [TRAIN] stage=pretrain epoch=1/1 batch=2050/3000 step=2050 repair=0.00323 localization=0.1828 type=1.818 minimal=0.01862 physics=0.07369 total=0.3456
[TRAIN train_climax_static_learned_weights_s43] [TRAIN] stage=pretrain epoch=1/1 batch=2060/3000 step=2060 repair=0.002922 localization=0.1445 type=0.4649 minimal=0.01897 physics=0.0954 total=0.2096
[TRAIN train_climax_static_learned_weights_s43] [TRAIN] stage=pretrain epoch=1/1 batch=2070/3000 step=2070 repair=0.003038 localization=0.3729 type=1.558 minimal=0.01834 physics=0.1373 total=0.3416
[TRAIN train_climax_static_learned_weights_s43] [TRAIN] stage=pretrain epoch=1/1 batch=2080/3000 step=2080 repair=0.002897 localization=0.3368 type=1.817 minimal=0.01794 physics=0.1949 total=0.3677
[TRAIN train_climax_static_learned_weights_s43] [TRAIN] stage=pretrain epoch=1/1 batch=2090/3000 step=2090 repair=0.001893 localization=0.2381 type=0.8579 minimal=0.01566 physics=0.1158 total=0.2558
[TRAIN train_climax_static_learned_weights_s43] [TRAIN] stage=pretrain epoch=1/1 batch=2100/3000 step=2100 repair=0.009218 localization=0.3562 type=2.25 minimal=0.01991 physics=0.1491 total=0.4136
[TRAIN train_climax_static_learned_weights_s43] [TRAIN] stage=pretrain epoch=1/1 batch=2110/3000 step=2110 repair=0.008204 localization=0.2915 type=1.179 minimal=0.01884 physics=1.196 total=0.2152
[TRAIN train_climax_static_learned_weights_s43] [TRAIN] stage=pretrain epoch=1/1 batch=2120/3000 step=2120 repair=0.004848 localization=0.2255 type=1.202 minimal=0.01653 physics=0.1719 total=0.2924
[TRAIN train_climax_static_learned_weights_s43] [TRAIN] stage=pretrain epoch=1/1 batch=2130/3000 step=2130 repair=0.002 localization=0.02068 type=0.0009125 minimal=0.02492 physics=0.2469 total=0.1576
[TRAIN train_climax_static_learned_weights_s43] [TRAIN] stage=pretrain epoch=1/1 batch=2140/3000 step=2140 repair=0.002968 localization=0.1917 type=2.373 minimal=0.01791 physics=0.1751 total=0.4091
[TRAIN train_climax_static_learned_weights_s43] [TRAIN] stage=pretrain epoch=1/1 batch=2150/3000 step=2150 repair=0.005262 localization=0.3245 type=0.8013 minimal=0.01675 physics=0.1152 total=0.2596
[TRAIN train_climax_static_learned_weights_s43] [TRAIN] stage=pretrain epoch=1/1 batch=2160/3000 step=2160 repair=0.002581 localization=0.2487 type=1.724 minimal=0.01646 physics=0.1906 total=0.3503
[TRAIN train_climax_static_learned_weights_s43] [TRAIN] stage=pretrain epoch=1/1 batch=2170/3000 step=2170 repair=0.002272 localization=0.2466 type=2.209 minimal=0.01706 physics=0.1255 total=0.3926
[TRAIN train_climax_static_learned_weights_s43] [TRAIN] stage=pretrain epoch=1/1 batch=2180/3000 step=2180 repair=0.006314 localization=0.2641 type=1.238 minimal=0.01727 physics=1.024 total=0.2079
[TRAIN train_climax_static_learned_weights_s43] [TRAIN] stage=pretrain epoch=1/1 batch=2190/3000 step=2190 repair=0.001594 localization=0.3125 type=2.188 minimal=0.01496 physics=0.05931 total=0.3946
[TRAIN train_climax_static_learned_weights_s43] [TRAIN] stage=pretrain epoch=1/1 batch=2200/3000 step=2200 repair=0.002837 localization=0.02626 type=9.525e-05 minimal=0.03406 physics=0.456 total=0.1696
[TRAIN train_climax_static_learned_weights_s43] [TRAIN] stage=pretrain epoch=1/1 batch=2210/3000 step=2210 repair=0.006128 localization=0.226 type=1.389 minimal=0.01805 physics=1.031 total=0.2194
[TRAIN train_climax_static_learned_weights_s43] [TRAIN] stage=pretrain epoch=1/1 batch=2220/3000 step=2220 repair=0.004017 localization=0.326 type=1.079 minimal=0.01637 physics=0.6813 total=0.1787
[TRAIN train_climax_static_learned_weights_s43] [TRAIN] stage=pretrain epoch=1/1 batch=2230/3000 step=2230 repair=0.005242 localization=0.02569 type=0.001015 minimal=0.0255 physics=0.3328 total=0.1658
[TRAIN train_climax_static_learned_weights_s43] [TRAIN] stage=pretrain epoch=1/1 batch=2240/3000 step=2240 repair=0.003291 localization=0.03554 type=0.01147 minimal=0.02065 physics=0.2624 total=0.1623
[TRAIN train_climax_static_learned_weights_s43] [TRAIN] stage=pretrain epoch=1/1 batch=2250/3000 step=2250 repair=0.003371 localization=0.2423 type=1.932 minimal=0.01672 physics=0.2171 total=0.3718
[TRAIN train_climax_static_learned_weights_s43] [TRAIN] stage=pretrain epoch=1/1 batch=2260/3000 step=2260 repair=0.002692 localization=0.327 type=1.318 minimal=0.01743 physics=0.1157 total=0.3113
[TRAIN train_climax_static_learned_weights_s43] [TRAIN] stage=pretrain epoch=1/1 batch=2270/3000 step=2270 repair=0.004966 localization=0.2705 type=1.302 minimal=0.0174 physics=0.1358 total=0.3047
[TRAIN train_climax_static_learned_weights_s43] [TRAIN] stage=pretrain epoch=1/1 batch=2280/3000 step=2280 repair=0.00598 localization=0.3947 type=1.101 minimal=0.01558 physics=0.09987 total=0.2962
[TRAIN train_climax_static_learned_weights_s43] [TRAIN] stage=pretrain epoch=1/1 batch=2290/3000 step=2290 repair=0.003486 localization=0.02188 type=0.007347 minimal=0.02225 physics=0.1824 total=0.1565
[TRAIN train_climax_static_learned_weights_s43] [TRAIN] stage=pretrain epoch=1/1 batch=2300/3000 step=2300 repair=0.002594 localization=0.01657 type=0.002265 minimal=0.02287 physics=0.1385 total=0.1524
[TRAIN train_climax_static_learned_weights_s43] [TRAIN] stage=pretrain epoch=1/1 batch=2310/3000 step=2310 repair=0.008438 localization=0.3624 type=0.9199 minimal=0.0192 physics=0.189 total=0.2817
[TRAIN train_climax_static_learned_weights_s43] [TRAIN] stage=pretrain epoch=1/1 batch=2320/3000 step=2320 repair=0.003297 localization=0.03405 type=0.001071 minimal=0.02306 physics=0.1707 total=0.1561
[TRAIN train_climax_static_learned_weights_s43] [TRAIN] stage=pretrain epoch=1/1 batch=2330/3000 step=2330 repair=0.0276 localization=0.3207 type=1.158 minimal=0.01654 physics=2.178 total=0.2845
[TRAIN train_climax_static_learned_weights_s43] [TRAIN] stage=pretrain epoch=1/1 batch=2340/3000 step=2340 repair=0.003028 localization=0.1196 type=0.06783 minimal=0.01677 physics=0.1392 total=0.1692
[TRAIN train_climax_static_learned_weights_s43] [TRAIN] stage=pretrain epoch=1/1 batch=2350/3000 step=2350 repair=0.02405 localization=0.2928 type=1.015 minimal=0.01822 physics=1.981 total=0.2541
[TRAIN train_climax_static_learned_weights_s43] [TRAIN] stage=pretrain epoch=1/1 batch=2360/3000 step=2360 repair=0.002793 localization=0.2323 type=1.32 minimal=0.01913 physics=0.1316 total=0.3033
[TRAIN train_climax_static_learned_weights_s43] [TRAIN] stage=pretrain epoch=1/1 batch=2370/3000 step=2370 repair=0.002532 localization=0.4432 type=1.321 minimal=0.01729 physics=0.1147 total=0.3233
[TRAIN train_climax_static_learned_weights_s43] [TRAIN] stage=pretrain epoch=1/1 batch=2380/3000 step=2380 repair=0.00309 localization=0.2386 type=2.015 minimal=0.01678 physics=0.1729 total=0.3779
[TRAIN train_climax_static_learned_weights_s43] [TRAIN] stage=pretrain epoch=1/1 batch=2390/3000 step=2390 repair=0.002265 localization=0.2262 type=1.168 minimal=0.01697 physics=0.09553 total=0.285
[TRAIN train_climax_static_learned_weights_s43] [TRAIN] stage=pretrain epoch=1/1 batch=2400/3000 step=2400 repair=0.008399 localization=0.348 type=1.056 minimal=0.01639 physics=1.197 total=0.2088
[TRAIN train_climax_static_learned_weights_s43] [TRAIN] stage=pretrain epoch=1/1 batch=2410/3000 step=2410 repair=0.00565 localization=0.2301 type=1.508 minimal=0.0175 physics=0.2993 total=0.3299
[TRAIN train_climax_static_learned_weights_s43] [TRAIN] stage=pretrain epoch=1/1 batch=2420/3000 step=2420 repair=0.001857 localization=0.3134 type=1.386 minimal=0.01572 physics=0.07491 total=0.314
[TRAIN train_climax_static_learned_weights_s43] [TRAIN] stage=pretrain epoch=1/1 batch=2430/3000 step=2430 repair=0.003282 localization=0.1612 type=2.777 minimal=0.01759 physics=0.1008 total=0.4428
[TRAIN train_climax_static_learned_weights_s43] [TRAIN] stage=pretrain epoch=1/1 batch=2440/3000 step=2440 repair=0.006307 localization=0.2373 type=1.359 minimal=0.017 physics=0.3525 total=0.3244
[TRAIN train_climax_static_learned_weights_s43] [TRAIN] stage=pretrain epoch=1/1 batch=2450/3000 step=2450 repair=0.002963 localization=0.3779 type=0.6238 minimal=0.0151 physics=0.4987 total=0.2688
[TRAIN train_climax_static_learned_weights_s43] [TRAIN] stage=pretrain epoch=1/1 batch=2460/3000 step=2460 repair=0.003064 localization=0.3922 type=2.849 minimal=0.01682 physics=0.6356 total=0.3591
[TRAIN train_climax_static_learned_weights_s43] [TRAIN] stage=pretrain epoch=1/1 batch=2470/3000 step=2470 repair=0.02748 localization=0.4072 type=1.751 minimal=0.0218 physics=2.45 total=0.366
[TRAIN train_climax_static_learned_weights_s43] [TRAIN] stage=pretrain epoch=1/1 batch=2480/3000 step=2480 repair=0.002675 localization=0.3118 type=1.41 minimal=0.01878 physics=0.138 total=0.3202
[TRAIN train_climax_static_learned_weights_s43] [TRAIN] stage=pretrain epoch=1/1 batch=2490/3000 step=2490 repair=0.03087 localization=0.4072 type=1.396 minimal=0.01863 physics=2.147 total=0.3187
[TRAIN train_climax_static_learned_weights_s43] [TRAIN] stage=pretrain epoch=1/1 batch=2500/3000 step=2500 repair=0.00181 localization=0.2496 type=1.264 minimal=0.01642 physics=0.05285 total=0.2942
[TRAIN train_climax_static_learned_weights_s43] [TRAIN] stage=pretrain epoch=1/1 batch=2510/3000 step=2510 repair=0.002837 localization=0.05182 type=0.03634 minimal=0.0168 physics=0.1105 total=0.1581
[TRAIN train_climax_static_learned_weights_s43] [TRAIN] stage=pretrain epoch=1/1 batch=2520/3000 step=2520 repair=0.01663 localization=0.2495 type=1.4 minimal=0.01755 physics=0.8818 total=0.3661
[TRAIN train_climax_static_learned_weights_s43] [TRAIN] stage=pretrain epoch=1/1 batch=2530/3000 step=2530 repair=0.004057 localization=0.1725 type=1.666 minimal=0.01601 physics=0.07611 total=0.3274
[TRAIN train_climax_static_learned_weights_s43] [TRAIN] stage=pretrain epoch=1/1 batch=2540/3000 step=2540 repair=0.003446 localization=0.1274 type=0.9401 minimal=0.01711 physics=0.1631 total=0.2591
[TRAIN train_climax_static_learned_weights_s43] [TRAIN] stage=pretrain epoch=1/1 batch=2550/3000 step=2550 repair=0.003253 localization=0.3468 type=1.251 minimal=0.01729 physics=0.5206 total=0.3294
[TRAIN train_climax_static_learned_weights_s43] [TRAIN] stage=pretrain epoch=1/1 batch=2560/3000 step=2560 repair=0.002666 localization=0.2434 type=1.501 minimal=0.01639 physics=0.1431 total=0.3247
[TRAIN train_climax_static_learned_weights_s43] [TRAIN] stage=pretrain epoch=1/1 batch=2570/3000 step=2570 repair=0.002351 localization=0.01724 type=0.001554 minimal=0.021 physics=0.1546 total=0.1528
[TRAIN train_climax_static_learned_weights_s43] [TRAIN] stage=pretrain epoch=1/1 batch=2580/3000 step=2580 repair=0.01947 localization=0.2564 type=1.078 minimal=0.01634 physics=1.69 total=0.2376
[TRAIN train_climax_static_learned_weights_s43] [TRAIN] stage=pretrain epoch=1/1 batch=2590/3000 step=2590 repair=0.003598 localization=0.2178 type=1.327 minimal=0.01576 physics=0.1584 total=0.3016
[TRAIN train_climax_static_learned_weights_s43] [TRAIN] stage=pretrain epoch=1/1 batch=2600/3000 step=2600 repair=0.002145 localization=0.19 type=0.9453 minimal=0.01656 physics=0.276 total=0.1296
[TRAIN train_climax_static_learned_weights_s43] [TRAIN] stage=pretrain epoch=1/1 batch=2610/3000 step=2610 repair=0.001735 localization=0.2585 type=1.134 minimal=0.01677 physics=0.08439 total=0.2836
[TRAIN train_climax_static_learned_weights_s43] [TRAIN] stage=pretrain epoch=1/1 batch=2620/3000 step=2620 repair=0.004646 localization=0.2035 type=1.578 minimal=0.01654 physics=0.8327 total=0.2246
[TRAIN train_climax_static_learned_weights_s43] [TRAIN] stage=pretrain epoch=1/1 batch=2630/3000 step=2630 repair=0.004888 localization=0.2017 type=1.646 minimal=0.01747 physics=0.1047 total=0.3307
[TRAIN train_climax_static_learned_weights_s43] [TRAIN] stage=pretrain epoch=1/1 batch=2640/3000 step=2640 repair=0.003882 localization=0.3873 type=1.312 minimal=0.01703 physics=0.08916 total=0.3139
[TRAIN train_climax_static_learned_weights_s43] [TRAIN] stage=pretrain epoch=1/1 batch=2650/3000 step=2650 repair=0.002439 localization=0.05167 type=0.0006623 minimal=0.01965 physics=0.1329 total=0.1553
[TRAIN train_climax_static_learned_weights_s43] [TRAIN] stage=pretrain epoch=1/1 batch=2660/3000 step=2660 repair=0.003645 localization=0.292 type=1.543 minimal=0.01871 physics=0.1276 total=0.3339
[TRAIN train_climax_static_learned_weights_s43] [TRAIN] stage=pretrain epoch=1/1 batch=2670/3000 step=2670 repair=0.001523 localization=0.1936 type=1.067 minimal=0.01445 physics=0.1012 total=0.2709
[TRAIN train_climax_static_learned_weights_s43] [TRAIN] stage=pretrain epoch=1/1 batch=2680/3000 step=2680 repair=0.001991 localization=0.07449 type=0.0007973 minimal=0.01735 physics=0.09247 total=0.1551
[TRAIN train_climax_static_learned_weights_s43] [TRAIN] stage=pretrain epoch=1/1 batch=2690/3000 step=2690 repair=0.006777 localization=0.2136 type=1.276 minimal=0.02065 physics=0.1544 total=0.2992
[TRAIN train_climax_static_learned_weights_s43] [TRAIN] stage=pretrain epoch=1/1 batch=2700/3000 step=2700 repair=0.005031 localization=0.3258 type=1.479 minimal=0.01715 physics=0.736 total=0.2224
[TRAIN train_climax_static_learned_weights_s43] [TRAIN] stage=pretrain epoch=1/1 batch=2710/3000 step=2710 repair=0.001394 localization=0.2287 type=1.884 minimal=0.01466 physics=0.07197 total=0.3547
[TRAIN train_climax_static_learned_weights_s43] [TRAIN] stage=pretrain epoch=1/1 batch=2720/3000 step=2720 repair=0.002956 localization=0.3645 type=0.926 minimal=0.017 physics=0.2386 total=0.2842
[TRAIN train_climax_static_learned_weights_s43] [TRAIN] stage=pretrain epoch=1/1 batch=2730/3000 step=2730 repair=0.003413 localization=0.08702 type=0.000296 minimal=0.01978 physics=0.08338 total=0.1572
[TRAIN train_climax_static_learned_weights_s43] [TRAIN] stage=pretrain epoch=1/1 batch=2740/3000 step=2740 repair=0.002767 localization=0.3883 type=2.816 minimal=0.01675 physics=0.06453 total=0.4651
[TRAIN train_climax_static_learned_weights_s43] [TRAIN] stage=pretrain epoch=1/1 batch=2750/3000 step=2750 repair=0.005869 localization=0.2555 type=1.56 minimal=0.01466 physics=1.112 total=0.2432
[TRAIN train_climax_static_learned_weights_s43] [TRAIN] stage=pretrain epoch=1/1 batch=2760/3000 step=2760 repair=0.016 localization=0.3617 type=1.01 minimal=0.01637 physics=0.4601 total=0.3117
[TRAIN train_climax_static_learned_weights_s43] [TRAIN] stage=pretrain epoch=1/1 batch=2770/3000 step=2770 repair=0.002222 localization=0.2933 type=2 minimal=0.01747 physics=0.1227 total=0.3764
[TRAIN train_climax_static_learned_weights_s43] [TRAIN] stage=pretrain epoch=1/1 batch=2780/3000 step=2780 repair=0.002167 localization=0.01749 type=0.00073 minimal=0.02257 physics=0.226 total=0.1561
[TRAIN train_climax_static_learned_weights_s43] [TRAIN] stage=pretrain epoch=1/1 batch=2790/3000 step=2790 repair=0.003963 localization=0.3644 type=1.043 minimal=0.01782 physics=0.2129 total=0.2909
[TRAIN train_climax_static_learned_weights_s43] [TRAIN] stage=pretrain epoch=1/1 batch=2800/3000 step=2800 repair=0.02501 localization=0.2627 type=1.694 minimal=0.01788 physics=2.042 total=0.3229
[TRAIN train_climax_static_learned_weights_s43] [TRAIN] stage=pretrain epoch=1/1 batch=2810/3000 step=2810 repair=0.001789 localization=0.01893 type=0.004073 minimal=0.01993 physics=0.2358 total=0.1567
[TRAIN train_climax_static_learned_weights_s43] [TRAIN] stage=pretrain epoch=1/1 batch=2820/3000 step=2820 repair=0.001851 localization=0.3228 type=1.302 minimal=0.01541 physics=0.08429 total=0.3073
[TRAIN train_climax_static_learned_weights_s43] [TRAIN] stage=pretrain epoch=1/1 batch=2830/3000 step=2830 repair=0.006679 localization=0.3426 type=1.448 minimal=0.01691 physics=0.07771 total=0.3251
[TRAIN train_climax_static_learned_weights_s43] [TRAIN] stage=pretrain epoch=1/1 batch=2840/3000 step=2840 repair=0.001662 localization=0.2525 type=1.67 minimal=0.01519 physics=0.1182 total=0.3386
[TRAIN train_climax_static_learned_weights_s43] [TRAIN] stage=pretrain epoch=1/1 batch=2850/3000 step=2850 repair=0.007715 localization=0.3606 type=1.228 minimal=0.01525 physics=1.329 total=0.2332
[TRAIN train_climax_static_learned_weights_s43] [TRAIN] stage=pretrain epoch=1/1 batch=2860/3000 step=2860 repair=0.002841 localization=0.3153 type=0.936 minimal=0.01464 physics=0.2566 total=0.281
[TRAIN train_climax_static_learned_weights_s43] [TRAIN] stage=pretrain epoch=1/1 batch=2870/3000 step=2870 repair=0.01111 localization=0.4953 type=2.302 minimal=0.01527 physics=0.2898 total=0.4409
[TRAIN train_climax_static_learned_weights_s43] [TRAIN] stage=pretrain epoch=1/1 batch=2880/3000 step=2880 repair=0.01535 localization=0.3161 type=0.9067 minimal=0.01645 physics=0.8711 total=0.3213
[TRAIN train_climax_static_learned_weights_s43] [TRAIN] stage=pretrain epoch=1/1 batch=2890/3000 step=2890 repair=0.008005 localization=0.2771 type=1.189 minimal=0.01857 physics=1.286 total=0.2191
[TRAIN train_climax_static_learned_weights_s43] [TRAIN] stage=pretrain epoch=1/1 batch=2900/3000 step=2900 repair=0.004361 localization=0.3154 type=1.152 minimal=0.01779 physics=0.6855 total=0.1855
[TRAIN train_climax_static_learned_weights_s43] [TRAIN] stage=pretrain epoch=1/1 batch=2910/3000 step=2910 repair=0.004862 localization=0.2901 type=1.122 minimal=0.01729 physics=0.1296 total=0.2882
[TRAIN train_climax_static_learned_weights_s43] [TRAIN] stage=pretrain epoch=1/1 batch=2920/3000 step=2920 repair=0.00512 localization=0.2795 type=0.991 minimal=0.01441 physics=0.05329 total=0.2704
[TRAIN train_climax_static_learned_weights_s43] [TRAIN] stage=pretrain epoch=1/1 batch=2930/3000 step=2930 repair=0.008224 localization=0.3222 type=1.352 minimal=0.01505 physics=1.348 total=0.2431
[TRAIN train_climax_static_learned_weights_s43] [TRAIN] stage=pretrain epoch=1/1 batch=2940/3000 step=2940 repair=0.02095 localization=0.2189 type=1.214 minimal=0.01517 physics=1.79 total=0.2539
[TRAIN train_climax_static_learned_weights_s43] [TRAIN] stage=pretrain epoch=1/1 batch=2950/3000 step=2950 repair=0.02736 localization=0.2515 type=1.176 minimal=0.01799 physics=1.964 total=0.2685
[TRAIN train_climax_static_learned_weights_s43] [TRAIN] stage=pretrain epoch=1/1 batch=2960/3000 step=2960 repair=0.009248 localization=0.3001 type=1.242 minimal=0.01759 physics=1.236 total=0.2254
[TRAIN train_climax_static_learned_weights_s43] [TRAIN] stage=pretrain epoch=1/1 batch=2970/3000 step=2970 repair=0.001481 localization=0.01513 type=0.0005717 minimal=0.01551 physics=0.1155 total=0.1492
[TRAIN train_climax_static_learned_weights_s43] [TRAIN] stage=pretrain epoch=1/1 batch=2980/3000 step=2980 repair=0.006839 localization=0.4679 type=2.39 minimal=0.01547 physics=0.09304 total=0.4327
[TRAIN train_climax_static_learned_weights_s43] [TRAIN] stage=pretrain epoch=1/1 batch=2990/3000 step=2990 repair=0.001296 localization=0.3273 type=2.033 minimal=0.01385 physics=0.2138 total=0.3872
[TRAIN train_climax_static_learned_weights_s43] [TRAIN] stage=pretrain epoch=1/1 batch=3000/3000 step=3000 repair=0.002159 localization=0.3373 type=1.654 minimal=0.01747 physics=0.1844 total=0.3498
[TRAIN train_climax_static_learned_weights_s43] [EPOCH] {'stage': 'pretrain', 'epoch': 0, 'global_step': 3000, 'train_total': 0.31056451427688203, 'val_repair_mse': 0.1298878686502576, 'elapsed_seconds': 1664.58}
[TRAIN train_climax_static_learned_weights_s43] [BEST] val_repair_mse=0.129888
[TRAIN train_climax_static_learned_weights_s43] [STAGE] finetune epochs=1 start_epoch=0
[TRAIN train_climax_static_learned_weights_s43] [TRAIN] stage=finetune epoch=1/1 batch=10/3000 step=3010 repair=0.1461 localization=0 type=0 minimal=0.03351 physics=0.5434 total=0.1736
[TRAIN train_climax_static_learned_weights_s43] [TRAIN] stage=finetune epoch=1/1 batch=20/3000 step=3020 repair=0.1733 localization=0 type=0 minimal=0.03111 physics=0.6665 total=0.2069
[TRAIN train_climax_static_learned_weights_s43] [TRAIN] stage=finetune epoch=1/1 batch=30/3000 step=3030 repair=0.1163 localization=0 type=0 minimal=0.03183 physics=0.7989 total=0.1566
[TRAIN train_climax_static_learned_weights_s43] [TRAIN] stage=finetune epoch=1/1 batch=40/3000 step=3040 repair=0.09042 localization=0 type=0 minimal=0.03354 physics=0.5202 total=0.1168
[TRAIN train_climax_static_learned_weights_s43] [TRAIN] stage=finetune epoch=1/1 batch=50/3000 step=3050 repair=0.1176 localization=0 type=0 minimal=0.03967 physics=0.5485 total=0.1454
[TRAIN train_climax_static_learned_weights_s43] [TRAIN] stage=finetune epoch=1/1 batch=60/3000 step=3060 repair=0.08605 localization=0 type=0 minimal=0.03891 physics=0.5466 total=0.1138
[TRAIN train_climax_static_learned_weights_s43] [TRAIN] stage=finetune epoch=1/1 batch=70/3000 step=3070 repair=0.1223 localization=0 type=0 minimal=0.03818 physics=0.6309 total=0.1542
[TRAIN train_climax_static_learned_weights_s43] [TRAIN] stage=finetune epoch=1/1 batch=80/3000 step=3080 repair=0.1172 localization=0 type=0 minimal=0.03537 physics=0.6192 total=0.1485
[TRAIN train_climax_static_learned_weights_s43] [TRAIN] stage=finetune epoch=1/1 batch=90/3000 step=3090 repair=0.07926 localization=0 type=0 minimal=0.03793 physics=0.584 total=0.1088
[TRAIN train_climax_static_learned_weights_s43] [TRAIN] stage=finetune epoch=1/1 batch=100/3000 step=3100 repair=0.08059 localization=0 type=0 minimal=0.04156 physics=0.4808 total=0.105
[TRAIN train_climax_static_learned_weights_s43] [TRAIN] stage=finetune epoch=1/1 batch=110/3000 step=3110 repair=0.1246 localization=0 type=0 minimal=0.04276 physics=0.5742 total=0.1538
[TRAIN train_climax_static_learned_weights_s43] [TRAIN] stage=finetune epoch=1/1 batch=120/3000 step=3120 repair=0.1213 localization=0 type=0 minimal=0.04266 physics=0.6313 total=0.1533
[TRAIN train_climax_static_learned_weights_s43] [TRAIN] stage=finetune epoch=1/1 batch=130/3000 step=3130 repair=0.1503 localization=0 type=0 minimal=0.04041 physics=0.5492 total=0.1782
[TRAIN train_climax_static_learned_weights_s43] [TRAIN] stage=finetune epoch=1/1 batch=140/3000 step=3140 repair=0.1271 localization=0 type=0 minimal=0.03766 physics=0.5387 total=0.1544
[TRAIN train_climax_static_learned_weights_s43] [TRAIN] stage=finetune epoch=1/1 batch=150/3000 step=3150 repair=0.1696 localization=0 type=0 minimal=0.04169 physics=0.6151 total=0.2008
[TRAIN train_climax_static_learned_weights_s43] [TRAIN] stage=finetune epoch=1/1 batch=160/3000 step=3160 repair=0.1591 localization=0 type=0 minimal=0.0386 physics=0.6285 total=0.1909
[TRAIN train_climax_static_learned_weights_s43] [TRAIN] stage=finetune epoch=1/1 batch=170/3000 step=3170 repair=0.08166 localization=0 type=0 minimal=0.04123 physics=0.4934 total=0.1067
[TRAIN train_climax_static_learned_weights_s43] [TRAIN] stage=finetune epoch=1/1 batch=180/3000 step=3180 repair=0.1245 localization=0 type=0 minimal=0.04172 physics=0.6006 total=0.155
[TRAIN train_climax_static_learned_weights_s43] [TRAIN] stage=finetune epoch=1/1 batch=190/3000 step=3190 repair=0.0988 localization=0 type=0 minimal=0.03992 physics=0.5618 total=0.1273
[TRAIN train_climax_static_learned_weights_s43] [TRAIN] stage=finetune epoch=1/1 batch=200/3000 step=3200 repair=0.1636 localization=0 type=0 minimal=0.04559 physics=0.7905 total=0.2036
[TRAIN train_climax_static_learned_weights_s43] [TRAIN] stage=finetune epoch=1/1 batch=210/3000 step=3210 repair=0.07907 localization=0 type=0 minimal=0.04028 physics=0.5144 total=0.1052
[TRAIN train_climax_static_learned_weights_s43] [TRAIN] stage=finetune epoch=1/1 batch=220/3000 step=3220 repair=0.1502 localization=0 type=0 minimal=0.0462 physics=0.5499 total=0.1782
[TRAIN train_climax_static_learned_weights_s43] [TRAIN] stage=finetune epoch=1/1 batch=230/3000 step=3230 repair=0.08519 localization=0 type=0 minimal=0.0401 physics=0.6233 total=0.1168
[TRAIN train_climax_static_learned_weights_s43] [TRAIN] stage=finetune epoch=1/1 batch=240/3000 step=3240 repair=0.1295 localization=0 type=0 minimal=0.04245 physics=0.5259 total=0.1562
[TRAIN train_climax_static_learned_weights_s43] [TRAIN] stage=finetune epoch=1/1 batch=250/3000 step=3250 repair=0.09213 localization=0 type=0 minimal=0.04141 physics=0.4989 total=0.1175
[TRAIN train_climax_static_learned_weights_s43] [TRAIN] stage=finetune epoch=1/1 batch=260/3000 step=3260 repair=0.1523 localization=0 type=0 minimal=0.0463 physics=0.5715 total=0.1813
[TRAIN train_climax_static_learned_weights_s43] [TRAIN] stage=finetune epoch=1/1 batch=270/3000 step=3270 repair=0.1609 localization=0 type=0 minimal=0.04248 physics=0.7404 total=0.1984
[TRAIN train_climax_static_learned_weights_s43] [TRAIN] stage=finetune epoch=1/1 batch=280/3000 step=3280 repair=0.1193 localization=0 type=0 minimal=0.04758 physics=0.5528 total=0.1474
[TRAIN train_climax_static_learned_weights_s43] [TRAIN] stage=finetune epoch=1/1 batch=290/3000 step=3290 repair=0.08494 localization=0 type=0 minimal=0.04294 physics=0.5078 total=0.1108
[TRAIN train_climax_static_learned_weights_s43] [TRAIN] stage=finetune epoch=1/1 batch=300/3000 step=3300 repair=0.07722 localization=0 type=0 minimal=0.04309 physics=0.5354 total=0.1044
[TRAIN train_climax_static_learned_weights_s43] [TRAIN] stage=finetune epoch=1/1 batch=310/3000 step=3310 repair=0.08345 localization=0 type=0 minimal=0.04114 physics=0.5729 total=0.1125
[TRAIN train_climax_static_learned_weights_s43] [TRAIN] stage=finetune epoch=1/1 batch=320/3000 step=3320 repair=0.119 localization=0 type=0 minimal=0.04553 physics=0.6094 total=0.1499
[TRAIN train_climax_static_learned_weights_s43] [TRAIN] stage=finetune epoch=1/1 batch=330/3000 step=3330 repair=0.126 localization=0 type=0 minimal=0.04547 physics=0.5355 total=0.1532
[TRAIN train_climax_static_learned_weights_s43] [TRAIN] stage=finetune epoch=1/1 batch=340/3000 step=3340 repair=0.1337 localization=0 type=0 minimal=0.05035 physics=0.5204 total=0.1602
[TRAIN train_climax_static_learned_weights_s43] [TRAIN] stage=finetune epoch=1/1 batch=350/3000 step=3350 repair=0.1146 localization=0 type=0 minimal=0.04572 physics=0.5208 total=0.1411
[TRAIN train_climax_static_learned_weights_s43] [TRAIN] stage=finetune epoch=1/1 batch=360/3000 step=3360 repair=0.1319 localization=0 type=0 minimal=0.04126 physics=0.5969 total=0.1621
[TRAIN train_climax_static_learned_weights_s43] [TRAIN] stage=finetune epoch=1/1 batch=370/3000 step=3370 repair=0.1305 localization=0 type=0 minimal=0.04877 physics=0.6955 total=0.1657
[TRAIN train_climax_static_learned_weights_s43] [TRAIN] stage=finetune epoch=1/1 batch=380/3000 step=3380 repair=0.08693 localization=0 type=0 minimal=0.04797 physics=0.4911 total=0.112
[TRAIN train_climax_static_learned_weights_s43] [TRAIN] stage=finetune epoch=1/1 batch=390/3000 step=3390 repair=0.07754 localization=0 type=0 minimal=0.04724 physics=0.5867 total=0.1073
[TRAIN train_climax_static_learned_weights_s43] [TRAIN] stage=finetune epoch=1/1 batch=400/3000 step=3400 repair=0.0844 localization=0 type=0 minimal=0.0441 physics=0.4674 total=0.1082
[TRAIN train_climax_static_learned_weights_s43] [TRAIN] stage=finetune epoch=1/1 batch=410/3000 step=3410 repair=0.1298 localization=0 type=0 minimal=0.04785 physics=0.5911 total=0.1599
[TRAIN train_climax_static_learned_weights_s43] [TRAIN] stage=finetune epoch=1/1 batch=420/3000 step=3420 repair=0.1519 localization=0 type=0 minimal=0.04642 physics=0.7885 total=0.1917
[TRAIN train_climax_static_learned_weights_s43] [TRAIN] stage=finetune epoch=1/1 batch=430/3000 step=3430 repair=0.1731 localization=0 type=0 minimal=0.047 physics=0.5606 total=0.2016
[TRAIN train_climax_static_learned_weights_s43] [TRAIN] stage=finetune epoch=1/1 batch=440/3000 step=3440 repair=0.1121 localization=0 type=0 minimal=0.04132 physics=0.6055 total=0.1428
[TRAIN train_climax_static_learned_weights_s43] [TRAIN] stage=finetune epoch=1/1 batch=450/3000 step=3450 repair=0.08282 localization=0 type=0 minimal=0.04831 physics=0.5775 total=0.1122
[TRAIN train_climax_static_learned_weights_s43] [TRAIN] stage=finetune epoch=1/1 batch=460/3000 step=3460 repair=0.09125 localization=0 type=0 minimal=0.04846 physics=0.5478 total=0.1191
[TRAIN train_climax_static_learned_weights_s43] [TRAIN] stage=finetune epoch=1/1 batch=470/3000 step=3470 repair=0.1203 localization=0 type=0 minimal=0.04648 physics=0.6012 total=0.1508
[TRAIN train_climax_static_learned_weights_s43] [TRAIN] stage=finetune epoch=1/1 batch=480/3000 step=3480 repair=0.09226 localization=0 type=0 minimal=0.04474 physics=0.507 total=0.1181
[TRAIN train_climax_static_learned_weights_s43] [TRAIN] stage=finetune epoch=1/1 batch=490/3000 step=3490 repair=0.1692 localization=0 type=0 minimal=0.05246 physics=0.5365 total=0.1966
[TRAIN train_climax_static_learned_weights_s43] [TRAIN] stage=finetune epoch=1/1 batch=500/3000 step=3500 repair=0.1192 localization=0 type=0 minimal=0.04794 physics=0.4806 total=0.1437
[TRAIN train_climax_static_learned_weights_s43] [TRAIN] stage=finetune epoch=1/1 batch=510/3000 step=3510 repair=0.1235 localization=0 type=0 minimal=0.05161 physics=0.5061 total=0.1493
[TRAIN train_climax_static_learned_weights_s43] [TRAIN] stage=finetune epoch=1/1 batch=520/3000 step=3520 repair=0.09161 localization=0 type=0 minimal=0.05029 physics=0.4617 total=0.1152
[TRAIN train_climax_static_learned_weights_s43] [TRAIN] stage=finetune epoch=1/1 batch=530/3000 step=3530 repair=0.07376 localization=0 type=0 minimal=0.04587 physics=0.4822 total=0.09833
[TRAIN train_climax_static_learned_weights_s43] [TRAIN] stage=finetune epoch=1/1 batch=540/3000 step=3540 repair=0.1729 localization=0 type=0 minimal=0.05353 physics=0.5527 total=0.2011
[TRAIN train_climax_static_learned_weights_s43] [TRAIN] stage=finetune epoch=1/1 batch=550/3000 step=3550 repair=0.1294 localization=0 type=0 minimal=0.04919 physics=0.5297 total=0.1564
[TRAIN train_climax_static_learned_weights_s43] [TRAIN] stage=finetune epoch=1/1 batch=560/3000 step=3560 repair=0.1508 localization=0 type=0 minimal=0.05255 physics=0.5966 total=0.1812
[TRAIN train_climax_static_learned_weights_s43] [TRAIN] stage=finetune epoch=1/1 batch=570/3000 step=3570 repair=0.0816 localization=0 type=0 minimal=0.04501 physics=0.4547 total=0.1048
[TRAIN train_climax_static_learned_weights_s43] [TRAIN] stage=finetune epoch=1/1 batch=580/3000 step=3580 repair=0.1208 localization=0 type=0 minimal=0.04803 physics=0.5852 total=0.1505
[TRAIN train_climax_static_learned_weights_s43] [TRAIN] stage=finetune epoch=1/1 batch=590/3000 step=3590 repair=0.1229 localization=0 type=0 minimal=0.05298 physics=0.5984 total=0.1534
[TRAIN train_climax_static_learned_weights_s43] [TRAIN] stage=finetune epoch=1/1 batch=600/3000 step=3600 repair=0.1183 localization=0 type=0 minimal=0.04944 physics=0.5558 total=0.1465
[TRAIN train_climax_static_learned_weights_s43] [TRAIN] stage=finetune epoch=1/1 batch=610/3000 step=3610 repair=0.1175 localization=0 type=0 minimal=0.048 physics=0.5363 total=0.1448
[TRAIN train_climax_static_learned_weights_s43] [TRAIN] stage=finetune epoch=1/1 batch=620/3000 step=3620 repair=0.08784 localization=0 type=0 minimal=0.05222 physics=0.5971 total=0.1182
[TRAIN train_climax_static_learned_weights_s43] [TRAIN] stage=finetune epoch=1/1 batch=630/3000 step=3630 repair=0.0919 localization=0 type=0 minimal=0.0502 physics=0.6207 total=0.1234
[TRAIN train_climax_static_learned_weights_s43] [TRAIN] stage=finetune epoch=1/1 batch=640/3000 step=3640 repair=0.1265 localization=0 type=0 minimal=0.04825 physics=0.5716 total=0.1556
[TRAIN train_climax_static_learned_weights_s43] [TRAIN] stage=finetune epoch=1/1 batch=650/3000 step=3650 repair=0.1269 localization=0 type=0 minimal=0.0571 physics=0.5107 total=0.153
[TRAIN train_climax_static_learned_weights_s43] [TRAIN] stage=finetune epoch=1/1 batch=660/3000 step=3660 repair=0.1307 localization=0 type=0 minimal=0.05252 physics=0.5724 total=0.1599
[TRAIN train_climax_static_learned_weights_s43] [TRAIN] stage=finetune epoch=1/1 batch=670/3000 step=3670 repair=0.09216 localization=0 type=0 minimal=0.05173 physics=0.6209 total=0.1237
[TRAIN train_climax_static_learned_weights_s43] [TRAIN] stage=finetune epoch=1/1 batch=680/3000 step=3680 repair=0.08214 localization=0 type=0 minimal=0.05127 physics=0.5082 total=0.1081
[TRAIN train_climax_static_learned_weights_s43] [TRAIN] stage=finetune epoch=1/1 batch=690/3000 step=3690 repair=0.1097 localization=0 type=0 minimal=0.05463 physics=0.4953 total=0.135
[TRAIN train_climax_static_learned_weights_s43] [TRAIN] stage=finetune epoch=1/1 batch=700/3000 step=3700 repair=0.1089 localization=0 type=0 minimal=0.05392 physics=0.4601 total=0.1325
[TRAIN train_climax_static_learned_weights_s43] [TRAIN] stage=finetune epoch=1/1 batch=710/3000 step=3710 repair=0.1594 localization=0 type=0 minimal=0.05911 physics=0.4954 total=0.1848
[TRAIN train_climax_static_learned_weights_s43] [TRAIN] stage=finetune epoch=1/1 batch=720/3000 step=3720 repair=0.07862 localization=0 type=0 minimal=0.05408 physics=0.4711 total=0.1027
[TRAIN train_climax_static_learned_weights_s43] [TRAIN] stage=finetune epoch=1/1 batch=730/3000 step=3730 repair=0.1211 localization=0 type=0 minimal=0.0517 physics=0.5035 total=0.1468
[TRAIN train_climax_static_learned_weights_s43] [TRAIN] stage=finetune epoch=1/1 batch=740/3000 step=3740 repair=0.0919 localization=0 type=0 minimal=0.04965 physics=0.475 total=0.1161
[TRAIN train_climax_static_learned_weights_s43] [TRAIN] stage=finetune epoch=1/1 batch=750/3000 step=3750 repair=0.1302 localization=0 type=0 minimal=0.05045 physics=0.5716 total=0.1593
[TRAIN train_climax_static_learned_weights_s43] [TRAIN] stage=finetune epoch=1/1 batch=760/3000 step=3760 repair=0.1224 localization=0 type=0 minimal=0.05728 physics=0.4915 total=0.1475
[TRAIN train_climax_static_learned_weights_s43] [TRAIN] stage=finetune epoch=1/1 batch=770/3000 step=3770 repair=0.08567 localization=0 type=0 minimal=0.05206 physics=0.4711 total=0.1097
[TRAIN train_climax_static_learned_weights_s43] [TRAIN] stage=finetune epoch=1/1 batch=780/3000 step=3780 repair=0.1265 localization=0 type=0 minimal=0.05585 physics=0.6993 total=0.162
[TRAIN train_climax_static_learned_weights_s43] [TRAIN] stage=finetune epoch=1/1 batch=790/3000 step=3790 repair=0.08033 localization=0 type=0 minimal=0.05521 physics=0.4667 total=0.1042
[TRAIN train_climax_static_learned_weights_s43] [TRAIN] stage=finetune epoch=1/1 batch=800/3000 step=3800 repair=0.1125 localization=0 type=0 minimal=0.05878 physics=0.454 total=0.1358
[TRAIN train_climax_static_learned_weights_s43] [TRAIN] stage=finetune epoch=1/1 batch=810/3000 step=3810 repair=0.08156 localization=0 type=0 minimal=0.05377 physics=0.599 total=0.1121
[TRAIN train_climax_static_learned_weights_s43] [TRAIN] stage=finetune epoch=1/1 batch=820/3000 step=3820 repair=0.1293 localization=0 type=0 minimal=0.05206 physics=0.5565 total=0.1576
[TRAIN train_climax_static_learned_weights_s43] [TRAIN] stage=finetune epoch=1/1 batch=830/3000 step=3830 repair=0.08977 localization=0 type=0 minimal=0.05453 physics=0.5455 total=0.1176
[TRAIN train_climax_static_learned_weights_s43] [TRAIN] stage=finetune epoch=1/1 batch=840/3000 step=3840 repair=0.1149 localization=0 type=0 minimal=0.05444 physics=0.5594 total=0.1434
[TRAIN train_climax_static_learned_weights_s43] [TRAIN] stage=finetune epoch=1/1 batch=850/3000 step=3850 repair=0.1248 localization=0 type=0 minimal=0.05457 physics=0.5043 total=0.1505
[TRAIN train_climax_static_learned_weights_s43] [TRAIN] stage=finetune epoch=1/1 batch=860/3000 step=3860 repair=0.07117 localization=0 type=0 minimal=0.05551 physics=0.5159 total=0.09752
[TRAIN train_climax_static_learned_weights_s43] [TRAIN] stage=finetune epoch=1/1 batch=870/3000 step=3870 repair=0.08849 localization=0 type=0 minimal=0.05466 physics=0.5333 total=0.1157
[TRAIN train_climax_static_learned_weights_s43] [TRAIN] stage=finetune epoch=1/1 batch=880/3000 step=3880 repair=0.1041 localization=0 type=0 minimal=0.0513 physics=0.5081 total=0.13
[TRAIN train_climax_static_learned_weights_s43] [TRAIN] stage=finetune epoch=1/1 batch=890/3000 step=3890 repair=0.1579 localization=0 type=0 minimal=0.04965 physics=0.6094 total=0.1889
[TRAIN train_climax_static_learned_weights_s43] [TRAIN] stage=finetune epoch=1/1 batch=900/3000 step=3900 repair=0.1491 localization=0 type=0 minimal=0.05426 physics=0.6295 total=0.1811
[TRAIN train_climax_static_learned_weights_s43] [TRAIN] stage=finetune epoch=1/1 batch=910/3000 step=3910 repair=0.08756 localization=0 type=0 minimal=0.05725 physics=0.5012 total=0.1132
[TRAIN train_climax_static_learned_weights_s43] [TRAIN] stage=finetune epoch=1/1 batch=920/3000 step=3920 repair=0.131 localization=0 type=0 minimal=0.05872 physics=0.5853 total=0.1608
[TRAIN train_climax_static_learned_weights_s43] [TRAIN] stage=finetune epoch=1/1 batch=930/3000 step=3930 repair=0.0943 localization=0 type=0 minimal=0.05777 physics=0.5059 total=0.1202
[TRAIN train_climax_static_learned_weights_s43] [TRAIN] stage=finetune epoch=1/1 batch=940/3000 step=3940 repair=0.1102 localization=0 type=0 minimal=0.0564 physics=0.5696 total=0.1393
[TRAIN train_climax_static_learned_weights_s43] [TRAIN] stage=finetune epoch=1/1 batch=950/3000 step=3950 repair=0.1171 localization=0 type=0 minimal=0.05832 physics=0.8607 total=0.1607
[TRAIN train_climax_static_learned_weights_s43] [TRAIN] stage=finetune epoch=1/1 batch=960/3000 step=3960 repair=0.1241 localization=0 type=0 minimal=0.05511 physics=0.5925 total=0.1543
[TRAIN train_climax_static_learned_weights_s43] [TRAIN] stage=finetune epoch=1/1 batch=970/3000 step=3970 repair=0.07431 localization=0 type=0 minimal=0.05688 physics=0.6241 total=0.1061
[TRAIN train_climax_static_learned_weights_s43] [TRAIN] stage=finetune epoch=1/1 batch=980/3000 step=3980 repair=0.1181 localization=0 type=0 minimal=0.05319 physics=0.5227 total=0.1448
[TRAIN train_climax_static_learned_weights_s43] [TRAIN] stage=finetune epoch=1/1 batch=990/3000 step=3990 repair=0.1137 localization=0 type=0 minimal=0.05951 physics=0.5499 total=0.1418
[TRAIN train_climax_static_learned_weights_s43] [TRAIN] stage=finetune epoch=1/1 batch=1000/3000 step=4000 repair=0.07113 localization=0 type=0 minimal=0.05402 physics=0.5284 total=0.09809
[TRAIN train_climax_static_learned_weights_s43] [TRAIN] stage=finetune epoch=1/1 batch=1010/3000 step=4010 repair=0.118 localization=0 type=0 minimal=0.05377 physics=0.5867 total=0.1479
[TRAIN train_climax_static_learned_weights_s43] [TRAIN] stage=finetune epoch=1/1 batch=1020/3000 step=4020 repair=0.1191 localization=0 type=0 minimal=0.05624 physics=0.4463 total=0.142
[TRAIN train_climax_static_learned_weights_s43] [TRAIN] stage=finetune epoch=1/1 batch=1030/3000 step=4030 repair=0.07971 localization=0 type=0 minimal=0.05945 physics=0.5565 total=0.1081
[TRAIN train_climax_static_learned_weights_s43] [TRAIN] stage=finetune epoch=1/1 batch=1040/3000 step=4040 repair=0.07934 localization=0 type=0 minimal=0.056 physics=0.4913 total=0.1045
[TRAIN train_climax_static_learned_weights_s43] [TRAIN] stage=finetune epoch=1/1 batch=1050/3000 step=4050 repair=0.06764 localization=0 type=0 minimal=0.06189 physics=0.4631 total=0.09142
[TRAIN train_climax_static_learned_weights_s43] [TRAIN] stage=finetune epoch=1/1 batch=1060/3000 step=4060 repair=0.1158 localization=0 type=0 minimal=0.06085 physics=0.4727 total=0.1401
[TRAIN train_climax_static_learned_weights_s43] [TRAIN] stage=finetune epoch=1/1 batch=1070/3000 step=4070 repair=0.08022 localization=0 type=0 minimal=0.05701 physics=0.4527 total=0.1034
[TRAIN train_climax_static_learned_weights_s43] [TRAIN] stage=finetune epoch=1/1 batch=1080/3000 step=4080 repair=0.08742 localization=0 type=0 minimal=0.05612 physics=0.4704 total=0.1115
[TRAIN train_climax_static_learned_weights_s43] [TRAIN] stage=finetune epoch=1/1 batch=1090/3000 step=4090 repair=0.1276 localization=0 type=0 minimal=0.05719 physics=0.623 total=0.1593
[TRAIN train_climax_static_learned_weights_s43] [TRAIN] stage=finetune epoch=1/1 batch=1100/3000 step=4100 repair=0.1269 localization=0 type=0 minimal=0.05685 physics=0.5326 total=0.1541
[TRAIN train_climax_static_learned_weights_s43] [TRAIN] stage=finetune epoch=1/1 batch=1110/3000 step=4110 repair=0.09408 localization=0 type=0 minimal=0.05609 physics=0.5425 total=0.1218
[TRAIN train_climax_static_learned_weights_s43] [TRAIN] stage=finetune epoch=1/1 batch=1120/3000 step=4120 repair=0.07536 localization=0 type=0 minimal=0.06378 physics=0.5209 total=0.102
[TRAIN train_climax_static_learned_weights_s43] [TRAIN] stage=finetune epoch=1/1 batch=1130/3000 step=4130 repair=0.1322 localization=0 type=0 minimal=0.05713 physics=0.5146 total=0.1585
[TRAIN train_climax_static_learned_weights_s43] [TRAIN] stage=finetune epoch=1/1 batch=1140/3000 step=4140 repair=0.1158 localization=0 type=0 minimal=0.05869 physics=0.4734 total=0.14
[TRAIN train_climax_static_learned_weights_s43] [TRAIN] stage=finetune epoch=1/1 batch=1150/3000 step=4150 repair=0.1634 localization=0 type=0 minimal=0.05731 physics=0.5447 total=0.1912
[TRAIN train_climax_static_learned_weights_s43] [TRAIN] stage=finetune epoch=1/1 batch=1160/3000 step=4160 repair=0.1126 localization=0 type=0 minimal=0.05923 physics=0.64 total=0.1451
[TRAIN train_climax_static_learned_weights_s43] [TRAIN] stage=finetune epoch=1/1 batch=1170/3000 step=4170 repair=0.1208 localization=0 type=0 minimal=0.05621 physics=0.6569 total=0.1542
[TRAIN train_climax_static_learned_weights_s43] [TRAIN] stage=finetune epoch=1/1 batch=1180/3000 step=4180 repair=0.07852 localization=0 type=0 minimal=0.06039 physics=0.4994 total=0.1041
[TRAIN train_climax_static_learned_weights_s43] [TRAIN] stage=finetune epoch=1/1 batch=1190/3000 step=4190 repair=0.131 localization=0 type=0 minimal=0.06107 physics=0.5763 total=0.1604
[TRAIN train_climax_static_learned_weights_s43] [TRAIN] stage=finetune epoch=1/1 batch=1200/3000 step=4200 repair=0.1312 localization=0 type=0 minimal=0.05429 physics=0.5773 total=0.1606
[TRAIN train_climax_static_learned_weights_s43] [TRAIN] stage=finetune epoch=1/1 batch=1210/3000 step=4210 repair=0.1096 localization=0 type=0 minimal=0.05292 physics=0.471 total=0.1336
[TRAIN train_climax_static_learned_weights_s43] [TRAIN] stage=finetune epoch=1/1 batch=1220/3000 step=4220 repair=0.07815 localization=0 type=0 minimal=0.06409 physics=0.5278 total=0.1052
[TRAIN train_climax_static_learned_weights_s43] [TRAIN] stage=finetune epoch=1/1 batch=1230/3000 step=4230 repair=0.1572 localization=0 type=0 minimal=0.06305 physics=0.8165 total=0.1986
[TRAIN train_climax_static_learned_weights_s43] [TRAIN] stage=finetune epoch=1/1 batch=1240/3000 step=4240 repair=0.1149 localization=0 type=0 minimal=0.05917 physics=0.5594 total=0.1434
[TRAIN train_climax_static_learned_weights_s43] [TRAIN] stage=finetune epoch=1/1 batch=1250/3000 step=4250 repair=0.1305 localization=0 type=0 minimal=0.05951 physics=0.6765 total=0.1649
[TRAIN train_climax_static_learned_weights_s43] [TRAIN] stage=finetune epoch=1/1 batch=1260/3000 step=4260 repair=0.1288 localization=0 type=0 minimal=0.05878 physics=0.4627 total=0.1526
[TRAIN train_climax_static_learned_weights_s43] [TRAIN] stage=finetune epoch=1/1 batch=1270/3000 step=4270 repair=0.16 localization=0 type=0 minimal=0.05515 physics=0.5573 total=0.1884
[TRAIN train_climax_static_learned_weights_s43] [TRAIN] stage=finetune epoch=1/1 batch=1280/3000 step=4280 repair=0.08379 localization=0 type=0 minimal=0.05905 physics=0.6057 total=0.1147
[TRAIN train_climax_static_learned_weights_s43] [TRAIN] stage=finetune epoch=1/1 batch=1290/3000 step=4290 repair=0.1184 localization=0 type=0 minimal=0.0571 physics=0.5271 total=0.1453
[TRAIN train_climax_static_learned_weights_s43] [TRAIN] stage=finetune epoch=1/1 batch=1300/3000 step=4300 repair=0.09272 localization=0 type=0 minimal=0.05731 physics=0.4682 total=0.1167
[TRAIN train_climax_static_learned_weights_s43] [TRAIN] stage=finetune epoch=1/1 batch=1310/3000 step=4310 repair=0.08893 localization=0 type=0 minimal=0.06052 physics=0.5837 total=0.1187
[TRAIN train_climax_static_learned_weights_s43] [TRAIN] stage=finetune epoch=1/1 batch=1320/3000 step=4320 repair=0.1168 localization=0 type=0 minimal=0.05487 physics=0.5164 total=0.1432
[TRAIN train_climax_static_learned_weights_s43] [TRAIN] stage=finetune epoch=1/1 batch=1330/3000 step=4330 repair=0.08656 localization=0 type=0 minimal=0.05881 physics=0.4629 total=0.1103
[TRAIN train_climax_static_learned_weights_s43] [TRAIN] stage=finetune epoch=1/1 batch=1340/3000 step=4340 repair=0.1435 localization=0 type=0 minimal=0.06067 physics=0.5557 total=0.1719
[TRAIN train_climax_static_learned_weights_s43] [TRAIN] stage=finetune epoch=1/1 batch=1350/3000 step=4350 repair=0.07035 localization=0 type=0 minimal=0.06238 physics=0.5769 total=0.09982
[TRAIN train_climax_static_learned_weights_s43] [TRAIN] stage=finetune epoch=1/1 batch=1360/3000 step=4360 repair=0.07746 localization=0 type=0 minimal=0.06372 physics=0.4678 total=0.1015
[TRAIN train_climax_static_learned_weights_s43] [TRAIN] stage=finetune epoch=1/1 batch=1370/3000 step=4370 repair=0.07512 localization=0 type=0 minimal=0.06216 physics=0.4483 total=0.09815
[TRAIN train_climax_static_learned_weights_s43] [TRAIN] stage=finetune epoch=1/1 batch=1380/3000 step=4380 repair=0.08815 localization=0 type=0 minimal=0.06433 physics=0.5232 total=0.115
[TRAIN train_climax_static_learned_weights_s43] [TRAIN] stage=finetune epoch=1/1 batch=1390/3000 step=4390 repair=0.1403 localization=0 type=0 minimal=0.05322 physics=0.6874 total=0.1752
[TRAIN train_climax_static_learned_weights_s43] [TRAIN] stage=finetune epoch=1/1 batch=1400/3000 step=4400 repair=0.1488 localization=0 type=0 minimal=0.05786 physics=0.5236 total=0.1756
[TRAIN train_climax_static_learned_weights_s43] [TRAIN] stage=finetune epoch=1/1 batch=1410/3000 step=4410 repair=0.1284 localization=0 type=0 minimal=0.05832 physics=0.5322 total=0.1556
[TRAIN train_climax_static_learned_weights_s43] [TRAIN] stage=finetune epoch=1/1 batch=1420/3000 step=4420 repair=0.1111 localization=0 type=0 minimal=0.0636 physics=0.5163 total=0.1375
[TRAIN train_climax_static_learned_weights_s43] [TRAIN] stage=finetune epoch=1/1 batch=1430/3000 step=4430 repair=0.06964 localization=0 type=0 minimal=0.06354 physics=0.4432 total=0.09243
[TRAIN train_climax_static_learned_weights_s43] [TRAIN] stage=finetune epoch=1/1 batch=1440/3000 step=4440 repair=0.1125 localization=0 type=0 minimal=0.06281 physics=0.5392 total=0.1401
[TRAIN train_climax_static_learned_weights_s43] [TRAIN] stage=finetune epoch=1/1 batch=1450/3000 step=4450 repair=0.1193 localization=0 type=0 minimal=0.06 physics=0.4808 total=0.144
[TRAIN train_climax_static_learned_weights_s43] [TRAIN] stage=finetune epoch=1/1 batch=1460/3000 step=4460 repair=0.07733 localization=0 type=0 minimal=0.06305 physics=0.6174 total=0.1088
[TRAIN train_climax_static_learned_weights_s43] [TRAIN] stage=finetune epoch=1/1 batch=1470/3000 step=4470 repair=0.1275 localization=0 type=0 minimal=0.06781 physics=0.5142 total=0.1539
[TRAIN train_climax_static_learned_weights_s43] [TRAIN] stage=finetune epoch=1/1 batch=1480/3000 step=4480 repair=0.1152 localization=0 type=0 minimal=0.05774 physics=0.5817 total=0.1449
[TRAIN train_climax_static_learned_weights_s43] [TRAIN] stage=finetune epoch=1/1 batch=1490/3000 step=4490 repair=0.1286 localization=0 type=0 minimal=0.0621 physics=0.5547 total=0.157
[TRAIN train_climax_static_learned_weights_s43] [TRAIN] stage=finetune epoch=1/1 batch=1500/3000 step=4500 repair=0.08226 localization=0 type=0 minimal=0.05585 physics=0.4457 total=0.1051
[TRAIN train_climax_static_learned_weights_s43] [TRAIN] stage=finetune epoch=1/1 batch=1510/3000 step=4510 repair=0.1512 localization=0 type=0 minimal=0.0582 physics=0.507 total=0.1772
[TRAIN train_climax_static_learned_weights_s43] [TRAIN] stage=finetune epoch=1/1 batch=1520/3000 step=4520 repair=0.07815 localization=0 type=0 minimal=0.06512 physics=0.4501 total=0.1013
[TRAIN train_climax_static_learned_weights_s43] [TRAIN] stage=finetune epoch=1/1 batch=1530/3000 step=4530 repair=0.07415 localization=0 type=0 minimal=0.05777 physics=0.5043 total=0.09995
[TRAIN train_climax_static_learned_weights_s43] [TRAIN] stage=finetune epoch=1/1 batch=1540/3000 step=4540 repair=0.07388 localization=0 type=0 minimal=0.06204 physics=0.5711 total=0.103
[TRAIN train_climax_static_learned_weights_s43] [TRAIN] stage=finetune epoch=1/1 batch=1550/3000 step=4550 repair=0.1263 localization=0 type=0 minimal=0.06512 physics=0.4478 total=0.1493
[TRAIN train_climax_static_learned_weights_s43] [TRAIN] stage=finetune epoch=1/1 batch=1560/3000 step=4560 repair=0.122 localization=0 type=0 minimal=0.06812 physics=0.5002 total=0.1477
[TRAIN train_climax_static_learned_weights_s43] [TRAIN] stage=finetune epoch=1/1 batch=1570/3000 step=4570 repair=0.07168 localization=0 type=0 minimal=0.06573 physics=0.4821 total=0.09645
[TRAIN train_climax_static_learned_weights_s43] [TRAIN] stage=finetune epoch=1/1 batch=1580/3000 step=4580 repair=0.07288 localization=0 type=0 minimal=0.06665 physics=0.4349 total=0.09529
[TRAIN train_climax_static_learned_weights_s43] [TRAIN] stage=finetune epoch=1/1 batch=1590/3000 step=4590 repair=0.08601 localization=0 type=0 minimal=0.05811 physics=0.521 total=0.1126
[TRAIN train_climax_static_learned_weights_s43] [TRAIN] stage=finetune epoch=1/1 batch=1600/3000 step=4600 repair=0.1042 localization=0 type=0 minimal=0.06116 physics=0.6395 total=0.1368
[TRAIN train_climax_static_learned_weights_s43] [TRAIN] stage=finetune epoch=1/1 batch=1610/3000 step=4610 repair=0.07818 localization=0 type=0 minimal=0.06757 physics=0.5311 total=0.1054
[TRAIN train_climax_static_learned_weights_s43] [TRAIN] stage=finetune epoch=1/1 batch=1620/3000 step=4620 repair=0.127 localization=0 type=0 minimal=0.05576 physics=0.5874 total=0.157
[TRAIN train_climax_static_learned_weights_s43] [TRAIN] stage=finetune epoch=1/1 batch=1630/3000 step=4630 repair=0.1793 localization=0 type=0 minimal=0.06702 physics=0.7042 total=0.2152
[TRAIN train_climax_static_learned_weights_s43] [TRAIN] stage=finetune epoch=1/1 batch=1640/3000 step=4640 repair=0.1107 localization=0 type=0 minimal=0.06067 physics=0.5613 total=0.1394
[TRAIN train_climax_static_learned_weights_s43] [TRAIN] stage=finetune epoch=1/1 batch=1650/3000 step=4650 repair=0.126 localization=0 type=0 minimal=0.05911 physics=0.4717 total=0.1501
[TRAIN train_climax_static_learned_weights_s43] [TRAIN] stage=finetune epoch=1/1 batch=1660/3000 step=4660 repair=0.06365 localization=0 type=0 minimal=0.05951 physics=0.4597 total=0.08723
[TRAIN train_climax_static_learned_weights_s43] [TRAIN] stage=finetune epoch=1/1 batch=1670/3000 step=4670 repair=0.06436 localization=0 type=0 minimal=0.06866 physics=0.6161 total=0.09585
[TRAIN train_climax_static_learned_weights_s43] [TRAIN] stage=finetune epoch=1/1 batch=1680/3000 step=4680 repair=0.09234 localization=0 type=0 minimal=0.0578 physics=0.5445 total=0.1201
[TRAIN train_climax_static_learned_weights_s43] [TRAIN] stage=finetune epoch=1/1 batch=1690/3000 step=4690 repair=0.1182 localization=0 type=0 minimal=0.06403 physics=0.5504 total=0.1464
[TRAIN train_climax_static_learned_weights_s43] [TRAIN] stage=finetune epoch=1/1 batch=1700/3000 step=4700 repair=0.07621 localization=0 type=0 minimal=0.06052 physics=0.429 total=0.09827
[TRAIN train_climax_static_learned_weights_s43] [TRAIN] stage=finetune epoch=1/1 batch=1710/3000 step=4710 repair=0.07664 localization=0 type=0 minimal=0.06519 physics=0.4412 total=0.09935
[TRAIN train_climax_static_learned_weights_s43] [TRAIN] stage=finetune epoch=1/1 batch=1720/3000 step=4720 repair=0.07529 localization=0 type=0 minimal=0.06305 physics=0.4751 total=0.09967
[TRAIN train_climax_static_learned_weights_s43] [TRAIN] stage=finetune epoch=1/1 batch=1730/3000 step=4730 repair=0.08702 localization=0 type=0 minimal=0.06665 physics=0.4863 total=0.112
[TRAIN train_climax_static_learned_weights_s43] [TRAIN] stage=finetune epoch=1/1 batch=1740/3000 step=4740 repair=0.1134 localization=0 type=0 minimal=0.06287 physics=0.5229 total=0.1402
[TRAIN train_climax_static_learned_weights_s43] [TRAIN] stage=finetune epoch=1/1 batch=1750/3000 step=4750 repair=0.1252 localization=0 type=0 minimal=0.06573 physics=0.4868 total=0.1502
[TRAIN train_climax_static_learned_weights_s43] [TRAIN] stage=finetune epoch=1/1 batch=1760/3000 step=4760 repair=0.1656 localization=0 type=0 minimal=0.05991 physics=0.4733 total=0.1898
[TRAIN train_climax_static_learned_weights_s43] [TRAIN] stage=finetune epoch=1/1 batch=1770/3000 step=4770 repair=0.1128 localization=0 type=0 minimal=0.06055 physics=0.4949 total=0.1381
[TRAIN train_climax_static_learned_weights_s43] [TRAIN] stage=finetune epoch=1/1 batch=1780/3000 step=4780 repair=0.1085 localization=0 type=0 minimal=0.06384 physics=0.5898 total=0.1387
[TRAIN train_climax_static_learned_weights_s43] [TRAIN] stage=finetune epoch=1/1 batch=1790/3000 step=4790 repair=0.06866 localization=0 type=0 minimal=0.06543 physics=0.5393 total=0.09628
[TRAIN train_climax_static_learned_weights_s43] [TRAIN] stage=finetune epoch=1/1 batch=1800/3000 step=4800 repair=0.1703 localization=0 type=0 minimal=0.05997 physics=0.4947 total=0.1956
[TRAIN train_climax_static_learned_weights_s43] [TRAIN] stage=finetune epoch=1/1 batch=1810/3000 step=4810 repair=0.1198 localization=0 type=0 minimal=0.06158 physics=0.4741 total=0.1441
[TRAIN train_climax_static_learned_weights_s43] [TRAIN] stage=finetune epoch=1/1 batch=1820/3000 step=4820 repair=0.1164 localization=0 type=0 minimal=0.065 physics=0.492 total=0.1416
[TRAIN train_climax_static_learned_weights_s43] [TRAIN] stage=finetune epoch=1/1 batch=1830/3000 step=4830 repair=0.1135 localization=0 type=0 minimal=0.06171 physics=0.4695 total=0.1376
[TRAIN train_climax_static_learned_weights_s43] [TRAIN] stage=finetune epoch=1/1 batch=1840/3000 step=4840 repair=0.08115 localization=0 type=0 minimal=0.06223 physics=0.4803 total=0.1058
[TRAIN train_climax_static_learned_weights_s43] [TRAIN] stage=finetune epoch=1/1 batch=1850/3000 step=4850 repair=0.1297 localization=0 type=0 minimal=0.05991 physics=0.5043 total=0.1555
[TRAIN train_climax_static_learned_weights_s43] [TRAIN] stage=finetune epoch=1/1 batch=1860/3000 step=4860 repair=0.1169 localization=0 type=0 minimal=0.06653 physics=0.5879 total=0.147
[TRAIN train_climax_static_learned_weights_s43] [TRAIN] stage=finetune epoch=1/1 batch=1870/3000 step=4870 repair=0.0758 localization=0 type=0 minimal=0.06891 physics=0.4206 total=0.09751
[TRAIN train_climax_static_learned_weights_s43] [TRAIN] stage=finetune epoch=1/1 batch=1880/3000 step=4880 repair=0.1364 localization=0 type=0 minimal=0.06567 physics=0.4842 total=0.1613
[TRAIN train_climax_static_learned_weights_s43] [TRAIN] stage=finetune epoch=1/1 batch=1890/3000 step=4890 repair=0.1163 localization=0 type=0 minimal=0.06229 physics=0.5014 total=0.142
[TRAIN train_climax_static_learned_weights_s43] [TRAIN] stage=finetune epoch=1/1 batch=1900/3000 step=4900 repair=0.08355 localization=0 type=0 minimal=0.0694 physics=0.4726 total=0.1079
[TRAIN train_climax_static_learned_weights_s43] [TRAIN] stage=finetune epoch=1/1 batch=1910/3000 step=4910 repair=0.0657 localization=0 type=0 minimal=0.07361 physics=0.4232 total=0.0876
[TRAIN train_climax_static_learned_weights_s43] [TRAIN] stage=finetune epoch=1/1 batch=1920/3000 step=4920 repair=0.1333 localization=0 type=0 minimal=0.06653 physics=0.6599 total=0.167
[TRAIN train_climax_static_learned_weights_s43] [TRAIN] stage=finetune epoch=1/1 batch=1930/3000 step=4930 repair=0.1568 localization=0 type=0 minimal=0.05676 physics=0.501 total=0.1824
[TRAIN train_climax_static_learned_weights_s43] [TRAIN] stage=finetune epoch=1/1 batch=1940/3000 step=4940 repair=0.1311 localization=0 type=0 minimal=0.06174 physics=0.5436 total=0.1589
[TRAIN train_climax_static_learned_weights_s43] [TRAIN] stage=finetune epoch=1/1 batch=1950/3000 step=4950 repair=0.07119 localization=0 type=0 minimal=0.07092 physics=0.4719 total=0.09549
[TRAIN train_climax_static_learned_weights_s43] [TRAIN] stage=finetune epoch=1/1 batch=1960/3000 step=4960 repair=0.0779 localization=0 type=0 minimal=0.06335 physics=0.6191 total=0.1095
[TRAIN train_climax_static_learned_weights_s43] [TRAIN] stage=finetune epoch=1/1 batch=1970/3000 step=4970 repair=0.06735 localization=0 type=0 minimal=0.07227 physics=0.4545 total=0.09079
[TRAIN train_climax_static_learned_weights_s43] [TRAIN] stage=finetune epoch=1/1 batch=1980/3000 step=4980 repair=0.1398 localization=0 type=0 minimal=0.07007 physics=0.4752 total=0.1642
[TRAIN train_climax_static_learned_weights_s43] [TRAIN] stage=finetune epoch=1/1 batch=1990/3000 step=4990 repair=0.08725 localization=0 type=0 minimal=0.06531 physics=0.442 total=0.11
[TRAIN train_climax_static_learned_weights_s43] [TRAIN] stage=finetune epoch=1/1 batch=2000/3000 step=5000 repair=0.1235 localization=0 type=0 minimal=0.05988 physics=0.5515 total=0.1517
[TRAIN train_climax_static_learned_weights_s43] [TRAIN] stage=finetune epoch=1/1 batch=2010/3000 step=5010 repair=0.1208 localization=0 type=0 minimal=0.05814 physics=0.601 total=0.1514
[TRAIN train_climax_static_learned_weights_s43] [TRAIN] stage=finetune epoch=1/1 batch=2020/3000 step=5020 repair=0.08629 localization=0 type=0 minimal=0.06186 physics=0.5563 total=0.1147
[TRAIN train_climax_static_learned_weights_s43] [TRAIN] stage=finetune epoch=1/1 batch=2030/3000 step=5030 repair=0.1341 localization=0 type=0 minimal=0.0647 physics=0.6052 total=0.165
[TRAIN train_climax_static_learned_weights_s43] [TRAIN] stage=finetune epoch=1/1 batch=2040/3000 step=5040 repair=0.08008 localization=0 type=0 minimal=0.06598 physics=0.4167 total=0.1016
[TRAIN train_climax_static_learned_weights_s43] [TRAIN] stage=finetune epoch=1/1 batch=2050/3000 step=5050 repair=0.07564 localization=0 type=0 minimal=0.06921 physics=0.4742 total=0.1
[TRAIN train_climax_static_learned_weights_s43] [TRAIN] stage=finetune epoch=1/1 batch=2060/3000 step=5060 repair=0.1085 localization=0 type=0 minimal=0.05902 physics=0.5985 total=0.139
[TRAIN train_climax_static_learned_weights_s43] [TRAIN] stage=finetune epoch=1/1 batch=2070/3000 step=5070 repair=0.1056 localization=0 type=0 minimal=0.06403 physics=0.5122 total=0.1319
[TRAIN train_climax_static_learned_weights_s43] [TRAIN] stage=finetune epoch=1/1 batch=2080/3000 step=5080 repair=0.08379 localization=0 type=0 minimal=0.06104 physics=0.4216 total=0.1055
[TRAIN train_climax_static_learned_weights_s43] [TRAIN] stage=finetune epoch=1/1 batch=2090/3000 step=5090 repair=0.06986 localization=0 type=0 minimal=0.07172 physics=0.4682 total=0.09398
[TRAIN train_climax_static_learned_weights_s43] [TRAIN] stage=finetune epoch=1/1 batch=2100/3000 step=5100 repair=0.08697 localization=0 type=0 minimal=0.06506 physics=0.4611 total=0.1107
[TRAIN train_climax_static_learned_weights_s43] [TRAIN] stage=finetune epoch=1/1 batch=2110/3000 step=5110 repair=0.1383 localization=0 type=0 minimal=0.06451 physics=0.586 total=0.1682
[TRAIN train_climax_static_learned_weights_s43] [TRAIN] stage=finetune epoch=1/1 batch=2120/3000 step=5120 repair=0.1122 localization=0 type=0 minimal=0.0636 physics=0.5415 total=0.14
[TRAIN train_climax_static_learned_weights_s43] [TRAIN] stage=finetune epoch=1/1 batch=2130/3000 step=5130 repair=0.07179 localization=0 type=0 minimal=0.0683 physics=0.4196 total=0.09345
[TRAIN train_climax_static_learned_weights_s43] [TRAIN] stage=finetune epoch=1/1 batch=2140/3000 step=5140 repair=0.1251 localization=0 type=0 minimal=0.06415 physics=0.4844 total=0.15
[TRAIN train_climax_static_learned_weights_s43] [TRAIN] stage=finetune epoch=1/1 batch=2150/3000 step=5150 repair=0.133 localization=0 type=0 minimal=0.06415 physics=0.4481 total=0.156
[TRAIN train_climax_static_learned_weights_s43] [TRAIN] stage=finetune epoch=1/1 batch=2160/3000 step=5160 repair=0.05913 localization=0 type=0 minimal=0.06799 physics=0.4096 total=0.08029
[TRAIN train_climax_static_learned_weights_s43] [TRAIN] stage=finetune epoch=1/1 batch=2170/3000 step=5170 repair=0.1188 localization=0 type=0 minimal=0.06702 physics=0.4931 total=0.1442
[TRAIN train_climax_static_learned_weights_s43] [TRAIN] stage=finetune epoch=1/1 batch=2180/3000 step=5180 repair=0.1204 localization=0 type=0 minimal=0.06519 physics=0.4389 total=0.143
[TRAIN train_climax_static_learned_weights_s43] [TRAIN] stage=finetune epoch=1/1 batch=2190/3000 step=5190 repair=0.06394 localization=0 type=0 minimal=0.07404 physics=0.4301 total=0.08619
[TRAIN train_climax_static_learned_weights_s43] [TRAIN] stage=finetune epoch=1/1 batch=2200/3000 step=5200 repair=0.1096 localization=0 type=0 minimal=0.06927 physics=0.5142 total=0.136
[TRAIN train_climax_static_learned_weights_s43] [TRAIN] stage=finetune epoch=1/1 batch=2210/3000 step=5210 repair=0.07763 localization=0 type=0 minimal=0.06989 physics=0.4146 total=0.09906
[TRAIN train_climax_static_learned_weights_s43] [TRAIN] stage=finetune epoch=1/1 batch=2220/3000 step=5220 repair=0.1056 localization=0 type=0 minimal=0.06891 physics=0.4629 total=0.1294
[TRAIN train_climax_static_learned_weights_s43] [TRAIN] stage=finetune epoch=1/1 batch=2230/3000 step=5230 repair=0.07419 localization=0 type=0 minimal=0.06995 physics=0.3902 total=0.0944
[TRAIN train_climax_static_learned_weights_s43] [TRAIN] stage=finetune epoch=1/1 batch=2240/3000 step=5240 repair=0.07565 localization=0 type=0 minimal=0.07068 physics=0.5163 total=0.1022
[TRAIN train_climax_static_learned_weights_s43] [TRAIN] stage=finetune epoch=1/1 batch=2250/3000 step=5250 repair=0.1434 localization=0 type=0 minimal=0.05795 physics=0.4417 total=0.1661
[TRAIN train_climax_static_learned_weights_s43] [TRAIN] stage=finetune epoch=1/1 batch=2260/3000 step=5260 repair=0.1135 localization=0 type=0 minimal=0.06647 physics=0.5518 total=0.1418
[TRAIN train_climax_static_learned_weights_s43] [TRAIN] stage=finetune epoch=1/1 batch=2270/3000 step=5270 repair=0.1042 localization=0 type=0 minimal=0.06641 physics=0.4666 total=0.1282
[TRAIN train_climax_static_learned_weights_s43] [TRAIN] stage=finetune epoch=1/1 batch=2280/3000 step=5280 repair=0.07041 localization=0 type=0 minimal=0.07269 physics=0.4785 total=0.09506
[TRAIN train_climax_static_learned_weights_s43] [TRAIN] stage=finetune epoch=1/1 batch=2290/3000 step=5290 repair=0.134 localization=0 type=0 minimal=0.06097 physics=0.4445 total=0.1568
[TRAIN train_climax_static_learned_weights_s43] [TRAIN] stage=finetune epoch=1/1 batch=2300/3000 step=5300 repair=0.1113 localization=0 type=0 minimal=0.06085 physics=0.4868 total=0.1363
[TRAIN train_climax_static_learned_weights_s43] [TRAIN] stage=finetune epoch=1/1 batch=2310/3000 step=5310 repair=0.08908 localization=0 type=0 minimal=0.06549 physics=0.4603 total=0.1128
[TRAIN train_climax_static_learned_weights_s43] [TRAIN] stage=finetune epoch=1/1 batch=2320/3000 step=5320 repair=0.1643 localization=0 type=0 minimal=0.06482 physics=0.6152 total=0.1957
[TRAIN train_climax_static_learned_weights_s43] [TRAIN] stage=finetune epoch=1/1 batch=2330/3000 step=5330 repair=0.0763 localization=0 type=0 minimal=0.0697 physics=0.5496 total=0.1045
[TRAIN train_climax_static_learned_weights_s43] [TRAIN] stage=finetune epoch=1/1 batch=2340/3000 step=5340 repair=0.1197 localization=0 type=0 minimal=0.0607 physics=0.6817 total=0.1544
[TRAIN train_climax_static_learned_weights_s43] [TRAIN] stage=finetune epoch=1/1 batch=2350/3000 step=5350 repair=0.08944 localization=0 type=0 minimal=0.07019 physics=0.5673 total=0.1185
[TRAIN train_climax_static_learned_weights_s43] [TRAIN] stage=finetune epoch=1/1 batch=2360/3000 step=5360 repair=0.08985 localization=0 type=0 minimal=0.06696 physics=0.4525 total=0.1131
[TRAIN train_climax_static_learned_weights_s43] [TRAIN] stage=finetune epoch=1/1 batch=2370/3000 step=5370 repair=0.08294 localization=0 type=0 minimal=0.06836 physics=0.4035 total=0.1038
[TRAIN train_climax_static_learned_weights_s43] [TRAIN] stage=finetune epoch=1/1 batch=2380/3000 step=5380 repair=0.1123 localization=0 type=0 minimal=0.06781 physics=0.469 total=0.1365
[TRAIN train_climax_static_learned_weights_s43] [TRAIN] stage=finetune epoch=1/1 batch=2390/3000 step=5390 repair=0.1124 localization=0 type=0 minimal=0.06519 physics=0.4515 total=0.1357
[TRAIN train_climax_static_learned_weights_s43] [TRAIN] stage=finetune epoch=1/1 batch=2400/3000 step=5400 repair=0.1197 localization=0 type=0 minimal=0.06702 physics=0.5219 total=0.1464
[TRAIN train_climax_static_learned_weights_s43] [TRAIN] stage=finetune epoch=1/1 batch=2410/3000 step=5410 repair=0.07121 localization=0 type=0 minimal=0.07471 physics=0.4427 total=0.09409
[TRAIN train_climax_static_learned_weights_s43] [TRAIN] stage=finetune epoch=1/1 batch=2420/3000 step=5420 repair=0.06218 localization=0 type=0 minimal=0.07623 physics=0.453 total=0.08559
[TRAIN train_climax_static_learned_weights_s43] [TRAIN] stage=finetune epoch=1/1 batch=2430/3000 step=5430 repair=0.1162 localization=0 type=0 minimal=0.0618 physics=0.4509 total=0.1393
[TRAIN train_climax_static_learned_weights_s43] [TRAIN] stage=finetune epoch=1/1 batch=2440/3000 step=5440 repair=0.06377 localization=0 type=0 minimal=0.07806 physics=0.4183 total=0.08547
[TRAIN train_climax_static_learned_weights_s43] [TRAIN] stage=finetune epoch=1/1 batch=2450/3000 step=5450 repair=0.1219 localization=0 type=0 minimal=0.06342 physics=0.623 total=0.1537
[TRAIN train_climax_static_learned_weights_s43] [TRAIN] stage=finetune epoch=1/1 batch=2460/3000 step=5460 repair=0.1177 localization=0 type=0 minimal=0.06689 physics=0.4585 total=0.1413
[TRAIN train_climax_static_learned_weights_s43] [TRAIN] stage=finetune epoch=1/1 batch=2470/3000 step=5470 repair=0.1606 localization=0 type=0 minimal=0.06311 physics=0.4709 total=0.1848
[TRAIN train_climax_static_learned_weights_s43] [TRAIN] stage=finetune epoch=1/1 batch=2480/3000 step=5480 repair=0.07805 localization=0 type=0 minimal=0.06671 physics=0.4112 total=0.09927
[TRAIN train_climax_static_learned_weights_s43] [TRAIN] stage=finetune epoch=1/1 batch=2490/3000 step=5490 repair=0.1242 localization=0 type=0 minimal=0.05936 physics=0.6369 total=0.1566
[TRAIN train_climax_static_learned_weights_s43] [TRAIN] stage=finetune epoch=1/1 batch=2500/3000 step=5500 repair=0.1234 localization=0 type=0 minimal=0.06683 physics=0.4455 total=0.1464
[TRAIN train_climax_static_learned_weights_s43] [TRAIN] stage=finetune epoch=1/1 batch=2510/3000 step=5510 repair=0.06441 localization=0 type=0 minimal=0.07324 physics=0.4079 total=0.08554
[TRAIN train_climax_static_learned_weights_s43] [TRAIN] stage=finetune epoch=1/1 batch=2520/3000 step=5520 repair=0.08124 localization=0 type=0 minimal=0.0722 physics=0.5024 total=0.1071
[TRAIN train_climax_static_learned_weights_s43] [TRAIN] stage=finetune epoch=1/1 batch=2530/3000 step=5530 repair=0.08095 localization=0 type=0 minimal=0.07135 physics=0.5077 total=0.107
[TRAIN train_climax_static_learned_weights_s43] [TRAIN] stage=finetune epoch=1/1 batch=2540/3000 step=5540 repair=0.08735 localization=0 type=0 minimal=0.06818 physics=0.4184 total=0.1089
[TRAIN train_climax_static_learned_weights_s43] [TRAIN] stage=finetune epoch=1/1 batch=2550/3000 step=5550 repair=0.07819 localization=0 type=0 minimal=0.07178 physics=0.4561 total=0.1017
[TRAIN train_climax_static_learned_weights_s43] [TRAIN] stage=finetune epoch=1/1 batch=2560/3000 step=5560 repair=0.07334 localization=0 type=0 minimal=0.07104 physics=0.6804 total=0.1081
[TRAIN train_climax_static_learned_weights_s43] [TRAIN] stage=finetune epoch=1/1 batch=2570/3000 step=5570 repair=0.06476 localization=0 type=0 minimal=0.08099 physics=0.3772 total=0.08443
[TRAIN train_climax_static_learned_weights_s43] [TRAIN] stage=finetune epoch=1/1 batch=2580/3000 step=5580 repair=0.07895 localization=0 type=0 minimal=0.07172 physics=0.4077 total=0.1
[TRAIN train_climax_static_learned_weights_s43] [TRAIN] stage=finetune epoch=1/1 batch=2590/3000 step=5590 repair=0.1525 localization=0 type=0 minimal=0.06174 physics=0.5062 total=0.1784
[TRAIN train_climax_static_learned_weights_s43] [TRAIN] stage=finetune epoch=1/1 batch=2600/3000 step=5600 repair=0.1124 localization=0 type=0 minimal=0.06732 physics=0.5398 total=0.14
[TRAIN train_climax_static_learned_weights_s43] [TRAIN] stage=finetune epoch=1/1 batch=2610/3000 step=5610 repair=0.07724 localization=0 type=0 minimal=0.0697 physics=0.4102 total=0.09844
[TRAIN train_climax_static_learned_weights_s43] [TRAIN] stage=finetune epoch=1/1 batch=2620/3000 step=5620 repair=0.07712 localization=0 type=0 minimal=0.07062 physics=0.466 total=0.1011
[TRAIN train_climax_static_learned_weights_s43] [TRAIN] stage=finetune epoch=1/1 batch=2630/3000 step=5630 repair=0.06968 localization=0 type=0 minimal=0.06744 physics=0.5387 total=0.09729
[TRAIN train_climax_static_learned_weights_s43] [TRAIN] stage=finetune epoch=1/1 batch=2640/3000 step=5640 repair=0.1753 localization=0 type=0 minimal=0.06274 physics=0.4444 total=0.1982
[TRAIN train_climax_static_learned_weights_s43] [TRAIN] stage=finetune epoch=1/1 batch=2650/3000 step=5650 repair=0.1731 localization=0 type=0 minimal=0.06 physics=0.4535 total=0.1963
[TRAIN train_climax_static_learned_weights_s43] [TRAIN] stage=finetune epoch=1/1 batch=2660/3000 step=5660 repair=0.1202 localization=0 type=0 minimal=0.05869 physics=0.5791 total=0.1498
[TRAIN train_climax_static_learned_weights_s43] [TRAIN] stage=finetune epoch=1/1 batch=2670/3000 step=5670 repair=0.1332 localization=0 type=0 minimal=0.06647 physics=0.5758 total=0.1626
[TRAIN train_climax_static_learned_weights_s43] [TRAIN] stage=finetune epoch=1/1 batch=2680/3000 step=5680 repair=0.1502 localization=0 type=0 minimal=0.06122 physics=0.4706 total=0.1744
[TRAIN train_climax_static_learned_weights_s43] [TRAIN] stage=finetune epoch=1/1 batch=2690/3000 step=5690 repair=0.1701 localization=0 type=0 minimal=0.06622 physics=0.6682 total=0.2041
[TRAIN train_climax_static_learned_weights_s43] [TRAIN] stage=finetune epoch=1/1 batch=2700/3000 step=5700 repair=0.1701 localization=0 type=0 minimal=0.06689 physics=0.5063 total=0.1961
[TRAIN train_climax_static_learned_weights_s43] [TRAIN] stage=finetune epoch=1/1 batch=2710/3000 step=5710 repair=0.1094 localization=0 type=0 minimal=0.06421 physics=0.5825 total=0.1392
[TRAIN train_climax_static_learned_weights_s43] [TRAIN] stage=finetune epoch=1/1 batch=2720/3000 step=5720 repair=0.08017 localization=0 type=0 minimal=0.06982 physics=0.441 total=0.1029
[TRAIN train_climax_static_learned_weights_s43] [TRAIN] stage=finetune epoch=1/1 batch=2730/3000 step=5730 repair=0.173 localization=0 type=0 minimal=0.05621 physics=0.4978 total=0.1984
[TRAIN train_climax_static_learned_weights_s43] [TRAIN] stage=finetune epoch=1/1 batch=2740/3000 step=5740 repair=0.1106 localization=0 type=0 minimal=0.07587 physics=0.5645 total=0.1396
[TRAIN train_climax_static_learned_weights_s43] [TRAIN] stage=finetune epoch=1/1 batch=2750/3000 step=5750 repair=0.1101 localization=0 type=0 minimal=0.06702 physics=0.5676 total=0.1391
[TRAIN train_climax_static_learned_weights_s43] [TRAIN] stage=finetune epoch=1/1 batch=2760/3000 step=5760 repair=0.1249 localization=0 type=0 minimal=0.06934 physics=0.4293 total=0.1471
[TRAIN train_climax_static_learned_weights_s43] [TRAIN] stage=finetune epoch=1/1 batch=2770/3000 step=5770 repair=0.1199 localization=0 type=0 minimal=0.06519 physics=0.4415 total=0.1427
[TRAIN train_climax_static_learned_weights_s43] [TRAIN] stage=finetune epoch=1/1 batch=2780/3000 step=5780 repair=0.117 localization=0 type=0 minimal=0.0683 physics=0.4437 total=0.1398
[TRAIN train_climax_static_learned_weights_s43] [TRAIN] stage=finetune epoch=1/1 batch=2790/3000 step=5790 repair=0.07252 localization=0 type=0 minimal=0.07184 physics=0.4143 total=0.09396
[TRAIN train_climax_static_learned_weights_s43] [TRAIN] stage=finetune epoch=1/1 batch=2800/3000 step=5800 repair=0.06397 localization=0 type=0 minimal=0.07471 physics=0.3925 total=0.08434
[TRAIN train_climax_static_learned_weights_s43] [TRAIN] stage=finetune epoch=1/1 batch=2810/3000 step=5810 repair=0.1095 localization=0 type=0 minimal=0.07391 physics=0.4189 total=0.1312
[TRAIN train_climax_static_learned_weights_s43] [TRAIN] stage=finetune epoch=1/1 batch=2820/3000 step=5820 repair=0.07588 localization=0 type=0 minimal=0.0686 physics=0.4854 total=0.1008
[TRAIN train_climax_static_learned_weights_s43] [TRAIN] stage=finetune epoch=1/1 batch=2830/3000 step=5830 repair=0.1221 localization=0 type=0 minimal=0.06891 physics=0.5014 total=0.1479
[TRAIN train_climax_static_learned_weights_s43] [TRAIN] stage=finetune epoch=1/1 batch=2840/3000 step=5840 repair=0.132 localization=0 type=0 minimal=0.06543 physics=0.4364 total=0.1544
[TRAIN train_climax_static_learned_weights_s43] [TRAIN] stage=finetune epoch=1/1 batch=2850/3000 step=5850 repair=0.07412 localization=0 type=0 minimal=0.07007 physics=0.5255 total=0.1011
[TRAIN train_climax_static_learned_weights_s43] [TRAIN] stage=finetune epoch=1/1 batch=2860/3000 step=5860 repair=0.118 localization=0 type=0 minimal=0.065 physics=0.4104 total=0.1391
[TRAIN train_climax_static_learned_weights_s43] [TRAIN] stage=finetune epoch=1/1 batch=2870/3000 step=5870 repair=0.1597 localization=0 type=0 minimal=0.05768 physics=0.4419 total=0.1824
[TRAIN train_climax_static_learned_weights_s43] [TRAIN] stage=finetune epoch=1/1 batch=2880/3000 step=5880 repair=0.1164 localization=0 type=0 minimal=0.06427 physics=0.5372 total=0.1439
[TRAIN train_climax_static_learned_weights_s43] [TRAIN] stage=finetune epoch=1/1 batch=2890/3000 step=5890 repair=0.07098 localization=0 type=0 minimal=0.0755 physics=0.4223 total=0.09285
[TRAIN train_climax_static_learned_weights_s43] [TRAIN] stage=finetune epoch=1/1 batch=2900/3000 step=5900 repair=0.1026 localization=0 type=0 minimal=0.06653 physics=0.7367 total=0.1401
[TRAIN train_climax_static_learned_weights_s43] [TRAIN] stage=finetune epoch=1/1 batch=2910/3000 step=5910 repair=0.1233 localization=0 type=0 minimal=0.06433 physics=0.4934 total=0.1486
[TRAIN train_climax_static_learned_weights_s43] [TRAIN] stage=finetune epoch=1/1 batch=2920/3000 step=5920 repair=0.144 localization=0 type=0 minimal=0.06052 physics=0.4212 total=0.1656
[TRAIN train_climax_static_learned_weights_s43] [TRAIN] stage=finetune epoch=1/1 batch=2930/3000 step=5930 repair=0.1126 localization=0 type=0 minimal=0.06122 physics=0.442 total=0.1353
[TRAIN train_climax_static_learned_weights_s43] [TRAIN] stage=finetune epoch=1/1 batch=2940/3000 step=5940 repair=0.07885 localization=0 type=0 minimal=0.07532 physics=0.439 total=0.1016
[TRAIN train_climax_static_learned_weights_s43] [TRAIN] stage=finetune epoch=1/1 batch=2950/3000 step=5950 repair=0.1163 localization=0 type=0 minimal=0.07227 physics=0.4706 total=0.1405
[TRAIN train_climax_static_learned_weights_s43] [TRAIN] stage=finetune epoch=1/1 batch=2960/3000 step=5960 repair=0.1313 localization=0 type=0 minimal=0.06232 physics=0.4073 total=0.1523
[TRAIN train_climax_static_learned_weights_s43] [TRAIN] stage=finetune epoch=1/1 batch=2970/3000 step=5970 repair=0.1143 localization=0 type=0 minimal=0.06537 physics=0.4954 total=0.1397
[TRAIN train_climax_static_learned_weights_s43] [TRAIN] stage=finetune epoch=1/1 batch=2980/3000 step=5980 repair=0.07015 localization=0 type=0 minimal=0.07007 physics=0.3911 total=0.0904
[TRAIN train_climax_static_learned_weights_s43] [TRAIN] stage=finetune epoch=1/1 batch=2990/3000 step=5990 repair=0.06246 localization=0 type=0 minimal=0.07703 physics=0.3584 total=0.08115
[TRAIN train_climax_static_learned_weights_s43] [TRAIN] stage=finetune epoch=1/1 batch=3000/3000 step=6000 repair=0.1206 localization=0 type=0 minimal=0.06024 physics=0.4453 total=0.1434
[TRAIN train_climax_static_learned_weights_s43] [EPOCH] {'stage': 'finetune', 'epoch': 0, 'global_step': 6000, 'train_total': 0.18252373945961395, 'val_repair_mse': 0.1152123638894409, 'elapsed_seconds': 3448.01}
[TRAIN train_climax_static_learned_weights_s43] [BEST] val_repair_mse=0.115212
[TRAIN train_climax_static_learned_weights_s43] [TRAIN COMPLETE] {
[TRAIN train_climax_static_learned_weights_s43]   "run_id": "prelim20_train_climax_static_learned_weights_s43",
[TRAIN train_climax_static_learned_weights_s43]   "status": "completed",
[TRAIN train_climax_static_learned_weights_s43]   "method": "static_learned_weights",
[TRAIN train_climax_static_learned_weights_s43]   "backbone": "climax",
[TRAIN train_climax_static_learned_weights_s43]   "seed": 43,
[TRAIN train_climax_static_learned_weights_s43]   "forecast_provider": "zarr_frozen_fm",
[TRAIN train_climax_static_learned_weights_s43]   "best_val_repair_mse": 0.1152123638894409,
[TRAIN train_climax_static_learned_weights_s43]   "global_step": 6000,
[TRAIN train_climax_static_learned_weights_s43]   "elapsed_seconds": 3448.13,
[TRAIN train_climax_static_learned_weights_s43]   "checkpoint_best": "/home/tahiti/ConserveFM/runs/prelim20_train/train_climax_static_learned_weights_s43/checkpoint_best.pt",
[TRAIN train_climax_static_learned_weights_s43]   "checkpoint_last": "/home/tahiti/ConserveFM/runs/prelim20_train/train_climax_static_learned_weights_s43/checkpoint_last.pt"
[TRAIN train_climax_static_learned_weights_s43] }
