[TRAIN train_fourcastnet_conservefm_full_s42] [SETUP] device=cuda
[TRAIN train_fourcastnet_conservefm_full_s42] [SETUP] run_id=prelim20_train_fourcastnet_conservefm_full_s42 method=conservefm_full backbone=fourcastnet
[TRAIN train_fourcastnet_conservefm_full_s42] [FORECAST] using frozen forecast cache: /home/tahiti/ConserveFM/forecasts/fourcastnet.zarr
[TRAIN train_fourcastnet_conservefm_full_s42] [STAGE] pretrain epochs=1 start_epoch=0
[TRAIN train_fourcastnet_conservefm_full_s42] [TRAIN] stage=pretrain epoch=1/1 batch=10/3000 step=10 repair=0.03668 localization=0.4695 type=3.316 minimal=0.1465 physics=1.83 total=0.7395
[TRAIN train_fourcastnet_conservefm_full_s42] [TRAIN] stage=pretrain epoch=1/1 batch=20/3000 step=20 repair=0.02001 localization=0.3238 type=1.783 minimal=0.1074 physics=1.194 total=0.4253
[TRAIN train_fourcastnet_conservefm_full_s42] [TRAIN] stage=pretrain epoch=1/1 batch=30/3000 step=30 repair=0.01172 localization=0.3907 type=1.432 minimal=0.08234 physics=1.12 total=0.361
[TRAIN train_fourcastnet_conservefm_full_s42] [TRAIN] stage=pretrain epoch=1/1 batch=40/3000 step=40 repair=0.02475 localization=0.343 type=1.573 minimal=0.07104 physics=1.186 total=0.3923
[TRAIN train_fourcastnet_conservefm_full_s42] [TRAIN] stage=pretrain epoch=1/1 batch=50/3000 step=50 repair=0.006635 localization=0.356 type=2.554 minimal=0.05542 physics=1.049 total=0.575
[TRAIN train_fourcastnet_conservefm_full_s42] [TRAIN] stage=pretrain epoch=1/1 batch=60/3000 step=60 repair=0.005366 localization=0.252 type=2.244 minimal=0.04721 physics=0.5611 total=0.4411
[TRAIN train_fourcastnet_conservefm_full_s42] [TRAIN] stage=pretrain epoch=1/1 batch=70/3000 step=70 repair=0.007447 localization=0.2779 type=1.186 minimal=0.03604 physics=1.605 total=0.2344
[TRAIN train_fourcastnet_conservefm_full_s42] [TRAIN] stage=pretrain epoch=1/1 batch=80/3000 step=80 repair=0.006604 localization=0.2773 type=2.447 minimal=0.03891 physics=0.4826 total=0.4662
[TRAIN train_fourcastnet_conservefm_full_s42] [TRAIN] stage=pretrain epoch=1/1 batch=90/3000 step=90 repair=0.005718 localization=0.3334 type=1.08 minimal=0.04047 physics=0.6993 total=0.1824
[TRAIN train_fourcastnet_conservefm_full_s42] [TRAIN] stage=pretrain epoch=1/1 batch=100/3000 step=100 repair=0.008246 localization=0.2721 type=1.978 minimal=0.05127 physics=0.6486 total=0.2662
[TRAIN train_fourcastnet_conservefm_full_s42] [TRAIN] stage=pretrain epoch=1/1 batch=110/3000 step=110 repair=0.008486 localization=0.2335 type=0.9875 minimal=0.04153 physics=0.2475 total=0.2306
[TRAIN train_fourcastnet_conservefm_full_s42] [TRAIN] stage=pretrain epoch=1/1 batch=120/3000 step=120 repair=0.005619 localization=0.2901 type=1.942 minimal=0.03403 physics=0.3785 total=0.4551
[TRAIN train_fourcastnet_conservefm_full_s42] [TRAIN] stage=pretrain epoch=1/1 batch=130/3000 step=130 repair=0.002753 localization=0.2852 type=1.821 minimal=0.02931 physics=0.1827 total=0.3711
[TRAIN train_fourcastnet_conservefm_full_s42] [TRAIN] stage=pretrain epoch=1/1 batch=140/3000 step=140 repair=0.0119 localization=0.2132 type=3.116 minimal=0.03683 physics=0.409 total=0.6594
[TRAIN train_fourcastnet_conservefm_full_s42] [TRAIN] stage=pretrain epoch=1/1 batch=150/3000 step=150 repair=0.007549 localization=0.2778 type=1.239 minimal=0.04166 physics=0.5011 total=0.1847
[TRAIN train_fourcastnet_conservefm_full_s42] [TRAIN] stage=pretrain epoch=1/1 batch=160/3000 step=160 repair=0.005225 localization=0.2931 type=0.7732 minimal=0.03281 physics=0.938 total=0.1591
[TRAIN train_fourcastnet_conservefm_full_s42] [TRAIN] stage=pretrain epoch=1/1 batch=170/3000 step=170 repair=0.002812 localization=0.3151 type=1.328 minimal=0.02873 physics=0.3388 total=0.2679
[TRAIN train_fourcastnet_conservefm_full_s42] [TRAIN] stage=pretrain epoch=1/1 batch=180/3000 step=180 repair=0.003 localization=0.2735 type=2.873 minimal=0.02937 physics=0.2387 total=0.5595
[TRAIN train_fourcastnet_conservefm_full_s42] [TRAIN] stage=pretrain epoch=1/1 batch=190/3000 step=190 repair=0.005586 localization=0.2858 type=1.75 minimal=0.02927 physics=0.2596 total=0.3657
[TRAIN train_fourcastnet_conservefm_full_s42] [TRAIN] stage=pretrain epoch=1/1 batch=200/3000 step=200 repair=0.00892 localization=0.2879 type=2.042 minimal=0.03409 physics=0.2808 total=0.4419
[TRAIN train_fourcastnet_conservefm_full_s42] [TRAIN] stage=pretrain epoch=1/1 batch=210/3000 step=210 repair=0.003882 localization=0.3143 type=1.376 minimal=0.03017 physics=0.6057 total=0.3132
[TRAIN train_fourcastnet_conservefm_full_s42] [TRAIN] stage=pretrain epoch=1/1 batch=220/3000 step=220 repair=0.003328 localization=0.2805 type=2.068 minimal=0.03032 physics=0.2705 total=0.3842
[TRAIN train_fourcastnet_conservefm_full_s42] [TRAIN] stage=pretrain epoch=1/1 batch=230/3000 step=230 repair=0.003772 localization=0.3093 type=2.535 minimal=0.02959 physics=0.3632 total=0.4919
[TRAIN train_fourcastnet_conservefm_full_s42] [TRAIN] stage=pretrain epoch=1/1 batch=240/3000 step=240 repair=0.004367 localization=0.2715 type=1.657 minimal=0.03268 physics=0.2751 total=0.3373
[TRAIN train_fourcastnet_conservefm_full_s42] [TRAIN] stage=pretrain epoch=1/1 batch=250/3000 step=250 repair=0.003853 localization=0.2874 type=1.426 minimal=0.0304 physics=0.3363 total=0.3076
[TRAIN train_fourcastnet_conservefm_full_s42] [TRAIN] stage=pretrain epoch=1/1 batch=260/3000 step=260 repair=0.003243 localization=0.2163 type=1.824 minimal=0.02739 physics=0.451 total=0.2301
[TRAIN train_fourcastnet_conservefm_full_s42] [TRAIN] stage=pretrain epoch=1/1 batch=270/3000 step=270 repair=0.002915 localization=0.2123 type=1.661 minimal=0.02582 physics=0.3911 total=0.2101
[TRAIN train_fourcastnet_conservefm_full_s42] [TRAIN] stage=pretrain epoch=1/1 batch=280/3000 step=280 repair=0.00323 localization=0.2554 type=2.063 minimal=0.0228 physics=0.1038 total=0.4254
[TRAIN train_fourcastnet_conservefm_full_s42] [TRAIN] stage=pretrain epoch=1/1 batch=290/3000 step=290 repair=0.001863 localization=0.3509 type=1.088 minimal=0.02176 physics=0.0993 total=0.2421
[TRAIN train_fourcastnet_conservefm_full_s42] [TRAIN] stage=pretrain epoch=1/1 batch=300/3000 step=300 repair=0.003074 localization=0.2886 type=1.982 minimal=0.0246 physics=0.2973 total=0.4209
[TRAIN train_fourcastnet_conservefm_full_s42] [TRAIN] stage=pretrain epoch=1/1 batch=310/3000 step=310 repair=0.01254 localization=0.2839 type=1.953 minimal=0.02487 physics=0.1559 total=0.4135
[TRAIN train_fourcastnet_conservefm_full_s42] [TRAIN] stage=pretrain epoch=1/1 batch=320/3000 step=320 repair=0.004355 localization=0.2626 type=1.466 minimal=0.02435 physics=0.1598 total=0.3277
[TRAIN train_fourcastnet_conservefm_full_s42] [TRAIN] stage=pretrain epoch=1/1 batch=330/3000 step=330 repair=0.00266 localization=0.3228 type=1.62 minimal=0.02263 physics=0.2655 total=0.3577
[TRAIN train_fourcastnet_conservefm_full_s42] [TRAIN] stage=pretrain epoch=1/1 batch=340/3000 step=340 repair=0.003955 localization=0.1929 type=1.591 minimal=0.0253 physics=0.1694 total=0.3241
[TRAIN train_fourcastnet_conservefm_full_s42] [TRAIN] stage=pretrain epoch=1/1 batch=350/3000 step=350 repair=0.003172 localization=0.2726 type=1.445 minimal=0.02423 physics=0.2824 total=0.31
[TRAIN train_fourcastnet_conservefm_full_s42] [TRAIN] stage=pretrain epoch=1/1 batch=360/3000 step=360 repair=0.003136 localization=0.2822 type=1.276 minimal=0.02342 physics=0.08117 total=0.2602
[TRAIN train_fourcastnet_conservefm_full_s42] [TRAIN] stage=pretrain epoch=1/1 batch=370/3000 step=370 repair=0.004707 localization=0.2446 type=1.401 minimal=0.02411 physics=0.1392 total=0.2903
[TRAIN train_fourcastnet_conservefm_full_s42] [TRAIN] stage=pretrain epoch=1/1 batch=380/3000 step=380 repair=0.003133 localization=0.2314 type=1.522 minimal=0.02621 physics=0.1207 total=0.31
[TRAIN train_fourcastnet_conservefm_full_s42] [TRAIN] stage=pretrain epoch=1/1 batch=390/3000 step=390 repair=0.005033 localization=0.2589 type=1.036 minimal=0.02621 physics=0.4615 total=0.2607
[TRAIN train_fourcastnet_conservefm_full_s42] [TRAIN] stage=pretrain epoch=1/1 batch=400/3000 step=400 repair=0.003511 localization=0.2509 type=1.656 minimal=0.02545 physics=0.2685 total=0.3692
[TRAIN train_fourcastnet_conservefm_full_s42] [TRAIN] stage=pretrain epoch=1/1 batch=410/3000 step=410 repair=0.01478 localization=0.2834 type=1.492 minimal=0.02481 physics=0.2552 total=0.2976
[TRAIN train_fourcastnet_conservefm_full_s42] [TRAIN] stage=pretrain epoch=1/1 batch=420/3000 step=420 repair=0.00817 localization=0.2785 type=2.041 minimal=0.02504 physics=0.3193 total=0.3327
[TRAIN train_fourcastnet_conservefm_full_s42] [TRAIN] stage=pretrain epoch=1/1 batch=430/3000 step=430 repair=0.005906 localization=0.3467 type=0.8689 minimal=0.02963 physics=0.6416 total=0.1598
[TRAIN train_fourcastnet_conservefm_full_s42] [TRAIN] stage=pretrain epoch=1/1 batch=440/3000 step=440 repair=0.004254 localization=0.3353 type=2.176 minimal=0.02739 physics=0.2502 total=0.4351
[TRAIN train_fourcastnet_conservefm_full_s42] [TRAIN] stage=pretrain epoch=1/1 batch=450/3000 step=450 repair=0.01626 localization=0.2232 type=1.078 minimal=0.02721 physics=1.189 total=0.2061
[TRAIN train_fourcastnet_conservefm_full_s42] [TRAIN] stage=pretrain epoch=1/1 batch=460/3000 step=460 repair=0.002927 localization=0.2617 type=1.087 minimal=0.02513 physics=0.4024 total=0.1582
[TRAIN train_fourcastnet_conservefm_full_s42] [TRAIN] stage=pretrain epoch=1/1 batch=470/3000 step=470 repair=0.005254 localization=0.3537 type=1.02 minimal=0.02696 physics=0.9521 total=0.1905
[TRAIN train_fourcastnet_conservefm_full_s42] [TRAIN] stage=pretrain epoch=1/1 batch=480/3000 step=480 repair=0.004399 localization=0.2258 type=2.998 minimal=0.02701 physics=0.2877 total=0.6079
[TRAIN train_fourcastnet_conservefm_full_s42] [TRAIN] stage=pretrain epoch=1/1 batch=490/3000 step=490 repair=0.003026 localization=0.3986 type=1.92 minimal=0.0269 physics=0.178 total=0.4009
[TRAIN train_fourcastnet_conservefm_full_s42] [TRAIN] stage=pretrain epoch=1/1 batch=500/3000 step=500 repair=0.004319 localization=0.2145 type=1.431 minimal=0.02724 physics=0.6858 total=0.2034
[TRAIN train_fourcastnet_conservefm_full_s42] [TRAIN] stage=pretrain epoch=1/1 batch=510/3000 step=510 repair=0.003312 localization=0.3257 type=2.455 minimal=0.02371 physics=0.1091 total=0.4732
[TRAIN train_fourcastnet_conservefm_full_s42] [TRAIN] stage=pretrain epoch=1/1 batch=520/3000 step=520 repair=0.002496 localization=0.216 type=1.026 minimal=0.02608 physics=0.3221 total=0.1431
[TRAIN train_fourcastnet_conservefm_full_s42] [TRAIN] stage=pretrain epoch=1/1 batch=530/3000 step=530 repair=0.005087 localization=0.3969 type=1.836 minimal=0.02852 physics=0.4816 total=0.3745
[TRAIN train_fourcastnet_conservefm_full_s42] [TRAIN] stage=pretrain epoch=1/1 batch=540/3000 step=540 repair=0.003872 localization=0.292 type=1.113 minimal=0.02963 physics=0.3939 total=0.1643
[TRAIN train_fourcastnet_conservefm_full_s42] [TRAIN] stage=pretrain epoch=1/1 batch=550/3000 step=550 repair=0.002934 localization=0.275 type=2.064 minimal=0.02522 physics=0.13 total=0.4018
[TRAIN train_fourcastnet_conservefm_full_s42] [TRAIN] stage=pretrain epoch=1/1 batch=560/3000 step=560 repair=0.002847 localization=0.3847 type=1.844 minimal=0.0256 physics=0.1259 total=0.3668
[TRAIN train_fourcastnet_conservefm_full_s42] [TRAIN] stage=pretrain epoch=1/1 batch=570/3000 step=570 repair=0.004378 localization=0.2397 type=2.006 minimal=0.02428 physics=0.1127 total=0.3848
[TRAIN train_fourcastnet_conservefm_full_s42] [TRAIN] stage=pretrain epoch=1/1 batch=580/3000 step=580 repair=0.003147 localization=0.3389 type=1.832 minimal=0.02228 physics=0.2204 total=0.3577
[TRAIN train_fourcastnet_conservefm_full_s42] [TRAIN] stage=pretrain epoch=1/1 batch=590/3000 step=590 repair=0.02541 localization=0.3484 type=0.8467 minimal=0.02333 physics=2.153 total=0.2528
[TRAIN train_fourcastnet_conservefm_full_s42] [TRAIN] stage=pretrain epoch=1/1 batch=600/3000 step=600 repair=0.002608 localization=0.2666 type=1.523 minimal=0.02296 physics=0.1068 total=0.2629
[TRAIN train_fourcastnet_conservefm_full_s42] [TRAIN] stage=pretrain epoch=1/1 batch=610/3000 step=610 repair=0.006052 localization=0.1983 type=2.108 minimal=0.02509 physics=0.1729 total=0.4142
[TRAIN train_fourcastnet_conservefm_full_s42] [TRAIN] stage=pretrain epoch=1/1 batch=620/3000 step=620 repair=0.00356 localization=0.3232 type=1.414 minimal=0.02431 physics=0.8632 total=0.2206
[TRAIN train_fourcastnet_conservefm_full_s42] [TRAIN] stage=pretrain epoch=1/1 batch=630/3000 step=630 repair=0.003582 localization=0.2845 type=2.485 minimal=0.02785 physics=0.1563 total=0.501
[TRAIN train_fourcastnet_conservefm_full_s42] [TRAIN] stage=pretrain epoch=1/1 batch=640/3000 step=640 repair=0.008192 localization=0.3856 type=1.84 minimal=0.02486 physics=0.1553 total=0.3745
[TRAIN train_fourcastnet_conservefm_full_s42] [TRAIN] stage=pretrain epoch=1/1 batch=650/3000 step=650 repair=0.002657 localization=0.3792 type=1.647 minimal=0.02338 physics=0.1996 total=0.3526
[TRAIN train_fourcastnet_conservefm_full_s42] [TRAIN] stage=pretrain epoch=1/1 batch=660/3000 step=660 repair=0.01494 localization=0.1505 type=1.424 minimal=0.02972 physics=0.4001 total=0.3101
[TRAIN train_fourcastnet_conservefm_full_s42] [TRAIN] stage=pretrain epoch=1/1 batch=670/3000 step=670 repair=0.005011 localization=0.224 type=1.045 minimal=0.03044 physics=0.3189 total=0.2373
[TRAIN train_fourcastnet_conservefm_full_s42] [TRAIN] stage=pretrain epoch=1/1 batch=680/3000 step=680 repair=0.002296 localization=0.3727 type=1.996 minimal=0.02377 physics=0.1795 total=0.4336
[TRAIN train_fourcastnet_conservefm_full_s42] [TRAIN] stage=pretrain epoch=1/1 batch=690/3000 step=690 repair=0.004535 localization=0.2369 type=1.869 minimal=0.02386 physics=0.1063 total=0.3769
[TRAIN train_fourcastnet_conservefm_full_s42] [TRAIN] stage=pretrain epoch=1/1 batch=700/3000 step=700 repair=0.002135 localization=0.3612 type=1.934 minimal=0.02034 physics=0.1837 total=0.4123
[TRAIN train_fourcastnet_conservefm_full_s42] [TRAIN] stage=pretrain epoch=1/1 batch=710/3000 step=710 repair=0.007003 localization=0.2484 type=1.781 minimal=0.02315 physics=0.9302 total=0.2567
[TRAIN train_fourcastnet_conservefm_full_s42] [TRAIN] stage=pretrain epoch=1/1 batch=720/3000 step=720 repair=0.02513 localization=0.2727 type=1.771 minimal=0.02582 physics=1.596 total=0.3095
[TRAIN train_fourcastnet_conservefm_full_s42] [TRAIN] stage=pretrain epoch=1/1 batch=730/3000 step=730 repair=0.002357 localization=0.1866 type=1.563 minimal=0.02199 physics=0.1356 total=0.3185
[TRAIN train_fourcastnet_conservefm_full_s42] [TRAIN] stage=pretrain epoch=1/1 batch=740/3000 step=740 repair=0.003235 localization=0.2285 type=1.557 minimal=0.02292 physics=0.1471 total=0.3273
[TRAIN train_fourcastnet_conservefm_full_s42] [TRAIN] stage=pretrain epoch=1/1 batch=750/3000 step=750 repair=0.03407 localization=0.3794 type=1.52 minimal=0.02281 physics=1.583 total=0.3034
[TRAIN train_fourcastnet_conservefm_full_s42] [TRAIN] stage=pretrain epoch=1/1 batch=760/3000 step=760 repair=0.00366 localization=0.2468 type=1.932 minimal=0.02361 physics=0.1336 total=0.3961
[TRAIN train_fourcastnet_conservefm_full_s42] [TRAIN] stage=pretrain epoch=1/1 batch=770/3000 step=770 repair=0.004783 localization=0.3476 type=1.699 minimal=0.02663 physics=0.4778 total=0.3806
[TRAIN train_fourcastnet_conservefm_full_s42] [TRAIN] stage=pretrain epoch=1/1 batch=780/3000 step=780 repair=0.002341 localization=0.4075 type=1.334 minimal=0.02193 physics=0.1351 total=0.2861
[TRAIN train_fourcastnet_conservefm_full_s42] [TRAIN] stage=pretrain epoch=1/1 batch=790/3000 step=790 repair=0.002319 localization=0.223 type=1.262 minimal=0.02162 physics=0.1662 total=0.2481
[TRAIN train_fourcastnet_conservefm_full_s42] [TRAIN] stage=pretrain epoch=1/1 batch=800/3000 step=800 repair=0.01064 localization=0.3785 type=0.8479 minimal=0.02032 physics=1.739 total=0.2205
[TRAIN train_fourcastnet_conservefm_full_s42] [TRAIN] stage=pretrain epoch=1/1 batch=810/3000 step=810 repair=0.002477 localization=0.2466 type=1.45 minimal=0.02208 physics=0.1177 total=0.2754
[TRAIN train_fourcastnet_conservefm_full_s42] [TRAIN] stage=pretrain epoch=1/1 batch=820/3000 step=820 repair=0.002543 localization=0.2622 type=1.472 minimal=0.02165 physics=0.1664 total=0.2917
[TRAIN train_fourcastnet_conservefm_full_s42] [TRAIN] stage=pretrain epoch=1/1 batch=830/3000 step=830 repair=0.003274 localization=0.3245 type=1.988 minimal=0.02675 physics=0.2377 total=0.4079
[TRAIN train_fourcastnet_conservefm_full_s42] [TRAIN] stage=pretrain epoch=1/1 batch=840/3000 step=840 repair=0.006755 localization=0.2453 type=2.138 minimal=0.03366 physics=0.2728 total=0.4396
[TRAIN train_fourcastnet_conservefm_full_s42] [TRAIN] stage=pretrain epoch=1/1 batch=850/3000 step=850 repair=0.00242 localization=0.3084 type=1.937 minimal=0.02498 physics=0.1249 total=0.4214
[TRAIN train_fourcastnet_conservefm_full_s42] [TRAIN] stage=pretrain epoch=1/1 batch=860/3000 step=860 repair=0.002944 localization=0.1981 type=2.106 minimal=0.02351 physics=0.1782 total=0.4338
[TRAIN train_fourcastnet_conservefm_full_s42] [TRAIN] stage=pretrain epoch=1/1 batch=870/3000 step=870 repair=0.002263 localization=0.2341 type=1.789 minimal=0.01926 physics=0.282 total=0.2189
[TRAIN train_fourcastnet_conservefm_full_s42] [TRAIN] stage=pretrain epoch=1/1 batch=880/3000 step=880 repair=0.002412 localization=0.2953 type=1.513 minimal=0.01953 physics=0.193 total=0.311
[TRAIN train_fourcastnet_conservefm_full_s42] [TRAIN] stage=pretrain epoch=1/1 batch=890/3000 step=890 repair=0.01202 localization=0.2371 type=1.447 minimal=0.02103 physics=0.1092 total=0.333
[TRAIN train_fourcastnet_conservefm_full_s42] [TRAIN] stage=pretrain epoch=1/1 batch=900/3000 step=900 repair=0.002755 localization=0.2217 type=1.455 minimal=0.01785 physics=0.6651 total=0.2038
[TRAIN train_fourcastnet_conservefm_full_s42] [TRAIN] stage=pretrain epoch=1/1 batch=910/3000 step=910 repair=0.02507 localization=0.2389 type=1.023 minimal=0.02168 physics=1.843 total=0.2437
[TRAIN train_fourcastnet_conservefm_full_s42] [TRAIN] stage=pretrain epoch=1/1 batch=920/3000 step=920 repair=0.003258 localization=0.3164 type=0.814 minimal=0.02052 physics=0.5876 total=0.1459
[TRAIN train_fourcastnet_conservefm_full_s42] [TRAIN] stage=pretrain epoch=1/1 batch=930/3000 step=930 repair=0.001699 localization=0.2921 type=1.455 minimal=0.01851 physics=0.1336 total=0.2406
[TRAIN train_fourcastnet_conservefm_full_s42] [TRAIN] stage=pretrain epoch=1/1 batch=940/3000 step=940 repair=0.01159 localization=0.2985 type=0.5212 minimal=0.05746 physics=0.8098 total=0.1651
[TRAIN train_fourcastnet_conservefm_full_s42] [TRAIN] stage=pretrain epoch=1/1 batch=950/3000 step=950 repair=0.003312 localization=0.2594 type=1.835 minimal=0.02415 physics=0.1557 total=0.3617
[TRAIN train_fourcastnet_conservefm_full_s42] [TRAIN] stage=pretrain epoch=1/1 batch=960/3000 step=960 repair=0.005541 localization=0.3087 type=1.78 minimal=0.02672 physics=0.3045 total=0.3853
[TRAIN train_fourcastnet_conservefm_full_s42] [TRAIN] stage=pretrain epoch=1/1 batch=970/3000 step=970 repair=0.01033 localization=0.2072 type=0.348 minimal=0.04187 physics=0.5907 total=0.1127
[TRAIN train_fourcastnet_conservefm_full_s42] [TRAIN] stage=pretrain epoch=1/1 batch=980/3000 step=980 repair=0.002509 localization=0.5261 type=2.624 minimal=0.02815 physics=0.2663 total=0.613
[TRAIN train_fourcastnet_conservefm_full_s42] [TRAIN] stage=pretrain epoch=1/1 batch=990/3000 step=990 repair=0.005563 localization=0.265 type=0.926 minimal=0.02388 physics=0.2299 total=0.2005
[TRAIN train_fourcastnet_conservefm_full_s42] [TRAIN] stage=pretrain epoch=1/1 batch=1000/3000 step=1000 repair=0.00369 localization=0.3103 type=0.9792 minimal=0.02304 physics=0.1532 total=0.2014
[TRAIN train_fourcastnet_conservefm_full_s42] [TRAIN] stage=pretrain epoch=1/1 batch=1010/3000 step=1010 repair=0.002282 localization=0.2894 type=1.917 minimal=0.02057 physics=0.09237 total=0.3829
[TRAIN train_fourcastnet_conservefm_full_s42] [TRAIN] stage=pretrain epoch=1/1 batch=1020/3000 step=1020 repair=0.005681 localization=0.196 type=1.78 minimal=0.02046 physics=1.353 total=0.2711
[TRAIN train_fourcastnet_conservefm_full_s42] [TRAIN] stage=pretrain epoch=1/1 batch=1030/3000 step=1030 repair=0.003125 localization=0.2699 type=2.029 minimal=0.02103 physics=0.219 total=0.4165
[TRAIN train_fourcastnet_conservefm_full_s42] [TRAIN] stage=pretrain epoch=1/1 batch=1040/3000 step=1040 repair=0.01588 localization=0.1168 type=1.41 minimal=0.02811 physics=0.2523 total=0.2948
[TRAIN train_fourcastnet_conservefm_full_s42] [TRAIN] stage=pretrain epoch=1/1 batch=1050/3000 step=1050 repair=0.002451 localization=0.3707 type=1.612 minimal=0.02124 physics=0.1463 total=0.3351
[TRAIN train_fourcastnet_conservefm_full_s42] [TRAIN] stage=pretrain epoch=1/1 batch=1060/3000 step=1060 repair=0.002616 localization=0.2624 type=1.535 minimal=0.01971 physics=0.07126 total=0.3144
[TRAIN train_fourcastnet_conservefm_full_s42] [TRAIN] stage=pretrain epoch=1/1 batch=1070/3000 step=1070 repair=0.002673 localization=0.3876 type=1.768 minimal=0.02072 physics=0.156 total=0.3825
[TRAIN train_fourcastnet_conservefm_full_s42] [TRAIN] stage=pretrain epoch=1/1 batch=1080/3000 step=1080 repair=0.01511 localization=0.2681 type=1.772 minimal=0.02051 physics=0.8507 total=0.4178
[TRAIN train_fourcastnet_conservefm_full_s42] [TRAIN] stage=pretrain epoch=1/1 batch=1090/3000 step=1090 repair=0.008613 localization=0.295 type=1.661 minimal=0.01566 physics=0.7257 total=0.3833
[TRAIN train_fourcastnet_conservefm_full_s42] [TRAIN] stage=pretrain epoch=1/1 batch=1100/3000 step=1100 repair=0.005792 localization=0.06975 type=1.213 minimal=0.03534 physics=0.3595 total=0.2306
[TRAIN train_fourcastnet_conservefm_full_s42] [TRAIN] stage=pretrain epoch=1/1 batch=1110/3000 step=1110 repair=0.003598 localization=0.3413 type=1.531 minimal=0.02069 physics=0.146 total=0.307
[TRAIN train_fourcastnet_conservefm_full_s42] [TRAIN] stage=pretrain epoch=1/1 batch=1120/3000 step=1120 repair=0.004565 localization=0.3384 type=1.676 minimal=0.01921 physics=0.2554 total=0.3629
[TRAIN train_fourcastnet_conservefm_full_s42] [TRAIN] stage=pretrain epoch=1/1 batch=1130/3000 step=1130 repair=0.00583 localization=0.2665 type=1.712 minimal=0.02274 physics=0.3179 total=0.3572
[TRAIN train_fourcastnet_conservefm_full_s42] [TRAIN] stage=pretrain epoch=1/1 batch=1140/3000 step=1140 repair=0.003191 localization=0.3413 type=1.975 minimal=0.01923 physics=0.4235 total=0.4202
[TRAIN train_fourcastnet_conservefm_full_s42] [TRAIN] stage=pretrain epoch=1/1 batch=1150/3000 step=1150 repair=0.007404 localization=0.2886 type=1.408 minimal=0.02135 physics=0.1422 total=0.3108
[TRAIN train_fourcastnet_conservefm_full_s42] [TRAIN] stage=pretrain epoch=1/1 batch=1160/3000 step=1160 repair=0.003523 localization=0.1749 type=3.088 minimal=0.02074 physics=0.196 total=0.616
[TRAIN train_fourcastnet_conservefm_full_s42] [TRAIN] stage=pretrain epoch=1/1 batch=1170/3000 step=1170 repair=0.00291 localization=0.3887 type=1.553 minimal=0.01854 physics=0.114 total=0.3291
[TRAIN train_fourcastnet_conservefm_full_s42] [TRAIN] stage=pretrain epoch=1/1 batch=1180/3000 step=1180 repair=0.02685 localization=0.3387 type=0.7026 minimal=0.01982 physics=1.77 total=0.2197
[TRAIN train_fourcastnet_conservefm_full_s42] [TRAIN] stage=pretrain epoch=1/1 batch=1190/3000 step=1190 repair=0.008107 localization=0.1538 type=0.7358 minimal=0.04169 physics=0.6891 total=0.1886
[TRAIN train_fourcastnet_conservefm_full_s42] [TRAIN] stage=pretrain epoch=1/1 batch=1200/3000 step=1200 repair=0.02132 localization=0.2662 type=0.7087 minimal=0.02371 physics=1.441 total=0.1911
[TRAIN train_fourcastnet_conservefm_full_s42] [TRAIN] stage=pretrain epoch=1/1 batch=1210/3000 step=1210 repair=0.003809 localization=0.353 type=2.307 minimal=0.02528 physics=0.336 total=0.4723
[TRAIN train_fourcastnet_conservefm_full_s42] [TRAIN] stage=pretrain epoch=1/1 batch=1220/3000 step=1220 repair=0.005386 localization=0.2581 type=1.307 minimal=0.02261 physics=0.184 total=0.2881
[TRAIN train_fourcastnet_conservefm_full_s42] [TRAIN] stage=pretrain epoch=1/1 batch=1230/3000 step=1230 repair=0.002536 localization=0.2089 type=1.396 minimal=0.02287 physics=0.08969 total=0.2685
[TRAIN train_fourcastnet_conservefm_full_s42] [TRAIN] stage=pretrain epoch=1/1 batch=1240/3000 step=1240 repair=0.004425 localization=0.2039 type=2.918 minimal=0.02036 physics=0.1233 total=0.5826
[TRAIN train_fourcastnet_conservefm_full_s42] [TRAIN] stage=pretrain epoch=1/1 batch=1250/3000 step=1250 repair=0.002585 localization=0.2285 type=2.112 minimal=0.02081 physics=0.07713 total=0.4357
[TRAIN train_fourcastnet_conservefm_full_s42] [TRAIN] stage=pretrain epoch=1/1 batch=1260/3000 step=1260 repair=0.01333 localization=0.3189 type=1.974 minimal=0.01863 physics=0.6844 total=0.4517
[TRAIN train_fourcastnet_conservefm_full_s42] [TRAIN] stage=pretrain epoch=1/1 batch=1270/3000 step=1270 repair=0.002383 localization=0.1966 type=1.375 minimal=0.02043 physics=0.1501 total=0.2593
[TRAIN train_fourcastnet_conservefm_full_s42] [TRAIN] stage=pretrain epoch=1/1 batch=1280/3000 step=1280 repair=0.03113 localization=0.357 type=1.242 minimal=0.01933 physics=1.72 total=0.2773
[TRAIN train_fourcastnet_conservefm_full_s42] [TRAIN] stage=pretrain epoch=1/1 batch=1290/3000 step=1290 repair=0.003053 localization=0.3766 type=1.348 minimal=0.01907 physics=0.366 total=0.194
[TRAIN train_fourcastnet_conservefm_full_s42] [TRAIN] stage=pretrain epoch=1/1 batch=1300/3000 step=1300 repair=0.002785 localization=0.2414 type=1.586 minimal=0.02043 physics=0.2422 total=0.3384
[TRAIN train_fourcastnet_conservefm_full_s42] [TRAIN] stage=pretrain epoch=1/1 batch=1310/3000 step=1310 repair=0.001984 localization=0.256 type=1.396 minimal=0.01932 physics=0.2816 total=0.2889
[TRAIN train_fourcastnet_conservefm_full_s42] [TRAIN] stage=pretrain epoch=1/1 batch=1320/3000 step=1320 repair=0.007325 localization=0.2782 type=1.615 minimal=0.0186 physics=0.9473 total=0.2442
[TRAIN train_fourcastnet_conservefm_full_s42] [TRAIN] stage=pretrain epoch=1/1 batch=1330/3000 step=1330 repair=0.006481 localization=0.2872 type=1.356 minimal=0.02184 physics=0.2624 total=0.2839
[TRAIN train_fourcastnet_conservefm_full_s42] [TRAIN] stage=pretrain epoch=1/1 batch=1340/3000 step=1340 repair=0.01132 localization=0.3756 type=1.338 minimal=0.02097 physics=0.1694 total=0.2895
[TRAIN train_fourcastnet_conservefm_full_s42] [TRAIN] stage=pretrain epoch=1/1 batch=1350/3000 step=1350 repair=0.004043 localization=0.2168 type=2.605 minimal=0.02084 physics=0.08743 total=0.5413
[TRAIN train_fourcastnet_conservefm_full_s42] [TRAIN] stage=pretrain epoch=1/1 batch=1360/3000 step=1360 repair=0.004224 localization=0.2836 type=1.276 minimal=0.01921 physics=0.3407 total=0.1774
[TRAIN train_fourcastnet_conservefm_full_s42] [TRAIN] stage=pretrain epoch=1/1 batch=1370/3000 step=1370 repair=0.002803 localization=0.3118 type=1.188 minimal=0.01862 physics=0.3029 total=0.1682
[TRAIN train_fourcastnet_conservefm_full_s42] [TRAIN] stage=pretrain epoch=1/1 batch=1380/3000 step=1380 repair=0.01604 localization=0.2078 type=0.7634 minimal=0.0201 physics=1.326 total=0.1797
[TRAIN train_fourcastnet_conservefm_full_s42] [TRAIN] stage=pretrain epoch=1/1 batch=1390/3000 step=1390 repair=0.002752 localization=0.2865 type=2.291 minimal=0.01932 physics=0.1983 total=0.433
[TRAIN train_fourcastnet_conservefm_full_s42] [TRAIN] stage=pretrain epoch=1/1 batch=1400/3000 step=1400 repair=0.007324 localization=0.2375 type=1.79 minimal=0.0218 physics=0.1129 total=0.3524
[TRAIN train_fourcastnet_conservefm_full_s42] [TRAIN] stage=pretrain epoch=1/1 batch=1410/3000 step=1410 repair=0.002806 localization=0.3061 type=1.649 minimal=0.02235 physics=0.174 total=0.3113
[TRAIN train_fourcastnet_conservefm_full_s42] [TRAIN] stage=pretrain epoch=1/1 batch=1420/3000 step=1420 repair=0.01065 localization=0.3357 type=1.592 minimal=0.02608 physics=1.478 total=0.2776
[TRAIN train_fourcastnet_conservefm_full_s42] [TRAIN] stage=pretrain epoch=1/1 batch=1430/3000 step=1430 repair=0.001763 localization=0.2924 type=1.696 minimal=0.0186 physics=0.08811 total=0.3316
[TRAIN train_fourcastnet_conservefm_full_s42] [TRAIN] stage=pretrain epoch=1/1 batch=1440/3000 step=1440 repair=0.00774 localization=0.1973 type=1.615 minimal=0.01651 physics=0.2007 total=0.3146
[TRAIN train_fourcastnet_conservefm_full_s42] [TRAIN] stage=pretrain epoch=1/1 batch=1450/3000 step=1450 repair=0.005855 localization=0.3746 type=0.5646 minimal=0.02934 physics=0.5667 total=0.169
[TRAIN train_fourcastnet_conservefm_full_s42] [TRAIN] stage=pretrain epoch=1/1 batch=1460/3000 step=1460 repair=0.01846 localization=0.2517 type=1.335 minimal=0.02197 physics=1.103 total=0.2325
[TRAIN train_fourcastnet_conservefm_full_s42] [TRAIN] stage=pretrain epoch=1/1 batch=1470/3000 step=1470 repair=0.008628 localization=0.2865 type=1.46 minimal=0.02072 physics=0.1882 total=0.3047
[TRAIN train_fourcastnet_conservefm_full_s42] [TRAIN] stage=pretrain epoch=1/1 batch=1480/3000 step=1480 repair=0.004349 localization=0.267 type=1.852 minimal=0.01939 physics=0.2063 total=0.3632
[TRAIN train_fourcastnet_conservefm_full_s42] [TRAIN] stage=pretrain epoch=1/1 batch=1490/3000 step=1490 repair=0.003057 localization=0.1959 type=2.828 minimal=0.0208 physics=0.2224 total=0.5637
[TRAIN train_fourcastnet_conservefm_full_s42] [TRAIN] stage=pretrain epoch=1/1 batch=1500/3000 step=1500 repair=0.004411 localization=0.3209 type=2.025 minimal=0.02701 physics=0.7781 total=0.2782
[TRAIN train_fourcastnet_conservefm_full_s42] [TRAIN] stage=pretrain epoch=1/1 batch=1510/3000 step=1510 repair=0.02202 localization=0.2908 type=1.281 minimal=0.02203 physics=1.432 total=0.2511
[TRAIN train_fourcastnet_conservefm_full_s42] [TRAIN] stage=pretrain epoch=1/1 batch=1520/3000 step=1520 repair=0.003261 localization=0.257 type=2.057 minimal=0.02251 physics=0.2018 total=0.4308
[TRAIN train_fourcastnet_conservefm_full_s42] [TRAIN] stage=pretrain epoch=1/1 batch=1530/3000 step=1530 repair=0.003361 localization=0.2652 type=1.841 minimal=0.02013 physics=0.157 total=0.3841
[TRAIN train_fourcastnet_conservefm_full_s42] [TRAIN] stage=pretrain epoch=1/1 batch=1540/3000 step=1540 repair=0.004063 localization=0.2104 type=1.82 minimal=0.01964 physics=0.07059 total=0.3741
[TRAIN train_fourcastnet_conservefm_full_s42] [TRAIN] stage=pretrain epoch=1/1 batch=1550/3000 step=1550 repair=0.006542 localization=0.2545 type=1.509 minimal=0.01999 physics=1.067 total=0.2365
[TRAIN train_fourcastnet_conservefm_full_s42] [TRAIN] stage=pretrain epoch=1/1 batch=1560/3000 step=1560 repair=0.02022 localization=0.4626 type=1.776 minimal=0.01831 physics=0.1926 total=0.4205
[TRAIN train_fourcastnet_conservefm_full_s42] [TRAIN] stage=pretrain epoch=1/1 batch=1570/3000 step=1570 repair=0.02407 localization=0.2605 type=1.79 minimal=0.0191 physics=1.45 total=0.3018
[TRAIN train_fourcastnet_conservefm_full_s42] [TRAIN] stage=pretrain epoch=1/1 batch=1580/3000 step=1580 repair=0.006658 localization=0.3125 type=1.17 minimal=0.01982 physics=0.8579 total=0.2926
[TRAIN train_fourcastnet_conservefm_full_s42] [TRAIN] stage=pretrain epoch=1/1 batch=1590/3000 step=1590 repair=0.002826 localization=0.3663 type=1.224 minimal=0.01756 physics=0.3833 total=0.1812
[TRAIN train_fourcastnet_conservefm_full_s42] [TRAIN] stage=pretrain epoch=1/1 batch=1600/3000 step=1600 repair=0.004218 localization=0.3832 type=0.9839 minimal=0.01802 physics=0.6643 total=0.1743
[TRAIN train_fourcastnet_conservefm_full_s42] [TRAIN] stage=pretrain epoch=1/1 batch=1610/3000 step=1610 repair=0.004596 localization=0.2235 type=1.854 minimal=0.01729 physics=0.08433 total=0.3411
[TRAIN train_fourcastnet_conservefm_full_s42] [TRAIN] stage=pretrain epoch=1/1 batch=1620/3000 step=1620 repair=0.00333 localization=0.2633 type=2.067 minimal=0.01933 physics=0.2369 total=0.4229
[TRAIN train_fourcastnet_conservefm_full_s42] [TRAIN] stage=pretrain epoch=1/1 batch=1630/3000 step=1630 repair=0.002323 localization=0.225 type=1.366 minimal=0.01732 physics=0.1378 total=0.2696
[TRAIN train_fourcastnet_conservefm_full_s42] [TRAIN] stage=pretrain epoch=1/1 batch=1640/3000 step=1640 repair=0.002495 localization=0.177 type=1.433 minimal=0.02051 physics=0.1058 total=0.2691
[TRAIN train_fourcastnet_conservefm_full_s42] [TRAIN] stage=pretrain epoch=1/1 batch=1650/3000 step=1650 repair=0.002013 localization=0.339 type=1.993 minimal=0.01839 physics=0.09594 total=0.4022
[TRAIN train_fourcastnet_conservefm_full_s42] [TRAIN] stage=pretrain epoch=1/1 batch=1660/3000 step=1660 repair=0.005596 localization=0.3623 type=2.179 minimal=0.01865 physics=0.155 total=0.458
[TRAIN train_fourcastnet_conservefm_full_s42] [TRAIN] stage=pretrain epoch=1/1 batch=1670/3000 step=1670 repair=0.01846 localization=0.2709 type=0.6765 minimal=0.01653 physics=1.194 total=0.1731
[TRAIN train_fourcastnet_conservefm_full_s42] [TRAIN] stage=pretrain epoch=1/1 batch=1680/3000 step=1680 repair=0.005225 localization=0.1212 type=0.163 minimal=0.04388 physics=2.066 total=0.149
[TRAIN train_fourcastnet_conservefm_full_s42] [TRAIN] stage=pretrain epoch=1/1 batch=1690/3000 step=1690 repair=0.003494 localization=0.3148 type=1.726 minimal=0.01669 physics=0.696 total=0.3355
[TRAIN train_fourcastnet_conservefm_full_s42] [TRAIN] stage=pretrain epoch=1/1 batch=1700/3000 step=1700 repair=0.001633 localization=0.3331 type=1.453 minimal=0.01555 physics=0.1651 total=0.2751
[TRAIN train_fourcastnet_conservefm_full_s42] [TRAIN] stage=pretrain epoch=1/1 batch=1710/3000 step=1710 repair=0.001522 localization=0.4511 type=1.761 minimal=0.01529 physics=0.07383 total=0.3281
[TRAIN train_fourcastnet_conservefm_full_s42] [TRAIN] stage=pretrain epoch=1/1 batch=1720/3000 step=1720 repair=0.007904 localization=0.4451 type=2.013 minimal=0.01633 physics=0.09814 total=0.4124
[TRAIN train_fourcastnet_conservefm_full_s42] [TRAIN] stage=pretrain epoch=1/1 batch=1730/3000 step=1730 repair=0.003484 localization=0.3402 type=1.654 minimal=0.01823 physics=0.1529 total=0.3273
[TRAIN train_fourcastnet_conservefm_full_s42] [TRAIN] stage=pretrain epoch=1/1 batch=1740/3000 step=1740 repair=0.00638 localization=0.1223 type=0.03905 minimal=0.05133 physics=1.347 total=0.0925
[TRAIN train_fourcastnet_conservefm_full_s42] [TRAIN] stage=pretrain epoch=1/1 batch=1750/3000 step=1750 repair=0.001394 localization=0.2164 type=1.12 minimal=0.01499 physics=0.2375 total=0.1471
[TRAIN train_fourcastnet_conservefm_full_s42] [TRAIN] stage=pretrain epoch=1/1 batch=1760/3000 step=1760 repair=0.001516 localization=0.2008 type=2.053 minimal=0.01369 physics=0.127 total=0.4051
[TRAIN train_fourcastnet_conservefm_full_s42] [TRAIN] stage=pretrain epoch=1/1 batch=1770/3000 step=1770 repair=0.00135 localization=0.3002 type=2.03 minimal=0.01472 physics=0.0644 total=0.4093
[TRAIN train_fourcastnet_conservefm_full_s42] [TRAIN] stage=pretrain epoch=1/1 batch=1780/3000 step=1780 repair=0.003 localization=0.1991 type=0.3817 minimal=0.02248 physics=0.2375 total=0.1015
[TRAIN train_fourcastnet_conservefm_full_s42] [TRAIN] stage=pretrain epoch=1/1 batch=1790/3000 step=1790 repair=0.03449 localization=0.3614 type=0.99 minimal=0.01646 physics=1.646 total=0.2521
[TRAIN train_fourcastnet_conservefm_full_s42] [TRAIN] stage=pretrain epoch=1/1 batch=1800/3000 step=1800 repair=0.004997 localization=0.1238 type=0.1044 minimal=0.03845 physics=1.262 total=0.09811
[TRAIN train_fourcastnet_conservefm_full_s42] [TRAIN] stage=pretrain epoch=1/1 batch=1810/3000 step=1810 repair=0.003069 localization=0.2728 type=1.64 minimal=0.0172 physics=0.107 total=0.2944
[TRAIN train_fourcastnet_conservefm_full_s42] [TRAIN] stage=pretrain epoch=1/1 batch=1820/3000 step=1820 repair=0.002021 localization=0.3435 type=1.522 minimal=0.01718 physics=0.06459 total=0.2895
[TRAIN train_fourcastnet_conservefm_full_s42] [TRAIN] stage=pretrain epoch=1/1 batch=1830/3000 step=1830 repair=0.01322 localization=0.3404 type=1.513 minimal=0.01515 physics=1.136 total=0.3726
[TRAIN train_fourcastnet_conservefm_full_s42] [TRAIN] stage=pretrain epoch=1/1 batch=1840/3000 step=1840 repair=0.002872 localization=0.2606 type=1.488 minimal=0.01706 physics=0.1093 total=0.3037
[TRAIN train_fourcastnet_conservefm_full_s42] [TRAIN] stage=pretrain epoch=1/1 batch=1850/3000 step=1850 repair=0.001657 localization=0.4546 type=4.982 minimal=0.01981 physics=0.403 total=1.212
[TRAIN train_fourcastnet_conservefm_full_s42] [TRAIN] stage=pretrain epoch=1/1 batch=1860/3000 step=1860 repair=0.001848 localization=0.3003 type=1.434 minimal=0.01784 physics=0.08969 total=0.2935
[TRAIN train_fourcastnet_conservefm_full_s42] [TRAIN] stage=pretrain epoch=1/1 batch=1870/3000 step=1870 repair=0.002708 localization=0.303 type=1.564 minimal=0.01678 physics=0.1447 total=0.3179
[TRAIN train_fourcastnet_conservefm_full_s42] [TRAIN] stage=pretrain epoch=1/1 batch=1880/3000 step=1880 repair=0.001988 localization=0.3549 type=1.096 minimal=0.01584 physics=0.2058 total=0.2272
[TRAIN train_fourcastnet_conservefm_full_s42] [TRAIN] stage=pretrain epoch=1/1 batch=1890/3000 step=1890 repair=0.008549 localization=0.2429 type=1.71 minimal=0.01459 physics=0.7387 total=0.3667
[TRAIN train_fourcastnet_conservefm_full_s42] [TRAIN] stage=pretrain epoch=1/1 batch=1900/3000 step=1900 repair=0.007383 localization=0.3546 type=1.534 minimal=0.01534 physics=1.075 total=0.353
[TRAIN train_fourcastnet_conservefm_full_s42] [TRAIN] stage=pretrain epoch=1/1 batch=1910/3000 step=1910 repair=0.007377 localization=0.1235 type=0.03315 minimal=0.05234 physics=1.167 total=0.08394
[TRAIN train_fourcastnet_conservefm_full_s42] [TRAIN] stage=pretrain epoch=1/1 batch=1920/3000 step=1920 repair=0.001524 localization=0.3379 type=1.541 minimal=0.01537 physics=0.06649 total=0.3044
[TRAIN train_fourcastnet_conservefm_full_s42] [TRAIN] stage=pretrain epoch=1/1 batch=1930/3000 step=1930 repair=0.006835 localization=0.3377 type=1.85 minimal=0.01801 physics=0.2483 total=0.3996
[TRAIN train_fourcastnet_conservefm_full_s42] [TRAIN] stage=pretrain epoch=1/1 batch=1940/3000 step=1940 repair=0.002674 localization=0.207 type=1.378 minimal=0.01894 physics=0.07877 total=0.2618
[TRAIN train_fourcastnet_conservefm_full_s42] [TRAIN] stage=pretrain epoch=1/1 batch=1950/3000 step=1950 repair=0.002353 localization=0.2031 type=1.394 minimal=0.01984 physics=0.1402 total=0.2731
[TRAIN train_fourcastnet_conservefm_full_s42] [TRAIN] stage=pretrain epoch=1/1 batch=1960/3000 step=1960 repair=0.002184 localization=0.1297 type=0.1022 minimal=0.02261 physics=0.2693 total=0.04505
[TRAIN train_fourcastnet_conservefm_full_s42] [TRAIN] stage=pretrain epoch=1/1 batch=1970/3000 step=1970 repair=0.00315 localization=0.2086 type=1.378 minimal=0.01903 physics=0.1637 total=0.2942
[TRAIN train_fourcastnet_conservefm_full_s42] [TRAIN] stage=pretrain epoch=1/1 batch=1980/3000 step=1980 repair=0.004921 localization=0.09697 type=0.06606 minimal=0.03848 physics=1.472 total=0.09987
[TRAIN train_fourcastnet_conservefm_full_s42] [TRAIN] stage=pretrain epoch=1/1 batch=1990/3000 step=1990 repair=0.00321 localization=0.2571 type=1.375 minimal=0.01833 physics=0.1203 total=0.2856
[TRAIN train_fourcastnet_conservefm_full_s42] [TRAIN] stage=pretrain epoch=1/1 batch=2000/3000 step=2000 repair=0.003298 localization=0.1532 type=0.8472 minimal=0.02045 physics=0.2554 total=0.1929
[TRAIN train_fourcastnet_conservefm_full_s42] [TRAIN] stage=pretrain epoch=1/1 batch=2010/3000 step=2010 repair=0.00373 localization=0.1023 type=0.01235 minimal=0.02908 physics=0.6249 total=0.04754
[TRAIN train_fourcastnet_conservefm_full_s42] [TRAIN] stage=pretrain epoch=1/1 batch=2020/3000 step=2020 repair=0.008604 localization=0.3131 type=1.251 minimal=0.01851 physics=1.394 total=0.2349
[TRAIN train_fourcastnet_conservefm_full_s42] [TRAIN] stage=pretrain epoch=1/1 batch=2030/3000 step=2030 repair=0.002878 localization=0.3501 type=1.157 minimal=0.01733 physics=0.3787 total=0.1727
[TRAIN train_fourcastnet_conservefm_full_s42] [TRAIN] stage=pretrain epoch=1/1 batch=2040/3000 step=2040 repair=0.01382 localization=0.3458 type=1.358 minimal=0.01421 physics=1.535 total=0.3464
[TRAIN train_fourcastnet_conservefm_full_s42] [TRAIN] stage=pretrain epoch=1/1 batch=2050/3000 step=2050 repair=0.002367 localization=0.0897 type=0.02719 minimal=0.02902 physics=1.415 total=0.08657
[TRAIN train_fourcastnet_conservefm_full_s42] [TRAIN] stage=pretrain epoch=1/1 batch=2060/3000 step=2060 repair=0.004515 localization=0.282 type=1.221 minimal=0.01755 physics=0.5131 total=0.2566
[TRAIN train_fourcastnet_conservefm_full_s42] [TRAIN] stage=pretrain epoch=1/1 batch=2070/3000 step=2070 repair=0.002025 localization=0.2585 type=1.657 minimal=0.01561 physics=0.1363 total=0.3614
[TRAIN train_fourcastnet_conservefm_full_s42] [TRAIN] stage=pretrain epoch=1/1 batch=2080/3000 step=2080 repair=0.003378 localization=0.101 type=0.05595 minimal=0.0273 physics=0.2706 total=0.03603
[TRAIN train_fourcastnet_conservefm_full_s42] [TRAIN] stage=pretrain epoch=1/1 batch=2090/3000 step=2090 repair=0.00194 localization=0.3846 type=1.443 minimal=0.01496 physics=0.1458 total=0.2931
[TRAIN train_fourcastnet_conservefm_full_s42] [TRAIN] stage=pretrain epoch=1/1 batch=2100/3000 step=2100 repair=0.00254 localization=0.1864 type=1.85 minimal=0.01408 physics=0.0567 total=0.3596
[TRAIN train_fourcastnet_conservefm_full_s42] [TRAIN] stage=pretrain epoch=1/1 batch=2110/3000 step=2110 repair=0.0125 localization=0.2787 type=1.392 minimal=0.01753 physics=0.9413 total=0.3369
[TRAIN train_fourcastnet_conservefm_full_s42] [TRAIN] stage=pretrain epoch=1/1 batch=2120/3000 step=2120 repair=0.002359 localization=0.4234 type=1.319 minimal=0.0166 physics=0.1091 total=0.2835
[TRAIN train_fourcastnet_conservefm_full_s42] [TRAIN] stage=pretrain epoch=1/1 batch=2130/3000 step=2130 repair=0.005618 localization=0.2494 type=1.423 minimal=0.01691 physics=0.7769 total=0.2119
[TRAIN train_fourcastnet_conservefm_full_s42] [TRAIN] stage=pretrain epoch=1/1 batch=2140/3000 step=2140 repair=0.001824 localization=0.2602 type=0.8511 minimal=0.01726 physics=0.2584 total=0.1838
[TRAIN train_fourcastnet_conservefm_full_s42] [TRAIN] stage=pretrain epoch=1/1 batch=2150/3000 step=2150 repair=0.003971 localization=0.3826 type=0.9617 minimal=0.01918 physics=0.2731 total=0.1522
[TRAIN train_fourcastnet_conservefm_full_s42] [TRAIN] stage=pretrain epoch=1/1 batch=2160/3000 step=2160 repair=0.004898 localization=0.4165 type=1.929 minimal=0.01588 physics=0.1166 total=0.3611
[TRAIN train_fourcastnet_conservefm_full_s42] [TRAIN] stage=pretrain epoch=1/1 batch=2170/3000 step=2170 repair=0.004744 localization=0.2961 type=1.091 minimal=0.01762 physics=0.07248 total=0.2358
[TRAIN train_fourcastnet_conservefm_full_s42] [TRAIN] stage=pretrain epoch=1/1 batch=2180/3000 step=2180 repair=0.01696 localization=0.3753 type=1.464 minimal=0.01733 physics=1.321 total=0.3938
[TRAIN train_fourcastnet_conservefm_full_s42] [TRAIN] stage=pretrain epoch=1/1 batch=2190/3000 step=2190 repair=0.008107 localization=0.1932 type=1.436 minimal=0.01981 physics=0.6913 total=0.3172
[TRAIN train_fourcastnet_conservefm_full_s42] [TRAIN] stage=pretrain epoch=1/1 batch=2200/3000 step=2200 repair=0.004843 localization=0.2612 type=1.9 minimal=0.0208 physics=0.08369 total=0.3836
[TRAIN train_fourcastnet_conservefm_full_s42] [TRAIN] stage=pretrain epoch=1/1 batch=2210/3000 step=2210 repair=0.005614 localization=0.2637 type=1.605 minimal=0.01452 physics=0.08738 total=0.3241
[TRAIN train_fourcastnet_conservefm_full_s42] [TRAIN] stage=pretrain epoch=1/1 batch=2220/3000 step=2220 repair=0.002441 localization=0.343 type=1.739 minimal=0.01541 physics=0.1325 total=0.3439
[TRAIN train_fourcastnet_conservefm_full_s42] [TRAIN] stage=pretrain epoch=1/1 batch=2230/3000 step=2230 repair=0.004599 localization=0.2369 type=1.303 minimal=0.01616 physics=0.1353 total=0.2784
[TRAIN train_fourcastnet_conservefm_full_s42] [TRAIN] stage=pretrain epoch=1/1 batch=2240/3000 step=2240 repair=0.002055 localization=0.1844 type=0.01032 minimal=0.02199 physics=1.065 total=0.07557
[TRAIN train_fourcastnet_conservefm_full_s42] [TRAIN] stage=pretrain epoch=1/1 batch=2250/3000 step=2250 repair=0.009552 localization=0.2867 type=1.16 minimal=0.01519 physics=1.134 total=0.3045
[TRAIN train_fourcastnet_conservefm_full_s42] [TRAIN] stage=pretrain epoch=1/1 batch=2260/3000 step=2260 repair=0.001878 localization=0.2458 type=1.591 minimal=0.01674 physics=0.06736 total=0.3276
[TRAIN train_fourcastnet_conservefm_full_s42] [TRAIN] stage=pretrain epoch=1/1 batch=2270/3000 step=2270 repair=0.004243 localization=0.2728 type=1.486 minimal=0.01747 physics=0.05373 total=0.3082
[TRAIN train_fourcastnet_conservefm_full_s42] [TRAIN] stage=pretrain epoch=1/1 batch=2280/3000 step=2280 repair=0.006126 localization=0.1943 type=1.294 minimal=0.01588 physics=0.1199 total=0.2634
[TRAIN train_fourcastnet_conservefm_full_s42] [TRAIN] stage=pretrain epoch=1/1 batch=2290/3000 step=2290 repair=0.02385 localization=0.3395 type=1.413 minimal=0.01714 physics=1.703 total=0.2844
[TRAIN train_fourcastnet_conservefm_full_s42] [TRAIN] stage=pretrain epoch=1/1 batch=2300/3000 step=2300 repair=0.003672 localization=0.2167 type=1.204 minimal=0.01927 physics=0.2428 total=0.2607
[TRAIN train_fourcastnet_conservefm_full_s42] [TRAIN] stage=pretrain epoch=1/1 batch=2310/3000 step=2310 repair=0.01295 localization=0.386 type=1.329 minimal=0.01804 physics=0.1379 total=0.2909
[TRAIN train_fourcastnet_conservefm_full_s42] [TRAIN] stage=pretrain epoch=1/1 batch=2320/3000 step=2320 repair=0.007983 localization=0.1925 type=1.506 minimal=0.01476 physics=0.7323 total=0.3266
[TRAIN train_fourcastnet_conservefm_full_s42] [TRAIN] stage=pretrain epoch=1/1 batch=2330/3000 step=2330 repair=0.002268 localization=0.2529 type=0.8198 minimal=0.01472 physics=0.2587 total=0.1226
[TRAIN train_fourcastnet_conservefm_full_s42] [TRAIN] stage=pretrain epoch=1/1 batch=2340/3000 step=2340 repair=0.003331 localization=0.09998 type=0.2339 minimal=0.02179 physics=0.3109 total=0.07476
[TRAIN train_fourcastnet_conservefm_full_s42] [TRAIN] stage=pretrain epoch=1/1 batch=2350/3000 step=2350 repair=0.005668 localization=0.2276 type=1.833 minimal=0.02184 physics=0.1506 total=0.3392
[TRAIN train_fourcastnet_conservefm_full_s42] [TRAIN] stage=pretrain epoch=1/1 batch=2360/3000 step=2360 repair=0.003516 localization=0.4499 type=1.624 minimal=0.01822 physics=0.12 total=0.3258
[TRAIN train_fourcastnet_conservefm_full_s42] [TRAIN] stage=pretrain epoch=1/1 batch=2370/3000 step=2370 repair=0.002119 localization=0.3335 type=1.607 minimal=0.01447 physics=0.2267 total=0.3215
[TRAIN train_fourcastnet_conservefm_full_s42] [TRAIN] stage=pretrain epoch=1/1 batch=2380/3000 step=2380 repair=0.002349 localization=0.254 type=1.854 minimal=0.01517 physics=0.07661 total=0.353
[TRAIN train_fourcastnet_conservefm_full_s42] [TRAIN] stage=pretrain epoch=1/1 batch=2390/3000 step=2390 repair=0.004383 localization=0.06523 type=0.003871 minimal=0.03766 physics=0.4599 total=0.03488
[TRAIN train_fourcastnet_conservefm_full_s42] [TRAIN] stage=pretrain epoch=1/1 batch=2400/3000 step=2400 repair=0.003985 localization=0.2916 type=1.796 minimal=0.01686 physics=0.6038 total=0.3692
[TRAIN train_fourcastnet_conservefm_full_s42] [TRAIN] stage=pretrain epoch=1/1 batch=2410/3000 step=2410 repair=0.002514 localization=0.1034 type=0.05489 minimal=0.02196 physics=0.242 total=0.03403
[TRAIN train_fourcastnet_conservefm_full_s42] [TRAIN] stage=pretrain epoch=1/1 batch=2420/3000 step=2420 repair=0.02366 localization=0.2465 type=1.35 minimal=0.01714 physics=1.125 total=0.2397
[TRAIN train_fourcastnet_conservefm_full_s42] [TRAIN] stage=pretrain epoch=1/1 batch=2430/3000 step=2430 repair=0.001768 localization=0.3581 type=1.577 minimal=0.01663 physics=0.05436 total=0.3177
[TRAIN train_fourcastnet_conservefm_full_s42] [TRAIN] stage=pretrain epoch=1/1 batch=2440/3000 step=2440 repair=0.005058 localization=0.1869 type=1.607 minimal=0.01396 physics=0.06298 total=0.2913
[TRAIN train_fourcastnet_conservefm_full_s42] [TRAIN] stage=pretrain epoch=1/1 batch=2450/3000 step=2450 repair=0.003248 localization=0.3248 type=1.678 minimal=0.01826 physics=0.1584 total=0.3348
[TRAIN train_fourcastnet_conservefm_full_s42] [TRAIN] stage=pretrain epoch=1/1 batch=2460/3000 step=2460 repair=0.002361 localization=0.3617 type=1.57 minimal=0.01507 physics=0.172 total=0.3358
[TRAIN train_fourcastnet_conservefm_full_s42] [TRAIN] stage=pretrain epoch=1/1 batch=2470/3000 step=2470 repair=0.002206 localization=0.2457 type=1.472 minimal=0.01439 physics=0.1675 total=0.299
[TRAIN train_fourcastnet_conservefm_full_s42] [TRAIN] stage=pretrain epoch=1/1 batch=2480/3000 step=2480 repair=0.002986 localization=0.1382 type=2.629 minimal=0.01654 physics=0.2358 total=0.5184
[TRAIN train_fourcastnet_conservefm_full_s42] [TRAIN] stage=pretrain epoch=1/1 batch=2490/3000 step=2490 repair=0.006255 localization=0.2361 type=1.066 minimal=0.01843 physics=0.2352 total=0.2289
[TRAIN train_fourcastnet_conservefm_full_s42] [TRAIN] stage=pretrain epoch=1/1 batch=2500/3000 step=2500 repair=0.01172 localization=0.3982 type=1.006 minimal=0.01582 physics=0.5339 total=0.2549
[TRAIN train_fourcastnet_conservefm_full_s42] [TRAIN] stage=pretrain epoch=1/1 batch=2510/3000 step=2510 repair=0.002211 localization=0.1251 type=4.967 minimal=0.01434 physics=0.08612 total=0.9564
[TRAIN train_fourcastnet_conservefm_full_s42] [TRAIN] stage=pretrain epoch=1/1 batch=2520/3000 step=2520 repair=0.004603 localization=0.2752 type=3.442 minimal=0.01894 physics=0.2876 total=0.7105
[TRAIN train_fourcastnet_conservefm_full_s42] [TRAIN] stage=pretrain epoch=1/1 batch=2530/3000 step=2530 repair=0.006416 localization=0.336 type=2.111 minimal=0.02054 physics=0.119 total=0.4413
[TRAIN train_fourcastnet_conservefm_full_s42] [TRAIN] stage=pretrain epoch=1/1 batch=2540/3000 step=2540 repair=0.005466 localization=0.3235 type=1.763 minimal=0.01915 physics=0.1994 total=0.3463
[TRAIN train_fourcastnet_conservefm_full_s42] [TRAIN] stage=pretrain epoch=1/1 batch=2550/3000 step=2550 repair=0.003312 localization=0.2151 type=0.9224 minimal=0.01514 physics=0.0937 total=0.1993
[TRAIN train_fourcastnet_conservefm_full_s42] [TRAIN] stage=pretrain epoch=1/1 batch=2560/3000 step=2560 repair=0.004486 localization=0.1986 type=1.231 minimal=0.02007 physics=0.2121 total=0.1583
[TRAIN train_fourcastnet_conservefm_full_s42] [TRAIN] stage=pretrain epoch=1/1 batch=2570/3000 step=2570 repair=0.008042 localization=0.2599 type=1.613 minimal=0.01974 physics=0.504 total=0.3606
[TRAIN train_fourcastnet_conservefm_full_s42] [TRAIN] stage=pretrain epoch=1/1 batch=2580/3000 step=2580 repair=0.00366 localization=0.2738 type=1.869 minimal=0.01974 physics=0.2327 total=0.3836
[TRAIN train_fourcastnet_conservefm_full_s42] [TRAIN] stage=pretrain epoch=1/1 batch=2590/3000 step=2590 repair=0.01672 localization=0.2091 type=0.8899 minimal=0.0193 physics=1.055 total=0.1796
[TRAIN train_fourcastnet_conservefm_full_s42] [TRAIN] stage=pretrain epoch=1/1 batch=2600/3000 step=2600 repair=0.006853 localization=0.2304 type=1.494 minimal=0.01874 physics=0.1052 total=0.2807
[TRAIN train_fourcastnet_conservefm_full_s42] [TRAIN] stage=pretrain epoch=1/1 batch=2610/3000 step=2610 repair=0.002547 localization=0.2146 type=1.878 minimal=0.0181 physics=0.1546 total=0.3538
[TRAIN train_fourcastnet_conservefm_full_s42] [TRAIN] stage=pretrain epoch=1/1 batch=2620/3000 step=2620 repair=0.003545 localization=0.2516 type=1.013 minimal=0.01522 physics=0.4832 total=0.1543
[TRAIN train_fourcastnet_conservefm_full_s42] [TRAIN] stage=pretrain epoch=1/1 batch=2630/3000 step=2630 repair=0.00103 localization=0.2829 type=1.873 minimal=0.01432 physics=0.08502 total=0.3582
[TRAIN train_fourcastnet_conservefm_full_s42] [TRAIN] stage=pretrain epoch=1/1 batch=2640/3000 step=2640 repair=0.004846 localization=0.3219 type=1.716 minimal=0.01494 physics=0.08128 total=0.3289
[TRAIN train_fourcastnet_conservefm_full_s42] [TRAIN] stage=pretrain epoch=1/1 batch=2650/3000 step=2650 repair=0.01701 localization=0.2125 type=0.7151 minimal=0.01802 physics=1.203 total=0.1701
[TRAIN train_fourcastnet_conservefm_full_s42] [TRAIN] stage=pretrain epoch=1/1 batch=2660/3000 step=2660 repair=0.01106 localization=0.3651 type=2.583 minimal=0.01546 physics=0.08472 total=0.4493
[TRAIN train_fourcastnet_conservefm_full_s42] [TRAIN] stage=pretrain epoch=1/1 batch=2670/3000 step=2670 repair=0.005395 localization=0.2724 type=1.977 minimal=0.01546 physics=1.465 total=0.3037
[TRAIN train_fourcastnet_conservefm_full_s42] [TRAIN] stage=pretrain epoch=1/1 batch=2680/3000 step=2680 repair=0.006965 localization=0.2764 type=1.7 minimal=0.01616 physics=0.143 total=0.3353
[TRAIN train_fourcastnet_conservefm_full_s42] [TRAIN] stage=pretrain epoch=1/1 batch=2690/3000 step=2690 repair=0.007886 localization=0.2644 type=1.306 minimal=0.0135 physics=0.2451 total=0.2809
[TRAIN train_fourcastnet_conservefm_full_s42] [TRAIN] stage=pretrain epoch=1/1 batch=2700/3000 step=2700 repair=0.003028 localization=0.3027 type=1.369 minimal=0.01642 physics=0.1304 total=0.2783
[TRAIN train_fourcastnet_conservefm_full_s42] [TRAIN] stage=pretrain epoch=1/1 batch=2710/3000 step=2710 repair=0.003807 localization=0.2533 type=1.865 minimal=0.01801 physics=0.1772 total=0.3757
[TRAIN train_fourcastnet_conservefm_full_s42] [TRAIN] stage=pretrain epoch=1/1 batch=2720/3000 step=2720 repair=0.003074 localization=0.08925 type=0.1163 minimal=0.02237 physics=0.6882 total=0.06727
[TRAIN train_fourcastnet_conservefm_full_s42] [TRAIN] stage=pretrain epoch=1/1 batch=2730/3000 step=2730 repair=0.003218 localization=0.244 type=0.8169 minimal=0.01532 physics=0.7431 total=0.1466
[TRAIN train_fourcastnet_conservefm_full_s42] [TRAIN] stage=pretrain epoch=1/1 batch=2740/3000 step=2740 repair=0.004262 localization=0.2326 type=1.624 minimal=0.02028 physics=0.5007 total=0.3297
[TRAIN train_fourcastnet_conservefm_full_s42] [TRAIN] stage=pretrain epoch=1/1 batch=2750/3000 step=2750 repair=0.004778 localization=0.2099 type=1.622 minimal=0.01271 physics=0.2112 total=0.2852
[TRAIN train_fourcastnet_conservefm_full_s42] [TRAIN] stage=pretrain epoch=1/1 batch=2760/3000 step=2760 repair=0.001789 localization=0.3692 type=1.741 minimal=0.0123 physics=0.08327 total=0.3138
[TRAIN train_fourcastnet_conservefm_full_s42] [TRAIN] stage=pretrain epoch=1/1 batch=2770/3000 step=2770 repair=0.005571 localization=0.2893 type=2.173 minimal=0.01479 physics=0.09957 total=0.4269
[TRAIN train_fourcastnet_conservefm_full_s42] [TRAIN] stage=pretrain epoch=1/1 batch=2780/3000 step=2780 repair=0.002657 localization=0.1178 type=0.03265 minimal=0.01776 physics=0.4853 total=0.04372
[TRAIN train_fourcastnet_conservefm_full_s42] [TRAIN] stage=pretrain epoch=1/1 batch=2790/3000 step=2790 repair=0.0009733 localization=0.3615 type=0.7837 minimal=0.01203 physics=0.0914 total=0.1679
[TRAIN train_fourcastnet_conservefm_full_s42] [TRAIN] stage=pretrain epoch=1/1 batch=2800/3000 step=2800 repair=0.004103 localization=0.3283 type=1.108 minimal=0.01646 physics=0.9058 total=0.1932
[TRAIN train_fourcastnet_conservefm_full_s42] [TRAIN] stage=pretrain epoch=1/1 batch=2810/3000 step=2810 repair=0.002322 localization=0.09015 type=0.008949 minimal=0.01848 physics=0.286 total=0.02722
[TRAIN train_fourcastnet_conservefm_full_s42] [TRAIN] stage=pretrain epoch=1/1 batch=2820/3000 step=2820 repair=0.006074 localization=0.2167 type=1.892 minimal=0.01871 physics=0.2719 total=0.3711
[TRAIN train_fourcastnet_conservefm_full_s42] [TRAIN] stage=pretrain epoch=1/1 batch=2830/3000 step=2830 repair=0.001867 localization=0.1955 type=2.942 minimal=0.01616 physics=0.1298 total=0.585
[TRAIN train_fourcastnet_conservefm_full_s42] [TRAIN] stage=pretrain epoch=1/1 batch=2840/3000 step=2840 repair=0.001688 localization=0.05206 type=0.01269 minimal=0.02403 physics=0.6694 total=0.04268
[TRAIN train_fourcastnet_conservefm_full_s42] [TRAIN] stage=pretrain epoch=1/1 batch=2850/3000 step=2850 repair=0.004568 localization=0.284 type=1.484 minimal=0.01868 physics=0.1238 total=0.2838
[TRAIN train_fourcastnet_conservefm_full_s42] [TRAIN] stage=pretrain epoch=1/1 batch=2860/3000 step=2860 repair=0.01102 localization=0.3047 type=1.216 minimal=0.01639 physics=1.034 total=0.301
[TRAIN train_fourcastnet_conservefm_full_s42] [TRAIN] stage=pretrain epoch=1/1 batch=2870/3000 step=2870 repair=0.02749 localization=0.3011 type=1.243 minimal=0.01772 physics=1.124 total=0.2382
[TRAIN train_fourcastnet_conservefm_full_s42] [TRAIN] stage=pretrain epoch=1/1 batch=2880/3000 step=2880 repair=0.00451 localization=0.2177 type=1.474 minimal=0.01579 physics=0.06752 total=0.2972
[TRAIN train_fourcastnet_conservefm_full_s42] [TRAIN] stage=pretrain epoch=1/1 batch=2890/3000 step=2890 repair=0.001855 localization=0.2414 type=1.208 minimal=0.01318 physics=0.3038 total=0.1621
[TRAIN train_fourcastnet_conservefm_full_s42] [TRAIN] stage=pretrain epoch=1/1 batch=2900/3000 step=2900 repair=0.002445 localization=0.3406 type=0.9482 minimal=0.01427 physics=0.3611 total=0.1495
[TRAIN train_fourcastnet_conservefm_full_s42] [TRAIN] stage=pretrain epoch=1/1 batch=2910/3000 step=2910 repair=0.006714 localization=0.2 type=1.967 minimal=0.01387 physics=0.05775 total=0.3769
[TRAIN train_fourcastnet_conservefm_full_s42] [TRAIN] stage=pretrain epoch=1/1 batch=2920/3000 step=2920 repair=0.001601 localization=0.3475 type=1.035 minimal=0.0173 physics=0.4488 total=0.2258
[TRAIN train_fourcastnet_conservefm_full_s42] [TRAIN] stage=pretrain epoch=1/1 batch=2930/3000 step=2930 repair=0.01725 localization=0.2549 type=1.521 minimal=0.01368 physics=1.618 total=0.2759
[TRAIN train_fourcastnet_conservefm_full_s42] [TRAIN] stage=pretrain epoch=1/1 batch=2940/3000 step=2940 repair=0.004759 localization=0.02712 type=0.0003107 minimal=0.02753 physics=0.4598 total=0.03078
[TRAIN train_fourcastnet_conservefm_full_s42] [TRAIN] stage=pretrain epoch=1/1 batch=2950/3000 step=2950 repair=0.002182 localization=0.02879 type=0.006213 minimal=0.02039 physics=0.1968 total=0.01608
[TRAIN train_fourcastnet_conservefm_full_s42] [TRAIN] stage=pretrain epoch=1/1 batch=2960/3000 step=2960 repair=0.007133 localization=0.3678 type=2.176 minimal=0.01447 physics=0.1342 total=0.4594
[TRAIN train_fourcastnet_conservefm_full_s42] [TRAIN] stage=pretrain epoch=1/1 batch=2970/3000 step=2970 repair=0.009591 localization=0.3399 type=1.332 minimal=0.01309 physics=1.033 total=0.2286
[TRAIN train_fourcastnet_conservefm_full_s42] [TRAIN] stage=pretrain epoch=1/1 batch=2980/3000 step=2980 repair=0.002624 localization=0.2747 type=1.226 minimal=0.01341 physics=0.7601 total=0.1908
[TRAIN train_fourcastnet_conservefm_full_s42] [TRAIN] stage=pretrain epoch=1/1 batch=2990/3000 step=2990 repair=0.001926 localization=0.3282 type=1.241 minimal=0.0145 physics=0.1783 total=0.2505
[TRAIN train_fourcastnet_conservefm_full_s42] [TRAIN] stage=pretrain epoch=1/1 batch=3000/3000 step=3000 repair=0.002713 localization=0.249 type=1.16 minimal=0.01651 physics=0.8345 total=0.1855
[TRAIN train_fourcastnet_conservefm_full_s42] [EPOCH] {'stage': 'pretrain', 'epoch': 0, 'global_step': 3000, 'train_total': 0.3081564834071323, 'val_repair_mse': 0.2193781239911914, 'elapsed_seconds': 1680.59}
[TRAIN train_fourcastnet_conservefm_full_s42] [BEST] val_repair_mse=0.219378
[TRAIN train_fourcastnet_conservefm_full_s42] [STAGE] finetune epochs=1 start_epoch=0
[TRAIN train_fourcastnet_conservefm_full_s42] [TRAIN] stage=finetune epoch=1/1 batch=10/3000 step=3010 repair=0.1717 localization=0 type=0 minimal=0.0596 physics=0.6495 total=0.2048
[TRAIN train_fourcastnet_conservefm_full_s42] [TRAIN] stage=finetune epoch=1/1 batch=20/3000 step=3020 repair=0.142 localization=0 type=0 minimal=0.1093 physics=0.2505 total=0.1556
[TRAIN train_fourcastnet_conservefm_full_s42] [TRAIN] stage=finetune epoch=1/1 batch=30/3000 step=3030 repair=0.1364 localization=0 type=0 minimal=0.09589 physics=0.5084 total=0.1627
[TRAIN train_fourcastnet_conservefm_full_s42] [TRAIN] stage=finetune epoch=1/1 batch=40/3000 step=3040 repair=0.1725 localization=0 type=0 minimal=0.1234 physics=0.2714 total=0.1873
[TRAIN train_fourcastnet_conservefm_full_s42] [TRAIN] stage=finetune epoch=1/1 batch=50/3000 step=3050 repair=0.1955 localization=0 type=0 minimal=0.11 physics=0.4552 total=0.2193
[TRAIN train_fourcastnet_conservefm_full_s42] [TRAIN] stage=finetune epoch=1/1 batch=60/3000 step=3060 repair=0.09801 localization=0 type=0 minimal=0.1127 physics=0.5364 total=0.126
[TRAIN train_fourcastnet_conservefm_full_s42] [TRAIN] stage=finetune epoch=1/1 batch=70/3000 step=3070 repair=0.1545 localization=0 type=0 minimal=0.1396 physics=0.833 total=0.1976
[TRAIN train_fourcastnet_conservefm_full_s42] [TRAIN] stage=finetune epoch=1/1 batch=80/3000 step=3080 repair=0.0912 localization=0 type=0 minimal=0.1245 physics=0.6323 total=0.1241
[TRAIN train_fourcastnet_conservefm_full_s42] [TRAIN] stage=finetune epoch=1/1 batch=90/3000 step=3090 repair=0.09516 localization=0 type=0 minimal=0.1096 physics=0.5431 total=0.1234
[TRAIN train_fourcastnet_conservefm_full_s42] [TRAIN] stage=finetune epoch=1/1 batch=100/3000 step=3100 repair=0.06481 localization=0 type=0 minimal=0.1145 physics=0.194 total=0.07565
[TRAIN train_fourcastnet_conservefm_full_s42] [TRAIN] stage=finetune epoch=1/1 batch=110/3000 step=3110 repair=0.0936 localization=0 type=0 minimal=0.1016 physics=0.3494 total=0.1121
[TRAIN train_fourcastnet_conservefm_full_s42] [TRAIN] stage=finetune epoch=1/1 batch=120/3000 step=3120 repair=0.1451 localization=0 type=0 minimal=0.1322 physics=0.5275 total=0.1728
[TRAIN train_fourcastnet_conservefm_full_s42] [TRAIN] stage=finetune epoch=1/1 batch=130/3000 step=3130 repair=0.2219 localization=0 type=0 minimal=0.131 physics=0.3437 total=0.2404
[TRAIN train_fourcastnet_conservefm_full_s42] [TRAIN] stage=finetune epoch=1/1 batch=140/3000 step=3140 repair=0.08233 localization=0 type=0 minimal=0.1205 physics=0.1733 total=0.0922
[TRAIN train_fourcastnet_conservefm_full_s42] [TRAIN] stage=finetune epoch=1/1 batch=150/3000 step=3150 repair=0.1714 localization=0 type=0 minimal=0.1389 physics=0.4605 total=0.1958
[TRAIN train_fourcastnet_conservefm_full_s42] [TRAIN] stage=finetune epoch=1/1 batch=160/3000 step=3160 repair=0.08478 localization=0 type=0 minimal=0.1234 physics=0.452 total=0.1086
[TRAIN train_fourcastnet_conservefm_full_s42] [TRAIN] stage=finetune epoch=1/1 batch=170/3000 step=3170 repair=0.09828 localization=0 type=0 minimal=0.114 physics=0.3877 total=0.1188
[TRAIN train_fourcastnet_conservefm_full_s42] [TRAIN] stage=finetune epoch=1/1 batch=180/3000 step=3180 repair=0.1253 localization=0 type=0 minimal=0.1317 physics=0.4606 total=0.1497
[TRAIN train_fourcastnet_conservefm_full_s42] [TRAIN] stage=finetune epoch=1/1 batch=190/3000 step=3190 repair=0.08959 localization=0 type=0 minimal=0.1021 physics=0.2762 total=0.1044
[TRAIN train_fourcastnet_conservefm_full_s42] [TRAIN] stage=finetune epoch=1/1 batch=200/3000 step=3200 repair=0.1445 localization=0 type=0 minimal=0.1414 physics=0.5471 total=0.1733
[TRAIN train_fourcastnet_conservefm_full_s42] [TRAIN] stage=finetune epoch=1/1 batch=210/3000 step=3210 repair=0.0938 localization=0 type=0 minimal=0.1377 physics=0.399 total=0.1151
[TRAIN train_fourcastnet_conservefm_full_s42] [TRAIN] stage=finetune epoch=1/1 batch=220/3000 step=3220 repair=0.07154 localization=0 type=0 minimal=0.1201 physics=0.3316 total=0.08932
[TRAIN train_fourcastnet_conservefm_full_s42] [TRAIN] stage=finetune epoch=1/1 batch=230/3000 step=3230 repair=0.08944 localization=0 type=0 minimal=0.1327 physics=0.301 total=0.1058
[TRAIN train_fourcastnet_conservefm_full_s42] [TRAIN] stage=finetune epoch=1/1 batch=240/3000 step=3240 repair=0.111 localization=0 type=0 minimal=0.1481 physics=0.4735 total=0.1361
[TRAIN train_fourcastnet_conservefm_full_s42] [TRAIN] stage=finetune epoch=1/1 batch=250/3000 step=3250 repair=0.05751 localization=0 type=0 minimal=0.1318 physics=0.2598 total=0.07182
[TRAIN train_fourcastnet_conservefm_full_s42] [TRAIN] stage=finetune epoch=1/1 batch=260/3000 step=3260 repair=0.08551 localization=0 type=0 minimal=0.1292 physics=0.4678 total=0.1102
[TRAIN train_fourcastnet_conservefm_full_s42] [TRAIN] stage=finetune epoch=1/1 batch=270/3000 step=3270 repair=0.07851 localization=0 type=0 minimal=0.1198 physics=0.4735 total=0.1034
[TRAIN train_fourcastnet_conservefm_full_s42] [TRAIN] stage=finetune epoch=1/1 batch=280/3000 step=3280 repair=0.09829 localization=0 type=0 minimal=0.1344 physics=0.4359 total=0.1214
[TRAIN train_fourcastnet_conservefm_full_s42] [TRAIN] stage=finetune epoch=1/1 batch=290/3000 step=3290 repair=0.07512 localization=0 type=0 minimal=0.125 physics=0.231 total=0.08792
[TRAIN train_fourcastnet_conservefm_full_s42] [TRAIN] stage=finetune epoch=1/1 batch=300/3000 step=3300 repair=0.08057 localization=0 type=0 minimal=0.1292 physics=0.2607 total=0.09489
[TRAIN train_fourcastnet_conservefm_full_s42] [TRAIN] stage=finetune epoch=1/1 batch=310/3000 step=3310 repair=0.1126 localization=0 type=0 minimal=0.1426 physics=0.3501 total=0.1315
[TRAIN train_fourcastnet_conservefm_full_s42] [TRAIN] stage=finetune epoch=1/1 batch=320/3000 step=3320 repair=0.06256 localization=0 type=0 minimal=0.1259 physics=0.3049 total=0.07907
[TRAIN train_fourcastnet_conservefm_full_s42] [TRAIN] stage=finetune epoch=1/1 batch=330/3000 step=3330 repair=0.101 localization=0 type=0 minimal=0.1449 physics=0.3062 total=0.1178
[TRAIN train_fourcastnet_conservefm_full_s42] [TRAIN] stage=finetune epoch=1/1 batch=340/3000 step=3340 repair=0.031 localization=0 type=0 minimal=0.08795 physics=0.1438 total=0.03907
[TRAIN train_fourcastnet_conservefm_full_s42] [TRAIN] stage=finetune epoch=1/1 batch=350/3000 step=3350 repair=0.03176 localization=0 type=0 minimal=0.09351 physics=0.1268 total=0.03904
[TRAIN train_fourcastnet_conservefm_full_s42] [TRAIN] stage=finetune epoch=1/1 batch=360/3000 step=3360 repair=0.07184 localization=0 type=0 minimal=0.1119 physics=0.2135 total=0.08363
[TRAIN train_fourcastnet_conservefm_full_s42] [TRAIN] stage=finetune epoch=1/1 batch=370/3000 step=3370 repair=0.03307 localization=0 type=0 minimal=0.08051 physics=0.1356 total=0.04065
[TRAIN train_fourcastnet_conservefm_full_s42] [TRAIN] stage=finetune epoch=1/1 batch=380/3000 step=3380 repair=0.09518 localization=0 type=0 minimal=0.135 physics=0.5716 total=0.1251
[TRAIN train_fourcastnet_conservefm_full_s42] [TRAIN] stage=finetune epoch=1/1 batch=390/3000 step=3390 repair=0.06974 localization=0 type=0 minimal=0.1132 physics=0.2965 total=0.0857
[TRAIN train_fourcastnet_conservefm_full_s42] [TRAIN] stage=finetune epoch=1/1 batch=400/3000 step=3400 repair=0.08116 localization=0 type=0 minimal=0.1323 physics=0.2156 total=0.09327
[TRAIN train_fourcastnet_conservefm_full_s42] [TRAIN] stage=finetune epoch=1/1 batch=410/3000 step=3410 repair=0.114 localization=0 type=0 minimal=0.1456 physics=0.4738 total=0.1392
[TRAIN train_fourcastnet_conservefm_full_s42] [TRAIN] stage=finetune epoch=1/1 batch=420/3000 step=3420 repair=0.061 localization=0 type=0 minimal=0.1323 physics=0.1708 total=0.07086
[TRAIN train_fourcastnet_conservefm_full_s42] [TRAIN] stage=finetune epoch=1/1 batch=430/3000 step=3430 repair=0.09717 localization=0 type=0 minimal=0.1257 physics=0.4521 total=0.121
[TRAIN train_fourcastnet_conservefm_full_s42] [TRAIN] stage=finetune epoch=1/1 batch=440/3000 step=3440 repair=0.05763 localization=0 type=0 minimal=0.1232 physics=0.3855 total=0.07813
[TRAIN train_fourcastnet_conservefm_full_s42] [TRAIN] stage=finetune epoch=1/1 batch=450/3000 step=3450 repair=0.07419 localization=0 type=0 minimal=0.1305 physics=0.2118 total=0.08608
[TRAIN train_fourcastnet_conservefm_full_s42] [TRAIN] stage=finetune epoch=1/1 batch=460/3000 step=3460 repair=0.05114 localization=0 type=0 minimal=0.1167 physics=0.1938 total=0.062
[TRAIN train_fourcastnet_conservefm_full_s42] [TRAIN] stage=finetune epoch=1/1 batch=470/3000 step=3470 repair=0.1009 localization=0 type=0 minimal=0.1415 physics=0.4735 total=0.126
[TRAIN train_fourcastnet_conservefm_full_s42] [TRAIN] stage=finetune epoch=1/1 batch=480/3000 step=3480 repair=0.04117 localization=0 type=0 minimal=0.09863 physics=0.1314 total=0.04872
[TRAIN train_fourcastnet_conservefm_full_s42] [TRAIN] stage=finetune epoch=1/1 batch=490/3000 step=3490 repair=0.07495 localization=0 type=0 minimal=0.1279 physics=0.3883 total=0.09564
[TRAIN train_fourcastnet_conservefm_full_s42] [TRAIN] stage=finetune epoch=1/1 batch=500/3000 step=3500 repair=0.06594 localization=0 type=0 minimal=0.121 physics=0.4041 total=0.08736
[TRAIN train_fourcastnet_conservefm_full_s42] [TRAIN] stage=finetune epoch=1/1 batch=510/3000 step=3510 repair=0.04283 localization=0 type=0 minimal=0.114 physics=0.1159 total=0.04976
[TRAIN train_fourcastnet_conservefm_full_s42] [TRAIN] stage=finetune epoch=1/1 batch=520/3000 step=3520 repair=0.07154 localization=0 type=0 minimal=0.1266 physics=0.4567 total=0.09565
[TRAIN train_fourcastnet_conservefm_full_s42] [TRAIN] stage=finetune epoch=1/1 batch=530/3000 step=3530 repair=0.05447 localization=0 type=0 minimal=0.1057 physics=0.2368 total=0.06737
[TRAIN train_fourcastnet_conservefm_full_s42] [TRAIN] stage=finetune epoch=1/1 batch=540/3000 step=3540 repair=0.06602 localization=0 type=0 minimal=0.126 physics=0.1715 total=0.07585
[TRAIN train_fourcastnet_conservefm_full_s42] [TRAIN] stage=finetune epoch=1/1 batch=550/3000 step=3550 repair=0.06354 localization=0 type=0 minimal=0.1224 physics=0.2155 total=0.07554
[TRAIN train_fourcastnet_conservefm_full_s42] [TRAIN] stage=finetune epoch=1/1 batch=560/3000 step=3560 repair=0.06146 localization=0 type=0 minimal=0.1169 physics=0.2108 total=0.07317
[TRAIN train_fourcastnet_conservefm_full_s42] [TRAIN] stage=finetune epoch=1/1 batch=570/3000 step=3570 repair=0.04754 localization=0 type=0 minimal=0.09979 physics=0.2496 total=0.06101
[TRAIN train_fourcastnet_conservefm_full_s42] [TRAIN] stage=finetune epoch=1/1 batch=580/3000 step=3580 repair=0.0784 localization=0 type=0 minimal=0.1282 physics=0.2303 total=0.0912
[TRAIN train_fourcastnet_conservefm_full_s42] [TRAIN] stage=finetune epoch=1/1 batch=590/3000 step=3590 repair=0.04327 localization=0 type=0 minimal=0.1018 physics=0.1292 total=0.05075
[TRAIN train_fourcastnet_conservefm_full_s42] [TRAIN] stage=finetune epoch=1/1 batch=600/3000 step=3600 repair=0.04046 localization=0 type=0 minimal=0.1008 physics=0.1551 total=0.04922
[TRAIN train_fourcastnet_conservefm_full_s42] [TRAIN] stage=finetune epoch=1/1 batch=610/3000 step=3610 repair=0.07603 localization=0 type=0 minimal=0.139 physics=0.1841 total=0.08663
[TRAIN train_fourcastnet_conservefm_full_s42] [TRAIN] stage=finetune epoch=1/1 batch=620/3000 step=3620 repair=0.05473 localization=0 type=0 minimal=0.1193 physics=0.162 total=0.06402
[TRAIN train_fourcastnet_conservefm_full_s42] [TRAIN] stage=finetune epoch=1/1 batch=630/3000 step=3630 repair=0.04938 localization=0 type=0 minimal=0.1243 physics=0.1963 total=0.06044
[TRAIN train_fourcastnet_conservefm_full_s42] [TRAIN] stage=finetune epoch=1/1 batch=640/3000 step=3640 repair=0.03893 localization=0 type=0 minimal=0.1096 physics=0.137 total=0.04687
[TRAIN train_fourcastnet_conservefm_full_s42] [TRAIN] stage=finetune epoch=1/1 batch=650/3000 step=3650 repair=0.1095 localization=0 type=0 minimal=0.1455 physics=0.3789 total=0.1299
[TRAIN train_fourcastnet_conservefm_full_s42] [TRAIN] stage=finetune epoch=1/1 batch=660/3000 step=3660 repair=0.0578 localization=0 type=0 minimal=0.1206 physics=0.2059 total=0.06931
[TRAIN train_fourcastnet_conservefm_full_s42] [TRAIN] stage=finetune epoch=1/1 batch=670/3000 step=3670 repair=0.0462 localization=0 type=0 minimal=0.1036 physics=0.203 total=0.05739
[TRAIN train_fourcastnet_conservefm_full_s42] [TRAIN] stage=finetune epoch=1/1 batch=680/3000 step=3680 repair=0.07742 localization=0 type=0 minimal=0.142 physics=0.2457 total=0.09112
[TRAIN train_fourcastnet_conservefm_full_s42] [TRAIN] stage=finetune epoch=1/1 batch=690/3000 step=3690 repair=0.07378 localization=0 type=0 minimal=0.1327 physics=0.2259 total=0.0864
[TRAIN train_fourcastnet_conservefm_full_s42] [TRAIN] stage=finetune epoch=1/1 batch=700/3000 step=3700 repair=0.09942 localization=0 type=0 minimal=0.1459 physics=0.3393 total=0.1178
[TRAIN train_fourcastnet_conservefm_full_s42] [TRAIN] stage=finetune epoch=1/1 batch=710/3000 step=3710 repair=0.05574 localization=0 type=0 minimal=0.1322 physics=0.1275 total=0.06344
[TRAIN train_fourcastnet_conservefm_full_s42] [TRAIN] stage=finetune epoch=1/1 batch=720/3000 step=3720 repair=0.08496 localization=0 type=0 minimal=0.1392 physics=0.3649 total=0.1046
[TRAIN train_fourcastnet_conservefm_full_s42] [TRAIN] stage=finetune epoch=1/1 batch=730/3000 step=3730 repair=0.0448 localization=0 type=0 minimal=0.1108 physics=0.125 total=0.05216
[TRAIN train_fourcastnet_conservefm_full_s42] [TRAIN] stage=finetune epoch=1/1 batch=740/3000 step=3740 repair=0.08826 localization=0 type=0 minimal=0.1501 physics=0.217 total=0.1006
[TRAIN train_fourcastnet_conservefm_full_s42] [TRAIN] stage=finetune epoch=1/1 batch=750/3000 step=3750 repair=0.04102 localization=0 type=0 minimal=0.09021 physics=0.2328 total=0.05357
[TRAIN train_fourcastnet_conservefm_full_s42] [TRAIN] stage=finetune epoch=1/1 batch=760/3000 step=3760 repair=0.04177 localization=0 type=0 minimal=0.1172 physics=0.1416 total=0.05002
[TRAIN train_fourcastnet_conservefm_full_s42] [TRAIN] stage=finetune epoch=1/1 batch=770/3000 step=3770 repair=0.0704 localization=0 type=0 minimal=0.1294 physics=0.2755 total=0.08547
[TRAIN train_fourcastnet_conservefm_full_s42] [TRAIN] stage=finetune epoch=1/1 batch=780/3000 step=3780 repair=0.0571 localization=0 type=0 minimal=0.1102 physics=0.268 total=0.0716
[TRAIN train_fourcastnet_conservefm_full_s42] [TRAIN] stage=finetune epoch=1/1 batch=790/3000 step=3790 repair=0.04032 localization=0 type=0 minimal=0.1038 physics=0.2161 total=0.05216
[TRAIN train_fourcastnet_conservefm_full_s42] [TRAIN] stage=finetune epoch=1/1 batch=800/3000 step=3800 repair=0.05739 localization=0 type=0 minimal=0.118 physics=0.2534 total=0.07124
[TRAIN train_fourcastnet_conservefm_full_s42] [TRAIN] stage=finetune epoch=1/1 batch=810/3000 step=3810 repair=0.02879 localization=0 type=0 minimal=0.09601 physics=0.1262 total=0.03606
[TRAIN train_fourcastnet_conservefm_full_s42] [TRAIN] stage=finetune epoch=1/1 batch=820/3000 step=3820 repair=0.06166 localization=0 type=0 minimal=0.1206 physics=0.301 total=0.07792
[TRAIN train_fourcastnet_conservefm_full_s42] [TRAIN] stage=finetune epoch=1/1 batch=830/3000 step=3830 repair=0.06148 localization=0 type=0 minimal=0.121 physics=0.1479 total=0.07008
[TRAIN train_fourcastnet_conservefm_full_s42] [TRAIN] stage=finetune epoch=1/1 batch=840/3000 step=3840 repair=0.07635 localization=0 type=0 minimal=0.1398 physics=0.4383 total=0.09967
[TRAIN train_fourcastnet_conservefm_full_s42] [TRAIN] stage=finetune epoch=1/1 batch=850/3000 step=3850 repair=0.05755 localization=0 type=0 minimal=0.1246 physics=0.2785 total=0.07272
[TRAIN train_fourcastnet_conservefm_full_s42] [TRAIN] stage=finetune epoch=1/1 batch=860/3000 step=3860 repair=0.05993 localization=0 type=0 minimal=0.1198 physics=0.1648 total=0.06937
[TRAIN train_fourcastnet_conservefm_full_s42] [TRAIN] stage=finetune epoch=1/1 batch=870/3000 step=3870 repair=0.07169 localization=0 type=0 minimal=0.1046 physics=0.3307 total=0.08926
[TRAIN train_fourcastnet_conservefm_full_s42] [TRAIN] stage=finetune epoch=1/1 batch=880/3000 step=3880 repair=0.07644 localization=0 type=0 minimal=0.1396 physics=0.1973 total=0.0877
[TRAIN train_fourcastnet_conservefm_full_s42] [TRAIN] stage=finetune epoch=1/1 batch=890/3000 step=3890 repair=0.04263 localization=0 type=0 minimal=0.09601 physics=0.3079 total=0.05898
[TRAIN train_fourcastnet_conservefm_full_s42] [TRAIN] stage=finetune epoch=1/1 batch=900/3000 step=3900 repair=0.0402 localization=0 type=0 minimal=0.09619 physics=0.1068 total=0.0465
[TRAIN train_fourcastnet_conservefm_full_s42] [TRAIN] stage=finetune epoch=1/1 batch=910/3000 step=3910 repair=0.03089 localization=0 type=0 minimal=0.09137 physics=0.09922 total=0.03676
[TRAIN train_fourcastnet_conservefm_full_s42] [TRAIN] stage=finetune epoch=1/1 batch=920/3000 step=3920 repair=0.06041 localization=0 type=0 minimal=0.1118 physics=0.1631 total=0.06968
[TRAIN train_fourcastnet_conservefm_full_s42] [TRAIN] stage=finetune epoch=1/1 batch=930/3000 step=3930 repair=0.04268 localization=0 type=0 minimal=0.1128 physics=0.0991 total=0.04876
[TRAIN train_fourcastnet_conservefm_full_s42] [TRAIN] stage=finetune epoch=1/1 batch=940/3000 step=3940 repair=0.03873 localization=0 type=0 minimal=0.1086 physics=0.09834 total=0.04474
[TRAIN train_fourcastnet_conservefm_full_s42] [TRAIN] stage=finetune epoch=1/1 batch=950/3000 step=3950 repair=0.07959 localization=0 type=0 minimal=0.1132 physics=0.1386 total=0.08765
[TRAIN train_fourcastnet_conservefm_full_s42] [TRAIN] stage=finetune epoch=1/1 batch=960/3000 step=3960 repair=0.04559 localization=0 type=0 minimal=0.1169 physics=0.1497 total=0.05425
[TRAIN train_fourcastnet_conservefm_full_s42] [TRAIN] stage=finetune epoch=1/1 batch=970/3000 step=3970 repair=0.09917 localization=0 type=0 minimal=0.1422 physics=0.2443 total=0.1128
[TRAIN train_fourcastnet_conservefm_full_s42] [TRAIN] stage=finetune epoch=1/1 batch=980/3000 step=3980 repair=0.07443 localization=0 type=0 minimal=0.1426 physics=0.2635 total=0.08903
[TRAIN train_fourcastnet_conservefm_full_s42] [TRAIN] stage=finetune epoch=1/1 batch=990/3000 step=3990 repair=0.09515 localization=0 type=0 minimal=0.1488 physics=0.3489 total=0.1141
[TRAIN train_fourcastnet_conservefm_full_s42] [TRAIN] stage=finetune epoch=1/1 batch=1000/3000 step=4000 repair=0.032 localization=0 type=0 minimal=0.1028 physics=0.1724 total=0.04165
[TRAIN train_fourcastnet_conservefm_full_s42] [TRAIN] stage=finetune epoch=1/1 batch=1010/3000 step=4010 repair=0.02506 localization=0 type=0 minimal=0.0874 physics=0.0903 total=0.03045
[TRAIN train_fourcastnet_conservefm_full_s42] [TRAIN] stage=finetune epoch=1/1 batch=1020/3000 step=4020 repair=0.06875 localization=0 type=0 minimal=0.137 physics=0.1532 total=0.07778
[TRAIN train_fourcastnet_conservefm_full_s42] [TRAIN] stage=finetune epoch=1/1 batch=1030/3000 step=4030 repair=0.09731 localization=0 type=0 minimal=0.1467 physics=0.3005 total=0.1138
[TRAIN train_fourcastnet_conservefm_full_s42] [TRAIN] stage=finetune epoch=1/1 batch=1040/3000 step=4040 repair=0.05523 localization=0 type=0 minimal=0.1238 physics=0.3381 total=0.07338
[TRAIN train_fourcastnet_conservefm_full_s42] [TRAIN] stage=finetune epoch=1/1 batch=1050/3000 step=4050 repair=0.09082 localization=0 type=0 minimal=0.1426 physics=0.2658 total=0.1055
[TRAIN train_fourcastnet_conservefm_full_s42] [TRAIN] stage=finetune epoch=1/1 batch=1060/3000 step=4060 repair=0.0542 localization=0 type=0 minimal=0.1339 physics=0.09891 total=0.06048
[TRAIN train_fourcastnet_conservefm_full_s42] [TRAIN] stage=finetune epoch=1/1 batch=1070/3000 step=4070 repair=0.06337 localization=0 type=0 minimal=0.1266 physics=0.2279 total=0.07603
[TRAIN train_fourcastnet_conservefm_full_s42] [TRAIN] stage=finetune epoch=1/1 batch=1080/3000 step=4080 repair=0.075 localization=0 type=0 minimal=0.1476 physics=0.3611 total=0.09453
[TRAIN train_fourcastnet_conservefm_full_s42] [TRAIN] stage=finetune epoch=1/1 batch=1090/3000 step=4090 repair=0.04082 localization=0 type=0 minimal=0.1189 physics=0.1319 total=0.04861
[TRAIN train_fourcastnet_conservefm_full_s42] [TRAIN] stage=finetune epoch=1/1 batch=1100/3000 step=4100 repair=0.06214 localization=0 type=0 minimal=0.1249 physics=0.2894 total=0.07785
[TRAIN train_fourcastnet_conservefm_full_s42] [TRAIN] stage=finetune epoch=1/1 batch=1110/3000 step=4110 repair=0.0306 localization=0 type=0 minimal=0.09589 physics=0.1092 total=0.03702
[TRAIN train_fourcastnet_conservefm_full_s42] [TRAIN] stage=finetune epoch=1/1 batch=1120/3000 step=4120 repair=0.08378 localization=0 type=0 minimal=0.1343 physics=0.2878 total=0.09951
[TRAIN train_fourcastnet_conservefm_full_s42] [TRAIN] stage=finetune epoch=1/1 batch=1130/3000 step=4130 repair=0.02956 localization=0 type=0 minimal=0.1046 physics=0.3189 total=0.04655
[TRAIN train_fourcastnet_conservefm_full_s42] [TRAIN] stage=finetune epoch=1/1 batch=1140/3000 step=4140 repair=0.02862 localization=0 type=0 minimal=0.09436 physics=0.08152 total=0.03364
[TRAIN train_fourcastnet_conservefm_full_s42] [TRAIN] stage=finetune epoch=1/1 batch=1150/3000 step=4150 repair=0.03933 localization=0 type=0 minimal=0.1049 physics=0.08376 total=0.04457
[TRAIN train_fourcastnet_conservefm_full_s42] [TRAIN] stage=finetune epoch=1/1 batch=1160/3000 step=4160 repair=0.06851 localization=0 type=0 minimal=0.1393 physics=0.1703 total=0.07842
[TRAIN train_fourcastnet_conservefm_full_s42] [TRAIN] stage=finetune epoch=1/1 batch=1170/3000 step=4170 repair=0.04965 localization=0 type=0 minimal=0.1328 physics=0.07758 total=0.05486
[TRAIN train_fourcastnet_conservefm_full_s42] [TRAIN] stage=finetune epoch=1/1 batch=1180/3000 step=4180 repair=0.04182 localization=0 type=0 minimal=0.1127 physics=0.0797 total=0.04693
[TRAIN train_fourcastnet_conservefm_full_s42] [TRAIN] stage=finetune epoch=1/1 batch=1190/3000 step=4190 repair=0.0553 localization=0 type=0 minimal=0.1212 physics=0.1319 total=0.06311
[TRAIN train_fourcastnet_conservefm_full_s42] [TRAIN] stage=finetune epoch=1/1 batch=1200/3000 step=4200 repair=0.08973 localization=0 type=0 minimal=0.1456 physics=0.5089 total=0.1166
[TRAIN train_fourcastnet_conservefm_full_s42] [TRAIN] stage=finetune epoch=1/1 batch=1210/3000 step=4210 repair=0.0375 localization=0 type=0 minimal=0.1182 physics=0.1103 total=0.0442
[TRAIN train_fourcastnet_conservefm_full_s42] [TRAIN] stage=finetune epoch=1/1 batch=1220/3000 step=4220 repair=0.03923 localization=0 type=0 minimal=0.1092 physics=0.1557 total=0.04811
[TRAIN train_fourcastnet_conservefm_full_s42] [TRAIN] stage=finetune epoch=1/1 batch=1230/3000 step=4230 repair=0.1069 localization=0 type=0 minimal=0.1427 physics=0.3888 total=0.1277
[TRAIN train_fourcastnet_conservefm_full_s42] [TRAIN] stage=finetune epoch=1/1 batch=1240/3000 step=4240 repair=0.05012 localization=0 type=0 minimal=0.1169 physics=0.1651 total=0.05954
[TRAIN train_fourcastnet_conservefm_full_s42] [TRAIN] stage=finetune epoch=1/1 batch=1250/3000 step=4250 repair=0.08584 localization=0 type=0 minimal=0.1477 physics=0.2053 total=0.09758
[TRAIN train_fourcastnet_conservefm_full_s42] [TRAIN] stage=finetune epoch=1/1 batch=1260/3000 step=4260 repair=0.0702 localization=0 type=0 minimal=0.1384 physics=0.341 total=0.08864
[TRAIN train_fourcastnet_conservefm_full_s42] [TRAIN] stage=finetune epoch=1/1 batch=1270/3000 step=4270 repair=0.04864 localization=0 type=0 minimal=0.1186 physics=0.09011 total=0.05433
[TRAIN train_fourcastnet_conservefm_full_s42] [TRAIN] stage=finetune epoch=1/1 batch=1280/3000 step=4280 repair=0.05971 localization=0 type=0 minimal=0.1094 physics=0.2557 total=0.07359
[TRAIN train_fourcastnet_conservefm_full_s42] [TRAIN] stage=finetune epoch=1/1 batch=1290/3000 step=4290 repair=0.04479 localization=0 type=0 minimal=0.1202 physics=0.1227 total=0.05213
[TRAIN train_fourcastnet_conservefm_full_s42] [TRAIN] stage=finetune epoch=1/1 batch=1300/3000 step=4300 repair=0.07115 localization=0 type=0 minimal=0.1342 physics=0.1026 total=0.07762
[TRAIN train_fourcastnet_conservefm_full_s42] [TRAIN] stage=finetune epoch=1/1 batch=1310/3000 step=4310 repair=0.05388 localization=0 type=0 minimal=0.1175 physics=0.1236 total=0.06123
[TRAIN train_fourcastnet_conservefm_full_s42] [TRAIN] stage=finetune epoch=1/1 batch=1320/3000 step=4320 repair=0.02642 localization=0 type=0 minimal=0.09406 physics=0.1319 total=0.03395
[TRAIN train_fourcastnet_conservefm_full_s42] [TRAIN] stage=finetune epoch=1/1 batch=1330/3000 step=4330 repair=0.06359 localization=0 type=0 minimal=0.1263 physics=0.1794 total=0.07382
[TRAIN train_fourcastnet_conservefm_full_s42] [TRAIN] stage=finetune epoch=1/1 batch=1340/3000 step=4340 repair=0.06358 localization=0 type=0 minimal=0.1371 physics=0.1658 total=0.07324
[TRAIN train_fourcastnet_conservefm_full_s42] [TRAIN] stage=finetune epoch=1/1 batch=1350/3000 step=4350 repair=0.07645 localization=0 type=0 minimal=0.15 physics=0.1768 total=0.08679
[TRAIN train_fourcastnet_conservefm_full_s42] [TRAIN] stage=finetune epoch=1/1 batch=1360/3000 step=4360 repair=0.07137 localization=0 type=0 minimal=0.1285 physics=0.2126 total=0.08329
[TRAIN train_fourcastnet_conservefm_full_s42] [TRAIN] stage=finetune epoch=1/1 batch=1370/3000 step=4370 repair=0.07246 localization=0 type=0 minimal=0.1431 physics=0.1497 total=0.08137
[TRAIN train_fourcastnet_conservefm_full_s42] [TRAIN] stage=finetune epoch=1/1 batch=1380/3000 step=4380 repair=0.1056 localization=0 type=0 minimal=0.1537 physics=0.1641 total=0.1153
[TRAIN train_fourcastnet_conservefm_full_s42] [TRAIN] stage=finetune epoch=1/1 batch=1390/3000 step=4390 repair=0.02442 localization=0 type=0 minimal=0.09747 physics=0.228 total=0.03679
[TRAIN train_fourcastnet_conservefm_full_s42] [TRAIN] stage=finetune epoch=1/1 batch=1400/3000 step=4400 repair=0.05488 localization=0 type=0 minimal=0.1146 physics=0.1089 total=0.06147
[TRAIN train_fourcastnet_conservefm_full_s42] [TRAIN] stage=finetune epoch=1/1 batch=1410/3000 step=4410 repair=0.0345 localization=0 type=0 minimal=0.1095 physics=0.07224 total=0.03921
[TRAIN train_fourcastnet_conservefm_full_s42] [TRAIN] stage=finetune epoch=1/1 batch=1420/3000 step=4420 repair=0.03734 localization=0 type=0 minimal=0.1041 physics=0.1274 total=0.04476
[TRAIN train_fourcastnet_conservefm_full_s42] [TRAIN] stage=finetune epoch=1/1 batch=1430/3000 step=4430 repair=0.02711 localization=0 type=0 minimal=0.08356 physics=0.1944 total=0.03766
[TRAIN train_fourcastnet_conservefm_full_s42] [TRAIN] stage=finetune epoch=1/1 batch=1440/3000 step=4440 repair=0.03416 localization=0 type=0 minimal=0.09943 physics=0.08428 total=0.03937
[TRAIN train_fourcastnet_conservefm_full_s42] [TRAIN] stage=finetune epoch=1/1 batch=1450/3000 step=4450 repair=0.05828 localization=0 type=0 minimal=0.1163 physics=0.1533 total=0.0671
[TRAIN train_fourcastnet_conservefm_full_s42] [TRAIN] stage=finetune epoch=1/1 batch=1460/3000 step=4460 repair=0.06624 localization=0 type=0 minimal=0.13 physics=0.2584 total=0.08046
[TRAIN train_fourcastnet_conservefm_full_s42] [TRAIN] stage=finetune epoch=1/1 batch=1470/3000 step=4470 repair=0.0746 localization=0 type=0 minimal=0.1335 physics=0.1742 total=0.08464
[TRAIN train_fourcastnet_conservefm_full_s42] [TRAIN] stage=finetune epoch=1/1 batch=1480/3000 step=4480 repair=0.06898 localization=0 type=0 minimal=0.1361 physics=0.1213 total=0.07641
[TRAIN train_fourcastnet_conservefm_full_s42] [TRAIN] stage=finetune epoch=1/1 batch=1490/3000 step=4490 repair=0.03613 localization=0 type=0 minimal=0.106 physics=0.1807 total=0.04623
[TRAIN train_fourcastnet_conservefm_full_s42] [TRAIN] stage=finetune epoch=1/1 batch=1500/3000 step=4500 repair=0.0846 localization=0 type=0 minimal=0.1384 physics=0.2794 total=0.09995
[TRAIN train_fourcastnet_conservefm_full_s42] [TRAIN] stage=finetune epoch=1/1 batch=1510/3000 step=4510 repair=0.04134 localization=0 type=0 minimal=0.1193 physics=0.313 total=0.05818
[TRAIN train_fourcastnet_conservefm_full_s42] [TRAIN] stage=finetune epoch=1/1 batch=1520/3000 step=4520 repair=0.04925 localization=0 type=0 minimal=0.1213 physics=0.1216 total=0.05654
[TRAIN train_fourcastnet_conservefm_full_s42] [TRAIN] stage=finetune epoch=1/1 batch=1530/3000 step=4530 repair=0.04613 localization=0 type=0 minimal=0.1282 physics=0.2167 total=0.05825
[TRAIN train_fourcastnet_conservefm_full_s42] [TRAIN] stage=finetune epoch=1/1 batch=1540/3000 step=4540 repair=0.05561 localization=0 type=0 minimal=0.1302 physics=0.1425 total=0.06403
[TRAIN train_fourcastnet_conservefm_full_s42] [TRAIN] stage=finetune epoch=1/1 batch=1550/3000 step=4550 repair=0.04228 localization=0 type=0 minimal=0.1257 physics=0.08778 total=0.04792
[TRAIN train_fourcastnet_conservefm_full_s42] [TRAIN] stage=finetune epoch=1/1 batch=1560/3000 step=4560 repair=0.04457 localization=0 type=0 minimal=0.1226 physics=0.1734 total=0.05447
[TRAIN train_fourcastnet_conservefm_full_s42] [TRAIN] stage=finetune epoch=1/1 batch=1570/3000 step=4570 repair=0.03148 localization=0 type=0 minimal=0.09937 physics=0.07197 total=0.03608
[TRAIN train_fourcastnet_conservefm_full_s42] [TRAIN] stage=finetune epoch=1/1 batch=1580/3000 step=4580 repair=0.03664 localization=0 type=0 minimal=0.1114 physics=0.09821 total=0.04267
[TRAIN train_fourcastnet_conservefm_full_s42] [TRAIN] stage=finetune epoch=1/1 batch=1590/3000 step=4590 repair=0.05254 localization=0 type=0 minimal=0.1163 physics=0.1308 total=0.06024
[TRAIN train_fourcastnet_conservefm_full_s42] [TRAIN] stage=finetune epoch=1/1 batch=1600/3000 step=4600 repair=0.06952 localization=0 type=0 minimal=0.127 physics=0.1677 total=0.07918
[TRAIN train_fourcastnet_conservefm_full_s42] [TRAIN] stage=finetune epoch=1/1 batch=1610/3000 step=4610 repair=0.02187 localization=0 type=0 minimal=0.08899 physics=0.06343 total=0.02593
[TRAIN train_fourcastnet_conservefm_full_s42] [TRAIN] stage=finetune epoch=1/1 batch=1620/3000 step=4620 repair=0.06052 localization=0 type=0 minimal=0.1337 physics=0.1746 total=0.07058
[TRAIN train_fourcastnet_conservefm_full_s42] [TRAIN] stage=finetune epoch=1/1 batch=1630/3000 step=4630 repair=0.09891 localization=0 type=0 minimal=0.1443 physics=0.5356 total=0.1271
[TRAIN train_fourcastnet_conservefm_full_s42] [TRAIN] stage=finetune epoch=1/1 batch=1640/3000 step=4640 repair=0.06205 localization=0 type=0 minimal=0.1199 physics=0.1542 total=0.07096
[TRAIN train_fourcastnet_conservefm_full_s42] [TRAIN] stage=finetune epoch=1/1 batch=1650/3000 step=4650 repair=0.04601 localization=0 type=0 minimal=0.1164 physics=0.1822 total=0.05628
[TRAIN train_fourcastnet_conservefm_full_s42] [TRAIN] stage=finetune epoch=1/1 batch=1660/3000 step=4660 repair=0.02661 localization=0 type=0 minimal=0.09387 physics=0.3524 total=0.04517
[TRAIN train_fourcastnet_conservefm_full_s42] [TRAIN] stage=finetune epoch=1/1 batch=1670/3000 step=4670 repair=0.05624 localization=0 type=0 minimal=0.1113 physics=0.2145 total=0.06808
[TRAIN train_fourcastnet_conservefm_full_s42] [TRAIN] stage=finetune epoch=1/1 batch=1680/3000 step=4680 repair=0.07712 localization=0 type=0 minimal=0.1605 physics=0.3334 total=0.09539
[TRAIN train_fourcastnet_conservefm_full_s42] [TRAIN] stage=finetune epoch=1/1 batch=1690/3000 step=4690 repair=0.05004 localization=0 type=0 minimal=0.114 physics=0.333 total=0.06783
[TRAIN train_fourcastnet_conservefm_full_s42] [TRAIN] stage=finetune epoch=1/1 batch=1700/3000 step=4700 repair=0.03897 localization=0 type=0 minimal=0.1146 physics=0.08458 total=0.04435
[TRAIN train_fourcastnet_conservefm_full_s42] [TRAIN] stage=finetune epoch=1/1 batch=1710/3000 step=4710 repair=0.08657 localization=0 type=0 minimal=0.1384 physics=0.2745 total=0.1017
[TRAIN train_fourcastnet_conservefm_full_s42] [TRAIN] stage=finetune epoch=1/1 batch=1720/3000 step=4720 repair=0.03993 localization=0 type=0 minimal=0.1189 physics=0.1798 total=0.05011
[TRAIN train_fourcastnet_conservefm_full_s42] [TRAIN] stage=finetune epoch=1/1 batch=1730/3000 step=4730 repair=0.04465 localization=0 type=0 minimal=0.1213 physics=0.1275 total=0.05223
[TRAIN train_fourcastnet_conservefm_full_s42] [TRAIN] stage=finetune epoch=1/1 batch=1740/3000 step=4740 repair=0.02943 localization=0 type=0 minimal=0.1033 physics=0.07329 total=0.03413
[TRAIN train_fourcastnet_conservefm_full_s42] [TRAIN] stage=finetune epoch=1/1 batch=1750/3000 step=4750 repair=0.04642 localization=0 type=0 minimal=0.1307 physics=0.07791 total=0.05163
[TRAIN train_fourcastnet_conservefm_full_s42] [TRAIN] stage=finetune epoch=1/1 batch=1760/3000 step=4760 repair=0.03242 localization=0 type=0 minimal=0.1047 physics=0.1229 total=0.03961
[TRAIN train_fourcastnet_conservefm_full_s42] [TRAIN] stage=finetune epoch=1/1 batch=1770/3000 step=4770 repair=0.08776 localization=0 type=0 minimal=0.1477 physics=0.1377 total=0.09612
[TRAIN train_fourcastnet_conservefm_full_s42] [TRAIN] stage=finetune epoch=1/1 batch=1780/3000 step=4780 repair=0.03756 localization=0 type=0 minimal=0.1014 physics=0.07895 total=0.04253
[TRAIN train_fourcastnet_conservefm_full_s42] [TRAIN] stage=finetune epoch=1/1 batch=1790/3000 step=4790 repair=0.05727 localization=0 type=0 minimal=0.1185 physics=0.1359 total=0.06526
[TRAIN train_fourcastnet_conservefm_full_s42] [TRAIN] stage=finetune epoch=1/1 batch=1800/3000 step=4800 repair=0.04487 localization=0 type=0 minimal=0.1266 physics=0.0826 total=0.05026
[TRAIN train_fourcastnet_conservefm_full_s42] [TRAIN] stage=finetune epoch=1/1 batch=1810/3000 step=4810 repair=0.03804 localization=0 type=0 minimal=0.1141 physics=0.221 total=0.05023
[TRAIN train_fourcastnet_conservefm_full_s42] [TRAIN] stage=finetune epoch=1/1 batch=1820/3000 step=4820 repair=0.07465 localization=0 type=0 minimal=0.127 physics=0.4745 total=0.09964
[TRAIN train_fourcastnet_conservefm_full_s42] [TRAIN] stage=finetune epoch=1/1 batch=1830/3000 step=4830 repair=0.07152 localization=0 type=0 minimal=0.1394 physics=0.3325 total=0.08954
[TRAIN train_fourcastnet_conservefm_full_s42] [TRAIN] stage=finetune epoch=1/1 batch=1840/3000 step=4840 repair=0.02419 localization=0 type=0 minimal=0.08807 physics=0.1852 total=0.03433
[TRAIN train_fourcastnet_conservefm_full_s42] [TRAIN] stage=finetune epoch=1/1 batch=1850/3000 step=4850 repair=0.05509 localization=0 type=0 minimal=0.1144 physics=0.2223 total=0.06735
[TRAIN train_fourcastnet_conservefm_full_s42] [TRAIN] stage=finetune epoch=1/1 batch=1860/3000 step=4860 repair=0.04929 localization=0 type=0 minimal=0.1263 physics=0.09682 total=0.05539
[TRAIN train_fourcastnet_conservefm_full_s42] [TRAIN] stage=finetune epoch=1/1 batch=1870/3000 step=4870 repair=0.05722 localization=0 type=0 minimal=0.1179 physics=0.08721 total=0.06276
[TRAIN train_fourcastnet_conservefm_full_s42] [TRAIN] stage=finetune epoch=1/1 batch=1880/3000 step=4880 repair=0.05899 localization=0 type=0 minimal=0.1166 physics=0.168 total=0.06856
[TRAIN train_fourcastnet_conservefm_full_s42] [TRAIN] stage=finetune epoch=1/1 batch=1890/3000 step=4890 repair=0.03746 localization=0 type=0 minimal=0.1127 physics=0.06145 total=0.04166
[TRAIN train_fourcastnet_conservefm_full_s42] [TRAIN] stage=finetune epoch=1/1 batch=1900/3000 step=4900 repair=0.07374 localization=0 type=0 minimal=0.1445 physics=0.2393 total=0.08715
[TRAIN train_fourcastnet_conservefm_full_s42] [TRAIN] stage=finetune epoch=1/1 batch=1910/3000 step=4910 repair=0.08188 localization=0 type=0 minimal=0.1404 physics=0.2123 total=0.0939
[TRAIN train_fourcastnet_conservefm_full_s42] [TRAIN] stage=finetune epoch=1/1 batch=1920/3000 step=4920 repair=0.08955 localization=0 type=0 minimal=0.1356 physics=0.1531 total=0.09856
[TRAIN train_fourcastnet_conservefm_full_s42] [TRAIN] stage=finetune epoch=1/1 batch=1930/3000 step=4930 repair=0.03537 localization=0 type=0 minimal=0.1048 physics=0.0525 total=0.03905
[TRAIN train_fourcastnet_conservefm_full_s42] [TRAIN] stage=finetune epoch=1/1 batch=1940/3000 step=4940 repair=0.09861 localization=0 type=0 minimal=0.1389 physics=0.2065 total=0.1103
[TRAIN train_fourcastnet_conservefm_full_s42] [TRAIN] stage=finetune epoch=1/1 batch=1950/3000 step=4950 repair=0.05371 localization=0 type=0 minimal=0.1222 physics=0.417 total=0.07578
[TRAIN train_fourcastnet_conservefm_full_s42] [TRAIN] stage=finetune epoch=1/1 batch=1960/3000 step=4960 repair=0.05011 localization=0 type=0 minimal=0.1147 physics=0.1209 total=0.0573
[TRAIN train_fourcastnet_conservefm_full_s42] [TRAIN] stage=finetune epoch=1/1 batch=1970/3000 step=4970 repair=0.09871 localization=0 type=0 minimal=0.1302 physics=0.1884 total=0.1094
[TRAIN train_fourcastnet_conservefm_full_s42] [TRAIN] stage=finetune epoch=1/1 batch=1980/3000 step=4980 repair=0.0769 localization=0 type=0 minimal=0.1204 physics=0.4539 total=0.1008
[TRAIN train_fourcastnet_conservefm_full_s42] [TRAIN] stage=finetune epoch=1/1 batch=1990/3000 step=4990 repair=0.02663 localization=0 type=0 minimal=0.08917 physics=0.0645 total=0.03075
[TRAIN train_fourcastnet_conservefm_full_s42] [TRAIN] stage=finetune epoch=1/1 batch=2000/3000 step=5000 repair=0.05623 localization=0 type=0 minimal=0.1113 physics=0.1377 total=0.06423
[TRAIN train_fourcastnet_conservefm_full_s42] [TRAIN] stage=finetune epoch=1/1 batch=2010/3000 step=5010 repair=0.06414 localization=0 type=0 minimal=0.1292 physics=0.1266 total=0.07176
[TRAIN train_fourcastnet_conservefm_full_s42] [TRAIN] stage=finetune epoch=1/1 batch=2020/3000 step=5020 repair=0.05693 localization=0 type=0 minimal=0.1142 physics=0.2943 total=0.07279
[TRAIN train_fourcastnet_conservefm_full_s42] [TRAIN] stage=finetune epoch=1/1 batch=2030/3000 step=5030 repair=0.05582 localization=0 type=0 minimal=0.1301 physics=0.1331 total=0.06378
[TRAIN train_fourcastnet_conservefm_full_s42] [TRAIN] stage=finetune epoch=1/1 batch=2040/3000 step=5040 repair=0.04802 localization=0 type=0 minimal=0.1317 physics=0.1171 total=0.0552
[TRAIN train_fourcastnet_conservefm_full_s42] [TRAIN] stage=finetune epoch=1/1 batch=2050/3000 step=5050 repair=0.02475 localization=0 type=0 minimal=0.08911 physics=0.1813 total=0.03471
[TRAIN train_fourcastnet_conservefm_full_s42] [TRAIN] stage=finetune epoch=1/1 batch=2060/3000 step=5060 repair=0.06553 localization=0 type=0 minimal=0.1301 physics=0.129 total=0.07328
[TRAIN train_fourcastnet_conservefm_full_s42] [TRAIN] stage=finetune epoch=1/1 batch=2070/3000 step=5070 repair=0.06655 localization=0 type=0 minimal=0.1249 physics=0.203 total=0.07795
[TRAIN train_fourcastnet_conservefm_full_s42] [TRAIN] stage=finetune epoch=1/1 batch=2080/3000 step=5080 repair=0.05913 localization=0 type=0 minimal=0.1094 physics=0.5308 total=0.08677
[TRAIN train_fourcastnet_conservefm_full_s42] [TRAIN] stage=finetune epoch=1/1 batch=2090/3000 step=5090 repair=0.03999 localization=0 type=0 minimal=0.1085 physics=0.07638 total=0.0449
[TRAIN train_fourcastnet_conservefm_full_s42] [TRAIN] stage=finetune epoch=1/1 batch=2100/3000 step=5100 repair=0.05327 localization=0 type=0 minimal=0.142 physics=0.1501 total=0.0622
[TRAIN train_fourcastnet_conservefm_full_s42] [TRAIN] stage=finetune epoch=1/1 batch=2110/3000 step=5110 repair=0.09463 localization=0 type=0 minimal=0.1083 physics=0.1893 total=0.1052
[TRAIN train_fourcastnet_conservefm_full_s42] [TRAIN] stage=finetune epoch=1/1 batch=2120/3000 step=5120 repair=0.08682 localization=0 type=0 minimal=0.1414 physics=0.2599 total=0.1012
[TRAIN train_fourcastnet_conservefm_full_s42] [TRAIN] stage=finetune epoch=1/1 batch=2130/3000 step=5130 repair=0.05565 localization=0 type=0 minimal=0.1102 physics=0.2632 total=0.06991
[TRAIN train_fourcastnet_conservefm_full_s42] [TRAIN] stage=finetune epoch=1/1 batch=2140/3000 step=5140 repair=0.04769 localization=0 type=0 minimal=0.1296 physics=0.2263 total=0.0603
[TRAIN train_fourcastnet_conservefm_full_s42] [TRAIN] stage=finetune epoch=1/1 batch=2150/3000 step=5150 repair=0.07749 localization=0 type=0 minimal=0.1361 physics=0.1602 total=0.08685
[TRAIN train_fourcastnet_conservefm_full_s42] [TRAIN] stage=finetune epoch=1/1 batch=2160/3000 step=5160 repair=0.03581 localization=0 type=0 minimal=0.1113 physics=0.06149 total=0.04
[TRAIN train_fourcastnet_conservefm_full_s42] [TRAIN] stage=finetune epoch=1/1 batch=2170/3000 step=5170 repair=0.0555 localization=0 type=0 minimal=0.1138 physics=0.195 total=0.06639
[TRAIN train_fourcastnet_conservefm_full_s42] [TRAIN] stage=finetune epoch=1/1 batch=2180/3000 step=5180 repair=0.05928 localization=0 type=0 minimal=0.1155 physics=0.1188 total=0.06638
[TRAIN train_fourcastnet_conservefm_full_s42] [TRAIN] stage=finetune epoch=1/1 batch=2190/3000 step=5190 repair=0.03808 localization=0 type=0 minimal=0.1068 physics=0.1296 total=0.04563
[TRAIN train_fourcastnet_conservefm_full_s42] [TRAIN] stage=finetune epoch=1/1 batch=2200/3000 step=5200 repair=0.05387 localization=0 type=0 minimal=0.1138 physics=0.13 total=0.06151
[TRAIN train_fourcastnet_conservefm_full_s42] [TRAIN] stage=finetune epoch=1/1 batch=2210/3000 step=5210 repair=0.05325 localization=0 type=0 minimal=0.113 physics=0.1674 total=0.06275
[TRAIN train_fourcastnet_conservefm_full_s42] [TRAIN] stage=finetune epoch=1/1 batch=2220/3000 step=5220 repair=0.03576 localization=0 type=0 minimal=0.1227 physics=0.1219 total=0.04309
[TRAIN train_fourcastnet_conservefm_full_s42] [TRAIN] stage=finetune epoch=1/1 batch=2230/3000 step=5230 repair=0.03518 localization=0 type=0 minimal=0.09857 physics=0.2366 total=0.048
[TRAIN train_fourcastnet_conservefm_full_s42] [TRAIN] stage=finetune epoch=1/1 batch=2240/3000 step=5240 repair=0.03529 localization=0 type=0 minimal=0.1001 physics=0.04886 total=0.03873
[TRAIN train_fourcastnet_conservefm_full_s42] [TRAIN] stage=finetune epoch=1/1 batch=2250/3000 step=5250 repair=0.0533 localization=0 type=0 minimal=0.1245 physics=0.08694 total=0.05889
[TRAIN train_fourcastnet_conservefm_full_s42] [TRAIN] stage=finetune epoch=1/1 batch=2260/3000 step=5260 repair=0.0366 localization=0 type=0 minimal=0.1085 physics=0.06434 total=0.04091
[TRAIN train_fourcastnet_conservefm_full_s42] [TRAIN] stage=finetune epoch=1/1 batch=2270/3000 step=5270 repair=0.05058 localization=0 type=0 minimal=0.1086 physics=0.2002 total=0.06168
[TRAIN train_fourcastnet_conservefm_full_s42] [TRAIN] stage=finetune epoch=1/1 batch=2280/3000 step=5280 repair=0.03301 localization=0 type=0 minimal=0.09558 physics=0.1767 total=0.0428
[TRAIN train_fourcastnet_conservefm_full_s42] [TRAIN] stage=finetune epoch=1/1 batch=2290/3000 step=5290 repair=0.02611 localization=0 type=0 minimal=0.1009 physics=0.1452 total=0.03438
[TRAIN train_fourcastnet_conservefm_full_s42] [TRAIN] stage=finetune epoch=1/1 batch=2300/3000 step=5300 repair=0.05429 localization=0 type=0 minimal=0.1231 physics=0.1315 total=0.0621
[TRAIN train_fourcastnet_conservefm_full_s42] [TRAIN] stage=finetune epoch=1/1 batch=2310/3000 step=5310 repair=0.05179 localization=0 type=0 minimal=0.1367 physics=0.08432 total=0.05737
[TRAIN train_fourcastnet_conservefm_full_s42] [TRAIN] stage=finetune epoch=1/1 batch=2320/3000 step=5320 repair=0.05712 localization=0 type=0 minimal=0.1085 physics=0.1736 total=0.06689
[TRAIN train_fourcastnet_conservefm_full_s42] [TRAIN] stage=finetune epoch=1/1 batch=2330/3000 step=5330 repair=0.08688 localization=0 type=0 minimal=0.1346 physics=0.1446 total=0.09545
[TRAIN train_fourcastnet_conservefm_full_s42] [TRAIN] stage=finetune epoch=1/1 batch=2340/3000 step=5340 repair=0.04249 localization=0 type=0 minimal=0.1246 physics=0.1363 total=0.05056
[TRAIN train_fourcastnet_conservefm_full_s42] [TRAIN] stage=finetune epoch=1/1 batch=2350/3000 step=5350 repair=0.06073 localization=0 type=0 minimal=0.1371 physics=0.1479 total=0.06949
[TRAIN train_fourcastnet_conservefm_full_s42] [TRAIN] stage=finetune epoch=1/1 batch=2360/3000 step=5360 repair=0.06801 localization=0 type=0 minimal=0.1403 physics=0.28 total=0.08342
[TRAIN train_fourcastnet_conservefm_full_s42] [TRAIN] stage=finetune epoch=1/1 batch=2370/3000 step=5370 repair=0.05696 localization=0 type=0 minimal=0.1227 physics=0.2038 total=0.06838
[TRAIN train_fourcastnet_conservefm_full_s42] [TRAIN] stage=finetune epoch=1/1 batch=2380/3000 step=5380 repair=0.04795 localization=0 type=0 minimal=0.1095 physics=0.1232 total=0.0552
[TRAIN train_fourcastnet_conservefm_full_s42] [TRAIN] stage=finetune epoch=1/1 batch=2390/3000 step=5390 repair=0.06685 localization=0 type=0 minimal=0.1343 physics=0.1019 total=0.07328
[TRAIN train_fourcastnet_conservefm_full_s42] [TRAIN] stage=finetune epoch=1/1 batch=2400/3000 step=5400 repair=0.06355 localization=0 type=0 minimal=0.1377 physics=0.1008 total=0.06997
[TRAIN train_fourcastnet_conservefm_full_s42] [TRAIN] stage=finetune epoch=1/1 batch=2410/3000 step=5410 repair=0.06113 localization=0 type=0 minimal=0.1356 physics=0.2867 total=0.07682
[TRAIN train_fourcastnet_conservefm_full_s42] [TRAIN] stage=finetune epoch=1/1 batch=2420/3000 step=5420 repair=0.08106 localization=0 type=0 minimal=0.1414 physics=0.2596 total=0.09545
[TRAIN train_fourcastnet_conservefm_full_s42] [TRAIN] stage=finetune epoch=1/1 batch=2430/3000 step=5430 repair=0.0792 localization=0 type=0 minimal=0.1517 physics=0.09911 total=0.08567
[TRAIN train_fourcastnet_conservefm_full_s42] [TRAIN] stage=finetune epoch=1/1 batch=2440/3000 step=5440 repair=0.03192 localization=0 type=0 minimal=0.108 physics=0.1427 total=0.04014
[TRAIN train_fourcastnet_conservefm_full_s42] [TRAIN] stage=finetune epoch=1/1 batch=2450/3000 step=5450 repair=0.07043 localization=0 type=0 minimal=0.1327 physics=0.2635 total=0.08493
[TRAIN train_fourcastnet_conservefm_full_s42] [TRAIN] stage=finetune epoch=1/1 batch=2460/3000 step=5460 repair=0.05925 localization=0 type=0 minimal=0.1327 physics=0.1204 total=0.0666
[TRAIN train_fourcastnet_conservefm_full_s42] [TRAIN] stage=finetune epoch=1/1 batch=2470/3000 step=5470 repair=0.04908 localization=0 type=0 minimal=0.1197 physics=0.08696 total=0.05463
[TRAIN train_fourcastnet_conservefm_full_s42] [TRAIN] stage=finetune epoch=1/1 batch=2480/3000 step=5480 repair=0.04445 localization=0 type=0 minimal=0.1152 physics=0.07054 total=0.04913
[TRAIN train_fourcastnet_conservefm_full_s42] [TRAIN] stage=finetune epoch=1/1 batch=2490/3000 step=5490 repair=0.06109 localization=0 type=0 minimal=0.1152 physics=0.2539 total=0.07494
[TRAIN train_fourcastnet_conservefm_full_s42] [TRAIN] stage=finetune epoch=1/1 batch=2500/3000 step=5500 repair=0.03582 localization=0 type=0 minimal=0.1122 physics=0.06627 total=0.04026
[TRAIN train_fourcastnet_conservefm_full_s42] [TRAIN] stage=finetune epoch=1/1 batch=2510/3000 step=5510 repair=0.04134 localization=0 type=0 minimal=0.1145 physics=0.08661 total=0.04682
[TRAIN train_fourcastnet_conservefm_full_s42] [TRAIN] stage=finetune epoch=1/1 batch=2520/3000 step=5520 repair=0.06124 localization=0 type=0 minimal=0.1245 physics=0.182 total=0.07159
[TRAIN train_fourcastnet_conservefm_full_s42] [TRAIN] stage=finetune epoch=1/1 batch=2530/3000 step=5530 repair=0.0234 localization=0 type=0 minimal=0.0882 physics=0.1249 total=0.03052
[TRAIN train_fourcastnet_conservefm_full_s42] [TRAIN] stage=finetune epoch=1/1 batch=2540/3000 step=5540 repair=0.04083 localization=0 type=0 minimal=0.1188 physics=0.07597 total=0.04582
[TRAIN train_fourcastnet_conservefm_full_s42] [TRAIN] stage=finetune epoch=1/1 batch=2550/3000 step=5550 repair=0.03393 localization=0 type=0 minimal=0.1138 physics=0.08331 total=0.03924
[TRAIN train_fourcastnet_conservefm_full_s42] [TRAIN] stage=finetune epoch=1/1 batch=2560/3000 step=5560 repair=0.02604 localization=0 type=0 minimal=0.101 physics=0.1178 total=0.03294
[TRAIN train_fourcastnet_conservefm_full_s42] [TRAIN] stage=finetune epoch=1/1 batch=2570/3000 step=5570 repair=0.03311 localization=0 type=0 minimal=0.1006 physics=0.1104 total=0.03963
[TRAIN train_fourcastnet_conservefm_full_s42] [TRAIN] stage=finetune epoch=1/1 batch=2580/3000 step=5580 repair=0.04046 localization=0 type=0 minimal=0.1177 physics=0.1532 total=0.0493
[TRAIN train_fourcastnet_conservefm_full_s42] [TRAIN] stage=finetune epoch=1/1 batch=2590/3000 step=5590 repair=0.06475 localization=0 type=0 minimal=0.1387 physics=0.194 total=0.07584
[TRAIN train_fourcastnet_conservefm_full_s42] [TRAIN] stage=finetune epoch=1/1 batch=2600/3000 step=5600 repair=0.06901 localization=0 type=0 minimal=0.1362 physics=0.2042 total=0.08058
[TRAIN train_fourcastnet_conservefm_full_s42] [TRAIN] stage=finetune epoch=1/1 batch=2610/3000 step=5610 repair=0.03635 localization=0 type=0 minimal=0.1104 physics=0.09221 total=0.04207
[TRAIN train_fourcastnet_conservefm_full_s42] [TRAIN] stage=finetune epoch=1/1 batch=2620/3000 step=5620 repair=0.05789 localization=0 type=0 minimal=0.1177 physics=0.1969 total=0.06891
[TRAIN train_fourcastnet_conservefm_full_s42] [TRAIN] stage=finetune epoch=1/1 batch=2630/3000 step=5630 repair=0.05211 localization=0 type=0 minimal=0.1152 physics=0.1914 total=0.06283
[TRAIN train_fourcastnet_conservefm_full_s42] [TRAIN] stage=finetune epoch=1/1 batch=2640/3000 step=5640 repair=0.0553 localization=0 type=0 minimal=0.1205 physics=0.1061 total=0.06181
[TRAIN train_fourcastnet_conservefm_full_s42] [TRAIN] stage=finetune epoch=1/1 batch=2650/3000 step=5650 repair=0.06999 localization=0 type=0 minimal=0.1313 physics=0.1643 total=0.07951
[TRAIN train_fourcastnet_conservefm_full_s42] [TRAIN] stage=finetune epoch=1/1 batch=2660/3000 step=5660 repair=0.04996 localization=0 type=0 minimal=0.1124 physics=0.3172 total=0.06694
[TRAIN train_fourcastnet_conservefm_full_s42] [TRAIN] stage=finetune epoch=1/1 batch=2670/3000 step=5670 repair=0.07807 localization=0 type=0 minimal=0.1382 physics=0.1987 total=0.08938
[TRAIN train_fourcastnet_conservefm_full_s42] [TRAIN] stage=finetune epoch=1/1 batch=2680/3000 step=5680 repair=0.06975 localization=0 type=0 minimal=0.1278 physics=0.1648 total=0.07927
[TRAIN train_fourcastnet_conservefm_full_s42] [TRAIN] stage=finetune epoch=1/1 batch=2690/3000 step=5690 repair=0.02537 localization=0 type=0 minimal=0.08435 physics=0.1347 total=0.03294
[TRAIN train_fourcastnet_conservefm_full_s42] [TRAIN] stage=finetune epoch=1/1 batch=2700/3000 step=5700 repair=0.06204 localization=0 type=0 minimal=0.137 physics=0.119 total=0.06937
[TRAIN train_fourcastnet_conservefm_full_s42] [TRAIN] stage=finetune epoch=1/1 batch=2710/3000 step=5710 repair=0.07998 localization=0 type=0 minimal=0.1406 physics=0.2137 total=0.09207
[TRAIN train_fourcastnet_conservefm_full_s42] [TRAIN] stage=finetune epoch=1/1 batch=2720/3000 step=5720 repair=0.05336 localization=0 type=0 minimal=0.1136 physics=0.1596 total=0.06247
[TRAIN train_fourcastnet_conservefm_full_s42] [TRAIN] stage=finetune epoch=1/1 batch=2730/3000 step=5730 repair=0.04894 localization=0 type=0 minimal=0.1204 physics=0.1046 total=0.05538
[TRAIN train_fourcastnet_conservefm_full_s42] [TRAIN] stage=finetune epoch=1/1 batch=2740/3000 step=5740 repair=0.08567 localization=0 type=0 minimal=0.1621 physics=0.3118 total=0.1029
[TRAIN train_fourcastnet_conservefm_full_s42] [TRAIN] stage=finetune epoch=1/1 batch=2750/3000 step=5750 repair=0.03802 localization=0 type=0 minimal=0.121 physics=0.06917 total=0.04269
[TRAIN train_fourcastnet_conservefm_full_s42] [TRAIN] stage=finetune epoch=1/1 batch=2760/3000 step=5760 repair=0.08387 localization=0 type=0 minimal=0.1423 physics=0.2589 total=0.09824
[TRAIN train_fourcastnet_conservefm_full_s42] [TRAIN] stage=finetune epoch=1/1 batch=2770/3000 step=5770 repair=0.06301 localization=0 type=0 minimal=0.1136 physics=0.1406 total=0.07118
[TRAIN train_fourcastnet_conservefm_full_s42] [TRAIN] stage=finetune epoch=1/1 batch=2780/3000 step=5780 repair=0.04667 localization=0 type=0 minimal=0.1205 physics=0.1291 total=0.05433
[TRAIN train_fourcastnet_conservefm_full_s42] [TRAIN] stage=finetune epoch=1/1 batch=2790/3000 step=5790 repair=0.05861 localization=0 type=0 minimal=0.1287 physics=0.1056 total=0.06518
[TRAIN train_fourcastnet_conservefm_full_s42] [TRAIN] stage=finetune epoch=1/1 batch=2800/3000 step=5800 repair=0.08174 localization=0 type=0 minimal=0.1521 physics=0.2537 total=0.09595
[TRAIN train_fourcastnet_conservefm_full_s42] [TRAIN] stage=finetune epoch=1/1 batch=2810/3000 step=5810 repair=0.03955 localization=0 type=0 minimal=0.1197 physics=0.1369 total=0.04759
[TRAIN train_fourcastnet_conservefm_full_s42] [TRAIN] stage=finetune epoch=1/1 batch=2820/3000 step=5820 repair=0.02478 localization=0 type=0 minimal=0.09735 physics=0.1105 total=0.03128
[TRAIN train_fourcastnet_conservefm_full_s42] [TRAIN] stage=finetune epoch=1/1 batch=2830/3000 step=5830 repair=0.08357 localization=0 type=0 minimal=0.1492 physics=0.2689 total=0.0985
[TRAIN train_fourcastnet_conservefm_full_s42] [TRAIN] stage=finetune epoch=1/1 batch=2840/3000 step=5840 repair=0.06317 localization=0 type=0 minimal=0.1223 physics=0.2309 total=0.07595
[TRAIN train_fourcastnet_conservefm_full_s42] [TRAIN] stage=finetune epoch=1/1 batch=2850/3000 step=5850 repair=0.0703 localization=0 type=0 minimal=0.1483 physics=0.1892 total=0.08124
[TRAIN train_fourcastnet_conservefm_full_s42] [TRAIN] stage=finetune epoch=1/1 batch=2860/3000 step=5860 repair=0.05506 localization=0 type=0 minimal=0.1163 physics=0.3163 total=0.07204
[TRAIN train_fourcastnet_conservefm_full_s42] [TRAIN] stage=finetune epoch=1/1 batch=2870/3000 step=5870 repair=0.04932 localization=0 type=0 minimal=0.1111 physics=0.11 total=0.05594
[TRAIN train_fourcastnet_conservefm_full_s42] [TRAIN] stage=finetune epoch=1/1 batch=2880/3000 step=5880 repair=0.05195 localization=0 type=0 minimal=0.108 physics=0.1797 total=0.06201
[TRAIN train_fourcastnet_conservefm_full_s42] [TRAIN] stage=finetune epoch=1/1 batch=2890/3000 step=5890 repair=0.04495 localization=0 type=0 minimal=0.1193 physics=0.09978 total=0.05113
[TRAIN train_fourcastnet_conservefm_full_s42] [TRAIN] stage=finetune epoch=1/1 batch=2900/3000 step=5900 repair=0.06855 localization=0 type=0 minimal=0.1327 physics=0.2103 total=0.08039
[TRAIN train_fourcastnet_conservefm_full_s42] [TRAIN] stage=finetune epoch=1/1 batch=2910/3000 step=5910 repair=0.06637 localization=0 type=0 minimal=0.1422 physics=0.2509 total=0.08034
[TRAIN train_fourcastnet_conservefm_full_s42] [TRAIN] stage=finetune epoch=1/1 batch=2920/3000 step=5920 repair=0.08119 localization=0 type=0 minimal=0.1475 physics=0.3058 total=0.09796
[TRAIN train_fourcastnet_conservefm_full_s42] [TRAIN] stage=finetune epoch=1/1 batch=2930/3000 step=5930 repair=0.06458 localization=0 type=0 minimal=0.1335 physics=0.1399 total=0.07291
[TRAIN train_fourcastnet_conservefm_full_s42] [TRAIN] stage=finetune epoch=1/1 batch=2940/3000 step=5940 repair=0.0568 localization=0 type=0 minimal=0.1233 physics=0.1479 total=0.06543
[TRAIN train_fourcastnet_conservefm_full_s42] [TRAIN] stage=finetune epoch=1/1 batch=2950/3000 step=5950 repair=0.09753 localization=0 type=0 minimal=0.1422 physics=0.209 total=0.1094
[TRAIN train_fourcastnet_conservefm_full_s42] [TRAIN] stage=finetune epoch=1/1 batch=2960/3000 step=5960 repair=0.0742 localization=0 type=0 minimal=0.1351 physics=0.1381 total=0.08246
[TRAIN train_fourcastnet_conservefm_full_s42] [TRAIN] stage=finetune epoch=1/1 batch=2970/3000 step=5970 repair=0.08434 localization=0 type=0 minimal=0.1426 physics=0.3822 total=0.1049
[TRAIN train_fourcastnet_conservefm_full_s42] [TRAIN] stage=finetune epoch=1/1 batch=2980/3000 step=5980 repair=0.03505 localization=0 type=0 minimal=0.1091 physics=0.2881 total=0.05055
[TRAIN train_fourcastnet_conservefm_full_s42] [TRAIN] stage=finetune epoch=1/1 batch=2990/3000 step=5990 repair=0.06281 localization=0 type=0 minimal=0.1443 physics=0.1539 total=0.07195
[TRAIN train_fourcastnet_conservefm_full_s42] [TRAIN] stage=finetune epoch=1/1 batch=3000/3000 step=6000 repair=0.04945 localization=0 type=0 minimal=0.116 physics=0.1749 total=0.05935
[TRAIN train_fourcastnet_conservefm_full_s42] [EPOCH] {'stage': 'finetune', 'epoch': 0, 'global_step': 6000, 'train_total': 0.11149677290208637, 'val_repair_mse': 0.0603158175945282, 'elapsed_seconds': 3426.15}
[TRAIN train_fourcastnet_conservefm_full_s42] [BEST] val_repair_mse=0.0603158
[TRAIN train_fourcastnet_conservefm_full_s42] [TRAIN COMPLETE] {
[TRAIN train_fourcastnet_conservefm_full_s42]   "run_id": "prelim20_train_fourcastnet_conservefm_full_s42",
[TRAIN train_fourcastnet_conservefm_full_s42]   "status": "completed",
[TRAIN train_fourcastnet_conservefm_full_s42]   "method": "conservefm_full",
[TRAIN train_fourcastnet_conservefm_full_s42]   "backbone": "fourcastnet",
[TRAIN train_fourcastnet_conservefm_full_s42]   "seed": 42,
[TRAIN train_fourcastnet_conservefm_full_s42]   "forecast_provider": "zarr_frozen_fm",
[TRAIN train_fourcastnet_conservefm_full_s42]   "best_val_repair_mse": 0.0603158175945282,
[TRAIN train_fourcastnet_conservefm_full_s42]   "global_step": 6000,
[TRAIN train_fourcastnet_conservefm_full_s42]   "elapsed_seconds": 3426.25,
[TRAIN train_fourcastnet_conservefm_full_s42]   "checkpoint_best": "/home/tahiti/ConserveFM/runs/prelim20_train/train_fourcastnet_conservefm_full_s42/checkpoint_best.pt",
[TRAIN train_fourcastnet_conservefm_full_s42]   "checkpoint_last": "/home/tahiti/ConserveFM/runs/prelim20_train/train_fourcastnet_conservefm_full_s42/checkpoint_last.pt"
[TRAIN train_fourcastnet_conservefm_full_s42] }
