[TRAIN train_climax_no_moisture_corruption_s43] [SETUP] device=cuda
[TRAIN train_climax_no_moisture_corruption_s43] [SETUP] run_id=prelim20_train_climax_no_moisture_corruption_s43 method=no_moisture_corruption backbone=climax
[TRAIN train_climax_no_moisture_corruption_s43] [FORECAST] using frozen forecast cache: /home/tahiti/ConserveFM/forecasts/climax.zarr
[TRAIN train_climax_no_moisture_corruption_s43] [STAGE] pretrain epochs=1 start_epoch=0
[TRAIN train_climax_no_moisture_corruption_s43] [TRAIN] stage=pretrain epoch=1/1 batch=10/3000 step=10 repair=0.02702 localization=0.4047 type=1.935 minimal=0.1132 physics=2.651 total=0.3946
[TRAIN train_climax_no_moisture_corruption_s43] [TRAIN] stage=pretrain epoch=1/1 batch=20/3000 step=20 repair=0.009518 localization=0.3658 type=1.528 minimal=0.06897 physics=0.996 total=0.3619
[TRAIN train_climax_no_moisture_corruption_s43] [TRAIN] stage=pretrain epoch=1/1 batch=30/3000 step=30 repair=0.01566 localization=0.2814 type=1.953 minimal=0.08002 physics=0.6404 total=0.4704
[TRAIN train_climax_no_moisture_corruption_s43] [TRAIN] stage=pretrain epoch=1/1 batch=40/3000 step=40 repair=0.005703 localization=0.2569 type=1.767 minimal=0.05093 physics=0.7428 total=0.3872
[TRAIN train_climax_no_moisture_corruption_s43] [TRAIN] stage=pretrain epoch=1/1 batch=50/3000 step=50 repair=0.00322 localization=0.3362 type=0.543 minimal=0.04324 physics=0.5885 total=0.1721
[TRAIN train_climax_no_moisture_corruption_s43] [TRAIN] stage=pretrain epoch=1/1 batch=60/3000 step=60 repair=0.006116 localization=0.5436 type=2.377 minimal=0.04688 physics=1.551 total=0.3762
[TRAIN train_climax_no_moisture_corruption_s43] [TRAIN] stage=pretrain epoch=1/1 batch=70/3000 step=70 repair=0.01319 localization=0.3432 type=2.517 minimal=0.04654 physics=0.4349 total=0.6957
[TRAIN train_climax_no_moisture_corruption_s43] [TRAIN] stage=pretrain epoch=1/1 batch=80/3000 step=80 repair=0.002575 localization=0.3226 type=0.9341 minimal=0.03482 physics=0.8721 total=0.1722
[TRAIN train_climax_no_moisture_corruption_s43] [TRAIN] stage=pretrain epoch=1/1 batch=90/3000 step=90 repair=0.01704 localization=0.3285 type=2.074 minimal=0.0358 physics=0.4287 total=0.4211
[TRAIN train_climax_no_moisture_corruption_s43] [TRAIN] stage=pretrain epoch=1/1 batch=100/3000 step=100 repair=0.007271 localization=0.3286 type=1.787 minimal=0.03235 physics=0.3649 total=0.3771
[TRAIN train_climax_no_moisture_corruption_s43] [TRAIN] stage=pretrain epoch=1/1 batch=110/3000 step=110 repair=0.00336 localization=0.1927 type=0.6294 minimal=0.03049 physics=0.2412 total=0.138
[TRAIN train_climax_no_moisture_corruption_s43] [TRAIN] stage=pretrain epoch=1/1 batch=120/3000 step=120 repair=0.002283 localization=0.3568 type=0.4973 minimal=0.02477 physics=0.2588 total=0.1377
[TRAIN train_climax_no_moisture_corruption_s43] [TRAIN] stage=pretrain epoch=1/1 batch=130/3000 step=130 repair=0.007243 localization=0.3085 type=2.561 minimal=0.02344 physics=1.956 total=0.3922
[TRAIN train_climax_no_moisture_corruption_s43] [TRAIN] stage=pretrain epoch=1/1 batch=140/3000 step=140 repair=0.002045 localization=0.2838 type=1.833 minimal=0.02794 physics=0.1847 total=0.2529
[TRAIN train_climax_no_moisture_corruption_s43] [TRAIN] stage=pretrain epoch=1/1 batch=150/3000 step=150 repair=0.001907 localization=0.262 type=2.318 minimal=0.0273 physics=0.3156 total=0.3285
[TRAIN train_climax_no_moisture_corruption_s43] [TRAIN] stage=pretrain epoch=1/1 batch=160/3000 step=160 repair=0.002544 localization=0.3219 type=1.966 minimal=0.02719 physics=0.2988 total=0.3221
[TRAIN train_climax_no_moisture_corruption_s43] [TRAIN] stage=pretrain epoch=1/1 batch=170/3000 step=170 repair=0.003004 localization=0.3981 type=1.231 minimal=0.02576 physics=0.5903 total=0.1957
[TRAIN train_climax_no_moisture_corruption_s43] [TRAIN] stage=pretrain epoch=1/1 batch=180/3000 step=180 repair=0.01104 localization=0.2523 type=1.605 minimal=0.02142 physics=0.19 total=0.3702
[TRAIN train_climax_no_moisture_corruption_s43] [TRAIN] stage=pretrain epoch=1/1 batch=190/3000 step=190 repair=0.007359 localization=0.296 type=1.45 minimal=0.02127 physics=1.747 total=0.2696
[TRAIN train_climax_no_moisture_corruption_s43] [TRAIN] stage=pretrain epoch=1/1 batch=200/3000 step=200 repair=0.02165 localization=0.2738 type=0.9644 minimal=0.02306 physics=3.176 total=0.3045
[TRAIN train_climax_no_moisture_corruption_s43] [TRAIN] stage=pretrain epoch=1/1 batch=210/3000 step=210 repair=0.01359 localization=0.215 type=2.747 minimal=0.02512 physics=0.1703 total=0.5118
[TRAIN train_climax_no_moisture_corruption_s43] [TRAIN] stage=pretrain epoch=1/1 batch=220/3000 step=220 repair=0.002598 localization=0.2712 type=1.533 minimal=0.02255 physics=0.2292 total=0.2989
[TRAIN train_climax_no_moisture_corruption_s43] [TRAIN] stage=pretrain epoch=1/1 batch=230/3000 step=230 repair=0.003808 localization=0.2637 type=0.8069 minimal=0.02396 physics=0.8463 total=0.1534
[TRAIN train_climax_no_moisture_corruption_s43] [TRAIN] stage=pretrain epoch=1/1 batch=240/3000 step=240 repair=0.00609 localization=0.3232 type=1.778 minimal=0.02348 physics=0.1836 total=0.3567
[TRAIN train_climax_no_moisture_corruption_s43] [TRAIN] stage=pretrain epoch=1/1 batch=250/3000 step=250 repair=0.003707 localization=0.2419 type=2.35 minimal=0.02336 physics=0.131 total=0.4231
[TRAIN train_climax_no_moisture_corruption_s43] [TRAIN] stage=pretrain epoch=1/1 batch=260/3000 step=260 repair=0.002828 localization=0.2073 type=1.176 minimal=0.02362 physics=0.2371 total=0.2634
[TRAIN train_climax_no_moisture_corruption_s43] [TRAIN] stage=pretrain epoch=1/1 batch=270/3000 step=270 repair=0.006227 localization=0.2871 type=1.451 minimal=0.02287 physics=0.2251 total=0.299
[TRAIN train_climax_no_moisture_corruption_s43] [TRAIN] stage=pretrain epoch=1/1 batch=280/3000 step=280 repair=0.003271 localization=0.3112 type=1.818 minimal=0.02396 physics=0.5184 total=0.2423
[TRAIN train_climax_no_moisture_corruption_s43] [TRAIN] stage=pretrain epoch=1/1 batch=290/3000 step=290 repair=0.003442 localization=0.1896 type=1.5 minimal=0.02237 physics=0.7259 total=0.209
[TRAIN train_climax_no_moisture_corruption_s43] [TRAIN] stage=pretrain epoch=1/1 batch=300/3000 step=300 repair=0.00326 localization=0.3867 type=0.3514 minimal=0.02669 physics=0.6163 total=0.1082
[TRAIN train_climax_no_moisture_corruption_s43] [TRAIN] stage=pretrain epoch=1/1 batch=310/3000 step=310 repair=0.006495 localization=0.2695 type=1.951 minimal=0.03613 physics=0.2801 total=0.3566
[TRAIN train_climax_no_moisture_corruption_s43] [TRAIN] stage=pretrain epoch=1/1 batch=320/3000 step=320 repair=0.005418 localization=0.4068 type=1.226 minimal=0.03546 physics=0.26 total=0.2962
[TRAIN train_climax_no_moisture_corruption_s43] [TRAIN] stage=pretrain epoch=1/1 batch=330/3000 step=330 repair=0.005738 localization=0.3109 type=2.017 minimal=0.02815 physics=1.146 total=0.2961
[TRAIN train_climax_no_moisture_corruption_s43] [TRAIN] stage=pretrain epoch=1/1 batch=340/3000 step=340 repair=0.008328 localization=0.2312 type=1.539 minimal=0.02411 physics=0.1388 total=0.3497
[TRAIN train_climax_no_moisture_corruption_s43] [TRAIN] stage=pretrain epoch=1/1 batch=350/3000 step=350 repair=0.006908 localization=0.4402 type=1.609 minimal=0.02814 physics=0.2931 total=0.3161
[TRAIN train_climax_no_moisture_corruption_s43] [TRAIN] stage=pretrain epoch=1/1 batch=360/3000 step=360 repair=0.00363 localization=0.2975 type=1.726 minimal=0.02614 physics=0.2168 total=0.3463
[TRAIN train_climax_no_moisture_corruption_s43] [TRAIN] stage=pretrain epoch=1/1 batch=370/3000 step=370 repair=0.004747 localization=0.3176 type=1.142 minimal=0.02628 physics=0.1345 total=0.2462
[TRAIN train_climax_no_moisture_corruption_s43] [TRAIN] stage=pretrain epoch=1/1 batch=380/3000 step=380 repair=0.00433 localization=0.241 type=1.632 minimal=0.02507 physics=0.4555 total=0.2147
[TRAIN train_climax_no_moisture_corruption_s43] [TRAIN] stage=pretrain epoch=1/1 batch=390/3000 step=390 repair=0.007157 localization=0.2395 type=2.31 minimal=0.02238 physics=0.2769 total=0.4967
[TRAIN train_climax_no_moisture_corruption_s43] [TRAIN] stage=pretrain epoch=1/1 batch=400/3000 step=400 repair=0.004513 localization=0.2239 type=1.51 minimal=0.02567 physics=0.192 total=0.279
[TRAIN train_climax_no_moisture_corruption_s43] [TRAIN] stage=pretrain epoch=1/1 batch=410/3000 step=410 repair=0.003115 localization=0.363 type=0.8069 minimal=0.02231 physics=0.08792 total=0.1961
[TRAIN train_climax_no_moisture_corruption_s43] [TRAIN] stage=pretrain epoch=1/1 batch=420/3000 step=420 repair=0.002684 localization=0.2977 type=0.6948 minimal=0.02278 physics=0.0964 total=0.1506
[TRAIN train_climax_no_moisture_corruption_s43] [TRAIN] stage=pretrain epoch=1/1 batch=430/3000 step=430 repair=0.002461 localization=0.2466 type=0.8713 minimal=0.02097 physics=0.08602 total=0.1749
[TRAIN train_climax_no_moisture_corruption_s43] [TRAIN] stage=pretrain epoch=1/1 batch=440/3000 step=440 repair=0.007725 localization=0.3535 type=1.773 minimal=0.01909 physics=0.1451 total=0.3805
[TRAIN train_climax_no_moisture_corruption_s43] [TRAIN] stage=pretrain epoch=1/1 batch=450/3000 step=450 repair=0.01829 localization=0.1879 type=1.295 minimal=0.02132 physics=0.3837 total=0.2992
[TRAIN train_climax_no_moisture_corruption_s43] [TRAIN] stage=pretrain epoch=1/1 batch=460/3000 step=460 repair=0.02054 localization=0.2 type=1.283 minimal=0.02405 physics=0.4427 total=0.2974
[TRAIN train_climax_no_moisture_corruption_s43] [TRAIN] stage=pretrain epoch=1/1 batch=470/3000 step=470 repair=0.01224 localization=0.1434 type=0.9341 minimal=0.02274 physics=0.383 total=0.202
[TRAIN train_climax_no_moisture_corruption_s43] [TRAIN] stage=pretrain epoch=1/1 batch=480/3000 step=480 repair=0.003706 localization=0.3516 type=1.344 minimal=0.02071 physics=0.2128 total=0.2651
[TRAIN train_climax_no_moisture_corruption_s43] [TRAIN] stage=pretrain epoch=1/1 batch=490/3000 step=490 repair=0.006219 localization=0.2579 type=1.436 minimal=0.01942 physics=0.2069 total=0.2783
[TRAIN train_climax_no_moisture_corruption_s43] [TRAIN] stage=pretrain epoch=1/1 batch=500/3000 step=500 repair=0.003253 localization=0.2868 type=1.39 minimal=0.02489 physics=0.1302 total=0.2946
[TRAIN train_climax_no_moisture_corruption_s43] [TRAIN] stage=pretrain epoch=1/1 batch=510/3000 step=510 repair=0.008773 localization=0.261 type=1.299 minimal=0.0282 physics=0.2721 total=0.2744
[TRAIN train_climax_no_moisture_corruption_s43] [TRAIN] stage=pretrain epoch=1/1 batch=520/3000 step=520 repair=0.0078 localization=0.2817 type=1.574 minimal=0.02222 physics=0.155 total=0.346
[TRAIN train_climax_no_moisture_corruption_s43] [TRAIN] stage=pretrain epoch=1/1 batch=530/3000 step=530 repair=0.006137 localization=0.3247 type=1.576 minimal=0.01971 physics=0.1823 total=0.3249
[TRAIN train_climax_no_moisture_corruption_s43] [TRAIN] stage=pretrain epoch=1/1 batch=540/3000 step=540 repair=0.002184 localization=0.2709 type=1.332 minimal=0.01721 physics=0.1486 total=0.2839
[TRAIN train_climax_no_moisture_corruption_s43] [TRAIN] stage=pretrain epoch=1/1 batch=550/3000 step=550 repair=0.003585 localization=0.29 type=2.05 minimal=0.0184 physics=0.1416 total=0.4118
[TRAIN train_climax_no_moisture_corruption_s43] [TRAIN] stage=pretrain epoch=1/1 batch=560/3000 step=560 repair=0.005819 localization=0.2048 type=1.56 minimal=0.0294 physics=0.1925 total=0.3093
[TRAIN train_climax_no_moisture_corruption_s43] [TRAIN] stage=pretrain epoch=1/1 batch=570/3000 step=570 repair=0.005901 localization=0.3799 type=1.789 minimal=0.02371 physics=0.1413 total=0.3854
[TRAIN train_climax_no_moisture_corruption_s43] [TRAIN] stage=pretrain epoch=1/1 batch=580/3000 step=580 repair=0.006035 localization=0.4021 type=1.779 minimal=0.02322 physics=0.1193 total=0.3428
[TRAIN train_climax_no_moisture_corruption_s43] [TRAIN] stage=pretrain epoch=1/1 batch=590/3000 step=590 repair=0.005979 localization=0.415 type=1.677 minimal=0.02184 physics=0.2827 total=0.2935
[TRAIN train_climax_no_moisture_corruption_s43] [TRAIN] stage=pretrain epoch=1/1 batch=600/3000 step=600 repair=0.007223 localization=0.2982 type=1.107 minimal=0.02399 physics=0.2368 total=0.2332
[TRAIN train_climax_no_moisture_corruption_s43] [TRAIN] stage=pretrain epoch=1/1 batch=610/3000 step=610 repair=0.004021 localization=0.2657 type=0.9319 minimal=0.02115 physics=0.1767 total=0.1801
[TRAIN train_climax_no_moisture_corruption_s43] [TRAIN] stage=pretrain epoch=1/1 batch=620/3000 step=620 repair=0.00817 localization=0.2428 type=1.195 minimal=0.02463 physics=1.056 total=0.205
[TRAIN train_climax_no_moisture_corruption_s43] [TRAIN] stage=pretrain epoch=1/1 batch=630/3000 step=630 repair=0.003597 localization=0.2661 type=1.943 minimal=0.02011 physics=0.1518 total=0.3856
[TRAIN train_climax_no_moisture_corruption_s43] [TRAIN] stage=pretrain epoch=1/1 batch=640/3000 step=640 repair=0.004594 localization=0.3078 type=1.697 minimal=0.02144 physics=0.08774 total=0.3349
[TRAIN train_climax_no_moisture_corruption_s43] [TRAIN] stage=pretrain epoch=1/1 batch=650/3000 step=650 repair=0.005065 localization=0.3389 type=0.9646 minimal=0.02188 physics=0.4224 total=0.1568
[TRAIN train_climax_no_moisture_corruption_s43] [TRAIN] stage=pretrain epoch=1/1 batch=660/3000 step=660 repair=0.007264 localization=0.3207 type=1.34 minimal=0.02209 physics=0.1501 total=0.2686
[TRAIN train_climax_no_moisture_corruption_s43] [TRAIN] stage=pretrain epoch=1/1 batch=670/3000 step=670 repair=0.01024 localization=0.348 type=1.201 minimal=0.0206 physics=0.1637 total=0.2509
[TRAIN train_climax_no_moisture_corruption_s43] [TRAIN] stage=pretrain epoch=1/1 batch=680/3000 step=680 repair=0.003035 localization=0.2785 type=2.03 minimal=0.02173 physics=0.1092 total=0.3856
[TRAIN train_climax_no_moisture_corruption_s43] [TRAIN] stage=pretrain epoch=1/1 batch=690/3000 step=690 repair=0.007483 localization=0.2667 type=1.432 minimal=0.02007 physics=0.9424 total=0.2246
[TRAIN train_climax_no_moisture_corruption_s43] [TRAIN] stage=pretrain epoch=1/1 batch=700/3000 step=700 repair=0.00389 localization=0.2254 type=1.706 minimal=0.02382 physics=0.1124 total=0.3402
[TRAIN train_climax_no_moisture_corruption_s43] [TRAIN] stage=pretrain epoch=1/1 batch=710/3000 step=710 repair=0.002619 localization=0.2855 type=1.537 minimal=0.02209 physics=0.1005 total=0.3239
[TRAIN train_climax_no_moisture_corruption_s43] [TRAIN] stage=pretrain epoch=1/1 batch=720/3000 step=720 repair=0.00473 localization=0.2451 type=0.8896 minimal=0.01956 physics=0.2303 total=0.2054
[TRAIN train_climax_no_moisture_corruption_s43] [TRAIN] stage=pretrain epoch=1/1 batch=730/3000 step=730 repair=0.004741 localization=0.372 type=2.062 minimal=0.01857 physics=0.7307 total=0.2848
[TRAIN train_climax_no_moisture_corruption_s43] [TRAIN] stage=pretrain epoch=1/1 batch=740/3000 step=740 repair=0.004803 localization=0.2341 type=1.131 minimal=0.02199 physics=0.1618 total=0.2464
[TRAIN train_climax_no_moisture_corruption_s43] [TRAIN] stage=pretrain epoch=1/1 batch=750/3000 step=750 repair=0.01087 localization=0.3761 type=2.115 minimal=0.02321 physics=0.1505 total=0.4178
[TRAIN train_climax_no_moisture_corruption_s43] [TRAIN] stage=pretrain epoch=1/1 batch=760/3000 step=760 repair=0.02114 localization=0.3099 type=1.714 minimal=0.02307 physics=2.337 total=0.3406
[TRAIN train_climax_no_moisture_corruption_s43] [TRAIN] stage=pretrain epoch=1/1 batch=770/3000 step=770 repair=0.01093 localization=0.4272 type=0.9802 minimal=0.02203 physics=1.828 total=0.2433
[TRAIN train_climax_no_moisture_corruption_s43] [TRAIN] stage=pretrain epoch=1/1 batch=780/3000 step=780 repair=0.00379 localization=0.3299 type=1.905 minimal=0.02423 physics=0.168 total=0.3874
[TRAIN train_climax_no_moisture_corruption_s43] [TRAIN] stage=pretrain epoch=1/1 batch=790/3000 step=790 repair=0.002367 localization=0.2518 type=0.8867 minimal=0.02034 physics=0.1003 total=0.1991
[TRAIN train_climax_no_moisture_corruption_s43] [TRAIN] stage=pretrain epoch=1/1 batch=800/3000 step=800 repair=0.002262 localization=0.2321 type=1.006 minimal=0.01891 physics=0.08717 total=0.2034
[TRAIN train_climax_no_moisture_corruption_s43] [TRAIN] stage=pretrain epoch=1/1 batch=810/3000 step=810 repair=0.007864 localization=0.2562 type=1.416 minimal=0.02019 physics=1.491 total=0.2498
[TRAIN train_climax_no_moisture_corruption_s43] [TRAIN] stage=pretrain epoch=1/1 batch=820/3000 step=820 repair=0.003323 localization=0.396 type=1.311 minimal=0.02057 physics=0.1836 total=0.2962
[TRAIN train_climax_no_moisture_corruption_s43] [TRAIN] stage=pretrain epoch=1/1 batch=830/3000 step=830 repair=0.002614 localization=0.2629 type=2.137 minimal=0.01712 physics=0.08211 total=0.4255
[TRAIN train_climax_no_moisture_corruption_s43] [TRAIN] stage=pretrain epoch=1/1 batch=840/3000 step=840 repair=0.005623 localization=0.1647 type=1.031 minimal=0.0197 physics=0.07734 total=0.2056
[TRAIN train_climax_no_moisture_corruption_s43] [TRAIN] stage=pretrain epoch=1/1 batch=850/3000 step=850 repair=0.008205 localization=0.2883 type=0.9641 minimal=0.01749 physics=0.07592 total=0.203
[TRAIN train_climax_no_moisture_corruption_s43] [TRAIN] stage=pretrain epoch=1/1 batch=860/3000 step=860 repair=0.003412 localization=0.2551 type=1.069 minimal=0.01738 physics=0.1636 total=0.2158
[TRAIN train_climax_no_moisture_corruption_s43] [TRAIN] stage=pretrain epoch=1/1 batch=870/3000 step=870 repair=0.02774 localization=0.2902 type=1.087 minimal=0.02069 physics=1.446 total=0.238
[TRAIN train_climax_no_moisture_corruption_s43] [TRAIN] stage=pretrain epoch=1/1 batch=880/3000 step=880 repair=0.002992 localization=0.193 type=1.117 minimal=0.01993 physics=0.2421 total=0.1463
[TRAIN train_climax_no_moisture_corruption_s43] [TRAIN] stage=pretrain epoch=1/1 batch=890/3000 step=890 repair=0.006194 localization=0.2502 type=0.8794 minimal=0.01936 physics=0.145 total=0.1747
[TRAIN train_climax_no_moisture_corruption_s43] [TRAIN] stage=pretrain epoch=1/1 batch=900/3000 step=900 repair=0.003668 localization=0.2532 type=2.076 minimal=0.02225 physics=0.1965 total=0.4014
[TRAIN train_climax_no_moisture_corruption_s43] [TRAIN] stage=pretrain epoch=1/1 batch=910/3000 step=910 repair=0.008003 localization=0.3376 type=0.7795 minimal=0.02361 physics=0.2145 total=0.1896
[TRAIN train_climax_no_moisture_corruption_s43] [TRAIN] stage=pretrain epoch=1/1 batch=920/3000 step=920 repair=0.003202 localization=0.2004 type=0.7444 minimal=0.01762 physics=0.08299 total=0.1663
[TRAIN train_climax_no_moisture_corruption_s43] [TRAIN] stage=pretrain epoch=1/1 batch=930/3000 step=930 repair=0.004066 localization=0.2867 type=0.4452 minimal=0.01759 physics=0.09583 total=0.1078
[TRAIN train_climax_no_moisture_corruption_s43] [TRAIN] stage=pretrain epoch=1/1 batch=940/3000 step=940 repair=0.005195 localization=0.3058 type=1.273 minimal=0.02104 physics=0.3246 total=0.1795
[TRAIN train_climax_no_moisture_corruption_s43] [TRAIN] stage=pretrain epoch=1/1 batch=950/3000 step=950 repair=0.01389 localization=0.2767 type=0.7002 minimal=0.05359 physics=0.909 total=0.2317
[TRAIN train_climax_no_moisture_corruption_s43] [TRAIN] stage=pretrain epoch=1/1 batch=960/3000 step=960 repair=0.008284 localization=0.4194 type=1.034 minimal=0.02705 physics=0.1678 total=0.2095
[TRAIN train_climax_no_moisture_corruption_s43] [TRAIN] stage=pretrain epoch=1/1 batch=970/3000 step=970 repair=0.004267 localization=0.2079 type=2.723 minimal=0.0274 physics=0.2542 total=0.5281
[TRAIN train_climax_no_moisture_corruption_s43] [TRAIN] stage=pretrain epoch=1/1 batch=980/3000 step=980 repair=0.02393 localization=0.3452 type=1.903 minimal=0.04617 physics=0.809 total=0.5972
[TRAIN train_climax_no_moisture_corruption_s43] [TRAIN] stage=pretrain epoch=1/1 batch=990/3000 step=990 repair=0.002878 localization=0.3279 type=0.9678 minimal=0.02832 physics=0.2718 total=0.2136
[TRAIN train_climax_no_moisture_corruption_s43] [TRAIN] stage=pretrain epoch=1/1 batch=1000/3000 step=1000 repair=0.003732 localization=0.2889 type=1.413 minimal=0.02165 physics=0.09177 total=0.2715
[TRAIN train_climax_no_moisture_corruption_s43] [TRAIN] stage=pretrain epoch=1/1 batch=1010/3000 step=1010 repair=0.01799 localization=0.3686 type=0.8386 minimal=0.024 physics=0.2302 total=0.1939
[TRAIN train_climax_no_moisture_corruption_s43] [TRAIN] stage=pretrain epoch=1/1 batch=1020/3000 step=1020 repair=0.00542 localization=0.2106 type=1.753 minimal=0.02444 physics=0.3033 total=0.2172
[TRAIN train_climax_no_moisture_corruption_s43] [TRAIN] stage=pretrain epoch=1/1 batch=1030/3000 step=1030 repair=0.01253 localization=0.224 type=0.3368 minimal=0.01985 physics=0.2721 total=0.1039
[TRAIN train_climax_no_moisture_corruption_s43] [TRAIN] stage=pretrain epoch=1/1 batch=1040/3000 step=1040 repair=0.005761 localization=0.3513 type=2.674 minimal=0.02417 physics=0.5378 total=0.3354
[TRAIN train_climax_no_moisture_corruption_s43] [TRAIN] stage=pretrain epoch=1/1 batch=1050/3000 step=1050 repair=0.03175 localization=0.3413 type=1.605 minimal=0.02002 physics=1.65 total=0.3091
[TRAIN train_climax_no_moisture_corruption_s43] [TRAIN] stage=pretrain epoch=1/1 batch=1060/3000 step=1060 repair=0.005238 localization=0.2624 type=0.9609 minimal=0.02051 physics=0.4587 total=0.1507
[TRAIN train_climax_no_moisture_corruption_s43] [TRAIN] stage=pretrain epoch=1/1 batch=1070/3000 step=1070 repair=0.006638 localization=0.2224 type=1.834 minimal=0.01965 physics=0.08363 total=0.2675
[TRAIN train_climax_no_moisture_corruption_s43] [TRAIN] stage=pretrain epoch=1/1 batch=1080/3000 step=1080 repair=0.006286 localization=0.3014 type=2.082 minimal=0.02202 physics=0.1009 total=0.3393
[TRAIN train_climax_no_moisture_corruption_s43] [TRAIN] stage=pretrain epoch=1/1 batch=1090/3000 step=1090 repair=0.005173 localization=0.2226 type=1.496 minimal=0.02507 physics=0.7693 total=0.2157
[TRAIN train_climax_no_moisture_corruption_s43] [TRAIN] stage=pretrain epoch=1/1 batch=1100/3000 step=1100 repair=0.004205 localization=0.2015 type=1.251 minimal=0.01999 physics=0.1897 total=0.2813
[TRAIN train_climax_no_moisture_corruption_s43] [TRAIN] stage=pretrain epoch=1/1 batch=1110/3000 step=1110 repair=0.00326 localization=0.2835 type=1.516 minimal=0.01805 physics=0.08995 total=0.3201
[TRAIN train_climax_no_moisture_corruption_s43] [TRAIN] stage=pretrain epoch=1/1 batch=1120/3000 step=1120 repair=0.004185 localization=0.1811 type=0.684 minimal=0.03117 physics=0.4838 total=0.164
[TRAIN train_climax_no_moisture_corruption_s43] [TRAIN] stage=pretrain epoch=1/1 batch=1130/3000 step=1130 repair=0.002661 localization=0.4085 type=1.417 minimal=0.01698 physics=0.1739 total=0.2832
[TRAIN train_climax_no_moisture_corruption_s43] [TRAIN] stage=pretrain epoch=1/1 batch=1140/3000 step=1140 repair=0.003875 localization=0.2549 type=0.908 minimal=0.02205 physics=0.06149 total=0.1645
[TRAIN train_climax_no_moisture_corruption_s43] [TRAIN] stage=pretrain epoch=1/1 batch=1150/3000 step=1150 repair=0.006999 localization=0.253 type=1.524 minimal=0.01767 physics=1.399 total=0.2549
[TRAIN train_climax_no_moisture_corruption_s43] [TRAIN] stage=pretrain epoch=1/1 batch=1160/3000 step=1160 repair=0.005497 localization=0.2199 type=1.122 minimal=0.01706 physics=1.084 total=0.1941
[TRAIN train_climax_no_moisture_corruption_s43] [TRAIN] stage=pretrain epoch=1/1 batch=1170/3000 step=1170 repair=0.002435 localization=0.2876 type=1.861 minimal=0.01784 physics=0.1755 total=0.3127
[TRAIN train_climax_no_moisture_corruption_s43] [TRAIN] stage=pretrain epoch=1/1 batch=1180/3000 step=1180 repair=0.006781 localization=0.2037 type=0.7405 minimal=0.01955 physics=0.763 total=0.1395
[TRAIN train_climax_no_moisture_corruption_s43] [TRAIN] stage=pretrain epoch=1/1 batch=1190/3000 step=1190 repair=0.008246 localization=0.1565 type=1.156 minimal=0.02611 physics=0.3298 total=0.2494
[TRAIN train_climax_no_moisture_corruption_s43] [TRAIN] stage=pretrain epoch=1/1 batch=1200/3000 step=1200 repair=0.0101 localization=0.3912 type=1.62 minimal=0.01804 physics=0.2957 total=0.3185
[TRAIN train_climax_no_moisture_corruption_s43] [TRAIN] stage=pretrain epoch=1/1 batch=1210/3000 step=1210 repair=0.004016 localization=0.213 type=0.9114 minimal=0.01833 physics=0.7294 total=0.1531
[TRAIN train_climax_no_moisture_corruption_s43] [TRAIN] stage=pretrain epoch=1/1 batch=1220/3000 step=1220 repair=0.03066 localization=0.3482 type=1.458 minimal=0.01852 physics=2.593 total=0.3412
[TRAIN train_climax_no_moisture_corruption_s43] [TRAIN] stage=pretrain epoch=1/1 batch=1230/3000 step=1230 repair=0.005333 localization=0.2179 type=0.2892 minimal=0.02205 physics=0.3121 total=0.08831
[TRAIN train_climax_no_moisture_corruption_s43] [TRAIN] stage=pretrain epoch=1/1 batch=1240/3000 step=1240 repair=0.006049 localization=0.2406 type=2.268 minimal=0.01772 physics=1.575 total=0.3358
[TRAIN train_climax_no_moisture_corruption_s43] [TRAIN] stage=pretrain epoch=1/1 batch=1250/3000 step=1250 repair=0.002215 localization=0.3015 type=1.687 minimal=0.01504 physics=0.4998 total=0.2262
[TRAIN train_climax_no_moisture_corruption_s43] [TRAIN] stage=pretrain epoch=1/1 batch=1260/3000 step=1260 repair=0.002768 localization=0.1605 type=1.815 minimal=0.01697 physics=0.2294 total=0.3835
[TRAIN train_climax_no_moisture_corruption_s43] [TRAIN] stage=pretrain epoch=1/1 batch=1270/3000 step=1270 repair=0.01108 localization=0.4562 type=1.826 minimal=0.01788 physics=1.913 total=0.3351
[TRAIN train_climax_no_moisture_corruption_s43] [TRAIN] stage=pretrain epoch=1/1 batch=1280/3000 step=1280 repair=0.009544 localization=0.4229 type=1.336 minimal=0.01991 physics=0.07604 total=0.364
[TRAIN train_climax_no_moisture_corruption_s43] [TRAIN] stage=pretrain epoch=1/1 batch=1290/3000 step=1290 repair=0.009039 localization=0.3518 type=1.533 minimal=0.01781 physics=0.1697 total=0.287
[TRAIN train_climax_no_moisture_corruption_s43] [TRAIN] stage=pretrain epoch=1/1 batch=1300/3000 step=1300 repair=0.002963 localization=0.2412 type=0.5762 minimal=0.01593 physics=0.6236 total=0.116
[TRAIN train_climax_no_moisture_corruption_s43] [TRAIN] stage=pretrain epoch=1/1 batch=1310/3000 step=1310 repair=0.00306 localization=0.2581 type=1.736 minimal=0.01712 physics=0.2138 total=0.325
[TRAIN train_climax_no_moisture_corruption_s43] [TRAIN] stage=pretrain epoch=1/1 batch=1320/3000 step=1320 repair=0.003922 localization=0.1103 type=0.2447 minimal=0.02614 physics=0.7194 total=0.09082
[TRAIN train_climax_no_moisture_corruption_s43] [TRAIN] stage=pretrain epoch=1/1 batch=1330/3000 step=1330 repair=0.004213 localization=0.1407 type=0.171 minimal=0.03235 physics=1.929 total=0.1422
[TRAIN train_climax_no_moisture_corruption_s43] [TRAIN] stage=pretrain epoch=1/1 batch=1340/3000 step=1340 repair=0.007564 localization=0.2752 type=1.815 minimal=0.01746 physics=1.164 total=0.275
[TRAIN train_climax_no_moisture_corruption_s43] [TRAIN] stage=pretrain epoch=1/1 batch=1350/3000 step=1350 repair=0.003639 localization=0.2006 type=0.6753 minimal=0.01689 physics=0.194 total=0.1682
[TRAIN train_climax_no_moisture_corruption_s43] [TRAIN] stage=pretrain epoch=1/1 batch=1360/3000 step=1360 repair=0.003009 localization=0.265 type=1.293 minimal=0.01706 physics=0.1931 total=0.2881
[TRAIN train_climax_no_moisture_corruption_s43] [TRAIN] stage=pretrain epoch=1/1 batch=1370/3000 step=1370 repair=0.005764 localization=0.2296 type=0.3983 minimal=0.02002 physics=0.1435 total=0.09556
[TRAIN train_climax_no_moisture_corruption_s43] [TRAIN] stage=pretrain epoch=1/1 batch=1380/3000 step=1380 repair=0.003093 localization=0.1503 type=0.1227 minimal=0.02267 physics=0.3637 total=0.05823
[TRAIN train_climax_no_moisture_corruption_s43] [TRAIN] stage=pretrain epoch=1/1 batch=1390/3000 step=1390 repair=0.009885 localization=0.2626 type=1.095 minimal=0.02808 physics=0.1822 total=0.1682
[TRAIN train_climax_no_moisture_corruption_s43] [TRAIN] stage=pretrain epoch=1/1 batch=1400/3000 step=1400 repair=0.006808 localization=0.2299 type=1.202 minimal=0.02344 physics=0.09681 total=0.1778
[TRAIN train_climax_no_moisture_corruption_s43] [TRAIN] stage=pretrain epoch=1/1 batch=1410/3000 step=1410 repair=0.004398 localization=0.2467 type=2.978 minimal=0.0219 physics=0.1229 total=0.4883
[TRAIN train_climax_no_moisture_corruption_s43] [TRAIN] stage=pretrain epoch=1/1 batch=1420/3000 step=1420 repair=0.01016 localization=0.3371 type=0.6538 minimal=0.01929 physics=0.09781 total=0.1426
[TRAIN train_climax_no_moisture_corruption_s43] [TRAIN] stage=pretrain epoch=1/1 batch=1430/3000 step=1430 repair=0.008717 localization=0.3756 type=1.335 minimal=0.0199 physics=0.1224 total=0.2247
[TRAIN train_climax_no_moisture_corruption_s43] [TRAIN] stage=pretrain epoch=1/1 batch=1440/3000 step=1440 repair=0.004526 localization=0.2711 type=1.944 minimal=0.01755 physics=0.1695 total=0.3658
[TRAIN train_climax_no_moisture_corruption_s43] [TRAIN] stage=pretrain epoch=1/1 batch=1450/3000 step=1450 repair=0.01106 localization=0.3015 type=0.7769 minimal=0.01677 physics=0.0893 total=0.16
[TRAIN train_climax_no_moisture_corruption_s43] [TRAIN] stage=pretrain epoch=1/1 batch=1460/3000 step=1460 repair=0.004374 localization=0.3201 type=0.8518 minimal=0.01715 physics=0.2952 total=0.1365
[TRAIN train_climax_no_moisture_corruption_s43] [TRAIN] stage=pretrain epoch=1/1 batch=1470/3000 step=1470 repair=0.004513 localization=0.2406 type=1.688 minimal=0.01935 physics=0.1907 total=0.3171
[TRAIN train_climax_no_moisture_corruption_s43] [TRAIN] stage=pretrain epoch=1/1 batch=1480/3000 step=1480 repair=0.00941 localization=0.2776 type=0.8271 minimal=0.01794 physics=1.107 total=0.1754
[TRAIN train_climax_no_moisture_corruption_s43] [TRAIN] stage=pretrain epoch=1/1 batch=1490/3000 step=1490 repair=0.003092 localization=0.1021 type=0.4975 minimal=0.02341 physics=0.6447 total=0.1239
[TRAIN train_climax_no_moisture_corruption_s43] [TRAIN] stage=pretrain epoch=1/1 batch=1500/3000 step=1500 repair=0.01726 localization=0.2274 type=0.7251 minimal=0.01733 physics=1.539 total=0.1896
[TRAIN train_climax_no_moisture_corruption_s43] [TRAIN] stage=pretrain epoch=1/1 batch=1510/3000 step=1510 repair=0.001859 localization=0.2433 type=0.07268 minimal=0.01945 physics=0.2793 total=0.05131
[TRAIN train_climax_no_moisture_corruption_s43] [TRAIN] stage=pretrain epoch=1/1 batch=1520/3000 step=1520 repair=0.005438 localization=0.1956 type=1.541 minimal=0.0175 physics=1.026 total=0.2306
[TRAIN train_climax_no_moisture_corruption_s43] [TRAIN] stage=pretrain epoch=1/1 batch=1530/3000 step=1530 repair=0.008992 localization=0.3757 type=1.139 minimal=0.01807 physics=0.05892 total=0.2771
[TRAIN train_climax_no_moisture_corruption_s43] [TRAIN] stage=pretrain epoch=1/1 batch=1540/3000 step=1540 repair=0.002973 localization=0.1136 type=0.3407 minimal=0.02173 physics=0.4795 total=0.1
[TRAIN train_climax_no_moisture_corruption_s43] [TRAIN] stage=pretrain epoch=1/1 batch=1550/3000 step=1550 repair=0.02598 localization=0.2604 type=1.026 minimal=0.02161 physics=1.474 total=0.2285
[TRAIN train_climax_no_moisture_corruption_s43] [TRAIN] stage=pretrain epoch=1/1 batch=1560/3000 step=1560 repair=0.006724 localization=0.2734 type=1.413 minimal=0.02122 physics=0.06274 total=0.2741
[TRAIN train_climax_no_moisture_corruption_s43] [TRAIN] stage=pretrain epoch=1/1 batch=1570/3000 step=1570 repair=0.00421 localization=0.3488 type=1.223 minimal=0.01723 physics=0.06691 total=0.2376
[TRAIN train_climax_no_moisture_corruption_s43] [TRAIN] stage=pretrain epoch=1/1 batch=1580/3000 step=1580 repair=0.007091 localization=0.2973 type=0.8613 minimal=0.01781 physics=0.1767 total=0.1959
[TRAIN train_climax_no_moisture_corruption_s43] [TRAIN] stage=pretrain epoch=1/1 batch=1590/3000 step=1590 repair=0.002032 localization=0.2495 type=0.7451 minimal=0.01851 physics=0.7516 total=0.1933
[TRAIN train_climax_no_moisture_corruption_s43] [TRAIN] stage=pretrain epoch=1/1 batch=1600/3000 step=1600 repair=0.006648 localization=0.258 type=0.2189 minimal=0.01865 physics=0.09949 total=0.07519
[TRAIN train_climax_no_moisture_corruption_s43] [TRAIN] stage=pretrain epoch=1/1 batch=1610/3000 step=1610 repair=0.003359 localization=0.3585 type=2.294 minimal=0.01691 physics=0.453 total=0.2914
[TRAIN train_climax_no_moisture_corruption_s43] [TRAIN] stage=pretrain epoch=1/1 batch=1620/3000 step=1620 repair=0.02032 localization=0.3793 type=0.5261 minimal=0.01863 physics=0.3303 total=0.1545
[TRAIN train_climax_no_moisture_corruption_s43] [TRAIN] stage=pretrain epoch=1/1 batch=1630/3000 step=1630 repair=0.003624 localization=0.3238 type=1.805 minimal=0.01869 physics=0.1371 total=0.3738
[TRAIN train_climax_no_moisture_corruption_s43] [TRAIN] stage=pretrain epoch=1/1 batch=1640/3000 step=1640 repair=0.002537 localization=0.2052 type=0.0878 minimal=0.01907 physics=0.1915 total=0.04881
[TRAIN train_climax_no_moisture_corruption_s43] [TRAIN] stage=pretrain epoch=1/1 batch=1650/3000 step=1650 repair=0.004883 localization=0.257 type=1.513 minimal=0.0211 physics=0.1315 total=0.299
[TRAIN train_climax_no_moisture_corruption_s43] [TRAIN] stage=pretrain epoch=1/1 batch=1660/3000 step=1660 repair=0.003315 localization=0.331 type=0.8413 minimal=0.01802 physics=0.4472 total=0.1431
[TRAIN train_climax_no_moisture_corruption_s43] [TRAIN] stage=pretrain epoch=1/1 batch=1670/3000 step=1670 repair=0.01124 localization=0.3297 type=0.5071 minimal=0.02434 physics=1.262 total=0.1583
[TRAIN train_climax_no_moisture_corruption_s43] [TRAIN] stage=pretrain epoch=1/1 batch=1680/3000 step=1680 repair=0.00311 localization=0.071 type=0.02402 minimal=0.03108 physics=0.7255 total=0.05142
[TRAIN train_climax_no_moisture_corruption_s43] [TRAIN] stage=pretrain epoch=1/1 batch=1690/3000 step=1690 repair=0.001896 localization=0.2706 type=1.742 minimal=0.01692 physics=0.1561 total=0.2754
[TRAIN train_climax_no_moisture_corruption_s43] [TRAIN] stage=pretrain epoch=1/1 batch=1700/3000 step=1700 repair=0.002178 localization=0.3289 type=0.9766 minimal=0.01617 physics=0.2262 total=0.2091
[TRAIN train_climax_no_moisture_corruption_s43] [TRAIN] stage=pretrain epoch=1/1 batch=1710/3000 step=1710 repair=0.002184 localization=0.2979 type=0.4799 minimal=0.01431 physics=0.0902 total=0.1242
[TRAIN train_climax_no_moisture_corruption_s43] [TRAIN] stage=pretrain epoch=1/1 batch=1720/3000 step=1720 repair=0.007294 localization=0.2765 type=2.001 minimal=0.0152 physics=1.536 total=0.312
[TRAIN train_climax_no_moisture_corruption_s43] [TRAIN] stage=pretrain epoch=1/1 batch=1730/3000 step=1730 repair=0.02606 localization=0.2985 type=1.306 minimal=0.01645 physics=1.89 total=0.2811
[TRAIN train_climax_no_moisture_corruption_s43] [TRAIN] stage=pretrain epoch=1/1 batch=1740/3000 step=1740 repair=0.005674 localization=0.2248 type=1.467 minimal=0.01718 physics=0.06698 total=0.2558
[TRAIN train_climax_no_moisture_corruption_s43] [TRAIN] stage=pretrain epoch=1/1 batch=1750/3000 step=1750 repair=0.002665 localization=0.1915 type=0.238 minimal=0.01726 physics=0.1998 total=0.0798
[TRAIN train_climax_no_moisture_corruption_s43] [TRAIN] stage=pretrain epoch=1/1 batch=1760/3000 step=1760 repair=0.02774 localization=0.349 type=0.6775 minimal=0.01813 physics=2.508 total=0.256
[TRAIN train_climax_no_moisture_corruption_s43] [TRAIN] stage=pretrain epoch=1/1 batch=1770/3000 step=1770 repair=0.002996 localization=0.05311 type=0.04473 minimal=0.01999 physics=1.068 total=0.07018
[TRAIN train_climax_no_moisture_corruption_s43] [TRAIN] stage=pretrain epoch=1/1 batch=1780/3000 step=1780 repair=0.02325 localization=0.2734 type=0.7246 minimal=0.02327 physics=1.509 total=0.1987
[TRAIN train_climax_no_moisture_corruption_s43] [TRAIN] stage=pretrain epoch=1/1 batch=1790/3000 step=1790 repair=0.00645 localization=0.4428 type=1.673 minimal=0.01749 physics=0.126 total=0.3039
[TRAIN train_climax_no_moisture_corruption_s43] [TRAIN] stage=pretrain epoch=1/1 batch=1800/3000 step=1800 repair=0.002615 localization=0.1243 type=0.002317 minimal=0.02654 physics=0.8589 total=0.05872
[TRAIN train_climax_no_moisture_corruption_s43] [TRAIN] stage=pretrain epoch=1/1 batch=1810/3000 step=1810 repair=0.002365 localization=0.1338 type=0.0286 minimal=0.02151 physics=0.2775 total=0.0355
[TRAIN train_climax_no_moisture_corruption_s43] [TRAIN] stage=pretrain epoch=1/1 batch=1820/3000 step=1820 repair=0.001658 localization=0.3027 type=2.385 minimal=0.01552 physics=0.4266 total=0.5229
[TRAIN train_climax_no_moisture_corruption_s43] [TRAIN] stage=pretrain epoch=1/1 batch=1830/3000 step=1830 repair=0.006908 localization=0.3562 type=0.6418 minimal=0.01608 physics=0.1961 total=0.1515
[TRAIN train_climax_no_moisture_corruption_s43] [TRAIN] stage=pretrain epoch=1/1 batch=1840/3000 step=1840 repair=0.006447 localization=0.2659 type=0.4978 minimal=0.0174 physics=0.08743 total=0.1241
[TRAIN train_climax_no_moisture_corruption_s43] [TRAIN] stage=pretrain epoch=1/1 batch=1850/3000 step=1850 repair=0.02448 localization=0.2915 type=2.461 minimal=0.01781 physics=1.756 total=0.3877
[TRAIN train_climax_no_moisture_corruption_s43] [TRAIN] stage=pretrain epoch=1/1 batch=1860/3000 step=1860 repair=0.005713 localization=0.3868 type=1.413 minimal=0.01906 physics=0.1167 total=0.3759
[TRAIN train_climax_no_moisture_corruption_s43] [TRAIN] stage=pretrain epoch=1/1 batch=1870/3000 step=1870 repair=0.002273 localization=0.03258 type=0.003715 minimal=0.02444 physics=0.217 total=0.01734
[TRAIN train_climax_no_moisture_corruption_s43] [TRAIN] stage=pretrain epoch=1/1 batch=1880/3000 step=1880 repair=0.001508 localization=0.03281 type=0.00754 minimal=0.01871 physics=0.1569 total=0.014
[TRAIN train_climax_no_moisture_corruption_s43] [TRAIN] stage=pretrain epoch=1/1 batch=1890/3000 step=1890 repair=0.001507 localization=0.04584 type=0.01009 minimal=0.01575 physics=0.1526 total=0.01563
[TRAIN train_climax_no_moisture_corruption_s43] [TRAIN] stage=pretrain epoch=1/1 batch=1900/3000 step=1900 repair=0.000828 localization=0.02086 type=0.002637 minimal=0.01663 physics=0.112 total=0.009181
[TRAIN train_climax_no_moisture_corruption_s43] [TRAIN] stage=pretrain epoch=1/1 batch=1910/3000 step=1910 repair=0.006064 localization=0.3404 type=1.788 minimal=0.02127 physics=0.08267 total=0.3571
[TRAIN train_climax_no_moisture_corruption_s43] [TRAIN] stage=pretrain epoch=1/1 batch=1920/3000 step=1920 repair=0.005358 localization=0.1712 type=1.228 minimal=0.0175 physics=1.004 total=0.1956
[TRAIN train_climax_no_moisture_corruption_s43] [TRAIN] stage=pretrain epoch=1/1 batch=1930/3000 step=1930 repair=0.006724 localization=0.2053 type=1.403 minimal=0.01791 physics=1.247 total=0.2301
[TRAIN train_climax_no_moisture_corruption_s43] [TRAIN] stage=pretrain epoch=1/1 batch=1940/3000 step=1940 repair=0.002472 localization=0.2765 type=1.445 minimal=0.01439 physics=0.09504 total=0.2508
[TRAIN train_climax_no_moisture_corruption_s43] [TRAIN] stage=pretrain epoch=1/1 batch=1950/3000 step=1950 repair=0.003898 localization=0.3645 type=1.496 minimal=0.0164 physics=0.09879 total=0.2921
[TRAIN train_climax_no_moisture_corruption_s43] [TRAIN] stage=pretrain epoch=1/1 batch=1960/3000 step=1960 repair=0.00159 localization=0.0254 type=0.002973 minimal=0.02325 physics=0.1869 total=0.01428
[TRAIN train_climax_no_moisture_corruption_s43] [TRAIN] stage=pretrain epoch=1/1 batch=1970/3000 step=1970 repair=0.01235 localization=0.3324 type=0.9912 minimal=0.01605 physics=0.1037 total=0.2072
[TRAIN train_climax_no_moisture_corruption_s43] [TRAIN] stage=pretrain epoch=1/1 batch=1980/3000 step=1980 repair=0.002054 localization=0.0633 type=0.03175 minimal=0.01617 physics=0.3603 total=0.03175
[TRAIN train_climax_no_moisture_corruption_s43] [TRAIN] stage=pretrain epoch=1/1 batch=1990/3000 step=1990 repair=0.00304 localization=0.269 type=1.375 minimal=0.0162 physics=0.1743 total=0.3031
[TRAIN train_climax_no_moisture_corruption_s43] [TRAIN] stage=pretrain epoch=1/1 batch=2000/3000 step=2000 repair=0.009112 localization=0.1954 type=0.6914 minimal=0.01775 physics=0.06866 total=0.1423
[TRAIN train_climax_no_moisture_corruption_s43] [TRAIN] stage=pretrain epoch=1/1 batch=2010/3000 step=2010 repair=0.006678 localization=0.1624 type=0.7305 minimal=0.01703 physics=0.1146 total=0.1351
[TRAIN train_climax_no_moisture_corruption_s43] [TRAIN] stage=pretrain epoch=1/1 batch=2020/3000 step=2020 repair=0.00265 localization=0.4123 type=1.646 minimal=0.01453 physics=0.139 total=0.3423
[TRAIN train_climax_no_moisture_corruption_s43] [TRAIN] stage=pretrain epoch=1/1 batch=2030/3000 step=2030 repair=0.000924 localization=0.01688 type=0.006182 minimal=0.01639 physics=0.1309 total=0.01028
[TRAIN train_climax_no_moisture_corruption_s43] [TRAIN] stage=pretrain epoch=1/1 batch=2040/3000 step=2040 repair=0.004509 localization=0.2624 type=0.5562 minimal=0.01554 physics=0.1919 total=0.1269
[TRAIN train_climax_no_moisture_corruption_s43] [TRAIN] stage=pretrain epoch=1/1 batch=2050/3000 step=2050 repair=0.002037 localization=0.2484 type=0.7128 minimal=0.01437 physics=0.1924 total=0.16
[TRAIN train_climax_no_moisture_corruption_s43] [TRAIN] stage=pretrain epoch=1/1 batch=2060/3000 step=2060 repair=0.002677 localization=0.2811 type=1.598 minimal=0.01682 physics=0.05528 total=0.2529
[TRAIN train_climax_no_moisture_corruption_s43] [TRAIN] stage=pretrain epoch=1/1 batch=2070/3000 step=2070 repair=0.002457 localization=0.03181 type=0.002478 minimal=0.01987 physics=0.4654 total=0.02966
[TRAIN train_climax_no_moisture_corruption_s43] [TRAIN] stage=pretrain epoch=1/1 batch=2080/3000 step=2080 repair=0.02348 localization=0.2874 type=0.5601 minimal=0.02039 physics=1.625 total=0.1897
[TRAIN train_climax_no_moisture_corruption_s43] [TRAIN] stage=pretrain epoch=1/1 batch=2090/3000 step=2090 repair=0.003194 localization=0.2406 type=1.225 minimal=0.01657 physics=0.4607 total=0.173
[TRAIN train_climax_no_moisture_corruption_s43] [TRAIN] stage=pretrain epoch=1/1 batch=2100/3000 step=2100 repair=0.006177 localization=0.3191 type=0.3583 minimal=0.01735 physics=0.7171 total=0.1099
[TRAIN train_climax_no_moisture_corruption_s43] [TRAIN] stage=pretrain epoch=1/1 batch=2110/3000 step=2110 repair=0.003637 localization=0.3268 type=2.273 minimal=0.01668 physics=0.0781 total=0.3387
[TRAIN train_climax_no_moisture_corruption_s43] [TRAIN] stage=pretrain epoch=1/1 batch=2120/3000 step=2120 repair=0.001366 localization=0.2875 type=1.823 minimal=0.0131 physics=0.09774 total=0.2962
[TRAIN train_climax_no_moisture_corruption_s43] [TRAIN] stage=pretrain epoch=1/1 batch=2130/3000 step=2130 repair=0.001384 localization=0.5821 type=3.622 minimal=0.01456 physics=0.1985 total=0.744
[TRAIN train_climax_no_moisture_corruption_s43] [TRAIN] stage=pretrain epoch=1/1 batch=2140/3000 step=2140 repair=0.004594 localization=0.2991 type=1.728 minimal=0.01575 physics=0.1553 total=0.2866
[TRAIN train_climax_no_moisture_corruption_s43] [TRAIN] stage=pretrain epoch=1/1 batch=2150/3000 step=2150 repair=0.01063 localization=0.3508 type=1.521 minimal=0.0163 physics=0.1049 total=0.2738
[TRAIN train_climax_no_moisture_corruption_s43] [TRAIN] stage=pretrain epoch=1/1 batch=2160/3000 step=2160 repair=0.006985 localization=0.3226 type=1.466 minimal=0.01784 physics=0.07174 total=0.2397
[TRAIN train_climax_no_moisture_corruption_s43] [TRAIN] stage=pretrain epoch=1/1 batch=2170/3000 step=2170 repair=0.003391 localization=0.3273 type=2.499 minimal=0.01631 physics=0.134 total=0.4279
[TRAIN train_climax_no_moisture_corruption_s43] [TRAIN] stage=pretrain epoch=1/1 batch=2180/3000 step=2180 repair=0.002574 localization=0.2545 type=1.633 minimal=0.01715 physics=0.07483 total=0.2882
[TRAIN train_climax_no_moisture_corruption_s43] [TRAIN] stage=pretrain epoch=1/1 batch=2190/3000 step=2190 repair=0.003044 localization=0.02953 type=0.02868 minimal=0.01862 physics=0.2939 total=0.02524
[TRAIN train_climax_no_moisture_corruption_s43] [TRAIN] stage=pretrain epoch=1/1 batch=2200/3000 step=2200 repair=0.001869 localization=0.3481 type=1.969 minimal=0.01489 physics=0.05828 total=0.2926
[TRAIN train_climax_no_moisture_corruption_s43] [TRAIN] stage=pretrain epoch=1/1 batch=2210/3000 step=2210 repair=0.002246 localization=0.2569 type=1.51 minimal=0.0155 physics=0.2416 total=0.2867
[TRAIN train_climax_no_moisture_corruption_s43] [TRAIN] stage=pretrain epoch=1/1 batch=2220/3000 step=2220 repair=0.004725 localization=0.3807 type=0.5508 minimal=0.01547 physics=0.9606 total=0.1461
[TRAIN train_climax_no_moisture_corruption_s43] [TRAIN] stage=pretrain epoch=1/1 batch=2230/3000 step=2230 repair=0.01535 localization=0.3323 type=2.104 minimal=0.01537 physics=0.04886 total=0.3811
[TRAIN train_climax_no_moisture_corruption_s43] [TRAIN] stage=pretrain epoch=1/1 batch=2240/3000 step=2240 repair=0.00737 localization=0.3958 type=1.688 minimal=0.0166 physics=0.08672 total=0.2884
[TRAIN train_climax_no_moisture_corruption_s43] [TRAIN] stage=pretrain epoch=1/1 batch=2250/3000 step=2250 repair=0.001309 localization=0.01972 type=0.001065 minimal=0.02173 physics=0.1593 total=0.01166
[TRAIN train_climax_no_moisture_corruption_s43] [TRAIN] stage=pretrain epoch=1/1 batch=2260/3000 step=2260 repair=0.01009 localization=0.3112 type=1.737 minimal=0.0151 physics=0.1044 total=0.2758
[TRAIN train_climax_no_moisture_corruption_s43] [TRAIN] stage=pretrain epoch=1/1 batch=2270/3000 step=2270 repair=0.001694 localization=0.02263 type=0.001262 minimal=0.02643 physics=0.2433 total=0.01661
[TRAIN train_climax_no_moisture_corruption_s43] [TRAIN] stage=pretrain epoch=1/1 batch=2280/3000 step=2280 repair=0.002173 localization=0.1833 type=1.626 minimal=0.01456 physics=0.1083 total=0.2885
[TRAIN train_climax_no_moisture_corruption_s43] [TRAIN] stage=pretrain epoch=1/1 batch=2290/3000 step=2290 repair=0.005388 localization=0.2616 type=1.345 minimal=0.01418 physics=0.06815 total=0.2465
[TRAIN train_climax_no_moisture_corruption_s43] [TRAIN] stage=pretrain epoch=1/1 batch=2300/3000 step=2300 repair=0.002542 localization=0.1518 type=2.774 minimal=0.01424 physics=0.1239 total=0.4921
[TRAIN train_climax_no_moisture_corruption_s43] [TRAIN] stage=pretrain epoch=1/1 batch=2310/3000 step=2310 repair=0.007475 localization=0.2885 type=1.989 minimal=0.01244 physics=1.463 total=0.3085
[TRAIN train_climax_no_moisture_corruption_s43] [TRAIN] stage=pretrain epoch=1/1 batch=2320/3000 step=2320 repair=0.007502 localization=0.3778 type=0.9841 minimal=0.01378 physics=0.05501 total=0.2247
[TRAIN train_climax_no_moisture_corruption_s43] [TRAIN] stage=pretrain epoch=1/1 batch=2330/3000 step=2330 repair=0.006786 localization=0.2837 type=0.7856 minimal=0.02092 physics=0.1281 total=0.1611
[TRAIN train_climax_no_moisture_corruption_s43] [TRAIN] stage=pretrain epoch=1/1 batch=2340/3000 step=2340 repair=0.0237 localization=0.3481 type=0.5149 minimal=0.01936 physics=0.2858 total=0.146
[TRAIN train_climax_no_moisture_corruption_s43] [TRAIN] stage=pretrain epoch=1/1 batch=2350/3000 step=2350 repair=0.006794 localization=0.2124 type=1.214 minimal=0.01776 physics=0.3702 total=0.1681
[TRAIN train_climax_no_moisture_corruption_s43] [TRAIN] stage=pretrain epoch=1/1 batch=2360/3000 step=2360 repair=0.004228 localization=0.0175 type=5.776e-05 minimal=0.03796 physics=0.5394 total=0.03335
[TRAIN train_climax_no_moisture_corruption_s43] [TRAIN] stage=pretrain epoch=1/1 batch=2370/3000 step=2370 repair=0.001562 localization=0.09339 type=0.3311 minimal=0.01383 physics=0.4218 total=0.09933
[TRAIN train_climax_no_moisture_corruption_s43] [TRAIN] stage=pretrain epoch=1/1 batch=2380/3000 step=2380 repair=0.008477 localization=0.2715 type=0.7964 minimal=0.01598 physics=0.6321 total=0.147
[TRAIN train_climax_no_moisture_corruption_s43] [TRAIN] stage=pretrain epoch=1/1 batch=2390/3000 step=2390 repair=0.002427 localization=0.3715 type=1.798 minimal=0.0154 physics=0.08513 total=0.3363
[TRAIN train_climax_no_moisture_corruption_s43] [TRAIN] stage=pretrain epoch=1/1 batch=2400/3000 step=2400 repair=0.001565 localization=0.01714 type=0.003743 minimal=0.02045 physics=0.4102 total=0.02459
[TRAIN train_climax_no_moisture_corruption_s43] [TRAIN] stage=pretrain epoch=1/1 batch=2410/3000 step=2410 repair=0.002522 localization=0.092 type=0.8258 minimal=0.0166 physics=0.2316 total=0.1572
[TRAIN train_climax_no_moisture_corruption_s43] [TRAIN] stage=pretrain epoch=1/1 batch=2420/3000 step=2420 repair=0.004819 localization=0.4237 type=0.3322 minimal=0.01503 physics=1.166 total=0.1389
[TRAIN train_climax_no_moisture_corruption_s43] [TRAIN] stage=pretrain epoch=1/1 batch=2430/3000 step=2430 repair=0.002179 localization=0.1481 type=0.3375 minimal=0.01599 physics=0.2355 total=0.09132
[TRAIN train_climax_no_moisture_corruption_s43] [TRAIN] stage=pretrain epoch=1/1 batch=2440/3000 step=2440 repair=0.005719 localization=0.23 type=1.452 minimal=0.01889 physics=0.08003 total=0.2953
[TRAIN train_climax_no_moisture_corruption_s43] [TRAIN] stage=pretrain epoch=1/1 batch=2450/3000 step=2450 repair=0.02708 localization=0.4379 type=1.806 minimal=0.01285 physics=3.205 total=0.4119
[TRAIN train_climax_no_moisture_corruption_s43] [TRAIN] stage=pretrain epoch=1/1 batch=2460/3000 step=2460 repair=0.001611 localization=0.02957 type=0.03124 minimal=0.01195 physics=0.1475 total=0.0168
[TRAIN train_climax_no_moisture_corruption_s43] [TRAIN] stage=pretrain epoch=1/1 batch=2470/3000 step=2470 repair=0.003057 localization=0.3593 type=0.8425 minimal=0.01569 physics=0.1005 total=0.1656
[TRAIN train_climax_no_moisture_corruption_s43] [TRAIN] stage=pretrain epoch=1/1 batch=2480/3000 step=2480 repair=0.002111 localization=0.2522 type=0.8076 minimal=0.01409 physics=0.539 total=0.1352
[TRAIN train_climax_no_moisture_corruption_s43] [TRAIN] stage=pretrain epoch=1/1 batch=2490/3000 step=2490 repair=0.00268 localization=0.3798 type=2.058 minimal=0.01611 physics=0.1133 total=0.2821
[TRAIN train_climax_no_moisture_corruption_s43] [TRAIN] stage=pretrain epoch=1/1 batch=2500/3000 step=2500 repair=0.007014 localization=0.3561 type=2.492 minimal=0.012 physics=0.04492 total=0.4084
[TRAIN train_climax_no_moisture_corruption_s43] [TRAIN] stage=pretrain epoch=1/1 batch=2510/3000 step=2510 repair=0.005699 localization=0.247 type=1.893 minimal=0.01691 physics=0.08066 total=0.3001
[TRAIN train_climax_no_moisture_corruption_s43] [TRAIN] stage=pretrain epoch=1/1 batch=2520/3000 step=2520 repair=0.003811 localization=0.2533 type=1.535 minimal=0.0193 physics=0.06776 total=0.2527
[TRAIN train_climax_no_moisture_corruption_s43] [TRAIN] stage=pretrain epoch=1/1 batch=2530/3000 step=2530 repair=0.01947 localization=0.2475 type=0.7314 minimal=0.01532 physics=1.562 total=0.1956
[TRAIN train_climax_no_moisture_corruption_s43] [TRAIN] stage=pretrain epoch=1/1 batch=2540/3000 step=2540 repair=0.001549 localization=0.01307 type=4.78e-05 minimal=0.02788 physics=0.187 total=0.0125
[TRAIN train_climax_no_moisture_corruption_s43] [TRAIN] stage=pretrain epoch=1/1 batch=2550/3000 step=2550 repair=0.001588 localization=0.01653 type=7.844e-05 minimal=0.02588 physics=0.2539 total=0.01622
[TRAIN train_climax_no_moisture_corruption_s43] [TRAIN] stage=pretrain epoch=1/1 batch=2560/3000 step=2560 repair=0.002474 localization=0.2278 type=0.8203 minimal=0.01493 physics=0.07923 total=0.1648
[TRAIN train_climax_no_moisture_corruption_s43] [TRAIN] stage=pretrain epoch=1/1 batch=2570/3000 step=2570 repair=0.002454 localization=0.31 type=0.463 minimal=0.01493 physics=0.06006 total=0.107
[TRAIN train_climax_no_moisture_corruption_s43] [TRAIN] stage=pretrain epoch=1/1 batch=2580/3000 step=2580 repair=0.001939 localization=0.01243 type=2.033e-05 minimal=0.0278 physics=0.3112 total=0.01902
[TRAIN train_climax_no_moisture_corruption_s43] [TRAIN] stage=pretrain epoch=1/1 batch=2590/3000 step=2590 repair=0.0006046 localization=0.01922 type=0.002153 minimal=0.01324 physics=0.1254 total=0.009327
[TRAIN train_climax_no_moisture_corruption_s43] [TRAIN] stage=pretrain epoch=1/1 batch=2600/3000 step=2600 repair=0.0009854 localization=0.01662 type=0.002809 minimal=0.01461 physics=0.1181 total=0.009211
[TRAIN train_climax_no_moisture_corruption_s43] [TRAIN] stage=pretrain epoch=1/1 batch=2610/3000 step=2610 repair=0.0007078 localization=0.01289 type=0.0005139 minimal=0.01505 physics=0.1011 total=0.007309
[TRAIN train_climax_no_moisture_corruption_s43] [TRAIN] stage=pretrain epoch=1/1 batch=2620/3000 step=2620 repair=0.006316 localization=0.2832 type=1.288 minimal=0.01113 physics=1.873 total=0.2572
[TRAIN train_climax_no_moisture_corruption_s43] [TRAIN] stage=pretrain epoch=1/1 batch=2630/3000 step=2630 repair=0.0009048 localization=0.2939 type=0.8079 minimal=0.01259 physics=0.2665 total=0.216
[TRAIN train_climax_no_moisture_corruption_s43] [TRAIN] stage=pretrain epoch=1/1 batch=2640/3000 step=2640 repair=0.0007701 localization=0.2921 type=0.2482 minimal=0.01266 physics=0.03444 total=0.06955
[TRAIN train_climax_no_moisture_corruption_s43] [TRAIN] stage=pretrain epoch=1/1 batch=2650/3000 step=2650 repair=0.000861 localization=0.2987 type=0.2104 minimal=0.01347 physics=0.03262 total=0.0706
[TRAIN train_climax_no_moisture_corruption_s43] [TRAIN] stage=pretrain epoch=1/1 batch=2660/3000 step=2660 repair=0.0009068 localization=0.6019 type=2.377 minimal=0.01243 physics=0.1539 total=0.5473
[TRAIN train_climax_no_moisture_corruption_s43] [TRAIN] stage=pretrain epoch=1/1 batch=2670/3000 step=2670 repair=0.001254 localization=0.2957 type=0.5256 minimal=0.01352 physics=0.01477 total=0.08834
[TRAIN train_climax_no_moisture_corruption_s43] [TRAIN] stage=pretrain epoch=1/1 batch=2680/3000 step=2680 repair=0.006884 localization=0.267 type=1.533 minimal=0.01321 physics=1.788 total=0.2764
[TRAIN train_climax_no_moisture_corruption_s43] [TRAIN] stage=pretrain epoch=1/1 batch=2690/3000 step=2690 repair=0.03401 localization=0.41 type=0.8669 minimal=0.01435 physics=2.859 total=0.3048
[TRAIN train_climax_no_moisture_corruption_s43] [TRAIN] stage=pretrain epoch=1/1 batch=2700/3000 step=2700 repair=0.003564 localization=0.262 type=2.095 minimal=0.01396 physics=0.04128 total=0.4541
[TRAIN train_climax_no_moisture_corruption_s43] [TRAIN] stage=pretrain epoch=1/1 batch=2710/3000 step=2710 repair=0.00132 localization=0.3585 type=1.261 minimal=0.01312 physics=0.08411 total=0.2506
[TRAIN train_climax_no_moisture_corruption_s43] [TRAIN] stage=pretrain epoch=1/1 batch=2720/3000 step=2720 repair=0.002897 localization=0.0232 type=0.0003357 minimal=0.03354 physics=0.4448 total=0.02788
[TRAIN train_climax_no_moisture_corruption_s43] [TRAIN] stage=pretrain epoch=1/1 batch=2730/3000 step=2730 repair=0.001503 localization=0.3309 type=1.488 minimal=0.01294 physics=0.04455 total=0.2322
[TRAIN train_climax_no_moisture_corruption_s43] [TRAIN] stage=pretrain epoch=1/1 batch=2740/3000 step=2740 repair=0.001794 localization=0.2529 type=1.915 minimal=0.0145 physics=0.05322 total=0.2743
[TRAIN train_climax_no_moisture_corruption_s43] [TRAIN] stage=pretrain epoch=1/1 batch=2750/3000 step=2750 repair=0.001583 localization=0.2145 type=0.4086 minimal=0.0126 physics=0.3392 total=0.08098
[TRAIN train_climax_no_moisture_corruption_s43] [TRAIN] stage=pretrain epoch=1/1 batch=2760/3000 step=2760 repair=0.003042 localization=0.508 type=1.36 minimal=0.01495 physics=0.1362 total=0.2498
[TRAIN train_climax_no_moisture_corruption_s43] [TRAIN] stage=pretrain epoch=1/1 batch=2770/3000 step=2770 repair=0.003597 localization=0.1736 type=0.6367 minimal=0.01537 physics=0.7605 total=0.1228
[TRAIN train_climax_no_moisture_corruption_s43] [TRAIN] stage=pretrain epoch=1/1 batch=2780/3000 step=2780 repair=0.001382 localization=0.02596 type=0.0009997 minimal=0.0118 physics=0.1383 total=0.01124
[TRAIN train_climax_no_moisture_corruption_s43] [TRAIN] stage=pretrain epoch=1/1 batch=2790/3000 step=2790 repair=0.002072 localization=0.4201 type=1.611 minimal=0.01321 physics=0.1523 total=0.2955
[TRAIN train_climax_no_moisture_corruption_s43] [TRAIN] stage=pretrain epoch=1/1 batch=2800/3000 step=2800 repair=0.001259 localization=0.02783 type=0.0005119 minimal=0.01616 physics=0.1649 total=0.0126
[TRAIN train_climax_no_moisture_corruption_s43] [TRAIN] stage=pretrain epoch=1/1 batch=2810/3000 step=2810 repair=0.002648 localization=0.3228 type=1.891 minimal=0.01463 physics=0.1581 total=0.3751
[TRAIN train_climax_no_moisture_corruption_s43] [TRAIN] stage=pretrain epoch=1/1 batch=2820/3000 step=2820 repair=0.002921 localization=0.2885 type=1.64 minimal=0.01514 physics=0.07797 total=0.3261
[TRAIN train_climax_no_moisture_corruption_s43] [TRAIN] stage=pretrain epoch=1/1 batch=2830/3000 step=2830 repair=0.00306 localization=0.3295 type=1.685 minimal=0.01698 physics=0.07759 total=0.3055
[TRAIN train_climax_no_moisture_corruption_s43] [TRAIN] stage=pretrain epoch=1/1 batch=2840/3000 step=2840 repair=0.005082 localization=0.2721 type=1.584 minimal=0.01855 physics=0.08001 total=0.2524
[TRAIN train_climax_no_moisture_corruption_s43] [TRAIN] stage=pretrain epoch=1/1 batch=2850/3000 step=2850 repair=0.004404 localization=0.312 type=0.5803 minimal=0.01634 physics=0.8761 total=0.1376
[TRAIN train_climax_no_moisture_corruption_s43] [TRAIN] stage=pretrain epoch=1/1 batch=2860/3000 step=2860 repair=0.002649 localization=0.379 type=1.707 minimal=0.01537 physics=0.09801 total=0.305
[TRAIN train_climax_no_moisture_corruption_s43] [TRAIN] stage=pretrain epoch=1/1 batch=2870/3000 step=2870 repair=0.003121 localization=0.2807 type=0.6665 minimal=0.01485 physics=0.4006 total=0.118
[TRAIN train_climax_no_moisture_corruption_s43] [TRAIN] stage=pretrain epoch=1/1 batch=2880/3000 step=2880 repair=0.01079 localization=0.4821 type=2.268 minimal=0.01483 physics=2.342 total=0.403
[TRAIN train_climax_no_moisture_corruption_s43] [TRAIN] stage=pretrain epoch=1/1 batch=2890/3000 step=2890 repair=0.01184 localization=0.3772 type=1.035 minimal=0.01672 physics=1.101 total=0.2083
[TRAIN train_climax_no_moisture_corruption_s43] [TRAIN] stage=pretrain epoch=1/1 batch=2900/3000 step=2900 repair=0.004101 localization=0.209 type=1.373 minimal=0.01761 physics=0.1025 total=0.245
[TRAIN train_climax_no_moisture_corruption_s43] [TRAIN] stage=pretrain epoch=1/1 batch=2910/3000 step=2910 repair=0.006434 localization=0.2645 type=1.26 minimal=0.01688 physics=0.07015 total=0.2436
[TRAIN train_climax_no_moisture_corruption_s43] [TRAIN] stage=pretrain epoch=1/1 batch=2920/3000 step=2920 repair=0.003313 localization=0.2941 type=1.062 minimal=0.01619 physics=0.05754 total=0.2057
[TRAIN train_climax_no_moisture_corruption_s43] [TRAIN] stage=pretrain epoch=1/1 batch=2930/3000 step=2930 repair=0.005576 localization=0.2285 type=1.316 minimal=0.01479 physics=0.1152 total=0.2643
[TRAIN train_climax_no_moisture_corruption_s43] [TRAIN] stage=pretrain epoch=1/1 batch=2940/3000 step=2940 repair=0.0035 localization=0.2629 type=0.7344 minimal=0.01634 physics=0.04786 total=0.1509
[TRAIN train_climax_no_moisture_corruption_s43] [TRAIN] stage=pretrain epoch=1/1 batch=2950/3000 step=2950 repair=0.008383 localization=0.248 type=1.232 minimal=0.01736 physics=1.319 total=0.2225
[TRAIN train_climax_no_moisture_corruption_s43] [TRAIN] stage=pretrain epoch=1/1 batch=2960/3000 step=2960 repair=0.006194 localization=0.3376 type=1.701 minimal=0.01464 physics=0.03479 total=0.3762
[TRAIN train_climax_no_moisture_corruption_s43] [TRAIN] stage=pretrain epoch=1/1 batch=2970/3000 step=2970 repair=0.0009728 localization=0.3192 type=0.7751 minimal=0.01285 physics=0.05998 total=0.1478
[TRAIN train_climax_no_moisture_corruption_s43] [TRAIN] stage=pretrain epoch=1/1 batch=2980/3000 step=2980 repair=0.00143 localization=0.339 type=0.5376 minimal=0.01381 physics=0.04534 total=0.1195
[TRAIN train_climax_no_moisture_corruption_s43] [TRAIN] stage=pretrain epoch=1/1 batch=2990/3000 step=2990 repair=0.003328 localization=0.3243 type=1.455 minimal=0.01383 physics=1.061 total=0.2344
[TRAIN train_climax_no_moisture_corruption_s43] [TRAIN] stage=pretrain epoch=1/1 batch=3000/3000 step=3000 repair=0.001877 localization=0.1276 type=1.107 minimal=0.01318 physics=0.1477 total=0.2059
[TRAIN train_climax_no_moisture_corruption_s43] [EPOCH] {'stage': 'pretrain', 'epoch': 0, 'global_step': 3000, 'train_total': 0.2520933702797629, 'val_repair_mse': 0.12983228405937552, 'elapsed_seconds': 1784.03}
[TRAIN train_climax_no_moisture_corruption_s43] [BEST] val_repair_mse=0.129832
[TRAIN train_climax_no_moisture_corruption_s43] [STAGE] finetune epochs=1 start_epoch=0
[TRAIN train_climax_no_moisture_corruption_s43] [TRAIN] stage=finetune epoch=1/1 batch=10/3000 step=3010 repair=0.1411 localization=0 type=0 minimal=0.02238 physics=0.8841 total=0.1856
[TRAIN train_climax_no_moisture_corruption_s43] [TRAIN] stage=finetune epoch=1/1 batch=20/3000 step=3020 repair=0.1708 localization=0 type=0 minimal=0.02002 physics=0.8828 total=0.2152
[TRAIN train_climax_no_moisture_corruption_s43] [TRAIN] stage=finetune epoch=1/1 batch=30/3000 step=3030 repair=0.1149 localization=0 type=0 minimal=0.02682 physics=0.9203 total=0.1612
[TRAIN train_climax_no_moisture_corruption_s43] [TRAIN] stage=finetune epoch=1/1 batch=40/3000 step=3040 repair=0.08927 localization=0 type=0 minimal=0.02609 physics=0.7879 total=0.1289
[TRAIN train_climax_no_moisture_corruption_s43] [TRAIN] stage=finetune epoch=1/1 batch=50/3000 step=3050 repair=0.1163 localization=0 type=0 minimal=0.03244 physics=0.8011 total=0.1567
[TRAIN train_climax_no_moisture_corruption_s43] [TRAIN] stage=finetune epoch=1/1 batch=60/3000 step=3060 repair=0.08561 localization=0 type=0 minimal=0.03065 physics=0.7975 total=0.1258
[TRAIN train_climax_no_moisture_corruption_s43] [TRAIN] stage=finetune epoch=1/1 batch=70/3000 step=3070 repair=0.1218 localization=0 type=0 minimal=0.03549 physics=0.8526 total=0.1648
[TRAIN train_climax_no_moisture_corruption_s43] [TRAIN] stage=finetune epoch=1/1 batch=80/3000 step=3080 repair=0.1165 localization=0 type=0 minimal=0.03137 physics=0.7894 total=0.1562
[TRAIN train_climax_no_moisture_corruption_s43] [TRAIN] stage=finetune epoch=1/1 batch=90/3000 step=3090 repair=0.0782 localization=0 type=0 minimal=0.03552 physics=0.7058 total=0.1138
[TRAIN train_climax_no_moisture_corruption_s43] [TRAIN] stage=finetune epoch=1/1 batch=100/3000 step=3100 repair=0.07893 localization=0 type=0 minimal=0.03662 physics=0.6663 total=0.1126
[TRAIN train_climax_no_moisture_corruption_s43] [TRAIN] stage=finetune epoch=1/1 batch=110/3000 step=3110 repair=0.1238 localization=0 type=0 minimal=0.03778 physics=0.6755 total=0.158
[TRAIN train_climax_no_moisture_corruption_s43] [TRAIN] stage=finetune epoch=1/1 batch=120/3000 step=3120 repair=0.1205 localization=0 type=0 minimal=0.03287 physics=0.6247 total=0.152
[TRAIN train_climax_no_moisture_corruption_s43] [TRAIN] stage=finetune epoch=1/1 batch=130/3000 step=3130 repair=0.1503 localization=0 type=0 minimal=0.04062 physics=0.6851 total=0.185
[TRAIN train_climax_no_moisture_corruption_s43] [TRAIN] stage=finetune epoch=1/1 batch=140/3000 step=3140 repair=0.1264 localization=0 type=0 minimal=0.03586 physics=0.7287 total=0.1632
[TRAIN train_climax_no_moisture_corruption_s43] [TRAIN] stage=finetune epoch=1/1 batch=150/3000 step=3150 repair=0.1702 localization=0 type=0 minimal=0.03818 physics=0.7284 total=0.207
[TRAIN train_climax_no_moisture_corruption_s43] [TRAIN] stage=finetune epoch=1/1 batch=160/3000 step=3160 repair=0.1591 localization=0 type=0 minimal=0.03693 physics=0.7422 total=0.1965
[TRAIN train_climax_no_moisture_corruption_s43] [TRAIN] stage=finetune epoch=1/1 batch=170/3000 step=3170 repair=0.08101 localization=0 type=0 minimal=0.03528 physics=0.5983 total=0.1113
[TRAIN train_climax_no_moisture_corruption_s43] [TRAIN] stage=finetune epoch=1/1 batch=180/3000 step=3180 repair=0.1236 localization=0 type=0 minimal=0.04031 physics=0.586 total=0.1533
[TRAIN train_climax_no_moisture_corruption_s43] [TRAIN] stage=finetune epoch=1/1 batch=190/3000 step=3190 repair=0.09837 localization=0 type=0 minimal=0.03818 physics=0.6062 total=0.1291
[TRAIN train_climax_no_moisture_corruption_s43] [TRAIN] stage=finetune epoch=1/1 batch=200/3000 step=3200 repair=0.1644 localization=0 type=0 minimal=0.04059 physics=0.6405 total=0.1968
[TRAIN train_climax_no_moisture_corruption_s43] [TRAIN] stage=finetune epoch=1/1 batch=210/3000 step=3210 repair=0.07923 localization=0 type=0 minimal=0.04031 physics=0.5881 total=0.109
[TRAIN train_climax_no_moisture_corruption_s43] [TRAIN] stage=finetune epoch=1/1 batch=220/3000 step=3220 repair=0.1507 localization=0 type=0 minimal=0.04126 physics=0.6393 total=0.183
[TRAIN train_climax_no_moisture_corruption_s43] [TRAIN] stage=finetune epoch=1/1 batch=230/3000 step=3230 repair=0.08563 localization=0 type=0 minimal=0.03259 physics=0.7689 total=0.1244
[TRAIN train_climax_no_moisture_corruption_s43] [TRAIN] stage=finetune epoch=1/1 batch=240/3000 step=3240 repair=0.1298 localization=0 type=0 minimal=0.03964 physics=0.6189 total=0.1611
[TRAIN train_climax_no_moisture_corruption_s43] [TRAIN] stage=finetune epoch=1/1 batch=250/3000 step=3250 repair=0.09178 localization=0 type=0 minimal=0.04138 physics=0.6212 total=0.1233
[TRAIN train_climax_no_moisture_corruption_s43] [TRAIN] stage=finetune epoch=1/1 batch=260/3000 step=3260 repair=0.1534 localization=0 type=0 minimal=0.04294 physics=0.669 total=0.1873
[TRAIN train_climax_no_moisture_corruption_s43] [TRAIN] stage=finetune epoch=1/1 batch=270/3000 step=3270 repair=0.1629 localization=0 type=0 minimal=0.03934 physics=0.7017 total=0.1984
[TRAIN train_climax_no_moisture_corruption_s43] [TRAIN] stage=finetune epoch=1/1 batch=280/3000 step=3280 repair=0.1193 localization=0 type=0 minimal=0.03983 physics=0.6432 total=0.1518
[TRAIN train_climax_no_moisture_corruption_s43] [TRAIN] stage=finetune epoch=1/1 batch=290/3000 step=3290 repair=0.08565 localization=0 type=0 minimal=0.04242 physics=0.6343 total=0.1178
[TRAIN train_climax_no_moisture_corruption_s43] [TRAIN] stage=finetune epoch=1/1 batch=300/3000 step=3300 repair=0.07789 localization=0 type=0 minimal=0.0412 physics=0.6064 total=0.1086
[TRAIN train_climax_no_moisture_corruption_s43] [TRAIN] stage=finetune epoch=1/1 batch=310/3000 step=3310 repair=0.08322 localization=0 type=0 minimal=0.03992 physics=0.6152 total=0.1144
[TRAIN train_climax_no_moisture_corruption_s43] [TRAIN] stage=finetune epoch=1/1 batch=320/3000 step=3320 repair=0.1195 localization=0 type=0 minimal=0.0437 physics=0.6313 total=0.1515
[TRAIN train_climax_no_moisture_corruption_s43] [TRAIN] stage=finetune epoch=1/1 batch=330/3000 step=3330 repair=0.1271 localization=0 type=0 minimal=0.04446 physics=0.5979 total=0.1574
[TRAIN train_climax_no_moisture_corruption_s43] [TRAIN] stage=finetune epoch=1/1 batch=340/3000 step=3340 repair=0.1342 localization=0 type=0 minimal=0.04489 physics=0.6105 total=0.1652
[TRAIN train_climax_no_moisture_corruption_s43] [TRAIN] stage=finetune epoch=1/1 batch=350/3000 step=3350 repair=0.116 localization=0 type=0 minimal=0.04633 physics=0.5701 total=0.145
[TRAIN train_climax_no_moisture_corruption_s43] [TRAIN] stage=finetune epoch=1/1 batch=360/3000 step=3360 repair=0.1335 localization=0 type=0 minimal=0.04636 physics=0.6424 total=0.166
[TRAIN train_climax_no_moisture_corruption_s43] [TRAIN] stage=finetune epoch=1/1 batch=370/3000 step=3370 repair=0.1317 localization=0 type=0 minimal=0.0473 physics=0.6034 total=0.1623
[TRAIN train_climax_no_moisture_corruption_s43] [TRAIN] stage=finetune epoch=1/1 batch=380/3000 step=3380 repair=0.08794 localization=0 type=0 minimal=0.04587 physics=0.5274 total=0.1148
[TRAIN train_climax_no_moisture_corruption_s43] [TRAIN] stage=finetune epoch=1/1 batch=390/3000 step=3390 repair=0.07734 localization=0 type=0 minimal=0.04907 physics=0.5469 total=0.1052
[TRAIN train_climax_no_moisture_corruption_s43] [TRAIN] stage=finetune epoch=1/1 batch=400/3000 step=3400 repair=0.08493 localization=0 type=0 minimal=0.0451 physics=0.602 total=0.1155
[TRAIN train_climax_no_moisture_corruption_s43] [TRAIN] stage=finetune epoch=1/1 batch=410/3000 step=3410 repair=0.1303 localization=0 type=0 minimal=0.04358 physics=0.6356 total=0.1625
[TRAIN train_climax_no_moisture_corruption_s43] [TRAIN] stage=finetune epoch=1/1 batch=420/3000 step=3420 repair=0.1527 localization=0 type=0 minimal=0.04211 physics=0.6356 total=0.1849
[TRAIN train_climax_no_moisture_corruption_s43] [TRAIN] stage=finetune epoch=1/1 batch=430/3000 step=3430 repair=0.1733 localization=0 type=0 minimal=0.04422 physics=0.6432 total=0.2059
[TRAIN train_climax_no_moisture_corruption_s43] [TRAIN] stage=finetune epoch=1/1 batch=440/3000 step=3440 repair=0.1125 localization=0 type=0 minimal=0.0448 physics=0.5958 total=0.1427
[TRAIN train_climax_no_moisture_corruption_s43] [TRAIN] stage=finetune epoch=1/1 batch=450/3000 step=3450 repair=0.08334 localization=0 type=0 minimal=0.04868 physics=0.5201 total=0.1098
[TRAIN train_climax_no_moisture_corruption_s43] [TRAIN] stage=finetune epoch=1/1 batch=460/3000 step=3460 repair=0.09186 localization=0 type=0 minimal=0.04761 physics=0.5069 total=0.1177
[TRAIN train_climax_no_moisture_corruption_s43] [TRAIN] stage=finetune epoch=1/1 batch=470/3000 step=3470 repair=0.1219 localization=0 type=0 minimal=0.04898 physics=0.5015 total=0.1475
[TRAIN train_climax_no_moisture_corruption_s43] [TRAIN] stage=finetune epoch=1/1 batch=480/3000 step=3480 repair=0.09336 localization=0 type=0 minimal=0.04044 physics=0.4402 total=0.1158
[TRAIN train_climax_no_moisture_corruption_s43] [TRAIN] stage=finetune epoch=1/1 batch=490/3000 step=3490 repair=0.171 localization=0 type=0 minimal=0.04648 physics=0.5109 total=0.1971
[TRAIN train_climax_no_moisture_corruption_s43] [TRAIN] stage=finetune epoch=1/1 batch=500/3000 step=3500 repair=0.1212 localization=0 type=0 minimal=0.0451 physics=0.455 total=0.1444
[TRAIN train_climax_no_moisture_corruption_s43] [TRAIN] stage=finetune epoch=1/1 batch=510/3000 step=3510 repair=0.1244 localization=0 type=0 minimal=0.04819 physics=0.4585 total=0.1478
[TRAIN train_climax_no_moisture_corruption_s43] [TRAIN] stage=finetune epoch=1/1 batch=520/3000 step=3520 repair=0.09178 localization=0 type=0 minimal=0.04968 physics=0.437 total=0.1141
[TRAIN train_climax_no_moisture_corruption_s43] [TRAIN] stage=finetune epoch=1/1 batch=530/3000 step=3530 repair=0.07168 localization=0 type=0 minimal=0.04996 physics=0.4641 total=0.09538
[TRAIN train_climax_no_moisture_corruption_s43] [TRAIN] stage=finetune epoch=1/1 batch=540/3000 step=3540 repair=0.1748 localization=0 type=0 minimal=0.05292 physics=0.5346 total=0.2021
[TRAIN train_climax_no_moisture_corruption_s43] [TRAIN] stage=finetune epoch=1/1 batch=550/3000 step=3550 repair=0.1304 localization=0 type=0 minimal=0.04892 physics=0.537 total=0.1578
[TRAIN train_climax_no_moisture_corruption_s43] [TRAIN] stage=finetune epoch=1/1 batch=560/3000 step=3560 repair=0.1515 localization=0 type=0 minimal=0.04718 physics=0.551 total=0.1795
[TRAIN train_climax_no_moisture_corruption_s43] [TRAIN] stage=finetune epoch=1/1 batch=570/3000 step=3570 repair=0.08173 localization=0 type=0 minimal=0.04645 physics=0.5159 total=0.108
[TRAIN train_climax_no_moisture_corruption_s43] [TRAIN] stage=finetune epoch=1/1 batch=580/3000 step=3580 repair=0.1205 localization=0 type=0 minimal=0.04773 physics=0.5477 total=0.1484
[TRAIN train_climax_no_moisture_corruption_s43] [TRAIN] stage=finetune epoch=1/1 batch=590/3000 step=3590 repair=0.1227 localization=0 type=0 minimal=0.05307 physics=0.4892 total=0.1476
[TRAIN train_climax_no_moisture_corruption_s43] [TRAIN] stage=finetune epoch=1/1 batch=600/3000 step=3600 repair=0.1177 localization=0 type=0 minimal=0.05127 physics=0.5534 total=0.1459
[TRAIN train_climax_no_moisture_corruption_s43] [TRAIN] stage=finetune epoch=1/1 batch=610/3000 step=3610 repair=0.1168 localization=0 type=0 minimal=0.05106 physics=0.4913 total=0.1419
[TRAIN train_climax_no_moisture_corruption_s43] [TRAIN] stage=finetune epoch=1/1 batch=620/3000 step=3620 repair=0.08694 localization=0 type=0 minimal=0.0481 physics=0.4921 total=0.112
[TRAIN train_climax_no_moisture_corruption_s43] [TRAIN] stage=finetune epoch=1/1 batch=630/3000 step=3630 repair=0.09212 localization=0 type=0 minimal=0.05206 physics=0.4982 total=0.1176
[TRAIN train_climax_no_moisture_corruption_s43] [TRAIN] stage=finetune epoch=1/1 batch=640/3000 step=3640 repair=0.1264 localization=0 type=0 minimal=0.05353 physics=0.4915 total=0.1516
[TRAIN train_climax_no_moisture_corruption_s43] [TRAIN] stage=finetune epoch=1/1 batch=650/3000 step=3650 repair=0.1253 localization=0 type=0 minimal=0.05472 physics=0.5496 total=0.1533
[TRAIN train_climax_no_moisture_corruption_s43] [TRAIN] stage=finetune epoch=1/1 batch=660/3000 step=3660 repair=0.1319 localization=0 type=0 minimal=0.04855 physics=0.5214 total=0.1585
[TRAIN train_climax_no_moisture_corruption_s43] [TRAIN] stage=finetune epoch=1/1 batch=670/3000 step=3670 repair=0.09221 localization=0 type=0 minimal=0.05508 physics=0.4935 total=0.1174
[TRAIN train_climax_no_moisture_corruption_s43] [TRAIN] stage=finetune epoch=1/1 batch=680/3000 step=3680 repair=0.08104 localization=0 type=0 minimal=0.05679 physics=0.4912 total=0.1062
[TRAIN train_climax_no_moisture_corruption_s43] [TRAIN] stage=finetune epoch=1/1 batch=690/3000 step=3690 repair=0.1095 localization=0 type=0 minimal=0.05267 physics=0.483 total=0.1342
[TRAIN train_climax_no_moisture_corruption_s43] [TRAIN] stage=finetune epoch=1/1 batch=700/3000 step=3700 repair=0.1101 localization=0 type=0 minimal=0.04742 physics=0.4603 total=0.1336
[TRAIN train_climax_no_moisture_corruption_s43] [TRAIN] stage=finetune epoch=1/1 batch=710/3000 step=3710 repair=0.1609 localization=0 type=0 minimal=0.0549 physics=0.4698 total=0.1849
[TRAIN train_climax_no_moisture_corruption_s43] [TRAIN] stage=finetune epoch=1/1 batch=720/3000 step=3720 repair=0.07561 localization=0 type=0 minimal=0.05716 physics=0.499 total=0.1011
[TRAIN train_climax_no_moisture_corruption_s43] [TRAIN] stage=finetune epoch=1/1 batch=730/3000 step=3730 repair=0.1197 localization=0 type=0 minimal=0.05682 physics=0.496 total=0.145
[TRAIN train_climax_no_moisture_corruption_s43] [TRAIN] stage=finetune epoch=1/1 batch=740/3000 step=3740 repair=0.09267 localization=0 type=0 minimal=0.0513 physics=0.502 total=0.1183
[TRAIN train_climax_no_moisture_corruption_s43] [TRAIN] stage=finetune epoch=1/1 batch=750/3000 step=3750 repair=0.1305 localization=0 type=0 minimal=0.05127 physics=0.5072 total=0.1564
[TRAIN train_climax_no_moisture_corruption_s43] [TRAIN] stage=finetune epoch=1/1 batch=760/3000 step=3760 repair=0.1215 localization=0 type=0 minimal=0.05869 physics=0.5125 total=0.1477
[TRAIN train_climax_no_moisture_corruption_s43] [TRAIN] stage=finetune epoch=1/1 batch=770/3000 step=3770 repair=0.08591 localization=0 type=0 minimal=0.05725 physics=0.5136 total=0.1122
[TRAIN train_climax_no_moisture_corruption_s43] [TRAIN] stage=finetune epoch=1/1 batch=780/3000 step=3780 repair=0.1269 localization=0 type=0 minimal=0.05365 physics=0.5524 total=0.155
[TRAIN train_climax_no_moisture_corruption_s43] [TRAIN] stage=finetune epoch=1/1 batch=790/3000 step=3790 repair=0.07856 localization=0 type=0 minimal=0.05859 physics=0.5456 total=0.1064
[TRAIN train_climax_no_moisture_corruption_s43] [TRAIN] stage=finetune epoch=1/1 batch=800/3000 step=3800 repair=0.1118 localization=0 type=0 minimal=0.05539 physics=0.5517 total=0.1399
[TRAIN train_climax_no_moisture_corruption_s43] [TRAIN] stage=finetune epoch=1/1 batch=810/3000 step=3810 repair=0.07991 localization=0 type=0 minimal=0.06116 physics=0.6094 total=0.111
[TRAIN train_climax_no_moisture_corruption_s43] [TRAIN] stage=finetune epoch=1/1 batch=820/3000 step=3820 repair=0.1312 localization=0 type=0 minimal=0.05566 physics=0.5725 total=0.1604
[TRAIN train_climax_no_moisture_corruption_s43] [TRAIN] stage=finetune epoch=1/1 batch=830/3000 step=3830 repair=0.0895 localization=0 type=0 minimal=0.05743 physics=0.5685 total=0.1185
[TRAIN train_climax_no_moisture_corruption_s43] [TRAIN] stage=finetune epoch=1/1 batch=840/3000 step=3840 repair=0.1136 localization=0 type=0 minimal=0.05548 physics=0.594 total=0.1439
[TRAIN train_climax_no_moisture_corruption_s43] [TRAIN] stage=finetune epoch=1/1 batch=850/3000 step=3850 repair=0.1258 localization=0 type=0 minimal=0.05542 physics=0.5866 total=0.1557
[TRAIN train_climax_no_moisture_corruption_s43] [TRAIN] stage=finetune epoch=1/1 batch=860/3000 step=3860 repair=0.06757 localization=0 type=0 minimal=0.06769 physics=0.607 total=0.0986
[TRAIN train_climax_no_moisture_corruption_s43] [TRAIN] stage=finetune epoch=1/1 batch=870/3000 step=3870 repair=0.08972 localization=0 type=0 minimal=0.052 physics=0.5691 total=0.1187
[TRAIN train_climax_no_moisture_corruption_s43] [TRAIN] stage=finetune epoch=1/1 batch=880/3000 step=3880 repair=0.1031 localization=0 type=0 minimal=0.0585 physics=0.6203 total=0.1347
[TRAIN train_climax_no_moisture_corruption_s43] [TRAIN] stage=finetune epoch=1/1 batch=890/3000 step=3890 repair=0.1588 localization=0 type=0 minimal=0.04788 physics=0.5453 total=0.1865
[TRAIN train_climax_no_moisture_corruption_s43] [TRAIN] stage=finetune epoch=1/1 batch=900/3000 step=3900 repair=0.151 localization=0 type=0 minimal=0.04889 physics=0.5923 total=0.1811
[TRAIN train_climax_no_moisture_corruption_s43] [TRAIN] stage=finetune epoch=1/1 batch=910/3000 step=3910 repair=0.08885 localization=0 type=0 minimal=0.06085 physics=0.5967 total=0.1193
[TRAIN train_climax_no_moisture_corruption_s43] [TRAIN] stage=finetune epoch=1/1 batch=920/3000 step=3920 repair=0.1316 localization=0 type=0 minimal=0.05441 physics=0.5567 total=0.16
[TRAIN train_climax_no_moisture_corruption_s43] [TRAIN] stage=finetune epoch=1/1 batch=930/3000 step=3930 repair=0.0943 localization=0 type=0 minimal=0.06168 physics=0.5968 total=0.1248
[TRAIN train_climax_no_moisture_corruption_s43] [TRAIN] stage=finetune epoch=1/1 batch=940/3000 step=3940 repair=0.1112 localization=0 type=0 minimal=0.05331 physics=0.6099 total=0.1422
[TRAIN train_climax_no_moisture_corruption_s43] [TRAIN] stage=finetune epoch=1/1 batch=950/3000 step=3950 repair=0.1183 localization=0 type=0 minimal=0.05798 physics=0.6724 total=0.1525
[TRAIN train_climax_no_moisture_corruption_s43] [TRAIN] stage=finetune epoch=1/1 batch=960/3000 step=3960 repair=0.1244 localization=0 type=0 minimal=0.05341 physics=0.6901 total=0.1594
[TRAIN train_climax_no_moisture_corruption_s43] [TRAIN] stage=finetune epoch=1/1 batch=970/3000 step=3970 repair=0.06965 localization=0 type=0 minimal=0.06647 physics=0.6715 total=0.1039
[TRAIN train_climax_no_moisture_corruption_s43] [TRAIN] stage=finetune epoch=1/1 batch=980/3000 step=3980 repair=0.1194 localization=0 type=0 minimal=0.05496 physics=0.6784 total=0.1538
[TRAIN train_climax_no_moisture_corruption_s43] [TRAIN] stage=finetune epoch=1/1 batch=990/3000 step=3990 repair=0.1123 localization=0 type=0 minimal=0.06229 physics=0.6504 total=0.1454
[TRAIN train_climax_no_moisture_corruption_s43] [TRAIN] stage=finetune epoch=1/1 batch=1000/3000 step=4000 repair=0.0659 localization=0 type=0 minimal=0.06934 physics=0.6915 total=0.1012
[TRAIN train_climax_no_moisture_corruption_s43] [TRAIN] stage=finetune epoch=1/1 batch=1010/3000 step=4010 repair=0.1175 localization=0 type=0 minimal=0.05295 physics=0.669 total=0.1515
[TRAIN train_climax_no_moisture_corruption_s43] [TRAIN] stage=finetune epoch=1/1 batch=1020/3000 step=4020 repair=0.117 localization=0 type=0 minimal=0.05862 physics=0.6798 total=0.1516
[TRAIN train_climax_no_moisture_corruption_s43] [TRAIN] stage=finetune epoch=1/1 batch=1030/3000 step=4030 repair=0.08033 localization=0 type=0 minimal=0.06177 physics=0.6736 total=0.1146
[TRAIN train_climax_no_moisture_corruption_s43] [TRAIN] stage=finetune epoch=1/1 batch=1040/3000 step=4040 repair=0.07729 localization=0 type=0 minimal=0.0708 physics=0.6425 total=0.1101
[TRAIN train_climax_no_moisture_corruption_s43] [TRAIN] stage=finetune epoch=1/1 batch=1050/3000 step=4050 repair=0.0642 localization=0 type=0 minimal=0.073 physics=0.5798 total=0.09393
[TRAIN train_climax_no_moisture_corruption_s43] [TRAIN] stage=finetune epoch=1/1 batch=1060/3000 step=4060 repair=0.1154 localization=0 type=0 minimal=0.05295 physics=0.5194 total=0.1419
[TRAIN train_climax_no_moisture_corruption_s43] [TRAIN] stage=finetune epoch=1/1 batch=1070/3000 step=4070 repair=0.07915 localization=0 type=0 minimal=0.06039 physics=0.5387 total=0.1067
[TRAIN train_climax_no_moisture_corruption_s43] [TRAIN] stage=finetune epoch=1/1 batch=1080/3000 step=4080 repair=0.08736 localization=0 type=0 minimal=0.06079 physics=0.5585 total=0.1159
[TRAIN train_climax_no_moisture_corruption_s43] [TRAIN] stage=finetune epoch=1/1 batch=1090/3000 step=4090 repair=0.1294 localization=0 type=0 minimal=0.05121 physics=0.5157 total=0.1557
[TRAIN train_climax_no_moisture_corruption_s43] [TRAIN] stage=finetune epoch=1/1 batch=1100/3000 step=4100 repair=0.1274 localization=0 type=0 minimal=0.06024 physics=0.4958 total=0.1528
[TRAIN train_climax_no_moisture_corruption_s43] [TRAIN] stage=finetune epoch=1/1 batch=1110/3000 step=4110 repair=0.09484 localization=0 type=0 minimal=0.05365 physics=0.4567 total=0.1182
[TRAIN train_climax_no_moisture_corruption_s43] [TRAIN] stage=finetune epoch=1/1 batch=1120/3000 step=4120 repair=0.07342 localization=0 type=0 minimal=0.06366 physics=0.4462 total=0.09636
[TRAIN train_climax_no_moisture_corruption_s43] [TRAIN] stage=finetune epoch=1/1 batch=1130/3000 step=4130 repair=0.1334 localization=0 type=0 minimal=0.05667 physics=0.4524 total=0.1566
[TRAIN train_climax_no_moisture_corruption_s43] [TRAIN] stage=finetune epoch=1/1 batch=1140/3000 step=4140 repair=0.1142 localization=0 type=0 minimal=0.06281 physics=0.4806 total=0.1389
[TRAIN train_climax_no_moisture_corruption_s43] [TRAIN] stage=finetune epoch=1/1 batch=1150/3000 step=4150 repair=0.1633 localization=0 type=0 minimal=0.04855 physics=0.5262 total=0.1901
[TRAIN train_climax_no_moisture_corruption_s43] [TRAIN] stage=finetune epoch=1/1 batch=1160/3000 step=4160 repair=0.1139 localization=0 type=0 minimal=0.06027 physics=0.5331 total=0.1411
[TRAIN train_climax_no_moisture_corruption_s43] [TRAIN] stage=finetune epoch=1/1 batch=1170/3000 step=4170 repair=0.1192 localization=0 type=0 minimal=0.06427 physics=0.5901 total=0.1493
[TRAIN train_climax_no_moisture_corruption_s43] [TRAIN] stage=finetune epoch=1/1 batch=1180/3000 step=4180 repair=0.07757 localization=0 type=0 minimal=0.06335 physics=0.5039 total=0.1034
[TRAIN train_climax_no_moisture_corruption_s43] [TRAIN] stage=finetune epoch=1/1 batch=1190/3000 step=4190 repair=0.1313 localization=0 type=0 minimal=0.05579 physics=0.4869 total=0.1562
[TRAIN train_climax_no_moisture_corruption_s43] [TRAIN] stage=finetune epoch=1/1 batch=1200/3000 step=4200 repair=0.133 localization=0 type=0 minimal=0.05106 physics=0.3941 total=0.1532
[TRAIN train_climax_no_moisture_corruption_s43] [TRAIN] stage=finetune epoch=1/1 batch=1210/3000 step=4210 repair=0.1087 localization=0 type=0 minimal=0.05527 physics=0.4334 total=0.1309
[TRAIN train_climax_no_moisture_corruption_s43] [TRAIN] stage=finetune epoch=1/1 batch=1220/3000 step=4220 repair=0.07644 localization=0 type=0 minimal=0.0708 physics=0.4142 total=0.09786
[TRAIN train_climax_no_moisture_corruption_s43] [TRAIN] stage=finetune epoch=1/1 batch=1230/3000 step=4230 repair=0.1575 localization=0 type=0 minimal=0.05356 physics=0.4203 total=0.1791
[TRAIN train_climax_no_moisture_corruption_s43] [TRAIN] stage=finetune epoch=1/1 batch=1240/3000 step=4240 repair=0.1129 localization=0 type=0 minimal=0.06689 physics=0.4519 total=0.1362
[TRAIN train_climax_no_moisture_corruption_s43] [TRAIN] stage=finetune epoch=1/1 batch=1250/3000 step=4250 repair=0.1306 localization=0 type=0 minimal=0.05435 physics=0.4644 total=0.1544
[TRAIN train_climax_no_moisture_corruption_s43] [TRAIN] stage=finetune epoch=1/1 batch=1260/3000 step=4260 repair=0.1306 localization=0 type=0 minimal=0.05612 physics=0.444 total=0.1534
[TRAIN train_climax_no_moisture_corruption_s43] [TRAIN] stage=finetune epoch=1/1 batch=1270/3000 step=4270 repair=0.1597 localization=0 type=0 minimal=0.04916 physics=0.4917 total=0.1848
[TRAIN train_climax_no_moisture_corruption_s43] [TRAIN] stage=finetune epoch=1/1 batch=1280/3000 step=4280 repair=0.08247 localization=0 type=0 minimal=0.06982 physics=0.4829 total=0.1073
[TRAIN train_climax_no_moisture_corruption_s43] [TRAIN] stage=finetune epoch=1/1 batch=1290/3000 step=4290 repair=0.1167 localization=0 type=0 minimal=0.06573 physics=0.4928 total=0.142
[TRAIN train_climax_no_moisture_corruption_s43] [TRAIN] stage=finetune epoch=1/1 batch=1300/3000 step=4300 repair=0.0931 localization=0 type=0 minimal=0.05795 physics=0.4782 total=0.1176
[TRAIN train_climax_no_moisture_corruption_s43] [TRAIN] stage=finetune epoch=1/1 batch=1310/3000 step=4310 repair=0.08945 localization=0 type=0 minimal=0.06226 physics=0.5036 total=0.1153
[TRAIN train_climax_no_moisture_corruption_s43] [TRAIN] stage=finetune epoch=1/1 batch=1320/3000 step=4320 repair=0.1173 localization=0 type=0 minimal=0.05832 physics=0.4712 total=0.1415
[TRAIN train_climax_no_moisture_corruption_s43] [TRAIN] stage=finetune epoch=1/1 batch=1330/3000 step=4330 repair=0.08707 localization=0 type=0 minimal=0.06488 physics=0.4882 total=0.1121
[TRAIN train_climax_no_moisture_corruption_s43] [TRAIN] stage=finetune epoch=1/1 batch=1340/3000 step=4340 repair=0.1444 localization=0 type=0 minimal=0.05383 physics=0.4648 total=0.1681
[TRAIN train_climax_no_moisture_corruption_s43] [TRAIN] stage=finetune epoch=1/1 batch=1350/3000 step=4350 repair=0.06582 localization=0 type=0 minimal=0.07465 physics=0.466 total=0.08987
[TRAIN train_climax_no_moisture_corruption_s43] [TRAIN] stage=finetune epoch=1/1 batch=1360/3000 step=4360 repair=0.07517 localization=0 type=0 minimal=0.07581 physics=0.4439 total=0.09813
[TRAIN train_climax_no_moisture_corruption_s43] [TRAIN] stage=finetune epoch=1/1 batch=1370/3000 step=4370 repair=0.06952 localization=0 type=0 minimal=0.07593 physics=0.4402 total=0.09229
[TRAIN train_climax_no_moisture_corruption_s43] [TRAIN] stage=finetune epoch=1/1 batch=1380/3000 step=4380 repair=0.08613 localization=0 type=0 minimal=0.08594 physics=0.4961 total=0.1118
[TRAIN train_climax_no_moisture_corruption_s43] [TRAIN] stage=finetune epoch=1/1 batch=1390/3000 step=4390 repair=0.1419 localization=0 type=0 minimal=0.04886 physics=0.4867 total=0.1667
[TRAIN train_climax_no_moisture_corruption_s43] [TRAIN] stage=finetune epoch=1/1 batch=1400/3000 step=4400 repair=0.1502 localization=0 type=0 minimal=0.05359 physics=0.4925 total=0.1753
[TRAIN train_climax_no_moisture_corruption_s43] [TRAIN] stage=finetune epoch=1/1 batch=1410/3000 step=4410 repair=0.1287 localization=0 type=0 minimal=0.05835 physics=0.533 total=0.1559
[TRAIN train_climax_no_moisture_corruption_s43] [TRAIN] stage=finetune epoch=1/1 batch=1420/3000 step=4420 repair=0.111 localization=0 type=0 minimal=0.06384 physics=0.5514 total=0.1392
[TRAIN train_climax_no_moisture_corruption_s43] [TRAIN] stage=finetune epoch=1/1 batch=1430/3000 step=4430 repair=0.06551 localization=0 type=0 minimal=0.0791 physics=0.5319 total=0.0929
[TRAIN train_climax_no_moisture_corruption_s43] [TRAIN] stage=finetune epoch=1/1 batch=1440/3000 step=4440 repair=0.1112 localization=0 type=0 minimal=0.06763 physics=0.5712 total=0.1404
[TRAIN train_climax_no_moisture_corruption_s43] [TRAIN] stage=finetune epoch=1/1 batch=1450/3000 step=4450 repair=0.119 localization=0 type=0 minimal=0.06262 physics=0.5825 total=0.1488
[TRAIN train_climax_no_moisture_corruption_s43] [TRAIN] stage=finetune epoch=1/1 batch=1460/3000 step=4460 repair=0.07619 localization=0 type=0 minimal=0.06836 physics=0.5401 total=0.1039
[TRAIN train_climax_no_moisture_corruption_s43] [TRAIN] stage=finetune epoch=1/1 batch=1470/3000 step=4470 repair=0.1269 localization=0 type=0 minimal=0.06067 physics=0.5146 total=0.1532
[TRAIN train_climax_no_moisture_corruption_s43] [TRAIN] stage=finetune epoch=1/1 batch=1480/3000 step=4480 repair=0.1137 localization=0 type=0 minimal=0.0675 physics=0.508 total=0.1398
[TRAIN train_climax_no_moisture_corruption_s43] [TRAIN] stage=finetune epoch=1/1 batch=1490/3000 step=4490 repair=0.1286 localization=0 type=0 minimal=0.05527 physics=0.4928 total=0.1537
[TRAIN train_climax_no_moisture_corruption_s43] [TRAIN] stage=finetune epoch=1/1 batch=1500/3000 step=4500 repair=0.0834 localization=0 type=0 minimal=0.06903 physics=0.537 total=0.1109
[TRAIN train_climax_no_moisture_corruption_s43] [TRAIN] stage=finetune epoch=1/1 batch=1510/3000 step=4510 repair=0.1519 localization=0 type=0 minimal=0.05386 physics=0.5585 total=0.1804
[TRAIN train_climax_no_moisture_corruption_s43] [TRAIN] stage=finetune epoch=1/1 batch=1520/3000 step=4520 repair=0.07553 localization=0 type=0 minimal=0.07306 physics=0.5445 total=0.1035
[TRAIN train_climax_no_moisture_corruption_s43] [TRAIN] stage=finetune epoch=1/1 batch=1530/3000 step=4530 repair=0.07058 localization=0 type=0 minimal=0.07642 physics=0.5556 total=0.09912
[TRAIN train_climax_no_moisture_corruption_s43] [TRAIN] stage=finetune epoch=1/1 batch=1540/3000 step=4540 repair=0.07153 localization=0 type=0 minimal=0.06726 physics=0.4986 total=0.09714
[TRAIN train_climax_no_moisture_corruption_s43] [TRAIN] stage=finetune epoch=1/1 batch=1550/3000 step=4550 repair=0.1265 localization=0 type=0 minimal=0.05746 physics=0.4959 total=0.1519
[TRAIN train_climax_no_moisture_corruption_s43] [TRAIN] stage=finetune epoch=1/1 batch=1560/3000 step=4560 repair=0.1204 localization=0 type=0 minimal=0.06866 physics=0.5368 total=0.148
[TRAIN train_climax_no_moisture_corruption_s43] [TRAIN] stage=finetune epoch=1/1 batch=1570/3000 step=4570 repair=0.07003 localization=0 type=0 minimal=0.0741 physics=0.4428 total=0.09291
[TRAIN train_climax_no_moisture_corruption_s43] [TRAIN] stage=finetune epoch=1/1 batch=1580/3000 step=4580 repair=0.07226 localization=0 type=0 minimal=0.0697 physics=0.4107 total=0.09349
[TRAIN train_climax_no_moisture_corruption_s43] [TRAIN] stage=finetune epoch=1/1 batch=1590/3000 step=4590 repair=0.08794 localization=0 type=0 minimal=0.05743 physics=0.3765 total=0.1073
[TRAIN train_climax_no_moisture_corruption_s43] [TRAIN] stage=finetune epoch=1/1 batch=1600/3000 step=4600 repair=0.1047 localization=0 type=0 minimal=0.06775 physics=0.4337 total=0.1271
[TRAIN train_climax_no_moisture_corruption_s43] [TRAIN] stage=finetune epoch=1/1 batch=1610/3000 step=4610 repair=0.07733 localization=0 type=0 minimal=0.07288 physics=0.435 total=0.09981
[TRAIN train_climax_no_moisture_corruption_s43] [TRAIN] stage=finetune epoch=1/1 batch=1620/3000 step=4620 repair=0.1276 localization=0 type=0 minimal=0.0611 physics=0.464 total=0.1515
[TRAIN train_climax_no_moisture_corruption_s43] [TRAIN] stage=finetune epoch=1/1 batch=1630/3000 step=4630 repair=0.1793 localization=0 type=0 minimal=0.05872 physics=0.48 total=0.2039
[TRAIN train_climax_no_moisture_corruption_s43] [TRAIN] stage=finetune epoch=1/1 batch=1640/3000 step=4640 repair=0.1087 localization=0 type=0 minimal=0.06573 physics=0.4403 total=0.1314
[TRAIN train_climax_no_moisture_corruption_s43] [TRAIN] stage=finetune epoch=1/1 batch=1650/3000 step=4650 repair=0.1254 localization=0 type=0 minimal=0.05768 physics=0.458 total=0.1488
[TRAIN train_climax_no_moisture_corruption_s43] [TRAIN] stage=finetune epoch=1/1 batch=1660/3000 step=4660 repair=0.05841 localization=0 type=0 minimal=0.08197 physics=0.4282 total=0.08064
[TRAIN train_climax_no_moisture_corruption_s43] [TRAIN] stage=finetune epoch=1/1 batch=1670/3000 step=4670 repair=0.05962 localization=0 type=0 minimal=0.08124 physics=0.4376 total=0.08231
[TRAIN train_climax_no_moisture_corruption_s43] [TRAIN] stage=finetune epoch=1/1 batch=1680/3000 step=4680 repair=0.0922 localization=0 type=0 minimal=0.06323 physics=0.4084 total=0.1133
[TRAIN train_climax_no_moisture_corruption_s43] [TRAIN] stage=finetune epoch=1/1 batch=1690/3000 step=4690 repair=0.1164 localization=0 type=0 minimal=0.07196 physics=0.4305 total=0.1386
[TRAIN train_climax_no_moisture_corruption_s43] [TRAIN] stage=finetune epoch=1/1 batch=1700/3000 step=4700 repair=0.07321 localization=0 type=0 minimal=0.07312 physics=0.3984 total=0.09386
[TRAIN train_climax_no_moisture_corruption_s43] [TRAIN] stage=finetune epoch=1/1 batch=1710/3000 step=4710 repair=0.07408 localization=0 type=0 minimal=0.07697 physics=0.4293 total=0.09631
[TRAIN train_climax_no_moisture_corruption_s43] [TRAIN] stage=finetune epoch=1/1 batch=1720/3000 step=4720 repair=0.07409 localization=0 type=0 minimal=0.07538 physics=0.4557 total=0.09763
[TRAIN train_climax_no_moisture_corruption_s43] [TRAIN] stage=finetune epoch=1/1 batch=1730/3000 step=4730 repair=0.08571 localization=0 type=0 minimal=0.07422 physics=0.4948 total=0.1112
[TRAIN train_climax_no_moisture_corruption_s43] [TRAIN] stage=finetune epoch=1/1 batch=1740/3000 step=4740 repair=0.1118 localization=0 type=0 minimal=0.07123 physics=0.4627 total=0.1357
[TRAIN train_climax_no_moisture_corruption_s43] [TRAIN] stage=finetune epoch=1/1 batch=1750/3000 step=4750 repair=0.1251 localization=0 type=0 minimal=0.05914 physics=0.422 total=0.1468
[TRAIN train_climax_no_moisture_corruption_s43] [TRAIN] stage=finetune epoch=1/1 batch=1760/3000 step=4760 repair=0.1664 localization=0 type=0 minimal=0.05188 physics=0.3846 total=0.1861
[TRAIN train_climax_no_moisture_corruption_s43] [TRAIN] stage=finetune epoch=1/1 batch=1770/3000 step=4770 repair=0.1137 localization=0 type=0 minimal=0.05984 physics=0.3931 total=0.1339
[TRAIN train_climax_no_moisture_corruption_s43] [TRAIN] stage=finetune epoch=1/1 batch=1780/3000 step=4780 repair=0.1075 localization=0 type=0 minimal=0.06805 physics=0.3463 total=0.1255
[TRAIN train_climax_no_moisture_corruption_s43] [TRAIN] stage=finetune epoch=1/1 batch=1790/3000 step=4790 repair=0.06739 localization=0 type=0 minimal=0.07025 physics=0.3769 total=0.08694
[TRAIN train_climax_no_moisture_corruption_s43] [TRAIN] stage=finetune epoch=1/1 batch=1800/3000 step=4800 repair=0.1706 localization=0 type=0 minimal=0.06531 physics=0.4064 total=0.1916
[TRAIN train_climax_no_moisture_corruption_s43] [TRAIN] stage=finetune epoch=1/1 batch=1810/3000 step=4810 repair=0.1207 localization=0 type=0 minimal=0.0589 physics=0.3903 total=0.1409
[TRAIN train_climax_no_moisture_corruption_s43] [TRAIN] stage=finetune epoch=1/1 batch=1820/3000 step=4820 repair=0.1158 localization=0 type=0 minimal=0.06113 physics=0.4276 total=0.1378
[TRAIN train_climax_no_moisture_corruption_s43] [TRAIN] stage=finetune epoch=1/1 batch=1830/3000 step=4830 repair=0.1109 localization=0 type=0 minimal=0.07214 physics=0.4108 total=0.1321
[TRAIN train_climax_no_moisture_corruption_s43] [TRAIN] stage=finetune epoch=1/1 batch=1840/3000 step=4840 repair=0.07757 localization=0 type=0 minimal=0.06946 physics=0.3944 total=0.09798
[TRAIN train_climax_no_moisture_corruption_s43] [TRAIN] stage=finetune epoch=1/1 batch=1850/3000 step=4850 repair=0.1302 localization=0 type=0 minimal=0.06482 physics=0.3872 total=0.1502
[TRAIN train_climax_no_moisture_corruption_s43] [TRAIN] stage=finetune epoch=1/1 batch=1860/3000 step=4860 repair=0.1177 localization=0 type=0 minimal=0.05927 physics=0.4232 total=0.1394
[TRAIN train_climax_no_moisture_corruption_s43] [TRAIN] stage=finetune epoch=1/1 batch=1870/3000 step=4870 repair=0.07391 localization=0 type=0 minimal=0.07288 physics=0.4005 total=0.09467
[TRAIN train_climax_no_moisture_corruption_s43] [TRAIN] stage=finetune epoch=1/1 batch=1880/3000 step=4880 repair=0.1337 localization=0 type=0 minimal=0.07257 physics=0.4356 total=0.1562
[TRAIN train_climax_no_moisture_corruption_s43] [TRAIN] stage=finetune epoch=1/1 batch=1890/3000 step=4890 repair=0.1142 localization=0 type=0 minimal=0.07416 physics=0.4549 total=0.1377
[TRAIN train_climax_no_moisture_corruption_s43] [TRAIN] stage=finetune epoch=1/1 batch=1900/3000 step=4900 repair=0.08323 localization=0 type=0 minimal=0.06763 physics=0.4808 total=0.1079
[TRAIN train_climax_no_moisture_corruption_s43] [TRAIN] stage=finetune epoch=1/1 batch=1910/3000 step=4910 repair=0.06028 localization=0 type=0 minimal=0.08569 physics=0.4978 total=0.08603
[TRAIN train_climax_no_moisture_corruption_s43] [TRAIN] stage=finetune epoch=1/1 batch=1920/3000 step=4920 repair=0.1329 localization=0 type=0 minimal=0.05963 physics=0.5362 total=0.1603
[TRAIN train_climax_no_moisture_corruption_s43] [TRAIN] stage=finetune epoch=1/1 batch=1930/3000 step=4930 repair=0.158 localization=0 type=0 minimal=0.05679 physics=0.5693 total=0.187
[TRAIN train_climax_no_moisture_corruption_s43] [TRAIN] stage=finetune epoch=1/1 batch=1940/3000 step=4940 repair=0.1314 localization=0 type=0 minimal=0.06519 physics=0.5655 total=0.1603
[TRAIN train_climax_no_moisture_corruption_s43] [TRAIN] stage=finetune epoch=1/1 batch=1950/3000 step=4950 repair=0.06588 localization=0 type=0 minimal=0.09192 physics=0.5341 total=0.0935
[TRAIN train_climax_no_moisture_corruption_s43] [TRAIN] stage=finetune epoch=1/1 batch=1960/3000 step=4960 repair=0.07618 localization=0 type=0 minimal=0.07574 physics=0.4924 total=0.1016
[TRAIN train_climax_no_moisture_corruption_s43] [TRAIN] stage=finetune epoch=1/1 batch=1970/3000 step=4970 repair=0.06279 localization=0 type=0 minimal=0.08679 physics=0.4696 total=0.08714
[TRAIN train_climax_no_moisture_corruption_s43] [TRAIN] stage=finetune epoch=1/1 batch=1980/3000 step=4980 repair=0.1393 localization=0 type=0 minimal=0.06421 physics=0.5053 total=0.1652
[TRAIN train_climax_no_moisture_corruption_s43] [TRAIN] stage=finetune epoch=1/1 batch=1990/3000 step=4990 repair=0.08766 localization=0 type=0 minimal=0.07196 physics=0.5256 total=0.1147
[TRAIN train_climax_no_moisture_corruption_s43] [TRAIN] stage=finetune epoch=1/1 batch=2000/3000 step=5000 repair=0.1245 localization=0 type=0 minimal=0.05887 physics=0.4549 total=0.1478
[TRAIN train_climax_no_moisture_corruption_s43] [TRAIN] stage=finetune epoch=1/1 batch=2010/3000 step=5010 repair=0.1235 localization=0 type=0 minimal=0.06549 physics=0.4025 total=0.1443
[TRAIN train_climax_no_moisture_corruption_s43] [TRAIN] stage=finetune epoch=1/1 batch=2020/3000 step=5020 repair=0.08628 localization=0 type=0 minimal=0.06247 physics=0.4136 total=0.1076
[TRAIN train_climax_no_moisture_corruption_s43] [TRAIN] stage=finetune epoch=1/1 batch=2030/3000 step=5030 repair=0.1347 localization=0 type=0 minimal=0.0675 physics=0.4152 total=0.1561
[TRAIN train_climax_no_moisture_corruption_s43] [TRAIN] stage=finetune epoch=1/1 batch=2040/3000 step=5040 repair=0.07795 localization=0 type=0 minimal=0.0744 physics=0.329 total=0.09514
[TRAIN train_climax_no_moisture_corruption_s43] [TRAIN] stage=finetune epoch=1/1 batch=2050/3000 step=5050 repair=0.07403 localization=0 type=0 minimal=0.06885 physics=0.395 total=0.09447
[TRAIN train_climax_no_moisture_corruption_s43] [TRAIN] stage=finetune epoch=1/1 batch=2060/3000 step=5060 repair=0.1083 localization=0 type=0 minimal=0.05637 physics=0.4328 total=0.1305
[TRAIN train_climax_no_moisture_corruption_s43] [TRAIN] stage=finetune epoch=1/1 batch=2070/3000 step=5070 repair=0.1036 localization=0 type=0 minimal=0.07019 physics=0.3806 total=0.1233
[TRAIN train_climax_no_moisture_corruption_s43] [TRAIN] stage=finetune epoch=1/1 batch=2080/3000 step=5080 repair=0.08364 localization=0 type=0 minimal=0.06262 physics=0.3493 total=0.1017
[TRAIN train_climax_no_moisture_corruption_s43] [TRAIN] stage=finetune epoch=1/1 batch=2090/3000 step=5090 repair=0.06589 localization=0 type=0 minimal=0.08795 physics=0.335 total=0.08351
[TRAIN train_climax_no_moisture_corruption_s43] [TRAIN] stage=finetune epoch=1/1 batch=2100/3000 step=5100 repair=0.08658 localization=0 type=0 minimal=0.06189 physics=0.3545 total=0.1049
[TRAIN train_climax_no_moisture_corruption_s43] [TRAIN] stage=finetune epoch=1/1 batch=2110/3000 step=5110 repair=0.1381 localization=0 type=0 minimal=0.06323 physics=0.3384 total=0.1557
[TRAIN train_climax_no_moisture_corruption_s43] [TRAIN] stage=finetune epoch=1/1 batch=2120/3000 step=5120 repair=0.1102 localization=0 type=0 minimal=0.07056 physics=0.3421 total=0.128
[TRAIN train_climax_no_moisture_corruption_s43] [TRAIN] stage=finetune epoch=1/1 batch=2130/3000 step=5130 repair=0.06992 localization=0 type=0 minimal=0.07471 physics=0.3155 total=0.08644
[TRAIN train_climax_no_moisture_corruption_s43] [TRAIN] stage=finetune epoch=1/1 batch=2140/3000 step=5140 repair=0.1258 localization=0 type=0 minimal=0.06274 physics=0.3621 total=0.1446
[TRAIN train_climax_no_moisture_corruption_s43] [TRAIN] stage=finetune epoch=1/1 batch=2150/3000 step=5150 repair=0.133 localization=0 type=0 minimal=0.06317 physics=0.3478 total=0.151
[TRAIN train_climax_no_moisture_corruption_s43] [TRAIN] stage=finetune epoch=1/1 batch=2160/3000 step=5160 repair=0.05527 localization=0 type=0 minimal=0.09027 physics=0.2863 total=0.07048
[TRAIN train_climax_no_moisture_corruption_s43] [TRAIN] stage=finetune epoch=1/1 batch=2170/3000 step=5170 repair=0.1193 localization=0 type=0 minimal=0.06403 physics=0.3264 total=0.1363
[TRAIN train_climax_no_moisture_corruption_s43] [TRAIN] stage=finetune epoch=1/1 batch=2180/3000 step=5180 repair=0.1206 localization=0 type=0 minimal=0.07758 physics=0.3642 total=0.1396
[TRAIN train_climax_no_moisture_corruption_s43] [TRAIN] stage=finetune epoch=1/1 batch=2190/3000 step=5190 repair=0.06062 localization=0 type=0 minimal=0.09167 physics=0.3453 total=0.0788
[TRAIN train_climax_no_moisture_corruption_s43] [TRAIN] stage=finetune epoch=1/1 batch=2200/3000 step=5200 repair=0.1078 localization=0 type=0 minimal=0.07074 physics=0.3832 total=0.1277
[TRAIN train_climax_no_moisture_corruption_s43] [TRAIN] stage=finetune epoch=1/1 batch=2210/3000 step=5210 repair=0.07549 localization=0 type=0 minimal=0.07764 physics=0.3943 total=0.09598
[TRAIN train_climax_no_moisture_corruption_s43] [TRAIN] stage=finetune epoch=1/1 batch=2220/3000 step=5220 repair=0.1047 localization=0 type=0 minimal=0.07458 physics=0.3772 total=0.1243
[TRAIN train_climax_no_moisture_corruption_s43] [TRAIN] stage=finetune epoch=1/1 batch=2230/3000 step=5230 repair=0.07202 localization=0 type=0 minimal=0.07288 physics=0.3476 total=0.09013
[TRAIN train_climax_no_moisture_corruption_s43] [TRAIN] stage=finetune epoch=1/1 batch=2240/3000 step=5240 repair=0.07459 localization=0 type=0 minimal=0.07916 physics=0.3446 total=0.09261
[TRAIN train_climax_no_moisture_corruption_s43] [TRAIN] stage=finetune epoch=1/1 batch=2250/3000 step=5250 repair=0.1448 localization=0 type=0 minimal=0.05673 physics=0.3944 total=0.1651
[TRAIN train_climax_no_moisture_corruption_s43] [TRAIN] stage=finetune epoch=1/1 batch=2260/3000 step=5260 repair=0.1112 localization=0 type=0 minimal=0.07178 physics=0.3664 total=0.1303
[TRAIN train_climax_no_moisture_corruption_s43] [TRAIN] stage=finetune epoch=1/1 batch=2270/3000 step=5270 repair=0.1028 localization=0 type=0 minimal=0.07544 physics=0.3972 total=0.1234
[TRAIN train_climax_no_moisture_corruption_s43] [TRAIN] stage=finetune epoch=1/1 batch=2280/3000 step=5280 repair=0.06918 localization=0 type=0 minimal=0.07495 physics=0.3878 total=0.08932
[TRAIN train_climax_no_moisture_corruption_s43] [TRAIN] stage=finetune epoch=1/1 batch=2290/3000 step=5290 repair=0.1335 localization=0 type=0 minimal=0.06232 physics=0.3688 total=0.1525
[TRAIN train_climax_no_moisture_corruption_s43] [TRAIN] stage=finetune epoch=1/1 batch=2300/3000 step=5300 repair=0.1093 localization=0 type=0 minimal=0.07495 physics=0.3821 total=0.1292
[TRAIN train_climax_no_moisture_corruption_s43] [TRAIN] stage=finetune epoch=1/1 batch=2310/3000 step=5310 repair=0.08999 localization=0 type=0 minimal=0.06946 physics=0.3893 total=0.1101
[TRAIN train_climax_no_moisture_corruption_s43] [TRAIN] stage=finetune epoch=1/1 batch=2320/3000 step=5320 repair=0.1651 localization=0 type=0 minimal=0.05905 physics=0.4125 total=0.1863
[TRAIN train_climax_no_moisture_corruption_s43] [TRAIN] stage=finetune epoch=1/1 batch=2330/3000 step=5330 repair=0.0744 localization=0 type=0 minimal=0.08887 physics=0.3733 total=0.09395
[TRAIN train_climax_no_moisture_corruption_s43] [TRAIN] stage=finetune epoch=1/1 batch=2340/3000 step=5340 repair=0.1203 localization=0 type=0 minimal=0.06244 physics=0.3868 total=0.1403
[TRAIN train_climax_no_moisture_corruption_s43] [TRAIN] stage=finetune epoch=1/1 batch=2350/3000 step=5350 repair=0.08872 localization=0 type=0 minimal=0.06989 physics=0.3822 total=0.1085
[TRAIN train_climax_no_moisture_corruption_s43] [TRAIN] stage=finetune epoch=1/1 batch=2360/3000 step=5360 repair=0.08931 localization=0 type=0 minimal=0.07336 physics=0.3434 total=0.1072
[TRAIN train_climax_no_moisture_corruption_s43] [TRAIN] stage=finetune epoch=1/1 batch=2370/3000 step=5370 repair=0.08307 localization=0 type=0 minimal=0.06573 physics=0.3156 total=0.09951
[TRAIN train_climax_no_moisture_corruption_s43] [TRAIN] stage=finetune epoch=1/1 batch=2380/3000 step=5380 repair=0.1125 localization=0 type=0 minimal=0.0658 physics=0.3211 total=0.1292
[TRAIN train_climax_no_moisture_corruption_s43] [TRAIN] stage=finetune epoch=1/1 batch=2390/3000 step=5390 repair=0.1114 localization=0 type=0 minimal=0.06903 physics=0.3041 total=0.1273
[TRAIN train_climax_no_moisture_corruption_s43] [TRAIN] stage=finetune epoch=1/1 batch=2400/3000 step=5400 repair=0.1193 localization=0 type=0 minimal=0.06281 physics=0.3293 total=0.1364
[TRAIN train_climax_no_moisture_corruption_s43] [TRAIN] stage=finetune epoch=1/1 batch=2410/3000 step=5410 repair=0.07257 localization=0 type=0 minimal=0.07532 physics=0.3016 total=0.0884
[TRAIN train_climax_no_moisture_corruption_s43] [TRAIN] stage=finetune epoch=1/1 batch=2420/3000 step=5420 repair=0.05987 localization=0 type=0 minimal=0.0871 physics=0.2961 total=0.07555
[TRAIN train_climax_no_moisture_corruption_s43] [TRAIN] stage=finetune epoch=1/1 batch=2430/3000 step=5430 repair=0.1163 localization=0 type=0 minimal=0.06323 physics=0.333 total=0.1336
[TRAIN train_climax_no_moisture_corruption_s43] [TRAIN] stage=finetune epoch=1/1 batch=2440/3000 step=5440 repair=0.06 localization=0 type=0 minimal=0.08923 physics=0.3162 total=0.0767
[TRAIN train_climax_no_moisture_corruption_s43] [TRAIN] stage=finetune epoch=1/1 batch=2450/3000 step=5450 repair=0.1229 localization=0 type=0 minimal=0.06531 physics=0.3765 total=0.1424
[TRAIN train_climax_no_moisture_corruption_s43] [TRAIN] stage=finetune epoch=1/1 batch=2460/3000 step=5460 repair=0.118 localization=0 type=0 minimal=0.06268 physics=0.356 total=0.1364
[TRAIN train_climax_no_moisture_corruption_s43] [TRAIN] stage=finetune epoch=1/1 batch=2470/3000 step=5470 repair=0.1601 localization=0 type=0 minimal=0.05737 physics=0.3688 total=0.1791
[TRAIN train_climax_no_moisture_corruption_s43] [TRAIN] stage=finetune epoch=1/1 batch=2480/3000 step=5480 repair=0.07501 localization=0 type=0 minimal=0.08252 physics=0.3238 total=0.09203
[TRAIN train_climax_no_moisture_corruption_s43] [TRAIN] stage=finetune epoch=1/1 batch=2490/3000 step=5490 repair=0.1205 localization=0 type=0 minimal=0.0596 physics=0.329 total=0.1375
[TRAIN train_climax_no_moisture_corruption_s43] [TRAIN] stage=finetune epoch=1/1 batch=2500/3000 step=5500 repair=0.1209 localization=0 type=0 minimal=0.07434 physics=0.3092 total=0.1372
[TRAIN train_climax_no_moisture_corruption_s43] [TRAIN] stage=finetune epoch=1/1 batch=2510/3000 step=5510 repair=0.05766 localization=0 type=0 minimal=0.09308 physics=0.2702 total=0.0721
[TRAIN train_climax_no_moisture_corruption_s43] [TRAIN] stage=finetune epoch=1/1 batch=2520/3000 step=5520 repair=0.08103 localization=0 type=0 minimal=0.07123 physics=0.2465 total=0.09406
[TRAIN train_climax_no_moisture_corruption_s43] [TRAIN] stage=finetune epoch=1/1 batch=2530/3000 step=5530 repair=0.07951 localization=0 type=0 minimal=0.07312 physics=0.2706 total=0.09377
[TRAIN train_climax_no_moisture_corruption_s43] [TRAIN] stage=finetune epoch=1/1 batch=2540/3000 step=5540 repair=0.08697 localization=0 type=0 minimal=0.06726 physics=0.2825 total=0.1018
[TRAIN train_climax_no_moisture_corruption_s43] [TRAIN] stage=finetune epoch=1/1 batch=2550/3000 step=5550 repair=0.07542 localization=0 type=0 minimal=0.07611 physics=0.2635 total=0.08935
[TRAIN train_climax_no_moisture_corruption_s43] [TRAIN] stage=finetune epoch=1/1 batch=2560/3000 step=5560 repair=0.0711 localization=0 type=0 minimal=0.07764 physics=0.2649 total=0.08512
[TRAIN train_climax_no_moisture_corruption_s43] [TRAIN] stage=finetune epoch=1/1 batch=2570/3000 step=5570 repair=0.05995 localization=0 type=0 minimal=0.09375 physics=0.2468 total=0.07323
[TRAIN train_climax_no_moisture_corruption_s43] [TRAIN] stage=finetune epoch=1/1 batch=2580/3000 step=5580 repair=0.07831 localization=0 type=0 minimal=0.07806 physics=0.2887 total=0.09352
[TRAIN train_climax_no_moisture_corruption_s43] [TRAIN] stage=finetune epoch=1/1 batch=2590/3000 step=5590 repair=0.1528 localization=0 type=0 minimal=0.06384 physics=0.3456 total=0.1708
[TRAIN train_climax_no_moisture_corruption_s43] [TRAIN] stage=finetune epoch=1/1 batch=2600/3000 step=5600 repair=0.1113 localization=0 type=0 minimal=0.07983 physics=0.3244 total=0.1283
[TRAIN train_climax_no_moisture_corruption_s43] [TRAIN] stage=finetune epoch=1/1 batch=2610/3000 step=5610 repair=0.07512 localization=0 type=0 minimal=0.07672 physics=0.3639 total=0.09409
[TRAIN train_climax_no_moisture_corruption_s43] [TRAIN] stage=finetune epoch=1/1 batch=2620/3000 step=5620 repair=0.07485 localization=0 type=0 minimal=0.08099 physics=0.3222 total=0.09177
[TRAIN train_climax_no_moisture_corruption_s43] [TRAIN] stage=finetune epoch=1/1 batch=2630/3000 step=5630 repair=0.06841 localization=0 type=0 minimal=0.07861 physics=0.3277 total=0.08558
[TRAIN train_climax_no_moisture_corruption_s43] [TRAIN] stage=finetune epoch=1/1 batch=2640/3000 step=5640 repair=0.1763 localization=0 type=0 minimal=0.05804 physics=0.3228 total=0.193
[TRAIN train_climax_no_moisture_corruption_s43] [TRAIN] stage=finetune epoch=1/1 batch=2650/3000 step=5650 repair=0.173 localization=0 type=0 minimal=0.05945 physics=0.3182 total=0.1895
[TRAIN train_climax_no_moisture_corruption_s43] [TRAIN] stage=finetune epoch=1/1 batch=2660/3000 step=5660 repair=0.121 localization=0 type=0 minimal=0.06311 physics=0.2875 total=0.136
[TRAIN train_climax_no_moisture_corruption_s43] [TRAIN] stage=finetune epoch=1/1 batch=2670/3000 step=5670 repair=0.1334 localization=0 type=0 minimal=0.06305 physics=0.2746 total=0.1477
[TRAIN train_climax_no_moisture_corruption_s43] [TRAIN] stage=finetune epoch=1/1 batch=2680/3000 step=5680 repair=0.1501 localization=0 type=0 minimal=0.0636 physics=0.2858 total=0.165
[TRAIN train_climax_no_moisture_corruption_s43] [TRAIN] stage=finetune epoch=1/1 batch=2690/3000 step=5690 repair=0.1701 localization=0 type=0 minimal=0.05966 physics=0.2597 total=0.1837
[TRAIN train_climax_no_moisture_corruption_s43] [TRAIN] stage=finetune epoch=1/1 batch=2700/3000 step=5700 repair=0.1705 localization=0 type=0 minimal=0.06232 physics=0.2853 total=0.1854
[TRAIN train_climax_no_moisture_corruption_s43] [TRAIN] stage=finetune epoch=1/1 batch=2710/3000 step=5710 repair=0.1067 localization=0 type=0 minimal=0.07288 physics=0.2372 total=0.1192
[TRAIN train_climax_no_moisture_corruption_s43] [TRAIN] stage=finetune epoch=1/1 batch=2720/3000 step=5720 repair=0.07784 localization=0 type=0 minimal=0.08234 physics=0.247 total=0.09101
[TRAIN train_climax_no_moisture_corruption_s43] [TRAIN] stage=finetune epoch=1/1 batch=2730/3000 step=5730 repair=0.173 localization=0 type=0 minimal=0.05853 physics=0.2918 total=0.1882
[TRAIN train_climax_no_moisture_corruption_s43] [TRAIN] stage=finetune epoch=1/1 batch=2740/3000 step=5740 repair=0.1104 localization=0 type=0 minimal=0.08099 physics=0.2869 total=0.1256
[TRAIN train_climax_no_moisture_corruption_s43] [TRAIN] stage=finetune epoch=1/1 batch=2750/3000 step=5750 repair=0.108 localization=0 type=0 minimal=0.07654 physics=0.3083 total=0.1242
[TRAIN train_climax_no_moisture_corruption_s43] [TRAIN] stage=finetune epoch=1/1 batch=2760/3000 step=5760 repair=0.124 localization=0 type=0 minimal=0.06628 physics=0.2876 total=0.1391
[TRAIN train_climax_no_moisture_corruption_s43] [TRAIN] stage=finetune epoch=1/1 batch=2770/3000 step=5770 repair=0.1196 localization=0 type=0 minimal=0.06586 physics=0.3425 total=0.1373
[TRAIN train_climax_no_moisture_corruption_s43] [TRAIN] stage=finetune epoch=1/1 batch=2780/3000 step=5780 repair=0.117 localization=0 type=0 minimal=0.07629 physics=0.3085 total=0.1332
[TRAIN train_climax_no_moisture_corruption_s43] [TRAIN] stage=finetune epoch=1/1 batch=2790/3000 step=5790 repair=0.07067 localization=0 type=0 minimal=0.08228 physics=0.2916 total=0.08608
[TRAIN train_climax_no_moisture_corruption_s43] [TRAIN] stage=finetune epoch=1/1 batch=2800/3000 step=5800 repair=0.05995 localization=0 type=0 minimal=0.09235 physics=0.3046 total=0.0761
[TRAIN train_climax_no_moisture_corruption_s43] [TRAIN] stage=finetune epoch=1/1 batch=2810/3000 step=5810 repair=0.1077 localization=0 type=0 minimal=0.08093 physics=0.2987 total=0.1235
[TRAIN train_climax_no_moisture_corruption_s43] [TRAIN] stage=finetune epoch=1/1 batch=2820/3000 step=5820 repair=0.07324 localization=0 type=0 minimal=0.08392 physics=0.288 total=0.08848
[TRAIN train_climax_no_moisture_corruption_s43] [TRAIN] stage=finetune epoch=1/1 batch=2830/3000 step=5830 repair=0.1206 localization=0 type=0 minimal=0.07281 physics=0.2919 total=0.136
[TRAIN train_climax_no_moisture_corruption_s43] [TRAIN] stage=finetune epoch=1/1 batch=2840/3000 step=5840 repair=0.1324 localization=0 type=0 minimal=0.0636 physics=0.2577 total=0.1459
[TRAIN train_climax_no_moisture_corruption_s43] [TRAIN] stage=finetune epoch=1/1 batch=2850/3000 step=5850 repair=0.07127 localization=0 type=0 minimal=0.08502 physics=0.2739 total=0.08581
[TRAIN train_climax_no_moisture_corruption_s43] [TRAIN] stage=finetune epoch=1/1 batch=2860/3000 step=5860 repair=0.1175 localization=0 type=0 minimal=0.06128 physics=0.2719 total=0.1317
[TRAIN train_climax_no_moisture_corruption_s43] [TRAIN] stage=finetune epoch=1/1 batch=2870/3000 step=5870 repair=0.1604 localization=0 type=0 minimal=0.05597 physics=0.301 total=0.176
[TRAIN train_climax_no_moisture_corruption_s43] [TRAIN] stage=finetune epoch=1/1 batch=2880/3000 step=5880 repair=0.116 localization=0 type=0 minimal=0.06647 physics=0.2717 total=0.1303
[TRAIN train_climax_no_moisture_corruption_s43] [TRAIN] stage=finetune epoch=1/1 batch=2890/3000 step=5890 repair=0.06879 localization=0 type=0 minimal=0.08411 physics=0.3061 total=0.08493
[TRAIN train_climax_no_moisture_corruption_s43] [TRAIN] stage=finetune epoch=1/1 batch=2900/3000 step=5900 repair=0.1013 localization=0 type=0 minimal=0.07281 physics=0.2861 total=0.1163
[TRAIN train_climax_no_moisture_corruption_s43] [TRAIN] stage=finetune epoch=1/1 batch=2910/3000 step=5910 repair=0.1237 localization=0 type=0 minimal=0.0708 physics=0.3114 total=0.14
[TRAIN train_climax_no_moisture_corruption_s43] [TRAIN] stage=finetune epoch=1/1 batch=2920/3000 step=5920 repair=0.1451 localization=0 type=0 minimal=0.06161 physics=0.3124 total=0.1613
[TRAIN train_climax_no_moisture_corruption_s43] [TRAIN] stage=finetune epoch=1/1 batch=2930/3000 step=5930 repair=0.1135 localization=0 type=0 minimal=0.06598 physics=0.2957 total=0.129
[TRAIN train_climax_no_moisture_corruption_s43] [TRAIN] stage=finetune epoch=1/1 batch=2940/3000 step=5940 repair=0.07694 localization=0 type=0 minimal=0.07581 physics=0.2657 total=0.09098
[TRAIN train_climax_no_moisture_corruption_s43] [TRAIN] stage=finetune epoch=1/1 batch=2950/3000 step=5950 repair=0.1139 localization=0 type=0 minimal=0.07861 physics=0.2606 total=0.1277
[TRAIN train_climax_no_moisture_corruption_s43] [TRAIN] stage=finetune epoch=1/1 batch=2960/3000 step=5960 repair=0.1306 localization=0 type=0 minimal=0.06223 physics=0.2511 total=0.1437
[TRAIN train_climax_no_moisture_corruption_s43] [TRAIN] stage=finetune epoch=1/1 batch=2970/3000 step=5970 repair=0.1148 localization=0 type=0 minimal=0.06223 physics=0.2487 total=0.1278
[TRAIN train_climax_no_moisture_corruption_s43] [TRAIN] stage=finetune epoch=1/1 batch=2980/3000 step=5980 repair=0.06626 localization=0 type=0 minimal=0.1039 physics=0.2575 total=0.08017
[TRAIN train_climax_no_moisture_corruption_s43] [TRAIN] stage=finetune epoch=1/1 batch=2990/3000 step=5990 repair=0.05792 localization=0 type=0 minimal=0.08521 physics=0.2631 total=0.07192
[TRAIN train_climax_no_moisture_corruption_s43] [TRAIN] stage=finetune epoch=1/1 batch=3000/3000 step=6000 repair=0.1211 localization=0 type=0 minimal=0.06226 physics=0.2511 total=0.1343
[TRAIN train_climax_no_moisture_corruption_s43] [EPOCH] {'stage': 'finetune', 'epoch': 0, 'global_step': 6000, 'train_total': 0.16971880540251733, 'val_repair_mse': 0.11436216137371957, 'elapsed_seconds': 3856.27}
[TRAIN train_climax_no_moisture_corruption_s43] [BEST] val_repair_mse=0.114362
[TRAIN train_climax_no_moisture_corruption_s43] [TRAIN COMPLETE] {
[TRAIN train_climax_no_moisture_corruption_s43]   "run_id": "prelim20_train_climax_no_moisture_corruption_s43",
[TRAIN train_climax_no_moisture_corruption_s43]   "status": "completed",
[TRAIN train_climax_no_moisture_corruption_s43]   "method": "no_moisture_corruption",
[TRAIN train_climax_no_moisture_corruption_s43]   "backbone": "climax",
[TRAIN train_climax_no_moisture_corruption_s43]   "seed": 43,
[TRAIN train_climax_no_moisture_corruption_s43]   "forecast_provider": "zarr_frozen_fm",
[TRAIN train_climax_no_moisture_corruption_s43]   "best_val_repair_mse": 0.11436216137371957,
[TRAIN train_climax_no_moisture_corruption_s43]   "global_step": 6000,
[TRAIN train_climax_no_moisture_corruption_s43]   "elapsed_seconds": 3856.39,
[TRAIN train_climax_no_moisture_corruption_s43]   "checkpoint_best": "/home/tahiti/ConserveFM/runs/prelim20_train/train_climax_no_moisture_corruption_s43/checkpoint_best.pt",
[TRAIN train_climax_no_moisture_corruption_s43]   "checkpoint_last": "/home/tahiti/ConserveFM/runs/prelim20_train/train_climax_no_moisture_corruption_s43/checkpoint_last.pt"
[TRAIN train_climax_no_moisture_corruption_s43] }
