[TRAIN train_climax_static_learned_weights_s44] [SETUP] device=cuda
[TRAIN train_climax_static_learned_weights_s44] [SETUP] run_id=prelim20_train_climax_static_learned_weights_s44 method=static_learned_weights backbone=climax
[TRAIN train_climax_static_learned_weights_s44] [FORECAST] using frozen forecast cache: /home/tahiti/ConserveFM/forecasts/climax.zarr
[TRAIN train_climax_static_learned_weights_s44] [STAGE] pretrain epochs=1 start_epoch=0
[TRAIN train_climax_static_learned_weights_s44] [TRAIN] stage=pretrain epoch=1/1 batch=10/3000 step=10 repair=0.03874 localization=0.4136 type=1.666 minimal=0.1064 physics=1.855 total=0.4791
[TRAIN train_climax_static_learned_weights_s44] [TRAIN] stage=pretrain epoch=1/1 batch=20/3000 step=20 repair=0.009255 localization=0.2535 type=2.072 minimal=0.07208 physics=0.9442 total=0.4284
[TRAIN train_climax_static_learned_weights_s44] [TRAIN] stage=pretrain epoch=1/1 batch=30/3000 step=30 repair=0.01992 localization=0.3328 type=1.219 minimal=0.04971 physics=0.9148 total=0.36
[TRAIN train_climax_static_learned_weights_s44] [TRAIN] stage=pretrain epoch=1/1 batch=40/3000 step=40 repair=0.01607 localization=0.323 type=2.312 minimal=0.04779 physics=1.341 total=0.4859
[TRAIN train_climax_static_learned_weights_s44] [TRAIN] stage=pretrain epoch=1/1 batch=50/3000 step=50 repair=0.005956 localization=0.2401 type=2.297 minimal=0.03931 physics=0.4872 total=0.4232
[TRAIN train_climax_static_learned_weights_s44] [TRAIN] stage=pretrain epoch=1/1 batch=60/3000 step=60 repair=0.02383 localization=0.2668 type=1.562 minimal=0.03668 physics=1.757 total=0.2949
[TRAIN train_climax_static_learned_weights_s44] [TRAIN] stage=pretrain epoch=1/1 batch=70/3000 step=70 repair=0.003603 localization=0.2424 type=1.376 minimal=0.03105 physics=0.596 total=0.3344
[TRAIN train_climax_static_learned_weights_s44] [TRAIN] stage=pretrain epoch=1/1 batch=80/3000 step=80 repair=0.00346 localization=0.3797 type=1.404 minimal=0.03021 physics=0.3991 total=0.3408
[TRAIN train_climax_static_learned_weights_s44] [TRAIN] stage=pretrain epoch=1/1 batch=90/3000 step=90 repair=0.01589 localization=0.2261 type=3.261 minimal=0.02873 physics=1.734 total=0.4516
[TRAIN train_climax_static_learned_weights_s44] [TRAIN] stage=pretrain epoch=1/1 batch=100/3000 step=100 repair=0.01137 localization=0.4 type=1.284 minimal=0.03198 physics=0.4433 total=0.3406
[TRAIN train_climax_static_learned_weights_s44] [TRAIN] stage=pretrain epoch=1/1 batch=110/3000 step=110 repair=0.0156 localization=0.259 type=2.321 minimal=0.03159 physics=0.3874 total=0.4319
[TRAIN train_climax_static_learned_weights_s44] [TRAIN] stage=pretrain epoch=1/1 batch=120/3000 step=120 repair=0.02403 localization=0.2779 type=2.067 minimal=0.02655 physics=2.071 total=0.3624
[TRAIN train_climax_static_learned_weights_s44] [TRAIN] stage=pretrain epoch=1/1 batch=130/3000 step=130 repair=0.0103 localization=0.3358 type=2.153 minimal=0.02875 physics=1.232 total=0.3211
[TRAIN train_climax_static_learned_weights_s44] [TRAIN] stage=pretrain epoch=1/1 batch=140/3000 step=140 repair=0.002344 localization=0.4208 type=2.138 minimal=0.0235 physics=0.2513 total=0.4098
[TRAIN train_climax_static_learned_weights_s44] [TRAIN] stage=pretrain epoch=1/1 batch=150/3000 step=150 repair=0.004361 localization=0.2323 type=0.9082 minimal=0.02162 physics=0.1304 total=0.2632
[TRAIN train_climax_static_learned_weights_s44] [TRAIN] stage=pretrain epoch=1/1 batch=160/3000 step=160 repair=0.02398 localization=0.3063 type=1.342 minimal=0.02156 physics=0.5513 total=0.3552
[TRAIN train_climax_static_learned_weights_s44] [TRAIN] stage=pretrain epoch=1/1 batch=170/3000 step=170 repair=0.003124 localization=0.3058 type=1.463 minimal=0.02422 physics=0.4174 total=0.2011
[TRAIN train_climax_static_learned_weights_s44] [TRAIN] stage=pretrain epoch=1/1 batch=180/3000 step=180 repair=0.01025 localization=0.3189 type=1.765 minimal=0.02896 physics=0.4134 total=0.3782
[TRAIN train_climax_static_learned_weights_s44] [TRAIN] stage=pretrain epoch=1/1 batch=190/3000 step=190 repair=0.02529 localization=0.2625 type=0.8801 minimal=0.02634 physics=2.017 total=0.2407
[TRAIN train_climax_static_learned_weights_s44] [TRAIN] stage=pretrain epoch=1/1 batch=200/3000 step=200 repair=0.003143 localization=0.4201 type=2.984 minimal=0.02531 physics=0.2008 total=0.493
[TRAIN train_climax_static_learned_weights_s44] [TRAIN] stage=pretrain epoch=1/1 batch=210/3000 step=210 repair=0.007093 localization=0.4106 type=2.443 minimal=0.02475 physics=0.8389 total=0.4736
[TRAIN train_climax_static_learned_weights_s44] [TRAIN] stage=pretrain epoch=1/1 batch=220/3000 step=220 repair=0.0147 localization=0.3686 type=2.098 minimal=0.02417 physics=0.239 total=0.4114
[TRAIN train_climax_static_learned_weights_s44] [TRAIN] stage=pretrain epoch=1/1 batch=230/3000 step=230 repair=0.002905 localization=0.2436 type=0.6982 minimal=0.02319 physics=0.1346 total=0.2429
[TRAIN train_climax_static_learned_weights_s44] [TRAIN] stage=pretrain epoch=1/1 batch=240/3000 step=240 repair=0.00295 localization=0.4181 type=0.8889 minimal=0.02312 physics=0.2218 total=0.2837
[TRAIN train_climax_static_learned_weights_s44] [TRAIN] stage=pretrain epoch=1/1 batch=250/3000 step=250 repair=0.002634 localization=0.2717 type=0.8855 minimal=0.02101 physics=0.1188 total=0.2631
[TRAIN train_climax_static_learned_weights_s44] [TRAIN] stage=pretrain epoch=1/1 batch=260/3000 step=260 repair=0.006623 localization=0.2628 type=1.305 minimal=0.02161 physics=0.2628 total=0.3147
[TRAIN train_climax_static_learned_weights_s44] [TRAIN] stage=pretrain epoch=1/1 batch=270/3000 step=270 repair=0.005824 localization=0.2827 type=1.483 minimal=0.02553 physics=0.2136 total=0.3312
[TRAIN train_climax_static_learned_weights_s44] [TRAIN] stage=pretrain epoch=1/1 batch=280/3000 step=280 repair=0.003699 localization=0.3793 type=1.305 minimal=0.02495 physics=0.1794 total=0.3208
[TRAIN train_climax_static_learned_weights_s44] [TRAIN] stage=pretrain epoch=1/1 batch=290/3000 step=290 repair=0.003278 localization=0.2043 type=1.324 minimal=0.02188 physics=0.234 total=0.3067
[TRAIN train_climax_static_learned_weights_s44] [TRAIN] stage=pretrain epoch=1/1 batch=300/3000 step=300 repair=0.002823 localization=0.249 type=0.8027 minimal=0.02184 physics=0.2835 total=0.261
[TRAIN train_climax_static_learned_weights_s44] [TRAIN] stage=pretrain epoch=1/1 batch=310/3000 step=310 repair=0.004889 localization=0.1878 type=2.149 minimal=0.02563 physics=0.3915 total=0.3971
[TRAIN train_climax_static_learned_weights_s44] [TRAIN] stage=pretrain epoch=1/1 batch=320/3000 step=320 repair=0.002694 localization=0.2872 type=1.769 minimal=0.02277 physics=0.1389 total=0.3547
[TRAIN train_climax_static_learned_weights_s44] [TRAIN] stage=pretrain epoch=1/1 batch=330/3000 step=330 repair=0.01131 localization=0.2354 type=1.118 minimal=0.02275 physics=0.3151 total=0.3011
[TRAIN train_climax_static_learned_weights_s44] [TRAIN] stage=pretrain epoch=1/1 batch=340/3000 step=340 repair=0.006084 localization=0.242 type=1.173 minimal=0.02612 physics=0.1912 total=0.2959
[TRAIN train_climax_static_learned_weights_s44] [TRAIN] stage=pretrain epoch=1/1 batch=350/3000 step=350 repair=0.004914 localization=0.4285 type=2.914 minimal=0.02568 physics=0.9114 total=0.385
[TRAIN train_climax_static_learned_weights_s44] [TRAIN] stage=pretrain epoch=1/1 batch=360/3000 step=360 repair=0.003708 localization=0.3718 type=1.464 minimal=0.02666 physics=0.3629 total=0.345
[TRAIN train_climax_static_learned_weights_s44] [TRAIN] stage=pretrain epoch=1/1 batch=370/3000 step=370 repair=0.008041 localization=0.255 type=1.298 minimal=0.02528 physics=1.194 total=0.2233
[TRAIN train_climax_static_learned_weights_s44] [TRAIN] stage=pretrain epoch=1/1 batch=380/3000 step=380 repair=0.007824 localization=0.3256 type=3.437 minimal=0.03149 physics=0.2935 total=0.537
[TRAIN train_climax_static_learned_weights_s44] [TRAIN] stage=pretrain epoch=1/1 batch=390/3000 step=390 repair=0.007747 localization=0.4235 type=1.887 minimal=0.03546 physics=0.4421 total=0.4001
[TRAIN train_climax_static_learned_weights_s44] [TRAIN] stage=pretrain epoch=1/1 batch=400/3000 step=400 repair=0.004302 localization=0.2957 type=2.794 minimal=0.02966 physics=0.4391 total=0.3355
[TRAIN train_climax_static_learned_weights_s44] [TRAIN] stage=pretrain epoch=1/1 batch=410/3000 step=410 repair=0.01187 localization=0.2759 type=2.079 minimal=0.02713 physics=0.195 total=0.3953
[TRAIN train_climax_static_learned_weights_s44] [TRAIN] stage=pretrain epoch=1/1 batch=420/3000 step=420 repair=0.005278 localization=0.4427 type=1.704 minimal=0.02435 physics=0.8343 total=0.2619
[TRAIN train_climax_static_learned_weights_s44] [TRAIN] stage=pretrain epoch=1/1 batch=430/3000 step=430 repair=0.02706 localization=0.2564 type=1.127 minimal=0.02632 physics=0.4402 total=0.326
[TRAIN train_climax_static_learned_weights_s44] [TRAIN] stage=pretrain epoch=1/1 batch=440/3000 step=440 repair=0.003086 localization=0.2105 type=1.378 minimal=0.02347 physics=0.2473 total=0.3138
[TRAIN train_climax_static_learned_weights_s44] [TRAIN] stage=pretrain epoch=1/1 batch=450/3000 step=450 repair=0.003331 localization=0.2422 type=1.35 minimal=0.02463 physics=0.1318 total=0.3086
[TRAIN train_climax_static_learned_weights_s44] [TRAIN] stage=pretrain epoch=1/1 batch=460/3000 step=460 repair=0.01851 localization=0.2322 type=2.062 minimal=0.02036 physics=0.3389 total=0.4035
[TRAIN train_climax_static_learned_weights_s44] [TRAIN] stage=pretrain epoch=1/1 batch=470/3000 step=470 repair=0.002515 localization=0.3003 type=0.4569 minimal=0.02173 physics=0.1348 total=0.2243
[TRAIN train_climax_static_learned_weights_s44] [TRAIN] stage=pretrain epoch=1/1 batch=480/3000 step=480 repair=0.01213 localization=0.332 type=2.694 minimal=0.02467 physics=0.7786 total=0.4929
[TRAIN train_climax_static_learned_weights_s44] [TRAIN] stage=pretrain epoch=1/1 batch=490/3000 step=490 repair=0.00712 localization=0.2601 type=1.557 minimal=0.02095 physics=0.4422 total=0.3501
[TRAIN train_climax_static_learned_weights_s44] [TRAIN] stage=pretrain epoch=1/1 batch=500/3000 step=500 repair=0.002937 localization=0.2558 type=1.628 minimal=0.02376 physics=0.1408 total=0.3375
[TRAIN train_climax_static_learned_weights_s44] [TRAIN] stage=pretrain epoch=1/1 batch=510/3000 step=510 repair=0.003001 localization=0.2002 type=1.566 minimal=0.02261 physics=0.1738 total=0.3274
[TRAIN train_climax_static_learned_weights_s44] [TRAIN] stage=pretrain epoch=1/1 batch=520/3000 step=520 repair=0.002932 localization=0.3267 type=1.939 minimal=0.02246 physics=0.09434 total=0.3734
[TRAIN train_climax_static_learned_weights_s44] [TRAIN] stage=pretrain epoch=1/1 batch=530/3000 step=530 repair=0.002507 localization=0.2947 type=1.841 minimal=0.02078 physics=0.1062 total=0.3604
[TRAIN train_climax_static_learned_weights_s44] [TRAIN] stage=pretrain epoch=1/1 batch=540/3000 step=540 repair=0.00225 localization=0.2395 type=1.927 minimal=0.019 physics=0.09575 total=0.3627
[TRAIN train_climax_static_learned_weights_s44] [TRAIN] stage=pretrain epoch=1/1 batch=550/3000 step=550 repair=0.002771 localization=0.2998 type=1.762 minimal=0.02299 physics=0.1249 total=0.3541
[TRAIN train_climax_static_learned_weights_s44] [TRAIN] stage=pretrain epoch=1/1 batch=560/3000 step=560 repair=0.005927 localization=0.4004 type=3.002 minimal=0.01894 physics=0.2089 total=0.4952
[TRAIN train_climax_static_learned_weights_s44] [TRAIN] stage=pretrain epoch=1/1 batch=570/3000 step=570 repair=0.002792 localization=0.321 type=2.164 minimal=0.02281 physics=0.3073 total=0.4056
[TRAIN train_climax_static_learned_weights_s44] [TRAIN] stage=pretrain epoch=1/1 batch=580/3000 step=580 repair=0.02728 localization=0.2978 type=2.396 minimal=0.02174 physics=1.893 total=0.3915
[TRAIN train_climax_static_learned_weights_s44] [TRAIN] stage=pretrain epoch=1/1 batch=590/3000 step=590 repair=0.003116 localization=0.2452 type=1.13 minimal=0.02637 physics=0.1546 total=0.2874
[TRAIN train_climax_static_learned_weights_s44] [TRAIN] stage=pretrain epoch=1/1 batch=600/3000 step=600 repair=0.03312 localization=0.4106 type=1.454 minimal=0.02454 physics=2.348 total=0.3372
[TRAIN train_climax_static_learned_weights_s44] [TRAIN] stage=pretrain epoch=1/1 batch=610/3000 step=610 repair=0.004668 localization=0.2393 type=1.016 minimal=0.02971 physics=0.448 total=0.1529
[TRAIN train_climax_static_learned_weights_s44] [TRAIN] stage=pretrain epoch=1/1 batch=620/3000 step=620 repair=0.02253 localization=0.271 type=0.9014 minimal=0.0231 physics=2.121 total=0.246
[TRAIN train_climax_static_learned_weights_s44] [TRAIN] stage=pretrain epoch=1/1 batch=630/3000 step=630 repair=0.003567 localization=0.2181 type=2.325 minimal=0.01993 physics=0.1725 total=0.4057
[TRAIN train_climax_static_learned_weights_s44] [TRAIN] stage=pretrain epoch=1/1 batch=640/3000 step=640 repair=0.01183 localization=0.3829 type=2.281 minimal=0.01904 physics=0.8517 total=0.4593
[TRAIN train_climax_static_learned_weights_s44] [TRAIN] stage=pretrain epoch=1/1 batch=650/3000 step=650 repair=0.02147 localization=0.2665 type=0.6292 minimal=0.01869 physics=1.703 total=0.1964
[TRAIN train_climax_static_learned_weights_s44] [TRAIN] stage=pretrain epoch=1/1 batch=660/3000 step=660 repair=0.004289 localization=0.1836 type=2.308 minimal=0.01926 physics=0.07197 total=0.396
[TRAIN train_climax_static_learned_weights_s44] [TRAIN] stage=pretrain epoch=1/1 batch=670/3000 step=670 repair=0.002219 localization=0.2833 type=1.491 minimal=0.01724 physics=0.1212 total=0.3241
[TRAIN train_climax_static_learned_weights_s44] [TRAIN] stage=pretrain epoch=1/1 batch=680/3000 step=680 repair=0.003175 localization=0.2457 type=2.159 minimal=0.02092 physics=0.1339 total=0.3892
[TRAIN train_climax_static_learned_weights_s44] [TRAIN] stage=pretrain epoch=1/1 batch=690/3000 step=690 repair=0.003801 localization=0.3094 type=1.938 minimal=0.02135 physics=0.1714 total=0.3755
[TRAIN train_climax_static_learned_weights_s44] [TRAIN] stage=pretrain epoch=1/1 batch=700/3000 step=700 repair=0.02448 localization=0.2966 type=1.676 minimal=0.01868 physics=1.776 total=0.3107
[TRAIN train_climax_static_learned_weights_s44] [TRAIN] stage=pretrain epoch=1/1 batch=710/3000 step=710 repair=0.002687 localization=0.2602 type=2.126 minimal=0.0193 physics=0.2115 total=0.3912
[TRAIN train_climax_static_learned_weights_s44] [TRAIN] stage=pretrain epoch=1/1 batch=720/3000 step=720 repair=0.004974 localization=0.2373 type=1.029 minimal=0.01961 physics=0.3536 total=0.2881
[TRAIN train_climax_static_learned_weights_s44] [TRAIN] stage=pretrain epoch=1/1 batch=730/3000 step=730 repair=0.005788 localization=0.2648 type=1.067 minimal=0.01929 physics=0.4567 total=0.3006
[TRAIN train_climax_static_learned_weights_s44] [TRAIN] stage=pretrain epoch=1/1 batch=740/3000 step=740 repair=0.002539 localization=0.3109 type=2.357 minimal=0.01944 physics=0.09902 total=0.4132
[TRAIN train_climax_static_learned_weights_s44] [TRAIN] stage=pretrain epoch=1/1 batch=750/3000 step=750 repair=0.006319 localization=0.2069 type=2.163 minimal=0.01996 physics=0.9652 total=0.2918
[TRAIN train_climax_static_learned_weights_s44] [TRAIN] stage=pretrain epoch=1/1 batch=760/3000 step=760 repair=0.00261 localization=0.231 type=1.565 minimal=0.01897 physics=0.1087 total=0.3265
[TRAIN train_climax_static_learned_weights_s44] [TRAIN] stage=pretrain epoch=1/1 batch=770/3000 step=770 repair=0.005556 localization=0.2158 type=1.995 minimal=0.01811 physics=0.9762 total=0.2756
[TRAIN train_climax_static_learned_weights_s44] [TRAIN] stage=pretrain epoch=1/1 batch=780/3000 step=780 repair=0.005666 localization=0.1856 type=1.608 minimal=0.01996 physics=0.2316 total=0.3359
[TRAIN train_climax_static_learned_weights_s44] [TRAIN] stage=pretrain epoch=1/1 batch=790/3000 step=790 repair=0.001969 localization=0.3119 type=1.086 minimal=0.01645 physics=0.08733 total=0.2848
[TRAIN train_climax_static_learned_weights_s44] [TRAIN] stage=pretrain epoch=1/1 batch=800/3000 step=800 repair=0.005875 localization=0.2553 type=2.586 minimal=0.01868 physics=0.202 total=0.439
[TRAIN train_climax_static_learned_weights_s44] [TRAIN] stage=pretrain epoch=1/1 batch=810/3000 step=810 repair=0.003874 localization=0.2395 type=2.043 minimal=0.01915 physics=0.63 total=0.2639
[TRAIN train_climax_static_learned_weights_s44] [TRAIN] stage=pretrain epoch=1/1 batch=820/3000 step=820 repair=0.01499 localization=0.4487 type=1.412 minimal=0.01675 physics=1.034 total=0.3912
[TRAIN train_climax_static_learned_weights_s44] [TRAIN] stage=pretrain epoch=1/1 batch=830/3000 step=830 repair=0.03225 localization=0.38 type=1.677 minimal=0.02242 physics=2.278 total=0.3521
[TRAIN train_climax_static_learned_weights_s44] [TRAIN] stage=pretrain epoch=1/1 batch=840/3000 step=840 repair=0.002781 localization=0.1944 type=1.808 minimal=0.02113 physics=0.1785 total=0.3505
[TRAIN train_climax_static_learned_weights_s44] [TRAIN] stage=pretrain epoch=1/1 batch=850/3000 step=850 repair=0.008842 localization=0.2954 type=1.269 minimal=0.021 physics=1.24 total=0.2275
[TRAIN train_climax_static_learned_weights_s44] [TRAIN] stage=pretrain epoch=1/1 batch=860/3000 step=860 repair=0.004301 localization=0.2873 type=1.582 minimal=0.02211 physics=0.2928 total=0.3442
[TRAIN train_climax_static_learned_weights_s44] [TRAIN] stage=pretrain epoch=1/1 batch=870/3000 step=870 repair=0.02613 localization=0.2986 type=1.618 minimal=0.01817 physics=1.774 total=0.3066
[TRAIN train_climax_static_learned_weights_s44] [TRAIN] stage=pretrain epoch=1/1 batch=880/3000 step=880 repair=0.01205 localization=0.2423 type=1.529 minimal=0.02133 physics=0.1531 total=0.3357
[TRAIN train_climax_static_learned_weights_s44] [TRAIN] stage=pretrain epoch=1/1 batch=890/3000 step=890 repair=0.005117 localization=0.3432 type=1.078 minimal=0.02037 physics=0.141 total=0.2931
[TRAIN train_climax_static_learned_weights_s44] [TRAIN] stage=pretrain epoch=1/1 batch=900/3000 step=900 repair=0.005698 localization=0.2807 type=2.062 minimal=0.02466 physics=0.6625 total=0.4115
[TRAIN train_climax_static_learned_weights_s44] [TRAIN] stage=pretrain epoch=1/1 batch=910/3000 step=910 repair=0.02186 localization=0.2475 type=1.82 minimal=0.02074 physics=2.014 total=0.3296
[TRAIN train_climax_static_learned_weights_s44] [TRAIN] stage=pretrain epoch=1/1 batch=920/3000 step=920 repair=0.002239 localization=0.3698 type=2.057 minimal=0.01694 physics=0.08319 total=0.389
[TRAIN train_climax_static_learned_weights_s44] [TRAIN] stage=pretrain epoch=1/1 batch=930/3000 step=930 repair=0.007728 localization=0.2918 type=1.429 minimal=0.0201 physics=0.3285 total=0.3346
[TRAIN train_climax_static_learned_weights_s44] [TRAIN] stage=pretrain epoch=1/1 batch=940/3000 step=940 repair=0.01747 localization=0.2879 type=2.229 minimal=0.02127 physics=0.2271 total=0.4191
[TRAIN train_climax_static_learned_weights_s44] [TRAIN] stage=pretrain epoch=1/1 batch=950/3000 step=950 repair=0.00286 localization=0.3043 type=2.026 minimal=0.01787 physics=0.1839 total=0.3836
[TRAIN train_climax_static_learned_weights_s44] [TRAIN] stage=pretrain epoch=1/1 batch=960/3000 step=960 repair=0.01024 localization=0.3101 type=2.018 minimal=0.02168 physics=0.217 total=0.3939
[TRAIN train_climax_static_learned_weights_s44] [TRAIN] stage=pretrain epoch=1/1 batch=970/3000 step=970 repair=0.002853 localization=0.3736 type=1.493 minimal=0.02162 physics=0.4901 total=0.2142
[TRAIN train_climax_static_learned_weights_s44] [TRAIN] stage=pretrain epoch=1/1 batch=980/3000 step=980 repair=0.01438 localization=0.1641 type=1.791 minimal=0.02339 physics=0.2968 total=0.3649
[TRAIN train_climax_static_learned_weights_s44] [TRAIN] stage=pretrain epoch=1/1 batch=990/3000 step=990 repair=0.002691 localization=0.2756 type=1.201 minimal=0.01768 physics=0.1652 total=0.2968
[TRAIN train_climax_static_learned_weights_s44] [TRAIN] stage=pretrain epoch=1/1 batch=1000/3000 step=1000 repair=0.005377 localization=0.2105 type=1.379 minimal=0.01956 physics=0.1777 total=0.3114
[TRAIN train_climax_static_learned_weights_s44] [TRAIN] stage=pretrain epoch=1/1 batch=1010/3000 step=1010 repair=0.003077 localization=0.3078 type=2.073 minimal=0.01843 physics=0.4272 total=0.2627
[TRAIN train_climax_static_learned_weights_s44] [TRAIN] stage=pretrain epoch=1/1 batch=1020/3000 step=1020 repair=0.002681 localization=0.2523 type=1.518 minimal=0.01849 physics=0.08748 total=0.3226
[TRAIN train_climax_static_learned_weights_s44] [TRAIN] stage=pretrain epoch=1/1 batch=1030/3000 step=1030 repair=0.002593 localization=0.4102 type=1.678 minimal=0.019 physics=0.1205 total=0.356
[TRAIN train_climax_static_learned_weights_s44] [TRAIN] stage=pretrain epoch=1/1 batch=1040/3000 step=1040 repair=0.003203 localization=0.3278 type=1.002 minimal=0.02153 physics=0.4276 total=0.296
[TRAIN train_climax_static_learned_weights_s44] [TRAIN] stage=pretrain epoch=1/1 batch=1050/3000 step=1050 repair=0.01106 localization=0.3802 type=2.622 minimal=0.01947 physics=1.452 total=0.3841
[TRAIN train_climax_static_learned_weights_s44] [TRAIN] stage=pretrain epoch=1/1 batch=1060/3000 step=1060 repair=0.005119 localization=0.2367 type=1.36 minimal=0.01903 physics=0.3264 total=0.3195
[TRAIN train_climax_static_learned_weights_s44] [TRAIN] stage=pretrain epoch=1/1 batch=1070/3000 step=1070 repair=0.0306 localization=0.3258 type=1.672 minimal=0.02034 physics=1.893 total=0.3252
[TRAIN train_climax_static_learned_weights_s44] [TRAIN] stage=pretrain epoch=1/1 batch=1080/3000 step=1080 repair=0.003284 localization=0.286 type=1.92 minimal=0.01947 physics=0.1299 total=0.3703
[TRAIN train_climax_static_learned_weights_s44] [TRAIN] stage=pretrain epoch=1/1 batch=1090/3000 step=1090 repair=0.008753 localization=0.3008 type=1.697 minimal=0.01831 physics=0.1462 total=0.3543
[TRAIN train_climax_static_learned_weights_s44] [TRAIN] stage=pretrain epoch=1/1 batch=1100/3000 step=1100 repair=0.002832 localization=0.3647 type=1.928 minimal=0.01732 physics=0.148 total=0.3779
[TRAIN train_climax_static_learned_weights_s44] [TRAIN] stage=pretrain epoch=1/1 batch=1110/3000 step=1110 repair=0.005106 localization=0.2658 type=2.069 minimal=0.02019 physics=0.3716 total=0.3957
[TRAIN train_climax_static_learned_weights_s44] [TRAIN] stage=pretrain epoch=1/1 batch=1120/3000 step=1120 repair=0.005469 localization=0.2233 type=2.416 minimal=0.01645 physics=0.1638 total=0.4161
[TRAIN train_climax_static_learned_weights_s44] [TRAIN] stage=pretrain epoch=1/1 batch=1130/3000 step=1130 repair=0.003038 localization=0.3228 type=1.666 minimal=0.01801 physics=0.1102 total=0.3459
[TRAIN train_climax_static_learned_weights_s44] [TRAIN] stage=pretrain epoch=1/1 batch=1140/3000 step=1140 repair=0.005637 localization=0.2807 type=1.238 minimal=0.01973 physics=0.1378 total=0.3028
[TRAIN train_climax_static_learned_weights_s44] [TRAIN] stage=pretrain epoch=1/1 batch=1150/3000 step=1150 repair=0.002655 localization=0.3617 type=1.476 minimal=0.02115 physics=0.2654 total=0.3382
[TRAIN train_climax_static_learned_weights_s44] [TRAIN] stage=pretrain epoch=1/1 batch=1160/3000 step=1160 repair=0.005136 localization=0.2428 type=1.851 minimal=0.01947 physics=0.2664 total=0.3663
[TRAIN train_climax_static_learned_weights_s44] [TRAIN] stage=pretrain epoch=1/1 batch=1170/3000 step=1170 repair=0.008396 localization=0.2156 type=1.549 minimal=0.01752 physics=0.6531 total=0.356
[TRAIN train_climax_static_learned_weights_s44] [TRAIN] stage=pretrain epoch=1/1 batch=1180/3000 step=1180 repair=0.001696 localization=0.2934 type=1.839 minimal=0.01559 physics=0.05677 total=0.3561
[TRAIN train_climax_static_learned_weights_s44] [TRAIN] stage=pretrain epoch=1/1 batch=1190/3000 step=1190 repair=0.003791 localization=0.206 type=1.344 minimal=0.01797 physics=0.2219 total=0.3084
[TRAIN train_climax_static_learned_weights_s44] [TRAIN] stage=pretrain epoch=1/1 batch=1200/3000 step=1200 repair=0.003576 localization=0.2286 type=2.161 minimal=0.01814 physics=0.1696 total=0.3909
[TRAIN train_climax_static_learned_weights_s44] [TRAIN] stage=pretrain epoch=1/1 batch=1210/3000 step=1210 repair=0.006416 localization=0.2722 type=1.805 minimal=0.01801 physics=0.1106 total=0.3582
[TRAIN train_climax_static_learned_weights_s44] [TRAIN] stage=pretrain epoch=1/1 batch=1220/3000 step=1220 repair=0.005055 localization=0.2509 type=1.776 minimal=0.01753 physics=0.0676 total=0.3497
[TRAIN train_climax_static_learned_weights_s44] [TRAIN] stage=pretrain epoch=1/1 batch=1230/3000 step=1230 repair=0.006962 localization=0.2912 type=1.581 minimal=0.01527 physics=0.1511 total=0.3402
[TRAIN train_climax_static_learned_weights_s44] [TRAIN] stage=pretrain epoch=1/1 batch=1240/3000 step=1240 repair=0.008767 localization=0.3153 type=2.126 minimal=0.01686 physics=0.7691 total=0.4297
[TRAIN train_climax_static_learned_weights_s44] [TRAIN] stage=pretrain epoch=1/1 batch=1250/3000 step=1250 repair=0.004472 localization=0.297 type=0.9292 minimal=0.01665 physics=0.1426 total=0.2726
[TRAIN train_climax_static_learned_weights_s44] [TRAIN] stage=pretrain epoch=1/1 batch=1260/3000 step=1260 repair=0.005016 localization=0.2649 type=1.069 minimal=0.01765 physics=0.1168 total=0.2826
[TRAIN train_climax_static_learned_weights_s44] [TRAIN] stage=pretrain epoch=1/1 batch=1270/3000 step=1270 repair=0.003096 localization=0.3644 type=2.417 minimal=0.01868 physics=0.1904 total=0.4292
[TRAIN train_climax_static_learned_weights_s44] [TRAIN] stage=pretrain epoch=1/1 batch=1280/3000 step=1280 repair=0.002193 localization=0.4852 type=2.158 minimal=0.01682 physics=0.1698 total=0.4134
[TRAIN train_climax_static_learned_weights_s44] [TRAIN] stage=pretrain epoch=1/1 batch=1290/3000 step=1290 repair=0.002351 localization=0.2376 type=0.5237 minimal=0.01813 physics=0.3258 total=0.09495
[TRAIN train_climax_static_learned_weights_s44] [TRAIN] stage=pretrain epoch=1/1 batch=1300/3000 step=1300 repair=0.003735 localization=0.2859 type=1.25 minimal=0.01808 physics=0.6483 total=0.1899
[TRAIN train_climax_static_learned_weights_s44] [TRAIN] stage=pretrain epoch=1/1 batch=1310/3000 step=1310 repair=0.007023 localization=0.369 type=1.924 minimal=0.02287 physics=0.2171 total=0.3855
[TRAIN train_climax_static_learned_weights_s44] [TRAIN] stage=pretrain epoch=1/1 batch=1320/3000 step=1320 repair=0.00295 localization=0.3205 type=1.493 minimal=0.01646 physics=0.6924 total=0.2191
[TRAIN train_climax_static_learned_weights_s44] [TRAIN] stage=pretrain epoch=1/1 batch=1330/3000 step=1330 repair=0.003746 localization=0.3169 type=1.351 minimal=0.01909 physics=0.1605 total=0.3171
[TRAIN train_climax_static_learned_weights_s44] [TRAIN] stage=pretrain epoch=1/1 batch=1340/3000 step=1340 repair=0.0169 localization=0.2491 type=1.855 minimal=0.01825 physics=1.602 total=0.3076
[TRAIN train_climax_static_learned_weights_s44] [TRAIN] stage=pretrain epoch=1/1 batch=1350/3000 step=1350 repair=0.002518 localization=0.2125 type=1.453 minimal=0.01917 physics=0.1456 total=0.3148
[TRAIN train_climax_static_learned_weights_s44] [TRAIN] stage=pretrain epoch=1/1 batch=1360/3000 step=1360 repair=0.01273 localization=0.2488 type=1.392 minimal=0.01941 physics=0.1134 total=0.3207
[TRAIN train_climax_static_learned_weights_s44] [TRAIN] stage=pretrain epoch=1/1 batch=1370/3000 step=1370 repair=0.00321 localization=0.3014 type=2.744 minimal=0.01898 physics=0.09623 total=0.4511
[TRAIN train_climax_static_learned_weights_s44] [TRAIN] stage=pretrain epoch=1/1 batch=1380/3000 step=1380 repair=0.004081 localization=0.2243 type=1.299 minimal=0.01703 physics=0.1701 total=0.303
[TRAIN train_climax_static_learned_weights_s44] [TRAIN] stage=pretrain epoch=1/1 batch=1390/3000 step=1390 repair=0.01858 localization=0.4631 type=0.886 minimal=0.02072 physics=0.2109 total=0.302
[TRAIN train_climax_static_learned_weights_s44] [TRAIN] stage=pretrain epoch=1/1 batch=1400/3000 step=1400 repair=0.02059 localization=0.2691 type=1.85 minimal=0.01796 physics=1.882 total=0.3268
[TRAIN train_climax_static_learned_weights_s44] [TRAIN] stage=pretrain epoch=1/1 batch=1410/3000 step=1410 repair=0.002933 localization=0.4257 type=0.8354 minimal=0.01797 physics=0.5385 total=0.1562
[TRAIN train_climax_static_learned_weights_s44] [TRAIN] stage=pretrain epoch=1/1 batch=1420/3000 step=1420 repair=0.002929 localization=0.1421 type=1.294 minimal=0.01849 physics=0.1214 total=0.2928
[TRAIN train_climax_static_learned_weights_s44] [TRAIN] stage=pretrain epoch=1/1 batch=1430/3000 step=1430 repair=0.03104 localization=0.3523 type=0.8584 minimal=0.01814 physics=1.947 total=0.2497
[TRAIN train_climax_static_learned_weights_s44] [TRAIN] stage=pretrain epoch=1/1 batch=1440/3000 step=1440 repair=0.01077 localization=0.1391 type=0.09821 minimal=0.04916 physics=1.155 total=0.2327
[TRAIN train_climax_static_learned_weights_s44] [TRAIN] stage=pretrain epoch=1/1 batch=1450/3000 step=1450 repair=0.03389 localization=0.3763 type=1.366 minimal=0.0193 physics=2.604 total=0.3385
[TRAIN train_climax_static_learned_weights_s44] [TRAIN] stage=pretrain epoch=1/1 batch=1460/3000 step=1460 repair=0.005281 localization=0.4331 type=0.6716 minimal=0.01837 physics=0.193 total=0.2632
[TRAIN train_climax_static_learned_weights_s44] [TRAIN] stage=pretrain epoch=1/1 batch=1470/3000 step=1470 repair=0.004294 localization=0.1345 type=0.4176 minimal=0.03058 physics=0.3351 total=0.2166
[TRAIN train_climax_static_learned_weights_s44] [TRAIN] stage=pretrain epoch=1/1 batch=1480/3000 step=1480 repair=0.002796 localization=0.2547 type=2.141 minimal=0.01816 physics=0.104 total=0.3862
[TRAIN train_climax_static_learned_weights_s44] [TRAIN] stage=pretrain epoch=1/1 batch=1490/3000 step=1490 repair=0.004568 localization=0.152 type=0.78 minimal=0.01921 physics=0.162 total=0.2461
[TRAIN train_climax_static_learned_weights_s44] [TRAIN] stage=pretrain epoch=1/1 batch=1500/3000 step=1500 repair=0.002295 localization=0.3433 type=1.671 minimal=0.01666 physics=0.1771 total=0.3513
[TRAIN train_climax_static_learned_weights_s44] [TRAIN] stage=pretrain epoch=1/1 batch=1510/3000 step=1510 repair=0.002005 localization=0.2664 type=1.205 minimal=0.01773 physics=0.1828 total=0.2969
[TRAIN train_climax_static_learned_weights_s44] [TRAIN] stage=pretrain epoch=1/1 batch=1520/3000 step=1520 repair=0.00248 localization=0.2762 type=0.5994 minimal=0.01952 physics=0.109 total=0.2358
[TRAIN train_climax_static_learned_weights_s44] [TRAIN] stage=pretrain epoch=1/1 batch=1530/3000 step=1530 repair=0.005348 localization=0.3893 type=1.439 minimal=0.02034 physics=0.7476 total=0.2258
[TRAIN train_climax_static_learned_weights_s44] [TRAIN] stage=pretrain epoch=1/1 batch=1540/3000 step=1540 repair=0.004745 localization=0.273 type=1.429 minimal=0.01889 physics=0.2563 total=0.3265
[TRAIN train_climax_static_learned_weights_s44] [TRAIN] stage=pretrain epoch=1/1 batch=1550/3000 step=1550 repair=0.00388 localization=0.2115 type=1.835 minimal=0.02126 physics=0.1914 total=0.3584
[TRAIN train_climax_static_learned_weights_s44] [TRAIN] stage=pretrain epoch=1/1 batch=1560/3000 step=1560 repair=0.002707 localization=0.3436 type=1.198 minimal=0.01927 physics=0.1864 total=0.3064
[TRAIN train_climax_static_learned_weights_s44] [TRAIN] stage=pretrain epoch=1/1 batch=1570/3000 step=1570 repair=0.01698 localization=0.2279 type=1.231 minimal=0.01759 physics=1.636 total=0.2449
[TRAIN train_climax_static_learned_weights_s44] [TRAIN] stage=pretrain epoch=1/1 batch=1580/3000 step=1580 repair=0.002408 localization=0.2693 type=2.131 minimal=0.01698 physics=0.1531 total=0.3889
[TRAIN train_climax_static_learned_weights_s44] [TRAIN] stage=pretrain epoch=1/1 batch=1590/3000 step=1590 repair=0.01741 localization=0.4518 type=1.866 minimal=0.01665 physics=0.1734 total=0.3955
[TRAIN train_climax_static_learned_weights_s44] [TRAIN] stage=pretrain epoch=1/1 batch=1600/3000 step=1600 repair=0.003844 localization=0.2992 type=0.9119 minimal=0.0164 physics=0.6984 total=0.16
[TRAIN train_climax_static_learned_weights_s44] [TRAIN] stage=pretrain epoch=1/1 batch=1610/3000 step=1610 repair=0.002383 localization=0.2084 type=1.87 minimal=0.01706 physics=0.07876 total=0.353
[TRAIN train_climax_static_learned_weights_s44] [TRAIN] stage=pretrain epoch=1/1 batch=1620/3000 step=1620 repair=0.007726 localization=0.2308 type=0.8916 minimal=0.01588 physics=1.094 total=0.1748
[TRAIN train_climax_static_learned_weights_s44] [TRAIN] stage=pretrain epoch=1/1 batch=1630/3000 step=1630 repair=0.004208 localization=0.1299 type=0.1364 minimal=0.02541 physics=0.2354 total=0.1825
[TRAIN train_climax_static_learned_weights_s44] [TRAIN] stage=pretrain epoch=1/1 batch=1640/3000 step=1640 repair=0.002175 localization=0.2398 type=1.046 minimal=0.01613 physics=0.2501 total=0.1435
[TRAIN train_climax_static_learned_weights_s44] [TRAIN] stage=pretrain epoch=1/1 batch=1650/3000 step=1650 repair=0.002248 localization=0.3159 type=1.606 minimal=0.01596 physics=0.06352 total=0.3366
[TRAIN train_climax_static_learned_weights_s44] [TRAIN] stage=pretrain epoch=1/1 batch=1660/3000 step=1660 repair=0.008987 localization=0.2664 type=1.274 minimal=0.01782 physics=0.5647 total=0.3303
[TRAIN train_climax_static_learned_weights_s44] [TRAIN] stage=pretrain epoch=1/1 batch=1670/3000 step=1670 repair=0.00279 localization=0.4431 type=1.312 minimal=0.01691 physics=0.3184 total=0.3332
[TRAIN train_climax_static_learned_weights_s44] [TRAIN] stage=pretrain epoch=1/1 batch=1680/3000 step=1680 repair=0.002786 localization=0.2437 type=2.376 minimal=0.01704 physics=0.1644 total=0.4126
[TRAIN train_climax_static_learned_weights_s44] [TRAIN] stage=pretrain epoch=1/1 batch=1690/3000 step=1690 repair=0.02608 localization=0.2845 type=1.252 minimal=0.01894 physics=1.918 total=0.2758
[TRAIN train_climax_static_learned_weights_s44] [TRAIN] stage=pretrain epoch=1/1 batch=1700/3000 step=1700 repair=0.003775 localization=0.2563 type=1.136 minimal=0.01694 physics=0.5798 total=0.1721
[TRAIN train_climax_static_learned_weights_s44] [TRAIN] stage=pretrain epoch=1/1 batch=1710/3000 step=1710 repair=0.004241 localization=0.07673 type=0.03866 minimal=0.03546 physics=0.2912 total=0.1702
[TRAIN train_climax_static_learned_weights_s44] [TRAIN] stage=pretrain epoch=1/1 batch=1720/3000 step=1720 repair=0.006159 localization=0.2348 type=1.515 minimal=0.01506 physics=1.266 total=0.2445
[TRAIN train_climax_static_learned_weights_s44] [TRAIN] stage=pretrain epoch=1/1 batch=1730/3000 step=1730 repair=0.002135 localization=0.2979 type=2.153 minimal=0.01645 physics=0.2127 total=0.3969
[TRAIN train_climax_static_learned_weights_s44] [TRAIN] stage=pretrain epoch=1/1 batch=1740/3000 step=1740 repair=0.002584 localization=0.2656 type=2.09 minimal=0.01517 physics=0.5973 total=0.2681
[TRAIN train_climax_static_learned_weights_s44] [TRAIN] stage=pretrain epoch=1/1 batch=1750/3000 step=1750 repair=0.003455 localization=0.276 type=1.024 minimal=0.01862 physics=0.1445 total=0.2795
[TRAIN train_climax_static_learned_weights_s44] [TRAIN] stage=pretrain epoch=1/1 batch=1760/3000 step=1760 repair=0.002572 localization=0.1718 type=0.402 minimal=0.02168 physics=0.123 total=0.2058
[TRAIN train_climax_static_learned_weights_s44] [TRAIN] stage=pretrain epoch=1/1 batch=1770/3000 step=1770 repair=0.004999 localization=0.2529 type=1.718 minimal=0.01548 physics=0.143 total=0.3471
[TRAIN train_climax_static_learned_weights_s44] [TRAIN] stage=pretrain epoch=1/1 batch=1780/3000 step=1780 repair=0.004095 localization=0.2287 type=1.494 minimal=0.01369 physics=0.07342 total=0.3178
[TRAIN train_climax_static_learned_weights_s44] [TRAIN] stage=pretrain epoch=1/1 batch=1790/3000 step=1790 repair=0.011 localization=0.2741 type=1.697 minimal=0.01555 physics=0.7841 total=0.3864
[TRAIN train_climax_static_learned_weights_s44] [TRAIN] stage=pretrain epoch=1/1 batch=1800/3000 step=1800 repair=0.002697 localization=0.4052 type=1.059 minimal=0.01703 physics=0.07838 total=0.2916
[TRAIN train_climax_static_learned_weights_s44] [TRAIN] stage=pretrain epoch=1/1 batch=1810/3000 step=1810 repair=0.005457 localization=0.2856 type=1.918 minimal=0.0168 physics=0.07735 total=0.3676
[TRAIN train_climax_static_learned_weights_s44] [TRAIN] stage=pretrain epoch=1/1 batch=1820/3000 step=1820 repair=0.003321 localization=0.3674 type=1.435 minimal=0.01628 physics=0.7493 total=0.2212
[TRAIN train_climax_static_learned_weights_s44] [TRAIN] stage=pretrain epoch=1/1 batch=1830/3000 step=1830 repair=0.002941 localization=0.1753 type=3.673 minimal=0.01686 physics=0.1503 total=0.5351
[TRAIN train_climax_static_learned_weights_s44] [TRAIN] stage=pretrain epoch=1/1 batch=1840/3000 step=1840 repair=0.0264 localization=0.3827 type=1.882 minimal=0.01807 physics=0.2855 total=0.4051
[TRAIN train_climax_static_learned_weights_s44] [TRAIN] stage=pretrain epoch=1/1 batch=1850/3000 step=1850 repair=0.02428 localization=0.2831 type=1.858 minimal=0.0156 physics=2.185 total=0.3478
[TRAIN train_climax_static_learned_weights_s44] [TRAIN] stage=pretrain epoch=1/1 batch=1860/3000 step=1860 repair=0.002115 localization=0.2871 type=1.542 minimal=0.0161 physics=0.1223 total=0.3305
[TRAIN train_climax_static_learned_weights_s44] [TRAIN] stage=pretrain epoch=1/1 batch=1870/3000 step=1870 repair=0.002855 localization=0.3267 type=1.57 minimal=0.01328 physics=0.771 total=0.2312
[TRAIN train_climax_static_learned_weights_s44] [TRAIN] stage=pretrain epoch=1/1 batch=1880/3000 step=1880 repair=0.002943 localization=0.04497 type=0.04987 minimal=0.02628 physics=0.1395 total=0.1591
[TRAIN train_climax_static_learned_weights_s44] [TRAIN] stage=pretrain epoch=1/1 batch=1890/3000 step=1890 repair=0.01643 localization=0.3196 type=1.06 minimal=0.01689 physics=0.1203 total=0.2983
[TRAIN train_climax_static_learned_weights_s44] [TRAIN] stage=pretrain epoch=1/1 batch=1900/3000 step=1900 repair=0.002907 localization=0.2529 type=1.753 minimal=0.01703 physics=0.2038 total=0.3531
[TRAIN train_climax_static_learned_weights_s44] [TRAIN] stage=pretrain epoch=1/1 batch=1910/3000 step=1910 repair=0.004692 localization=0.2744 type=0.9348 minimal=0.01582 physics=0.1067 total=0.2703
[TRAIN train_climax_static_learned_weights_s44] [TRAIN] stage=pretrain epoch=1/1 batch=1920/3000 step=1920 repair=0.003381 localization=0.3443 type=0.8069 minimal=0.01747 physics=0.2176 total=0.2687
[TRAIN train_climax_static_learned_weights_s44] [TRAIN] stage=pretrain epoch=1/1 batch=1930/3000 step=1930 repair=0.002947 localization=0.2551 type=2.085 minimal=0.01477 physics=0.6218 total=0.2682
[TRAIN train_climax_static_learned_weights_s44] [TRAIN] stage=pretrain epoch=1/1 batch=1940/3000 step=1940 repair=0.004156 localization=0.3685 type=1.568 minimal=0.01663 physics=0.8553 total=0.2408
[TRAIN train_climax_static_learned_weights_s44] [TRAIN] stage=pretrain epoch=1/1 batch=1950/3000 step=1950 repair=0.02169 localization=0.4366 type=1.444 minimal=0.01736 physics=1.182 total=0.4081
[TRAIN train_climax_static_learned_weights_s44] [TRAIN] stage=pretrain epoch=1/1 batch=1960/3000 step=1960 repair=0.007334 localization=0.2415 type=1.839 minimal=0.01625 physics=0.09928 total=0.3583
[TRAIN train_climax_static_learned_weights_s44] [TRAIN] stage=pretrain epoch=1/1 batch=1970/3000 step=1970 repair=0.00804 localization=0.4277 type=1.546 minimal=0.01424 physics=0.08703 total=0.3478
[TRAIN train_climax_static_learned_weights_s44] [TRAIN] stage=pretrain epoch=1/1 batch=1980/3000 step=1980 repair=0.002453 localization=0.2698 type=0.9033 minimal=0.01799 physics=0.09211 total=0.2636
[TRAIN train_climax_static_learned_weights_s44] [TRAIN] stage=pretrain epoch=1/1 batch=1990/3000 step=1990 repair=0.003962 localization=0.3334 type=1.095 minimal=0.01656 physics=0.1217 total=0.2909
[TRAIN train_climax_static_learned_weights_s44] [TRAIN] stage=pretrain epoch=1/1 batch=2000/3000 step=2000 repair=0.00922 localization=0.3275 type=1.688 minimal=0.01822 physics=1.316 total=0.2767
[TRAIN train_climax_static_learned_weights_s44] [TRAIN] stage=pretrain epoch=1/1 batch=2010/3000 step=2010 repair=0.008637 localization=0.3428 type=1.683 minimal=0.01497 physics=0.07907 total=0.3532
[TRAIN train_climax_static_learned_weights_s44] [TRAIN] stage=pretrain epoch=1/1 batch=2020/3000 step=2020 repair=0.005239 localization=0.3417 type=1.815 minimal=0.01459 physics=0.1257 total=0.3653
[TRAIN train_climax_static_learned_weights_s44] [TRAIN] stage=pretrain epoch=1/1 batch=2030/3000 step=2030 repair=0.001561 localization=0.2232 type=2.311 minimal=0.01437 physics=0.1403 total=0.4008
[TRAIN train_climax_static_learned_weights_s44] [TRAIN] stage=pretrain epoch=1/1 batch=2040/3000 step=2040 repair=0.004458 localization=0.02551 type=0.007008 minimal=0.03128 physics=0.2846 total=0.1612
[TRAIN train_climax_static_learned_weights_s44] [TRAIN] stage=pretrain epoch=1/1 batch=2050/3000 step=2050 repair=0.001978 localization=0.1533 type=2.188 minimal=0.01509 physics=0.1441 total=0.3825
[TRAIN train_climax_static_learned_weights_s44] [TRAIN] stage=pretrain epoch=1/1 batch=2060/3000 step=2060 repair=0.005277 localization=0.2884 type=1.835 minimal=0.01663 physics=0.1528 total=0.3634
[TRAIN train_climax_static_learned_weights_s44] [TRAIN] stage=pretrain epoch=1/1 batch=2070/3000 step=2070 repair=0.003472 localization=0.3729 type=1.854 minimal=0.01691 physics=0.2676 total=0.3787
[TRAIN train_climax_static_learned_weights_s44] [TRAIN] stage=pretrain epoch=1/1 batch=2080/3000 step=2080 repair=0.003354 localization=0.389 type=1.76 minimal=0.01608 physics=0.4667 total=0.2417
[TRAIN train_climax_static_learned_weights_s44] [TRAIN] stage=pretrain epoch=1/1 batch=2090/3000 step=2090 repair=0.00192 localization=0.02296 type=0.01147 minimal=0.02097 physics=0.1658 total=0.1527
[TRAIN train_climax_static_learned_weights_s44] [TRAIN] stage=pretrain epoch=1/1 batch=2100/3000 step=2100 repair=0.002864 localization=0.3024 type=1.381 minimal=0.01756 physics=0.364 total=0.1896
[TRAIN train_climax_static_learned_weights_s44] [TRAIN] stage=pretrain epoch=1/1 batch=2110/3000 step=2110 repair=0.007909 localization=0.5899 type=5.057 minimal=0.01527 physics=1.561 total=0.6508
[TRAIN train_climax_static_learned_weights_s44] [TRAIN] stage=pretrain epoch=1/1 batch=2120/3000 step=2120 repair=0.004327 localization=0.3593 type=1.302 minimal=0.0197 physics=0.7844 total=0.2099
[TRAIN train_climax_static_learned_weights_s44] [TRAIN] stage=pretrain epoch=1/1 batch=2130/3000 step=2130 repair=0.002097 localization=0.2587 type=2.703 minimal=0.01642 physics=0.1643 total=0.4451
[TRAIN train_climax_static_learned_weights_s44] [TRAIN] stage=pretrain epoch=1/1 batch=2140/3000 step=2140 repair=0.002329 localization=0.06028 type=0.09709 minimal=0.02295 physics=0.1407 total=0.1638
[TRAIN train_climax_static_learned_weights_s44] [TRAIN] stage=pretrain epoch=1/1 batch=2150/3000 step=2150 repair=0.002435 localization=0.1471 type=0.03915 minimal=0.01797 physics=0.1162 total=0.1654
[TRAIN train_climax_static_learned_weights_s44] [TRAIN] stage=pretrain epoch=1/1 batch=2160/3000 step=2160 repair=0.006638 localization=0.3722 type=0.8333 minimal=0.01738 physics=0.0687 total=0.2689
[TRAIN train_climax_static_learned_weights_s44] [TRAIN] stage=pretrain epoch=1/1 batch=2170/3000 step=2170 repair=0.00175 localization=0.2439 type=3.059 minimal=0.01613 physics=0.2296 total=0.4826
[TRAIN train_climax_static_learned_weights_s44] [TRAIN] stage=pretrain epoch=1/1 batch=2180/3000 step=2180 repair=0.005461 localization=0.2799 type=2.378 minimal=0.02051 physics=0.347 total=0.4279
[TRAIN train_climax_static_learned_weights_s44] [TRAIN] stage=pretrain epoch=1/1 batch=2190/3000 step=2190 repair=0.003601 localization=0.2927 type=1.307 minimal=0.01947 physics=0.3538 total=0.1815
[TRAIN train_climax_static_learned_weights_s44] [TRAIN] stage=pretrain epoch=1/1 batch=2200/3000 step=2200 repair=0.004324 localization=0.2535 type=1.503 minimal=0.01837 physics=0.1071 total=0.3235
[TRAIN train_climax_static_learned_weights_s44] [TRAIN] stage=pretrain epoch=1/1 batch=2210/3000 step=2210 repair=0.001793 localization=0.1986 type=0.8997 minimal=0.01717 physics=0.1138 total=0.2558
[TRAIN train_climax_static_learned_weights_s44] [TRAIN] stage=pretrain epoch=1/1 batch=2220/3000 step=2220 repair=0.001949 localization=0.2131 type=1.82 minimal=0.01596 physics=0.07945 total=0.3486
[TRAIN train_climax_static_learned_weights_s44] [TRAIN] stage=pretrain epoch=1/1 batch=2230/3000 step=2230 repair=0.002371 localization=0.05506 type=0.1043 minimal=0.0206 physics=0.1322 total=0.1635
[TRAIN train_climax_static_learned_weights_s44] [TRAIN] stage=pretrain epoch=1/1 batch=2240/3000 step=2240 repair=0.002426 localization=0.2469 type=1.534 minimal=0.01694 physics=0.08266 total=0.324
[TRAIN train_climax_static_learned_weights_s44] [TRAIN] stage=pretrain epoch=1/1 batch=2250/3000 step=2250 repair=0.01301 localization=0.2025 type=1.611 minimal=0.01474 physics=1.448 total=0.2669
[TRAIN train_climax_static_learned_weights_s44] [TRAIN] stage=pretrain epoch=1/1 batch=2260/3000 step=2260 repair=0.001569 localization=0.3561 type=2.108 minimal=0.01349 physics=0.06213 total=0.3905
[TRAIN train_climax_static_learned_weights_s44] [TRAIN] stage=pretrain epoch=1/1 batch=2270/3000 step=2270 repair=0.002482 localization=0.206 type=1.689 minimal=0.01639 physics=0.4064 total=0.2125
[TRAIN train_climax_static_learned_weights_s44] [TRAIN] stage=pretrain epoch=1/1 batch=2280/3000 step=2280 repair=0.008686 localization=0.2725 type=1.127 minimal=0.01723 physics=0.1179 total=0.2922
[TRAIN train_climax_static_learned_weights_s44] [TRAIN] stage=pretrain epoch=1/1 batch=2290/3000 step=2290 repair=0.003209 localization=0.1829 type=2.694 minimal=0.0168 physics=0.1509 total=0.4371
[TRAIN train_climax_static_learned_weights_s44] [TRAIN] stage=pretrain epoch=1/1 batch=2300/3000 step=2300 repair=0.001707 localization=0.3497 type=1.72 minimal=0.01428 physics=0.1164 total=0.3538
[TRAIN train_climax_static_learned_weights_s44] [TRAIN] stage=pretrain epoch=1/1 batch=2310/3000 step=2310 repair=0.01527 localization=0.2169 type=0.8833 minimal=0.01538 physics=1.671 total=0.209
[TRAIN train_climax_static_learned_weights_s44] [TRAIN] stage=pretrain epoch=1/1 batch=2320/3000 step=2320 repair=0.01169 localization=0.3292 type=2.305 minimal=0.01466 physics=0.08527 total=0.417
[TRAIN train_climax_static_learned_weights_s44] [TRAIN] stage=pretrain epoch=1/1 batch=2330/3000 step=2330 repair=0.00228 localization=0.2078 type=0.6223 minimal=0.0177 physics=0.1637 total=0.2328
[TRAIN train_climax_static_learned_weights_s44] [TRAIN] stage=pretrain epoch=1/1 batch=2340/3000 step=2340 repair=0.001767 localization=0.3933 type=0.07016 minimal=0.02013 physics=0.1344 total=0.194
[TRAIN train_climax_static_learned_weights_s44] [TRAIN] stage=pretrain epoch=1/1 batch=2350/3000 step=2350 repair=0.01611 localization=0.4312 type=3.69 minimal=0.01646 physics=1.096 total=0.6228
[TRAIN train_climax_static_learned_weights_s44] [TRAIN] stage=pretrain epoch=1/1 batch=2360/3000 step=2360 repair=0.002266 localization=0.2801 type=0.8577 minimal=0.01631 physics=0.07684 total=0.2587
[TRAIN train_climax_static_learned_weights_s44] [TRAIN] stage=pretrain epoch=1/1 batch=2370/3000 step=2370 repair=0.008658 localization=0.3204 type=1.932 minimal=0.0157 physics=0.06555 total=0.3753
[TRAIN train_climax_static_learned_weights_s44] [TRAIN] stage=pretrain epoch=1/1 batch=2380/3000 step=2380 repair=0.006225 localization=0.2128 type=1.096 minimal=0.015 physics=1.078 total=0.1911
[TRAIN train_climax_static_learned_weights_s44] [TRAIN] stage=pretrain epoch=1/1 batch=2390/3000 step=2390 repair=0.004255 localization=0.03785 type=0.003141 minimal=0.02519 physics=0.4546 total=0.1697
[TRAIN train_climax_static_learned_weights_s44] [TRAIN] stage=pretrain epoch=1/1 batch=2400/3000 step=2400 repair=0.003398 localization=0.1824 type=1.241 minimal=0.01622 physics=0.5842 total=0.1751
[TRAIN train_climax_static_learned_weights_s44] [TRAIN] stage=pretrain epoch=1/1 batch=2410/3000 step=2410 repair=0.004363 localization=0.3543 type=1.352 minimal=0.0148 physics=0.1779 total=0.322
[TRAIN train_climax_static_learned_weights_s44] [TRAIN] stage=pretrain epoch=1/1 batch=2420/3000 step=2420 repair=0.005953 localization=0.2149 type=1.246 minimal=0.01663 physics=0.09728 total=0.2951
[TRAIN train_climax_static_learned_weights_s44] [TRAIN] stage=pretrain epoch=1/1 batch=2430/3000 step=2430 repair=0.002537 localization=0.2377 type=1.017 minimal=0.01534 physics=0.1823 total=0.2753
[TRAIN train_climax_static_learned_weights_s44] [TRAIN] stage=pretrain epoch=1/1 batch=2440/3000 step=2440 repair=0.00307 localization=0.2642 type=1.874 minimal=0.01794 physics=0.1278 total=0.3621
[TRAIN train_climax_static_learned_weights_s44] [TRAIN] stage=pretrain epoch=1/1 batch=2450/3000 step=2450 repair=0.007339 localization=0.3223 type=1.591 minimal=0.0163 physics=0.108 total=0.3422
[TRAIN train_climax_static_learned_weights_s44] [TRAIN] stage=pretrain epoch=1/1 batch=2460/3000 step=2460 repair=0.001767 localization=0.2757 type=1.046 minimal=0.01457 physics=0.07209 total=0.2763
[TRAIN train_climax_static_learned_weights_s44] [TRAIN] stage=pretrain epoch=1/1 batch=2470/3000 step=2470 repair=0.002499 localization=0.1451 type=0.03107 minimal=0.01863 physics=0.1487 total=0.1659
[TRAIN train_climax_static_learned_weights_s44] [TRAIN] stage=pretrain epoch=1/1 batch=2480/3000 step=2480 repair=0.002663 localization=0.4025 type=2.095 minimal=0.01588 physics=0.4511 total=0.2751
[TRAIN train_climax_static_learned_weights_s44] [TRAIN] stage=pretrain epoch=1/1 batch=2490/3000 step=2490 repair=0.009473 localization=0.2818 type=1.972 minimal=0.01463 physics=0.1322 total=0.3796
[TRAIN train_climax_static_learned_weights_s44] [TRAIN] stage=pretrain epoch=1/1 batch=2500/3000 step=2500 repair=0.003663 localization=0.2342 type=2.828 minimal=0.0136 physics=0.3997 total=0.47
[TRAIN train_climax_static_learned_weights_s44] [TRAIN] stage=pretrain epoch=1/1 batch=2510/3000 step=2510 repair=0.002756 localization=0.3897 type=1.971 minimal=0.01617 physics=0.104 total=0.3842
[TRAIN train_climax_static_learned_weights_s44] [TRAIN] stage=pretrain epoch=1/1 batch=2520/3000 step=2520 repair=0.002462 localization=0.03366 type=0.002474 minimal=0.02541 physics=0.1475 total=0.152
[TRAIN train_climax_static_learned_weights_s44] [TRAIN] stage=pretrain epoch=1/1 batch=2530/3000 step=2530 repair=0.002982 localization=0.35 type=1.387 minimal=0.01334 physics=0.7935 total=0.2165
[TRAIN train_climax_static_learned_weights_s44] [TRAIN] stage=pretrain epoch=1/1 batch=2540/3000 step=2540 repair=0.008395 localization=0.437 type=0.9956 minimal=0.01432 physics=0.1589 total=0.2978
[TRAIN train_climax_static_learned_weights_s44] [TRAIN] stage=pretrain epoch=1/1 batch=2550/3000 step=2550 repair=0.02559 localization=0.3331 type=1.312 minimal=0.0154 physics=2.937 total=0.3371
[TRAIN train_climax_static_learned_weights_s44] [TRAIN] stage=pretrain epoch=1/1 batch=2560/3000 step=2560 repair=0.003494 localization=0.3044 type=1.539 minimal=0.01709 physics=0.4225 total=0.3493
[TRAIN train_climax_static_learned_weights_s44] [TRAIN] stage=pretrain epoch=1/1 batch=2570/3000 step=2570 repair=0.01737 localization=0.2193 type=0.8716 minimal=0.01237 physics=1.731 total=0.2131
[TRAIN train_climax_static_learned_weights_s44] [TRAIN] stage=pretrain epoch=1/1 batch=2580/3000 step=2580 repair=0.005927 localization=0.2425 type=0.5537 minimal=0.01512 physics=1.296 total=0.1505
[TRAIN train_climax_static_learned_weights_s44] [TRAIN] stage=pretrain epoch=1/1 batch=2590/3000 step=2590 repair=0.001794 localization=0.4169 type=1.607 minimal=0.01413 physics=0.1805 total=0.3535
[TRAIN train_climax_static_learned_weights_s44] [TRAIN] stage=pretrain epoch=1/1 batch=2600/3000 step=2600 repair=0.003769 localization=0.2935 type=1.749 minimal=0.01711 physics=0.1261 total=0.3526
[TRAIN train_climax_static_learned_weights_s44] [TRAIN] stage=pretrain epoch=1/1 batch=2610/3000 step=2610 repair=0.004399 localization=0.2904 type=1.245 minimal=0.0188 physics=0.08337 total=0.3023
[TRAIN train_climax_static_learned_weights_s44] [TRAIN] stage=pretrain epoch=1/1 batch=2620/3000 step=2620 repair=0.002055 localization=0.08595 type=0.004343 minimal=0.0177 physics=0.1029 total=0.1545
[TRAIN train_climax_static_learned_weights_s44] [TRAIN] stage=pretrain epoch=1/1 batch=2630/3000 step=2630 repair=0.001168 localization=0.2513 type=2.021 minimal=0.01462 physics=0.06846 total=0.3703
[TRAIN train_climax_static_learned_weights_s44] [TRAIN] stage=pretrain epoch=1/1 batch=2640/3000 step=2640 repair=0.002935 localization=0.3052 type=3.271 minimal=0.01718 physics=0.1828 total=0.5098
[TRAIN train_climax_static_learned_weights_s44] [TRAIN] stage=pretrain epoch=1/1 batch=2650/3000 step=2650 repair=0.001951 localization=0.1201 type=0.09366 minimal=0.01588 physics=0.0659 total=0.1647
[TRAIN train_climax_static_learned_weights_s44] [TRAIN] stage=pretrain epoch=1/1 batch=2660/3000 step=2660 repair=0.003379 localization=0.3245 type=2.049 minimal=0.01717 physics=0.2663 total=0.3943
[TRAIN train_climax_static_learned_weights_s44] [TRAIN] stage=pretrain epoch=1/1 batch=2670/3000 step=2670 repair=0.007771 localization=0.3248 type=1.57 minimal=0.01591 physics=1.194 total=0.2571
[TRAIN train_climax_static_learned_weights_s44] [TRAIN] stage=pretrain epoch=1/1 batch=2680/3000 step=2680 repair=0.004843 localization=0.2491 type=0.9583 minimal=0.01631 physics=0.08104 total=0.268
[TRAIN train_climax_static_learned_weights_s44] [TRAIN] stage=pretrain epoch=1/1 batch=2690/3000 step=2690 repair=0.04441 localization=0.4317 type=1.205 minimal=0.01979 physics=2.528 total=0.3347
[TRAIN train_climax_static_learned_weights_s44] [TRAIN] stage=pretrain epoch=1/1 batch=2700/3000 step=2700 repair=0.002855 localization=0.3655 type=1.52 minimal=0.01952 physics=0.1862 total=0.3394
[TRAIN train_climax_static_learned_weights_s44] [TRAIN] stage=pretrain epoch=1/1 batch=2710/3000 step=2710 repair=0.001657 localization=0.3179 type=1.162 minimal=0.01703 physics=0.1465 total=0.2956
[TRAIN train_climax_static_learned_weights_s44] [TRAIN] stage=pretrain epoch=1/1 batch=2720/3000 step=2720 repair=0.003263 localization=0.02436 type=0.01477 minimal=0.02426 physics=0.2527 total=0.1576
[TRAIN train_climax_static_learned_weights_s44] [TRAIN] stage=pretrain epoch=1/1 batch=2730/3000 step=2730 repair=0.003488 localization=0.4052 type=0.436 minimal=0.01859 physics=0.1219 total=0.2321
[TRAIN train_climax_static_learned_weights_s44] [TRAIN] stage=pretrain epoch=1/1 batch=2740/3000 step=2740 repair=0.002398 localization=0.2489 type=0.4897 minimal=0.01756 physics=0.1062 total=0.2199
[TRAIN train_climax_static_learned_weights_s44] [TRAIN] stage=pretrain epoch=1/1 batch=2750/3000 step=2750 repair=0.00323 localization=0.2899 type=1.521 minimal=0.01473 physics=0.6955 total=0.2192
[TRAIN train_climax_static_learned_weights_s44] [TRAIN] stage=pretrain epoch=1/1 batch=2760/3000 step=2760 repair=0.01346 localization=0.3157 type=3.681 minimal=0.01294 physics=0.9001 total=0.5987
[TRAIN train_climax_static_learned_weights_s44] [TRAIN] stage=pretrain epoch=1/1 batch=2770/3000 step=2770 repair=0.00368 localization=0.03778 type=0.01283 minimal=0.01938 physics=0.3121 total=0.162
[TRAIN train_climax_static_learned_weights_s44] [TRAIN] stage=pretrain epoch=1/1 batch=2780/3000 step=2780 repair=0.01621 localization=0.3629 type=1.344 minimal=0.01855 physics=0.8317 total=0.3691
[TRAIN train_climax_static_learned_weights_s44] [TRAIN] stage=pretrain epoch=1/1 batch=2790/3000 step=2790 repair=0.02242 localization=0.2727 type=1.801 minimal=0.01578 physics=1.887 total=0.3243
[TRAIN train_climax_static_learned_weights_s44] [TRAIN] stage=pretrain epoch=1/1 batch=2800/3000 step=2800 repair=0.001487 localization=0.3466 type=1.896 minimal=0.01554 physics=0.1351 total=0.3708
[TRAIN train_climax_static_learned_weights_s44] [TRAIN] stage=pretrain epoch=1/1 batch=2810/3000 step=2810 repair=0.003292 localization=0.02807 type=0.03052 minimal=0.02155 physics=0.1454 total=0.1542
[TRAIN train_climax_static_learned_weights_s44] [TRAIN] stage=pretrain epoch=1/1 batch=2820/3000 step=2820 repair=0.002451 localization=0.1733 type=1.338 minimal=0.01704 physics=0.08176 total=0.296
[TRAIN train_climax_static_learned_weights_s44] [TRAIN] stage=pretrain epoch=1/1 batch=2830/3000 step=2830 repair=0.002004 localization=0.2758 type=1.617 minimal=0.01498 physics=0.3356 total=0.2082
[TRAIN train_climax_static_learned_weights_s44] [TRAIN] stage=pretrain epoch=1/1 batch=2840/3000 step=2840 repair=0.002244 localization=0.2065 type=1.57 minimal=0.01582 physics=0.5053 total=0.2053
[TRAIN train_climax_static_learned_weights_s44] [TRAIN] stage=pretrain epoch=1/1 batch=2850/3000 step=2850 repair=0.01673 localization=0.2204 type=1.638 minimal=0.01622 physics=1.628 total=0.2841
[TRAIN train_climax_static_learned_weights_s44] [TRAIN] stage=pretrain epoch=1/1 batch=2860/3000 step=2860 repair=0.002589 localization=0.2904 type=1.504 minimal=0.0181 physics=0.1224 total=0.3263
[TRAIN train_climax_static_learned_weights_s44] [TRAIN] stage=pretrain epoch=1/1 batch=2870/3000 step=2870 repair=0.002197 localization=0.3565 type=2.147 minimal=0.01642 physics=0.1313 total=0.3973
[TRAIN train_climax_static_learned_weights_s44] [TRAIN] stage=pretrain epoch=1/1 batch=2880/3000 step=2880 repair=0.0026 localization=0.2831 type=1.705 minimal=0.01752 physics=0.1171 total=0.3454
[TRAIN train_climax_static_learned_weights_s44] [TRAIN] stage=pretrain epoch=1/1 batch=2890/3000 step=2890 repair=0.001779 localization=0.2194 type=1.359 minimal=0.01474 physics=0.1022 total=0.3029
[TRAIN train_climax_static_learned_weights_s44] [TRAIN] stage=pretrain epoch=1/1 batch=2900/3000 step=2900 repair=0.004408 localization=0.0196 type=0.0001989 minimal=0.03513 physics=0.267 total=0.1576
[TRAIN train_climax_static_learned_weights_s44] [TRAIN] stage=pretrain epoch=1/1 batch=2910/3000 step=2910 repair=0.002942 localization=0.2577 type=1.014 minimal=0.0162 physics=0.3732 total=0.149
[TRAIN train_climax_static_learned_weights_s44] [TRAIN] stage=pretrain epoch=1/1 batch=2920/3000 step=2920 repair=0.005881 localization=0.3121 type=1.814 minimal=0.01714 physics=0.2356 total=0.3712
[TRAIN train_climax_static_learned_weights_s44] [TRAIN] stage=pretrain epoch=1/1 batch=2930/3000 step=2930 repair=0.004584 localization=0.1877 type=1.773 minimal=0.01591 physics=1.055 total=0.2536
[TRAIN train_climax_static_learned_weights_s44] [TRAIN] stage=pretrain epoch=1/1 batch=2940/3000 step=2940 repair=0.004933 localization=0.3916 type=0.9219 minimal=0.01558 physics=0.1477 total=0.2821
[TRAIN train_climax_static_learned_weights_s44] [TRAIN] stage=pretrain epoch=1/1 batch=2950/3000 step=2950 repair=0.003362 localization=0.2745 type=1.288 minimal=0.01665 physics=0.223 total=0.3116
[TRAIN train_climax_static_learned_weights_s44] [TRAIN] stage=pretrain epoch=1/1 batch=2960/3000 step=2960 repair=0.003442 localization=0.02508 type=0.0007739 minimal=0.02597 physics=0.2532 total=0.1565
[TRAIN train_climax_static_learned_weights_s44] [TRAIN] stage=pretrain epoch=1/1 batch=2970/3000 step=2970 repair=0.002689 localization=0.2812 type=1.957 minimal=0.01714 physics=0.1858 total=0.3742
[TRAIN train_climax_static_learned_weights_s44] [TRAIN] stage=pretrain epoch=1/1 batch=2980/3000 step=2980 repair=0.00205 localization=0.02279 type=0.001284 minimal=0.02271 physics=0.1344 total=0.1488
[TRAIN train_climax_static_learned_weights_s44] [TRAIN] stage=pretrain epoch=1/1 batch=2990/3000 step=2990 repair=0.003741 localization=0.3463 type=1.274 minimal=0.01562 physics=0.115 total=0.3098
[TRAIN train_climax_static_learned_weights_s44] [TRAIN] stage=pretrain epoch=1/1 batch=3000/3000 step=3000 repair=0.04223 localization=0.5116 type=1.737 minimal=0.01639 physics=2.276 total=0.381
[TRAIN train_climax_static_learned_weights_s44] [EPOCH] {'stage': 'pretrain', 'epoch': 0, 'global_step': 3000, 'train_total': 0.32001790377249323, 'val_repair_mse': 0.13013041974045336, 'elapsed_seconds': 1709.2}
[TRAIN train_climax_static_learned_weights_s44] [BEST] val_repair_mse=0.13013
[TRAIN train_climax_static_learned_weights_s44] [STAGE] finetune epochs=1 start_epoch=0
[TRAIN train_climax_static_learned_weights_s44] [TRAIN] stage=finetune epoch=1/1 batch=10/3000 step=3010 repair=0.1274 localization=0 type=0 minimal=0.03659 physics=0.5838 total=0.157
[TRAIN train_climax_static_learned_weights_s44] [TRAIN] stage=finetune epoch=1/1 batch=20/3000 step=3020 repair=0.1193 localization=0 type=0 minimal=0.03659 physics=0.6014 total=0.1497
[TRAIN train_climax_static_learned_weights_s44] [TRAIN] stage=finetune epoch=1/1 batch=30/3000 step=3030 repair=0.09537 localization=0 type=0 minimal=0.03726 physics=0.5924 total=0.1254
[TRAIN train_climax_static_learned_weights_s44] [TRAIN] stage=finetune epoch=1/1 batch=40/3000 step=3040 repair=0.1521 localization=0 type=0 minimal=0.04178 physics=0.7575 total=0.1903
[TRAIN train_climax_static_learned_weights_s44] [TRAIN] stage=finetune epoch=1/1 batch=50/3000 step=3050 repair=0.164 localization=0 type=0 minimal=0.04031 physics=0.6068 total=0.1947
[TRAIN train_climax_static_learned_weights_s44] [TRAIN] stage=finetune epoch=1/1 batch=60/3000 step=3060 repair=0.1014 localization=0 type=0 minimal=0.03415 physics=0.5544 total=0.1294
[TRAIN train_climax_static_learned_weights_s44] [TRAIN] stage=finetune epoch=1/1 batch=70/3000 step=3070 repair=0.09397 localization=0 type=0 minimal=0.04062 physics=0.5279 total=0.1208
[TRAIN train_climax_static_learned_weights_s44] [TRAIN] stage=finetune epoch=1/1 batch=80/3000 step=3080 repair=0.1254 localization=0 type=0 minimal=0.03809 physics=0.5196 total=0.1518
[TRAIN train_climax_static_learned_weights_s44] [TRAIN] stage=finetune epoch=1/1 batch=90/3000 step=3090 repair=0.1347 localization=0 type=0 minimal=0.04364 physics=0.872 total=0.1787
[TRAIN train_climax_static_learned_weights_s44] [TRAIN] stage=finetune epoch=1/1 batch=100/3000 step=3100 repair=0.1016 localization=0 type=0 minimal=0.03534 physics=0.5679 total=0.1304
[TRAIN train_climax_static_learned_weights_s44] [TRAIN] stage=finetune epoch=1/1 batch=110/3000 step=3110 repair=0.1293 localization=0 type=0 minimal=0.03586 physics=0.8464 total=0.172
[TRAIN train_climax_static_learned_weights_s44] [TRAIN] stage=finetune epoch=1/1 batch=120/3000 step=3120 repair=0.1653 localization=0 type=0 minimal=0.04019 physics=0.7356 total=0.2024
[TRAIN train_climax_static_learned_weights_s44] [TRAIN] stage=finetune epoch=1/1 batch=130/3000 step=3130 repair=0.09774 localization=0 type=0 minimal=0.03925 physics=0.5957 total=0.1279
[TRAIN train_climax_static_learned_weights_s44] [TRAIN] stage=finetune epoch=1/1 batch=140/3000 step=3140 repair=0.1227 localization=0 type=0 minimal=0.03833 physics=0.5255 total=0.1494
[TRAIN train_climax_static_learned_weights_s44] [TRAIN] stage=finetune epoch=1/1 batch=150/3000 step=3150 repair=0.09186 localization=0 type=0 minimal=0.04404 physics=0.5848 total=0.1215
[TRAIN train_climax_static_learned_weights_s44] [TRAIN] stage=finetune epoch=1/1 batch=160/3000 step=3160 repair=0.08728 localization=0 type=0 minimal=0.03986 physics=0.5513 total=0.1152
[TRAIN train_climax_static_learned_weights_s44] [TRAIN] stage=finetune epoch=1/1 batch=170/3000 step=3170 repair=0.1624 localization=0 type=0 minimal=0.03922 physics=0.5761 total=0.1916
[TRAIN train_climax_static_learned_weights_s44] [TRAIN] stage=finetune epoch=1/1 batch=180/3000 step=3180 repair=0.1311 localization=0 type=0 minimal=0.04401 physics=0.5576 total=0.1595
[TRAIN train_climax_static_learned_weights_s44] [TRAIN] stage=finetune epoch=1/1 batch=190/3000 step=3190 repair=0.08914 localization=0 type=0 minimal=0.03928 physics=0.5338 total=0.1162
[TRAIN train_climax_static_learned_weights_s44] [TRAIN] stage=finetune epoch=1/1 batch=200/3000 step=3200 repair=0.1302 localization=0 type=0 minimal=0.04117 physics=0.7671 total=0.169
[TRAIN train_climax_static_learned_weights_s44] [TRAIN] stage=finetune epoch=1/1 batch=210/3000 step=3210 repair=0.1496 localization=0 type=0 minimal=0.04175 physics=0.6456 total=0.1823
[TRAIN train_climax_static_learned_weights_s44] [TRAIN] stage=finetune epoch=1/1 batch=220/3000 step=3220 repair=0.1203 localization=0 type=0 minimal=0.04108 physics=0.6349 total=0.1525
[TRAIN train_climax_static_learned_weights_s44] [TRAIN] stage=finetune epoch=1/1 batch=230/3000 step=3230 repair=0.132 localization=0 type=0 minimal=0.04538 physics=0.5772 total=0.1613
[TRAIN train_climax_static_learned_weights_s44] [TRAIN] stage=finetune epoch=1/1 batch=240/3000 step=3240 repair=0.08753 localization=0 type=0 minimal=0.04175 physics=0.5804 total=0.117
[TRAIN train_climax_static_learned_weights_s44] [TRAIN] stage=finetune epoch=1/1 batch=250/3000 step=3250 repair=0.09435 localization=0 type=0 minimal=0.04053 physics=0.5686 total=0.1232
[TRAIN train_climax_static_learned_weights_s44] [TRAIN] stage=finetune epoch=1/1 batch=260/3000 step=3260 repair=0.07995 localization=0 type=0 minimal=0.04385 physics=0.6604 total=0.1134
[TRAIN train_climax_static_learned_weights_s44] [TRAIN] stage=finetune epoch=1/1 batch=270/3000 step=3270 repair=0.08822 localization=0 type=0 minimal=0.04279 physics=0.5081 total=0.1141
[TRAIN train_climax_static_learned_weights_s44] [TRAIN] stage=finetune epoch=1/1 batch=280/3000 step=3280 repair=0.1377 localization=0 type=0 minimal=0.04663 physics=0.6861 total=0.1725
[TRAIN train_climax_static_learned_weights_s44] [TRAIN] stage=finetune epoch=1/1 batch=290/3000 step=3290 repair=0.09095 localization=0 type=0 minimal=0.04471 physics=0.5486 total=0.1188
[TRAIN train_climax_static_learned_weights_s44] [TRAIN] stage=finetune epoch=1/1 batch=300/3000 step=3300 repair=0.1176 localization=0 type=0 minimal=0.04852 physics=0.5893 total=0.1476
[TRAIN train_climax_static_learned_weights_s44] [TRAIN] stage=finetune epoch=1/1 batch=310/3000 step=3310 repair=0.1142 localization=0 type=0 minimal=0.04575 physics=0.5081 total=0.14
[TRAIN train_climax_static_learned_weights_s44] [TRAIN] stage=finetune epoch=1/1 batch=320/3000 step=3320 repair=0.08903 localization=0 type=0 minimal=0.04459 physics=0.5231 total=0.1156
[TRAIN train_climax_static_learned_weights_s44] [TRAIN] stage=finetune epoch=1/1 batch=330/3000 step=3330 repair=0.1482 localization=0 type=0 minimal=0.0462 physics=0.6339 total=0.1803
[TRAIN train_climax_static_learned_weights_s44] [TRAIN] stage=finetune epoch=1/1 batch=340/3000 step=3340 repair=0.08635 localization=0 type=0 minimal=0.04318 physics=0.5255 total=0.1131
[TRAIN train_climax_static_learned_weights_s44] [TRAIN] stage=finetune epoch=1/1 batch=350/3000 step=3350 repair=0.09242 localization=0 type=0 minimal=0.04929 physics=0.5763 total=0.1217
[TRAIN train_climax_static_learned_weights_s44] [TRAIN] stage=finetune epoch=1/1 batch=360/3000 step=3360 repair=0.08475 localization=0 type=0 minimal=0.03992 physics=0.5111 total=0.1107
[TRAIN train_climax_static_learned_weights_s44] [TRAIN] stage=finetune epoch=1/1 batch=370/3000 step=3370 repair=0.1191 localization=0 type=0 minimal=0.04318 physics=0.6256 total=0.1508
[TRAIN train_climax_static_learned_weights_s44] [TRAIN] stage=finetune epoch=1/1 batch=380/3000 step=3380 repair=0.08446 localization=0 type=0 minimal=0.04367 physics=0.5334 total=0.1116
[TRAIN train_climax_static_learned_weights_s44] [TRAIN] stage=finetune epoch=1/1 batch=390/3000 step=3390 repair=0.1222 localization=0 type=0 minimal=0.04477 physics=0.5374 total=0.1495
[TRAIN train_climax_static_learned_weights_s44] [TRAIN] stage=finetune epoch=1/1 batch=400/3000 step=3400 repair=0.125 localization=0 type=0 minimal=0.04395 physics=0.5981 total=0.1553
[TRAIN train_climax_static_learned_weights_s44] [TRAIN] stage=finetune epoch=1/1 batch=410/3000 step=3410 repair=0.07804 localization=0 type=0 minimal=0.03973 physics=0.5527 total=0.1061
[TRAIN train_climax_static_learned_weights_s44] [TRAIN] stage=finetune epoch=1/1 batch=420/3000 step=3420 repair=0.07569 localization=0 type=0 minimal=0.04242 physics=0.5066 total=0.1014
[TRAIN train_climax_static_learned_weights_s44] [TRAIN] stage=finetune epoch=1/1 batch=430/3000 step=3430 repair=0.08133 localization=0 type=0 minimal=0.0473 physics=0.5122 total=0.1074
[TRAIN train_climax_static_learned_weights_s44] [TRAIN] stage=finetune epoch=1/1 batch=440/3000 step=3440 repair=0.1186 localization=0 type=0 minimal=0.048 physics=0.5859 total=0.1483
[TRAIN train_climax_static_learned_weights_s44] [TRAIN] stage=finetune epoch=1/1 batch=450/3000 step=3450 repair=0.08181 localization=0 type=0 minimal=0.0463 physics=0.5253 total=0.1085
[TRAIN train_climax_static_learned_weights_s44] [TRAIN] stage=finetune epoch=1/1 batch=460/3000 step=3460 repair=0.06689 localization=0 type=0 minimal=0.04404 physics=0.5356 total=0.09411
[TRAIN train_climax_static_learned_weights_s44] [TRAIN] stage=finetune epoch=1/1 batch=470/3000 step=3470 repair=0.122 localization=0 type=0 minimal=0.04681 physics=0.5028 total=0.1476
[TRAIN train_climax_static_learned_weights_s44] [TRAIN] stage=finetune epoch=1/1 batch=480/3000 step=3480 repair=0.1637 localization=0 type=0 minimal=0.04724 physics=0.6261 total=0.1955
[TRAIN train_climax_static_learned_weights_s44] [TRAIN] stage=finetune epoch=1/1 batch=490/3000 step=3490 repair=0.09416 localization=0 type=0 minimal=0.04373 physics=0.6599 total=0.1276
[TRAIN train_climax_static_learned_weights_s44] [TRAIN] stage=finetune epoch=1/1 batch=500/3000 step=3500 repair=0.174 localization=0 type=0 minimal=0.04773 physics=0.6636 total=0.2076
[TRAIN train_climax_static_learned_weights_s44] [TRAIN] stage=finetune epoch=1/1 batch=510/3000 step=3510 repair=0.1232 localization=0 type=0 minimal=0.04312 physics=0.5999 total=0.1536
[TRAIN train_climax_static_learned_weights_s44] [TRAIN] stage=finetune epoch=1/1 batch=520/3000 step=3520 repair=0.1195 localization=0 type=0 minimal=0.04782 physics=0.603 total=0.1502
[TRAIN train_climax_static_learned_weights_s44] [TRAIN] stage=finetune epoch=1/1 batch=530/3000 step=3530 repair=0.1263 localization=0 type=0 minimal=0.04953 physics=0.6355 total=0.1585
[TRAIN train_climax_static_learned_weights_s44] [TRAIN] stage=finetune epoch=1/1 batch=540/3000 step=3540 repair=0.1222 localization=0 type=0 minimal=0.0455 physics=0.6676 total=0.1561
[TRAIN train_climax_static_learned_weights_s44] [TRAIN] stage=finetune epoch=1/1 batch=550/3000 step=3550 repair=0.08075 localization=0 type=0 minimal=0.04291 physics=0.5351 total=0.1079
[TRAIN train_climax_static_learned_weights_s44] [TRAIN] stage=finetune epoch=1/1 batch=560/3000 step=3560 repair=0.1249 localization=0 type=0 minimal=0.04599 physics=0.5952 total=0.1551
[TRAIN train_climax_static_learned_weights_s44] [TRAIN] stage=finetune epoch=1/1 batch=570/3000 step=3570 repair=0.1238 localization=0 type=0 minimal=0.0405 physics=0.575 total=0.153
[TRAIN train_climax_static_learned_weights_s44] [TRAIN] stage=finetune epoch=1/1 batch=580/3000 step=3580 repair=0.07775 localization=0 type=0 minimal=0.04657 physics=0.5981 total=0.1081
[TRAIN train_climax_static_learned_weights_s44] [TRAIN] stage=finetune epoch=1/1 batch=590/3000 step=3590 repair=0.127 localization=0 type=0 minimal=0.0451 physics=0.5287 total=0.1539
[TRAIN train_climax_static_learned_weights_s44] [TRAIN] stage=finetune epoch=1/1 batch=600/3000 step=3600 repair=0.06731 localization=0 type=0 minimal=0.04819 physics=0.5153 total=0.09356
[TRAIN train_climax_static_learned_weights_s44] [TRAIN] stage=finetune epoch=1/1 batch=610/3000 step=3610 repair=0.1173 localization=0 type=0 minimal=0.04349 physics=0.6189 total=0.1487
[TRAIN train_climax_static_learned_weights_s44] [TRAIN] stage=finetune epoch=1/1 batch=620/3000 step=3620 repair=0.07621 localization=0 type=0 minimal=0.04694 physics=0.4659 total=0.09998
[TRAIN train_climax_static_learned_weights_s44] [TRAIN] stage=finetune epoch=1/1 batch=630/3000 step=3630 repair=0.08555 localization=0 type=0 minimal=0.04929 physics=0.493 total=0.1107
[TRAIN train_climax_static_learned_weights_s44] [TRAIN] stage=finetune epoch=1/1 batch=640/3000 step=3640 repair=0.08636 localization=0 type=0 minimal=0.04797 physics=0.6502 total=0.1194
[TRAIN train_climax_static_learned_weights_s44] [TRAIN] stage=finetune epoch=1/1 batch=650/3000 step=3650 repair=0.1298 localization=0 type=0 minimal=0.04581 physics=0.6311 total=0.1618
[TRAIN train_climax_static_learned_weights_s44] [TRAIN] stage=finetune epoch=1/1 batch=660/3000 step=3660 repair=0.1155 localization=0 type=0 minimal=0.04791 physics=0.5302 total=0.1425
[TRAIN train_climax_static_learned_weights_s44] [TRAIN] stage=finetune epoch=1/1 batch=670/3000 step=3670 repair=0.07847 localization=0 type=0 minimal=0.04816 physics=0.5328 total=0.1056
[TRAIN train_climax_static_learned_weights_s44] [TRAIN] stage=finetune epoch=1/1 batch=680/3000 step=3680 repair=0.1019 localization=0 type=0 minimal=0.05185 physics=0.4984 total=0.1274
[TRAIN train_climax_static_learned_weights_s44] [TRAIN] stage=finetune epoch=1/1 batch=690/3000 step=3690 repair=0.1248 localization=0 type=0 minimal=0.04886 physics=0.6157 total=0.1561
[TRAIN train_climax_static_learned_weights_s44] [TRAIN] stage=finetune epoch=1/1 batch=700/3000 step=3700 repair=0.08247 localization=0 type=0 minimal=0.04678 physics=0.6401 total=0.1149
[TRAIN train_climax_static_learned_weights_s44] [TRAIN] stage=finetune epoch=1/1 batch=710/3000 step=3710 repair=0.1193 localization=0 type=0 minimal=0.04834 physics=0.6593 total=0.1528
[TRAIN train_climax_static_learned_weights_s44] [TRAIN] stage=finetune epoch=1/1 batch=720/3000 step=3720 repair=0.1188 localization=0 type=0 minimal=0.05176 physics=0.5228 total=0.1454
[TRAIN train_climax_static_learned_weights_s44] [TRAIN] stage=finetune epoch=1/1 batch=730/3000 step=3730 repair=0.07914 localization=0 type=0 minimal=0.04849 physics=0.5347 total=0.1064
[TRAIN train_climax_static_learned_weights_s44] [TRAIN] stage=finetune epoch=1/1 batch=740/3000 step=3740 repair=0.1336 localization=0 type=0 minimal=0.04724 physics=0.6363 total=0.1659
[TRAIN train_climax_static_learned_weights_s44] [TRAIN] stage=finetune epoch=1/1 batch=750/3000 step=3750 repair=0.07886 localization=0 type=0 minimal=0.05206 physics=0.5161 total=0.1052
[TRAIN train_climax_static_learned_weights_s44] [TRAIN] stage=finetune epoch=1/1 batch=760/3000 step=3760 repair=0.07691 localization=0 type=0 minimal=0.04544 physics=0.6968 total=0.1122
[TRAIN train_climax_static_learned_weights_s44] [TRAIN] stage=finetune epoch=1/1 batch=770/3000 step=3770 repair=0.09138 localization=0 type=0 minimal=0.04599 physics=0.6871 total=0.1262
[TRAIN train_climax_static_learned_weights_s44] [TRAIN] stage=finetune epoch=1/1 batch=780/3000 step=3780 repair=0.07423 localization=0 type=0 minimal=0.04688 physics=0.4902 total=0.0992
[TRAIN train_climax_static_learned_weights_s44] [TRAIN] stage=finetune epoch=1/1 batch=790/3000 step=3790 repair=0.1105 localization=0 type=0 minimal=0.05328 physics=0.4845 total=0.1352
[TRAIN train_climax_static_learned_weights_s44] [TRAIN] stage=finetune epoch=1/1 batch=800/3000 step=3800 repair=0.1506 localization=0 type=0 minimal=0.05057 physics=0.5106 total=0.1766
[TRAIN train_climax_static_learned_weights_s44] [TRAIN] stage=finetune epoch=1/1 batch=810/3000 step=3810 repair=0.07864 localization=0 type=0 minimal=0.04929 physics=0.5018 total=0.1042
[TRAIN train_climax_static_learned_weights_s44] [TRAIN] stage=finetune epoch=1/1 batch=820/3000 step=3820 repair=0.0885 localization=0 type=0 minimal=0.05063 physics=0.5056 total=0.1143
[TRAIN train_climax_static_learned_weights_s44] [TRAIN] stage=finetune epoch=1/1 batch=830/3000 step=3830 repair=0.09563 localization=0 type=0 minimal=0.05325 physics=0.51 total=0.1217
[TRAIN train_climax_static_learned_weights_s44] [TRAIN] stage=finetune epoch=1/1 batch=840/3000 step=3840 repair=0.1215 localization=0 type=0 minimal=0.05359 physics=0.5141 total=0.1477
[TRAIN train_climax_static_learned_weights_s44] [TRAIN] stage=finetune epoch=1/1 batch=850/3000 step=3850 repair=0.1326 localization=0 type=0 minimal=0.0498 physics=0.5407 total=0.1602
[TRAIN train_climax_static_learned_weights_s44] [TRAIN] stage=finetune epoch=1/1 batch=860/3000 step=3860 repair=0.0828 localization=0 type=0 minimal=0.05121 physics=0.5507 total=0.1108
[TRAIN train_climax_static_learned_weights_s44] [TRAIN] stage=finetune epoch=1/1 batch=870/3000 step=3870 repair=0.08805 localization=0 type=0 minimal=0.0527 physics=0.5384 total=0.1155
[TRAIN train_climax_static_learned_weights_s44] [TRAIN] stage=finetune epoch=1/1 batch=880/3000 step=3880 repair=0.1158 localization=0 type=0 minimal=0.05173 physics=0.5799 total=0.1453
[TRAIN train_climax_static_learned_weights_s44] [TRAIN] stage=finetune epoch=1/1 batch=890/3000 step=3890 repair=0.07844 localization=0 type=0 minimal=0.05179 physics=0.5958 total=0.1087
[TRAIN train_climax_static_learned_weights_s44] [TRAIN] stage=finetune epoch=1/1 batch=900/3000 step=3900 repair=0.08216 localization=0 type=0 minimal=0.05075 physics=0.5118 total=0.1083
[TRAIN train_climax_static_learned_weights_s44] [TRAIN] stage=finetune epoch=1/1 batch=910/3000 step=3910 repair=0.08081 localization=0 type=0 minimal=0.05377 physics=0.6043 total=0.1116
[TRAIN train_climax_static_learned_weights_s44] [TRAIN] stage=finetune epoch=1/1 batch=920/3000 step=3920 repair=0.1155 localization=0 type=0 minimal=0.05304 physics=0.5077 total=0.1415
[TRAIN train_climax_static_learned_weights_s44] [TRAIN] stage=finetune epoch=1/1 batch=930/3000 step=3930 repair=0.07228 localization=0 type=0 minimal=0.05063 physics=0.5439 total=0.09998
[TRAIN train_climax_static_learned_weights_s44] [TRAIN] stage=finetune epoch=1/1 batch=940/3000 step=3940 repair=0.07095 localization=0 type=0 minimal=0.05042 physics=0.5043 total=0.09667
[TRAIN train_climax_static_learned_weights_s44] [TRAIN] stage=finetune epoch=1/1 batch=950/3000 step=3950 repair=0.09522 localization=0 type=0 minimal=0.05298 physics=0.559 total=0.1237
[TRAIN train_climax_static_learned_weights_s44] [TRAIN] stage=finetune epoch=1/1 batch=960/3000 step=3960 repair=0.0868 localization=0 type=0 minimal=0.05197 physics=0.4871 total=0.1117
[TRAIN train_climax_static_learned_weights_s44] [TRAIN] stage=finetune epoch=1/1 batch=970/3000 step=3970 repair=0.1632 localization=0 type=0 minimal=0.0517 physics=0.5784 total=0.1926
[TRAIN train_climax_static_learned_weights_s44] [TRAIN] stage=finetune epoch=1/1 batch=980/3000 step=3980 repair=0.08532 localization=0 type=0 minimal=0.04968 physics=0.6431 total=0.118
[TRAIN train_climax_static_learned_weights_s44] [TRAIN] stage=finetune epoch=1/1 batch=990/3000 step=3990 repair=0.08269 localization=0 type=0 minimal=0.05255 physics=0.5371 total=0.1101
[TRAIN train_climax_static_learned_weights_s44] [TRAIN] stage=finetune epoch=1/1 batch=1000/3000 step=4000 repair=0.1222 localization=0 type=0 minimal=0.05612 physics=0.5509 total=0.1503
[TRAIN train_climax_static_learned_weights_s44] [TRAIN] stage=finetune epoch=1/1 batch=1010/3000 step=4010 repair=0.07119 localization=0 type=0 minimal=0.05536 physics=0.4873 total=0.09611
[TRAIN train_climax_static_learned_weights_s44] [TRAIN] stage=finetune epoch=1/1 batch=1020/3000 step=4020 repair=0.1265 localization=0 type=0 minimal=0.05298 physics=0.601 total=0.1571
[TRAIN train_climax_static_learned_weights_s44] [TRAIN] stage=finetune epoch=1/1 batch=1030/3000 step=4030 repair=0.121 localization=0 type=0 minimal=0.05075 physics=0.5408 total=0.1486
[TRAIN train_climax_static_learned_weights_s44] [TRAIN] stage=finetune epoch=1/1 batch=1040/3000 step=4040 repair=0.1189 localization=0 type=0 minimal=0.05438 physics=0.6323 total=0.151
[TRAIN train_climax_static_learned_weights_s44] [TRAIN] stage=finetune epoch=1/1 batch=1050/3000 step=4050 repair=0.1166 localization=0 type=0 minimal=0.05438 physics=0.5516 total=0.1448
[TRAIN train_climax_static_learned_weights_s44] [TRAIN] stage=finetune epoch=1/1 batch=1060/3000 step=4060 repair=0.1061 localization=0 type=0 minimal=0.04846 physics=0.495 total=0.1313
[TRAIN train_climax_static_learned_weights_s44] [TRAIN] stage=finetune epoch=1/1 batch=1070/3000 step=4070 repair=0.1177 localization=0 type=0 minimal=0.05466 physics=0.5732 total=0.1469
[TRAIN train_climax_static_learned_weights_s44] [TRAIN] stage=finetune epoch=1/1 batch=1080/3000 step=4080 repair=0.07607 localization=0 type=0 minimal=0.05072 physics=0.5066 total=0.1019
[TRAIN train_climax_static_learned_weights_s44] [TRAIN] stage=finetune epoch=1/1 batch=1090/3000 step=4090 repair=0.07284 localization=0 type=0 minimal=0.05774 physics=0.5967 total=0.1033
[TRAIN train_climax_static_learned_weights_s44] [TRAIN] stage=finetune epoch=1/1 batch=1100/3000 step=4100 repair=0.1111 localization=0 type=0 minimal=0.04825 physics=0.592 total=0.1412
[TRAIN train_climax_static_learned_weights_s44] [TRAIN] stage=finetune epoch=1/1 batch=1110/3000 step=4110 repair=0.1589 localization=0 type=0 minimal=0.05219 physics=0.5301 total=0.186
[TRAIN train_climax_static_learned_weights_s44] [TRAIN] stage=finetune epoch=1/1 batch=1120/3000 step=4120 repair=0.1186 localization=0 type=0 minimal=0.0528 physics=0.5254 total=0.1454
[TRAIN train_climax_static_learned_weights_s44] [TRAIN] stage=finetune epoch=1/1 batch=1130/3000 step=4130 repair=0.07731 localization=0 type=0 minimal=0.05273 physics=0.6658 total=0.1111
[TRAIN train_climax_static_learned_weights_s44] [TRAIN] stage=finetune epoch=1/1 batch=1140/3000 step=4140 repair=0.136 localization=0 type=0 minimal=0.04959 physics=0.5381 total=0.1634
[TRAIN train_climax_static_learned_weights_s44] [TRAIN] stage=finetune epoch=1/1 batch=1150/3000 step=4150 repair=0.1255 localization=0 type=0 minimal=0.05643 physics=0.5044 total=0.1513
[TRAIN train_climax_static_learned_weights_s44] [TRAIN] stage=finetune epoch=1/1 batch=1160/3000 step=4160 repair=0.118 localization=0 type=0 minimal=0.05795 physics=0.5371 total=0.1455
[TRAIN train_climax_static_learned_weights_s44] [TRAIN] stage=finetune epoch=1/1 batch=1170/3000 step=4170 repair=0.161 localization=0 type=0 minimal=0.05838 physics=0.5125 total=0.1872
[TRAIN train_climax_static_learned_weights_s44] [TRAIN] stage=finetune epoch=1/1 batch=1180/3000 step=4180 repair=0.1119 localization=0 type=0 minimal=0.04889 physics=0.5823 total=0.1415
[TRAIN train_climax_static_learned_weights_s44] [TRAIN] stage=finetune epoch=1/1 batch=1190/3000 step=4190 repair=0.1155 localization=0 type=0 minimal=0.05313 physics=0.4757 total=0.1399
[TRAIN train_climax_static_learned_weights_s44] [TRAIN] stage=finetune epoch=1/1 batch=1200/3000 step=4200 repair=0.08154 localization=0 type=0 minimal=0.05713 physics=0.5149 total=0.1079
[TRAIN train_climax_static_learned_weights_s44] [TRAIN] stage=finetune epoch=1/1 batch=1210/3000 step=4210 repair=0.1256 localization=0 type=0 minimal=0.05591 physics=0.4913 total=0.1507
[TRAIN train_climax_static_learned_weights_s44] [TRAIN] stage=finetune epoch=1/1 batch=1220/3000 step=4220 repair=0.1541 localization=0 type=0 minimal=0.05118 physics=0.5818 total=0.1837
[TRAIN train_climax_static_learned_weights_s44] [TRAIN] stage=finetune epoch=1/1 batch=1230/3000 step=4230 repair=0.07767 localization=0 type=0 minimal=0.05405 physics=0.4963 total=0.103
[TRAIN train_climax_static_learned_weights_s44] [TRAIN] stage=finetune epoch=1/1 batch=1240/3000 step=4240 repair=0.09026 localization=0 type=0 minimal=0.05841 physics=0.5415 total=0.1179
[TRAIN train_climax_static_learned_weights_s44] [TRAIN] stage=finetune epoch=1/1 batch=1250/3000 step=4250 repair=0.1197 localization=0 type=0 minimal=0.05832 physics=0.4793 total=0.1442
[TRAIN train_climax_static_learned_weights_s44] [TRAIN] stage=finetune epoch=1/1 batch=1260/3000 step=4260 repair=0.0793 localization=0 type=0 minimal=0.05273 physics=0.4834 total=0.104
[TRAIN train_climax_static_learned_weights_s44] [TRAIN] stage=finetune epoch=1/1 batch=1270/3000 step=4270 repair=0.1254 localization=0 type=0 minimal=0.0549 physics=0.5305 total=0.1525
[TRAIN train_climax_static_learned_weights_s44] [TRAIN] stage=finetune epoch=1/1 batch=1280/3000 step=4280 repair=0.07815 localization=0 type=0 minimal=0.05722 physics=0.803 total=0.1189
[TRAIN train_climax_static_learned_weights_s44] [TRAIN] stage=finetune epoch=1/1 batch=1290/3000 step=4290 repair=0.1263 localization=0 type=0 minimal=0.05518 physics=0.605 total=0.1571
[TRAIN train_climax_static_learned_weights_s44] [TRAIN] stage=finetune epoch=1/1 batch=1300/3000 step=4300 repair=0.06937 localization=0 type=0 minimal=0.05609 physics=0.4982 total=0.09484
[TRAIN train_climax_static_learned_weights_s44] [TRAIN] stage=finetune epoch=1/1 batch=1310/3000 step=4310 repair=0.152 localization=0 type=0 minimal=0.05252 physics=0.5254 total=0.1788
[TRAIN train_climax_static_learned_weights_s44] [TRAIN] stage=finetune epoch=1/1 batch=1320/3000 step=4320 repair=0.07072 localization=0 type=0 minimal=0.05875 physics=0.5713 total=0.09988
[TRAIN train_climax_static_learned_weights_s44] [TRAIN] stage=finetune epoch=1/1 batch=1330/3000 step=4330 repair=0.08732 localization=0 type=0 minimal=0.05243 physics=0.5078 total=0.1132
[TRAIN train_climax_static_learned_weights_s44] [TRAIN] stage=finetune epoch=1/1 batch=1340/3000 step=4340 repair=0.07864 localization=0 type=0 minimal=0.05026 physics=0.4638 total=0.1023
[TRAIN train_climax_static_learned_weights_s44] [TRAIN] stage=finetune epoch=1/1 batch=1350/3000 step=4350 repair=0.08051 localization=0 type=0 minimal=0.05695 physics=0.4897 total=0.1056
[TRAIN train_climax_static_learned_weights_s44] [TRAIN] stage=finetune epoch=1/1 batch=1360/3000 step=4360 repair=0.1124 localization=0 type=0 minimal=0.05975 physics=0.5638 total=0.1412
[TRAIN train_climax_static_learned_weights_s44] [TRAIN] stage=finetune epoch=1/1 batch=1370/3000 step=4370 repair=0.135 localization=0 type=0 minimal=0.05582 physics=0.5347 total=0.1623
[TRAIN train_climax_static_learned_weights_s44] [TRAIN] stage=finetune epoch=1/1 batch=1380/3000 step=4380 repair=0.1155 localization=0 type=0 minimal=0.05908 physics=0.5608 total=0.1441
[TRAIN train_climax_static_learned_weights_s44] [TRAIN] stage=finetune epoch=1/1 batch=1390/3000 step=4390 repair=0.08008 localization=0 type=0 minimal=0.05899 physics=0.5657 total=0.109
[TRAIN train_climax_static_learned_weights_s44] [TRAIN] stage=finetune epoch=1/1 batch=1400/3000 step=4400 repair=0.07818 localization=0 type=0 minimal=0.05719 physics=0.4465 total=0.1011
[TRAIN train_climax_static_learned_weights_s44] [TRAIN] stage=finetune epoch=1/1 batch=1410/3000 step=4410 repair=0.07638 localization=0 type=0 minimal=0.05893 physics=0.6272 total=0.1083
[TRAIN train_climax_static_learned_weights_s44] [TRAIN] stage=finetune epoch=1/1 batch=1420/3000 step=4420 repair=0.07748 localization=0 type=0 minimal=0.05682 physics=0.5342 total=0.1048
[TRAIN train_climax_static_learned_weights_s44] [TRAIN] stage=finetune epoch=1/1 batch=1430/3000 step=4430 repair=0.1236 localization=0 type=0 minimal=0.0578 physics=0.5576 total=0.1521
[TRAIN train_climax_static_learned_weights_s44] [TRAIN] stage=finetune epoch=1/1 batch=1440/3000 step=4440 repair=0.1664 localization=0 type=0 minimal=0.05737 physics=0.6305 total=0.1985
[TRAIN train_climax_static_learned_weights_s44] [TRAIN] stage=finetune epoch=1/1 batch=1450/3000 step=4450 repair=0.09044 localization=0 type=0 minimal=0.0549 physics=0.4904 total=0.1155
[TRAIN train_climax_static_learned_weights_s44] [TRAIN] stage=finetune epoch=1/1 batch=1460/3000 step=4460 repair=0.1107 localization=0 type=0 minimal=0.05569 physics=0.4773 total=0.1352
[TRAIN train_climax_static_learned_weights_s44] [TRAIN] stage=finetune epoch=1/1 batch=1470/3000 step=4470 repair=0.1478 localization=0 type=0 minimal=0.05991 physics=0.5573 total=0.1762
[TRAIN train_climax_static_learned_weights_s44] [TRAIN] stage=finetune epoch=1/1 batch=1480/3000 step=4480 repair=0.09454 localization=0 type=0 minimal=0.05939 physics=0.5679 total=0.1235
[TRAIN train_climax_static_learned_weights_s44] [TRAIN] stage=finetune epoch=1/1 batch=1490/3000 step=4490 repair=0.1229 localization=0 type=0 minimal=0.06216 physics=0.5163 total=0.1493
[TRAIN train_climax_static_learned_weights_s44] [TRAIN] stage=finetune epoch=1/1 batch=1500/3000 step=4500 repair=0.08152 localization=0 type=0 minimal=0.0553 physics=0.4951 total=0.1068
[TRAIN train_climax_static_learned_weights_s44] [TRAIN] stage=finetune epoch=1/1 batch=1510/3000 step=4510 repair=0.08852 localization=0 type=0 minimal=0.05533 physics=0.4796 total=0.1131
[TRAIN train_climax_static_learned_weights_s44] [TRAIN] stage=finetune epoch=1/1 batch=1520/3000 step=4520 repair=0.08061 localization=0 type=0 minimal=0.05841 physics=0.497 total=0.106
[TRAIN train_climax_static_learned_weights_s44] [TRAIN] stage=finetune epoch=1/1 batch=1530/3000 step=4530 repair=0.1147 localization=0 type=0 minimal=0.05618 physics=0.5431 total=0.1424
[TRAIN train_climax_static_learned_weights_s44] [TRAIN] stage=finetune epoch=1/1 batch=1540/3000 step=4540 repair=0.1103 localization=0 type=0 minimal=0.05753 physics=0.5123 total=0.1365
[TRAIN train_climax_static_learned_weights_s44] [TRAIN] stage=finetune epoch=1/1 batch=1550/3000 step=4550 repair=0.1078 localization=0 type=0 minimal=0.06039 physics=0.543 total=0.1356
[TRAIN train_climax_static_learned_weights_s44] [TRAIN] stage=finetune epoch=1/1 batch=1560/3000 step=4560 repair=0.1597 localization=0 type=0 minimal=0.05359 physics=0.6286 total=0.1917
[TRAIN train_climax_static_learned_weights_s44] [TRAIN] stage=finetune epoch=1/1 batch=1570/3000 step=4570 repair=0.08609 localization=0 type=0 minimal=0.06247 physics=0.4769 total=0.1106
[TRAIN train_climax_static_learned_weights_s44] [TRAIN] stage=finetune epoch=1/1 batch=1580/3000 step=4580 repair=0.1226 localization=0 type=0 minimal=0.05783 physics=0.6265 total=0.1545
[TRAIN train_climax_static_learned_weights_s44] [TRAIN] stage=finetune epoch=1/1 batch=1590/3000 step=4590 repair=0.1133 localization=0 type=0 minimal=0.06421 physics=0.4973 total=0.1388
[TRAIN train_climax_static_learned_weights_s44] [TRAIN] stage=finetune epoch=1/1 batch=1600/3000 step=4600 repair=0.1267 localization=0 type=0 minimal=0.0585 physics=0.4621 total=0.1504
[TRAIN train_climax_static_learned_weights_s44] [TRAIN] stage=finetune epoch=1/1 batch=1610/3000 step=4610 repair=0.08612 localization=0 type=0 minimal=0.05734 physics=0.5138 total=0.1124
[TRAIN train_climax_static_learned_weights_s44] [TRAIN] stage=finetune epoch=1/1 batch=1620/3000 step=4620 repair=0.1104 localization=0 type=0 minimal=0.05743 physics=0.5324 total=0.1376
[TRAIN train_climax_static_learned_weights_s44] [TRAIN] stage=finetune epoch=1/1 batch=1630/3000 step=4630 repair=0.07399 localization=0 type=0 minimal=0.05835 physics=0.4611 total=0.09763
[TRAIN train_climax_static_learned_weights_s44] [TRAIN] stage=finetune epoch=1/1 batch=1640/3000 step=4640 repair=0.06755 localization=0 type=0 minimal=0.06113 physics=0.4771 total=0.09202
[TRAIN train_climax_static_learned_weights_s44] [TRAIN] stage=finetune epoch=1/1 batch=1650/3000 step=4650 repair=0.1313 localization=0 type=0 minimal=0.06274 physics=0.4881 total=0.1563
[TRAIN train_climax_static_learned_weights_s44] [TRAIN] stage=finetune epoch=1/1 batch=1660/3000 step=4660 repair=0.08812 localization=0 type=0 minimal=0.0546 physics=0.4593 total=0.1116
[TRAIN train_climax_static_learned_weights_s44] [TRAIN] stage=finetune epoch=1/1 batch=1670/3000 step=4670 repair=0.0677 localization=0 type=0 minimal=0.05746 physics=0.4251 total=0.08953
[TRAIN train_climax_static_learned_weights_s44] [TRAIN] stage=finetune epoch=1/1 batch=1680/3000 step=4680 repair=0.07427 localization=0 type=0 minimal=0.0589 physics=0.4822 total=0.09897
[TRAIN train_climax_static_learned_weights_s44] [TRAIN] stage=finetune epoch=1/1 batch=1690/3000 step=4690 repair=0.09644 localization=0 type=0 minimal=0.0603 physics=0.4973 total=0.1219
[TRAIN train_climax_static_learned_weights_s44] [TRAIN] stage=finetune epoch=1/1 batch=1700/3000 step=4700 repair=0.116 localization=0 type=0 minimal=0.0528 physics=0.4655 total=0.1398
[TRAIN train_climax_static_learned_weights_s44] [TRAIN] stage=finetune epoch=1/1 batch=1710/3000 step=4710 repair=0.1227 localization=0 type=0 minimal=0.05997 physics=0.5926 total=0.1529
[TRAIN train_climax_static_learned_weights_s44] [TRAIN] stage=finetune epoch=1/1 batch=1720/3000 step=4720 repair=0.07248 localization=0 type=0 minimal=0.05969 physics=0.6734 total=0.1067
[TRAIN train_climax_static_learned_weights_s44] [TRAIN] stage=finetune epoch=1/1 batch=1730/3000 step=4730 repair=0.07965 localization=0 type=0 minimal=0.06244 physics=0.5565 total=0.1081
[TRAIN train_climax_static_learned_weights_s44] [TRAIN] stage=finetune epoch=1/1 batch=1740/3000 step=4740 repair=0.07573 localization=0 type=0 minimal=0.05963 physics=0.4459 total=0.09862
[TRAIN train_climax_static_learned_weights_s44] [TRAIN] stage=finetune epoch=1/1 batch=1750/3000 step=4750 repair=0.07818 localization=0 type=0 minimal=0.05841 physics=0.5467 total=0.1061
[TRAIN train_climax_static_learned_weights_s44] [TRAIN] stage=finetune epoch=1/1 batch=1760/3000 step=4760 repair=0.124 localization=0 type=0 minimal=0.06433 physics=0.5646 total=0.1528
[TRAIN train_climax_static_learned_weights_s44] [TRAIN] stage=finetune epoch=1/1 batch=1770/3000 step=4770 repair=0.0753 localization=0 type=0 minimal=0.06726 physics=0.6302 total=0.1075
[TRAIN train_climax_static_learned_weights_s44] [TRAIN] stage=finetune epoch=1/1 batch=1780/3000 step=4780 repair=0.1155 localization=0 type=0 minimal=0.05463 physics=0.4748 total=0.1398
[TRAIN train_climax_static_learned_weights_s44] [TRAIN] stage=finetune epoch=1/1 batch=1790/3000 step=4790 repair=0.08138 localization=0 type=0 minimal=0.05865 physics=0.6369 total=0.1138
[TRAIN train_climax_static_learned_weights_s44] [TRAIN] stage=finetune epoch=1/1 batch=1800/3000 step=4800 repair=0.1162 localization=0 type=0 minimal=0.05939 physics=0.5544 total=0.1445
[TRAIN train_climax_static_learned_weights_s44] [TRAIN] stage=finetune epoch=1/1 batch=1810/3000 step=4810 repair=0.08231 localization=0 type=0 minimal=0.05969 physics=0.4361 total=0.1047
[TRAIN train_climax_static_learned_weights_s44] [TRAIN] stage=finetune epoch=1/1 batch=1820/3000 step=4820 repair=0.07224 localization=0 type=0 minimal=0.05786 physics=0.6308 total=0.1044
[TRAIN train_climax_static_learned_weights_s44] [TRAIN] stage=finetune epoch=1/1 batch=1830/3000 step=4830 repair=0.1216 localization=0 type=0 minimal=0.06216 physics=0.5762 total=0.151
[TRAIN train_climax_static_learned_weights_s44] [TRAIN] stage=finetune epoch=1/1 batch=1840/3000 step=4840 repair=0.1262 localization=0 type=0 minimal=0.05844 physics=0.5881 total=0.1562
[TRAIN train_climax_static_learned_weights_s44] [TRAIN] stage=finetune epoch=1/1 batch=1850/3000 step=4850 repair=0.1522 localization=0 type=0 minimal=0.05695 physics=0.5733 total=0.1814
[TRAIN train_climax_static_learned_weights_s44] [TRAIN] stage=finetune epoch=1/1 batch=1860/3000 step=4860 repair=0.06629 localization=0 type=0 minimal=0.06039 physics=0.5251 total=0.09315
[TRAIN train_climax_static_learned_weights_s44] [TRAIN] stage=finetune epoch=1/1 batch=1870/3000 step=4870 repair=0.07902 localization=0 type=0 minimal=0.05908 physics=0.5098 total=0.1051
[TRAIN train_climax_static_learned_weights_s44] [TRAIN] stage=finetune epoch=1/1 batch=1880/3000 step=4880 repair=0.1659 localization=0 type=0 minimal=0.05225 physics=0.4984 total=0.1914
[TRAIN train_climax_static_learned_weights_s44] [TRAIN] stage=finetune epoch=1/1 batch=1890/3000 step=4890 repair=0.1226 localization=0 type=0 minimal=0.05591 physics=0.5999 total=0.1531
[TRAIN train_climax_static_learned_weights_s44] [TRAIN] stage=finetune epoch=1/1 batch=1900/3000 step=4900 repair=0.122 localization=0 type=0 minimal=0.0567 physics=0.498 total=0.1474
[TRAIN train_climax_static_learned_weights_s44] [TRAIN] stage=finetune epoch=1/1 batch=1910/3000 step=4910 repair=0.08727 localization=0 type=0 minimal=0.0603 physics=0.5247 total=0.1141
[TRAIN train_climax_static_learned_weights_s44] [TRAIN] stage=finetune epoch=1/1 batch=1920/3000 step=4920 repair=0.1084 localization=0 type=0 minimal=0.06223 physics=0.4917 total=0.1336
[TRAIN train_climax_static_learned_weights_s44] [TRAIN] stage=finetune epoch=1/1 batch=1930/3000 step=4930 repair=0.07082 localization=0 type=0 minimal=0.06204 physics=0.4358 total=0.09323
[TRAIN train_climax_static_learned_weights_s44] [TRAIN] stage=finetune epoch=1/1 batch=1940/3000 step=4940 repair=0.1616 localization=0 type=0 minimal=0.06128 physics=0.5725 total=0.1908
[TRAIN train_climax_static_learned_weights_s44] [TRAIN] stage=finetune epoch=1/1 batch=1950/3000 step=4950 repair=0.1662 localization=0 type=0 minimal=0.05582 physics=0.4714 total=0.1903
[TRAIN train_climax_static_learned_weights_s44] [TRAIN] stage=finetune epoch=1/1 batch=1960/3000 step=4960 repair=0.08026 localization=0 type=0 minimal=0.06573 physics=0.5652 total=0.1092
[TRAIN train_climax_static_learned_weights_s44] [TRAIN] stage=finetune epoch=1/1 batch=1970/3000 step=4970 repair=0.1284 localization=0 type=0 minimal=0.05801 physics=0.5031 total=0.1542
[TRAIN train_climax_static_learned_weights_s44] [TRAIN] stage=finetune epoch=1/1 batch=1980/3000 step=4980 repair=0.1525 localization=0 type=0 minimal=0.0614 physics=0.49 total=0.1777
[TRAIN train_climax_static_learned_weights_s44] [TRAIN] stage=finetune epoch=1/1 batch=1990/3000 step=4990 repair=0.07711 localization=0 type=0 minimal=0.06458 physics=0.4541 total=0.1005
[TRAIN train_climax_static_learned_weights_s44] [TRAIN] stage=finetune epoch=1/1 batch=2000/3000 step=5000 repair=0.1682 localization=0 type=0 minimal=0.05896 physics=0.597 total=0.1986
[TRAIN train_climax_static_learned_weights_s44] [TRAIN] stage=finetune epoch=1/1 batch=2010/3000 step=5010 repair=0.06602 localization=0 type=0 minimal=0.06348 physics=0.4232 total=0.08782
[TRAIN train_climax_static_learned_weights_s44] [TRAIN] stage=finetune epoch=1/1 batch=2020/3000 step=5020 repair=0.0805 localization=0 type=0 minimal=0.06305 physics=0.6781 total=0.115
[TRAIN train_climax_static_learned_weights_s44] [TRAIN] stage=finetune epoch=1/1 batch=2030/3000 step=5030 repair=0.1547 localization=0 type=0 minimal=0.05569 physics=0.4678 total=0.1786
[TRAIN train_climax_static_learned_weights_s44] [TRAIN] stage=finetune epoch=1/1 batch=2040/3000 step=5040 repair=0.119 localization=0 type=0 minimal=0.06042 physics=0.4372 total=0.1415
[TRAIN train_climax_static_learned_weights_s44] [TRAIN] stage=finetune epoch=1/1 batch=2050/3000 step=5050 repair=0.183 localization=0 type=0 minimal=0.05811 physics=0.5352 total=0.2104
[TRAIN train_climax_static_learned_weights_s44] [TRAIN] stage=finetune epoch=1/1 batch=2060/3000 step=5060 repair=0.07463 localization=0 type=0 minimal=0.061 physics=0.4548 total=0.09798
[TRAIN train_climax_static_learned_weights_s44] [TRAIN] stage=finetune epoch=1/1 batch=2070/3000 step=5070 repair=0.1153 localization=0 type=0 minimal=0.0578 physics=0.5239 total=0.1421
[TRAIN train_climax_static_learned_weights_s44] [TRAIN] stage=finetune epoch=1/1 batch=2080/3000 step=5080 repair=0.1091 localization=0 type=0 minimal=0.06155 physics=0.4622 total=0.1328
[TRAIN train_climax_static_learned_weights_s44] [TRAIN] stage=finetune epoch=1/1 batch=2090/3000 step=5090 repair=0.1266 localization=0 type=0 minimal=0.05652 physics=0.4632 total=0.1503
[TRAIN train_climax_static_learned_weights_s44] [TRAIN] stage=finetune epoch=1/1 batch=2100/3000 step=5100 repair=0.1175 localization=0 type=0 minimal=0.05875 physics=0.5359 total=0.1449
[TRAIN train_climax_static_learned_weights_s44] [TRAIN] stage=finetune epoch=1/1 batch=2110/3000 step=5110 repair=0.09005 localization=0 type=0 minimal=0.06125 physics=0.6399 total=0.1227
[TRAIN train_climax_static_learned_weights_s44] [TRAIN] stage=finetune epoch=1/1 batch=2120/3000 step=5120 repair=0.09786 localization=0 type=0 minimal=0.0607 physics=0.4265 total=0.1198
[TRAIN train_climax_static_learned_weights_s44] [TRAIN] stage=finetune epoch=1/1 batch=2130/3000 step=5130 repair=0.1191 localization=0 type=0 minimal=0.06421 physics=0.4868 total=0.1441
[TRAIN train_climax_static_learned_weights_s44] [TRAIN] stage=finetune epoch=1/1 batch=2140/3000 step=5140 repair=0.1164 localization=0 type=0 minimal=0.05728 physics=0.566 total=0.1453
[TRAIN train_climax_static_learned_weights_s44] [TRAIN] stage=finetune epoch=1/1 batch=2150/3000 step=5150 repair=0.07894 localization=0 type=0 minimal=0.05783 physics=0.4889 total=0.104
[TRAIN train_climax_static_learned_weights_s44] [TRAIN] stage=finetune epoch=1/1 batch=2160/3000 step=5160 repair=0.1265 localization=0 type=0 minimal=0.0589 physics=0.4778 total=0.151
[TRAIN train_climax_static_learned_weights_s44] [TRAIN] stage=finetune epoch=1/1 batch=2170/3000 step=5170 repair=0.09125 localization=0 type=0 minimal=0.06274 physics=0.4426 total=0.114
[TRAIN train_climax_static_learned_weights_s44] [TRAIN] stage=finetune epoch=1/1 batch=2180/3000 step=5180 repair=0.0683 localization=0 type=0 minimal=0.06366 physics=0.47 total=0.09244
[TRAIN train_climax_static_learned_weights_s44] [TRAIN] stage=finetune epoch=1/1 batch=2190/3000 step=5190 repair=0.1202 localization=0 type=0 minimal=0.05753 physics=0.4683 total=0.1442
[TRAIN train_climax_static_learned_weights_s44] [TRAIN] stage=finetune epoch=1/1 batch=2200/3000 step=5200 repair=0.1263 localization=0 type=0 minimal=0.05856 physics=0.5721 total=0.1555
[TRAIN train_climax_static_learned_weights_s44] [TRAIN] stage=finetune epoch=1/1 batch=2210/3000 step=5210 repair=0.1819 localization=0 type=0 minimal=0.05896 physics=0.5213 total=0.2085
[TRAIN train_climax_static_learned_weights_s44] [TRAIN] stage=finetune epoch=1/1 batch=2220/3000 step=5220 repair=0.1199 localization=0 type=0 minimal=0.06403 physics=0.4632 total=0.1437
[TRAIN train_climax_static_learned_weights_s44] [TRAIN] stage=finetune epoch=1/1 batch=2230/3000 step=5230 repair=0.06967 localization=0 type=0 minimal=0.06317 physics=0.4396 total=0.09228
[TRAIN train_climax_static_learned_weights_s44] [TRAIN] stage=finetune epoch=1/1 batch=2240/3000 step=5240 repair=0.1161 localization=0 type=0 minimal=0.06293 physics=0.5069 total=0.142
[TRAIN train_climax_static_learned_weights_s44] [TRAIN] stage=finetune epoch=1/1 batch=2250/3000 step=5250 repair=0.1721 localization=0 type=0 minimal=0.06235 physics=0.4751 total=0.1965
[TRAIN train_climax_static_learned_weights_s44] [TRAIN] stage=finetune epoch=1/1 batch=2260/3000 step=5260 repair=0.1249 localization=0 type=0 minimal=0.06616 physics=0.508 total=0.151
[TRAIN train_climax_static_learned_weights_s44] [TRAIN] stage=finetune epoch=1/1 batch=2270/3000 step=5270 repair=0.08695 localization=0 type=0 minimal=0.06287 physics=0.5056 total=0.1129
[TRAIN train_climax_static_learned_weights_s44] [TRAIN] stage=finetune epoch=1/1 batch=2280/3000 step=5280 repair=0.1651 localization=0 type=0 minimal=0.0528 physics=0.5113 total=0.1912
[TRAIN train_climax_static_learned_weights_s44] [TRAIN] stage=finetune epoch=1/1 batch=2290/3000 step=5290 repair=0.08927 localization=0 type=0 minimal=0.05679 physics=0.4547 total=0.1126
[TRAIN train_climax_static_learned_weights_s44] [TRAIN] stage=finetune epoch=1/1 batch=2300/3000 step=5300 repair=0.1172 localization=0 type=0 minimal=0.05957 physics=0.5297 total=0.1442
[TRAIN train_climax_static_learned_weights_s44] [TRAIN] stage=finetune epoch=1/1 batch=2310/3000 step=5310 repair=0.1606 localization=0 type=0 minimal=0.06097 physics=0.4745 total=0.185
[TRAIN train_climax_static_learned_weights_s44] [TRAIN] stage=finetune epoch=1/1 batch=2320/3000 step=5320 repair=0.1514 localization=0 type=0 minimal=0.05847 physics=0.5886 total=0.1814
[TRAIN train_climax_static_learned_weights_s44] [TRAIN] stage=finetune epoch=1/1 batch=2330/3000 step=5330 repair=0.125 localization=0 type=0 minimal=0.0574 physics=0.5721 total=0.1542
[TRAIN train_climax_static_learned_weights_s44] [TRAIN] stage=finetune epoch=1/1 batch=2340/3000 step=5340 repair=0.1341 localization=0 type=0 minimal=0.06628 physics=0.489 total=0.1592
[TRAIN train_climax_static_learned_weights_s44] [TRAIN] stage=finetune epoch=1/1 batch=2350/3000 step=5350 repair=0.07542 localization=0 type=0 minimal=0.06018 physics=0.45 total=0.09852
[TRAIN train_climax_static_learned_weights_s44] [TRAIN] stage=finetune epoch=1/1 batch=2360/3000 step=5360 repair=0.1383 localization=0 type=0 minimal=0.06384 physics=0.4913 total=0.1635
[TRAIN train_climax_static_learned_weights_s44] [TRAIN] stage=finetune epoch=1/1 batch=2370/3000 step=5370 repair=0.1257 localization=0 type=0 minimal=0.06061 physics=0.4813 total=0.1504
[TRAIN train_climax_static_learned_weights_s44] [TRAIN] stage=finetune epoch=1/1 batch=2380/3000 step=5380 repair=0.06749 localization=0 type=0 minimal=0.06818 physics=0.4676 total=0.09155
[TRAIN train_climax_static_learned_weights_s44] [TRAIN] stage=finetune epoch=1/1 batch=2390/3000 step=5390 repair=0.1205 localization=0 type=0 minimal=0.06348 physics=0.5035 total=0.1463
[TRAIN train_climax_static_learned_weights_s44] [TRAIN] stage=finetune epoch=1/1 batch=2400/3000 step=5400 repair=0.1154 localization=0 type=0 minimal=0.05975 physics=0.5646 total=0.1443
[TRAIN train_climax_static_learned_weights_s44] [TRAIN] stage=finetune epoch=1/1 batch=2410/3000 step=5410 repair=0.1244 localization=0 type=0 minimal=0.06372 physics=0.4532 total=0.1477
[TRAIN train_climax_static_learned_weights_s44] [TRAIN] stage=finetune epoch=1/1 batch=2420/3000 step=5420 repair=0.1197 localization=0 type=0 minimal=0.05936 physics=0.4446 total=0.1425
[TRAIN train_climax_static_learned_weights_s44] [TRAIN] stage=finetune epoch=1/1 batch=2430/3000 step=5430 repair=0.1183 localization=0 type=0 minimal=0.05899 physics=0.4661 total=0.1422
[TRAIN train_climax_static_learned_weights_s44] [TRAIN] stage=finetune epoch=1/1 batch=2440/3000 step=5440 repair=0.08582 localization=0 type=0 minimal=0.05957 physics=0.4811 total=0.1105
[TRAIN train_climax_static_learned_weights_s44] [TRAIN] stage=finetune epoch=1/1 batch=2450/3000 step=5450 repair=0.06129 localization=0 type=0 minimal=0.06702 physics=0.4636 total=0.08514
[TRAIN train_climax_static_learned_weights_s44] [TRAIN] stage=finetune epoch=1/1 batch=2460/3000 step=5460 repair=0.1291 localization=0 type=0 minimal=0.05768 physics=0.4516 total=0.1522
[TRAIN train_climax_static_learned_weights_s44] [TRAIN] stage=finetune epoch=1/1 batch=2470/3000 step=5470 repair=0.09474 localization=0 type=0 minimal=0.06 physics=0.489 total=0.1198
[TRAIN train_climax_static_learned_weights_s44] [TRAIN] stage=finetune epoch=1/1 batch=2480/3000 step=5480 repair=0.1107 localization=0 type=0 minimal=0.06311 physics=0.4541 total=0.1341
[TRAIN train_climax_static_learned_weights_s44] [TRAIN] stage=finetune epoch=1/1 batch=2490/3000 step=5490 repair=0.08553 localization=0 type=0 minimal=0.06689 physics=0.4866 total=0.1105
[TRAIN train_climax_static_learned_weights_s44] [TRAIN] stage=finetune epoch=1/1 batch=2500/3000 step=5500 repair=0.08761 localization=0 type=0 minimal=0.07098 physics=0.6821 total=0.1224
[TRAIN train_climax_static_learned_weights_s44] [TRAIN] stage=finetune epoch=1/1 batch=2510/3000 step=5510 repair=0.06249 localization=0 type=0 minimal=0.06689 physics=0.5566 total=0.09099
[TRAIN train_climax_static_learned_weights_s44] [TRAIN] stage=finetune epoch=1/1 batch=2520/3000 step=5520 repair=0.09125 localization=0 type=0 minimal=0.06506 physics=0.4618 total=0.115
[TRAIN train_climax_static_learned_weights_s44] [TRAIN] stage=finetune epoch=1/1 batch=2530/3000 step=5530 repair=0.1604 localization=0 type=0 minimal=0.06152 physics=0.4708 total=0.1846
[TRAIN train_climax_static_learned_weights_s44] [TRAIN] stage=finetune epoch=1/1 batch=2540/3000 step=5540 repair=0.1209 localization=0 type=0 minimal=0.06818 physics=0.4429 total=0.1437
[TRAIN train_climax_static_learned_weights_s44] [TRAIN] stage=finetune epoch=1/1 batch=2550/3000 step=5550 repair=0.1254 localization=0 type=0 minimal=0.06659 physics=0.5596 total=0.154
[TRAIN train_climax_static_learned_weights_s44] [TRAIN] stage=finetune epoch=1/1 batch=2560/3000 step=5560 repair=0.1137 localization=0 type=0 minimal=0.06143 physics=0.6453 total=0.1466
[TRAIN train_climax_static_learned_weights_s44] [TRAIN] stage=finetune epoch=1/1 batch=2570/3000 step=5570 repair=0.1028 localization=0 type=0 minimal=0.06683 physics=0.5271 total=0.1298
[TRAIN train_climax_static_learned_weights_s44] [TRAIN] stage=finetune epoch=1/1 batch=2580/3000 step=5580 repair=0.1367 localization=0 type=0 minimal=0.06155 physics=0.6718 total=0.1709
[TRAIN train_climax_static_learned_weights_s44] [TRAIN] stage=finetune epoch=1/1 batch=2590/3000 step=5590 repair=0.1131 localization=0 type=0 minimal=0.06146 physics=0.4712 total=0.1373
[TRAIN train_climax_static_learned_weights_s44] [TRAIN] stage=finetune epoch=1/1 batch=2600/3000 step=5600 repair=0.155 localization=0 type=0 minimal=0.06262 physics=0.4768 total=0.1794
[TRAIN train_climax_static_learned_weights_s44] [TRAIN] stage=finetune epoch=1/1 batch=2610/3000 step=5610 repair=0.1113 localization=0 type=0 minimal=0.06409 physics=0.4322 total=0.1336
[TRAIN train_climax_static_learned_weights_s44] [TRAIN] stage=finetune epoch=1/1 batch=2620/3000 step=5620 repair=0.1273 localization=0 type=0 minimal=0.06085 physics=0.4394 total=0.1499
[TRAIN train_climax_static_learned_weights_s44] [TRAIN] stage=finetune epoch=1/1 batch=2630/3000 step=5630 repair=0.1512 localization=0 type=0 minimal=0.0592 physics=0.513 total=0.1775
[TRAIN train_climax_static_learned_weights_s44] [TRAIN] stage=finetune epoch=1/1 batch=2640/3000 step=5640 repair=0.09816 localization=0 type=0 minimal=0.06226 physics=0.4129 total=0.1194
[TRAIN train_climax_static_learned_weights_s44] [TRAIN] stage=finetune epoch=1/1 batch=2650/3000 step=5650 repair=0.1781 localization=0 type=0 minimal=0.05942 physics=0.5135 total=0.2044
[TRAIN train_climax_static_learned_weights_s44] [TRAIN] stage=finetune epoch=1/1 batch=2660/3000 step=5660 repair=0.1563 localization=0 type=0 minimal=0.05981 physics=0.4551 total=0.1796
[TRAIN train_climax_static_learned_weights_s44] [TRAIN] stage=finetune epoch=1/1 batch=2670/3000 step=5670 repair=0.1231 localization=0 type=0 minimal=0.06354 physics=0.5937 total=0.1535
[TRAIN train_climax_static_learned_weights_s44] [TRAIN] stage=finetune epoch=1/1 batch=2680/3000 step=5680 repair=0.07544 localization=0 type=0 minimal=0.06421 physics=0.4997 total=0.1011
[TRAIN train_climax_static_learned_weights_s44] [TRAIN] stage=finetune epoch=1/1 batch=2690/3000 step=5690 repair=0.07129 localization=0 type=0 minimal=0.06921 physics=0.5751 total=0.1007
[TRAIN train_climax_static_learned_weights_s44] [TRAIN] stage=finetune epoch=1/1 batch=2700/3000 step=5700 repair=0.1153 localization=0 type=0 minimal=0.06622 physics=0.5189 total=0.1419
[TRAIN train_climax_static_learned_weights_s44] [TRAIN] stage=finetune epoch=1/1 batch=2710/3000 step=5710 repair=0.07677 localization=0 type=0 minimal=0.06305 physics=0.4438 total=0.09959
[TRAIN train_climax_static_learned_weights_s44] [TRAIN] stage=finetune epoch=1/1 batch=2720/3000 step=5720 repair=0.06828 localization=0 type=0 minimal=0.06708 physics=0.4292 total=0.09041
[TRAIN train_climax_static_learned_weights_s44] [TRAIN] stage=finetune epoch=1/1 batch=2730/3000 step=5730 repair=0.07789 localization=0 type=0 minimal=0.06268 physics=0.4413 total=0.1006
[TRAIN train_climax_static_learned_weights_s44] [TRAIN] stage=finetune epoch=1/1 batch=2740/3000 step=5740 repair=0.1112 localization=0 type=0 minimal=0.0697 physics=0.4254 total=0.1332
[TRAIN train_climax_static_learned_weights_s44] [TRAIN] stage=finetune epoch=1/1 batch=2750/3000 step=5750 repair=0.0802 localization=0 type=0 minimal=0.06879 physics=0.4306 total=0.1024
[TRAIN train_climax_static_learned_weights_s44] [TRAIN] stage=finetune epoch=1/1 batch=2760/3000 step=5760 repair=0.1084 localization=0 type=0 minimal=0.06598 physics=0.4488 total=0.1315
[TRAIN train_climax_static_learned_weights_s44] [TRAIN] stage=finetune epoch=1/1 batch=2770/3000 step=5770 repair=0.1644 localization=0 type=0 minimal=0.06024 physics=0.493 total=0.1896
[TRAIN train_climax_static_learned_weights_s44] [TRAIN] stage=finetune epoch=1/1 batch=2780/3000 step=5780 repair=0.118 localization=0 type=0 minimal=0.06293 physics=0.4707 total=0.1421
[TRAIN train_climax_static_learned_weights_s44] [TRAIN] stage=finetune epoch=1/1 batch=2790/3000 step=5790 repair=0.1172 localization=0 type=0 minimal=0.06149 physics=0.4948 total=0.1426
[TRAIN train_climax_static_learned_weights_s44] [TRAIN] stage=finetune epoch=1/1 batch=2800/3000 step=5800 repair=0.06576 localization=0 type=0 minimal=0.07068 physics=0.4365 total=0.08829
[TRAIN train_climax_static_learned_weights_s44] [TRAIN] stage=finetune epoch=1/1 batch=2810/3000 step=5810 repair=0.07552 localization=0 type=0 minimal=0.07153 physics=0.4237 total=0.09742
[TRAIN train_climax_static_learned_weights_s44] [TRAIN] stage=finetune epoch=1/1 batch=2820/3000 step=5820 repair=0.1173 localization=0 type=0 minimal=0.0621 physics=0.4168 total=0.1388
[TRAIN train_climax_static_learned_weights_s44] [TRAIN] stage=finetune epoch=1/1 batch=2830/3000 step=5830 repair=0.07946 localization=0 type=0 minimal=0.06628 physics=0.4157 total=0.1009
[TRAIN train_climax_static_learned_weights_s44] [TRAIN] stage=finetune epoch=1/1 batch=2840/3000 step=5840 repair=0.07435 localization=0 type=0 minimal=0.06793 physics=0.5746 total=0.1038
[TRAIN train_climax_static_learned_weights_s44] [TRAIN] stage=finetune epoch=1/1 batch=2850/3000 step=5850 repair=0.111 localization=0 type=0 minimal=0.06009 physics=0.4152 total=0.1324
[TRAIN train_climax_static_learned_weights_s44] [TRAIN] stage=finetune epoch=1/1 batch=2860/3000 step=5860 repair=0.1481 localization=0 type=0 minimal=0.05835 physics=0.4384 total=0.1706
[TRAIN train_climax_static_learned_weights_s44] [TRAIN] stage=finetune epoch=1/1 batch=2870/3000 step=5870 repair=0.07801 localization=0 type=0 minimal=0.06512 physics=0.4493 total=0.1011
[TRAIN train_climax_static_learned_weights_s44] [TRAIN] stage=finetune epoch=1/1 batch=2880/3000 step=5880 repair=0.108 localization=0 type=0 minimal=0.06195 physics=0.4734 total=0.1323
[TRAIN train_climax_static_learned_weights_s44] [TRAIN] stage=finetune epoch=1/1 batch=2890/3000 step=5890 repair=0.1205 localization=0 type=0 minimal=0.06036 physics=0.5185 total=0.147
[TRAIN train_climax_static_learned_weights_s44] [TRAIN] stage=finetune epoch=1/1 batch=2900/3000 step=5900 repair=0.07454 localization=0 type=0 minimal=0.06665 physics=0.4759 total=0.09901
[TRAIN train_climax_static_learned_weights_s44] [TRAIN] stage=finetune epoch=1/1 batch=2910/3000 step=5910 repair=0.1679 localization=0 type=0 minimal=0.06342 physics=0.4546 total=0.1913
[TRAIN train_climax_static_learned_weights_s44] [TRAIN] stage=finetune epoch=1/1 batch=2920/3000 step=5920 repair=0.1113 localization=0 type=0 minimal=0.07153 physics=0.5427 total=0.1392
[TRAIN train_climax_static_learned_weights_s44] [TRAIN] stage=finetune epoch=1/1 batch=2930/3000 step=5930 repair=0.1126 localization=0 type=0 minimal=0.07129 physics=0.4837 total=0.1375
[TRAIN train_climax_static_learned_weights_s44] [TRAIN] stage=finetune epoch=1/1 batch=2940/3000 step=5940 repair=0.08554 localization=0 type=0 minimal=0.061 physics=0.4171 total=0.107
[TRAIN train_climax_static_learned_weights_s44] [TRAIN] stage=finetune epoch=1/1 batch=2950/3000 step=5950 repair=0.07752 localization=0 type=0 minimal=0.06396 physics=0.4679 total=0.1016
[TRAIN train_climax_static_learned_weights_s44] [TRAIN] stage=finetune epoch=1/1 batch=2960/3000 step=5960 repair=0.07867 localization=0 type=0 minimal=0.06561 physics=0.4082 total=0.09973
[TRAIN train_climax_static_learned_weights_s44] [TRAIN] stage=finetune epoch=1/1 batch=2970/3000 step=5970 repair=0.07465 localization=0 type=0 minimal=0.06476 physics=0.39 total=0.0948
[TRAIN train_climax_static_learned_weights_s44] [TRAIN] stage=finetune epoch=1/1 batch=2980/3000 step=5980 repair=0.07959 localization=0 type=0 minimal=0.07031 physics=0.4528 total=0.1029
[TRAIN train_climax_static_learned_weights_s44] [TRAIN] stage=finetune epoch=1/1 batch=2990/3000 step=5990 repair=0.1161 localization=0 type=0 minimal=0.06763 physics=0.5271 total=0.1431
[TRAIN train_climax_static_learned_weights_s44] [TRAIN] stage=finetune epoch=1/1 batch=3000/3000 step=6000 repair=0.1126 localization=0 type=0 minimal=0.06757 physics=0.4147 total=0.134
[TRAIN train_climax_static_learned_weights_s44] [EPOCH] {'stage': 'finetune', 'epoch': 0, 'global_step': 6000, 'train_total': 0.18541326304028433, 'val_repair_mse': 0.11645708908326924, 'elapsed_seconds': 3414.11}
[TRAIN train_climax_static_learned_weights_s44] [BEST] val_repair_mse=0.116457
[TRAIN train_climax_static_learned_weights_s44] [TRAIN COMPLETE] {
[TRAIN train_climax_static_learned_weights_s44]   "run_id": "prelim20_train_climax_static_learned_weights_s44",
[TRAIN train_climax_static_learned_weights_s44]   "status": "completed",
[TRAIN train_climax_static_learned_weights_s44]   "method": "static_learned_weights",
[TRAIN train_climax_static_learned_weights_s44]   "backbone": "climax",
[TRAIN train_climax_static_learned_weights_s44]   "seed": 44,
[TRAIN train_climax_static_learned_weights_s44]   "forecast_provider": "zarr_frozen_fm",
[TRAIN train_climax_static_learned_weights_s44]   "best_val_repair_mse": 0.11645708908326924,
[TRAIN train_climax_static_learned_weights_s44]   "global_step": 6000,
[TRAIN train_climax_static_learned_weights_s44]   "elapsed_seconds": 3414.41,
[TRAIN train_climax_static_learned_weights_s44]   "checkpoint_best": "/home/tahiti/ConserveFM/runs/prelim20_train/train_climax_static_learned_weights_s44/checkpoint_best.pt",
[TRAIN train_climax_static_learned_weights_s44]   "checkpoint_last": "/home/tahiti/ConserveFM/runs/prelim20_train/train_climax_static_learned_weights_s44/checkpoint_last.pt"
[TRAIN train_climax_static_learned_weights_s44] }
