[TRAIN train_climax_no_range_extreme_corruption_s44] [SETUP] device=cuda
[TRAIN train_climax_no_range_extreme_corruption_s44] [SETUP] run_id=prelim20_train_climax_no_range_extreme_corruption_s44 method=no_range_extreme_corruption backbone=climax
[TRAIN train_climax_no_range_extreme_corruption_s44] [FORECAST] using frozen forecast cache: /home/tahiti/ConserveFM/forecasts/climax.zarr
[TRAIN train_climax_no_range_extreme_corruption_s44] [STAGE] pretrain epochs=1 start_epoch=0
[TRAIN train_climax_no_range_extreme_corruption_s44] [TRAIN] stage=pretrain epoch=1/1 batch=10/3000 step=10 repair=0.03534 localization=0.359 type=1.116 minimal=0.1351 physics=1.861 total=0.3608
[TRAIN train_climax_no_range_extreme_corruption_s44] [TRAIN] stage=pretrain epoch=1/1 batch=20/3000 step=20 repair=0.01981 localization=0.3695 type=2.664 minimal=0.1075 physics=1.993 total=0.6032
[TRAIN train_climax_no_range_extreme_corruption_s44] [TRAIN] stage=pretrain epoch=1/1 batch=30/3000 step=30 repair=0.009146 localization=0.2899 type=1.688 minimal=0.07306 physics=1.457 total=0.4354
[TRAIN train_climax_no_range_extreme_corruption_s44] [TRAIN] stage=pretrain epoch=1/1 batch=40/3000 step=40 repair=0.01069 localization=0.3907 type=2.461 minimal=0.07544 physics=0.8183 total=0.5546
[TRAIN train_climax_no_range_extreme_corruption_s44] [TRAIN] stage=pretrain epoch=1/1 batch=50/3000 step=50 repair=0.009734 localization=0.2736 type=2.18 minimal=0.0585 physics=0.5696 total=0.4862
[TRAIN train_climax_no_range_extreme_corruption_s44] [TRAIN] stage=pretrain epoch=1/1 batch=60/3000 step=60 repair=0.004331 localization=0.3357 type=1.358 minimal=0.04565 physics=0.5041 total=0.3321
[TRAIN train_climax_no_range_extreme_corruption_s44] [TRAIN] stage=pretrain epoch=1/1 batch=70/3000 step=70 repair=0.007622 localization=0.4178 type=1.04 minimal=0.03824 physics=0.3837 total=0.2853
[TRAIN train_climax_no_range_extreme_corruption_s44] [TRAIN] stage=pretrain epoch=1/1 batch=80/3000 step=80 repair=0.00312 localization=0.2385 type=1.8 minimal=0.03433 physics=0.6783 total=0.4203
[TRAIN train_climax_no_range_extreme_corruption_s44] [TRAIN] stage=pretrain epoch=1/1 batch=90/3000 step=90 repair=0.00383 localization=0.3805 type=1.339 minimal=0.03326 physics=0.2419 total=0.3119
[TRAIN train_climax_no_range_extreme_corruption_s44] [TRAIN] stage=pretrain epoch=1/1 batch=100/3000 step=100 repair=0.003681 localization=0.2952 type=2.284 minimal=0.03333 physics=0.3621 total=0.5129
[TRAIN train_climax_no_range_extreme_corruption_s44] [TRAIN] stage=pretrain epoch=1/1 batch=110/3000 step=110 repair=0.008233 localization=0.3156 type=2.146 minimal=0.03436 physics=0.1873 total=0.4981
[TRAIN train_climax_no_range_extreme_corruption_s44] [TRAIN] stage=pretrain epoch=1/1 batch=120/3000 step=120 repair=0.005906 localization=0.2707 type=0.6699 minimal=0.03271 physics=0.3452 total=0.1866
[TRAIN train_climax_no_range_extreme_corruption_s44] [TRAIN] stage=pretrain epoch=1/1 batch=130/3000 step=130 repair=0.003447 localization=0.2335 type=1.495 minimal=0.02974 physics=0.2049 total=0.3368
[TRAIN train_climax_no_range_extreme_corruption_s44] [TRAIN] stage=pretrain epoch=1/1 batch=140/3000 step=140 repair=0.003 localization=0.3471 type=1.938 minimal=0.02594 physics=0.2103 total=0.4311
[TRAIN train_climax_no_range_extreme_corruption_s44] [TRAIN] stage=pretrain epoch=1/1 batch=150/3000 step=150 repair=0.003733 localization=0.2292 type=0.7012 minimal=0.02379 physics=0.1296 total=0.1765
[TRAIN train_climax_no_range_extreme_corruption_s44] [TRAIN] stage=pretrain epoch=1/1 batch=160/3000 step=160 repair=0.007885 localization=0.227 type=0.7449 minimal=0.02574 physics=0.2352 total=0.1959
[TRAIN train_climax_no_range_extreme_corruption_s44] [TRAIN] stage=pretrain epoch=1/1 batch=170/3000 step=170 repair=0.007769 localization=0.236 type=0.8491 minimal=0.02794 physics=0.1572 total=0.2023
[TRAIN train_climax_no_range_extreme_corruption_s44] [TRAIN] stage=pretrain epoch=1/1 batch=180/3000 step=180 repair=0.006026 localization=0.4131 type=2.016 minimal=0.02783 physics=0.2693 total=0.4737
[TRAIN train_climax_no_range_extreme_corruption_s44] [TRAIN] stage=pretrain epoch=1/1 batch=190/3000 step=190 repair=0.02266 localization=0.229 type=1.808 minimal=0.02654 physics=0.4218 total=0.4276
[TRAIN train_climax_no_range_extreme_corruption_s44] [TRAIN] stage=pretrain epoch=1/1 batch=200/3000 step=200 repair=0.01056 localization=0.3146 type=1.647 minimal=0.0284 physics=0.6136 total=0.4034
[TRAIN train_climax_no_range_extreme_corruption_s44] [TRAIN] stage=pretrain epoch=1/1 batch=210/3000 step=210 repair=0.02249 localization=0.3239 type=0.9014 minimal=0.02733 physics=0.5668 total=0.2538
[TRAIN train_climax_no_range_extreme_corruption_s44] [TRAIN] stage=pretrain epoch=1/1 batch=220/3000 step=220 repair=0.002598 localization=0.2677 type=2.94 minimal=0.02881 physics=0.3812 total=0.6167
[TRAIN train_climax_no_range_extreme_corruption_s44] [TRAIN] stage=pretrain epoch=1/1 batch=230/3000 step=230 repair=0.003476 localization=0.2758 type=2.28 minimal=0.03085 physics=0.2244 total=0.4834
[TRAIN train_climax_no_range_extreme_corruption_s44] [TRAIN] stage=pretrain epoch=1/1 batch=240/3000 step=240 repair=0.00504 localization=0.3266 type=1.125 minimal=0.03464 physics=0.3254 total=0.288
[TRAIN train_climax_no_range_extreme_corruption_s44] [TRAIN] stage=pretrain epoch=1/1 batch=250/3000 step=250 repair=0.003997 localization=0.2791 type=1.511 minimal=0.02994 physics=0.127 total=0.3314
[TRAIN train_climax_no_range_extreme_corruption_s44] [TRAIN] stage=pretrain epoch=1/1 batch=260/3000 step=260 repair=0.006476 localization=0.2485 type=1.238 minimal=0.0318 physics=0.4649 total=0.3254
[TRAIN train_climax_no_range_extreme_corruption_s44] [TRAIN] stage=pretrain epoch=1/1 batch=270/3000 step=270 repair=0.0046 localization=0.284 type=1.242 minimal=0.03087 physics=0.2371 total=0.2951
[TRAIN train_climax_no_range_extreme_corruption_s44] [TRAIN] stage=pretrain epoch=1/1 batch=280/3000 step=280 repair=0.004639 localization=0.3063 type=0.8894 minimal=0.02536 physics=0.2654 total=0.2184
[TRAIN train_climax_no_range_extreme_corruption_s44] [TRAIN] stage=pretrain epoch=1/1 batch=290/3000 step=290 repair=0.003186 localization=0.1855 type=1.856 minimal=0.02544 physics=0.2103 total=0.4224
[TRAIN train_climax_no_range_extreme_corruption_s44] [TRAIN] stage=pretrain epoch=1/1 batch=300/3000 step=300 repair=0.007756 localization=0.2767 type=2.229 minimal=0.02301 physics=0.232 total=0.4924
[TRAIN train_climax_no_range_extreme_corruption_s44] [TRAIN] stage=pretrain epoch=1/1 batch=310/3000 step=310 repair=0.01669 localization=0.1657 type=0.9924 minimal=0.02676 physics=0.5096 total=0.2705
[TRAIN train_climax_no_range_extreme_corruption_s44] [TRAIN] stage=pretrain epoch=1/1 batch=320/3000 step=320 repair=0.002675 localization=0.2247 type=1.214 minimal=0.02309 physics=0.1372 total=0.2711
[TRAIN train_climax_no_range_extreme_corruption_s44] [TRAIN] stage=pretrain epoch=1/1 batch=330/3000 step=330 repair=0.006222 localization=0.228 type=1.564 minimal=0.02155 physics=0.4325 total=0.3677
[TRAIN train_climax_no_range_extreme_corruption_s44] [TRAIN] stage=pretrain epoch=1/1 batch=340/3000 step=340 repair=0.003174 localization=0.3349 type=1.653 minimal=0.02576 physics=0.1856 total=0.3365
[TRAIN train_climax_no_range_extreme_corruption_s44] [TRAIN] stage=pretrain epoch=1/1 batch=350/3000 step=350 repair=0.003035 localization=0.2914 type=1.314 minimal=0.02481 physics=0.2069 total=0.2861
[TRAIN train_climax_no_range_extreme_corruption_s44] [TRAIN] stage=pretrain epoch=1/1 batch=360/3000 step=360 repair=0.00371 localization=0.3614 type=1.157 minimal=0.02744 physics=0.374 total=0.3093
[TRAIN train_climax_no_range_extreme_corruption_s44] [TRAIN] stage=pretrain epoch=1/1 batch=370/3000 step=370 repair=0.004159 localization=0.3466 type=1.387 minimal=0.02304 physics=0.1847 total=0.3284
[TRAIN train_climax_no_range_extreme_corruption_s44] [TRAIN] stage=pretrain epoch=1/1 batch=380/3000 step=380 repair=0.01391 localization=0.3303 type=1.144 minimal=0.02333 physics=0.2073 total=0.2854
[TRAIN train_climax_no_range_extreme_corruption_s44] [TRAIN] stage=pretrain epoch=1/1 batch=390/3000 step=390 repair=0.003464 localization=0.3226 type=1.895 minimal=0.02296 physics=0.1522 total=0.4083
[TRAIN train_climax_no_range_extreme_corruption_s44] [TRAIN] stage=pretrain epoch=1/1 batch=400/3000 step=400 repair=0.00764 localization=0.3275 type=1.325 minimal=0.02318 physics=0.3669 total=0.3193
[TRAIN train_climax_no_range_extreme_corruption_s44] [TRAIN] stage=pretrain epoch=1/1 batch=410/3000 step=410 repair=0.003252 localization=0.4403 type=1.619 minimal=0.02361 physics=0.1011 total=0.3726
[TRAIN train_climax_no_range_extreme_corruption_s44] [TRAIN] stage=pretrain epoch=1/1 batch=420/3000 step=420 repair=0.01398 localization=0.1685 type=1.243 minimal=0.0228 physics=0.2939 total=0.2824
[TRAIN train_climax_no_range_extreme_corruption_s44] [TRAIN] stage=pretrain epoch=1/1 batch=430/3000 step=430 repair=0.003115 localization=0.2909 type=1.263 minimal=0.02415 physics=0.146 total=0.291
[TRAIN train_climax_no_range_extreme_corruption_s44] [TRAIN] stage=pretrain epoch=1/1 batch=440/3000 step=440 repair=0.00486 localization=0.313 type=1.383 minimal=0.01881 physics=0.1443 total=0.3394
[TRAIN train_climax_no_range_extreme_corruption_s44] [TRAIN] stage=pretrain epoch=1/1 batch=450/3000 step=450 repair=0.008507 localization=0.3404 type=1.596 minimal=0.02206 physics=0.1573 total=0.3684
[TRAIN train_climax_no_range_extreme_corruption_s44] [TRAIN] stage=pretrain epoch=1/1 batch=460/3000 step=460 repair=0.02249 localization=0.1719 type=1.348 minimal=0.02188 physics=0.5292 total=0.3315
[TRAIN train_climax_no_range_extreme_corruption_s44] [TRAIN] stage=pretrain epoch=1/1 batch=470/3000 step=470 repair=0.003509 localization=0.2906 type=0.7493 minimal=0.02426 physics=0.1784 total=0.1834
[TRAIN train_climax_no_range_extreme_corruption_s44] [TRAIN] stage=pretrain epoch=1/1 batch=480/3000 step=480 repair=0.008529 localization=0.2636 type=2.141 minimal=0.02409 physics=0.2925 total=0.487
[TRAIN train_climax_no_range_extreme_corruption_s44] [TRAIN] stage=pretrain epoch=1/1 batch=490/3000 step=490 repair=0.003624 localization=0.3849 type=1.713 minimal=0.02849 physics=0.1253 total=0.3954
[TRAIN train_climax_no_range_extreme_corruption_s44] [TRAIN] stage=pretrain epoch=1/1 batch=500/3000 step=500 repair=0.002718 localization=0.3142 type=1.404 minimal=0.02303 physics=0.1254 total=0.3265
[TRAIN train_climax_no_range_extreme_corruption_s44] [TRAIN] stage=pretrain epoch=1/1 batch=510/3000 step=510 repair=0.00237 localization=0.3407 type=1.652 minimal=0.02208 physics=0.2024 total=0.3823
[TRAIN train_climax_no_range_extreme_corruption_s44] [TRAIN] stage=pretrain epoch=1/1 batch=520/3000 step=520 repair=0.003421 localization=0.3295 type=1.024 minimal=0.02312 physics=0.3793 total=0.2649
[TRAIN train_climax_no_range_extreme_corruption_s44] [TRAIN] stage=pretrain epoch=1/1 batch=530/3000 step=530 repair=0.009289 localization=0.3534 type=0.9104 minimal=0.02267 physics=0.6845 total=0.2566
[TRAIN train_climax_no_range_extreme_corruption_s44] [TRAIN] stage=pretrain epoch=1/1 batch=540/3000 step=540 repair=0.01184 localization=0.128 type=1.446 minimal=0.02672 physics=0.4117 total=0.3311
[TRAIN train_climax_no_range_extreme_corruption_s44] [TRAIN] stage=pretrain epoch=1/1 batch=550/3000 step=550 repair=0.00173 localization=0.2348 type=1.179 minimal=0.02324 physics=0.1625 total=0.2727
[TRAIN train_climax_no_range_extreme_corruption_s44] [TRAIN] stage=pretrain epoch=1/1 batch=560/3000 step=560 repair=0.01465 localization=0.1384 type=1.521 minimal=0.02649 physics=0.2842 total=0.3314
[TRAIN train_climax_no_range_extreme_corruption_s44] [TRAIN] stage=pretrain epoch=1/1 batch=570/3000 step=570 repair=0.003351 localization=0.2991 type=1.023 minimal=0.02139 physics=0.2318 total=0.2492
[TRAIN train_climax_no_range_extreme_corruption_s44] [TRAIN] stage=pretrain epoch=1/1 batch=580/3000 step=580 repair=0.01095 localization=0.2961 type=0.8069 minimal=0.01961 physics=1.548 total=0.2781
[TRAIN train_climax_no_range_extreme_corruption_s44] [TRAIN] stage=pretrain epoch=1/1 batch=590/3000 step=590 repair=0.001752 localization=0.373 type=1.27 minimal=0.0208 physics=0.138 total=0.3056
[TRAIN train_climax_no_range_extreme_corruption_s44] [TRAIN] stage=pretrain epoch=1/1 batch=600/3000 step=600 repair=0.009045 localization=0.2726 type=2.357 minimal=0.02109 physics=0.1418 total=0.5571
[TRAIN train_climax_no_range_extreme_corruption_s44] [TRAIN] stage=pretrain epoch=1/1 batch=610/3000 step=610 repair=0.002519 localization=0.3073 type=0.7288 minimal=0.02498 physics=0.1255 total=0.1799
[TRAIN train_climax_no_range_extreme_corruption_s44] [TRAIN] stage=pretrain epoch=1/1 batch=620/3000 step=620 repair=0.006043 localization=0.2578 type=2.155 minimal=0.02049 physics=0.1555 total=0.4799
[TRAIN train_climax_no_range_extreme_corruption_s44] [TRAIN] stage=pretrain epoch=1/1 batch=630/3000 step=630 repair=0.002484 localization=0.3234 type=0.8298 minimal=0.02457 physics=0.1395 total=0.2016
[TRAIN train_climax_no_range_extreme_corruption_s44] [TRAIN] stage=pretrain epoch=1/1 batch=640/3000 step=640 repair=0.003276 localization=0.2703 type=2.409 minimal=0.02136 physics=0.1931 total=0.5413
[TRAIN train_climax_no_range_extreme_corruption_s44] [TRAIN] stage=pretrain epoch=1/1 batch=650/3000 step=650 repair=0.006556 localization=0.2614 type=1.783 minimal=0.02275 physics=0.1062 total=0.3852
[TRAIN train_climax_no_range_extreme_corruption_s44] [TRAIN] stage=pretrain epoch=1/1 batch=660/3000 step=660 repair=0.003142 localization=0.3455 type=1.326 minimal=0.02261 physics=0.245 total=0.3133
[TRAIN train_climax_no_range_extreme_corruption_s44] [TRAIN] stage=pretrain epoch=1/1 batch=670/3000 step=670 repair=0.002453 localization=0.3062 type=2.03 minimal=0.02112 physics=0.3372 total=0.4622
[TRAIN train_climax_no_range_extreme_corruption_s44] [TRAIN] stage=pretrain epoch=1/1 batch=680/3000 step=680 repair=0.01253 localization=0.2624 type=1.342 minimal=0.02399 physics=0.2992 total=0.346
[TRAIN train_climax_no_range_extreme_corruption_s44] [TRAIN] stage=pretrain epoch=1/1 batch=690/3000 step=690 repair=0.003896 localization=0.2576 type=1.159 minimal=0.02522 physics=0.3661 total=0.2725
[TRAIN train_climax_no_range_extreme_corruption_s44] [TRAIN] stage=pretrain epoch=1/1 batch=700/3000 step=700 repair=0.002823 localization=0.3502 type=1.603 minimal=0.02078 physics=0.07564 total=0.3652
[TRAIN train_climax_no_range_extreme_corruption_s44] [TRAIN] stage=pretrain epoch=1/1 batch=710/3000 step=710 repair=0.004159 localization=0.2293 type=1.259 minimal=0.02271 physics=0.2464 total=0.2765
[TRAIN train_climax_no_range_extreme_corruption_s44] [TRAIN] stage=pretrain epoch=1/1 batch=720/3000 step=720 repair=0.006767 localization=0.4615 type=0.8667 minimal=0.02119 physics=0.2323 total=0.24
[TRAIN train_climax_no_range_extreme_corruption_s44] [TRAIN] stage=pretrain epoch=1/1 batch=730/3000 step=730 repair=0.01235 localization=0.2702 type=1.09 minimal=0.02319 physics=0.2238 total=0.2768
[TRAIN train_climax_no_range_extreme_corruption_s44] [TRAIN] stage=pretrain epoch=1/1 batch=740/3000 step=740 repair=0.003032 localization=0.2216 type=1.368 minimal=0.02365 physics=0.1144 total=0.3078
[TRAIN train_climax_no_range_extreme_corruption_s44] [TRAIN] stage=pretrain epoch=1/1 batch=750/3000 step=750 repair=0.003601 localization=0.2864 type=1.552 minimal=0.02336 physics=0.1126 total=0.3622
[TRAIN train_climax_no_range_extreme_corruption_s44] [TRAIN] stage=pretrain epoch=1/1 batch=760/3000 step=760 repair=0.01194 localization=0.3343 type=0.541 minimal=0.02347 physics=0.1699 total=0.1594
[TRAIN train_climax_no_range_extreme_corruption_s44] [TRAIN] stage=pretrain epoch=1/1 batch=770/3000 step=770 repair=0.007059 localization=0.2715 type=0.5057 minimal=0.02043 physics=0.1377 total=0.1471
[TRAIN train_climax_no_range_extreme_corruption_s44] [TRAIN] stage=pretrain epoch=1/1 batch=780/3000 step=780 repair=0.004796 localization=0.1097 type=1.568 minimal=0.03084 physics=0.2087 total=0.341
[TRAIN train_climax_no_range_extreme_corruption_s44] [TRAIN] stage=pretrain epoch=1/1 batch=790/3000 step=790 repair=0.003898 localization=0.332 type=1.698 minimal=0.0231 physics=0.2522 total=0.3888
[TRAIN train_climax_no_range_extreme_corruption_s44] [TRAIN] stage=pretrain epoch=1/1 batch=800/3000 step=800 repair=0.006319 localization=0.3175 type=0.7561 minimal=0.02245 physics=0.2446 total=0.2035
[TRAIN train_climax_no_range_extreme_corruption_s44] [TRAIN] stage=pretrain epoch=1/1 batch=810/3000 step=810 repair=0.01393 localization=0.2808 type=1.005 minimal=0.02261 physics=0.219 total=0.2483
[TRAIN train_climax_no_range_extreme_corruption_s44] [TRAIN] stage=pretrain epoch=1/1 batch=820/3000 step=820 repair=0.003236 localization=0.4645 type=0.7087 minimal=0.02419 physics=0.9506 total=0.2456
[TRAIN train_climax_no_range_extreme_corruption_s44] [TRAIN] stage=pretrain epoch=1/1 batch=830/3000 step=830 repair=0.002183 localization=0.2541 type=1.368 minimal=0.02383 physics=0.2539 total=0.349
[TRAIN train_climax_no_range_extreme_corruption_s44] [TRAIN] stage=pretrain epoch=1/1 batch=840/3000 step=840 repair=0.002721 localization=0.2201 type=2.365 minimal=0.02074 physics=0.2444 total=0.4854
[TRAIN train_climax_no_range_extreme_corruption_s44] [TRAIN] stage=pretrain epoch=1/1 batch=850/3000 step=850 repair=0.01252 localization=0.3091 type=2.039 minimal=0.02049 physics=0.5294 total=0.4727
[TRAIN train_climax_no_range_extreme_corruption_s44] [TRAIN] stage=pretrain epoch=1/1 batch=860/3000 step=860 repair=0.004678 localization=0.3042 type=1.868 minimal=0.02075 physics=0.1313 total=0.419
[TRAIN train_climax_no_range_extreme_corruption_s44] [TRAIN] stage=pretrain epoch=1/1 batch=870/3000 step=870 repair=0.001632 localization=0.2228 type=0.9285 minimal=0.01704 physics=0.07575 total=0.2176
[TRAIN train_climax_no_range_extreme_corruption_s44] [TRAIN] stage=pretrain epoch=1/1 batch=880/3000 step=880 repair=0.002942 localization=0.2568 type=1.24 minimal=0.02121 physics=0.1568 total=0.2895
[TRAIN train_climax_no_range_extreme_corruption_s44] [TRAIN] stage=pretrain epoch=1/1 batch=890/3000 step=890 repair=0.006945 localization=0.3544 type=1.529 minimal=0.01878 physics=0.1461 total=0.351
[TRAIN train_climax_no_range_extreme_corruption_s44] [TRAIN] stage=pretrain epoch=1/1 batch=900/3000 step=900 repair=0.004941 localization=0.1978 type=1.068 minimal=0.02071 physics=0.2454 total=0.2419
[TRAIN train_climax_no_range_extreme_corruption_s44] [TRAIN] stage=pretrain epoch=1/1 batch=910/3000 step=910 repair=0.007354 localization=0.1462 type=1.979 minimal=0.02759 physics=0.2106 total=0.4206
[TRAIN train_climax_no_range_extreme_corruption_s44] [TRAIN] stage=pretrain epoch=1/1 batch=920/3000 step=920 repair=0.004918 localization=0.2195 type=1.808 minimal=0.02086 physics=0.8786 total=0.4178
[TRAIN train_climax_no_range_extreme_corruption_s44] [TRAIN] stage=pretrain epoch=1/1 batch=930/3000 step=930 repair=0.006672 localization=0.3274 type=1.63 minimal=0.02162 physics=0.3708 total=0.382
[TRAIN train_climax_no_range_extreme_corruption_s44] [TRAIN] stage=pretrain epoch=1/1 batch=940/3000 step=940 repair=0.008047 localization=0.366 type=1.474 minimal=0.02246 physics=0.2172 total=0.3475
[TRAIN train_climax_no_range_extreme_corruption_s44] [TRAIN] stage=pretrain epoch=1/1 batch=950/3000 step=950 repair=0.00357 localization=0.2531 type=1.212 minimal=0.02116 physics=0.547 total=0.2991
[TRAIN train_climax_no_range_extreme_corruption_s44] [TRAIN] stage=pretrain epoch=1/1 batch=960/3000 step=960 repair=0.001926 localization=0.2655 type=1.127 minimal=0.02303 physics=0.1321 total=0.2362
[TRAIN train_climax_no_range_extreme_corruption_s44] [TRAIN] stage=pretrain epoch=1/1 batch=970/3000 step=970 repair=0.001889 localization=0.328 type=1.435 minimal=0.02054 physics=0.2595 total=0.3255
[TRAIN train_climax_no_range_extreme_corruption_s44] [TRAIN] stage=pretrain epoch=1/1 batch=980/3000 step=980 repair=0.002576 localization=0.2726 type=1.187 minimal=0.02245 physics=0.1391 total=0.2738
[TRAIN train_climax_no_range_extreme_corruption_s44] [TRAIN] stage=pretrain epoch=1/1 batch=990/3000 step=990 repair=0.005937 localization=0.2818 type=1.48 minimal=0.02173 physics=0.1669 total=0.3399
[TRAIN train_climax_no_range_extreme_corruption_s44] [TRAIN] stage=pretrain epoch=1/1 batch=1000/3000 step=1000 repair=0.01019 localization=0.3968 type=1.364 minimal=0.02194 physics=0.3234 total=0.3441
[TRAIN train_climax_no_range_extreme_corruption_s44] [TRAIN] stage=pretrain epoch=1/1 batch=1010/3000 step=1010 repair=0.00256 localization=0.2615 type=1.277 minimal=0.02054 physics=0.1251 total=0.2977
[TRAIN train_climax_no_range_extreme_corruption_s44] [TRAIN] stage=pretrain epoch=1/1 batch=1020/3000 step=1020 repair=0.002265 localization=0.2897 type=1.718 minimal=0.01924 physics=0.08543 total=0.3815
[TRAIN train_climax_no_range_extreme_corruption_s44] [TRAIN] stage=pretrain epoch=1/1 batch=1030/3000 step=1030 repair=0.007069 localization=0.2243 type=1.455 minimal=0.0201 physics=0.4878 total=0.3377
[TRAIN train_climax_no_range_extreme_corruption_s44] [TRAIN] stage=pretrain epoch=1/1 batch=1040/3000 step=1040 repair=0.007888 localization=0.09479 type=0.9475 minimal=0.03421 physics=0.5737 total=0.2285
[TRAIN train_climax_no_range_extreme_corruption_s44] [TRAIN] stage=pretrain epoch=1/1 batch=1050/3000 step=1050 repair=0.003416 localization=0.1126 type=0.7876 minimal=0.0304 physics=0.2751 total=0.1676
[TRAIN train_climax_no_range_extreme_corruption_s44] [TRAIN] stage=pretrain epoch=1/1 batch=1060/3000 step=1060 repair=0.002338 localization=0.3304 type=1.582 minimal=0.01849 physics=0.3227 total=0.3812
[TRAIN train_climax_no_range_extreme_corruption_s44] [TRAIN] stage=pretrain epoch=1/1 batch=1070/3000 step=1070 repair=0.002124 localization=0.151 type=2.105 minimal=0.01852 physics=0.104 total=0.4453
[TRAIN train_climax_no_range_extreme_corruption_s44] [TRAIN] stage=pretrain epoch=1/1 batch=1080/3000 step=1080 repair=0.002883 localization=0.2058 type=0.6521 minimal=0.02197 physics=0.1623 total=0.1515
[TRAIN train_climax_no_range_extreme_corruption_s44] [TRAIN] stage=pretrain epoch=1/1 batch=1090/3000 step=1090 repair=0.002601 localization=0.3593 type=1.226 minimal=0.01898 physics=0.1486 total=0.2952
[TRAIN train_climax_no_range_extreme_corruption_s44] [TRAIN] stage=pretrain epoch=1/1 batch=1100/3000 step=1100 repair=0.006084 localization=0.2204 type=1.21 minimal=0.01988 physics=0.1861 total=0.278
[TRAIN train_climax_no_range_extreme_corruption_s44] [TRAIN] stage=pretrain epoch=1/1 batch=1110/3000 step=1110 repair=0.003565 localization=0.4225 type=1.147 minimal=0.02092 physics=0.4973 total=0.2881
[TRAIN train_climax_no_range_extreme_corruption_s44] [TRAIN] stage=pretrain epoch=1/1 batch=1120/3000 step=1120 repair=0.001823 localization=0.2572 type=1.301 minimal=0.01839 physics=0.07001 total=0.2692
[TRAIN train_climax_no_range_extreme_corruption_s44] [TRAIN] stage=pretrain epoch=1/1 batch=1130/3000 step=1130 repair=0.002791 localization=0.2817 type=0.9558 minimal=0.01993 physics=0.1791 total=0.2131
[TRAIN train_climax_no_range_extreme_corruption_s44] [TRAIN] stage=pretrain epoch=1/1 batch=1140/3000 step=1140 repair=0.004478 localization=0.4146 type=1.831 minimal=0.01729 physics=0.3343 total=0.4334
[TRAIN train_climax_no_range_extreme_corruption_s44] [TRAIN] stage=pretrain epoch=1/1 batch=1150/3000 step=1150 repair=0.00712 localization=0.1462 type=0.4572 minimal=0.02831 physics=0.3939 total=0.1281
[TRAIN train_climax_no_range_extreme_corruption_s44] [TRAIN] stage=pretrain epoch=1/1 batch=1160/3000 step=1160 repair=0.006239 localization=0.1359 type=0.03485 minimal=0.04874 physics=0.7927 total=0.06534
[TRAIN train_climax_no_range_extreme_corruption_s44] [TRAIN] stage=pretrain epoch=1/1 batch=1170/3000 step=1170 repair=0.001897 localization=0.3164 type=1.061 minimal=0.01758 physics=0.124 total=0.2439
[TRAIN train_climax_no_range_extreme_corruption_s44] [TRAIN] stage=pretrain epoch=1/1 batch=1180/3000 step=1180 repair=0.004889 localization=0.2036 type=1.423 minimal=0.01755 physics=0.04294 total=0.3256
[TRAIN train_climax_no_range_extreme_corruption_s44] [TRAIN] stage=pretrain epoch=1/1 batch=1190/3000 step=1190 repair=0.001839 localization=0.3281 type=1.02 minimal=0.01939 physics=0.2452 total=0.2733
[TRAIN train_climax_no_range_extreme_corruption_s44] [TRAIN] stage=pretrain epoch=1/1 batch=1200/3000 step=1200 repair=0.002903 localization=0.1084 type=0.4277 minimal=0.02628 physics=0.276 total=0.1117
[TRAIN train_climax_no_range_extreme_corruption_s44] [TRAIN] stage=pretrain epoch=1/1 batch=1210/3000 step=1210 repair=0.002011 localization=0.4439 type=1.93 minimal=0.01747 physics=0.1335 total=0.4621
[TRAIN train_climax_no_range_extreme_corruption_s44] [TRAIN] stage=pretrain epoch=1/1 batch=1220/3000 step=1220 repair=0.002305 localization=0.315 type=2.07 minimal=0.0199 physics=0.05757 total=0.4522
[TRAIN train_climax_no_range_extreme_corruption_s44] [TRAIN] stage=pretrain epoch=1/1 batch=1230/3000 step=1230 repair=0.00913 localization=0.1564 type=0.1135 minimal=0.03268 physics=0.6643 total=0.08084
[TRAIN train_climax_no_range_extreme_corruption_s44] [TRAIN] stage=pretrain epoch=1/1 batch=1240/3000 step=1240 repair=0.009487 localization=0.2979 type=1.033 minimal=0.01956 physics=0.1537 total=0.233
[TRAIN train_climax_no_range_extreme_corruption_s44] [TRAIN] stage=pretrain epoch=1/1 batch=1250/3000 step=1250 repair=0.01236 localization=0.2805 type=0.9531 minimal=0.01944 physics=1.463 total=0.297
[TRAIN train_climax_no_range_extreme_corruption_s44] [TRAIN] stage=pretrain epoch=1/1 batch=1260/3000 step=1260 repair=0.003405 localization=0.1376 type=0.5018 minimal=0.03096 physics=0.3791 total=0.1305
[TRAIN train_climax_no_range_extreme_corruption_s44] [TRAIN] stage=pretrain epoch=1/1 batch=1270/3000 step=1270 repair=0.008416 localization=0.1249 type=0.3353 minimal=0.02281 physics=0.5837 total=0.1114
[TRAIN train_climax_no_range_extreme_corruption_s44] [TRAIN] stage=pretrain epoch=1/1 batch=1280/3000 step=1280 repair=0.009769 localization=0.1273 type=0.1333 minimal=0.02115 physics=0.6642 total=0.08047
[TRAIN train_climax_no_range_extreme_corruption_s44] [TRAIN] stage=pretrain epoch=1/1 batch=1290/3000 step=1290 repair=0.01358 localization=0.3434 type=0.8149 minimal=0.01707 physics=1.74 total=0.3029
[TRAIN train_climax_no_range_extreme_corruption_s44] [TRAIN] stage=pretrain epoch=1/1 batch=1300/3000 step=1300 repair=0.005829 localization=0.2404 type=1.088 minimal=0.02005 physics=0.6144 total=0.2782
[TRAIN train_climax_no_range_extreme_corruption_s44] [TRAIN] stage=pretrain epoch=1/1 batch=1310/3000 step=1310 repair=0.002032 localization=0.1438 type=2.132 minimal=0.01749 physics=0.3166 total=0.449
[TRAIN train_climax_no_range_extreme_corruption_s44] [TRAIN] stage=pretrain epoch=1/1 batch=1320/3000 step=1320 repair=0.0029 localization=0.1519 type=2.198 minimal=0.02203 physics=0.1889 total=0.459
[TRAIN train_climax_no_range_extreme_corruption_s44] [TRAIN] stage=pretrain epoch=1/1 batch=1330/3000 step=1330 repair=0.002596 localization=0.3581 type=1.013 minimal=0.02217 physics=0.09056 total=0.2127
[TRAIN train_climax_no_range_extreme_corruption_s44] [TRAIN] stage=pretrain epoch=1/1 batch=1340/3000 step=1340 repair=0.001534 localization=0.3184 type=1.542 minimal=0.01822 physics=0.09073 total=0.341
[TRAIN train_climax_no_range_extreme_corruption_s44] [TRAIN] stage=pretrain epoch=1/1 batch=1350/3000 step=1350 repair=0.007979 localization=0.4573 type=1.601 minimal=0.01852 physics=0.204 total=0.3439
[TRAIN train_climax_no_range_extreme_corruption_s44] [TRAIN] stage=pretrain epoch=1/1 batch=1360/3000 step=1360 repair=0.0024 localization=0.05104 type=0.03599 minimal=0.02473 physics=0.351 total=0.03225
[TRAIN train_climax_no_range_extreme_corruption_s44] [TRAIN] stage=pretrain epoch=1/1 batch=1370/3000 step=1370 repair=0.002968 localization=0.3096 type=0.6704 minimal=0.0209 physics=0.5422 total=0.185
[TRAIN train_climax_no_range_extreme_corruption_s44] [TRAIN] stage=pretrain epoch=1/1 batch=1380/3000 step=1380 repair=0.01148 localization=0.2419 type=1.594 minimal=0.02072 physics=0.2927 total=0.3739
[TRAIN train_climax_no_range_extreme_corruption_s44] [TRAIN] stage=pretrain epoch=1/1 batch=1390/3000 step=1390 repair=0.00268 localization=0.3289 type=0.823 minimal=0.01917 physics=0.2212 total=0.218
[TRAIN train_climax_no_range_extreme_corruption_s44] [TRAIN] stage=pretrain epoch=1/1 batch=1400/3000 step=1400 repair=0.005084 localization=0.358 type=1.119 minimal=0.01991 physics=0.4233 total=0.2804
[TRAIN train_climax_no_range_extreme_corruption_s44] [TRAIN] stage=pretrain epoch=1/1 batch=1410/3000 step=1410 repair=0.003843 localization=0.3383 type=1.697 minimal=0.02289 physics=0.2471 total=0.3987
[TRAIN train_climax_no_range_extreme_corruption_s44] [TRAIN] stage=pretrain epoch=1/1 batch=1420/3000 step=1420 repair=0.001505 localization=0.1837 type=1.542 minimal=0.01773 physics=0.3592 total=0.3419
[TRAIN train_climax_no_range_extreme_corruption_s44] [TRAIN] stage=pretrain epoch=1/1 batch=1430/3000 step=1430 repair=0.001045 localization=0.2192 type=0.5723 minimal=0.01715 physics=0.04988 total=0.1407
[TRAIN train_climax_no_range_extreme_corruption_s44] [TRAIN] stage=pretrain epoch=1/1 batch=1440/3000 step=1440 repair=0.002099 localization=0.228 type=1.787 minimal=0.01408 physics=0.1753 total=0.3774
[TRAIN train_climax_no_range_extreme_corruption_s44] [TRAIN] stage=pretrain epoch=1/1 batch=1450/3000 step=1450 repair=0.007805 localization=0.3188 type=1.335 minimal=0.02034 physics=0.2286 total=0.319
[TRAIN train_climax_no_range_extreme_corruption_s44] [TRAIN] stage=pretrain epoch=1/1 batch=1460/3000 step=1460 repair=0.002614 localization=0.3904 type=0.8535 minimal=0.01869 physics=0.07614 total=0.2082
[TRAIN train_climax_no_range_extreme_corruption_s44] [TRAIN] stage=pretrain epoch=1/1 batch=1470/3000 step=1470 repair=0.003166 localization=0.08018 type=0.01579 minimal=0.02315 physics=0.3787 total=0.03364
[TRAIN train_climax_no_range_extreme_corruption_s44] [TRAIN] stage=pretrain epoch=1/1 batch=1480/3000 step=1480 repair=0.001948 localization=0.2385 type=0.4479 minimal=0.01849 physics=0.07917 total=0.1131
[TRAIN train_climax_no_range_extreme_corruption_s44] [TRAIN] stage=pretrain epoch=1/1 batch=1490/3000 step=1490 repair=0.002554 localization=0.229 type=1.709 minimal=0.01575 physics=0.111 total=0.3696
[TRAIN train_climax_no_range_extreme_corruption_s44] [TRAIN] stage=pretrain epoch=1/1 batch=1500/3000 step=1500 repair=0.001684 localization=0.3558 type=0.5278 minimal=0.01741 physics=0.2215 total=0.1621
[TRAIN train_climax_no_range_extreme_corruption_s44] [TRAIN] stage=pretrain epoch=1/1 batch=1510/3000 step=1510 repair=0.002335 localization=0.193 type=0.5503 minimal=0.01974 physics=0.07881 total=0.1361
[TRAIN train_climax_no_range_extreme_corruption_s44] [TRAIN] stage=pretrain epoch=1/1 batch=1520/3000 step=1520 repair=0.002979 localization=0.244 type=1.567 minimal=0.01729 physics=0.05573 total=0.3449
[TRAIN train_climax_no_range_extreme_corruption_s44] [TRAIN] stage=pretrain epoch=1/1 batch=1530/3000 step=1530 repair=0.01105 localization=0.273 type=1.488 minimal=0.02057 physics=0.716 total=0.3849
[TRAIN train_climax_no_range_extreme_corruption_s44] [TRAIN] stage=pretrain epoch=1/1 batch=1540/3000 step=1540 repair=0.001487 localization=0.4974 type=1.05 minimal=0.01703 physics=0.1081 total=0.2893
[TRAIN train_climax_no_range_extreme_corruption_s44] [TRAIN] stage=pretrain epoch=1/1 batch=1550/3000 step=1550 repair=0.002837 localization=0.3453 type=0.9448 minimal=0.02084 physics=0.1743 total=0.2385
[TRAIN train_climax_no_range_extreme_corruption_s44] [TRAIN] stage=pretrain epoch=1/1 batch=1560/3000 step=1560 repair=0.01251 localization=0.2779 type=1.188 minimal=0.02232 physics=0.1005 total=0.3053
[TRAIN train_climax_no_range_extreme_corruption_s44] [TRAIN] stage=pretrain epoch=1/1 batch=1570/3000 step=1570 repair=0.006522 localization=0.2402 type=0.7588 minimal=0.02032 physics=0.09951 total=0.1737
[TRAIN train_climax_no_range_extreme_corruption_s44] [TRAIN] stage=pretrain epoch=1/1 batch=1580/3000 step=1580 repair=0.02438 localization=0.5081 type=0.7278 minimal=0.01843 physics=0.2373 total=0.2247
[TRAIN train_climax_no_range_extreme_corruption_s44] [TRAIN] stage=pretrain epoch=1/1 batch=1590/3000 step=1590 repair=0.004888 localization=0.07497 type=0.07489 minimal=0.02049 physics=0.2744 total=0.03956
[TRAIN train_climax_no_range_extreme_corruption_s44] [TRAIN] stage=pretrain epoch=1/1 batch=1600/3000 step=1600 repair=0.00248 localization=0.2895 type=1.236 minimal=0.02135 physics=0.09259 total=0.2741
[TRAIN train_climax_no_range_extreme_corruption_s44] [TRAIN] stage=pretrain epoch=1/1 batch=1610/3000 step=1610 repair=0.001385 localization=0.319 type=0.9683 minimal=0.01691 physics=0.08675 total=0.2354
[TRAIN train_climax_no_range_extreme_corruption_s44] [TRAIN] stage=pretrain epoch=1/1 batch=1620/3000 step=1620 repair=0.007278 localization=0.3159 type=1.593 minimal=0.01747 physics=0.1725 total=0.3503
[TRAIN train_climax_no_range_extreme_corruption_s44] [TRAIN] stage=pretrain epoch=1/1 batch=1630/3000 step=1630 repair=0.001735 localization=0.2125 type=1.01 minimal=0.01654 physics=0.101 total=0.2379
[TRAIN train_climax_no_range_extreme_corruption_s44] [TRAIN] stage=pretrain epoch=1/1 batch=1640/3000 step=1640 repair=0.001105 localization=0.02712 type=0.02247 minimal=0.01726 physics=0.1643 total=0.01615
[TRAIN train_climax_no_range_extreme_corruption_s44] [TRAIN] stage=pretrain epoch=1/1 batch=1650/3000 step=1650 repair=0.00136 localization=0.03523 type=0.0006081 minimal=0.0238 physics=0.3618 total=0.02331
[TRAIN train_climax_no_range_extreme_corruption_s44] [TRAIN] stage=pretrain epoch=1/1 batch=1660/3000 step=1660 repair=0.002715 localization=0.2361 type=2.326 minimal=0.01608 physics=0.1172 total=0.4952
[TRAIN train_climax_no_range_extreme_corruption_s44] [TRAIN] stage=pretrain epoch=1/1 batch=1670/3000 step=1670 repair=0.001959 localization=0.2153 type=0.2067 minimal=0.01415 physics=0.1885 total=0.07401
[TRAIN train_climax_no_range_extreme_corruption_s44] [TRAIN] stage=pretrain epoch=1/1 batch=1680/3000 step=1680 repair=0.004204 localization=0.3271 type=1.063 minimal=0.01729 physics=0.1637 total=0.2707
[TRAIN train_climax_no_range_extreme_corruption_s44] [TRAIN] stage=pretrain epoch=1/1 batch=1690/3000 step=1690 repair=0.01079 localization=0.3326 type=1.57 minimal=0.01862 physics=0.6823 total=0.3915
[TRAIN train_climax_no_range_extreme_corruption_s44] [TRAIN] stage=pretrain epoch=1/1 batch=1700/3000 step=1700 repair=0.001846 localization=0.2217 type=0.4525 minimal=0.01546 physics=0.1335 total=0.1283
[TRAIN train_climax_no_range_extreme_corruption_s44] [TRAIN] stage=pretrain epoch=1/1 batch=1710/3000 step=1710 repair=0.01514 localization=0.2893 type=0.926 minimal=0.02017 physics=1.799 total=0.3077
[TRAIN train_climax_no_range_extreme_corruption_s44] [TRAIN] stage=pretrain epoch=1/1 batch=1720/3000 step=1720 repair=0.002833 localization=0.2917 type=0.1649 minimal=0.01483 physics=0.2806 total=0.07546
[TRAIN train_climax_no_range_extreme_corruption_s44] [TRAIN] stage=pretrain epoch=1/1 batch=1730/3000 step=1730 repair=0.002892 localization=0.3111 type=0.9512 minimal=0.0137 physics=0.4755 total=0.2548
[TRAIN train_climax_no_range_extreme_corruption_s44] [TRAIN] stage=pretrain epoch=1/1 batch=1740/3000 step=1740 repair=0.004728 localization=0.2467 type=0.9036 minimal=0.01701 physics=0.07625 total=0.215
[TRAIN train_climax_no_range_extreme_corruption_s44] [TRAIN] stage=pretrain epoch=1/1 batch=1750/3000 step=1750 repair=0.002292 localization=0.2192 type=0.6106 minimal=0.02005 physics=0.2624 total=0.1584
[TRAIN train_climax_no_range_extreme_corruption_s44] [TRAIN] stage=pretrain epoch=1/1 batch=1760/3000 step=1760 repair=0.007786 localization=0.2451 type=0.442 minimal=0.01823 physics=1.372 total=0.187
[TRAIN train_climax_no_range_extreme_corruption_s44] [TRAIN] stage=pretrain epoch=1/1 batch=1770/3000 step=1770 repair=0.001238 localization=0.3668 type=2.972 minimal=0.01377 physics=0.3523 total=0.65
[TRAIN train_climax_no_range_extreme_corruption_s44] [TRAIN] stage=pretrain epoch=1/1 batch=1780/3000 step=1780 repair=0.01058 localization=0.2698 type=0.6887 minimal=0.01753 physics=1.403 total=0.2423
[TRAIN train_climax_no_range_extreme_corruption_s44] [TRAIN] stage=pretrain epoch=1/1 batch=1790/3000 step=1790 repair=0.001344 localization=0.03397 type=0.0006931 minimal=0.02306 physics=0.2116 total=0.01567
[TRAIN train_climax_no_range_extreme_corruption_s44] [TRAIN] stage=pretrain epoch=1/1 batch=1800/3000 step=1800 repair=0.001115 localization=0.3363 type=0.04568 minimal=0.01358 physics=0.1498 total=0.05176
[TRAIN train_climax_no_range_extreme_corruption_s44] [TRAIN] stage=pretrain epoch=1/1 batch=1810/3000 step=1810 repair=0.001242 localization=0.01975 type=0.001076 minimal=0.02127 physics=0.3732 total=0.02229
[TRAIN train_climax_no_range_extreme_corruption_s44] [TRAIN] stage=pretrain epoch=1/1 batch=1820/3000 step=1820 repair=0.003103 localization=0.3897 type=0.5828 minimal=0.01749 physics=0.1766 total=0.1662
[TRAIN train_climax_no_range_extreme_corruption_s44] [TRAIN] stage=pretrain epoch=1/1 batch=1830/3000 step=1830 repair=0.003325 localization=0.1333 type=0.8669 minimal=0.01678 physics=0.3822 total=0.2255
[TRAIN train_climax_no_range_extreme_corruption_s44] [TRAIN] stage=pretrain epoch=1/1 batch=1840/3000 step=1840 repair=0.004311 localization=0.4292 type=3.251 minimal=0.01315 physics=0.2516 total=0.6773
[TRAIN train_climax_no_range_extreme_corruption_s44] [TRAIN] stage=pretrain epoch=1/1 batch=1850/3000 step=1850 repair=0.00284 localization=0.3376 type=1.671 minimal=0.01814 physics=0.1552 total=0.3879
[TRAIN train_climax_no_range_extreme_corruption_s44] [TRAIN] stage=pretrain epoch=1/1 batch=1860/3000 step=1860 repair=0.005503 localization=0.2709 type=1.408 minimal=0.01901 physics=0.6643 total=0.3381
[TRAIN train_climax_no_range_extreme_corruption_s44] [TRAIN] stage=pretrain epoch=1/1 batch=1870/3000 step=1870 repair=0.0007625 localization=0.1862 type=0.01318 minimal=0.01143 physics=0.1201 total=0.02788
[TRAIN train_climax_no_range_extreme_corruption_s44] [TRAIN] stage=pretrain epoch=1/1 batch=1880/3000 step=1880 repair=0.001143 localization=0.2888 type=0.835 minimal=0.0152 physics=0.06238 total=0.2002
[TRAIN train_climax_no_range_extreme_corruption_s44] [TRAIN] stage=pretrain epoch=1/1 batch=1890/3000 step=1890 repair=0.0007874 localization=0.02443 type=0.0006921 minimal=0.01657 physics=0.3523 total=0.02112
[TRAIN train_climax_no_range_extreme_corruption_s44] [TRAIN] stage=pretrain epoch=1/1 batch=1900/3000 step=1900 repair=0.00188 localization=0.3777 type=0.5144 minimal=0.01433 physics=0.764 total=0.1878
[TRAIN train_climax_no_range_extreme_corruption_s44] [TRAIN] stage=pretrain epoch=1/1 batch=1910/3000 step=1910 repair=0.003614 localization=0.2514 type=0.6526 minimal=0.01826 physics=0.5461 total=0.1868
[TRAIN train_climax_no_range_extreme_corruption_s44] [TRAIN] stage=pretrain epoch=1/1 batch=1920/3000 step=1920 repair=0.008079 localization=0.3945 type=1.067 minimal=0.0183 physics=0.3481 total=0.2821
[TRAIN train_climax_no_range_extreme_corruption_s44] [TRAIN] stage=pretrain epoch=1/1 batch=1930/3000 step=1930 repair=0.001201 localization=0.324 type=0.04471 minimal=0.01265 physics=0.1514 total=0.05077
[TRAIN train_climax_no_range_extreme_corruption_s44] [TRAIN] stage=pretrain epoch=1/1 batch=1940/3000 step=1940 repair=0.001181 localization=0.07842 type=0.001304 minimal=0.01324 physics=0.1595 total=0.0174
[TRAIN train_climax_no_range_extreme_corruption_s44] [TRAIN] stage=pretrain epoch=1/1 batch=1950/3000 step=1950 repair=0.01207 localization=0.2365 type=1.149 minimal=0.0202 physics=0.3437 total=0.274
[TRAIN train_climax_no_range_extreme_corruption_s44] [TRAIN] stage=pretrain epoch=1/1 batch=1960/3000 step=1960 repair=0.007806 localization=0.2744 type=0.8689 minimal=0.0155 physics=0.1473 total=0.2211
[TRAIN train_climax_no_range_extreme_corruption_s44] [TRAIN] stage=pretrain epoch=1/1 batch=1970/3000 step=1970 repair=0.00115 localization=0.3446 type=0.407 minimal=0.01307 physics=0.1778 total=0.1294
[TRAIN train_climax_no_range_extreme_corruption_s44] [TRAIN] stage=pretrain epoch=1/1 batch=1980/3000 step=1980 repair=0.004184 localization=0.2923 type=1.985 minimal=0.02545 physics=0.09365 total=0.3935
[TRAIN train_climax_no_range_extreme_corruption_s44] [TRAIN] stage=pretrain epoch=1/1 batch=1990/3000 step=1990 repair=0.004055 localization=0.2243 type=0.8191 minimal=0.02138 physics=0.3162 total=0.1996
[TRAIN train_climax_no_range_extreme_corruption_s44] [TRAIN] stage=pretrain epoch=1/1 batch=2000/3000 step=2000 repair=0.001472 localization=0.06965 type=0.006078 minimal=0.0145 physics=0.1807 total=0.01877
[TRAIN train_climax_no_range_extreme_corruption_s44] [TRAIN] stage=pretrain epoch=1/1 batch=2010/3000 step=2010 repair=0.002669 localization=0.0371 type=0.0011 minimal=0.02261 physics=0.2114 total=0.01737
[TRAIN train_climax_no_range_extreme_corruption_s44] [TRAIN] stage=pretrain epoch=1/1 batch=2020/3000 step=2020 repair=0.001804 localization=0.2786 type=1.635 minimal=0.01451 physics=0.1104 total=0.3582
[TRAIN train_climax_no_range_extreme_corruption_s44] [TRAIN] stage=pretrain epoch=1/1 batch=2030/3000 step=2030 repair=0.008331 localization=0.2794 type=0.9341 minimal=0.01414 physics=1.056 total=0.2719
[TRAIN train_climax_no_range_extreme_corruption_s44] [TRAIN] stage=pretrain epoch=1/1 batch=2040/3000 step=2040 repair=0.002373 localization=0.2485 type=1.283 minimal=0.01811 physics=0.1716 total=0.2845
[TRAIN train_climax_no_range_extreme_corruption_s44] [TRAIN] stage=pretrain epoch=1/1 batch=2050/3000 step=2050 repair=0.002299 localization=0.2403 type=1.277 minimal=0.01556 physics=0.3339 total=0.3077
[TRAIN train_climax_no_range_extreme_corruption_s44] [TRAIN] stage=pretrain epoch=1/1 batch=2060/3000 step=2060 repair=0.002813 localization=0.1829 type=1.228 minimal=0.01649 physics=0.08139 total=0.2702
[TRAIN train_climax_no_range_extreme_corruption_s44] [TRAIN] stage=pretrain epoch=1/1 batch=2070/3000 step=2070 repair=0.002531 localization=0.2861 type=1.281 minimal=0.017 physics=0.3905 total=0.3154
[TRAIN train_climax_no_range_extreme_corruption_s44] [TRAIN] stage=pretrain epoch=1/1 batch=2080/3000 step=2080 repair=0.001793 localization=0.2986 type=1.355 minimal=0.01454 physics=0.1672 total=0.3002
[TRAIN train_climax_no_range_extreme_corruption_s44] [TRAIN] stage=pretrain epoch=1/1 batch=2090/3000 step=2090 repair=0.002188 localization=0.3362 type=1.246 minimal=0.01578 physics=0.1052 total=0.2609
[TRAIN train_climax_no_range_extreme_corruption_s44] [TRAIN] stage=pretrain epoch=1/1 batch=2100/3000 step=2100 repair=0.00229 localization=0.1935 type=1.679 minimal=0.01527 physics=0.149 total=0.3266
[TRAIN train_climax_no_range_extreme_corruption_s44] [TRAIN] stage=pretrain epoch=1/1 batch=2110/3000 step=2110 repair=0.007097 localization=0.337 type=0.7795 minimal=0.01779 physics=0.1098 total=0.2158
[TRAIN train_climax_no_range_extreme_corruption_s44] [TRAIN] stage=pretrain epoch=1/1 batch=2120/3000 step=2120 repair=0.002665 localization=0.2999 type=1.668 minimal=0.01598 physics=0.2311 total=0.3757
[TRAIN train_climax_no_range_extreme_corruption_s44] [TRAIN] stage=pretrain epoch=1/1 batch=2130/3000 step=2130 repair=0.001783 localization=0.3424 type=1.021 minimal=0.01522 physics=0.1393 total=0.266
[TRAIN train_climax_no_range_extreme_corruption_s44] [TRAIN] stage=pretrain epoch=1/1 batch=2140/3000 step=2140 repair=0.009046 localization=0.2111 type=1.149 minimal=0.01556 physics=0.06436 total=0.2644
[TRAIN train_climax_no_range_extreme_corruption_s44] [TRAIN] stage=pretrain epoch=1/1 batch=2150/3000 step=2150 repair=0.00492 localization=0.3647 type=1.287 minimal=0.01561 physics=0.09645 total=0.315
[TRAIN train_climax_no_range_extreme_corruption_s44] [TRAIN] stage=pretrain epoch=1/1 batch=2160/3000 step=2160 repair=0.003674 localization=0.284 type=1.249 minimal=0.01401 physics=0.06563 total=0.2971
[TRAIN train_climax_no_range_extreme_corruption_s44] [TRAIN] stage=pretrain epoch=1/1 batch=2170/3000 step=2170 repair=0.004145 localization=0.2308 type=1.475 minimal=0.01605 physics=0.141 total=0.3334
[TRAIN train_climax_no_range_extreme_corruption_s44] [TRAIN] stage=pretrain epoch=1/1 batch=2180/3000 step=2180 repair=0.006443 localization=0.317 type=1.284 minimal=0.01579 physics=0.07155 total=0.287
[TRAIN train_climax_no_range_extreme_corruption_s44] [TRAIN] stage=pretrain epoch=1/1 batch=2190/3000 step=2190 repair=0.004998 localization=0.2929 type=1.063 minimal=0.017 physics=0.1419 total=0.2575
[TRAIN train_climax_no_range_extreme_corruption_s44] [TRAIN] stage=pretrain epoch=1/1 batch=2200/3000 step=2200 repair=0.006735 localization=0.4306 type=0.979 minimal=0.01418 physics=0.1348 total=0.2529
[TRAIN train_climax_no_range_extreme_corruption_s44] [TRAIN] stage=pretrain epoch=1/1 batch=2210/3000 step=2210 repair=0.003642 localization=0.2749 type=0.759 minimal=0.01657 physics=0.1137 total=0.1933
[TRAIN train_climax_no_range_extreme_corruption_s44] [TRAIN] stage=pretrain epoch=1/1 batch=2220/3000 step=2220 repair=0.00879 localization=0.282 type=0.9846 minimal=0.0159 physics=0.2565 total=0.2379
[TRAIN train_climax_no_range_extreme_corruption_s44] [TRAIN] stage=pretrain epoch=1/1 batch=2230/3000 step=2230 repair=0.001699 localization=0.1718 type=1.749 minimal=0.01437 physics=0.136 total=0.3741
[TRAIN train_climax_no_range_extreme_corruption_s44] [TRAIN] stage=pretrain epoch=1/1 batch=2240/3000 step=2240 repair=0.001541 localization=0.4216 type=1.048 minimal=0.01962 physics=0.2405 total=0.2665
[TRAIN train_climax_no_range_extreme_corruption_s44] [TRAIN] stage=pretrain epoch=1/1 batch=2250/3000 step=2250 repair=0.002892 localization=0.1773 type=1.509 minimal=0.01682 physics=0.1522 total=0.3224
[TRAIN train_climax_no_range_extreme_corruption_s44] [TRAIN] stage=pretrain epoch=1/1 batch=2260/3000 step=2260 repair=0.001297 localization=0.01827 type=3.01e-05 minimal=0.02719 physics=0.2548 total=0.01614
[TRAIN train_climax_no_range_extreme_corruption_s44] [TRAIN] stage=pretrain epoch=1/1 batch=2270/3000 step=2270 repair=0.001906 localization=0.2984 type=0.7817 minimal=0.01598 physics=0.1376 total=0.1955
[TRAIN train_climax_no_range_extreme_corruption_s44] [TRAIN] stage=pretrain epoch=1/1 batch=2280/3000 step=2280 repair=0.002115 localization=0.274 type=0.2665 minimal=0.01845 physics=0.08055 total=0.08116
[TRAIN train_climax_no_range_extreme_corruption_s44] [TRAIN] stage=pretrain epoch=1/1 batch=2290/3000 step=2290 repair=0.001017 localization=0.01783 type=0.000467 minimal=0.01727 physics=0.1368 total=0.009884
[TRAIN train_climax_no_range_extreme_corruption_s44] [TRAIN] stage=pretrain epoch=1/1 batch=2300/3000 step=2300 repair=0.001315 localization=0.1218 type=0.02626 minimal=0.01091 physics=0.1444 total=0.02585
[TRAIN train_climax_no_range_extreme_corruption_s44] [TRAIN] stage=pretrain epoch=1/1 batch=2310/3000 step=2310 repair=0.001462 localization=0.2778 type=0.8364 minimal=0.01968 physics=0.0829 total=0.1999
[TRAIN train_climax_no_range_extreme_corruption_s44] [TRAIN] stage=pretrain epoch=1/1 batch=2320/3000 step=2320 repair=0.001537 localization=0.1573 type=2.833 minimal=0.01715 physics=0.1413 total=0.5961
[TRAIN train_climax_no_range_extreme_corruption_s44] [TRAIN] stage=pretrain epoch=1/1 batch=2330/3000 step=2330 repair=0.002023 localization=0.1689 type=0.5191 minimal=0.01611 physics=0.1762 total=0.1378
[TRAIN train_climax_no_range_extreme_corruption_s44] [TRAIN] stage=pretrain epoch=1/1 batch=2340/3000 step=2340 repair=0.001613 localization=0.0636 type=0.002078 minimal=0.01278 physics=0.156 total=0.01634
[TRAIN train_climax_no_range_extreme_corruption_s44] [TRAIN] stage=pretrain epoch=1/1 batch=2350/3000 step=2350 repair=0.0009778 localization=0.01666 type=0.0004876 minimal=0.01247 physics=0.1585 total=0.0108
[TRAIN train_climax_no_range_extreme_corruption_s44] [TRAIN] stage=pretrain epoch=1/1 batch=2360/3000 step=2360 repair=0.002096 localization=0.0149 type=0.0002046 minimal=0.02502 physics=0.2166 total=0.0147
[TRAIN train_climax_no_range_extreme_corruption_s44] [TRAIN] stage=pretrain epoch=1/1 batch=2370/3000 step=2370 repair=0.00485 localization=0.3997 type=0.9592 minimal=0.01514 physics=0.909 total=0.2754
[TRAIN train_climax_no_range_extreme_corruption_s44] [TRAIN] stage=pretrain epoch=1/1 batch=2380/3000 step=2380 repair=0.002252 localization=0.3005 type=0.7781 minimal=0.01668 physics=0.4809 total=0.2163
[TRAIN train_climax_no_range_extreme_corruption_s44] [TRAIN] stage=pretrain epoch=1/1 batch=2390/3000 step=2390 repair=0.003002 localization=0.2919 type=1.206 minimal=0.01945 physics=0.5529 total=0.2829
[TRAIN train_climax_no_range_extreme_corruption_s44] [TRAIN] stage=pretrain epoch=1/1 batch=2400/3000 step=2400 repair=0.002456 localization=0.2849 type=0.8328 minimal=0.01875 physics=0.1093 total=0.196
[TRAIN train_climax_no_range_extreme_corruption_s44] [TRAIN] stage=pretrain epoch=1/1 batch=2410/3000 step=2410 repair=0.001225 localization=0.2974 type=1.284 minimal=0.01189 physics=0.1412 total=0.2949
[TRAIN train_climax_no_range_extreme_corruption_s44] [TRAIN] stage=pretrain epoch=1/1 batch=2420/3000 step=2420 repair=0.001093 localization=0.1337 type=2.046 minimal=0.01194 physics=0.2217 total=0.4362
[TRAIN train_climax_no_range_extreme_corruption_s44] [TRAIN] stage=pretrain epoch=1/1 batch=2430/3000 step=2430 repair=0.002211 localization=0.3798 type=1.309 minimal=0.01442 physics=0.07426 total=0.3106
[TRAIN train_climax_no_range_extreme_corruption_s44] [TRAIN] stage=pretrain epoch=1/1 batch=2440/3000 step=2440 repair=0.00156 localization=0.3019 type=0.9805 minimal=0.01335 physics=0.16 total=0.2295
[TRAIN train_climax_no_range_extreme_corruption_s44] [TRAIN] stage=pretrain epoch=1/1 batch=2450/3000 step=2450 repair=0.001461 localization=0.3085 type=1.289 minimal=0.01326 physics=0.09623 total=0.2737
[TRAIN train_climax_no_range_extreme_corruption_s44] [TRAIN] stage=pretrain epoch=1/1 batch=2460/3000 step=2460 repair=0.004625 localization=0.2903 type=0.9382 minimal=0.01387 physics=0.06876 total=0.2442
[TRAIN train_climax_no_range_extreme_corruption_s44] [TRAIN] stage=pretrain epoch=1/1 batch=2470/3000 step=2470 repair=0.002099 localization=0.3472 type=1.039 minimal=0.0153 physics=0.1088 total=0.2525
[TRAIN train_climax_no_range_extreme_corruption_s44] [TRAIN] stage=pretrain epoch=1/1 batch=2480/3000 step=2480 repair=0.005811 localization=0.2417 type=1.314 minimal=0.01567 physics=0.4239 total=0.2987
[TRAIN train_climax_no_range_extreme_corruption_s44] [TRAIN] stage=pretrain epoch=1/1 batch=2490/3000 step=2490 repair=0.001186 localization=0.2706 type=0.8879 minimal=0.01257 physics=0.1143 total=0.2052
[TRAIN train_climax_no_range_extreme_corruption_s44] [TRAIN] stage=pretrain epoch=1/1 batch=2500/3000 step=2500 repair=0.005273 localization=0.3225 type=1.286 minimal=0.01431 physics=0.119 total=0.3071
[TRAIN train_climax_no_range_extreme_corruption_s44] [TRAIN] stage=pretrain epoch=1/1 batch=2510/3000 step=2510 repair=0.001645 localization=0.3011 type=1.566 minimal=0.01562 physics=0.08994 total=0.2997
[TRAIN train_climax_no_range_extreme_corruption_s44] [TRAIN] stage=pretrain epoch=1/1 batch=2520/3000 step=2520 repair=0.001529 localization=0.2262 type=2.934 minimal=0.01543 physics=0.08021 total=0.6269
[TRAIN train_climax_no_range_extreme_corruption_s44] [TRAIN] stage=pretrain epoch=1/1 batch=2530/3000 step=2530 repair=0.005023 localization=0.3544 type=0.9583 minimal=0.01433 physics=0.1719 total=0.2263
[TRAIN train_climax_no_range_extreme_corruption_s44] [TRAIN] stage=pretrain epoch=1/1 batch=2540/3000 step=2540 repair=0.002358 localization=0.1995 type=2.08 minimal=0.01633 physics=0.1425 total=0.4379
[TRAIN train_climax_no_range_extreme_corruption_s44] [TRAIN] stage=pretrain epoch=1/1 batch=2550/3000 step=2550 repair=0.001661 localization=0.1813 type=0.145 minimal=0.01186 physics=0.1556 total=0.05617
[TRAIN train_climax_no_range_extreme_corruption_s44] [TRAIN] stage=pretrain epoch=1/1 batch=2560/3000 step=2560 repair=0.0009855 localization=0.0132 type=0.0002046 minimal=0.01601 physics=0.1405 total=0.009528
[TRAIN train_climax_no_range_extreme_corruption_s44] [TRAIN] stage=pretrain epoch=1/1 batch=2570/3000 step=2570 repair=0.003442 localization=0.2491 type=1.631 minimal=0.01232 physics=0.1976 total=0.3421
[TRAIN train_climax_no_range_extreme_corruption_s44] [TRAIN] stage=pretrain epoch=1/1 batch=2580/3000 step=2580 repair=0.007531 localization=0.2657 type=0.7476 minimal=0.01556 physics=0.1341 total=0.1823
[TRAIN train_climax_no_range_extreme_corruption_s44] [TRAIN] stage=pretrain epoch=1/1 batch=2590/3000 step=2590 repair=0.001548 localization=0.5131 type=2.406 minimal=0.01374 physics=0.09503 total=0.5481
[TRAIN train_climax_no_range_extreme_corruption_s44] [TRAIN] stage=pretrain epoch=1/1 batch=2600/3000 step=2600 repair=0.002041 localization=0.3672 type=1.814 minimal=0.01347 physics=0.2389 total=0.4225
[TRAIN train_climax_no_range_extreme_corruption_s44] [TRAIN] stage=pretrain epoch=1/1 batch=2610/3000 step=2610 repair=0.00641 localization=0.2485 type=0.9573 minimal=0.01781 physics=0.561 total=0.2437
[TRAIN train_climax_no_range_extreme_corruption_s44] [TRAIN] stage=pretrain epoch=1/1 batch=2620/3000 step=2620 repair=0.001924 localization=0.4527 type=2.084 minimal=0.0157 physics=0.05819 total=0.4791
[TRAIN train_climax_no_range_extreme_corruption_s44] [TRAIN] stage=pretrain epoch=1/1 batch=2630/3000 step=2630 repair=0.0008073 localization=0.0189 type=0.0002657 minimal=0.01316 physics=0.1289 total=0.009315
[TRAIN train_climax_no_range_extreme_corruption_s44] [TRAIN] stage=pretrain epoch=1/1 batch=2640/3000 step=2640 repair=0.0007469 localization=0.03295 type=0.0006056 minimal=0.01125 physics=0.1031 total=0.009406
[TRAIN train_climax_no_range_extreme_corruption_s44] [TRAIN] stage=pretrain epoch=1/1 batch=2650/3000 step=2650 repair=0.009173 localization=0.2437 type=0.7671 minimal=0.01619 physics=0.08726 total=0.1945
[TRAIN train_climax_no_range_extreme_corruption_s44] [TRAIN] stage=pretrain epoch=1/1 batch=2660/3000 step=2660 repair=0.00157 localization=0.02314 type=9.823e-05 minimal=0.01566 physics=0.153 total=0.01171
[TRAIN train_climax_no_range_extreme_corruption_s44] [TRAIN] stage=pretrain epoch=1/1 batch=2670/3000 step=2670 repair=0.001488 localization=0.1645 type=1.153 minimal=0.01317 physics=0.176 total=0.2504
[TRAIN train_climax_no_range_extreme_corruption_s44] [TRAIN] stage=pretrain epoch=1/1 batch=2680/3000 step=2680 repair=0.0008438 localization=0.01106 type=3.219e-05 minimal=0.01689 physics=0.1249 total=0.00837
[TRAIN train_climax_no_range_extreme_corruption_s44] [TRAIN] stage=pretrain epoch=1/1 batch=2690/3000 step=2690 repair=0.002779 localization=0.2591 type=1.02 minimal=0.01729 physics=0.134 total=0.234
[TRAIN train_climax_no_range_extreme_corruption_s44] [TRAIN] stage=pretrain epoch=1/1 batch=2700/3000 step=2700 repair=0.001972 localization=0.2673 type=0.6868 minimal=0.01408 physics=0.1071 total=0.1727
[TRAIN train_climax_no_range_extreme_corruption_s44] [TRAIN] stage=pretrain epoch=1/1 batch=2710/3000 step=2710 repair=0.004637 localization=0.3941 type=2.027 minimal=0.01474 physics=0.09031 total=0.4378
[TRAIN train_climax_no_range_extreme_corruption_s44] [TRAIN] stage=pretrain epoch=1/1 batch=2720/3000 step=2720 repair=0.001894 localization=0.309 type=1.827 minimal=0.01848 physics=0.7053 total=0.4526
[TRAIN train_climax_no_range_extreme_corruption_s44] [TRAIN] stage=pretrain epoch=1/1 batch=2730/3000 step=2730 repair=0.001289 localization=0.02352 type=0.0001597 minimal=0.01733 physics=0.1522 total=0.01145
[TRAIN train_climax_no_range_extreme_corruption_s44] [TRAIN] stage=pretrain epoch=1/1 batch=2740/3000 step=2740 repair=0.004253 localization=0.2374 type=1.308 minimal=0.02054 physics=0.4347 total=0.3297
[TRAIN train_climax_no_range_extreme_corruption_s44] [TRAIN] stage=pretrain epoch=1/1 batch=2750/3000 step=2750 repair=0.002457 localization=0.3151 type=0.9534 minimal=0.01729 physics=0.08051 total=0.2343
[TRAIN train_climax_no_range_extreme_corruption_s44] [TRAIN] stage=pretrain epoch=1/1 batch=2760/3000 step=2760 repair=0.001327 localization=0.2582 type=0.01682 minimal=0.01183 physics=0.135 total=0.03726
[TRAIN train_climax_no_range_extreme_corruption_s44] [TRAIN] stage=pretrain epoch=1/1 batch=2770/3000 step=2770 repair=0.002321 localization=0.3581 type=1.668 minimal=0.02007 physics=0.2784 total=0.3785
[TRAIN train_climax_no_range_extreme_corruption_s44] [TRAIN] stage=pretrain epoch=1/1 batch=2780/3000 step=2780 repair=0.001018 localization=0.01583 type=0.0009027 minimal=0.01434 physics=0.1146 total=0.008659
[TRAIN train_climax_no_range_extreme_corruption_s44] [TRAIN] stage=pretrain epoch=1/1 batch=2790/3000 step=2790 repair=0.003349 localization=0.3682 type=1.656 minimal=0.01028 physics=0.1553 total=0.3673
[TRAIN train_climax_no_range_extreme_corruption_s44] [TRAIN] stage=pretrain epoch=1/1 batch=2800/3000 step=2800 repair=0.001814 localization=0.3066 type=0.8978 minimal=0.01384 physics=0.08997 total=0.219
[TRAIN train_climax_no_range_extreme_corruption_s44] [TRAIN] stage=pretrain epoch=1/1 batch=2810/3000 step=2810 repair=0.002798 localization=0.3339 type=0.8496 minimal=0.01801 physics=0.06992 total=0.2279
[TRAIN train_climax_no_range_extreme_corruption_s44] [TRAIN] stage=pretrain epoch=1/1 batch=2820/3000 step=2820 repair=0.005066 localization=0.2345 type=1.484 minimal=0.01758 physics=0.09337 total=0.3208
[TRAIN train_climax_no_range_extreme_corruption_s44] [TRAIN] stage=pretrain epoch=1/1 batch=2830/3000 step=2830 repair=0.001394 localization=0.3213 type=0.8213 minimal=0.01472 physics=0.1144 total=0.2154
[TRAIN train_climax_no_range_extreme_corruption_s44] [TRAIN] stage=pretrain epoch=1/1 batch=2840/3000 step=2840 repair=0.002675 localization=0.3423 type=0.8708 minimal=0.01509 physics=0.06142 total=0.2287
[TRAIN train_climax_no_range_extreme_corruption_s44] [TRAIN] stage=pretrain epoch=1/1 batch=2850/3000 step=2850 repair=0.003406 localization=0.3098 type=1.316 minimal=0.01501 physics=0.2692 total=0.316
[TRAIN train_climax_no_range_extreme_corruption_s44] [TRAIN] stage=pretrain epoch=1/1 batch=2860/3000 step=2860 repair=0.002863 localization=0.1978 type=1.166 minimal=0.0162 physics=0.147 total=0.2585
[TRAIN train_climax_no_range_extreme_corruption_s44] [TRAIN] stage=pretrain epoch=1/1 batch=2870/3000 step=2870 repair=0.001254 localization=0.01861 type=5.895e-05 minimal=0.02422 physics=0.3213 total=0.01943
[TRAIN train_climax_no_range_extreme_corruption_s44] [TRAIN] stage=pretrain epoch=1/1 batch=2880/3000 step=2880 repair=0.001217 localization=0.07486 type=0.03421 minimal=0.01151 physics=0.1406 total=0.02223
[TRAIN train_climax_no_range_extreme_corruption_s44] [TRAIN] stage=pretrain epoch=1/1 batch=2890/3000 step=2890 repair=0.002406 localization=0.2047 type=0.8813 minimal=0.01444 physics=0.1164 total=0.2084
[TRAIN train_climax_no_range_extreme_corruption_s44] [TRAIN] stage=pretrain epoch=1/1 batch=2900/3000 step=2900 repair=0.005128 localization=0.3396 type=0.9648 minimal=0.01611 physics=0.1247 total=0.2378
[TRAIN train_climax_no_range_extreme_corruption_s44] [TRAIN] stage=pretrain epoch=1/1 batch=2910/3000 step=2910 repair=0.01434 localization=0.345 type=0.9548 minimal=0.01561 physics=1.874 total=0.3306
[TRAIN train_climax_no_range_extreme_corruption_s44] [TRAIN] stage=pretrain epoch=1/1 batch=2920/3000 step=2920 repair=0.002963 localization=0.5297 type=1.747 minimal=0.01688 physics=0.3554 total=0.4009
[TRAIN train_climax_no_range_extreme_corruption_s44] [TRAIN] stage=pretrain epoch=1/1 batch=2930/3000 step=2930 repair=0.002474 localization=0.2451 type=1.47 minimal=0.01704 physics=0.1729 total=0.2987
[TRAIN train_climax_no_range_extreme_corruption_s44] [TRAIN] stage=pretrain epoch=1/1 batch=2940/3000 step=2940 repair=0.01436 localization=0.3674 type=1.585 minimal=0.01884 physics=0.8244 total=0.4036
[TRAIN train_climax_no_range_extreme_corruption_s44] [TRAIN] stage=pretrain epoch=1/1 batch=2950/3000 step=2950 repair=0.002753 localization=0.1611 type=2.433 minimal=0.01544 physics=0.1187 total=0.5205
[TRAIN train_climax_no_range_extreme_corruption_s44] [TRAIN] stage=pretrain epoch=1/1 batch=2960/3000 step=2960 repair=0.001965 localization=0.3348 type=0.9404 minimal=0.01545 physics=0.294 total=0.2471
[TRAIN train_climax_no_range_extreme_corruption_s44] [TRAIN] stage=pretrain epoch=1/1 batch=2970/3000 step=2970 repair=0.002146 localization=0.2628 type=1.067 minimal=0.01548 physics=0.08378 total=0.23
[TRAIN train_climax_no_range_extreme_corruption_s44] [TRAIN] stage=pretrain epoch=1/1 batch=2980/3000 step=2980 repair=0.001619 localization=0.25 type=1.16 minimal=0.01271 physics=0.1107 total=0.2752
[TRAIN train_climax_no_range_extreme_corruption_s44] [TRAIN] stage=pretrain epoch=1/1 batch=2990/3000 step=2990 repair=0.008376 localization=0.3316 type=0.9248 minimal=0.01581 physics=0.09378 total=0.2376
[TRAIN train_climax_no_range_extreme_corruption_s44] [TRAIN] stage=pretrain epoch=1/1 batch=3000/3000 step=3000 repair=0.001394 localization=0.2383 type=1.155 minimal=0.01319 physics=0.05682 total=0.2515
[TRAIN train_climax_no_range_extreme_corruption_s44] [EPOCH] {'stage': 'pretrain', 'epoch': 0, 'global_step': 3000, 'train_total': 0.2919415822958884, 'val_repair_mse': 0.1297711341176182, 'elapsed_seconds': 1801.66}
[TRAIN train_climax_no_range_extreme_corruption_s44] [BEST] val_repair_mse=0.129771
[TRAIN train_climax_no_range_extreme_corruption_s44] [STAGE] finetune epochs=1 start_epoch=0
[TRAIN train_climax_no_range_extreme_corruption_s44] [TRAIN] stage=finetune epoch=1/1 batch=10/3000 step=3010 repair=0.1274 localization=0 type=0 minimal=0.03387 physics=0.4725 total=0.1514
[TRAIN train_climax_no_range_extreme_corruption_s44] [TRAIN] stage=finetune epoch=1/1 batch=20/3000 step=3020 repair=0.1199 localization=0 type=0 minimal=0.03586 physics=0.5088 total=0.1457
[TRAIN train_climax_no_range_extreme_corruption_s44] [TRAIN] stage=finetune epoch=1/1 batch=30/3000 step=3030 repair=0.09565 localization=0 type=0 minimal=0.04141 physics=0.4747 total=0.1198
[TRAIN train_climax_no_range_extreme_corruption_s44] [TRAIN] stage=finetune epoch=1/1 batch=40/3000 step=3040 repair=0.1505 localization=0 type=0 minimal=0.0368 physics=0.5557 total=0.1786
[TRAIN train_climax_no_range_extreme_corruption_s44] [TRAIN] stage=finetune epoch=1/1 batch=50/3000 step=3050 repair=0.1658 localization=0 type=0 minimal=0.04025 physics=0.5405 total=0.1932
[TRAIN train_climax_no_range_extreme_corruption_s44] [TRAIN] stage=finetune epoch=1/1 batch=60/3000 step=3060 repair=0.1007 localization=0 type=0 minimal=0.03406 physics=0.5057 total=0.1263
[TRAIN train_climax_no_range_extreme_corruption_s44] [TRAIN] stage=finetune epoch=1/1 batch=70/3000 step=3070 repair=0.09382 localization=0 type=0 minimal=0.03787 physics=0.4168 total=0.115
[TRAIN train_climax_no_range_extreme_corruption_s44] [TRAIN] stage=finetune epoch=1/1 batch=80/3000 step=3080 repair=0.1253 localization=0 type=0 minimal=0.04092 physics=0.4105 total=0.1462
[TRAIN train_climax_no_range_extreme_corruption_s44] [TRAIN] stage=finetune epoch=1/1 batch=90/3000 step=3090 repair=0.1332 localization=0 type=0 minimal=0.04013 physics=0.8176 total=0.1745
[TRAIN train_climax_no_range_extreme_corruption_s44] [TRAIN] stage=finetune epoch=1/1 batch=100/3000 step=3100 repair=0.101 localization=0 type=0 minimal=0.03946 physics=0.535 total=0.1281
[TRAIN train_climax_no_range_extreme_corruption_s44] [TRAIN] stage=finetune epoch=1/1 batch=110/3000 step=3110 repair=0.1294 localization=0 type=0 minimal=0.03619 physics=0.762 total=0.1678
[TRAIN train_climax_no_range_extreme_corruption_s44] [TRAIN] stage=finetune epoch=1/1 batch=120/3000 step=3120 repair=0.1651 localization=0 type=0 minimal=0.03824 physics=0.6591 total=0.1985
[TRAIN train_climax_no_range_extreme_corruption_s44] [TRAIN] stage=finetune epoch=1/1 batch=130/3000 step=3130 repair=0.097 localization=0 type=0 minimal=0.04169 physics=0.4343 total=0.1191
[TRAIN train_climax_no_range_extreme_corruption_s44] [TRAIN] stage=finetune epoch=1/1 batch=140/3000 step=3140 repair=0.1227 localization=0 type=0 minimal=0.04126 physics=0.39 total=0.1427
[TRAIN train_climax_no_range_extreme_corruption_s44] [TRAIN] stage=finetune epoch=1/1 batch=150/3000 step=3150 repair=0.09174 localization=0 type=0 minimal=0.04254 physics=0.3927 total=0.1118
[TRAIN train_climax_no_range_extreme_corruption_s44] [TRAIN] stage=finetune epoch=1/1 batch=160/3000 step=3160 repair=0.08602 localization=0 type=0 minimal=0.04089 physics=0.3555 total=0.1042
[TRAIN train_climax_no_range_extreme_corruption_s44] [TRAIN] stage=finetune epoch=1/1 batch=170/3000 step=3170 repair=0.1645 localization=0 type=0 minimal=0.04425 physics=0.3607 total=0.183
[TRAIN train_climax_no_range_extreme_corruption_s44] [TRAIN] stage=finetune epoch=1/1 batch=180/3000 step=3180 repair=0.1308 localization=0 type=0 minimal=0.0437 physics=0.2771 total=0.1451
[TRAIN train_climax_no_range_extreme_corruption_s44] [TRAIN] stage=finetune epoch=1/1 batch=190/3000 step=3190 repair=0.08864 localization=0 type=0 minimal=0.04251 physics=0.2903 total=0.1036
[TRAIN train_climax_no_range_extreme_corruption_s44] [TRAIN] stage=finetune epoch=1/1 batch=200/3000 step=3200 repair=0.1307 localization=0 type=0 minimal=0.0416 physics=0.6925 total=0.1658
[TRAIN train_climax_no_range_extreme_corruption_s44] [TRAIN] stage=finetune epoch=1/1 batch=210/3000 step=3210 repair=0.1498 localization=0 type=0 minimal=0.04364 physics=0.413 total=0.1709
[TRAIN train_climax_no_range_extreme_corruption_s44] [TRAIN] stage=finetune epoch=1/1 batch=220/3000 step=3220 repair=0.1205 localization=0 type=0 minimal=0.04541 physics=0.4808 total=0.145
[TRAIN train_climax_no_range_extreme_corruption_s44] [TRAIN] stage=finetune epoch=1/1 batch=230/3000 step=3230 repair=0.1323 localization=0 type=0 minimal=0.04117 physics=0.2992 total=0.1477
[TRAIN train_climax_no_range_extreme_corruption_s44] [TRAIN] stage=finetune epoch=1/1 batch=240/3000 step=3240 repair=0.08804 localization=0 type=0 minimal=0.0473 physics=0.3389 total=0.1055
[TRAIN train_climax_no_range_extreme_corruption_s44] [TRAIN] stage=finetune epoch=1/1 batch=250/3000 step=3250 repair=0.09431 localization=0 type=0 minimal=0.04761 physics=0.4272 total=0.1162
[TRAIN train_climax_no_range_extreme_corruption_s44] [TRAIN] stage=finetune epoch=1/1 batch=260/3000 step=3260 repair=0.07926 localization=0 type=0 minimal=0.04446 physics=0.5566 total=0.1075
[TRAIN train_climax_no_range_extreme_corruption_s44] [TRAIN] stage=finetune epoch=1/1 batch=270/3000 step=3270 repair=0.0879 localization=0 type=0 minimal=0.04434 physics=0.3706 total=0.1069
[TRAIN train_climax_no_range_extreme_corruption_s44] [TRAIN] stage=finetune epoch=1/1 batch=280/3000 step=3280 repair=0.1366 localization=0 type=0 minimal=0.04727 physics=0.6851 total=0.1713
[TRAIN train_climax_no_range_extreme_corruption_s44] [TRAIN] stage=finetune epoch=1/1 batch=290/3000 step=3290 repair=0.09042 localization=0 type=0 minimal=0.0502 physics=0.4311 total=0.1125
[TRAIN train_climax_no_range_extreme_corruption_s44] [TRAIN] stage=finetune epoch=1/1 batch=300/3000 step=3300 repair=0.117 localization=0 type=0 minimal=0.04706 physics=0.4259 total=0.1388
[TRAIN train_climax_no_range_extreme_corruption_s44] [TRAIN] stage=finetune epoch=1/1 batch=310/3000 step=3310 repair=0.1139 localization=0 type=0 minimal=0.04364 physics=0.3447 total=0.1316
[TRAIN train_climax_no_range_extreme_corruption_s44] [TRAIN] stage=finetune epoch=1/1 batch=320/3000 step=3320 repair=0.0885 localization=0 type=0 minimal=0.04846 physics=0.6849 total=0.1232
[TRAIN train_climax_no_range_extreme_corruption_s44] [TRAIN] stage=finetune epoch=1/1 batch=330/3000 step=3330 repair=0.1474 localization=0 type=0 minimal=0.03992 physics=0.5693 total=0.1763
[TRAIN train_climax_no_range_extreme_corruption_s44] [TRAIN] stage=finetune epoch=1/1 batch=340/3000 step=3340 repair=0.0862 localization=0 type=0 minimal=0.04294 physics=0.5204 total=0.1126
[TRAIN train_climax_no_range_extreme_corruption_s44] [TRAIN] stage=finetune epoch=1/1 batch=350/3000 step=3350 repair=0.09209 localization=0 type=0 minimal=0.04752 physics=0.5339 total=0.1193
[TRAIN train_climax_no_range_extreme_corruption_s44] [TRAIN] stage=finetune epoch=1/1 batch=360/3000 step=3360 repair=0.08483 localization=0 type=0 minimal=0.03955 physics=0.5365 total=0.1121
[TRAIN train_climax_no_range_extreme_corruption_s44] [TRAIN] stage=finetune epoch=1/1 batch=370/3000 step=3370 repair=0.1179 localization=0 type=0 minimal=0.04282 physics=0.7351 total=0.1551
[TRAIN train_climax_no_range_extreme_corruption_s44] [TRAIN] stage=finetune epoch=1/1 batch=380/3000 step=3380 repair=0.08301 localization=0 type=0 minimal=0.04379 physics=0.5408 total=0.1105
[TRAIN train_climax_no_range_extreme_corruption_s44] [TRAIN] stage=finetune epoch=1/1 batch=390/3000 step=3390 repair=0.1219 localization=0 type=0 minimal=0.04639 physics=0.5301 total=0.1489
[TRAIN train_climax_no_range_extreme_corruption_s44] [TRAIN] stage=finetune epoch=1/1 batch=400/3000 step=3400 repair=0.1232 localization=0 type=0 minimal=0.04602 physics=0.6104 total=0.1542
[TRAIN train_climax_no_range_extreme_corruption_s44] [TRAIN] stage=finetune epoch=1/1 batch=410/3000 step=3410 repair=0.07647 localization=0 type=0 minimal=0.04205 physics=0.5438 total=0.1041
[TRAIN train_climax_no_range_extreme_corruption_s44] [TRAIN] stage=finetune epoch=1/1 batch=420/3000 step=3420 repair=0.07408 localization=0 type=0 minimal=0.04407 physics=0.4461 total=0.09682
[TRAIN train_climax_no_range_extreme_corruption_s44] [TRAIN] stage=finetune epoch=1/1 batch=430/3000 step=3430 repair=0.08015 localization=0 type=0 minimal=0.04889 physics=0.5069 total=0.106
[TRAIN train_climax_no_range_extreme_corruption_s44] [TRAIN] stage=finetune epoch=1/1 batch=440/3000 step=3440 repair=0.1174 localization=0 type=0 minimal=0.04874 physics=0.5978 total=0.1478
[TRAIN train_climax_no_range_extreme_corruption_s44] [TRAIN] stage=finetune epoch=1/1 batch=450/3000 step=3450 repair=0.08025 localization=0 type=0 minimal=0.04691 physics=0.5016 total=0.1058
[TRAIN train_climax_no_range_extreme_corruption_s44] [TRAIN] stage=finetune epoch=1/1 batch=460/3000 step=3460 repair=0.06555 localization=0 type=0 minimal=0.04767 physics=0.4834 total=0.0902
[TRAIN train_climax_no_range_extreme_corruption_s44] [TRAIN] stage=finetune epoch=1/1 batch=470/3000 step=3470 repair=0.1221 localization=0 type=0 minimal=0.04663 physics=0.4676 total=0.146
[TRAIN train_climax_no_range_extreme_corruption_s44] [TRAIN] stage=finetune epoch=1/1 batch=480/3000 step=3480 repair=0.1637 localization=0 type=0 minimal=0.05103 physics=0.5707 total=0.1927
[TRAIN train_climax_no_range_extreme_corruption_s44] [TRAIN] stage=finetune epoch=1/1 batch=490/3000 step=3490 repair=0.0939 localization=0 type=0 minimal=0.04852 physics=0.5875 total=0.1238
[TRAIN train_climax_no_range_extreme_corruption_s44] [TRAIN] stage=finetune epoch=1/1 batch=500/3000 step=3500 repair=0.1749 localization=0 type=0 minimal=0.05066 physics=0.6047 total=0.2056
[TRAIN train_climax_no_range_extreme_corruption_s44] [TRAIN] stage=finetune epoch=1/1 batch=510/3000 step=3510 repair=0.1226 localization=0 type=0 minimal=0.04593 physics=0.6062 total=0.1534
[TRAIN train_climax_no_range_extreme_corruption_s44] [TRAIN] stage=finetune epoch=1/1 batch=520/3000 step=3520 repair=0.1184 localization=0 type=0 minimal=0.04709 physics=0.5487 total=0.1463
[TRAIN train_climax_no_range_extreme_corruption_s44] [TRAIN] stage=finetune epoch=1/1 batch=530/3000 step=3530 repair=0.1255 localization=0 type=0 minimal=0.05392 physics=0.6152 total=0.1568
[TRAIN train_climax_no_range_extreme_corruption_s44] [TRAIN] stage=finetune epoch=1/1 batch=540/3000 step=3540 repair=0.1209 localization=0 type=0 minimal=0.05075 physics=0.6368 total=0.1532
[TRAIN train_climax_no_range_extreme_corruption_s44] [TRAIN] stage=finetune epoch=1/1 batch=550/3000 step=3550 repair=0.0795 localization=0 type=0 minimal=0.04761 physics=0.6603 total=0.113
[TRAIN train_climax_no_range_extreme_corruption_s44] [TRAIN] stage=finetune epoch=1/1 batch=560/3000 step=3560 repair=0.1251 localization=0 type=0 minimal=0.05194 physics=0.6543 total=0.1584
[TRAIN train_climax_no_range_extreme_corruption_s44] [TRAIN] stage=finetune epoch=1/1 batch=570/3000 step=3570 repair=0.123 localization=0 type=0 minimal=0.04425 physics=0.5812 total=0.1525
[TRAIN train_climax_no_range_extreme_corruption_s44] [TRAIN] stage=finetune epoch=1/1 batch=580/3000 step=3580 repair=0.07631 localization=0 type=0 minimal=0.04767 physics=0.5849 total=0.106
[TRAIN train_climax_no_range_extreme_corruption_s44] [TRAIN] stage=finetune epoch=1/1 batch=590/3000 step=3590 repair=0.1271 localization=0 type=0 minimal=0.05432 physics=0.5182 total=0.1536
[TRAIN train_climax_no_range_extreme_corruption_s44] [TRAIN] stage=finetune epoch=1/1 batch=600/3000 step=3600 repair=0.0655 localization=0 type=0 minimal=0.05267 physics=0.5256 total=0.0923
[TRAIN train_climax_no_range_extreme_corruption_s44] [TRAIN] stage=finetune epoch=1/1 batch=610/3000 step=3610 repair=0.1174 localization=0 type=0 minimal=0.04974 physics=0.6529 total=0.1506
[TRAIN train_climax_no_range_extreme_corruption_s44] [TRAIN] stage=finetune epoch=1/1 batch=620/3000 step=3620 repair=0.07368 localization=0 type=0 minimal=0.05182 physics=0.498 total=0.09909
[TRAIN train_climax_no_range_extreme_corruption_s44] [TRAIN] stage=finetune epoch=1/1 batch=630/3000 step=3630 repair=0.08395 localization=0 type=0 minimal=0.05362 physics=0.4681 total=0.1079
[TRAIN train_climax_no_range_extreme_corruption_s44] [TRAIN] stage=finetune epoch=1/1 batch=640/3000 step=3640 repair=0.0851 localization=0 type=0 minimal=0.04712 physics=0.6179 total=0.1165
[TRAIN train_climax_no_range_extreme_corruption_s44] [TRAIN] stage=finetune epoch=1/1 batch=650/3000 step=3650 repair=0.1297 localization=0 type=0 minimal=0.04959 physics=0.5666 total=0.1585
[TRAIN train_climax_no_range_extreme_corruption_s44] [TRAIN] stage=finetune epoch=1/1 batch=660/3000 step=3660 repair=0.1147 localization=0 type=0 minimal=0.05524 physics=0.4925 total=0.1399
[TRAIN train_climax_no_range_extreme_corruption_s44] [TRAIN] stage=finetune epoch=1/1 batch=670/3000 step=3670 repair=0.0758 localization=0 type=0 minimal=0.0499 physics=0.4439 total=0.09849
[TRAIN train_climax_no_range_extreme_corruption_s44] [TRAIN] stage=finetune epoch=1/1 batch=680/3000 step=3680 repair=0.1018 localization=0 type=0 minimal=0.06451 physics=0.4405 total=0.1245
[TRAIN train_climax_no_range_extreme_corruption_s44] [TRAIN] stage=finetune epoch=1/1 batch=690/3000 step=3690 repair=0.1249 localization=0 type=0 minimal=0.05615 physics=0.485 total=0.1498
[TRAIN train_climax_no_range_extreme_corruption_s44] [TRAIN] stage=finetune epoch=1/1 batch=700/3000 step=3700 repair=0.08097 localization=0 type=0 minimal=0.05087 physics=0.5628 total=0.1096
[TRAIN train_climax_no_range_extreme_corruption_s44] [TRAIN] stage=finetune epoch=1/1 batch=710/3000 step=3710 repair=0.1189 localization=0 type=0 minimal=0.05679 physics=0.7583 total=0.1574
[TRAIN train_climax_no_range_extreme_corruption_s44] [TRAIN] stage=finetune epoch=1/1 batch=720/3000 step=3720 repair=0.1181 localization=0 type=0 minimal=0.05029 physics=0.3582 total=0.1365
[TRAIN train_climax_no_range_extreme_corruption_s44] [TRAIN] stage=finetune epoch=1/1 batch=730/3000 step=3730 repair=0.07783 localization=0 type=0 minimal=0.04825 physics=0.3317 total=0.09489
[TRAIN train_climax_no_range_extreme_corruption_s44] [TRAIN] stage=finetune epoch=1/1 batch=740/3000 step=3740 repair=0.1326 localization=0 type=0 minimal=0.0535 physics=0.5144 total=0.1588
[TRAIN train_climax_no_range_extreme_corruption_s44] [TRAIN] stage=finetune epoch=1/1 batch=750/3000 step=3750 repair=0.07805 localization=0 type=0 minimal=0.06055 physics=0.4531 total=0.1013
[TRAIN train_climax_no_range_extreme_corruption_s44] [TRAIN] stage=finetune epoch=1/1 batch=760/3000 step=3760 repair=0.07556 localization=0 type=0 minimal=0.0513 physics=0.8209 total=0.1171
[TRAIN train_climax_no_range_extreme_corruption_s44] [TRAIN] stage=finetune epoch=1/1 batch=770/3000 step=3770 repair=0.09172 localization=0 type=0 minimal=0.05396 physics=0.7492 total=0.1297
[TRAIN train_climax_no_range_extreme_corruption_s44] [TRAIN] stage=finetune epoch=1/1 batch=780/3000 step=3780 repair=0.07173 localization=0 type=0 minimal=0.05176 physics=0.4368 total=0.09409
[TRAIN train_climax_no_range_extreme_corruption_s44] [TRAIN] stage=finetune epoch=1/1 batch=790/3000 step=3790 repair=0.1087 localization=0 type=0 minimal=0.05334 physics=0.4085 total=0.1297
[TRAIN train_climax_no_range_extreme_corruption_s44] [TRAIN] stage=finetune epoch=1/1 batch=800/3000 step=3800 repair=0.1512 localization=0 type=0 minimal=0.05414 physics=0.3861 total=0.171
[TRAIN train_climax_no_range_extreme_corruption_s44] [TRAIN] stage=finetune epoch=1/1 batch=810/3000 step=3810 repair=0.07706 localization=0 type=0 minimal=0.05585 physics=0.4487 total=0.1001
[TRAIN train_climax_no_range_extreme_corruption_s44] [TRAIN] stage=finetune epoch=1/1 batch=820/3000 step=3820 repair=0.0886 localization=0 type=0 minimal=0.05643 physics=0.4714 total=0.1127
[TRAIN train_climax_no_range_extreme_corruption_s44] [TRAIN] stage=finetune epoch=1/1 batch=830/3000 step=3830 repair=0.09443 localization=0 type=0 minimal=0.05618 physics=0.4725 total=0.1186
[TRAIN train_climax_no_range_extreme_corruption_s44] [TRAIN] stage=finetune epoch=1/1 batch=840/3000 step=3840 repair=0.1213 localization=0 type=0 minimal=0.05402 physics=0.4363 total=0.1436
[TRAIN train_climax_no_range_extreme_corruption_s44] [TRAIN] stage=finetune epoch=1/1 batch=850/3000 step=3850 repair=0.1317 localization=0 type=0 minimal=0.05765 physics=0.4991 total=0.1572
[TRAIN train_climax_no_range_extreme_corruption_s44] [TRAIN] stage=finetune epoch=1/1 batch=860/3000 step=3860 repair=0.08052 localization=0 type=0 minimal=0.05734 physics=0.5512 total=0.1087
[TRAIN train_climax_no_range_extreme_corruption_s44] [TRAIN] stage=finetune epoch=1/1 batch=870/3000 step=3870 repair=0.08595 localization=0 type=0 minimal=0.05527 physics=0.4276 total=0.1079
[TRAIN train_climax_no_range_extreme_corruption_s44] [TRAIN] stage=finetune epoch=1/1 batch=880/3000 step=3880 repair=0.1145 localization=0 type=0 minimal=0.05795 physics=0.4825 total=0.1392
[TRAIN train_climax_no_range_extreme_corruption_s44] [TRAIN] stage=finetune epoch=1/1 batch=890/3000 step=3890 repair=0.07652 localization=0 type=0 minimal=0.05557 physics=0.5667 total=0.1054
[TRAIN train_climax_no_range_extreme_corruption_s44] [TRAIN] stage=finetune epoch=1/1 batch=900/3000 step=3900 repair=0.08019 localization=0 type=0 minimal=0.05438 physics=0.4157 total=0.1015
[TRAIN train_climax_no_range_extreme_corruption_s44] [TRAIN] stage=finetune epoch=1/1 batch=910/3000 step=3910 repair=0.07832 localization=0 type=0 minimal=0.06241 physics=0.5038 total=0.1041
[TRAIN train_climax_no_range_extreme_corruption_s44] [TRAIN] stage=finetune epoch=1/1 batch=920/3000 step=3920 repair=0.114 localization=0 type=0 minimal=0.05646 physics=0.4684 total=0.138
[TRAIN train_climax_no_range_extreme_corruption_s44] [TRAIN] stage=finetune epoch=1/1 batch=930/3000 step=3930 repair=0.0692 localization=0 type=0 minimal=0.0542 physics=0.5279 total=0.09614
[TRAIN train_climax_no_range_extreme_corruption_s44] [TRAIN] stage=finetune epoch=1/1 batch=940/3000 step=3940 repair=0.06797 localization=0 type=0 minimal=0.05859 physics=0.5534 total=0.09623
[TRAIN train_climax_no_range_extreme_corruption_s44] [TRAIN] stage=finetune epoch=1/1 batch=950/3000 step=3950 repair=0.09429 localization=0 type=0 minimal=0.06366 physics=0.511 total=0.1205
[TRAIN train_climax_no_range_extreme_corruption_s44] [TRAIN] stage=finetune epoch=1/1 batch=960/3000 step=3960 repair=0.08505 localization=0 type=0 minimal=0.05362 physics=0.3914 total=0.1052
[TRAIN train_climax_no_range_extreme_corruption_s44] [TRAIN] stage=finetune epoch=1/1 batch=970/3000 step=3970 repair=0.1636 localization=0 type=0 minimal=0.05411 physics=0.4945 total=0.1889
[TRAIN train_climax_no_range_extreme_corruption_s44] [TRAIN] stage=finetune epoch=1/1 batch=980/3000 step=3980 repair=0.0846 localization=0 type=0 minimal=0.05215 physics=0.7089 total=0.1206
[TRAIN train_climax_no_range_extreme_corruption_s44] [TRAIN] stage=finetune epoch=1/1 batch=990/3000 step=3990 repair=0.08024 localization=0 type=0 minimal=0.05359 physics=0.4618 total=0.1039
[TRAIN train_climax_no_range_extreme_corruption_s44] [TRAIN] stage=finetune epoch=1/1 batch=1000/3000 step=4000 repair=0.1206 localization=0 type=0 minimal=0.06061 physics=0.4971 total=0.1461
[TRAIN train_climax_no_range_extreme_corruption_s44] [TRAIN] stage=finetune epoch=1/1 batch=1010/3000 step=4010 repair=0.0687 localization=0 type=0 minimal=0.06012 physics=0.3769 total=0.08815
[TRAIN train_climax_no_range_extreme_corruption_s44] [TRAIN] stage=finetune epoch=1/1 batch=1020/3000 step=4020 repair=0.1245 localization=0 type=0 minimal=0.05786 physics=0.541 total=0.1522
[TRAIN train_climax_no_range_extreme_corruption_s44] [TRAIN] stage=finetune epoch=1/1 batch=1030/3000 step=4030 repair=0.121 localization=0 type=0 minimal=0.05478 physics=0.4327 total=0.1432
[TRAIN train_climax_no_range_extreme_corruption_s44] [TRAIN] stage=finetune epoch=1/1 batch=1040/3000 step=4040 repair=0.1179 localization=0 type=0 minimal=0.05356 physics=0.5523 total=0.1461
[TRAIN train_climax_no_range_extreme_corruption_s44] [TRAIN] stage=finetune epoch=1/1 batch=1050/3000 step=4050 repair=0.1157 localization=0 type=0 minimal=0.05499 physics=0.4461 total=0.1385
[TRAIN train_climax_no_range_extreme_corruption_s44] [TRAIN] stage=finetune epoch=1/1 batch=1060/3000 step=4060 repair=0.1044 localization=0 type=0 minimal=0.0517 physics=0.3959 total=0.1247
[TRAIN train_climax_no_range_extreme_corruption_s44] [TRAIN] stage=finetune epoch=1/1 batch=1070/3000 step=4070 repair=0.1171 localization=0 type=0 minimal=0.06342 physics=0.5118 total=0.1433
[TRAIN train_climax_no_range_extreme_corruption_s44] [TRAIN] stage=finetune epoch=1/1 batch=1080/3000 step=4080 repair=0.07277 localization=0 type=0 minimal=0.06055 physics=0.4435 total=0.09555
[TRAIN train_climax_no_range_extreme_corruption_s44] [TRAIN] stage=finetune epoch=1/1 batch=1090/3000 step=4090 repair=0.07105 localization=0 type=0 minimal=0.05814 physics=0.5541 total=0.09934
[TRAIN train_climax_no_range_extreme_corruption_s44] [TRAIN] stage=finetune epoch=1/1 batch=1100/3000 step=4100 repair=0.11 localization=0 type=0 minimal=0.0524 physics=0.5957 total=0.1403
[TRAIN train_climax_no_range_extreme_corruption_s44] [TRAIN] stage=finetune epoch=1/1 batch=1110/3000 step=4110 repair=0.1595 localization=0 type=0 minimal=0.06186 physics=0.4243 total=0.1813
[TRAIN train_climax_no_range_extreme_corruption_s44] [TRAIN] stage=finetune epoch=1/1 batch=1120/3000 step=4120 repair=0.1184 localization=0 type=0 minimal=0.05624 physics=0.4935 total=0.1437
[TRAIN train_climax_no_range_extreme_corruption_s44] [TRAIN] stage=finetune epoch=1/1 batch=1130/3000 step=4130 repair=0.07596 localization=0 type=0 minimal=0.06073 physics=0.484 total=0.1008
[TRAIN train_climax_no_range_extreme_corruption_s44] [TRAIN] stage=finetune epoch=1/1 batch=1140/3000 step=4140 repair=0.1356 localization=0 type=0 minimal=0.05383 physics=0.3622 total=0.1542
[TRAIN train_climax_no_range_extreme_corruption_s44] [TRAIN] stage=finetune epoch=1/1 batch=1150/3000 step=4150 repair=0.1244 localization=0 type=0 minimal=0.05835 physics=0.2784 total=0.1389
[TRAIN train_climax_no_range_extreme_corruption_s44] [TRAIN] stage=finetune epoch=1/1 batch=1160/3000 step=4160 repair=0.118 localization=0 type=0 minimal=0.0607 physics=0.338 total=0.1355
[TRAIN train_climax_no_range_extreme_corruption_s44] [TRAIN] stage=finetune epoch=1/1 batch=1170/3000 step=4170 repair=0.1617 localization=0 type=0 minimal=0.06015 physics=0.3385 total=0.1792
[TRAIN train_climax_no_range_extreme_corruption_s44] [TRAIN] stage=finetune epoch=1/1 batch=1180/3000 step=4180 repair=0.1111 localization=0 type=0 minimal=0.05222 physics=0.4838 total=0.1358
[TRAIN train_climax_no_range_extreme_corruption_s44] [TRAIN] stage=finetune epoch=1/1 batch=1190/3000 step=4190 repair=0.1149 localization=0 type=0 minimal=0.05408 physics=0.395 total=0.1352
[TRAIN train_climax_no_range_extreme_corruption_s44] [TRAIN] stage=finetune epoch=1/1 batch=1200/3000 step=4200 repair=0.07896 localization=0 type=0 minimal=0.06137 physics=0.4476 total=0.102
[TRAIN train_climax_no_range_extreme_corruption_s44] [TRAIN] stage=finetune epoch=1/1 batch=1210/3000 step=4210 repair=0.1253 localization=0 type=0 minimal=0.05893 physics=0.4087 total=0.1464
[TRAIN train_climax_no_range_extreme_corruption_s44] [TRAIN] stage=finetune epoch=1/1 batch=1220/3000 step=4220 repair=0.1555 localization=0 type=0 minimal=0.05231 physics=0.5313 total=0.1826
[TRAIN train_climax_no_range_extreme_corruption_s44] [TRAIN] stage=finetune epoch=1/1 batch=1230/3000 step=4230 repair=0.07348 localization=0 type=0 minimal=0.06543 physics=0.3998 total=0.09412
[TRAIN train_climax_no_range_extreme_corruption_s44] [TRAIN] stage=finetune epoch=1/1 batch=1240/3000 step=4240 repair=0.08945 localization=0 type=0 minimal=0.06015 physics=0.434 total=0.1117
[TRAIN train_climax_no_range_extreme_corruption_s44] [TRAIN] stage=finetune epoch=1/1 batch=1250/3000 step=4250 repair=0.1186 localization=0 type=0 minimal=0.06256 physics=0.3643 total=0.1374
[TRAIN train_climax_no_range_extreme_corruption_s44] [TRAIN] stage=finetune epoch=1/1 batch=1260/3000 step=4260 repair=0.07658 localization=0 type=0 minimal=0.061 physics=0.3712 total=0.09575
[TRAIN train_climax_no_range_extreme_corruption_s44] [TRAIN] stage=finetune epoch=1/1 batch=1270/3000 step=4270 repair=0.1248 localization=0 type=0 minimal=0.05972 physics=0.4698 total=0.1488
[TRAIN train_climax_no_range_extreme_corruption_s44] [TRAIN] stage=finetune epoch=1/1 batch=1280/3000 step=4280 repair=0.07647 localization=0 type=0 minimal=0.0639 physics=0.8282 total=0.1185
[TRAIN train_climax_no_range_extreme_corruption_s44] [TRAIN] stage=finetune epoch=1/1 batch=1290/3000 step=4290 repair=0.125 localization=0 type=0 minimal=0.05667 physics=0.3965 total=0.1454
[TRAIN train_climax_no_range_extreme_corruption_s44] [TRAIN] stage=finetune epoch=1/1 batch=1300/3000 step=4300 repair=0.06651 localization=0 type=0 minimal=0.06113 physics=0.4201 total=0.08813
[TRAIN train_climax_no_range_extreme_corruption_s44] [TRAIN] stage=finetune epoch=1/1 batch=1310/3000 step=4310 repair=0.1521 localization=0 type=0 minimal=0.05701 physics=0.3696 total=0.1711
[TRAIN train_climax_no_range_extreme_corruption_s44] [TRAIN] stage=finetune epoch=1/1 batch=1320/3000 step=4320 repair=0.06707 localization=0 type=0 minimal=0.06027 physics=0.4708 total=0.09121
[TRAIN train_climax_no_range_extreme_corruption_s44] [TRAIN] stage=finetune epoch=1/1 batch=1330/3000 step=4330 repair=0.08611 localization=0 type=0 minimal=0.05344 physics=0.3003 total=0.1017
[TRAIN train_climax_no_range_extreme_corruption_s44] [TRAIN] stage=finetune epoch=1/1 batch=1340/3000 step=4340 repair=0.07598 localization=0 type=0 minimal=0.05167 physics=0.3698 total=0.09499
[TRAIN train_climax_no_range_extreme_corruption_s44] [TRAIN] stage=finetune epoch=1/1 batch=1350/3000 step=4350 repair=0.0775 localization=0 type=0 minimal=0.0636 physics=0.434 total=0.09984
[TRAIN train_climax_no_range_extreme_corruption_s44] [TRAIN] stage=finetune epoch=1/1 batch=1360/3000 step=4360 repair=0.111 localization=0 type=0 minimal=0.06317 physics=0.4305 total=0.1331
[TRAIN train_climax_no_range_extreme_corruption_s44] [TRAIN] stage=finetune epoch=1/1 batch=1370/3000 step=4370 repair=0.134 localization=0 type=0 minimal=0.05829 physics=0.3936 total=0.1543
[TRAIN train_climax_no_range_extreme_corruption_s44] [TRAIN] stage=finetune epoch=1/1 batch=1380/3000 step=4380 repair=0.1131 localization=0 type=0 minimal=0.06122 physics=0.5451 total=0.1409
[TRAIN train_climax_no_range_extreme_corruption_s44] [TRAIN] stage=finetune epoch=1/1 batch=1390/3000 step=4390 repair=0.07715 localization=0 type=0 minimal=0.06799 physics=0.5298 total=0.1043
[TRAIN train_climax_no_range_extreme_corruption_s44] [TRAIN] stage=finetune epoch=1/1 batch=1400/3000 step=4400 repair=0.07592 localization=0 type=0 minimal=0.05438 physics=0.3751 total=0.09522
[TRAIN train_climax_no_range_extreme_corruption_s44] [TRAIN] stage=finetune epoch=1/1 batch=1410/3000 step=4410 repair=0.07412 localization=0 type=0 minimal=0.05975 physics=0.5973 total=0.1046
[TRAIN train_climax_no_range_extreme_corruption_s44] [TRAIN] stage=finetune epoch=1/1 batch=1420/3000 step=4420 repair=0.07494 localization=0 type=0 minimal=0.06305 physics=0.551 total=0.1031
[TRAIN train_climax_no_range_extreme_corruption_s44] [TRAIN] stage=finetune epoch=1/1 batch=1430/3000 step=4430 repair=0.1229 localization=0 type=0 minimal=0.0574 physics=0.5623 total=0.1516
[TRAIN train_climax_no_range_extreme_corruption_s44] [TRAIN] stage=finetune epoch=1/1 batch=1440/3000 step=4440 repair=0.1667 localization=0 type=0 minimal=0.05792 physics=0.5599 total=0.1952
[TRAIN train_climax_no_range_extreme_corruption_s44] [TRAIN] stage=finetune epoch=1/1 batch=1450/3000 step=4450 repair=0.08968 localization=0 type=0 minimal=0.06235 physics=0.4577 total=0.1132
[TRAIN train_climax_no_range_extreme_corruption_s44] [TRAIN] stage=finetune epoch=1/1 batch=1460/3000 step=4460 repair=0.109 localization=0 type=0 minimal=0.06378 physics=0.4285 total=0.1311
[TRAIN train_climax_no_range_extreme_corruption_s44] [TRAIN] stage=finetune epoch=1/1 batch=1470/3000 step=4470 repair=0.1483 localization=0 type=0 minimal=0.06293 physics=0.4809 total=0.1729
[TRAIN train_climax_no_range_extreme_corruption_s44] [TRAIN] stage=finetune epoch=1/1 batch=1480/3000 step=4480 repair=0.09312 localization=0 type=0 minimal=0.06195 physics=0.4665 total=0.1171
[TRAIN train_climax_no_range_extreme_corruption_s44] [TRAIN] stage=finetune epoch=1/1 batch=1490/3000 step=4490 repair=0.122 localization=0 type=0 minimal=0.06079 physics=0.4288 total=0.1441
[TRAIN train_climax_no_range_extreme_corruption_s44] [TRAIN] stage=finetune epoch=1/1 batch=1500/3000 step=4500 repair=0.07961 localization=0 type=0 minimal=0.06519 physics=0.3643 total=0.09848
[TRAIN train_climax_no_range_extreme_corruption_s44] [TRAIN] stage=finetune epoch=1/1 batch=1510/3000 step=4510 repair=0.08726 localization=0 type=0 minimal=0.06049 physics=0.4093 total=0.1083
[TRAIN train_climax_no_range_extreme_corruption_s44] [TRAIN] stage=finetune epoch=1/1 batch=1520/3000 step=4520 repair=0.07776 localization=0 type=0 minimal=0.06622 physics=0.4395 total=0.1004
[TRAIN train_climax_no_range_extreme_corruption_s44] [TRAIN] stage=finetune epoch=1/1 batch=1530/3000 step=4530 repair=0.1126 localization=0 type=0 minimal=0.05844 physics=0.4573 total=0.1361
[TRAIN train_climax_no_range_extreme_corruption_s44] [TRAIN] stage=finetune epoch=1/1 batch=1540/3000 step=4540 repair=0.1119 localization=0 type=0 minimal=0.04788 physics=0.5567 total=0.1402
[TRAIN train_climax_no_range_extreme_corruption_s44] [TRAIN] stage=finetune epoch=1/1 batch=1550/3000 step=4550 repair=0.1068 localization=0 type=0 minimal=0.0658 physics=0.4361 total=0.1293
[TRAIN train_climax_no_range_extreme_corruption_s44] [TRAIN] stage=finetune epoch=1/1 batch=1560/3000 step=4560 repair=0.1602 localization=0 type=0 minimal=0.05426 physics=0.4816 total=0.1849
[TRAIN train_climax_no_range_extreme_corruption_s44] [TRAIN] stage=finetune epoch=1/1 batch=1570/3000 step=4570 repair=0.08302 localization=0 type=0 minimal=0.06604 physics=0.3843 total=0.1029
[TRAIN train_climax_no_range_extreme_corruption_s44] [TRAIN] stage=finetune epoch=1/1 batch=1580/3000 step=4580 repair=0.1223 localization=0 type=0 minimal=0.06335 physics=0.4929 total=0.1476
[TRAIN train_climax_no_range_extreme_corruption_s44] [TRAIN] stage=finetune epoch=1/1 batch=1590/3000 step=4590 repair=0.1104 localization=0 type=0 minimal=0.06635 physics=0.4445 total=0.1333
[TRAIN train_climax_no_range_extreme_corruption_s44] [TRAIN] stage=finetune epoch=1/1 batch=1600/3000 step=4600 repair=0.1262 localization=0 type=0 minimal=0.05792 physics=0.3523 total=0.1444
[TRAIN train_climax_no_range_extreme_corruption_s44] [TRAIN] stage=finetune epoch=1/1 batch=1610/3000 step=4610 repair=0.08524 localization=0 type=0 minimal=0.05872 physics=0.4227 total=0.107
[TRAIN train_climax_no_range_extreme_corruption_s44] [TRAIN] stage=finetune epoch=1/1 batch=1620/3000 step=4620 repair=0.1089 localization=0 type=0 minimal=0.06592 physics=0.4563 total=0.1324
[TRAIN train_climax_no_range_extreme_corruption_s44] [TRAIN] stage=finetune epoch=1/1 batch=1630/3000 step=4630 repair=0.07172 localization=0 type=0 minimal=0.06232 physics=0.3652 total=0.0906
[TRAIN train_climax_no_range_extreme_corruption_s44] [TRAIN] stage=finetune epoch=1/1 batch=1640/3000 step=4640 repair=0.06424 localization=0 type=0 minimal=0.0675 physics=0.449 total=0.08737
[TRAIN train_climax_no_range_extreme_corruption_s44] [TRAIN] stage=finetune epoch=1/1 batch=1650/3000 step=4650 repair=0.1314 localization=0 type=0 minimal=0.06775 physics=0.4207 total=0.1531
[TRAIN train_climax_no_range_extreme_corruption_s44] [TRAIN] stage=finetune epoch=1/1 batch=1660/3000 step=4660 repair=0.08716 localization=0 type=0 minimal=0.06256 physics=0.3448 total=0.105
[TRAIN train_climax_no_range_extreme_corruption_s44] [TRAIN] stage=finetune epoch=1/1 batch=1670/3000 step=4670 repair=0.06628 localization=0 type=0 minimal=0.05908 physics=0.353 total=0.08452
[TRAIN train_climax_no_range_extreme_corruption_s44] [TRAIN] stage=finetune epoch=1/1 batch=1680/3000 step=4680 repair=0.0827 localization=0 type=0 minimal=0.04279 physics=0.7376 total=0.12
[TRAIN train_climax_no_range_extreme_corruption_s44] [TRAIN] stage=finetune epoch=1/1 batch=1690/3000 step=4690 repair=0.09644 localization=0 type=0 minimal=0.07025 physics=0.3661 total=0.1154
[TRAIN train_climax_no_range_extreme_corruption_s44] [TRAIN] stage=finetune epoch=1/1 batch=1700/3000 step=4700 repair=0.1158 localization=0 type=0 minimal=0.04935 physics=0.3738 total=0.135
[TRAIN train_climax_no_range_extreme_corruption_s44] [TRAIN] stage=finetune epoch=1/1 batch=1710/3000 step=4710 repair=0.1227 localization=0 type=0 minimal=0.05994 physics=0.5078 total=0.1487
[TRAIN train_climax_no_range_extreme_corruption_s44] [TRAIN] stage=finetune epoch=1/1 batch=1720/3000 step=4720 repair=0.07106 localization=0 type=0 minimal=0.06494 physics=0.438 total=0.09361
[TRAIN train_climax_no_range_extreme_corruption_s44] [TRAIN] stage=finetune epoch=1/1 batch=1730/3000 step=4730 repair=0.07781 localization=0 type=0 minimal=0.06268 physics=0.3231 total=0.09459
[TRAIN train_climax_no_range_extreme_corruption_s44] [TRAIN] stage=finetune epoch=1/1 batch=1740/3000 step=4740 repair=0.0734 localization=0 type=0 minimal=0.06287 physics=0.2184 total=0.08495
[TRAIN train_climax_no_range_extreme_corruption_s44] [TRAIN] stage=finetune epoch=1/1 batch=1750/3000 step=4750 repair=0.07804 localization=0 type=0 minimal=0.05457 physics=0.4091 total=0.09904
[TRAIN train_climax_no_range_extreme_corruption_s44] [TRAIN] stage=finetune epoch=1/1 batch=1760/3000 step=4760 repair=0.1238 localization=0 type=0 minimal=0.06488 physics=0.4823 total=0.1486
[TRAIN train_climax_no_range_extreme_corruption_s44] [TRAIN] stage=finetune epoch=1/1 batch=1770/3000 step=4770 repair=0.07213 localization=0 type=0 minimal=0.06909 physics=0.4031 total=0.09297
[TRAIN train_climax_no_range_extreme_corruption_s44] [TRAIN] stage=finetune epoch=1/1 batch=1780/3000 step=4780 repair=0.1141 localization=0 type=0 minimal=0.04996 physics=0.3723 total=0.1332
[TRAIN train_climax_no_range_extreme_corruption_s44] [TRAIN] stage=finetune epoch=1/1 batch=1790/3000 step=4790 repair=0.07995 localization=0 type=0 minimal=0.06024 physics=0.6727 total=0.1142
[TRAIN train_climax_no_range_extreme_corruption_s44] [TRAIN] stage=finetune epoch=1/1 batch=1800/3000 step=4800 repair=0.1145 localization=0 type=0 minimal=0.06396 physics=0.4105 total=0.1357
[TRAIN train_climax_no_range_extreme_corruption_s44] [TRAIN] stage=finetune epoch=1/1 batch=1810/3000 step=4810 repair=0.08151 localization=0 type=0 minimal=0.06219 physics=0.2447 total=0.09437
[TRAIN train_climax_no_range_extreme_corruption_s44] [TRAIN] stage=finetune epoch=1/1 batch=1820/3000 step=4820 repair=0.06887 localization=0 type=0 minimal=0.065 physics=0.6047 total=0.09975
[TRAIN train_climax_no_range_extreme_corruption_s44] [TRAIN] stage=finetune epoch=1/1 batch=1830/3000 step=4830 repair=0.1211 localization=0 type=0 minimal=0.05493 physics=0.4079 total=0.1421
[TRAIN train_climax_no_range_extreme_corruption_s44] [TRAIN] stage=finetune epoch=1/1 batch=1840/3000 step=4840 repair=0.1274 localization=0 type=0 minimal=0.05997 physics=0.4339 total=0.1497
[TRAIN train_climax_no_range_extreme_corruption_s44] [TRAIN] stage=finetune epoch=1/1 batch=1850/3000 step=4850 repair=0.1524 localization=0 type=0 minimal=0.05927 physics=0.44 total=0.175
[TRAIN train_climax_no_range_extreme_corruption_s44] [TRAIN] stage=finetune epoch=1/1 batch=1860/3000 step=4860 repair=0.06454 localization=0 type=0 minimal=0.06531 physics=0.5748 total=0.09393
[TRAIN train_climax_no_range_extreme_corruption_s44] [TRAIN] stage=finetune epoch=1/1 batch=1870/3000 step=4870 repair=0.07686 localization=0 type=0 minimal=0.065 physics=0.4067 total=0.09784
[TRAIN train_climax_no_range_extreme_corruption_s44] [TRAIN] stage=finetune epoch=1/1 batch=1880/3000 step=4880 repair=0.166 localization=0 type=0 minimal=0.05386 physics=0.3948 total=0.1863
[TRAIN train_climax_no_range_extreme_corruption_s44] [TRAIN] stage=finetune epoch=1/1 batch=1890/3000 step=4890 repair=0.1228 localization=0 type=0 minimal=0.06305 physics=0.5442 total=0.1506
[TRAIN train_climax_no_range_extreme_corruption_s44] [TRAIN] stage=finetune epoch=1/1 batch=1900/3000 step=4900 repair=0.1208 localization=0 type=0 minimal=0.06076 physics=0.3729 total=0.1401
[TRAIN train_climax_no_range_extreme_corruption_s44] [TRAIN] stage=finetune epoch=1/1 batch=1910/3000 step=4910 repair=0.08568 localization=0 type=0 minimal=0.06216 physics=0.4474 total=0.1087
[TRAIN train_climax_no_range_extreme_corruption_s44] [TRAIN] stage=finetune epoch=1/1 batch=1920/3000 step=4920 repair=0.1065 localization=0 type=0 minimal=0.06561 physics=0.463 total=0.1303
[TRAIN train_climax_no_range_extreme_corruption_s44] [TRAIN] stage=finetune epoch=1/1 batch=1930/3000 step=4930 repair=0.06685 localization=0 type=0 minimal=0.06879 physics=0.3575 total=0.08541
[TRAIN train_climax_no_range_extreme_corruption_s44] [TRAIN] stage=finetune epoch=1/1 batch=1940/3000 step=4940 repair=0.1612 localization=0 type=0 minimal=0.05936 physics=0.4284 total=0.1833
[TRAIN train_climax_no_range_extreme_corruption_s44] [TRAIN] stage=finetune epoch=1/1 batch=1950/3000 step=4950 repair=0.1669 localization=0 type=0 minimal=0.06168 physics=0.3365 total=0.1843
[TRAIN train_climax_no_range_extreme_corruption_s44] [TRAIN] stage=finetune epoch=1/1 batch=1960/3000 step=4960 repair=0.07788 localization=0 type=0 minimal=0.06604 physics=0.4597 total=0.1015
[TRAIN train_climax_no_range_extreme_corruption_s44] [TRAIN] stage=finetune epoch=1/1 batch=1970/3000 step=4970 repair=0.1282 localization=0 type=0 minimal=0.06204 physics=0.4105 total=0.1494
[TRAIN train_climax_no_range_extreme_corruption_s44] [TRAIN] stage=finetune epoch=1/1 batch=1980/3000 step=4980 repair=0.1515 localization=0 type=0 minimal=0.06335 physics=0.3957 total=0.1719
[TRAIN train_climax_no_range_extreme_corruption_s44] [TRAIN] stage=finetune epoch=1/1 batch=1990/3000 step=4990 repair=0.07538 localization=0 type=0 minimal=0.06396 physics=0.3299 total=0.09252
[TRAIN train_climax_no_range_extreme_corruption_s44] [TRAIN] stage=finetune epoch=1/1 batch=2000/3000 step=5000 repair=0.1692 localization=0 type=0 minimal=0.05948 physics=0.538 total=0.1967
[TRAIN train_climax_no_range_extreme_corruption_s44] [TRAIN] stage=finetune epoch=1/1 batch=2010/3000 step=5010 repair=0.06195 localization=0 type=0 minimal=0.07208 physics=0.3174 total=0.07854
[TRAIN train_climax_no_range_extreme_corruption_s44] [TRAIN] stage=finetune epoch=1/1 batch=2020/3000 step=5020 repair=0.07773 localization=0 type=0 minimal=0.06903 physics=0.6104 total=0.1089
[TRAIN train_climax_no_range_extreme_corruption_s44] [TRAIN] stage=finetune epoch=1/1 batch=2030/3000 step=5030 repair=0.1552 localization=0 type=0 minimal=0.05331 physics=0.3337 total=0.1724
[TRAIN train_climax_no_range_extreme_corruption_s44] [TRAIN] stage=finetune epoch=1/1 batch=2040/3000 step=5040 repair=0.1177 localization=0 type=0 minimal=0.06616 physics=0.3279 total=0.1348
[TRAIN train_climax_no_range_extreme_corruption_s44] [TRAIN] stage=finetune epoch=1/1 batch=2050/3000 step=5050 repair=0.1829 localization=0 type=0 minimal=0.05826 physics=0.3795 total=0.2024
[TRAIN train_climax_no_range_extreme_corruption_s44] [TRAIN] stage=finetune epoch=1/1 batch=2060/3000 step=5060 repair=0.07278 localization=0 type=0 minimal=0.0658 physics=0.3098 total=0.08893
[TRAIN train_climax_no_range_extreme_corruption_s44] [TRAIN] stage=finetune epoch=1/1 batch=2070/3000 step=5070 repair=0.1137 localization=0 type=0 minimal=0.06604 physics=0.3878 total=0.1337
[TRAIN train_climax_no_range_extreme_corruption_s44] [TRAIN] stage=finetune epoch=1/1 batch=2080/3000 step=5080 repair=0.1068 localization=0 type=0 minimal=0.06726 physics=0.3519 total=0.1251
[TRAIN train_climax_no_range_extreme_corruption_s44] [TRAIN] stage=finetune epoch=1/1 batch=2090/3000 step=5090 repair=0.1259 localization=0 type=0 minimal=0.05551 physics=0.3493 total=0.1439
[TRAIN train_climax_no_range_extreme_corruption_s44] [TRAIN] stage=finetune epoch=1/1 batch=2100/3000 step=5100 repair=0.1175 localization=0 type=0 minimal=0.05658 physics=0.4319 total=0.1397
[TRAIN train_climax_no_range_extreme_corruption_s44] [TRAIN] stage=finetune epoch=1/1 batch=2110/3000 step=5110 repair=0.08972 localization=0 type=0 minimal=0.06168 physics=0.6621 total=0.1234
[TRAIN train_climax_no_range_extreme_corruption_s44] [TRAIN] stage=finetune epoch=1/1 batch=2120/3000 step=5120 repair=0.09645 localization=0 type=0 minimal=0.06714 physics=0.3568 total=0.115
[TRAIN train_climax_no_range_extreme_corruption_s44] [TRAIN] stage=finetune epoch=1/1 batch=2130/3000 step=5130 repair=0.1187 localization=0 type=0 minimal=0.05807 physics=0.4585 total=0.1422
[TRAIN train_climax_no_range_extreme_corruption_s44] [TRAIN] stage=finetune epoch=1/1 batch=2140/3000 step=5140 repair=0.1172 localization=0 type=0 minimal=0.05054 physics=0.5643 total=0.1459
[TRAIN train_climax_no_range_extreme_corruption_s44] [TRAIN] stage=finetune epoch=1/1 batch=2150/3000 step=5150 repair=0.07752 localization=0 type=0 minimal=0.07111 physics=0.421 total=0.09928
[TRAIN train_climax_no_range_extreme_corruption_s44] [TRAIN] stage=finetune epoch=1/1 batch=2160/3000 step=5160 repair=0.1271 localization=0 type=0 minimal=0.0607 physics=0.4263 total=0.149
[TRAIN train_climax_no_range_extreme_corruption_s44] [TRAIN] stage=finetune epoch=1/1 batch=2170/3000 step=5170 repair=0.09031 localization=0 type=0 minimal=0.06567 physics=0.2894 total=0.1054
[TRAIN train_climax_no_range_extreme_corruption_s44] [TRAIN] stage=finetune epoch=1/1 batch=2180/3000 step=5180 repair=0.06613 localization=0 type=0 minimal=0.06689 physics=0.3428 total=0.08394
[TRAIN train_climax_no_range_extreme_corruption_s44] [TRAIN] stage=finetune epoch=1/1 batch=2190/3000 step=5190 repair=0.118 localization=0 type=0 minimal=0.05304 physics=0.2974 total=0.1334
[TRAIN train_climax_no_range_extreme_corruption_s44] [TRAIN] stage=finetune epoch=1/1 batch=2200/3000 step=5200 repair=0.1269 localization=0 type=0 minimal=0.0578 physics=0.547 total=0.1548
[TRAIN train_climax_no_range_extreme_corruption_s44] [TRAIN] stage=finetune epoch=1/1 batch=2210/3000 step=5210 repair=0.1825 localization=0 type=0 minimal=0.06281 physics=0.3974 total=0.203
[TRAIN train_climax_no_range_extreme_corruption_s44] [TRAIN] stage=finetune epoch=1/1 batch=2220/3000 step=5220 repair=0.1195 localization=0 type=0 minimal=0.06744 physics=0.4328 total=0.1418
[TRAIN train_climax_no_range_extreme_corruption_s44] [TRAIN] stage=finetune epoch=1/1 batch=2230/3000 step=5230 repair=0.06788 localization=0 type=0 minimal=0.06738 physics=0.4066 total=0.08888
[TRAIN train_climax_no_range_extreme_corruption_s44] [TRAIN] stage=finetune epoch=1/1 batch=2240/3000 step=5240 repair=0.1161 localization=0 type=0 minimal=0.0618 physics=0.4374 total=0.1386
[TRAIN train_climax_no_range_extreme_corruption_s44] [TRAIN] stage=finetune epoch=1/1 batch=2250/3000 step=5250 repair=0.1728 localization=0 type=0 minimal=0.06299 physics=0.3781 total=0.1923
[TRAIN train_climax_no_range_extreme_corruption_s44] [TRAIN] stage=finetune epoch=1/1 batch=2260/3000 step=5260 repair=0.1273 localization=0 type=0 minimal=0.03525 physics=0.9409 total=0.1747
[TRAIN train_climax_no_range_extreme_corruption_s44] [TRAIN] stage=finetune epoch=1/1 batch=2270/3000 step=5270 repair=0.08886 localization=0 type=0 minimal=0.0686 physics=0.479 total=0.1135
[TRAIN train_climax_no_range_extreme_corruption_s44] [TRAIN] stage=finetune epoch=1/1 batch=2280/3000 step=5280 repair=0.1672 localization=0 type=0 minimal=0.06482 physics=0.4792 total=0.1918
[TRAIN train_climax_no_range_extreme_corruption_s44] [TRAIN] stage=finetune epoch=1/1 batch=2290/3000 step=5290 repair=0.08911 localization=0 type=0 minimal=0.06223 physics=0.4683 total=0.1131
[TRAIN train_climax_no_range_extreme_corruption_s44] [TRAIN] stage=finetune epoch=1/1 batch=2300/3000 step=5300 repair=0.1165 localization=0 type=0 minimal=0.06158 physics=0.4914 total=0.1417
[TRAIN train_climax_no_range_extreme_corruption_s44] [TRAIN] stage=finetune epoch=1/1 batch=2310/3000 step=5310 repair=0.1603 localization=0 type=0 minimal=0.05978 physics=0.4108 total=0.1814
[TRAIN train_climax_no_range_extreme_corruption_s44] [TRAIN] stage=finetune epoch=1/1 batch=2320/3000 step=5320 repair=0.1511 localization=0 type=0 minimal=0.05722 physics=0.5092 total=0.1771
[TRAIN train_climax_no_range_extreme_corruption_s44] [TRAIN] stage=finetune epoch=1/1 batch=2330/3000 step=5330 repair=0.1249 localization=0 type=0 minimal=0.06052 physics=0.447 total=0.1479
[TRAIN train_climax_no_range_extreme_corruption_s44] [TRAIN] stage=finetune epoch=1/1 batch=2340/3000 step=5340 repair=0.1332 localization=0 type=0 minimal=0.07007 physics=0.3465 total=0.1512
[TRAIN train_climax_no_range_extreme_corruption_s44] [TRAIN] stage=finetune epoch=1/1 batch=2350/3000 step=5350 repair=0.07348 localization=0 type=0 minimal=0.06085 physics=0.3603 total=0.0921
[TRAIN train_climax_no_range_extreme_corruption_s44] [TRAIN] stage=finetune epoch=1/1 batch=2360/3000 step=5360 repair=0.1389 localization=0 type=0 minimal=0.06683 physics=0.4197 total=0.1606
[TRAIN train_climax_no_range_extreme_corruption_s44] [TRAIN] stage=finetune epoch=1/1 batch=2370/3000 step=5370 repair=0.1254 localization=0 type=0 minimal=0.06482 physics=0.4026 total=0.1462
[TRAIN train_climax_no_range_extreme_corruption_s44] [TRAIN] stage=finetune epoch=1/1 batch=2380/3000 step=5380 repair=0.06392 localization=0 type=0 minimal=0.06879 physics=0.4266 total=0.08593
[TRAIN train_climax_no_range_extreme_corruption_s44] [TRAIN] stage=finetune epoch=1/1 batch=2390/3000 step=5390 repair=0.1203 localization=0 type=0 minimal=0.06274 physics=0.4992 total=0.1459
[TRAIN train_climax_no_range_extreme_corruption_s44] [TRAIN] stage=finetune epoch=1/1 batch=2400/3000 step=5400 repair=0.1136 localization=0 type=0 minimal=0.06268 physics=0.4509 total=0.1368
[TRAIN train_climax_no_range_extreme_corruption_s44] [TRAIN] stage=finetune epoch=1/1 batch=2410/3000 step=5410 repair=0.1227 localization=0 type=0 minimal=0.0705 physics=0.3745 total=0.1421
[TRAIN train_climax_no_range_extreme_corruption_s44] [TRAIN] stage=finetune epoch=1/1 batch=2420/3000 step=5420 repair=0.1193 localization=0 type=0 minimal=0.06244 physics=0.3415 total=0.137
[TRAIN train_climax_no_range_extreme_corruption_s44] [TRAIN] stage=finetune epoch=1/1 batch=2430/3000 step=5430 repair=0.1182 localization=0 type=0 minimal=0.05743 physics=0.3977 total=0.1387
[TRAIN train_climax_no_range_extreme_corruption_s44] [TRAIN] stage=finetune epoch=1/1 batch=2440/3000 step=5440 repair=0.08516 localization=0 type=0 minimal=0.06287 physics=0.4048 total=0.106
[TRAIN train_climax_no_range_extreme_corruption_s44] [TRAIN] stage=finetune epoch=1/1 batch=2450/3000 step=5450 repair=0.05748 localization=0 type=0 minimal=0.07697 physics=0.5326 total=0.08488
[TRAIN train_climax_no_range_extreme_corruption_s44] [TRAIN] stage=finetune epoch=1/1 batch=2460/3000 step=5460 repair=0.129 localization=0 type=0 minimal=0.0708 physics=0.4026 total=0.1499
[TRAIN train_climax_no_range_extreme_corruption_s44] [TRAIN] stage=finetune epoch=1/1 batch=2470/3000 step=5470 repair=0.09447 localization=0 type=0 minimal=0.07318 physics=0.4359 total=0.117
[TRAIN train_climax_no_range_extreme_corruption_s44] [TRAIN] stage=finetune epoch=1/1 batch=2480/3000 step=5480 repair=0.1091 localization=0 type=0 minimal=0.07062 physics=0.4573 total=0.1326
[TRAIN train_climax_no_range_extreme_corruption_s44] [TRAIN] stage=finetune epoch=1/1 batch=2490/3000 step=5490 repair=0.08397 localization=0 type=0 minimal=0.06561 physics=0.4583 total=0.1075
[TRAIN train_climax_no_range_extreme_corruption_s44] [TRAIN] stage=finetune epoch=1/1 batch=2500/3000 step=5500 repair=0.08644 localization=0 type=0 minimal=0.06799 physics=0.6127 total=0.1178
[TRAIN train_climax_no_range_extreme_corruption_s44] [TRAIN] stage=finetune epoch=1/1 batch=2510/3000 step=5510 repair=0.06129 localization=0 type=0 minimal=0.06769 physics=0.5104 total=0.08749
[TRAIN train_climax_no_range_extreme_corruption_s44] [TRAIN] stage=finetune epoch=1/1 batch=2520/3000 step=5520 repair=0.09024 localization=0 type=0 minimal=0.06647 physics=0.4082 total=0.1113
[TRAIN train_climax_no_range_extreme_corruption_s44] [TRAIN] stage=finetune epoch=1/1 batch=2530/3000 step=5530 repair=0.1605 localization=0 type=0 minimal=0.06116 physics=0.368 total=0.1795
[TRAIN train_climax_no_range_extreme_corruption_s44] [TRAIN] stage=finetune epoch=1/1 batch=2540/3000 step=5540 repair=0.1182 localization=0 type=0 minimal=0.07092 physics=0.3644 total=0.1371
[TRAIN train_climax_no_range_extreme_corruption_s44] [TRAIN] stage=finetune epoch=1/1 batch=2550/3000 step=5550 repair=0.1232 localization=0 type=0 minimal=0.06946 physics=0.5312 total=0.1505
[TRAIN train_climax_no_range_extreme_corruption_s44] [TRAIN] stage=finetune epoch=1/1 batch=2560/3000 step=5560 repair=0.1121 localization=0 type=0 minimal=0.06378 physics=0.6356 total=0.1445
[TRAIN train_climax_no_range_extreme_corruption_s44] [TRAIN] stage=finetune epoch=1/1 batch=2570/3000 step=5570 repair=0.1011 localization=0 type=0 minimal=0.06848 physics=0.4956 total=0.1265
[TRAIN train_climax_no_range_extreme_corruption_s44] [TRAIN] stage=finetune epoch=1/1 batch=2580/3000 step=5580 repair=0.1364 localization=0 type=0 minimal=0.06274 physics=0.6738 total=0.1708
[TRAIN train_climax_no_range_extreme_corruption_s44] [TRAIN] stage=finetune epoch=1/1 batch=2590/3000 step=5590 repair=0.1116 localization=0 type=0 minimal=0.06122 physics=0.5419 total=0.1393
[TRAIN train_climax_no_range_extreme_corruption_s44] [TRAIN] stage=finetune epoch=1/1 batch=2600/3000 step=5600 repair=0.156 localization=0 type=0 minimal=0.06635 physics=0.4348 total=0.1784
[TRAIN train_climax_no_range_extreme_corruption_s44] [TRAIN] stage=finetune epoch=1/1 batch=2610/3000 step=5610 repair=0.1098 localization=0 type=0 minimal=0.06696 physics=0.4576 total=0.1333
[TRAIN train_climax_no_range_extreme_corruption_s44] [TRAIN] stage=finetune epoch=1/1 batch=2620/3000 step=5620 repair=0.1273 localization=0 type=0 minimal=0.0647 physics=0.4136 total=0.1486
[TRAIN train_climax_no_range_extreme_corruption_s44] [TRAIN] stage=finetune epoch=1/1 batch=2630/3000 step=5630 repair=0.1518 localization=0 type=0 minimal=0.0556 physics=0.4912 total=0.1769
[TRAIN train_climax_no_range_extreme_corruption_s44] [TRAIN] stage=finetune epoch=1/1 batch=2640/3000 step=5640 repair=0.09707 localization=0 type=0 minimal=0.06125 physics=0.351 total=0.1152
[TRAIN train_climax_no_range_extreme_corruption_s44] [TRAIN] stage=finetune epoch=1/1 batch=2650/3000 step=5650 repair=0.1787 localization=0 type=0 minimal=0.06268 physics=0.4391 total=0.2013
[TRAIN train_climax_no_range_extreme_corruption_s44] [TRAIN] stage=finetune epoch=1/1 batch=2660/3000 step=5660 repair=0.1562 localization=0 type=0 minimal=0.05798 physics=0.4217 total=0.1779
[TRAIN train_climax_no_range_extreme_corruption_s44] [TRAIN] stage=finetune epoch=1/1 batch=2670/3000 step=5670 repair=0.1239 localization=0 type=0 minimal=0.06934 physics=0.5201 total=0.1506
[TRAIN train_climax_no_range_extreme_corruption_s44] [TRAIN] stage=finetune epoch=1/1 batch=2680/3000 step=5680 repair=0.0742 localization=0 type=0 minimal=0.06476 physics=0.385 total=0.09409
[TRAIN train_climax_no_range_extreme_corruption_s44] [TRAIN] stage=finetune epoch=1/1 batch=2690/3000 step=5690 repair=0.06945 localization=0 type=0 minimal=0.07123 physics=0.4459 total=0.09246
[TRAIN train_climax_no_range_extreme_corruption_s44] [TRAIN] stage=finetune epoch=1/1 batch=2700/3000 step=5700 repair=0.1137 localization=0 type=0 minimal=0.06958 physics=0.4442 total=0.1366
[TRAIN train_climax_no_range_extreme_corruption_s44] [TRAIN] stage=finetune epoch=1/1 batch=2710/3000 step=5710 repair=0.07552 localization=0 type=0 minimal=0.06671 physics=0.3709 total=0.09473
[TRAIN train_climax_no_range_extreme_corruption_s44] [TRAIN] stage=finetune epoch=1/1 batch=2720/3000 step=5720 repair=0.06416 localization=0 type=0 minimal=0.07257 physics=0.3388 total=0.08182
[TRAIN train_climax_no_range_extreme_corruption_s44] [TRAIN] stage=finetune epoch=1/1 batch=2730/3000 step=5730 repair=0.07627 localization=0 type=0 minimal=0.06989 physics=0.3629 total=0.09511
[TRAIN train_climax_no_range_extreme_corruption_s44] [TRAIN] stage=finetune epoch=1/1 batch=2740/3000 step=5740 repair=0.1096 localization=0 type=0 minimal=0.0705 physics=0.4073 total=0.1307
[TRAIN train_climax_no_range_extreme_corruption_s44] [TRAIN] stage=finetune epoch=1/1 batch=2750/3000 step=5750 repair=0.07929 localization=0 type=0 minimal=0.07111 physics=0.421 total=0.1011
[TRAIN train_climax_no_range_extreme_corruption_s44] [TRAIN] stage=finetune epoch=1/1 batch=2760/3000 step=5760 repair=0.1056 localization=0 type=0 minimal=0.06647 physics=0.4936 total=0.1309
[TRAIN train_climax_no_range_extreme_corruption_s44] [TRAIN] stage=finetune epoch=1/1 batch=2770/3000 step=5770 repair=0.1648 localization=0 type=0 minimal=0.06189 physics=0.4647 total=0.1886
[TRAIN train_climax_no_range_extreme_corruption_s44] [TRAIN] stage=finetune epoch=1/1 batch=2780/3000 step=5780 repair=0.1168 localization=0 type=0 minimal=0.07013 physics=0.3822 total=0.1366
[TRAIN train_climax_no_range_extreme_corruption_s44] [TRAIN] stage=finetune epoch=1/1 batch=2790/3000 step=5790 repair=0.1168 localization=0 type=0 minimal=0.06415 physics=0.4179 total=0.1384
[TRAIN train_climax_no_range_extreme_corruption_s44] [TRAIN] stage=finetune epoch=1/1 batch=2800/3000 step=5800 repair=0.06268 localization=0 type=0 minimal=0.07593 physics=0.4064 total=0.08376
[TRAIN train_climax_no_range_extreme_corruption_s44] [TRAIN] stage=finetune epoch=1/1 batch=2810/3000 step=5810 repair=0.07386 localization=0 type=0 minimal=0.07672 physics=0.4076 total=0.09501
[TRAIN train_climax_no_range_extreme_corruption_s44] [TRAIN] stage=finetune epoch=1/1 batch=2820/3000 step=5820 repair=0.1174 localization=0 type=0 minimal=0.06335 physics=0.3585 total=0.1359
[TRAIN train_climax_no_range_extreme_corruption_s44] [TRAIN] stage=finetune epoch=1/1 batch=2830/3000 step=5830 repair=0.07751 localization=0 type=0 minimal=0.07068 physics=0.2975 total=0.0931
[TRAIN train_climax_no_range_extreme_corruption_s44] [TRAIN] stage=finetune epoch=1/1 batch=2840/3000 step=5840 repair=0.07275 localization=0 type=0 minimal=0.07446 physics=0.5122 total=0.09911
[TRAIN train_climax_no_range_extreme_corruption_s44] [TRAIN] stage=finetune epoch=1/1 batch=2850/3000 step=5850 repair=0.1102 localization=0 type=0 minimal=0.05853 physics=0.2907 total=0.1254
[TRAIN train_climax_no_range_extreme_corruption_s44] [TRAIN] stage=finetune epoch=1/1 batch=2860/3000 step=5860 repair=0.1489 localization=0 type=0 minimal=0.06726 physics=0.2677 total=0.163
[TRAIN train_climax_no_range_extreme_corruption_s44] [TRAIN] stage=finetune epoch=1/1 batch=2870/3000 step=5870 repair=0.07556 localization=0 type=0 minimal=0.07233 physics=0.3602 total=0.09429
[TRAIN train_climax_no_range_extreme_corruption_s44] [TRAIN] stage=finetune epoch=1/1 batch=2880/3000 step=5880 repair=0.1065 localization=0 type=0 minimal=0.06573 physics=0.353 total=0.1249
[TRAIN train_climax_no_range_extreme_corruption_s44] [TRAIN] stage=finetune epoch=1/1 batch=2890/3000 step=5890 repair=0.1202 localization=0 type=0 minimal=0.0639 physics=0.4684 total=0.1443
[TRAIN train_climax_no_range_extreme_corruption_s44] [TRAIN] stage=finetune epoch=1/1 batch=2900/3000 step=5900 repair=0.07272 localization=0 type=0 minimal=0.06738 physics=0.4452 total=0.09565
[TRAIN train_climax_no_range_extreme_corruption_s44] [TRAIN] stage=finetune epoch=1/1 batch=2910/3000 step=5910 repair=0.1669 localization=0 type=0 minimal=0.0596 physics=0.4378 total=0.1894
[TRAIN train_climax_no_range_extreme_corruption_s44] [TRAIN] stage=finetune epoch=1/1 batch=2920/3000 step=5920 repair=0.111 localization=0 type=0 minimal=0.0675 physics=0.526 total=0.138
[TRAIN train_climax_no_range_extreme_corruption_s44] [TRAIN] stage=finetune epoch=1/1 batch=2930/3000 step=5930 repair=0.1111 localization=0 type=0 minimal=0.06793 physics=0.4721 total=0.1354
[TRAIN train_climax_no_range_extreme_corruption_s44] [TRAIN] stage=finetune epoch=1/1 batch=2940/3000 step=5940 repair=0.08564 localization=0 type=0 minimal=0.06854 physics=0.3916 total=0.1059
[TRAIN train_climax_no_range_extreme_corruption_s44] [TRAIN] stage=finetune epoch=1/1 batch=2950/3000 step=5950 repair=0.07528 localization=0 type=0 minimal=0.06934 physics=0.424 total=0.09717
[TRAIN train_climax_no_range_extreme_corruption_s44] [TRAIN] stage=finetune epoch=1/1 batch=2960/3000 step=5960 repair=0.07666 localization=0 type=0 minimal=0.07227 physics=0.3723 total=0.096
[TRAIN train_climax_no_range_extreme_corruption_s44] [TRAIN] stage=finetune epoch=1/1 batch=2970/3000 step=5970 repair=0.07276 localization=0 type=0 minimal=0.06647 physics=0.3261 total=0.08973
[TRAIN train_climax_no_range_extreme_corruption_s44] [TRAIN] stage=finetune epoch=1/1 batch=2980/3000 step=5980 repair=0.07871 localization=0 type=0 minimal=0.07086 physics=0.4268 total=0.1008
[TRAIN train_climax_no_range_extreme_corruption_s44] [TRAIN] stage=finetune epoch=1/1 batch=2990/3000 step=5990 repair=0.1158 localization=0 type=0 minimal=0.06879 physics=0.6099 total=0.147
[TRAIN train_climax_no_range_extreme_corruption_s44] [TRAIN] stage=finetune epoch=1/1 batch=3000/3000 step=6000 repair=0.1111 localization=0 type=0 minimal=0.07251 physics=0.397 total=0.1317
[TRAIN train_climax_no_range_extreme_corruption_s44] [EPOCH] {'stage': 'finetune', 'epoch': 0, 'global_step': 6000, 'train_total': 0.17606182523071767, 'val_repair_mse': 0.11485918168909848, 'elapsed_seconds': 3506.94}
[TRAIN train_climax_no_range_extreme_corruption_s44] [BEST] val_repair_mse=0.114859
[TRAIN train_climax_no_range_extreme_corruption_s44] [TRAIN COMPLETE] {
[TRAIN train_climax_no_range_extreme_corruption_s44]   "run_id": "prelim20_train_climax_no_range_extreme_corruption_s44",
[TRAIN train_climax_no_range_extreme_corruption_s44]   "status": "completed",
[TRAIN train_climax_no_range_extreme_corruption_s44]   "method": "no_range_extreme_corruption",
[TRAIN train_climax_no_range_extreme_corruption_s44]   "backbone": "climax",
[TRAIN train_climax_no_range_extreme_corruption_s44]   "seed": 44,
[TRAIN train_climax_no_range_extreme_corruption_s44]   "forecast_provider": "zarr_frozen_fm",
[TRAIN train_climax_no_range_extreme_corruption_s44]   "best_val_repair_mse": 0.11485918168909848,
[TRAIN train_climax_no_range_extreme_corruption_s44]   "global_step": 6000,
[TRAIN train_climax_no_range_extreme_corruption_s44]   "elapsed_seconds": 3507.23,
[TRAIN train_climax_no_range_extreme_corruption_s44]   "checkpoint_best": "/home/tahiti/ConserveFM/runs/prelim20_train/train_climax_no_range_extreme_corruption_s44/checkpoint_best.pt",
[TRAIN train_climax_no_range_extreme_corruption_s44]   "checkpoint_last": "/home/tahiti/ConserveFM/runs/prelim20_train/train_climax_no_range_extreme_corruption_s44/checkpoint_last.pt"
[TRAIN train_climax_no_range_extreme_corruption_s44] }
