[TRAIN train_fourcastnet_conservefm_full_s43] [SETUP] device=cuda
[TRAIN train_fourcastnet_conservefm_full_s43] [SETUP] run_id=prelim20_train_fourcastnet_conservefm_full_s43 method=conservefm_full backbone=fourcastnet
[TRAIN train_fourcastnet_conservefm_full_s43] [FORECAST] using frozen forecast cache: /home/tahiti/ConserveFM/forecasts/fourcastnet.zarr
[TRAIN train_fourcastnet_conservefm_full_s43] [STAGE] pretrain epochs=1 start_epoch=0
[TRAIN train_fourcastnet_conservefm_full_s43] [TRAIN] stage=pretrain epoch=1/1 batch=10/3000 step=10 repair=0.02505 localization=0.4197 type=1.378 minimal=0.1146 physics=2.308 total=0.4179
[TRAIN train_fourcastnet_conservefm_full_s43] [TRAIN] stage=pretrain epoch=1/1 batch=20/3000 step=20 repair=0.0113 localization=0.3598 type=1.641 minimal=0.0799 physics=1.149 total=0.2696
[TRAIN train_fourcastnet_conservefm_full_s43] [TRAIN] stage=pretrain epoch=1/1 batch=30/3000 step=30 repair=0.00605 localization=0.245 type=1.874 minimal=0.05603 physics=1.194 total=0.4579
[TRAIN train_fourcastnet_conservefm_full_s43] [TRAIN] stage=pretrain epoch=1/1 batch=40/3000 step=40 repair=0.004017 localization=0.2489 type=1.527 minimal=0.03983 physics=1.058 total=0.3812
[TRAIN train_fourcastnet_conservefm_full_s43] [TRAIN] stage=pretrain epoch=1/1 batch=50/3000 step=50 repair=0.003641 localization=0.2685 type=2.183 minimal=0.04245 physics=0.3716 total=0.4569
[TRAIN train_fourcastnet_conservefm_full_s43] [TRAIN] stage=pretrain epoch=1/1 batch=60/3000 step=60 repair=0.00326 localization=0.2646 type=1.886 minimal=0.03653 physics=0.391 total=0.3812
[TRAIN train_fourcastnet_conservefm_full_s43] [TRAIN] stage=pretrain epoch=1/1 batch=70/3000 step=70 repair=0.005763 localization=0.2522 type=1.796 minimal=0.0365 physics=0.6139 total=0.4087
[TRAIN train_fourcastnet_conservefm_full_s43] [TRAIN] stage=pretrain epoch=1/1 batch=80/3000 step=80 repair=0.003063 localization=0.2586 type=1.769 minimal=0.03082 physics=0.2418 total=0.3701
[TRAIN train_fourcastnet_conservefm_full_s43] [TRAIN] stage=pretrain epoch=1/1 batch=90/3000 step=90 repair=0.003651 localization=0.3311 type=1.825 minimal=0.0318 physics=0.2376 total=0.3763
[TRAIN train_fourcastnet_conservefm_full_s43] [TRAIN] stage=pretrain epoch=1/1 batch=100/3000 step=100 repair=0.008335 localization=0.2392 type=0.7329 minimal=0.03549 physics=1.211 total=0.1665
[TRAIN train_fourcastnet_conservefm_full_s43] [TRAIN] stage=pretrain epoch=1/1 batch=110/3000 step=110 repair=0.003796 localization=0.2379 type=1.844 minimal=0.0318 physics=0.2881 total=0.3339
[TRAIN train_fourcastnet_conservefm_full_s43] [TRAIN] stage=pretrain epoch=1/1 batch=120/3000 step=120 repair=0.006874 localization=0.2925 type=2.136 minimal=0.02791 physics=0.3235 total=0.4118
[TRAIN train_fourcastnet_conservefm_full_s43] [TRAIN] stage=pretrain epoch=1/1 batch=130/3000 step=130 repair=0.01705 localization=0.3064 type=2.595 minimal=0.03064 physics=0.2819 total=0.5292
[TRAIN train_fourcastnet_conservefm_full_s43] [TRAIN] stage=pretrain epoch=1/1 batch=140/3000 step=140 repair=0.009208 localization=0.3025 type=2.239 minimal=0.03516 physics=0.2991 total=0.4614
[TRAIN train_fourcastnet_conservefm_full_s43] [TRAIN] stage=pretrain epoch=1/1 batch=150/3000 step=150 repair=0.01925 localization=0.2871 type=1.85 minimal=0.034 physics=0.9296 total=0.4395
[TRAIN train_fourcastnet_conservefm_full_s43] [TRAIN] stage=pretrain epoch=1/1 batch=160/3000 step=160 repair=0.006791 localization=0.2875 type=1.375 minimal=0.03235 physics=0.6214 total=0.2044
[TRAIN train_fourcastnet_conservefm_full_s43] [TRAIN] stage=pretrain epoch=1/1 batch=170/3000 step=170 repair=0.008004 localization=0.2485 type=1.484 minimal=0.02942 physics=0.1339 total=0.282
[TRAIN train_fourcastnet_conservefm_full_s43] [TRAIN] stage=pretrain epoch=1/1 batch=180/3000 step=180 repair=0.009149 localization=0.2824 type=0.7991 minimal=0.02736 physics=0.6994 total=0.1525
[TRAIN train_fourcastnet_conservefm_full_s43] [TRAIN] stage=pretrain epoch=1/1 batch=190/3000 step=190 repair=0.006063 localization=0.2701 type=2.595 minimal=0.03189 physics=0.602 total=0.4275
[TRAIN train_fourcastnet_conservefm_full_s43] [TRAIN] stage=pretrain epoch=1/1 batch=200/3000 step=200 repair=0.003247 localization=0.2604 type=2.364 minimal=0.02933 physics=0.3519 total=0.4788
[TRAIN train_fourcastnet_conservefm_full_s43] [TRAIN] stage=pretrain epoch=1/1 batch=210/3000 step=210 repair=0.003494 localization=0.3152 type=2.22 minimal=0.02899 physics=0.1823 total=0.4792
[TRAIN train_fourcastnet_conservefm_full_s43] [TRAIN] stage=pretrain epoch=1/1 batch=220/3000 step=220 repair=0.00328 localization=0.2946 type=1.294 minimal=0.02495 physics=0.2627 total=0.2859
[TRAIN train_fourcastnet_conservefm_full_s43] [TRAIN] stage=pretrain epoch=1/1 batch=230/3000 step=230 repair=0.003514 localization=0.2272 type=0.9019 minimal=0.02466 physics=0.1352 total=0.1878
[TRAIN train_fourcastnet_conservefm_full_s43] [TRAIN] stage=pretrain epoch=1/1 batch=240/3000 step=240 repair=0.006963 localization=0.303 type=3.024 minimal=0.02943 physics=0.3133 total=0.6189
[TRAIN train_fourcastnet_conservefm_full_s43] [TRAIN] stage=pretrain epoch=1/1 batch=250/3000 step=250 repair=0.0262 localization=0.2989 type=2.087 minimal=0.026 physics=0.3707 total=0.4287
[TRAIN train_fourcastnet_conservefm_full_s43] [TRAIN] stage=pretrain epoch=1/1 batch=260/3000 step=260 repair=0.004268 localization=0.3017 type=1.417 minimal=0.02623 physics=0.2565 total=0.3106
[TRAIN train_fourcastnet_conservefm_full_s43] [TRAIN] stage=pretrain epoch=1/1 batch=270/3000 step=270 repair=0.01956 localization=0.2104 type=2.403 minimal=0.02795 physics=0.4514 total=0.5158
[TRAIN train_fourcastnet_conservefm_full_s43] [TRAIN] stage=pretrain epoch=1/1 batch=280/3000 step=280 repair=0.00601 localization=0.3762 type=1.295 minimal=0.02869 physics=0.2656 total=0.3092
[TRAIN train_fourcastnet_conservefm_full_s43] [TRAIN] stage=pretrain epoch=1/1 batch=290/3000 step=290 repair=0.002815 localization=0.3333 type=1.892 minimal=0.02431 physics=0.2693 total=0.4033
[TRAIN train_fourcastnet_conservefm_full_s43] [TRAIN] stage=pretrain epoch=1/1 batch=300/3000 step=300 repair=0.02385 localization=0.3577 type=2.048 minimal=0.02605 physics=0.473 total=0.4966
[TRAIN train_fourcastnet_conservefm_full_s43] [TRAIN] stage=pretrain epoch=1/1 batch=310/3000 step=310 repair=0.005611 localization=0.2311 type=1.413 minimal=0.02838 physics=0.7537 total=0.2079
[TRAIN train_fourcastnet_conservefm_full_s43] [TRAIN] stage=pretrain epoch=1/1 batch=320/3000 step=320 repair=0.004724 localization=0.2188 type=2.234 minimal=0.03146 physics=0.1981 total=0.4394
[TRAIN train_fourcastnet_conservefm_full_s43] [TRAIN] stage=pretrain epoch=1/1 batch=330/3000 step=330 repair=0.003857 localization=0.3421 type=1.997 minimal=0.03084 physics=0.2125 total=0.3298
[TRAIN train_fourcastnet_conservefm_full_s43] [TRAIN] stage=pretrain epoch=1/1 batch=340/3000 step=340 repair=0.006499 localization=0.2145 type=2.758 minimal=0.02905 physics=0.202 total=0.5124
[TRAIN train_fourcastnet_conservefm_full_s43] [TRAIN] stage=pretrain epoch=1/1 batch=350/3000 step=350 repair=0.005754 localization=0.3439 type=1.199 minimal=0.0303 physics=0.8892 total=0.2048
[TRAIN train_fourcastnet_conservefm_full_s43] [TRAIN] stage=pretrain epoch=1/1 batch=360/3000 step=360 repair=0.008446 localization=0.2356 type=2.052 minimal=0.03021 physics=0.3732 total=0.4071
[TRAIN train_fourcastnet_conservefm_full_s43] [TRAIN] stage=pretrain epoch=1/1 batch=370/3000 step=370 repair=0.002643 localization=0.3871 type=1.938 minimal=0.02425 physics=0.1658 total=0.3907
[TRAIN train_fourcastnet_conservefm_full_s43] [TRAIN] stage=pretrain epoch=1/1 batch=380/3000 step=380 repair=0.004975 localization=0.3065 type=1.476 minimal=0.02379 physics=0.471 total=0.3336
[TRAIN train_fourcastnet_conservefm_full_s43] [TRAIN] stage=pretrain epoch=1/1 batch=390/3000 step=390 repair=0.005041 localization=0.2538 type=2.141 minimal=0.02208 physics=0.1847 total=0.4437
[TRAIN train_fourcastnet_conservefm_full_s43] [TRAIN] stage=pretrain epoch=1/1 batch=400/3000 step=400 repair=0.006751 localization=0.2496 type=1.822 minimal=0.01987 physics=1.118 total=0.27
[TRAIN train_fourcastnet_conservefm_full_s43] [TRAIN] stage=pretrain epoch=1/1 batch=410/3000 step=410 repair=0.007856 localization=0.2582 type=1.049 minimal=0.02605 physics=1.086 total=0.1931
[TRAIN train_fourcastnet_conservefm_full_s43] [TRAIN] stage=pretrain epoch=1/1 batch=420/3000 step=420 repair=0.007054 localization=0.3113 type=2.33 minimal=0.0273 physics=0.1939 total=0.4643
[TRAIN train_fourcastnet_conservefm_full_s43] [TRAIN] stage=pretrain epoch=1/1 batch=430/3000 step=430 repair=0.005539 localization=0.1791 type=0.7798 minimal=0.02516 physics=0.7888 total=0.1411
[TRAIN train_fourcastnet_conservefm_full_s43] [TRAIN] stage=pretrain epoch=1/1 batch=440/3000 step=440 repair=0.004812 localization=0.3082 type=1.938 minimal=0.02644 physics=0.225 total=0.3627
[TRAIN train_fourcastnet_conservefm_full_s43] [TRAIN] stage=pretrain epoch=1/1 batch=450/3000 step=450 repair=0.004302 localization=0.2761 type=0.8018 minimal=0.02374 physics=0.2572 total=0.1252
[TRAIN train_fourcastnet_conservefm_full_s43] [TRAIN] stage=pretrain epoch=1/1 batch=460/3000 step=460 repair=0.02208 localization=0.249 type=0.6191 minimal=0.02533 physics=1.474 total=0.1829
[TRAIN train_fourcastnet_conservefm_full_s43] [TRAIN] stage=pretrain epoch=1/1 batch=470/3000 step=470 repair=0.01138 localization=0.1608 type=1.788 minimal=0.02357 physics=0.3416 total=0.3253
[TRAIN train_fourcastnet_conservefm_full_s43] [TRAIN] stage=pretrain epoch=1/1 batch=480/3000 step=480 repair=0.002168 localization=0.4345 type=2.851 minimal=0.02197 physics=0.1744 total=0.5404
[TRAIN train_fourcastnet_conservefm_full_s43] [TRAIN] stage=pretrain epoch=1/1 batch=490/3000 step=490 repair=0.002048 localization=0.2872 type=2.696 minimal=0.02055 physics=0.1968 total=0.5169
[TRAIN train_fourcastnet_conservefm_full_s43] [TRAIN] stage=pretrain epoch=1/1 batch=500/3000 step=500 repair=0.004483 localization=0.2515 type=2.179 minimal=0.02357 physics=0.4872 total=0.4234
[TRAIN train_fourcastnet_conservefm_full_s43] [TRAIN] stage=pretrain epoch=1/1 batch=510/3000 step=510 repair=0.005202 localization=0.2885 type=1.42 minimal=0.0248 physics=0.1797 total=0.284
[TRAIN train_fourcastnet_conservefm_full_s43] [TRAIN] stage=pretrain epoch=1/1 batch=520/3000 step=520 repair=0.009837 localization=0.3115 type=2.558 minimal=0.02536 physics=0.2867 total=0.5287
[TRAIN train_fourcastnet_conservefm_full_s43] [TRAIN] stage=pretrain epoch=1/1 batch=530/3000 step=530 repair=0.003876 localization=0.226 type=2.329 minimal=0.02283 physics=0.3286 total=0.477
[TRAIN train_fourcastnet_conservefm_full_s43] [TRAIN] stage=pretrain epoch=1/1 batch=540/3000 step=540 repair=0.003658 localization=0.2946 type=1.744 minimal=0.02641 physics=0.1327 total=0.3588
[TRAIN train_fourcastnet_conservefm_full_s43] [TRAIN] stage=pretrain epoch=1/1 batch=550/3000 step=550 repair=0.002332 localization=0.2534 type=1.429 minimal=0.02032 physics=0.186 total=0.31
[TRAIN train_fourcastnet_conservefm_full_s43] [TRAIN] stage=pretrain epoch=1/1 batch=560/3000 step=560 repair=0.005475 localization=0.1893 type=1.334 minimal=0.02625 physics=0.3451 total=0.2797
[TRAIN train_fourcastnet_conservefm_full_s43] [TRAIN] stage=pretrain epoch=1/1 batch=570/3000 step=570 repair=0.02094 localization=0.2112 type=1.4 minimal=0.02444 physics=1.564 total=0.2605
[TRAIN train_fourcastnet_conservefm_full_s43] [TRAIN] stage=pretrain epoch=1/1 batch=580/3000 step=580 repair=0.003209 localization=0.3471 type=1.953 minimal=0.02057 physics=0.1033 total=0.4116
[TRAIN train_fourcastnet_conservefm_full_s43] [TRAIN] stage=pretrain epoch=1/1 batch=590/3000 step=590 repair=0.005734 localization=0.3271 type=1.182 minimal=0.02409 physics=0.3482 total=0.2817
[TRAIN train_fourcastnet_conservefm_full_s43] [TRAIN] stage=pretrain epoch=1/1 batch=600/3000 step=600 repair=0.004179 localization=0.2999 type=1.834 minimal=0.02444 physics=0.2283 total=0.3685
[TRAIN train_fourcastnet_conservefm_full_s43] [TRAIN] stage=pretrain epoch=1/1 batch=610/3000 step=610 repair=0.002603 localization=0.159 type=1.989 minimal=0.02051 physics=0.4641 total=0.2408
[TRAIN train_fourcastnet_conservefm_full_s43] [TRAIN] stage=pretrain epoch=1/1 batch=620/3000 step=620 repair=0.02022 localization=0.2463 type=1.233 minimal=0.02136 physics=1.689 total=0.2528
[TRAIN train_fourcastnet_conservefm_full_s43] [TRAIN] stage=pretrain epoch=1/1 batch=630/3000 step=630 repair=0.005905 localization=0.2452 type=2.134 minimal=0.02505 physics=0.1688 total=0.4028
[TRAIN train_fourcastnet_conservefm_full_s43] [TRAIN] stage=pretrain epoch=1/1 batch=640/3000 step=640 repair=0.002518 localization=0.4024 type=2.013 minimal=0.02124 physics=0.09855 total=0.4146
[TRAIN train_fourcastnet_conservefm_full_s43] [TRAIN] stage=pretrain epoch=1/1 batch=650/3000 step=650 repair=0.006079 localization=0.3003 type=1.975 minimal=0.02243 physics=0.09605 total=0.3889
[TRAIN train_fourcastnet_conservefm_full_s43] [TRAIN] stage=pretrain epoch=1/1 batch=660/3000 step=660 repair=0.004462 localization=0.3739 type=1.657 minimal=0.02524 physics=0.5012 total=0.3626
[TRAIN train_fourcastnet_conservefm_full_s43] [TRAIN] stage=pretrain epoch=1/1 batch=670/3000 step=670 repair=0.005705 localization=0.2008 type=1.893 minimal=0.02266 physics=0.2242 total=0.3831
[TRAIN train_fourcastnet_conservefm_full_s43] [TRAIN] stage=pretrain epoch=1/1 batch=680/3000 step=680 repair=0.002842 localization=0.2564 type=2.001 minimal=0.01982 physics=0.08547 total=0.3998
[TRAIN train_fourcastnet_conservefm_full_s43] [TRAIN] stage=pretrain epoch=1/1 batch=690/3000 step=690 repair=0.003009 localization=0.2843 type=2.118 minimal=0.01845 physics=0.09627 total=0.407
[TRAIN train_fourcastnet_conservefm_full_s43] [TRAIN] stage=pretrain epoch=1/1 batch=700/3000 step=700 repair=0.002561 localization=0.205 type=1.146 minimal=0.02193 physics=0.1144 total=0.2528
[TRAIN train_fourcastnet_conservefm_full_s43] [TRAIN] stage=pretrain epoch=1/1 batch=710/3000 step=710 repair=0.007674 localization=0.2894 type=1.557 minimal=0.01883 physics=0.0865 total=0.338
[TRAIN train_fourcastnet_conservefm_full_s43] [TRAIN] stage=pretrain epoch=1/1 batch=720/3000 step=720 repair=0.00238 localization=0.2331 type=1.649 minimal=0.01852 physics=0.2111 total=0.3565
[TRAIN train_fourcastnet_conservefm_full_s43] [TRAIN] stage=pretrain epoch=1/1 batch=730/3000 step=730 repair=0.002477 localization=0.3552 type=1.597 minimal=0.01823 physics=0.1459 total=0.3495
[TRAIN train_fourcastnet_conservefm_full_s43] [TRAIN] stage=pretrain epoch=1/1 batch=740/3000 step=740 repair=0.006627 localization=0.246 type=1.385 minimal=0.02173 physics=0.2848 total=0.294
[TRAIN train_fourcastnet_conservefm_full_s43] [TRAIN] stage=pretrain epoch=1/1 batch=750/3000 step=750 repair=0.007849 localization=0.1427 type=1.475 minimal=0.02791 physics=0.3431 total=0.3379
[TRAIN train_fourcastnet_conservefm_full_s43] [TRAIN] stage=pretrain epoch=1/1 batch=760/3000 step=760 repair=0.002435 localization=0.2932 type=1.606 minimal=0.01913 physics=0.1715 total=0.3274
[TRAIN train_fourcastnet_conservefm_full_s43] [TRAIN] stage=pretrain epoch=1/1 batch=770/3000 step=770 repair=0.00401 localization=0.2357 type=1.73 minimal=0.02884 physics=0.1964 total=0.3512
[TRAIN train_fourcastnet_conservefm_full_s43] [TRAIN] stage=pretrain epoch=1/1 batch=780/3000 step=780 repair=0.02375 localization=0.3632 type=1.54 minimal=0.03342 physics=0.6956 total=0.3326
[TRAIN train_fourcastnet_conservefm_full_s43] [TRAIN] stage=pretrain epoch=1/1 batch=790/3000 step=790 repair=0.005555 localization=0.239 type=0.8882 minimal=0.02744 physics=0.2551 total=0.1941
[TRAIN train_fourcastnet_conservefm_full_s43] [TRAIN] stage=pretrain epoch=1/1 batch=800/3000 step=800 repair=0.006954 localization=0.3372 type=2.075 minimal=0.02182 physics=1.411 total=0.319
[TRAIN train_fourcastnet_conservefm_full_s43] [TRAIN] stage=pretrain epoch=1/1 batch=810/3000 step=810 repair=0.002771 localization=0.2691 type=1.186 minimal=0.02255 physics=0.1868 total=0.2538
[TRAIN train_fourcastnet_conservefm_full_s43] [TRAIN] stage=pretrain epoch=1/1 batch=820/3000 step=820 repair=0.003038 localization=0.4232 type=1.433 minimal=0.02255 physics=0.1462 total=0.311
[TRAIN train_fourcastnet_conservefm_full_s43] [TRAIN] stage=pretrain epoch=1/1 batch=830/3000 step=830 repair=0.008889 localization=0.3521 type=1.877 minimal=0.01852 physics=1.44 total=0.304
[TRAIN train_fourcastnet_conservefm_full_s43] [TRAIN] stage=pretrain epoch=1/1 batch=840/3000 step=840 repair=0.002502 localization=0.2798 type=1.629 minimal=0.01987 physics=0.3401 total=0.2106
[TRAIN train_fourcastnet_conservefm_full_s43] [TRAIN] stage=pretrain epoch=1/1 batch=850/3000 step=850 repair=0.007818 localization=0.2354 type=1.307 minimal=0.01779 physics=0.07441 total=0.2629
[TRAIN train_fourcastnet_conservefm_full_s43] [TRAIN] stage=pretrain epoch=1/1 batch=860/3000 step=860 repair=0.004887 localization=0.3535 type=1.383 minimal=0.02028 physics=0.7391 total=0.2157
[TRAIN train_fourcastnet_conservefm_full_s43] [TRAIN] stage=pretrain epoch=1/1 batch=870/3000 step=870 repair=0.008595 localization=0.2281 type=1.535 minimal=0.02463 physics=1.286 total=0.2495
[TRAIN train_fourcastnet_conservefm_full_s43] [TRAIN] stage=pretrain epoch=1/1 batch=880/3000 step=880 repair=0.003339 localization=0.3002 type=2.414 minimal=0.02373 physics=0.1049 total=0.498
[TRAIN train_fourcastnet_conservefm_full_s43] [TRAIN] stage=pretrain epoch=1/1 batch=890/3000 step=890 repair=0.005982 localization=0.2982 type=1.543 minimal=0.01878 physics=0.1311 total=0.3166
[TRAIN train_fourcastnet_conservefm_full_s43] [TRAIN] stage=pretrain epoch=1/1 batch=900/3000 step=900 repair=0.00289 localization=0.311 type=1.3 minimal=0.02066 physics=0.1643 total=0.2744
[TRAIN train_fourcastnet_conservefm_full_s43] [TRAIN] stage=pretrain epoch=1/1 batch=910/3000 step=910 repair=0.00209 localization=0.2885 type=2.569 minimal=0.02003 physics=0.2996 total=0.5075
[TRAIN train_fourcastnet_conservefm_full_s43] [TRAIN] stage=pretrain epoch=1/1 batch=920/3000 step=920 repair=0.007601 localization=0.4494 type=2.079 minimal=0.02003 physics=0.4618 total=0.4725
[TRAIN train_fourcastnet_conservefm_full_s43] [TRAIN] stage=pretrain epoch=1/1 batch=930/3000 step=930 repair=0.002522 localization=0.2165 type=1.913 minimal=0.02019 physics=0.135 total=0.4053
[TRAIN train_fourcastnet_conservefm_full_s43] [TRAIN] stage=pretrain epoch=1/1 batch=940/3000 step=940 repair=0.002098 localization=0.2649 type=1.813 minimal=0.0182 physics=0.1878 total=0.3963
[TRAIN train_fourcastnet_conservefm_full_s43] [TRAIN] stage=pretrain epoch=1/1 batch=950/3000 step=950 repair=0.002626 localization=0.331 type=1.634 minimal=0.02078 physics=0.09336 total=0.3425
[TRAIN train_fourcastnet_conservefm_full_s43] [TRAIN] stage=pretrain epoch=1/1 batch=960/3000 step=960 repair=0.00312 localization=0.1934 type=1.794 minimal=0.02112 physics=0.1877 total=0.38
[TRAIN train_fourcastnet_conservefm_full_s43] [TRAIN] stage=pretrain epoch=1/1 batch=970/3000 step=970 repair=0.003155 localization=0.2707 type=1.603 minimal=0.02042 physics=0.2614 total=0.3326
[TRAIN train_fourcastnet_conservefm_full_s43] [TRAIN] stage=pretrain epoch=1/1 batch=980/3000 step=980 repair=0.002744 localization=0.2865 type=1.307 minimal=0.02007 physics=0.1772 total=0.2829
[TRAIN train_fourcastnet_conservefm_full_s43] [TRAIN] stage=pretrain epoch=1/1 batch=990/3000 step=990 repair=0.01113 localization=0.3105 type=2.203 minimal=0.02025 physics=0.1944 total=0.4636
[TRAIN train_fourcastnet_conservefm_full_s43] [TRAIN] stage=pretrain epoch=1/1 batch=1000/3000 step=1000 repair=0.005798 localization=0.09066 type=1.035 minimal=0.0287 physics=0.2607 total=0.2139
[TRAIN train_fourcastnet_conservefm_full_s43] [TRAIN] stage=pretrain epoch=1/1 batch=1010/3000 step=1010 repair=0.007007 localization=0.2258 type=1.168 minimal=0.02071 physics=1.248 total=0.209
[TRAIN train_fourcastnet_conservefm_full_s43] [TRAIN] stage=pretrain epoch=1/1 batch=1020/3000 step=1020 repair=0.00266 localization=0.2644 type=1.594 minimal=0.02148 physics=0.2171 total=0.316
[TRAIN train_fourcastnet_conservefm_full_s43] [TRAIN] stage=pretrain epoch=1/1 batch=1030/3000 step=1030 repair=0.00181 localization=0.2371 type=1.311 minimal=0.01814 physics=0.208 total=0.2868
[TRAIN train_fourcastnet_conservefm_full_s43] [TRAIN] stage=pretrain epoch=1/1 batch=1040/3000 step=1040 repair=0.01059 localization=0.3728 type=1.792 minimal=0.02364 physics=0.4227 total=0.4355
[TRAIN train_fourcastnet_conservefm_full_s43] [TRAIN] stage=pretrain epoch=1/1 batch=1050/3000 step=1050 repair=0.002442 localization=0.3777 type=1.621 minimal=0.01843 physics=0.5884 total=0.2319
[TRAIN train_fourcastnet_conservefm_full_s43] [TRAIN] stage=pretrain epoch=1/1 batch=1060/3000 step=1060 repair=0.005238 localization=0.2876 type=2.308 minimal=0.02228 physics=0.1597 total=0.4557
[TRAIN train_fourcastnet_conservefm_full_s43] [TRAIN] stage=pretrain epoch=1/1 batch=1070/3000 step=1070 repair=0.0209 localization=0.2784 type=1.732 minimal=0.01828 physics=1.932 total=0.3188
[TRAIN train_fourcastnet_conservefm_full_s43] [TRAIN] stage=pretrain epoch=1/1 batch=1080/3000 step=1080 repair=0.002405 localization=0.2563 type=1.613 minimal=0.01938 physics=0.1209 total=0.2828
[TRAIN train_fourcastnet_conservefm_full_s43] [TRAIN] stage=pretrain epoch=1/1 batch=1090/3000 step=1090 repair=0.008629 localization=0.3211 type=1.573 minimal=0.01941 physics=1.042 total=0.3543
[TRAIN train_fourcastnet_conservefm_full_s43] [TRAIN] stage=pretrain epoch=1/1 batch=1100/3000 step=1100 repair=0.002226 localization=0.2801 type=1.624 minimal=0.01952 physics=0.1818 total=0.2953
[TRAIN train_fourcastnet_conservefm_full_s43] [TRAIN] stage=pretrain epoch=1/1 batch=1110/3000 step=1110 repair=0.002986 localization=0.3191 type=1.619 minimal=0.01939 physics=0.2388 total=0.3161
[TRAIN train_fourcastnet_conservefm_full_s43] [TRAIN] stage=pretrain epoch=1/1 batch=1120/3000 step=1120 repair=0.008204 localization=0.2545 type=1.004 minimal=0.02101 physics=0.9828 total=0.1834
[TRAIN train_fourcastnet_conservefm_full_s43] [TRAIN] stage=pretrain epoch=1/1 batch=1130/3000 step=1130 repair=0.00342 localization=0.223 type=2.175 minimal=0.01906 physics=0.1751 total=0.3944
[TRAIN train_fourcastnet_conservefm_full_s43] [TRAIN] stage=pretrain epoch=1/1 batch=1140/3000 step=1140 repair=0.007072 localization=0.3654 type=2.114 minimal=0.02359 physics=0.5041 total=0.4143
[TRAIN train_fourcastnet_conservefm_full_s43] [TRAIN] stage=pretrain epoch=1/1 batch=1150/3000 step=1150 repair=0.003101 localization=0.1996 type=0.6826 minimal=0.02014 physics=0.3207 total=0.1076
[TRAIN train_fourcastnet_conservefm_full_s43] [TRAIN] stage=pretrain epoch=1/1 batch=1160/3000 step=1160 repair=0.004004 localization=0.2512 type=0.939 minimal=0.02431 physics=0.3599 total=0.1413
[TRAIN train_fourcastnet_conservefm_full_s43] [TRAIN] stage=pretrain epoch=1/1 batch=1170/3000 step=1170 repair=0.004326 localization=0.3064 type=0.5791 minimal=0.01976 physics=0.8216 total=0.1342
[TRAIN train_fourcastnet_conservefm_full_s43] [TRAIN] stage=pretrain epoch=1/1 batch=1180/3000 step=1180 repair=0.001918 localization=0.2906 type=1.635 minimal=0.0166 physics=0.1539 total=0.2994
[TRAIN train_fourcastnet_conservefm_full_s43] [TRAIN] stage=pretrain epoch=1/1 batch=1190/3000 step=1190 repair=0.002431 localization=0.2931 type=2.704 minimal=0.01813 physics=0.086 total=0.5147
[TRAIN train_fourcastnet_conservefm_full_s43] [TRAIN] stage=pretrain epoch=1/1 batch=1200/3000 step=1200 repair=0.006022 localization=0.2162 type=0.7799 minimal=0.02911 physics=0.5705 total=0.1946
[TRAIN train_fourcastnet_conservefm_full_s43] [TRAIN] stage=pretrain epoch=1/1 batch=1210/3000 step=1210 repair=0.002744 localization=0.2101 type=2.091 minimal=0.01862 physics=0.0998 total=0.41
[TRAIN train_fourcastnet_conservefm_full_s43] [TRAIN] stage=pretrain epoch=1/1 batch=1220/3000 step=1220 repair=0.007039 localization=0.3577 type=1.696 minimal=0.01797 physics=0.2174 total=0.3471
[TRAIN train_fourcastnet_conservefm_full_s43] [TRAIN] stage=pretrain epoch=1/1 batch=1230/3000 step=1230 repair=0.004486 localization=0.3125 type=1.437 minimal=0.01862 physics=0.2498 total=0.2929
[TRAIN train_fourcastnet_conservefm_full_s43] [TRAIN] stage=pretrain epoch=1/1 batch=1240/3000 step=1240 repair=0.007834 localization=0.2705 type=1.164 minimal=0.01901 physics=0.2483 total=0.2478
[TRAIN train_fourcastnet_conservefm_full_s43] [TRAIN] stage=pretrain epoch=1/1 batch=1250/3000 step=1250 repair=0.001902 localization=0.2704 type=2.254 minimal=0.01759 physics=0.07421 total=0.4322
[TRAIN train_fourcastnet_conservefm_full_s43] [TRAIN] stage=pretrain epoch=1/1 batch=1260/3000 step=1260 repair=0.01593 localization=0.1575 type=0.1341 minimal=0.07001 physics=2.223 total=0.1644
[TRAIN train_fourcastnet_conservefm_full_s43] [TRAIN] stage=pretrain epoch=1/1 batch=1270/3000 step=1270 repair=0.006879 localization=0.1993 type=0.7346 minimal=0.0275 physics=0.6188 total=0.1801
[TRAIN train_fourcastnet_conservefm_full_s43] [TRAIN] stage=pretrain epoch=1/1 batch=1280/3000 step=1280 repair=0.02085 localization=0.2745 type=1.794 minimal=0.02298 physics=1.864 total=0.3212
[TRAIN train_fourcastnet_conservefm_full_s43] [TRAIN] stage=pretrain epoch=1/1 batch=1290/3000 step=1290 repair=0.003556 localization=0.4691 type=1.608 minimal=0.02208 physics=0.3029 total=0.3671
[TRAIN train_fourcastnet_conservefm_full_s43] [TRAIN] stage=pretrain epoch=1/1 batch=1300/3000 step=1300 repair=0.00307 localization=0.2499 type=2.229 minimal=0.02319 physics=0.1368 total=0.4119
[TRAIN train_fourcastnet_conservefm_full_s43] [TRAIN] stage=pretrain epoch=1/1 batch=1310/3000 step=1310 repair=0.003034 localization=0.2124 type=1.516 minimal=0.02501 physics=0.1335 total=0.305
[TRAIN train_fourcastnet_conservefm_full_s43] [TRAIN] stage=pretrain epoch=1/1 batch=1320/3000 step=1320 repair=0.005893 localization=0.1706 type=1.373 minimal=0.022 physics=0.2712 total=0.2878
[TRAIN train_fourcastnet_conservefm_full_s43] [TRAIN] stage=pretrain epoch=1/1 batch=1330/3000 step=1330 repair=0.004956 localization=0.3325 type=1.479 minimal=0.01869 physics=0.1216 total=0.3112
[TRAIN train_fourcastnet_conservefm_full_s43] [TRAIN] stage=pretrain epoch=1/1 batch=1340/3000 step=1340 repair=0.01104 localization=0.4099 type=1.528 minimal=0.01976 physics=0.3836 total=0.3378
[TRAIN train_fourcastnet_conservefm_full_s43] [TRAIN] stage=pretrain epoch=1/1 batch=1350/3000 step=1350 repair=0.007924 localization=0.1684 type=0.1907 minimal=0.05331 physics=1.373 total=0.1312
[TRAIN train_fourcastnet_conservefm_full_s43] [TRAIN] stage=pretrain epoch=1/1 batch=1360/3000 step=1360 repair=0.002582 localization=0.2352 type=1.887 minimal=0.01877 physics=0.06576 total=0.3893
[TRAIN train_fourcastnet_conservefm_full_s43] [TRAIN] stage=pretrain epoch=1/1 batch=1370/3000 step=1370 repair=0.004327 localization=0.3931 type=1.9 minimal=0.02065 physics=0.1846 total=0.3828
[TRAIN train_fourcastnet_conservefm_full_s43] [TRAIN] stage=pretrain epoch=1/1 batch=1380/3000 step=1380 repair=0.002112 localization=0.3645 type=1.984 minimal=0.01724 physics=0.1349 total=0.4283
[TRAIN train_fourcastnet_conservefm_full_s43] [TRAIN] stage=pretrain epoch=1/1 batch=1390/3000 step=1390 repair=0.01294 localization=0.4458 type=2.585 minimal=0.02129 physics=2.119 total=0.4222
[TRAIN train_fourcastnet_conservefm_full_s43] [TRAIN] stage=pretrain epoch=1/1 batch=1400/3000 step=1400 repair=0.003654 localization=0.2871 type=1.549 minimal=0.01752 physics=0.08056 total=0.3274
[TRAIN train_fourcastnet_conservefm_full_s43] [TRAIN] stage=pretrain epoch=1/1 batch=1410/3000 step=1410 repair=0.004046 localization=0.2146 type=1.002 minimal=0.02193 physics=0.3385 total=0.2234
[TRAIN train_fourcastnet_conservefm_full_s43] [TRAIN] stage=pretrain epoch=1/1 batch=1420/3000 step=1420 repair=0.002065 localization=0.358 type=1.068 minimal=0.01736 physics=0.07579 total=0.2445
[TRAIN train_fourcastnet_conservefm_full_s43] [TRAIN] stage=pretrain epoch=1/1 batch=1430/3000 step=1430 repair=0.002658 localization=0.3683 type=3.75 minimal=0.02344 physics=0.164 total=0.7666
[TRAIN train_fourcastnet_conservefm_full_s43] [TRAIN] stage=pretrain epoch=1/1 batch=1440/3000 step=1440 repair=0.003295 localization=0.1886 type=0.834 minimal=0.02179 physics=0.3431 total=0.1229
[TRAIN train_fourcastnet_conservefm_full_s43] [TRAIN] stage=pretrain epoch=1/1 batch=1450/3000 step=1450 repair=0.007403 localization=0.2769 type=1.71 minimal=0.01823 physics=0.4685 total=0.3273
[TRAIN train_fourcastnet_conservefm_full_s43] [TRAIN] stage=pretrain epoch=1/1 batch=1460/3000 step=1460 repair=0.002137 localization=0.2629 type=1.498 minimal=0.01901 physics=0.1088 total=0.3377
[TRAIN train_fourcastnet_conservefm_full_s43] [TRAIN] stage=pretrain epoch=1/1 batch=1470/3000 step=1470 repair=0.002332 localization=0.3185 type=1.349 minimal=0.01807 physics=0.3173 total=0.3244
[TRAIN train_fourcastnet_conservefm_full_s43] [TRAIN] stage=pretrain epoch=1/1 batch=1480/3000 step=1480 repair=0.00258 localization=0.2715 type=1.373 minimal=0.0193 physics=0.142 total=0.2801
[TRAIN train_fourcastnet_conservefm_full_s43] [TRAIN] stage=pretrain epoch=1/1 batch=1490/3000 step=1490 repair=0.004392 localization=0.1971 type=0.948 minimal=0.01753 physics=0.754 total=0.1568
[TRAIN train_fourcastnet_conservefm_full_s43] [TRAIN] stage=pretrain epoch=1/1 batch=1500/3000 step=1500 repair=0.009549 localization=0.3716 type=0.9727 minimal=0.01811 physics=1.052 total=0.1968
[TRAIN train_fourcastnet_conservefm_full_s43] [TRAIN] stage=pretrain epoch=1/1 batch=1510/3000 step=1510 repair=0.00308 localization=0.3453 type=1.735 minimal=0.01665 physics=0.2754 total=0.3414
[TRAIN train_fourcastnet_conservefm_full_s43] [TRAIN] stage=pretrain epoch=1/1 batch=1520/3000 step=1520 repair=0.001746 localization=0.3405 type=1.484 minimal=0.01715 physics=0.06258 total=0.3157
[TRAIN train_fourcastnet_conservefm_full_s43] [TRAIN] stage=pretrain epoch=1/1 batch=1530/3000 step=1530 repair=0.001819 localization=0.348 type=1.703 minimal=0.01836 physics=0.07409 total=0.3542
[TRAIN train_fourcastnet_conservefm_full_s43] [TRAIN] stage=pretrain epoch=1/1 batch=1540/3000 step=1540 repair=0.003323 localization=0.3054 type=1.432 minimal=0.01909 physics=0.1177 total=0.3044
[TRAIN train_fourcastnet_conservefm_full_s43] [TRAIN] stage=pretrain epoch=1/1 batch=1550/3000 step=1550 repair=0.00812 localization=0.2931 type=1.112 minimal=0.01741 physics=0.9288 total=0.1953
[TRAIN train_fourcastnet_conservefm_full_s43] [TRAIN] stage=pretrain epoch=1/1 batch=1560/3000 step=1560 repair=0.002647 localization=0.3263 type=1.773 minimal=0.0177 physics=0.09306 total=0.3462
[TRAIN train_fourcastnet_conservefm_full_s43] [TRAIN] stage=pretrain epoch=1/1 batch=1570/3000 step=1570 repair=0.003832 localization=0.2696 type=0.9211 minimal=0.01979 physics=0.5597 total=0.1511
[TRAIN train_fourcastnet_conservefm_full_s43] [TRAIN] stage=pretrain epoch=1/1 batch=1580/3000 step=1580 repair=0.00295 localization=0.277 type=2.102 minimal=0.02014 physics=0.1227 total=0.3923
[TRAIN train_fourcastnet_conservefm_full_s43] [TRAIN] stage=pretrain epoch=1/1 batch=1590/3000 step=1590 repair=0.002261 localization=0.3593 type=1.99 minimal=0.01714 physics=0.0788 total=0.3865
[TRAIN train_fourcastnet_conservefm_full_s43] [TRAIN] stage=pretrain epoch=1/1 batch=1600/3000 step=1600 repair=0.005071 localization=0.2666 type=0.1587 minimal=0.0332 physics=0.6221 total=0.09156
[TRAIN train_fourcastnet_conservefm_full_s43] [TRAIN] stage=pretrain epoch=1/1 batch=1610/3000 step=1610 repair=0.01392 localization=0.2893 type=1.275 minimal=0.01912 physics=0.2094 total=0.2815
[TRAIN train_fourcastnet_conservefm_full_s43] [TRAIN] stage=pretrain epoch=1/1 batch=1620/3000 step=1620 repair=0.006401 localization=0.3299 type=1.258 minimal=0.01889 physics=0.2027 total=0.2501
[TRAIN train_fourcastnet_conservefm_full_s43] [TRAIN] stage=pretrain epoch=1/1 batch=1630/3000 step=1630 repair=0.002767 localization=0.2261 type=2.147 minimal=0.01707 physics=0.235 total=0.4209
[TRAIN train_fourcastnet_conservefm_full_s43] [TRAIN] stage=pretrain epoch=1/1 batch=1640/3000 step=1640 repair=0.004222 localization=0.1665 type=0.1553 minimal=0.03131 physics=1.368 total=0.1138
[TRAIN train_fourcastnet_conservefm_full_s43] [TRAIN] stage=pretrain epoch=1/1 batch=1650/3000 step=1650 repair=0.02276 localization=0.2813 type=1.259 minimal=0.02464 physics=1.317 total=0.2428
[TRAIN train_fourcastnet_conservefm_full_s43] [TRAIN] stage=pretrain epoch=1/1 batch=1660/3000 step=1660 repair=0.003253 localization=0.2799 type=1.628 minimal=0.02301 physics=0.07892 total=0.3204
[TRAIN train_fourcastnet_conservefm_full_s43] [TRAIN] stage=pretrain epoch=1/1 batch=1670/3000 step=1670 repair=0.00234 localization=0.2496 type=0.8689 minimal=0.02286 physics=0.1025 total=0.2004
[TRAIN train_fourcastnet_conservefm_full_s43] [TRAIN] stage=pretrain epoch=1/1 batch=1680/3000 step=1680 repair=0.002788 localization=0.203 type=0.8687 minimal=0.01901 physics=0.08601 total=0.181
[TRAIN train_fourcastnet_conservefm_full_s43] [TRAIN] stage=pretrain epoch=1/1 batch=1690/3000 step=1690 repair=0.002469 localization=0.2481 type=1.527 minimal=0.01646 physics=0.1786 total=0.3321
[TRAIN train_fourcastnet_conservefm_full_s43] [TRAIN] stage=pretrain epoch=1/1 batch=1700/3000 step=1700 repair=0.004466 localization=0.2488 type=2.194 minimal=0.019 physics=0.2848 total=0.4374
[TRAIN train_fourcastnet_conservefm_full_s43] [TRAIN] stage=pretrain epoch=1/1 batch=1710/3000 step=1710 repair=0.01047 localization=0.3267 type=1.968 minimal=0.01706 physics=0.2381 total=0.4271
[TRAIN train_fourcastnet_conservefm_full_s43] [TRAIN] stage=pretrain epoch=1/1 batch=1720/3000 step=1720 repair=0.03532 localization=0.3721 type=2.441 minimal=0.01721 physics=2.561 total=0.4449
[TRAIN train_fourcastnet_conservefm_full_s43] [TRAIN] stage=pretrain epoch=1/1 batch=1730/3000 step=1730 repair=0.003878 localization=0.2924 type=1.292 minimal=0.01675 physics=0.08154 total=0.2985
[TRAIN train_fourcastnet_conservefm_full_s43] [TRAIN] stage=pretrain epoch=1/1 batch=1740/3000 step=1740 repair=0.002685 localization=0.414 type=1.299 minimal=0.01964 physics=0.08893 total=0.271
[TRAIN train_fourcastnet_conservefm_full_s43] [TRAIN] stage=pretrain epoch=1/1 batch=1750/3000 step=1750 repair=0.007191 localization=0.2505 type=1.057 minimal=0.02008 physics=0.8386 total=0.18
[TRAIN train_fourcastnet_conservefm_full_s43] [TRAIN] stage=pretrain epoch=1/1 batch=1760/3000 step=1760 repair=0.01233 localization=0.3185 type=1.296 minimal=0.02028 physics=0.1848 total=0.2745
[TRAIN train_fourcastnet_conservefm_full_s43] [TRAIN] stage=pretrain epoch=1/1 batch=1770/3000 step=1770 repair=0.00275 localization=0.2392 type=3.732 minimal=0.01984 physics=0.1666 total=0.7923
[TRAIN train_fourcastnet_conservefm_full_s43] [TRAIN] stage=pretrain epoch=1/1 batch=1780/3000 step=1780 repair=0.00293 localization=0.2904 type=1.59 minimal=0.01849 physics=0.1205 total=0.331
[TRAIN train_fourcastnet_conservefm_full_s43] [TRAIN] stage=pretrain epoch=1/1 batch=1790/3000 step=1790 repair=0.003188 localization=0.4417 type=1.625 minimal=0.01801 physics=0.1936 total=0.3406
[TRAIN train_fourcastnet_conservefm_full_s43] [TRAIN] stage=pretrain epoch=1/1 batch=1800/3000 step=1800 repair=0.003574 localization=0.1399 type=0.4247 minimal=0.02374 physics=0.425 total=0.1041
[TRAIN train_fourcastnet_conservefm_full_s43] [TRAIN] stage=pretrain epoch=1/1 batch=1810/3000 step=1810 repair=0.002981 localization=0.1521 type=0.8514 minimal=0.02016 physics=0.323 total=0.1738
[TRAIN train_fourcastnet_conservefm_full_s43] [TRAIN] stage=pretrain epoch=1/1 batch=1820/3000 step=1820 repair=0.002814 localization=0.1619 type=0.2372 minimal=0.02541 physics=0.7029 total=0.09151
[TRAIN train_fourcastnet_conservefm_full_s43] [TRAIN] stage=pretrain epoch=1/1 batch=1830/3000 step=1830 repair=0.002976 localization=0.135 type=0.03522 minimal=0.03641 physics=0.8306 total=0.06375
[TRAIN train_fourcastnet_conservefm_full_s43] [TRAIN] stage=pretrain epoch=1/1 batch=1840/3000 step=1840 repair=0.002754 localization=0.169 type=1.427 minimal=0.01947 physics=0.2234 total=0.2837
[TRAIN train_fourcastnet_conservefm_full_s43] [TRAIN] stage=pretrain epoch=1/1 batch=1850/3000 step=1850 repair=0.001987 localization=0.3474 type=1.929 minimal=0.01555 physics=0.4442 total=0.4308
[TRAIN train_fourcastnet_conservefm_full_s43] [TRAIN] stage=pretrain epoch=1/1 batch=1860/3000 step=1860 repair=0.001893 localization=0.3649 type=1.989 minimal=0.0157 physics=0.1509 total=0.4124
[TRAIN train_fourcastnet_conservefm_full_s43] [TRAIN] stage=pretrain epoch=1/1 batch=1870/3000 step=1870 repair=0.002541 localization=0.2674 type=1.701 minimal=0.01857 physics=0.2034 total=0.3471
[TRAIN train_fourcastnet_conservefm_full_s43] [TRAIN] stage=pretrain epoch=1/1 batch=1880/3000 step=1880 repair=0.001993 localization=0.267 type=1.7 minimal=0.01932 physics=0.08977 total=0.3424
[TRAIN train_fourcastnet_conservefm_full_s43] [TRAIN] stage=pretrain epoch=1/1 batch=1890/3000 step=1890 repair=0.002963 localization=0.3222 type=2.685 minimal=0.01996 physics=0.2793 total=0.5144
[TRAIN train_fourcastnet_conservefm_full_s43] [TRAIN] stage=pretrain epoch=1/1 batch=1900/3000 step=1900 repair=0.002017 localization=0.3146 type=1.366 minimal=0.01927 physics=0.07743 total=0.2858
[TRAIN train_fourcastnet_conservefm_full_s43] [TRAIN] stage=pretrain epoch=1/1 batch=1910/3000 step=1910 repair=0.02214 localization=0.2661 type=1.314 minimal=0.02345 physics=1.034 total=0.2321
[TRAIN train_fourcastnet_conservefm_full_s43] [TRAIN] stage=pretrain epoch=1/1 batch=1920/3000 step=1920 repair=0.005175 localization=0.3166 type=2.369 minimal=0.02162 physics=0.2567 total=0.4915
[TRAIN train_fourcastnet_conservefm_full_s43] [TRAIN] stage=pretrain epoch=1/1 batch=1930/3000 step=1930 repair=0.002725 localization=0.1233 type=0.07753 minimal=0.02734 physics=0.7196 total=0.06567
[TRAIN train_fourcastnet_conservefm_full_s43] [TRAIN] stage=pretrain epoch=1/1 batch=1940/3000 step=1940 repair=0.003129 localization=0.3156 type=1.239 minimal=0.0229 physics=0.3521 total=0.1764
[TRAIN train_fourcastnet_conservefm_full_s43] [TRAIN] stage=pretrain epoch=1/1 batch=1950/3000 step=1950 repair=0.004673 localization=0.2837 type=1.198 minimal=0.02284 physics=0.1655 total=0.219
[TRAIN train_fourcastnet_conservefm_full_s43] [TRAIN] stage=pretrain epoch=1/1 batch=1960/3000 step=1960 repair=0.00677 localization=0.3919 type=1.299 minimal=0.02235 physics=0.2272 total=0.2658
[TRAIN train_fourcastnet_conservefm_full_s43] [TRAIN] stage=pretrain epoch=1/1 batch=1970/3000 step=1970 repair=0.008366 localization=0.09569 type=0.1282 minimal=0.03149 physics=0.649 total=0.07609
[TRAIN train_fourcastnet_conservefm_full_s43] [TRAIN] stage=pretrain epoch=1/1 batch=1980/3000 step=1980 repair=0.005317 localization=0.3673 type=2.256 minimal=0.02135 physics=0.2721 total=0.5058
[TRAIN train_fourcastnet_conservefm_full_s43] [TRAIN] stage=pretrain epoch=1/1 batch=1990/3000 step=1990 repair=0.003913 localization=0.2987 type=1.045 minimal=0.02202 physics=0.3577 total=0.1564
[TRAIN train_fourcastnet_conservefm_full_s43] [TRAIN] stage=pretrain epoch=1/1 batch=2000/3000 step=2000 repair=0.004859 localization=0.1708 type=1.019 minimal=0.01819 physics=0.2524 total=0.191
[TRAIN train_fourcastnet_conservefm_full_s43] [TRAIN] stage=pretrain epoch=1/1 batch=2010/3000 step=2010 repair=0.007571 localization=0.3297 type=1.503 minimal=0.01674 physics=0.1546 total=0.3101
[TRAIN train_fourcastnet_conservefm_full_s43] [TRAIN] stage=pretrain epoch=1/1 batch=2020/3000 step=2020 repair=0.002613 localization=0.2771 type=2.486 minimal=0.01726 physics=0.1617 total=0.4886
[TRAIN train_fourcastnet_conservefm_full_s43] [TRAIN] stage=pretrain epoch=1/1 batch=2030/3000 step=2030 repair=0.003425 localization=0.3215 type=1.402 minimal=0.01536 physics=0.6422 total=0.2081
[TRAIN train_fourcastnet_conservefm_full_s43] [TRAIN] stage=pretrain epoch=1/1 batch=2040/3000 step=2040 repair=0.002212 localization=0.2155 type=1.636 minimal=0.01527 physics=0.4311 total=0.2091
[TRAIN train_fourcastnet_conservefm_full_s43] [TRAIN] stage=pretrain epoch=1/1 batch=2050/3000 step=2050 repair=0.001979 localization=0.1737 type=1.776 minimal=0.01778 physics=0.3686 total=0.3711
[TRAIN train_fourcastnet_conservefm_full_s43] [TRAIN] stage=pretrain epoch=1/1 batch=2060/3000 step=2060 repair=0.003203 localization=0.1339 type=0.2379 minimal=0.02519 physics=0.972 total=0.1066
[TRAIN train_fourcastnet_conservefm_full_s43] [TRAIN] stage=pretrain epoch=1/1 batch=2070/3000 step=2070 repair=0.003754 localization=0.359 type=1.752 minimal=0.02594 physics=0.2094 total=0.3469
[TRAIN train_fourcastnet_conservefm_full_s43] [TRAIN] stage=pretrain epoch=1/1 batch=2080/3000 step=2080 repair=0.002561 localization=0.3352 type=1.652 minimal=0.02081 physics=0.2082 total=0.3359
[TRAIN train_fourcastnet_conservefm_full_s43] [TRAIN] stage=pretrain epoch=1/1 batch=2090/3000 step=2090 repair=0.002166 localization=0.233 type=1.496 minimal=0.01984 physics=0.09265 total=0.2255
[TRAIN train_fourcastnet_conservefm_full_s43] [TRAIN] stage=pretrain epoch=1/1 batch=2100/3000 step=2100 repair=0.008593 localization=0.3691 type=2.764 minimal=0.02098 physics=0.2972 total=0.5331
[TRAIN train_fourcastnet_conservefm_full_s43] [TRAIN] stage=pretrain epoch=1/1 batch=2110/3000 step=2110 repair=0.008314 localization=0.2987 type=0.8367 minimal=0.02498 physics=0.9982 total=0.172
[TRAIN train_fourcastnet_conservefm_full_s43] [TRAIN] stage=pretrain epoch=1/1 batch=2120/3000 step=2120 repair=0.005035 localization=0.2312 type=1.99 minimal=0.02084 physics=0.1079 total=0.3812
[TRAIN train_fourcastnet_conservefm_full_s43] [TRAIN] stage=pretrain epoch=1/1 batch=2130/3000 step=2130 repair=0.002155 localization=0.06827 type=0.01363 minimal=0.02867 physics=0.4307 total=0.03333
[TRAIN train_fourcastnet_conservefm_full_s43] [TRAIN] stage=pretrain epoch=1/1 batch=2140/3000 step=2140 repair=0.003532 localization=0.2335 type=3.147 minimal=0.01871 physics=0.1777 total=0.6733
[TRAIN train_fourcastnet_conservefm_full_s43] [TRAIN] stage=pretrain epoch=1/1 batch=2150/3000 step=2150 repair=0.005859 localization=0.3344 type=1.212 minimal=0.01955 physics=0.2501 total=0.2575
[TRAIN train_fourcastnet_conservefm_full_s43] [TRAIN] stage=pretrain epoch=1/1 batch=2160/3000 step=2160 repair=0.002823 localization=0.3455 type=0.4202 minimal=0.0188 physics=0.2377 total=0.1216
[TRAIN train_fourcastnet_conservefm_full_s43] [TRAIN] stage=pretrain epoch=1/1 batch=2170/3000 step=2170 repair=0.003259 localization=0.2513 type=1.88 minimal=0.02121 physics=0.1381 total=0.3678
[TRAIN train_fourcastnet_conservefm_full_s43] [TRAIN] stage=pretrain epoch=1/1 batch=2180/3000 step=2180 repair=0.006642 localization=0.2767 type=0.9741 minimal=0.02287 physics=0.7323 total=0.1686
[TRAIN train_fourcastnet_conservefm_full_s43] [TRAIN] stage=pretrain epoch=1/1 batch=2190/3000 step=2190 repair=0.00202 localization=0.3117 type=2.31 minimal=0.01851 physics=0.07446 total=0.44
[TRAIN train_fourcastnet_conservefm_full_s43] [TRAIN] stage=pretrain epoch=1/1 batch=2200/3000 step=2200 repair=0.006748 localization=0.1024 type=0.008398 minimal=0.03006 physics=1.722 total=0.105
[TRAIN train_fourcastnet_conservefm_full_s43] [TRAIN] stage=pretrain epoch=1/1 batch=2210/3000 step=2210 repair=0.006865 localization=0.213 type=1.232 minimal=0.01921 physics=0.817 total=0.1925
[TRAIN train_fourcastnet_conservefm_full_s43] [TRAIN] stage=pretrain epoch=1/1 batch=2220/3000 step=2220 repair=0.005203 localization=0.3302 type=0.8633 minimal=0.01767 physics=0.6199 total=0.1557
[TRAIN train_fourcastnet_conservefm_full_s43] [TRAIN] stage=pretrain epoch=1/1 batch=2230/3000 step=2230 repair=0.01247 localization=0.08458 type=0.05498 minimal=0.02084 physics=0.6748 total=0.06448
[TRAIN train_fourcastnet_conservefm_full_s43] [TRAIN] stage=pretrain epoch=1/1 batch=2240/3000 step=2240 repair=0.002918 localization=0.1181 type=0.4861 minimal=0.02019 physics=0.3117 total=0.1161
[TRAIN train_fourcastnet_conservefm_full_s43] [TRAIN] stage=pretrain epoch=1/1 batch=2250/3000 step=2250 repair=0.002843 localization=0.2127 type=2.016 minimal=0.01515 physics=0.2454 total=0.4065
[TRAIN train_fourcastnet_conservefm_full_s43] [TRAIN] stage=pretrain epoch=1/1 batch=2260/3000 step=2260 repair=0.003404 localization=0.3344 type=1.377 minimal=0.0177 physics=0.1318 total=0.2828
[TRAIN train_fourcastnet_conservefm_full_s43] [TRAIN] stage=pretrain epoch=1/1 batch=2270/3000 step=2270 repair=0.006015 localization=0.2707 type=1.43 minimal=0.01967 physics=0.1469 total=0.2915
[TRAIN train_fourcastnet_conservefm_full_s43] [TRAIN] stage=pretrain epoch=1/1 batch=2280/3000 step=2280 repair=0.005701 localization=0.3738 type=1.238 minimal=0.01958 physics=0.1521 total=0.2665
[TRAIN train_fourcastnet_conservefm_full_s43] [TRAIN] stage=pretrain epoch=1/1 batch=2290/3000 step=2290 repair=0.003616 localization=0.08064 type=0.02199 minimal=0.02913 physics=0.7896 total=0.05523
[TRAIN train_fourcastnet_conservefm_full_s43] [TRAIN] stage=pretrain epoch=1/1 batch=2300/3000 step=2300 repair=0.002752 localization=0.06062 type=0.01086 minimal=0.02391 physics=0.6291 total=0.04256
[TRAIN train_fourcastnet_conservefm_full_s43] [TRAIN] stage=pretrain epoch=1/1 batch=2310/3000 step=2310 repair=0.01472 localization=0.3768 type=1.332 minimal=0.02628 physics=0.1681 total=0.2432
[TRAIN train_fourcastnet_conservefm_full_s43] [TRAIN] stage=pretrain epoch=1/1 batch=2320/3000 step=2320 repair=0.002624 localization=0.06631 type=0.003123 minimal=0.03351 physics=0.703 total=0.04539
[TRAIN train_fourcastnet_conservefm_full_s43] [TRAIN] stage=pretrain epoch=1/1 batch=2330/3000 step=2330 repair=0.02665 localization=0.3286 type=1.342 minimal=0.02153 physics=2.633 total=0.3256
[TRAIN train_fourcastnet_conservefm_full_s43] [TRAIN] stage=pretrain epoch=1/1 batch=2340/3000 step=2340 repair=0.003393 localization=0.2213 type=1.465 minimal=0.02158 physics=0.3719 total=0.3281
[TRAIN train_fourcastnet_conservefm_full_s43] [TRAIN] stage=pretrain epoch=1/1 batch=2350/3000 step=2350 repair=0.02668 localization=0.2914 type=0.7937 minimal=0.02255 physics=1.195 total=0.1952
[TRAIN train_fourcastnet_conservefm_full_s43] [TRAIN] stage=pretrain epoch=1/1 batch=2360/3000 step=2360 repair=0.006835 localization=0.2308 type=1.608 minimal=0.02493 physics=0.09055 total=0.3029
[TRAIN train_fourcastnet_conservefm_full_s43] [TRAIN] stage=pretrain epoch=1/1 batch=2370/3000 step=2370 repair=0.002864 localization=0.4304 type=1.552 minimal=0.01912 physics=0.1226 total=0.3018
[TRAIN train_fourcastnet_conservefm_full_s43] [TRAIN] stage=pretrain epoch=1/1 batch=2380/3000 step=2380 repair=0.002899 localization=0.2374 type=2.219 minimal=0.01723 physics=0.127 total=0.4398
[TRAIN train_fourcastnet_conservefm_full_s43] [TRAIN] stage=pretrain epoch=1/1 batch=2390/3000 step=2390 repair=0.002402 localization=0.2235 type=1.353 minimal=0.01796 physics=0.057 total=0.2464
[TRAIN train_fourcastnet_conservefm_full_s43] [TRAIN] stage=pretrain epoch=1/1 batch=2400/3000 step=2400 repair=0.008705 localization=0.3543 type=0.8069 minimal=0.01814 physics=0.9176 total=0.1709
[TRAIN train_fourcastnet_conservefm_full_s43] [TRAIN] stage=pretrain epoch=1/1 batch=2410/3000 step=2410 repair=0.005962 localization=0.2353 type=1.649 minimal=0.01823 physics=0.2126 total=0.3027
[TRAIN train_fourcastnet_conservefm_full_s43] [TRAIN] stage=pretrain epoch=1/1 batch=2420/3000 step=2420 repair=0.001726 localization=0.3162 type=1.422 minimal=0.01467 physics=0.04816 total=0.2816
[TRAIN train_fourcastnet_conservefm_full_s43] [TRAIN] stage=pretrain epoch=1/1 batch=2430/3000 step=2430 repair=0.002863 localization=0.2012 type=2.908 minimal=0.01648 physics=0.1333 total=0.5568
[TRAIN train_fourcastnet_conservefm_full_s43] [TRAIN] stage=pretrain epoch=1/1 batch=2440/3000 step=2440 repair=0.00625 localization=0.2411 type=1.422 minimal=0.01941 physics=0.4016 total=0.3067
[TRAIN train_fourcastnet_conservefm_full_s43] [TRAIN] stage=pretrain epoch=1/1 batch=2450/3000 step=2450 repair=0.002905 localization=0.4024 type=0.8394 minimal=0.0162 physics=0.7803 total=0.2335
[TRAIN train_fourcastnet_conservefm_full_s43] [TRAIN] stage=pretrain epoch=1/1 batch=2460/3000 step=2460 repair=0.00182 localization=0.3539 type=2.093 minimal=0.01567 physics=0.2878 total=0.2611
[TRAIN train_fourcastnet_conservefm_full_s43] [TRAIN] stage=pretrain epoch=1/1 batch=2470/3000 step=2470 repair=0.0258 localization=0.3911 type=1.63 minimal=0.01859 physics=1.39 total=0.2976
[TRAIN train_fourcastnet_conservefm_full_s43] [TRAIN] stage=pretrain epoch=1/1 batch=2480/3000 step=2480 repair=0.002001 localization=0.3373 type=1.583 minimal=0.01762 physics=0.08892 total=0.323
[TRAIN train_fourcastnet_conservefm_full_s43] [TRAIN] stage=pretrain epoch=1/1 batch=2490/3000 step=2490 repair=0.03067 localization=0.3666 type=1.043 minimal=0.01793 physics=1.608 total=0.2522
[TRAIN train_fourcastnet_conservefm_full_s43] [TRAIN] stage=pretrain epoch=1/1 batch=2500/3000 step=2500 repair=0.001863 localization=0.2458 type=1.4 minimal=0.01504 physics=0.03768 total=0.2437
[TRAIN train_fourcastnet_conservefm_full_s43] [TRAIN] stage=pretrain epoch=1/1 batch=2510/3000 step=2510 repair=0.002171 localization=0.1413 type=0.1738 minimal=0.01764 physics=0.2992 total=0.06734
[TRAIN train_fourcastnet_conservefm_full_s43] [TRAIN] stage=pretrain epoch=1/1 batch=2520/3000 step=2520 repair=0.01591 localization=0.2569 type=1.695 minimal=0.01804 physics=0.8773 total=0.3877
[TRAIN train_fourcastnet_conservefm_full_s43] [TRAIN] stage=pretrain epoch=1/1 batch=2530/3000 step=2530 repair=0.003157 localization=0.1692 type=2.035 minimal=0.01624 physics=0.07027 total=0.3745
[TRAIN train_fourcastnet_conservefm_full_s43] [TRAIN] stage=pretrain epoch=1/1 batch=2540/3000 step=2540 repair=0.002788 localization=0.1144 type=0.4004 minimal=0.01974 physics=0.5598 total=0.1102
[TRAIN train_fourcastnet_conservefm_full_s43] [TRAIN] stage=pretrain epoch=1/1 batch=2550/3000 step=2550 repair=0.004523 localization=0.3367 type=1.354 minimal=0.01955 physics=0.7954 total=0.3144
[TRAIN train_fourcastnet_conservefm_full_s43] [TRAIN] stage=pretrain epoch=1/1 batch=2560/3000 step=2560 repair=0.002688 localization=0.2377 type=1.526 minimal=0.01793 physics=0.209 total=0.2982
[TRAIN train_fourcastnet_conservefm_full_s43] [TRAIN] stage=pretrain epoch=1/1 batch=2570/3000 step=2570 repair=0.001541 localization=0.04292 type=0.00501 minimal=0.02368 physics=0.4131 total=0.0276
[TRAIN train_fourcastnet_conservefm_full_s43] [TRAIN] stage=pretrain epoch=1/1 batch=2580/3000 step=2580 repair=0.01946 localization=0.2678 type=0.8997 minimal=0.01955 physics=0.9958 total=0.1862
[TRAIN train_fourcastnet_conservefm_full_s43] [TRAIN] stage=pretrain epoch=1/1 batch=2590/3000 step=2590 repair=0.004131 localization=0.2113 type=1.545 minimal=0.01839 physics=0.156 total=0.2907
[TRAIN train_fourcastnet_conservefm_full_s43] [TRAIN] stage=pretrain epoch=1/1 batch=2600/3000 step=2600 repair=0.002146 localization=0.1821 type=0.6423 minimal=0.01756 physics=0.3381 total=0.1017
[TRAIN train_fourcastnet_conservefm_full_s43] [TRAIN] stage=pretrain epoch=1/1 batch=2610/3000 step=2610 repair=0.001409 localization=0.2407 type=2.813 minimal=0.01634 physics=0.2237 total=0.5694
[TRAIN train_fourcastnet_conservefm_full_s43] [TRAIN] stage=pretrain epoch=1/1 batch=2620/3000 step=2620 repair=0.003825 localization=0.1945 type=1.107 minimal=0.01521 physics=0.7019 total=0.1692
[TRAIN train_fourcastnet_conservefm_full_s43] [TRAIN] stage=pretrain epoch=1/1 batch=2630/3000 step=2630 repair=0.004351 localization=0.2093 type=1.697 minimal=0.01952 physics=0.114 total=0.3035
[TRAIN train_fourcastnet_conservefm_full_s43] [TRAIN] stage=pretrain epoch=1/1 batch=2640/3000 step=2640 repair=0.004418 localization=0.3804 type=1.182 minimal=0.01924 physics=0.07491 total=0.2515
[TRAIN train_fourcastnet_conservefm_full_s43] [TRAIN] stage=pretrain epoch=1/1 batch=2650/3000 step=2650 repair=0.002032 localization=0.05491 type=0.001697 minimal=0.02431 physics=0.3266 total=0.02443
[TRAIN train_fourcastnet_conservefm_full_s43] [TRAIN] stage=pretrain epoch=1/1 batch=2660/3000 step=2660 repair=0.004375 localization=0.2901 type=1.729 minimal=0.01891 physics=0.125 total=0.3504
[TRAIN train_fourcastnet_conservefm_full_s43] [TRAIN] stage=pretrain epoch=1/1 batch=2670/3000 step=2670 repair=0.001443 localization=0.1855 type=1.123 minimal=0.0132 physics=0.08042 total=0.2303
[TRAIN train_fourcastnet_conservefm_full_s43] [TRAIN] stage=pretrain epoch=1/1 batch=2680/3000 step=2680 repair=0.002194 localization=0.1709 type=0.01824 minimal=0.01517 physics=0.2598 total=0.03524
[TRAIN train_fourcastnet_conservefm_full_s43] [TRAIN] stage=pretrain epoch=1/1 batch=2690/3000 step=2690 repair=0.007543 localization=0.2259 type=1.259 minimal=0.02089 physics=0.1957 total=0.2721
[TRAIN train_fourcastnet_conservefm_full_s43] [TRAIN] stage=pretrain epoch=1/1 batch=2700/3000 step=2700 repair=0.005728 localization=0.3305 type=1.263 minimal=0.01776 physics=0.4558 total=0.188
[TRAIN train_fourcastnet_conservefm_full_s43] [TRAIN] stage=pretrain epoch=1/1 batch=2710/3000 step=2710 repair=0.002273 localization=0.2192 type=1.836 minimal=0.01637 physics=0.09577 total=0.359
[TRAIN train_fourcastnet_conservefm_full_s43] [TRAIN] stage=pretrain epoch=1/1 batch=2720/3000 step=2720 repair=0.002527 localization=0.4084 type=0.9636 minimal=0.01558 physics=0.3547 total=0.227
[TRAIN train_fourcastnet_conservefm_full_s43] [TRAIN] stage=pretrain epoch=1/1 batch=2730/3000 step=2730 repair=0.002219 localization=0.04128 type=0.0016 minimal=0.01619 physics=0.3205 total=0.02282
[TRAIN train_fourcastnet_conservefm_full_s43] [TRAIN] stage=pretrain epoch=1/1 batch=2740/3000 step=2740 repair=0.001195 localization=0.3855 type=2.403 minimal=0.0153 physics=0.08705 total=0.498
[TRAIN train_fourcastnet_conservefm_full_s43] [TRAIN] stage=pretrain epoch=1/1 batch=2750/3000 step=2750 repair=0.005924 localization=0.2614 type=1.27 minimal=0.01599 physics=0.5686 total=0.1876
[TRAIN train_fourcastnet_conservefm_full_s43] [TRAIN] stage=pretrain epoch=1/1 batch=2760/3000 step=2760 repair=0.01685 localization=0.361 type=1.29 minimal=0.01768 physics=0.3666 total=0.2933
[TRAIN train_fourcastnet_conservefm_full_s43] [TRAIN] stage=pretrain epoch=1/1 batch=2770/3000 step=2770 repair=0.002452 localization=0.2924 type=1.71 minimal=0.01639 physics=0.1177 total=0.3455
[TRAIN train_fourcastnet_conservefm_full_s43] [TRAIN] stage=pretrain epoch=1/1 batch=2780/3000 step=2780 repair=0.001769 localization=0.03592 type=0.00141 minimal=0.02661 physics=0.2417 total=0.01798
[TRAIN train_fourcastnet_conservefm_full_s43] [TRAIN] stage=pretrain epoch=1/1 batch=2790/3000 step=2790 repair=0.002737 localization=0.374 type=1.433 minimal=0.01501 physics=0.1712 total=0.3078
[TRAIN train_fourcastnet_conservefm_full_s43] [TRAIN] stage=pretrain epoch=1/1 batch=2800/3000 step=2800 repair=0.02436 localization=0.2584 type=1.625 minimal=0.01639 physics=1.131 total=0.2695
[TRAIN train_fourcastnet_conservefm_full_s43] [TRAIN] stage=pretrain epoch=1/1 batch=2810/3000 step=2810 repair=0.002825 localization=0.05155 type=0.01542 minimal=0.02042 physics=0.3081 total=0.02635
[TRAIN train_fourcastnet_conservefm_full_s43] [TRAIN] stage=pretrain epoch=1/1 batch=2820/3000 step=2820 repair=0.001287 localization=0.3181 type=1.53 minimal=0.01501 physics=0.06493 total=0.3116
[TRAIN train_fourcastnet_conservefm_full_s43] [TRAIN] stage=pretrain epoch=1/1 batch=2830/3000 step=2830 repair=0.006747 localization=0.3573 type=1.561 minimal=0.0155 physics=0.06401 total=0.3202
[TRAIN train_fourcastnet_conservefm_full_s43] [TRAIN] stage=pretrain epoch=1/1 batch=2840/3000 step=2840 repair=0.001362 localization=0.2846 type=3.034 minimal=0.01411 physics=0.2257 total=0.6129
[TRAIN train_fourcastnet_conservefm_full_s43] [TRAIN] stage=pretrain epoch=1/1 batch=2850/3000 step=2850 repair=0.007096 localization=0.3906 type=2.835 minimal=0.01488 physics=2.034 total=0.4315
[TRAIN train_fourcastnet_conservefm_full_s43] [TRAIN] stage=pretrain epoch=1/1 batch=2860/3000 step=2860 repair=0.00201 localization=0.3326 type=0.8618 minimal=0.01366 physics=0.4781 total=0.2155
[TRAIN train_fourcastnet_conservefm_full_s43] [TRAIN] stage=pretrain epoch=1/1 batch=2870/3000 step=2870 repair=0.01098 localization=0.5258 type=2.048 minimal=0.01546 physics=0.5568 total=0.4714
[TRAIN train_fourcastnet_conservefm_full_s43] [TRAIN] stage=pretrain epoch=1/1 batch=2880/3000 step=2880 repair=0.01502 localization=0.3015 type=0.8521 minimal=0.01889 physics=2.072 total=0.2802
[TRAIN train_fourcastnet_conservefm_full_s43] [TRAIN] stage=pretrain epoch=1/1 batch=2890/3000 step=2890 repair=0.007938 localization=0.2957 type=1.08 minimal=0.01883 physics=0.8178 total=0.1865
[TRAIN train_fourcastnet_conservefm_full_s43] [TRAIN] stage=pretrain epoch=1/1 batch=2900/3000 step=2900 repair=0.004943 localization=0.3111 type=0.9785 minimal=0.02013 physics=0.4919 total=0.1587
[TRAIN train_fourcastnet_conservefm_full_s43] [TRAIN] stage=pretrain epoch=1/1 batch=2910/3000 step=2910 repair=0.005427 localization=0.2926 type=1.339 minimal=0.01964 physics=0.06298 total=0.2578
[TRAIN train_fourcastnet_conservefm_full_s43] [TRAIN] stage=pretrain epoch=1/1 batch=2920/3000 step=2920 repair=0.006362 localization=0.2816 type=1.321 minimal=0.01768 physics=0.05983 total=0.2567
[TRAIN train_fourcastnet_conservefm_full_s43] [TRAIN] stage=pretrain epoch=1/1 batch=2930/3000 step=2930 repair=0.00854 localization=0.3253 type=1.039 minimal=0.01674 physics=0.7937 total=0.1848
[TRAIN train_fourcastnet_conservefm_full_s43] [TRAIN] stage=pretrain epoch=1/1 batch=2940/3000 step=2940 repair=0.0209 localization=0.2403 type=1.078 minimal=0.017 physics=1.071 total=0.2065
[TRAIN train_fourcastnet_conservefm_full_s43] [TRAIN] stage=pretrain epoch=1/1 batch=2950/3000 step=2950 repair=0.02823 localization=0.2584 type=1.012 minimal=0.01945 physics=1.23 total=0.217
[TRAIN train_fourcastnet_conservefm_full_s43] [TRAIN] stage=pretrain epoch=1/1 batch=2960/3000 step=2960 repair=0.009927 localization=0.3811 type=1.689 minimal=0.01942 physics=1.666 total=0.3004
[TRAIN train_fourcastnet_conservefm_full_s43] [TRAIN] stage=pretrain epoch=1/1 batch=2970/3000 step=2970 repair=0.00271 localization=0.0444 type=0.01389 minimal=0.01888 physics=0.377 total=0.02879
[TRAIN train_fourcastnet_conservefm_full_s43] [TRAIN] stage=pretrain epoch=1/1 batch=2980/3000 step=2980 repair=0.006013 localization=0.3867 type=1.871 minimal=0.0143 physics=0.0791 total=0.3295
[TRAIN train_fourcastnet_conservefm_full_s43] [TRAIN] stage=pretrain epoch=1/1 batch=2990/3000 step=2990 repair=0.0021 localization=0.3707 type=2.344 minimal=0.01476 physics=0.1498 total=0.43
[TRAIN train_fourcastnet_conservefm_full_s43] [TRAIN] stage=pretrain epoch=1/1 batch=3000/3000 step=3000 repair=0.002218 localization=0.3426 type=2.106 minimal=0.01578 physics=0.162 total=0.3909
[TRAIN train_fourcastnet_conservefm_full_s43] [EPOCH] {'stage': 'pretrain', 'epoch': 0, 'global_step': 3000, 'train_total': 0.30530956512565416, 'val_repair_mse': 0.22029295144602656, 'elapsed_seconds': 2453.36}
[TRAIN train_fourcastnet_conservefm_full_s43] [BEST] val_repair_mse=0.220293
[TRAIN train_fourcastnet_conservefm_full_s43] [STAGE] finetune epochs=1 start_epoch=0
[TRAIN train_fourcastnet_conservefm_full_s43] [TRAIN] stage=finetune epoch=1/1 batch=10/3000 step=3010 repair=0.2452 localization=0 type=0 minimal=0.05011 physics=0.5252 total=0.272
[TRAIN train_fourcastnet_conservefm_full_s43] [TRAIN] stage=finetune epoch=1/1 batch=20/3000 step=3020 repair=0.3125 localization=0 type=0 minimal=0.1024 physics=0.6816 total=0.3476
[TRAIN train_fourcastnet_conservefm_full_s43] [TRAIN] stage=finetune epoch=1/1 batch=30/3000 step=3030 repair=0.1387 localization=0 type=0 minimal=0.09906 physics=0.4954 total=0.1645
[TRAIN train_fourcastnet_conservefm_full_s43] [TRAIN] stage=finetune epoch=1/1 batch=40/3000 step=3040 repair=0.1048 localization=0 type=0 minimal=0.09821 physics=0.5405 total=0.1328
[TRAIN train_fourcastnet_conservefm_full_s43] [TRAIN] stage=finetune epoch=1/1 batch=50/3000 step=3050 repair=0.1074 localization=0 type=0 minimal=0.1152 physics=0.4286 total=0.13
[TRAIN train_fourcastnet_conservefm_full_s43] [TRAIN] stage=finetune epoch=1/1 batch=60/3000 step=3060 repair=0.08823 localization=0 type=0 minimal=0.1042 physics=0.1684 total=0.0977
[TRAIN train_fourcastnet_conservefm_full_s43] [TRAIN] stage=finetune epoch=1/1 batch=70/3000 step=3070 repair=0.08244 localization=0 type=0 minimal=0.1123 physics=0.4538 total=0.1063
[TRAIN train_fourcastnet_conservefm_full_s43] [TRAIN] stage=finetune epoch=1/1 batch=80/3000 step=3080 repair=0.09788 localization=0 type=0 minimal=0.1197 physics=0.3628 total=0.1172
[TRAIN train_fourcastnet_conservefm_full_s43] [TRAIN] stage=finetune epoch=1/1 batch=90/3000 step=3090 repair=0.04322 localization=0 type=0 minimal=0.08612 physics=0.2632 total=0.05724
[TRAIN train_fourcastnet_conservefm_full_s43] [TRAIN] stage=finetune epoch=1/1 batch=100/3000 step=3100 repair=0.04328 localization=0 type=0 minimal=0.09668 physics=0.1601 total=0.05225
[TRAIN train_fourcastnet_conservefm_full_s43] [TRAIN] stage=finetune epoch=1/1 batch=110/3000 step=3110 repair=0.08724 localization=0 type=0 minimal=0.1163 physics=0.2755 total=0.1022
[TRAIN train_fourcastnet_conservefm_full_s43] [TRAIN] stage=finetune epoch=1/1 batch=120/3000 step=3120 repair=0.09341 localization=0 type=0 minimal=0.1351 physics=0.3052 total=0.11
[TRAIN train_fourcastnet_conservefm_full_s43] [TRAIN] stage=finetune epoch=1/1 batch=130/3000 step=3130 repair=0.1238 localization=0 type=0 minimal=0.1376 physics=0.3018 total=0.1403
[TRAIN train_fourcastnet_conservefm_full_s43] [TRAIN] stage=finetune epoch=1/1 batch=140/3000 step=3140 repair=0.1141 localization=0 type=0 minimal=0.1281 physics=0.4328 total=0.137
[TRAIN train_fourcastnet_conservefm_full_s43] [TRAIN] stage=finetune epoch=1/1 batch=150/3000 step=3150 repair=0.1061 localization=0 type=0 minimal=0.1327 physics=0.5403 total=0.1344
[TRAIN train_fourcastnet_conservefm_full_s43] [TRAIN] stage=finetune epoch=1/1 batch=160/3000 step=3160 repair=0.2374 localization=0 type=0 minimal=0.1427 physics=0.4832 total=0.263
[TRAIN train_fourcastnet_conservefm_full_s43] [TRAIN] stage=finetune epoch=1/1 batch=170/3000 step=3170 repair=0.04333 localization=0 type=0 minimal=0.09149 physics=0.1401 total=0.05125
[TRAIN train_fourcastnet_conservefm_full_s43] [TRAIN] stage=finetune epoch=1/1 batch=180/3000 step=3180 repair=0.08867 localization=0 type=0 minimal=0.1293 physics=0.2613 total=0.103
[TRAIN train_fourcastnet_conservefm_full_s43] [TRAIN] stage=finetune epoch=1/1 batch=190/3000 step=3190 repair=0.06175 localization=0 type=0 minimal=0.1031 physics=0.2411 total=0.07484
[TRAIN train_fourcastnet_conservefm_full_s43] [TRAIN] stage=finetune epoch=1/1 batch=200/3000 step=3200 repair=0.1152 localization=0 type=0 minimal=0.1448 physics=0.4441 total=0.1389
[TRAIN train_fourcastnet_conservefm_full_s43] [TRAIN] stage=finetune epoch=1/1 batch=210/3000 step=3210 repair=0.04992 localization=0 type=0 minimal=0.1025 physics=0.1979 total=0.06084
[TRAIN train_fourcastnet_conservefm_full_s43] [TRAIN] stage=finetune epoch=1/1 batch=220/3000 step=3220 repair=0.1051 localization=0 type=0 minimal=0.1357 physics=0.4678 total=0.1299
[TRAIN train_fourcastnet_conservefm_full_s43] [TRAIN] stage=finetune epoch=1/1 batch=230/3000 step=3230 repair=0.05311 localization=0 type=0 minimal=0.112 physics=0.2261 total=0.06554
[TRAIN train_fourcastnet_conservefm_full_s43] [TRAIN] stage=finetune epoch=1/1 batch=240/3000 step=3240 repair=0.09512 localization=0 type=0 minimal=0.132 physics=0.2641 total=0.1096
[TRAIN train_fourcastnet_conservefm_full_s43] [TRAIN] stage=finetune epoch=1/1 batch=250/3000 step=3250 repair=0.06236 localization=0 type=0 minimal=0.1182 physics=0.2701 total=0.07705
[TRAIN train_fourcastnet_conservefm_full_s43] [TRAIN] stage=finetune epoch=1/1 batch=260/3000 step=3260 repair=0.09839 localization=0 type=0 minimal=0.1414 physics=0.2648 total=0.113
[TRAIN train_fourcastnet_conservefm_full_s43] [TRAIN] stage=finetune epoch=1/1 batch=270/3000 step=3270 repair=0.09269 localization=0 type=0 minimal=0.1401 physics=0.3992 total=0.1141
[TRAIN train_fourcastnet_conservefm_full_s43] [TRAIN] stage=finetune epoch=1/1 batch=280/3000 step=3280 repair=0.06877 localization=0 type=0 minimal=0.1132 physics=0.2448 total=0.08214
[TRAIN train_fourcastnet_conservefm_full_s43] [TRAIN] stage=finetune epoch=1/1 batch=290/3000 step=3290 repair=0.04494 localization=0 type=0 minimal=0.113 physics=0.3232 total=0.06223
[TRAIN train_fourcastnet_conservefm_full_s43] [TRAIN] stage=finetune epoch=1/1 batch=300/3000 step=3300 repair=0.04213 localization=0 type=0 minimal=0.1048 physics=0.1266 total=0.04951
[TRAIN train_fourcastnet_conservefm_full_s43] [TRAIN] stage=finetune epoch=1/1 batch=310/3000 step=3310 repair=0.044 localization=0 type=0 minimal=0.1025 physics=0.1205 total=0.05105
[TRAIN train_fourcastnet_conservefm_full_s43] [TRAIN] stage=finetune epoch=1/1 batch=320/3000 step=3320 repair=0.08469 localization=0 type=0 minimal=0.1377 physics=0.2313 total=0.09763
[TRAIN train_fourcastnet_conservefm_full_s43] [TRAIN] stage=finetune epoch=1/1 batch=330/3000 step=3330 repair=0.07741 localization=0 type=0 minimal=0.1284 physics=0.2486 total=0.09112
[TRAIN train_fourcastnet_conservefm_full_s43] [TRAIN] stage=finetune epoch=1/1 batch=340/3000 step=3340 repair=0.07922 localization=0 type=0 minimal=0.1324 physics=0.4964 total=0.1054
[TRAIN train_fourcastnet_conservefm_full_s43] [TRAIN] stage=finetune epoch=1/1 batch=350/3000 step=3350 repair=0.0691 localization=0 type=0 minimal=0.1135 physics=0.2177 total=0.08111
[TRAIN train_fourcastnet_conservefm_full_s43] [TRAIN] stage=finetune epoch=1/1 batch=360/3000 step=3360 repair=0.0825 localization=0 type=0 minimal=0.1288 physics=0.2942 total=0.0985
[TRAIN train_fourcastnet_conservefm_full_s43] [TRAIN] stage=finetune epoch=1/1 batch=370/3000 step=3370 repair=0.07918 localization=0 type=0 minimal=0.1251 physics=0.5622 total=0.1085
[TRAIN train_fourcastnet_conservefm_full_s43] [TRAIN] stage=finetune epoch=1/1 batch=380/3000 step=3380 repair=0.04728 localization=0 type=0 minimal=0.1127 physics=0.1132 total=0.05407
[TRAIN train_fourcastnet_conservefm_full_s43] [TRAIN] stage=finetune epoch=1/1 batch=390/3000 step=3390 repair=0.03609 localization=0 type=0 minimal=0.09332 physics=0.1553 total=0.04478
[TRAIN train_fourcastnet_conservefm_full_s43] [TRAIN] stage=finetune epoch=1/1 batch=400/3000 step=3400 repair=0.04297 localization=0 type=0 minimal=0.1104 physics=0.117 total=0.04993
[TRAIN train_fourcastnet_conservefm_full_s43] [TRAIN] stage=finetune epoch=1/1 batch=410/3000 step=3410 repair=0.08123 localization=0 type=0 minimal=0.1445 physics=0.3969 total=0.1025
[TRAIN train_fourcastnet_conservefm_full_s43] [TRAIN] stage=finetune epoch=1/1 batch=420/3000 step=3420 repair=0.09935 localization=0 type=0 minimal=0.1487 physics=0.6261 total=0.1321
[TRAIN train_fourcastnet_conservefm_full_s43] [TRAIN] stage=finetune epoch=1/1 batch=430/3000 step=3430 repair=0.1042 localization=0 type=0 minimal=0.1429 physics=0.2909 total=0.1201
[TRAIN train_fourcastnet_conservefm_full_s43] [TRAIN] stage=finetune epoch=1/1 batch=440/3000 step=3440 repair=0.0579 localization=0 type=0 minimal=0.1119 physics=0.2524 total=0.07164
[TRAIN train_fourcastnet_conservefm_full_s43] [TRAIN] stage=finetune epoch=1/1 batch=450/3000 step=3450 repair=0.04436 localization=0 type=0 minimal=0.1076 physics=0.1658 total=0.05372
[TRAIN train_fourcastnet_conservefm_full_s43] [TRAIN] stage=finetune epoch=1/1 batch=460/3000 step=3460 repair=0.05653 localization=0 type=0 minimal=0.1241 physics=0.1229 total=0.06392
[TRAIN train_fourcastnet_conservefm_full_s43] [TRAIN] stage=finetune epoch=1/1 batch=470/3000 step=3470 repair=0.08308 localization=0 type=0 minimal=0.1276 physics=0.3827 total=0.1035
[TRAIN train_fourcastnet_conservefm_full_s43] [TRAIN] stage=finetune epoch=1/1 batch=480/3000 step=3480 repair=0.06081 localization=0 type=0 minimal=0.1213 physics=0.2535 total=0.0747
[TRAIN train_fourcastnet_conservefm_full_s43] [TRAIN] stage=finetune epoch=1/1 batch=490/3000 step=3490 repair=0.09364 localization=0 type=0 minimal=0.139 physics=0.2227 total=0.1062
[TRAIN train_fourcastnet_conservefm_full_s43] [TRAIN] stage=finetune epoch=1/1 batch=500/3000 step=3500 repair=0.07911 localization=0 type=0 minimal=0.117 physics=0.2866 total=0.09461
[TRAIN train_fourcastnet_conservefm_full_s43] [TRAIN] stage=finetune epoch=1/1 batch=510/3000 step=3510 repair=0.07783 localization=0 type=0 minimal=0.1509 physics=0.4568 total=0.1022
[TRAIN train_fourcastnet_conservefm_full_s43] [TRAIN] stage=finetune epoch=1/1 batch=520/3000 step=3520 repair=0.05334 localization=0 type=0 minimal=0.1229 physics=0.1075 total=0.05994
[TRAIN train_fourcastnet_conservefm_full_s43] [TRAIN] stage=finetune epoch=1/1 batch=530/3000 step=3530 repair=0.02875 localization=0 type=0 minimal=0.09698 physics=0.1236 total=0.0359
[TRAIN train_fourcastnet_conservefm_full_s43] [TRAIN] stage=finetune epoch=1/1 batch=540/3000 step=3540 repair=0.09869 localization=0 type=0 minimal=0.1445 physics=0.2779 total=0.114
[TRAIN train_fourcastnet_conservefm_full_s43] [TRAIN] stage=finetune epoch=1/1 batch=550/3000 step=3550 repair=0.07661 localization=0 type=0 minimal=0.1406 physics=0.2483 total=0.09043
[TRAIN train_fourcastnet_conservefm_full_s43] [TRAIN] stage=finetune epoch=1/1 batch=560/3000 step=3560 repair=0.0921 localization=0 type=0 minimal=0.151 physics=0.4254 total=0.1149
[TRAIN train_fourcastnet_conservefm_full_s43] [TRAIN] stage=finetune epoch=1/1 batch=570/3000 step=3570 repair=0.04214 localization=0 type=0 minimal=0.1017 physics=0.1759 total=0.05195
[TRAIN train_fourcastnet_conservefm_full_s43] [TRAIN] stage=finetune epoch=1/1 batch=580/3000 step=3580 repair=0.05991 localization=0 type=0 minimal=0.1119 physics=0.2011 total=0.07108
[TRAIN train_fourcastnet_conservefm_full_s43] [TRAIN] stage=finetune epoch=1/1 batch=590/3000 step=3590 repair=0.06399 localization=0 type=0 minimal=0.1251 physics=0.3387 total=0.08217
[TRAIN train_fourcastnet_conservefm_full_s43] [TRAIN] stage=finetune epoch=1/1 batch=600/3000 step=3600 repair=0.06024 localization=0 type=0 minimal=0.1226 physics=0.1463 total=0.06878
[TRAIN train_fourcastnet_conservefm_full_s43] [TRAIN] stage=finetune epoch=1/1 batch=610/3000 step=3610 repair=0.05864 localization=0 type=0 minimal=0.1204 physics=0.3611 total=0.0779
[TRAIN train_fourcastnet_conservefm_full_s43] [TRAIN] stage=finetune epoch=1/1 batch=620/3000 step=3620 repair=0.04503 localization=0 type=0 minimal=0.1078 physics=0.4098 total=0.0666
[TRAIN train_fourcastnet_conservefm_full_s43] [TRAIN] stage=finetune epoch=1/1 batch=630/3000 step=3630 repair=0.05373 localization=0 type=0 minimal=0.1107 physics=0.1243 total=0.06105
[TRAIN train_fourcastnet_conservefm_full_s43] [TRAIN] stage=finetune epoch=1/1 batch=640/3000 step=3640 repair=0.0692 localization=0 type=0 minimal=0.1173 physics=0.2771 total=0.08423
[TRAIN train_fourcastnet_conservefm_full_s43] [TRAIN] stage=finetune epoch=1/1 batch=650/3000 step=3650 repair=0.06972 localization=0 type=0 minimal=0.1302 physics=0.1349 total=0.07777
[TRAIN train_fourcastnet_conservefm_full_s43] [TRAIN] stage=finetune epoch=1/1 batch=660/3000 step=3660 repair=0.06774 localization=0 type=0 minimal=0.1208 physics=0.1504 total=0.07647
[TRAIN train_fourcastnet_conservefm_full_s43] [TRAIN] stage=finetune epoch=1/1 batch=670/3000 step=3670 repair=0.06047 localization=0 type=0 minimal=0.1223 physics=0.4206 total=0.08272
[TRAIN train_fourcastnet_conservefm_full_s43] [TRAIN] stage=finetune epoch=1/1 batch=680/3000 step=3680 repair=0.04264 localization=0 type=0 minimal=0.1086 physics=0.1175 total=0.04961
[TRAIN train_fourcastnet_conservefm_full_s43] [TRAIN] stage=finetune epoch=1/1 batch=690/3000 step=3690 repair=0.06554 localization=0 type=0 minimal=0.1238 physics=0.2708 total=0.08032
[TRAIN train_fourcastnet_conservefm_full_s43] [TRAIN] stage=finetune epoch=1/1 batch=700/3000 step=3700 repair=0.06599 localization=0 type=0 minimal=0.1338 physics=0.2571 total=0.08019
[TRAIN train_fourcastnet_conservefm_full_s43] [TRAIN] stage=finetune epoch=1/1 batch=710/3000 step=3710 repair=0.09504 localization=0 type=0 minimal=0.1553 physics=0.2606 total=0.1096
[TRAIN train_fourcastnet_conservefm_full_s43] [TRAIN] stage=finetune epoch=1/1 batch=720/3000 step=3720 repair=0.03059 localization=0 type=0 minimal=0.09808 physics=0.1476 total=0.03895
[TRAIN train_fourcastnet_conservefm_full_s43] [TRAIN] stage=finetune epoch=1/1 batch=730/3000 step=3730 repair=0.09098 localization=0 type=0 minimal=0.1209 physics=0.2917 total=0.1068
[TRAIN train_fourcastnet_conservefm_full_s43] [TRAIN] stage=finetune epoch=1/1 batch=740/3000 step=3740 repair=0.05199 localization=0 type=0 minimal=0.1238 physics=0.1206 total=0.05926
[TRAIN train_fourcastnet_conservefm_full_s43] [TRAIN] stage=finetune epoch=1/1 batch=750/3000 step=3750 repair=0.07214 localization=0 type=0 minimal=0.1376 physics=0.2452 total=0.08577
[TRAIN train_fourcastnet_conservefm_full_s43] [TRAIN] stage=finetune epoch=1/1 batch=760/3000 step=3760 repair=0.07006 localization=0 type=0 minimal=0.1141 physics=0.3019 total=0.0863
[TRAIN train_fourcastnet_conservefm_full_s43] [TRAIN] stage=finetune epoch=1/1 batch=770/3000 step=3770 repair=0.04934 localization=0 type=0 minimal=0.1188 physics=0.09617 total=0.05533
[TRAIN train_fourcastnet_conservefm_full_s43] [TRAIN] stage=finetune epoch=1/1 batch=780/3000 step=3780 repair=0.07005 localization=0 type=0 minimal=0.1382 physics=0.1518 total=0.07902
[TRAIN train_fourcastnet_conservefm_full_s43] [TRAIN] stage=finetune epoch=1/1 batch=790/3000 step=3790 repair=0.03853 localization=0 type=0 minimal=0.1052 physics=0.213 total=0.05023
[TRAIN train_fourcastnet_conservefm_full_s43] [TRAIN] stage=finetune epoch=1/1 batch=800/3000 step=3800 repair=0.08 localization=0 type=0 minimal=0.1142 physics=0.1435 total=0.08832
[TRAIN train_fourcastnet_conservefm_full_s43] [TRAIN] stage=finetune epoch=1/1 batch=810/3000 step=3810 repair=0.03741 localization=0 type=0 minimal=0.09833 physics=0.1347 total=0.04513
[TRAIN train_fourcastnet_conservefm_full_s43] [TRAIN] stage=finetune epoch=1/1 batch=820/3000 step=3820 repair=0.07259 localization=0 type=0 minimal=0.1388 physics=0.18 total=0.08298
[TRAIN train_fourcastnet_conservefm_full_s43] [TRAIN] stage=finetune epoch=1/1 batch=830/3000 step=3830 repair=0.05256 localization=0 type=0 minimal=0.1235 physics=0.2216 total=0.06488
[TRAIN train_fourcastnet_conservefm_full_s43] [TRAIN] stage=finetune epoch=1/1 batch=840/3000 step=3840 repair=0.05768 localization=0 type=0 minimal=0.1076 physics=0.2686 total=0.07218
[TRAIN train_fourcastnet_conservefm_full_s43] [TRAIN] stage=finetune epoch=1/1 batch=850/3000 step=3850 repair=0.07378 localization=0 type=0 minimal=0.1371 physics=0.1752 total=0.08391
[TRAIN train_fourcastnet_conservefm_full_s43] [TRAIN] stage=finetune epoch=1/1 batch=860/3000 step=3860 repair=0.02889 localization=0 type=0 minimal=0.09204 physics=0.09014 total=0.03431
[TRAIN train_fourcastnet_conservefm_full_s43] [TRAIN] stage=finetune epoch=1/1 batch=870/3000 step=3870 repair=0.05164 localization=0 type=0 minimal=0.1235 physics=0.2191 total=0.06383
[TRAIN train_fourcastnet_conservefm_full_s43] [TRAIN] stage=finetune epoch=1/1 batch=880/3000 step=3880 repair=0.05271 localization=0 type=0 minimal=0.1093 physics=0.2195 total=0.06478
[TRAIN train_fourcastnet_conservefm_full_s43] [TRAIN] stage=finetune epoch=1/1 batch=890/3000 step=3890 repair=0.09057 localization=0 type=0 minimal=0.1429 physics=0.3351 total=0.1088
[TRAIN train_fourcastnet_conservefm_full_s43] [TRAIN] stage=finetune epoch=1/1 batch=900/3000 step=3900 repair=0.08246 localization=0 type=0 minimal=0.1348 physics=0.5647 total=0.112
[TRAIN train_fourcastnet_conservefm_full_s43] [TRAIN] stage=finetune epoch=1/1 batch=910/3000 step=3910 repair=0.04722 localization=0 type=0 minimal=0.1145 physics=0.1673 total=0.05673
[TRAIN train_fourcastnet_conservefm_full_s43] [TRAIN] stage=finetune epoch=1/1 batch=920/3000 step=3920 repair=0.07513 localization=0 type=0 minimal=0.1332 physics=0.3783 total=0.09538
[TRAIN train_fourcastnet_conservefm_full_s43] [TRAIN] stage=finetune epoch=1/1 batch=930/3000 step=3930 repair=0.05373 localization=0 type=0 minimal=0.132 physics=0.1079 total=0.06045
[TRAIN train_fourcastnet_conservefm_full_s43] [TRAIN] stage=finetune epoch=1/1 batch=940/3000 step=3940 repair=0.06504 localization=0 type=0 minimal=0.1296 physics=0.179 total=0.07528
[TRAIN train_fourcastnet_conservefm_full_s43] [TRAIN] stage=finetune epoch=1/1 batch=950/3000 step=3950 repair=0.066 localization=0 type=0 minimal=0.1266 physics=0.4535 total=0.08994
[TRAIN train_fourcastnet_conservefm_full_s43] [TRAIN] stage=finetune epoch=1/1 batch=960/3000 step=3960 repair=0.08215 localization=0 type=0 minimal=0.1466 physics=0.1877 total=0.093
[TRAIN train_fourcastnet_conservefm_full_s43] [TRAIN] stage=finetune epoch=1/1 batch=970/3000 step=3970 repair=0.02827 localization=0 type=0 minimal=0.09851 physics=0.2502 total=0.04176
[TRAIN train_fourcastnet_conservefm_full_s43] [TRAIN] stage=finetune epoch=1/1 batch=980/3000 step=3980 repair=0.06083 localization=0 type=0 minimal=0.1222 physics=0.2271 total=0.07341
[TRAIN train_fourcastnet_conservefm_full_s43] [TRAIN] stage=finetune epoch=1/1 batch=990/3000 step=3990 repair=0.05089 localization=0 type=0 minimal=0.1118 physics=0.2303 total=0.06352
[TRAIN train_fourcastnet_conservefm_full_s43] [TRAIN] stage=finetune epoch=1/1 batch=1000/3000 step=4000 repair=0.02708 localization=0 type=0 minimal=0.09106 physics=0.09795 total=0.03289
[TRAIN train_fourcastnet_conservefm_full_s43] [TRAIN] stage=finetune epoch=1/1 batch=1010/3000 step=4010 repair=0.07199 localization=0 type=0 minimal=0.1383 physics=0.2091 total=0.08383
[TRAIN train_fourcastnet_conservefm_full_s43] [TRAIN] stage=finetune epoch=1/1 batch=1020/3000 step=4020 repair=0.06308 localization=0 type=0 minimal=0.1172 physics=0.3785 total=0.08317
[TRAIN train_fourcastnet_conservefm_full_s43] [TRAIN] stage=finetune epoch=1/1 batch=1030/3000 step=4030 repair=0.04313 localization=0 type=0 minimal=0.1204 physics=0.1565 total=0.05216
[TRAIN train_fourcastnet_conservefm_full_s43] [TRAIN] stage=finetune epoch=1/1 batch=1040/3000 step=4040 repair=0.03817 localization=0 type=0 minimal=0.1122 physics=0.1211 total=0.04535
[TRAIN train_fourcastnet_conservefm_full_s43] [TRAIN] stage=finetune epoch=1/1 batch=1050/3000 step=4050 repair=0.02794 localization=0 type=0 minimal=0.1072 physics=0.07475 total=0.03275
[TRAIN train_fourcastnet_conservefm_full_s43] [TRAIN] stage=finetune epoch=1/1 batch=1060/3000 step=4060 repair=0.06674 localization=0 type=0 minimal=0.1302 physics=0.1371 total=0.07489
[TRAIN train_fourcastnet_conservefm_full_s43] [TRAIN] stage=finetune epoch=1/1 batch=1070/3000 step=4070 repair=0.0408 localization=0 type=0 minimal=0.1186 physics=0.09097 total=0.04654
[TRAIN train_fourcastnet_conservefm_full_s43] [TRAIN] stage=finetune epoch=1/1 batch=1080/3000 step=4080 repair=0.04921 localization=0 type=0 minimal=0.1185 physics=0.1371 total=0.05725
[TRAIN train_fourcastnet_conservefm_full_s43] [TRAIN] stage=finetune epoch=1/1 batch=1090/3000 step=4090 repair=0.08049 localization=0 type=0 minimal=0.1395 physics=0.3495 total=0.09936
[TRAIN train_fourcastnet_conservefm_full_s43] [TRAIN] stage=finetune epoch=1/1 batch=1100/3000 step=4100 repair=0.06974 localization=0 type=0 minimal=0.1378 physics=0.1323 total=0.07773
[TRAIN train_fourcastnet_conservefm_full_s43] [TRAIN] stage=finetune epoch=1/1 batch=1110/3000 step=4110 repair=0.05184 localization=0 type=0 minimal=0.1271 physics=0.1909 total=0.06266
[TRAIN train_fourcastnet_conservefm_full_s43] [TRAIN] stage=finetune epoch=1/1 batch=1120/3000 step=4120 repair=0.03626 localization=0 type=0 minimal=0.1067 physics=0.1193 total=0.04329
[TRAIN train_fourcastnet_conservefm_full_s43] [TRAIN] stage=finetune epoch=1/1 batch=1130/3000 step=4130 repair=0.07977 localization=0 type=0 minimal=0.1405 physics=0.3751 total=0.09993
[TRAIN train_fourcastnet_conservefm_full_s43] [TRAIN] stage=finetune epoch=1/1 batch=1140/3000 step=4140 repair=0.05979 localization=0 type=0 minimal=0.1121 physics=0.1606 total=0.06894
[TRAIN train_fourcastnet_conservefm_full_s43] [TRAIN] stage=finetune epoch=1/1 batch=1150/3000 step=4150 repair=0.08963 localization=0 type=0 minimal=0.1467 physics=0.3834 total=0.1103
[TRAIN train_fourcastnet_conservefm_full_s43] [TRAIN] stage=finetune epoch=1/1 batch=1160/3000 step=4160 repair=0.05537 localization=0 type=0 minimal=0.1154 physics=0.2011 total=0.06658
[TRAIN train_fourcastnet_conservefm_full_s43] [TRAIN] stage=finetune epoch=1/1 batch=1170/3000 step=4170 repair=0.06623 localization=0 type=0 minimal=0.1299 physics=0.475 total=0.09128
[TRAIN train_fourcastnet_conservefm_full_s43] [TRAIN] stage=finetune epoch=1/1 batch=1180/3000 step=4180 repair=0.03864 localization=0 type=0 minimal=0.1152 physics=0.1322 total=0.0464
[TRAIN train_fourcastnet_conservefm_full_s43] [TRAIN] stage=finetune epoch=1/1 batch=1190/3000 step=4190 repair=0.07344 localization=0 type=0 minimal=0.1499 physics=0.1602 total=0.08295
[TRAIN train_fourcastnet_conservefm_full_s43] [TRAIN] stage=finetune epoch=1/1 batch=1200/3000 step=4200 repair=0.07005 localization=0 type=0 minimal=0.1246 physics=0.325 total=0.08755
[TRAIN train_fourcastnet_conservefm_full_s43] [TRAIN] stage=finetune epoch=1/1 batch=1210/3000 step=4210 repair=0.05003 localization=0 type=0 minimal=0.1151 physics=0.1212 total=0.05724
[TRAIN train_fourcastnet_conservefm_full_s43] [TRAIN] stage=finetune epoch=1/1 batch=1220/3000 step=4220 repair=0.03868 localization=0 type=0 minimal=0.1217 physics=0.1032 total=0.04505
[TRAIN train_fourcastnet_conservefm_full_s43] [TRAIN] stage=finetune epoch=1/1 batch=1230/3000 step=4230 repair=0.0905 localization=0 type=0 minimal=0.1394 physics=0.4136 total=0.1126
[TRAIN train_fourcastnet_conservefm_full_s43] [TRAIN] stage=finetune epoch=1/1 batch=1240/3000 step=4240 repair=0.05482 localization=0 type=0 minimal=0.1124 physics=0.1913 total=0.06551
[TRAIN train_fourcastnet_conservefm_full_s43] [TRAIN] stage=finetune epoch=1/1 batch=1250/3000 step=4250 repair=0.06643 localization=0 type=0 minimal=0.1268 physics=0.2951 total=0.08245
[TRAIN train_fourcastnet_conservefm_full_s43] [TRAIN] stage=finetune epoch=1/1 batch=1260/3000 step=4260 repair=0.06484 localization=0 type=0 minimal=0.1281 physics=0.1658 total=0.07441
[TRAIN train_fourcastnet_conservefm_full_s43] [TRAIN] stage=finetune epoch=1/1 batch=1270/3000 step=4270 repair=0.08158 localization=0 type=0 minimal=0.1461 physics=0.2358 total=0.09483
[TRAIN train_fourcastnet_conservefm_full_s43] [TRAIN] stage=finetune epoch=1/1 batch=1280/3000 step=4280 repair=0.04149 localization=0 type=0 minimal=0.1086 physics=0.1077 total=0.04796
[TRAIN train_fourcastnet_conservefm_full_s43] [TRAIN] stage=finetune epoch=1/1 batch=1290/3000 step=4290 repair=0.05407 localization=0 type=0 minimal=0.1152 physics=0.1687 total=0.06366
[TRAIN train_fourcastnet_conservefm_full_s43] [TRAIN] stage=finetune epoch=1/1 batch=1300/3000 step=4300 repair=0.04941 localization=0 type=0 minimal=0.1218 physics=0.1365 total=0.05745
[TRAIN train_fourcastnet_conservefm_full_s43] [TRAIN] stage=finetune epoch=1/1 batch=1310/3000 step=4310 repair=0.04525 localization=0 type=0 minimal=0.1228 physics=0.168 total=0.05488
[TRAIN train_fourcastnet_conservefm_full_s43] [TRAIN] stage=finetune epoch=1/1 batch=1320/3000 step=4320 repair=0.06713 localization=0 type=0 minimal=0.1395 physics=0.1434 total=0.0757
[TRAIN train_fourcastnet_conservefm_full_s43] [TRAIN] stage=finetune epoch=1/1 batch=1330/3000 step=4330 repair=0.04432 localization=0 type=0 minimal=0.1213 physics=0.1292 total=0.05199
[TRAIN train_fourcastnet_conservefm_full_s43] [TRAIN] stage=finetune epoch=1/1 batch=1340/3000 step=4340 repair=0.07663 localization=0 type=0 minimal=0.139 physics=0.2199 total=0.08901
[TRAIN train_fourcastnet_conservefm_full_s43] [TRAIN] stage=finetune epoch=1/1 batch=1350/3000 step=4350 repair=0.02499 localization=0 type=0 minimal=0.09747 physics=0.1182 total=0.03187
[TRAIN train_fourcastnet_conservefm_full_s43] [TRAIN] stage=finetune epoch=1/1 batch=1360/3000 step=4360 repair=0.03969 localization=0 type=0 minimal=0.1122 physics=0.1435 total=0.04799
[TRAIN train_fourcastnet_conservefm_full_s43] [TRAIN] stage=finetune epoch=1/1 batch=1370/3000 step=4370 repair=0.02973 localization=0 type=0 minimal=0.1009 physics=0.09035 total=0.03526
[TRAIN train_fourcastnet_conservefm_full_s43] [TRAIN] stage=finetune epoch=1/1 batch=1380/3000 step=4380 repair=0.04208 localization=0 type=0 minimal=0.122 physics=0.1834 total=0.05247
[TRAIN train_fourcastnet_conservefm_full_s43] [TRAIN] stage=finetune epoch=1/1 batch=1390/3000 step=4390 repair=0.09174 localization=0 type=0 minimal=0.1365 physics=0.1785 total=0.102
[TRAIN train_fourcastnet_conservefm_full_s43] [TRAIN] stage=finetune epoch=1/1 batch=1400/3000 step=4400 repair=0.07821 localization=0 type=0 minimal=0.1364 physics=0.3118 total=0.09516
[TRAIN train_fourcastnet_conservefm_full_s43] [TRAIN] stage=finetune epoch=1/1 batch=1410/3000 step=4410 repair=0.07012 localization=0 type=0 minimal=0.1383 physics=0.2916 total=0.08608
[TRAIN train_fourcastnet_conservefm_full_s43] [TRAIN] stage=finetune epoch=1/1 batch=1420/3000 step=4420 repair=0.07247 localization=0 type=0 minimal=0.1112 physics=0.1617 total=0.08166
[TRAIN train_fourcastnet_conservefm_full_s43] [TRAIN] stage=finetune epoch=1/1 batch=1430/3000 step=4430 repair=0.0316 localization=0 type=0 minimal=0.09912 physics=0.06802 total=0.03599
[TRAIN train_fourcastnet_conservefm_full_s43] [TRAIN] stage=finetune epoch=1/1 batch=1440/3000 step=4440 repair=0.06024 localization=0 type=0 minimal=0.1241 physics=0.1739 total=0.07017
[TRAIN train_fourcastnet_conservefm_full_s43] [TRAIN] stage=finetune epoch=1/1 batch=1450/3000 step=4450 repair=0.06442 localization=0 type=0 minimal=0.1178 physics=0.1079 total=0.07099
[TRAIN train_fourcastnet_conservefm_full_s43] [TRAIN] stage=finetune epoch=1/1 batch=1460/3000 step=4460 repair=0.03954 localization=0 type=0 minimal=0.1171 physics=0.2482 total=0.05313
[TRAIN train_fourcastnet_conservefm_full_s43] [TRAIN] stage=finetune epoch=1/1 batch=1470/3000 step=4470 repair=0.07052 localization=0 type=0 minimal=0.1345 physics=0.1858 total=0.08116
[TRAIN train_fourcastnet_conservefm_full_s43] [TRAIN] stage=finetune epoch=1/1 batch=1480/3000 step=4480 repair=0.06595 localization=0 type=0 minimal=0.1395 physics=0.4378 total=0.08923
[TRAIN train_fourcastnet_conservefm_full_s43] [TRAIN] stage=finetune epoch=1/1 batch=1490/3000 step=4490 repair=0.06922 localization=0 type=0 minimal=0.1445 physics=0.2107 total=0.0812
[TRAIN train_fourcastnet_conservefm_full_s43] [TRAIN] stage=finetune epoch=1/1 batch=1500/3000 step=4500 repair=0.04387 localization=0 type=0 minimal=0.1149 physics=0.09338 total=0.04969
[TRAIN train_fourcastnet_conservefm_full_s43] [TRAIN] stage=finetune epoch=1/1 batch=1510/3000 step=4510 repair=0.083 localization=0 type=0 minimal=0.1415 physics=0.2643 total=0.09763
[TRAIN train_fourcastnet_conservefm_full_s43] [TRAIN] stage=finetune epoch=1/1 batch=1520/3000 step=4520 repair=0.04219 localization=0 type=0 minimal=0.1312 physics=0.143 total=0.05065
[TRAIN train_fourcastnet_conservefm_full_s43] [TRAIN] stage=finetune epoch=1/1 batch=1530/3000 step=4530 repair=0.03416 localization=0 type=0 minimal=0.1054 physics=0.1329 total=0.04186
[TRAIN train_fourcastnet_conservefm_full_s43] [TRAIN] stage=finetune epoch=1/1 batch=1540/3000 step=4540 repair=0.03758 localization=0 type=0 minimal=0.1119 physics=0.1 total=0.0437
[TRAIN train_fourcastnet_conservefm_full_s43] [TRAIN] stage=finetune epoch=1/1 batch=1550/3000 step=4550 repair=0.06655 localization=0 type=0 minimal=0.1321 physics=0.1496 total=0.07536
[TRAIN train_fourcastnet_conservefm_full_s43] [TRAIN] stage=finetune epoch=1/1 batch=1560/3000 step=4560 repair=0.05256 localization=0 type=0 minimal=0.1095 physics=0.1624 total=0.06177
[TRAIN train_fourcastnet_conservefm_full_s43] [TRAIN] stage=finetune epoch=1/1 batch=1570/3000 step=4570 repair=0.03125 localization=0 type=0 minimal=0.099 physics=0.07315 total=0.0359
[TRAIN train_fourcastnet_conservefm_full_s43] [TRAIN] stage=finetune epoch=1/1 batch=1580/3000 step=4580 repair=0.03411 localization=0 type=0 minimal=0.111 physics=0.1283 total=0.04163
[TRAIN train_fourcastnet_conservefm_full_s43] [TRAIN] stage=finetune epoch=1/1 batch=1590/3000 step=4590 repair=0.04323 localization=0 type=0 minimal=0.1194 physics=0.1018 total=0.04951
[TRAIN train_fourcastnet_conservefm_full_s43] [TRAIN] stage=finetune epoch=1/1 batch=1600/3000 step=4600 repair=0.04775 localization=0 type=0 minimal=0.1104 physics=0.2435 total=0.06104
[TRAIN train_fourcastnet_conservefm_full_s43] [TRAIN] stage=finetune epoch=1/1 batch=1610/3000 step=4610 repair=0.03545 localization=0 type=0 minimal=0.1102 physics=0.2322 total=0.04816
[TRAIN train_fourcastnet_conservefm_full_s43] [TRAIN] stage=finetune epoch=1/1 batch=1620/3000 step=4620 repair=0.06608 localization=0 type=0 minimal=0.1259 physics=0.2083 total=0.07776
[TRAIN train_fourcastnet_conservefm_full_s43] [TRAIN] stage=finetune epoch=1/1 batch=1630/3000 step=4630 repair=0.09467 localization=0 type=0 minimal=0.1544 physics=0.4678 total=0.1196
[TRAIN train_fourcastnet_conservefm_full_s43] [TRAIN] stage=finetune epoch=1/1 batch=1640/3000 step=4640 repair=0.05142 localization=0 type=0 minimal=0.115 physics=0.2489 total=0.06501
[TRAIN train_fourcastnet_conservefm_full_s43] [TRAIN] stage=finetune epoch=1/1 batch=1650/3000 step=4650 repair=0.06864 localization=0 type=0 minimal=0.1421 physics=0.1163 total=0.07588
[TRAIN train_fourcastnet_conservefm_full_s43] [TRAIN] stage=finetune epoch=1/1 batch=1660/3000 step=4660 repair=0.02227 localization=0 type=0 minimal=0.08771 physics=0.07418 total=0.02685
[TRAIN train_fourcastnet_conservefm_full_s43] [TRAIN] stage=finetune epoch=1/1 batch=1670/3000 step=4670 repair=0.02408 localization=0 type=0 minimal=0.08984 physics=0.07381 total=0.02867
[TRAIN train_fourcastnet_conservefm_full_s43] [TRAIN] stage=finetune epoch=1/1 batch=1680/3000 step=4680 repair=0.0555 localization=0 type=0 minimal=0.1553 physics=0.1222 total=0.06316
[TRAIN train_fourcastnet_conservefm_full_s43] [TRAIN] stage=finetune epoch=1/1 batch=1690/3000 step=4690 repair=0.05835 localization=0 type=0 minimal=0.1261 physics=0.1583 total=0.06753
[TRAIN train_fourcastnet_conservefm_full_s43] [TRAIN] stage=finetune epoch=1/1 batch=1700/3000 step=4700 repair=0.03244 localization=0 type=0 minimal=0.1026 physics=0.07011 total=0.03697
[TRAIN train_fourcastnet_conservefm_full_s43] [TRAIN] stage=finetune epoch=1/1 batch=1710/3000 step=4710 repair=0.03668 localization=0 type=0 minimal=0.1122 physics=0.07108 total=0.04136
[TRAIN train_fourcastnet_conservefm_full_s43] [TRAIN] stage=finetune epoch=1/1 batch=1720/3000 step=4720 repair=0.03538 localization=0 type=0 minimal=0.1053 physics=0.1056 total=0.04172
[TRAIN train_fourcastnet_conservefm_full_s43] [TRAIN] stage=finetune epoch=1/1 batch=1730/3000 step=4730 repair=0.04154 localization=0 type=0 minimal=0.1229 physics=0.1754 total=0.05154
[TRAIN train_fourcastnet_conservefm_full_s43] [TRAIN] stage=finetune epoch=1/1 batch=1740/3000 step=4740 repair=0.05975 localization=0 type=0 minimal=0.1246 physics=0.2243 total=0.07221
[TRAIN train_fourcastnet_conservefm_full_s43] [TRAIN] stage=finetune epoch=1/1 batch=1750/3000 step=4750 repair=0.06679 localization=0 type=0 minimal=0.1372 physics=0.1088 total=0.0736
[TRAIN train_fourcastnet_conservefm_full_s43] [TRAIN] stage=finetune epoch=1/1 batch=1760/3000 step=4760 repair=0.08167 localization=0 type=0 minimal=0.1464 physics=0.1365 total=0.08996
[TRAIN train_fourcastnet_conservefm_full_s43] [TRAIN] stage=finetune epoch=1/1 batch=1770/3000 step=4770 repair=0.06249 localization=0 type=0 minimal=0.1416 physics=0.1368 total=0.07074
[TRAIN train_fourcastnet_conservefm_full_s43] [TRAIN] stage=finetune epoch=1/1 batch=1780/3000 step=4780 repair=0.0487 localization=0 type=0 minimal=0.1152 physics=0.1286 total=0.05628
[TRAIN train_fourcastnet_conservefm_full_s43] [TRAIN] stage=finetune epoch=1/1 batch=1790/3000 step=4790 repair=0.03062 localization=0 type=0 minimal=0.1011 physics=0.07488 total=0.03537
[TRAIN train_fourcastnet_conservefm_full_s43] [TRAIN] stage=finetune epoch=1/1 batch=1800/3000 step=4800 repair=0.09482 localization=0 type=0 minimal=0.1398 physics=0.1973 total=0.1061
[TRAIN train_fourcastnet_conservefm_full_s43] [TRAIN] stage=finetune epoch=1/1 batch=1810/3000 step=4810 repair=0.06161 localization=0 type=0 minimal=0.1254 physics=0.1533 total=0.07053
[TRAIN train_fourcastnet_conservefm_full_s43] [TRAIN] stage=finetune epoch=1/1 batch=1820/3000 step=4820 repair=0.06365 localization=0 type=0 minimal=0.1437 physics=0.2902 total=0.0796
[TRAIN train_fourcastnet_conservefm_full_s43] [TRAIN] stage=finetune epoch=1/1 batch=1830/3000 step=4830 repair=0.05215 localization=0 type=0 minimal=0.113 physics=0.3149 total=0.06902
[TRAIN train_fourcastnet_conservefm_full_s43] [TRAIN] stage=finetune epoch=1/1 batch=1840/3000 step=4840 repair=0.0404 localization=0 type=0 minimal=0.1239 physics=0.1187 total=0.04757
[TRAIN train_fourcastnet_conservefm_full_s43] [TRAIN] stage=finetune epoch=1/1 batch=1850/3000 step=4850 repair=0.06673 localization=0 type=0 minimal=0.1401 physics=0.4251 total=0.08938
[TRAIN train_fourcastnet_conservefm_full_s43] [TRAIN] stage=finetune epoch=1/1 batch=1860/3000 step=4860 repair=0.06307 localization=0 type=0 minimal=0.1312 physics=0.1591 total=0.07234
[TRAIN train_fourcastnet_conservefm_full_s43] [TRAIN] stage=finetune epoch=1/1 batch=1870/3000 step=4870 repair=0.03375 localization=0 type=0 minimal=0.1071 physics=0.1153 total=0.04059
[TRAIN train_fourcastnet_conservefm_full_s43] [TRAIN] stage=finetune epoch=1/1 batch=1880/3000 step=4880 repair=0.06727 localization=0 type=0 minimal=0.1329 physics=0.1009 total=0.07364
[TRAIN train_fourcastnet_conservefm_full_s43] [TRAIN] stage=finetune epoch=1/1 batch=1890/3000 step=4890 repair=0.05614 localization=0 type=0 minimal=0.1133 physics=0.3475 total=0.07465
[TRAIN train_fourcastnet_conservefm_full_s43] [TRAIN] stage=finetune epoch=1/1 batch=1900/3000 step=4900 repair=0.0462 localization=0 type=0 minimal=0.1272 physics=0.124 total=0.05367
[TRAIN train_fourcastnet_conservefm_full_s43] [TRAIN] stage=finetune epoch=1/1 batch=1910/3000 step=4910 repair=0.02489 localization=0 type=0 minimal=0.09601 physics=0.07097 total=0.0294
[TRAIN train_fourcastnet_conservefm_full_s43] [TRAIN] stage=finetune epoch=1/1 batch=1920/3000 step=4920 repair=0.06254 localization=0 type=0 minimal=0.1344 physics=0.1026 total=0.06901
[TRAIN train_fourcastnet_conservefm_full_s43] [TRAIN] stage=finetune epoch=1/1 batch=1930/3000 step=4930 repair=0.07801 localization=0 type=0 minimal=0.1462 physics=0.2807 total=0.0935
[TRAIN train_fourcastnet_conservefm_full_s43] [TRAIN] stage=finetune epoch=1/1 batch=1940/3000 step=4940 repair=0.07268 localization=0 type=0 minimal=0.1206 physics=0.1866 total=0.08321
[TRAIN train_fourcastnet_conservefm_full_s43] [TRAIN] stage=finetune epoch=1/1 batch=1950/3000 step=4950 repair=0.02818 localization=0 type=0 minimal=0.08728 physics=0.1023 total=0.03417
[TRAIN train_fourcastnet_conservefm_full_s43] [TRAIN] stage=finetune epoch=1/1 batch=1960/3000 step=4960 repair=0.03618 localization=0 type=0 minimal=0.115 physics=0.07756 total=0.0412
[TRAIN train_fourcastnet_conservefm_full_s43] [TRAIN] stage=finetune epoch=1/1 batch=1970/3000 step=4970 repair=0.0266 localization=0 type=0 minimal=0.08588 physics=0.06741 total=0.03083
[TRAIN train_fourcastnet_conservefm_full_s43] [TRAIN] stage=finetune epoch=1/1 batch=1980/3000 step=4980 repair=0.0738 localization=0 type=0 minimal=0.137 physics=0.0974 total=0.08004
[TRAIN train_fourcastnet_conservefm_full_s43] [TRAIN] stage=finetune epoch=1/1 batch=1990/3000 step=4990 repair=0.04702 localization=0 type=0 minimal=0.1278 physics=0.1359 total=0.05509
[TRAIN train_fourcastnet_conservefm_full_s43] [TRAIN] stage=finetune epoch=1/1 batch=2000/3000 step=5000 repair=0.06369 localization=0 type=0 minimal=0.141 physics=0.1737 total=0.07378
[TRAIN train_fourcastnet_conservefm_full_s43] [TRAIN] stage=finetune epoch=1/1 batch=2010/3000 step=5010 repair=0.06315 localization=0 type=0 minimal=0.1339 physics=0.1902 total=0.074
[TRAIN train_fourcastnet_conservefm_full_s43] [TRAIN] stage=finetune epoch=1/1 batch=2020/3000 step=5020 repair=0.04604 localization=0 type=0 minimal=0.1195 physics=0.3756 total=0.06602
[TRAIN train_fourcastnet_conservefm_full_s43] [TRAIN] stage=finetune epoch=1/1 batch=2030/3000 step=5030 repair=0.08236 localization=0 type=0 minimal=0.1238 physics=0.1347 total=0.09034
[TRAIN train_fourcastnet_conservefm_full_s43] [TRAIN] stage=finetune epoch=1/1 batch=2040/3000 step=5040 repair=0.03851 localization=0 type=0 minimal=0.1053 physics=0.08811 total=0.04397
[TRAIN train_fourcastnet_conservefm_full_s43] [TRAIN] stage=finetune epoch=1/1 batch=2050/3000 step=5050 repair=0.03619 localization=0 type=0 minimal=0.1136 physics=0.1467 total=0.04466
[TRAIN train_fourcastnet_conservefm_full_s43] [TRAIN] stage=finetune epoch=1/1 batch=2060/3000 step=5060 repair=0.06044 localization=0 type=0 minimal=0.14 physics=0.2686 total=0.07527
[TRAIN train_fourcastnet_conservefm_full_s43] [TRAIN] stage=finetune epoch=1/1 batch=2070/3000 step=5070 repair=0.05029 localization=0 type=0 minimal=0.1131 physics=0.138 total=0.05832
[TRAIN train_fourcastnet_conservefm_full_s43] [TRAIN] stage=finetune epoch=1/1 batch=2080/3000 step=5080 repair=0.04701 localization=0 type=0 minimal=0.1296 physics=0.09093 total=0.05285
[TRAIN train_fourcastnet_conservefm_full_s43] [TRAIN] stage=finetune epoch=1/1 batch=2090/3000 step=5090 repair=0.03088 localization=0 type=0 minimal=0.1021 physics=0.08866 total=0.03633
[TRAIN train_fourcastnet_conservefm_full_s43] [TRAIN] stage=finetune epoch=1/1 batch=2100/3000 step=5100 repair=0.04655 localization=0 type=0 minimal=0.1231 physics=0.1118 total=0.05337
[TRAIN train_fourcastnet_conservefm_full_s43] [TRAIN] stage=finetune epoch=1/1 batch=2110/3000 step=5110 repair=0.07547 localization=0 type=0 minimal=0.1477 physics=0.4422 total=0.09906
[TRAIN train_fourcastnet_conservefm_full_s43] [TRAIN] stage=finetune epoch=1/1 batch=2120/3000 step=5120 repair=0.04996 localization=0 type=0 minimal=0.1172 physics=0.2355 total=0.0629
[TRAIN train_fourcastnet_conservefm_full_s43] [TRAIN] stage=finetune epoch=1/1 batch=2130/3000 step=5130 repair=0.03216 localization=0 type=0 minimal=0.1034 physics=0.05147 total=0.03577
[TRAIN train_fourcastnet_conservefm_full_s43] [TRAIN] stage=finetune epoch=1/1 batch=2140/3000 step=5140 repair=0.07 localization=0 type=0 minimal=0.1263 physics=0.3318 total=0.08785
[TRAIN train_fourcastnet_conservefm_full_s43] [TRAIN] stage=finetune epoch=1/1 batch=2150/3000 step=5150 repair=0.06174 localization=0 type=0 minimal=0.1299 physics=0.1986 total=0.07297
[TRAIN train_fourcastnet_conservefm_full_s43] [TRAIN] stage=finetune epoch=1/1 batch=2160/3000 step=5160 repair=0.02056 localization=0 type=0 minimal=0.08698 physics=0.2697 total=0.03491
[TRAIN train_fourcastnet_conservefm_full_s43] [TRAIN] stage=finetune epoch=1/1 batch=2170/3000 step=5170 repair=0.06605 localization=0 type=0 minimal=0.1512 physics=0.1936 total=0.07724
[TRAIN train_fourcastnet_conservefm_full_s43] [TRAIN] stage=finetune epoch=1/1 batch=2180/3000 step=5180 repair=0.05572 localization=0 type=0 minimal=0.1064 physics=0.1974 total=0.06665
[TRAIN train_fourcastnet_conservefm_full_s43] [TRAIN] stage=finetune epoch=1/1 batch=2190/3000 step=5190 repair=0.02288 localization=0 type=0 minimal=0.08948 physics=0.08168 total=0.02786
[TRAIN train_fourcastnet_conservefm_full_s43] [TRAIN] stage=finetune epoch=1/1 batch=2200/3000 step=5200 repair=0.05203 localization=0 type=0 minimal=0.1201 physics=0.1068 total=0.05857
[TRAIN train_fourcastnet_conservefm_full_s43] [TRAIN] stage=finetune epoch=1/1 batch=2210/3000 step=5210 repair=0.03558 localization=0 type=0 minimal=0.0979 physics=0.07383 total=0.04025
[TRAIN train_fourcastnet_conservefm_full_s43] [TRAIN] stage=finetune epoch=1/1 batch=2220/3000 step=5220 repair=0.05181 localization=0 type=0 minimal=0.1068 physics=0.09773 total=0.05777
[TRAIN train_fourcastnet_conservefm_full_s43] [TRAIN] stage=finetune epoch=1/1 batch=2230/3000 step=5230 repair=0.03433 localization=0 type=0 minimal=0.1165 physics=0.1004 total=0.04051
[TRAIN train_fourcastnet_conservefm_full_s43] [TRAIN] stage=finetune epoch=1/1 batch=2240/3000 step=5240 repair=0.03608 localization=0 type=0 minimal=0.1094 physics=0.1032 total=0.04233
[TRAIN train_fourcastnet_conservefm_full_s43] [TRAIN] stage=finetune epoch=1/1 batch=2250/3000 step=5250 repair=0.07835 localization=0 type=0 minimal=0.1437 physics=0.2091 total=0.09024
[TRAIN train_fourcastnet_conservefm_full_s43] [TRAIN] stage=finetune epoch=1/1 batch=2260/3000 step=5260 repair=0.05564 localization=0 type=0 minimal=0.1135 physics=0.1665 total=0.0651
[TRAIN train_fourcastnet_conservefm_full_s43] [TRAIN] stage=finetune epoch=1/1 batch=2270/3000 step=5270 repair=0.05496 localization=0 type=0 minimal=0.1193 physics=0.1616 total=0.06423
[TRAIN train_fourcastnet_conservefm_full_s43] [TRAIN] stage=finetune epoch=1/1 batch=2280/3000 step=5280 repair=0.03007 localization=0 type=0 minimal=0.1024 physics=0.1412 total=0.03815
[TRAIN train_fourcastnet_conservefm_full_s43] [TRAIN] stage=finetune epoch=1/1 batch=2290/3000 step=5290 repair=0.07652 localization=0 type=0 minimal=0.1301 physics=0.172 total=0.08642
[TRAIN train_fourcastnet_conservefm_full_s43] [TRAIN] stage=finetune epoch=1/1 batch=2300/3000 step=5300 repair=0.05063 localization=0 type=0 minimal=0.1174 physics=0.09296 total=0.05645
[TRAIN train_fourcastnet_conservefm_full_s43] [TRAIN] stage=finetune epoch=1/1 batch=2310/3000 step=5310 repair=0.04912 localization=0 type=0 minimal=0.1464 physics=0.1034 total=0.05576
[TRAIN train_fourcastnet_conservefm_full_s43] [TRAIN] stage=finetune epoch=1/1 batch=2320/3000 step=5320 repair=0.08613 localization=0 type=0 minimal=0.1451 physics=0.3447 total=0.1048
[TRAIN train_fourcastnet_conservefm_full_s43] [TRAIN] stage=finetune epoch=1/1 batch=2330/3000 step=5330 repair=0.03386 localization=0 type=0 minimal=0.1102 physics=0.07287 total=0.03861
[TRAIN train_fourcastnet_conservefm_full_s43] [TRAIN] stage=finetune epoch=1/1 batch=2340/3000 step=5340 repair=0.06314 localization=0 type=0 minimal=0.1454 physics=0.3915 total=0.08417
[TRAIN train_fourcastnet_conservefm_full_s43] [TRAIN] stage=finetune epoch=1/1 batch=2350/3000 step=5350 repair=0.04816 localization=0 type=0 minimal=0.1239 physics=0.2237 total=0.06059
[TRAIN train_fourcastnet_conservefm_full_s43] [TRAIN] stage=finetune epoch=1/1 batch=2360/3000 step=5360 repair=0.04727 localization=0 type=0 minimal=0.1361 physics=0.08136 total=0.0527
[TRAIN train_fourcastnet_conservefm_full_s43] [TRAIN] stage=finetune epoch=1/1 batch=2370/3000 step=5370 repair=0.03896 localization=0 type=0 minimal=0.1208 physics=0.1423 total=0.04728
[TRAIN train_fourcastnet_conservefm_full_s43] [TRAIN] stage=finetune epoch=1/1 batch=2380/3000 step=5380 repair=0.06508 localization=0 type=0 minimal=0.1448 physics=0.4055 total=0.0868
[TRAIN train_fourcastnet_conservefm_full_s43] [TRAIN] stage=finetune epoch=1/1 batch=2390/3000 step=5390 repair=0.05424 localization=0 type=0 minimal=0.1086 physics=0.3135 total=0.071
[TRAIN train_fourcastnet_conservefm_full_s43] [TRAIN] stage=finetune epoch=1/1 batch=2400/3000 step=5400 repair=0.06771 localization=0 type=0 minimal=0.1312 physics=0.1479 total=0.07641
[TRAIN train_fourcastnet_conservefm_full_s43] [TRAIN] stage=finetune epoch=1/1 batch=2410/3000 step=5410 repair=0.03867 localization=0 type=0 minimal=0.1132 physics=0.1213 total=0.04587
[TRAIN train_fourcastnet_conservefm_full_s43] [TRAIN] stage=finetune epoch=1/1 batch=2420/3000 step=5420 repair=0.02407 localization=0 type=0 minimal=0.09375 physics=0.08415 total=0.02922
[TRAIN train_fourcastnet_conservefm_full_s43] [TRAIN] stage=finetune epoch=1/1 batch=2430/3000 step=5430 repair=0.063 localization=0 type=0 minimal=0.1266 physics=0.1903 total=0.07378
[TRAIN train_fourcastnet_conservefm_full_s43] [TRAIN] stage=finetune epoch=1/1 batch=2440/3000 step=5440 repair=0.02477 localization=0 type=0 minimal=0.09308 physics=0.09265 total=0.03034
[TRAIN train_fourcastnet_conservefm_full_s43] [TRAIN] stage=finetune epoch=1/1 batch=2450/3000 step=5450 repair=0.0614 localization=0 type=0 minimal=0.127 physics=0.4177 total=0.08355
[TRAIN train_fourcastnet_conservefm_full_s43] [TRAIN] stage=finetune epoch=1/1 batch=2460/3000 step=5460 repair=0.06609 localization=0 type=0 minimal=0.1287 physics=0.1463 total=0.07469
[TRAIN train_fourcastnet_conservefm_full_s43] [TRAIN] stage=finetune epoch=1/1 batch=2470/3000 step=5470 repair=0.08791 localization=0 type=0 minimal=0.1487 physics=0.3623 total=0.1075
[TRAIN train_fourcastnet_conservefm_full_s43] [TRAIN] stage=finetune epoch=1/1 batch=2480/3000 step=5480 repair=0.03663 localization=0 type=0 minimal=0.114 physics=0.07679 total=0.04161
[TRAIN train_fourcastnet_conservefm_full_s43] [TRAIN] stage=finetune epoch=1/1 batch=2490/3000 step=5490 repair=0.08404 localization=0 type=0 minimal=0.1396 physics=0.3653 total=0.1037
[TRAIN train_fourcastnet_conservefm_full_s43] [TRAIN] stage=finetune epoch=1/1 batch=2500/3000 step=5500 repair=0.06082 localization=0 type=0 minimal=0.121 physics=0.2666 total=0.07536
[TRAIN train_fourcastnet_conservefm_full_s43] [TRAIN] stage=finetune epoch=1/1 batch=2510/3000 step=5510 repair=0.02372 localization=0 type=0 minimal=0.08722 physics=0.08469 total=0.02883
[TRAIN train_fourcastnet_conservefm_full_s43] [TRAIN] stage=finetune epoch=1/1 batch=2520/3000 step=5520 repair=0.04191 localization=0 type=0 minimal=0.1304 physics=0.1614 total=0.05128
[TRAIN train_fourcastnet_conservefm_full_s43] [TRAIN] stage=finetune epoch=1/1 batch=2530/3000 step=5530 repair=0.03664 localization=0 type=0 minimal=0.1162 physics=0.1608 total=0.04584
[TRAIN train_fourcastnet_conservefm_full_s43] [TRAIN] stage=finetune epoch=1/1 batch=2540/3000 step=5540 repair=0.04292 localization=0 type=0 minimal=0.119 physics=0.07661 total=0.04794
[TRAIN train_fourcastnet_conservefm_full_s43] [TRAIN] stage=finetune epoch=1/1 batch=2550/3000 step=5550 repair=0.03541 localization=0 type=0 minimal=0.1125 physics=0.1781 total=0.04544
[TRAIN train_fourcastnet_conservefm_full_s43] [TRAIN] stage=finetune epoch=1/1 batch=2560/3000 step=5560 repair=0.03173 localization=0 type=0 minimal=0.1031 physics=0.2551 total=0.04552
[TRAIN train_fourcastnet_conservefm_full_s43] [TRAIN] stage=finetune epoch=1/1 batch=2570/3000 step=5570 repair=0.02909 localization=0 type=0 minimal=0.1014 physics=0.06833 total=0.03352
[TRAIN train_fourcastnet_conservefm_full_s43] [TRAIN] stage=finetune epoch=1/1 batch=2580/3000 step=5580 repair=0.03536 localization=0 type=0 minimal=0.1092 physics=0.07235 total=0.04007
[TRAIN train_fourcastnet_conservefm_full_s43] [TRAIN] stage=finetune epoch=1/1 batch=2590/3000 step=5590 repair=0.09123 localization=0 type=0 minimal=0.1509 physics=0.5656 total=0.121
[TRAIN train_fourcastnet_conservefm_full_s43] [TRAIN] stage=finetune epoch=1/1 batch=2600/3000 step=5600 repair=0.05483 localization=0 type=0 minimal=0.1274 physics=0.2296 total=0.06759
[TRAIN train_fourcastnet_conservefm_full_s43] [TRAIN] stage=finetune epoch=1/1 batch=2610/3000 step=5610 repair=0.03503 localization=0 type=0 minimal=0.0965 physics=0.06564 total=0.03928
[TRAIN train_fourcastnet_conservefm_full_s43] [TRAIN] stage=finetune epoch=1/1 batch=2620/3000 step=5620 repair=0.03665 localization=0 type=0 minimal=0.114 physics=0.104 total=0.04299
[TRAIN train_fourcastnet_conservefm_full_s43] [TRAIN] stage=finetune epoch=1/1 batch=2630/3000 step=5630 repair=0.03202 localization=0 type=0 minimal=0.1008 physics=0.1927 total=0.04266
[TRAIN train_fourcastnet_conservefm_full_s43] [TRAIN] stage=finetune epoch=1/1 batch=2640/3000 step=5640 repair=0.1046 localization=0 type=0 minimal=0.1532 physics=0.5736 total=0.1349
[TRAIN train_fourcastnet_conservefm_full_s43] [TRAIN] stage=finetune epoch=1/1 batch=2650/3000 step=5650 repair=0.09363 localization=0 type=0 minimal=0.1478 physics=0.1322 total=0.1017
[TRAIN train_fourcastnet_conservefm_full_s43] [TRAIN] stage=finetune epoch=1/1 batch=2660/3000 step=5660 repair=0.06395 localization=0 type=0 minimal=0.1318 physics=0.2703 total=0.07878
[TRAIN train_fourcastnet_conservefm_full_s43] [TRAIN] stage=finetune epoch=1/1 batch=2670/3000 step=5670 repair=0.06514 localization=0 type=0 minimal=0.1351 physics=0.4176 total=0.08737
[TRAIN train_fourcastnet_conservefm_full_s43] [TRAIN] stage=finetune epoch=1/1 batch=2680/3000 step=5680 repair=0.09146 localization=0 type=0 minimal=0.1378 physics=0.348 total=0.1102
[TRAIN train_fourcastnet_conservefm_full_s43] [TRAIN] stage=finetune epoch=1/1 batch=2690/3000 step=5690 repair=0.07992 localization=0 type=0 minimal=0.1428 physics=0.3113 total=0.09691
[TRAIN train_fourcastnet_conservefm_full_s43] [TRAIN] stage=finetune epoch=1/1 batch=2700/3000 step=5700 repair=0.09152 localization=0 type=0 minimal=0.1458 physics=0.139 total=0.09993
[TRAIN train_fourcastnet_conservefm_full_s43] [TRAIN] stage=finetune epoch=1/1 batch=2710/3000 step=5710 repair=0.05083 localization=0 type=0 minimal=0.1159 physics=0.167 total=0.06034
[TRAIN train_fourcastnet_conservefm_full_s43] [TRAIN] stage=finetune epoch=1/1 batch=2720/3000 step=5720 repair=0.03832 localization=0 type=0 minimal=0.1152 physics=0.08289 total=0.04361
[TRAIN train_fourcastnet_conservefm_full_s43] [TRAIN] stage=finetune epoch=1/1 batch=2730/3000 step=5730 repair=0.08042 localization=0 type=0 minimal=0.1381 physics=0.2213 total=0.09287
[TRAIN train_fourcastnet_conservefm_full_s43] [TRAIN] stage=finetune epoch=1/1 batch=2740/3000 step=5740 repair=0.05211 localization=0 type=0 minimal=0.1165 physics=0.0765 total=0.0571
[TRAIN train_fourcastnet_conservefm_full_s43] [TRAIN] stage=finetune epoch=1/1 batch=2750/3000 step=5750 repair=0.04663 localization=0 type=0 minimal=0.1103 physics=0.2062 total=0.05804
[TRAIN train_fourcastnet_conservefm_full_s43] [TRAIN] stage=finetune epoch=1/1 batch=2760/3000 step=5760 repair=0.07031 localization=0 type=0 minimal=0.144 physics=0.17 total=0.08024
[TRAIN train_fourcastnet_conservefm_full_s43] [TRAIN] stage=finetune epoch=1/1 batch=2770/3000 step=5770 repair=0.05693 localization=0 type=0 minimal=0.1335 physics=0.1291 total=0.06472
[TRAIN train_fourcastnet_conservefm_full_s43] [TRAIN] stage=finetune epoch=1/1 batch=2780/3000 step=5780 repair=0.05792 localization=0 type=0 minimal=0.1234 physics=0.1348 total=0.06589
[TRAIN train_fourcastnet_conservefm_full_s43] [TRAIN] stage=finetune epoch=1/1 batch=2790/3000 step=5790 repair=0.03367 localization=0 type=0 minimal=0.1198 physics=0.08894 total=0.03931
[TRAIN train_fourcastnet_conservefm_full_s43] [TRAIN] stage=finetune epoch=1/1 batch=2800/3000 step=5800 repair=0.02256 localization=0 type=0 minimal=0.0871 physics=0.06136 total=0.02649
[TRAIN train_fourcastnet_conservefm_full_s43] [TRAIN] stage=finetune epoch=1/1 batch=2810/3000 step=5810 repair=0.04968 localization=0 type=0 minimal=0.1198 physics=0.189 total=0.06033
[TRAIN train_fourcastnet_conservefm_full_s43] [TRAIN] stage=finetune epoch=1/1 batch=2820/3000 step=5820 repair=0.03255 localization=0 type=0 minimal=0.101 physics=0.08819 total=0.03797
[TRAIN train_fourcastnet_conservefm_full_s43] [TRAIN] stage=finetune epoch=1/1 batch=2830/3000 step=5830 repair=0.05473 localization=0 type=0 minimal=0.1167 physics=0.135 total=0.06264
[TRAIN train_fourcastnet_conservefm_full_s43] [TRAIN] stage=finetune epoch=1/1 batch=2840/3000 step=5840 repair=0.065 localization=0 type=0 minimal=0.1327 physics=0.1265 total=0.07265
[TRAIN train_fourcastnet_conservefm_full_s43] [TRAIN] stage=finetune epoch=1/1 batch=2850/3000 step=5850 repair=0.03711 localization=0 type=0 minimal=0.1037 physics=0.2143 total=0.04886
[TRAIN train_fourcastnet_conservefm_full_s43] [TRAIN] stage=finetune epoch=1/1 batch=2860/3000 step=5860 repair=0.06494 localization=0 type=0 minimal=0.1458 physics=0.1094 total=0.07187
[TRAIN train_fourcastnet_conservefm_full_s43] [TRAIN] stage=finetune epoch=1/1 batch=2870/3000 step=5870 repair=0.08622 localization=0 type=0 minimal=0.1436 physics=0.2554 total=0.1004
[TRAIN train_fourcastnet_conservefm_full_s43] [TRAIN] stage=finetune epoch=1/1 batch=2880/3000 step=5880 repair=0.06702 localization=0 type=0 minimal=0.1436 physics=0.1664 total=0.07677
[TRAIN train_fourcastnet_conservefm_full_s43] [TRAIN] stage=finetune epoch=1/1 batch=2890/3000 step=5890 repair=0.03101 localization=0 type=0 minimal=0.0965 physics=0.1857 total=0.04127
[TRAIN train_fourcastnet_conservefm_full_s43] [TRAIN] stage=finetune epoch=1/1 batch=2900/3000 step=5900 repair=0.05618 localization=0 type=0 minimal=0.1205 physics=0.2046 total=0.06762
[TRAIN train_fourcastnet_conservefm_full_s43] [TRAIN] stage=finetune epoch=1/1 batch=2910/3000 step=5910 repair=0.08051 localization=0 type=0 minimal=0.1395 physics=0.2883 total=0.09632
[TRAIN train_fourcastnet_conservefm_full_s43] [TRAIN] stage=finetune epoch=1/1 batch=2920/3000 step=5920 repair=0.08154 localization=0 type=0 minimal=0.1431 physics=0.1746 total=0.0917
[TRAIN train_fourcastnet_conservefm_full_s43] [TRAIN] stage=finetune epoch=1/1 batch=2930/3000 step=5930 repair=0.06012 localization=0 type=0 minimal=0.1274 physics=0.1902 total=0.07091
[TRAIN train_fourcastnet_conservefm_full_s43] [TRAIN] stage=finetune epoch=1/1 batch=2940/3000 step=5940 repair=0.04004 localization=0 type=0 minimal=0.1169 physics=0.06143 total=0.04428
[TRAIN train_fourcastnet_conservefm_full_s43] [TRAIN] stage=finetune epoch=1/1 batch=2950/3000 step=5950 repair=0.0543 localization=0 type=0 minimal=0.1149 physics=0.09025 total=0.05996
[TRAIN train_fourcastnet_conservefm_full_s43] [TRAIN] stage=finetune epoch=1/1 batch=2960/3000 step=5960 repair=0.06851 localization=0 type=0 minimal=0.1355 physics=0.1538 total=0.07756
[TRAIN train_fourcastnet_conservefm_full_s43] [TRAIN] stage=finetune epoch=1/1 batch=2970/3000 step=5970 repair=0.05572 localization=0 type=0 minimal=0.1282 physics=0.1204 total=0.06302
[TRAIN train_fourcastnet_conservefm_full_s43] [TRAIN] stage=finetune epoch=1/1 batch=2980/3000 step=5980 repair=0.02769 localization=0 type=0 minimal=0.1068 physics=0.048 total=0.03116
[TRAIN train_fourcastnet_conservefm_full_s43] [TRAIN] stage=finetune epoch=1/1 batch=2990/3000 step=5990 repair=0.02433 localization=0 type=0 minimal=0.0899 physics=0.06102 total=0.02828
[TRAIN train_fourcastnet_conservefm_full_s43] [TRAIN] stage=finetune epoch=1/1 batch=3000/3000 step=6000 repair=0.06731 localization=0 type=0 minimal=0.131 physics=0.1161 total=0.07443
[TRAIN train_fourcastnet_conservefm_full_s43] [EPOCH] {'stage': 'finetune', 'epoch': 0, 'global_step': 6000, 'train_total': 0.11025604434497654, 'val_repair_mse': 0.05819076579064131, 'elapsed_seconds': 4162.63}
[TRAIN train_fourcastnet_conservefm_full_s43] [BEST] val_repair_mse=0.0581908
[TRAIN train_fourcastnet_conservefm_full_s43] [TRAIN COMPLETE] {
[TRAIN train_fourcastnet_conservefm_full_s43]   "run_id": "prelim20_train_fourcastnet_conservefm_full_s43",
[TRAIN train_fourcastnet_conservefm_full_s43]   "status": "completed",
[TRAIN train_fourcastnet_conservefm_full_s43]   "method": "conservefm_full",
[TRAIN train_fourcastnet_conservefm_full_s43]   "backbone": "fourcastnet",
[TRAIN train_fourcastnet_conservefm_full_s43]   "seed": 43,
[TRAIN train_fourcastnet_conservefm_full_s43]   "forecast_provider": "zarr_frozen_fm",
[TRAIN train_fourcastnet_conservefm_full_s43]   "best_val_repair_mse": 0.05819076579064131,
[TRAIN train_fourcastnet_conservefm_full_s43]   "global_step": 6000,
[TRAIN train_fourcastnet_conservefm_full_s43]   "elapsed_seconds": 4163.12,
[TRAIN train_fourcastnet_conservefm_full_s43]   "checkpoint_best": "/home/tahiti/ConserveFM/runs/prelim20_train/train_fourcastnet_conservefm_full_s43/checkpoint_best.pt",
[TRAIN train_fourcastnet_conservefm_full_s43]   "checkpoint_last": "/home/tahiti/ConserveFM/runs/prelim20_train/train_fourcastnet_conservefm_full_s43/checkpoint_last.pt"
[TRAIN train_fourcastnet_conservefm_full_s43] }
