2026-07-13 20:06:14 [ERA5] ========================================================================
2026-07-13 20:06:14 [ERA5] Parallel raw WeatherBench2 ERA5 downloader
2026-07-13 20:06:14 [ERA5] Period: 1979–2022
2026-07-13 20:06:14 [ERA5] Workers: 32
2026-07-13 20:06:14 [ERA5] No decompression or recompression
2026-07-13 20:06:14 [ERA5] ========================================================================
2026-07-13 20:06:14 [ERA5] Opening remote metadata
2026-07-13 20:07:00 [ERA5] Selected time indices: 29,220..93,503
2026-07-13 20:07:00 [ERA5] Selected timestamps: 64,284
2026-07-13 20:07:00 [ERA5] Copying Zarr metadata and coordinates
2026-07-13 20:07:10 [ERA5] metadata 1/39: .zgroup | exists | 24.00 B
2026-07-13 20:07:10 [ERA5] metadata 2/39: .zattrs | exists | 2.00 B
2026-07-13 20:07:10 [ERA5] metadata 3/39: .zarray | exists | 320.00 B
2026-07-13 20:07:10 [ERA5] metadata 4/39: .zattrs | exists | 129.00 B
2026-07-13 20:07:10 [ERA5] metadata 5/39: 0 | exists | 3.25 KiB
2026-07-13 20:07:10 [ERA5] metadata 6/39: 1 | exists | 3.29 KiB
2026-07-13 20:07:10 [ERA5] metadata 7/39: 2 | exists | 3.00 KiB
2026-07-13 20:07:10 [ERA5] metadata 8/39: 3 | exists | 3.29 KiB
2026-07-13 20:07:10 [ERA5] metadata 9/39: .zarray | exists | 314.00 B
2026-07-13 20:07:10 [ERA5] metadata 10/39: .zattrs | exists | 52.00 B
2026-07-13 20:07:10 [ERA5] metadata 11/39: 0 | exists | 120.00 B
2026-07-13 20:07:10 [ERA5] metadata 12/39: .zarray | exists | 317.00 B
2026-07-13 20:07:10 [ERA5] metadata 13/39: .zattrs | exists | 56.00 B
2026-07-13 20:07:10 [ERA5] metadata 14/39: 0 | exists | 845.00 B
2026-07-13 20:07:10 [ERA5] metadata 15/39: .zarray | exists | 317.00 B
2026-07-13 20:07:10 [ERA5] metadata 16/39: .zattrs | exists | 55.00 B
2026-07-13 20:07:10 [ERA5] metadata 17/39: 0 | exists | 528.00 B
2026-07-13 20:07:10 [ERA5] metadata 18/39: .zarray | exists | 393.00 B
2026-07-13 20:07:10 [ERA5] metadata 19/39: .zattrs | exists | 229.00 B
2026-07-13 20:07:10 [ERA5] metadata 20/39: .zarray | exists | 393.00 B
2026-07-13 20:07:10 [ERA5] metadata 21/39: .zattrs | exists | 222.00 B
2026-07-13 20:07:10 [ERA5] metadata 22/39: .zarray | exists | 393.00 B
2026-07-13 20:07:10 [ERA5] metadata 23/39: .zattrs | exists | 238.00 B
2026-07-13 20:07:10 [ERA5] metadata 24/39: .zarray | exists | 393.00 B
2026-07-13 20:07:10 [ERA5] metadata 25/39: .zattrs | exists | 234.00 B
2026-07-13 20:07:10 [ERA5] metadata 26/39: .zarray | exists | 393.00 B
2026-07-13 20:07:10 [ERA5] metadata 27/39: .zattrs | exists | 235.00 B
2026-07-13 20:07:10 [ERA5] metadata 28/39: .zarray | exists | 369.00 B
2026-07-13 20:07:10 [ERA5] metadata 29/39: .zattrs | exists | 175.00 B
2026-07-13 20:07:10 [ERA5] metadata 30/39: .zarray | exists | 369.00 B
2026-07-13 20:07:10 [ERA5] metadata 31/39: .zattrs | exists | 187.00 B
2026-07-13 20:07:10 [ERA5] metadata 32/39: .zarray | exists | 369.00 B
2026-07-13 20:07:10 [ERA5] metadata 33/39: .zattrs | exists | 187.00 B
2026-07-13 20:07:10 [ERA5] metadata 34/39: .zarray | exists | 369.00 B
2026-07-13 20:07:10 [ERA5] metadata 35/39: .zattrs | exists | 235.00 B
2026-07-13 20:07:10 [ERA5] metadata 36/39: .zarray | exists | 369.00 B
2026-07-13 20:07:10 [ERA5] metadata 37/39: .zattrs | exists | 217.00 B
2026-07-13 20:07:10 [ERA5] metadata 38/39: .zarray | exists | 369.00 B
2026-07-13 20:07:10 [ERA5] metadata 39/39: .zattrs | exists | 174.00 B
2026-07-13 20:07:11 [ERA5] geopotential: source chunks 3652..11687 | objects=8,036
2026-07-13 20:07:12 [ERA5] temperature: source chunks 3652..11687 | objects=8,036
2026-07-13 20:07:13 [ERA5] specific_humidity: source chunks 3652..11687 | objects=8,036
2026-07-13 20:07:15 [ERA5] u_component_of_wind: source chunks 3652..11687 | objects=8,036
2026-07-13 20:07:16 [ERA5] v_component_of_wind: source chunks 3652..11687 | objects=8,036
2026-07-13 20:07:18 [ERA5] 2m_temperature: source chunks 3652..11687 | objects=8,036
2026-07-13 20:07:19 [ERA5] 10m_u_component_of_wind: source chunks 3652..11687 | objects=8,036
2026-07-13 20:07:20 [ERA5] 10m_v_component_of_wind: source chunks 3652..11687 | objects=8,036
2026-07-13 20:07:21 [ERA5] mean_sea_level_pressure: source chunks 3652..11687 | objects=8,036
2026-07-13 20:07:22 [ERA5] surface_pressure: source chunks 3652..11687 | objects=8,036
2026-07-13 20:07:23 [ERA5] total_precipitation_6hr: source chunks 3652..11687 | objects=8,036
2026-07-13 20:07:23 [ERA5] Starting raw-object copy with 32 workers
2026-07-13 20:07:23 [ERA5] Total ERA5 chunk objects: 88,396
2026-07-13 20:07:23 [ERA5] Destination: /home/tahiti/ConserveFM/data/ERA5_WeatherBench2_1979_2022
2026-07-13 20:07:23 [ERA5] progress=45/88,396 (0.05%) | new=0.00 B | skipped=45 | average=0.00 B/s | ETA≈0.0 h
2026-07-13 20:07:54 [ERA5] progress=4,651/88,396 (5.26%) | new=145.69 MiB | skipped=4,631 | average=4.75 MiB/s | ETA≈35.7 h
2026-07-13 20:08:25 [ERA5] progress=4,670/88,396 (5.28%) | new=284.40 MiB | skipped=4,631 | average=4.58 MiB/s | ETA≈37.1 h
2026-07-13 20:08:56 [ERA5] progress=4,690/88,396 (5.31%) | new=430.35 MiB | skipped=4,631 | average=4.62 MiB/s | ETA≈36.7 h
2026-07-13 20:09:28 [ERA5] progress=4,710/88,396 (5.33%) | new=576.60 MiB | skipped=4,631 | average=4.64 MiB/s | ETA≈36.6 h
2026-07-13 20:10:00 [ERA5] progress=4,729/88,396 (5.35%) | new=715.30 MiB | skipped=4,631 | average=4.56 MiB/s | ETA≈37.2 h
2026-07-13 20:10:32 [ERA5] progress=4,749/88,396 (5.37%) | new=861.52 MiB | skipped=4,631 | average=4.55 MiB/s | ETA≈37.2 h
2026-07-13 20:11:03 [ERA5] progress=4,767/88,396 (5.39%) | new=993.26 MiB | skipped=4,631 | average=4.51 MiB/s | ETA≈37.6 h
2026-07-13 20:11:34 [ERA5] progress=4,785/88,396 (5.41%) | new=1.10 GiB | skipped=4,631 | average=4.48 MiB/s | ETA≈37.8 h
2026-07-13 20:12:04 [ERA5] progress=4,801/88,396 (5.43%) | new=1.21 GiB | skipped=4,631 | average=4.42 MiB/s | ETA≈38.4 h
2026-07-13 20:12:35 [ERA5] progress=4,821/88,396 (5.45%) | new=1.35 GiB | skipped=4,631 | average=4.44 MiB/s | ETA≈38.1 h
2026-07-13 20:13:07 [ERA5] progress=4,840/88,396 (5.48%) | new=1.49 GiB | skipped=4,631 | average=4.44 MiB/s | ETA≈38.1 h
2026-07-13 20:13:39 [ERA5] progress=4,861/88,396 (5.50%) | new=1.64 GiB | skipped=4,631 | average=4.47 MiB/s | ETA≈37.9 h
2026-07-13 20:14:10 [ERA5] progress=4,883/88,396 (5.52%) | new=1.80 GiB | skipped=4,631 | average=4.53 MiB/s | ETA≈37.4 h
2026-07-13 20:14:42 [ERA5] progress=4,902/88,396 (5.55%) | new=1.93 GiB | skipped=4,631 | average=4.51 MiB/s | ETA≈37.5 h
2026-07-13 20:15:12 [ERA5] progress=4,921/88,396 (5.57%) | new=2.07 GiB | skipped=4,631 | average=4.52 MiB/s | ETA≈37.5 h
2026-07-13 20:15:43 [ERA5] progress=4,940/88,396 (5.59%) | new=2.20 GiB | skipped=4,631 | average=4.52 MiB/s | ETA≈37.5 h
2026-07-13 20:16:13 [ERA5] progress=4,958/88,396 (5.61%) | new=2.33 GiB | skipped=4,631 | average=4.51 MiB/s | ETA≈37.6 h
2026-07-13 20:16:45 [ERA5] progress=4,976/88,396 (5.63%) | new=2.46 GiB | skipped=4,631 | average=4.49 MiB/s | ETA≈37.7 h
2026-07-13 20:17:17 [ERA5] progress=4,994/88,396 (5.65%) | new=2.59 GiB | skipped=4,631 | average=4.47 MiB/s | ETA≈37.9 h
2026-07-13 20:17:47 [ERA5] progress=5,015/88,396 (5.67%) | new=2.74 GiB | skipped=4,631 | average=4.49 MiB/s | ETA≈37.6 h
2026-07-13 20:18:19 [ERA5] progress=5,035/88,396 (5.70%) | new=2.88 GiB | skipped=4,631 | average=4.50 MiB/s | ETA≈37.6 h
2026-07-13 20:18:50 [ERA5] progress=5,054/88,396 (5.72%) | new=3.02 GiB | skipped=4,631 | average=4.50 MiB/s | ETA≈37.6 h
2026-07-13 20:19:22 [ERA5] progress=5,074/88,396 (5.74%) | new=3.16 GiB | skipped=4,631 | average=4.50 MiB/s | ETA≈37.5 h
2026-07-13 20:19:53 [ERA5] progress=5,094/88,396 (5.76%) | new=3.30 GiB | skipped=4,631 | average=4.51 MiB/s | ETA≈37.5 h
2026-07-13 20:20:24 [ERA5] progress=5,115/88,396 (5.79%) | new=3.45 GiB | skipped=4,631 | average=4.53 MiB/s | ETA≈37.3 h
2026-07-13 20:20:54 [ERA5] progress=5,133/88,396 (5.81%) | new=3.58 GiB | skipped=4,631 | average=4.52 MiB/s | ETA≈37.4 h
2026-07-13 20:21:25 [ERA5] progress=5,152/88,396 (5.83%) | new=3.72 GiB | skipped=4,631 | average=4.52 MiB/s | ETA≈37.4 h
2026-07-13 20:21:57 [ERA5] progress=5,173/88,396 (5.85%) | new=3.87 GiB | skipped=4,631 | average=4.53 MiB/s | ETA≈37.3 h
2026-07-13 20:22:28 [ERA5] progress=5,191/88,396 (5.87%) | new=3.99 GiB | skipped=4,631 | average=4.52 MiB/s | ETA≈37.3 h
2026-07-13 20:23:00 [ERA5] progress=5,210/88,396 (5.89%) | new=4.13 GiB | skipped=4,631 | average=4.51 MiB/s | ETA≈37.4 h
2026-07-13 20:23:31 [ERA5] progress=5,227/88,396 (5.91%) | new=4.25 GiB | skipped=4,631 | average=4.50 MiB/s | ETA≈37.5 h
2026-07-13 20:24:03 [ERA5] progress=5,245/88,396 (5.93%) | new=4.38 GiB | skipped=4,631 | average=4.48 MiB/s | ETA≈37.6 h
2026-07-13 20:24:33 [ERA5] progress=5,265/88,396 (5.96%) | new=4.52 GiB | skipped=4,631 | average=4.49 MiB/s | ETA≈37.5 h
2026-07-13 20:25:05 [ERA5] progress=5,283/88,396 (5.98%) | new=4.65 GiB | skipped=4,631 | average=4.49 MiB/s | ETA≈37.6 h
2026-07-13 20:25:36 [ERA5] progress=5,300/88,396 (6.00%) | new=4.77 GiB | skipped=4,631 | average=4.47 MiB/s | ETA≈37.7 h
2026-07-13 20:26:06 [ERA5] progress=5,321/88,396 (6.02%) | new=4.92 GiB | skipped=4,631 | average=4.49 MiB/s | ETA≈37.6 h
2026-07-13 20:26:37 [ERA5] progress=5,341/88,396 (6.04%) | new=5.06 GiB | skipped=4,631 | average=4.49 MiB/s | ETA≈37.5 h
2026-07-13 20:27:09 [ERA5] progress=5,359/88,396 (6.06%) | new=5.19 GiB | skipped=4,631 | average=4.48 MiB/s | ETA≈37.6 h
2026-07-13 20:27:40 [ERA5] progress=5,377/88,396 (6.08%) | new=5.32 GiB | skipped=4,631 | average=4.48 MiB/s | ETA≈37.6 h
2026-07-13 20:28:11 [ERA5] progress=5,396/88,396 (6.10%) | new=5.46 GiB | skipped=4,631 | average=4.48 MiB/s | ETA≈37.6 h
2026-07-13 20:28:42 [ERA5] progress=5,417/88,396 (6.13%) | new=5.60 GiB | skipped=4,631 | average=4.49 MiB/s | ETA≈37.5 h
2026-07-13 20:29:12 [ERA5] progress=5,436/88,396 (6.15%) | new=5.74 GiB | skipped=4,631 | average=4.49 MiB/s | ETA≈37.5 h
2026-07-13 20:29:42 [ERA5] progress=5,454/88,396 (6.17%) | new=5.87 GiB | skipped=4,631 | average=4.49 MiB/s | ETA≈37.5 h
2026-07-13 20:30:14 [ERA5] progress=5,470/88,396 (6.19%) | new=5.98 GiB | skipped=4,631 | average=4.47 MiB/s | ETA≈37.6 h
2026-07-13 20:30:45 [ERA5] progress=5,487/88,396 (6.21%) | new=6.10 GiB | skipped=4,631 | average=4.46 MiB/s | ETA≈37.7 h
2026-07-13 20:31:16 [ERA5] progress=5,506/88,396 (6.23%) | new=6.24 GiB | skipped=4,631 | average=4.46 MiB/s | ETA≈37.7 h
2026-07-13 20:31:48 [ERA5] progress=5,523/88,396 (6.25%) | new=6.36 GiB | skipped=4,631 | average=4.45 MiB/s | ETA≈37.8 h
2026-07-13 20:32:20 [ERA5] progress=5,543/88,396 (6.27%) | new=6.50 GiB | skipped=4,631 | average=4.45 MiB/s | ETA≈37.8 h
2026-07-13 20:32:50 [ERA5] progress=5,563/88,396 (6.29%) | new=6.65 GiB | skipped=4,631 | average=4.46 MiB/s | ETA≈37.7 h
2026-07-13 20:33:22 [ERA5] progress=5,581/88,396 (6.31%) | new=6.77 GiB | skipped=4,631 | average=4.45 MiB/s | ETA≈37.7 h
2026-07-13 20:33:55 [ERA5] progress=5,599/88,396 (6.33%) | new=6.90 GiB | skipped=4,631 | average=4.44 MiB/s | ETA≈37.8 h
2026-07-13 20:34:25 [ERA5] progress=5,613/88,396 (6.35%) | new=7.00 GiB | skipped=4,631 | average=4.42 MiB/s | ETA≈38.0 h
2026-07-13 20:34:56 [ERA5] progress=5,628/88,396 (6.37%) | new=7.11 GiB | skipped=4,631 | average=4.41 MiB/s | ETA≈38.1 h
2026-07-13 20:35:27 [ERA5] progress=5,642/88,396 (6.38%) | new=7.21 GiB | skipped=4,631 | average=4.38 MiB/s | ETA≈38.3 h
2026-07-13 20:35:58 [ERA5] progress=5,658/88,396 (6.40%) | new=7.32 GiB | skipped=4,631 | average=4.37 MiB/s | ETA≈38.4 h
2026-07-13 20:36:30 [ERA5] progress=5,673/88,396 (6.42%) | new=7.43 GiB | skipped=4,631 | average=4.36 MiB/s | ETA≈38.5 h
2026-07-13 20:37:00 [ERA5] progress=5,688/88,396 (6.43%) | new=7.54 GiB | skipped=4,631 | average=4.34 MiB/s | ETA≈38.6 h
2026-07-13 20:37:32 [ERA5] progress=5,704/88,396 (6.45%) | new=7.65 GiB | skipped=4,631 | average=4.33 MiB/s | ETA≈38.7 h
2026-07-13 20:38:03 [ERA5] progress=5,717/88,396 (6.47%) | new=7.75 GiB | skipped=4,631 | average=4.31 MiB/s | ETA≈38.9 h
2026-07-13 20:38:35 [ERA5] progress=5,733/88,396 (6.49%) | new=7.86 GiB | skipped=4,631 | average=4.30 MiB/s | ETA≈39.0 h
2026-07-13 20:39:05 [ERA5] progress=5,750/88,396 (6.50%) | new=7.98 GiB | skipped=4,631 | average=4.30 MiB/s | ETA≈39.0 h
2026-07-13 20:39:37 [ERA5] progress=5,767/88,396 (6.52%) | new=8.10 GiB | skipped=4,631 | average=4.29 MiB/s | ETA≈39.1 h
2026-07-13 20:40:09 [ERA5] progress=5,786/88,396 (6.55%) | new=8.24 GiB | skipped=4,631 | average=4.29 MiB/s | ETA≈39.0 h
2026-07-13 20:40:39 [ERA5] progress=5,803/88,396 (6.56%) | new=8.36 GiB | skipped=4,631 | average=4.29 MiB/s | ETA≈39.1 h
2026-07-13 20:41:10 [ERA5] progress=5,819/88,396 (6.58%) | new=8.47 GiB | skipped=4,631 | average=4.28 MiB/s | ETA≈39.1 h
2026-07-13 20:41:41 [ERA5] progress=5,834/88,396 (6.60%) | new=8.58 GiB | skipped=4,631 | average=4.27 MiB/s | ETA≈39.2 h
2026-07-13 20:42:12 [ERA5] progress=5,851/88,396 (6.62%) | new=8.70 GiB | skipped=4,631 | average=4.27 MiB/s | ETA≈39.3 h
2026-07-13 20:42:43 [ERA5] progress=5,867/88,396 (6.64%) | new=8.82 GiB | skipped=4,631 | average=4.26 MiB/s | ETA≈39.3 h
2026-07-13 20:43:14 [ERA5] progress=5,880/88,396 (6.65%) | new=8.91 GiB | skipped=4,631 | average=4.24 MiB/s | ETA≈39.5 h
2026-07-13 20:43:45 [ERA5] progress=5,893/88,396 (6.67%) | new=9.00 GiB | skipped=4,631 | average=4.23 MiB/s | ETA≈39.6 h
2026-07-13 20:44:17 [ERA5] progress=5,909/88,396 (6.68%) | new=9.12 GiB | skipped=4,631 | average=4.22 MiB/s | ETA≈39.7 h
2026-07-13 20:44:47 [ERA5] progress=5,926/88,396 (6.70%) | new=9.24 GiB | skipped=4,631 | average=4.22 MiB/s | ETA≈39.7 h
2026-07-13 20:45:19 [ERA5] progress=5,945/88,396 (6.73%) | new=9.37 GiB | skipped=4,631 | average=4.22 MiB/s | ETA≈39.7 h
2026-07-13 20:45:50 [ERA5] progress=5,961/88,396 (6.74%) | new=9.49 GiB | skipped=4,631 | average=4.21 MiB/s | ETA≈39.7 h
2026-07-13 20:46:20 [ERA5] progress=5,981/88,396 (6.77%) | new=9.63 GiB | skipped=4,631 | average=4.22 MiB/s | ETA≈39.6 h
2026-07-13 20:46:52 [ERA5] progress=5,998/88,396 (6.79%) | new=9.75 GiB | skipped=4,631 | average=4.21 MiB/s | ETA≈39.7 h
2026-07-13 20:47:23 [ERA5] progress=6,017/88,396 (6.81%) | new=9.89 GiB | skipped=4,631 | average=4.22 MiB/s | ETA≈39.6 h
2026-07-13 20:47:54 [ERA5] progress=6,034/88,396 (6.83%) | new=10.01 GiB | skipped=4,631 | average=4.22 MiB/s | ETA≈39.6 h
2026-07-13 20:48:24 [ERA5] progress=6,051/88,396 (6.85%) | new=10.13 GiB | skipped=4,631 | average=4.22 MiB/s | ETA≈39.6 h
2026-07-13 20:48:55 [ERA5] progress=6,067/88,396 (6.86%) | new=10.24 GiB | skipped=4,631 | average=4.21 MiB/s | ETA≈39.7 h
2026-07-13 20:49:26 [ERA5] progress=6,085/88,396 (6.88%) | new=10.37 GiB | skipped=4,631 | average=4.21 MiB/s | ETA≈39.7 h
2026-07-13 20:49:57 [ERA5] progress=6,102/88,396 (6.90%) | new=10.49 GiB | skipped=4,631 | average=4.21 MiB/s | ETA≈39.7 h
2026-07-13 20:50:28 [ERA5] progress=6,119/88,396 (6.92%) | new=10.61 GiB | skipped=4,631 | average=4.21 MiB/s | ETA≈39.7 h
2026-07-13 20:51:00 [ERA5] progress=6,134/88,396 (6.94%) | new=10.72 GiB | skipped=4,631 | average=4.19 MiB/s | ETA≈39.8 h
2026-07-13 20:51:25 [ERA5] ========================================================================
2026-07-13 20:51:25 [ERA5] Parallel raw WeatherBench2 ERA5 downloader
2026-07-13 20:51:25 [ERA5] Period: 1979–2022
2026-07-13 20:51:25 [ERA5] Workers: 32
2026-07-13 20:51:25 [ERA5] No decompression or recompression
2026-07-13 20:51:25 [ERA5] ========================================================================
2026-07-13 20:51:25 [ERA5] Opening remote metadata
2026-07-13 20:51:54 [ERA5] Selected time indices: 29,220..93,503
2026-07-13 20:51:54 [ERA5] Selected timestamps: 64,284
2026-07-13 20:51:54 [ERA5] Copying Zarr metadata and coordinates
2026-07-13 20:51:55 [ERA5] metadata 1/39: .zgroup | exists | 24.00 B
2026-07-13 20:51:55 [ERA5] metadata 2/39: .zattrs | exists | 2.00 B
2026-07-13 20:51:55 [ERA5] metadata 3/39: .zarray | exists | 320.00 B
2026-07-13 20:51:55 [ERA5] metadata 4/39: .zattrs | exists | 129.00 B
2026-07-13 20:51:55 [ERA5] metadata 5/39: 0 | exists | 3.25 KiB
2026-07-13 20:51:55 [ERA5] metadata 6/39: 1 | exists | 3.29 KiB
2026-07-13 20:51:55 [ERA5] metadata 7/39: 2 | exists | 3.00 KiB
2026-07-13 20:51:55 [ERA5] metadata 8/39: 3 | exists | 3.29 KiB
2026-07-13 20:51:55 [ERA5] metadata 9/39: .zarray | exists | 314.00 B
2026-07-13 20:51:55 [ERA5] metadata 10/39: .zattrs | exists | 52.00 B
2026-07-13 20:51:55 [ERA5] metadata 11/39: 0 | exists | 120.00 B
2026-07-13 20:51:55 [ERA5] metadata 12/39: .zarray | exists | 317.00 B
2026-07-13 20:51:55 [ERA5] metadata 13/39: .zattrs | exists | 56.00 B
2026-07-13 20:51:55 [ERA5] metadata 14/39: 0 | exists | 845.00 B
2026-07-13 20:51:55 [ERA5] metadata 15/39: .zarray | exists | 317.00 B
2026-07-13 20:51:55 [ERA5] metadata 16/39: .zattrs | exists | 55.00 B
2026-07-13 20:51:55 [ERA5] metadata 17/39: 0 | exists | 528.00 B
2026-07-13 20:51:55 [ERA5] metadata 18/39: .zarray | exists | 393.00 B
2026-07-13 20:51:55 [ERA5] metadata 19/39: .zattrs | exists | 229.00 B
2026-07-13 20:51:55 [ERA5] metadata 20/39: .zarray | exists | 393.00 B
2026-07-13 20:51:55 [ERA5] metadata 21/39: .zattrs | exists | 222.00 B
2026-07-13 20:51:55 [ERA5] metadata 22/39: .zarray | exists | 393.00 B
2026-07-13 20:51:55 [ERA5] metadata 23/39: .zattrs | exists | 238.00 B
2026-07-13 20:51:55 [ERA5] metadata 24/39: .zarray | exists | 393.00 B
2026-07-13 20:51:55 [ERA5] metadata 25/39: .zattrs | exists | 234.00 B
2026-07-13 20:51:55 [ERA5] metadata 26/39: .zarray | exists | 393.00 B
2026-07-13 20:51:55 [ERA5] metadata 27/39: .zattrs | exists | 235.00 B
2026-07-13 20:51:55 [ERA5] metadata 28/39: .zarray | exists | 369.00 B
2026-07-13 20:51:55 [ERA5] metadata 29/39: .zattrs | exists | 175.00 B
2026-07-13 20:51:55 [ERA5] metadata 30/39: .zarray | exists | 369.00 B
2026-07-13 20:51:55 [ERA5] metadata 31/39: .zattrs | exists | 187.00 B
2026-07-13 20:51:55 [ERA5] metadata 32/39: .zarray | exists | 369.00 B
2026-07-13 20:51:55 [ERA5] metadata 33/39: .zattrs | exists | 187.00 B
2026-07-13 20:51:55 [ERA5] metadata 34/39: .zarray | exists | 369.00 B
2026-07-13 20:51:55 [ERA5] metadata 35/39: .zattrs | exists | 235.00 B
2026-07-13 20:51:55 [ERA5] metadata 36/39: .zarray | exists | 369.00 B
2026-07-13 20:51:55 [ERA5] metadata 37/39: .zattrs | exists | 217.00 B
2026-07-13 20:51:55 [ERA5] metadata 38/39: .zarray | exists | 369.00 B
2026-07-13 20:51:55 [ERA5] metadata 39/39: .zattrs | exists | 174.00 B
2026-07-13 20:51:55 [ERA5] geopotential: source chunks 3652..11687 | objects=8,036
2026-07-13 20:51:56 [ERA5] temperature: source chunks 3652..11687 | objects=8,036
2026-07-13 20:51:56 [ERA5] specific_humidity: source chunks 3652..11687 | objects=8,036
2026-07-13 20:51:56 [ERA5] u_component_of_wind: source chunks 3652..11687 | objects=8,036
2026-07-13 20:51:57 [ERA5] v_component_of_wind: source chunks 3652..11687 | objects=8,036
2026-07-13 20:51:57 [ERA5] 2m_temperature: source chunks 3652..11687 | objects=8,036
2026-07-13 20:51:57 [ERA5] 10m_u_component_of_wind: source chunks 3652..11687 | objects=8,036
2026-07-13 20:51:59 [ERA5] 10m_v_component_of_wind: source chunks 3652..11687 | objects=8,036
2026-07-13 20:51:59 [ERA5] mean_sea_level_pressure: source chunks 3652..11687 | objects=8,036
2026-07-13 20:52:00 [ERA5] surface_pressure: source chunks 3652..11687 | objects=8,036
2026-07-13 20:52:01 [ERA5] total_precipitation_6hr: source chunks 3652..11687 | objects=8,036
2026-07-13 20:52:01 [ERA5] Starting raw-object copy with 32 workers
2026-07-13 20:52:01 [ERA5] Total ERA5 chunk objects: 88,396
2026-07-13 20:52:01 [ERA5] Destination: /home/tahiti/ConserveFM/data/ERA5_WeatherBench2_1979_2022
2026-07-13 20:52:01 [ERA5] progress=76/88,396 (0.09%) | new=0.00 B | skipped=76 | average=0.00 B/s | ETA≈0.0 h
2026-07-13 20:52:31 [ERA5] progress=6,157/88,396 (6.97%) | new=124.27 MiB | skipped=6,140 | average=4.11 MiB/s | ETA≈40.6 h
2026-07-13 20:53:05 [ERA5] progress=6,176/88,396 (6.99%) | new=262.95 MiB | skipped=6,140 | average=4.11 MiB/s | ETA≈40.6 h
2026-07-13 20:53:36 [ERA5] progress=6,193/88,396 (7.01%) | new=387.33 MiB | skipped=6,140 | average=4.08 MiB/s | ETA≈40.9 h
2026-07-13 20:54:07 [ERA5] progress=6,209/88,396 (7.02%) | new=504.18 MiB | skipped=6,140 | average=4.01 MiB/s | ETA≈41.6 h
2026-07-13 20:54:37 [ERA5] progress=6,225/88,396 (7.04%) | new=621.39 MiB | skipped=6,140 | average=3.99 MiB/s | ETA≈41.8 h
2026-07-13 20:55:07 [ERA5] progress=6,239/88,396 (7.06%) | new=723.89 MiB | skipped=6,140 | average=3.88 MiB/s | ETA≈43.0 h
2026-07-13 20:55:37 [ERA5] progress=6,254/88,396 (7.07%) | new=833.44 MiB | skipped=6,140 | average=3.85 MiB/s | ETA≈43.3 h
2026-07-13 20:56:08 [ERA5] progress=6,268/88,396 (7.09%) | new=935.58 MiB | skipped=6,140 | average=3.79 MiB/s | ETA≈44.0 h
2026-07-13 20:56:43 [ERA5] progress=6,284/88,396 (7.11%) | new=1.03 GiB | skipped=6,140 | average=3.73 MiB/s | ETA≈44.7 h
2026-07-13 20:57:13 [ERA5] progress=6,300/88,396 (7.13%) | new=1.14 GiB | skipped=6,140 | average=3.74 MiB/s | ETA≈44.5 h
2026-07-13 20:57:44 [ERA5] progress=6,314/88,396 (7.14%) | new=1.24 GiB | skipped=6,140 | average=3.71 MiB/s | ETA≈44.9 h
2026-07-13 20:58:15 [ERA5] progress=6,328/88,396 (7.16%) | new=1.34 GiB | skipped=6,140 | average=3.67 MiB/s | ETA≈45.3 h
2026-07-13 20:58:46 [ERA5] progress=6,346/88,396 (7.18%) | new=1.47 GiB | skipped=6,140 | average=3.72 MiB/s | ETA≈44.8 h
2026-07-13 20:59:19 [ERA5] progress=6,360/88,396 (7.19%) | new=1.57 GiB | skipped=6,140 | average=3.67 MiB/s | ETA≈45.3 h
2026-07-13 20:59:53 [ERA5] progress=6,377/88,396 (7.21%) | new=1.69 GiB | skipped=6,140 | average=3.67 MiB/s | ETA≈45.4 h
2026-07-13 21:00:24 [ERA5] progress=6,393/88,396 (7.23%) | new=1.81 GiB | skipped=6,140 | average=3.67 MiB/s | ETA≈45.3 h
2026-07-13 21:00:55 [ERA5] progress=6,412/88,396 (7.25%) | new=1.94 GiB | skipped=6,140 | average=3.73 MiB/s | ETA≈44.7 h
2026-07-13 21:01:30 [ERA5] progress=6,433/88,396 (7.28%) | new=2.09 GiB | skipped=6,140 | average=3.77 MiB/s | ETA≈44.2 h
2026-07-13 21:02:02 [ERA5] progress=6,448/88,396 (7.29%) | new=2.20 GiB | skipped=6,140 | average=3.75 MiB/s | ETA≈44.4 h
2026-07-13 21:02:32 [ERA5] progress=6,465/88,396 (7.31%) | new=2.32 GiB | skipped=6,140 | average=3.76 MiB/s | ETA≈44.2 h
2026-07-13 21:03:03 [ERA5] progress=6,479/88,396 (7.33%) | new=2.42 GiB | skipped=6,140 | average=3.74 MiB/s | ETA≈44.4 h
2026-07-13 21:03:33 [ERA5] progress=6,496/88,396 (7.35%) | new=2.54 GiB | skipped=6,140 | average=3.76 MiB/s | ETA≈44.3 h
2026-07-13 21:04:04 [ERA5] progress=6,512/88,396 (7.37%) | new=2.65 GiB | skipped=6,140 | average=3.76 MiB/s | ETA≈44.2 h
2026-07-13 21:04:35 [ERA5] progress=6,529/88,396 (7.39%) | new=2.78 GiB | skipped=6,140 | average=3.77 MiB/s | ETA≈44.1 h
2026-07-13 21:05:06 [ERA5] progress=6,548/88,396 (7.41%) | new=2.91 GiB | skipped=6,140 | average=3.80 MiB/s | ETA≈43.8 h
2026-07-13 21:05:40 [ERA5] progress=6,562/88,396 (7.42%) | new=3.01 GiB | skipped=6,140 | average=3.76 MiB/s | ETA≈44.1 h
2026-07-13 21:06:12 [ERA5] progress=6,576/88,396 (7.44%) | new=3.11 GiB | skipped=6,140 | average=3.75 MiB/s | ETA≈44.3 h
2026-07-13 21:06:45 [ERA5] progress=6,587/88,396 (7.45%) | new=3.19 GiB | skipped=6,140 | average=3.69 MiB/s | ETA≈45.0 h
2026-07-13 21:07:17 [ERA5] progress=6,600/88,396 (7.47%) | new=3.28 GiB | skipped=6,140 | average=3.67 MiB/s | ETA≈45.3 h
2026-07-13 21:07:50 [ERA5] progress=6,614/88,396 (7.48%) | new=3.38 GiB | skipped=6,140 | average=3.65 MiB/s | ETA≈45.5 h
2026-07-13 21:08:21 [ERA5] progress=6,625/88,396 (7.49%) | new=3.46 GiB | skipped=6,140 | average=3.62 MiB/s | ETA≈45.9 h
2026-07-13 21:08:51 [ERA5] progress=6,637/88,396 (7.51%) | new=3.55 GiB | skipped=6,140 | average=3.60 MiB/s | ETA≈46.1 h
2026-07-13 21:09:21 [ERA5] progress=6,652/88,396 (7.53%) | new=3.65 GiB | skipped=6,140 | average=3.60 MiB/s | ETA≈46.1 h
2026-07-13 21:09:52 [ERA5] progress=6,665/88,396 (7.54%) | new=3.75 GiB | skipped=6,140 | average=3.58 MiB/s | ETA≈46.3 h
2026-07-13 21:10:25 [ERA5] progress=6,678/88,396 (7.55%) | new=3.84 GiB | skipped=6,140 | average=3.56 MiB/s | ETA≈46.6 h
2026-07-13 21:10:55 [ERA5] progress=6,693/88,396 (7.57%) | new=3.95 GiB | skipped=6,140 | average=3.56 MiB/s | ETA≈46.6 h
2026-07-13 21:11:26 [ERA5] progress=6,707/88,396 (7.59%) | new=4.05 GiB | skipped=6,140 | average=3.56 MiB/s | ETA≈46.6 h
2026-07-13 21:11:58 [ERA5] progress=6,730/88,396 (7.61%) | new=4.21 GiB | skipped=6,140 | average=3.60 MiB/s | ETA≈46.0 h
2026-07-13 21:12:29 [ERA5] progress=6,749/88,396 (7.63%) | new=4.35 GiB | skipped=6,140 | average=3.63 MiB/s | ETA≈45.7 h
2026-07-13 21:13:03 [ERA5] progress=6,766/88,396 (7.65%) | new=4.47 GiB | skipped=6,140 | average=3.63 MiB/s | ETA≈45.7 h
2026-07-13 21:13:33 [ERA5] progress=6,783/88,396 (7.67%) | new=4.59 GiB | skipped=6,140 | average=3.64 MiB/s | ETA≈45.6 h
2026-07-13 21:14:04 [ERA5] progress=6,796/88,396 (7.69%) | new=4.68 GiB | skipped=6,140 | average=3.63 MiB/s | ETA≈45.7 h
2026-07-13 21:14:38 [ERA5] progress=6,814/88,396 (7.71%) | new=4.81 GiB | skipped=6,140 | average=3.63 MiB/s | ETA≈45.6 h
2026-07-13 21:15:09 [ERA5] progress=6,830/88,396 (7.73%) | new=4.92 GiB | skipped=6,140 | average=3.63 MiB/s | ETA≈45.6 h
2026-07-13 21:15:42 [ERA5] progress=6,845/88,396 (7.74%) | new=5.03 GiB | skipped=6,140 | average=3.63 MiB/s | ETA≈45.6 h
2026-07-13 21:16:14 [ERA5] progress=6,862/88,396 (7.76%) | new=5.15 GiB | skipped=6,140 | average=3.63 MiB/s | ETA≈45.6 h
2026-07-13 21:16:44 [ERA5] progress=6,878/88,396 (7.78%) | new=5.27 GiB | skipped=6,140 | average=3.64 MiB/s | ETA≈45.5 h
2026-07-13 21:17:16 [ERA5] progress=6,896/88,396 (7.80%) | new=5.40 GiB | skipped=6,140 | average=3.65 MiB/s | ETA≈45.4 h
2026-07-13 21:17:46 [ERA5] progress=6,913/88,396 (7.82%) | new=5.52 GiB | skipped=6,140 | average=3.66 MiB/s | ETA≈45.2 h
2026-07-13 21:18:16 [ERA5] progress=6,933/88,396 (7.84%) | new=5.66 GiB | skipped=6,140 | average=3.68 MiB/s | ETA≈44.9 h
2026-07-13 21:18:47 [ERA5] progress=6,953/88,396 (7.87%) | new=5.80 GiB | skipped=6,140 | average=3.70 MiB/s | ETA≈44.7 h
2026-07-13 21:19:18 [ERA5] progress=6,974/88,396 (7.89%) | new=5.95 GiB | skipped=6,140 | average=3.72 MiB/s | ETA≈44.4 h
2026-07-13 21:19:50 [ERA5] progress=6,992/88,396 (7.91%) | new=6.08 GiB | skipped=6,140 | average=3.73 MiB/s | ETA≈44.3 h
2026-07-13 21:20:20 [ERA5] progress=7,010/88,396 (7.93%) | new=6.21 GiB | skipped=6,140 | average=3.74 MiB/s | ETA≈44.1 h
2026-07-13 21:20:53 [ERA5] progress=7,028/88,396 (7.95%) | new=6.34 GiB | skipped=6,140 | average=3.75 MiB/s | ETA≈44.1 h
2026-07-13 21:21:27 [ERA5] progress=7,049/88,396 (7.97%) | new=6.49 GiB | skipped=6,140 | average=3.76 MiB/s | ETA≈43.9 h
2026-07-13 21:21:59 [ERA5] progress=7,068/88,396 (8.00%) | new=6.62 GiB | skipped=6,140 | average=3.77 MiB/s | ETA≈43.8 h
2026-07-13 21:22:32 [ERA5] progress=7,085/88,396 (8.02%) | new=6.74 GiB | skipped=6,140 | average=3.77 MiB/s | ETA≈43.8 h
2026-07-13 21:23:02 [ERA5] progress=7,101/88,396 (8.03%) | new=6.86 GiB | skipped=6,140 | average=3.77 MiB/s | ETA≈43.7 h
2026-07-13 21:23:34 [ERA5] progress=7,120/88,396 (8.05%) | new=6.99 GiB | skipped=6,140 | average=3.78 MiB/s | ETA≈43.6 h
2026-07-13 21:24:05 [ERA5] progress=7,135/88,396 (8.07%) | new=7.10 GiB | skipped=6,140 | average=3.78 MiB/s | ETA≈43.6 h
2026-07-13 21:24:36 [ERA5] progress=7,154/88,396 (8.09%) | new=7.24 GiB | skipped=6,140 | average=3.79 MiB/s | ETA≈43.5 h
2026-07-13 21:25:08 [ERA5] progress=7,171/88,396 (8.11%) | new=7.36 GiB | skipped=6,140 | average=3.79 MiB/s | ETA≈43.5 h
2026-07-13 21:25:39 [ERA5] progress=7,185/88,396 (8.13%) | new=7.46 GiB | skipped=6,140 | average=3.78 MiB/s | ETA≈43.6 h
2026-07-13 21:26:14 [ERA5] progress=7,203/88,396 (8.15%) | new=7.59 GiB | skipped=6,140 | average=3.78 MiB/s | ETA≈43.5 h
2026-07-13 21:26:45 [ERA5] progress=7,219/88,396 (8.17%) | new=7.70 GiB | skipped=6,140 | average=3.78 MiB/s | ETA≈43.5 h
2026-07-13 21:27:15 [ERA5] progress=7,237/88,396 (8.19%) | new=7.83 GiB | skipped=6,140 | average=3.79 MiB/s | ETA≈43.4 h
2026-07-13 21:27:51 [ERA5] progress=7,254/88,396 (8.21%) | new=7.95 GiB | skipped=6,140 | average=3.79 MiB/s | ETA≈43.5 h
2026-07-13 21:28:25 [ERA5] progress=7,271/88,396 (8.23%) | new=8.07 GiB | skipped=6,140 | average=3.78 MiB/s | ETA≈43.5 h
2026-07-13 21:28:56 [ERA5] progress=7,287/88,396 (8.24%) | new=8.19 GiB | skipped=6,140 | average=3.79 MiB/s | ETA≈43.5 h
2026-07-13 21:29:26 [ERA5] progress=7,303/88,396 (8.26%) | new=8.30 GiB | skipped=6,140 | average=3.79 MiB/s | ETA≈43.5 h
2026-07-13 21:29:56 [ERA5] progress=7,318/88,396 (8.28%) | new=8.41 GiB | skipped=6,140 | average=3.78 MiB/s | ETA≈43.5 h
2026-07-13 21:30:32 [ERA5] progress=7,334/88,396 (8.30%) | new=8.52 GiB | skipped=6,140 | average=3.78 MiB/s | ETA≈43.6 h
2026-07-13 21:31:04 [ERA5] progress=7,350/88,396 (8.31%) | new=8.64 GiB | skipped=6,140 | average=3.77 MiB/s | ETA≈43.6 h
2026-07-13 21:31:35 [ERA5] progress=7,364/88,396 (8.33%) | new=8.74 GiB | skipped=6,140 | average=3.77 MiB/s | ETA≈43.7 h
2026-07-13 21:32:07 [ERA5] progress=7,380/88,396 (8.35%) | new=8.85 GiB | skipped=6,140 | average=3.77 MiB/s | ETA≈43.7 h
2026-07-13 21:32:38 [ERA5] progress=7,396/88,396 (8.37%) | new=8.96 GiB | skipped=6,140 | average=3.77 MiB/s | ETA≈43.6 h
2026-07-13 21:33:09 [ERA5] progress=7,412/88,396 (8.38%) | new=9.08 GiB | skipped=6,140 | average=3.77 MiB/s | ETA≈43.6 h
2026-07-13 21:33:40 [ERA5] progress=7,425/88,396 (8.40%) | new=9.17 GiB | skipped=6,140 | average=3.76 MiB/s | ETA≈43.7 h
2026-07-13 21:34:10 [ERA5] progress=7,438/88,396 (8.41%) | new=9.26 GiB | skipped=6,140 | average=3.75 MiB/s | ETA≈43.8 h
2026-07-13 21:34:41 [ERA5] progress=7,454/88,396 (8.43%) | new=9.38 GiB | skipped=6,140 | average=3.75 MiB/s | ETA≈43.8 h
2026-07-13 21:35:13 [ERA5] progress=7,469/88,396 (8.45%) | new=9.48 GiB | skipped=6,140 | average=3.75 MiB/s | ETA≈43.9 h
2026-07-13 21:35:44 [ERA5] progress=7,483/88,396 (8.47%) | new=9.58 GiB | skipped=6,140 | average=3.74 MiB/s | ETA≈43.9 h
2026-07-13 21:36:17 [ERA5] progress=7,497/88,396 (8.48%) | new=9.68 GiB | skipped=6,140 | average=3.73 MiB/s | ETA≈44.0 h
2026-07-13 21:36:34 [ERA5] ========================================================================
2026-07-13 21:36:34 [ERA5] Parallel raw WeatherBench2 ERA5 downloader
2026-07-13 21:36:34 [ERA5] Period: 1979–2022
2026-07-13 21:36:34 [ERA5] Workers: 32
2026-07-13 21:36:34 [ERA5] No decompression or recompression
2026-07-13 21:36:34 [ERA5] ========================================================================
2026-07-13 21:36:34 [ERA5] Opening remote metadata
2026-07-13 21:37:00 [ERA5] Selected time indices: 29,220..93,503
2026-07-13 21:37:00 [ERA5] Selected timestamps: 64,284
2026-07-13 21:37:00 [ERA5] Copying Zarr metadata and coordinates
2026-07-13 21:37:01 [ERA5] metadata 1/39: .zgroup | exists | 24.00 B
2026-07-13 21:37:01 [ERA5] metadata 2/39: .zattrs | exists | 2.00 B
2026-07-13 21:37:01 [ERA5] metadata 3/39: .zarray | exists | 320.00 B
2026-07-13 21:37:01 [ERA5] metadata 4/39: .zattrs | exists | 129.00 B
2026-07-13 21:37:01 [ERA5] metadata 5/39: 0 | exists | 3.25 KiB
2026-07-13 21:37:01 [ERA5] metadata 6/39: 1 | exists | 3.29 KiB
2026-07-13 21:37:01 [ERA5] metadata 7/39: 2 | exists | 3.00 KiB
2026-07-13 21:37:01 [ERA5] metadata 8/39: 3 | exists | 3.29 KiB
2026-07-13 21:37:01 [ERA5] metadata 9/39: .zarray | exists | 314.00 B
2026-07-13 21:37:01 [ERA5] metadata 10/39: .zattrs | exists | 52.00 B
2026-07-13 21:37:01 [ERA5] metadata 11/39: 0 | exists | 120.00 B
2026-07-13 21:37:01 [ERA5] metadata 12/39: .zarray | exists | 317.00 B
2026-07-13 21:37:01 [ERA5] metadata 13/39: .zattrs | exists | 56.00 B
2026-07-13 21:37:01 [ERA5] metadata 14/39: 0 | exists | 845.00 B
2026-07-13 21:37:01 [ERA5] metadata 15/39: .zarray | exists | 317.00 B
2026-07-13 21:37:01 [ERA5] metadata 16/39: .zattrs | exists | 55.00 B
2026-07-13 21:37:01 [ERA5] metadata 17/39: 0 | exists | 528.00 B
2026-07-13 21:37:01 [ERA5] metadata 18/39: .zarray | exists | 393.00 B
2026-07-13 21:37:01 [ERA5] metadata 19/39: .zattrs | exists | 229.00 B
2026-07-13 21:37:01 [ERA5] metadata 20/39: .zarray | exists | 393.00 B
2026-07-13 21:37:01 [ERA5] metadata 21/39: .zattrs | exists | 222.00 B
2026-07-13 21:37:01 [ERA5] metadata 22/39: .zarray | exists | 393.00 B
2026-07-13 21:37:01 [ERA5] metadata 23/39: .zattrs | exists | 238.00 B
2026-07-13 21:37:01 [ERA5] metadata 24/39: .zarray | exists | 393.00 B
2026-07-13 21:37:01 [ERA5] metadata 25/39: .zattrs | exists | 234.00 B
2026-07-13 21:37:01 [ERA5] metadata 26/39: .zarray | exists | 393.00 B
2026-07-13 21:37:01 [ERA5] metadata 27/39: .zattrs | exists | 235.00 B
2026-07-13 21:37:01 [ERA5] metadata 28/39: .zarray | exists | 369.00 B
2026-07-13 21:37:01 [ERA5] metadata 29/39: .zattrs | exists | 175.00 B
2026-07-13 21:37:01 [ERA5] metadata 30/39: .zarray | exists | 369.00 B
2026-07-13 21:37:01 [ERA5] metadata 31/39: .zattrs | exists | 187.00 B
2026-07-13 21:37:01 [ERA5] metadata 32/39: .zarray | exists | 369.00 B
2026-07-13 21:37:01 [ERA5] metadata 33/39: .zattrs | exists | 187.00 B
2026-07-13 21:37:01 [ERA5] metadata 34/39: .zarray | exists | 369.00 B
2026-07-13 21:37:01 [ERA5] metadata 35/39: .zattrs | exists | 235.00 B
2026-07-13 21:37:01 [ERA5] metadata 36/39: .zarray | exists | 369.00 B
2026-07-13 21:37:01 [ERA5] metadata 37/39: .zattrs | exists | 217.00 B
2026-07-13 21:37:01 [ERA5] metadata 38/39: .zarray | exists | 369.00 B
2026-07-13 21:37:01 [ERA5] metadata 39/39: .zattrs | exists | 174.00 B
2026-07-13 21:37:04 [ERA5] geopotential: source chunks 3652..11687 | objects=8,036
2026-07-13 21:37:05 [ERA5] temperature: source chunks 3652..11687 | objects=8,036
2026-07-13 21:37:05 [ERA5] specific_humidity: source chunks 3652..11687 | objects=8,036
2026-07-13 21:37:05 [ERA5] u_component_of_wind: source chunks 3652..11687 | objects=8,036
2026-07-13 21:37:07 [ERA5] v_component_of_wind: source chunks 3652..11687 | objects=8,036
2026-07-13 21:37:08 [ERA5] 2m_temperature: source chunks 3652..11687 | objects=8,036
2026-07-13 21:37:08 [ERA5] 10m_u_component_of_wind: source chunks 3652..11687 | objects=8,036
2026-07-13 21:37:08 [ERA5] 10m_v_component_of_wind: source chunks 3652..11687 | objects=8,036
2026-07-13 21:37:10 [ERA5] mean_sea_level_pressure: source chunks 3652..11687 | objects=8,036
2026-07-13 21:37:10 [ERA5] surface_pressure: source chunks 3652..11687 | objects=8,036
2026-07-13 21:37:11 [ERA5] total_precipitation_6hr: source chunks 3652..11687 | objects=8,036
2026-07-13 21:37:11 [ERA5] Starting raw-object copy with 32 workers
2026-07-13 21:37:11 [ERA5] Total ERA5 chunk objects: 88,396
2026-07-13 21:37:11 [ERA5] Destination: /home/tahiti/ConserveFM/data/ERA5_WeatherBench2_1979_2022
2026-07-13 21:37:11 [ERA5] progress=79/88,396 (0.09%) | new=0.00 B | skipped=79 | average=0.00 B/s | ETA≈0.0 h
2026-07-13 21:37:43 [ERA5] progress=7,517/88,396 (8.50%) | new=131.80 MiB | skipped=7,499 | average=4.11 MiB/s | ETA≈40.1 h
2026-07-13 21:38:14 [ERA5] progress=7,536/88,396 (8.53%) | new=270.83 MiB | skipped=7,499 | average=4.27 MiB/s | ETA≈38.5 h
2026-07-13 21:38:45 [ERA5] progress=7,554/88,396 (8.55%) | new=402.32 MiB | skipped=7,499 | average=4.30 MiB/s | ETA≈38.2 h
2026-07-13 21:39:16 [ERA5] progress=7,570/88,396 (8.56%) | new=519.07 MiB | skipped=7,499 | average=4.15 MiB/s | ETA≈39.6 h
2026-07-13 21:39:47 [ERA5] progress=7,587/88,396 (8.58%) | new=643.14 MiB | skipped=7,499 | average=4.13 MiB/s | ETA≈39.7 h
2026-07-13 21:40:19 [ERA5] progress=7,605/88,396 (8.60%) | new=774.76 MiB | skipped=7,499 | average=4.12 MiB/s | ETA≈39.8 h
2026-07-13 21:40:49 [ERA5] progress=7,624/88,396 (8.62%) | new=913.96 MiB | skipped=7,499 | average=4.20 MiB/s | ETA≈39.1 h
2026-07-13 21:41:20 [ERA5] progress=7,640/88,396 (8.64%) | new=1.01 GiB | skipped=7,499 | average=4.15 MiB/s | ETA≈39.5 h
2026-07-13 21:41:51 [ERA5] progress=7,656/88,396 (8.66%) | new=1.12 GiB | skipped=7,499 | average=4.11 MiB/s | ETA≈39.9 h
2026-07-13 21:42:21 [ERA5] progress=7,672/88,396 (8.68%) | new=1.24 GiB | skipped=7,499 | average=4.08 MiB/s | ETA≈40.2 h
2026-07-13 21:42:52 [ERA5] progress=7,690/88,396 (8.70%) | new=1.36 GiB | skipped=7,499 | average=4.10 MiB/s | ETA≈40.0 h
2026-07-13 21:43:23 [ERA5] progress=7,705/88,396 (8.72%) | new=1.47 GiB | skipped=7,499 | average=4.06 MiB/s | ETA≈40.4 h
2026-07-13 21:43:53 [ERA5] progress=7,721/88,396 (8.73%) | new=1.59 GiB | skipped=7,499 | average=4.04 MiB/s | ETA≈40.5 h
2026-07-13 21:44:23 [ERA5] progress=7,740/88,396 (8.76%) | new=1.72 GiB | skipped=7,499 | average=4.08 MiB/s | ETA≈40.2 h
2026-07-13 21:44:54 [ERA5] progress=7,754/88,396 (8.77%) | new=1.82 GiB | skipped=7,499 | average=4.03 MiB/s | ETA≈40.7 h
2026-07-13 21:45:25 [ERA5] progress=7,769/88,396 (8.79%) | new=1.93 GiB | skipped=7,499 | average=4.00 MiB/s | ETA≈40.9 h
2026-07-13 21:45:55 [ERA5] progress=7,787/88,396 (8.81%) | new=2.06 GiB | skipped=7,499 | average=4.02 MiB/s | ETA≈40.8 h
2026-07-13 21:46:27 [ERA5] progress=7,807/88,396 (8.83%) | new=2.20 GiB | skipped=7,499 | average=4.05 MiB/s | ETA≈40.4 h
2026-07-13 21:47:00 [ERA5] progress=7,827/88,396 (8.85%) | new=2.34 GiB | skipped=7,499 | average=4.07 MiB/s | ETA≈40.2 h
2026-07-13 21:47:31 [ERA5] progress=7,844/88,396 (8.87%) | new=2.46 GiB | skipped=7,499 | average=4.07 MiB/s | ETA≈40.2 h
2026-07-13 21:48:01 [ERA5] progress=7,862/88,396 (8.89%) | new=2.59 GiB | skipped=7,499 | average=4.08 MiB/s | ETA≈40.1 h
2026-07-13 21:48:31 [ERA5] progress=7,880/88,396 (8.91%) | new=2.72 GiB | skipped=7,499 | average=4.10 MiB/s | ETA≈39.9 h
2026-07-13 21:49:03 [ERA5] progress=7,895/88,396 (8.93%) | new=2.83 GiB | skipped=7,499 | average=4.07 MiB/s | ETA≈40.2 h
2026-07-13 21:49:34 [ERA5] progress=7,914/88,396 (8.95%) | new=2.96 GiB | skipped=7,499 | average=4.08 MiB/s | ETA≈40.0 h
2026-07-13 21:50:05 [ERA5] progress=7,933/88,396 (8.97%) | new=3.10 GiB | skipped=7,499 | average=4.10 MiB/s | ETA≈39.9 h
2026-07-13 21:50:37 [ERA5] progress=7,954/88,396 (9.00%) | new=3.25 GiB | skipped=7,499 | average=4.13 MiB/s | ETA≈39.6 h
2026-07-13 21:51:08 [ERA5] progress=7,972/88,396 (9.02%) | new=3.38 GiB | skipped=7,499 | average=4.13 MiB/s | ETA≈39.5 h
2026-07-13 21:51:39 [ERA5] progress=7,989/88,396 (9.04%) | new=3.50 GiB | skipped=7,499 | average=4.13 MiB/s | ETA≈39.6 h
2026-07-13 21:52:10 [ERA5] progress=8,011/88,396 (9.06%) | new=3.66 GiB | skipped=7,499 | average=4.16 MiB/s | ETA≈39.2 h
2026-07-13 21:52:42 [ERA5] progress=8,030/88,396 (9.08%) | new=3.80 GiB | skipped=7,499 | average=4.18 MiB/s | ETA≈39.1 h
2026-07-13 21:53:12 [ERA5] progress=8,056/88,396 (9.11%) | new=3.98 GiB | skipped=7,499 | average=4.25 MiB/s | ETA≈38.5 h
2026-07-13 21:53:43 [ERA5] progress=8,076/88,396 (9.14%) | new=4.13 GiB | skipped=7,499 | average=4.26 MiB/s | ETA≈38.4 h
2026-07-13 21:54:14 [ERA5] progress=8,094/88,396 (9.16%) | new=4.26 GiB | skipped=7,499 | average=4.26 MiB/s | ETA≈38.4 h
2026-07-13 21:54:46 [ERA5] progress=8,112/88,396 (9.18%) | new=4.39 GiB | skipped=7,499 | average=4.26 MiB/s | ETA≈38.4 h
2026-07-13 21:55:16 [ERA5] progress=8,129/88,396 (9.20%) | new=4.52 GiB | skipped=7,499 | average=4.26 MiB/s | ETA≈38.4 h
2026-07-13 21:55:48 [ERA5] progress=8,147/88,396 (9.22%) | new=4.65 GiB | skipped=7,499 | average=4.26 MiB/s | ETA≈38.4 h
2026-07-13 21:56:18 [ERA5] progress=8,166/88,396 (9.24%) | new=4.78 GiB | skipped=7,499 | average=4.27 MiB/s | ETA≈38.3 h
2026-07-13 21:56:48 [ERA5] progress=8,185/88,396 (9.26%) | new=4.92 GiB | skipped=7,499 | average=4.28 MiB/s | ETA≈38.2 h
2026-07-13 21:57:19 [ERA5] progress=8,205/88,396 (9.28%) | new=5.07 GiB | skipped=7,499 | average=4.30 MiB/s | ETA≈38.1 h
2026-07-13 21:57:50 [ERA5] progress=8,224/88,396 (9.30%) | new=5.21 GiB | skipped=7,499 | average=4.31 MiB/s | ETA≈38.0 h
2026-07-13 21:58:23 [ERA5] progress=8,244/88,396 (9.33%) | new=5.35 GiB | skipped=7,499 | average=4.31 MiB/s | ETA≈38.0 h
2026-07-13 21:58:53 [ERA5] progress=8,263/88,396 (9.35%) | new=5.49 GiB | skipped=7,499 | average=4.32 MiB/s | ETA≈37.9 h
2026-07-13 21:59:23 [ERA5] progress=8,281/88,396 (9.37%) | new=5.62 GiB | skipped=7,499 | average=4.32 MiB/s | ETA≈37.9 h
2026-07-13 21:59:54 [ERA5] progress=8,299/88,396 (9.39%) | new=5.75 GiB | skipped=7,499 | average=4.32 MiB/s | ETA≈37.9 h
2026-07-13 22:00:26 [ERA5] progress=8,320/88,396 (9.41%) | new=5.91 GiB | skipped=7,499 | average=4.34 MiB/s | ETA≈37.8 h
2026-07-13 22:00:56 [ERA5] progress=8,337/88,396 (9.43%) | new=6.03 GiB | skipped=7,499 | average=4.33 MiB/s | ETA≈37.8 h
2026-07-13 22:01:29 [ERA5] progress=8,356/88,396 (9.45%) | new=6.17 GiB | skipped=7,499 | average=4.33 MiB/s | ETA≈37.8 h
2026-07-13 22:01:59 [ERA5] progress=8,373/88,396 (9.47%) | new=6.29 GiB | skipped=7,499 | average=4.33 MiB/s | ETA≈37.8 h
2026-07-13 22:02:30 [ERA5] progress=8,398/88,396 (9.50%) | new=6.47 GiB | skipped=7,499 | average=4.36 MiB/s | ETA≈37.5 h
2026-07-13 22:03:03 [ERA5] progress=8,420/88,396 (9.53%) | new=6.63 GiB | skipped=7,499 | average=4.38 MiB/s | ETA≈37.4 h
2026-07-13 22:03:33 [ERA5] progress=8,441/88,396 (9.55%) | new=6.79 GiB | skipped=7,499 | average=4.39 MiB/s | ETA≈37.3 h
2026-07-13 22:04:04 [ERA5] progress=8,462/88,396 (9.57%) | new=6.94 GiB | skipped=7,499 | average=4.41 MiB/s | ETA≈37.2 h
2026-07-13 22:04:35 [ERA5] progress=8,485/88,396 (9.60%) | new=7.11 GiB | skipped=7,499 | average=4.43 MiB/s | ETA≈37.0 h
2026-07-13 22:05:06 [ERA5] progress=8,510/88,396 (9.63%) | new=7.29 GiB | skipped=7,499 | average=4.46 MiB/s | ETA≈36.8 h
2026-07-13 22:05:37 [ERA5] progress=8,533/88,396 (9.65%) | new=7.45 GiB | skipped=7,499 | average=4.47 MiB/s | ETA≈36.6 h
2026-07-13 22:06:07 [ERA5] progress=8,554/88,396 (9.68%) | new=7.61 GiB | skipped=7,499 | average=4.49 MiB/s | ETA≈36.5 h
2026-07-13 22:06:38 [ERA5] progress=8,574/88,396 (9.70%) | new=7.75 GiB | skipped=7,499 | average=4.49 MiB/s | ETA≈36.4 h
2026-07-13 22:07:09 [ERA5] progress=8,600/88,396 (9.73%) | new=7.94 GiB | skipped=7,499 | average=4.52 MiB/s | ETA≈36.2 h
2026-07-13 22:07:39 [ERA5] progress=8,621/88,396 (9.75%) | new=8.09 GiB | skipped=7,499 | average=4.53 MiB/s | ETA≈36.1 h
2026-07-13 22:08:11 [ERA5] progress=8,643/88,396 (9.78%) | new=8.25 GiB | skipped=7,499 | average=4.54 MiB/s | ETA≈36.0 h
2026-07-13 22:08:42 [ERA5] progress=8,663/88,396 (9.80%) | new=8.40 GiB | skipped=7,499 | average=4.55 MiB/s | ETA≈36.0 h
2026-07-13 22:09:13 [ERA5] progress=8,683/88,396 (9.82%) | new=8.55 GiB | skipped=7,499 | average=4.55 MiB/s | ETA≈36.0 h
2026-07-13 22:09:44 [ERA5] progress=8,703/88,396 (9.85%) | new=8.69 GiB | skipped=7,499 | average=4.56 MiB/s | ETA≈35.9 h
2026-07-13 22:10:16 [ERA5] progress=8,726/88,396 (9.87%) | new=8.86 GiB | skipped=7,499 | average=4.57 MiB/s | ETA≈35.8 h
2026-07-13 22:10:47 [ERA5] progress=8,750/88,396 (9.90%) | new=9.03 GiB | skipped=7,499 | average=4.59 MiB/s | ETA≈35.7 h
2026-07-13 22:11:18 [ERA5] progress=8,773/88,396 (9.92%) | new=9.20 GiB | skipped=7,499 | average=4.60 MiB/s | ETA≈35.5 h
2026-07-13 22:11:49 [ERA5] progress=8,796/88,396 (9.95%) | new=9.37 GiB | skipped=7,499 | average=4.62 MiB/s | ETA≈35.4 h
2026-07-13 22:12:19 [ERA5] progress=8,818/88,396 (9.98%) | new=9.53 GiB | skipped=7,499 | average=4.63 MiB/s | ETA≈35.3 h
2026-07-13 22:12:49 [ERA5] progress=8,839/88,396 (10.00%) | new=9.68 GiB | skipped=7,499 | average=4.64 MiB/s | ETA≈35.3 h
2026-07-13 22:13:20 [ERA5] progress=8,863/88,396 (10.03%) | new=9.85 GiB | skipped=7,499 | average=4.65 MiB/s | ETA≈35.1 h
2026-07-13 22:13:51 [ERA5] progress=8,890/88,396 (10.06%) | new=10.05 GiB | skipped=7,499 | average=4.68 MiB/s | ETA≈34.9 h
2026-07-13 22:14:23 [ERA5] progress=8,914/88,396 (10.08%) | new=10.23 GiB | skipped=7,499 | average=4.69 MiB/s | ETA≈34.8 h
2026-07-13 22:14:55 [ERA5] progress=8,938/88,396 (10.11%) | new=10.40 GiB | skipped=7,499 | average=4.70 MiB/s | ETA≈34.7 h
2026-07-13 22:15:26 [ERA5] progress=8,960/88,396 (10.14%) | new=10.56 GiB | skipped=7,499 | average=4.71 MiB/s | ETA≈34.7 h
2026-07-13 22:15:58 [ERA5] progress=8,982/88,396 (10.16%) | new=10.72 GiB | skipped=7,499 | average=4.72 MiB/s | ETA≈34.6 h
2026-07-13 22:16:29 [ERA5] progress=9,003/88,396 (10.18%) | new=10.87 GiB | skipped=7,499 | average=4.72 MiB/s | ETA≈34.6 h
2026-07-13 22:17:02 [ERA5] progress=9,028/88,396 (10.21%) | new=11.05 GiB | skipped=7,499 | average=4.73 MiB/s | ETA≈34.5 h
2026-07-13 22:17:32 [ERA5] progress=9,052/88,396 (10.24%) | new=11.23 GiB | skipped=7,499 | average=4.75 MiB/s | ETA≈34.4 h
2026-07-13 22:18:04 [ERA5] progress=9,074/88,396 (10.27%) | new=11.39 GiB | skipped=7,499 | average=4.75 MiB/s | ETA≈34.3 h
2026-07-13 22:18:34 [ERA5] progress=9,093/88,396 (10.29%) | new=11.53 GiB | skipped=7,499 | average=4.75 MiB/s | ETA≈34.3 h
2026-07-13 22:19:05 [ERA5] progress=9,115/88,396 (10.31%) | new=11.69 GiB | skipped=7,499 | average=4.76 MiB/s | ETA≈34.3 h
2026-07-13 22:19:36 [ERA5] progress=9,135/88,396 (10.33%) | new=11.83 GiB | skipped=7,499 | average=4.76 MiB/s | ETA≈34.2 h
2026-07-13 22:20:08 [ERA5] progress=9,154/88,396 (10.36%) | new=11.97 GiB | skipped=7,499 | average=4.76 MiB/s | ETA≈34.3 h
2026-07-13 22:20:38 [ERA5] progress=9,174/88,396 (10.38%) | new=12.12 GiB | skipped=7,499 | average=4.76 MiB/s | ETA≈34.3 h
2026-07-13 22:21:09 [ERA5] progress=9,194/88,396 (10.40%) | new=12.26 GiB | skipped=7,499 | average=4.76 MiB/s | ETA≈34.2 h
2026-07-13 22:21:45 [ERA5] ========================================================================
2026-07-13 22:21:45 [ERA5] Parallel raw WeatherBench2 ERA5 downloader
2026-07-13 22:21:45 [ERA5] Period: 1979–2022
2026-07-13 22:21:45 [ERA5] Workers: 32
2026-07-13 22:21:45 [ERA5] No decompression or recompression
2026-07-13 22:21:45 [ERA5] ========================================================================
2026-07-13 22:21:45 [ERA5] Opening remote metadata
2026-07-13 22:22:14 [ERA5] Selected time indices: 29,220..93,503
2026-07-13 22:22:14 [ERA5] Selected timestamps: 64,284
2026-07-13 22:22:14 [ERA5] Copying Zarr metadata and coordinates
2026-07-13 22:22:23 [ERA5] metadata 1/39: .zgroup | exists | 24.00 B
2026-07-13 22:22:23 [ERA5] metadata 2/39: .zattrs | exists | 2.00 B
2026-07-13 22:22:23 [ERA5] metadata 3/39: .zarray | exists | 320.00 B
2026-07-13 22:22:23 [ERA5] metadata 4/39: .zattrs | exists | 129.00 B
2026-07-13 22:22:23 [ERA5] metadata 5/39: 0 | exists | 3.25 KiB
2026-07-13 22:22:23 [ERA5] metadata 6/39: 1 | exists | 3.29 KiB
2026-07-13 22:22:23 [ERA5] metadata 7/39: 2 | exists | 3.00 KiB
2026-07-13 22:22:23 [ERA5] metadata 8/39: 3 | exists | 3.29 KiB
2026-07-13 22:22:23 [ERA5] metadata 9/39: .zarray | exists | 314.00 B
2026-07-13 22:22:23 [ERA5] metadata 10/39: .zattrs | exists | 52.00 B
2026-07-13 22:22:23 [ERA5] metadata 11/39: 0 | exists | 120.00 B
2026-07-13 22:22:23 [ERA5] metadata 12/39: .zarray | exists | 317.00 B
2026-07-13 22:22:23 [ERA5] metadata 13/39: .zattrs | exists | 56.00 B
2026-07-13 22:22:23 [ERA5] metadata 14/39: 0 | exists | 845.00 B
2026-07-13 22:22:23 [ERA5] metadata 15/39: .zarray | exists | 317.00 B
2026-07-13 22:22:23 [ERA5] metadata 16/39: .zattrs | exists | 55.00 B
2026-07-13 22:22:23 [ERA5] metadata 17/39: 0 | exists | 528.00 B
2026-07-13 22:22:23 [ERA5] metadata 18/39: .zarray | exists | 393.00 B
2026-07-13 22:22:23 [ERA5] metadata 19/39: .zattrs | exists | 229.00 B
2026-07-13 22:22:23 [ERA5] metadata 20/39: .zarray | exists | 393.00 B
2026-07-13 22:22:23 [ERA5] metadata 21/39: .zattrs | exists | 222.00 B
2026-07-13 22:22:23 [ERA5] metadata 22/39: .zarray | exists | 393.00 B
2026-07-13 22:22:23 [ERA5] metadata 23/39: .zattrs | exists | 238.00 B
2026-07-13 22:22:23 [ERA5] metadata 24/39: .zarray | exists | 393.00 B
2026-07-13 22:22:23 [ERA5] metadata 25/39: .zattrs | exists | 234.00 B
2026-07-13 22:22:23 [ERA5] metadata 26/39: .zarray | exists | 393.00 B
2026-07-13 22:22:23 [ERA5] metadata 27/39: .zattrs | exists | 235.00 B
2026-07-13 22:22:23 [ERA5] metadata 28/39: .zarray | exists | 369.00 B
2026-07-13 22:22:23 [ERA5] metadata 29/39: .zattrs | exists | 175.00 B
2026-07-13 22:22:23 [ERA5] metadata 30/39: .zarray | exists | 369.00 B
2026-07-13 22:22:23 [ERA5] metadata 31/39: .zattrs | exists | 187.00 B
2026-07-13 22:22:23 [ERA5] metadata 32/39: .zarray | exists | 369.00 B
2026-07-13 22:22:23 [ERA5] metadata 33/39: .zattrs | exists | 187.00 B
2026-07-13 22:22:23 [ERA5] metadata 34/39: .zarray | exists | 369.00 B
2026-07-13 22:22:23 [ERA5] metadata 35/39: .zattrs | exists | 235.00 B
2026-07-13 22:22:23 [ERA5] metadata 36/39: .zarray | exists | 369.00 B
2026-07-13 22:22:23 [ERA5] metadata 37/39: .zattrs | exists | 217.00 B
2026-07-13 22:22:23 [ERA5] metadata 38/39: .zarray | exists | 369.00 B
2026-07-13 22:22:23 [ERA5] metadata 39/39: .zattrs | exists | 174.00 B
2026-07-13 22:22:23 [ERA5] geopotential: source chunks 3652..11687 | objects=8,036
2026-07-13 22:22:24 [ERA5] temperature: source chunks 3652..11687 | objects=8,036
2026-07-13 22:22:24 [ERA5] specific_humidity: source chunks 3652..11687 | objects=8,036
2026-07-13 22:22:25 [ERA5] u_component_of_wind: source chunks 3652..11687 | objects=8,036
2026-07-13 22:22:25 [ERA5] v_component_of_wind: source chunks 3652..11687 | objects=8,036
2026-07-13 22:22:25 [ERA5] 2m_temperature: source chunks 3652..11687 | objects=8,036
2026-07-13 22:22:26 [ERA5] 10m_u_component_of_wind: source chunks 3652..11687 | objects=8,036
2026-07-13 22:22:26 [ERA5] 10m_v_component_of_wind: source chunks 3652..11687 | objects=8,036
2026-07-13 22:22:26 [ERA5] mean_sea_level_pressure: source chunks 3652..11687 | objects=8,036
2026-07-13 22:22:26 [ERA5] surface_pressure: source chunks 3652..11687 | objects=8,036
2026-07-13 22:22:27 [ERA5] total_precipitation_6hr: source chunks 3652..11687 | objects=8,036
2026-07-13 22:22:27 [ERA5] Starting raw-object copy with 32 workers
2026-07-13 22:22:27 [ERA5] Total ERA5 chunk objects: 88,396
2026-07-13 22:22:27 [ERA5] Destination: /home/tahiti/ConserveFM/data/ERA5_WeatherBench2_1979_2022
2026-07-13 22:22:27 [ERA5] progress=87/88,396 (0.10%) | new=0.00 B | skipped=87 | average=0.00 B/s | ETA≈0.0 h
2026-07-13 22:22:58 [ERA5] progress=9,229/88,396 (10.44%) | new=141.25 MiB | skipped=9,210 | average=4.52 MiB/s | ETA≈36.1 h
2026-07-13 22:23:28 [ERA5] progress=9,248/88,396 (10.46%) | new=282.84 MiB | skipped=9,210 | average=4.58 MiB/s | ETA≈35.7 h
2026-07-13 22:23:59 [ERA5] progress=9,268/88,396 (10.48%) | new=431.80 MiB | skipped=9,210 | average=4.68 MiB/s | ETA≈34.9 h
2026-07-13 22:24:29 [ERA5] progress=9,286/88,396 (10.51%) | new=565.50 MiB | skipped=9,210 | average=4.61 MiB/s | ETA≈35.5 h
2026-07-13 22:25:02 [ERA5] progress=9,304/88,396 (10.53%) | new=699.49 MiB | skipped=9,210 | average=4.50 MiB/s | ETA≈36.4 h
2026-07-13 22:25:33 [ERA5] progress=9,321/88,396 (10.54%) | new=826.50 MiB | skipped=9,210 | average=4.44 MiB/s | ETA≈36.8 h
2026-07-13 22:26:03 [ERA5] progress=9,340/88,396 (10.57%) | new=968.51 MiB | skipped=9,210 | average=4.48 MiB/s | ETA≈36.5 h
2026-07-13 22:26:33 [ERA5] progress=9,357/88,396 (10.59%) | new=1.07 GiB | skipped=9,210 | average=4.45 MiB/s | ETA≈36.8 h
2026-07-13 22:27:04 [ERA5] progress=9,376/88,396 (10.61%) | new=1.21 GiB | skipped=9,210 | average=4.46 MiB/s | ETA≈36.6 h
2026-07-13 22:27:36 [ERA5] progress=9,397/88,396 (10.63%) | new=1.36 GiB | skipped=9,210 | average=4.51 MiB/s | ETA≈36.2 h
2026-07-13 22:28:07 [ERA5] progress=9,417/88,396 (10.65%) | new=1.51 GiB | skipped=9,210 | average=4.53 MiB/s | ETA≈36.0 h
2026-07-13 22:28:39 [ERA5] progress=9,437/88,396 (10.68%) | new=1.65 GiB | skipped=9,210 | average=4.54 MiB/s | ETA≈36.0 h
2026-07-13 22:29:09 [ERA5] progress=9,453/88,396 (10.69%) | new=1.77 GiB | skipped=9,210 | average=4.50 MiB/s | ETA≈36.3 h
2026-07-13 22:29:39 [ERA5] progress=9,470/88,396 (10.71%) | new=1.89 GiB | skipped=9,210 | average=4.47 MiB/s | ETA≈36.5 h
2026-07-13 22:30:11 [ERA5] progress=9,490/88,396 (10.74%) | new=2.04 GiB | skipped=9,210 | average=4.49 MiB/s | ETA≈36.3 h
2026-07-13 22:30:43 [ERA5] progress=9,509/88,396 (10.76%) | new=2.17 GiB | skipped=9,210 | average=4.49 MiB/s | ETA≈36.3 h
2026-07-13 22:31:13 [ERA5] progress=9,528/88,396 (10.78%) | new=2.31 GiB | skipped=9,210 | average=4.50 MiB/s | ETA≈36.3 h
2026-07-13 22:31:44 [ERA5] progress=9,547/88,396 (10.80%) | new=2.45 GiB | skipped=9,210 | average=4.50 MiB/s | ETA≈36.2 h
2026-07-13 22:32:15 [ERA5] progress=9,566/88,396 (10.82%) | new=2.59 GiB | skipped=9,210 | average=4.51 MiB/s | ETA≈36.2 h
2026-07-13 22:32:47 [ERA5] progress=9,591/88,396 (10.85%) | new=2.77 GiB | skipped=9,210 | average=4.58 MiB/s | ETA≈35.6 h
2026-07-13 22:33:19 [ERA5] progress=9,611/88,396 (10.87%) | new=2.92 GiB | skipped=9,210 | average=4.58 MiB/s | ETA≈35.6 h
2026-07-13 22:33:49 [ERA5] progress=9,634/88,396 (10.90%) | new=3.08 GiB | skipped=9,210 | average=4.63 MiB/s | ETA≈35.2 h
2026-07-13 22:34:20 [ERA5] progress=9,656/88,396 (10.92%) | new=3.24 GiB | skipped=9,210 | average=4.66 MiB/s | ETA≈35.0 h
2026-07-13 22:34:52 [ERA5] progress=9,679/88,396 (10.95%) | new=3.41 GiB | skipped=9,210 | average=4.69 MiB/s | ETA≈34.7 h
2026-07-13 22:35:23 [ERA5] progress=9,697/88,396 (10.97%) | new=3.54 GiB | skipped=9,210 | average=4.67 MiB/s | ETA≈34.8 h
2026-07-13 22:35:54 [ERA5] progress=9,717/88,396 (10.99%) | new=3.69 GiB | skipped=9,210 | average=4.68 MiB/s | ETA≈34.8 h
2026-07-13 22:36:26 [ERA5] progress=9,739/88,396 (11.02%) | new=3.85 GiB | skipped=9,210 | average=4.70 MiB/s | ETA≈34.7 h
2026-07-13 22:36:56 [ERA5] progress=9,759/88,396 (11.04%) | new=3.99 GiB | skipped=9,210 | average=4.70 MiB/s | ETA≈34.6 h
2026-07-13 22:37:28 [ERA5] progress=9,782/88,396 (11.07%) | new=4.16 GiB | skipped=9,210 | average=4.72 MiB/s | ETA≈34.4 h
2026-07-13 22:37:59 [ERA5] progress=9,803/88,396 (11.09%) | new=4.31 GiB | skipped=9,210 | average=4.74 MiB/s | ETA≈34.3 h
2026-07-13 22:38:31 [ERA5] progress=9,823/88,396 (11.11%) | new=4.46 GiB | skipped=9,210 | average=4.74 MiB/s | ETA≈34.3 h
2026-07-13 22:39:02 [ERA5] progress=9,845/88,396 (11.14%) | new=4.62 GiB | skipped=9,210 | average=4.75 MiB/s | ETA≈34.2 h
2026-07-13 22:39:34 [ERA5] progress=9,867/88,396 (11.16%) | new=4.78 GiB | skipped=9,210 | average=4.76 MiB/s | ETA≈34.1 h
2026-07-13 22:40:06 [ERA5] progress=9,888/88,396 (11.19%) | new=4.93 GiB | skipped=9,210 | average=4.77 MiB/s | ETA≈34.1 h
2026-07-13 22:40:38 [ERA5] progress=9,911/88,396 (11.21%) | new=5.10 GiB | skipped=9,210 | average=4.78 MiB/s | ETA≈33.9 h
2026-07-13 22:41:10 [ERA5] progress=9,936/88,396 (11.24%) | new=5.28 GiB | skipped=9,210 | average=4.82 MiB/s | ETA≈33.7 h
2026-07-13 22:41:40 [ERA5] progress=9,957/88,396 (11.26%) | new=5.43 GiB | skipped=9,210 | average=4.82 MiB/s | ETA≈33.6 h
2026-07-13 22:42:12 [ERA5] progress=9,981/88,396 (11.29%) | new=5.61 GiB | skipped=9,210 | average=4.84 MiB/s | ETA≈33.5 h
2026-07-13 22:42:42 [ERA5] progress=10,003/88,396 (11.32%) | new=5.77 GiB | skipped=9,210 | average=4.86 MiB/s | ETA≈33.4 h
2026-07-13 22:43:13 [ERA5] progress=10,024/88,396 (11.34%) | new=5.92 GiB | skipped=9,210 | average=4.86 MiB/s | ETA≈33.3 h
2026-07-13 22:43:44 [ERA5] progress=10,044/88,396 (11.36%) | new=6.07 GiB | skipped=9,210 | average=4.86 MiB/s | ETA≈33.3 h
2026-07-13 22:44:16 [ERA5] progress=10,069/88,396 (11.39%) | new=6.25 GiB | skipped=9,210 | average=4.89 MiB/s | ETA≈33.2 h
2026-07-13 22:44:47 [ERA5] progress=10,092/88,396 (11.42%) | new=6.42 GiB | skipped=9,210 | average=4.90 MiB/s | ETA≈33.1 h
2026-07-13 22:45:19 [ERA5] progress=10,113/88,396 (11.44%) | new=6.57 GiB | skipped=9,210 | average=4.90 MiB/s | ETA≈33.1 h
2026-07-13 22:45:51 [ERA5] progress=10,138/88,396 (11.47%) | new=6.75 GiB | skipped=9,210 | average=4.92 MiB/s | ETA≈32.9 h
2026-07-13 22:46:21 [ERA5] progress=10,160/88,396 (11.49%) | new=6.91 GiB | skipped=9,210 | average=4.93 MiB/s | ETA≈32.8 h
2026-07-13 22:46:52 [ERA5] progress=10,182/88,396 (11.52%) | new=7.07 GiB | skipped=9,210 | average=4.94 MiB/s | ETA≈32.8 h
2026-07-13 22:47:23 [ERA5] progress=10,202/88,396 (11.54%) | new=7.22 GiB | skipped=9,210 | average=4.94 MiB/s | ETA≈32.8 h
2026-07-13 22:47:53 [ERA5] progress=10,223/88,396 (11.57%) | new=7.37 GiB | skipped=9,210 | average=4.94 MiB/s | ETA≈32.7 h
2026-07-13 22:48:24 [ERA5] progress=10,245/88,396 (11.59%) | new=7.53 GiB | skipped=9,210 | average=4.95 MiB/s | ETA≈32.7 h
2026-07-13 22:48:54 [ERA5] progress=10,265/88,396 (11.61%) | new=7.67 GiB | skipped=9,210 | average=4.95 MiB/s | ETA≈32.7 h
2026-07-13 22:49:25 [ERA5] progress=10,287/88,396 (11.64%) | new=7.83 GiB | skipped=9,210 | average=4.96 MiB/s | ETA≈32.6 h
2026-07-13 22:49:57 [ERA5] progress=10,309/88,396 (11.66%) | new=7.99 GiB | skipped=9,210 | average=4.96 MiB/s | ETA≈32.6 h
2026-07-13 22:50:28 [ERA5] progress=10,329/88,396 (11.68%) | new=8.14 GiB | skipped=9,210 | average=4.96 MiB/s | ETA≈32.6 h
2026-07-13 22:51:00 [ERA5] progress=10,350/88,396 (11.71%) | new=8.29 GiB | skipped=9,210 | average=4.96 MiB/s | ETA≈32.6 h
2026-07-13 22:51:31 [ERA5] progress=10,370/88,396 (11.73%) | new=8.44 GiB | skipped=9,210 | average=4.95 MiB/s | ETA≈32.6 h
2026-07-13 22:52:02 [ERA5] progress=10,392/88,396 (11.76%) | new=8.60 GiB | skipped=9,210 | average=4.96 MiB/s | ETA≈32.5 h
2026-07-13 22:52:33 [ERA5] progress=10,412/88,396 (11.78%) | new=8.74 GiB | skipped=9,210 | average=4.96 MiB/s | ETA≈32.5 h
2026-07-13 22:53:05 [ERA5] progress=10,431/88,396 (11.80%) | new=8.88 GiB | skipped=9,210 | average=4.95 MiB/s | ETA≈32.6 h
2026-07-13 22:53:36 [ERA5] progress=10,450/88,396 (11.82%) | new=9.02 GiB | skipped=9,210 | average=4.94 MiB/s | ETA≈32.6 h
2026-07-13 22:54:06 [ERA5] progress=10,469/88,396 (11.84%) | new=9.16 GiB | skipped=9,210 | average=4.94 MiB/s | ETA≈32.7 h
2026-07-13 22:54:38 [ERA5] progress=10,487/88,396 (11.86%) | new=9.29 GiB | skipped=9,210 | average=4.93 MiB/s | ETA≈32.7 h
2026-07-13 22:55:08 [ERA5] progress=10,510/88,396 (11.89%) | new=9.46 GiB | skipped=9,210 | average=4.94 MiB/s | ETA≈32.6 h
2026-07-13 22:55:40 [ERA5] progress=10,530/88,396 (11.91%) | new=9.60 GiB | skipped=9,210 | average=4.93 MiB/s | ETA≈32.7 h
2026-07-13 22:56:10 [ERA5] progress=10,551/88,396 (11.94%) | new=9.76 GiB | skipped=9,210 | average=4.94 MiB/s | ETA≈32.6 h
2026-07-13 22:56:42 [ERA5] progress=10,573/88,396 (11.96%) | new=9.92 GiB | skipped=9,210 | average=4.94 MiB/s | ETA≈32.6 h
2026-07-13 22:57:13 [ERA5] progress=10,591/88,396 (11.98%) | new=10.05 GiB | skipped=9,210 | average=4.93 MiB/s | ETA≈32.6 h
2026-07-13 22:57:44 [ERA5] progress=10,614/88,396 (12.01%) | new=10.22 GiB | skipped=9,210 | average=4.94 MiB/s | ETA≈32.6 h
2026-07-13 22:58:15 [ERA5] progress=10,637/88,396 (12.03%) | new=10.38 GiB | skipped=9,210 | average=4.95 MiB/s | ETA≈32.5 h
2026-07-13 22:58:46 [ERA5] progress=10,660/88,396 (12.06%) | new=10.55 GiB | skipped=9,210 | average=4.96 MiB/s | ETA≈32.5 h
2026-07-13 22:59:17 [ERA5] progress=10,685/88,396 (12.09%) | new=10.73 GiB | skipped=9,210 | average=4.97 MiB/s | ETA≈32.4 h
2026-07-13 22:59:50 [ERA5] progress=10,710/88,396 (12.12%) | new=10.91 GiB | skipped=9,210 | average=4.98 MiB/s | ETA≈32.3 h
2026-07-13 23:00:20 [ERA5] progress=10,735/88,396 (12.14%) | new=11.10 GiB | skipped=9,210 | average=5.00 MiB/s | ETA≈32.2 h
2026-07-13 23:00:52 [ERA5] progress=10,760/88,396 (12.17%) | new=11.28 GiB | skipped=9,210 | average=5.01 MiB/s | ETA≈32.1 h
2026-07-13 23:01:22 [ERA5] progress=10,784/88,396 (12.20%) | new=11.45 GiB | skipped=9,210 | average=5.02 MiB/s | ETA≈32.0 h
2026-07-13 23:01:52 [ERA5] progress=10,808/88,396 (12.23%) | new=11.63 GiB | skipped=9,210 | average=5.03 MiB/s | ETA≈31.9 h
2026-07-13 23:02:23 [ERA5] progress=10,830/88,396 (12.25%) | new=11.79 GiB | skipped=9,210 | average=5.04 MiB/s | ETA≈31.9 h
2026-07-13 23:02:53 [ERA5] progress=10,852/88,396 (12.28%) | new=11.95 GiB | skipped=9,210 | average=5.04 MiB/s | ETA≈31.8 h
2026-07-13 23:03:25 [ERA5] progress=10,875/88,396 (12.30%) | new=12.11 GiB | skipped=9,210 | average=5.05 MiB/s | ETA≈31.8 h
2026-07-13 23:03:56 [ERA5] progress=10,898/88,396 (12.33%) | new=12.28 GiB | skipped=9,210 | average=5.05 MiB/s | ETA≈31.7 h
2026-07-13 23:04:29 [ERA5] progress=10,922/88,396 (12.36%) | new=12.46 GiB | skipped=9,210 | average=5.06 MiB/s | ETA≈31.7 h
2026-07-13 23:05:01 [ERA5] progress=10,945/88,396 (12.38%) | new=12.62 GiB | skipped=9,210 | average=5.06 MiB/s | ETA≈31.7 h
2026-07-13 23:05:32 [ERA5] progress=10,964/88,396 (12.40%) | new=12.76 GiB | skipped=9,210 | average=5.05 MiB/s | ETA≈31.7 h
2026-07-13 23:06:03 [ERA5] progress=10,988/88,396 (12.43%) | new=12.94 GiB | skipped=9,210 | average=5.06 MiB/s | ETA≈31.6 h
2026-07-13 23:06:35 [ERA5] progress=11,012/88,396 (12.46%) | new=13.11 GiB | skipped=9,210 | average=5.07 MiB/s | ETA≈31.6 h
2026-07-13 23:06:55 [ERA5] ========================================================================
2026-07-13 23:06:55 [ERA5] Parallel raw WeatherBench2 ERA5 downloader
2026-07-13 23:06:55 [ERA5] Period: 1979–2022
2026-07-13 23:06:55 [ERA5] Workers: 32
2026-07-13 23:06:55 [ERA5] No decompression or recompression
2026-07-13 23:06:55 [ERA5] ========================================================================
2026-07-13 23:06:55 [ERA5] Opening remote metadata
2026-07-13 23:07:09 [ERA5] Selected time indices: 29,220..93,503
2026-07-13 23:07:09 [ERA5] Selected timestamps: 64,284
2026-07-13 23:07:09 [ERA5] Copying Zarr metadata and coordinates
2026-07-13 23:07:10 [ERA5] metadata 1/39: .zgroup | exists | 24.00 B
2026-07-13 23:07:10 [ERA5] metadata 2/39: .zattrs | exists | 2.00 B
2026-07-13 23:07:10 [ERA5] metadata 3/39: .zarray | exists | 320.00 B
2026-07-13 23:07:10 [ERA5] metadata 4/39: .zattrs | exists | 129.00 B
2026-07-13 23:07:10 [ERA5] metadata 5/39: 0 | exists | 3.25 KiB
2026-07-13 23:07:10 [ERA5] metadata 6/39: 1 | exists | 3.29 KiB
2026-07-13 23:07:10 [ERA5] metadata 7/39: 2 | exists | 3.00 KiB
2026-07-13 23:07:10 [ERA5] metadata 8/39: 3 | exists | 3.29 KiB
2026-07-13 23:07:10 [ERA5] metadata 9/39: .zarray | exists | 314.00 B
2026-07-13 23:07:10 [ERA5] metadata 10/39: .zattrs | exists | 52.00 B
2026-07-13 23:07:10 [ERA5] metadata 11/39: 0 | exists | 120.00 B
2026-07-13 23:07:10 [ERA5] metadata 12/39: .zarray | exists | 317.00 B
2026-07-13 23:07:10 [ERA5] metadata 13/39: .zattrs | exists | 56.00 B
2026-07-13 23:07:10 [ERA5] metadata 14/39: 0 | exists | 845.00 B
2026-07-13 23:07:10 [ERA5] metadata 15/39: .zarray | exists | 317.00 B
2026-07-13 23:07:10 [ERA5] metadata 16/39: .zattrs | exists | 55.00 B
2026-07-13 23:07:10 [ERA5] metadata 17/39: 0 | exists | 528.00 B
2026-07-13 23:07:10 [ERA5] metadata 18/39: .zarray | exists | 393.00 B
2026-07-13 23:07:10 [ERA5] metadata 19/39: .zattrs | exists | 229.00 B
2026-07-13 23:07:10 [ERA5] metadata 20/39: .zarray | exists | 393.00 B
2026-07-13 23:07:10 [ERA5] metadata 21/39: .zattrs | exists | 222.00 B
2026-07-13 23:07:10 [ERA5] metadata 22/39: .zarray | exists | 393.00 B
2026-07-13 23:07:10 [ERA5] metadata 23/39: .zattrs | exists | 238.00 B
2026-07-13 23:07:10 [ERA5] metadata 24/39: .zarray | exists | 393.00 B
2026-07-13 23:07:10 [ERA5] metadata 25/39: .zattrs | exists | 234.00 B
2026-07-13 23:07:10 [ERA5] metadata 26/39: .zarray | exists | 393.00 B
2026-07-13 23:07:10 [ERA5] metadata 27/39: .zattrs | exists | 235.00 B
2026-07-13 23:07:10 [ERA5] metadata 28/39: .zarray | exists | 369.00 B
2026-07-13 23:07:10 [ERA5] metadata 29/39: .zattrs | exists | 175.00 B
2026-07-13 23:07:10 [ERA5] metadata 30/39: .zarray | exists | 369.00 B
2026-07-13 23:07:10 [ERA5] metadata 31/39: .zattrs | exists | 187.00 B
2026-07-13 23:07:10 [ERA5] metadata 32/39: .zarray | exists | 369.00 B
2026-07-13 23:07:10 [ERA5] metadata 33/39: .zattrs | exists | 187.00 B
2026-07-13 23:07:10 [ERA5] metadata 34/39: .zarray | exists | 369.00 B
2026-07-13 23:07:10 [ERA5] metadata 35/39: .zattrs | exists | 235.00 B
2026-07-13 23:07:10 [ERA5] metadata 36/39: .zarray | exists | 369.00 B
2026-07-13 23:07:10 [ERA5] metadata 37/39: .zattrs | exists | 217.00 B
2026-07-13 23:07:10 [ERA5] metadata 38/39: .zarray | exists | 369.00 B
2026-07-13 23:07:10 [ERA5] metadata 39/39: .zattrs | exists | 174.00 B
2026-07-13 23:07:11 [ERA5] geopotential: source chunks 3652..11687 | objects=8,036
2026-07-13 23:07:12 [ERA5] temperature: source chunks 3652..11687 | objects=8,036
2026-07-13 23:07:12 [ERA5] specific_humidity: source chunks 3652..11687 | objects=8,036
2026-07-13 23:07:12 [ERA5] u_component_of_wind: source chunks 3652..11687 | objects=8,036
2026-07-13 23:07:13 [ERA5] v_component_of_wind: source chunks 3652..11687 | objects=8,036
2026-07-13 23:07:15 [ERA5] 2m_temperature: source chunks 3652..11687 | objects=8,036
2026-07-13 23:07:16 [ERA5] 10m_u_component_of_wind: source chunks 3652..11687 | objects=8,036
2026-07-13 23:07:16 [ERA5] 10m_v_component_of_wind: source chunks 3652..11687 | objects=8,036
2026-07-13 23:07:17 [ERA5] mean_sea_level_pressure: source chunks 3652..11687 | objects=8,036
2026-07-13 23:07:17 [ERA5] surface_pressure: source chunks 3652..11687 | objects=8,036
2026-07-13 23:07:17 [ERA5] total_precipitation_6hr: source chunks 3652..11687 | objects=8,036
2026-07-13 23:07:17 [ERA5] Starting raw-object copy with 32 workers
2026-07-13 23:07:17 [ERA5] Total ERA5 chunk objects: 88,396
2026-07-13 23:07:17 [ERA5] Destination: /home/tahiti/ConserveFM/data/ERA5_WeatherBench2_1979_2022
2026-07-13 23:07:17 [ERA5] progress=93/88,396 (0.11%) | new=0.00 B | skipped=93 | average=0.00 B/s | ETA≈0.0 h
2026-07-13 23:07:48 [ERA5] progress=11,044/88,396 (12.49%) | new=185.64 MiB | skipped=11,019 | average=6.16 MiB/s | ETA≈25.9 h
2026-07-13 23:08:19 [ERA5] progress=11,074/88,396 (12.53%) | new=409.14 MiB | skipped=11,019 | average=6.61 MiB/s | ETA≈24.2 h
2026-07-13 23:08:49 [ERA5] progress=11,105/88,396 (12.56%) | new=640.09 MiB | skipped=11,019 | average=6.96 MiB/s | ETA≈23.0 h
2026-07-13 23:09:21 [ERA5] progress=11,132/88,396 (12.59%) | new=841.03 MiB | skipped=11,019 | average=6.78 MiB/s | ETA≈23.6 h
2026-07-13 23:09:52 [ERA5] progress=11,158/88,396 (12.62%) | new=1.01 GiB | skipped=11,019 | average=6.69 MiB/s | ETA≈23.9 h
2026-07-13 23:10:24 [ERA5] progress=11,186/88,396 (12.65%) | new=1.21 GiB | skipped=11,019 | average=6.66 MiB/s | ETA≈24.0 h
2026-07-13 23:10:54 [ERA5] progress=11,216/88,396 (12.69%) | new=1.43 GiB | skipped=11,019 | average=6.77 MiB/s | ETA≈23.6 h
2026-07-13 23:11:25 [ERA5] progress=11,248/88,396 (12.72%) | new=1.67 GiB | skipped=11,019 | average=6.90 MiB/s | ETA≈23.1 h
2026-07-13 23:11:55 [ERA5] progress=11,278/88,396 (12.76%) | new=1.88 GiB | skipped=11,019 | average=6.95 MiB/s | ETA≈23.0 h
2026-07-13 23:12:25 [ERA5] progress=11,306/88,396 (12.79%) | new=2.09 GiB | skipped=11,019 | average=6.94 MiB/s | ETA≈23.0 h
2026-07-13 23:12:56 [ERA5] progress=11,334/88,396 (12.82%) | new=2.29 GiB | skipped=11,019 | average=6.94 MiB/s | ETA≈23.0 h
2026-07-13 23:13:27 [ERA5] progress=11,363/88,396 (12.85%) | new=2.50 GiB | skipped=11,019 | average=6.93 MiB/s | ETA≈23.0 h
2026-07-13 23:13:58 [ERA5] progress=11,392/88,396 (12.89%) | new=2.71 GiB | skipped=11,019 | average=6.94 MiB/s | ETA≈23.0 h
2026-07-13 23:14:28 [ERA5] progress=11,418/88,396 (12.92%) | new=2.90 GiB | skipped=11,019 | average=6.90 MiB/s | ETA≈23.1 h
2026-07-13 23:14:58 [ERA5] progress=11,445/88,396 (12.95%) | new=3.10 GiB | skipped=11,019 | average=6.89 MiB/s | ETA≈23.1 h
2026-07-13 23:15:29 [ERA5] progress=11,467/88,396 (12.97%) | new=3.26 GiB | skipped=11,019 | average=6.79 MiB/s | ETA≈23.4 h
2026-07-13 23:16:00 [ERA5] progress=11,493/88,396 (13.00%) | new=3.45 GiB | skipped=11,019 | average=6.76 MiB/s | ETA≈23.5 h
2026-07-13 23:16:31 [ERA5] progress=11,520/88,396 (13.03%) | new=3.65 GiB | skipped=11,019 | average=6.74 MiB/s | ETA≈23.6 h
2026-07-13 23:17:04 [ERA5] progress=11,545/88,396 (13.06%) | new=3.83 GiB | skipped=11,019 | average=6.68 MiB/s | ETA≈23.8 h
2026-07-13 23:17:36 [ERA5] progress=11,571/88,396 (13.09%) | new=4.02 GiB | skipped=11,019 | average=6.65 MiB/s | ETA≈23.9 h
2026-07-13 23:18:06 [ERA5] progress=11,598/88,396 (13.12%) | new=4.21 GiB | skipped=11,019 | average=6.65 MiB/s | ETA≈23.9 h
2026-07-13 23:18:38 [ERA5] progress=11,624/88,396 (13.15%) | new=4.40 GiB | skipped=11,019 | average=6.63 MiB/s | ETA≈24.0 h
2026-07-13 23:19:09 [ERA5] progress=11,649/88,396 (13.18%) | new=4.58 GiB | skipped=11,019 | average=6.60 MiB/s | ETA≈24.1 h
2026-07-13 23:19:39 [ERA5] progress=11,672/88,396 (13.20%) | new=4.75 GiB | skipped=11,019 | average=6.56 MiB/s | ETA≈24.2 h
2026-07-13 23:20:09 [ERA5] progress=11,697/88,396 (13.23%) | new=4.93 GiB | skipped=11,019 | average=6.55 MiB/s | ETA≈24.2 h
2026-07-13 23:20:40 [ERA5] progress=11,720/88,396 (13.26%) | new=5.10 GiB | skipped=11,019 | average=6.51 MiB/s | ETA≈24.4 h
2026-07-13 23:21:12 [ERA5] progress=11,747/88,396 (13.29%) | new=5.30 GiB | skipped=11,019 | average=6.50 MiB/s | ETA≈24.4 h
2026-07-13 23:21:45 [ERA5] progress=11,772/88,396 (13.32%) | new=5.48 GiB | skipped=11,019 | average=6.47 MiB/s | ETA≈24.5 h
2026-07-13 23:22:15 [ERA5] progress=11,797/88,396 (13.35%) | new=5.66 GiB | skipped=11,019 | average=6.46 MiB/s | ETA≈24.6 h
2026-07-13 23:22:46 [ERA5] progress=11,821/88,396 (13.37%) | new=5.84 GiB | skipped=11,019 | average=6.44 MiB/s | ETA≈24.6 h
2026-07-13 23:23:19 [ERA5] progress=11,847/88,396 (13.40%) | new=6.02 GiB | skipped=11,019 | average=6.42 MiB/s | ETA≈24.7 h
2026-07-13 23:23:51 [ERA5] progress=11,875/88,396 (13.43%) | new=6.23 GiB | skipped=11,019 | average=6.42 MiB/s | ETA≈24.7 h
2026-07-13 23:24:21 [ERA5] progress=11,900/88,396 (13.46%) | new=6.41 GiB | skipped=11,019 | average=6.42 MiB/s | ETA≈24.7 h
2026-07-13 23:24:51 [ERA5] progress=11,925/88,396 (13.49%) | new=6.59 GiB | skipped=11,019 | average=6.41 MiB/s | ETA≈24.7 h
2026-07-13 23:25:21 [ERA5] progress=11,949/88,396 (13.52%) | new=6.77 GiB | skipped=11,019 | average=6.39 MiB/s | ETA≈24.7 h
2026-07-13 23:25:52 [ERA5] progress=11,977/88,396 (13.55%) | new=6.97 GiB | skipped=11,019 | average=6.40 MiB/s | ETA≈24.7 h
2026-07-13 23:26:24 [ERA5] progress=12,001/88,396 (13.58%) | new=7.15 GiB | skipped=11,019 | average=6.38 MiB/s | ETA≈24.8 h
2026-07-13 23:26:54 [ERA5] progress=12,027/88,396 (13.61%) | new=7.33 GiB | skipped=11,019 | average=6.38 MiB/s | ETA≈24.8 h
2026-07-13 23:27:26 [ERA5] progress=12,052/88,396 (13.63%) | new=7.52 GiB | skipped=11,019 | average=6.37 MiB/s | ETA≈24.8 h
2026-07-13 23:27:57 [ERA5] progress=12,080/88,396 (13.67%) | new=7.72 GiB | skipped=11,019 | average=6.38 MiB/s | ETA≈24.8 h
2026-07-13 23:28:27 [ERA5] progress=12,104/88,396 (13.69%) | new=7.90 GiB | skipped=11,019 | average=6.37 MiB/s | ETA≈24.8 h
2026-07-13 23:28:57 [ERA5] progress=12,130/88,396 (13.72%) | new=8.08 GiB | skipped=11,019 | average=6.37 MiB/s | ETA≈24.8 h
2026-07-13 23:29:28 [ERA5] progress=12,155/88,396 (13.75%) | new=8.27 GiB | skipped=11,019 | average=6.36 MiB/s | ETA≈24.8 h
2026-07-13 23:30:00 [ERA5] progress=12,182/88,396 (13.78%) | new=8.46 GiB | skipped=11,019 | average=6.36 MiB/s | ETA≈24.8 h
2026-07-13 23:30:31 [ERA5] progress=12,209/88,396 (13.81%) | new=8.66 GiB | skipped=11,019 | average=6.36 MiB/s | ETA≈24.8 h
2026-07-13 23:31:01 [ERA5] progress=12,233/88,396 (13.84%) | new=8.83 GiB | skipped=11,019 | average=6.35 MiB/s | ETA≈24.8 h
2026-07-13 23:31:32 [ERA5] progress=12,260/88,396 (13.87%) | new=9.03 GiB | skipped=11,019 | average=6.36 MiB/s | ETA≈24.8 h
2026-07-13 23:32:03 [ERA5] progress=12,285/88,396 (13.90%) | new=9.21 GiB | skipped=11,019 | average=6.35 MiB/s | ETA≈24.8 h
2026-07-13 23:32:34 [ERA5] progress=12,311/88,396 (13.93%) | new=9.40 GiB | skipped=11,019 | average=6.35 MiB/s | ETA≈24.8 h
2026-07-13 23:33:04 [ERA5] progress=12,339/88,396 (13.96%) | new=9.61 GiB | skipped=11,019 | average=6.36 MiB/s | ETA≈24.8 h
2026-07-13 23:33:37 [ERA5] progress=12,363/88,396 (13.99%) | new=9.78 GiB | skipped=11,019 | average=6.34 MiB/s | ETA≈24.8 h
2026-07-13 23:34:07 [ERA5] progress=12,390/88,396 (14.02%) | new=9.98 GiB | skipped=11,019 | average=6.35 MiB/s | ETA≈24.8 h
2026-07-13 23:34:38 [ERA5] progress=12,417/88,396 (14.05%) | new=10.17 GiB | skipped=11,019 | average=6.35 MiB/s | ETA≈24.8 h
2026-07-13 23:35:08 [ERA5] progress=12,443/88,396 (14.08%) | new=10.36 GiB | skipped=11,019 | average=6.35 MiB/s | ETA≈24.8 h
2026-07-13 23:35:39 [ERA5] progress=12,468/88,396 (14.10%) | new=10.55 GiB | skipped=11,019 | average=6.35 MiB/s | ETA≈24.8 h
2026-07-13 23:36:10 [ERA5] progress=12,498/88,396 (14.14%) | new=10.76 GiB | skipped=11,019 | average=6.36 MiB/s | ETA≈24.7 h
2026-07-13 23:36:40 [ERA5] progress=12,523/88,396 (14.17%) | new=10.95 GiB | skipped=11,019 | average=6.36 MiB/s | ETA≈24.7 h
2026-07-13 23:37:11 [ERA5] progress=12,548/88,396 (14.20%) | new=11.13 GiB | skipped=11,019 | average=6.35 MiB/s | ETA≈24.7 h
2026-07-13 23:37:41 [ERA5] progress=12,575/88,396 (14.23%) | new=11.32 GiB | skipped=11,019 | average=6.36 MiB/s | ETA≈24.7 h
2026-07-13 23:38:11 [ERA5] progress=12,602/88,396 (14.26%) | new=11.52 GiB | skipped=11,019 | average=6.36 MiB/s | ETA≈24.7 h
2026-07-13 23:38:44 [ERA5] progress=12,628/88,396 (14.29%) | new=11.71 GiB | skipped=11,019 | average=6.36 MiB/s | ETA≈24.7 h
2026-07-13 23:39:14 [ERA5] progress=12,655/88,396 (14.32%) | new=11.91 GiB | skipped=11,019 | average=6.36 MiB/s | ETA≈24.6 h
2026-07-13 23:39:45 [ERA5] progress=12,680/88,396 (14.34%) | new=12.09 GiB | skipped=11,019 | average=6.36 MiB/s | ETA≈24.7 h
2026-07-13 23:40:16 [ERA5] progress=12,708/88,396 (14.38%) | new=12.29 GiB | skipped=11,019 | average=6.36 MiB/s | ETA≈24.6 h
2026-07-13 23:40:49 [ERA5] progress=12,736/88,396 (14.41%) | new=12.50 GiB | skipped=11,019 | average=6.36 MiB/s | ETA≈24.6 h
2026-07-13 23:41:20 [ERA5] progress=12,762/88,396 (14.44%) | new=12.69 GiB | skipped=11,019 | average=6.36 MiB/s | ETA≈24.6 h
2026-07-13 23:41:51 [ERA5] progress=12,787/88,396 (14.47%) | new=12.87 GiB | skipped=11,019 | average=6.36 MiB/s | ETA≈24.6 h
2026-07-13 23:42:22 [ERA5] progress=12,814/88,396 (14.50%) | new=13.07 GiB | skipped=11,019 | average=6.36 MiB/s | ETA≈24.6 h
2026-07-13 23:42:54 [ERA5] progress=12,841/88,396 (14.53%) | new=13.26 GiB | skipped=11,019 | average=6.36 MiB/s | ETA≈24.6 h
2026-07-13 23:43:24 [ERA5] progress=12,865/88,396 (14.55%) | new=13.44 GiB | skipped=11,019 | average=6.35 MiB/s | ETA≈24.6 h
2026-07-13 23:43:55 [ERA5] progress=12,892/88,396 (14.58%) | new=13.63 GiB | skipped=11,019 | average=6.35 MiB/s | ETA≈24.6 h
2026-07-13 23:44:26 [ERA5] progress=12,919/88,396 (14.61%) | new=13.83 GiB | skipped=11,019 | average=6.35 MiB/s | ETA≈24.6 h
2026-07-13 23:44:56 [ERA5] progress=12,944/88,396 (14.64%) | new=14.01 GiB | skipped=11,019 | average=6.35 MiB/s | ETA≈24.6 h
2026-07-13 23:45:26 [ERA5] progress=12,968/88,396 (14.67%) | new=14.19 GiB | skipped=11,019 | average=6.35 MiB/s | ETA≈24.6 h
2026-07-13 23:45:58 [ERA5] progress=12,994/88,396 (14.70%) | new=14.38 GiB | skipped=11,019 | average=6.34 MiB/s | ETA≈24.6 h
2026-07-13 23:46:28 [ERA5] progress=13,020/88,396 (14.73%) | new=14.56 GiB | skipped=11,019 | average=6.34 MiB/s | ETA≈24.6 h
2026-07-13 23:46:59 [ERA5] progress=13,045/88,396 (14.76%) | new=14.75 GiB | skipped=11,019 | average=6.34 MiB/s | ETA≈24.6 h
2026-07-13 23:47:29 [ERA5] progress=13,072/88,396 (14.79%) | new=14.94 GiB | skipped=11,019 | average=6.34 MiB/s | ETA≈24.6 h
2026-07-13 23:48:00 [ERA5] progress=13,099/88,396 (14.82%) | new=15.14 GiB | skipped=11,019 | average=6.35 MiB/s | ETA≈24.6 h
2026-07-13 23:48:30 [ERA5] progress=13,124/88,396 (14.85%) | new=15.32 GiB | skipped=11,019 | average=6.34 MiB/s | ETA≈24.6 h
2026-07-13 23:49:01 [ERA5] progress=13,151/88,396 (14.88%) | new=15.52 GiB | skipped=11,019 | average=6.35 MiB/s | ETA≈24.5 h
2026-07-13 23:49:32 [ERA5] progress=13,176/88,396 (14.91%) | new=15.70 GiB | skipped=11,019 | average=6.34 MiB/s | ETA≈24.6 h
2026-07-13 23:50:03 [ERA5] progress=13,203/88,396 (14.94%) | new=15.90 GiB | skipped=11,019 | average=6.34 MiB/s | ETA≈24.5 h
2026-07-13 23:50:33 [ERA5] progress=13,227/88,396 (14.96%) | new=16.07 GiB | skipped=11,019 | average=6.34 MiB/s | ETA≈24.6 h
2026-07-13 23:51:05 [ERA5] progress=13,253/88,396 (14.99%) | new=16.26 GiB | skipped=11,019 | average=6.34 MiB/s | ETA≈24.6 h
2026-07-13 23:51:38 [ERA5] progress=13,280/88,396 (15.02%) | new=16.46 GiB | skipped=11,019 | average=6.33 MiB/s | ETA≈24.6 h
2026-07-13 23:52:05 [ERA5] ========================================================================
2026-07-13 23:52:05 [ERA5] Parallel raw WeatherBench2 ERA5 downloader
2026-07-13 23:52:05 [ERA5] Period: 1979–2022
2026-07-13 23:52:05 [ERA5] Workers: 32
2026-07-13 23:52:05 [ERA5] No decompression or recompression
2026-07-13 23:52:05 [ERA5] ========================================================================
2026-07-13 23:52:05 [ERA5] Opening remote metadata
2026-07-13 23:52:32 [ERA5] Selected time indices: 29,220..93,503
2026-07-13 23:52:32 [ERA5] Selected timestamps: 64,284
2026-07-13 23:52:32 [ERA5] Copying Zarr metadata and coordinates
2026-07-13 23:52:34 [ERA5] metadata 1/39: .zgroup | exists | 24.00 B
2026-07-13 23:52:34 [ERA5] metadata 2/39: .zattrs | exists | 2.00 B
2026-07-13 23:52:34 [ERA5] metadata 3/39: .zarray | exists | 320.00 B
2026-07-13 23:52:34 [ERA5] metadata 4/39: .zattrs | exists | 129.00 B
2026-07-13 23:52:34 [ERA5] metadata 5/39: 0 | exists | 3.25 KiB
2026-07-13 23:52:34 [ERA5] metadata 6/39: 1 | exists | 3.29 KiB
2026-07-13 23:52:34 [ERA5] metadata 7/39: 2 | exists | 3.00 KiB
2026-07-13 23:52:34 [ERA5] metadata 8/39: 3 | exists | 3.29 KiB
2026-07-13 23:52:34 [ERA5] metadata 9/39: .zarray | exists | 314.00 B
2026-07-13 23:52:34 [ERA5] metadata 10/39: .zattrs | exists | 52.00 B
2026-07-13 23:52:34 [ERA5] metadata 11/39: 0 | exists | 120.00 B
2026-07-13 23:52:34 [ERA5] metadata 12/39: .zarray | exists | 317.00 B
2026-07-13 23:52:34 [ERA5] metadata 13/39: .zattrs | exists | 56.00 B
2026-07-13 23:52:34 [ERA5] metadata 14/39: 0 | exists | 845.00 B
2026-07-13 23:52:34 [ERA5] metadata 15/39: .zarray | exists | 317.00 B
2026-07-13 23:52:34 [ERA5] metadata 16/39: .zattrs | exists | 55.00 B
2026-07-13 23:52:34 [ERA5] metadata 17/39: 0 | exists | 528.00 B
2026-07-13 23:52:34 [ERA5] metadata 18/39: .zarray | exists | 393.00 B
2026-07-13 23:52:34 [ERA5] metadata 19/39: .zattrs | exists | 229.00 B
2026-07-13 23:52:34 [ERA5] metadata 20/39: .zarray | exists | 393.00 B
2026-07-13 23:52:34 [ERA5] metadata 21/39: .zattrs | exists | 222.00 B
2026-07-13 23:52:34 [ERA5] metadata 22/39: .zarray | exists | 393.00 B
2026-07-13 23:52:34 [ERA5] metadata 23/39: .zattrs | exists | 238.00 B
2026-07-13 23:52:34 [ERA5] metadata 24/39: .zarray | exists | 393.00 B
2026-07-13 23:52:34 [ERA5] metadata 25/39: .zattrs | exists | 234.00 B
2026-07-13 23:52:34 [ERA5] metadata 26/39: .zarray | exists | 393.00 B
2026-07-13 23:52:34 [ERA5] metadata 27/39: .zattrs | exists | 235.00 B
2026-07-13 23:52:34 [ERA5] metadata 28/39: .zarray | exists | 369.00 B
2026-07-13 23:52:34 [ERA5] metadata 29/39: .zattrs | exists | 175.00 B
2026-07-13 23:52:34 [ERA5] metadata 30/39: .zarray | exists | 369.00 B
2026-07-13 23:52:34 [ERA5] metadata 31/39: .zattrs | exists | 187.00 B
2026-07-13 23:52:34 [ERA5] metadata 32/39: .zarray | exists | 369.00 B
2026-07-13 23:52:34 [ERA5] metadata 33/39: .zattrs | exists | 187.00 B
2026-07-13 23:52:34 [ERA5] metadata 34/39: .zarray | exists | 369.00 B
2026-07-13 23:52:34 [ERA5] metadata 35/39: .zattrs | exists | 235.00 B
2026-07-13 23:52:34 [ERA5] metadata 36/39: .zarray | exists | 369.00 B
2026-07-13 23:52:34 [ERA5] metadata 37/39: .zattrs | exists | 217.00 B
2026-07-13 23:52:34 [ERA5] metadata 38/39: .zarray | exists | 369.00 B
2026-07-13 23:52:34 [ERA5] metadata 39/39: .zattrs | exists | 174.00 B
2026-07-13 23:52:35 [ERA5] geopotential: source chunks 3652..11687 | objects=8,036
2026-07-13 23:52:36 [ERA5] temperature: source chunks 3652..11687 | objects=8,036
2026-07-13 23:52:36 [ERA5] specific_humidity: source chunks 3652..11687 | objects=8,036
2026-07-13 23:52:36 [ERA5] u_component_of_wind: source chunks 3652..11687 | objects=8,036
2026-07-13 23:52:36 [ERA5] v_component_of_wind: source chunks 3652..11687 | objects=8,036
2026-07-13 23:52:37 [ERA5] 2m_temperature: source chunks 3652..11687 | objects=8,036
2026-07-13 23:52:37 [ERA5] 10m_u_component_of_wind: source chunks 3652..11687 | objects=8,036
2026-07-13 23:52:37 [ERA5] 10m_v_component_of_wind: source chunks 3652..11687 | objects=8,036
2026-07-13 23:52:38 [ERA5] mean_sea_level_pressure: source chunks 3652..11687 | objects=8,036
2026-07-13 23:52:38 [ERA5] surface_pressure: source chunks 3652..11687 | objects=8,036
2026-07-13 23:52:38 [ERA5] total_precipitation_6hr: source chunks 3652..11687 | objects=8,036
2026-07-13 23:52:38 [ERA5] Starting raw-object copy with 32 workers
2026-07-13 23:52:38 [ERA5] Total ERA5 chunk objects: 88,396
2026-07-13 23:52:38 [ERA5] Destination: /home/tahiti/ConserveFM/data/ERA5_WeatherBench2_1979_2022
2026-07-13 23:52:38 [ERA5] progress=98/88,396 (0.11%) | new=0.00 B | skipped=98 | average=0.00 B/s | ETA≈0.0 h
2026-07-13 23:53:10 [ERA5] progress=13,303/88,396 (15.05%) | new=81.84 MiB | skipped=13,292 | average=2.57 MiB/s | ETA≈60.3 h
2026-07-13 23:53:42 [ERA5] progress=13,316/88,396 (15.06%) | new=178.90 MiB | skipped=13,292 | average=2.81 MiB/s | ETA≈55.3 h
2026-07-13 23:54:12 [ERA5] progress=13,327/88,396 (15.08%) | new=261.34 MiB | skipped=13,292 | average=2.78 MiB/s | ETA≈56.1 h
2026-07-13 23:54:43 [ERA5] progress=13,339/88,396 (15.09%) | new=351.20 MiB | skipped=13,292 | average=2.81 MiB/s | ETA≈55.4 h
2026-07-13 23:55:16 [ERA5] progress=13,351/88,396 (15.10%) | new=440.88 MiB | skipped=13,292 | average=2.79 MiB/s | ETA≈55.8 h
2026-07-13 23:55:49 [ERA5] progress=13,363/88,396 (15.12%) | new=530.24 MiB | skipped=13,292 | average=2.77 MiB/s | ETA≈56.1 h
2026-07-13 23:56:21 [ERA5] progress=13,373/88,396 (15.13%) | new=604.60 MiB | skipped=13,292 | average=2.72 MiB/s | ETA≈57.2 h
2026-07-13 23:56:52 [ERA5] progress=13,384/88,396 (15.14%) | new=686.51 MiB | skipped=13,292 | average=2.71 MiB/s | ETA≈57.4 h
2026-07-13 23:57:22 [ERA5] progress=13,394/88,396 (15.15%) | new=760.95 MiB | skipped=13,292 | average=2.68 MiB/s | ETA≈57.9 h
2026-07-13 23:57:52 [ERA5] progress=13,406/88,396 (15.17%) | new=850.27 MiB | skipped=13,292 | average=2.71 MiB/s | ETA≈57.3 h
2026-07-13 23:58:24 [ERA5] progress=13,418/88,396 (15.18%) | new=939.62 MiB | skipped=13,292 | average=2.72 MiB/s | ETA≈57.1 h
2026-07-13 23:58:56 [ERA5] progress=13,429/88,396 (15.19%) | new=1,021.48 MiB | skipped=13,292 | average=2.71 MiB/s | ETA≈57.3 h
2026-07-13 23:59:28 [ERA5] progress=13,440/88,396 (15.20%) | new=1.08 GiB | skipped=13,292 | average=2.69 MiB/s | ETA≈57.7 h
2026-07-14 00:00:01 [ERA5] progress=13,452/88,396 (15.22%) | new=1.17 GiB | skipped=13,292 | average=2.70 MiB/s | ETA≈57.6 h
2026-07-14 00:00:33 [ERA5] progress=13,462/88,396 (15.23%) | new=1.24 GiB | skipped=13,292 | average=2.67 MiB/s | ETA≈58.1 h
2026-07-14 00:01:03 [ERA5] progress=13,476/88,396 (15.25%) | new=1.34 GiB | skipped=13,292 | average=2.72 MiB/s | ETA≈57.1 h
2026-07-14 00:01:36 [ERA5] progress=13,490/88,396 (15.26%) | new=1.44 GiB | skipped=13,292 | average=2.75 MiB/s | ETA≈56.5 h
2026-07-14 00:02:08 [ERA5] progress=13,503/88,396 (15.28%) | new=1.54 GiB | skipped=13,292 | average=2.76 MiB/s | ETA≈56.1 h
2026-07-14 00:02:40 [ERA5] progress=13,516/88,396 (15.29%) | new=1.63 GiB | skipped=13,292 | average=2.78 MiB/s | ETA≈55.9 h
2026-07-14 00:03:11 [ERA5] progress=13,530/88,396 (15.31%) | new=1.73 GiB | skipped=13,292 | average=2.81 MiB/s | ETA≈55.3 h
2026-07-14 00:03:42 [ERA5] progress=13,544/88,396 (15.32%) | new=1.83 GiB | skipped=13,292 | average=2.83 MiB/s | ETA≈54.7 h
2026-07-14 00:04:14 [ERA5] progress=13,557/88,396 (15.34%) | new=1.93 GiB | skipped=13,292 | average=2.84 MiB/s | ETA≈54.6 h
2026-07-14 00:04:44 [ERA5] progress=13,568/88,396 (15.35%) | new=2.01 GiB | skipped=13,292 | average=2.83 MiB/s | ETA≈54.7 h
2026-07-14 00:05:16 [ERA5] progress=13,578/88,396 (15.36%) | new=2.08 GiB | skipped=13,292 | average=2.81 MiB/s | ETA≈55.1 h
2026-07-14 00:05:48 [ERA5] progress=13,589/88,396 (15.37%) | new=2.16 GiB | skipped=13,292 | average=2.80 MiB/s | ETA≈55.2 h
2026-07-14 00:06:19 [ERA5] progress=13,601/88,396 (15.39%) | new=2.25 GiB | skipped=13,292 | average=2.81 MiB/s | ETA≈55.2 h
2026-07-14 00:06:50 [ERA5] progress=13,614/88,396 (15.40%) | new=2.34 GiB | skipped=13,292 | average=2.82 MiB/s | ETA≈54.9 h
2026-07-14 00:07:20 [ERA5] progress=13,625/88,396 (15.41%) | new=2.42 GiB | skipped=13,292 | average=2.81 MiB/s | ETA≈55.0 h
2026-07-14 00:07:53 [ERA5] progress=13,635/88,396 (15.42%) | new=2.50 GiB | skipped=13,292 | average=2.80 MiB/s | ETA≈55.4 h
2026-07-14 00:08:25 [ERA5] progress=13,648/88,396 (15.44%) | new=2.59 GiB | skipped=13,292 | average=2.80 MiB/s | ETA≈55.2 h
2026-07-14 00:08:56 [ERA5] progress=13,660/88,396 (15.45%) | new=2.68 GiB | skipped=13,292 | average=2.81 MiB/s | ETA≈55.1 h
2026-07-14 00:09:29 [ERA5] progress=13,673/88,396 (15.47%) | new=2.77 GiB | skipped=13,292 | average=2.81 MiB/s | ETA≈55.0 h
2026-07-14 00:10:03 [ERA5] progress=13,686/88,396 (15.48%) | new=2.87 GiB | skipped=13,292 | average=2.81 MiB/s | ETA≈55.0 h
2026-07-14 00:10:34 [ERA5] progress=13,697/88,396 (15.50%) | new=2.95 GiB | skipped=13,292 | average=2.81 MiB/s | ETA≈55.1 h
2026-07-14 00:11:06 [ERA5] progress=13,712/88,396 (15.51%) | new=3.06 GiB | skipped=13,292 | average=2.83 MiB/s | ETA≈54.7 h
2026-07-14 00:11:39 [ERA5] progress=13,725/88,396 (15.53%) | new=3.15 GiB | skipped=13,292 | average=2.83 MiB/s | ETA≈54.6 h
2026-07-14 00:12:10 [ERA5] progress=13,739/88,396 (15.54%) | new=3.26 GiB | skipped=13,292 | average=2.85 MiB/s | ETA≈54.3 h
2026-07-14 00:12:41 [ERA5] progress=13,751/88,396 (15.56%) | new=3.34 GiB | skipped=13,292 | average=2.85 MiB/s | ETA≈54.3 h
2026-07-14 00:13:12 [ERA5] progress=13,762/88,396 (15.57%) | new=3.42 GiB | skipped=13,292 | average=2.84 MiB/s | ETA≈54.4 h
2026-07-14 00:13:42 [ERA5] progress=13,774/88,396 (15.58%) | new=3.51 GiB | skipped=13,292 | average=2.84 MiB/s | ETA≈54.3 h
2026-07-14 00:14:15 [ERA5] progress=13,788/88,396 (15.60%) | new=3.61 GiB | skipped=13,292 | average=2.85 MiB/s | ETA≈54.2 h
2026-07-14 00:14:46 [ERA5] progress=13,800/88,396 (15.61%) | new=3.70 GiB | skipped=13,292 | average=2.85 MiB/s | ETA≈54.1 h
2026-07-14 00:15:16 [ERA5] progress=13,812/88,396 (15.63%) | new=3.79 GiB | skipped=13,292 | average=2.86 MiB/s | ETA≈54.1 h
2026-07-14 00:15:47 [ERA5] progress=13,824/88,396 (15.64%) | new=3.87 GiB | skipped=13,292 | average=2.86 MiB/s | ETA≈54.1 h
2026-07-14 00:16:20 [ERA5] progress=13,835/88,396 (15.65%) | new=3.95 GiB | skipped=13,292 | average=2.85 MiB/s | ETA≈54.2 h
2026-07-14 00:16:52 [ERA5] progress=13,848/88,396 (15.67%) | new=4.05 GiB | skipped=13,292 | average=2.85 MiB/s | ETA≈54.2 h
2026-07-14 00:17:24 [ERA5] progress=13,860/88,396 (15.68%) | new=4.14 GiB | skipped=13,292 | average=2.85 MiB/s | ETA≈54.1 h
2026-07-14 00:17:55 [ERA5] progress=13,873/88,396 (15.69%) | new=4.23 GiB | skipped=13,292 | average=2.86 MiB/s | ETA≈54.0 h
2026-07-14 00:18:27 [ERA5] progress=13,886/88,396 (15.71%) | new=4.33 GiB | skipped=13,292 | average=2.86 MiB/s | ETA≈54.0 h
2026-07-14 00:18:58 [ERA5] progress=13,897/88,396 (15.72%) | new=4.41 GiB | skipped=13,292 | average=2.86 MiB/s | ETA≈54.0 h
2026-07-14 00:19:28 [ERA5] progress=13,908/88,396 (15.73%) | new=4.49 GiB | skipped=13,292 | average=2.85 MiB/s | ETA≈54.1 h
2026-07-14 00:20:00 [ERA5] progress=13,921/88,396 (15.75%) | new=4.58 GiB | skipped=13,292 | average=2.86 MiB/s | ETA≈54.0 h
2026-07-14 00:20:31 [ERA5] progress=13,933/88,396 (15.76%) | new=4.67 GiB | skipped=13,292 | average=2.86 MiB/s | ETA≈54.0 h
2026-07-14 00:21:03 [ERA5] progress=13,946/88,396 (15.78%) | new=4.76 GiB | skipped=13,292 | average=2.86 MiB/s | ETA≈53.9 h
2026-07-14 00:21:33 [ERA5] progress=13,961/88,396 (15.79%) | new=4.87 GiB | skipped=13,292 | average=2.88 MiB/s | ETA≈53.6 h
2026-07-14 00:22:05 [ERA5] progress=13,973/88,396 (15.81%) | new=4.96 GiB | skipped=13,292 | average=2.88 MiB/s | ETA≈53.6 h
2026-07-14 00:22:35 [ERA5] progress=13,985/88,396 (15.82%) | new=5.05 GiB | skipped=13,292 | average=2.88 MiB/s | ETA≈53.6 h
2026-07-14 00:23:06 [ERA5] progress=13,997/88,396 (15.83%) | new=5.13 GiB | skipped=13,292 | average=2.88 MiB/s | ETA≈53.6 h
2026-07-14 00:23:37 [ERA5] progress=14,012/88,396 (15.85%) | new=5.24 GiB | skipped=13,292 | average=2.89 MiB/s | ETA≈53.3 h
2026-07-14 00:24:08 [ERA5] progress=14,024/88,396 (15.86%) | new=5.33 GiB | skipped=13,292 | average=2.89 MiB/s | ETA≈53.3 h
2026-07-14 00:24:38 [ERA5] progress=14,036/88,396 (15.88%) | new=5.42 GiB | skipped=13,292 | average=2.89 MiB/s | ETA≈53.3 h
2026-07-14 00:25:08 [ERA5] progress=14,046/88,396 (15.89%) | new=5.49 GiB | skipped=13,292 | average=2.88 MiB/s | ETA≈53.4 h
2026-07-14 00:25:39 [ERA5] progress=14,060/88,396 (15.91%) | new=5.59 GiB | skipped=13,292 | average=2.89 MiB/s | ETA≈53.3 h
2026-07-14 00:26:10 [ERA5] progress=14,071/88,396 (15.92%) | new=5.67 GiB | skipped=13,292 | average=2.89 MiB/s | ETA≈53.3 h
2026-07-14 00:26:43 [ERA5] progress=14,083/88,396 (15.93%) | new=5.76 GiB | skipped=13,292 | average=2.89 MiB/s | ETA≈53.3 h
2026-07-14 00:27:14 [ERA5] progress=14,095/88,396 (15.95%) | new=5.85 GiB | skipped=13,292 | average=2.89 MiB/s | ETA≈53.3 h
2026-07-14 00:27:45 [ERA5] progress=14,108/88,396 (15.96%) | new=5.94 GiB | skipped=13,292 | average=2.89 MiB/s | ETA≈53.3 h
2026-07-14 00:28:17 [ERA5] progress=14,120/88,396 (15.97%) | new=6.03 GiB | skipped=13,292 | average=2.89 MiB/s | ETA≈53.3 h
2026-07-14 00:28:50 [ERA5] progress=14,132/88,396 (15.99%) | new=6.12 GiB | skipped=13,292 | average=2.89 MiB/s | ETA≈53.3 h
2026-07-14 00:29:20 [ERA5] progress=14,144/88,396 (16.00%) | new=6.21 GiB | skipped=13,292 | average=2.89 MiB/s | ETA≈53.3 h
2026-07-14 00:29:50 [ERA5] progress=14,156/88,396 (16.01%) | new=6.29 GiB | skipped=13,292 | average=2.89 MiB/s | ETA≈53.3 h
2026-07-14 00:30:21 [ERA5] progress=14,168/88,396 (16.03%) | new=6.38 GiB | skipped=13,292 | average=2.89 MiB/s | ETA≈53.3 h
2026-07-14 00:30:53 [ERA5] progress=14,181/88,396 (16.04%) | new=6.48 GiB | skipped=13,292 | average=2.89 MiB/s | ETA≈53.2 h
2026-07-14 00:31:25 [ERA5] progress=14,194/88,396 (16.06%) | new=6.57 GiB | skipped=13,292 | average=2.89 MiB/s | ETA≈53.2 h
2026-07-14 00:31:56 [ERA5] progress=14,206/88,396 (16.07%) | new=6.66 GiB | skipped=13,292 | average=2.89 MiB/s | ETA≈53.2 h
2026-07-14 00:32:29 [ERA5] progress=14,219/88,396 (16.09%) | new=6.75 GiB | skipped=13,292 | average=2.89 MiB/s | ETA≈53.1 h
2026-07-14 00:33:01 [ERA5] progress=14,231/88,396 (16.10%) | new=6.84 GiB | skipped=13,292 | average=2.89 MiB/s | ETA≈53.2 h
2026-07-14 00:33:33 [ERA5] progress=14,243/88,396 (16.11%) | new=6.93 GiB | skipped=13,292 | average=2.89 MiB/s | ETA≈53.2 h
2026-07-14 00:34:05 [ERA5] progress=14,254/88,396 (16.13%) | new=7.01 GiB | skipped=13,292 | average=2.89 MiB/s | ETA≈53.2 h
2026-07-14 00:34:36 [ERA5] progress=14,266/88,396 (16.14%) | new=7.10 GiB | skipped=13,292 | average=2.89 MiB/s | ETA≈53.2 h
2026-07-14 00:35:08 [ERA5] progress=14,279/88,396 (16.15%) | new=7.19 GiB | skipped=13,292 | average=2.89 MiB/s | ETA≈53.2 h
2026-07-14 00:35:39 [ERA5] progress=14,292/88,396 (16.17%) | new=7.29 GiB | skipped=13,292 | average=2.89 MiB/s | ETA≈53.1 h
2026-07-14 00:36:11 [ERA5] progress=14,305/88,396 (16.18%) | new=7.38 GiB | skipped=13,292 | average=2.89 MiB/s | ETA≈53.1 h
2026-07-14 00:36:44 [ERA5] progress=14,317/88,396 (16.20%) | new=7.47 GiB | skipped=13,292 | average=2.89 MiB/s | ETA≈53.1 h
2026-07-14 00:37:15 [ERA5] ========================================================================
2026-07-14 00:37:15 [ERA5] Parallel raw WeatherBench2 ERA5 downloader
2026-07-14 00:37:15 [ERA5] Period: 1979–2022
2026-07-14 00:37:15 [ERA5] Workers: 32
2026-07-14 00:37:15 [ERA5] No decompression or recompression
2026-07-14 00:37:15 [ERA5] ========================================================================
2026-07-14 00:37:15 [ERA5] Opening remote metadata
2026-07-14 00:37:44 [ERA5] Selected time indices: 29,220..93,503
2026-07-14 00:37:44 [ERA5] Selected timestamps: 64,284
2026-07-14 00:37:44 [ERA5] Copying Zarr metadata and coordinates
2026-07-14 00:37:49 [ERA5] metadata 1/39: .zgroup | exists | 24.00 B
2026-07-14 00:37:49 [ERA5] metadata 2/39: .zattrs | exists | 2.00 B
2026-07-14 00:37:49 [ERA5] metadata 3/39: .zarray | exists | 320.00 B
2026-07-14 00:37:49 [ERA5] metadata 4/39: .zattrs | exists | 129.00 B
2026-07-14 00:37:49 [ERA5] metadata 5/39: 0 | exists | 3.25 KiB
2026-07-14 00:37:49 [ERA5] metadata 6/39: 1 | exists | 3.29 KiB
2026-07-14 00:37:49 [ERA5] metadata 7/39: 2 | exists | 3.00 KiB
2026-07-14 00:37:49 [ERA5] metadata 8/39: 3 | exists | 3.29 KiB
2026-07-14 00:37:49 [ERA5] metadata 9/39: .zarray | exists | 314.00 B
2026-07-14 00:37:49 [ERA5] metadata 10/39: .zattrs | exists | 52.00 B
2026-07-14 00:37:49 [ERA5] metadata 11/39: 0 | exists | 120.00 B
2026-07-14 00:37:49 [ERA5] metadata 12/39: .zarray | exists | 317.00 B
2026-07-14 00:37:49 [ERA5] metadata 13/39: .zattrs | exists | 56.00 B
2026-07-14 00:37:49 [ERA5] metadata 14/39: 0 | exists | 845.00 B
2026-07-14 00:37:49 [ERA5] metadata 15/39: .zarray | exists | 317.00 B
2026-07-14 00:37:49 [ERA5] metadata 16/39: .zattrs | exists | 55.00 B
2026-07-14 00:37:49 [ERA5] metadata 17/39: 0 | exists | 528.00 B
2026-07-14 00:37:49 [ERA5] metadata 18/39: .zarray | exists | 393.00 B
2026-07-14 00:37:49 [ERA5] metadata 19/39: .zattrs | exists | 229.00 B
2026-07-14 00:37:49 [ERA5] metadata 20/39: .zarray | exists | 393.00 B
2026-07-14 00:37:49 [ERA5] metadata 21/39: .zattrs | exists | 222.00 B
2026-07-14 00:37:49 [ERA5] metadata 22/39: .zarray | exists | 393.00 B
2026-07-14 00:37:49 [ERA5] metadata 23/39: .zattrs | exists | 238.00 B
2026-07-14 00:37:49 [ERA5] metadata 24/39: .zarray | exists | 393.00 B
2026-07-14 00:37:49 [ERA5] metadata 25/39: .zattrs | exists | 234.00 B
2026-07-14 00:37:49 [ERA5] metadata 26/39: .zarray | exists | 393.00 B
2026-07-14 00:37:49 [ERA5] metadata 27/39: .zattrs | exists | 235.00 B
2026-07-14 00:37:49 [ERA5] metadata 28/39: .zarray | exists | 369.00 B
2026-07-14 00:37:49 [ERA5] metadata 29/39: .zattrs | exists | 175.00 B
2026-07-14 00:37:49 [ERA5] metadata 30/39: .zarray | exists | 369.00 B
2026-07-14 00:37:49 [ERA5] metadata 31/39: .zattrs | exists | 187.00 B
2026-07-14 00:37:49 [ERA5] metadata 32/39: .zarray | exists | 369.00 B
2026-07-14 00:37:49 [ERA5] metadata 33/39: .zattrs | exists | 187.00 B
2026-07-14 00:37:49 [ERA5] metadata 34/39: .zarray | exists | 369.00 B
2026-07-14 00:37:49 [ERA5] metadata 35/39: .zattrs | exists | 235.00 B
2026-07-14 00:37:49 [ERA5] metadata 36/39: .zarray | exists | 369.00 B
2026-07-14 00:37:49 [ERA5] metadata 37/39: .zattrs | exists | 217.00 B
2026-07-14 00:37:49 [ERA5] metadata 38/39: .zarray | exists | 369.00 B
2026-07-14 00:37:49 [ERA5] metadata 39/39: .zattrs | exists | 174.00 B
2026-07-14 00:37:49 [ERA5] geopotential: source chunks 3652..11687 | objects=8,036
2026-07-14 00:37:49 [ERA5] temperature: source chunks 3652..11687 | objects=8,036
2026-07-14 00:37:49 [ERA5] specific_humidity: source chunks 3652..11687 | objects=8,036
2026-07-14 00:37:50 [ERA5] u_component_of_wind: source chunks 3652..11687 | objects=8,036
2026-07-14 00:37:50 [ERA5] v_component_of_wind: source chunks 3652..11687 | objects=8,036
2026-07-14 00:37:52 [ERA5] 2m_temperature: source chunks 3652..11687 | objects=8,036
2026-07-14 00:37:52 [ERA5] 10m_u_component_of_wind: source chunks 3652..11687 | objects=8,036
2026-07-14 00:37:53 [ERA5] 10m_v_component_of_wind: source chunks 3652..11687 | objects=8,036
2026-07-14 00:37:53 [ERA5] mean_sea_level_pressure: source chunks 3652..11687 | objects=8,036
2026-07-14 00:37:53 [ERA5] surface_pressure: source chunks 3652..11687 | objects=8,036
2026-07-14 00:37:53 [ERA5] total_precipitation_6hr: source chunks 3652..11687 | objects=8,036
2026-07-14 00:37:53 [ERA5] Starting raw-object copy with 32 workers
2026-07-14 00:37:53 [ERA5] Total ERA5 chunk objects: 88,396
2026-07-14 00:37:53 [ERA5] Destination: /home/tahiti/ConserveFM/data/ERA5_WeatherBench2_1979_2022
2026-07-14 00:37:53 [ERA5] progress=91/88,396 (0.10%) | new=0.00 B | skipped=91 | average=0.00 B/s | ETA≈0.0 h
2026-07-14 00:38:24 [ERA5] progress=14,348/88,396 (16.23%) | new=164.20 MiB | skipped=14,326 | average=5.38 MiB/s | ETA≈28.5 h
2026-07-14 00:38:54 [ERA5] progress=14,368/88,396 (16.25%) | new=313.49 MiB | skipped=14,326 | average=5.17 MiB/s | ETA≈29.7 h
2026-07-14 00:39:24 [ERA5] progress=14,389/88,396 (16.28%) | new=469.99 MiB | skipped=14,326 | average=5.18 MiB/s | ETA≈29.6 h
2026-07-14 00:39:56 [ERA5] progress=14,409/88,396 (16.30%) | new=619.01 MiB | skipped=14,326 | average=5.06 MiB/s | ETA≈30.3 h
2026-07-14 00:40:27 [ERA5] progress=14,430/88,396 (16.32%) | new=776.48 MiB | skipped=14,326 | average=5.06 MiB/s | ETA≈30.3 h
2026-07-14 00:40:57 [ERA5] progress=14,449/88,396 (16.35%) | new=919.03 MiB | skipped=14,326 | average=5.01 MiB/s | ETA≈30.7 h
2026-07-14 00:41:29 [ERA5] progress=14,470/88,396 (16.37%) | new=1.05 GiB | skipped=14,326 | average=4.99 MiB/s | ETA≈30.8 h
2026-07-14 00:42:00 [ERA5] progress=14,491/88,396 (16.39%) | new=1.20 GiB | skipped=14,326 | average=5.00 MiB/s | ETA≈30.7 h
2026-07-14 00:42:30 [ERA5] progress=14,513/88,396 (16.42%) | new=1.36 GiB | skipped=14,326 | average=5.05 MiB/s | ETA≈30.3 h
2026-07-14 00:43:00 [ERA5] progress=14,534/88,396 (16.44%) | new=1.52 GiB | skipped=14,326 | average=5.07 MiB/s | ETA≈30.2 h
2026-07-14 00:43:30 [ERA5] progress=14,556/88,396 (16.47%) | new=1.68 GiB | skipped=14,326 | average=5.10 MiB/s | ETA≈30.0 h
2026-07-14 00:44:00 [ERA5] progress=14,576/88,396 (16.49%) | new=1.82 GiB | skipped=14,326 | average=5.09 MiB/s | ETA≈30.1 h
2026-07-14 00:44:31 [ERA5] progress=14,599/88,396 (16.52%) | new=1.99 GiB | skipped=14,326 | average=5.13 MiB/s | ETA≈29.8 h
2026-07-14 00:45:02 [ERA5] progress=14,620/88,396 (16.54%) | new=2.14 GiB | skipped=14,326 | average=5.12 MiB/s | ETA≈29.9 h
2026-07-14 00:45:33 [ERA5] progress=14,642/88,396 (16.56%) | new=2.30 GiB | skipped=14,326 | average=5.13 MiB/s | ETA≈29.8 h
2026-07-14 00:46:04 [ERA5] progress=14,663/88,396 (16.59%) | new=2.46 GiB | skipped=14,326 | average=5.13 MiB/s | ETA≈29.8 h
2026-07-14 00:46:34 [ERA5] progress=14,686/88,396 (16.61%) | new=2.62 GiB | skipped=14,326 | average=5.17 MiB/s | ETA≈29.6 h
2026-07-14 00:47:04 [ERA5] progress=14,709/88,396 (16.64%) | new=2.79 GiB | skipped=14,326 | average=5.19 MiB/s | ETA≈29.4 h
2026-07-14 00:47:34 [ERA5] progress=14,729/88,396 (16.66%) | new=2.94 GiB | skipped=14,326 | average=5.18 MiB/s | ETA≈29.5 h
2026-07-14 00:48:05 [ERA5] progress=14,752/88,396 (16.69%) | new=3.10 GiB | skipped=14,326 | average=5.20 MiB/s | ETA≈29.4 h
2026-07-14 00:48:36 [ERA5] progress=14,772/88,396 (16.71%) | new=3.25 GiB | skipped=14,326 | average=5.18 MiB/s | ETA≈29.5 h
2026-07-14 00:49:09 [ERA5] progress=14,796/88,396 (16.74%) | new=3.43 GiB | skipped=14,326 | average=5.19 MiB/s | ETA≈29.4 h
2026-07-14 00:49:40 [ERA5] progress=14,817/88,396 (16.76%) | new=3.58 GiB | skipped=14,326 | average=5.19 MiB/s | ETA≈29.4 h
2026-07-14 00:50:10 [ERA5] progress=14,839/88,396 (16.79%) | new=3.74 GiB | skipped=14,326 | average=5.20 MiB/s | ETA≈29.3 h
2026-07-14 00:50:41 [ERA5] progress=14,862/88,396 (16.81%) | new=3.91 GiB | skipped=14,326 | average=5.21 MiB/s | ETA≈29.2 h
2026-07-14 00:51:11 [ERA5] progress=14,882/88,396 (16.84%) | new=4.05 GiB | skipped=14,326 | average=5.20 MiB/s | ETA≈29.3 h
2026-07-14 00:51:42 [ERA5] progress=14,904/88,396 (16.86%) | new=4.21 GiB | skipped=14,326 | average=5.21 MiB/s | ETA≈29.3 h
2026-07-14 00:52:12 [ERA5] progress=14,924/88,396 (16.88%) | new=4.36 GiB | skipped=14,326 | average=5.20 MiB/s | ETA≈29.3 h
2026-07-14 00:52:43 [ERA5] progress=14,945/88,396 (16.91%) | new=4.51 GiB | skipped=14,326 | average=5.19 MiB/s | ETA≈29.3 h
2026-07-14 00:53:15 [ERA5] progress=14,967/88,396 (16.93%) | new=4.67 GiB | skipped=14,326 | average=5.19 MiB/s | ETA≈29.3 h
2026-07-14 00:53:46 [ERA5] progress=14,990/88,396 (16.96%) | new=4.84 GiB | skipped=14,326 | average=5.20 MiB/s | ETA≈29.3 h
2026-07-14 00:54:17 [ERA5] progress=15,014/88,396 (16.98%) | new=5.01 GiB | skipped=14,326 | average=5.22 MiB/s | ETA≈29.1 h
2026-07-14 00:54:48 [ERA5] progress=15,038/88,396 (17.01%) | new=5.19 GiB | skipped=14,326 | average=5.24 MiB/s | ETA≈29.0 h
2026-07-14 00:55:21 [ERA5] progress=15,062/88,396 (17.04%) | new=5.36 GiB | skipped=14,326 | average=5.24 MiB/s | ETA≈29.0 h
2026-07-14 00:55:51 [ERA5] progress=15,085/88,396 (17.07%) | new=5.53 GiB | skipped=14,326 | average=5.25 MiB/s | ETA≈28.9 h
2026-07-14 00:56:23 [ERA5] progress=15,107/88,396 (17.09%) | new=5.69 GiB | skipped=14,326 | average=5.25 MiB/s | ETA≈28.9 h
2026-07-14 00:56:54 [ERA5] progress=15,129/88,396 (17.12%) | new=5.85 GiB | skipped=14,326 | average=5.25 MiB/s | ETA≈28.9 h
2026-07-14 00:57:24 [ERA5] progress=15,150/88,396 (17.14%) | new=6.00 GiB | skipped=14,326 | average=5.25 MiB/s | ETA≈28.9 h
2026-07-14 00:57:56 [ERA5] progress=15,174/88,396 (17.17%) | new=6.18 GiB | skipped=14,326 | average=5.26 MiB/s | ETA≈28.9 h
2026-07-14 00:58:27 [ERA5] progress=15,196/88,396 (17.19%) | new=6.34 GiB | skipped=14,326 | average=5.26 MiB/s | ETA≈28.8 h
2026-07-14 00:58:58 [ERA5] progress=15,218/88,396 (17.22%) | new=6.50 GiB | skipped=14,326 | average=5.26 MiB/s | ETA≈28.8 h
2026-07-14 00:59:29 [ERA5] progress=15,240/88,396 (17.24%) | new=6.66 GiB | skipped=14,326 | average=5.26 MiB/s | ETA≈28.8 h
2026-07-14 01:00:01 [ERA5] progress=15,264/88,396 (17.27%) | new=6.83 GiB | skipped=14,326 | average=5.27 MiB/s | ETA≈28.8 h
2026-07-14 01:00:32 [ERA5] progress=15,286/88,396 (17.29%) | new=6.99 GiB | skipped=14,326 | average=5.27 MiB/s | ETA≈28.7 h
2026-07-14 01:01:03 [ERA5] progress=15,308/88,396 (17.32%) | new=7.16 GiB | skipped=14,326 | average=5.27 MiB/s | ETA≈28.7 h
2026-07-14 01:01:34 [ERA5] progress=15,332/88,396 (17.34%) | new=7.33 GiB | skipped=14,326 | average=5.29 MiB/s | ETA≈28.6 h
2026-07-14 01:02:04 [ERA5] progress=15,355/88,396 (17.37%) | new=7.50 GiB | skipped=14,326 | average=5.29 MiB/s | ETA≈28.6 h
2026-07-14 01:02:37 [ERA5] progress=15,376/88,396 (17.39%) | new=7.65 GiB | skipped=14,326 | average=5.28 MiB/s | ETA≈28.7 h
2026-07-14 01:03:08 [ERA5] progress=15,400/88,396 (17.42%) | new=7.83 GiB | skipped=14,326 | average=5.29 MiB/s | ETA≈28.6 h
2026-07-14 01:03:39 [ERA5] progress=15,423/88,396 (17.45%) | new=7.99 GiB | skipped=14,326 | average=5.30 MiB/s | ETA≈28.6 h
2026-07-14 01:04:09 [ERA5] progress=15,446/88,396 (17.47%) | new=8.16 GiB | skipped=14,326 | average=5.30 MiB/s | ETA≈28.5 h
2026-07-14 01:04:41 [ERA5] progress=15,469/88,396 (17.50%) | new=8.33 GiB | skipped=14,326 | average=5.31 MiB/s | ETA≈28.5 h
2026-07-14 01:05:12 [ERA5] progress=15,492/88,396 (17.53%) | new=8.50 GiB | skipped=14,326 | average=5.31 MiB/s | ETA≈28.5 h
2026-07-14 01:05:42 [ERA5] progress=15,516/88,396 (17.55%) | new=8.67 GiB | skipped=14,326 | average=5.32 MiB/s | ETA≈28.4 h
2026-07-14 01:06:13 [ERA5] progress=15,538/88,396 (17.58%) | new=8.83 GiB | skipped=14,326 | average=5.32 MiB/s | ETA≈28.4 h
2026-07-14 01:06:43 [ERA5] progress=15,558/88,396 (17.60%) | new=8.98 GiB | skipped=14,326 | average=5.31 MiB/s | ETA≈28.4 h
2026-07-14 01:07:13 [ERA5] progress=15,580/88,396 (17.63%) | new=9.14 GiB | skipped=14,326 | average=5.32 MiB/s | ETA≈28.4 h
2026-07-14 01:07:44 [ERA5] progress=15,603/88,396 (17.65%) | new=9.30 GiB | skipped=14,326 | average=5.32 MiB/s | ETA≈28.3 h
2026-07-14 01:08:14 [ERA5] progress=15,624/88,396 (17.68%) | new=9.46 GiB | skipped=14,326 | average=5.32 MiB/s | ETA≈28.4 h
2026-07-14 01:08:46 [ERA5] progress=15,646/88,396 (17.70%) | new=9.62 GiB | skipped=14,326 | average=5.32 MiB/s | ETA≈28.4 h
2026-07-14 01:09:16 [ERA5] progress=15,667/88,396 (17.72%) | new=9.77 GiB | skipped=14,326 | average=5.31 MiB/s | ETA≈28.4 h
2026-07-14 01:09:48 [ERA5] progress=15,688/88,396 (17.75%) | new=9.92 GiB | skipped=14,326 | average=5.31 MiB/s | ETA≈28.4 h
2026-07-14 01:10:19 [ERA5] progress=15,711/88,396 (17.77%) | new=10.09 GiB | skipped=14,326 | average=5.31 MiB/s | ETA≈28.4 h
2026-07-14 01:10:49 [ERA5] progress=15,735/88,396 (17.80%) | new=10.27 GiB | skipped=14,326 | average=5.32 MiB/s | ETA≈28.3 h
2026-07-14 01:11:20 [ERA5] progress=15,757/88,396 (17.83%) | new=10.43 GiB | skipped=14,326 | average=5.32 MiB/s | ETA≈28.3 h
2026-07-14 01:11:51 [ERA5] progress=15,779/88,396 (17.85%) | new=10.59 GiB | skipped=14,326 | average=5.32 MiB/s | ETA≈28.3 h
2026-07-14 01:12:22 [ERA5] progress=15,800/88,396 (17.87%) | new=10.74 GiB | skipped=14,326 | average=5.32 MiB/s | ETA≈28.3 h
2026-07-14 01:12:53 [ERA5] progress=15,824/88,396 (17.90%) | new=10.91 GiB | skipped=14,326 | average=5.32 MiB/s | ETA≈28.3 h
2026-07-14 01:13:24 [ERA5] progress=15,844/88,396 (17.92%) | new=11.06 GiB | skipped=14,326 | average=5.32 MiB/s | ETA≈28.3 h
2026-07-14 01:13:54 [ERA5] progress=15,866/88,396 (17.95%) | new=11.22 GiB | skipped=14,326 | average=5.32 MiB/s | ETA≈28.3 h
2026-07-14 01:14:25 [ERA5] progress=15,888/88,396 (17.97%) | new=11.38 GiB | skipped=14,326 | average=5.32 MiB/s | ETA≈28.3 h
2026-07-14 01:14:56 [ERA5] progress=15,912/88,396 (18.00%) | new=11.56 GiB | skipped=14,326 | average=5.32 MiB/s | ETA≈28.2 h
2026-07-14 01:15:28 [ERA5] progress=15,933/88,396 (18.02%) | new=11.71 GiB | skipped=14,326 | average=5.32 MiB/s | ETA≈28.2 h
2026-07-14 01:16:01 [ERA5] progress=15,956/88,396 (18.05%) | new=11.88 GiB | skipped=14,326 | average=5.32 MiB/s | ETA≈28.2 h
2026-07-14 01:16:31 [ERA5] progress=15,981/88,396 (18.08%) | new=12.06 GiB | skipped=14,326 | average=5.33 MiB/s | ETA≈28.2 h
2026-07-14 01:17:03 [ERA5] progress=16,002/88,396 (18.10%) | new=12.21 GiB | skipped=14,326 | average=5.32 MiB/s | ETA≈28.2 h
2026-07-14 01:17:34 [ERA5] progress=16,025/88,396 (18.13%) | new=12.38 GiB | skipped=14,326 | average=5.33 MiB/s | ETA≈28.2 h
2026-07-14 01:18:04 [ERA5] progress=16,047/88,396 (18.15%) | new=12.55 GiB | skipped=14,326 | average=5.33 MiB/s | ETA≈28.2 h
2026-07-14 01:18:35 [ERA5] progress=16,067/88,396 (18.18%) | new=12.72 GiB | skipped=14,326 | average=5.34 MiB/s | ETA≈28.2 h
2026-07-14 01:19:05 [ERA5] progress=16,086/88,396 (18.20%) | new=12.89 GiB | skipped=14,326 | average=5.34 MiB/s | ETA≈28.2 h
2026-07-14 01:19:39 [ERA5] progress=16,103/88,396 (18.22%) | new=13.05 GiB | skipped=14,326 | average=5.33 MiB/s | ETA≈28.3 h
2026-07-14 01:20:10 [ERA5] progress=16,120/88,396 (18.24%) | new=13.20 GiB | skipped=14,326 | average=5.33 MiB/s | ETA≈28.4 h
2026-07-14 01:20:41 [ERA5] progress=16,138/88,396 (18.26%) | new=13.36 GiB | skipped=14,326 | average=5.33 MiB/s | ETA≈28.4 h
2026-07-14 01:21:12 [ERA5] progress=16,157/88,396 (18.28%) | new=13.54 GiB | skipped=14,326 | average=5.33 MiB/s | ETA≈28.5 h
2026-07-14 01:21:45 [ERA5] progress=16,175/88,396 (18.30%) | new=13.70 GiB | skipped=14,326 | average=5.33 MiB/s | ETA≈28.5 h
2026-07-14 01:22:25 [ERA5] ========================================================================
2026-07-14 01:22:25 [ERA5] Parallel raw WeatherBench2 ERA5 downloader
2026-07-14 01:22:25 [ERA5] Period: 1979–2022
2026-07-14 01:22:25 [ERA5] Workers: 32
2026-07-14 01:22:25 [ERA5] No decompression or recompression
2026-07-14 01:22:25 [ERA5] ========================================================================
2026-07-14 01:22:25 [ERA5] Opening remote metadata
2026-07-14 01:22:54 [ERA5] Selected time indices: 29,220..93,503
2026-07-14 01:22:54 [ERA5] Selected timestamps: 64,284
2026-07-14 01:22:54 [ERA5] Copying Zarr metadata and coordinates
2026-07-14 01:22:56 [ERA5] metadata 1/39: .zgroup | exists | 24.00 B
2026-07-14 01:22:56 [ERA5] metadata 2/39: .zattrs | exists | 2.00 B
2026-07-14 01:22:56 [ERA5] metadata 3/39: .zarray | exists | 320.00 B
2026-07-14 01:22:56 [ERA5] metadata 4/39: .zattrs | exists | 129.00 B
2026-07-14 01:22:56 [ERA5] metadata 5/39: 0 | exists | 3.25 KiB
2026-07-14 01:22:56 [ERA5] metadata 6/39: 1 | exists | 3.29 KiB
2026-07-14 01:22:56 [ERA5] metadata 7/39: 2 | exists | 3.00 KiB
2026-07-14 01:22:56 [ERA5] metadata 8/39: 3 | exists | 3.29 KiB
2026-07-14 01:22:56 [ERA5] metadata 9/39: .zarray | exists | 314.00 B
2026-07-14 01:22:56 [ERA5] metadata 10/39: .zattrs | exists | 52.00 B
2026-07-14 01:22:56 [ERA5] metadata 11/39: 0 | exists | 120.00 B
2026-07-14 01:22:56 [ERA5] metadata 12/39: .zarray | exists | 317.00 B
2026-07-14 01:22:56 [ERA5] metadata 13/39: .zattrs | exists | 56.00 B
2026-07-14 01:22:56 [ERA5] metadata 14/39: 0 | exists | 845.00 B
2026-07-14 01:22:56 [ERA5] metadata 15/39: .zarray | exists | 317.00 B
2026-07-14 01:22:56 [ERA5] metadata 16/39: .zattrs | exists | 55.00 B
2026-07-14 01:22:56 [ERA5] metadata 17/39: 0 | exists | 528.00 B
2026-07-14 01:22:56 [ERA5] metadata 18/39: .zarray | exists | 393.00 B
2026-07-14 01:22:56 [ERA5] metadata 19/39: .zattrs | exists | 229.00 B
2026-07-14 01:22:56 [ERA5] metadata 20/39: .zarray | exists | 393.00 B
2026-07-14 01:22:56 [ERA5] metadata 21/39: .zattrs | exists | 222.00 B
2026-07-14 01:22:56 [ERA5] metadata 22/39: .zarray | exists | 393.00 B
2026-07-14 01:22:56 [ERA5] metadata 23/39: .zattrs | exists | 238.00 B
2026-07-14 01:22:56 [ERA5] metadata 24/39: .zarray | exists | 393.00 B
2026-07-14 01:22:56 [ERA5] metadata 25/39: .zattrs | exists | 234.00 B
2026-07-14 01:22:56 [ERA5] metadata 26/39: .zarray | exists | 393.00 B
2026-07-14 01:22:56 [ERA5] metadata 27/39: .zattrs | exists | 235.00 B
2026-07-14 01:22:56 [ERA5] metadata 28/39: .zarray | exists | 369.00 B
2026-07-14 01:22:56 [ERA5] metadata 29/39: .zattrs | exists | 175.00 B
2026-07-14 01:22:56 [ERA5] metadata 30/39: .zarray | exists | 369.00 B
2026-07-14 01:22:56 [ERA5] metadata 31/39: .zattrs | exists | 187.00 B
2026-07-14 01:22:56 [ERA5] metadata 32/39: .zarray | exists | 369.00 B
2026-07-14 01:22:56 [ERA5] metadata 33/39: .zattrs | exists | 187.00 B
2026-07-14 01:22:56 [ERA5] metadata 34/39: .zarray | exists | 369.00 B
2026-07-14 01:22:56 [ERA5] metadata 35/39: .zattrs | exists | 235.00 B
2026-07-14 01:22:56 [ERA5] metadata 36/39: .zarray | exists | 369.00 B
2026-07-14 01:22:56 [ERA5] metadata 37/39: .zattrs | exists | 217.00 B
2026-07-14 01:22:56 [ERA5] metadata 38/39: .zarray | exists | 369.00 B
2026-07-14 01:22:56 [ERA5] metadata 39/39: .zattrs | exists | 174.00 B
2026-07-14 01:22:57 [ERA5] geopotential: source chunks 3652..11687 | objects=8,036
2026-07-14 01:22:58 [ERA5] temperature: source chunks 3652..11687 | objects=8,036
2026-07-14 01:22:58 [ERA5] specific_humidity: source chunks 3652..11687 | objects=8,036
2026-07-14 01:22:58 [ERA5] u_component_of_wind: source chunks 3652..11687 | objects=8,036
2026-07-14 01:22:58 [ERA5] v_component_of_wind: source chunks 3652..11687 | objects=8,036
2026-07-14 01:22:59 [ERA5] 2m_temperature: source chunks 3652..11687 | objects=8,036
2026-07-14 01:22:59 [ERA5] 10m_u_component_of_wind: source chunks 3652..11687 | objects=8,036
2026-07-14 01:23:00 [ERA5] 10m_v_component_of_wind: source chunks 3652..11687 | objects=8,036
2026-07-14 01:23:00 [ERA5] mean_sea_level_pressure: source chunks 3652..11687 | objects=8,036
2026-07-14 01:23:00 [ERA5] surface_pressure: source chunks 3652..11687 | objects=8,036
2026-07-14 01:23:01 [ERA5] total_precipitation_6hr: source chunks 3652..11687 | objects=8,036
2026-07-14 01:23:01 [ERA5] Starting raw-object copy with 32 workers
2026-07-14 01:23:01 [ERA5] Total ERA5 chunk objects: 88,396
2026-07-14 01:23:01 [ERA5] Destination: /home/tahiti/ConserveFM/data/ERA5_WeatherBench2_1979_2022
2026-07-14 01:23:01 [ERA5] progress=106/88,396 (0.12%) | new=0.00 B | skipped=106 | average=0.00 B/s | ETA≈0.0 h
2026-07-14 01:23:33 [ERA5] progress=16,211/88,396 (18.34%) | new=162.10 MiB | skipped=16,193 | average=4.95 MiB/s | ETA≈36.4 h
2026-07-14 01:24:05 [ERA5] progress=16,230/88,396 (18.36%) | new=338.13 MiB | skipped=16,193 | average=5.21 MiB/s | ETA≈35.2 h
2026-07-14 01:24:36 [ERA5] progress=16,249/88,396 (18.38%) | new=513.37 MiB | skipped=16,193 | average=5.37 MiB/s | ETA≈34.2 h
2026-07-14 01:25:07 [ERA5] progress=16,267/88,396 (18.40%) | new=679.61 MiB | skipped=16,193 | average=5.36 MiB/s | ETA≈34.3 h
2026-07-14 01:25:38 [ERA5] progress=16,287/88,396 (18.43%) | new=865.79 MiB | skipped=16,193 | average=5.50 MiB/s | ETA≈33.6 h
2026-07-14 01:26:09 [ERA5] progress=16,305/88,396 (18.45%) | new=1.01 GiB | skipped=16,193 | average=5.49 MiB/s | ETA≈33.7 h
2026-07-14 01:26:39 [ERA5] progress=16,322/88,396 (18.46%) | new=1.16 GiB | skipped=16,193 | average=5.46 MiB/s | ETA≈33.9 h
2026-07-14 01:27:09 [ERA5] progress=16,339/88,396 (18.48%) | new=1.32 GiB | skipped=16,193 | average=5.43 MiB/s | ETA≈34.1 h
2026-07-14 01:27:40 [ERA5] progress=16,356/88,396 (18.50%) | new=1.47 GiB | skipped=16,193 | average=5.39 MiB/s | ETA≈34.3 h
2026-07-14 01:28:12 [ERA5] progress=16,375/88,396 (18.52%) | new=1.65 GiB | skipped=16,193 | average=5.42 MiB/s | ETA≈34.2 h
2026-07-14 01:28:43 [ERA5] progress=16,393/88,396 (18.54%) | new=1.81 GiB | skipped=16,193 | average=5.42 MiB/s | ETA≈34.2 h
2026-07-14 01:29:15 [ERA5] progress=16,410/88,396 (18.56%) | new=1.97 GiB | skipped=16,193 | average=5.38 MiB/s | ETA≈34.5 h
2026-07-14 01:29:47 [ERA5] progress=16,427/88,396 (18.58%) | new=2.12 GiB | skipped=16,193 | average=5.34 MiB/s | ETA≈34.8 h
2026-07-14 01:30:22 [ERA5] progress=16,447/88,396 (18.61%) | new=2.30 GiB | skipped=16,193 | average=5.33 MiB/s | ETA≈34.7 h
2026-07-14 01:30:53 [ERA5] progress=16,465/88,396 (18.63%) | new=2.46 GiB | skipped=16,193 | average=5.34 MiB/s | ETA≈34.7 h
2026-07-14 01:31:24 [ERA5] progress=16,481/88,396 (18.64%) | new=2.61 GiB | skipped=16,193 | average=5.30 MiB/s | ETA≈34.9 h
2026-07-14 01:31:56 [ERA5] progress=16,499/88,396 (18.66%) | new=2.77 GiB | skipped=16,193 | average=5.29 MiB/s | ETA≈34.9 h
2026-07-14 01:32:28 [ERA5] progress=16,516/88,396 (18.68%) | new=2.92 GiB | skipped=16,193 | average=5.27 MiB/s | ETA≈35.1 h
2026-07-14 01:33:00 [ERA5] progress=16,534/88,396 (18.70%) | new=3.08 GiB | skipped=16,193 | average=5.27 MiB/s | ETA≈35.1 h
2026-07-14 01:33:30 [ERA5] progress=16,550/88,396 (18.72%) | new=3.23 GiB | skipped=16,193 | average=5.25 MiB/s | ETA≈35.2 h
2026-07-14 01:34:01 [ERA5] progress=16,567/88,396 (18.74%) | new=3.38 GiB | skipped=16,193 | average=5.24 MiB/s | ETA≈35.3 h
2026-07-14 01:34:33 [ERA5] progress=16,585/88,396 (18.76%) | new=3.55 GiB | skipped=16,193 | average=5.25 MiB/s | ETA≈35.2 h
2026-07-14 01:35:04 [ERA5] progress=16,606/88,396 (18.79%) | new=3.73 GiB | skipped=16,193 | average=5.28 MiB/s | ETA≈34.9 h
2026-07-14 01:35:35 [ERA5] progress=16,627/88,396 (18.81%) | new=3.92 GiB | skipped=16,193 | average=5.32 MiB/s | ETA≈34.6 h
2026-07-14 01:36:05 [ERA5] progress=16,645/88,396 (18.83%) | new=4.08 GiB | skipped=16,193 | average=5.32 MiB/s | ETA≈34.6 h
2026-07-14 01:36:37 [ERA5] progress=16,665/88,396 (18.85%) | new=4.26 GiB | skipped=16,193 | average=5.35 MiB/s | ETA≈34.4 h
2026-07-14 01:37:09 [ERA5] progress=16,687/88,396 (18.88%) | new=4.45 GiB | skipped=16,193 | average=5.38 MiB/s | ETA≈34.2 h
2026-07-14 01:37:39 [ERA5] progress=16,706/88,396 (18.90%) | new=4.63 GiB | skipped=16,193 | average=5.39 MiB/s | ETA≈34.1 h
2026-07-14 01:38:11 [ERA5] progress=16,724/88,396 (18.92%) | new=4.79 GiB | skipped=16,193 | average=5.39 MiB/s | ETA≈34.1 h
2026-07-14 01:38:41 [ERA5] progress=16,740/88,396 (18.94%) | new=4.94 GiB | skipped=16,193 | average=5.38 MiB/s | ETA≈34.2 h
2026-07-14 01:39:12 [ERA5] progress=16,757/88,396 (18.96%) | new=5.09 GiB | skipped=16,193 | average=5.37 MiB/s | ETA≈34.3 h
2026-07-14 01:39:42 [ERA5] progress=16,775/88,396 (18.98%) | new=5.26 GiB | skipped=16,193 | average=5.37 MiB/s | ETA≈34.2 h
2026-07-14 01:40:13 [ERA5] progress=16,793/88,396 (19.00%) | new=5.42 GiB | skipped=16,193 | average=5.37 MiB/s | ETA≈34.2 h
2026-07-14 01:40:44 [ERA5] progress=16,811/88,396 (19.02%) | new=5.58 GiB | skipped=16,193 | average=5.37 MiB/s | ETA≈34.2 h
2026-07-14 01:41:14 [ERA5] progress=16,829/88,396 (19.04%) | new=5.74 GiB | skipped=16,193 | average=5.38 MiB/s | ETA≈34.2 h
2026-07-14 01:41:44 [ERA5] progress=16,845/88,396 (19.06%) | new=5.89 GiB | skipped=16,193 | average=5.37 MiB/s | ETA≈34.2 h
2026-07-14 01:42:15 [ERA5] progress=16,864/88,396 (19.08%) | new=6.06 GiB | skipped=16,193 | average=5.37 MiB/s | ETA≈34.2 h
2026-07-14 01:42:46 [ERA5] progress=16,881/88,396 (19.10%) | new=6.21 GiB | skipped=16,193 | average=5.36 MiB/s | ETA≈34.2 h
2026-07-14 01:43:17 [ERA5] progress=16,898/88,396 (19.12%) | new=6.37 GiB | skipped=16,193 | average=5.36 MiB/s | ETA≈34.3 h
2026-07-14 01:43:49 [ERA5] progress=16,917/88,396 (19.14%) | new=6.54 GiB | skipped=16,193 | average=5.36 MiB/s | ETA≈34.2 h
2026-07-14 01:44:19 [ERA5] progress=16,933/88,396 (19.16%) | new=6.68 GiB | skipped=16,193 | average=5.35 MiB/s | ETA≈34.3 h
2026-07-14 01:44:50 [ERA5] progress=16,949/88,396 (19.17%) | new=6.83 GiB | skipped=16,193 | average=5.34 MiB/s | ETA≈34.4 h
2026-07-14 01:45:22 [ERA5] progress=16,967/88,396 (19.19%) | new=6.99 GiB | skipped=16,193 | average=5.34 MiB/s | ETA≈34.4 h
2026-07-14 01:45:52 [ERA5] progress=16,984/88,396 (19.21%) | new=7.15 GiB | skipped=16,193 | average=5.33 MiB/s | ETA≈34.4 h
2026-07-14 01:46:25 [ERA5] progress=17,002/88,396 (19.23%) | new=7.31 GiB | skipped=16,193 | average=5.33 MiB/s | ETA≈34.4 h
2026-07-14 01:46:56 [ERA5] progress=17,021/88,396 (19.26%) | new=7.48 GiB | skipped=16,193 | average=5.33 MiB/s | ETA≈34.4 h
2026-07-14 01:47:27 [ERA5] progress=17,043/88,396 (19.28%) | new=7.68 GiB | skipped=16,193 | average=5.36 MiB/s | ETA≈34.2 h
2026-07-14 01:47:59 [ERA5] progress=17,062/88,396 (19.30%) | new=7.85 GiB | skipped=16,193 | average=5.37 MiB/s | ETA≈34.2 h
2026-07-14 01:48:32 [ERA5] progress=17,082/88,396 (19.32%) | new=8.03 GiB | skipped=16,193 | average=5.37 MiB/s | ETA≈34.1 h
2026-07-14 01:49:04 [ERA5] progress=17,101/88,396 (19.35%) | new=8.21 GiB | skipped=16,193 | average=5.37 MiB/s | ETA≈34.1 h
2026-07-14 01:49:35 [ERA5] progress=17,120/88,396 (19.37%) | new=8.38 GiB | skipped=16,193 | average=5.38 MiB/s | ETA≈34.1 h
2026-07-14 01:50:05 [ERA5] progress=17,139/88,396 (19.39%) | new=8.55 GiB | skipped=16,193 | average=5.39 MiB/s | ETA≈34.0 h
2026-07-14 01:50:39 [ERA5] progress=17,159/88,396 (19.41%) | new=8.73 GiB | skipped=16,193 | average=5.39 MiB/s | ETA≈34.0 h
2026-07-14 01:51:12 [ERA5] progress=17,180/88,396 (19.44%) | new=8.92 GiB | skipped=16,193 | average=5.40 MiB/s | ETA≈33.9 h
2026-07-14 01:51:42 [ERA5] progress=17,197/88,396 (19.45%) | new=9.08 GiB | skipped=16,193 | average=5.40 MiB/s | ETA≈33.9 h
2026-07-14 01:52:15 [ERA5] progress=17,216/88,396 (19.48%) | new=9.25 GiB | skipped=16,193 | average=5.40 MiB/s | ETA≈33.9 h
2026-07-14 01:52:49 [ERA5] progress=17,235/88,396 (19.50%) | new=9.43 GiB | skipped=16,193 | average=5.40 MiB/s | ETA≈33.9 h
2026-07-14 01:53:20 [ERA5] progress=17,253/88,396 (19.52%) | new=9.59 GiB | skipped=16,193 | average=5.40 MiB/s | ETA≈33.9 h
2026-07-14 01:53:51 [ERA5] progress=17,273/88,396 (19.54%) | new=9.77 GiB | skipped=16,193 | average=5.41 MiB/s | ETA≈33.8 h
2026-07-14 01:54:23 [ERA5] progress=17,291/88,396 (19.56%) | new=9.94 GiB | skipped=16,193 | average=5.41 MiB/s | ETA≈33.9 h
2026-07-14 01:54:53 [ERA5] progress=17,310/88,396 (19.58%) | new=10.11 GiB | skipped=16,193 | average=5.41 MiB/s | ETA≈33.8 h
2026-07-14 01:55:25 [ERA5] progress=17,328/88,396 (19.60%) | new=10.28 GiB | skipped=16,193 | average=5.41 MiB/s | ETA≈33.8 h
2026-07-14 01:55:56 [ERA5] progress=17,346/88,396 (19.62%) | new=10.44 GiB | skipped=16,193 | average=5.41 MiB/s | ETA≈33.8 h
2026-07-14 01:56:30 [ERA5] progress=17,365/88,396 (19.64%) | new=10.61 GiB | skipped=16,193 | average=5.41 MiB/s | ETA≈33.8 h
2026-07-14 01:57:03 [ERA5] progress=17,385/88,396 (19.67%) | new=10.79 GiB | skipped=16,193 | average=5.41 MiB/s | ETA≈33.8 h
2026-07-14 01:57:35 [ERA5] progress=17,403/88,396 (19.69%) | new=10.95 GiB | skipped=16,193 | average=5.41 MiB/s | ETA≈33.8 h
2026-07-14 01:58:06 [ERA5] progress=17,422/88,396 (19.71%) | new=11.12 GiB | skipped=16,193 | average=5.41 MiB/s | ETA≈33.8 h
2026-07-14 01:58:37 [ERA5] progress=17,439/88,396 (19.73%) | new=11.28 GiB | skipped=16,193 | average=5.41 MiB/s | ETA≈33.8 h
2026-07-14 01:59:08 [ERA5] progress=17,458/88,396 (19.75%) | new=11.45 GiB | skipped=16,193 | average=5.41 MiB/s | ETA≈33.8 h
2026-07-14 01:59:38 [ERA5] progress=17,476/88,396 (19.77%) | new=11.61 GiB | skipped=16,193 | average=5.41 MiB/s | ETA≈33.7 h
2026-07-14 02:00:11 [ERA5] progress=17,495/88,396 (19.79%) | new=11.79 GiB | skipped=16,193 | average=5.41 MiB/s | ETA≈33.7 h
2026-07-14 02:00:44 [ERA5] progress=17,515/88,396 (19.81%) | new=11.97 GiB | skipped=16,193 | average=5.42 MiB/s | ETA≈33.7 h
2026-07-14 02:01:14 [ERA5] progress=17,535/88,396 (19.84%) | new=12.15 GiB | skipped=16,193 | average=5.42 MiB/s | ETA≈33.6 h
2026-07-14 02:01:45 [ERA5] progress=17,553/88,396 (19.86%) | new=12.31 GiB | skipped=16,193 | average=5.42 MiB/s | ETA≈33.6 h
2026-07-14 02:02:15 [ERA5] progress=17,571/88,396 (19.88%) | new=12.48 GiB | skipped=16,193 | average=5.43 MiB/s | ETA≈33.6 h
2026-07-14 02:02:48 [ERA5] progress=17,590/88,396 (19.90%) | new=12.65 GiB | skipped=16,193 | average=5.43 MiB/s | ETA≈33.6 h
2026-07-14 02:03:19 [ERA5] progress=17,609/88,396 (19.92%) | new=12.82 GiB | skipped=16,193 | average=5.43 MiB/s | ETA≈33.6 h
2026-07-14 02:03:51 [ERA5] progress=17,630/88,396 (19.94%) | new=13.01 GiB | skipped=16,193 | average=5.44 MiB/s | ETA≈33.5 h
2026-07-14 02:04:22 [ERA5] progress=17,647/88,396 (19.96%) | new=13.17 GiB | skipped=16,193 | average=5.43 MiB/s | ETA≈33.5 h
2026-07-14 02:04:52 [ERA5] progress=17,665/88,396 (19.98%) | new=13.33 GiB | skipped=16,193 | average=5.43 MiB/s | ETA≈33.5 h
2026-07-14 02:05:23 [ERA5] progress=17,683/88,396 (20.00%) | new=13.49 GiB | skipped=16,193 | average=5.43 MiB/s | ETA≈33.5 h
2026-07-14 02:05:56 [ERA5] progress=17,701/88,396 (20.02%) | new=13.66 GiB | skipped=16,193 | average=5.43 MiB/s | ETA≈33.5 h
2026-07-14 02:06:27 [ERA5] progress=17,720/88,396 (20.05%) | new=13.83 GiB | skipped=16,193 | average=5.43 MiB/s | ETA≈33.5 h
2026-07-14 02:06:59 [ERA5] progress=17,740/88,396 (20.07%) | new=14.01 GiB | skipped=16,193 | average=5.44 MiB/s | ETA≈33.5 h
2026-07-14 02:07:35 [ERA5] ========================================================================
2026-07-14 02:07:35 [ERA5] Parallel raw WeatherBench2 ERA5 downloader
2026-07-14 02:07:35 [ERA5] Period: 1979–2022
2026-07-14 02:07:35 [ERA5] Workers: 32
2026-07-14 02:07:35 [ERA5] No decompression or recompression
2026-07-14 02:07:35 [ERA5] ========================================================================
2026-07-14 02:07:35 [ERA5] Opening remote metadata
2026-07-14 02:07:59 [ERA5] Selected time indices: 29,220..93,503
2026-07-14 02:07:59 [ERA5] Selected timestamps: 64,284
2026-07-14 02:07:59 [ERA5] Copying Zarr metadata and coordinates
2026-07-14 02:08:01 [ERA5] metadata 1/39: .zgroup | exists | 24.00 B
2026-07-14 02:08:01 [ERA5] metadata 2/39: .zattrs | exists | 2.00 B
2026-07-14 02:08:01 [ERA5] metadata 3/39: .zarray | exists | 320.00 B
2026-07-14 02:08:01 [ERA5] metadata 4/39: .zattrs | exists | 129.00 B
2026-07-14 02:08:01 [ERA5] metadata 5/39: 0 | exists | 3.25 KiB
2026-07-14 02:08:01 [ERA5] metadata 6/39: 1 | exists | 3.29 KiB
2026-07-14 02:08:01 [ERA5] metadata 7/39: 2 | exists | 3.00 KiB
2026-07-14 02:08:01 [ERA5] metadata 8/39: 3 | exists | 3.29 KiB
2026-07-14 02:08:01 [ERA5] metadata 9/39: .zarray | exists | 314.00 B
2026-07-14 02:08:01 [ERA5] metadata 10/39: .zattrs | exists | 52.00 B
2026-07-14 02:08:01 [ERA5] metadata 11/39: 0 | exists | 120.00 B
2026-07-14 02:08:01 [ERA5] metadata 12/39: .zarray | exists | 317.00 B
2026-07-14 02:08:01 [ERA5] metadata 13/39: .zattrs | exists | 56.00 B
2026-07-14 02:08:01 [ERA5] metadata 14/39: 0 | exists | 845.00 B
2026-07-14 02:08:01 [ERA5] metadata 15/39: .zarray | exists | 317.00 B
2026-07-14 02:08:01 [ERA5] metadata 16/39: .zattrs | exists | 55.00 B
2026-07-14 02:08:01 [ERA5] metadata 17/39: 0 | exists | 528.00 B
2026-07-14 02:08:01 [ERA5] metadata 18/39: .zarray | exists | 393.00 B
2026-07-14 02:08:01 [ERA5] metadata 19/39: .zattrs | exists | 229.00 B
2026-07-14 02:08:01 [ERA5] metadata 20/39: .zarray | exists | 393.00 B
2026-07-14 02:08:01 [ERA5] metadata 21/39: .zattrs | exists | 222.00 B
2026-07-14 02:08:01 [ERA5] metadata 22/39: .zarray | exists | 393.00 B
2026-07-14 02:08:01 [ERA5] metadata 23/39: .zattrs | exists | 238.00 B
2026-07-14 02:08:01 [ERA5] metadata 24/39: .zarray | exists | 393.00 B
2026-07-14 02:08:01 [ERA5] metadata 25/39: .zattrs | exists | 234.00 B
2026-07-14 02:08:01 [ERA5] metadata 26/39: .zarray | exists | 393.00 B
2026-07-14 02:08:01 [ERA5] metadata 27/39: .zattrs | exists | 235.00 B
2026-07-14 02:08:01 [ERA5] metadata 28/39: .zarray | exists | 369.00 B
2026-07-14 02:08:01 [ERA5] metadata 29/39: .zattrs | exists | 175.00 B
2026-07-14 02:08:01 [ERA5] metadata 30/39: .zarray | exists | 369.00 B
2026-07-14 02:08:01 [ERA5] metadata 31/39: .zattrs | exists | 187.00 B
2026-07-14 02:08:01 [ERA5] metadata 32/39: .zarray | exists | 369.00 B
2026-07-14 02:08:01 [ERA5] metadata 33/39: .zattrs | exists | 187.00 B
2026-07-14 02:08:01 [ERA5] metadata 34/39: .zarray | exists | 369.00 B
2026-07-14 02:08:01 [ERA5] metadata 35/39: .zattrs | exists | 235.00 B
2026-07-14 02:08:01 [ERA5] metadata 36/39: .zarray | exists | 369.00 B
2026-07-14 02:08:01 [ERA5] metadata 37/39: .zattrs | exists | 217.00 B
2026-07-14 02:08:01 [ERA5] metadata 38/39: .zarray | exists | 369.00 B
2026-07-14 02:08:01 [ERA5] metadata 39/39: .zattrs | exists | 174.00 B
2026-07-14 02:08:01 [ERA5] geopotential: source chunks 3652..11687 | objects=8,036
2026-07-14 02:08:01 [ERA5] temperature: source chunks 3652..11687 | objects=8,036
2026-07-14 02:08:02 [ERA5] specific_humidity: source chunks 3652..11687 | objects=8,036
2026-07-14 02:08:02 [ERA5] u_component_of_wind: source chunks 3652..11687 | objects=8,036
2026-07-14 02:08:02 [ERA5] v_component_of_wind: source chunks 3652..11687 | objects=8,036
2026-07-14 02:08:03 [ERA5] 2m_temperature: source chunks 3652..11687 | objects=8,036
2026-07-14 02:08:03 [ERA5] 10m_u_component_of_wind: source chunks 3652..11687 | objects=8,036
2026-07-14 02:08:03 [ERA5] 10m_v_component_of_wind: source chunks 3652..11687 | objects=8,036
2026-07-14 02:08:03 [ERA5] mean_sea_level_pressure: source chunks 3652..11687 | objects=8,036
2026-07-14 02:08:04 [ERA5] surface_pressure: source chunks 3652..11687 | objects=8,036
2026-07-14 02:08:04 [ERA5] total_precipitation_6hr: source chunks 3652..11687 | objects=8,036
2026-07-14 02:08:04 [ERA5] Starting raw-object copy with 32 workers
2026-07-14 02:08:04 [ERA5] Total ERA5 chunk objects: 88,396
2026-07-14 02:08:04 [ERA5] Destination: /home/tahiti/ConserveFM/data/ERA5_WeatherBench2_1979_2022
2026-07-14 02:08:04 [ERA5] progress=99/88,396 (0.11%) | new=0.00 B | skipped=99 | average=0.00 B/s | ETA≈0.0 h
2026-07-14 02:13:21 [ERA5] progress=17,754/88,396 (20.08%) | new=9.27 MiB | skipped=17,753 | average=29.95 KiB/s | ETA≈6222.4 h
2026-07-14 02:15:01 [ERA5] progress=17,755/88,396 (20.09%) | new=18.54 MiB | skipped=17,753 | average=45.49 KiB/s | ETA≈4094.9 h
2026-07-14 02:15:46 [ERA5] progress=17,756/88,396 (20.09%) | new=27.86 MiB | skipped=17,753 | average=61.69 KiB/s | ETA≈3025.2 h
2026-07-14 02:16:55 [ERA5] progress=17,758/88,396 (20.09%) | new=46.38 MiB | skipped=17,753 | average=89.41 KiB/s | ETA≈2084.6 h
2026-07-14 02:17:37 [ERA5] progress=17,759/88,396 (20.09%) | new=55.64 MiB | skipped=17,753 | average=99.40 KiB/s | ETA≈1874.5 h
2026-07-14 02:18:59 [ERA5] progress=17,761/88,396 (20.09%) | new=72.44 MiB | skipped=17,753 | average=113.25 KiB/s | ETA≈1606.3 h
2026-07-14 02:20:08 [ERA5] progress=17,763/88,396 (20.09%) | new=91.01 MiB | skipped=17,753 | average=128.67 KiB/s | ETA≈1421.1 h
2026-07-14 02:20:49 [ERA5] progress=17,764/88,396 (20.10%) | new=100.29 MiB | skipped=17,753 | average=134.28 KiB/s | ETA≈1364.1 h
2026-07-14 02:22:04 [ERA5] progress=17,767/88,396 (20.10%) | new=126.35 MiB | skipped=17,753 | average=154.01 KiB/s | ETA≈1177.3 h
2026-07-14 02:22:35 [ERA5] progress=17,769/88,396 (20.10%) | new=144.94 MiB | skipped=17,753 | average=170.29 KiB/s | ETA≈1068.6 h
2026-07-14 02:23:12 [ERA5] progress=17,772/88,396 (20.10%) | new=170.96 MiB | skipped=17,753 | average=192.72 KiB/s | ETA≈937.9 h
2026-07-14 02:24:00 [ERA5] progress=17,773/88,396 (20.11%) | new=178.42 MiB | skipped=17,753 | average=191.08 KiB/s | ETA≈937.9 h
2026-07-14 02:24:56 [ERA5] progress=17,779/88,396 (20.11%) | new=233.97 MiB | skipped=17,753 | average=236.68 KiB/s | ETA≈763.7 h
2026-07-14 02:25:35 [ERA5] progress=17,780/88,396 (20.11%) | new=243.23 MiB | skipped=17,753 | average=237.05 KiB/s | ETA≈763.4 h
2026-07-14 02:26:17 [ERA5] progress=17,782/88,396 (20.12%) | new=259.93 MiB | skipped=17,753 | average=243.54 KiB/s | ETA≈739.2 h
2026-07-14 02:27:03 [ERA5] progress=17,783/88,396 (20.12%) | new=269.21 MiB | skipped=17,753 | average=241.91 KiB/s | ETA≈745.1 h
2026-07-14 02:28:23 [ERA5] progress=17,785/88,396 (20.12%) | new=285.93 MiB | skipped=17,753 | average=240.06 KiB/s | ETA≈747.6 h
2026-07-14 02:29:02 [ERA5] progress=17,789/88,396 (20.12%) | new=323.06 MiB | skipped=17,753 | average=262.98 KiB/s | ETA≈685.3 h
2026-07-14 02:29:34 [ERA5] progress=17,793/88,396 (20.13%) | new=360.19 MiB | skipped=17,753 | average=285.88 KiB/s | ETA≈632.6 h
2026-07-14 02:30:12 [ERA5] progress=17,797/88,396 (20.13%) | new=397.27 MiB | skipped=17,753 | average=306.32 KiB/s | ETA≈591.9 h
2026-07-14 02:31:02 [ERA5] progress=17,799/88,396 (20.14%) | new=415.84 MiB | skipped=17,753 | average=309.06 KiB/s | ETA≈587.4 h
2026-07-14 02:31:40 [ERA5] progress=17,800/88,396 (20.14%) | new=425.15 MiB | skipped=17,753 | average=307.33 KiB/s | ETA≈591.0 h
2026-07-14 02:33:05 [ERA5] progress=17,803/88,396 (20.14%) | new=451.17 MiB | skipped=17,753 | average=307.72 KiB/s | ETA≈588.8 h
2026-07-14 02:33:45 [ERA5] progress=17,806/88,396 (20.14%) | new=479.14 MiB | skipped=17,753 | average=318.44 KiB/s | ETA≈570.0 h
2026-07-14 02:34:20 [ERA5] progress=17,812/88,396 (20.15%) | new=534.96 MiB | skipped=17,753 | average=347.63 KiB/s | ETA≈523.7 h
2026-07-14 02:35:10 [ERA5] progress=17,813/88,396 (20.15%) | new=544.27 MiB | skipped=17,753 | average=342.72 KiB/s | ETA≈531.4 h
2026-07-14 02:36:11 [ERA5] progress=17,817/88,396 (20.16%) | new=581.50 MiB | skipped=17,753 | average=353.02 KiB/s | ETA≈516.7 h
2026-07-14 02:37:09 [ERA5] progress=17,820/88,396 (20.16%) | new=609.40 MiB | skipped=17,753 | average=357.47 KiB/s | ETA≈510.8 h
2026-07-14 02:38:11 [ERA5] progress=17,821/88,396 (20.16%) | new=618.75 MiB | skipped=17,753 | average=350.51 KiB/s | ETA≈521.1 h
2026-07-14 02:39:05 [ERA5] progress=17,826/88,396 (20.17%) | new=663.60 MiB | skipped=17,753 | average=365.18 KiB/s | ETA≈499.7 h
2026-07-14 02:39:47 [ERA5] progress=17,831/88,396 (20.17%) | new=710.35 MiB | skipped=17,753 | average=382.23 KiB/s | ETA≈478.2 h
2026-07-14 02:40:17 [ERA5] progress=17,833/88,396 (20.17%) | new=727.16 MiB | skipped=17,753 | average=385.10 KiB/s | ETA≈473.7 h
2026-07-14 02:41:10 [ERA5] progress=17,834/88,396 (20.18%) | new=736.50 MiB | skipped=17,753 | average=379.73 KiB/s | ETA≈480.6 h
2026-07-14 02:41:43 [ERA5] progress=17,836/88,396 (20.18%) | new=755.19 MiB | skipped=17,753 | average=382.93 KiB/s | ETA≈476.9 h
2026-07-14 02:42:49 [ERA5] progress=17,838/88,396 (20.18%) | new=772.03 MiB | skipped=17,753 | average=379.10 KiB/s | ETA≈480.8 h
2026-07-14 02:43:31 [ERA5] progress=17,840/88,396 (20.18%) | new=790.75 MiB | skipped=17,753 | average=380.64 KiB/s | ETA≈479.2 h
2026-07-14 02:44:29 [ERA5] progress=17,842/88,396 (20.18%) | new=809.48 MiB | skipped=17,753 | average=379.37 KiB/s | ETA≈481.1 h
2026-07-14 02:45:13 [ERA5] progress=17,845/88,396 (20.19%) | new=837.58 MiB | skipped=17,753 | average=384.78 KiB/s | ETA≈474.8 h
2026-07-14 02:45:56 [ERA5] progress=17,847/88,396 (20.19%) | new=856.30 MiB | skipped=17,753 | average=385.97 KiB/s | ETA≈473.6 h
2026-07-14 02:46:47 [ERA5] progress=17,849/88,396 (20.19%) | new=875.00 MiB | skipped=17,753 | average=385.62 KiB/s | ETA≈474.3 h
2026-07-14 02:47:26 [ERA5] progress=17,852/88,396 (20.20%) | new=903.07 MiB | skipped=17,753 | average=391.53 KiB/s | ETA≈467.5 h
2026-07-14 02:48:20 [ERA5] progress=17,853/88,396 (20.20%) | new=912.42 MiB | skipped=17,753 | average=386.67 KiB/s | ETA≈473.5 h
2026-07-14 02:49:00 [ERA5] progress=17,854/88,396 (20.20%) | new=921.78 MiB | skipped=17,753 | average=384.34 KiB/s | ETA≈476.5 h
2026-07-14 02:49:36 [ERA5] progress=17,855/88,396 (20.20%) | new=931.13 MiB | skipped=17,753 | average=382.60 KiB/s | ETA≈478.7 h
2026-07-14 02:50:12 [ERA5] progress=17,856/88,396 (20.20%) | new=940.40 MiB | skipped=17,753 | average=380.96 KiB/s | ETA≈480.9 h
2026-07-14 02:51:25 [ERA5] progress=17,858/88,396 (20.20%) | new=959.06 MiB | skipped=17,753 | average=377.61 KiB/s | ETA≈485.3 h
2026-07-14 02:51:55 [ERA5] progress=17,860/88,396 (20.20%) | new=977.73 MiB | skipped=17,753 | average=380.55 KiB/s | ETA≈481.8 h
2026-07-14 02:52:45 [ERA5] ========================================================================
2026-07-14 02:52:45 [ERA5] Parallel raw WeatherBench2 ERA5 downloader
2026-07-14 02:52:45 [ERA5] Period: 1979–2022
2026-07-14 02:52:45 [ERA5] Workers: 32
2026-07-14 02:52:45 [ERA5] No decompression or recompression
2026-07-14 02:52:45 [ERA5] ========================================================================
2026-07-14 02:52:45 [ERA5] Opening remote metadata
2026-07-14 02:53:10 [ERA5] Selected time indices: 29,220..93,503
2026-07-14 02:53:10 [ERA5] Selected timestamps: 64,284
2026-07-14 02:53:10 [ERA5] Copying Zarr metadata and coordinates
2026-07-14 02:53:11 [ERA5] metadata 1/39: .zgroup | exists | 24.00 B
2026-07-14 02:53:11 [ERA5] metadata 2/39: .zattrs | exists | 2.00 B
2026-07-14 02:53:11 [ERA5] metadata 3/39: .zarray | exists | 320.00 B
2026-07-14 02:53:11 [ERA5] metadata 4/39: .zattrs | exists | 129.00 B
2026-07-14 02:53:11 [ERA5] metadata 5/39: 0 | exists | 3.25 KiB
2026-07-14 02:53:11 [ERA5] metadata 6/39: 1 | exists | 3.29 KiB
2026-07-14 02:53:11 [ERA5] metadata 7/39: 2 | exists | 3.00 KiB
2026-07-14 02:53:11 [ERA5] metadata 8/39: 3 | exists | 3.29 KiB
2026-07-14 02:53:11 [ERA5] metadata 9/39: .zarray | exists | 314.00 B
2026-07-14 02:53:11 [ERA5] metadata 10/39: .zattrs | exists | 52.00 B
2026-07-14 02:53:11 [ERA5] metadata 11/39: 0 | exists | 120.00 B
2026-07-14 02:53:11 [ERA5] metadata 12/39: .zarray | exists | 317.00 B
2026-07-14 02:53:11 [ERA5] metadata 13/39: .zattrs | exists | 56.00 B
2026-07-14 02:53:11 [ERA5] metadata 14/39: 0 | exists | 845.00 B
2026-07-14 02:53:11 [ERA5] metadata 15/39: .zarray | exists | 317.00 B
2026-07-14 02:53:11 [ERA5] metadata 16/39: .zattrs | exists | 55.00 B
2026-07-14 02:53:11 [ERA5] metadata 17/39: 0 | exists | 528.00 B
2026-07-14 02:53:11 [ERA5] metadata 18/39: .zarray | exists | 393.00 B
2026-07-14 02:53:11 [ERA5] metadata 19/39: .zattrs | exists | 229.00 B
2026-07-14 02:53:11 [ERA5] metadata 20/39: .zarray | exists | 393.00 B
2026-07-14 02:53:11 [ERA5] metadata 21/39: .zattrs | exists | 222.00 B
2026-07-14 02:53:11 [ERA5] metadata 22/39: .zarray | exists | 393.00 B
2026-07-14 02:53:11 [ERA5] metadata 23/39: .zattrs | exists | 238.00 B
2026-07-14 02:53:11 [ERA5] metadata 24/39: .zarray | exists | 393.00 B
2026-07-14 02:53:11 [ERA5] metadata 25/39: .zattrs | exists | 234.00 B
2026-07-14 02:53:11 [ERA5] metadata 26/39: .zarray | exists | 393.00 B
2026-07-14 02:53:11 [ERA5] metadata 27/39: .zattrs | exists | 235.00 B
2026-07-14 02:53:11 [ERA5] metadata 28/39: .zarray | exists | 369.00 B
2026-07-14 02:53:11 [ERA5] metadata 29/39: .zattrs | exists | 175.00 B
2026-07-14 02:53:11 [ERA5] metadata 30/39: .zarray | exists | 369.00 B
2026-07-14 02:53:11 [ERA5] metadata 31/39: .zattrs | exists | 187.00 B
2026-07-14 02:53:11 [ERA5] metadata 32/39: .zarray | exists | 369.00 B
2026-07-14 02:53:11 [ERA5] metadata 33/39: .zattrs | exists | 187.00 B
2026-07-14 02:53:11 [ERA5] metadata 34/39: .zarray | exists | 369.00 B
2026-07-14 02:53:11 [ERA5] metadata 35/39: .zattrs | exists | 235.00 B
2026-07-14 02:53:11 [ERA5] metadata 36/39: .zarray | exists | 369.00 B
2026-07-14 02:53:11 [ERA5] metadata 37/39: .zattrs | exists | 217.00 B
2026-07-14 02:53:11 [ERA5] metadata 38/39: .zarray | exists | 369.00 B
2026-07-14 02:53:11 [ERA5] metadata 39/39: .zattrs | exists | 174.00 B
2026-07-14 02:53:12 [ERA5] geopotential: source chunks 3652..11687 | objects=8,036
2026-07-14 02:53:12 [ERA5] temperature: source chunks 3652..11687 | objects=8,036
2026-07-14 02:53:12 [ERA5] specific_humidity: source chunks 3652..11687 | objects=8,036
2026-07-14 02:53:12 [ERA5] u_component_of_wind: source chunks 3652..11687 | objects=8,036
2026-07-14 02:53:13 [ERA5] v_component_of_wind: source chunks 3652..11687 | objects=8,036
2026-07-14 02:53:13 [ERA5] 2m_temperature: source chunks 3652..11687 | objects=8,036
2026-07-14 02:53:13 [ERA5] 10m_u_component_of_wind: source chunks 3652..11687 | objects=8,036
2026-07-14 02:53:15 [ERA5] 10m_v_component_of_wind: source chunks 3652..11687 | objects=8,036
2026-07-14 02:53:16 [ERA5] mean_sea_level_pressure: source chunks 3652..11687 | objects=8,036
2026-07-14 02:53:16 [ERA5] surface_pressure: source chunks 3652..11687 | objects=8,036
2026-07-14 02:53:16 [ERA5] total_precipitation_6hr: source chunks 3652..11687 | objects=8,036
2026-07-14 02:53:16 [ERA5] Starting raw-object copy with 32 workers
2026-07-14 02:53:16 [ERA5] Total ERA5 chunk objects: 88,396
2026-07-14 02:53:16 [ERA5] Destination: /home/tahiti/ConserveFM/data/ERA5_WeatherBench2_1979_2022
2026-07-14 02:53:16 [ERA5] progress=95/88,396 (0.11%) | new=0.00 B | skipped=95 | average=0.00 B/s | ETA≈0.0 h
2026-07-14 02:59:28 [ERA5] progress=17,862/88,396 (20.21%) | new=9.34 MiB | skipped=17,861 | average=25.74 KiB/s | ETA≈7277.1 h
2026-07-14 03:02:45 [ERA5] progress=17,863/88,396 (20.21%) | new=18.60 MiB | skipped=17,861 | average=33.47 KiB/s | ETA≈5574.4 h
2026-07-14 03:03:31 [ERA5] progress=17,864/88,396 (20.21%) | new=27.87 MiB | skipped=17,861 | average=46.46 KiB/s | ETA≈4011.4 h
2026-07-14 03:05:20 [ERA5] progress=17,865/88,396 (20.21%) | new=37.14 MiB | skipped=17,861 | average=52.55 KiB/s | ETA≈3544.7 h
2026-07-14 03:06:06 [ERA5] progress=17,866/88,396 (20.21%) | new=46.48 MiB | skipped=17,861 | average=61.86 KiB/s | ETA≈3014.9 h
2026-07-14 03:06:55 [ERA5] progress=17,868/88,396 (20.21%) | new=65.15 MiB | skipped=17,861 | average=81.45 KiB/s | ETA≈2292.5 h
2026-07-14 03:08:09 [ERA5] progress=17,869/88,396 (20.21%) | new=74.50 MiB | skipped=17,861 | average=85.44 KiB/s | ETA≈2186.5 h
2026-07-14 03:09:16 [ERA5] progress=17,870/88,396 (20.22%) | new=83.77 MiB | skipped=17,861 | average=89.39 KiB/s | ETA≈2088.8 h
2026-07-14 03:10:11 [ERA5] progress=17,875/88,396 (20.22%) | new=130.21 MiB | skipped=17,861 | average=131.44 KiB/s | ETA≈1419.5 h
2026-07-14 03:10:46 [ERA5] progress=17,876/88,396 (20.22%) | new=139.53 MiB | skipped=17,861 | average=136.09 KiB/s | ETA≈1371.1 h
2026-07-14 03:12:15 [ERA5] progress=17,878/88,396 (20.22%) | new=158.00 MiB | skipped=17,861 | average=142.06 KiB/s | ETA≈1312.3 h
2026-07-14 03:12:54 [ERA5] progress=17,881/88,396 (20.23%) | new=185.84 MiB | skipped=17,861 | average=161.53 KiB/s | ETA≈1153.8 h
2026-07-14 03:13:26 [ERA5] progress=17,882/88,396 (20.23%) | new=195.14 MiB | skipped=17,861 | average=165.13 KiB/s | ETA≈1128.7 h
2026-07-14 03:14:40 [ERA5] progress=17,886/88,396 (20.23%) | new=232.25 MiB | skipped=17,861 | average=185.31 KiB/s | ETA≈1005.5 h
2026-07-14 03:16:01 [ERA5] progress=17,889/88,396 (20.24%) | new=259.88 MiB | skipped=17,861 | average=194.98 KiB/s | ETA≈954.7 h
2026-07-14 03:16:37 [ERA5] progress=17,891/88,396 (20.24%) | new=278.33 MiB | skipped=17,861 | average=203.50 KiB/s | ETA≈914.3 h
2026-07-14 03:17:51 [ERA5] progress=17,894/88,396 (20.24%) | new=306.27 MiB | skipped=17,861 | average=212.68 KiB/s | ETA≈875.1 h
2026-07-14 03:18:26 [ERA5] progress=17,897/88,396 (20.25%) | new=334.03 MiB | skipped=17,861 | average=226.55 KiB/s | ETA≈821.3 h
2026-07-14 03:19:08 [ERA5] progress=17,900/88,396 (20.25%) | new=361.70 MiB | skipped=17,861 | average=238.68 KiB/s | ETA≈779.2 h
2026-07-14 03:19:54 [ERA5] progress=17,902/88,396 (20.25%) | new=380.15 MiB | skipped=17,861 | average=243.65 KiB/s | ETA≈763.1 h
2026-07-14 03:21:13 [ERA5] progress=17,904/88,396 (20.25%) | new=398.60 MiB | skipped=17,861 | average=243.44 KiB/s | ETA≈763.5 h
2026-07-14 03:21:47 [ERA5] progress=17,907/88,396 (20.26%) | new=426.36 MiB | skipped=17,861 | average=255.27 KiB/s | ETA≈728.0 h
2026-07-14 03:22:24 [ERA5] progress=17,910/88,396 (20.26%) | new=454.17 MiB | skipped=17,861 | average=266.12 KiB/s | ETA≈698.3 h
2026-07-14 03:22:55 [ERA5] progress=17,913/88,396 (20.26%) | new=481.88 MiB | skipped=17,861 | average=277.41 KiB/s | ETA≈669.7 h
2026-07-14 03:23:26 [ERA5] progress=17,915/88,396 (20.27%) | new=500.53 MiB | skipped=17,861 | average=283.20 KiB/s | ETA≈656.2 h
2026-07-14 03:23:59 [ERA5] progress=17,920/88,396 (20.27%) | new=546.75 MiB | skipped=17,861 | average=303.77 KiB/s | ETA≈611.6 h
2026-07-14 03:24:32 [ERA5] progress=17,922/88,396 (20.27%) | new=565.25 MiB | skipped=17,861 | average=308.62 KiB/s | ETA≈601.9 h
2026-07-14 03:25:11 [ERA5] progress=17,923/88,396 (20.28%) | new=574.46 MiB | skipped=17,861 | average=307.16 KiB/s | ETA≈604.7 h
2026-07-14 03:26:18 [ERA5] progress=17,925/88,396 (20.28%) | new=593.00 MiB | skipped=17,861 | average=306.42 KiB/s | ETA≈606.1 h
2026-07-14 03:26:49 [ERA5] progress=17,930/88,396 (20.28%) | new=639.49 MiB | skipped=17,861 | average=325.42 KiB/s | ETA≈570.9 h
2026-07-14 03:27:20 [ERA5] progress=17,932/88,396 (20.29%) | new=658.09 MiB | skipped=17,861 | average=329.66 KiB/s | ETA≈563.5 h
2026-07-14 03:27:55 [ERA5] progress=17,934/88,396 (20.29%) | new=676.66 MiB | skipped=17,861 | average=333.33 KiB/s | ETA≈557.4 h
2026-07-14 03:28:25 [ERA5] progress=17,938/88,396 (20.29%) | new=713.81 MiB | skipped=17,861 | average=346.57 KiB/s | ETA≈536.1 h
2026-07-14 03:28:56 [ERA5] progress=17,941/88,396 (20.30%) | new=741.72 MiB | skipped=17,861 | average=354.97 KiB/s | ETA≈523.4 h
2026-07-14 03:30:18 [ERA5] progress=17,943/88,396 (20.30%) | new=760.33 MiB | skipped=17,861 | average=350.37 KiB/s | ETA≈530.3 h
2026-07-14 03:31:30 [ERA5] progress=17,947/88,396 (20.30%) | new=797.53 MiB | skipped=17,861 | average=356.09 KiB/s | ETA≈521.9 h
2026-07-14 03:32:16 [ERA5] progress=17,951/88,396 (20.31%) | new=834.63 MiB | skipped=17,861 | average=365.22 KiB/s | ETA≈508.8 h
2026-07-14 03:32:55 [ERA5] progress=17,954/88,396 (20.31%) | new=862.47 MiB | skipped=17,861 | average=371.27 KiB/s | ETA≈500.5 h
2026-07-14 03:34:05 [ERA5] progress=17,956/88,396 (20.31%) | new=881.06 MiB | skipped=17,861 | average=368.51 KiB/s | ETA≈504.3 h
2026-07-14 03:35:03 [ERA5] progress=17,962/88,396 (20.32%) | new=936.68 MiB | skipped=17,861 | average=382.66 KiB/s | ETA≈485.6 h
2026-07-14 03:35:35 [ERA5] progress=17,964/88,396 (20.32%) | new=955.21 MiB | skipped=17,861 | average=385.27 KiB/s | ETA≈482.2 h
2026-07-14 03:36:19 [ERA5] progress=17,965/88,396 (20.32%) | new=964.46 MiB | skipped=17,861 | average=382.36 KiB/s | ETA≈485.9 h
2026-07-14 03:37:29 [ERA5] progress=17,967/88,396 (20.33%) | new=983.00 MiB | skipped=17,861 | average=379.52 KiB/s | ETA≈489.5 h
2026-07-14 03:37:55 [ERA5] ========================================================================
2026-07-14 03:37:55 [ERA5] Parallel raw WeatherBench2 ERA5 downloader
2026-07-14 03:37:55 [ERA5] Period: 1979–2022
2026-07-14 03:37:55 [ERA5] Workers: 32
2026-07-14 03:37:55 [ERA5] No decompression or recompression
2026-07-14 03:37:55 [ERA5] ========================================================================
2026-07-14 03:37:55 [ERA5] Opening remote metadata
2026-07-14 03:38:24 [ERA5] Selected time indices: 29,220..93,503
2026-07-14 03:38:24 [ERA5] Selected timestamps: 64,284
2026-07-14 03:38:24 [ERA5] Copying Zarr metadata and coordinates
2026-07-14 03:38:26 [ERA5] metadata 1/39: .zgroup | exists | 24.00 B
2026-07-14 03:38:26 [ERA5] metadata 2/39: .zattrs | exists | 2.00 B
2026-07-14 03:38:26 [ERA5] metadata 3/39: .zarray | exists | 320.00 B
2026-07-14 03:38:26 [ERA5] metadata 4/39: .zattrs | exists | 129.00 B
2026-07-14 03:38:26 [ERA5] metadata 5/39: 0 | exists | 3.25 KiB
2026-07-14 03:38:26 [ERA5] metadata 6/39: 1 | exists | 3.29 KiB
2026-07-14 03:38:26 [ERA5] metadata 7/39: 2 | exists | 3.00 KiB
2026-07-14 03:38:26 [ERA5] metadata 8/39: 3 | exists | 3.29 KiB
2026-07-14 03:38:26 [ERA5] metadata 9/39: .zarray | exists | 314.00 B
2026-07-14 03:38:26 [ERA5] metadata 10/39: .zattrs | exists | 52.00 B
2026-07-14 03:38:26 [ERA5] metadata 11/39: 0 | exists | 120.00 B
2026-07-14 03:38:26 [ERA5] metadata 12/39: .zarray | exists | 317.00 B
2026-07-14 03:38:26 [ERA5] metadata 13/39: .zattrs | exists | 56.00 B
2026-07-14 03:38:26 [ERA5] metadata 14/39: 0 | exists | 845.00 B
2026-07-14 03:38:26 [ERA5] metadata 15/39: .zarray | exists | 317.00 B
2026-07-14 03:38:26 [ERA5] metadata 16/39: .zattrs | exists | 55.00 B
2026-07-14 03:38:26 [ERA5] metadata 17/39: 0 | exists | 528.00 B
2026-07-14 03:38:26 [ERA5] metadata 18/39: .zarray | exists | 393.00 B
2026-07-14 03:38:26 [ERA5] metadata 19/39: .zattrs | exists | 229.00 B
2026-07-14 03:38:26 [ERA5] metadata 20/39: .zarray | exists | 393.00 B
2026-07-14 03:38:26 [ERA5] metadata 21/39: .zattrs | exists | 222.00 B
2026-07-14 03:38:26 [ERA5] metadata 22/39: .zarray | exists | 393.00 B
2026-07-14 03:38:26 [ERA5] metadata 23/39: .zattrs | exists | 238.00 B
2026-07-14 03:38:26 [ERA5] metadata 24/39: .zarray | exists | 393.00 B
2026-07-14 03:38:26 [ERA5] metadata 25/39: .zattrs | exists | 234.00 B
2026-07-14 03:38:26 [ERA5] metadata 26/39: .zarray | exists | 393.00 B
2026-07-14 03:38:26 [ERA5] metadata 27/39: .zattrs | exists | 235.00 B
2026-07-14 03:38:26 [ERA5] metadata 28/39: .zarray | exists | 369.00 B
2026-07-14 03:38:26 [ERA5] metadata 29/39: .zattrs | exists | 175.00 B
2026-07-14 03:38:26 [ERA5] metadata 30/39: .zarray | exists | 369.00 B
2026-07-14 03:38:26 [ERA5] metadata 31/39: .zattrs | exists | 187.00 B
2026-07-14 03:38:26 [ERA5] metadata 32/39: .zarray | exists | 369.00 B
2026-07-14 03:38:26 [ERA5] metadata 33/39: .zattrs | exists | 187.00 B
2026-07-14 03:38:26 [ERA5] metadata 34/39: .zarray | exists | 369.00 B
2026-07-14 03:38:26 [ERA5] metadata 35/39: .zattrs | exists | 235.00 B
2026-07-14 03:38:26 [ERA5] metadata 36/39: .zarray | exists | 369.00 B
2026-07-14 03:38:26 [ERA5] metadata 37/39: .zattrs | exists | 217.00 B
2026-07-14 03:38:26 [ERA5] metadata 38/39: .zarray | exists | 369.00 B
2026-07-14 03:38:26 [ERA5] metadata 39/39: .zattrs | exists | 174.00 B
2026-07-14 03:38:26 [ERA5] geopotential: source chunks 3652..11687 | objects=8,036
2026-07-14 03:38:26 [ERA5] temperature: source chunks 3652..11687 | objects=8,036
2026-07-14 03:38:27 [ERA5] specific_humidity: source chunks 3652..11687 | objects=8,036
2026-07-14 03:38:27 [ERA5] u_component_of_wind: source chunks 3652..11687 | objects=8,036
2026-07-14 03:38:29 [ERA5] v_component_of_wind: source chunks 3652..11687 | objects=8,036
2026-07-14 03:38:30 [ERA5] 2m_temperature: source chunks 3652..11687 | objects=8,036
2026-07-14 03:38:31 [ERA5] 10m_u_component_of_wind: source chunks 3652..11687 | objects=8,036
2026-07-14 03:38:31 [ERA5] 10m_v_component_of_wind: source chunks 3652..11687 | objects=8,036
2026-07-14 03:38:32 [ERA5] mean_sea_level_pressure: source chunks 3652..11687 | objects=8,036
2026-07-14 03:38:33 [ERA5] surface_pressure: source chunks 3652..11687 | objects=8,036
2026-07-14 03:38:33 [ERA5] total_precipitation_6hr: source chunks 3652..11687 | objects=8,036
2026-07-14 03:38:33 [ERA5] Starting raw-object copy with 32 workers
2026-07-14 03:38:33 [ERA5] Total ERA5 chunk objects: 88,396
2026-07-14 03:38:33 [ERA5] Destination: /home/tahiti/ConserveFM/data/ERA5_WeatherBench2_1979_2022
2026-07-14 03:38:33 [ERA5] progress=91/88,396 (0.10%) | new=0.00 B | skipped=91 | average=0.00 B/s | ETA≈0.0 h
2026-07-14 03:39:04 [ERA5] progress=17,984/88,396 (20.34%) | new=130.43 MiB | skipped=17,970 | average=4.27 MiB/s | ETA≈42.6 h
2026-07-14 03:39:34 [ERA5] progress=18,001/88,396 (20.36%) | new=289.13 MiB | skipped=17,970 | average=4.75 MiB/s | ETA≈38.4 h
2026-07-14 03:40:05 [ERA5] progress=18,017/88,396 (20.38%) | new=438.69 MiB | skipped=17,970 | average=4.78 MiB/s | ETA≈38.2 h
2026-07-14 03:40:37 [ERA5] progress=18,033/88,396 (20.40%) | new=588.18 MiB | skipped=17,970 | average=4.77 MiB/s | ETA≈38.2 h
2026-07-14 03:41:10 [ERA5] progress=18,050/88,396 (20.42%) | new=746.40 MiB | skipped=17,970 | average=4.78 MiB/s | ETA≈38.2 h
2026-07-14 03:41:41 [ERA5] progress=18,068/88,396 (20.44%) | new=912.86 MiB | skipped=17,970 | average=4.86 MiB/s | ETA≈37.4 h
2026-07-14 03:42:11 [ERA5] progress=18,084/88,396 (20.46%) | new=1.04 GiB | skipped=17,970 | average=4.87 MiB/s | ETA≈37.3 h
2026-07-14 03:42:43 [ERA5] progress=18,101/88,396 (20.48%) | new=1.19 GiB | skipped=17,970 | average=4.88 MiB/s | ETA≈37.2 h
2026-07-14 03:43:13 [ERA5] progress=18,116/88,396 (20.49%) | new=1.33 GiB | skipped=17,970 | average=4.86 MiB/s | ETA≈37.4 h
2026-07-14 03:43:43 [ERA5] progress=18,132/88,396 (20.51%) | new=1.47 GiB | skipped=17,970 | average=4.86 MiB/s | ETA≈37.4 h
2026-07-14 03:44:14 [ERA5] progress=18,148/88,396 (20.53%) | new=1.62 GiB | skipped=17,970 | average=4.86 MiB/s | ETA≈37.4 h
2026-07-14 03:44:47 [ERA5] progress=18,165/88,396 (20.55%) | new=1.77 GiB | skipped=17,970 | average=4.87 MiB/s | ETA≈37.3 h
2026-07-14 03:45:17 [ERA5] progress=18,181/88,396 (20.57%) | new=1.92 GiB | skipped=17,970 | average=4.87 MiB/s | ETA≈37.3 h
2026-07-14 03:45:50 [ERA5] progress=18,200/88,396 (20.59%) | new=2.09 GiB | skipped=17,970 | average=4.91 MiB/s | ETA≈37.0 h
2026-07-14 03:46:21 [ERA5] progress=18,215/88,396 (20.61%) | new=2.23 GiB | skipped=17,970 | average=4.89 MiB/s | ETA≈37.2 h
2026-07-14 03:46:53 [ERA5] progress=18,234/88,396 (20.63%) | new=2.40 GiB | skipped=17,970 | average=4.93 MiB/s | ETA≈36.9 h
2026-07-14 03:47:23 [ERA5] progress=18,250/88,396 (20.65%) | new=2.55 GiB | skipped=17,970 | average=4.93 MiB/s | ETA≈36.9 h
2026-07-14 03:47:53 [ERA5] progress=18,266/88,396 (20.66%) | new=2.69 GiB | skipped=17,970 | average=4.92 MiB/s | ETA≈36.9 h
2026-07-14 03:48:24 [ERA5] progress=18,284/88,396 (20.68%) | new=2.86 GiB | skipped=17,970 | average=4.95 MiB/s | ETA≈36.6 h
2026-07-14 03:48:54 [ERA5] progress=18,302/88,396 (20.70%) | new=3.02 GiB | skipped=17,970 | average=4.98 MiB/s | ETA≈36.4 h
2026-07-14 03:49:27 [ERA5] progress=18,319/88,396 (20.72%) | new=3.17 GiB | skipped=17,970 | average=4.97 MiB/s | ETA≈36.5 h
2026-07-14 03:49:57 [ERA5] progress=18,337/88,396 (20.74%) | new=3.34 GiB | skipped=17,970 | average=4.99 MiB/s | ETA≈36.3 h
2026-07-14 03:50:30 [ERA5] progress=18,357/88,396 (20.77%) | new=3.52 GiB | skipped=17,970 | average=5.03 MiB/s | ETA≈36.0 h
2026-07-14 03:51:00 [ERA5] progress=18,374/88,396 (20.79%) | new=3.67 GiB | skipped=17,970 | average=5.04 MiB/s | ETA≈35.9 h
2026-07-14 03:51:31 [ERA5] progress=18,391/88,396 (20.81%) | new=3.83 GiB | skipped=17,970 | average=5.04 MiB/s | ETA≈35.9 h
2026-07-14 03:52:02 [ERA5] progress=18,405/88,396 (20.82%) | new=3.96 GiB | skipped=17,970 | average=5.01 MiB/s | ETA≈36.1 h
2026-07-14 03:52:32 [ERA5] progress=18,420/88,396 (20.84%) | new=4.09 GiB | skipped=17,970 | average=5.00 MiB/s | ETA≈36.2 h
2026-07-14 03:53:03 [ERA5] progress=18,437/88,396 (20.86%) | new=4.25 GiB | skipped=17,970 | average=5.00 MiB/s | ETA≈36.2 h
2026-07-14 03:53:35 [ERA5] progress=18,456/88,396 (20.88%) | new=4.42 GiB | skipped=17,970 | average=5.02 MiB/s | ETA≈36.0 h
2026-07-14 03:54:06 [ERA5] progress=18,474/88,396 (20.90%) | new=4.58 GiB | skipped=17,970 | average=5.03 MiB/s | ETA≈36.0 h
2026-07-14 03:54:36 [ERA5] progress=18,492/88,396 (20.92%) | new=4.75 GiB | skipped=17,970 | average=5.05 MiB/s | ETA≈35.8 h
2026-07-14 03:55:07 [ERA5] progress=18,508/88,396 (20.94%) | new=4.89 GiB | skipped=17,970 | average=5.04 MiB/s | ETA≈35.9 h
2026-07-14 03:55:38 [ERA5] progress=18,527/88,396 (20.96%) | new=5.06 GiB | skipped=17,970 | average=5.06 MiB/s | ETA≈35.7 h
2026-07-14 03:56:09 [ERA5] progress=18,544/88,396 (20.98%) | new=5.22 GiB | skipped=17,970 | average=5.06 MiB/s | ETA≈35.7 h
2026-07-14 03:56:39 [ERA5] progress=18,559/88,396 (21.00%) | new=5.36 GiB | skipped=17,970 | average=5.05 MiB/s | ETA≈35.8 h
2026-07-14 03:57:10 [ERA5] progress=18,576/88,396 (21.01%) | new=5.51 GiB | skipped=17,970 | average=5.05 MiB/s | ETA≈35.7 h
2026-07-14 03:57:42 [ERA5] progress=18,593/88,396 (21.03%) | new=5.67 GiB | skipped=17,970 | average=5.05 MiB/s | ETA≈35.8 h
2026-07-14 03:58:13 [ERA5] progress=18,610/88,396 (21.05%) | new=5.82 GiB | skipped=17,970 | average=5.05 MiB/s | ETA≈35.7 h
2026-07-14 03:58:47 [ERA5] progress=18,627/88,396 (21.07%) | new=5.97 GiB | skipped=17,970 | average=5.04 MiB/s | ETA≈35.8 h
2026-07-14 03:59:18 [ERA5] progress=18,644/88,396 (21.09%) | new=6.13 GiB | skipped=17,970 | average=5.04 MiB/s | ETA≈35.8 h
2026-07-14 03:59:49 [ERA5] progress=18,654/88,396 (21.10%) | new=6.22 GiB | skipped=17,970 | average=4.99 MiB/s | ETA≈36.1 h
2026-07-14 04:00:20 [ERA5] progress=18,671/88,396 (21.12%) | new=6.37 GiB | skipped=17,970 | average=4.99 MiB/s | ETA≈36.1 h
2026-07-14 04:00:51 [ERA5] progress=18,688/88,396 (21.14%) | new=6.53 GiB | skipped=17,970 | average=5.00 MiB/s | ETA≈36.1 h
2026-07-14 04:01:22 [ERA5] progress=18,708/88,396 (21.16%) | new=6.71 GiB | skipped=17,970 | average=5.02 MiB/s | ETA≈35.9 h
2026-07-14 04:01:52 [ERA5] progress=18,727/88,396 (21.19%) | new=6.88 GiB | skipped=17,970 | average=5.04 MiB/s | ETA≈35.8 h
2026-07-14 04:02:24 [ERA5] progress=18,743/88,396 (21.20%) | new=7.03 GiB | skipped=17,970 | average=5.03 MiB/s | ETA≈35.8 h
2026-07-14 04:02:55 [ERA5] progress=18,762/88,396 (21.22%) | new=7.20 GiB | skipped=17,970 | average=5.04 MiB/s | ETA≈35.7 h
2026-07-14 04:03:25 [ERA5] progress=18,782/88,396 (21.25%) | new=7.38 GiB | skipped=17,970 | average=5.07 MiB/s | ETA≈35.5 h
2026-07-14 04:03:56 [ERA5] progress=18,799/88,396 (21.27%) | new=7.54 GiB | skipped=17,970 | average=5.07 MiB/s | ETA≈35.5 h
2026-07-14 04:04:26 [ERA5] progress=18,813/88,396 (21.28%) | new=7.66 GiB | skipped=17,970 | average=5.05 MiB/s | ETA≈35.6 h
2026-07-14 04:04:57 [ERA5] progress=18,832/88,396 (21.30%) | new=7.84 GiB | skipped=17,970 | average=5.07 MiB/s | ETA≈35.5 h
2026-07-14 04:05:29 [ERA5] progress=18,849/88,396 (21.32%) | new=7.99 GiB | skipped=17,970 | average=5.06 MiB/s | ETA≈35.5 h
2026-07-14 04:06:00 [ERA5] progress=18,866/88,396 (21.34%) | new=8.14 GiB | skipped=17,970 | average=5.06 MiB/s | ETA≈35.5 h
2026-07-14 04:06:30 [ERA5] progress=18,885/88,396 (21.36%) | new=8.32 GiB | skipped=17,970 | average=5.08 MiB/s | ETA≈35.4 h
2026-07-14 04:07:02 [ERA5] progress=18,903/88,396 (21.38%) | new=8.48 GiB | skipped=17,970 | average=5.08 MiB/s | ETA≈35.4 h
2026-07-14 04:07:34 [ERA5] progress=18,921/88,396 (21.40%) | new=8.64 GiB | skipped=17,970 | average=5.08 MiB/s | ETA≈35.3 h
2026-07-14 04:08:06 [ERA5] progress=18,940/88,396 (21.43%) | new=8.82 GiB | skipped=17,970 | average=5.09 MiB/s | ETA≈35.3 h
2026-07-14 04:08:38 [ERA5] progress=18,959/88,396 (21.45%) | new=8.99 GiB | skipped=17,970 | average=5.10 MiB/s | ETA≈35.2 h
2026-07-14 04:09:09 [ERA5] progress=18,976/88,396 (21.47%) | new=9.14 GiB | skipped=17,970 | average=5.10 MiB/s | ETA≈35.2 h
2026-07-14 04:09:41 [ERA5] progress=18,993/88,396 (21.49%) | new=9.30 GiB | skipped=17,970 | average=5.10 MiB/s | ETA≈35.2 h
2026-07-14 04:10:12 [ERA5] progress=19,011/88,396 (21.51%) | new=9.46 GiB | skipped=17,970 | average=5.10 MiB/s | ETA≈35.2 h
2026-07-14 04:10:42 [ERA5] progress=19,030/88,396 (21.53%) | new=9.63 GiB | skipped=17,970 | average=5.11 MiB/s | ETA≈35.1 h
2026-07-14 04:11:13 [ERA5] progress=19,047/88,396 (21.55%) | new=9.79 GiB | skipped=17,970 | average=5.12 MiB/s | ETA≈35.0 h
2026-07-14 04:11:43 [ERA5] progress=19,064/88,396 (21.57%) | new=9.94 GiB | skipped=17,970 | average=5.12 MiB/s | ETA≈35.0 h
2026-07-14 04:12:14 [ERA5] progress=19,081/88,396 (21.59%) | new=10.10 GiB | skipped=17,970 | average=5.12 MiB/s | ETA≈35.0 h
2026-07-14 04:12:45 [ERA5] progress=19,101/88,396 (21.61%) | new=10.28 GiB | skipped=17,970 | average=5.13 MiB/s | ETA≈34.9 h
2026-07-14 04:13:16 [ERA5] progress=19,117/88,396 (21.63%) | new=10.43 GiB | skipped=17,970 | average=5.13 MiB/s | ETA≈34.9 h
2026-07-14 04:13:47 [ERA5] progress=19,134/88,396 (21.65%) | new=10.59 GiB | skipped=17,970 | average=5.13 MiB/s | ETA≈34.9 h
2026-07-14 04:14:17 [ERA5] progress=19,150/88,396 (21.66%) | new=10.73 GiB | skipped=17,970 | average=5.12 MiB/s | ETA≈35.0 h
2026-07-14 04:14:50 [ERA5] progress=19,167/88,396 (21.68%) | new=10.88 GiB | skipped=17,970 | average=5.12 MiB/s | ETA≈35.0 h
2026-07-14 04:15:20 [ERA5] progress=19,184/88,396 (21.70%) | new=11.04 GiB | skipped=17,970 | average=5.12 MiB/s | ETA≈34.9 h
2026-07-14 04:15:54 [ERA5] progress=19,203/88,396 (21.72%) | new=11.21 GiB | skipped=17,970 | average=5.12 MiB/s | ETA≈34.9 h
2026-07-14 04:16:26 [ERA5] progress=19,220/88,396 (21.74%) | new=11.37 GiB | skipped=17,970 | average=5.12 MiB/s | ETA≈34.9 h
2026-07-14 04:16:57 [ERA5] progress=19,233/88,396 (21.76%) | new=11.48 GiB | skipped=17,970 | average=5.11 MiB/s | ETA≈35.0 h
2026-07-14 04:17:30 [ERA5] progress=19,247/88,396 (21.77%) | new=11.61 GiB | skipped=17,970 | average=5.09 MiB/s | ETA≈35.1 h
2026-07-14 04:18:01 [ERA5] progress=19,260/88,396 (21.79%) | new=11.73 GiB | skipped=17,970 | average=5.07 MiB/s | ETA≈35.2 h
2026-07-14 04:18:31 [ERA5] progress=19,276/88,396 (21.81%) | new=11.88 GiB | skipped=17,970 | average=5.07 MiB/s | ETA≈35.2 h
2026-07-14 04:19:01 [ERA5] progress=19,292/88,396 (21.82%) | new=12.02 GiB | skipped=17,970 | average=5.07 MiB/s | ETA≈35.3 h
2026-07-14 04:19:32 [ERA5] progress=19,307/88,396 (21.84%) | new=12.16 GiB | skipped=17,970 | average=5.06 MiB/s | ETA≈35.3 h
2026-07-14 04:20:03 [ERA5] progress=19,319/88,396 (21.86%) | new=12.27 GiB | skipped=17,970 | average=5.05 MiB/s | ETA≈35.4 h
2026-07-14 04:20:37 [ERA5] progress=19,332/88,396 (21.87%) | new=12.38 GiB | skipped=17,970 | average=5.03 MiB/s | ETA≈35.5 h
2026-07-14 04:21:08 [ERA5] progress=19,345/88,396 (21.88%) | new=12.50 GiB | skipped=17,970 | average=5.01 MiB/s | ETA≈35.6 h
2026-07-14 04:21:40 [ERA5] progress=19,359/88,396 (21.90%) | new=12.63 GiB | skipped=17,970 | average=5.00 MiB/s | ETA≈35.7 h
2026-07-14 04:22:11 [ERA5] progress=19,374/88,396 (21.92%) | new=12.77 GiB | skipped=17,970 | average=4.99 MiB/s | ETA≈35.8 h
2026-07-14 04:22:44 [ERA5] progress=19,389/88,396 (21.93%) | new=12.90 GiB | skipped=17,970 | average=4.99 MiB/s | ETA≈35.8 h
2026-07-14 04:23:05 [ERA5] ========================================================================
2026-07-14 04:23:05 [ERA5] Parallel raw WeatherBench2 ERA5 downloader
2026-07-14 04:23:05 [ERA5] Period: 1979–2022
2026-07-14 04:23:05 [ERA5] Workers: 32
2026-07-14 04:23:05 [ERA5] No decompression or recompression
2026-07-14 04:23:05 [ERA5] ========================================================================
2026-07-14 04:23:05 [ERA5] Opening remote metadata
2026-07-14 04:23:27 [ERA5] Selected time indices: 29,220..93,503
2026-07-14 04:23:27 [ERA5] Selected timestamps: 64,284
2026-07-14 04:23:27 [ERA5] Copying Zarr metadata and coordinates
2026-07-14 04:23:28 [ERA5] metadata 1/39: .zgroup | exists | 24.00 B
2026-07-14 04:23:28 [ERA5] metadata 2/39: .zattrs | exists | 2.00 B
2026-07-14 04:23:28 [ERA5] metadata 3/39: .zarray | exists | 320.00 B
2026-07-14 04:23:28 [ERA5] metadata 4/39: .zattrs | exists | 129.00 B
2026-07-14 04:23:28 [ERA5] metadata 5/39: 0 | exists | 3.25 KiB
2026-07-14 04:23:28 [ERA5] metadata 6/39: 1 | exists | 3.29 KiB
2026-07-14 04:23:28 [ERA5] metadata 7/39: 2 | exists | 3.00 KiB
2026-07-14 04:23:28 [ERA5] metadata 8/39: 3 | exists | 3.29 KiB
2026-07-14 04:23:28 [ERA5] metadata 9/39: .zarray | exists | 314.00 B
2026-07-14 04:23:28 [ERA5] metadata 10/39: .zattrs | exists | 52.00 B
2026-07-14 04:23:28 [ERA5] metadata 11/39: 0 | exists | 120.00 B
2026-07-14 04:23:28 [ERA5] metadata 12/39: .zarray | exists | 317.00 B
2026-07-14 04:23:28 [ERA5] metadata 13/39: .zattrs | exists | 56.00 B
2026-07-14 04:23:28 [ERA5] metadata 14/39: 0 | exists | 845.00 B
2026-07-14 04:23:28 [ERA5] metadata 15/39: .zarray | exists | 317.00 B
2026-07-14 04:23:28 [ERA5] metadata 16/39: .zattrs | exists | 55.00 B
2026-07-14 04:23:28 [ERA5] metadata 17/39: 0 | exists | 528.00 B
2026-07-14 04:23:28 [ERA5] metadata 18/39: .zarray | exists | 393.00 B
2026-07-14 04:23:28 [ERA5] metadata 19/39: .zattrs | exists | 229.00 B
2026-07-14 04:23:28 [ERA5] metadata 20/39: .zarray | exists | 393.00 B
2026-07-14 04:23:28 [ERA5] metadata 21/39: .zattrs | exists | 222.00 B
2026-07-14 04:23:28 [ERA5] metadata 22/39: .zarray | exists | 393.00 B
2026-07-14 04:23:28 [ERA5] metadata 23/39: .zattrs | exists | 238.00 B
2026-07-14 04:23:28 [ERA5] metadata 24/39: .zarray | exists | 393.00 B
2026-07-14 04:23:28 [ERA5] metadata 25/39: .zattrs | exists | 234.00 B
2026-07-14 04:23:28 [ERA5] metadata 26/39: .zarray | exists | 393.00 B
2026-07-14 04:23:28 [ERA5] metadata 27/39: .zattrs | exists | 235.00 B
2026-07-14 04:23:28 [ERA5] metadata 28/39: .zarray | exists | 369.00 B
2026-07-14 04:23:28 [ERA5] metadata 29/39: .zattrs | exists | 175.00 B
2026-07-14 04:23:28 [ERA5] metadata 30/39: .zarray | exists | 369.00 B
2026-07-14 04:23:28 [ERA5] metadata 31/39: .zattrs | exists | 187.00 B
2026-07-14 04:23:28 [ERA5] metadata 32/39: .zarray | exists | 369.00 B
2026-07-14 04:23:28 [ERA5] metadata 33/39: .zattrs | exists | 187.00 B
2026-07-14 04:23:28 [ERA5] metadata 34/39: .zarray | exists | 369.00 B
2026-07-14 04:23:28 [ERA5] metadata 35/39: .zattrs | exists | 235.00 B
2026-07-14 04:23:28 [ERA5] metadata 36/39: .zarray | exists | 369.00 B
2026-07-14 04:23:28 [ERA5] metadata 37/39: .zattrs | exists | 217.00 B
2026-07-14 04:23:28 [ERA5] metadata 38/39: .zarray | exists | 369.00 B
2026-07-14 04:23:28 [ERA5] metadata 39/39: .zattrs | exists | 174.00 B
2026-07-14 04:23:28 [ERA5] geopotential: source chunks 3652..11687 | objects=8,036
2026-07-14 04:23:28 [ERA5] temperature: source chunks 3652..11687 | objects=8,036
2026-07-14 04:23:29 [ERA5] specific_humidity: source chunks 3652..11687 | objects=8,036
2026-07-14 04:23:29 [ERA5] u_component_of_wind: source chunks 3652..11687 | objects=8,036
2026-07-14 04:23:29 [ERA5] v_component_of_wind: source chunks 3652..11687 | objects=8,036
2026-07-14 04:23:30 [ERA5] 2m_temperature: source chunks 3652..11687 | objects=8,036
2026-07-14 04:23:30 [ERA5] 10m_u_component_of_wind: source chunks 3652..11687 | objects=8,036
2026-07-14 04:23:30 [ERA5] 10m_v_component_of_wind: source chunks 3652..11687 | objects=8,036
2026-07-14 04:23:31 [ERA5] mean_sea_level_pressure: source chunks 3652..11687 | objects=8,036
2026-07-14 04:23:32 [ERA5] surface_pressure: source chunks 3652..11687 | objects=8,036
2026-07-14 04:23:32 [ERA5] total_precipitation_6hr: source chunks 3652..11687 | objects=8,036
2026-07-14 04:23:32 [ERA5] Starting raw-object copy with 32 workers
2026-07-14 04:23:32 [ERA5] Total ERA5 chunk objects: 88,396
2026-07-14 04:23:32 [ERA5] Destination: /home/tahiti/ConserveFM/data/ERA5_WeatherBench2_1979_2022
2026-07-14 04:23:32 [ERA5] progress=100/88,396 (0.11%) | new=0.00 B | skipped=100 | average=0.00 B/s | ETA≈0.0 h
2026-07-14 04:24:03 [ERA5] progress=19,407/88,396 (21.95%) | new=121.30 MiB | skipped=19,394 | average=3.95 MiB/s | ETA≈45.2 h
2026-07-14 04:24:35 [ERA5] progress=19,422/88,396 (21.97%) | new=261.76 MiB | skipped=19,394 | average=4.14 MiB/s | ETA≈43.2 h
2026-07-14 04:25:06 [ERA5] progress=19,436/88,396 (21.99%) | new=392.56 MiB | skipped=19,394 | average=4.19 MiB/s | ETA≈42.8 h
2026-07-14 04:25:39 [ERA5] progress=19,451/88,396 (22.00%) | new=532.93 MiB | skipped=19,394 | average=4.21 MiB/s | ETA≈42.6 h
2026-07-14 04:26:11 [ERA5] progress=19,465/88,396 (22.02%) | new=664.23 MiB | skipped=19,394 | average=4.18 MiB/s | ETA≈42.8 h
2026-07-14 04:26:42 [ERA5] progress=19,477/88,396 (22.03%) | new=777.08 MiB | skipped=19,394 | average=4.09 MiB/s | ETA≈43.8 h
2026-07-14 04:27:15 [ERA5] progress=19,491/88,396 (22.05%) | new=908.56 MiB | skipped=19,394 | average=4.08 MiB/s | ETA≈43.9 h
2026-07-14 04:27:46 [ERA5] progress=19,505/88,396 (22.07%) | new=1.01 GiB | skipped=19,394 | average=4.10 MiB/s | ETA≈43.7 h
2026-07-14 04:28:17 [ERA5] progress=19,519/88,396 (22.08%) | new=1.14 GiB | skipped=19,394 | average=4.11 MiB/s | ETA≈43.6 h
2026-07-14 04:28:48 [ERA5] progress=19,531/88,396 (22.09%) | new=1.25 GiB | skipped=19,394 | average=4.06 MiB/s | ETA≈44.0 h
2026-07-14 04:29:18 [ERA5] progress=19,545/88,396 (22.11%) | new=1.38 GiB | skipped=19,394 | average=4.08 MiB/s | ETA≈43.8 h
2026-07-14 04:29:53 [ERA5] progress=19,559/88,396 (22.13%) | new=1.50 GiB | skipped=19,394 | average=4.05 MiB/s | ETA≈44.1 h
2026-07-14 04:30:26 [ERA5] progress=19,575/88,396 (22.14%) | new=1.65 GiB | skipped=19,394 | average=4.09 MiB/s | ETA≈43.7 h
2026-07-14 04:31:02 [ERA5] progress=19,590/88,396 (22.16%) | new=1.79 GiB | skipped=19,394 | average=4.07 MiB/s | ETA≈43.8 h
2026-07-14 04:31:34 [ERA5] progress=19,606/88,396 (22.18%) | new=1.93 GiB | skipped=19,394 | average=4.11 MiB/s | ETA≈43.4 h
2026-07-14 04:32:07 [ERA5] progress=19,620/88,396 (22.20%) | new=2.06 GiB | skipped=19,394 | average=4.10 MiB/s | ETA≈43.5 h
2026-07-14 04:32:38 [ERA5] progress=19,637/88,396 (22.21%) | new=2.22 GiB | skipped=19,394 | average=4.16 MiB/s | ETA≈42.9 h
2026-07-14 04:33:10 [ERA5] progress=19,651/88,396 (22.23%) | new=2.34 GiB | skipped=19,394 | average=4.16 MiB/s | ETA≈42.9 h
2026-07-14 04:33:43 [ERA5] progress=19,664/88,396 (22.25%) | new=2.46 GiB | skipped=19,394 | average=4.13 MiB/s | ETA≈43.2 h
2026-07-14 04:34:14 [ERA5] progress=19,678/88,396 (22.26%) | new=2.59 GiB | skipped=19,394 | average=4.14 MiB/s | ETA≈43.1 h
2026-07-14 04:34:48 [ERA5] progress=19,692/88,396 (22.28%) | new=2.72 GiB | skipped=19,394 | average=4.12 MiB/s | ETA≈43.3 h
2026-07-14 04:35:18 [ERA5] progress=19,706/88,396 (22.29%) | new=2.85 GiB | skipped=19,394 | average=4.13 MiB/s | ETA≈43.1 h
2026-07-14 04:35:49 [ERA5] progress=19,720/88,396 (22.31%) | new=2.97 GiB | skipped=19,394 | average=4.13 MiB/s | ETA≈43.1 h
2026-07-14 04:36:19 [ERA5] progress=19,734/88,396 (22.32%) | new=3.10 GiB | skipped=19,394 | average=4.14 MiB/s | ETA≈43.0 h
2026-07-14 04:36:52 [ERA5] progress=19,750/88,396 (22.34%) | new=3.25 GiB | skipped=19,394 | average=4.16 MiB/s | ETA≈42.8 h
2026-07-14 04:37:24 [ERA5] progress=19,765/88,396 (22.36%) | new=3.38 GiB | skipped=19,394 | average=4.17 MiB/s | ETA≈42.7 h
2026-07-14 04:37:56 [ERA5] progress=19,779/88,396 (22.38%) | new=3.51 GiB | skipped=19,394 | average=4.16 MiB/s | ETA≈42.8 h
2026-07-14 04:38:26 [ERA5] progress=19,791/88,396 (22.39%) | new=3.62 GiB | skipped=19,394 | average=4.15 MiB/s | ETA≈42.9 h
2026-07-14 04:39:01 [ERA5] progress=19,806/88,396 (22.41%) | new=3.76 GiB | skipped=19,394 | average=4.14 MiB/s | ETA≈42.9 h
2026-07-14 04:39:34 [ERA5] progress=19,822/88,396 (22.42%) | new=3.90 GiB | skipped=19,394 | average=4.15 MiB/s | ETA≈42.8 h
2026-07-14 04:40:05 [ERA5] progress=19,837/88,396 (22.44%) | new=4.04 GiB | skipped=19,394 | average=4.17 MiB/s | ETA≈42.7 h
2026-07-14 04:40:37 [ERA5] progress=19,850/88,396 (22.46%) | new=4.16 GiB | skipped=19,394 | average=4.16 MiB/s | ETA≈42.8 h
2026-07-14 04:41:09 [ERA5] progress=19,865/88,396 (22.47%) | new=4.30 GiB | skipped=19,394 | average=4.17 MiB/s | ETA≈42.7 h
2026-07-14 04:41:40 [ERA5] progress=19,881/88,396 (22.49%) | new=4.44 GiB | skipped=19,394 | average=4.18 MiB/s | ETA≈42.5 h
2026-07-14 04:42:14 [ERA5] progress=19,895/88,396 (22.51%) | new=4.57 GiB | skipped=19,394 | average=4.17 MiB/s | ETA≈42.6 h
2026-07-14 04:42:47 [ERA5] progress=19,916/88,396 (22.53%) | new=4.76 GiB | skipped=19,394 | average=4.22 MiB/s | ETA≈42.1 h
2026-07-14 04:43:18 [ERA5] progress=19,930/88,396 (22.55%) | new=4.89 GiB | skipped=19,394 | average=4.22 MiB/s | ETA≈42.1 h
2026-07-14 04:43:48 [ERA5] progress=19,948/88,396 (22.57%) | new=5.05 GiB | skipped=19,394 | average=4.26 MiB/s | ETA≈41.7 h
2026-07-14 04:44:18 [ERA5] progress=19,963/88,396 (22.58%) | new=5.19 GiB | skipped=19,394 | average=4.26 MiB/s | ETA≈41.6 h
2026-07-14 04:44:52 [ERA5] progress=19,979/88,396 (22.60%) | new=5.33 GiB | skipped=19,394 | average=4.27 MiB/s | ETA≈41.6 h
2026-07-14 04:45:23 [ERA5] progress=19,994/88,396 (22.62%) | new=5.47 GiB | skipped=19,394 | average=4.27 MiB/s | ETA≈41.5 h
2026-07-14 04:46:01 [ERA5] progress=20,004/88,396 (22.63%) | new=5.56 GiB | skipped=19,394 | average=4.22 MiB/s | ETA≈42.0 h
2026-07-14 04:46:46 [ERA5] progress=20,006/88,396 (22.63%) | new=5.58 GiB | skipped=19,394 | average=4.10 MiB/s | ETA≈43.3 h
2026-07-14 04:47:17 [ERA5] progress=20,009/88,396 (22.64%) | new=5.60 GiB | skipped=19,394 | average=4.03 MiB/s | ETA≈44.0 h
2026-07-14 04:47:55 [ERA5] progress=20,011/88,396 (22.64%) | new=5.62 GiB | skipped=19,394 | average=3.94 MiB/s | ETA≈45.0 h
2026-07-14 04:49:21 [ERA5] progress=20,013/88,396 (22.64%) | new=5.64 GiB | skipped=19,394 | average=3.73 MiB/s | ETA≈47.5 h
2026-07-14 04:49:52 [ERA5] progress=20,017/88,396 (22.64%) | new=5.68 GiB | skipped=19,394 | average=3.68 MiB/s | ETA≈48.2 h
2026-07-14 04:51:25 [ERA5] progress=20,018/88,396 (22.65%) | new=5.69 GiB | skipped=19,394 | average=3.48 MiB/s | ETA≈50.9 h
2026-07-14 04:52:01 [ERA5] progress=20,019/88,396 (22.65%) | new=5.70 GiB | skipped=19,394 | average=3.41 MiB/s | ETA≈51.9 h
2026-07-14 04:52:52 [ERA5] progress=20,022/88,396 (22.65%) | new=5.72 GiB | skipped=19,394 | average=3.33 MiB/s | ETA≈53.2 h
2026-07-14 04:54:04 [ERA5] progress=20,024/88,396 (22.65%) | new=5.74 GiB | skipped=19,394 | average=3.21 MiB/s | ETA≈55.2 h
2026-07-14 04:55:01 [ERA5] progress=20,027/88,396 (22.66%) | new=5.77 GiB | skipped=19,394 | average=3.13 MiB/s | ETA≈56.7 h
2026-07-14 04:55:36 [ERA5] progress=20,028/88,396 (22.66%) | new=5.78 GiB | skipped=19,394 | average=3.08 MiB/s | ETA≈57.6 h
2026-07-14 04:56:28 [ERA5] progress=20,029/88,396 (22.66%) | new=5.79 GiB | skipped=19,394 | average=3.00 MiB/s | ETA≈59.1 h
2026-07-14 04:57:04 [ERA5] progress=20,030/88,396 (22.66%) | new=5.80 GiB | skipped=19,394 | average=2.95 MiB/s | ETA≈60.1 h
2026-07-14 04:57:49 [ERA5] progress=20,033/88,396 (22.66%) | new=5.82 GiB | skipped=19,394 | average=2.90 MiB/s | ETA≈61.1 h
2026-07-14 04:58:42 [ERA5] progress=20,034/88,396 (22.66%) | new=5.83 GiB | skipped=19,394 | average=2.83 MiB/s | ETA≈62.6 h
2026-07-14 04:59:40 [ERA5] progress=20,035/88,396 (22.67%) | new=5.84 GiB | skipped=19,394 | average=2.76 MiB/s | ETA≈64.2 h
2026-07-14 05:00:36 [ERA5] progress=20,038/88,396 (22.67%) | new=5.87 GiB | skipped=19,394 | average=2.70 MiB/s | ETA≈65.6 h
2026-07-14 05:01:14 [ERA5] progress=20,039/88,396 (22.67%) | new=5.88 GiB | skipped=19,394 | average=2.66 MiB/s | ETA≈66.6 h
2026-07-14 05:01:55 [ERA5] progress=20,040/88,396 (22.67%) | new=5.89 GiB | skipped=19,394 | average=2.62 MiB/s | ETA≈67.7 h
2026-07-14 05:02:42 [ERA5] progress=20,041/88,396 (22.67%) | new=5.90 GiB | skipped=19,394 | average=2.57 MiB/s | ETA≈69.0 h
2026-07-14 05:03:21 [ERA5] progress=20,042/88,396 (22.67%) | new=5.91 GiB | skipped=19,394 | average=2.53 MiB/s | ETA≈70.0 h
2026-07-14 05:04:11 [ERA5] progress=20,045/88,396 (22.68%) | new=5.93 GiB | skipped=19,394 | average=2.49 MiB/s | ETA≈71.1 h
2026-07-14 05:04:46 [ERA5] progress=20,046/88,396 (22.68%) | new=5.94 GiB | skipped=19,394 | average=2.46 MiB/s | ETA≈72.0 h
2026-07-14 05:05:52 [ERA5] progress=20,047/88,396 (22.68%) | new=5.95 GiB | skipped=19,394 | average=2.40 MiB/s | ETA≈73.8 h
2026-07-14 05:06:34 [ERA5] progress=20,049/88,396 (22.68%) | new=5.97 GiB | skipped=19,394 | average=2.37 MiB/s | ETA≈74.8 h
2026-07-14 05:07:30 [ERA5] progress=20,051/88,396 (22.68%) | new=5.99 GiB | skipped=19,394 | average=2.32 MiB/s | ETA≈76.2 h
2026-07-14 05:08:16 [ERA5] ========================================================================
2026-07-14 05:08:16 [ERA5] Parallel raw WeatherBench2 ERA5 downloader
2026-07-14 05:08:16 [ERA5] Period: 1979–2022
2026-07-14 05:08:16 [ERA5] Workers: 32
2026-07-14 05:08:16 [ERA5] No decompression or recompression
2026-07-14 05:08:16 [ERA5] ========================================================================
2026-07-14 05:08:16 [ERA5] Opening remote metadata
2026-07-14 05:08:38 [ERA5] Selected time indices: 29,220..93,503
2026-07-14 05:08:38 [ERA5] Selected timestamps: 64,284
2026-07-14 05:08:38 [ERA5] Copying Zarr metadata and coordinates
2026-07-14 05:08:38 [ERA5] metadata 1/39: .zgroup | exists | 24.00 B
2026-07-14 05:08:38 [ERA5] metadata 2/39: .zattrs | exists | 2.00 B
2026-07-14 05:08:38 [ERA5] metadata 3/39: .zarray | exists | 320.00 B
2026-07-14 05:08:38 [ERA5] metadata 4/39: .zattrs | exists | 129.00 B
2026-07-14 05:08:38 [ERA5] metadata 5/39: 0 | exists | 3.25 KiB
2026-07-14 05:08:38 [ERA5] metadata 6/39: 1 | exists | 3.29 KiB
2026-07-14 05:08:38 [ERA5] metadata 7/39: 2 | exists | 3.00 KiB
2026-07-14 05:08:38 [ERA5] metadata 8/39: 3 | exists | 3.29 KiB
2026-07-14 05:08:38 [ERA5] metadata 9/39: .zarray | exists | 314.00 B
2026-07-14 05:08:38 [ERA5] metadata 10/39: .zattrs | exists | 52.00 B
2026-07-14 05:08:38 [ERA5] metadata 11/39: 0 | exists | 120.00 B
2026-07-14 05:08:38 [ERA5] metadata 12/39: .zarray | exists | 317.00 B
2026-07-14 05:08:38 [ERA5] metadata 13/39: .zattrs | exists | 56.00 B
2026-07-14 05:08:38 [ERA5] metadata 14/39: 0 | exists | 845.00 B
2026-07-14 05:08:38 [ERA5] metadata 15/39: .zarray | exists | 317.00 B
2026-07-14 05:08:38 [ERA5] metadata 16/39: .zattrs | exists | 55.00 B
2026-07-14 05:08:38 [ERA5] metadata 17/39: 0 | exists | 528.00 B
2026-07-14 05:08:38 [ERA5] metadata 18/39: .zarray | exists | 393.00 B
2026-07-14 05:08:38 [ERA5] metadata 19/39: .zattrs | exists | 229.00 B
2026-07-14 05:08:38 [ERA5] metadata 20/39: .zarray | exists | 393.00 B
2026-07-14 05:08:38 [ERA5] metadata 21/39: .zattrs | exists | 222.00 B
2026-07-14 05:08:38 [ERA5] metadata 22/39: .zarray | exists | 393.00 B
2026-07-14 05:08:38 [ERA5] metadata 23/39: .zattrs | exists | 238.00 B
2026-07-14 05:08:38 [ERA5] metadata 24/39: .zarray | exists | 393.00 B
2026-07-14 05:08:38 [ERA5] metadata 25/39: .zattrs | exists | 234.00 B
2026-07-14 05:08:38 [ERA5] metadata 26/39: .zarray | exists | 393.00 B
2026-07-14 05:08:38 [ERA5] metadata 27/39: .zattrs | exists | 235.00 B
2026-07-14 05:08:38 [ERA5] metadata 28/39: .zarray | exists | 369.00 B
2026-07-14 05:08:38 [ERA5] metadata 29/39: .zattrs | exists | 175.00 B
2026-07-14 05:08:38 [ERA5] metadata 30/39: .zarray | exists | 369.00 B
2026-07-14 05:08:38 [ERA5] metadata 31/39: .zattrs | exists | 187.00 B
2026-07-14 05:08:38 [ERA5] metadata 32/39: .zarray | exists | 369.00 B
2026-07-14 05:08:38 [ERA5] metadata 33/39: .zattrs | exists | 187.00 B
2026-07-14 05:08:38 [ERA5] metadata 34/39: .zarray | exists | 369.00 B
2026-07-14 05:08:38 [ERA5] metadata 35/39: .zattrs | exists | 235.00 B
2026-07-14 05:08:38 [ERA5] metadata 36/39: .zarray | exists | 369.00 B
2026-07-14 05:08:38 [ERA5] metadata 37/39: .zattrs | exists | 217.00 B
2026-07-14 05:08:38 [ERA5] metadata 38/39: .zarray | exists | 369.00 B
2026-07-14 05:08:38 [ERA5] metadata 39/39: .zattrs | exists | 174.00 B
2026-07-14 05:08:39 [ERA5] geopotential: source chunks 3652..11687 | objects=8,036
2026-07-14 05:08:39 [ERA5] temperature: source chunks 3652..11687 | objects=8,036
2026-07-14 05:08:39 [ERA5] specific_humidity: source chunks 3652..11687 | objects=8,036
2026-07-14 05:08:40 [ERA5] u_component_of_wind: source chunks 3652..11687 | objects=8,036
2026-07-14 05:08:40 [ERA5] v_component_of_wind: source chunks 3652..11687 | objects=8,036
2026-07-14 05:08:40 [ERA5] 2m_temperature: source chunks 3652..11687 | objects=8,036
2026-07-14 05:08:41 [ERA5] 10m_u_component_of_wind: source chunks 3652..11687 | objects=8,036
2026-07-14 05:08:41 [ERA5] 10m_v_component_of_wind: source chunks 3652..11687 | objects=8,036
2026-07-14 05:08:41 [ERA5] mean_sea_level_pressure: source chunks 3652..11687 | objects=8,036
2026-07-14 05:08:41 [ERA5] surface_pressure: source chunks 3652..11687 | objects=8,036
2026-07-14 05:08:42 [ERA5] total_precipitation_6hr: source chunks 3652..11687 | objects=8,036
2026-07-14 05:08:42 [ERA5] Starting raw-object copy with 32 workers
2026-07-14 05:08:42 [ERA5] Total ERA5 chunk objects: 88,396
2026-07-14 05:08:42 [ERA5] Destination: /home/tahiti/ConserveFM/data/ERA5_WeatherBench2_1979_2022
2026-07-14 05:08:42 [ERA5] progress=89/88,396 (0.10%) | new=0.00 B | skipped=89 | average=0.00 B/s | ETA≈0.0 h
2026-07-14 05:09:13 [ERA5] progress=20,065/88,396 (22.70%) | new=121.06 MiB | skipped=20,052 | average=3.83 MiB/s | ETA≈46.1 h
2026-07-14 05:09:47 [ERA5] progress=20,080/88,396 (22.72%) | new=260.50 MiB | skipped=20,052 | average=3.97 MiB/s | ETA≈44.5 h
2026-07-14 05:10:18 [ERA5] progress=20,091/88,396 (22.73%) | new=362.85 MiB | skipped=20,052 | average=3.78 MiB/s | ETA≈46.7 h
2026-07-14 05:10:50 [ERA5] progress=20,105/88,396 (22.74%) | new=493.74 MiB | skipped=20,052 | average=3.84 MiB/s | ETA≈46.1 h
2026-07-14 05:11:20 [ERA5] progress=20,118/88,396 (22.76%) | new=615.57 MiB | skipped=20,052 | average=3.88 MiB/s | ETA≈45.6 h
2026-07-14 05:11:52 [ERA5] progress=20,132/88,396 (22.77%) | new=746.61 MiB | skipped=20,052 | average=3.92 MiB/s | ETA≈45.2 h
2026-07-14 05:12:22 [ERA5] progress=20,144/88,396 (22.79%) | new=858.73 MiB | skipped=20,052 | average=3.89 MiB/s | ETA≈45.5 h
2026-07-14 05:12:54 [ERA5] progress=20,159/88,396 (22.81%) | new=998.72 MiB | skipped=20,052 | average=3.96 MiB/s | ETA≈44.7 h
2026-07-14 05:13:26 [ERA5] progress=20,172/88,396 (22.82%) | new=1.09 GiB | skipped=20,052 | average=3.95 MiB/s | ETA≈44.8 h
2026-07-14 05:13:56 [ERA5] progress=20,186/88,396 (22.84%) | new=1.22 GiB | skipped=20,052 | average=3.99 MiB/s | ETA≈44.4 h
2026-07-14 05:14:28 [ERA5] progress=20,199/88,396 (22.85%) | new=1.34 GiB | skipped=20,052 | average=3.97 MiB/s | ETA≈44.6 h
2026-07-14 05:14:59 [ERA5] progress=20,215/88,396 (22.87%) | new=1.49 GiB | skipped=20,052 | average=4.04 MiB/s | ETA≈43.9 h
2026-07-14 05:15:30 [ERA5] progress=20,230/88,396 (22.89%) | new=1.63 GiB | skipped=20,052 | average=4.07 MiB/s | ETA≈43.5 h
2026-07-14 05:16:03 [ERA5] progress=20,247/88,396 (22.90%) | new=1.78 GiB | skipped=20,052 | average=4.13 MiB/s | ETA≈42.8 h
2026-07-14 05:16:33 [ERA5] progress=20,260/88,396 (22.92%) | new=1.90 GiB | skipped=20,052 | average=4.13 MiB/s | ETA≈42.9 h
2026-07-14 05:17:04 [ERA5] progress=20,274/88,396 (22.94%) | new=2.03 GiB | skipped=20,052 | average=4.13 MiB/s | ETA≈42.8 h
2026-07-14 05:17:38 [ERA5] progress=20,289/88,396 (22.95%) | new=2.16 GiB | skipped=20,052 | average=4.13 MiB/s | ETA≈42.8 h
2026-07-14 05:18:08 [ERA5] progress=20,304/88,396 (22.97%) | new=2.30 GiB | skipped=20,052 | average=4.16 MiB/s | ETA≈42.5 h
2026-07-14 05:18:40 [ERA5] progress=20,316/88,396 (22.98%) | new=2.41 GiB | skipped=20,052 | average=4.13 MiB/s | ETA≈42.8 h
2026-07-14 05:19:12 [ERA5] progress=20,331/88,396 (23.00%) | new=2.55 GiB | skipped=20,052 | average=4.14 MiB/s | ETA≈42.7 h
2026-07-14 05:19:44 [ERA5] progress=20,350/88,396 (23.02%) | new=2.72 GiB | skipped=20,052 | average=4.21 MiB/s | ETA≈42.0 h
2026-07-14 05:20:18 [ERA5] progress=20,365/88,396 (23.04%) | new=2.86 GiB | skipped=20,052 | average=4.20 MiB/s | ETA≈42.1 h
2026-07-14 05:20:53 [ERA5] progress=20,382/88,396 (23.06%) | new=3.01 GiB | skipped=20,052 | average=4.22 MiB/s | ETA≈41.9 h
2026-07-14 05:21:26 [ERA5] progress=20,394/88,396 (23.07%) | new=3.12 GiB | skipped=20,052 | average=4.19 MiB/s | ETA≈42.2 h
2026-07-14 05:21:57 [ERA5] progress=20,411/88,396 (23.09%) | new=3.28 GiB | skipped=20,052 | average=4.22 MiB/s | ETA≈41.8 h
2026-07-14 05:22:31 [ERA5] progress=20,428/88,396 (23.11%) | new=3.43 GiB | skipped=20,052 | average=4.24 MiB/s | ETA≈41.7 h
2026-07-14 05:23:02 [ERA5] progress=20,445/88,396 (23.13%) | new=3.59 GiB | skipped=20,052 | average=4.27 MiB/s | ETA≈41.3 h
2026-07-14 05:23:33 [ERA5] progress=20,459/88,396 (23.14%) | new=3.71 GiB | skipped=20,052 | average=4.27 MiB/s | ETA≈41.3 h
2026-07-14 05:24:04 [ERA5] progress=20,475/88,396 (23.16%) | new=3.86 GiB | skipped=20,052 | average=4.29 MiB/s | ETA≈41.1 h
2026-07-14 05:24:40 [ERA5] progress=20,490/88,396 (23.18%) | new=4.00 GiB | skipped=20,052 | average=4.27 MiB/s | ETA≈41.3 h
2026-07-14 05:25:11 [ERA5] progress=20,506/88,396 (23.20%) | new=4.14 GiB | skipped=20,052 | average=4.29 MiB/s | ETA≈41.1 h
2026-07-14 05:25:43 [ERA5] progress=20,522/88,396 (23.22%) | new=4.29 GiB | skipped=20,052 | average=4.30 MiB/s | ETA≈41.0 h
2026-07-14 05:26:16 [ERA5] progress=20,538/88,396 (23.23%) | new=4.43 GiB | skipped=20,052 | average=4.31 MiB/s | ETA≈40.9 h
2026-07-14 05:26:46 [ERA5] progress=20,555/88,396 (23.25%) | new=4.59 GiB | skipped=20,052 | average=4.33 MiB/s | ETA≈40.6 h
2026-07-14 05:27:19 [ERA5] progress=20,572/88,396 (23.27%) | new=4.74 GiB | skipped=20,052 | average=4.35 MiB/s | ETA≈40.5 h
2026-07-14 05:27:51 [ERA5] progress=20,587/88,396 (23.29%) | new=4.88 GiB | skipped=20,052 | average=4.35 MiB/s | ETA≈40.5 h
2026-07-14 05:28:22 [ERA5] progress=20,603/88,396 (23.31%) | new=5.03 GiB | skipped=20,052 | average=4.36 MiB/s | ETA≈40.3 h
2026-07-14 05:28:52 [ERA5] progress=20,620/88,396 (23.33%) | new=5.18 GiB | skipped=20,052 | average=4.38 MiB/s | ETA≈40.1 h
2026-07-14 05:29:26 [ERA5] progress=20,636/88,396 (23.34%) | new=5.33 GiB | skipped=20,052 | average=4.38 MiB/s | ETA≈40.1 h
2026-07-14 05:29:56 [ERA5] progress=20,651/88,396 (23.36%) | new=5.46 GiB | skipped=20,052 | average=4.39 MiB/s | ETA≈40.0 h
2026-07-14 05:30:27 [ERA5] progress=20,670/88,396 (23.38%) | new=5.64 GiB | skipped=20,052 | average=4.42 MiB/s | ETA≈39.7 h
2026-07-14 05:30:58 [ERA5] progress=20,688/88,396 (23.40%) | new=5.80 GiB | skipped=20,052 | average=4.45 MiB/s | ETA≈39.5 h
2026-07-14 05:31:29 [ERA5] progress=20,701/88,396 (23.42%) | new=5.92 GiB | skipped=20,052 | average=4.44 MiB/s | ETA≈39.6 h
2026-07-14 05:32:00 [ERA5] progress=20,717/88,396 (23.44%) | new=6.07 GiB | skipped=20,052 | average=4.44 MiB/s | ETA≈39.5 h
2026-07-14 05:32:32 [ERA5] progress=20,734/88,396 (23.46%) | new=6.22 GiB | skipped=20,052 | average=4.46 MiB/s | ETA≈39.4 h
2026-07-14 05:33:03 [ERA5] progress=20,751/88,396 (23.48%) | new=6.38 GiB | skipped=20,052 | average=4.47 MiB/s | ETA≈39.3 h
2026-07-14 05:33:36 [ERA5] progress=20,767/88,396 (23.49%) | new=6.53 GiB | skipped=20,052 | average=4.47 MiB/s | ETA≈39.3 h
2026-07-14 05:34:10 [ERA5] progress=20,783/88,396 (23.51%) | new=6.67 GiB | skipped=20,052 | average=4.47 MiB/s | ETA≈39.3 h
2026-07-14 05:34:41 [ERA5] progress=20,798/88,396 (23.53%) | new=6.81 GiB | skipped=20,052 | average=4.47 MiB/s | ETA≈39.2 h
2026-07-14 05:35:11 [ERA5] progress=20,816/88,396 (23.55%) | new=6.97 GiB | skipped=20,052 | average=4.49 MiB/s | ETA≈39.0 h
2026-07-14 05:35:43 [ERA5] progress=20,832/88,396 (23.57%) | new=7.12 GiB | skipped=20,052 | average=4.50 MiB/s | ETA≈39.0 h
2026-07-14 05:36:15 [ERA5] progress=20,847/88,396 (23.58%) | new=7.25 GiB | skipped=20,052 | average=4.49 MiB/s | ETA≈39.0 h
2026-07-14 05:36:47 [ERA5] progress=20,864/88,396 (23.60%) | new=7.41 GiB | skipped=20,052 | average=4.50 MiB/s | ETA≈38.9 h
2026-07-14 05:37:19 [ERA5] progress=20,880/88,396 (23.62%) | new=7.55 GiB | skipped=20,052 | average=4.50 MiB/s | ETA≈38.9 h
2026-07-14 05:37:49 [ERA5] progress=20,895/88,396 (23.64%) | new=7.69 GiB | skipped=20,052 | average=4.51 MiB/s | ETA≈38.9 h
2026-07-14 05:38:20 [ERA5] progress=20,911/88,396 (23.66%) | new=7.83 GiB | skipped=20,052 | average=4.51 MiB/s | ETA≈38.8 h
2026-07-14 05:38:52 [ERA5] progress=20,925/88,396 (23.67%) | new=7.96 GiB | skipped=20,052 | average=4.50 MiB/s | ETA≈38.9 h
2026-07-14 05:39:25 [ERA5] progress=20,943/88,396 (23.69%) | new=8.13 GiB | skipped=20,052 | average=4.51 MiB/s | ETA≈38.8 h
2026-07-14 05:39:55 [ERA5] progress=20,957/88,396 (23.71%) | new=8.25 GiB | skipped=20,052 | average=4.51 MiB/s | ETA≈38.8 h
2026-07-14 05:40:30 [ERA5] progress=20,974/88,396 (23.73%) | new=8.41 GiB | skipped=20,052 | average=4.51 MiB/s | ETA≈38.8 h
2026-07-14 05:41:03 [ERA5] progress=20,991/88,396 (23.75%) | new=8.56 GiB | skipped=20,052 | average=4.52 MiB/s | ETA≈38.7 h
2026-07-14 05:41:33 [ERA5] progress=21,007/88,396 (23.76%) | new=8.71 GiB | skipped=20,052 | average=4.52 MiB/s | ETA≈38.6 h
2026-07-14 05:42:03 [ERA5] progress=21,021/88,396 (23.78%) | new=8.84 GiB | skipped=20,052 | average=4.52 MiB/s | ETA≈38.7 h
2026-07-14 05:42:33 [ERA5] progress=21,037/88,396 (23.80%) | new=8.98 GiB | skipped=20,052 | average=4.53 MiB/s | ETA≈38.6 h
2026-07-14 05:43:05 [ERA5] progress=21,056/88,396 (23.82%) | new=9.16 GiB | skipped=20,052 | average=4.54 MiB/s | ETA≈38.4 h
2026-07-14 05:43:38 [ERA5] progress=21,071/88,396 (23.84%) | new=9.29 GiB | skipped=20,052 | average=4.54 MiB/s | ETA≈38.5 h
2026-07-14 05:44:10 [ERA5] progress=21,089/88,396 (23.86%) | new=9.46 GiB | skipped=20,052 | average=4.55 MiB/s | ETA≈38.4 h
2026-07-14 05:44:43 [ERA5] progress=21,105/88,396 (23.88%) | new=9.60 GiB | skipped=20,052 | average=4.55 MiB/s | ETA≈38.4 h
2026-07-14 05:45:14 [ERA5] progress=21,120/88,396 (23.89%) | new=9.74 GiB | skipped=20,052 | average=4.55 MiB/s | ETA≈38.4 h
2026-07-14 05:45:45 [ERA5] progress=21,136/88,396 (23.91%) | new=9.89 GiB | skipped=20,052 | average=4.55 MiB/s | ETA≈38.3 h
2026-07-14 05:46:18 [ERA5] progress=21,152/88,396 (23.93%) | new=10.03 GiB | skipped=20,052 | average=4.55 MiB/s | ETA≈38.3 h
2026-07-14 05:46:51 [ERA5] progress=21,166/88,396 (23.94%) | new=10.16 GiB | skipped=20,052 | average=4.54 MiB/s | ETA≈38.4 h
2026-07-14 05:47:25 [ERA5] progress=21,182/88,396 (23.96%) | new=10.31 GiB | skipped=20,052 | average=4.54 MiB/s | ETA≈38.4 h
2026-07-14 05:48:02 [ERA5] progress=21,200/88,396 (23.98%) | new=10.47 GiB | skipped=20,052 | average=4.54 MiB/s | ETA≈38.4 h
2026-07-14 05:48:32 [ERA5] progress=21,216/88,396 (24.00%) | new=10.61 GiB | skipped=20,052 | average=4.55 MiB/s | ETA≈38.3 h
2026-07-14 05:49:03 [ERA5] progress=21,233/88,396 (24.02%) | new=10.77 GiB | skipped=20,052 | average=4.55 MiB/s | ETA≈38.2 h
2026-07-14 05:49:34 [ERA5] progress=21,251/88,396 (24.04%) | new=10.93 GiB | skipped=20,052 | average=4.56 MiB/s | ETA≈38.1 h
2026-07-14 05:50:05 [ERA5] progress=21,266/88,396 (24.06%) | new=11.07 GiB | skipped=20,052 | average=4.56 MiB/s | ETA≈38.1 h
2026-07-14 05:50:35 [ERA5] progress=21,280/88,396 (24.07%) | new=11.19 GiB | skipped=20,052 | average=4.56 MiB/s | ETA≈38.2 h
2026-07-14 05:51:08 [ERA5] progress=21,296/88,396 (24.09%) | new=11.34 GiB | skipped=20,052 | average=4.56 MiB/s | ETA≈38.2 h
2026-07-14 05:51:39 [ERA5] progress=21,310/88,396 (24.11%) | new=11.47 GiB | skipped=20,052 | average=4.56 MiB/s | ETA≈38.2 h
2026-07-14 05:52:10 [ERA5] progress=21,324/88,396 (24.12%) | new=11.60 GiB | skipped=20,052 | average=4.55 MiB/s | ETA≈38.2 h
2026-07-14 05:52:40 [ERA5] progress=21,341/88,396 (24.14%) | new=11.75 GiB | skipped=20,052 | average=4.56 MiB/s | ETA≈38.1 h
2026-07-14 05:53:13 [ERA5] progress=21,358/88,396 (24.16%) | new=11.90 GiB | skipped=20,052 | average=4.56 MiB/s | ETA≈38.1 h
2026-07-14 05:53:26 [ERA5] ========================================================================
2026-07-14 05:53:26 [ERA5] Parallel raw WeatherBench2 ERA5 downloader
2026-07-14 05:53:26 [ERA5] Period: 1979–2022
2026-07-14 05:53:26 [ERA5] Workers: 32
2026-07-14 05:53:26 [ERA5] No decompression or recompression
2026-07-14 05:53:26 [ERA5] ========================================================================
2026-07-14 05:53:26 [ERA5] Opening remote metadata
2026-07-14 05:53:58 [ERA5] Selected time indices: 29,220..93,503
2026-07-14 05:53:58 [ERA5] Selected timestamps: 64,284
2026-07-14 05:53:58 [ERA5] Copying Zarr metadata and coordinates
2026-07-14 05:54:00 [ERA5] metadata 1/39: .zgroup | exists | 24.00 B
2026-07-14 05:54:00 [ERA5] metadata 2/39: .zattrs | exists | 2.00 B
2026-07-14 05:54:00 [ERA5] metadata 3/39: .zarray | exists | 320.00 B
2026-07-14 05:54:00 [ERA5] metadata 4/39: .zattrs | exists | 129.00 B
2026-07-14 05:54:00 [ERA5] metadata 5/39: 0 | exists | 3.25 KiB
2026-07-14 05:54:00 [ERA5] metadata 6/39: 1 | exists | 3.29 KiB
2026-07-14 05:54:00 [ERA5] metadata 7/39: 2 | exists | 3.00 KiB
2026-07-14 05:54:00 [ERA5] metadata 8/39: 3 | exists | 3.29 KiB
2026-07-14 05:54:00 [ERA5] metadata 9/39: .zarray | exists | 314.00 B
2026-07-14 05:54:00 [ERA5] metadata 10/39: .zattrs | exists | 52.00 B
2026-07-14 05:54:00 [ERA5] metadata 11/39: 0 | exists | 120.00 B
2026-07-14 05:54:00 [ERA5] metadata 12/39: .zarray | exists | 317.00 B
2026-07-14 05:54:00 [ERA5] metadata 13/39: .zattrs | exists | 56.00 B
2026-07-14 05:54:00 [ERA5] metadata 14/39: 0 | exists | 845.00 B
2026-07-14 05:54:00 [ERA5] metadata 15/39: .zarray | exists | 317.00 B
2026-07-14 05:54:00 [ERA5] metadata 16/39: .zattrs | exists | 55.00 B
2026-07-14 05:54:00 [ERA5] metadata 17/39: 0 | exists | 528.00 B
2026-07-14 05:54:00 [ERA5] metadata 18/39: .zarray | exists | 393.00 B
2026-07-14 05:54:00 [ERA5] metadata 19/39: .zattrs | exists | 229.00 B
2026-07-14 05:54:00 [ERA5] metadata 20/39: .zarray | exists | 393.00 B
2026-07-14 05:54:00 [ERA5] metadata 21/39: .zattrs | exists | 222.00 B
2026-07-14 05:54:00 [ERA5] metadata 22/39: .zarray | exists | 393.00 B
2026-07-14 05:54:00 [ERA5] metadata 23/39: .zattrs | exists | 238.00 B
2026-07-14 05:54:00 [ERA5] metadata 24/39: .zarray | exists | 393.00 B
2026-07-14 05:54:00 [ERA5] metadata 25/39: .zattrs | exists | 234.00 B
2026-07-14 05:54:00 [ERA5] metadata 26/39: .zarray | exists | 393.00 B
2026-07-14 05:54:00 [ERA5] metadata 27/39: .zattrs | exists | 235.00 B
2026-07-14 05:54:00 [ERA5] metadata 28/39: .zarray | exists | 369.00 B
2026-07-14 05:54:00 [ERA5] metadata 29/39: .zattrs | exists | 175.00 B
2026-07-14 05:54:00 [ERA5] metadata 30/39: .zarray | exists | 369.00 B
2026-07-14 05:54:00 [ERA5] metadata 31/39: .zattrs | exists | 187.00 B
2026-07-14 05:54:00 [ERA5] metadata 32/39: .zarray | exists | 369.00 B
2026-07-14 05:54:00 [ERA5] metadata 33/39: .zattrs | exists | 187.00 B
2026-07-14 05:54:00 [ERA5] metadata 34/39: .zarray | exists | 369.00 B
2026-07-14 05:54:00 [ERA5] metadata 35/39: .zattrs | exists | 235.00 B
2026-07-14 05:54:00 [ERA5] metadata 36/39: .zarray | exists | 369.00 B
2026-07-14 05:54:00 [ERA5] metadata 37/39: .zattrs | exists | 217.00 B
2026-07-14 05:54:00 [ERA5] metadata 38/39: .zarray | exists | 369.00 B
2026-07-14 05:54:00 [ERA5] metadata 39/39: .zattrs | exists | 174.00 B
2026-07-14 05:54:00 [ERA5] geopotential: source chunks 3652..11687 | objects=8,036
2026-07-14 05:54:02 [ERA5] temperature: source chunks 3652..11687 | objects=8,036
2026-07-14 05:54:02 [ERA5] specific_humidity: source chunks 3652..11687 | objects=8,036
2026-07-14 05:54:02 [ERA5] u_component_of_wind: source chunks 3652..11687 | objects=8,036
2026-07-14 05:54:03 [ERA5] v_component_of_wind: source chunks 3652..11687 | objects=8,036
2026-07-14 05:54:04 [ERA5] 2m_temperature: source chunks 3652..11687 | objects=8,036
2026-07-14 05:54:04 [ERA5] 10m_u_component_of_wind: source chunks 3652..11687 | objects=8,036
2026-07-14 05:54:04 [ERA5] 10m_v_component_of_wind: source chunks 3652..11687 | objects=8,036
2026-07-14 05:54:05 [ERA5] mean_sea_level_pressure: source chunks 3652..11687 | objects=8,036
2026-07-14 05:54:06 [ERA5] surface_pressure: source chunks 3652..11687 | objects=8,036
2026-07-14 05:54:06 [ERA5] total_precipitation_6hr: source chunks 3652..11687 | objects=8,036
2026-07-14 05:54:06 [ERA5] Starting raw-object copy with 32 workers
2026-07-14 05:54:06 [ERA5] Total ERA5 chunk objects: 88,396
2026-07-14 05:54:06 [ERA5] Destination: /home/tahiti/ConserveFM/data/ERA5_WeatherBench2_1979_2022
2026-07-14 05:54:06 [ERA5] progress=103/88,396 (0.12%) | new=0.00 B | skipped=103 | average=0.00 B/s | ETA≈0.0 h
2026-07-14 06:26:45 [ERA5] progress=21,359/88,396 (24.16%) | new=9.25 MiB | skipped=21,358 | average=4.84 KiB/s | ETA≈36481.2 h
2026-07-14 06:33:02 [ERA5] progress=21,360/88,396 (24.16%) | new=18.62 MiB | skipped=21,358 | average=8.16 KiB/s | ETA≈21745.1 h
2026-07-14 06:38:21 [ERA5] progress=21,362/88,396 (24.17%) | new=37.30 MiB | skipped=21,358 | average=14.39 KiB/s | ETA≈12359.0 h
2026-07-14 06:38:36 [ERA5] ========================================================================
2026-07-14 06:38:36 [ERA5] Parallel raw WeatherBench2 ERA5 downloader
2026-07-14 06:38:36 [ERA5] Period: 1979–2022
2026-07-14 06:38:36 [ERA5] Workers: 32
2026-07-14 06:38:36 [ERA5] No decompression or recompression
2026-07-14 06:38:36 [ERA5] ========================================================================
2026-07-14 06:38:36 [ERA5] Opening remote metadata
2026-07-14 06:39:00 [ERA5] Selected time indices: 29,220..93,503
2026-07-14 06:39:00 [ERA5] Selected timestamps: 64,284
2026-07-14 06:39:00 [ERA5] Copying Zarr metadata and coordinates
2026-07-14 06:39:01 [ERA5] metadata 1/39: .zgroup | exists | 24.00 B
2026-07-14 06:39:01 [ERA5] metadata 2/39: .zattrs | exists | 2.00 B
2026-07-14 06:39:01 [ERA5] metadata 3/39: .zarray | exists | 320.00 B
2026-07-14 06:39:01 [ERA5] metadata 4/39: .zattrs | exists | 129.00 B
2026-07-14 06:39:01 [ERA5] metadata 5/39: 0 | exists | 3.25 KiB
2026-07-14 06:39:01 [ERA5] metadata 6/39: 1 | exists | 3.29 KiB
2026-07-14 06:39:01 [ERA5] metadata 7/39: 2 | exists | 3.00 KiB
2026-07-14 06:39:01 [ERA5] metadata 8/39: 3 | exists | 3.29 KiB
2026-07-14 06:39:01 [ERA5] metadata 9/39: .zarray | exists | 314.00 B
2026-07-14 06:39:01 [ERA5] metadata 10/39: .zattrs | exists | 52.00 B
2026-07-14 06:39:01 [ERA5] metadata 11/39: 0 | exists | 120.00 B
2026-07-14 06:39:01 [ERA5] metadata 12/39: .zarray | exists | 317.00 B
2026-07-14 06:39:01 [ERA5] metadata 13/39: .zattrs | exists | 56.00 B
2026-07-14 06:39:01 [ERA5] metadata 14/39: 0 | exists | 845.00 B
2026-07-14 06:39:01 [ERA5] metadata 15/39: .zarray | exists | 317.00 B
2026-07-14 06:39:01 [ERA5] metadata 16/39: .zattrs | exists | 55.00 B
2026-07-14 06:39:01 [ERA5] metadata 17/39: 0 | exists | 528.00 B
2026-07-14 06:39:01 [ERA5] metadata 18/39: .zarray | exists | 393.00 B
2026-07-14 06:39:01 [ERA5] metadata 19/39: .zattrs | exists | 229.00 B
2026-07-14 06:39:01 [ERA5] metadata 20/39: .zarray | exists | 393.00 B
2026-07-14 06:39:01 [ERA5] metadata 21/39: .zattrs | exists | 222.00 B
2026-07-14 06:39:01 [ERA5] metadata 22/39: .zarray | exists | 393.00 B
2026-07-14 06:39:01 [ERA5] metadata 23/39: .zattrs | exists | 238.00 B
2026-07-14 06:39:01 [ERA5] metadata 24/39: .zarray | exists | 393.00 B
2026-07-14 06:39:01 [ERA5] metadata 25/39: .zattrs | exists | 234.00 B
2026-07-14 06:39:01 [ERA5] metadata 26/39: .zarray | exists | 393.00 B
2026-07-14 06:39:01 [ERA5] metadata 27/39: .zattrs | exists | 235.00 B
2026-07-14 06:39:01 [ERA5] metadata 28/39: .zarray | exists | 369.00 B
2026-07-14 06:39:01 [ERA5] metadata 29/39: .zattrs | exists | 175.00 B
2026-07-14 06:39:01 [ERA5] metadata 30/39: .zarray | exists | 369.00 B
2026-07-14 06:39:01 [ERA5] metadata 31/39: .zattrs | exists | 187.00 B
2026-07-14 06:39:01 [ERA5] metadata 32/39: .zarray | exists | 369.00 B
2026-07-14 06:39:01 [ERA5] metadata 33/39: .zattrs | exists | 187.00 B
2026-07-14 06:39:01 [ERA5] metadata 34/39: .zarray | exists | 369.00 B
2026-07-14 06:39:01 [ERA5] metadata 35/39: .zattrs | exists | 235.00 B
2026-07-14 06:39:01 [ERA5] metadata 36/39: .zarray | exists | 369.00 B
2026-07-14 06:39:01 [ERA5] metadata 37/39: .zattrs | exists | 217.00 B
2026-07-14 06:39:01 [ERA5] metadata 38/39: .zarray | exists | 369.00 B
2026-07-14 06:39:01 [ERA5] metadata 39/39: .zattrs | exists | 174.00 B
2026-07-14 06:39:02 [ERA5] geopotential: source chunks 3652..11687 | objects=8,036
2026-07-14 06:39:02 [ERA5] temperature: source chunks 3652..11687 | objects=8,036
2026-07-14 06:39:02 [ERA5] specific_humidity: source chunks 3652..11687 | objects=8,036
2026-07-14 06:39:03 [ERA5] u_component_of_wind: source chunks 3652..11687 | objects=8,036
2026-07-14 06:39:03 [ERA5] v_component_of_wind: source chunks 3652..11687 | objects=8,036
2026-07-14 06:39:03 [ERA5] 2m_temperature: source chunks 3652..11687 | objects=8,036
2026-07-14 06:39:03 [ERA5] 10m_u_component_of_wind: source chunks 3652..11687 | objects=8,036
2026-07-14 06:39:05 [ERA5] 10m_v_component_of_wind: source chunks 3652..11687 | objects=8,036
2026-07-14 06:39:06 [ERA5] mean_sea_level_pressure: source chunks 3652..11687 | objects=8,036
2026-07-14 06:39:06 [ERA5] surface_pressure: source chunks 3652..11687 | objects=8,036
2026-07-14 06:39:06 [ERA5] total_precipitation_6hr: source chunks 3652..11687 | objects=8,036
2026-07-14 06:39:06 [ERA5] Starting raw-object copy with 32 workers
2026-07-14 06:39:06 [ERA5] Total ERA5 chunk objects: 88,396
2026-07-14 06:39:06 [ERA5] Destination: /home/tahiti/ConserveFM/data/ERA5_WeatherBench2_1979_2022
2026-07-14 06:39:06 [ERA5] progress=103/88,396 (0.12%) | new=0.00 B | skipped=103 | average=0.00 B/s | ETA≈0.0 h
2026-07-14 06:39:37 [ERA5] progress=21,380/88,396 (24.19%) | new=167.33 MiB | skipped=21,362 | average=5.35 MiB/s | ETA≈32.4 h
2026-07-14 06:40:07 [ERA5] progress=21,402/88,396 (24.21%) | new=372.74 MiB | skipped=21,362 | average=6.07 MiB/s | ETA≈28.6 h
2026-07-14 06:40:38 [ERA5] progress=21,421/88,396 (24.23%) | new=549.92 MiB | skipped=21,362 | average=6.00 MiB/s | ETA≈28.9 h
2026-07-14 06:41:11 [ERA5] progress=21,441/88,396 (24.26%) | new=736.41 MiB | skipped=21,362 | average=5.91 MiB/s | ETA≈29.3 h
2026-07-14 06:41:41 [ERA5] progress=21,463/88,396 (24.28%) | new=942.32 MiB | skipped=21,362 | average=6.07 MiB/s | ETA≈28.6 h
2026-07-14 06:42:14 [ERA5] progress=21,485/88,396 (24.31%) | new=1.12 GiB | skipped=21,362 | average=6.11 MiB/s | ETA≈28.4 h
2026-07-14 06:42:44 [ERA5] progress=21,503/88,396 (24.33%) | new=1.29 GiB | skipped=21,362 | average=6.04 MiB/s | ETA≈28.8 h
2026-07-14 06:43:14 [ERA5] progress=21,525/88,396 (24.35%) | new=1.49 GiB | skipped=21,362 | average=6.13 MiB/s | ETA≈28.3 h
2026-07-14 06:43:45 [ERA5] progress=21,545/88,396 (24.37%) | new=1.67 GiB | skipped=21,362 | average=6.12 MiB/s | ETA≈28.3 h
2026-07-14 06:44:17 [ERA5] progress=21,566/88,396 (24.40%) | new=1.86 GiB | skipped=21,362 | average=6.12 MiB/s | ETA≈28.3 h
2026-07-14 06:44:48 [ERA5] progress=21,586/88,396 (24.42%) | new=2.04 GiB | skipped=21,362 | average=6.12 MiB/s | ETA≈28.3 h
2026-07-14 06:45:18 [ERA5] progress=21,608/88,396 (24.44%) | new=2.24 GiB | skipped=21,362 | average=6.17 MiB/s | ETA≈28.1 h
2026-07-14 06:45:49 [ERA5] progress=21,629/88,396 (24.47%) | new=2.43 GiB | skipped=21,362 | average=6.18 MiB/s | ETA≈28.0 h
2026-07-14 06:46:19 [ERA5] progress=21,649/88,396 (24.49%) | new=2.62 GiB | skipped=21,362 | average=6.18 MiB/s | ETA≈28.0 h
2026-07-14 06:46:51 [ERA5] progress=21,673/88,396 (24.52%) | new=2.84 GiB | skipped=21,362 | average=6.25 MiB/s | ETA≈27.7 h
2026-07-14 06:47:21 [ERA5] progress=21,695/88,396 (24.54%) | new=3.04 GiB | skipped=21,362 | average=6.28 MiB/s | ETA≈27.6 h
2026-07-14 06:47:52 [ERA5] progress=21,718/88,396 (24.57%) | new=3.25 GiB | skipped=21,362 | average=6.32 MiB/s | ETA≈27.3 h
2026-07-14 06:48:23 [ERA5] progress=21,739/88,396 (24.59%) | new=3.44 GiB | skipped=21,362 | average=6.32 MiB/s | ETA≈27.4 h
2026-07-14 06:48:53 [ERA5] progress=21,759/88,396 (24.62%) | new=3.62 GiB | skipped=21,362 | average=6.30 MiB/s | ETA≈27.4 h
2026-07-14 06:49:26 [ERA5] progress=21,779/88,396 (24.64%) | new=3.80 GiB | skipped=21,362 | average=6.28 MiB/s | ETA≈27.5 h
2026-07-14 06:49:57 [ERA5] progress=21,801/88,396 (24.66%) | new=4.00 GiB | skipped=21,362 | average=6.29 MiB/s | ETA≈27.4 h
2026-07-14 06:50:28 [ERA5] progress=21,820/88,396 (24.68%) | new=4.17 GiB | skipped=21,362 | average=6.27 MiB/s | ETA≈27.5 h
2026-07-14 06:50:59 [ERA5] progress=21,840/88,396 (24.71%) | new=4.36 GiB | skipped=21,362 | average=6.26 MiB/s | ETA≈27.6 h
2026-07-14 06:51:31 [ERA5] progress=21,861/88,396 (24.73%) | new=4.55 GiB | skipped=21,362 | average=6.25 MiB/s | ETA≈27.6 h
2026-07-14 06:52:03 [ERA5] progress=21,881/88,396 (24.75%) | new=4.73 GiB | skipped=21,362 | average=6.23 MiB/s | ETA≈27.7 h
2026-07-14 06:52:34 [ERA5] progress=21,905/88,396 (24.78%) | new=4.95 GiB | skipped=21,362 | average=6.27 MiB/s | ETA≈27.5 h
2026-07-14 06:53:04 [ERA5] progress=21,927/88,396 (24.81%) | new=5.15 GiB | skipped=21,362 | average=6.29 MiB/s | ETA≈27.4 h
2026-07-14 06:53:37 [ERA5] progress=21,954/88,396 (24.84%) | new=5.39 GiB | skipped=21,362 | average=6.33 MiB/s | ETA≈27.2 h
2026-07-14 06:54:08 [ERA5] progress=21,974/88,396 (24.86%) | new=5.57 GiB | skipped=21,362 | average=6.32 MiB/s | ETA≈27.2 h
2026-07-14 06:54:39 [ERA5] progress=21,996/88,396 (24.88%) | new=5.77 GiB | skipped=21,362 | average=6.33 MiB/s | ETA≈27.1 h
2026-07-14 06:55:09 [ERA5] progress=22,016/88,396 (24.91%) | new=5.95 GiB | skipped=21,362 | average=6.33 MiB/s | ETA≈27.2 h
2026-07-14 06:55:40 [ERA5] progress=22,037/88,396 (24.93%) | new=6.14 GiB | skipped=21,362 | average=6.33 MiB/s | ETA≈27.1 h
2026-07-14 06:56:10 [ERA5] progress=22,063/88,396 (24.96%) | new=6.38 GiB | skipped=21,362 | average=6.38 MiB/s | ETA≈26.9 h
2026-07-14 06:56:40 [ERA5] progress=22,088/88,396 (24.99%) | new=6.61 GiB | skipped=21,362 | average=6.42 MiB/s | ETA≈26.7 h
2026-07-14 06:57:10 [ERA5] progress=22,110/88,396 (25.01%) | new=6.81 GiB | skipped=21,362 | average=6.43 MiB/s | ETA≈26.7 h
2026-07-14 06:57:42 [ERA5] progress=22,134/88,396 (25.04%) | new=7.02 GiB | skipped=21,362 | average=6.45 MiB/s | ETA≈26.6 h
2026-07-14 06:58:12 [ERA5] progress=22,156/88,396 (25.06%) | new=7.23 GiB | skipped=21,362 | average=6.45 MiB/s | ETA≈26.6 h
2026-07-14 06:58:43 [ERA5] progress=22,183/88,396 (25.10%) | new=7.47 GiB | skipped=21,362 | average=6.50 MiB/s | ETA≈26.4 h
2026-07-14 06:59:14 [ERA5] progress=22,210/88,396 (25.13%) | new=7.72 GiB | skipped=21,362 | average=6.54 MiB/s | ETA≈26.2 h
2026-07-14 06:59:45 [ERA5] progress=22,233/88,396 (25.15%) | new=7.93 GiB | skipped=21,362 | average=6.55 MiB/s | ETA≈26.1 h
2026-07-14 07:00:15 [ERA5] progress=22,256/88,396 (25.18%) | new=8.14 GiB | skipped=21,362 | average=6.56 MiB/s | ETA≈26.1 h
2026-07-14 07:00:47 [ERA5] progress=22,279/88,396 (25.20%) | new=8.35 GiB | skipped=21,362 | average=6.57 MiB/s | ETA≈26.0 h
2026-07-14 07:01:17 [ERA5] progress=22,302/88,396 (25.23%) | new=8.56 GiB | skipped=21,362 | average=6.58 MiB/s | ETA≈26.0 h
2026-07-14 07:01:47 [ERA5] progress=22,323/88,396 (25.25%) | new=8.75 GiB | skipped=21,362 | average=6.58 MiB/s | ETA≈26.0 h
2026-07-14 07:02:19 [ERA5] progress=22,346/88,396 (25.28%) | new=8.96 GiB | skipped=21,362 | average=6.59 MiB/s | ETA≈26.0 h
2026-07-14 07:02:49 [ERA5] progress=22,367/88,396 (25.30%) | new=9.15 GiB | skipped=21,362 | average=6.58 MiB/s | ETA≈26.0 h
2026-07-14 07:03:19 [ERA5] progress=22,387/88,396 (25.33%) | new=9.33 GiB | skipped=21,362 | average=6.58 MiB/s | ETA≈26.0 h
2026-07-14 07:03:50 [ERA5] progress=22,408/88,396 (25.35%) | new=9.53 GiB | skipped=21,362 | average=6.57 MiB/s | ETA≈26.0 h
2026-07-14 07:04:22 [ERA5] progress=22,433/88,396 (25.38%) | new=9.75 GiB | skipped=21,362 | average=6.59 MiB/s | ETA≈25.9 h
2026-07-14 07:04:52 [ERA5] progress=22,455/88,396 (25.40%) | new=9.95 GiB | skipped=21,362 | average=6.59 MiB/s | ETA≈25.9 h
2026-07-14 07:05:23 [ERA5] progress=22,478/88,396 (25.43%) | new=10.16 GiB | skipped=21,362 | average=6.60 MiB/s | ETA≈25.9 h
2026-07-14 07:05:57 [ERA5] progress=22,501/88,396 (25.45%) | new=10.37 GiB | skipped=21,362 | average=6.59 MiB/s | ETA≈25.9 h
2026-07-14 07:06:27 [ERA5] progress=22,522/88,396 (25.48%) | new=10.56 GiB | skipped=21,362 | average=6.59 MiB/s | ETA≈25.9 h
2026-07-14 07:06:57 [ERA5] progress=22,542/88,396 (25.50%) | new=10.74 GiB | skipped=21,362 | average=6.58 MiB/s | ETA≈25.9 h
2026-07-14 07:07:28 [ERA5] progress=22,565/88,396 (25.53%) | new=10.95 GiB | skipped=21,362 | average=6.59 MiB/s | ETA≈25.9 h
2026-07-14 07:07:59 [ERA5] progress=22,589/88,396 (25.55%) | new=11.17 GiB | skipped=21,362 | average=6.60 MiB/s | ETA≈25.8 h
2026-07-14 07:08:31 [ERA5] progress=22,611/88,396 (25.58%) | new=11.37 GiB | skipped=21,362 | average=6.60 MiB/s | ETA≈25.8 h
2026-07-14 07:09:04 [ERA5] progress=22,634/88,396 (25.61%) | new=11.58 GiB | skipped=21,362 | average=6.60 MiB/s | ETA≈25.8 h
2026-07-14 07:09:34 [ERA5] progress=22,655/88,396 (25.63%) | new=11.77 GiB | skipped=21,362 | average=6.59 MiB/s | ETA≈25.8 h
2026-07-14 07:10:05 [ERA5] progress=22,677/88,396 (25.65%) | new=11.97 GiB | skipped=21,362 | average=6.59 MiB/s | ETA≈25.8 h
2026-07-14 07:10:36 [ERA5] progress=22,700/88,396 (25.68%) | new=12.18 GiB | skipped=21,362 | average=6.60 MiB/s | ETA≈25.8 h
2026-07-14 07:11:06 [ERA5] progress=22,724/88,396 (25.71%) | new=12.40 GiB | skipped=21,362 | average=6.61 MiB/s | ETA≈25.7 h
2026-07-14 07:11:37 [ERA5] progress=22,743/88,396 (25.73%) | new=12.57 GiB | skipped=21,362 | average=6.60 MiB/s | ETA≈25.8 h
2026-07-14 07:12:07 [ERA5] progress=22,765/88,396 (25.75%) | new=12.77 GiB | skipped=21,362 | average=6.60 MiB/s | ETA≈25.7 h
2026-07-14 07:12:37 [ERA5] progress=22,787/88,396 (25.78%) | new=12.97 GiB | skipped=21,362 | average=6.60 MiB/s | ETA≈25.7 h
2026-07-14 07:13:08 [ERA5] progress=22,808/88,396 (25.80%) | new=13.16 GiB | skipped=21,362 | average=6.60 MiB/s | ETA≈25.7 h
2026-07-14 07:13:39 [ERA5] progress=22,830/88,396 (25.83%) | new=13.36 GiB | skipped=21,362 | average=6.60 MiB/s | ETA≈25.7 h
2026-07-14 07:14:10 [ERA5] progress=22,852/88,396 (25.85%) | new=13.56 GiB | skipped=21,362 | average=6.60 MiB/s | ETA≈25.7 h
2026-07-14 07:14:42 [ERA5] progress=22,873/88,396 (25.88%) | new=13.75 GiB | skipped=21,362 | average=6.59 MiB/s | ETA≈25.7 h
2026-07-14 07:15:13 [ERA5] progress=22,897/88,396 (25.90%) | new=13.97 GiB | skipped=21,362 | average=6.60 MiB/s | ETA≈25.7 h
2026-07-14 07:15:44 [ERA5] progress=22,919/88,396 (25.93%) | new=14.17 GiB | skipped=21,362 | average=6.60 MiB/s | ETA≈25.7 h
2026-07-14 07:16:15 [ERA5] progress=22,940/88,396 (25.95%) | new=14.36 GiB | skipped=21,362 | average=6.60 MiB/s | ETA≈25.7 h
2026-07-14 07:16:46 [ERA5] progress=22,965/88,396 (25.98%) | new=14.59 GiB | skipped=21,362 | average=6.61 MiB/s | ETA≈25.6 h
2026-07-14 07:17:16 [ERA5] progress=22,989/88,396 (26.01%) | new=14.81 GiB | skipped=21,362 | average=6.62 MiB/s | ETA≈25.6 h
2026-07-14 07:17:48 [ERA5] progress=23,010/88,396 (26.03%) | new=15.00 GiB | skipped=21,362 | average=6.61 MiB/s | ETA≈25.6 h
2026-07-14 07:18:19 [ERA5] progress=23,033/88,396 (26.06%) | new=15.21 GiB | skipped=21,362 | average=6.62 MiB/s | ETA≈25.6 h
2026-07-14 07:18:51 [ERA5] progress=23,056/88,396 (26.08%) | new=15.42 GiB | skipped=21,362 | average=6.62 MiB/s | ETA≈25.6 h
2026-07-14 07:19:22 [ERA5] progress=23,079/88,396 (26.11%) | new=15.62 GiB | skipped=21,362 | average=6.62 MiB/s | ETA≈25.5 h
2026-07-14 07:19:52 [ERA5] progress=23,100/88,396 (26.13%) | new=15.82 GiB | skipped=21,362 | average=6.62 MiB/s | ETA≈25.5 h
2026-07-14 07:20:24 [ERA5] progress=23,121/88,396 (26.16%) | new=16.01 GiB | skipped=21,362 | average=6.61 MiB/s | ETA≈25.5 h
2026-07-14 07:20:56 [ERA5] progress=23,145/88,396 (26.18%) | new=16.23 GiB | skipped=21,362 | average=6.62 MiB/s | ETA≈25.5 h
2026-07-14 07:21:28 [ERA5] progress=23,169/88,396 (26.21%) | new=16.45 GiB | skipped=21,362 | average=6.63 MiB/s | ETA≈25.5 h
2026-07-14 07:22:00 [ERA5] progress=23,193/88,396 (26.24%) | new=16.66 GiB | skipped=21,362 | average=6.63 MiB/s | ETA≈25.5 h
2026-07-14 07:22:33 [ERA5] progress=23,218/88,396 (26.27%) | new=16.89 GiB | skipped=21,362 | average=6.63 MiB/s | ETA≈25.4 h
2026-07-14 07:23:03 [ERA5] progress=23,242/88,396 (26.29%) | new=17.11 GiB | skipped=21,362 | average=6.64 MiB/s | ETA≈25.4 h
2026-07-14 07:23:46 [ERA5] ========================================================================
2026-07-14 07:23:46 [ERA5] Parallel raw WeatherBench2 ERA5 downloader
2026-07-14 07:23:46 [ERA5] Period: 1979–2022
2026-07-14 07:23:46 [ERA5] Workers: 32
2026-07-14 07:23:46 [ERA5] No decompression or recompression
2026-07-14 07:23:46 [ERA5] ========================================================================
2026-07-14 07:23:46 [ERA5] Opening remote metadata
2026-07-14 07:24:05 [ERA5] Selected time indices: 29,220..93,503
2026-07-14 07:24:05 [ERA5] Selected timestamps: 64,284
2026-07-14 07:24:05 [ERA5] Copying Zarr metadata and coordinates
2026-07-14 07:24:06 [ERA5] metadata 1/39: .zgroup | exists | 24.00 B
2026-07-14 07:24:06 [ERA5] metadata 2/39: .zattrs | exists | 2.00 B
2026-07-14 07:24:06 [ERA5] metadata 3/39: .zarray | exists | 320.00 B
2026-07-14 07:24:06 [ERA5] metadata 4/39: .zattrs | exists | 129.00 B
2026-07-14 07:24:06 [ERA5] metadata 5/39: 0 | exists | 3.25 KiB
2026-07-14 07:24:06 [ERA5] metadata 6/39: 1 | exists | 3.29 KiB
2026-07-14 07:24:06 [ERA5] metadata 7/39: 2 | exists | 3.00 KiB
2026-07-14 07:24:06 [ERA5] metadata 8/39: 3 | exists | 3.29 KiB
2026-07-14 07:24:06 [ERA5] metadata 9/39: .zarray | exists | 314.00 B
2026-07-14 07:24:06 [ERA5] metadata 10/39: .zattrs | exists | 52.00 B
2026-07-14 07:24:06 [ERA5] metadata 11/39: 0 | exists | 120.00 B
2026-07-14 07:24:06 [ERA5] metadata 12/39: .zarray | exists | 317.00 B
2026-07-14 07:24:06 [ERA5] metadata 13/39: .zattrs | exists | 56.00 B
2026-07-14 07:24:06 [ERA5] metadata 14/39: 0 | exists | 845.00 B
2026-07-14 07:24:06 [ERA5] metadata 15/39: .zarray | exists | 317.00 B
2026-07-14 07:24:06 [ERA5] metadata 16/39: .zattrs | exists | 55.00 B
2026-07-14 07:24:06 [ERA5] metadata 17/39: 0 | exists | 528.00 B
2026-07-14 07:24:06 [ERA5] metadata 18/39: .zarray | exists | 393.00 B
2026-07-14 07:24:06 [ERA5] metadata 19/39: .zattrs | exists | 229.00 B
2026-07-14 07:24:06 [ERA5] metadata 20/39: .zarray | exists | 393.00 B
2026-07-14 07:24:06 [ERA5] metadata 21/39: .zattrs | exists | 222.00 B
2026-07-14 07:24:06 [ERA5] metadata 22/39: .zarray | exists | 393.00 B
2026-07-14 07:24:06 [ERA5] metadata 23/39: .zattrs | exists | 238.00 B
2026-07-14 07:24:06 [ERA5] metadata 24/39: .zarray | exists | 393.00 B
2026-07-14 07:24:06 [ERA5] metadata 25/39: .zattrs | exists | 234.00 B
2026-07-14 07:24:06 [ERA5] metadata 26/39: .zarray | exists | 393.00 B
2026-07-14 07:24:06 [ERA5] metadata 27/39: .zattrs | exists | 235.00 B
2026-07-14 07:24:06 [ERA5] metadata 28/39: .zarray | exists | 369.00 B
2026-07-14 07:24:06 [ERA5] metadata 29/39: .zattrs | exists | 175.00 B
2026-07-14 07:24:06 [ERA5] metadata 30/39: .zarray | exists | 369.00 B
2026-07-14 07:24:06 [ERA5] metadata 31/39: .zattrs | exists | 187.00 B
2026-07-14 07:24:06 [ERA5] metadata 32/39: .zarray | exists | 369.00 B
2026-07-14 07:24:06 [ERA5] metadata 33/39: .zattrs | exists | 187.00 B
2026-07-14 07:24:06 [ERA5] metadata 34/39: .zarray | exists | 369.00 B
2026-07-14 07:24:06 [ERA5] metadata 35/39: .zattrs | exists | 235.00 B
2026-07-14 07:24:06 [ERA5] metadata 36/39: .zarray | exists | 369.00 B
2026-07-14 07:24:06 [ERA5] metadata 37/39: .zattrs | exists | 217.00 B
2026-07-14 07:24:06 [ERA5] metadata 38/39: .zarray | exists | 369.00 B
2026-07-14 07:24:06 [ERA5] metadata 39/39: .zattrs | exists | 174.00 B
2026-07-14 07:24:07 [ERA5] geopotential: source chunks 3652..11687 | objects=8,036
2026-07-14 07:24:08 [ERA5] temperature: source chunks 3652..11687 | objects=8,036
2026-07-14 07:24:08 [ERA5] specific_humidity: source chunks 3652..11687 | objects=8,036
2026-07-14 07:24:08 [ERA5] u_component_of_wind: source chunks 3652..11687 | objects=8,036
2026-07-14 07:24:08 [ERA5] v_component_of_wind: source chunks 3652..11687 | objects=8,036
2026-07-14 07:24:08 [ERA5] 2m_temperature: source chunks 3652..11687 | objects=8,036
2026-07-14 07:24:09 [ERA5] 10m_u_component_of_wind: source chunks 3652..11687 | objects=8,036
2026-07-14 07:24:09 [ERA5] 10m_v_component_of_wind: source chunks 3652..11687 | objects=8,036
2026-07-14 07:24:09 [ERA5] mean_sea_level_pressure: source chunks 3652..11687 | objects=8,036
2026-07-14 07:24:10 [ERA5] surface_pressure: source chunks 3652..11687 | objects=8,036
2026-07-14 07:24:10 [ERA5] total_precipitation_6hr: source chunks 3652..11687 | objects=8,036
2026-07-14 07:24:10 [ERA5] Starting raw-object copy with 32 workers
2026-07-14 07:24:10 [ERA5] Total ERA5 chunk objects: 88,396
2026-07-14 07:24:10 [ERA5] Destination: /home/tahiti/ConserveFM/data/ERA5_WeatherBench2_1979_2022
2026-07-14 07:24:10 [ERA5] progress=90/88,396 (0.10%) | new=0.00 B | skipped=90 | average=0.00 B/s | ETA≈0.0 h
2026-07-14 07:24:41 [ERA5] progress=23,283/88,396 (26.34%) | new=177.47 MiB | skipped=23,264 | average=5.78 MiB/s | ETA≈29.2 h
2026-07-14 07:25:11 [ERA5] progress=23,307/88,396 (26.37%) | new=402.44 MiB | skipped=23,264 | average=6.56 MiB/s | ETA≈25.8 h
2026-07-14 07:25:41 [ERA5] progress=23,328/88,396 (26.39%) | new=599.36 MiB | skipped=23,264 | average=6.56 MiB/s | ETA≈25.8 h
2026-07-14 07:26:12 [ERA5] progress=23,349/88,396 (26.41%) | new=795.21 MiB | skipped=23,264 | average=6.54 MiB/s | ETA≈25.8 h
2026-07-14 07:26:42 [ERA5] progress=23,370/88,396 (26.44%) | new=990.45 MiB | skipped=23,264 | average=6.50 MiB/s | ETA≈26.0 h
2026-07-14 07:27:14 [ERA5] progress=23,391/88,396 (26.46%) | new=1.16 GiB | skipped=23,264 | average=6.45 MiB/s | ETA≈26.1 h
2026-07-14 07:27:44 [ERA5] progress=23,412/88,396 (26.49%) | new=1.35 GiB | skipped=23,264 | average=6.45 MiB/s | ETA≈26.1 h
2026-07-14 07:28:15 [ERA5] progress=23,435/88,396 (26.51%) | new=1.56 GiB | skipped=23,264 | average=6.52 MiB/s | ETA≈25.8 h
2026-07-14 07:28:45 [ERA5] progress=23,455/88,396 (26.53%) | new=1.74 GiB | skipped=23,264 | average=6.49 MiB/s | ETA≈26.0 h
2026-07-14 07:29:16 [ERA5] progress=23,477/88,396 (26.56%) | new=1.94 GiB | skipped=23,264 | average=6.51 MiB/s | ETA≈25.9 h
2026-07-14 07:29:49 [ERA5] progress=23,498/88,396 (26.58%) | new=2.14 GiB | skipped=23,264 | average=6.45 MiB/s | ETA≈26.1 h
2026-07-14 07:30:20 [ERA5] progress=23,518/88,396 (26.61%) | new=2.32 GiB | skipped=23,264 | average=6.41 MiB/s | ETA≈26.3 h
2026-07-14 07:30:51 [ERA5] progress=23,539/88,396 (26.63%) | new=2.51 GiB | skipped=23,264 | average=6.41 MiB/s | ETA≈26.3 h
2026-07-14 07:31:21 [ERA5] progress=23,561/88,396 (26.65%) | new=2.71 GiB | skipped=23,264 | average=6.43 MiB/s | ETA≈26.1 h
2026-07-14 07:31:54 [ERA5] progress=23,585/88,396 (26.68%) | new=2.92 GiB | skipped=23,264 | average=6.45 MiB/s | ETA≈26.0 h
2026-07-14 07:32:24 [ERA5] progress=23,609/88,396 (26.71%) | new=3.14 GiB | skipped=23,264 | average=6.51 MiB/s | ETA≈25.8 h
2026-07-14 07:32:54 [ERA5] progress=23,631/88,396 (26.73%) | new=3.34 GiB | skipped=23,264 | average=6.52 MiB/s | ETA≈25.7 h
2026-07-14 07:33:25 [ERA5] progress=23,651/88,396 (26.76%) | new=3.52 GiB | skipped=23,264 | average=6.50 MiB/s | ETA≈25.8 h
2026-07-14 07:33:58 [ERA5] progress=23,675/88,396 (26.78%) | new=3.74 GiB | skipped=23,264 | average=6.52 MiB/s | ETA≈25.7 h
2026-07-14 07:34:29 [ERA5] progress=23,697/88,396 (26.81%) | new=3.94 GiB | skipped=23,264 | average=6.52 MiB/s | ETA≈25.7 h
2026-07-14 07:35:02 [ERA5] progress=23,721/88,396 (26.83%) | new=4.16 GiB | skipped=23,264 | average=6.54 MiB/s | ETA≈25.6 h
2026-07-14 07:35:34 [ERA5] progress=23,746/88,396 (26.86%) | new=4.39 GiB | skipped=23,264 | average=6.57 MiB/s | ETA≈25.5 h
2026-07-14 07:36:05 [ERA5] progress=23,767/88,396 (26.89%) | new=4.58 GiB | skipped=23,264 | average=6.56 MiB/s | ETA≈25.5 h
2026-07-14 07:36:36 [ERA5] progress=23,787/88,396 (26.91%) | new=4.76 GiB | skipped=23,264 | average=6.54 MiB/s | ETA≈25.6 h
2026-07-14 07:37:07 [ERA5] progress=23,811/88,396 (26.94%) | new=4.98 GiB | skipped=23,264 | average=6.56 MiB/s | ETA≈25.5 h
2026-07-14 07:37:37 [ERA5] progress=23,836/88,396 (26.97%) | new=5.21 GiB | skipped=23,264 | average=6.60 MiB/s | ETA≈25.3 h
2026-07-14 07:38:07 [ERA5] progress=23,859/88,396 (26.99%) | new=5.42 GiB | skipped=23,264 | average=6.62 MiB/s | ETA≈25.2 h
2026-07-14 07:38:40 [ERA5] progress=23,883/88,396 (27.02%) | new=5.64 GiB | skipped=23,264 | average=6.63 MiB/s | ETA≈25.2 h
2026-07-14 07:39:10 [ERA5] progress=23,907/88,396 (27.05%) | new=5.85 GiB | skipped=23,264 | average=6.66 MiB/s | ETA≈25.1 h
2026-07-14 07:39:40 [ERA5] progress=23,925/88,396 (27.07%) | new=6.02 GiB | skipped=23,264 | average=6.63 MiB/s | ETA≈25.2 h
2026-07-14 07:40:11 [ERA5] progress=23,946/88,396 (27.09%) | new=6.21 GiB | skipped=23,264 | average=6.62 MiB/s | ETA≈25.2 h
2026-07-14 07:40:42 [ERA5] progress=23,972/88,396 (27.12%) | new=6.44 GiB | skipped=23,264 | average=6.65 MiB/s | ETA≈25.1 h
2026-07-14 07:41:13 [ERA5] progress=23,993/88,396 (27.14%) | new=6.63 GiB | skipped=23,264 | average=6.64 MiB/s | ETA≈25.1 h
2026-07-14 07:41:43 [ERA5] progress=24,017/88,396 (27.17%) | new=6.85 GiB | skipped=23,264 | average=6.66 MiB/s | ETA≈25.0 h
2026-07-14 07:42:13 [ERA5] progress=24,039/88,396 (27.19%) | new=7.05 GiB | skipped=23,264 | average=6.67 MiB/s | ETA≈25.0 h
2026-07-14 07:42:46 [ERA5] progress=24,061/88,396 (27.22%) | new=7.25 GiB | skipped=23,264 | average=6.66 MiB/s | ETA≈25.0 h
2026-07-14 07:43:16 [ERA5] progress=24,084/88,396 (27.25%) | new=7.47 GiB | skipped=23,264 | average=6.67 MiB/s | ETA≈25.0 h
2026-07-14 07:43:48 [ERA5] progress=24,106/88,396 (27.27%) | new=7.68 GiB | skipped=23,264 | average=6.67 MiB/s | ETA≈25.0 h
2026-07-14 07:44:19 [ERA5] progress=24,128/88,396 (27.30%) | new=7.89 GiB | skipped=23,264 | average=6.68 MiB/s | ETA≈25.0 h
2026-07-14 07:44:50 [ERA5] progress=24,150/88,396 (27.32%) | new=8.10 GiB | skipped=23,264 | average=6.69 MiB/s | ETA≈25.0 h
2026-07-14 07:45:22 [ERA5] progress=24,171/88,396 (27.34%) | new=8.30 GiB | skipped=23,264 | average=6.69 MiB/s | ETA≈25.0 h
2026-07-14 07:45:52 [ERA5] progress=24,192/88,396 (27.37%) | new=8.51 GiB | skipped=23,264 | average=6.69 MiB/s | ETA≈25.0 h
2026-07-14 07:46:25 [ERA5] progress=24,213/88,396 (27.39%) | new=8.71 GiB | skipped=23,264 | average=6.68 MiB/s | ETA≈25.1 h
2026-07-14 07:46:55 [ERA5] progress=24,232/88,396 (27.41%) | new=8.89 GiB | skipped=23,264 | average=6.67 MiB/s | ETA≈25.1 h
2026-07-14 07:47:27 [ERA5] progress=24,251/88,396 (27.43%) | new=9.07 GiB | skipped=23,264 | average=6.65 MiB/s | ETA≈25.2 h
2026-07-14 07:47:57 [ERA5] progress=24,272/88,396 (27.46%) | new=9.27 GiB | skipped=23,264 | average=6.65 MiB/s | ETA≈25.2 h
2026-07-14 07:48:29 [ERA5] progress=24,293/88,396 (27.48%) | new=9.48 GiB | skipped=23,264 | average=6.65 MiB/s | ETA≈25.2 h
2026-07-14 07:49:00 [ERA5] progress=24,314/88,396 (27.51%) | new=9.68 GiB | skipped=23,264 | average=6.65 MiB/s | ETA≈25.3 h
2026-07-14 07:49:30 [ERA5] progress=24,335/88,396 (27.53%) | new=9.88 GiB | skipped=23,264 | average=6.65 MiB/s | ETA≈25.3 h
2026-07-14 07:50:01 [ERA5] progress=24,358/88,396 (27.56%) | new=10.10 GiB | skipped=23,264 | average=6.67 MiB/s | ETA≈25.2 h
2026-07-14 07:50:32 [ERA5] progress=24,379/88,396 (27.58%) | new=10.30 GiB | skipped=23,264 | average=6.67 MiB/s | ETA≈25.2 h
2026-07-14 07:51:03 [ERA5] progress=24,398/88,396 (27.60%) | new=10.49 GiB | skipped=23,264 | average=6.66 MiB/s | ETA≈25.3 h
2026-07-14 07:51:36 [ERA5] progress=24,418/88,396 (27.62%) | new=10.68 GiB | skipped=23,264 | average=6.65 MiB/s | ETA≈25.3 h
2026-07-14 07:52:06 [ERA5] progress=24,439/88,396 (27.65%) | new=10.88 GiB | skipped=23,264 | average=6.65 MiB/s | ETA≈25.3 h
2026-07-14 07:52:36 [ERA5] progress=24,457/88,396 (27.67%) | new=11.06 GiB | skipped=23,264 | average=6.64 MiB/s | ETA≈25.4 h
2026-07-14 07:53:06 [ERA5] progress=24,477/88,396 (27.69%) | new=11.25 GiB | skipped=23,264 | average=6.63 MiB/s | ETA≈25.4 h
2026-07-14 07:53:37 [ERA5] progress=24,494/88,396 (27.71%) | new=11.41 GiB | skipped=23,264 | average=6.62 MiB/s | ETA≈25.5 h
2026-07-14 07:54:07 [ERA5] progress=24,514/88,396 (27.73%) | new=11.61 GiB | skipped=23,264 | average=6.61 MiB/s | ETA≈25.5 h
2026-07-14 07:54:38 [ERA5] progress=24,536/88,396 (27.76%) | new=11.82 GiB | skipped=23,264 | average=6.62 MiB/s | ETA≈25.5 h
2026-07-14 07:55:12 [ERA5] progress=24,556/88,396 (27.78%) | new=12.01 GiB | skipped=23,264 | average=6.61 MiB/s | ETA≈25.6 h
2026-07-14 07:55:42 [ERA5] progress=24,575/88,396 (27.80%) | new=12.19 GiB | skipped=23,264 | average=6.60 MiB/s | ETA≈25.6 h
2026-07-14 07:56:13 [ERA5] progress=24,594/88,396 (27.82%) | new=12.38 GiB | skipped=23,264 | average=6.59 MiB/s | ETA≈25.6 h
2026-07-14 07:56:43 [ERA5] progress=24,614/88,396 (27.85%) | new=12.57 GiB | skipped=23,264 | average=6.59 MiB/s | ETA≈25.6 h
2026-07-14 07:57:14 [ERA5] progress=24,635/88,396 (27.87%) | new=12.77 GiB | skipped=23,264 | average=6.59 MiB/s | ETA≈25.6 h
2026-07-14 07:57:44 [ERA5] progress=24,656/88,396 (27.89%) | new=12.97 GiB | skipped=23,264 | average=6.60 MiB/s | ETA≈25.6 h
2026-07-14 07:58:16 [ERA5] progress=24,677/88,396 (27.92%) | new=13.18 GiB | skipped=23,264 | average=6.59 MiB/s | ETA≈25.6 h
2026-07-14 07:58:48 [ERA5] progress=24,702/88,396 (27.94%) | new=13.42 GiB | skipped=23,264 | average=6.61 MiB/s | ETA≈25.6 h
2026-07-14 07:59:20 [ERA5] progress=24,721/88,396 (27.97%) | new=13.60 GiB | skipped=23,264 | average=6.60 MiB/s | ETA≈25.6 h
2026-07-14 07:59:50 [ERA5] progress=24,743/88,396 (27.99%) | new=13.81 GiB | skipped=23,264 | average=6.61 MiB/s | ETA≈25.6 h
2026-07-14 08:00:21 [ERA5] progress=24,761/88,396 (28.01%) | new=13.98 GiB | skipped=23,264 | average=6.60 MiB/s | ETA≈25.6 h
2026-07-14 08:00:52 [ERA5] progress=24,783/88,396 (28.04%) | new=14.20 GiB | skipped=23,264 | average=6.60 MiB/s | ETA≈25.6 h
2026-07-14 08:01:24 [ERA5] progress=24,804/88,396 (28.06%) | new=14.40 GiB | skipped=23,264 | average=6.60 MiB/s | ETA≈25.6 h
2026-07-14 08:01:55 [ERA5] progress=24,823/88,396 (28.08%) | new=14.58 GiB | skipped=23,264 | average=6.59 MiB/s | ETA≈25.7 h
2026-07-14 08:02:25 [ERA5] progress=24,843/88,396 (28.10%) | new=14.77 GiB | skipped=23,264 | average=6.59 MiB/s | ETA≈25.7 h
2026-07-14 08:02:55 [ERA5] progress=24,865/88,396 (28.13%) | new=14.99 GiB | skipped=23,264 | average=6.60 MiB/s | ETA≈25.6 h
2026-07-14 08:03:27 [ERA5] progress=24,884/88,396 (28.15%) | new=15.17 GiB | skipped=23,264 | average=6.59 MiB/s | ETA≈25.7 h
2026-07-14 08:03:57 [ERA5] progress=24,905/88,396 (28.17%) | new=15.37 GiB | skipped=23,264 | average=6.59 MiB/s | ETA≈25.7 h
2026-07-14 08:04:29 [ERA5] progress=24,925/88,396 (28.20%) | new=15.57 GiB | skipped=23,264 | average=6.59 MiB/s | ETA≈25.7 h
2026-07-14 08:05:00 [ERA5] progress=24,946/88,396 (28.22%) | new=15.77 GiB | skipped=23,264 | average=6.59 MiB/s | ETA≈25.7 h
2026-07-14 08:05:31 [ERA5] progress=24,968/88,396 (28.25%) | new=15.98 GiB | skipped=23,264 | average=6.59 MiB/s | ETA≈25.7 h
2026-07-14 08:06:02 [ERA5] progress=24,989/88,396 (28.27%) | new=16.18 GiB | skipped=23,264 | average=6.60 MiB/s | ETA≈25.6 h
2026-07-14 08:06:32 [ERA5] progress=25,008/88,396 (28.29%) | new=16.36 GiB | skipped=23,264 | average=6.59 MiB/s | ETA≈25.7 h
2026-07-14 08:07:03 [ERA5] progress=25,031/88,396 (28.32%) | new=16.59 GiB | skipped=23,264 | average=6.60 MiB/s | ETA≈25.6 h
2026-07-14 08:07:34 [ERA5] progress=25,051/88,396 (28.34%) | new=16.78 GiB | skipped=23,264 | average=6.60 MiB/s | ETA≈25.6 h
2026-07-14 08:08:06 [ERA5] progress=25,075/88,396 (28.37%) | new=17.01 GiB | skipped=23,264 | average=6.61 MiB/s | ETA≈25.6 h
2026-07-14 08:08:38 [ERA5] progress=25,098/88,396 (28.39%) | new=17.23 GiB | skipped=23,264 | average=6.61 MiB/s | ETA≈25.6 h
2026-07-14 08:08:56 [ERA5] ========================================================================
2026-07-14 08:08:56 [ERA5] Parallel raw WeatherBench2 ERA5 downloader
2026-07-14 08:08:56 [ERA5] Period: 1979–2022
2026-07-14 08:08:56 [ERA5] Workers: 32
2026-07-14 08:08:56 [ERA5] No decompression or recompression
2026-07-14 08:08:56 [ERA5] ========================================================================
2026-07-14 08:08:56 [ERA5] Opening remote metadata
2026-07-14 08:09:23 [ERA5] Selected time indices: 29,220..93,503
2026-07-14 08:09:23 [ERA5] Selected timestamps: 64,284
2026-07-14 08:09:23 [ERA5] Copying Zarr metadata and coordinates
2026-07-14 08:09:27 [ERA5] metadata 1/39: .zgroup | exists | 24.00 B
2026-07-14 08:09:27 [ERA5] metadata 2/39: .zattrs | exists | 2.00 B
2026-07-14 08:09:27 [ERA5] metadata 3/39: .zarray | exists | 320.00 B
2026-07-14 08:09:27 [ERA5] metadata 4/39: .zattrs | exists | 129.00 B
2026-07-14 08:09:27 [ERA5] metadata 5/39: 0 | exists | 3.25 KiB
2026-07-14 08:09:27 [ERA5] metadata 6/39: 1 | exists | 3.29 KiB
2026-07-14 08:09:27 [ERA5] metadata 7/39: 2 | exists | 3.00 KiB
2026-07-14 08:09:27 [ERA5] metadata 8/39: 3 | exists | 3.29 KiB
2026-07-14 08:09:27 [ERA5] metadata 9/39: .zarray | exists | 314.00 B
2026-07-14 08:09:27 [ERA5] metadata 10/39: .zattrs | exists | 52.00 B
2026-07-14 08:09:27 [ERA5] metadata 11/39: 0 | exists | 120.00 B
2026-07-14 08:09:27 [ERA5] metadata 12/39: .zarray | exists | 317.00 B
2026-07-14 08:09:27 [ERA5] metadata 13/39: .zattrs | exists | 56.00 B
2026-07-14 08:09:27 [ERA5] metadata 14/39: 0 | exists | 845.00 B
2026-07-14 08:09:27 [ERA5] metadata 15/39: .zarray | exists | 317.00 B
2026-07-14 08:09:27 [ERA5] metadata 16/39: .zattrs | exists | 55.00 B
2026-07-14 08:09:27 [ERA5] metadata 17/39: 0 | exists | 528.00 B
2026-07-14 08:09:27 [ERA5] metadata 18/39: .zarray | exists | 393.00 B
2026-07-14 08:09:27 [ERA5] metadata 19/39: .zattrs | exists | 229.00 B
2026-07-14 08:09:27 [ERA5] metadata 20/39: .zarray | exists | 393.00 B
2026-07-14 08:09:27 [ERA5] metadata 21/39: .zattrs | exists | 222.00 B
2026-07-14 08:09:27 [ERA5] metadata 22/39: .zarray | exists | 393.00 B
2026-07-14 08:09:27 [ERA5] metadata 23/39: .zattrs | exists | 238.00 B
2026-07-14 08:09:27 [ERA5] metadata 24/39: .zarray | exists | 393.00 B
2026-07-14 08:09:27 [ERA5] metadata 25/39: .zattrs | exists | 234.00 B
2026-07-14 08:09:27 [ERA5] metadata 26/39: .zarray | exists | 393.00 B
2026-07-14 08:09:27 [ERA5] metadata 27/39: .zattrs | exists | 235.00 B
2026-07-14 08:09:27 [ERA5] metadata 28/39: .zarray | exists | 369.00 B
2026-07-14 08:09:27 [ERA5] metadata 29/39: .zattrs | exists | 175.00 B
2026-07-14 08:09:27 [ERA5] metadata 30/39: .zarray | exists | 369.00 B
2026-07-14 08:09:27 [ERA5] metadata 31/39: .zattrs | exists | 187.00 B
2026-07-14 08:09:27 [ERA5] metadata 32/39: .zarray | exists | 369.00 B
2026-07-14 08:09:27 [ERA5] metadata 33/39: .zattrs | exists | 187.00 B
2026-07-14 08:09:27 [ERA5] metadata 34/39: .zarray | exists | 369.00 B
2026-07-14 08:09:27 [ERA5] metadata 35/39: .zattrs | exists | 235.00 B
2026-07-14 08:09:27 [ERA5] metadata 36/39: .zarray | exists | 369.00 B
2026-07-14 08:09:27 [ERA5] metadata 37/39: .zattrs | exists | 217.00 B
2026-07-14 08:09:27 [ERA5] metadata 38/39: .zarray | exists | 369.00 B
2026-07-14 08:09:27 [ERA5] metadata 39/39: .zattrs | exists | 174.00 B
2026-07-14 08:09:27 [ERA5] geopotential: source chunks 3652..11687 | objects=8,036
2026-07-14 08:09:27 [ERA5] temperature: source chunks 3652..11687 | objects=8,036
2026-07-14 08:09:28 [ERA5] specific_humidity: source chunks 3652..11687 | objects=8,036
2026-07-14 08:09:28 [ERA5] u_component_of_wind: source chunks 3652..11687 | objects=8,036
2026-07-14 08:09:28 [ERA5] v_component_of_wind: source chunks 3652..11687 | objects=8,036
2026-07-14 08:09:28 [ERA5] 2m_temperature: source chunks 3652..11687 | objects=8,036
2026-07-14 08:09:29 [ERA5] 10m_u_component_of_wind: source chunks 3652..11687 | objects=8,036
2026-07-14 08:09:29 [ERA5] 10m_v_component_of_wind: source chunks 3652..11687 | objects=8,036
2026-07-14 08:09:29 [ERA5] mean_sea_level_pressure: source chunks 3652..11687 | objects=8,036
2026-07-14 08:09:30 [ERA5] surface_pressure: source chunks 3652..11687 | objects=8,036
2026-07-14 08:09:30 [ERA5] total_precipitation_6hr: source chunks 3652..11687 | objects=8,036
2026-07-14 08:09:30 [ERA5] Starting raw-object copy with 32 workers
2026-07-14 08:09:30 [ERA5] Total ERA5 chunk objects: 88,396
2026-07-14 08:09:30 [ERA5] Destination: /home/tahiti/ConserveFM/data/ERA5_WeatherBench2_1979_2022
2026-07-14 08:09:30 [ERA5] progress=99/88,396 (0.11%) | new=0.00 B | skipped=99 | average=0.00 B/s | ETA≈0.0 h
2026-07-14 08:15:11 [ERA5] progress=25,105/88,396 (28.40%) | new=9.32 MiB | skipped=25,104 | average=27.99 KiB/s | ETA≈5993.6 h
2026-07-14 08:18:46 [ERA5] progress=25,106/88,396 (28.40%) | new=19.19 MiB | skipped=25,104 | average=35.34 KiB/s | ETA≈4887.2 h
2026-07-14 08:22:18 [ERA5] progress=25,107/88,396 (28.40%) | new=29.06 MiB | skipped=25,104 | average=38.76 KiB/s | ETA≈4498.7 h
