sample_id,split,context_steps,context_start_idx,context_end_idx,target_idx,context_start,context_end,target_time,lead_hours
train_029237_lead006,train,4,29234,29237,29238,1979-01-04T12:00:00,1979-01-05T06:00:00,1979-01-05T12:00:00,6
train_029237_lead024,train,4,29234,29237,29241,1979-01-04T12:00:00,1979-01-05T06:00:00,1979-01-06T06:00:00,24
train_029237_lead072,train,4,29234,29237,29249,1979-01-04T12:00:00,1979-01-05T06:00:00,1979-01-08T06:00:00,72
train_029265_lead006,train,4,29262,29265,29266,1979-01-11T12:00:00,1979-01-12T06:00:00,1979-01-12T12:00:00,6
train_029265_lead024,train,4,29262,29265,29269,1979-01-11T12:00:00,1979-01-12T06:00:00,1979-01-13T06:00:00,24
train_029265_lead072,train,4,29262,29265,29277,1979-01-11T12:00:00,1979-01-12T06:00:00,1979-01-15T06:00:00,72
train_029294_lead006,train,4,29291,29294,29295,1979-01-18T18:00:00,1979-01-19T12:00:00,1979-01-19T18:00:00,6
train_029294_lead024,train,4,29291,29294,29298,1979-01-18T18:00:00,1979-01-19T12:00:00,1979-01-20T12:00:00,24
train_029294_lead072,train,4,29291,29294,29306,1979-01-18T18:00:00,1979-01-19T12:00:00,1979-01-22T12:00:00,72
train_029322_lead006,train,4,29319,29322,29323,1979-01-25T18:00:00,1979-01-26T12:00:00,1979-01-26T18:00:00,6
train_029322_lead024,train,4,29319,29322,29326,1979-01-25T18:00:00,1979-01-26T12:00:00,1979-01-27T12:00:00,24
train_029322_lead072,train,4,29319,29322,29334,1979-01-25T18:00:00,1979-01-26T12:00:00,1979-01-29T12:00:00,72
train_029351_lead006,train,4,29348,29351,29352,1979-02-02T00:00:00,1979-02-02T18:00:00,1979-02-03T00:00:00,6
train_029351_lead024,train,4,29348,29351,29355,1979-02-02T00:00:00,1979-02-02T18:00:00,1979-02-03T18:00:00,24
train_029351_lead072,train,4,29348,29351,29363,1979-02-02T00:00:00,1979-02-02T18:00:00,1979-02-05T18:00:00,72
train_029379_lead006,train,4,29376,29379,29380,1979-02-09T00:00:00,1979-02-09T18:00:00,1979-02-10T00:00:00,6
train_029379_lead024,train,4,29376,29379,29383,1979-02-09T00:00:00,1979-02-09T18:00:00,1979-02-10T18:00:00,24
train_029379_lead072,train,4,29376,29379,29391,1979-02-09T00:00:00,1979-02-09T18:00:00,1979-02-12T18:00:00,72
train_029408_lead006,train,4,29405,29408,29409,1979-02-16T06:00:00,1979-02-17T00:00:00,1979-02-17T06:00:00,6
train_029408_lead024,train,4,29405,29408,29412,1979-02-16T06:00:00,1979-02-17T00:00:00,1979-02-18T00:00:00,24
train_029408_lead072,train,4,29405,29408,29420,1979-02-16T06:00:00,1979-02-17T00:00:00,1979-02-20T00:00:00,72
train_029436_lead006,train,4,29433,29436,29437,1979-02-23T06:00:00,1979-02-24T00:00:00,1979-02-24T06:00:00,6
train_029436_lead024,train,4,29433,29436,29440,1979-02-23T06:00:00,1979-02-24T00:00:00,1979-02-25T00:00:00,24
train_029436_lead072,train,4,29433,29436,29448,1979-02-23T06:00:00,1979-02-24T00:00:00,1979-02-27T00:00:00,72
train_029465_lead006,train,4,29462,29465,29466,1979-03-02T12:00:00,1979-03-03T06:00:00,1979-03-03T12:00:00,6
train_029465_lead024,train,4,29462,29465,29469,1979-03-02T12:00:00,1979-03-03T06:00:00,1979-03-04T06:00:00,24
train_029465_lead072,train,4,29462,29465,29477,1979-03-02T12:00:00,1979-03-03T06:00:00,1979-03-06T06:00:00,72
train_029494_lead006,train,4,29491,29494,29495,1979-03-09T18:00:00,1979-03-10T12:00:00,1979-03-10T18:00:00,6
train_029494_lead024,train,4,29491,29494,29498,1979-03-09T18:00:00,1979-03-10T12:00:00,1979-03-11T12:00:00,24
train_029494_lead072,train,4,29491,29494,29506,1979-03-09T18:00:00,1979-03-10T12:00:00,1979-03-13T12:00:00,72
train_029522_lead006,train,4,29519,29522,29523,1979-03-16T18:00:00,1979-03-17T12:00:00,1979-03-17T18:00:00,6
train_029522_lead024,train,4,29519,29522,29526,1979-03-16T18:00:00,1979-03-17T12:00:00,1979-03-18T12:00:00,24
train_029522_lead072,train,4,29519,29522,29534,1979-03-16T18:00:00,1979-03-17T12:00:00,1979-03-20T12:00:00,72
train_029551_lead006,train,4,29548,29551,29552,1979-03-24T00:00:00,1979-03-24T18:00:00,1979-03-25T00:00:00,6
train_029551_lead024,train,4,29548,29551,29555,1979-03-24T00:00:00,1979-03-24T18:00:00,1979-03-25T18:00:00,24
train_029551_lead072,train,4,29548,29551,29563,1979-03-24T00:00:00,1979-03-24T18:00:00,1979-03-27T18:00:00,72
train_029579_lead006,train,4,29576,29579,29580,1979-03-31T00:00:00,1979-03-31T18:00:00,1979-04-01T00:00:00,6
train_029579_lead024,train,4,29576,29579,29583,1979-03-31T00:00:00,1979-03-31T18:00:00,1979-04-01T18:00:00,24
train_029579_lead072,train,4,29576,29579,29591,1979-03-31T00:00:00,1979-03-31T18:00:00,1979-04-03T18:00:00,72
train_029608_lead006,train,4,29605,29608,29609,1979-04-07T06:00:00,1979-04-08T00:00:00,1979-04-08T06:00:00,6
train_029608_lead024,train,4,29605,29608,29612,1979-04-07T06:00:00,1979-04-08T00:00:00,1979-04-09T00:00:00,24
train_029608_lead072,train,4,29605,29608,29620,1979-04-07T06:00:00,1979-04-08T00:00:00,1979-04-11T00:00:00,72
train_029636_lead006,train,4,29633,29636,29637,1979-04-14T06:00:00,1979-04-15T00:00:00,1979-04-15T06:00:00,6
train_029636_lead024,train,4,29633,29636,29640,1979-04-14T06:00:00,1979-04-15T00:00:00,1979-04-16T00:00:00,24
train_029636_lead072,train,4,29633,29636,29648,1979-04-14T06:00:00,1979-04-15T00:00:00,1979-04-18T00:00:00,72
train_029665_lead006,train,4,29662,29665,29666,1979-04-21T12:00:00,1979-04-22T06:00:00,1979-04-22T12:00:00,6
train_029665_lead024,train,4,29662,29665,29669,1979-04-21T12:00:00,1979-04-22T06:00:00,1979-04-23T06:00:00,24
train_029665_lead072,train,4,29662,29665,29677,1979-04-21T12:00:00,1979-04-22T06:00:00,1979-04-25T06:00:00,72
train_029693_lead006,train,4,29690,29693,29694,1979-04-28T12:00:00,1979-04-29T06:00:00,1979-04-29T12:00:00,6
train_029693_lead024,train,4,29690,29693,29697,1979-04-28T12:00:00,1979-04-29T06:00:00,1979-04-30T06:00:00,24
train_029693_lead072,train,4,29690,29693,29705,1979-04-28T12:00:00,1979-04-29T06:00:00,1979-05-02T06:00:00,72
train_029722_lead006,train,4,29719,29722,29723,1979-05-05T18:00:00,1979-05-06T12:00:00,1979-05-06T18:00:00,6
train_029722_lead024,train,4,29719,29722,29726,1979-05-05T18:00:00,1979-05-06T12:00:00,1979-05-07T12:00:00,24
train_029722_lead072,train,4,29719,29722,29734,1979-05-05T18:00:00,1979-05-06T12:00:00,1979-05-09T12:00:00,72
train_029750_lead006,train,4,29747,29750,29751,1979-05-12T18:00:00,1979-05-13T12:00:00,1979-05-13T18:00:00,6
train_029750_lead024,train,4,29747,29750,29754,1979-05-12T18:00:00,1979-05-13T12:00:00,1979-05-14T12:00:00,24
train_029750_lead072,train,4,29747,29750,29762,1979-05-12T18:00:00,1979-05-13T12:00:00,1979-05-16T12:00:00,72
train_029779_lead006,train,4,29776,29779,29780,1979-05-20T00:00:00,1979-05-20T18:00:00,1979-05-21T00:00:00,6
train_029779_lead024,train,4,29776,29779,29783,1979-05-20T00:00:00,1979-05-20T18:00:00,1979-05-21T18:00:00,24
train_029779_lead072,train,4,29776,29779,29791,1979-05-20T00:00:00,1979-05-20T18:00:00,1979-05-23T18:00:00,72
train_029807_lead006,train,4,29804,29807,29808,1979-05-27T00:00:00,1979-05-27T18:00:00,1979-05-28T00:00:00,6
train_029807_lead024,train,4,29804,29807,29811,1979-05-27T00:00:00,1979-05-27T18:00:00,1979-05-28T18:00:00,24
train_029807_lead072,train,4,29804,29807,29819,1979-05-27T00:00:00,1979-05-27T18:00:00,1979-05-30T18:00:00,72
train_029836_lead006,train,4,29833,29836,29837,1979-06-03T06:00:00,1979-06-04T00:00:00,1979-06-04T06:00:00,6
train_029836_lead024,train,4,29833,29836,29840,1979-06-03T06:00:00,1979-06-04T00:00:00,1979-06-05T00:00:00,24
train_029836_lead072,train,4,29833,29836,29848,1979-06-03T06:00:00,1979-06-04T00:00:00,1979-06-07T00:00:00,72
train_029864_lead006,train,4,29861,29864,29865,1979-06-10T06:00:00,1979-06-11T00:00:00,1979-06-11T06:00:00,6
train_029864_lead024,train,4,29861,29864,29868,1979-06-10T06:00:00,1979-06-11T00:00:00,1979-06-12T00:00:00,24
train_029864_lead072,train,4,29861,29864,29876,1979-06-10T06:00:00,1979-06-11T00:00:00,1979-06-14T00:00:00,72
train_029893_lead006,train,4,29890,29893,29894,1979-06-17T12:00:00,1979-06-18T06:00:00,1979-06-18T12:00:00,6
train_029893_lead024,train,4,29890,29893,29897,1979-06-17T12:00:00,1979-06-18T06:00:00,1979-06-19T06:00:00,24
train_029893_lead072,train,4,29890,29893,29905,1979-06-17T12:00:00,1979-06-18T06:00:00,1979-06-21T06:00:00,72
train_029921_lead006,train,4,29918,29921,29922,1979-06-24T12:00:00,1979-06-25T06:00:00,1979-06-25T12:00:00,6
train_029921_lead024,train,4,29918,29921,29925,1979-06-24T12:00:00,1979-06-25T06:00:00,1979-06-26T06:00:00,24
train_029921_lead072,train,4,29918,29921,29933,1979-06-24T12:00:00,1979-06-25T06:00:00,1979-06-28T06:00:00,72
train_029950_lead006,train,4,29947,29950,29951,1979-07-01T18:00:00,1979-07-02T12:00:00,1979-07-02T18:00:00,6
train_029950_lead024,train,4,29947,29950,29954,1979-07-01T18:00:00,1979-07-02T12:00:00,1979-07-03T12:00:00,24
train_029950_lead072,train,4,29947,29950,29962,1979-07-01T18:00:00,1979-07-02T12:00:00,1979-07-05T12:00:00,72
train_029978_lead006,train,4,29975,29978,29979,1979-07-08T18:00:00,1979-07-09T12:00:00,1979-07-09T18:00:00,6
train_029978_lead024,train,4,29975,29978,29982,1979-07-08T18:00:00,1979-07-09T12:00:00,1979-07-10T12:00:00,24
train_029978_lead072,train,4,29975,29978,29990,1979-07-08T18:00:00,1979-07-09T12:00:00,1979-07-12T12:00:00,72
train_030007_lead006,train,4,30004,30007,30008,1979-07-16T00:00:00,1979-07-16T18:00:00,1979-07-17T00:00:00,6
train_030007_lead024,train,4,30004,30007,30011,1979-07-16T00:00:00,1979-07-16T18:00:00,1979-07-17T18:00:00,24
train_030007_lead072,train,4,30004,30007,30019,1979-07-16T00:00:00,1979-07-16T18:00:00,1979-07-19T18:00:00,72
train_030036_lead006,train,4,30033,30036,30037,1979-07-23T06:00:00,1979-07-24T00:00:00,1979-07-24T06:00:00,6
train_030036_lead024,train,4,30033,30036,30040,1979-07-23T06:00:00,1979-07-24T00:00:00,1979-07-25T00:00:00,24
train_030036_lead072,train,4,30033,30036,30048,1979-07-23T06:00:00,1979-07-24T00:00:00,1979-07-27T00:00:00,72
train_030064_lead006,train,4,30061,30064,30065,1979-07-30T06:00:00,1979-07-31T00:00:00,1979-07-31T06:00:00,6
train_030064_lead024,train,4,30061,30064,30068,1979-07-30T06:00:00,1979-07-31T00:00:00,1979-08-01T00:00:00,24
train_030064_lead072,train,4,30061,30064,30076,1979-07-30T06:00:00,1979-07-31T00:00:00,1979-08-03T00:00:00,72
train_030093_lead006,train,4,30090,30093,30094,1979-08-06T12:00:00,1979-08-07T06:00:00,1979-08-07T12:00:00,6
train_030093_lead024,train,4,30090,30093,30097,1979-08-06T12:00:00,1979-08-07T06:00:00,1979-08-08T06:00:00,24
train_030093_lead072,train,4,30090,30093,30105,1979-08-06T12:00:00,1979-08-07T06:00:00,1979-08-10T06:00:00,72
train_030121_lead006,train,4,30118,30121,30122,1979-08-13T12:00:00,1979-08-14T06:00:00,1979-08-14T12:00:00,6
train_030121_lead024,train,4,30118,30121,30125,1979-08-13T12:00:00,1979-08-14T06:00:00,1979-08-15T06:00:00,24
train_030121_lead072,train,4,30118,30121,30133,1979-08-13T12:00:00,1979-08-14T06:00:00,1979-08-17T06:00:00,72
train_030150_lead006,train,4,30147,30150,30151,1979-08-20T18:00:00,1979-08-21T12:00:00,1979-08-21T18:00:00,6
train_030150_lead024,train,4,30147,30150,30154,1979-08-20T18:00:00,1979-08-21T12:00:00,1979-08-22T12:00:00,24
train_030150_lead072,train,4,30147,30150,30162,1979-08-20T18:00:00,1979-08-21T12:00:00,1979-08-24T12:00:00,72
train_030178_lead006,train,4,30175,30178,30179,1979-08-27T18:00:00,1979-08-28T12:00:00,1979-08-28T18:00:00,6
train_030178_lead024,train,4,30175,30178,30182,1979-08-27T18:00:00,1979-08-28T12:00:00,1979-08-29T12:00:00,24
train_030178_lead072,train,4,30175,30178,30190,1979-08-27T18:00:00,1979-08-28T12:00:00,1979-08-31T12:00:00,72
train_030207_lead006,train,4,30204,30207,30208,1979-09-04T00:00:00,1979-09-04T18:00:00,1979-09-05T00:00:00,6
train_030207_lead024,train,4,30204,30207,30211,1979-09-04T00:00:00,1979-09-04T18:00:00,1979-09-05T18:00:00,24
train_030207_lead072,train,4,30204,30207,30219,1979-09-04T00:00:00,1979-09-04T18:00:00,1979-09-07T18:00:00,72
train_030235_lead006,train,4,30232,30235,30236,1979-09-11T00:00:00,1979-09-11T18:00:00,1979-09-12T00:00:00,6
train_030235_lead024,train,4,30232,30235,30239,1979-09-11T00:00:00,1979-09-11T18:00:00,1979-09-12T18:00:00,24
train_030235_lead072,train,4,30232,30235,30247,1979-09-11T00:00:00,1979-09-11T18:00:00,1979-09-14T18:00:00,72
train_030264_lead006,train,4,30261,30264,30265,1979-09-18T06:00:00,1979-09-19T00:00:00,1979-09-19T06:00:00,6
train_030264_lead024,train,4,30261,30264,30268,1979-09-18T06:00:00,1979-09-19T00:00:00,1979-09-20T00:00:00,24
train_030264_lead072,train,4,30261,30264,30276,1979-09-18T06:00:00,1979-09-19T00:00:00,1979-09-22T00:00:00,72
train_030292_lead006,train,4,30289,30292,30293,1979-09-25T06:00:00,1979-09-26T00:00:00,1979-09-26T06:00:00,6
train_030292_lead024,train,4,30289,30292,30296,1979-09-25T06:00:00,1979-09-26T00:00:00,1979-09-27T00:00:00,24
train_030292_lead072,train,4,30289,30292,30304,1979-09-25T06:00:00,1979-09-26T00:00:00,1979-09-29T00:00:00,72
train_030321_lead006,train,4,30318,30321,30322,1979-10-02T12:00:00,1979-10-03T06:00:00,1979-10-03T12:00:00,6
train_030321_lead024,train,4,30318,30321,30325,1979-10-02T12:00:00,1979-10-03T06:00:00,1979-10-04T06:00:00,24
train_030321_lead072,train,4,30318,30321,30333,1979-10-02T12:00:00,1979-10-03T06:00:00,1979-10-06T06:00:00,72
train_030349_lead006,train,4,30346,30349,30350,1979-10-09T12:00:00,1979-10-10T06:00:00,1979-10-10T12:00:00,6
train_030349_lead024,train,4,30346,30349,30353,1979-10-09T12:00:00,1979-10-10T06:00:00,1979-10-11T06:00:00,24
train_030349_lead072,train,4,30346,30349,30361,1979-10-09T12:00:00,1979-10-10T06:00:00,1979-10-13T06:00:00,72
train_030378_lead006,train,4,30375,30378,30379,1979-10-16T18:00:00,1979-10-17T12:00:00,1979-10-17T18:00:00,6
train_030378_lead024,train,4,30375,30378,30382,1979-10-16T18:00:00,1979-10-17T12:00:00,1979-10-18T12:00:00,24
train_030378_lead072,train,4,30375,30378,30390,1979-10-16T18:00:00,1979-10-17T12:00:00,1979-10-20T12:00:00,72
train_030406_lead006,train,4,30403,30406,30407,1979-10-23T18:00:00,1979-10-24T12:00:00,1979-10-24T18:00:00,6
train_030406_lead024,train,4,30403,30406,30410,1979-10-23T18:00:00,1979-10-24T12:00:00,1979-10-25T12:00:00,24
train_030406_lead072,train,4,30403,30406,30418,1979-10-23T18:00:00,1979-10-24T12:00:00,1979-10-27T12:00:00,72
train_030435_lead006,train,4,30432,30435,30436,1979-10-31T00:00:00,1979-10-31T18:00:00,1979-11-01T00:00:00,6
train_030435_lead024,train,4,30432,30435,30439,1979-10-31T00:00:00,1979-10-31T18:00:00,1979-11-01T18:00:00,24
train_030435_lead072,train,4,30432,30435,30447,1979-10-31T00:00:00,1979-10-31T18:00:00,1979-11-03T18:00:00,72
train_030463_lead006,train,4,30460,30463,30464,1979-11-07T00:00:00,1979-11-07T18:00:00,1979-11-08T00:00:00,6
train_030463_lead024,train,4,30460,30463,30467,1979-11-07T00:00:00,1979-11-07T18:00:00,1979-11-08T18:00:00,24
train_030463_lead072,train,4,30460,30463,30475,1979-11-07T00:00:00,1979-11-07T18:00:00,1979-11-10T18:00:00,72
train_030492_lead006,train,4,30489,30492,30493,1979-11-14T06:00:00,1979-11-15T00:00:00,1979-11-15T06:00:00,6
train_030492_lead024,train,4,30489,30492,30496,1979-11-14T06:00:00,1979-11-15T00:00:00,1979-11-16T00:00:00,24
train_030492_lead072,train,4,30489,30492,30504,1979-11-14T06:00:00,1979-11-15T00:00:00,1979-11-18T00:00:00,72
train_030521_lead006,train,4,30518,30521,30522,1979-11-21T12:00:00,1979-11-22T06:00:00,1979-11-22T12:00:00,6
train_030521_lead024,train,4,30518,30521,30525,1979-11-21T12:00:00,1979-11-22T06:00:00,1979-11-23T06:00:00,24
train_030521_lead072,train,4,30518,30521,30533,1979-11-21T12:00:00,1979-11-22T06:00:00,1979-11-25T06:00:00,72
train_030549_lead006,train,4,30546,30549,30550,1979-11-28T12:00:00,1979-11-29T06:00:00,1979-11-29T12:00:00,6
train_030549_lead024,train,4,30546,30549,30553,1979-11-28T12:00:00,1979-11-29T06:00:00,1979-11-30T06:00:00,24
train_030549_lead072,train,4,30546,30549,30561,1979-11-28T12:00:00,1979-11-29T06:00:00,1979-12-02T06:00:00,72
train_030578_lead006,train,4,30575,30578,30579,1979-12-05T18:00:00,1979-12-06T12:00:00,1979-12-06T18:00:00,6
train_030578_lead024,train,4,30575,30578,30582,1979-12-05T18:00:00,1979-12-06T12:00:00,1979-12-07T12:00:00,24
train_030578_lead072,train,4,30575,30578,30590,1979-12-05T18:00:00,1979-12-06T12:00:00,1979-12-09T12:00:00,72
train_030606_lead006,train,4,30603,30606,30607,1979-12-12T18:00:00,1979-12-13T12:00:00,1979-12-13T18:00:00,6
train_030606_lead024,train,4,30603,30606,30610,1979-12-12T18:00:00,1979-12-13T12:00:00,1979-12-14T12:00:00,24
train_030606_lead072,train,4,30603,30606,30618,1979-12-12T18:00:00,1979-12-13T12:00:00,1979-12-16T12:00:00,72
train_030635_lead006,train,4,30632,30635,30636,1979-12-20T00:00:00,1979-12-20T18:00:00,1979-12-21T00:00:00,6
train_030635_lead024,train,4,30632,30635,30639,1979-12-20T00:00:00,1979-12-20T18:00:00,1979-12-21T18:00:00,24
train_030635_lead072,train,4,30632,30635,30647,1979-12-20T00:00:00,1979-12-20T18:00:00,1979-12-23T18:00:00,72
train_030663_lead006,train,4,30660,30663,30664,1979-12-27T00:00:00,1979-12-27T18:00:00,1979-12-28T00:00:00,6
train_030663_lead024,train,4,30660,30663,30667,1979-12-27T00:00:00,1979-12-27T18:00:00,1979-12-28T18:00:00,24
train_030663_lead072,train,4,30660,30663,30675,1979-12-27T00:00:00,1979-12-27T18:00:00,1979-12-30T18:00:00,72
train_030692_lead006,train,4,30689,30692,30693,1980-01-03T06:00:00,1980-01-04T00:00:00,1980-01-04T06:00:00,6
train_030692_lead024,train,4,30689,30692,30696,1980-01-03T06:00:00,1980-01-04T00:00:00,1980-01-05T00:00:00,24
train_030692_lead072,train,4,30689,30692,30704,1980-01-03T06:00:00,1980-01-04T00:00:00,1980-01-07T00:00:00,72
train_030720_lead006,train,4,30717,30720,30721,1980-01-10T06:00:00,1980-01-11T00:00:00,1980-01-11T06:00:00,6
train_030720_lead024,train,4,30717,30720,30724,1980-01-10T06:00:00,1980-01-11T00:00:00,1980-01-12T00:00:00,24
train_030720_lead072,train,4,30717,30720,30732,1980-01-10T06:00:00,1980-01-11T00:00:00,1980-01-14T00:00:00,72
train_030749_lead006,train,4,30746,30749,30750,1980-01-17T12:00:00,1980-01-18T06:00:00,1980-01-18T12:00:00,6
train_030749_lead024,train,4,30746,30749,30753,1980-01-17T12:00:00,1980-01-18T06:00:00,1980-01-19T06:00:00,24
train_030749_lead072,train,4,30746,30749,30761,1980-01-17T12:00:00,1980-01-18T06:00:00,1980-01-21T06:00:00,72
train_030777_lead006,train,4,30774,30777,30778,1980-01-24T12:00:00,1980-01-25T06:00:00,1980-01-25T12:00:00,6
train_030777_lead024,train,4,30774,30777,30781,1980-01-24T12:00:00,1980-01-25T06:00:00,1980-01-26T06:00:00,24
train_030777_lead072,train,4,30774,30777,30789,1980-01-24T12:00:00,1980-01-25T06:00:00,1980-01-28T06:00:00,72
train_030806_lead006,train,4,30803,30806,30807,1980-01-31T18:00:00,1980-02-01T12:00:00,1980-02-01T18:00:00,6
train_030806_lead024,train,4,30803,30806,30810,1980-01-31T18:00:00,1980-02-01T12:00:00,1980-02-02T12:00:00,24
train_030806_lead072,train,4,30803,30806,30818,1980-01-31T18:00:00,1980-02-01T12:00:00,1980-02-04T12:00:00,72
train_030834_lead006,train,4,30831,30834,30835,1980-02-07T18:00:00,1980-02-08T12:00:00,1980-02-08T18:00:00,6
train_030834_lead024,train,4,30831,30834,30838,1980-02-07T18:00:00,1980-02-08T12:00:00,1980-02-09T12:00:00,24
train_030834_lead072,train,4,30831,30834,30846,1980-02-07T18:00:00,1980-02-08T12:00:00,1980-02-11T12:00:00,72
train_030863_lead006,train,4,30860,30863,30864,1980-02-15T00:00:00,1980-02-15T18:00:00,1980-02-16T00:00:00,6
train_030863_lead024,train,4,30860,30863,30867,1980-02-15T00:00:00,1980-02-15T18:00:00,1980-02-16T18:00:00,24
train_030863_lead072,train,4,30860,30863,30875,1980-02-15T00:00:00,1980-02-15T18:00:00,1980-02-18T18:00:00,72
train_030891_lead006,train,4,30888,30891,30892,1980-02-22T00:00:00,1980-02-22T18:00:00,1980-02-23T00:00:00,6
train_030891_lead024,train,4,30888,30891,30895,1980-02-22T00:00:00,1980-02-22T18:00:00,1980-02-23T18:00:00,24
train_030891_lead072,train,4,30888,30891,30903,1980-02-22T00:00:00,1980-02-22T18:00:00,1980-02-25T18:00:00,72
train_030920_lead006,train,4,30917,30920,30921,1980-02-29T06:00:00,1980-03-01T00:00:00,1980-03-01T06:00:00,6
train_030920_lead024,train,4,30917,30920,30924,1980-02-29T06:00:00,1980-03-01T00:00:00,1980-03-02T00:00:00,24
train_030920_lead072,train,4,30917,30920,30932,1980-02-29T06:00:00,1980-03-01T00:00:00,1980-03-04T00:00:00,72
train_030948_lead006,train,4,30945,30948,30949,1980-03-07T06:00:00,1980-03-08T00:00:00,1980-03-08T06:00:00,6
train_030948_lead024,train,4,30945,30948,30952,1980-03-07T06:00:00,1980-03-08T00:00:00,1980-03-09T00:00:00,24
train_030948_lead072,train,4,30945,30948,30960,1980-03-07T06:00:00,1980-03-08T00:00:00,1980-03-11T00:00:00,72
train_030977_lead006,train,4,30974,30977,30978,1980-03-14T12:00:00,1980-03-15T06:00:00,1980-03-15T12:00:00,6
train_030977_lead024,train,4,30974,30977,30981,1980-03-14T12:00:00,1980-03-15T06:00:00,1980-03-16T06:00:00,24
train_030977_lead072,train,4,30974,30977,30989,1980-03-14T12:00:00,1980-03-15T06:00:00,1980-03-18T06:00:00,72
train_031005_lead006,train,4,31002,31005,31006,1980-03-21T12:00:00,1980-03-22T06:00:00,1980-03-22T12:00:00,6
train_031005_lead024,train,4,31002,31005,31009,1980-03-21T12:00:00,1980-03-22T06:00:00,1980-03-23T06:00:00,24
train_031005_lead072,train,4,31002,31005,31017,1980-03-21T12:00:00,1980-03-22T06:00:00,1980-03-25T06:00:00,72
train_031034_lead006,train,4,31031,31034,31035,1980-03-28T18:00:00,1980-03-29T12:00:00,1980-03-29T18:00:00,6
train_031034_lead024,train,4,31031,31034,31038,1980-03-28T18:00:00,1980-03-29T12:00:00,1980-03-30T12:00:00,24
train_031034_lead072,train,4,31031,31034,31046,1980-03-28T18:00:00,1980-03-29T12:00:00,1980-04-01T12:00:00,72
train_031063_lead006,train,4,31060,31063,31064,1980-04-05T00:00:00,1980-04-05T18:00:00,1980-04-06T00:00:00,6
train_031063_lead024,train,4,31060,31063,31067,1980-04-05T00:00:00,1980-04-05T18:00:00,1980-04-06T18:00:00,24
train_031063_lead072,train,4,31060,31063,31075,1980-04-05T00:00:00,1980-04-05T18:00:00,1980-04-08T18:00:00,72
train_031091_lead006,train,4,31088,31091,31092,1980-04-12T00:00:00,1980-04-12T18:00:00,1980-04-13T00:00:00,6
train_031091_lead024,train,4,31088,31091,31095,1980-04-12T00:00:00,1980-04-12T18:00:00,1980-04-13T18:00:00,24
train_031091_lead072,train,4,31088,31091,31103,1980-04-12T00:00:00,1980-04-12T18:00:00,1980-04-15T18:00:00,72
train_031120_lead006,train,4,31117,31120,31121,1980-04-19T06:00:00,1980-04-20T00:00:00,1980-04-20T06:00:00,6
train_031120_lead024,train,4,31117,31120,31124,1980-04-19T06:00:00,1980-04-20T00:00:00,1980-04-21T00:00:00,24
train_031120_lead072,train,4,31117,31120,31132,1980-04-19T06:00:00,1980-04-20T00:00:00,1980-04-23T00:00:00,72
train_031148_lead006,train,4,31145,31148,31149,1980-04-26T06:00:00,1980-04-27T00:00:00,1980-04-27T06:00:00,6
train_031148_lead024,train,4,31145,31148,31152,1980-04-26T06:00:00,1980-04-27T00:00:00,1980-04-28T00:00:00,24
train_031148_lead072,train,4,31145,31148,31160,1980-04-26T06:00:00,1980-04-27T00:00:00,1980-04-30T00:00:00,72
train_031177_lead006,train,4,31174,31177,31178,1980-05-03T12:00:00,1980-05-04T06:00:00,1980-05-04T12:00:00,6
train_031177_lead024,train,4,31174,31177,31181,1980-05-03T12:00:00,1980-05-04T06:00:00,1980-05-05T06:00:00,24
train_031177_lead072,train,4,31174,31177,31189,1980-05-03T12:00:00,1980-05-04T06:00:00,1980-05-07T06:00:00,72
train_031205_lead006,train,4,31202,31205,31206,1980-05-10T12:00:00,1980-05-11T06:00:00,1980-05-11T12:00:00,6
train_031205_lead024,train,4,31202,31205,31209,1980-05-10T12:00:00,1980-05-11T06:00:00,1980-05-12T06:00:00,24
train_031205_lead072,train,4,31202,31205,31217,1980-05-10T12:00:00,1980-05-11T06:00:00,1980-05-14T06:00:00,72
train_031234_lead006,train,4,31231,31234,31235,1980-05-17T18:00:00,1980-05-18T12:00:00,1980-05-18T18:00:00,6
train_031234_lead024,train,4,31231,31234,31238,1980-05-17T18:00:00,1980-05-18T12:00:00,1980-05-19T12:00:00,24
train_031234_lead072,train,4,31231,31234,31246,1980-05-17T18:00:00,1980-05-18T12:00:00,1980-05-21T12:00:00,72
train_031262_lead006,train,4,31259,31262,31263,1980-05-24T18:00:00,1980-05-25T12:00:00,1980-05-25T18:00:00,6
train_031262_lead024,train,4,31259,31262,31266,1980-05-24T18:00:00,1980-05-25T12:00:00,1980-05-26T12:00:00,24
train_031262_lead072,train,4,31259,31262,31274,1980-05-24T18:00:00,1980-05-25T12:00:00,1980-05-28T12:00:00,72
train_031291_lead006,train,4,31288,31291,31292,1980-06-01T00:00:00,1980-06-01T18:00:00,1980-06-02T00:00:00,6
train_031291_lead024,train,4,31288,31291,31295,1980-06-01T00:00:00,1980-06-01T18:00:00,1980-06-02T18:00:00,24
train_031291_lead072,train,4,31288,31291,31303,1980-06-01T00:00:00,1980-06-01T18:00:00,1980-06-04T18:00:00,72
train_031319_lead006,train,4,31316,31319,31320,1980-06-08T00:00:00,1980-06-08T18:00:00,1980-06-09T00:00:00,6
train_031319_lead024,train,4,31316,31319,31323,1980-06-08T00:00:00,1980-06-08T18:00:00,1980-06-09T18:00:00,24
train_031319_lead072,train,4,31316,31319,31331,1980-06-08T00:00:00,1980-06-08T18:00:00,1980-06-11T18:00:00,72
train_031348_lead006,train,4,31345,31348,31349,1980-06-15T06:00:00,1980-06-16T00:00:00,1980-06-16T06:00:00,6
train_031348_lead024,train,4,31345,31348,31352,1980-06-15T06:00:00,1980-06-16T00:00:00,1980-06-17T00:00:00,24
train_031348_lead072,train,4,31345,31348,31360,1980-06-15T06:00:00,1980-06-16T00:00:00,1980-06-19T00:00:00,72
train_031376_lead006,train,4,31373,31376,31377,1980-06-22T06:00:00,1980-06-23T00:00:00,1980-06-23T06:00:00,6
train_031376_lead024,train,4,31373,31376,31380,1980-06-22T06:00:00,1980-06-23T00:00:00,1980-06-24T00:00:00,24
train_031376_lead072,train,4,31373,31376,31388,1980-06-22T06:00:00,1980-06-23T00:00:00,1980-06-26T00:00:00,72
train_031405_lead006,train,4,31402,31405,31406,1980-06-29T12:00:00,1980-06-30T06:00:00,1980-06-30T12:00:00,6
train_031405_lead024,train,4,31402,31405,31409,1980-06-29T12:00:00,1980-06-30T06:00:00,1980-07-01T06:00:00,24
train_031405_lead072,train,4,31402,31405,31417,1980-06-29T12:00:00,1980-06-30T06:00:00,1980-07-03T06:00:00,72
train_031433_lead006,train,4,31430,31433,31434,1980-07-06T12:00:00,1980-07-07T06:00:00,1980-07-07T12:00:00,6
train_031433_lead024,train,4,31430,31433,31437,1980-07-06T12:00:00,1980-07-07T06:00:00,1980-07-08T06:00:00,24
train_031433_lead072,train,4,31430,31433,31445,1980-07-06T12:00:00,1980-07-07T06:00:00,1980-07-10T06:00:00,72
train_031462_lead006,train,4,31459,31462,31463,1980-07-13T18:00:00,1980-07-14T12:00:00,1980-07-14T18:00:00,6
train_031462_lead024,train,4,31459,31462,31466,1980-07-13T18:00:00,1980-07-14T12:00:00,1980-07-15T12:00:00,24
train_031462_lead072,train,4,31459,31462,31474,1980-07-13T18:00:00,1980-07-14T12:00:00,1980-07-17T12:00:00,72
train_031490_lead006,train,4,31487,31490,31491,1980-07-20T18:00:00,1980-07-21T12:00:00,1980-07-21T18:00:00,6
train_031490_lead024,train,4,31487,31490,31494,1980-07-20T18:00:00,1980-07-21T12:00:00,1980-07-22T12:00:00,24
train_031490_lead072,train,4,31487,31490,31502,1980-07-20T18:00:00,1980-07-21T12:00:00,1980-07-24T12:00:00,72
train_031519_lead006,train,4,31516,31519,31520,1980-07-28T00:00:00,1980-07-28T18:00:00,1980-07-29T00:00:00,6
train_031519_lead024,train,4,31516,31519,31523,1980-07-28T00:00:00,1980-07-28T18:00:00,1980-07-29T18:00:00,24
train_031519_lead072,train,4,31516,31519,31531,1980-07-28T00:00:00,1980-07-28T18:00:00,1980-07-31T18:00:00,72
train_031548_lead006,train,4,31545,31548,31549,1980-08-04T06:00:00,1980-08-05T00:00:00,1980-08-05T06:00:00,6
train_031548_lead024,train,4,31545,31548,31552,1980-08-04T06:00:00,1980-08-05T00:00:00,1980-08-06T00:00:00,24
train_031548_lead072,train,4,31545,31548,31560,1980-08-04T06:00:00,1980-08-05T00:00:00,1980-08-08T00:00:00,72
train_031576_lead006,train,4,31573,31576,31577,1980-08-11T06:00:00,1980-08-12T00:00:00,1980-08-12T06:00:00,6
train_031576_lead024,train,4,31573,31576,31580,1980-08-11T06:00:00,1980-08-12T00:00:00,1980-08-13T00:00:00,24
train_031576_lead072,train,4,31573,31576,31588,1980-08-11T06:00:00,1980-08-12T00:00:00,1980-08-15T00:00:00,72
train_031605_lead006,train,4,31602,31605,31606,1980-08-18T12:00:00,1980-08-19T06:00:00,1980-08-19T12:00:00,6
train_031605_lead024,train,4,31602,31605,31609,1980-08-18T12:00:00,1980-08-19T06:00:00,1980-08-20T06:00:00,24
train_031605_lead072,train,4,31602,31605,31617,1980-08-18T12:00:00,1980-08-19T06:00:00,1980-08-22T06:00:00,72
train_031633_lead006,train,4,31630,31633,31634,1980-08-25T12:00:00,1980-08-26T06:00:00,1980-08-26T12:00:00,6
train_031633_lead024,train,4,31630,31633,31637,1980-08-25T12:00:00,1980-08-26T06:00:00,1980-08-27T06:00:00,24
train_031633_lead072,train,4,31630,31633,31645,1980-08-25T12:00:00,1980-08-26T06:00:00,1980-08-29T06:00:00,72
train_031662_lead006,train,4,31659,31662,31663,1980-09-01T18:00:00,1980-09-02T12:00:00,1980-09-02T18:00:00,6
train_031662_lead024,train,4,31659,31662,31666,1980-09-01T18:00:00,1980-09-02T12:00:00,1980-09-03T12:00:00,24
train_031662_lead072,train,4,31659,31662,31674,1980-09-01T18:00:00,1980-09-02T12:00:00,1980-09-05T12:00:00,72
train_031690_lead006,train,4,31687,31690,31691,1980-09-08T18:00:00,1980-09-09T12:00:00,1980-09-09T18:00:00,6
train_031690_lead024,train,4,31687,31690,31694,1980-09-08T18:00:00,1980-09-09T12:00:00,1980-09-10T12:00:00,24
train_031690_lead072,train,4,31687,31690,31702,1980-09-08T18:00:00,1980-09-09T12:00:00,1980-09-12T12:00:00,72
train_031719_lead006,train,4,31716,31719,31720,1980-09-16T00:00:00,1980-09-16T18:00:00,1980-09-17T00:00:00,6
train_031719_lead024,train,4,31716,31719,31723,1980-09-16T00:00:00,1980-09-16T18:00:00,1980-09-17T18:00:00,24
train_031719_lead072,train,4,31716,31719,31731,1980-09-16T00:00:00,1980-09-16T18:00:00,1980-09-19T18:00:00,72
train_031747_lead006,train,4,31744,31747,31748,1980-09-23T00:00:00,1980-09-23T18:00:00,1980-09-24T00:00:00,6
train_031747_lead024,train,4,31744,31747,31751,1980-09-23T00:00:00,1980-09-23T18:00:00,1980-09-24T18:00:00,24
train_031747_lead072,train,4,31744,31747,31759,1980-09-23T00:00:00,1980-09-23T18:00:00,1980-09-26T18:00:00,72
train_031776_lead006,train,4,31773,31776,31777,1980-09-30T06:00:00,1980-10-01T00:00:00,1980-10-01T06:00:00,6
train_031776_lead024,train,4,31773,31776,31780,1980-09-30T06:00:00,1980-10-01T00:00:00,1980-10-02T00:00:00,24
train_031776_lead072,train,4,31773,31776,31788,1980-09-30T06:00:00,1980-10-01T00:00:00,1980-10-04T00:00:00,72
train_031804_lead006,train,4,31801,31804,31805,1980-10-07T06:00:00,1980-10-08T00:00:00,1980-10-08T06:00:00,6
train_031804_lead024,train,4,31801,31804,31808,1980-10-07T06:00:00,1980-10-08T00:00:00,1980-10-09T00:00:00,24
train_031804_lead072,train,4,31801,31804,31816,1980-10-07T06:00:00,1980-10-08T00:00:00,1980-10-11T00:00:00,72
train_031833_lead006,train,4,31830,31833,31834,1980-10-14T12:00:00,1980-10-15T06:00:00,1980-10-15T12:00:00,6
train_031833_lead024,train,4,31830,31833,31837,1980-10-14T12:00:00,1980-10-15T06:00:00,1980-10-16T06:00:00,24
train_031833_lead072,train,4,31830,31833,31845,1980-10-14T12:00:00,1980-10-15T06:00:00,1980-10-18T06:00:00,72
train_031861_lead006,train,4,31858,31861,31862,1980-10-21T12:00:00,1980-10-22T06:00:00,1980-10-22T12:00:00,6
train_031861_lead024,train,4,31858,31861,31865,1980-10-21T12:00:00,1980-10-22T06:00:00,1980-10-23T06:00:00,24
train_031861_lead072,train,4,31858,31861,31873,1980-10-21T12:00:00,1980-10-22T06:00:00,1980-10-25T06:00:00,72
train_031890_lead006,train,4,31887,31890,31891,1980-10-28T18:00:00,1980-10-29T12:00:00,1980-10-29T18:00:00,6
train_031890_lead024,train,4,31887,31890,31894,1980-10-28T18:00:00,1980-10-29T12:00:00,1980-10-30T12:00:00,24
train_031890_lead072,train,4,31887,31890,31902,1980-10-28T18:00:00,1980-10-29T12:00:00,1980-11-01T12:00:00,72
train_031918_lead006,train,4,31915,31918,31919,1980-11-04T18:00:00,1980-11-05T12:00:00,1980-11-05T18:00:00,6
train_031918_lead024,train,4,31915,31918,31922,1980-11-04T18:00:00,1980-11-05T12:00:00,1980-11-06T12:00:00,24
train_031918_lead072,train,4,31915,31918,31930,1980-11-04T18:00:00,1980-11-05T12:00:00,1980-11-08T12:00:00,72
train_031947_lead006,train,4,31944,31947,31948,1980-11-12T00:00:00,1980-11-12T18:00:00,1980-11-13T00:00:00,6
train_031947_lead024,train,4,31944,31947,31951,1980-11-12T00:00:00,1980-11-12T18:00:00,1980-11-13T18:00:00,24
train_031947_lead072,train,4,31944,31947,31959,1980-11-12T00:00:00,1980-11-12T18:00:00,1980-11-15T18:00:00,72
train_031975_lead006,train,4,31972,31975,31976,1980-11-19T00:00:00,1980-11-19T18:00:00,1980-11-20T00:00:00,6
train_031975_lead024,train,4,31972,31975,31979,1980-11-19T00:00:00,1980-11-19T18:00:00,1980-11-20T18:00:00,24
train_031975_lead072,train,4,31972,31975,31987,1980-11-19T00:00:00,1980-11-19T18:00:00,1980-11-22T18:00:00,72
train_032004_lead006,train,4,32001,32004,32005,1980-11-26T06:00:00,1980-11-27T00:00:00,1980-11-27T06:00:00,6
train_032004_lead024,train,4,32001,32004,32008,1980-11-26T06:00:00,1980-11-27T00:00:00,1980-11-28T00:00:00,24
train_032004_lead072,train,4,32001,32004,32016,1980-11-26T06:00:00,1980-11-27T00:00:00,1980-11-30T00:00:00,72
train_032032_lead006,train,4,32029,32032,32033,1980-12-03T06:00:00,1980-12-04T00:00:00,1980-12-04T06:00:00,6
train_032032_lead024,train,4,32029,32032,32036,1980-12-03T06:00:00,1980-12-04T00:00:00,1980-12-05T00:00:00,24
train_032032_lead072,train,4,32029,32032,32044,1980-12-03T06:00:00,1980-12-04T00:00:00,1980-12-07T00:00:00,72
train_032061_lead006,train,4,32058,32061,32062,1980-12-10T12:00:00,1980-12-11T06:00:00,1980-12-11T12:00:00,6
train_032061_lead024,train,4,32058,32061,32065,1980-12-10T12:00:00,1980-12-11T06:00:00,1980-12-12T06:00:00,24
train_032061_lead072,train,4,32058,32061,32073,1980-12-10T12:00:00,1980-12-11T06:00:00,1980-12-14T06:00:00,72
train_032090_lead006,train,4,32087,32090,32091,1980-12-17T18:00:00,1980-12-18T12:00:00,1980-12-18T18:00:00,6
train_032090_lead024,train,4,32087,32090,32094,1980-12-17T18:00:00,1980-12-18T12:00:00,1980-12-19T12:00:00,24
train_032090_lead072,train,4,32087,32090,32102,1980-12-17T18:00:00,1980-12-18T12:00:00,1980-12-21T12:00:00,72
train_032118_lead006,train,4,32115,32118,32119,1980-12-24T18:00:00,1980-12-25T12:00:00,1980-12-25T18:00:00,6
train_032118_lead024,train,4,32115,32118,32122,1980-12-24T18:00:00,1980-12-25T12:00:00,1980-12-26T12:00:00,24
train_032118_lead072,train,4,32115,32118,32130,1980-12-24T18:00:00,1980-12-25T12:00:00,1980-12-28T12:00:00,72
train_032147_lead006,train,4,32144,32147,32148,1981-01-01T00:00:00,1981-01-01T18:00:00,1981-01-02T00:00:00,6
train_032147_lead024,train,4,32144,32147,32151,1981-01-01T00:00:00,1981-01-01T18:00:00,1981-01-02T18:00:00,24
train_032147_lead072,train,4,32144,32147,32159,1981-01-01T00:00:00,1981-01-01T18:00:00,1981-01-04T18:00:00,72
train_032175_lead006,train,4,32172,32175,32176,1981-01-08T00:00:00,1981-01-08T18:00:00,1981-01-09T00:00:00,6
train_032175_lead024,train,4,32172,32175,32179,1981-01-08T00:00:00,1981-01-08T18:00:00,1981-01-09T18:00:00,24
train_032175_lead072,train,4,32172,32175,32187,1981-01-08T00:00:00,1981-01-08T18:00:00,1981-01-11T18:00:00,72
train_032204_lead006,train,4,32201,32204,32205,1981-01-15T06:00:00,1981-01-16T00:00:00,1981-01-16T06:00:00,6
train_032204_lead024,train,4,32201,32204,32208,1981-01-15T06:00:00,1981-01-16T00:00:00,1981-01-17T00:00:00,24
train_032204_lead072,train,4,32201,32204,32216,1981-01-15T06:00:00,1981-01-16T00:00:00,1981-01-19T00:00:00,72
train_032232_lead006,train,4,32229,32232,32233,1981-01-22T06:00:00,1981-01-23T00:00:00,1981-01-23T06:00:00,6
train_032232_lead024,train,4,32229,32232,32236,1981-01-22T06:00:00,1981-01-23T00:00:00,1981-01-24T00:00:00,24
train_032232_lead072,train,4,32229,32232,32244,1981-01-22T06:00:00,1981-01-23T00:00:00,1981-01-26T00:00:00,72
train_032261_lead006,train,4,32258,32261,32262,1981-01-29T12:00:00,1981-01-30T06:00:00,1981-01-30T12:00:00,6
train_032261_lead024,train,4,32258,32261,32265,1981-01-29T12:00:00,1981-01-30T06:00:00,1981-01-31T06:00:00,24
train_032261_lead072,train,4,32258,32261,32273,1981-01-29T12:00:00,1981-01-30T06:00:00,1981-02-02T06:00:00,72
train_032289_lead006,train,4,32286,32289,32290,1981-02-05T12:00:00,1981-02-06T06:00:00,1981-02-06T12:00:00,6
train_032289_lead024,train,4,32286,32289,32293,1981-02-05T12:00:00,1981-02-06T06:00:00,1981-02-07T06:00:00,24
train_032289_lead072,train,4,32286,32289,32301,1981-02-05T12:00:00,1981-02-06T06:00:00,1981-02-09T06:00:00,72
train_032318_lead006,train,4,32315,32318,32319,1981-02-12T18:00:00,1981-02-13T12:00:00,1981-02-13T18:00:00,6
train_032318_lead024,train,4,32315,32318,32322,1981-02-12T18:00:00,1981-02-13T12:00:00,1981-02-14T12:00:00,24
train_032318_lead072,train,4,32315,32318,32330,1981-02-12T18:00:00,1981-02-13T12:00:00,1981-02-16T12:00:00,72
train_032346_lead006,train,4,32343,32346,32347,1981-02-19T18:00:00,1981-02-20T12:00:00,1981-02-20T18:00:00,6
train_032346_lead024,train,4,32343,32346,32350,1981-02-19T18:00:00,1981-02-20T12:00:00,1981-02-21T12:00:00,24
train_032346_lead072,train,4,32343,32346,32358,1981-02-19T18:00:00,1981-02-20T12:00:00,1981-02-23T12:00:00,72
train_032375_lead006,train,4,32372,32375,32376,1981-02-27T00:00:00,1981-02-27T18:00:00,1981-02-28T00:00:00,6
train_032375_lead024,train,4,32372,32375,32379,1981-02-27T00:00:00,1981-02-27T18:00:00,1981-02-28T18:00:00,24
train_032375_lead072,train,4,32372,32375,32387,1981-02-27T00:00:00,1981-02-27T18:00:00,1981-03-02T18:00:00,72
train_032403_lead006,train,4,32400,32403,32404,1981-03-06T00:00:00,1981-03-06T18:00:00,1981-03-07T00:00:00,6
train_032403_lead024,train,4,32400,32403,32407,1981-03-06T00:00:00,1981-03-06T18:00:00,1981-03-07T18:00:00,24
train_032403_lead072,train,4,32400,32403,32415,1981-03-06T00:00:00,1981-03-06T18:00:00,1981-03-09T18:00:00,72
train_032432_lead006,train,4,32429,32432,32433,1981-03-13T06:00:00,1981-03-14T00:00:00,1981-03-14T06:00:00,6
train_032432_lead024,train,4,32429,32432,32436,1981-03-13T06:00:00,1981-03-14T00:00:00,1981-03-15T00:00:00,24
train_032432_lead072,train,4,32429,32432,32444,1981-03-13T06:00:00,1981-03-14T00:00:00,1981-03-17T00:00:00,72
train_032460_lead006,train,4,32457,32460,32461,1981-03-20T06:00:00,1981-03-21T00:00:00,1981-03-21T06:00:00,6
train_032460_lead024,train,4,32457,32460,32464,1981-03-20T06:00:00,1981-03-21T00:00:00,1981-03-22T00:00:00,24
train_032460_lead072,train,4,32457,32460,32472,1981-03-20T06:00:00,1981-03-21T00:00:00,1981-03-24T00:00:00,72
train_032489_lead006,train,4,32486,32489,32490,1981-03-27T12:00:00,1981-03-28T06:00:00,1981-03-28T12:00:00,6
train_032489_lead024,train,4,32486,32489,32493,1981-03-27T12:00:00,1981-03-28T06:00:00,1981-03-29T06:00:00,24
train_032489_lead072,train,4,32486,32489,32501,1981-03-27T12:00:00,1981-03-28T06:00:00,1981-03-31T06:00:00,72
train_032517_lead006,train,4,32514,32517,32518,1981-04-03T12:00:00,1981-04-04T06:00:00,1981-04-04T12:00:00,6
train_032517_lead024,train,4,32514,32517,32521,1981-04-03T12:00:00,1981-04-04T06:00:00,1981-04-05T06:00:00,24
train_032517_lead072,train,4,32514,32517,32529,1981-04-03T12:00:00,1981-04-04T06:00:00,1981-04-07T06:00:00,72
train_032546_lead006,train,4,32543,32546,32547,1981-04-10T18:00:00,1981-04-11T12:00:00,1981-04-11T18:00:00,6
train_032546_lead024,train,4,32543,32546,32550,1981-04-10T18:00:00,1981-04-11T12:00:00,1981-04-12T12:00:00,24
train_032546_lead072,train,4,32543,32546,32558,1981-04-10T18:00:00,1981-04-11T12:00:00,1981-04-14T12:00:00,72
train_032575_lead006,train,4,32572,32575,32576,1981-04-18T00:00:00,1981-04-18T18:00:00,1981-04-19T00:00:00,6
train_032575_lead024,train,4,32572,32575,32579,1981-04-18T00:00:00,1981-04-18T18:00:00,1981-04-19T18:00:00,24
train_032575_lead072,train,4,32572,32575,32587,1981-04-18T00:00:00,1981-04-18T18:00:00,1981-04-21T18:00:00,72
train_032603_lead006,train,4,32600,32603,32604,1981-04-25T00:00:00,1981-04-25T18:00:00,1981-04-26T00:00:00,6
train_032603_lead024,train,4,32600,32603,32607,1981-04-25T00:00:00,1981-04-25T18:00:00,1981-04-26T18:00:00,24
train_032603_lead072,train,4,32600,32603,32615,1981-04-25T00:00:00,1981-04-25T18:00:00,1981-04-28T18:00:00,72
train_032632_lead006,train,4,32629,32632,32633,1981-05-02T06:00:00,1981-05-03T00:00:00,1981-05-03T06:00:00,6
train_032632_lead024,train,4,32629,32632,32636,1981-05-02T06:00:00,1981-05-03T00:00:00,1981-05-04T00:00:00,24
train_032632_lead072,train,4,32629,32632,32644,1981-05-02T06:00:00,1981-05-03T00:00:00,1981-05-06T00:00:00,72
train_032660_lead006,train,4,32657,32660,32661,1981-05-09T06:00:00,1981-05-10T00:00:00,1981-05-10T06:00:00,6
train_032660_lead024,train,4,32657,32660,32664,1981-05-09T06:00:00,1981-05-10T00:00:00,1981-05-11T00:00:00,24
train_032660_lead072,train,4,32657,32660,32672,1981-05-09T06:00:00,1981-05-10T00:00:00,1981-05-13T00:00:00,72
train_032689_lead006,train,4,32686,32689,32690,1981-05-16T12:00:00,1981-05-17T06:00:00,1981-05-17T12:00:00,6
train_032689_lead024,train,4,32686,32689,32693,1981-05-16T12:00:00,1981-05-17T06:00:00,1981-05-18T06:00:00,24
train_032689_lead072,train,4,32686,32689,32701,1981-05-16T12:00:00,1981-05-17T06:00:00,1981-05-20T06:00:00,72
train_032717_lead006,train,4,32714,32717,32718,1981-05-23T12:00:00,1981-05-24T06:00:00,1981-05-24T12:00:00,6
train_032717_lead024,train,4,32714,32717,32721,1981-05-23T12:00:00,1981-05-24T06:00:00,1981-05-25T06:00:00,24
train_032717_lead072,train,4,32714,32717,32729,1981-05-23T12:00:00,1981-05-24T06:00:00,1981-05-27T06:00:00,72
train_032746_lead006,train,4,32743,32746,32747,1981-05-30T18:00:00,1981-05-31T12:00:00,1981-05-31T18:00:00,6
train_032746_lead024,train,4,32743,32746,32750,1981-05-30T18:00:00,1981-05-31T12:00:00,1981-06-01T12:00:00,24
train_032746_lead072,train,4,32743,32746,32758,1981-05-30T18:00:00,1981-05-31T12:00:00,1981-06-03T12:00:00,72
train_032774_lead006,train,4,32771,32774,32775,1981-06-06T18:00:00,1981-06-07T12:00:00,1981-06-07T18:00:00,6
train_032774_lead024,train,4,32771,32774,32778,1981-06-06T18:00:00,1981-06-07T12:00:00,1981-06-08T12:00:00,24
train_032774_lead072,train,4,32771,32774,32786,1981-06-06T18:00:00,1981-06-07T12:00:00,1981-06-10T12:00:00,72
train_032803_lead006,train,4,32800,32803,32804,1981-06-14T00:00:00,1981-06-14T18:00:00,1981-06-15T00:00:00,6
train_032803_lead024,train,4,32800,32803,32807,1981-06-14T00:00:00,1981-06-14T18:00:00,1981-06-15T18:00:00,24
train_032803_lead072,train,4,32800,32803,32815,1981-06-14T00:00:00,1981-06-14T18:00:00,1981-06-17T18:00:00,72
train_032831_lead006,train,4,32828,32831,32832,1981-06-21T00:00:00,1981-06-21T18:00:00,1981-06-22T00:00:00,6
train_032831_lead024,train,4,32828,32831,32835,1981-06-21T00:00:00,1981-06-21T18:00:00,1981-06-22T18:00:00,24
train_032831_lead072,train,4,32828,32831,32843,1981-06-21T00:00:00,1981-06-21T18:00:00,1981-06-24T18:00:00,72
train_032860_lead006,train,4,32857,32860,32861,1981-06-28T06:00:00,1981-06-29T00:00:00,1981-06-29T06:00:00,6
train_032860_lead024,train,4,32857,32860,32864,1981-06-28T06:00:00,1981-06-29T00:00:00,1981-06-30T00:00:00,24
train_032860_lead072,train,4,32857,32860,32872,1981-06-28T06:00:00,1981-06-29T00:00:00,1981-07-02T00:00:00,72
train_032888_lead006,train,4,32885,32888,32889,1981-07-05T06:00:00,1981-07-06T00:00:00,1981-07-06T06:00:00,6
train_032888_lead024,train,4,32885,32888,32892,1981-07-05T06:00:00,1981-07-06T00:00:00,1981-07-07T00:00:00,24
train_032888_lead072,train,4,32885,32888,32900,1981-07-05T06:00:00,1981-07-06T00:00:00,1981-07-09T00:00:00,72
train_032917_lead006,train,4,32914,32917,32918,1981-07-12T12:00:00,1981-07-13T06:00:00,1981-07-13T12:00:00,6
train_032917_lead024,train,4,32914,32917,32921,1981-07-12T12:00:00,1981-07-13T06:00:00,1981-07-14T06:00:00,24
train_032917_lead072,train,4,32914,32917,32929,1981-07-12T12:00:00,1981-07-13T06:00:00,1981-07-16T06:00:00,72
train_032945_lead006,train,4,32942,32945,32946,1981-07-19T12:00:00,1981-07-20T06:00:00,1981-07-20T12:00:00,6
train_032945_lead024,train,4,32942,32945,32949,1981-07-19T12:00:00,1981-07-20T06:00:00,1981-07-21T06:00:00,24
train_032945_lead072,train,4,32942,32945,32957,1981-07-19T12:00:00,1981-07-20T06:00:00,1981-07-23T06:00:00,72
train_032974_lead006,train,4,32971,32974,32975,1981-07-26T18:00:00,1981-07-27T12:00:00,1981-07-27T18:00:00,6
train_032974_lead024,train,4,32971,32974,32978,1981-07-26T18:00:00,1981-07-27T12:00:00,1981-07-28T12:00:00,24
train_032974_lead072,train,4,32971,32974,32986,1981-07-26T18:00:00,1981-07-27T12:00:00,1981-07-30T12:00:00,72
train_033002_lead006,train,4,32999,33002,33003,1981-08-02T18:00:00,1981-08-03T12:00:00,1981-08-03T18:00:00,6
train_033002_lead024,train,4,32999,33002,33006,1981-08-02T18:00:00,1981-08-03T12:00:00,1981-08-04T12:00:00,24
train_033002_lead072,train,4,32999,33002,33014,1981-08-02T18:00:00,1981-08-03T12:00:00,1981-08-06T12:00:00,72
train_033031_lead006,train,4,33028,33031,33032,1981-08-10T00:00:00,1981-08-10T18:00:00,1981-08-11T00:00:00,6
train_033031_lead024,train,4,33028,33031,33035,1981-08-10T00:00:00,1981-08-10T18:00:00,1981-08-11T18:00:00,24
train_033031_lead072,train,4,33028,33031,33043,1981-08-10T00:00:00,1981-08-10T18:00:00,1981-08-13T18:00:00,72
train_033059_lead006,train,4,33056,33059,33060,1981-08-17T00:00:00,1981-08-17T18:00:00,1981-08-18T00:00:00,6
train_033059_lead024,train,4,33056,33059,33063,1981-08-17T00:00:00,1981-08-17T18:00:00,1981-08-18T18:00:00,24
train_033059_lead072,train,4,33056,33059,33071,1981-08-17T00:00:00,1981-08-17T18:00:00,1981-08-20T18:00:00,72
train_033088_lead006,train,4,33085,33088,33089,1981-08-24T06:00:00,1981-08-25T00:00:00,1981-08-25T06:00:00,6
train_033088_lead024,train,4,33085,33088,33092,1981-08-24T06:00:00,1981-08-25T00:00:00,1981-08-26T00:00:00,24
train_033088_lead072,train,4,33085,33088,33100,1981-08-24T06:00:00,1981-08-25T00:00:00,1981-08-28T00:00:00,72
train_033117_lead006,train,4,33114,33117,33118,1981-08-31T12:00:00,1981-09-01T06:00:00,1981-09-01T12:00:00,6
train_033117_lead024,train,4,33114,33117,33121,1981-08-31T12:00:00,1981-09-01T06:00:00,1981-09-02T06:00:00,24
train_033117_lead072,train,4,33114,33117,33129,1981-08-31T12:00:00,1981-09-01T06:00:00,1981-09-04T06:00:00,72
train_033145_lead006,train,4,33142,33145,33146,1981-09-07T12:00:00,1981-09-08T06:00:00,1981-09-08T12:00:00,6
train_033145_lead024,train,4,33142,33145,33149,1981-09-07T12:00:00,1981-09-08T06:00:00,1981-09-09T06:00:00,24
train_033145_lead072,train,4,33142,33145,33157,1981-09-07T12:00:00,1981-09-08T06:00:00,1981-09-11T06:00:00,72
train_033174_lead006,train,4,33171,33174,33175,1981-09-14T18:00:00,1981-09-15T12:00:00,1981-09-15T18:00:00,6
train_033174_lead024,train,4,33171,33174,33178,1981-09-14T18:00:00,1981-09-15T12:00:00,1981-09-16T12:00:00,24
train_033174_lead072,train,4,33171,33174,33186,1981-09-14T18:00:00,1981-09-15T12:00:00,1981-09-18T12:00:00,72
train_033202_lead006,train,4,33199,33202,33203,1981-09-21T18:00:00,1981-09-22T12:00:00,1981-09-22T18:00:00,6
train_033202_lead024,train,4,33199,33202,33206,1981-09-21T18:00:00,1981-09-22T12:00:00,1981-09-23T12:00:00,24
train_033202_lead072,train,4,33199,33202,33214,1981-09-21T18:00:00,1981-09-22T12:00:00,1981-09-25T12:00:00,72
train_033231_lead006,train,4,33228,33231,33232,1981-09-29T00:00:00,1981-09-29T18:00:00,1981-09-30T00:00:00,6
train_033231_lead024,train,4,33228,33231,33235,1981-09-29T00:00:00,1981-09-29T18:00:00,1981-09-30T18:00:00,24
train_033231_lead072,train,4,33228,33231,33243,1981-09-29T00:00:00,1981-09-29T18:00:00,1981-10-02T18:00:00,72
train_033259_lead006,train,4,33256,33259,33260,1981-10-06T00:00:00,1981-10-06T18:00:00,1981-10-07T00:00:00,6
train_033259_lead024,train,4,33256,33259,33263,1981-10-06T00:00:00,1981-10-06T18:00:00,1981-10-07T18:00:00,24
train_033259_lead072,train,4,33256,33259,33271,1981-10-06T00:00:00,1981-10-06T18:00:00,1981-10-09T18:00:00,72
train_033288_lead006,train,4,33285,33288,33289,1981-10-13T06:00:00,1981-10-14T00:00:00,1981-10-14T06:00:00,6
train_033288_lead024,train,4,33285,33288,33292,1981-10-13T06:00:00,1981-10-14T00:00:00,1981-10-15T00:00:00,24
train_033288_lead072,train,4,33285,33288,33300,1981-10-13T06:00:00,1981-10-14T00:00:00,1981-10-17T00:00:00,72
train_033316_lead006,train,4,33313,33316,33317,1981-10-20T06:00:00,1981-10-21T00:00:00,1981-10-21T06:00:00,6
train_033316_lead024,train,4,33313,33316,33320,1981-10-20T06:00:00,1981-10-21T00:00:00,1981-10-22T00:00:00,24
train_033316_lead072,train,4,33313,33316,33328,1981-10-20T06:00:00,1981-10-21T00:00:00,1981-10-24T00:00:00,72
train_033345_lead006,train,4,33342,33345,33346,1981-10-27T12:00:00,1981-10-28T06:00:00,1981-10-28T12:00:00,6
train_033345_lead024,train,4,33342,33345,33349,1981-10-27T12:00:00,1981-10-28T06:00:00,1981-10-29T06:00:00,24
train_033345_lead072,train,4,33342,33345,33357,1981-10-27T12:00:00,1981-10-28T06:00:00,1981-10-31T06:00:00,72
train_033373_lead006,train,4,33370,33373,33374,1981-11-03T12:00:00,1981-11-04T06:00:00,1981-11-04T12:00:00,6
train_033373_lead024,train,4,33370,33373,33377,1981-11-03T12:00:00,1981-11-04T06:00:00,1981-11-05T06:00:00,24
train_033373_lead072,train,4,33370,33373,33385,1981-11-03T12:00:00,1981-11-04T06:00:00,1981-11-07T06:00:00,72
train_033402_lead006,train,4,33399,33402,33403,1981-11-10T18:00:00,1981-11-11T12:00:00,1981-11-11T18:00:00,6
train_033402_lead024,train,4,33399,33402,33406,1981-11-10T18:00:00,1981-11-11T12:00:00,1981-11-12T12:00:00,24
train_033402_lead072,train,4,33399,33402,33414,1981-11-10T18:00:00,1981-11-11T12:00:00,1981-11-14T12:00:00,72
train_033430_lead006,train,4,33427,33430,33431,1981-11-17T18:00:00,1981-11-18T12:00:00,1981-11-18T18:00:00,6
train_033430_lead024,train,4,33427,33430,33434,1981-11-17T18:00:00,1981-11-18T12:00:00,1981-11-19T12:00:00,24
train_033430_lead072,train,4,33427,33430,33442,1981-11-17T18:00:00,1981-11-18T12:00:00,1981-11-21T12:00:00,72
train_033459_lead006,train,4,33456,33459,33460,1981-11-25T00:00:00,1981-11-25T18:00:00,1981-11-26T00:00:00,6
train_033459_lead024,train,4,33456,33459,33463,1981-11-25T00:00:00,1981-11-25T18:00:00,1981-11-26T18:00:00,24
train_033459_lead072,train,4,33456,33459,33471,1981-11-25T00:00:00,1981-11-25T18:00:00,1981-11-28T18:00:00,72
train_033487_lead006,train,4,33484,33487,33488,1981-12-02T00:00:00,1981-12-02T18:00:00,1981-12-03T00:00:00,6
train_033487_lead024,train,4,33484,33487,33491,1981-12-02T00:00:00,1981-12-02T18:00:00,1981-12-03T18:00:00,24
train_033487_lead072,train,4,33484,33487,33499,1981-12-02T00:00:00,1981-12-02T18:00:00,1981-12-05T18:00:00,72
train_033516_lead006,train,4,33513,33516,33517,1981-12-09T06:00:00,1981-12-10T00:00:00,1981-12-10T06:00:00,6
train_033516_lead024,train,4,33513,33516,33520,1981-12-09T06:00:00,1981-12-10T00:00:00,1981-12-11T00:00:00,24
train_033516_lead072,train,4,33513,33516,33528,1981-12-09T06:00:00,1981-12-10T00:00:00,1981-12-13T00:00:00,72
train_033544_lead006,train,4,33541,33544,33545,1981-12-16T06:00:00,1981-12-17T00:00:00,1981-12-17T06:00:00,6
train_033544_lead024,train,4,33541,33544,33548,1981-12-16T06:00:00,1981-12-17T00:00:00,1981-12-18T00:00:00,24
train_033544_lead072,train,4,33541,33544,33556,1981-12-16T06:00:00,1981-12-17T00:00:00,1981-12-20T00:00:00,72
train_033573_lead006,train,4,33570,33573,33574,1981-12-23T12:00:00,1981-12-24T06:00:00,1981-12-24T12:00:00,6
train_033573_lead024,train,4,33570,33573,33577,1981-12-23T12:00:00,1981-12-24T06:00:00,1981-12-25T06:00:00,24
train_033573_lead072,train,4,33570,33573,33585,1981-12-23T12:00:00,1981-12-24T06:00:00,1981-12-27T06:00:00,72
train_033602_lead006,train,4,33599,33602,33603,1981-12-30T18:00:00,1981-12-31T12:00:00,1981-12-31T18:00:00,6
train_033602_lead024,train,4,33599,33602,33606,1981-12-30T18:00:00,1981-12-31T12:00:00,1982-01-01T12:00:00,24
train_033602_lead072,train,4,33599,33602,33614,1981-12-30T18:00:00,1981-12-31T12:00:00,1982-01-03T12:00:00,72
train_033630_lead006,train,4,33627,33630,33631,1982-01-06T18:00:00,1982-01-07T12:00:00,1982-01-07T18:00:00,6
train_033630_lead024,train,4,33627,33630,33634,1982-01-06T18:00:00,1982-01-07T12:00:00,1982-01-08T12:00:00,24
train_033630_lead072,train,4,33627,33630,33642,1982-01-06T18:00:00,1982-01-07T12:00:00,1982-01-10T12:00:00,72
train_033659_lead006,train,4,33656,33659,33660,1982-01-14T00:00:00,1982-01-14T18:00:00,1982-01-15T00:00:00,6
train_033659_lead024,train,4,33656,33659,33663,1982-01-14T00:00:00,1982-01-14T18:00:00,1982-01-15T18:00:00,24
train_033659_lead072,train,4,33656,33659,33671,1982-01-14T00:00:00,1982-01-14T18:00:00,1982-01-17T18:00:00,72
train_033687_lead006,train,4,33684,33687,33688,1982-01-21T00:00:00,1982-01-21T18:00:00,1982-01-22T00:00:00,6
train_033687_lead024,train,4,33684,33687,33691,1982-01-21T00:00:00,1982-01-21T18:00:00,1982-01-22T18:00:00,24
train_033687_lead072,train,4,33684,33687,33699,1982-01-21T00:00:00,1982-01-21T18:00:00,1982-01-24T18:00:00,72
train_033716_lead006,train,4,33713,33716,33717,1982-01-28T06:00:00,1982-01-29T00:00:00,1982-01-29T06:00:00,6
train_033716_lead024,train,4,33713,33716,33720,1982-01-28T06:00:00,1982-01-29T00:00:00,1982-01-30T00:00:00,24
train_033716_lead072,train,4,33713,33716,33728,1982-01-28T06:00:00,1982-01-29T00:00:00,1982-02-01T00:00:00,72
train_033744_lead006,train,4,33741,33744,33745,1982-02-04T06:00:00,1982-02-05T00:00:00,1982-02-05T06:00:00,6
train_033744_lead024,train,4,33741,33744,33748,1982-02-04T06:00:00,1982-02-05T00:00:00,1982-02-06T00:00:00,24
train_033744_lead072,train,4,33741,33744,33756,1982-02-04T06:00:00,1982-02-05T00:00:00,1982-02-08T00:00:00,72
train_033773_lead006,train,4,33770,33773,33774,1982-02-11T12:00:00,1982-02-12T06:00:00,1982-02-12T12:00:00,6
train_033773_lead024,train,4,33770,33773,33777,1982-02-11T12:00:00,1982-02-12T06:00:00,1982-02-13T06:00:00,24
train_033773_lead072,train,4,33770,33773,33785,1982-02-11T12:00:00,1982-02-12T06:00:00,1982-02-15T06:00:00,72
train_033801_lead006,train,4,33798,33801,33802,1982-02-18T12:00:00,1982-02-19T06:00:00,1982-02-19T12:00:00,6
train_033801_lead024,train,4,33798,33801,33805,1982-02-18T12:00:00,1982-02-19T06:00:00,1982-02-20T06:00:00,24
train_033801_lead072,train,4,33798,33801,33813,1982-02-18T12:00:00,1982-02-19T06:00:00,1982-02-22T06:00:00,72
train_033830_lead006,train,4,33827,33830,33831,1982-02-25T18:00:00,1982-02-26T12:00:00,1982-02-26T18:00:00,6
train_033830_lead024,train,4,33827,33830,33834,1982-02-25T18:00:00,1982-02-26T12:00:00,1982-02-27T12:00:00,24
train_033830_lead072,train,4,33827,33830,33842,1982-02-25T18:00:00,1982-02-26T12:00:00,1982-03-01T12:00:00,72
train_033858_lead006,train,4,33855,33858,33859,1982-03-04T18:00:00,1982-03-05T12:00:00,1982-03-05T18:00:00,6
train_033858_lead024,train,4,33855,33858,33862,1982-03-04T18:00:00,1982-03-05T12:00:00,1982-03-06T12:00:00,24
train_033858_lead072,train,4,33855,33858,33870,1982-03-04T18:00:00,1982-03-05T12:00:00,1982-03-08T12:00:00,72
train_033887_lead006,train,4,33884,33887,33888,1982-03-12T00:00:00,1982-03-12T18:00:00,1982-03-13T00:00:00,6
train_033887_lead024,train,4,33884,33887,33891,1982-03-12T00:00:00,1982-03-12T18:00:00,1982-03-13T18:00:00,24
train_033887_lead072,train,4,33884,33887,33899,1982-03-12T00:00:00,1982-03-12T18:00:00,1982-03-15T18:00:00,72
train_033915_lead006,train,4,33912,33915,33916,1982-03-19T00:00:00,1982-03-19T18:00:00,1982-03-20T00:00:00,6
train_033915_lead024,train,4,33912,33915,33919,1982-03-19T00:00:00,1982-03-19T18:00:00,1982-03-20T18:00:00,24
train_033915_lead072,train,4,33912,33915,33927,1982-03-19T00:00:00,1982-03-19T18:00:00,1982-03-22T18:00:00,72
train_033944_lead006,train,4,33941,33944,33945,1982-03-26T06:00:00,1982-03-27T00:00:00,1982-03-27T06:00:00,6
train_033944_lead024,train,4,33941,33944,33948,1982-03-26T06:00:00,1982-03-27T00:00:00,1982-03-28T00:00:00,24
train_033944_lead072,train,4,33941,33944,33956,1982-03-26T06:00:00,1982-03-27T00:00:00,1982-03-30T00:00:00,72
train_033972_lead006,train,4,33969,33972,33973,1982-04-02T06:00:00,1982-04-03T00:00:00,1982-04-03T06:00:00,6
train_033972_lead024,train,4,33969,33972,33976,1982-04-02T06:00:00,1982-04-03T00:00:00,1982-04-04T00:00:00,24
train_033972_lead072,train,4,33969,33972,33984,1982-04-02T06:00:00,1982-04-03T00:00:00,1982-04-06T00:00:00,72
train_034001_lead006,train,4,33998,34001,34002,1982-04-09T12:00:00,1982-04-10T06:00:00,1982-04-10T12:00:00,6
train_034001_lead024,train,4,33998,34001,34005,1982-04-09T12:00:00,1982-04-10T06:00:00,1982-04-11T06:00:00,24
train_034001_lead072,train,4,33998,34001,34013,1982-04-09T12:00:00,1982-04-10T06:00:00,1982-04-13T06:00:00,72
train_034029_lead006,train,4,34026,34029,34030,1982-04-16T12:00:00,1982-04-17T06:00:00,1982-04-17T12:00:00,6
train_034029_lead024,train,4,34026,34029,34033,1982-04-16T12:00:00,1982-04-17T06:00:00,1982-04-18T06:00:00,24
train_034029_lead072,train,4,34026,34029,34041,1982-04-16T12:00:00,1982-04-17T06:00:00,1982-04-20T06:00:00,72
train_034058_lead006,train,4,34055,34058,34059,1982-04-23T18:00:00,1982-04-24T12:00:00,1982-04-24T18:00:00,6
train_034058_lead024,train,4,34055,34058,34062,1982-04-23T18:00:00,1982-04-24T12:00:00,1982-04-25T12:00:00,24
train_034058_lead072,train,4,34055,34058,34070,1982-04-23T18:00:00,1982-04-24T12:00:00,1982-04-27T12:00:00,72
train_034086_lead006,train,4,34083,34086,34087,1982-04-30T18:00:00,1982-05-01T12:00:00,1982-05-01T18:00:00,6
train_034086_lead024,train,4,34083,34086,34090,1982-04-30T18:00:00,1982-05-01T12:00:00,1982-05-02T12:00:00,24
train_034086_lead072,train,4,34083,34086,34098,1982-04-30T18:00:00,1982-05-01T12:00:00,1982-05-04T12:00:00,72
train_034115_lead006,train,4,34112,34115,34116,1982-05-08T00:00:00,1982-05-08T18:00:00,1982-05-09T00:00:00,6
train_034115_lead024,train,4,34112,34115,34119,1982-05-08T00:00:00,1982-05-08T18:00:00,1982-05-09T18:00:00,24
train_034115_lead072,train,4,34112,34115,34127,1982-05-08T00:00:00,1982-05-08T18:00:00,1982-05-11T18:00:00,72
train_034144_lead006,train,4,34141,34144,34145,1982-05-15T06:00:00,1982-05-16T00:00:00,1982-05-16T06:00:00,6
train_034144_lead024,train,4,34141,34144,34148,1982-05-15T06:00:00,1982-05-16T00:00:00,1982-05-17T00:00:00,24
train_034144_lead072,train,4,34141,34144,34156,1982-05-15T06:00:00,1982-05-16T00:00:00,1982-05-19T00:00:00,72
train_034172_lead006,train,4,34169,34172,34173,1982-05-22T06:00:00,1982-05-23T00:00:00,1982-05-23T06:00:00,6
train_034172_lead024,train,4,34169,34172,34176,1982-05-22T06:00:00,1982-05-23T00:00:00,1982-05-24T00:00:00,24
train_034172_lead072,train,4,34169,34172,34184,1982-05-22T06:00:00,1982-05-23T00:00:00,1982-05-26T00:00:00,72
train_034201_lead006,train,4,34198,34201,34202,1982-05-29T12:00:00,1982-05-30T06:00:00,1982-05-30T12:00:00,6
train_034201_lead024,train,4,34198,34201,34205,1982-05-29T12:00:00,1982-05-30T06:00:00,1982-05-31T06:00:00,24
train_034201_lead072,train,4,34198,34201,34213,1982-05-29T12:00:00,1982-05-30T06:00:00,1982-06-02T06:00:00,72
train_034229_lead006,train,4,34226,34229,34230,1982-06-05T12:00:00,1982-06-06T06:00:00,1982-06-06T12:00:00,6
train_034229_lead024,train,4,34226,34229,34233,1982-06-05T12:00:00,1982-06-06T06:00:00,1982-06-07T06:00:00,24
train_034229_lead072,train,4,34226,34229,34241,1982-06-05T12:00:00,1982-06-06T06:00:00,1982-06-09T06:00:00,72
train_034258_lead006,train,4,34255,34258,34259,1982-06-12T18:00:00,1982-06-13T12:00:00,1982-06-13T18:00:00,6
train_034258_lead024,train,4,34255,34258,34262,1982-06-12T18:00:00,1982-06-13T12:00:00,1982-06-14T12:00:00,24
train_034258_lead072,train,4,34255,34258,34270,1982-06-12T18:00:00,1982-06-13T12:00:00,1982-06-16T12:00:00,72
train_034286_lead006,train,4,34283,34286,34287,1982-06-19T18:00:00,1982-06-20T12:00:00,1982-06-20T18:00:00,6
train_034286_lead024,train,4,34283,34286,34290,1982-06-19T18:00:00,1982-06-20T12:00:00,1982-06-21T12:00:00,24
train_034286_lead072,train,4,34283,34286,34298,1982-06-19T18:00:00,1982-06-20T12:00:00,1982-06-23T12:00:00,72
train_034315_lead006,train,4,34312,34315,34316,1982-06-27T00:00:00,1982-06-27T18:00:00,1982-06-28T00:00:00,6
train_034315_lead024,train,4,34312,34315,34319,1982-06-27T00:00:00,1982-06-27T18:00:00,1982-06-28T18:00:00,24
train_034315_lead072,train,4,34312,34315,34327,1982-06-27T00:00:00,1982-06-27T18:00:00,1982-06-30T18:00:00,72
train_034343_lead006,train,4,34340,34343,34344,1982-07-04T00:00:00,1982-07-04T18:00:00,1982-07-05T00:00:00,6
train_034343_lead024,train,4,34340,34343,34347,1982-07-04T00:00:00,1982-07-04T18:00:00,1982-07-05T18:00:00,24
train_034343_lead072,train,4,34340,34343,34355,1982-07-04T00:00:00,1982-07-04T18:00:00,1982-07-07T18:00:00,72
train_034372_lead006,train,4,34369,34372,34373,1982-07-11T06:00:00,1982-07-12T00:00:00,1982-07-12T06:00:00,6
train_034372_lead024,train,4,34369,34372,34376,1982-07-11T06:00:00,1982-07-12T00:00:00,1982-07-13T00:00:00,24
train_034372_lead072,train,4,34369,34372,34384,1982-07-11T06:00:00,1982-07-12T00:00:00,1982-07-15T00:00:00,72
train_034400_lead006,train,4,34397,34400,34401,1982-07-18T06:00:00,1982-07-19T00:00:00,1982-07-19T06:00:00,6
train_034400_lead024,train,4,34397,34400,34404,1982-07-18T06:00:00,1982-07-19T00:00:00,1982-07-20T00:00:00,24
train_034400_lead072,train,4,34397,34400,34412,1982-07-18T06:00:00,1982-07-19T00:00:00,1982-07-22T00:00:00,72
train_034429_lead006,train,4,34426,34429,34430,1982-07-25T12:00:00,1982-07-26T06:00:00,1982-07-26T12:00:00,6
train_034429_lead024,train,4,34426,34429,34433,1982-07-25T12:00:00,1982-07-26T06:00:00,1982-07-27T06:00:00,24
train_034429_lead072,train,4,34426,34429,34441,1982-07-25T12:00:00,1982-07-26T06:00:00,1982-07-29T06:00:00,72
train_034457_lead006,train,4,34454,34457,34458,1982-08-01T12:00:00,1982-08-02T06:00:00,1982-08-02T12:00:00,6
train_034457_lead024,train,4,34454,34457,34461,1982-08-01T12:00:00,1982-08-02T06:00:00,1982-08-03T06:00:00,24
train_034457_lead072,train,4,34454,34457,34469,1982-08-01T12:00:00,1982-08-02T06:00:00,1982-08-05T06:00:00,72
train_034486_lead006,train,4,34483,34486,34487,1982-08-08T18:00:00,1982-08-09T12:00:00,1982-08-09T18:00:00,6
train_034486_lead024,train,4,34483,34486,34490,1982-08-08T18:00:00,1982-08-09T12:00:00,1982-08-10T12:00:00,24
train_034486_lead072,train,4,34483,34486,34498,1982-08-08T18:00:00,1982-08-09T12:00:00,1982-08-12T12:00:00,72
train_034514_lead006,train,4,34511,34514,34515,1982-08-15T18:00:00,1982-08-16T12:00:00,1982-08-16T18:00:00,6
train_034514_lead024,train,4,34511,34514,34518,1982-08-15T18:00:00,1982-08-16T12:00:00,1982-08-17T12:00:00,24
train_034514_lead072,train,4,34511,34514,34526,1982-08-15T18:00:00,1982-08-16T12:00:00,1982-08-19T12:00:00,72
train_034543_lead006,train,4,34540,34543,34544,1982-08-23T00:00:00,1982-08-23T18:00:00,1982-08-24T00:00:00,6
train_034543_lead024,train,4,34540,34543,34547,1982-08-23T00:00:00,1982-08-23T18:00:00,1982-08-24T18:00:00,24
train_034543_lead072,train,4,34540,34543,34555,1982-08-23T00:00:00,1982-08-23T18:00:00,1982-08-26T18:00:00,72
train_034571_lead006,train,4,34568,34571,34572,1982-08-30T00:00:00,1982-08-30T18:00:00,1982-08-31T00:00:00,6
train_034571_lead024,train,4,34568,34571,34575,1982-08-30T00:00:00,1982-08-30T18:00:00,1982-08-31T18:00:00,24
train_034571_lead072,train,4,34568,34571,34583,1982-08-30T00:00:00,1982-08-30T18:00:00,1982-09-02T18:00:00,72
train_034600_lead006,train,4,34597,34600,34601,1982-09-06T06:00:00,1982-09-07T00:00:00,1982-09-07T06:00:00,6
train_034600_lead024,train,4,34597,34600,34604,1982-09-06T06:00:00,1982-09-07T00:00:00,1982-09-08T00:00:00,24
train_034600_lead072,train,4,34597,34600,34612,1982-09-06T06:00:00,1982-09-07T00:00:00,1982-09-10T00:00:00,72
train_034629_lead006,train,4,34626,34629,34630,1982-09-13T12:00:00,1982-09-14T06:00:00,1982-09-14T12:00:00,6
train_034629_lead024,train,4,34626,34629,34633,1982-09-13T12:00:00,1982-09-14T06:00:00,1982-09-15T06:00:00,24
train_034629_lead072,train,4,34626,34629,34641,1982-09-13T12:00:00,1982-09-14T06:00:00,1982-09-17T06:00:00,72
train_034657_lead006,train,4,34654,34657,34658,1982-09-20T12:00:00,1982-09-21T06:00:00,1982-09-21T12:00:00,6
train_034657_lead024,train,4,34654,34657,34661,1982-09-20T12:00:00,1982-09-21T06:00:00,1982-09-22T06:00:00,24
train_034657_lead072,train,4,34654,34657,34669,1982-09-20T12:00:00,1982-09-21T06:00:00,1982-09-24T06:00:00,72
train_034686_lead006,train,4,34683,34686,34687,1982-09-27T18:00:00,1982-09-28T12:00:00,1982-09-28T18:00:00,6
train_034686_lead024,train,4,34683,34686,34690,1982-09-27T18:00:00,1982-09-28T12:00:00,1982-09-29T12:00:00,24
train_034686_lead072,train,4,34683,34686,34698,1982-09-27T18:00:00,1982-09-28T12:00:00,1982-10-01T12:00:00,72
train_034714_lead006,train,4,34711,34714,34715,1982-10-04T18:00:00,1982-10-05T12:00:00,1982-10-05T18:00:00,6
train_034714_lead024,train,4,34711,34714,34718,1982-10-04T18:00:00,1982-10-05T12:00:00,1982-10-06T12:00:00,24
train_034714_lead072,train,4,34711,34714,34726,1982-10-04T18:00:00,1982-10-05T12:00:00,1982-10-08T12:00:00,72
train_034743_lead006,train,4,34740,34743,34744,1982-10-12T00:00:00,1982-10-12T18:00:00,1982-10-13T00:00:00,6
train_034743_lead024,train,4,34740,34743,34747,1982-10-12T00:00:00,1982-10-12T18:00:00,1982-10-13T18:00:00,24
train_034743_lead072,train,4,34740,34743,34755,1982-10-12T00:00:00,1982-10-12T18:00:00,1982-10-15T18:00:00,72
train_034771_lead006,train,4,34768,34771,34772,1982-10-19T00:00:00,1982-10-19T18:00:00,1982-10-20T00:00:00,6
train_034771_lead024,train,4,34768,34771,34775,1982-10-19T00:00:00,1982-10-19T18:00:00,1982-10-20T18:00:00,24
train_034771_lead072,train,4,34768,34771,34783,1982-10-19T00:00:00,1982-10-19T18:00:00,1982-10-22T18:00:00,72
train_034800_lead006,train,4,34797,34800,34801,1982-10-26T06:00:00,1982-10-27T00:00:00,1982-10-27T06:00:00,6
train_034800_lead024,train,4,34797,34800,34804,1982-10-26T06:00:00,1982-10-27T00:00:00,1982-10-28T00:00:00,24
train_034800_lead072,train,4,34797,34800,34812,1982-10-26T06:00:00,1982-10-27T00:00:00,1982-10-30T00:00:00,72
train_034828_lead006,train,4,34825,34828,34829,1982-11-02T06:00:00,1982-11-03T00:00:00,1982-11-03T06:00:00,6
train_034828_lead024,train,4,34825,34828,34832,1982-11-02T06:00:00,1982-11-03T00:00:00,1982-11-04T00:00:00,24
train_034828_lead072,train,4,34825,34828,34840,1982-11-02T06:00:00,1982-11-03T00:00:00,1982-11-06T00:00:00,72
train_034857_lead006,train,4,34854,34857,34858,1982-11-09T12:00:00,1982-11-10T06:00:00,1982-11-10T12:00:00,6
train_034857_lead024,train,4,34854,34857,34861,1982-11-09T12:00:00,1982-11-10T06:00:00,1982-11-11T06:00:00,24
train_034857_lead072,train,4,34854,34857,34869,1982-11-09T12:00:00,1982-11-10T06:00:00,1982-11-13T06:00:00,72
train_034885_lead006,train,4,34882,34885,34886,1982-11-16T12:00:00,1982-11-17T06:00:00,1982-11-17T12:00:00,6
train_034885_lead024,train,4,34882,34885,34889,1982-11-16T12:00:00,1982-11-17T06:00:00,1982-11-18T06:00:00,24
train_034885_lead072,train,4,34882,34885,34897,1982-11-16T12:00:00,1982-11-17T06:00:00,1982-11-20T06:00:00,72
train_034914_lead006,train,4,34911,34914,34915,1982-11-23T18:00:00,1982-11-24T12:00:00,1982-11-24T18:00:00,6
train_034914_lead024,train,4,34911,34914,34918,1982-11-23T18:00:00,1982-11-24T12:00:00,1982-11-25T12:00:00,24
train_034914_lead072,train,4,34911,34914,34926,1982-11-23T18:00:00,1982-11-24T12:00:00,1982-11-27T12:00:00,72
train_034942_lead006,train,4,34939,34942,34943,1982-11-30T18:00:00,1982-12-01T12:00:00,1982-12-01T18:00:00,6
train_034942_lead024,train,4,34939,34942,34946,1982-11-30T18:00:00,1982-12-01T12:00:00,1982-12-02T12:00:00,24
train_034942_lead072,train,4,34939,34942,34954,1982-11-30T18:00:00,1982-12-01T12:00:00,1982-12-04T12:00:00,72
train_034971_lead006,train,4,34968,34971,34972,1982-12-08T00:00:00,1982-12-08T18:00:00,1982-12-09T00:00:00,6
train_034971_lead024,train,4,34968,34971,34975,1982-12-08T00:00:00,1982-12-08T18:00:00,1982-12-09T18:00:00,24
train_034971_lead072,train,4,34968,34971,34983,1982-12-08T00:00:00,1982-12-08T18:00:00,1982-12-11T18:00:00,72
train_034999_lead006,train,4,34996,34999,35000,1982-12-15T00:00:00,1982-12-15T18:00:00,1982-12-16T00:00:00,6
train_034999_lead024,train,4,34996,34999,35003,1982-12-15T00:00:00,1982-12-15T18:00:00,1982-12-16T18:00:00,24
train_034999_lead072,train,4,34996,34999,35011,1982-12-15T00:00:00,1982-12-15T18:00:00,1982-12-18T18:00:00,72
train_035028_lead006,train,4,35025,35028,35029,1982-12-22T06:00:00,1982-12-23T00:00:00,1982-12-23T06:00:00,6
train_035028_lead024,train,4,35025,35028,35032,1982-12-22T06:00:00,1982-12-23T00:00:00,1982-12-24T00:00:00,24
train_035028_lead072,train,4,35025,35028,35040,1982-12-22T06:00:00,1982-12-23T00:00:00,1982-12-26T00:00:00,72
train_035056_lead006,train,4,35053,35056,35057,1982-12-29T06:00:00,1982-12-30T00:00:00,1982-12-30T06:00:00,6
train_035056_lead024,train,4,35053,35056,35060,1982-12-29T06:00:00,1982-12-30T00:00:00,1982-12-31T00:00:00,24
train_035056_lead072,train,4,35053,35056,35068,1982-12-29T06:00:00,1982-12-30T00:00:00,1983-01-02T00:00:00,72
train_035085_lead006,train,4,35082,35085,35086,1983-01-05T12:00:00,1983-01-06T06:00:00,1983-01-06T12:00:00,6
train_035085_lead024,train,4,35082,35085,35089,1983-01-05T12:00:00,1983-01-06T06:00:00,1983-01-07T06:00:00,24
train_035085_lead072,train,4,35082,35085,35097,1983-01-05T12:00:00,1983-01-06T06:00:00,1983-01-09T06:00:00,72
train_035113_lead006,train,4,35110,35113,35114,1983-01-12T12:00:00,1983-01-13T06:00:00,1983-01-13T12:00:00,6
train_035113_lead024,train,4,35110,35113,35117,1983-01-12T12:00:00,1983-01-13T06:00:00,1983-01-14T06:00:00,24
train_035113_lead072,train,4,35110,35113,35125,1983-01-12T12:00:00,1983-01-13T06:00:00,1983-01-16T06:00:00,72
train_035142_lead006,train,4,35139,35142,35143,1983-01-19T18:00:00,1983-01-20T12:00:00,1983-01-20T18:00:00,6
train_035142_lead024,train,4,35139,35142,35146,1983-01-19T18:00:00,1983-01-20T12:00:00,1983-01-21T12:00:00,24
train_035142_lead072,train,4,35139,35142,35154,1983-01-19T18:00:00,1983-01-20T12:00:00,1983-01-23T12:00:00,72
train_035171_lead006,train,4,35168,35171,35172,1983-01-27T00:00:00,1983-01-27T18:00:00,1983-01-28T00:00:00,6
train_035171_lead024,train,4,35168,35171,35175,1983-01-27T00:00:00,1983-01-27T18:00:00,1983-01-28T18:00:00,24
train_035171_lead072,train,4,35168,35171,35183,1983-01-27T00:00:00,1983-01-27T18:00:00,1983-01-30T18:00:00,72
train_035199_lead006,train,4,35196,35199,35200,1983-02-03T00:00:00,1983-02-03T18:00:00,1983-02-04T00:00:00,6
train_035199_lead024,train,4,35196,35199,35203,1983-02-03T00:00:00,1983-02-03T18:00:00,1983-02-04T18:00:00,24
train_035199_lead072,train,4,35196,35199,35211,1983-02-03T00:00:00,1983-02-03T18:00:00,1983-02-06T18:00:00,72
train_035228_lead006,train,4,35225,35228,35229,1983-02-10T06:00:00,1983-02-11T00:00:00,1983-02-11T06:00:00,6
train_035228_lead024,train,4,35225,35228,35232,1983-02-10T06:00:00,1983-02-11T00:00:00,1983-02-12T00:00:00,24
train_035228_lead072,train,4,35225,35228,35240,1983-02-10T06:00:00,1983-02-11T00:00:00,1983-02-14T00:00:00,72
train_035256_lead006,train,4,35253,35256,35257,1983-02-17T06:00:00,1983-02-18T00:00:00,1983-02-18T06:00:00,6
train_035256_lead024,train,4,35253,35256,35260,1983-02-17T06:00:00,1983-02-18T00:00:00,1983-02-19T00:00:00,24
train_035256_lead072,train,4,35253,35256,35268,1983-02-17T06:00:00,1983-02-18T00:00:00,1983-02-21T00:00:00,72
train_035285_lead006,train,4,35282,35285,35286,1983-02-24T12:00:00,1983-02-25T06:00:00,1983-02-25T12:00:00,6
train_035285_lead024,train,4,35282,35285,35289,1983-02-24T12:00:00,1983-02-25T06:00:00,1983-02-26T06:00:00,24
train_035285_lead072,train,4,35282,35285,35297,1983-02-24T12:00:00,1983-02-25T06:00:00,1983-02-28T06:00:00,72
train_035313_lead006,train,4,35310,35313,35314,1983-03-03T12:00:00,1983-03-04T06:00:00,1983-03-04T12:00:00,6
train_035313_lead024,train,4,35310,35313,35317,1983-03-03T12:00:00,1983-03-04T06:00:00,1983-03-05T06:00:00,24
train_035313_lead072,train,4,35310,35313,35325,1983-03-03T12:00:00,1983-03-04T06:00:00,1983-03-07T06:00:00,72
train_035342_lead006,train,4,35339,35342,35343,1983-03-10T18:00:00,1983-03-11T12:00:00,1983-03-11T18:00:00,6
train_035342_lead024,train,4,35339,35342,35346,1983-03-10T18:00:00,1983-03-11T12:00:00,1983-03-12T12:00:00,24
train_035342_lead072,train,4,35339,35342,35354,1983-03-10T18:00:00,1983-03-11T12:00:00,1983-03-14T12:00:00,72
train_035370_lead006,train,4,35367,35370,35371,1983-03-17T18:00:00,1983-03-18T12:00:00,1983-03-18T18:00:00,6
train_035370_lead024,train,4,35367,35370,35374,1983-03-17T18:00:00,1983-03-18T12:00:00,1983-03-19T12:00:00,24
train_035370_lead072,train,4,35367,35370,35382,1983-03-17T18:00:00,1983-03-18T12:00:00,1983-03-21T12:00:00,72
train_035399_lead006,train,4,35396,35399,35400,1983-03-25T00:00:00,1983-03-25T18:00:00,1983-03-26T00:00:00,6
train_035399_lead024,train,4,35396,35399,35403,1983-03-25T00:00:00,1983-03-25T18:00:00,1983-03-26T18:00:00,24
train_035399_lead072,train,4,35396,35399,35411,1983-03-25T00:00:00,1983-03-25T18:00:00,1983-03-28T18:00:00,72
train_035427_lead006,train,4,35424,35427,35428,1983-04-01T00:00:00,1983-04-01T18:00:00,1983-04-02T00:00:00,6
train_035427_lead024,train,4,35424,35427,35431,1983-04-01T00:00:00,1983-04-01T18:00:00,1983-04-02T18:00:00,24
train_035427_lead072,train,4,35424,35427,35439,1983-04-01T00:00:00,1983-04-01T18:00:00,1983-04-04T18:00:00,72
train_035456_lead006,train,4,35453,35456,35457,1983-04-08T06:00:00,1983-04-09T00:00:00,1983-04-09T06:00:00,6
train_035456_lead024,train,4,35453,35456,35460,1983-04-08T06:00:00,1983-04-09T00:00:00,1983-04-10T00:00:00,24
train_035456_lead072,train,4,35453,35456,35468,1983-04-08T06:00:00,1983-04-09T00:00:00,1983-04-12T00:00:00,72
train_035484_lead006,train,4,35481,35484,35485,1983-04-15T06:00:00,1983-04-16T00:00:00,1983-04-16T06:00:00,6
train_035484_lead024,train,4,35481,35484,35488,1983-04-15T06:00:00,1983-04-16T00:00:00,1983-04-17T00:00:00,24
train_035484_lead072,train,4,35481,35484,35496,1983-04-15T06:00:00,1983-04-16T00:00:00,1983-04-19T00:00:00,72
train_035513_lead006,train,4,35510,35513,35514,1983-04-22T12:00:00,1983-04-23T06:00:00,1983-04-23T12:00:00,6
train_035513_lead024,train,4,35510,35513,35517,1983-04-22T12:00:00,1983-04-23T06:00:00,1983-04-24T06:00:00,24
train_035513_lead072,train,4,35510,35513,35525,1983-04-22T12:00:00,1983-04-23T06:00:00,1983-04-26T06:00:00,72
train_035541_lead006,train,4,35538,35541,35542,1983-04-29T12:00:00,1983-04-30T06:00:00,1983-04-30T12:00:00,6
train_035541_lead024,train,4,35538,35541,35545,1983-04-29T12:00:00,1983-04-30T06:00:00,1983-05-01T06:00:00,24
train_035541_lead072,train,4,35538,35541,35553,1983-04-29T12:00:00,1983-04-30T06:00:00,1983-05-03T06:00:00,72
train_035570_lead006,train,4,35567,35570,35571,1983-05-06T18:00:00,1983-05-07T12:00:00,1983-05-07T18:00:00,6
train_035570_lead024,train,4,35567,35570,35574,1983-05-06T18:00:00,1983-05-07T12:00:00,1983-05-08T12:00:00,24
train_035570_lead072,train,4,35567,35570,35582,1983-05-06T18:00:00,1983-05-07T12:00:00,1983-05-10T12:00:00,72
train_035598_lead006,train,4,35595,35598,35599,1983-05-13T18:00:00,1983-05-14T12:00:00,1983-05-14T18:00:00,6
train_035598_lead024,train,4,35595,35598,35602,1983-05-13T18:00:00,1983-05-14T12:00:00,1983-05-15T12:00:00,24
train_035598_lead072,train,4,35595,35598,35610,1983-05-13T18:00:00,1983-05-14T12:00:00,1983-05-17T12:00:00,72
train_035627_lead006,train,4,35624,35627,35628,1983-05-21T00:00:00,1983-05-21T18:00:00,1983-05-22T00:00:00,6
train_035627_lead024,train,4,35624,35627,35631,1983-05-21T00:00:00,1983-05-21T18:00:00,1983-05-22T18:00:00,24
train_035627_lead072,train,4,35624,35627,35639,1983-05-21T00:00:00,1983-05-21T18:00:00,1983-05-24T18:00:00,72
train_035656_lead006,train,4,35653,35656,35657,1983-05-28T06:00:00,1983-05-29T00:00:00,1983-05-29T06:00:00,6
train_035656_lead024,train,4,35653,35656,35660,1983-05-28T06:00:00,1983-05-29T00:00:00,1983-05-30T00:00:00,24
train_035656_lead072,train,4,35653,35656,35668,1983-05-28T06:00:00,1983-05-29T00:00:00,1983-06-01T00:00:00,72
train_035684_lead006,train,4,35681,35684,35685,1983-06-04T06:00:00,1983-06-05T00:00:00,1983-06-05T06:00:00,6
train_035684_lead024,train,4,35681,35684,35688,1983-06-04T06:00:00,1983-06-05T00:00:00,1983-06-06T00:00:00,24
train_035684_lead072,train,4,35681,35684,35696,1983-06-04T06:00:00,1983-06-05T00:00:00,1983-06-08T00:00:00,72
train_035713_lead006,train,4,35710,35713,35714,1983-06-11T12:00:00,1983-06-12T06:00:00,1983-06-12T12:00:00,6
train_035713_lead024,train,4,35710,35713,35717,1983-06-11T12:00:00,1983-06-12T06:00:00,1983-06-13T06:00:00,24
train_035713_lead072,train,4,35710,35713,35725,1983-06-11T12:00:00,1983-06-12T06:00:00,1983-06-15T06:00:00,72
train_035741_lead006,train,4,35738,35741,35742,1983-06-18T12:00:00,1983-06-19T06:00:00,1983-06-19T12:00:00,6
train_035741_lead024,train,4,35738,35741,35745,1983-06-18T12:00:00,1983-06-19T06:00:00,1983-06-20T06:00:00,24
train_035741_lead072,train,4,35738,35741,35753,1983-06-18T12:00:00,1983-06-19T06:00:00,1983-06-22T06:00:00,72
train_035770_lead006,train,4,35767,35770,35771,1983-06-25T18:00:00,1983-06-26T12:00:00,1983-06-26T18:00:00,6
train_035770_lead024,train,4,35767,35770,35774,1983-06-25T18:00:00,1983-06-26T12:00:00,1983-06-27T12:00:00,24
train_035770_lead072,train,4,35767,35770,35782,1983-06-25T18:00:00,1983-06-26T12:00:00,1983-06-29T12:00:00,72
train_035798_lead006,train,4,35795,35798,35799,1983-07-02T18:00:00,1983-07-03T12:00:00,1983-07-03T18:00:00,6
train_035798_lead024,train,4,35795,35798,35802,1983-07-02T18:00:00,1983-07-03T12:00:00,1983-07-04T12:00:00,24
train_035798_lead072,train,4,35795,35798,35810,1983-07-02T18:00:00,1983-07-03T12:00:00,1983-07-06T12:00:00,72
train_035827_lead006,train,4,35824,35827,35828,1983-07-10T00:00:00,1983-07-10T18:00:00,1983-07-11T00:00:00,6
train_035827_lead024,train,4,35824,35827,35831,1983-07-10T00:00:00,1983-07-10T18:00:00,1983-07-11T18:00:00,24
train_035827_lead072,train,4,35824,35827,35839,1983-07-10T00:00:00,1983-07-10T18:00:00,1983-07-13T18:00:00,72
train_035855_lead006,train,4,35852,35855,35856,1983-07-17T00:00:00,1983-07-17T18:00:00,1983-07-18T00:00:00,6
train_035855_lead024,train,4,35852,35855,35859,1983-07-17T00:00:00,1983-07-17T18:00:00,1983-07-18T18:00:00,24
train_035855_lead072,train,4,35852,35855,35867,1983-07-17T00:00:00,1983-07-17T18:00:00,1983-07-20T18:00:00,72
train_035884_lead006,train,4,35881,35884,35885,1983-07-24T06:00:00,1983-07-25T00:00:00,1983-07-25T06:00:00,6
train_035884_lead024,train,4,35881,35884,35888,1983-07-24T06:00:00,1983-07-25T00:00:00,1983-07-26T00:00:00,24
train_035884_lead072,train,4,35881,35884,35896,1983-07-24T06:00:00,1983-07-25T00:00:00,1983-07-28T00:00:00,72
train_035912_lead006,train,4,35909,35912,35913,1983-07-31T06:00:00,1983-08-01T00:00:00,1983-08-01T06:00:00,6
train_035912_lead024,train,4,35909,35912,35916,1983-07-31T06:00:00,1983-08-01T00:00:00,1983-08-02T00:00:00,24
train_035912_lead072,train,4,35909,35912,35924,1983-07-31T06:00:00,1983-08-01T00:00:00,1983-08-04T00:00:00,72
train_035941_lead006,train,4,35938,35941,35942,1983-08-07T12:00:00,1983-08-08T06:00:00,1983-08-08T12:00:00,6
train_035941_lead024,train,4,35938,35941,35945,1983-08-07T12:00:00,1983-08-08T06:00:00,1983-08-09T06:00:00,24
train_035941_lead072,train,4,35938,35941,35953,1983-08-07T12:00:00,1983-08-08T06:00:00,1983-08-11T06:00:00,72
train_035969_lead006,train,4,35966,35969,35970,1983-08-14T12:00:00,1983-08-15T06:00:00,1983-08-15T12:00:00,6
train_035969_lead024,train,4,35966,35969,35973,1983-08-14T12:00:00,1983-08-15T06:00:00,1983-08-16T06:00:00,24
train_035969_lead072,train,4,35966,35969,35981,1983-08-14T12:00:00,1983-08-15T06:00:00,1983-08-18T06:00:00,72
train_035998_lead006,train,4,35995,35998,35999,1983-08-21T18:00:00,1983-08-22T12:00:00,1983-08-22T18:00:00,6
train_035998_lead024,train,4,35995,35998,36002,1983-08-21T18:00:00,1983-08-22T12:00:00,1983-08-23T12:00:00,24
train_035998_lead072,train,4,35995,35998,36010,1983-08-21T18:00:00,1983-08-22T12:00:00,1983-08-25T12:00:00,72
train_036026_lead006,train,4,36023,36026,36027,1983-08-28T18:00:00,1983-08-29T12:00:00,1983-08-29T18:00:00,6
train_036026_lead024,train,4,36023,36026,36030,1983-08-28T18:00:00,1983-08-29T12:00:00,1983-08-30T12:00:00,24
train_036026_lead072,train,4,36023,36026,36038,1983-08-28T18:00:00,1983-08-29T12:00:00,1983-09-01T12:00:00,72
train_036055_lead006,train,4,36052,36055,36056,1983-09-05T00:00:00,1983-09-05T18:00:00,1983-09-06T00:00:00,6
train_036055_lead024,train,4,36052,36055,36059,1983-09-05T00:00:00,1983-09-05T18:00:00,1983-09-06T18:00:00,24
train_036055_lead072,train,4,36052,36055,36067,1983-09-05T00:00:00,1983-09-05T18:00:00,1983-09-08T18:00:00,72
train_036083_lead006,train,4,36080,36083,36084,1983-09-12T00:00:00,1983-09-12T18:00:00,1983-09-13T00:00:00,6
train_036083_lead024,train,4,36080,36083,36087,1983-09-12T00:00:00,1983-09-12T18:00:00,1983-09-13T18:00:00,24
train_036083_lead072,train,4,36080,36083,36095,1983-09-12T00:00:00,1983-09-12T18:00:00,1983-09-15T18:00:00,72
train_036112_lead006,train,4,36109,36112,36113,1983-09-19T06:00:00,1983-09-20T00:00:00,1983-09-20T06:00:00,6
train_036112_lead024,train,4,36109,36112,36116,1983-09-19T06:00:00,1983-09-20T00:00:00,1983-09-21T00:00:00,24
train_036112_lead072,train,4,36109,36112,36124,1983-09-19T06:00:00,1983-09-20T00:00:00,1983-09-23T00:00:00,72
train_036140_lead006,train,4,36137,36140,36141,1983-09-26T06:00:00,1983-09-27T00:00:00,1983-09-27T06:00:00,6
train_036140_lead024,train,4,36137,36140,36144,1983-09-26T06:00:00,1983-09-27T00:00:00,1983-09-28T00:00:00,24
train_036140_lead072,train,4,36137,36140,36152,1983-09-26T06:00:00,1983-09-27T00:00:00,1983-09-30T00:00:00,72
train_036169_lead006,train,4,36166,36169,36170,1983-10-03T12:00:00,1983-10-04T06:00:00,1983-10-04T12:00:00,6
train_036169_lead024,train,4,36166,36169,36173,1983-10-03T12:00:00,1983-10-04T06:00:00,1983-10-05T06:00:00,24
train_036169_lead072,train,4,36166,36169,36181,1983-10-03T12:00:00,1983-10-04T06:00:00,1983-10-07T06:00:00,72
train_036198_lead006,train,4,36195,36198,36199,1983-10-10T18:00:00,1983-10-11T12:00:00,1983-10-11T18:00:00,6
train_036198_lead024,train,4,36195,36198,36202,1983-10-10T18:00:00,1983-10-11T12:00:00,1983-10-12T12:00:00,24
train_036198_lead072,train,4,36195,36198,36210,1983-10-10T18:00:00,1983-10-11T12:00:00,1983-10-14T12:00:00,72
train_036226_lead006,train,4,36223,36226,36227,1983-10-17T18:00:00,1983-10-18T12:00:00,1983-10-18T18:00:00,6
train_036226_lead024,train,4,36223,36226,36230,1983-10-17T18:00:00,1983-10-18T12:00:00,1983-10-19T12:00:00,24
train_036226_lead072,train,4,36223,36226,36238,1983-10-17T18:00:00,1983-10-18T12:00:00,1983-10-21T12:00:00,72
train_036255_lead006,train,4,36252,36255,36256,1983-10-25T00:00:00,1983-10-25T18:00:00,1983-10-26T00:00:00,6
train_036255_lead024,train,4,36252,36255,36259,1983-10-25T00:00:00,1983-10-25T18:00:00,1983-10-26T18:00:00,24
train_036255_lead072,train,4,36252,36255,36267,1983-10-25T00:00:00,1983-10-25T18:00:00,1983-10-28T18:00:00,72
train_036283_lead006,train,4,36280,36283,36284,1983-11-01T00:00:00,1983-11-01T18:00:00,1983-11-02T00:00:00,6
train_036283_lead024,train,4,36280,36283,36287,1983-11-01T00:00:00,1983-11-01T18:00:00,1983-11-02T18:00:00,24
train_036283_lead072,train,4,36280,36283,36295,1983-11-01T00:00:00,1983-11-01T18:00:00,1983-11-04T18:00:00,72
train_036312_lead006,train,4,36309,36312,36313,1983-11-08T06:00:00,1983-11-09T00:00:00,1983-11-09T06:00:00,6
train_036312_lead024,train,4,36309,36312,36316,1983-11-08T06:00:00,1983-11-09T00:00:00,1983-11-10T00:00:00,24
train_036312_lead072,train,4,36309,36312,36324,1983-11-08T06:00:00,1983-11-09T00:00:00,1983-11-12T00:00:00,72
train_036340_lead006,train,4,36337,36340,36341,1983-11-15T06:00:00,1983-11-16T00:00:00,1983-11-16T06:00:00,6
train_036340_lead024,train,4,36337,36340,36344,1983-11-15T06:00:00,1983-11-16T00:00:00,1983-11-17T00:00:00,24
train_036340_lead072,train,4,36337,36340,36352,1983-11-15T06:00:00,1983-11-16T00:00:00,1983-11-19T00:00:00,72
train_036369_lead006,train,4,36366,36369,36370,1983-11-22T12:00:00,1983-11-23T06:00:00,1983-11-23T12:00:00,6
train_036369_lead024,train,4,36366,36369,36373,1983-11-22T12:00:00,1983-11-23T06:00:00,1983-11-24T06:00:00,24
train_036369_lead072,train,4,36366,36369,36381,1983-11-22T12:00:00,1983-11-23T06:00:00,1983-11-26T06:00:00,72
train_036397_lead006,train,4,36394,36397,36398,1983-11-29T12:00:00,1983-11-30T06:00:00,1983-11-30T12:00:00,6
train_036397_lead024,train,4,36394,36397,36401,1983-11-29T12:00:00,1983-11-30T06:00:00,1983-12-01T06:00:00,24
train_036397_lead072,train,4,36394,36397,36409,1983-11-29T12:00:00,1983-11-30T06:00:00,1983-12-03T06:00:00,72
train_036426_lead006,train,4,36423,36426,36427,1983-12-06T18:00:00,1983-12-07T12:00:00,1983-12-07T18:00:00,6
train_036426_lead024,train,4,36423,36426,36430,1983-12-06T18:00:00,1983-12-07T12:00:00,1983-12-08T12:00:00,24
train_036426_lead072,train,4,36423,36426,36438,1983-12-06T18:00:00,1983-12-07T12:00:00,1983-12-10T12:00:00,72
train_036454_lead006,train,4,36451,36454,36455,1983-12-13T18:00:00,1983-12-14T12:00:00,1983-12-14T18:00:00,6
train_036454_lead024,train,4,36451,36454,36458,1983-12-13T18:00:00,1983-12-14T12:00:00,1983-12-15T12:00:00,24
train_036454_lead072,train,4,36451,36454,36466,1983-12-13T18:00:00,1983-12-14T12:00:00,1983-12-17T12:00:00,72
train_036483_lead006,train,4,36480,36483,36484,1983-12-21T00:00:00,1983-12-21T18:00:00,1983-12-22T00:00:00,6
train_036483_lead024,train,4,36480,36483,36487,1983-12-21T00:00:00,1983-12-21T18:00:00,1983-12-22T18:00:00,24
train_036483_lead072,train,4,36480,36483,36495,1983-12-21T00:00:00,1983-12-21T18:00:00,1983-12-24T18:00:00,72
train_036511_lead006,train,4,36508,36511,36512,1983-12-28T00:00:00,1983-12-28T18:00:00,1983-12-29T00:00:00,6
train_036511_lead024,train,4,36508,36511,36515,1983-12-28T00:00:00,1983-12-28T18:00:00,1983-12-29T18:00:00,24
train_036511_lead072,train,4,36508,36511,36523,1983-12-28T00:00:00,1983-12-28T18:00:00,1983-12-31T18:00:00,72
train_036540_lead006,train,4,36537,36540,36541,1984-01-04T06:00:00,1984-01-05T00:00:00,1984-01-05T06:00:00,6
train_036540_lead024,train,4,36537,36540,36544,1984-01-04T06:00:00,1984-01-05T00:00:00,1984-01-06T00:00:00,24
train_036540_lead072,train,4,36537,36540,36552,1984-01-04T06:00:00,1984-01-05T00:00:00,1984-01-08T00:00:00,72
train_036568_lead006,train,4,36565,36568,36569,1984-01-11T06:00:00,1984-01-12T00:00:00,1984-01-12T06:00:00,6
train_036568_lead024,train,4,36565,36568,36572,1984-01-11T06:00:00,1984-01-12T00:00:00,1984-01-13T00:00:00,24
train_036568_lead072,train,4,36565,36568,36580,1984-01-11T06:00:00,1984-01-12T00:00:00,1984-01-15T00:00:00,72
train_036597_lead006,train,4,36594,36597,36598,1984-01-18T12:00:00,1984-01-19T06:00:00,1984-01-19T12:00:00,6
train_036597_lead024,train,4,36594,36597,36601,1984-01-18T12:00:00,1984-01-19T06:00:00,1984-01-20T06:00:00,24
train_036597_lead072,train,4,36594,36597,36609,1984-01-18T12:00:00,1984-01-19T06:00:00,1984-01-22T06:00:00,72
train_036625_lead006,train,4,36622,36625,36626,1984-01-25T12:00:00,1984-01-26T06:00:00,1984-01-26T12:00:00,6
train_036625_lead024,train,4,36622,36625,36629,1984-01-25T12:00:00,1984-01-26T06:00:00,1984-01-27T06:00:00,24
train_036625_lead072,train,4,36622,36625,36637,1984-01-25T12:00:00,1984-01-26T06:00:00,1984-01-29T06:00:00,72
train_036654_lead006,train,4,36651,36654,36655,1984-02-01T18:00:00,1984-02-02T12:00:00,1984-02-02T18:00:00,6
train_036654_lead024,train,4,36651,36654,36658,1984-02-01T18:00:00,1984-02-02T12:00:00,1984-02-03T12:00:00,24
train_036654_lead072,train,4,36651,36654,36666,1984-02-01T18:00:00,1984-02-02T12:00:00,1984-02-05T12:00:00,72
train_036683_lead006,train,4,36680,36683,36684,1984-02-09T00:00:00,1984-02-09T18:00:00,1984-02-10T00:00:00,6
train_036683_lead024,train,4,36680,36683,36687,1984-02-09T00:00:00,1984-02-09T18:00:00,1984-02-10T18:00:00,24
train_036683_lead072,train,4,36680,36683,36695,1984-02-09T00:00:00,1984-02-09T18:00:00,1984-02-12T18:00:00,72
train_036711_lead006,train,4,36708,36711,36712,1984-02-16T00:00:00,1984-02-16T18:00:00,1984-02-17T00:00:00,6
train_036711_lead024,train,4,36708,36711,36715,1984-02-16T00:00:00,1984-02-16T18:00:00,1984-02-17T18:00:00,24
train_036711_lead072,train,4,36708,36711,36723,1984-02-16T00:00:00,1984-02-16T18:00:00,1984-02-19T18:00:00,72
train_036740_lead006,train,4,36737,36740,36741,1984-02-23T06:00:00,1984-02-24T00:00:00,1984-02-24T06:00:00,6
train_036740_lead024,train,4,36737,36740,36744,1984-02-23T06:00:00,1984-02-24T00:00:00,1984-02-25T00:00:00,24
train_036740_lead072,train,4,36737,36740,36752,1984-02-23T06:00:00,1984-02-24T00:00:00,1984-02-27T00:00:00,72
train_036768_lead006,train,4,36765,36768,36769,1984-03-01T06:00:00,1984-03-02T00:00:00,1984-03-02T06:00:00,6
train_036768_lead024,train,4,36765,36768,36772,1984-03-01T06:00:00,1984-03-02T00:00:00,1984-03-03T00:00:00,24
train_036768_lead072,train,4,36765,36768,36780,1984-03-01T06:00:00,1984-03-02T00:00:00,1984-03-05T00:00:00,72
train_036797_lead006,train,4,36794,36797,36798,1984-03-08T12:00:00,1984-03-09T06:00:00,1984-03-09T12:00:00,6
train_036797_lead024,train,4,36794,36797,36801,1984-03-08T12:00:00,1984-03-09T06:00:00,1984-03-10T06:00:00,24
train_036797_lead072,train,4,36794,36797,36809,1984-03-08T12:00:00,1984-03-09T06:00:00,1984-03-12T06:00:00,72
train_036825_lead006,train,4,36822,36825,36826,1984-03-15T12:00:00,1984-03-16T06:00:00,1984-03-16T12:00:00,6
train_036825_lead024,train,4,36822,36825,36829,1984-03-15T12:00:00,1984-03-16T06:00:00,1984-03-17T06:00:00,24
train_036825_lead072,train,4,36822,36825,36837,1984-03-15T12:00:00,1984-03-16T06:00:00,1984-03-19T06:00:00,72
train_036854_lead006,train,4,36851,36854,36855,1984-03-22T18:00:00,1984-03-23T12:00:00,1984-03-23T18:00:00,6
train_036854_lead024,train,4,36851,36854,36858,1984-03-22T18:00:00,1984-03-23T12:00:00,1984-03-24T12:00:00,24
train_036854_lead072,train,4,36851,36854,36866,1984-03-22T18:00:00,1984-03-23T12:00:00,1984-03-26T12:00:00,72
train_036882_lead006,train,4,36879,36882,36883,1984-03-29T18:00:00,1984-03-30T12:00:00,1984-03-30T18:00:00,6
train_036882_lead024,train,4,36879,36882,36886,1984-03-29T18:00:00,1984-03-30T12:00:00,1984-03-31T12:00:00,24
train_036882_lead072,train,4,36879,36882,36894,1984-03-29T18:00:00,1984-03-30T12:00:00,1984-04-02T12:00:00,72
train_036911_lead006,train,4,36908,36911,36912,1984-04-06T00:00:00,1984-04-06T18:00:00,1984-04-07T00:00:00,6
train_036911_lead024,train,4,36908,36911,36915,1984-04-06T00:00:00,1984-04-06T18:00:00,1984-04-07T18:00:00,24
train_036911_lead072,train,4,36908,36911,36923,1984-04-06T00:00:00,1984-04-06T18:00:00,1984-04-09T18:00:00,72
train_036939_lead006,train,4,36936,36939,36940,1984-04-13T00:00:00,1984-04-13T18:00:00,1984-04-14T00:00:00,6
train_036939_lead024,train,4,36936,36939,36943,1984-04-13T00:00:00,1984-04-13T18:00:00,1984-04-14T18:00:00,24
train_036939_lead072,train,4,36936,36939,36951,1984-04-13T00:00:00,1984-04-13T18:00:00,1984-04-16T18:00:00,72
train_036968_lead006,train,4,36965,36968,36969,1984-04-20T06:00:00,1984-04-21T00:00:00,1984-04-21T06:00:00,6
train_036968_lead024,train,4,36965,36968,36972,1984-04-20T06:00:00,1984-04-21T00:00:00,1984-04-22T00:00:00,24
train_036968_lead072,train,4,36965,36968,36980,1984-04-20T06:00:00,1984-04-21T00:00:00,1984-04-24T00:00:00,72
train_036996_lead006,train,4,36993,36996,36997,1984-04-27T06:00:00,1984-04-28T00:00:00,1984-04-28T06:00:00,6
train_036996_lead024,train,4,36993,36996,37000,1984-04-27T06:00:00,1984-04-28T00:00:00,1984-04-29T00:00:00,24
train_036996_lead072,train,4,36993,36996,37008,1984-04-27T06:00:00,1984-04-28T00:00:00,1984-05-01T00:00:00,72
train_037025_lead006,train,4,37022,37025,37026,1984-05-04T12:00:00,1984-05-05T06:00:00,1984-05-05T12:00:00,6
train_037025_lead024,train,4,37022,37025,37029,1984-05-04T12:00:00,1984-05-05T06:00:00,1984-05-06T06:00:00,24
train_037025_lead072,train,4,37022,37025,37037,1984-05-04T12:00:00,1984-05-05T06:00:00,1984-05-08T06:00:00,72
train_037053_lead006,train,4,37050,37053,37054,1984-05-11T12:00:00,1984-05-12T06:00:00,1984-05-12T12:00:00,6
train_037053_lead024,train,4,37050,37053,37057,1984-05-11T12:00:00,1984-05-12T06:00:00,1984-05-13T06:00:00,24
train_037053_lead072,train,4,37050,37053,37065,1984-05-11T12:00:00,1984-05-12T06:00:00,1984-05-15T06:00:00,72
train_037082_lead006,train,4,37079,37082,37083,1984-05-18T18:00:00,1984-05-19T12:00:00,1984-05-19T18:00:00,6
train_037082_lead024,train,4,37079,37082,37086,1984-05-18T18:00:00,1984-05-19T12:00:00,1984-05-20T12:00:00,24
train_037082_lead072,train,4,37079,37082,37094,1984-05-18T18:00:00,1984-05-19T12:00:00,1984-05-22T12:00:00,72
train_037110_lead006,train,4,37107,37110,37111,1984-05-25T18:00:00,1984-05-26T12:00:00,1984-05-26T18:00:00,6
train_037110_lead024,train,4,37107,37110,37114,1984-05-25T18:00:00,1984-05-26T12:00:00,1984-05-27T12:00:00,24
train_037110_lead072,train,4,37107,37110,37122,1984-05-25T18:00:00,1984-05-26T12:00:00,1984-05-29T12:00:00,72
train_037139_lead006,train,4,37136,37139,37140,1984-06-02T00:00:00,1984-06-02T18:00:00,1984-06-03T00:00:00,6
train_037139_lead024,train,4,37136,37139,37143,1984-06-02T00:00:00,1984-06-02T18:00:00,1984-06-03T18:00:00,24
train_037139_lead072,train,4,37136,37139,37151,1984-06-02T00:00:00,1984-06-02T18:00:00,1984-06-05T18:00:00,72
train_037168_lead006,train,4,37165,37168,37169,1984-06-09T06:00:00,1984-06-10T00:00:00,1984-06-10T06:00:00,6
train_037168_lead024,train,4,37165,37168,37172,1984-06-09T06:00:00,1984-06-10T00:00:00,1984-06-11T00:00:00,24
train_037168_lead072,train,4,37165,37168,37180,1984-06-09T06:00:00,1984-06-10T00:00:00,1984-06-13T00:00:00,72
train_037196_lead006,train,4,37193,37196,37197,1984-06-16T06:00:00,1984-06-17T00:00:00,1984-06-17T06:00:00,6
train_037196_lead024,train,4,37193,37196,37200,1984-06-16T06:00:00,1984-06-17T00:00:00,1984-06-18T00:00:00,24
train_037196_lead072,train,4,37193,37196,37208,1984-06-16T06:00:00,1984-06-17T00:00:00,1984-06-20T00:00:00,72
train_037225_lead006,train,4,37222,37225,37226,1984-06-23T12:00:00,1984-06-24T06:00:00,1984-06-24T12:00:00,6
train_037225_lead024,train,4,37222,37225,37229,1984-06-23T12:00:00,1984-06-24T06:00:00,1984-06-25T06:00:00,24
train_037225_lead072,train,4,37222,37225,37237,1984-06-23T12:00:00,1984-06-24T06:00:00,1984-06-27T06:00:00,72
train_037253_lead006,train,4,37250,37253,37254,1984-06-30T12:00:00,1984-07-01T06:00:00,1984-07-01T12:00:00,6
train_037253_lead024,train,4,37250,37253,37257,1984-06-30T12:00:00,1984-07-01T06:00:00,1984-07-02T06:00:00,24
train_037253_lead072,train,4,37250,37253,37265,1984-06-30T12:00:00,1984-07-01T06:00:00,1984-07-04T06:00:00,72
train_037282_lead006,train,4,37279,37282,37283,1984-07-07T18:00:00,1984-07-08T12:00:00,1984-07-08T18:00:00,6
train_037282_lead024,train,4,37279,37282,37286,1984-07-07T18:00:00,1984-07-08T12:00:00,1984-07-09T12:00:00,24
train_037282_lead072,train,4,37279,37282,37294,1984-07-07T18:00:00,1984-07-08T12:00:00,1984-07-11T12:00:00,72
train_037310_lead006,train,4,37307,37310,37311,1984-07-14T18:00:00,1984-07-15T12:00:00,1984-07-15T18:00:00,6
train_037310_lead024,train,4,37307,37310,37314,1984-07-14T18:00:00,1984-07-15T12:00:00,1984-07-16T12:00:00,24
train_037310_lead072,train,4,37307,37310,37322,1984-07-14T18:00:00,1984-07-15T12:00:00,1984-07-18T12:00:00,72
train_037339_lead006,train,4,37336,37339,37340,1984-07-22T00:00:00,1984-07-22T18:00:00,1984-07-23T00:00:00,6
train_037339_lead024,train,4,37336,37339,37343,1984-07-22T00:00:00,1984-07-22T18:00:00,1984-07-23T18:00:00,24
train_037339_lead072,train,4,37336,37339,37351,1984-07-22T00:00:00,1984-07-22T18:00:00,1984-07-25T18:00:00,72
train_037367_lead006,train,4,37364,37367,37368,1984-07-29T00:00:00,1984-07-29T18:00:00,1984-07-30T00:00:00,6
train_037367_lead024,train,4,37364,37367,37371,1984-07-29T00:00:00,1984-07-29T18:00:00,1984-07-30T18:00:00,24
train_037367_lead072,train,4,37364,37367,37379,1984-07-29T00:00:00,1984-07-29T18:00:00,1984-08-01T18:00:00,72
train_037396_lead006,train,4,37393,37396,37397,1984-08-05T06:00:00,1984-08-06T00:00:00,1984-08-06T06:00:00,6
train_037396_lead024,train,4,37393,37396,37400,1984-08-05T06:00:00,1984-08-06T00:00:00,1984-08-07T00:00:00,24
train_037396_lead072,train,4,37393,37396,37408,1984-08-05T06:00:00,1984-08-06T00:00:00,1984-08-09T00:00:00,72
train_037424_lead006,train,4,37421,37424,37425,1984-08-12T06:00:00,1984-08-13T00:00:00,1984-08-13T06:00:00,6
train_037424_lead024,train,4,37421,37424,37428,1984-08-12T06:00:00,1984-08-13T00:00:00,1984-08-14T00:00:00,24
train_037424_lead072,train,4,37421,37424,37436,1984-08-12T06:00:00,1984-08-13T00:00:00,1984-08-16T00:00:00,72
train_037453_lead006,train,4,37450,37453,37454,1984-08-19T12:00:00,1984-08-20T06:00:00,1984-08-20T12:00:00,6
train_037453_lead024,train,4,37450,37453,37457,1984-08-19T12:00:00,1984-08-20T06:00:00,1984-08-21T06:00:00,24
train_037453_lead072,train,4,37450,37453,37465,1984-08-19T12:00:00,1984-08-20T06:00:00,1984-08-23T06:00:00,72
train_037481_lead006,train,4,37478,37481,37482,1984-08-26T12:00:00,1984-08-27T06:00:00,1984-08-27T12:00:00,6
train_037481_lead024,train,4,37478,37481,37485,1984-08-26T12:00:00,1984-08-27T06:00:00,1984-08-28T06:00:00,24
train_037481_lead072,train,4,37478,37481,37493,1984-08-26T12:00:00,1984-08-27T06:00:00,1984-08-30T06:00:00,72
train_037510_lead006,train,4,37507,37510,37511,1984-09-02T18:00:00,1984-09-03T12:00:00,1984-09-03T18:00:00,6
train_037510_lead024,train,4,37507,37510,37514,1984-09-02T18:00:00,1984-09-03T12:00:00,1984-09-04T12:00:00,24
train_037510_lead072,train,4,37507,37510,37522,1984-09-02T18:00:00,1984-09-03T12:00:00,1984-09-06T12:00:00,72
train_037538_lead006,train,4,37535,37538,37539,1984-09-09T18:00:00,1984-09-10T12:00:00,1984-09-10T18:00:00,6
train_037538_lead024,train,4,37535,37538,37542,1984-09-09T18:00:00,1984-09-10T12:00:00,1984-09-11T12:00:00,24
train_037538_lead072,train,4,37535,37538,37550,1984-09-09T18:00:00,1984-09-10T12:00:00,1984-09-13T12:00:00,72
train_037567_lead006,train,4,37564,37567,37568,1984-09-17T00:00:00,1984-09-17T18:00:00,1984-09-18T00:00:00,6
train_037567_lead024,train,4,37564,37567,37571,1984-09-17T00:00:00,1984-09-17T18:00:00,1984-09-18T18:00:00,24
train_037567_lead072,train,4,37564,37567,37579,1984-09-17T00:00:00,1984-09-17T18:00:00,1984-09-20T18:00:00,72
train_037595_lead006,train,4,37592,37595,37596,1984-09-24T00:00:00,1984-09-24T18:00:00,1984-09-25T00:00:00,6
train_037595_lead024,train,4,37592,37595,37599,1984-09-24T00:00:00,1984-09-24T18:00:00,1984-09-25T18:00:00,24
train_037595_lead072,train,4,37592,37595,37607,1984-09-24T00:00:00,1984-09-24T18:00:00,1984-09-27T18:00:00,72
train_037624_lead006,train,4,37621,37624,37625,1984-10-01T06:00:00,1984-10-02T00:00:00,1984-10-02T06:00:00,6
train_037624_lead024,train,4,37621,37624,37628,1984-10-01T06:00:00,1984-10-02T00:00:00,1984-10-03T00:00:00,24
train_037624_lead072,train,4,37621,37624,37636,1984-10-01T06:00:00,1984-10-02T00:00:00,1984-10-05T00:00:00,72
train_037652_lead006,train,4,37649,37652,37653,1984-10-08T06:00:00,1984-10-09T00:00:00,1984-10-09T06:00:00,6
train_037652_lead024,train,4,37649,37652,37656,1984-10-08T06:00:00,1984-10-09T00:00:00,1984-10-10T00:00:00,24
train_037652_lead072,train,4,37649,37652,37664,1984-10-08T06:00:00,1984-10-09T00:00:00,1984-10-12T00:00:00,72
train_037681_lead006,train,4,37678,37681,37682,1984-10-15T12:00:00,1984-10-16T06:00:00,1984-10-16T12:00:00,6
train_037681_lead024,train,4,37678,37681,37685,1984-10-15T12:00:00,1984-10-16T06:00:00,1984-10-17T06:00:00,24
train_037681_lead072,train,4,37678,37681,37693,1984-10-15T12:00:00,1984-10-16T06:00:00,1984-10-19T06:00:00,72
train_037710_lead006,train,4,37707,37710,37711,1984-10-22T18:00:00,1984-10-23T12:00:00,1984-10-23T18:00:00,6
train_037710_lead024,train,4,37707,37710,37714,1984-10-22T18:00:00,1984-10-23T12:00:00,1984-10-24T12:00:00,24
train_037710_lead072,train,4,37707,37710,37722,1984-10-22T18:00:00,1984-10-23T12:00:00,1984-10-26T12:00:00,72
train_037738_lead006,train,4,37735,37738,37739,1984-10-29T18:00:00,1984-10-30T12:00:00,1984-10-30T18:00:00,6
train_037738_lead024,train,4,37735,37738,37742,1984-10-29T18:00:00,1984-10-30T12:00:00,1984-10-31T12:00:00,24
train_037738_lead072,train,4,37735,37738,37750,1984-10-29T18:00:00,1984-10-30T12:00:00,1984-11-02T12:00:00,72
train_037767_lead006,train,4,37764,37767,37768,1984-11-06T00:00:00,1984-11-06T18:00:00,1984-11-07T00:00:00,6
train_037767_lead024,train,4,37764,37767,37771,1984-11-06T00:00:00,1984-11-06T18:00:00,1984-11-07T18:00:00,24
train_037767_lead072,train,4,37764,37767,37779,1984-11-06T00:00:00,1984-11-06T18:00:00,1984-11-09T18:00:00,72
train_037795_lead006,train,4,37792,37795,37796,1984-11-13T00:00:00,1984-11-13T18:00:00,1984-11-14T00:00:00,6
train_037795_lead024,train,4,37792,37795,37799,1984-11-13T00:00:00,1984-11-13T18:00:00,1984-11-14T18:00:00,24
train_037795_lead072,train,4,37792,37795,37807,1984-11-13T00:00:00,1984-11-13T18:00:00,1984-11-16T18:00:00,72
train_037824_lead006,train,4,37821,37824,37825,1984-11-20T06:00:00,1984-11-21T00:00:00,1984-11-21T06:00:00,6
train_037824_lead024,train,4,37821,37824,37828,1984-11-20T06:00:00,1984-11-21T00:00:00,1984-11-22T00:00:00,24
train_037824_lead072,train,4,37821,37824,37836,1984-11-20T06:00:00,1984-11-21T00:00:00,1984-11-24T00:00:00,72
train_037852_lead006,train,4,37849,37852,37853,1984-11-27T06:00:00,1984-11-28T00:00:00,1984-11-28T06:00:00,6
train_037852_lead024,train,4,37849,37852,37856,1984-11-27T06:00:00,1984-11-28T00:00:00,1984-11-29T00:00:00,24
train_037852_lead072,train,4,37849,37852,37864,1984-11-27T06:00:00,1984-11-28T00:00:00,1984-12-01T00:00:00,72
train_037881_lead006,train,4,37878,37881,37882,1984-12-04T12:00:00,1984-12-05T06:00:00,1984-12-05T12:00:00,6
train_037881_lead024,train,4,37878,37881,37885,1984-12-04T12:00:00,1984-12-05T06:00:00,1984-12-06T06:00:00,24
train_037881_lead072,train,4,37878,37881,37893,1984-12-04T12:00:00,1984-12-05T06:00:00,1984-12-08T06:00:00,72
train_037909_lead006,train,4,37906,37909,37910,1984-12-11T12:00:00,1984-12-12T06:00:00,1984-12-12T12:00:00,6
train_037909_lead024,train,4,37906,37909,37913,1984-12-11T12:00:00,1984-12-12T06:00:00,1984-12-13T06:00:00,24
train_037909_lead072,train,4,37906,37909,37921,1984-12-11T12:00:00,1984-12-12T06:00:00,1984-12-15T06:00:00,72
train_037938_lead006,train,4,37935,37938,37939,1984-12-18T18:00:00,1984-12-19T12:00:00,1984-12-19T18:00:00,6
train_037938_lead024,train,4,37935,37938,37942,1984-12-18T18:00:00,1984-12-19T12:00:00,1984-12-20T12:00:00,24
train_037938_lead072,train,4,37935,37938,37950,1984-12-18T18:00:00,1984-12-19T12:00:00,1984-12-22T12:00:00,72
train_037966_lead006,train,4,37963,37966,37967,1984-12-25T18:00:00,1984-12-26T12:00:00,1984-12-26T18:00:00,6
train_037966_lead024,train,4,37963,37966,37970,1984-12-25T18:00:00,1984-12-26T12:00:00,1984-12-27T12:00:00,24
train_037966_lead072,train,4,37963,37966,37978,1984-12-25T18:00:00,1984-12-26T12:00:00,1984-12-29T12:00:00,72
train_037995_lead006,train,4,37992,37995,37996,1985-01-02T00:00:00,1985-01-02T18:00:00,1985-01-03T00:00:00,6
train_037995_lead024,train,4,37992,37995,37999,1985-01-02T00:00:00,1985-01-02T18:00:00,1985-01-03T18:00:00,24
train_037995_lead072,train,4,37992,37995,38007,1985-01-02T00:00:00,1985-01-02T18:00:00,1985-01-05T18:00:00,72
train_038023_lead006,train,4,38020,38023,38024,1985-01-09T00:00:00,1985-01-09T18:00:00,1985-01-10T00:00:00,6
train_038023_lead024,train,4,38020,38023,38027,1985-01-09T00:00:00,1985-01-09T18:00:00,1985-01-10T18:00:00,24
train_038023_lead072,train,4,38020,38023,38035,1985-01-09T00:00:00,1985-01-09T18:00:00,1985-01-12T18:00:00,72
train_038052_lead006,train,4,38049,38052,38053,1985-01-16T06:00:00,1985-01-17T00:00:00,1985-01-17T06:00:00,6
train_038052_lead024,train,4,38049,38052,38056,1985-01-16T06:00:00,1985-01-17T00:00:00,1985-01-18T00:00:00,24
train_038052_lead072,train,4,38049,38052,38064,1985-01-16T06:00:00,1985-01-17T00:00:00,1985-01-20T00:00:00,72
train_038080_lead006,train,4,38077,38080,38081,1985-01-23T06:00:00,1985-01-24T00:00:00,1985-01-24T06:00:00,6
train_038080_lead024,train,4,38077,38080,38084,1985-01-23T06:00:00,1985-01-24T00:00:00,1985-01-25T00:00:00,24
train_038080_lead072,train,4,38077,38080,38092,1985-01-23T06:00:00,1985-01-24T00:00:00,1985-01-27T00:00:00,72
train_038109_lead006,train,4,38106,38109,38110,1985-01-30T12:00:00,1985-01-31T06:00:00,1985-01-31T12:00:00,6
train_038109_lead024,train,4,38106,38109,38113,1985-01-30T12:00:00,1985-01-31T06:00:00,1985-02-01T06:00:00,24
train_038109_lead072,train,4,38106,38109,38121,1985-01-30T12:00:00,1985-01-31T06:00:00,1985-02-03T06:00:00,72
train_038137_lead006,train,4,38134,38137,38138,1985-02-06T12:00:00,1985-02-07T06:00:00,1985-02-07T12:00:00,6
train_038137_lead024,train,4,38134,38137,38141,1985-02-06T12:00:00,1985-02-07T06:00:00,1985-02-08T06:00:00,24
train_038137_lead072,train,4,38134,38137,38149,1985-02-06T12:00:00,1985-02-07T06:00:00,1985-02-10T06:00:00,72
train_038166_lead006,train,4,38163,38166,38167,1985-02-13T18:00:00,1985-02-14T12:00:00,1985-02-14T18:00:00,6
train_038166_lead024,train,4,38163,38166,38170,1985-02-13T18:00:00,1985-02-14T12:00:00,1985-02-15T12:00:00,24
train_038166_lead072,train,4,38163,38166,38178,1985-02-13T18:00:00,1985-02-14T12:00:00,1985-02-17T12:00:00,72
train_038195_lead006,train,4,38192,38195,38196,1985-02-21T00:00:00,1985-02-21T18:00:00,1985-02-22T00:00:00,6
train_038195_lead024,train,4,38192,38195,38199,1985-02-21T00:00:00,1985-02-21T18:00:00,1985-02-22T18:00:00,24
train_038195_lead072,train,4,38192,38195,38207,1985-02-21T00:00:00,1985-02-21T18:00:00,1985-02-24T18:00:00,72
train_038223_lead006,train,4,38220,38223,38224,1985-02-28T00:00:00,1985-02-28T18:00:00,1985-03-01T00:00:00,6
train_038223_lead024,train,4,38220,38223,38227,1985-02-28T00:00:00,1985-02-28T18:00:00,1985-03-01T18:00:00,24
train_038223_lead072,train,4,38220,38223,38235,1985-02-28T00:00:00,1985-02-28T18:00:00,1985-03-03T18:00:00,72
train_038252_lead006,train,4,38249,38252,38253,1985-03-07T06:00:00,1985-03-08T00:00:00,1985-03-08T06:00:00,6
train_038252_lead024,train,4,38249,38252,38256,1985-03-07T06:00:00,1985-03-08T00:00:00,1985-03-09T00:00:00,24
train_038252_lead072,train,4,38249,38252,38264,1985-03-07T06:00:00,1985-03-08T00:00:00,1985-03-11T00:00:00,72
train_038280_lead006,train,4,38277,38280,38281,1985-03-14T06:00:00,1985-03-15T00:00:00,1985-03-15T06:00:00,6
train_038280_lead024,train,4,38277,38280,38284,1985-03-14T06:00:00,1985-03-15T00:00:00,1985-03-16T00:00:00,24
train_038280_lead072,train,4,38277,38280,38292,1985-03-14T06:00:00,1985-03-15T00:00:00,1985-03-18T00:00:00,72
train_038309_lead006,train,4,38306,38309,38310,1985-03-21T12:00:00,1985-03-22T06:00:00,1985-03-22T12:00:00,6
train_038309_lead024,train,4,38306,38309,38313,1985-03-21T12:00:00,1985-03-22T06:00:00,1985-03-23T06:00:00,24
train_038309_lead072,train,4,38306,38309,38321,1985-03-21T12:00:00,1985-03-22T06:00:00,1985-03-25T06:00:00,72
train_038337_lead006,train,4,38334,38337,38338,1985-03-28T12:00:00,1985-03-29T06:00:00,1985-03-29T12:00:00,6
train_038337_lead024,train,4,38334,38337,38341,1985-03-28T12:00:00,1985-03-29T06:00:00,1985-03-30T06:00:00,24
train_038337_lead072,train,4,38334,38337,38349,1985-03-28T12:00:00,1985-03-29T06:00:00,1985-04-01T06:00:00,72
train_038366_lead006,train,4,38363,38366,38367,1985-04-04T18:00:00,1985-04-05T12:00:00,1985-04-05T18:00:00,6
train_038366_lead024,train,4,38363,38366,38370,1985-04-04T18:00:00,1985-04-05T12:00:00,1985-04-06T12:00:00,24
train_038366_lead072,train,4,38363,38366,38378,1985-04-04T18:00:00,1985-04-05T12:00:00,1985-04-08T12:00:00,72
train_038394_lead006,train,4,38391,38394,38395,1985-04-11T18:00:00,1985-04-12T12:00:00,1985-04-12T18:00:00,6
train_038394_lead024,train,4,38391,38394,38398,1985-04-11T18:00:00,1985-04-12T12:00:00,1985-04-13T12:00:00,24
train_038394_lead072,train,4,38391,38394,38406,1985-04-11T18:00:00,1985-04-12T12:00:00,1985-04-15T12:00:00,72
train_038423_lead006,train,4,38420,38423,38424,1985-04-19T00:00:00,1985-04-19T18:00:00,1985-04-20T00:00:00,6
train_038423_lead024,train,4,38420,38423,38427,1985-04-19T00:00:00,1985-04-19T18:00:00,1985-04-20T18:00:00,24
train_038423_lead072,train,4,38420,38423,38435,1985-04-19T00:00:00,1985-04-19T18:00:00,1985-04-22T18:00:00,72
train_038451_lead006,train,4,38448,38451,38452,1985-04-26T00:00:00,1985-04-26T18:00:00,1985-04-27T00:00:00,6
train_038451_lead024,train,4,38448,38451,38455,1985-04-26T00:00:00,1985-04-26T18:00:00,1985-04-27T18:00:00,24
train_038451_lead072,train,4,38448,38451,38463,1985-04-26T00:00:00,1985-04-26T18:00:00,1985-04-29T18:00:00,72
train_038480_lead006,train,4,38477,38480,38481,1985-05-03T06:00:00,1985-05-04T00:00:00,1985-05-04T06:00:00,6
train_038480_lead024,train,4,38477,38480,38484,1985-05-03T06:00:00,1985-05-04T00:00:00,1985-05-05T00:00:00,24
train_038480_lead072,train,4,38477,38480,38492,1985-05-03T06:00:00,1985-05-04T00:00:00,1985-05-07T00:00:00,72
train_038508_lead006,train,4,38505,38508,38509,1985-05-10T06:00:00,1985-05-11T00:00:00,1985-05-11T06:00:00,6
train_038508_lead024,train,4,38505,38508,38512,1985-05-10T06:00:00,1985-05-11T00:00:00,1985-05-12T00:00:00,24
train_038508_lead072,train,4,38505,38508,38520,1985-05-10T06:00:00,1985-05-11T00:00:00,1985-05-14T00:00:00,72
train_038537_lead006,train,4,38534,38537,38538,1985-05-17T12:00:00,1985-05-18T06:00:00,1985-05-18T12:00:00,6
train_038537_lead024,train,4,38534,38537,38541,1985-05-17T12:00:00,1985-05-18T06:00:00,1985-05-19T06:00:00,24
train_038537_lead072,train,4,38534,38537,38549,1985-05-17T12:00:00,1985-05-18T06:00:00,1985-05-21T06:00:00,72
train_038565_lead006,train,4,38562,38565,38566,1985-05-24T12:00:00,1985-05-25T06:00:00,1985-05-25T12:00:00,6
train_038565_lead024,train,4,38562,38565,38569,1985-05-24T12:00:00,1985-05-25T06:00:00,1985-05-26T06:00:00,24
train_038565_lead072,train,4,38562,38565,38577,1985-05-24T12:00:00,1985-05-25T06:00:00,1985-05-28T06:00:00,72
train_038594_lead006,train,4,38591,38594,38595,1985-05-31T18:00:00,1985-06-01T12:00:00,1985-06-01T18:00:00,6
train_038594_lead024,train,4,38591,38594,38598,1985-05-31T18:00:00,1985-06-01T12:00:00,1985-06-02T12:00:00,24
train_038594_lead072,train,4,38591,38594,38606,1985-05-31T18:00:00,1985-06-01T12:00:00,1985-06-04T12:00:00,72
train_038622_lead006,train,4,38619,38622,38623,1985-06-07T18:00:00,1985-06-08T12:00:00,1985-06-08T18:00:00,6
train_038622_lead024,train,4,38619,38622,38626,1985-06-07T18:00:00,1985-06-08T12:00:00,1985-06-09T12:00:00,24
train_038622_lead072,train,4,38619,38622,38634,1985-06-07T18:00:00,1985-06-08T12:00:00,1985-06-11T12:00:00,72
train_038651_lead006,train,4,38648,38651,38652,1985-06-15T00:00:00,1985-06-15T18:00:00,1985-06-16T00:00:00,6
train_038651_lead024,train,4,38648,38651,38655,1985-06-15T00:00:00,1985-06-15T18:00:00,1985-06-16T18:00:00,24
train_038651_lead072,train,4,38648,38651,38663,1985-06-15T00:00:00,1985-06-15T18:00:00,1985-06-18T18:00:00,72
train_038679_lead006,train,4,38676,38679,38680,1985-06-22T00:00:00,1985-06-22T18:00:00,1985-06-23T00:00:00,6
train_038679_lead024,train,4,38676,38679,38683,1985-06-22T00:00:00,1985-06-22T18:00:00,1985-06-23T18:00:00,24
train_038679_lead072,train,4,38676,38679,38691,1985-06-22T00:00:00,1985-06-22T18:00:00,1985-06-25T18:00:00,72
train_038708_lead006,train,4,38705,38708,38709,1985-06-29T06:00:00,1985-06-30T00:00:00,1985-06-30T06:00:00,6
train_038708_lead024,train,4,38705,38708,38712,1985-06-29T06:00:00,1985-06-30T00:00:00,1985-07-01T00:00:00,24
train_038708_lead072,train,4,38705,38708,38720,1985-06-29T06:00:00,1985-06-30T00:00:00,1985-07-03T00:00:00,72
train_038737_lead006,train,4,38734,38737,38738,1985-07-06T12:00:00,1985-07-07T06:00:00,1985-07-07T12:00:00,6
train_038737_lead024,train,4,38734,38737,38741,1985-07-06T12:00:00,1985-07-07T06:00:00,1985-07-08T06:00:00,24
train_038737_lead072,train,4,38734,38737,38749,1985-07-06T12:00:00,1985-07-07T06:00:00,1985-07-10T06:00:00,72
train_038765_lead006,train,4,38762,38765,38766,1985-07-13T12:00:00,1985-07-14T06:00:00,1985-07-14T12:00:00,6
train_038765_lead024,train,4,38762,38765,38769,1985-07-13T12:00:00,1985-07-14T06:00:00,1985-07-15T06:00:00,24
train_038765_lead072,train,4,38762,38765,38777,1985-07-13T12:00:00,1985-07-14T06:00:00,1985-07-17T06:00:00,72
train_038794_lead006,train,4,38791,38794,38795,1985-07-20T18:00:00,1985-07-21T12:00:00,1985-07-21T18:00:00,6
train_038794_lead024,train,4,38791,38794,38798,1985-07-20T18:00:00,1985-07-21T12:00:00,1985-07-22T12:00:00,24
train_038794_lead072,train,4,38791,38794,38806,1985-07-20T18:00:00,1985-07-21T12:00:00,1985-07-24T12:00:00,72
train_038822_lead006,train,4,38819,38822,38823,1985-07-27T18:00:00,1985-07-28T12:00:00,1985-07-28T18:00:00,6
train_038822_lead024,train,4,38819,38822,38826,1985-07-27T18:00:00,1985-07-28T12:00:00,1985-07-29T12:00:00,24
train_038822_lead072,train,4,38819,38822,38834,1985-07-27T18:00:00,1985-07-28T12:00:00,1985-07-31T12:00:00,72
train_038851_lead006,train,4,38848,38851,38852,1985-08-04T00:00:00,1985-08-04T18:00:00,1985-08-05T00:00:00,6
train_038851_lead024,train,4,38848,38851,38855,1985-08-04T00:00:00,1985-08-04T18:00:00,1985-08-05T18:00:00,24
train_038851_lead072,train,4,38848,38851,38863,1985-08-04T00:00:00,1985-08-04T18:00:00,1985-08-07T18:00:00,72
train_038879_lead006,train,4,38876,38879,38880,1985-08-11T00:00:00,1985-08-11T18:00:00,1985-08-12T00:00:00,6
train_038879_lead024,train,4,38876,38879,38883,1985-08-11T00:00:00,1985-08-11T18:00:00,1985-08-12T18:00:00,24
train_038879_lead072,train,4,38876,38879,38891,1985-08-11T00:00:00,1985-08-11T18:00:00,1985-08-14T18:00:00,72
train_038908_lead006,train,4,38905,38908,38909,1985-08-18T06:00:00,1985-08-19T00:00:00,1985-08-19T06:00:00,6
train_038908_lead024,train,4,38905,38908,38912,1985-08-18T06:00:00,1985-08-19T00:00:00,1985-08-20T00:00:00,24
train_038908_lead072,train,4,38905,38908,38920,1985-08-18T06:00:00,1985-08-19T00:00:00,1985-08-22T00:00:00,72
train_038936_lead006,train,4,38933,38936,38937,1985-08-25T06:00:00,1985-08-26T00:00:00,1985-08-26T06:00:00,6
train_038936_lead024,train,4,38933,38936,38940,1985-08-25T06:00:00,1985-08-26T00:00:00,1985-08-27T00:00:00,24
train_038936_lead072,train,4,38933,38936,38948,1985-08-25T06:00:00,1985-08-26T00:00:00,1985-08-29T00:00:00,72
train_038965_lead006,train,4,38962,38965,38966,1985-09-01T12:00:00,1985-09-02T06:00:00,1985-09-02T12:00:00,6
train_038965_lead024,train,4,38962,38965,38969,1985-09-01T12:00:00,1985-09-02T06:00:00,1985-09-03T06:00:00,24
train_038965_lead072,train,4,38962,38965,38977,1985-09-01T12:00:00,1985-09-02T06:00:00,1985-09-05T06:00:00,72
train_038993_lead006,train,4,38990,38993,38994,1985-09-08T12:00:00,1985-09-09T06:00:00,1985-09-09T12:00:00,6
train_038993_lead024,train,4,38990,38993,38997,1985-09-08T12:00:00,1985-09-09T06:00:00,1985-09-10T06:00:00,24
train_038993_lead072,train,4,38990,38993,39005,1985-09-08T12:00:00,1985-09-09T06:00:00,1985-09-12T06:00:00,72
train_039022_lead006,train,4,39019,39022,39023,1985-09-15T18:00:00,1985-09-16T12:00:00,1985-09-16T18:00:00,6
train_039022_lead024,train,4,39019,39022,39026,1985-09-15T18:00:00,1985-09-16T12:00:00,1985-09-17T12:00:00,24
train_039022_lead072,train,4,39019,39022,39034,1985-09-15T18:00:00,1985-09-16T12:00:00,1985-09-19T12:00:00,72
train_039050_lead006,train,4,39047,39050,39051,1985-09-22T18:00:00,1985-09-23T12:00:00,1985-09-23T18:00:00,6
train_039050_lead024,train,4,39047,39050,39054,1985-09-22T18:00:00,1985-09-23T12:00:00,1985-09-24T12:00:00,24
train_039050_lead072,train,4,39047,39050,39062,1985-09-22T18:00:00,1985-09-23T12:00:00,1985-09-26T12:00:00,72
train_039079_lead006,train,4,39076,39079,39080,1985-09-30T00:00:00,1985-09-30T18:00:00,1985-10-01T00:00:00,6
train_039079_lead024,train,4,39076,39079,39083,1985-09-30T00:00:00,1985-09-30T18:00:00,1985-10-01T18:00:00,24
train_039079_lead072,train,4,39076,39079,39091,1985-09-30T00:00:00,1985-09-30T18:00:00,1985-10-03T18:00:00,72
train_039107_lead006,train,4,39104,39107,39108,1985-10-07T00:00:00,1985-10-07T18:00:00,1985-10-08T00:00:00,6
train_039107_lead024,train,4,39104,39107,39111,1985-10-07T00:00:00,1985-10-07T18:00:00,1985-10-08T18:00:00,24
train_039107_lead072,train,4,39104,39107,39119,1985-10-07T00:00:00,1985-10-07T18:00:00,1985-10-10T18:00:00,72
train_039136_lead006,train,4,39133,39136,39137,1985-10-14T06:00:00,1985-10-15T00:00:00,1985-10-15T06:00:00,6
train_039136_lead024,train,4,39133,39136,39140,1985-10-14T06:00:00,1985-10-15T00:00:00,1985-10-16T00:00:00,24
train_039136_lead072,train,4,39133,39136,39148,1985-10-14T06:00:00,1985-10-15T00:00:00,1985-10-18T00:00:00,72
train_039164_lead006,train,4,39161,39164,39165,1985-10-21T06:00:00,1985-10-22T00:00:00,1985-10-22T06:00:00,6
train_039164_lead024,train,4,39161,39164,39168,1985-10-21T06:00:00,1985-10-22T00:00:00,1985-10-23T00:00:00,24
train_039164_lead072,train,4,39161,39164,39176,1985-10-21T06:00:00,1985-10-22T00:00:00,1985-10-25T00:00:00,72
train_039193_lead006,train,4,39190,39193,39194,1985-10-28T12:00:00,1985-10-29T06:00:00,1985-10-29T12:00:00,6
train_039193_lead024,train,4,39190,39193,39197,1985-10-28T12:00:00,1985-10-29T06:00:00,1985-10-30T06:00:00,24
train_039193_lead072,train,4,39190,39193,39205,1985-10-28T12:00:00,1985-10-29T06:00:00,1985-11-01T06:00:00,72
train_039222_lead006,train,4,39219,39222,39223,1985-11-04T18:00:00,1985-11-05T12:00:00,1985-11-05T18:00:00,6
train_039222_lead024,train,4,39219,39222,39226,1985-11-04T18:00:00,1985-11-05T12:00:00,1985-11-06T12:00:00,24
train_039222_lead072,train,4,39219,39222,39234,1985-11-04T18:00:00,1985-11-05T12:00:00,1985-11-08T12:00:00,72
train_039250_lead006,train,4,39247,39250,39251,1985-11-11T18:00:00,1985-11-12T12:00:00,1985-11-12T18:00:00,6
train_039250_lead024,train,4,39247,39250,39254,1985-11-11T18:00:00,1985-11-12T12:00:00,1985-11-13T12:00:00,24
train_039250_lead072,train,4,39247,39250,39262,1985-11-11T18:00:00,1985-11-12T12:00:00,1985-11-15T12:00:00,72
train_039279_lead006,train,4,39276,39279,39280,1985-11-19T00:00:00,1985-11-19T18:00:00,1985-11-20T00:00:00,6
train_039279_lead024,train,4,39276,39279,39283,1985-11-19T00:00:00,1985-11-19T18:00:00,1985-11-20T18:00:00,24
train_039279_lead072,train,4,39276,39279,39291,1985-11-19T00:00:00,1985-11-19T18:00:00,1985-11-22T18:00:00,72
train_039307_lead006,train,4,39304,39307,39308,1985-11-26T00:00:00,1985-11-26T18:00:00,1985-11-27T00:00:00,6
train_039307_lead024,train,4,39304,39307,39311,1985-11-26T00:00:00,1985-11-26T18:00:00,1985-11-27T18:00:00,24
train_039307_lead072,train,4,39304,39307,39319,1985-11-26T00:00:00,1985-11-26T18:00:00,1985-11-29T18:00:00,72
train_039336_lead006,train,4,39333,39336,39337,1985-12-03T06:00:00,1985-12-04T00:00:00,1985-12-04T06:00:00,6
train_039336_lead024,train,4,39333,39336,39340,1985-12-03T06:00:00,1985-12-04T00:00:00,1985-12-05T00:00:00,24
train_039336_lead072,train,4,39333,39336,39348,1985-12-03T06:00:00,1985-12-04T00:00:00,1985-12-07T00:00:00,72
train_039364_lead006,train,4,39361,39364,39365,1985-12-10T06:00:00,1985-12-11T00:00:00,1985-12-11T06:00:00,6
train_039364_lead024,train,4,39361,39364,39368,1985-12-10T06:00:00,1985-12-11T00:00:00,1985-12-12T00:00:00,24
train_039364_lead072,train,4,39361,39364,39376,1985-12-10T06:00:00,1985-12-11T00:00:00,1985-12-14T00:00:00,72
train_039393_lead006,train,4,39390,39393,39394,1985-12-17T12:00:00,1985-12-18T06:00:00,1985-12-18T12:00:00,6
train_039393_lead024,train,4,39390,39393,39397,1985-12-17T12:00:00,1985-12-18T06:00:00,1985-12-19T06:00:00,24
train_039393_lead072,train,4,39390,39393,39405,1985-12-17T12:00:00,1985-12-18T06:00:00,1985-12-21T06:00:00,72
train_039421_lead006,train,4,39418,39421,39422,1985-12-24T12:00:00,1985-12-25T06:00:00,1985-12-25T12:00:00,6
train_039421_lead024,train,4,39418,39421,39425,1985-12-24T12:00:00,1985-12-25T06:00:00,1985-12-26T06:00:00,24
train_039421_lead072,train,4,39418,39421,39433,1985-12-24T12:00:00,1985-12-25T06:00:00,1985-12-28T06:00:00,72
train_039450_lead006,train,4,39447,39450,39451,1985-12-31T18:00:00,1986-01-01T12:00:00,1986-01-01T18:00:00,6
train_039450_lead024,train,4,39447,39450,39454,1985-12-31T18:00:00,1986-01-01T12:00:00,1986-01-02T12:00:00,24
train_039450_lead072,train,4,39447,39450,39462,1985-12-31T18:00:00,1986-01-01T12:00:00,1986-01-04T12:00:00,72
train_039478_lead006,train,4,39475,39478,39479,1986-01-07T18:00:00,1986-01-08T12:00:00,1986-01-08T18:00:00,6
train_039478_lead024,train,4,39475,39478,39482,1986-01-07T18:00:00,1986-01-08T12:00:00,1986-01-09T12:00:00,24
train_039478_lead072,train,4,39475,39478,39490,1986-01-07T18:00:00,1986-01-08T12:00:00,1986-01-11T12:00:00,72
train_039507_lead006,train,4,39504,39507,39508,1986-01-15T00:00:00,1986-01-15T18:00:00,1986-01-16T00:00:00,6
train_039507_lead024,train,4,39504,39507,39511,1986-01-15T00:00:00,1986-01-15T18:00:00,1986-01-16T18:00:00,24
train_039507_lead072,train,4,39504,39507,39519,1986-01-15T00:00:00,1986-01-15T18:00:00,1986-01-18T18:00:00,72
train_039535_lead006,train,4,39532,39535,39536,1986-01-22T00:00:00,1986-01-22T18:00:00,1986-01-23T00:00:00,6
train_039535_lead024,train,4,39532,39535,39539,1986-01-22T00:00:00,1986-01-22T18:00:00,1986-01-23T18:00:00,24
train_039535_lead072,train,4,39532,39535,39547,1986-01-22T00:00:00,1986-01-22T18:00:00,1986-01-25T18:00:00,72
train_039564_lead006,train,4,39561,39564,39565,1986-01-29T06:00:00,1986-01-30T00:00:00,1986-01-30T06:00:00,6
train_039564_lead024,train,4,39561,39564,39568,1986-01-29T06:00:00,1986-01-30T00:00:00,1986-01-31T00:00:00,24
train_039564_lead072,train,4,39561,39564,39576,1986-01-29T06:00:00,1986-01-30T00:00:00,1986-02-02T00:00:00,72
train_039592_lead006,train,4,39589,39592,39593,1986-02-05T06:00:00,1986-02-06T00:00:00,1986-02-06T06:00:00,6
train_039592_lead024,train,4,39589,39592,39596,1986-02-05T06:00:00,1986-02-06T00:00:00,1986-02-07T00:00:00,24
train_039592_lead072,train,4,39589,39592,39604,1986-02-05T06:00:00,1986-02-06T00:00:00,1986-02-09T00:00:00,72
train_039621_lead006,train,4,39618,39621,39622,1986-02-12T12:00:00,1986-02-13T06:00:00,1986-02-13T12:00:00,6
train_039621_lead024,train,4,39618,39621,39625,1986-02-12T12:00:00,1986-02-13T06:00:00,1986-02-14T06:00:00,24
train_039621_lead072,train,4,39618,39621,39633,1986-02-12T12:00:00,1986-02-13T06:00:00,1986-02-16T06:00:00,72
train_039649_lead006,train,4,39646,39649,39650,1986-02-19T12:00:00,1986-02-20T06:00:00,1986-02-20T12:00:00,6
train_039649_lead024,train,4,39646,39649,39653,1986-02-19T12:00:00,1986-02-20T06:00:00,1986-02-21T06:00:00,24
train_039649_lead072,train,4,39646,39649,39661,1986-02-19T12:00:00,1986-02-20T06:00:00,1986-02-23T06:00:00,72
train_039678_lead006,train,4,39675,39678,39679,1986-02-26T18:00:00,1986-02-27T12:00:00,1986-02-27T18:00:00,6
train_039678_lead024,train,4,39675,39678,39682,1986-02-26T18:00:00,1986-02-27T12:00:00,1986-02-28T12:00:00,24
train_039678_lead072,train,4,39675,39678,39690,1986-02-26T18:00:00,1986-02-27T12:00:00,1986-03-02T12:00:00,72
train_039706_lead006,train,4,39703,39706,39707,1986-03-05T18:00:00,1986-03-06T12:00:00,1986-03-06T18:00:00,6
train_039706_lead024,train,4,39703,39706,39710,1986-03-05T18:00:00,1986-03-06T12:00:00,1986-03-07T12:00:00,24
train_039706_lead072,train,4,39703,39706,39718,1986-03-05T18:00:00,1986-03-06T12:00:00,1986-03-09T12:00:00,72
train_039735_lead006,train,4,39732,39735,39736,1986-03-13T00:00:00,1986-03-13T18:00:00,1986-03-14T00:00:00,6
train_039735_lead024,train,4,39732,39735,39739,1986-03-13T00:00:00,1986-03-13T18:00:00,1986-03-14T18:00:00,24
train_039735_lead072,train,4,39732,39735,39747,1986-03-13T00:00:00,1986-03-13T18:00:00,1986-03-16T18:00:00,72
train_039764_lead006,train,4,39761,39764,39765,1986-03-20T06:00:00,1986-03-21T00:00:00,1986-03-21T06:00:00,6
train_039764_lead024,train,4,39761,39764,39768,1986-03-20T06:00:00,1986-03-21T00:00:00,1986-03-22T00:00:00,24
train_039764_lead072,train,4,39761,39764,39776,1986-03-20T06:00:00,1986-03-21T00:00:00,1986-03-24T00:00:00,72
train_039792_lead006,train,4,39789,39792,39793,1986-03-27T06:00:00,1986-03-28T00:00:00,1986-03-28T06:00:00,6
train_039792_lead024,train,4,39789,39792,39796,1986-03-27T06:00:00,1986-03-28T00:00:00,1986-03-29T00:00:00,24
train_039792_lead072,train,4,39789,39792,39804,1986-03-27T06:00:00,1986-03-28T00:00:00,1986-03-31T00:00:00,72
train_039821_lead006,train,4,39818,39821,39822,1986-04-03T12:00:00,1986-04-04T06:00:00,1986-04-04T12:00:00,6
train_039821_lead024,train,4,39818,39821,39825,1986-04-03T12:00:00,1986-04-04T06:00:00,1986-04-05T06:00:00,24
train_039821_lead072,train,4,39818,39821,39833,1986-04-03T12:00:00,1986-04-04T06:00:00,1986-04-07T06:00:00,72
train_039849_lead006,train,4,39846,39849,39850,1986-04-10T12:00:00,1986-04-11T06:00:00,1986-04-11T12:00:00,6
train_039849_lead024,train,4,39846,39849,39853,1986-04-10T12:00:00,1986-04-11T06:00:00,1986-04-12T06:00:00,24
train_039849_lead072,train,4,39846,39849,39861,1986-04-10T12:00:00,1986-04-11T06:00:00,1986-04-14T06:00:00,72
train_039878_lead006,train,4,39875,39878,39879,1986-04-17T18:00:00,1986-04-18T12:00:00,1986-04-18T18:00:00,6
train_039878_lead024,train,4,39875,39878,39882,1986-04-17T18:00:00,1986-04-18T12:00:00,1986-04-19T12:00:00,24
train_039878_lead072,train,4,39875,39878,39890,1986-04-17T18:00:00,1986-04-18T12:00:00,1986-04-21T12:00:00,72
train_039906_lead006,train,4,39903,39906,39907,1986-04-24T18:00:00,1986-04-25T12:00:00,1986-04-25T18:00:00,6
train_039906_lead024,train,4,39903,39906,39910,1986-04-24T18:00:00,1986-04-25T12:00:00,1986-04-26T12:00:00,24
train_039906_lead072,train,4,39903,39906,39918,1986-04-24T18:00:00,1986-04-25T12:00:00,1986-04-28T12:00:00,72
train_039935_lead006,train,4,39932,39935,39936,1986-05-02T00:00:00,1986-05-02T18:00:00,1986-05-03T00:00:00,6
train_039935_lead024,train,4,39932,39935,39939,1986-05-02T00:00:00,1986-05-02T18:00:00,1986-05-03T18:00:00,24
train_039935_lead072,train,4,39932,39935,39947,1986-05-02T00:00:00,1986-05-02T18:00:00,1986-05-05T18:00:00,72
train_039963_lead006,train,4,39960,39963,39964,1986-05-09T00:00:00,1986-05-09T18:00:00,1986-05-10T00:00:00,6
train_039963_lead024,train,4,39960,39963,39967,1986-05-09T00:00:00,1986-05-09T18:00:00,1986-05-10T18:00:00,24
train_039963_lead072,train,4,39960,39963,39975,1986-05-09T00:00:00,1986-05-09T18:00:00,1986-05-12T18:00:00,72
train_039992_lead006,train,4,39989,39992,39993,1986-05-16T06:00:00,1986-05-17T00:00:00,1986-05-17T06:00:00,6
train_039992_lead024,train,4,39989,39992,39996,1986-05-16T06:00:00,1986-05-17T00:00:00,1986-05-18T00:00:00,24
train_039992_lead072,train,4,39989,39992,40004,1986-05-16T06:00:00,1986-05-17T00:00:00,1986-05-20T00:00:00,72
train_040020_lead006,train,4,40017,40020,40021,1986-05-23T06:00:00,1986-05-24T00:00:00,1986-05-24T06:00:00,6
train_040020_lead024,train,4,40017,40020,40024,1986-05-23T06:00:00,1986-05-24T00:00:00,1986-05-25T00:00:00,24
train_040020_lead072,train,4,40017,40020,40032,1986-05-23T06:00:00,1986-05-24T00:00:00,1986-05-27T00:00:00,72
train_040049_lead006,train,4,40046,40049,40050,1986-05-30T12:00:00,1986-05-31T06:00:00,1986-05-31T12:00:00,6
train_040049_lead024,train,4,40046,40049,40053,1986-05-30T12:00:00,1986-05-31T06:00:00,1986-06-01T06:00:00,24
train_040049_lead072,train,4,40046,40049,40061,1986-05-30T12:00:00,1986-05-31T06:00:00,1986-06-03T06:00:00,72
train_040077_lead006,train,4,40074,40077,40078,1986-06-06T12:00:00,1986-06-07T06:00:00,1986-06-07T12:00:00,6
train_040077_lead024,train,4,40074,40077,40081,1986-06-06T12:00:00,1986-06-07T06:00:00,1986-06-08T06:00:00,24
train_040077_lead072,train,4,40074,40077,40089,1986-06-06T12:00:00,1986-06-07T06:00:00,1986-06-10T06:00:00,72
train_040106_lead006,train,4,40103,40106,40107,1986-06-13T18:00:00,1986-06-14T12:00:00,1986-06-14T18:00:00,6
train_040106_lead024,train,4,40103,40106,40110,1986-06-13T18:00:00,1986-06-14T12:00:00,1986-06-15T12:00:00,24
train_040106_lead072,train,4,40103,40106,40118,1986-06-13T18:00:00,1986-06-14T12:00:00,1986-06-17T12:00:00,72
train_040134_lead006,train,4,40131,40134,40135,1986-06-20T18:00:00,1986-06-21T12:00:00,1986-06-21T18:00:00,6
train_040134_lead024,train,4,40131,40134,40138,1986-06-20T18:00:00,1986-06-21T12:00:00,1986-06-22T12:00:00,24
train_040134_lead072,train,4,40131,40134,40146,1986-06-20T18:00:00,1986-06-21T12:00:00,1986-06-24T12:00:00,72
train_040163_lead006,train,4,40160,40163,40164,1986-06-28T00:00:00,1986-06-28T18:00:00,1986-06-29T00:00:00,6
train_040163_lead024,train,4,40160,40163,40167,1986-06-28T00:00:00,1986-06-28T18:00:00,1986-06-29T18:00:00,24
train_040163_lead072,train,4,40160,40163,40175,1986-06-28T00:00:00,1986-06-28T18:00:00,1986-07-01T18:00:00,72
train_040191_lead006,train,4,40188,40191,40192,1986-07-05T00:00:00,1986-07-05T18:00:00,1986-07-06T00:00:00,6
train_040191_lead024,train,4,40188,40191,40195,1986-07-05T00:00:00,1986-07-05T18:00:00,1986-07-06T18:00:00,24
train_040191_lead072,train,4,40188,40191,40203,1986-07-05T00:00:00,1986-07-05T18:00:00,1986-07-08T18:00:00,72
train_040220_lead006,train,4,40217,40220,40221,1986-07-12T06:00:00,1986-07-13T00:00:00,1986-07-13T06:00:00,6
train_040220_lead024,train,4,40217,40220,40224,1986-07-12T06:00:00,1986-07-13T00:00:00,1986-07-14T00:00:00,24
train_040220_lead072,train,4,40217,40220,40232,1986-07-12T06:00:00,1986-07-13T00:00:00,1986-07-16T00:00:00,72
train_040249_lead006,train,4,40246,40249,40250,1986-07-19T12:00:00,1986-07-20T06:00:00,1986-07-20T12:00:00,6
train_040249_lead024,train,4,40246,40249,40253,1986-07-19T12:00:00,1986-07-20T06:00:00,1986-07-21T06:00:00,24
train_040249_lead072,train,4,40246,40249,40261,1986-07-19T12:00:00,1986-07-20T06:00:00,1986-07-23T06:00:00,72
train_040277_lead006,train,4,40274,40277,40278,1986-07-26T12:00:00,1986-07-27T06:00:00,1986-07-27T12:00:00,6
train_040277_lead024,train,4,40274,40277,40281,1986-07-26T12:00:00,1986-07-27T06:00:00,1986-07-28T06:00:00,24
train_040277_lead072,train,4,40274,40277,40289,1986-07-26T12:00:00,1986-07-27T06:00:00,1986-07-30T06:00:00,72
train_040306_lead006,train,4,40303,40306,40307,1986-08-02T18:00:00,1986-08-03T12:00:00,1986-08-03T18:00:00,6
train_040306_lead024,train,4,40303,40306,40310,1986-08-02T18:00:00,1986-08-03T12:00:00,1986-08-04T12:00:00,24
train_040306_lead072,train,4,40303,40306,40318,1986-08-02T18:00:00,1986-08-03T12:00:00,1986-08-06T12:00:00,72
train_040334_lead006,train,4,40331,40334,40335,1986-08-09T18:00:00,1986-08-10T12:00:00,1986-08-10T18:00:00,6
train_040334_lead024,train,4,40331,40334,40338,1986-08-09T18:00:00,1986-08-10T12:00:00,1986-08-11T12:00:00,24
train_040334_lead072,train,4,40331,40334,40346,1986-08-09T18:00:00,1986-08-10T12:00:00,1986-08-13T12:00:00,72
train_040363_lead006,train,4,40360,40363,40364,1986-08-17T00:00:00,1986-08-17T18:00:00,1986-08-18T00:00:00,6
train_040363_lead024,train,4,40360,40363,40367,1986-08-17T00:00:00,1986-08-17T18:00:00,1986-08-18T18:00:00,24
train_040363_lead072,train,4,40360,40363,40375,1986-08-17T00:00:00,1986-08-17T18:00:00,1986-08-20T18:00:00,72
train_040391_lead006,train,4,40388,40391,40392,1986-08-24T00:00:00,1986-08-24T18:00:00,1986-08-25T00:00:00,6
train_040391_lead024,train,4,40388,40391,40395,1986-08-24T00:00:00,1986-08-24T18:00:00,1986-08-25T18:00:00,24
train_040391_lead072,train,4,40388,40391,40403,1986-08-24T00:00:00,1986-08-24T18:00:00,1986-08-27T18:00:00,72
train_040420_lead006,train,4,40417,40420,40421,1986-08-31T06:00:00,1986-09-01T00:00:00,1986-09-01T06:00:00,6
train_040420_lead024,train,4,40417,40420,40424,1986-08-31T06:00:00,1986-09-01T00:00:00,1986-09-02T00:00:00,24
train_040420_lead072,train,4,40417,40420,40432,1986-08-31T06:00:00,1986-09-01T00:00:00,1986-09-04T00:00:00,72
train_040448_lead006,train,4,40445,40448,40449,1986-09-07T06:00:00,1986-09-08T00:00:00,1986-09-08T06:00:00,6
train_040448_lead024,train,4,40445,40448,40452,1986-09-07T06:00:00,1986-09-08T00:00:00,1986-09-09T00:00:00,24
train_040448_lead072,train,4,40445,40448,40460,1986-09-07T06:00:00,1986-09-08T00:00:00,1986-09-11T00:00:00,72
train_040477_lead006,train,4,40474,40477,40478,1986-09-14T12:00:00,1986-09-15T06:00:00,1986-09-15T12:00:00,6
train_040477_lead024,train,4,40474,40477,40481,1986-09-14T12:00:00,1986-09-15T06:00:00,1986-09-16T06:00:00,24
train_040477_lead072,train,4,40474,40477,40489,1986-09-14T12:00:00,1986-09-15T06:00:00,1986-09-18T06:00:00,72
train_040505_lead006,train,4,40502,40505,40506,1986-09-21T12:00:00,1986-09-22T06:00:00,1986-09-22T12:00:00,6
train_040505_lead024,train,4,40502,40505,40509,1986-09-21T12:00:00,1986-09-22T06:00:00,1986-09-23T06:00:00,24
train_040505_lead072,train,4,40502,40505,40517,1986-09-21T12:00:00,1986-09-22T06:00:00,1986-09-25T06:00:00,72
train_040534_lead006,train,4,40531,40534,40535,1986-09-28T18:00:00,1986-09-29T12:00:00,1986-09-29T18:00:00,6
train_040534_lead024,train,4,40531,40534,40538,1986-09-28T18:00:00,1986-09-29T12:00:00,1986-09-30T12:00:00,24
train_040534_lead072,train,4,40531,40534,40546,1986-09-28T18:00:00,1986-09-29T12:00:00,1986-10-02T12:00:00,72
train_040562_lead006,train,4,40559,40562,40563,1986-10-05T18:00:00,1986-10-06T12:00:00,1986-10-06T18:00:00,6
train_040562_lead024,train,4,40559,40562,40566,1986-10-05T18:00:00,1986-10-06T12:00:00,1986-10-07T12:00:00,24
train_040562_lead072,train,4,40559,40562,40574,1986-10-05T18:00:00,1986-10-06T12:00:00,1986-10-09T12:00:00,72
train_040591_lead006,train,4,40588,40591,40592,1986-10-13T00:00:00,1986-10-13T18:00:00,1986-10-14T00:00:00,6
train_040591_lead024,train,4,40588,40591,40595,1986-10-13T00:00:00,1986-10-13T18:00:00,1986-10-14T18:00:00,24
train_040591_lead072,train,4,40588,40591,40603,1986-10-13T00:00:00,1986-10-13T18:00:00,1986-10-16T18:00:00,72
train_040619_lead006,train,4,40616,40619,40620,1986-10-20T00:00:00,1986-10-20T18:00:00,1986-10-21T00:00:00,6
train_040619_lead024,train,4,40616,40619,40623,1986-10-20T00:00:00,1986-10-20T18:00:00,1986-10-21T18:00:00,24
train_040619_lead072,train,4,40616,40619,40631,1986-10-20T00:00:00,1986-10-20T18:00:00,1986-10-23T18:00:00,72
train_040648_lead006,train,4,40645,40648,40649,1986-10-27T06:00:00,1986-10-28T00:00:00,1986-10-28T06:00:00,6
train_040648_lead024,train,4,40645,40648,40652,1986-10-27T06:00:00,1986-10-28T00:00:00,1986-10-29T00:00:00,24
train_040648_lead072,train,4,40645,40648,40660,1986-10-27T06:00:00,1986-10-28T00:00:00,1986-10-31T00:00:00,72
train_040676_lead006,train,4,40673,40676,40677,1986-11-03T06:00:00,1986-11-04T00:00:00,1986-11-04T06:00:00,6
train_040676_lead024,train,4,40673,40676,40680,1986-11-03T06:00:00,1986-11-04T00:00:00,1986-11-05T00:00:00,24
train_040676_lead072,train,4,40673,40676,40688,1986-11-03T06:00:00,1986-11-04T00:00:00,1986-11-07T00:00:00,72
train_040705_lead006,train,4,40702,40705,40706,1986-11-10T12:00:00,1986-11-11T06:00:00,1986-11-11T12:00:00,6
train_040705_lead024,train,4,40702,40705,40709,1986-11-10T12:00:00,1986-11-11T06:00:00,1986-11-12T06:00:00,24
train_040705_lead072,train,4,40702,40705,40717,1986-11-10T12:00:00,1986-11-11T06:00:00,1986-11-14T06:00:00,72
train_040733_lead006,train,4,40730,40733,40734,1986-11-17T12:00:00,1986-11-18T06:00:00,1986-11-18T12:00:00,6
train_040733_lead024,train,4,40730,40733,40737,1986-11-17T12:00:00,1986-11-18T06:00:00,1986-11-19T06:00:00,24
train_040733_lead072,train,4,40730,40733,40745,1986-11-17T12:00:00,1986-11-18T06:00:00,1986-11-21T06:00:00,72
train_040762_lead006,train,4,40759,40762,40763,1986-11-24T18:00:00,1986-11-25T12:00:00,1986-11-25T18:00:00,6
train_040762_lead024,train,4,40759,40762,40766,1986-11-24T18:00:00,1986-11-25T12:00:00,1986-11-26T12:00:00,24
train_040762_lead072,train,4,40759,40762,40774,1986-11-24T18:00:00,1986-11-25T12:00:00,1986-11-28T12:00:00,72
train_040791_lead006,train,4,40788,40791,40792,1986-12-02T00:00:00,1986-12-02T18:00:00,1986-12-03T00:00:00,6
train_040791_lead024,train,4,40788,40791,40795,1986-12-02T00:00:00,1986-12-02T18:00:00,1986-12-03T18:00:00,24
train_040791_lead072,train,4,40788,40791,40803,1986-12-02T00:00:00,1986-12-02T18:00:00,1986-12-05T18:00:00,72
train_040819_lead006,train,4,40816,40819,40820,1986-12-09T00:00:00,1986-12-09T18:00:00,1986-12-10T00:00:00,6
train_040819_lead024,train,4,40816,40819,40823,1986-12-09T00:00:00,1986-12-09T18:00:00,1986-12-10T18:00:00,24
train_040819_lead072,train,4,40816,40819,40831,1986-12-09T00:00:00,1986-12-09T18:00:00,1986-12-12T18:00:00,72
train_040848_lead006,train,4,40845,40848,40849,1986-12-16T06:00:00,1986-12-17T00:00:00,1986-12-17T06:00:00,6
train_040848_lead024,train,4,40845,40848,40852,1986-12-16T06:00:00,1986-12-17T00:00:00,1986-12-18T00:00:00,24
train_040848_lead072,train,4,40845,40848,40860,1986-12-16T06:00:00,1986-12-17T00:00:00,1986-12-20T00:00:00,72
train_040876_lead006,train,4,40873,40876,40877,1986-12-23T06:00:00,1986-12-24T00:00:00,1986-12-24T06:00:00,6
train_040876_lead024,train,4,40873,40876,40880,1986-12-23T06:00:00,1986-12-24T00:00:00,1986-12-25T00:00:00,24
train_040876_lead072,train,4,40873,40876,40888,1986-12-23T06:00:00,1986-12-24T00:00:00,1986-12-27T00:00:00,72
train_040905_lead006,train,4,40902,40905,40906,1986-12-30T12:00:00,1986-12-31T06:00:00,1986-12-31T12:00:00,6
train_040905_lead024,train,4,40902,40905,40909,1986-12-30T12:00:00,1986-12-31T06:00:00,1987-01-01T06:00:00,24
train_040905_lead072,train,4,40902,40905,40917,1986-12-30T12:00:00,1986-12-31T06:00:00,1987-01-03T06:00:00,72
train_040933_lead006,train,4,40930,40933,40934,1987-01-06T12:00:00,1987-01-07T06:00:00,1987-01-07T12:00:00,6
train_040933_lead024,train,4,40930,40933,40937,1987-01-06T12:00:00,1987-01-07T06:00:00,1987-01-08T06:00:00,24
train_040933_lead072,train,4,40930,40933,40945,1987-01-06T12:00:00,1987-01-07T06:00:00,1987-01-10T06:00:00,72
train_040962_lead006,train,4,40959,40962,40963,1987-01-13T18:00:00,1987-01-14T12:00:00,1987-01-14T18:00:00,6
train_040962_lead024,train,4,40959,40962,40966,1987-01-13T18:00:00,1987-01-14T12:00:00,1987-01-15T12:00:00,24
train_040962_lead072,train,4,40959,40962,40974,1987-01-13T18:00:00,1987-01-14T12:00:00,1987-01-17T12:00:00,72
train_040990_lead006,train,4,40987,40990,40991,1987-01-20T18:00:00,1987-01-21T12:00:00,1987-01-21T18:00:00,6
train_040990_lead024,train,4,40987,40990,40994,1987-01-20T18:00:00,1987-01-21T12:00:00,1987-01-22T12:00:00,24
train_040990_lead072,train,4,40987,40990,41002,1987-01-20T18:00:00,1987-01-21T12:00:00,1987-01-24T12:00:00,72
train_041019_lead006,train,4,41016,41019,41020,1987-01-28T00:00:00,1987-01-28T18:00:00,1987-01-29T00:00:00,6
train_041019_lead024,train,4,41016,41019,41023,1987-01-28T00:00:00,1987-01-28T18:00:00,1987-01-29T18:00:00,24
train_041019_lead072,train,4,41016,41019,41031,1987-01-28T00:00:00,1987-01-28T18:00:00,1987-01-31T18:00:00,72
train_041047_lead006,train,4,41044,41047,41048,1987-02-04T00:00:00,1987-02-04T18:00:00,1987-02-05T00:00:00,6
train_041047_lead024,train,4,41044,41047,41051,1987-02-04T00:00:00,1987-02-04T18:00:00,1987-02-05T18:00:00,24
train_041047_lead072,train,4,41044,41047,41059,1987-02-04T00:00:00,1987-02-04T18:00:00,1987-02-07T18:00:00,72
train_041076_lead006,train,4,41073,41076,41077,1987-02-11T06:00:00,1987-02-12T00:00:00,1987-02-12T06:00:00,6
train_041076_lead024,train,4,41073,41076,41080,1987-02-11T06:00:00,1987-02-12T00:00:00,1987-02-13T00:00:00,24
train_041076_lead072,train,4,41073,41076,41088,1987-02-11T06:00:00,1987-02-12T00:00:00,1987-02-15T00:00:00,72
train_041104_lead006,train,4,41101,41104,41105,1987-02-18T06:00:00,1987-02-19T00:00:00,1987-02-19T06:00:00,6
train_041104_lead024,train,4,41101,41104,41108,1987-02-18T06:00:00,1987-02-19T00:00:00,1987-02-20T00:00:00,24
train_041104_lead072,train,4,41101,41104,41116,1987-02-18T06:00:00,1987-02-19T00:00:00,1987-02-22T00:00:00,72
train_041133_lead006,train,4,41130,41133,41134,1987-02-25T12:00:00,1987-02-26T06:00:00,1987-02-26T12:00:00,6
train_041133_lead024,train,4,41130,41133,41137,1987-02-25T12:00:00,1987-02-26T06:00:00,1987-02-27T06:00:00,24
train_041133_lead072,train,4,41130,41133,41145,1987-02-25T12:00:00,1987-02-26T06:00:00,1987-03-01T06:00:00,72
train_041161_lead006,train,4,41158,41161,41162,1987-03-04T12:00:00,1987-03-05T06:00:00,1987-03-05T12:00:00,6
train_041161_lead024,train,4,41158,41161,41165,1987-03-04T12:00:00,1987-03-05T06:00:00,1987-03-06T06:00:00,24
train_041161_lead072,train,4,41158,41161,41173,1987-03-04T12:00:00,1987-03-05T06:00:00,1987-03-08T06:00:00,72
train_041190_lead006,train,4,41187,41190,41191,1987-03-11T18:00:00,1987-03-12T12:00:00,1987-03-12T18:00:00,6
train_041190_lead024,train,4,41187,41190,41194,1987-03-11T18:00:00,1987-03-12T12:00:00,1987-03-13T12:00:00,24
train_041190_lead072,train,4,41187,41190,41202,1987-03-11T18:00:00,1987-03-12T12:00:00,1987-03-15T12:00:00,72
train_041218_lead006,train,4,41215,41218,41219,1987-03-18T18:00:00,1987-03-19T12:00:00,1987-03-19T18:00:00,6
train_041218_lead024,train,4,41215,41218,41222,1987-03-18T18:00:00,1987-03-19T12:00:00,1987-03-20T12:00:00,24
train_041218_lead072,train,4,41215,41218,41230,1987-03-18T18:00:00,1987-03-19T12:00:00,1987-03-22T12:00:00,72
train_041247_lead006,train,4,41244,41247,41248,1987-03-26T00:00:00,1987-03-26T18:00:00,1987-03-27T00:00:00,6
train_041247_lead024,train,4,41244,41247,41251,1987-03-26T00:00:00,1987-03-26T18:00:00,1987-03-27T18:00:00,24
train_041247_lead072,train,4,41244,41247,41259,1987-03-26T00:00:00,1987-03-26T18:00:00,1987-03-29T18:00:00,72
train_041276_lead006,train,4,41273,41276,41277,1987-04-02T06:00:00,1987-04-03T00:00:00,1987-04-03T06:00:00,6
train_041276_lead024,train,4,41273,41276,41280,1987-04-02T06:00:00,1987-04-03T00:00:00,1987-04-04T00:00:00,24
train_041276_lead072,train,4,41273,41276,41288,1987-04-02T06:00:00,1987-04-03T00:00:00,1987-04-06T00:00:00,72
train_041304_lead006,train,4,41301,41304,41305,1987-04-09T06:00:00,1987-04-10T00:00:00,1987-04-10T06:00:00,6
train_041304_lead024,train,4,41301,41304,41308,1987-04-09T06:00:00,1987-04-10T00:00:00,1987-04-11T00:00:00,24
train_041304_lead072,train,4,41301,41304,41316,1987-04-09T06:00:00,1987-04-10T00:00:00,1987-04-13T00:00:00,72
train_041333_lead006,train,4,41330,41333,41334,1987-04-16T12:00:00,1987-04-17T06:00:00,1987-04-17T12:00:00,6
train_041333_lead024,train,4,41330,41333,41337,1987-04-16T12:00:00,1987-04-17T06:00:00,1987-04-18T06:00:00,24
train_041333_lead072,train,4,41330,41333,41345,1987-04-16T12:00:00,1987-04-17T06:00:00,1987-04-20T06:00:00,72
train_041361_lead006,train,4,41358,41361,41362,1987-04-23T12:00:00,1987-04-24T06:00:00,1987-04-24T12:00:00,6
train_041361_lead024,train,4,41358,41361,41365,1987-04-23T12:00:00,1987-04-24T06:00:00,1987-04-25T06:00:00,24
train_041361_lead072,train,4,41358,41361,41373,1987-04-23T12:00:00,1987-04-24T06:00:00,1987-04-27T06:00:00,72
train_041390_lead006,train,4,41387,41390,41391,1987-04-30T18:00:00,1987-05-01T12:00:00,1987-05-01T18:00:00,6
train_041390_lead024,train,4,41387,41390,41394,1987-04-30T18:00:00,1987-05-01T12:00:00,1987-05-02T12:00:00,24
train_041390_lead072,train,4,41387,41390,41402,1987-04-30T18:00:00,1987-05-01T12:00:00,1987-05-04T12:00:00,72
train_041418_lead006,train,4,41415,41418,41419,1987-05-07T18:00:00,1987-05-08T12:00:00,1987-05-08T18:00:00,6
train_041418_lead024,train,4,41415,41418,41422,1987-05-07T18:00:00,1987-05-08T12:00:00,1987-05-09T12:00:00,24
train_041418_lead072,train,4,41415,41418,41430,1987-05-07T18:00:00,1987-05-08T12:00:00,1987-05-11T12:00:00,72
train_041447_lead006,train,4,41444,41447,41448,1987-05-15T00:00:00,1987-05-15T18:00:00,1987-05-16T00:00:00,6
train_041447_lead024,train,4,41444,41447,41451,1987-05-15T00:00:00,1987-05-15T18:00:00,1987-05-16T18:00:00,24
train_041447_lead072,train,4,41444,41447,41459,1987-05-15T00:00:00,1987-05-15T18:00:00,1987-05-18T18:00:00,72
train_041475_lead006,train,4,41472,41475,41476,1987-05-22T00:00:00,1987-05-22T18:00:00,1987-05-23T00:00:00,6
train_041475_lead024,train,4,41472,41475,41479,1987-05-22T00:00:00,1987-05-22T18:00:00,1987-05-23T18:00:00,24
train_041475_lead072,train,4,41472,41475,41487,1987-05-22T00:00:00,1987-05-22T18:00:00,1987-05-25T18:00:00,72
train_041504_lead006,train,4,41501,41504,41505,1987-05-29T06:00:00,1987-05-30T00:00:00,1987-05-30T06:00:00,6
train_041504_lead024,train,4,41501,41504,41508,1987-05-29T06:00:00,1987-05-30T00:00:00,1987-05-31T00:00:00,24
train_041504_lead072,train,4,41501,41504,41516,1987-05-29T06:00:00,1987-05-30T00:00:00,1987-06-02T00:00:00,72
train_041532_lead006,train,4,41529,41532,41533,1987-06-05T06:00:00,1987-06-06T00:00:00,1987-06-06T06:00:00,6
train_041532_lead024,train,4,41529,41532,41536,1987-06-05T06:00:00,1987-06-06T00:00:00,1987-06-07T00:00:00,24
train_041532_lead072,train,4,41529,41532,41544,1987-06-05T06:00:00,1987-06-06T00:00:00,1987-06-09T00:00:00,72
train_041561_lead006,train,4,41558,41561,41562,1987-06-12T12:00:00,1987-06-13T06:00:00,1987-06-13T12:00:00,6
train_041561_lead024,train,4,41558,41561,41565,1987-06-12T12:00:00,1987-06-13T06:00:00,1987-06-14T06:00:00,24
train_041561_lead072,train,4,41558,41561,41573,1987-06-12T12:00:00,1987-06-13T06:00:00,1987-06-16T06:00:00,72
train_041589_lead006,train,4,41586,41589,41590,1987-06-19T12:00:00,1987-06-20T06:00:00,1987-06-20T12:00:00,6
train_041589_lead024,train,4,41586,41589,41593,1987-06-19T12:00:00,1987-06-20T06:00:00,1987-06-21T06:00:00,24
train_041589_lead072,train,4,41586,41589,41601,1987-06-19T12:00:00,1987-06-20T06:00:00,1987-06-23T06:00:00,72
train_041618_lead006,train,4,41615,41618,41619,1987-06-26T18:00:00,1987-06-27T12:00:00,1987-06-27T18:00:00,6
train_041618_lead024,train,4,41615,41618,41622,1987-06-26T18:00:00,1987-06-27T12:00:00,1987-06-28T12:00:00,24
train_041618_lead072,train,4,41615,41618,41630,1987-06-26T18:00:00,1987-06-27T12:00:00,1987-06-30T12:00:00,72
train_041646_lead006,train,4,41643,41646,41647,1987-07-03T18:00:00,1987-07-04T12:00:00,1987-07-04T18:00:00,6
train_041646_lead024,train,4,41643,41646,41650,1987-07-03T18:00:00,1987-07-04T12:00:00,1987-07-05T12:00:00,24
train_041646_lead072,train,4,41643,41646,41658,1987-07-03T18:00:00,1987-07-04T12:00:00,1987-07-07T12:00:00,72
train_041675_lead006,train,4,41672,41675,41676,1987-07-11T00:00:00,1987-07-11T18:00:00,1987-07-12T00:00:00,6
train_041675_lead024,train,4,41672,41675,41679,1987-07-11T00:00:00,1987-07-11T18:00:00,1987-07-12T18:00:00,24
train_041675_lead072,train,4,41672,41675,41687,1987-07-11T00:00:00,1987-07-11T18:00:00,1987-07-14T18:00:00,72
train_041703_lead006,train,4,41700,41703,41704,1987-07-18T00:00:00,1987-07-18T18:00:00,1987-07-19T00:00:00,6
train_041703_lead024,train,4,41700,41703,41707,1987-07-18T00:00:00,1987-07-18T18:00:00,1987-07-19T18:00:00,24
train_041703_lead072,train,4,41700,41703,41715,1987-07-18T00:00:00,1987-07-18T18:00:00,1987-07-21T18:00:00,72
train_041732_lead006,train,4,41729,41732,41733,1987-07-25T06:00:00,1987-07-26T00:00:00,1987-07-26T06:00:00,6
train_041732_lead024,train,4,41729,41732,41736,1987-07-25T06:00:00,1987-07-26T00:00:00,1987-07-27T00:00:00,24
train_041732_lead072,train,4,41729,41732,41744,1987-07-25T06:00:00,1987-07-26T00:00:00,1987-07-29T00:00:00,72
train_041760_lead006,train,4,41757,41760,41761,1987-08-01T06:00:00,1987-08-02T00:00:00,1987-08-02T06:00:00,6
train_041760_lead024,train,4,41757,41760,41764,1987-08-01T06:00:00,1987-08-02T00:00:00,1987-08-03T00:00:00,24
train_041760_lead072,train,4,41757,41760,41772,1987-08-01T06:00:00,1987-08-02T00:00:00,1987-08-05T00:00:00,72
train_041789_lead006,train,4,41786,41789,41790,1987-08-08T12:00:00,1987-08-09T06:00:00,1987-08-09T12:00:00,6
train_041789_lead024,train,4,41786,41789,41793,1987-08-08T12:00:00,1987-08-09T06:00:00,1987-08-10T06:00:00,24
train_041789_lead072,train,4,41786,41789,41801,1987-08-08T12:00:00,1987-08-09T06:00:00,1987-08-12T06:00:00,72
train_041818_lead006,train,4,41815,41818,41819,1987-08-15T18:00:00,1987-08-16T12:00:00,1987-08-16T18:00:00,6
train_041818_lead024,train,4,41815,41818,41822,1987-08-15T18:00:00,1987-08-16T12:00:00,1987-08-17T12:00:00,24
train_041818_lead072,train,4,41815,41818,41830,1987-08-15T18:00:00,1987-08-16T12:00:00,1987-08-19T12:00:00,72
train_041846_lead006,train,4,41843,41846,41847,1987-08-22T18:00:00,1987-08-23T12:00:00,1987-08-23T18:00:00,6
train_041846_lead024,train,4,41843,41846,41850,1987-08-22T18:00:00,1987-08-23T12:00:00,1987-08-24T12:00:00,24
train_041846_lead072,train,4,41843,41846,41858,1987-08-22T18:00:00,1987-08-23T12:00:00,1987-08-26T12:00:00,72
train_041875_lead006,train,4,41872,41875,41876,1987-08-30T00:00:00,1987-08-30T18:00:00,1987-08-31T00:00:00,6
train_041875_lead024,train,4,41872,41875,41879,1987-08-30T00:00:00,1987-08-30T18:00:00,1987-08-31T18:00:00,24
train_041875_lead072,train,4,41872,41875,41887,1987-08-30T00:00:00,1987-08-30T18:00:00,1987-09-02T18:00:00,72
train_041903_lead006,train,4,41900,41903,41904,1987-09-06T00:00:00,1987-09-06T18:00:00,1987-09-07T00:00:00,6
train_041903_lead024,train,4,41900,41903,41907,1987-09-06T00:00:00,1987-09-06T18:00:00,1987-09-07T18:00:00,24
train_041903_lead072,train,4,41900,41903,41915,1987-09-06T00:00:00,1987-09-06T18:00:00,1987-09-09T18:00:00,72
train_041932_lead006,train,4,41929,41932,41933,1987-09-13T06:00:00,1987-09-14T00:00:00,1987-09-14T06:00:00,6
train_041932_lead024,train,4,41929,41932,41936,1987-09-13T06:00:00,1987-09-14T00:00:00,1987-09-15T00:00:00,24
train_041932_lead072,train,4,41929,41932,41944,1987-09-13T06:00:00,1987-09-14T00:00:00,1987-09-17T00:00:00,72
train_041960_lead006,train,4,41957,41960,41961,1987-09-20T06:00:00,1987-09-21T00:00:00,1987-09-21T06:00:00,6
train_041960_lead024,train,4,41957,41960,41964,1987-09-20T06:00:00,1987-09-21T00:00:00,1987-09-22T00:00:00,24
train_041960_lead072,train,4,41957,41960,41972,1987-09-20T06:00:00,1987-09-21T00:00:00,1987-09-24T00:00:00,72
train_041989_lead006,train,4,41986,41989,41990,1987-09-27T12:00:00,1987-09-28T06:00:00,1987-09-28T12:00:00,6
train_041989_lead024,train,4,41986,41989,41993,1987-09-27T12:00:00,1987-09-28T06:00:00,1987-09-29T06:00:00,24
train_041989_lead072,train,4,41986,41989,42001,1987-09-27T12:00:00,1987-09-28T06:00:00,1987-10-01T06:00:00,72
train_042017_lead006,train,4,42014,42017,42018,1987-10-04T12:00:00,1987-10-05T06:00:00,1987-10-05T12:00:00,6
train_042017_lead024,train,4,42014,42017,42021,1987-10-04T12:00:00,1987-10-05T06:00:00,1987-10-06T06:00:00,24
train_042017_lead072,train,4,42014,42017,42029,1987-10-04T12:00:00,1987-10-05T06:00:00,1987-10-08T06:00:00,72
train_042046_lead006,train,4,42043,42046,42047,1987-10-11T18:00:00,1987-10-12T12:00:00,1987-10-12T18:00:00,6
train_042046_lead024,train,4,42043,42046,42050,1987-10-11T18:00:00,1987-10-12T12:00:00,1987-10-13T12:00:00,24
train_042046_lead072,train,4,42043,42046,42058,1987-10-11T18:00:00,1987-10-12T12:00:00,1987-10-15T12:00:00,72
train_042074_lead006,train,4,42071,42074,42075,1987-10-18T18:00:00,1987-10-19T12:00:00,1987-10-19T18:00:00,6
train_042074_lead024,train,4,42071,42074,42078,1987-10-18T18:00:00,1987-10-19T12:00:00,1987-10-20T12:00:00,24
train_042074_lead072,train,4,42071,42074,42086,1987-10-18T18:00:00,1987-10-19T12:00:00,1987-10-22T12:00:00,72
train_042103_lead006,train,4,42100,42103,42104,1987-10-26T00:00:00,1987-10-26T18:00:00,1987-10-27T00:00:00,6
train_042103_lead024,train,4,42100,42103,42107,1987-10-26T00:00:00,1987-10-26T18:00:00,1987-10-27T18:00:00,24
train_042103_lead072,train,4,42100,42103,42115,1987-10-26T00:00:00,1987-10-26T18:00:00,1987-10-29T18:00:00,72
train_042131_lead006,train,4,42128,42131,42132,1987-11-02T00:00:00,1987-11-02T18:00:00,1987-11-03T00:00:00,6
train_042131_lead024,train,4,42128,42131,42135,1987-11-02T00:00:00,1987-11-02T18:00:00,1987-11-03T18:00:00,24
train_042131_lead072,train,4,42128,42131,42143,1987-11-02T00:00:00,1987-11-02T18:00:00,1987-11-05T18:00:00,72
train_042160_lead006,train,4,42157,42160,42161,1987-11-09T06:00:00,1987-11-10T00:00:00,1987-11-10T06:00:00,6
train_042160_lead024,train,4,42157,42160,42164,1987-11-09T06:00:00,1987-11-10T00:00:00,1987-11-11T00:00:00,24
train_042160_lead072,train,4,42157,42160,42172,1987-11-09T06:00:00,1987-11-10T00:00:00,1987-11-13T00:00:00,72
train_042188_lead006,train,4,42185,42188,42189,1987-11-16T06:00:00,1987-11-17T00:00:00,1987-11-17T06:00:00,6
train_042188_lead024,train,4,42185,42188,42192,1987-11-16T06:00:00,1987-11-17T00:00:00,1987-11-18T00:00:00,24
train_042188_lead072,train,4,42185,42188,42200,1987-11-16T06:00:00,1987-11-17T00:00:00,1987-11-20T00:00:00,72
train_042217_lead006,train,4,42214,42217,42218,1987-11-23T12:00:00,1987-11-24T06:00:00,1987-11-24T12:00:00,6
train_042217_lead024,train,4,42214,42217,42221,1987-11-23T12:00:00,1987-11-24T06:00:00,1987-11-25T06:00:00,24
train_042217_lead072,train,4,42214,42217,42229,1987-11-23T12:00:00,1987-11-24T06:00:00,1987-11-27T06:00:00,72
train_042245_lead006,train,4,42242,42245,42246,1987-11-30T12:00:00,1987-12-01T06:00:00,1987-12-01T12:00:00,6
train_042245_lead024,train,4,42242,42245,42249,1987-11-30T12:00:00,1987-12-01T06:00:00,1987-12-02T06:00:00,24
train_042245_lead072,train,4,42242,42245,42257,1987-11-30T12:00:00,1987-12-01T06:00:00,1987-12-04T06:00:00,72
train_042274_lead006,train,4,42271,42274,42275,1987-12-07T18:00:00,1987-12-08T12:00:00,1987-12-08T18:00:00,6
train_042274_lead024,train,4,42271,42274,42278,1987-12-07T18:00:00,1987-12-08T12:00:00,1987-12-09T12:00:00,24
train_042274_lead072,train,4,42271,42274,42286,1987-12-07T18:00:00,1987-12-08T12:00:00,1987-12-11T12:00:00,72
train_042303_lead006,train,4,42300,42303,42304,1987-12-15T00:00:00,1987-12-15T18:00:00,1987-12-16T00:00:00,6
train_042303_lead024,train,4,42300,42303,42307,1987-12-15T00:00:00,1987-12-15T18:00:00,1987-12-16T18:00:00,24
train_042303_lead072,train,4,42300,42303,42315,1987-12-15T00:00:00,1987-12-15T18:00:00,1987-12-18T18:00:00,72
train_042331_lead006,train,4,42328,42331,42332,1987-12-22T00:00:00,1987-12-22T18:00:00,1987-12-23T00:00:00,6
train_042331_lead024,train,4,42328,42331,42335,1987-12-22T00:00:00,1987-12-22T18:00:00,1987-12-23T18:00:00,24
train_042331_lead072,train,4,42328,42331,42343,1987-12-22T00:00:00,1987-12-22T18:00:00,1987-12-25T18:00:00,72
train_042360_lead006,train,4,42357,42360,42361,1987-12-29T06:00:00,1987-12-30T00:00:00,1987-12-30T06:00:00,6
train_042360_lead024,train,4,42357,42360,42364,1987-12-29T06:00:00,1987-12-30T00:00:00,1987-12-31T00:00:00,24
train_042360_lead072,train,4,42357,42360,42372,1987-12-29T06:00:00,1987-12-30T00:00:00,1988-01-02T00:00:00,72
train_042388_lead006,train,4,42385,42388,42389,1988-01-05T06:00:00,1988-01-06T00:00:00,1988-01-06T06:00:00,6
train_042388_lead024,train,4,42385,42388,42392,1988-01-05T06:00:00,1988-01-06T00:00:00,1988-01-07T00:00:00,24
train_042388_lead072,train,4,42385,42388,42400,1988-01-05T06:00:00,1988-01-06T00:00:00,1988-01-09T00:00:00,72
train_042417_lead006,train,4,42414,42417,42418,1988-01-12T12:00:00,1988-01-13T06:00:00,1988-01-13T12:00:00,6
train_042417_lead024,train,4,42414,42417,42421,1988-01-12T12:00:00,1988-01-13T06:00:00,1988-01-14T06:00:00,24
train_042417_lead072,train,4,42414,42417,42429,1988-01-12T12:00:00,1988-01-13T06:00:00,1988-01-16T06:00:00,72
train_042445_lead006,train,4,42442,42445,42446,1988-01-19T12:00:00,1988-01-20T06:00:00,1988-01-20T12:00:00,6
train_042445_lead024,train,4,42442,42445,42449,1988-01-19T12:00:00,1988-01-20T06:00:00,1988-01-21T06:00:00,24
train_042445_lead072,train,4,42442,42445,42457,1988-01-19T12:00:00,1988-01-20T06:00:00,1988-01-23T06:00:00,72
train_042474_lead006,train,4,42471,42474,42475,1988-01-26T18:00:00,1988-01-27T12:00:00,1988-01-27T18:00:00,6
train_042474_lead024,train,4,42471,42474,42478,1988-01-26T18:00:00,1988-01-27T12:00:00,1988-01-28T12:00:00,24
train_042474_lead072,train,4,42471,42474,42486,1988-01-26T18:00:00,1988-01-27T12:00:00,1988-01-30T12:00:00,72
train_042502_lead006,train,4,42499,42502,42503,1988-02-02T18:00:00,1988-02-03T12:00:00,1988-02-03T18:00:00,6
train_042502_lead024,train,4,42499,42502,42506,1988-02-02T18:00:00,1988-02-03T12:00:00,1988-02-04T12:00:00,24
train_042502_lead072,train,4,42499,42502,42514,1988-02-02T18:00:00,1988-02-03T12:00:00,1988-02-06T12:00:00,72
train_042531_lead006,train,4,42528,42531,42532,1988-02-10T00:00:00,1988-02-10T18:00:00,1988-02-11T00:00:00,6
train_042531_lead024,train,4,42528,42531,42535,1988-02-10T00:00:00,1988-02-10T18:00:00,1988-02-11T18:00:00,24
train_042531_lead072,train,4,42528,42531,42543,1988-02-10T00:00:00,1988-02-10T18:00:00,1988-02-13T18:00:00,72
train_042559_lead006,train,4,42556,42559,42560,1988-02-17T00:00:00,1988-02-17T18:00:00,1988-02-18T00:00:00,6
train_042559_lead024,train,4,42556,42559,42563,1988-02-17T00:00:00,1988-02-17T18:00:00,1988-02-18T18:00:00,24
train_042559_lead072,train,4,42556,42559,42571,1988-02-17T00:00:00,1988-02-17T18:00:00,1988-02-20T18:00:00,72
train_042588_lead006,train,4,42585,42588,42589,1988-02-24T06:00:00,1988-02-25T00:00:00,1988-02-25T06:00:00,6
train_042588_lead024,train,4,42585,42588,42592,1988-02-24T06:00:00,1988-02-25T00:00:00,1988-02-26T00:00:00,24
train_042588_lead072,train,4,42585,42588,42600,1988-02-24T06:00:00,1988-02-25T00:00:00,1988-02-28T00:00:00,72
train_042616_lead006,train,4,42613,42616,42617,1988-03-02T06:00:00,1988-03-03T00:00:00,1988-03-03T06:00:00,6
train_042616_lead024,train,4,42613,42616,42620,1988-03-02T06:00:00,1988-03-03T00:00:00,1988-03-04T00:00:00,24
train_042616_lead072,train,4,42613,42616,42628,1988-03-02T06:00:00,1988-03-03T00:00:00,1988-03-06T00:00:00,72
train_042645_lead006,train,4,42642,42645,42646,1988-03-09T12:00:00,1988-03-10T06:00:00,1988-03-10T12:00:00,6
train_042645_lead024,train,4,42642,42645,42649,1988-03-09T12:00:00,1988-03-10T06:00:00,1988-03-11T06:00:00,24
train_042645_lead072,train,4,42642,42645,42657,1988-03-09T12:00:00,1988-03-10T06:00:00,1988-03-13T06:00:00,72
train_042673_lead006,train,4,42670,42673,42674,1988-03-16T12:00:00,1988-03-17T06:00:00,1988-03-17T12:00:00,6
train_042673_lead024,train,4,42670,42673,42677,1988-03-16T12:00:00,1988-03-17T06:00:00,1988-03-18T06:00:00,24
train_042673_lead072,train,4,42670,42673,42685,1988-03-16T12:00:00,1988-03-17T06:00:00,1988-03-20T06:00:00,72
train_042702_lead006,train,4,42699,42702,42703,1988-03-23T18:00:00,1988-03-24T12:00:00,1988-03-24T18:00:00,6
train_042702_lead024,train,4,42699,42702,42706,1988-03-23T18:00:00,1988-03-24T12:00:00,1988-03-25T12:00:00,24
train_042702_lead072,train,4,42699,42702,42714,1988-03-23T18:00:00,1988-03-24T12:00:00,1988-03-27T12:00:00,72
train_042730_lead006,train,4,42727,42730,42731,1988-03-30T18:00:00,1988-03-31T12:00:00,1988-03-31T18:00:00,6
train_042730_lead024,train,4,42727,42730,42734,1988-03-30T18:00:00,1988-03-31T12:00:00,1988-04-01T12:00:00,24
train_042730_lead072,train,4,42727,42730,42742,1988-03-30T18:00:00,1988-03-31T12:00:00,1988-04-03T12:00:00,72
train_042759_lead006,train,4,42756,42759,42760,1988-04-07T00:00:00,1988-04-07T18:00:00,1988-04-08T00:00:00,6
train_042759_lead024,train,4,42756,42759,42763,1988-04-07T00:00:00,1988-04-07T18:00:00,1988-04-08T18:00:00,24
train_042759_lead072,train,4,42756,42759,42771,1988-04-07T00:00:00,1988-04-07T18:00:00,1988-04-10T18:00:00,72
train_042787_lead006,train,4,42784,42787,42788,1988-04-14T00:00:00,1988-04-14T18:00:00,1988-04-15T00:00:00,6
train_042787_lead024,train,4,42784,42787,42791,1988-04-14T00:00:00,1988-04-14T18:00:00,1988-04-15T18:00:00,24
train_042787_lead072,train,4,42784,42787,42799,1988-04-14T00:00:00,1988-04-14T18:00:00,1988-04-17T18:00:00,72
train_042816_lead006,train,4,42813,42816,42817,1988-04-21T06:00:00,1988-04-22T00:00:00,1988-04-22T06:00:00,6
train_042816_lead024,train,4,42813,42816,42820,1988-04-21T06:00:00,1988-04-22T00:00:00,1988-04-23T00:00:00,24
train_042816_lead072,train,4,42813,42816,42828,1988-04-21T06:00:00,1988-04-22T00:00:00,1988-04-25T00:00:00,72
train_042845_lead006,train,4,42842,42845,42846,1988-04-28T12:00:00,1988-04-29T06:00:00,1988-04-29T12:00:00,6
train_042845_lead024,train,4,42842,42845,42849,1988-04-28T12:00:00,1988-04-29T06:00:00,1988-04-30T06:00:00,24
train_042845_lead072,train,4,42842,42845,42857,1988-04-28T12:00:00,1988-04-29T06:00:00,1988-05-02T06:00:00,72
train_042873_lead006,train,4,42870,42873,42874,1988-05-05T12:00:00,1988-05-06T06:00:00,1988-05-06T12:00:00,6
train_042873_lead024,train,4,42870,42873,42877,1988-05-05T12:00:00,1988-05-06T06:00:00,1988-05-07T06:00:00,24
train_042873_lead072,train,4,42870,42873,42885,1988-05-05T12:00:00,1988-05-06T06:00:00,1988-05-09T06:00:00,72
train_042902_lead006,train,4,42899,42902,42903,1988-05-12T18:00:00,1988-05-13T12:00:00,1988-05-13T18:00:00,6
train_042902_lead024,train,4,42899,42902,42906,1988-05-12T18:00:00,1988-05-13T12:00:00,1988-05-14T12:00:00,24
train_042902_lead072,train,4,42899,42902,42914,1988-05-12T18:00:00,1988-05-13T12:00:00,1988-05-16T12:00:00,72
train_042930_lead006,train,4,42927,42930,42931,1988-05-19T18:00:00,1988-05-20T12:00:00,1988-05-20T18:00:00,6
train_042930_lead024,train,4,42927,42930,42934,1988-05-19T18:00:00,1988-05-20T12:00:00,1988-05-21T12:00:00,24
train_042930_lead072,train,4,42927,42930,42942,1988-05-19T18:00:00,1988-05-20T12:00:00,1988-05-23T12:00:00,72
train_042959_lead006,train,4,42956,42959,42960,1988-05-27T00:00:00,1988-05-27T18:00:00,1988-05-28T00:00:00,6
train_042959_lead024,train,4,42956,42959,42963,1988-05-27T00:00:00,1988-05-27T18:00:00,1988-05-28T18:00:00,24
train_042959_lead072,train,4,42956,42959,42971,1988-05-27T00:00:00,1988-05-27T18:00:00,1988-05-30T18:00:00,72
train_042987_lead006,train,4,42984,42987,42988,1988-06-03T00:00:00,1988-06-03T18:00:00,1988-06-04T00:00:00,6
train_042987_lead024,train,4,42984,42987,42991,1988-06-03T00:00:00,1988-06-03T18:00:00,1988-06-04T18:00:00,24
train_042987_lead072,train,4,42984,42987,42999,1988-06-03T00:00:00,1988-06-03T18:00:00,1988-06-06T18:00:00,72
train_043016_lead006,train,4,43013,43016,43017,1988-06-10T06:00:00,1988-06-11T00:00:00,1988-06-11T06:00:00,6
train_043016_lead024,train,4,43013,43016,43020,1988-06-10T06:00:00,1988-06-11T00:00:00,1988-06-12T00:00:00,24
train_043016_lead072,train,4,43013,43016,43028,1988-06-10T06:00:00,1988-06-11T00:00:00,1988-06-14T00:00:00,72
train_043044_lead006,train,4,43041,43044,43045,1988-06-17T06:00:00,1988-06-18T00:00:00,1988-06-18T06:00:00,6
train_043044_lead024,train,4,43041,43044,43048,1988-06-17T06:00:00,1988-06-18T00:00:00,1988-06-19T00:00:00,24
train_043044_lead072,train,4,43041,43044,43056,1988-06-17T06:00:00,1988-06-18T00:00:00,1988-06-21T00:00:00,72
train_043073_lead006,train,4,43070,43073,43074,1988-06-24T12:00:00,1988-06-25T06:00:00,1988-06-25T12:00:00,6
train_043073_lead024,train,4,43070,43073,43077,1988-06-24T12:00:00,1988-06-25T06:00:00,1988-06-26T06:00:00,24
train_043073_lead072,train,4,43070,43073,43085,1988-06-24T12:00:00,1988-06-25T06:00:00,1988-06-28T06:00:00,72
train_043101_lead006,train,4,43098,43101,43102,1988-07-01T12:00:00,1988-07-02T06:00:00,1988-07-02T12:00:00,6
train_043101_lead024,train,4,43098,43101,43105,1988-07-01T12:00:00,1988-07-02T06:00:00,1988-07-03T06:00:00,24
train_043101_lead072,train,4,43098,43101,43113,1988-07-01T12:00:00,1988-07-02T06:00:00,1988-07-05T06:00:00,72
train_043130_lead006,train,4,43127,43130,43131,1988-07-08T18:00:00,1988-07-09T12:00:00,1988-07-09T18:00:00,6
train_043130_lead024,train,4,43127,43130,43134,1988-07-08T18:00:00,1988-07-09T12:00:00,1988-07-10T12:00:00,24
train_043130_lead072,train,4,43127,43130,43142,1988-07-08T18:00:00,1988-07-09T12:00:00,1988-07-12T12:00:00,72
train_043158_lead006,train,4,43155,43158,43159,1988-07-15T18:00:00,1988-07-16T12:00:00,1988-07-16T18:00:00,6
train_043158_lead024,train,4,43155,43158,43162,1988-07-15T18:00:00,1988-07-16T12:00:00,1988-07-17T12:00:00,24
train_043158_lead072,train,4,43155,43158,43170,1988-07-15T18:00:00,1988-07-16T12:00:00,1988-07-19T12:00:00,72
train_043187_lead006,train,4,43184,43187,43188,1988-07-23T00:00:00,1988-07-23T18:00:00,1988-07-24T00:00:00,6
train_043187_lead024,train,4,43184,43187,43191,1988-07-23T00:00:00,1988-07-23T18:00:00,1988-07-24T18:00:00,24
train_043187_lead072,train,4,43184,43187,43199,1988-07-23T00:00:00,1988-07-23T18:00:00,1988-07-26T18:00:00,72
train_043215_lead006,train,4,43212,43215,43216,1988-07-30T00:00:00,1988-07-30T18:00:00,1988-07-31T00:00:00,6
train_043215_lead024,train,4,43212,43215,43219,1988-07-30T00:00:00,1988-07-30T18:00:00,1988-07-31T18:00:00,24
train_043215_lead072,train,4,43212,43215,43227,1988-07-30T00:00:00,1988-07-30T18:00:00,1988-08-02T18:00:00,72
train_043244_lead006,train,4,43241,43244,43245,1988-08-06T06:00:00,1988-08-07T00:00:00,1988-08-07T06:00:00,6
train_043244_lead024,train,4,43241,43244,43248,1988-08-06T06:00:00,1988-08-07T00:00:00,1988-08-08T00:00:00,24
train_043244_lead072,train,4,43241,43244,43256,1988-08-06T06:00:00,1988-08-07T00:00:00,1988-08-10T00:00:00,72
train_043272_lead006,train,4,43269,43272,43273,1988-08-13T06:00:00,1988-08-14T00:00:00,1988-08-14T06:00:00,6
train_043272_lead024,train,4,43269,43272,43276,1988-08-13T06:00:00,1988-08-14T00:00:00,1988-08-15T00:00:00,24
train_043272_lead072,train,4,43269,43272,43284,1988-08-13T06:00:00,1988-08-14T00:00:00,1988-08-17T00:00:00,72
train_043301_lead006,train,4,43298,43301,43302,1988-08-20T12:00:00,1988-08-21T06:00:00,1988-08-21T12:00:00,6
train_043301_lead024,train,4,43298,43301,43305,1988-08-20T12:00:00,1988-08-21T06:00:00,1988-08-22T06:00:00,24
train_043301_lead072,train,4,43298,43301,43313,1988-08-20T12:00:00,1988-08-21T06:00:00,1988-08-24T06:00:00,72
train_043330_lead006,train,4,43327,43330,43331,1988-08-27T18:00:00,1988-08-28T12:00:00,1988-08-28T18:00:00,6
train_043330_lead024,train,4,43327,43330,43334,1988-08-27T18:00:00,1988-08-28T12:00:00,1988-08-29T12:00:00,24
train_043330_lead072,train,4,43327,43330,43342,1988-08-27T18:00:00,1988-08-28T12:00:00,1988-08-31T12:00:00,72
train_043358_lead006,train,4,43355,43358,43359,1988-09-03T18:00:00,1988-09-04T12:00:00,1988-09-04T18:00:00,6
train_043358_lead024,train,4,43355,43358,43362,1988-09-03T18:00:00,1988-09-04T12:00:00,1988-09-05T12:00:00,24
train_043358_lead072,train,4,43355,43358,43370,1988-09-03T18:00:00,1988-09-04T12:00:00,1988-09-07T12:00:00,72
train_043387_lead006,train,4,43384,43387,43388,1988-09-11T00:00:00,1988-09-11T18:00:00,1988-09-12T00:00:00,6
train_043387_lead024,train,4,43384,43387,43391,1988-09-11T00:00:00,1988-09-11T18:00:00,1988-09-12T18:00:00,24
train_043387_lead072,train,4,43384,43387,43399,1988-09-11T00:00:00,1988-09-11T18:00:00,1988-09-14T18:00:00,72
train_043415_lead006,train,4,43412,43415,43416,1988-09-18T00:00:00,1988-09-18T18:00:00,1988-09-19T00:00:00,6
train_043415_lead024,train,4,43412,43415,43419,1988-09-18T00:00:00,1988-09-18T18:00:00,1988-09-19T18:00:00,24
train_043415_lead072,train,4,43412,43415,43427,1988-09-18T00:00:00,1988-09-18T18:00:00,1988-09-21T18:00:00,72
train_043444_lead006,train,4,43441,43444,43445,1988-09-25T06:00:00,1988-09-26T00:00:00,1988-09-26T06:00:00,6
train_043444_lead024,train,4,43441,43444,43448,1988-09-25T06:00:00,1988-09-26T00:00:00,1988-09-27T00:00:00,24
train_043444_lead072,train,4,43441,43444,43456,1988-09-25T06:00:00,1988-09-26T00:00:00,1988-09-29T00:00:00,72
train_043472_lead006,train,4,43469,43472,43473,1988-10-02T06:00:00,1988-10-03T00:00:00,1988-10-03T06:00:00,6
train_043472_lead024,train,4,43469,43472,43476,1988-10-02T06:00:00,1988-10-03T00:00:00,1988-10-04T00:00:00,24
train_043472_lead072,train,4,43469,43472,43484,1988-10-02T06:00:00,1988-10-03T00:00:00,1988-10-06T00:00:00,72
train_043501_lead006,train,4,43498,43501,43502,1988-10-09T12:00:00,1988-10-10T06:00:00,1988-10-10T12:00:00,6
train_043501_lead024,train,4,43498,43501,43505,1988-10-09T12:00:00,1988-10-10T06:00:00,1988-10-11T06:00:00,24
train_043501_lead072,train,4,43498,43501,43513,1988-10-09T12:00:00,1988-10-10T06:00:00,1988-10-13T06:00:00,72
train_043529_lead006,train,4,43526,43529,43530,1988-10-16T12:00:00,1988-10-17T06:00:00,1988-10-17T12:00:00,6
train_043529_lead024,train,4,43526,43529,43533,1988-10-16T12:00:00,1988-10-17T06:00:00,1988-10-18T06:00:00,24
train_043529_lead072,train,4,43526,43529,43541,1988-10-16T12:00:00,1988-10-17T06:00:00,1988-10-20T06:00:00,72
train_043558_lead006,train,4,43555,43558,43559,1988-10-23T18:00:00,1988-10-24T12:00:00,1988-10-24T18:00:00,6
train_043558_lead024,train,4,43555,43558,43562,1988-10-23T18:00:00,1988-10-24T12:00:00,1988-10-25T12:00:00,24
train_043558_lead072,train,4,43555,43558,43570,1988-10-23T18:00:00,1988-10-24T12:00:00,1988-10-27T12:00:00,72
train_043586_lead006,train,4,43583,43586,43587,1988-10-30T18:00:00,1988-10-31T12:00:00,1988-10-31T18:00:00,6
train_043586_lead024,train,4,43583,43586,43590,1988-10-30T18:00:00,1988-10-31T12:00:00,1988-11-01T12:00:00,24
train_043586_lead072,train,4,43583,43586,43598,1988-10-30T18:00:00,1988-10-31T12:00:00,1988-11-03T12:00:00,72
train_043615_lead006,train,4,43612,43615,43616,1988-11-07T00:00:00,1988-11-07T18:00:00,1988-11-08T00:00:00,6
train_043615_lead024,train,4,43612,43615,43619,1988-11-07T00:00:00,1988-11-07T18:00:00,1988-11-08T18:00:00,24
train_043615_lead072,train,4,43612,43615,43627,1988-11-07T00:00:00,1988-11-07T18:00:00,1988-11-10T18:00:00,72
train_043643_lead006,train,4,43640,43643,43644,1988-11-14T00:00:00,1988-11-14T18:00:00,1988-11-15T00:00:00,6
train_043643_lead024,train,4,43640,43643,43647,1988-11-14T00:00:00,1988-11-14T18:00:00,1988-11-15T18:00:00,24
train_043643_lead072,train,4,43640,43643,43655,1988-11-14T00:00:00,1988-11-14T18:00:00,1988-11-17T18:00:00,72
train_043672_lead006,train,4,43669,43672,43673,1988-11-21T06:00:00,1988-11-22T00:00:00,1988-11-22T06:00:00,6
train_043672_lead024,train,4,43669,43672,43676,1988-11-21T06:00:00,1988-11-22T00:00:00,1988-11-23T00:00:00,24
train_043672_lead072,train,4,43669,43672,43684,1988-11-21T06:00:00,1988-11-22T00:00:00,1988-11-25T00:00:00,72
train_043700_lead006,train,4,43697,43700,43701,1988-11-28T06:00:00,1988-11-29T00:00:00,1988-11-29T06:00:00,6
train_043700_lead024,train,4,43697,43700,43704,1988-11-28T06:00:00,1988-11-29T00:00:00,1988-11-30T00:00:00,24
train_043700_lead072,train,4,43697,43700,43712,1988-11-28T06:00:00,1988-11-29T00:00:00,1988-12-02T00:00:00,72
train_043729_lead006,train,4,43726,43729,43730,1988-12-05T12:00:00,1988-12-06T06:00:00,1988-12-06T12:00:00,6
train_043729_lead024,train,4,43726,43729,43733,1988-12-05T12:00:00,1988-12-06T06:00:00,1988-12-07T06:00:00,24
train_043729_lead072,train,4,43726,43729,43741,1988-12-05T12:00:00,1988-12-06T06:00:00,1988-12-09T06:00:00,72
train_043757_lead006,train,4,43754,43757,43758,1988-12-12T12:00:00,1988-12-13T06:00:00,1988-12-13T12:00:00,6
train_043757_lead024,train,4,43754,43757,43761,1988-12-12T12:00:00,1988-12-13T06:00:00,1988-12-14T06:00:00,24
train_043757_lead072,train,4,43754,43757,43769,1988-12-12T12:00:00,1988-12-13T06:00:00,1988-12-16T06:00:00,72
train_043786_lead006,train,4,43783,43786,43787,1988-12-19T18:00:00,1988-12-20T12:00:00,1988-12-20T18:00:00,6
train_043786_lead024,train,4,43783,43786,43790,1988-12-19T18:00:00,1988-12-20T12:00:00,1988-12-21T12:00:00,24
train_043786_lead072,train,4,43783,43786,43798,1988-12-19T18:00:00,1988-12-20T12:00:00,1988-12-23T12:00:00,72
train_043814_lead006,train,4,43811,43814,43815,1988-12-26T18:00:00,1988-12-27T12:00:00,1988-12-27T18:00:00,6
train_043814_lead024,train,4,43811,43814,43818,1988-12-26T18:00:00,1988-12-27T12:00:00,1988-12-28T12:00:00,24
train_043814_lead072,train,4,43811,43814,43826,1988-12-26T18:00:00,1988-12-27T12:00:00,1988-12-30T12:00:00,72
train_043843_lead006,train,4,43840,43843,43844,1989-01-03T00:00:00,1989-01-03T18:00:00,1989-01-04T00:00:00,6
train_043843_lead024,train,4,43840,43843,43847,1989-01-03T00:00:00,1989-01-03T18:00:00,1989-01-04T18:00:00,24
train_043843_lead072,train,4,43840,43843,43855,1989-01-03T00:00:00,1989-01-03T18:00:00,1989-01-06T18:00:00,72
train_043872_lead006,train,4,43869,43872,43873,1989-01-10T06:00:00,1989-01-11T00:00:00,1989-01-11T06:00:00,6
train_043872_lead024,train,4,43869,43872,43876,1989-01-10T06:00:00,1989-01-11T00:00:00,1989-01-12T00:00:00,24
train_043872_lead072,train,4,43869,43872,43884,1989-01-10T06:00:00,1989-01-11T00:00:00,1989-01-14T00:00:00,72
train_043900_lead006,train,4,43897,43900,43901,1989-01-17T06:00:00,1989-01-18T00:00:00,1989-01-18T06:00:00,6
train_043900_lead024,train,4,43897,43900,43904,1989-01-17T06:00:00,1989-01-18T00:00:00,1989-01-19T00:00:00,24
train_043900_lead072,train,4,43897,43900,43912,1989-01-17T06:00:00,1989-01-18T00:00:00,1989-01-21T00:00:00,72
train_043929_lead006,train,4,43926,43929,43930,1989-01-24T12:00:00,1989-01-25T06:00:00,1989-01-25T12:00:00,6
train_043929_lead024,train,4,43926,43929,43933,1989-01-24T12:00:00,1989-01-25T06:00:00,1989-01-26T06:00:00,24
train_043929_lead072,train,4,43926,43929,43941,1989-01-24T12:00:00,1989-01-25T06:00:00,1989-01-28T06:00:00,72
train_043957_lead006,train,4,43954,43957,43958,1989-01-31T12:00:00,1989-02-01T06:00:00,1989-02-01T12:00:00,6
train_043957_lead024,train,4,43954,43957,43961,1989-01-31T12:00:00,1989-02-01T06:00:00,1989-02-02T06:00:00,24
train_043957_lead072,train,4,43954,43957,43969,1989-01-31T12:00:00,1989-02-01T06:00:00,1989-02-04T06:00:00,72
train_043986_lead006,train,4,43983,43986,43987,1989-02-07T18:00:00,1989-02-08T12:00:00,1989-02-08T18:00:00,6
train_043986_lead024,train,4,43983,43986,43990,1989-02-07T18:00:00,1989-02-08T12:00:00,1989-02-09T12:00:00,24
train_043986_lead072,train,4,43983,43986,43998,1989-02-07T18:00:00,1989-02-08T12:00:00,1989-02-11T12:00:00,72
train_044014_lead006,train,4,44011,44014,44015,1989-02-14T18:00:00,1989-02-15T12:00:00,1989-02-15T18:00:00,6
train_044014_lead024,train,4,44011,44014,44018,1989-02-14T18:00:00,1989-02-15T12:00:00,1989-02-16T12:00:00,24
train_044014_lead072,train,4,44011,44014,44026,1989-02-14T18:00:00,1989-02-15T12:00:00,1989-02-18T12:00:00,72
train_044043_lead006,train,4,44040,44043,44044,1989-02-22T00:00:00,1989-02-22T18:00:00,1989-02-23T00:00:00,6
train_044043_lead024,train,4,44040,44043,44047,1989-02-22T00:00:00,1989-02-22T18:00:00,1989-02-23T18:00:00,24
train_044043_lead072,train,4,44040,44043,44055,1989-02-22T00:00:00,1989-02-22T18:00:00,1989-02-25T18:00:00,72
train_044071_lead006,train,4,44068,44071,44072,1989-03-01T00:00:00,1989-03-01T18:00:00,1989-03-02T00:00:00,6
train_044071_lead024,train,4,44068,44071,44075,1989-03-01T00:00:00,1989-03-01T18:00:00,1989-03-02T18:00:00,24
train_044071_lead072,train,4,44068,44071,44083,1989-03-01T00:00:00,1989-03-01T18:00:00,1989-03-04T18:00:00,72
train_044100_lead006,train,4,44097,44100,44101,1989-03-08T06:00:00,1989-03-09T00:00:00,1989-03-09T06:00:00,6
train_044100_lead024,train,4,44097,44100,44104,1989-03-08T06:00:00,1989-03-09T00:00:00,1989-03-10T00:00:00,24
train_044100_lead072,train,4,44097,44100,44112,1989-03-08T06:00:00,1989-03-09T00:00:00,1989-03-12T00:00:00,72
train_044128_lead006,train,4,44125,44128,44129,1989-03-15T06:00:00,1989-03-16T00:00:00,1989-03-16T06:00:00,6
train_044128_lead024,train,4,44125,44128,44132,1989-03-15T06:00:00,1989-03-16T00:00:00,1989-03-17T00:00:00,24
train_044128_lead072,train,4,44125,44128,44140,1989-03-15T06:00:00,1989-03-16T00:00:00,1989-03-19T00:00:00,72
train_044157_lead006,train,4,44154,44157,44158,1989-03-22T12:00:00,1989-03-23T06:00:00,1989-03-23T12:00:00,6
train_044157_lead024,train,4,44154,44157,44161,1989-03-22T12:00:00,1989-03-23T06:00:00,1989-03-24T06:00:00,24
train_044157_lead072,train,4,44154,44157,44169,1989-03-22T12:00:00,1989-03-23T06:00:00,1989-03-26T06:00:00,72
train_044185_lead006,train,4,44182,44185,44186,1989-03-29T12:00:00,1989-03-30T06:00:00,1989-03-30T12:00:00,6
train_044185_lead024,train,4,44182,44185,44189,1989-03-29T12:00:00,1989-03-30T06:00:00,1989-03-31T06:00:00,24
train_044185_lead072,train,4,44182,44185,44197,1989-03-29T12:00:00,1989-03-30T06:00:00,1989-04-02T06:00:00,72
train_044214_lead006,train,4,44211,44214,44215,1989-04-05T18:00:00,1989-04-06T12:00:00,1989-04-06T18:00:00,6
train_044214_lead024,train,4,44211,44214,44218,1989-04-05T18:00:00,1989-04-06T12:00:00,1989-04-07T12:00:00,24
train_044214_lead072,train,4,44211,44214,44226,1989-04-05T18:00:00,1989-04-06T12:00:00,1989-04-09T12:00:00,72
train_044242_lead006,train,4,44239,44242,44243,1989-04-12T18:00:00,1989-04-13T12:00:00,1989-04-13T18:00:00,6
train_044242_lead024,train,4,44239,44242,44246,1989-04-12T18:00:00,1989-04-13T12:00:00,1989-04-14T12:00:00,24
train_044242_lead072,train,4,44239,44242,44254,1989-04-12T18:00:00,1989-04-13T12:00:00,1989-04-16T12:00:00,72
train_044271_lead006,train,4,44268,44271,44272,1989-04-20T00:00:00,1989-04-20T18:00:00,1989-04-21T00:00:00,6
train_044271_lead024,train,4,44268,44271,44275,1989-04-20T00:00:00,1989-04-20T18:00:00,1989-04-21T18:00:00,24
train_044271_lead072,train,4,44268,44271,44283,1989-04-20T00:00:00,1989-04-20T18:00:00,1989-04-23T18:00:00,72
train_044299_lead006,train,4,44296,44299,44300,1989-04-27T00:00:00,1989-04-27T18:00:00,1989-04-28T00:00:00,6
train_044299_lead024,train,4,44296,44299,44303,1989-04-27T00:00:00,1989-04-27T18:00:00,1989-04-28T18:00:00,24
train_044299_lead072,train,4,44296,44299,44311,1989-04-27T00:00:00,1989-04-27T18:00:00,1989-04-30T18:00:00,72
train_044328_lead006,train,4,44325,44328,44329,1989-05-04T06:00:00,1989-05-05T00:00:00,1989-05-05T06:00:00,6
train_044328_lead024,train,4,44325,44328,44332,1989-05-04T06:00:00,1989-05-05T00:00:00,1989-05-06T00:00:00,24
train_044328_lead072,train,4,44325,44328,44340,1989-05-04T06:00:00,1989-05-05T00:00:00,1989-05-08T00:00:00,72
train_044357_lead006,train,4,44354,44357,44358,1989-05-11T12:00:00,1989-05-12T06:00:00,1989-05-12T12:00:00,6
train_044357_lead024,train,4,44354,44357,44361,1989-05-11T12:00:00,1989-05-12T06:00:00,1989-05-13T06:00:00,24
train_044357_lead072,train,4,44354,44357,44369,1989-05-11T12:00:00,1989-05-12T06:00:00,1989-05-15T06:00:00,72
train_044385_lead006,train,4,44382,44385,44386,1989-05-18T12:00:00,1989-05-19T06:00:00,1989-05-19T12:00:00,6
train_044385_lead024,train,4,44382,44385,44389,1989-05-18T12:00:00,1989-05-19T06:00:00,1989-05-20T06:00:00,24
train_044385_lead072,train,4,44382,44385,44397,1989-05-18T12:00:00,1989-05-19T06:00:00,1989-05-22T06:00:00,72
train_044414_lead006,train,4,44411,44414,44415,1989-05-25T18:00:00,1989-05-26T12:00:00,1989-05-26T18:00:00,6
train_044414_lead024,train,4,44411,44414,44418,1989-05-25T18:00:00,1989-05-26T12:00:00,1989-05-27T12:00:00,24
train_044414_lead072,train,4,44411,44414,44426,1989-05-25T18:00:00,1989-05-26T12:00:00,1989-05-29T12:00:00,72
train_044442_lead006,train,4,44439,44442,44443,1989-06-01T18:00:00,1989-06-02T12:00:00,1989-06-02T18:00:00,6
train_044442_lead024,train,4,44439,44442,44446,1989-06-01T18:00:00,1989-06-02T12:00:00,1989-06-03T12:00:00,24
train_044442_lead072,train,4,44439,44442,44454,1989-06-01T18:00:00,1989-06-02T12:00:00,1989-06-05T12:00:00,72
train_044471_lead006,train,4,44468,44471,44472,1989-06-09T00:00:00,1989-06-09T18:00:00,1989-06-10T00:00:00,6
train_044471_lead024,train,4,44468,44471,44475,1989-06-09T00:00:00,1989-06-09T18:00:00,1989-06-10T18:00:00,24
train_044471_lead072,train,4,44468,44471,44483,1989-06-09T00:00:00,1989-06-09T18:00:00,1989-06-12T18:00:00,72
train_044499_lead006,train,4,44496,44499,44500,1989-06-16T00:00:00,1989-06-16T18:00:00,1989-06-17T00:00:00,6
train_044499_lead024,train,4,44496,44499,44503,1989-06-16T00:00:00,1989-06-16T18:00:00,1989-06-17T18:00:00,24
train_044499_lead072,train,4,44496,44499,44511,1989-06-16T00:00:00,1989-06-16T18:00:00,1989-06-19T18:00:00,72
train_044528_lead006,train,4,44525,44528,44529,1989-06-23T06:00:00,1989-06-24T00:00:00,1989-06-24T06:00:00,6
train_044528_lead024,train,4,44525,44528,44532,1989-06-23T06:00:00,1989-06-24T00:00:00,1989-06-25T00:00:00,24
train_044528_lead072,train,4,44525,44528,44540,1989-06-23T06:00:00,1989-06-24T00:00:00,1989-06-27T00:00:00,72
train_044556_lead006,train,4,44553,44556,44557,1989-06-30T06:00:00,1989-07-01T00:00:00,1989-07-01T06:00:00,6
train_044556_lead024,train,4,44553,44556,44560,1989-06-30T06:00:00,1989-07-01T00:00:00,1989-07-02T00:00:00,24
train_044556_lead072,train,4,44553,44556,44568,1989-06-30T06:00:00,1989-07-01T00:00:00,1989-07-04T00:00:00,72
train_044585_lead006,train,4,44582,44585,44586,1989-07-07T12:00:00,1989-07-08T06:00:00,1989-07-08T12:00:00,6
train_044585_lead024,train,4,44582,44585,44589,1989-07-07T12:00:00,1989-07-08T06:00:00,1989-07-09T06:00:00,24
train_044585_lead072,train,4,44582,44585,44597,1989-07-07T12:00:00,1989-07-08T06:00:00,1989-07-11T06:00:00,72
train_044613_lead006,train,4,44610,44613,44614,1989-07-14T12:00:00,1989-07-15T06:00:00,1989-07-15T12:00:00,6
train_044613_lead024,train,4,44610,44613,44617,1989-07-14T12:00:00,1989-07-15T06:00:00,1989-07-16T06:00:00,24
train_044613_lead072,train,4,44610,44613,44625,1989-07-14T12:00:00,1989-07-15T06:00:00,1989-07-18T06:00:00,72
train_044642_lead006,train,4,44639,44642,44643,1989-07-21T18:00:00,1989-07-22T12:00:00,1989-07-22T18:00:00,6
train_044642_lead024,train,4,44639,44642,44646,1989-07-21T18:00:00,1989-07-22T12:00:00,1989-07-23T12:00:00,24
train_044642_lead072,train,4,44639,44642,44654,1989-07-21T18:00:00,1989-07-22T12:00:00,1989-07-25T12:00:00,72
train_044670_lead006,train,4,44667,44670,44671,1989-07-28T18:00:00,1989-07-29T12:00:00,1989-07-29T18:00:00,6
train_044670_lead024,train,4,44667,44670,44674,1989-07-28T18:00:00,1989-07-29T12:00:00,1989-07-30T12:00:00,24
train_044670_lead072,train,4,44667,44670,44682,1989-07-28T18:00:00,1989-07-29T12:00:00,1989-08-01T12:00:00,72
train_044699_lead006,train,4,44696,44699,44700,1989-08-05T00:00:00,1989-08-05T18:00:00,1989-08-06T00:00:00,6
train_044699_lead024,train,4,44696,44699,44703,1989-08-05T00:00:00,1989-08-05T18:00:00,1989-08-06T18:00:00,24
train_044699_lead072,train,4,44696,44699,44711,1989-08-05T00:00:00,1989-08-05T18:00:00,1989-08-08T18:00:00,72
train_044727_lead006,train,4,44724,44727,44728,1989-08-12T00:00:00,1989-08-12T18:00:00,1989-08-13T00:00:00,6
train_044727_lead024,train,4,44724,44727,44731,1989-08-12T00:00:00,1989-08-12T18:00:00,1989-08-13T18:00:00,24
train_044727_lead072,train,4,44724,44727,44739,1989-08-12T00:00:00,1989-08-12T18:00:00,1989-08-15T18:00:00,72
train_044756_lead006,train,4,44753,44756,44757,1989-08-19T06:00:00,1989-08-20T00:00:00,1989-08-20T06:00:00,6
train_044756_lead024,train,4,44753,44756,44760,1989-08-19T06:00:00,1989-08-20T00:00:00,1989-08-21T00:00:00,24
train_044756_lead072,train,4,44753,44756,44768,1989-08-19T06:00:00,1989-08-20T00:00:00,1989-08-23T00:00:00,72
train_044784_lead006,train,4,44781,44784,44785,1989-08-26T06:00:00,1989-08-27T00:00:00,1989-08-27T06:00:00,6
train_044784_lead024,train,4,44781,44784,44788,1989-08-26T06:00:00,1989-08-27T00:00:00,1989-08-28T00:00:00,24
train_044784_lead072,train,4,44781,44784,44796,1989-08-26T06:00:00,1989-08-27T00:00:00,1989-08-30T00:00:00,72
train_044813_lead006,train,4,44810,44813,44814,1989-09-02T12:00:00,1989-09-03T06:00:00,1989-09-03T12:00:00,6
train_044813_lead024,train,4,44810,44813,44817,1989-09-02T12:00:00,1989-09-03T06:00:00,1989-09-04T06:00:00,24
train_044813_lead072,train,4,44810,44813,44825,1989-09-02T12:00:00,1989-09-03T06:00:00,1989-09-06T06:00:00,72
train_044841_lead006,train,4,44838,44841,44842,1989-09-09T12:00:00,1989-09-10T06:00:00,1989-09-10T12:00:00,6
train_044841_lead024,train,4,44838,44841,44845,1989-09-09T12:00:00,1989-09-10T06:00:00,1989-09-11T06:00:00,24
train_044841_lead072,train,4,44838,44841,44853,1989-09-09T12:00:00,1989-09-10T06:00:00,1989-09-13T06:00:00,72
train_044870_lead006,train,4,44867,44870,44871,1989-09-16T18:00:00,1989-09-17T12:00:00,1989-09-17T18:00:00,6
train_044870_lead024,train,4,44867,44870,44874,1989-09-16T18:00:00,1989-09-17T12:00:00,1989-09-18T12:00:00,24
train_044870_lead072,train,4,44867,44870,44882,1989-09-16T18:00:00,1989-09-17T12:00:00,1989-09-20T12:00:00,72
train_044899_lead006,train,4,44896,44899,44900,1989-09-24T00:00:00,1989-09-24T18:00:00,1989-09-25T00:00:00,6
train_044899_lead024,train,4,44896,44899,44903,1989-09-24T00:00:00,1989-09-24T18:00:00,1989-09-25T18:00:00,24
train_044899_lead072,train,4,44896,44899,44911,1989-09-24T00:00:00,1989-09-24T18:00:00,1989-09-27T18:00:00,72
train_044927_lead006,train,4,44924,44927,44928,1989-10-01T00:00:00,1989-10-01T18:00:00,1989-10-02T00:00:00,6
train_044927_lead024,train,4,44924,44927,44931,1989-10-01T00:00:00,1989-10-01T18:00:00,1989-10-02T18:00:00,24
train_044927_lead072,train,4,44924,44927,44939,1989-10-01T00:00:00,1989-10-01T18:00:00,1989-10-04T18:00:00,72
train_044956_lead006,train,4,44953,44956,44957,1989-10-08T06:00:00,1989-10-09T00:00:00,1989-10-09T06:00:00,6
train_044956_lead024,train,4,44953,44956,44960,1989-10-08T06:00:00,1989-10-09T00:00:00,1989-10-10T00:00:00,24
train_044956_lead072,train,4,44953,44956,44968,1989-10-08T06:00:00,1989-10-09T00:00:00,1989-10-12T00:00:00,72
train_044984_lead006,train,4,44981,44984,44985,1989-10-15T06:00:00,1989-10-16T00:00:00,1989-10-16T06:00:00,6
train_044984_lead024,train,4,44981,44984,44988,1989-10-15T06:00:00,1989-10-16T00:00:00,1989-10-17T00:00:00,24
train_044984_lead072,train,4,44981,44984,44996,1989-10-15T06:00:00,1989-10-16T00:00:00,1989-10-19T00:00:00,72
train_045013_lead006,train,4,45010,45013,45014,1989-10-22T12:00:00,1989-10-23T06:00:00,1989-10-23T12:00:00,6
train_045013_lead024,train,4,45010,45013,45017,1989-10-22T12:00:00,1989-10-23T06:00:00,1989-10-24T06:00:00,24
train_045013_lead072,train,4,45010,45013,45025,1989-10-22T12:00:00,1989-10-23T06:00:00,1989-10-26T06:00:00,72
train_045041_lead006,train,4,45038,45041,45042,1989-10-29T12:00:00,1989-10-30T06:00:00,1989-10-30T12:00:00,6
train_045041_lead024,train,4,45038,45041,45045,1989-10-29T12:00:00,1989-10-30T06:00:00,1989-10-31T06:00:00,24
train_045041_lead072,train,4,45038,45041,45053,1989-10-29T12:00:00,1989-10-30T06:00:00,1989-11-02T06:00:00,72
train_045070_lead006,train,4,45067,45070,45071,1989-11-05T18:00:00,1989-11-06T12:00:00,1989-11-06T18:00:00,6
train_045070_lead024,train,4,45067,45070,45074,1989-11-05T18:00:00,1989-11-06T12:00:00,1989-11-07T12:00:00,24
train_045070_lead072,train,4,45067,45070,45082,1989-11-05T18:00:00,1989-11-06T12:00:00,1989-11-09T12:00:00,72
train_045098_lead006,train,4,45095,45098,45099,1989-11-12T18:00:00,1989-11-13T12:00:00,1989-11-13T18:00:00,6
train_045098_lead024,train,4,45095,45098,45102,1989-11-12T18:00:00,1989-11-13T12:00:00,1989-11-14T12:00:00,24
train_045098_lead072,train,4,45095,45098,45110,1989-11-12T18:00:00,1989-11-13T12:00:00,1989-11-16T12:00:00,72
train_045127_lead006,train,4,45124,45127,45128,1989-11-20T00:00:00,1989-11-20T18:00:00,1989-11-21T00:00:00,6
train_045127_lead024,train,4,45124,45127,45131,1989-11-20T00:00:00,1989-11-20T18:00:00,1989-11-21T18:00:00,24
train_045127_lead072,train,4,45124,45127,45139,1989-11-20T00:00:00,1989-11-20T18:00:00,1989-11-23T18:00:00,72
train_045155_lead006,train,4,45152,45155,45156,1989-11-27T00:00:00,1989-11-27T18:00:00,1989-11-28T00:00:00,6
train_045155_lead024,train,4,45152,45155,45159,1989-11-27T00:00:00,1989-11-27T18:00:00,1989-11-28T18:00:00,24
train_045155_lead072,train,4,45152,45155,45167,1989-11-27T00:00:00,1989-11-27T18:00:00,1989-11-30T18:00:00,72
train_045184_lead006,train,4,45181,45184,45185,1989-12-04T06:00:00,1989-12-05T00:00:00,1989-12-05T06:00:00,6
train_045184_lead024,train,4,45181,45184,45188,1989-12-04T06:00:00,1989-12-05T00:00:00,1989-12-06T00:00:00,24
train_045184_lead072,train,4,45181,45184,45196,1989-12-04T06:00:00,1989-12-05T00:00:00,1989-12-08T00:00:00,72
train_045212_lead006,train,4,45209,45212,45213,1989-12-11T06:00:00,1989-12-12T00:00:00,1989-12-12T06:00:00,6
train_045212_lead024,train,4,45209,45212,45216,1989-12-11T06:00:00,1989-12-12T00:00:00,1989-12-13T00:00:00,24
train_045212_lead072,train,4,45209,45212,45224,1989-12-11T06:00:00,1989-12-12T00:00:00,1989-12-15T00:00:00,72
train_045241_lead006,train,4,45238,45241,45242,1989-12-18T12:00:00,1989-12-19T06:00:00,1989-12-19T12:00:00,6
train_045241_lead024,train,4,45238,45241,45245,1989-12-18T12:00:00,1989-12-19T06:00:00,1989-12-20T06:00:00,24
train_045241_lead072,train,4,45238,45241,45253,1989-12-18T12:00:00,1989-12-19T06:00:00,1989-12-22T06:00:00,72
train_045269_lead006,train,4,45266,45269,45270,1989-12-25T12:00:00,1989-12-26T06:00:00,1989-12-26T12:00:00,6
train_045269_lead024,train,4,45266,45269,45273,1989-12-25T12:00:00,1989-12-26T06:00:00,1989-12-27T06:00:00,24
train_045269_lead072,train,4,45266,45269,45281,1989-12-25T12:00:00,1989-12-26T06:00:00,1989-12-29T06:00:00,72
train_045298_lead006,train,4,45295,45298,45299,1990-01-01T18:00:00,1990-01-02T12:00:00,1990-01-02T18:00:00,6
train_045298_lead024,train,4,45295,45298,45302,1990-01-01T18:00:00,1990-01-02T12:00:00,1990-01-03T12:00:00,24
train_045298_lead072,train,4,45295,45298,45310,1990-01-01T18:00:00,1990-01-02T12:00:00,1990-01-05T12:00:00,72
train_045326_lead006,train,4,45323,45326,45327,1990-01-08T18:00:00,1990-01-09T12:00:00,1990-01-09T18:00:00,6
train_045326_lead024,train,4,45323,45326,45330,1990-01-08T18:00:00,1990-01-09T12:00:00,1990-01-10T12:00:00,24
train_045326_lead072,train,4,45323,45326,45338,1990-01-08T18:00:00,1990-01-09T12:00:00,1990-01-12T12:00:00,72
train_045355_lead006,train,4,45352,45355,45356,1990-01-16T00:00:00,1990-01-16T18:00:00,1990-01-17T00:00:00,6
train_045355_lead024,train,4,45352,45355,45359,1990-01-16T00:00:00,1990-01-16T18:00:00,1990-01-17T18:00:00,24
train_045355_lead072,train,4,45352,45355,45367,1990-01-16T00:00:00,1990-01-16T18:00:00,1990-01-19T18:00:00,72
train_045384_lead006,train,4,45381,45384,45385,1990-01-23T06:00:00,1990-01-24T00:00:00,1990-01-24T06:00:00,6
train_045384_lead024,train,4,45381,45384,45388,1990-01-23T06:00:00,1990-01-24T00:00:00,1990-01-25T00:00:00,24
train_045384_lead072,train,4,45381,45384,45396,1990-01-23T06:00:00,1990-01-24T00:00:00,1990-01-27T00:00:00,72
train_045412_lead006,train,4,45409,45412,45413,1990-01-30T06:00:00,1990-01-31T00:00:00,1990-01-31T06:00:00,6
train_045412_lead024,train,4,45409,45412,45416,1990-01-30T06:00:00,1990-01-31T00:00:00,1990-02-01T00:00:00,24
train_045412_lead072,train,4,45409,45412,45424,1990-01-30T06:00:00,1990-01-31T00:00:00,1990-02-03T00:00:00,72
train_045441_lead006,train,4,45438,45441,45442,1990-02-06T12:00:00,1990-02-07T06:00:00,1990-02-07T12:00:00,6
train_045441_lead024,train,4,45438,45441,45445,1990-02-06T12:00:00,1990-02-07T06:00:00,1990-02-08T06:00:00,24
train_045441_lead072,train,4,45438,45441,45453,1990-02-06T12:00:00,1990-02-07T06:00:00,1990-02-10T06:00:00,72
train_045469_lead006,train,4,45466,45469,45470,1990-02-13T12:00:00,1990-02-14T06:00:00,1990-02-14T12:00:00,6
train_045469_lead024,train,4,45466,45469,45473,1990-02-13T12:00:00,1990-02-14T06:00:00,1990-02-15T06:00:00,24
train_045469_lead072,train,4,45466,45469,45481,1990-02-13T12:00:00,1990-02-14T06:00:00,1990-02-17T06:00:00,72
train_045498_lead006,train,4,45495,45498,45499,1990-02-20T18:00:00,1990-02-21T12:00:00,1990-02-21T18:00:00,6
train_045498_lead024,train,4,45495,45498,45502,1990-02-20T18:00:00,1990-02-21T12:00:00,1990-02-22T12:00:00,24
train_045498_lead072,train,4,45495,45498,45510,1990-02-20T18:00:00,1990-02-21T12:00:00,1990-02-24T12:00:00,72
train_045526_lead006,train,4,45523,45526,45527,1990-02-27T18:00:00,1990-02-28T12:00:00,1990-02-28T18:00:00,6
train_045526_lead024,train,4,45523,45526,45530,1990-02-27T18:00:00,1990-02-28T12:00:00,1990-03-01T12:00:00,24
train_045526_lead072,train,4,45523,45526,45538,1990-02-27T18:00:00,1990-02-28T12:00:00,1990-03-03T12:00:00,72
train_045555_lead006,train,4,45552,45555,45556,1990-03-07T00:00:00,1990-03-07T18:00:00,1990-03-08T00:00:00,6
train_045555_lead024,train,4,45552,45555,45559,1990-03-07T00:00:00,1990-03-07T18:00:00,1990-03-08T18:00:00,24
train_045555_lead072,train,4,45552,45555,45567,1990-03-07T00:00:00,1990-03-07T18:00:00,1990-03-10T18:00:00,72
train_045583_lead006,train,4,45580,45583,45584,1990-03-14T00:00:00,1990-03-14T18:00:00,1990-03-15T00:00:00,6
train_045583_lead024,train,4,45580,45583,45587,1990-03-14T00:00:00,1990-03-14T18:00:00,1990-03-15T18:00:00,24
train_045583_lead072,train,4,45580,45583,45595,1990-03-14T00:00:00,1990-03-14T18:00:00,1990-03-17T18:00:00,72
train_045612_lead006,train,4,45609,45612,45613,1990-03-21T06:00:00,1990-03-22T00:00:00,1990-03-22T06:00:00,6
train_045612_lead024,train,4,45609,45612,45616,1990-03-21T06:00:00,1990-03-22T00:00:00,1990-03-23T00:00:00,24
train_045612_lead072,train,4,45609,45612,45624,1990-03-21T06:00:00,1990-03-22T00:00:00,1990-03-25T00:00:00,72
train_045640_lead006,train,4,45637,45640,45641,1990-03-28T06:00:00,1990-03-29T00:00:00,1990-03-29T06:00:00,6
train_045640_lead024,train,4,45637,45640,45644,1990-03-28T06:00:00,1990-03-29T00:00:00,1990-03-30T00:00:00,24
train_045640_lead072,train,4,45637,45640,45652,1990-03-28T06:00:00,1990-03-29T00:00:00,1990-04-01T00:00:00,72
train_045669_lead006,train,4,45666,45669,45670,1990-04-04T12:00:00,1990-04-05T06:00:00,1990-04-05T12:00:00,6
train_045669_lead024,train,4,45666,45669,45673,1990-04-04T12:00:00,1990-04-05T06:00:00,1990-04-06T06:00:00,24
train_045669_lead072,train,4,45666,45669,45681,1990-04-04T12:00:00,1990-04-05T06:00:00,1990-04-08T06:00:00,72
train_045697_lead006,train,4,45694,45697,45698,1990-04-11T12:00:00,1990-04-12T06:00:00,1990-04-12T12:00:00,6
train_045697_lead024,train,4,45694,45697,45701,1990-04-11T12:00:00,1990-04-12T06:00:00,1990-04-13T06:00:00,24
train_045697_lead072,train,4,45694,45697,45709,1990-04-11T12:00:00,1990-04-12T06:00:00,1990-04-15T06:00:00,72
train_045726_lead006,train,4,45723,45726,45727,1990-04-18T18:00:00,1990-04-19T12:00:00,1990-04-19T18:00:00,6
train_045726_lead024,train,4,45723,45726,45730,1990-04-18T18:00:00,1990-04-19T12:00:00,1990-04-20T12:00:00,24
train_045726_lead072,train,4,45723,45726,45738,1990-04-18T18:00:00,1990-04-19T12:00:00,1990-04-22T12:00:00,72
train_045754_lead006,train,4,45751,45754,45755,1990-04-25T18:00:00,1990-04-26T12:00:00,1990-04-26T18:00:00,6
train_045754_lead024,train,4,45751,45754,45758,1990-04-25T18:00:00,1990-04-26T12:00:00,1990-04-27T12:00:00,24
train_045754_lead072,train,4,45751,45754,45766,1990-04-25T18:00:00,1990-04-26T12:00:00,1990-04-29T12:00:00,72
train_045783_lead006,train,4,45780,45783,45784,1990-05-03T00:00:00,1990-05-03T18:00:00,1990-05-04T00:00:00,6
train_045783_lead024,train,4,45780,45783,45787,1990-05-03T00:00:00,1990-05-03T18:00:00,1990-05-04T18:00:00,24
train_045783_lead072,train,4,45780,45783,45795,1990-05-03T00:00:00,1990-05-03T18:00:00,1990-05-06T18:00:00,72
train_045811_lead006,train,4,45808,45811,45812,1990-05-10T00:00:00,1990-05-10T18:00:00,1990-05-11T00:00:00,6
train_045811_lead024,train,4,45808,45811,45815,1990-05-10T00:00:00,1990-05-10T18:00:00,1990-05-11T18:00:00,24
train_045811_lead072,train,4,45808,45811,45823,1990-05-10T00:00:00,1990-05-10T18:00:00,1990-05-13T18:00:00,72
train_045840_lead006,train,4,45837,45840,45841,1990-05-17T06:00:00,1990-05-18T00:00:00,1990-05-18T06:00:00,6
train_045840_lead024,train,4,45837,45840,45844,1990-05-17T06:00:00,1990-05-18T00:00:00,1990-05-19T00:00:00,24
train_045840_lead072,train,4,45837,45840,45852,1990-05-17T06:00:00,1990-05-18T00:00:00,1990-05-21T00:00:00,72
train_045868_lead006,train,4,45865,45868,45869,1990-05-24T06:00:00,1990-05-25T00:00:00,1990-05-25T06:00:00,6
train_045868_lead024,train,4,45865,45868,45872,1990-05-24T06:00:00,1990-05-25T00:00:00,1990-05-26T00:00:00,24
train_045868_lead072,train,4,45865,45868,45880,1990-05-24T06:00:00,1990-05-25T00:00:00,1990-05-28T00:00:00,72
train_045897_lead006,train,4,45894,45897,45898,1990-05-31T12:00:00,1990-06-01T06:00:00,1990-06-01T12:00:00,6
train_045897_lead024,train,4,45894,45897,45901,1990-05-31T12:00:00,1990-06-01T06:00:00,1990-06-02T06:00:00,24
train_045897_lead072,train,4,45894,45897,45909,1990-05-31T12:00:00,1990-06-01T06:00:00,1990-06-04T06:00:00,72
train_045926_lead006,train,4,45923,45926,45927,1990-06-07T18:00:00,1990-06-08T12:00:00,1990-06-08T18:00:00,6
train_045926_lead024,train,4,45923,45926,45930,1990-06-07T18:00:00,1990-06-08T12:00:00,1990-06-09T12:00:00,24
train_045926_lead072,train,4,45923,45926,45938,1990-06-07T18:00:00,1990-06-08T12:00:00,1990-06-11T12:00:00,72
train_045954_lead006,train,4,45951,45954,45955,1990-06-14T18:00:00,1990-06-15T12:00:00,1990-06-15T18:00:00,6
train_045954_lead024,train,4,45951,45954,45958,1990-06-14T18:00:00,1990-06-15T12:00:00,1990-06-16T12:00:00,24
train_045954_lead072,train,4,45951,45954,45966,1990-06-14T18:00:00,1990-06-15T12:00:00,1990-06-18T12:00:00,72
train_045983_lead006,train,4,45980,45983,45984,1990-06-22T00:00:00,1990-06-22T18:00:00,1990-06-23T00:00:00,6
train_045983_lead024,train,4,45980,45983,45987,1990-06-22T00:00:00,1990-06-22T18:00:00,1990-06-23T18:00:00,24
train_045983_lead072,train,4,45980,45983,45995,1990-06-22T00:00:00,1990-06-22T18:00:00,1990-06-25T18:00:00,72
train_046011_lead006,train,4,46008,46011,46012,1990-06-29T00:00:00,1990-06-29T18:00:00,1990-06-30T00:00:00,6
train_046011_lead024,train,4,46008,46011,46015,1990-06-29T00:00:00,1990-06-29T18:00:00,1990-06-30T18:00:00,24
train_046011_lead072,train,4,46008,46011,46023,1990-06-29T00:00:00,1990-06-29T18:00:00,1990-07-02T18:00:00,72
train_046040_lead006,train,4,46037,46040,46041,1990-07-06T06:00:00,1990-07-07T00:00:00,1990-07-07T06:00:00,6
train_046040_lead024,train,4,46037,46040,46044,1990-07-06T06:00:00,1990-07-07T00:00:00,1990-07-08T00:00:00,24
train_046040_lead072,train,4,46037,46040,46052,1990-07-06T06:00:00,1990-07-07T00:00:00,1990-07-10T00:00:00,72
train_046068_lead006,train,4,46065,46068,46069,1990-07-13T06:00:00,1990-07-14T00:00:00,1990-07-14T06:00:00,6
train_046068_lead024,train,4,46065,46068,46072,1990-07-13T06:00:00,1990-07-14T00:00:00,1990-07-15T00:00:00,24
train_046068_lead072,train,4,46065,46068,46080,1990-07-13T06:00:00,1990-07-14T00:00:00,1990-07-17T00:00:00,72
train_046097_lead006,train,4,46094,46097,46098,1990-07-20T12:00:00,1990-07-21T06:00:00,1990-07-21T12:00:00,6
train_046097_lead024,train,4,46094,46097,46101,1990-07-20T12:00:00,1990-07-21T06:00:00,1990-07-22T06:00:00,24
train_046097_lead072,train,4,46094,46097,46109,1990-07-20T12:00:00,1990-07-21T06:00:00,1990-07-24T06:00:00,72
train_046125_lead006,train,4,46122,46125,46126,1990-07-27T12:00:00,1990-07-28T06:00:00,1990-07-28T12:00:00,6
train_046125_lead024,train,4,46122,46125,46129,1990-07-27T12:00:00,1990-07-28T06:00:00,1990-07-29T06:00:00,24
train_046125_lead072,train,4,46122,46125,46137,1990-07-27T12:00:00,1990-07-28T06:00:00,1990-07-31T06:00:00,72
train_046154_lead006,train,4,46151,46154,46155,1990-08-03T18:00:00,1990-08-04T12:00:00,1990-08-04T18:00:00,6
train_046154_lead024,train,4,46151,46154,46158,1990-08-03T18:00:00,1990-08-04T12:00:00,1990-08-05T12:00:00,24
train_046154_lead072,train,4,46151,46154,46166,1990-08-03T18:00:00,1990-08-04T12:00:00,1990-08-07T12:00:00,72
train_046182_lead006,train,4,46179,46182,46183,1990-08-10T18:00:00,1990-08-11T12:00:00,1990-08-11T18:00:00,6
train_046182_lead024,train,4,46179,46182,46186,1990-08-10T18:00:00,1990-08-11T12:00:00,1990-08-12T12:00:00,24
train_046182_lead072,train,4,46179,46182,46194,1990-08-10T18:00:00,1990-08-11T12:00:00,1990-08-14T12:00:00,72
train_046211_lead006,train,4,46208,46211,46212,1990-08-18T00:00:00,1990-08-18T18:00:00,1990-08-19T00:00:00,6
train_046211_lead024,train,4,46208,46211,46215,1990-08-18T00:00:00,1990-08-18T18:00:00,1990-08-19T18:00:00,24
train_046211_lead072,train,4,46208,46211,46223,1990-08-18T00:00:00,1990-08-18T18:00:00,1990-08-21T18:00:00,72
train_046239_lead006,train,4,46236,46239,46240,1990-08-25T00:00:00,1990-08-25T18:00:00,1990-08-26T00:00:00,6
train_046239_lead024,train,4,46236,46239,46243,1990-08-25T00:00:00,1990-08-25T18:00:00,1990-08-26T18:00:00,24
train_046239_lead072,train,4,46236,46239,46251,1990-08-25T00:00:00,1990-08-25T18:00:00,1990-08-28T18:00:00,72
train_046268_lead006,train,4,46265,46268,46269,1990-09-01T06:00:00,1990-09-02T00:00:00,1990-09-02T06:00:00,6
train_046268_lead024,train,4,46265,46268,46272,1990-09-01T06:00:00,1990-09-02T00:00:00,1990-09-03T00:00:00,24
train_046268_lead072,train,4,46265,46268,46280,1990-09-01T06:00:00,1990-09-02T00:00:00,1990-09-05T00:00:00,72
train_046296_lead006,train,4,46293,46296,46297,1990-09-08T06:00:00,1990-09-09T00:00:00,1990-09-09T06:00:00,6
train_046296_lead024,train,4,46293,46296,46300,1990-09-08T06:00:00,1990-09-09T00:00:00,1990-09-10T00:00:00,24
train_046296_lead072,train,4,46293,46296,46308,1990-09-08T06:00:00,1990-09-09T00:00:00,1990-09-12T00:00:00,72
train_046325_lead006,train,4,46322,46325,46326,1990-09-15T12:00:00,1990-09-16T06:00:00,1990-09-16T12:00:00,6
train_046325_lead024,train,4,46322,46325,46329,1990-09-15T12:00:00,1990-09-16T06:00:00,1990-09-17T06:00:00,24
train_046325_lead072,train,4,46322,46325,46337,1990-09-15T12:00:00,1990-09-16T06:00:00,1990-09-19T06:00:00,72
train_046353_lead006,train,4,46350,46353,46354,1990-09-22T12:00:00,1990-09-23T06:00:00,1990-09-23T12:00:00,6
train_046353_lead024,train,4,46350,46353,46357,1990-09-22T12:00:00,1990-09-23T06:00:00,1990-09-24T06:00:00,24
train_046353_lead072,train,4,46350,46353,46365,1990-09-22T12:00:00,1990-09-23T06:00:00,1990-09-26T06:00:00,72
train_046382_lead006,train,4,46379,46382,46383,1990-09-29T18:00:00,1990-09-30T12:00:00,1990-09-30T18:00:00,6
train_046382_lead024,train,4,46379,46382,46386,1990-09-29T18:00:00,1990-09-30T12:00:00,1990-10-01T12:00:00,24
train_046382_lead072,train,4,46379,46382,46394,1990-09-29T18:00:00,1990-09-30T12:00:00,1990-10-03T12:00:00,72
train_046411_lead006,train,4,46408,46411,46412,1990-10-07T00:00:00,1990-10-07T18:00:00,1990-10-08T00:00:00,6
train_046411_lead024,train,4,46408,46411,46415,1990-10-07T00:00:00,1990-10-07T18:00:00,1990-10-08T18:00:00,24
train_046411_lead072,train,4,46408,46411,46423,1990-10-07T00:00:00,1990-10-07T18:00:00,1990-10-10T18:00:00,72
train_046439_lead006,train,4,46436,46439,46440,1990-10-14T00:00:00,1990-10-14T18:00:00,1990-10-15T00:00:00,6
train_046439_lead024,train,4,46436,46439,46443,1990-10-14T00:00:00,1990-10-14T18:00:00,1990-10-15T18:00:00,24
train_046439_lead072,train,4,46436,46439,46451,1990-10-14T00:00:00,1990-10-14T18:00:00,1990-10-17T18:00:00,72
train_046468_lead006,train,4,46465,46468,46469,1990-10-21T06:00:00,1990-10-22T00:00:00,1990-10-22T06:00:00,6
train_046468_lead024,train,4,46465,46468,46472,1990-10-21T06:00:00,1990-10-22T00:00:00,1990-10-23T00:00:00,24
train_046468_lead072,train,4,46465,46468,46480,1990-10-21T06:00:00,1990-10-22T00:00:00,1990-10-25T00:00:00,72
train_046496_lead006,train,4,46493,46496,46497,1990-10-28T06:00:00,1990-10-29T00:00:00,1990-10-29T06:00:00,6
train_046496_lead024,train,4,46493,46496,46500,1990-10-28T06:00:00,1990-10-29T00:00:00,1990-10-30T00:00:00,24
train_046496_lead072,train,4,46493,46496,46508,1990-10-28T06:00:00,1990-10-29T00:00:00,1990-11-01T00:00:00,72
train_046525_lead006,train,4,46522,46525,46526,1990-11-04T12:00:00,1990-11-05T06:00:00,1990-11-05T12:00:00,6
train_046525_lead024,train,4,46522,46525,46529,1990-11-04T12:00:00,1990-11-05T06:00:00,1990-11-06T06:00:00,24
train_046525_lead072,train,4,46522,46525,46537,1990-11-04T12:00:00,1990-11-05T06:00:00,1990-11-08T06:00:00,72
train_046553_lead006,train,4,46550,46553,46554,1990-11-11T12:00:00,1990-11-12T06:00:00,1990-11-12T12:00:00,6
train_046553_lead024,train,4,46550,46553,46557,1990-11-11T12:00:00,1990-11-12T06:00:00,1990-11-13T06:00:00,24
train_046553_lead072,train,4,46550,46553,46565,1990-11-11T12:00:00,1990-11-12T06:00:00,1990-11-15T06:00:00,72
train_046582_lead006,train,4,46579,46582,46583,1990-11-18T18:00:00,1990-11-19T12:00:00,1990-11-19T18:00:00,6
train_046582_lead024,train,4,46579,46582,46586,1990-11-18T18:00:00,1990-11-19T12:00:00,1990-11-20T12:00:00,24
train_046582_lead072,train,4,46579,46582,46594,1990-11-18T18:00:00,1990-11-19T12:00:00,1990-11-22T12:00:00,72
train_046610_lead006,train,4,46607,46610,46611,1990-11-25T18:00:00,1990-11-26T12:00:00,1990-11-26T18:00:00,6
train_046610_lead024,train,4,46607,46610,46614,1990-11-25T18:00:00,1990-11-26T12:00:00,1990-11-27T12:00:00,24
train_046610_lead072,train,4,46607,46610,46622,1990-11-25T18:00:00,1990-11-26T12:00:00,1990-11-29T12:00:00,72
train_046639_lead006,train,4,46636,46639,46640,1990-12-03T00:00:00,1990-12-03T18:00:00,1990-12-04T00:00:00,6
train_046639_lead024,train,4,46636,46639,46643,1990-12-03T00:00:00,1990-12-03T18:00:00,1990-12-04T18:00:00,24
train_046639_lead072,train,4,46636,46639,46651,1990-12-03T00:00:00,1990-12-03T18:00:00,1990-12-06T18:00:00,72
train_046667_lead006,train,4,46664,46667,46668,1990-12-10T00:00:00,1990-12-10T18:00:00,1990-12-11T00:00:00,6
train_046667_lead024,train,4,46664,46667,46671,1990-12-10T00:00:00,1990-12-10T18:00:00,1990-12-11T18:00:00,24
train_046667_lead072,train,4,46664,46667,46679,1990-12-10T00:00:00,1990-12-10T18:00:00,1990-12-13T18:00:00,72
train_046696_lead006,train,4,46693,46696,46697,1990-12-17T06:00:00,1990-12-18T00:00:00,1990-12-18T06:00:00,6
train_046696_lead024,train,4,46693,46696,46700,1990-12-17T06:00:00,1990-12-18T00:00:00,1990-12-19T00:00:00,24
train_046696_lead072,train,4,46693,46696,46708,1990-12-17T06:00:00,1990-12-18T00:00:00,1990-12-21T00:00:00,72
train_046724_lead006,train,4,46721,46724,46725,1990-12-24T06:00:00,1990-12-25T00:00:00,1990-12-25T06:00:00,6
train_046724_lead024,train,4,46721,46724,46728,1990-12-24T06:00:00,1990-12-25T00:00:00,1990-12-26T00:00:00,24
train_046724_lead072,train,4,46721,46724,46736,1990-12-24T06:00:00,1990-12-25T00:00:00,1990-12-28T00:00:00,72
train_046753_lead006,train,4,46750,46753,46754,1990-12-31T12:00:00,1991-01-01T06:00:00,1991-01-01T12:00:00,6
train_046753_lead024,train,4,46750,46753,46757,1990-12-31T12:00:00,1991-01-01T06:00:00,1991-01-02T06:00:00,24
train_046753_lead072,train,4,46750,46753,46765,1990-12-31T12:00:00,1991-01-01T06:00:00,1991-01-04T06:00:00,72
train_046781_lead006,train,4,46778,46781,46782,1991-01-07T12:00:00,1991-01-08T06:00:00,1991-01-08T12:00:00,6
train_046781_lead024,train,4,46778,46781,46785,1991-01-07T12:00:00,1991-01-08T06:00:00,1991-01-09T06:00:00,24
train_046781_lead072,train,4,46778,46781,46793,1991-01-07T12:00:00,1991-01-08T06:00:00,1991-01-11T06:00:00,72
train_046810_lead006,train,4,46807,46810,46811,1991-01-14T18:00:00,1991-01-15T12:00:00,1991-01-15T18:00:00,6
train_046810_lead024,train,4,46807,46810,46814,1991-01-14T18:00:00,1991-01-15T12:00:00,1991-01-16T12:00:00,24
train_046810_lead072,train,4,46807,46810,46822,1991-01-14T18:00:00,1991-01-15T12:00:00,1991-01-18T12:00:00,72
train_046838_lead006,train,4,46835,46838,46839,1991-01-21T18:00:00,1991-01-22T12:00:00,1991-01-22T18:00:00,6
train_046838_lead024,train,4,46835,46838,46842,1991-01-21T18:00:00,1991-01-22T12:00:00,1991-01-23T12:00:00,24
train_046838_lead072,train,4,46835,46838,46850,1991-01-21T18:00:00,1991-01-22T12:00:00,1991-01-25T12:00:00,72
train_046867_lead006,train,4,46864,46867,46868,1991-01-29T00:00:00,1991-01-29T18:00:00,1991-01-30T00:00:00,6
train_046867_lead024,train,4,46864,46867,46871,1991-01-29T00:00:00,1991-01-29T18:00:00,1991-01-30T18:00:00,24
train_046867_lead072,train,4,46864,46867,46879,1991-01-29T00:00:00,1991-01-29T18:00:00,1991-02-01T18:00:00,72
train_046895_lead006,train,4,46892,46895,46896,1991-02-05T00:00:00,1991-02-05T18:00:00,1991-02-06T00:00:00,6
train_046895_lead024,train,4,46892,46895,46899,1991-02-05T00:00:00,1991-02-05T18:00:00,1991-02-06T18:00:00,24
train_046895_lead072,train,4,46892,46895,46907,1991-02-05T00:00:00,1991-02-05T18:00:00,1991-02-08T18:00:00,72
train_046924_lead006,train,4,46921,46924,46925,1991-02-12T06:00:00,1991-02-13T00:00:00,1991-02-13T06:00:00,6
train_046924_lead024,train,4,46921,46924,46928,1991-02-12T06:00:00,1991-02-13T00:00:00,1991-02-14T00:00:00,24
train_046924_lead072,train,4,46921,46924,46936,1991-02-12T06:00:00,1991-02-13T00:00:00,1991-02-16T00:00:00,72
train_046953_lead006,train,4,46950,46953,46954,1991-02-19T12:00:00,1991-02-20T06:00:00,1991-02-20T12:00:00,6
train_046953_lead024,train,4,46950,46953,46957,1991-02-19T12:00:00,1991-02-20T06:00:00,1991-02-21T06:00:00,24
train_046953_lead072,train,4,46950,46953,46965,1991-02-19T12:00:00,1991-02-20T06:00:00,1991-02-23T06:00:00,72
train_046981_lead006,train,4,46978,46981,46982,1991-02-26T12:00:00,1991-02-27T06:00:00,1991-02-27T12:00:00,6
train_046981_lead024,train,4,46978,46981,46985,1991-02-26T12:00:00,1991-02-27T06:00:00,1991-02-28T06:00:00,24
train_046981_lead072,train,4,46978,46981,46993,1991-02-26T12:00:00,1991-02-27T06:00:00,1991-03-02T06:00:00,72
train_047010_lead006,train,4,47007,47010,47011,1991-03-05T18:00:00,1991-03-06T12:00:00,1991-03-06T18:00:00,6
train_047010_lead024,train,4,47007,47010,47014,1991-03-05T18:00:00,1991-03-06T12:00:00,1991-03-07T12:00:00,24
train_047010_lead072,train,4,47007,47010,47022,1991-03-05T18:00:00,1991-03-06T12:00:00,1991-03-09T12:00:00,72
train_047038_lead006,train,4,47035,47038,47039,1991-03-12T18:00:00,1991-03-13T12:00:00,1991-03-13T18:00:00,6
train_047038_lead024,train,4,47035,47038,47042,1991-03-12T18:00:00,1991-03-13T12:00:00,1991-03-14T12:00:00,24
train_047038_lead072,train,4,47035,47038,47050,1991-03-12T18:00:00,1991-03-13T12:00:00,1991-03-16T12:00:00,72
train_047067_lead006,train,4,47064,47067,47068,1991-03-20T00:00:00,1991-03-20T18:00:00,1991-03-21T00:00:00,6
train_047067_lead024,train,4,47064,47067,47071,1991-03-20T00:00:00,1991-03-20T18:00:00,1991-03-21T18:00:00,24
train_047067_lead072,train,4,47064,47067,47079,1991-03-20T00:00:00,1991-03-20T18:00:00,1991-03-23T18:00:00,72
train_047095_lead006,train,4,47092,47095,47096,1991-03-27T00:00:00,1991-03-27T18:00:00,1991-03-28T00:00:00,6
train_047095_lead024,train,4,47092,47095,47099,1991-03-27T00:00:00,1991-03-27T18:00:00,1991-03-28T18:00:00,24
train_047095_lead072,train,4,47092,47095,47107,1991-03-27T00:00:00,1991-03-27T18:00:00,1991-03-30T18:00:00,72
train_047124_lead006,train,4,47121,47124,47125,1991-04-03T06:00:00,1991-04-04T00:00:00,1991-04-04T06:00:00,6
train_047124_lead024,train,4,47121,47124,47128,1991-04-03T06:00:00,1991-04-04T00:00:00,1991-04-05T00:00:00,24
train_047124_lead072,train,4,47121,47124,47136,1991-04-03T06:00:00,1991-04-04T00:00:00,1991-04-07T00:00:00,72
train_047152_lead006,train,4,47149,47152,47153,1991-04-10T06:00:00,1991-04-11T00:00:00,1991-04-11T06:00:00,6
train_047152_lead024,train,4,47149,47152,47156,1991-04-10T06:00:00,1991-04-11T00:00:00,1991-04-12T00:00:00,24
train_047152_lead072,train,4,47149,47152,47164,1991-04-10T06:00:00,1991-04-11T00:00:00,1991-04-14T00:00:00,72
train_047181_lead006,train,4,47178,47181,47182,1991-04-17T12:00:00,1991-04-18T06:00:00,1991-04-18T12:00:00,6
train_047181_lead024,train,4,47178,47181,47185,1991-04-17T12:00:00,1991-04-18T06:00:00,1991-04-19T06:00:00,24
train_047181_lead072,train,4,47178,47181,47193,1991-04-17T12:00:00,1991-04-18T06:00:00,1991-04-21T06:00:00,72
train_047209_lead006,train,4,47206,47209,47210,1991-04-24T12:00:00,1991-04-25T06:00:00,1991-04-25T12:00:00,6
train_047209_lead024,train,4,47206,47209,47213,1991-04-24T12:00:00,1991-04-25T06:00:00,1991-04-26T06:00:00,24
train_047209_lead072,train,4,47206,47209,47221,1991-04-24T12:00:00,1991-04-25T06:00:00,1991-04-28T06:00:00,72
train_047238_lead006,train,4,47235,47238,47239,1991-05-01T18:00:00,1991-05-02T12:00:00,1991-05-02T18:00:00,6
train_047238_lead024,train,4,47235,47238,47242,1991-05-01T18:00:00,1991-05-02T12:00:00,1991-05-03T12:00:00,24
train_047238_lead072,train,4,47235,47238,47250,1991-05-01T18:00:00,1991-05-02T12:00:00,1991-05-05T12:00:00,72
train_047266_lead006,train,4,47263,47266,47267,1991-05-08T18:00:00,1991-05-09T12:00:00,1991-05-09T18:00:00,6
train_047266_lead024,train,4,47263,47266,47270,1991-05-08T18:00:00,1991-05-09T12:00:00,1991-05-10T12:00:00,24
train_047266_lead072,train,4,47263,47266,47278,1991-05-08T18:00:00,1991-05-09T12:00:00,1991-05-12T12:00:00,72
train_047295_lead006,train,4,47292,47295,47296,1991-05-16T00:00:00,1991-05-16T18:00:00,1991-05-17T00:00:00,6
train_047295_lead024,train,4,47292,47295,47299,1991-05-16T00:00:00,1991-05-16T18:00:00,1991-05-17T18:00:00,24
train_047295_lead072,train,4,47292,47295,47307,1991-05-16T00:00:00,1991-05-16T18:00:00,1991-05-19T18:00:00,72
train_047323_lead006,train,4,47320,47323,47324,1991-05-23T00:00:00,1991-05-23T18:00:00,1991-05-24T00:00:00,6
train_047323_lead024,train,4,47320,47323,47327,1991-05-23T00:00:00,1991-05-23T18:00:00,1991-05-24T18:00:00,24
train_047323_lead072,train,4,47320,47323,47335,1991-05-23T00:00:00,1991-05-23T18:00:00,1991-05-26T18:00:00,72
train_047352_lead006,train,4,47349,47352,47353,1991-05-30T06:00:00,1991-05-31T00:00:00,1991-05-31T06:00:00,6
train_047352_lead024,train,4,47349,47352,47356,1991-05-30T06:00:00,1991-05-31T00:00:00,1991-06-01T00:00:00,24
train_047352_lead072,train,4,47349,47352,47364,1991-05-30T06:00:00,1991-05-31T00:00:00,1991-06-03T00:00:00,72
train_047380_lead006,train,4,47377,47380,47381,1991-06-06T06:00:00,1991-06-07T00:00:00,1991-06-07T06:00:00,6
train_047380_lead024,train,4,47377,47380,47384,1991-06-06T06:00:00,1991-06-07T00:00:00,1991-06-08T00:00:00,24
train_047380_lead072,train,4,47377,47380,47392,1991-06-06T06:00:00,1991-06-07T00:00:00,1991-06-10T00:00:00,72
train_047409_lead006,train,4,47406,47409,47410,1991-06-13T12:00:00,1991-06-14T06:00:00,1991-06-14T12:00:00,6
train_047409_lead024,train,4,47406,47409,47413,1991-06-13T12:00:00,1991-06-14T06:00:00,1991-06-15T06:00:00,24
train_047409_lead072,train,4,47406,47409,47421,1991-06-13T12:00:00,1991-06-14T06:00:00,1991-06-17T06:00:00,72
train_047438_lead006,train,4,47435,47438,47439,1991-06-20T18:00:00,1991-06-21T12:00:00,1991-06-21T18:00:00,6
train_047438_lead024,train,4,47435,47438,47442,1991-06-20T18:00:00,1991-06-21T12:00:00,1991-06-22T12:00:00,24
train_047438_lead072,train,4,47435,47438,47450,1991-06-20T18:00:00,1991-06-21T12:00:00,1991-06-24T12:00:00,72
train_047466_lead006,train,4,47463,47466,47467,1991-06-27T18:00:00,1991-06-28T12:00:00,1991-06-28T18:00:00,6
train_047466_lead024,train,4,47463,47466,47470,1991-06-27T18:00:00,1991-06-28T12:00:00,1991-06-29T12:00:00,24
train_047466_lead072,train,4,47463,47466,47478,1991-06-27T18:00:00,1991-06-28T12:00:00,1991-07-01T12:00:00,72
train_047495_lead006,train,4,47492,47495,47496,1991-07-05T00:00:00,1991-07-05T18:00:00,1991-07-06T00:00:00,6
train_047495_lead024,train,4,47492,47495,47499,1991-07-05T00:00:00,1991-07-05T18:00:00,1991-07-06T18:00:00,24
train_047495_lead072,train,4,47492,47495,47507,1991-07-05T00:00:00,1991-07-05T18:00:00,1991-07-08T18:00:00,72
train_047523_lead006,train,4,47520,47523,47524,1991-07-12T00:00:00,1991-07-12T18:00:00,1991-07-13T00:00:00,6
train_047523_lead024,train,4,47520,47523,47527,1991-07-12T00:00:00,1991-07-12T18:00:00,1991-07-13T18:00:00,24
train_047523_lead072,train,4,47520,47523,47535,1991-07-12T00:00:00,1991-07-12T18:00:00,1991-07-15T18:00:00,72
train_047552_lead006,train,4,47549,47552,47553,1991-07-19T06:00:00,1991-07-20T00:00:00,1991-07-20T06:00:00,6
train_047552_lead024,train,4,47549,47552,47556,1991-07-19T06:00:00,1991-07-20T00:00:00,1991-07-21T00:00:00,24
train_047552_lead072,train,4,47549,47552,47564,1991-07-19T06:00:00,1991-07-20T00:00:00,1991-07-23T00:00:00,72
train_047580_lead006,train,4,47577,47580,47581,1991-07-26T06:00:00,1991-07-27T00:00:00,1991-07-27T06:00:00,6
train_047580_lead024,train,4,47577,47580,47584,1991-07-26T06:00:00,1991-07-27T00:00:00,1991-07-28T00:00:00,24
train_047580_lead072,train,4,47577,47580,47592,1991-07-26T06:00:00,1991-07-27T00:00:00,1991-07-30T00:00:00,72
train_047609_lead006,train,4,47606,47609,47610,1991-08-02T12:00:00,1991-08-03T06:00:00,1991-08-03T12:00:00,6
train_047609_lead024,train,4,47606,47609,47613,1991-08-02T12:00:00,1991-08-03T06:00:00,1991-08-04T06:00:00,24
train_047609_lead072,train,4,47606,47609,47621,1991-08-02T12:00:00,1991-08-03T06:00:00,1991-08-06T06:00:00,72
train_047637_lead006,train,4,47634,47637,47638,1991-08-09T12:00:00,1991-08-10T06:00:00,1991-08-10T12:00:00,6
train_047637_lead024,train,4,47634,47637,47641,1991-08-09T12:00:00,1991-08-10T06:00:00,1991-08-11T06:00:00,24
train_047637_lead072,train,4,47634,47637,47649,1991-08-09T12:00:00,1991-08-10T06:00:00,1991-08-13T06:00:00,72
train_047666_lead006,train,4,47663,47666,47667,1991-08-16T18:00:00,1991-08-17T12:00:00,1991-08-17T18:00:00,6
train_047666_lead024,train,4,47663,47666,47670,1991-08-16T18:00:00,1991-08-17T12:00:00,1991-08-18T12:00:00,24
train_047666_lead072,train,4,47663,47666,47678,1991-08-16T18:00:00,1991-08-17T12:00:00,1991-08-20T12:00:00,72
train_047694_lead006,train,4,47691,47694,47695,1991-08-23T18:00:00,1991-08-24T12:00:00,1991-08-24T18:00:00,6
train_047694_lead024,train,4,47691,47694,47698,1991-08-23T18:00:00,1991-08-24T12:00:00,1991-08-25T12:00:00,24
train_047694_lead072,train,4,47691,47694,47706,1991-08-23T18:00:00,1991-08-24T12:00:00,1991-08-27T12:00:00,72
train_047723_lead006,train,4,47720,47723,47724,1991-08-31T00:00:00,1991-08-31T18:00:00,1991-09-01T00:00:00,6
train_047723_lead024,train,4,47720,47723,47727,1991-08-31T00:00:00,1991-08-31T18:00:00,1991-09-01T18:00:00,24
train_047723_lead072,train,4,47720,47723,47735,1991-08-31T00:00:00,1991-08-31T18:00:00,1991-09-03T18:00:00,72
train_047751_lead006,train,4,47748,47751,47752,1991-09-07T00:00:00,1991-09-07T18:00:00,1991-09-08T00:00:00,6
train_047751_lead024,train,4,47748,47751,47755,1991-09-07T00:00:00,1991-09-07T18:00:00,1991-09-08T18:00:00,24
train_047751_lead072,train,4,47748,47751,47763,1991-09-07T00:00:00,1991-09-07T18:00:00,1991-09-10T18:00:00,72
train_047780_lead006,train,4,47777,47780,47781,1991-09-14T06:00:00,1991-09-15T00:00:00,1991-09-15T06:00:00,6
train_047780_lead024,train,4,47777,47780,47784,1991-09-14T06:00:00,1991-09-15T00:00:00,1991-09-16T00:00:00,24
train_047780_lead072,train,4,47777,47780,47792,1991-09-14T06:00:00,1991-09-15T00:00:00,1991-09-18T00:00:00,72
train_047808_lead006,train,4,47805,47808,47809,1991-09-21T06:00:00,1991-09-22T00:00:00,1991-09-22T06:00:00,6
train_047808_lead024,train,4,47805,47808,47812,1991-09-21T06:00:00,1991-09-22T00:00:00,1991-09-23T00:00:00,24
train_047808_lead072,train,4,47805,47808,47820,1991-09-21T06:00:00,1991-09-22T00:00:00,1991-09-25T00:00:00,72
train_047837_lead006,train,4,47834,47837,47838,1991-09-28T12:00:00,1991-09-29T06:00:00,1991-09-29T12:00:00,6
train_047837_lead024,train,4,47834,47837,47841,1991-09-28T12:00:00,1991-09-29T06:00:00,1991-09-30T06:00:00,24
train_047837_lead072,train,4,47834,47837,47849,1991-09-28T12:00:00,1991-09-29T06:00:00,1991-10-02T06:00:00,72
train_047865_lead006,train,4,47862,47865,47866,1991-10-05T12:00:00,1991-10-06T06:00:00,1991-10-06T12:00:00,6
train_047865_lead024,train,4,47862,47865,47869,1991-10-05T12:00:00,1991-10-06T06:00:00,1991-10-07T06:00:00,24
train_047865_lead072,train,4,47862,47865,47877,1991-10-05T12:00:00,1991-10-06T06:00:00,1991-10-09T06:00:00,72
train_047894_lead006,train,4,47891,47894,47895,1991-10-12T18:00:00,1991-10-13T12:00:00,1991-10-13T18:00:00,6
train_047894_lead024,train,4,47891,47894,47898,1991-10-12T18:00:00,1991-10-13T12:00:00,1991-10-14T12:00:00,24
train_047894_lead072,train,4,47891,47894,47906,1991-10-12T18:00:00,1991-10-13T12:00:00,1991-10-16T12:00:00,72
train_047922_lead006,train,4,47919,47922,47923,1991-10-19T18:00:00,1991-10-20T12:00:00,1991-10-20T18:00:00,6
train_047922_lead024,train,4,47919,47922,47926,1991-10-19T18:00:00,1991-10-20T12:00:00,1991-10-21T12:00:00,24
train_047922_lead072,train,4,47919,47922,47934,1991-10-19T18:00:00,1991-10-20T12:00:00,1991-10-23T12:00:00,72
train_047951_lead006,train,4,47948,47951,47952,1991-10-27T00:00:00,1991-10-27T18:00:00,1991-10-28T00:00:00,6
train_047951_lead024,train,4,47948,47951,47955,1991-10-27T00:00:00,1991-10-27T18:00:00,1991-10-28T18:00:00,24
train_047951_lead072,train,4,47948,47951,47963,1991-10-27T00:00:00,1991-10-27T18:00:00,1991-10-30T18:00:00,72
train_047980_lead006,train,4,47977,47980,47981,1991-11-03T06:00:00,1991-11-04T00:00:00,1991-11-04T06:00:00,6
train_047980_lead024,train,4,47977,47980,47984,1991-11-03T06:00:00,1991-11-04T00:00:00,1991-11-05T00:00:00,24
train_047980_lead072,train,4,47977,47980,47992,1991-11-03T06:00:00,1991-11-04T00:00:00,1991-11-07T00:00:00,72
train_048008_lead006,train,4,48005,48008,48009,1991-11-10T06:00:00,1991-11-11T00:00:00,1991-11-11T06:00:00,6
train_048008_lead024,train,4,48005,48008,48012,1991-11-10T06:00:00,1991-11-11T00:00:00,1991-11-12T00:00:00,24
train_048008_lead072,train,4,48005,48008,48020,1991-11-10T06:00:00,1991-11-11T00:00:00,1991-11-14T00:00:00,72
train_048037_lead006,train,4,48034,48037,48038,1991-11-17T12:00:00,1991-11-18T06:00:00,1991-11-18T12:00:00,6
train_048037_lead024,train,4,48034,48037,48041,1991-11-17T12:00:00,1991-11-18T06:00:00,1991-11-19T06:00:00,24
train_048037_lead072,train,4,48034,48037,48049,1991-11-17T12:00:00,1991-11-18T06:00:00,1991-11-21T06:00:00,72
train_048065_lead006,train,4,48062,48065,48066,1991-11-24T12:00:00,1991-11-25T06:00:00,1991-11-25T12:00:00,6
train_048065_lead024,train,4,48062,48065,48069,1991-11-24T12:00:00,1991-11-25T06:00:00,1991-11-26T06:00:00,24
train_048065_lead072,train,4,48062,48065,48077,1991-11-24T12:00:00,1991-11-25T06:00:00,1991-11-28T06:00:00,72
train_048094_lead006,train,4,48091,48094,48095,1991-12-01T18:00:00,1991-12-02T12:00:00,1991-12-02T18:00:00,6
train_048094_lead024,train,4,48091,48094,48098,1991-12-01T18:00:00,1991-12-02T12:00:00,1991-12-03T12:00:00,24
train_048094_lead072,train,4,48091,48094,48106,1991-12-01T18:00:00,1991-12-02T12:00:00,1991-12-05T12:00:00,72
train_048122_lead006,train,4,48119,48122,48123,1991-12-08T18:00:00,1991-12-09T12:00:00,1991-12-09T18:00:00,6
train_048122_lead024,train,4,48119,48122,48126,1991-12-08T18:00:00,1991-12-09T12:00:00,1991-12-10T12:00:00,24
train_048122_lead072,train,4,48119,48122,48134,1991-12-08T18:00:00,1991-12-09T12:00:00,1991-12-12T12:00:00,72
train_048151_lead006,train,4,48148,48151,48152,1991-12-16T00:00:00,1991-12-16T18:00:00,1991-12-17T00:00:00,6
train_048151_lead024,train,4,48148,48151,48155,1991-12-16T00:00:00,1991-12-16T18:00:00,1991-12-17T18:00:00,24
train_048151_lead072,train,4,48148,48151,48163,1991-12-16T00:00:00,1991-12-16T18:00:00,1991-12-19T18:00:00,72
train_048179_lead006,train,4,48176,48179,48180,1991-12-23T00:00:00,1991-12-23T18:00:00,1991-12-24T00:00:00,6
train_048179_lead024,train,4,48176,48179,48183,1991-12-23T00:00:00,1991-12-23T18:00:00,1991-12-24T18:00:00,24
train_048179_lead072,train,4,48176,48179,48191,1991-12-23T00:00:00,1991-12-23T18:00:00,1991-12-26T18:00:00,72
train_048208_lead006,train,4,48205,48208,48209,1991-12-30T06:00:00,1991-12-31T00:00:00,1991-12-31T06:00:00,6
train_048208_lead024,train,4,48205,48208,48212,1991-12-30T06:00:00,1991-12-31T00:00:00,1992-01-01T00:00:00,24
train_048208_lead072,train,4,48205,48208,48220,1991-12-30T06:00:00,1991-12-31T00:00:00,1992-01-03T00:00:00,72
train_048236_lead006,train,4,48233,48236,48237,1992-01-06T06:00:00,1992-01-07T00:00:00,1992-01-07T06:00:00,6
train_048236_lead024,train,4,48233,48236,48240,1992-01-06T06:00:00,1992-01-07T00:00:00,1992-01-08T00:00:00,24
train_048236_lead072,train,4,48233,48236,48248,1992-01-06T06:00:00,1992-01-07T00:00:00,1992-01-10T00:00:00,72
train_048265_lead006,train,4,48262,48265,48266,1992-01-13T12:00:00,1992-01-14T06:00:00,1992-01-14T12:00:00,6
train_048265_lead024,train,4,48262,48265,48269,1992-01-13T12:00:00,1992-01-14T06:00:00,1992-01-15T06:00:00,24
train_048265_lead072,train,4,48262,48265,48277,1992-01-13T12:00:00,1992-01-14T06:00:00,1992-01-17T06:00:00,72
train_048293_lead006,train,4,48290,48293,48294,1992-01-20T12:00:00,1992-01-21T06:00:00,1992-01-21T12:00:00,6
train_048293_lead024,train,4,48290,48293,48297,1992-01-20T12:00:00,1992-01-21T06:00:00,1992-01-22T06:00:00,24
train_048293_lead072,train,4,48290,48293,48305,1992-01-20T12:00:00,1992-01-21T06:00:00,1992-01-24T06:00:00,72
train_048322_lead006,train,4,48319,48322,48323,1992-01-27T18:00:00,1992-01-28T12:00:00,1992-01-28T18:00:00,6
train_048322_lead024,train,4,48319,48322,48326,1992-01-27T18:00:00,1992-01-28T12:00:00,1992-01-29T12:00:00,24
train_048322_lead072,train,4,48319,48322,48334,1992-01-27T18:00:00,1992-01-28T12:00:00,1992-01-31T12:00:00,72
train_048350_lead006,train,4,48347,48350,48351,1992-02-03T18:00:00,1992-02-04T12:00:00,1992-02-04T18:00:00,6
train_048350_lead024,train,4,48347,48350,48354,1992-02-03T18:00:00,1992-02-04T12:00:00,1992-02-05T12:00:00,24
train_048350_lead072,train,4,48347,48350,48362,1992-02-03T18:00:00,1992-02-04T12:00:00,1992-02-07T12:00:00,72
train_048379_lead006,train,4,48376,48379,48380,1992-02-11T00:00:00,1992-02-11T18:00:00,1992-02-12T00:00:00,6
train_048379_lead024,train,4,48376,48379,48383,1992-02-11T00:00:00,1992-02-11T18:00:00,1992-02-12T18:00:00,24
train_048379_lead072,train,4,48376,48379,48391,1992-02-11T00:00:00,1992-02-11T18:00:00,1992-02-14T18:00:00,72
train_048407_lead006,train,4,48404,48407,48408,1992-02-18T00:00:00,1992-02-18T18:00:00,1992-02-19T00:00:00,6
train_048407_lead024,train,4,48404,48407,48411,1992-02-18T00:00:00,1992-02-18T18:00:00,1992-02-19T18:00:00,24
train_048407_lead072,train,4,48404,48407,48419,1992-02-18T00:00:00,1992-02-18T18:00:00,1992-02-21T18:00:00,72
train_048436_lead006,train,4,48433,48436,48437,1992-02-25T06:00:00,1992-02-26T00:00:00,1992-02-26T06:00:00,6
train_048436_lead024,train,4,48433,48436,48440,1992-02-25T06:00:00,1992-02-26T00:00:00,1992-02-27T00:00:00,24
train_048436_lead072,train,4,48433,48436,48448,1992-02-25T06:00:00,1992-02-26T00:00:00,1992-02-29T00:00:00,72
train_048465_lead006,train,4,48462,48465,48466,1992-03-03T12:00:00,1992-03-04T06:00:00,1992-03-04T12:00:00,6
train_048465_lead024,train,4,48462,48465,48469,1992-03-03T12:00:00,1992-03-04T06:00:00,1992-03-05T06:00:00,24
train_048465_lead072,train,4,48462,48465,48477,1992-03-03T12:00:00,1992-03-04T06:00:00,1992-03-07T06:00:00,72
train_048493_lead006,train,4,48490,48493,48494,1992-03-10T12:00:00,1992-03-11T06:00:00,1992-03-11T12:00:00,6
train_048493_lead024,train,4,48490,48493,48497,1992-03-10T12:00:00,1992-03-11T06:00:00,1992-03-12T06:00:00,24
train_048493_lead072,train,4,48490,48493,48505,1992-03-10T12:00:00,1992-03-11T06:00:00,1992-03-14T06:00:00,72
train_048522_lead006,train,4,48519,48522,48523,1992-03-17T18:00:00,1992-03-18T12:00:00,1992-03-18T18:00:00,6
train_048522_lead024,train,4,48519,48522,48526,1992-03-17T18:00:00,1992-03-18T12:00:00,1992-03-19T12:00:00,24
train_048522_lead072,train,4,48519,48522,48534,1992-03-17T18:00:00,1992-03-18T12:00:00,1992-03-21T12:00:00,72
train_048550_lead006,train,4,48547,48550,48551,1992-03-24T18:00:00,1992-03-25T12:00:00,1992-03-25T18:00:00,6
train_048550_lead024,train,4,48547,48550,48554,1992-03-24T18:00:00,1992-03-25T12:00:00,1992-03-26T12:00:00,24
train_048550_lead072,train,4,48547,48550,48562,1992-03-24T18:00:00,1992-03-25T12:00:00,1992-03-28T12:00:00,72
train_048579_lead006,train,4,48576,48579,48580,1992-04-01T00:00:00,1992-04-01T18:00:00,1992-04-02T00:00:00,6
train_048579_lead024,train,4,48576,48579,48583,1992-04-01T00:00:00,1992-04-01T18:00:00,1992-04-02T18:00:00,24
train_048579_lead072,train,4,48576,48579,48591,1992-04-01T00:00:00,1992-04-01T18:00:00,1992-04-04T18:00:00,72
train_048607_lead006,train,4,48604,48607,48608,1992-04-08T00:00:00,1992-04-08T18:00:00,1992-04-09T00:00:00,6
train_048607_lead024,train,4,48604,48607,48611,1992-04-08T00:00:00,1992-04-08T18:00:00,1992-04-09T18:00:00,24
train_048607_lead072,train,4,48604,48607,48619,1992-04-08T00:00:00,1992-04-08T18:00:00,1992-04-11T18:00:00,72
train_048636_lead006,train,4,48633,48636,48637,1992-04-15T06:00:00,1992-04-16T00:00:00,1992-04-16T06:00:00,6
train_048636_lead024,train,4,48633,48636,48640,1992-04-15T06:00:00,1992-04-16T00:00:00,1992-04-17T00:00:00,24
train_048636_lead072,train,4,48633,48636,48648,1992-04-15T06:00:00,1992-04-16T00:00:00,1992-04-19T00:00:00,72
train_048664_lead006,train,4,48661,48664,48665,1992-04-22T06:00:00,1992-04-23T00:00:00,1992-04-23T06:00:00,6
train_048664_lead024,train,4,48661,48664,48668,1992-04-22T06:00:00,1992-04-23T00:00:00,1992-04-24T00:00:00,24
train_048664_lead072,train,4,48661,48664,48676,1992-04-22T06:00:00,1992-04-23T00:00:00,1992-04-26T00:00:00,72
train_048693_lead006,train,4,48690,48693,48694,1992-04-29T12:00:00,1992-04-30T06:00:00,1992-04-30T12:00:00,6
train_048693_lead024,train,4,48690,48693,48697,1992-04-29T12:00:00,1992-04-30T06:00:00,1992-05-01T06:00:00,24
train_048693_lead072,train,4,48690,48693,48705,1992-04-29T12:00:00,1992-04-30T06:00:00,1992-05-03T06:00:00,72
train_048721_lead006,train,4,48718,48721,48722,1992-05-06T12:00:00,1992-05-07T06:00:00,1992-05-07T12:00:00,6
train_048721_lead024,train,4,48718,48721,48725,1992-05-06T12:00:00,1992-05-07T06:00:00,1992-05-08T06:00:00,24
train_048721_lead072,train,4,48718,48721,48733,1992-05-06T12:00:00,1992-05-07T06:00:00,1992-05-10T06:00:00,72
train_048750_lead006,train,4,48747,48750,48751,1992-05-13T18:00:00,1992-05-14T12:00:00,1992-05-14T18:00:00,6
train_048750_lead024,train,4,48747,48750,48754,1992-05-13T18:00:00,1992-05-14T12:00:00,1992-05-15T12:00:00,24
train_048750_lead072,train,4,48747,48750,48762,1992-05-13T18:00:00,1992-05-14T12:00:00,1992-05-17T12:00:00,72
train_048778_lead006,train,4,48775,48778,48779,1992-05-20T18:00:00,1992-05-21T12:00:00,1992-05-21T18:00:00,6
train_048778_lead024,train,4,48775,48778,48782,1992-05-20T18:00:00,1992-05-21T12:00:00,1992-05-22T12:00:00,24
train_048778_lead072,train,4,48775,48778,48790,1992-05-20T18:00:00,1992-05-21T12:00:00,1992-05-24T12:00:00,72
train_048807_lead006,train,4,48804,48807,48808,1992-05-28T00:00:00,1992-05-28T18:00:00,1992-05-29T00:00:00,6
train_048807_lead024,train,4,48804,48807,48811,1992-05-28T00:00:00,1992-05-28T18:00:00,1992-05-29T18:00:00,24
train_048807_lead072,train,4,48804,48807,48819,1992-05-28T00:00:00,1992-05-28T18:00:00,1992-05-31T18:00:00,72
train_048835_lead006,train,4,48832,48835,48836,1992-06-04T00:00:00,1992-06-04T18:00:00,1992-06-05T00:00:00,6
train_048835_lead024,train,4,48832,48835,48839,1992-06-04T00:00:00,1992-06-04T18:00:00,1992-06-05T18:00:00,24
train_048835_lead072,train,4,48832,48835,48847,1992-06-04T00:00:00,1992-06-04T18:00:00,1992-06-07T18:00:00,72
train_048864_lead006,train,4,48861,48864,48865,1992-06-11T06:00:00,1992-06-12T00:00:00,1992-06-12T06:00:00,6
train_048864_lead024,train,4,48861,48864,48868,1992-06-11T06:00:00,1992-06-12T00:00:00,1992-06-13T00:00:00,24
train_048864_lead072,train,4,48861,48864,48876,1992-06-11T06:00:00,1992-06-12T00:00:00,1992-06-15T00:00:00,72
train_048892_lead006,train,4,48889,48892,48893,1992-06-18T06:00:00,1992-06-19T00:00:00,1992-06-19T06:00:00,6
train_048892_lead024,train,4,48889,48892,48896,1992-06-18T06:00:00,1992-06-19T00:00:00,1992-06-20T00:00:00,24
train_048892_lead072,train,4,48889,48892,48904,1992-06-18T06:00:00,1992-06-19T00:00:00,1992-06-22T00:00:00,72
train_048921_lead006,train,4,48918,48921,48922,1992-06-25T12:00:00,1992-06-26T06:00:00,1992-06-26T12:00:00,6
train_048921_lead024,train,4,48918,48921,48925,1992-06-25T12:00:00,1992-06-26T06:00:00,1992-06-27T06:00:00,24
train_048921_lead072,train,4,48918,48921,48933,1992-06-25T12:00:00,1992-06-26T06:00:00,1992-06-29T06:00:00,72
train_048949_lead006,train,4,48946,48949,48950,1992-07-02T12:00:00,1992-07-03T06:00:00,1992-07-03T12:00:00,6
train_048949_lead024,train,4,48946,48949,48953,1992-07-02T12:00:00,1992-07-03T06:00:00,1992-07-04T06:00:00,24
train_048949_lead072,train,4,48946,48949,48961,1992-07-02T12:00:00,1992-07-03T06:00:00,1992-07-06T06:00:00,72
train_048978_lead006,train,4,48975,48978,48979,1992-07-09T18:00:00,1992-07-10T12:00:00,1992-07-10T18:00:00,6
train_048978_lead024,train,4,48975,48978,48982,1992-07-09T18:00:00,1992-07-10T12:00:00,1992-07-11T12:00:00,24
train_048978_lead072,train,4,48975,48978,48990,1992-07-09T18:00:00,1992-07-10T12:00:00,1992-07-13T12:00:00,72
train_049007_lead006,train,4,49004,49007,49008,1992-07-17T00:00:00,1992-07-17T18:00:00,1992-07-18T00:00:00,6
train_049007_lead024,train,4,49004,49007,49011,1992-07-17T00:00:00,1992-07-17T18:00:00,1992-07-18T18:00:00,24
train_049007_lead072,train,4,49004,49007,49019,1992-07-17T00:00:00,1992-07-17T18:00:00,1992-07-20T18:00:00,72
train_049035_lead006,train,4,49032,49035,49036,1992-07-24T00:00:00,1992-07-24T18:00:00,1992-07-25T00:00:00,6
train_049035_lead024,train,4,49032,49035,49039,1992-07-24T00:00:00,1992-07-24T18:00:00,1992-07-25T18:00:00,24
train_049035_lead072,train,4,49032,49035,49047,1992-07-24T00:00:00,1992-07-24T18:00:00,1992-07-27T18:00:00,72
train_049064_lead006,train,4,49061,49064,49065,1992-07-31T06:00:00,1992-08-01T00:00:00,1992-08-01T06:00:00,6
train_049064_lead024,train,4,49061,49064,49068,1992-07-31T06:00:00,1992-08-01T00:00:00,1992-08-02T00:00:00,24
train_049064_lead072,train,4,49061,49064,49076,1992-07-31T06:00:00,1992-08-01T00:00:00,1992-08-04T00:00:00,72
train_049092_lead006,train,4,49089,49092,49093,1992-08-07T06:00:00,1992-08-08T00:00:00,1992-08-08T06:00:00,6
train_049092_lead024,train,4,49089,49092,49096,1992-08-07T06:00:00,1992-08-08T00:00:00,1992-08-09T00:00:00,24
train_049092_lead072,train,4,49089,49092,49104,1992-08-07T06:00:00,1992-08-08T00:00:00,1992-08-11T00:00:00,72
train_049121_lead006,train,4,49118,49121,49122,1992-08-14T12:00:00,1992-08-15T06:00:00,1992-08-15T12:00:00,6
train_049121_lead024,train,4,49118,49121,49125,1992-08-14T12:00:00,1992-08-15T06:00:00,1992-08-16T06:00:00,24
train_049121_lead072,train,4,49118,49121,49133,1992-08-14T12:00:00,1992-08-15T06:00:00,1992-08-18T06:00:00,72
train_049149_lead006,train,4,49146,49149,49150,1992-08-21T12:00:00,1992-08-22T06:00:00,1992-08-22T12:00:00,6
train_049149_lead024,train,4,49146,49149,49153,1992-08-21T12:00:00,1992-08-22T06:00:00,1992-08-23T06:00:00,24
train_049149_lead072,train,4,49146,49149,49161,1992-08-21T12:00:00,1992-08-22T06:00:00,1992-08-25T06:00:00,72
train_049178_lead006,train,4,49175,49178,49179,1992-08-28T18:00:00,1992-08-29T12:00:00,1992-08-29T18:00:00,6
train_049178_lead024,train,4,49175,49178,49182,1992-08-28T18:00:00,1992-08-29T12:00:00,1992-08-30T12:00:00,24
train_049178_lead072,train,4,49175,49178,49190,1992-08-28T18:00:00,1992-08-29T12:00:00,1992-09-01T12:00:00,72
train_049206_lead006,train,4,49203,49206,49207,1992-09-04T18:00:00,1992-09-05T12:00:00,1992-09-05T18:00:00,6
train_049206_lead024,train,4,49203,49206,49210,1992-09-04T18:00:00,1992-09-05T12:00:00,1992-09-06T12:00:00,24
train_049206_lead072,train,4,49203,49206,49218,1992-09-04T18:00:00,1992-09-05T12:00:00,1992-09-08T12:00:00,72
train_049235_lead006,train,4,49232,49235,49236,1992-09-12T00:00:00,1992-09-12T18:00:00,1992-09-13T00:00:00,6
train_049235_lead024,train,4,49232,49235,49239,1992-09-12T00:00:00,1992-09-12T18:00:00,1992-09-13T18:00:00,24
train_049235_lead072,train,4,49232,49235,49247,1992-09-12T00:00:00,1992-09-12T18:00:00,1992-09-15T18:00:00,72
train_049263_lead006,train,4,49260,49263,49264,1992-09-19T00:00:00,1992-09-19T18:00:00,1992-09-20T00:00:00,6
train_049263_lead024,train,4,49260,49263,49267,1992-09-19T00:00:00,1992-09-19T18:00:00,1992-09-20T18:00:00,24
train_049263_lead072,train,4,49260,49263,49275,1992-09-19T00:00:00,1992-09-19T18:00:00,1992-09-22T18:00:00,72
train_049292_lead006,train,4,49289,49292,49293,1992-09-26T06:00:00,1992-09-27T00:00:00,1992-09-27T06:00:00,6
train_049292_lead024,train,4,49289,49292,49296,1992-09-26T06:00:00,1992-09-27T00:00:00,1992-09-28T00:00:00,24
train_049292_lead072,train,4,49289,49292,49304,1992-09-26T06:00:00,1992-09-27T00:00:00,1992-09-30T00:00:00,72
train_049320_lead006,train,4,49317,49320,49321,1992-10-03T06:00:00,1992-10-04T00:00:00,1992-10-04T06:00:00,6
train_049320_lead024,train,4,49317,49320,49324,1992-10-03T06:00:00,1992-10-04T00:00:00,1992-10-05T00:00:00,24
train_049320_lead072,train,4,49317,49320,49332,1992-10-03T06:00:00,1992-10-04T00:00:00,1992-10-07T00:00:00,72
train_049349_lead006,train,4,49346,49349,49350,1992-10-10T12:00:00,1992-10-11T06:00:00,1992-10-11T12:00:00,6
train_049349_lead024,train,4,49346,49349,49353,1992-10-10T12:00:00,1992-10-11T06:00:00,1992-10-12T06:00:00,24
train_049349_lead072,train,4,49346,49349,49361,1992-10-10T12:00:00,1992-10-11T06:00:00,1992-10-14T06:00:00,72
train_049377_lead006,train,4,49374,49377,49378,1992-10-17T12:00:00,1992-10-18T06:00:00,1992-10-18T12:00:00,6
train_049377_lead024,train,4,49374,49377,49381,1992-10-17T12:00:00,1992-10-18T06:00:00,1992-10-19T06:00:00,24
train_049377_lead072,train,4,49374,49377,49389,1992-10-17T12:00:00,1992-10-18T06:00:00,1992-10-21T06:00:00,72
train_049406_lead006,train,4,49403,49406,49407,1992-10-24T18:00:00,1992-10-25T12:00:00,1992-10-25T18:00:00,6
train_049406_lead024,train,4,49403,49406,49410,1992-10-24T18:00:00,1992-10-25T12:00:00,1992-10-26T12:00:00,24
train_049406_lead072,train,4,49403,49406,49418,1992-10-24T18:00:00,1992-10-25T12:00:00,1992-10-28T12:00:00,72
train_049434_lead006,train,4,49431,49434,49435,1992-10-31T18:00:00,1992-11-01T12:00:00,1992-11-01T18:00:00,6
train_049434_lead024,train,4,49431,49434,49438,1992-10-31T18:00:00,1992-11-01T12:00:00,1992-11-02T12:00:00,24
train_049434_lead072,train,4,49431,49434,49446,1992-10-31T18:00:00,1992-11-01T12:00:00,1992-11-04T12:00:00,72
train_049463_lead006,train,4,49460,49463,49464,1992-11-08T00:00:00,1992-11-08T18:00:00,1992-11-09T00:00:00,6
train_049463_lead024,train,4,49460,49463,49467,1992-11-08T00:00:00,1992-11-08T18:00:00,1992-11-09T18:00:00,24
train_049463_lead072,train,4,49460,49463,49475,1992-11-08T00:00:00,1992-11-08T18:00:00,1992-11-11T18:00:00,72
train_049492_lead006,train,4,49489,49492,49493,1992-11-15T06:00:00,1992-11-16T00:00:00,1992-11-16T06:00:00,6
train_049492_lead024,train,4,49489,49492,49496,1992-11-15T06:00:00,1992-11-16T00:00:00,1992-11-17T00:00:00,24
train_049492_lead072,train,4,49489,49492,49504,1992-11-15T06:00:00,1992-11-16T00:00:00,1992-11-19T00:00:00,72
train_049520_lead006,train,4,49517,49520,49521,1992-11-22T06:00:00,1992-11-23T00:00:00,1992-11-23T06:00:00,6
train_049520_lead024,train,4,49517,49520,49524,1992-11-22T06:00:00,1992-11-23T00:00:00,1992-11-24T00:00:00,24
train_049520_lead072,train,4,49517,49520,49532,1992-11-22T06:00:00,1992-11-23T00:00:00,1992-11-26T00:00:00,72
train_049549_lead006,train,4,49546,49549,49550,1992-11-29T12:00:00,1992-11-30T06:00:00,1992-11-30T12:00:00,6
train_049549_lead024,train,4,49546,49549,49553,1992-11-29T12:00:00,1992-11-30T06:00:00,1992-12-01T06:00:00,24
train_049549_lead072,train,4,49546,49549,49561,1992-11-29T12:00:00,1992-11-30T06:00:00,1992-12-03T06:00:00,72
train_049577_lead006,train,4,49574,49577,49578,1992-12-06T12:00:00,1992-12-07T06:00:00,1992-12-07T12:00:00,6
train_049577_lead024,train,4,49574,49577,49581,1992-12-06T12:00:00,1992-12-07T06:00:00,1992-12-08T06:00:00,24
train_049577_lead072,train,4,49574,49577,49589,1992-12-06T12:00:00,1992-12-07T06:00:00,1992-12-10T06:00:00,72
train_049606_lead006,train,4,49603,49606,49607,1992-12-13T18:00:00,1992-12-14T12:00:00,1992-12-14T18:00:00,6
train_049606_lead024,train,4,49603,49606,49610,1992-12-13T18:00:00,1992-12-14T12:00:00,1992-12-15T12:00:00,24
train_049606_lead072,train,4,49603,49606,49618,1992-12-13T18:00:00,1992-12-14T12:00:00,1992-12-17T12:00:00,72
train_049634_lead006,train,4,49631,49634,49635,1992-12-20T18:00:00,1992-12-21T12:00:00,1992-12-21T18:00:00,6
train_049634_lead024,train,4,49631,49634,49638,1992-12-20T18:00:00,1992-12-21T12:00:00,1992-12-22T12:00:00,24
train_049634_lead072,train,4,49631,49634,49646,1992-12-20T18:00:00,1992-12-21T12:00:00,1992-12-24T12:00:00,72
train_049663_lead006,train,4,49660,49663,49664,1992-12-28T00:00:00,1992-12-28T18:00:00,1992-12-29T00:00:00,6
train_049663_lead024,train,4,49660,49663,49667,1992-12-28T00:00:00,1992-12-28T18:00:00,1992-12-29T18:00:00,24
train_049663_lead072,train,4,49660,49663,49675,1992-12-28T00:00:00,1992-12-28T18:00:00,1992-12-31T18:00:00,72
train_049691_lead006,train,4,49688,49691,49692,1993-01-04T00:00:00,1993-01-04T18:00:00,1993-01-05T00:00:00,6
train_049691_lead024,train,4,49688,49691,49695,1993-01-04T00:00:00,1993-01-04T18:00:00,1993-01-05T18:00:00,24
train_049691_lead072,train,4,49688,49691,49703,1993-01-04T00:00:00,1993-01-04T18:00:00,1993-01-07T18:00:00,72
train_049720_lead006,train,4,49717,49720,49721,1993-01-11T06:00:00,1993-01-12T00:00:00,1993-01-12T06:00:00,6
train_049720_lead024,train,4,49717,49720,49724,1993-01-11T06:00:00,1993-01-12T00:00:00,1993-01-13T00:00:00,24
train_049720_lead072,train,4,49717,49720,49732,1993-01-11T06:00:00,1993-01-12T00:00:00,1993-01-15T00:00:00,72
train_049748_lead006,train,4,49745,49748,49749,1993-01-18T06:00:00,1993-01-19T00:00:00,1993-01-19T06:00:00,6
train_049748_lead024,train,4,49745,49748,49752,1993-01-18T06:00:00,1993-01-19T00:00:00,1993-01-20T00:00:00,24
train_049748_lead072,train,4,49745,49748,49760,1993-01-18T06:00:00,1993-01-19T00:00:00,1993-01-22T00:00:00,72
train_049777_lead006,train,4,49774,49777,49778,1993-01-25T12:00:00,1993-01-26T06:00:00,1993-01-26T12:00:00,6
train_049777_lead024,train,4,49774,49777,49781,1993-01-25T12:00:00,1993-01-26T06:00:00,1993-01-27T06:00:00,24
train_049777_lead072,train,4,49774,49777,49789,1993-01-25T12:00:00,1993-01-26T06:00:00,1993-01-29T06:00:00,72
train_049805_lead006,train,4,49802,49805,49806,1993-02-01T12:00:00,1993-02-02T06:00:00,1993-02-02T12:00:00,6
train_049805_lead024,train,4,49802,49805,49809,1993-02-01T12:00:00,1993-02-02T06:00:00,1993-02-03T06:00:00,24
train_049805_lead072,train,4,49802,49805,49817,1993-02-01T12:00:00,1993-02-02T06:00:00,1993-02-05T06:00:00,72
train_049834_lead006,train,4,49831,49834,49835,1993-02-08T18:00:00,1993-02-09T12:00:00,1993-02-09T18:00:00,6
train_049834_lead024,train,4,49831,49834,49838,1993-02-08T18:00:00,1993-02-09T12:00:00,1993-02-10T12:00:00,24
train_049834_lead072,train,4,49831,49834,49846,1993-02-08T18:00:00,1993-02-09T12:00:00,1993-02-12T12:00:00,72
train_049862_lead006,train,4,49859,49862,49863,1993-02-15T18:00:00,1993-02-16T12:00:00,1993-02-16T18:00:00,6
train_049862_lead024,train,4,49859,49862,49866,1993-02-15T18:00:00,1993-02-16T12:00:00,1993-02-17T12:00:00,24
train_049862_lead072,train,4,49859,49862,49874,1993-02-15T18:00:00,1993-02-16T12:00:00,1993-02-19T12:00:00,72
train_049891_lead006,train,4,49888,49891,49892,1993-02-23T00:00:00,1993-02-23T18:00:00,1993-02-24T00:00:00,6
train_049891_lead024,train,4,49888,49891,49895,1993-02-23T00:00:00,1993-02-23T18:00:00,1993-02-24T18:00:00,24
train_049891_lead072,train,4,49888,49891,49903,1993-02-23T00:00:00,1993-02-23T18:00:00,1993-02-26T18:00:00,72
train_049919_lead006,train,4,49916,49919,49920,1993-03-02T00:00:00,1993-03-02T18:00:00,1993-03-03T00:00:00,6
train_049919_lead024,train,4,49916,49919,49923,1993-03-02T00:00:00,1993-03-02T18:00:00,1993-03-03T18:00:00,24
train_049919_lead072,train,4,49916,49919,49931,1993-03-02T00:00:00,1993-03-02T18:00:00,1993-03-05T18:00:00,72
train_049948_lead006,train,4,49945,49948,49949,1993-03-09T06:00:00,1993-03-10T00:00:00,1993-03-10T06:00:00,6
train_049948_lead024,train,4,49945,49948,49952,1993-03-09T06:00:00,1993-03-10T00:00:00,1993-03-11T00:00:00,24
train_049948_lead072,train,4,49945,49948,49960,1993-03-09T06:00:00,1993-03-10T00:00:00,1993-03-13T00:00:00,72
train_049976_lead006,train,4,49973,49976,49977,1993-03-16T06:00:00,1993-03-17T00:00:00,1993-03-17T06:00:00,6
train_049976_lead024,train,4,49973,49976,49980,1993-03-16T06:00:00,1993-03-17T00:00:00,1993-03-18T00:00:00,24
train_049976_lead072,train,4,49973,49976,49988,1993-03-16T06:00:00,1993-03-17T00:00:00,1993-03-20T00:00:00,72
train_050005_lead006,train,4,50002,50005,50006,1993-03-23T12:00:00,1993-03-24T06:00:00,1993-03-24T12:00:00,6
train_050005_lead024,train,4,50002,50005,50009,1993-03-23T12:00:00,1993-03-24T06:00:00,1993-03-25T06:00:00,24
train_050005_lead072,train,4,50002,50005,50017,1993-03-23T12:00:00,1993-03-24T06:00:00,1993-03-27T06:00:00,72
train_050034_lead006,train,4,50031,50034,50035,1993-03-30T18:00:00,1993-03-31T12:00:00,1993-03-31T18:00:00,6
train_050034_lead024,train,4,50031,50034,50038,1993-03-30T18:00:00,1993-03-31T12:00:00,1993-04-01T12:00:00,24
train_050034_lead072,train,4,50031,50034,50046,1993-03-30T18:00:00,1993-03-31T12:00:00,1993-04-03T12:00:00,72
train_050062_lead006,train,4,50059,50062,50063,1993-04-06T18:00:00,1993-04-07T12:00:00,1993-04-07T18:00:00,6
train_050062_lead024,train,4,50059,50062,50066,1993-04-06T18:00:00,1993-04-07T12:00:00,1993-04-08T12:00:00,24
train_050062_lead072,train,4,50059,50062,50074,1993-04-06T18:00:00,1993-04-07T12:00:00,1993-04-10T12:00:00,72
train_050091_lead006,train,4,50088,50091,50092,1993-04-14T00:00:00,1993-04-14T18:00:00,1993-04-15T00:00:00,6
train_050091_lead024,train,4,50088,50091,50095,1993-04-14T00:00:00,1993-04-14T18:00:00,1993-04-15T18:00:00,24
train_050091_lead072,train,4,50088,50091,50103,1993-04-14T00:00:00,1993-04-14T18:00:00,1993-04-17T18:00:00,72
train_050119_lead006,train,4,50116,50119,50120,1993-04-21T00:00:00,1993-04-21T18:00:00,1993-04-22T00:00:00,6
train_050119_lead024,train,4,50116,50119,50123,1993-04-21T00:00:00,1993-04-21T18:00:00,1993-04-22T18:00:00,24
train_050119_lead072,train,4,50116,50119,50131,1993-04-21T00:00:00,1993-04-21T18:00:00,1993-04-24T18:00:00,72
train_050148_lead006,train,4,50145,50148,50149,1993-04-28T06:00:00,1993-04-29T00:00:00,1993-04-29T06:00:00,6
train_050148_lead024,train,4,50145,50148,50152,1993-04-28T06:00:00,1993-04-29T00:00:00,1993-04-30T00:00:00,24
train_050148_lead072,train,4,50145,50148,50160,1993-04-28T06:00:00,1993-04-29T00:00:00,1993-05-02T00:00:00,72
train_050176_lead006,train,4,50173,50176,50177,1993-05-05T06:00:00,1993-05-06T00:00:00,1993-05-06T06:00:00,6
train_050176_lead024,train,4,50173,50176,50180,1993-05-05T06:00:00,1993-05-06T00:00:00,1993-05-07T00:00:00,24
train_050176_lead072,train,4,50173,50176,50188,1993-05-05T06:00:00,1993-05-06T00:00:00,1993-05-09T00:00:00,72
train_050205_lead006,train,4,50202,50205,50206,1993-05-12T12:00:00,1993-05-13T06:00:00,1993-05-13T12:00:00,6
train_050205_lead024,train,4,50202,50205,50209,1993-05-12T12:00:00,1993-05-13T06:00:00,1993-05-14T06:00:00,24
train_050205_lead072,train,4,50202,50205,50217,1993-05-12T12:00:00,1993-05-13T06:00:00,1993-05-16T06:00:00,72
train_050233_lead006,train,4,50230,50233,50234,1993-05-19T12:00:00,1993-05-20T06:00:00,1993-05-20T12:00:00,6
train_050233_lead024,train,4,50230,50233,50237,1993-05-19T12:00:00,1993-05-20T06:00:00,1993-05-21T06:00:00,24
train_050233_lead072,train,4,50230,50233,50245,1993-05-19T12:00:00,1993-05-20T06:00:00,1993-05-23T06:00:00,72
train_050262_lead006,train,4,50259,50262,50263,1993-05-26T18:00:00,1993-05-27T12:00:00,1993-05-27T18:00:00,6
train_050262_lead024,train,4,50259,50262,50266,1993-05-26T18:00:00,1993-05-27T12:00:00,1993-05-28T12:00:00,24
train_050262_lead072,train,4,50259,50262,50274,1993-05-26T18:00:00,1993-05-27T12:00:00,1993-05-30T12:00:00,72
train_050290_lead006,train,4,50287,50290,50291,1993-06-02T18:00:00,1993-06-03T12:00:00,1993-06-03T18:00:00,6
train_050290_lead024,train,4,50287,50290,50294,1993-06-02T18:00:00,1993-06-03T12:00:00,1993-06-04T12:00:00,24
train_050290_lead072,train,4,50287,50290,50302,1993-06-02T18:00:00,1993-06-03T12:00:00,1993-06-06T12:00:00,72
train_050319_lead006,train,4,50316,50319,50320,1993-06-10T00:00:00,1993-06-10T18:00:00,1993-06-11T00:00:00,6
train_050319_lead024,train,4,50316,50319,50323,1993-06-10T00:00:00,1993-06-10T18:00:00,1993-06-11T18:00:00,24
train_050319_lead072,train,4,50316,50319,50331,1993-06-10T00:00:00,1993-06-10T18:00:00,1993-06-13T18:00:00,72
train_050347_lead006,train,4,50344,50347,50348,1993-06-17T00:00:00,1993-06-17T18:00:00,1993-06-18T00:00:00,6
train_050347_lead024,train,4,50344,50347,50351,1993-06-17T00:00:00,1993-06-17T18:00:00,1993-06-18T18:00:00,24
train_050347_lead072,train,4,50344,50347,50359,1993-06-17T00:00:00,1993-06-17T18:00:00,1993-06-20T18:00:00,72
train_050376_lead006,train,4,50373,50376,50377,1993-06-24T06:00:00,1993-06-25T00:00:00,1993-06-25T06:00:00,6
train_050376_lead024,train,4,50373,50376,50380,1993-06-24T06:00:00,1993-06-25T00:00:00,1993-06-26T00:00:00,24
train_050376_lead072,train,4,50373,50376,50388,1993-06-24T06:00:00,1993-06-25T00:00:00,1993-06-28T00:00:00,72
train_050404_lead006,train,4,50401,50404,50405,1993-07-01T06:00:00,1993-07-02T00:00:00,1993-07-02T06:00:00,6
train_050404_lead024,train,4,50401,50404,50408,1993-07-01T06:00:00,1993-07-02T00:00:00,1993-07-03T00:00:00,24
train_050404_lead072,train,4,50401,50404,50416,1993-07-01T06:00:00,1993-07-02T00:00:00,1993-07-05T00:00:00,72
train_050433_lead006,train,4,50430,50433,50434,1993-07-08T12:00:00,1993-07-09T06:00:00,1993-07-09T12:00:00,6
train_050433_lead024,train,4,50430,50433,50437,1993-07-08T12:00:00,1993-07-09T06:00:00,1993-07-10T06:00:00,24
train_050433_lead072,train,4,50430,50433,50445,1993-07-08T12:00:00,1993-07-09T06:00:00,1993-07-12T06:00:00,72
train_050461_lead006,train,4,50458,50461,50462,1993-07-15T12:00:00,1993-07-16T06:00:00,1993-07-16T12:00:00,6
train_050461_lead024,train,4,50458,50461,50465,1993-07-15T12:00:00,1993-07-16T06:00:00,1993-07-17T06:00:00,24
train_050461_lead072,train,4,50458,50461,50473,1993-07-15T12:00:00,1993-07-16T06:00:00,1993-07-19T06:00:00,72
train_050490_lead006,train,4,50487,50490,50491,1993-07-22T18:00:00,1993-07-23T12:00:00,1993-07-23T18:00:00,6
train_050490_lead024,train,4,50487,50490,50494,1993-07-22T18:00:00,1993-07-23T12:00:00,1993-07-24T12:00:00,24
train_050490_lead072,train,4,50487,50490,50502,1993-07-22T18:00:00,1993-07-23T12:00:00,1993-07-26T12:00:00,72
train_050519_lead006,train,4,50516,50519,50520,1993-07-30T00:00:00,1993-07-30T18:00:00,1993-07-31T00:00:00,6
train_050519_lead024,train,4,50516,50519,50523,1993-07-30T00:00:00,1993-07-30T18:00:00,1993-07-31T18:00:00,24
train_050519_lead072,train,4,50516,50519,50531,1993-07-30T00:00:00,1993-07-30T18:00:00,1993-08-02T18:00:00,72
train_050547_lead006,train,4,50544,50547,50548,1993-08-06T00:00:00,1993-08-06T18:00:00,1993-08-07T00:00:00,6
train_050547_lead024,train,4,50544,50547,50551,1993-08-06T00:00:00,1993-08-06T18:00:00,1993-08-07T18:00:00,24
train_050547_lead072,train,4,50544,50547,50559,1993-08-06T00:00:00,1993-08-06T18:00:00,1993-08-09T18:00:00,72
train_050576_lead006,train,4,50573,50576,50577,1993-08-13T06:00:00,1993-08-14T00:00:00,1993-08-14T06:00:00,6
train_050576_lead024,train,4,50573,50576,50580,1993-08-13T06:00:00,1993-08-14T00:00:00,1993-08-15T00:00:00,24
train_050576_lead072,train,4,50573,50576,50588,1993-08-13T06:00:00,1993-08-14T00:00:00,1993-08-17T00:00:00,72
train_050604_lead006,train,4,50601,50604,50605,1993-08-20T06:00:00,1993-08-21T00:00:00,1993-08-21T06:00:00,6
train_050604_lead024,train,4,50601,50604,50608,1993-08-20T06:00:00,1993-08-21T00:00:00,1993-08-22T00:00:00,24
train_050604_lead072,train,4,50601,50604,50616,1993-08-20T06:00:00,1993-08-21T00:00:00,1993-08-24T00:00:00,72
train_050633_lead006,train,4,50630,50633,50634,1993-08-27T12:00:00,1993-08-28T06:00:00,1993-08-28T12:00:00,6
train_050633_lead024,train,4,50630,50633,50637,1993-08-27T12:00:00,1993-08-28T06:00:00,1993-08-29T06:00:00,24
train_050633_lead072,train,4,50630,50633,50645,1993-08-27T12:00:00,1993-08-28T06:00:00,1993-08-31T06:00:00,72
train_050661_lead006,train,4,50658,50661,50662,1993-09-03T12:00:00,1993-09-04T06:00:00,1993-09-04T12:00:00,6
train_050661_lead024,train,4,50658,50661,50665,1993-09-03T12:00:00,1993-09-04T06:00:00,1993-09-05T06:00:00,24
train_050661_lead072,train,4,50658,50661,50673,1993-09-03T12:00:00,1993-09-04T06:00:00,1993-09-07T06:00:00,72
train_050690_lead006,train,4,50687,50690,50691,1993-09-10T18:00:00,1993-09-11T12:00:00,1993-09-11T18:00:00,6
train_050690_lead024,train,4,50687,50690,50694,1993-09-10T18:00:00,1993-09-11T12:00:00,1993-09-12T12:00:00,24
train_050690_lead072,train,4,50687,50690,50702,1993-09-10T18:00:00,1993-09-11T12:00:00,1993-09-14T12:00:00,72
train_050718_lead006,train,4,50715,50718,50719,1993-09-17T18:00:00,1993-09-18T12:00:00,1993-09-18T18:00:00,6
train_050718_lead024,train,4,50715,50718,50722,1993-09-17T18:00:00,1993-09-18T12:00:00,1993-09-19T12:00:00,24
train_050718_lead072,train,4,50715,50718,50730,1993-09-17T18:00:00,1993-09-18T12:00:00,1993-09-21T12:00:00,72
train_050747_lead006,train,4,50744,50747,50748,1993-09-25T00:00:00,1993-09-25T18:00:00,1993-09-26T00:00:00,6
train_050747_lead024,train,4,50744,50747,50751,1993-09-25T00:00:00,1993-09-25T18:00:00,1993-09-26T18:00:00,24
train_050747_lead072,train,4,50744,50747,50759,1993-09-25T00:00:00,1993-09-25T18:00:00,1993-09-28T18:00:00,72
train_050775_lead006,train,4,50772,50775,50776,1993-10-02T00:00:00,1993-10-02T18:00:00,1993-10-03T00:00:00,6
train_050775_lead024,train,4,50772,50775,50779,1993-10-02T00:00:00,1993-10-02T18:00:00,1993-10-03T18:00:00,24
train_050775_lead072,train,4,50772,50775,50787,1993-10-02T00:00:00,1993-10-02T18:00:00,1993-10-05T18:00:00,72
train_050804_lead006,train,4,50801,50804,50805,1993-10-09T06:00:00,1993-10-10T00:00:00,1993-10-10T06:00:00,6
train_050804_lead024,train,4,50801,50804,50808,1993-10-09T06:00:00,1993-10-10T00:00:00,1993-10-11T00:00:00,24
train_050804_lead072,train,4,50801,50804,50816,1993-10-09T06:00:00,1993-10-10T00:00:00,1993-10-13T00:00:00,72
train_050832_lead006,train,4,50829,50832,50833,1993-10-16T06:00:00,1993-10-17T00:00:00,1993-10-17T06:00:00,6
train_050832_lead024,train,4,50829,50832,50836,1993-10-16T06:00:00,1993-10-17T00:00:00,1993-10-18T00:00:00,24
train_050832_lead072,train,4,50829,50832,50844,1993-10-16T06:00:00,1993-10-17T00:00:00,1993-10-20T00:00:00,72
train_050861_lead006,train,4,50858,50861,50862,1993-10-23T12:00:00,1993-10-24T06:00:00,1993-10-24T12:00:00,6
train_050861_lead024,train,4,50858,50861,50865,1993-10-23T12:00:00,1993-10-24T06:00:00,1993-10-25T06:00:00,24
train_050861_lead072,train,4,50858,50861,50873,1993-10-23T12:00:00,1993-10-24T06:00:00,1993-10-27T06:00:00,72
train_050889_lead006,train,4,50886,50889,50890,1993-10-30T12:00:00,1993-10-31T06:00:00,1993-10-31T12:00:00,6
train_050889_lead024,train,4,50886,50889,50893,1993-10-30T12:00:00,1993-10-31T06:00:00,1993-11-01T06:00:00,24
train_050889_lead072,train,4,50886,50889,50901,1993-10-30T12:00:00,1993-10-31T06:00:00,1993-11-03T06:00:00,72
train_050918_lead006,train,4,50915,50918,50919,1993-11-06T18:00:00,1993-11-07T12:00:00,1993-11-07T18:00:00,6
train_050918_lead024,train,4,50915,50918,50922,1993-11-06T18:00:00,1993-11-07T12:00:00,1993-11-08T12:00:00,24
train_050918_lead072,train,4,50915,50918,50930,1993-11-06T18:00:00,1993-11-07T12:00:00,1993-11-10T12:00:00,72
train_050946_lead006,train,4,50943,50946,50947,1993-11-13T18:00:00,1993-11-14T12:00:00,1993-11-14T18:00:00,6
train_050946_lead024,train,4,50943,50946,50950,1993-11-13T18:00:00,1993-11-14T12:00:00,1993-11-15T12:00:00,24
train_050946_lead072,train,4,50943,50946,50958,1993-11-13T18:00:00,1993-11-14T12:00:00,1993-11-17T12:00:00,72
train_050975_lead006,train,4,50972,50975,50976,1993-11-21T00:00:00,1993-11-21T18:00:00,1993-11-22T00:00:00,6
train_050975_lead024,train,4,50972,50975,50979,1993-11-21T00:00:00,1993-11-21T18:00:00,1993-11-22T18:00:00,24
train_050975_lead072,train,4,50972,50975,50987,1993-11-21T00:00:00,1993-11-21T18:00:00,1993-11-24T18:00:00,72
train_051003_lead006,train,4,51000,51003,51004,1993-11-28T00:00:00,1993-11-28T18:00:00,1993-11-29T00:00:00,6
train_051003_lead024,train,4,51000,51003,51007,1993-11-28T00:00:00,1993-11-28T18:00:00,1993-11-29T18:00:00,24
train_051003_lead072,train,4,51000,51003,51015,1993-11-28T00:00:00,1993-11-28T18:00:00,1993-12-01T18:00:00,72
train_051032_lead006,train,4,51029,51032,51033,1993-12-05T06:00:00,1993-12-06T00:00:00,1993-12-06T06:00:00,6
train_051032_lead024,train,4,51029,51032,51036,1993-12-05T06:00:00,1993-12-06T00:00:00,1993-12-07T00:00:00,24
train_051032_lead072,train,4,51029,51032,51044,1993-12-05T06:00:00,1993-12-06T00:00:00,1993-12-09T00:00:00,72
train_051061_lead006,train,4,51058,51061,51062,1993-12-12T12:00:00,1993-12-13T06:00:00,1993-12-13T12:00:00,6
train_051061_lead024,train,4,51058,51061,51065,1993-12-12T12:00:00,1993-12-13T06:00:00,1993-12-14T06:00:00,24
train_051061_lead072,train,4,51058,51061,51073,1993-12-12T12:00:00,1993-12-13T06:00:00,1993-12-16T06:00:00,72
train_051089_lead006,train,4,51086,51089,51090,1993-12-19T12:00:00,1993-12-20T06:00:00,1993-12-20T12:00:00,6
train_051089_lead024,train,4,51086,51089,51093,1993-12-19T12:00:00,1993-12-20T06:00:00,1993-12-21T06:00:00,24
train_051089_lead072,train,4,51086,51089,51101,1993-12-19T12:00:00,1993-12-20T06:00:00,1993-12-23T06:00:00,72
train_051118_lead006,train,4,51115,51118,51119,1993-12-26T18:00:00,1993-12-27T12:00:00,1993-12-27T18:00:00,6
train_051118_lead024,train,4,51115,51118,51122,1993-12-26T18:00:00,1993-12-27T12:00:00,1993-12-28T12:00:00,24
train_051118_lead072,train,4,51115,51118,51130,1993-12-26T18:00:00,1993-12-27T12:00:00,1993-12-30T12:00:00,72
train_051146_lead006,train,4,51143,51146,51147,1994-01-02T18:00:00,1994-01-03T12:00:00,1994-01-03T18:00:00,6
train_051146_lead024,train,4,51143,51146,51150,1994-01-02T18:00:00,1994-01-03T12:00:00,1994-01-04T12:00:00,24
train_051146_lead072,train,4,51143,51146,51158,1994-01-02T18:00:00,1994-01-03T12:00:00,1994-01-06T12:00:00,72
train_051175_lead006,train,4,51172,51175,51176,1994-01-10T00:00:00,1994-01-10T18:00:00,1994-01-11T00:00:00,6
train_051175_lead024,train,4,51172,51175,51179,1994-01-10T00:00:00,1994-01-10T18:00:00,1994-01-11T18:00:00,24
train_051175_lead072,train,4,51172,51175,51187,1994-01-10T00:00:00,1994-01-10T18:00:00,1994-01-13T18:00:00,72
train_051203_lead006,train,4,51200,51203,51204,1994-01-17T00:00:00,1994-01-17T18:00:00,1994-01-18T00:00:00,6
train_051203_lead024,train,4,51200,51203,51207,1994-01-17T00:00:00,1994-01-17T18:00:00,1994-01-18T18:00:00,24
train_051203_lead072,train,4,51200,51203,51215,1994-01-17T00:00:00,1994-01-17T18:00:00,1994-01-20T18:00:00,72
train_051232_lead006,train,4,51229,51232,51233,1994-01-24T06:00:00,1994-01-25T00:00:00,1994-01-25T06:00:00,6
train_051232_lead024,train,4,51229,51232,51236,1994-01-24T06:00:00,1994-01-25T00:00:00,1994-01-26T00:00:00,24
train_051232_lead072,train,4,51229,51232,51244,1994-01-24T06:00:00,1994-01-25T00:00:00,1994-01-28T00:00:00,72
train_051260_lead006,train,4,51257,51260,51261,1994-01-31T06:00:00,1994-02-01T00:00:00,1994-02-01T06:00:00,6
train_051260_lead024,train,4,51257,51260,51264,1994-01-31T06:00:00,1994-02-01T00:00:00,1994-02-02T00:00:00,24
train_051260_lead072,train,4,51257,51260,51272,1994-01-31T06:00:00,1994-02-01T00:00:00,1994-02-04T00:00:00,72
train_051289_lead006,train,4,51286,51289,51290,1994-02-07T12:00:00,1994-02-08T06:00:00,1994-02-08T12:00:00,6
train_051289_lead024,train,4,51286,51289,51293,1994-02-07T12:00:00,1994-02-08T06:00:00,1994-02-09T06:00:00,24
train_051289_lead072,train,4,51286,51289,51301,1994-02-07T12:00:00,1994-02-08T06:00:00,1994-02-11T06:00:00,72
train_051317_lead006,train,4,51314,51317,51318,1994-02-14T12:00:00,1994-02-15T06:00:00,1994-02-15T12:00:00,6
train_051317_lead024,train,4,51314,51317,51321,1994-02-14T12:00:00,1994-02-15T06:00:00,1994-02-16T06:00:00,24
train_051317_lead072,train,4,51314,51317,51329,1994-02-14T12:00:00,1994-02-15T06:00:00,1994-02-18T06:00:00,72
train_051346_lead006,train,4,51343,51346,51347,1994-02-21T18:00:00,1994-02-22T12:00:00,1994-02-22T18:00:00,6
train_051346_lead024,train,4,51343,51346,51350,1994-02-21T18:00:00,1994-02-22T12:00:00,1994-02-23T12:00:00,24
train_051346_lead072,train,4,51343,51346,51358,1994-02-21T18:00:00,1994-02-22T12:00:00,1994-02-25T12:00:00,72
train_051374_lead006,train,4,51371,51374,51375,1994-02-28T18:00:00,1994-03-01T12:00:00,1994-03-01T18:00:00,6
train_051374_lead024,train,4,51371,51374,51378,1994-02-28T18:00:00,1994-03-01T12:00:00,1994-03-02T12:00:00,24
train_051374_lead072,train,4,51371,51374,51386,1994-02-28T18:00:00,1994-03-01T12:00:00,1994-03-04T12:00:00,72
train_051403_lead006,train,4,51400,51403,51404,1994-03-08T00:00:00,1994-03-08T18:00:00,1994-03-09T00:00:00,6
train_051403_lead024,train,4,51400,51403,51407,1994-03-08T00:00:00,1994-03-08T18:00:00,1994-03-09T18:00:00,24
train_051403_lead072,train,4,51400,51403,51415,1994-03-08T00:00:00,1994-03-08T18:00:00,1994-03-11T18:00:00,72
train_051431_lead006,train,4,51428,51431,51432,1994-03-15T00:00:00,1994-03-15T18:00:00,1994-03-16T00:00:00,6
train_051431_lead024,train,4,51428,51431,51435,1994-03-15T00:00:00,1994-03-15T18:00:00,1994-03-16T18:00:00,24
train_051431_lead072,train,4,51428,51431,51443,1994-03-15T00:00:00,1994-03-15T18:00:00,1994-03-18T18:00:00,72
train_051460_lead006,train,4,51457,51460,51461,1994-03-22T06:00:00,1994-03-23T00:00:00,1994-03-23T06:00:00,6
train_051460_lead024,train,4,51457,51460,51464,1994-03-22T06:00:00,1994-03-23T00:00:00,1994-03-24T00:00:00,24
train_051460_lead072,train,4,51457,51460,51472,1994-03-22T06:00:00,1994-03-23T00:00:00,1994-03-26T00:00:00,72
train_051488_lead006,train,4,51485,51488,51489,1994-03-29T06:00:00,1994-03-30T00:00:00,1994-03-30T06:00:00,6
train_051488_lead024,train,4,51485,51488,51492,1994-03-29T06:00:00,1994-03-30T00:00:00,1994-03-31T00:00:00,24
train_051488_lead072,train,4,51485,51488,51500,1994-03-29T06:00:00,1994-03-30T00:00:00,1994-04-02T00:00:00,72
train_051517_lead006,train,4,51514,51517,51518,1994-04-05T12:00:00,1994-04-06T06:00:00,1994-04-06T12:00:00,6
train_051517_lead024,train,4,51514,51517,51521,1994-04-05T12:00:00,1994-04-06T06:00:00,1994-04-07T06:00:00,24
train_051517_lead072,train,4,51514,51517,51529,1994-04-05T12:00:00,1994-04-06T06:00:00,1994-04-09T06:00:00,72
train_051546_lead006,train,4,51543,51546,51547,1994-04-12T18:00:00,1994-04-13T12:00:00,1994-04-13T18:00:00,6
train_051546_lead024,train,4,51543,51546,51550,1994-04-12T18:00:00,1994-04-13T12:00:00,1994-04-14T12:00:00,24
train_051546_lead072,train,4,51543,51546,51558,1994-04-12T18:00:00,1994-04-13T12:00:00,1994-04-16T12:00:00,72
train_051574_lead006,train,4,51571,51574,51575,1994-04-19T18:00:00,1994-04-20T12:00:00,1994-04-20T18:00:00,6
train_051574_lead024,train,4,51571,51574,51578,1994-04-19T18:00:00,1994-04-20T12:00:00,1994-04-21T12:00:00,24
train_051574_lead072,train,4,51571,51574,51586,1994-04-19T18:00:00,1994-04-20T12:00:00,1994-04-23T12:00:00,72
train_051603_lead006,train,4,51600,51603,51604,1994-04-27T00:00:00,1994-04-27T18:00:00,1994-04-28T00:00:00,6
train_051603_lead024,train,4,51600,51603,51607,1994-04-27T00:00:00,1994-04-27T18:00:00,1994-04-28T18:00:00,24
train_051603_lead072,train,4,51600,51603,51615,1994-04-27T00:00:00,1994-04-27T18:00:00,1994-04-30T18:00:00,72
train_051631_lead006,train,4,51628,51631,51632,1994-05-04T00:00:00,1994-05-04T18:00:00,1994-05-05T00:00:00,6
train_051631_lead024,train,4,51628,51631,51635,1994-05-04T00:00:00,1994-05-04T18:00:00,1994-05-05T18:00:00,24
train_051631_lead072,train,4,51628,51631,51643,1994-05-04T00:00:00,1994-05-04T18:00:00,1994-05-07T18:00:00,72
train_051660_lead006,train,4,51657,51660,51661,1994-05-11T06:00:00,1994-05-12T00:00:00,1994-05-12T06:00:00,6
train_051660_lead024,train,4,51657,51660,51664,1994-05-11T06:00:00,1994-05-12T00:00:00,1994-05-13T00:00:00,24
train_051660_lead072,train,4,51657,51660,51672,1994-05-11T06:00:00,1994-05-12T00:00:00,1994-05-15T00:00:00,72
train_051688_lead006,train,4,51685,51688,51689,1994-05-18T06:00:00,1994-05-19T00:00:00,1994-05-19T06:00:00,6
train_051688_lead024,train,4,51685,51688,51692,1994-05-18T06:00:00,1994-05-19T00:00:00,1994-05-20T00:00:00,24
train_051688_lead072,train,4,51685,51688,51700,1994-05-18T06:00:00,1994-05-19T00:00:00,1994-05-22T00:00:00,72
train_051717_lead006,train,4,51714,51717,51718,1994-05-25T12:00:00,1994-05-26T06:00:00,1994-05-26T12:00:00,6
train_051717_lead024,train,4,51714,51717,51721,1994-05-25T12:00:00,1994-05-26T06:00:00,1994-05-27T06:00:00,24
train_051717_lead072,train,4,51714,51717,51729,1994-05-25T12:00:00,1994-05-26T06:00:00,1994-05-29T06:00:00,72
train_051745_lead006,train,4,51742,51745,51746,1994-06-01T12:00:00,1994-06-02T06:00:00,1994-06-02T12:00:00,6
train_051745_lead024,train,4,51742,51745,51749,1994-06-01T12:00:00,1994-06-02T06:00:00,1994-06-03T06:00:00,24
train_051745_lead072,train,4,51742,51745,51757,1994-06-01T12:00:00,1994-06-02T06:00:00,1994-06-05T06:00:00,72
train_051774_lead006,train,4,51771,51774,51775,1994-06-08T18:00:00,1994-06-09T12:00:00,1994-06-09T18:00:00,6
train_051774_lead024,train,4,51771,51774,51778,1994-06-08T18:00:00,1994-06-09T12:00:00,1994-06-10T12:00:00,24
train_051774_lead072,train,4,51771,51774,51786,1994-06-08T18:00:00,1994-06-09T12:00:00,1994-06-12T12:00:00,72
train_051802_lead006,train,4,51799,51802,51803,1994-06-15T18:00:00,1994-06-16T12:00:00,1994-06-16T18:00:00,6
train_051802_lead024,train,4,51799,51802,51806,1994-06-15T18:00:00,1994-06-16T12:00:00,1994-06-17T12:00:00,24
train_051802_lead072,train,4,51799,51802,51814,1994-06-15T18:00:00,1994-06-16T12:00:00,1994-06-19T12:00:00,72
train_051831_lead006,train,4,51828,51831,51832,1994-06-23T00:00:00,1994-06-23T18:00:00,1994-06-24T00:00:00,6
train_051831_lead024,train,4,51828,51831,51835,1994-06-23T00:00:00,1994-06-23T18:00:00,1994-06-24T18:00:00,24
train_051831_lead072,train,4,51828,51831,51843,1994-06-23T00:00:00,1994-06-23T18:00:00,1994-06-26T18:00:00,72
train_051859_lead006,train,4,51856,51859,51860,1994-06-30T00:00:00,1994-06-30T18:00:00,1994-07-01T00:00:00,6
train_051859_lead024,train,4,51856,51859,51863,1994-06-30T00:00:00,1994-06-30T18:00:00,1994-07-01T18:00:00,24
train_051859_lead072,train,4,51856,51859,51871,1994-06-30T00:00:00,1994-06-30T18:00:00,1994-07-03T18:00:00,72
train_051888_lead006,train,4,51885,51888,51889,1994-07-07T06:00:00,1994-07-08T00:00:00,1994-07-08T06:00:00,6
train_051888_lead024,train,4,51885,51888,51892,1994-07-07T06:00:00,1994-07-08T00:00:00,1994-07-09T00:00:00,24
train_051888_lead072,train,4,51885,51888,51900,1994-07-07T06:00:00,1994-07-08T00:00:00,1994-07-11T00:00:00,72
train_051916_lead006,train,4,51913,51916,51917,1994-07-14T06:00:00,1994-07-15T00:00:00,1994-07-15T06:00:00,6
train_051916_lead024,train,4,51913,51916,51920,1994-07-14T06:00:00,1994-07-15T00:00:00,1994-07-16T00:00:00,24
train_051916_lead072,train,4,51913,51916,51928,1994-07-14T06:00:00,1994-07-15T00:00:00,1994-07-18T00:00:00,72
train_051945_lead006,train,4,51942,51945,51946,1994-07-21T12:00:00,1994-07-22T06:00:00,1994-07-22T12:00:00,6
train_051945_lead024,train,4,51942,51945,51949,1994-07-21T12:00:00,1994-07-22T06:00:00,1994-07-23T06:00:00,24
train_051945_lead072,train,4,51942,51945,51957,1994-07-21T12:00:00,1994-07-22T06:00:00,1994-07-25T06:00:00,72
train_051973_lead006,train,4,51970,51973,51974,1994-07-28T12:00:00,1994-07-29T06:00:00,1994-07-29T12:00:00,6
train_051973_lead024,train,4,51970,51973,51977,1994-07-28T12:00:00,1994-07-29T06:00:00,1994-07-30T06:00:00,24
train_051973_lead072,train,4,51970,51973,51985,1994-07-28T12:00:00,1994-07-29T06:00:00,1994-08-01T06:00:00,72
train_052002_lead006,train,4,51999,52002,52003,1994-08-04T18:00:00,1994-08-05T12:00:00,1994-08-05T18:00:00,6
train_052002_lead024,train,4,51999,52002,52006,1994-08-04T18:00:00,1994-08-05T12:00:00,1994-08-06T12:00:00,24
train_052002_lead072,train,4,51999,52002,52014,1994-08-04T18:00:00,1994-08-05T12:00:00,1994-08-08T12:00:00,72
train_052031_lead006,train,4,52028,52031,52032,1994-08-12T00:00:00,1994-08-12T18:00:00,1994-08-13T00:00:00,6
train_052031_lead024,train,4,52028,52031,52035,1994-08-12T00:00:00,1994-08-12T18:00:00,1994-08-13T18:00:00,24
train_052031_lead072,train,4,52028,52031,52043,1994-08-12T00:00:00,1994-08-12T18:00:00,1994-08-15T18:00:00,72
train_052059_lead006,train,4,52056,52059,52060,1994-08-19T00:00:00,1994-08-19T18:00:00,1994-08-20T00:00:00,6
train_052059_lead024,train,4,52056,52059,52063,1994-08-19T00:00:00,1994-08-19T18:00:00,1994-08-20T18:00:00,24
train_052059_lead072,train,4,52056,52059,52071,1994-08-19T00:00:00,1994-08-19T18:00:00,1994-08-22T18:00:00,72
train_052088_lead006,train,4,52085,52088,52089,1994-08-26T06:00:00,1994-08-27T00:00:00,1994-08-27T06:00:00,6
train_052088_lead024,train,4,52085,52088,52092,1994-08-26T06:00:00,1994-08-27T00:00:00,1994-08-28T00:00:00,24
train_052088_lead072,train,4,52085,52088,52100,1994-08-26T06:00:00,1994-08-27T00:00:00,1994-08-30T00:00:00,72
train_052116_lead006,train,4,52113,52116,52117,1994-09-02T06:00:00,1994-09-03T00:00:00,1994-09-03T06:00:00,6
train_052116_lead024,train,4,52113,52116,52120,1994-09-02T06:00:00,1994-09-03T00:00:00,1994-09-04T00:00:00,24
train_052116_lead072,train,4,52113,52116,52128,1994-09-02T06:00:00,1994-09-03T00:00:00,1994-09-06T00:00:00,72
train_052145_lead006,train,4,52142,52145,52146,1994-09-09T12:00:00,1994-09-10T06:00:00,1994-09-10T12:00:00,6
train_052145_lead024,train,4,52142,52145,52149,1994-09-09T12:00:00,1994-09-10T06:00:00,1994-09-11T06:00:00,24
train_052145_lead072,train,4,52142,52145,52157,1994-09-09T12:00:00,1994-09-10T06:00:00,1994-09-13T06:00:00,72
train_052173_lead006,train,4,52170,52173,52174,1994-09-16T12:00:00,1994-09-17T06:00:00,1994-09-17T12:00:00,6
train_052173_lead024,train,4,52170,52173,52177,1994-09-16T12:00:00,1994-09-17T06:00:00,1994-09-18T06:00:00,24
train_052173_lead072,train,4,52170,52173,52185,1994-09-16T12:00:00,1994-09-17T06:00:00,1994-09-20T06:00:00,72
train_052202_lead006,train,4,52199,52202,52203,1994-09-23T18:00:00,1994-09-24T12:00:00,1994-09-24T18:00:00,6
train_052202_lead024,train,4,52199,52202,52206,1994-09-23T18:00:00,1994-09-24T12:00:00,1994-09-25T12:00:00,24
train_052202_lead072,train,4,52199,52202,52214,1994-09-23T18:00:00,1994-09-24T12:00:00,1994-09-27T12:00:00,72
train_052230_lead006,train,4,52227,52230,52231,1994-09-30T18:00:00,1994-10-01T12:00:00,1994-10-01T18:00:00,6
train_052230_lead024,train,4,52227,52230,52234,1994-09-30T18:00:00,1994-10-01T12:00:00,1994-10-02T12:00:00,24
train_052230_lead072,train,4,52227,52230,52242,1994-09-30T18:00:00,1994-10-01T12:00:00,1994-10-04T12:00:00,72
train_052259_lead006,train,4,52256,52259,52260,1994-10-08T00:00:00,1994-10-08T18:00:00,1994-10-09T00:00:00,6
train_052259_lead024,train,4,52256,52259,52263,1994-10-08T00:00:00,1994-10-08T18:00:00,1994-10-09T18:00:00,24
train_052259_lead072,train,4,52256,52259,52271,1994-10-08T00:00:00,1994-10-08T18:00:00,1994-10-11T18:00:00,72
train_052287_lead006,train,4,52284,52287,52288,1994-10-15T00:00:00,1994-10-15T18:00:00,1994-10-16T00:00:00,6
train_052287_lead024,train,4,52284,52287,52291,1994-10-15T00:00:00,1994-10-15T18:00:00,1994-10-16T18:00:00,24
train_052287_lead072,train,4,52284,52287,52299,1994-10-15T00:00:00,1994-10-15T18:00:00,1994-10-18T18:00:00,72
train_052316_lead006,train,4,52313,52316,52317,1994-10-22T06:00:00,1994-10-23T00:00:00,1994-10-23T06:00:00,6
train_052316_lead024,train,4,52313,52316,52320,1994-10-22T06:00:00,1994-10-23T00:00:00,1994-10-24T00:00:00,24
train_052316_lead072,train,4,52313,52316,52328,1994-10-22T06:00:00,1994-10-23T00:00:00,1994-10-26T00:00:00,72
train_052344_lead006,train,4,52341,52344,52345,1994-10-29T06:00:00,1994-10-30T00:00:00,1994-10-30T06:00:00,6
train_052344_lead024,train,4,52341,52344,52348,1994-10-29T06:00:00,1994-10-30T00:00:00,1994-10-31T00:00:00,24
train_052344_lead072,train,4,52341,52344,52356,1994-10-29T06:00:00,1994-10-30T00:00:00,1994-11-02T00:00:00,72
train_052373_lead006,train,4,52370,52373,52374,1994-11-05T12:00:00,1994-11-06T06:00:00,1994-11-06T12:00:00,6
train_052373_lead024,train,4,52370,52373,52377,1994-11-05T12:00:00,1994-11-06T06:00:00,1994-11-07T06:00:00,24
train_052373_lead072,train,4,52370,52373,52385,1994-11-05T12:00:00,1994-11-06T06:00:00,1994-11-09T06:00:00,72
train_052401_lead006,train,4,52398,52401,52402,1994-11-12T12:00:00,1994-11-13T06:00:00,1994-11-13T12:00:00,6
train_052401_lead024,train,4,52398,52401,52405,1994-11-12T12:00:00,1994-11-13T06:00:00,1994-11-14T06:00:00,24
train_052401_lead072,train,4,52398,52401,52413,1994-11-12T12:00:00,1994-11-13T06:00:00,1994-11-16T06:00:00,72
train_052430_lead006,train,4,52427,52430,52431,1994-11-19T18:00:00,1994-11-20T12:00:00,1994-11-20T18:00:00,6
train_052430_lead024,train,4,52427,52430,52434,1994-11-19T18:00:00,1994-11-20T12:00:00,1994-11-21T12:00:00,24
train_052430_lead072,train,4,52427,52430,52442,1994-11-19T18:00:00,1994-11-20T12:00:00,1994-11-23T12:00:00,72
train_052458_lead006,train,4,52455,52458,52459,1994-11-26T18:00:00,1994-11-27T12:00:00,1994-11-27T18:00:00,6
train_052458_lead024,train,4,52455,52458,52462,1994-11-26T18:00:00,1994-11-27T12:00:00,1994-11-28T12:00:00,24
train_052458_lead072,train,4,52455,52458,52470,1994-11-26T18:00:00,1994-11-27T12:00:00,1994-11-30T12:00:00,72
train_052487_lead006,train,4,52484,52487,52488,1994-12-04T00:00:00,1994-12-04T18:00:00,1994-12-05T00:00:00,6
train_052487_lead024,train,4,52484,52487,52491,1994-12-04T00:00:00,1994-12-04T18:00:00,1994-12-05T18:00:00,24
train_052487_lead072,train,4,52484,52487,52499,1994-12-04T00:00:00,1994-12-04T18:00:00,1994-12-07T18:00:00,72
train_052515_lead006,train,4,52512,52515,52516,1994-12-11T00:00:00,1994-12-11T18:00:00,1994-12-12T00:00:00,6
train_052515_lead024,train,4,52512,52515,52519,1994-12-11T00:00:00,1994-12-11T18:00:00,1994-12-12T18:00:00,24
train_052515_lead072,train,4,52512,52515,52527,1994-12-11T00:00:00,1994-12-11T18:00:00,1994-12-14T18:00:00,72
train_052544_lead006,train,4,52541,52544,52545,1994-12-18T06:00:00,1994-12-19T00:00:00,1994-12-19T06:00:00,6
train_052544_lead024,train,4,52541,52544,52548,1994-12-18T06:00:00,1994-12-19T00:00:00,1994-12-20T00:00:00,24
train_052544_lead072,train,4,52541,52544,52556,1994-12-18T06:00:00,1994-12-19T00:00:00,1994-12-22T00:00:00,72
train_052573_lead006,train,4,52570,52573,52574,1994-12-25T12:00:00,1994-12-26T06:00:00,1994-12-26T12:00:00,6
train_052573_lead024,train,4,52570,52573,52577,1994-12-25T12:00:00,1994-12-26T06:00:00,1994-12-27T06:00:00,24
train_052573_lead072,train,4,52570,52573,52585,1994-12-25T12:00:00,1994-12-26T06:00:00,1994-12-29T06:00:00,72
train_052601_lead006,train,4,52598,52601,52602,1995-01-01T12:00:00,1995-01-02T06:00:00,1995-01-02T12:00:00,6
train_052601_lead024,train,4,52598,52601,52605,1995-01-01T12:00:00,1995-01-02T06:00:00,1995-01-03T06:00:00,24
train_052601_lead072,train,4,52598,52601,52613,1995-01-01T12:00:00,1995-01-02T06:00:00,1995-01-05T06:00:00,72
train_052630_lead006,train,4,52627,52630,52631,1995-01-08T18:00:00,1995-01-09T12:00:00,1995-01-09T18:00:00,6
train_052630_lead024,train,4,52627,52630,52634,1995-01-08T18:00:00,1995-01-09T12:00:00,1995-01-10T12:00:00,24
train_052630_lead072,train,4,52627,52630,52642,1995-01-08T18:00:00,1995-01-09T12:00:00,1995-01-12T12:00:00,72
train_052658_lead006,train,4,52655,52658,52659,1995-01-15T18:00:00,1995-01-16T12:00:00,1995-01-16T18:00:00,6
train_052658_lead024,train,4,52655,52658,52662,1995-01-15T18:00:00,1995-01-16T12:00:00,1995-01-17T12:00:00,24
train_052658_lead072,train,4,52655,52658,52670,1995-01-15T18:00:00,1995-01-16T12:00:00,1995-01-19T12:00:00,72
train_052687_lead006,train,4,52684,52687,52688,1995-01-23T00:00:00,1995-01-23T18:00:00,1995-01-24T00:00:00,6
train_052687_lead024,train,4,52684,52687,52691,1995-01-23T00:00:00,1995-01-23T18:00:00,1995-01-24T18:00:00,24
train_052687_lead072,train,4,52684,52687,52699,1995-01-23T00:00:00,1995-01-23T18:00:00,1995-01-26T18:00:00,72
train_052715_lead006,train,4,52712,52715,52716,1995-01-30T00:00:00,1995-01-30T18:00:00,1995-01-31T00:00:00,6
train_052715_lead024,train,4,52712,52715,52719,1995-01-30T00:00:00,1995-01-30T18:00:00,1995-01-31T18:00:00,24
train_052715_lead072,train,4,52712,52715,52727,1995-01-30T00:00:00,1995-01-30T18:00:00,1995-02-02T18:00:00,72
train_052744_lead006,train,4,52741,52744,52745,1995-02-06T06:00:00,1995-02-07T00:00:00,1995-02-07T06:00:00,6
train_052744_lead024,train,4,52741,52744,52748,1995-02-06T06:00:00,1995-02-07T00:00:00,1995-02-08T00:00:00,24
train_052744_lead072,train,4,52741,52744,52756,1995-02-06T06:00:00,1995-02-07T00:00:00,1995-02-10T00:00:00,72
train_052772_lead006,train,4,52769,52772,52773,1995-02-13T06:00:00,1995-02-14T00:00:00,1995-02-14T06:00:00,6
train_052772_lead024,train,4,52769,52772,52776,1995-02-13T06:00:00,1995-02-14T00:00:00,1995-02-15T00:00:00,24
train_052772_lead072,train,4,52769,52772,52784,1995-02-13T06:00:00,1995-02-14T00:00:00,1995-02-17T00:00:00,72
train_052801_lead006,train,4,52798,52801,52802,1995-02-20T12:00:00,1995-02-21T06:00:00,1995-02-21T12:00:00,6
train_052801_lead024,train,4,52798,52801,52805,1995-02-20T12:00:00,1995-02-21T06:00:00,1995-02-22T06:00:00,24
train_052801_lead072,train,4,52798,52801,52813,1995-02-20T12:00:00,1995-02-21T06:00:00,1995-02-24T06:00:00,72
train_052829_lead006,train,4,52826,52829,52830,1995-02-27T12:00:00,1995-02-28T06:00:00,1995-02-28T12:00:00,6
train_052829_lead024,train,4,52826,52829,52833,1995-02-27T12:00:00,1995-02-28T06:00:00,1995-03-01T06:00:00,24
train_052829_lead072,train,4,52826,52829,52841,1995-02-27T12:00:00,1995-02-28T06:00:00,1995-03-03T06:00:00,72
train_052858_lead006,train,4,52855,52858,52859,1995-03-06T18:00:00,1995-03-07T12:00:00,1995-03-07T18:00:00,6
train_052858_lead024,train,4,52855,52858,52862,1995-03-06T18:00:00,1995-03-07T12:00:00,1995-03-08T12:00:00,24
train_052858_lead072,train,4,52855,52858,52870,1995-03-06T18:00:00,1995-03-07T12:00:00,1995-03-10T12:00:00,72
train_052886_lead006,train,4,52883,52886,52887,1995-03-13T18:00:00,1995-03-14T12:00:00,1995-03-14T18:00:00,6
train_052886_lead024,train,4,52883,52886,52890,1995-03-13T18:00:00,1995-03-14T12:00:00,1995-03-15T12:00:00,24
train_052886_lead072,train,4,52883,52886,52898,1995-03-13T18:00:00,1995-03-14T12:00:00,1995-03-17T12:00:00,72
train_052915_lead006,train,4,52912,52915,52916,1995-03-21T00:00:00,1995-03-21T18:00:00,1995-03-22T00:00:00,6
train_052915_lead024,train,4,52912,52915,52919,1995-03-21T00:00:00,1995-03-21T18:00:00,1995-03-22T18:00:00,24
train_052915_lead072,train,4,52912,52915,52927,1995-03-21T00:00:00,1995-03-21T18:00:00,1995-03-24T18:00:00,72
train_052943_lead006,train,4,52940,52943,52944,1995-03-28T00:00:00,1995-03-28T18:00:00,1995-03-29T00:00:00,6
train_052943_lead024,train,4,52940,52943,52947,1995-03-28T00:00:00,1995-03-28T18:00:00,1995-03-29T18:00:00,24
train_052943_lead072,train,4,52940,52943,52955,1995-03-28T00:00:00,1995-03-28T18:00:00,1995-03-31T18:00:00,72
train_052972_lead006,train,4,52969,52972,52973,1995-04-04T06:00:00,1995-04-05T00:00:00,1995-04-05T06:00:00,6
train_052972_lead024,train,4,52969,52972,52976,1995-04-04T06:00:00,1995-04-05T00:00:00,1995-04-06T00:00:00,24
train_052972_lead072,train,4,52969,52972,52984,1995-04-04T06:00:00,1995-04-05T00:00:00,1995-04-08T00:00:00,72
train_053000_lead006,train,4,52997,53000,53001,1995-04-11T06:00:00,1995-04-12T00:00:00,1995-04-12T06:00:00,6
train_053000_lead024,train,4,52997,53000,53004,1995-04-11T06:00:00,1995-04-12T00:00:00,1995-04-13T00:00:00,24
train_053000_lead072,train,4,52997,53000,53012,1995-04-11T06:00:00,1995-04-12T00:00:00,1995-04-15T00:00:00,72
train_053029_lead006,train,4,53026,53029,53030,1995-04-18T12:00:00,1995-04-19T06:00:00,1995-04-19T12:00:00,6
train_053029_lead024,train,4,53026,53029,53033,1995-04-18T12:00:00,1995-04-19T06:00:00,1995-04-20T06:00:00,24
train_053029_lead072,train,4,53026,53029,53041,1995-04-18T12:00:00,1995-04-19T06:00:00,1995-04-22T06:00:00,72
train_053058_lead006,train,4,53055,53058,53059,1995-04-25T18:00:00,1995-04-26T12:00:00,1995-04-26T18:00:00,6
train_053058_lead024,train,4,53055,53058,53062,1995-04-25T18:00:00,1995-04-26T12:00:00,1995-04-27T12:00:00,24
train_053058_lead072,train,4,53055,53058,53070,1995-04-25T18:00:00,1995-04-26T12:00:00,1995-04-29T12:00:00,72
train_053086_lead006,train,4,53083,53086,53087,1995-05-02T18:00:00,1995-05-03T12:00:00,1995-05-03T18:00:00,6
train_053086_lead024,train,4,53083,53086,53090,1995-05-02T18:00:00,1995-05-03T12:00:00,1995-05-04T12:00:00,24
train_053086_lead072,train,4,53083,53086,53098,1995-05-02T18:00:00,1995-05-03T12:00:00,1995-05-06T12:00:00,72
train_053115_lead006,train,4,53112,53115,53116,1995-05-10T00:00:00,1995-05-10T18:00:00,1995-05-11T00:00:00,6
train_053115_lead024,train,4,53112,53115,53119,1995-05-10T00:00:00,1995-05-10T18:00:00,1995-05-11T18:00:00,24
train_053115_lead072,train,4,53112,53115,53127,1995-05-10T00:00:00,1995-05-10T18:00:00,1995-05-13T18:00:00,72
train_053143_lead006,train,4,53140,53143,53144,1995-05-17T00:00:00,1995-05-17T18:00:00,1995-05-18T00:00:00,6
train_053143_lead024,train,4,53140,53143,53147,1995-05-17T00:00:00,1995-05-17T18:00:00,1995-05-18T18:00:00,24
train_053143_lead072,train,4,53140,53143,53155,1995-05-17T00:00:00,1995-05-17T18:00:00,1995-05-20T18:00:00,72
train_053172_lead006,train,4,53169,53172,53173,1995-05-24T06:00:00,1995-05-25T00:00:00,1995-05-25T06:00:00,6
train_053172_lead024,train,4,53169,53172,53176,1995-05-24T06:00:00,1995-05-25T00:00:00,1995-05-26T00:00:00,24
train_053172_lead072,train,4,53169,53172,53184,1995-05-24T06:00:00,1995-05-25T00:00:00,1995-05-28T00:00:00,72
train_053200_lead006,train,4,53197,53200,53201,1995-05-31T06:00:00,1995-06-01T00:00:00,1995-06-01T06:00:00,6
train_053200_lead024,train,4,53197,53200,53204,1995-05-31T06:00:00,1995-06-01T00:00:00,1995-06-02T00:00:00,24
train_053200_lead072,train,4,53197,53200,53212,1995-05-31T06:00:00,1995-06-01T00:00:00,1995-06-04T00:00:00,72
train_053229_lead006,train,4,53226,53229,53230,1995-06-07T12:00:00,1995-06-08T06:00:00,1995-06-08T12:00:00,6
train_053229_lead024,train,4,53226,53229,53233,1995-06-07T12:00:00,1995-06-08T06:00:00,1995-06-09T06:00:00,24
train_053229_lead072,train,4,53226,53229,53241,1995-06-07T12:00:00,1995-06-08T06:00:00,1995-06-11T06:00:00,72
train_053257_lead006,train,4,53254,53257,53258,1995-06-14T12:00:00,1995-06-15T06:00:00,1995-06-15T12:00:00,6
train_053257_lead024,train,4,53254,53257,53261,1995-06-14T12:00:00,1995-06-15T06:00:00,1995-06-16T06:00:00,24
train_053257_lead072,train,4,53254,53257,53269,1995-06-14T12:00:00,1995-06-15T06:00:00,1995-06-18T06:00:00,72
train_053286_lead006,train,4,53283,53286,53287,1995-06-21T18:00:00,1995-06-22T12:00:00,1995-06-22T18:00:00,6
train_053286_lead024,train,4,53283,53286,53290,1995-06-21T18:00:00,1995-06-22T12:00:00,1995-06-23T12:00:00,24
train_053286_lead072,train,4,53283,53286,53298,1995-06-21T18:00:00,1995-06-22T12:00:00,1995-06-25T12:00:00,72
train_053314_lead006,train,4,53311,53314,53315,1995-06-28T18:00:00,1995-06-29T12:00:00,1995-06-29T18:00:00,6
train_053314_lead024,train,4,53311,53314,53318,1995-06-28T18:00:00,1995-06-29T12:00:00,1995-06-30T12:00:00,24
train_053314_lead072,train,4,53311,53314,53326,1995-06-28T18:00:00,1995-06-29T12:00:00,1995-07-02T12:00:00,72
train_053343_lead006,train,4,53340,53343,53344,1995-07-06T00:00:00,1995-07-06T18:00:00,1995-07-07T00:00:00,6
train_053343_lead024,train,4,53340,53343,53347,1995-07-06T00:00:00,1995-07-06T18:00:00,1995-07-07T18:00:00,24
train_053343_lead072,train,4,53340,53343,53355,1995-07-06T00:00:00,1995-07-06T18:00:00,1995-07-09T18:00:00,72
train_053371_lead006,train,4,53368,53371,53372,1995-07-13T00:00:00,1995-07-13T18:00:00,1995-07-14T00:00:00,6
train_053371_lead024,train,4,53368,53371,53375,1995-07-13T00:00:00,1995-07-13T18:00:00,1995-07-14T18:00:00,24
train_053371_lead072,train,4,53368,53371,53383,1995-07-13T00:00:00,1995-07-13T18:00:00,1995-07-16T18:00:00,72
train_053400_lead006,train,4,53397,53400,53401,1995-07-20T06:00:00,1995-07-21T00:00:00,1995-07-21T06:00:00,6
train_053400_lead024,train,4,53397,53400,53404,1995-07-20T06:00:00,1995-07-21T00:00:00,1995-07-22T00:00:00,24
train_053400_lead072,train,4,53397,53400,53412,1995-07-20T06:00:00,1995-07-21T00:00:00,1995-07-24T00:00:00,72
train_053428_lead006,train,4,53425,53428,53429,1995-07-27T06:00:00,1995-07-28T00:00:00,1995-07-28T06:00:00,6
train_053428_lead024,train,4,53425,53428,53432,1995-07-27T06:00:00,1995-07-28T00:00:00,1995-07-29T00:00:00,24
train_053428_lead072,train,4,53425,53428,53440,1995-07-27T06:00:00,1995-07-28T00:00:00,1995-07-31T00:00:00,72
train_053457_lead006,train,4,53454,53457,53458,1995-08-03T12:00:00,1995-08-04T06:00:00,1995-08-04T12:00:00,6
train_053457_lead024,train,4,53454,53457,53461,1995-08-03T12:00:00,1995-08-04T06:00:00,1995-08-05T06:00:00,24
train_053457_lead072,train,4,53454,53457,53469,1995-08-03T12:00:00,1995-08-04T06:00:00,1995-08-07T06:00:00,72
train_053485_lead006,train,4,53482,53485,53486,1995-08-10T12:00:00,1995-08-11T06:00:00,1995-08-11T12:00:00,6
train_053485_lead024,train,4,53482,53485,53489,1995-08-10T12:00:00,1995-08-11T06:00:00,1995-08-12T06:00:00,24
train_053485_lead072,train,4,53482,53485,53497,1995-08-10T12:00:00,1995-08-11T06:00:00,1995-08-14T06:00:00,72
train_053514_lead006,train,4,53511,53514,53515,1995-08-17T18:00:00,1995-08-18T12:00:00,1995-08-18T18:00:00,6
train_053514_lead024,train,4,53511,53514,53518,1995-08-17T18:00:00,1995-08-18T12:00:00,1995-08-19T12:00:00,24
train_053514_lead072,train,4,53511,53514,53526,1995-08-17T18:00:00,1995-08-18T12:00:00,1995-08-21T12:00:00,72
train_053542_lead006,train,4,53539,53542,53543,1995-08-24T18:00:00,1995-08-25T12:00:00,1995-08-25T18:00:00,6
train_053542_lead024,train,4,53539,53542,53546,1995-08-24T18:00:00,1995-08-25T12:00:00,1995-08-26T12:00:00,24
train_053542_lead072,train,4,53539,53542,53554,1995-08-24T18:00:00,1995-08-25T12:00:00,1995-08-28T12:00:00,72
train_053571_lead006,train,4,53568,53571,53572,1995-09-01T00:00:00,1995-09-01T18:00:00,1995-09-02T00:00:00,6
train_053571_lead024,train,4,53568,53571,53575,1995-09-01T00:00:00,1995-09-01T18:00:00,1995-09-02T18:00:00,24
train_053571_lead072,train,4,53568,53571,53583,1995-09-01T00:00:00,1995-09-01T18:00:00,1995-09-04T18:00:00,72
train_053600_lead006,train,4,53597,53600,53601,1995-09-08T06:00:00,1995-09-09T00:00:00,1995-09-09T06:00:00,6
train_053600_lead024,train,4,53597,53600,53604,1995-09-08T06:00:00,1995-09-09T00:00:00,1995-09-10T00:00:00,24
train_053600_lead072,train,4,53597,53600,53612,1995-09-08T06:00:00,1995-09-09T00:00:00,1995-09-12T00:00:00,72
train_053628_lead006,train,4,53625,53628,53629,1995-09-15T06:00:00,1995-09-16T00:00:00,1995-09-16T06:00:00,6
train_053628_lead024,train,4,53625,53628,53632,1995-09-15T06:00:00,1995-09-16T00:00:00,1995-09-17T00:00:00,24
train_053628_lead072,train,4,53625,53628,53640,1995-09-15T06:00:00,1995-09-16T00:00:00,1995-09-19T00:00:00,72
train_053657_lead006,train,4,53654,53657,53658,1995-09-22T12:00:00,1995-09-23T06:00:00,1995-09-23T12:00:00,6
train_053657_lead024,train,4,53654,53657,53661,1995-09-22T12:00:00,1995-09-23T06:00:00,1995-09-24T06:00:00,24
train_053657_lead072,train,4,53654,53657,53669,1995-09-22T12:00:00,1995-09-23T06:00:00,1995-09-26T06:00:00,72
train_053685_lead006,train,4,53682,53685,53686,1995-09-29T12:00:00,1995-09-30T06:00:00,1995-09-30T12:00:00,6
train_053685_lead024,train,4,53682,53685,53689,1995-09-29T12:00:00,1995-09-30T06:00:00,1995-10-01T06:00:00,24
train_053685_lead072,train,4,53682,53685,53697,1995-09-29T12:00:00,1995-09-30T06:00:00,1995-10-03T06:00:00,72
train_053714_lead006,train,4,53711,53714,53715,1995-10-06T18:00:00,1995-10-07T12:00:00,1995-10-07T18:00:00,6
train_053714_lead024,train,4,53711,53714,53718,1995-10-06T18:00:00,1995-10-07T12:00:00,1995-10-08T12:00:00,24
train_053714_lead072,train,4,53711,53714,53726,1995-10-06T18:00:00,1995-10-07T12:00:00,1995-10-10T12:00:00,72
train_053742_lead006,train,4,53739,53742,53743,1995-10-13T18:00:00,1995-10-14T12:00:00,1995-10-14T18:00:00,6
train_053742_lead024,train,4,53739,53742,53746,1995-10-13T18:00:00,1995-10-14T12:00:00,1995-10-15T12:00:00,24
train_053742_lead072,train,4,53739,53742,53754,1995-10-13T18:00:00,1995-10-14T12:00:00,1995-10-17T12:00:00,72
train_053771_lead006,train,4,53768,53771,53772,1995-10-21T00:00:00,1995-10-21T18:00:00,1995-10-22T00:00:00,6
train_053771_lead024,train,4,53768,53771,53775,1995-10-21T00:00:00,1995-10-21T18:00:00,1995-10-22T18:00:00,24
train_053771_lead072,train,4,53768,53771,53783,1995-10-21T00:00:00,1995-10-21T18:00:00,1995-10-24T18:00:00,72
train_053799_lead006,train,4,53796,53799,53800,1995-10-28T00:00:00,1995-10-28T18:00:00,1995-10-29T00:00:00,6
train_053799_lead024,train,4,53796,53799,53803,1995-10-28T00:00:00,1995-10-28T18:00:00,1995-10-29T18:00:00,24
train_053799_lead072,train,4,53796,53799,53811,1995-10-28T00:00:00,1995-10-28T18:00:00,1995-10-31T18:00:00,72
train_053828_lead006,train,4,53825,53828,53829,1995-11-04T06:00:00,1995-11-05T00:00:00,1995-11-05T06:00:00,6
train_053828_lead024,train,4,53825,53828,53832,1995-11-04T06:00:00,1995-11-05T00:00:00,1995-11-06T00:00:00,24
train_053828_lead072,train,4,53825,53828,53840,1995-11-04T06:00:00,1995-11-05T00:00:00,1995-11-08T00:00:00,72
train_053856_lead006,train,4,53853,53856,53857,1995-11-11T06:00:00,1995-11-12T00:00:00,1995-11-12T06:00:00,6
train_053856_lead024,train,4,53853,53856,53860,1995-11-11T06:00:00,1995-11-12T00:00:00,1995-11-13T00:00:00,24
train_053856_lead072,train,4,53853,53856,53868,1995-11-11T06:00:00,1995-11-12T00:00:00,1995-11-15T00:00:00,72
train_053885_lead006,train,4,53882,53885,53886,1995-11-18T12:00:00,1995-11-19T06:00:00,1995-11-19T12:00:00,6
train_053885_lead024,train,4,53882,53885,53889,1995-11-18T12:00:00,1995-11-19T06:00:00,1995-11-20T06:00:00,24
train_053885_lead072,train,4,53882,53885,53897,1995-11-18T12:00:00,1995-11-19T06:00:00,1995-11-22T06:00:00,72
train_053913_lead006,train,4,53910,53913,53914,1995-11-25T12:00:00,1995-11-26T06:00:00,1995-11-26T12:00:00,6
train_053913_lead024,train,4,53910,53913,53917,1995-11-25T12:00:00,1995-11-26T06:00:00,1995-11-27T06:00:00,24
train_053913_lead072,train,4,53910,53913,53925,1995-11-25T12:00:00,1995-11-26T06:00:00,1995-11-29T06:00:00,72
train_053942_lead006,train,4,53939,53942,53943,1995-12-02T18:00:00,1995-12-03T12:00:00,1995-12-03T18:00:00,6
train_053942_lead024,train,4,53939,53942,53946,1995-12-02T18:00:00,1995-12-03T12:00:00,1995-12-04T12:00:00,24
train_053942_lead072,train,4,53939,53942,53954,1995-12-02T18:00:00,1995-12-03T12:00:00,1995-12-06T12:00:00,72
train_053970_lead006,train,4,53967,53970,53971,1995-12-09T18:00:00,1995-12-10T12:00:00,1995-12-10T18:00:00,6
train_053970_lead024,train,4,53967,53970,53974,1995-12-09T18:00:00,1995-12-10T12:00:00,1995-12-11T12:00:00,24
train_053970_lead072,train,4,53967,53970,53982,1995-12-09T18:00:00,1995-12-10T12:00:00,1995-12-13T12:00:00,72
train_053999_lead006,train,4,53996,53999,54000,1995-12-17T00:00:00,1995-12-17T18:00:00,1995-12-18T00:00:00,6
train_053999_lead024,train,4,53996,53999,54003,1995-12-17T00:00:00,1995-12-17T18:00:00,1995-12-18T18:00:00,24
train_053999_lead072,train,4,53996,53999,54011,1995-12-17T00:00:00,1995-12-17T18:00:00,1995-12-20T18:00:00,72
train_054027_lead006,train,4,54024,54027,54028,1995-12-24T00:00:00,1995-12-24T18:00:00,1995-12-25T00:00:00,6
train_054027_lead024,train,4,54024,54027,54031,1995-12-24T00:00:00,1995-12-24T18:00:00,1995-12-25T18:00:00,24
train_054027_lead072,train,4,54024,54027,54039,1995-12-24T00:00:00,1995-12-24T18:00:00,1995-12-27T18:00:00,72
train_054056_lead006,train,4,54053,54056,54057,1995-12-31T06:00:00,1996-01-01T00:00:00,1996-01-01T06:00:00,6
train_054056_lead024,train,4,54053,54056,54060,1995-12-31T06:00:00,1996-01-01T00:00:00,1996-01-02T00:00:00,24
train_054056_lead072,train,4,54053,54056,54068,1995-12-31T06:00:00,1996-01-01T00:00:00,1996-01-04T00:00:00,72
train_054085_lead006,train,4,54082,54085,54086,1996-01-07T12:00:00,1996-01-08T06:00:00,1996-01-08T12:00:00,6
train_054085_lead024,train,4,54082,54085,54089,1996-01-07T12:00:00,1996-01-08T06:00:00,1996-01-09T06:00:00,24
train_054085_lead072,train,4,54082,54085,54097,1996-01-07T12:00:00,1996-01-08T06:00:00,1996-01-11T06:00:00,72
train_054113_lead006,train,4,54110,54113,54114,1996-01-14T12:00:00,1996-01-15T06:00:00,1996-01-15T12:00:00,6
train_054113_lead024,train,4,54110,54113,54117,1996-01-14T12:00:00,1996-01-15T06:00:00,1996-01-16T06:00:00,24
train_054113_lead072,train,4,54110,54113,54125,1996-01-14T12:00:00,1996-01-15T06:00:00,1996-01-18T06:00:00,72
train_054142_lead006,train,4,54139,54142,54143,1996-01-21T18:00:00,1996-01-22T12:00:00,1996-01-22T18:00:00,6
train_054142_lead024,train,4,54139,54142,54146,1996-01-21T18:00:00,1996-01-22T12:00:00,1996-01-23T12:00:00,24
train_054142_lead072,train,4,54139,54142,54154,1996-01-21T18:00:00,1996-01-22T12:00:00,1996-01-25T12:00:00,72
train_054170_lead006,train,4,54167,54170,54171,1996-01-28T18:00:00,1996-01-29T12:00:00,1996-01-29T18:00:00,6
train_054170_lead024,train,4,54167,54170,54174,1996-01-28T18:00:00,1996-01-29T12:00:00,1996-01-30T12:00:00,24
train_054170_lead072,train,4,54167,54170,54182,1996-01-28T18:00:00,1996-01-29T12:00:00,1996-02-01T12:00:00,72
train_054199_lead006,train,4,54196,54199,54200,1996-02-05T00:00:00,1996-02-05T18:00:00,1996-02-06T00:00:00,6
train_054199_lead024,train,4,54196,54199,54203,1996-02-05T00:00:00,1996-02-05T18:00:00,1996-02-06T18:00:00,24
train_054199_lead072,train,4,54196,54199,54211,1996-02-05T00:00:00,1996-02-05T18:00:00,1996-02-08T18:00:00,72
train_054227_lead006,train,4,54224,54227,54228,1996-02-12T00:00:00,1996-02-12T18:00:00,1996-02-13T00:00:00,6
train_054227_lead024,train,4,54224,54227,54231,1996-02-12T00:00:00,1996-02-12T18:00:00,1996-02-13T18:00:00,24
train_054227_lead072,train,4,54224,54227,54239,1996-02-12T00:00:00,1996-02-12T18:00:00,1996-02-15T18:00:00,72
train_054256_lead006,train,4,54253,54256,54257,1996-02-19T06:00:00,1996-02-20T00:00:00,1996-02-20T06:00:00,6
train_054256_lead024,train,4,54253,54256,54260,1996-02-19T06:00:00,1996-02-20T00:00:00,1996-02-21T00:00:00,24
train_054256_lead072,train,4,54253,54256,54268,1996-02-19T06:00:00,1996-02-20T00:00:00,1996-02-23T00:00:00,72
train_054284_lead006,train,4,54281,54284,54285,1996-02-26T06:00:00,1996-02-27T00:00:00,1996-02-27T06:00:00,6
train_054284_lead024,train,4,54281,54284,54288,1996-02-26T06:00:00,1996-02-27T00:00:00,1996-02-28T00:00:00,24
train_054284_lead072,train,4,54281,54284,54296,1996-02-26T06:00:00,1996-02-27T00:00:00,1996-03-01T00:00:00,72
train_054313_lead006,train,4,54310,54313,54314,1996-03-04T12:00:00,1996-03-05T06:00:00,1996-03-05T12:00:00,6
train_054313_lead024,train,4,54310,54313,54317,1996-03-04T12:00:00,1996-03-05T06:00:00,1996-03-06T06:00:00,24
train_054313_lead072,train,4,54310,54313,54325,1996-03-04T12:00:00,1996-03-05T06:00:00,1996-03-08T06:00:00,72
train_054341_lead006,train,4,54338,54341,54342,1996-03-11T12:00:00,1996-03-12T06:00:00,1996-03-12T12:00:00,6
train_054341_lead024,train,4,54338,54341,54345,1996-03-11T12:00:00,1996-03-12T06:00:00,1996-03-13T06:00:00,24
train_054341_lead072,train,4,54338,54341,54353,1996-03-11T12:00:00,1996-03-12T06:00:00,1996-03-15T06:00:00,72
train_054370_lead006,train,4,54367,54370,54371,1996-03-18T18:00:00,1996-03-19T12:00:00,1996-03-19T18:00:00,6
train_054370_lead024,train,4,54367,54370,54374,1996-03-18T18:00:00,1996-03-19T12:00:00,1996-03-20T12:00:00,24
train_054370_lead072,train,4,54367,54370,54382,1996-03-18T18:00:00,1996-03-19T12:00:00,1996-03-22T12:00:00,72
train_054398_lead006,train,4,54395,54398,54399,1996-03-25T18:00:00,1996-03-26T12:00:00,1996-03-26T18:00:00,6
train_054398_lead024,train,4,54395,54398,54402,1996-03-25T18:00:00,1996-03-26T12:00:00,1996-03-27T12:00:00,24
train_054398_lead072,train,4,54395,54398,54410,1996-03-25T18:00:00,1996-03-26T12:00:00,1996-03-29T12:00:00,72
train_054427_lead006,train,4,54424,54427,54428,1996-04-02T00:00:00,1996-04-02T18:00:00,1996-04-03T00:00:00,6
train_054427_lead024,train,4,54424,54427,54431,1996-04-02T00:00:00,1996-04-02T18:00:00,1996-04-03T18:00:00,24
train_054427_lead072,train,4,54424,54427,54439,1996-04-02T00:00:00,1996-04-02T18:00:00,1996-04-05T18:00:00,72
train_054455_lead006,train,4,54452,54455,54456,1996-04-09T00:00:00,1996-04-09T18:00:00,1996-04-10T00:00:00,6
train_054455_lead024,train,4,54452,54455,54459,1996-04-09T00:00:00,1996-04-09T18:00:00,1996-04-10T18:00:00,24
train_054455_lead072,train,4,54452,54455,54467,1996-04-09T00:00:00,1996-04-09T18:00:00,1996-04-12T18:00:00,72
train_054484_lead006,train,4,54481,54484,54485,1996-04-16T06:00:00,1996-04-17T00:00:00,1996-04-17T06:00:00,6
train_054484_lead024,train,4,54481,54484,54488,1996-04-16T06:00:00,1996-04-17T00:00:00,1996-04-18T00:00:00,24
train_054484_lead072,train,4,54481,54484,54496,1996-04-16T06:00:00,1996-04-17T00:00:00,1996-04-20T00:00:00,72
train_054512_lead006,train,4,54509,54512,54513,1996-04-23T06:00:00,1996-04-24T00:00:00,1996-04-24T06:00:00,6
train_054512_lead024,train,4,54509,54512,54516,1996-04-23T06:00:00,1996-04-24T00:00:00,1996-04-25T00:00:00,24
train_054512_lead072,train,4,54509,54512,54524,1996-04-23T06:00:00,1996-04-24T00:00:00,1996-04-27T00:00:00,72
train_054541_lead006,train,4,54538,54541,54542,1996-04-30T12:00:00,1996-05-01T06:00:00,1996-05-01T12:00:00,6
train_054541_lead024,train,4,54538,54541,54545,1996-04-30T12:00:00,1996-05-01T06:00:00,1996-05-02T06:00:00,24
train_054541_lead072,train,4,54538,54541,54553,1996-04-30T12:00:00,1996-05-01T06:00:00,1996-05-04T06:00:00,72
train_054569_lead006,train,4,54566,54569,54570,1996-05-07T12:00:00,1996-05-08T06:00:00,1996-05-08T12:00:00,6
train_054569_lead024,train,4,54566,54569,54573,1996-05-07T12:00:00,1996-05-08T06:00:00,1996-05-09T06:00:00,24
train_054569_lead072,train,4,54566,54569,54581,1996-05-07T12:00:00,1996-05-08T06:00:00,1996-05-11T06:00:00,72
train_054598_lead006,train,4,54595,54598,54599,1996-05-14T18:00:00,1996-05-15T12:00:00,1996-05-15T18:00:00,6
train_054598_lead024,train,4,54595,54598,54602,1996-05-14T18:00:00,1996-05-15T12:00:00,1996-05-16T12:00:00,24
train_054598_lead072,train,4,54595,54598,54610,1996-05-14T18:00:00,1996-05-15T12:00:00,1996-05-18T12:00:00,72
train_054627_lead006,train,4,54624,54627,54628,1996-05-22T00:00:00,1996-05-22T18:00:00,1996-05-23T00:00:00,6
train_054627_lead024,train,4,54624,54627,54631,1996-05-22T00:00:00,1996-05-22T18:00:00,1996-05-23T18:00:00,24
train_054627_lead072,train,4,54624,54627,54639,1996-05-22T00:00:00,1996-05-22T18:00:00,1996-05-25T18:00:00,72
train_054655_lead006,train,4,54652,54655,54656,1996-05-29T00:00:00,1996-05-29T18:00:00,1996-05-30T00:00:00,6
train_054655_lead024,train,4,54652,54655,54659,1996-05-29T00:00:00,1996-05-29T18:00:00,1996-05-30T18:00:00,24
train_054655_lead072,train,4,54652,54655,54667,1996-05-29T00:00:00,1996-05-29T18:00:00,1996-06-01T18:00:00,72
train_054684_lead006,train,4,54681,54684,54685,1996-06-05T06:00:00,1996-06-06T00:00:00,1996-06-06T06:00:00,6
train_054684_lead024,train,4,54681,54684,54688,1996-06-05T06:00:00,1996-06-06T00:00:00,1996-06-07T00:00:00,24
train_054684_lead072,train,4,54681,54684,54696,1996-06-05T06:00:00,1996-06-06T00:00:00,1996-06-09T00:00:00,72
train_054712_lead006,train,4,54709,54712,54713,1996-06-12T06:00:00,1996-06-13T00:00:00,1996-06-13T06:00:00,6
train_054712_lead024,train,4,54709,54712,54716,1996-06-12T06:00:00,1996-06-13T00:00:00,1996-06-14T00:00:00,24
train_054712_lead072,train,4,54709,54712,54724,1996-06-12T06:00:00,1996-06-13T00:00:00,1996-06-16T00:00:00,72
train_054741_lead006,train,4,54738,54741,54742,1996-06-19T12:00:00,1996-06-20T06:00:00,1996-06-20T12:00:00,6
train_054741_lead024,train,4,54738,54741,54745,1996-06-19T12:00:00,1996-06-20T06:00:00,1996-06-21T06:00:00,24
train_054741_lead072,train,4,54738,54741,54753,1996-06-19T12:00:00,1996-06-20T06:00:00,1996-06-23T06:00:00,72
train_054769_lead006,train,4,54766,54769,54770,1996-06-26T12:00:00,1996-06-27T06:00:00,1996-06-27T12:00:00,6
train_054769_lead024,train,4,54766,54769,54773,1996-06-26T12:00:00,1996-06-27T06:00:00,1996-06-28T06:00:00,24
train_054769_lead072,train,4,54766,54769,54781,1996-06-26T12:00:00,1996-06-27T06:00:00,1996-06-30T06:00:00,72
train_054798_lead006,train,4,54795,54798,54799,1996-07-03T18:00:00,1996-07-04T12:00:00,1996-07-04T18:00:00,6
train_054798_lead024,train,4,54795,54798,54802,1996-07-03T18:00:00,1996-07-04T12:00:00,1996-07-05T12:00:00,24
train_054798_lead072,train,4,54795,54798,54810,1996-07-03T18:00:00,1996-07-04T12:00:00,1996-07-07T12:00:00,72
train_054826_lead006,train,4,54823,54826,54827,1996-07-10T18:00:00,1996-07-11T12:00:00,1996-07-11T18:00:00,6
train_054826_lead024,train,4,54823,54826,54830,1996-07-10T18:00:00,1996-07-11T12:00:00,1996-07-12T12:00:00,24
train_054826_lead072,train,4,54823,54826,54838,1996-07-10T18:00:00,1996-07-11T12:00:00,1996-07-14T12:00:00,72
train_054855_lead006,train,4,54852,54855,54856,1996-07-18T00:00:00,1996-07-18T18:00:00,1996-07-19T00:00:00,6
train_054855_lead024,train,4,54852,54855,54859,1996-07-18T00:00:00,1996-07-18T18:00:00,1996-07-19T18:00:00,24
train_054855_lead072,train,4,54852,54855,54867,1996-07-18T00:00:00,1996-07-18T18:00:00,1996-07-21T18:00:00,72
train_054883_lead006,train,4,54880,54883,54884,1996-07-25T00:00:00,1996-07-25T18:00:00,1996-07-26T00:00:00,6
train_054883_lead024,train,4,54880,54883,54887,1996-07-25T00:00:00,1996-07-25T18:00:00,1996-07-26T18:00:00,24
train_054883_lead072,train,4,54880,54883,54895,1996-07-25T00:00:00,1996-07-25T18:00:00,1996-07-28T18:00:00,72
train_054912_lead006,train,4,54909,54912,54913,1996-08-01T06:00:00,1996-08-02T00:00:00,1996-08-02T06:00:00,6
train_054912_lead024,train,4,54909,54912,54916,1996-08-01T06:00:00,1996-08-02T00:00:00,1996-08-03T00:00:00,24
train_054912_lead072,train,4,54909,54912,54924,1996-08-01T06:00:00,1996-08-02T00:00:00,1996-08-05T00:00:00,72
train_054940_lead006,train,4,54937,54940,54941,1996-08-08T06:00:00,1996-08-09T00:00:00,1996-08-09T06:00:00,6
train_054940_lead024,train,4,54937,54940,54944,1996-08-08T06:00:00,1996-08-09T00:00:00,1996-08-10T00:00:00,24
train_054940_lead072,train,4,54937,54940,54952,1996-08-08T06:00:00,1996-08-09T00:00:00,1996-08-12T00:00:00,72
train_054969_lead006,train,4,54966,54969,54970,1996-08-15T12:00:00,1996-08-16T06:00:00,1996-08-16T12:00:00,6
train_054969_lead024,train,4,54966,54969,54973,1996-08-15T12:00:00,1996-08-16T06:00:00,1996-08-17T06:00:00,24
train_054969_lead072,train,4,54966,54969,54981,1996-08-15T12:00:00,1996-08-16T06:00:00,1996-08-19T06:00:00,72
train_054997_lead006,train,4,54994,54997,54998,1996-08-22T12:00:00,1996-08-23T06:00:00,1996-08-23T12:00:00,6
train_054997_lead024,train,4,54994,54997,55001,1996-08-22T12:00:00,1996-08-23T06:00:00,1996-08-24T06:00:00,24
train_054997_lead072,train,4,54994,54997,55009,1996-08-22T12:00:00,1996-08-23T06:00:00,1996-08-26T06:00:00,72
train_055026_lead006,train,4,55023,55026,55027,1996-08-29T18:00:00,1996-08-30T12:00:00,1996-08-30T18:00:00,6
train_055026_lead024,train,4,55023,55026,55030,1996-08-29T18:00:00,1996-08-30T12:00:00,1996-08-31T12:00:00,24
train_055026_lead072,train,4,55023,55026,55038,1996-08-29T18:00:00,1996-08-30T12:00:00,1996-09-02T12:00:00,72
train_055054_lead006,train,4,55051,55054,55055,1996-09-05T18:00:00,1996-09-06T12:00:00,1996-09-06T18:00:00,6
train_055054_lead024,train,4,55051,55054,55058,1996-09-05T18:00:00,1996-09-06T12:00:00,1996-09-07T12:00:00,24
train_055054_lead072,train,4,55051,55054,55066,1996-09-05T18:00:00,1996-09-06T12:00:00,1996-09-09T12:00:00,72
train_055083_lead006,train,4,55080,55083,55084,1996-09-13T00:00:00,1996-09-13T18:00:00,1996-09-14T00:00:00,6
train_055083_lead024,train,4,55080,55083,55087,1996-09-13T00:00:00,1996-09-13T18:00:00,1996-09-14T18:00:00,24
train_055083_lead072,train,4,55080,55083,55095,1996-09-13T00:00:00,1996-09-13T18:00:00,1996-09-16T18:00:00,72
train_055112_lead006,train,4,55109,55112,55113,1996-09-20T06:00:00,1996-09-21T00:00:00,1996-09-21T06:00:00,6
train_055112_lead024,train,4,55109,55112,55116,1996-09-20T06:00:00,1996-09-21T00:00:00,1996-09-22T00:00:00,24
train_055112_lead072,train,4,55109,55112,55124,1996-09-20T06:00:00,1996-09-21T00:00:00,1996-09-24T00:00:00,72
train_055140_lead006,train,4,55137,55140,55141,1996-09-27T06:00:00,1996-09-28T00:00:00,1996-09-28T06:00:00,6
train_055140_lead024,train,4,55137,55140,55144,1996-09-27T06:00:00,1996-09-28T00:00:00,1996-09-29T00:00:00,24
train_055140_lead072,train,4,55137,55140,55152,1996-09-27T06:00:00,1996-09-28T00:00:00,1996-10-01T00:00:00,72
train_055169_lead006,train,4,55166,55169,55170,1996-10-04T12:00:00,1996-10-05T06:00:00,1996-10-05T12:00:00,6
train_055169_lead024,train,4,55166,55169,55173,1996-10-04T12:00:00,1996-10-05T06:00:00,1996-10-06T06:00:00,24
train_055169_lead072,train,4,55166,55169,55181,1996-10-04T12:00:00,1996-10-05T06:00:00,1996-10-08T06:00:00,72
train_055197_lead006,train,4,55194,55197,55198,1996-10-11T12:00:00,1996-10-12T06:00:00,1996-10-12T12:00:00,6
train_055197_lead024,train,4,55194,55197,55201,1996-10-11T12:00:00,1996-10-12T06:00:00,1996-10-13T06:00:00,24
train_055197_lead072,train,4,55194,55197,55209,1996-10-11T12:00:00,1996-10-12T06:00:00,1996-10-15T06:00:00,72
train_055226_lead006,train,4,55223,55226,55227,1996-10-18T18:00:00,1996-10-19T12:00:00,1996-10-19T18:00:00,6
train_055226_lead024,train,4,55223,55226,55230,1996-10-18T18:00:00,1996-10-19T12:00:00,1996-10-20T12:00:00,24
train_055226_lead072,train,4,55223,55226,55238,1996-10-18T18:00:00,1996-10-19T12:00:00,1996-10-22T12:00:00,72
train_055254_lead006,train,4,55251,55254,55255,1996-10-25T18:00:00,1996-10-26T12:00:00,1996-10-26T18:00:00,6
train_055254_lead024,train,4,55251,55254,55258,1996-10-25T18:00:00,1996-10-26T12:00:00,1996-10-27T12:00:00,24
train_055254_lead072,train,4,55251,55254,55266,1996-10-25T18:00:00,1996-10-26T12:00:00,1996-10-29T12:00:00,72
train_055283_lead006,train,4,55280,55283,55284,1996-11-02T00:00:00,1996-11-02T18:00:00,1996-11-03T00:00:00,6
train_055283_lead024,train,4,55280,55283,55287,1996-11-02T00:00:00,1996-11-02T18:00:00,1996-11-03T18:00:00,24
train_055283_lead072,train,4,55280,55283,55295,1996-11-02T00:00:00,1996-11-02T18:00:00,1996-11-05T18:00:00,72
train_055311_lead006,train,4,55308,55311,55312,1996-11-09T00:00:00,1996-11-09T18:00:00,1996-11-10T00:00:00,6
train_055311_lead024,train,4,55308,55311,55315,1996-11-09T00:00:00,1996-11-09T18:00:00,1996-11-10T18:00:00,24
train_055311_lead072,train,4,55308,55311,55323,1996-11-09T00:00:00,1996-11-09T18:00:00,1996-11-12T18:00:00,72
train_055340_lead006,train,4,55337,55340,55341,1996-11-16T06:00:00,1996-11-17T00:00:00,1996-11-17T06:00:00,6
train_055340_lead024,train,4,55337,55340,55344,1996-11-16T06:00:00,1996-11-17T00:00:00,1996-11-18T00:00:00,24
train_055340_lead072,train,4,55337,55340,55352,1996-11-16T06:00:00,1996-11-17T00:00:00,1996-11-20T00:00:00,72
train_055368_lead006,train,4,55365,55368,55369,1996-11-23T06:00:00,1996-11-24T00:00:00,1996-11-24T06:00:00,6
train_055368_lead024,train,4,55365,55368,55372,1996-11-23T06:00:00,1996-11-24T00:00:00,1996-11-25T00:00:00,24
train_055368_lead072,train,4,55365,55368,55380,1996-11-23T06:00:00,1996-11-24T00:00:00,1996-11-27T00:00:00,72
train_055397_lead006,train,4,55394,55397,55398,1996-11-30T12:00:00,1996-12-01T06:00:00,1996-12-01T12:00:00,6
train_055397_lead024,train,4,55394,55397,55401,1996-11-30T12:00:00,1996-12-01T06:00:00,1996-12-02T06:00:00,24
train_055397_lead072,train,4,55394,55397,55409,1996-11-30T12:00:00,1996-12-01T06:00:00,1996-12-04T06:00:00,72
train_055425_lead006,train,4,55422,55425,55426,1996-12-07T12:00:00,1996-12-08T06:00:00,1996-12-08T12:00:00,6
train_055425_lead024,train,4,55422,55425,55429,1996-12-07T12:00:00,1996-12-08T06:00:00,1996-12-09T06:00:00,24
train_055425_lead072,train,4,55422,55425,55437,1996-12-07T12:00:00,1996-12-08T06:00:00,1996-12-11T06:00:00,72
train_055454_lead006,train,4,55451,55454,55455,1996-12-14T18:00:00,1996-12-15T12:00:00,1996-12-15T18:00:00,6
train_055454_lead024,train,4,55451,55454,55458,1996-12-14T18:00:00,1996-12-15T12:00:00,1996-12-16T12:00:00,24
train_055454_lead072,train,4,55451,55454,55466,1996-12-14T18:00:00,1996-12-15T12:00:00,1996-12-18T12:00:00,72
train_055482_lead006,train,4,55479,55482,55483,1996-12-21T18:00:00,1996-12-22T12:00:00,1996-12-22T18:00:00,6
train_055482_lead024,train,4,55479,55482,55486,1996-12-21T18:00:00,1996-12-22T12:00:00,1996-12-23T12:00:00,24
train_055482_lead072,train,4,55479,55482,55494,1996-12-21T18:00:00,1996-12-22T12:00:00,1996-12-25T12:00:00,72
train_055511_lead006,train,4,55508,55511,55512,1996-12-29T00:00:00,1996-12-29T18:00:00,1996-12-30T00:00:00,6
train_055511_lead024,train,4,55508,55511,55515,1996-12-29T00:00:00,1996-12-29T18:00:00,1996-12-30T18:00:00,24
train_055511_lead072,train,4,55508,55511,55523,1996-12-29T00:00:00,1996-12-29T18:00:00,1997-01-01T18:00:00,72
train_055539_lead006,train,4,55536,55539,55540,1997-01-05T00:00:00,1997-01-05T18:00:00,1997-01-06T00:00:00,6
train_055539_lead024,train,4,55536,55539,55543,1997-01-05T00:00:00,1997-01-05T18:00:00,1997-01-06T18:00:00,24
train_055539_lead072,train,4,55536,55539,55551,1997-01-05T00:00:00,1997-01-05T18:00:00,1997-01-08T18:00:00,72
train_055568_lead006,train,4,55565,55568,55569,1997-01-12T06:00:00,1997-01-13T00:00:00,1997-01-13T06:00:00,6
train_055568_lead024,train,4,55565,55568,55572,1997-01-12T06:00:00,1997-01-13T00:00:00,1997-01-14T00:00:00,24
train_055568_lead072,train,4,55565,55568,55580,1997-01-12T06:00:00,1997-01-13T00:00:00,1997-01-16T00:00:00,72
train_055596_lead006,train,4,55593,55596,55597,1997-01-19T06:00:00,1997-01-20T00:00:00,1997-01-20T06:00:00,6
train_055596_lead024,train,4,55593,55596,55600,1997-01-19T06:00:00,1997-01-20T00:00:00,1997-01-21T00:00:00,24
train_055596_lead072,train,4,55593,55596,55608,1997-01-19T06:00:00,1997-01-20T00:00:00,1997-01-23T00:00:00,72
train_055625_lead006,train,4,55622,55625,55626,1997-01-26T12:00:00,1997-01-27T06:00:00,1997-01-27T12:00:00,6
train_055625_lead024,train,4,55622,55625,55629,1997-01-26T12:00:00,1997-01-27T06:00:00,1997-01-28T06:00:00,24
train_055625_lead072,train,4,55622,55625,55637,1997-01-26T12:00:00,1997-01-27T06:00:00,1997-01-30T06:00:00,72
train_055654_lead006,train,4,55651,55654,55655,1997-02-02T18:00:00,1997-02-03T12:00:00,1997-02-03T18:00:00,6
train_055654_lead024,train,4,55651,55654,55658,1997-02-02T18:00:00,1997-02-03T12:00:00,1997-02-04T12:00:00,24
train_055654_lead072,train,4,55651,55654,55666,1997-02-02T18:00:00,1997-02-03T12:00:00,1997-02-06T12:00:00,72
train_055682_lead006,train,4,55679,55682,55683,1997-02-09T18:00:00,1997-02-10T12:00:00,1997-02-10T18:00:00,6
train_055682_lead024,train,4,55679,55682,55686,1997-02-09T18:00:00,1997-02-10T12:00:00,1997-02-11T12:00:00,24
train_055682_lead072,train,4,55679,55682,55694,1997-02-09T18:00:00,1997-02-10T12:00:00,1997-02-13T12:00:00,72
train_055711_lead006,train,4,55708,55711,55712,1997-02-17T00:00:00,1997-02-17T18:00:00,1997-02-18T00:00:00,6
train_055711_lead024,train,4,55708,55711,55715,1997-02-17T00:00:00,1997-02-17T18:00:00,1997-02-18T18:00:00,24
train_055711_lead072,train,4,55708,55711,55723,1997-02-17T00:00:00,1997-02-17T18:00:00,1997-02-20T18:00:00,72
train_055739_lead006,train,4,55736,55739,55740,1997-02-24T00:00:00,1997-02-24T18:00:00,1997-02-25T00:00:00,6
train_055739_lead024,train,4,55736,55739,55743,1997-02-24T00:00:00,1997-02-24T18:00:00,1997-02-25T18:00:00,24
train_055739_lead072,train,4,55736,55739,55751,1997-02-24T00:00:00,1997-02-24T18:00:00,1997-02-27T18:00:00,72
train_055768_lead006,train,4,55765,55768,55769,1997-03-03T06:00:00,1997-03-04T00:00:00,1997-03-04T06:00:00,6
train_055768_lead024,train,4,55765,55768,55772,1997-03-03T06:00:00,1997-03-04T00:00:00,1997-03-05T00:00:00,24
train_055768_lead072,train,4,55765,55768,55780,1997-03-03T06:00:00,1997-03-04T00:00:00,1997-03-07T00:00:00,72
train_055796_lead006,train,4,55793,55796,55797,1997-03-10T06:00:00,1997-03-11T00:00:00,1997-03-11T06:00:00,6
train_055796_lead024,train,4,55793,55796,55800,1997-03-10T06:00:00,1997-03-11T00:00:00,1997-03-12T00:00:00,24
train_055796_lead072,train,4,55793,55796,55808,1997-03-10T06:00:00,1997-03-11T00:00:00,1997-03-14T00:00:00,72
train_055825_lead006,train,4,55822,55825,55826,1997-03-17T12:00:00,1997-03-18T06:00:00,1997-03-18T12:00:00,6
train_055825_lead024,train,4,55822,55825,55829,1997-03-17T12:00:00,1997-03-18T06:00:00,1997-03-19T06:00:00,24
train_055825_lead072,train,4,55822,55825,55837,1997-03-17T12:00:00,1997-03-18T06:00:00,1997-03-21T06:00:00,72
train_055853_lead006,train,4,55850,55853,55854,1997-03-24T12:00:00,1997-03-25T06:00:00,1997-03-25T12:00:00,6
train_055853_lead024,train,4,55850,55853,55857,1997-03-24T12:00:00,1997-03-25T06:00:00,1997-03-26T06:00:00,24
train_055853_lead072,train,4,55850,55853,55865,1997-03-24T12:00:00,1997-03-25T06:00:00,1997-03-28T06:00:00,72
train_055882_lead006,train,4,55879,55882,55883,1997-03-31T18:00:00,1997-04-01T12:00:00,1997-04-01T18:00:00,6
train_055882_lead024,train,4,55879,55882,55886,1997-03-31T18:00:00,1997-04-01T12:00:00,1997-04-02T12:00:00,24
train_055882_lead072,train,4,55879,55882,55894,1997-03-31T18:00:00,1997-04-01T12:00:00,1997-04-04T12:00:00,72
train_055910_lead006,train,4,55907,55910,55911,1997-04-07T18:00:00,1997-04-08T12:00:00,1997-04-08T18:00:00,6
train_055910_lead024,train,4,55907,55910,55914,1997-04-07T18:00:00,1997-04-08T12:00:00,1997-04-09T12:00:00,24
train_055910_lead072,train,4,55907,55910,55922,1997-04-07T18:00:00,1997-04-08T12:00:00,1997-04-11T12:00:00,72
train_055939_lead006,train,4,55936,55939,55940,1997-04-15T00:00:00,1997-04-15T18:00:00,1997-04-16T00:00:00,6
train_055939_lead024,train,4,55936,55939,55943,1997-04-15T00:00:00,1997-04-15T18:00:00,1997-04-16T18:00:00,24
train_055939_lead072,train,4,55936,55939,55951,1997-04-15T00:00:00,1997-04-15T18:00:00,1997-04-18T18:00:00,72
train_055967_lead006,train,4,55964,55967,55968,1997-04-22T00:00:00,1997-04-22T18:00:00,1997-04-23T00:00:00,6
train_055967_lead024,train,4,55964,55967,55971,1997-04-22T00:00:00,1997-04-22T18:00:00,1997-04-23T18:00:00,24
train_055967_lead072,train,4,55964,55967,55979,1997-04-22T00:00:00,1997-04-22T18:00:00,1997-04-25T18:00:00,72
train_055996_lead006,train,4,55993,55996,55997,1997-04-29T06:00:00,1997-04-30T00:00:00,1997-04-30T06:00:00,6
train_055996_lead024,train,4,55993,55996,56000,1997-04-29T06:00:00,1997-04-30T00:00:00,1997-05-01T00:00:00,24
train_055996_lead072,train,4,55993,55996,56008,1997-04-29T06:00:00,1997-04-30T00:00:00,1997-05-03T00:00:00,72
train_056024_lead006,train,4,56021,56024,56025,1997-05-06T06:00:00,1997-05-07T00:00:00,1997-05-07T06:00:00,6
train_056024_lead024,train,4,56021,56024,56028,1997-05-06T06:00:00,1997-05-07T00:00:00,1997-05-08T00:00:00,24
train_056024_lead072,train,4,56021,56024,56036,1997-05-06T06:00:00,1997-05-07T00:00:00,1997-05-10T00:00:00,72
train_056053_lead006,train,4,56050,56053,56054,1997-05-13T12:00:00,1997-05-14T06:00:00,1997-05-14T12:00:00,6
train_056053_lead024,train,4,56050,56053,56057,1997-05-13T12:00:00,1997-05-14T06:00:00,1997-05-15T06:00:00,24
train_056053_lead072,train,4,56050,56053,56065,1997-05-13T12:00:00,1997-05-14T06:00:00,1997-05-17T06:00:00,72
train_056081_lead006,train,4,56078,56081,56082,1997-05-20T12:00:00,1997-05-21T06:00:00,1997-05-21T12:00:00,6
train_056081_lead024,train,4,56078,56081,56085,1997-05-20T12:00:00,1997-05-21T06:00:00,1997-05-22T06:00:00,24
train_056081_lead072,train,4,56078,56081,56093,1997-05-20T12:00:00,1997-05-21T06:00:00,1997-05-24T06:00:00,72
train_056110_lead006,train,4,56107,56110,56111,1997-05-27T18:00:00,1997-05-28T12:00:00,1997-05-28T18:00:00,6
train_056110_lead024,train,4,56107,56110,56114,1997-05-27T18:00:00,1997-05-28T12:00:00,1997-05-29T12:00:00,24
train_056110_lead072,train,4,56107,56110,56122,1997-05-27T18:00:00,1997-05-28T12:00:00,1997-05-31T12:00:00,72
train_056139_lead006,train,4,56136,56139,56140,1997-06-04T00:00:00,1997-06-04T18:00:00,1997-06-05T00:00:00,6
train_056139_lead024,train,4,56136,56139,56143,1997-06-04T00:00:00,1997-06-04T18:00:00,1997-06-05T18:00:00,24
train_056139_lead072,train,4,56136,56139,56151,1997-06-04T00:00:00,1997-06-04T18:00:00,1997-06-07T18:00:00,72
train_056167_lead006,train,4,56164,56167,56168,1997-06-11T00:00:00,1997-06-11T18:00:00,1997-06-12T00:00:00,6
train_056167_lead024,train,4,56164,56167,56171,1997-06-11T00:00:00,1997-06-11T18:00:00,1997-06-12T18:00:00,24
train_056167_lead072,train,4,56164,56167,56179,1997-06-11T00:00:00,1997-06-11T18:00:00,1997-06-14T18:00:00,72
train_056196_lead006,train,4,56193,56196,56197,1997-06-18T06:00:00,1997-06-19T00:00:00,1997-06-19T06:00:00,6
train_056196_lead024,train,4,56193,56196,56200,1997-06-18T06:00:00,1997-06-19T00:00:00,1997-06-20T00:00:00,24
train_056196_lead072,train,4,56193,56196,56208,1997-06-18T06:00:00,1997-06-19T00:00:00,1997-06-22T00:00:00,72
train_056224_lead006,train,4,56221,56224,56225,1997-06-25T06:00:00,1997-06-26T00:00:00,1997-06-26T06:00:00,6
train_056224_lead024,train,4,56221,56224,56228,1997-06-25T06:00:00,1997-06-26T00:00:00,1997-06-27T00:00:00,24
train_056224_lead072,train,4,56221,56224,56236,1997-06-25T06:00:00,1997-06-26T00:00:00,1997-06-29T00:00:00,72
train_056253_lead006,train,4,56250,56253,56254,1997-07-02T12:00:00,1997-07-03T06:00:00,1997-07-03T12:00:00,6
train_056253_lead024,train,4,56250,56253,56257,1997-07-02T12:00:00,1997-07-03T06:00:00,1997-07-04T06:00:00,24
train_056253_lead072,train,4,56250,56253,56265,1997-07-02T12:00:00,1997-07-03T06:00:00,1997-07-06T06:00:00,72
train_056281_lead006,train,4,56278,56281,56282,1997-07-09T12:00:00,1997-07-10T06:00:00,1997-07-10T12:00:00,6
train_056281_lead024,train,4,56278,56281,56285,1997-07-09T12:00:00,1997-07-10T06:00:00,1997-07-11T06:00:00,24
train_056281_lead072,train,4,56278,56281,56293,1997-07-09T12:00:00,1997-07-10T06:00:00,1997-07-13T06:00:00,72
train_056310_lead006,train,4,56307,56310,56311,1997-07-16T18:00:00,1997-07-17T12:00:00,1997-07-17T18:00:00,6
train_056310_lead024,train,4,56307,56310,56314,1997-07-16T18:00:00,1997-07-17T12:00:00,1997-07-18T12:00:00,24
train_056310_lead072,train,4,56307,56310,56322,1997-07-16T18:00:00,1997-07-17T12:00:00,1997-07-20T12:00:00,72
train_056338_lead006,train,4,56335,56338,56339,1997-07-23T18:00:00,1997-07-24T12:00:00,1997-07-24T18:00:00,6
train_056338_lead024,train,4,56335,56338,56342,1997-07-23T18:00:00,1997-07-24T12:00:00,1997-07-25T12:00:00,24
train_056338_lead072,train,4,56335,56338,56350,1997-07-23T18:00:00,1997-07-24T12:00:00,1997-07-27T12:00:00,72
train_056367_lead006,train,4,56364,56367,56368,1997-07-31T00:00:00,1997-07-31T18:00:00,1997-08-01T00:00:00,6
train_056367_lead024,train,4,56364,56367,56371,1997-07-31T00:00:00,1997-07-31T18:00:00,1997-08-01T18:00:00,24
train_056367_lead072,train,4,56364,56367,56379,1997-07-31T00:00:00,1997-07-31T18:00:00,1997-08-03T18:00:00,72
train_056395_lead006,train,4,56392,56395,56396,1997-08-07T00:00:00,1997-08-07T18:00:00,1997-08-08T00:00:00,6
train_056395_lead024,train,4,56392,56395,56399,1997-08-07T00:00:00,1997-08-07T18:00:00,1997-08-08T18:00:00,24
train_056395_lead072,train,4,56392,56395,56407,1997-08-07T00:00:00,1997-08-07T18:00:00,1997-08-10T18:00:00,72
train_056424_lead006,train,4,56421,56424,56425,1997-08-14T06:00:00,1997-08-15T00:00:00,1997-08-15T06:00:00,6
train_056424_lead024,train,4,56421,56424,56428,1997-08-14T06:00:00,1997-08-15T00:00:00,1997-08-16T00:00:00,24
train_056424_lead072,train,4,56421,56424,56436,1997-08-14T06:00:00,1997-08-15T00:00:00,1997-08-18T00:00:00,72
train_056452_lead006,train,4,56449,56452,56453,1997-08-21T06:00:00,1997-08-22T00:00:00,1997-08-22T06:00:00,6
train_056452_lead024,train,4,56449,56452,56456,1997-08-21T06:00:00,1997-08-22T00:00:00,1997-08-23T00:00:00,24
train_056452_lead072,train,4,56449,56452,56464,1997-08-21T06:00:00,1997-08-22T00:00:00,1997-08-25T00:00:00,72
train_056481_lead006,train,4,56478,56481,56482,1997-08-28T12:00:00,1997-08-29T06:00:00,1997-08-29T12:00:00,6
train_056481_lead024,train,4,56478,56481,56485,1997-08-28T12:00:00,1997-08-29T06:00:00,1997-08-30T06:00:00,24
train_056481_lead072,train,4,56478,56481,56493,1997-08-28T12:00:00,1997-08-29T06:00:00,1997-09-01T06:00:00,72
train_056509_lead006,train,4,56506,56509,56510,1997-09-04T12:00:00,1997-09-05T06:00:00,1997-09-05T12:00:00,6
train_056509_lead024,train,4,56506,56509,56513,1997-09-04T12:00:00,1997-09-05T06:00:00,1997-09-06T06:00:00,24
train_056509_lead072,train,4,56506,56509,56521,1997-09-04T12:00:00,1997-09-05T06:00:00,1997-09-08T06:00:00,72
train_056538_lead006,train,4,56535,56538,56539,1997-09-11T18:00:00,1997-09-12T12:00:00,1997-09-12T18:00:00,6
train_056538_lead024,train,4,56535,56538,56542,1997-09-11T18:00:00,1997-09-12T12:00:00,1997-09-13T12:00:00,24
train_056538_lead072,train,4,56535,56538,56550,1997-09-11T18:00:00,1997-09-12T12:00:00,1997-09-15T12:00:00,72
train_056566_lead006,train,4,56563,56566,56567,1997-09-18T18:00:00,1997-09-19T12:00:00,1997-09-19T18:00:00,6
train_056566_lead024,train,4,56563,56566,56570,1997-09-18T18:00:00,1997-09-19T12:00:00,1997-09-20T12:00:00,24
train_056566_lead072,train,4,56563,56566,56578,1997-09-18T18:00:00,1997-09-19T12:00:00,1997-09-22T12:00:00,72
train_056595_lead006,train,4,56592,56595,56596,1997-09-26T00:00:00,1997-09-26T18:00:00,1997-09-27T00:00:00,6
train_056595_lead024,train,4,56592,56595,56599,1997-09-26T00:00:00,1997-09-26T18:00:00,1997-09-27T18:00:00,24
train_056595_lead072,train,4,56592,56595,56607,1997-09-26T00:00:00,1997-09-26T18:00:00,1997-09-29T18:00:00,72
train_056623_lead006,train,4,56620,56623,56624,1997-10-03T00:00:00,1997-10-03T18:00:00,1997-10-04T00:00:00,6
train_056623_lead024,train,4,56620,56623,56627,1997-10-03T00:00:00,1997-10-03T18:00:00,1997-10-04T18:00:00,24
train_056623_lead072,train,4,56620,56623,56635,1997-10-03T00:00:00,1997-10-03T18:00:00,1997-10-06T18:00:00,72
train_056652_lead006,train,4,56649,56652,56653,1997-10-10T06:00:00,1997-10-11T00:00:00,1997-10-11T06:00:00,6
train_056652_lead024,train,4,56649,56652,56656,1997-10-10T06:00:00,1997-10-11T00:00:00,1997-10-12T00:00:00,24
train_056652_lead072,train,4,56649,56652,56664,1997-10-10T06:00:00,1997-10-11T00:00:00,1997-10-14T00:00:00,72
train_056681_lead006,train,4,56678,56681,56682,1997-10-17T12:00:00,1997-10-18T06:00:00,1997-10-18T12:00:00,6
train_056681_lead024,train,4,56678,56681,56685,1997-10-17T12:00:00,1997-10-18T06:00:00,1997-10-19T06:00:00,24
train_056681_lead072,train,4,56678,56681,56693,1997-10-17T12:00:00,1997-10-18T06:00:00,1997-10-21T06:00:00,72
train_056709_lead006,train,4,56706,56709,56710,1997-10-24T12:00:00,1997-10-25T06:00:00,1997-10-25T12:00:00,6
train_056709_lead024,train,4,56706,56709,56713,1997-10-24T12:00:00,1997-10-25T06:00:00,1997-10-26T06:00:00,24
train_056709_lead072,train,4,56706,56709,56721,1997-10-24T12:00:00,1997-10-25T06:00:00,1997-10-28T06:00:00,72
train_056738_lead006,train,4,56735,56738,56739,1997-10-31T18:00:00,1997-11-01T12:00:00,1997-11-01T18:00:00,6
train_056738_lead024,train,4,56735,56738,56742,1997-10-31T18:00:00,1997-11-01T12:00:00,1997-11-02T12:00:00,24
train_056738_lead072,train,4,56735,56738,56750,1997-10-31T18:00:00,1997-11-01T12:00:00,1997-11-04T12:00:00,72
train_056766_lead006,train,4,56763,56766,56767,1997-11-07T18:00:00,1997-11-08T12:00:00,1997-11-08T18:00:00,6
train_056766_lead024,train,4,56763,56766,56770,1997-11-07T18:00:00,1997-11-08T12:00:00,1997-11-09T12:00:00,24
train_056766_lead072,train,4,56763,56766,56778,1997-11-07T18:00:00,1997-11-08T12:00:00,1997-11-11T12:00:00,72
train_056795_lead006,train,4,56792,56795,56796,1997-11-15T00:00:00,1997-11-15T18:00:00,1997-11-16T00:00:00,6
train_056795_lead024,train,4,56792,56795,56799,1997-11-15T00:00:00,1997-11-15T18:00:00,1997-11-16T18:00:00,24
train_056795_lead072,train,4,56792,56795,56807,1997-11-15T00:00:00,1997-11-15T18:00:00,1997-11-18T18:00:00,72
train_056823_lead006,train,4,56820,56823,56824,1997-11-22T00:00:00,1997-11-22T18:00:00,1997-11-23T00:00:00,6
train_056823_lead024,train,4,56820,56823,56827,1997-11-22T00:00:00,1997-11-22T18:00:00,1997-11-23T18:00:00,24
train_056823_lead072,train,4,56820,56823,56835,1997-11-22T00:00:00,1997-11-22T18:00:00,1997-11-25T18:00:00,72
train_056852_lead006,train,4,56849,56852,56853,1997-11-29T06:00:00,1997-11-30T00:00:00,1997-11-30T06:00:00,6
train_056852_lead024,train,4,56849,56852,56856,1997-11-29T06:00:00,1997-11-30T00:00:00,1997-12-01T00:00:00,24
train_056852_lead072,train,4,56849,56852,56864,1997-11-29T06:00:00,1997-11-30T00:00:00,1997-12-03T00:00:00,72
train_056880_lead006,train,4,56877,56880,56881,1997-12-06T06:00:00,1997-12-07T00:00:00,1997-12-07T06:00:00,6
train_056880_lead024,train,4,56877,56880,56884,1997-12-06T06:00:00,1997-12-07T00:00:00,1997-12-08T00:00:00,24
train_056880_lead072,train,4,56877,56880,56892,1997-12-06T06:00:00,1997-12-07T00:00:00,1997-12-10T00:00:00,72
train_056909_lead006,train,4,56906,56909,56910,1997-12-13T12:00:00,1997-12-14T06:00:00,1997-12-14T12:00:00,6
train_056909_lead024,train,4,56906,56909,56913,1997-12-13T12:00:00,1997-12-14T06:00:00,1997-12-15T06:00:00,24
train_056909_lead072,train,4,56906,56909,56921,1997-12-13T12:00:00,1997-12-14T06:00:00,1997-12-17T06:00:00,72
train_056937_lead006,train,4,56934,56937,56938,1997-12-20T12:00:00,1997-12-21T06:00:00,1997-12-21T12:00:00,6
train_056937_lead024,train,4,56934,56937,56941,1997-12-20T12:00:00,1997-12-21T06:00:00,1997-12-22T06:00:00,24
train_056937_lead072,train,4,56934,56937,56949,1997-12-20T12:00:00,1997-12-21T06:00:00,1997-12-24T06:00:00,72
train_056966_lead006,train,4,56963,56966,56967,1997-12-27T18:00:00,1997-12-28T12:00:00,1997-12-28T18:00:00,6
train_056966_lead024,train,4,56963,56966,56970,1997-12-27T18:00:00,1997-12-28T12:00:00,1997-12-29T12:00:00,24
train_056966_lead072,train,4,56963,56966,56978,1997-12-27T18:00:00,1997-12-28T12:00:00,1997-12-31T12:00:00,72
train_056994_lead006,train,4,56991,56994,56995,1998-01-03T18:00:00,1998-01-04T12:00:00,1998-01-04T18:00:00,6
train_056994_lead024,train,4,56991,56994,56998,1998-01-03T18:00:00,1998-01-04T12:00:00,1998-01-05T12:00:00,24
train_056994_lead072,train,4,56991,56994,57006,1998-01-03T18:00:00,1998-01-04T12:00:00,1998-01-07T12:00:00,72
train_057023_lead006,train,4,57020,57023,57024,1998-01-11T00:00:00,1998-01-11T18:00:00,1998-01-12T00:00:00,6
train_057023_lead024,train,4,57020,57023,57027,1998-01-11T00:00:00,1998-01-11T18:00:00,1998-01-12T18:00:00,24
train_057023_lead072,train,4,57020,57023,57035,1998-01-11T00:00:00,1998-01-11T18:00:00,1998-01-14T18:00:00,72
train_057051_lead006,train,4,57048,57051,57052,1998-01-18T00:00:00,1998-01-18T18:00:00,1998-01-19T00:00:00,6
train_057051_lead024,train,4,57048,57051,57055,1998-01-18T00:00:00,1998-01-18T18:00:00,1998-01-19T18:00:00,24
train_057051_lead072,train,4,57048,57051,57063,1998-01-18T00:00:00,1998-01-18T18:00:00,1998-01-21T18:00:00,72
train_057080_lead006,train,4,57077,57080,57081,1998-01-25T06:00:00,1998-01-26T00:00:00,1998-01-26T06:00:00,6
train_057080_lead024,train,4,57077,57080,57084,1998-01-25T06:00:00,1998-01-26T00:00:00,1998-01-27T00:00:00,24
train_057080_lead072,train,4,57077,57080,57092,1998-01-25T06:00:00,1998-01-26T00:00:00,1998-01-29T00:00:00,72
train_057108_lead006,train,4,57105,57108,57109,1998-02-01T06:00:00,1998-02-02T00:00:00,1998-02-02T06:00:00,6
train_057108_lead024,train,4,57105,57108,57112,1998-02-01T06:00:00,1998-02-02T00:00:00,1998-02-03T00:00:00,24
train_057108_lead072,train,4,57105,57108,57120,1998-02-01T06:00:00,1998-02-02T00:00:00,1998-02-05T00:00:00,72
train_057137_lead006,train,4,57134,57137,57138,1998-02-08T12:00:00,1998-02-09T06:00:00,1998-02-09T12:00:00,6
train_057137_lead024,train,4,57134,57137,57141,1998-02-08T12:00:00,1998-02-09T06:00:00,1998-02-10T06:00:00,24
train_057137_lead072,train,4,57134,57137,57149,1998-02-08T12:00:00,1998-02-09T06:00:00,1998-02-12T06:00:00,72
train_057166_lead006,train,4,57163,57166,57167,1998-02-15T18:00:00,1998-02-16T12:00:00,1998-02-16T18:00:00,6
train_057166_lead024,train,4,57163,57166,57170,1998-02-15T18:00:00,1998-02-16T12:00:00,1998-02-17T12:00:00,24
train_057166_lead072,train,4,57163,57166,57178,1998-02-15T18:00:00,1998-02-16T12:00:00,1998-02-19T12:00:00,72
train_057194_lead006,train,4,57191,57194,57195,1998-02-22T18:00:00,1998-02-23T12:00:00,1998-02-23T18:00:00,6
train_057194_lead024,train,4,57191,57194,57198,1998-02-22T18:00:00,1998-02-23T12:00:00,1998-02-24T12:00:00,24
train_057194_lead072,train,4,57191,57194,57206,1998-02-22T18:00:00,1998-02-23T12:00:00,1998-02-26T12:00:00,72
train_057223_lead006,train,4,57220,57223,57224,1998-03-02T00:00:00,1998-03-02T18:00:00,1998-03-03T00:00:00,6
train_057223_lead024,train,4,57220,57223,57227,1998-03-02T00:00:00,1998-03-02T18:00:00,1998-03-03T18:00:00,24
train_057223_lead072,train,4,57220,57223,57235,1998-03-02T00:00:00,1998-03-02T18:00:00,1998-03-05T18:00:00,72
train_057251_lead006,train,4,57248,57251,57252,1998-03-09T00:00:00,1998-03-09T18:00:00,1998-03-10T00:00:00,6
train_057251_lead024,train,4,57248,57251,57255,1998-03-09T00:00:00,1998-03-09T18:00:00,1998-03-10T18:00:00,24
train_057251_lead072,train,4,57248,57251,57263,1998-03-09T00:00:00,1998-03-09T18:00:00,1998-03-12T18:00:00,72
train_057280_lead006,train,4,57277,57280,57281,1998-03-16T06:00:00,1998-03-17T00:00:00,1998-03-17T06:00:00,6
train_057280_lead024,train,4,57277,57280,57284,1998-03-16T06:00:00,1998-03-17T00:00:00,1998-03-18T00:00:00,24
train_057280_lead072,train,4,57277,57280,57292,1998-03-16T06:00:00,1998-03-17T00:00:00,1998-03-20T00:00:00,72
train_057308_lead006,train,4,57305,57308,57309,1998-03-23T06:00:00,1998-03-24T00:00:00,1998-03-24T06:00:00,6
train_057308_lead024,train,4,57305,57308,57312,1998-03-23T06:00:00,1998-03-24T00:00:00,1998-03-25T00:00:00,24
train_057308_lead072,train,4,57305,57308,57320,1998-03-23T06:00:00,1998-03-24T00:00:00,1998-03-27T00:00:00,72
train_057337_lead006,train,4,57334,57337,57338,1998-03-30T12:00:00,1998-03-31T06:00:00,1998-03-31T12:00:00,6
train_057337_lead024,train,4,57334,57337,57341,1998-03-30T12:00:00,1998-03-31T06:00:00,1998-04-01T06:00:00,24
train_057337_lead072,train,4,57334,57337,57349,1998-03-30T12:00:00,1998-03-31T06:00:00,1998-04-03T06:00:00,72
train_057365_lead006,train,4,57362,57365,57366,1998-04-06T12:00:00,1998-04-07T06:00:00,1998-04-07T12:00:00,6
train_057365_lead024,train,4,57362,57365,57369,1998-04-06T12:00:00,1998-04-07T06:00:00,1998-04-08T06:00:00,24
train_057365_lead072,train,4,57362,57365,57377,1998-04-06T12:00:00,1998-04-07T06:00:00,1998-04-10T06:00:00,72
train_057394_lead006,train,4,57391,57394,57395,1998-04-13T18:00:00,1998-04-14T12:00:00,1998-04-14T18:00:00,6
train_057394_lead024,train,4,57391,57394,57398,1998-04-13T18:00:00,1998-04-14T12:00:00,1998-04-15T12:00:00,24
train_057394_lead072,train,4,57391,57394,57406,1998-04-13T18:00:00,1998-04-14T12:00:00,1998-04-17T12:00:00,72
train_057422_lead006,train,4,57419,57422,57423,1998-04-20T18:00:00,1998-04-21T12:00:00,1998-04-21T18:00:00,6
train_057422_lead024,train,4,57419,57422,57426,1998-04-20T18:00:00,1998-04-21T12:00:00,1998-04-22T12:00:00,24
train_057422_lead072,train,4,57419,57422,57434,1998-04-20T18:00:00,1998-04-21T12:00:00,1998-04-24T12:00:00,72
train_057451_lead006,train,4,57448,57451,57452,1998-04-28T00:00:00,1998-04-28T18:00:00,1998-04-29T00:00:00,6
train_057451_lead024,train,4,57448,57451,57455,1998-04-28T00:00:00,1998-04-28T18:00:00,1998-04-29T18:00:00,24
train_057451_lead072,train,4,57448,57451,57463,1998-04-28T00:00:00,1998-04-28T18:00:00,1998-05-01T18:00:00,72
train_057479_lead006,train,4,57476,57479,57480,1998-05-05T00:00:00,1998-05-05T18:00:00,1998-05-06T00:00:00,6
train_057479_lead024,train,4,57476,57479,57483,1998-05-05T00:00:00,1998-05-05T18:00:00,1998-05-06T18:00:00,24
train_057479_lead072,train,4,57476,57479,57491,1998-05-05T00:00:00,1998-05-05T18:00:00,1998-05-08T18:00:00,72
train_057508_lead006,train,4,57505,57508,57509,1998-05-12T06:00:00,1998-05-13T00:00:00,1998-05-13T06:00:00,6
train_057508_lead024,train,4,57505,57508,57512,1998-05-12T06:00:00,1998-05-13T00:00:00,1998-05-14T00:00:00,24
train_057508_lead072,train,4,57505,57508,57520,1998-05-12T06:00:00,1998-05-13T00:00:00,1998-05-16T00:00:00,72
train_057536_lead006,train,4,57533,57536,57537,1998-05-19T06:00:00,1998-05-20T00:00:00,1998-05-20T06:00:00,6
train_057536_lead024,train,4,57533,57536,57540,1998-05-19T06:00:00,1998-05-20T00:00:00,1998-05-21T00:00:00,24
train_057536_lead072,train,4,57533,57536,57548,1998-05-19T06:00:00,1998-05-20T00:00:00,1998-05-23T00:00:00,72
train_057565_lead006,train,4,57562,57565,57566,1998-05-26T12:00:00,1998-05-27T06:00:00,1998-05-27T12:00:00,6
train_057565_lead024,train,4,57562,57565,57569,1998-05-26T12:00:00,1998-05-27T06:00:00,1998-05-28T06:00:00,24
train_057565_lead072,train,4,57562,57565,57577,1998-05-26T12:00:00,1998-05-27T06:00:00,1998-05-30T06:00:00,72
train_057593_lead006,train,4,57590,57593,57594,1998-06-02T12:00:00,1998-06-03T06:00:00,1998-06-03T12:00:00,6
train_057593_lead024,train,4,57590,57593,57597,1998-06-02T12:00:00,1998-06-03T06:00:00,1998-06-04T06:00:00,24
train_057593_lead072,train,4,57590,57593,57605,1998-06-02T12:00:00,1998-06-03T06:00:00,1998-06-06T06:00:00,72
train_057622_lead006,train,4,57619,57622,57623,1998-06-09T18:00:00,1998-06-10T12:00:00,1998-06-10T18:00:00,6
train_057622_lead024,train,4,57619,57622,57626,1998-06-09T18:00:00,1998-06-10T12:00:00,1998-06-11T12:00:00,24
train_057622_lead072,train,4,57619,57622,57634,1998-06-09T18:00:00,1998-06-10T12:00:00,1998-06-13T12:00:00,72
train_057650_lead006,train,4,57647,57650,57651,1998-06-16T18:00:00,1998-06-17T12:00:00,1998-06-17T18:00:00,6
train_057650_lead024,train,4,57647,57650,57654,1998-06-16T18:00:00,1998-06-17T12:00:00,1998-06-18T12:00:00,24
train_057650_lead072,train,4,57647,57650,57662,1998-06-16T18:00:00,1998-06-17T12:00:00,1998-06-20T12:00:00,72
train_057679_lead006,train,4,57676,57679,57680,1998-06-24T00:00:00,1998-06-24T18:00:00,1998-06-25T00:00:00,6
train_057679_lead024,train,4,57676,57679,57683,1998-06-24T00:00:00,1998-06-24T18:00:00,1998-06-25T18:00:00,24
train_057679_lead072,train,4,57676,57679,57691,1998-06-24T00:00:00,1998-06-24T18:00:00,1998-06-27T18:00:00,72
train_057708_lead006,train,4,57705,57708,57709,1998-07-01T06:00:00,1998-07-02T00:00:00,1998-07-02T06:00:00,6
train_057708_lead024,train,4,57705,57708,57712,1998-07-01T06:00:00,1998-07-02T00:00:00,1998-07-03T00:00:00,24
train_057708_lead072,train,4,57705,57708,57720,1998-07-01T06:00:00,1998-07-02T00:00:00,1998-07-05T00:00:00,72
train_057736_lead006,train,4,57733,57736,57737,1998-07-08T06:00:00,1998-07-09T00:00:00,1998-07-09T06:00:00,6
train_057736_lead024,train,4,57733,57736,57740,1998-07-08T06:00:00,1998-07-09T00:00:00,1998-07-10T00:00:00,24
train_057736_lead072,train,4,57733,57736,57748,1998-07-08T06:00:00,1998-07-09T00:00:00,1998-07-12T00:00:00,72
train_057765_lead006,train,4,57762,57765,57766,1998-07-15T12:00:00,1998-07-16T06:00:00,1998-07-16T12:00:00,6
train_057765_lead024,train,4,57762,57765,57769,1998-07-15T12:00:00,1998-07-16T06:00:00,1998-07-17T06:00:00,24
train_057765_lead072,train,4,57762,57765,57777,1998-07-15T12:00:00,1998-07-16T06:00:00,1998-07-19T06:00:00,72
train_057793_lead006,train,4,57790,57793,57794,1998-07-22T12:00:00,1998-07-23T06:00:00,1998-07-23T12:00:00,6
train_057793_lead024,train,4,57790,57793,57797,1998-07-22T12:00:00,1998-07-23T06:00:00,1998-07-24T06:00:00,24
train_057793_lead072,train,4,57790,57793,57805,1998-07-22T12:00:00,1998-07-23T06:00:00,1998-07-26T06:00:00,72
train_057822_lead006,train,4,57819,57822,57823,1998-07-29T18:00:00,1998-07-30T12:00:00,1998-07-30T18:00:00,6
train_057822_lead024,train,4,57819,57822,57826,1998-07-29T18:00:00,1998-07-30T12:00:00,1998-07-31T12:00:00,24
train_057822_lead072,train,4,57819,57822,57834,1998-07-29T18:00:00,1998-07-30T12:00:00,1998-08-02T12:00:00,72
train_057850_lead006,train,4,57847,57850,57851,1998-08-05T18:00:00,1998-08-06T12:00:00,1998-08-06T18:00:00,6
train_057850_lead024,train,4,57847,57850,57854,1998-08-05T18:00:00,1998-08-06T12:00:00,1998-08-07T12:00:00,24
train_057850_lead072,train,4,57847,57850,57862,1998-08-05T18:00:00,1998-08-06T12:00:00,1998-08-09T12:00:00,72
train_057879_lead006,train,4,57876,57879,57880,1998-08-13T00:00:00,1998-08-13T18:00:00,1998-08-14T00:00:00,6
train_057879_lead024,train,4,57876,57879,57883,1998-08-13T00:00:00,1998-08-13T18:00:00,1998-08-14T18:00:00,24
train_057879_lead072,train,4,57876,57879,57891,1998-08-13T00:00:00,1998-08-13T18:00:00,1998-08-16T18:00:00,72
train_057907_lead006,train,4,57904,57907,57908,1998-08-20T00:00:00,1998-08-20T18:00:00,1998-08-21T00:00:00,6
train_057907_lead024,train,4,57904,57907,57911,1998-08-20T00:00:00,1998-08-20T18:00:00,1998-08-21T18:00:00,24
train_057907_lead072,train,4,57904,57907,57919,1998-08-20T00:00:00,1998-08-20T18:00:00,1998-08-23T18:00:00,72
train_057936_lead006,train,4,57933,57936,57937,1998-08-27T06:00:00,1998-08-28T00:00:00,1998-08-28T06:00:00,6
train_057936_lead024,train,4,57933,57936,57940,1998-08-27T06:00:00,1998-08-28T00:00:00,1998-08-29T00:00:00,24
train_057936_lead072,train,4,57933,57936,57948,1998-08-27T06:00:00,1998-08-28T00:00:00,1998-08-31T00:00:00,72
train_057964_lead006,train,4,57961,57964,57965,1998-09-03T06:00:00,1998-09-04T00:00:00,1998-09-04T06:00:00,6
train_057964_lead024,train,4,57961,57964,57968,1998-09-03T06:00:00,1998-09-04T00:00:00,1998-09-05T00:00:00,24
train_057964_lead072,train,4,57961,57964,57976,1998-09-03T06:00:00,1998-09-04T00:00:00,1998-09-07T00:00:00,72
train_057993_lead006,train,4,57990,57993,57994,1998-09-10T12:00:00,1998-09-11T06:00:00,1998-09-11T12:00:00,6
train_057993_lead024,train,4,57990,57993,57997,1998-09-10T12:00:00,1998-09-11T06:00:00,1998-09-12T06:00:00,24
train_057993_lead072,train,4,57990,57993,58005,1998-09-10T12:00:00,1998-09-11T06:00:00,1998-09-14T06:00:00,72
train_058021_lead006,train,4,58018,58021,58022,1998-09-17T12:00:00,1998-09-18T06:00:00,1998-09-18T12:00:00,6
train_058021_lead024,train,4,58018,58021,58025,1998-09-17T12:00:00,1998-09-18T06:00:00,1998-09-19T06:00:00,24
train_058021_lead072,train,4,58018,58021,58033,1998-09-17T12:00:00,1998-09-18T06:00:00,1998-09-21T06:00:00,72
train_058050_lead006,train,4,58047,58050,58051,1998-09-24T18:00:00,1998-09-25T12:00:00,1998-09-25T18:00:00,6
train_058050_lead024,train,4,58047,58050,58054,1998-09-24T18:00:00,1998-09-25T12:00:00,1998-09-26T12:00:00,24
train_058050_lead072,train,4,58047,58050,58062,1998-09-24T18:00:00,1998-09-25T12:00:00,1998-09-28T12:00:00,72
train_058078_lead006,train,4,58075,58078,58079,1998-10-01T18:00:00,1998-10-02T12:00:00,1998-10-02T18:00:00,6
train_058078_lead024,train,4,58075,58078,58082,1998-10-01T18:00:00,1998-10-02T12:00:00,1998-10-03T12:00:00,24
train_058078_lead072,train,4,58075,58078,58090,1998-10-01T18:00:00,1998-10-02T12:00:00,1998-10-05T12:00:00,72
train_058107_lead006,train,4,58104,58107,58108,1998-10-09T00:00:00,1998-10-09T18:00:00,1998-10-10T00:00:00,6
train_058107_lead024,train,4,58104,58107,58111,1998-10-09T00:00:00,1998-10-09T18:00:00,1998-10-10T18:00:00,24
train_058107_lead072,train,4,58104,58107,58119,1998-10-09T00:00:00,1998-10-09T18:00:00,1998-10-12T18:00:00,72
train_058135_lead006,train,4,58132,58135,58136,1998-10-16T00:00:00,1998-10-16T18:00:00,1998-10-17T00:00:00,6
train_058135_lead024,train,4,58132,58135,58139,1998-10-16T00:00:00,1998-10-16T18:00:00,1998-10-17T18:00:00,24
train_058135_lead072,train,4,58132,58135,58147,1998-10-16T00:00:00,1998-10-16T18:00:00,1998-10-19T18:00:00,72
train_058164_lead006,train,4,58161,58164,58165,1998-10-23T06:00:00,1998-10-24T00:00:00,1998-10-24T06:00:00,6
train_058164_lead024,train,4,58161,58164,58168,1998-10-23T06:00:00,1998-10-24T00:00:00,1998-10-25T00:00:00,24
train_058164_lead072,train,4,58161,58164,58176,1998-10-23T06:00:00,1998-10-24T00:00:00,1998-10-27T00:00:00,72
train_058193_lead006,train,4,58190,58193,58194,1998-10-30T12:00:00,1998-10-31T06:00:00,1998-10-31T12:00:00,6
train_058193_lead024,train,4,58190,58193,58197,1998-10-30T12:00:00,1998-10-31T06:00:00,1998-11-01T06:00:00,24
train_058193_lead072,train,4,58190,58193,58205,1998-10-30T12:00:00,1998-10-31T06:00:00,1998-11-03T06:00:00,72
train_058221_lead006,train,4,58218,58221,58222,1998-11-06T12:00:00,1998-11-07T06:00:00,1998-11-07T12:00:00,6
train_058221_lead024,train,4,58218,58221,58225,1998-11-06T12:00:00,1998-11-07T06:00:00,1998-11-08T06:00:00,24
train_058221_lead072,train,4,58218,58221,58233,1998-11-06T12:00:00,1998-11-07T06:00:00,1998-11-10T06:00:00,72
train_058250_lead006,train,4,58247,58250,58251,1998-11-13T18:00:00,1998-11-14T12:00:00,1998-11-14T18:00:00,6
train_058250_lead024,train,4,58247,58250,58254,1998-11-13T18:00:00,1998-11-14T12:00:00,1998-11-15T12:00:00,24
train_058250_lead072,train,4,58247,58250,58262,1998-11-13T18:00:00,1998-11-14T12:00:00,1998-11-17T12:00:00,72
train_058278_lead006,train,4,58275,58278,58279,1998-11-20T18:00:00,1998-11-21T12:00:00,1998-11-21T18:00:00,6
train_058278_lead024,train,4,58275,58278,58282,1998-11-20T18:00:00,1998-11-21T12:00:00,1998-11-22T12:00:00,24
train_058278_lead072,train,4,58275,58278,58290,1998-11-20T18:00:00,1998-11-21T12:00:00,1998-11-24T12:00:00,72
train_058307_lead006,train,4,58304,58307,58308,1998-11-28T00:00:00,1998-11-28T18:00:00,1998-11-29T00:00:00,6
train_058307_lead024,train,4,58304,58307,58311,1998-11-28T00:00:00,1998-11-28T18:00:00,1998-11-29T18:00:00,24
train_058307_lead072,train,4,58304,58307,58319,1998-11-28T00:00:00,1998-11-28T18:00:00,1998-12-01T18:00:00,72
train_058335_lead006,train,4,58332,58335,58336,1998-12-05T00:00:00,1998-12-05T18:00:00,1998-12-06T00:00:00,6
train_058335_lead024,train,4,58332,58335,58339,1998-12-05T00:00:00,1998-12-05T18:00:00,1998-12-06T18:00:00,24
train_058335_lead072,train,4,58332,58335,58347,1998-12-05T00:00:00,1998-12-05T18:00:00,1998-12-08T18:00:00,72
train_058364_lead006,train,4,58361,58364,58365,1998-12-12T06:00:00,1998-12-13T00:00:00,1998-12-13T06:00:00,6
train_058364_lead024,train,4,58361,58364,58368,1998-12-12T06:00:00,1998-12-13T00:00:00,1998-12-14T00:00:00,24
train_058364_lead072,train,4,58361,58364,58376,1998-12-12T06:00:00,1998-12-13T00:00:00,1998-12-16T00:00:00,72
train_058392_lead006,train,4,58389,58392,58393,1998-12-19T06:00:00,1998-12-20T00:00:00,1998-12-20T06:00:00,6
train_058392_lead024,train,4,58389,58392,58396,1998-12-19T06:00:00,1998-12-20T00:00:00,1998-12-21T00:00:00,24
train_058392_lead072,train,4,58389,58392,58404,1998-12-19T06:00:00,1998-12-20T00:00:00,1998-12-23T00:00:00,72
train_058421_lead006,train,4,58418,58421,58422,1998-12-26T12:00:00,1998-12-27T06:00:00,1998-12-27T12:00:00,6
train_058421_lead024,train,4,58418,58421,58425,1998-12-26T12:00:00,1998-12-27T06:00:00,1998-12-28T06:00:00,24
train_058421_lead072,train,4,58418,58421,58433,1998-12-26T12:00:00,1998-12-27T06:00:00,1998-12-30T06:00:00,72
train_058449_lead006,train,4,58446,58449,58450,1999-01-02T12:00:00,1999-01-03T06:00:00,1999-01-03T12:00:00,6
train_058449_lead024,train,4,58446,58449,58453,1999-01-02T12:00:00,1999-01-03T06:00:00,1999-01-04T06:00:00,24
train_058449_lead072,train,4,58446,58449,58461,1999-01-02T12:00:00,1999-01-03T06:00:00,1999-01-06T06:00:00,72
train_058478_lead006,train,4,58475,58478,58479,1999-01-09T18:00:00,1999-01-10T12:00:00,1999-01-10T18:00:00,6
train_058478_lead024,train,4,58475,58478,58482,1999-01-09T18:00:00,1999-01-10T12:00:00,1999-01-11T12:00:00,24
train_058478_lead072,train,4,58475,58478,58490,1999-01-09T18:00:00,1999-01-10T12:00:00,1999-01-13T12:00:00,72
train_058506_lead006,train,4,58503,58506,58507,1999-01-16T18:00:00,1999-01-17T12:00:00,1999-01-17T18:00:00,6
train_058506_lead024,train,4,58503,58506,58510,1999-01-16T18:00:00,1999-01-17T12:00:00,1999-01-18T12:00:00,24
train_058506_lead072,train,4,58503,58506,58518,1999-01-16T18:00:00,1999-01-17T12:00:00,1999-01-20T12:00:00,72
train_058535_lead006,train,4,58532,58535,58536,1999-01-24T00:00:00,1999-01-24T18:00:00,1999-01-25T00:00:00,6
train_058535_lead024,train,4,58532,58535,58539,1999-01-24T00:00:00,1999-01-24T18:00:00,1999-01-25T18:00:00,24
train_058535_lead072,train,4,58532,58535,58547,1999-01-24T00:00:00,1999-01-24T18:00:00,1999-01-27T18:00:00,72
train_058563_lead006,train,4,58560,58563,58564,1999-01-31T00:00:00,1999-01-31T18:00:00,1999-02-01T00:00:00,6
train_058563_lead024,train,4,58560,58563,58567,1999-01-31T00:00:00,1999-01-31T18:00:00,1999-02-01T18:00:00,24
train_058563_lead072,train,4,58560,58563,58575,1999-01-31T00:00:00,1999-01-31T18:00:00,1999-02-03T18:00:00,72
train_058592_lead006,train,4,58589,58592,58593,1999-02-07T06:00:00,1999-02-08T00:00:00,1999-02-08T06:00:00,6
train_058592_lead024,train,4,58589,58592,58596,1999-02-07T06:00:00,1999-02-08T00:00:00,1999-02-09T00:00:00,24
train_058592_lead072,train,4,58589,58592,58604,1999-02-07T06:00:00,1999-02-08T00:00:00,1999-02-11T00:00:00,72
train_058620_lead006,train,4,58617,58620,58621,1999-02-14T06:00:00,1999-02-15T00:00:00,1999-02-15T06:00:00,6
train_058620_lead024,train,4,58617,58620,58624,1999-02-14T06:00:00,1999-02-15T00:00:00,1999-02-16T00:00:00,24
train_058620_lead072,train,4,58617,58620,58632,1999-02-14T06:00:00,1999-02-15T00:00:00,1999-02-18T00:00:00,72
train_058649_lead006,train,4,58646,58649,58650,1999-02-21T12:00:00,1999-02-22T06:00:00,1999-02-22T12:00:00,6
train_058649_lead024,train,4,58646,58649,58653,1999-02-21T12:00:00,1999-02-22T06:00:00,1999-02-23T06:00:00,24
train_058649_lead072,train,4,58646,58649,58661,1999-02-21T12:00:00,1999-02-22T06:00:00,1999-02-25T06:00:00,72
train_058677_lead006,train,4,58674,58677,58678,1999-02-28T12:00:00,1999-03-01T06:00:00,1999-03-01T12:00:00,6
train_058677_lead024,train,4,58674,58677,58681,1999-02-28T12:00:00,1999-03-01T06:00:00,1999-03-02T06:00:00,24
train_058677_lead072,train,4,58674,58677,58689,1999-02-28T12:00:00,1999-03-01T06:00:00,1999-03-04T06:00:00,72
train_058706_lead006,train,4,58703,58706,58707,1999-03-07T18:00:00,1999-03-08T12:00:00,1999-03-08T18:00:00,6
train_058706_lead024,train,4,58703,58706,58710,1999-03-07T18:00:00,1999-03-08T12:00:00,1999-03-09T12:00:00,24
train_058706_lead072,train,4,58703,58706,58718,1999-03-07T18:00:00,1999-03-08T12:00:00,1999-03-11T12:00:00,72
train_058735_lead006,train,4,58732,58735,58736,1999-03-15T00:00:00,1999-03-15T18:00:00,1999-03-16T00:00:00,6
train_058735_lead024,train,4,58732,58735,58739,1999-03-15T00:00:00,1999-03-15T18:00:00,1999-03-16T18:00:00,24
train_058735_lead072,train,4,58732,58735,58747,1999-03-15T00:00:00,1999-03-15T18:00:00,1999-03-18T18:00:00,72
train_058763_lead006,train,4,58760,58763,58764,1999-03-22T00:00:00,1999-03-22T18:00:00,1999-03-23T00:00:00,6
train_058763_lead024,train,4,58760,58763,58767,1999-03-22T00:00:00,1999-03-22T18:00:00,1999-03-23T18:00:00,24
train_058763_lead072,train,4,58760,58763,58775,1999-03-22T00:00:00,1999-03-22T18:00:00,1999-03-25T18:00:00,72
train_058792_lead006,train,4,58789,58792,58793,1999-03-29T06:00:00,1999-03-30T00:00:00,1999-03-30T06:00:00,6
train_058792_lead024,train,4,58789,58792,58796,1999-03-29T06:00:00,1999-03-30T00:00:00,1999-03-31T00:00:00,24
train_058792_lead072,train,4,58789,58792,58804,1999-03-29T06:00:00,1999-03-30T00:00:00,1999-04-02T00:00:00,72
train_058820_lead006,train,4,58817,58820,58821,1999-04-05T06:00:00,1999-04-06T00:00:00,1999-04-06T06:00:00,6
train_058820_lead024,train,4,58817,58820,58824,1999-04-05T06:00:00,1999-04-06T00:00:00,1999-04-07T00:00:00,24
train_058820_lead072,train,4,58817,58820,58832,1999-04-05T06:00:00,1999-04-06T00:00:00,1999-04-09T00:00:00,72
train_058849_lead006,train,4,58846,58849,58850,1999-04-12T12:00:00,1999-04-13T06:00:00,1999-04-13T12:00:00,6
train_058849_lead024,train,4,58846,58849,58853,1999-04-12T12:00:00,1999-04-13T06:00:00,1999-04-14T06:00:00,24
train_058849_lead072,train,4,58846,58849,58861,1999-04-12T12:00:00,1999-04-13T06:00:00,1999-04-16T06:00:00,72
train_058877_lead006,train,4,58874,58877,58878,1999-04-19T12:00:00,1999-04-20T06:00:00,1999-04-20T12:00:00,6
train_058877_lead024,train,4,58874,58877,58881,1999-04-19T12:00:00,1999-04-20T06:00:00,1999-04-21T06:00:00,24
train_058877_lead072,train,4,58874,58877,58889,1999-04-19T12:00:00,1999-04-20T06:00:00,1999-04-23T06:00:00,72
train_058906_lead006,train,4,58903,58906,58907,1999-04-26T18:00:00,1999-04-27T12:00:00,1999-04-27T18:00:00,6
train_058906_lead024,train,4,58903,58906,58910,1999-04-26T18:00:00,1999-04-27T12:00:00,1999-04-28T12:00:00,24
train_058906_lead072,train,4,58903,58906,58918,1999-04-26T18:00:00,1999-04-27T12:00:00,1999-04-30T12:00:00,72
train_058934_lead006,train,4,58931,58934,58935,1999-05-03T18:00:00,1999-05-04T12:00:00,1999-05-04T18:00:00,6
train_058934_lead024,train,4,58931,58934,58938,1999-05-03T18:00:00,1999-05-04T12:00:00,1999-05-05T12:00:00,24
train_058934_lead072,train,4,58931,58934,58946,1999-05-03T18:00:00,1999-05-04T12:00:00,1999-05-07T12:00:00,72
train_058963_lead006,train,4,58960,58963,58964,1999-05-11T00:00:00,1999-05-11T18:00:00,1999-05-12T00:00:00,6
train_058963_lead024,train,4,58960,58963,58967,1999-05-11T00:00:00,1999-05-11T18:00:00,1999-05-12T18:00:00,24
train_058963_lead072,train,4,58960,58963,58975,1999-05-11T00:00:00,1999-05-11T18:00:00,1999-05-14T18:00:00,72
train_058991_lead006,train,4,58988,58991,58992,1999-05-18T00:00:00,1999-05-18T18:00:00,1999-05-19T00:00:00,6
train_058991_lead024,train,4,58988,58991,58995,1999-05-18T00:00:00,1999-05-18T18:00:00,1999-05-19T18:00:00,24
train_058991_lead072,train,4,58988,58991,59003,1999-05-18T00:00:00,1999-05-18T18:00:00,1999-05-21T18:00:00,72
train_059020_lead006,train,4,59017,59020,59021,1999-05-25T06:00:00,1999-05-26T00:00:00,1999-05-26T06:00:00,6
train_059020_lead024,train,4,59017,59020,59024,1999-05-25T06:00:00,1999-05-26T00:00:00,1999-05-27T00:00:00,24
train_059020_lead072,train,4,59017,59020,59032,1999-05-25T06:00:00,1999-05-26T00:00:00,1999-05-29T00:00:00,72
train_059048_lead006,train,4,59045,59048,59049,1999-06-01T06:00:00,1999-06-02T00:00:00,1999-06-02T06:00:00,6
train_059048_lead024,train,4,59045,59048,59052,1999-06-01T06:00:00,1999-06-02T00:00:00,1999-06-03T00:00:00,24
train_059048_lead072,train,4,59045,59048,59060,1999-06-01T06:00:00,1999-06-02T00:00:00,1999-06-05T00:00:00,72
train_059077_lead006,train,4,59074,59077,59078,1999-06-08T12:00:00,1999-06-09T06:00:00,1999-06-09T12:00:00,6
train_059077_lead024,train,4,59074,59077,59081,1999-06-08T12:00:00,1999-06-09T06:00:00,1999-06-10T06:00:00,24
train_059077_lead072,train,4,59074,59077,59089,1999-06-08T12:00:00,1999-06-09T06:00:00,1999-06-12T06:00:00,72
train_059105_lead006,train,4,59102,59105,59106,1999-06-15T12:00:00,1999-06-16T06:00:00,1999-06-16T12:00:00,6
train_059105_lead024,train,4,59102,59105,59109,1999-06-15T12:00:00,1999-06-16T06:00:00,1999-06-17T06:00:00,24
train_059105_lead072,train,4,59102,59105,59117,1999-06-15T12:00:00,1999-06-16T06:00:00,1999-06-19T06:00:00,72
train_059134_lead006,train,4,59131,59134,59135,1999-06-22T18:00:00,1999-06-23T12:00:00,1999-06-23T18:00:00,6
train_059134_lead024,train,4,59131,59134,59138,1999-06-22T18:00:00,1999-06-23T12:00:00,1999-06-24T12:00:00,24
train_059134_lead072,train,4,59131,59134,59146,1999-06-22T18:00:00,1999-06-23T12:00:00,1999-06-26T12:00:00,72
train_059162_lead006,train,4,59159,59162,59163,1999-06-29T18:00:00,1999-06-30T12:00:00,1999-06-30T18:00:00,6
train_059162_lead024,train,4,59159,59162,59166,1999-06-29T18:00:00,1999-06-30T12:00:00,1999-07-01T12:00:00,24
train_059162_lead072,train,4,59159,59162,59174,1999-06-29T18:00:00,1999-06-30T12:00:00,1999-07-03T12:00:00,72
train_059191_lead006,train,4,59188,59191,59192,1999-07-07T00:00:00,1999-07-07T18:00:00,1999-07-08T00:00:00,6
train_059191_lead024,train,4,59188,59191,59195,1999-07-07T00:00:00,1999-07-07T18:00:00,1999-07-08T18:00:00,24
train_059191_lead072,train,4,59188,59191,59203,1999-07-07T00:00:00,1999-07-07T18:00:00,1999-07-10T18:00:00,72
train_059220_lead006,train,4,59217,59220,59221,1999-07-14T06:00:00,1999-07-15T00:00:00,1999-07-15T06:00:00,6
train_059220_lead024,train,4,59217,59220,59224,1999-07-14T06:00:00,1999-07-15T00:00:00,1999-07-16T00:00:00,24
train_059220_lead072,train,4,59217,59220,59232,1999-07-14T06:00:00,1999-07-15T00:00:00,1999-07-18T00:00:00,72
train_059248_lead006,train,4,59245,59248,59249,1999-07-21T06:00:00,1999-07-22T00:00:00,1999-07-22T06:00:00,6
train_059248_lead024,train,4,59245,59248,59252,1999-07-21T06:00:00,1999-07-22T00:00:00,1999-07-23T00:00:00,24
train_059248_lead072,train,4,59245,59248,59260,1999-07-21T06:00:00,1999-07-22T00:00:00,1999-07-25T00:00:00,72
train_059277_lead006,train,4,59274,59277,59278,1999-07-28T12:00:00,1999-07-29T06:00:00,1999-07-29T12:00:00,6
train_059277_lead024,train,4,59274,59277,59281,1999-07-28T12:00:00,1999-07-29T06:00:00,1999-07-30T06:00:00,24
train_059277_lead072,train,4,59274,59277,59289,1999-07-28T12:00:00,1999-07-29T06:00:00,1999-08-01T06:00:00,72
train_059305_lead006,train,4,59302,59305,59306,1999-08-04T12:00:00,1999-08-05T06:00:00,1999-08-05T12:00:00,6
train_059305_lead024,train,4,59302,59305,59309,1999-08-04T12:00:00,1999-08-05T06:00:00,1999-08-06T06:00:00,24
train_059305_lead072,train,4,59302,59305,59317,1999-08-04T12:00:00,1999-08-05T06:00:00,1999-08-08T06:00:00,72
train_059334_lead006,train,4,59331,59334,59335,1999-08-11T18:00:00,1999-08-12T12:00:00,1999-08-12T18:00:00,6
train_059334_lead024,train,4,59331,59334,59338,1999-08-11T18:00:00,1999-08-12T12:00:00,1999-08-13T12:00:00,24
train_059334_lead072,train,4,59331,59334,59346,1999-08-11T18:00:00,1999-08-12T12:00:00,1999-08-15T12:00:00,72
train_059362_lead006,train,4,59359,59362,59363,1999-08-18T18:00:00,1999-08-19T12:00:00,1999-08-19T18:00:00,6
train_059362_lead024,train,4,59359,59362,59366,1999-08-18T18:00:00,1999-08-19T12:00:00,1999-08-20T12:00:00,24
train_059362_lead072,train,4,59359,59362,59374,1999-08-18T18:00:00,1999-08-19T12:00:00,1999-08-22T12:00:00,72
train_059391_lead006,train,4,59388,59391,59392,1999-08-26T00:00:00,1999-08-26T18:00:00,1999-08-27T00:00:00,6
train_059391_lead024,train,4,59388,59391,59395,1999-08-26T00:00:00,1999-08-26T18:00:00,1999-08-27T18:00:00,24
train_059391_lead072,train,4,59388,59391,59403,1999-08-26T00:00:00,1999-08-26T18:00:00,1999-08-29T18:00:00,72
train_059419_lead006,train,4,59416,59419,59420,1999-09-02T00:00:00,1999-09-02T18:00:00,1999-09-03T00:00:00,6
train_059419_lead024,train,4,59416,59419,59423,1999-09-02T00:00:00,1999-09-02T18:00:00,1999-09-03T18:00:00,24
train_059419_lead072,train,4,59416,59419,59431,1999-09-02T00:00:00,1999-09-02T18:00:00,1999-09-05T18:00:00,72
train_059448_lead006,train,4,59445,59448,59449,1999-09-09T06:00:00,1999-09-10T00:00:00,1999-09-10T06:00:00,6
train_059448_lead024,train,4,59445,59448,59452,1999-09-09T06:00:00,1999-09-10T00:00:00,1999-09-11T00:00:00,24
train_059448_lead072,train,4,59445,59448,59460,1999-09-09T06:00:00,1999-09-10T00:00:00,1999-09-13T00:00:00,72
train_059476_lead006,train,4,59473,59476,59477,1999-09-16T06:00:00,1999-09-17T00:00:00,1999-09-17T06:00:00,6
train_059476_lead024,train,4,59473,59476,59480,1999-09-16T06:00:00,1999-09-17T00:00:00,1999-09-18T00:00:00,24
train_059476_lead072,train,4,59473,59476,59488,1999-09-16T06:00:00,1999-09-17T00:00:00,1999-09-20T00:00:00,72
train_059505_lead006,train,4,59502,59505,59506,1999-09-23T12:00:00,1999-09-24T06:00:00,1999-09-24T12:00:00,6
train_059505_lead024,train,4,59502,59505,59509,1999-09-23T12:00:00,1999-09-24T06:00:00,1999-09-25T06:00:00,24
train_059505_lead072,train,4,59502,59505,59517,1999-09-23T12:00:00,1999-09-24T06:00:00,1999-09-27T06:00:00,72
train_059533_lead006,train,4,59530,59533,59534,1999-09-30T12:00:00,1999-10-01T06:00:00,1999-10-01T12:00:00,6
train_059533_lead024,train,4,59530,59533,59537,1999-09-30T12:00:00,1999-10-01T06:00:00,1999-10-02T06:00:00,24
train_059533_lead072,train,4,59530,59533,59545,1999-09-30T12:00:00,1999-10-01T06:00:00,1999-10-04T06:00:00,72
train_059562_lead006,train,4,59559,59562,59563,1999-10-07T18:00:00,1999-10-08T12:00:00,1999-10-08T18:00:00,6
train_059562_lead024,train,4,59559,59562,59566,1999-10-07T18:00:00,1999-10-08T12:00:00,1999-10-09T12:00:00,24
train_059562_lead072,train,4,59559,59562,59574,1999-10-07T18:00:00,1999-10-08T12:00:00,1999-10-11T12:00:00,72
train_059590_lead006,train,4,59587,59590,59591,1999-10-14T18:00:00,1999-10-15T12:00:00,1999-10-15T18:00:00,6
train_059590_lead024,train,4,59587,59590,59594,1999-10-14T18:00:00,1999-10-15T12:00:00,1999-10-16T12:00:00,24
train_059590_lead072,train,4,59587,59590,59602,1999-10-14T18:00:00,1999-10-15T12:00:00,1999-10-18T12:00:00,72
train_059619_lead006,train,4,59616,59619,59620,1999-10-22T00:00:00,1999-10-22T18:00:00,1999-10-23T00:00:00,6
train_059619_lead024,train,4,59616,59619,59623,1999-10-22T00:00:00,1999-10-22T18:00:00,1999-10-23T18:00:00,24
train_059619_lead072,train,4,59616,59619,59631,1999-10-22T00:00:00,1999-10-22T18:00:00,1999-10-25T18:00:00,72
train_059647_lead006,train,4,59644,59647,59648,1999-10-29T00:00:00,1999-10-29T18:00:00,1999-10-30T00:00:00,6
train_059647_lead024,train,4,59644,59647,59651,1999-10-29T00:00:00,1999-10-29T18:00:00,1999-10-30T18:00:00,24
train_059647_lead072,train,4,59644,59647,59659,1999-10-29T00:00:00,1999-10-29T18:00:00,1999-11-01T18:00:00,72
train_059676_lead006,train,4,59673,59676,59677,1999-11-05T06:00:00,1999-11-06T00:00:00,1999-11-06T06:00:00,6
train_059676_lead024,train,4,59673,59676,59680,1999-11-05T06:00:00,1999-11-06T00:00:00,1999-11-07T00:00:00,24
train_059676_lead072,train,4,59673,59676,59688,1999-11-05T06:00:00,1999-11-06T00:00:00,1999-11-09T00:00:00,72
train_059704_lead006,train,4,59701,59704,59705,1999-11-12T06:00:00,1999-11-13T00:00:00,1999-11-13T06:00:00,6
train_059704_lead024,train,4,59701,59704,59708,1999-11-12T06:00:00,1999-11-13T00:00:00,1999-11-14T00:00:00,24
train_059704_lead072,train,4,59701,59704,59716,1999-11-12T06:00:00,1999-11-13T00:00:00,1999-11-16T00:00:00,72
train_059733_lead006,train,4,59730,59733,59734,1999-11-19T12:00:00,1999-11-20T06:00:00,1999-11-20T12:00:00,6
train_059733_lead024,train,4,59730,59733,59737,1999-11-19T12:00:00,1999-11-20T06:00:00,1999-11-21T06:00:00,24
train_059733_lead072,train,4,59730,59733,59745,1999-11-19T12:00:00,1999-11-20T06:00:00,1999-11-23T06:00:00,72
train_059762_lead006,train,4,59759,59762,59763,1999-11-26T18:00:00,1999-11-27T12:00:00,1999-11-27T18:00:00,6
train_059762_lead024,train,4,59759,59762,59766,1999-11-26T18:00:00,1999-11-27T12:00:00,1999-11-28T12:00:00,24
train_059762_lead072,train,4,59759,59762,59774,1999-11-26T18:00:00,1999-11-27T12:00:00,1999-11-30T12:00:00,72
train_059790_lead006,train,4,59787,59790,59791,1999-12-03T18:00:00,1999-12-04T12:00:00,1999-12-04T18:00:00,6
train_059790_lead024,train,4,59787,59790,59794,1999-12-03T18:00:00,1999-12-04T12:00:00,1999-12-05T12:00:00,24
train_059790_lead072,train,4,59787,59790,59802,1999-12-03T18:00:00,1999-12-04T12:00:00,1999-12-07T12:00:00,72
train_059819_lead006,train,4,59816,59819,59820,1999-12-11T00:00:00,1999-12-11T18:00:00,1999-12-12T00:00:00,6
train_059819_lead024,train,4,59816,59819,59823,1999-12-11T00:00:00,1999-12-11T18:00:00,1999-12-12T18:00:00,24
train_059819_lead072,train,4,59816,59819,59831,1999-12-11T00:00:00,1999-12-11T18:00:00,1999-12-14T18:00:00,72
train_059847_lead006,train,4,59844,59847,59848,1999-12-18T00:00:00,1999-12-18T18:00:00,1999-12-19T00:00:00,6
train_059847_lead024,train,4,59844,59847,59851,1999-12-18T00:00:00,1999-12-18T18:00:00,1999-12-19T18:00:00,24
train_059847_lead072,train,4,59844,59847,59859,1999-12-18T00:00:00,1999-12-18T18:00:00,1999-12-21T18:00:00,72
train_059876_lead006,train,4,59873,59876,59877,1999-12-25T06:00:00,1999-12-26T00:00:00,1999-12-26T06:00:00,6
train_059876_lead024,train,4,59873,59876,59880,1999-12-25T06:00:00,1999-12-26T00:00:00,1999-12-27T00:00:00,24
train_059876_lead072,train,4,59873,59876,59888,1999-12-25T06:00:00,1999-12-26T00:00:00,1999-12-29T00:00:00,72
train_059904_lead006,train,4,59901,59904,59905,2000-01-01T06:00:00,2000-01-02T00:00:00,2000-01-02T06:00:00,6
train_059904_lead024,train,4,59901,59904,59908,2000-01-01T06:00:00,2000-01-02T00:00:00,2000-01-03T00:00:00,24
train_059904_lead072,train,4,59901,59904,59916,2000-01-01T06:00:00,2000-01-02T00:00:00,2000-01-05T00:00:00,72
train_059933_lead006,train,4,59930,59933,59934,2000-01-08T12:00:00,2000-01-09T06:00:00,2000-01-09T12:00:00,6
train_059933_lead024,train,4,59930,59933,59937,2000-01-08T12:00:00,2000-01-09T06:00:00,2000-01-10T06:00:00,24
train_059933_lead072,train,4,59930,59933,59945,2000-01-08T12:00:00,2000-01-09T06:00:00,2000-01-12T06:00:00,72
train_059961_lead006,train,4,59958,59961,59962,2000-01-15T12:00:00,2000-01-16T06:00:00,2000-01-16T12:00:00,6
train_059961_lead024,train,4,59958,59961,59965,2000-01-15T12:00:00,2000-01-16T06:00:00,2000-01-17T06:00:00,24
train_059961_lead072,train,4,59958,59961,59973,2000-01-15T12:00:00,2000-01-16T06:00:00,2000-01-19T06:00:00,72
train_059990_lead006,train,4,59987,59990,59991,2000-01-22T18:00:00,2000-01-23T12:00:00,2000-01-23T18:00:00,6
train_059990_lead024,train,4,59987,59990,59994,2000-01-22T18:00:00,2000-01-23T12:00:00,2000-01-24T12:00:00,24
train_059990_lead072,train,4,59987,59990,60002,2000-01-22T18:00:00,2000-01-23T12:00:00,2000-01-26T12:00:00,72
train_060018_lead006,train,4,60015,60018,60019,2000-01-29T18:00:00,2000-01-30T12:00:00,2000-01-30T18:00:00,6
train_060018_lead024,train,4,60015,60018,60022,2000-01-29T18:00:00,2000-01-30T12:00:00,2000-01-31T12:00:00,24
train_060018_lead072,train,4,60015,60018,60030,2000-01-29T18:00:00,2000-01-30T12:00:00,2000-02-02T12:00:00,72
train_060047_lead006,train,4,60044,60047,60048,2000-02-06T00:00:00,2000-02-06T18:00:00,2000-02-07T00:00:00,6
train_060047_lead024,train,4,60044,60047,60051,2000-02-06T00:00:00,2000-02-06T18:00:00,2000-02-07T18:00:00,24
train_060047_lead072,train,4,60044,60047,60059,2000-02-06T00:00:00,2000-02-06T18:00:00,2000-02-09T18:00:00,72
train_060075_lead006,train,4,60072,60075,60076,2000-02-13T00:00:00,2000-02-13T18:00:00,2000-02-14T00:00:00,6
train_060075_lead024,train,4,60072,60075,60079,2000-02-13T00:00:00,2000-02-13T18:00:00,2000-02-14T18:00:00,24
train_060075_lead072,train,4,60072,60075,60087,2000-02-13T00:00:00,2000-02-13T18:00:00,2000-02-16T18:00:00,72
train_060104_lead006,train,4,60101,60104,60105,2000-02-20T06:00:00,2000-02-21T00:00:00,2000-02-21T06:00:00,6
train_060104_lead024,train,4,60101,60104,60108,2000-02-20T06:00:00,2000-02-21T00:00:00,2000-02-22T00:00:00,24
train_060104_lead072,train,4,60101,60104,60116,2000-02-20T06:00:00,2000-02-21T00:00:00,2000-02-24T00:00:00,72
train_060132_lead006,train,4,60129,60132,60133,2000-02-27T06:00:00,2000-02-28T00:00:00,2000-02-28T06:00:00,6
train_060132_lead024,train,4,60129,60132,60136,2000-02-27T06:00:00,2000-02-28T00:00:00,2000-02-29T00:00:00,24
train_060132_lead072,train,4,60129,60132,60144,2000-02-27T06:00:00,2000-02-28T00:00:00,2000-03-02T00:00:00,72
train_060161_lead006,train,4,60158,60161,60162,2000-03-05T12:00:00,2000-03-06T06:00:00,2000-03-06T12:00:00,6
train_060161_lead024,train,4,60158,60161,60165,2000-03-05T12:00:00,2000-03-06T06:00:00,2000-03-07T06:00:00,24
train_060161_lead072,train,4,60158,60161,60173,2000-03-05T12:00:00,2000-03-06T06:00:00,2000-03-09T06:00:00,72
train_060189_lead006,train,4,60186,60189,60190,2000-03-12T12:00:00,2000-03-13T06:00:00,2000-03-13T12:00:00,6
train_060189_lead024,train,4,60186,60189,60193,2000-03-12T12:00:00,2000-03-13T06:00:00,2000-03-14T06:00:00,24
train_060189_lead072,train,4,60186,60189,60201,2000-03-12T12:00:00,2000-03-13T06:00:00,2000-03-16T06:00:00,72
train_060218_lead006,train,4,60215,60218,60219,2000-03-19T18:00:00,2000-03-20T12:00:00,2000-03-20T18:00:00,6
train_060218_lead024,train,4,60215,60218,60222,2000-03-19T18:00:00,2000-03-20T12:00:00,2000-03-21T12:00:00,24
train_060218_lead072,train,4,60215,60218,60230,2000-03-19T18:00:00,2000-03-20T12:00:00,2000-03-23T12:00:00,72
train_060247_lead006,train,4,60244,60247,60248,2000-03-27T00:00:00,2000-03-27T18:00:00,2000-03-28T00:00:00,6
train_060247_lead024,train,4,60244,60247,60251,2000-03-27T00:00:00,2000-03-27T18:00:00,2000-03-28T18:00:00,24
train_060247_lead072,train,4,60244,60247,60259,2000-03-27T00:00:00,2000-03-27T18:00:00,2000-03-30T18:00:00,72
train_060275_lead006,train,4,60272,60275,60276,2000-04-03T00:00:00,2000-04-03T18:00:00,2000-04-04T00:00:00,6
train_060275_lead024,train,4,60272,60275,60279,2000-04-03T00:00:00,2000-04-03T18:00:00,2000-04-04T18:00:00,24
train_060275_lead072,train,4,60272,60275,60287,2000-04-03T00:00:00,2000-04-03T18:00:00,2000-04-06T18:00:00,72
train_060304_lead006,train,4,60301,60304,60305,2000-04-10T06:00:00,2000-04-11T00:00:00,2000-04-11T06:00:00,6
train_060304_lead024,train,4,60301,60304,60308,2000-04-10T06:00:00,2000-04-11T00:00:00,2000-04-12T00:00:00,24
train_060304_lead072,train,4,60301,60304,60316,2000-04-10T06:00:00,2000-04-11T00:00:00,2000-04-14T00:00:00,72
train_060332_lead006,train,4,60329,60332,60333,2000-04-17T06:00:00,2000-04-18T00:00:00,2000-04-18T06:00:00,6
train_060332_lead024,train,4,60329,60332,60336,2000-04-17T06:00:00,2000-04-18T00:00:00,2000-04-19T00:00:00,24
train_060332_lead072,train,4,60329,60332,60344,2000-04-17T06:00:00,2000-04-18T00:00:00,2000-04-21T00:00:00,72
train_060361_lead006,train,4,60358,60361,60362,2000-04-24T12:00:00,2000-04-25T06:00:00,2000-04-25T12:00:00,6
train_060361_lead024,train,4,60358,60361,60365,2000-04-24T12:00:00,2000-04-25T06:00:00,2000-04-26T06:00:00,24
train_060361_lead072,train,4,60358,60361,60373,2000-04-24T12:00:00,2000-04-25T06:00:00,2000-04-28T06:00:00,72
train_060389_lead006,train,4,60386,60389,60390,2000-05-01T12:00:00,2000-05-02T06:00:00,2000-05-02T12:00:00,6
train_060389_lead024,train,4,60386,60389,60393,2000-05-01T12:00:00,2000-05-02T06:00:00,2000-05-03T06:00:00,24
train_060389_lead072,train,4,60386,60389,60401,2000-05-01T12:00:00,2000-05-02T06:00:00,2000-05-05T06:00:00,72
train_060418_lead006,train,4,60415,60418,60419,2000-05-08T18:00:00,2000-05-09T12:00:00,2000-05-09T18:00:00,6
train_060418_lead024,train,4,60415,60418,60422,2000-05-08T18:00:00,2000-05-09T12:00:00,2000-05-10T12:00:00,24
train_060418_lead072,train,4,60415,60418,60430,2000-05-08T18:00:00,2000-05-09T12:00:00,2000-05-12T12:00:00,72
train_060446_lead006,train,4,60443,60446,60447,2000-05-15T18:00:00,2000-05-16T12:00:00,2000-05-16T18:00:00,6
train_060446_lead024,train,4,60443,60446,60450,2000-05-15T18:00:00,2000-05-16T12:00:00,2000-05-17T12:00:00,24
train_060446_lead072,train,4,60443,60446,60458,2000-05-15T18:00:00,2000-05-16T12:00:00,2000-05-19T12:00:00,72
train_060475_lead006,train,4,60472,60475,60476,2000-05-23T00:00:00,2000-05-23T18:00:00,2000-05-24T00:00:00,6
train_060475_lead024,train,4,60472,60475,60479,2000-05-23T00:00:00,2000-05-23T18:00:00,2000-05-24T18:00:00,24
train_060475_lead072,train,4,60472,60475,60487,2000-05-23T00:00:00,2000-05-23T18:00:00,2000-05-26T18:00:00,72
train_060503_lead006,train,4,60500,60503,60504,2000-05-30T00:00:00,2000-05-30T18:00:00,2000-05-31T00:00:00,6
train_060503_lead024,train,4,60500,60503,60507,2000-05-30T00:00:00,2000-05-30T18:00:00,2000-05-31T18:00:00,24
train_060503_lead072,train,4,60500,60503,60515,2000-05-30T00:00:00,2000-05-30T18:00:00,2000-06-02T18:00:00,72
train_060532_lead006,train,4,60529,60532,60533,2000-06-06T06:00:00,2000-06-07T00:00:00,2000-06-07T06:00:00,6
train_060532_lead024,train,4,60529,60532,60536,2000-06-06T06:00:00,2000-06-07T00:00:00,2000-06-08T00:00:00,24
train_060532_lead072,train,4,60529,60532,60544,2000-06-06T06:00:00,2000-06-07T00:00:00,2000-06-10T00:00:00,72
train_060560_lead006,train,4,60557,60560,60561,2000-06-13T06:00:00,2000-06-14T00:00:00,2000-06-14T06:00:00,6
train_060560_lead024,train,4,60557,60560,60564,2000-06-13T06:00:00,2000-06-14T00:00:00,2000-06-15T00:00:00,24
train_060560_lead072,train,4,60557,60560,60572,2000-06-13T06:00:00,2000-06-14T00:00:00,2000-06-17T00:00:00,72
train_060589_lead006,train,4,60586,60589,60590,2000-06-20T12:00:00,2000-06-21T06:00:00,2000-06-21T12:00:00,6
train_060589_lead024,train,4,60586,60589,60593,2000-06-20T12:00:00,2000-06-21T06:00:00,2000-06-22T06:00:00,24
train_060589_lead072,train,4,60586,60589,60601,2000-06-20T12:00:00,2000-06-21T06:00:00,2000-06-24T06:00:00,72
train_060617_lead006,train,4,60614,60617,60618,2000-06-27T12:00:00,2000-06-28T06:00:00,2000-06-28T12:00:00,6
train_060617_lead024,train,4,60614,60617,60621,2000-06-27T12:00:00,2000-06-28T06:00:00,2000-06-29T06:00:00,24
train_060617_lead072,train,4,60614,60617,60629,2000-06-27T12:00:00,2000-06-28T06:00:00,2000-07-01T06:00:00,72
train_060646_lead006,train,4,60643,60646,60647,2000-07-04T18:00:00,2000-07-05T12:00:00,2000-07-05T18:00:00,6
train_060646_lead024,train,4,60643,60646,60650,2000-07-04T18:00:00,2000-07-05T12:00:00,2000-07-06T12:00:00,24
train_060646_lead072,train,4,60643,60646,60658,2000-07-04T18:00:00,2000-07-05T12:00:00,2000-07-08T12:00:00,72
train_060674_lead006,train,4,60671,60674,60675,2000-07-11T18:00:00,2000-07-12T12:00:00,2000-07-12T18:00:00,6
train_060674_lead024,train,4,60671,60674,60678,2000-07-11T18:00:00,2000-07-12T12:00:00,2000-07-13T12:00:00,24
train_060674_lead072,train,4,60671,60674,60686,2000-07-11T18:00:00,2000-07-12T12:00:00,2000-07-15T12:00:00,72
train_060703_lead006,train,4,60700,60703,60704,2000-07-19T00:00:00,2000-07-19T18:00:00,2000-07-20T00:00:00,6
train_060703_lead024,train,4,60700,60703,60707,2000-07-19T00:00:00,2000-07-19T18:00:00,2000-07-20T18:00:00,24
train_060703_lead072,train,4,60700,60703,60715,2000-07-19T00:00:00,2000-07-19T18:00:00,2000-07-22T18:00:00,72
train_060731_lead006,train,4,60728,60731,60732,2000-07-26T00:00:00,2000-07-26T18:00:00,2000-07-27T00:00:00,6
train_060731_lead024,train,4,60728,60731,60735,2000-07-26T00:00:00,2000-07-26T18:00:00,2000-07-27T18:00:00,24
train_060731_lead072,train,4,60728,60731,60743,2000-07-26T00:00:00,2000-07-26T18:00:00,2000-07-29T18:00:00,72
train_060760_lead006,train,4,60757,60760,60761,2000-08-02T06:00:00,2000-08-03T00:00:00,2000-08-03T06:00:00,6
train_060760_lead024,train,4,60757,60760,60764,2000-08-02T06:00:00,2000-08-03T00:00:00,2000-08-04T00:00:00,24
train_060760_lead072,train,4,60757,60760,60772,2000-08-02T06:00:00,2000-08-03T00:00:00,2000-08-06T00:00:00,72
train_060789_lead006,train,4,60786,60789,60790,2000-08-09T12:00:00,2000-08-10T06:00:00,2000-08-10T12:00:00,6
train_060789_lead024,train,4,60786,60789,60793,2000-08-09T12:00:00,2000-08-10T06:00:00,2000-08-11T06:00:00,24
train_060789_lead072,train,4,60786,60789,60801,2000-08-09T12:00:00,2000-08-10T06:00:00,2000-08-13T06:00:00,72
train_060817_lead006,train,4,60814,60817,60818,2000-08-16T12:00:00,2000-08-17T06:00:00,2000-08-17T12:00:00,6
train_060817_lead024,train,4,60814,60817,60821,2000-08-16T12:00:00,2000-08-17T06:00:00,2000-08-18T06:00:00,24
train_060817_lead072,train,4,60814,60817,60829,2000-08-16T12:00:00,2000-08-17T06:00:00,2000-08-20T06:00:00,72
train_060846_lead006,train,4,60843,60846,60847,2000-08-23T18:00:00,2000-08-24T12:00:00,2000-08-24T18:00:00,6
train_060846_lead024,train,4,60843,60846,60850,2000-08-23T18:00:00,2000-08-24T12:00:00,2000-08-25T12:00:00,24
train_060846_lead072,train,4,60843,60846,60858,2000-08-23T18:00:00,2000-08-24T12:00:00,2000-08-27T12:00:00,72
train_060874_lead006,train,4,60871,60874,60875,2000-08-30T18:00:00,2000-08-31T12:00:00,2000-08-31T18:00:00,6
train_060874_lead024,train,4,60871,60874,60878,2000-08-30T18:00:00,2000-08-31T12:00:00,2000-09-01T12:00:00,24
train_060874_lead072,train,4,60871,60874,60886,2000-08-30T18:00:00,2000-08-31T12:00:00,2000-09-03T12:00:00,72
train_060903_lead006,train,4,60900,60903,60904,2000-09-07T00:00:00,2000-09-07T18:00:00,2000-09-08T00:00:00,6
train_060903_lead024,train,4,60900,60903,60907,2000-09-07T00:00:00,2000-09-07T18:00:00,2000-09-08T18:00:00,24
train_060903_lead072,train,4,60900,60903,60915,2000-09-07T00:00:00,2000-09-07T18:00:00,2000-09-10T18:00:00,72
train_060931_lead006,train,4,60928,60931,60932,2000-09-14T00:00:00,2000-09-14T18:00:00,2000-09-15T00:00:00,6
train_060931_lead024,train,4,60928,60931,60935,2000-09-14T00:00:00,2000-09-14T18:00:00,2000-09-15T18:00:00,24
train_060931_lead072,train,4,60928,60931,60943,2000-09-14T00:00:00,2000-09-14T18:00:00,2000-09-17T18:00:00,72
train_060960_lead006,train,4,60957,60960,60961,2000-09-21T06:00:00,2000-09-22T00:00:00,2000-09-22T06:00:00,6
train_060960_lead024,train,4,60957,60960,60964,2000-09-21T06:00:00,2000-09-22T00:00:00,2000-09-23T00:00:00,24
train_060960_lead072,train,4,60957,60960,60972,2000-09-21T06:00:00,2000-09-22T00:00:00,2000-09-25T00:00:00,72
train_060988_lead006,train,4,60985,60988,60989,2000-09-28T06:00:00,2000-09-29T00:00:00,2000-09-29T06:00:00,6
train_060988_lead024,train,4,60985,60988,60992,2000-09-28T06:00:00,2000-09-29T00:00:00,2000-09-30T00:00:00,24
train_060988_lead072,train,4,60985,60988,61000,2000-09-28T06:00:00,2000-09-29T00:00:00,2000-10-02T00:00:00,72
train_061017_lead006,train,4,61014,61017,61018,2000-10-05T12:00:00,2000-10-06T06:00:00,2000-10-06T12:00:00,6
train_061017_lead024,train,4,61014,61017,61021,2000-10-05T12:00:00,2000-10-06T06:00:00,2000-10-07T06:00:00,24
train_061017_lead072,train,4,61014,61017,61029,2000-10-05T12:00:00,2000-10-06T06:00:00,2000-10-09T06:00:00,72
train_061045_lead006,train,4,61042,61045,61046,2000-10-12T12:00:00,2000-10-13T06:00:00,2000-10-13T12:00:00,6
train_061045_lead024,train,4,61042,61045,61049,2000-10-12T12:00:00,2000-10-13T06:00:00,2000-10-14T06:00:00,24
train_061045_lead072,train,4,61042,61045,61057,2000-10-12T12:00:00,2000-10-13T06:00:00,2000-10-16T06:00:00,72
train_061074_lead006,train,4,61071,61074,61075,2000-10-19T18:00:00,2000-10-20T12:00:00,2000-10-20T18:00:00,6
train_061074_lead024,train,4,61071,61074,61078,2000-10-19T18:00:00,2000-10-20T12:00:00,2000-10-21T12:00:00,24
train_061074_lead072,train,4,61071,61074,61086,2000-10-19T18:00:00,2000-10-20T12:00:00,2000-10-23T12:00:00,72
train_061102_lead006,train,4,61099,61102,61103,2000-10-26T18:00:00,2000-10-27T12:00:00,2000-10-27T18:00:00,6
train_061102_lead024,train,4,61099,61102,61106,2000-10-26T18:00:00,2000-10-27T12:00:00,2000-10-28T12:00:00,24
train_061102_lead072,train,4,61099,61102,61114,2000-10-26T18:00:00,2000-10-27T12:00:00,2000-10-30T12:00:00,72
train_061131_lead006,train,4,61128,61131,61132,2000-11-03T00:00:00,2000-11-03T18:00:00,2000-11-04T00:00:00,6
train_061131_lead024,train,4,61128,61131,61135,2000-11-03T00:00:00,2000-11-03T18:00:00,2000-11-04T18:00:00,24
train_061131_lead072,train,4,61128,61131,61143,2000-11-03T00:00:00,2000-11-03T18:00:00,2000-11-06T18:00:00,72
train_061159_lead006,train,4,61156,61159,61160,2000-11-10T00:00:00,2000-11-10T18:00:00,2000-11-11T00:00:00,6
train_061159_lead024,train,4,61156,61159,61163,2000-11-10T00:00:00,2000-11-10T18:00:00,2000-11-11T18:00:00,24
train_061159_lead072,train,4,61156,61159,61171,2000-11-10T00:00:00,2000-11-10T18:00:00,2000-11-13T18:00:00,72
train_061188_lead006,train,4,61185,61188,61189,2000-11-17T06:00:00,2000-11-18T00:00:00,2000-11-18T06:00:00,6
train_061188_lead024,train,4,61185,61188,61192,2000-11-17T06:00:00,2000-11-18T00:00:00,2000-11-19T00:00:00,24
train_061188_lead072,train,4,61185,61188,61200,2000-11-17T06:00:00,2000-11-18T00:00:00,2000-11-21T00:00:00,72
train_061216_lead006,train,4,61213,61216,61217,2000-11-24T06:00:00,2000-11-25T00:00:00,2000-11-25T06:00:00,6
train_061216_lead024,train,4,61213,61216,61220,2000-11-24T06:00:00,2000-11-25T00:00:00,2000-11-26T00:00:00,24
train_061216_lead072,train,4,61213,61216,61228,2000-11-24T06:00:00,2000-11-25T00:00:00,2000-11-28T00:00:00,72
train_061245_lead006,train,4,61242,61245,61246,2000-12-01T12:00:00,2000-12-02T06:00:00,2000-12-02T12:00:00,6
train_061245_lead024,train,4,61242,61245,61249,2000-12-01T12:00:00,2000-12-02T06:00:00,2000-12-03T06:00:00,24
train_061245_lead072,train,4,61242,61245,61257,2000-12-01T12:00:00,2000-12-02T06:00:00,2000-12-05T06:00:00,72
train_061274_lead006,train,4,61271,61274,61275,2000-12-08T18:00:00,2000-12-09T12:00:00,2000-12-09T18:00:00,6
train_061274_lead024,train,4,61271,61274,61278,2000-12-08T18:00:00,2000-12-09T12:00:00,2000-12-10T12:00:00,24
train_061274_lead072,train,4,61271,61274,61286,2000-12-08T18:00:00,2000-12-09T12:00:00,2000-12-12T12:00:00,72
train_061302_lead006,train,4,61299,61302,61303,2000-12-15T18:00:00,2000-12-16T12:00:00,2000-12-16T18:00:00,6
train_061302_lead024,train,4,61299,61302,61306,2000-12-15T18:00:00,2000-12-16T12:00:00,2000-12-17T12:00:00,24
train_061302_lead072,train,4,61299,61302,61314,2000-12-15T18:00:00,2000-12-16T12:00:00,2000-12-19T12:00:00,72
train_061331_lead006,train,4,61328,61331,61332,2000-12-23T00:00:00,2000-12-23T18:00:00,2000-12-24T00:00:00,6
train_061331_lead024,train,4,61328,61331,61335,2000-12-23T00:00:00,2000-12-23T18:00:00,2000-12-24T18:00:00,24
train_061331_lead072,train,4,61328,61331,61343,2000-12-23T00:00:00,2000-12-23T18:00:00,2000-12-26T18:00:00,72
train_061359_lead006,train,4,61356,61359,61360,2000-12-30T00:00:00,2000-12-30T18:00:00,2000-12-31T00:00:00,6
train_061359_lead024,train,4,61356,61359,61363,2000-12-30T00:00:00,2000-12-30T18:00:00,2000-12-31T18:00:00,24
train_061359_lead072,train,4,61356,61359,61371,2000-12-30T00:00:00,2000-12-30T18:00:00,2001-01-02T18:00:00,72
train_061388_lead006,train,4,61385,61388,61389,2001-01-06T06:00:00,2001-01-07T00:00:00,2001-01-07T06:00:00,6
train_061388_lead024,train,4,61385,61388,61392,2001-01-06T06:00:00,2001-01-07T00:00:00,2001-01-08T00:00:00,24
train_061388_lead072,train,4,61385,61388,61400,2001-01-06T06:00:00,2001-01-07T00:00:00,2001-01-10T00:00:00,72
train_061416_lead006,train,4,61413,61416,61417,2001-01-13T06:00:00,2001-01-14T00:00:00,2001-01-14T06:00:00,6
train_061416_lead024,train,4,61413,61416,61420,2001-01-13T06:00:00,2001-01-14T00:00:00,2001-01-15T00:00:00,24
train_061416_lead072,train,4,61413,61416,61428,2001-01-13T06:00:00,2001-01-14T00:00:00,2001-01-17T00:00:00,72
train_061445_lead006,train,4,61442,61445,61446,2001-01-20T12:00:00,2001-01-21T06:00:00,2001-01-21T12:00:00,6
train_061445_lead024,train,4,61442,61445,61449,2001-01-20T12:00:00,2001-01-21T06:00:00,2001-01-22T06:00:00,24
train_061445_lead072,train,4,61442,61445,61457,2001-01-20T12:00:00,2001-01-21T06:00:00,2001-01-24T06:00:00,72
train_061473_lead006,train,4,61470,61473,61474,2001-01-27T12:00:00,2001-01-28T06:00:00,2001-01-28T12:00:00,6
train_061473_lead024,train,4,61470,61473,61477,2001-01-27T12:00:00,2001-01-28T06:00:00,2001-01-29T06:00:00,24
train_061473_lead072,train,4,61470,61473,61485,2001-01-27T12:00:00,2001-01-28T06:00:00,2001-01-31T06:00:00,72
train_061502_lead006,train,4,61499,61502,61503,2001-02-03T18:00:00,2001-02-04T12:00:00,2001-02-04T18:00:00,6
train_061502_lead024,train,4,61499,61502,61506,2001-02-03T18:00:00,2001-02-04T12:00:00,2001-02-05T12:00:00,24
train_061502_lead072,train,4,61499,61502,61514,2001-02-03T18:00:00,2001-02-04T12:00:00,2001-02-07T12:00:00,72
train_061530_lead006,train,4,61527,61530,61531,2001-02-10T18:00:00,2001-02-11T12:00:00,2001-02-11T18:00:00,6
train_061530_lead024,train,4,61527,61530,61534,2001-02-10T18:00:00,2001-02-11T12:00:00,2001-02-12T12:00:00,24
train_061530_lead072,train,4,61527,61530,61542,2001-02-10T18:00:00,2001-02-11T12:00:00,2001-02-14T12:00:00,72
train_061559_lead006,train,4,61556,61559,61560,2001-02-18T00:00:00,2001-02-18T18:00:00,2001-02-19T00:00:00,6
train_061559_lead024,train,4,61556,61559,61563,2001-02-18T00:00:00,2001-02-18T18:00:00,2001-02-19T18:00:00,24
train_061559_lead072,train,4,61556,61559,61571,2001-02-18T00:00:00,2001-02-18T18:00:00,2001-02-21T18:00:00,72
train_061587_lead006,train,4,61584,61587,61588,2001-02-25T00:00:00,2001-02-25T18:00:00,2001-02-26T00:00:00,6
train_061587_lead024,train,4,61584,61587,61591,2001-02-25T00:00:00,2001-02-25T18:00:00,2001-02-26T18:00:00,24
train_061587_lead072,train,4,61584,61587,61599,2001-02-25T00:00:00,2001-02-25T18:00:00,2001-02-28T18:00:00,72
train_061616_lead006,train,4,61613,61616,61617,2001-03-04T06:00:00,2001-03-05T00:00:00,2001-03-05T06:00:00,6
train_061616_lead024,train,4,61613,61616,61620,2001-03-04T06:00:00,2001-03-05T00:00:00,2001-03-06T00:00:00,24
train_061616_lead072,train,4,61613,61616,61628,2001-03-04T06:00:00,2001-03-05T00:00:00,2001-03-08T00:00:00,72
train_061644_lead006,train,4,61641,61644,61645,2001-03-11T06:00:00,2001-03-12T00:00:00,2001-03-12T06:00:00,6
train_061644_lead024,train,4,61641,61644,61648,2001-03-11T06:00:00,2001-03-12T00:00:00,2001-03-13T00:00:00,24
train_061644_lead072,train,4,61641,61644,61656,2001-03-11T06:00:00,2001-03-12T00:00:00,2001-03-15T00:00:00,72
train_061673_lead006,train,4,61670,61673,61674,2001-03-18T12:00:00,2001-03-19T06:00:00,2001-03-19T12:00:00,6
train_061673_lead024,train,4,61670,61673,61677,2001-03-18T12:00:00,2001-03-19T06:00:00,2001-03-20T06:00:00,24
train_061673_lead072,train,4,61670,61673,61685,2001-03-18T12:00:00,2001-03-19T06:00:00,2001-03-22T06:00:00,72
train_061701_lead006,train,4,61698,61701,61702,2001-03-25T12:00:00,2001-03-26T06:00:00,2001-03-26T12:00:00,6
train_061701_lead024,train,4,61698,61701,61705,2001-03-25T12:00:00,2001-03-26T06:00:00,2001-03-27T06:00:00,24
train_061701_lead072,train,4,61698,61701,61713,2001-03-25T12:00:00,2001-03-26T06:00:00,2001-03-29T06:00:00,72
train_061730_lead006,train,4,61727,61730,61731,2001-04-01T18:00:00,2001-04-02T12:00:00,2001-04-02T18:00:00,6
train_061730_lead024,train,4,61727,61730,61734,2001-04-01T18:00:00,2001-04-02T12:00:00,2001-04-03T12:00:00,24
train_061730_lead072,train,4,61727,61730,61742,2001-04-01T18:00:00,2001-04-02T12:00:00,2001-04-05T12:00:00,72
train_061758_lead006,train,4,61755,61758,61759,2001-04-08T18:00:00,2001-04-09T12:00:00,2001-04-09T18:00:00,6
train_061758_lead024,train,4,61755,61758,61762,2001-04-08T18:00:00,2001-04-09T12:00:00,2001-04-10T12:00:00,24
train_061758_lead072,train,4,61755,61758,61770,2001-04-08T18:00:00,2001-04-09T12:00:00,2001-04-12T12:00:00,72
train_061787_lead006,train,4,61784,61787,61788,2001-04-16T00:00:00,2001-04-16T18:00:00,2001-04-17T00:00:00,6
train_061787_lead024,train,4,61784,61787,61791,2001-04-16T00:00:00,2001-04-16T18:00:00,2001-04-17T18:00:00,24
train_061787_lead072,train,4,61784,61787,61799,2001-04-16T00:00:00,2001-04-16T18:00:00,2001-04-19T18:00:00,72
train_061816_lead006,train,4,61813,61816,61817,2001-04-23T06:00:00,2001-04-24T00:00:00,2001-04-24T06:00:00,6
train_061816_lead024,train,4,61813,61816,61820,2001-04-23T06:00:00,2001-04-24T00:00:00,2001-04-25T00:00:00,24
train_061816_lead072,train,4,61813,61816,61828,2001-04-23T06:00:00,2001-04-24T00:00:00,2001-04-27T00:00:00,72
train_061844_lead006,train,4,61841,61844,61845,2001-04-30T06:00:00,2001-05-01T00:00:00,2001-05-01T06:00:00,6
train_061844_lead024,train,4,61841,61844,61848,2001-04-30T06:00:00,2001-05-01T00:00:00,2001-05-02T00:00:00,24
train_061844_lead072,train,4,61841,61844,61856,2001-04-30T06:00:00,2001-05-01T00:00:00,2001-05-04T00:00:00,72
train_061873_lead006,train,4,61870,61873,61874,2001-05-07T12:00:00,2001-05-08T06:00:00,2001-05-08T12:00:00,6
train_061873_lead024,train,4,61870,61873,61877,2001-05-07T12:00:00,2001-05-08T06:00:00,2001-05-09T06:00:00,24
train_061873_lead072,train,4,61870,61873,61885,2001-05-07T12:00:00,2001-05-08T06:00:00,2001-05-11T06:00:00,72
train_061901_lead006,train,4,61898,61901,61902,2001-05-14T12:00:00,2001-05-15T06:00:00,2001-05-15T12:00:00,6
train_061901_lead024,train,4,61898,61901,61905,2001-05-14T12:00:00,2001-05-15T06:00:00,2001-05-16T06:00:00,24
train_061901_lead072,train,4,61898,61901,61913,2001-05-14T12:00:00,2001-05-15T06:00:00,2001-05-18T06:00:00,72
train_061930_lead006,train,4,61927,61930,61931,2001-05-21T18:00:00,2001-05-22T12:00:00,2001-05-22T18:00:00,6
train_061930_lead024,train,4,61927,61930,61934,2001-05-21T18:00:00,2001-05-22T12:00:00,2001-05-23T12:00:00,24
train_061930_lead072,train,4,61927,61930,61942,2001-05-21T18:00:00,2001-05-22T12:00:00,2001-05-25T12:00:00,72
train_061958_lead006,train,4,61955,61958,61959,2001-05-28T18:00:00,2001-05-29T12:00:00,2001-05-29T18:00:00,6
train_061958_lead024,train,4,61955,61958,61962,2001-05-28T18:00:00,2001-05-29T12:00:00,2001-05-30T12:00:00,24
train_061958_lead072,train,4,61955,61958,61970,2001-05-28T18:00:00,2001-05-29T12:00:00,2001-06-01T12:00:00,72
train_061987_lead006,train,4,61984,61987,61988,2001-06-05T00:00:00,2001-06-05T18:00:00,2001-06-06T00:00:00,6
train_061987_lead024,train,4,61984,61987,61991,2001-06-05T00:00:00,2001-06-05T18:00:00,2001-06-06T18:00:00,24
train_061987_lead072,train,4,61984,61987,61999,2001-06-05T00:00:00,2001-06-05T18:00:00,2001-06-08T18:00:00,72
train_062015_lead006,train,4,62012,62015,62016,2001-06-12T00:00:00,2001-06-12T18:00:00,2001-06-13T00:00:00,6
train_062015_lead024,train,4,62012,62015,62019,2001-06-12T00:00:00,2001-06-12T18:00:00,2001-06-13T18:00:00,24
train_062015_lead072,train,4,62012,62015,62027,2001-06-12T00:00:00,2001-06-12T18:00:00,2001-06-15T18:00:00,72
train_062044_lead006,train,4,62041,62044,62045,2001-06-19T06:00:00,2001-06-20T00:00:00,2001-06-20T06:00:00,6
train_062044_lead024,train,4,62041,62044,62048,2001-06-19T06:00:00,2001-06-20T00:00:00,2001-06-21T00:00:00,24
train_062044_lead072,train,4,62041,62044,62056,2001-06-19T06:00:00,2001-06-20T00:00:00,2001-06-23T00:00:00,72
train_062072_lead006,train,4,62069,62072,62073,2001-06-26T06:00:00,2001-06-27T00:00:00,2001-06-27T06:00:00,6
train_062072_lead024,train,4,62069,62072,62076,2001-06-26T06:00:00,2001-06-27T00:00:00,2001-06-28T00:00:00,24
train_062072_lead072,train,4,62069,62072,62084,2001-06-26T06:00:00,2001-06-27T00:00:00,2001-06-30T00:00:00,72
train_062101_lead006,train,4,62098,62101,62102,2001-07-03T12:00:00,2001-07-04T06:00:00,2001-07-04T12:00:00,6
train_062101_lead024,train,4,62098,62101,62105,2001-07-03T12:00:00,2001-07-04T06:00:00,2001-07-05T06:00:00,24
train_062101_lead072,train,4,62098,62101,62113,2001-07-03T12:00:00,2001-07-04T06:00:00,2001-07-07T06:00:00,72
train_062129_lead006,train,4,62126,62129,62130,2001-07-10T12:00:00,2001-07-11T06:00:00,2001-07-11T12:00:00,6
train_062129_lead024,train,4,62126,62129,62133,2001-07-10T12:00:00,2001-07-11T06:00:00,2001-07-12T06:00:00,24
train_062129_lead072,train,4,62126,62129,62141,2001-07-10T12:00:00,2001-07-11T06:00:00,2001-07-14T06:00:00,72
train_062158_lead006,train,4,62155,62158,62159,2001-07-17T18:00:00,2001-07-18T12:00:00,2001-07-18T18:00:00,6
train_062158_lead024,train,4,62155,62158,62162,2001-07-17T18:00:00,2001-07-18T12:00:00,2001-07-19T12:00:00,24
train_062158_lead072,train,4,62155,62158,62170,2001-07-17T18:00:00,2001-07-18T12:00:00,2001-07-21T12:00:00,72
train_062186_lead006,train,4,62183,62186,62187,2001-07-24T18:00:00,2001-07-25T12:00:00,2001-07-25T18:00:00,6
train_062186_lead024,train,4,62183,62186,62190,2001-07-24T18:00:00,2001-07-25T12:00:00,2001-07-26T12:00:00,24
train_062186_lead072,train,4,62183,62186,62198,2001-07-24T18:00:00,2001-07-25T12:00:00,2001-07-28T12:00:00,72
train_062215_lead006,train,4,62212,62215,62216,2001-08-01T00:00:00,2001-08-01T18:00:00,2001-08-02T00:00:00,6
train_062215_lead024,train,4,62212,62215,62219,2001-08-01T00:00:00,2001-08-01T18:00:00,2001-08-02T18:00:00,24
train_062215_lead072,train,4,62212,62215,62227,2001-08-01T00:00:00,2001-08-01T18:00:00,2001-08-04T18:00:00,72
train_062243_lead006,train,4,62240,62243,62244,2001-08-08T00:00:00,2001-08-08T18:00:00,2001-08-09T00:00:00,6
train_062243_lead024,train,4,62240,62243,62247,2001-08-08T00:00:00,2001-08-08T18:00:00,2001-08-09T18:00:00,24
train_062243_lead072,train,4,62240,62243,62255,2001-08-08T00:00:00,2001-08-08T18:00:00,2001-08-11T18:00:00,72
train_062272_lead006,train,4,62269,62272,62273,2001-08-15T06:00:00,2001-08-16T00:00:00,2001-08-16T06:00:00,6
train_062272_lead024,train,4,62269,62272,62276,2001-08-15T06:00:00,2001-08-16T00:00:00,2001-08-17T00:00:00,24
train_062272_lead072,train,4,62269,62272,62284,2001-08-15T06:00:00,2001-08-16T00:00:00,2001-08-19T00:00:00,72
train_062301_lead006,train,4,62298,62301,62302,2001-08-22T12:00:00,2001-08-23T06:00:00,2001-08-23T12:00:00,6
train_062301_lead024,train,4,62298,62301,62305,2001-08-22T12:00:00,2001-08-23T06:00:00,2001-08-24T06:00:00,24
train_062301_lead072,train,4,62298,62301,62313,2001-08-22T12:00:00,2001-08-23T06:00:00,2001-08-26T06:00:00,72
train_062329_lead006,train,4,62326,62329,62330,2001-08-29T12:00:00,2001-08-30T06:00:00,2001-08-30T12:00:00,6
train_062329_lead024,train,4,62326,62329,62333,2001-08-29T12:00:00,2001-08-30T06:00:00,2001-08-31T06:00:00,24
train_062329_lead072,train,4,62326,62329,62341,2001-08-29T12:00:00,2001-08-30T06:00:00,2001-09-02T06:00:00,72
train_062358_lead006,train,4,62355,62358,62359,2001-09-05T18:00:00,2001-09-06T12:00:00,2001-09-06T18:00:00,6
train_062358_lead024,train,4,62355,62358,62362,2001-09-05T18:00:00,2001-09-06T12:00:00,2001-09-07T12:00:00,24
train_062358_lead072,train,4,62355,62358,62370,2001-09-05T18:00:00,2001-09-06T12:00:00,2001-09-09T12:00:00,72
train_062386_lead006,train,4,62383,62386,62387,2001-09-12T18:00:00,2001-09-13T12:00:00,2001-09-13T18:00:00,6
train_062386_lead024,train,4,62383,62386,62390,2001-09-12T18:00:00,2001-09-13T12:00:00,2001-09-14T12:00:00,24
train_062386_lead072,train,4,62383,62386,62398,2001-09-12T18:00:00,2001-09-13T12:00:00,2001-09-16T12:00:00,72
train_062415_lead006,train,4,62412,62415,62416,2001-09-20T00:00:00,2001-09-20T18:00:00,2001-09-21T00:00:00,6
train_062415_lead024,train,4,62412,62415,62419,2001-09-20T00:00:00,2001-09-20T18:00:00,2001-09-21T18:00:00,24
train_062415_lead072,train,4,62412,62415,62427,2001-09-20T00:00:00,2001-09-20T18:00:00,2001-09-23T18:00:00,72
train_062443_lead006,train,4,62440,62443,62444,2001-09-27T00:00:00,2001-09-27T18:00:00,2001-09-28T00:00:00,6
train_062443_lead024,train,4,62440,62443,62447,2001-09-27T00:00:00,2001-09-27T18:00:00,2001-09-28T18:00:00,24
train_062443_lead072,train,4,62440,62443,62455,2001-09-27T00:00:00,2001-09-27T18:00:00,2001-09-30T18:00:00,72
train_062472_lead006,train,4,62469,62472,62473,2001-10-04T06:00:00,2001-10-05T00:00:00,2001-10-05T06:00:00,6
train_062472_lead024,train,4,62469,62472,62476,2001-10-04T06:00:00,2001-10-05T00:00:00,2001-10-06T00:00:00,24
train_062472_lead072,train,4,62469,62472,62484,2001-10-04T06:00:00,2001-10-05T00:00:00,2001-10-08T00:00:00,72
train_062500_lead006,train,4,62497,62500,62501,2001-10-11T06:00:00,2001-10-12T00:00:00,2001-10-12T06:00:00,6
train_062500_lead024,train,4,62497,62500,62504,2001-10-11T06:00:00,2001-10-12T00:00:00,2001-10-13T00:00:00,24
train_062500_lead072,train,4,62497,62500,62512,2001-10-11T06:00:00,2001-10-12T00:00:00,2001-10-15T00:00:00,72
train_062529_lead006,train,4,62526,62529,62530,2001-10-18T12:00:00,2001-10-19T06:00:00,2001-10-19T12:00:00,6
train_062529_lead024,train,4,62526,62529,62533,2001-10-18T12:00:00,2001-10-19T06:00:00,2001-10-20T06:00:00,24
train_062529_lead072,train,4,62526,62529,62541,2001-10-18T12:00:00,2001-10-19T06:00:00,2001-10-22T06:00:00,72
train_062557_lead006,train,4,62554,62557,62558,2001-10-25T12:00:00,2001-10-26T06:00:00,2001-10-26T12:00:00,6
train_062557_lead024,train,4,62554,62557,62561,2001-10-25T12:00:00,2001-10-26T06:00:00,2001-10-27T06:00:00,24
train_062557_lead072,train,4,62554,62557,62569,2001-10-25T12:00:00,2001-10-26T06:00:00,2001-10-29T06:00:00,72
train_062586_lead006,train,4,62583,62586,62587,2001-11-01T18:00:00,2001-11-02T12:00:00,2001-11-02T18:00:00,6
train_062586_lead024,train,4,62583,62586,62590,2001-11-01T18:00:00,2001-11-02T12:00:00,2001-11-03T12:00:00,24
train_062586_lead072,train,4,62583,62586,62598,2001-11-01T18:00:00,2001-11-02T12:00:00,2001-11-05T12:00:00,72
train_062614_lead006,train,4,62611,62614,62615,2001-11-08T18:00:00,2001-11-09T12:00:00,2001-11-09T18:00:00,6
train_062614_lead024,train,4,62611,62614,62618,2001-11-08T18:00:00,2001-11-09T12:00:00,2001-11-10T12:00:00,24
train_062614_lead072,train,4,62611,62614,62626,2001-11-08T18:00:00,2001-11-09T12:00:00,2001-11-12T12:00:00,72
train_062643_lead006,train,4,62640,62643,62644,2001-11-16T00:00:00,2001-11-16T18:00:00,2001-11-17T00:00:00,6
train_062643_lead024,train,4,62640,62643,62647,2001-11-16T00:00:00,2001-11-16T18:00:00,2001-11-17T18:00:00,24
train_062643_lead072,train,4,62640,62643,62655,2001-11-16T00:00:00,2001-11-16T18:00:00,2001-11-19T18:00:00,72
train_062671_lead006,train,4,62668,62671,62672,2001-11-23T00:00:00,2001-11-23T18:00:00,2001-11-24T00:00:00,6
train_062671_lead024,train,4,62668,62671,62675,2001-11-23T00:00:00,2001-11-23T18:00:00,2001-11-24T18:00:00,24
train_062671_lead072,train,4,62668,62671,62683,2001-11-23T00:00:00,2001-11-23T18:00:00,2001-11-26T18:00:00,72
train_062700_lead006,train,4,62697,62700,62701,2001-11-30T06:00:00,2001-12-01T00:00:00,2001-12-01T06:00:00,6
train_062700_lead024,train,4,62697,62700,62704,2001-11-30T06:00:00,2001-12-01T00:00:00,2001-12-02T00:00:00,24
train_062700_lead072,train,4,62697,62700,62712,2001-11-30T06:00:00,2001-12-01T00:00:00,2001-12-04T00:00:00,72
train_062728_lead006,train,4,62725,62728,62729,2001-12-07T06:00:00,2001-12-08T00:00:00,2001-12-08T06:00:00,6
train_062728_lead024,train,4,62725,62728,62732,2001-12-07T06:00:00,2001-12-08T00:00:00,2001-12-09T00:00:00,24
train_062728_lead072,train,4,62725,62728,62740,2001-12-07T06:00:00,2001-12-08T00:00:00,2001-12-11T00:00:00,72
train_062757_lead006,train,4,62754,62757,62758,2001-12-14T12:00:00,2001-12-15T06:00:00,2001-12-15T12:00:00,6
train_062757_lead024,train,4,62754,62757,62761,2001-12-14T12:00:00,2001-12-15T06:00:00,2001-12-16T06:00:00,24
train_062757_lead072,train,4,62754,62757,62769,2001-12-14T12:00:00,2001-12-15T06:00:00,2001-12-18T06:00:00,72
train_062785_lead006,train,4,62782,62785,62786,2001-12-21T12:00:00,2001-12-22T06:00:00,2001-12-22T12:00:00,6
train_062785_lead024,train,4,62782,62785,62789,2001-12-21T12:00:00,2001-12-22T06:00:00,2001-12-23T06:00:00,24
train_062785_lead072,train,4,62782,62785,62797,2001-12-21T12:00:00,2001-12-22T06:00:00,2001-12-25T06:00:00,72
train_062814_lead006,train,4,62811,62814,62815,2001-12-28T18:00:00,2001-12-29T12:00:00,2001-12-29T18:00:00,6
train_062814_lead024,train,4,62811,62814,62818,2001-12-28T18:00:00,2001-12-29T12:00:00,2001-12-30T12:00:00,24
train_062814_lead072,train,4,62811,62814,62826,2001-12-28T18:00:00,2001-12-29T12:00:00,2002-01-01T12:00:00,72
train_062843_lead006,train,4,62840,62843,62844,2002-01-05T00:00:00,2002-01-05T18:00:00,2002-01-06T00:00:00,6
train_062843_lead024,train,4,62840,62843,62847,2002-01-05T00:00:00,2002-01-05T18:00:00,2002-01-06T18:00:00,24
train_062843_lead072,train,4,62840,62843,62855,2002-01-05T00:00:00,2002-01-05T18:00:00,2002-01-08T18:00:00,72
train_062871_lead006,train,4,62868,62871,62872,2002-01-12T00:00:00,2002-01-12T18:00:00,2002-01-13T00:00:00,6
train_062871_lead024,train,4,62868,62871,62875,2002-01-12T00:00:00,2002-01-12T18:00:00,2002-01-13T18:00:00,24
train_062871_lead072,train,4,62868,62871,62883,2002-01-12T00:00:00,2002-01-12T18:00:00,2002-01-15T18:00:00,72
train_062900_lead006,train,4,62897,62900,62901,2002-01-19T06:00:00,2002-01-20T00:00:00,2002-01-20T06:00:00,6
train_062900_lead024,train,4,62897,62900,62904,2002-01-19T06:00:00,2002-01-20T00:00:00,2002-01-21T00:00:00,24
train_062900_lead072,train,4,62897,62900,62912,2002-01-19T06:00:00,2002-01-20T00:00:00,2002-01-23T00:00:00,72
train_062928_lead006,train,4,62925,62928,62929,2002-01-26T06:00:00,2002-01-27T00:00:00,2002-01-27T06:00:00,6
train_062928_lead024,train,4,62925,62928,62932,2002-01-26T06:00:00,2002-01-27T00:00:00,2002-01-28T00:00:00,24
train_062928_lead072,train,4,62925,62928,62940,2002-01-26T06:00:00,2002-01-27T00:00:00,2002-01-30T00:00:00,72
train_062957_lead006,train,4,62954,62957,62958,2002-02-02T12:00:00,2002-02-03T06:00:00,2002-02-03T12:00:00,6
train_062957_lead024,train,4,62954,62957,62961,2002-02-02T12:00:00,2002-02-03T06:00:00,2002-02-04T06:00:00,24
train_062957_lead072,train,4,62954,62957,62969,2002-02-02T12:00:00,2002-02-03T06:00:00,2002-02-06T06:00:00,72
train_062985_lead006,train,4,62982,62985,62986,2002-02-09T12:00:00,2002-02-10T06:00:00,2002-02-10T12:00:00,6
train_062985_lead024,train,4,62982,62985,62989,2002-02-09T12:00:00,2002-02-10T06:00:00,2002-02-11T06:00:00,24
train_062985_lead072,train,4,62982,62985,62997,2002-02-09T12:00:00,2002-02-10T06:00:00,2002-02-13T06:00:00,72
train_063014_lead006,train,4,63011,63014,63015,2002-02-16T18:00:00,2002-02-17T12:00:00,2002-02-17T18:00:00,6
train_063014_lead024,train,4,63011,63014,63018,2002-02-16T18:00:00,2002-02-17T12:00:00,2002-02-18T12:00:00,24
train_063014_lead072,train,4,63011,63014,63026,2002-02-16T18:00:00,2002-02-17T12:00:00,2002-02-20T12:00:00,72
train_063042_lead006,train,4,63039,63042,63043,2002-02-23T18:00:00,2002-02-24T12:00:00,2002-02-24T18:00:00,6
train_063042_lead024,train,4,63039,63042,63046,2002-02-23T18:00:00,2002-02-24T12:00:00,2002-02-25T12:00:00,24
train_063042_lead072,train,4,63039,63042,63054,2002-02-23T18:00:00,2002-02-24T12:00:00,2002-02-27T12:00:00,72
train_063071_lead006,train,4,63068,63071,63072,2002-03-03T00:00:00,2002-03-03T18:00:00,2002-03-04T00:00:00,6
train_063071_lead024,train,4,63068,63071,63075,2002-03-03T00:00:00,2002-03-03T18:00:00,2002-03-04T18:00:00,24
train_063071_lead072,train,4,63068,63071,63083,2002-03-03T00:00:00,2002-03-03T18:00:00,2002-03-06T18:00:00,72
train_063099_lead006,train,4,63096,63099,63100,2002-03-10T00:00:00,2002-03-10T18:00:00,2002-03-11T00:00:00,6
train_063099_lead024,train,4,63096,63099,63103,2002-03-10T00:00:00,2002-03-10T18:00:00,2002-03-11T18:00:00,24
train_063099_lead072,train,4,63096,63099,63111,2002-03-10T00:00:00,2002-03-10T18:00:00,2002-03-13T18:00:00,72
train_063128_lead006,train,4,63125,63128,63129,2002-03-17T06:00:00,2002-03-18T00:00:00,2002-03-18T06:00:00,6
train_063128_lead024,train,4,63125,63128,63132,2002-03-17T06:00:00,2002-03-18T00:00:00,2002-03-19T00:00:00,24
train_063128_lead072,train,4,63125,63128,63140,2002-03-17T06:00:00,2002-03-18T00:00:00,2002-03-21T00:00:00,72
train_063156_lead006,train,4,63153,63156,63157,2002-03-24T06:00:00,2002-03-25T00:00:00,2002-03-25T06:00:00,6
train_063156_lead024,train,4,63153,63156,63160,2002-03-24T06:00:00,2002-03-25T00:00:00,2002-03-26T00:00:00,24
train_063156_lead072,train,4,63153,63156,63168,2002-03-24T06:00:00,2002-03-25T00:00:00,2002-03-28T00:00:00,72
train_063185_lead006,train,4,63182,63185,63186,2002-03-31T12:00:00,2002-04-01T06:00:00,2002-04-01T12:00:00,6
train_063185_lead024,train,4,63182,63185,63189,2002-03-31T12:00:00,2002-04-01T06:00:00,2002-04-02T06:00:00,24
train_063185_lead072,train,4,63182,63185,63197,2002-03-31T12:00:00,2002-04-01T06:00:00,2002-04-04T06:00:00,72
train_063213_lead006,train,4,63210,63213,63214,2002-04-07T12:00:00,2002-04-08T06:00:00,2002-04-08T12:00:00,6
train_063213_lead024,train,4,63210,63213,63217,2002-04-07T12:00:00,2002-04-08T06:00:00,2002-04-09T06:00:00,24
train_063213_lead072,train,4,63210,63213,63225,2002-04-07T12:00:00,2002-04-08T06:00:00,2002-04-11T06:00:00,72
train_063242_lead006,train,4,63239,63242,63243,2002-04-14T18:00:00,2002-04-15T12:00:00,2002-04-15T18:00:00,6
train_063242_lead024,train,4,63239,63242,63246,2002-04-14T18:00:00,2002-04-15T12:00:00,2002-04-16T12:00:00,24
train_063242_lead072,train,4,63239,63242,63254,2002-04-14T18:00:00,2002-04-15T12:00:00,2002-04-18T12:00:00,72
train_063270_lead006,train,4,63267,63270,63271,2002-04-21T18:00:00,2002-04-22T12:00:00,2002-04-22T18:00:00,6
train_063270_lead024,train,4,63267,63270,63274,2002-04-21T18:00:00,2002-04-22T12:00:00,2002-04-23T12:00:00,24
train_063270_lead072,train,4,63267,63270,63282,2002-04-21T18:00:00,2002-04-22T12:00:00,2002-04-25T12:00:00,72
train_063299_lead006,train,4,63296,63299,63300,2002-04-29T00:00:00,2002-04-29T18:00:00,2002-04-30T00:00:00,6
train_063299_lead024,train,4,63296,63299,63303,2002-04-29T00:00:00,2002-04-29T18:00:00,2002-04-30T18:00:00,24
train_063299_lead072,train,4,63296,63299,63311,2002-04-29T00:00:00,2002-04-29T18:00:00,2002-05-02T18:00:00,72
train_063328_lead006,train,4,63325,63328,63329,2002-05-06T06:00:00,2002-05-07T00:00:00,2002-05-07T06:00:00,6
train_063328_lead024,train,4,63325,63328,63332,2002-05-06T06:00:00,2002-05-07T00:00:00,2002-05-08T00:00:00,24
train_063328_lead072,train,4,63325,63328,63340,2002-05-06T06:00:00,2002-05-07T00:00:00,2002-05-10T00:00:00,72
train_063356_lead006,train,4,63353,63356,63357,2002-05-13T06:00:00,2002-05-14T00:00:00,2002-05-14T06:00:00,6
train_063356_lead024,train,4,63353,63356,63360,2002-05-13T06:00:00,2002-05-14T00:00:00,2002-05-15T00:00:00,24
train_063356_lead072,train,4,63353,63356,63368,2002-05-13T06:00:00,2002-05-14T00:00:00,2002-05-17T00:00:00,72
train_063385_lead006,train,4,63382,63385,63386,2002-05-20T12:00:00,2002-05-21T06:00:00,2002-05-21T12:00:00,6
train_063385_lead024,train,4,63382,63385,63389,2002-05-20T12:00:00,2002-05-21T06:00:00,2002-05-22T06:00:00,24
train_063385_lead072,train,4,63382,63385,63397,2002-05-20T12:00:00,2002-05-21T06:00:00,2002-05-24T06:00:00,72
train_063413_lead006,train,4,63410,63413,63414,2002-05-27T12:00:00,2002-05-28T06:00:00,2002-05-28T12:00:00,6
train_063413_lead024,train,4,63410,63413,63417,2002-05-27T12:00:00,2002-05-28T06:00:00,2002-05-29T06:00:00,24
train_063413_lead072,train,4,63410,63413,63425,2002-05-27T12:00:00,2002-05-28T06:00:00,2002-05-31T06:00:00,72
train_063442_lead006,train,4,63439,63442,63443,2002-06-03T18:00:00,2002-06-04T12:00:00,2002-06-04T18:00:00,6
train_063442_lead024,train,4,63439,63442,63446,2002-06-03T18:00:00,2002-06-04T12:00:00,2002-06-05T12:00:00,24
train_063442_lead072,train,4,63439,63442,63454,2002-06-03T18:00:00,2002-06-04T12:00:00,2002-06-07T12:00:00,72
train_063470_lead006,train,4,63467,63470,63471,2002-06-10T18:00:00,2002-06-11T12:00:00,2002-06-11T18:00:00,6
train_063470_lead024,train,4,63467,63470,63474,2002-06-10T18:00:00,2002-06-11T12:00:00,2002-06-12T12:00:00,24
train_063470_lead072,train,4,63467,63470,63482,2002-06-10T18:00:00,2002-06-11T12:00:00,2002-06-14T12:00:00,72
train_063499_lead006,train,4,63496,63499,63500,2002-06-18T00:00:00,2002-06-18T18:00:00,2002-06-19T00:00:00,6
train_063499_lead024,train,4,63496,63499,63503,2002-06-18T00:00:00,2002-06-18T18:00:00,2002-06-19T18:00:00,24
train_063499_lead072,train,4,63496,63499,63511,2002-06-18T00:00:00,2002-06-18T18:00:00,2002-06-21T18:00:00,72
train_063527_lead006,train,4,63524,63527,63528,2002-06-25T00:00:00,2002-06-25T18:00:00,2002-06-26T00:00:00,6
train_063527_lead024,train,4,63524,63527,63531,2002-06-25T00:00:00,2002-06-25T18:00:00,2002-06-26T18:00:00,24
train_063527_lead072,train,4,63524,63527,63539,2002-06-25T00:00:00,2002-06-25T18:00:00,2002-06-28T18:00:00,72
train_063556_lead006,train,4,63553,63556,63557,2002-07-02T06:00:00,2002-07-03T00:00:00,2002-07-03T06:00:00,6
train_063556_lead024,train,4,63553,63556,63560,2002-07-02T06:00:00,2002-07-03T00:00:00,2002-07-04T00:00:00,24
train_063556_lead072,train,4,63553,63556,63568,2002-07-02T06:00:00,2002-07-03T00:00:00,2002-07-06T00:00:00,72
train_063584_lead006,train,4,63581,63584,63585,2002-07-09T06:00:00,2002-07-10T00:00:00,2002-07-10T06:00:00,6
train_063584_lead024,train,4,63581,63584,63588,2002-07-09T06:00:00,2002-07-10T00:00:00,2002-07-11T00:00:00,24
train_063584_lead072,train,4,63581,63584,63596,2002-07-09T06:00:00,2002-07-10T00:00:00,2002-07-13T00:00:00,72
train_063613_lead006,train,4,63610,63613,63614,2002-07-16T12:00:00,2002-07-17T06:00:00,2002-07-17T12:00:00,6
train_063613_lead024,train,4,63610,63613,63617,2002-07-16T12:00:00,2002-07-17T06:00:00,2002-07-18T06:00:00,24
train_063613_lead072,train,4,63610,63613,63625,2002-07-16T12:00:00,2002-07-17T06:00:00,2002-07-20T06:00:00,72
train_063641_lead006,train,4,63638,63641,63642,2002-07-23T12:00:00,2002-07-24T06:00:00,2002-07-24T12:00:00,6
train_063641_lead024,train,4,63638,63641,63645,2002-07-23T12:00:00,2002-07-24T06:00:00,2002-07-25T06:00:00,24
train_063641_lead072,train,4,63638,63641,63653,2002-07-23T12:00:00,2002-07-24T06:00:00,2002-07-27T06:00:00,72
train_063670_lead006,train,4,63667,63670,63671,2002-07-30T18:00:00,2002-07-31T12:00:00,2002-07-31T18:00:00,6
train_063670_lead024,train,4,63667,63670,63674,2002-07-30T18:00:00,2002-07-31T12:00:00,2002-08-01T12:00:00,24
train_063670_lead072,train,4,63667,63670,63682,2002-07-30T18:00:00,2002-07-31T12:00:00,2002-08-03T12:00:00,72
train_063698_lead006,train,4,63695,63698,63699,2002-08-06T18:00:00,2002-08-07T12:00:00,2002-08-07T18:00:00,6
train_063698_lead024,train,4,63695,63698,63702,2002-08-06T18:00:00,2002-08-07T12:00:00,2002-08-08T12:00:00,24
train_063698_lead072,train,4,63695,63698,63710,2002-08-06T18:00:00,2002-08-07T12:00:00,2002-08-10T12:00:00,72
train_063727_lead006,train,4,63724,63727,63728,2002-08-14T00:00:00,2002-08-14T18:00:00,2002-08-15T00:00:00,6
train_063727_lead024,train,4,63724,63727,63731,2002-08-14T00:00:00,2002-08-14T18:00:00,2002-08-15T18:00:00,24
train_063727_lead072,train,4,63724,63727,63739,2002-08-14T00:00:00,2002-08-14T18:00:00,2002-08-17T18:00:00,72
train_063755_lead006,train,4,63752,63755,63756,2002-08-21T00:00:00,2002-08-21T18:00:00,2002-08-22T00:00:00,6
train_063755_lead024,train,4,63752,63755,63759,2002-08-21T00:00:00,2002-08-21T18:00:00,2002-08-22T18:00:00,24
train_063755_lead072,train,4,63752,63755,63767,2002-08-21T00:00:00,2002-08-21T18:00:00,2002-08-24T18:00:00,72
train_063784_lead006,train,4,63781,63784,63785,2002-08-28T06:00:00,2002-08-29T00:00:00,2002-08-29T06:00:00,6
train_063784_lead024,train,4,63781,63784,63788,2002-08-28T06:00:00,2002-08-29T00:00:00,2002-08-30T00:00:00,24
train_063784_lead072,train,4,63781,63784,63796,2002-08-28T06:00:00,2002-08-29T00:00:00,2002-09-01T00:00:00,72
train_063812_lead006,train,4,63809,63812,63813,2002-09-04T06:00:00,2002-09-05T00:00:00,2002-09-05T06:00:00,6
train_063812_lead024,train,4,63809,63812,63816,2002-09-04T06:00:00,2002-09-05T00:00:00,2002-09-06T00:00:00,24
train_063812_lead072,train,4,63809,63812,63824,2002-09-04T06:00:00,2002-09-05T00:00:00,2002-09-08T00:00:00,72
train_063841_lead006,train,4,63838,63841,63842,2002-09-11T12:00:00,2002-09-12T06:00:00,2002-09-12T12:00:00,6
train_063841_lead024,train,4,63838,63841,63845,2002-09-11T12:00:00,2002-09-12T06:00:00,2002-09-13T06:00:00,24
train_063841_lead072,train,4,63838,63841,63853,2002-09-11T12:00:00,2002-09-12T06:00:00,2002-09-15T06:00:00,72
train_063870_lead006,train,4,63867,63870,63871,2002-09-18T18:00:00,2002-09-19T12:00:00,2002-09-19T18:00:00,6
train_063870_lead024,train,4,63867,63870,63874,2002-09-18T18:00:00,2002-09-19T12:00:00,2002-09-20T12:00:00,24
train_063870_lead072,train,4,63867,63870,63882,2002-09-18T18:00:00,2002-09-19T12:00:00,2002-09-22T12:00:00,72
train_063898_lead006,train,4,63895,63898,63899,2002-09-25T18:00:00,2002-09-26T12:00:00,2002-09-26T18:00:00,6
train_063898_lead024,train,4,63895,63898,63902,2002-09-25T18:00:00,2002-09-26T12:00:00,2002-09-27T12:00:00,24
train_063898_lead072,train,4,63895,63898,63910,2002-09-25T18:00:00,2002-09-26T12:00:00,2002-09-29T12:00:00,72
train_063927_lead006,train,4,63924,63927,63928,2002-10-03T00:00:00,2002-10-03T18:00:00,2002-10-04T00:00:00,6
train_063927_lead024,train,4,63924,63927,63931,2002-10-03T00:00:00,2002-10-03T18:00:00,2002-10-04T18:00:00,24
train_063927_lead072,train,4,63924,63927,63939,2002-10-03T00:00:00,2002-10-03T18:00:00,2002-10-06T18:00:00,72
train_063955_lead006,train,4,63952,63955,63956,2002-10-10T00:00:00,2002-10-10T18:00:00,2002-10-11T00:00:00,6
train_063955_lead024,train,4,63952,63955,63959,2002-10-10T00:00:00,2002-10-10T18:00:00,2002-10-11T18:00:00,24
train_063955_lead072,train,4,63952,63955,63967,2002-10-10T00:00:00,2002-10-10T18:00:00,2002-10-13T18:00:00,72
train_063984_lead006,train,4,63981,63984,63985,2002-10-17T06:00:00,2002-10-18T00:00:00,2002-10-18T06:00:00,6
train_063984_lead024,train,4,63981,63984,63988,2002-10-17T06:00:00,2002-10-18T00:00:00,2002-10-19T00:00:00,24
train_063984_lead072,train,4,63981,63984,63996,2002-10-17T06:00:00,2002-10-18T00:00:00,2002-10-21T00:00:00,72
train_064012_lead006,train,4,64009,64012,64013,2002-10-24T06:00:00,2002-10-25T00:00:00,2002-10-25T06:00:00,6
train_064012_lead024,train,4,64009,64012,64016,2002-10-24T06:00:00,2002-10-25T00:00:00,2002-10-26T00:00:00,24
train_064012_lead072,train,4,64009,64012,64024,2002-10-24T06:00:00,2002-10-25T00:00:00,2002-10-28T00:00:00,72
train_064041_lead006,train,4,64038,64041,64042,2002-10-31T12:00:00,2002-11-01T06:00:00,2002-11-01T12:00:00,6
train_064041_lead024,train,4,64038,64041,64045,2002-10-31T12:00:00,2002-11-01T06:00:00,2002-11-02T06:00:00,24
train_064041_lead072,train,4,64038,64041,64053,2002-10-31T12:00:00,2002-11-01T06:00:00,2002-11-04T06:00:00,72
train_064069_lead006,train,4,64066,64069,64070,2002-11-07T12:00:00,2002-11-08T06:00:00,2002-11-08T12:00:00,6
train_064069_lead024,train,4,64066,64069,64073,2002-11-07T12:00:00,2002-11-08T06:00:00,2002-11-09T06:00:00,24
train_064069_lead072,train,4,64066,64069,64081,2002-11-07T12:00:00,2002-11-08T06:00:00,2002-11-11T06:00:00,72
train_064098_lead006,train,4,64095,64098,64099,2002-11-14T18:00:00,2002-11-15T12:00:00,2002-11-15T18:00:00,6
train_064098_lead024,train,4,64095,64098,64102,2002-11-14T18:00:00,2002-11-15T12:00:00,2002-11-16T12:00:00,24
train_064098_lead072,train,4,64095,64098,64110,2002-11-14T18:00:00,2002-11-15T12:00:00,2002-11-18T12:00:00,72
train_064126_lead006,train,4,64123,64126,64127,2002-11-21T18:00:00,2002-11-22T12:00:00,2002-11-22T18:00:00,6
train_064126_lead024,train,4,64123,64126,64130,2002-11-21T18:00:00,2002-11-22T12:00:00,2002-11-23T12:00:00,24
train_064126_lead072,train,4,64123,64126,64138,2002-11-21T18:00:00,2002-11-22T12:00:00,2002-11-25T12:00:00,72
train_064155_lead006,train,4,64152,64155,64156,2002-11-29T00:00:00,2002-11-29T18:00:00,2002-11-30T00:00:00,6
train_064155_lead024,train,4,64152,64155,64159,2002-11-29T00:00:00,2002-11-29T18:00:00,2002-11-30T18:00:00,24
train_064155_lead072,train,4,64152,64155,64167,2002-11-29T00:00:00,2002-11-29T18:00:00,2002-12-02T18:00:00,72
train_064183_lead006,train,4,64180,64183,64184,2002-12-06T00:00:00,2002-12-06T18:00:00,2002-12-07T00:00:00,6
train_064183_lead024,train,4,64180,64183,64187,2002-12-06T00:00:00,2002-12-06T18:00:00,2002-12-07T18:00:00,24
train_064183_lead072,train,4,64180,64183,64195,2002-12-06T00:00:00,2002-12-06T18:00:00,2002-12-09T18:00:00,72
train_064212_lead006,train,4,64209,64212,64213,2002-12-13T06:00:00,2002-12-14T00:00:00,2002-12-14T06:00:00,6
train_064212_lead024,train,4,64209,64212,64216,2002-12-13T06:00:00,2002-12-14T00:00:00,2002-12-15T00:00:00,24
train_064212_lead072,train,4,64209,64212,64224,2002-12-13T06:00:00,2002-12-14T00:00:00,2002-12-17T00:00:00,72
train_064240_lead006,train,4,64237,64240,64241,2002-12-20T06:00:00,2002-12-21T00:00:00,2002-12-21T06:00:00,6
train_064240_lead024,train,4,64237,64240,64244,2002-12-20T06:00:00,2002-12-21T00:00:00,2002-12-22T00:00:00,24
train_064240_lead072,train,4,64237,64240,64252,2002-12-20T06:00:00,2002-12-21T00:00:00,2002-12-24T00:00:00,72
train_064269_lead006,train,4,64266,64269,64270,2002-12-27T12:00:00,2002-12-28T06:00:00,2002-12-28T12:00:00,6
train_064269_lead024,train,4,64266,64269,64273,2002-12-27T12:00:00,2002-12-28T06:00:00,2002-12-29T06:00:00,24
train_064269_lead072,train,4,64266,64269,64281,2002-12-27T12:00:00,2002-12-28T06:00:00,2002-12-31T06:00:00,72
train_064297_lead006,train,4,64294,64297,64298,2003-01-03T12:00:00,2003-01-04T06:00:00,2003-01-04T12:00:00,6
train_064297_lead024,train,4,64294,64297,64301,2003-01-03T12:00:00,2003-01-04T06:00:00,2003-01-05T06:00:00,24
train_064297_lead072,train,4,64294,64297,64309,2003-01-03T12:00:00,2003-01-04T06:00:00,2003-01-07T06:00:00,72
train_064326_lead006,train,4,64323,64326,64327,2003-01-10T18:00:00,2003-01-11T12:00:00,2003-01-11T18:00:00,6
train_064326_lead024,train,4,64323,64326,64330,2003-01-10T18:00:00,2003-01-11T12:00:00,2003-01-12T12:00:00,24
train_064326_lead072,train,4,64323,64326,64338,2003-01-10T18:00:00,2003-01-11T12:00:00,2003-01-14T12:00:00,72
train_064355_lead006,train,4,64352,64355,64356,2003-01-18T00:00:00,2003-01-18T18:00:00,2003-01-19T00:00:00,6
train_064355_lead024,train,4,64352,64355,64359,2003-01-18T00:00:00,2003-01-18T18:00:00,2003-01-19T18:00:00,24
train_064355_lead072,train,4,64352,64355,64367,2003-01-18T00:00:00,2003-01-18T18:00:00,2003-01-21T18:00:00,72
train_064383_lead006,train,4,64380,64383,64384,2003-01-25T00:00:00,2003-01-25T18:00:00,2003-01-26T00:00:00,6
train_064383_lead024,train,4,64380,64383,64387,2003-01-25T00:00:00,2003-01-25T18:00:00,2003-01-26T18:00:00,24
train_064383_lead072,train,4,64380,64383,64395,2003-01-25T00:00:00,2003-01-25T18:00:00,2003-01-28T18:00:00,72
train_064412_lead006,train,4,64409,64412,64413,2003-02-01T06:00:00,2003-02-02T00:00:00,2003-02-02T06:00:00,6
train_064412_lead024,train,4,64409,64412,64416,2003-02-01T06:00:00,2003-02-02T00:00:00,2003-02-03T00:00:00,24
train_064412_lead072,train,4,64409,64412,64424,2003-02-01T06:00:00,2003-02-02T00:00:00,2003-02-05T00:00:00,72
train_064440_lead006,train,4,64437,64440,64441,2003-02-08T06:00:00,2003-02-09T00:00:00,2003-02-09T06:00:00,6
train_064440_lead024,train,4,64437,64440,64444,2003-02-08T06:00:00,2003-02-09T00:00:00,2003-02-10T00:00:00,24
train_064440_lead072,train,4,64437,64440,64452,2003-02-08T06:00:00,2003-02-09T00:00:00,2003-02-12T00:00:00,72
train_064469_lead006,train,4,64466,64469,64470,2003-02-15T12:00:00,2003-02-16T06:00:00,2003-02-16T12:00:00,6
train_064469_lead024,train,4,64466,64469,64473,2003-02-15T12:00:00,2003-02-16T06:00:00,2003-02-17T06:00:00,24
train_064469_lead072,train,4,64466,64469,64481,2003-02-15T12:00:00,2003-02-16T06:00:00,2003-02-19T06:00:00,72
train_064497_lead006,train,4,64494,64497,64498,2003-02-22T12:00:00,2003-02-23T06:00:00,2003-02-23T12:00:00,6
train_064497_lead024,train,4,64494,64497,64501,2003-02-22T12:00:00,2003-02-23T06:00:00,2003-02-24T06:00:00,24
train_064497_lead072,train,4,64494,64497,64509,2003-02-22T12:00:00,2003-02-23T06:00:00,2003-02-26T06:00:00,72
train_064526_lead006,train,4,64523,64526,64527,2003-03-01T18:00:00,2003-03-02T12:00:00,2003-03-02T18:00:00,6
train_064526_lead024,train,4,64523,64526,64530,2003-03-01T18:00:00,2003-03-02T12:00:00,2003-03-03T12:00:00,24
train_064526_lead072,train,4,64523,64526,64538,2003-03-01T18:00:00,2003-03-02T12:00:00,2003-03-05T12:00:00,72
train_064554_lead006,train,4,64551,64554,64555,2003-03-08T18:00:00,2003-03-09T12:00:00,2003-03-09T18:00:00,6
train_064554_lead024,train,4,64551,64554,64558,2003-03-08T18:00:00,2003-03-09T12:00:00,2003-03-10T12:00:00,24
train_064554_lead072,train,4,64551,64554,64566,2003-03-08T18:00:00,2003-03-09T12:00:00,2003-03-12T12:00:00,72
train_064583_lead006,train,4,64580,64583,64584,2003-03-16T00:00:00,2003-03-16T18:00:00,2003-03-17T00:00:00,6
train_064583_lead024,train,4,64580,64583,64587,2003-03-16T00:00:00,2003-03-16T18:00:00,2003-03-17T18:00:00,24
train_064583_lead072,train,4,64580,64583,64595,2003-03-16T00:00:00,2003-03-16T18:00:00,2003-03-19T18:00:00,72
train_064611_lead006,train,4,64608,64611,64612,2003-03-23T00:00:00,2003-03-23T18:00:00,2003-03-24T00:00:00,6
train_064611_lead024,train,4,64608,64611,64615,2003-03-23T00:00:00,2003-03-23T18:00:00,2003-03-24T18:00:00,24
train_064611_lead072,train,4,64608,64611,64623,2003-03-23T00:00:00,2003-03-23T18:00:00,2003-03-26T18:00:00,72
train_064640_lead006,train,4,64637,64640,64641,2003-03-30T06:00:00,2003-03-31T00:00:00,2003-03-31T06:00:00,6
train_064640_lead024,train,4,64637,64640,64644,2003-03-30T06:00:00,2003-03-31T00:00:00,2003-04-01T00:00:00,24
train_064640_lead072,train,4,64637,64640,64652,2003-03-30T06:00:00,2003-03-31T00:00:00,2003-04-03T00:00:00,72
train_064668_lead006,train,4,64665,64668,64669,2003-04-06T06:00:00,2003-04-07T00:00:00,2003-04-07T06:00:00,6
train_064668_lead024,train,4,64665,64668,64672,2003-04-06T06:00:00,2003-04-07T00:00:00,2003-04-08T00:00:00,24
train_064668_lead072,train,4,64665,64668,64680,2003-04-06T06:00:00,2003-04-07T00:00:00,2003-04-10T00:00:00,72
train_064697_lead006,train,4,64694,64697,64698,2003-04-13T12:00:00,2003-04-14T06:00:00,2003-04-14T12:00:00,6
train_064697_lead024,train,4,64694,64697,64701,2003-04-13T12:00:00,2003-04-14T06:00:00,2003-04-15T06:00:00,24
train_064697_lead072,train,4,64694,64697,64709,2003-04-13T12:00:00,2003-04-14T06:00:00,2003-04-17T06:00:00,72
train_064725_lead006,train,4,64722,64725,64726,2003-04-20T12:00:00,2003-04-21T06:00:00,2003-04-21T12:00:00,6
train_064725_lead024,train,4,64722,64725,64729,2003-04-20T12:00:00,2003-04-21T06:00:00,2003-04-22T06:00:00,24
train_064725_lead072,train,4,64722,64725,64737,2003-04-20T12:00:00,2003-04-21T06:00:00,2003-04-24T06:00:00,72
train_064754_lead006,train,4,64751,64754,64755,2003-04-27T18:00:00,2003-04-28T12:00:00,2003-04-28T18:00:00,6
train_064754_lead024,train,4,64751,64754,64758,2003-04-27T18:00:00,2003-04-28T12:00:00,2003-04-29T12:00:00,24
train_064754_lead072,train,4,64751,64754,64766,2003-04-27T18:00:00,2003-04-28T12:00:00,2003-05-01T12:00:00,72
train_064782_lead006,train,4,64779,64782,64783,2003-05-04T18:00:00,2003-05-05T12:00:00,2003-05-05T18:00:00,6
train_064782_lead024,train,4,64779,64782,64786,2003-05-04T18:00:00,2003-05-05T12:00:00,2003-05-06T12:00:00,24
train_064782_lead072,train,4,64779,64782,64794,2003-05-04T18:00:00,2003-05-05T12:00:00,2003-05-08T12:00:00,72
train_064811_lead006,train,4,64808,64811,64812,2003-05-12T00:00:00,2003-05-12T18:00:00,2003-05-13T00:00:00,6
train_064811_lead024,train,4,64808,64811,64815,2003-05-12T00:00:00,2003-05-12T18:00:00,2003-05-13T18:00:00,24
train_064811_lead072,train,4,64808,64811,64823,2003-05-12T00:00:00,2003-05-12T18:00:00,2003-05-15T18:00:00,72
train_064839_lead006,train,4,64836,64839,64840,2003-05-19T00:00:00,2003-05-19T18:00:00,2003-05-20T00:00:00,6
train_064839_lead024,train,4,64836,64839,64843,2003-05-19T00:00:00,2003-05-19T18:00:00,2003-05-20T18:00:00,24
train_064839_lead072,train,4,64836,64839,64851,2003-05-19T00:00:00,2003-05-19T18:00:00,2003-05-22T18:00:00,72
train_064868_lead006,train,4,64865,64868,64869,2003-05-26T06:00:00,2003-05-27T00:00:00,2003-05-27T06:00:00,6
train_064868_lead024,train,4,64865,64868,64872,2003-05-26T06:00:00,2003-05-27T00:00:00,2003-05-28T00:00:00,24
train_064868_lead072,train,4,64865,64868,64880,2003-05-26T06:00:00,2003-05-27T00:00:00,2003-05-30T00:00:00,72
train_064897_lead006,train,4,64894,64897,64898,2003-06-02T12:00:00,2003-06-03T06:00:00,2003-06-03T12:00:00,6
train_064897_lead024,train,4,64894,64897,64901,2003-06-02T12:00:00,2003-06-03T06:00:00,2003-06-04T06:00:00,24
train_064897_lead072,train,4,64894,64897,64909,2003-06-02T12:00:00,2003-06-03T06:00:00,2003-06-06T06:00:00,72
train_064925_lead006,train,4,64922,64925,64926,2003-06-09T12:00:00,2003-06-10T06:00:00,2003-06-10T12:00:00,6
train_064925_lead024,train,4,64922,64925,64929,2003-06-09T12:00:00,2003-06-10T06:00:00,2003-06-11T06:00:00,24
train_064925_lead072,train,4,64922,64925,64937,2003-06-09T12:00:00,2003-06-10T06:00:00,2003-06-13T06:00:00,72
train_064954_lead006,train,4,64951,64954,64955,2003-06-16T18:00:00,2003-06-17T12:00:00,2003-06-17T18:00:00,6
train_064954_lead024,train,4,64951,64954,64958,2003-06-16T18:00:00,2003-06-17T12:00:00,2003-06-18T12:00:00,24
train_064954_lead072,train,4,64951,64954,64966,2003-06-16T18:00:00,2003-06-17T12:00:00,2003-06-20T12:00:00,72
train_064982_lead006,train,4,64979,64982,64983,2003-06-23T18:00:00,2003-06-24T12:00:00,2003-06-24T18:00:00,6
train_064982_lead024,train,4,64979,64982,64986,2003-06-23T18:00:00,2003-06-24T12:00:00,2003-06-25T12:00:00,24
train_064982_lead072,train,4,64979,64982,64994,2003-06-23T18:00:00,2003-06-24T12:00:00,2003-06-27T12:00:00,72
train_065011_lead006,train,4,65008,65011,65012,2003-07-01T00:00:00,2003-07-01T18:00:00,2003-07-02T00:00:00,6
train_065011_lead024,train,4,65008,65011,65015,2003-07-01T00:00:00,2003-07-01T18:00:00,2003-07-02T18:00:00,24
train_065011_lead072,train,4,65008,65011,65023,2003-07-01T00:00:00,2003-07-01T18:00:00,2003-07-04T18:00:00,72
train_065039_lead006,train,4,65036,65039,65040,2003-07-08T00:00:00,2003-07-08T18:00:00,2003-07-09T00:00:00,6
train_065039_lead024,train,4,65036,65039,65043,2003-07-08T00:00:00,2003-07-08T18:00:00,2003-07-09T18:00:00,24
train_065039_lead072,train,4,65036,65039,65051,2003-07-08T00:00:00,2003-07-08T18:00:00,2003-07-11T18:00:00,72
train_065068_lead006,train,4,65065,65068,65069,2003-07-15T06:00:00,2003-07-16T00:00:00,2003-07-16T06:00:00,6
train_065068_lead024,train,4,65065,65068,65072,2003-07-15T06:00:00,2003-07-16T00:00:00,2003-07-17T00:00:00,24
train_065068_lead072,train,4,65065,65068,65080,2003-07-15T06:00:00,2003-07-16T00:00:00,2003-07-19T00:00:00,72
train_065096_lead006,train,4,65093,65096,65097,2003-07-22T06:00:00,2003-07-23T00:00:00,2003-07-23T06:00:00,6
train_065096_lead024,train,4,65093,65096,65100,2003-07-22T06:00:00,2003-07-23T00:00:00,2003-07-24T00:00:00,24
train_065096_lead072,train,4,65093,65096,65108,2003-07-22T06:00:00,2003-07-23T00:00:00,2003-07-26T00:00:00,72
train_065125_lead006,train,4,65122,65125,65126,2003-07-29T12:00:00,2003-07-30T06:00:00,2003-07-30T12:00:00,6
train_065125_lead024,train,4,65122,65125,65129,2003-07-29T12:00:00,2003-07-30T06:00:00,2003-07-31T06:00:00,24
train_065125_lead072,train,4,65122,65125,65137,2003-07-29T12:00:00,2003-07-30T06:00:00,2003-08-02T06:00:00,72
train_065153_lead006,train,4,65150,65153,65154,2003-08-05T12:00:00,2003-08-06T06:00:00,2003-08-06T12:00:00,6
train_065153_lead024,train,4,65150,65153,65157,2003-08-05T12:00:00,2003-08-06T06:00:00,2003-08-07T06:00:00,24
train_065153_lead072,train,4,65150,65153,65165,2003-08-05T12:00:00,2003-08-06T06:00:00,2003-08-09T06:00:00,72
train_065182_lead006,train,4,65179,65182,65183,2003-08-12T18:00:00,2003-08-13T12:00:00,2003-08-13T18:00:00,6
train_065182_lead024,train,4,65179,65182,65186,2003-08-12T18:00:00,2003-08-13T12:00:00,2003-08-14T12:00:00,24
train_065182_lead072,train,4,65179,65182,65194,2003-08-12T18:00:00,2003-08-13T12:00:00,2003-08-16T12:00:00,72
train_065210_lead006,train,4,65207,65210,65211,2003-08-19T18:00:00,2003-08-20T12:00:00,2003-08-20T18:00:00,6
train_065210_lead024,train,4,65207,65210,65214,2003-08-19T18:00:00,2003-08-20T12:00:00,2003-08-21T12:00:00,24
train_065210_lead072,train,4,65207,65210,65222,2003-08-19T18:00:00,2003-08-20T12:00:00,2003-08-23T12:00:00,72
train_065239_lead006,train,4,65236,65239,65240,2003-08-27T00:00:00,2003-08-27T18:00:00,2003-08-28T00:00:00,6
train_065239_lead024,train,4,65236,65239,65243,2003-08-27T00:00:00,2003-08-27T18:00:00,2003-08-28T18:00:00,24
train_065239_lead072,train,4,65236,65239,65251,2003-08-27T00:00:00,2003-08-27T18:00:00,2003-08-30T18:00:00,72
train_065267_lead006,train,4,65264,65267,65268,2003-09-03T00:00:00,2003-09-03T18:00:00,2003-09-04T00:00:00,6
train_065267_lead024,train,4,65264,65267,65271,2003-09-03T00:00:00,2003-09-03T18:00:00,2003-09-04T18:00:00,24
train_065267_lead072,train,4,65264,65267,65279,2003-09-03T00:00:00,2003-09-03T18:00:00,2003-09-06T18:00:00,72
train_065296_lead006,train,4,65293,65296,65297,2003-09-10T06:00:00,2003-09-11T00:00:00,2003-09-11T06:00:00,6
train_065296_lead024,train,4,65293,65296,65300,2003-09-10T06:00:00,2003-09-11T00:00:00,2003-09-12T00:00:00,24
train_065296_lead072,train,4,65293,65296,65308,2003-09-10T06:00:00,2003-09-11T00:00:00,2003-09-14T00:00:00,72
train_065324_lead006,train,4,65321,65324,65325,2003-09-17T06:00:00,2003-09-18T00:00:00,2003-09-18T06:00:00,6
train_065324_lead024,train,4,65321,65324,65328,2003-09-17T06:00:00,2003-09-18T00:00:00,2003-09-19T00:00:00,24
train_065324_lead072,train,4,65321,65324,65336,2003-09-17T06:00:00,2003-09-18T00:00:00,2003-09-21T00:00:00,72
train_065353_lead006,train,4,65350,65353,65354,2003-09-24T12:00:00,2003-09-25T06:00:00,2003-09-25T12:00:00,6
train_065353_lead024,train,4,65350,65353,65357,2003-09-24T12:00:00,2003-09-25T06:00:00,2003-09-26T06:00:00,24
train_065353_lead072,train,4,65350,65353,65365,2003-09-24T12:00:00,2003-09-25T06:00:00,2003-09-28T06:00:00,72
train_065382_lead006,train,4,65379,65382,65383,2003-10-01T18:00:00,2003-10-02T12:00:00,2003-10-02T18:00:00,6
train_065382_lead024,train,4,65379,65382,65386,2003-10-01T18:00:00,2003-10-02T12:00:00,2003-10-03T12:00:00,24
train_065382_lead072,train,4,65379,65382,65394,2003-10-01T18:00:00,2003-10-02T12:00:00,2003-10-05T12:00:00,72
train_065410_lead006,train,4,65407,65410,65411,2003-10-08T18:00:00,2003-10-09T12:00:00,2003-10-09T18:00:00,6
train_065410_lead024,train,4,65407,65410,65414,2003-10-08T18:00:00,2003-10-09T12:00:00,2003-10-10T12:00:00,24
train_065410_lead072,train,4,65407,65410,65422,2003-10-08T18:00:00,2003-10-09T12:00:00,2003-10-12T12:00:00,72
train_065439_lead006,train,4,65436,65439,65440,2003-10-16T00:00:00,2003-10-16T18:00:00,2003-10-17T00:00:00,6
train_065439_lead024,train,4,65436,65439,65443,2003-10-16T00:00:00,2003-10-16T18:00:00,2003-10-17T18:00:00,24
train_065439_lead072,train,4,65436,65439,65451,2003-10-16T00:00:00,2003-10-16T18:00:00,2003-10-19T18:00:00,72
train_065467_lead006,train,4,65464,65467,65468,2003-10-23T00:00:00,2003-10-23T18:00:00,2003-10-24T00:00:00,6
train_065467_lead024,train,4,65464,65467,65471,2003-10-23T00:00:00,2003-10-23T18:00:00,2003-10-24T18:00:00,24
train_065467_lead072,train,4,65464,65467,65479,2003-10-23T00:00:00,2003-10-23T18:00:00,2003-10-26T18:00:00,72
train_065496_lead006,train,4,65493,65496,65497,2003-10-30T06:00:00,2003-10-31T00:00:00,2003-10-31T06:00:00,6
train_065496_lead024,train,4,65493,65496,65500,2003-10-30T06:00:00,2003-10-31T00:00:00,2003-11-01T00:00:00,24
train_065496_lead072,train,4,65493,65496,65508,2003-10-30T06:00:00,2003-10-31T00:00:00,2003-11-03T00:00:00,72
train_065524_lead006,train,4,65521,65524,65525,2003-11-06T06:00:00,2003-11-07T00:00:00,2003-11-07T06:00:00,6
train_065524_lead024,train,4,65521,65524,65528,2003-11-06T06:00:00,2003-11-07T00:00:00,2003-11-08T00:00:00,24
train_065524_lead072,train,4,65521,65524,65536,2003-11-06T06:00:00,2003-11-07T00:00:00,2003-11-10T00:00:00,72
train_065553_lead006,train,4,65550,65553,65554,2003-11-13T12:00:00,2003-11-14T06:00:00,2003-11-14T12:00:00,6
train_065553_lead024,train,4,65550,65553,65557,2003-11-13T12:00:00,2003-11-14T06:00:00,2003-11-15T06:00:00,24
train_065553_lead072,train,4,65550,65553,65565,2003-11-13T12:00:00,2003-11-14T06:00:00,2003-11-17T06:00:00,72
train_065581_lead006,train,4,65578,65581,65582,2003-11-20T12:00:00,2003-11-21T06:00:00,2003-11-21T12:00:00,6
train_065581_lead024,train,4,65578,65581,65585,2003-11-20T12:00:00,2003-11-21T06:00:00,2003-11-22T06:00:00,24
train_065581_lead072,train,4,65578,65581,65593,2003-11-20T12:00:00,2003-11-21T06:00:00,2003-11-24T06:00:00,72
train_065610_lead006,train,4,65607,65610,65611,2003-11-27T18:00:00,2003-11-28T12:00:00,2003-11-28T18:00:00,6
train_065610_lead024,train,4,65607,65610,65614,2003-11-27T18:00:00,2003-11-28T12:00:00,2003-11-29T12:00:00,24
train_065610_lead072,train,4,65607,65610,65622,2003-11-27T18:00:00,2003-11-28T12:00:00,2003-12-01T12:00:00,72
train_065638_lead006,train,4,65635,65638,65639,2003-12-04T18:00:00,2003-12-05T12:00:00,2003-12-05T18:00:00,6
train_065638_lead024,train,4,65635,65638,65642,2003-12-04T18:00:00,2003-12-05T12:00:00,2003-12-06T12:00:00,24
train_065638_lead072,train,4,65635,65638,65650,2003-12-04T18:00:00,2003-12-05T12:00:00,2003-12-08T12:00:00,72
train_065667_lead006,train,4,65664,65667,65668,2003-12-12T00:00:00,2003-12-12T18:00:00,2003-12-13T00:00:00,6
train_065667_lead024,train,4,65664,65667,65671,2003-12-12T00:00:00,2003-12-12T18:00:00,2003-12-13T18:00:00,24
train_065667_lead072,train,4,65664,65667,65679,2003-12-12T00:00:00,2003-12-12T18:00:00,2003-12-15T18:00:00,72
train_065695_lead006,train,4,65692,65695,65696,2003-12-19T00:00:00,2003-12-19T18:00:00,2003-12-20T00:00:00,6
train_065695_lead024,train,4,65692,65695,65699,2003-12-19T00:00:00,2003-12-19T18:00:00,2003-12-20T18:00:00,24
train_065695_lead072,train,4,65692,65695,65707,2003-12-19T00:00:00,2003-12-19T18:00:00,2003-12-22T18:00:00,72
train_065724_lead006,train,4,65721,65724,65725,2003-12-26T06:00:00,2003-12-27T00:00:00,2003-12-27T06:00:00,6
train_065724_lead024,train,4,65721,65724,65728,2003-12-26T06:00:00,2003-12-27T00:00:00,2003-12-28T00:00:00,24
train_065724_lead072,train,4,65721,65724,65736,2003-12-26T06:00:00,2003-12-27T00:00:00,2003-12-30T00:00:00,72
train_065752_lead006,train,4,65749,65752,65753,2004-01-02T06:00:00,2004-01-03T00:00:00,2004-01-03T06:00:00,6
train_065752_lead024,train,4,65749,65752,65756,2004-01-02T06:00:00,2004-01-03T00:00:00,2004-01-04T00:00:00,24
train_065752_lead072,train,4,65749,65752,65764,2004-01-02T06:00:00,2004-01-03T00:00:00,2004-01-06T00:00:00,72
train_065781_lead006,train,4,65778,65781,65782,2004-01-09T12:00:00,2004-01-10T06:00:00,2004-01-10T12:00:00,6
train_065781_lead024,train,4,65778,65781,65785,2004-01-09T12:00:00,2004-01-10T06:00:00,2004-01-11T06:00:00,24
train_065781_lead072,train,4,65778,65781,65793,2004-01-09T12:00:00,2004-01-10T06:00:00,2004-01-13T06:00:00,72
train_065809_lead006,train,4,65806,65809,65810,2004-01-16T12:00:00,2004-01-17T06:00:00,2004-01-17T12:00:00,6
train_065809_lead024,train,4,65806,65809,65813,2004-01-16T12:00:00,2004-01-17T06:00:00,2004-01-18T06:00:00,24
train_065809_lead072,train,4,65806,65809,65821,2004-01-16T12:00:00,2004-01-17T06:00:00,2004-01-20T06:00:00,72
train_065838_lead006,train,4,65835,65838,65839,2004-01-23T18:00:00,2004-01-24T12:00:00,2004-01-24T18:00:00,6
train_065838_lead024,train,4,65835,65838,65842,2004-01-23T18:00:00,2004-01-24T12:00:00,2004-01-25T12:00:00,24
train_065838_lead072,train,4,65835,65838,65850,2004-01-23T18:00:00,2004-01-24T12:00:00,2004-01-27T12:00:00,72
train_065867_lead006,train,4,65864,65867,65868,2004-01-31T00:00:00,2004-01-31T18:00:00,2004-02-01T00:00:00,6
train_065867_lead024,train,4,65864,65867,65871,2004-01-31T00:00:00,2004-01-31T18:00:00,2004-02-01T18:00:00,24
train_065867_lead072,train,4,65864,65867,65879,2004-01-31T00:00:00,2004-01-31T18:00:00,2004-02-03T18:00:00,72
train_065895_lead006,train,4,65892,65895,65896,2004-02-07T00:00:00,2004-02-07T18:00:00,2004-02-08T00:00:00,6
train_065895_lead024,train,4,65892,65895,65899,2004-02-07T00:00:00,2004-02-07T18:00:00,2004-02-08T18:00:00,24
train_065895_lead072,train,4,65892,65895,65907,2004-02-07T00:00:00,2004-02-07T18:00:00,2004-02-10T18:00:00,72
train_065924_lead006,train,4,65921,65924,65925,2004-02-14T06:00:00,2004-02-15T00:00:00,2004-02-15T06:00:00,6
train_065924_lead024,train,4,65921,65924,65928,2004-02-14T06:00:00,2004-02-15T00:00:00,2004-02-16T00:00:00,24
train_065924_lead072,train,4,65921,65924,65936,2004-02-14T06:00:00,2004-02-15T00:00:00,2004-02-18T00:00:00,72
train_065952_lead006,train,4,65949,65952,65953,2004-02-21T06:00:00,2004-02-22T00:00:00,2004-02-22T06:00:00,6
train_065952_lead024,train,4,65949,65952,65956,2004-02-21T06:00:00,2004-02-22T00:00:00,2004-02-23T00:00:00,24
train_065952_lead072,train,4,65949,65952,65964,2004-02-21T06:00:00,2004-02-22T00:00:00,2004-02-25T00:00:00,72
train_065981_lead006,train,4,65978,65981,65982,2004-02-28T12:00:00,2004-02-29T06:00:00,2004-02-29T12:00:00,6
train_065981_lead024,train,4,65978,65981,65985,2004-02-28T12:00:00,2004-02-29T06:00:00,2004-03-01T06:00:00,24
train_065981_lead072,train,4,65978,65981,65993,2004-02-28T12:00:00,2004-02-29T06:00:00,2004-03-03T06:00:00,72
train_066009_lead006,train,4,66006,66009,66010,2004-03-06T12:00:00,2004-03-07T06:00:00,2004-03-07T12:00:00,6
train_066009_lead024,train,4,66006,66009,66013,2004-03-06T12:00:00,2004-03-07T06:00:00,2004-03-08T06:00:00,24
train_066009_lead072,train,4,66006,66009,66021,2004-03-06T12:00:00,2004-03-07T06:00:00,2004-03-10T06:00:00,72
train_066038_lead006,train,4,66035,66038,66039,2004-03-13T18:00:00,2004-03-14T12:00:00,2004-03-14T18:00:00,6
train_066038_lead024,train,4,66035,66038,66042,2004-03-13T18:00:00,2004-03-14T12:00:00,2004-03-15T12:00:00,24
train_066038_lead072,train,4,66035,66038,66050,2004-03-13T18:00:00,2004-03-14T12:00:00,2004-03-17T12:00:00,72
train_066066_lead006,train,4,66063,66066,66067,2004-03-20T18:00:00,2004-03-21T12:00:00,2004-03-21T18:00:00,6
train_066066_lead024,train,4,66063,66066,66070,2004-03-20T18:00:00,2004-03-21T12:00:00,2004-03-22T12:00:00,24
train_066066_lead072,train,4,66063,66066,66078,2004-03-20T18:00:00,2004-03-21T12:00:00,2004-03-24T12:00:00,72
train_066095_lead006,train,4,66092,66095,66096,2004-03-28T00:00:00,2004-03-28T18:00:00,2004-03-29T00:00:00,6
train_066095_lead024,train,4,66092,66095,66099,2004-03-28T00:00:00,2004-03-28T18:00:00,2004-03-29T18:00:00,24
train_066095_lead072,train,4,66092,66095,66107,2004-03-28T00:00:00,2004-03-28T18:00:00,2004-03-31T18:00:00,72
train_066123_lead006,train,4,66120,66123,66124,2004-04-04T00:00:00,2004-04-04T18:00:00,2004-04-05T00:00:00,6
train_066123_lead024,train,4,66120,66123,66127,2004-04-04T00:00:00,2004-04-04T18:00:00,2004-04-05T18:00:00,24
train_066123_lead072,train,4,66120,66123,66135,2004-04-04T00:00:00,2004-04-04T18:00:00,2004-04-07T18:00:00,72
train_066152_lead006,train,4,66149,66152,66153,2004-04-11T06:00:00,2004-04-12T00:00:00,2004-04-12T06:00:00,6
train_066152_lead024,train,4,66149,66152,66156,2004-04-11T06:00:00,2004-04-12T00:00:00,2004-04-13T00:00:00,24
train_066152_lead072,train,4,66149,66152,66164,2004-04-11T06:00:00,2004-04-12T00:00:00,2004-04-15T00:00:00,72
train_066180_lead006,train,4,66177,66180,66181,2004-04-18T06:00:00,2004-04-19T00:00:00,2004-04-19T06:00:00,6
train_066180_lead024,train,4,66177,66180,66184,2004-04-18T06:00:00,2004-04-19T00:00:00,2004-04-20T00:00:00,24
train_066180_lead072,train,4,66177,66180,66192,2004-04-18T06:00:00,2004-04-19T00:00:00,2004-04-22T00:00:00,72
train_066209_lead006,train,4,66206,66209,66210,2004-04-25T12:00:00,2004-04-26T06:00:00,2004-04-26T12:00:00,6
train_066209_lead024,train,4,66206,66209,66213,2004-04-25T12:00:00,2004-04-26T06:00:00,2004-04-27T06:00:00,24
train_066209_lead072,train,4,66206,66209,66221,2004-04-25T12:00:00,2004-04-26T06:00:00,2004-04-29T06:00:00,72
train_066237_lead006,train,4,66234,66237,66238,2004-05-02T12:00:00,2004-05-03T06:00:00,2004-05-03T12:00:00,6
train_066237_lead024,train,4,66234,66237,66241,2004-05-02T12:00:00,2004-05-03T06:00:00,2004-05-04T06:00:00,24
train_066237_lead072,train,4,66234,66237,66249,2004-05-02T12:00:00,2004-05-03T06:00:00,2004-05-06T06:00:00,72
train_066266_lead006,train,4,66263,66266,66267,2004-05-09T18:00:00,2004-05-10T12:00:00,2004-05-10T18:00:00,6
train_066266_lead024,train,4,66263,66266,66270,2004-05-09T18:00:00,2004-05-10T12:00:00,2004-05-11T12:00:00,24
train_066266_lead072,train,4,66263,66266,66278,2004-05-09T18:00:00,2004-05-10T12:00:00,2004-05-13T12:00:00,72
train_066294_lead006,train,4,66291,66294,66295,2004-05-16T18:00:00,2004-05-17T12:00:00,2004-05-17T18:00:00,6
train_066294_lead024,train,4,66291,66294,66298,2004-05-16T18:00:00,2004-05-17T12:00:00,2004-05-18T12:00:00,24
train_066294_lead072,train,4,66291,66294,66306,2004-05-16T18:00:00,2004-05-17T12:00:00,2004-05-20T12:00:00,72
train_066323_lead006,train,4,66320,66323,66324,2004-05-24T00:00:00,2004-05-24T18:00:00,2004-05-25T00:00:00,6
train_066323_lead024,train,4,66320,66323,66327,2004-05-24T00:00:00,2004-05-24T18:00:00,2004-05-25T18:00:00,24
train_066323_lead072,train,4,66320,66323,66335,2004-05-24T00:00:00,2004-05-24T18:00:00,2004-05-27T18:00:00,72
train_066351_lead006,train,4,66348,66351,66352,2004-05-31T00:00:00,2004-05-31T18:00:00,2004-06-01T00:00:00,6
train_066351_lead024,train,4,66348,66351,66355,2004-05-31T00:00:00,2004-05-31T18:00:00,2004-06-01T18:00:00,24
train_066351_lead072,train,4,66348,66351,66363,2004-05-31T00:00:00,2004-05-31T18:00:00,2004-06-03T18:00:00,72
train_066380_lead006,train,4,66377,66380,66381,2004-06-07T06:00:00,2004-06-08T00:00:00,2004-06-08T06:00:00,6
train_066380_lead024,train,4,66377,66380,66384,2004-06-07T06:00:00,2004-06-08T00:00:00,2004-06-09T00:00:00,24
train_066380_lead072,train,4,66377,66380,66392,2004-06-07T06:00:00,2004-06-08T00:00:00,2004-06-11T00:00:00,72
train_066409_lead006,train,4,66406,66409,66410,2004-06-14T12:00:00,2004-06-15T06:00:00,2004-06-15T12:00:00,6
train_066409_lead024,train,4,66406,66409,66413,2004-06-14T12:00:00,2004-06-15T06:00:00,2004-06-16T06:00:00,24
train_066409_lead072,train,4,66406,66409,66421,2004-06-14T12:00:00,2004-06-15T06:00:00,2004-06-18T06:00:00,72
train_066437_lead006,train,4,66434,66437,66438,2004-06-21T12:00:00,2004-06-22T06:00:00,2004-06-22T12:00:00,6
train_066437_lead024,train,4,66434,66437,66441,2004-06-21T12:00:00,2004-06-22T06:00:00,2004-06-23T06:00:00,24
train_066437_lead072,train,4,66434,66437,66449,2004-06-21T12:00:00,2004-06-22T06:00:00,2004-06-25T06:00:00,72
train_066466_lead006,train,4,66463,66466,66467,2004-06-28T18:00:00,2004-06-29T12:00:00,2004-06-29T18:00:00,6
train_066466_lead024,train,4,66463,66466,66470,2004-06-28T18:00:00,2004-06-29T12:00:00,2004-06-30T12:00:00,24
train_066466_lead072,train,4,66463,66466,66478,2004-06-28T18:00:00,2004-06-29T12:00:00,2004-07-02T12:00:00,72
train_066494_lead006,train,4,66491,66494,66495,2004-07-05T18:00:00,2004-07-06T12:00:00,2004-07-06T18:00:00,6
train_066494_lead024,train,4,66491,66494,66498,2004-07-05T18:00:00,2004-07-06T12:00:00,2004-07-07T12:00:00,24
train_066494_lead072,train,4,66491,66494,66506,2004-07-05T18:00:00,2004-07-06T12:00:00,2004-07-09T12:00:00,72
train_066523_lead006,train,4,66520,66523,66524,2004-07-13T00:00:00,2004-07-13T18:00:00,2004-07-14T00:00:00,6
train_066523_lead024,train,4,66520,66523,66527,2004-07-13T00:00:00,2004-07-13T18:00:00,2004-07-14T18:00:00,24
train_066523_lead072,train,4,66520,66523,66535,2004-07-13T00:00:00,2004-07-13T18:00:00,2004-07-16T18:00:00,72
train_066551_lead006,train,4,66548,66551,66552,2004-07-20T00:00:00,2004-07-20T18:00:00,2004-07-21T00:00:00,6
train_066551_lead024,train,4,66548,66551,66555,2004-07-20T00:00:00,2004-07-20T18:00:00,2004-07-21T18:00:00,24
train_066551_lead072,train,4,66548,66551,66563,2004-07-20T00:00:00,2004-07-20T18:00:00,2004-07-23T18:00:00,72
train_066580_lead006,train,4,66577,66580,66581,2004-07-27T06:00:00,2004-07-28T00:00:00,2004-07-28T06:00:00,6
train_066580_lead024,train,4,66577,66580,66584,2004-07-27T06:00:00,2004-07-28T00:00:00,2004-07-29T00:00:00,24
train_066580_lead072,train,4,66577,66580,66592,2004-07-27T06:00:00,2004-07-28T00:00:00,2004-07-31T00:00:00,72
train_066608_lead006,train,4,66605,66608,66609,2004-08-03T06:00:00,2004-08-04T00:00:00,2004-08-04T06:00:00,6
train_066608_lead024,train,4,66605,66608,66612,2004-08-03T06:00:00,2004-08-04T00:00:00,2004-08-05T00:00:00,24
train_066608_lead072,train,4,66605,66608,66620,2004-08-03T06:00:00,2004-08-04T00:00:00,2004-08-07T00:00:00,72
train_066637_lead006,train,4,66634,66637,66638,2004-08-10T12:00:00,2004-08-11T06:00:00,2004-08-11T12:00:00,6
train_066637_lead024,train,4,66634,66637,66641,2004-08-10T12:00:00,2004-08-11T06:00:00,2004-08-12T06:00:00,24
train_066637_lead072,train,4,66634,66637,66649,2004-08-10T12:00:00,2004-08-11T06:00:00,2004-08-14T06:00:00,72
train_066665_lead006,train,4,66662,66665,66666,2004-08-17T12:00:00,2004-08-18T06:00:00,2004-08-18T12:00:00,6
train_066665_lead024,train,4,66662,66665,66669,2004-08-17T12:00:00,2004-08-18T06:00:00,2004-08-19T06:00:00,24
train_066665_lead072,train,4,66662,66665,66677,2004-08-17T12:00:00,2004-08-18T06:00:00,2004-08-21T06:00:00,72
train_066694_lead006,train,4,66691,66694,66695,2004-08-24T18:00:00,2004-08-25T12:00:00,2004-08-25T18:00:00,6
train_066694_lead024,train,4,66691,66694,66698,2004-08-24T18:00:00,2004-08-25T12:00:00,2004-08-26T12:00:00,24
train_066694_lead072,train,4,66691,66694,66706,2004-08-24T18:00:00,2004-08-25T12:00:00,2004-08-28T12:00:00,72
train_066722_lead006,train,4,66719,66722,66723,2004-08-31T18:00:00,2004-09-01T12:00:00,2004-09-01T18:00:00,6
train_066722_lead024,train,4,66719,66722,66726,2004-08-31T18:00:00,2004-09-01T12:00:00,2004-09-02T12:00:00,24
train_066722_lead072,train,4,66719,66722,66734,2004-08-31T18:00:00,2004-09-01T12:00:00,2004-09-04T12:00:00,72
train_066751_lead006,train,4,66748,66751,66752,2004-09-08T00:00:00,2004-09-08T18:00:00,2004-09-09T00:00:00,6
train_066751_lead024,train,4,66748,66751,66755,2004-09-08T00:00:00,2004-09-08T18:00:00,2004-09-09T18:00:00,24
train_066751_lead072,train,4,66748,66751,66763,2004-09-08T00:00:00,2004-09-08T18:00:00,2004-09-11T18:00:00,72
train_066779_lead006,train,4,66776,66779,66780,2004-09-15T00:00:00,2004-09-15T18:00:00,2004-09-16T00:00:00,6
train_066779_lead024,train,4,66776,66779,66783,2004-09-15T00:00:00,2004-09-15T18:00:00,2004-09-16T18:00:00,24
train_066779_lead072,train,4,66776,66779,66791,2004-09-15T00:00:00,2004-09-15T18:00:00,2004-09-18T18:00:00,72
train_066808_lead006,train,4,66805,66808,66809,2004-09-22T06:00:00,2004-09-23T00:00:00,2004-09-23T06:00:00,6
train_066808_lead024,train,4,66805,66808,66812,2004-09-22T06:00:00,2004-09-23T00:00:00,2004-09-24T00:00:00,24
train_066808_lead072,train,4,66805,66808,66820,2004-09-22T06:00:00,2004-09-23T00:00:00,2004-09-26T00:00:00,72
train_066836_lead006,train,4,66833,66836,66837,2004-09-29T06:00:00,2004-09-30T00:00:00,2004-09-30T06:00:00,6
train_066836_lead024,train,4,66833,66836,66840,2004-09-29T06:00:00,2004-09-30T00:00:00,2004-10-01T00:00:00,24
train_066836_lead072,train,4,66833,66836,66848,2004-09-29T06:00:00,2004-09-30T00:00:00,2004-10-03T00:00:00,72
train_066865_lead006,train,4,66862,66865,66866,2004-10-06T12:00:00,2004-10-07T06:00:00,2004-10-07T12:00:00,6
train_066865_lead024,train,4,66862,66865,66869,2004-10-06T12:00:00,2004-10-07T06:00:00,2004-10-08T06:00:00,24
train_066865_lead072,train,4,66862,66865,66877,2004-10-06T12:00:00,2004-10-07T06:00:00,2004-10-10T06:00:00,72
train_066894_lead006,train,4,66891,66894,66895,2004-10-13T18:00:00,2004-10-14T12:00:00,2004-10-14T18:00:00,6
train_066894_lead024,train,4,66891,66894,66898,2004-10-13T18:00:00,2004-10-14T12:00:00,2004-10-15T12:00:00,24
train_066894_lead072,train,4,66891,66894,66906,2004-10-13T18:00:00,2004-10-14T12:00:00,2004-10-17T12:00:00,72
train_066922_lead006,train,4,66919,66922,66923,2004-10-20T18:00:00,2004-10-21T12:00:00,2004-10-21T18:00:00,6
train_066922_lead024,train,4,66919,66922,66926,2004-10-20T18:00:00,2004-10-21T12:00:00,2004-10-22T12:00:00,24
train_066922_lead072,train,4,66919,66922,66934,2004-10-20T18:00:00,2004-10-21T12:00:00,2004-10-24T12:00:00,72
train_066951_lead006,train,4,66948,66951,66952,2004-10-28T00:00:00,2004-10-28T18:00:00,2004-10-29T00:00:00,6
train_066951_lead024,train,4,66948,66951,66955,2004-10-28T00:00:00,2004-10-28T18:00:00,2004-10-29T18:00:00,24
train_066951_lead072,train,4,66948,66951,66963,2004-10-28T00:00:00,2004-10-28T18:00:00,2004-10-31T18:00:00,72
train_066979_lead006,train,4,66976,66979,66980,2004-11-04T00:00:00,2004-11-04T18:00:00,2004-11-05T00:00:00,6
train_066979_lead024,train,4,66976,66979,66983,2004-11-04T00:00:00,2004-11-04T18:00:00,2004-11-05T18:00:00,24
train_066979_lead072,train,4,66976,66979,66991,2004-11-04T00:00:00,2004-11-04T18:00:00,2004-11-07T18:00:00,72
train_067008_lead006,train,4,67005,67008,67009,2004-11-11T06:00:00,2004-11-12T00:00:00,2004-11-12T06:00:00,6
train_067008_lead024,train,4,67005,67008,67012,2004-11-11T06:00:00,2004-11-12T00:00:00,2004-11-13T00:00:00,24
train_067008_lead072,train,4,67005,67008,67020,2004-11-11T06:00:00,2004-11-12T00:00:00,2004-11-15T00:00:00,72
train_067036_lead006,train,4,67033,67036,67037,2004-11-18T06:00:00,2004-11-19T00:00:00,2004-11-19T06:00:00,6
train_067036_lead024,train,4,67033,67036,67040,2004-11-18T06:00:00,2004-11-19T00:00:00,2004-11-20T00:00:00,24
train_067036_lead072,train,4,67033,67036,67048,2004-11-18T06:00:00,2004-11-19T00:00:00,2004-11-22T00:00:00,72
train_067065_lead006,train,4,67062,67065,67066,2004-11-25T12:00:00,2004-11-26T06:00:00,2004-11-26T12:00:00,6
train_067065_lead024,train,4,67062,67065,67069,2004-11-25T12:00:00,2004-11-26T06:00:00,2004-11-27T06:00:00,24
train_067065_lead072,train,4,67062,67065,67077,2004-11-25T12:00:00,2004-11-26T06:00:00,2004-11-29T06:00:00,72
train_067093_lead006,train,4,67090,67093,67094,2004-12-02T12:00:00,2004-12-03T06:00:00,2004-12-03T12:00:00,6
train_067093_lead024,train,4,67090,67093,67097,2004-12-02T12:00:00,2004-12-03T06:00:00,2004-12-04T06:00:00,24
train_067093_lead072,train,4,67090,67093,67105,2004-12-02T12:00:00,2004-12-03T06:00:00,2004-12-06T06:00:00,72
train_067122_lead006,train,4,67119,67122,67123,2004-12-09T18:00:00,2004-12-10T12:00:00,2004-12-10T18:00:00,6
train_067122_lead024,train,4,67119,67122,67126,2004-12-09T18:00:00,2004-12-10T12:00:00,2004-12-11T12:00:00,24
train_067122_lead072,train,4,67119,67122,67134,2004-12-09T18:00:00,2004-12-10T12:00:00,2004-12-13T12:00:00,72
train_067150_lead006,train,4,67147,67150,67151,2004-12-16T18:00:00,2004-12-17T12:00:00,2004-12-17T18:00:00,6
train_067150_lead024,train,4,67147,67150,67154,2004-12-16T18:00:00,2004-12-17T12:00:00,2004-12-18T12:00:00,24
train_067150_lead072,train,4,67147,67150,67162,2004-12-16T18:00:00,2004-12-17T12:00:00,2004-12-20T12:00:00,72
train_067179_lead006,train,4,67176,67179,67180,2004-12-24T00:00:00,2004-12-24T18:00:00,2004-12-25T00:00:00,6
train_067179_lead024,train,4,67176,67179,67183,2004-12-24T00:00:00,2004-12-24T18:00:00,2004-12-25T18:00:00,24
train_067179_lead072,train,4,67176,67179,67191,2004-12-24T00:00:00,2004-12-24T18:00:00,2004-12-27T18:00:00,72
train_067207_lead006,train,4,67204,67207,67208,2004-12-31T00:00:00,2004-12-31T18:00:00,2005-01-01T00:00:00,6
train_067207_lead024,train,4,67204,67207,67211,2004-12-31T00:00:00,2004-12-31T18:00:00,2005-01-01T18:00:00,24
train_067207_lead072,train,4,67204,67207,67219,2004-12-31T00:00:00,2004-12-31T18:00:00,2005-01-03T18:00:00,72
train_067236_lead006,train,4,67233,67236,67237,2005-01-07T06:00:00,2005-01-08T00:00:00,2005-01-08T06:00:00,6
train_067236_lead024,train,4,67233,67236,67240,2005-01-07T06:00:00,2005-01-08T00:00:00,2005-01-09T00:00:00,24
train_067236_lead072,train,4,67233,67236,67248,2005-01-07T06:00:00,2005-01-08T00:00:00,2005-01-11T00:00:00,72
train_067264_lead006,train,4,67261,67264,67265,2005-01-14T06:00:00,2005-01-15T00:00:00,2005-01-15T06:00:00,6
train_067264_lead024,train,4,67261,67264,67268,2005-01-14T06:00:00,2005-01-15T00:00:00,2005-01-16T00:00:00,24
train_067264_lead072,train,4,67261,67264,67276,2005-01-14T06:00:00,2005-01-15T00:00:00,2005-01-18T00:00:00,72
train_067293_lead006,train,4,67290,67293,67294,2005-01-21T12:00:00,2005-01-22T06:00:00,2005-01-22T12:00:00,6
train_067293_lead024,train,4,67290,67293,67297,2005-01-21T12:00:00,2005-01-22T06:00:00,2005-01-23T06:00:00,24
train_067293_lead072,train,4,67290,67293,67305,2005-01-21T12:00:00,2005-01-22T06:00:00,2005-01-25T06:00:00,72
train_067321_lead006,train,4,67318,67321,67322,2005-01-28T12:00:00,2005-01-29T06:00:00,2005-01-29T12:00:00,6
train_067321_lead024,train,4,67318,67321,67325,2005-01-28T12:00:00,2005-01-29T06:00:00,2005-01-30T06:00:00,24
train_067321_lead072,train,4,67318,67321,67333,2005-01-28T12:00:00,2005-01-29T06:00:00,2005-02-01T06:00:00,72
train_067350_lead006,train,4,67347,67350,67351,2005-02-04T18:00:00,2005-02-05T12:00:00,2005-02-05T18:00:00,6
train_067350_lead024,train,4,67347,67350,67354,2005-02-04T18:00:00,2005-02-05T12:00:00,2005-02-06T12:00:00,24
train_067350_lead072,train,4,67347,67350,67362,2005-02-04T18:00:00,2005-02-05T12:00:00,2005-02-08T12:00:00,72
train_067378_lead006,train,4,67375,67378,67379,2005-02-11T18:00:00,2005-02-12T12:00:00,2005-02-12T18:00:00,6
train_067378_lead024,train,4,67375,67378,67382,2005-02-11T18:00:00,2005-02-12T12:00:00,2005-02-13T12:00:00,24
train_067378_lead072,train,4,67375,67378,67390,2005-02-11T18:00:00,2005-02-12T12:00:00,2005-02-15T12:00:00,72
train_067407_lead006,train,4,67404,67407,67408,2005-02-19T00:00:00,2005-02-19T18:00:00,2005-02-20T00:00:00,6
train_067407_lead024,train,4,67404,67407,67411,2005-02-19T00:00:00,2005-02-19T18:00:00,2005-02-20T18:00:00,24
train_067407_lead072,train,4,67404,67407,67419,2005-02-19T00:00:00,2005-02-19T18:00:00,2005-02-22T18:00:00,72
train_067436_lead006,train,4,67433,67436,67437,2005-02-26T06:00:00,2005-02-27T00:00:00,2005-02-27T06:00:00,6
train_067436_lead024,train,4,67433,67436,67440,2005-02-26T06:00:00,2005-02-27T00:00:00,2005-02-28T00:00:00,24
train_067436_lead072,train,4,67433,67436,67448,2005-02-26T06:00:00,2005-02-27T00:00:00,2005-03-02T00:00:00,72
train_067464_lead006,train,4,67461,67464,67465,2005-03-05T06:00:00,2005-03-06T00:00:00,2005-03-06T06:00:00,6
train_067464_lead024,train,4,67461,67464,67468,2005-03-05T06:00:00,2005-03-06T00:00:00,2005-03-07T00:00:00,24
train_067464_lead072,train,4,67461,67464,67476,2005-03-05T06:00:00,2005-03-06T00:00:00,2005-03-09T00:00:00,72
train_067493_lead006,train,4,67490,67493,67494,2005-03-12T12:00:00,2005-03-13T06:00:00,2005-03-13T12:00:00,6
train_067493_lead024,train,4,67490,67493,67497,2005-03-12T12:00:00,2005-03-13T06:00:00,2005-03-14T06:00:00,24
train_067493_lead072,train,4,67490,67493,67505,2005-03-12T12:00:00,2005-03-13T06:00:00,2005-03-16T06:00:00,72
train_067521_lead006,train,4,67518,67521,67522,2005-03-19T12:00:00,2005-03-20T06:00:00,2005-03-20T12:00:00,6
train_067521_lead024,train,4,67518,67521,67525,2005-03-19T12:00:00,2005-03-20T06:00:00,2005-03-21T06:00:00,24
train_067521_lead072,train,4,67518,67521,67533,2005-03-19T12:00:00,2005-03-20T06:00:00,2005-03-23T06:00:00,72
train_067550_lead006,train,4,67547,67550,67551,2005-03-26T18:00:00,2005-03-27T12:00:00,2005-03-27T18:00:00,6
train_067550_lead024,train,4,67547,67550,67554,2005-03-26T18:00:00,2005-03-27T12:00:00,2005-03-28T12:00:00,24
train_067550_lead072,train,4,67547,67550,67562,2005-03-26T18:00:00,2005-03-27T12:00:00,2005-03-30T12:00:00,72
train_067578_lead006,train,4,67575,67578,67579,2005-04-02T18:00:00,2005-04-03T12:00:00,2005-04-03T18:00:00,6
train_067578_lead024,train,4,67575,67578,67582,2005-04-02T18:00:00,2005-04-03T12:00:00,2005-04-04T12:00:00,24
train_067578_lead072,train,4,67575,67578,67590,2005-04-02T18:00:00,2005-04-03T12:00:00,2005-04-06T12:00:00,72
train_067607_lead006,train,4,67604,67607,67608,2005-04-10T00:00:00,2005-04-10T18:00:00,2005-04-11T00:00:00,6
train_067607_lead024,train,4,67604,67607,67611,2005-04-10T00:00:00,2005-04-10T18:00:00,2005-04-11T18:00:00,24
train_067607_lead072,train,4,67604,67607,67619,2005-04-10T00:00:00,2005-04-10T18:00:00,2005-04-13T18:00:00,72
train_067635_lead006,train,4,67632,67635,67636,2005-04-17T00:00:00,2005-04-17T18:00:00,2005-04-18T00:00:00,6
train_067635_lead024,train,4,67632,67635,67639,2005-04-17T00:00:00,2005-04-17T18:00:00,2005-04-18T18:00:00,24
train_067635_lead072,train,4,67632,67635,67647,2005-04-17T00:00:00,2005-04-17T18:00:00,2005-04-20T18:00:00,72
train_067664_lead006,train,4,67661,67664,67665,2005-04-24T06:00:00,2005-04-25T00:00:00,2005-04-25T06:00:00,6
train_067664_lead024,train,4,67661,67664,67668,2005-04-24T06:00:00,2005-04-25T00:00:00,2005-04-26T00:00:00,24
train_067664_lead072,train,4,67661,67664,67676,2005-04-24T06:00:00,2005-04-25T00:00:00,2005-04-28T00:00:00,72
train_067692_lead006,train,4,67689,67692,67693,2005-05-01T06:00:00,2005-05-02T00:00:00,2005-05-02T06:00:00,6
train_067692_lead024,train,4,67689,67692,67696,2005-05-01T06:00:00,2005-05-02T00:00:00,2005-05-03T00:00:00,24
train_067692_lead072,train,4,67689,67692,67704,2005-05-01T06:00:00,2005-05-02T00:00:00,2005-05-05T00:00:00,72
train_067721_lead006,train,4,67718,67721,67722,2005-05-08T12:00:00,2005-05-09T06:00:00,2005-05-09T12:00:00,6
train_067721_lead024,train,4,67718,67721,67725,2005-05-08T12:00:00,2005-05-09T06:00:00,2005-05-10T06:00:00,24
train_067721_lead072,train,4,67718,67721,67733,2005-05-08T12:00:00,2005-05-09T06:00:00,2005-05-12T06:00:00,72
train_067749_lead006,train,4,67746,67749,67750,2005-05-15T12:00:00,2005-05-16T06:00:00,2005-05-16T12:00:00,6
train_067749_lead024,train,4,67746,67749,67753,2005-05-15T12:00:00,2005-05-16T06:00:00,2005-05-17T06:00:00,24
train_067749_lead072,train,4,67746,67749,67761,2005-05-15T12:00:00,2005-05-16T06:00:00,2005-05-19T06:00:00,72
train_067778_lead006,train,4,67775,67778,67779,2005-05-22T18:00:00,2005-05-23T12:00:00,2005-05-23T18:00:00,6
train_067778_lead024,train,4,67775,67778,67782,2005-05-22T18:00:00,2005-05-23T12:00:00,2005-05-24T12:00:00,24
train_067778_lead072,train,4,67775,67778,67790,2005-05-22T18:00:00,2005-05-23T12:00:00,2005-05-26T12:00:00,72
train_067806_lead006,train,4,67803,67806,67807,2005-05-29T18:00:00,2005-05-30T12:00:00,2005-05-30T18:00:00,6
train_067806_lead024,train,4,67803,67806,67810,2005-05-29T18:00:00,2005-05-30T12:00:00,2005-05-31T12:00:00,24
train_067806_lead072,train,4,67803,67806,67818,2005-05-29T18:00:00,2005-05-30T12:00:00,2005-06-02T12:00:00,72
train_067835_lead006,train,4,67832,67835,67836,2005-06-06T00:00:00,2005-06-06T18:00:00,2005-06-07T00:00:00,6
train_067835_lead024,train,4,67832,67835,67839,2005-06-06T00:00:00,2005-06-06T18:00:00,2005-06-07T18:00:00,24
train_067835_lead072,train,4,67832,67835,67847,2005-06-06T00:00:00,2005-06-06T18:00:00,2005-06-09T18:00:00,72
train_067863_lead006,train,4,67860,67863,67864,2005-06-13T00:00:00,2005-06-13T18:00:00,2005-06-14T00:00:00,6
train_067863_lead024,train,4,67860,67863,67867,2005-06-13T00:00:00,2005-06-13T18:00:00,2005-06-14T18:00:00,24
train_067863_lead072,train,4,67860,67863,67875,2005-06-13T00:00:00,2005-06-13T18:00:00,2005-06-16T18:00:00,72
train_067892_lead006,train,4,67889,67892,67893,2005-06-20T06:00:00,2005-06-21T00:00:00,2005-06-21T06:00:00,6
train_067892_lead024,train,4,67889,67892,67896,2005-06-20T06:00:00,2005-06-21T00:00:00,2005-06-22T00:00:00,24
train_067892_lead072,train,4,67889,67892,67904,2005-06-20T06:00:00,2005-06-21T00:00:00,2005-06-24T00:00:00,72
train_067921_lead006,train,4,67918,67921,67922,2005-06-27T12:00:00,2005-06-28T06:00:00,2005-06-28T12:00:00,6
train_067921_lead024,train,4,67918,67921,67925,2005-06-27T12:00:00,2005-06-28T06:00:00,2005-06-29T06:00:00,24
train_067921_lead072,train,4,67918,67921,67933,2005-06-27T12:00:00,2005-06-28T06:00:00,2005-07-01T06:00:00,72
train_067949_lead006,train,4,67946,67949,67950,2005-07-04T12:00:00,2005-07-05T06:00:00,2005-07-05T12:00:00,6
train_067949_lead024,train,4,67946,67949,67953,2005-07-04T12:00:00,2005-07-05T06:00:00,2005-07-06T06:00:00,24
train_067949_lead072,train,4,67946,67949,67961,2005-07-04T12:00:00,2005-07-05T06:00:00,2005-07-08T06:00:00,72
train_067978_lead006,train,4,67975,67978,67979,2005-07-11T18:00:00,2005-07-12T12:00:00,2005-07-12T18:00:00,6
train_067978_lead024,train,4,67975,67978,67982,2005-07-11T18:00:00,2005-07-12T12:00:00,2005-07-13T12:00:00,24
train_067978_lead072,train,4,67975,67978,67990,2005-07-11T18:00:00,2005-07-12T12:00:00,2005-07-15T12:00:00,72
train_068006_lead006,train,4,68003,68006,68007,2005-07-18T18:00:00,2005-07-19T12:00:00,2005-07-19T18:00:00,6
train_068006_lead024,train,4,68003,68006,68010,2005-07-18T18:00:00,2005-07-19T12:00:00,2005-07-20T12:00:00,24
train_068006_lead072,train,4,68003,68006,68018,2005-07-18T18:00:00,2005-07-19T12:00:00,2005-07-22T12:00:00,72
train_068035_lead006,train,4,68032,68035,68036,2005-07-26T00:00:00,2005-07-26T18:00:00,2005-07-27T00:00:00,6
train_068035_lead024,train,4,68032,68035,68039,2005-07-26T00:00:00,2005-07-26T18:00:00,2005-07-27T18:00:00,24
train_068035_lead072,train,4,68032,68035,68047,2005-07-26T00:00:00,2005-07-26T18:00:00,2005-07-29T18:00:00,72
train_068063_lead006,train,4,68060,68063,68064,2005-08-02T00:00:00,2005-08-02T18:00:00,2005-08-03T00:00:00,6
train_068063_lead024,train,4,68060,68063,68067,2005-08-02T00:00:00,2005-08-02T18:00:00,2005-08-03T18:00:00,24
train_068063_lead072,train,4,68060,68063,68075,2005-08-02T00:00:00,2005-08-02T18:00:00,2005-08-05T18:00:00,72
train_068092_lead006,train,4,68089,68092,68093,2005-08-09T06:00:00,2005-08-10T00:00:00,2005-08-10T06:00:00,6
train_068092_lead024,train,4,68089,68092,68096,2005-08-09T06:00:00,2005-08-10T00:00:00,2005-08-11T00:00:00,24
train_068092_lead072,train,4,68089,68092,68104,2005-08-09T06:00:00,2005-08-10T00:00:00,2005-08-13T00:00:00,72
train_068120_lead006,train,4,68117,68120,68121,2005-08-16T06:00:00,2005-08-17T00:00:00,2005-08-17T06:00:00,6
train_068120_lead024,train,4,68117,68120,68124,2005-08-16T06:00:00,2005-08-17T00:00:00,2005-08-18T00:00:00,24
train_068120_lead072,train,4,68117,68120,68132,2005-08-16T06:00:00,2005-08-17T00:00:00,2005-08-20T00:00:00,72
train_068149_lead006,train,4,68146,68149,68150,2005-08-23T12:00:00,2005-08-24T06:00:00,2005-08-24T12:00:00,6
train_068149_lead024,train,4,68146,68149,68153,2005-08-23T12:00:00,2005-08-24T06:00:00,2005-08-25T06:00:00,24
train_068149_lead072,train,4,68146,68149,68161,2005-08-23T12:00:00,2005-08-24T06:00:00,2005-08-27T06:00:00,72
train_068177_lead006,train,4,68174,68177,68178,2005-08-30T12:00:00,2005-08-31T06:00:00,2005-08-31T12:00:00,6
train_068177_lead024,train,4,68174,68177,68181,2005-08-30T12:00:00,2005-08-31T06:00:00,2005-09-01T06:00:00,24
train_068177_lead072,train,4,68174,68177,68189,2005-08-30T12:00:00,2005-08-31T06:00:00,2005-09-03T06:00:00,72
train_068206_lead006,train,4,68203,68206,68207,2005-09-06T18:00:00,2005-09-07T12:00:00,2005-09-07T18:00:00,6
train_068206_lead024,train,4,68203,68206,68210,2005-09-06T18:00:00,2005-09-07T12:00:00,2005-09-08T12:00:00,24
train_068206_lead072,train,4,68203,68206,68218,2005-09-06T18:00:00,2005-09-07T12:00:00,2005-09-10T12:00:00,72
train_068234_lead006,train,4,68231,68234,68235,2005-09-13T18:00:00,2005-09-14T12:00:00,2005-09-14T18:00:00,6
train_068234_lead024,train,4,68231,68234,68238,2005-09-13T18:00:00,2005-09-14T12:00:00,2005-09-15T12:00:00,24
train_068234_lead072,train,4,68231,68234,68246,2005-09-13T18:00:00,2005-09-14T12:00:00,2005-09-17T12:00:00,72
train_068263_lead006,train,4,68260,68263,68264,2005-09-21T00:00:00,2005-09-21T18:00:00,2005-09-22T00:00:00,6
train_068263_lead024,train,4,68260,68263,68267,2005-09-21T00:00:00,2005-09-21T18:00:00,2005-09-22T18:00:00,24
train_068263_lead072,train,4,68260,68263,68275,2005-09-21T00:00:00,2005-09-21T18:00:00,2005-09-24T18:00:00,72
train_068291_lead006,train,4,68288,68291,68292,2005-09-28T00:00:00,2005-09-28T18:00:00,2005-09-29T00:00:00,6
train_068291_lead024,train,4,68288,68291,68295,2005-09-28T00:00:00,2005-09-28T18:00:00,2005-09-29T18:00:00,24
train_068291_lead072,train,4,68288,68291,68303,2005-09-28T00:00:00,2005-09-28T18:00:00,2005-10-01T18:00:00,72
train_068320_lead006,train,4,68317,68320,68321,2005-10-05T06:00:00,2005-10-06T00:00:00,2005-10-06T06:00:00,6
train_068320_lead024,train,4,68317,68320,68324,2005-10-05T06:00:00,2005-10-06T00:00:00,2005-10-07T00:00:00,24
train_068320_lead072,train,4,68317,68320,68332,2005-10-05T06:00:00,2005-10-06T00:00:00,2005-10-09T00:00:00,72
train_068348_lead006,train,4,68345,68348,68349,2005-10-12T06:00:00,2005-10-13T00:00:00,2005-10-13T06:00:00,6
train_068348_lead024,train,4,68345,68348,68352,2005-10-12T06:00:00,2005-10-13T00:00:00,2005-10-14T00:00:00,24
train_068348_lead072,train,4,68345,68348,68360,2005-10-12T06:00:00,2005-10-13T00:00:00,2005-10-16T00:00:00,72
train_068377_lead006,train,4,68374,68377,68378,2005-10-19T12:00:00,2005-10-20T06:00:00,2005-10-20T12:00:00,6
train_068377_lead024,train,4,68374,68377,68381,2005-10-19T12:00:00,2005-10-20T06:00:00,2005-10-21T06:00:00,24
train_068377_lead072,train,4,68374,68377,68389,2005-10-19T12:00:00,2005-10-20T06:00:00,2005-10-23T06:00:00,72
train_068405_lead006,train,4,68402,68405,68406,2005-10-26T12:00:00,2005-10-27T06:00:00,2005-10-27T12:00:00,6
train_068405_lead024,train,4,68402,68405,68409,2005-10-26T12:00:00,2005-10-27T06:00:00,2005-10-28T06:00:00,24
train_068405_lead072,train,4,68402,68405,68417,2005-10-26T12:00:00,2005-10-27T06:00:00,2005-10-30T06:00:00,72
train_068434_lead006,train,4,68431,68434,68435,2005-11-02T18:00:00,2005-11-03T12:00:00,2005-11-03T18:00:00,6
train_068434_lead024,train,4,68431,68434,68438,2005-11-02T18:00:00,2005-11-03T12:00:00,2005-11-04T12:00:00,24
train_068434_lead072,train,4,68431,68434,68446,2005-11-02T18:00:00,2005-11-03T12:00:00,2005-11-06T12:00:00,72
train_068463_lead006,train,4,68460,68463,68464,2005-11-10T00:00:00,2005-11-10T18:00:00,2005-11-11T00:00:00,6
train_068463_lead024,train,4,68460,68463,68467,2005-11-10T00:00:00,2005-11-10T18:00:00,2005-11-11T18:00:00,24
train_068463_lead072,train,4,68460,68463,68475,2005-11-10T00:00:00,2005-11-10T18:00:00,2005-11-13T18:00:00,72
train_068491_lead006,train,4,68488,68491,68492,2005-11-17T00:00:00,2005-11-17T18:00:00,2005-11-18T00:00:00,6
train_068491_lead024,train,4,68488,68491,68495,2005-11-17T00:00:00,2005-11-17T18:00:00,2005-11-18T18:00:00,24
train_068491_lead072,train,4,68488,68491,68503,2005-11-17T00:00:00,2005-11-17T18:00:00,2005-11-20T18:00:00,72
train_068520_lead006,train,4,68517,68520,68521,2005-11-24T06:00:00,2005-11-25T00:00:00,2005-11-25T06:00:00,6
train_068520_lead024,train,4,68517,68520,68524,2005-11-24T06:00:00,2005-11-25T00:00:00,2005-11-26T00:00:00,24
train_068520_lead072,train,4,68517,68520,68532,2005-11-24T06:00:00,2005-11-25T00:00:00,2005-11-28T00:00:00,72
train_068548_lead006,train,4,68545,68548,68549,2005-12-01T06:00:00,2005-12-02T00:00:00,2005-12-02T06:00:00,6
train_068548_lead024,train,4,68545,68548,68552,2005-12-01T06:00:00,2005-12-02T00:00:00,2005-12-03T00:00:00,24
train_068548_lead072,train,4,68545,68548,68560,2005-12-01T06:00:00,2005-12-02T00:00:00,2005-12-05T00:00:00,72
train_068577_lead006,train,4,68574,68577,68578,2005-12-08T12:00:00,2005-12-09T06:00:00,2005-12-09T12:00:00,6
train_068577_lead024,train,4,68574,68577,68581,2005-12-08T12:00:00,2005-12-09T06:00:00,2005-12-10T06:00:00,24
train_068577_lead072,train,4,68574,68577,68589,2005-12-08T12:00:00,2005-12-09T06:00:00,2005-12-12T06:00:00,72
train_068605_lead006,train,4,68602,68605,68606,2005-12-15T12:00:00,2005-12-16T06:00:00,2005-12-16T12:00:00,6
train_068605_lead024,train,4,68602,68605,68609,2005-12-15T12:00:00,2005-12-16T06:00:00,2005-12-17T06:00:00,24
train_068605_lead072,train,4,68602,68605,68617,2005-12-15T12:00:00,2005-12-16T06:00:00,2005-12-19T06:00:00,72
train_068634_lead006,train,4,68631,68634,68635,2005-12-22T18:00:00,2005-12-23T12:00:00,2005-12-23T18:00:00,6
train_068634_lead024,train,4,68631,68634,68638,2005-12-22T18:00:00,2005-12-23T12:00:00,2005-12-24T12:00:00,24
train_068634_lead072,train,4,68631,68634,68646,2005-12-22T18:00:00,2005-12-23T12:00:00,2005-12-26T12:00:00,72
train_068662_lead006,train,4,68659,68662,68663,2005-12-29T18:00:00,2005-12-30T12:00:00,2005-12-30T18:00:00,6
train_068662_lead024,train,4,68659,68662,68666,2005-12-29T18:00:00,2005-12-30T12:00:00,2005-12-31T12:00:00,24
train_068662_lead072,train,4,68659,68662,68674,2005-12-29T18:00:00,2005-12-30T12:00:00,2006-01-02T12:00:00,72
train_068691_lead006,train,4,68688,68691,68692,2006-01-06T00:00:00,2006-01-06T18:00:00,2006-01-07T00:00:00,6
train_068691_lead024,train,4,68688,68691,68695,2006-01-06T00:00:00,2006-01-06T18:00:00,2006-01-07T18:00:00,24
train_068691_lead072,train,4,68688,68691,68703,2006-01-06T00:00:00,2006-01-06T18:00:00,2006-01-09T18:00:00,72
train_068719_lead006,train,4,68716,68719,68720,2006-01-13T00:00:00,2006-01-13T18:00:00,2006-01-14T00:00:00,6
train_068719_lead024,train,4,68716,68719,68723,2006-01-13T00:00:00,2006-01-13T18:00:00,2006-01-14T18:00:00,24
train_068719_lead072,train,4,68716,68719,68731,2006-01-13T00:00:00,2006-01-13T18:00:00,2006-01-16T18:00:00,72
train_068748_lead006,train,4,68745,68748,68749,2006-01-20T06:00:00,2006-01-21T00:00:00,2006-01-21T06:00:00,6
train_068748_lead024,train,4,68745,68748,68752,2006-01-20T06:00:00,2006-01-21T00:00:00,2006-01-22T00:00:00,24
train_068748_lead072,train,4,68745,68748,68760,2006-01-20T06:00:00,2006-01-21T00:00:00,2006-01-24T00:00:00,72
train_068776_lead006,train,4,68773,68776,68777,2006-01-27T06:00:00,2006-01-28T00:00:00,2006-01-28T06:00:00,6
train_068776_lead024,train,4,68773,68776,68780,2006-01-27T06:00:00,2006-01-28T00:00:00,2006-01-29T00:00:00,24
train_068776_lead072,train,4,68773,68776,68788,2006-01-27T06:00:00,2006-01-28T00:00:00,2006-01-31T00:00:00,72
train_068805_lead006,train,4,68802,68805,68806,2006-02-03T12:00:00,2006-02-04T06:00:00,2006-02-04T12:00:00,6
train_068805_lead024,train,4,68802,68805,68809,2006-02-03T12:00:00,2006-02-04T06:00:00,2006-02-05T06:00:00,24
train_068805_lead072,train,4,68802,68805,68817,2006-02-03T12:00:00,2006-02-04T06:00:00,2006-02-07T06:00:00,72
train_068833_lead006,train,4,68830,68833,68834,2006-02-10T12:00:00,2006-02-11T06:00:00,2006-02-11T12:00:00,6
train_068833_lead024,train,4,68830,68833,68837,2006-02-10T12:00:00,2006-02-11T06:00:00,2006-02-12T06:00:00,24
train_068833_lead072,train,4,68830,68833,68845,2006-02-10T12:00:00,2006-02-11T06:00:00,2006-02-14T06:00:00,72
train_068862_lead006,train,4,68859,68862,68863,2006-02-17T18:00:00,2006-02-18T12:00:00,2006-02-18T18:00:00,6
train_068862_lead024,train,4,68859,68862,68866,2006-02-17T18:00:00,2006-02-18T12:00:00,2006-02-19T12:00:00,24
train_068862_lead072,train,4,68859,68862,68874,2006-02-17T18:00:00,2006-02-18T12:00:00,2006-02-21T12:00:00,72
train_068890_lead006,train,4,68887,68890,68891,2006-02-24T18:00:00,2006-02-25T12:00:00,2006-02-25T18:00:00,6
train_068890_lead024,train,4,68887,68890,68894,2006-02-24T18:00:00,2006-02-25T12:00:00,2006-02-26T12:00:00,24
train_068890_lead072,train,4,68887,68890,68902,2006-02-24T18:00:00,2006-02-25T12:00:00,2006-02-28T12:00:00,72
train_068919_lead006,train,4,68916,68919,68920,2006-03-04T00:00:00,2006-03-04T18:00:00,2006-03-05T00:00:00,6
train_068919_lead024,train,4,68916,68919,68923,2006-03-04T00:00:00,2006-03-04T18:00:00,2006-03-05T18:00:00,24
train_068919_lead072,train,4,68916,68919,68931,2006-03-04T00:00:00,2006-03-04T18:00:00,2006-03-07T18:00:00,72
train_068948_lead006,train,4,68945,68948,68949,2006-03-11T06:00:00,2006-03-12T00:00:00,2006-03-12T06:00:00,6
train_068948_lead024,train,4,68945,68948,68952,2006-03-11T06:00:00,2006-03-12T00:00:00,2006-03-13T00:00:00,24
train_068948_lead072,train,4,68945,68948,68960,2006-03-11T06:00:00,2006-03-12T00:00:00,2006-03-15T00:00:00,72
train_068976_lead006,train,4,68973,68976,68977,2006-03-18T06:00:00,2006-03-19T00:00:00,2006-03-19T06:00:00,6
train_068976_lead024,train,4,68973,68976,68980,2006-03-18T06:00:00,2006-03-19T00:00:00,2006-03-20T00:00:00,24
train_068976_lead072,train,4,68973,68976,68988,2006-03-18T06:00:00,2006-03-19T00:00:00,2006-03-22T00:00:00,72
train_069005_lead006,train,4,69002,69005,69006,2006-03-25T12:00:00,2006-03-26T06:00:00,2006-03-26T12:00:00,6
train_069005_lead024,train,4,69002,69005,69009,2006-03-25T12:00:00,2006-03-26T06:00:00,2006-03-27T06:00:00,24
train_069005_lead072,train,4,69002,69005,69017,2006-03-25T12:00:00,2006-03-26T06:00:00,2006-03-29T06:00:00,72
train_069033_lead006,train,4,69030,69033,69034,2006-04-01T12:00:00,2006-04-02T06:00:00,2006-04-02T12:00:00,6
train_069033_lead024,train,4,69030,69033,69037,2006-04-01T12:00:00,2006-04-02T06:00:00,2006-04-03T06:00:00,24
train_069033_lead072,train,4,69030,69033,69045,2006-04-01T12:00:00,2006-04-02T06:00:00,2006-04-05T06:00:00,72
train_069062_lead006,train,4,69059,69062,69063,2006-04-08T18:00:00,2006-04-09T12:00:00,2006-04-09T18:00:00,6
train_069062_lead024,train,4,69059,69062,69066,2006-04-08T18:00:00,2006-04-09T12:00:00,2006-04-10T12:00:00,24
train_069062_lead072,train,4,69059,69062,69074,2006-04-08T18:00:00,2006-04-09T12:00:00,2006-04-12T12:00:00,72
train_069090_lead006,train,4,69087,69090,69091,2006-04-15T18:00:00,2006-04-16T12:00:00,2006-04-16T18:00:00,6
train_069090_lead024,train,4,69087,69090,69094,2006-04-15T18:00:00,2006-04-16T12:00:00,2006-04-17T12:00:00,24
train_069090_lead072,train,4,69087,69090,69102,2006-04-15T18:00:00,2006-04-16T12:00:00,2006-04-19T12:00:00,72
train_069119_lead006,train,4,69116,69119,69120,2006-04-23T00:00:00,2006-04-23T18:00:00,2006-04-24T00:00:00,6
train_069119_lead024,train,4,69116,69119,69123,2006-04-23T00:00:00,2006-04-23T18:00:00,2006-04-24T18:00:00,24
train_069119_lead072,train,4,69116,69119,69131,2006-04-23T00:00:00,2006-04-23T18:00:00,2006-04-26T18:00:00,72
train_069147_lead006,train,4,69144,69147,69148,2006-04-30T00:00:00,2006-04-30T18:00:00,2006-05-01T00:00:00,6
train_069147_lead024,train,4,69144,69147,69151,2006-04-30T00:00:00,2006-04-30T18:00:00,2006-05-01T18:00:00,24
train_069147_lead072,train,4,69144,69147,69159,2006-04-30T00:00:00,2006-04-30T18:00:00,2006-05-03T18:00:00,72
train_069176_lead006,train,4,69173,69176,69177,2006-05-07T06:00:00,2006-05-08T00:00:00,2006-05-08T06:00:00,6
train_069176_lead024,train,4,69173,69176,69180,2006-05-07T06:00:00,2006-05-08T00:00:00,2006-05-09T00:00:00,24
train_069176_lead072,train,4,69173,69176,69188,2006-05-07T06:00:00,2006-05-08T00:00:00,2006-05-11T00:00:00,72
train_069204_lead006,train,4,69201,69204,69205,2006-05-14T06:00:00,2006-05-15T00:00:00,2006-05-15T06:00:00,6
train_069204_lead024,train,4,69201,69204,69208,2006-05-14T06:00:00,2006-05-15T00:00:00,2006-05-16T00:00:00,24
train_069204_lead072,train,4,69201,69204,69216,2006-05-14T06:00:00,2006-05-15T00:00:00,2006-05-18T00:00:00,72
train_069233_lead006,train,4,69230,69233,69234,2006-05-21T12:00:00,2006-05-22T06:00:00,2006-05-22T12:00:00,6
train_069233_lead024,train,4,69230,69233,69237,2006-05-21T12:00:00,2006-05-22T06:00:00,2006-05-23T06:00:00,24
train_069233_lead072,train,4,69230,69233,69245,2006-05-21T12:00:00,2006-05-22T06:00:00,2006-05-25T06:00:00,72
train_069261_lead006,train,4,69258,69261,69262,2006-05-28T12:00:00,2006-05-29T06:00:00,2006-05-29T12:00:00,6
train_069261_lead024,train,4,69258,69261,69265,2006-05-28T12:00:00,2006-05-29T06:00:00,2006-05-30T06:00:00,24
train_069261_lead072,train,4,69258,69261,69273,2006-05-28T12:00:00,2006-05-29T06:00:00,2006-06-01T06:00:00,72
train_069290_lead006,train,4,69287,69290,69291,2006-06-04T18:00:00,2006-06-05T12:00:00,2006-06-05T18:00:00,6
train_069290_lead024,train,4,69287,69290,69294,2006-06-04T18:00:00,2006-06-05T12:00:00,2006-06-06T12:00:00,24
train_069290_lead072,train,4,69287,69290,69302,2006-06-04T18:00:00,2006-06-05T12:00:00,2006-06-08T12:00:00,72
train_069318_lead006,train,4,69315,69318,69319,2006-06-11T18:00:00,2006-06-12T12:00:00,2006-06-12T18:00:00,6
train_069318_lead024,train,4,69315,69318,69322,2006-06-11T18:00:00,2006-06-12T12:00:00,2006-06-13T12:00:00,24
train_069318_lead072,train,4,69315,69318,69330,2006-06-11T18:00:00,2006-06-12T12:00:00,2006-06-15T12:00:00,72
train_069347_lead006,train,4,69344,69347,69348,2006-06-19T00:00:00,2006-06-19T18:00:00,2006-06-20T00:00:00,6
train_069347_lead024,train,4,69344,69347,69351,2006-06-19T00:00:00,2006-06-19T18:00:00,2006-06-20T18:00:00,24
train_069347_lead072,train,4,69344,69347,69359,2006-06-19T00:00:00,2006-06-19T18:00:00,2006-06-22T18:00:00,72
train_069375_lead006,train,4,69372,69375,69376,2006-06-26T00:00:00,2006-06-26T18:00:00,2006-06-27T00:00:00,6
train_069375_lead024,train,4,69372,69375,69379,2006-06-26T00:00:00,2006-06-26T18:00:00,2006-06-27T18:00:00,24
train_069375_lead072,train,4,69372,69375,69387,2006-06-26T00:00:00,2006-06-26T18:00:00,2006-06-29T18:00:00,72
train_069404_lead006,train,4,69401,69404,69405,2006-07-03T06:00:00,2006-07-04T00:00:00,2006-07-04T06:00:00,6
train_069404_lead024,train,4,69401,69404,69408,2006-07-03T06:00:00,2006-07-04T00:00:00,2006-07-05T00:00:00,24
train_069404_lead072,train,4,69401,69404,69416,2006-07-03T06:00:00,2006-07-04T00:00:00,2006-07-07T00:00:00,72
train_069432_lead006,train,4,69429,69432,69433,2006-07-10T06:00:00,2006-07-11T00:00:00,2006-07-11T06:00:00,6
train_069432_lead024,train,4,69429,69432,69436,2006-07-10T06:00:00,2006-07-11T00:00:00,2006-07-12T00:00:00,24
train_069432_lead072,train,4,69429,69432,69444,2006-07-10T06:00:00,2006-07-11T00:00:00,2006-07-14T00:00:00,72
train_069461_lead006,train,4,69458,69461,69462,2006-07-17T12:00:00,2006-07-18T06:00:00,2006-07-18T12:00:00,6
train_069461_lead024,train,4,69458,69461,69465,2006-07-17T12:00:00,2006-07-18T06:00:00,2006-07-19T06:00:00,24
train_069461_lead072,train,4,69458,69461,69473,2006-07-17T12:00:00,2006-07-18T06:00:00,2006-07-21T06:00:00,72
train_069490_lead006,train,4,69487,69490,69491,2006-07-24T18:00:00,2006-07-25T12:00:00,2006-07-25T18:00:00,6
train_069490_lead024,train,4,69487,69490,69494,2006-07-24T18:00:00,2006-07-25T12:00:00,2006-07-26T12:00:00,24
train_069490_lead072,train,4,69487,69490,69502,2006-07-24T18:00:00,2006-07-25T12:00:00,2006-07-28T12:00:00,72
train_069518_lead006,train,4,69515,69518,69519,2006-07-31T18:00:00,2006-08-01T12:00:00,2006-08-01T18:00:00,6
train_069518_lead024,train,4,69515,69518,69522,2006-07-31T18:00:00,2006-08-01T12:00:00,2006-08-02T12:00:00,24
train_069518_lead072,train,4,69515,69518,69530,2006-07-31T18:00:00,2006-08-01T12:00:00,2006-08-04T12:00:00,72
train_069547_lead006,train,4,69544,69547,69548,2006-08-08T00:00:00,2006-08-08T18:00:00,2006-08-09T00:00:00,6
train_069547_lead024,train,4,69544,69547,69551,2006-08-08T00:00:00,2006-08-08T18:00:00,2006-08-09T18:00:00,24
train_069547_lead072,train,4,69544,69547,69559,2006-08-08T00:00:00,2006-08-08T18:00:00,2006-08-11T18:00:00,72
train_069575_lead006,train,4,69572,69575,69576,2006-08-15T00:00:00,2006-08-15T18:00:00,2006-08-16T00:00:00,6
train_069575_lead024,train,4,69572,69575,69579,2006-08-15T00:00:00,2006-08-15T18:00:00,2006-08-16T18:00:00,24
train_069575_lead072,train,4,69572,69575,69587,2006-08-15T00:00:00,2006-08-15T18:00:00,2006-08-18T18:00:00,72
train_069604_lead006,train,4,69601,69604,69605,2006-08-22T06:00:00,2006-08-23T00:00:00,2006-08-23T06:00:00,6
train_069604_lead024,train,4,69601,69604,69608,2006-08-22T06:00:00,2006-08-23T00:00:00,2006-08-24T00:00:00,24
train_069604_lead072,train,4,69601,69604,69616,2006-08-22T06:00:00,2006-08-23T00:00:00,2006-08-26T00:00:00,72
train_069632_lead006,train,4,69629,69632,69633,2006-08-29T06:00:00,2006-08-30T00:00:00,2006-08-30T06:00:00,6
train_069632_lead024,train,4,69629,69632,69636,2006-08-29T06:00:00,2006-08-30T00:00:00,2006-08-31T00:00:00,24
train_069632_lead072,train,4,69629,69632,69644,2006-08-29T06:00:00,2006-08-30T00:00:00,2006-09-02T00:00:00,72
train_069661_lead006,train,4,69658,69661,69662,2006-09-05T12:00:00,2006-09-06T06:00:00,2006-09-06T12:00:00,6
train_069661_lead024,train,4,69658,69661,69665,2006-09-05T12:00:00,2006-09-06T06:00:00,2006-09-07T06:00:00,24
train_069661_lead072,train,4,69658,69661,69673,2006-09-05T12:00:00,2006-09-06T06:00:00,2006-09-09T06:00:00,72
train_069689_lead006,train,4,69686,69689,69690,2006-09-12T12:00:00,2006-09-13T06:00:00,2006-09-13T12:00:00,6
train_069689_lead024,train,4,69686,69689,69693,2006-09-12T12:00:00,2006-09-13T06:00:00,2006-09-14T06:00:00,24
train_069689_lead072,train,4,69686,69689,69701,2006-09-12T12:00:00,2006-09-13T06:00:00,2006-09-16T06:00:00,72
train_069718_lead006,train,4,69715,69718,69719,2006-09-19T18:00:00,2006-09-20T12:00:00,2006-09-20T18:00:00,6
train_069718_lead024,train,4,69715,69718,69722,2006-09-19T18:00:00,2006-09-20T12:00:00,2006-09-21T12:00:00,24
train_069718_lead072,train,4,69715,69718,69730,2006-09-19T18:00:00,2006-09-20T12:00:00,2006-09-23T12:00:00,72
train_069746_lead006,train,4,69743,69746,69747,2006-09-26T18:00:00,2006-09-27T12:00:00,2006-09-27T18:00:00,6
train_069746_lead024,train,4,69743,69746,69750,2006-09-26T18:00:00,2006-09-27T12:00:00,2006-09-28T12:00:00,24
train_069746_lead072,train,4,69743,69746,69758,2006-09-26T18:00:00,2006-09-27T12:00:00,2006-09-30T12:00:00,72
train_069775_lead006,train,4,69772,69775,69776,2006-10-04T00:00:00,2006-10-04T18:00:00,2006-10-05T00:00:00,6
train_069775_lead024,train,4,69772,69775,69779,2006-10-04T00:00:00,2006-10-04T18:00:00,2006-10-05T18:00:00,24
train_069775_lead072,train,4,69772,69775,69787,2006-10-04T00:00:00,2006-10-04T18:00:00,2006-10-07T18:00:00,72
train_069803_lead006,train,4,69800,69803,69804,2006-10-11T00:00:00,2006-10-11T18:00:00,2006-10-12T00:00:00,6
train_069803_lead024,train,4,69800,69803,69807,2006-10-11T00:00:00,2006-10-11T18:00:00,2006-10-12T18:00:00,24
train_069803_lead072,train,4,69800,69803,69815,2006-10-11T00:00:00,2006-10-11T18:00:00,2006-10-14T18:00:00,72
train_069832_lead006,train,4,69829,69832,69833,2006-10-18T06:00:00,2006-10-19T00:00:00,2006-10-19T06:00:00,6
train_069832_lead024,train,4,69829,69832,69836,2006-10-18T06:00:00,2006-10-19T00:00:00,2006-10-20T00:00:00,24
train_069832_lead072,train,4,69829,69832,69844,2006-10-18T06:00:00,2006-10-19T00:00:00,2006-10-22T00:00:00,72
train_069860_lead006,train,4,69857,69860,69861,2006-10-25T06:00:00,2006-10-26T00:00:00,2006-10-26T06:00:00,6
train_069860_lead024,train,4,69857,69860,69864,2006-10-25T06:00:00,2006-10-26T00:00:00,2006-10-27T00:00:00,24
train_069860_lead072,train,4,69857,69860,69872,2006-10-25T06:00:00,2006-10-26T00:00:00,2006-10-29T00:00:00,72
train_069889_lead006,train,4,69886,69889,69890,2006-11-01T12:00:00,2006-11-02T06:00:00,2006-11-02T12:00:00,6
train_069889_lead024,train,4,69886,69889,69893,2006-11-01T12:00:00,2006-11-02T06:00:00,2006-11-03T06:00:00,24
train_069889_lead072,train,4,69886,69889,69901,2006-11-01T12:00:00,2006-11-02T06:00:00,2006-11-05T06:00:00,72
train_069917_lead006,train,4,69914,69917,69918,2006-11-08T12:00:00,2006-11-09T06:00:00,2006-11-09T12:00:00,6
train_069917_lead024,train,4,69914,69917,69921,2006-11-08T12:00:00,2006-11-09T06:00:00,2006-11-10T06:00:00,24
train_069917_lead072,train,4,69914,69917,69929,2006-11-08T12:00:00,2006-11-09T06:00:00,2006-11-12T06:00:00,72
train_069946_lead006,train,4,69943,69946,69947,2006-11-15T18:00:00,2006-11-16T12:00:00,2006-11-16T18:00:00,6
train_069946_lead024,train,4,69943,69946,69950,2006-11-15T18:00:00,2006-11-16T12:00:00,2006-11-17T12:00:00,24
train_069946_lead072,train,4,69943,69946,69958,2006-11-15T18:00:00,2006-11-16T12:00:00,2006-11-19T12:00:00,72
train_069975_lead006,train,4,69972,69975,69976,2006-11-23T00:00:00,2006-11-23T18:00:00,2006-11-24T00:00:00,6
train_069975_lead024,train,4,69972,69975,69979,2006-11-23T00:00:00,2006-11-23T18:00:00,2006-11-24T18:00:00,24
train_069975_lead072,train,4,69972,69975,69987,2006-11-23T00:00:00,2006-11-23T18:00:00,2006-11-26T18:00:00,72
train_070003_lead006,train,4,70000,70003,70004,2006-11-30T00:00:00,2006-11-30T18:00:00,2006-12-01T00:00:00,6
train_070003_lead024,train,4,70000,70003,70007,2006-11-30T00:00:00,2006-11-30T18:00:00,2006-12-01T18:00:00,24
train_070003_lead072,train,4,70000,70003,70015,2006-11-30T00:00:00,2006-11-30T18:00:00,2006-12-03T18:00:00,72
train_070032_lead006,train,4,70029,70032,70033,2006-12-07T06:00:00,2006-12-08T00:00:00,2006-12-08T06:00:00,6
train_070032_lead024,train,4,70029,70032,70036,2006-12-07T06:00:00,2006-12-08T00:00:00,2006-12-09T00:00:00,24
train_070032_lead072,train,4,70029,70032,70044,2006-12-07T06:00:00,2006-12-08T00:00:00,2006-12-11T00:00:00,72
train_070060_lead006,train,4,70057,70060,70061,2006-12-14T06:00:00,2006-12-15T00:00:00,2006-12-15T06:00:00,6
train_070060_lead024,train,4,70057,70060,70064,2006-12-14T06:00:00,2006-12-15T00:00:00,2006-12-16T00:00:00,24
train_070060_lead072,train,4,70057,70060,70072,2006-12-14T06:00:00,2006-12-15T00:00:00,2006-12-18T00:00:00,72
train_070089_lead006,train,4,70086,70089,70090,2006-12-21T12:00:00,2006-12-22T06:00:00,2006-12-22T12:00:00,6
train_070089_lead024,train,4,70086,70089,70093,2006-12-21T12:00:00,2006-12-22T06:00:00,2006-12-23T06:00:00,24
train_070089_lead072,train,4,70086,70089,70101,2006-12-21T12:00:00,2006-12-22T06:00:00,2006-12-25T06:00:00,72
train_070117_lead006,train,4,70114,70117,70118,2006-12-28T12:00:00,2006-12-29T06:00:00,2006-12-29T12:00:00,6
train_070117_lead024,train,4,70114,70117,70121,2006-12-28T12:00:00,2006-12-29T06:00:00,2006-12-30T06:00:00,24
train_070117_lead072,train,4,70114,70117,70129,2006-12-28T12:00:00,2006-12-29T06:00:00,2007-01-01T06:00:00,72
train_070146_lead006,train,4,70143,70146,70147,2007-01-04T18:00:00,2007-01-05T12:00:00,2007-01-05T18:00:00,6
train_070146_lead024,train,4,70143,70146,70150,2007-01-04T18:00:00,2007-01-05T12:00:00,2007-01-06T12:00:00,24
train_070146_lead072,train,4,70143,70146,70158,2007-01-04T18:00:00,2007-01-05T12:00:00,2007-01-08T12:00:00,72
train_070174_lead006,train,4,70171,70174,70175,2007-01-11T18:00:00,2007-01-12T12:00:00,2007-01-12T18:00:00,6
train_070174_lead024,train,4,70171,70174,70178,2007-01-11T18:00:00,2007-01-12T12:00:00,2007-01-13T12:00:00,24
train_070174_lead072,train,4,70171,70174,70186,2007-01-11T18:00:00,2007-01-12T12:00:00,2007-01-15T12:00:00,72
train_070203_lead006,train,4,70200,70203,70204,2007-01-19T00:00:00,2007-01-19T18:00:00,2007-01-20T00:00:00,6
train_070203_lead024,train,4,70200,70203,70207,2007-01-19T00:00:00,2007-01-19T18:00:00,2007-01-20T18:00:00,24
train_070203_lead072,train,4,70200,70203,70215,2007-01-19T00:00:00,2007-01-19T18:00:00,2007-01-22T18:00:00,72
train_070231_lead006,train,4,70228,70231,70232,2007-01-26T00:00:00,2007-01-26T18:00:00,2007-01-27T00:00:00,6
train_070231_lead024,train,4,70228,70231,70235,2007-01-26T00:00:00,2007-01-26T18:00:00,2007-01-27T18:00:00,24
train_070231_lead072,train,4,70228,70231,70243,2007-01-26T00:00:00,2007-01-26T18:00:00,2007-01-29T18:00:00,72
train_070260_lead006,train,4,70257,70260,70261,2007-02-02T06:00:00,2007-02-03T00:00:00,2007-02-03T06:00:00,6
train_070260_lead024,train,4,70257,70260,70264,2007-02-02T06:00:00,2007-02-03T00:00:00,2007-02-04T00:00:00,24
train_070260_lead072,train,4,70257,70260,70272,2007-02-02T06:00:00,2007-02-03T00:00:00,2007-02-06T00:00:00,72
train_070288_lead006,train,4,70285,70288,70289,2007-02-09T06:00:00,2007-02-10T00:00:00,2007-02-10T06:00:00,6
train_070288_lead024,train,4,70285,70288,70292,2007-02-09T06:00:00,2007-02-10T00:00:00,2007-02-11T00:00:00,24
train_070288_lead072,train,4,70285,70288,70300,2007-02-09T06:00:00,2007-02-10T00:00:00,2007-02-13T00:00:00,72
train_070317_lead006,train,4,70314,70317,70318,2007-02-16T12:00:00,2007-02-17T06:00:00,2007-02-17T12:00:00,6
train_070317_lead024,train,4,70314,70317,70321,2007-02-16T12:00:00,2007-02-17T06:00:00,2007-02-18T06:00:00,24
train_070317_lead072,train,4,70314,70317,70329,2007-02-16T12:00:00,2007-02-17T06:00:00,2007-02-20T06:00:00,72
train_070345_lead006,train,4,70342,70345,70346,2007-02-23T12:00:00,2007-02-24T06:00:00,2007-02-24T12:00:00,6
train_070345_lead024,train,4,70342,70345,70349,2007-02-23T12:00:00,2007-02-24T06:00:00,2007-02-25T06:00:00,24
train_070345_lead072,train,4,70342,70345,70357,2007-02-23T12:00:00,2007-02-24T06:00:00,2007-02-27T06:00:00,72
train_070374_lead006,train,4,70371,70374,70375,2007-03-02T18:00:00,2007-03-03T12:00:00,2007-03-03T18:00:00,6
train_070374_lead024,train,4,70371,70374,70378,2007-03-02T18:00:00,2007-03-03T12:00:00,2007-03-04T12:00:00,24
train_070374_lead072,train,4,70371,70374,70386,2007-03-02T18:00:00,2007-03-03T12:00:00,2007-03-06T12:00:00,72
train_070402_lead006,train,4,70399,70402,70403,2007-03-09T18:00:00,2007-03-10T12:00:00,2007-03-10T18:00:00,6
train_070402_lead024,train,4,70399,70402,70406,2007-03-09T18:00:00,2007-03-10T12:00:00,2007-03-11T12:00:00,24
train_070402_lead072,train,4,70399,70402,70414,2007-03-09T18:00:00,2007-03-10T12:00:00,2007-03-13T12:00:00,72
train_070431_lead006,train,4,70428,70431,70432,2007-03-17T00:00:00,2007-03-17T18:00:00,2007-03-18T00:00:00,6
train_070431_lead024,train,4,70428,70431,70435,2007-03-17T00:00:00,2007-03-17T18:00:00,2007-03-18T18:00:00,24
train_070431_lead072,train,4,70428,70431,70443,2007-03-17T00:00:00,2007-03-17T18:00:00,2007-03-20T18:00:00,72
train_070459_lead006,train,4,70456,70459,70460,2007-03-24T00:00:00,2007-03-24T18:00:00,2007-03-25T00:00:00,6
train_070459_lead024,train,4,70456,70459,70463,2007-03-24T00:00:00,2007-03-24T18:00:00,2007-03-25T18:00:00,24
train_070459_lead072,train,4,70456,70459,70471,2007-03-24T00:00:00,2007-03-24T18:00:00,2007-03-27T18:00:00,72
train_070488_lead006,train,4,70485,70488,70489,2007-03-31T06:00:00,2007-04-01T00:00:00,2007-04-01T06:00:00,6
train_070488_lead024,train,4,70485,70488,70492,2007-03-31T06:00:00,2007-04-01T00:00:00,2007-04-02T00:00:00,24
train_070488_lead072,train,4,70485,70488,70500,2007-03-31T06:00:00,2007-04-01T00:00:00,2007-04-04T00:00:00,72
train_070517_lead006,train,4,70514,70517,70518,2007-04-07T12:00:00,2007-04-08T06:00:00,2007-04-08T12:00:00,6
train_070517_lead024,train,4,70514,70517,70521,2007-04-07T12:00:00,2007-04-08T06:00:00,2007-04-09T06:00:00,24
train_070517_lead072,train,4,70514,70517,70529,2007-04-07T12:00:00,2007-04-08T06:00:00,2007-04-11T06:00:00,72
train_070545_lead006,train,4,70542,70545,70546,2007-04-14T12:00:00,2007-04-15T06:00:00,2007-04-15T12:00:00,6
train_070545_lead024,train,4,70542,70545,70549,2007-04-14T12:00:00,2007-04-15T06:00:00,2007-04-16T06:00:00,24
train_070545_lead072,train,4,70542,70545,70557,2007-04-14T12:00:00,2007-04-15T06:00:00,2007-04-18T06:00:00,72
train_070574_lead006,train,4,70571,70574,70575,2007-04-21T18:00:00,2007-04-22T12:00:00,2007-04-22T18:00:00,6
train_070574_lead024,train,4,70571,70574,70578,2007-04-21T18:00:00,2007-04-22T12:00:00,2007-04-23T12:00:00,24
train_070574_lead072,train,4,70571,70574,70586,2007-04-21T18:00:00,2007-04-22T12:00:00,2007-04-25T12:00:00,72
train_070602_lead006,train,4,70599,70602,70603,2007-04-28T18:00:00,2007-04-29T12:00:00,2007-04-29T18:00:00,6
train_070602_lead024,train,4,70599,70602,70606,2007-04-28T18:00:00,2007-04-29T12:00:00,2007-04-30T12:00:00,24
train_070602_lead072,train,4,70599,70602,70614,2007-04-28T18:00:00,2007-04-29T12:00:00,2007-05-02T12:00:00,72
train_070631_lead006,train,4,70628,70631,70632,2007-05-06T00:00:00,2007-05-06T18:00:00,2007-05-07T00:00:00,6
train_070631_lead024,train,4,70628,70631,70635,2007-05-06T00:00:00,2007-05-06T18:00:00,2007-05-07T18:00:00,24
train_070631_lead072,train,4,70628,70631,70643,2007-05-06T00:00:00,2007-05-06T18:00:00,2007-05-09T18:00:00,72
train_070659_lead006,train,4,70656,70659,70660,2007-05-13T00:00:00,2007-05-13T18:00:00,2007-05-14T00:00:00,6
train_070659_lead024,train,4,70656,70659,70663,2007-05-13T00:00:00,2007-05-13T18:00:00,2007-05-14T18:00:00,24
train_070659_lead072,train,4,70656,70659,70671,2007-05-13T00:00:00,2007-05-13T18:00:00,2007-05-16T18:00:00,72
train_070688_lead006,train,4,70685,70688,70689,2007-05-20T06:00:00,2007-05-21T00:00:00,2007-05-21T06:00:00,6
train_070688_lead024,train,4,70685,70688,70692,2007-05-20T06:00:00,2007-05-21T00:00:00,2007-05-22T00:00:00,24
train_070688_lead072,train,4,70685,70688,70700,2007-05-20T06:00:00,2007-05-21T00:00:00,2007-05-24T00:00:00,72
train_070716_lead006,train,4,70713,70716,70717,2007-05-27T06:00:00,2007-05-28T00:00:00,2007-05-28T06:00:00,6
train_070716_lead024,train,4,70713,70716,70720,2007-05-27T06:00:00,2007-05-28T00:00:00,2007-05-29T00:00:00,24
train_070716_lead072,train,4,70713,70716,70728,2007-05-27T06:00:00,2007-05-28T00:00:00,2007-05-31T00:00:00,72
train_070745_lead006,train,4,70742,70745,70746,2007-06-03T12:00:00,2007-06-04T06:00:00,2007-06-04T12:00:00,6
train_070745_lead024,train,4,70742,70745,70749,2007-06-03T12:00:00,2007-06-04T06:00:00,2007-06-05T06:00:00,24
train_070745_lead072,train,4,70742,70745,70757,2007-06-03T12:00:00,2007-06-04T06:00:00,2007-06-07T06:00:00,72
train_070773_lead006,train,4,70770,70773,70774,2007-06-10T12:00:00,2007-06-11T06:00:00,2007-06-11T12:00:00,6
train_070773_lead024,train,4,70770,70773,70777,2007-06-10T12:00:00,2007-06-11T06:00:00,2007-06-12T06:00:00,24
train_070773_lead072,train,4,70770,70773,70785,2007-06-10T12:00:00,2007-06-11T06:00:00,2007-06-14T06:00:00,72
train_070802_lead006,train,4,70799,70802,70803,2007-06-17T18:00:00,2007-06-18T12:00:00,2007-06-18T18:00:00,6
train_070802_lead024,train,4,70799,70802,70806,2007-06-17T18:00:00,2007-06-18T12:00:00,2007-06-19T12:00:00,24
train_070802_lead072,train,4,70799,70802,70814,2007-06-17T18:00:00,2007-06-18T12:00:00,2007-06-21T12:00:00,72
train_070830_lead006,train,4,70827,70830,70831,2007-06-24T18:00:00,2007-06-25T12:00:00,2007-06-25T18:00:00,6
train_070830_lead024,train,4,70827,70830,70834,2007-06-24T18:00:00,2007-06-25T12:00:00,2007-06-26T12:00:00,24
train_070830_lead072,train,4,70827,70830,70842,2007-06-24T18:00:00,2007-06-25T12:00:00,2007-06-28T12:00:00,72
train_070859_lead006,train,4,70856,70859,70860,2007-07-02T00:00:00,2007-07-02T18:00:00,2007-07-03T00:00:00,6
train_070859_lead024,train,4,70856,70859,70863,2007-07-02T00:00:00,2007-07-02T18:00:00,2007-07-03T18:00:00,24
train_070859_lead072,train,4,70856,70859,70871,2007-07-02T00:00:00,2007-07-02T18:00:00,2007-07-05T18:00:00,72
train_070887_lead006,train,4,70884,70887,70888,2007-07-09T00:00:00,2007-07-09T18:00:00,2007-07-10T00:00:00,6
train_070887_lead024,train,4,70884,70887,70891,2007-07-09T00:00:00,2007-07-09T18:00:00,2007-07-10T18:00:00,24
train_070887_lead072,train,4,70884,70887,70899,2007-07-09T00:00:00,2007-07-09T18:00:00,2007-07-12T18:00:00,72
train_070916_lead006,train,4,70913,70916,70917,2007-07-16T06:00:00,2007-07-17T00:00:00,2007-07-17T06:00:00,6
train_070916_lead024,train,4,70913,70916,70920,2007-07-16T06:00:00,2007-07-17T00:00:00,2007-07-18T00:00:00,24
train_070916_lead072,train,4,70913,70916,70928,2007-07-16T06:00:00,2007-07-17T00:00:00,2007-07-20T00:00:00,72
train_070944_lead006,train,4,70941,70944,70945,2007-07-23T06:00:00,2007-07-24T00:00:00,2007-07-24T06:00:00,6
train_070944_lead024,train,4,70941,70944,70948,2007-07-23T06:00:00,2007-07-24T00:00:00,2007-07-25T00:00:00,24
train_070944_lead072,train,4,70941,70944,70956,2007-07-23T06:00:00,2007-07-24T00:00:00,2007-07-27T00:00:00,72
train_070973_lead006,train,4,70970,70973,70974,2007-07-30T12:00:00,2007-07-31T06:00:00,2007-07-31T12:00:00,6
train_070973_lead024,train,4,70970,70973,70977,2007-07-30T12:00:00,2007-07-31T06:00:00,2007-08-01T06:00:00,24
train_070973_lead072,train,4,70970,70973,70985,2007-07-30T12:00:00,2007-07-31T06:00:00,2007-08-03T06:00:00,72
train_071002_lead006,train,4,70999,71002,71003,2007-08-06T18:00:00,2007-08-07T12:00:00,2007-08-07T18:00:00,6
train_071002_lead024,train,4,70999,71002,71006,2007-08-06T18:00:00,2007-08-07T12:00:00,2007-08-08T12:00:00,24
train_071002_lead072,train,4,70999,71002,71014,2007-08-06T18:00:00,2007-08-07T12:00:00,2007-08-10T12:00:00,72
train_071030_lead006,train,4,71027,71030,71031,2007-08-13T18:00:00,2007-08-14T12:00:00,2007-08-14T18:00:00,6
train_071030_lead024,train,4,71027,71030,71034,2007-08-13T18:00:00,2007-08-14T12:00:00,2007-08-15T12:00:00,24
train_071030_lead072,train,4,71027,71030,71042,2007-08-13T18:00:00,2007-08-14T12:00:00,2007-08-17T12:00:00,72
train_071059_lead006,train,4,71056,71059,71060,2007-08-21T00:00:00,2007-08-21T18:00:00,2007-08-22T00:00:00,6
train_071059_lead024,train,4,71056,71059,71063,2007-08-21T00:00:00,2007-08-21T18:00:00,2007-08-22T18:00:00,24
train_071059_lead072,train,4,71056,71059,71071,2007-08-21T00:00:00,2007-08-21T18:00:00,2007-08-24T18:00:00,72
train_071087_lead006,train,4,71084,71087,71088,2007-08-28T00:00:00,2007-08-28T18:00:00,2007-08-29T00:00:00,6
train_071087_lead024,train,4,71084,71087,71091,2007-08-28T00:00:00,2007-08-28T18:00:00,2007-08-29T18:00:00,24
train_071087_lead072,train,4,71084,71087,71099,2007-08-28T00:00:00,2007-08-28T18:00:00,2007-08-31T18:00:00,72
train_071116_lead006,train,4,71113,71116,71117,2007-09-04T06:00:00,2007-09-05T00:00:00,2007-09-05T06:00:00,6
train_071116_lead024,train,4,71113,71116,71120,2007-09-04T06:00:00,2007-09-05T00:00:00,2007-09-06T00:00:00,24
train_071116_lead072,train,4,71113,71116,71128,2007-09-04T06:00:00,2007-09-05T00:00:00,2007-09-08T00:00:00,72
train_071144_lead006,train,4,71141,71144,71145,2007-09-11T06:00:00,2007-09-12T00:00:00,2007-09-12T06:00:00,6
train_071144_lead024,train,4,71141,71144,71148,2007-09-11T06:00:00,2007-09-12T00:00:00,2007-09-13T00:00:00,24
train_071144_lead072,train,4,71141,71144,71156,2007-09-11T06:00:00,2007-09-12T00:00:00,2007-09-15T00:00:00,72
train_071173_lead006,train,4,71170,71173,71174,2007-09-18T12:00:00,2007-09-19T06:00:00,2007-09-19T12:00:00,6
train_071173_lead024,train,4,71170,71173,71177,2007-09-18T12:00:00,2007-09-19T06:00:00,2007-09-20T06:00:00,24
train_071173_lead072,train,4,71170,71173,71185,2007-09-18T12:00:00,2007-09-19T06:00:00,2007-09-22T06:00:00,72
train_071201_lead006,train,4,71198,71201,71202,2007-09-25T12:00:00,2007-09-26T06:00:00,2007-09-26T12:00:00,6
train_071201_lead024,train,4,71198,71201,71205,2007-09-25T12:00:00,2007-09-26T06:00:00,2007-09-27T06:00:00,24
train_071201_lead072,train,4,71198,71201,71213,2007-09-25T12:00:00,2007-09-26T06:00:00,2007-09-29T06:00:00,72
train_071230_lead006,train,4,71227,71230,71231,2007-10-02T18:00:00,2007-10-03T12:00:00,2007-10-03T18:00:00,6
train_071230_lead024,train,4,71227,71230,71234,2007-10-02T18:00:00,2007-10-03T12:00:00,2007-10-04T12:00:00,24
train_071230_lead072,train,4,71227,71230,71242,2007-10-02T18:00:00,2007-10-03T12:00:00,2007-10-06T12:00:00,72
train_071258_lead006,train,4,71255,71258,71259,2007-10-09T18:00:00,2007-10-10T12:00:00,2007-10-10T18:00:00,6
train_071258_lead024,train,4,71255,71258,71262,2007-10-09T18:00:00,2007-10-10T12:00:00,2007-10-11T12:00:00,24
train_071258_lead072,train,4,71255,71258,71270,2007-10-09T18:00:00,2007-10-10T12:00:00,2007-10-13T12:00:00,72
train_071287_lead006,train,4,71284,71287,71288,2007-10-17T00:00:00,2007-10-17T18:00:00,2007-10-18T00:00:00,6
train_071287_lead024,train,4,71284,71287,71291,2007-10-17T00:00:00,2007-10-17T18:00:00,2007-10-18T18:00:00,24
train_071287_lead072,train,4,71284,71287,71299,2007-10-17T00:00:00,2007-10-17T18:00:00,2007-10-20T18:00:00,72
train_071315_lead006,train,4,71312,71315,71316,2007-10-24T00:00:00,2007-10-24T18:00:00,2007-10-25T00:00:00,6
train_071315_lead024,train,4,71312,71315,71319,2007-10-24T00:00:00,2007-10-24T18:00:00,2007-10-25T18:00:00,24
train_071315_lead072,train,4,71312,71315,71327,2007-10-24T00:00:00,2007-10-24T18:00:00,2007-10-27T18:00:00,72
train_071344_lead006,train,4,71341,71344,71345,2007-10-31T06:00:00,2007-11-01T00:00:00,2007-11-01T06:00:00,6
train_071344_lead024,train,4,71341,71344,71348,2007-10-31T06:00:00,2007-11-01T00:00:00,2007-11-02T00:00:00,24
train_071344_lead072,train,4,71341,71344,71356,2007-10-31T06:00:00,2007-11-01T00:00:00,2007-11-04T00:00:00,72
train_071372_lead006,train,4,71369,71372,71373,2007-11-07T06:00:00,2007-11-08T00:00:00,2007-11-08T06:00:00,6
train_071372_lead024,train,4,71369,71372,71376,2007-11-07T06:00:00,2007-11-08T00:00:00,2007-11-09T00:00:00,24
train_071372_lead072,train,4,71369,71372,71384,2007-11-07T06:00:00,2007-11-08T00:00:00,2007-11-11T00:00:00,72
train_071401_lead006,train,4,71398,71401,71402,2007-11-14T12:00:00,2007-11-15T06:00:00,2007-11-15T12:00:00,6
train_071401_lead024,train,4,71398,71401,71405,2007-11-14T12:00:00,2007-11-15T06:00:00,2007-11-16T06:00:00,24
train_071401_lead072,train,4,71398,71401,71413,2007-11-14T12:00:00,2007-11-15T06:00:00,2007-11-18T06:00:00,72
train_071429_lead006,train,4,71426,71429,71430,2007-11-21T12:00:00,2007-11-22T06:00:00,2007-11-22T12:00:00,6
train_071429_lead024,train,4,71426,71429,71433,2007-11-21T12:00:00,2007-11-22T06:00:00,2007-11-23T06:00:00,24
train_071429_lead072,train,4,71426,71429,71441,2007-11-21T12:00:00,2007-11-22T06:00:00,2007-11-25T06:00:00,72
train_071458_lead006,train,4,71455,71458,71459,2007-11-28T18:00:00,2007-11-29T12:00:00,2007-11-29T18:00:00,6
train_071458_lead024,train,4,71455,71458,71462,2007-11-28T18:00:00,2007-11-29T12:00:00,2007-11-30T12:00:00,24
train_071458_lead072,train,4,71455,71458,71470,2007-11-28T18:00:00,2007-11-29T12:00:00,2007-12-02T12:00:00,72
train_071486_lead006,train,4,71483,71486,71487,2007-12-05T18:00:00,2007-12-06T12:00:00,2007-12-06T18:00:00,6
train_071486_lead024,train,4,71483,71486,71490,2007-12-05T18:00:00,2007-12-06T12:00:00,2007-12-07T12:00:00,24
train_071486_lead072,train,4,71483,71486,71498,2007-12-05T18:00:00,2007-12-06T12:00:00,2007-12-09T12:00:00,72
train_071515_lead006,train,4,71512,71515,71516,2007-12-13T00:00:00,2007-12-13T18:00:00,2007-12-14T00:00:00,6
train_071515_lead024,train,4,71512,71515,71519,2007-12-13T00:00:00,2007-12-13T18:00:00,2007-12-14T18:00:00,24
train_071515_lead072,train,4,71512,71515,71527,2007-12-13T00:00:00,2007-12-13T18:00:00,2007-12-16T18:00:00,72
train_071544_lead006,train,4,71541,71544,71545,2007-12-20T06:00:00,2007-12-21T00:00:00,2007-12-21T06:00:00,6
train_071544_lead024,train,4,71541,71544,71548,2007-12-20T06:00:00,2007-12-21T00:00:00,2007-12-22T00:00:00,24
train_071544_lead072,train,4,71541,71544,71556,2007-12-20T06:00:00,2007-12-21T00:00:00,2007-12-24T00:00:00,72
train_071572_lead006,train,4,71569,71572,71573,2007-12-27T06:00:00,2007-12-28T00:00:00,2007-12-28T06:00:00,6
train_071572_lead024,train,4,71569,71572,71576,2007-12-27T06:00:00,2007-12-28T00:00:00,2007-12-29T00:00:00,24
train_071572_lead072,train,4,71569,71572,71584,2007-12-27T06:00:00,2007-12-28T00:00:00,2007-12-31T00:00:00,72
train_071601_lead006,train,4,71598,71601,71602,2008-01-03T12:00:00,2008-01-04T06:00:00,2008-01-04T12:00:00,6
train_071601_lead024,train,4,71598,71601,71605,2008-01-03T12:00:00,2008-01-04T06:00:00,2008-01-05T06:00:00,24
train_071601_lead072,train,4,71598,71601,71613,2008-01-03T12:00:00,2008-01-04T06:00:00,2008-01-07T06:00:00,72
train_071629_lead006,train,4,71626,71629,71630,2008-01-10T12:00:00,2008-01-11T06:00:00,2008-01-11T12:00:00,6
train_071629_lead024,train,4,71626,71629,71633,2008-01-10T12:00:00,2008-01-11T06:00:00,2008-01-12T06:00:00,24
train_071629_lead072,train,4,71626,71629,71641,2008-01-10T12:00:00,2008-01-11T06:00:00,2008-01-14T06:00:00,72
train_071658_lead006,train,4,71655,71658,71659,2008-01-17T18:00:00,2008-01-18T12:00:00,2008-01-18T18:00:00,6
train_071658_lead024,train,4,71655,71658,71662,2008-01-17T18:00:00,2008-01-18T12:00:00,2008-01-19T12:00:00,24
train_071658_lead072,train,4,71655,71658,71670,2008-01-17T18:00:00,2008-01-18T12:00:00,2008-01-21T12:00:00,72
train_071686_lead006,train,4,71683,71686,71687,2008-01-24T18:00:00,2008-01-25T12:00:00,2008-01-25T18:00:00,6
train_071686_lead024,train,4,71683,71686,71690,2008-01-24T18:00:00,2008-01-25T12:00:00,2008-01-26T12:00:00,24
train_071686_lead072,train,4,71683,71686,71698,2008-01-24T18:00:00,2008-01-25T12:00:00,2008-01-28T12:00:00,72
train_071715_lead006,train,4,71712,71715,71716,2008-02-01T00:00:00,2008-02-01T18:00:00,2008-02-02T00:00:00,6
train_071715_lead024,train,4,71712,71715,71719,2008-02-01T00:00:00,2008-02-01T18:00:00,2008-02-02T18:00:00,24
train_071715_lead072,train,4,71712,71715,71727,2008-02-01T00:00:00,2008-02-01T18:00:00,2008-02-04T18:00:00,72
train_071743_lead006,train,4,71740,71743,71744,2008-02-08T00:00:00,2008-02-08T18:00:00,2008-02-09T00:00:00,6
train_071743_lead024,train,4,71740,71743,71747,2008-02-08T00:00:00,2008-02-08T18:00:00,2008-02-09T18:00:00,24
train_071743_lead072,train,4,71740,71743,71755,2008-02-08T00:00:00,2008-02-08T18:00:00,2008-02-11T18:00:00,72
train_071772_lead006,train,4,71769,71772,71773,2008-02-15T06:00:00,2008-02-16T00:00:00,2008-02-16T06:00:00,6
train_071772_lead024,train,4,71769,71772,71776,2008-02-15T06:00:00,2008-02-16T00:00:00,2008-02-17T00:00:00,24
train_071772_lead072,train,4,71769,71772,71784,2008-02-15T06:00:00,2008-02-16T00:00:00,2008-02-19T00:00:00,72
train_071800_lead006,train,4,71797,71800,71801,2008-02-22T06:00:00,2008-02-23T00:00:00,2008-02-23T06:00:00,6
train_071800_lead024,train,4,71797,71800,71804,2008-02-22T06:00:00,2008-02-23T00:00:00,2008-02-24T00:00:00,24
train_071800_lead072,train,4,71797,71800,71812,2008-02-22T06:00:00,2008-02-23T00:00:00,2008-02-26T00:00:00,72
train_071829_lead006,train,4,71826,71829,71830,2008-02-29T12:00:00,2008-03-01T06:00:00,2008-03-01T12:00:00,6
train_071829_lead024,train,4,71826,71829,71833,2008-02-29T12:00:00,2008-03-01T06:00:00,2008-03-02T06:00:00,24
train_071829_lead072,train,4,71826,71829,71841,2008-02-29T12:00:00,2008-03-01T06:00:00,2008-03-04T06:00:00,72
train_071857_lead006,train,4,71854,71857,71858,2008-03-07T12:00:00,2008-03-08T06:00:00,2008-03-08T12:00:00,6
train_071857_lead024,train,4,71854,71857,71861,2008-03-07T12:00:00,2008-03-08T06:00:00,2008-03-09T06:00:00,24
train_071857_lead072,train,4,71854,71857,71869,2008-03-07T12:00:00,2008-03-08T06:00:00,2008-03-11T06:00:00,72
train_071886_lead006,train,4,71883,71886,71887,2008-03-14T18:00:00,2008-03-15T12:00:00,2008-03-15T18:00:00,6
train_071886_lead024,train,4,71883,71886,71890,2008-03-14T18:00:00,2008-03-15T12:00:00,2008-03-16T12:00:00,24
train_071886_lead072,train,4,71883,71886,71898,2008-03-14T18:00:00,2008-03-15T12:00:00,2008-03-18T12:00:00,72
train_071914_lead006,train,4,71911,71914,71915,2008-03-21T18:00:00,2008-03-22T12:00:00,2008-03-22T18:00:00,6
train_071914_lead024,train,4,71911,71914,71918,2008-03-21T18:00:00,2008-03-22T12:00:00,2008-03-23T12:00:00,24
train_071914_lead072,train,4,71911,71914,71926,2008-03-21T18:00:00,2008-03-22T12:00:00,2008-03-25T12:00:00,72
train_071943_lead006,train,4,71940,71943,71944,2008-03-29T00:00:00,2008-03-29T18:00:00,2008-03-30T00:00:00,6
train_071943_lead024,train,4,71940,71943,71947,2008-03-29T00:00:00,2008-03-29T18:00:00,2008-03-30T18:00:00,24
train_071943_lead072,train,4,71940,71943,71955,2008-03-29T00:00:00,2008-03-29T18:00:00,2008-04-01T18:00:00,72
train_071971_lead006,train,4,71968,71971,71972,2008-04-05T00:00:00,2008-04-05T18:00:00,2008-04-06T00:00:00,6
train_071971_lead024,train,4,71968,71971,71975,2008-04-05T00:00:00,2008-04-05T18:00:00,2008-04-06T18:00:00,24
train_071971_lead072,train,4,71968,71971,71983,2008-04-05T00:00:00,2008-04-05T18:00:00,2008-04-08T18:00:00,72
train_072000_lead006,train,4,71997,72000,72001,2008-04-12T06:00:00,2008-04-13T00:00:00,2008-04-13T06:00:00,6
train_072000_lead024,train,4,71997,72000,72004,2008-04-12T06:00:00,2008-04-13T00:00:00,2008-04-14T00:00:00,24
train_072000_lead072,train,4,71997,72000,72012,2008-04-12T06:00:00,2008-04-13T00:00:00,2008-04-16T00:00:00,72
train_072029_lead006,train,4,72026,72029,72030,2008-04-19T12:00:00,2008-04-20T06:00:00,2008-04-20T12:00:00,6
train_072029_lead024,train,4,72026,72029,72033,2008-04-19T12:00:00,2008-04-20T06:00:00,2008-04-21T06:00:00,24
train_072029_lead072,train,4,72026,72029,72041,2008-04-19T12:00:00,2008-04-20T06:00:00,2008-04-23T06:00:00,72
train_072057_lead006,train,4,72054,72057,72058,2008-04-26T12:00:00,2008-04-27T06:00:00,2008-04-27T12:00:00,6
train_072057_lead024,train,4,72054,72057,72061,2008-04-26T12:00:00,2008-04-27T06:00:00,2008-04-28T06:00:00,24
train_072057_lead072,train,4,72054,72057,72069,2008-04-26T12:00:00,2008-04-27T06:00:00,2008-04-30T06:00:00,72
train_072086_lead006,train,4,72083,72086,72087,2008-05-03T18:00:00,2008-05-04T12:00:00,2008-05-04T18:00:00,6
train_072086_lead024,train,4,72083,72086,72090,2008-05-03T18:00:00,2008-05-04T12:00:00,2008-05-05T12:00:00,24
train_072086_lead072,train,4,72083,72086,72098,2008-05-03T18:00:00,2008-05-04T12:00:00,2008-05-07T12:00:00,72
train_072114_lead006,train,4,72111,72114,72115,2008-05-10T18:00:00,2008-05-11T12:00:00,2008-05-11T18:00:00,6
train_072114_lead024,train,4,72111,72114,72118,2008-05-10T18:00:00,2008-05-11T12:00:00,2008-05-12T12:00:00,24
train_072114_lead072,train,4,72111,72114,72126,2008-05-10T18:00:00,2008-05-11T12:00:00,2008-05-14T12:00:00,72
train_072143_lead006,train,4,72140,72143,72144,2008-05-18T00:00:00,2008-05-18T18:00:00,2008-05-19T00:00:00,6
train_072143_lead024,train,4,72140,72143,72147,2008-05-18T00:00:00,2008-05-18T18:00:00,2008-05-19T18:00:00,24
train_072143_lead072,train,4,72140,72143,72155,2008-05-18T00:00:00,2008-05-18T18:00:00,2008-05-21T18:00:00,72
train_072171_lead006,train,4,72168,72171,72172,2008-05-25T00:00:00,2008-05-25T18:00:00,2008-05-26T00:00:00,6
train_072171_lead024,train,4,72168,72171,72175,2008-05-25T00:00:00,2008-05-25T18:00:00,2008-05-26T18:00:00,24
train_072171_lead072,train,4,72168,72171,72183,2008-05-25T00:00:00,2008-05-25T18:00:00,2008-05-28T18:00:00,72
train_072200_lead006,train,4,72197,72200,72201,2008-06-01T06:00:00,2008-06-02T00:00:00,2008-06-02T06:00:00,6
train_072200_lead024,train,4,72197,72200,72204,2008-06-01T06:00:00,2008-06-02T00:00:00,2008-06-03T00:00:00,24
train_072200_lead072,train,4,72197,72200,72212,2008-06-01T06:00:00,2008-06-02T00:00:00,2008-06-05T00:00:00,72
train_072228_lead006,train,4,72225,72228,72229,2008-06-08T06:00:00,2008-06-09T00:00:00,2008-06-09T06:00:00,6
train_072228_lead024,train,4,72225,72228,72232,2008-06-08T06:00:00,2008-06-09T00:00:00,2008-06-10T00:00:00,24
train_072228_lead072,train,4,72225,72228,72240,2008-06-08T06:00:00,2008-06-09T00:00:00,2008-06-12T00:00:00,72
train_072257_lead006,train,4,72254,72257,72258,2008-06-15T12:00:00,2008-06-16T06:00:00,2008-06-16T12:00:00,6
train_072257_lead024,train,4,72254,72257,72261,2008-06-15T12:00:00,2008-06-16T06:00:00,2008-06-17T06:00:00,24
train_072257_lead072,train,4,72254,72257,72269,2008-06-15T12:00:00,2008-06-16T06:00:00,2008-06-19T06:00:00,72
train_072285_lead006,train,4,72282,72285,72286,2008-06-22T12:00:00,2008-06-23T06:00:00,2008-06-23T12:00:00,6
train_072285_lead024,train,4,72282,72285,72289,2008-06-22T12:00:00,2008-06-23T06:00:00,2008-06-24T06:00:00,24
train_072285_lead072,train,4,72282,72285,72297,2008-06-22T12:00:00,2008-06-23T06:00:00,2008-06-26T06:00:00,72
train_072314_lead006,train,4,72311,72314,72315,2008-06-29T18:00:00,2008-06-30T12:00:00,2008-06-30T18:00:00,6
train_072314_lead024,train,4,72311,72314,72318,2008-06-29T18:00:00,2008-06-30T12:00:00,2008-07-01T12:00:00,24
train_072314_lead072,train,4,72311,72314,72326,2008-06-29T18:00:00,2008-06-30T12:00:00,2008-07-03T12:00:00,72
train_072342_lead006,train,4,72339,72342,72343,2008-07-06T18:00:00,2008-07-07T12:00:00,2008-07-07T18:00:00,6
train_072342_lead024,train,4,72339,72342,72346,2008-07-06T18:00:00,2008-07-07T12:00:00,2008-07-08T12:00:00,24
train_072342_lead072,train,4,72339,72342,72354,2008-07-06T18:00:00,2008-07-07T12:00:00,2008-07-10T12:00:00,72
train_072371_lead006,train,4,72368,72371,72372,2008-07-14T00:00:00,2008-07-14T18:00:00,2008-07-15T00:00:00,6
train_072371_lead024,train,4,72368,72371,72375,2008-07-14T00:00:00,2008-07-14T18:00:00,2008-07-15T18:00:00,24
train_072371_lead072,train,4,72368,72371,72383,2008-07-14T00:00:00,2008-07-14T18:00:00,2008-07-17T18:00:00,72
train_072399_lead006,train,4,72396,72399,72400,2008-07-21T00:00:00,2008-07-21T18:00:00,2008-07-22T00:00:00,6
train_072399_lead024,train,4,72396,72399,72403,2008-07-21T00:00:00,2008-07-21T18:00:00,2008-07-22T18:00:00,24
train_072399_lead072,train,4,72396,72399,72411,2008-07-21T00:00:00,2008-07-21T18:00:00,2008-07-24T18:00:00,72
train_072428_lead006,train,4,72425,72428,72429,2008-07-28T06:00:00,2008-07-29T00:00:00,2008-07-29T06:00:00,6
train_072428_lead024,train,4,72425,72428,72432,2008-07-28T06:00:00,2008-07-29T00:00:00,2008-07-30T00:00:00,24
train_072428_lead072,train,4,72425,72428,72440,2008-07-28T06:00:00,2008-07-29T00:00:00,2008-08-01T00:00:00,72
train_072456_lead006,train,4,72453,72456,72457,2008-08-04T06:00:00,2008-08-05T00:00:00,2008-08-05T06:00:00,6
train_072456_lead024,train,4,72453,72456,72460,2008-08-04T06:00:00,2008-08-05T00:00:00,2008-08-06T00:00:00,24
train_072456_lead072,train,4,72453,72456,72468,2008-08-04T06:00:00,2008-08-05T00:00:00,2008-08-08T00:00:00,72
train_072485_lead006,train,4,72482,72485,72486,2008-08-11T12:00:00,2008-08-12T06:00:00,2008-08-12T12:00:00,6
train_072485_lead024,train,4,72482,72485,72489,2008-08-11T12:00:00,2008-08-12T06:00:00,2008-08-13T06:00:00,24
train_072485_lead072,train,4,72482,72485,72497,2008-08-11T12:00:00,2008-08-12T06:00:00,2008-08-15T06:00:00,72
train_072513_lead006,train,4,72510,72513,72514,2008-08-18T12:00:00,2008-08-19T06:00:00,2008-08-19T12:00:00,6
train_072513_lead024,train,4,72510,72513,72517,2008-08-18T12:00:00,2008-08-19T06:00:00,2008-08-20T06:00:00,24
train_072513_lead072,train,4,72510,72513,72525,2008-08-18T12:00:00,2008-08-19T06:00:00,2008-08-22T06:00:00,72
train_072542_lead006,train,4,72539,72542,72543,2008-08-25T18:00:00,2008-08-26T12:00:00,2008-08-26T18:00:00,6
train_072542_lead024,train,4,72539,72542,72546,2008-08-25T18:00:00,2008-08-26T12:00:00,2008-08-27T12:00:00,24
train_072542_lead072,train,4,72539,72542,72554,2008-08-25T18:00:00,2008-08-26T12:00:00,2008-08-29T12:00:00,72
train_072571_lead006,train,4,72568,72571,72572,2008-09-02T00:00:00,2008-09-02T18:00:00,2008-09-03T00:00:00,6
train_072571_lead024,train,4,72568,72571,72575,2008-09-02T00:00:00,2008-09-02T18:00:00,2008-09-03T18:00:00,24
train_072571_lead072,train,4,72568,72571,72583,2008-09-02T00:00:00,2008-09-02T18:00:00,2008-09-05T18:00:00,72
train_072599_lead006,train,4,72596,72599,72600,2008-09-09T00:00:00,2008-09-09T18:00:00,2008-09-10T00:00:00,6
train_072599_lead024,train,4,72596,72599,72603,2008-09-09T00:00:00,2008-09-09T18:00:00,2008-09-10T18:00:00,24
train_072599_lead072,train,4,72596,72599,72611,2008-09-09T00:00:00,2008-09-09T18:00:00,2008-09-12T18:00:00,72
train_072628_lead006,train,4,72625,72628,72629,2008-09-16T06:00:00,2008-09-17T00:00:00,2008-09-17T06:00:00,6
train_072628_lead024,train,4,72625,72628,72632,2008-09-16T06:00:00,2008-09-17T00:00:00,2008-09-18T00:00:00,24
train_072628_lead072,train,4,72625,72628,72640,2008-09-16T06:00:00,2008-09-17T00:00:00,2008-09-20T00:00:00,72
train_072656_lead006,train,4,72653,72656,72657,2008-09-23T06:00:00,2008-09-24T00:00:00,2008-09-24T06:00:00,6
train_072656_lead024,train,4,72653,72656,72660,2008-09-23T06:00:00,2008-09-24T00:00:00,2008-09-25T00:00:00,24
train_072656_lead072,train,4,72653,72656,72668,2008-09-23T06:00:00,2008-09-24T00:00:00,2008-09-27T00:00:00,72
train_072685_lead006,train,4,72682,72685,72686,2008-09-30T12:00:00,2008-10-01T06:00:00,2008-10-01T12:00:00,6
train_072685_lead024,train,4,72682,72685,72689,2008-09-30T12:00:00,2008-10-01T06:00:00,2008-10-02T06:00:00,24
train_072685_lead072,train,4,72682,72685,72697,2008-09-30T12:00:00,2008-10-01T06:00:00,2008-10-04T06:00:00,72
train_072713_lead006,train,4,72710,72713,72714,2008-10-07T12:00:00,2008-10-08T06:00:00,2008-10-08T12:00:00,6
train_072713_lead024,train,4,72710,72713,72717,2008-10-07T12:00:00,2008-10-08T06:00:00,2008-10-09T06:00:00,24
train_072713_lead072,train,4,72710,72713,72725,2008-10-07T12:00:00,2008-10-08T06:00:00,2008-10-11T06:00:00,72
train_072742_lead006,train,4,72739,72742,72743,2008-10-14T18:00:00,2008-10-15T12:00:00,2008-10-15T18:00:00,6
train_072742_lead024,train,4,72739,72742,72746,2008-10-14T18:00:00,2008-10-15T12:00:00,2008-10-16T12:00:00,24
train_072742_lead072,train,4,72739,72742,72754,2008-10-14T18:00:00,2008-10-15T12:00:00,2008-10-18T12:00:00,72
train_072770_lead006,train,4,72767,72770,72771,2008-10-21T18:00:00,2008-10-22T12:00:00,2008-10-22T18:00:00,6
train_072770_lead024,train,4,72767,72770,72774,2008-10-21T18:00:00,2008-10-22T12:00:00,2008-10-23T12:00:00,24
train_072770_lead072,train,4,72767,72770,72782,2008-10-21T18:00:00,2008-10-22T12:00:00,2008-10-25T12:00:00,72
train_072799_lead006,train,4,72796,72799,72800,2008-10-29T00:00:00,2008-10-29T18:00:00,2008-10-30T00:00:00,6
train_072799_lead024,train,4,72796,72799,72803,2008-10-29T00:00:00,2008-10-29T18:00:00,2008-10-30T18:00:00,24
train_072799_lead072,train,4,72796,72799,72811,2008-10-29T00:00:00,2008-10-29T18:00:00,2008-11-01T18:00:00,72
train_072827_lead006,train,4,72824,72827,72828,2008-11-05T00:00:00,2008-11-05T18:00:00,2008-11-06T00:00:00,6
train_072827_lead024,train,4,72824,72827,72831,2008-11-05T00:00:00,2008-11-05T18:00:00,2008-11-06T18:00:00,24
train_072827_lead072,train,4,72824,72827,72839,2008-11-05T00:00:00,2008-11-05T18:00:00,2008-11-08T18:00:00,72
train_072856_lead006,train,4,72853,72856,72857,2008-11-12T06:00:00,2008-11-13T00:00:00,2008-11-13T06:00:00,6
train_072856_lead024,train,4,72853,72856,72860,2008-11-12T06:00:00,2008-11-13T00:00:00,2008-11-14T00:00:00,24
train_072856_lead072,train,4,72853,72856,72868,2008-11-12T06:00:00,2008-11-13T00:00:00,2008-11-16T00:00:00,72
train_072884_lead006,train,4,72881,72884,72885,2008-11-19T06:00:00,2008-11-20T00:00:00,2008-11-20T06:00:00,6
train_072884_lead024,train,4,72881,72884,72888,2008-11-19T06:00:00,2008-11-20T00:00:00,2008-11-21T00:00:00,24
train_072884_lead072,train,4,72881,72884,72896,2008-11-19T06:00:00,2008-11-20T00:00:00,2008-11-23T00:00:00,72
train_072913_lead006,train,4,72910,72913,72914,2008-11-26T12:00:00,2008-11-27T06:00:00,2008-11-27T12:00:00,6
train_072913_lead024,train,4,72910,72913,72917,2008-11-26T12:00:00,2008-11-27T06:00:00,2008-11-28T06:00:00,24
train_072913_lead072,train,4,72910,72913,72925,2008-11-26T12:00:00,2008-11-27T06:00:00,2008-11-30T06:00:00,72
train_072941_lead006,train,4,72938,72941,72942,2008-12-03T12:00:00,2008-12-04T06:00:00,2008-12-04T12:00:00,6
train_072941_lead024,train,4,72938,72941,72945,2008-12-03T12:00:00,2008-12-04T06:00:00,2008-12-05T06:00:00,24
train_072941_lead072,train,4,72938,72941,72953,2008-12-03T12:00:00,2008-12-04T06:00:00,2008-12-07T06:00:00,72
train_072970_lead006,train,4,72967,72970,72971,2008-12-10T18:00:00,2008-12-11T12:00:00,2008-12-11T18:00:00,6
train_072970_lead024,train,4,72967,72970,72974,2008-12-10T18:00:00,2008-12-11T12:00:00,2008-12-12T12:00:00,24
train_072970_lead072,train,4,72967,72970,72982,2008-12-10T18:00:00,2008-12-11T12:00:00,2008-12-14T12:00:00,72
train_072998_lead006,train,4,72995,72998,72999,2008-12-17T18:00:00,2008-12-18T12:00:00,2008-12-18T18:00:00,6
train_072998_lead024,train,4,72995,72998,73002,2008-12-17T18:00:00,2008-12-18T12:00:00,2008-12-19T12:00:00,24
train_072998_lead072,train,4,72995,72998,73010,2008-12-17T18:00:00,2008-12-18T12:00:00,2008-12-21T12:00:00,72
train_073027_lead006,train,4,73024,73027,73028,2008-12-25T00:00:00,2008-12-25T18:00:00,2008-12-26T00:00:00,6
train_073027_lead024,train,4,73024,73027,73031,2008-12-25T00:00:00,2008-12-25T18:00:00,2008-12-26T18:00:00,24
train_073027_lead072,train,4,73024,73027,73039,2008-12-25T00:00:00,2008-12-25T18:00:00,2008-12-28T18:00:00,72
train_073056_lead006,train,4,73053,73056,73057,2009-01-01T06:00:00,2009-01-02T00:00:00,2009-01-02T06:00:00,6
train_073056_lead024,train,4,73053,73056,73060,2009-01-01T06:00:00,2009-01-02T00:00:00,2009-01-03T00:00:00,24
train_073056_lead072,train,4,73053,73056,73068,2009-01-01T06:00:00,2009-01-02T00:00:00,2009-01-05T00:00:00,72
train_073084_lead006,train,4,73081,73084,73085,2009-01-08T06:00:00,2009-01-09T00:00:00,2009-01-09T06:00:00,6
train_073084_lead024,train,4,73081,73084,73088,2009-01-08T06:00:00,2009-01-09T00:00:00,2009-01-10T00:00:00,24
train_073084_lead072,train,4,73081,73084,73096,2009-01-08T06:00:00,2009-01-09T00:00:00,2009-01-12T00:00:00,72
train_073113_lead006,train,4,73110,73113,73114,2009-01-15T12:00:00,2009-01-16T06:00:00,2009-01-16T12:00:00,6
train_073113_lead024,train,4,73110,73113,73117,2009-01-15T12:00:00,2009-01-16T06:00:00,2009-01-17T06:00:00,24
train_073113_lead072,train,4,73110,73113,73125,2009-01-15T12:00:00,2009-01-16T06:00:00,2009-01-19T06:00:00,72
train_073141_lead006,train,4,73138,73141,73142,2009-01-22T12:00:00,2009-01-23T06:00:00,2009-01-23T12:00:00,6
train_073141_lead024,train,4,73138,73141,73145,2009-01-22T12:00:00,2009-01-23T06:00:00,2009-01-24T06:00:00,24
train_073141_lead072,train,4,73138,73141,73153,2009-01-22T12:00:00,2009-01-23T06:00:00,2009-01-26T06:00:00,72
train_073170_lead006,train,4,73167,73170,73171,2009-01-29T18:00:00,2009-01-30T12:00:00,2009-01-30T18:00:00,6
train_073170_lead024,train,4,73167,73170,73174,2009-01-29T18:00:00,2009-01-30T12:00:00,2009-01-31T12:00:00,24
train_073170_lead072,train,4,73167,73170,73182,2009-01-29T18:00:00,2009-01-30T12:00:00,2009-02-02T12:00:00,72
train_073198_lead006,train,4,73195,73198,73199,2009-02-05T18:00:00,2009-02-06T12:00:00,2009-02-06T18:00:00,6
train_073198_lead024,train,4,73195,73198,73202,2009-02-05T18:00:00,2009-02-06T12:00:00,2009-02-07T12:00:00,24
train_073198_lead072,train,4,73195,73198,73210,2009-02-05T18:00:00,2009-02-06T12:00:00,2009-02-09T12:00:00,72
train_073227_lead006,train,4,73224,73227,73228,2009-02-13T00:00:00,2009-02-13T18:00:00,2009-02-14T00:00:00,6
train_073227_lead024,train,4,73224,73227,73231,2009-02-13T00:00:00,2009-02-13T18:00:00,2009-02-14T18:00:00,24
train_073227_lead072,train,4,73224,73227,73239,2009-02-13T00:00:00,2009-02-13T18:00:00,2009-02-16T18:00:00,72
train_073255_lead006,train,4,73252,73255,73256,2009-02-20T00:00:00,2009-02-20T18:00:00,2009-02-21T00:00:00,6
train_073255_lead024,train,4,73252,73255,73259,2009-02-20T00:00:00,2009-02-20T18:00:00,2009-02-21T18:00:00,24
train_073255_lead072,train,4,73252,73255,73267,2009-02-20T00:00:00,2009-02-20T18:00:00,2009-02-23T18:00:00,72
train_073284_lead006,train,4,73281,73284,73285,2009-02-27T06:00:00,2009-02-28T00:00:00,2009-02-28T06:00:00,6
train_073284_lead024,train,4,73281,73284,73288,2009-02-27T06:00:00,2009-02-28T00:00:00,2009-03-01T00:00:00,24
train_073284_lead072,train,4,73281,73284,73296,2009-02-27T06:00:00,2009-02-28T00:00:00,2009-03-03T00:00:00,72
train_073312_lead006,train,4,73309,73312,73313,2009-03-06T06:00:00,2009-03-07T00:00:00,2009-03-07T06:00:00,6
train_073312_lead024,train,4,73309,73312,73316,2009-03-06T06:00:00,2009-03-07T00:00:00,2009-03-08T00:00:00,24
train_073312_lead072,train,4,73309,73312,73324,2009-03-06T06:00:00,2009-03-07T00:00:00,2009-03-10T00:00:00,72
train_073341_lead006,train,4,73338,73341,73342,2009-03-13T12:00:00,2009-03-14T06:00:00,2009-03-14T12:00:00,6
train_073341_lead024,train,4,73338,73341,73345,2009-03-13T12:00:00,2009-03-14T06:00:00,2009-03-15T06:00:00,24
train_073341_lead072,train,4,73338,73341,73353,2009-03-13T12:00:00,2009-03-14T06:00:00,2009-03-17T06:00:00,72
train_073369_lead006,train,4,73366,73369,73370,2009-03-20T12:00:00,2009-03-21T06:00:00,2009-03-21T12:00:00,6
train_073369_lead024,train,4,73366,73369,73373,2009-03-20T12:00:00,2009-03-21T06:00:00,2009-03-22T06:00:00,24
train_073369_lead072,train,4,73366,73369,73381,2009-03-20T12:00:00,2009-03-21T06:00:00,2009-03-24T06:00:00,72
train_073398_lead006,train,4,73395,73398,73399,2009-03-27T18:00:00,2009-03-28T12:00:00,2009-03-28T18:00:00,6
train_073398_lead024,train,4,73395,73398,73402,2009-03-27T18:00:00,2009-03-28T12:00:00,2009-03-29T12:00:00,24
train_073398_lead072,train,4,73395,73398,73410,2009-03-27T18:00:00,2009-03-28T12:00:00,2009-03-31T12:00:00,72
train_073426_lead006,train,4,73423,73426,73427,2009-04-03T18:00:00,2009-04-04T12:00:00,2009-04-04T18:00:00,6
train_073426_lead024,train,4,73423,73426,73430,2009-04-03T18:00:00,2009-04-04T12:00:00,2009-04-05T12:00:00,24
train_073426_lead072,train,4,73423,73426,73438,2009-04-03T18:00:00,2009-04-04T12:00:00,2009-04-07T12:00:00,72
train_073455_lead006,train,4,73452,73455,73456,2009-04-11T00:00:00,2009-04-11T18:00:00,2009-04-12T00:00:00,6
train_073455_lead024,train,4,73452,73455,73459,2009-04-11T00:00:00,2009-04-11T18:00:00,2009-04-12T18:00:00,24
train_073455_lead072,train,4,73452,73455,73467,2009-04-11T00:00:00,2009-04-11T18:00:00,2009-04-14T18:00:00,72
train_073483_lead006,train,4,73480,73483,73484,2009-04-18T00:00:00,2009-04-18T18:00:00,2009-04-19T00:00:00,6
train_073483_lead024,train,4,73480,73483,73487,2009-04-18T00:00:00,2009-04-18T18:00:00,2009-04-19T18:00:00,24
train_073483_lead072,train,4,73480,73483,73495,2009-04-18T00:00:00,2009-04-18T18:00:00,2009-04-21T18:00:00,72
train_073512_lead006,train,4,73509,73512,73513,2009-04-25T06:00:00,2009-04-26T00:00:00,2009-04-26T06:00:00,6
train_073512_lead024,train,4,73509,73512,73516,2009-04-25T06:00:00,2009-04-26T00:00:00,2009-04-27T00:00:00,24
train_073512_lead072,train,4,73509,73512,73524,2009-04-25T06:00:00,2009-04-26T00:00:00,2009-04-29T00:00:00,72
train_073540_lead006,train,4,73537,73540,73541,2009-05-02T06:00:00,2009-05-03T00:00:00,2009-05-03T06:00:00,6
train_073540_lead024,train,4,73537,73540,73544,2009-05-02T06:00:00,2009-05-03T00:00:00,2009-05-04T00:00:00,24
train_073540_lead072,train,4,73537,73540,73552,2009-05-02T06:00:00,2009-05-03T00:00:00,2009-05-06T00:00:00,72
train_073569_lead006,train,4,73566,73569,73570,2009-05-09T12:00:00,2009-05-10T06:00:00,2009-05-10T12:00:00,6
train_073569_lead024,train,4,73566,73569,73573,2009-05-09T12:00:00,2009-05-10T06:00:00,2009-05-11T06:00:00,24
train_073569_lead072,train,4,73566,73569,73581,2009-05-09T12:00:00,2009-05-10T06:00:00,2009-05-13T06:00:00,72
train_073598_lead006,train,4,73595,73598,73599,2009-05-16T18:00:00,2009-05-17T12:00:00,2009-05-17T18:00:00,6
train_073598_lead024,train,4,73595,73598,73602,2009-05-16T18:00:00,2009-05-17T12:00:00,2009-05-18T12:00:00,24
train_073598_lead072,train,4,73595,73598,73610,2009-05-16T18:00:00,2009-05-17T12:00:00,2009-05-20T12:00:00,72
train_073626_lead006,train,4,73623,73626,73627,2009-05-23T18:00:00,2009-05-24T12:00:00,2009-05-24T18:00:00,6
train_073626_lead024,train,4,73623,73626,73630,2009-05-23T18:00:00,2009-05-24T12:00:00,2009-05-25T12:00:00,24
train_073626_lead072,train,4,73623,73626,73638,2009-05-23T18:00:00,2009-05-24T12:00:00,2009-05-27T12:00:00,72
train_073655_lead006,train,4,73652,73655,73656,2009-05-31T00:00:00,2009-05-31T18:00:00,2009-06-01T00:00:00,6
train_073655_lead024,train,4,73652,73655,73659,2009-05-31T00:00:00,2009-05-31T18:00:00,2009-06-01T18:00:00,24
train_073655_lead072,train,4,73652,73655,73667,2009-05-31T00:00:00,2009-05-31T18:00:00,2009-06-03T18:00:00,72
train_073683_lead006,train,4,73680,73683,73684,2009-06-07T00:00:00,2009-06-07T18:00:00,2009-06-08T00:00:00,6
train_073683_lead024,train,4,73680,73683,73687,2009-06-07T00:00:00,2009-06-07T18:00:00,2009-06-08T18:00:00,24
train_073683_lead072,train,4,73680,73683,73695,2009-06-07T00:00:00,2009-06-07T18:00:00,2009-06-10T18:00:00,72
train_073712_lead006,train,4,73709,73712,73713,2009-06-14T06:00:00,2009-06-15T00:00:00,2009-06-15T06:00:00,6
train_073712_lead024,train,4,73709,73712,73716,2009-06-14T06:00:00,2009-06-15T00:00:00,2009-06-16T00:00:00,24
train_073712_lead072,train,4,73709,73712,73724,2009-06-14T06:00:00,2009-06-15T00:00:00,2009-06-18T00:00:00,72
train_073740_lead006,train,4,73737,73740,73741,2009-06-21T06:00:00,2009-06-22T00:00:00,2009-06-22T06:00:00,6
train_073740_lead024,train,4,73737,73740,73744,2009-06-21T06:00:00,2009-06-22T00:00:00,2009-06-23T00:00:00,24
train_073740_lead072,train,4,73737,73740,73752,2009-06-21T06:00:00,2009-06-22T00:00:00,2009-06-25T00:00:00,72
train_073769_lead006,train,4,73766,73769,73770,2009-06-28T12:00:00,2009-06-29T06:00:00,2009-06-29T12:00:00,6
train_073769_lead024,train,4,73766,73769,73773,2009-06-28T12:00:00,2009-06-29T06:00:00,2009-06-30T06:00:00,24
train_073769_lead072,train,4,73766,73769,73781,2009-06-28T12:00:00,2009-06-29T06:00:00,2009-07-02T06:00:00,72
train_073797_lead006,train,4,73794,73797,73798,2009-07-05T12:00:00,2009-07-06T06:00:00,2009-07-06T12:00:00,6
train_073797_lead024,train,4,73794,73797,73801,2009-07-05T12:00:00,2009-07-06T06:00:00,2009-07-07T06:00:00,24
train_073797_lead072,train,4,73794,73797,73809,2009-07-05T12:00:00,2009-07-06T06:00:00,2009-07-09T06:00:00,72
train_073826_lead006,train,4,73823,73826,73827,2009-07-12T18:00:00,2009-07-13T12:00:00,2009-07-13T18:00:00,6
train_073826_lead024,train,4,73823,73826,73830,2009-07-12T18:00:00,2009-07-13T12:00:00,2009-07-14T12:00:00,24
train_073826_lead072,train,4,73823,73826,73838,2009-07-12T18:00:00,2009-07-13T12:00:00,2009-07-16T12:00:00,72
train_073854_lead006,train,4,73851,73854,73855,2009-07-19T18:00:00,2009-07-20T12:00:00,2009-07-20T18:00:00,6
train_073854_lead024,train,4,73851,73854,73858,2009-07-19T18:00:00,2009-07-20T12:00:00,2009-07-21T12:00:00,24
train_073854_lead072,train,4,73851,73854,73866,2009-07-19T18:00:00,2009-07-20T12:00:00,2009-07-23T12:00:00,72
train_073883_lead006,train,4,73880,73883,73884,2009-07-27T00:00:00,2009-07-27T18:00:00,2009-07-28T00:00:00,6
train_073883_lead024,train,4,73880,73883,73887,2009-07-27T00:00:00,2009-07-27T18:00:00,2009-07-28T18:00:00,24
train_073883_lead072,train,4,73880,73883,73895,2009-07-27T00:00:00,2009-07-27T18:00:00,2009-07-30T18:00:00,72
train_073911_lead006,train,4,73908,73911,73912,2009-08-03T00:00:00,2009-08-03T18:00:00,2009-08-04T00:00:00,6
train_073911_lead024,train,4,73908,73911,73915,2009-08-03T00:00:00,2009-08-03T18:00:00,2009-08-04T18:00:00,24
train_073911_lead072,train,4,73908,73911,73923,2009-08-03T00:00:00,2009-08-03T18:00:00,2009-08-06T18:00:00,72
train_073940_lead006,train,4,73937,73940,73941,2009-08-10T06:00:00,2009-08-11T00:00:00,2009-08-11T06:00:00,6
train_073940_lead024,train,4,73937,73940,73944,2009-08-10T06:00:00,2009-08-11T00:00:00,2009-08-12T00:00:00,24
train_073940_lead072,train,4,73937,73940,73952,2009-08-10T06:00:00,2009-08-11T00:00:00,2009-08-14T00:00:00,72
train_073968_lead006,train,4,73965,73968,73969,2009-08-17T06:00:00,2009-08-18T00:00:00,2009-08-18T06:00:00,6
train_073968_lead024,train,4,73965,73968,73972,2009-08-17T06:00:00,2009-08-18T00:00:00,2009-08-19T00:00:00,24
train_073968_lead072,train,4,73965,73968,73980,2009-08-17T06:00:00,2009-08-18T00:00:00,2009-08-21T00:00:00,72
train_073997_lead006,train,4,73994,73997,73998,2009-08-24T12:00:00,2009-08-25T06:00:00,2009-08-25T12:00:00,6
train_073997_lead024,train,4,73994,73997,74001,2009-08-24T12:00:00,2009-08-25T06:00:00,2009-08-26T06:00:00,24
train_073997_lead072,train,4,73994,73997,74009,2009-08-24T12:00:00,2009-08-25T06:00:00,2009-08-28T06:00:00,72
train_074025_lead006,train,4,74022,74025,74026,2009-08-31T12:00:00,2009-09-01T06:00:00,2009-09-01T12:00:00,6
train_074025_lead024,train,4,74022,74025,74029,2009-08-31T12:00:00,2009-09-01T06:00:00,2009-09-02T06:00:00,24
train_074025_lead072,train,4,74022,74025,74037,2009-08-31T12:00:00,2009-09-01T06:00:00,2009-09-04T06:00:00,72
train_074054_lead006,train,4,74051,74054,74055,2009-09-07T18:00:00,2009-09-08T12:00:00,2009-09-08T18:00:00,6
train_074054_lead024,train,4,74051,74054,74058,2009-09-07T18:00:00,2009-09-08T12:00:00,2009-09-09T12:00:00,24
train_074054_lead072,train,4,74051,74054,74066,2009-09-07T18:00:00,2009-09-08T12:00:00,2009-09-11T12:00:00,72
train_074083_lead006,train,4,74080,74083,74084,2009-09-15T00:00:00,2009-09-15T18:00:00,2009-09-16T00:00:00,6
train_074083_lead024,train,4,74080,74083,74087,2009-09-15T00:00:00,2009-09-15T18:00:00,2009-09-16T18:00:00,24
train_074083_lead072,train,4,74080,74083,74095,2009-09-15T00:00:00,2009-09-15T18:00:00,2009-09-18T18:00:00,72
train_074111_lead006,train,4,74108,74111,74112,2009-09-22T00:00:00,2009-09-22T18:00:00,2009-09-23T00:00:00,6
train_074111_lead024,train,4,74108,74111,74115,2009-09-22T00:00:00,2009-09-22T18:00:00,2009-09-23T18:00:00,24
train_074111_lead072,train,4,74108,74111,74123,2009-09-22T00:00:00,2009-09-22T18:00:00,2009-09-25T18:00:00,72
train_074140_lead006,train,4,74137,74140,74141,2009-09-29T06:00:00,2009-09-30T00:00:00,2009-09-30T06:00:00,6
train_074140_lead024,train,4,74137,74140,74144,2009-09-29T06:00:00,2009-09-30T00:00:00,2009-10-01T00:00:00,24
train_074140_lead072,train,4,74137,74140,74152,2009-09-29T06:00:00,2009-09-30T00:00:00,2009-10-03T00:00:00,72
train_074168_lead006,train,4,74165,74168,74169,2009-10-06T06:00:00,2009-10-07T00:00:00,2009-10-07T06:00:00,6
train_074168_lead024,train,4,74165,74168,74172,2009-10-06T06:00:00,2009-10-07T00:00:00,2009-10-08T00:00:00,24
train_074168_lead072,train,4,74165,74168,74180,2009-10-06T06:00:00,2009-10-07T00:00:00,2009-10-10T00:00:00,72
train_074197_lead006,train,4,74194,74197,74198,2009-10-13T12:00:00,2009-10-14T06:00:00,2009-10-14T12:00:00,6
train_074197_lead024,train,4,74194,74197,74201,2009-10-13T12:00:00,2009-10-14T06:00:00,2009-10-15T06:00:00,24
train_074197_lead072,train,4,74194,74197,74209,2009-10-13T12:00:00,2009-10-14T06:00:00,2009-10-17T06:00:00,72
train_074225_lead006,train,4,74222,74225,74226,2009-10-20T12:00:00,2009-10-21T06:00:00,2009-10-21T12:00:00,6
train_074225_lead024,train,4,74222,74225,74229,2009-10-20T12:00:00,2009-10-21T06:00:00,2009-10-22T06:00:00,24
train_074225_lead072,train,4,74222,74225,74237,2009-10-20T12:00:00,2009-10-21T06:00:00,2009-10-24T06:00:00,72
train_074254_lead006,train,4,74251,74254,74255,2009-10-27T18:00:00,2009-10-28T12:00:00,2009-10-28T18:00:00,6
train_074254_lead024,train,4,74251,74254,74258,2009-10-27T18:00:00,2009-10-28T12:00:00,2009-10-29T12:00:00,24
train_074254_lead072,train,4,74251,74254,74266,2009-10-27T18:00:00,2009-10-28T12:00:00,2009-10-31T12:00:00,72
train_074282_lead006,train,4,74279,74282,74283,2009-11-03T18:00:00,2009-11-04T12:00:00,2009-11-04T18:00:00,6
train_074282_lead024,train,4,74279,74282,74286,2009-11-03T18:00:00,2009-11-04T12:00:00,2009-11-05T12:00:00,24
train_074282_lead072,train,4,74279,74282,74294,2009-11-03T18:00:00,2009-11-04T12:00:00,2009-11-07T12:00:00,72
train_074311_lead006,train,4,74308,74311,74312,2009-11-11T00:00:00,2009-11-11T18:00:00,2009-11-12T00:00:00,6
train_074311_lead024,train,4,74308,74311,74315,2009-11-11T00:00:00,2009-11-11T18:00:00,2009-11-12T18:00:00,24
train_074311_lead072,train,4,74308,74311,74323,2009-11-11T00:00:00,2009-11-11T18:00:00,2009-11-14T18:00:00,72
train_074339_lead006,train,4,74336,74339,74340,2009-11-18T00:00:00,2009-11-18T18:00:00,2009-11-19T00:00:00,6
train_074339_lead024,train,4,74336,74339,74343,2009-11-18T00:00:00,2009-11-18T18:00:00,2009-11-19T18:00:00,24
train_074339_lead072,train,4,74336,74339,74351,2009-11-18T00:00:00,2009-11-18T18:00:00,2009-11-21T18:00:00,72
train_074368_lead006,train,4,74365,74368,74369,2009-11-25T06:00:00,2009-11-26T00:00:00,2009-11-26T06:00:00,6
train_074368_lead024,train,4,74365,74368,74372,2009-11-25T06:00:00,2009-11-26T00:00:00,2009-11-27T00:00:00,24
train_074368_lead072,train,4,74365,74368,74380,2009-11-25T06:00:00,2009-11-26T00:00:00,2009-11-29T00:00:00,72
train_074396_lead006,train,4,74393,74396,74397,2009-12-02T06:00:00,2009-12-03T00:00:00,2009-12-03T06:00:00,6
train_074396_lead024,train,4,74393,74396,74400,2009-12-02T06:00:00,2009-12-03T00:00:00,2009-12-04T00:00:00,24
train_074396_lead072,train,4,74393,74396,74408,2009-12-02T06:00:00,2009-12-03T00:00:00,2009-12-06T00:00:00,72
train_074425_lead006,train,4,74422,74425,74426,2009-12-09T12:00:00,2009-12-10T06:00:00,2009-12-10T12:00:00,6
train_074425_lead024,train,4,74422,74425,74429,2009-12-09T12:00:00,2009-12-10T06:00:00,2009-12-11T06:00:00,24
train_074425_lead072,train,4,74422,74425,74437,2009-12-09T12:00:00,2009-12-10T06:00:00,2009-12-13T06:00:00,72
train_074453_lead006,train,4,74450,74453,74454,2009-12-16T12:00:00,2009-12-17T06:00:00,2009-12-17T12:00:00,6
train_074453_lead024,train,4,74450,74453,74457,2009-12-16T12:00:00,2009-12-17T06:00:00,2009-12-18T06:00:00,24
train_074453_lead072,train,4,74450,74453,74465,2009-12-16T12:00:00,2009-12-17T06:00:00,2009-12-20T06:00:00,72
train_074482_lead006,train,4,74479,74482,74483,2009-12-23T18:00:00,2009-12-24T12:00:00,2009-12-24T18:00:00,6
train_074482_lead024,train,4,74479,74482,74486,2009-12-23T18:00:00,2009-12-24T12:00:00,2009-12-25T12:00:00,24
train_074482_lead072,train,4,74479,74482,74494,2009-12-23T18:00:00,2009-12-24T12:00:00,2009-12-27T12:00:00,72
train_074510_lead006,train,4,74507,74510,74511,2009-12-30T18:00:00,2009-12-31T12:00:00,2009-12-31T18:00:00,6
train_074510_lead024,train,4,74507,74510,74514,2009-12-30T18:00:00,2009-12-31T12:00:00,2010-01-01T12:00:00,24
train_074510_lead072,train,4,74507,74510,74522,2009-12-30T18:00:00,2009-12-31T12:00:00,2010-01-03T12:00:00,72
train_074539_lead006,train,4,74536,74539,74540,2010-01-07T00:00:00,2010-01-07T18:00:00,2010-01-08T00:00:00,6
train_074539_lead024,train,4,74536,74539,74543,2010-01-07T00:00:00,2010-01-07T18:00:00,2010-01-08T18:00:00,24
train_074539_lead072,train,4,74536,74539,74551,2010-01-07T00:00:00,2010-01-07T18:00:00,2010-01-10T18:00:00,72
train_074567_lead006,train,4,74564,74567,74568,2010-01-14T00:00:00,2010-01-14T18:00:00,2010-01-15T00:00:00,6
train_074567_lead024,train,4,74564,74567,74571,2010-01-14T00:00:00,2010-01-14T18:00:00,2010-01-15T18:00:00,24
train_074567_lead072,train,4,74564,74567,74579,2010-01-14T00:00:00,2010-01-14T18:00:00,2010-01-17T18:00:00,72
train_074596_lead006,train,4,74593,74596,74597,2010-01-21T06:00:00,2010-01-22T00:00:00,2010-01-22T06:00:00,6
train_074596_lead024,train,4,74593,74596,74600,2010-01-21T06:00:00,2010-01-22T00:00:00,2010-01-23T00:00:00,24
train_074596_lead072,train,4,74593,74596,74608,2010-01-21T06:00:00,2010-01-22T00:00:00,2010-01-25T00:00:00,72
train_074625_lead006,train,4,74622,74625,74626,2010-01-28T12:00:00,2010-01-29T06:00:00,2010-01-29T12:00:00,6
train_074625_lead024,train,4,74622,74625,74629,2010-01-28T12:00:00,2010-01-29T06:00:00,2010-01-30T06:00:00,24
train_074625_lead072,train,4,74622,74625,74637,2010-01-28T12:00:00,2010-01-29T06:00:00,2010-02-01T06:00:00,72
train_074653_lead006,train,4,74650,74653,74654,2010-02-04T12:00:00,2010-02-05T06:00:00,2010-02-05T12:00:00,6
train_074653_lead024,train,4,74650,74653,74657,2010-02-04T12:00:00,2010-02-05T06:00:00,2010-02-06T06:00:00,24
train_074653_lead072,train,4,74650,74653,74665,2010-02-04T12:00:00,2010-02-05T06:00:00,2010-02-08T06:00:00,72
train_074682_lead006,train,4,74679,74682,74683,2010-02-11T18:00:00,2010-02-12T12:00:00,2010-02-12T18:00:00,6
train_074682_lead024,train,4,74679,74682,74686,2010-02-11T18:00:00,2010-02-12T12:00:00,2010-02-13T12:00:00,24
train_074682_lead072,train,4,74679,74682,74694,2010-02-11T18:00:00,2010-02-12T12:00:00,2010-02-15T12:00:00,72
train_074710_lead006,train,4,74707,74710,74711,2010-02-18T18:00:00,2010-02-19T12:00:00,2010-02-19T18:00:00,6
train_074710_lead024,train,4,74707,74710,74714,2010-02-18T18:00:00,2010-02-19T12:00:00,2010-02-20T12:00:00,24
train_074710_lead072,train,4,74707,74710,74722,2010-02-18T18:00:00,2010-02-19T12:00:00,2010-02-22T12:00:00,72
train_074739_lead006,train,4,74736,74739,74740,2010-02-26T00:00:00,2010-02-26T18:00:00,2010-02-27T00:00:00,6
train_074739_lead024,train,4,74736,74739,74743,2010-02-26T00:00:00,2010-02-26T18:00:00,2010-02-27T18:00:00,24
train_074739_lead072,train,4,74736,74739,74751,2010-02-26T00:00:00,2010-02-26T18:00:00,2010-03-01T18:00:00,72
train_074767_lead006,train,4,74764,74767,74768,2010-03-05T00:00:00,2010-03-05T18:00:00,2010-03-06T00:00:00,6
train_074767_lead024,train,4,74764,74767,74771,2010-03-05T00:00:00,2010-03-05T18:00:00,2010-03-06T18:00:00,24
train_074767_lead072,train,4,74764,74767,74779,2010-03-05T00:00:00,2010-03-05T18:00:00,2010-03-08T18:00:00,72
train_074796_lead006,train,4,74793,74796,74797,2010-03-12T06:00:00,2010-03-13T00:00:00,2010-03-13T06:00:00,6
train_074796_lead024,train,4,74793,74796,74800,2010-03-12T06:00:00,2010-03-13T00:00:00,2010-03-14T00:00:00,24
train_074796_lead072,train,4,74793,74796,74808,2010-03-12T06:00:00,2010-03-13T00:00:00,2010-03-16T00:00:00,72
train_074824_lead006,train,4,74821,74824,74825,2010-03-19T06:00:00,2010-03-20T00:00:00,2010-03-20T06:00:00,6
train_074824_lead024,train,4,74821,74824,74828,2010-03-19T06:00:00,2010-03-20T00:00:00,2010-03-21T00:00:00,24
train_074824_lead072,train,4,74821,74824,74836,2010-03-19T06:00:00,2010-03-20T00:00:00,2010-03-23T00:00:00,72
train_074853_lead006,train,4,74850,74853,74854,2010-03-26T12:00:00,2010-03-27T06:00:00,2010-03-27T12:00:00,6
train_074853_lead024,train,4,74850,74853,74857,2010-03-26T12:00:00,2010-03-27T06:00:00,2010-03-28T06:00:00,24
train_074853_lead072,train,4,74850,74853,74865,2010-03-26T12:00:00,2010-03-27T06:00:00,2010-03-30T06:00:00,72
train_074881_lead006,train,4,74878,74881,74882,2010-04-02T12:00:00,2010-04-03T06:00:00,2010-04-03T12:00:00,6
train_074881_lead024,train,4,74878,74881,74885,2010-04-02T12:00:00,2010-04-03T06:00:00,2010-04-04T06:00:00,24
train_074881_lead072,train,4,74878,74881,74893,2010-04-02T12:00:00,2010-04-03T06:00:00,2010-04-06T06:00:00,72
train_074910_lead006,train,4,74907,74910,74911,2010-04-09T18:00:00,2010-04-10T12:00:00,2010-04-10T18:00:00,6
train_074910_lead024,train,4,74907,74910,74914,2010-04-09T18:00:00,2010-04-10T12:00:00,2010-04-11T12:00:00,24
train_074910_lead072,train,4,74907,74910,74922,2010-04-09T18:00:00,2010-04-10T12:00:00,2010-04-13T12:00:00,72
train_074938_lead006,train,4,74935,74938,74939,2010-04-16T18:00:00,2010-04-17T12:00:00,2010-04-17T18:00:00,6
train_074938_lead024,train,4,74935,74938,74942,2010-04-16T18:00:00,2010-04-17T12:00:00,2010-04-18T12:00:00,24
train_074938_lead072,train,4,74935,74938,74950,2010-04-16T18:00:00,2010-04-17T12:00:00,2010-04-20T12:00:00,72
train_074967_lead006,train,4,74964,74967,74968,2010-04-24T00:00:00,2010-04-24T18:00:00,2010-04-25T00:00:00,6
train_074967_lead024,train,4,74964,74967,74971,2010-04-24T00:00:00,2010-04-24T18:00:00,2010-04-25T18:00:00,24
train_074967_lead072,train,4,74964,74967,74979,2010-04-24T00:00:00,2010-04-24T18:00:00,2010-04-27T18:00:00,72
train_074995_lead006,train,4,74992,74995,74996,2010-05-01T00:00:00,2010-05-01T18:00:00,2010-05-02T00:00:00,6
train_074995_lead024,train,4,74992,74995,74999,2010-05-01T00:00:00,2010-05-01T18:00:00,2010-05-02T18:00:00,24
train_074995_lead072,train,4,74992,74995,75007,2010-05-01T00:00:00,2010-05-01T18:00:00,2010-05-04T18:00:00,72
train_075024_lead006,train,4,75021,75024,75025,2010-05-08T06:00:00,2010-05-09T00:00:00,2010-05-09T06:00:00,6
train_075024_lead024,train,4,75021,75024,75028,2010-05-08T06:00:00,2010-05-09T00:00:00,2010-05-10T00:00:00,24
train_075024_lead072,train,4,75021,75024,75036,2010-05-08T06:00:00,2010-05-09T00:00:00,2010-05-12T00:00:00,72
train_075052_lead006,train,4,75049,75052,75053,2010-05-15T06:00:00,2010-05-16T00:00:00,2010-05-16T06:00:00,6
train_075052_lead024,train,4,75049,75052,75056,2010-05-15T06:00:00,2010-05-16T00:00:00,2010-05-17T00:00:00,24
train_075052_lead072,train,4,75049,75052,75064,2010-05-15T06:00:00,2010-05-16T00:00:00,2010-05-19T00:00:00,72
train_075081_lead006,train,4,75078,75081,75082,2010-05-22T12:00:00,2010-05-23T06:00:00,2010-05-23T12:00:00,6
train_075081_lead024,train,4,75078,75081,75085,2010-05-22T12:00:00,2010-05-23T06:00:00,2010-05-24T06:00:00,24
train_075081_lead072,train,4,75078,75081,75093,2010-05-22T12:00:00,2010-05-23T06:00:00,2010-05-26T06:00:00,72
train_075110_lead006,train,4,75107,75110,75111,2010-05-29T18:00:00,2010-05-30T12:00:00,2010-05-30T18:00:00,6
train_075110_lead024,train,4,75107,75110,75114,2010-05-29T18:00:00,2010-05-30T12:00:00,2010-05-31T12:00:00,24
train_075110_lead072,train,4,75107,75110,75122,2010-05-29T18:00:00,2010-05-30T12:00:00,2010-06-02T12:00:00,72
train_075138_lead006,train,4,75135,75138,75139,2010-06-05T18:00:00,2010-06-06T12:00:00,2010-06-06T18:00:00,6
train_075138_lead024,train,4,75135,75138,75142,2010-06-05T18:00:00,2010-06-06T12:00:00,2010-06-07T12:00:00,24
train_075138_lead072,train,4,75135,75138,75150,2010-06-05T18:00:00,2010-06-06T12:00:00,2010-06-09T12:00:00,72
train_075167_lead006,train,4,75164,75167,75168,2010-06-13T00:00:00,2010-06-13T18:00:00,2010-06-14T00:00:00,6
train_075167_lead024,train,4,75164,75167,75171,2010-06-13T00:00:00,2010-06-13T18:00:00,2010-06-14T18:00:00,24
train_075167_lead072,train,4,75164,75167,75179,2010-06-13T00:00:00,2010-06-13T18:00:00,2010-06-16T18:00:00,72
train_075195_lead006,train,4,75192,75195,75196,2010-06-20T00:00:00,2010-06-20T18:00:00,2010-06-21T00:00:00,6
train_075195_lead024,train,4,75192,75195,75199,2010-06-20T00:00:00,2010-06-20T18:00:00,2010-06-21T18:00:00,24
train_075195_lead072,train,4,75192,75195,75207,2010-06-20T00:00:00,2010-06-20T18:00:00,2010-06-23T18:00:00,72
train_075224_lead006,train,4,75221,75224,75225,2010-06-27T06:00:00,2010-06-28T00:00:00,2010-06-28T06:00:00,6
train_075224_lead024,train,4,75221,75224,75228,2010-06-27T06:00:00,2010-06-28T00:00:00,2010-06-29T00:00:00,24
train_075224_lead072,train,4,75221,75224,75236,2010-06-27T06:00:00,2010-06-28T00:00:00,2010-07-01T00:00:00,72
train_075252_lead006,train,4,75249,75252,75253,2010-07-04T06:00:00,2010-07-05T00:00:00,2010-07-05T06:00:00,6
train_075252_lead024,train,4,75249,75252,75256,2010-07-04T06:00:00,2010-07-05T00:00:00,2010-07-06T00:00:00,24
train_075252_lead072,train,4,75249,75252,75264,2010-07-04T06:00:00,2010-07-05T00:00:00,2010-07-08T00:00:00,72
train_075281_lead006,train,4,75278,75281,75282,2010-07-11T12:00:00,2010-07-12T06:00:00,2010-07-12T12:00:00,6
train_075281_lead024,train,4,75278,75281,75285,2010-07-11T12:00:00,2010-07-12T06:00:00,2010-07-13T06:00:00,24
train_075281_lead072,train,4,75278,75281,75293,2010-07-11T12:00:00,2010-07-12T06:00:00,2010-07-15T06:00:00,72
train_075309_lead006,train,4,75306,75309,75310,2010-07-18T12:00:00,2010-07-19T06:00:00,2010-07-19T12:00:00,6
train_075309_lead024,train,4,75306,75309,75313,2010-07-18T12:00:00,2010-07-19T06:00:00,2010-07-20T06:00:00,24
train_075309_lead072,train,4,75306,75309,75321,2010-07-18T12:00:00,2010-07-19T06:00:00,2010-07-22T06:00:00,72
train_075338_lead006,train,4,75335,75338,75339,2010-07-25T18:00:00,2010-07-26T12:00:00,2010-07-26T18:00:00,6
train_075338_lead024,train,4,75335,75338,75342,2010-07-25T18:00:00,2010-07-26T12:00:00,2010-07-27T12:00:00,24
train_075338_lead072,train,4,75335,75338,75350,2010-07-25T18:00:00,2010-07-26T12:00:00,2010-07-29T12:00:00,72
train_075366_lead006,train,4,75363,75366,75367,2010-08-01T18:00:00,2010-08-02T12:00:00,2010-08-02T18:00:00,6
train_075366_lead024,train,4,75363,75366,75370,2010-08-01T18:00:00,2010-08-02T12:00:00,2010-08-03T12:00:00,24
train_075366_lead072,train,4,75363,75366,75378,2010-08-01T18:00:00,2010-08-02T12:00:00,2010-08-05T12:00:00,72
train_075395_lead006,train,4,75392,75395,75396,2010-08-09T00:00:00,2010-08-09T18:00:00,2010-08-10T00:00:00,6
train_075395_lead024,train,4,75392,75395,75399,2010-08-09T00:00:00,2010-08-09T18:00:00,2010-08-10T18:00:00,24
train_075395_lead072,train,4,75392,75395,75407,2010-08-09T00:00:00,2010-08-09T18:00:00,2010-08-12T18:00:00,72
train_075423_lead006,train,4,75420,75423,75424,2010-08-16T00:00:00,2010-08-16T18:00:00,2010-08-17T00:00:00,6
train_075423_lead024,train,4,75420,75423,75427,2010-08-16T00:00:00,2010-08-16T18:00:00,2010-08-17T18:00:00,24
train_075423_lead072,train,4,75420,75423,75435,2010-08-16T00:00:00,2010-08-16T18:00:00,2010-08-19T18:00:00,72
train_075452_lead006,train,4,75449,75452,75453,2010-08-23T06:00:00,2010-08-24T00:00:00,2010-08-24T06:00:00,6
train_075452_lead024,train,4,75449,75452,75456,2010-08-23T06:00:00,2010-08-24T00:00:00,2010-08-25T00:00:00,24
train_075452_lead072,train,4,75449,75452,75464,2010-08-23T06:00:00,2010-08-24T00:00:00,2010-08-27T00:00:00,72
train_075480_lead006,train,4,75477,75480,75481,2010-08-30T06:00:00,2010-08-31T00:00:00,2010-08-31T06:00:00,6
train_075480_lead024,train,4,75477,75480,75484,2010-08-30T06:00:00,2010-08-31T00:00:00,2010-09-01T00:00:00,24
train_075480_lead072,train,4,75477,75480,75492,2010-08-30T06:00:00,2010-08-31T00:00:00,2010-09-03T00:00:00,72
train_075509_lead006,train,4,75506,75509,75510,2010-09-06T12:00:00,2010-09-07T06:00:00,2010-09-07T12:00:00,6
train_075509_lead024,train,4,75506,75509,75513,2010-09-06T12:00:00,2010-09-07T06:00:00,2010-09-08T06:00:00,24
train_075509_lead072,train,4,75506,75509,75521,2010-09-06T12:00:00,2010-09-07T06:00:00,2010-09-10T06:00:00,72
train_075537_lead006,train,4,75534,75537,75538,2010-09-13T12:00:00,2010-09-14T06:00:00,2010-09-14T12:00:00,6
train_075537_lead024,train,4,75534,75537,75541,2010-09-13T12:00:00,2010-09-14T06:00:00,2010-09-15T06:00:00,24
train_075537_lead072,train,4,75534,75537,75549,2010-09-13T12:00:00,2010-09-14T06:00:00,2010-09-17T06:00:00,72
train_075566_lead006,train,4,75563,75566,75567,2010-09-20T18:00:00,2010-09-21T12:00:00,2010-09-21T18:00:00,6
train_075566_lead024,train,4,75563,75566,75570,2010-09-20T18:00:00,2010-09-21T12:00:00,2010-09-22T12:00:00,24
train_075566_lead072,train,4,75563,75566,75578,2010-09-20T18:00:00,2010-09-21T12:00:00,2010-09-24T12:00:00,72
train_075594_lead006,train,4,75591,75594,75595,2010-09-27T18:00:00,2010-09-28T12:00:00,2010-09-28T18:00:00,6
train_075594_lead024,train,4,75591,75594,75598,2010-09-27T18:00:00,2010-09-28T12:00:00,2010-09-29T12:00:00,24
train_075594_lead072,train,4,75591,75594,75606,2010-09-27T18:00:00,2010-09-28T12:00:00,2010-10-01T12:00:00,72
train_075623_lead006,train,4,75620,75623,75624,2010-10-05T00:00:00,2010-10-05T18:00:00,2010-10-06T00:00:00,6
train_075623_lead024,train,4,75620,75623,75627,2010-10-05T00:00:00,2010-10-05T18:00:00,2010-10-06T18:00:00,24
train_075623_lead072,train,4,75620,75623,75635,2010-10-05T00:00:00,2010-10-05T18:00:00,2010-10-08T18:00:00,72
train_075652_lead006,train,4,75649,75652,75653,2010-10-12T06:00:00,2010-10-13T00:00:00,2010-10-13T06:00:00,6
train_075652_lead024,train,4,75649,75652,75656,2010-10-12T06:00:00,2010-10-13T00:00:00,2010-10-14T00:00:00,24
train_075652_lead072,train,4,75649,75652,75664,2010-10-12T06:00:00,2010-10-13T00:00:00,2010-10-16T00:00:00,72
train_075680_lead006,train,4,75677,75680,75681,2010-10-19T06:00:00,2010-10-20T00:00:00,2010-10-20T06:00:00,6
train_075680_lead024,train,4,75677,75680,75684,2010-10-19T06:00:00,2010-10-20T00:00:00,2010-10-21T00:00:00,24
train_075680_lead072,train,4,75677,75680,75692,2010-10-19T06:00:00,2010-10-20T00:00:00,2010-10-23T00:00:00,72
train_075709_lead006,train,4,75706,75709,75710,2010-10-26T12:00:00,2010-10-27T06:00:00,2010-10-27T12:00:00,6
train_075709_lead024,train,4,75706,75709,75713,2010-10-26T12:00:00,2010-10-27T06:00:00,2010-10-28T06:00:00,24
train_075709_lead072,train,4,75706,75709,75721,2010-10-26T12:00:00,2010-10-27T06:00:00,2010-10-30T06:00:00,72
train_075737_lead006,train,4,75734,75737,75738,2010-11-02T12:00:00,2010-11-03T06:00:00,2010-11-03T12:00:00,6
train_075737_lead024,train,4,75734,75737,75741,2010-11-02T12:00:00,2010-11-03T06:00:00,2010-11-04T06:00:00,24
train_075737_lead072,train,4,75734,75737,75749,2010-11-02T12:00:00,2010-11-03T06:00:00,2010-11-06T06:00:00,72
train_075766_lead006,train,4,75763,75766,75767,2010-11-09T18:00:00,2010-11-10T12:00:00,2010-11-10T18:00:00,6
train_075766_lead024,train,4,75763,75766,75770,2010-11-09T18:00:00,2010-11-10T12:00:00,2010-11-11T12:00:00,24
train_075766_lead072,train,4,75763,75766,75778,2010-11-09T18:00:00,2010-11-10T12:00:00,2010-11-13T12:00:00,72
train_075794_lead006,train,4,75791,75794,75795,2010-11-16T18:00:00,2010-11-17T12:00:00,2010-11-17T18:00:00,6
train_075794_lead024,train,4,75791,75794,75798,2010-11-16T18:00:00,2010-11-17T12:00:00,2010-11-18T12:00:00,24
train_075794_lead072,train,4,75791,75794,75806,2010-11-16T18:00:00,2010-11-17T12:00:00,2010-11-20T12:00:00,72
train_075823_lead006,train,4,75820,75823,75824,2010-11-24T00:00:00,2010-11-24T18:00:00,2010-11-25T00:00:00,6
train_075823_lead024,train,4,75820,75823,75827,2010-11-24T00:00:00,2010-11-24T18:00:00,2010-11-25T18:00:00,24
train_075823_lead072,train,4,75820,75823,75835,2010-11-24T00:00:00,2010-11-24T18:00:00,2010-11-27T18:00:00,72
train_075851_lead006,train,4,75848,75851,75852,2010-12-01T00:00:00,2010-12-01T18:00:00,2010-12-02T00:00:00,6
train_075851_lead024,train,4,75848,75851,75855,2010-12-01T00:00:00,2010-12-01T18:00:00,2010-12-02T18:00:00,24
train_075851_lead072,train,4,75848,75851,75863,2010-12-01T00:00:00,2010-12-01T18:00:00,2010-12-04T18:00:00,72
train_075880_lead006,train,4,75877,75880,75881,2010-12-08T06:00:00,2010-12-09T00:00:00,2010-12-09T06:00:00,6
train_075880_lead024,train,4,75877,75880,75884,2010-12-08T06:00:00,2010-12-09T00:00:00,2010-12-10T00:00:00,24
train_075880_lead072,train,4,75877,75880,75892,2010-12-08T06:00:00,2010-12-09T00:00:00,2010-12-12T00:00:00,72
train_075908_lead006,train,4,75905,75908,75909,2010-12-15T06:00:00,2010-12-16T00:00:00,2010-12-16T06:00:00,6
train_075908_lead024,train,4,75905,75908,75912,2010-12-15T06:00:00,2010-12-16T00:00:00,2010-12-17T00:00:00,24
train_075908_lead072,train,4,75905,75908,75920,2010-12-15T06:00:00,2010-12-16T00:00:00,2010-12-19T00:00:00,72
train_075937_lead006,train,4,75934,75937,75938,2010-12-22T12:00:00,2010-12-23T06:00:00,2010-12-23T12:00:00,6
train_075937_lead024,train,4,75934,75937,75941,2010-12-22T12:00:00,2010-12-23T06:00:00,2010-12-24T06:00:00,24
train_075937_lead072,train,4,75934,75937,75949,2010-12-22T12:00:00,2010-12-23T06:00:00,2010-12-26T06:00:00,72
train_075965_lead006,train,4,75962,75965,75966,2010-12-29T12:00:00,2010-12-30T06:00:00,2010-12-30T12:00:00,6
train_075965_lead024,train,4,75962,75965,75969,2010-12-29T12:00:00,2010-12-30T06:00:00,2010-12-31T06:00:00,24
train_075965_lead072,train,4,75962,75965,75977,2010-12-29T12:00:00,2010-12-30T06:00:00,2011-01-02T06:00:00,72
train_075994_lead006,train,4,75991,75994,75995,2011-01-05T18:00:00,2011-01-06T12:00:00,2011-01-06T18:00:00,6
train_075994_lead024,train,4,75991,75994,75998,2011-01-05T18:00:00,2011-01-06T12:00:00,2011-01-07T12:00:00,24
train_075994_lead072,train,4,75991,75994,76006,2011-01-05T18:00:00,2011-01-06T12:00:00,2011-01-09T12:00:00,72
train_076022_lead006,train,4,76019,76022,76023,2011-01-12T18:00:00,2011-01-13T12:00:00,2011-01-13T18:00:00,6
train_076022_lead024,train,4,76019,76022,76026,2011-01-12T18:00:00,2011-01-13T12:00:00,2011-01-14T12:00:00,24
train_076022_lead072,train,4,76019,76022,76034,2011-01-12T18:00:00,2011-01-13T12:00:00,2011-01-16T12:00:00,72
train_076051_lead006,train,4,76048,76051,76052,2011-01-20T00:00:00,2011-01-20T18:00:00,2011-01-21T00:00:00,6
train_076051_lead024,train,4,76048,76051,76055,2011-01-20T00:00:00,2011-01-20T18:00:00,2011-01-21T18:00:00,24
train_076051_lead072,train,4,76048,76051,76063,2011-01-20T00:00:00,2011-01-20T18:00:00,2011-01-23T18:00:00,72
train_076079_lead006,train,4,76076,76079,76080,2011-01-27T00:00:00,2011-01-27T18:00:00,2011-01-28T00:00:00,6
train_076079_lead024,train,4,76076,76079,76083,2011-01-27T00:00:00,2011-01-27T18:00:00,2011-01-28T18:00:00,24
train_076079_lead072,train,4,76076,76079,76091,2011-01-27T00:00:00,2011-01-27T18:00:00,2011-01-30T18:00:00,72
train_076108_lead006,train,4,76105,76108,76109,2011-02-03T06:00:00,2011-02-04T00:00:00,2011-02-04T06:00:00,6
train_076108_lead024,train,4,76105,76108,76112,2011-02-03T06:00:00,2011-02-04T00:00:00,2011-02-05T00:00:00,24
train_076108_lead072,train,4,76105,76108,76120,2011-02-03T06:00:00,2011-02-04T00:00:00,2011-02-07T00:00:00,72
train_076137_lead006,train,4,76134,76137,76138,2011-02-10T12:00:00,2011-02-11T06:00:00,2011-02-11T12:00:00,6
train_076137_lead024,train,4,76134,76137,76141,2011-02-10T12:00:00,2011-02-11T06:00:00,2011-02-12T06:00:00,24
train_076137_lead072,train,4,76134,76137,76149,2011-02-10T12:00:00,2011-02-11T06:00:00,2011-02-14T06:00:00,72
train_076165_lead006,train,4,76162,76165,76166,2011-02-17T12:00:00,2011-02-18T06:00:00,2011-02-18T12:00:00,6
train_076165_lead024,train,4,76162,76165,76169,2011-02-17T12:00:00,2011-02-18T06:00:00,2011-02-19T06:00:00,24
train_076165_lead072,train,4,76162,76165,76177,2011-02-17T12:00:00,2011-02-18T06:00:00,2011-02-21T06:00:00,72
train_076194_lead006,train,4,76191,76194,76195,2011-02-24T18:00:00,2011-02-25T12:00:00,2011-02-25T18:00:00,6
train_076194_lead024,train,4,76191,76194,76198,2011-02-24T18:00:00,2011-02-25T12:00:00,2011-02-26T12:00:00,24
train_076194_lead072,train,4,76191,76194,76206,2011-02-24T18:00:00,2011-02-25T12:00:00,2011-02-28T12:00:00,72
train_076222_lead006,train,4,76219,76222,76223,2011-03-03T18:00:00,2011-03-04T12:00:00,2011-03-04T18:00:00,6
train_076222_lead024,train,4,76219,76222,76226,2011-03-03T18:00:00,2011-03-04T12:00:00,2011-03-05T12:00:00,24
train_076222_lead072,train,4,76219,76222,76234,2011-03-03T18:00:00,2011-03-04T12:00:00,2011-03-07T12:00:00,72
train_076251_lead006,train,4,76248,76251,76252,2011-03-11T00:00:00,2011-03-11T18:00:00,2011-03-12T00:00:00,6
train_076251_lead024,train,4,76248,76251,76255,2011-03-11T00:00:00,2011-03-11T18:00:00,2011-03-12T18:00:00,24
train_076251_lead072,train,4,76248,76251,76263,2011-03-11T00:00:00,2011-03-11T18:00:00,2011-03-14T18:00:00,72
train_076279_lead006,train,4,76276,76279,76280,2011-03-18T00:00:00,2011-03-18T18:00:00,2011-03-19T00:00:00,6
train_076279_lead024,train,4,76276,76279,76283,2011-03-18T00:00:00,2011-03-18T18:00:00,2011-03-19T18:00:00,24
train_076279_lead072,train,4,76276,76279,76291,2011-03-18T00:00:00,2011-03-18T18:00:00,2011-03-21T18:00:00,72
train_076308_lead006,train,4,76305,76308,76309,2011-03-25T06:00:00,2011-03-26T00:00:00,2011-03-26T06:00:00,6
train_076308_lead024,train,4,76305,76308,76312,2011-03-25T06:00:00,2011-03-26T00:00:00,2011-03-27T00:00:00,24
train_076308_lead072,train,4,76305,76308,76320,2011-03-25T06:00:00,2011-03-26T00:00:00,2011-03-29T00:00:00,72
train_076336_lead006,train,4,76333,76336,76337,2011-04-01T06:00:00,2011-04-02T00:00:00,2011-04-02T06:00:00,6
train_076336_lead024,train,4,76333,76336,76340,2011-04-01T06:00:00,2011-04-02T00:00:00,2011-04-03T00:00:00,24
train_076336_lead072,train,4,76333,76336,76348,2011-04-01T06:00:00,2011-04-02T00:00:00,2011-04-05T00:00:00,72
train_076365_lead006,train,4,76362,76365,76366,2011-04-08T12:00:00,2011-04-09T06:00:00,2011-04-09T12:00:00,6
train_076365_lead024,train,4,76362,76365,76369,2011-04-08T12:00:00,2011-04-09T06:00:00,2011-04-10T06:00:00,24
train_076365_lead072,train,4,76362,76365,76377,2011-04-08T12:00:00,2011-04-09T06:00:00,2011-04-12T06:00:00,72
train_076393_lead006,train,4,76390,76393,76394,2011-04-15T12:00:00,2011-04-16T06:00:00,2011-04-16T12:00:00,6
train_076393_lead024,train,4,76390,76393,76397,2011-04-15T12:00:00,2011-04-16T06:00:00,2011-04-17T06:00:00,24
train_076393_lead072,train,4,76390,76393,76405,2011-04-15T12:00:00,2011-04-16T06:00:00,2011-04-19T06:00:00,72
train_076422_lead006,train,4,76419,76422,76423,2011-04-22T18:00:00,2011-04-23T12:00:00,2011-04-23T18:00:00,6
train_076422_lead024,train,4,76419,76422,76426,2011-04-22T18:00:00,2011-04-23T12:00:00,2011-04-24T12:00:00,24
train_076422_lead072,train,4,76419,76422,76434,2011-04-22T18:00:00,2011-04-23T12:00:00,2011-04-26T12:00:00,72
train_076450_lead006,train,4,76447,76450,76451,2011-04-29T18:00:00,2011-04-30T12:00:00,2011-04-30T18:00:00,6
train_076450_lead024,train,4,76447,76450,76454,2011-04-29T18:00:00,2011-04-30T12:00:00,2011-05-01T12:00:00,24
train_076450_lead072,train,4,76447,76450,76462,2011-04-29T18:00:00,2011-04-30T12:00:00,2011-05-03T12:00:00,72
train_076479_lead006,train,4,76476,76479,76480,2011-05-07T00:00:00,2011-05-07T18:00:00,2011-05-08T00:00:00,6
train_076479_lead024,train,4,76476,76479,76483,2011-05-07T00:00:00,2011-05-07T18:00:00,2011-05-08T18:00:00,24
train_076479_lead072,train,4,76476,76479,76491,2011-05-07T00:00:00,2011-05-07T18:00:00,2011-05-10T18:00:00,72
train_076507_lead006,train,4,76504,76507,76508,2011-05-14T00:00:00,2011-05-14T18:00:00,2011-05-15T00:00:00,6
train_076507_lead024,train,4,76504,76507,76511,2011-05-14T00:00:00,2011-05-14T18:00:00,2011-05-15T18:00:00,24
train_076507_lead072,train,4,76504,76507,76519,2011-05-14T00:00:00,2011-05-14T18:00:00,2011-05-17T18:00:00,72
train_076536_lead006,train,4,76533,76536,76537,2011-05-21T06:00:00,2011-05-22T00:00:00,2011-05-22T06:00:00,6
train_076536_lead024,train,4,76533,76536,76540,2011-05-21T06:00:00,2011-05-22T00:00:00,2011-05-23T00:00:00,24
train_076536_lead072,train,4,76533,76536,76548,2011-05-21T06:00:00,2011-05-22T00:00:00,2011-05-25T00:00:00,72
train_076564_lead006,train,4,76561,76564,76565,2011-05-28T06:00:00,2011-05-29T00:00:00,2011-05-29T06:00:00,6
train_076564_lead024,train,4,76561,76564,76568,2011-05-28T06:00:00,2011-05-29T00:00:00,2011-05-30T00:00:00,24
train_076564_lead072,train,4,76561,76564,76576,2011-05-28T06:00:00,2011-05-29T00:00:00,2011-06-01T00:00:00,72
train_076593_lead006,train,4,76590,76593,76594,2011-06-04T12:00:00,2011-06-05T06:00:00,2011-06-05T12:00:00,6
train_076593_lead024,train,4,76590,76593,76597,2011-06-04T12:00:00,2011-06-05T06:00:00,2011-06-06T06:00:00,24
train_076593_lead072,train,4,76590,76593,76605,2011-06-04T12:00:00,2011-06-05T06:00:00,2011-06-08T06:00:00,72
train_076621_lead006,train,4,76618,76621,76622,2011-06-11T12:00:00,2011-06-12T06:00:00,2011-06-12T12:00:00,6
train_076621_lead024,train,4,76618,76621,76625,2011-06-11T12:00:00,2011-06-12T06:00:00,2011-06-13T06:00:00,24
train_076621_lead072,train,4,76618,76621,76633,2011-06-11T12:00:00,2011-06-12T06:00:00,2011-06-15T06:00:00,72
train_076650_lead006,train,4,76647,76650,76651,2011-06-18T18:00:00,2011-06-19T12:00:00,2011-06-19T18:00:00,6
train_076650_lead024,train,4,76647,76650,76654,2011-06-18T18:00:00,2011-06-19T12:00:00,2011-06-20T12:00:00,24
train_076650_lead072,train,4,76647,76650,76662,2011-06-18T18:00:00,2011-06-19T12:00:00,2011-06-22T12:00:00,72
train_076679_lead006,train,4,76676,76679,76680,2011-06-26T00:00:00,2011-06-26T18:00:00,2011-06-27T00:00:00,6
train_076679_lead024,train,4,76676,76679,76683,2011-06-26T00:00:00,2011-06-26T18:00:00,2011-06-27T18:00:00,24
train_076679_lead072,train,4,76676,76679,76691,2011-06-26T00:00:00,2011-06-26T18:00:00,2011-06-29T18:00:00,72
train_076707_lead006,train,4,76704,76707,76708,2011-07-03T00:00:00,2011-07-03T18:00:00,2011-07-04T00:00:00,6
train_076707_lead024,train,4,76704,76707,76711,2011-07-03T00:00:00,2011-07-03T18:00:00,2011-07-04T18:00:00,24
train_076707_lead072,train,4,76704,76707,76719,2011-07-03T00:00:00,2011-07-03T18:00:00,2011-07-06T18:00:00,72
train_076736_lead006,train,4,76733,76736,76737,2011-07-10T06:00:00,2011-07-11T00:00:00,2011-07-11T06:00:00,6
train_076736_lead024,train,4,76733,76736,76740,2011-07-10T06:00:00,2011-07-11T00:00:00,2011-07-12T00:00:00,24
train_076736_lead072,train,4,76733,76736,76748,2011-07-10T06:00:00,2011-07-11T00:00:00,2011-07-14T00:00:00,72
train_076764_lead006,train,4,76761,76764,76765,2011-07-17T06:00:00,2011-07-18T00:00:00,2011-07-18T06:00:00,6
train_076764_lead024,train,4,76761,76764,76768,2011-07-17T06:00:00,2011-07-18T00:00:00,2011-07-19T00:00:00,24
train_076764_lead072,train,4,76761,76764,76776,2011-07-17T06:00:00,2011-07-18T00:00:00,2011-07-21T00:00:00,72
train_076793_lead006,train,4,76790,76793,76794,2011-07-24T12:00:00,2011-07-25T06:00:00,2011-07-25T12:00:00,6
train_076793_lead024,train,4,76790,76793,76797,2011-07-24T12:00:00,2011-07-25T06:00:00,2011-07-26T06:00:00,24
train_076793_lead072,train,4,76790,76793,76805,2011-07-24T12:00:00,2011-07-25T06:00:00,2011-07-28T06:00:00,72
train_076821_lead006,train,4,76818,76821,76822,2011-07-31T12:00:00,2011-08-01T06:00:00,2011-08-01T12:00:00,6
train_076821_lead024,train,4,76818,76821,76825,2011-07-31T12:00:00,2011-08-01T06:00:00,2011-08-02T06:00:00,24
train_076821_lead072,train,4,76818,76821,76833,2011-07-31T12:00:00,2011-08-01T06:00:00,2011-08-04T06:00:00,72
train_076850_lead006,train,4,76847,76850,76851,2011-08-07T18:00:00,2011-08-08T12:00:00,2011-08-08T18:00:00,6
train_076850_lead024,train,4,76847,76850,76854,2011-08-07T18:00:00,2011-08-08T12:00:00,2011-08-09T12:00:00,24
train_076850_lead072,train,4,76847,76850,76862,2011-08-07T18:00:00,2011-08-08T12:00:00,2011-08-11T12:00:00,72
train_076878_lead006,train,4,76875,76878,76879,2011-08-14T18:00:00,2011-08-15T12:00:00,2011-08-15T18:00:00,6
train_076878_lead024,train,4,76875,76878,76882,2011-08-14T18:00:00,2011-08-15T12:00:00,2011-08-16T12:00:00,24
train_076878_lead072,train,4,76875,76878,76890,2011-08-14T18:00:00,2011-08-15T12:00:00,2011-08-18T12:00:00,72
train_076907_lead006,train,4,76904,76907,76908,2011-08-22T00:00:00,2011-08-22T18:00:00,2011-08-23T00:00:00,6
train_076907_lead024,train,4,76904,76907,76911,2011-08-22T00:00:00,2011-08-22T18:00:00,2011-08-23T18:00:00,24
train_076907_lead072,train,4,76904,76907,76919,2011-08-22T00:00:00,2011-08-22T18:00:00,2011-08-25T18:00:00,72
train_076935_lead006,train,4,76932,76935,76936,2011-08-29T00:00:00,2011-08-29T18:00:00,2011-08-30T00:00:00,6
train_076935_lead024,train,4,76932,76935,76939,2011-08-29T00:00:00,2011-08-29T18:00:00,2011-08-30T18:00:00,24
train_076935_lead072,train,4,76932,76935,76947,2011-08-29T00:00:00,2011-08-29T18:00:00,2011-09-01T18:00:00,72
train_076964_lead006,train,4,76961,76964,76965,2011-09-05T06:00:00,2011-09-06T00:00:00,2011-09-06T06:00:00,6
train_076964_lead024,train,4,76961,76964,76968,2011-09-05T06:00:00,2011-09-06T00:00:00,2011-09-07T00:00:00,24
train_076964_lead072,train,4,76961,76964,76976,2011-09-05T06:00:00,2011-09-06T00:00:00,2011-09-09T00:00:00,72
train_076992_lead006,train,4,76989,76992,76993,2011-09-12T06:00:00,2011-09-13T00:00:00,2011-09-13T06:00:00,6
train_076992_lead024,train,4,76989,76992,76996,2011-09-12T06:00:00,2011-09-13T00:00:00,2011-09-14T00:00:00,24
train_076992_lead072,train,4,76989,76992,77004,2011-09-12T06:00:00,2011-09-13T00:00:00,2011-09-16T00:00:00,72
train_077021_lead006,train,4,77018,77021,77022,2011-09-19T12:00:00,2011-09-20T06:00:00,2011-09-20T12:00:00,6
train_077021_lead024,train,4,77018,77021,77025,2011-09-19T12:00:00,2011-09-20T06:00:00,2011-09-21T06:00:00,24
train_077021_lead072,train,4,77018,77021,77033,2011-09-19T12:00:00,2011-09-20T06:00:00,2011-09-23T06:00:00,72
train_077049_lead006,train,4,77046,77049,77050,2011-09-26T12:00:00,2011-09-27T06:00:00,2011-09-27T12:00:00,6
train_077049_lead024,train,4,77046,77049,77053,2011-09-26T12:00:00,2011-09-27T06:00:00,2011-09-28T06:00:00,24
train_077049_lead072,train,4,77046,77049,77061,2011-09-26T12:00:00,2011-09-27T06:00:00,2011-09-30T06:00:00,72
train_077078_lead006,train,4,77075,77078,77079,2011-10-03T18:00:00,2011-10-04T12:00:00,2011-10-04T18:00:00,6
train_077078_lead024,train,4,77075,77078,77082,2011-10-03T18:00:00,2011-10-04T12:00:00,2011-10-05T12:00:00,24
train_077078_lead072,train,4,77075,77078,77090,2011-10-03T18:00:00,2011-10-04T12:00:00,2011-10-07T12:00:00,72
train_077106_lead006,train,4,77103,77106,77107,2011-10-10T18:00:00,2011-10-11T12:00:00,2011-10-11T18:00:00,6
train_077106_lead024,train,4,77103,77106,77110,2011-10-10T18:00:00,2011-10-11T12:00:00,2011-10-12T12:00:00,24
train_077106_lead072,train,4,77103,77106,77118,2011-10-10T18:00:00,2011-10-11T12:00:00,2011-10-14T12:00:00,72
train_077135_lead006,train,4,77132,77135,77136,2011-10-18T00:00:00,2011-10-18T18:00:00,2011-10-19T00:00:00,6
train_077135_lead024,train,4,77132,77135,77139,2011-10-18T00:00:00,2011-10-18T18:00:00,2011-10-19T18:00:00,24
train_077135_lead072,train,4,77132,77135,77147,2011-10-18T00:00:00,2011-10-18T18:00:00,2011-10-21T18:00:00,72
train_077164_lead006,train,4,77161,77164,77165,2011-10-25T06:00:00,2011-10-26T00:00:00,2011-10-26T06:00:00,6
train_077164_lead024,train,4,77161,77164,77168,2011-10-25T06:00:00,2011-10-26T00:00:00,2011-10-27T00:00:00,24
train_077164_lead072,train,4,77161,77164,77176,2011-10-25T06:00:00,2011-10-26T00:00:00,2011-10-29T00:00:00,72
train_077192_lead006,train,4,77189,77192,77193,2011-11-01T06:00:00,2011-11-02T00:00:00,2011-11-02T06:00:00,6
train_077192_lead024,train,4,77189,77192,77196,2011-11-01T06:00:00,2011-11-02T00:00:00,2011-11-03T00:00:00,24
train_077192_lead072,train,4,77189,77192,77204,2011-11-01T06:00:00,2011-11-02T00:00:00,2011-11-05T00:00:00,72
train_077221_lead006,train,4,77218,77221,77222,2011-11-08T12:00:00,2011-11-09T06:00:00,2011-11-09T12:00:00,6
train_077221_lead024,train,4,77218,77221,77225,2011-11-08T12:00:00,2011-11-09T06:00:00,2011-11-10T06:00:00,24
train_077221_lead072,train,4,77218,77221,77233,2011-11-08T12:00:00,2011-11-09T06:00:00,2011-11-12T06:00:00,72
train_077249_lead006,train,4,77246,77249,77250,2011-11-15T12:00:00,2011-11-16T06:00:00,2011-11-16T12:00:00,6
train_077249_lead024,train,4,77246,77249,77253,2011-11-15T12:00:00,2011-11-16T06:00:00,2011-11-17T06:00:00,24
train_077249_lead072,train,4,77246,77249,77261,2011-11-15T12:00:00,2011-11-16T06:00:00,2011-11-19T06:00:00,72
train_077278_lead006,train,4,77275,77278,77279,2011-11-22T18:00:00,2011-11-23T12:00:00,2011-11-23T18:00:00,6
train_077278_lead024,train,4,77275,77278,77282,2011-11-22T18:00:00,2011-11-23T12:00:00,2011-11-24T12:00:00,24
train_077278_lead072,train,4,77275,77278,77290,2011-11-22T18:00:00,2011-11-23T12:00:00,2011-11-26T12:00:00,72
train_077306_lead006,train,4,77303,77306,77307,2011-11-29T18:00:00,2011-11-30T12:00:00,2011-11-30T18:00:00,6
train_077306_lead024,train,4,77303,77306,77310,2011-11-29T18:00:00,2011-11-30T12:00:00,2011-12-01T12:00:00,24
train_077306_lead072,train,4,77303,77306,77318,2011-11-29T18:00:00,2011-11-30T12:00:00,2011-12-03T12:00:00,72
train_077335_lead006,train,4,77332,77335,77336,2011-12-07T00:00:00,2011-12-07T18:00:00,2011-12-08T00:00:00,6
train_077335_lead024,train,4,77332,77335,77339,2011-12-07T00:00:00,2011-12-07T18:00:00,2011-12-08T18:00:00,24
train_077335_lead072,train,4,77332,77335,77347,2011-12-07T00:00:00,2011-12-07T18:00:00,2011-12-10T18:00:00,72
train_077363_lead006,train,4,77360,77363,77364,2011-12-14T00:00:00,2011-12-14T18:00:00,2011-12-15T00:00:00,6
train_077363_lead024,train,4,77360,77363,77367,2011-12-14T00:00:00,2011-12-14T18:00:00,2011-12-15T18:00:00,24
train_077363_lead072,train,4,77360,77363,77375,2011-12-14T00:00:00,2011-12-14T18:00:00,2011-12-17T18:00:00,72
train_077392_lead006,train,4,77389,77392,77393,2011-12-21T06:00:00,2011-12-22T00:00:00,2011-12-22T06:00:00,6
train_077392_lead024,train,4,77389,77392,77396,2011-12-21T06:00:00,2011-12-22T00:00:00,2011-12-23T00:00:00,24
train_077392_lead072,train,4,77389,77392,77404,2011-12-21T06:00:00,2011-12-22T00:00:00,2011-12-25T00:00:00,72
train_077420_lead006,train,4,77417,77420,77421,2011-12-28T06:00:00,2011-12-29T00:00:00,2011-12-29T06:00:00,6
train_077420_lead024,train,4,77417,77420,77424,2011-12-28T06:00:00,2011-12-29T00:00:00,2011-12-30T00:00:00,24
train_077420_lead072,train,4,77417,77420,77432,2011-12-28T06:00:00,2011-12-29T00:00:00,2012-01-01T00:00:00,72
train_077449_lead006,train,4,77446,77449,77450,2012-01-04T12:00:00,2012-01-05T06:00:00,2012-01-05T12:00:00,6
train_077449_lead024,train,4,77446,77449,77453,2012-01-04T12:00:00,2012-01-05T06:00:00,2012-01-06T06:00:00,24
train_077449_lead072,train,4,77446,77449,77461,2012-01-04T12:00:00,2012-01-05T06:00:00,2012-01-08T06:00:00,72
train_077477_lead006,train,4,77474,77477,77478,2012-01-11T12:00:00,2012-01-12T06:00:00,2012-01-12T12:00:00,6
train_077477_lead024,train,4,77474,77477,77481,2012-01-11T12:00:00,2012-01-12T06:00:00,2012-01-13T06:00:00,24
train_077477_lead072,train,4,77474,77477,77489,2012-01-11T12:00:00,2012-01-12T06:00:00,2012-01-15T06:00:00,72
train_077506_lead006,train,4,77503,77506,77507,2012-01-18T18:00:00,2012-01-19T12:00:00,2012-01-19T18:00:00,6
train_077506_lead024,train,4,77503,77506,77510,2012-01-18T18:00:00,2012-01-19T12:00:00,2012-01-20T12:00:00,24
train_077506_lead072,train,4,77503,77506,77518,2012-01-18T18:00:00,2012-01-19T12:00:00,2012-01-22T12:00:00,72
train_077534_lead006,train,4,77531,77534,77535,2012-01-25T18:00:00,2012-01-26T12:00:00,2012-01-26T18:00:00,6
train_077534_lead024,train,4,77531,77534,77538,2012-01-25T18:00:00,2012-01-26T12:00:00,2012-01-27T12:00:00,24
train_077534_lead072,train,4,77531,77534,77546,2012-01-25T18:00:00,2012-01-26T12:00:00,2012-01-29T12:00:00,72
train_077563_lead006,train,4,77560,77563,77564,2012-02-02T00:00:00,2012-02-02T18:00:00,2012-02-03T00:00:00,6
train_077563_lead024,train,4,77560,77563,77567,2012-02-02T00:00:00,2012-02-02T18:00:00,2012-02-03T18:00:00,24
train_077563_lead072,train,4,77560,77563,77575,2012-02-02T00:00:00,2012-02-02T18:00:00,2012-02-05T18:00:00,72
train_077591_lead006,train,4,77588,77591,77592,2012-02-09T00:00:00,2012-02-09T18:00:00,2012-02-10T00:00:00,6
train_077591_lead024,train,4,77588,77591,77595,2012-02-09T00:00:00,2012-02-09T18:00:00,2012-02-10T18:00:00,24
train_077591_lead072,train,4,77588,77591,77603,2012-02-09T00:00:00,2012-02-09T18:00:00,2012-02-12T18:00:00,72
train_077620_lead006,train,4,77617,77620,77621,2012-02-16T06:00:00,2012-02-17T00:00:00,2012-02-17T06:00:00,6
train_077620_lead024,train,4,77617,77620,77624,2012-02-16T06:00:00,2012-02-17T00:00:00,2012-02-18T00:00:00,24
train_077620_lead072,train,4,77617,77620,77632,2012-02-16T06:00:00,2012-02-17T00:00:00,2012-02-20T00:00:00,72
train_077648_lead006,train,4,77645,77648,77649,2012-02-23T06:00:00,2012-02-24T00:00:00,2012-02-24T06:00:00,6
train_077648_lead024,train,4,77645,77648,77652,2012-02-23T06:00:00,2012-02-24T00:00:00,2012-02-25T00:00:00,24
train_077648_lead072,train,4,77645,77648,77660,2012-02-23T06:00:00,2012-02-24T00:00:00,2012-02-27T00:00:00,72
train_077677_lead006,train,4,77674,77677,77678,2012-03-01T12:00:00,2012-03-02T06:00:00,2012-03-02T12:00:00,6
train_077677_lead024,train,4,77674,77677,77681,2012-03-01T12:00:00,2012-03-02T06:00:00,2012-03-03T06:00:00,24
train_077677_lead072,train,4,77674,77677,77689,2012-03-01T12:00:00,2012-03-02T06:00:00,2012-03-05T06:00:00,72
train_077706_lead006,train,4,77703,77706,77707,2012-03-08T18:00:00,2012-03-09T12:00:00,2012-03-09T18:00:00,6
train_077706_lead024,train,4,77703,77706,77710,2012-03-08T18:00:00,2012-03-09T12:00:00,2012-03-10T12:00:00,24
train_077706_lead072,train,4,77703,77706,77718,2012-03-08T18:00:00,2012-03-09T12:00:00,2012-03-12T12:00:00,72
train_077734_lead006,train,4,77731,77734,77735,2012-03-15T18:00:00,2012-03-16T12:00:00,2012-03-16T18:00:00,6
train_077734_lead024,train,4,77731,77734,77738,2012-03-15T18:00:00,2012-03-16T12:00:00,2012-03-17T12:00:00,24
train_077734_lead072,train,4,77731,77734,77746,2012-03-15T18:00:00,2012-03-16T12:00:00,2012-03-19T12:00:00,72
train_077763_lead006,train,4,77760,77763,77764,2012-03-23T00:00:00,2012-03-23T18:00:00,2012-03-24T00:00:00,6
train_077763_lead024,train,4,77760,77763,77767,2012-03-23T00:00:00,2012-03-23T18:00:00,2012-03-24T18:00:00,24
train_077763_lead072,train,4,77760,77763,77775,2012-03-23T00:00:00,2012-03-23T18:00:00,2012-03-26T18:00:00,72
train_077791_lead006,train,4,77788,77791,77792,2012-03-30T00:00:00,2012-03-30T18:00:00,2012-03-31T00:00:00,6
train_077791_lead024,train,4,77788,77791,77795,2012-03-30T00:00:00,2012-03-30T18:00:00,2012-03-31T18:00:00,24
train_077791_lead072,train,4,77788,77791,77803,2012-03-30T00:00:00,2012-03-30T18:00:00,2012-04-02T18:00:00,72
train_077820_lead006,train,4,77817,77820,77821,2012-04-06T06:00:00,2012-04-07T00:00:00,2012-04-07T06:00:00,6
train_077820_lead024,train,4,77817,77820,77824,2012-04-06T06:00:00,2012-04-07T00:00:00,2012-04-08T00:00:00,24
train_077820_lead072,train,4,77817,77820,77832,2012-04-06T06:00:00,2012-04-07T00:00:00,2012-04-10T00:00:00,72
train_077848_lead006,train,4,77845,77848,77849,2012-04-13T06:00:00,2012-04-14T00:00:00,2012-04-14T06:00:00,6
train_077848_lead024,train,4,77845,77848,77852,2012-04-13T06:00:00,2012-04-14T00:00:00,2012-04-15T00:00:00,24
train_077848_lead072,train,4,77845,77848,77860,2012-04-13T06:00:00,2012-04-14T00:00:00,2012-04-17T00:00:00,72
train_077877_lead006,train,4,77874,77877,77878,2012-04-20T12:00:00,2012-04-21T06:00:00,2012-04-21T12:00:00,6
train_077877_lead024,train,4,77874,77877,77881,2012-04-20T12:00:00,2012-04-21T06:00:00,2012-04-22T06:00:00,24
train_077877_lead072,train,4,77874,77877,77889,2012-04-20T12:00:00,2012-04-21T06:00:00,2012-04-24T06:00:00,72
train_077905_lead006,train,4,77902,77905,77906,2012-04-27T12:00:00,2012-04-28T06:00:00,2012-04-28T12:00:00,6
train_077905_lead024,train,4,77902,77905,77909,2012-04-27T12:00:00,2012-04-28T06:00:00,2012-04-29T06:00:00,24
train_077905_lead072,train,4,77902,77905,77917,2012-04-27T12:00:00,2012-04-28T06:00:00,2012-05-01T06:00:00,72
train_077934_lead006,train,4,77931,77934,77935,2012-05-04T18:00:00,2012-05-05T12:00:00,2012-05-05T18:00:00,6
train_077934_lead024,train,4,77931,77934,77938,2012-05-04T18:00:00,2012-05-05T12:00:00,2012-05-06T12:00:00,24
train_077934_lead072,train,4,77931,77934,77946,2012-05-04T18:00:00,2012-05-05T12:00:00,2012-05-08T12:00:00,72
train_077962_lead006,train,4,77959,77962,77963,2012-05-11T18:00:00,2012-05-12T12:00:00,2012-05-12T18:00:00,6
train_077962_lead024,train,4,77959,77962,77966,2012-05-11T18:00:00,2012-05-12T12:00:00,2012-05-13T12:00:00,24
train_077962_lead072,train,4,77959,77962,77974,2012-05-11T18:00:00,2012-05-12T12:00:00,2012-05-15T12:00:00,72
train_077991_lead006,train,4,77988,77991,77992,2012-05-19T00:00:00,2012-05-19T18:00:00,2012-05-20T00:00:00,6
train_077991_lead024,train,4,77988,77991,77995,2012-05-19T00:00:00,2012-05-19T18:00:00,2012-05-20T18:00:00,24
train_077991_lead072,train,4,77988,77991,78003,2012-05-19T00:00:00,2012-05-19T18:00:00,2012-05-22T18:00:00,72
train_078019_lead006,train,4,78016,78019,78020,2012-05-26T00:00:00,2012-05-26T18:00:00,2012-05-27T00:00:00,6
train_078019_lead024,train,4,78016,78019,78023,2012-05-26T00:00:00,2012-05-26T18:00:00,2012-05-27T18:00:00,24
train_078019_lead072,train,4,78016,78019,78031,2012-05-26T00:00:00,2012-05-26T18:00:00,2012-05-29T18:00:00,72
train_078048_lead006,train,4,78045,78048,78049,2012-06-02T06:00:00,2012-06-03T00:00:00,2012-06-03T06:00:00,6
train_078048_lead024,train,4,78045,78048,78052,2012-06-02T06:00:00,2012-06-03T00:00:00,2012-06-04T00:00:00,24
train_078048_lead072,train,4,78045,78048,78060,2012-06-02T06:00:00,2012-06-03T00:00:00,2012-06-06T00:00:00,72
train_078076_lead006,train,4,78073,78076,78077,2012-06-09T06:00:00,2012-06-10T00:00:00,2012-06-10T06:00:00,6
train_078076_lead024,train,4,78073,78076,78080,2012-06-09T06:00:00,2012-06-10T00:00:00,2012-06-11T00:00:00,24
train_078076_lead072,train,4,78073,78076,78088,2012-06-09T06:00:00,2012-06-10T00:00:00,2012-06-13T00:00:00,72
train_078105_lead006,train,4,78102,78105,78106,2012-06-16T12:00:00,2012-06-17T06:00:00,2012-06-17T12:00:00,6
train_078105_lead024,train,4,78102,78105,78109,2012-06-16T12:00:00,2012-06-17T06:00:00,2012-06-18T06:00:00,24
train_078105_lead072,train,4,78102,78105,78117,2012-06-16T12:00:00,2012-06-17T06:00:00,2012-06-20T06:00:00,72
train_078133_lead006,train,4,78130,78133,78134,2012-06-23T12:00:00,2012-06-24T06:00:00,2012-06-24T12:00:00,6
train_078133_lead024,train,4,78130,78133,78137,2012-06-23T12:00:00,2012-06-24T06:00:00,2012-06-25T06:00:00,24
train_078133_lead072,train,4,78130,78133,78145,2012-06-23T12:00:00,2012-06-24T06:00:00,2012-06-27T06:00:00,72
train_078162_lead006,train,4,78159,78162,78163,2012-06-30T18:00:00,2012-07-01T12:00:00,2012-07-01T18:00:00,6
train_078162_lead024,train,4,78159,78162,78166,2012-06-30T18:00:00,2012-07-01T12:00:00,2012-07-02T12:00:00,24
train_078162_lead072,train,4,78159,78162,78174,2012-06-30T18:00:00,2012-07-01T12:00:00,2012-07-04T12:00:00,72
train_078191_lead006,train,4,78188,78191,78192,2012-07-08T00:00:00,2012-07-08T18:00:00,2012-07-09T00:00:00,6
train_078191_lead024,train,4,78188,78191,78195,2012-07-08T00:00:00,2012-07-08T18:00:00,2012-07-09T18:00:00,24
train_078191_lead072,train,4,78188,78191,78203,2012-07-08T00:00:00,2012-07-08T18:00:00,2012-07-11T18:00:00,72
train_078219_lead006,train,4,78216,78219,78220,2012-07-15T00:00:00,2012-07-15T18:00:00,2012-07-16T00:00:00,6
train_078219_lead024,train,4,78216,78219,78223,2012-07-15T00:00:00,2012-07-15T18:00:00,2012-07-16T18:00:00,24
train_078219_lead072,train,4,78216,78219,78231,2012-07-15T00:00:00,2012-07-15T18:00:00,2012-07-18T18:00:00,72
train_078248_lead006,train,4,78245,78248,78249,2012-07-22T06:00:00,2012-07-23T00:00:00,2012-07-23T06:00:00,6
train_078248_lead024,train,4,78245,78248,78252,2012-07-22T06:00:00,2012-07-23T00:00:00,2012-07-24T00:00:00,24
train_078248_lead072,train,4,78245,78248,78260,2012-07-22T06:00:00,2012-07-23T00:00:00,2012-07-26T00:00:00,72
train_078276_lead006,train,4,78273,78276,78277,2012-07-29T06:00:00,2012-07-30T00:00:00,2012-07-30T06:00:00,6
train_078276_lead024,train,4,78273,78276,78280,2012-07-29T06:00:00,2012-07-30T00:00:00,2012-07-31T00:00:00,24
train_078276_lead072,train,4,78273,78276,78288,2012-07-29T06:00:00,2012-07-30T00:00:00,2012-08-02T00:00:00,72
train_078305_lead006,train,4,78302,78305,78306,2012-08-05T12:00:00,2012-08-06T06:00:00,2012-08-06T12:00:00,6
train_078305_lead024,train,4,78302,78305,78309,2012-08-05T12:00:00,2012-08-06T06:00:00,2012-08-07T06:00:00,24
train_078305_lead072,train,4,78302,78305,78317,2012-08-05T12:00:00,2012-08-06T06:00:00,2012-08-09T06:00:00,72
train_078333_lead006,train,4,78330,78333,78334,2012-08-12T12:00:00,2012-08-13T06:00:00,2012-08-13T12:00:00,6
train_078333_lead024,train,4,78330,78333,78337,2012-08-12T12:00:00,2012-08-13T06:00:00,2012-08-14T06:00:00,24
train_078333_lead072,train,4,78330,78333,78345,2012-08-12T12:00:00,2012-08-13T06:00:00,2012-08-16T06:00:00,72
train_078362_lead006,train,4,78359,78362,78363,2012-08-19T18:00:00,2012-08-20T12:00:00,2012-08-20T18:00:00,6
train_078362_lead024,train,4,78359,78362,78366,2012-08-19T18:00:00,2012-08-20T12:00:00,2012-08-21T12:00:00,24
train_078362_lead072,train,4,78359,78362,78374,2012-08-19T18:00:00,2012-08-20T12:00:00,2012-08-23T12:00:00,72
train_078390_lead006,train,4,78387,78390,78391,2012-08-26T18:00:00,2012-08-27T12:00:00,2012-08-27T18:00:00,6
train_078390_lead024,train,4,78387,78390,78394,2012-08-26T18:00:00,2012-08-27T12:00:00,2012-08-28T12:00:00,24
train_078390_lead072,train,4,78387,78390,78402,2012-08-26T18:00:00,2012-08-27T12:00:00,2012-08-30T12:00:00,72
train_078419_lead006,train,4,78416,78419,78420,2012-09-03T00:00:00,2012-09-03T18:00:00,2012-09-04T00:00:00,6
train_078419_lead024,train,4,78416,78419,78423,2012-09-03T00:00:00,2012-09-03T18:00:00,2012-09-04T18:00:00,24
train_078419_lead072,train,4,78416,78419,78431,2012-09-03T00:00:00,2012-09-03T18:00:00,2012-09-06T18:00:00,72
train_078447_lead006,train,4,78444,78447,78448,2012-09-10T00:00:00,2012-09-10T18:00:00,2012-09-11T00:00:00,6
train_078447_lead024,train,4,78444,78447,78451,2012-09-10T00:00:00,2012-09-10T18:00:00,2012-09-11T18:00:00,24
train_078447_lead072,train,4,78444,78447,78459,2012-09-10T00:00:00,2012-09-10T18:00:00,2012-09-13T18:00:00,72
train_078476_lead006,train,4,78473,78476,78477,2012-09-17T06:00:00,2012-09-18T00:00:00,2012-09-18T06:00:00,6
train_078476_lead024,train,4,78473,78476,78480,2012-09-17T06:00:00,2012-09-18T00:00:00,2012-09-19T00:00:00,24
train_078476_lead072,train,4,78473,78476,78488,2012-09-17T06:00:00,2012-09-18T00:00:00,2012-09-21T00:00:00,72
train_078504_lead006,train,4,78501,78504,78505,2012-09-24T06:00:00,2012-09-25T00:00:00,2012-09-25T06:00:00,6
train_078504_lead024,train,4,78501,78504,78508,2012-09-24T06:00:00,2012-09-25T00:00:00,2012-09-26T00:00:00,24
train_078504_lead072,train,4,78501,78504,78516,2012-09-24T06:00:00,2012-09-25T00:00:00,2012-09-28T00:00:00,72
train_078533_lead006,train,4,78530,78533,78534,2012-10-01T12:00:00,2012-10-02T06:00:00,2012-10-02T12:00:00,6
train_078533_lead024,train,4,78530,78533,78537,2012-10-01T12:00:00,2012-10-02T06:00:00,2012-10-03T06:00:00,24
train_078533_lead072,train,4,78530,78533,78545,2012-10-01T12:00:00,2012-10-02T06:00:00,2012-10-05T06:00:00,72
train_078561_lead006,train,4,78558,78561,78562,2012-10-08T12:00:00,2012-10-09T06:00:00,2012-10-09T12:00:00,6
train_078561_lead024,train,4,78558,78561,78565,2012-10-08T12:00:00,2012-10-09T06:00:00,2012-10-10T06:00:00,24
train_078561_lead072,train,4,78558,78561,78573,2012-10-08T12:00:00,2012-10-09T06:00:00,2012-10-12T06:00:00,72
train_078590_lead006,train,4,78587,78590,78591,2012-10-15T18:00:00,2012-10-16T12:00:00,2012-10-16T18:00:00,6
train_078590_lead024,train,4,78587,78590,78594,2012-10-15T18:00:00,2012-10-16T12:00:00,2012-10-17T12:00:00,24
train_078590_lead072,train,4,78587,78590,78602,2012-10-15T18:00:00,2012-10-16T12:00:00,2012-10-19T12:00:00,72
train_078618_lead006,train,4,78615,78618,78619,2012-10-22T18:00:00,2012-10-23T12:00:00,2012-10-23T18:00:00,6
train_078618_lead024,train,4,78615,78618,78622,2012-10-22T18:00:00,2012-10-23T12:00:00,2012-10-24T12:00:00,24
train_078618_lead072,train,4,78615,78618,78630,2012-10-22T18:00:00,2012-10-23T12:00:00,2012-10-26T12:00:00,72
train_078647_lead006,train,4,78644,78647,78648,2012-10-30T00:00:00,2012-10-30T18:00:00,2012-10-31T00:00:00,6
train_078647_lead024,train,4,78644,78647,78651,2012-10-30T00:00:00,2012-10-30T18:00:00,2012-10-31T18:00:00,24
train_078647_lead072,train,4,78644,78647,78659,2012-10-30T00:00:00,2012-10-30T18:00:00,2012-11-02T18:00:00,72
train_078675_lead006,train,4,78672,78675,78676,2012-11-06T00:00:00,2012-11-06T18:00:00,2012-11-07T00:00:00,6
train_078675_lead024,train,4,78672,78675,78679,2012-11-06T00:00:00,2012-11-06T18:00:00,2012-11-07T18:00:00,24
train_078675_lead072,train,4,78672,78675,78687,2012-11-06T00:00:00,2012-11-06T18:00:00,2012-11-09T18:00:00,72
train_078704_lead006,train,4,78701,78704,78705,2012-11-13T06:00:00,2012-11-14T00:00:00,2012-11-14T06:00:00,6
train_078704_lead024,train,4,78701,78704,78708,2012-11-13T06:00:00,2012-11-14T00:00:00,2012-11-15T00:00:00,24
train_078704_lead072,train,4,78701,78704,78716,2012-11-13T06:00:00,2012-11-14T00:00:00,2012-11-17T00:00:00,72
train_078733_lead006,train,4,78730,78733,78734,2012-11-20T12:00:00,2012-11-21T06:00:00,2012-11-21T12:00:00,6
train_078733_lead024,train,4,78730,78733,78737,2012-11-20T12:00:00,2012-11-21T06:00:00,2012-11-22T06:00:00,24
train_078733_lead072,train,4,78730,78733,78745,2012-11-20T12:00:00,2012-11-21T06:00:00,2012-11-24T06:00:00,72
train_078761_lead006,train,4,78758,78761,78762,2012-11-27T12:00:00,2012-11-28T06:00:00,2012-11-28T12:00:00,6
train_078761_lead024,train,4,78758,78761,78765,2012-11-27T12:00:00,2012-11-28T06:00:00,2012-11-29T06:00:00,24
train_078761_lead072,train,4,78758,78761,78773,2012-11-27T12:00:00,2012-11-28T06:00:00,2012-12-01T06:00:00,72
train_078790_lead006,train,4,78787,78790,78791,2012-12-04T18:00:00,2012-12-05T12:00:00,2012-12-05T18:00:00,6
train_078790_lead024,train,4,78787,78790,78794,2012-12-04T18:00:00,2012-12-05T12:00:00,2012-12-06T12:00:00,24
train_078790_lead072,train,4,78787,78790,78802,2012-12-04T18:00:00,2012-12-05T12:00:00,2012-12-08T12:00:00,72
train_078818_lead006,train,4,78815,78818,78819,2012-12-11T18:00:00,2012-12-12T12:00:00,2012-12-12T18:00:00,6
train_078818_lead024,train,4,78815,78818,78822,2012-12-11T18:00:00,2012-12-12T12:00:00,2012-12-13T12:00:00,24
train_078818_lead072,train,4,78815,78818,78830,2012-12-11T18:00:00,2012-12-12T12:00:00,2012-12-15T12:00:00,72
train_078847_lead006,train,4,78844,78847,78848,2012-12-19T00:00:00,2012-12-19T18:00:00,2012-12-20T00:00:00,6
train_078847_lead024,train,4,78844,78847,78851,2012-12-19T00:00:00,2012-12-19T18:00:00,2012-12-20T18:00:00,24
train_078847_lead072,train,4,78844,78847,78859,2012-12-19T00:00:00,2012-12-19T18:00:00,2012-12-22T18:00:00,72
train_078875_lead006,train,4,78872,78875,78876,2012-12-26T00:00:00,2012-12-26T18:00:00,2012-12-27T00:00:00,6
train_078875_lead024,train,4,78872,78875,78879,2012-12-26T00:00:00,2012-12-26T18:00:00,2012-12-27T18:00:00,24
train_078875_lead072,train,4,78872,78875,78887,2012-12-26T00:00:00,2012-12-26T18:00:00,2012-12-29T18:00:00,72
train_078904_lead006,train,4,78901,78904,78905,2013-01-02T06:00:00,2013-01-03T00:00:00,2013-01-03T06:00:00,6
train_078904_lead024,train,4,78901,78904,78908,2013-01-02T06:00:00,2013-01-03T00:00:00,2013-01-04T00:00:00,24
train_078904_lead072,train,4,78901,78904,78916,2013-01-02T06:00:00,2013-01-03T00:00:00,2013-01-06T00:00:00,72
train_078932_lead006,train,4,78929,78932,78933,2013-01-09T06:00:00,2013-01-10T00:00:00,2013-01-10T06:00:00,6
train_078932_lead024,train,4,78929,78932,78936,2013-01-09T06:00:00,2013-01-10T00:00:00,2013-01-11T00:00:00,24
train_078932_lead072,train,4,78929,78932,78944,2013-01-09T06:00:00,2013-01-10T00:00:00,2013-01-13T00:00:00,72
train_078961_lead006,train,4,78958,78961,78962,2013-01-16T12:00:00,2013-01-17T06:00:00,2013-01-17T12:00:00,6
train_078961_lead024,train,4,78958,78961,78965,2013-01-16T12:00:00,2013-01-17T06:00:00,2013-01-18T06:00:00,24
train_078961_lead072,train,4,78958,78961,78973,2013-01-16T12:00:00,2013-01-17T06:00:00,2013-01-20T06:00:00,72
train_078989_lead006,train,4,78986,78989,78990,2013-01-23T12:00:00,2013-01-24T06:00:00,2013-01-24T12:00:00,6
train_078989_lead024,train,4,78986,78989,78993,2013-01-23T12:00:00,2013-01-24T06:00:00,2013-01-25T06:00:00,24
train_078989_lead072,train,4,78986,78989,79001,2013-01-23T12:00:00,2013-01-24T06:00:00,2013-01-27T06:00:00,72
train_079018_lead006,train,4,79015,79018,79019,2013-01-30T18:00:00,2013-01-31T12:00:00,2013-01-31T18:00:00,6
train_079018_lead024,train,4,79015,79018,79022,2013-01-30T18:00:00,2013-01-31T12:00:00,2013-02-01T12:00:00,24
train_079018_lead072,train,4,79015,79018,79030,2013-01-30T18:00:00,2013-01-31T12:00:00,2013-02-03T12:00:00,72
train_079046_lead006,train,4,79043,79046,79047,2013-02-06T18:00:00,2013-02-07T12:00:00,2013-02-07T18:00:00,6
train_079046_lead024,train,4,79043,79046,79050,2013-02-06T18:00:00,2013-02-07T12:00:00,2013-02-08T12:00:00,24
train_079046_lead072,train,4,79043,79046,79058,2013-02-06T18:00:00,2013-02-07T12:00:00,2013-02-10T12:00:00,72
train_079075_lead006,train,4,79072,79075,79076,2013-02-14T00:00:00,2013-02-14T18:00:00,2013-02-15T00:00:00,6
train_079075_lead024,train,4,79072,79075,79079,2013-02-14T00:00:00,2013-02-14T18:00:00,2013-02-15T18:00:00,24
train_079075_lead072,train,4,79072,79075,79087,2013-02-14T00:00:00,2013-02-14T18:00:00,2013-02-17T18:00:00,72
train_079103_lead006,train,4,79100,79103,79104,2013-02-21T00:00:00,2013-02-21T18:00:00,2013-02-22T00:00:00,6
train_079103_lead024,train,4,79100,79103,79107,2013-02-21T00:00:00,2013-02-21T18:00:00,2013-02-22T18:00:00,24
train_079103_lead072,train,4,79100,79103,79115,2013-02-21T00:00:00,2013-02-21T18:00:00,2013-02-24T18:00:00,72
train_079132_lead006,train,4,79129,79132,79133,2013-02-28T06:00:00,2013-03-01T00:00:00,2013-03-01T06:00:00,6
train_079132_lead024,train,4,79129,79132,79136,2013-02-28T06:00:00,2013-03-01T00:00:00,2013-03-02T00:00:00,24
train_079132_lead072,train,4,79129,79132,79144,2013-02-28T06:00:00,2013-03-01T00:00:00,2013-03-04T00:00:00,72
train_079160_lead006,train,4,79157,79160,79161,2013-03-07T06:00:00,2013-03-08T00:00:00,2013-03-08T06:00:00,6
train_079160_lead024,train,4,79157,79160,79164,2013-03-07T06:00:00,2013-03-08T00:00:00,2013-03-09T00:00:00,24
train_079160_lead072,train,4,79157,79160,79172,2013-03-07T06:00:00,2013-03-08T00:00:00,2013-03-11T00:00:00,72
train_079189_lead006,train,4,79186,79189,79190,2013-03-14T12:00:00,2013-03-15T06:00:00,2013-03-15T12:00:00,6
train_079189_lead024,train,4,79186,79189,79193,2013-03-14T12:00:00,2013-03-15T06:00:00,2013-03-16T06:00:00,24
train_079189_lead072,train,4,79186,79189,79201,2013-03-14T12:00:00,2013-03-15T06:00:00,2013-03-18T06:00:00,72
train_079218_lead006,train,4,79215,79218,79219,2013-03-21T18:00:00,2013-03-22T12:00:00,2013-03-22T18:00:00,6
train_079218_lead024,train,4,79215,79218,79222,2013-03-21T18:00:00,2013-03-22T12:00:00,2013-03-23T12:00:00,24
train_079218_lead072,train,4,79215,79218,79230,2013-03-21T18:00:00,2013-03-22T12:00:00,2013-03-25T12:00:00,72
train_079246_lead006,train,4,79243,79246,79247,2013-03-28T18:00:00,2013-03-29T12:00:00,2013-03-29T18:00:00,6
train_079246_lead024,train,4,79243,79246,79250,2013-03-28T18:00:00,2013-03-29T12:00:00,2013-03-30T12:00:00,24
train_079246_lead072,train,4,79243,79246,79258,2013-03-28T18:00:00,2013-03-29T12:00:00,2013-04-01T12:00:00,72
train_079275_lead006,train,4,79272,79275,79276,2013-04-05T00:00:00,2013-04-05T18:00:00,2013-04-06T00:00:00,6
train_079275_lead024,train,4,79272,79275,79279,2013-04-05T00:00:00,2013-04-05T18:00:00,2013-04-06T18:00:00,24
train_079275_lead072,train,4,79272,79275,79287,2013-04-05T00:00:00,2013-04-05T18:00:00,2013-04-08T18:00:00,72
train_079303_lead006,train,4,79300,79303,79304,2013-04-12T00:00:00,2013-04-12T18:00:00,2013-04-13T00:00:00,6
train_079303_lead024,train,4,79300,79303,79307,2013-04-12T00:00:00,2013-04-12T18:00:00,2013-04-13T18:00:00,24
train_079303_lead072,train,4,79300,79303,79315,2013-04-12T00:00:00,2013-04-12T18:00:00,2013-04-15T18:00:00,72
train_079332_lead006,train,4,79329,79332,79333,2013-04-19T06:00:00,2013-04-20T00:00:00,2013-04-20T06:00:00,6
train_079332_lead024,train,4,79329,79332,79336,2013-04-19T06:00:00,2013-04-20T00:00:00,2013-04-21T00:00:00,24
train_079332_lead072,train,4,79329,79332,79344,2013-04-19T06:00:00,2013-04-20T00:00:00,2013-04-23T00:00:00,72
train_079360_lead006,train,4,79357,79360,79361,2013-04-26T06:00:00,2013-04-27T00:00:00,2013-04-27T06:00:00,6
train_079360_lead024,train,4,79357,79360,79364,2013-04-26T06:00:00,2013-04-27T00:00:00,2013-04-28T00:00:00,24
train_079360_lead072,train,4,79357,79360,79372,2013-04-26T06:00:00,2013-04-27T00:00:00,2013-04-30T00:00:00,72
train_079389_lead006,train,4,79386,79389,79390,2013-05-03T12:00:00,2013-05-04T06:00:00,2013-05-04T12:00:00,6
train_079389_lead024,train,4,79386,79389,79393,2013-05-03T12:00:00,2013-05-04T06:00:00,2013-05-05T06:00:00,24
train_079389_lead072,train,4,79386,79389,79401,2013-05-03T12:00:00,2013-05-04T06:00:00,2013-05-07T06:00:00,72
train_079417_lead006,train,4,79414,79417,79418,2013-05-10T12:00:00,2013-05-11T06:00:00,2013-05-11T12:00:00,6
train_079417_lead024,train,4,79414,79417,79421,2013-05-10T12:00:00,2013-05-11T06:00:00,2013-05-12T06:00:00,24
train_079417_lead072,train,4,79414,79417,79429,2013-05-10T12:00:00,2013-05-11T06:00:00,2013-05-14T06:00:00,72
train_079446_lead006,train,4,79443,79446,79447,2013-05-17T18:00:00,2013-05-18T12:00:00,2013-05-18T18:00:00,6
train_079446_lead024,train,4,79443,79446,79450,2013-05-17T18:00:00,2013-05-18T12:00:00,2013-05-19T12:00:00,24
train_079446_lead072,train,4,79443,79446,79458,2013-05-17T18:00:00,2013-05-18T12:00:00,2013-05-21T12:00:00,72
train_079474_lead006,train,4,79471,79474,79475,2013-05-24T18:00:00,2013-05-25T12:00:00,2013-05-25T18:00:00,6
train_079474_lead024,train,4,79471,79474,79478,2013-05-24T18:00:00,2013-05-25T12:00:00,2013-05-26T12:00:00,24
train_079474_lead072,train,4,79471,79474,79486,2013-05-24T18:00:00,2013-05-25T12:00:00,2013-05-28T12:00:00,72
train_079503_lead006,train,4,79500,79503,79504,2013-06-01T00:00:00,2013-06-01T18:00:00,2013-06-02T00:00:00,6
train_079503_lead024,train,4,79500,79503,79507,2013-06-01T00:00:00,2013-06-01T18:00:00,2013-06-02T18:00:00,24
train_079503_lead072,train,4,79500,79503,79515,2013-06-01T00:00:00,2013-06-01T18:00:00,2013-06-04T18:00:00,72
train_079531_lead006,train,4,79528,79531,79532,2013-06-08T00:00:00,2013-06-08T18:00:00,2013-06-09T00:00:00,6
train_079531_lead024,train,4,79528,79531,79535,2013-06-08T00:00:00,2013-06-08T18:00:00,2013-06-09T18:00:00,24
train_079531_lead072,train,4,79528,79531,79543,2013-06-08T00:00:00,2013-06-08T18:00:00,2013-06-11T18:00:00,72
train_079560_lead006,train,4,79557,79560,79561,2013-06-15T06:00:00,2013-06-16T00:00:00,2013-06-16T06:00:00,6
train_079560_lead024,train,4,79557,79560,79564,2013-06-15T06:00:00,2013-06-16T00:00:00,2013-06-17T00:00:00,24
train_079560_lead072,train,4,79557,79560,79572,2013-06-15T06:00:00,2013-06-16T00:00:00,2013-06-19T00:00:00,72
train_079588_lead006,train,4,79585,79588,79589,2013-06-22T06:00:00,2013-06-23T00:00:00,2013-06-23T06:00:00,6
train_079588_lead024,train,4,79585,79588,79592,2013-06-22T06:00:00,2013-06-23T00:00:00,2013-06-24T00:00:00,24
train_079588_lead072,train,4,79585,79588,79600,2013-06-22T06:00:00,2013-06-23T00:00:00,2013-06-26T00:00:00,72
train_079617_lead006,train,4,79614,79617,79618,2013-06-29T12:00:00,2013-06-30T06:00:00,2013-06-30T12:00:00,6
train_079617_lead024,train,4,79614,79617,79621,2013-06-29T12:00:00,2013-06-30T06:00:00,2013-07-01T06:00:00,24
train_079617_lead072,train,4,79614,79617,79629,2013-06-29T12:00:00,2013-06-30T06:00:00,2013-07-03T06:00:00,72
train_079645_lead006,train,4,79642,79645,79646,2013-07-06T12:00:00,2013-07-07T06:00:00,2013-07-07T12:00:00,6
train_079645_lead024,train,4,79642,79645,79649,2013-07-06T12:00:00,2013-07-07T06:00:00,2013-07-08T06:00:00,24
train_079645_lead072,train,4,79642,79645,79657,2013-07-06T12:00:00,2013-07-07T06:00:00,2013-07-10T06:00:00,72
train_079674_lead006,train,4,79671,79674,79675,2013-07-13T18:00:00,2013-07-14T12:00:00,2013-07-14T18:00:00,6
train_079674_lead024,train,4,79671,79674,79678,2013-07-13T18:00:00,2013-07-14T12:00:00,2013-07-15T12:00:00,24
train_079674_lead072,train,4,79671,79674,79686,2013-07-13T18:00:00,2013-07-14T12:00:00,2013-07-17T12:00:00,72
train_079702_lead006,train,4,79699,79702,79703,2013-07-20T18:00:00,2013-07-21T12:00:00,2013-07-21T18:00:00,6
train_079702_lead024,train,4,79699,79702,79706,2013-07-20T18:00:00,2013-07-21T12:00:00,2013-07-22T12:00:00,24
train_079702_lead072,train,4,79699,79702,79714,2013-07-20T18:00:00,2013-07-21T12:00:00,2013-07-24T12:00:00,72
train_079731_lead006,train,4,79728,79731,79732,2013-07-28T00:00:00,2013-07-28T18:00:00,2013-07-29T00:00:00,6
train_079731_lead024,train,4,79728,79731,79735,2013-07-28T00:00:00,2013-07-28T18:00:00,2013-07-29T18:00:00,24
train_079731_lead072,train,4,79728,79731,79743,2013-07-28T00:00:00,2013-07-28T18:00:00,2013-07-31T18:00:00,72
train_079760_lead006,train,4,79757,79760,79761,2013-08-04T06:00:00,2013-08-05T00:00:00,2013-08-05T06:00:00,6
train_079760_lead024,train,4,79757,79760,79764,2013-08-04T06:00:00,2013-08-05T00:00:00,2013-08-06T00:00:00,24
train_079760_lead072,train,4,79757,79760,79772,2013-08-04T06:00:00,2013-08-05T00:00:00,2013-08-08T00:00:00,72
train_079788_lead006,train,4,79785,79788,79789,2013-08-11T06:00:00,2013-08-12T00:00:00,2013-08-12T06:00:00,6
train_079788_lead024,train,4,79785,79788,79792,2013-08-11T06:00:00,2013-08-12T00:00:00,2013-08-13T00:00:00,24
train_079788_lead072,train,4,79785,79788,79800,2013-08-11T06:00:00,2013-08-12T00:00:00,2013-08-15T00:00:00,72
train_079817_lead006,train,4,79814,79817,79818,2013-08-18T12:00:00,2013-08-19T06:00:00,2013-08-19T12:00:00,6
train_079817_lead024,train,4,79814,79817,79821,2013-08-18T12:00:00,2013-08-19T06:00:00,2013-08-20T06:00:00,24
train_079817_lead072,train,4,79814,79817,79829,2013-08-18T12:00:00,2013-08-19T06:00:00,2013-08-22T06:00:00,72
train_079845_lead006,train,4,79842,79845,79846,2013-08-25T12:00:00,2013-08-26T06:00:00,2013-08-26T12:00:00,6
train_079845_lead024,train,4,79842,79845,79849,2013-08-25T12:00:00,2013-08-26T06:00:00,2013-08-27T06:00:00,24
train_079845_lead072,train,4,79842,79845,79857,2013-08-25T12:00:00,2013-08-26T06:00:00,2013-08-29T06:00:00,72
train_079874_lead006,train,4,79871,79874,79875,2013-09-01T18:00:00,2013-09-02T12:00:00,2013-09-02T18:00:00,6
train_079874_lead024,train,4,79871,79874,79878,2013-09-01T18:00:00,2013-09-02T12:00:00,2013-09-03T12:00:00,24
train_079874_lead072,train,4,79871,79874,79886,2013-09-01T18:00:00,2013-09-02T12:00:00,2013-09-05T12:00:00,72
train_079902_lead006,train,4,79899,79902,79903,2013-09-08T18:00:00,2013-09-09T12:00:00,2013-09-09T18:00:00,6
train_079902_lead024,train,4,79899,79902,79906,2013-09-08T18:00:00,2013-09-09T12:00:00,2013-09-10T12:00:00,24
train_079902_lead072,train,4,79899,79902,79914,2013-09-08T18:00:00,2013-09-09T12:00:00,2013-09-12T12:00:00,72
train_079931_lead006,train,4,79928,79931,79932,2013-09-16T00:00:00,2013-09-16T18:00:00,2013-09-17T00:00:00,6
train_079931_lead024,train,4,79928,79931,79935,2013-09-16T00:00:00,2013-09-16T18:00:00,2013-09-17T18:00:00,24
train_079931_lead072,train,4,79928,79931,79943,2013-09-16T00:00:00,2013-09-16T18:00:00,2013-09-19T18:00:00,72
train_079959_lead006,train,4,79956,79959,79960,2013-09-23T00:00:00,2013-09-23T18:00:00,2013-09-24T00:00:00,6
train_079959_lead024,train,4,79956,79959,79963,2013-09-23T00:00:00,2013-09-23T18:00:00,2013-09-24T18:00:00,24
train_079959_lead072,train,4,79956,79959,79971,2013-09-23T00:00:00,2013-09-23T18:00:00,2013-09-26T18:00:00,72
train_079988_lead006,train,4,79985,79988,79989,2013-09-30T06:00:00,2013-10-01T00:00:00,2013-10-01T06:00:00,6
train_079988_lead024,train,4,79985,79988,79992,2013-09-30T06:00:00,2013-10-01T00:00:00,2013-10-02T00:00:00,24
train_079988_lead072,train,4,79985,79988,80000,2013-09-30T06:00:00,2013-10-01T00:00:00,2013-10-04T00:00:00,72
train_080016_lead006,train,4,80013,80016,80017,2013-10-07T06:00:00,2013-10-08T00:00:00,2013-10-08T06:00:00,6
train_080016_lead024,train,4,80013,80016,80020,2013-10-07T06:00:00,2013-10-08T00:00:00,2013-10-09T00:00:00,24
train_080016_lead072,train,4,80013,80016,80028,2013-10-07T06:00:00,2013-10-08T00:00:00,2013-10-11T00:00:00,72
train_080045_lead006,train,4,80042,80045,80046,2013-10-14T12:00:00,2013-10-15T06:00:00,2013-10-15T12:00:00,6
train_080045_lead024,train,4,80042,80045,80049,2013-10-14T12:00:00,2013-10-15T06:00:00,2013-10-16T06:00:00,24
train_080045_lead072,train,4,80042,80045,80057,2013-10-14T12:00:00,2013-10-15T06:00:00,2013-10-18T06:00:00,72
train_080073_lead006,train,4,80070,80073,80074,2013-10-21T12:00:00,2013-10-22T06:00:00,2013-10-22T12:00:00,6
train_080073_lead024,train,4,80070,80073,80077,2013-10-21T12:00:00,2013-10-22T06:00:00,2013-10-23T06:00:00,24
train_080073_lead072,train,4,80070,80073,80085,2013-10-21T12:00:00,2013-10-22T06:00:00,2013-10-25T06:00:00,72
train_080102_lead006,train,4,80099,80102,80103,2013-10-28T18:00:00,2013-10-29T12:00:00,2013-10-29T18:00:00,6
train_080102_lead024,train,4,80099,80102,80106,2013-10-28T18:00:00,2013-10-29T12:00:00,2013-10-30T12:00:00,24
train_080102_lead072,train,4,80099,80102,80114,2013-10-28T18:00:00,2013-10-29T12:00:00,2013-11-01T12:00:00,72
train_080130_lead006,train,4,80127,80130,80131,2013-11-04T18:00:00,2013-11-05T12:00:00,2013-11-05T18:00:00,6
train_080130_lead024,train,4,80127,80130,80134,2013-11-04T18:00:00,2013-11-05T12:00:00,2013-11-06T12:00:00,24
train_080130_lead072,train,4,80127,80130,80142,2013-11-04T18:00:00,2013-11-05T12:00:00,2013-11-08T12:00:00,72
train_080159_lead006,train,4,80156,80159,80160,2013-11-12T00:00:00,2013-11-12T18:00:00,2013-11-13T00:00:00,6
train_080159_lead024,train,4,80156,80159,80163,2013-11-12T00:00:00,2013-11-12T18:00:00,2013-11-13T18:00:00,24
train_080159_lead072,train,4,80156,80159,80171,2013-11-12T00:00:00,2013-11-12T18:00:00,2013-11-15T18:00:00,72
train_080187_lead006,train,4,80184,80187,80188,2013-11-19T00:00:00,2013-11-19T18:00:00,2013-11-20T00:00:00,6
train_080187_lead024,train,4,80184,80187,80191,2013-11-19T00:00:00,2013-11-19T18:00:00,2013-11-20T18:00:00,24
train_080187_lead072,train,4,80184,80187,80199,2013-11-19T00:00:00,2013-11-19T18:00:00,2013-11-22T18:00:00,72
train_080216_lead006,train,4,80213,80216,80217,2013-11-26T06:00:00,2013-11-27T00:00:00,2013-11-27T06:00:00,6
train_080216_lead024,train,4,80213,80216,80220,2013-11-26T06:00:00,2013-11-27T00:00:00,2013-11-28T00:00:00,24
train_080216_lead072,train,4,80213,80216,80228,2013-11-26T06:00:00,2013-11-27T00:00:00,2013-11-30T00:00:00,72
train_080245_lead006,train,4,80242,80245,80246,2013-12-03T12:00:00,2013-12-04T06:00:00,2013-12-04T12:00:00,6
train_080245_lead024,train,4,80242,80245,80249,2013-12-03T12:00:00,2013-12-04T06:00:00,2013-12-05T06:00:00,24
train_080245_lead072,train,4,80242,80245,80257,2013-12-03T12:00:00,2013-12-04T06:00:00,2013-12-07T06:00:00,72
train_080273_lead006,train,4,80270,80273,80274,2013-12-10T12:00:00,2013-12-11T06:00:00,2013-12-11T12:00:00,6
train_080273_lead024,train,4,80270,80273,80277,2013-12-10T12:00:00,2013-12-11T06:00:00,2013-12-12T06:00:00,24
train_080273_lead072,train,4,80270,80273,80285,2013-12-10T12:00:00,2013-12-11T06:00:00,2013-12-14T06:00:00,72
train_080302_lead006,train,4,80299,80302,80303,2013-12-17T18:00:00,2013-12-18T12:00:00,2013-12-18T18:00:00,6
train_080302_lead024,train,4,80299,80302,80306,2013-12-17T18:00:00,2013-12-18T12:00:00,2013-12-19T12:00:00,24
train_080302_lead072,train,4,80299,80302,80314,2013-12-17T18:00:00,2013-12-18T12:00:00,2013-12-21T12:00:00,72
train_080330_lead006,train,4,80327,80330,80331,2013-12-24T18:00:00,2013-12-25T12:00:00,2013-12-25T18:00:00,6
train_080330_lead024,train,4,80327,80330,80334,2013-12-24T18:00:00,2013-12-25T12:00:00,2013-12-26T12:00:00,24
train_080330_lead072,train,4,80327,80330,80342,2013-12-24T18:00:00,2013-12-25T12:00:00,2013-12-28T12:00:00,72
train_080359_lead006,train,4,80356,80359,80360,2014-01-01T00:00:00,2014-01-01T18:00:00,2014-01-02T00:00:00,6
train_080359_lead024,train,4,80356,80359,80363,2014-01-01T00:00:00,2014-01-01T18:00:00,2014-01-02T18:00:00,24
train_080359_lead072,train,4,80356,80359,80371,2014-01-01T00:00:00,2014-01-01T18:00:00,2014-01-04T18:00:00,72
train_080387_lead006,train,4,80384,80387,80388,2014-01-08T00:00:00,2014-01-08T18:00:00,2014-01-09T00:00:00,6
train_080387_lead024,train,4,80384,80387,80391,2014-01-08T00:00:00,2014-01-08T18:00:00,2014-01-09T18:00:00,24
train_080387_lead072,train,4,80384,80387,80399,2014-01-08T00:00:00,2014-01-08T18:00:00,2014-01-11T18:00:00,72
train_080416_lead006,train,4,80413,80416,80417,2014-01-15T06:00:00,2014-01-16T00:00:00,2014-01-16T06:00:00,6
train_080416_lead024,train,4,80413,80416,80420,2014-01-15T06:00:00,2014-01-16T00:00:00,2014-01-17T00:00:00,24
train_080416_lead072,train,4,80413,80416,80428,2014-01-15T06:00:00,2014-01-16T00:00:00,2014-01-19T00:00:00,72
train_080444_lead006,train,4,80441,80444,80445,2014-01-22T06:00:00,2014-01-23T00:00:00,2014-01-23T06:00:00,6
train_080444_lead024,train,4,80441,80444,80448,2014-01-22T06:00:00,2014-01-23T00:00:00,2014-01-24T00:00:00,24
train_080444_lead072,train,4,80441,80444,80456,2014-01-22T06:00:00,2014-01-23T00:00:00,2014-01-26T00:00:00,72
train_080473_lead006,train,4,80470,80473,80474,2014-01-29T12:00:00,2014-01-30T06:00:00,2014-01-30T12:00:00,6
train_080473_lead024,train,4,80470,80473,80477,2014-01-29T12:00:00,2014-01-30T06:00:00,2014-01-31T06:00:00,24
train_080473_lead072,train,4,80470,80473,80485,2014-01-29T12:00:00,2014-01-30T06:00:00,2014-02-02T06:00:00,72
train_080501_lead006,train,4,80498,80501,80502,2014-02-05T12:00:00,2014-02-06T06:00:00,2014-02-06T12:00:00,6
train_080501_lead024,train,4,80498,80501,80505,2014-02-05T12:00:00,2014-02-06T06:00:00,2014-02-07T06:00:00,24
train_080501_lead072,train,4,80498,80501,80513,2014-02-05T12:00:00,2014-02-06T06:00:00,2014-02-09T06:00:00,72
train_080530_lead006,train,4,80527,80530,80531,2014-02-12T18:00:00,2014-02-13T12:00:00,2014-02-13T18:00:00,6
train_080530_lead024,train,4,80527,80530,80534,2014-02-12T18:00:00,2014-02-13T12:00:00,2014-02-14T12:00:00,24
train_080530_lead072,train,4,80527,80530,80542,2014-02-12T18:00:00,2014-02-13T12:00:00,2014-02-16T12:00:00,72
train_080558_lead006,train,4,80555,80558,80559,2014-02-19T18:00:00,2014-02-20T12:00:00,2014-02-20T18:00:00,6
train_080558_lead024,train,4,80555,80558,80562,2014-02-19T18:00:00,2014-02-20T12:00:00,2014-02-21T12:00:00,24
train_080558_lead072,train,4,80555,80558,80570,2014-02-19T18:00:00,2014-02-20T12:00:00,2014-02-23T12:00:00,72
train_080587_lead006,train,4,80584,80587,80588,2014-02-27T00:00:00,2014-02-27T18:00:00,2014-02-28T00:00:00,6
train_080587_lead024,train,4,80584,80587,80591,2014-02-27T00:00:00,2014-02-27T18:00:00,2014-02-28T18:00:00,24
train_080587_lead072,train,4,80584,80587,80599,2014-02-27T00:00:00,2014-02-27T18:00:00,2014-03-02T18:00:00,72
train_080615_lead006,train,4,80612,80615,80616,2014-03-06T00:00:00,2014-03-06T18:00:00,2014-03-07T00:00:00,6
train_080615_lead024,train,4,80612,80615,80619,2014-03-06T00:00:00,2014-03-06T18:00:00,2014-03-07T18:00:00,24
train_080615_lead072,train,4,80612,80615,80627,2014-03-06T00:00:00,2014-03-06T18:00:00,2014-03-09T18:00:00,72
train_080644_lead006,train,4,80641,80644,80645,2014-03-13T06:00:00,2014-03-14T00:00:00,2014-03-14T06:00:00,6
train_080644_lead024,train,4,80641,80644,80648,2014-03-13T06:00:00,2014-03-14T00:00:00,2014-03-15T00:00:00,24
train_080644_lead072,train,4,80641,80644,80656,2014-03-13T06:00:00,2014-03-14T00:00:00,2014-03-17T00:00:00,72
train_080672_lead006,train,4,80669,80672,80673,2014-03-20T06:00:00,2014-03-21T00:00:00,2014-03-21T06:00:00,6
train_080672_lead024,train,4,80669,80672,80676,2014-03-20T06:00:00,2014-03-21T00:00:00,2014-03-22T00:00:00,24
train_080672_lead072,train,4,80669,80672,80684,2014-03-20T06:00:00,2014-03-21T00:00:00,2014-03-24T00:00:00,72
train_080701_lead006,train,4,80698,80701,80702,2014-03-27T12:00:00,2014-03-28T06:00:00,2014-03-28T12:00:00,6
train_080701_lead024,train,4,80698,80701,80705,2014-03-27T12:00:00,2014-03-28T06:00:00,2014-03-29T06:00:00,24
train_080701_lead072,train,4,80698,80701,80713,2014-03-27T12:00:00,2014-03-28T06:00:00,2014-03-31T06:00:00,72
train_080730_lead006,train,4,80727,80730,80731,2014-04-03T18:00:00,2014-04-04T12:00:00,2014-04-04T18:00:00,6
train_080730_lead024,train,4,80727,80730,80734,2014-04-03T18:00:00,2014-04-04T12:00:00,2014-04-05T12:00:00,24
train_080730_lead072,train,4,80727,80730,80742,2014-04-03T18:00:00,2014-04-04T12:00:00,2014-04-07T12:00:00,72
train_080758_lead006,train,4,80755,80758,80759,2014-04-10T18:00:00,2014-04-11T12:00:00,2014-04-11T18:00:00,6
train_080758_lead024,train,4,80755,80758,80762,2014-04-10T18:00:00,2014-04-11T12:00:00,2014-04-12T12:00:00,24
train_080758_lead072,train,4,80755,80758,80770,2014-04-10T18:00:00,2014-04-11T12:00:00,2014-04-14T12:00:00,72
train_080787_lead006,train,4,80784,80787,80788,2014-04-18T00:00:00,2014-04-18T18:00:00,2014-04-19T00:00:00,6
train_080787_lead024,train,4,80784,80787,80791,2014-04-18T00:00:00,2014-04-18T18:00:00,2014-04-19T18:00:00,24
train_080787_lead072,train,4,80784,80787,80799,2014-04-18T00:00:00,2014-04-18T18:00:00,2014-04-21T18:00:00,72
train_080815_lead006,train,4,80812,80815,80816,2014-04-25T00:00:00,2014-04-25T18:00:00,2014-04-26T00:00:00,6
train_080815_lead024,train,4,80812,80815,80819,2014-04-25T00:00:00,2014-04-25T18:00:00,2014-04-26T18:00:00,24
train_080815_lead072,train,4,80812,80815,80827,2014-04-25T00:00:00,2014-04-25T18:00:00,2014-04-28T18:00:00,72
train_080844_lead006,train,4,80841,80844,80845,2014-05-02T06:00:00,2014-05-03T00:00:00,2014-05-03T06:00:00,6
train_080844_lead024,train,4,80841,80844,80848,2014-05-02T06:00:00,2014-05-03T00:00:00,2014-05-04T00:00:00,24
train_080844_lead072,train,4,80841,80844,80856,2014-05-02T06:00:00,2014-05-03T00:00:00,2014-05-06T00:00:00,72
train_080872_lead006,train,4,80869,80872,80873,2014-05-09T06:00:00,2014-05-10T00:00:00,2014-05-10T06:00:00,6
train_080872_lead024,train,4,80869,80872,80876,2014-05-09T06:00:00,2014-05-10T00:00:00,2014-05-11T00:00:00,24
train_080872_lead072,train,4,80869,80872,80884,2014-05-09T06:00:00,2014-05-10T00:00:00,2014-05-13T00:00:00,72
train_080901_lead006,train,4,80898,80901,80902,2014-05-16T12:00:00,2014-05-17T06:00:00,2014-05-17T12:00:00,6
train_080901_lead024,train,4,80898,80901,80905,2014-05-16T12:00:00,2014-05-17T06:00:00,2014-05-18T06:00:00,24
train_080901_lead072,train,4,80898,80901,80913,2014-05-16T12:00:00,2014-05-17T06:00:00,2014-05-20T06:00:00,72
train_080929_lead006,train,4,80926,80929,80930,2014-05-23T12:00:00,2014-05-24T06:00:00,2014-05-24T12:00:00,6
train_080929_lead024,train,4,80926,80929,80933,2014-05-23T12:00:00,2014-05-24T06:00:00,2014-05-25T06:00:00,24
train_080929_lead072,train,4,80926,80929,80941,2014-05-23T12:00:00,2014-05-24T06:00:00,2014-05-27T06:00:00,72
train_080958_lead006,train,4,80955,80958,80959,2014-05-30T18:00:00,2014-05-31T12:00:00,2014-05-31T18:00:00,6
train_080958_lead024,train,4,80955,80958,80962,2014-05-30T18:00:00,2014-05-31T12:00:00,2014-06-01T12:00:00,24
train_080958_lead072,train,4,80955,80958,80970,2014-05-30T18:00:00,2014-05-31T12:00:00,2014-06-03T12:00:00,72
train_080986_lead006,train,4,80983,80986,80987,2014-06-06T18:00:00,2014-06-07T12:00:00,2014-06-07T18:00:00,6
train_080986_lead024,train,4,80983,80986,80990,2014-06-06T18:00:00,2014-06-07T12:00:00,2014-06-08T12:00:00,24
train_080986_lead072,train,4,80983,80986,80998,2014-06-06T18:00:00,2014-06-07T12:00:00,2014-06-10T12:00:00,72
train_081015_lead006,train,4,81012,81015,81016,2014-06-14T00:00:00,2014-06-14T18:00:00,2014-06-15T00:00:00,6
train_081015_lead024,train,4,81012,81015,81019,2014-06-14T00:00:00,2014-06-14T18:00:00,2014-06-15T18:00:00,24
train_081015_lead072,train,4,81012,81015,81027,2014-06-14T00:00:00,2014-06-14T18:00:00,2014-06-17T18:00:00,72
train_081043_lead006,train,4,81040,81043,81044,2014-06-21T00:00:00,2014-06-21T18:00:00,2014-06-22T00:00:00,6
train_081043_lead024,train,4,81040,81043,81047,2014-06-21T00:00:00,2014-06-21T18:00:00,2014-06-22T18:00:00,24
train_081043_lead072,train,4,81040,81043,81055,2014-06-21T00:00:00,2014-06-21T18:00:00,2014-06-24T18:00:00,72
train_081072_lead006,train,4,81069,81072,81073,2014-06-28T06:00:00,2014-06-29T00:00:00,2014-06-29T06:00:00,6
train_081072_lead024,train,4,81069,81072,81076,2014-06-28T06:00:00,2014-06-29T00:00:00,2014-06-30T00:00:00,24
train_081072_lead072,train,4,81069,81072,81084,2014-06-28T06:00:00,2014-06-29T00:00:00,2014-07-02T00:00:00,72
train_081100_lead006,train,4,81097,81100,81101,2014-07-05T06:00:00,2014-07-06T00:00:00,2014-07-06T06:00:00,6
train_081100_lead024,train,4,81097,81100,81104,2014-07-05T06:00:00,2014-07-06T00:00:00,2014-07-07T00:00:00,24
train_081100_lead072,train,4,81097,81100,81112,2014-07-05T06:00:00,2014-07-06T00:00:00,2014-07-09T00:00:00,72
train_081129_lead006,train,4,81126,81129,81130,2014-07-12T12:00:00,2014-07-13T06:00:00,2014-07-13T12:00:00,6
train_081129_lead024,train,4,81126,81129,81133,2014-07-12T12:00:00,2014-07-13T06:00:00,2014-07-14T06:00:00,24
train_081129_lead072,train,4,81126,81129,81141,2014-07-12T12:00:00,2014-07-13T06:00:00,2014-07-16T06:00:00,72
train_081157_lead006,train,4,81154,81157,81158,2014-07-19T12:00:00,2014-07-20T06:00:00,2014-07-20T12:00:00,6
train_081157_lead024,train,4,81154,81157,81161,2014-07-19T12:00:00,2014-07-20T06:00:00,2014-07-21T06:00:00,24
train_081157_lead072,train,4,81154,81157,81169,2014-07-19T12:00:00,2014-07-20T06:00:00,2014-07-23T06:00:00,72
train_081186_lead006,train,4,81183,81186,81187,2014-07-26T18:00:00,2014-07-27T12:00:00,2014-07-27T18:00:00,6
train_081186_lead024,train,4,81183,81186,81190,2014-07-26T18:00:00,2014-07-27T12:00:00,2014-07-28T12:00:00,24
train_081186_lead072,train,4,81183,81186,81198,2014-07-26T18:00:00,2014-07-27T12:00:00,2014-07-30T12:00:00,72
train_081214_lead006,train,4,81211,81214,81215,2014-08-02T18:00:00,2014-08-03T12:00:00,2014-08-03T18:00:00,6
train_081214_lead024,train,4,81211,81214,81218,2014-08-02T18:00:00,2014-08-03T12:00:00,2014-08-04T12:00:00,24
train_081214_lead072,train,4,81211,81214,81226,2014-08-02T18:00:00,2014-08-03T12:00:00,2014-08-06T12:00:00,72
train_081243_lead006,train,4,81240,81243,81244,2014-08-10T00:00:00,2014-08-10T18:00:00,2014-08-11T00:00:00,6
train_081243_lead024,train,4,81240,81243,81247,2014-08-10T00:00:00,2014-08-10T18:00:00,2014-08-11T18:00:00,24
train_081243_lead072,train,4,81240,81243,81255,2014-08-10T00:00:00,2014-08-10T18:00:00,2014-08-13T18:00:00,72
train_081272_lead006,train,4,81269,81272,81273,2014-08-17T06:00:00,2014-08-18T00:00:00,2014-08-18T06:00:00,6
train_081272_lead024,train,4,81269,81272,81276,2014-08-17T06:00:00,2014-08-18T00:00:00,2014-08-19T00:00:00,24
train_081272_lead072,train,4,81269,81272,81284,2014-08-17T06:00:00,2014-08-18T00:00:00,2014-08-21T00:00:00,72
train_081300_lead006,train,4,81297,81300,81301,2014-08-24T06:00:00,2014-08-25T00:00:00,2014-08-25T06:00:00,6
train_081300_lead024,train,4,81297,81300,81304,2014-08-24T06:00:00,2014-08-25T00:00:00,2014-08-26T00:00:00,24
train_081300_lead072,train,4,81297,81300,81312,2014-08-24T06:00:00,2014-08-25T00:00:00,2014-08-28T00:00:00,72
train_081329_lead006,train,4,81326,81329,81330,2014-08-31T12:00:00,2014-09-01T06:00:00,2014-09-01T12:00:00,6
train_081329_lead024,train,4,81326,81329,81333,2014-08-31T12:00:00,2014-09-01T06:00:00,2014-09-02T06:00:00,24
train_081329_lead072,train,4,81326,81329,81341,2014-08-31T12:00:00,2014-09-01T06:00:00,2014-09-04T06:00:00,72
train_081357_lead006,train,4,81354,81357,81358,2014-09-07T12:00:00,2014-09-08T06:00:00,2014-09-08T12:00:00,6
train_081357_lead024,train,4,81354,81357,81361,2014-09-07T12:00:00,2014-09-08T06:00:00,2014-09-09T06:00:00,24
train_081357_lead072,train,4,81354,81357,81369,2014-09-07T12:00:00,2014-09-08T06:00:00,2014-09-11T06:00:00,72
train_081386_lead006,train,4,81383,81386,81387,2014-09-14T18:00:00,2014-09-15T12:00:00,2014-09-15T18:00:00,6
train_081386_lead024,train,4,81383,81386,81390,2014-09-14T18:00:00,2014-09-15T12:00:00,2014-09-16T12:00:00,24
train_081386_lead072,train,4,81383,81386,81398,2014-09-14T18:00:00,2014-09-15T12:00:00,2014-09-18T12:00:00,72
train_081414_lead006,train,4,81411,81414,81415,2014-09-21T18:00:00,2014-09-22T12:00:00,2014-09-22T18:00:00,6
train_081414_lead024,train,4,81411,81414,81418,2014-09-21T18:00:00,2014-09-22T12:00:00,2014-09-23T12:00:00,24
train_081414_lead072,train,4,81411,81414,81426,2014-09-21T18:00:00,2014-09-22T12:00:00,2014-09-25T12:00:00,72
train_081443_lead006,train,4,81440,81443,81444,2014-09-29T00:00:00,2014-09-29T18:00:00,2014-09-30T00:00:00,6
train_081443_lead024,train,4,81440,81443,81447,2014-09-29T00:00:00,2014-09-29T18:00:00,2014-09-30T18:00:00,24
train_081443_lead072,train,4,81440,81443,81455,2014-09-29T00:00:00,2014-09-29T18:00:00,2014-10-02T18:00:00,72
train_081471_lead006,train,4,81468,81471,81472,2014-10-06T00:00:00,2014-10-06T18:00:00,2014-10-07T00:00:00,6
train_081471_lead024,train,4,81468,81471,81475,2014-10-06T00:00:00,2014-10-06T18:00:00,2014-10-07T18:00:00,24
train_081471_lead072,train,4,81468,81471,81483,2014-10-06T00:00:00,2014-10-06T18:00:00,2014-10-09T18:00:00,72
train_081500_lead006,train,4,81497,81500,81501,2014-10-13T06:00:00,2014-10-14T00:00:00,2014-10-14T06:00:00,6
train_081500_lead024,train,4,81497,81500,81504,2014-10-13T06:00:00,2014-10-14T00:00:00,2014-10-15T00:00:00,24
train_081500_lead072,train,4,81497,81500,81512,2014-10-13T06:00:00,2014-10-14T00:00:00,2014-10-17T00:00:00,72
train_081528_lead006,train,4,81525,81528,81529,2014-10-20T06:00:00,2014-10-21T00:00:00,2014-10-21T06:00:00,6
train_081528_lead024,train,4,81525,81528,81532,2014-10-20T06:00:00,2014-10-21T00:00:00,2014-10-22T00:00:00,24
train_081528_lead072,train,4,81525,81528,81540,2014-10-20T06:00:00,2014-10-21T00:00:00,2014-10-24T00:00:00,72
train_081557_lead006,train,4,81554,81557,81558,2014-10-27T12:00:00,2014-10-28T06:00:00,2014-10-28T12:00:00,6
train_081557_lead024,train,4,81554,81557,81561,2014-10-27T12:00:00,2014-10-28T06:00:00,2014-10-29T06:00:00,24
train_081557_lead072,train,4,81554,81557,81569,2014-10-27T12:00:00,2014-10-28T06:00:00,2014-10-31T06:00:00,72
train_081585_lead006,train,4,81582,81585,81586,2014-11-03T12:00:00,2014-11-04T06:00:00,2014-11-04T12:00:00,6
train_081585_lead024,train,4,81582,81585,81589,2014-11-03T12:00:00,2014-11-04T06:00:00,2014-11-05T06:00:00,24
train_081585_lead072,train,4,81582,81585,81597,2014-11-03T12:00:00,2014-11-04T06:00:00,2014-11-07T06:00:00,72
train_081614_lead006,train,4,81611,81614,81615,2014-11-10T18:00:00,2014-11-11T12:00:00,2014-11-11T18:00:00,6
train_081614_lead024,train,4,81611,81614,81618,2014-11-10T18:00:00,2014-11-11T12:00:00,2014-11-12T12:00:00,24
train_081614_lead072,train,4,81611,81614,81626,2014-11-10T18:00:00,2014-11-11T12:00:00,2014-11-14T12:00:00,72
train_081642_lead006,train,4,81639,81642,81643,2014-11-17T18:00:00,2014-11-18T12:00:00,2014-11-18T18:00:00,6
train_081642_lead024,train,4,81639,81642,81646,2014-11-17T18:00:00,2014-11-18T12:00:00,2014-11-19T12:00:00,24
train_081642_lead072,train,4,81639,81642,81654,2014-11-17T18:00:00,2014-11-18T12:00:00,2014-11-21T12:00:00,72
train_081671_lead006,train,4,81668,81671,81672,2014-11-25T00:00:00,2014-11-25T18:00:00,2014-11-26T00:00:00,6
train_081671_lead024,train,4,81668,81671,81675,2014-11-25T00:00:00,2014-11-25T18:00:00,2014-11-26T18:00:00,24
train_081671_lead072,train,4,81668,81671,81683,2014-11-25T00:00:00,2014-11-25T18:00:00,2014-11-28T18:00:00,72
train_081699_lead006,train,4,81696,81699,81700,2014-12-02T00:00:00,2014-12-02T18:00:00,2014-12-03T00:00:00,6
train_081699_lead024,train,4,81696,81699,81703,2014-12-02T00:00:00,2014-12-02T18:00:00,2014-12-03T18:00:00,24
train_081699_lead072,train,4,81696,81699,81711,2014-12-02T00:00:00,2014-12-02T18:00:00,2014-12-05T18:00:00,72
train_081728_lead006,train,4,81725,81728,81729,2014-12-09T06:00:00,2014-12-10T00:00:00,2014-12-10T06:00:00,6
train_081728_lead024,train,4,81725,81728,81732,2014-12-09T06:00:00,2014-12-10T00:00:00,2014-12-11T00:00:00,24
train_081728_lead072,train,4,81725,81728,81740,2014-12-09T06:00:00,2014-12-10T00:00:00,2014-12-13T00:00:00,72
train_081757_lead006,train,4,81754,81757,81758,2014-12-16T12:00:00,2014-12-17T06:00:00,2014-12-17T12:00:00,6
train_081757_lead024,train,4,81754,81757,81761,2014-12-16T12:00:00,2014-12-17T06:00:00,2014-12-18T06:00:00,24
train_081757_lead072,train,4,81754,81757,81769,2014-12-16T12:00:00,2014-12-17T06:00:00,2014-12-20T06:00:00,72
train_081785_lead006,train,4,81782,81785,81786,2014-12-23T12:00:00,2014-12-24T06:00:00,2014-12-24T12:00:00,6
train_081785_lead024,train,4,81782,81785,81789,2014-12-23T12:00:00,2014-12-24T06:00:00,2014-12-25T06:00:00,24
train_081785_lead072,train,4,81782,81785,81797,2014-12-23T12:00:00,2014-12-24T06:00:00,2014-12-27T06:00:00,72
train_081814_lead006,train,4,81811,81814,81815,2014-12-30T18:00:00,2014-12-31T12:00:00,2014-12-31T18:00:00,6
train_081814_lead024,train,4,81811,81814,81818,2014-12-30T18:00:00,2014-12-31T12:00:00,2015-01-01T12:00:00,24
train_081814_lead072,train,4,81811,81814,81826,2014-12-30T18:00:00,2014-12-31T12:00:00,2015-01-03T12:00:00,72
train_081842_lead006,train,4,81839,81842,81843,2015-01-06T18:00:00,2015-01-07T12:00:00,2015-01-07T18:00:00,6
train_081842_lead024,train,4,81839,81842,81846,2015-01-06T18:00:00,2015-01-07T12:00:00,2015-01-08T12:00:00,24
train_081842_lead072,train,4,81839,81842,81854,2015-01-06T18:00:00,2015-01-07T12:00:00,2015-01-10T12:00:00,72
train_081871_lead006,train,4,81868,81871,81872,2015-01-14T00:00:00,2015-01-14T18:00:00,2015-01-15T00:00:00,6
train_081871_lead024,train,4,81868,81871,81875,2015-01-14T00:00:00,2015-01-14T18:00:00,2015-01-15T18:00:00,24
train_081871_lead072,train,4,81868,81871,81883,2015-01-14T00:00:00,2015-01-14T18:00:00,2015-01-17T18:00:00,72
train_081899_lead006,train,4,81896,81899,81900,2015-01-21T00:00:00,2015-01-21T18:00:00,2015-01-22T00:00:00,6
train_081899_lead024,train,4,81896,81899,81903,2015-01-21T00:00:00,2015-01-21T18:00:00,2015-01-22T18:00:00,24
train_081899_lead072,train,4,81896,81899,81911,2015-01-21T00:00:00,2015-01-21T18:00:00,2015-01-24T18:00:00,72
train_081928_lead006,train,4,81925,81928,81929,2015-01-28T06:00:00,2015-01-29T00:00:00,2015-01-29T06:00:00,6
train_081928_lead024,train,4,81925,81928,81932,2015-01-28T06:00:00,2015-01-29T00:00:00,2015-01-30T00:00:00,24
train_081928_lead072,train,4,81925,81928,81940,2015-01-28T06:00:00,2015-01-29T00:00:00,2015-02-01T00:00:00,72
train_081956_lead006,train,4,81953,81956,81957,2015-02-04T06:00:00,2015-02-05T00:00:00,2015-02-05T06:00:00,6
train_081956_lead024,train,4,81953,81956,81960,2015-02-04T06:00:00,2015-02-05T00:00:00,2015-02-06T00:00:00,24
train_081956_lead072,train,4,81953,81956,81968,2015-02-04T06:00:00,2015-02-05T00:00:00,2015-02-08T00:00:00,72
train_081985_lead006,train,4,81982,81985,81986,2015-02-11T12:00:00,2015-02-12T06:00:00,2015-02-12T12:00:00,6
train_081985_lead024,train,4,81982,81985,81989,2015-02-11T12:00:00,2015-02-12T06:00:00,2015-02-13T06:00:00,24
train_081985_lead072,train,4,81982,81985,81997,2015-02-11T12:00:00,2015-02-12T06:00:00,2015-02-15T06:00:00,72
train_082013_lead006,train,4,82010,82013,82014,2015-02-18T12:00:00,2015-02-19T06:00:00,2015-02-19T12:00:00,6
train_082013_lead024,train,4,82010,82013,82017,2015-02-18T12:00:00,2015-02-19T06:00:00,2015-02-20T06:00:00,24
train_082013_lead072,train,4,82010,82013,82025,2015-02-18T12:00:00,2015-02-19T06:00:00,2015-02-22T06:00:00,72
train_082042_lead006,train,4,82039,82042,82043,2015-02-25T18:00:00,2015-02-26T12:00:00,2015-02-26T18:00:00,6
train_082042_lead024,train,4,82039,82042,82046,2015-02-25T18:00:00,2015-02-26T12:00:00,2015-02-27T12:00:00,24
train_082042_lead072,train,4,82039,82042,82054,2015-02-25T18:00:00,2015-02-26T12:00:00,2015-03-01T12:00:00,72
train_082070_lead006,train,4,82067,82070,82071,2015-03-04T18:00:00,2015-03-05T12:00:00,2015-03-05T18:00:00,6
train_082070_lead024,train,4,82067,82070,82074,2015-03-04T18:00:00,2015-03-05T12:00:00,2015-03-06T12:00:00,24
train_082070_lead072,train,4,82067,82070,82082,2015-03-04T18:00:00,2015-03-05T12:00:00,2015-03-08T12:00:00,72
train_082099_lead006,train,4,82096,82099,82100,2015-03-12T00:00:00,2015-03-12T18:00:00,2015-03-13T00:00:00,6
train_082099_lead024,train,4,82096,82099,82103,2015-03-12T00:00:00,2015-03-12T18:00:00,2015-03-13T18:00:00,24
train_082099_lead072,train,4,82096,82099,82111,2015-03-12T00:00:00,2015-03-12T18:00:00,2015-03-15T18:00:00,72
train_082127_lead006,train,4,82124,82127,82128,2015-03-19T00:00:00,2015-03-19T18:00:00,2015-03-20T00:00:00,6
train_082127_lead024,train,4,82124,82127,82131,2015-03-19T00:00:00,2015-03-19T18:00:00,2015-03-20T18:00:00,24
train_082127_lead072,train,4,82124,82127,82139,2015-03-19T00:00:00,2015-03-19T18:00:00,2015-03-22T18:00:00,72
train_082156_lead006,train,4,82153,82156,82157,2015-03-26T06:00:00,2015-03-27T00:00:00,2015-03-27T06:00:00,6
train_082156_lead024,train,4,82153,82156,82160,2015-03-26T06:00:00,2015-03-27T00:00:00,2015-03-28T00:00:00,24
train_082156_lead072,train,4,82153,82156,82168,2015-03-26T06:00:00,2015-03-27T00:00:00,2015-03-30T00:00:00,72
train_082184_lead006,train,4,82181,82184,82185,2015-04-02T06:00:00,2015-04-03T00:00:00,2015-04-03T06:00:00,6
train_082184_lead024,train,4,82181,82184,82188,2015-04-02T06:00:00,2015-04-03T00:00:00,2015-04-04T00:00:00,24
train_082184_lead072,train,4,82181,82184,82196,2015-04-02T06:00:00,2015-04-03T00:00:00,2015-04-06T00:00:00,72
train_082213_lead006,train,4,82210,82213,82214,2015-04-09T12:00:00,2015-04-10T06:00:00,2015-04-10T12:00:00,6
train_082213_lead024,train,4,82210,82213,82217,2015-04-09T12:00:00,2015-04-10T06:00:00,2015-04-11T06:00:00,24
train_082213_lead072,train,4,82210,82213,82225,2015-04-09T12:00:00,2015-04-10T06:00:00,2015-04-13T06:00:00,72
train_082241_lead006,train,4,82238,82241,82242,2015-04-16T12:00:00,2015-04-17T06:00:00,2015-04-17T12:00:00,6
train_082241_lead024,train,4,82238,82241,82245,2015-04-16T12:00:00,2015-04-17T06:00:00,2015-04-18T06:00:00,24
train_082241_lead072,train,4,82238,82241,82253,2015-04-16T12:00:00,2015-04-17T06:00:00,2015-04-20T06:00:00,72
train_082270_lead006,train,4,82267,82270,82271,2015-04-23T18:00:00,2015-04-24T12:00:00,2015-04-24T18:00:00,6
train_082270_lead024,train,4,82267,82270,82274,2015-04-23T18:00:00,2015-04-24T12:00:00,2015-04-25T12:00:00,24
train_082270_lead072,train,4,82267,82270,82282,2015-04-23T18:00:00,2015-04-24T12:00:00,2015-04-27T12:00:00,72
train_082299_lead006,train,4,82296,82299,82300,2015-05-01T00:00:00,2015-05-01T18:00:00,2015-05-02T00:00:00,6
train_082299_lead024,train,4,82296,82299,82303,2015-05-01T00:00:00,2015-05-01T18:00:00,2015-05-02T18:00:00,24
train_082299_lead072,train,4,82296,82299,82311,2015-05-01T00:00:00,2015-05-01T18:00:00,2015-05-04T18:00:00,72
train_082327_lead006,train,4,82324,82327,82328,2015-05-08T00:00:00,2015-05-08T18:00:00,2015-05-09T00:00:00,6
train_082327_lead024,train,4,82324,82327,82331,2015-05-08T00:00:00,2015-05-08T18:00:00,2015-05-09T18:00:00,24
train_082327_lead072,train,4,82324,82327,82339,2015-05-08T00:00:00,2015-05-08T18:00:00,2015-05-11T18:00:00,72
train_082356_lead006,train,4,82353,82356,82357,2015-05-15T06:00:00,2015-05-16T00:00:00,2015-05-16T06:00:00,6
train_082356_lead024,train,4,82353,82356,82360,2015-05-15T06:00:00,2015-05-16T00:00:00,2015-05-17T00:00:00,24
train_082356_lead072,train,4,82353,82356,82368,2015-05-15T06:00:00,2015-05-16T00:00:00,2015-05-19T00:00:00,72
train_082384_lead006,train,4,82381,82384,82385,2015-05-22T06:00:00,2015-05-23T00:00:00,2015-05-23T06:00:00,6
train_082384_lead024,train,4,82381,82384,82388,2015-05-22T06:00:00,2015-05-23T00:00:00,2015-05-24T00:00:00,24
train_082384_lead072,train,4,82381,82384,82396,2015-05-22T06:00:00,2015-05-23T00:00:00,2015-05-26T00:00:00,72
train_082413_lead006,train,4,82410,82413,82414,2015-05-29T12:00:00,2015-05-30T06:00:00,2015-05-30T12:00:00,6
train_082413_lead024,train,4,82410,82413,82417,2015-05-29T12:00:00,2015-05-30T06:00:00,2015-05-31T06:00:00,24
train_082413_lead072,train,4,82410,82413,82425,2015-05-29T12:00:00,2015-05-30T06:00:00,2015-06-02T06:00:00,72
train_082441_lead006,train,4,82438,82441,82442,2015-06-05T12:00:00,2015-06-06T06:00:00,2015-06-06T12:00:00,6
train_082441_lead024,train,4,82438,82441,82445,2015-06-05T12:00:00,2015-06-06T06:00:00,2015-06-07T06:00:00,24
train_082441_lead072,train,4,82438,82441,82453,2015-06-05T12:00:00,2015-06-06T06:00:00,2015-06-09T06:00:00,72
train_082470_lead006,train,4,82467,82470,82471,2015-06-12T18:00:00,2015-06-13T12:00:00,2015-06-13T18:00:00,6
train_082470_lead024,train,4,82467,82470,82474,2015-06-12T18:00:00,2015-06-13T12:00:00,2015-06-14T12:00:00,24
train_082470_lead072,train,4,82467,82470,82482,2015-06-12T18:00:00,2015-06-13T12:00:00,2015-06-16T12:00:00,72
train_082498_lead006,train,4,82495,82498,82499,2015-06-19T18:00:00,2015-06-20T12:00:00,2015-06-20T18:00:00,6
train_082498_lead024,train,4,82495,82498,82502,2015-06-19T18:00:00,2015-06-20T12:00:00,2015-06-21T12:00:00,24
train_082498_lead072,train,4,82495,82498,82510,2015-06-19T18:00:00,2015-06-20T12:00:00,2015-06-23T12:00:00,72
train_082527_lead006,train,4,82524,82527,82528,2015-06-27T00:00:00,2015-06-27T18:00:00,2015-06-28T00:00:00,6
train_082527_lead024,train,4,82524,82527,82531,2015-06-27T00:00:00,2015-06-27T18:00:00,2015-06-28T18:00:00,24
train_082527_lead072,train,4,82524,82527,82539,2015-06-27T00:00:00,2015-06-27T18:00:00,2015-06-30T18:00:00,72
train_082555_lead006,train,4,82552,82555,82556,2015-07-04T00:00:00,2015-07-04T18:00:00,2015-07-05T00:00:00,6
train_082555_lead024,train,4,82552,82555,82559,2015-07-04T00:00:00,2015-07-04T18:00:00,2015-07-05T18:00:00,24
train_082555_lead072,train,4,82552,82555,82567,2015-07-04T00:00:00,2015-07-04T18:00:00,2015-07-07T18:00:00,72
train_082584_lead006,train,4,82581,82584,82585,2015-07-11T06:00:00,2015-07-12T00:00:00,2015-07-12T06:00:00,6
train_082584_lead024,train,4,82581,82584,82588,2015-07-11T06:00:00,2015-07-12T00:00:00,2015-07-13T00:00:00,24
train_082584_lead072,train,4,82581,82584,82596,2015-07-11T06:00:00,2015-07-12T00:00:00,2015-07-15T00:00:00,72
train_082612_lead006,train,4,82609,82612,82613,2015-07-18T06:00:00,2015-07-19T00:00:00,2015-07-19T06:00:00,6
train_082612_lead024,train,4,82609,82612,82616,2015-07-18T06:00:00,2015-07-19T00:00:00,2015-07-20T00:00:00,24
train_082612_lead072,train,4,82609,82612,82624,2015-07-18T06:00:00,2015-07-19T00:00:00,2015-07-22T00:00:00,72
train_082641_lead006,train,4,82638,82641,82642,2015-07-25T12:00:00,2015-07-26T06:00:00,2015-07-26T12:00:00,6
train_082641_lead024,train,4,82638,82641,82645,2015-07-25T12:00:00,2015-07-26T06:00:00,2015-07-27T06:00:00,24
train_082641_lead072,train,4,82638,82641,82653,2015-07-25T12:00:00,2015-07-26T06:00:00,2015-07-29T06:00:00,72
train_082669_lead006,train,4,82666,82669,82670,2015-08-01T12:00:00,2015-08-02T06:00:00,2015-08-02T12:00:00,6
train_082669_lead024,train,4,82666,82669,82673,2015-08-01T12:00:00,2015-08-02T06:00:00,2015-08-03T06:00:00,24
train_082669_lead072,train,4,82666,82669,82681,2015-08-01T12:00:00,2015-08-02T06:00:00,2015-08-05T06:00:00,72
train_082698_lead006,train,4,82695,82698,82699,2015-08-08T18:00:00,2015-08-09T12:00:00,2015-08-09T18:00:00,6
train_082698_lead024,train,4,82695,82698,82702,2015-08-08T18:00:00,2015-08-09T12:00:00,2015-08-10T12:00:00,24
train_082698_lead072,train,4,82695,82698,82710,2015-08-08T18:00:00,2015-08-09T12:00:00,2015-08-12T12:00:00,72
train_082726_lead006,train,4,82723,82726,82727,2015-08-15T18:00:00,2015-08-16T12:00:00,2015-08-16T18:00:00,6
train_082726_lead024,train,4,82723,82726,82730,2015-08-15T18:00:00,2015-08-16T12:00:00,2015-08-17T12:00:00,24
train_082726_lead072,train,4,82723,82726,82738,2015-08-15T18:00:00,2015-08-16T12:00:00,2015-08-19T12:00:00,72
train_082755_lead006,train,4,82752,82755,82756,2015-08-23T00:00:00,2015-08-23T18:00:00,2015-08-24T00:00:00,6
train_082755_lead024,train,4,82752,82755,82759,2015-08-23T00:00:00,2015-08-23T18:00:00,2015-08-24T18:00:00,24
train_082755_lead072,train,4,82752,82755,82767,2015-08-23T00:00:00,2015-08-23T18:00:00,2015-08-26T18:00:00,72
train_082784_lead006,train,4,82781,82784,82785,2015-08-30T06:00:00,2015-08-31T00:00:00,2015-08-31T06:00:00,6
train_082784_lead024,train,4,82781,82784,82788,2015-08-30T06:00:00,2015-08-31T00:00:00,2015-09-01T00:00:00,24
train_082784_lead072,train,4,82781,82784,82796,2015-08-30T06:00:00,2015-08-31T00:00:00,2015-09-03T00:00:00,72
train_082812_lead006,train,4,82809,82812,82813,2015-09-06T06:00:00,2015-09-07T00:00:00,2015-09-07T06:00:00,6
train_082812_lead024,train,4,82809,82812,82816,2015-09-06T06:00:00,2015-09-07T00:00:00,2015-09-08T00:00:00,24
train_082812_lead072,train,4,82809,82812,82824,2015-09-06T06:00:00,2015-09-07T00:00:00,2015-09-10T00:00:00,72
train_082841_lead006,train,4,82838,82841,82842,2015-09-13T12:00:00,2015-09-14T06:00:00,2015-09-14T12:00:00,6
train_082841_lead024,train,4,82838,82841,82845,2015-09-13T12:00:00,2015-09-14T06:00:00,2015-09-15T06:00:00,24
train_082841_lead072,train,4,82838,82841,82853,2015-09-13T12:00:00,2015-09-14T06:00:00,2015-09-17T06:00:00,72
train_082869_lead006,train,4,82866,82869,82870,2015-09-20T12:00:00,2015-09-21T06:00:00,2015-09-21T12:00:00,6
train_082869_lead024,train,4,82866,82869,82873,2015-09-20T12:00:00,2015-09-21T06:00:00,2015-09-22T06:00:00,24
train_082869_lead072,train,4,82866,82869,82881,2015-09-20T12:00:00,2015-09-21T06:00:00,2015-09-24T06:00:00,72
train_082898_lead006,train,4,82895,82898,82899,2015-09-27T18:00:00,2015-09-28T12:00:00,2015-09-28T18:00:00,6
train_082898_lead024,train,4,82895,82898,82902,2015-09-27T18:00:00,2015-09-28T12:00:00,2015-09-29T12:00:00,24
train_082898_lead072,train,4,82895,82898,82910,2015-09-27T18:00:00,2015-09-28T12:00:00,2015-10-01T12:00:00,72
train_082926_lead006,train,4,82923,82926,82927,2015-10-04T18:00:00,2015-10-05T12:00:00,2015-10-05T18:00:00,6
train_082926_lead024,train,4,82923,82926,82930,2015-10-04T18:00:00,2015-10-05T12:00:00,2015-10-06T12:00:00,24
train_082926_lead072,train,4,82923,82926,82938,2015-10-04T18:00:00,2015-10-05T12:00:00,2015-10-08T12:00:00,72
train_082955_lead006,train,4,82952,82955,82956,2015-10-12T00:00:00,2015-10-12T18:00:00,2015-10-13T00:00:00,6
train_082955_lead024,train,4,82952,82955,82959,2015-10-12T00:00:00,2015-10-12T18:00:00,2015-10-13T18:00:00,24
train_082955_lead072,train,4,82952,82955,82967,2015-10-12T00:00:00,2015-10-12T18:00:00,2015-10-15T18:00:00,72
train_082983_lead006,train,4,82980,82983,82984,2015-10-19T00:00:00,2015-10-19T18:00:00,2015-10-20T00:00:00,6
train_082983_lead024,train,4,82980,82983,82987,2015-10-19T00:00:00,2015-10-19T18:00:00,2015-10-20T18:00:00,24
train_082983_lead072,train,4,82980,82983,82995,2015-10-19T00:00:00,2015-10-19T18:00:00,2015-10-22T18:00:00,72
train_083012_lead006,train,4,83009,83012,83013,2015-10-26T06:00:00,2015-10-27T00:00:00,2015-10-27T06:00:00,6
train_083012_lead024,train,4,83009,83012,83016,2015-10-26T06:00:00,2015-10-27T00:00:00,2015-10-28T00:00:00,24
train_083012_lead072,train,4,83009,83012,83024,2015-10-26T06:00:00,2015-10-27T00:00:00,2015-10-30T00:00:00,72
train_083040_lead006,train,4,83037,83040,83041,2015-11-02T06:00:00,2015-11-03T00:00:00,2015-11-03T06:00:00,6
train_083040_lead024,train,4,83037,83040,83044,2015-11-02T06:00:00,2015-11-03T00:00:00,2015-11-04T00:00:00,24
train_083040_lead072,train,4,83037,83040,83052,2015-11-02T06:00:00,2015-11-03T00:00:00,2015-11-06T00:00:00,72
train_083069_lead006,train,4,83066,83069,83070,2015-11-09T12:00:00,2015-11-10T06:00:00,2015-11-10T12:00:00,6
train_083069_lead024,train,4,83066,83069,83073,2015-11-09T12:00:00,2015-11-10T06:00:00,2015-11-11T06:00:00,24
train_083069_lead072,train,4,83066,83069,83081,2015-11-09T12:00:00,2015-11-10T06:00:00,2015-11-13T06:00:00,72
train_083097_lead006,train,4,83094,83097,83098,2015-11-16T12:00:00,2015-11-17T06:00:00,2015-11-17T12:00:00,6
train_083097_lead024,train,4,83094,83097,83101,2015-11-16T12:00:00,2015-11-17T06:00:00,2015-11-18T06:00:00,24
train_083097_lead072,train,4,83094,83097,83109,2015-11-16T12:00:00,2015-11-17T06:00:00,2015-11-20T06:00:00,72
train_083126_lead006,train,4,83123,83126,83127,2015-11-23T18:00:00,2015-11-24T12:00:00,2015-11-24T18:00:00,6
train_083126_lead024,train,4,83123,83126,83130,2015-11-23T18:00:00,2015-11-24T12:00:00,2015-11-25T12:00:00,24
train_083126_lead072,train,4,83123,83126,83138,2015-11-23T18:00:00,2015-11-24T12:00:00,2015-11-27T12:00:00,72
train_083154_lead006,train,4,83151,83154,83155,2015-11-30T18:00:00,2015-12-01T12:00:00,2015-12-01T18:00:00,6
train_083154_lead024,train,4,83151,83154,83158,2015-11-30T18:00:00,2015-12-01T12:00:00,2015-12-02T12:00:00,24
train_083154_lead072,train,4,83151,83154,83166,2015-11-30T18:00:00,2015-12-01T12:00:00,2015-12-04T12:00:00,72
train_083183_lead006,train,4,83180,83183,83184,2015-12-08T00:00:00,2015-12-08T18:00:00,2015-12-09T00:00:00,6
train_083183_lead024,train,4,83180,83183,83187,2015-12-08T00:00:00,2015-12-08T18:00:00,2015-12-09T18:00:00,24
train_083183_lead072,train,4,83180,83183,83195,2015-12-08T00:00:00,2015-12-08T18:00:00,2015-12-11T18:00:00,72
train_083211_lead006,train,4,83208,83211,83212,2015-12-15T00:00:00,2015-12-15T18:00:00,2015-12-16T00:00:00,6
train_083211_lead024,train,4,83208,83211,83215,2015-12-15T00:00:00,2015-12-15T18:00:00,2015-12-16T18:00:00,24
train_083211_lead072,train,4,83208,83211,83223,2015-12-15T00:00:00,2015-12-15T18:00:00,2015-12-18T18:00:00,72
train_083240_lead006,train,4,83237,83240,83241,2015-12-22T06:00:00,2015-12-23T00:00:00,2015-12-23T06:00:00,6
train_083240_lead024,train,4,83237,83240,83244,2015-12-22T06:00:00,2015-12-23T00:00:00,2015-12-24T00:00:00,24
train_083240_lead072,train,4,83237,83240,83252,2015-12-22T06:00:00,2015-12-23T00:00:00,2015-12-26T00:00:00,72
train_083268_lead006,train,4,83265,83268,83269,2015-12-29T06:00:00,2015-12-30T00:00:00,2015-12-30T06:00:00,6
train_083268_lead024,train,4,83265,83268,83272,2015-12-29T06:00:00,2015-12-30T00:00:00,2015-12-31T00:00:00,24
train_083268_lead072,train,4,83265,83268,83280,2015-12-29T06:00:00,2015-12-30T00:00:00,2016-01-02T00:00:00,72
train_083297_lead006,train,4,83294,83297,83298,2016-01-05T12:00:00,2016-01-06T06:00:00,2016-01-06T12:00:00,6
train_083297_lead024,train,4,83294,83297,83301,2016-01-05T12:00:00,2016-01-06T06:00:00,2016-01-07T06:00:00,24
train_083297_lead072,train,4,83294,83297,83309,2016-01-05T12:00:00,2016-01-06T06:00:00,2016-01-09T06:00:00,72
train_083326_lead006,train,4,83323,83326,83327,2016-01-12T18:00:00,2016-01-13T12:00:00,2016-01-13T18:00:00,6
train_083326_lead024,train,4,83323,83326,83330,2016-01-12T18:00:00,2016-01-13T12:00:00,2016-01-14T12:00:00,24
train_083326_lead072,train,4,83323,83326,83338,2016-01-12T18:00:00,2016-01-13T12:00:00,2016-01-16T12:00:00,72
train_083354_lead006,train,4,83351,83354,83355,2016-01-19T18:00:00,2016-01-20T12:00:00,2016-01-20T18:00:00,6
train_083354_lead024,train,4,83351,83354,83358,2016-01-19T18:00:00,2016-01-20T12:00:00,2016-01-21T12:00:00,24
train_083354_lead072,train,4,83351,83354,83366,2016-01-19T18:00:00,2016-01-20T12:00:00,2016-01-23T12:00:00,72
train_083383_lead006,train,4,83380,83383,83384,2016-01-27T00:00:00,2016-01-27T18:00:00,2016-01-28T00:00:00,6
train_083383_lead024,train,4,83380,83383,83387,2016-01-27T00:00:00,2016-01-27T18:00:00,2016-01-28T18:00:00,24
train_083383_lead072,train,4,83380,83383,83395,2016-01-27T00:00:00,2016-01-27T18:00:00,2016-01-30T18:00:00,72
train_083411_lead006,train,4,83408,83411,83412,2016-02-03T00:00:00,2016-02-03T18:00:00,2016-02-04T00:00:00,6
train_083411_lead024,train,4,83408,83411,83415,2016-02-03T00:00:00,2016-02-03T18:00:00,2016-02-04T18:00:00,24
train_083411_lead072,train,4,83408,83411,83423,2016-02-03T00:00:00,2016-02-03T18:00:00,2016-02-06T18:00:00,72
train_083440_lead006,train,4,83437,83440,83441,2016-02-10T06:00:00,2016-02-11T00:00:00,2016-02-11T06:00:00,6
train_083440_lead024,train,4,83437,83440,83444,2016-02-10T06:00:00,2016-02-11T00:00:00,2016-02-12T00:00:00,24
train_083440_lead072,train,4,83437,83440,83452,2016-02-10T06:00:00,2016-02-11T00:00:00,2016-02-14T00:00:00,72
train_083468_lead006,train,4,83465,83468,83469,2016-02-17T06:00:00,2016-02-18T00:00:00,2016-02-18T06:00:00,6
train_083468_lead024,train,4,83465,83468,83472,2016-02-17T06:00:00,2016-02-18T00:00:00,2016-02-19T00:00:00,24
train_083468_lead072,train,4,83465,83468,83480,2016-02-17T06:00:00,2016-02-18T00:00:00,2016-02-21T00:00:00,72
train_083497_lead006,train,4,83494,83497,83498,2016-02-24T12:00:00,2016-02-25T06:00:00,2016-02-25T12:00:00,6
train_083497_lead024,train,4,83494,83497,83501,2016-02-24T12:00:00,2016-02-25T06:00:00,2016-02-26T06:00:00,24
train_083497_lead072,train,4,83494,83497,83509,2016-02-24T12:00:00,2016-02-25T06:00:00,2016-02-28T06:00:00,72
train_083525_lead006,train,4,83522,83525,83526,2016-03-02T12:00:00,2016-03-03T06:00:00,2016-03-03T12:00:00,6
train_083525_lead024,train,4,83522,83525,83529,2016-03-02T12:00:00,2016-03-03T06:00:00,2016-03-04T06:00:00,24
train_083525_lead072,train,4,83522,83525,83537,2016-03-02T12:00:00,2016-03-03T06:00:00,2016-03-06T06:00:00,72
train_083554_lead006,train,4,83551,83554,83555,2016-03-09T18:00:00,2016-03-10T12:00:00,2016-03-10T18:00:00,6
train_083554_lead024,train,4,83551,83554,83558,2016-03-09T18:00:00,2016-03-10T12:00:00,2016-03-11T12:00:00,24
train_083554_lead072,train,4,83551,83554,83566,2016-03-09T18:00:00,2016-03-10T12:00:00,2016-03-13T12:00:00,72
train_083582_lead006,train,4,83579,83582,83583,2016-03-16T18:00:00,2016-03-17T12:00:00,2016-03-17T18:00:00,6
train_083582_lead024,train,4,83579,83582,83586,2016-03-16T18:00:00,2016-03-17T12:00:00,2016-03-18T12:00:00,24
train_083582_lead072,train,4,83579,83582,83594,2016-03-16T18:00:00,2016-03-17T12:00:00,2016-03-20T12:00:00,72
train_083611_lead006,train,4,83608,83611,83612,2016-03-24T00:00:00,2016-03-24T18:00:00,2016-03-25T00:00:00,6
train_083611_lead024,train,4,83608,83611,83615,2016-03-24T00:00:00,2016-03-24T18:00:00,2016-03-25T18:00:00,24
train_083611_lead072,train,4,83608,83611,83623,2016-03-24T00:00:00,2016-03-24T18:00:00,2016-03-27T18:00:00,72
train_083639_lead006,train,4,83636,83639,83640,2016-03-31T00:00:00,2016-03-31T18:00:00,2016-04-01T00:00:00,6
train_083639_lead024,train,4,83636,83639,83643,2016-03-31T00:00:00,2016-03-31T18:00:00,2016-04-01T18:00:00,24
train_083639_lead072,train,4,83636,83639,83651,2016-03-31T00:00:00,2016-03-31T18:00:00,2016-04-03T18:00:00,72
train_083668_lead006,train,4,83665,83668,83669,2016-04-07T06:00:00,2016-04-08T00:00:00,2016-04-08T06:00:00,6
train_083668_lead024,train,4,83665,83668,83672,2016-04-07T06:00:00,2016-04-08T00:00:00,2016-04-09T00:00:00,24
train_083668_lead072,train,4,83665,83668,83680,2016-04-07T06:00:00,2016-04-08T00:00:00,2016-04-11T00:00:00,72
train_083696_lead006,train,4,83693,83696,83697,2016-04-14T06:00:00,2016-04-15T00:00:00,2016-04-15T06:00:00,6
train_083696_lead024,train,4,83693,83696,83700,2016-04-14T06:00:00,2016-04-15T00:00:00,2016-04-16T00:00:00,24
train_083696_lead072,train,4,83693,83696,83708,2016-04-14T06:00:00,2016-04-15T00:00:00,2016-04-18T00:00:00,72
train_083725_lead006,train,4,83722,83725,83726,2016-04-21T12:00:00,2016-04-22T06:00:00,2016-04-22T12:00:00,6
train_083725_lead024,train,4,83722,83725,83729,2016-04-21T12:00:00,2016-04-22T06:00:00,2016-04-23T06:00:00,24
train_083725_lead072,train,4,83722,83725,83737,2016-04-21T12:00:00,2016-04-22T06:00:00,2016-04-25T06:00:00,72
train_083753_lead006,train,4,83750,83753,83754,2016-04-28T12:00:00,2016-04-29T06:00:00,2016-04-29T12:00:00,6
train_083753_lead024,train,4,83750,83753,83757,2016-04-28T12:00:00,2016-04-29T06:00:00,2016-04-30T06:00:00,24
train_083753_lead072,train,4,83750,83753,83765,2016-04-28T12:00:00,2016-04-29T06:00:00,2016-05-02T06:00:00,72
train_083782_lead006,train,4,83779,83782,83783,2016-05-05T18:00:00,2016-05-06T12:00:00,2016-05-06T18:00:00,6
train_083782_lead024,train,4,83779,83782,83786,2016-05-05T18:00:00,2016-05-06T12:00:00,2016-05-07T12:00:00,24
train_083782_lead072,train,4,83779,83782,83794,2016-05-05T18:00:00,2016-05-06T12:00:00,2016-05-09T12:00:00,72
train_083811_lead006,train,4,83808,83811,83812,2016-05-13T00:00:00,2016-05-13T18:00:00,2016-05-14T00:00:00,6
train_083811_lead024,train,4,83808,83811,83815,2016-05-13T00:00:00,2016-05-13T18:00:00,2016-05-14T18:00:00,24
train_083811_lead072,train,4,83808,83811,83823,2016-05-13T00:00:00,2016-05-13T18:00:00,2016-05-16T18:00:00,72
train_083839_lead006,train,4,83836,83839,83840,2016-05-20T00:00:00,2016-05-20T18:00:00,2016-05-21T00:00:00,6
train_083839_lead024,train,4,83836,83839,83843,2016-05-20T00:00:00,2016-05-20T18:00:00,2016-05-21T18:00:00,24
train_083839_lead072,train,4,83836,83839,83851,2016-05-20T00:00:00,2016-05-20T18:00:00,2016-05-23T18:00:00,72
train_083868_lead006,train,4,83865,83868,83869,2016-05-27T06:00:00,2016-05-28T00:00:00,2016-05-28T06:00:00,6
train_083868_lead024,train,4,83865,83868,83872,2016-05-27T06:00:00,2016-05-28T00:00:00,2016-05-29T00:00:00,24
train_083868_lead072,train,4,83865,83868,83880,2016-05-27T06:00:00,2016-05-28T00:00:00,2016-05-31T00:00:00,72
train_083896_lead006,train,4,83893,83896,83897,2016-06-03T06:00:00,2016-06-04T00:00:00,2016-06-04T06:00:00,6
train_083896_lead024,train,4,83893,83896,83900,2016-06-03T06:00:00,2016-06-04T00:00:00,2016-06-05T00:00:00,24
train_083896_lead072,train,4,83893,83896,83908,2016-06-03T06:00:00,2016-06-04T00:00:00,2016-06-07T00:00:00,72
train_083925_lead006,train,4,83922,83925,83926,2016-06-10T12:00:00,2016-06-11T06:00:00,2016-06-11T12:00:00,6
train_083925_lead024,train,4,83922,83925,83929,2016-06-10T12:00:00,2016-06-11T06:00:00,2016-06-12T06:00:00,24
train_083925_lead072,train,4,83922,83925,83937,2016-06-10T12:00:00,2016-06-11T06:00:00,2016-06-14T06:00:00,72
train_083953_lead006,train,4,83950,83953,83954,2016-06-17T12:00:00,2016-06-18T06:00:00,2016-06-18T12:00:00,6
train_083953_lead024,train,4,83950,83953,83957,2016-06-17T12:00:00,2016-06-18T06:00:00,2016-06-19T06:00:00,24
train_083953_lead072,train,4,83950,83953,83965,2016-06-17T12:00:00,2016-06-18T06:00:00,2016-06-21T06:00:00,72
train_083982_lead006,train,4,83979,83982,83983,2016-06-24T18:00:00,2016-06-25T12:00:00,2016-06-25T18:00:00,6
train_083982_lead024,train,4,83979,83982,83986,2016-06-24T18:00:00,2016-06-25T12:00:00,2016-06-26T12:00:00,24
train_083982_lead072,train,4,83979,83982,83994,2016-06-24T18:00:00,2016-06-25T12:00:00,2016-06-28T12:00:00,72
train_084010_lead006,train,4,84007,84010,84011,2016-07-01T18:00:00,2016-07-02T12:00:00,2016-07-02T18:00:00,6
train_084010_lead024,train,4,84007,84010,84014,2016-07-01T18:00:00,2016-07-02T12:00:00,2016-07-03T12:00:00,24
train_084010_lead072,train,4,84007,84010,84022,2016-07-01T18:00:00,2016-07-02T12:00:00,2016-07-05T12:00:00,72
train_084039_lead006,train,4,84036,84039,84040,2016-07-09T00:00:00,2016-07-09T18:00:00,2016-07-10T00:00:00,6
train_084039_lead024,train,4,84036,84039,84043,2016-07-09T00:00:00,2016-07-09T18:00:00,2016-07-10T18:00:00,24
train_084039_lead072,train,4,84036,84039,84051,2016-07-09T00:00:00,2016-07-09T18:00:00,2016-07-12T18:00:00,72
train_084067_lead006,train,4,84064,84067,84068,2016-07-16T00:00:00,2016-07-16T18:00:00,2016-07-17T00:00:00,6
train_084067_lead024,train,4,84064,84067,84071,2016-07-16T00:00:00,2016-07-16T18:00:00,2016-07-17T18:00:00,24
train_084067_lead072,train,4,84064,84067,84079,2016-07-16T00:00:00,2016-07-16T18:00:00,2016-07-19T18:00:00,72
train_084096_lead006,train,4,84093,84096,84097,2016-07-23T06:00:00,2016-07-24T00:00:00,2016-07-24T06:00:00,6
train_084096_lead024,train,4,84093,84096,84100,2016-07-23T06:00:00,2016-07-24T00:00:00,2016-07-25T00:00:00,24
train_084096_lead072,train,4,84093,84096,84108,2016-07-23T06:00:00,2016-07-24T00:00:00,2016-07-27T00:00:00,72
train_084124_lead006,train,4,84121,84124,84125,2016-07-30T06:00:00,2016-07-31T00:00:00,2016-07-31T06:00:00,6
train_084124_lead024,train,4,84121,84124,84128,2016-07-30T06:00:00,2016-07-31T00:00:00,2016-08-01T00:00:00,24
train_084124_lead072,train,4,84121,84124,84136,2016-07-30T06:00:00,2016-07-31T00:00:00,2016-08-03T00:00:00,72
train_084153_lead006,train,4,84150,84153,84154,2016-08-06T12:00:00,2016-08-07T06:00:00,2016-08-07T12:00:00,6
train_084153_lead024,train,4,84150,84153,84157,2016-08-06T12:00:00,2016-08-07T06:00:00,2016-08-08T06:00:00,24
train_084153_lead072,train,4,84150,84153,84165,2016-08-06T12:00:00,2016-08-07T06:00:00,2016-08-10T06:00:00,72
train_084181_lead006,train,4,84178,84181,84182,2016-08-13T12:00:00,2016-08-14T06:00:00,2016-08-14T12:00:00,6
train_084181_lead024,train,4,84178,84181,84185,2016-08-13T12:00:00,2016-08-14T06:00:00,2016-08-15T06:00:00,24
train_084181_lead072,train,4,84178,84181,84193,2016-08-13T12:00:00,2016-08-14T06:00:00,2016-08-17T06:00:00,72
train_084210_lead006,train,4,84207,84210,84211,2016-08-20T18:00:00,2016-08-21T12:00:00,2016-08-21T18:00:00,6
train_084210_lead024,train,4,84207,84210,84214,2016-08-20T18:00:00,2016-08-21T12:00:00,2016-08-22T12:00:00,24
train_084210_lead072,train,4,84207,84210,84222,2016-08-20T18:00:00,2016-08-21T12:00:00,2016-08-24T12:00:00,72
train_084238_lead006,train,4,84235,84238,84239,2016-08-27T18:00:00,2016-08-28T12:00:00,2016-08-28T18:00:00,6
train_084238_lead024,train,4,84235,84238,84242,2016-08-27T18:00:00,2016-08-28T12:00:00,2016-08-29T12:00:00,24
train_084238_lead072,train,4,84235,84238,84250,2016-08-27T18:00:00,2016-08-28T12:00:00,2016-08-31T12:00:00,72
train_084267_lead006,train,4,84264,84267,84268,2016-09-04T00:00:00,2016-09-04T18:00:00,2016-09-05T00:00:00,6
train_084267_lead024,train,4,84264,84267,84271,2016-09-04T00:00:00,2016-09-04T18:00:00,2016-09-05T18:00:00,24
train_084267_lead072,train,4,84264,84267,84279,2016-09-04T00:00:00,2016-09-04T18:00:00,2016-09-07T18:00:00,72
train_084295_lead006,train,4,84292,84295,84296,2016-09-11T00:00:00,2016-09-11T18:00:00,2016-09-12T00:00:00,6
train_084295_lead024,train,4,84292,84295,84299,2016-09-11T00:00:00,2016-09-11T18:00:00,2016-09-12T18:00:00,24
train_084295_lead072,train,4,84292,84295,84307,2016-09-11T00:00:00,2016-09-11T18:00:00,2016-09-14T18:00:00,72
train_084324_lead006,train,4,84321,84324,84325,2016-09-18T06:00:00,2016-09-19T00:00:00,2016-09-19T06:00:00,6
train_084324_lead024,train,4,84321,84324,84328,2016-09-18T06:00:00,2016-09-19T00:00:00,2016-09-20T00:00:00,24
train_084324_lead072,train,4,84321,84324,84336,2016-09-18T06:00:00,2016-09-19T00:00:00,2016-09-22T00:00:00,72
train_084353_lead006,train,4,84350,84353,84354,2016-09-25T12:00:00,2016-09-26T06:00:00,2016-09-26T12:00:00,6
train_084353_lead024,train,4,84350,84353,84357,2016-09-25T12:00:00,2016-09-26T06:00:00,2016-09-27T06:00:00,24
train_084353_lead072,train,4,84350,84353,84365,2016-09-25T12:00:00,2016-09-26T06:00:00,2016-09-29T06:00:00,72
train_084381_lead006,train,4,84378,84381,84382,2016-10-02T12:00:00,2016-10-03T06:00:00,2016-10-03T12:00:00,6
train_084381_lead024,train,4,84378,84381,84385,2016-10-02T12:00:00,2016-10-03T06:00:00,2016-10-04T06:00:00,24
train_084381_lead072,train,4,84378,84381,84393,2016-10-02T12:00:00,2016-10-03T06:00:00,2016-10-06T06:00:00,72
train_084410_lead006,train,4,84407,84410,84411,2016-10-09T18:00:00,2016-10-10T12:00:00,2016-10-10T18:00:00,6
train_084410_lead024,train,4,84407,84410,84414,2016-10-09T18:00:00,2016-10-10T12:00:00,2016-10-11T12:00:00,24
train_084410_lead072,train,4,84407,84410,84422,2016-10-09T18:00:00,2016-10-10T12:00:00,2016-10-13T12:00:00,72
train_084438_lead006,train,4,84435,84438,84439,2016-10-16T18:00:00,2016-10-17T12:00:00,2016-10-17T18:00:00,6
train_084438_lead024,train,4,84435,84438,84442,2016-10-16T18:00:00,2016-10-17T12:00:00,2016-10-18T12:00:00,24
train_084438_lead072,train,4,84435,84438,84450,2016-10-16T18:00:00,2016-10-17T12:00:00,2016-10-20T12:00:00,72
train_084467_lead006,train,4,84464,84467,84468,2016-10-24T00:00:00,2016-10-24T18:00:00,2016-10-25T00:00:00,6
train_084467_lead024,train,4,84464,84467,84471,2016-10-24T00:00:00,2016-10-24T18:00:00,2016-10-25T18:00:00,24
train_084467_lead072,train,4,84464,84467,84479,2016-10-24T00:00:00,2016-10-24T18:00:00,2016-10-27T18:00:00,72
train_084495_lead006,train,4,84492,84495,84496,2016-10-31T00:00:00,2016-10-31T18:00:00,2016-11-01T00:00:00,6
train_084495_lead024,train,4,84492,84495,84499,2016-10-31T00:00:00,2016-10-31T18:00:00,2016-11-01T18:00:00,24
train_084495_lead072,train,4,84492,84495,84507,2016-10-31T00:00:00,2016-10-31T18:00:00,2016-11-03T18:00:00,72
train_084524_lead006,train,4,84521,84524,84525,2016-11-07T06:00:00,2016-11-08T00:00:00,2016-11-08T06:00:00,6
train_084524_lead024,train,4,84521,84524,84528,2016-11-07T06:00:00,2016-11-08T00:00:00,2016-11-09T00:00:00,24
train_084524_lead072,train,4,84521,84524,84536,2016-11-07T06:00:00,2016-11-08T00:00:00,2016-11-11T00:00:00,72
train_084552_lead006,train,4,84549,84552,84553,2016-11-14T06:00:00,2016-11-15T00:00:00,2016-11-15T06:00:00,6
train_084552_lead024,train,4,84549,84552,84556,2016-11-14T06:00:00,2016-11-15T00:00:00,2016-11-16T00:00:00,24
train_084552_lead072,train,4,84549,84552,84564,2016-11-14T06:00:00,2016-11-15T00:00:00,2016-11-18T00:00:00,72
train_084581_lead006,train,4,84578,84581,84582,2016-11-21T12:00:00,2016-11-22T06:00:00,2016-11-22T12:00:00,6
train_084581_lead024,train,4,84578,84581,84585,2016-11-21T12:00:00,2016-11-22T06:00:00,2016-11-23T06:00:00,24
train_084581_lead072,train,4,84578,84581,84593,2016-11-21T12:00:00,2016-11-22T06:00:00,2016-11-25T06:00:00,72
train_084609_lead006,train,4,84606,84609,84610,2016-11-28T12:00:00,2016-11-29T06:00:00,2016-11-29T12:00:00,6
train_084609_lead024,train,4,84606,84609,84613,2016-11-28T12:00:00,2016-11-29T06:00:00,2016-11-30T06:00:00,24
train_084609_lead072,train,4,84606,84609,84621,2016-11-28T12:00:00,2016-11-29T06:00:00,2016-12-02T06:00:00,72
train_084638_lead006,train,4,84635,84638,84639,2016-12-05T18:00:00,2016-12-06T12:00:00,2016-12-06T18:00:00,6
train_084638_lead024,train,4,84635,84638,84642,2016-12-05T18:00:00,2016-12-06T12:00:00,2016-12-07T12:00:00,24
train_084638_lead072,train,4,84635,84638,84650,2016-12-05T18:00:00,2016-12-06T12:00:00,2016-12-09T12:00:00,72
train_084666_lead006,train,4,84663,84666,84667,2016-12-12T18:00:00,2016-12-13T12:00:00,2016-12-13T18:00:00,6
train_084666_lead024,train,4,84663,84666,84670,2016-12-12T18:00:00,2016-12-13T12:00:00,2016-12-14T12:00:00,24
train_084666_lead072,train,4,84663,84666,84678,2016-12-12T18:00:00,2016-12-13T12:00:00,2016-12-16T12:00:00,72
train_084695_lead006,train,4,84692,84695,84696,2016-12-20T00:00:00,2016-12-20T18:00:00,2016-12-21T00:00:00,6
train_084695_lead024,train,4,84692,84695,84699,2016-12-20T00:00:00,2016-12-20T18:00:00,2016-12-21T18:00:00,24
train_084695_lead072,train,4,84692,84695,84707,2016-12-20T00:00:00,2016-12-20T18:00:00,2016-12-23T18:00:00,72
train_084723_lead006,train,4,84720,84723,84724,2016-12-27T00:00:00,2016-12-27T18:00:00,2016-12-28T00:00:00,6
train_084723_lead024,train,4,84720,84723,84727,2016-12-27T00:00:00,2016-12-27T18:00:00,2016-12-28T18:00:00,24
train_084723_lead072,train,4,84720,84723,84735,2016-12-27T00:00:00,2016-12-27T18:00:00,2016-12-30T18:00:00,72
train_084752_lead006,train,4,84749,84752,84753,2017-01-03T06:00:00,2017-01-04T00:00:00,2017-01-04T06:00:00,6
train_084752_lead024,train,4,84749,84752,84756,2017-01-03T06:00:00,2017-01-04T00:00:00,2017-01-05T00:00:00,24
train_084752_lead072,train,4,84749,84752,84764,2017-01-03T06:00:00,2017-01-04T00:00:00,2017-01-07T00:00:00,72
train_084780_lead006,train,4,84777,84780,84781,2017-01-10T06:00:00,2017-01-11T00:00:00,2017-01-11T06:00:00,6
train_084780_lead024,train,4,84777,84780,84784,2017-01-10T06:00:00,2017-01-11T00:00:00,2017-01-12T00:00:00,24
train_084780_lead072,train,4,84777,84780,84792,2017-01-10T06:00:00,2017-01-11T00:00:00,2017-01-14T00:00:00,72
train_084809_lead006,train,4,84806,84809,84810,2017-01-17T12:00:00,2017-01-18T06:00:00,2017-01-18T12:00:00,6
train_084809_lead024,train,4,84806,84809,84813,2017-01-17T12:00:00,2017-01-18T06:00:00,2017-01-19T06:00:00,24
train_084809_lead072,train,4,84806,84809,84821,2017-01-17T12:00:00,2017-01-18T06:00:00,2017-01-21T06:00:00,72
train_084838_lead006,train,4,84835,84838,84839,2017-01-24T18:00:00,2017-01-25T12:00:00,2017-01-25T18:00:00,6
train_084838_lead024,train,4,84835,84838,84842,2017-01-24T18:00:00,2017-01-25T12:00:00,2017-01-26T12:00:00,24
train_084838_lead072,train,4,84835,84838,84850,2017-01-24T18:00:00,2017-01-25T12:00:00,2017-01-28T12:00:00,72
train_084866_lead006,train,4,84863,84866,84867,2017-01-31T18:00:00,2017-02-01T12:00:00,2017-02-01T18:00:00,6
train_084866_lead024,train,4,84863,84866,84870,2017-01-31T18:00:00,2017-02-01T12:00:00,2017-02-02T12:00:00,24
train_084866_lead072,train,4,84863,84866,84878,2017-01-31T18:00:00,2017-02-01T12:00:00,2017-02-04T12:00:00,72
train_084895_lead006,train,4,84892,84895,84896,2017-02-08T00:00:00,2017-02-08T18:00:00,2017-02-09T00:00:00,6
train_084895_lead024,train,4,84892,84895,84899,2017-02-08T00:00:00,2017-02-08T18:00:00,2017-02-09T18:00:00,24
train_084895_lead072,train,4,84892,84895,84907,2017-02-08T00:00:00,2017-02-08T18:00:00,2017-02-11T18:00:00,72
train_084923_lead006,train,4,84920,84923,84924,2017-02-15T00:00:00,2017-02-15T18:00:00,2017-02-16T00:00:00,6
train_084923_lead024,train,4,84920,84923,84927,2017-02-15T00:00:00,2017-02-15T18:00:00,2017-02-16T18:00:00,24
train_084923_lead072,train,4,84920,84923,84935,2017-02-15T00:00:00,2017-02-15T18:00:00,2017-02-18T18:00:00,72
train_084952_lead006,train,4,84949,84952,84953,2017-02-22T06:00:00,2017-02-23T00:00:00,2017-02-23T06:00:00,6
train_084952_lead024,train,4,84949,84952,84956,2017-02-22T06:00:00,2017-02-23T00:00:00,2017-02-24T00:00:00,24
train_084952_lead072,train,4,84949,84952,84964,2017-02-22T06:00:00,2017-02-23T00:00:00,2017-02-26T00:00:00,72
train_084980_lead006,train,4,84977,84980,84981,2017-03-01T06:00:00,2017-03-02T00:00:00,2017-03-02T06:00:00,6
train_084980_lead024,train,4,84977,84980,84984,2017-03-01T06:00:00,2017-03-02T00:00:00,2017-03-03T00:00:00,24
train_084980_lead072,train,4,84977,84980,84992,2017-03-01T06:00:00,2017-03-02T00:00:00,2017-03-05T00:00:00,72
train_085009_lead006,train,4,85006,85009,85010,2017-03-08T12:00:00,2017-03-09T06:00:00,2017-03-09T12:00:00,6
train_085009_lead024,train,4,85006,85009,85013,2017-03-08T12:00:00,2017-03-09T06:00:00,2017-03-10T06:00:00,24
train_085009_lead072,train,4,85006,85009,85021,2017-03-08T12:00:00,2017-03-09T06:00:00,2017-03-12T06:00:00,72
train_085037_lead006,train,4,85034,85037,85038,2017-03-15T12:00:00,2017-03-16T06:00:00,2017-03-16T12:00:00,6
train_085037_lead024,train,4,85034,85037,85041,2017-03-15T12:00:00,2017-03-16T06:00:00,2017-03-17T06:00:00,24
train_085037_lead072,train,4,85034,85037,85049,2017-03-15T12:00:00,2017-03-16T06:00:00,2017-03-19T06:00:00,72
train_085066_lead006,train,4,85063,85066,85067,2017-03-22T18:00:00,2017-03-23T12:00:00,2017-03-23T18:00:00,6
train_085066_lead024,train,4,85063,85066,85070,2017-03-22T18:00:00,2017-03-23T12:00:00,2017-03-24T12:00:00,24
train_085066_lead072,train,4,85063,85066,85078,2017-03-22T18:00:00,2017-03-23T12:00:00,2017-03-26T12:00:00,72
train_085094_lead006,train,4,85091,85094,85095,2017-03-29T18:00:00,2017-03-30T12:00:00,2017-03-30T18:00:00,6
train_085094_lead024,train,4,85091,85094,85098,2017-03-29T18:00:00,2017-03-30T12:00:00,2017-03-31T12:00:00,24
train_085094_lead072,train,4,85091,85094,85106,2017-03-29T18:00:00,2017-03-30T12:00:00,2017-04-02T12:00:00,72
train_085123_lead006,train,4,85120,85123,85124,2017-04-06T00:00:00,2017-04-06T18:00:00,2017-04-07T00:00:00,6
train_085123_lead024,train,4,85120,85123,85127,2017-04-06T00:00:00,2017-04-06T18:00:00,2017-04-07T18:00:00,24
train_085123_lead072,train,4,85120,85123,85135,2017-04-06T00:00:00,2017-04-06T18:00:00,2017-04-09T18:00:00,72
train_085151_lead006,train,4,85148,85151,85152,2017-04-13T00:00:00,2017-04-13T18:00:00,2017-04-14T00:00:00,6
train_085151_lead024,train,4,85148,85151,85155,2017-04-13T00:00:00,2017-04-13T18:00:00,2017-04-14T18:00:00,24
train_085151_lead072,train,4,85148,85151,85163,2017-04-13T00:00:00,2017-04-13T18:00:00,2017-04-16T18:00:00,72
train_085180_lead006,train,4,85177,85180,85181,2017-04-20T06:00:00,2017-04-21T00:00:00,2017-04-21T06:00:00,6
train_085180_lead024,train,4,85177,85180,85184,2017-04-20T06:00:00,2017-04-21T00:00:00,2017-04-22T00:00:00,24
train_085180_lead072,train,4,85177,85180,85192,2017-04-20T06:00:00,2017-04-21T00:00:00,2017-04-24T00:00:00,72
train_085208_lead006,train,4,85205,85208,85209,2017-04-27T06:00:00,2017-04-28T00:00:00,2017-04-28T06:00:00,6
train_085208_lead024,train,4,85205,85208,85212,2017-04-27T06:00:00,2017-04-28T00:00:00,2017-04-29T00:00:00,24
train_085208_lead072,train,4,85205,85208,85220,2017-04-27T06:00:00,2017-04-28T00:00:00,2017-05-01T00:00:00,72
train_085237_lead006,train,4,85234,85237,85238,2017-05-04T12:00:00,2017-05-05T06:00:00,2017-05-05T12:00:00,6
train_085237_lead024,train,4,85234,85237,85241,2017-05-04T12:00:00,2017-05-05T06:00:00,2017-05-06T06:00:00,24
train_085237_lead072,train,4,85234,85237,85249,2017-05-04T12:00:00,2017-05-05T06:00:00,2017-05-08T06:00:00,72
train_085265_lead006,train,4,85262,85265,85266,2017-05-11T12:00:00,2017-05-12T06:00:00,2017-05-12T12:00:00,6
train_085265_lead024,train,4,85262,85265,85269,2017-05-11T12:00:00,2017-05-12T06:00:00,2017-05-13T06:00:00,24
train_085265_lead072,train,4,85262,85265,85277,2017-05-11T12:00:00,2017-05-12T06:00:00,2017-05-15T06:00:00,72
train_085294_lead006,train,4,85291,85294,85295,2017-05-18T18:00:00,2017-05-19T12:00:00,2017-05-19T18:00:00,6
train_085294_lead024,train,4,85291,85294,85298,2017-05-18T18:00:00,2017-05-19T12:00:00,2017-05-20T12:00:00,24
train_085294_lead072,train,4,85291,85294,85306,2017-05-18T18:00:00,2017-05-19T12:00:00,2017-05-22T12:00:00,72
train_085322_lead006,train,4,85319,85322,85323,2017-05-25T18:00:00,2017-05-26T12:00:00,2017-05-26T18:00:00,6
train_085322_lead024,train,4,85319,85322,85326,2017-05-25T18:00:00,2017-05-26T12:00:00,2017-05-27T12:00:00,24
train_085322_lead072,train,4,85319,85322,85334,2017-05-25T18:00:00,2017-05-26T12:00:00,2017-05-29T12:00:00,72
train_085351_lead006,train,4,85348,85351,85352,2017-06-02T00:00:00,2017-06-02T18:00:00,2017-06-03T00:00:00,6
train_085351_lead024,train,4,85348,85351,85355,2017-06-02T00:00:00,2017-06-02T18:00:00,2017-06-03T18:00:00,24
train_085351_lead072,train,4,85348,85351,85363,2017-06-02T00:00:00,2017-06-02T18:00:00,2017-06-05T18:00:00,72
train_085380_lead006,train,4,85377,85380,85381,2017-06-09T06:00:00,2017-06-10T00:00:00,2017-06-10T06:00:00,6
train_085380_lead024,train,4,85377,85380,85384,2017-06-09T06:00:00,2017-06-10T00:00:00,2017-06-11T00:00:00,24
train_085380_lead072,train,4,85377,85380,85392,2017-06-09T06:00:00,2017-06-10T00:00:00,2017-06-13T00:00:00,72
train_085408_lead006,train,4,85405,85408,85409,2017-06-16T06:00:00,2017-06-17T00:00:00,2017-06-17T06:00:00,6
train_085408_lead024,train,4,85405,85408,85412,2017-06-16T06:00:00,2017-06-17T00:00:00,2017-06-18T00:00:00,24
train_085408_lead072,train,4,85405,85408,85420,2017-06-16T06:00:00,2017-06-17T00:00:00,2017-06-20T00:00:00,72
train_085437_lead006,train,4,85434,85437,85438,2017-06-23T12:00:00,2017-06-24T06:00:00,2017-06-24T12:00:00,6
train_085437_lead024,train,4,85434,85437,85441,2017-06-23T12:00:00,2017-06-24T06:00:00,2017-06-25T06:00:00,24
train_085437_lead072,train,4,85434,85437,85449,2017-06-23T12:00:00,2017-06-24T06:00:00,2017-06-27T06:00:00,72
train_085465_lead006,train,4,85462,85465,85466,2017-06-30T12:00:00,2017-07-01T06:00:00,2017-07-01T12:00:00,6
train_085465_lead024,train,4,85462,85465,85469,2017-06-30T12:00:00,2017-07-01T06:00:00,2017-07-02T06:00:00,24
train_085465_lead072,train,4,85462,85465,85477,2017-06-30T12:00:00,2017-07-01T06:00:00,2017-07-04T06:00:00,72
train_085494_lead006,train,4,85491,85494,85495,2017-07-07T18:00:00,2017-07-08T12:00:00,2017-07-08T18:00:00,6
train_085494_lead024,train,4,85491,85494,85498,2017-07-07T18:00:00,2017-07-08T12:00:00,2017-07-09T12:00:00,24
train_085494_lead072,train,4,85491,85494,85506,2017-07-07T18:00:00,2017-07-08T12:00:00,2017-07-11T12:00:00,72
train_085522_lead006,train,4,85519,85522,85523,2017-07-14T18:00:00,2017-07-15T12:00:00,2017-07-15T18:00:00,6
train_085522_lead024,train,4,85519,85522,85526,2017-07-14T18:00:00,2017-07-15T12:00:00,2017-07-16T12:00:00,24
train_085522_lead072,train,4,85519,85522,85534,2017-07-14T18:00:00,2017-07-15T12:00:00,2017-07-18T12:00:00,72
train_085551_lead006,train,4,85548,85551,85552,2017-07-22T00:00:00,2017-07-22T18:00:00,2017-07-23T00:00:00,6
train_085551_lead024,train,4,85548,85551,85555,2017-07-22T00:00:00,2017-07-22T18:00:00,2017-07-23T18:00:00,24
train_085551_lead072,train,4,85548,85551,85563,2017-07-22T00:00:00,2017-07-22T18:00:00,2017-07-25T18:00:00,72
train_085579_lead006,train,4,85576,85579,85580,2017-07-29T00:00:00,2017-07-29T18:00:00,2017-07-30T00:00:00,6
train_085579_lead024,train,4,85576,85579,85583,2017-07-29T00:00:00,2017-07-29T18:00:00,2017-07-30T18:00:00,24
train_085579_lead072,train,4,85576,85579,85591,2017-07-29T00:00:00,2017-07-29T18:00:00,2017-08-01T18:00:00,72
train_085608_lead006,train,4,85605,85608,85609,2017-08-05T06:00:00,2017-08-06T00:00:00,2017-08-06T06:00:00,6
train_085608_lead024,train,4,85605,85608,85612,2017-08-05T06:00:00,2017-08-06T00:00:00,2017-08-07T00:00:00,24
train_085608_lead072,train,4,85605,85608,85620,2017-08-05T06:00:00,2017-08-06T00:00:00,2017-08-09T00:00:00,72
train_085636_lead006,train,4,85633,85636,85637,2017-08-12T06:00:00,2017-08-13T00:00:00,2017-08-13T06:00:00,6
train_085636_lead024,train,4,85633,85636,85640,2017-08-12T06:00:00,2017-08-13T00:00:00,2017-08-14T00:00:00,24
train_085636_lead072,train,4,85633,85636,85648,2017-08-12T06:00:00,2017-08-13T00:00:00,2017-08-16T00:00:00,72
train_085665_lead006,train,4,85662,85665,85666,2017-08-19T12:00:00,2017-08-20T06:00:00,2017-08-20T12:00:00,6
train_085665_lead024,train,4,85662,85665,85669,2017-08-19T12:00:00,2017-08-20T06:00:00,2017-08-21T06:00:00,24
train_085665_lead072,train,4,85662,85665,85677,2017-08-19T12:00:00,2017-08-20T06:00:00,2017-08-23T06:00:00,72
train_085693_lead006,train,4,85690,85693,85694,2017-08-26T12:00:00,2017-08-27T06:00:00,2017-08-27T12:00:00,6
train_085693_lead024,train,4,85690,85693,85697,2017-08-26T12:00:00,2017-08-27T06:00:00,2017-08-28T06:00:00,24
train_085693_lead072,train,4,85690,85693,85705,2017-08-26T12:00:00,2017-08-27T06:00:00,2017-08-30T06:00:00,72
train_085722_lead006,train,4,85719,85722,85723,2017-09-02T18:00:00,2017-09-03T12:00:00,2017-09-03T18:00:00,6
train_085722_lead024,train,4,85719,85722,85726,2017-09-02T18:00:00,2017-09-03T12:00:00,2017-09-04T12:00:00,24
train_085722_lead072,train,4,85719,85722,85734,2017-09-02T18:00:00,2017-09-03T12:00:00,2017-09-06T12:00:00,72
train_085750_lead006,train,4,85747,85750,85751,2017-09-09T18:00:00,2017-09-10T12:00:00,2017-09-10T18:00:00,6
train_085750_lead024,train,4,85747,85750,85754,2017-09-09T18:00:00,2017-09-10T12:00:00,2017-09-11T12:00:00,24
train_085750_lead072,train,4,85747,85750,85762,2017-09-09T18:00:00,2017-09-10T12:00:00,2017-09-13T12:00:00,72
train_085779_lead006,train,4,85776,85779,85780,2017-09-17T00:00:00,2017-09-17T18:00:00,2017-09-18T00:00:00,6
train_085779_lead024,train,4,85776,85779,85783,2017-09-17T00:00:00,2017-09-17T18:00:00,2017-09-18T18:00:00,24
train_085779_lead072,train,4,85776,85779,85791,2017-09-17T00:00:00,2017-09-17T18:00:00,2017-09-20T18:00:00,72
train_085807_lead006,train,4,85804,85807,85808,2017-09-24T00:00:00,2017-09-24T18:00:00,2017-09-25T00:00:00,6
train_085807_lead024,train,4,85804,85807,85811,2017-09-24T00:00:00,2017-09-24T18:00:00,2017-09-25T18:00:00,24
train_085807_lead072,train,4,85804,85807,85819,2017-09-24T00:00:00,2017-09-24T18:00:00,2017-09-27T18:00:00,72
train_085836_lead006,train,4,85833,85836,85837,2017-10-01T06:00:00,2017-10-02T00:00:00,2017-10-02T06:00:00,6
train_085836_lead024,train,4,85833,85836,85840,2017-10-01T06:00:00,2017-10-02T00:00:00,2017-10-03T00:00:00,24
train_085836_lead072,train,4,85833,85836,85848,2017-10-01T06:00:00,2017-10-02T00:00:00,2017-10-05T00:00:00,72
train_085865_lead006,train,4,85862,85865,85866,2017-10-08T12:00:00,2017-10-09T06:00:00,2017-10-09T12:00:00,6
train_085865_lead024,train,4,85862,85865,85869,2017-10-08T12:00:00,2017-10-09T06:00:00,2017-10-10T06:00:00,24
train_085865_lead072,train,4,85862,85865,85877,2017-10-08T12:00:00,2017-10-09T06:00:00,2017-10-12T06:00:00,72
train_085893_lead006,train,4,85890,85893,85894,2017-10-15T12:00:00,2017-10-16T06:00:00,2017-10-16T12:00:00,6
train_085893_lead024,train,4,85890,85893,85897,2017-10-15T12:00:00,2017-10-16T06:00:00,2017-10-17T06:00:00,24
train_085893_lead072,train,4,85890,85893,85905,2017-10-15T12:00:00,2017-10-16T06:00:00,2017-10-19T06:00:00,72
train_085922_lead006,train,4,85919,85922,85923,2017-10-22T18:00:00,2017-10-23T12:00:00,2017-10-23T18:00:00,6
train_085922_lead024,train,4,85919,85922,85926,2017-10-22T18:00:00,2017-10-23T12:00:00,2017-10-24T12:00:00,24
train_085922_lead072,train,4,85919,85922,85934,2017-10-22T18:00:00,2017-10-23T12:00:00,2017-10-26T12:00:00,72
train_085950_lead006,train,4,85947,85950,85951,2017-10-29T18:00:00,2017-10-30T12:00:00,2017-10-30T18:00:00,6
train_085950_lead024,train,4,85947,85950,85954,2017-10-29T18:00:00,2017-10-30T12:00:00,2017-10-31T12:00:00,24
train_085950_lead072,train,4,85947,85950,85962,2017-10-29T18:00:00,2017-10-30T12:00:00,2017-11-02T12:00:00,72
train_085979_lead006,train,4,85976,85979,85980,2017-11-06T00:00:00,2017-11-06T18:00:00,2017-11-07T00:00:00,6
train_085979_lead024,train,4,85976,85979,85983,2017-11-06T00:00:00,2017-11-06T18:00:00,2017-11-07T18:00:00,24
train_085979_lead072,train,4,85976,85979,85991,2017-11-06T00:00:00,2017-11-06T18:00:00,2017-11-09T18:00:00,72
train_086007_lead006,train,4,86004,86007,86008,2017-11-13T00:00:00,2017-11-13T18:00:00,2017-11-14T00:00:00,6
train_086007_lead024,train,4,86004,86007,86011,2017-11-13T00:00:00,2017-11-13T18:00:00,2017-11-14T18:00:00,24
train_086007_lead072,train,4,86004,86007,86019,2017-11-13T00:00:00,2017-11-13T18:00:00,2017-11-16T18:00:00,72
train_086036_lead006,train,4,86033,86036,86037,2017-11-20T06:00:00,2017-11-21T00:00:00,2017-11-21T06:00:00,6
train_086036_lead024,train,4,86033,86036,86040,2017-11-20T06:00:00,2017-11-21T00:00:00,2017-11-22T00:00:00,24
train_086036_lead072,train,4,86033,86036,86048,2017-11-20T06:00:00,2017-11-21T00:00:00,2017-11-24T00:00:00,72
train_086064_lead006,train,4,86061,86064,86065,2017-11-27T06:00:00,2017-11-28T00:00:00,2017-11-28T06:00:00,6
train_086064_lead024,train,4,86061,86064,86068,2017-11-27T06:00:00,2017-11-28T00:00:00,2017-11-29T00:00:00,24
train_086064_lead072,train,4,86061,86064,86076,2017-11-27T06:00:00,2017-11-28T00:00:00,2017-12-01T00:00:00,72
train_086093_lead006,train,4,86090,86093,86094,2017-12-04T12:00:00,2017-12-05T06:00:00,2017-12-05T12:00:00,6
train_086093_lead024,train,4,86090,86093,86097,2017-12-04T12:00:00,2017-12-05T06:00:00,2017-12-06T06:00:00,24
train_086093_lead072,train,4,86090,86093,86105,2017-12-04T12:00:00,2017-12-05T06:00:00,2017-12-08T06:00:00,72
train_086121_lead006,train,4,86118,86121,86122,2017-12-11T12:00:00,2017-12-12T06:00:00,2017-12-12T12:00:00,6
train_086121_lead024,train,4,86118,86121,86125,2017-12-11T12:00:00,2017-12-12T06:00:00,2017-12-13T06:00:00,24
train_086121_lead072,train,4,86118,86121,86133,2017-12-11T12:00:00,2017-12-12T06:00:00,2017-12-15T06:00:00,72
train_086150_lead006,train,4,86147,86150,86151,2017-12-18T18:00:00,2017-12-19T12:00:00,2017-12-19T18:00:00,6
train_086150_lead024,train,4,86147,86150,86154,2017-12-18T18:00:00,2017-12-19T12:00:00,2017-12-20T12:00:00,24
train_086150_lead072,train,4,86147,86150,86162,2017-12-18T18:00:00,2017-12-19T12:00:00,2017-12-22T12:00:00,72
train_086178_lead006,train,4,86175,86178,86179,2017-12-25T18:00:00,2017-12-26T12:00:00,2017-12-26T18:00:00,6
train_086178_lead024,train,4,86175,86178,86182,2017-12-25T18:00:00,2017-12-26T12:00:00,2017-12-27T12:00:00,24
train_086178_lead072,train,4,86175,86178,86190,2017-12-25T18:00:00,2017-12-26T12:00:00,2017-12-29T12:00:00,72
train_086207_lead006,train,4,86204,86207,86208,2018-01-02T00:00:00,2018-01-02T18:00:00,2018-01-03T00:00:00,6
train_086207_lead024,train,4,86204,86207,86211,2018-01-02T00:00:00,2018-01-02T18:00:00,2018-01-03T18:00:00,24
train_086207_lead072,train,4,86204,86207,86219,2018-01-02T00:00:00,2018-01-02T18:00:00,2018-01-05T18:00:00,72
train_086235_lead006,train,4,86232,86235,86236,2018-01-09T00:00:00,2018-01-09T18:00:00,2018-01-10T00:00:00,6
train_086235_lead024,train,4,86232,86235,86239,2018-01-09T00:00:00,2018-01-09T18:00:00,2018-01-10T18:00:00,24
train_086235_lead072,train,4,86232,86235,86247,2018-01-09T00:00:00,2018-01-09T18:00:00,2018-01-12T18:00:00,72
train_086264_lead006,train,4,86261,86264,86265,2018-01-16T06:00:00,2018-01-17T00:00:00,2018-01-17T06:00:00,6
train_086264_lead024,train,4,86261,86264,86268,2018-01-16T06:00:00,2018-01-17T00:00:00,2018-01-18T00:00:00,24
train_086264_lead072,train,4,86261,86264,86276,2018-01-16T06:00:00,2018-01-17T00:00:00,2018-01-20T00:00:00,72
train_086292_lead006,train,4,86289,86292,86293,2018-01-23T06:00:00,2018-01-24T00:00:00,2018-01-24T06:00:00,6
train_086292_lead024,train,4,86289,86292,86296,2018-01-23T06:00:00,2018-01-24T00:00:00,2018-01-25T00:00:00,24
train_086292_lead072,train,4,86289,86292,86304,2018-01-23T06:00:00,2018-01-24T00:00:00,2018-01-27T00:00:00,72
train_086321_lead006,train,4,86318,86321,86322,2018-01-30T12:00:00,2018-01-31T06:00:00,2018-01-31T12:00:00,6
train_086321_lead024,train,4,86318,86321,86325,2018-01-30T12:00:00,2018-01-31T06:00:00,2018-02-01T06:00:00,24
train_086321_lead072,train,4,86318,86321,86333,2018-01-30T12:00:00,2018-01-31T06:00:00,2018-02-03T06:00:00,72
train_086349_lead006,train,4,86346,86349,86350,2018-02-06T12:00:00,2018-02-07T06:00:00,2018-02-07T12:00:00,6
train_086349_lead024,train,4,86346,86349,86353,2018-02-06T12:00:00,2018-02-07T06:00:00,2018-02-08T06:00:00,24
train_086349_lead072,train,4,86346,86349,86361,2018-02-06T12:00:00,2018-02-07T06:00:00,2018-02-10T06:00:00,72
train_086378_lead006,train,4,86375,86378,86379,2018-02-13T18:00:00,2018-02-14T12:00:00,2018-02-14T18:00:00,6
train_086378_lead024,train,4,86375,86378,86382,2018-02-13T18:00:00,2018-02-14T12:00:00,2018-02-15T12:00:00,24
train_086378_lead072,train,4,86375,86378,86390,2018-02-13T18:00:00,2018-02-14T12:00:00,2018-02-17T12:00:00,72
train_086407_lead006,train,4,86404,86407,86408,2018-02-21T00:00:00,2018-02-21T18:00:00,2018-02-22T00:00:00,6
train_086407_lead024,train,4,86404,86407,86411,2018-02-21T00:00:00,2018-02-21T18:00:00,2018-02-22T18:00:00,24
train_086407_lead072,train,4,86404,86407,86419,2018-02-21T00:00:00,2018-02-21T18:00:00,2018-02-24T18:00:00,72
train_086435_lead006,train,4,86432,86435,86436,2018-02-28T00:00:00,2018-02-28T18:00:00,2018-03-01T00:00:00,6
train_086435_lead024,train,4,86432,86435,86439,2018-02-28T00:00:00,2018-02-28T18:00:00,2018-03-01T18:00:00,24
train_086435_lead072,train,4,86432,86435,86447,2018-02-28T00:00:00,2018-02-28T18:00:00,2018-03-03T18:00:00,72
train_086464_lead006,train,4,86461,86464,86465,2018-03-07T06:00:00,2018-03-08T00:00:00,2018-03-08T06:00:00,6
train_086464_lead024,train,4,86461,86464,86468,2018-03-07T06:00:00,2018-03-08T00:00:00,2018-03-09T00:00:00,24
train_086464_lead072,train,4,86461,86464,86476,2018-03-07T06:00:00,2018-03-08T00:00:00,2018-03-11T00:00:00,72
train_086492_lead006,train,4,86489,86492,86493,2018-03-14T06:00:00,2018-03-15T00:00:00,2018-03-15T06:00:00,6
train_086492_lead024,train,4,86489,86492,86496,2018-03-14T06:00:00,2018-03-15T00:00:00,2018-03-16T00:00:00,24
train_086492_lead072,train,4,86489,86492,86504,2018-03-14T06:00:00,2018-03-15T00:00:00,2018-03-18T00:00:00,72
train_086521_lead006,train,4,86518,86521,86522,2018-03-21T12:00:00,2018-03-22T06:00:00,2018-03-22T12:00:00,6
train_086521_lead024,train,4,86518,86521,86525,2018-03-21T12:00:00,2018-03-22T06:00:00,2018-03-23T06:00:00,24
train_086521_lead072,train,4,86518,86521,86533,2018-03-21T12:00:00,2018-03-22T06:00:00,2018-03-25T06:00:00,72
train_086549_lead006,train,4,86546,86549,86550,2018-03-28T12:00:00,2018-03-29T06:00:00,2018-03-29T12:00:00,6
train_086549_lead024,train,4,86546,86549,86553,2018-03-28T12:00:00,2018-03-29T06:00:00,2018-03-30T06:00:00,24
train_086549_lead072,train,4,86546,86549,86561,2018-03-28T12:00:00,2018-03-29T06:00:00,2018-04-01T06:00:00,72
train_086578_lead006,train,4,86575,86578,86579,2018-04-04T18:00:00,2018-04-05T12:00:00,2018-04-05T18:00:00,6
train_086578_lead024,train,4,86575,86578,86582,2018-04-04T18:00:00,2018-04-05T12:00:00,2018-04-06T12:00:00,24
train_086578_lead072,train,4,86575,86578,86590,2018-04-04T18:00:00,2018-04-05T12:00:00,2018-04-08T12:00:00,72
train_086606_lead006,train,4,86603,86606,86607,2018-04-11T18:00:00,2018-04-12T12:00:00,2018-04-12T18:00:00,6
train_086606_lead024,train,4,86603,86606,86610,2018-04-11T18:00:00,2018-04-12T12:00:00,2018-04-13T12:00:00,24
train_086606_lead072,train,4,86603,86606,86618,2018-04-11T18:00:00,2018-04-12T12:00:00,2018-04-15T12:00:00,72
train_086635_lead006,train,4,86632,86635,86636,2018-04-19T00:00:00,2018-04-19T18:00:00,2018-04-20T00:00:00,6
train_086635_lead024,train,4,86632,86635,86639,2018-04-19T00:00:00,2018-04-19T18:00:00,2018-04-20T18:00:00,24
train_086635_lead072,train,4,86632,86635,86647,2018-04-19T00:00:00,2018-04-19T18:00:00,2018-04-22T18:00:00,72
train_086663_lead006,train,4,86660,86663,86664,2018-04-26T00:00:00,2018-04-26T18:00:00,2018-04-27T00:00:00,6
train_086663_lead024,train,4,86660,86663,86667,2018-04-26T00:00:00,2018-04-26T18:00:00,2018-04-27T18:00:00,24
train_086663_lead072,train,4,86660,86663,86675,2018-04-26T00:00:00,2018-04-26T18:00:00,2018-04-29T18:00:00,72
train_086692_lead006,train,4,86689,86692,86693,2018-05-03T06:00:00,2018-05-04T00:00:00,2018-05-04T06:00:00,6
train_086692_lead024,train,4,86689,86692,86696,2018-05-03T06:00:00,2018-05-04T00:00:00,2018-05-05T00:00:00,24
train_086692_lead072,train,4,86689,86692,86704,2018-05-03T06:00:00,2018-05-04T00:00:00,2018-05-07T00:00:00,72
train_086720_lead006,train,4,86717,86720,86721,2018-05-10T06:00:00,2018-05-11T00:00:00,2018-05-11T06:00:00,6
train_086720_lead024,train,4,86717,86720,86724,2018-05-10T06:00:00,2018-05-11T00:00:00,2018-05-12T00:00:00,24
train_086720_lead072,train,4,86717,86720,86732,2018-05-10T06:00:00,2018-05-11T00:00:00,2018-05-14T00:00:00,72
train_086749_lead006,train,4,86746,86749,86750,2018-05-17T12:00:00,2018-05-18T06:00:00,2018-05-18T12:00:00,6
train_086749_lead024,train,4,86746,86749,86753,2018-05-17T12:00:00,2018-05-18T06:00:00,2018-05-19T06:00:00,24
train_086749_lead072,train,4,86746,86749,86761,2018-05-17T12:00:00,2018-05-18T06:00:00,2018-05-21T06:00:00,72
train_086777_lead006,train,4,86774,86777,86778,2018-05-24T12:00:00,2018-05-25T06:00:00,2018-05-25T12:00:00,6
train_086777_lead024,train,4,86774,86777,86781,2018-05-24T12:00:00,2018-05-25T06:00:00,2018-05-26T06:00:00,24
train_086777_lead072,train,4,86774,86777,86789,2018-05-24T12:00:00,2018-05-25T06:00:00,2018-05-28T06:00:00,72
train_086806_lead006,train,4,86803,86806,86807,2018-05-31T18:00:00,2018-06-01T12:00:00,2018-06-01T18:00:00,6
train_086806_lead024,train,4,86803,86806,86810,2018-05-31T18:00:00,2018-06-01T12:00:00,2018-06-02T12:00:00,24
train_086806_lead072,train,4,86803,86806,86818,2018-05-31T18:00:00,2018-06-01T12:00:00,2018-06-04T12:00:00,72
train_086834_lead006,train,4,86831,86834,86835,2018-06-07T18:00:00,2018-06-08T12:00:00,2018-06-08T18:00:00,6
train_086834_lead024,train,4,86831,86834,86838,2018-06-07T18:00:00,2018-06-08T12:00:00,2018-06-09T12:00:00,24
train_086834_lead072,train,4,86831,86834,86846,2018-06-07T18:00:00,2018-06-08T12:00:00,2018-06-11T12:00:00,72
train_086863_lead006,train,4,86860,86863,86864,2018-06-15T00:00:00,2018-06-15T18:00:00,2018-06-16T00:00:00,6
train_086863_lead024,train,4,86860,86863,86867,2018-06-15T00:00:00,2018-06-15T18:00:00,2018-06-16T18:00:00,24
train_086863_lead072,train,4,86860,86863,86875,2018-06-15T00:00:00,2018-06-15T18:00:00,2018-06-18T18:00:00,72
train_086892_lead006,train,4,86889,86892,86893,2018-06-22T06:00:00,2018-06-23T00:00:00,2018-06-23T06:00:00,6
train_086892_lead024,train,4,86889,86892,86896,2018-06-22T06:00:00,2018-06-23T00:00:00,2018-06-24T00:00:00,24
train_086892_lead072,train,4,86889,86892,86904,2018-06-22T06:00:00,2018-06-23T00:00:00,2018-06-26T00:00:00,72
train_086920_lead006,train,4,86917,86920,86921,2018-06-29T06:00:00,2018-06-30T00:00:00,2018-06-30T06:00:00,6
train_086920_lead024,train,4,86917,86920,86924,2018-06-29T06:00:00,2018-06-30T00:00:00,2018-07-01T00:00:00,24
train_086920_lead072,train,4,86917,86920,86932,2018-06-29T06:00:00,2018-06-30T00:00:00,2018-07-03T00:00:00,72
train_086949_lead006,train,4,86946,86949,86950,2018-07-06T12:00:00,2018-07-07T06:00:00,2018-07-07T12:00:00,6
train_086949_lead024,train,4,86946,86949,86953,2018-07-06T12:00:00,2018-07-07T06:00:00,2018-07-08T06:00:00,24
train_086949_lead072,train,4,86946,86949,86961,2018-07-06T12:00:00,2018-07-07T06:00:00,2018-07-10T06:00:00,72
train_086977_lead006,train,4,86974,86977,86978,2018-07-13T12:00:00,2018-07-14T06:00:00,2018-07-14T12:00:00,6
train_086977_lead024,train,4,86974,86977,86981,2018-07-13T12:00:00,2018-07-14T06:00:00,2018-07-15T06:00:00,24
train_086977_lead072,train,4,86974,86977,86989,2018-07-13T12:00:00,2018-07-14T06:00:00,2018-07-17T06:00:00,72
train_087006_lead006,train,4,87003,87006,87007,2018-07-20T18:00:00,2018-07-21T12:00:00,2018-07-21T18:00:00,6
train_087006_lead024,train,4,87003,87006,87010,2018-07-20T18:00:00,2018-07-21T12:00:00,2018-07-22T12:00:00,24
train_087006_lead072,train,4,87003,87006,87018,2018-07-20T18:00:00,2018-07-21T12:00:00,2018-07-24T12:00:00,72
train_087034_lead006,train,4,87031,87034,87035,2018-07-27T18:00:00,2018-07-28T12:00:00,2018-07-28T18:00:00,6
train_087034_lead024,train,4,87031,87034,87038,2018-07-27T18:00:00,2018-07-28T12:00:00,2018-07-29T12:00:00,24
train_087034_lead072,train,4,87031,87034,87046,2018-07-27T18:00:00,2018-07-28T12:00:00,2018-07-31T12:00:00,72
train_087063_lead006,train,4,87060,87063,87064,2018-08-04T00:00:00,2018-08-04T18:00:00,2018-08-05T00:00:00,6
train_087063_lead024,train,4,87060,87063,87067,2018-08-04T00:00:00,2018-08-04T18:00:00,2018-08-05T18:00:00,24
train_087063_lead072,train,4,87060,87063,87075,2018-08-04T00:00:00,2018-08-04T18:00:00,2018-08-07T18:00:00,72
train_087091_lead006,train,4,87088,87091,87092,2018-08-11T00:00:00,2018-08-11T18:00:00,2018-08-12T00:00:00,6
train_087091_lead024,train,4,87088,87091,87095,2018-08-11T00:00:00,2018-08-11T18:00:00,2018-08-12T18:00:00,24
train_087091_lead072,train,4,87088,87091,87103,2018-08-11T00:00:00,2018-08-11T18:00:00,2018-08-14T18:00:00,72
train_087120_lead006,train,4,87117,87120,87121,2018-08-18T06:00:00,2018-08-19T00:00:00,2018-08-19T06:00:00,6
train_087120_lead024,train,4,87117,87120,87124,2018-08-18T06:00:00,2018-08-19T00:00:00,2018-08-20T00:00:00,24
train_087120_lead072,train,4,87117,87120,87132,2018-08-18T06:00:00,2018-08-19T00:00:00,2018-08-22T00:00:00,72
train_087148_lead006,train,4,87145,87148,87149,2018-08-25T06:00:00,2018-08-26T00:00:00,2018-08-26T06:00:00,6
train_087148_lead024,train,4,87145,87148,87152,2018-08-25T06:00:00,2018-08-26T00:00:00,2018-08-27T00:00:00,24
train_087148_lead072,train,4,87145,87148,87160,2018-08-25T06:00:00,2018-08-26T00:00:00,2018-08-29T00:00:00,72
train_087177_lead006,train,4,87174,87177,87178,2018-09-01T12:00:00,2018-09-02T06:00:00,2018-09-02T12:00:00,6
train_087177_lead024,train,4,87174,87177,87181,2018-09-01T12:00:00,2018-09-02T06:00:00,2018-09-03T06:00:00,24
train_087177_lead072,train,4,87174,87177,87189,2018-09-01T12:00:00,2018-09-02T06:00:00,2018-09-05T06:00:00,72
train_087205_lead006,train,4,87202,87205,87206,2018-09-08T12:00:00,2018-09-09T06:00:00,2018-09-09T12:00:00,6
train_087205_lead024,train,4,87202,87205,87209,2018-09-08T12:00:00,2018-09-09T06:00:00,2018-09-10T06:00:00,24
train_087205_lead072,train,4,87202,87205,87217,2018-09-08T12:00:00,2018-09-09T06:00:00,2018-09-12T06:00:00,72
train_087234_lead006,train,4,87231,87234,87235,2018-09-15T18:00:00,2018-09-16T12:00:00,2018-09-16T18:00:00,6
train_087234_lead024,train,4,87231,87234,87238,2018-09-15T18:00:00,2018-09-16T12:00:00,2018-09-17T12:00:00,24
train_087234_lead072,train,4,87231,87234,87246,2018-09-15T18:00:00,2018-09-16T12:00:00,2018-09-19T12:00:00,72
train_087262_lead006,train,4,87259,87262,87263,2018-09-22T18:00:00,2018-09-23T12:00:00,2018-09-23T18:00:00,6
train_087262_lead024,train,4,87259,87262,87266,2018-09-22T18:00:00,2018-09-23T12:00:00,2018-09-24T12:00:00,24
train_087262_lead072,train,4,87259,87262,87274,2018-09-22T18:00:00,2018-09-23T12:00:00,2018-09-26T12:00:00,72
train_087291_lead006,train,4,87288,87291,87292,2018-09-30T00:00:00,2018-09-30T18:00:00,2018-10-01T00:00:00,6
train_087291_lead024,train,4,87288,87291,87295,2018-09-30T00:00:00,2018-09-30T18:00:00,2018-10-01T18:00:00,24
train_087291_lead072,train,4,87288,87291,87303,2018-09-30T00:00:00,2018-09-30T18:00:00,2018-10-03T18:00:00,72
train_087319_lead006,train,4,87316,87319,87320,2018-10-07T00:00:00,2018-10-07T18:00:00,2018-10-08T00:00:00,6
train_087319_lead024,train,4,87316,87319,87323,2018-10-07T00:00:00,2018-10-07T18:00:00,2018-10-08T18:00:00,24
train_087319_lead072,train,4,87316,87319,87331,2018-10-07T00:00:00,2018-10-07T18:00:00,2018-10-10T18:00:00,72
train_087348_lead006,train,4,87345,87348,87349,2018-10-14T06:00:00,2018-10-15T00:00:00,2018-10-15T06:00:00,6
train_087348_lead024,train,4,87345,87348,87352,2018-10-14T06:00:00,2018-10-15T00:00:00,2018-10-16T00:00:00,24
train_087348_lead072,train,4,87345,87348,87360,2018-10-14T06:00:00,2018-10-15T00:00:00,2018-10-18T00:00:00,72
train_087376_lead006,train,4,87373,87376,87377,2018-10-21T06:00:00,2018-10-22T00:00:00,2018-10-22T06:00:00,6
train_087376_lead024,train,4,87373,87376,87380,2018-10-21T06:00:00,2018-10-22T00:00:00,2018-10-23T00:00:00,24
train_087376_lead072,train,4,87373,87376,87388,2018-10-21T06:00:00,2018-10-22T00:00:00,2018-10-25T00:00:00,72
train_087405_lead006,train,4,87402,87405,87406,2018-10-28T12:00:00,2018-10-29T06:00:00,2018-10-29T12:00:00,6
train_087405_lead024,train,4,87402,87405,87409,2018-10-28T12:00:00,2018-10-29T06:00:00,2018-10-30T06:00:00,24
train_087405_lead072,train,4,87402,87405,87417,2018-10-28T12:00:00,2018-10-29T06:00:00,2018-11-01T06:00:00,72
train_087434_lead006,train,4,87431,87434,87435,2018-11-04T18:00:00,2018-11-05T12:00:00,2018-11-05T18:00:00,6
train_087434_lead024,train,4,87431,87434,87438,2018-11-04T18:00:00,2018-11-05T12:00:00,2018-11-06T12:00:00,24
train_087434_lead072,train,4,87431,87434,87446,2018-11-04T18:00:00,2018-11-05T12:00:00,2018-11-08T12:00:00,72
train_087462_lead006,train,4,87459,87462,87463,2018-11-11T18:00:00,2018-11-12T12:00:00,2018-11-12T18:00:00,6
train_087462_lead024,train,4,87459,87462,87466,2018-11-11T18:00:00,2018-11-12T12:00:00,2018-11-13T12:00:00,24
train_087462_lead072,train,4,87459,87462,87474,2018-11-11T18:00:00,2018-11-12T12:00:00,2018-11-15T12:00:00,72
train_087491_lead006,train,4,87488,87491,87492,2018-11-19T00:00:00,2018-11-19T18:00:00,2018-11-20T00:00:00,6
train_087491_lead024,train,4,87488,87491,87495,2018-11-19T00:00:00,2018-11-19T18:00:00,2018-11-20T18:00:00,24
train_087491_lead072,train,4,87488,87491,87503,2018-11-19T00:00:00,2018-11-19T18:00:00,2018-11-22T18:00:00,72
train_087519_lead006,train,4,87516,87519,87520,2018-11-26T00:00:00,2018-11-26T18:00:00,2018-11-27T00:00:00,6
train_087519_lead024,train,4,87516,87519,87523,2018-11-26T00:00:00,2018-11-26T18:00:00,2018-11-27T18:00:00,24
train_087519_lead072,train,4,87516,87519,87531,2018-11-26T00:00:00,2018-11-26T18:00:00,2018-11-29T18:00:00,72
train_087548_lead006,train,4,87545,87548,87549,2018-12-03T06:00:00,2018-12-04T00:00:00,2018-12-04T06:00:00,6
train_087548_lead024,train,4,87545,87548,87552,2018-12-03T06:00:00,2018-12-04T00:00:00,2018-12-05T00:00:00,24
train_087548_lead072,train,4,87545,87548,87560,2018-12-03T06:00:00,2018-12-04T00:00:00,2018-12-07T00:00:00,72
train_087576_lead006,train,4,87573,87576,87577,2018-12-10T06:00:00,2018-12-11T00:00:00,2018-12-11T06:00:00,6
train_087576_lead024,train,4,87573,87576,87580,2018-12-10T06:00:00,2018-12-11T00:00:00,2018-12-12T00:00:00,24
train_087576_lead072,train,4,87573,87576,87588,2018-12-10T06:00:00,2018-12-11T00:00:00,2018-12-14T00:00:00,72
train_087605_lead006,train,4,87602,87605,87606,2018-12-17T12:00:00,2018-12-18T06:00:00,2018-12-18T12:00:00,6
train_087605_lead024,train,4,87602,87605,87609,2018-12-17T12:00:00,2018-12-18T06:00:00,2018-12-19T06:00:00,24
train_087605_lead072,train,4,87602,87605,87617,2018-12-17T12:00:00,2018-12-18T06:00:00,2018-12-21T06:00:00,72
train_087633_lead006,train,4,87630,87633,87634,2018-12-24T12:00:00,2018-12-25T06:00:00,2018-12-25T12:00:00,6
train_087633_lead024,train,4,87630,87633,87637,2018-12-24T12:00:00,2018-12-25T06:00:00,2018-12-26T06:00:00,24
train_087633_lead072,train,4,87630,87633,87645,2018-12-24T12:00:00,2018-12-25T06:00:00,2018-12-28T06:00:00,72
val_087668_lead006,val,4,87665,87668,87669,2019-01-02T06:00:00,2019-01-03T00:00:00,2019-01-03T06:00:00,6
val_087668_lead024,val,4,87665,87668,87672,2019-01-02T06:00:00,2019-01-03T00:00:00,2019-01-04T00:00:00,24
val_087668_lead072,val,4,87665,87668,87680,2019-01-02T06:00:00,2019-01-03T00:00:00,2019-01-06T00:00:00,72
val_087680_lead006,val,4,87677,87680,87681,2019-01-05T06:00:00,2019-01-06T00:00:00,2019-01-06T06:00:00,6
val_087680_lead024,val,4,87677,87680,87684,2019-01-05T06:00:00,2019-01-06T00:00:00,2019-01-07T00:00:00,24
val_087680_lead072,val,4,87677,87680,87692,2019-01-05T06:00:00,2019-01-06T00:00:00,2019-01-09T00:00:00,72
val_087691_lead006,val,4,87688,87691,87692,2019-01-08T00:00:00,2019-01-08T18:00:00,2019-01-09T00:00:00,6
val_087691_lead024,val,4,87688,87691,87695,2019-01-08T00:00:00,2019-01-08T18:00:00,2019-01-09T18:00:00,24
val_087691_lead072,val,4,87688,87691,87703,2019-01-08T00:00:00,2019-01-08T18:00:00,2019-01-11T18:00:00,72
val_087702_lead006,val,4,87699,87702,87703,2019-01-10T18:00:00,2019-01-11T12:00:00,2019-01-11T18:00:00,6
val_087702_lead024,val,4,87699,87702,87706,2019-01-10T18:00:00,2019-01-11T12:00:00,2019-01-12T12:00:00,24
val_087702_lead072,val,4,87699,87702,87714,2019-01-10T18:00:00,2019-01-11T12:00:00,2019-01-14T12:00:00,72
val_087714_lead006,val,4,87711,87714,87715,2019-01-13T18:00:00,2019-01-14T12:00:00,2019-01-14T18:00:00,6
val_087714_lead024,val,4,87711,87714,87718,2019-01-13T18:00:00,2019-01-14T12:00:00,2019-01-15T12:00:00,24
val_087714_lead072,val,4,87711,87714,87726,2019-01-13T18:00:00,2019-01-14T12:00:00,2019-01-17T12:00:00,72
val_087725_lead006,val,4,87722,87725,87726,2019-01-16T12:00:00,2019-01-17T06:00:00,2019-01-17T12:00:00,6
val_087725_lead024,val,4,87722,87725,87729,2019-01-16T12:00:00,2019-01-17T06:00:00,2019-01-18T06:00:00,24
val_087725_lead072,val,4,87722,87725,87737,2019-01-16T12:00:00,2019-01-17T06:00:00,2019-01-20T06:00:00,72
val_087736_lead006,val,4,87733,87736,87737,2019-01-19T06:00:00,2019-01-20T00:00:00,2019-01-20T06:00:00,6
val_087736_lead024,val,4,87733,87736,87740,2019-01-19T06:00:00,2019-01-20T00:00:00,2019-01-21T00:00:00,24
val_087736_lead072,val,4,87733,87736,87748,2019-01-19T06:00:00,2019-01-20T00:00:00,2019-01-23T00:00:00,72
val_087748_lead006,val,4,87745,87748,87749,2019-01-22T06:00:00,2019-01-23T00:00:00,2019-01-23T06:00:00,6
val_087748_lead024,val,4,87745,87748,87752,2019-01-22T06:00:00,2019-01-23T00:00:00,2019-01-24T00:00:00,24
val_087748_lead072,val,4,87745,87748,87760,2019-01-22T06:00:00,2019-01-23T00:00:00,2019-01-26T00:00:00,72
val_087759_lead006,val,4,87756,87759,87760,2019-01-25T00:00:00,2019-01-25T18:00:00,2019-01-26T00:00:00,6
val_087759_lead024,val,4,87756,87759,87763,2019-01-25T00:00:00,2019-01-25T18:00:00,2019-01-26T18:00:00,24
val_087759_lead072,val,4,87756,87759,87771,2019-01-25T00:00:00,2019-01-25T18:00:00,2019-01-28T18:00:00,72
val_087770_lead006,val,4,87767,87770,87771,2019-01-27T18:00:00,2019-01-28T12:00:00,2019-01-28T18:00:00,6
val_087770_lead024,val,4,87767,87770,87774,2019-01-27T18:00:00,2019-01-28T12:00:00,2019-01-29T12:00:00,24
val_087770_lead072,val,4,87767,87770,87782,2019-01-27T18:00:00,2019-01-28T12:00:00,2019-01-31T12:00:00,72
val_087782_lead006,val,4,87779,87782,87783,2019-01-30T18:00:00,2019-01-31T12:00:00,2019-01-31T18:00:00,6
val_087782_lead024,val,4,87779,87782,87786,2019-01-30T18:00:00,2019-01-31T12:00:00,2019-02-01T12:00:00,24
val_087782_lead072,val,4,87779,87782,87794,2019-01-30T18:00:00,2019-01-31T12:00:00,2019-02-03T12:00:00,72
val_087793_lead006,val,4,87790,87793,87794,2019-02-02T12:00:00,2019-02-03T06:00:00,2019-02-03T12:00:00,6
val_087793_lead024,val,4,87790,87793,87797,2019-02-02T12:00:00,2019-02-03T06:00:00,2019-02-04T06:00:00,24
val_087793_lead072,val,4,87790,87793,87805,2019-02-02T12:00:00,2019-02-03T06:00:00,2019-02-06T06:00:00,72
val_087805_lead006,val,4,87802,87805,87806,2019-02-05T12:00:00,2019-02-06T06:00:00,2019-02-06T12:00:00,6
val_087805_lead024,val,4,87802,87805,87809,2019-02-05T12:00:00,2019-02-06T06:00:00,2019-02-07T06:00:00,24
val_087805_lead072,val,4,87802,87805,87817,2019-02-05T12:00:00,2019-02-06T06:00:00,2019-02-09T06:00:00,72
val_087816_lead006,val,4,87813,87816,87817,2019-02-08T06:00:00,2019-02-09T00:00:00,2019-02-09T06:00:00,6
val_087816_lead024,val,4,87813,87816,87820,2019-02-08T06:00:00,2019-02-09T00:00:00,2019-02-10T00:00:00,24
val_087816_lead072,val,4,87813,87816,87828,2019-02-08T06:00:00,2019-02-09T00:00:00,2019-02-12T00:00:00,72
val_087827_lead006,val,4,87824,87827,87828,2019-02-11T00:00:00,2019-02-11T18:00:00,2019-02-12T00:00:00,6
val_087827_lead024,val,4,87824,87827,87831,2019-02-11T00:00:00,2019-02-11T18:00:00,2019-02-12T18:00:00,24
val_087827_lead072,val,4,87824,87827,87839,2019-02-11T00:00:00,2019-02-11T18:00:00,2019-02-14T18:00:00,72
val_087839_lead006,val,4,87836,87839,87840,2019-02-14T00:00:00,2019-02-14T18:00:00,2019-02-15T00:00:00,6
val_087839_lead024,val,4,87836,87839,87843,2019-02-14T00:00:00,2019-02-14T18:00:00,2019-02-15T18:00:00,24
val_087839_lead072,val,4,87836,87839,87851,2019-02-14T00:00:00,2019-02-14T18:00:00,2019-02-17T18:00:00,72
val_087850_lead006,val,4,87847,87850,87851,2019-02-16T18:00:00,2019-02-17T12:00:00,2019-02-17T18:00:00,6
val_087850_lead024,val,4,87847,87850,87854,2019-02-16T18:00:00,2019-02-17T12:00:00,2019-02-18T12:00:00,24
val_087850_lead072,val,4,87847,87850,87862,2019-02-16T18:00:00,2019-02-17T12:00:00,2019-02-20T12:00:00,72
val_087861_lead006,val,4,87858,87861,87862,2019-02-19T12:00:00,2019-02-20T06:00:00,2019-02-20T12:00:00,6
val_087861_lead024,val,4,87858,87861,87865,2019-02-19T12:00:00,2019-02-20T06:00:00,2019-02-21T06:00:00,24
val_087861_lead072,val,4,87858,87861,87873,2019-02-19T12:00:00,2019-02-20T06:00:00,2019-02-23T06:00:00,72
val_087873_lead006,val,4,87870,87873,87874,2019-02-22T12:00:00,2019-02-23T06:00:00,2019-02-23T12:00:00,6
val_087873_lead024,val,4,87870,87873,87877,2019-02-22T12:00:00,2019-02-23T06:00:00,2019-02-24T06:00:00,24
val_087873_lead072,val,4,87870,87873,87885,2019-02-22T12:00:00,2019-02-23T06:00:00,2019-02-26T06:00:00,72
val_087884_lead006,val,4,87881,87884,87885,2019-02-25T06:00:00,2019-02-26T00:00:00,2019-02-26T06:00:00,6
val_087884_lead024,val,4,87881,87884,87888,2019-02-25T06:00:00,2019-02-26T00:00:00,2019-02-27T00:00:00,24
val_087884_lead072,val,4,87881,87884,87896,2019-02-25T06:00:00,2019-02-26T00:00:00,2019-03-01T00:00:00,72
val_087895_lead006,val,4,87892,87895,87896,2019-02-28T00:00:00,2019-02-28T18:00:00,2019-03-01T00:00:00,6
val_087895_lead024,val,4,87892,87895,87899,2019-02-28T00:00:00,2019-02-28T18:00:00,2019-03-01T18:00:00,24
val_087895_lead072,val,4,87892,87895,87907,2019-02-28T00:00:00,2019-02-28T18:00:00,2019-03-03T18:00:00,72
val_087907_lead006,val,4,87904,87907,87908,2019-03-03T00:00:00,2019-03-03T18:00:00,2019-03-04T00:00:00,6
val_087907_lead024,val,4,87904,87907,87911,2019-03-03T00:00:00,2019-03-03T18:00:00,2019-03-04T18:00:00,24
val_087907_lead072,val,4,87904,87907,87919,2019-03-03T00:00:00,2019-03-03T18:00:00,2019-03-06T18:00:00,72
val_087918_lead006,val,4,87915,87918,87919,2019-03-05T18:00:00,2019-03-06T12:00:00,2019-03-06T18:00:00,6
val_087918_lead024,val,4,87915,87918,87922,2019-03-05T18:00:00,2019-03-06T12:00:00,2019-03-07T12:00:00,24
val_087918_lead072,val,4,87915,87918,87930,2019-03-05T18:00:00,2019-03-06T12:00:00,2019-03-09T12:00:00,72
val_087930_lead006,val,4,87927,87930,87931,2019-03-08T18:00:00,2019-03-09T12:00:00,2019-03-09T18:00:00,6
val_087930_lead024,val,4,87927,87930,87934,2019-03-08T18:00:00,2019-03-09T12:00:00,2019-03-10T12:00:00,24
val_087930_lead072,val,4,87927,87930,87942,2019-03-08T18:00:00,2019-03-09T12:00:00,2019-03-12T12:00:00,72
val_087941_lead006,val,4,87938,87941,87942,2019-03-11T12:00:00,2019-03-12T06:00:00,2019-03-12T12:00:00,6
val_087941_lead024,val,4,87938,87941,87945,2019-03-11T12:00:00,2019-03-12T06:00:00,2019-03-13T06:00:00,24
val_087941_lead072,val,4,87938,87941,87953,2019-03-11T12:00:00,2019-03-12T06:00:00,2019-03-15T06:00:00,72
val_087952_lead006,val,4,87949,87952,87953,2019-03-14T06:00:00,2019-03-15T00:00:00,2019-03-15T06:00:00,6
val_087952_lead024,val,4,87949,87952,87956,2019-03-14T06:00:00,2019-03-15T00:00:00,2019-03-16T00:00:00,24
val_087952_lead072,val,4,87949,87952,87964,2019-03-14T06:00:00,2019-03-15T00:00:00,2019-03-18T00:00:00,72
val_087964_lead006,val,4,87961,87964,87965,2019-03-17T06:00:00,2019-03-18T00:00:00,2019-03-18T06:00:00,6
val_087964_lead024,val,4,87961,87964,87968,2019-03-17T06:00:00,2019-03-18T00:00:00,2019-03-19T00:00:00,24
val_087964_lead072,val,4,87961,87964,87976,2019-03-17T06:00:00,2019-03-18T00:00:00,2019-03-21T00:00:00,72
val_087975_lead006,val,4,87972,87975,87976,2019-03-20T00:00:00,2019-03-20T18:00:00,2019-03-21T00:00:00,6
val_087975_lead024,val,4,87972,87975,87979,2019-03-20T00:00:00,2019-03-20T18:00:00,2019-03-21T18:00:00,24
val_087975_lead072,val,4,87972,87975,87987,2019-03-20T00:00:00,2019-03-20T18:00:00,2019-03-23T18:00:00,72
val_087986_lead006,val,4,87983,87986,87987,2019-03-22T18:00:00,2019-03-23T12:00:00,2019-03-23T18:00:00,6
val_087986_lead024,val,4,87983,87986,87990,2019-03-22T18:00:00,2019-03-23T12:00:00,2019-03-24T12:00:00,24
val_087986_lead072,val,4,87983,87986,87998,2019-03-22T18:00:00,2019-03-23T12:00:00,2019-03-26T12:00:00,72
val_087998_lead006,val,4,87995,87998,87999,2019-03-25T18:00:00,2019-03-26T12:00:00,2019-03-26T18:00:00,6
val_087998_lead024,val,4,87995,87998,88002,2019-03-25T18:00:00,2019-03-26T12:00:00,2019-03-27T12:00:00,24
val_087998_lead072,val,4,87995,87998,88010,2019-03-25T18:00:00,2019-03-26T12:00:00,2019-03-29T12:00:00,72
val_088009_lead006,val,4,88006,88009,88010,2019-03-28T12:00:00,2019-03-29T06:00:00,2019-03-29T12:00:00,6
val_088009_lead024,val,4,88006,88009,88013,2019-03-28T12:00:00,2019-03-29T06:00:00,2019-03-30T06:00:00,24
val_088009_lead072,val,4,88006,88009,88021,2019-03-28T12:00:00,2019-03-29T06:00:00,2019-04-01T06:00:00,72
val_088020_lead006,val,4,88017,88020,88021,2019-03-31T06:00:00,2019-04-01T00:00:00,2019-04-01T06:00:00,6
val_088020_lead024,val,4,88017,88020,88024,2019-03-31T06:00:00,2019-04-01T00:00:00,2019-04-02T00:00:00,24
val_088020_lead072,val,4,88017,88020,88032,2019-03-31T06:00:00,2019-04-01T00:00:00,2019-04-04T00:00:00,72
val_088032_lead006,val,4,88029,88032,88033,2019-04-03T06:00:00,2019-04-04T00:00:00,2019-04-04T06:00:00,6
val_088032_lead024,val,4,88029,88032,88036,2019-04-03T06:00:00,2019-04-04T00:00:00,2019-04-05T00:00:00,24
val_088032_lead072,val,4,88029,88032,88044,2019-04-03T06:00:00,2019-04-04T00:00:00,2019-04-07T00:00:00,72
val_088043_lead006,val,4,88040,88043,88044,2019-04-06T00:00:00,2019-04-06T18:00:00,2019-04-07T00:00:00,6
val_088043_lead024,val,4,88040,88043,88047,2019-04-06T00:00:00,2019-04-06T18:00:00,2019-04-07T18:00:00,24
val_088043_lead072,val,4,88040,88043,88055,2019-04-06T00:00:00,2019-04-06T18:00:00,2019-04-09T18:00:00,72
val_088055_lead006,val,4,88052,88055,88056,2019-04-09T00:00:00,2019-04-09T18:00:00,2019-04-10T00:00:00,6
val_088055_lead024,val,4,88052,88055,88059,2019-04-09T00:00:00,2019-04-09T18:00:00,2019-04-10T18:00:00,24
val_088055_lead072,val,4,88052,88055,88067,2019-04-09T00:00:00,2019-04-09T18:00:00,2019-04-12T18:00:00,72
val_088066_lead006,val,4,88063,88066,88067,2019-04-11T18:00:00,2019-04-12T12:00:00,2019-04-12T18:00:00,6
val_088066_lead024,val,4,88063,88066,88070,2019-04-11T18:00:00,2019-04-12T12:00:00,2019-04-13T12:00:00,24
val_088066_lead072,val,4,88063,88066,88078,2019-04-11T18:00:00,2019-04-12T12:00:00,2019-04-15T12:00:00,72
val_088077_lead006,val,4,88074,88077,88078,2019-04-14T12:00:00,2019-04-15T06:00:00,2019-04-15T12:00:00,6
val_088077_lead024,val,4,88074,88077,88081,2019-04-14T12:00:00,2019-04-15T06:00:00,2019-04-16T06:00:00,24
val_088077_lead072,val,4,88074,88077,88089,2019-04-14T12:00:00,2019-04-15T06:00:00,2019-04-18T06:00:00,72
val_088089_lead006,val,4,88086,88089,88090,2019-04-17T12:00:00,2019-04-18T06:00:00,2019-04-18T12:00:00,6
val_088089_lead024,val,4,88086,88089,88093,2019-04-17T12:00:00,2019-04-18T06:00:00,2019-04-19T06:00:00,24
val_088089_lead072,val,4,88086,88089,88101,2019-04-17T12:00:00,2019-04-18T06:00:00,2019-04-21T06:00:00,72
val_088100_lead006,val,4,88097,88100,88101,2019-04-20T06:00:00,2019-04-21T00:00:00,2019-04-21T06:00:00,6
val_088100_lead024,val,4,88097,88100,88104,2019-04-20T06:00:00,2019-04-21T00:00:00,2019-04-22T00:00:00,24
val_088100_lead072,val,4,88097,88100,88112,2019-04-20T06:00:00,2019-04-21T00:00:00,2019-04-24T00:00:00,72
val_088111_lead006,val,4,88108,88111,88112,2019-04-23T00:00:00,2019-04-23T18:00:00,2019-04-24T00:00:00,6
val_088111_lead024,val,4,88108,88111,88115,2019-04-23T00:00:00,2019-04-23T18:00:00,2019-04-24T18:00:00,24
val_088111_lead072,val,4,88108,88111,88123,2019-04-23T00:00:00,2019-04-23T18:00:00,2019-04-26T18:00:00,72
val_088123_lead006,val,4,88120,88123,88124,2019-04-26T00:00:00,2019-04-26T18:00:00,2019-04-27T00:00:00,6
val_088123_lead024,val,4,88120,88123,88127,2019-04-26T00:00:00,2019-04-26T18:00:00,2019-04-27T18:00:00,24
val_088123_lead072,val,4,88120,88123,88135,2019-04-26T00:00:00,2019-04-26T18:00:00,2019-04-29T18:00:00,72
val_088134_lead006,val,4,88131,88134,88135,2019-04-28T18:00:00,2019-04-29T12:00:00,2019-04-29T18:00:00,6
val_088134_lead024,val,4,88131,88134,88138,2019-04-28T18:00:00,2019-04-29T12:00:00,2019-04-30T12:00:00,24
val_088134_lead072,val,4,88131,88134,88146,2019-04-28T18:00:00,2019-04-29T12:00:00,2019-05-02T12:00:00,72
val_088145_lead006,val,4,88142,88145,88146,2019-05-01T12:00:00,2019-05-02T06:00:00,2019-05-02T12:00:00,6
val_088145_lead024,val,4,88142,88145,88149,2019-05-01T12:00:00,2019-05-02T06:00:00,2019-05-03T06:00:00,24
val_088145_lead072,val,4,88142,88145,88157,2019-05-01T12:00:00,2019-05-02T06:00:00,2019-05-05T06:00:00,72
val_088157_lead006,val,4,88154,88157,88158,2019-05-04T12:00:00,2019-05-05T06:00:00,2019-05-05T12:00:00,6
val_088157_lead024,val,4,88154,88157,88161,2019-05-04T12:00:00,2019-05-05T06:00:00,2019-05-06T06:00:00,24
val_088157_lead072,val,4,88154,88157,88169,2019-05-04T12:00:00,2019-05-05T06:00:00,2019-05-08T06:00:00,72
val_088168_lead006,val,4,88165,88168,88169,2019-05-07T06:00:00,2019-05-08T00:00:00,2019-05-08T06:00:00,6
val_088168_lead024,val,4,88165,88168,88172,2019-05-07T06:00:00,2019-05-08T00:00:00,2019-05-09T00:00:00,24
val_088168_lead072,val,4,88165,88168,88180,2019-05-07T06:00:00,2019-05-08T00:00:00,2019-05-11T00:00:00,72
val_088180_lead006,val,4,88177,88180,88181,2019-05-10T06:00:00,2019-05-11T00:00:00,2019-05-11T06:00:00,6
val_088180_lead024,val,4,88177,88180,88184,2019-05-10T06:00:00,2019-05-11T00:00:00,2019-05-12T00:00:00,24
val_088180_lead072,val,4,88177,88180,88192,2019-05-10T06:00:00,2019-05-11T00:00:00,2019-05-14T00:00:00,72
val_088191_lead006,val,4,88188,88191,88192,2019-05-13T00:00:00,2019-05-13T18:00:00,2019-05-14T00:00:00,6
val_088191_lead024,val,4,88188,88191,88195,2019-05-13T00:00:00,2019-05-13T18:00:00,2019-05-14T18:00:00,24
val_088191_lead072,val,4,88188,88191,88203,2019-05-13T00:00:00,2019-05-13T18:00:00,2019-05-16T18:00:00,72
val_088202_lead006,val,4,88199,88202,88203,2019-05-15T18:00:00,2019-05-16T12:00:00,2019-05-16T18:00:00,6
val_088202_lead024,val,4,88199,88202,88206,2019-05-15T18:00:00,2019-05-16T12:00:00,2019-05-17T12:00:00,24
val_088202_lead072,val,4,88199,88202,88214,2019-05-15T18:00:00,2019-05-16T12:00:00,2019-05-19T12:00:00,72
val_088214_lead006,val,4,88211,88214,88215,2019-05-18T18:00:00,2019-05-19T12:00:00,2019-05-19T18:00:00,6
val_088214_lead024,val,4,88211,88214,88218,2019-05-18T18:00:00,2019-05-19T12:00:00,2019-05-20T12:00:00,24
val_088214_lead072,val,4,88211,88214,88226,2019-05-18T18:00:00,2019-05-19T12:00:00,2019-05-22T12:00:00,72
val_088225_lead006,val,4,88222,88225,88226,2019-05-21T12:00:00,2019-05-22T06:00:00,2019-05-22T12:00:00,6
val_088225_lead024,val,4,88222,88225,88229,2019-05-21T12:00:00,2019-05-22T06:00:00,2019-05-23T06:00:00,24
val_088225_lead072,val,4,88222,88225,88237,2019-05-21T12:00:00,2019-05-22T06:00:00,2019-05-25T06:00:00,72
val_088236_lead006,val,4,88233,88236,88237,2019-05-24T06:00:00,2019-05-25T00:00:00,2019-05-25T06:00:00,6
val_088236_lead024,val,4,88233,88236,88240,2019-05-24T06:00:00,2019-05-25T00:00:00,2019-05-26T00:00:00,24
val_088236_lead072,val,4,88233,88236,88248,2019-05-24T06:00:00,2019-05-25T00:00:00,2019-05-28T00:00:00,72
val_088248_lead006,val,4,88245,88248,88249,2019-05-27T06:00:00,2019-05-28T00:00:00,2019-05-28T06:00:00,6
val_088248_lead024,val,4,88245,88248,88252,2019-05-27T06:00:00,2019-05-28T00:00:00,2019-05-29T00:00:00,24
val_088248_lead072,val,4,88245,88248,88260,2019-05-27T06:00:00,2019-05-28T00:00:00,2019-05-31T00:00:00,72
val_088259_lead006,val,4,88256,88259,88260,2019-05-30T00:00:00,2019-05-30T18:00:00,2019-05-31T00:00:00,6
val_088259_lead024,val,4,88256,88259,88263,2019-05-30T00:00:00,2019-05-30T18:00:00,2019-05-31T18:00:00,24
val_088259_lead072,val,4,88256,88259,88271,2019-05-30T00:00:00,2019-05-30T18:00:00,2019-06-02T18:00:00,72
val_088270_lead006,val,4,88267,88270,88271,2019-06-01T18:00:00,2019-06-02T12:00:00,2019-06-02T18:00:00,6
val_088270_lead024,val,4,88267,88270,88274,2019-06-01T18:00:00,2019-06-02T12:00:00,2019-06-03T12:00:00,24
val_088270_lead072,val,4,88267,88270,88282,2019-06-01T18:00:00,2019-06-02T12:00:00,2019-06-05T12:00:00,72
val_088282_lead006,val,4,88279,88282,88283,2019-06-04T18:00:00,2019-06-05T12:00:00,2019-06-05T18:00:00,6
val_088282_lead024,val,4,88279,88282,88286,2019-06-04T18:00:00,2019-06-05T12:00:00,2019-06-06T12:00:00,24
val_088282_lead072,val,4,88279,88282,88294,2019-06-04T18:00:00,2019-06-05T12:00:00,2019-06-08T12:00:00,72
val_088293_lead006,val,4,88290,88293,88294,2019-06-07T12:00:00,2019-06-08T06:00:00,2019-06-08T12:00:00,6
val_088293_lead024,val,4,88290,88293,88297,2019-06-07T12:00:00,2019-06-08T06:00:00,2019-06-09T06:00:00,24
val_088293_lead072,val,4,88290,88293,88305,2019-06-07T12:00:00,2019-06-08T06:00:00,2019-06-11T06:00:00,72
val_088305_lead006,val,4,88302,88305,88306,2019-06-10T12:00:00,2019-06-11T06:00:00,2019-06-11T12:00:00,6
val_088305_lead024,val,4,88302,88305,88309,2019-06-10T12:00:00,2019-06-11T06:00:00,2019-06-12T06:00:00,24
val_088305_lead072,val,4,88302,88305,88317,2019-06-10T12:00:00,2019-06-11T06:00:00,2019-06-14T06:00:00,72
val_088316_lead006,val,4,88313,88316,88317,2019-06-13T06:00:00,2019-06-14T00:00:00,2019-06-14T06:00:00,6
val_088316_lead024,val,4,88313,88316,88320,2019-06-13T06:00:00,2019-06-14T00:00:00,2019-06-15T00:00:00,24
val_088316_lead072,val,4,88313,88316,88328,2019-06-13T06:00:00,2019-06-14T00:00:00,2019-06-17T00:00:00,72
val_088327_lead006,val,4,88324,88327,88328,2019-06-16T00:00:00,2019-06-16T18:00:00,2019-06-17T00:00:00,6
val_088327_lead024,val,4,88324,88327,88331,2019-06-16T00:00:00,2019-06-16T18:00:00,2019-06-17T18:00:00,24
val_088327_lead072,val,4,88324,88327,88339,2019-06-16T00:00:00,2019-06-16T18:00:00,2019-06-19T18:00:00,72
val_088339_lead006,val,4,88336,88339,88340,2019-06-19T00:00:00,2019-06-19T18:00:00,2019-06-20T00:00:00,6
val_088339_lead024,val,4,88336,88339,88343,2019-06-19T00:00:00,2019-06-19T18:00:00,2019-06-20T18:00:00,24
val_088339_lead072,val,4,88336,88339,88351,2019-06-19T00:00:00,2019-06-19T18:00:00,2019-06-22T18:00:00,72
val_088350_lead006,val,4,88347,88350,88351,2019-06-21T18:00:00,2019-06-22T12:00:00,2019-06-22T18:00:00,6
val_088350_lead024,val,4,88347,88350,88354,2019-06-21T18:00:00,2019-06-22T12:00:00,2019-06-23T12:00:00,24
val_088350_lead072,val,4,88347,88350,88362,2019-06-21T18:00:00,2019-06-22T12:00:00,2019-06-25T12:00:00,72
val_088361_lead006,val,4,88358,88361,88362,2019-06-24T12:00:00,2019-06-25T06:00:00,2019-06-25T12:00:00,6
val_088361_lead024,val,4,88358,88361,88365,2019-06-24T12:00:00,2019-06-25T06:00:00,2019-06-26T06:00:00,24
val_088361_lead072,val,4,88358,88361,88373,2019-06-24T12:00:00,2019-06-25T06:00:00,2019-06-28T06:00:00,72
val_088373_lead006,val,4,88370,88373,88374,2019-06-27T12:00:00,2019-06-28T06:00:00,2019-06-28T12:00:00,6
val_088373_lead024,val,4,88370,88373,88377,2019-06-27T12:00:00,2019-06-28T06:00:00,2019-06-29T06:00:00,24
val_088373_lead072,val,4,88370,88373,88385,2019-06-27T12:00:00,2019-06-28T06:00:00,2019-07-01T06:00:00,72
val_088384_lead006,val,4,88381,88384,88385,2019-06-30T06:00:00,2019-07-01T00:00:00,2019-07-01T06:00:00,6
val_088384_lead024,val,4,88381,88384,88388,2019-06-30T06:00:00,2019-07-01T00:00:00,2019-07-02T00:00:00,24
val_088384_lead072,val,4,88381,88384,88396,2019-06-30T06:00:00,2019-07-01T00:00:00,2019-07-04T00:00:00,72
val_088395_lead006,val,4,88392,88395,88396,2019-07-03T00:00:00,2019-07-03T18:00:00,2019-07-04T00:00:00,6
val_088395_lead024,val,4,88392,88395,88399,2019-07-03T00:00:00,2019-07-03T18:00:00,2019-07-04T18:00:00,24
val_088395_lead072,val,4,88392,88395,88407,2019-07-03T00:00:00,2019-07-03T18:00:00,2019-07-06T18:00:00,72
val_088407_lead006,val,4,88404,88407,88408,2019-07-06T00:00:00,2019-07-06T18:00:00,2019-07-07T00:00:00,6
val_088407_lead024,val,4,88404,88407,88411,2019-07-06T00:00:00,2019-07-06T18:00:00,2019-07-07T18:00:00,24
val_088407_lead072,val,4,88404,88407,88419,2019-07-06T00:00:00,2019-07-06T18:00:00,2019-07-09T18:00:00,72
val_088418_lead006,val,4,88415,88418,88419,2019-07-08T18:00:00,2019-07-09T12:00:00,2019-07-09T18:00:00,6
val_088418_lead024,val,4,88415,88418,88422,2019-07-08T18:00:00,2019-07-09T12:00:00,2019-07-10T12:00:00,24
val_088418_lead072,val,4,88415,88418,88430,2019-07-08T18:00:00,2019-07-09T12:00:00,2019-07-12T12:00:00,72
val_088430_lead006,val,4,88427,88430,88431,2019-07-11T18:00:00,2019-07-12T12:00:00,2019-07-12T18:00:00,6
val_088430_lead024,val,4,88427,88430,88434,2019-07-11T18:00:00,2019-07-12T12:00:00,2019-07-13T12:00:00,24
val_088430_lead072,val,4,88427,88430,88442,2019-07-11T18:00:00,2019-07-12T12:00:00,2019-07-15T12:00:00,72
val_088441_lead006,val,4,88438,88441,88442,2019-07-14T12:00:00,2019-07-15T06:00:00,2019-07-15T12:00:00,6
val_088441_lead024,val,4,88438,88441,88445,2019-07-14T12:00:00,2019-07-15T06:00:00,2019-07-16T06:00:00,24
val_088441_lead072,val,4,88438,88441,88453,2019-07-14T12:00:00,2019-07-15T06:00:00,2019-07-18T06:00:00,72
val_088452_lead006,val,4,88449,88452,88453,2019-07-17T06:00:00,2019-07-18T00:00:00,2019-07-18T06:00:00,6
val_088452_lead024,val,4,88449,88452,88456,2019-07-17T06:00:00,2019-07-18T00:00:00,2019-07-19T00:00:00,24
val_088452_lead072,val,4,88449,88452,88464,2019-07-17T06:00:00,2019-07-18T00:00:00,2019-07-21T00:00:00,72
val_088464_lead006,val,4,88461,88464,88465,2019-07-20T06:00:00,2019-07-21T00:00:00,2019-07-21T06:00:00,6
val_088464_lead024,val,4,88461,88464,88468,2019-07-20T06:00:00,2019-07-21T00:00:00,2019-07-22T00:00:00,24
val_088464_lead072,val,4,88461,88464,88476,2019-07-20T06:00:00,2019-07-21T00:00:00,2019-07-24T00:00:00,72
val_088475_lead006,val,4,88472,88475,88476,2019-07-23T00:00:00,2019-07-23T18:00:00,2019-07-24T00:00:00,6
val_088475_lead024,val,4,88472,88475,88479,2019-07-23T00:00:00,2019-07-23T18:00:00,2019-07-24T18:00:00,24
val_088475_lead072,val,4,88472,88475,88487,2019-07-23T00:00:00,2019-07-23T18:00:00,2019-07-26T18:00:00,72
val_088486_lead006,val,4,88483,88486,88487,2019-07-25T18:00:00,2019-07-26T12:00:00,2019-07-26T18:00:00,6
val_088486_lead024,val,4,88483,88486,88490,2019-07-25T18:00:00,2019-07-26T12:00:00,2019-07-27T12:00:00,24
val_088486_lead072,val,4,88483,88486,88498,2019-07-25T18:00:00,2019-07-26T12:00:00,2019-07-29T12:00:00,72
val_088498_lead006,val,4,88495,88498,88499,2019-07-28T18:00:00,2019-07-29T12:00:00,2019-07-29T18:00:00,6
val_088498_lead024,val,4,88495,88498,88502,2019-07-28T18:00:00,2019-07-29T12:00:00,2019-07-30T12:00:00,24
val_088498_lead072,val,4,88495,88498,88510,2019-07-28T18:00:00,2019-07-29T12:00:00,2019-08-01T12:00:00,72
val_088509_lead006,val,4,88506,88509,88510,2019-07-31T12:00:00,2019-08-01T06:00:00,2019-08-01T12:00:00,6
val_088509_lead024,val,4,88506,88509,88513,2019-07-31T12:00:00,2019-08-01T06:00:00,2019-08-02T06:00:00,24
val_088509_lead072,val,4,88506,88509,88521,2019-07-31T12:00:00,2019-08-01T06:00:00,2019-08-04T06:00:00,72
val_088520_lead006,val,4,88517,88520,88521,2019-08-03T06:00:00,2019-08-04T00:00:00,2019-08-04T06:00:00,6
val_088520_lead024,val,4,88517,88520,88524,2019-08-03T06:00:00,2019-08-04T00:00:00,2019-08-05T00:00:00,24
val_088520_lead072,val,4,88517,88520,88532,2019-08-03T06:00:00,2019-08-04T00:00:00,2019-08-07T00:00:00,72
val_088532_lead006,val,4,88529,88532,88533,2019-08-06T06:00:00,2019-08-07T00:00:00,2019-08-07T06:00:00,6
val_088532_lead024,val,4,88529,88532,88536,2019-08-06T06:00:00,2019-08-07T00:00:00,2019-08-08T00:00:00,24
val_088532_lead072,val,4,88529,88532,88544,2019-08-06T06:00:00,2019-08-07T00:00:00,2019-08-10T00:00:00,72
val_088543_lead006,val,4,88540,88543,88544,2019-08-09T00:00:00,2019-08-09T18:00:00,2019-08-10T00:00:00,6
val_088543_lead024,val,4,88540,88543,88547,2019-08-09T00:00:00,2019-08-09T18:00:00,2019-08-10T18:00:00,24
val_088543_lead072,val,4,88540,88543,88555,2019-08-09T00:00:00,2019-08-09T18:00:00,2019-08-12T18:00:00,72
val_088555_lead006,val,4,88552,88555,88556,2019-08-12T00:00:00,2019-08-12T18:00:00,2019-08-13T00:00:00,6
val_088555_lead024,val,4,88552,88555,88559,2019-08-12T00:00:00,2019-08-12T18:00:00,2019-08-13T18:00:00,24
val_088555_lead072,val,4,88552,88555,88567,2019-08-12T00:00:00,2019-08-12T18:00:00,2019-08-15T18:00:00,72
val_088566_lead006,val,4,88563,88566,88567,2019-08-14T18:00:00,2019-08-15T12:00:00,2019-08-15T18:00:00,6
val_088566_lead024,val,4,88563,88566,88570,2019-08-14T18:00:00,2019-08-15T12:00:00,2019-08-16T12:00:00,24
val_088566_lead072,val,4,88563,88566,88578,2019-08-14T18:00:00,2019-08-15T12:00:00,2019-08-18T12:00:00,72
val_088577_lead006,val,4,88574,88577,88578,2019-08-17T12:00:00,2019-08-18T06:00:00,2019-08-18T12:00:00,6
val_088577_lead024,val,4,88574,88577,88581,2019-08-17T12:00:00,2019-08-18T06:00:00,2019-08-19T06:00:00,24
val_088577_lead072,val,4,88574,88577,88589,2019-08-17T12:00:00,2019-08-18T06:00:00,2019-08-21T06:00:00,72
val_088589_lead006,val,4,88586,88589,88590,2019-08-20T12:00:00,2019-08-21T06:00:00,2019-08-21T12:00:00,6
val_088589_lead024,val,4,88586,88589,88593,2019-08-20T12:00:00,2019-08-21T06:00:00,2019-08-22T06:00:00,24
val_088589_lead072,val,4,88586,88589,88601,2019-08-20T12:00:00,2019-08-21T06:00:00,2019-08-24T06:00:00,72
val_088600_lead006,val,4,88597,88600,88601,2019-08-23T06:00:00,2019-08-24T00:00:00,2019-08-24T06:00:00,6
val_088600_lead024,val,4,88597,88600,88604,2019-08-23T06:00:00,2019-08-24T00:00:00,2019-08-25T00:00:00,24
val_088600_lead072,val,4,88597,88600,88612,2019-08-23T06:00:00,2019-08-24T00:00:00,2019-08-27T00:00:00,72
val_088611_lead006,val,4,88608,88611,88612,2019-08-26T00:00:00,2019-08-26T18:00:00,2019-08-27T00:00:00,6
val_088611_lead024,val,4,88608,88611,88615,2019-08-26T00:00:00,2019-08-26T18:00:00,2019-08-27T18:00:00,24
val_088611_lead072,val,4,88608,88611,88623,2019-08-26T00:00:00,2019-08-26T18:00:00,2019-08-29T18:00:00,72
val_088623_lead006,val,4,88620,88623,88624,2019-08-29T00:00:00,2019-08-29T18:00:00,2019-08-30T00:00:00,6
val_088623_lead024,val,4,88620,88623,88627,2019-08-29T00:00:00,2019-08-29T18:00:00,2019-08-30T18:00:00,24
val_088623_lead072,val,4,88620,88623,88635,2019-08-29T00:00:00,2019-08-29T18:00:00,2019-09-01T18:00:00,72
val_088634_lead006,val,4,88631,88634,88635,2019-08-31T18:00:00,2019-09-01T12:00:00,2019-09-01T18:00:00,6
val_088634_lead024,val,4,88631,88634,88638,2019-08-31T18:00:00,2019-09-01T12:00:00,2019-09-02T12:00:00,24
val_088634_lead072,val,4,88631,88634,88646,2019-08-31T18:00:00,2019-09-01T12:00:00,2019-09-04T12:00:00,72
val_088645_lead006,val,4,88642,88645,88646,2019-09-03T12:00:00,2019-09-04T06:00:00,2019-09-04T12:00:00,6
val_088645_lead024,val,4,88642,88645,88649,2019-09-03T12:00:00,2019-09-04T06:00:00,2019-09-05T06:00:00,24
val_088645_lead072,val,4,88642,88645,88657,2019-09-03T12:00:00,2019-09-04T06:00:00,2019-09-07T06:00:00,72
val_088657_lead006,val,4,88654,88657,88658,2019-09-06T12:00:00,2019-09-07T06:00:00,2019-09-07T12:00:00,6
val_088657_lead024,val,4,88654,88657,88661,2019-09-06T12:00:00,2019-09-07T06:00:00,2019-09-08T06:00:00,24
val_088657_lead072,val,4,88654,88657,88669,2019-09-06T12:00:00,2019-09-07T06:00:00,2019-09-10T06:00:00,72
val_088668_lead006,val,4,88665,88668,88669,2019-09-09T06:00:00,2019-09-10T00:00:00,2019-09-10T06:00:00,6
val_088668_lead024,val,4,88665,88668,88672,2019-09-09T06:00:00,2019-09-10T00:00:00,2019-09-11T00:00:00,24
val_088668_lead072,val,4,88665,88668,88680,2019-09-09T06:00:00,2019-09-10T00:00:00,2019-09-13T00:00:00,72
val_088680_lead006,val,4,88677,88680,88681,2019-09-12T06:00:00,2019-09-13T00:00:00,2019-09-13T06:00:00,6
val_088680_lead024,val,4,88677,88680,88684,2019-09-12T06:00:00,2019-09-13T00:00:00,2019-09-14T00:00:00,24
val_088680_lead072,val,4,88677,88680,88692,2019-09-12T06:00:00,2019-09-13T00:00:00,2019-09-16T00:00:00,72
val_088691_lead006,val,4,88688,88691,88692,2019-09-15T00:00:00,2019-09-15T18:00:00,2019-09-16T00:00:00,6
val_088691_lead024,val,4,88688,88691,88695,2019-09-15T00:00:00,2019-09-15T18:00:00,2019-09-16T18:00:00,24
val_088691_lead072,val,4,88688,88691,88703,2019-09-15T00:00:00,2019-09-15T18:00:00,2019-09-18T18:00:00,72
val_088702_lead006,val,4,88699,88702,88703,2019-09-17T18:00:00,2019-09-18T12:00:00,2019-09-18T18:00:00,6
val_088702_lead024,val,4,88699,88702,88706,2019-09-17T18:00:00,2019-09-18T12:00:00,2019-09-19T12:00:00,24
val_088702_lead072,val,4,88699,88702,88714,2019-09-17T18:00:00,2019-09-18T12:00:00,2019-09-21T12:00:00,72
val_088714_lead006,val,4,88711,88714,88715,2019-09-20T18:00:00,2019-09-21T12:00:00,2019-09-21T18:00:00,6
val_088714_lead024,val,4,88711,88714,88718,2019-09-20T18:00:00,2019-09-21T12:00:00,2019-09-22T12:00:00,24
val_088714_lead072,val,4,88711,88714,88726,2019-09-20T18:00:00,2019-09-21T12:00:00,2019-09-24T12:00:00,72
val_088725_lead006,val,4,88722,88725,88726,2019-09-23T12:00:00,2019-09-24T06:00:00,2019-09-24T12:00:00,6
val_088725_lead024,val,4,88722,88725,88729,2019-09-23T12:00:00,2019-09-24T06:00:00,2019-09-25T06:00:00,24
val_088725_lead072,val,4,88722,88725,88737,2019-09-23T12:00:00,2019-09-24T06:00:00,2019-09-27T06:00:00,72
val_088736_lead006,val,4,88733,88736,88737,2019-09-26T06:00:00,2019-09-27T00:00:00,2019-09-27T06:00:00,6
val_088736_lead024,val,4,88733,88736,88740,2019-09-26T06:00:00,2019-09-27T00:00:00,2019-09-28T00:00:00,24
val_088736_lead072,val,4,88733,88736,88748,2019-09-26T06:00:00,2019-09-27T00:00:00,2019-09-30T00:00:00,72
val_088748_lead006,val,4,88745,88748,88749,2019-09-29T06:00:00,2019-09-30T00:00:00,2019-09-30T06:00:00,6
val_088748_lead024,val,4,88745,88748,88752,2019-09-29T06:00:00,2019-09-30T00:00:00,2019-10-01T00:00:00,24
val_088748_lead072,val,4,88745,88748,88760,2019-09-29T06:00:00,2019-09-30T00:00:00,2019-10-03T00:00:00,72
val_088759_lead006,val,4,88756,88759,88760,2019-10-02T00:00:00,2019-10-02T18:00:00,2019-10-03T00:00:00,6
val_088759_lead024,val,4,88756,88759,88763,2019-10-02T00:00:00,2019-10-02T18:00:00,2019-10-03T18:00:00,24
val_088759_lead072,val,4,88756,88759,88771,2019-10-02T00:00:00,2019-10-02T18:00:00,2019-10-05T18:00:00,72
val_088770_lead006,val,4,88767,88770,88771,2019-10-04T18:00:00,2019-10-05T12:00:00,2019-10-05T18:00:00,6
val_088770_lead024,val,4,88767,88770,88774,2019-10-04T18:00:00,2019-10-05T12:00:00,2019-10-06T12:00:00,24
val_088770_lead072,val,4,88767,88770,88782,2019-10-04T18:00:00,2019-10-05T12:00:00,2019-10-08T12:00:00,72
val_088782_lead006,val,4,88779,88782,88783,2019-10-07T18:00:00,2019-10-08T12:00:00,2019-10-08T18:00:00,6
val_088782_lead024,val,4,88779,88782,88786,2019-10-07T18:00:00,2019-10-08T12:00:00,2019-10-09T12:00:00,24
val_088782_lead072,val,4,88779,88782,88794,2019-10-07T18:00:00,2019-10-08T12:00:00,2019-10-11T12:00:00,72
val_088793_lead006,val,4,88790,88793,88794,2019-10-10T12:00:00,2019-10-11T06:00:00,2019-10-11T12:00:00,6
val_088793_lead024,val,4,88790,88793,88797,2019-10-10T12:00:00,2019-10-11T06:00:00,2019-10-12T06:00:00,24
val_088793_lead072,val,4,88790,88793,88805,2019-10-10T12:00:00,2019-10-11T06:00:00,2019-10-14T06:00:00,72
val_088805_lead006,val,4,88802,88805,88806,2019-10-13T12:00:00,2019-10-14T06:00:00,2019-10-14T12:00:00,6
val_088805_lead024,val,4,88802,88805,88809,2019-10-13T12:00:00,2019-10-14T06:00:00,2019-10-15T06:00:00,24
val_088805_lead072,val,4,88802,88805,88817,2019-10-13T12:00:00,2019-10-14T06:00:00,2019-10-17T06:00:00,72
val_088816_lead006,val,4,88813,88816,88817,2019-10-16T06:00:00,2019-10-17T00:00:00,2019-10-17T06:00:00,6
val_088816_lead024,val,4,88813,88816,88820,2019-10-16T06:00:00,2019-10-17T00:00:00,2019-10-18T00:00:00,24
val_088816_lead072,val,4,88813,88816,88828,2019-10-16T06:00:00,2019-10-17T00:00:00,2019-10-20T00:00:00,72
val_088827_lead006,val,4,88824,88827,88828,2019-10-19T00:00:00,2019-10-19T18:00:00,2019-10-20T00:00:00,6
val_088827_lead024,val,4,88824,88827,88831,2019-10-19T00:00:00,2019-10-19T18:00:00,2019-10-20T18:00:00,24
val_088827_lead072,val,4,88824,88827,88839,2019-10-19T00:00:00,2019-10-19T18:00:00,2019-10-22T18:00:00,72
val_088839_lead006,val,4,88836,88839,88840,2019-10-22T00:00:00,2019-10-22T18:00:00,2019-10-23T00:00:00,6
val_088839_lead024,val,4,88836,88839,88843,2019-10-22T00:00:00,2019-10-22T18:00:00,2019-10-23T18:00:00,24
val_088839_lead072,val,4,88836,88839,88851,2019-10-22T00:00:00,2019-10-22T18:00:00,2019-10-25T18:00:00,72
val_088850_lead006,val,4,88847,88850,88851,2019-10-24T18:00:00,2019-10-25T12:00:00,2019-10-25T18:00:00,6
val_088850_lead024,val,4,88847,88850,88854,2019-10-24T18:00:00,2019-10-25T12:00:00,2019-10-26T12:00:00,24
val_088850_lead072,val,4,88847,88850,88862,2019-10-24T18:00:00,2019-10-25T12:00:00,2019-10-28T12:00:00,72
val_088861_lead006,val,4,88858,88861,88862,2019-10-27T12:00:00,2019-10-28T06:00:00,2019-10-28T12:00:00,6
val_088861_lead024,val,4,88858,88861,88865,2019-10-27T12:00:00,2019-10-28T06:00:00,2019-10-29T06:00:00,24
val_088861_lead072,val,4,88858,88861,88873,2019-10-27T12:00:00,2019-10-28T06:00:00,2019-10-31T06:00:00,72
val_088873_lead006,val,4,88870,88873,88874,2019-10-30T12:00:00,2019-10-31T06:00:00,2019-10-31T12:00:00,6
val_088873_lead024,val,4,88870,88873,88877,2019-10-30T12:00:00,2019-10-31T06:00:00,2019-11-01T06:00:00,24
val_088873_lead072,val,4,88870,88873,88885,2019-10-30T12:00:00,2019-10-31T06:00:00,2019-11-03T06:00:00,72
val_088884_lead006,val,4,88881,88884,88885,2019-11-02T06:00:00,2019-11-03T00:00:00,2019-11-03T06:00:00,6
val_088884_lead024,val,4,88881,88884,88888,2019-11-02T06:00:00,2019-11-03T00:00:00,2019-11-04T00:00:00,24
val_088884_lead072,val,4,88881,88884,88896,2019-11-02T06:00:00,2019-11-03T00:00:00,2019-11-06T00:00:00,72
val_088895_lead006,val,4,88892,88895,88896,2019-11-05T00:00:00,2019-11-05T18:00:00,2019-11-06T00:00:00,6
val_088895_lead024,val,4,88892,88895,88899,2019-11-05T00:00:00,2019-11-05T18:00:00,2019-11-06T18:00:00,24
val_088895_lead072,val,4,88892,88895,88907,2019-11-05T00:00:00,2019-11-05T18:00:00,2019-11-08T18:00:00,72
val_088907_lead006,val,4,88904,88907,88908,2019-11-08T00:00:00,2019-11-08T18:00:00,2019-11-09T00:00:00,6
val_088907_lead024,val,4,88904,88907,88911,2019-11-08T00:00:00,2019-11-08T18:00:00,2019-11-09T18:00:00,24
val_088907_lead072,val,4,88904,88907,88919,2019-11-08T00:00:00,2019-11-08T18:00:00,2019-11-11T18:00:00,72
val_088918_lead006,val,4,88915,88918,88919,2019-11-10T18:00:00,2019-11-11T12:00:00,2019-11-11T18:00:00,6
val_088918_lead024,val,4,88915,88918,88922,2019-11-10T18:00:00,2019-11-11T12:00:00,2019-11-12T12:00:00,24
val_088918_lead072,val,4,88915,88918,88930,2019-11-10T18:00:00,2019-11-11T12:00:00,2019-11-14T12:00:00,72
val_088930_lead006,val,4,88927,88930,88931,2019-11-13T18:00:00,2019-11-14T12:00:00,2019-11-14T18:00:00,6
val_088930_lead024,val,4,88927,88930,88934,2019-11-13T18:00:00,2019-11-14T12:00:00,2019-11-15T12:00:00,24
val_088930_lead072,val,4,88927,88930,88942,2019-11-13T18:00:00,2019-11-14T12:00:00,2019-11-17T12:00:00,72
val_088941_lead006,val,4,88938,88941,88942,2019-11-16T12:00:00,2019-11-17T06:00:00,2019-11-17T12:00:00,6
val_088941_lead024,val,4,88938,88941,88945,2019-11-16T12:00:00,2019-11-17T06:00:00,2019-11-18T06:00:00,24
val_088941_lead072,val,4,88938,88941,88953,2019-11-16T12:00:00,2019-11-17T06:00:00,2019-11-20T06:00:00,72
val_088952_lead006,val,4,88949,88952,88953,2019-11-19T06:00:00,2019-11-20T00:00:00,2019-11-20T06:00:00,6
val_088952_lead024,val,4,88949,88952,88956,2019-11-19T06:00:00,2019-11-20T00:00:00,2019-11-21T00:00:00,24
val_088952_lead072,val,4,88949,88952,88964,2019-11-19T06:00:00,2019-11-20T00:00:00,2019-11-23T00:00:00,72
val_088964_lead006,val,4,88961,88964,88965,2019-11-22T06:00:00,2019-11-23T00:00:00,2019-11-23T06:00:00,6
val_088964_lead024,val,4,88961,88964,88968,2019-11-22T06:00:00,2019-11-23T00:00:00,2019-11-24T00:00:00,24
val_088964_lead072,val,4,88961,88964,88976,2019-11-22T06:00:00,2019-11-23T00:00:00,2019-11-26T00:00:00,72
val_088975_lead006,val,4,88972,88975,88976,2019-11-25T00:00:00,2019-11-25T18:00:00,2019-11-26T00:00:00,6
val_088975_lead024,val,4,88972,88975,88979,2019-11-25T00:00:00,2019-11-25T18:00:00,2019-11-26T18:00:00,24
val_088975_lead072,val,4,88972,88975,88987,2019-11-25T00:00:00,2019-11-25T18:00:00,2019-11-28T18:00:00,72
val_088986_lead006,val,4,88983,88986,88987,2019-11-27T18:00:00,2019-11-28T12:00:00,2019-11-28T18:00:00,6
val_088986_lead024,val,4,88983,88986,88990,2019-11-27T18:00:00,2019-11-28T12:00:00,2019-11-29T12:00:00,24
val_088986_lead072,val,4,88983,88986,88998,2019-11-27T18:00:00,2019-11-28T12:00:00,2019-12-01T12:00:00,72
val_088998_lead006,val,4,88995,88998,88999,2019-11-30T18:00:00,2019-12-01T12:00:00,2019-12-01T18:00:00,6
val_088998_lead024,val,4,88995,88998,89002,2019-11-30T18:00:00,2019-12-01T12:00:00,2019-12-02T12:00:00,24
val_088998_lead072,val,4,88995,88998,89010,2019-11-30T18:00:00,2019-12-01T12:00:00,2019-12-04T12:00:00,72
val_089009_lead006,val,4,89006,89009,89010,2019-12-03T12:00:00,2019-12-04T06:00:00,2019-12-04T12:00:00,6
val_089009_lead024,val,4,89006,89009,89013,2019-12-03T12:00:00,2019-12-04T06:00:00,2019-12-05T06:00:00,24
val_089009_lead072,val,4,89006,89009,89021,2019-12-03T12:00:00,2019-12-04T06:00:00,2019-12-07T06:00:00,72
val_089020_lead006,val,4,89017,89020,89021,2019-12-06T06:00:00,2019-12-07T00:00:00,2019-12-07T06:00:00,6
val_089020_lead024,val,4,89017,89020,89024,2019-12-06T06:00:00,2019-12-07T00:00:00,2019-12-08T00:00:00,24
val_089020_lead072,val,4,89017,89020,89032,2019-12-06T06:00:00,2019-12-07T00:00:00,2019-12-10T00:00:00,72
val_089032_lead006,val,4,89029,89032,89033,2019-12-09T06:00:00,2019-12-10T00:00:00,2019-12-10T06:00:00,6
val_089032_lead024,val,4,89029,89032,89036,2019-12-09T06:00:00,2019-12-10T00:00:00,2019-12-11T00:00:00,24
val_089032_lead072,val,4,89029,89032,89044,2019-12-09T06:00:00,2019-12-10T00:00:00,2019-12-13T00:00:00,72
val_089043_lead006,val,4,89040,89043,89044,2019-12-12T00:00:00,2019-12-12T18:00:00,2019-12-13T00:00:00,6
val_089043_lead024,val,4,89040,89043,89047,2019-12-12T00:00:00,2019-12-12T18:00:00,2019-12-13T18:00:00,24
val_089043_lead072,val,4,89040,89043,89055,2019-12-12T00:00:00,2019-12-12T18:00:00,2019-12-15T18:00:00,72
val_089055_lead006,val,4,89052,89055,89056,2019-12-15T00:00:00,2019-12-15T18:00:00,2019-12-16T00:00:00,6
val_089055_lead024,val,4,89052,89055,89059,2019-12-15T00:00:00,2019-12-15T18:00:00,2019-12-16T18:00:00,24
val_089055_lead072,val,4,89052,89055,89067,2019-12-15T00:00:00,2019-12-15T18:00:00,2019-12-18T18:00:00,72
val_089066_lead006,val,4,89063,89066,89067,2019-12-17T18:00:00,2019-12-18T12:00:00,2019-12-18T18:00:00,6
val_089066_lead024,val,4,89063,89066,89070,2019-12-17T18:00:00,2019-12-18T12:00:00,2019-12-19T12:00:00,24
val_089066_lead072,val,4,89063,89066,89078,2019-12-17T18:00:00,2019-12-18T12:00:00,2019-12-21T12:00:00,72
val_089077_lead006,val,4,89074,89077,89078,2019-12-20T12:00:00,2019-12-21T06:00:00,2019-12-21T12:00:00,6
val_089077_lead024,val,4,89074,89077,89081,2019-12-20T12:00:00,2019-12-21T06:00:00,2019-12-22T06:00:00,24
val_089077_lead072,val,4,89074,89077,89089,2019-12-20T12:00:00,2019-12-21T06:00:00,2019-12-24T06:00:00,72
val_089089_lead006,val,4,89086,89089,89090,2019-12-23T12:00:00,2019-12-24T06:00:00,2019-12-24T12:00:00,6
val_089089_lead024,val,4,89086,89089,89093,2019-12-23T12:00:00,2019-12-24T06:00:00,2019-12-25T06:00:00,24
val_089089_lead072,val,4,89086,89089,89101,2019-12-23T12:00:00,2019-12-24T06:00:00,2019-12-27T06:00:00,72
val_089100_lead006,val,4,89097,89100,89101,2019-12-26T06:00:00,2019-12-27T00:00:00,2019-12-27T06:00:00,6
val_089100_lead024,val,4,89097,89100,89104,2019-12-26T06:00:00,2019-12-27T00:00:00,2019-12-28T00:00:00,24
val_089100_lead072,val,4,89097,89100,89112,2019-12-26T06:00:00,2019-12-27T00:00:00,2019-12-30T00:00:00,72
val_089111_lead006,val,4,89108,89111,89112,2019-12-29T00:00:00,2019-12-29T18:00:00,2019-12-30T00:00:00,6
val_089111_lead024,val,4,89108,89111,89115,2019-12-29T00:00:00,2019-12-29T18:00:00,2019-12-30T18:00:00,24
val_089111_lead072,val,4,89108,89111,89123,2019-12-29T00:00:00,2019-12-29T18:00:00,2020-01-01T18:00:00,72
val_089123_lead006,val,4,89120,89123,89124,2020-01-01T00:00:00,2020-01-01T18:00:00,2020-01-02T00:00:00,6
val_089123_lead024,val,4,89120,89123,89127,2020-01-01T00:00:00,2020-01-01T18:00:00,2020-01-02T18:00:00,24
val_089123_lead072,val,4,89120,89123,89135,2020-01-01T00:00:00,2020-01-01T18:00:00,2020-01-04T18:00:00,72
val_089134_lead006,val,4,89131,89134,89135,2020-01-03T18:00:00,2020-01-04T12:00:00,2020-01-04T18:00:00,6
val_089134_lead024,val,4,89131,89134,89138,2020-01-03T18:00:00,2020-01-04T12:00:00,2020-01-05T12:00:00,24
val_089134_lead072,val,4,89131,89134,89146,2020-01-03T18:00:00,2020-01-04T12:00:00,2020-01-07T12:00:00,72
val_089145_lead006,val,4,89142,89145,89146,2020-01-06T12:00:00,2020-01-07T06:00:00,2020-01-07T12:00:00,6
val_089145_lead024,val,4,89142,89145,89149,2020-01-06T12:00:00,2020-01-07T06:00:00,2020-01-08T06:00:00,24
val_089145_lead072,val,4,89142,89145,89157,2020-01-06T12:00:00,2020-01-07T06:00:00,2020-01-10T06:00:00,72
val_089157_lead006,val,4,89154,89157,89158,2020-01-09T12:00:00,2020-01-10T06:00:00,2020-01-10T12:00:00,6
val_089157_lead024,val,4,89154,89157,89161,2020-01-09T12:00:00,2020-01-10T06:00:00,2020-01-11T06:00:00,24
val_089157_lead072,val,4,89154,89157,89169,2020-01-09T12:00:00,2020-01-10T06:00:00,2020-01-13T06:00:00,72
val_089168_lead006,val,4,89165,89168,89169,2020-01-12T06:00:00,2020-01-13T00:00:00,2020-01-13T06:00:00,6
val_089168_lead024,val,4,89165,89168,89172,2020-01-12T06:00:00,2020-01-13T00:00:00,2020-01-14T00:00:00,24
val_089168_lead072,val,4,89165,89168,89180,2020-01-12T06:00:00,2020-01-13T00:00:00,2020-01-16T00:00:00,72
val_089179_lead006,val,4,89176,89179,89180,2020-01-15T00:00:00,2020-01-15T18:00:00,2020-01-16T00:00:00,6
val_089179_lead024,val,4,89176,89179,89183,2020-01-15T00:00:00,2020-01-15T18:00:00,2020-01-16T18:00:00,24
val_089179_lead072,val,4,89176,89179,89191,2020-01-15T00:00:00,2020-01-15T18:00:00,2020-01-18T18:00:00,72
val_089191_lead006,val,4,89188,89191,89192,2020-01-18T00:00:00,2020-01-18T18:00:00,2020-01-19T00:00:00,6
val_089191_lead024,val,4,89188,89191,89195,2020-01-18T00:00:00,2020-01-18T18:00:00,2020-01-19T18:00:00,24
val_089191_lead072,val,4,89188,89191,89203,2020-01-18T00:00:00,2020-01-18T18:00:00,2020-01-21T18:00:00,72
val_089202_lead006,val,4,89199,89202,89203,2020-01-20T18:00:00,2020-01-21T12:00:00,2020-01-21T18:00:00,6
val_089202_lead024,val,4,89199,89202,89206,2020-01-20T18:00:00,2020-01-21T12:00:00,2020-01-22T12:00:00,24
val_089202_lead072,val,4,89199,89202,89214,2020-01-20T18:00:00,2020-01-21T12:00:00,2020-01-24T12:00:00,72
val_089214_lead006,val,4,89211,89214,89215,2020-01-23T18:00:00,2020-01-24T12:00:00,2020-01-24T18:00:00,6
val_089214_lead024,val,4,89211,89214,89218,2020-01-23T18:00:00,2020-01-24T12:00:00,2020-01-25T12:00:00,24
val_089214_lead072,val,4,89211,89214,89226,2020-01-23T18:00:00,2020-01-24T12:00:00,2020-01-27T12:00:00,72
val_089225_lead006,val,4,89222,89225,89226,2020-01-26T12:00:00,2020-01-27T06:00:00,2020-01-27T12:00:00,6
val_089225_lead024,val,4,89222,89225,89229,2020-01-26T12:00:00,2020-01-27T06:00:00,2020-01-28T06:00:00,24
val_089225_lead072,val,4,89222,89225,89237,2020-01-26T12:00:00,2020-01-27T06:00:00,2020-01-30T06:00:00,72
val_089236_lead006,val,4,89233,89236,89237,2020-01-29T06:00:00,2020-01-30T00:00:00,2020-01-30T06:00:00,6
val_089236_lead024,val,4,89233,89236,89240,2020-01-29T06:00:00,2020-01-30T00:00:00,2020-01-31T00:00:00,24
val_089236_lead072,val,4,89233,89236,89248,2020-01-29T06:00:00,2020-01-30T00:00:00,2020-02-02T00:00:00,72
val_089248_lead006,val,4,89245,89248,89249,2020-02-01T06:00:00,2020-02-02T00:00:00,2020-02-02T06:00:00,6
val_089248_lead024,val,4,89245,89248,89252,2020-02-01T06:00:00,2020-02-02T00:00:00,2020-02-03T00:00:00,24
val_089248_lead072,val,4,89245,89248,89260,2020-02-01T06:00:00,2020-02-02T00:00:00,2020-02-05T00:00:00,72
val_089259_lead006,val,4,89256,89259,89260,2020-02-04T00:00:00,2020-02-04T18:00:00,2020-02-05T00:00:00,6
val_089259_lead024,val,4,89256,89259,89263,2020-02-04T00:00:00,2020-02-04T18:00:00,2020-02-05T18:00:00,24
val_089259_lead072,val,4,89256,89259,89271,2020-02-04T00:00:00,2020-02-04T18:00:00,2020-02-07T18:00:00,72
val_089270_lead006,val,4,89267,89270,89271,2020-02-06T18:00:00,2020-02-07T12:00:00,2020-02-07T18:00:00,6
val_089270_lead024,val,4,89267,89270,89274,2020-02-06T18:00:00,2020-02-07T12:00:00,2020-02-08T12:00:00,24
val_089270_lead072,val,4,89267,89270,89282,2020-02-06T18:00:00,2020-02-07T12:00:00,2020-02-10T12:00:00,72
val_089282_lead006,val,4,89279,89282,89283,2020-02-09T18:00:00,2020-02-10T12:00:00,2020-02-10T18:00:00,6
val_089282_lead024,val,4,89279,89282,89286,2020-02-09T18:00:00,2020-02-10T12:00:00,2020-02-11T12:00:00,24
val_089282_lead072,val,4,89279,89282,89294,2020-02-09T18:00:00,2020-02-10T12:00:00,2020-02-13T12:00:00,72
val_089293_lead006,val,4,89290,89293,89294,2020-02-12T12:00:00,2020-02-13T06:00:00,2020-02-13T12:00:00,6
val_089293_lead024,val,4,89290,89293,89297,2020-02-12T12:00:00,2020-02-13T06:00:00,2020-02-14T06:00:00,24
val_089293_lead072,val,4,89290,89293,89305,2020-02-12T12:00:00,2020-02-13T06:00:00,2020-02-16T06:00:00,72
val_089304_lead006,val,4,89301,89304,89305,2020-02-15T06:00:00,2020-02-16T00:00:00,2020-02-16T06:00:00,6
val_089304_lead024,val,4,89301,89304,89308,2020-02-15T06:00:00,2020-02-16T00:00:00,2020-02-17T00:00:00,24
val_089304_lead072,val,4,89301,89304,89316,2020-02-15T06:00:00,2020-02-16T00:00:00,2020-02-19T00:00:00,72
val_089316_lead006,val,4,89313,89316,89317,2020-02-18T06:00:00,2020-02-19T00:00:00,2020-02-19T06:00:00,6
val_089316_lead024,val,4,89313,89316,89320,2020-02-18T06:00:00,2020-02-19T00:00:00,2020-02-20T00:00:00,24
val_089316_lead072,val,4,89313,89316,89328,2020-02-18T06:00:00,2020-02-19T00:00:00,2020-02-22T00:00:00,72
val_089327_lead006,val,4,89324,89327,89328,2020-02-21T00:00:00,2020-02-21T18:00:00,2020-02-22T00:00:00,6
val_089327_lead024,val,4,89324,89327,89331,2020-02-21T00:00:00,2020-02-21T18:00:00,2020-02-22T18:00:00,24
val_089327_lead072,val,4,89324,89327,89339,2020-02-21T00:00:00,2020-02-21T18:00:00,2020-02-24T18:00:00,72
val_089339_lead006,val,4,89336,89339,89340,2020-02-24T00:00:00,2020-02-24T18:00:00,2020-02-25T00:00:00,6
val_089339_lead024,val,4,89336,89339,89343,2020-02-24T00:00:00,2020-02-24T18:00:00,2020-02-25T18:00:00,24
val_089339_lead072,val,4,89336,89339,89351,2020-02-24T00:00:00,2020-02-24T18:00:00,2020-02-27T18:00:00,72
val_089350_lead006,val,4,89347,89350,89351,2020-02-26T18:00:00,2020-02-27T12:00:00,2020-02-27T18:00:00,6
val_089350_lead024,val,4,89347,89350,89354,2020-02-26T18:00:00,2020-02-27T12:00:00,2020-02-28T12:00:00,24
val_089350_lead072,val,4,89347,89350,89362,2020-02-26T18:00:00,2020-02-27T12:00:00,2020-03-01T12:00:00,72
val_089361_lead006,val,4,89358,89361,89362,2020-02-29T12:00:00,2020-03-01T06:00:00,2020-03-01T12:00:00,6
val_089361_lead024,val,4,89358,89361,89365,2020-02-29T12:00:00,2020-03-01T06:00:00,2020-03-02T06:00:00,24
val_089361_lead072,val,4,89358,89361,89373,2020-02-29T12:00:00,2020-03-01T06:00:00,2020-03-04T06:00:00,72
val_089373_lead006,val,4,89370,89373,89374,2020-03-03T12:00:00,2020-03-04T06:00:00,2020-03-04T12:00:00,6
val_089373_lead024,val,4,89370,89373,89377,2020-03-03T12:00:00,2020-03-04T06:00:00,2020-03-05T06:00:00,24
val_089373_lead072,val,4,89370,89373,89385,2020-03-03T12:00:00,2020-03-04T06:00:00,2020-03-07T06:00:00,72
val_089384_lead006,val,4,89381,89384,89385,2020-03-06T06:00:00,2020-03-07T00:00:00,2020-03-07T06:00:00,6
val_089384_lead024,val,4,89381,89384,89388,2020-03-06T06:00:00,2020-03-07T00:00:00,2020-03-08T00:00:00,24
val_089384_lead072,val,4,89381,89384,89396,2020-03-06T06:00:00,2020-03-07T00:00:00,2020-03-10T00:00:00,72
val_089395_lead006,val,4,89392,89395,89396,2020-03-09T00:00:00,2020-03-09T18:00:00,2020-03-10T00:00:00,6
val_089395_lead024,val,4,89392,89395,89399,2020-03-09T00:00:00,2020-03-09T18:00:00,2020-03-10T18:00:00,24
val_089395_lead072,val,4,89392,89395,89407,2020-03-09T00:00:00,2020-03-09T18:00:00,2020-03-12T18:00:00,72
val_089407_lead006,val,4,89404,89407,89408,2020-03-12T00:00:00,2020-03-12T18:00:00,2020-03-13T00:00:00,6
val_089407_lead024,val,4,89404,89407,89411,2020-03-12T00:00:00,2020-03-12T18:00:00,2020-03-13T18:00:00,24
val_089407_lead072,val,4,89404,89407,89419,2020-03-12T00:00:00,2020-03-12T18:00:00,2020-03-15T18:00:00,72
val_089418_lead006,val,4,89415,89418,89419,2020-03-14T18:00:00,2020-03-15T12:00:00,2020-03-15T18:00:00,6
val_089418_lead024,val,4,89415,89418,89422,2020-03-14T18:00:00,2020-03-15T12:00:00,2020-03-16T12:00:00,24
val_089418_lead072,val,4,89415,89418,89430,2020-03-14T18:00:00,2020-03-15T12:00:00,2020-03-18T12:00:00,72
val_089429_lead006,val,4,89426,89429,89430,2020-03-17T12:00:00,2020-03-18T06:00:00,2020-03-18T12:00:00,6
val_089429_lead024,val,4,89426,89429,89433,2020-03-17T12:00:00,2020-03-18T06:00:00,2020-03-19T06:00:00,24
val_089429_lead072,val,4,89426,89429,89441,2020-03-17T12:00:00,2020-03-18T06:00:00,2020-03-21T06:00:00,72
val_089441_lead006,val,4,89438,89441,89442,2020-03-20T12:00:00,2020-03-21T06:00:00,2020-03-21T12:00:00,6
val_089441_lead024,val,4,89438,89441,89445,2020-03-20T12:00:00,2020-03-21T06:00:00,2020-03-22T06:00:00,24
val_089441_lead072,val,4,89438,89441,89453,2020-03-20T12:00:00,2020-03-21T06:00:00,2020-03-24T06:00:00,72
val_089452_lead006,val,4,89449,89452,89453,2020-03-23T06:00:00,2020-03-24T00:00:00,2020-03-24T06:00:00,6
val_089452_lead024,val,4,89449,89452,89456,2020-03-23T06:00:00,2020-03-24T00:00:00,2020-03-25T00:00:00,24
val_089452_lead072,val,4,89449,89452,89464,2020-03-23T06:00:00,2020-03-24T00:00:00,2020-03-27T00:00:00,72
val_089464_lead006,val,4,89461,89464,89465,2020-03-26T06:00:00,2020-03-27T00:00:00,2020-03-27T06:00:00,6
val_089464_lead024,val,4,89461,89464,89468,2020-03-26T06:00:00,2020-03-27T00:00:00,2020-03-28T00:00:00,24
val_089464_lead072,val,4,89461,89464,89476,2020-03-26T06:00:00,2020-03-27T00:00:00,2020-03-30T00:00:00,72
val_089475_lead006,val,4,89472,89475,89476,2020-03-29T00:00:00,2020-03-29T18:00:00,2020-03-30T00:00:00,6
val_089475_lead024,val,4,89472,89475,89479,2020-03-29T00:00:00,2020-03-29T18:00:00,2020-03-30T18:00:00,24
val_089475_lead072,val,4,89472,89475,89487,2020-03-29T00:00:00,2020-03-29T18:00:00,2020-04-01T18:00:00,72
val_089486_lead006,val,4,89483,89486,89487,2020-03-31T18:00:00,2020-04-01T12:00:00,2020-04-01T18:00:00,6
val_089486_lead024,val,4,89483,89486,89490,2020-03-31T18:00:00,2020-04-01T12:00:00,2020-04-02T12:00:00,24
val_089486_lead072,val,4,89483,89486,89498,2020-03-31T18:00:00,2020-04-01T12:00:00,2020-04-04T12:00:00,72
val_089498_lead006,val,4,89495,89498,89499,2020-04-03T18:00:00,2020-04-04T12:00:00,2020-04-04T18:00:00,6
val_089498_lead024,val,4,89495,89498,89502,2020-04-03T18:00:00,2020-04-04T12:00:00,2020-04-05T12:00:00,24
val_089498_lead072,val,4,89495,89498,89510,2020-04-03T18:00:00,2020-04-04T12:00:00,2020-04-07T12:00:00,72
val_089509_lead006,val,4,89506,89509,89510,2020-04-06T12:00:00,2020-04-07T06:00:00,2020-04-07T12:00:00,6
val_089509_lead024,val,4,89506,89509,89513,2020-04-06T12:00:00,2020-04-07T06:00:00,2020-04-08T06:00:00,24
val_089509_lead072,val,4,89506,89509,89521,2020-04-06T12:00:00,2020-04-07T06:00:00,2020-04-10T06:00:00,72
val_089520_lead006,val,4,89517,89520,89521,2020-04-09T06:00:00,2020-04-10T00:00:00,2020-04-10T06:00:00,6
val_089520_lead024,val,4,89517,89520,89524,2020-04-09T06:00:00,2020-04-10T00:00:00,2020-04-11T00:00:00,24
val_089520_lead072,val,4,89517,89520,89532,2020-04-09T06:00:00,2020-04-10T00:00:00,2020-04-13T00:00:00,72
val_089532_lead006,val,4,89529,89532,89533,2020-04-12T06:00:00,2020-04-13T00:00:00,2020-04-13T06:00:00,6
val_089532_lead024,val,4,89529,89532,89536,2020-04-12T06:00:00,2020-04-13T00:00:00,2020-04-14T00:00:00,24
val_089532_lead072,val,4,89529,89532,89544,2020-04-12T06:00:00,2020-04-13T00:00:00,2020-04-16T00:00:00,72
val_089543_lead006,val,4,89540,89543,89544,2020-04-15T00:00:00,2020-04-15T18:00:00,2020-04-16T00:00:00,6
val_089543_lead024,val,4,89540,89543,89547,2020-04-15T00:00:00,2020-04-15T18:00:00,2020-04-16T18:00:00,24
val_089543_lead072,val,4,89540,89543,89555,2020-04-15T00:00:00,2020-04-15T18:00:00,2020-04-18T18:00:00,72
val_089554_lead006,val,4,89551,89554,89555,2020-04-17T18:00:00,2020-04-18T12:00:00,2020-04-18T18:00:00,6
val_089554_lead024,val,4,89551,89554,89558,2020-04-17T18:00:00,2020-04-18T12:00:00,2020-04-19T12:00:00,24
val_089554_lead072,val,4,89551,89554,89566,2020-04-17T18:00:00,2020-04-18T12:00:00,2020-04-21T12:00:00,72
val_089566_lead006,val,4,89563,89566,89567,2020-04-20T18:00:00,2020-04-21T12:00:00,2020-04-21T18:00:00,6
val_089566_lead024,val,4,89563,89566,89570,2020-04-20T18:00:00,2020-04-21T12:00:00,2020-04-22T12:00:00,24
val_089566_lead072,val,4,89563,89566,89578,2020-04-20T18:00:00,2020-04-21T12:00:00,2020-04-24T12:00:00,72
val_089577_lead006,val,4,89574,89577,89578,2020-04-23T12:00:00,2020-04-24T06:00:00,2020-04-24T12:00:00,6
val_089577_lead024,val,4,89574,89577,89581,2020-04-23T12:00:00,2020-04-24T06:00:00,2020-04-25T06:00:00,24
val_089577_lead072,val,4,89574,89577,89589,2020-04-23T12:00:00,2020-04-24T06:00:00,2020-04-27T06:00:00,72
val_089589_lead006,val,4,89586,89589,89590,2020-04-26T12:00:00,2020-04-27T06:00:00,2020-04-27T12:00:00,6
val_089589_lead024,val,4,89586,89589,89593,2020-04-26T12:00:00,2020-04-27T06:00:00,2020-04-28T06:00:00,24
val_089589_lead072,val,4,89586,89589,89601,2020-04-26T12:00:00,2020-04-27T06:00:00,2020-04-30T06:00:00,72
val_089600_lead006,val,4,89597,89600,89601,2020-04-29T06:00:00,2020-04-30T00:00:00,2020-04-30T06:00:00,6
val_089600_lead024,val,4,89597,89600,89604,2020-04-29T06:00:00,2020-04-30T00:00:00,2020-05-01T00:00:00,24
val_089600_lead072,val,4,89597,89600,89612,2020-04-29T06:00:00,2020-04-30T00:00:00,2020-05-03T00:00:00,72
val_089611_lead006,val,4,89608,89611,89612,2020-05-02T00:00:00,2020-05-02T18:00:00,2020-05-03T00:00:00,6
val_089611_lead024,val,4,89608,89611,89615,2020-05-02T00:00:00,2020-05-02T18:00:00,2020-05-03T18:00:00,24
val_089611_lead072,val,4,89608,89611,89623,2020-05-02T00:00:00,2020-05-02T18:00:00,2020-05-05T18:00:00,72
val_089623_lead006,val,4,89620,89623,89624,2020-05-05T00:00:00,2020-05-05T18:00:00,2020-05-06T00:00:00,6
val_089623_lead024,val,4,89620,89623,89627,2020-05-05T00:00:00,2020-05-05T18:00:00,2020-05-06T18:00:00,24
val_089623_lead072,val,4,89620,89623,89635,2020-05-05T00:00:00,2020-05-05T18:00:00,2020-05-08T18:00:00,72
val_089634_lead006,val,4,89631,89634,89635,2020-05-07T18:00:00,2020-05-08T12:00:00,2020-05-08T18:00:00,6
val_089634_lead024,val,4,89631,89634,89638,2020-05-07T18:00:00,2020-05-08T12:00:00,2020-05-09T12:00:00,24
val_089634_lead072,val,4,89631,89634,89646,2020-05-07T18:00:00,2020-05-08T12:00:00,2020-05-11T12:00:00,72
val_089645_lead006,val,4,89642,89645,89646,2020-05-10T12:00:00,2020-05-11T06:00:00,2020-05-11T12:00:00,6
val_089645_lead024,val,4,89642,89645,89649,2020-05-10T12:00:00,2020-05-11T06:00:00,2020-05-12T06:00:00,24
val_089645_lead072,val,4,89642,89645,89657,2020-05-10T12:00:00,2020-05-11T06:00:00,2020-05-14T06:00:00,72
val_089657_lead006,val,4,89654,89657,89658,2020-05-13T12:00:00,2020-05-14T06:00:00,2020-05-14T12:00:00,6
val_089657_lead024,val,4,89654,89657,89661,2020-05-13T12:00:00,2020-05-14T06:00:00,2020-05-15T06:00:00,24
val_089657_lead072,val,4,89654,89657,89669,2020-05-13T12:00:00,2020-05-14T06:00:00,2020-05-17T06:00:00,72
val_089668_lead006,val,4,89665,89668,89669,2020-05-16T06:00:00,2020-05-17T00:00:00,2020-05-17T06:00:00,6
val_089668_lead024,val,4,89665,89668,89672,2020-05-16T06:00:00,2020-05-17T00:00:00,2020-05-18T00:00:00,24
val_089668_lead072,val,4,89665,89668,89680,2020-05-16T06:00:00,2020-05-17T00:00:00,2020-05-20T00:00:00,72
val_089679_lead006,val,4,89676,89679,89680,2020-05-19T00:00:00,2020-05-19T18:00:00,2020-05-20T00:00:00,6
val_089679_lead024,val,4,89676,89679,89683,2020-05-19T00:00:00,2020-05-19T18:00:00,2020-05-20T18:00:00,24
val_089679_lead072,val,4,89676,89679,89691,2020-05-19T00:00:00,2020-05-19T18:00:00,2020-05-22T18:00:00,72
val_089691_lead006,val,4,89688,89691,89692,2020-05-22T00:00:00,2020-05-22T18:00:00,2020-05-23T00:00:00,6
val_089691_lead024,val,4,89688,89691,89695,2020-05-22T00:00:00,2020-05-22T18:00:00,2020-05-23T18:00:00,24
val_089691_lead072,val,4,89688,89691,89703,2020-05-22T00:00:00,2020-05-22T18:00:00,2020-05-25T18:00:00,72
val_089702_lead006,val,4,89699,89702,89703,2020-05-24T18:00:00,2020-05-25T12:00:00,2020-05-25T18:00:00,6
val_089702_lead024,val,4,89699,89702,89706,2020-05-24T18:00:00,2020-05-25T12:00:00,2020-05-26T12:00:00,24
val_089702_lead072,val,4,89699,89702,89714,2020-05-24T18:00:00,2020-05-25T12:00:00,2020-05-28T12:00:00,72
val_089714_lead006,val,4,89711,89714,89715,2020-05-27T18:00:00,2020-05-28T12:00:00,2020-05-28T18:00:00,6
val_089714_lead024,val,4,89711,89714,89718,2020-05-27T18:00:00,2020-05-28T12:00:00,2020-05-29T12:00:00,24
val_089714_lead072,val,4,89711,89714,89726,2020-05-27T18:00:00,2020-05-28T12:00:00,2020-05-31T12:00:00,72
val_089725_lead006,val,4,89722,89725,89726,2020-05-30T12:00:00,2020-05-31T06:00:00,2020-05-31T12:00:00,6
val_089725_lead024,val,4,89722,89725,89729,2020-05-30T12:00:00,2020-05-31T06:00:00,2020-06-01T06:00:00,24
val_089725_lead072,val,4,89722,89725,89737,2020-05-30T12:00:00,2020-05-31T06:00:00,2020-06-03T06:00:00,72
val_089736_lead006,val,4,89733,89736,89737,2020-06-02T06:00:00,2020-06-03T00:00:00,2020-06-03T06:00:00,6
val_089736_lead024,val,4,89733,89736,89740,2020-06-02T06:00:00,2020-06-03T00:00:00,2020-06-04T00:00:00,24
val_089736_lead072,val,4,89733,89736,89748,2020-06-02T06:00:00,2020-06-03T00:00:00,2020-06-06T00:00:00,72
val_089748_lead006,val,4,89745,89748,89749,2020-06-05T06:00:00,2020-06-06T00:00:00,2020-06-06T06:00:00,6
val_089748_lead024,val,4,89745,89748,89752,2020-06-05T06:00:00,2020-06-06T00:00:00,2020-06-07T00:00:00,24
val_089748_lead072,val,4,89745,89748,89760,2020-06-05T06:00:00,2020-06-06T00:00:00,2020-06-09T00:00:00,72
val_089759_lead006,val,4,89756,89759,89760,2020-06-08T00:00:00,2020-06-08T18:00:00,2020-06-09T00:00:00,6
val_089759_lead024,val,4,89756,89759,89763,2020-06-08T00:00:00,2020-06-08T18:00:00,2020-06-09T18:00:00,24
val_089759_lead072,val,4,89756,89759,89771,2020-06-08T00:00:00,2020-06-08T18:00:00,2020-06-11T18:00:00,72
val_089770_lead006,val,4,89767,89770,89771,2020-06-10T18:00:00,2020-06-11T12:00:00,2020-06-11T18:00:00,6
val_089770_lead024,val,4,89767,89770,89774,2020-06-10T18:00:00,2020-06-11T12:00:00,2020-06-12T12:00:00,24
val_089770_lead072,val,4,89767,89770,89782,2020-06-10T18:00:00,2020-06-11T12:00:00,2020-06-14T12:00:00,72
val_089782_lead006,val,4,89779,89782,89783,2020-06-13T18:00:00,2020-06-14T12:00:00,2020-06-14T18:00:00,6
val_089782_lead024,val,4,89779,89782,89786,2020-06-13T18:00:00,2020-06-14T12:00:00,2020-06-15T12:00:00,24
val_089782_lead072,val,4,89779,89782,89794,2020-06-13T18:00:00,2020-06-14T12:00:00,2020-06-17T12:00:00,72
val_089793_lead006,val,4,89790,89793,89794,2020-06-16T12:00:00,2020-06-17T06:00:00,2020-06-17T12:00:00,6
val_089793_lead024,val,4,89790,89793,89797,2020-06-16T12:00:00,2020-06-17T06:00:00,2020-06-18T06:00:00,24
val_089793_lead072,val,4,89790,89793,89805,2020-06-16T12:00:00,2020-06-17T06:00:00,2020-06-20T06:00:00,72
val_089804_lead006,val,4,89801,89804,89805,2020-06-19T06:00:00,2020-06-20T00:00:00,2020-06-20T06:00:00,6
val_089804_lead024,val,4,89801,89804,89808,2020-06-19T06:00:00,2020-06-20T00:00:00,2020-06-21T00:00:00,24
val_089804_lead072,val,4,89801,89804,89816,2020-06-19T06:00:00,2020-06-20T00:00:00,2020-06-23T00:00:00,72
val_089816_lead006,val,4,89813,89816,89817,2020-06-22T06:00:00,2020-06-23T00:00:00,2020-06-23T06:00:00,6
val_089816_lead024,val,4,89813,89816,89820,2020-06-22T06:00:00,2020-06-23T00:00:00,2020-06-24T00:00:00,24
val_089816_lead072,val,4,89813,89816,89828,2020-06-22T06:00:00,2020-06-23T00:00:00,2020-06-26T00:00:00,72
val_089827_lead006,val,4,89824,89827,89828,2020-06-25T00:00:00,2020-06-25T18:00:00,2020-06-26T00:00:00,6
val_089827_lead024,val,4,89824,89827,89831,2020-06-25T00:00:00,2020-06-25T18:00:00,2020-06-26T18:00:00,24
val_089827_lead072,val,4,89824,89827,89839,2020-06-25T00:00:00,2020-06-25T18:00:00,2020-06-28T18:00:00,72
val_089839_lead006,val,4,89836,89839,89840,2020-06-28T00:00:00,2020-06-28T18:00:00,2020-06-29T00:00:00,6
val_089839_lead024,val,4,89836,89839,89843,2020-06-28T00:00:00,2020-06-28T18:00:00,2020-06-29T18:00:00,24
val_089839_lead072,val,4,89836,89839,89851,2020-06-28T00:00:00,2020-06-28T18:00:00,2020-07-01T18:00:00,72
val_089850_lead006,val,4,89847,89850,89851,2020-06-30T18:00:00,2020-07-01T12:00:00,2020-07-01T18:00:00,6
val_089850_lead024,val,4,89847,89850,89854,2020-06-30T18:00:00,2020-07-01T12:00:00,2020-07-02T12:00:00,24
val_089850_lead072,val,4,89847,89850,89862,2020-06-30T18:00:00,2020-07-01T12:00:00,2020-07-04T12:00:00,72
val_089861_lead006,val,4,89858,89861,89862,2020-07-03T12:00:00,2020-07-04T06:00:00,2020-07-04T12:00:00,6
val_089861_lead024,val,4,89858,89861,89865,2020-07-03T12:00:00,2020-07-04T06:00:00,2020-07-05T06:00:00,24
val_089861_lead072,val,4,89858,89861,89873,2020-07-03T12:00:00,2020-07-04T06:00:00,2020-07-07T06:00:00,72
val_089873_lead006,val,4,89870,89873,89874,2020-07-06T12:00:00,2020-07-07T06:00:00,2020-07-07T12:00:00,6
val_089873_lead024,val,4,89870,89873,89877,2020-07-06T12:00:00,2020-07-07T06:00:00,2020-07-08T06:00:00,24
val_089873_lead072,val,4,89870,89873,89885,2020-07-06T12:00:00,2020-07-07T06:00:00,2020-07-10T06:00:00,72
val_089884_lead006,val,4,89881,89884,89885,2020-07-09T06:00:00,2020-07-10T00:00:00,2020-07-10T06:00:00,6
val_089884_lead024,val,4,89881,89884,89888,2020-07-09T06:00:00,2020-07-10T00:00:00,2020-07-11T00:00:00,24
val_089884_lead072,val,4,89881,89884,89896,2020-07-09T06:00:00,2020-07-10T00:00:00,2020-07-13T00:00:00,72
val_089895_lead006,val,4,89892,89895,89896,2020-07-12T00:00:00,2020-07-12T18:00:00,2020-07-13T00:00:00,6
val_089895_lead024,val,4,89892,89895,89899,2020-07-12T00:00:00,2020-07-12T18:00:00,2020-07-13T18:00:00,24
val_089895_lead072,val,4,89892,89895,89907,2020-07-12T00:00:00,2020-07-12T18:00:00,2020-07-15T18:00:00,72
val_089907_lead006,val,4,89904,89907,89908,2020-07-15T00:00:00,2020-07-15T18:00:00,2020-07-16T00:00:00,6
val_089907_lead024,val,4,89904,89907,89911,2020-07-15T00:00:00,2020-07-15T18:00:00,2020-07-16T18:00:00,24
val_089907_lead072,val,4,89904,89907,89919,2020-07-15T00:00:00,2020-07-15T18:00:00,2020-07-18T18:00:00,72
val_089918_lead006,val,4,89915,89918,89919,2020-07-17T18:00:00,2020-07-18T12:00:00,2020-07-18T18:00:00,6
val_089918_lead024,val,4,89915,89918,89922,2020-07-17T18:00:00,2020-07-18T12:00:00,2020-07-19T12:00:00,24
val_089918_lead072,val,4,89915,89918,89930,2020-07-17T18:00:00,2020-07-18T12:00:00,2020-07-21T12:00:00,72
val_089929_lead006,val,4,89926,89929,89930,2020-07-20T12:00:00,2020-07-21T06:00:00,2020-07-21T12:00:00,6
val_089929_lead024,val,4,89926,89929,89933,2020-07-20T12:00:00,2020-07-21T06:00:00,2020-07-22T06:00:00,24
val_089929_lead072,val,4,89926,89929,89941,2020-07-20T12:00:00,2020-07-21T06:00:00,2020-07-24T06:00:00,72
val_089941_lead006,val,4,89938,89941,89942,2020-07-23T12:00:00,2020-07-24T06:00:00,2020-07-24T12:00:00,6
val_089941_lead024,val,4,89938,89941,89945,2020-07-23T12:00:00,2020-07-24T06:00:00,2020-07-25T06:00:00,24
val_089941_lead072,val,4,89938,89941,89953,2020-07-23T12:00:00,2020-07-24T06:00:00,2020-07-27T06:00:00,72
val_089952_lead006,val,4,89949,89952,89953,2020-07-26T06:00:00,2020-07-27T00:00:00,2020-07-27T06:00:00,6
val_089952_lead024,val,4,89949,89952,89956,2020-07-26T06:00:00,2020-07-27T00:00:00,2020-07-28T00:00:00,24
val_089952_lead072,val,4,89949,89952,89964,2020-07-26T06:00:00,2020-07-27T00:00:00,2020-07-30T00:00:00,72
val_089964_lead006,val,4,89961,89964,89965,2020-07-29T06:00:00,2020-07-30T00:00:00,2020-07-30T06:00:00,6
val_089964_lead024,val,4,89961,89964,89968,2020-07-29T06:00:00,2020-07-30T00:00:00,2020-07-31T00:00:00,24
val_089964_lead072,val,4,89961,89964,89976,2020-07-29T06:00:00,2020-07-30T00:00:00,2020-08-02T00:00:00,72
val_089975_lead006,val,4,89972,89975,89976,2020-08-01T00:00:00,2020-08-01T18:00:00,2020-08-02T00:00:00,6
val_089975_lead024,val,4,89972,89975,89979,2020-08-01T00:00:00,2020-08-01T18:00:00,2020-08-02T18:00:00,24
val_089975_lead072,val,4,89972,89975,89987,2020-08-01T00:00:00,2020-08-01T18:00:00,2020-08-04T18:00:00,72
val_089986_lead006,val,4,89983,89986,89987,2020-08-03T18:00:00,2020-08-04T12:00:00,2020-08-04T18:00:00,6
val_089986_lead024,val,4,89983,89986,89990,2020-08-03T18:00:00,2020-08-04T12:00:00,2020-08-05T12:00:00,24
val_089986_lead072,val,4,89983,89986,89998,2020-08-03T18:00:00,2020-08-04T12:00:00,2020-08-07T12:00:00,72
val_089998_lead006,val,4,89995,89998,89999,2020-08-06T18:00:00,2020-08-07T12:00:00,2020-08-07T18:00:00,6
val_089998_lead024,val,4,89995,89998,90002,2020-08-06T18:00:00,2020-08-07T12:00:00,2020-08-08T12:00:00,24
val_089998_lead072,val,4,89995,89998,90010,2020-08-06T18:00:00,2020-08-07T12:00:00,2020-08-10T12:00:00,72
val_090009_lead006,val,4,90006,90009,90010,2020-08-09T12:00:00,2020-08-10T06:00:00,2020-08-10T12:00:00,6
val_090009_lead024,val,4,90006,90009,90013,2020-08-09T12:00:00,2020-08-10T06:00:00,2020-08-11T06:00:00,24
val_090009_lead072,val,4,90006,90009,90021,2020-08-09T12:00:00,2020-08-10T06:00:00,2020-08-13T06:00:00,72
val_090020_lead006,val,4,90017,90020,90021,2020-08-12T06:00:00,2020-08-13T00:00:00,2020-08-13T06:00:00,6
val_090020_lead024,val,4,90017,90020,90024,2020-08-12T06:00:00,2020-08-13T00:00:00,2020-08-14T00:00:00,24
val_090020_lead072,val,4,90017,90020,90032,2020-08-12T06:00:00,2020-08-13T00:00:00,2020-08-16T00:00:00,72
val_090032_lead006,val,4,90029,90032,90033,2020-08-15T06:00:00,2020-08-16T00:00:00,2020-08-16T06:00:00,6
val_090032_lead024,val,4,90029,90032,90036,2020-08-15T06:00:00,2020-08-16T00:00:00,2020-08-17T00:00:00,24
val_090032_lead072,val,4,90029,90032,90044,2020-08-15T06:00:00,2020-08-16T00:00:00,2020-08-19T00:00:00,72
val_090043_lead006,val,4,90040,90043,90044,2020-08-18T00:00:00,2020-08-18T18:00:00,2020-08-19T00:00:00,6
val_090043_lead024,val,4,90040,90043,90047,2020-08-18T00:00:00,2020-08-18T18:00:00,2020-08-19T18:00:00,24
val_090043_lead072,val,4,90040,90043,90055,2020-08-18T00:00:00,2020-08-18T18:00:00,2020-08-21T18:00:00,72
val_090054_lead006,val,4,90051,90054,90055,2020-08-20T18:00:00,2020-08-21T12:00:00,2020-08-21T18:00:00,6
val_090054_lead024,val,4,90051,90054,90058,2020-08-20T18:00:00,2020-08-21T12:00:00,2020-08-22T12:00:00,24
val_090054_lead072,val,4,90051,90054,90066,2020-08-20T18:00:00,2020-08-21T12:00:00,2020-08-24T12:00:00,72
val_090066_lead006,val,4,90063,90066,90067,2020-08-23T18:00:00,2020-08-24T12:00:00,2020-08-24T18:00:00,6
val_090066_lead024,val,4,90063,90066,90070,2020-08-23T18:00:00,2020-08-24T12:00:00,2020-08-25T12:00:00,24
val_090066_lead072,val,4,90063,90066,90078,2020-08-23T18:00:00,2020-08-24T12:00:00,2020-08-27T12:00:00,72
val_090077_lead006,val,4,90074,90077,90078,2020-08-26T12:00:00,2020-08-27T06:00:00,2020-08-27T12:00:00,6
val_090077_lead024,val,4,90074,90077,90081,2020-08-26T12:00:00,2020-08-27T06:00:00,2020-08-28T06:00:00,24
val_090077_lead072,val,4,90074,90077,90089,2020-08-26T12:00:00,2020-08-27T06:00:00,2020-08-30T06:00:00,72
val_090089_lead006,val,4,90086,90089,90090,2020-08-29T12:00:00,2020-08-30T06:00:00,2020-08-30T12:00:00,6
val_090089_lead024,val,4,90086,90089,90093,2020-08-29T12:00:00,2020-08-30T06:00:00,2020-08-31T06:00:00,24
val_090089_lead072,val,4,90086,90089,90101,2020-08-29T12:00:00,2020-08-30T06:00:00,2020-09-02T06:00:00,72
val_090100_lead006,val,4,90097,90100,90101,2020-09-01T06:00:00,2020-09-02T00:00:00,2020-09-02T06:00:00,6
val_090100_lead024,val,4,90097,90100,90104,2020-09-01T06:00:00,2020-09-02T00:00:00,2020-09-03T00:00:00,24
val_090100_lead072,val,4,90097,90100,90112,2020-09-01T06:00:00,2020-09-02T00:00:00,2020-09-05T00:00:00,72
val_090111_lead006,val,4,90108,90111,90112,2020-09-04T00:00:00,2020-09-04T18:00:00,2020-09-05T00:00:00,6
val_090111_lead024,val,4,90108,90111,90115,2020-09-04T00:00:00,2020-09-04T18:00:00,2020-09-05T18:00:00,24
val_090111_lead072,val,4,90108,90111,90123,2020-09-04T00:00:00,2020-09-04T18:00:00,2020-09-07T18:00:00,72
val_090123_lead006,val,4,90120,90123,90124,2020-09-07T00:00:00,2020-09-07T18:00:00,2020-09-08T00:00:00,6
val_090123_lead024,val,4,90120,90123,90127,2020-09-07T00:00:00,2020-09-07T18:00:00,2020-09-08T18:00:00,24
val_090123_lead072,val,4,90120,90123,90135,2020-09-07T00:00:00,2020-09-07T18:00:00,2020-09-10T18:00:00,72
val_090134_lead006,val,4,90131,90134,90135,2020-09-09T18:00:00,2020-09-10T12:00:00,2020-09-10T18:00:00,6
val_090134_lead024,val,4,90131,90134,90138,2020-09-09T18:00:00,2020-09-10T12:00:00,2020-09-11T12:00:00,24
val_090134_lead072,val,4,90131,90134,90146,2020-09-09T18:00:00,2020-09-10T12:00:00,2020-09-13T12:00:00,72
val_090145_lead006,val,4,90142,90145,90146,2020-09-12T12:00:00,2020-09-13T06:00:00,2020-09-13T12:00:00,6
val_090145_lead024,val,4,90142,90145,90149,2020-09-12T12:00:00,2020-09-13T06:00:00,2020-09-14T06:00:00,24
val_090145_lead072,val,4,90142,90145,90157,2020-09-12T12:00:00,2020-09-13T06:00:00,2020-09-16T06:00:00,72
val_090157_lead006,val,4,90154,90157,90158,2020-09-15T12:00:00,2020-09-16T06:00:00,2020-09-16T12:00:00,6
val_090157_lead024,val,4,90154,90157,90161,2020-09-15T12:00:00,2020-09-16T06:00:00,2020-09-17T06:00:00,24
val_090157_lead072,val,4,90154,90157,90169,2020-09-15T12:00:00,2020-09-16T06:00:00,2020-09-19T06:00:00,72
val_090168_lead006,val,4,90165,90168,90169,2020-09-18T06:00:00,2020-09-19T00:00:00,2020-09-19T06:00:00,6
val_090168_lead024,val,4,90165,90168,90172,2020-09-18T06:00:00,2020-09-19T00:00:00,2020-09-20T00:00:00,24
val_090168_lead072,val,4,90165,90168,90180,2020-09-18T06:00:00,2020-09-19T00:00:00,2020-09-22T00:00:00,72
val_090179_lead006,val,4,90176,90179,90180,2020-09-21T00:00:00,2020-09-21T18:00:00,2020-09-22T00:00:00,6
val_090179_lead024,val,4,90176,90179,90183,2020-09-21T00:00:00,2020-09-21T18:00:00,2020-09-22T18:00:00,24
val_090179_lead072,val,4,90176,90179,90191,2020-09-21T00:00:00,2020-09-21T18:00:00,2020-09-24T18:00:00,72
val_090191_lead006,val,4,90188,90191,90192,2020-09-24T00:00:00,2020-09-24T18:00:00,2020-09-25T00:00:00,6
val_090191_lead024,val,4,90188,90191,90195,2020-09-24T00:00:00,2020-09-24T18:00:00,2020-09-25T18:00:00,24
val_090191_lead072,val,4,90188,90191,90203,2020-09-24T00:00:00,2020-09-24T18:00:00,2020-09-27T18:00:00,72
val_090202_lead006,val,4,90199,90202,90203,2020-09-26T18:00:00,2020-09-27T12:00:00,2020-09-27T18:00:00,6
val_090202_lead024,val,4,90199,90202,90206,2020-09-26T18:00:00,2020-09-27T12:00:00,2020-09-28T12:00:00,24
val_090202_lead072,val,4,90199,90202,90214,2020-09-26T18:00:00,2020-09-27T12:00:00,2020-09-30T12:00:00,72
val_090214_lead006,val,4,90211,90214,90215,2020-09-29T18:00:00,2020-09-30T12:00:00,2020-09-30T18:00:00,6
val_090214_lead024,val,4,90211,90214,90218,2020-09-29T18:00:00,2020-09-30T12:00:00,2020-10-01T12:00:00,24
val_090214_lead072,val,4,90211,90214,90226,2020-09-29T18:00:00,2020-09-30T12:00:00,2020-10-03T12:00:00,72
val_090225_lead006,val,4,90222,90225,90226,2020-10-02T12:00:00,2020-10-03T06:00:00,2020-10-03T12:00:00,6
val_090225_lead024,val,4,90222,90225,90229,2020-10-02T12:00:00,2020-10-03T06:00:00,2020-10-04T06:00:00,24
val_090225_lead072,val,4,90222,90225,90237,2020-10-02T12:00:00,2020-10-03T06:00:00,2020-10-06T06:00:00,72
val_090236_lead006,val,4,90233,90236,90237,2020-10-05T06:00:00,2020-10-06T00:00:00,2020-10-06T06:00:00,6
val_090236_lead024,val,4,90233,90236,90240,2020-10-05T06:00:00,2020-10-06T00:00:00,2020-10-07T00:00:00,24
val_090236_lead072,val,4,90233,90236,90248,2020-10-05T06:00:00,2020-10-06T00:00:00,2020-10-09T00:00:00,72
val_090248_lead006,val,4,90245,90248,90249,2020-10-08T06:00:00,2020-10-09T00:00:00,2020-10-09T06:00:00,6
val_090248_lead024,val,4,90245,90248,90252,2020-10-08T06:00:00,2020-10-09T00:00:00,2020-10-10T00:00:00,24
val_090248_lead072,val,4,90245,90248,90260,2020-10-08T06:00:00,2020-10-09T00:00:00,2020-10-12T00:00:00,72
val_090259_lead006,val,4,90256,90259,90260,2020-10-11T00:00:00,2020-10-11T18:00:00,2020-10-12T00:00:00,6
val_090259_lead024,val,4,90256,90259,90263,2020-10-11T00:00:00,2020-10-11T18:00:00,2020-10-12T18:00:00,24
val_090259_lead072,val,4,90256,90259,90271,2020-10-11T00:00:00,2020-10-11T18:00:00,2020-10-14T18:00:00,72
val_090270_lead006,val,4,90267,90270,90271,2020-10-13T18:00:00,2020-10-14T12:00:00,2020-10-14T18:00:00,6
val_090270_lead024,val,4,90267,90270,90274,2020-10-13T18:00:00,2020-10-14T12:00:00,2020-10-15T12:00:00,24
val_090270_lead072,val,4,90267,90270,90282,2020-10-13T18:00:00,2020-10-14T12:00:00,2020-10-17T12:00:00,72
val_090282_lead006,val,4,90279,90282,90283,2020-10-16T18:00:00,2020-10-17T12:00:00,2020-10-17T18:00:00,6
val_090282_lead024,val,4,90279,90282,90286,2020-10-16T18:00:00,2020-10-17T12:00:00,2020-10-18T12:00:00,24
val_090282_lead072,val,4,90279,90282,90294,2020-10-16T18:00:00,2020-10-17T12:00:00,2020-10-20T12:00:00,72
val_090293_lead006,val,4,90290,90293,90294,2020-10-19T12:00:00,2020-10-20T06:00:00,2020-10-20T12:00:00,6
val_090293_lead024,val,4,90290,90293,90297,2020-10-19T12:00:00,2020-10-20T06:00:00,2020-10-21T06:00:00,24
val_090293_lead072,val,4,90290,90293,90305,2020-10-19T12:00:00,2020-10-20T06:00:00,2020-10-23T06:00:00,72
val_090304_lead006,val,4,90301,90304,90305,2020-10-22T06:00:00,2020-10-23T00:00:00,2020-10-23T06:00:00,6
val_090304_lead024,val,4,90301,90304,90308,2020-10-22T06:00:00,2020-10-23T00:00:00,2020-10-24T00:00:00,24
val_090304_lead072,val,4,90301,90304,90316,2020-10-22T06:00:00,2020-10-23T00:00:00,2020-10-26T00:00:00,72
val_090316_lead006,val,4,90313,90316,90317,2020-10-25T06:00:00,2020-10-26T00:00:00,2020-10-26T06:00:00,6
val_090316_lead024,val,4,90313,90316,90320,2020-10-25T06:00:00,2020-10-26T00:00:00,2020-10-27T00:00:00,24
val_090316_lead072,val,4,90313,90316,90328,2020-10-25T06:00:00,2020-10-26T00:00:00,2020-10-29T00:00:00,72
val_090327_lead006,val,4,90324,90327,90328,2020-10-28T00:00:00,2020-10-28T18:00:00,2020-10-29T00:00:00,6
val_090327_lead024,val,4,90324,90327,90331,2020-10-28T00:00:00,2020-10-28T18:00:00,2020-10-29T18:00:00,24
val_090327_lead072,val,4,90324,90327,90339,2020-10-28T00:00:00,2020-10-28T18:00:00,2020-10-31T18:00:00,72
val_090339_lead006,val,4,90336,90339,90340,2020-10-31T00:00:00,2020-10-31T18:00:00,2020-11-01T00:00:00,6
val_090339_lead024,val,4,90336,90339,90343,2020-10-31T00:00:00,2020-10-31T18:00:00,2020-11-01T18:00:00,24
val_090339_lead072,val,4,90336,90339,90351,2020-10-31T00:00:00,2020-10-31T18:00:00,2020-11-03T18:00:00,72
val_090350_lead006,val,4,90347,90350,90351,2020-11-02T18:00:00,2020-11-03T12:00:00,2020-11-03T18:00:00,6
val_090350_lead024,val,4,90347,90350,90354,2020-11-02T18:00:00,2020-11-03T12:00:00,2020-11-04T12:00:00,24
val_090350_lead072,val,4,90347,90350,90362,2020-11-02T18:00:00,2020-11-03T12:00:00,2020-11-06T12:00:00,72
val_090361_lead006,val,4,90358,90361,90362,2020-11-05T12:00:00,2020-11-06T06:00:00,2020-11-06T12:00:00,6
val_090361_lead024,val,4,90358,90361,90365,2020-11-05T12:00:00,2020-11-06T06:00:00,2020-11-07T06:00:00,24
val_090361_lead072,val,4,90358,90361,90373,2020-11-05T12:00:00,2020-11-06T06:00:00,2020-11-09T06:00:00,72
val_090373_lead006,val,4,90370,90373,90374,2020-11-08T12:00:00,2020-11-09T06:00:00,2020-11-09T12:00:00,6
val_090373_lead024,val,4,90370,90373,90377,2020-11-08T12:00:00,2020-11-09T06:00:00,2020-11-10T06:00:00,24
val_090373_lead072,val,4,90370,90373,90385,2020-11-08T12:00:00,2020-11-09T06:00:00,2020-11-12T06:00:00,72
val_090384_lead006,val,4,90381,90384,90385,2020-11-11T06:00:00,2020-11-12T00:00:00,2020-11-12T06:00:00,6
val_090384_lead024,val,4,90381,90384,90388,2020-11-11T06:00:00,2020-11-12T00:00:00,2020-11-13T00:00:00,24
val_090384_lead072,val,4,90381,90384,90396,2020-11-11T06:00:00,2020-11-12T00:00:00,2020-11-15T00:00:00,72
val_090395_lead006,val,4,90392,90395,90396,2020-11-14T00:00:00,2020-11-14T18:00:00,2020-11-15T00:00:00,6
val_090395_lead024,val,4,90392,90395,90399,2020-11-14T00:00:00,2020-11-14T18:00:00,2020-11-15T18:00:00,24
val_090395_lead072,val,4,90392,90395,90407,2020-11-14T00:00:00,2020-11-14T18:00:00,2020-11-17T18:00:00,72
val_090407_lead006,val,4,90404,90407,90408,2020-11-17T00:00:00,2020-11-17T18:00:00,2020-11-18T00:00:00,6
val_090407_lead024,val,4,90404,90407,90411,2020-11-17T00:00:00,2020-11-17T18:00:00,2020-11-18T18:00:00,24
val_090407_lead072,val,4,90404,90407,90419,2020-11-17T00:00:00,2020-11-17T18:00:00,2020-11-20T18:00:00,72
val_090418_lead006,val,4,90415,90418,90419,2020-11-19T18:00:00,2020-11-20T12:00:00,2020-11-20T18:00:00,6
val_090418_lead024,val,4,90415,90418,90422,2020-11-19T18:00:00,2020-11-20T12:00:00,2020-11-21T12:00:00,24
val_090418_lead072,val,4,90415,90418,90430,2020-11-19T18:00:00,2020-11-20T12:00:00,2020-11-23T12:00:00,72
val_090429_lead006,val,4,90426,90429,90430,2020-11-22T12:00:00,2020-11-23T06:00:00,2020-11-23T12:00:00,6
val_090429_lead024,val,4,90426,90429,90433,2020-11-22T12:00:00,2020-11-23T06:00:00,2020-11-24T06:00:00,24
val_090429_lead072,val,4,90426,90429,90441,2020-11-22T12:00:00,2020-11-23T06:00:00,2020-11-26T06:00:00,72
val_090441_lead006,val,4,90438,90441,90442,2020-11-25T12:00:00,2020-11-26T06:00:00,2020-11-26T12:00:00,6
val_090441_lead024,val,4,90438,90441,90445,2020-11-25T12:00:00,2020-11-26T06:00:00,2020-11-27T06:00:00,24
val_090441_lead072,val,4,90438,90441,90453,2020-11-25T12:00:00,2020-11-26T06:00:00,2020-11-29T06:00:00,72
val_090452_lead006,val,4,90449,90452,90453,2020-11-28T06:00:00,2020-11-29T00:00:00,2020-11-29T06:00:00,6
val_090452_lead024,val,4,90449,90452,90456,2020-11-28T06:00:00,2020-11-29T00:00:00,2020-11-30T00:00:00,24
val_090452_lead072,val,4,90449,90452,90464,2020-11-28T06:00:00,2020-11-29T00:00:00,2020-12-02T00:00:00,72
val_090464_lead006,val,4,90461,90464,90465,2020-12-01T06:00:00,2020-12-02T00:00:00,2020-12-02T06:00:00,6
val_090464_lead024,val,4,90461,90464,90468,2020-12-01T06:00:00,2020-12-02T00:00:00,2020-12-03T00:00:00,24
val_090464_lead072,val,4,90461,90464,90476,2020-12-01T06:00:00,2020-12-02T00:00:00,2020-12-05T00:00:00,72
val_090475_lead006,val,4,90472,90475,90476,2020-12-04T00:00:00,2020-12-04T18:00:00,2020-12-05T00:00:00,6
val_090475_lead024,val,4,90472,90475,90479,2020-12-04T00:00:00,2020-12-04T18:00:00,2020-12-05T18:00:00,24
val_090475_lead072,val,4,90472,90475,90487,2020-12-04T00:00:00,2020-12-04T18:00:00,2020-12-07T18:00:00,72
val_090486_lead006,val,4,90483,90486,90487,2020-12-06T18:00:00,2020-12-07T12:00:00,2020-12-07T18:00:00,6
val_090486_lead024,val,4,90483,90486,90490,2020-12-06T18:00:00,2020-12-07T12:00:00,2020-12-08T12:00:00,24
val_090486_lead072,val,4,90483,90486,90498,2020-12-06T18:00:00,2020-12-07T12:00:00,2020-12-10T12:00:00,72
val_090498_lead006,val,4,90495,90498,90499,2020-12-09T18:00:00,2020-12-10T12:00:00,2020-12-10T18:00:00,6
val_090498_lead024,val,4,90495,90498,90502,2020-12-09T18:00:00,2020-12-10T12:00:00,2020-12-11T12:00:00,24
val_090498_lead072,val,4,90495,90498,90510,2020-12-09T18:00:00,2020-12-10T12:00:00,2020-12-13T12:00:00,72
val_090509_lead006,val,4,90506,90509,90510,2020-12-12T12:00:00,2020-12-13T06:00:00,2020-12-13T12:00:00,6
val_090509_lead024,val,4,90506,90509,90513,2020-12-12T12:00:00,2020-12-13T06:00:00,2020-12-14T06:00:00,24
val_090509_lead072,val,4,90506,90509,90521,2020-12-12T12:00:00,2020-12-13T06:00:00,2020-12-16T06:00:00,72
val_090520_lead006,val,4,90517,90520,90521,2020-12-15T06:00:00,2020-12-16T00:00:00,2020-12-16T06:00:00,6
val_090520_lead024,val,4,90517,90520,90524,2020-12-15T06:00:00,2020-12-16T00:00:00,2020-12-17T00:00:00,24
val_090520_lead072,val,4,90517,90520,90532,2020-12-15T06:00:00,2020-12-16T00:00:00,2020-12-19T00:00:00,72
val_090532_lead006,val,4,90529,90532,90533,2020-12-18T06:00:00,2020-12-19T00:00:00,2020-12-19T06:00:00,6
val_090532_lead024,val,4,90529,90532,90536,2020-12-18T06:00:00,2020-12-19T00:00:00,2020-12-20T00:00:00,24
val_090532_lead072,val,4,90529,90532,90544,2020-12-18T06:00:00,2020-12-19T00:00:00,2020-12-22T00:00:00,72
val_090543_lead006,val,4,90540,90543,90544,2020-12-21T00:00:00,2020-12-21T18:00:00,2020-12-22T00:00:00,6
val_090543_lead024,val,4,90540,90543,90547,2020-12-21T00:00:00,2020-12-21T18:00:00,2020-12-22T18:00:00,24
val_090543_lead072,val,4,90540,90543,90555,2020-12-21T00:00:00,2020-12-21T18:00:00,2020-12-24T18:00:00,72
val_090554_lead006,val,4,90551,90554,90555,2020-12-23T18:00:00,2020-12-24T12:00:00,2020-12-24T18:00:00,6
val_090554_lead024,val,4,90551,90554,90558,2020-12-23T18:00:00,2020-12-24T12:00:00,2020-12-25T12:00:00,24
val_090554_lead072,val,4,90551,90554,90566,2020-12-23T18:00:00,2020-12-24T12:00:00,2020-12-27T12:00:00,72
val_090566_lead006,val,4,90563,90566,90567,2020-12-26T18:00:00,2020-12-27T12:00:00,2020-12-27T18:00:00,6
val_090566_lead024,val,4,90563,90566,90570,2020-12-26T18:00:00,2020-12-27T12:00:00,2020-12-28T12:00:00,24
val_090566_lead072,val,4,90563,90566,90578,2020-12-26T18:00:00,2020-12-27T12:00:00,2020-12-30T12:00:00,72
test_090589_lead006,test,4,90586,90589,90590,2021-01-01T12:00:00,2021-01-02T06:00:00,2021-01-02T12:00:00,6
test_090589_lead024,test,4,90586,90589,90593,2021-01-01T12:00:00,2021-01-02T06:00:00,2021-01-03T06:00:00,24
test_090589_lead072,test,4,90586,90589,90601,2021-01-01T12:00:00,2021-01-02T06:00:00,2021-01-05T06:00:00,72
test_090595_lead006,test,4,90592,90595,90596,2021-01-03T00:00:00,2021-01-03T18:00:00,2021-01-04T00:00:00,6
test_090595_lead024,test,4,90592,90595,90599,2021-01-03T00:00:00,2021-01-03T18:00:00,2021-01-04T18:00:00,24
test_090595_lead072,test,4,90592,90595,90607,2021-01-03T00:00:00,2021-01-03T18:00:00,2021-01-06T18:00:00,72
test_090601_lead006,test,4,90598,90601,90602,2021-01-04T12:00:00,2021-01-05T06:00:00,2021-01-05T12:00:00,6
test_090601_lead024,test,4,90598,90601,90605,2021-01-04T12:00:00,2021-01-05T06:00:00,2021-01-06T06:00:00,24
test_090601_lead072,test,4,90598,90601,90613,2021-01-04T12:00:00,2021-01-05T06:00:00,2021-01-08T06:00:00,72
test_090606_lead006,test,4,90603,90606,90607,2021-01-05T18:00:00,2021-01-06T12:00:00,2021-01-06T18:00:00,6
test_090606_lead024,test,4,90603,90606,90610,2021-01-05T18:00:00,2021-01-06T12:00:00,2021-01-07T12:00:00,24
test_090606_lead072,test,4,90603,90606,90618,2021-01-05T18:00:00,2021-01-06T12:00:00,2021-01-09T12:00:00,72
test_090612_lead006,test,4,90609,90612,90613,2021-01-07T06:00:00,2021-01-08T00:00:00,2021-01-08T06:00:00,6
test_090612_lead024,test,4,90609,90612,90616,2021-01-07T06:00:00,2021-01-08T00:00:00,2021-01-09T00:00:00,24
test_090612_lead072,test,4,90609,90612,90624,2021-01-07T06:00:00,2021-01-08T00:00:00,2021-01-11T00:00:00,72
test_090618_lead006,test,4,90615,90618,90619,2021-01-08T18:00:00,2021-01-09T12:00:00,2021-01-09T18:00:00,6
test_090618_lead024,test,4,90615,90618,90622,2021-01-08T18:00:00,2021-01-09T12:00:00,2021-01-10T12:00:00,24
test_090618_lead072,test,4,90615,90618,90630,2021-01-08T18:00:00,2021-01-09T12:00:00,2021-01-12T12:00:00,72
test_090623_lead006,test,4,90620,90623,90624,2021-01-10T00:00:00,2021-01-10T18:00:00,2021-01-11T00:00:00,6
test_090623_lead024,test,4,90620,90623,90627,2021-01-10T00:00:00,2021-01-10T18:00:00,2021-01-11T18:00:00,24
test_090623_lead072,test,4,90620,90623,90635,2021-01-10T00:00:00,2021-01-10T18:00:00,2021-01-13T18:00:00,72
test_090629_lead006,test,4,90626,90629,90630,2021-01-11T12:00:00,2021-01-12T06:00:00,2021-01-12T12:00:00,6
test_090629_lead024,test,4,90626,90629,90633,2021-01-11T12:00:00,2021-01-12T06:00:00,2021-01-13T06:00:00,24
test_090629_lead072,test,4,90626,90629,90641,2021-01-11T12:00:00,2021-01-12T06:00:00,2021-01-15T06:00:00,72
test_090635_lead006,test,4,90632,90635,90636,2021-01-13T00:00:00,2021-01-13T18:00:00,2021-01-14T00:00:00,6
test_090635_lead024,test,4,90632,90635,90639,2021-01-13T00:00:00,2021-01-13T18:00:00,2021-01-14T18:00:00,24
test_090635_lead072,test,4,90632,90635,90647,2021-01-13T00:00:00,2021-01-13T18:00:00,2021-01-16T18:00:00,72
test_090640_lead006,test,4,90637,90640,90641,2021-01-14T06:00:00,2021-01-15T00:00:00,2021-01-15T06:00:00,6
test_090640_lead024,test,4,90637,90640,90644,2021-01-14T06:00:00,2021-01-15T00:00:00,2021-01-16T00:00:00,24
test_090640_lead072,test,4,90637,90640,90652,2021-01-14T06:00:00,2021-01-15T00:00:00,2021-01-18T00:00:00,72
test_090646_lead006,test,4,90643,90646,90647,2021-01-15T18:00:00,2021-01-16T12:00:00,2021-01-16T18:00:00,6
test_090646_lead024,test,4,90643,90646,90650,2021-01-15T18:00:00,2021-01-16T12:00:00,2021-01-17T12:00:00,24
test_090646_lead072,test,4,90643,90646,90658,2021-01-15T18:00:00,2021-01-16T12:00:00,2021-01-19T12:00:00,72
test_090652_lead006,test,4,90649,90652,90653,2021-01-17T06:00:00,2021-01-18T00:00:00,2021-01-18T06:00:00,6
test_090652_lead024,test,4,90649,90652,90656,2021-01-17T06:00:00,2021-01-18T00:00:00,2021-01-19T00:00:00,24
test_090652_lead072,test,4,90649,90652,90664,2021-01-17T06:00:00,2021-01-18T00:00:00,2021-01-21T00:00:00,72
test_090657_lead006,test,4,90654,90657,90658,2021-01-18T12:00:00,2021-01-19T06:00:00,2021-01-19T12:00:00,6
test_090657_lead024,test,4,90654,90657,90661,2021-01-18T12:00:00,2021-01-19T06:00:00,2021-01-20T06:00:00,24
test_090657_lead072,test,4,90654,90657,90669,2021-01-18T12:00:00,2021-01-19T06:00:00,2021-01-22T06:00:00,72
test_090663_lead006,test,4,90660,90663,90664,2021-01-20T00:00:00,2021-01-20T18:00:00,2021-01-21T00:00:00,6
test_090663_lead024,test,4,90660,90663,90667,2021-01-20T00:00:00,2021-01-20T18:00:00,2021-01-21T18:00:00,24
test_090663_lead072,test,4,90660,90663,90675,2021-01-20T00:00:00,2021-01-20T18:00:00,2021-01-23T18:00:00,72
test_090669_lead006,test,4,90666,90669,90670,2021-01-21T12:00:00,2021-01-22T06:00:00,2021-01-22T12:00:00,6
test_090669_lead024,test,4,90666,90669,90673,2021-01-21T12:00:00,2021-01-22T06:00:00,2021-01-23T06:00:00,24
test_090669_lead072,test,4,90666,90669,90681,2021-01-21T12:00:00,2021-01-22T06:00:00,2021-01-25T06:00:00,72
test_090674_lead006,test,4,90671,90674,90675,2021-01-22T18:00:00,2021-01-23T12:00:00,2021-01-23T18:00:00,6
test_090674_lead024,test,4,90671,90674,90678,2021-01-22T18:00:00,2021-01-23T12:00:00,2021-01-24T12:00:00,24
test_090674_lead072,test,4,90671,90674,90686,2021-01-22T18:00:00,2021-01-23T12:00:00,2021-01-26T12:00:00,72
test_090680_lead006,test,4,90677,90680,90681,2021-01-24T06:00:00,2021-01-25T00:00:00,2021-01-25T06:00:00,6
test_090680_lead024,test,4,90677,90680,90684,2021-01-24T06:00:00,2021-01-25T00:00:00,2021-01-26T00:00:00,24
test_090680_lead072,test,4,90677,90680,90692,2021-01-24T06:00:00,2021-01-25T00:00:00,2021-01-28T00:00:00,72
test_090686_lead006,test,4,90683,90686,90687,2021-01-25T18:00:00,2021-01-26T12:00:00,2021-01-26T18:00:00,6
test_090686_lead024,test,4,90683,90686,90690,2021-01-25T18:00:00,2021-01-26T12:00:00,2021-01-27T12:00:00,24
test_090686_lead072,test,4,90683,90686,90698,2021-01-25T18:00:00,2021-01-26T12:00:00,2021-01-29T12:00:00,72
test_090691_lead006,test,4,90688,90691,90692,2021-01-27T00:00:00,2021-01-27T18:00:00,2021-01-28T00:00:00,6
test_090691_lead024,test,4,90688,90691,90695,2021-01-27T00:00:00,2021-01-27T18:00:00,2021-01-28T18:00:00,24
test_090691_lead072,test,4,90688,90691,90703,2021-01-27T00:00:00,2021-01-27T18:00:00,2021-01-30T18:00:00,72
test_090697_lead006,test,4,90694,90697,90698,2021-01-28T12:00:00,2021-01-29T06:00:00,2021-01-29T12:00:00,6
test_090697_lead024,test,4,90694,90697,90701,2021-01-28T12:00:00,2021-01-29T06:00:00,2021-01-30T06:00:00,24
test_090697_lead072,test,4,90694,90697,90709,2021-01-28T12:00:00,2021-01-29T06:00:00,2021-02-01T06:00:00,72
test_090703_lead006,test,4,90700,90703,90704,2021-01-30T00:00:00,2021-01-30T18:00:00,2021-01-31T00:00:00,6
test_090703_lead024,test,4,90700,90703,90707,2021-01-30T00:00:00,2021-01-30T18:00:00,2021-01-31T18:00:00,24
test_090703_lead072,test,4,90700,90703,90715,2021-01-30T00:00:00,2021-01-30T18:00:00,2021-02-02T18:00:00,72
test_090708_lead006,test,4,90705,90708,90709,2021-01-31T06:00:00,2021-02-01T00:00:00,2021-02-01T06:00:00,6
test_090708_lead024,test,4,90705,90708,90712,2021-01-31T06:00:00,2021-02-01T00:00:00,2021-02-02T00:00:00,24
test_090708_lead072,test,4,90705,90708,90720,2021-01-31T06:00:00,2021-02-01T00:00:00,2021-02-04T00:00:00,72
test_090714_lead006,test,4,90711,90714,90715,2021-02-01T18:00:00,2021-02-02T12:00:00,2021-02-02T18:00:00,6
test_090714_lead024,test,4,90711,90714,90718,2021-02-01T18:00:00,2021-02-02T12:00:00,2021-02-03T12:00:00,24
test_090714_lead072,test,4,90711,90714,90726,2021-02-01T18:00:00,2021-02-02T12:00:00,2021-02-05T12:00:00,72
test_090720_lead006,test,4,90717,90720,90721,2021-02-03T06:00:00,2021-02-04T00:00:00,2021-02-04T06:00:00,6
test_090720_lead024,test,4,90717,90720,90724,2021-02-03T06:00:00,2021-02-04T00:00:00,2021-02-05T00:00:00,24
test_090720_lead072,test,4,90717,90720,90732,2021-02-03T06:00:00,2021-02-04T00:00:00,2021-02-07T00:00:00,72
test_090726_lead006,test,4,90723,90726,90727,2021-02-04T18:00:00,2021-02-05T12:00:00,2021-02-05T18:00:00,6
test_090726_lead024,test,4,90723,90726,90730,2021-02-04T18:00:00,2021-02-05T12:00:00,2021-02-06T12:00:00,24
test_090726_lead072,test,4,90723,90726,90738,2021-02-04T18:00:00,2021-02-05T12:00:00,2021-02-08T12:00:00,72
test_090731_lead006,test,4,90728,90731,90732,2021-02-06T00:00:00,2021-02-06T18:00:00,2021-02-07T00:00:00,6
test_090731_lead024,test,4,90728,90731,90735,2021-02-06T00:00:00,2021-02-06T18:00:00,2021-02-07T18:00:00,24
test_090731_lead072,test,4,90728,90731,90743,2021-02-06T00:00:00,2021-02-06T18:00:00,2021-02-09T18:00:00,72
test_090737_lead006,test,4,90734,90737,90738,2021-02-07T12:00:00,2021-02-08T06:00:00,2021-02-08T12:00:00,6
test_090737_lead024,test,4,90734,90737,90741,2021-02-07T12:00:00,2021-02-08T06:00:00,2021-02-09T06:00:00,24
test_090737_lead072,test,4,90734,90737,90749,2021-02-07T12:00:00,2021-02-08T06:00:00,2021-02-11T06:00:00,72
test_090743_lead006,test,4,90740,90743,90744,2021-02-09T00:00:00,2021-02-09T18:00:00,2021-02-10T00:00:00,6
test_090743_lead024,test,4,90740,90743,90747,2021-02-09T00:00:00,2021-02-09T18:00:00,2021-02-10T18:00:00,24
test_090743_lead072,test,4,90740,90743,90755,2021-02-09T00:00:00,2021-02-09T18:00:00,2021-02-12T18:00:00,72
test_090748_lead006,test,4,90745,90748,90749,2021-02-10T06:00:00,2021-02-11T00:00:00,2021-02-11T06:00:00,6
test_090748_lead024,test,4,90745,90748,90752,2021-02-10T06:00:00,2021-02-11T00:00:00,2021-02-12T00:00:00,24
test_090748_lead072,test,4,90745,90748,90760,2021-02-10T06:00:00,2021-02-11T00:00:00,2021-02-14T00:00:00,72
test_090754_lead006,test,4,90751,90754,90755,2021-02-11T18:00:00,2021-02-12T12:00:00,2021-02-12T18:00:00,6
test_090754_lead024,test,4,90751,90754,90758,2021-02-11T18:00:00,2021-02-12T12:00:00,2021-02-13T12:00:00,24
test_090754_lead072,test,4,90751,90754,90766,2021-02-11T18:00:00,2021-02-12T12:00:00,2021-02-15T12:00:00,72
test_090760_lead006,test,4,90757,90760,90761,2021-02-13T06:00:00,2021-02-14T00:00:00,2021-02-14T06:00:00,6
test_090760_lead024,test,4,90757,90760,90764,2021-02-13T06:00:00,2021-02-14T00:00:00,2021-02-15T00:00:00,24
test_090760_lead072,test,4,90757,90760,90772,2021-02-13T06:00:00,2021-02-14T00:00:00,2021-02-17T00:00:00,72
test_090765_lead006,test,4,90762,90765,90766,2021-02-14T12:00:00,2021-02-15T06:00:00,2021-02-15T12:00:00,6
test_090765_lead024,test,4,90762,90765,90769,2021-02-14T12:00:00,2021-02-15T06:00:00,2021-02-16T06:00:00,24
test_090765_lead072,test,4,90762,90765,90777,2021-02-14T12:00:00,2021-02-15T06:00:00,2021-02-18T06:00:00,72
test_090771_lead006,test,4,90768,90771,90772,2021-02-16T00:00:00,2021-02-16T18:00:00,2021-02-17T00:00:00,6
test_090771_lead024,test,4,90768,90771,90775,2021-02-16T00:00:00,2021-02-16T18:00:00,2021-02-17T18:00:00,24
test_090771_lead072,test,4,90768,90771,90783,2021-02-16T00:00:00,2021-02-16T18:00:00,2021-02-19T18:00:00,72
test_090777_lead006,test,4,90774,90777,90778,2021-02-17T12:00:00,2021-02-18T06:00:00,2021-02-18T12:00:00,6
test_090777_lead024,test,4,90774,90777,90781,2021-02-17T12:00:00,2021-02-18T06:00:00,2021-02-19T06:00:00,24
test_090777_lead072,test,4,90774,90777,90789,2021-02-17T12:00:00,2021-02-18T06:00:00,2021-02-21T06:00:00,72
test_090782_lead006,test,4,90779,90782,90783,2021-02-18T18:00:00,2021-02-19T12:00:00,2021-02-19T18:00:00,6
test_090782_lead024,test,4,90779,90782,90786,2021-02-18T18:00:00,2021-02-19T12:00:00,2021-02-20T12:00:00,24
test_090782_lead072,test,4,90779,90782,90794,2021-02-18T18:00:00,2021-02-19T12:00:00,2021-02-22T12:00:00,72
test_090788_lead006,test,4,90785,90788,90789,2021-02-20T06:00:00,2021-02-21T00:00:00,2021-02-21T06:00:00,6
test_090788_lead024,test,4,90785,90788,90792,2021-02-20T06:00:00,2021-02-21T00:00:00,2021-02-22T00:00:00,24
test_090788_lead072,test,4,90785,90788,90800,2021-02-20T06:00:00,2021-02-21T00:00:00,2021-02-24T00:00:00,72
test_090794_lead006,test,4,90791,90794,90795,2021-02-21T18:00:00,2021-02-22T12:00:00,2021-02-22T18:00:00,6
test_090794_lead024,test,4,90791,90794,90798,2021-02-21T18:00:00,2021-02-22T12:00:00,2021-02-23T12:00:00,24
test_090794_lead072,test,4,90791,90794,90806,2021-02-21T18:00:00,2021-02-22T12:00:00,2021-02-25T12:00:00,72
test_090799_lead006,test,4,90796,90799,90800,2021-02-23T00:00:00,2021-02-23T18:00:00,2021-02-24T00:00:00,6
test_090799_lead024,test,4,90796,90799,90803,2021-02-23T00:00:00,2021-02-23T18:00:00,2021-02-24T18:00:00,24
test_090799_lead072,test,4,90796,90799,90811,2021-02-23T00:00:00,2021-02-23T18:00:00,2021-02-26T18:00:00,72
test_090805_lead006,test,4,90802,90805,90806,2021-02-24T12:00:00,2021-02-25T06:00:00,2021-02-25T12:00:00,6
test_090805_lead024,test,4,90802,90805,90809,2021-02-24T12:00:00,2021-02-25T06:00:00,2021-02-26T06:00:00,24
test_090805_lead072,test,4,90802,90805,90817,2021-02-24T12:00:00,2021-02-25T06:00:00,2021-02-28T06:00:00,72
test_090811_lead006,test,4,90808,90811,90812,2021-02-26T00:00:00,2021-02-26T18:00:00,2021-02-27T00:00:00,6
test_090811_lead024,test,4,90808,90811,90815,2021-02-26T00:00:00,2021-02-26T18:00:00,2021-02-27T18:00:00,24
test_090811_lead072,test,4,90808,90811,90823,2021-02-26T00:00:00,2021-02-26T18:00:00,2021-03-01T18:00:00,72
test_090816_lead006,test,4,90813,90816,90817,2021-02-27T06:00:00,2021-02-28T00:00:00,2021-02-28T06:00:00,6
test_090816_lead024,test,4,90813,90816,90820,2021-02-27T06:00:00,2021-02-28T00:00:00,2021-03-01T00:00:00,24
test_090816_lead072,test,4,90813,90816,90828,2021-02-27T06:00:00,2021-02-28T00:00:00,2021-03-03T00:00:00,72
test_090822_lead006,test,4,90819,90822,90823,2021-02-28T18:00:00,2021-03-01T12:00:00,2021-03-01T18:00:00,6
test_090822_lead024,test,4,90819,90822,90826,2021-02-28T18:00:00,2021-03-01T12:00:00,2021-03-02T12:00:00,24
test_090822_lead072,test,4,90819,90822,90834,2021-02-28T18:00:00,2021-03-01T12:00:00,2021-03-04T12:00:00,72
test_090828_lead006,test,4,90825,90828,90829,2021-03-02T06:00:00,2021-03-03T00:00:00,2021-03-03T06:00:00,6
test_090828_lead024,test,4,90825,90828,90832,2021-03-02T06:00:00,2021-03-03T00:00:00,2021-03-04T00:00:00,24
test_090828_lead072,test,4,90825,90828,90840,2021-03-02T06:00:00,2021-03-03T00:00:00,2021-03-06T00:00:00,72
test_090833_lead006,test,4,90830,90833,90834,2021-03-03T12:00:00,2021-03-04T06:00:00,2021-03-04T12:00:00,6
test_090833_lead024,test,4,90830,90833,90837,2021-03-03T12:00:00,2021-03-04T06:00:00,2021-03-05T06:00:00,24
test_090833_lead072,test,4,90830,90833,90845,2021-03-03T12:00:00,2021-03-04T06:00:00,2021-03-07T06:00:00,72
test_090839_lead006,test,4,90836,90839,90840,2021-03-05T00:00:00,2021-03-05T18:00:00,2021-03-06T00:00:00,6
test_090839_lead024,test,4,90836,90839,90843,2021-03-05T00:00:00,2021-03-05T18:00:00,2021-03-06T18:00:00,24
test_090839_lead072,test,4,90836,90839,90851,2021-03-05T00:00:00,2021-03-05T18:00:00,2021-03-08T18:00:00,72
test_090845_lead006,test,4,90842,90845,90846,2021-03-06T12:00:00,2021-03-07T06:00:00,2021-03-07T12:00:00,6
test_090845_lead024,test,4,90842,90845,90849,2021-03-06T12:00:00,2021-03-07T06:00:00,2021-03-08T06:00:00,24
test_090845_lead072,test,4,90842,90845,90857,2021-03-06T12:00:00,2021-03-07T06:00:00,2021-03-10T06:00:00,72
test_090850_lead006,test,4,90847,90850,90851,2021-03-07T18:00:00,2021-03-08T12:00:00,2021-03-08T18:00:00,6
test_090850_lead024,test,4,90847,90850,90854,2021-03-07T18:00:00,2021-03-08T12:00:00,2021-03-09T12:00:00,24
test_090850_lead072,test,4,90847,90850,90862,2021-03-07T18:00:00,2021-03-08T12:00:00,2021-03-11T12:00:00,72
test_090856_lead006,test,4,90853,90856,90857,2021-03-09T06:00:00,2021-03-10T00:00:00,2021-03-10T06:00:00,6
test_090856_lead024,test,4,90853,90856,90860,2021-03-09T06:00:00,2021-03-10T00:00:00,2021-03-11T00:00:00,24
test_090856_lead072,test,4,90853,90856,90868,2021-03-09T06:00:00,2021-03-10T00:00:00,2021-03-13T00:00:00,72
test_090862_lead006,test,4,90859,90862,90863,2021-03-10T18:00:00,2021-03-11T12:00:00,2021-03-11T18:00:00,6
test_090862_lead024,test,4,90859,90862,90866,2021-03-10T18:00:00,2021-03-11T12:00:00,2021-03-12T12:00:00,24
test_090862_lead072,test,4,90859,90862,90874,2021-03-10T18:00:00,2021-03-11T12:00:00,2021-03-14T12:00:00,72
test_090867_lead006,test,4,90864,90867,90868,2021-03-12T00:00:00,2021-03-12T18:00:00,2021-03-13T00:00:00,6
test_090867_lead024,test,4,90864,90867,90871,2021-03-12T00:00:00,2021-03-12T18:00:00,2021-03-13T18:00:00,24
test_090867_lead072,test,4,90864,90867,90879,2021-03-12T00:00:00,2021-03-12T18:00:00,2021-03-15T18:00:00,72
test_090873_lead006,test,4,90870,90873,90874,2021-03-13T12:00:00,2021-03-14T06:00:00,2021-03-14T12:00:00,6
test_090873_lead024,test,4,90870,90873,90877,2021-03-13T12:00:00,2021-03-14T06:00:00,2021-03-15T06:00:00,24
test_090873_lead072,test,4,90870,90873,90885,2021-03-13T12:00:00,2021-03-14T06:00:00,2021-03-17T06:00:00,72
test_090879_lead006,test,4,90876,90879,90880,2021-03-15T00:00:00,2021-03-15T18:00:00,2021-03-16T00:00:00,6
test_090879_lead024,test,4,90876,90879,90883,2021-03-15T00:00:00,2021-03-15T18:00:00,2021-03-16T18:00:00,24
test_090879_lead072,test,4,90876,90879,90891,2021-03-15T00:00:00,2021-03-15T18:00:00,2021-03-18T18:00:00,72
test_090884_lead006,test,4,90881,90884,90885,2021-03-16T06:00:00,2021-03-17T00:00:00,2021-03-17T06:00:00,6
test_090884_lead024,test,4,90881,90884,90888,2021-03-16T06:00:00,2021-03-17T00:00:00,2021-03-18T00:00:00,24
test_090884_lead072,test,4,90881,90884,90896,2021-03-16T06:00:00,2021-03-17T00:00:00,2021-03-20T00:00:00,72
test_090890_lead006,test,4,90887,90890,90891,2021-03-17T18:00:00,2021-03-18T12:00:00,2021-03-18T18:00:00,6
test_090890_lead024,test,4,90887,90890,90894,2021-03-17T18:00:00,2021-03-18T12:00:00,2021-03-19T12:00:00,24
test_090890_lead072,test,4,90887,90890,90902,2021-03-17T18:00:00,2021-03-18T12:00:00,2021-03-21T12:00:00,72
test_090896_lead006,test,4,90893,90896,90897,2021-03-19T06:00:00,2021-03-20T00:00:00,2021-03-20T06:00:00,6
test_090896_lead024,test,4,90893,90896,90900,2021-03-19T06:00:00,2021-03-20T00:00:00,2021-03-21T00:00:00,24
test_090896_lead072,test,4,90893,90896,90908,2021-03-19T06:00:00,2021-03-20T00:00:00,2021-03-23T00:00:00,72
test_090901_lead006,test,4,90898,90901,90902,2021-03-20T12:00:00,2021-03-21T06:00:00,2021-03-21T12:00:00,6
test_090901_lead024,test,4,90898,90901,90905,2021-03-20T12:00:00,2021-03-21T06:00:00,2021-03-22T06:00:00,24
test_090901_lead072,test,4,90898,90901,90913,2021-03-20T12:00:00,2021-03-21T06:00:00,2021-03-24T06:00:00,72
test_090907_lead006,test,4,90904,90907,90908,2021-03-22T00:00:00,2021-03-22T18:00:00,2021-03-23T00:00:00,6
test_090907_lead024,test,4,90904,90907,90911,2021-03-22T00:00:00,2021-03-22T18:00:00,2021-03-23T18:00:00,24
test_090907_lead072,test,4,90904,90907,90919,2021-03-22T00:00:00,2021-03-22T18:00:00,2021-03-25T18:00:00,72
test_090913_lead006,test,4,90910,90913,90914,2021-03-23T12:00:00,2021-03-24T06:00:00,2021-03-24T12:00:00,6
test_090913_lead024,test,4,90910,90913,90917,2021-03-23T12:00:00,2021-03-24T06:00:00,2021-03-25T06:00:00,24
test_090913_lead072,test,4,90910,90913,90925,2021-03-23T12:00:00,2021-03-24T06:00:00,2021-03-27T06:00:00,72
test_090918_lead006,test,4,90915,90918,90919,2021-03-24T18:00:00,2021-03-25T12:00:00,2021-03-25T18:00:00,6
test_090918_lead024,test,4,90915,90918,90922,2021-03-24T18:00:00,2021-03-25T12:00:00,2021-03-26T12:00:00,24
test_090918_lead072,test,4,90915,90918,90930,2021-03-24T18:00:00,2021-03-25T12:00:00,2021-03-28T12:00:00,72
test_090924_lead006,test,4,90921,90924,90925,2021-03-26T06:00:00,2021-03-27T00:00:00,2021-03-27T06:00:00,6
test_090924_lead024,test,4,90921,90924,90928,2021-03-26T06:00:00,2021-03-27T00:00:00,2021-03-28T00:00:00,24
test_090924_lead072,test,4,90921,90924,90936,2021-03-26T06:00:00,2021-03-27T00:00:00,2021-03-30T00:00:00,72
test_090930_lead006,test,4,90927,90930,90931,2021-03-27T18:00:00,2021-03-28T12:00:00,2021-03-28T18:00:00,6
test_090930_lead024,test,4,90927,90930,90934,2021-03-27T18:00:00,2021-03-28T12:00:00,2021-03-29T12:00:00,24
test_090930_lead072,test,4,90927,90930,90942,2021-03-27T18:00:00,2021-03-28T12:00:00,2021-03-31T12:00:00,72
test_090935_lead006,test,4,90932,90935,90936,2021-03-29T00:00:00,2021-03-29T18:00:00,2021-03-30T00:00:00,6
test_090935_lead024,test,4,90932,90935,90939,2021-03-29T00:00:00,2021-03-29T18:00:00,2021-03-30T18:00:00,24
test_090935_lead072,test,4,90932,90935,90947,2021-03-29T00:00:00,2021-03-29T18:00:00,2021-04-01T18:00:00,72
test_090941_lead006,test,4,90938,90941,90942,2021-03-30T12:00:00,2021-03-31T06:00:00,2021-03-31T12:00:00,6
test_090941_lead024,test,4,90938,90941,90945,2021-03-30T12:00:00,2021-03-31T06:00:00,2021-04-01T06:00:00,24
test_090941_lead072,test,4,90938,90941,90953,2021-03-30T12:00:00,2021-03-31T06:00:00,2021-04-03T06:00:00,72
test_090947_lead006,test,4,90944,90947,90948,2021-04-01T00:00:00,2021-04-01T18:00:00,2021-04-02T00:00:00,6
test_090947_lead024,test,4,90944,90947,90951,2021-04-01T00:00:00,2021-04-01T18:00:00,2021-04-02T18:00:00,24
test_090947_lead072,test,4,90944,90947,90959,2021-04-01T00:00:00,2021-04-01T18:00:00,2021-04-04T18:00:00,72
test_090952_lead006,test,4,90949,90952,90953,2021-04-02T06:00:00,2021-04-03T00:00:00,2021-04-03T06:00:00,6
test_090952_lead024,test,4,90949,90952,90956,2021-04-02T06:00:00,2021-04-03T00:00:00,2021-04-04T00:00:00,24
test_090952_lead072,test,4,90949,90952,90964,2021-04-02T06:00:00,2021-04-03T00:00:00,2021-04-06T00:00:00,72
test_090958_lead006,test,4,90955,90958,90959,2021-04-03T18:00:00,2021-04-04T12:00:00,2021-04-04T18:00:00,6
test_090958_lead024,test,4,90955,90958,90962,2021-04-03T18:00:00,2021-04-04T12:00:00,2021-04-05T12:00:00,24
test_090958_lead072,test,4,90955,90958,90970,2021-04-03T18:00:00,2021-04-04T12:00:00,2021-04-07T12:00:00,72
test_090964_lead006,test,4,90961,90964,90965,2021-04-05T06:00:00,2021-04-06T00:00:00,2021-04-06T06:00:00,6
test_090964_lead024,test,4,90961,90964,90968,2021-04-05T06:00:00,2021-04-06T00:00:00,2021-04-07T00:00:00,24
test_090964_lead072,test,4,90961,90964,90976,2021-04-05T06:00:00,2021-04-06T00:00:00,2021-04-09T00:00:00,72
test_090969_lead006,test,4,90966,90969,90970,2021-04-06T12:00:00,2021-04-07T06:00:00,2021-04-07T12:00:00,6
test_090969_lead024,test,4,90966,90969,90973,2021-04-06T12:00:00,2021-04-07T06:00:00,2021-04-08T06:00:00,24
test_090969_lead072,test,4,90966,90969,90981,2021-04-06T12:00:00,2021-04-07T06:00:00,2021-04-10T06:00:00,72
test_090975_lead006,test,4,90972,90975,90976,2021-04-08T00:00:00,2021-04-08T18:00:00,2021-04-09T00:00:00,6
test_090975_lead024,test,4,90972,90975,90979,2021-04-08T00:00:00,2021-04-08T18:00:00,2021-04-09T18:00:00,24
test_090975_lead072,test,4,90972,90975,90987,2021-04-08T00:00:00,2021-04-08T18:00:00,2021-04-11T18:00:00,72
test_090981_lead006,test,4,90978,90981,90982,2021-04-09T12:00:00,2021-04-10T06:00:00,2021-04-10T12:00:00,6
test_090981_lead024,test,4,90978,90981,90985,2021-04-09T12:00:00,2021-04-10T06:00:00,2021-04-11T06:00:00,24
test_090981_lead072,test,4,90978,90981,90993,2021-04-09T12:00:00,2021-04-10T06:00:00,2021-04-13T06:00:00,72
test_090987_lead006,test,4,90984,90987,90988,2021-04-11T00:00:00,2021-04-11T18:00:00,2021-04-12T00:00:00,6
test_090987_lead024,test,4,90984,90987,90991,2021-04-11T00:00:00,2021-04-11T18:00:00,2021-04-12T18:00:00,24
test_090987_lead072,test,4,90984,90987,90999,2021-04-11T00:00:00,2021-04-11T18:00:00,2021-04-14T18:00:00,72
test_090992_lead006,test,4,90989,90992,90993,2021-04-12T06:00:00,2021-04-13T00:00:00,2021-04-13T06:00:00,6
test_090992_lead024,test,4,90989,90992,90996,2021-04-12T06:00:00,2021-04-13T00:00:00,2021-04-14T00:00:00,24
test_090992_lead072,test,4,90989,90992,91004,2021-04-12T06:00:00,2021-04-13T00:00:00,2021-04-16T00:00:00,72
test_090998_lead006,test,4,90995,90998,90999,2021-04-13T18:00:00,2021-04-14T12:00:00,2021-04-14T18:00:00,6
test_090998_lead024,test,4,90995,90998,91002,2021-04-13T18:00:00,2021-04-14T12:00:00,2021-04-15T12:00:00,24
test_090998_lead072,test,4,90995,90998,91010,2021-04-13T18:00:00,2021-04-14T12:00:00,2021-04-17T12:00:00,72
test_091004_lead006,test,4,91001,91004,91005,2021-04-15T06:00:00,2021-04-16T00:00:00,2021-04-16T06:00:00,6
test_091004_lead024,test,4,91001,91004,91008,2021-04-15T06:00:00,2021-04-16T00:00:00,2021-04-17T00:00:00,24
test_091004_lead072,test,4,91001,91004,91016,2021-04-15T06:00:00,2021-04-16T00:00:00,2021-04-19T00:00:00,72
test_091009_lead006,test,4,91006,91009,91010,2021-04-16T12:00:00,2021-04-17T06:00:00,2021-04-17T12:00:00,6
test_091009_lead024,test,4,91006,91009,91013,2021-04-16T12:00:00,2021-04-17T06:00:00,2021-04-18T06:00:00,24
test_091009_lead072,test,4,91006,91009,91021,2021-04-16T12:00:00,2021-04-17T06:00:00,2021-04-20T06:00:00,72
test_091015_lead006,test,4,91012,91015,91016,2021-04-18T00:00:00,2021-04-18T18:00:00,2021-04-19T00:00:00,6
test_091015_lead024,test,4,91012,91015,91019,2021-04-18T00:00:00,2021-04-18T18:00:00,2021-04-19T18:00:00,24
test_091015_lead072,test,4,91012,91015,91027,2021-04-18T00:00:00,2021-04-18T18:00:00,2021-04-21T18:00:00,72
test_091021_lead006,test,4,91018,91021,91022,2021-04-19T12:00:00,2021-04-20T06:00:00,2021-04-20T12:00:00,6
test_091021_lead024,test,4,91018,91021,91025,2021-04-19T12:00:00,2021-04-20T06:00:00,2021-04-21T06:00:00,24
test_091021_lead072,test,4,91018,91021,91033,2021-04-19T12:00:00,2021-04-20T06:00:00,2021-04-23T06:00:00,72
test_091026_lead006,test,4,91023,91026,91027,2021-04-20T18:00:00,2021-04-21T12:00:00,2021-04-21T18:00:00,6
test_091026_lead024,test,4,91023,91026,91030,2021-04-20T18:00:00,2021-04-21T12:00:00,2021-04-22T12:00:00,24
test_091026_lead072,test,4,91023,91026,91038,2021-04-20T18:00:00,2021-04-21T12:00:00,2021-04-24T12:00:00,72
test_091032_lead006,test,4,91029,91032,91033,2021-04-22T06:00:00,2021-04-23T00:00:00,2021-04-23T06:00:00,6
test_091032_lead024,test,4,91029,91032,91036,2021-04-22T06:00:00,2021-04-23T00:00:00,2021-04-24T00:00:00,24
test_091032_lead072,test,4,91029,91032,91044,2021-04-22T06:00:00,2021-04-23T00:00:00,2021-04-26T00:00:00,72
test_091038_lead006,test,4,91035,91038,91039,2021-04-23T18:00:00,2021-04-24T12:00:00,2021-04-24T18:00:00,6
test_091038_lead024,test,4,91035,91038,91042,2021-04-23T18:00:00,2021-04-24T12:00:00,2021-04-25T12:00:00,24
test_091038_lead072,test,4,91035,91038,91050,2021-04-23T18:00:00,2021-04-24T12:00:00,2021-04-27T12:00:00,72
test_091043_lead006,test,4,91040,91043,91044,2021-04-25T00:00:00,2021-04-25T18:00:00,2021-04-26T00:00:00,6
test_091043_lead024,test,4,91040,91043,91047,2021-04-25T00:00:00,2021-04-25T18:00:00,2021-04-26T18:00:00,24
test_091043_lead072,test,4,91040,91043,91055,2021-04-25T00:00:00,2021-04-25T18:00:00,2021-04-28T18:00:00,72
test_091049_lead006,test,4,91046,91049,91050,2021-04-26T12:00:00,2021-04-27T06:00:00,2021-04-27T12:00:00,6
test_091049_lead024,test,4,91046,91049,91053,2021-04-26T12:00:00,2021-04-27T06:00:00,2021-04-28T06:00:00,24
test_091049_lead072,test,4,91046,91049,91061,2021-04-26T12:00:00,2021-04-27T06:00:00,2021-04-30T06:00:00,72
test_091055_lead006,test,4,91052,91055,91056,2021-04-28T00:00:00,2021-04-28T18:00:00,2021-04-29T00:00:00,6
test_091055_lead024,test,4,91052,91055,91059,2021-04-28T00:00:00,2021-04-28T18:00:00,2021-04-29T18:00:00,24
test_091055_lead072,test,4,91052,91055,91067,2021-04-28T00:00:00,2021-04-28T18:00:00,2021-05-01T18:00:00,72
test_091060_lead006,test,4,91057,91060,91061,2021-04-29T06:00:00,2021-04-30T00:00:00,2021-04-30T06:00:00,6
test_091060_lead024,test,4,91057,91060,91064,2021-04-29T06:00:00,2021-04-30T00:00:00,2021-05-01T00:00:00,24
test_091060_lead072,test,4,91057,91060,91072,2021-04-29T06:00:00,2021-04-30T00:00:00,2021-05-03T00:00:00,72
test_091066_lead006,test,4,91063,91066,91067,2021-04-30T18:00:00,2021-05-01T12:00:00,2021-05-01T18:00:00,6
test_091066_lead024,test,4,91063,91066,91070,2021-04-30T18:00:00,2021-05-01T12:00:00,2021-05-02T12:00:00,24
test_091066_lead072,test,4,91063,91066,91078,2021-04-30T18:00:00,2021-05-01T12:00:00,2021-05-04T12:00:00,72
test_091072_lead006,test,4,91069,91072,91073,2021-05-02T06:00:00,2021-05-03T00:00:00,2021-05-03T06:00:00,6
test_091072_lead024,test,4,91069,91072,91076,2021-05-02T06:00:00,2021-05-03T00:00:00,2021-05-04T00:00:00,24
test_091072_lead072,test,4,91069,91072,91084,2021-05-02T06:00:00,2021-05-03T00:00:00,2021-05-06T00:00:00,72
test_091077_lead006,test,4,91074,91077,91078,2021-05-03T12:00:00,2021-05-04T06:00:00,2021-05-04T12:00:00,6
test_091077_lead024,test,4,91074,91077,91081,2021-05-03T12:00:00,2021-05-04T06:00:00,2021-05-05T06:00:00,24
test_091077_lead072,test,4,91074,91077,91089,2021-05-03T12:00:00,2021-05-04T06:00:00,2021-05-07T06:00:00,72
test_091083_lead006,test,4,91080,91083,91084,2021-05-05T00:00:00,2021-05-05T18:00:00,2021-05-06T00:00:00,6
test_091083_lead024,test,4,91080,91083,91087,2021-05-05T00:00:00,2021-05-05T18:00:00,2021-05-06T18:00:00,24
test_091083_lead072,test,4,91080,91083,91095,2021-05-05T00:00:00,2021-05-05T18:00:00,2021-05-08T18:00:00,72
test_091089_lead006,test,4,91086,91089,91090,2021-05-06T12:00:00,2021-05-07T06:00:00,2021-05-07T12:00:00,6
test_091089_lead024,test,4,91086,91089,91093,2021-05-06T12:00:00,2021-05-07T06:00:00,2021-05-08T06:00:00,24
test_091089_lead072,test,4,91086,91089,91101,2021-05-06T12:00:00,2021-05-07T06:00:00,2021-05-10T06:00:00,72
test_091094_lead006,test,4,91091,91094,91095,2021-05-07T18:00:00,2021-05-08T12:00:00,2021-05-08T18:00:00,6
test_091094_lead024,test,4,91091,91094,91098,2021-05-07T18:00:00,2021-05-08T12:00:00,2021-05-09T12:00:00,24
test_091094_lead072,test,4,91091,91094,91106,2021-05-07T18:00:00,2021-05-08T12:00:00,2021-05-11T12:00:00,72
test_091100_lead006,test,4,91097,91100,91101,2021-05-09T06:00:00,2021-05-10T00:00:00,2021-05-10T06:00:00,6
test_091100_lead024,test,4,91097,91100,91104,2021-05-09T06:00:00,2021-05-10T00:00:00,2021-05-11T00:00:00,24
test_091100_lead072,test,4,91097,91100,91112,2021-05-09T06:00:00,2021-05-10T00:00:00,2021-05-13T00:00:00,72
test_091106_lead006,test,4,91103,91106,91107,2021-05-10T18:00:00,2021-05-11T12:00:00,2021-05-11T18:00:00,6
test_091106_lead024,test,4,91103,91106,91110,2021-05-10T18:00:00,2021-05-11T12:00:00,2021-05-12T12:00:00,24
test_091106_lead072,test,4,91103,91106,91118,2021-05-10T18:00:00,2021-05-11T12:00:00,2021-05-14T12:00:00,72
test_091111_lead006,test,4,91108,91111,91112,2021-05-12T00:00:00,2021-05-12T18:00:00,2021-05-13T00:00:00,6
test_091111_lead024,test,4,91108,91111,91115,2021-05-12T00:00:00,2021-05-12T18:00:00,2021-05-13T18:00:00,24
test_091111_lead072,test,4,91108,91111,91123,2021-05-12T00:00:00,2021-05-12T18:00:00,2021-05-15T18:00:00,72
test_091117_lead006,test,4,91114,91117,91118,2021-05-13T12:00:00,2021-05-14T06:00:00,2021-05-14T12:00:00,6
test_091117_lead024,test,4,91114,91117,91121,2021-05-13T12:00:00,2021-05-14T06:00:00,2021-05-15T06:00:00,24
test_091117_lead072,test,4,91114,91117,91129,2021-05-13T12:00:00,2021-05-14T06:00:00,2021-05-17T06:00:00,72
test_091123_lead006,test,4,91120,91123,91124,2021-05-15T00:00:00,2021-05-15T18:00:00,2021-05-16T00:00:00,6
test_091123_lead024,test,4,91120,91123,91127,2021-05-15T00:00:00,2021-05-15T18:00:00,2021-05-16T18:00:00,24
test_091123_lead072,test,4,91120,91123,91135,2021-05-15T00:00:00,2021-05-15T18:00:00,2021-05-18T18:00:00,72
test_091128_lead006,test,4,91125,91128,91129,2021-05-16T06:00:00,2021-05-17T00:00:00,2021-05-17T06:00:00,6
test_091128_lead024,test,4,91125,91128,91132,2021-05-16T06:00:00,2021-05-17T00:00:00,2021-05-18T00:00:00,24
test_091128_lead072,test,4,91125,91128,91140,2021-05-16T06:00:00,2021-05-17T00:00:00,2021-05-20T00:00:00,72
test_091134_lead006,test,4,91131,91134,91135,2021-05-17T18:00:00,2021-05-18T12:00:00,2021-05-18T18:00:00,6
test_091134_lead024,test,4,91131,91134,91138,2021-05-17T18:00:00,2021-05-18T12:00:00,2021-05-19T12:00:00,24
test_091134_lead072,test,4,91131,91134,91146,2021-05-17T18:00:00,2021-05-18T12:00:00,2021-05-21T12:00:00,72
test_091140_lead006,test,4,91137,91140,91141,2021-05-19T06:00:00,2021-05-20T00:00:00,2021-05-20T06:00:00,6
test_091140_lead024,test,4,91137,91140,91144,2021-05-19T06:00:00,2021-05-20T00:00:00,2021-05-21T00:00:00,24
test_091140_lead072,test,4,91137,91140,91152,2021-05-19T06:00:00,2021-05-20T00:00:00,2021-05-23T00:00:00,72
test_091145_lead006,test,4,91142,91145,91146,2021-05-20T12:00:00,2021-05-21T06:00:00,2021-05-21T12:00:00,6
test_091145_lead024,test,4,91142,91145,91149,2021-05-20T12:00:00,2021-05-21T06:00:00,2021-05-22T06:00:00,24
test_091145_lead072,test,4,91142,91145,91157,2021-05-20T12:00:00,2021-05-21T06:00:00,2021-05-24T06:00:00,72
test_091151_lead006,test,4,91148,91151,91152,2021-05-22T00:00:00,2021-05-22T18:00:00,2021-05-23T00:00:00,6
test_091151_lead024,test,4,91148,91151,91155,2021-05-22T00:00:00,2021-05-22T18:00:00,2021-05-23T18:00:00,24
test_091151_lead072,test,4,91148,91151,91163,2021-05-22T00:00:00,2021-05-22T18:00:00,2021-05-25T18:00:00,72
test_091157_lead006,test,4,91154,91157,91158,2021-05-23T12:00:00,2021-05-24T06:00:00,2021-05-24T12:00:00,6
test_091157_lead024,test,4,91154,91157,91161,2021-05-23T12:00:00,2021-05-24T06:00:00,2021-05-25T06:00:00,24
test_091157_lead072,test,4,91154,91157,91169,2021-05-23T12:00:00,2021-05-24T06:00:00,2021-05-27T06:00:00,72
test_091162_lead006,test,4,91159,91162,91163,2021-05-24T18:00:00,2021-05-25T12:00:00,2021-05-25T18:00:00,6
test_091162_lead024,test,4,91159,91162,91166,2021-05-24T18:00:00,2021-05-25T12:00:00,2021-05-26T12:00:00,24
test_091162_lead072,test,4,91159,91162,91174,2021-05-24T18:00:00,2021-05-25T12:00:00,2021-05-28T12:00:00,72
test_091168_lead006,test,4,91165,91168,91169,2021-05-26T06:00:00,2021-05-27T00:00:00,2021-05-27T06:00:00,6
test_091168_lead024,test,4,91165,91168,91172,2021-05-26T06:00:00,2021-05-27T00:00:00,2021-05-28T00:00:00,24
test_091168_lead072,test,4,91165,91168,91180,2021-05-26T06:00:00,2021-05-27T00:00:00,2021-05-30T00:00:00,72
test_091174_lead006,test,4,91171,91174,91175,2021-05-27T18:00:00,2021-05-28T12:00:00,2021-05-28T18:00:00,6
test_091174_lead024,test,4,91171,91174,91178,2021-05-27T18:00:00,2021-05-28T12:00:00,2021-05-29T12:00:00,24
test_091174_lead072,test,4,91171,91174,91186,2021-05-27T18:00:00,2021-05-28T12:00:00,2021-05-31T12:00:00,72
test_091179_lead006,test,4,91176,91179,91180,2021-05-29T00:00:00,2021-05-29T18:00:00,2021-05-30T00:00:00,6
test_091179_lead024,test,4,91176,91179,91183,2021-05-29T00:00:00,2021-05-29T18:00:00,2021-05-30T18:00:00,24
test_091179_lead072,test,4,91176,91179,91191,2021-05-29T00:00:00,2021-05-29T18:00:00,2021-06-01T18:00:00,72
test_091185_lead006,test,4,91182,91185,91186,2021-05-30T12:00:00,2021-05-31T06:00:00,2021-05-31T12:00:00,6
test_091185_lead024,test,4,91182,91185,91189,2021-05-30T12:00:00,2021-05-31T06:00:00,2021-06-01T06:00:00,24
test_091185_lead072,test,4,91182,91185,91197,2021-05-30T12:00:00,2021-05-31T06:00:00,2021-06-03T06:00:00,72
test_091191_lead006,test,4,91188,91191,91192,2021-06-01T00:00:00,2021-06-01T18:00:00,2021-06-02T00:00:00,6
test_091191_lead024,test,4,91188,91191,91195,2021-06-01T00:00:00,2021-06-01T18:00:00,2021-06-02T18:00:00,24
test_091191_lead072,test,4,91188,91191,91203,2021-06-01T00:00:00,2021-06-01T18:00:00,2021-06-04T18:00:00,72
test_091196_lead006,test,4,91193,91196,91197,2021-06-02T06:00:00,2021-06-03T00:00:00,2021-06-03T06:00:00,6
test_091196_lead024,test,4,91193,91196,91200,2021-06-02T06:00:00,2021-06-03T00:00:00,2021-06-04T00:00:00,24
test_091196_lead072,test,4,91193,91196,91208,2021-06-02T06:00:00,2021-06-03T00:00:00,2021-06-06T00:00:00,72
test_091202_lead006,test,4,91199,91202,91203,2021-06-03T18:00:00,2021-06-04T12:00:00,2021-06-04T18:00:00,6
test_091202_lead024,test,4,91199,91202,91206,2021-06-03T18:00:00,2021-06-04T12:00:00,2021-06-05T12:00:00,24
test_091202_lead072,test,4,91199,91202,91214,2021-06-03T18:00:00,2021-06-04T12:00:00,2021-06-07T12:00:00,72
test_091208_lead006,test,4,91205,91208,91209,2021-06-05T06:00:00,2021-06-06T00:00:00,2021-06-06T06:00:00,6
test_091208_lead024,test,4,91205,91208,91212,2021-06-05T06:00:00,2021-06-06T00:00:00,2021-06-07T00:00:00,24
test_091208_lead072,test,4,91205,91208,91220,2021-06-05T06:00:00,2021-06-06T00:00:00,2021-06-09T00:00:00,72
test_091213_lead006,test,4,91210,91213,91214,2021-06-06T12:00:00,2021-06-07T06:00:00,2021-06-07T12:00:00,6
test_091213_lead024,test,4,91210,91213,91217,2021-06-06T12:00:00,2021-06-07T06:00:00,2021-06-08T06:00:00,24
test_091213_lead072,test,4,91210,91213,91225,2021-06-06T12:00:00,2021-06-07T06:00:00,2021-06-10T06:00:00,72
test_091219_lead006,test,4,91216,91219,91220,2021-06-08T00:00:00,2021-06-08T18:00:00,2021-06-09T00:00:00,6
test_091219_lead024,test,4,91216,91219,91223,2021-06-08T00:00:00,2021-06-08T18:00:00,2021-06-09T18:00:00,24
test_091219_lead072,test,4,91216,91219,91231,2021-06-08T00:00:00,2021-06-08T18:00:00,2021-06-11T18:00:00,72
test_091225_lead006,test,4,91222,91225,91226,2021-06-09T12:00:00,2021-06-10T06:00:00,2021-06-10T12:00:00,6
test_091225_lead024,test,4,91222,91225,91229,2021-06-09T12:00:00,2021-06-10T06:00:00,2021-06-11T06:00:00,24
test_091225_lead072,test,4,91222,91225,91237,2021-06-09T12:00:00,2021-06-10T06:00:00,2021-06-13T06:00:00,72
test_091230_lead006,test,4,91227,91230,91231,2021-06-10T18:00:00,2021-06-11T12:00:00,2021-06-11T18:00:00,6
test_091230_lead024,test,4,91227,91230,91234,2021-06-10T18:00:00,2021-06-11T12:00:00,2021-06-12T12:00:00,24
test_091230_lead072,test,4,91227,91230,91242,2021-06-10T18:00:00,2021-06-11T12:00:00,2021-06-14T12:00:00,72
test_091236_lead006,test,4,91233,91236,91237,2021-06-12T06:00:00,2021-06-13T00:00:00,2021-06-13T06:00:00,6
test_091236_lead024,test,4,91233,91236,91240,2021-06-12T06:00:00,2021-06-13T00:00:00,2021-06-14T00:00:00,24
test_091236_lead072,test,4,91233,91236,91248,2021-06-12T06:00:00,2021-06-13T00:00:00,2021-06-16T00:00:00,72
test_091242_lead006,test,4,91239,91242,91243,2021-06-13T18:00:00,2021-06-14T12:00:00,2021-06-14T18:00:00,6
test_091242_lead024,test,4,91239,91242,91246,2021-06-13T18:00:00,2021-06-14T12:00:00,2021-06-15T12:00:00,24
test_091242_lead072,test,4,91239,91242,91254,2021-06-13T18:00:00,2021-06-14T12:00:00,2021-06-17T12:00:00,72
test_091248_lead006,test,4,91245,91248,91249,2021-06-15T06:00:00,2021-06-16T00:00:00,2021-06-16T06:00:00,6
test_091248_lead024,test,4,91245,91248,91252,2021-06-15T06:00:00,2021-06-16T00:00:00,2021-06-17T00:00:00,24
test_091248_lead072,test,4,91245,91248,91260,2021-06-15T06:00:00,2021-06-16T00:00:00,2021-06-19T00:00:00,72
test_091253_lead006,test,4,91250,91253,91254,2021-06-16T12:00:00,2021-06-17T06:00:00,2021-06-17T12:00:00,6
test_091253_lead024,test,4,91250,91253,91257,2021-06-16T12:00:00,2021-06-17T06:00:00,2021-06-18T06:00:00,24
test_091253_lead072,test,4,91250,91253,91265,2021-06-16T12:00:00,2021-06-17T06:00:00,2021-06-20T06:00:00,72
test_091259_lead006,test,4,91256,91259,91260,2021-06-18T00:00:00,2021-06-18T18:00:00,2021-06-19T00:00:00,6
test_091259_lead024,test,4,91256,91259,91263,2021-06-18T00:00:00,2021-06-18T18:00:00,2021-06-19T18:00:00,24
test_091259_lead072,test,4,91256,91259,91271,2021-06-18T00:00:00,2021-06-18T18:00:00,2021-06-21T18:00:00,72
test_091265_lead006,test,4,91262,91265,91266,2021-06-19T12:00:00,2021-06-20T06:00:00,2021-06-20T12:00:00,6
test_091265_lead024,test,4,91262,91265,91269,2021-06-19T12:00:00,2021-06-20T06:00:00,2021-06-21T06:00:00,24
test_091265_lead072,test,4,91262,91265,91277,2021-06-19T12:00:00,2021-06-20T06:00:00,2021-06-23T06:00:00,72
test_091270_lead006,test,4,91267,91270,91271,2021-06-20T18:00:00,2021-06-21T12:00:00,2021-06-21T18:00:00,6
test_091270_lead024,test,4,91267,91270,91274,2021-06-20T18:00:00,2021-06-21T12:00:00,2021-06-22T12:00:00,24
test_091270_lead072,test,4,91267,91270,91282,2021-06-20T18:00:00,2021-06-21T12:00:00,2021-06-24T12:00:00,72
test_091276_lead006,test,4,91273,91276,91277,2021-06-22T06:00:00,2021-06-23T00:00:00,2021-06-23T06:00:00,6
test_091276_lead024,test,4,91273,91276,91280,2021-06-22T06:00:00,2021-06-23T00:00:00,2021-06-24T00:00:00,24
test_091276_lead072,test,4,91273,91276,91288,2021-06-22T06:00:00,2021-06-23T00:00:00,2021-06-26T00:00:00,72
test_091282_lead006,test,4,91279,91282,91283,2021-06-23T18:00:00,2021-06-24T12:00:00,2021-06-24T18:00:00,6
test_091282_lead024,test,4,91279,91282,91286,2021-06-23T18:00:00,2021-06-24T12:00:00,2021-06-25T12:00:00,24
test_091282_lead072,test,4,91279,91282,91294,2021-06-23T18:00:00,2021-06-24T12:00:00,2021-06-27T12:00:00,72
test_091287_lead006,test,4,91284,91287,91288,2021-06-25T00:00:00,2021-06-25T18:00:00,2021-06-26T00:00:00,6
test_091287_lead024,test,4,91284,91287,91291,2021-06-25T00:00:00,2021-06-25T18:00:00,2021-06-26T18:00:00,24
test_091287_lead072,test,4,91284,91287,91299,2021-06-25T00:00:00,2021-06-25T18:00:00,2021-06-28T18:00:00,72
test_091293_lead006,test,4,91290,91293,91294,2021-06-26T12:00:00,2021-06-27T06:00:00,2021-06-27T12:00:00,6
test_091293_lead024,test,4,91290,91293,91297,2021-06-26T12:00:00,2021-06-27T06:00:00,2021-06-28T06:00:00,24
test_091293_lead072,test,4,91290,91293,91305,2021-06-26T12:00:00,2021-06-27T06:00:00,2021-06-30T06:00:00,72
test_091299_lead006,test,4,91296,91299,91300,2021-06-28T00:00:00,2021-06-28T18:00:00,2021-06-29T00:00:00,6
test_091299_lead024,test,4,91296,91299,91303,2021-06-28T00:00:00,2021-06-28T18:00:00,2021-06-29T18:00:00,24
test_091299_lead072,test,4,91296,91299,91311,2021-06-28T00:00:00,2021-06-28T18:00:00,2021-07-01T18:00:00,72
test_091304_lead006,test,4,91301,91304,91305,2021-06-29T06:00:00,2021-06-30T00:00:00,2021-06-30T06:00:00,6
test_091304_lead024,test,4,91301,91304,91308,2021-06-29T06:00:00,2021-06-30T00:00:00,2021-07-01T00:00:00,24
test_091304_lead072,test,4,91301,91304,91316,2021-06-29T06:00:00,2021-06-30T00:00:00,2021-07-03T00:00:00,72
test_091310_lead006,test,4,91307,91310,91311,2021-06-30T18:00:00,2021-07-01T12:00:00,2021-07-01T18:00:00,6
test_091310_lead024,test,4,91307,91310,91314,2021-06-30T18:00:00,2021-07-01T12:00:00,2021-07-02T12:00:00,24
test_091310_lead072,test,4,91307,91310,91322,2021-06-30T18:00:00,2021-07-01T12:00:00,2021-07-04T12:00:00,72
test_091316_lead006,test,4,91313,91316,91317,2021-07-02T06:00:00,2021-07-03T00:00:00,2021-07-03T06:00:00,6
test_091316_lead024,test,4,91313,91316,91320,2021-07-02T06:00:00,2021-07-03T00:00:00,2021-07-04T00:00:00,24
test_091316_lead072,test,4,91313,91316,91328,2021-07-02T06:00:00,2021-07-03T00:00:00,2021-07-06T00:00:00,72
test_091321_lead006,test,4,91318,91321,91322,2021-07-03T12:00:00,2021-07-04T06:00:00,2021-07-04T12:00:00,6
test_091321_lead024,test,4,91318,91321,91325,2021-07-03T12:00:00,2021-07-04T06:00:00,2021-07-05T06:00:00,24
test_091321_lead072,test,4,91318,91321,91333,2021-07-03T12:00:00,2021-07-04T06:00:00,2021-07-07T06:00:00,72
test_091327_lead006,test,4,91324,91327,91328,2021-07-05T00:00:00,2021-07-05T18:00:00,2021-07-06T00:00:00,6
test_091327_lead024,test,4,91324,91327,91331,2021-07-05T00:00:00,2021-07-05T18:00:00,2021-07-06T18:00:00,24
test_091327_lead072,test,4,91324,91327,91339,2021-07-05T00:00:00,2021-07-05T18:00:00,2021-07-08T18:00:00,72
test_091333_lead006,test,4,91330,91333,91334,2021-07-06T12:00:00,2021-07-07T06:00:00,2021-07-07T12:00:00,6
test_091333_lead024,test,4,91330,91333,91337,2021-07-06T12:00:00,2021-07-07T06:00:00,2021-07-08T06:00:00,24
test_091333_lead072,test,4,91330,91333,91345,2021-07-06T12:00:00,2021-07-07T06:00:00,2021-07-10T06:00:00,72
test_091338_lead006,test,4,91335,91338,91339,2021-07-07T18:00:00,2021-07-08T12:00:00,2021-07-08T18:00:00,6
test_091338_lead024,test,4,91335,91338,91342,2021-07-07T18:00:00,2021-07-08T12:00:00,2021-07-09T12:00:00,24
test_091338_lead072,test,4,91335,91338,91350,2021-07-07T18:00:00,2021-07-08T12:00:00,2021-07-11T12:00:00,72
test_091344_lead006,test,4,91341,91344,91345,2021-07-09T06:00:00,2021-07-10T00:00:00,2021-07-10T06:00:00,6
test_091344_lead024,test,4,91341,91344,91348,2021-07-09T06:00:00,2021-07-10T00:00:00,2021-07-11T00:00:00,24
test_091344_lead072,test,4,91341,91344,91356,2021-07-09T06:00:00,2021-07-10T00:00:00,2021-07-13T00:00:00,72
test_091350_lead006,test,4,91347,91350,91351,2021-07-10T18:00:00,2021-07-11T12:00:00,2021-07-11T18:00:00,6
test_091350_lead024,test,4,91347,91350,91354,2021-07-10T18:00:00,2021-07-11T12:00:00,2021-07-12T12:00:00,24
test_091350_lead072,test,4,91347,91350,91362,2021-07-10T18:00:00,2021-07-11T12:00:00,2021-07-14T12:00:00,72
test_091355_lead006,test,4,91352,91355,91356,2021-07-12T00:00:00,2021-07-12T18:00:00,2021-07-13T00:00:00,6
test_091355_lead024,test,4,91352,91355,91359,2021-07-12T00:00:00,2021-07-12T18:00:00,2021-07-13T18:00:00,24
test_091355_lead072,test,4,91352,91355,91367,2021-07-12T00:00:00,2021-07-12T18:00:00,2021-07-15T18:00:00,72
test_091361_lead006,test,4,91358,91361,91362,2021-07-13T12:00:00,2021-07-14T06:00:00,2021-07-14T12:00:00,6
test_091361_lead024,test,4,91358,91361,91365,2021-07-13T12:00:00,2021-07-14T06:00:00,2021-07-15T06:00:00,24
test_091361_lead072,test,4,91358,91361,91373,2021-07-13T12:00:00,2021-07-14T06:00:00,2021-07-17T06:00:00,72
test_091367_lead006,test,4,91364,91367,91368,2021-07-15T00:00:00,2021-07-15T18:00:00,2021-07-16T00:00:00,6
test_091367_lead024,test,4,91364,91367,91371,2021-07-15T00:00:00,2021-07-15T18:00:00,2021-07-16T18:00:00,24
test_091367_lead072,test,4,91364,91367,91379,2021-07-15T00:00:00,2021-07-15T18:00:00,2021-07-18T18:00:00,72
test_091372_lead006,test,4,91369,91372,91373,2021-07-16T06:00:00,2021-07-17T00:00:00,2021-07-17T06:00:00,6
test_091372_lead024,test,4,91369,91372,91376,2021-07-16T06:00:00,2021-07-17T00:00:00,2021-07-18T00:00:00,24
test_091372_lead072,test,4,91369,91372,91384,2021-07-16T06:00:00,2021-07-17T00:00:00,2021-07-20T00:00:00,72
test_091378_lead006,test,4,91375,91378,91379,2021-07-17T18:00:00,2021-07-18T12:00:00,2021-07-18T18:00:00,6
test_091378_lead024,test,4,91375,91378,91382,2021-07-17T18:00:00,2021-07-18T12:00:00,2021-07-19T12:00:00,24
test_091378_lead072,test,4,91375,91378,91390,2021-07-17T18:00:00,2021-07-18T12:00:00,2021-07-21T12:00:00,72
test_091384_lead006,test,4,91381,91384,91385,2021-07-19T06:00:00,2021-07-20T00:00:00,2021-07-20T06:00:00,6
test_091384_lead024,test,4,91381,91384,91388,2021-07-19T06:00:00,2021-07-20T00:00:00,2021-07-21T00:00:00,24
test_091384_lead072,test,4,91381,91384,91396,2021-07-19T06:00:00,2021-07-20T00:00:00,2021-07-23T00:00:00,72
test_091389_lead006,test,4,91386,91389,91390,2021-07-20T12:00:00,2021-07-21T06:00:00,2021-07-21T12:00:00,6
test_091389_lead024,test,4,91386,91389,91393,2021-07-20T12:00:00,2021-07-21T06:00:00,2021-07-22T06:00:00,24
test_091389_lead072,test,4,91386,91389,91401,2021-07-20T12:00:00,2021-07-21T06:00:00,2021-07-24T06:00:00,72
test_091395_lead006,test,4,91392,91395,91396,2021-07-22T00:00:00,2021-07-22T18:00:00,2021-07-23T00:00:00,6
test_091395_lead024,test,4,91392,91395,91399,2021-07-22T00:00:00,2021-07-22T18:00:00,2021-07-23T18:00:00,24
test_091395_lead072,test,4,91392,91395,91407,2021-07-22T00:00:00,2021-07-22T18:00:00,2021-07-25T18:00:00,72
test_091401_lead006,test,4,91398,91401,91402,2021-07-23T12:00:00,2021-07-24T06:00:00,2021-07-24T12:00:00,6
test_091401_lead024,test,4,91398,91401,91405,2021-07-23T12:00:00,2021-07-24T06:00:00,2021-07-25T06:00:00,24
test_091401_lead072,test,4,91398,91401,91413,2021-07-23T12:00:00,2021-07-24T06:00:00,2021-07-27T06:00:00,72
test_091406_lead006,test,4,91403,91406,91407,2021-07-24T18:00:00,2021-07-25T12:00:00,2021-07-25T18:00:00,6
test_091406_lead024,test,4,91403,91406,91410,2021-07-24T18:00:00,2021-07-25T12:00:00,2021-07-26T12:00:00,24
test_091406_lead072,test,4,91403,91406,91418,2021-07-24T18:00:00,2021-07-25T12:00:00,2021-07-28T12:00:00,72
test_091412_lead006,test,4,91409,91412,91413,2021-07-26T06:00:00,2021-07-27T00:00:00,2021-07-27T06:00:00,6
test_091412_lead024,test,4,91409,91412,91416,2021-07-26T06:00:00,2021-07-27T00:00:00,2021-07-28T00:00:00,24
test_091412_lead072,test,4,91409,91412,91424,2021-07-26T06:00:00,2021-07-27T00:00:00,2021-07-30T00:00:00,72
test_091418_lead006,test,4,91415,91418,91419,2021-07-27T18:00:00,2021-07-28T12:00:00,2021-07-28T18:00:00,6
test_091418_lead024,test,4,91415,91418,91422,2021-07-27T18:00:00,2021-07-28T12:00:00,2021-07-29T12:00:00,24
test_091418_lead072,test,4,91415,91418,91430,2021-07-27T18:00:00,2021-07-28T12:00:00,2021-07-31T12:00:00,72
test_091423_lead006,test,4,91420,91423,91424,2021-07-29T00:00:00,2021-07-29T18:00:00,2021-07-30T00:00:00,6
test_091423_lead024,test,4,91420,91423,91427,2021-07-29T00:00:00,2021-07-29T18:00:00,2021-07-30T18:00:00,24
test_091423_lead072,test,4,91420,91423,91435,2021-07-29T00:00:00,2021-07-29T18:00:00,2021-08-01T18:00:00,72
test_091429_lead006,test,4,91426,91429,91430,2021-07-30T12:00:00,2021-07-31T06:00:00,2021-07-31T12:00:00,6
test_091429_lead024,test,4,91426,91429,91433,2021-07-30T12:00:00,2021-07-31T06:00:00,2021-08-01T06:00:00,24
test_091429_lead072,test,4,91426,91429,91441,2021-07-30T12:00:00,2021-07-31T06:00:00,2021-08-03T06:00:00,72
test_091435_lead006,test,4,91432,91435,91436,2021-08-01T00:00:00,2021-08-01T18:00:00,2021-08-02T00:00:00,6
test_091435_lead024,test,4,91432,91435,91439,2021-08-01T00:00:00,2021-08-01T18:00:00,2021-08-02T18:00:00,24
test_091435_lead072,test,4,91432,91435,91447,2021-08-01T00:00:00,2021-08-01T18:00:00,2021-08-04T18:00:00,72
test_091440_lead006,test,4,91437,91440,91441,2021-08-02T06:00:00,2021-08-03T00:00:00,2021-08-03T06:00:00,6
test_091440_lead024,test,4,91437,91440,91444,2021-08-02T06:00:00,2021-08-03T00:00:00,2021-08-04T00:00:00,24
test_091440_lead072,test,4,91437,91440,91452,2021-08-02T06:00:00,2021-08-03T00:00:00,2021-08-06T00:00:00,72
test_091446_lead006,test,4,91443,91446,91447,2021-08-03T18:00:00,2021-08-04T12:00:00,2021-08-04T18:00:00,6
test_091446_lead024,test,4,91443,91446,91450,2021-08-03T18:00:00,2021-08-04T12:00:00,2021-08-05T12:00:00,24
test_091446_lead072,test,4,91443,91446,91458,2021-08-03T18:00:00,2021-08-04T12:00:00,2021-08-07T12:00:00,72
test_091452_lead006,test,4,91449,91452,91453,2021-08-05T06:00:00,2021-08-06T00:00:00,2021-08-06T06:00:00,6
test_091452_lead024,test,4,91449,91452,91456,2021-08-05T06:00:00,2021-08-06T00:00:00,2021-08-07T00:00:00,24
test_091452_lead072,test,4,91449,91452,91464,2021-08-05T06:00:00,2021-08-06T00:00:00,2021-08-09T00:00:00,72
test_091457_lead006,test,4,91454,91457,91458,2021-08-06T12:00:00,2021-08-07T06:00:00,2021-08-07T12:00:00,6
test_091457_lead024,test,4,91454,91457,91461,2021-08-06T12:00:00,2021-08-07T06:00:00,2021-08-08T06:00:00,24
test_091457_lead072,test,4,91454,91457,91469,2021-08-06T12:00:00,2021-08-07T06:00:00,2021-08-10T06:00:00,72
test_091463_lead006,test,4,91460,91463,91464,2021-08-08T00:00:00,2021-08-08T18:00:00,2021-08-09T00:00:00,6
test_091463_lead024,test,4,91460,91463,91467,2021-08-08T00:00:00,2021-08-08T18:00:00,2021-08-09T18:00:00,24
test_091463_lead072,test,4,91460,91463,91475,2021-08-08T00:00:00,2021-08-08T18:00:00,2021-08-11T18:00:00,72
test_091469_lead006,test,4,91466,91469,91470,2021-08-09T12:00:00,2021-08-10T06:00:00,2021-08-10T12:00:00,6
test_091469_lead024,test,4,91466,91469,91473,2021-08-09T12:00:00,2021-08-10T06:00:00,2021-08-11T06:00:00,24
test_091469_lead072,test,4,91466,91469,91481,2021-08-09T12:00:00,2021-08-10T06:00:00,2021-08-13T06:00:00,72
test_091474_lead006,test,4,91471,91474,91475,2021-08-10T18:00:00,2021-08-11T12:00:00,2021-08-11T18:00:00,6
test_091474_lead024,test,4,91471,91474,91478,2021-08-10T18:00:00,2021-08-11T12:00:00,2021-08-12T12:00:00,24
test_091474_lead072,test,4,91471,91474,91486,2021-08-10T18:00:00,2021-08-11T12:00:00,2021-08-14T12:00:00,72
test_091480_lead006,test,4,91477,91480,91481,2021-08-12T06:00:00,2021-08-13T00:00:00,2021-08-13T06:00:00,6
test_091480_lead024,test,4,91477,91480,91484,2021-08-12T06:00:00,2021-08-13T00:00:00,2021-08-14T00:00:00,24
test_091480_lead072,test,4,91477,91480,91492,2021-08-12T06:00:00,2021-08-13T00:00:00,2021-08-16T00:00:00,72
test_091486_lead006,test,4,91483,91486,91487,2021-08-13T18:00:00,2021-08-14T12:00:00,2021-08-14T18:00:00,6
test_091486_lead024,test,4,91483,91486,91490,2021-08-13T18:00:00,2021-08-14T12:00:00,2021-08-15T12:00:00,24
test_091486_lead072,test,4,91483,91486,91498,2021-08-13T18:00:00,2021-08-14T12:00:00,2021-08-17T12:00:00,72
test_091491_lead006,test,4,91488,91491,91492,2021-08-15T00:00:00,2021-08-15T18:00:00,2021-08-16T00:00:00,6
test_091491_lead024,test,4,91488,91491,91495,2021-08-15T00:00:00,2021-08-15T18:00:00,2021-08-16T18:00:00,24
test_091491_lead072,test,4,91488,91491,91503,2021-08-15T00:00:00,2021-08-15T18:00:00,2021-08-18T18:00:00,72
test_091497_lead006,test,4,91494,91497,91498,2021-08-16T12:00:00,2021-08-17T06:00:00,2021-08-17T12:00:00,6
test_091497_lead024,test,4,91494,91497,91501,2021-08-16T12:00:00,2021-08-17T06:00:00,2021-08-18T06:00:00,24
test_091497_lead072,test,4,91494,91497,91509,2021-08-16T12:00:00,2021-08-17T06:00:00,2021-08-20T06:00:00,72
test_091503_lead006,test,4,91500,91503,91504,2021-08-18T00:00:00,2021-08-18T18:00:00,2021-08-19T00:00:00,6
test_091503_lead024,test,4,91500,91503,91507,2021-08-18T00:00:00,2021-08-18T18:00:00,2021-08-19T18:00:00,24
test_091503_lead072,test,4,91500,91503,91515,2021-08-18T00:00:00,2021-08-18T18:00:00,2021-08-21T18:00:00,72
test_091508_lead006,test,4,91505,91508,91509,2021-08-19T06:00:00,2021-08-20T00:00:00,2021-08-20T06:00:00,6
test_091508_lead024,test,4,91505,91508,91512,2021-08-19T06:00:00,2021-08-20T00:00:00,2021-08-21T00:00:00,24
test_091508_lead072,test,4,91505,91508,91520,2021-08-19T06:00:00,2021-08-20T00:00:00,2021-08-23T00:00:00,72
test_091514_lead006,test,4,91511,91514,91515,2021-08-20T18:00:00,2021-08-21T12:00:00,2021-08-21T18:00:00,6
test_091514_lead024,test,4,91511,91514,91518,2021-08-20T18:00:00,2021-08-21T12:00:00,2021-08-22T12:00:00,24
test_091514_lead072,test,4,91511,91514,91526,2021-08-20T18:00:00,2021-08-21T12:00:00,2021-08-24T12:00:00,72
test_091520_lead006,test,4,91517,91520,91521,2021-08-22T06:00:00,2021-08-23T00:00:00,2021-08-23T06:00:00,6
test_091520_lead024,test,4,91517,91520,91524,2021-08-22T06:00:00,2021-08-23T00:00:00,2021-08-24T00:00:00,24
test_091520_lead072,test,4,91517,91520,91532,2021-08-22T06:00:00,2021-08-23T00:00:00,2021-08-26T00:00:00,72
test_091526_lead006,test,4,91523,91526,91527,2021-08-23T18:00:00,2021-08-24T12:00:00,2021-08-24T18:00:00,6
test_091526_lead024,test,4,91523,91526,91530,2021-08-23T18:00:00,2021-08-24T12:00:00,2021-08-25T12:00:00,24
test_091526_lead072,test,4,91523,91526,91538,2021-08-23T18:00:00,2021-08-24T12:00:00,2021-08-27T12:00:00,72
test_091531_lead006,test,4,91528,91531,91532,2021-08-25T00:00:00,2021-08-25T18:00:00,2021-08-26T00:00:00,6
test_091531_lead024,test,4,91528,91531,91535,2021-08-25T00:00:00,2021-08-25T18:00:00,2021-08-26T18:00:00,24
test_091531_lead072,test,4,91528,91531,91543,2021-08-25T00:00:00,2021-08-25T18:00:00,2021-08-28T18:00:00,72
test_091537_lead006,test,4,91534,91537,91538,2021-08-26T12:00:00,2021-08-27T06:00:00,2021-08-27T12:00:00,6
test_091537_lead024,test,4,91534,91537,91541,2021-08-26T12:00:00,2021-08-27T06:00:00,2021-08-28T06:00:00,24
test_091537_lead072,test,4,91534,91537,91549,2021-08-26T12:00:00,2021-08-27T06:00:00,2021-08-30T06:00:00,72
test_091543_lead006,test,4,91540,91543,91544,2021-08-28T00:00:00,2021-08-28T18:00:00,2021-08-29T00:00:00,6
test_091543_lead024,test,4,91540,91543,91547,2021-08-28T00:00:00,2021-08-28T18:00:00,2021-08-29T18:00:00,24
test_091543_lead072,test,4,91540,91543,91555,2021-08-28T00:00:00,2021-08-28T18:00:00,2021-08-31T18:00:00,72
test_091548_lead006,test,4,91545,91548,91549,2021-08-29T06:00:00,2021-08-30T00:00:00,2021-08-30T06:00:00,6
test_091548_lead024,test,4,91545,91548,91552,2021-08-29T06:00:00,2021-08-30T00:00:00,2021-08-31T00:00:00,24
test_091548_lead072,test,4,91545,91548,91560,2021-08-29T06:00:00,2021-08-30T00:00:00,2021-09-02T00:00:00,72
test_091554_lead006,test,4,91551,91554,91555,2021-08-30T18:00:00,2021-08-31T12:00:00,2021-08-31T18:00:00,6
test_091554_lead024,test,4,91551,91554,91558,2021-08-30T18:00:00,2021-08-31T12:00:00,2021-09-01T12:00:00,24
test_091554_lead072,test,4,91551,91554,91566,2021-08-30T18:00:00,2021-08-31T12:00:00,2021-09-03T12:00:00,72
test_091560_lead006,test,4,91557,91560,91561,2021-09-01T06:00:00,2021-09-02T00:00:00,2021-09-02T06:00:00,6
test_091560_lead024,test,4,91557,91560,91564,2021-09-01T06:00:00,2021-09-02T00:00:00,2021-09-03T00:00:00,24
test_091560_lead072,test,4,91557,91560,91572,2021-09-01T06:00:00,2021-09-02T00:00:00,2021-09-05T00:00:00,72
test_091565_lead006,test,4,91562,91565,91566,2021-09-02T12:00:00,2021-09-03T06:00:00,2021-09-03T12:00:00,6
test_091565_lead024,test,4,91562,91565,91569,2021-09-02T12:00:00,2021-09-03T06:00:00,2021-09-04T06:00:00,24
test_091565_lead072,test,4,91562,91565,91577,2021-09-02T12:00:00,2021-09-03T06:00:00,2021-09-06T06:00:00,72
test_091571_lead006,test,4,91568,91571,91572,2021-09-04T00:00:00,2021-09-04T18:00:00,2021-09-05T00:00:00,6
test_091571_lead024,test,4,91568,91571,91575,2021-09-04T00:00:00,2021-09-04T18:00:00,2021-09-05T18:00:00,24
test_091571_lead072,test,4,91568,91571,91583,2021-09-04T00:00:00,2021-09-04T18:00:00,2021-09-07T18:00:00,72
test_091577_lead006,test,4,91574,91577,91578,2021-09-05T12:00:00,2021-09-06T06:00:00,2021-09-06T12:00:00,6
test_091577_lead024,test,4,91574,91577,91581,2021-09-05T12:00:00,2021-09-06T06:00:00,2021-09-07T06:00:00,24
test_091577_lead072,test,4,91574,91577,91589,2021-09-05T12:00:00,2021-09-06T06:00:00,2021-09-09T06:00:00,72
test_091582_lead006,test,4,91579,91582,91583,2021-09-06T18:00:00,2021-09-07T12:00:00,2021-09-07T18:00:00,6
test_091582_lead024,test,4,91579,91582,91586,2021-09-06T18:00:00,2021-09-07T12:00:00,2021-09-08T12:00:00,24
test_091582_lead072,test,4,91579,91582,91594,2021-09-06T18:00:00,2021-09-07T12:00:00,2021-09-10T12:00:00,72
test_091588_lead006,test,4,91585,91588,91589,2021-09-08T06:00:00,2021-09-09T00:00:00,2021-09-09T06:00:00,6
test_091588_lead024,test,4,91585,91588,91592,2021-09-08T06:00:00,2021-09-09T00:00:00,2021-09-10T00:00:00,24
test_091588_lead072,test,4,91585,91588,91600,2021-09-08T06:00:00,2021-09-09T00:00:00,2021-09-12T00:00:00,72
test_091594_lead006,test,4,91591,91594,91595,2021-09-09T18:00:00,2021-09-10T12:00:00,2021-09-10T18:00:00,6
test_091594_lead024,test,4,91591,91594,91598,2021-09-09T18:00:00,2021-09-10T12:00:00,2021-09-11T12:00:00,24
test_091594_lead072,test,4,91591,91594,91606,2021-09-09T18:00:00,2021-09-10T12:00:00,2021-09-13T12:00:00,72
test_091599_lead006,test,4,91596,91599,91600,2021-09-11T00:00:00,2021-09-11T18:00:00,2021-09-12T00:00:00,6
test_091599_lead024,test,4,91596,91599,91603,2021-09-11T00:00:00,2021-09-11T18:00:00,2021-09-12T18:00:00,24
test_091599_lead072,test,4,91596,91599,91611,2021-09-11T00:00:00,2021-09-11T18:00:00,2021-09-14T18:00:00,72
test_091605_lead006,test,4,91602,91605,91606,2021-09-12T12:00:00,2021-09-13T06:00:00,2021-09-13T12:00:00,6
test_091605_lead024,test,4,91602,91605,91609,2021-09-12T12:00:00,2021-09-13T06:00:00,2021-09-14T06:00:00,24
test_091605_lead072,test,4,91602,91605,91617,2021-09-12T12:00:00,2021-09-13T06:00:00,2021-09-16T06:00:00,72
test_091611_lead006,test,4,91608,91611,91612,2021-09-14T00:00:00,2021-09-14T18:00:00,2021-09-15T00:00:00,6
test_091611_lead024,test,4,91608,91611,91615,2021-09-14T00:00:00,2021-09-14T18:00:00,2021-09-15T18:00:00,24
test_091611_lead072,test,4,91608,91611,91623,2021-09-14T00:00:00,2021-09-14T18:00:00,2021-09-17T18:00:00,72
test_091616_lead006,test,4,91613,91616,91617,2021-09-15T06:00:00,2021-09-16T00:00:00,2021-09-16T06:00:00,6
test_091616_lead024,test,4,91613,91616,91620,2021-09-15T06:00:00,2021-09-16T00:00:00,2021-09-17T00:00:00,24
test_091616_lead072,test,4,91613,91616,91628,2021-09-15T06:00:00,2021-09-16T00:00:00,2021-09-19T00:00:00,72
test_091622_lead006,test,4,91619,91622,91623,2021-09-16T18:00:00,2021-09-17T12:00:00,2021-09-17T18:00:00,6
test_091622_lead024,test,4,91619,91622,91626,2021-09-16T18:00:00,2021-09-17T12:00:00,2021-09-18T12:00:00,24
test_091622_lead072,test,4,91619,91622,91634,2021-09-16T18:00:00,2021-09-17T12:00:00,2021-09-20T12:00:00,72
test_091628_lead006,test,4,91625,91628,91629,2021-09-18T06:00:00,2021-09-19T00:00:00,2021-09-19T06:00:00,6
test_091628_lead024,test,4,91625,91628,91632,2021-09-18T06:00:00,2021-09-19T00:00:00,2021-09-20T00:00:00,24
test_091628_lead072,test,4,91625,91628,91640,2021-09-18T06:00:00,2021-09-19T00:00:00,2021-09-22T00:00:00,72
test_091633_lead006,test,4,91630,91633,91634,2021-09-19T12:00:00,2021-09-20T06:00:00,2021-09-20T12:00:00,6
test_091633_lead024,test,4,91630,91633,91637,2021-09-19T12:00:00,2021-09-20T06:00:00,2021-09-21T06:00:00,24
test_091633_lead072,test,4,91630,91633,91645,2021-09-19T12:00:00,2021-09-20T06:00:00,2021-09-23T06:00:00,72
test_091639_lead006,test,4,91636,91639,91640,2021-09-21T00:00:00,2021-09-21T18:00:00,2021-09-22T00:00:00,6
test_091639_lead024,test,4,91636,91639,91643,2021-09-21T00:00:00,2021-09-21T18:00:00,2021-09-22T18:00:00,24
test_091639_lead072,test,4,91636,91639,91651,2021-09-21T00:00:00,2021-09-21T18:00:00,2021-09-24T18:00:00,72
test_091645_lead006,test,4,91642,91645,91646,2021-09-22T12:00:00,2021-09-23T06:00:00,2021-09-23T12:00:00,6
test_091645_lead024,test,4,91642,91645,91649,2021-09-22T12:00:00,2021-09-23T06:00:00,2021-09-24T06:00:00,24
test_091645_lead072,test,4,91642,91645,91657,2021-09-22T12:00:00,2021-09-23T06:00:00,2021-09-26T06:00:00,72
test_091650_lead006,test,4,91647,91650,91651,2021-09-23T18:00:00,2021-09-24T12:00:00,2021-09-24T18:00:00,6
test_091650_lead024,test,4,91647,91650,91654,2021-09-23T18:00:00,2021-09-24T12:00:00,2021-09-25T12:00:00,24
test_091650_lead072,test,4,91647,91650,91662,2021-09-23T18:00:00,2021-09-24T12:00:00,2021-09-27T12:00:00,72
test_091656_lead006,test,4,91653,91656,91657,2021-09-25T06:00:00,2021-09-26T00:00:00,2021-09-26T06:00:00,6
test_091656_lead024,test,4,91653,91656,91660,2021-09-25T06:00:00,2021-09-26T00:00:00,2021-09-27T00:00:00,24
test_091656_lead072,test,4,91653,91656,91668,2021-09-25T06:00:00,2021-09-26T00:00:00,2021-09-29T00:00:00,72
test_091662_lead006,test,4,91659,91662,91663,2021-09-26T18:00:00,2021-09-27T12:00:00,2021-09-27T18:00:00,6
test_091662_lead024,test,4,91659,91662,91666,2021-09-26T18:00:00,2021-09-27T12:00:00,2021-09-28T12:00:00,24
test_091662_lead072,test,4,91659,91662,91674,2021-09-26T18:00:00,2021-09-27T12:00:00,2021-09-30T12:00:00,72
test_091667_lead006,test,4,91664,91667,91668,2021-09-28T00:00:00,2021-09-28T18:00:00,2021-09-29T00:00:00,6
test_091667_lead024,test,4,91664,91667,91671,2021-09-28T00:00:00,2021-09-28T18:00:00,2021-09-29T18:00:00,24
test_091667_lead072,test,4,91664,91667,91679,2021-09-28T00:00:00,2021-09-28T18:00:00,2021-10-01T18:00:00,72
test_091673_lead006,test,4,91670,91673,91674,2021-09-29T12:00:00,2021-09-30T06:00:00,2021-09-30T12:00:00,6
test_091673_lead024,test,4,91670,91673,91677,2021-09-29T12:00:00,2021-09-30T06:00:00,2021-10-01T06:00:00,24
test_091673_lead072,test,4,91670,91673,91685,2021-09-29T12:00:00,2021-09-30T06:00:00,2021-10-03T06:00:00,72
test_091679_lead006,test,4,91676,91679,91680,2021-10-01T00:00:00,2021-10-01T18:00:00,2021-10-02T00:00:00,6
test_091679_lead024,test,4,91676,91679,91683,2021-10-01T00:00:00,2021-10-01T18:00:00,2021-10-02T18:00:00,24
test_091679_lead072,test,4,91676,91679,91691,2021-10-01T00:00:00,2021-10-01T18:00:00,2021-10-04T18:00:00,72
test_091684_lead006,test,4,91681,91684,91685,2021-10-02T06:00:00,2021-10-03T00:00:00,2021-10-03T06:00:00,6
test_091684_lead024,test,4,91681,91684,91688,2021-10-02T06:00:00,2021-10-03T00:00:00,2021-10-04T00:00:00,24
test_091684_lead072,test,4,91681,91684,91696,2021-10-02T06:00:00,2021-10-03T00:00:00,2021-10-06T00:00:00,72
test_091690_lead006,test,4,91687,91690,91691,2021-10-03T18:00:00,2021-10-04T12:00:00,2021-10-04T18:00:00,6
test_091690_lead024,test,4,91687,91690,91694,2021-10-03T18:00:00,2021-10-04T12:00:00,2021-10-05T12:00:00,24
test_091690_lead072,test,4,91687,91690,91702,2021-10-03T18:00:00,2021-10-04T12:00:00,2021-10-07T12:00:00,72
test_091696_lead006,test,4,91693,91696,91697,2021-10-05T06:00:00,2021-10-06T00:00:00,2021-10-06T06:00:00,6
test_091696_lead024,test,4,91693,91696,91700,2021-10-05T06:00:00,2021-10-06T00:00:00,2021-10-07T00:00:00,24
test_091696_lead072,test,4,91693,91696,91708,2021-10-05T06:00:00,2021-10-06T00:00:00,2021-10-09T00:00:00,72
test_091701_lead006,test,4,91698,91701,91702,2021-10-06T12:00:00,2021-10-07T06:00:00,2021-10-07T12:00:00,6
test_091701_lead024,test,4,91698,91701,91705,2021-10-06T12:00:00,2021-10-07T06:00:00,2021-10-08T06:00:00,24
test_091701_lead072,test,4,91698,91701,91713,2021-10-06T12:00:00,2021-10-07T06:00:00,2021-10-10T06:00:00,72
test_091707_lead006,test,4,91704,91707,91708,2021-10-08T00:00:00,2021-10-08T18:00:00,2021-10-09T00:00:00,6
test_091707_lead024,test,4,91704,91707,91711,2021-10-08T00:00:00,2021-10-08T18:00:00,2021-10-09T18:00:00,24
test_091707_lead072,test,4,91704,91707,91719,2021-10-08T00:00:00,2021-10-08T18:00:00,2021-10-11T18:00:00,72
test_091713_lead006,test,4,91710,91713,91714,2021-10-09T12:00:00,2021-10-10T06:00:00,2021-10-10T12:00:00,6
test_091713_lead024,test,4,91710,91713,91717,2021-10-09T12:00:00,2021-10-10T06:00:00,2021-10-11T06:00:00,24
test_091713_lead072,test,4,91710,91713,91725,2021-10-09T12:00:00,2021-10-10T06:00:00,2021-10-13T06:00:00,72
test_091718_lead006,test,4,91715,91718,91719,2021-10-10T18:00:00,2021-10-11T12:00:00,2021-10-11T18:00:00,6
test_091718_lead024,test,4,91715,91718,91722,2021-10-10T18:00:00,2021-10-11T12:00:00,2021-10-12T12:00:00,24
test_091718_lead072,test,4,91715,91718,91730,2021-10-10T18:00:00,2021-10-11T12:00:00,2021-10-14T12:00:00,72
test_091724_lead006,test,4,91721,91724,91725,2021-10-12T06:00:00,2021-10-13T00:00:00,2021-10-13T06:00:00,6
test_091724_lead024,test,4,91721,91724,91728,2021-10-12T06:00:00,2021-10-13T00:00:00,2021-10-14T00:00:00,24
test_091724_lead072,test,4,91721,91724,91736,2021-10-12T06:00:00,2021-10-13T00:00:00,2021-10-16T00:00:00,72
test_091730_lead006,test,4,91727,91730,91731,2021-10-13T18:00:00,2021-10-14T12:00:00,2021-10-14T18:00:00,6
test_091730_lead024,test,4,91727,91730,91734,2021-10-13T18:00:00,2021-10-14T12:00:00,2021-10-15T12:00:00,24
test_091730_lead072,test,4,91727,91730,91742,2021-10-13T18:00:00,2021-10-14T12:00:00,2021-10-17T12:00:00,72
test_091735_lead006,test,4,91732,91735,91736,2021-10-15T00:00:00,2021-10-15T18:00:00,2021-10-16T00:00:00,6
test_091735_lead024,test,4,91732,91735,91739,2021-10-15T00:00:00,2021-10-15T18:00:00,2021-10-16T18:00:00,24
test_091735_lead072,test,4,91732,91735,91747,2021-10-15T00:00:00,2021-10-15T18:00:00,2021-10-18T18:00:00,72
test_091741_lead006,test,4,91738,91741,91742,2021-10-16T12:00:00,2021-10-17T06:00:00,2021-10-17T12:00:00,6
test_091741_lead024,test,4,91738,91741,91745,2021-10-16T12:00:00,2021-10-17T06:00:00,2021-10-18T06:00:00,24
test_091741_lead072,test,4,91738,91741,91753,2021-10-16T12:00:00,2021-10-17T06:00:00,2021-10-20T06:00:00,72
test_091747_lead006,test,4,91744,91747,91748,2021-10-18T00:00:00,2021-10-18T18:00:00,2021-10-19T00:00:00,6
test_091747_lead024,test,4,91744,91747,91751,2021-10-18T00:00:00,2021-10-18T18:00:00,2021-10-19T18:00:00,24
test_091747_lead072,test,4,91744,91747,91759,2021-10-18T00:00:00,2021-10-18T18:00:00,2021-10-21T18:00:00,72
test_091752_lead006,test,4,91749,91752,91753,2021-10-19T06:00:00,2021-10-20T00:00:00,2021-10-20T06:00:00,6
test_091752_lead024,test,4,91749,91752,91756,2021-10-19T06:00:00,2021-10-20T00:00:00,2021-10-21T00:00:00,24
test_091752_lead072,test,4,91749,91752,91764,2021-10-19T06:00:00,2021-10-20T00:00:00,2021-10-23T00:00:00,72
test_091758_lead006,test,4,91755,91758,91759,2021-10-20T18:00:00,2021-10-21T12:00:00,2021-10-21T18:00:00,6
test_091758_lead024,test,4,91755,91758,91762,2021-10-20T18:00:00,2021-10-21T12:00:00,2021-10-22T12:00:00,24
test_091758_lead072,test,4,91755,91758,91770,2021-10-20T18:00:00,2021-10-21T12:00:00,2021-10-24T12:00:00,72
test_091764_lead006,test,4,91761,91764,91765,2021-10-22T06:00:00,2021-10-23T00:00:00,2021-10-23T06:00:00,6
test_091764_lead024,test,4,91761,91764,91768,2021-10-22T06:00:00,2021-10-23T00:00:00,2021-10-24T00:00:00,24
test_091764_lead072,test,4,91761,91764,91776,2021-10-22T06:00:00,2021-10-23T00:00:00,2021-10-26T00:00:00,72
test_091769_lead006,test,4,91766,91769,91770,2021-10-23T12:00:00,2021-10-24T06:00:00,2021-10-24T12:00:00,6
test_091769_lead024,test,4,91766,91769,91773,2021-10-23T12:00:00,2021-10-24T06:00:00,2021-10-25T06:00:00,24
test_091769_lead072,test,4,91766,91769,91781,2021-10-23T12:00:00,2021-10-24T06:00:00,2021-10-27T06:00:00,72
test_091775_lead006,test,4,91772,91775,91776,2021-10-25T00:00:00,2021-10-25T18:00:00,2021-10-26T00:00:00,6
test_091775_lead024,test,4,91772,91775,91779,2021-10-25T00:00:00,2021-10-25T18:00:00,2021-10-26T18:00:00,24
test_091775_lead072,test,4,91772,91775,91787,2021-10-25T00:00:00,2021-10-25T18:00:00,2021-10-28T18:00:00,72
test_091781_lead006,test,4,91778,91781,91782,2021-10-26T12:00:00,2021-10-27T06:00:00,2021-10-27T12:00:00,6
test_091781_lead024,test,4,91778,91781,91785,2021-10-26T12:00:00,2021-10-27T06:00:00,2021-10-28T06:00:00,24
test_091781_lead072,test,4,91778,91781,91793,2021-10-26T12:00:00,2021-10-27T06:00:00,2021-10-30T06:00:00,72
test_091787_lead006,test,4,91784,91787,91788,2021-10-28T00:00:00,2021-10-28T18:00:00,2021-10-29T00:00:00,6
test_091787_lead024,test,4,91784,91787,91791,2021-10-28T00:00:00,2021-10-28T18:00:00,2021-10-29T18:00:00,24
test_091787_lead072,test,4,91784,91787,91799,2021-10-28T00:00:00,2021-10-28T18:00:00,2021-10-31T18:00:00,72
test_091792_lead006,test,4,91789,91792,91793,2021-10-29T06:00:00,2021-10-30T00:00:00,2021-10-30T06:00:00,6
test_091792_lead024,test,4,91789,91792,91796,2021-10-29T06:00:00,2021-10-30T00:00:00,2021-10-31T00:00:00,24
test_091792_lead072,test,4,91789,91792,91804,2021-10-29T06:00:00,2021-10-30T00:00:00,2021-11-02T00:00:00,72
test_091798_lead006,test,4,91795,91798,91799,2021-10-30T18:00:00,2021-10-31T12:00:00,2021-10-31T18:00:00,6
test_091798_lead024,test,4,91795,91798,91802,2021-10-30T18:00:00,2021-10-31T12:00:00,2021-11-01T12:00:00,24
test_091798_lead072,test,4,91795,91798,91810,2021-10-30T18:00:00,2021-10-31T12:00:00,2021-11-03T12:00:00,72
test_091804_lead006,test,4,91801,91804,91805,2021-11-01T06:00:00,2021-11-02T00:00:00,2021-11-02T06:00:00,6
test_091804_lead024,test,4,91801,91804,91808,2021-11-01T06:00:00,2021-11-02T00:00:00,2021-11-03T00:00:00,24
test_091804_lead072,test,4,91801,91804,91816,2021-11-01T06:00:00,2021-11-02T00:00:00,2021-11-05T00:00:00,72
test_091809_lead006,test,4,91806,91809,91810,2021-11-02T12:00:00,2021-11-03T06:00:00,2021-11-03T12:00:00,6
test_091809_lead024,test,4,91806,91809,91813,2021-11-02T12:00:00,2021-11-03T06:00:00,2021-11-04T06:00:00,24
test_091809_lead072,test,4,91806,91809,91821,2021-11-02T12:00:00,2021-11-03T06:00:00,2021-11-06T06:00:00,72
test_091815_lead006,test,4,91812,91815,91816,2021-11-04T00:00:00,2021-11-04T18:00:00,2021-11-05T00:00:00,6
test_091815_lead024,test,4,91812,91815,91819,2021-11-04T00:00:00,2021-11-04T18:00:00,2021-11-05T18:00:00,24
test_091815_lead072,test,4,91812,91815,91827,2021-11-04T00:00:00,2021-11-04T18:00:00,2021-11-07T18:00:00,72
test_091821_lead006,test,4,91818,91821,91822,2021-11-05T12:00:00,2021-11-06T06:00:00,2021-11-06T12:00:00,6
test_091821_lead024,test,4,91818,91821,91825,2021-11-05T12:00:00,2021-11-06T06:00:00,2021-11-07T06:00:00,24
test_091821_lead072,test,4,91818,91821,91833,2021-11-05T12:00:00,2021-11-06T06:00:00,2021-11-09T06:00:00,72
test_091826_lead006,test,4,91823,91826,91827,2021-11-06T18:00:00,2021-11-07T12:00:00,2021-11-07T18:00:00,6
test_091826_lead024,test,4,91823,91826,91830,2021-11-06T18:00:00,2021-11-07T12:00:00,2021-11-08T12:00:00,24
test_091826_lead072,test,4,91823,91826,91838,2021-11-06T18:00:00,2021-11-07T12:00:00,2021-11-10T12:00:00,72
test_091832_lead006,test,4,91829,91832,91833,2021-11-08T06:00:00,2021-11-09T00:00:00,2021-11-09T06:00:00,6
test_091832_lead024,test,4,91829,91832,91836,2021-11-08T06:00:00,2021-11-09T00:00:00,2021-11-10T00:00:00,24
test_091832_lead072,test,4,91829,91832,91844,2021-11-08T06:00:00,2021-11-09T00:00:00,2021-11-12T00:00:00,72
test_091838_lead006,test,4,91835,91838,91839,2021-11-09T18:00:00,2021-11-10T12:00:00,2021-11-10T18:00:00,6
test_091838_lead024,test,4,91835,91838,91842,2021-11-09T18:00:00,2021-11-10T12:00:00,2021-11-11T12:00:00,24
test_091838_lead072,test,4,91835,91838,91850,2021-11-09T18:00:00,2021-11-10T12:00:00,2021-11-13T12:00:00,72
test_091843_lead006,test,4,91840,91843,91844,2021-11-11T00:00:00,2021-11-11T18:00:00,2021-11-12T00:00:00,6
test_091843_lead024,test,4,91840,91843,91847,2021-11-11T00:00:00,2021-11-11T18:00:00,2021-11-12T18:00:00,24
test_091843_lead072,test,4,91840,91843,91855,2021-11-11T00:00:00,2021-11-11T18:00:00,2021-11-14T18:00:00,72
test_091849_lead006,test,4,91846,91849,91850,2021-11-12T12:00:00,2021-11-13T06:00:00,2021-11-13T12:00:00,6
test_091849_lead024,test,4,91846,91849,91853,2021-11-12T12:00:00,2021-11-13T06:00:00,2021-11-14T06:00:00,24
test_091849_lead072,test,4,91846,91849,91861,2021-11-12T12:00:00,2021-11-13T06:00:00,2021-11-16T06:00:00,72
test_091855_lead006,test,4,91852,91855,91856,2021-11-14T00:00:00,2021-11-14T18:00:00,2021-11-15T00:00:00,6
test_091855_lead024,test,4,91852,91855,91859,2021-11-14T00:00:00,2021-11-14T18:00:00,2021-11-15T18:00:00,24
test_091855_lead072,test,4,91852,91855,91867,2021-11-14T00:00:00,2021-11-14T18:00:00,2021-11-17T18:00:00,72
test_091860_lead006,test,4,91857,91860,91861,2021-11-15T06:00:00,2021-11-16T00:00:00,2021-11-16T06:00:00,6
test_091860_lead024,test,4,91857,91860,91864,2021-11-15T06:00:00,2021-11-16T00:00:00,2021-11-17T00:00:00,24
test_091860_lead072,test,4,91857,91860,91872,2021-11-15T06:00:00,2021-11-16T00:00:00,2021-11-19T00:00:00,72
test_091866_lead006,test,4,91863,91866,91867,2021-11-16T18:00:00,2021-11-17T12:00:00,2021-11-17T18:00:00,6
test_091866_lead024,test,4,91863,91866,91870,2021-11-16T18:00:00,2021-11-17T12:00:00,2021-11-18T12:00:00,24
test_091866_lead072,test,4,91863,91866,91878,2021-11-16T18:00:00,2021-11-17T12:00:00,2021-11-20T12:00:00,72
test_091872_lead006,test,4,91869,91872,91873,2021-11-18T06:00:00,2021-11-19T00:00:00,2021-11-19T06:00:00,6
test_091872_lead024,test,4,91869,91872,91876,2021-11-18T06:00:00,2021-11-19T00:00:00,2021-11-20T00:00:00,24
test_091872_lead072,test,4,91869,91872,91884,2021-11-18T06:00:00,2021-11-19T00:00:00,2021-11-22T00:00:00,72
test_091877_lead006,test,4,91874,91877,91878,2021-11-19T12:00:00,2021-11-20T06:00:00,2021-11-20T12:00:00,6
test_091877_lead024,test,4,91874,91877,91881,2021-11-19T12:00:00,2021-11-20T06:00:00,2021-11-21T06:00:00,24
test_091877_lead072,test,4,91874,91877,91889,2021-11-19T12:00:00,2021-11-20T06:00:00,2021-11-23T06:00:00,72
test_091883_lead006,test,4,91880,91883,91884,2021-11-21T00:00:00,2021-11-21T18:00:00,2021-11-22T00:00:00,6
test_091883_lead024,test,4,91880,91883,91887,2021-11-21T00:00:00,2021-11-21T18:00:00,2021-11-22T18:00:00,24
test_091883_lead072,test,4,91880,91883,91895,2021-11-21T00:00:00,2021-11-21T18:00:00,2021-11-24T18:00:00,72
test_091889_lead006,test,4,91886,91889,91890,2021-11-22T12:00:00,2021-11-23T06:00:00,2021-11-23T12:00:00,6
test_091889_lead024,test,4,91886,91889,91893,2021-11-22T12:00:00,2021-11-23T06:00:00,2021-11-24T06:00:00,24
test_091889_lead072,test,4,91886,91889,91901,2021-11-22T12:00:00,2021-11-23T06:00:00,2021-11-26T06:00:00,72
test_091894_lead006,test,4,91891,91894,91895,2021-11-23T18:00:00,2021-11-24T12:00:00,2021-11-24T18:00:00,6
test_091894_lead024,test,4,91891,91894,91898,2021-11-23T18:00:00,2021-11-24T12:00:00,2021-11-25T12:00:00,24
test_091894_lead072,test,4,91891,91894,91906,2021-11-23T18:00:00,2021-11-24T12:00:00,2021-11-27T12:00:00,72
test_091900_lead006,test,4,91897,91900,91901,2021-11-25T06:00:00,2021-11-26T00:00:00,2021-11-26T06:00:00,6
test_091900_lead024,test,4,91897,91900,91904,2021-11-25T06:00:00,2021-11-26T00:00:00,2021-11-27T00:00:00,24
test_091900_lead072,test,4,91897,91900,91912,2021-11-25T06:00:00,2021-11-26T00:00:00,2021-11-29T00:00:00,72
test_091906_lead006,test,4,91903,91906,91907,2021-11-26T18:00:00,2021-11-27T12:00:00,2021-11-27T18:00:00,6
test_091906_lead024,test,4,91903,91906,91910,2021-11-26T18:00:00,2021-11-27T12:00:00,2021-11-28T12:00:00,24
test_091906_lead072,test,4,91903,91906,91918,2021-11-26T18:00:00,2021-11-27T12:00:00,2021-11-30T12:00:00,72
test_091911_lead006,test,4,91908,91911,91912,2021-11-28T00:00:00,2021-11-28T18:00:00,2021-11-29T00:00:00,6
test_091911_lead024,test,4,91908,91911,91915,2021-11-28T00:00:00,2021-11-28T18:00:00,2021-11-29T18:00:00,24
test_091911_lead072,test,4,91908,91911,91923,2021-11-28T00:00:00,2021-11-28T18:00:00,2021-12-01T18:00:00,72
test_091917_lead006,test,4,91914,91917,91918,2021-11-29T12:00:00,2021-11-30T06:00:00,2021-11-30T12:00:00,6
test_091917_lead024,test,4,91914,91917,91921,2021-11-29T12:00:00,2021-11-30T06:00:00,2021-12-01T06:00:00,24
test_091917_lead072,test,4,91914,91917,91929,2021-11-29T12:00:00,2021-11-30T06:00:00,2021-12-03T06:00:00,72
test_091923_lead006,test,4,91920,91923,91924,2021-12-01T00:00:00,2021-12-01T18:00:00,2021-12-02T00:00:00,6
test_091923_lead024,test,4,91920,91923,91927,2021-12-01T00:00:00,2021-12-01T18:00:00,2021-12-02T18:00:00,24
test_091923_lead072,test,4,91920,91923,91935,2021-12-01T00:00:00,2021-12-01T18:00:00,2021-12-04T18:00:00,72
test_091928_lead006,test,4,91925,91928,91929,2021-12-02T06:00:00,2021-12-03T00:00:00,2021-12-03T06:00:00,6
test_091928_lead024,test,4,91925,91928,91932,2021-12-02T06:00:00,2021-12-03T00:00:00,2021-12-04T00:00:00,24
test_091928_lead072,test,4,91925,91928,91940,2021-12-02T06:00:00,2021-12-03T00:00:00,2021-12-06T00:00:00,72
test_091934_lead006,test,4,91931,91934,91935,2021-12-03T18:00:00,2021-12-04T12:00:00,2021-12-04T18:00:00,6
test_091934_lead024,test,4,91931,91934,91938,2021-12-03T18:00:00,2021-12-04T12:00:00,2021-12-05T12:00:00,24
test_091934_lead072,test,4,91931,91934,91946,2021-12-03T18:00:00,2021-12-04T12:00:00,2021-12-07T12:00:00,72
test_091940_lead006,test,4,91937,91940,91941,2021-12-05T06:00:00,2021-12-06T00:00:00,2021-12-06T06:00:00,6
test_091940_lead024,test,4,91937,91940,91944,2021-12-05T06:00:00,2021-12-06T00:00:00,2021-12-07T00:00:00,24
test_091940_lead072,test,4,91937,91940,91952,2021-12-05T06:00:00,2021-12-06T00:00:00,2021-12-09T00:00:00,72
test_091945_lead006,test,4,91942,91945,91946,2021-12-06T12:00:00,2021-12-07T06:00:00,2021-12-07T12:00:00,6
test_091945_lead024,test,4,91942,91945,91949,2021-12-06T12:00:00,2021-12-07T06:00:00,2021-12-08T06:00:00,24
test_091945_lead072,test,4,91942,91945,91957,2021-12-06T12:00:00,2021-12-07T06:00:00,2021-12-10T06:00:00,72
test_091951_lead006,test,4,91948,91951,91952,2021-12-08T00:00:00,2021-12-08T18:00:00,2021-12-09T00:00:00,6
test_091951_lead024,test,4,91948,91951,91955,2021-12-08T00:00:00,2021-12-08T18:00:00,2021-12-09T18:00:00,24
test_091951_lead072,test,4,91948,91951,91963,2021-12-08T00:00:00,2021-12-08T18:00:00,2021-12-11T18:00:00,72
test_091957_lead006,test,4,91954,91957,91958,2021-12-09T12:00:00,2021-12-10T06:00:00,2021-12-10T12:00:00,6
test_091957_lead024,test,4,91954,91957,91961,2021-12-09T12:00:00,2021-12-10T06:00:00,2021-12-11T06:00:00,24
test_091957_lead072,test,4,91954,91957,91969,2021-12-09T12:00:00,2021-12-10T06:00:00,2021-12-13T06:00:00,72
test_091962_lead006,test,4,91959,91962,91963,2021-12-10T18:00:00,2021-12-11T12:00:00,2021-12-11T18:00:00,6
test_091962_lead024,test,4,91959,91962,91966,2021-12-10T18:00:00,2021-12-11T12:00:00,2021-12-12T12:00:00,24
test_091962_lead072,test,4,91959,91962,91974,2021-12-10T18:00:00,2021-12-11T12:00:00,2021-12-14T12:00:00,72
test_091968_lead006,test,4,91965,91968,91969,2021-12-12T06:00:00,2021-12-13T00:00:00,2021-12-13T06:00:00,6
test_091968_lead024,test,4,91965,91968,91972,2021-12-12T06:00:00,2021-12-13T00:00:00,2021-12-14T00:00:00,24
test_091968_lead072,test,4,91965,91968,91980,2021-12-12T06:00:00,2021-12-13T00:00:00,2021-12-16T00:00:00,72
test_091974_lead006,test,4,91971,91974,91975,2021-12-13T18:00:00,2021-12-14T12:00:00,2021-12-14T18:00:00,6
test_091974_lead024,test,4,91971,91974,91978,2021-12-13T18:00:00,2021-12-14T12:00:00,2021-12-15T12:00:00,24
test_091974_lead072,test,4,91971,91974,91986,2021-12-13T18:00:00,2021-12-14T12:00:00,2021-12-17T12:00:00,72
test_091979_lead006,test,4,91976,91979,91980,2021-12-15T00:00:00,2021-12-15T18:00:00,2021-12-16T00:00:00,6
test_091979_lead024,test,4,91976,91979,91983,2021-12-15T00:00:00,2021-12-15T18:00:00,2021-12-16T18:00:00,24
test_091979_lead072,test,4,91976,91979,91991,2021-12-15T00:00:00,2021-12-15T18:00:00,2021-12-18T18:00:00,72
test_091985_lead006,test,4,91982,91985,91986,2021-12-16T12:00:00,2021-12-17T06:00:00,2021-12-17T12:00:00,6
test_091985_lead024,test,4,91982,91985,91989,2021-12-16T12:00:00,2021-12-17T06:00:00,2021-12-18T06:00:00,24
test_091985_lead072,test,4,91982,91985,91997,2021-12-16T12:00:00,2021-12-17T06:00:00,2021-12-20T06:00:00,72
test_091991_lead006,test,4,91988,91991,91992,2021-12-18T00:00:00,2021-12-18T18:00:00,2021-12-19T00:00:00,6
test_091991_lead024,test,4,91988,91991,91995,2021-12-18T00:00:00,2021-12-18T18:00:00,2021-12-19T18:00:00,24
test_091991_lead072,test,4,91988,91991,92003,2021-12-18T00:00:00,2021-12-18T18:00:00,2021-12-21T18:00:00,72
test_091996_lead006,test,4,91993,91996,91997,2021-12-19T06:00:00,2021-12-20T00:00:00,2021-12-20T06:00:00,6
test_091996_lead024,test,4,91993,91996,92000,2021-12-19T06:00:00,2021-12-20T00:00:00,2021-12-21T00:00:00,24
test_091996_lead072,test,4,91993,91996,92008,2021-12-19T06:00:00,2021-12-20T00:00:00,2021-12-23T00:00:00,72
test_092002_lead006,test,4,91999,92002,92003,2021-12-20T18:00:00,2021-12-21T12:00:00,2021-12-21T18:00:00,6
test_092002_lead024,test,4,91999,92002,92006,2021-12-20T18:00:00,2021-12-21T12:00:00,2021-12-22T12:00:00,24
test_092002_lead072,test,4,91999,92002,92014,2021-12-20T18:00:00,2021-12-21T12:00:00,2021-12-24T12:00:00,72
test_092008_lead006,test,4,92005,92008,92009,2021-12-22T06:00:00,2021-12-23T00:00:00,2021-12-23T06:00:00,6
test_092008_lead024,test,4,92005,92008,92012,2021-12-22T06:00:00,2021-12-23T00:00:00,2021-12-24T00:00:00,24
test_092008_lead072,test,4,92005,92008,92020,2021-12-22T06:00:00,2021-12-23T00:00:00,2021-12-26T00:00:00,72
test_092013_lead006,test,4,92010,92013,92014,2021-12-23T12:00:00,2021-12-24T06:00:00,2021-12-24T12:00:00,6
test_092013_lead024,test,4,92010,92013,92017,2021-12-23T12:00:00,2021-12-24T06:00:00,2021-12-25T06:00:00,24
test_092013_lead072,test,4,92010,92013,92025,2021-12-23T12:00:00,2021-12-24T06:00:00,2021-12-27T06:00:00,72
test_092019_lead006,test,4,92016,92019,92020,2021-12-25T00:00:00,2021-12-25T18:00:00,2021-12-26T00:00:00,6
test_092019_lead024,test,4,92016,92019,92023,2021-12-25T00:00:00,2021-12-25T18:00:00,2021-12-26T18:00:00,24
test_092019_lead072,test,4,92016,92019,92031,2021-12-25T00:00:00,2021-12-25T18:00:00,2021-12-28T18:00:00,72
test_092025_lead006,test,4,92022,92025,92026,2021-12-26T12:00:00,2021-12-27T06:00:00,2021-12-27T12:00:00,6
test_092025_lead024,test,4,92022,92025,92029,2021-12-26T12:00:00,2021-12-27T06:00:00,2021-12-28T06:00:00,24
test_092025_lead072,test,4,92022,92025,92037,2021-12-26T12:00:00,2021-12-27T06:00:00,2021-12-30T06:00:00,72
test_092030_lead006,test,4,92027,92030,92031,2021-12-27T18:00:00,2021-12-28T12:00:00,2021-12-28T18:00:00,6
test_092030_lead024,test,4,92027,92030,92034,2021-12-27T18:00:00,2021-12-28T12:00:00,2021-12-29T12:00:00,24
test_092030_lead072,test,4,92027,92030,92042,2021-12-27T18:00:00,2021-12-28T12:00:00,2021-12-31T12:00:00,72
test_092036_lead006,test,4,92033,92036,92037,2021-12-29T06:00:00,2021-12-30T00:00:00,2021-12-30T06:00:00,6
test_092036_lead024,test,4,92033,92036,92040,2021-12-29T06:00:00,2021-12-30T00:00:00,2021-12-31T00:00:00,24
test_092036_lead072,test,4,92033,92036,92048,2021-12-29T06:00:00,2021-12-30T00:00:00,2022-01-02T00:00:00,72
test_092042_lead006,test,4,92039,92042,92043,2021-12-30T18:00:00,2021-12-31T12:00:00,2021-12-31T18:00:00,6
test_092042_lead024,test,4,92039,92042,92046,2021-12-30T18:00:00,2021-12-31T12:00:00,2022-01-01T12:00:00,24
test_092042_lead072,test,4,92039,92042,92054,2021-12-30T18:00:00,2021-12-31T12:00:00,2022-01-03T12:00:00,72
test_092048_lead006,test,4,92045,92048,92049,2022-01-01T06:00:00,2022-01-02T00:00:00,2022-01-02T06:00:00,6
test_092048_lead024,test,4,92045,92048,92052,2022-01-01T06:00:00,2022-01-02T00:00:00,2022-01-03T00:00:00,24
test_092048_lead072,test,4,92045,92048,92060,2022-01-01T06:00:00,2022-01-02T00:00:00,2022-01-05T00:00:00,72
test_092053_lead006,test,4,92050,92053,92054,2022-01-02T12:00:00,2022-01-03T06:00:00,2022-01-03T12:00:00,6
test_092053_lead024,test,4,92050,92053,92057,2022-01-02T12:00:00,2022-01-03T06:00:00,2022-01-04T06:00:00,24
test_092053_lead072,test,4,92050,92053,92065,2022-01-02T12:00:00,2022-01-03T06:00:00,2022-01-06T06:00:00,72
test_092059_lead006,test,4,92056,92059,92060,2022-01-04T00:00:00,2022-01-04T18:00:00,2022-01-05T00:00:00,6
test_092059_lead024,test,4,92056,92059,92063,2022-01-04T00:00:00,2022-01-04T18:00:00,2022-01-05T18:00:00,24
test_092059_lead072,test,4,92056,92059,92071,2022-01-04T00:00:00,2022-01-04T18:00:00,2022-01-07T18:00:00,72
test_092065_lead006,test,4,92062,92065,92066,2022-01-05T12:00:00,2022-01-06T06:00:00,2022-01-06T12:00:00,6
test_092065_lead024,test,4,92062,92065,92069,2022-01-05T12:00:00,2022-01-06T06:00:00,2022-01-07T06:00:00,24
test_092065_lead072,test,4,92062,92065,92077,2022-01-05T12:00:00,2022-01-06T06:00:00,2022-01-09T06:00:00,72
test_092070_lead006,test,4,92067,92070,92071,2022-01-06T18:00:00,2022-01-07T12:00:00,2022-01-07T18:00:00,6
test_092070_lead024,test,4,92067,92070,92074,2022-01-06T18:00:00,2022-01-07T12:00:00,2022-01-08T12:00:00,24
test_092070_lead072,test,4,92067,92070,92082,2022-01-06T18:00:00,2022-01-07T12:00:00,2022-01-10T12:00:00,72
test_092076_lead006,test,4,92073,92076,92077,2022-01-08T06:00:00,2022-01-09T00:00:00,2022-01-09T06:00:00,6
test_092076_lead024,test,4,92073,92076,92080,2022-01-08T06:00:00,2022-01-09T00:00:00,2022-01-10T00:00:00,24
test_092076_lead072,test,4,92073,92076,92088,2022-01-08T06:00:00,2022-01-09T00:00:00,2022-01-12T00:00:00,72
test_092082_lead006,test,4,92079,92082,92083,2022-01-09T18:00:00,2022-01-10T12:00:00,2022-01-10T18:00:00,6
test_092082_lead024,test,4,92079,92082,92086,2022-01-09T18:00:00,2022-01-10T12:00:00,2022-01-11T12:00:00,24
test_092082_lead072,test,4,92079,92082,92094,2022-01-09T18:00:00,2022-01-10T12:00:00,2022-01-13T12:00:00,72
test_092087_lead006,test,4,92084,92087,92088,2022-01-11T00:00:00,2022-01-11T18:00:00,2022-01-12T00:00:00,6
test_092087_lead024,test,4,92084,92087,92091,2022-01-11T00:00:00,2022-01-11T18:00:00,2022-01-12T18:00:00,24
test_092087_lead072,test,4,92084,92087,92099,2022-01-11T00:00:00,2022-01-11T18:00:00,2022-01-14T18:00:00,72
test_092093_lead006,test,4,92090,92093,92094,2022-01-12T12:00:00,2022-01-13T06:00:00,2022-01-13T12:00:00,6
test_092093_lead024,test,4,92090,92093,92097,2022-01-12T12:00:00,2022-01-13T06:00:00,2022-01-14T06:00:00,24
test_092093_lead072,test,4,92090,92093,92105,2022-01-12T12:00:00,2022-01-13T06:00:00,2022-01-16T06:00:00,72
test_092099_lead006,test,4,92096,92099,92100,2022-01-14T00:00:00,2022-01-14T18:00:00,2022-01-15T00:00:00,6
test_092099_lead024,test,4,92096,92099,92103,2022-01-14T00:00:00,2022-01-14T18:00:00,2022-01-15T18:00:00,24
test_092099_lead072,test,4,92096,92099,92111,2022-01-14T00:00:00,2022-01-14T18:00:00,2022-01-17T18:00:00,72
test_092104_lead006,test,4,92101,92104,92105,2022-01-15T06:00:00,2022-01-16T00:00:00,2022-01-16T06:00:00,6
test_092104_lead024,test,4,92101,92104,92108,2022-01-15T06:00:00,2022-01-16T00:00:00,2022-01-17T00:00:00,24
test_092104_lead072,test,4,92101,92104,92116,2022-01-15T06:00:00,2022-01-16T00:00:00,2022-01-19T00:00:00,72
test_092110_lead006,test,4,92107,92110,92111,2022-01-16T18:00:00,2022-01-17T12:00:00,2022-01-17T18:00:00,6
test_092110_lead024,test,4,92107,92110,92114,2022-01-16T18:00:00,2022-01-17T12:00:00,2022-01-18T12:00:00,24
test_092110_lead072,test,4,92107,92110,92122,2022-01-16T18:00:00,2022-01-17T12:00:00,2022-01-20T12:00:00,72
test_092116_lead006,test,4,92113,92116,92117,2022-01-18T06:00:00,2022-01-19T00:00:00,2022-01-19T06:00:00,6
test_092116_lead024,test,4,92113,92116,92120,2022-01-18T06:00:00,2022-01-19T00:00:00,2022-01-20T00:00:00,24
test_092116_lead072,test,4,92113,92116,92128,2022-01-18T06:00:00,2022-01-19T00:00:00,2022-01-22T00:00:00,72
test_092121_lead006,test,4,92118,92121,92122,2022-01-19T12:00:00,2022-01-20T06:00:00,2022-01-20T12:00:00,6
test_092121_lead024,test,4,92118,92121,92125,2022-01-19T12:00:00,2022-01-20T06:00:00,2022-01-21T06:00:00,24
test_092121_lead072,test,4,92118,92121,92133,2022-01-19T12:00:00,2022-01-20T06:00:00,2022-01-23T06:00:00,72
test_092127_lead006,test,4,92124,92127,92128,2022-01-21T00:00:00,2022-01-21T18:00:00,2022-01-22T00:00:00,6
test_092127_lead024,test,4,92124,92127,92131,2022-01-21T00:00:00,2022-01-21T18:00:00,2022-01-22T18:00:00,24
test_092127_lead072,test,4,92124,92127,92139,2022-01-21T00:00:00,2022-01-21T18:00:00,2022-01-24T18:00:00,72
test_092133_lead006,test,4,92130,92133,92134,2022-01-22T12:00:00,2022-01-23T06:00:00,2022-01-23T12:00:00,6
test_092133_lead024,test,4,92130,92133,92137,2022-01-22T12:00:00,2022-01-23T06:00:00,2022-01-24T06:00:00,24
test_092133_lead072,test,4,92130,92133,92145,2022-01-22T12:00:00,2022-01-23T06:00:00,2022-01-26T06:00:00,72
test_092138_lead006,test,4,92135,92138,92139,2022-01-23T18:00:00,2022-01-24T12:00:00,2022-01-24T18:00:00,6
test_092138_lead024,test,4,92135,92138,92142,2022-01-23T18:00:00,2022-01-24T12:00:00,2022-01-25T12:00:00,24
test_092138_lead072,test,4,92135,92138,92150,2022-01-23T18:00:00,2022-01-24T12:00:00,2022-01-27T12:00:00,72
test_092144_lead006,test,4,92141,92144,92145,2022-01-25T06:00:00,2022-01-26T00:00:00,2022-01-26T06:00:00,6
test_092144_lead024,test,4,92141,92144,92148,2022-01-25T06:00:00,2022-01-26T00:00:00,2022-01-27T00:00:00,24
test_092144_lead072,test,4,92141,92144,92156,2022-01-25T06:00:00,2022-01-26T00:00:00,2022-01-29T00:00:00,72
test_092150_lead006,test,4,92147,92150,92151,2022-01-26T18:00:00,2022-01-27T12:00:00,2022-01-27T18:00:00,6
test_092150_lead024,test,4,92147,92150,92154,2022-01-26T18:00:00,2022-01-27T12:00:00,2022-01-28T12:00:00,24
test_092150_lead072,test,4,92147,92150,92162,2022-01-26T18:00:00,2022-01-27T12:00:00,2022-01-30T12:00:00,72
test_092155_lead006,test,4,92152,92155,92156,2022-01-28T00:00:00,2022-01-28T18:00:00,2022-01-29T00:00:00,6
test_092155_lead024,test,4,92152,92155,92159,2022-01-28T00:00:00,2022-01-28T18:00:00,2022-01-29T18:00:00,24
test_092155_lead072,test,4,92152,92155,92167,2022-01-28T00:00:00,2022-01-28T18:00:00,2022-01-31T18:00:00,72
test_092161_lead006,test,4,92158,92161,92162,2022-01-29T12:00:00,2022-01-30T06:00:00,2022-01-30T12:00:00,6
test_092161_lead024,test,4,92158,92161,92165,2022-01-29T12:00:00,2022-01-30T06:00:00,2022-01-31T06:00:00,24
test_092161_lead072,test,4,92158,92161,92173,2022-01-29T12:00:00,2022-01-30T06:00:00,2022-02-02T06:00:00,72
test_092167_lead006,test,4,92164,92167,92168,2022-01-31T00:00:00,2022-01-31T18:00:00,2022-02-01T00:00:00,6
test_092167_lead024,test,4,92164,92167,92171,2022-01-31T00:00:00,2022-01-31T18:00:00,2022-02-01T18:00:00,24
test_092167_lead072,test,4,92164,92167,92179,2022-01-31T00:00:00,2022-01-31T18:00:00,2022-02-03T18:00:00,72
test_092172_lead006,test,4,92169,92172,92173,2022-02-01T06:00:00,2022-02-02T00:00:00,2022-02-02T06:00:00,6
test_092172_lead024,test,4,92169,92172,92176,2022-02-01T06:00:00,2022-02-02T00:00:00,2022-02-03T00:00:00,24
test_092172_lead072,test,4,92169,92172,92184,2022-02-01T06:00:00,2022-02-02T00:00:00,2022-02-05T00:00:00,72
test_092178_lead006,test,4,92175,92178,92179,2022-02-02T18:00:00,2022-02-03T12:00:00,2022-02-03T18:00:00,6
test_092178_lead024,test,4,92175,92178,92182,2022-02-02T18:00:00,2022-02-03T12:00:00,2022-02-04T12:00:00,24
test_092178_lead072,test,4,92175,92178,92190,2022-02-02T18:00:00,2022-02-03T12:00:00,2022-02-06T12:00:00,72
test_092184_lead006,test,4,92181,92184,92185,2022-02-04T06:00:00,2022-02-05T00:00:00,2022-02-05T06:00:00,6
test_092184_lead024,test,4,92181,92184,92188,2022-02-04T06:00:00,2022-02-05T00:00:00,2022-02-06T00:00:00,24
test_092184_lead072,test,4,92181,92184,92196,2022-02-04T06:00:00,2022-02-05T00:00:00,2022-02-08T00:00:00,72
test_092189_lead006,test,4,92186,92189,92190,2022-02-05T12:00:00,2022-02-06T06:00:00,2022-02-06T12:00:00,6
test_092189_lead024,test,4,92186,92189,92193,2022-02-05T12:00:00,2022-02-06T06:00:00,2022-02-07T06:00:00,24
test_092189_lead072,test,4,92186,92189,92201,2022-02-05T12:00:00,2022-02-06T06:00:00,2022-02-09T06:00:00,72
test_092195_lead006,test,4,92192,92195,92196,2022-02-07T00:00:00,2022-02-07T18:00:00,2022-02-08T00:00:00,6
test_092195_lead024,test,4,92192,92195,92199,2022-02-07T00:00:00,2022-02-07T18:00:00,2022-02-08T18:00:00,24
test_092195_lead072,test,4,92192,92195,92207,2022-02-07T00:00:00,2022-02-07T18:00:00,2022-02-10T18:00:00,72
test_092201_lead006,test,4,92198,92201,92202,2022-02-08T12:00:00,2022-02-09T06:00:00,2022-02-09T12:00:00,6
test_092201_lead024,test,4,92198,92201,92205,2022-02-08T12:00:00,2022-02-09T06:00:00,2022-02-10T06:00:00,24
test_092201_lead072,test,4,92198,92201,92213,2022-02-08T12:00:00,2022-02-09T06:00:00,2022-02-12T06:00:00,72
test_092206_lead006,test,4,92203,92206,92207,2022-02-09T18:00:00,2022-02-10T12:00:00,2022-02-10T18:00:00,6
test_092206_lead024,test,4,92203,92206,92210,2022-02-09T18:00:00,2022-02-10T12:00:00,2022-02-11T12:00:00,24
test_092206_lead072,test,4,92203,92206,92218,2022-02-09T18:00:00,2022-02-10T12:00:00,2022-02-13T12:00:00,72
test_092212_lead006,test,4,92209,92212,92213,2022-02-11T06:00:00,2022-02-12T00:00:00,2022-02-12T06:00:00,6
test_092212_lead024,test,4,92209,92212,92216,2022-02-11T06:00:00,2022-02-12T00:00:00,2022-02-13T00:00:00,24
test_092212_lead072,test,4,92209,92212,92224,2022-02-11T06:00:00,2022-02-12T00:00:00,2022-02-15T00:00:00,72
test_092218_lead006,test,4,92215,92218,92219,2022-02-12T18:00:00,2022-02-13T12:00:00,2022-02-13T18:00:00,6
test_092218_lead024,test,4,92215,92218,92222,2022-02-12T18:00:00,2022-02-13T12:00:00,2022-02-14T12:00:00,24
test_092218_lead072,test,4,92215,92218,92230,2022-02-12T18:00:00,2022-02-13T12:00:00,2022-02-16T12:00:00,72
test_092223_lead006,test,4,92220,92223,92224,2022-02-14T00:00:00,2022-02-14T18:00:00,2022-02-15T00:00:00,6
test_092223_lead024,test,4,92220,92223,92227,2022-02-14T00:00:00,2022-02-14T18:00:00,2022-02-15T18:00:00,24
test_092223_lead072,test,4,92220,92223,92235,2022-02-14T00:00:00,2022-02-14T18:00:00,2022-02-17T18:00:00,72
test_092229_lead006,test,4,92226,92229,92230,2022-02-15T12:00:00,2022-02-16T06:00:00,2022-02-16T12:00:00,6
test_092229_lead024,test,4,92226,92229,92233,2022-02-15T12:00:00,2022-02-16T06:00:00,2022-02-17T06:00:00,24
test_092229_lead072,test,4,92226,92229,92241,2022-02-15T12:00:00,2022-02-16T06:00:00,2022-02-19T06:00:00,72
test_092235_lead006,test,4,92232,92235,92236,2022-02-17T00:00:00,2022-02-17T18:00:00,2022-02-18T00:00:00,6
test_092235_lead024,test,4,92232,92235,92239,2022-02-17T00:00:00,2022-02-17T18:00:00,2022-02-18T18:00:00,24
test_092235_lead072,test,4,92232,92235,92247,2022-02-17T00:00:00,2022-02-17T18:00:00,2022-02-20T18:00:00,72
test_092240_lead006,test,4,92237,92240,92241,2022-02-18T06:00:00,2022-02-19T00:00:00,2022-02-19T06:00:00,6
test_092240_lead024,test,4,92237,92240,92244,2022-02-18T06:00:00,2022-02-19T00:00:00,2022-02-20T00:00:00,24
test_092240_lead072,test,4,92237,92240,92252,2022-02-18T06:00:00,2022-02-19T00:00:00,2022-02-22T00:00:00,72
test_092246_lead006,test,4,92243,92246,92247,2022-02-19T18:00:00,2022-02-20T12:00:00,2022-02-20T18:00:00,6
test_092246_lead024,test,4,92243,92246,92250,2022-02-19T18:00:00,2022-02-20T12:00:00,2022-02-21T12:00:00,24
test_092246_lead072,test,4,92243,92246,92258,2022-02-19T18:00:00,2022-02-20T12:00:00,2022-02-23T12:00:00,72
test_092252_lead006,test,4,92249,92252,92253,2022-02-21T06:00:00,2022-02-22T00:00:00,2022-02-22T06:00:00,6
test_092252_lead024,test,4,92249,92252,92256,2022-02-21T06:00:00,2022-02-22T00:00:00,2022-02-23T00:00:00,24
test_092252_lead072,test,4,92249,92252,92264,2022-02-21T06:00:00,2022-02-22T00:00:00,2022-02-25T00:00:00,72
test_092257_lead006,test,4,92254,92257,92258,2022-02-22T12:00:00,2022-02-23T06:00:00,2022-02-23T12:00:00,6
test_092257_lead024,test,4,92254,92257,92261,2022-02-22T12:00:00,2022-02-23T06:00:00,2022-02-24T06:00:00,24
test_092257_lead072,test,4,92254,92257,92269,2022-02-22T12:00:00,2022-02-23T06:00:00,2022-02-26T06:00:00,72
test_092263_lead006,test,4,92260,92263,92264,2022-02-24T00:00:00,2022-02-24T18:00:00,2022-02-25T00:00:00,6
test_092263_lead024,test,4,92260,92263,92267,2022-02-24T00:00:00,2022-02-24T18:00:00,2022-02-25T18:00:00,24
test_092263_lead072,test,4,92260,92263,92275,2022-02-24T00:00:00,2022-02-24T18:00:00,2022-02-27T18:00:00,72
test_092269_lead006,test,4,92266,92269,92270,2022-02-25T12:00:00,2022-02-26T06:00:00,2022-02-26T12:00:00,6
test_092269_lead024,test,4,92266,92269,92273,2022-02-25T12:00:00,2022-02-26T06:00:00,2022-02-27T06:00:00,24
test_092269_lead072,test,4,92266,92269,92281,2022-02-25T12:00:00,2022-02-26T06:00:00,2022-03-01T06:00:00,72
test_092274_lead006,test,4,92271,92274,92275,2022-02-26T18:00:00,2022-02-27T12:00:00,2022-02-27T18:00:00,6
test_092274_lead024,test,4,92271,92274,92278,2022-02-26T18:00:00,2022-02-27T12:00:00,2022-02-28T12:00:00,24
test_092274_lead072,test,4,92271,92274,92286,2022-02-26T18:00:00,2022-02-27T12:00:00,2022-03-02T12:00:00,72
test_092280_lead006,test,4,92277,92280,92281,2022-02-28T06:00:00,2022-03-01T00:00:00,2022-03-01T06:00:00,6
test_092280_lead024,test,4,92277,92280,92284,2022-02-28T06:00:00,2022-03-01T00:00:00,2022-03-02T00:00:00,24
test_092280_lead072,test,4,92277,92280,92292,2022-02-28T06:00:00,2022-03-01T00:00:00,2022-03-04T00:00:00,72
test_092286_lead006,test,4,92283,92286,92287,2022-03-01T18:00:00,2022-03-02T12:00:00,2022-03-02T18:00:00,6
test_092286_lead024,test,4,92283,92286,92290,2022-03-01T18:00:00,2022-03-02T12:00:00,2022-03-03T12:00:00,24
test_092286_lead072,test,4,92283,92286,92298,2022-03-01T18:00:00,2022-03-02T12:00:00,2022-03-05T12:00:00,72
test_092291_lead006,test,4,92288,92291,92292,2022-03-03T00:00:00,2022-03-03T18:00:00,2022-03-04T00:00:00,6
test_092291_lead024,test,4,92288,92291,92295,2022-03-03T00:00:00,2022-03-03T18:00:00,2022-03-04T18:00:00,24
test_092291_lead072,test,4,92288,92291,92303,2022-03-03T00:00:00,2022-03-03T18:00:00,2022-03-06T18:00:00,72
test_092297_lead006,test,4,92294,92297,92298,2022-03-04T12:00:00,2022-03-05T06:00:00,2022-03-05T12:00:00,6
test_092297_lead024,test,4,92294,92297,92301,2022-03-04T12:00:00,2022-03-05T06:00:00,2022-03-06T06:00:00,24
test_092297_lead072,test,4,92294,92297,92309,2022-03-04T12:00:00,2022-03-05T06:00:00,2022-03-08T06:00:00,72
test_092303_lead006,test,4,92300,92303,92304,2022-03-06T00:00:00,2022-03-06T18:00:00,2022-03-07T00:00:00,6
test_092303_lead024,test,4,92300,92303,92307,2022-03-06T00:00:00,2022-03-06T18:00:00,2022-03-07T18:00:00,24
test_092303_lead072,test,4,92300,92303,92315,2022-03-06T00:00:00,2022-03-06T18:00:00,2022-03-09T18:00:00,72
test_092309_lead006,test,4,92306,92309,92310,2022-03-07T12:00:00,2022-03-08T06:00:00,2022-03-08T12:00:00,6
test_092309_lead024,test,4,92306,92309,92313,2022-03-07T12:00:00,2022-03-08T06:00:00,2022-03-09T06:00:00,24
test_092309_lead072,test,4,92306,92309,92321,2022-03-07T12:00:00,2022-03-08T06:00:00,2022-03-11T06:00:00,72
test_092314_lead006,test,4,92311,92314,92315,2022-03-08T18:00:00,2022-03-09T12:00:00,2022-03-09T18:00:00,6
test_092314_lead024,test,4,92311,92314,92318,2022-03-08T18:00:00,2022-03-09T12:00:00,2022-03-10T12:00:00,24
test_092314_lead072,test,4,92311,92314,92326,2022-03-08T18:00:00,2022-03-09T12:00:00,2022-03-12T12:00:00,72
test_092320_lead006,test,4,92317,92320,92321,2022-03-10T06:00:00,2022-03-11T00:00:00,2022-03-11T06:00:00,6
test_092320_lead024,test,4,92317,92320,92324,2022-03-10T06:00:00,2022-03-11T00:00:00,2022-03-12T00:00:00,24
test_092320_lead072,test,4,92317,92320,92332,2022-03-10T06:00:00,2022-03-11T00:00:00,2022-03-14T00:00:00,72
test_092326_lead006,test,4,92323,92326,92327,2022-03-11T18:00:00,2022-03-12T12:00:00,2022-03-12T18:00:00,6
test_092326_lead024,test,4,92323,92326,92330,2022-03-11T18:00:00,2022-03-12T12:00:00,2022-03-13T12:00:00,24
test_092326_lead072,test,4,92323,92326,92338,2022-03-11T18:00:00,2022-03-12T12:00:00,2022-03-15T12:00:00,72
test_092331_lead006,test,4,92328,92331,92332,2022-03-13T00:00:00,2022-03-13T18:00:00,2022-03-14T00:00:00,6
test_092331_lead024,test,4,92328,92331,92335,2022-03-13T00:00:00,2022-03-13T18:00:00,2022-03-14T18:00:00,24
test_092331_lead072,test,4,92328,92331,92343,2022-03-13T00:00:00,2022-03-13T18:00:00,2022-03-16T18:00:00,72
test_092337_lead006,test,4,92334,92337,92338,2022-03-14T12:00:00,2022-03-15T06:00:00,2022-03-15T12:00:00,6
test_092337_lead024,test,4,92334,92337,92341,2022-03-14T12:00:00,2022-03-15T06:00:00,2022-03-16T06:00:00,24
test_092337_lead072,test,4,92334,92337,92349,2022-03-14T12:00:00,2022-03-15T06:00:00,2022-03-18T06:00:00,72
test_092343_lead006,test,4,92340,92343,92344,2022-03-16T00:00:00,2022-03-16T18:00:00,2022-03-17T00:00:00,6
test_092343_lead024,test,4,92340,92343,92347,2022-03-16T00:00:00,2022-03-16T18:00:00,2022-03-17T18:00:00,24
test_092343_lead072,test,4,92340,92343,92355,2022-03-16T00:00:00,2022-03-16T18:00:00,2022-03-19T18:00:00,72
test_092348_lead006,test,4,92345,92348,92349,2022-03-17T06:00:00,2022-03-18T00:00:00,2022-03-18T06:00:00,6
test_092348_lead024,test,4,92345,92348,92352,2022-03-17T06:00:00,2022-03-18T00:00:00,2022-03-19T00:00:00,24
test_092348_lead072,test,4,92345,92348,92360,2022-03-17T06:00:00,2022-03-18T00:00:00,2022-03-21T00:00:00,72
test_092354_lead006,test,4,92351,92354,92355,2022-03-18T18:00:00,2022-03-19T12:00:00,2022-03-19T18:00:00,6
test_092354_lead024,test,4,92351,92354,92358,2022-03-18T18:00:00,2022-03-19T12:00:00,2022-03-20T12:00:00,24
test_092354_lead072,test,4,92351,92354,92366,2022-03-18T18:00:00,2022-03-19T12:00:00,2022-03-22T12:00:00,72
test_092360_lead006,test,4,92357,92360,92361,2022-03-20T06:00:00,2022-03-21T00:00:00,2022-03-21T06:00:00,6
test_092360_lead024,test,4,92357,92360,92364,2022-03-20T06:00:00,2022-03-21T00:00:00,2022-03-22T00:00:00,24
test_092360_lead072,test,4,92357,92360,92372,2022-03-20T06:00:00,2022-03-21T00:00:00,2022-03-24T00:00:00,72
test_092365_lead006,test,4,92362,92365,92366,2022-03-21T12:00:00,2022-03-22T06:00:00,2022-03-22T12:00:00,6
test_092365_lead024,test,4,92362,92365,92369,2022-03-21T12:00:00,2022-03-22T06:00:00,2022-03-23T06:00:00,24
test_092365_lead072,test,4,92362,92365,92377,2022-03-21T12:00:00,2022-03-22T06:00:00,2022-03-25T06:00:00,72
test_092371_lead006,test,4,92368,92371,92372,2022-03-23T00:00:00,2022-03-23T18:00:00,2022-03-24T00:00:00,6
test_092371_lead024,test,4,92368,92371,92375,2022-03-23T00:00:00,2022-03-23T18:00:00,2022-03-24T18:00:00,24
test_092371_lead072,test,4,92368,92371,92383,2022-03-23T00:00:00,2022-03-23T18:00:00,2022-03-26T18:00:00,72
test_092377_lead006,test,4,92374,92377,92378,2022-03-24T12:00:00,2022-03-25T06:00:00,2022-03-25T12:00:00,6
test_092377_lead024,test,4,92374,92377,92381,2022-03-24T12:00:00,2022-03-25T06:00:00,2022-03-26T06:00:00,24
test_092377_lead072,test,4,92374,92377,92389,2022-03-24T12:00:00,2022-03-25T06:00:00,2022-03-28T06:00:00,72
test_092382_lead006,test,4,92379,92382,92383,2022-03-25T18:00:00,2022-03-26T12:00:00,2022-03-26T18:00:00,6
test_092382_lead024,test,4,92379,92382,92386,2022-03-25T18:00:00,2022-03-26T12:00:00,2022-03-27T12:00:00,24
test_092382_lead072,test,4,92379,92382,92394,2022-03-25T18:00:00,2022-03-26T12:00:00,2022-03-29T12:00:00,72
test_092388_lead006,test,4,92385,92388,92389,2022-03-27T06:00:00,2022-03-28T00:00:00,2022-03-28T06:00:00,6
test_092388_lead024,test,4,92385,92388,92392,2022-03-27T06:00:00,2022-03-28T00:00:00,2022-03-29T00:00:00,24
test_092388_lead072,test,4,92385,92388,92400,2022-03-27T06:00:00,2022-03-28T00:00:00,2022-03-31T00:00:00,72
test_092394_lead006,test,4,92391,92394,92395,2022-03-28T18:00:00,2022-03-29T12:00:00,2022-03-29T18:00:00,6
test_092394_lead024,test,4,92391,92394,92398,2022-03-28T18:00:00,2022-03-29T12:00:00,2022-03-30T12:00:00,24
test_092394_lead072,test,4,92391,92394,92406,2022-03-28T18:00:00,2022-03-29T12:00:00,2022-04-01T12:00:00,72
test_092399_lead006,test,4,92396,92399,92400,2022-03-30T00:00:00,2022-03-30T18:00:00,2022-03-31T00:00:00,6
test_092399_lead024,test,4,92396,92399,92403,2022-03-30T00:00:00,2022-03-30T18:00:00,2022-03-31T18:00:00,24
test_092399_lead072,test,4,92396,92399,92411,2022-03-30T00:00:00,2022-03-30T18:00:00,2022-04-02T18:00:00,72
test_092405_lead006,test,4,92402,92405,92406,2022-03-31T12:00:00,2022-04-01T06:00:00,2022-04-01T12:00:00,6
test_092405_lead024,test,4,92402,92405,92409,2022-03-31T12:00:00,2022-04-01T06:00:00,2022-04-02T06:00:00,24
test_092405_lead072,test,4,92402,92405,92417,2022-03-31T12:00:00,2022-04-01T06:00:00,2022-04-04T06:00:00,72
test_092411_lead006,test,4,92408,92411,92412,2022-04-02T00:00:00,2022-04-02T18:00:00,2022-04-03T00:00:00,6
test_092411_lead024,test,4,92408,92411,92415,2022-04-02T00:00:00,2022-04-02T18:00:00,2022-04-03T18:00:00,24
test_092411_lead072,test,4,92408,92411,92423,2022-04-02T00:00:00,2022-04-02T18:00:00,2022-04-05T18:00:00,72
test_092416_lead006,test,4,92413,92416,92417,2022-04-03T06:00:00,2022-04-04T00:00:00,2022-04-04T06:00:00,6
test_092416_lead024,test,4,92413,92416,92420,2022-04-03T06:00:00,2022-04-04T00:00:00,2022-04-05T00:00:00,24
test_092416_lead072,test,4,92413,92416,92428,2022-04-03T06:00:00,2022-04-04T00:00:00,2022-04-07T00:00:00,72
test_092422_lead006,test,4,92419,92422,92423,2022-04-04T18:00:00,2022-04-05T12:00:00,2022-04-05T18:00:00,6
test_092422_lead024,test,4,92419,92422,92426,2022-04-04T18:00:00,2022-04-05T12:00:00,2022-04-06T12:00:00,24
test_092422_lead072,test,4,92419,92422,92434,2022-04-04T18:00:00,2022-04-05T12:00:00,2022-04-08T12:00:00,72
test_092428_lead006,test,4,92425,92428,92429,2022-04-06T06:00:00,2022-04-07T00:00:00,2022-04-07T06:00:00,6
test_092428_lead024,test,4,92425,92428,92432,2022-04-06T06:00:00,2022-04-07T00:00:00,2022-04-08T00:00:00,24
test_092428_lead072,test,4,92425,92428,92440,2022-04-06T06:00:00,2022-04-07T00:00:00,2022-04-10T00:00:00,72
test_092433_lead006,test,4,92430,92433,92434,2022-04-07T12:00:00,2022-04-08T06:00:00,2022-04-08T12:00:00,6
test_092433_lead024,test,4,92430,92433,92437,2022-04-07T12:00:00,2022-04-08T06:00:00,2022-04-09T06:00:00,24
test_092433_lead072,test,4,92430,92433,92445,2022-04-07T12:00:00,2022-04-08T06:00:00,2022-04-11T06:00:00,72
test_092439_lead006,test,4,92436,92439,92440,2022-04-09T00:00:00,2022-04-09T18:00:00,2022-04-10T00:00:00,6
test_092439_lead024,test,4,92436,92439,92443,2022-04-09T00:00:00,2022-04-09T18:00:00,2022-04-10T18:00:00,24
test_092439_lead072,test,4,92436,92439,92451,2022-04-09T00:00:00,2022-04-09T18:00:00,2022-04-12T18:00:00,72
test_092445_lead006,test,4,92442,92445,92446,2022-04-10T12:00:00,2022-04-11T06:00:00,2022-04-11T12:00:00,6
test_092445_lead024,test,4,92442,92445,92449,2022-04-10T12:00:00,2022-04-11T06:00:00,2022-04-12T06:00:00,24
test_092445_lead072,test,4,92442,92445,92457,2022-04-10T12:00:00,2022-04-11T06:00:00,2022-04-14T06:00:00,72
test_092450_lead006,test,4,92447,92450,92451,2022-04-11T18:00:00,2022-04-12T12:00:00,2022-04-12T18:00:00,6
test_092450_lead024,test,4,92447,92450,92454,2022-04-11T18:00:00,2022-04-12T12:00:00,2022-04-13T12:00:00,24
test_092450_lead072,test,4,92447,92450,92462,2022-04-11T18:00:00,2022-04-12T12:00:00,2022-04-15T12:00:00,72
test_092456_lead006,test,4,92453,92456,92457,2022-04-13T06:00:00,2022-04-14T00:00:00,2022-04-14T06:00:00,6
test_092456_lead024,test,4,92453,92456,92460,2022-04-13T06:00:00,2022-04-14T00:00:00,2022-04-15T00:00:00,24
test_092456_lead072,test,4,92453,92456,92468,2022-04-13T06:00:00,2022-04-14T00:00:00,2022-04-17T00:00:00,72
test_092462_lead006,test,4,92459,92462,92463,2022-04-14T18:00:00,2022-04-15T12:00:00,2022-04-15T18:00:00,6
test_092462_lead024,test,4,92459,92462,92466,2022-04-14T18:00:00,2022-04-15T12:00:00,2022-04-16T12:00:00,24
test_092462_lead072,test,4,92459,92462,92474,2022-04-14T18:00:00,2022-04-15T12:00:00,2022-04-18T12:00:00,72
test_092467_lead006,test,4,92464,92467,92468,2022-04-16T00:00:00,2022-04-16T18:00:00,2022-04-17T00:00:00,6
test_092467_lead024,test,4,92464,92467,92471,2022-04-16T00:00:00,2022-04-16T18:00:00,2022-04-17T18:00:00,24
test_092467_lead072,test,4,92464,92467,92479,2022-04-16T00:00:00,2022-04-16T18:00:00,2022-04-19T18:00:00,72
test_092473_lead006,test,4,92470,92473,92474,2022-04-17T12:00:00,2022-04-18T06:00:00,2022-04-18T12:00:00,6
test_092473_lead024,test,4,92470,92473,92477,2022-04-17T12:00:00,2022-04-18T06:00:00,2022-04-19T06:00:00,24
test_092473_lead072,test,4,92470,92473,92485,2022-04-17T12:00:00,2022-04-18T06:00:00,2022-04-21T06:00:00,72
test_092479_lead006,test,4,92476,92479,92480,2022-04-19T00:00:00,2022-04-19T18:00:00,2022-04-20T00:00:00,6
test_092479_lead024,test,4,92476,92479,92483,2022-04-19T00:00:00,2022-04-19T18:00:00,2022-04-20T18:00:00,24
test_092479_lead072,test,4,92476,92479,92491,2022-04-19T00:00:00,2022-04-19T18:00:00,2022-04-22T18:00:00,72
test_092484_lead006,test,4,92481,92484,92485,2022-04-20T06:00:00,2022-04-21T00:00:00,2022-04-21T06:00:00,6
test_092484_lead024,test,4,92481,92484,92488,2022-04-20T06:00:00,2022-04-21T00:00:00,2022-04-22T00:00:00,24
test_092484_lead072,test,4,92481,92484,92496,2022-04-20T06:00:00,2022-04-21T00:00:00,2022-04-24T00:00:00,72
test_092490_lead006,test,4,92487,92490,92491,2022-04-21T18:00:00,2022-04-22T12:00:00,2022-04-22T18:00:00,6
test_092490_lead024,test,4,92487,92490,92494,2022-04-21T18:00:00,2022-04-22T12:00:00,2022-04-23T12:00:00,24
test_092490_lead072,test,4,92487,92490,92502,2022-04-21T18:00:00,2022-04-22T12:00:00,2022-04-25T12:00:00,72
test_092496_lead006,test,4,92493,92496,92497,2022-04-23T06:00:00,2022-04-24T00:00:00,2022-04-24T06:00:00,6
test_092496_lead024,test,4,92493,92496,92500,2022-04-23T06:00:00,2022-04-24T00:00:00,2022-04-25T00:00:00,24
test_092496_lead072,test,4,92493,92496,92508,2022-04-23T06:00:00,2022-04-24T00:00:00,2022-04-27T00:00:00,72
test_092501_lead006,test,4,92498,92501,92502,2022-04-24T12:00:00,2022-04-25T06:00:00,2022-04-25T12:00:00,6
test_092501_lead024,test,4,92498,92501,92505,2022-04-24T12:00:00,2022-04-25T06:00:00,2022-04-26T06:00:00,24
test_092501_lead072,test,4,92498,92501,92513,2022-04-24T12:00:00,2022-04-25T06:00:00,2022-04-28T06:00:00,72
test_092507_lead006,test,4,92504,92507,92508,2022-04-26T00:00:00,2022-04-26T18:00:00,2022-04-27T00:00:00,6
test_092507_lead024,test,4,92504,92507,92511,2022-04-26T00:00:00,2022-04-26T18:00:00,2022-04-27T18:00:00,24
test_092507_lead072,test,4,92504,92507,92519,2022-04-26T00:00:00,2022-04-26T18:00:00,2022-04-29T18:00:00,72
test_092513_lead006,test,4,92510,92513,92514,2022-04-27T12:00:00,2022-04-28T06:00:00,2022-04-28T12:00:00,6
test_092513_lead024,test,4,92510,92513,92517,2022-04-27T12:00:00,2022-04-28T06:00:00,2022-04-29T06:00:00,24
test_092513_lead072,test,4,92510,92513,92525,2022-04-27T12:00:00,2022-04-28T06:00:00,2022-05-01T06:00:00,72
test_092518_lead006,test,4,92515,92518,92519,2022-04-28T18:00:00,2022-04-29T12:00:00,2022-04-29T18:00:00,6
test_092518_lead024,test,4,92515,92518,92522,2022-04-28T18:00:00,2022-04-29T12:00:00,2022-04-30T12:00:00,24
test_092518_lead072,test,4,92515,92518,92530,2022-04-28T18:00:00,2022-04-29T12:00:00,2022-05-02T12:00:00,72
test_092524_lead006,test,4,92521,92524,92525,2022-04-30T06:00:00,2022-05-01T00:00:00,2022-05-01T06:00:00,6
test_092524_lead024,test,4,92521,92524,92528,2022-04-30T06:00:00,2022-05-01T00:00:00,2022-05-02T00:00:00,24
test_092524_lead072,test,4,92521,92524,92536,2022-04-30T06:00:00,2022-05-01T00:00:00,2022-05-04T00:00:00,72
test_092530_lead006,test,4,92527,92530,92531,2022-05-01T18:00:00,2022-05-02T12:00:00,2022-05-02T18:00:00,6
test_092530_lead024,test,4,92527,92530,92534,2022-05-01T18:00:00,2022-05-02T12:00:00,2022-05-03T12:00:00,24
test_092530_lead072,test,4,92527,92530,92542,2022-05-01T18:00:00,2022-05-02T12:00:00,2022-05-05T12:00:00,72
test_092535_lead006,test,4,92532,92535,92536,2022-05-03T00:00:00,2022-05-03T18:00:00,2022-05-04T00:00:00,6
test_092535_lead024,test,4,92532,92535,92539,2022-05-03T00:00:00,2022-05-03T18:00:00,2022-05-04T18:00:00,24
test_092535_lead072,test,4,92532,92535,92547,2022-05-03T00:00:00,2022-05-03T18:00:00,2022-05-06T18:00:00,72
test_092541_lead006,test,4,92538,92541,92542,2022-05-04T12:00:00,2022-05-05T06:00:00,2022-05-05T12:00:00,6
test_092541_lead024,test,4,92538,92541,92545,2022-05-04T12:00:00,2022-05-05T06:00:00,2022-05-06T06:00:00,24
test_092541_lead072,test,4,92538,92541,92553,2022-05-04T12:00:00,2022-05-05T06:00:00,2022-05-08T06:00:00,72
test_092547_lead006,test,4,92544,92547,92548,2022-05-06T00:00:00,2022-05-06T18:00:00,2022-05-07T00:00:00,6
test_092547_lead024,test,4,92544,92547,92551,2022-05-06T00:00:00,2022-05-06T18:00:00,2022-05-07T18:00:00,24
test_092547_lead072,test,4,92544,92547,92559,2022-05-06T00:00:00,2022-05-06T18:00:00,2022-05-09T18:00:00,72
test_092552_lead006,test,4,92549,92552,92553,2022-05-07T06:00:00,2022-05-08T00:00:00,2022-05-08T06:00:00,6
test_092552_lead024,test,4,92549,92552,92556,2022-05-07T06:00:00,2022-05-08T00:00:00,2022-05-09T00:00:00,24
test_092552_lead072,test,4,92549,92552,92564,2022-05-07T06:00:00,2022-05-08T00:00:00,2022-05-11T00:00:00,72
test_092558_lead006,test,4,92555,92558,92559,2022-05-08T18:00:00,2022-05-09T12:00:00,2022-05-09T18:00:00,6
test_092558_lead024,test,4,92555,92558,92562,2022-05-08T18:00:00,2022-05-09T12:00:00,2022-05-10T12:00:00,24
test_092558_lead072,test,4,92555,92558,92570,2022-05-08T18:00:00,2022-05-09T12:00:00,2022-05-12T12:00:00,72
test_092564_lead006,test,4,92561,92564,92565,2022-05-10T06:00:00,2022-05-11T00:00:00,2022-05-11T06:00:00,6
test_092564_lead024,test,4,92561,92564,92568,2022-05-10T06:00:00,2022-05-11T00:00:00,2022-05-12T00:00:00,24
test_092564_lead072,test,4,92561,92564,92576,2022-05-10T06:00:00,2022-05-11T00:00:00,2022-05-14T00:00:00,72
test_092570_lead006,test,4,92567,92570,92571,2022-05-11T18:00:00,2022-05-12T12:00:00,2022-05-12T18:00:00,6
test_092570_lead024,test,4,92567,92570,92574,2022-05-11T18:00:00,2022-05-12T12:00:00,2022-05-13T12:00:00,24
test_092570_lead072,test,4,92567,92570,92582,2022-05-11T18:00:00,2022-05-12T12:00:00,2022-05-15T12:00:00,72
test_092575_lead006,test,4,92572,92575,92576,2022-05-13T00:00:00,2022-05-13T18:00:00,2022-05-14T00:00:00,6
test_092575_lead024,test,4,92572,92575,92579,2022-05-13T00:00:00,2022-05-13T18:00:00,2022-05-14T18:00:00,24
test_092575_lead072,test,4,92572,92575,92587,2022-05-13T00:00:00,2022-05-13T18:00:00,2022-05-16T18:00:00,72
test_092581_lead006,test,4,92578,92581,92582,2022-05-14T12:00:00,2022-05-15T06:00:00,2022-05-15T12:00:00,6
test_092581_lead024,test,4,92578,92581,92585,2022-05-14T12:00:00,2022-05-15T06:00:00,2022-05-16T06:00:00,24
test_092581_lead072,test,4,92578,92581,92593,2022-05-14T12:00:00,2022-05-15T06:00:00,2022-05-18T06:00:00,72
test_092587_lead006,test,4,92584,92587,92588,2022-05-16T00:00:00,2022-05-16T18:00:00,2022-05-17T00:00:00,6
test_092587_lead024,test,4,92584,92587,92591,2022-05-16T00:00:00,2022-05-16T18:00:00,2022-05-17T18:00:00,24
test_092587_lead072,test,4,92584,92587,92599,2022-05-16T00:00:00,2022-05-16T18:00:00,2022-05-19T18:00:00,72
test_092592_lead006,test,4,92589,92592,92593,2022-05-17T06:00:00,2022-05-18T00:00:00,2022-05-18T06:00:00,6
test_092592_lead024,test,4,92589,92592,92596,2022-05-17T06:00:00,2022-05-18T00:00:00,2022-05-19T00:00:00,24
test_092592_lead072,test,4,92589,92592,92604,2022-05-17T06:00:00,2022-05-18T00:00:00,2022-05-21T00:00:00,72
test_092598_lead006,test,4,92595,92598,92599,2022-05-18T18:00:00,2022-05-19T12:00:00,2022-05-19T18:00:00,6
test_092598_lead024,test,4,92595,92598,92602,2022-05-18T18:00:00,2022-05-19T12:00:00,2022-05-20T12:00:00,24
test_092598_lead072,test,4,92595,92598,92610,2022-05-18T18:00:00,2022-05-19T12:00:00,2022-05-22T12:00:00,72
test_092604_lead006,test,4,92601,92604,92605,2022-05-20T06:00:00,2022-05-21T00:00:00,2022-05-21T06:00:00,6
test_092604_lead024,test,4,92601,92604,92608,2022-05-20T06:00:00,2022-05-21T00:00:00,2022-05-22T00:00:00,24
test_092604_lead072,test,4,92601,92604,92616,2022-05-20T06:00:00,2022-05-21T00:00:00,2022-05-24T00:00:00,72
test_092609_lead006,test,4,92606,92609,92610,2022-05-21T12:00:00,2022-05-22T06:00:00,2022-05-22T12:00:00,6
test_092609_lead024,test,4,92606,92609,92613,2022-05-21T12:00:00,2022-05-22T06:00:00,2022-05-23T06:00:00,24
test_092609_lead072,test,4,92606,92609,92621,2022-05-21T12:00:00,2022-05-22T06:00:00,2022-05-25T06:00:00,72
test_092615_lead006,test,4,92612,92615,92616,2022-05-23T00:00:00,2022-05-23T18:00:00,2022-05-24T00:00:00,6
test_092615_lead024,test,4,92612,92615,92619,2022-05-23T00:00:00,2022-05-23T18:00:00,2022-05-24T18:00:00,24
test_092615_lead072,test,4,92612,92615,92627,2022-05-23T00:00:00,2022-05-23T18:00:00,2022-05-26T18:00:00,72
test_092621_lead006,test,4,92618,92621,92622,2022-05-24T12:00:00,2022-05-25T06:00:00,2022-05-25T12:00:00,6
test_092621_lead024,test,4,92618,92621,92625,2022-05-24T12:00:00,2022-05-25T06:00:00,2022-05-26T06:00:00,24
test_092621_lead072,test,4,92618,92621,92633,2022-05-24T12:00:00,2022-05-25T06:00:00,2022-05-28T06:00:00,72
test_092626_lead006,test,4,92623,92626,92627,2022-05-25T18:00:00,2022-05-26T12:00:00,2022-05-26T18:00:00,6
test_092626_lead024,test,4,92623,92626,92630,2022-05-25T18:00:00,2022-05-26T12:00:00,2022-05-27T12:00:00,24
test_092626_lead072,test,4,92623,92626,92638,2022-05-25T18:00:00,2022-05-26T12:00:00,2022-05-29T12:00:00,72
test_092632_lead006,test,4,92629,92632,92633,2022-05-27T06:00:00,2022-05-28T00:00:00,2022-05-28T06:00:00,6
test_092632_lead024,test,4,92629,92632,92636,2022-05-27T06:00:00,2022-05-28T00:00:00,2022-05-29T00:00:00,24
test_092632_lead072,test,4,92629,92632,92644,2022-05-27T06:00:00,2022-05-28T00:00:00,2022-05-31T00:00:00,72
test_092638_lead006,test,4,92635,92638,92639,2022-05-28T18:00:00,2022-05-29T12:00:00,2022-05-29T18:00:00,6
test_092638_lead024,test,4,92635,92638,92642,2022-05-28T18:00:00,2022-05-29T12:00:00,2022-05-30T12:00:00,24
test_092638_lead072,test,4,92635,92638,92650,2022-05-28T18:00:00,2022-05-29T12:00:00,2022-06-01T12:00:00,72
test_092643_lead006,test,4,92640,92643,92644,2022-05-30T00:00:00,2022-05-30T18:00:00,2022-05-31T00:00:00,6
test_092643_lead024,test,4,92640,92643,92647,2022-05-30T00:00:00,2022-05-30T18:00:00,2022-05-31T18:00:00,24
test_092643_lead072,test,4,92640,92643,92655,2022-05-30T00:00:00,2022-05-30T18:00:00,2022-06-02T18:00:00,72
test_092649_lead006,test,4,92646,92649,92650,2022-05-31T12:00:00,2022-06-01T06:00:00,2022-06-01T12:00:00,6
test_092649_lead024,test,4,92646,92649,92653,2022-05-31T12:00:00,2022-06-01T06:00:00,2022-06-02T06:00:00,24
test_092649_lead072,test,4,92646,92649,92661,2022-05-31T12:00:00,2022-06-01T06:00:00,2022-06-04T06:00:00,72
test_092655_lead006,test,4,92652,92655,92656,2022-06-02T00:00:00,2022-06-02T18:00:00,2022-06-03T00:00:00,6
test_092655_lead024,test,4,92652,92655,92659,2022-06-02T00:00:00,2022-06-02T18:00:00,2022-06-03T18:00:00,24
test_092655_lead072,test,4,92652,92655,92667,2022-06-02T00:00:00,2022-06-02T18:00:00,2022-06-05T18:00:00,72
test_092660_lead006,test,4,92657,92660,92661,2022-06-03T06:00:00,2022-06-04T00:00:00,2022-06-04T06:00:00,6
test_092660_lead024,test,4,92657,92660,92664,2022-06-03T06:00:00,2022-06-04T00:00:00,2022-06-05T00:00:00,24
test_092660_lead072,test,4,92657,92660,92672,2022-06-03T06:00:00,2022-06-04T00:00:00,2022-06-07T00:00:00,72
test_092666_lead006,test,4,92663,92666,92667,2022-06-04T18:00:00,2022-06-05T12:00:00,2022-06-05T18:00:00,6
test_092666_lead024,test,4,92663,92666,92670,2022-06-04T18:00:00,2022-06-05T12:00:00,2022-06-06T12:00:00,24
test_092666_lead072,test,4,92663,92666,92678,2022-06-04T18:00:00,2022-06-05T12:00:00,2022-06-08T12:00:00,72
test_092672_lead006,test,4,92669,92672,92673,2022-06-06T06:00:00,2022-06-07T00:00:00,2022-06-07T06:00:00,6
test_092672_lead024,test,4,92669,92672,92676,2022-06-06T06:00:00,2022-06-07T00:00:00,2022-06-08T00:00:00,24
test_092672_lead072,test,4,92669,92672,92684,2022-06-06T06:00:00,2022-06-07T00:00:00,2022-06-10T00:00:00,72
test_092677_lead006,test,4,92674,92677,92678,2022-06-07T12:00:00,2022-06-08T06:00:00,2022-06-08T12:00:00,6
test_092677_lead024,test,4,92674,92677,92681,2022-06-07T12:00:00,2022-06-08T06:00:00,2022-06-09T06:00:00,24
test_092677_lead072,test,4,92674,92677,92689,2022-06-07T12:00:00,2022-06-08T06:00:00,2022-06-11T06:00:00,72
test_092683_lead006,test,4,92680,92683,92684,2022-06-09T00:00:00,2022-06-09T18:00:00,2022-06-10T00:00:00,6
test_092683_lead024,test,4,92680,92683,92687,2022-06-09T00:00:00,2022-06-09T18:00:00,2022-06-10T18:00:00,24
test_092683_lead072,test,4,92680,92683,92695,2022-06-09T00:00:00,2022-06-09T18:00:00,2022-06-12T18:00:00,72
test_092689_lead006,test,4,92686,92689,92690,2022-06-10T12:00:00,2022-06-11T06:00:00,2022-06-11T12:00:00,6
test_092689_lead024,test,4,92686,92689,92693,2022-06-10T12:00:00,2022-06-11T06:00:00,2022-06-12T06:00:00,24
test_092689_lead072,test,4,92686,92689,92701,2022-06-10T12:00:00,2022-06-11T06:00:00,2022-06-14T06:00:00,72
test_092694_lead006,test,4,92691,92694,92695,2022-06-11T18:00:00,2022-06-12T12:00:00,2022-06-12T18:00:00,6
test_092694_lead024,test,4,92691,92694,92698,2022-06-11T18:00:00,2022-06-12T12:00:00,2022-06-13T12:00:00,24
test_092694_lead072,test,4,92691,92694,92706,2022-06-11T18:00:00,2022-06-12T12:00:00,2022-06-15T12:00:00,72
test_092700_lead006,test,4,92697,92700,92701,2022-06-13T06:00:00,2022-06-14T00:00:00,2022-06-14T06:00:00,6
test_092700_lead024,test,4,92697,92700,92704,2022-06-13T06:00:00,2022-06-14T00:00:00,2022-06-15T00:00:00,24
test_092700_lead072,test,4,92697,92700,92712,2022-06-13T06:00:00,2022-06-14T00:00:00,2022-06-17T00:00:00,72
test_092706_lead006,test,4,92703,92706,92707,2022-06-14T18:00:00,2022-06-15T12:00:00,2022-06-15T18:00:00,6
test_092706_lead024,test,4,92703,92706,92710,2022-06-14T18:00:00,2022-06-15T12:00:00,2022-06-16T12:00:00,24
test_092706_lead072,test,4,92703,92706,92718,2022-06-14T18:00:00,2022-06-15T12:00:00,2022-06-18T12:00:00,72
test_092711_lead006,test,4,92708,92711,92712,2022-06-16T00:00:00,2022-06-16T18:00:00,2022-06-17T00:00:00,6
test_092711_lead024,test,4,92708,92711,92715,2022-06-16T00:00:00,2022-06-16T18:00:00,2022-06-17T18:00:00,24
test_092711_lead072,test,4,92708,92711,92723,2022-06-16T00:00:00,2022-06-16T18:00:00,2022-06-19T18:00:00,72
test_092717_lead006,test,4,92714,92717,92718,2022-06-17T12:00:00,2022-06-18T06:00:00,2022-06-18T12:00:00,6
test_092717_lead024,test,4,92714,92717,92721,2022-06-17T12:00:00,2022-06-18T06:00:00,2022-06-19T06:00:00,24
test_092717_lead072,test,4,92714,92717,92729,2022-06-17T12:00:00,2022-06-18T06:00:00,2022-06-21T06:00:00,72
test_092723_lead006,test,4,92720,92723,92724,2022-06-19T00:00:00,2022-06-19T18:00:00,2022-06-20T00:00:00,6
test_092723_lead024,test,4,92720,92723,92727,2022-06-19T00:00:00,2022-06-19T18:00:00,2022-06-20T18:00:00,24
test_092723_lead072,test,4,92720,92723,92735,2022-06-19T00:00:00,2022-06-19T18:00:00,2022-06-22T18:00:00,72
test_092728_lead006,test,4,92725,92728,92729,2022-06-20T06:00:00,2022-06-21T00:00:00,2022-06-21T06:00:00,6
test_092728_lead024,test,4,92725,92728,92732,2022-06-20T06:00:00,2022-06-21T00:00:00,2022-06-22T00:00:00,24
test_092728_lead072,test,4,92725,92728,92740,2022-06-20T06:00:00,2022-06-21T00:00:00,2022-06-24T00:00:00,72
test_092734_lead006,test,4,92731,92734,92735,2022-06-21T18:00:00,2022-06-22T12:00:00,2022-06-22T18:00:00,6
test_092734_lead024,test,4,92731,92734,92738,2022-06-21T18:00:00,2022-06-22T12:00:00,2022-06-23T12:00:00,24
test_092734_lead072,test,4,92731,92734,92746,2022-06-21T18:00:00,2022-06-22T12:00:00,2022-06-25T12:00:00,72
test_092740_lead006,test,4,92737,92740,92741,2022-06-23T06:00:00,2022-06-24T00:00:00,2022-06-24T06:00:00,6
test_092740_lead024,test,4,92737,92740,92744,2022-06-23T06:00:00,2022-06-24T00:00:00,2022-06-25T00:00:00,24
test_092740_lead072,test,4,92737,92740,92752,2022-06-23T06:00:00,2022-06-24T00:00:00,2022-06-27T00:00:00,72
test_092745_lead006,test,4,92742,92745,92746,2022-06-24T12:00:00,2022-06-25T06:00:00,2022-06-25T12:00:00,6
test_092745_lead024,test,4,92742,92745,92749,2022-06-24T12:00:00,2022-06-25T06:00:00,2022-06-26T06:00:00,24
test_092745_lead072,test,4,92742,92745,92757,2022-06-24T12:00:00,2022-06-25T06:00:00,2022-06-28T06:00:00,72
test_092751_lead006,test,4,92748,92751,92752,2022-06-26T00:00:00,2022-06-26T18:00:00,2022-06-27T00:00:00,6
test_092751_lead024,test,4,92748,92751,92755,2022-06-26T00:00:00,2022-06-26T18:00:00,2022-06-27T18:00:00,24
test_092751_lead072,test,4,92748,92751,92763,2022-06-26T00:00:00,2022-06-26T18:00:00,2022-06-29T18:00:00,72
test_092757_lead006,test,4,92754,92757,92758,2022-06-27T12:00:00,2022-06-28T06:00:00,2022-06-28T12:00:00,6
test_092757_lead024,test,4,92754,92757,92761,2022-06-27T12:00:00,2022-06-28T06:00:00,2022-06-29T06:00:00,24
test_092757_lead072,test,4,92754,92757,92769,2022-06-27T12:00:00,2022-06-28T06:00:00,2022-07-01T06:00:00,72
test_092762_lead006,test,4,92759,92762,92763,2022-06-28T18:00:00,2022-06-29T12:00:00,2022-06-29T18:00:00,6
test_092762_lead024,test,4,92759,92762,92766,2022-06-28T18:00:00,2022-06-29T12:00:00,2022-06-30T12:00:00,24
test_092762_lead072,test,4,92759,92762,92774,2022-06-28T18:00:00,2022-06-29T12:00:00,2022-07-02T12:00:00,72
test_092768_lead006,test,4,92765,92768,92769,2022-06-30T06:00:00,2022-07-01T00:00:00,2022-07-01T06:00:00,6
test_092768_lead024,test,4,92765,92768,92772,2022-06-30T06:00:00,2022-07-01T00:00:00,2022-07-02T00:00:00,24
test_092768_lead072,test,4,92765,92768,92780,2022-06-30T06:00:00,2022-07-01T00:00:00,2022-07-04T00:00:00,72
test_092774_lead006,test,4,92771,92774,92775,2022-07-01T18:00:00,2022-07-02T12:00:00,2022-07-02T18:00:00,6
test_092774_lead024,test,4,92771,92774,92778,2022-07-01T18:00:00,2022-07-02T12:00:00,2022-07-03T12:00:00,24
test_092774_lead072,test,4,92771,92774,92786,2022-07-01T18:00:00,2022-07-02T12:00:00,2022-07-05T12:00:00,72
test_092779_lead006,test,4,92776,92779,92780,2022-07-03T00:00:00,2022-07-03T18:00:00,2022-07-04T00:00:00,6
test_092779_lead024,test,4,92776,92779,92783,2022-07-03T00:00:00,2022-07-03T18:00:00,2022-07-04T18:00:00,24
test_092779_lead072,test,4,92776,92779,92791,2022-07-03T00:00:00,2022-07-03T18:00:00,2022-07-06T18:00:00,72
test_092785_lead006,test,4,92782,92785,92786,2022-07-04T12:00:00,2022-07-05T06:00:00,2022-07-05T12:00:00,6
test_092785_lead024,test,4,92782,92785,92789,2022-07-04T12:00:00,2022-07-05T06:00:00,2022-07-06T06:00:00,24
test_092785_lead072,test,4,92782,92785,92797,2022-07-04T12:00:00,2022-07-05T06:00:00,2022-07-08T06:00:00,72
test_092791_lead006,test,4,92788,92791,92792,2022-07-06T00:00:00,2022-07-06T18:00:00,2022-07-07T00:00:00,6
test_092791_lead024,test,4,92788,92791,92795,2022-07-06T00:00:00,2022-07-06T18:00:00,2022-07-07T18:00:00,24
test_092791_lead072,test,4,92788,92791,92803,2022-07-06T00:00:00,2022-07-06T18:00:00,2022-07-09T18:00:00,72
test_092796_lead006,test,4,92793,92796,92797,2022-07-07T06:00:00,2022-07-08T00:00:00,2022-07-08T06:00:00,6
test_092796_lead024,test,4,92793,92796,92800,2022-07-07T06:00:00,2022-07-08T00:00:00,2022-07-09T00:00:00,24
test_092796_lead072,test,4,92793,92796,92808,2022-07-07T06:00:00,2022-07-08T00:00:00,2022-07-11T00:00:00,72
test_092802_lead006,test,4,92799,92802,92803,2022-07-08T18:00:00,2022-07-09T12:00:00,2022-07-09T18:00:00,6
test_092802_lead024,test,4,92799,92802,92806,2022-07-08T18:00:00,2022-07-09T12:00:00,2022-07-10T12:00:00,24
test_092802_lead072,test,4,92799,92802,92814,2022-07-08T18:00:00,2022-07-09T12:00:00,2022-07-12T12:00:00,72
test_092808_lead006,test,4,92805,92808,92809,2022-07-10T06:00:00,2022-07-11T00:00:00,2022-07-11T06:00:00,6
test_092808_lead024,test,4,92805,92808,92812,2022-07-10T06:00:00,2022-07-11T00:00:00,2022-07-12T00:00:00,24
test_092808_lead072,test,4,92805,92808,92820,2022-07-10T06:00:00,2022-07-11T00:00:00,2022-07-14T00:00:00,72
test_092813_lead006,test,4,92810,92813,92814,2022-07-11T12:00:00,2022-07-12T06:00:00,2022-07-12T12:00:00,6
test_092813_lead024,test,4,92810,92813,92817,2022-07-11T12:00:00,2022-07-12T06:00:00,2022-07-13T06:00:00,24
test_092813_lead072,test,4,92810,92813,92825,2022-07-11T12:00:00,2022-07-12T06:00:00,2022-07-15T06:00:00,72
test_092819_lead006,test,4,92816,92819,92820,2022-07-13T00:00:00,2022-07-13T18:00:00,2022-07-14T00:00:00,6
test_092819_lead024,test,4,92816,92819,92823,2022-07-13T00:00:00,2022-07-13T18:00:00,2022-07-14T18:00:00,24
test_092819_lead072,test,4,92816,92819,92831,2022-07-13T00:00:00,2022-07-13T18:00:00,2022-07-16T18:00:00,72
test_092825_lead006,test,4,92822,92825,92826,2022-07-14T12:00:00,2022-07-15T06:00:00,2022-07-15T12:00:00,6
test_092825_lead024,test,4,92822,92825,92829,2022-07-14T12:00:00,2022-07-15T06:00:00,2022-07-16T06:00:00,24
test_092825_lead072,test,4,92822,92825,92837,2022-07-14T12:00:00,2022-07-15T06:00:00,2022-07-18T06:00:00,72
test_092830_lead006,test,4,92827,92830,92831,2022-07-15T18:00:00,2022-07-16T12:00:00,2022-07-16T18:00:00,6
test_092830_lead024,test,4,92827,92830,92834,2022-07-15T18:00:00,2022-07-16T12:00:00,2022-07-17T12:00:00,24
test_092830_lead072,test,4,92827,92830,92842,2022-07-15T18:00:00,2022-07-16T12:00:00,2022-07-19T12:00:00,72
test_092836_lead006,test,4,92833,92836,92837,2022-07-17T06:00:00,2022-07-18T00:00:00,2022-07-18T06:00:00,6
test_092836_lead024,test,4,92833,92836,92840,2022-07-17T06:00:00,2022-07-18T00:00:00,2022-07-19T00:00:00,24
test_092836_lead072,test,4,92833,92836,92848,2022-07-17T06:00:00,2022-07-18T00:00:00,2022-07-21T00:00:00,72
test_092842_lead006,test,4,92839,92842,92843,2022-07-18T18:00:00,2022-07-19T12:00:00,2022-07-19T18:00:00,6
test_092842_lead024,test,4,92839,92842,92846,2022-07-18T18:00:00,2022-07-19T12:00:00,2022-07-20T12:00:00,24
test_092842_lead072,test,4,92839,92842,92854,2022-07-18T18:00:00,2022-07-19T12:00:00,2022-07-22T12:00:00,72
test_092848_lead006,test,4,92845,92848,92849,2022-07-20T06:00:00,2022-07-21T00:00:00,2022-07-21T06:00:00,6
test_092848_lead024,test,4,92845,92848,92852,2022-07-20T06:00:00,2022-07-21T00:00:00,2022-07-22T00:00:00,24
test_092848_lead072,test,4,92845,92848,92860,2022-07-20T06:00:00,2022-07-21T00:00:00,2022-07-24T00:00:00,72
test_092853_lead006,test,4,92850,92853,92854,2022-07-21T12:00:00,2022-07-22T06:00:00,2022-07-22T12:00:00,6
test_092853_lead024,test,4,92850,92853,92857,2022-07-21T12:00:00,2022-07-22T06:00:00,2022-07-23T06:00:00,24
test_092853_lead072,test,4,92850,92853,92865,2022-07-21T12:00:00,2022-07-22T06:00:00,2022-07-25T06:00:00,72
test_092859_lead006,test,4,92856,92859,92860,2022-07-23T00:00:00,2022-07-23T18:00:00,2022-07-24T00:00:00,6
test_092859_lead024,test,4,92856,92859,92863,2022-07-23T00:00:00,2022-07-23T18:00:00,2022-07-24T18:00:00,24
test_092859_lead072,test,4,92856,92859,92871,2022-07-23T00:00:00,2022-07-23T18:00:00,2022-07-26T18:00:00,72
test_092865_lead006,test,4,92862,92865,92866,2022-07-24T12:00:00,2022-07-25T06:00:00,2022-07-25T12:00:00,6
test_092865_lead024,test,4,92862,92865,92869,2022-07-24T12:00:00,2022-07-25T06:00:00,2022-07-26T06:00:00,24
test_092865_lead072,test,4,92862,92865,92877,2022-07-24T12:00:00,2022-07-25T06:00:00,2022-07-28T06:00:00,72
test_092870_lead006,test,4,92867,92870,92871,2022-07-25T18:00:00,2022-07-26T12:00:00,2022-07-26T18:00:00,6
test_092870_lead024,test,4,92867,92870,92874,2022-07-25T18:00:00,2022-07-26T12:00:00,2022-07-27T12:00:00,24
test_092870_lead072,test,4,92867,92870,92882,2022-07-25T18:00:00,2022-07-26T12:00:00,2022-07-29T12:00:00,72
test_092876_lead006,test,4,92873,92876,92877,2022-07-27T06:00:00,2022-07-28T00:00:00,2022-07-28T06:00:00,6
test_092876_lead024,test,4,92873,92876,92880,2022-07-27T06:00:00,2022-07-28T00:00:00,2022-07-29T00:00:00,24
test_092876_lead072,test,4,92873,92876,92888,2022-07-27T06:00:00,2022-07-28T00:00:00,2022-07-31T00:00:00,72
test_092882_lead006,test,4,92879,92882,92883,2022-07-28T18:00:00,2022-07-29T12:00:00,2022-07-29T18:00:00,6
test_092882_lead024,test,4,92879,92882,92886,2022-07-28T18:00:00,2022-07-29T12:00:00,2022-07-30T12:00:00,24
test_092882_lead072,test,4,92879,92882,92894,2022-07-28T18:00:00,2022-07-29T12:00:00,2022-08-01T12:00:00,72
test_092887_lead006,test,4,92884,92887,92888,2022-07-30T00:00:00,2022-07-30T18:00:00,2022-07-31T00:00:00,6
test_092887_lead024,test,4,92884,92887,92891,2022-07-30T00:00:00,2022-07-30T18:00:00,2022-07-31T18:00:00,24
test_092887_lead072,test,4,92884,92887,92899,2022-07-30T00:00:00,2022-07-30T18:00:00,2022-08-02T18:00:00,72
test_092893_lead006,test,4,92890,92893,92894,2022-07-31T12:00:00,2022-08-01T06:00:00,2022-08-01T12:00:00,6
test_092893_lead024,test,4,92890,92893,92897,2022-07-31T12:00:00,2022-08-01T06:00:00,2022-08-02T06:00:00,24
test_092893_lead072,test,4,92890,92893,92905,2022-07-31T12:00:00,2022-08-01T06:00:00,2022-08-04T06:00:00,72
test_092899_lead006,test,4,92896,92899,92900,2022-08-02T00:00:00,2022-08-02T18:00:00,2022-08-03T00:00:00,6
test_092899_lead024,test,4,92896,92899,92903,2022-08-02T00:00:00,2022-08-02T18:00:00,2022-08-03T18:00:00,24
test_092899_lead072,test,4,92896,92899,92911,2022-08-02T00:00:00,2022-08-02T18:00:00,2022-08-05T18:00:00,72
test_092904_lead006,test,4,92901,92904,92905,2022-08-03T06:00:00,2022-08-04T00:00:00,2022-08-04T06:00:00,6
test_092904_lead024,test,4,92901,92904,92908,2022-08-03T06:00:00,2022-08-04T00:00:00,2022-08-05T00:00:00,24
test_092904_lead072,test,4,92901,92904,92916,2022-08-03T06:00:00,2022-08-04T00:00:00,2022-08-07T00:00:00,72
test_092910_lead006,test,4,92907,92910,92911,2022-08-04T18:00:00,2022-08-05T12:00:00,2022-08-05T18:00:00,6
test_092910_lead024,test,4,92907,92910,92914,2022-08-04T18:00:00,2022-08-05T12:00:00,2022-08-06T12:00:00,24
test_092910_lead072,test,4,92907,92910,92922,2022-08-04T18:00:00,2022-08-05T12:00:00,2022-08-08T12:00:00,72
test_092916_lead006,test,4,92913,92916,92917,2022-08-06T06:00:00,2022-08-07T00:00:00,2022-08-07T06:00:00,6
test_092916_lead024,test,4,92913,92916,92920,2022-08-06T06:00:00,2022-08-07T00:00:00,2022-08-08T00:00:00,24
test_092916_lead072,test,4,92913,92916,92928,2022-08-06T06:00:00,2022-08-07T00:00:00,2022-08-10T00:00:00,72
test_092921_lead006,test,4,92918,92921,92922,2022-08-07T12:00:00,2022-08-08T06:00:00,2022-08-08T12:00:00,6
test_092921_lead024,test,4,92918,92921,92925,2022-08-07T12:00:00,2022-08-08T06:00:00,2022-08-09T06:00:00,24
test_092921_lead072,test,4,92918,92921,92933,2022-08-07T12:00:00,2022-08-08T06:00:00,2022-08-11T06:00:00,72
test_092927_lead006,test,4,92924,92927,92928,2022-08-09T00:00:00,2022-08-09T18:00:00,2022-08-10T00:00:00,6
test_092927_lead024,test,4,92924,92927,92931,2022-08-09T00:00:00,2022-08-09T18:00:00,2022-08-10T18:00:00,24
test_092927_lead072,test,4,92924,92927,92939,2022-08-09T00:00:00,2022-08-09T18:00:00,2022-08-12T18:00:00,72
test_092933_lead006,test,4,92930,92933,92934,2022-08-10T12:00:00,2022-08-11T06:00:00,2022-08-11T12:00:00,6
test_092933_lead024,test,4,92930,92933,92937,2022-08-10T12:00:00,2022-08-11T06:00:00,2022-08-12T06:00:00,24
test_092933_lead072,test,4,92930,92933,92945,2022-08-10T12:00:00,2022-08-11T06:00:00,2022-08-14T06:00:00,72
test_092938_lead006,test,4,92935,92938,92939,2022-08-11T18:00:00,2022-08-12T12:00:00,2022-08-12T18:00:00,6
test_092938_lead024,test,4,92935,92938,92942,2022-08-11T18:00:00,2022-08-12T12:00:00,2022-08-13T12:00:00,24
test_092938_lead072,test,4,92935,92938,92950,2022-08-11T18:00:00,2022-08-12T12:00:00,2022-08-15T12:00:00,72
test_092944_lead006,test,4,92941,92944,92945,2022-08-13T06:00:00,2022-08-14T00:00:00,2022-08-14T06:00:00,6
test_092944_lead024,test,4,92941,92944,92948,2022-08-13T06:00:00,2022-08-14T00:00:00,2022-08-15T00:00:00,24
test_092944_lead072,test,4,92941,92944,92956,2022-08-13T06:00:00,2022-08-14T00:00:00,2022-08-17T00:00:00,72
test_092950_lead006,test,4,92947,92950,92951,2022-08-14T18:00:00,2022-08-15T12:00:00,2022-08-15T18:00:00,6
test_092950_lead024,test,4,92947,92950,92954,2022-08-14T18:00:00,2022-08-15T12:00:00,2022-08-16T12:00:00,24
test_092950_lead072,test,4,92947,92950,92962,2022-08-14T18:00:00,2022-08-15T12:00:00,2022-08-18T12:00:00,72
test_092955_lead006,test,4,92952,92955,92956,2022-08-16T00:00:00,2022-08-16T18:00:00,2022-08-17T00:00:00,6
test_092955_lead024,test,4,92952,92955,92959,2022-08-16T00:00:00,2022-08-16T18:00:00,2022-08-17T18:00:00,24
test_092955_lead072,test,4,92952,92955,92967,2022-08-16T00:00:00,2022-08-16T18:00:00,2022-08-19T18:00:00,72
test_092961_lead006,test,4,92958,92961,92962,2022-08-17T12:00:00,2022-08-18T06:00:00,2022-08-18T12:00:00,6
test_092961_lead024,test,4,92958,92961,92965,2022-08-17T12:00:00,2022-08-18T06:00:00,2022-08-19T06:00:00,24
test_092961_lead072,test,4,92958,92961,92973,2022-08-17T12:00:00,2022-08-18T06:00:00,2022-08-21T06:00:00,72
test_092967_lead006,test,4,92964,92967,92968,2022-08-19T00:00:00,2022-08-19T18:00:00,2022-08-20T00:00:00,6
test_092967_lead024,test,4,92964,92967,92971,2022-08-19T00:00:00,2022-08-19T18:00:00,2022-08-20T18:00:00,24
test_092967_lead072,test,4,92964,92967,92979,2022-08-19T00:00:00,2022-08-19T18:00:00,2022-08-22T18:00:00,72
test_092972_lead006,test,4,92969,92972,92973,2022-08-20T06:00:00,2022-08-21T00:00:00,2022-08-21T06:00:00,6
test_092972_lead024,test,4,92969,92972,92976,2022-08-20T06:00:00,2022-08-21T00:00:00,2022-08-22T00:00:00,24
test_092972_lead072,test,4,92969,92972,92984,2022-08-20T06:00:00,2022-08-21T00:00:00,2022-08-24T00:00:00,72
test_092978_lead006,test,4,92975,92978,92979,2022-08-21T18:00:00,2022-08-22T12:00:00,2022-08-22T18:00:00,6
test_092978_lead024,test,4,92975,92978,92982,2022-08-21T18:00:00,2022-08-22T12:00:00,2022-08-23T12:00:00,24
test_092978_lead072,test,4,92975,92978,92990,2022-08-21T18:00:00,2022-08-22T12:00:00,2022-08-25T12:00:00,72
test_092984_lead006,test,4,92981,92984,92985,2022-08-23T06:00:00,2022-08-24T00:00:00,2022-08-24T06:00:00,6
test_092984_lead024,test,4,92981,92984,92988,2022-08-23T06:00:00,2022-08-24T00:00:00,2022-08-25T00:00:00,24
test_092984_lead072,test,4,92981,92984,92996,2022-08-23T06:00:00,2022-08-24T00:00:00,2022-08-27T00:00:00,72
test_092989_lead006,test,4,92986,92989,92990,2022-08-24T12:00:00,2022-08-25T06:00:00,2022-08-25T12:00:00,6
test_092989_lead024,test,4,92986,92989,92993,2022-08-24T12:00:00,2022-08-25T06:00:00,2022-08-26T06:00:00,24
test_092989_lead072,test,4,92986,92989,93001,2022-08-24T12:00:00,2022-08-25T06:00:00,2022-08-28T06:00:00,72
test_092995_lead006,test,4,92992,92995,92996,2022-08-26T00:00:00,2022-08-26T18:00:00,2022-08-27T00:00:00,6
test_092995_lead024,test,4,92992,92995,92999,2022-08-26T00:00:00,2022-08-26T18:00:00,2022-08-27T18:00:00,24
test_092995_lead072,test,4,92992,92995,93007,2022-08-26T00:00:00,2022-08-26T18:00:00,2022-08-29T18:00:00,72
test_093001_lead006,test,4,92998,93001,93002,2022-08-27T12:00:00,2022-08-28T06:00:00,2022-08-28T12:00:00,6
test_093001_lead024,test,4,92998,93001,93005,2022-08-27T12:00:00,2022-08-28T06:00:00,2022-08-29T06:00:00,24
test_093001_lead072,test,4,92998,93001,93013,2022-08-27T12:00:00,2022-08-28T06:00:00,2022-08-31T06:00:00,72
test_093006_lead006,test,4,93003,93006,93007,2022-08-28T18:00:00,2022-08-29T12:00:00,2022-08-29T18:00:00,6
test_093006_lead024,test,4,93003,93006,93010,2022-08-28T18:00:00,2022-08-29T12:00:00,2022-08-30T12:00:00,24
test_093006_lead072,test,4,93003,93006,93018,2022-08-28T18:00:00,2022-08-29T12:00:00,2022-09-01T12:00:00,72
test_093012_lead006,test,4,93009,93012,93013,2022-08-30T06:00:00,2022-08-31T00:00:00,2022-08-31T06:00:00,6
test_093012_lead024,test,4,93009,93012,93016,2022-08-30T06:00:00,2022-08-31T00:00:00,2022-09-01T00:00:00,24
test_093012_lead072,test,4,93009,93012,93024,2022-08-30T06:00:00,2022-08-31T00:00:00,2022-09-03T00:00:00,72
test_093018_lead006,test,4,93015,93018,93019,2022-08-31T18:00:00,2022-09-01T12:00:00,2022-09-01T18:00:00,6
test_093018_lead024,test,4,93015,93018,93022,2022-08-31T18:00:00,2022-09-01T12:00:00,2022-09-02T12:00:00,24
test_093018_lead072,test,4,93015,93018,93030,2022-08-31T18:00:00,2022-09-01T12:00:00,2022-09-04T12:00:00,72
test_093023_lead006,test,4,93020,93023,93024,2022-09-02T00:00:00,2022-09-02T18:00:00,2022-09-03T00:00:00,6
test_093023_lead024,test,4,93020,93023,93027,2022-09-02T00:00:00,2022-09-02T18:00:00,2022-09-03T18:00:00,24
test_093023_lead072,test,4,93020,93023,93035,2022-09-02T00:00:00,2022-09-02T18:00:00,2022-09-05T18:00:00,72
test_093029_lead006,test,4,93026,93029,93030,2022-09-03T12:00:00,2022-09-04T06:00:00,2022-09-04T12:00:00,6
test_093029_lead024,test,4,93026,93029,93033,2022-09-03T12:00:00,2022-09-04T06:00:00,2022-09-05T06:00:00,24
test_093029_lead072,test,4,93026,93029,93041,2022-09-03T12:00:00,2022-09-04T06:00:00,2022-09-07T06:00:00,72
test_093035_lead006,test,4,93032,93035,93036,2022-09-05T00:00:00,2022-09-05T18:00:00,2022-09-06T00:00:00,6
test_093035_lead024,test,4,93032,93035,93039,2022-09-05T00:00:00,2022-09-05T18:00:00,2022-09-06T18:00:00,24
test_093035_lead072,test,4,93032,93035,93047,2022-09-05T00:00:00,2022-09-05T18:00:00,2022-09-08T18:00:00,72
test_093040_lead006,test,4,93037,93040,93041,2022-09-06T06:00:00,2022-09-07T00:00:00,2022-09-07T06:00:00,6
test_093040_lead024,test,4,93037,93040,93044,2022-09-06T06:00:00,2022-09-07T00:00:00,2022-09-08T00:00:00,24
test_093040_lead072,test,4,93037,93040,93052,2022-09-06T06:00:00,2022-09-07T00:00:00,2022-09-10T00:00:00,72
test_093046_lead006,test,4,93043,93046,93047,2022-09-07T18:00:00,2022-09-08T12:00:00,2022-09-08T18:00:00,6
test_093046_lead024,test,4,93043,93046,93050,2022-09-07T18:00:00,2022-09-08T12:00:00,2022-09-09T12:00:00,24
test_093046_lead072,test,4,93043,93046,93058,2022-09-07T18:00:00,2022-09-08T12:00:00,2022-09-11T12:00:00,72
test_093052_lead006,test,4,93049,93052,93053,2022-09-09T06:00:00,2022-09-10T00:00:00,2022-09-10T06:00:00,6
test_093052_lead024,test,4,93049,93052,93056,2022-09-09T06:00:00,2022-09-10T00:00:00,2022-09-11T00:00:00,24
test_093052_lead072,test,4,93049,93052,93064,2022-09-09T06:00:00,2022-09-10T00:00:00,2022-09-13T00:00:00,72
test_093057_lead006,test,4,93054,93057,93058,2022-09-10T12:00:00,2022-09-11T06:00:00,2022-09-11T12:00:00,6
test_093057_lead024,test,4,93054,93057,93061,2022-09-10T12:00:00,2022-09-11T06:00:00,2022-09-12T06:00:00,24
test_093057_lead072,test,4,93054,93057,93069,2022-09-10T12:00:00,2022-09-11T06:00:00,2022-09-14T06:00:00,72
test_093063_lead006,test,4,93060,93063,93064,2022-09-12T00:00:00,2022-09-12T18:00:00,2022-09-13T00:00:00,6
test_093063_lead024,test,4,93060,93063,93067,2022-09-12T00:00:00,2022-09-12T18:00:00,2022-09-13T18:00:00,24
test_093063_lead072,test,4,93060,93063,93075,2022-09-12T00:00:00,2022-09-12T18:00:00,2022-09-15T18:00:00,72
test_093069_lead006,test,4,93066,93069,93070,2022-09-13T12:00:00,2022-09-14T06:00:00,2022-09-14T12:00:00,6
test_093069_lead024,test,4,93066,93069,93073,2022-09-13T12:00:00,2022-09-14T06:00:00,2022-09-15T06:00:00,24
test_093069_lead072,test,4,93066,93069,93081,2022-09-13T12:00:00,2022-09-14T06:00:00,2022-09-17T06:00:00,72
test_093074_lead006,test,4,93071,93074,93075,2022-09-14T18:00:00,2022-09-15T12:00:00,2022-09-15T18:00:00,6
test_093074_lead024,test,4,93071,93074,93078,2022-09-14T18:00:00,2022-09-15T12:00:00,2022-09-16T12:00:00,24
test_093074_lead072,test,4,93071,93074,93086,2022-09-14T18:00:00,2022-09-15T12:00:00,2022-09-18T12:00:00,72
test_093080_lead006,test,4,93077,93080,93081,2022-09-16T06:00:00,2022-09-17T00:00:00,2022-09-17T06:00:00,6
test_093080_lead024,test,4,93077,93080,93084,2022-09-16T06:00:00,2022-09-17T00:00:00,2022-09-18T00:00:00,24
test_093080_lead072,test,4,93077,93080,93092,2022-09-16T06:00:00,2022-09-17T00:00:00,2022-09-20T00:00:00,72
test_093086_lead006,test,4,93083,93086,93087,2022-09-17T18:00:00,2022-09-18T12:00:00,2022-09-18T18:00:00,6
test_093086_lead024,test,4,93083,93086,93090,2022-09-17T18:00:00,2022-09-18T12:00:00,2022-09-19T12:00:00,24
test_093086_lead072,test,4,93083,93086,93098,2022-09-17T18:00:00,2022-09-18T12:00:00,2022-09-21T12:00:00,72
test_093091_lead006,test,4,93088,93091,93092,2022-09-19T00:00:00,2022-09-19T18:00:00,2022-09-20T00:00:00,6
test_093091_lead024,test,4,93088,93091,93095,2022-09-19T00:00:00,2022-09-19T18:00:00,2022-09-20T18:00:00,24
test_093091_lead072,test,4,93088,93091,93103,2022-09-19T00:00:00,2022-09-19T18:00:00,2022-09-22T18:00:00,72
test_093097_lead006,test,4,93094,93097,93098,2022-09-20T12:00:00,2022-09-21T06:00:00,2022-09-21T12:00:00,6
test_093097_lead024,test,4,93094,93097,93101,2022-09-20T12:00:00,2022-09-21T06:00:00,2022-09-22T06:00:00,24
test_093097_lead072,test,4,93094,93097,93109,2022-09-20T12:00:00,2022-09-21T06:00:00,2022-09-24T06:00:00,72
test_093103_lead006,test,4,93100,93103,93104,2022-09-22T00:00:00,2022-09-22T18:00:00,2022-09-23T00:00:00,6
test_093103_lead024,test,4,93100,93103,93107,2022-09-22T00:00:00,2022-09-22T18:00:00,2022-09-23T18:00:00,24
test_093103_lead072,test,4,93100,93103,93115,2022-09-22T00:00:00,2022-09-22T18:00:00,2022-09-25T18:00:00,72
test_093109_lead006,test,4,93106,93109,93110,2022-09-23T12:00:00,2022-09-24T06:00:00,2022-09-24T12:00:00,6
test_093109_lead024,test,4,93106,93109,93113,2022-09-23T12:00:00,2022-09-24T06:00:00,2022-09-25T06:00:00,24
test_093109_lead072,test,4,93106,93109,93121,2022-09-23T12:00:00,2022-09-24T06:00:00,2022-09-27T06:00:00,72
test_093114_lead006,test,4,93111,93114,93115,2022-09-24T18:00:00,2022-09-25T12:00:00,2022-09-25T18:00:00,6
test_093114_lead024,test,4,93111,93114,93118,2022-09-24T18:00:00,2022-09-25T12:00:00,2022-09-26T12:00:00,24
test_093114_lead072,test,4,93111,93114,93126,2022-09-24T18:00:00,2022-09-25T12:00:00,2022-09-28T12:00:00,72
test_093120_lead006,test,4,93117,93120,93121,2022-09-26T06:00:00,2022-09-27T00:00:00,2022-09-27T06:00:00,6
test_093120_lead024,test,4,93117,93120,93124,2022-09-26T06:00:00,2022-09-27T00:00:00,2022-09-28T00:00:00,24
test_093120_lead072,test,4,93117,93120,93132,2022-09-26T06:00:00,2022-09-27T00:00:00,2022-09-30T00:00:00,72
test_093126_lead006,test,4,93123,93126,93127,2022-09-27T18:00:00,2022-09-28T12:00:00,2022-09-28T18:00:00,6
test_093126_lead024,test,4,93123,93126,93130,2022-09-27T18:00:00,2022-09-28T12:00:00,2022-09-29T12:00:00,24
test_093126_lead072,test,4,93123,93126,93138,2022-09-27T18:00:00,2022-09-28T12:00:00,2022-10-01T12:00:00,72
test_093131_lead006,test,4,93128,93131,93132,2022-09-29T00:00:00,2022-09-29T18:00:00,2022-09-30T00:00:00,6
test_093131_lead024,test,4,93128,93131,93135,2022-09-29T00:00:00,2022-09-29T18:00:00,2022-09-30T18:00:00,24
test_093131_lead072,test,4,93128,93131,93143,2022-09-29T00:00:00,2022-09-29T18:00:00,2022-10-02T18:00:00,72
test_093137_lead006,test,4,93134,93137,93138,2022-09-30T12:00:00,2022-10-01T06:00:00,2022-10-01T12:00:00,6
test_093137_lead024,test,4,93134,93137,93141,2022-09-30T12:00:00,2022-10-01T06:00:00,2022-10-02T06:00:00,24
test_093137_lead072,test,4,93134,93137,93149,2022-09-30T12:00:00,2022-10-01T06:00:00,2022-10-04T06:00:00,72
test_093143_lead006,test,4,93140,93143,93144,2022-10-02T00:00:00,2022-10-02T18:00:00,2022-10-03T00:00:00,6
test_093143_lead024,test,4,93140,93143,93147,2022-10-02T00:00:00,2022-10-02T18:00:00,2022-10-03T18:00:00,24
test_093143_lead072,test,4,93140,93143,93155,2022-10-02T00:00:00,2022-10-02T18:00:00,2022-10-05T18:00:00,72
test_093148_lead006,test,4,93145,93148,93149,2022-10-03T06:00:00,2022-10-04T00:00:00,2022-10-04T06:00:00,6
test_093148_lead024,test,4,93145,93148,93152,2022-10-03T06:00:00,2022-10-04T00:00:00,2022-10-05T00:00:00,24
test_093148_lead072,test,4,93145,93148,93160,2022-10-03T06:00:00,2022-10-04T00:00:00,2022-10-07T00:00:00,72
test_093154_lead006,test,4,93151,93154,93155,2022-10-04T18:00:00,2022-10-05T12:00:00,2022-10-05T18:00:00,6
test_093154_lead024,test,4,93151,93154,93158,2022-10-04T18:00:00,2022-10-05T12:00:00,2022-10-06T12:00:00,24
test_093154_lead072,test,4,93151,93154,93166,2022-10-04T18:00:00,2022-10-05T12:00:00,2022-10-08T12:00:00,72
test_093160_lead006,test,4,93157,93160,93161,2022-10-06T06:00:00,2022-10-07T00:00:00,2022-10-07T06:00:00,6
test_093160_lead024,test,4,93157,93160,93164,2022-10-06T06:00:00,2022-10-07T00:00:00,2022-10-08T00:00:00,24
test_093160_lead072,test,4,93157,93160,93172,2022-10-06T06:00:00,2022-10-07T00:00:00,2022-10-10T00:00:00,72
test_093165_lead006,test,4,93162,93165,93166,2022-10-07T12:00:00,2022-10-08T06:00:00,2022-10-08T12:00:00,6
test_093165_lead024,test,4,93162,93165,93169,2022-10-07T12:00:00,2022-10-08T06:00:00,2022-10-09T06:00:00,24
test_093165_lead072,test,4,93162,93165,93177,2022-10-07T12:00:00,2022-10-08T06:00:00,2022-10-11T06:00:00,72
test_093171_lead006,test,4,93168,93171,93172,2022-10-09T00:00:00,2022-10-09T18:00:00,2022-10-10T00:00:00,6
test_093171_lead024,test,4,93168,93171,93175,2022-10-09T00:00:00,2022-10-09T18:00:00,2022-10-10T18:00:00,24
test_093171_lead072,test,4,93168,93171,93183,2022-10-09T00:00:00,2022-10-09T18:00:00,2022-10-12T18:00:00,72
test_093177_lead006,test,4,93174,93177,93178,2022-10-10T12:00:00,2022-10-11T06:00:00,2022-10-11T12:00:00,6
test_093177_lead024,test,4,93174,93177,93181,2022-10-10T12:00:00,2022-10-11T06:00:00,2022-10-12T06:00:00,24
test_093177_lead072,test,4,93174,93177,93189,2022-10-10T12:00:00,2022-10-11T06:00:00,2022-10-14T06:00:00,72
test_093182_lead006,test,4,93179,93182,93183,2022-10-11T18:00:00,2022-10-12T12:00:00,2022-10-12T18:00:00,6
test_093182_lead024,test,4,93179,93182,93186,2022-10-11T18:00:00,2022-10-12T12:00:00,2022-10-13T12:00:00,24
test_093182_lead072,test,4,93179,93182,93194,2022-10-11T18:00:00,2022-10-12T12:00:00,2022-10-15T12:00:00,72
test_093188_lead006,test,4,93185,93188,93189,2022-10-13T06:00:00,2022-10-14T00:00:00,2022-10-14T06:00:00,6
test_093188_lead024,test,4,93185,93188,93192,2022-10-13T06:00:00,2022-10-14T00:00:00,2022-10-15T00:00:00,24
test_093188_lead072,test,4,93185,93188,93200,2022-10-13T06:00:00,2022-10-14T00:00:00,2022-10-17T00:00:00,72
test_093194_lead006,test,4,93191,93194,93195,2022-10-14T18:00:00,2022-10-15T12:00:00,2022-10-15T18:00:00,6
test_093194_lead024,test,4,93191,93194,93198,2022-10-14T18:00:00,2022-10-15T12:00:00,2022-10-16T12:00:00,24
test_093194_lead072,test,4,93191,93194,93206,2022-10-14T18:00:00,2022-10-15T12:00:00,2022-10-18T12:00:00,72
test_093199_lead006,test,4,93196,93199,93200,2022-10-16T00:00:00,2022-10-16T18:00:00,2022-10-17T00:00:00,6
test_093199_lead024,test,4,93196,93199,93203,2022-10-16T00:00:00,2022-10-16T18:00:00,2022-10-17T18:00:00,24
test_093199_lead072,test,4,93196,93199,93211,2022-10-16T00:00:00,2022-10-16T18:00:00,2022-10-19T18:00:00,72
test_093205_lead006,test,4,93202,93205,93206,2022-10-17T12:00:00,2022-10-18T06:00:00,2022-10-18T12:00:00,6
test_093205_lead024,test,4,93202,93205,93209,2022-10-17T12:00:00,2022-10-18T06:00:00,2022-10-19T06:00:00,24
test_093205_lead072,test,4,93202,93205,93217,2022-10-17T12:00:00,2022-10-18T06:00:00,2022-10-21T06:00:00,72
test_093211_lead006,test,4,93208,93211,93212,2022-10-19T00:00:00,2022-10-19T18:00:00,2022-10-20T00:00:00,6
test_093211_lead024,test,4,93208,93211,93215,2022-10-19T00:00:00,2022-10-19T18:00:00,2022-10-20T18:00:00,24
test_093211_lead072,test,4,93208,93211,93223,2022-10-19T00:00:00,2022-10-19T18:00:00,2022-10-22T18:00:00,72
test_093216_lead006,test,4,93213,93216,93217,2022-10-20T06:00:00,2022-10-21T00:00:00,2022-10-21T06:00:00,6
test_093216_lead024,test,4,93213,93216,93220,2022-10-20T06:00:00,2022-10-21T00:00:00,2022-10-22T00:00:00,24
test_093216_lead072,test,4,93213,93216,93228,2022-10-20T06:00:00,2022-10-21T00:00:00,2022-10-24T00:00:00,72
test_093222_lead006,test,4,93219,93222,93223,2022-10-21T18:00:00,2022-10-22T12:00:00,2022-10-22T18:00:00,6
test_093222_lead024,test,4,93219,93222,93226,2022-10-21T18:00:00,2022-10-22T12:00:00,2022-10-23T12:00:00,24
test_093222_lead072,test,4,93219,93222,93234,2022-10-21T18:00:00,2022-10-22T12:00:00,2022-10-25T12:00:00,72
test_093228_lead006,test,4,93225,93228,93229,2022-10-23T06:00:00,2022-10-24T00:00:00,2022-10-24T06:00:00,6
test_093228_lead024,test,4,93225,93228,93232,2022-10-23T06:00:00,2022-10-24T00:00:00,2022-10-25T00:00:00,24
test_093228_lead072,test,4,93225,93228,93240,2022-10-23T06:00:00,2022-10-24T00:00:00,2022-10-27T00:00:00,72
test_093233_lead006,test,4,93230,93233,93234,2022-10-24T12:00:00,2022-10-25T06:00:00,2022-10-25T12:00:00,6
test_093233_lead024,test,4,93230,93233,93237,2022-10-24T12:00:00,2022-10-25T06:00:00,2022-10-26T06:00:00,24
test_093233_lead072,test,4,93230,93233,93245,2022-10-24T12:00:00,2022-10-25T06:00:00,2022-10-28T06:00:00,72
test_093239_lead006,test,4,93236,93239,93240,2022-10-26T00:00:00,2022-10-26T18:00:00,2022-10-27T00:00:00,6
test_093239_lead024,test,4,93236,93239,93243,2022-10-26T00:00:00,2022-10-26T18:00:00,2022-10-27T18:00:00,24
test_093239_lead072,test,4,93236,93239,93251,2022-10-26T00:00:00,2022-10-26T18:00:00,2022-10-29T18:00:00,72
test_093245_lead006,test,4,93242,93245,93246,2022-10-27T12:00:00,2022-10-28T06:00:00,2022-10-28T12:00:00,6
test_093245_lead024,test,4,93242,93245,93249,2022-10-27T12:00:00,2022-10-28T06:00:00,2022-10-29T06:00:00,24
test_093245_lead072,test,4,93242,93245,93257,2022-10-27T12:00:00,2022-10-28T06:00:00,2022-10-31T06:00:00,72
test_093250_lead006,test,4,93247,93250,93251,2022-10-28T18:00:00,2022-10-29T12:00:00,2022-10-29T18:00:00,6
test_093250_lead024,test,4,93247,93250,93254,2022-10-28T18:00:00,2022-10-29T12:00:00,2022-10-30T12:00:00,24
test_093250_lead072,test,4,93247,93250,93262,2022-10-28T18:00:00,2022-10-29T12:00:00,2022-11-01T12:00:00,72
test_093256_lead006,test,4,93253,93256,93257,2022-10-30T06:00:00,2022-10-31T00:00:00,2022-10-31T06:00:00,6
test_093256_lead024,test,4,93253,93256,93260,2022-10-30T06:00:00,2022-10-31T00:00:00,2022-11-01T00:00:00,24
test_093256_lead072,test,4,93253,93256,93268,2022-10-30T06:00:00,2022-10-31T00:00:00,2022-11-03T00:00:00,72
test_093262_lead006,test,4,93259,93262,93263,2022-10-31T18:00:00,2022-11-01T12:00:00,2022-11-01T18:00:00,6
test_093262_lead024,test,4,93259,93262,93266,2022-10-31T18:00:00,2022-11-01T12:00:00,2022-11-02T12:00:00,24
test_093262_lead072,test,4,93259,93262,93274,2022-10-31T18:00:00,2022-11-01T12:00:00,2022-11-04T12:00:00,72
test_093267_lead006,test,4,93264,93267,93268,2022-11-02T00:00:00,2022-11-02T18:00:00,2022-11-03T00:00:00,6
test_093267_lead024,test,4,93264,93267,93271,2022-11-02T00:00:00,2022-11-02T18:00:00,2022-11-03T18:00:00,24
test_093267_lead072,test,4,93264,93267,93279,2022-11-02T00:00:00,2022-11-02T18:00:00,2022-11-05T18:00:00,72
test_093273_lead006,test,4,93270,93273,93274,2022-11-03T12:00:00,2022-11-04T06:00:00,2022-11-04T12:00:00,6
test_093273_lead024,test,4,93270,93273,93277,2022-11-03T12:00:00,2022-11-04T06:00:00,2022-11-05T06:00:00,24
test_093273_lead072,test,4,93270,93273,93285,2022-11-03T12:00:00,2022-11-04T06:00:00,2022-11-07T06:00:00,72
test_093279_lead006,test,4,93276,93279,93280,2022-11-05T00:00:00,2022-11-05T18:00:00,2022-11-06T00:00:00,6
test_093279_lead024,test,4,93276,93279,93283,2022-11-05T00:00:00,2022-11-05T18:00:00,2022-11-06T18:00:00,24
test_093279_lead072,test,4,93276,93279,93291,2022-11-05T00:00:00,2022-11-05T18:00:00,2022-11-08T18:00:00,72
test_093284_lead006,test,4,93281,93284,93285,2022-11-06T06:00:00,2022-11-07T00:00:00,2022-11-07T06:00:00,6
test_093284_lead024,test,4,93281,93284,93288,2022-11-06T06:00:00,2022-11-07T00:00:00,2022-11-08T00:00:00,24
test_093284_lead072,test,4,93281,93284,93296,2022-11-06T06:00:00,2022-11-07T00:00:00,2022-11-10T00:00:00,72
test_093290_lead006,test,4,93287,93290,93291,2022-11-07T18:00:00,2022-11-08T12:00:00,2022-11-08T18:00:00,6
test_093290_lead024,test,4,93287,93290,93294,2022-11-07T18:00:00,2022-11-08T12:00:00,2022-11-09T12:00:00,24
test_093290_lead072,test,4,93287,93290,93302,2022-11-07T18:00:00,2022-11-08T12:00:00,2022-11-11T12:00:00,72
test_093296_lead006,test,4,93293,93296,93297,2022-11-09T06:00:00,2022-11-10T00:00:00,2022-11-10T06:00:00,6
test_093296_lead024,test,4,93293,93296,93300,2022-11-09T06:00:00,2022-11-10T00:00:00,2022-11-11T00:00:00,24
test_093296_lead072,test,4,93293,93296,93308,2022-11-09T06:00:00,2022-11-10T00:00:00,2022-11-13T00:00:00,72
test_093301_lead006,test,4,93298,93301,93302,2022-11-10T12:00:00,2022-11-11T06:00:00,2022-11-11T12:00:00,6
test_093301_lead024,test,4,93298,93301,93305,2022-11-10T12:00:00,2022-11-11T06:00:00,2022-11-12T06:00:00,24
test_093301_lead072,test,4,93298,93301,93313,2022-11-10T12:00:00,2022-11-11T06:00:00,2022-11-14T06:00:00,72
test_093307_lead006,test,4,93304,93307,93308,2022-11-12T00:00:00,2022-11-12T18:00:00,2022-11-13T00:00:00,6
test_093307_lead024,test,4,93304,93307,93311,2022-11-12T00:00:00,2022-11-12T18:00:00,2022-11-13T18:00:00,24
test_093307_lead072,test,4,93304,93307,93319,2022-11-12T00:00:00,2022-11-12T18:00:00,2022-11-15T18:00:00,72
test_093313_lead006,test,4,93310,93313,93314,2022-11-13T12:00:00,2022-11-14T06:00:00,2022-11-14T12:00:00,6
test_093313_lead024,test,4,93310,93313,93317,2022-11-13T12:00:00,2022-11-14T06:00:00,2022-11-15T06:00:00,24
test_093313_lead072,test,4,93310,93313,93325,2022-11-13T12:00:00,2022-11-14T06:00:00,2022-11-17T06:00:00,72
test_093318_lead006,test,4,93315,93318,93319,2022-11-14T18:00:00,2022-11-15T12:00:00,2022-11-15T18:00:00,6
test_093318_lead024,test,4,93315,93318,93322,2022-11-14T18:00:00,2022-11-15T12:00:00,2022-11-16T12:00:00,24
test_093318_lead072,test,4,93315,93318,93330,2022-11-14T18:00:00,2022-11-15T12:00:00,2022-11-18T12:00:00,72
test_093324_lead006,test,4,93321,93324,93325,2022-11-16T06:00:00,2022-11-17T00:00:00,2022-11-17T06:00:00,6
test_093324_lead024,test,4,93321,93324,93328,2022-11-16T06:00:00,2022-11-17T00:00:00,2022-11-18T00:00:00,24
test_093324_lead072,test,4,93321,93324,93336,2022-11-16T06:00:00,2022-11-17T00:00:00,2022-11-20T00:00:00,72
test_093330_lead006,test,4,93327,93330,93331,2022-11-17T18:00:00,2022-11-18T12:00:00,2022-11-18T18:00:00,6
test_093330_lead024,test,4,93327,93330,93334,2022-11-17T18:00:00,2022-11-18T12:00:00,2022-11-19T12:00:00,24
test_093330_lead072,test,4,93327,93330,93342,2022-11-17T18:00:00,2022-11-18T12:00:00,2022-11-21T12:00:00,72
test_093335_lead006,test,4,93332,93335,93336,2022-11-19T00:00:00,2022-11-19T18:00:00,2022-11-20T00:00:00,6
test_093335_lead024,test,4,93332,93335,93339,2022-11-19T00:00:00,2022-11-19T18:00:00,2022-11-20T18:00:00,24
test_093335_lead072,test,4,93332,93335,93347,2022-11-19T00:00:00,2022-11-19T18:00:00,2022-11-22T18:00:00,72
test_093341_lead006,test,4,93338,93341,93342,2022-11-20T12:00:00,2022-11-21T06:00:00,2022-11-21T12:00:00,6
test_093341_lead024,test,4,93338,93341,93345,2022-11-20T12:00:00,2022-11-21T06:00:00,2022-11-22T06:00:00,24
test_093341_lead072,test,4,93338,93341,93353,2022-11-20T12:00:00,2022-11-21T06:00:00,2022-11-24T06:00:00,72
test_093347_lead006,test,4,93344,93347,93348,2022-11-22T00:00:00,2022-11-22T18:00:00,2022-11-23T00:00:00,6
test_093347_lead024,test,4,93344,93347,93351,2022-11-22T00:00:00,2022-11-22T18:00:00,2022-11-23T18:00:00,24
test_093347_lead072,test,4,93344,93347,93359,2022-11-22T00:00:00,2022-11-22T18:00:00,2022-11-25T18:00:00,72
test_093352_lead006,test,4,93349,93352,93353,2022-11-23T06:00:00,2022-11-24T00:00:00,2022-11-24T06:00:00,6
test_093352_lead024,test,4,93349,93352,93356,2022-11-23T06:00:00,2022-11-24T00:00:00,2022-11-25T00:00:00,24
test_093352_lead072,test,4,93349,93352,93364,2022-11-23T06:00:00,2022-11-24T00:00:00,2022-11-27T00:00:00,72
test_093358_lead006,test,4,93355,93358,93359,2022-11-24T18:00:00,2022-11-25T12:00:00,2022-11-25T18:00:00,6
test_093358_lead024,test,4,93355,93358,93362,2022-11-24T18:00:00,2022-11-25T12:00:00,2022-11-26T12:00:00,24
test_093358_lead072,test,4,93355,93358,93370,2022-11-24T18:00:00,2022-11-25T12:00:00,2022-11-28T12:00:00,72
test_093364_lead006,test,4,93361,93364,93365,2022-11-26T06:00:00,2022-11-27T00:00:00,2022-11-27T06:00:00,6
test_093364_lead024,test,4,93361,93364,93368,2022-11-26T06:00:00,2022-11-27T00:00:00,2022-11-28T00:00:00,24
test_093364_lead072,test,4,93361,93364,93376,2022-11-26T06:00:00,2022-11-27T00:00:00,2022-11-30T00:00:00,72
test_093370_lead006,test,4,93367,93370,93371,2022-11-27T18:00:00,2022-11-28T12:00:00,2022-11-28T18:00:00,6
test_093370_lead024,test,4,93367,93370,93374,2022-11-27T18:00:00,2022-11-28T12:00:00,2022-11-29T12:00:00,24
test_093370_lead072,test,4,93367,93370,93382,2022-11-27T18:00:00,2022-11-28T12:00:00,2022-12-01T12:00:00,72
test_093375_lead006,test,4,93372,93375,93376,2022-11-29T00:00:00,2022-11-29T18:00:00,2022-11-30T00:00:00,6
test_093375_lead024,test,4,93372,93375,93379,2022-11-29T00:00:00,2022-11-29T18:00:00,2022-11-30T18:00:00,24
test_093375_lead072,test,4,93372,93375,93387,2022-11-29T00:00:00,2022-11-29T18:00:00,2022-12-02T18:00:00,72
test_093381_lead006,test,4,93378,93381,93382,2022-11-30T12:00:00,2022-12-01T06:00:00,2022-12-01T12:00:00,6
test_093381_lead024,test,4,93378,93381,93385,2022-11-30T12:00:00,2022-12-01T06:00:00,2022-12-02T06:00:00,24
test_093381_lead072,test,4,93378,93381,93393,2022-11-30T12:00:00,2022-12-01T06:00:00,2022-12-04T06:00:00,72
test_093387_lead006,test,4,93384,93387,93388,2022-12-02T00:00:00,2022-12-02T18:00:00,2022-12-03T00:00:00,6
test_093387_lead024,test,4,93384,93387,93391,2022-12-02T00:00:00,2022-12-02T18:00:00,2022-12-03T18:00:00,24
test_093387_lead072,test,4,93384,93387,93399,2022-12-02T00:00:00,2022-12-02T18:00:00,2022-12-05T18:00:00,72
test_093392_lead006,test,4,93389,93392,93393,2022-12-03T06:00:00,2022-12-04T00:00:00,2022-12-04T06:00:00,6
test_093392_lead024,test,4,93389,93392,93396,2022-12-03T06:00:00,2022-12-04T00:00:00,2022-12-05T00:00:00,24
test_093392_lead072,test,4,93389,93392,93404,2022-12-03T06:00:00,2022-12-04T00:00:00,2022-12-07T00:00:00,72
test_093398_lead006,test,4,93395,93398,93399,2022-12-04T18:00:00,2022-12-05T12:00:00,2022-12-05T18:00:00,6
test_093398_lead024,test,4,93395,93398,93402,2022-12-04T18:00:00,2022-12-05T12:00:00,2022-12-06T12:00:00,24
test_093398_lead072,test,4,93395,93398,93410,2022-12-04T18:00:00,2022-12-05T12:00:00,2022-12-08T12:00:00,72
test_093404_lead006,test,4,93401,93404,93405,2022-12-06T06:00:00,2022-12-07T00:00:00,2022-12-07T06:00:00,6
test_093404_lead024,test,4,93401,93404,93408,2022-12-06T06:00:00,2022-12-07T00:00:00,2022-12-08T00:00:00,24
test_093404_lead072,test,4,93401,93404,93416,2022-12-06T06:00:00,2022-12-07T00:00:00,2022-12-10T00:00:00,72
test_093409_lead006,test,4,93406,93409,93410,2022-12-07T12:00:00,2022-12-08T06:00:00,2022-12-08T12:00:00,6
test_093409_lead024,test,4,93406,93409,93413,2022-12-07T12:00:00,2022-12-08T06:00:00,2022-12-09T06:00:00,24
test_093409_lead072,test,4,93406,93409,93421,2022-12-07T12:00:00,2022-12-08T06:00:00,2022-12-11T06:00:00,72
test_093415_lead006,test,4,93412,93415,93416,2022-12-09T00:00:00,2022-12-09T18:00:00,2022-12-10T00:00:00,6
test_093415_lead024,test,4,93412,93415,93419,2022-12-09T00:00:00,2022-12-09T18:00:00,2022-12-10T18:00:00,24
test_093415_lead072,test,4,93412,93415,93427,2022-12-09T00:00:00,2022-12-09T18:00:00,2022-12-12T18:00:00,72
test_093421_lead006,test,4,93418,93421,93422,2022-12-10T12:00:00,2022-12-11T06:00:00,2022-12-11T12:00:00,6
test_093421_lead024,test,4,93418,93421,93425,2022-12-10T12:00:00,2022-12-11T06:00:00,2022-12-12T06:00:00,24
test_093421_lead072,test,4,93418,93421,93433,2022-12-10T12:00:00,2022-12-11T06:00:00,2022-12-14T06:00:00,72
test_093426_lead006,test,4,93423,93426,93427,2022-12-11T18:00:00,2022-12-12T12:00:00,2022-12-12T18:00:00,6
test_093426_lead024,test,4,93423,93426,93430,2022-12-11T18:00:00,2022-12-12T12:00:00,2022-12-13T12:00:00,24
test_093426_lead072,test,4,93423,93426,93438,2022-12-11T18:00:00,2022-12-12T12:00:00,2022-12-15T12:00:00,72
test_093432_lead006,test,4,93429,93432,93433,2022-12-13T06:00:00,2022-12-14T00:00:00,2022-12-14T06:00:00,6
test_093432_lead024,test,4,93429,93432,93436,2022-12-13T06:00:00,2022-12-14T00:00:00,2022-12-15T00:00:00,24
test_093432_lead072,test,4,93429,93432,93444,2022-12-13T06:00:00,2022-12-14T00:00:00,2022-12-17T00:00:00,72
test_093438_lead006,test,4,93435,93438,93439,2022-12-14T18:00:00,2022-12-15T12:00:00,2022-12-15T18:00:00,6
test_093438_lead024,test,4,93435,93438,93442,2022-12-14T18:00:00,2022-12-15T12:00:00,2022-12-16T12:00:00,24
test_093438_lead072,test,4,93435,93438,93450,2022-12-14T18:00:00,2022-12-15T12:00:00,2022-12-18T12:00:00,72
test_093443_lead006,test,4,93440,93443,93444,2022-12-16T00:00:00,2022-12-16T18:00:00,2022-12-17T00:00:00,6
test_093443_lead024,test,4,93440,93443,93447,2022-12-16T00:00:00,2022-12-16T18:00:00,2022-12-17T18:00:00,24
test_093443_lead072,test,4,93440,93443,93455,2022-12-16T00:00:00,2022-12-16T18:00:00,2022-12-19T18:00:00,72
test_093449_lead006,test,4,93446,93449,93450,2022-12-17T12:00:00,2022-12-18T06:00:00,2022-12-18T12:00:00,6
test_093449_lead024,test,4,93446,93449,93453,2022-12-17T12:00:00,2022-12-18T06:00:00,2022-12-19T06:00:00,24
test_093449_lead072,test,4,93446,93449,93461,2022-12-17T12:00:00,2022-12-18T06:00:00,2022-12-21T06:00:00,72
test_093455_lead006,test,4,93452,93455,93456,2022-12-19T00:00:00,2022-12-19T18:00:00,2022-12-20T00:00:00,6
test_093455_lead024,test,4,93452,93455,93459,2022-12-19T00:00:00,2022-12-19T18:00:00,2022-12-20T18:00:00,24
test_093455_lead072,test,4,93452,93455,93467,2022-12-19T00:00:00,2022-12-19T18:00:00,2022-12-22T18:00:00,72
test_093460_lead006,test,4,93457,93460,93461,2022-12-20T06:00:00,2022-12-21T00:00:00,2022-12-21T06:00:00,6
test_093460_lead024,test,4,93457,93460,93464,2022-12-20T06:00:00,2022-12-21T00:00:00,2022-12-22T00:00:00,24
test_093460_lead072,test,4,93457,93460,93472,2022-12-20T06:00:00,2022-12-21T00:00:00,2022-12-24T00:00:00,72
test_093466_lead006,test,4,93463,93466,93467,2022-12-21T18:00:00,2022-12-22T12:00:00,2022-12-22T18:00:00,6
test_093466_lead024,test,4,93463,93466,93470,2022-12-21T18:00:00,2022-12-22T12:00:00,2022-12-23T12:00:00,24
test_093466_lead072,test,4,93463,93466,93478,2022-12-21T18:00:00,2022-12-22T12:00:00,2022-12-25T12:00:00,72
test_093472_lead006,test,4,93469,93472,93473,2022-12-23T06:00:00,2022-12-24T00:00:00,2022-12-24T06:00:00,6
test_093472_lead024,test,4,93469,93472,93476,2022-12-23T06:00:00,2022-12-24T00:00:00,2022-12-25T00:00:00,24
test_093472_lead072,test,4,93469,93472,93484,2022-12-23T06:00:00,2022-12-24T00:00:00,2022-12-27T00:00:00,72
test_093477_lead006,test,4,93474,93477,93478,2022-12-24T12:00:00,2022-12-25T06:00:00,2022-12-25T12:00:00,6
test_093477_lead024,test,4,93474,93477,93481,2022-12-24T12:00:00,2022-12-25T06:00:00,2022-12-26T06:00:00,24
test_093477_lead072,test,4,93474,93477,93489,2022-12-24T12:00:00,2022-12-25T06:00:00,2022-12-28T06:00:00,72
test_093483_lead006,test,4,93480,93483,93484,2022-12-26T00:00:00,2022-12-26T18:00:00,2022-12-27T00:00:00,6
test_093483_lead024,test,4,93480,93483,93487,2022-12-26T00:00:00,2022-12-26T18:00:00,2022-12-27T18:00:00,24
test_093483_lead072,test,4,93480,93483,93495,2022-12-26T00:00:00,2022-12-26T18:00:00,2022-12-29T18:00:00,72
test_093489_lead006,test,4,93486,93489,93490,2022-12-27T12:00:00,2022-12-28T06:00:00,2022-12-28T12:00:00,6
test_093489_lead024,test,4,93486,93489,93493,2022-12-27T12:00:00,2022-12-28T06:00:00,2022-12-29T06:00:00,24
test_093489_lead072,test,4,93486,93489,93501,2022-12-27T12:00:00,2022-12-28T06:00:00,2022-12-31T06:00:00,72
