[SETUP] device=cuda
[SETUP] run_id=train_climax_conservefm_full_fix2probe_s42 method=conservefm_full backbone=climax
[FORECAST] using frozen forecast cache: /home/tahiti/ConserveFM/forecasts/climax.zarr
[RESUME] loading /home/tahiti/ConserveFM/runs/train_climax_conservefm_full_fix2probe_s42/checkpoint_last.pt
[RESUME] optimizer state reset by environment
[RESUME] legacy checkpoint; stage=finetune epoch=1 global_step=378941
[STAGE] finetune epochs=2 start_epoch=1
[TRAIN] stage=finetune epoch=2/2 batch=9/87647 step=378950 repair=0.07758 localization=0 type=0 minimal=0.08673 physics=0.8317 total=0.12
[TRAIN] stage=finetune epoch=2/2 batch=19/87647 step=378960 repair=0.04384 localization=0 type=0 minimal=0.1226 physics=0.8366 total=0.08689
[TRAIN] stage=finetune epoch=2/2 batch=29/87647 step=378970 repair=0.07741 localization=0 type=0 minimal=0.1229 physics=0.863 total=0.1218
[TRAIN] stage=finetune epoch=2/2 batch=39/87647 step=378980 repair=0.05559 localization=0 type=0 minimal=0.1407 physics=0.832 total=0.0986
[TRAIN] stage=finetune epoch=2/2 batch=49/87647 step=378990 repair=0.1332 localization=0 type=0 minimal=0.07867 physics=0.8215 total=0.1751
[TRAIN] stage=finetune epoch=2/2 batch=59/87647 step=379000 repair=0.07736 localization=0 type=0 minimal=0.07739 physics=0.7509 total=0.1157
[TRAIN] stage=finetune epoch=2/2 batch=69/87647 step=379010 repair=0.06399 localization=0 type=0 minimal=0.1118 physics=0.7324 total=0.1017
[TRAIN] stage=finetune epoch=2/2 batch=79/87647 step=379020 repair=0.06523 localization=0 type=0 minimal=0.1093 physics=0.7323 total=0.1029
[TRAIN] stage=finetune epoch=2/2 batch=89/87647 step=379030 repair=0.1618 localization=0 type=0 minimal=0.07385 physics=0.8136 total=0.2033
[TRAIN] stage=finetune epoch=2/2 batch=99/87647 step=379040 repair=0.1176 localization=0 type=0 minimal=0.08978 physics=0.7784 total=0.1575
[TRAIN] stage=finetune epoch=2/2 batch=109/87647 step=379050 repair=0.08067 localization=0 type=0 minimal=0.09601 physics=0.7967 total=0.1215
[TRAIN] stage=finetune epoch=2/2 batch=119/87647 step=379060 repair=0.09779 localization=0 type=0 minimal=0.09552 physics=0.7477 total=0.1361
[TRAIN] stage=finetune epoch=2/2 batch=129/87647 step=379070 repair=0.05286 localization=0 type=0 minimal=0.136 physics=0.7695 total=0.09269
[TRAIN] stage=finetune epoch=2/2 batch=139/87647 step=379080 repair=0.1214 localization=0 type=0 minimal=0.09369 physics=0.7178 total=0.1582
[TRAIN] stage=finetune epoch=2/2 batch=149/87647 step=379090 repair=0.1547 localization=0 type=0 minimal=0.0791 physics=0.7095 total=0.1909
[TRAIN] stage=finetune epoch=2/2 batch=159/87647 step=379100 repair=0.06438 localization=0 type=0 minimal=0.105 physics=0.7243 total=0.1016
[TRAIN] stage=finetune epoch=2/2 batch=169/87647 step=379110 repair=0.04915 localization=0 type=0 minimal=0.1216 physics=0.7085 total=0.08579
[TRAIN] stage=finetune epoch=2/2 batch=179/87647 step=379120 repair=0.05895 localization=0 type=0 minimal=0.1023 physics=0.7375 total=0.09685
[TRAIN] stage=finetune epoch=2/2 batch=189/87647 step=379130 repair=0.1033 localization=0 type=0 minimal=0.09521 physics=0.7491 total=0.1417
[TRAIN] stage=finetune epoch=2/2 batch=199/87647 step=379140 repair=0.1373 localization=0 type=0 minimal=0.08179 physics=0.7661 total=0.1765
[TRAIN] stage=finetune epoch=2/2 batch=209/87647 step=379150 repair=0.08559 localization=0 type=0 minimal=0.09644 physics=0.7503 total=0.1241
[TRAIN] stage=finetune epoch=2/2 batch=219/87647 step=379160 repair=0.1191 localization=0 type=0 minimal=0.08362 physics=0.7459 total=0.1573
[TRAIN] stage=finetune epoch=2/2 batch=229/87647 step=379170 repair=0.1013 localization=0 type=0 minimal=0.1055 physics=0.7117 total=0.138
[TRAIN] stage=finetune epoch=2/2 batch=239/87647 step=379180 repair=0.09897 localization=0 type=0 minimal=0.1083 physics=0.7208 total=0.1361
[TRAIN] stage=finetune epoch=2/2 batch=249/87647 step=379190 repair=0.08135 localization=0 type=0 minimal=0.09882 physics=0.7615 total=0.1204
[TRAIN] stage=finetune epoch=2/2 batch=259/87647 step=379200 repair=0.1161 localization=0 type=0 minimal=0.08636 physics=0.7797 total=0.156
[TRAIN] stage=finetune epoch=2/2 batch=269/87647 step=379210 repair=0.1207 localization=0 type=0 minimal=0.09491 physics=0.7542 total=0.1593
[TRAIN] stage=finetune epoch=2/2 batch=279/87647 step=379220 repair=0.06082 localization=0 type=0 minimal=0.106 physics=0.715 total=0.09763
[TRAIN] stage=finetune epoch=2/2 batch=289/87647 step=379230 repair=0.0701 localization=0 type=0 minimal=0.1165 physics=0.8609 total=0.1143
[TRAIN] stage=finetune epoch=2/2 batch=299/87647 step=379240 repair=0.04615 localization=0 type=0 minimal=0.1111 physics=0.6954 total=0.08203
[TRAIN] stage=finetune epoch=2/2 batch=309/87647 step=379250 repair=0.06477 localization=0 type=0 minimal=0.103 physics=0.7189 total=0.1017
[TRAIN] stage=finetune epoch=2/2 batch=319/87647 step=379260 repair=0.1338 localization=0 type=0 minimal=0.08673 physics=0.7743 total=0.1734
[TRAIN] stage=finetune epoch=2/2 batch=329/87647 step=379270 repair=0.06856 localization=0 type=0 minimal=0.1074 physics=0.8696 total=0.1131
[TRAIN] stage=finetune epoch=2/2 batch=339/87647 step=379280 repair=0.1155 localization=0 type=0 minimal=0.08905 physics=0.7143 total=0.1521
[TRAIN] stage=finetune epoch=2/2 batch=349/87647 step=379290 repair=0.1266 localization=0 type=0 minimal=0.09277 physics=0.6749 total=0.1613
[TRAIN] stage=finetune epoch=2/2 batch=359/87647 step=379300 repair=0.059 localization=0 type=0 minimal=0.1182 physics=0.8572 total=0.103
[TRAIN] stage=finetune epoch=2/2 batch=369/87647 step=379310 repair=0.1262 localization=0 type=0 minimal=0.09448 physics=0.8686 total=0.1706
[TRAIN] stage=finetune epoch=2/2 batch=379/87647 step=379320 repair=0.07028 localization=0 type=0 minimal=0.1089 physics=0.8922 total=0.116
[TRAIN] stage=finetune epoch=2/2 batch=389/87647 step=379330 repair=0.1228 localization=0 type=0 minimal=0.09741 physics=0.8193 total=0.1648
[TRAIN] stage=finetune epoch=2/2 batch=399/87647 step=379340 repair=0.129 localization=0 type=0 minimal=0.09131 physics=0.7447 total=0.1671
[TRAIN] stage=finetune epoch=2/2 batch=409/87647 step=379350 repair=0.1414 localization=0 type=0 minimal=0.09253 physics=0.7543 total=0.18
[TRAIN] stage=finetune epoch=2/2 batch=419/87647 step=379360 repair=0.09119 localization=0 type=0 minimal=0.09753 physics=0.7871 total=0.1315
[TRAIN] stage=finetune epoch=2/2 batch=429/87647 step=379370 repair=0.09724 localization=0 type=0 minimal=0.0979 physics=0.8278 total=0.1396
[TRAIN] stage=finetune epoch=2/2 batch=439/87647 step=379380 repair=0.1218 localization=0 type=0 minimal=0.09717 physics=0.7741 total=0.1615
[TRAIN] stage=finetune epoch=2/2 batch=449/87647 step=379390 repair=0.09396 localization=0 type=0 minimal=0.0979 physics=0.7878 total=0.1343
[TRAIN] stage=finetune epoch=2/2 batch=459/87647 step=379400 repair=0.1687 localization=0 type=0 minimal=0.08887 physics=0.8073 total=0.21
[TRAIN] stage=finetune epoch=2/2 batch=469/87647 step=379410 repair=0.09028 localization=0 type=0 minimal=0.09698 physics=0.6982 total=0.1262
[TRAIN] stage=finetune epoch=2/2 batch=479/87647 step=379420 repair=0.05286 localization=0 type=0 minimal=0.1063 physics=0.7792 total=0.09289
[TRAIN] stage=finetune epoch=2/2 batch=489/87647 step=379430 repair=0.07722 localization=0 type=0 minimal=0.1013 physics=0.9205 total=0.1243
[TRAIN] stage=finetune epoch=2/2 batch=499/87647 step=379440 repair=0.0659 localization=0 type=0 minimal=0.09796 physics=0.9156 total=0.1127
[TRAIN] stage=finetune epoch=2/2 batch=509/87647 step=379450 repair=0.09992 localization=0 type=0 minimal=0.0954 physics=0.9857 total=0.1502
[TRAIN] stage=finetune epoch=2/2 batch=519/87647 step=379460 repair=0.1282 localization=0 type=0 minimal=0.09283 physics=0.8643 total=0.1724
[TRAIN] stage=finetune epoch=2/2 batch=529/87647 step=379470 repair=0.1596 localization=0 type=0 minimal=0.08881 physics=0.859 total=0.2034
[TRAIN] stage=finetune epoch=2/2 batch=539/87647 step=379480 repair=0.1178 localization=0 type=0 minimal=0.1 physics=0.7549 total=0.1565
[TRAIN] stage=finetune epoch=2/2 batch=549/87647 step=379490 repair=0.07093 localization=0 type=0 minimal=0.09674 physics=0.6889 total=0.1063
[TRAIN] stage=finetune epoch=2/2 batch=559/87647 step=379500 repair=0.09028 localization=0 type=0 minimal=0.0946 physics=0.7744 total=0.1299
[TRAIN] stage=finetune epoch=2/2 batch=569/87647 step=379510 repair=0.1341 localization=0 type=0 minimal=0.09412 physics=0.8888 total=0.1794
[TRAIN] stage=finetune epoch=2/2 batch=579/87647 step=379520 repair=0.06064 localization=0 type=0 minimal=0.09467 physics=0.7275 total=0.09796
[TRAIN] stage=finetune epoch=2/2 batch=589/87647 step=379530 repair=0.07154 localization=0 type=0 minimal=0.1044 physics=0.8491 total=0.115
[TRAIN] stage=finetune epoch=2/2 batch=599/87647 step=379540 repair=0.06722 localization=0 type=0 minimal=0.09821 physics=0.7537 total=0.1059
[TRAIN] stage=finetune epoch=2/2 batch=609/87647 step=379550 repair=0.06663 localization=0 type=0 minimal=0.1024 physics=0.7786 total=0.1066
[TRAIN] stage=finetune epoch=2/2 batch=619/87647 step=379560 repair=0.05067 localization=0 type=0 minimal=0.106 physics=0.69 total=0.08623
[TRAIN] stage=finetune epoch=2/2 batch=629/87647 step=379570 repair=0.07107 localization=0 type=0 minimal=0.09937 physics=0.7699 total=0.1106
[TRAIN] stage=finetune epoch=2/2 batch=639/87647 step=379580 repair=0.1007 localization=0 type=0 minimal=0.1002 physics=0.7787 total=0.1406
[TRAIN] stage=finetune epoch=2/2 batch=649/87647 step=379590 repair=0.06558 localization=0 type=0 minimal=0.1007 physics=0.7284 total=0.103
[TRAIN] stage=finetune epoch=2/2 batch=659/87647 step=379600 repair=0.1732 localization=0 type=0 minimal=0.08167 physics=0.84 total=0.216
[TRAIN] stage=finetune epoch=2/2 batch=669/87647 step=379610 repair=0.1171 localization=0 type=0 minimal=0.09778 physics=0.9072 total=0.1634
[TRAIN] stage=finetune epoch=2/2 batch=679/87647 step=379620 repair=0.07444 localization=0 type=0 minimal=0.09766 physics=0.755 total=0.1132
[TRAIN] stage=finetune epoch=2/2 batch=689/87647 step=379630 repair=0.1291 localization=0 type=0 minimal=0.09351 physics=0.8354 total=0.1718
[TRAIN] stage=finetune epoch=2/2 batch=699/87647 step=379640 repair=0.07854 localization=0 type=0 minimal=0.08447 physics=0.7964 total=0.1192
[TRAIN] stage=finetune epoch=2/2 batch=709/87647 step=379650 repair=0.1244 localization=0 type=0 minimal=0.0835 physics=0.8923 total=0.1698
[TRAIN] stage=finetune epoch=2/2 batch=719/87647 step=379660 repair=0.05491 localization=0 type=0 minimal=0.1055 physics=0.7544 total=0.09368
[TRAIN] stage=finetune epoch=2/2 batch=729/87647 step=379670 repair=0.1131 localization=0 type=0 minimal=0.09363 physics=0.8295 total=0.1555
[TRAIN] stage=finetune epoch=2/2 batch=739/87647 step=379680 repair=0.08242 localization=0 type=0 minimal=0.08582 physics=0.8557 total=0.1261
[TRAIN] stage=finetune epoch=2/2 batch=749/87647 step=379690 repair=0.07131 localization=0 type=0 minimal=0.0943 physics=0.7907 total=0.1118
[TRAIN] stage=finetune epoch=2/2 batch=759/87647 step=379700 repair=0.06701 localization=0 type=0 minimal=0.09869 physics=0.7212 total=0.1041
[TRAIN] stage=finetune epoch=2/2 batch=769/87647 step=379710 repair=0.0961 localization=0 type=0 minimal=0.09088 physics=0.6544 total=0.1297
[TRAIN] stage=finetune epoch=2/2 batch=779/87647 step=379720 repair=0.1163 localization=0 type=0 minimal=0.09479 physics=1.055 total=0.17
[TRAIN] stage=finetune epoch=2/2 batch=789/87647 step=379730 repair=0.1045 localization=0 type=0 minimal=0.09283 physics=0.8888 total=0.1499
[TRAIN] stage=finetune epoch=2/2 batch=799/87647 step=379740 repair=0.1242 localization=0 type=0 minimal=0.08875 physics=0.5762 total=0.1539
[TRAIN] stage=finetune epoch=2/2 batch=809/87647 step=379750 repair=0.1275 localization=0 type=0 minimal=0.07928 physics=0.5183 total=0.1543
[TRAIN] stage=finetune epoch=2/2 batch=819/87647 step=379760 repair=0.1271 localization=0 type=0 minimal=0.07745 physics=0.3672 total=0.1462
[TRAIN] stage=finetune epoch=2/2 batch=829/87647 step=379770 repair=0.07022 localization=0 type=0 minimal=0.08887 physics=0.5211 total=0.09717
[TRAIN] stage=finetune epoch=2/2 batch=839/87647 step=379780 repair=0.1507 localization=0 type=0 minimal=0.07349 physics=0.8361 total=0.1932
[TRAIN] stage=finetune epoch=2/2 batch=849/87647 step=379790 repair=0.1132 localization=0 type=0 minimal=0.0813 physics=0.6218 total=0.1451
[TRAIN] stage=finetune epoch=2/2 batch=859/87647 step=379800 repair=0.0534 localization=0 type=0 minimal=0.1 physics=0.7827 total=0.09354
[TRAIN] stage=finetune epoch=2/2 batch=869/87647 step=379810 repair=0.09714 localization=0 type=0 minimal=0.08734 physics=0.7678 total=0.1364
[TRAIN] stage=finetune epoch=2/2 batch=879/87647 step=379820 repair=0.1601 localization=0 type=0 minimal=0.07452 physics=0.7721 total=0.1995
[TRAIN] stage=finetune epoch=2/2 batch=889/87647 step=379830 repair=0.1068 localization=0 type=0 minimal=0.08917 physics=0.7341 total=0.1444
[TRAIN] stage=finetune epoch=2/2 batch=899/87647 step=379840 repair=0.1196 localization=0 type=0 minimal=0.09009 physics=0.8785 total=0.1644
[TRAIN] stage=finetune epoch=2/2 batch=909/87647 step=379850 repair=0.05201 localization=0 type=0 minimal=0.1022 physics=0.7001 total=0.08804
[TRAIN] stage=finetune epoch=2/2 batch=919/87647 step=379860 repair=0.0998 localization=0 type=0 minimal=0.09338 physics=0.6352 total=0.1325
[TRAIN] stage=finetune epoch=2/2 batch=929/87647 step=379870 repair=0.1536 localization=0 type=0 minimal=0.08228 physics=0.5159 total=0.1802
[TRAIN] stage=finetune epoch=2/2 batch=939/87647 step=379880 repair=0.1038 localization=0 type=0 minimal=0.09271 physics=0.763 total=0.1429
[TRAIN] stage=finetune epoch=2/2 batch=949/87647 step=379890 repair=0.08165 localization=0 type=0 minimal=0.08362 physics=0.7077 total=0.1179
[TRAIN] stage=finetune epoch=2/2 batch=959/87647 step=379900 repair=0.08881 localization=0 type=0 minimal=0.08319 physics=0.6343 total=0.1214
[TRAIN] stage=finetune epoch=2/2 batch=969/87647 step=379910 repair=0.06957 localization=0 type=0 minimal=0.08838 physics=1.143 total=0.1276
[TRAIN] stage=finetune epoch=2/2 batch=979/87647 step=379920 repair=0.1696 localization=0 type=0 minimal=0.08099 physics=0.7775 total=0.2093
[TRAIN] stage=finetune epoch=2/2 batch=989/87647 step=379930 repair=0.07247 localization=0 type=0 minimal=0.09265 physics=0.9463 total=0.1207
[TRAIN] stage=finetune epoch=2/2 batch=999/87647 step=379940 repair=0.1274 localization=0 type=0 minimal=0.08374 physics=0.7849 total=0.1675
[TRAIN] stage=finetune epoch=2/2 batch=1009/87647 step=379950 repair=0.1176 localization=0 type=0 minimal=0.08478 physics=0.9688 total=0.1669
[TRAIN] stage=finetune epoch=2/2 batch=1019/87647 step=379960 repair=0.05626 localization=0 type=0 minimal=0.09259 physics=0.5891 total=0.08664
[TRAIN] stage=finetune epoch=2/2 batch=1029/87647 step=379970 repair=0.1588 localization=0 type=0 minimal=0.07336 physics=0.5309 total=0.1861
[TRAIN] stage=finetune epoch=2/2 batch=1039/87647 step=379980 repair=0.05327 localization=0 type=0 minimal=0.09479 physics=0.7696 total=0.0927
[TRAIN] stage=finetune epoch=2/2 batch=1049/87647 step=379990 repair=0.1123 localization=0 type=0 minimal=0.07996 physics=0.8691 total=0.1566
[TRAIN] stage=finetune epoch=2/2 batch=1059/87647 step=380000 repair=0.05142 localization=0 type=0 minimal=0.09778 physics=0.6458 total=0.08469
[TRAIN] stage=finetune epoch=2/2 batch=1069/87647 step=380010 repair=0.06404 localization=0 type=0 minimal=0.09027 physics=0.8222 total=0.1061
[TRAIN] stage=finetune epoch=2/2 batch=1079/87647 step=380020 repair=0.06307 localization=0 type=0 minimal=0.09631 physics=0.7903 total=0.1035
[TRAIN] stage=finetune epoch=2/2 batch=1089/87647 step=380030 repair=0.1247 localization=0 type=0 minimal=0.08362 physics=0.979 total=0.1745
[TRAIN] stage=finetune epoch=2/2 batch=1099/87647 step=380040 repair=0.1677 localization=0 type=0 minimal=0.0813 physics=0.7983 total=0.2084
[TRAIN] stage=finetune epoch=2/2 batch=1109/87647 step=380050 repair=0.1498 localization=0 type=0 minimal=0.08002 physics=0.6493 total=0.183
[TRAIN] stage=finetune epoch=2/2 batch=1119/87647 step=380060 repair=0.1227 localization=0 type=0 minimal=0.07843 physics=0.7137 total=0.1592
[TRAIN] stage=finetune epoch=2/2 batch=1129/87647 step=380070 repair=0.08061 localization=0 type=0 minimal=0.07965 physics=0.9967 total=0.1312
[TRAIN] stage=finetune epoch=2/2 batch=1139/87647 step=380080 repair=0.1075 localization=0 type=0 minimal=0.08191 physics=0.5889 total=0.1378
[TRAIN] stage=finetune epoch=2/2 batch=1149/87647 step=380090 repair=0.05097 localization=0 type=0 minimal=0.09875 physics=0.5915 total=0.08153
[TRAIN] stage=finetune epoch=2/2 batch=1159/87647 step=380100 repair=0.06768 localization=0 type=0 minimal=0.0874 physics=0.8244 total=0.1098
[TRAIN] stage=finetune epoch=2/2 batch=1169/87647 step=380110 repair=0.05395 localization=0 type=0 minimal=0.09778 physics=0.7969 total=0.09477
[TRAIN] stage=finetune epoch=2/2 batch=1179/87647 step=380120 repair=0.06783 localization=0 type=0 minimal=0.09161 physics=0.6294 total=0.1002
[TRAIN] stage=finetune epoch=2/2 batch=1189/87647 step=380130 repair=0.1334 localization=0 type=0 minimal=0.07758 physics=0.9581 total=0.1821
[TRAIN] stage=finetune epoch=2/2 batch=1199/87647 step=380140 repair=0.1222 localization=0 type=0 minimal=0.08057 physics=0.682 total=0.1571
[TRAIN] stage=finetune epoch=2/2 batch=1209/87647 step=380150 repair=0.1151 localization=0 type=0 minimal=0.08191 physics=0.5704 total=0.1444
[TRAIN] stage=finetune epoch=2/2 batch=1219/87647 step=380160 repair=0.06322 localization=0 type=0 minimal=0.08893 physics=0.3158 total=0.0799
[TRAIN] stage=finetune epoch=2/2 batch=1229/87647 step=380170 repair=0.09526 localization=0 type=0 minimal=0.08777 physics=0.2121 total=0.1067
[TRAIN] stage=finetune epoch=2/2 batch=1239/87647 step=380180 repair=0.1257 localization=0 type=0 minimal=0.08179 physics=0.5331 total=0.1532
[TRAIN] stage=finetune epoch=2/2 batch=1249/87647 step=380190 repair=0.1694 localization=0 type=0 minimal=0.08215 physics=0.8517 total=0.2128
[TRAIN] stage=finetune epoch=2/2 batch=1259/87647 step=380200 repair=0.05012 localization=0 type=0 minimal=0.09937 physics=0.6334 total=0.08279
[TRAIN] stage=finetune epoch=2/2 batch=1269/87647 step=380210 repair=0.05184 localization=0 type=0 minimal=0.1037 physics=0.6639 total=0.08608
[TRAIN] stage=finetune epoch=2/2 batch=1279/87647 step=380220 repair=0.06974 localization=0 type=0 minimal=0.09125 physics=0.5802 total=0.09966
[TRAIN] stage=finetune epoch=2/2 batch=1289/87647 step=380230 repair=0.06715 localization=0 type=0 minimal=0.0899 physics=0.5904 total=0.09757
[TRAIN] stage=finetune epoch=2/2 batch=1299/87647 step=380240 repair=0.1253 localization=0 type=0 minimal=0.08258 physics=0.7136 total=0.1618
[TRAIN] stage=finetune epoch=2/2 batch=1309/87647 step=380250 repair=0.09878 localization=0 type=0 minimal=0.08777 physics=0.6567 total=0.1325
[TRAIN] stage=finetune epoch=2/2 batch=1319/87647 step=380260 repair=0.08835 localization=0 type=0 minimal=0.08722 physics=0.6938 total=0.1239
[TRAIN] stage=finetune epoch=2/2 batch=1329/87647 step=380270 repair=0.08472 localization=0 type=0 minimal=0.08502 physics=0.6655 total=0.1188
[TRAIN] stage=finetune epoch=2/2 batch=1339/87647 step=380280 repair=0.1593 localization=0 type=0 minimal=0.07587 physics=0.7943 total=0.1997
[TRAIN] stage=finetune epoch=2/2 batch=1349/87647 step=380290 repair=0.06765 localization=0 type=0 minimal=0.08899 physics=0.6417 total=0.1006
[TRAIN] stage=finetune epoch=2/2 batch=1359/87647 step=380300 repair=0.06985 localization=0 type=0 minimal=0.09381 physics=0.7015 total=0.1059
[TRAIN] stage=finetune epoch=2/2 batch=1369/87647 step=380310 repair=0.1172 localization=0 type=0 minimal=0.09222 physics=0.6931 total=0.1528
[TRAIN] stage=finetune epoch=2/2 batch=1379/87647 step=380320 repair=0.1796 localization=0 type=0 minimal=0.08307 physics=0.7867 total=0.2198
[TRAIN] stage=finetune epoch=2/2 batch=1389/87647 step=380330 repair=0.05094 localization=0 type=0 minimal=0.09894 physics=0.5645 total=0.08016
[TRAIN] stage=finetune epoch=2/2 batch=1399/87647 step=380340 repair=0.1185 localization=0 type=0 minimal=0.07904 physics=1.039 total=0.1712
[TRAIN] stage=finetune epoch=2/2 batch=1409/87647 step=380350 repair=0.06814 localization=0 type=0 minimal=0.09369 physics=0.9708 total=0.1176
[TRAIN] stage=finetune epoch=2/2 batch=1419/87647 step=380360 repair=0.1126 localization=0 type=0 minimal=0.07758 physics=0.546 total=0.1407
[TRAIN] stage=finetune epoch=2/2 batch=1429/87647 step=380370 repair=0.08817 localization=0 type=0 minimal=0.08252 physics=0.4795 total=0.113
[TRAIN] stage=finetune epoch=2/2 batch=1439/87647 step=380380 repair=0.0767 localization=0 type=0 minimal=0.0863 physics=0.6107 total=0.1081
[TRAIN] stage=finetune epoch=2/2 batch=1449/87647 step=380390 repair=0.1119 localization=0 type=0 minimal=0.08954 physics=0.4498 total=0.1353
[TRAIN] stage=finetune epoch=2/2 batch=1459/87647 step=380400 repair=0.1057 localization=0 type=0 minimal=0.09076 physics=0.7516 total=0.1442
[TRAIN] stage=finetune epoch=2/2 batch=1469/87647 step=380410 repair=0.1438 localization=0 type=0 minimal=0.09106 physics=0.612 total=0.1753
[TRAIN] stage=finetune epoch=2/2 batch=1479/87647 step=380420 repair=0.1468 localization=0 type=0 minimal=0.07941 physics=0.7282 total=0.1841
[TRAIN] stage=finetune epoch=2/2 batch=1489/87647 step=380430 repair=0.1045 localization=0 type=0 minimal=0.08917 physics=0.681 total=0.1394
[TRAIN] stage=finetune epoch=2/2 batch=1499/87647 step=380440 repair=0.08686 localization=0 type=0 minimal=0.08459 physics=0.5618 total=0.1158
[TRAIN] stage=finetune epoch=2/2 batch=1509/87647 step=380450 repair=0.06848 localization=0 type=0 minimal=0.09106 physics=0.415 total=0.09014
[TRAIN] stage=finetune epoch=2/2 batch=1519/87647 step=380460 repair=0.1554 localization=0 type=0 minimal=0.07654 physics=0.8619 total=0.1993
[TRAIN] stage=finetune epoch=2/2 batch=1529/87647 step=380470 repair=0.1021 localization=0 type=0 minimal=0.08289 physics=0.4938 total=0.1276
[TRAIN] stage=finetune epoch=2/2 batch=1539/87647 step=380480 repair=0.1074 localization=0 type=0 minimal=0.08325 physics=1.231 total=0.1698
[TRAIN] stage=finetune epoch=2/2 batch=1549/87647 step=380490 repair=0.06835 localization=0 type=0 minimal=0.08435 physics=0.3698 total=0.08768
[TRAIN] stage=finetune epoch=2/2 batch=1559/87647 step=380500 repair=0.05979 localization=0 type=0 minimal=0.0929 physics=0.5945 total=0.09044
[TRAIN] stage=finetune epoch=2/2 batch=1569/87647 step=380510 repair=0.119 localization=0 type=0 minimal=0.07501 physics=0.5306 total=0.1463
[TRAIN] stage=finetune epoch=2/2 batch=1579/87647 step=380520 repair=0.06824 localization=0 type=0 minimal=0.08923 physics=0.6301 total=0.1006
[TRAIN] stage=finetune epoch=2/2 batch=1589/87647 step=380530 repair=0.1135 localization=0 type=0 minimal=0.08203 physics=0.4023 total=0.1344
[TRAIN] stage=finetune epoch=2/2 batch=1599/87647 step=380540 repair=0.1201 localization=0 type=0 minimal=0.08069 physics=0.5417 total=0.148
[TRAIN] stage=finetune epoch=2/2 batch=1609/87647 step=380550 repair=0.07359 localization=0 type=0 minimal=0.09357 physics=0.735 total=0.1113
[TRAIN] stage=finetune epoch=2/2 batch=1619/87647 step=380560 repair=0.1134 localization=0 type=0 minimal=0.08563 physics=0.6311 total=0.1458
[TRAIN] stage=finetune epoch=2/2 batch=1629/87647 step=380570 repair=0.1306 localization=0 type=0 minimal=0.0835 physics=0.5918 total=0.1611
[TRAIN] stage=finetune epoch=2/2 batch=1639/87647 step=380580 repair=0.07149 localization=0 type=0 minimal=0.09106 physics=0.5905 total=0.1019
[TRAIN] stage=finetune epoch=2/2 batch=1649/87647 step=380590 repair=0.0777 localization=0 type=0 minimal=0.09503 physics=0.6191 total=0.1096
[TRAIN] stage=finetune epoch=2/2 batch=1659/87647 step=380600 repair=0.1172 localization=0 type=0 minimal=0.08313 physics=0.5511 total=0.1456
[TRAIN] stage=finetune epoch=2/2 batch=1669/87647 step=380610 repair=0.1208 localization=0 type=0 minimal=0.08447 physics=0.5672 total=0.15
[TRAIN] stage=finetune epoch=2/2 batch=1679/87647 step=380620 repair=0.1654 localization=0 type=0 minimal=0.08252 physics=0.6288 total=0.1977
[TRAIN] stage=finetune epoch=2/2 batch=1689/87647 step=380630 repair=0.1272 localization=0 type=0 minimal=0.08447 physics=0.5811 total=0.1571
[TRAIN] stage=finetune epoch=2/2 batch=1699/87647 step=380640 repair=0.1199 localization=0 type=0 minimal=0.0802 physics=0.6241 total=0.1519
[TRAIN] stage=finetune epoch=2/2 batch=1709/87647 step=380650 repair=0.1066 localization=0 type=0 minimal=0.08759 physics=0.607 total=0.1379
[TRAIN] stage=finetune epoch=2/2 batch=1719/87647 step=380660 repair=0.07669 localization=0 type=0 minimal=0.08105 physics=0.6015 total=0.1076
[TRAIN] stage=finetune epoch=2/2 batch=1729/87647 step=380670 repair=0.1593 localization=0 type=0 minimal=0.0722 physics=0.7664 total=0.1983
[TRAIN] stage=finetune epoch=2/2 batch=1739/87647 step=380680 repair=0.1141 localization=0 type=0 minimal=0.09161 physics=0.5709 total=0.1436
[TRAIN] stage=finetune epoch=2/2 batch=1749/87647 step=380690 repair=0.04942 localization=0 type=0 minimal=0.1025 physics=0.6 total=0.08045
[TRAIN] stage=finetune epoch=2/2 batch=1759/87647 step=380700 repair=0.07019 localization=0 type=0 minimal=0.09509 physics=1.218 total=0.1321
[TRAIN] stage=finetune epoch=2/2 batch=1769/87647 step=380710 repair=0.1087 localization=0 type=0 minimal=0.0874 physics=1.02 total=0.1605
[TRAIN] stage=finetune epoch=2/2 batch=1779/87647 step=380720 repair=0.1202 localization=0 type=0 minimal=0.07703 physics=0.7739 total=0.1597
[TRAIN] stage=finetune epoch=2/2 batch=1789/87647 step=380730 repair=0.1784 localization=0 type=0 minimal=0.07257 physics=1.461 total=0.2522
[TRAIN] stage=finetune epoch=2/2 batch=1799/87647 step=380740 repair=0.1051 localization=0 type=0 minimal=0.08447 physics=0.4083 total=0.1264
[TRAIN] stage=finetune epoch=2/2 batch=1809/87647 step=380750 repair=0.06911 localization=0 type=0 minimal=0.08624 physics=0.7362 total=0.1068
[TRAIN] stage=finetune epoch=2/2 batch=1819/87647 step=380760 repair=0.109 localization=0 type=0 minimal=0.08203 physics=0.5099 total=0.1353
[TRAIN] stage=finetune epoch=2/2 batch=1829/87647 step=380770 repair=0.1556 localization=0 type=0 minimal=0.0755 physics=0.8069 total=0.1967
[TRAIN] stage=finetune epoch=2/2 batch=1839/87647 step=380780 repair=0.1043 localization=0 type=0 minimal=0.07886 physics=0.4595 total=0.1281
[TRAIN] stage=finetune epoch=2/2 batch=1849/87647 step=380790 repair=0.08184 localization=0 type=0 minimal=0.08392 physics=0.5625 total=0.1108
[TRAIN] stage=finetune epoch=2/2 batch=1859/87647 step=380800 repair=0.0669 localization=0 type=0 minimal=0.08997 physics=0.6817 total=0.1019
[TRAIN] stage=finetune epoch=2/2 batch=1869/87647 step=380810 repair=0.1631 localization=0 type=0 minimal=0.07727 physics=0.767 total=0.2022
[TRAIN] stage=finetune epoch=2/2 batch=1879/87647 step=380820 repair=0.0655 localization=0 type=0 minimal=0.08923 physics=0.6024 total=0.09652
[TRAIN] stage=finetune epoch=2/2 batch=1889/87647 step=380830 repair=0.06784 localization=0 type=0 minimal=0.1003 physics=0.6481 total=0.1012
[TRAIN] stage=finetune epoch=2/2 batch=1899/87647 step=380840 repair=0.1617 localization=0 type=0 minimal=0.07977 physics=0.7775 total=0.2014
[TRAIN] stage=finetune epoch=2/2 batch=1909/87647 step=380850 repair=0.04997 localization=0 type=0 minimal=0.09698 physics=0.7012 total=0.086
[TRAIN] stage=finetune epoch=2/2 batch=1919/87647 step=380860 repair=0.06349 localization=0 type=0 minimal=0.08875 physics=0.624 total=0.09557
[TRAIN] stage=finetune epoch=2/2 batch=1929/87647 step=380870 repair=0.0669 localization=0 type=0 minimal=0.08936 physics=0.6677 total=0.1012
[TRAIN] stage=finetune epoch=2/2 batch=1939/87647 step=380880 repair=0.06729 localization=0 type=0 minimal=0.09314 physics=0.593 total=0.09787
[TRAIN] stage=finetune epoch=2/2 batch=1949/87647 step=380890 repair=0.06608 localization=0 type=0 minimal=0.09387 physics=0.6536 total=0.0997
[TRAIN] stage=finetune epoch=2/2 batch=1959/87647 step=380900 repair=0.0688 localization=0 type=0 minimal=0.08948 physics=0.5473 total=0.09706
[TRAIN] stage=finetune epoch=2/2 batch=1969/87647 step=380910 repair=0.1029 localization=0 type=0 minimal=0.08612 physics=0.6364 total=0.1356
[TRAIN] stage=finetune epoch=2/2 batch=1979/87647 step=380920 repair=0.05228 localization=0 type=0 minimal=0.1007 physics=0.6464 total=0.08561
[TRAIN] stage=finetune epoch=2/2 batch=1989/87647 step=380930 repair=0.06374 localization=0 type=0 minimal=0.09149 physics=0.4254 total=0.08593
[TRAIN] stage=finetune epoch=2/2 batch=1999/87647 step=380940 repair=0.06238 localization=0 type=0 minimal=0.08942 physics=0.673 total=0.09692
[TRAIN] stage=finetune epoch=2/2 batch=2009/87647 step=380950 repair=0.1032 localization=0 type=0 minimal=0.0871 physics=0.7529 total=0.1417
[TRAIN] stage=finetune epoch=2/2 batch=2019/87647 step=380960 repair=0.1207 localization=0 type=0 minimal=0.07343 physics=0.9736 total=0.1701
[TRAIN] stage=finetune epoch=2/2 batch=2029/87647 step=380970 repair=0.05397 localization=0 type=0 minimal=0.0907 physics=0.5326 total=0.08151
[TRAIN] stage=finetune epoch=2/2 batch=2039/87647 step=380980 repair=0.08139 localization=0 type=0 minimal=0.0769 physics=0.6834 total=0.1163
[TRAIN] stage=finetune epoch=2/2 batch=2049/87647 step=380990 repair=0.1335 localization=0 type=0 minimal=0.07385 physics=0.4675 total=0.1576
[TRAIN] stage=finetune epoch=2/2 batch=2059/87647 step=381000 repair=0.06905 localization=0 type=0 minimal=0.08887 physics=0.7643 total=0.1081
[TRAIN] stage=finetune epoch=2/2 batch=2069/87647 step=381010 repair=0.06536 localization=0 type=0 minimal=0.09106 physics=0.7618 total=0.1044
[TRAIN] stage=finetune epoch=2/2 batch=2079/87647 step=381020 repair=0.09858 localization=0 type=0 minimal=0.08533 physics=0.6567 total=0.1323
[TRAIN] stage=finetune epoch=2/2 batch=2089/87647 step=381030 repair=0.09937 localization=0 type=0 minimal=0.08636 physics=0.9324 total=0.1469
[TRAIN] stage=finetune epoch=2/2 batch=2099/87647 step=381040 repair=0.1112 localization=0 type=0 minimal=0.0874 physics=1.031 total=0.1637
[TRAIN] stage=finetune epoch=2/2 batch=2109/87647 step=381050 repair=0.1179 localization=0 type=0 minimal=0.07263 physics=0.5499 total=0.1461
[TRAIN] stage=finetune epoch=2/2 batch=2119/87647 step=381060 repair=0.1676 localization=0 type=0 minimal=0.07306 physics=0.563 total=0.1964
[TRAIN] stage=finetune epoch=2/2 batch=2129/87647 step=381070 repair=0.1159 localization=0 type=0 minimal=0.08374 physics=0.5391 total=0.1437
[TRAIN] stage=finetune epoch=2/2 batch=2139/87647 step=381080 repair=0.16 localization=0 type=0 minimal=0.07263 physics=0.5877 total=0.1901
[TRAIN] stage=finetune epoch=2/2 batch=2149/87647 step=381090 repair=0.09553 localization=0 type=0 minimal=0.08221 physics=0.7325 total=0.133
[TRAIN] stage=finetune epoch=2/2 batch=2159/87647 step=381100 repair=0.1123 localization=0 type=0 minimal=0.08661 physics=0.5062 total=0.1385
[TRAIN] stage=finetune epoch=2/2 batch=2169/87647 step=381110 repair=0.1372 localization=0 type=0 minimal=0.08209 physics=0.5705 total=0.1665
[TRAIN] stage=finetune epoch=2/2 batch=2179/87647 step=381120 repair=0.07802 localization=0 type=0 minimal=0.08276 physics=0.4968 total=0.1037
[TRAIN] stage=finetune epoch=2/2 batch=2189/87647 step=381130 repair=0.1089 localization=0 type=0 minimal=0.08105 physics=0.5617 total=0.1378
[TRAIN] stage=finetune epoch=2/2 batch=2199/87647 step=381140 repair=0.06753 localization=0 type=0 minimal=0.08875 physics=0.5711 total=0.09697
[TRAIN] stage=finetune epoch=2/2 batch=2209/87647 step=381150 repair=0.04723 localization=0 type=0 minimal=0.09717 physics=0.5721 total=0.0768
[TRAIN] stage=finetune epoch=2/2 batch=2219/87647 step=381160 repair=0.06387 localization=0 type=0 minimal=0.09113 physics=0.596 total=0.09458
[TRAIN] stage=finetune epoch=2/2 batch=2229/87647 step=381170 repair=0.1005 localization=0 type=0 minimal=0.08533 physics=0.5307 total=0.1279
[TRAIN] stage=finetune epoch=2/2 batch=2239/87647 step=381180 repair=0.1189 localization=0 type=0 minimal=0.08777 physics=0.6601 total=0.1528
[TRAIN] stage=finetune epoch=2/2 batch=2249/87647 step=381190 repair=0.06627 localization=0 type=0 minimal=0.09167 physics=0.5474 total=0.09456
[TRAIN] stage=finetune epoch=2/2 batch=2259/87647 step=381200 repair=0.09828 localization=0 type=0 minimal=0.0827 physics=0.7945 total=0.1388
[TRAIN] stage=finetune epoch=2/2 batch=2269/87647 step=381210 repair=0.1553 localization=0 type=0 minimal=0.06494 physics=0.2191 total=0.1669
[TRAIN] stage=finetune epoch=2/2 batch=2279/87647 step=381220 repair=0.1248 localization=0 type=0 minimal=0.07062 physics=0.5149 total=0.1512
[TRAIN] stage=finetune epoch=2/2 batch=2289/87647 step=381230 repair=0.1488 localization=0 type=0 minimal=0.07062 physics=0.6854 total=0.1838
[TRAIN] stage=finetune epoch=2/2 batch=2299/87647 step=381240 repair=0.07831 localization=0 type=0 minimal=0.07983 physics=0.5932 total=0.1088
[TRAIN] stage=finetune epoch=2/2 batch=2309/87647 step=381250 repair=0.06454 localization=0 type=0 minimal=0.08667 physics=0.5733 total=0.09408
[TRAIN] stage=finetune epoch=2/2 batch=2319/87647 step=381260 repair=0.1414 localization=0 type=0 minimal=0.07074 physics=0.6942 total=0.1768
[TRAIN] stage=finetune epoch=2/2 batch=2329/87647 step=381270 repair=0.06633 localization=0 type=0 minimal=0.09009 physics=0.519 total=0.09318
[TRAIN] stage=finetune epoch=2/2 batch=2339/87647 step=381280 repair=0.08064 localization=0 type=0 minimal=0.08057 physics=0.5908 total=0.111
[TRAIN] stage=finetune epoch=2/2 batch=2349/87647 step=381290 repair=0.09535 localization=0 type=0 minimal=0.0827 physics=0.6365 total=0.128
[TRAIN] stage=finetune epoch=2/2 batch=2359/87647 step=381300 repair=0.07785 localization=0 type=0 minimal=0.08801 physics=0.7815 total=0.1178
[TRAIN] stage=finetune epoch=2/2 batch=2369/87647 step=381310 repair=0.1652 localization=0 type=0 minimal=0.07764 physics=0.772 total=0.2046
[TRAIN] stage=finetune epoch=2/2 batch=2379/87647 step=381320 repair=0.06591 localization=0 type=0 minimal=0.08899 physics=0.6044 total=0.09703
[TRAIN] stage=finetune epoch=2/2 batch=2389/87647 step=381330 repair=0.1097 localization=0 type=0 minimal=0.09064 physics=0.6304 total=0.1421
[TRAIN] stage=finetune epoch=2/2 batch=2399/87647 step=381340 repair=0.05256 localization=0 type=0 minimal=0.09381 physics=0.5582 total=0.08141
[TRAIN] stage=finetune epoch=2/2 batch=2409/87647 step=381350 repair=0.1118 localization=0 type=0 minimal=0.08636 physics=0.7398 total=0.1497
[TRAIN] stage=finetune epoch=2/2 batch=2419/87647 step=381360 repair=0.06697 localization=0 type=0 minimal=0.09235 physics=0.5718 total=0.09648
[TRAIN] stage=finetune epoch=2/2 batch=2429/87647 step=381370 repair=0.09879 localization=0 type=0 minimal=0.08722 physics=0.7233 total=0.1358
[TRAIN] stage=finetune epoch=2/2 batch=2439/87647 step=381380 repair=0.0696 localization=0 type=0 minimal=0.0885 physics=0.6864 total=0.1048
[TRAIN] stage=finetune epoch=2/2 batch=2449/87647 step=381390 repair=0.1116 localization=0 type=0 minimal=0.07397 physics=0.6268 total=0.1437
[TRAIN] stage=finetune epoch=2/2 batch=2459/87647 step=381400 repair=0.1124 localization=0 type=0 minimal=0.07806 physics=0.5672 total=0.1416
[TRAIN] stage=finetune epoch=2/2 batch=2469/87647 step=381410 repair=0.1049 localization=0 type=0 minimal=0.08832 physics=0.5176 total=0.1317
[TRAIN] stage=finetune epoch=2/2 batch=2479/87647 step=381420 repair=0.1048 localization=0 type=0 minimal=0.09241 physics=0.6537 total=0.1384
[TRAIN] stage=finetune epoch=2/2 batch=2489/87647 step=381430 repair=0.0516 localization=0 type=0 minimal=0.1025 physics=0.4437 total=0.07481
[TRAIN] stage=finetune epoch=2/2 batch=2499/87647 step=381440 repair=0.06873 localization=0 type=0 minimal=0.09412 physics=0.5622 total=0.09778
[TRAIN] stage=finetune epoch=2/2 batch=2509/87647 step=381450 repair=0.1241 localization=0 type=0 minimal=0.07245 physics=0.5843 total=0.154
[TRAIN] stage=finetune epoch=2/2 batch=2519/87647 step=381460 repair=0.1643 localization=0 type=0 minimal=0.06891 physics=0.6308 total=0.1966
[TRAIN] stage=finetune epoch=2/2 batch=2529/87647 step=381470 repair=0.1208 localization=0 type=0 minimal=0.07416 physics=0.6192 total=0.1525
[TRAIN] stage=finetune epoch=2/2 batch=2539/87647 step=381480 repair=0.07935 localization=0 type=0 minimal=0.07574 physics=0.5896 total=0.1096
[TRAIN] stage=finetune epoch=2/2 batch=2549/87647 step=381490 repair=0.1592 localization=0 type=0 minimal=0.07239 physics=0.7271 total=0.1963
[TRAIN] stage=finetune epoch=2/2 batch=2559/87647 step=381500 repair=0.1122 localization=0 type=0 minimal=0.08466 physics=0.6025 total=0.1432
[TRAIN] stage=finetune epoch=2/2 batch=2569/87647 step=381510 repair=0.1057 localization=0 type=0 minimal=0.0835 physics=0.5453 total=0.1338
[TRAIN] stage=finetune epoch=2/2 batch=2579/87647 step=381520 repair=0.1186 localization=0 type=0 minimal=0.08478 physics=1.115 total=0.1751
[TRAIN] stage=finetune epoch=2/2 batch=2589/87647 step=381530 repair=0.0657 localization=0 type=0 minimal=0.07452 physics=0.2889 total=0.08089
[TRAIN] stage=finetune epoch=2/2 batch=2599/87647 step=381540 repair=0.1034 localization=0 type=0 minimal=0.07562 physics=0.2573 total=0.117
[TRAIN] stage=finetune epoch=2/2 batch=2609/87647 step=381550 repair=0.04855 localization=0 type=0 minimal=0.09674 physics=0.5135 total=0.07519
[TRAIN] stage=finetune epoch=2/2 batch=2619/87647 step=381560 repair=0.1168 localization=0 type=0 minimal=0.07416 physics=0.9569 total=0.1654
[TRAIN] stage=finetune epoch=2/2 batch=2629/87647 step=381570 repair=0.06746 localization=0 type=0 minimal=0.0849 physics=0.5432 total=0.09547
[TRAIN] stage=finetune epoch=2/2 batch=2639/87647 step=381580 repair=0.05204 localization=0 type=0 minimal=0.09528 physics=0.6046 total=0.08323
[TRAIN] stage=finetune epoch=2/2 batch=2649/87647 step=381590 repair=0.1625 localization=0 type=0 minimal=0.06653 physics=0.5753 total=0.1919
[TRAIN] stage=finetune epoch=2/2 batch=2659/87647 step=381600 repair=0.1414 localization=0 type=0 minimal=0.06329 physics=0.6878 total=0.1764
[TRAIN] stage=finetune epoch=2/2 batch=2669/87647 step=381610 repair=0.1389 localization=0 type=0 minimal=0.06714 physics=0.6225 total=0.1707
[TRAIN] stage=finetune epoch=2/2 batch=2679/87647 step=381620 repair=0.1631 localization=0 type=0 minimal=0.06567 physics=0.6471 total=0.1961
[TRAIN] stage=finetune epoch=2/2 batch=2689/87647 step=381630 repair=0.1141 localization=0 type=0 minimal=0.07288 physics=0.5274 total=0.1412
[TRAIN] stage=finetune epoch=2/2 batch=2699/87647 step=381640 repair=0.1067 localization=0 type=0 minimal=0.07013 physics=0.3886 total=0.1269
[TRAIN] stage=finetune epoch=2/2 batch=2709/87647 step=381650 repair=0.1021 localization=0 type=0 minimal=0.0777 physics=0.8316 total=0.1445
[TRAIN] stage=finetune epoch=2/2 batch=2719/87647 step=381660 repair=0.1528 localization=0 type=0 minimal=0.0636 physics=0.5522 total=0.1811
[TRAIN] stage=finetune epoch=2/2 batch=2729/87647 step=381670 repair=0.06583 localization=0 type=0 minimal=0.07965 physics=0.558 total=0.09453
[TRAIN] stage=finetune epoch=2/2 batch=2739/87647 step=381680 repair=0.1518 localization=0 type=0 minimal=0.06213 physics=0.4336 total=0.1741
[TRAIN] stage=finetune epoch=2/2 batch=2749/87647 step=381690 repair=0.07697 localization=0 type=0 minimal=0.06873 physics=0.407 total=0.098
[TRAIN] stage=finetune epoch=2/2 batch=2759/87647 step=381700 repair=0.07908 localization=0 type=0 minimal=0.06616 physics=0.3885 total=0.09917
[TRAIN] stage=finetune epoch=2/2 batch=2769/87647 step=381710 repair=0.1387 localization=0 type=0 minimal=0.06256 physics=0.4891 total=0.1638
[TRAIN] stage=finetune epoch=2/2 batch=2779/87647 step=381720 repair=0.151 localization=0 type=0 minimal=0.05972 physics=0.4448 total=0.1738
[TRAIN] stage=finetune epoch=2/2 batch=2789/87647 step=381730 repair=0.07421 localization=0 type=0 minimal=0.07678 physics=0.5692 total=0.1034
[TRAIN] stage=finetune epoch=2/2 batch=2799/87647 step=381740 repair=0.1126 localization=0 type=0 minimal=0.0683 physics=0.4969 total=0.1382
[TRAIN] stage=finetune epoch=2/2 batch=2809/87647 step=381750 repair=0.06155 localization=0 type=0 minimal=0.08832 physics=0.5249 total=0.08868
[TRAIN] stage=finetune epoch=2/2 batch=2819/87647 step=381760 repair=0.04692 localization=0 type=0 minimal=0.09003 physics=0.5583 total=0.07573
[TRAIN] stage=finetune epoch=2/2 batch=2829/87647 step=381770 repair=0.1023 localization=0 type=0 minimal=0.07538 physics=0.7185 total=0.139
[TRAIN] stage=finetune epoch=2/2 batch=2839/87647 step=381780 repair=0.1178 localization=0 type=0 minimal=0.06494 physics=0.2268 total=0.1297
[TRAIN] stage=finetune epoch=2/2 batch=2849/87647 step=381790 repair=0.1294 localization=0 type=0 minimal=0.06293 physics=0.3754 total=0.1488
[TRAIN] stage=finetune epoch=2/2 batch=2859/87647 step=381800 repair=0.1124 localization=0 type=0 minimal=0.07275 physics=0.5109 total=0.1387
[TRAIN] stage=finetune epoch=2/2 batch=2869/87647 step=381810 repair=0.09803 localization=0 type=0 minimal=0.07916 physics=0.4552 total=0.1216
[TRAIN] stage=finetune epoch=2/2 batch=2879/87647 step=381820 repair=0.09337 localization=0 type=0 minimal=0.08453 physics=0.6449 total=0.1265
[TRAIN] stage=finetune epoch=2/2 batch=2889/87647 step=381830 repair=0.07486 localization=0 type=0 minimal=0.09509 physics=0.5547 total=0.1035
[TRAIN] stage=finetune epoch=2/2 batch=2899/87647 step=381840 repair=0.0645 localization=0 type=0 minimal=0.08362 physics=0.4973 total=0.09019
[TRAIN] stage=finetune epoch=2/2 batch=2909/87647 step=381850 repair=0.05061 localization=0 type=0 minimal=0.09662 physics=0.476 total=0.07537
[TRAIN] stage=finetune epoch=2/2 batch=2919/87647 step=381860 repair=0.0895 localization=0 type=0 minimal=0.08014 physics=0.5401 total=0.1173
[TRAIN] stage=finetune epoch=2/2 batch=2929/87647 step=381870 repair=0.06095 localization=0 type=0 minimal=0.09033 physics=0.4744 total=0.08557
[TRAIN] stage=finetune epoch=2/2 batch=2939/87647 step=381880 repair=0.133 localization=0 type=0 minimal=0.07507 physics=0.5121 total=0.1594
[TRAIN] stage=finetune epoch=2/2 batch=2949/87647 step=381890 repair=0.1155 localization=0 type=0 minimal=0.0708 physics=0.399 total=0.1362
[TRAIN] stage=finetune epoch=2/2 batch=2959/87647 step=381900 repair=0.1123 localization=0 type=0 minimal=0.06824 physics=0.3945 total=0.1327
[TRAIN] stage=finetune epoch=2/2 batch=2969/87647 step=381910 repair=0.06944 localization=0 type=0 minimal=0.08789 physics=0.5463 total=0.09764
[TRAIN] stage=finetune epoch=2/2 batch=2979/87647 step=381920 repair=0.04837 localization=0 type=0 minimal=0.09802 physics=0.3179 total=0.06524
[TRAIN] stage=finetune epoch=2/2 batch=2989/87647 step=381930 repair=0.08139 localization=0 type=0 minimal=0.08484 physics=0.496 total=0.107
[TRAIN] stage=finetune epoch=2/2 batch=2999/87647 step=381940 repair=0.08939 localization=0 type=0 minimal=0.07703 physics=0.4968 total=0.115
[TRAIN] stage=finetune epoch=2/2 batch=3009/87647 step=381950 repair=0.06363 localization=0 type=0 minimal=0.0885 physics=0.4002 total=0.08453
[TRAIN] stage=finetune epoch=2/2 batch=3019/87647 step=381960 repair=0.1016 localization=0 type=0 minimal=0.0719 physics=0.4718 total=0.1259
[TRAIN] stage=finetune epoch=2/2 batch=3029/87647 step=381970 repair=0.09923 localization=0 type=0 minimal=0.08026 physics=0.503 total=0.1252
[TRAIN] stage=finetune epoch=2/2 batch=3039/87647 step=381980 repair=0.08273 localization=0 type=0 minimal=0.07709 physics=0.6047 total=0.1137
[TRAIN] stage=finetune epoch=2/2 batch=3049/87647 step=381990 repair=0.1879 localization=0 type=0 minimal=0.06464 physics=0.6635 total=0.2218
[TRAIN] stage=finetune epoch=2/2 batch=3059/87647 step=382000 repair=0.1206 localization=0 type=0 minimal=0.06586 physics=0.6173 total=0.1521
[TRAIN] stage=finetune epoch=2/2 batch=3069/87647 step=382010 repair=0.1142 localization=0 type=0 minimal=0.07452 physics=0.582 total=0.144
[TRAIN] stage=finetune epoch=2/2 batch=3079/87647 step=382020 repair=0.06499 localization=0 type=0 minimal=0.09265 physics=0.6203 total=0.09694
[TRAIN] stage=finetune epoch=2/2 batch=3089/87647 step=382030 repair=0.0949 localization=0 type=0 minimal=0.07941 physics=0.5087 total=0.1211
[TRAIN] stage=finetune epoch=2/2 batch=3099/87647 step=382040 repair=0.1178 localization=0 type=0 minimal=0.07697 physics=0.7126 total=0.1542
[TRAIN] stage=finetune epoch=2/2 batch=3109/87647 step=382050 repair=0.07841 localization=0 type=0 minimal=0.07031 physics=0.5977 total=0.109
[TRAIN] stage=finetune epoch=2/2 batch=3119/87647 step=382060 repair=0.05189 localization=0 type=0 minimal=0.1025 physics=0.5578 total=0.0808
[TRAIN] stage=finetune epoch=2/2 batch=3129/87647 step=382070 repair=0.06867 localization=0 type=0 minimal=0.09143 physics=0.5623 total=0.0977
[TRAIN] stage=finetune epoch=2/2 batch=3139/87647 step=382080 repair=0.04815 localization=0 type=0 minimal=0.09845 physics=0.5669 total=0.07748
[TRAIN] stage=finetune epoch=2/2 batch=3149/87647 step=382090 repair=0.08463 localization=0 type=0 minimal=0.08313 physics=0.647 total=0.1178
[TRAIN] stage=finetune epoch=2/2 batch=3159/87647 step=382100 repair=0.09936 localization=0 type=0 minimal=0.08008 physics=0.546 total=0.1275
[TRAIN] stage=finetune epoch=2/2 batch=3169/87647 step=382110 repair=0.1668 localization=0 type=0 minimal=0.06488 physics=0.6437 total=0.1996
[TRAIN] stage=finetune epoch=2/2 batch=3179/87647 step=382120 repair=0.07551 localization=0 type=0 minimal=0.07733 physics=0.4789 total=0.1002
[TRAIN] stage=finetune epoch=2/2 batch=3189/87647 step=382130 repair=0.07041 localization=0 type=0 minimal=0.08643 physics=0.5313 total=0.09784
[TRAIN] stage=finetune epoch=2/2 batch=3199/87647 step=382140 repair=0.06732 localization=0 type=0 minimal=0.0849 physics=0.4882 total=0.09257
[TRAIN] stage=finetune epoch=2/2 batch=3209/87647 step=382150 repair=0.07801 localization=0 type=0 minimal=0.07446 physics=0.56 total=0.1068
[TRAIN] stage=finetune epoch=2/2 batch=3219/87647 step=382160 repair=0.1191 localization=0 type=0 minimal=0.05737 physics=0.8784 total=0.1636
[TRAIN] stage=finetune epoch=2/2 batch=3229/87647 step=382170 repair=0.06897 localization=0 type=0 minimal=0.07245 physics=0.604 total=0.0999
[TRAIN] stage=finetune epoch=2/2 batch=3239/87647 step=382180 repair=0.1229 localization=0 type=0 minimal=0.07404 physics=0.6891 total=0.1581
[TRAIN] stage=finetune epoch=2/2 batch=3249/87647 step=382190 repair=0.113 localization=0 type=0 minimal=0.07593 physics=0.6629 total=0.1469
[TRAIN] stage=finetune epoch=2/2 batch=3259/87647 step=382200 repair=0.1642 localization=0 type=0 minimal=0.07037 physics=0.6263 total=0.1962
[TRAIN] stage=finetune epoch=2/2 batch=3269/87647 step=382210 repair=0.1004 localization=0 type=0 minimal=0.08527 physics=0.4985 total=0.1262
[TRAIN] stage=finetune epoch=2/2 batch=3279/87647 step=382220 repair=0.06771 localization=0 type=0 minimal=0.09161 physics=0.5282 total=0.09504
[TRAIN] stage=finetune epoch=2/2 batch=3289/87647 step=382230 repair=0.1619 localization=0 type=0 minimal=0.06995 physics=0.5455 total=0.1899
[TRAIN] stage=finetune epoch=2/2 batch=3299/87647 step=382240 repair=0.1068 localization=0 type=0 minimal=0.08411 physics=0.6451 total=0.1399
[TRAIN] stage=finetune epoch=2/2 batch=3309/87647 step=382250 repair=0.09543 localization=0 type=0 minimal=0.08057 physics=0.6261 total=0.1275
[TRAIN] stage=finetune epoch=2/2 batch=3319/87647 step=382260 repair=0.1 localization=0 type=0 minimal=0.08264 physics=0.6736 total=0.1345
[TRAIN] stage=finetune epoch=2/2 batch=3329/87647 step=382270 repair=0.08824 localization=0 type=0 minimal=0.06995 physics=0.664 total=0.1221
[TRAIN] stage=finetune epoch=2/2 batch=3339/87647 step=382280 repair=0.1194 localization=0 type=0 minimal=0.06635 physics=0.6614 total=0.1531
[TRAIN] stage=finetune epoch=2/2 batch=3349/87647 step=382290 repair=0.1209 localization=0 type=0 minimal=0.06384 physics=0.5078 total=0.1469
[TRAIN] stage=finetune epoch=2/2 batch=3359/87647 step=382300 repair=0.07822 localization=0 type=0 minimal=0.07495 physics=0.486 total=0.1033
[TRAIN] stage=finetune epoch=2/2 batch=3369/87647 step=382310 repair=0.1115 localization=0 type=0 minimal=0.0733 physics=0.5643 total=0.1404
[TRAIN] stage=finetune epoch=2/2 batch=3379/87647 step=382320 repair=0.04553 localization=0 type=0 minimal=0.1039 physics=0.3996 total=0.06655
[TRAIN] stage=finetune epoch=2/2 batch=3389/87647 step=382330 repair=0.06578 localization=0 type=0 minimal=0.09326 physics=0.4526 total=0.08934
[TRAIN] stage=finetune epoch=2/2 batch=3399/87647 step=382340 repair=0.1112 localization=0 type=0 minimal=0.08002 physics=0.4965 total=0.1368
[TRAIN] stage=finetune epoch=2/2 batch=3409/87647 step=382350 repair=0.1245 localization=0 type=0 minimal=0.07837 physics=0.7066 total=0.1606
[TRAIN] stage=finetune epoch=2/2 batch=3419/87647 step=382360 repair=0.1019 localization=0 type=0 minimal=0.08716 physics=0.5476 total=0.1301
[TRAIN] stage=finetune epoch=2/2 batch=3429/87647 step=382370 repair=0.07706 localization=0 type=0 minimal=0.0838 physics=0.4609 total=0.1009
[TRAIN] stage=finetune epoch=2/2 batch=3439/87647 step=382380 repair=0.1016 localization=0 type=0 minimal=0.08923 physics=0.5059 total=0.1278
[TRAIN] stage=finetune epoch=2/2 batch=3449/87647 step=382390 repair=0.1038 localization=0 type=0 minimal=0.08728 physics=0.4657 total=0.128
[TRAIN] stage=finetune epoch=2/2 batch=3459/87647 step=382400 repair=0.107 localization=0 type=0 minimal=0.07678 physics=0.4675 total=0.1311
[TRAIN] stage=finetune epoch=2/2 batch=3469/87647 step=382410 repair=0.06221 localization=0 type=0 minimal=0.08862 physics=0.5334 total=0.08977
[TRAIN] stage=finetune epoch=2/2 batch=3479/87647 step=382420 repair=0.08614 localization=0 type=0 minimal=0.07074 physics=0.2652 total=0.1001
[TRAIN] stage=finetune epoch=2/2 batch=3489/87647 step=382430 repair=0.07047 localization=0 type=0 minimal=0.08008 physics=0.4352 total=0.09303
[TRAIN] stage=finetune epoch=2/2 batch=3499/87647 step=382440 repair=0.1151 localization=0 type=0 minimal=0.06812 physics=0.8369 total=0.1576
[TRAIN] stage=finetune epoch=2/2 batch=3509/87647 step=382450 repair=0.102 localization=0 type=0 minimal=0.07153 physics=0.4598 total=0.1258
[TRAIN] stage=finetune epoch=2/2 batch=3519/87647 step=382460 repair=0.154 localization=0 type=0 minimal=0.07068 physics=0.5493 total=0.1822
[TRAIN] stage=finetune epoch=2/2 batch=3529/87647 step=382470 repair=0.1151 localization=0 type=0 minimal=0.07324 physics=0.6022 total=0.146
[TRAIN] stage=finetune epoch=2/2 batch=3539/87647 step=382480 repair=0.06681 localization=0 type=0 minimal=0.08533 physics=0.7518 total=0.1053
[TRAIN] stage=finetune epoch=2/2 batch=3549/87647 step=382490 repair=0.0978 localization=0 type=0 minimal=0.07709 physics=0.7298 total=0.1351
[TRAIN] stage=finetune epoch=2/2 batch=3559/87647 step=382500 repair=0.05409 localization=0 type=0 minimal=0.08954 physics=0.431 total=0.07654
[TRAIN] stage=finetune epoch=2/2 batch=3569/87647 step=382510 repair=0.09603 localization=0 type=0 minimal=0.08148 physics=0.5598 total=0.1248
[TRAIN] stage=finetune epoch=2/2 batch=3579/87647 step=382520 repair=0.06605 localization=0 type=0 minimal=0.08533 physics=0.4932 total=0.09156
[TRAIN] stage=finetune epoch=2/2 batch=3589/87647 step=382530 repair=0.08085 localization=0 type=0 minimal=0.08063 physics=0.4485 total=0.1041
[TRAIN] stage=finetune epoch=2/2 batch=3599/87647 step=382540 repair=0.1055 localization=0 type=0 minimal=0.08606 physics=0.5705 total=0.1349
[TRAIN] stage=finetune epoch=2/2 batch=3609/87647 step=382550 repair=0.09795 localization=0 type=0 minimal=0.0874 physics=0.5773 total=0.1277
[TRAIN] stage=finetune epoch=2/2 batch=3619/87647 step=382560 repair=0.06616 localization=0 type=0 minimal=0.09265 physics=0.5796 total=0.09606
[TRAIN] stage=finetune epoch=2/2 batch=3629/87647 step=382570 repair=0.0648 localization=0 type=0 minimal=0.09326 physics=0.5762 total=0.09454
[TRAIN] stage=finetune epoch=2/2 batch=3639/87647 step=382580 repair=0.05606 localization=0 type=0 minimal=0.1011 physics=0.5416 total=0.08415
[TRAIN] stage=finetune epoch=2/2 batch=3649/87647 step=382590 repair=0.1278 localization=0 type=0 minimal=0.07483 physics=0.6119 total=0.1591
[TRAIN] stage=finetune epoch=2/2 batch=3659/87647 step=382600 repair=0.1048 localization=0 type=0 minimal=0.08533 physics=0.5426 total=0.1328
[TRAIN] stage=finetune epoch=2/2 batch=3669/87647 step=382610 repair=0.1141 localization=0 type=0 minimal=0.08844 physics=0.559 total=0.1429
[TRAIN] stage=finetune epoch=2/2 batch=3679/87647 step=382620 repair=0.07775 localization=0 type=0 minimal=0.08038 physics=0.6079 total=0.1089
[TRAIN] stage=finetune epoch=2/2 batch=3689/87647 step=382630 repair=0.06472 localization=0 type=0 minimal=0.09204 physics=0.6422 total=0.09775
[TRAIN] stage=finetune epoch=2/2 batch=3699/87647 step=382640 repair=0.06677 localization=0 type=0 minimal=0.09302 physics=0.611 total=0.09825
[TRAIN] stage=finetune epoch=2/2 batch=3709/87647 step=382650 repair=0.1604 localization=0 type=0 minimal=0.07147 physics=0.5841 total=0.1903
[TRAIN] stage=finetune epoch=2/2 batch=3719/87647 step=382660 repair=0.0653 localization=0 type=0 minimal=0.09198 physics=0.5951 total=0.09597
[TRAIN] stage=finetune epoch=2/2 batch=3729/87647 step=382670 repair=0.07196 localization=0 type=0 minimal=0.08966 physics=0.6194 total=0.1038
[TRAIN] stage=finetune epoch=2/2 batch=3739/87647 step=382680 repair=0.1174 localization=0 type=0 minimal=0.07294 physics=0.5641 total=0.1464
[TRAIN] stage=finetune epoch=2/2 batch=3749/87647 step=382690 repair=0.08653 localization=0 type=0 minimal=0.08069 physics=0.6359 total=0.1191
[TRAIN] stage=finetune epoch=2/2 batch=3759/87647 step=382700 repair=0.08366 localization=0 type=0 minimal=0.07983 physics=0.6612 total=0.1175
[TRAIN] stage=finetune epoch=2/2 batch=3769/87647 step=382710 repair=0.1143 localization=0 type=0 minimal=0.06714 physics=0.6322 total=0.1466
[TRAIN] stage=finetune epoch=2/2 batch=3779/87647 step=382720 repair=0.101 localization=0 type=0 minimal=0.08209 physics=0.448 total=0.1242
[TRAIN] stage=finetune epoch=2/2 batch=3789/87647 step=382730 repair=0.06556 localization=0 type=0 minimal=0.08954 physics=0.6103 total=0.09697
[TRAIN] stage=finetune epoch=2/2 batch=3799/87647 step=382740 repair=0.08589 localization=0 type=0 minimal=0.07324 physics=0.6831 total=0.1208
[TRAIN] stage=finetune epoch=2/2 batch=3809/87647 step=382750 repair=0.06275 localization=0 type=0 minimal=0.08765 physics=0.5399 total=0.09062
[TRAIN] stage=finetune epoch=2/2 batch=3819/87647 step=382760 repair=0.1737 localization=0 type=0 minimal=0.06525 physics=0.6036 total=0.2046
[TRAIN] stage=finetune epoch=2/2 batch=3829/87647 step=382770 repair=0.05271 localization=0 type=0 minimal=0.1022 physics=0.4234 total=0.0749
[TRAIN] stage=finetune epoch=2/2 batch=3839/87647 step=382780 repair=0.06458 localization=0 type=0 minimal=0.09204 physics=0.5734 total=0.09417
[TRAIN] stage=finetune epoch=2/2 batch=3849/87647 step=382790 repair=0.04585 localization=0 type=0 minimal=0.1008 physics=0.5072 total=0.07222
[TRAIN] stage=finetune epoch=2/2 batch=3859/87647 step=382800 repair=0.1174 localization=0 type=0 minimal=0.07513 physics=0.6529 total=0.1508
[TRAIN] stage=finetune epoch=2/2 batch=3869/87647 step=382810 repair=0.09512 localization=0 type=0 minimal=0.07959 physics=0.5558 total=0.1237
[TRAIN] stage=finetune epoch=2/2 batch=3879/87647 step=382820 repair=0.1633 localization=0 type=0 minimal=0.06616 physics=0.7959 total=0.2037
[TRAIN] stage=finetune epoch=2/2 batch=3889/87647 step=382830 repair=0.1006 localization=0 type=0 minimal=0.0835 physics=0.6125 total=0.1321
[TRAIN] stage=finetune epoch=2/2 batch=3899/87647 step=382840 repair=0.1064 localization=0 type=0 minimal=0.08722 physics=0.5147 total=0.133
[TRAIN] stage=finetune epoch=2/2 batch=3909/87647 step=382850 repair=0.07515 localization=0 type=0 minimal=0.07581 physics=0.5344 total=0.1026
[TRAIN] stage=finetune epoch=2/2 batch=3919/87647 step=382860 repair=0.1033 localization=0 type=0 minimal=0.08826 physics=0.6641 total=0.1374
[TRAIN] stage=finetune epoch=2/2 batch=3929/87647 step=382870 repair=0.06449 localization=0 type=0 minimal=0.08344 physics=0.5732 total=0.09398
[TRAIN] stage=finetune epoch=2/2 batch=3939/87647 step=382880 repair=0.1145 localization=0 type=0 minimal=0.09027 physics=0.5742 total=0.1441
[TRAIN] stage=finetune epoch=2/2 batch=3949/87647 step=382890 repair=0.1254 localization=0 type=0 minimal=0.07684 physics=0.5634 total=0.1543
[TRAIN] stage=finetune epoch=2/2 batch=3959/87647 step=382900 repair=0.1047 localization=0 type=0 minimal=0.0733 physics=0.5854 total=0.1347
[TRAIN] stage=finetune epoch=2/2 batch=3969/87647 step=382910 repair=0.1226 localization=0 type=0 minimal=0.07336 physics=0.6319 total=0.155
[TRAIN] stage=finetune epoch=2/2 batch=3979/87647 step=382920 repair=0.1637 localization=0 type=0 minimal=0.06763 physics=0.6159 total=0.1952
[TRAIN] stage=finetune epoch=2/2 batch=3989/87647 step=382930 repair=0.1237 localization=0 type=0 minimal=0.08618 physics=0.5468 total=0.1519
[TRAIN] stage=finetune epoch=2/2 batch=3999/87647 step=382940 repair=0.04751 localization=0 type=0 minimal=0.09796 physics=0.4823 total=0.0726
[PROBE] stopping epoch after 4000 batches
[EPOCH] {'stage': 'finetune', 'epoch': 1, 'global_step': 382941, 'train_total': 0.18476885998249054, 'val_repair_mse': 0.10747511545196176, 'elapsed_seconds': 630.28}
[TRAIN COMPLETE] {
  "run_id": "train_climax_conservefm_full_fix2probe_s42",
  "status": "completed",
  "method": "conservefm_full",
  "backbone": "climax",
  "seed": 42,
  "forecast_provider": "zarr_frozen_fm",
  "best_val_repair_mse": 0.09926396026276052,
  "global_step": 382941,
  "elapsed_seconds": 630.35,
  "checkpoint_best": "/home/tahiti/ConserveFM/runs/train_climax_conservefm_full_fix2probe_s42/checkpoint_best.pt",
  "checkpoint_last": "/home/tahiti/ConserveFM/runs/train_climax_conservefm_full_fix2probe_s42/checkpoint_last.pt"
}
[SETUP] device=cuda
[SETUP] run_id=train_climax_conservefm_full_fix2probe_s42 method=conservefm_full backbone=climax
[FORECAST] using frozen forecast cache: /home/tahiti/ConserveFM/forecasts/climax.zarr
[RESUME] loading /home/tahiti/ConserveFM/runs/train_climax_conservefm_full_fix2probe_s42/checkpoint_last.pt
[RESUME] format=v2 stage=finetune epoch=1 next_batch=4000 global_step=382941
[STAGE] finetune epochs=2 start_epoch=1
[RESUME] stage=finetune epoch=2/2 continuing directly at batch=4001/87647 (skipping dataset reads for 8,000 already-processed samples)
[TRAIN] stage=finetune epoch=2/2 batch=4009/87647 step=382950 repair=0.06424 localization=0 type=0 minimal=0.091 physics=0.5615 total=0.09322
[TRAIN] stage=finetune epoch=2/2 batch=4019/87647 step=382960 repair=0.1292 localization=0 type=0 minimal=0.073 physics=0.5551 total=0.1577
[TRAIN] stage=finetune epoch=2/2 batch=4029/87647 step=382970 repair=0.0972 localization=0 type=0 minimal=0.08154 physics=0.4848 total=0.1222
[TRAIN] stage=finetune epoch=2/2 batch=4039/87647 step=382980 repair=0.1566 localization=0 type=0 minimal=0.07288 physics=0.5338 total=0.184
[TRAIN] stage=finetune epoch=2/2 batch=4049/87647 step=382990 repair=0.1101 localization=0 type=0 minimal=0.07324 physics=0.5618 total=0.139
[TRAIN] stage=finetune epoch=2/2 batch=4059/87647 step=383000 repair=0.09289 localization=0 type=0 minimal=0.08704 physics=0.5631 total=0.1219
[TRAIN] stage=finetune epoch=2/2 batch=4069/87647 step=383010 repair=0.167 localization=0 type=0 minimal=0.07037 physics=0.5889 total=0.1971
[TRAIN] stage=finetune epoch=2/2 batch=4079/87647 step=383020 repair=0.1159 localization=0 type=0 minimal=0.07593 physics=0.5854 total=0.1459
[TRAIN] stage=finetune epoch=2/2 batch=4089/87647 step=383030 repair=0.07531 localization=0 type=0 minimal=0.07581 physics=0.5304 total=0.1026
[TRAIN] stage=finetune epoch=2/2 batch=4099/87647 step=383040 repair=0.1061 localization=0 type=0 minimal=0.08356 physics=0.5372 total=0.1338
[TRAIN] stage=finetune epoch=2/2 batch=4109/87647 step=383050 repair=0.06556 localization=0 type=0 minimal=0.08795 physics=0.465 total=0.08969
[TRAIN] stage=finetune epoch=2/2 batch=4119/87647 step=383060 repair=0.06827 localization=0 type=0 minimal=0.08649 physics=0.3624 total=0.08725
[TRAIN] stage=finetune epoch=2/2 batch=4129/87647 step=383070 repair=0.04843 localization=0 type=0 minimal=0.09546 physics=0.5175 total=0.07526
[TRAIN] stage=finetune epoch=2/2 batch=4139/87647 step=383080 repair=0.1001 localization=0 type=0 minimal=0.07214 physics=0.3769 total=0.1197
[TRAIN] stage=finetune epoch=2/2 batch=4149/87647 step=383090 repair=0.05465 localization=0 type=0 minimal=0.08069 physics=0.209 total=0.06591
[TRAIN] stage=finetune epoch=2/2 batch=4159/87647 step=383100 repair=0.1222 localization=0 type=0 minimal=0.06409 physics=0.4807 total=0.1469
[TRAIN] stage=finetune epoch=2/2 batch=4169/87647 step=383110 repair=0.1233 localization=0 type=0 minimal=0.06384 physics=0.5294 total=0.1504
[TRAIN] stage=finetune epoch=2/2 batch=4179/87647 step=383120 repair=0.09622 localization=0 type=0 minimal=0.08008 physics=0.6381 total=0.1289
[TRAIN] stage=finetune epoch=2/2 batch=4189/87647 step=383130 repair=0.05286 localization=0 type=0 minimal=0.106 physics=0.5105 total=0.07945
[TRAIN] stage=finetune epoch=2/2 batch=4199/87647 step=383140 repair=0.1077 localization=0 type=0 minimal=0.08368 physics=0.5169 total=0.1344
[TRAIN] stage=finetune epoch=2/2 batch=4209/87647 step=383150 repair=0.1232 localization=0 type=0 minimal=0.0708 physics=0.4278 total=0.1453
[TRAIN] stage=finetune epoch=2/2 batch=4219/87647 step=383160 repair=0.1134 localization=0 type=0 minimal=0.07123 physics=0.5917 total=0.1437
[TRAIN] stage=finetune epoch=2/2 batch=4229/87647 step=383170 repair=0.09337 localization=0 type=0 minimal=0.06708 physics=0.5267 total=0.1204
[TRAIN] stage=finetune epoch=2/2 batch=4239/87647 step=383180 repair=0.1016 localization=0 type=0 minimal=0.08313 physics=0.5001 total=0.1275
[TRAIN] stage=finetune epoch=2/2 batch=4249/87647 step=383190 repair=0.09956 localization=0 type=0 minimal=0.08478 physics=0.5421 total=0.1275
[TRAIN] stage=finetune epoch=2/2 batch=4259/87647 step=383200 repair=0.1133 localization=0 type=0 minimal=0.08038 physics=0.5669 total=0.1425
[TRAIN] stage=finetune epoch=2/2 batch=4269/87647 step=383210 repair=0.04722 localization=0 type=0 minimal=0.09705 physics=0.4947 total=0.07292
[TRAIN] stage=finetune epoch=2/2 batch=4279/87647 step=383220 repair=0.1819 localization=0 type=0 minimal=0.07397 physics=0.5191 total=0.2086
[TRAIN] stage=finetune epoch=2/2 batch=4289/87647 step=383230 repair=0.06543 localization=0 type=0 minimal=0.08795 physics=0.3526 total=0.08394
[TRAIN] stage=finetune epoch=2/2 batch=4299/87647 step=383240 repair=0.07171 localization=0 type=0 minimal=0.08356 physics=0.4291 total=0.09399
[TRAIN] stage=finetune epoch=2/2 batch=4309/87647 step=383250 repair=0.1279 localization=0 type=0 minimal=0.07324 physics=0.4768 total=0.1524
[TRAIN] stage=finetune epoch=2/2 batch=4319/87647 step=383260 repair=0.1046 localization=0 type=0 minimal=0.08783 physics=0.4011 total=0.1256
[TRAIN] stage=finetune epoch=2/2 batch=4329/87647 step=383270 repair=0.1144 localization=0 type=0 minimal=0.08252 physics=0.4796 total=0.1392
[TRAIN] stage=finetune epoch=2/2 batch=4339/87647 step=383280 repair=0.1192 localization=0 type=0 minimal=0.07629 physics=0.767 total=0.1583
[TRAIN] stage=finetune epoch=2/2 batch=4349/87647 step=383290 repair=0.143 localization=0 type=0 minimal=0.05588 physics=0.3705 total=0.1621
[TRAIN] stage=finetune epoch=2/2 batch=4359/87647 step=383300 repair=0.1407 localization=0 type=0 minimal=0.05893 physics=0.7834 total=0.1805
[TRAIN] stage=finetune epoch=2/2 batch=4369/87647 step=383310 repair=0.1337 localization=0 type=0 minimal=0.04889 physics=0.2873 total=0.1486
[TRAIN] stage=finetune epoch=2/2 batch=4379/87647 step=383320 repair=0.1138 localization=0 type=0 minimal=0.05811 physics=0.5112 total=0.1399
[TRAIN] stage=finetune epoch=2/2 batch=4389/87647 step=383330 repair=0.09554 localization=0 type=0 minimal=0.08527 physics=0.452 total=0.119
[TRAIN] stage=finetune epoch=2/2 batch=4399/87647 step=383340 repair=0.1116 localization=0 type=0 minimal=0.08081 physics=0.562 total=0.1405
[TRAIN] stage=finetune epoch=2/2 batch=4409/87647 step=383350 repair=0.1188 localization=0 type=0 minimal=0.06519 physics=0.5378 total=0.1464
[TRAIN] stage=finetune epoch=2/2 batch=4419/87647 step=383360 repair=0.1094 localization=0 type=0 minimal=0.07385 physics=0.4629 total=0.1333
[TRAIN] stage=finetune epoch=2/2 batch=4429/87647 step=383370 repair=0.06298 localization=0 type=0 minimal=0.0874 physics=0.463 total=0.087
[TRAIN] stage=finetune epoch=2/2 batch=4439/87647 step=383380 repair=0.08455 localization=0 type=0 minimal=0.0686 physics=0.3238 total=0.1014
[TRAIN] stage=finetune epoch=2/2 batch=4449/87647 step=383390 repair=0.06543 localization=0 type=0 minimal=0.07599 physics=0.245 total=0.07845
[TRAIN] stage=finetune epoch=2/2 batch=4459/87647 step=383400 repair=0.06918 localization=0 type=0 minimal=0.06616 physics=0.4611 total=0.0929
[TRAIN] stage=finetune epoch=2/2 batch=4469/87647 step=383410 repair=0.08377 localization=0 type=0 minimal=0.06439 physics=0.504 total=0.1096
[TRAIN] stage=finetune epoch=2/2 batch=4479/87647 step=383420 repair=0.04933 localization=0 type=0 minimal=0.09717 physics=0.3119 total=0.06589
[TRAIN] stage=finetune epoch=2/2 batch=4489/87647 step=383430 repair=0.1323 localization=0 type=0 minimal=0.06775 physics=0.5211 total=0.159
[TRAIN] stage=finetune epoch=2/2 batch=4499/87647 step=383440 repair=0.1047 localization=0 type=0 minimal=0.07703 physics=0.5725 total=0.134
[TRAIN] stage=finetune epoch=2/2 batch=4509/87647 step=383450 repair=0.1677 localization=0 type=0 minimal=0.05914 physics=0.5073 total=0.1937
[TRAIN] stage=finetune epoch=2/2 batch=4519/87647 step=383460 repair=0.0701 localization=0 type=0 minimal=0.09381 physics=0.4867 total=0.09537
[TRAIN] stage=finetune epoch=2/2 batch=4529/87647 step=383470 repair=0.1662 localization=0 type=0 minimal=0.05844 physics=0.5022 total=0.1919
[TRAIN] stage=finetune epoch=2/2 batch=4539/87647 step=383480 repair=0.1482 localization=0 type=0 minimal=0.06445 physics=0.4395 total=0.1708
[TRAIN] stage=finetune epoch=2/2 batch=4549/87647 step=383490 repair=0.1593 localization=0 type=0 minimal=0.06085 physics=0.4873 total=0.1843
[TRAIN] stage=finetune epoch=2/2 batch=4559/87647 step=383500 repair=0.08523 localization=0 type=0 minimal=0.06287 physics=0.3209 total=0.1019
[TRAIN] stage=finetune epoch=2/2 batch=4569/87647 step=383510 repair=0.04509 localization=0 type=0 minimal=0.1016 physics=0.4378 total=0.068
[TRAIN] stage=finetune epoch=2/2 batch=4579/87647 step=383520 repair=0.1039 localization=0 type=0 minimal=0.08435 physics=0.5376 total=0.1316
[TRAIN] stage=finetune epoch=2/2 batch=4589/87647 step=383530 repair=0.1283 localization=0 type=0 minimal=0.07373 physics=0.5721 total=0.1577
[TRAIN] stage=finetune epoch=2/2 batch=4599/87647 step=383540 repair=0.1602 localization=0 type=0 minimal=0.06805 physics=0.6309 total=0.1924
[TRAIN] stage=finetune epoch=2/2 batch=4609/87647 step=383550 repair=0.05948 localization=0 type=0 minimal=0.09149 physics=0.4885 total=0.08482
[TRAIN] stage=finetune epoch=2/2 batch=4619/87647 step=383560 repair=0.1052 localization=0 type=0 minimal=0.08289 physics=0.6703 total=0.1395
[TRAIN] stage=finetune epoch=2/2 batch=4629/87647 step=383570 repair=0.1446 localization=0 type=0 minimal=0.06415 physics=0.3844 total=0.1645
[TRAIN] stage=finetune epoch=2/2 batch=4639/87647 step=383580 repair=0.09117 localization=0 type=0 minimal=0.0625 physics=0.2473 total=0.1042
[TRAIN] stage=finetune epoch=2/2 batch=4649/87647 step=383590 repair=0.09044 localization=0 type=0 minimal=0.07489 physics=0.3346 total=0.1079
[TRAIN] stage=finetune epoch=2/2 batch=4659/87647 step=383600 repair=0.1023 localization=0 type=0 minimal=0.07452 physics=0.4396 total=0.125
[TRAIN] stage=finetune epoch=2/2 batch=4669/87647 step=383610 repair=0.06996 localization=0 type=0 minimal=0.08087 physics=0.4739 total=0.09446
[TRAIN] stage=finetune epoch=2/2 batch=4679/87647 step=383620 repair=0.05002 localization=0 type=0 minimal=0.09271 physics=0.484 total=0.07515
[TRAIN] stage=finetune epoch=2/2 batch=4689/87647 step=383630 repair=0.1092 localization=0 type=0 minimal=0.08771 physics=0.5071 total=0.1354
[TRAIN] stage=finetune epoch=2/2 batch=4699/87647 step=383640 repair=0.1185 localization=0 type=0 minimal=0.07416 physics=0.4801 total=0.1432
[TRAIN] stage=finetune epoch=2/2 batch=4709/87647 step=383650 repair=0.1066 localization=0 type=0 minimal=0.08234 physics=0.5847 total=0.1367
[TRAIN] stage=finetune epoch=2/2 batch=4719/87647 step=383660 repair=0.09551 localization=0 type=0 minimal=0.08105 physics=0.42 total=0.1173
[TRAIN] stage=finetune epoch=2/2 batch=4729/87647 step=383670 repair=0.06329 localization=0 type=0 minimal=0.08344 physics=0.656 total=0.09693
[TRAIN] stage=finetune epoch=2/2 batch=4739/87647 step=383680 repair=0.06599 localization=0 type=0 minimal=0.09204 physics=0.5446 total=0.09415
[TRAIN] stage=finetune epoch=2/2 batch=4749/87647 step=383690 repair=0.1216 localization=0 type=0 minimal=0.07086 physics=0.5631 total=0.1505
[TRAIN] stage=finetune epoch=2/2 batch=4759/87647 step=383700 repair=0.04842 localization=0 type=0 minimal=0.09692 physics=0.4741 total=0.0731
[TRAIN] stage=finetune epoch=2/2 batch=4769/87647 step=383710 repair=0.04698 localization=0 type=0 minimal=0.1092 physics=0.5044 total=0.07329
[TRAIN] stage=finetune epoch=2/2 batch=4779/87647 step=383720 repair=0.06463 localization=0 type=0 minimal=0.09491 physics=0.514 total=0.09128
[TRAIN] stage=finetune epoch=2/2 batch=4789/87647 step=383730 repair=0.1325 localization=0 type=0 minimal=0.07703 physics=0.5692 total=0.1618
[TRAIN] stage=finetune epoch=2/2 batch=4799/87647 step=383740 repair=0.1179 localization=0 type=0 minimal=0.07227 physics=0.5243 total=0.1448
[TRAIN] stage=finetune epoch=2/2 batch=4809/87647 step=383750 repair=0.1234 localization=0 type=0 minimal=0.07544 physics=0.4783 total=0.148
[TRAIN] stage=finetune epoch=2/2 batch=4819/87647 step=383760 repair=0.08332 localization=0 type=0 minimal=0.08258 physics=0.4543 total=0.1069
[TRAIN] stage=finetune epoch=2/2 batch=4829/87647 step=383770 repair=0.0651 localization=0 type=0 minimal=0.09937 physics=0.5199 total=0.09209
[TRAIN] stage=finetune epoch=2/2 batch=4839/87647 step=383780 repair=0.06787 localization=0 type=0 minimal=0.09174 physics=0.4938 total=0.09348
[TRAIN] stage=finetune epoch=2/2 batch=4849/87647 step=383790 repair=0.136 localization=0 type=0 minimal=0.08411 physics=0.5125 total=0.1625
[TRAIN] stage=finetune epoch=2/2 batch=4859/87647 step=383800 repair=0.09862 localization=0 type=0 minimal=0.08734 physics=0.5233 total=0.1257
[TRAIN] stage=finetune epoch=2/2 batch=4869/87647 step=383810 repair=0.08933 localization=0 type=0 minimal=0.0741 physics=0.5169 total=0.1159
[TRAIN] stage=finetune epoch=2/2 batch=4879/87647 step=383820 repair=0.1195 localization=0 type=0 minimal=0.0752 physics=0.4621 total=0.1434
[TRAIN] stage=finetune epoch=2/2 batch=4889/87647 step=383830 repair=0.04542 localization=0 type=0 minimal=0.1053 physics=0.4114 total=0.06704
[TRAIN] stage=finetune epoch=2/2 batch=4899/87647 step=383840 repair=0.08605 localization=0 type=0 minimal=0.07452 physics=0.4891 total=0.1112
[TRAIN] stage=finetune epoch=2/2 batch=4909/87647 step=383850 repair=0.0965 localization=0 type=0 minimal=0.08417 physics=0.4871 total=0.1217
[TRAIN] stage=finetune epoch=2/2 batch=4919/87647 step=383860 repair=0.1174 localization=0 type=0 minimal=0.07465 physics=0.4875 total=0.1425
[TRAIN] stage=finetune epoch=2/2 batch=4929/87647 step=383870 repair=0.1043 localization=0 type=0 minimal=0.08777 physics=0.5702 total=0.1337
[TRAIN] stage=finetune epoch=2/2 batch=4939/87647 step=383880 repair=0.1205 localization=0 type=0 minimal=0.07123 physics=0.6419 total=0.1533
[TRAIN] stage=finetune epoch=2/2 batch=4949/87647 step=383890 repair=0.06195 localization=0 type=0 minimal=0.09363 physics=0.5732 total=0.09154
[TRAIN] stage=finetune epoch=2/2 batch=4959/87647 step=383900 repair=0.05898 localization=0 type=0 minimal=0.09491 physics=0.4948 total=0.08467
[TRAIN] stage=finetune epoch=2/2 batch=4969/87647 step=383910 repair=0.1057 localization=0 type=0 minimal=0.08698 physics=0.5685 total=0.135
[TRAIN] stage=finetune epoch=2/2 batch=4979/87647 step=383920 repair=0.09468 localization=0 type=0 minimal=0.08661 physics=0.6509 total=0.1281
[TRAIN] stage=finetune epoch=2/2 batch=4989/87647 step=383930 repair=0.08746 localization=0 type=0 minimal=0.08447 physics=0.5104 total=0.1138
[TRAIN] stage=finetune epoch=2/2 batch=4999/87647 step=383940 repair=0.07016 localization=0 type=0 minimal=0.08978 physics=0.5737 total=0.09975
[TRAIN] stage=finetune epoch=2/2 batch=5009/87647 step=383950 repair=0.0649 localization=0 type=0 minimal=0.08789 physics=0.611 total=0.09633
[TRAIN] stage=finetune epoch=2/2 batch=5019/87647 step=383960 repair=0.09336 localization=0 type=0 minimal=0.09009 physics=0.5159 total=0.1201
[TRAIN] stage=finetune epoch=2/2 batch=5029/87647 step=383970 repair=0.09006 localization=0 type=0 minimal=0.08307 physics=0.5295 total=0.1174
[TRAIN] stage=finetune epoch=2/2 batch=5039/87647 step=383980 repair=0.1011 localization=0 type=0 minimal=0.08746 physics=0.5845 total=0.1312
[TRAIN] stage=finetune epoch=2/2 batch=5049/87647 step=383990 repair=0.08146 localization=0 type=0 minimal=0.07794 physics=0.5245 total=0.1085
[TRAIN] stage=finetune epoch=2/2 batch=5059/87647 step=384000 repair=0.1025 localization=0 type=0 minimal=0.09436 physics=0.4966 total=0.1283
[TRAIN] stage=finetune epoch=2/2 batch=5069/87647 step=384010 repair=0.08904 localization=0 type=0 minimal=0.08569 physics=0.5709 total=0.1184
[TRAIN] stage=finetune epoch=2/2 batch=5079/87647 step=384020 repair=0.1184 localization=0 type=0 minimal=0.06805 physics=0.5378 total=0.146
[TRAIN] stage=finetune epoch=2/2 batch=5089/87647 step=384030 repair=0.1231 localization=0 type=0 minimal=0.07263 physics=0.3181 total=0.1397
[TRAIN] stage=finetune epoch=2/2 batch=5099/87647 step=384040 repair=0.1262 localization=0 type=0 minimal=0.06519 physics=0.4378 total=0.1487
[TRAIN] stage=finetune epoch=2/2 batch=5109/87647 step=384050 repair=0.0683 localization=0 type=0 minimal=0.07269 physics=0.3851 total=0.08829
[TRAIN] stage=finetune epoch=2/2 batch=5119/87647 step=384060 repair=0.104 localization=0 type=0 minimal=0.07526 physics=0.3899 total=0.1243
[TRAIN] stage=finetune epoch=2/2 batch=5129/87647 step=384070 repair=0.1138 localization=0 type=0 minimal=0.08514 physics=0.4245 total=0.1359
[TRAIN] stage=finetune epoch=2/2 batch=5139/87647 step=384080 repair=0.06013 localization=0 type=0 minimal=0.09161 physics=0.476 total=0.08485
[TRAIN] stage=finetune epoch=2/2 batch=5149/87647 step=384090 repair=0.08574 localization=0 type=0 minimal=0.07922 physics=0.4713 total=0.1101
[TRAIN] stage=finetune epoch=2/2 batch=5159/87647 step=384100 repair=0.1341 localization=0 type=0 minimal=0.07739 physics=0.4838 total=0.1591
[TRAIN] stage=finetune epoch=2/2 batch=5169/87647 step=384110 repair=0.1625 localization=0 type=0 minimal=0.07056 physics=0.4444 total=0.1855
[TRAIN] stage=finetune epoch=2/2 batch=5179/87647 step=384120 repair=0.1096 localization=0 type=0 minimal=0.07263 physics=0.4406 total=0.1323
[TRAIN] stage=finetune epoch=2/2 batch=5189/87647 step=384130 repair=0.09275 localization=0 type=0 minimal=0.08002 physics=0.5682 total=0.122
[TRAIN] stage=finetune epoch=2/2 batch=5199/87647 step=384140 repair=0.1179 localization=0 type=0 minimal=0.06415 physics=0.4703 total=0.142
[TRAIN] stage=finetune epoch=2/2 batch=5209/87647 step=384150 repair=0.06958 localization=0 type=0 minimal=0.08386 physics=0.4675 total=0.0938
[TRAIN] stage=finetune epoch=2/2 batch=5219/87647 step=384160 repair=0.1088 localization=0 type=0 minimal=0.07117 physics=0.5546 total=0.1373
[TRAIN] stage=finetune epoch=2/2 batch=5229/87647 step=384170 repair=0.08299 localization=0 type=0 minimal=0.07898 physics=0.5415 total=0.1109
[TRAIN] stage=finetune epoch=2/2 batch=5239/87647 step=384180 repair=0.06699 localization=0 type=0 minimal=0.07703 physics=0.4247 total=0.08899
[TRAIN] stage=finetune epoch=2/2 batch=5249/87647 step=384190 repair=0.1026 localization=0 type=0 minimal=0.08856 physics=0.547 total=0.1309
[TRAIN] stage=finetune epoch=2/2 batch=5259/87647 step=384200 repair=0.0643 localization=0 type=0 minimal=0.09247 physics=0.5157 total=0.09101
[TRAIN] stage=finetune epoch=2/2 batch=5269/87647 step=384210 repair=0.1178 localization=0 type=0 minimal=0.07855 physics=0.5195 total=0.1445
[TRAIN] stage=finetune epoch=2/2 batch=5279/87647 step=384220 repair=0.07296 localization=0 type=0 minimal=0.09076 physics=0.4858 total=0.09816
[TRAIN] stage=finetune epoch=2/2 batch=5289/87647 step=384230 repair=0.146 localization=0 type=0 minimal=0.06451 physics=0.4516 total=0.1692
[TRAIN] stage=finetune epoch=2/2 batch=5299/87647 step=384240 repair=0.1458 localization=0 type=0 minimal=0.06366 physics=0.5369 total=0.1733
[TRAIN] stage=finetune epoch=2/2 batch=5309/87647 step=384250 repair=0.1682 localization=0 type=0 minimal=0.06335 physics=0.307 total=0.1842
[TRAIN] stage=finetune epoch=2/2 batch=5319/87647 step=384260 repair=0.07273 localization=0 type=0 minimal=0.08838 physics=0.4592 total=0.09657
[TRAIN] stage=finetune epoch=2/2 batch=5329/87647 step=384270 repair=0.06484 localization=0 type=0 minimal=0.08899 physics=0.4833 total=0.08989
[TRAIN] stage=finetune epoch=2/2 batch=5339/87647 step=384280 repair=0.06492 localization=0 type=0 minimal=0.09521 physics=0.4405 total=0.0879
[TRAIN] stage=finetune epoch=2/2 batch=5349/87647 step=384290 repair=0.05795 localization=0 type=0 minimal=0.09338 physics=0.4304 total=0.0804
[TRAIN] stage=finetune epoch=2/2 batch=5359/87647 step=384300 repair=0.06873 localization=0 type=0 minimal=0.0885 physics=0.4019 total=0.08971
[TRAIN] stage=finetune epoch=2/2 batch=5369/87647 step=384310 repair=0.06342 localization=0 type=0 minimal=0.08746 physics=0.4711 total=0.08785
[TRAIN] stage=finetune epoch=2/2 batch=5379/87647 step=384320 repair=0.0676 localization=0 type=0 minimal=0.08344 physics=0.3913 total=0.088
[TRAIN] stage=finetune epoch=2/2 batch=5389/87647 step=384330 repair=0.1287 localization=0 type=0 minimal=0.0658 physics=0.447 total=0.1518
[TRAIN] stage=finetune epoch=2/2 batch=5399/87647 step=384340 repair=0.1101 localization=0 type=0 minimal=0.06689 physics=0.5106 total=0.1363
[TRAIN] stage=finetune epoch=2/2 batch=5409/87647 step=384350 repair=0.1641 localization=0 type=0 minimal=0.06628 physics=0.4626 total=0.1879
[TRAIN] stage=finetune epoch=2/2 batch=5419/87647 step=384360 repair=0.04507 localization=0 type=0 minimal=0.1067 physics=0.3797 total=0.06512
[TRAIN] stage=finetune epoch=2/2 batch=5429/87647 step=384370 repair=0.05455 localization=0 type=0 minimal=0.108 physics=0.4746 total=0.07936
[TRAIN] stage=finetune epoch=2/2 batch=5439/87647 step=384380 repair=0.1158 localization=0 type=0 minimal=0.07324 physics=0.39 total=0.136
[TRAIN] stage=finetune epoch=2/2 batch=5449/87647 step=384390 repair=0.1185 localization=0 type=0 minimal=0.0708 physics=0.4978 total=0.1441
[TRAIN] stage=finetune epoch=2/2 batch=5459/87647 step=384400 repair=0.1248 localization=0 type=0 minimal=0.06854 physics=0.4776 total=0.1493
[TRAIN] stage=finetune epoch=2/2 batch=5469/87647 step=384410 repair=0.08849 localization=0 type=0 minimal=0.08234 physics=0.5243 total=0.1155
[TRAIN] stage=finetune epoch=2/2 batch=5479/87647 step=384420 repair=0.06489 localization=0 type=0 minimal=0.08643 physics=0.4617 total=0.08884
[TRAIN] stage=finetune epoch=2/2 batch=5489/87647 step=384430 repair=0.1063 localization=0 type=0 minimal=0.08051 physics=0.4211 total=0.1281
[TRAIN] stage=finetune epoch=2/2 batch=5499/87647 step=384440 repair=0.0913 localization=0 type=0 minimal=0.08282 physics=0.3602 total=0.1101
[TRAIN] stage=finetune epoch=2/2 batch=5509/87647 step=384450 repair=0.116 localization=0 type=0 minimal=0.05994 physics=0.4094 total=0.1371
[TRAIN] stage=finetune epoch=2/2 batch=5519/87647 step=384460 repair=0.1209 localization=0 type=0 minimal=0.06653 physics=0.3912 total=0.1411
[TRAIN] stage=finetune epoch=2/2 batch=5529/87647 step=384470 repair=0.06783 localization=0 type=0 minimal=0.06995 physics=0.4248 total=0.08977
[TRAIN] stage=finetune epoch=2/2 batch=5539/87647 step=384480 repair=0.1574 localization=0 type=0 minimal=0.06055 physics=0.424 total=0.1792
[TRAIN] stage=finetune epoch=2/2 batch=5549/87647 step=384490 repair=0.155 localization=0 type=0 minimal=0.05582 physics=0.4209 total=0.1766
[TRAIN] stage=finetune epoch=2/2 batch=5559/87647 step=384500 repair=0.1019 localization=0 type=0 minimal=0.06854 physics=0.4538 total=0.1253
[TRAIN] stage=finetune epoch=2/2 batch=5569/87647 step=384510 repair=0.1626 localization=0 type=0 minimal=0.06885 physics=0.5482 total=0.1907
[TRAIN] stage=finetune epoch=2/2 batch=5579/87647 step=384520 repair=0.08257 localization=0 type=0 minimal=0.07202 physics=0.58 total=0.1123
[TRAIN] stage=finetune epoch=2/2 batch=5589/87647 step=384530 repair=0.1571 localization=0 type=0 minimal=0.06885 physics=0.6179 total=0.1887
[TRAIN] stage=finetune epoch=2/2 batch=5599/87647 step=384540 repair=0.1125 localization=0 type=0 minimal=0.07452 physics=0.7243 total=0.1495
[TRAIN] stage=finetune epoch=2/2 batch=5609/87647 step=384550 repair=0.05098 localization=0 type=0 minimal=0.09662 physics=0.4175 total=0.07282
[TRAIN] stage=finetune epoch=2/2 batch=5619/87647 step=384560 repair=0.1346 localization=0 type=0 minimal=0.05429 physics=0.5393 total=0.1622
[TRAIN] stage=finetune epoch=2/2 batch=5629/87647 step=384570 repair=0.06476 localization=0 type=0 minimal=0.08081 physics=0.4109 total=0.08612
[TRAIN] stage=finetune epoch=2/2 batch=5639/87647 step=384580 repair=0.09919 localization=0 type=0 minimal=0.08038 physics=0.3524 total=0.1176
[TRAIN] stage=finetune epoch=2/2 batch=5649/87647 step=384590 repair=0.09644 localization=0 type=0 minimal=0.07751 physics=0.5883 total=0.1266
[TRAIN] stage=finetune epoch=2/2 batch=5659/87647 step=384600 repair=0.1016 localization=0 type=0 minimal=0.07471 physics=0.7273 total=0.1387
[TRAIN] stage=finetune epoch=2/2 batch=5669/87647 step=384610 repair=0.06045 localization=0 type=0 minimal=0.08069 physics=0.4884 total=0.08568
[TRAIN] stage=finetune epoch=2/2 batch=5679/87647 step=384620 repair=0.1169 localization=0 type=0 minimal=0.06824 physics=0.6463 total=0.1499
[TRAIN] stage=finetune epoch=2/2 batch=5689/87647 step=384630 repair=0.104 localization=0 type=0 minimal=0.08026 physics=0.4457 total=0.1271
[TRAIN] stage=finetune epoch=2/2 batch=5699/87647 step=384640 repair=0.04603 localization=0 type=0 minimal=0.1011 physics=0.3479 total=0.06443
[TRAIN] stage=finetune epoch=2/2 batch=5709/87647 step=384650 repair=0.1045 localization=0 type=0 minimal=0.08551 physics=0.3493 total=0.1228
[TRAIN] stage=finetune epoch=2/2 batch=5719/87647 step=384660 repair=0.1143 localization=0 type=0 minimal=0.07129 physics=0.498 total=0.1399
[TRAIN] stage=finetune epoch=2/2 batch=5729/87647 step=384670 repair=0.07473 localization=0 type=0 minimal=0.08801 physics=0.4568 total=0.09844
[TRAIN] stage=finetune epoch=2/2 batch=5739/87647 step=384680 repair=0.1632 localization=0 type=0 minimal=0.07452 physics=0.5015 total=0.1891
[TRAIN] stage=finetune epoch=2/2 batch=5749/87647 step=384690 repair=0.1535 localization=0 type=0 minimal=0.07355 physics=0.4747 total=0.178
[TRAIN] stage=finetune epoch=2/2 batch=5759/87647 step=384700 repair=0.09215 localization=0 type=0 minimal=0.08368 physics=0.3844 total=0.1122
[TRAIN] stage=finetune epoch=2/2 batch=5769/87647 step=384710 repair=0.06558 localization=0 type=0 minimal=0.09344 physics=0.3571 total=0.08437
[TRAIN] stage=finetune epoch=2/2 batch=5779/87647 step=384720 repair=0.09994 localization=0 type=0 minimal=0.08319 physics=0.4172 total=0.1216
[TRAIN] stage=finetune epoch=2/2 batch=5789/87647 step=384730 repair=0.1031 localization=0 type=0 minimal=0.08551 physics=0.4854 total=0.1283
[TRAIN] stage=finetune epoch=2/2 batch=5799/87647 step=384740 repair=0.06707 localization=0 type=0 minimal=0.09247 physics=0.4638 total=0.09118
[TRAIN] stage=finetune epoch=2/2 batch=5809/87647 step=384750 repair=0.1233 localization=0 type=0 minimal=0.07184 physics=0.4405 total=0.1461
[TRAIN] stage=finetune epoch=2/2 batch=5819/87647 step=384760 repair=0.1281 localization=0 type=0 minimal=0.06689 physics=0.3584 total=0.1467
[TRAIN] stage=finetune epoch=2/2 batch=5829/87647 step=384770 repair=0.0771 localization=0 type=0 minimal=0.06866 physics=0.3422 total=0.0949
[TRAIN] stage=finetune epoch=2/2 batch=5839/87647 step=384780 repair=0.117 localization=0 type=0 minimal=0.07379 physics=0.5857 total=0.147
[TRAIN] stage=finetune epoch=2/2 batch=5849/87647 step=384790 repair=0.124 localization=0 type=0 minimal=0.07239 physics=0.6634 total=0.1579
[TRAIN] stage=finetune epoch=2/2 batch=5859/87647 step=384800 repair=0.1193 localization=0 type=0 minimal=0.07239 physics=0.7444 total=0.1572
[TRAIN] stage=finetune epoch=2/2 batch=5869/87647 step=384810 repair=0.1302 localization=0 type=0 minimal=0.0719 physics=0.6287 total=0.1623
[TRAIN] stage=finetune epoch=2/2 batch=5879/87647 step=384820 repair=0.09841 localization=0 type=0 minimal=0.0918 physics=0.5403 total=0.1263
[TRAIN] stage=finetune epoch=2/2 batch=5889/87647 step=384830 repair=0.1239 localization=0 type=0 minimal=0.07062 physics=0.6278 total=0.156
[TRAIN] stage=finetune epoch=2/2 batch=5899/87647 step=384840 repair=0.1183 localization=0 type=0 minimal=0.0741 physics=0.5303 total=0.1456
[TRAIN] stage=finetune epoch=2/2 batch=5909/87647 step=384850 repair=0.1034 localization=0 type=0 minimal=0.08435 physics=0.5518 total=0.1318
[TRAIN] stage=finetune epoch=2/2 batch=5919/87647 step=384860 repair=0.1163 localization=0 type=0 minimal=0.07343 physics=0.6302 total=0.1485
[TRAIN] stage=finetune epoch=2/2 batch=5929/87647 step=384870 repair=0.08431 localization=0 type=0 minimal=0.07544 physics=0.4072 total=0.1054
[TRAIN] stage=finetune epoch=2/2 batch=5939/87647 step=384880 repair=0.05913 localization=0 type=0 minimal=0.08813 physics=0.3522 total=0.07762
[TRAIN] stage=finetune epoch=2/2 batch=5949/87647 step=384890 repair=0.06626 localization=0 type=0 minimal=0.07855 physics=0.3982 total=0.08695
[TRAIN] stage=finetune epoch=2/2 batch=5959/87647 step=384900 repair=0.07281 localization=0 type=0 minimal=0.08881 physics=0.6997 total=0.1087
[TRAIN] stage=finetune epoch=2/2 batch=5969/87647 step=384910 repair=0.06733 localization=0 type=0 minimal=0.0921 physics=0.5127 total=0.09389
[TRAIN] stage=finetune epoch=2/2 batch=5979/87647 step=384920 repair=0.1567 localization=0 type=0 minimal=0.06909 physics=0.6338 total=0.1891
[TRAIN] stage=finetune epoch=2/2 batch=5989/87647 step=384930 repair=0.04659 localization=0 type=0 minimal=0.1097 physics=0.4112 total=0.06825
[TRAIN] stage=finetune epoch=2/2 batch=5999/87647 step=384940 repair=0.07877 localization=0 type=0 minimal=0.08606 physics=0.4575 total=0.1025
[TRAIN] stage=finetune epoch=2/2 batch=6009/87647 step=384950 repair=0.04361 localization=0 type=0 minimal=0.1037 physics=0.4401 total=0.06665
[TRAIN] stage=finetune epoch=2/2 batch=6019/87647 step=384960 repair=0.1379 localization=0 type=0 minimal=0.06274 physics=0.5072 total=0.1638
[TRAIN] stage=finetune epoch=2/2 batch=6029/87647 step=384970 repair=0.1193 localization=0 type=0 minimal=0.07166 physics=0.4967 total=0.1448
[TRAIN] stage=finetune epoch=2/2 batch=6039/87647 step=384980 repair=0.04722 localization=0 type=0 minimal=0.1027 physics=0.3717 total=0.06683
[TRAIN] stage=finetune epoch=2/2 batch=6049/87647 step=384990 repair=0.09826 localization=0 type=0 minimal=0.08276 physics=0.5473 total=0.1265
[TRAIN] stage=finetune epoch=2/2 batch=6059/87647 step=385000 repair=0.1674 localization=0 type=0 minimal=0.05936 physics=0.5716 total=0.1966
[TRAIN] stage=finetune epoch=2/2 batch=6069/87647 step=385010 repair=0.06706 localization=0 type=0 minimal=0.08453 physics=0.5094 total=0.09337
[TRAIN] stage=finetune epoch=2/2 batch=6079/87647 step=385020 repair=0.06316 localization=0 type=0 minimal=0.08179 physics=0.4565 total=0.0868
[TRAIN] stage=finetune epoch=2/2 batch=6089/87647 step=385030 repair=0.06632 localization=0 type=0 minimal=0.08368 physics=0.4605 total=0.09018
[TRAIN] stage=finetune epoch=2/2 batch=6099/87647 step=385040 repair=0.1053 localization=0 type=0 minimal=0.08716 physics=0.5655 total=0.1344
[TRAIN] stage=finetune epoch=2/2 batch=6109/87647 step=385050 repair=0.1884 localization=0 type=0 minimal=0.06329 physics=0.7416 total=0.2261
[TRAIN] stage=finetune epoch=2/2 batch=6119/87647 step=385060 repair=0.049 localization=0 type=0 minimal=0.1066 physics=0.4341 total=0.07177
[TRAIN] stage=finetune epoch=2/2 batch=6129/87647 step=385070 repair=0.04548 localization=0 type=0 minimal=0.09845 physics=0.3258 total=0.06276
[TRAIN] stage=finetune epoch=2/2 batch=6139/87647 step=385080 repair=0.05981 localization=0 type=0 minimal=0.08484 physics=0.5262 total=0.08696
[TRAIN] stage=finetune epoch=2/2 batch=6149/87647 step=385090 repair=0.06616 localization=0 type=0 minimal=0.09009 physics=0.5932 total=0.09672
[TRAIN] stage=finetune epoch=2/2 batch=6159/87647 step=385100 repair=0.08201 localization=0 type=0 minimal=0.08179 physics=0.6588 total=0.1158
[TRAIN] stage=finetune epoch=2/2 batch=6169/87647 step=385110 repair=0.06658 localization=0 type=0 minimal=0.09344 physics=0.5303 total=0.09403
[TRAIN] stage=finetune epoch=2/2 batch=6179/87647 step=385120 repair=0.07457 localization=0 type=0 minimal=0.08777 physics=0.4457 total=0.09773
[TRAIN] stage=finetune epoch=2/2 batch=6189/87647 step=385130 repair=0.07914 localization=0 type=0 minimal=0.07092 physics=0.2381 total=0.09175
[TRAIN] stage=finetune epoch=2/2 batch=6199/87647 step=385140 repair=0.06231 localization=0 type=0 minimal=0.08826 physics=0.4227 total=0.08433
[TRAIN] stage=finetune epoch=2/2 batch=6209/87647 step=385150 repair=0.1124 localization=0 type=0 minimal=0.06732 physics=0.3801 total=0.1321
[TRAIN] stage=finetune epoch=2/2 batch=6219/87647 step=385160 repair=0.08228 localization=0 type=0 minimal=0.07379 physics=0.4774 total=0.1069
[TRAIN] stage=finetune epoch=2/2 batch=6229/87647 step=385170 repair=0.08827 localization=0 type=0 minimal=0.08118 physics=0.6696 total=0.1226
[TRAIN] stage=finetune epoch=2/2 batch=6239/87647 step=385180 repair=0.05779 localization=0 type=0 minimal=0.08185 physics=0.5511 total=0.08616
[TRAIN] stage=finetune epoch=2/2 batch=6249/87647 step=385190 repair=0.05039 localization=0 type=0 minimal=0.0932 physics=0.5348 total=0.07806
[TRAIN] stage=finetune epoch=2/2 batch=6259/87647 step=385200 repair=0.06422 localization=0 type=0 minimal=0.08459 physics=0.4671 total=0.08842
[TRAIN] stage=finetune epoch=2/2 batch=6269/87647 step=385210 repair=0.08524 localization=0 type=0 minimal=0.0752 physics=0.5348 total=0.1127
[TRAIN] stage=finetune epoch=2/2 batch=6279/87647 step=385220 repair=0.06484 localization=0 type=0 minimal=0.07898 physics=0.219 total=0.07658
[TRAIN] stage=finetune epoch=2/2 batch=6289/87647 step=385230 repair=0.09392 localization=0 type=0 minimal=0.07916 physics=0.4551 total=0.1175
[TRAIN] stage=finetune epoch=2/2 batch=6299/87647 step=385240 repair=0.1054 localization=0 type=0 minimal=0.07806 physics=0.4309 total=0.1278
[TRAIN] stage=finetune epoch=2/2 batch=6309/87647 step=385250 repair=0.08653 localization=0 type=0 minimal=0.0816 physics=0.386 total=0.1066
[TRAIN] stage=finetune epoch=2/2 batch=6319/87647 step=385260 repair=0.1216 localization=0 type=0 minimal=0.07819 physics=0.5043 total=0.1476
[TRAIN] stage=finetune epoch=2/2 batch=6329/87647 step=385270 repair=0.1449 localization=0 type=0 minimal=0.0675 physics=0.4809 total=0.1696
[TRAIN] stage=finetune epoch=2/2 batch=6339/87647 step=385280 repair=0.09093 localization=0 type=0 minimal=0.08063 physics=0.4964 total=0.1166
[TRAIN] stage=finetune epoch=2/2 batch=6349/87647 step=385290 repair=0.08925 localization=0 type=0 minimal=0.06384 physics=0.2293 total=0.1014
[TRAIN] stage=finetune epoch=2/2 batch=6359/87647 step=385300 repair=0.1097 localization=0 type=0 minimal=0.07471 physics=0.3107 total=0.126
[TRAIN] stage=finetune epoch=2/2 batch=6369/87647 step=385310 repair=0.1024 localization=0 type=0 minimal=0.08179 physics=0.5613 total=0.1313
[TRAIN] stage=finetune epoch=2/2 batch=6379/87647 step=385320 repair=0.071 localization=0 type=0 minimal=0.08508 physics=0.4201 total=0.09285
[TRAIN] stage=finetune epoch=2/2 batch=6389/87647 step=385330 repair=0.1082 localization=0 type=0 minimal=0.08319 physics=0.501 total=0.1341
[TRAIN] stage=finetune epoch=2/2 batch=6399/87647 step=385340 repair=0.08855 localization=0 type=0 minimal=0.07935 physics=0.5623 total=0.1175
[TRAIN] stage=finetune epoch=2/2 batch=6409/87647 step=385350 repair=0.1196 localization=0 type=0 minimal=0.08032 physics=0.5059 total=0.1457
[TRAIN] stage=finetune epoch=2/2 batch=6419/87647 step=385360 repair=0.04633 localization=0 type=0 minimal=0.1092 physics=0.3931 total=0.06707
[TRAIN] stage=finetune epoch=2/2 batch=6429/87647 step=385370 repair=0.1191 localization=0 type=0 minimal=0.07025 physics=0.4751 total=0.1435
[TRAIN] stage=finetune epoch=2/2 batch=6439/87647 step=385380 repair=0.1628 localization=0 type=0 minimal=0.05859 physics=0.477 total=0.1872
[TRAIN] stage=finetune epoch=2/2 batch=6449/87647 step=385390 repair=0.09652 localization=0 type=0 minimal=0.07916 physics=0.5807 total=0.1263
[TRAIN] stage=finetune epoch=2/2 batch=6459/87647 step=385400 repair=0.1509 localization=0 type=0 minimal=0.06482 physics=0.5923 total=0.1812
[TRAIN] stage=finetune epoch=2/2 batch=6469/87647 step=385410 repair=0.0627 localization=0 type=0 minimal=0.09399 physics=0.3464 total=0.08096
[TRAIN] stage=finetune epoch=2/2 batch=6479/87647 step=385420 repair=0.1171 localization=0 type=0 minimal=0.08368 physics=0.4037 total=0.1381
[TRAIN] stage=finetune epoch=2/2 batch=6489/87647 step=385430 repair=0.1043 localization=0 type=0 minimal=0.06702 physics=0.5128 total=0.1306
[TRAIN] stage=finetune epoch=2/2 batch=6499/87647 step=385440 repair=0.1109 localization=0 type=0 minimal=0.06494 physics=0.161 total=0.1196
[TRAIN] stage=finetune epoch=2/2 batch=6509/87647 step=385450 repair=0.1136 localization=0 type=0 minimal=0.04593 physics=0.2601 total=0.1271
[TRAIN] stage=finetune epoch=2/2 batch=6519/87647 step=385460 repair=0.1208 localization=0 type=0 minimal=0.04651 physics=0.2289 total=0.1327
[TRAIN] stage=finetune epoch=2/2 batch=6529/87647 step=385470 repair=0.111 localization=0 type=0 minimal=0.05396 physics=0.3276 total=0.1279
[TRAIN] stage=finetune epoch=2/2 batch=6539/87647 step=385480 repair=0.1528 localization=0 type=0 minimal=0.0564 physics=1.076 total=0.2072
[TRAIN] stage=finetune epoch=2/2 batch=6549/87647 step=385490 repair=0.1076 localization=0 type=0 minimal=0.07941 physics=0.2209 total=0.1195
[TRAIN] stage=finetune epoch=2/2 batch=6559/87647 step=385500 repair=0.1243 localization=0 type=0 minimal=0.06842 physics=0.4213 total=0.146
[TRAIN] stage=finetune epoch=2/2 batch=6569/87647 step=385510 repair=0.1068 localization=0 type=0 minimal=0.07336 physics=0.4479 total=0.13
[TRAIN] stage=finetune epoch=2/2 batch=6579/87647 step=385520 repair=0.1083 localization=0 type=0 minimal=0.06107 physics=0.3097 total=0.1244
[TRAIN] stage=finetune epoch=2/2 batch=6589/87647 step=385530 repair=0.06981 localization=0 type=0 minimal=0.09198 physics=0.3237 total=0.08692
[TRAIN] stage=finetune epoch=2/2 batch=6599/87647 step=385540 repair=0.06529 localization=0 type=0 minimal=0.09039 physics=0.6798 total=0.1002
[TRAIN] stage=finetune epoch=2/2 batch=6609/87647 step=385550 repair=0.06927 localization=0 type=0 minimal=0.08301 physics=0.341 total=0.08715
[TRAIN] stage=finetune epoch=2/2 batch=6619/87647 step=385560 repair=0.1026 localization=0 type=0 minimal=0.07977 physics=0.3542 total=0.1211
[TRAIN] stage=finetune epoch=2/2 batch=6629/87647 step=385570 repair=0.09473 localization=0 type=0 minimal=0.08508 physics=0.3422 total=0.1127
[TRAIN] stage=finetune epoch=2/2 batch=6639/87647 step=385580 repair=0.1198 localization=0 type=0 minimal=0.06354 physics=0.5338 total=0.1471
[TRAIN] stage=finetune epoch=2/2 batch=6649/87647 step=385590 repair=0.09291 localization=0 type=0 minimal=0.0835 physics=0.4311 total=0.1153
[TRAIN] stage=finetune epoch=2/2 batch=6659/87647 step=385600 repair=0.07262 localization=0 type=0 minimal=0.08752 physics=0.3651 total=0.09175
[TRAIN] stage=finetune epoch=2/2 batch=6669/87647 step=385610 repair=0.04703 localization=0 type=0 minimal=0.1042 physics=0.3372 total=0.06493
[TRAIN] stage=finetune epoch=2/2 batch=6679/87647 step=385620 repair=0.08001 localization=0 type=0 minimal=0.08551 physics=0.4697 total=0.1044
[TRAIN] stage=finetune epoch=2/2 batch=6689/87647 step=385630 repair=0.1129 localization=0 type=0 minimal=0.06952 physics=0.3604 total=0.1316
[TRAIN] stage=finetune epoch=2/2 batch=6699/87647 step=385640 repair=0.1202 localization=0 type=0 minimal=0.06812 physics=0.4931 total=0.1455
[TRAIN] stage=finetune epoch=2/2 batch=6709/87647 step=385650 repair=0.07965 localization=0 type=0 minimal=0.07465 physics=0.4087 total=0.1008
[TRAIN] stage=finetune epoch=2/2 batch=6719/87647 step=385660 repair=0.09696 localization=0 type=0 minimal=0.08173 physics=0.4281 total=0.1192
[TRAIN] stage=finetune epoch=2/2 batch=6729/87647 step=385670 repair=0.06662 localization=0 type=0 minimal=0.09271 physics=0.4111 total=0.0881
[TRAIN] stage=finetune epoch=2/2 batch=6739/87647 step=385680 repair=0.1542 localization=0 type=0 minimal=0.06824 physics=0.4483 total=0.1773
[TRAIN] stage=finetune epoch=2/2 batch=6749/87647 step=385690 repair=0.08821 localization=0 type=0 minimal=0.07935 physics=0.6402 total=0.121
[TRAIN] stage=finetune epoch=2/2 batch=6759/87647 step=385700 repair=0.09898 localization=0 type=0 minimal=0.07446 physics=0.4901 total=0.1242
[TRAIN] stage=finetune epoch=2/2 batch=6769/87647 step=385710 repair=0.1136 localization=0 type=0 minimal=0.05682 physics=0.3335 total=0.1309
[TRAIN] stage=finetune epoch=2/2 batch=6779/87647 step=385720 repair=0.124 localization=0 type=0 minimal=0.06451 physics=0.6857 total=0.1589
[TRAIN] stage=finetune epoch=2/2 batch=6789/87647 step=385730 repair=0.06901 localization=0 type=0 minimal=0.08228 physics=0.3164 total=0.08565
[TRAIN] stage=finetune epoch=2/2 batch=6799/87647 step=385740 repair=0.07644 localization=0 type=0 minimal=0.06738 physics=0.276 total=0.09092
[TRAIN] stage=finetune epoch=2/2 batch=6809/87647 step=385750 repair=0.1083 localization=0 type=0 minimal=0.08118 physics=0.5711 total=0.1376
[TRAIN] stage=finetune epoch=2/2 batch=6819/87647 step=385760 repair=0.0474 localization=0 type=0 minimal=0.1049 physics=0.5143 total=0.07416
[TRAIN] stage=finetune epoch=2/2 batch=6829/87647 step=385770 repair=0.08094 localization=0 type=0 minimal=0.07635 physics=0.5511 total=0.1093
[TRAIN] stage=finetune epoch=2/2 batch=6839/87647 step=385780 repair=0.06599 localization=0 type=0 minimal=0.09076 physics=0.4666 total=0.09022
[TRAIN] stage=finetune epoch=2/2 batch=6849/87647 step=385790 repair=0.08319 localization=0 type=0 minimal=0.07794 physics=0.5284 total=0.1104
[TRAIN] stage=finetune epoch=2/2 batch=6859/87647 step=385800 repair=0.1407 localization=0 type=0 minimal=0.06482 physics=0.5729 total=0.17
[TRAIN] stage=finetune epoch=2/2 batch=6869/87647 step=385810 repair=0.1091 localization=0 type=0 minimal=0.06799 physics=0.4656 total=0.133
[TRAIN] stage=finetune epoch=2/2 batch=6879/87647 step=385820 repair=0.1672 localization=0 type=0 minimal=0.06396 physics=0.3923 total=0.1874
[TRAIN] stage=finetune epoch=2/2 batch=6889/87647 step=385830 repair=0.04656 localization=0 type=0 minimal=0.105 physics=0.5876 total=0.07699
[TRAIN] stage=finetune epoch=2/2 batch=6899/87647 step=385840 repair=0.1009 localization=0 type=0 minimal=0.0799 physics=0.4512 total=0.1243
[TRAIN] stage=finetune epoch=2/2 batch=6909/87647 step=385850 repair=0.1171 localization=0 type=0 minimal=0.0769 physics=0.4862 total=0.1421
[TRAIN] stage=finetune epoch=2/2 batch=6919/87647 step=385860 repair=0.0813 localization=0 type=0 minimal=0.07556 physics=0.3257 total=0.09835
[TRAIN] stage=finetune epoch=2/2 batch=6929/87647 step=385870 repair=0.1158 localization=0 type=0 minimal=0.06982 physics=0.4099 total=0.137
[TRAIN] stage=finetune epoch=2/2 batch=6939/87647 step=385880 repair=0.06816 localization=0 type=0 minimal=0.07733 physics=0.3164 total=0.08476
[TRAIN] stage=finetune epoch=2/2 batch=6949/87647 step=385890 repair=0.1033 localization=0 type=0 minimal=0.08228 physics=0.4875 total=0.1285
[TRAIN] stage=finetune epoch=2/2 batch=6959/87647 step=385900 repair=0.06326 localization=0 type=0 minimal=0.09119 physics=0.494 total=0.08887
[TRAIN] stage=finetune epoch=2/2 batch=6969/87647 step=385910 repair=0.1048 localization=0 type=0 minimal=0.07837 physics=0.2433 total=0.1178
[TRAIN] stage=finetune epoch=2/2 batch=6979/87647 step=385920 repair=0.04631 localization=0 type=0 minimal=0.0943 physics=0.2878 total=0.06164
[TRAIN] stage=finetune epoch=2/2 batch=6989/87647 step=385930 repair=0.06125 localization=0 type=0 minimal=0.08026 physics=0.2768 total=0.07589
[TRAIN] stage=finetune epoch=2/2 batch=6999/87647 step=385940 repair=0.05028 localization=0 type=0 minimal=0.09552 physics=0.3803 total=0.07025
[TRAIN] stage=finetune epoch=2/2 batch=7009/87647 step=385950 repair=0.06274 localization=0 type=0 minimal=0.07642 physics=0.2242 total=0.07471
[TRAIN] stage=finetune epoch=2/2 batch=7019/87647 step=385960 repair=0.06245 localization=0 type=0 minimal=0.08167 physics=0.1698 total=0.07176
[TRAIN] stage=finetune epoch=2/2 batch=7029/87647 step=385970 repair=0.08746 localization=0 type=0 minimal=0.07642 physics=0.5235 total=0.1144
[TRAIN] stage=finetune epoch=2/2 batch=7039/87647 step=385980 repair=0.1235 localization=0 type=0 minimal=0.07422 physics=0.2043 total=0.1345
[TRAIN] stage=finetune epoch=2/2 batch=7049/87647 step=385990 repair=0.1192 localization=0 type=0 minimal=0.07245 physics=0.3514 total=0.1375
[TRAIN] stage=finetune epoch=2/2 batch=7059/87647 step=386000 repair=0.06718 localization=0 type=0 minimal=0.09021 physics=0.3352 total=0.08484
[TRAIN] stage=finetune epoch=2/2 batch=7069/87647 step=386010 repair=0.09952 localization=0 type=0 minimal=0.0788 physics=0.4534 total=0.123
[TRAIN] stage=finetune epoch=2/2 batch=7079/87647 step=386020 repair=0.06432 localization=0 type=0 minimal=0.08252 physics=0.3285 total=0.08158
[TRAIN] stage=finetune epoch=2/2 batch=7089/87647 step=386030 repair=0.1203 localization=0 type=0 minimal=0.07117 physics=0.3623 total=0.1391
[TRAIN] stage=finetune epoch=2/2 batch=7099/87647 step=386040 repair=0.1166 localization=0 type=0 minimal=0.07861 physics=0.4905 total=0.1419
[TRAIN] stage=finetune epoch=2/2 batch=7109/87647 step=386050 repair=0.065 localization=0 type=0 minimal=0.09827 physics=0.4647 total=0.08922
[TRAIN] stage=finetune epoch=2/2 batch=7119/87647 step=386060 repair=0.04574 localization=0 type=0 minimal=0.1015 physics=0.4628 total=0.06989
[TRAIN] stage=finetune epoch=2/2 batch=7129/87647 step=386070 repair=0.1072 localization=0 type=0 minimal=0.08215 physics=0.4889 total=0.1324
[TRAIN] stage=finetune epoch=2/2 batch=7139/87647 step=386080 repair=0.1261 localization=0 type=0 minimal=0.06738 physics=0.4848 total=0.151
[TRAIN] stage=finetune epoch=2/2 batch=7149/87647 step=386090 repair=0.113 localization=0 type=0 minimal=0.06046 physics=0.5028 total=0.1387
[TRAIN] stage=finetune epoch=2/2 batch=7159/87647 step=386100 repair=0.05283 localization=0 type=0 minimal=0.09186 physics=0.1941 total=0.06345
[TRAIN] stage=finetune epoch=2/2 batch=7169/87647 step=386110 repair=0.1134 localization=0 type=0 minimal=0.0827 physics=0.3146 total=0.1299
[TRAIN] stage=finetune epoch=2/2 batch=7179/87647 step=386120 repair=0.06497 localization=0 type=0 minimal=0.09363 physics=0.3679 total=0.0843
[TRAIN] stage=finetune epoch=2/2 batch=7189/87647 step=386130 repair=0.127 localization=0 type=0 minimal=0.07446 physics=0.4503 total=0.1503
[TRAIN] stage=finetune epoch=2/2 batch=7199/87647 step=386140 repair=0.1167 localization=0 type=0 minimal=0.07281 physics=0.5098 total=0.1429
[TRAIN] stage=finetune epoch=2/2 batch=7209/87647 step=386150 repair=0.1174 localization=0 type=0 minimal=0.07227 physics=0.5399 total=0.1451
[TRAIN] stage=finetune epoch=2/2 batch=7219/87647 step=386160 repair=0.1154 localization=0 type=0 minimal=0.07172 physics=0.4886 total=0.1406
[TRAIN] stage=finetune epoch=2/2 batch=7229/87647 step=386170 repair=0.09409 localization=0 type=0 minimal=0.07458 physics=0.4873 total=0.1192
[TRAIN] stage=finetune epoch=2/2 batch=7239/87647 step=386180 repair=0.1063 localization=0 type=0 minimal=0.06531 physics=0.4257 total=0.1282
[TRAIN] stage=finetune epoch=2/2 batch=7249/87647 step=386190 repair=0.147 localization=0 type=0 minimal=0.05688 physics=0.4446 total=0.1698
[TRAIN] stage=finetune epoch=2/2 batch=7259/87647 step=386200 repair=0.06278 localization=0 type=0 minimal=0.09039 physics=0.4502 total=0.0862
[TRAIN] stage=finetune epoch=2/2 batch=7269/87647 step=386210 repair=0.06212 localization=0 type=0 minimal=0.08826 physics=0.4848 total=0.08724
[TRAIN] stage=finetune epoch=2/2 batch=7279/87647 step=386220 repair=0.1045 localization=0 type=0 minimal=0.08698 physics=0.5831 total=0.1345
[TRAIN] stage=finetune epoch=2/2 batch=7289/87647 step=386230 repair=0.09313 localization=0 type=0 minimal=0.08453 physics=0.5657 total=0.1223
[TRAIN] stage=finetune epoch=2/2 batch=7299/87647 step=386240 repair=0.1159 localization=0 type=0 minimal=0.06799 physics=0.5084 total=0.142
[TRAIN] stage=finetune epoch=2/2 batch=7309/87647 step=386250 repair=0.1009 localization=0 type=0 minimal=0.08862 physics=0.4836 total=0.126
[TRAIN] stage=finetune epoch=2/2 batch=7319/87647 step=386260 repair=0.06607 localization=0 type=0 minimal=0.08997 physics=0.4507 total=0.08951
[TRAIN] stage=finetune epoch=2/2 batch=7329/87647 step=386270 repair=0.09647 localization=0 type=0 minimal=0.07452 physics=0.4299 total=0.1187
[TRAIN] stage=finetune epoch=2/2 batch=7339/87647 step=386280 repair=0.05518 localization=0 type=0 minimal=0.09003 physics=0.154 total=0.06378
[TRAIN] stage=finetune epoch=2/2 batch=7349/87647 step=386290 repair=0.0995 localization=0 type=0 minimal=0.0921 physics=0.2671 total=0.1138
[TRAIN] stage=finetune epoch=2/2 batch=7359/87647 step=386300 repair=0.07179 localization=0 type=0 minimal=0.09497 physics=0.432 total=0.09434
[TRAIN] stage=finetune epoch=2/2 batch=7369/87647 step=386310 repair=0.09673 localization=0 type=0 minimal=0.08173 physics=0.4994 total=0.1225
[TRAIN] stage=finetune epoch=2/2 batch=7379/87647 step=386320 repair=0.103 localization=0 type=0 minimal=0.08679 physics=0.5153 total=0.1297
[TRAIN] stage=finetune epoch=2/2 batch=7389/87647 step=386330 repair=0.1111 localization=0 type=0 minimal=0.07849 physics=0.6329 total=0.1436
[TRAIN] stage=finetune epoch=2/2 batch=7399/87647 step=386340 repair=0.1036 localization=0 type=0 minimal=0.0874 physics=0.4417 total=0.1266
[TRAIN] stage=finetune epoch=2/2 batch=7409/87647 step=386350 repair=0.104 localization=0 type=0 minimal=0.08539 physics=0.6469 total=0.1372
[TRAIN] stage=finetune epoch=2/2 batch=7419/87647 step=386360 repair=0.04572 localization=0 type=0 minimal=0.1119 physics=0.4522 total=0.06945
[TRAIN] stage=finetune epoch=2/2 batch=7429/87647 step=386370 repair=0.1132 localization=0 type=0 minimal=0.07544 physics=0.4988 total=0.1389
[TRAIN] stage=finetune epoch=2/2 batch=7439/87647 step=386380 repair=0.07531 localization=0 type=0 minimal=0.07733 physics=0.5303 total=0.1026
[TRAIN] stage=finetune epoch=2/2 batch=7449/87647 step=386390 repair=0.0638 localization=0 type=0 minimal=0.09656 physics=0.5406 total=0.09179
[TRAIN] stage=finetune epoch=2/2 batch=7459/87647 step=386400 repair=0.1082 localization=0 type=0 minimal=0.08887 physics=0.5442 total=0.1363
[TRAIN] stage=finetune epoch=2/2 batch=7469/87647 step=386410 repair=0.1614 localization=0 type=0 minimal=0.06793 physics=0.5418 total=0.1891
[TRAIN] stage=finetune epoch=2/2 batch=7479/87647 step=386420 repair=0.04755 localization=0 type=0 minimal=0.108 physics=0.4719 total=0.07222
[TRAIN] stage=finetune epoch=2/2 batch=7489/87647 step=386430 repair=0.09151 localization=0 type=0 minimal=0.08014 physics=0.4432 total=0.1145
[TRAIN] stage=finetune epoch=2/2 batch=7499/87647 step=386440 repair=0.1186 localization=0 type=0 minimal=0.0722 physics=0.5149 total=0.1451
[TRAIN] stage=finetune epoch=2/2 batch=7509/87647 step=386450 repair=0.1655 localization=0 type=0 minimal=0.07166 physics=0.625 total=0.1975
[TRAIN] stage=finetune epoch=2/2 batch=7519/87647 step=386460 repair=0.04966 localization=0 type=0 minimal=0.1076 physics=0.5458 total=0.07803
[TRAIN] stage=finetune epoch=2/2 batch=7529/87647 step=386470 repair=0.09899 localization=0 type=0 minimal=0.09247 physics=0.6099 total=0.1304
[TRAIN] stage=finetune epoch=2/2 batch=7539/87647 step=386480 repair=0.09813 localization=0 type=0 minimal=0.0943 physics=0.5937 total=0.1288
[TRAIN] stage=finetune epoch=2/2 batch=7549/87647 step=386490 repair=0.1175 localization=0 type=0 minimal=0.06775 physics=0.4365 total=0.14
[TRAIN] stage=finetune epoch=2/2 batch=7559/87647 step=386500 repair=0.06656 localization=0 type=0 minimal=0.08264 physics=0.4973 total=0.09225
[TRAIN] stage=finetune epoch=2/2 batch=7569/87647 step=386510 repair=0.08209 localization=0 type=0 minimal=0.07574 physics=0.3476 total=0.1002
[TRAIN] stage=finetune epoch=2/2 batch=7579/87647 step=386520 repair=0.09113 localization=0 type=0 minimal=0.08722 physics=0.4725 total=0.1156
[TRAIN] stage=finetune epoch=2/2 batch=7589/87647 step=386530 repair=0.04623 localization=0 type=0 minimal=0.1063 physics=0.4846 total=0.07152
[TRAIN] stage=finetune epoch=2/2 batch=7599/87647 step=386540 repair=0.1069 localization=0 type=0 minimal=0.06995 physics=0.3552 total=0.1253
[TRAIN] stage=finetune epoch=2/2 batch=7609/87647 step=386550 repair=0.06334 localization=0 type=0 minimal=0.08234 physics=0.376 total=0.08296
[TRAIN] stage=finetune epoch=2/2 batch=7619/87647 step=386560 repair=0.09829 localization=0 type=0 minimal=0.07965 physics=0.3247 total=0.1153
[TRAIN] stage=finetune epoch=2/2 batch=7629/87647 step=386570 repair=0.1082 localization=0 type=0 minimal=0.0907 physics=0.6251 total=0.1404
[TRAIN] stage=finetune epoch=2/2 batch=7639/87647 step=386580 repair=0.1271 localization=0 type=0 minimal=0.07166 physics=0.6269 total=0.1592
[TRAIN] stage=finetune epoch=2/2 batch=7649/87647 step=386590 repair=0.1048 localization=0 type=0 minimal=0.07806 physics=0.5666 total=0.134
[TRAIN] stage=finetune epoch=2/2 batch=7659/87647 step=386600 repair=0.06313 localization=0 type=0 minimal=0.08838 physics=0.5133 total=0.08968
[TRAIN] stage=finetune epoch=2/2 batch=7669/87647 step=386610 repair=0.06339 localization=0 type=0 minimal=0.09137 physics=0.3601 total=0.08231
[TRAIN] stage=finetune epoch=2/2 batch=7679/87647 step=386620 repair=0.04716 localization=0 type=0 minimal=0.09863 physics=0.3762 total=0.06695
[TRAIN] stage=finetune epoch=2/2 batch=7689/87647 step=386630 repair=0.1191 localization=0 type=0 minimal=0.06567 physics=0.549 total=0.1472
[TRAIN] stage=finetune epoch=2/2 batch=7699/87647 step=386640 repair=0.1014 localization=0 type=0 minimal=0.08472 physics=0.4636 total=0.1254
[TRAIN] stage=finetune epoch=2/2 batch=7709/87647 step=386650 repair=0.1536 localization=0 type=0 minimal=0.07391 physics=0.5624 total=0.1824
[TRAIN] stage=finetune epoch=2/2 batch=7719/87647 step=386660 repair=0.08348 localization=0 type=0 minimal=0.09521 physics=0.5317 total=0.111
[TRAIN] stage=finetune epoch=2/2 batch=7729/87647 step=386670 repair=0.06349 localization=0 type=0 minimal=0.0929 physics=0.4843 total=0.08863
[TRAIN] stage=finetune epoch=2/2 batch=7739/87647 step=386680 repair=0.06246 localization=0 type=0 minimal=0.08771 physics=0.5129 total=0.08898
[TRAIN] stage=finetune epoch=2/2 batch=7749/87647 step=386690 repair=0.08616 localization=0 type=0 minimal=0.07983 physics=0.4329 total=0.1086
[TRAIN] stage=finetune epoch=2/2 batch=7759/87647 step=386700 repair=0.106 localization=0 type=0 minimal=0.09271 physics=0.4412 total=0.129
[TRAIN] stage=finetune epoch=2/2 batch=7769/87647 step=386710 repair=0.1476 localization=0 type=0 minimal=0.0661 physics=0.5342 total=0.175
[TRAIN] stage=finetune epoch=2/2 batch=7779/87647 step=386720 repair=0.1167 localization=0 type=0 minimal=0.0719 physics=0.4835 total=0.1416
[TRAIN] stage=finetune epoch=2/2 batch=7789/87647 step=386730 repair=0.06289 localization=0 type=0 minimal=0.091 physics=0.4357 total=0.08559
[TRAIN] stage=finetune epoch=2/2 batch=7799/87647 step=386740 repair=0.07649 localization=0 type=0 minimal=0.07404 physics=0.3814 total=0.0963
[TRAIN] stage=finetune epoch=2/2 batch=7809/87647 step=386750 repair=0.04869 localization=0 type=0 minimal=0.1064 physics=0.4196 total=0.07074
[TRAIN] stage=finetune epoch=2/2 batch=7819/87647 step=386760 repair=0.1182 localization=0 type=0 minimal=0.08569 physics=0.4811 total=0.1431
[TRAIN] stage=finetune epoch=2/2 batch=7829/87647 step=386770 repair=0.1398 localization=0 type=0 minimal=0.07568 physics=0.5664 total=0.1688
[TRAIN] stage=finetune epoch=2/2 batch=7839/87647 step=386780 repair=0.07984 localization=0 type=0 minimal=0.07849 physics=0.5335 total=0.1073
[TRAIN] stage=finetune epoch=2/2 batch=7849/87647 step=386790 repair=0.1013 localization=0 type=0 minimal=0.09039 physics=0.44 total=0.1242
[TRAIN] stage=finetune epoch=2/2 batch=7859/87647 step=386800 repair=0.1328 localization=0 type=0 minimal=0.08099 physics=0.533 total=0.1603
[TRAIN] stage=finetune epoch=2/2 batch=7869/87647 step=386810 repair=0.09873 localization=0 type=0 minimal=0.08545 physics=0.3635 total=0.1178
[TRAIN] stage=finetune epoch=2/2 batch=7879/87647 step=386820 repair=0.09331 localization=0 type=0 minimal=0.07703 physics=0.2791 total=0.108
[TRAIN] stage=finetune epoch=2/2 batch=7889/87647 step=386830 repair=0.07812 localization=0 type=0 minimal=0.07318 physics=0.2482 total=0.09126
[TRAIN] stage=finetune epoch=2/2 batch=7899/87647 step=386840 repair=0.1087 localization=0 type=0 minimal=0.08435 physics=0.4427 total=0.1317
[TRAIN] stage=finetune epoch=2/2 batch=7909/87647 step=386850 repair=0.06444 localization=0 type=0 minimal=0.08264 physics=0.2491 total=0.07772
[TRAIN] stage=finetune epoch=2/2 batch=7919/87647 step=386860 repair=0.1155 localization=0 type=0 minimal=0.06415 physics=0.4274 total=0.1375
[TRAIN] stage=finetune epoch=2/2 batch=7929/87647 step=386870 repair=0.08055 localization=0 type=0 minimal=0.06689 physics=0.5133 total=0.1069
[TRAIN] stage=finetune epoch=2/2 batch=7939/87647 step=386880 repair=0.1186 localization=0 type=0 minimal=0.06714 physics=0.3919 total=0.1389
[TRAIN] stage=finetune epoch=2/2 batch=7949/87647 step=386890 repair=0.06385 localization=0 type=0 minimal=0.08167 physics=0.3736 total=0.08334
[TRAIN] stage=finetune epoch=2/2 batch=7959/87647 step=386900 repair=0.04379 localization=0 type=0 minimal=0.1035 physics=0.384 total=0.06402
[TRAIN] stage=finetune epoch=2/2 batch=7969/87647 step=386910 repair=0.11 localization=0 type=0 minimal=0.0694 physics=0.5045 total=0.1359
[TRAIN] stage=finetune epoch=2/2 batch=7979/87647 step=386920 repair=0.1223 localization=0 type=0 minimal=0.06873 physics=0.3171 total=0.1389
[TRAIN] stage=finetune epoch=2/2 batch=7989/87647 step=386930 repair=0.1154 localization=0 type=0 minimal=0.08502 physics=0.4374 total=0.1381
[TRAIN] stage=finetune epoch=2/2 batch=7999/87647 step=386940 repair=0.1226 localization=0 type=0 minimal=0.07397 physics=0.5568 total=0.1511
[TRAIN] stage=finetune epoch=2/2 batch=8009/87647 step=386950 repair=0.04548 localization=0 type=0 minimal=0.1036 physics=0.4837 total=0.0707
[TRAIN] stage=finetune epoch=2/2 batch=8019/87647 step=386960 repair=0.1698 localization=0 type=0 minimal=0.07135 physics=0.476 total=0.1943
[TRAIN] stage=finetune epoch=2/2 batch=8029/87647 step=386970 repair=0.08775 localization=0 type=0 minimal=0.08411 physics=0.5086 total=0.114
[TRAIN] stage=finetune epoch=2/2 batch=8039/87647 step=386980 repair=0.1466 localization=0 type=0 minimal=0.06744 physics=0.5626 total=0.1754
[TRAIN] stage=finetune epoch=2/2 batch=8049/87647 step=386990 repair=0.1596 localization=0 type=0 minimal=0.06787 physics=0.5886 total=0.1898
[TRAIN] stage=finetune epoch=2/2 batch=8059/87647 step=387000 repair=0.04477 localization=0 type=0 minimal=0.1057 physics=0.5003 total=0.07085
[TRAIN] stage=finetune epoch=2/2 batch=8069/87647 step=387010 repair=0.06737 localization=0 type=0 minimal=0.0835 physics=0.4639 total=0.0914
[TRAIN] stage=finetune epoch=2/2 batch=8079/87647 step=387020 repair=0.0832 localization=0 type=0 minimal=0.07635 physics=0.4633 total=0.1071
[TRAIN] stage=finetune epoch=2/2 batch=8089/87647 step=387030 repair=0.1259 localization=0 type=0 minimal=0.07361 physics=0.5509 total=0.1542
[TRAIN] stage=finetune epoch=2/2 batch=8099/87647 step=387040 repair=0.1142 localization=0 type=0 minimal=0.08228 physics=0.4772 total=0.1389
[TRAIN] stage=finetune epoch=2/2 batch=8109/87647 step=387050 repair=0.1175 localization=0 type=0 minimal=0.06543 physics=0.3317 total=0.1347
[TRAIN] stage=finetune epoch=2/2 batch=8119/87647 step=387060 repair=0.1151 localization=0 type=0 minimal=0.07568 physics=1.176 total=0.1747
[TRAIN] stage=finetune epoch=2/2 batch=8129/87647 step=387070 repair=0.09664 localization=0 type=0 minimal=0.07916 physics=0.5551 total=0.1252
[TRAIN] stage=finetune epoch=2/2 batch=8139/87647 step=387080 repair=0.127 localization=0 type=0 minimal=0.07233 physics=0.4361 total=0.1495
[TRAIN] stage=finetune epoch=2/2 batch=8149/87647 step=387090 repair=0.08272 localization=0 type=0 minimal=0.07416 physics=0.4344 total=0.1052
[TRAIN] stage=finetune epoch=2/2 batch=8159/87647 step=387100 repair=0.06333 localization=0 type=0 minimal=0.08771 physics=0.3661 total=0.08251
[TRAIN] stage=finetune epoch=2/2 batch=8169/87647 step=387110 repair=0.09184 localization=0 type=0 minimal=0.08154 physics=0.3772 total=0.1115
[TRAIN] stage=finetune epoch=2/2 batch=8179/87647 step=387120 repair=0.09094 localization=0 type=0 minimal=0.0816 physics=0.4011 total=0.1118
[TRAIN] stage=finetune epoch=2/2 batch=8189/87647 step=387130 repair=0.1092 localization=0 type=0 minimal=0.06799 physics=0.3573 total=0.1278
[TRAIN] stage=finetune epoch=2/2 batch=8199/87647 step=387140 repair=0.1625 localization=0 type=0 minimal=0.06049 physics=0.3528 total=0.1808
[TRAIN] stage=finetune epoch=2/2 batch=8209/87647 step=387150 repair=0.1232 localization=0 type=0 minimal=0.06616 physics=0.1856 total=0.1332
[TRAIN] stage=finetune epoch=2/2 batch=8219/87647 step=387160 repair=0.09527 localization=0 type=0 minimal=0.09064 physics=0.3551 total=0.1139
[TRAIN] stage=finetune epoch=2/2 batch=8229/87647 step=387170 repair=0.09287 localization=0 type=0 minimal=0.07886 physics=0.3633 total=0.1118
[TRAIN] stage=finetune epoch=2/2 batch=8239/87647 step=387180 repair=0.1112 localization=0 type=0 minimal=0.06128 physics=0.4616 total=0.1349
[TRAIN] stage=finetune epoch=2/2 batch=8249/87647 step=387190 repair=0.04927 localization=0 type=0 minimal=0.09052 physics=0.3284 total=0.0666
[TRAIN] stage=finetune epoch=2/2 batch=8259/87647 step=387200 repair=0.06588 localization=0 type=0 minimal=0.09094 physics=0.3917 total=0.08637
[TRAIN] stage=finetune epoch=2/2 batch=8269/87647 step=387210 repair=0.09939 localization=0 type=0 minimal=0.08716 physics=0.5434 total=0.1274
[TRAIN] stage=finetune epoch=2/2 batch=8279/87647 step=387220 repair=0.1653 localization=0 type=0 minimal=0.06082 physics=0.5323 total=0.1925
[TRAIN] stage=finetune epoch=2/2 batch=8289/87647 step=387230 repair=0.1085 localization=0 type=0 minimal=0.09009 physics=0.4894 total=0.1339
[TRAIN] stage=finetune epoch=2/2 batch=8299/87647 step=387240 repair=0.04933 localization=0 type=0 minimal=0.1068 physics=0.3667 total=0.06874
[TRAIN] stage=finetune epoch=2/2 batch=8309/87647 step=387250 repair=0.09818 localization=0 type=0 minimal=0.09155 physics=0.4687 total=0.1225
[TRAIN] stage=finetune epoch=2/2 batch=8319/87647 step=387260 repair=0.09486 localization=0 type=0 minimal=0.0871 physics=0.471 total=0.1193
[TRAIN] stage=finetune epoch=2/2 batch=8329/87647 step=387270 repair=0.06327 localization=0 type=0 minimal=0.0896 physics=0.4296 total=0.08565
[TRAIN] stage=finetune epoch=2/2 batch=8339/87647 step=387280 repair=0.1552 localization=0 type=0 minimal=0.06659 physics=0.4784 total=0.1797
[TRAIN] stage=finetune epoch=2/2 batch=8349/87647 step=387290 repair=0.1018 localization=0 type=0 minimal=0.09216 physics=0.4894 total=0.1272
[TRAIN] stage=finetune epoch=2/2 batch=8359/87647 step=387300 repair=0.04581 localization=0 type=0 minimal=0.1067 physics=0.3994 total=0.06685
[TRAIN] stage=finetune epoch=2/2 batch=8369/87647 step=387310 repair=0.06816 localization=0 type=0 minimal=0.08051 physics=0.4826 total=0.0931
[TRAIN] stage=finetune epoch=2/2 batch=8379/87647 step=387320 repair=0.106 localization=0 type=0 minimal=0.08069 physics=0.5351 total=0.1336
[TRAIN] stage=finetune epoch=2/2 batch=8389/87647 step=387330 repair=0.0906 localization=0 type=0 minimal=0.08594 physics=0.3474 total=0.1088
[TRAIN] stage=finetune epoch=2/2 batch=8399/87647 step=387340 repair=0.06954 localization=0 type=0 minimal=0.08282 physics=0.689 total=0.1048
[TRAIN] stage=finetune epoch=2/2 batch=8409/87647 step=387350 repair=0.1473 localization=0 type=0 minimal=0.05872 physics=0.3451 total=0.1651
[TRAIN] stage=finetune epoch=2/2 batch=8419/87647 step=387360 repair=0.0623 localization=0 type=0 minimal=0.09381 physics=0.471 total=0.08678
[TRAIN] stage=finetune epoch=2/2 batch=8429/87647 step=387370 repair=0.0768 localization=0 type=0 minimal=0.08301 physics=0.4895 total=0.1021
[TRAIN] stage=finetune epoch=2/2 batch=8439/87647 step=387380 repair=0.06091 localization=0 type=0 minimal=0.08698 physics=0.4573 total=0.08464
[TRAIN] stage=finetune epoch=2/2 batch=8449/87647 step=387390 repair=0.1669 localization=0 type=0 minimal=0.06848 physics=0.4568 total=0.1904
[TRAIN] stage=finetune epoch=2/2 batch=8459/87647 step=387400 repair=0.1045 localization=0 type=0 minimal=0.09161 physics=0.5119 total=0.131
[TRAIN] stage=finetune epoch=2/2 batch=8469/87647 step=387410 repair=0.1246 localization=0 type=0 minimal=0.07294 physics=0.4448 total=0.1475
[TRAIN] stage=finetune epoch=2/2 batch=8479/87647 step=387420 repair=0.1134 localization=0 type=0 minimal=0.06586 physics=0.3853 total=0.1333
[TRAIN] stage=finetune epoch=2/2 batch=8489/87647 step=387430 repair=0.1529 localization=0 type=0 minimal=0.06198 physics=0.3354 total=0.1703
[TRAIN] stage=finetune epoch=2/2 batch=8499/87647 step=387440 repair=0.06612 localization=0 type=0 minimal=0.09015 physics=0.2743 total=0.08074
[TRAIN] stage=finetune epoch=2/2 batch=8509/87647 step=387450 repair=0.1133 localization=0 type=0 minimal=0.06903 physics=0.3526 total=0.1316
[TRAIN] stage=finetune epoch=2/2 batch=8519/87647 step=387460 repair=0.09269 localization=0 type=0 minimal=0.07941 physics=0.2356 total=0.1053
[TRAIN] stage=finetune epoch=2/2 batch=8529/87647 step=387470 repair=0.06165 localization=0 type=0 minimal=0.07953 physics=0.1808 total=0.07148
[TRAIN] stage=finetune epoch=2/2 batch=8539/87647 step=387480 repair=0.06436 localization=0 type=0 minimal=0.0896 physics=0.6292 total=0.09671
[TRAIN] stage=finetune epoch=2/2 batch=8549/87647 step=387490 repair=0.1063 localization=0 type=0 minimal=0.0769 physics=0.4478 total=0.1295
[TRAIN] stage=finetune epoch=2/2 batch=8559/87647 step=387500 repair=0.1513 localization=0 type=0 minimal=0.05774 physics=0.3716 total=0.1704
[TRAIN] stage=finetune epoch=2/2 batch=8569/87647 step=387510 repair=0.07563 localization=0 type=0 minimal=0.07874 physics=0.3526 total=0.09405
[TRAIN] stage=finetune epoch=2/2 batch=8579/87647 step=387520 repair=0.119 localization=0 type=0 minimal=0.07141 physics=0.3237 total=0.1359
[TRAIN] stage=finetune epoch=2/2 batch=8589/87647 step=387530 repair=0.1218 localization=0 type=0 minimal=0.06842 physics=0.2845 total=0.1367
[TRAIN] stage=finetune epoch=2/2 batch=8599/87647 step=387540 repair=0.08216 localization=0 type=0 minimal=0.07233 physics=0.2663 total=0.0962
[TRAIN] stage=finetune epoch=2/2 batch=8609/87647 step=387550 repair=0.1113 localization=0 type=0 minimal=0.0871 physics=0.5468 total=0.1395
[TRAIN] stage=finetune epoch=2/2 batch=8619/87647 step=387560 repair=0.09964 localization=0 type=0 minimal=0.07471 physics=0.4799 total=0.1244
[TRAIN] stage=finetune epoch=2/2 batch=8629/87647 step=387570 repair=0.1199 localization=0 type=0 minimal=0.07227 physics=0.5076 total=0.146
[TRAIN] stage=finetune epoch=2/2 batch=8639/87647 step=387580 repair=0.108 localization=0 type=0 minimal=0.0863 physics=0.3845 total=0.1281
[TRAIN] stage=finetune epoch=2/2 batch=8649/87647 step=387590 repair=0.06973 localization=0 type=0 minimal=0.09186 physics=0.2944 total=0.08537
[TRAIN] stage=finetune epoch=2/2 batch=8659/87647 step=387600 repair=0.1142 localization=0 type=0 minimal=0.07507 physics=0.31 total=0.1305
[TRAIN] stage=finetune epoch=2/2 batch=8669/87647 step=387610 repair=0.08391 localization=0 type=0 minimal=0.07916 physics=0.2922 total=0.09932
[TRAIN] stage=finetune epoch=2/2 batch=8679/87647 step=387620 repair=0.119 localization=0 type=0 minimal=0.07355 physics=0.3321 total=0.1364
[TRAIN] stage=finetune epoch=2/2 batch=8689/87647 step=387630 repair=0.05199 localization=0 type=0 minimal=0.106 physics=0.2747 total=0.06678
[TRAIN] stage=finetune epoch=2/2 batch=8699/87647 step=387640 repair=0.07395 localization=0 type=0 minimal=0.09137 physics=0.3084 total=0.09028
[TRAIN] stage=finetune epoch=2/2 batch=8709/87647 step=387650 repair=0.07863 localization=0 type=0 minimal=0.07526 physics=0.2838 total=0.09357
[TRAIN] stage=finetune epoch=2/2 batch=8719/87647 step=387660 repair=0.1513 localization=0 type=0 minimal=0.06738 physics=0.3628 total=0.1701
[TRAIN] stage=finetune epoch=2/2 batch=8729/87647 step=387670 repair=0.0857 localization=0 type=0 minimal=0.07642 physics=0.3378 total=0.1034
[TRAIN] stage=finetune epoch=2/2 batch=8739/87647 step=387680 repair=0.1007 localization=0 type=0 minimal=0.07941 physics=0.2911 total=0.1161
[TRAIN] stage=finetune epoch=2/2 batch=8749/87647 step=387690 repair=0.1167 localization=0 type=0 minimal=0.0675 physics=0.2582 total=0.1303
[TRAIN] stage=finetune epoch=2/2 batch=8759/87647 step=387700 repair=0.1036 localization=0 type=0 minimal=0.07935 physics=0.2009 total=0.1144
[TRAIN] stage=finetune epoch=2/2 batch=8769/87647 step=387710 repair=0.1309 localization=0 type=0 minimal=0.06708 physics=0.3364 total=0.1484
[TRAIN] stage=finetune epoch=2/2 batch=8779/87647 step=387720 repair=0.1085 localization=0 type=0 minimal=0.08344 physics=0.2502 total=0.1218
[TRAIN] stage=finetune epoch=2/2 batch=8789/87647 step=387730 repair=0.06265 localization=0 type=0 minimal=0.08728 physics=0.2893 total=0.07799
[TRAIN] stage=finetune epoch=2/2 batch=8799/87647 step=387740 repair=0.1035 localization=0 type=0 minimal=0.0824 physics=0.5079 total=0.1297
[TRAIN] stage=finetune epoch=2/2 batch=8809/87647 step=387750 repair=0.1207 localization=0 type=0 minimal=0.07257 physics=0.4228 total=0.1426
[TRAIN] stage=finetune epoch=2/2 batch=8819/87647 step=387760 repair=0.06593 localization=0 type=0 minimal=0.08997 physics=0.5187 total=0.09276
[TRAIN] stage=finetune epoch=2/2 batch=8829/87647 step=387770 repair=0.04894 localization=0 type=0 minimal=0.1047 physics=0.39 total=0.06948
[TRAIN] stage=finetune epoch=2/2 batch=8839/87647 step=387780 repair=0.1031 localization=0 type=0 minimal=0.08862 physics=0.447 total=0.1263
[TRAIN] stage=finetune epoch=2/2 batch=8849/87647 step=387790 repair=0.1112 localization=0 type=0 minimal=0.07489 physics=0.3554 total=0.1297
[TRAIN] stage=finetune epoch=2/2 batch=8859/87647 step=387800 repair=0.06237 localization=0 type=0 minimal=0.09204 physics=0.3224 total=0.07941
[TRAIN] stage=finetune epoch=2/2 batch=8869/87647 step=387810 repair=0.09257 localization=0 type=0 minimal=0.08728 physics=0.3228 total=0.1096
[TRAIN] stage=finetune epoch=2/2 batch=8879/87647 step=387820 repair=0.1228 localization=0 type=0 minimal=0.07031 physics=0.3686 total=0.142
[TRAIN] stage=finetune epoch=2/2 batch=8889/87647 step=387830 repair=0.1024 localization=0 type=0 minimal=0.08295 physics=0.2989 total=0.1182
[TRAIN] stage=finetune epoch=2/2 batch=8899/87647 step=387840 repair=0.1154 localization=0 type=0 minimal=0.07336 physics=0.4285 total=0.1376
[TRAIN] stage=finetune epoch=2/2 batch=8909/87647 step=387850 repair=0.06417 localization=0 type=0 minimal=0.09436 physics=0.4498 total=0.0876
[TRAIN] stage=finetune epoch=2/2 batch=8919/87647 step=387860 repair=0.1021 localization=0 type=0 minimal=0.09045 physics=0.4814 total=0.1271
[TRAIN] stage=finetune epoch=2/2 batch=8929/87647 step=387870 repair=0.09261 localization=0 type=0 minimal=0.0777 physics=0.4159 total=0.1142
[TRAIN] stage=finetune epoch=2/2 batch=8939/87647 step=387880 repair=0.1001 localization=0 type=0 minimal=0.07898 physics=0.3094 total=0.1164
[TRAIN] stage=finetune epoch=2/2 batch=8949/87647 step=387890 repair=0.08284 localization=0 type=0 minimal=0.06311 physics=0.356 total=0.1013
[TRAIN] stage=finetune epoch=2/2 batch=8959/87647 step=387900 repair=0.04767 localization=0 type=0 minimal=0.1019 physics=0.2788 total=0.06263
[TRAIN] stage=finetune epoch=2/2 batch=8969/87647 step=387910 repair=0.04393 localization=0 type=0 minimal=0.1055 physics=0.2635 total=0.05816
[TRAIN] stage=finetune epoch=2/2 batch=8979/87647 step=387920 repair=0.06562 localization=0 type=0 minimal=0.07648 physics=0.1531 total=0.07404
[TRAIN] stage=finetune epoch=2/2 batch=8989/87647 step=387930 repair=0.08 localization=0 type=0 minimal=0.06897 physics=0.5589 total=0.1086
[TRAIN] stage=finetune epoch=2/2 batch=8999/87647 step=387940 repair=0.1097 localization=0 type=0 minimal=0.05768 physics=0.7711 total=0.1488
[TRAIN] stage=finetune epoch=2/2 batch=9009/87647 step=387950 repair=0.1251 localization=0 type=0 minimal=0.06161 physics=0.4078 total=0.1461
[TRAIN] stage=finetune epoch=2/2 batch=9019/87647 step=387960 repair=0.06762 localization=0 type=0 minimal=0.0849 physics=0.3303 total=0.08499
[TRAIN] stage=finetune epoch=2/2 batch=9029/87647 step=387970 repair=0.1325 localization=0 type=0 minimal=0.07703 physics=0.431 total=0.1548
[TRAIN] stage=finetune epoch=2/2 batch=9039/87647 step=387980 repair=0.06466 localization=0 type=0 minimal=0.0946 physics=0.4032 total=0.08576
[TRAIN] stage=finetune epoch=2/2 batch=9049/87647 step=387990 repair=0.0987 localization=0 type=0 minimal=0.08667 physics=0.3824 total=0.1187
[TRAIN] stage=finetune epoch=2/2 batch=9059/87647 step=388000 repair=0.06297 localization=0 type=0 minimal=0.09393 physics=0.3672 total=0.08227
[TRAIN] stage=finetune epoch=2/2 batch=9069/87647 step=388010 repair=0.06568 localization=0 type=0 minimal=0.09247 physics=0.361 total=0.08465
[TRAIN] stage=finetune epoch=2/2 batch=9079/87647 step=388020 repair=0.1459 localization=0 type=0 minimal=0.06525 physics=0.4747 total=0.1703
[TRAIN] stage=finetune epoch=2/2 batch=9089/87647 step=388030 repair=0.1143 localization=0 type=0 minimal=0.06689 physics=0.414 total=0.1357
[TRAIN] stage=finetune epoch=2/2 batch=9099/87647 step=388040 repair=0.1202 localization=0 type=0 minimal=0.06836 physics=0.4136 total=0.1416
[TRAIN] stage=finetune epoch=2/2 batch=9109/87647 step=388050 repair=0.107 localization=0 type=0 minimal=0.08728 physics=0.4855 total=0.1322
[TRAIN] stage=finetune epoch=2/2 batch=9119/87647 step=388060 repair=0.1671 localization=0 type=0 minimal=0.06854 physics=0.3754 total=0.1866
[TRAIN] stage=finetune epoch=2/2 batch=9129/87647 step=388070 repair=0.04508 localization=0 type=0 minimal=0.1036 physics=0.3353 total=0.06288
[TRAIN] stage=finetune epoch=2/2 batch=9139/87647 step=388080 repair=0.1022 localization=0 type=0 minimal=0.09027 physics=0.3358 total=0.1199
[TRAIN] stage=finetune epoch=2/2 batch=9149/87647 step=388090 repair=0.04708 localization=0 type=0 minimal=0.1078 physics=0.2619 total=0.06125
[TRAIN] stage=finetune epoch=2/2 batch=9159/87647 step=388100 repair=0.1017 localization=0 type=0 minimal=0.08258 physics=0.4035 total=0.1227
[TRAIN] stage=finetune epoch=2/2 batch=9169/87647 step=388110 repair=0.1079 localization=0 type=0 minimal=0.07159 physics=0.4524 total=0.1312
[TRAIN] stage=finetune epoch=2/2 batch=9179/87647 step=388120 repair=0.06471 localization=0 type=0 minimal=0.0929 physics=0.4003 total=0.08565
[TRAIN] stage=finetune epoch=2/2 batch=9189/87647 step=388130 repair=0.1053 localization=0 type=0 minimal=0.08929 physics=0.3506 total=0.1238
[TRAIN] stage=finetune epoch=2/2 batch=9199/87647 step=388140 repair=0.1187 localization=0 type=0 minimal=0.0719 physics=0.4024 total=0.1395
[TRAIN] stage=finetune epoch=2/2 batch=9209/87647 step=388150 repair=0.1175 localization=0 type=0 minimal=0.06561 physics=0.3421 total=0.1352
[TRAIN] stage=finetune epoch=2/2 batch=9219/87647 step=388160 repair=0.122 localization=0 type=0 minimal=0.06512 physics=0.3168 total=0.1385
[TRAIN] stage=finetune epoch=2/2 batch=9229/87647 step=388170 repair=0.1063 localization=0 type=0 minimal=0.08948 physics=0.3533 total=0.1248
[TRAIN] stage=finetune epoch=2/2 batch=9239/87647 step=388180 repair=0.1296 localization=0 type=0 minimal=0.0661 physics=0.3542 total=0.1479
[TRAIN] stage=finetune epoch=2/2 batch=9249/87647 step=388190 repair=0.04617 localization=0 type=0 minimal=0.09613 physics=0.4259 total=0.06843
[TRAIN] stage=finetune epoch=2/2 batch=9259/87647 step=388200 repair=0.0678 localization=0 type=0 minimal=0.08844 physics=0.2358 total=0.08048
[TRAIN] stage=finetune epoch=2/2 batch=9269/87647 step=388210 repair=0.09623 localization=0 type=0 minimal=0.08527 physics=0.4785 total=0.121
[TRAIN] stage=finetune epoch=2/2 batch=9279/87647 step=388220 repair=0.1051 localization=0 type=0 minimal=0.06836 physics=0.2677 total=0.1191
[TRAIN] stage=finetune epoch=2/2 batch=9289/87647 step=388230 repair=0.09868 localization=0 type=0 minimal=0.07758 physics=0.2535 total=0.1121
[TRAIN] stage=finetune epoch=2/2 batch=9299/87647 step=388240 repair=0.05015 localization=0 type=0 minimal=0.1067 physics=0.3302 total=0.06773
[TRAIN] stage=finetune epoch=2/2 batch=9309/87647 step=388250 repair=0.1063 localization=0 type=0 minimal=0.09094 physics=0.3965 total=0.127
[TRAIN] stage=finetune epoch=2/2 batch=9319/87647 step=388260 repair=0.0593 localization=0 type=0 minimal=0.08948 physics=0.3192 total=0.07615
[TRAIN] stage=finetune epoch=2/2 batch=9329/87647 step=388270 repair=0.1272 localization=0 type=0 minimal=0.07672 physics=0.3735 total=0.1467
[TRAIN] stage=finetune epoch=2/2 batch=9339/87647 step=388280 repair=0.1199 localization=0 type=0 minimal=0.07434 physics=0.3235 total=0.1368
[TRAIN] stage=finetune epoch=2/2 batch=9349/87647 step=388290 repair=0.09189 localization=0 type=0 minimal=0.08752 physics=0.3584 total=0.1107
[TRAIN] stage=finetune epoch=2/2 batch=9359/87647 step=388300 repair=0.1299 localization=0 type=0 minimal=0.06934 physics=0.3331 total=0.1473
[TRAIN] stage=finetune epoch=2/2 batch=9369/87647 step=388310 repair=0.1394 localization=0 type=0 minimal=0.06903 physics=0.3381 total=0.157
[TRAIN] stage=finetune epoch=2/2 batch=9379/87647 step=388320 repair=0.08683 localization=0 type=0 minimal=0.07855 physics=0.3878 total=0.107
[TRAIN] stage=finetune epoch=2/2 batch=9389/87647 step=388330 repair=0.1062 localization=0 type=0 minimal=0.08502 physics=0.4207 total=0.1281
[TRAIN] stage=finetune epoch=2/2 batch=9399/87647 step=388340 repair=0.06647 localization=0 type=0 minimal=0.09399 physics=0.3534 total=0.08508
[TRAIN] stage=finetune epoch=2/2 batch=9409/87647 step=388350 repair=0.06582 localization=0 type=0 minimal=0.09521 physics=0.3556 total=0.08455
[TRAIN] stage=finetune epoch=2/2 batch=9419/87647 step=388360 repair=0.1118 localization=0 type=0 minimal=0.07147 physics=0.3676 total=0.1309
[TRAIN] stage=finetune epoch=2/2 batch=9429/87647 step=388370 repair=0.09203 localization=0 type=0 minimal=0.07483 physics=0.3299 total=0.1093
[TRAIN] stage=finetune epoch=2/2 batch=9439/87647 step=388380 repair=0.1188 localization=0 type=0 minimal=0.06573 physics=0.3278 total=0.1359
[TRAIN] stage=finetune epoch=2/2 batch=9449/87647 step=388390 repair=0.1059 localization=0 type=0 minimal=0.0816 physics=0.6463 total=0.139
[TRAIN] stage=finetune epoch=2/2 batch=9459/87647 step=388400 repair=0.06334 localization=0 type=0 minimal=0.09521 physics=0.3028 total=0.07943
[TRAIN] stage=finetune epoch=2/2 batch=9469/87647 step=388410 repair=0.0975 localization=0 type=0 minimal=0.08533 physics=0.4324 total=0.12
[TRAIN] stage=finetune epoch=2/2 batch=9479/87647 step=388420 repair=0.05839 localization=0 type=0 minimal=0.08392 physics=0.3794 total=0.0782
[TRAIN] stage=finetune epoch=2/2 batch=9489/87647 step=388430 repair=0.05951 localization=0 type=0 minimal=0.08575 physics=0.3017 total=0.07545
[TRAIN] stage=finetune epoch=2/2 batch=9499/87647 step=388440 repair=0.08325 localization=0 type=0 minimal=0.08008 physics=0.3622 total=0.1022
[TRAIN] stage=finetune epoch=2/2 batch=9509/87647 step=388450 repair=0.09889 localization=0 type=0 minimal=0.09094 physics=0.33 total=0.1163
[TRAIN] stage=finetune epoch=2/2 batch=9519/87647 step=388460 repair=0.06127 localization=0 type=0 minimal=0.09552 physics=0.3335 total=0.0789
[TRAIN] stage=finetune epoch=2/2 batch=9529/87647 step=388470 repair=0.07931 localization=0 type=0 minimal=0.08099 physics=0.3783 total=0.09903
[TRAIN] stage=finetune epoch=2/2 batch=9539/87647 step=388480 repair=0.09714 localization=0 type=0 minimal=0.08911 physics=0.3641 total=0.1162
[TRAIN] stage=finetune epoch=2/2 batch=9549/87647 step=388490 repair=0.05859 localization=0 type=0 minimal=0.08612 physics=0.3956 total=0.07923
[TRAIN] stage=finetune epoch=2/2 batch=9559/87647 step=388500 repair=0.1075 localization=0 type=0 minimal=0.06168 physics=0.4014 total=0.1282
[TRAIN] stage=finetune epoch=2/2 batch=9569/87647 step=388510 repair=0.1551 localization=0 type=0 minimal=0.06021 physics=0.3716 total=0.1743
[TRAIN] stage=finetune epoch=2/2 batch=9579/87647 step=388520 repair=0.1554 localization=0 type=0 minimal=0.06415 physics=0.5057 total=0.1814
[TRAIN] stage=finetune epoch=2/2 batch=9589/87647 step=388530 repair=0.1561 localization=0 type=0 minimal=0.06573 physics=0.4739 total=0.1804
[TRAIN] stage=finetune epoch=2/2 batch=9599/87647 step=388540 repair=0.06813 localization=0 type=0 minimal=0.09137 physics=0.4043 total=0.08926
[TRAIN] stage=finetune epoch=2/2 batch=9609/87647 step=388550 repair=0.1039 localization=0 type=0 minimal=0.07184 physics=0.4566 total=0.1275
[TRAIN] stage=finetune epoch=2/2 batch=9619/87647 step=388560 repair=0.1106 localization=0 type=0 minimal=0.08795 physics=0.4728 total=0.1351
[TRAIN] stage=finetune epoch=2/2 batch=9629/87647 step=388570 repair=0.1353 localization=0 type=0 minimal=0.0694 physics=0.4704 total=0.1595
[TRAIN] stage=finetune epoch=2/2 batch=9639/87647 step=388580 repair=0.1305 localization=0 type=0 minimal=0.07513 physics=0.3626 total=0.1494
[TRAIN] stage=finetune epoch=2/2 batch=9649/87647 step=388590 repair=0.1312 localization=0 type=0 minimal=0.06366 physics=0.3455 total=0.1491
[TRAIN] stage=finetune epoch=2/2 batch=9659/87647 step=388600 repair=0.07239 localization=0 type=0 minimal=0.09039 physics=0.3465 total=0.09062
[TRAIN] stage=finetune epoch=2/2 batch=9669/87647 step=388610 repair=0.103 localization=0 type=0 minimal=0.08826 physics=0.49 total=0.1283
[TRAIN] stage=finetune epoch=2/2 batch=9679/87647 step=388620 repair=0.06132 localization=0 type=0 minimal=0.08679 physics=0.3434 total=0.07936
[TRAIN] stage=finetune epoch=2/2 batch=9689/87647 step=388630 repair=0.0432 localization=0 type=0 minimal=0.09875 physics=0.3341 total=0.06089
[TRAIN] stage=finetune epoch=2/2 batch=9699/87647 step=388640 repair=0.1078 localization=0 type=0 minimal=0.08301 physics=0.4279 total=0.13
[TRAIN] stage=finetune epoch=2/2 batch=9709/87647 step=388650 repair=0.08599 localization=0 type=0 minimal=0.07501 physics=0.341 total=0.1038
[TRAIN] stage=finetune epoch=2/2 batch=9719/87647 step=388660 repair=0.102 localization=0 type=0 minimal=0.08636 physics=0.3636 total=0.1211
[TRAIN] stage=finetune epoch=2/2 batch=9729/87647 step=388670 repair=0.06525 localization=0 type=0 minimal=0.08978 physics=0.4073 total=0.08651
[TRAIN] stage=finetune epoch=2/2 batch=9739/87647 step=388680 repair=0.1493 localization=0 type=0 minimal=0.06873 physics=0.4128 total=0.1706
[TRAIN] stage=finetune epoch=2/2 batch=9749/87647 step=388690 repair=0.1598 localization=0 type=0 minimal=0.0683 physics=0.3497 total=0.1779
[TRAIN] stage=finetune epoch=2/2 batch=9759/87647 step=388700 repair=0.04211 localization=0 type=0 minimal=0.1024 physics=0.35 total=0.06063
[TRAIN] stage=finetune epoch=2/2 batch=9769/87647 step=388710 repair=0.06347 localization=0 type=0 minimal=0.09259 physics=0.3359 total=0.08119
[TRAIN] stage=finetune epoch=2/2 batch=9779/87647 step=388720 repair=0.1642 localization=0 type=0 minimal=0.0639 physics=0.4618 total=0.1879
[TRAIN] stage=finetune epoch=2/2 batch=9789/87647 step=388730 repair=0.04463 localization=0 type=0 minimal=0.113 physics=0.4602 total=0.06877
[TRAIN] stage=finetune epoch=2/2 batch=9799/87647 step=388740 repair=0.09744 localization=0 type=0 minimal=0.08649 physics=0.3849 total=0.1175
[TRAIN] stage=finetune epoch=2/2 batch=9809/87647 step=388750 repair=0.05032 localization=0 type=0 minimal=0.1097 physics=0.359 total=0.06936
[TRAIN] stage=finetune epoch=2/2 batch=9819/87647 step=388760 repair=0.08954 localization=0 type=0 minimal=0.07892 physics=0.3513 total=0.1079
[TRAIN] stage=finetune epoch=2/2 batch=9829/87647 step=388770 repair=0.06456 localization=0 type=0 minimal=0.08966 physics=0.419 total=0.0864
[TRAIN] stage=finetune epoch=2/2 batch=9839/87647 step=388780 repair=0.1003 localization=0 type=0 minimal=0.08698 physics=0.3592 total=0.1191
[TRAIN] stage=finetune epoch=2/2 batch=9849/87647 step=388790 repair=0.1362 localization=0 type=0 minimal=0.0777 physics=0.4061 total=0.1573
[TRAIN] stage=finetune epoch=2/2 batch=9859/87647 step=388800 repair=0.09529 localization=0 type=0 minimal=0.08331 physics=0.39 total=0.1156
[TRAIN] stage=finetune epoch=2/2 batch=9869/87647 step=388810 repair=0.07325 localization=0 type=0 minimal=0.09698 physics=0.32 total=0.09022
[TRAIN] stage=finetune epoch=2/2 batch=9879/87647 step=388820 repair=0.06398 localization=0 type=0 minimal=0.09607 physics=0.285 total=0.07919
[TRAIN] stage=finetune epoch=2/2 batch=9889/87647 step=388830 repair=0.09257 localization=0 type=0 minimal=0.08789 physics=0.4136 total=0.1141
[TRAIN] stage=finetune epoch=2/2 batch=9899/87647 step=388840 repair=0.1464 localization=0 type=0 minimal=0.06683 physics=0.3465 total=0.1644
[TRAIN] stage=finetune epoch=2/2 batch=9909/87647 step=388850 repair=0.09826 localization=0 type=0 minimal=0.08221 physics=0.2987 total=0.114
[TRAIN] stage=finetune epoch=2/2 batch=9919/87647 step=388860 repair=0.06875 localization=0 type=0 minimal=0.08514 physics=0.3409 total=0.08665
[TRAIN] stage=finetune epoch=2/2 batch=9929/87647 step=388870 repair=0.1415 localization=0 type=0 minimal=0.06061 physics=0.3773 total=0.1609
[TRAIN] stage=finetune epoch=2/2 batch=9939/87647 step=388880 repair=0.1617 localization=0 type=0 minimal=0.06299 physics=0.407 total=0.1827
[TRAIN] stage=finetune epoch=2/2 batch=9949/87647 step=388890 repair=0.1163 localization=0 type=0 minimal=0.07404 physics=0.3257 total=0.1334
[TRAIN] stage=finetune epoch=2/2 batch=9959/87647 step=388900 repair=0.06249 localization=0 type=0 minimal=0.09393 physics=0.3368 total=0.08026
[TRAIN] stage=finetune epoch=2/2 batch=9969/87647 step=388910 repair=0.1242 localization=0 type=0 minimal=0.0744 physics=0.385 total=0.1442
[TRAIN] stage=finetune epoch=2/2 batch=9979/87647 step=388920 repair=0.09257 localization=0 type=0 minimal=0.08435 physics=0.3202 total=0.1094
[TRAIN] stage=finetune epoch=2/2 batch=9989/87647 step=388930 repair=0.1073 localization=0 type=0 minimal=0.09082 physics=0.3387 total=0.1251
[TRAIN] stage=finetune epoch=2/2 batch=9999/87647 step=388940 repair=0.06745 localization=0 type=0 minimal=0.09448 physics=0.3436 total=0.08557
[TRAIN] stage=finetune epoch=2/2 batch=10009/87647 step=388950 repair=0.1308 localization=0 type=0 minimal=0.07416 physics=0.3654 total=0.1498
[TRAIN] stage=finetune epoch=2/2 batch=10019/87647 step=388960 repair=0.1015 localization=0 type=0 minimal=0.08655 physics=0.355 total=0.1201
[TRAIN] stage=finetune epoch=2/2 batch=10029/87647 step=388970 repair=0.1145 localization=0 type=0 minimal=0.07513 physics=0.3526 total=0.1329
[TRAIN] stage=finetune epoch=2/2 batch=10039/87647 step=388980 repair=0.06268 localization=0 type=0 minimal=0.08826 physics=0.2986 total=0.07849
[TRAIN] stage=finetune epoch=2/2 batch=10049/87647 step=388990 repair=0.1166 localization=0 type=0 minimal=0.0708 physics=0.2974 total=0.1321
[TRAIN] stage=finetune epoch=2/2 batch=10059/87647 step=389000 repair=0.1123 localization=0 type=0 minimal=0.073 physics=0.2955 total=0.1278
[TRAIN] stage=finetune epoch=2/2 batch=10069/87647 step=389010 repair=0.06514 localization=0 type=0 minimal=0.09479 physics=0.3234 total=0.08225
[TRAIN] stage=finetune epoch=2/2 batch=10079/87647 step=389020 repair=0.1129 localization=0 type=0 minimal=0.08539 physics=0.2646 total=0.127
[TRAIN] stage=finetune epoch=2/2 batch=10089/87647 step=389030 repair=0.06112 localization=0 type=0 minimal=0.07904 physics=0.2621 total=0.07502
[TRAIN] stage=finetune epoch=2/2 batch=10099/87647 step=389040 repair=0.1131 localization=0 type=0 minimal=0.06775 physics=0.347 total=0.1311
[TRAIN] stage=finetune epoch=2/2 batch=10109/87647 step=389050 repair=0.1191 localization=0 type=0 minimal=0.08118 physics=0.3228 total=0.136
[TRAIN] stage=finetune epoch=2/2 batch=10119/87647 step=389060 repair=0.116 localization=0 type=0 minimal=0.08337 physics=0.2596 total=0.1298
[TRAIN] stage=finetune epoch=2/2 batch=10129/87647 step=389070 repair=0.06629 localization=0 type=0 minimal=0.09607 physics=0.3148 total=0.08299
[TRAIN] stage=finetune epoch=2/2 batch=10139/87647 step=389080 repair=0.1085 localization=0 type=0 minimal=0.07452 physics=0.3641 total=0.1274
[TRAIN] stage=finetune epoch=2/2 batch=10149/87647 step=389090 repair=0.05874 localization=0 type=0 minimal=0.09424 physics=0.3306 total=0.07621
[TRAIN] stage=finetune epoch=2/2 batch=10159/87647 step=389100 repair=0.09434 localization=0 type=0 minimal=0.08777 physics=0.3707 total=0.1138
[TRAIN] stage=finetune epoch=2/2 batch=10169/87647 step=389110 repair=0.1507 localization=0 type=0 minimal=0.06384 physics=0.3643 total=0.1696
[TRAIN] stage=finetune epoch=2/2 batch=10179/87647 step=389120 repair=0.06063 localization=0 type=0 minimal=0.08661 physics=0.3482 total=0.0789
[TRAIN] stage=finetune epoch=2/2 batch=10189/87647 step=389130 repair=0.09124 localization=0 type=0 minimal=0.07825 physics=0.3594 total=0.11
[TRAIN] stage=finetune epoch=2/2 batch=10199/87647 step=389140 repair=0.09979 localization=0 type=0 minimal=0.08795 physics=0.3129 total=0.1163
[TRAIN] stage=finetune epoch=2/2 batch=10209/87647 step=389150 repair=0.04601 localization=0 type=0 minimal=0.1049 physics=0.3005 total=0.06208
[TRAIN] stage=finetune epoch=2/2 batch=10219/87647 step=389160 repair=0.1413 localization=0 type=0 minimal=0.06158 physics=0.301 total=0.1569
[TRAIN] stage=finetune epoch=2/2 batch=10229/87647 step=389170 repair=0.1016 localization=0 type=0 minimal=0.08612 physics=0.2169 total=0.1133
[TRAIN] stage=finetune epoch=2/2 batch=10239/87647 step=389180 repair=0.05926 localization=0 type=0 minimal=0.09515 physics=0.2662 total=0.07353
[TRAIN] stage=finetune epoch=2/2 batch=10249/87647 step=389190 repair=0.1124 localization=0 type=0 minimal=0.07123 physics=0.3824 total=0.1323
[TRAIN] stage=finetune epoch=2/2 batch=10259/87647 step=389200 repair=0.06157 localization=0 type=0 minimal=0.0863 physics=0.2998 total=0.07743
[TRAIN] stage=finetune epoch=2/2 batch=10269/87647 step=389210 repair=0.08308 localization=0 type=0 minimal=0.07971 physics=0.3026 total=0.09901
[TRAIN] stage=finetune epoch=2/2 batch=10279/87647 step=389220 repair=0.04713 localization=0 type=0 minimal=0.1118 physics=0.285 total=0.0625
[TRAIN] stage=finetune epoch=2/2 batch=10289/87647 step=389230 repair=0.07036 localization=0 type=0 minimal=0.0932 physics=0.2797 total=0.08528
[TRAIN] stage=finetune epoch=2/2 batch=10299/87647 step=389240 repair=0.07778 localization=0 type=0 minimal=0.07642 physics=0.2688 total=0.09199
[TRAIN] stage=finetune epoch=2/2 batch=10309/87647 step=389250 repair=0.06511 localization=0 type=0 minimal=0.08942 physics=0.3268 total=0.08234
[TRAIN] stage=finetune epoch=2/2 batch=10319/87647 step=389260 repair=0.1065 localization=0 type=0 minimal=0.08759 physics=0.2967 total=0.1222
[TRAIN] stage=finetune epoch=2/2 batch=10329/87647 step=389270 repair=0.09295 localization=0 type=0 minimal=0.08679 physics=0.4504 total=0.1163
[TRAIN] stage=finetune epoch=2/2 batch=10339/87647 step=389280 repair=0.06165 localization=0 type=0 minimal=0.08905 physics=0.3695 total=0.08101
[TRAIN] stage=finetune epoch=2/2 batch=10349/87647 step=389290 repair=0.06537 localization=0 type=0 minimal=0.08838 physics=0.4055 total=0.08653
[TRAIN] stage=finetune epoch=2/2 batch=10359/87647 step=389300 repair=0.1194 localization=0 type=0 minimal=0.073 physics=0.4932 total=0.1448
[TRAIN] stage=finetune epoch=2/2 batch=10369/87647 step=389310 repair=0.07888 localization=0 type=0 minimal=0.07727 physics=0.3475 total=0.09702
[TRAIN] stage=finetune epoch=2/2 batch=10379/87647 step=389320 repair=0.07551 localization=0 type=0 minimal=0.07465 physics=0.3526 total=0.09389
[TRAIN] stage=finetune epoch=2/2 batch=10389/87647 step=389330 repair=0.1619 localization=0 type=0 minimal=0.06451 physics=0.3456 total=0.1798
[TRAIN] stage=finetune epoch=2/2 batch=10399/87647 step=389340 repair=0.1202 localization=0 type=0 minimal=0.06897 physics=0.3612 total=0.1389
[TRAIN] stage=finetune epoch=2/2 batch=10409/87647 step=389350 repair=0.1131 localization=0 type=0 minimal=0.08185 physics=0.3369 total=0.1307
[TRAIN] stage=finetune epoch=2/2 batch=10419/87647 step=389360 repair=0.04457 localization=0 type=0 minimal=0.1099 physics=0.4542 total=0.06837
[TRAIN] stage=finetune epoch=2/2 batch=10429/87647 step=389370 repair=0.1544 localization=0 type=0 minimal=0.06726 physics=0.3099 total=0.1706
[TRAIN] stage=finetune epoch=2/2 batch=10439/87647 step=389380 repair=0.05824 localization=0 type=0 minimal=0.08777 physics=0.3496 total=0.0766
[TRAIN] stage=finetune epoch=2/2 batch=10449/87647 step=389390 repair=0.1159 localization=0 type=0 minimal=0.06805 physics=0.3796 total=0.1355
[TRAIN] stage=finetune epoch=2/2 batch=10459/87647 step=389400 repair=0.07252 localization=0 type=0 minimal=0.07941 physics=0.3565 total=0.09114
[TRAIN] stage=finetune epoch=2/2 batch=10469/87647 step=389410 repair=0.06223 localization=0 type=0 minimal=0.08746 physics=0.3378 total=0.08
[TRAIN] stage=finetune epoch=2/2 batch=10479/87647 step=389420 repair=0.1137 localization=0 type=0 minimal=0.08948 physics=0.3502 total=0.1321
[TRAIN] stage=finetune epoch=2/2 batch=10489/87647 step=389430 repair=0.09848 localization=0 type=0 minimal=0.08307 physics=0.3668 total=0.1176
[TRAIN] stage=finetune epoch=2/2 batch=10499/87647 step=389440 repair=0.04615 localization=0 type=0 minimal=0.09955 physics=0.287 total=0.06149
[TRAIN] stage=finetune epoch=2/2 batch=10509/87647 step=389450 repair=0.06192 localization=0 type=0 minimal=0.09045 physics=0.2602 total=0.07584
[TRAIN] stage=finetune epoch=2/2 batch=10519/87647 step=389460 repair=0.06563 localization=0 type=0 minimal=0.09033 physics=0.3576 total=0.08441
[TRAIN] stage=finetune epoch=2/2 batch=10529/87647 step=389470 repair=0.1033 localization=0 type=0 minimal=0.09076 physics=0.3441 total=0.1214
[TRAIN] stage=finetune epoch=2/2 batch=10539/87647 step=389480 repair=0.08394 localization=0 type=0 minimal=0.08337 physics=0.4989 total=0.1097
[TRAIN] stage=finetune epoch=2/2 batch=10549/87647 step=389490 repair=0.04869 localization=0 type=0 minimal=0.09863 physics=0.387 total=0.06902
[TRAIN] stage=finetune epoch=2/2 batch=10559/87647 step=389500 repair=0.1004 localization=0 type=0 minimal=0.08173 physics=0.4196 total=0.1222
[TRAIN] stage=finetune epoch=2/2 batch=10569/87647 step=389510 repair=0.1229 localization=0 type=0 minimal=0.07349 physics=0.4562 total=0.1465
[TRAIN] stage=finetune epoch=2/2 batch=10579/87647 step=389520 repair=0.1492 localization=0 type=0 minimal=0.06921 physics=0.53 total=0.1764
[TRAIN] stage=finetune epoch=2/2 batch=10589/87647 step=389530 repair=0.06196 localization=0 type=0 minimal=0.08966 physics=0.4362 total=0.08467
[TRAIN] stage=finetune epoch=2/2 batch=10599/87647 step=389540 repair=0.04588 localization=0 type=0 minimal=0.1044 physics=0.5176 total=0.0728
[TRAIN] stage=finetune epoch=2/2 batch=10609/87647 step=389550 repair=0.06932 localization=0 type=0 minimal=0.09198 physics=0.5108 total=0.09578
[TRAIN] stage=finetune epoch=2/2 batch=10619/87647 step=389560 repair=0.1081 localization=0 type=0 minimal=0.0849 physics=0.4445 total=0.1312
[TRAIN] stage=finetune epoch=2/2 batch=10629/87647 step=389570 repair=0.09866 localization=0 type=0 minimal=0.08362 physics=0.4323 total=0.1211
[TRAIN] stage=finetune epoch=2/2 batch=10639/87647 step=389580 repair=0.106 localization=0 type=0 minimal=0.0813 physics=0.4391 total=0.1288
[TRAIN] stage=finetune epoch=2/2 batch=10649/87647 step=389590 repair=0.09726 localization=0 type=0 minimal=0.0863 physics=0.5058 total=0.1234
[TRAIN] stage=finetune epoch=2/2 batch=10659/87647 step=389600 repair=0.1133 localization=0 type=0 minimal=0.07434 physics=0.5282 total=0.1404
[TRAIN] stage=finetune epoch=2/2 batch=10669/87647 step=389610 repair=0.1187 localization=0 type=0 minimal=0.07025 physics=0.5486 total=0.1468
[TRAIN] stage=finetune epoch=2/2 batch=10679/87647 step=389620 repair=0.04551 localization=0 type=0 minimal=0.09967 physics=0.4752 total=0.07027
[TRAIN] stage=finetune epoch=2/2 batch=10689/87647 step=389630 repair=0.1611 localization=0 type=0 minimal=0.05783 physics=0.5079 total=0.1871
[TRAIN] stage=finetune epoch=2/2 batch=10699/87647 step=389640 repair=0.0604 localization=0 type=0 minimal=0.09375 physics=0.4395 total=0.08331
[TRAIN] stage=finetune epoch=2/2 batch=10709/87647 step=389650 repair=0.04502 localization=0 type=0 minimal=0.109 physics=0.5173 total=0.07198
[TRAIN] stage=finetune epoch=2/2 batch=10719/87647 step=389660 repair=0.1141 localization=0 type=0 minimal=0.06781 physics=0.3887 total=0.1342
[TRAIN] stage=finetune epoch=2/2 batch=10729/87647 step=389670 repair=0.08621 localization=0 type=0 minimal=0.07941 physics=0.4492 total=0.1095
[TRAIN] stage=finetune epoch=2/2 batch=10739/87647 step=389680 repair=0.1339 localization=0 type=0 minimal=0.07349 physics=0.4717 total=0.1582
[TRAIN] stage=finetune epoch=2/2 batch=10749/87647 step=389690 repair=0.1081 localization=0 type=0 minimal=0.08887 physics=0.4654 total=0.1323
[TRAIN] stage=finetune epoch=2/2 batch=10759/87647 step=389700 repair=0.1183 localization=0 type=0 minimal=0.07556 physics=0.3917 total=0.1387
[TRAIN] stage=finetune epoch=2/2 batch=10769/87647 step=389710 repair=0.06616 localization=0 type=0 minimal=0.09399 physics=0.4023 total=0.08722
[TRAIN] stage=finetune epoch=2/2 batch=10779/87647 step=389720 repair=0.1148 localization=0 type=0 minimal=0.07928 physics=0.4532 total=0.1382
[TRAIN] stage=finetune epoch=2/2 batch=10789/87647 step=389730 repair=0.1656 localization=0 type=0 minimal=0.07391 physics=0.3853 total=0.1856
[TRAIN] stage=finetune epoch=2/2 batch=10799/87647 step=389740 repair=0.04909 localization=0 type=0 minimal=0.1112 physics=0.3657 total=0.06848
[TRAIN] stage=finetune epoch=2/2 batch=10809/87647 step=389750 repair=0.06516 localization=0 type=0 minimal=0.0918 physics=0.395 total=0.08583
[TRAIN] stage=finetune epoch=2/2 batch=10819/87647 step=389760 repair=0.06572 localization=0 type=0 minimal=0.09509 physics=0.4004 total=0.08669
[TRAIN] stage=finetune epoch=2/2 batch=10829/87647 step=389770 repair=0.1416 localization=0 type=0 minimal=0.06445 physics=0.6553 total=0.175
[TRAIN] stage=finetune epoch=2/2 batch=10839/87647 step=389780 repair=0.0483 localization=0 type=0 minimal=0.09735 physics=0.5012 total=0.07434
[TRAIN] stage=finetune epoch=2/2 batch=10849/87647 step=389790 repair=0.1498 localization=0 type=0 minimal=0.05453 physics=0.3498 total=0.1679
[TRAIN] stage=finetune epoch=2/2 batch=10859/87647 step=389800 repair=0.06304 localization=0 type=0 minimal=0.09125 physics=0.1995 total=0.07393
[TRAIN] stage=finetune epoch=2/2 batch=10869/87647 step=389810 repair=0.1046 localization=0 type=0 minimal=0.06866 physics=0.4887 total=0.1297
[TRAIN] stage=finetune epoch=2/2 batch=10879/87647 step=389820 repair=0.08391 localization=0 type=0 minimal=0.07043 physics=0.4328 total=0.1062
[TRAIN] stage=finetune epoch=2/2 batch=10889/87647 step=389830 repair=0.1559 localization=0 type=0 minimal=0.06409 physics=0.2237 total=0.1677
[TRAIN] stage=finetune epoch=2/2 batch=10899/87647 step=389840 repair=0.1071 localization=0 type=0 minimal=0.08386 physics=0.417 total=0.1288
[TRAIN] stage=finetune epoch=2/2 batch=10909/87647 step=389850 repair=0.06526 localization=0 type=0 minimal=0.09473 physics=0.3612 total=0.08427
[TRAIN] stage=finetune epoch=2/2 batch=10919/87647 step=389860 repair=0.0968 localization=0 type=0 minimal=0.08221 physics=0.3602 total=0.1156
[TRAIN] stage=finetune epoch=2/2 batch=10929/87647 step=389870 repair=0.0744 localization=0 type=0 minimal=0.07098 physics=0.3068 total=0.09046
[TRAIN] stage=finetune epoch=2/2 batch=10939/87647 step=389880 repair=0.08163 localization=0 type=0 minimal=0.06143 physics=0.2519 total=0.09485
[TRAIN] stage=finetune epoch=2/2 batch=10949/87647 step=389890 repair=0.06168 localization=0 type=0 minimal=0.08405 physics=0.221 total=0.07357
[TRAIN] stage=finetune epoch=2/2 batch=10959/87647 step=389900 repair=0.1296 localization=0 type=0 minimal=0.06927 physics=0.223 total=0.1415
[TRAIN] stage=finetune epoch=2/2 batch=10969/87647 step=389910 repair=0.08011 localization=0 type=0 minimal=0.0752 physics=0.449 total=0.1033
[TRAIN] stage=finetune epoch=2/2 batch=10979/87647 step=389920 repair=0.1418 localization=0 type=0 minimal=0.06799 physics=0.4534 total=0.1652
[TRAIN] stage=finetune epoch=2/2 batch=10989/87647 step=389930 repair=0.1416 localization=0 type=0 minimal=0.06451 physics=0.4935 total=0.1669
[TRAIN] stage=finetune epoch=2/2 batch=10999/87647 step=389940 repair=0.04682 localization=0 type=0 minimal=0.1058 physics=0.4247 total=0.06911
[TRAIN] stage=finetune epoch=2/2 batch=11009/87647 step=389950 repair=0.123 localization=0 type=0 minimal=0.06653 physics=0.405 total=0.1439
[TRAIN] stage=finetune epoch=2/2 batch=11019/87647 step=389960 repair=0.09116 localization=0 type=0 minimal=0.08685 physics=0.6156 total=0.1228
[TRAIN] stage=finetune epoch=2/2 batch=11029/87647 step=389970 repair=0.1192 localization=0 type=0 minimal=0.07288 physics=0.4531 total=0.1426
[TRAIN] stage=finetune epoch=2/2 batch=11039/87647 step=389980 repair=0.1138 localization=0 type=0 minimal=0.0705 physics=0.4568 total=0.1374
[TRAIN] stage=finetune epoch=2/2 batch=11049/87647 step=389990 repair=0.08174 localization=0 type=0 minimal=0.07373 physics=0.452 total=0.1051
[TRAIN] stage=finetune epoch=2/2 batch=11059/87647 step=390000 repair=0.06974 localization=0 type=0 minimal=0.08887 physics=0.4927 total=0.09527
[TRAIN] stage=finetune epoch=2/2 batch=11069/87647 step=390010 repair=0.06319 localization=0 type=0 minimal=0.08521 physics=0.4928 total=0.08868
[TRAIN] stage=finetune epoch=2/2 batch=11079/87647 step=390020 repair=0.0685 localization=0 type=0 minimal=0.09222 physics=0.4551 total=0.09217
[TRAIN] stage=finetune epoch=2/2 batch=11089/87647 step=390030 repair=0.06662 localization=0 type=0 minimal=0.09961 physics=0.5666 total=0.09594
[TRAIN] stage=finetune epoch=2/2 batch=11099/87647 step=390040 repair=0.1079 localization=0 type=0 minimal=0.06982 physics=0.5167 total=0.1344
[TRAIN] stage=finetune epoch=2/2 batch=11109/87647 step=390050 repair=0.06165 localization=0 type=0 minimal=0.08905 physics=0.5314 total=0.08911
[TRAIN] stage=finetune epoch=2/2 batch=11119/87647 step=390060 repair=0.04436 localization=0 type=0 minimal=0.1051 physics=0.572 total=0.07401
[TRAIN] stage=finetune epoch=2/2 batch=11129/87647 step=390070 repair=0.0703 localization=0 type=0 minimal=0.0954 physics=0.6139 total=0.102
[TRAIN] stage=finetune epoch=2/2 batch=11139/87647 step=390080 repair=0.09848 localization=0 type=0 minimal=0.09033 physics=0.6637 total=0.1326
[TRAIN] stage=finetune epoch=2/2 batch=11149/87647 step=390090 repair=0.06935 localization=0 type=0 minimal=0.09509 physics=0.6177 total=0.1012
[TRAIN] stage=finetune epoch=2/2 batch=11159/87647 step=390100 repair=0.1145 localization=0 type=0 minimal=0.07257 physics=0.6009 total=0.1452
[TRAIN] stage=finetune epoch=2/2 batch=11169/87647 step=390110 repair=0.09833 localization=0 type=0 minimal=0.08826 physics=0.5816 total=0.1283
[TRAIN] stage=finetune epoch=2/2 batch=11179/87647 step=390120 repair=0.04507 localization=0 type=0 minimal=0.104 physics=0.5817 total=0.07519
[TRAIN] stage=finetune epoch=2/2 batch=11189/87647 step=390130 repair=0.1504 localization=0 type=0 minimal=0.05875 physics=0.4547 total=0.1737
[TRAIN] stage=finetune epoch=2/2 batch=11199/87647 step=390140 repair=0.1137 localization=0 type=0 minimal=0.07013 physics=0.3899 total=0.1339
[TRAIN] stage=finetune epoch=2/2 batch=11209/87647 step=390150 repair=0.1011 localization=0 type=0 minimal=0.08728 physics=0.403 total=0.1221
[TRAIN] stage=finetune epoch=2/2 batch=11219/87647 step=390160 repair=0.06914 localization=0 type=0 minimal=0.08337 physics=0.345 total=0.08722
[TRAIN] stage=finetune epoch=2/2 batch=11229/87647 step=390170 repair=0.04803 localization=0 type=0 minimal=0.103 physics=0.6985 total=0.08399
[TRAIN] stage=finetune epoch=2/2 batch=11239/87647 step=390180 repair=0.1406 localization=0 type=0 minimal=0.06714 physics=0.4477 total=0.1637
[TRAIN] stage=finetune epoch=2/2 batch=11249/87647 step=390190 repair=0.06518 localization=0 type=0 minimal=0.08069 physics=0.5271 total=0.09234
[TRAIN] stage=finetune epoch=2/2 batch=11259/87647 step=390200 repair=0.1223 localization=0 type=0 minimal=0.07043 physics=0.6581 total=0.1559
[TRAIN] stage=finetune epoch=2/2 batch=11269/87647 step=390210 repair=0.09247 localization=0 type=0 minimal=0.07574 physics=0.4854 total=0.1175
[TRAIN] stage=finetune epoch=2/2 batch=11279/87647 step=390220 repair=0.1595 localization=0 type=0 minimal=0.06195 physics=0.4083 total=0.1806
[TRAIN] stage=finetune epoch=2/2 batch=11289/87647 step=390230 repair=0.05924 localization=0 type=0 minimal=0.09137 physics=0.4454 total=0.08243
[TRAIN] stage=finetune epoch=2/2 batch=11299/87647 step=390240 repair=0.08354 localization=0 type=0 minimal=0.08307 physics=0.4913 total=0.1089
[TRAIN] stage=finetune epoch=2/2 batch=11309/87647 step=390250 repair=0.06739 localization=0 type=0 minimal=0.0932 physics=0.4892 total=0.09278
[TRAIN] stage=finetune epoch=2/2 batch=11319/87647 step=390260 repair=0.1068 localization=0 type=0 minimal=0.08954 physics=0.5367 total=0.1345
[TRAIN] stage=finetune epoch=2/2 batch=11329/87647 step=390270 repair=0.1581 localization=0 type=0 minimal=0.06543 physics=0.5446 total=0.186
[TRAIN] stage=finetune epoch=2/2 batch=11339/87647 step=390280 repair=0.1035 localization=0 type=0 minimal=0.0885 physics=0.4732 total=0.128
[TRAIN] stage=finetune epoch=2/2 batch=11349/87647 step=390290 repair=0.08356 localization=0 type=0 minimal=0.08002 physics=0.4658 total=0.1077
[TRAIN] stage=finetune epoch=2/2 batch=11359/87647 step=390300 repair=0.1316 localization=0 type=0 minimal=0.07202 physics=0.4634 total=0.1555
[TRAIN] stage=finetune epoch=2/2 batch=11369/87647 step=390310 repair=0.119 localization=0 type=0 minimal=0.07605 physics=0.4577 total=0.1426
[TRAIN] stage=finetune epoch=2/2 batch=11379/87647 step=390320 repair=0.09445 localization=0 type=0 minimal=0.08478 physics=0.4315 total=0.1169
[TRAIN] stage=finetune epoch=2/2 batch=11389/87647 step=390330 repair=0.07215 localization=0 type=0 minimal=0.09125 physics=0.3672 total=0.09142
[TRAIN] stage=finetune epoch=2/2 batch=11399/87647 step=390340 repair=0.1127 localization=0 type=0 minimal=0.06091 physics=0.1978 total=0.1232
[TRAIN] stage=finetune epoch=2/2 batch=11409/87647 step=390350 repair=0.158 localization=0 type=0 minimal=0.06549 physics=0.5925 total=0.1883
[TRAIN] stage=finetune epoch=2/2 batch=11419/87647 step=390360 repair=0.136 localization=0 type=0 minimal=0.08197 physics=0.5702 total=0.1653
[TRAIN] stage=finetune epoch=2/2 batch=11429/87647 step=390370 repair=0.0701 localization=0 type=0 minimal=0.08636 physics=0.4187 total=0.0919
[TRAIN] stage=finetune epoch=2/2 batch=11439/87647 step=390380 repair=0.06434 localization=0 type=0 minimal=0.08405 physics=0.3504 total=0.08271
[TRAIN] stage=finetune epoch=2/2 batch=11449/87647 step=390390 repair=0.116 localization=0 type=0 minimal=0.0661 physics=0.4676 total=0.14
[TRAIN] stage=finetune epoch=2/2 batch=11459/87647 step=390400 repair=0.1569 localization=0 type=0 minimal=0.06915 physics=0.492 total=0.1822
[TRAIN] stage=finetune epoch=2/2 batch=11469/87647 step=390410 repair=0.06537 localization=0 type=0 minimal=0.09351 physics=0.4807 total=0.09034
[TRAIN] stage=finetune epoch=2/2 batch=11479/87647 step=390420 repair=0.1196 localization=0 type=0 minimal=0.08374 physics=0.2728 total=0.1341
[TRAIN] stage=finetune epoch=2/2 batch=11489/87647 step=390430 repair=0.043 localization=0 type=0 minimal=0.1013 physics=0.4261 total=0.06532
[TRAIN] stage=finetune epoch=2/2 batch=11499/87647 step=390440 repair=0.06186 localization=0 type=0 minimal=0.08557 physics=0.4108 total=0.08326
[TRAIN] stage=finetune epoch=2/2 batch=11509/87647 step=390450 repair=0.1736 localization=0 type=0 minimal=0.06921 physics=0.4882 total=0.1987
[TRAIN] stage=finetune epoch=2/2 batch=11519/87647 step=390460 repair=0.07705 localization=0 type=0 minimal=0.07959 physics=0.4413 total=0.09991
[TRAIN] stage=finetune epoch=2/2 batch=11529/87647 step=390470 repair=0.0445 localization=0 type=0 minimal=0.1037 physics=0.3408 total=0.06258
[TRAIN] stage=finetune epoch=2/2 batch=11539/87647 step=390480 repair=0.06239 localization=0 type=0 minimal=0.091 physics=0.3358 total=0.08009
[TRAIN] stage=finetune epoch=2/2 batch=11549/87647 step=390490 repair=0.161 localization=0 type=0 minimal=0.06537 physics=0.5253 total=0.1879
[TRAIN] stage=finetune epoch=2/2 batch=11559/87647 step=390500 repair=0.09823 localization=0 type=0 minimal=0.08899 physics=0.4401 total=0.1211
[TRAIN] stage=finetune epoch=2/2 batch=11569/87647 step=390510 repair=0.118 localization=0 type=0 minimal=0.07709 physics=0.5162 total=0.1446
[TRAIN] stage=finetune epoch=2/2 batch=11579/87647 step=390520 repair=0.123 localization=0 type=0 minimal=0.07214 physics=0.4744 total=0.1474
[TRAIN] stage=finetune epoch=2/2 batch=11589/87647 step=390530 repair=0.0938 localization=0 type=0 minimal=0.08643 physics=0.5445 total=0.1219
[TRAIN] stage=finetune epoch=2/2 batch=11599/87647 step=390540 repair=0.06277 localization=0 type=0 minimal=0.0882 physics=0.4916 total=0.08823
[TRAIN] stage=finetune epoch=2/2 batch=11609/87647 step=390550 repair=0.0517 localization=0 type=0 minimal=0.0993 physics=0.3529 total=0.07034
[TRAIN] stage=finetune epoch=2/2 batch=11619/87647 step=390560 repair=0.1158 localization=0 type=0 minimal=0.07104 physics=0.3479 total=0.1339
[TRAIN] stage=finetune epoch=2/2 batch=11629/87647 step=390570 repair=0.1116 localization=0 type=0 minimal=0.08582 physics=0.4723 total=0.1361
[TRAIN] stage=finetune epoch=2/2 batch=11639/87647 step=390580 repair=0.09976 localization=0 type=0 minimal=0.0849 physics=0.6055 total=0.1309
[TRAIN] stage=finetune epoch=2/2 batch=11649/87647 step=390590 repair=0.06711 localization=0 type=0 minimal=0.0932 physics=0.5919 total=0.09764
[TRAIN] stage=finetune epoch=2/2 batch=11659/87647 step=390600 repair=0.1108 localization=0 type=0 minimal=0.07129 physics=0.5999 total=0.1415
[TRAIN] stage=finetune epoch=2/2 batch=11669/87647 step=390610 repair=0.07972 localization=0 type=0 minimal=0.07654 physics=0.586 total=0.1098
[TRAIN] stage=finetune epoch=2/2 batch=11679/87647 step=390620 repair=0.05001 localization=0 type=0 minimal=0.1064 physics=0.5539 total=0.07877
[TRAIN] stage=finetune epoch=2/2 batch=11689/87647 step=390630 repair=0.0672 localization=0 type=0 minimal=0.09119 physics=0.556 total=0.09592
[TRAIN] stage=finetune epoch=2/2 batch=11699/87647 step=390640 repair=0.06574 localization=0 type=0 minimal=0.08057 physics=0.4618 total=0.08964
[TRAIN] stage=finetune epoch=2/2 batch=11709/87647 step=390650 repair=0.06467 localization=0 type=0 minimal=0.08917 physics=0.5319 total=0.09216
[TRAIN] stage=finetune epoch=2/2 batch=11719/87647 step=390660 repair=0.09721 localization=0 type=0 minimal=0.08789 physics=0.5983 total=0.128
[TRAIN] stage=finetune epoch=2/2 batch=11729/87647 step=390670 repair=0.09368 localization=0 type=0 minimal=0.08185 physics=0.5183 total=0.1204
[TRAIN] stage=finetune epoch=2/2 batch=11739/87647 step=390680 repair=0.109 localization=0 type=0 minimal=0.07947 physics=0.5571 total=0.1377
[TRAIN] stage=finetune epoch=2/2 batch=11749/87647 step=390690 repair=0.05976 localization=0 type=0 minimal=0.09009 physics=0.508 total=0.08606
[TRAIN] stage=finetune epoch=2/2 batch=11759/87647 step=390700 repair=0.1732 localization=0 type=0 minimal=0.06946 physics=0.4607 total=0.1969
[TRAIN] stage=finetune epoch=2/2 batch=11769/87647 step=390710 repair=0.06006 localization=0 type=0 minimal=0.09308 physics=0.5378 total=0.08788
[TRAIN] stage=finetune epoch=2/2 batch=11779/87647 step=390720 repair=0.1002 localization=0 type=0 minimal=0.08698 physics=0.4947 total=0.1258
[TRAIN] stage=finetune epoch=2/2 batch=11789/87647 step=390730 repair=0.06451 localization=0 type=0 minimal=0.09033 physics=0.5669 total=0.09376
[TRAIN] stage=finetune epoch=2/2 batch=11799/87647 step=390740 repair=0.1261 localization=0 type=0 minimal=0.07599 physics=0.6238 total=0.1581
[TRAIN] stage=finetune epoch=2/2 batch=11809/87647 step=390750 repair=0.1156 localization=0 type=0 minimal=0.06891 physics=0.5527 total=0.1439
[TRAIN] stage=finetune epoch=2/2 batch=11819/87647 step=390760 repair=0.0953 localization=0 type=0 minimal=0.08569 physics=0.4237 total=0.1173
[TRAIN] stage=finetune epoch=2/2 batch=11829/87647 step=390770 repair=0.08594 localization=0 type=0 minimal=0.08313 physics=0.6025 total=0.1169
[TRAIN] stage=finetune epoch=2/2 batch=11839/87647 step=390780 repair=0.1146 localization=0 type=0 minimal=0.07471 physics=0.5209 total=0.1414
[TRAIN] stage=finetune epoch=2/2 batch=11849/87647 step=390790 repair=0.06788 localization=0 type=0 minimal=0.09235 physics=0.5287 total=0.09523
[TRAIN] stage=finetune epoch=2/2 batch=11859/87647 step=390800 repair=0.06872 localization=0 type=0 minimal=0.09161 physics=0.4978 total=0.09453
[TRAIN] stage=finetune epoch=2/2 batch=11869/87647 step=390810 repair=0.07393 localization=0 type=0 minimal=0.08698 physics=0.3475 total=0.09218
[TRAIN] stage=finetune epoch=2/2 batch=11879/87647 step=390820 repair=0.0438 localization=0 type=0 minimal=0.103 physics=0.322 total=0.06093
[TRAIN] stage=finetune epoch=2/2 batch=11889/87647 step=390830 repair=0.1148 localization=0 type=0 minimal=0.086 physics=0.4666 total=0.139
[TRAIN] stage=finetune epoch=2/2 batch=11899/87647 step=390840 repair=0.08362 localization=0 type=0 minimal=0.07471 physics=0.5007 total=0.1094
[TRAIN] stage=finetune epoch=2/2 batch=11909/87647 step=390850 repair=0.08146 localization=0 type=0 minimal=0.07166 physics=0.4657 total=0.1055
[TRAIN] stage=finetune epoch=2/2 batch=11919/87647 step=390860 repair=0.1242 localization=0 type=0 minimal=0.07709 physics=0.484 total=0.1491
[TRAIN] stage=finetune epoch=2/2 batch=11929/87647 step=390870 repair=0.1128 localization=0 type=0 minimal=0.09015 physics=0.5592 total=0.1417
[TRAIN] stage=finetune epoch=2/2 batch=11939/87647 step=390880 repair=0.04676 localization=0 type=0 minimal=0.1052 physics=0.4181 total=0.06871
[TRAIN] stage=finetune epoch=2/2 batch=11949/87647 step=390890 repair=0.04518 localization=0 type=0 minimal=0.1053 physics=0.4598 total=0.06923
[TRAIN] stage=finetune epoch=2/2 batch=11959/87647 step=390900 repair=0.06365 localization=0 type=0 minimal=0.08875 physics=0.5658 total=0.09283
[TRAIN] stage=finetune epoch=2/2 batch=11969/87647 step=390910 repair=0.07637 localization=0 type=0 minimal=0.07446 physics=0.3734 total=0.09578
[TRAIN] stage=finetune epoch=2/2 batch=11979/87647 step=390920 repair=0.09155 localization=0 type=0 minimal=0.08582 physics=0.4171 total=0.1133
[TRAIN] stage=finetune epoch=2/2 batch=11989/87647 step=390930 repair=0.06809 localization=0 type=0 minimal=0.08813 physics=0.4033 total=0.08914
[TRAIN] stage=finetune epoch=2/2 batch=11999/87647 step=390940 repair=0.1237 localization=0 type=0 minimal=0.07117 physics=0.4 total=0.1444
[TRAIN] stage=finetune epoch=2/2 batch=12009/87647 step=390950 repair=0.0625 localization=0 type=0 minimal=0.09558 physics=0.4379 total=0.08535
[TRAIN] stage=finetune epoch=2/2 batch=12019/87647 step=390960 repair=0.115 localization=0 type=0 minimal=0.07831 physics=0.5308 total=0.1423
[TRAIN] stage=finetune epoch=2/2 batch=12029/87647 step=390970 repair=0.09724 localization=0 type=0 minimal=0.08826 physics=0.4018 total=0.1182
[TRAIN] stage=finetune epoch=2/2 batch=12039/87647 step=390980 repair=0.06178 localization=0 type=0 minimal=0.08856 physics=0.391 total=0.08222
[TRAIN] stage=finetune epoch=2/2 batch=12049/87647 step=390990 repair=0.1074 localization=0 type=0 minimal=0.08289 physics=0.2656 total=0.1215
[TRAIN] stage=finetune epoch=2/2 batch=12059/87647 step=391000 repair=0.08403 localization=0 type=0 minimal=0.07959 physics=0.3878 total=0.1042
[TRAIN] stage=finetune epoch=2/2 batch=12069/87647 step=391010 repair=0.1064 localization=0 type=0 minimal=0.07751 physics=0.2868 total=0.1216
[TRAIN] stage=finetune epoch=2/2 batch=12079/87647 step=391020 repair=0.1006 localization=0 type=0 minimal=0.08014 physics=0.2884 total=0.1159
[TRAIN] stage=finetune epoch=2/2 batch=12089/87647 step=391030 repair=0.165 localization=0 type=0 minimal=0.06445 physics=0.4781 total=0.1895
[TRAIN] stage=finetune epoch=2/2 batch=12099/87647 step=391040 repair=0.06075 localization=0 type=0 minimal=0.08875 physics=0.3833 total=0.0808
[TRAIN] stage=finetune epoch=2/2 batch=12109/87647 step=391050 repair=0.04485 localization=0 type=0 minimal=0.1052 physics=0.3743 total=0.06461
[TRAIN] stage=finetune epoch=2/2 batch=12119/87647 step=391060 repair=0.1621 localization=0 type=0 minimal=0.07007 physics=0.4008 total=0.1829
[TRAIN] stage=finetune epoch=2/2 batch=12129/87647 step=391070 repair=0.1482 localization=0 type=0 minimal=0.06726 physics=0.4158 total=0.1697
[TRAIN] stage=finetune epoch=2/2 batch=12139/87647 step=391080 repair=0.09495 localization=0 type=0 minimal=0.0849 physics=0.4258 total=0.1171
[TRAIN] stage=finetune epoch=2/2 batch=12149/87647 step=391090 repair=0.06547 localization=0 type=0 minimal=0.09271 physics=0.3619 total=0.08449
[TRAIN] stage=finetune epoch=2/2 batch=12159/87647 step=391100 repair=0.04306 localization=0 type=0 minimal=0.1038 physics=0.315 total=0.05985
[TRAIN] stage=finetune epoch=2/2 batch=12169/87647 step=391110 repair=0.04776 localization=0 type=0 minimal=0.1096 physics=0.3245 total=0.06508
[TRAIN] stage=finetune epoch=2/2 batch=12179/87647 step=391120 repair=0.1128 localization=0 type=0 minimal=0.08966 physics=0.3695 total=0.1321
[TRAIN] stage=finetune epoch=2/2 batch=12189/87647 step=391130 repair=0.06471 localization=0 type=0 minimal=0.09528 physics=0.4016 total=0.08574
[TRAIN] stage=finetune epoch=2/2 batch=12199/87647 step=391140 repair=0.04772 localization=0 type=0 minimal=0.1066 physics=0.3382 total=0.06569
[TRAIN] stage=finetune epoch=2/2 batch=12209/87647 step=391150 repair=0.1667 localization=0 type=0 minimal=0.06763 physics=0.4166 total=0.1882
[TRAIN] stage=finetune epoch=2/2 batch=12219/87647 step=391160 repair=0.06518 localization=0 type=0 minimal=0.09082 physics=0.4292 total=0.08754
[TRAIN] stage=finetune epoch=2/2 batch=12229/87647 step=391170 repair=0.04584 localization=0 type=0 minimal=0.1123 physics=0.4116 total=0.06754
[TRAIN] stage=finetune epoch=2/2 batch=12239/87647 step=391180 repair=0.04711 localization=0 type=0 minimal=0.1088 physics=0.4641 total=0.0714
[TRAIN] stage=finetune epoch=2/2 batch=12249/87647 step=391190 repair=0.09491 localization=0 type=0 minimal=0.091 physics=0.4965 total=0.1206
[TRAIN] stage=finetune epoch=2/2 batch=12259/87647 step=391200 repair=0.09325 localization=0 type=0 minimal=0.08868 physics=0.4625 total=0.1173
[TRAIN] stage=finetune epoch=2/2 batch=12269/87647 step=391210 repair=0.0635 localization=0 type=0 minimal=0.09454 physics=0.426 total=0.08574
[TRAIN] stage=finetune epoch=2/2 batch=12279/87647 step=391220 repair=0.122 localization=0 type=0 minimal=0.07422 physics=0.4408 total=0.1448
[TRAIN] stage=finetune epoch=2/2 batch=12289/87647 step=391230 repair=0.04518 localization=0 type=0 minimal=0.1081 physics=0.3786 total=0.06519
[TRAIN] stage=finetune epoch=2/2 batch=12299/87647 step=391240 repair=0.1049 localization=0 type=0 minimal=0.0824 physics=0.4045 total=0.126
[TRAIN] stage=finetune epoch=2/2 batch=12309/87647 step=391250 repair=0.1224 localization=0 type=0 minimal=0.07617 physics=0.4246 total=0.1444
[TRAIN] stage=finetune epoch=2/2 batch=12319/87647 step=391260 repair=0.08013 localization=0 type=0 minimal=0.07941 physics=0.4139 total=0.1016
[TRAIN] stage=finetune epoch=2/2 batch=12329/87647 step=391270 repair=0.04899 localization=0 type=0 minimal=0.1082 physics=0.3824 total=0.06919
[TRAIN] stage=finetune epoch=2/2 batch=12339/87647 step=391280 repair=0.06199 localization=0 type=0 minimal=0.09747 physics=0.4245 total=0.08419
[TRAIN] stage=finetune epoch=2/2 batch=12349/87647 step=391290 repair=0.1012 localization=0 type=0 minimal=0.08777 physics=0.4263 total=0.1234
[TRAIN] stage=finetune epoch=2/2 batch=12359/87647 step=391300 repair=0.06633 localization=0 type=0 minimal=0.08923 physics=0.3703 total=0.08574
[TRAIN] stage=finetune epoch=2/2 batch=12369/87647 step=391310 repair=0.1209 localization=0 type=0 minimal=0.0733 physics=0.3495 total=0.1391
[TRAIN] stage=finetune epoch=2/2 batch=12379/87647 step=391320 repair=0.09754 localization=0 type=0 minimal=0.08716 physics=0.3173 total=0.1143
[TRAIN] stage=finetune epoch=2/2 batch=12389/87647 step=391330 repair=0.06813 localization=0 type=0 minimal=0.08972 physics=0.3325 total=0.08565
[TRAIN] stage=finetune epoch=2/2 batch=12399/87647 step=391340 repair=0.06982 localization=0 type=0 minimal=0.09039 physics=0.4066 total=0.09105
[TRAIN] stage=finetune epoch=2/2 batch=12409/87647 step=391350 repair=0.0595 localization=0 type=0 minimal=0.08972 physics=0.4398 total=0.08239
[TRAIN] stage=finetune epoch=2/2 batch=12419/87647 step=391360 repair=0.1154 localization=0 type=0 minimal=0.07037 physics=0.41 total=0.1366
[TRAIN] stage=finetune epoch=2/2 batch=12429/87647 step=391370 repair=0.1184 localization=0 type=0 minimal=0.07263 physics=0.4066 total=0.1395
[TRAIN] stage=finetune epoch=2/2 batch=12439/87647 step=391380 repair=0.04974 localization=0 type=0 minimal=0.1035 physics=0.3377 total=0.06766
[TRAIN] stage=finetune epoch=2/2 batch=12449/87647 step=391390 repair=0.2005 localization=0 type=0 minimal=0.07495 physics=0.5164 total=0.2271
[TRAIN] stage=finetune epoch=2/2 batch=12459/87647 step=391400 repair=0.1582 localization=0 type=0 minimal=0.07056 physics=0.5069 total=0.1842
[TRAIN] stage=finetune epoch=2/2 batch=12469/87647 step=391410 repair=0.09743 localization=0 type=0 minimal=0.09021 physics=0.3909 total=0.1179
[TRAIN] stage=finetune epoch=2/2 batch=12479/87647 step=391420 repair=0.1149 localization=0 type=0 minimal=0.06812 physics=0.3791 total=0.1345
[TRAIN] stage=finetune epoch=2/2 batch=12489/87647 step=391430 repair=0.1528 localization=0 type=0 minimal=0.06021 physics=0.3913 total=0.173
[TRAIN] stage=finetune epoch=2/2 batch=12499/87647 step=391440 repair=0.06553 localization=0 type=0 minimal=0.09174 physics=0.2836 total=0.08063
[TRAIN] stage=finetune epoch=2/2 batch=12509/87647 step=391450 repair=0.1557 localization=0 type=0 minimal=0.06482 physics=0.4594 total=0.1793
[TRAIN] stage=finetune epoch=2/2 batch=12519/87647 step=391460 repair=0.06246 localization=0 type=0 minimal=0.08618 physics=0.4161 total=0.08413
[TRAIN] stage=finetune epoch=2/2 batch=12529/87647 step=391470 repair=0.04801 localization=0 type=0 minimal=0.102 physics=0.307 total=0.06439
[TRAIN] stage=finetune epoch=2/2 batch=12539/87647 step=391480 repair=0.06432 localization=0 type=0 minimal=0.09259 physics=0.4495 total=0.08772
[TRAIN] stage=finetune epoch=2/2 batch=12549/87647 step=391490 repair=0.04498 localization=0 type=0 minimal=0.09839 physics=0.3768 total=0.0648
[TRAIN] stage=finetune epoch=2/2 batch=12559/87647 step=391500 repair=0.06606 localization=0 type=0 minimal=0.08459 physics=0.3934 total=0.08658
[TRAIN] stage=finetune epoch=2/2 batch=12569/87647 step=391510 repair=0.125 localization=0 type=0 minimal=0.07526 physics=0.4506 total=0.1483
[TRAIN] stage=finetune epoch=2/2 batch=12579/87647 step=391520 repair=0.07069 localization=0 type=0 minimal=0.09473 physics=0.3795 total=0.09061
[TRAIN] stage=finetune epoch=2/2 batch=12589/87647 step=391530 repair=0.04517 localization=0 type=0 minimal=0.1072 physics=0.3226 total=0.06237
[TRAIN] stage=finetune epoch=2/2 batch=12599/87647 step=391540 repair=0.1182 localization=0 type=0 minimal=0.07263 physics=0.3617 total=0.137
[TRAIN] stage=finetune epoch=2/2 batch=12609/87647 step=391550 repair=0.1012 localization=0 type=0 minimal=0.08887 physics=0.3238 total=0.1183
[TRAIN] stage=finetune epoch=2/2 batch=12619/87647 step=391560 repair=0.06389 localization=0 type=0 minimal=0.0965 physics=0.2747 total=0.07859
[TRAIN] stage=finetune epoch=2/2 batch=12629/87647 step=391570 repair=0.08158 localization=0 type=0 minimal=0.08417 physics=0.2881 total=0.09683
[TRAIN] stage=finetune epoch=2/2 batch=12639/87647 step=391580 repair=0.07286 localization=0 type=0 minimal=0.09753 physics=0.29 total=0.08834
[TRAIN] stage=finetune epoch=2/2 batch=12649/87647 step=391590 repair=0.06129 localization=0 type=0 minimal=0.09351 physics=0.2857 total=0.07651
[TRAIN] stage=finetune epoch=2/2 batch=12659/87647 step=391600 repair=0.04632 localization=0 type=0 minimal=0.1042 physics=0.2869 total=0.06171
[TRAIN] stage=finetune epoch=2/2 batch=12669/87647 step=391610 repair=0.1004 localization=0 type=0 minimal=0.08929 physics=0.2967 total=0.1161
[TRAIN] stage=finetune epoch=2/2 batch=12679/87647 step=391620 repair=0.1022 localization=0 type=0 minimal=0.08453 physics=0.2588 total=0.116
[TRAIN] stage=finetune epoch=2/2 batch=12689/87647 step=391630 repair=0.06394 localization=0 type=0 minimal=0.09192 physics=0.302 total=0.07996
[TRAIN] stage=finetune epoch=2/2 batch=12699/87647 step=391640 repair=0.1046 localization=0 type=0 minimal=0.09064 physics=0.2764 total=0.1193
[TRAIN] stage=finetune epoch=2/2 batch=12709/87647 step=391650 repair=0.1068 localization=0 type=0 minimal=0.08209 physics=0.3255 total=0.1239
[TRAIN] stage=finetune epoch=2/2 batch=12719/87647 step=391660 repair=0.1494 localization=0 type=0 minimal=0.06488 physics=0.2995 total=0.165
[TRAIN] stage=finetune epoch=2/2 batch=12729/87647 step=391670 repair=0.06305 localization=0 type=0 minimal=0.09332 physics=0.2586 total=0.07691
[TRAIN] stage=finetune epoch=2/2 batch=12739/87647 step=391680 repair=0.06927 localization=0 type=0 minimal=0.09375 physics=0.2704 total=0.08373
[TRAIN] stage=finetune epoch=2/2 batch=12749/87647 step=391690 repair=0.07708 localization=0 type=0 minimal=0.08002 physics=0.2566 total=0.09071
[TRAIN] stage=finetune epoch=2/2 batch=12759/87647 step=391700 repair=0.156 localization=0 type=0 minimal=0.06506 physics=0.2964 total=0.1715
[TRAIN] stage=finetune epoch=2/2 batch=12769/87647 step=391710 repair=0.1564 localization=0 type=0 minimal=0.05826 physics=0.3654 total=0.1752
[TRAIN] stage=finetune epoch=2/2 batch=12779/87647 step=391720 repair=0.06286 localization=0 type=0 minimal=0.09595 physics=0.36 total=0.08182
[TRAIN] stage=finetune epoch=2/2 batch=12789/87647 step=391730 repair=0.04574 localization=0 type=0 minimal=0.1093 physics=0.3219 total=0.06293
[TRAIN] stage=finetune epoch=2/2 batch=12799/87647 step=391740 repair=0.1778 localization=0 type=0 minimal=0.06891 physics=0.3453 total=0.1957
[TRAIN] stage=finetune epoch=2/2 batch=12809/87647 step=391750 repair=0.1811 localization=0 type=0 minimal=0.06714 physics=0.3301 total=0.1983
[TRAIN] stage=finetune epoch=2/2 batch=12819/87647 step=391760 repair=0.164 localization=0 type=0 minimal=0.06677 physics=0.3071 total=0.1801
[TRAIN] stage=finetune epoch=2/2 batch=12829/87647 step=391770 repair=0.06099 localization=0 type=0 minimal=0.09534 physics=0.3075 total=0.07732
[TRAIN] stage=finetune epoch=2/2 batch=12839/87647 step=391780 repair=0.136 localization=0 type=0 minimal=0.07306 physics=0.293 total=0.1514
[TRAIN] stage=finetune epoch=2/2 batch=12849/87647 step=391790 repair=0.09889 localization=0 type=0 minimal=0.08197 physics=0.2944 total=0.1144
[TRAIN] stage=finetune epoch=2/2 batch=12859/87647 step=391800 repair=0.1774 localization=0 type=0 minimal=0.07416 physics=0.3355 total=0.1949
[TRAIN] stage=finetune epoch=2/2 batch=12869/87647 step=391810 repair=0.09272 localization=0 type=0 minimal=0.08905 physics=0.346 total=0.1109
[TRAIN] stage=finetune epoch=2/2 batch=12879/87647 step=391820 repair=0.1194 localization=0 type=0 minimal=0.07159 physics=0.4167 total=0.141
[TRAIN] stage=finetune epoch=2/2 batch=12889/87647 step=391830 repair=0.114 localization=0 type=0 minimal=0.0752 physics=0.4641 total=0.1379
[TRAIN] stage=finetune epoch=2/2 batch=12899/87647 step=391840 repair=0.1626 localization=0 type=0 minimal=0.07007 physics=0.5136 total=0.189
[TRAIN] stage=finetune epoch=2/2 batch=12909/87647 step=391850 repair=0.1632 localization=0 type=0 minimal=0.07037 physics=0.4603 total=0.187
[TRAIN] stage=finetune epoch=2/2 batch=12919/87647 step=391860 repair=0.1629 localization=0 type=0 minimal=0.06714 physics=0.4967 total=0.1884
[TRAIN] stage=finetune epoch=2/2 batch=12929/87647 step=391870 repair=0.1233 localization=0 type=0 minimal=0.07306 physics=0.509 total=0.1495
[TRAIN] stage=finetune epoch=2/2 batch=12939/87647 step=391880 repair=0.06689 localization=0 type=0 minimal=0.09344 physics=0.4109 total=0.08837
[TRAIN] stage=finetune epoch=2/2 batch=12949/87647 step=391890 repair=0.07502 localization=0 type=0 minimal=0.07532 physics=0.371 total=0.09432
[TRAIN] stage=finetune epoch=2/2 batch=12959/87647 step=391900 repair=0.06742 localization=0 type=0 minimal=0.09106 physics=0.378 total=0.08723
[TRAIN] stage=finetune epoch=2/2 batch=12969/87647 step=391910 repair=0.1176 localization=0 type=0 minimal=0.07751 physics=0.3981 total=0.1383
[TRAIN] stage=finetune epoch=2/2 batch=12979/87647 step=391920 repair=0.1146 localization=0 type=0 minimal=0.07635 physics=0.4092 total=0.1358
[TRAIN] stage=finetune epoch=2/2 batch=12989/87647 step=391930 repair=0.1101 localization=0 type=0 minimal=0.07257 physics=0.4628 total=0.1339
[TRAIN] stage=finetune epoch=2/2 batch=12999/87647 step=391940 repair=0.1732 localization=0 type=0 minimal=0.07098 physics=0.495 total=0.1986
[TRAIN] stage=finetune epoch=2/2 batch=13009/87647 step=391950 repair=0.04891 localization=0 type=0 minimal=0.1068 physics=0.3471 total=0.06733
[TRAIN] stage=finetune epoch=2/2 batch=13019/87647 step=391960 repair=0.1064 localization=0 type=0 minimal=0.07623 physics=0.3314 total=0.1237
[TRAIN] stage=finetune epoch=2/2 batch=13029/87647 step=391970 repair=0.0813 localization=0 type=0 minimal=0.07617 physics=0.2948 total=0.0968
[TRAIN] stage=finetune epoch=2/2 batch=13039/87647 step=391980 repair=0.0666 localization=0 type=0 minimal=0.08521 physics=0.3792 total=0.08641
[TRAIN] stage=finetune epoch=2/2 batch=13049/87647 step=391990 repair=0.06214 localization=0 type=0 minimal=0.08423 physics=0.3095 total=0.07846
[TRAIN] stage=finetune epoch=2/2 batch=13059/87647 step=392000 repair=0.1701 localization=0 type=0 minimal=0.06317 physics=0.3428 total=0.1879
[TRAIN] stage=finetune epoch=2/2 batch=13069/87647 step=392010 repair=0.1496 localization=0 type=0 minimal=0.06744 physics=0.3476 total=0.1677
[TRAIN] stage=finetune epoch=2/2 batch=13079/87647 step=392020 repair=0.09748 localization=0 type=0 minimal=0.08759 physics=0.3244 total=0.1146
[TRAIN] stage=finetune epoch=2/2 batch=13089/87647 step=392030 repair=0.1119 localization=0 type=0 minimal=0.07135 physics=0.4311 total=0.1342
[TRAIN] stage=finetune epoch=2/2 batch=13099/87647 step=392040 repair=0.07594 localization=0 type=0 minimal=0.07263 physics=0.26 total=0.08967
[TRAIN] stage=finetune epoch=2/2 batch=13109/87647 step=392050 repair=0.08258 localization=0 type=0 minimal=0.07123 physics=0.4687 total=0.1067
[TRAIN] stage=finetune epoch=2/2 batch=13119/87647 step=392060 repair=0.1173 localization=0 type=0 minimal=0.05716 physics=0.6808 total=0.1519
[TRAIN] stage=finetune epoch=2/2 batch=13129/87647 step=392070 repair=0.1115 localization=0 type=0 minimal=0.08167 physics=0.2631 total=0.1254
[TRAIN] stage=finetune epoch=2/2 batch=13139/87647 step=392080 repair=0.1222 localization=0 type=0 minimal=0.07117 physics=0.427 total=0.1442
[TRAIN] stage=finetune epoch=2/2 batch=13149/87647 step=392090 repair=0.1363 localization=0 type=0 minimal=0.06287 physics=0.2526 total=0.1496
[TRAIN] stage=finetune epoch=2/2 batch=13159/87647 step=392100 repair=0.08067 localization=0 type=0 minimal=0.06757 physics=0.266 total=0.09464
[TRAIN] stage=finetune epoch=2/2 batch=13169/87647 step=392110 repair=0.166 localization=0 type=0 minimal=0.07013 physics=0.4488 total=0.1892
[TRAIN] stage=finetune epoch=2/2 batch=13179/87647 step=392120 repair=0.1538 localization=0 type=0 minimal=0.06149 physics=0.4775 total=0.1782
[TRAIN] stage=finetune epoch=2/2 batch=13189/87647 step=392130 repair=0.08984 localization=0 type=0 minimal=0.08069 physics=0.3703 total=0.1092
[TRAIN] stage=finetune epoch=2/2 batch=13199/87647 step=392140 repair=0.06707 localization=0 type=0 minimal=0.09821 physics=0.3806 total=0.08708
[TRAIN] stage=finetune epoch=2/2 batch=13209/87647 step=392150 repair=0.04255 localization=0 type=0 minimal=0.1025 physics=0.3518 total=0.06117
[TRAIN] stage=finetune epoch=2/2 batch=13219/87647 step=392160 repair=0.1007 localization=0 type=0 minimal=0.08832 physics=0.4329 total=0.1233
[TRAIN] stage=finetune epoch=2/2 batch=13229/87647 step=392170 repair=0.1664 localization=0 type=0 minimal=0.06372 physics=0.4013 total=0.1871
[TRAIN] stage=finetune epoch=2/2 batch=13239/87647 step=392180 repair=0.1211 localization=0 type=0 minimal=0.0683 physics=0.3694 total=0.1403
[TRAIN] stage=finetune epoch=2/2 batch=13249/87647 step=392190 repair=0.04813 localization=0 type=0 minimal=0.1088 physics=0.316 total=0.06501
[TRAIN] stage=finetune epoch=2/2 batch=13259/87647 step=392200 repair=0.06505 localization=0 type=0 minimal=0.08716 physics=0.2958 total=0.08071
[TRAIN] stage=finetune epoch=2/2 batch=13269/87647 step=392210 repair=0.06507 localization=0 type=0 minimal=0.08875 physics=0.2878 total=0.08035
[TRAIN] stage=finetune epoch=2/2 batch=13279/87647 step=392220 repair=0.1093 localization=0 type=0 minimal=0.07245 physics=0.4486 total=0.1324
[TRAIN] stage=finetune epoch=2/2 batch=13289/87647 step=392230 repair=0.1158 localization=0 type=0 minimal=0.07117 physics=0.2876 total=0.1309
[TRAIN] stage=finetune epoch=2/2 batch=13299/87647 step=392240 repair=0.1638 localization=0 type=0 minimal=0.05969 physics=0.2414 total=0.1765
[TRAIN] stage=finetune epoch=2/2 batch=13309/87647 step=392250 repair=0.1114 localization=0 type=0 minimal=0.06348 physics=0.2992 total=0.127
[TRAIN] stage=finetune epoch=2/2 batch=13319/87647 step=392260 repair=0.06591 localization=0 type=0 minimal=0.08136 physics=0.2535 total=0.0794
[TRAIN] stage=finetune epoch=2/2 batch=13329/87647 step=392270 repair=0.118 localization=0 type=0 minimal=0.0752 physics=0.4096 total=0.1393
[TRAIN] stage=finetune epoch=2/2 batch=13339/87647 step=392280 repair=0.04431 localization=0 type=0 minimal=0.1009 physics=0.2962 total=0.06013
[TRAIN] stage=finetune epoch=2/2 batch=13349/87647 step=392290 repair=0.06946 localization=0 type=0 minimal=0.09167 physics=0.3061 total=0.08568
[TRAIN] stage=finetune epoch=2/2 batch=13359/87647 step=392300 repair=0.0959 localization=0 type=0 minimal=0.08533 physics=0.3104 total=0.1123
[TRAIN] stage=finetune epoch=2/2 batch=13369/87647 step=392310 repair=0.06353 localization=0 type=0 minimal=0.08636 physics=0.3215 total=0.08047
[TRAIN] stage=finetune epoch=2/2 batch=13379/87647 step=392320 repair=0.07952 localization=0 type=0 minimal=0.07764 physics=0.3193 total=0.09625
[TRAIN] stage=finetune epoch=2/2 batch=13389/87647 step=392330 repair=0.06591 localization=0 type=0 minimal=0.09222 physics=0.3027 total=0.08197
[TRAIN] stage=finetune epoch=2/2 batch=13399/87647 step=392340 repair=0.1036 localization=0 type=0 minimal=0.08588 physics=0.3099 total=0.12
[TRAIN] stage=finetune epoch=2/2 batch=13409/87647 step=392350 repair=0.1155 localization=0 type=0 minimal=0.07782 physics=0.3027 total=0.1314
[TRAIN] stage=finetune epoch=2/2 batch=13419/87647 step=392360 repair=0.06966 localization=0 type=0 minimal=0.09119 physics=0.271 total=0.08412
[TRAIN] stage=finetune epoch=2/2 batch=13429/87647 step=392370 repair=0.1043 localization=0 type=0 minimal=0.07495 physics=0.3225 total=0.1212
[TRAIN] stage=finetune epoch=2/2 batch=13439/87647 step=392380 repair=0.0635 localization=0 type=0 minimal=0.09454 physics=0.3098 total=0.07994
[TRAIN] stage=finetune epoch=2/2 batch=13449/87647 step=392390 repair=0.1208 localization=0 type=0 minimal=0.07135 physics=0.4009 total=0.1416
[TRAIN] stage=finetune epoch=2/2 batch=13459/87647 step=392400 repair=0.1707 localization=0 type=0 minimal=0.06616 physics=0.3839 total=0.1906
[TRAIN] stage=finetune epoch=2/2 batch=13469/87647 step=392410 repair=0.08591 localization=0 type=0 minimal=0.08728 physics=0.2783 total=0.1007
[TRAIN] stage=finetune epoch=2/2 batch=13479/87647 step=392420 repair=0.1297 localization=0 type=0 minimal=0.07178 physics=0.3344 total=0.1471
[TRAIN] stage=finetune epoch=2/2 batch=13489/87647 step=392430 repair=0.06587 localization=0 type=0 minimal=0.09424 physics=0.2832 total=0.08097
[TRAIN] stage=finetune epoch=2/2 batch=13499/87647 step=392440 repair=0.1428 localization=0 type=0 minimal=0.06592 physics=0.3446 total=0.1607
[TRAIN] stage=finetune epoch=2/2 batch=13509/87647 step=392450 repair=0.111 localization=0 type=0 minimal=0.07019 physics=0.342 total=0.1288
[TRAIN] stage=finetune epoch=2/2 batch=13519/87647 step=392460 repair=0.08017 localization=0 type=0 minimal=0.07819 physics=0.3022 total=0.09606
[TRAIN] stage=finetune epoch=2/2 batch=13529/87647 step=392470 repair=0.06134 localization=0 type=0 minimal=0.09357 physics=0.2721 total=0.07588
[TRAIN] stage=finetune epoch=2/2 batch=13539/87647 step=392480 repair=0.09982 localization=0 type=0 minimal=0.08881 physics=0.306 total=0.116
[TRAIN] stage=finetune epoch=2/2 batch=13549/87647 step=392490 repair=0.1342 localization=0 type=0 minimal=0.07764 physics=0.3467 total=0.1523
[TRAIN] stage=finetune epoch=2/2 batch=13559/87647 step=392500 repair=0.1193 localization=0 type=0 minimal=0.0741 physics=0.4222 total=0.1411
[TRAIN] stage=finetune epoch=2/2 batch=13569/87647 step=392510 repair=0.05302 localization=0 type=0 minimal=0.104 physics=0.3625 total=0.07218
[TRAIN] stage=finetune epoch=2/2 batch=13579/87647 step=392520 repair=0.06509 localization=0 type=0 minimal=0.09497 physics=0.3789 total=0.08499
[TRAIN] stage=finetune epoch=2/2 batch=13589/87647 step=392530 repair=0.1616 localization=0 type=0 minimal=0.06561 physics=0.4311 total=0.1838
[TRAIN] stage=finetune epoch=2/2 batch=13599/87647 step=392540 repair=0.1688 localization=0 type=0 minimal=0.07367 physics=0.4122 total=0.1902
[TRAIN] stage=finetune epoch=2/2 batch=13609/87647 step=392550 repair=0.09381 localization=0 type=0 minimal=0.0849 physics=0.4021 total=0.1148
[TRAIN] stage=finetune epoch=2/2 batch=13619/87647 step=392560 repair=0.06081 localization=0 type=0 minimal=0.09143 physics=0.3201 total=0.07773
[TRAIN] stage=finetune epoch=2/2 batch=13629/87647 step=392570 repair=0.09635 localization=0 type=0 minimal=0.08295 physics=0.3602 total=0.1152
[TRAIN] stage=finetune epoch=2/2 batch=13639/87647 step=392580 repair=0.1285 localization=0 type=0 minimal=0.07166 physics=0.3612 total=0.1473
[TRAIN] stage=finetune epoch=2/2 batch=13649/87647 step=392590 repair=0.04372 localization=0 type=0 minimal=0.1083 physics=0.5196 total=0.07079
[TRAIN] stage=finetune epoch=2/2 batch=13659/87647 step=392600 repair=0.09307 localization=0 type=0 minimal=0.08234 physics=0.4003 total=0.1139
[TRAIN] stage=finetune epoch=2/2 batch=13669/87647 step=392610 repair=0.04733 localization=0 type=0 minimal=0.1027 physics=0.3835 total=0.06753
[TRAIN] stage=finetune epoch=2/2 batch=13679/87647 step=392620 repair=0.1221 localization=0 type=0 minimal=0.06616 physics=0.3319 total=0.1393
[TRAIN] stage=finetune epoch=2/2 batch=13689/87647 step=392630 repair=0.1136 localization=0 type=0 minimal=0.07141 physics=0.2904 total=0.1289
[TRAIN] stage=finetune epoch=2/2 batch=13699/87647 step=392640 repair=0.06701 localization=0 type=0 minimal=0.08942 physics=0.3287 total=0.08434
[TRAIN] stage=finetune epoch=2/2 batch=13709/87647 step=392650 repair=0.07761 localization=0 type=0 minimal=0.07593 physics=0.2895 total=0.09285
[TRAIN] stage=finetune epoch=2/2 batch=13719/87647 step=392660 repair=0.07679 localization=0 type=0 minimal=0.07794 physics=0.3608 total=0.09561
[TRAIN] stage=finetune epoch=2/2 batch=13729/87647 step=392670 repair=0.0743 localization=0 type=0 minimal=0.09479 physics=0.3237 total=0.09143
[TRAIN] stage=finetune epoch=2/2 batch=13739/87647 step=392680 repair=0.0647 localization=0 type=0 minimal=0.09424 physics=0.3272 total=0.08201
[TRAIN] stage=finetune epoch=2/2 batch=13749/87647 step=392690 repair=0.08099 localization=0 type=0 minimal=0.08459 physics=0.3602 total=0.09985
[TRAIN] stage=finetune epoch=2/2 batch=13759/87647 step=392700 repair=0.1071 localization=0 type=0 minimal=0.08728 physics=0.4064 total=0.1283
[TRAIN] stage=finetune epoch=2/2 batch=13769/87647 step=392710 repair=0.0726 localization=0 type=0 minimal=0.08954 physics=0.3393 total=0.09046
[TRAIN] stage=finetune epoch=2/2 batch=13779/87647 step=392720 repair=0.1035 localization=0 type=0 minimal=0.08356 physics=0.4013 total=0.1244
[TRAIN] stage=finetune epoch=2/2 batch=13789/87647 step=392730 repair=0.06417 localization=0 type=0 minimal=0.08545 physics=0.3368 total=0.08186
[TRAIN] stage=finetune epoch=2/2 batch=13799/87647 step=392740 repair=0.128 localization=0 type=0 minimal=0.07037 physics=0.3703 total=0.1472
[TRAIN] stage=finetune epoch=2/2 batch=13809/87647 step=392750 repair=0.1137 localization=0 type=0 minimal=0.07416 physics=0.324 total=0.1306
[TRAIN] stage=finetune epoch=2/2 batch=13819/87647 step=392760 repair=0.1055 localization=0 type=0 minimal=0.08063 physics=0.2588 total=0.1192
[TRAIN] stage=finetune epoch=2/2 batch=13829/87647 step=392770 repair=0.08316 localization=0 type=0 minimal=0.07971 physics=0.2624 total=0.09708
[TRAIN] stage=finetune epoch=2/2 batch=13839/87647 step=392780 repair=0.177 localization=0 type=0 minimal=0.07269 physics=0.3903 total=0.1973
[TRAIN] stage=finetune epoch=2/2 batch=13849/87647 step=392790 repair=0.12 localization=0 type=0 minimal=0.06891 physics=0.4579 total=0.1436
[TRAIN] stage=finetune epoch=2/2 batch=13859/87647 step=392800 repair=0.1083 localization=0 type=0 minimal=0.06995 physics=0.3679 total=0.1274
[TRAIN] stage=finetune epoch=2/2 batch=13869/87647 step=392810 repair=0.08644 localization=0 type=0 minimal=0.07617 physics=0.3854 total=0.1065
[TRAIN] stage=finetune epoch=2/2 batch=13879/87647 step=392820 repair=0.0883 localization=0 type=0 minimal=0.0788 physics=0.5182 total=0.115
[TRAIN] stage=finetune epoch=2/2 batch=13889/87647 step=392830 repair=0.0534 localization=0 type=0 minimal=0.09979 physics=0.9503 total=0.1019
[TRAIN] stage=finetune epoch=2/2 batch=13899/87647 step=392840 repair=0.1147 localization=0 type=0 minimal=0.08234 physics=0.4132 total=0.1362
[TRAIN] stage=finetune epoch=2/2 batch=13909/87647 step=392850 repair=0.1056 localization=0 type=0 minimal=0.07153 physics=0.3685 total=0.1248
[TRAIN] stage=finetune epoch=2/2 batch=13919/87647 step=392860 repair=0.08524 localization=0 type=0 minimal=0.0694 physics=0.458 total=0.1088
[TRAIN] stage=finetune epoch=2/2 batch=13929/87647 step=392870 repair=0.0618 localization=0 type=0 minimal=0.09204 physics=0.4398 total=0.08471
[TRAIN] stage=finetune epoch=2/2 batch=13939/87647 step=392880 repair=0.1172 localization=0 type=0 minimal=0.07153 physics=0.5353 total=0.1446
[TRAIN] stage=finetune epoch=2/2 batch=13949/87647 step=392890 repair=0.08989 localization=0 type=0 minimal=0.07953 physics=0.5478 total=0.1181
[TRAIN] stage=finetune epoch=2/2 batch=13959/87647 step=392900 repair=0.06833 localization=0 type=0 minimal=0.09326 physics=0.4063 total=0.08957
[TRAIN] stage=finetune epoch=2/2 batch=13969/87647 step=392910 repair=0.07407 localization=0 type=0 minimal=0.07776 physics=0.7507 total=0.1124
[TRAIN] stage=finetune epoch=2/2 batch=13979/87647 step=392920 repair=0.1387 localization=0 type=0 minimal=0.04538 physics=0.7269 total=0.1755
[TRAIN] stage=finetune epoch=2/2 batch=13989/87647 step=392930 repair=0.06371 localization=0 type=0 minimal=0.105 physics=0.4191 total=0.08571
[TRAIN] stage=finetune epoch=2/2 batch=13999/87647 step=392940 repair=0.06713 localization=0 type=0 minimal=0.09869 physics=0.4445 total=0.09035
[CHUNK] stopping after 10000 additional batches
[CHUNK] saved exact continuation: stage=finetune epoch=1 next_batch=14000 global_step=392941
