model,lead_hours,channel_index,channel,repaired_nrmse,raw_forecast_nrmse,repaired_nmae,raw_forecast_nmae,repaired_acc,raw_forecast_acc,repaired_rmse_phys,raw_forecast_rmse_phys,repaired_mae_phys,raw_forecast_mae_phys
OLD_Full,6,0,geopotential@50hPa,0.05290958457937948,0.07522331706877264,0.041569137655353174,0.05953906772918929,0.9978278912037182,0.9954133839606534,304.63199661115925,433.1054452518675,239.33828737292046,342.80187525265535
OLD_Full,6,1,geopotential@100hPa,0.05404828955817731,0.06378335757915135,0.042715694564756594,0.049765358085698395,0.9983858439017483,0.9975011634985304,294.5768744877981,347.6354640966588,232.81135958111832,271.23381743384084
OLD_Full,6,2,geopotential@150hPa,0.04637185611713648,0.05383456275932402,0.03655415705025256,0.04181577871273436,0.9988919703858122,0.9983886189670539,268.973747146075,312.26017173956154,212.02749728404362,242.54682358971297
OLD_Full,6,3,geopotential@200hPa,0.04466053423786768,0.05049609801719168,0.035187619650570566,0.03926756568503883,0.9989897886678363,0.9986213581221794,259.81106621191566,293.7592487178936,204.70272318817226,228.4376636930364
OLD_Full,6,4,geopotential@250hPa,0.03352758028318552,0.040086305325330106,0.026559657304944567,0.03042485593498691,0.9994198476264844,0.999175551886409,185.9251015354353,222.29610269671554,147.28491914228061,168.71913998058255
OLD_Full,6,5,geopotential@300hPa,0.04733173517785531,0.050572328296207184,0.03721819641543217,0.03918547790228397,0.9988357983653533,0.9985894811156094,241.64720613446676,258.19171314614357,190.01359559468415,200.05734613743465
OLD_Full,6,6,geopotential@400hPa,0.05030882440753252,0.05347535745839723,0.0394947214429182,0.041512530343602035,0.9986340311398763,0.9983943691740768,209.49132516745894,222.67711189707595,164.4602442338124,172.86262124791904
OLD_Full,6,7,geopotential@500hPa,0.039640757899906884,0.04593249279039142,0.03130658896265696,0.03543629105942646,0.9991097418795567,0.9988138076940438,133.34510265320688,154.50948234392843,105.3103052957618,119.20195749254651
OLD_Full,6,8,geopotential@600hPa,0.04579336242446309,0.05327374368662941,0.036525446389730466,0.04167541909325628,0.9988172784249283,0.9983888952455469,123.75975891134306,143.97601298794197,98.71256960620646,112.6307296240868
OLD_Full,6,9,geopotential@700hPa,0.05613857424873627,0.06426487407599793,0.044871044201899996,0.05058754093662818,0.9982805412348075,0.9976530502976367,119.99557236615026,137.36544661502063,95.91135284494575,108.13030148471795
OLD_Full,6,10,geopotential@850hPa,0.08322470193048039,0.09175485273527685,0.06587391629254225,0.07198864495725474,0.9962336451859621,0.995168160859651,121.96141159169218,134.46189893389018,96.53475049468737,105.49556403208082
OLD_Full,6,11,geopotential@925hPa,0.10365248420749247,0.11739608088703089,0.08137048498854887,0.09163738624347997,0.9939598167720185,0.9921069439982626,126.7113033608942,143.51233885183123,99.47238890802419,112.02329274735825
OLD_Full,6,12,geopotential@1000hPa,0.12789355193643653,0.15975034419445708,0.10009775405487051,0.12318018263428297,0.9901174892318412,0.9849290907140414,136.30592613642642,170.25814538967347,106.68182207369601,131.28253065568825
OLD_Full,6,13,temperature@50hPa,0.12197062358531223,0.22375961504988848,0.09452185468780162,0.169552437239067,0.9848410674837643,0.9522776461957775,1.25990372280566,2.311339939680664,0.9763698287832925,1.7514032722679644
OLD_Full,6,14,temperature@100hPa,0.11934292000866646,0.15825548286443938,0.09273553057490694,0.1236910906477921,0.9919173471975127,0.985829568679,1.506648257859905,1.9979010720604384,1.1707424796978223,1.5615418675046722
OLD_Full,6,15,temperature@150hPa,0.12581616435141546,0.18829050013939735,0.09657513936092277,0.14238919384261406,0.9883822774185357,0.9740657550488256,1.1218333615145273,1.6788825580573825,0.8611072664781074,1.2696059396904538
OLD_Full,6,16,temperature@200hPa,0.14915087235301838,0.24158503689515795,0.11223008169183324,0.17820063626087793,0.9805120524339128,0.9489049742971747,1.0606703223104028,1.718005912612795,0.7981121023436096,1.2672545857462503
OLD_Full,6,17,temperature@250hPa,0.13015503403494538,0.16796476447216235,0.09702754610553056,0.12408886053954751,0.9906759826461163,0.9848529254919584,1.1004887306635311,1.4201781155378768,0.8203887184781387,1.0491979402873808
OLD_Full,6,18,temperature@300hPa,0.1060898387533764,0.13612639145809943,0.07929839791916003,0.10140293261335294,0.9943324427813964,0.9906343256200136,1.133254603826579,1.4541058948709982,0.8470676904254874,1.0831889514079154
OLD_Full,6,19,temperature@400hPa,0.09529339495270707,0.1049372335895104,0.07323924430406614,0.07957677285811546,0.9952856915700515,0.9942066556422643,1.2117002429811339,1.3343261875191108,0.9312713771011586,1.011856020181509
OLD_Full,6,20,temperature@500hPa,0.08342452177762003,0.0914272022730957,0.06396878871798158,0.0695229437782388,0.9961296934401828,0.995539541720316,1.0942420248839384,1.1992095934874312,0.8390499121731796,0.9119012696870994
OLD_Full,6,21,temperature@600hPa,0.08665146541248546,0.09054393699536924,0.06735765005089679,0.06899299985363323,0.9958132714175439,0.9953348370141207,1.1695248061074173,1.222061043374141,0.9091184194305603,0.9311905352849194
OLD_Full,6,22,temperature@700hPa,0.08292590949543222,0.09011873173013835,0.06311464682318572,0.06745765641369408,0.9957562588590083,0.9949829875220811,1.235602900322675,1.3427765501261757,0.9404134522314302,1.0051246437472674
OLD_Full,6,23,temperature@850hPa,0.09635687922078738,0.12249402724634363,0.07204032269214981,0.08968681160687948,0.9943798295691971,0.9907827037928384,1.5113011731941315,1.9212470279598148,1.1299102439618183,1.4066850947030527
OLD_Full,6,24,temperature@925hPa,0.09990738976349417,0.13038209651015972,0.07104365882526448,0.09081051671970594,0.9939703008395118,0.9895853179385617,1.6160078602810632,2.10893803890243,1.149135312682583,1.468865420739023
OLD_Full,6,25,temperature@1000hPa,0.10570939020576096,0.139239773470704,0.07506362864880999,0.0970967702873206,0.9931238321944802,0.9879155149303653,1.8254205495171483,2.4044329867026666,1.2962206137813614,1.6766953299867084
OLD_Full,6,26,specific_humidity@50hPa,0.06991618598142212,0.23805540162953165,0.05104631737884837,0.20951979381874186,0.9693690582413782,0.5890390365238719,6.99161858674493e-08,2.3805540126527047e-07,5.104631724378385e-08,2.095197924433465e-07
OLD_Full,6,27,specific_humidity@100hPa,0.17434788291539685,0.4314738759877617,0.11471303756806,0.3233324216984565,0.9655986885829422,0.7656999907530604,1.7434788244113978e-07,4.3147387408071817e-07,1.1471303653363474e-07,3.23332417665877e-07
OLD_Full,6,28,specific_humidity@150hPa,0.3584119355549935,0.5575486056734628,0.22326656127370761,0.3729691909213579,0.9549606983512753,0.8869526584412808,1.3258236376786504e-06,2.0624623293142846e-06,8.258990583058102e-07,1.3796732652353547e-06
OLD_Full,6,29,specific_humidity@200hPa,0.36970802567499106,0.5148060847548199,0.23806775517870093,0.3334045933603662,0.9514319604665402,0.9039410322752256,8.184698363558561e-06,1.1396919290337456e-05,5.270409693261964e-06,7.381002973146227e-06
OLD_Full,6,30,specific_humidity@250hPa,0.376874606889771,0.533788317568085,0.23588464063572867,0.33365628038667994,0.950176312085907,0.8988928043685345,2.727245195547007e-05,3.862747922925554e-05,1.7069742620834017e-05,2.4144966622057e-05
OLD_Full,6,31,specific_humidity@300hPa,0.3673634984661178,0.5636297372973997,0.23533716076769173,0.36336760566366894,0.954208029213138,0.889131021525358,6.0222380898971266e-05,9.239656455014799e-05,3.8579130349735764e-05,5.956732908536226e-05
OLD_Full,6,32,specific_humidity@400hPa,0.3448658139887826,0.5722263401416836,0.22726827127337954,0.3755203808772316,0.9619715418350704,0.891406737931956,0.00017113345300554618,0.00028395702318871537,0.00011277778985764569,0.00018634523223429075
OLD_Full,6,33,specific_humidity@500hPa,0.30759117112590173,0.5108360515009116,0.20985400277706023,0.34097420792941,0.9679214191637361,0.9089571262106763,0.0003251969555002913,0.0005400750850538875,0.00022186554494064726,0.00036049075810894843
OLD_Full,6,34,specific_humidity@600hPa,0.2740933720034454,0.45648591696907226,0.19358202249578269,0.3167385993903071,0.9722254360463697,0.9210648233201398,0.00047673412919184584,0.0007939718279507764,0.00033669970492919833,0.0005509075245256385
OLD_Full,6,35,specific_humidity@700hPa,0.25472871527272645,0.42183067436337673,0.18173481249164597,0.3013398076375881,0.9750557944213775,0.930012510001428,0.0006395543099360248,0.0010591017421817998,0.0004562865359577994,0.000756582040832227
OLD_Full,6,36,specific_humidity@850hPa,0.21992257393160994,0.3271612696580716,0.1599893302419437,0.23546706336717796,0.9794612539810318,0.9533621063042648,0.0008955028676068693,0.0013321681759112585,0.000651460653110715,0.000958798472430137
OLD_Full,6,37,specific_humidity@925hPa,0.17309039407733506,0.22045836080969108,0.121454157197776,0.1537178937916492,0.986325867412661,0.9778952184039343,0.0008752562998262887,0.0011147791771640712,0.0006141502840045625,0.0007772964726945916
OLD_Full,6,38,specific_humidity@1000hPa,0.13958436364681856,0.2014912122265505,0.10208621258386702,0.1444269879985321,0.9911556562038968,0.9811643214868271,0.0008244379423234918,0.001190083151951155,0.0006029597005473341,0.000853040304666197
OLD_Full,6,39,u_component_of_wind@50hPa,0.16292572062146676,0.30303945515058833,0.12776440403728764,0.22577170274835104,0.9876875676481146,0.9585858662156608,2.443066492404979,4.544067962998801,1.9158235817040343,3.385440225063205
OLD_Full,6,40,u_component_of_wind@100hPa,0.19284045544368178,0.339025102590837,0.14920375851205528,0.2531809071577198,0.9852151461280128,0.954067197105887,2.576163585053658,4.529050345541455,1.9932191512659423,3.3822541445386727
OLD_Full,6,41,u_component_of_wind@150hPa,0.18674247919899664,0.296216258416646,0.14298526755557506,0.22288959070584685,0.9854830898318192,0.9652962450719808,2.9781474430756543,4.72402266231347,2.280312495307007,3.5546174275459337
OLD_Full,6,42,u_component_of_wind@200hPa,0.19339401769271966,0.25321428120165107,0.14625128049733713,0.19417390613052343,0.9838006351314146,0.9731037370334954,3.4069384290978806,4.460765977270365,2.576445308754916,3.420677345473411
OLD_Full,6,43,u_component_of_wind@250hPa,0.19111705567383103,0.24095518251392026,0.14553731706010642,0.18503976690585053,0.9828347503631949,0.9748438799121403,3.4209292405663883,4.313014507738094,2.6050676831903363,3.312147884873993
OLD_Full,6,44,u_component_of_wind@300hPa,0.19761632482673808,0.25947965143958573,0.14926295943036502,0.19960743785334972,0.9806340506677871,0.967956042120598,3.365852029253967,4.419524059878969,2.542285083365596,3.399765141385545
OLD_Full,6,45,u_component_of_wind@400hPa,0.20145937855692458,0.2692964071123808,0.15260252978977906,0.20686116665580115,0.9792050354113538,0.9641400300629995,2.8727940840005903,3.84014451101038,2.1760994530447206,2.9498231518138933
OLD_Full,6,46,u_component_of_wind@500hPa,0.2007577373773572,0.26664404977196515,0.15315092234486594,0.2058994779708462,0.9797016912447395,0.9661608286848313,2.3920340059464644,3.1770712227832862,1.8247975013877158,2.4532979752919357
OLD_Full,6,47,u_component_of_wind@600hPa,0.20206785837571656,0.28274092122980865,0.15411803264371113,0.21908880895018784,0.9797912169275542,0.9617284681704821,2.0740884628193728,2.9021423275040807,1.5819162765755193,2.248796876765187
OLD_Full,6,48,u_component_of_wind@700hPa,0.210050218095652,0.308314569151159,0.16045799986453127,0.23851999194073442,0.9784663137187429,0.9545708281441048,1.906255764233809,2.798028172623491,1.4561945660392974,2.1646257248875873
OLD_Full,6,49,u_component_of_wind@850hPa,0.22410474152491192,0.3149224688154316,0.16934223980719035,0.24100357915732262,0.9757705361816533,0.9531558714628833,1.8038213601522133,2.534814160570102,1.3630374109281904,1.9398402632822218
OLD_Full,6,50,u_component_of_wind@925hPa,0.22112728724229547,0.3104631788464784,0.16226666129152376,0.23263870052525334,0.9761819833732897,0.9543066677439898,1.7214296224681538,2.416890865429501,1.2632119735240908,1.8110435923630004
OLD_Full,6,51,u_component_of_wind@1000hPa,0.22658970103347434,0.3396122583337925,0.16882225932198996,0.2544853389108091,0.9750813006627523,0.9439826721038812,1.364953275408949,2.045789640609768,1.0169680879765783,1.532993749889709
OLD_Full,6,52,v_component_of_wind@50hPa,0.32354758299698194,0.36795302890786563,0.2532589927555175,0.2837035370584908,0.911661267383251,0.8871225707376688,2.3562345827530207,2.679617154489078,1.844358062352577,2.0660703842727184
OLD_Full,6,53,v_component_of_wind@100hPa,0.32318506948301606,0.4711292031906768,0.24981512556024113,0.3577236429484701,0.9419566509457414,0.8727152000342718,2.445129772038275,3.5644345914934337,1.8900328603798686,2.7064391664244094
OLD_Full,6,54,v_component_of_wind@150hPa,0.27562343980031084,0.4333554885214939,0.21063819271877562,0.32717146642107836,0.9634446939904261,0.9088615260773681,2.645889180245312,4.160061994014599,2.022053405294897,3.1407323467379955
OLD_Full,6,55,v_component_of_wind@200hPa,0.24792689621813474,0.360721099712019,0.18659917449323213,0.2744603441163074,0.9700160324902106,0.9379568753606335,2.9397104532525113,4.277130051848184,2.2125374319968594,3.2543219550689826
OLD_Full,6,56,v_component_of_wind@250hPa,0.2371205818375218,0.31387692177746224,0.17814377005245,0.23895701603414324,0.970322823357019,0.9517691609737445,3.1638158990636494,4.187948534677414,2.376909203228962,3.188318809330234
OLD_Full,6,57,v_component_of_wind@300hPa,0.24186543138378094,0.3151256566491003,0.18112390295606623,0.23905873990503623,0.9667227661190452,0.9453266131558689,3.218196779898504,4.192977774953733,2.4099862217282007,3.1808516596834053
OLD_Full,6,58,v_component_of_wind@400hPa,0.2527363554862291,0.32042385228777764,0.18933686243206194,0.24154538094428935,0.9620611891095591,0.9405972888588261,2.829817525088047,3.5876952900001418,2.1199513239321366,2.7045153071738577
OLD_Full,6,59,v_component_of_wind@500hPa,0.2543617546323721,0.32287344395480244,0.19173340470603056,0.24613063892041334,0.9617358052710139,0.941880604807712,2.3296152435218453,2.957091152861144,1.7560228853745974,2.2542292055765647
OLD_Full,6,60,v_component_of_wind@600hPa,0.2651339556752731,0.3457970838857488,0.20118089125675465,0.26513629806894484,0.9587433982022657,0.9317561816953631,2.0607285162725812,2.6876750258487907,1.5636593946946815,2.0607467136640802
OLD_Full,6,61,v_component_of_wind@700hPa,0.27678491489743084,0.37353431739971144,0.20989638138465372,0.2862091640854213,0.9552527697571931,0.9196902837258008,1.8863414702729566,2.5457069251386923,1.4304834835468547,1.9505694986349185
OLD_Full,6,62,v_component_of_wind@850hPa,0.28814748868720214,0.3810247388142835,0.21570933204183185,0.2870612473196248,0.95159680411499,0.9170854117003281,1.7782169590867778,2.35138142189762,1.3311863040879226,1.7715135550697279
OLD_Full,6,63,v_component_of_wind@925hPa,0.273298300290666,0.3645095459555297,0.19904739677449731,0.2677206223423237,0.9581995165287909,0.9278209820047341,1.7378871343646916,2.3178938552318695,1.2657301942221058,1.702419028326244
OLD_Full,6,64,v_component_of_wind@1000hPa,0.2652613814280094,0.38501744581617836,0.19713090127391697,0.2861213878642678,0.9619442998339638,0.919263735448218,1.3810405209918646,2.004531114202914,1.0263301727830572,1.4896447713204142
OLD_Full,6,65,2m_temperature,0.11804372135928909,0.1303924939278978,0.07738819485180073,0.08464207751629327,0.9902443039793364,0.9880314986579187,2.525421644328644,2.789610679611112,1.6556392879980362,1.8108285053952975
OLD_Full,6,66,10m_u_component_of_wind,0.2277008214198187,0.3171064032162062,0.16973012000298826,0.23639380971407645,0.9742961356162031,0.951154944608372,1.236909223434846,1.722575403416649,0.9220025995849473,1.284131007091837
OLD_Full,6,67,10m_v_component_of_wind,0.26431193465165115,0.3584052981020465,0.19731078751835962,0.2670931703813647,0.9611488812803078,0.9300850678385145,1.2344562348723453,1.6739147824293727,0.9215305897878777,1.2474458633385228
OLD_Full,6,68,mean_sea_level_pressure,0.1274287938623977,0.16430730654341597,0.09949300932172929,0.12483146367042038,0.9899183669173582,0.9837291646139092,168.61643409704402,217.41484879316886,131.6512217803819,165.17959190049436
OLD_Full,6,69,surface_pressure,0.07185724771864814,0.14818192560272828,0.05497257118582509,0.09004217950941816,0.9950357480403966,0.9787271342716646,689.7836178848881,1422.4516955329607,527.7015244580887,864.3473262740077
OLD_Full,6,70,total_precipitation_6hr,0.6184287142628832,0.9350564387984049,0.2573164984506105,0.398340780464365,0.8667774669967965,0.6513952449826277,0.001031592667896278,0.0015597551411600866,0.00042922621438137225,0.0006644669276445728
OLD_Full,24,0,geopotential@50hPa,0.05810944880208006,0.07437483349738452,0.04300315501125834,0.057448431478622566,0.9973135173721355,0.995520232674644,334.57071279315545,428.22022283489383,247.59478233781567,330.7648402678435
OLD_Full,24,1,geopotential@100hPa,0.05803414949911292,0.0663971061070768,0.044735477202451676,0.05154317770944735,0.9980222106771104,0.9973040336465253,316.3008201568141,361.88105601400923,243.81969103834354,280.92338119608183
OLD_Full,24,2,geopotential@150hPa,0.05091790640677926,0.05698828806351359,0.03933448701589489,0.04410844863461352,0.9985847815695055,0.9981930002548649,295.3425032486751,330.5529372796753,228.15443121626694,255.84514964654207
OLD_Full,24,3,geopotential@200hPa,0.04912014007274058,0.05433500288451658,0.03794941358691119,0.042011400825497175,0.9987074691886318,0.9984009254567577,285.75466354606084,316.0919420869712,220.76936107963368,244.39982638914745
OLD_Full,24,4,geopotential@250hPa,0.040630097937564606,0.04680307960036861,0.03045281499512699,0.034867794060628114,0.9991044904483354,0.9988675051833976,225.31166892420248,259.54355412731184,168.8741834208626,193.35717629850365
OLD_Full,24,5,geopotential@300hPa,0.05305761333754658,0.05722940466037218,0.04047974851401364,0.04354146534801927,0.9984757963647345,0.9981924343710781,270.8800747606324,292.17871726729027,206.66510503858882,222.2963803507357
OLD_Full,24,6,geopotential@400hPa,0.05640049083130237,0.06052940549573713,0.04281100241436722,0.045842532419257315,0.9982533234967986,0.9979430926402653,234.85767498260807,252.05092304129363,178.26959204698474,190.8932155923551
OLD_Full,24,7,geopotential@500hPa,0.04862012552734901,0.054868335419459846,0.03603475174160251,0.04044374620651266,0.9986632978163188,0.9983147766786862,163.55024488436388,184.5682127973092,121.21508108340933,136.0462262389276
OLD_Full,24,8,geopotential@600hPa,0.05435508569250662,0.06164446889857704,0.04080255608552632,0.046194819251078156,0.9983217692438409,0.9978517108345849,146.8984142088647,166.5984822521947,110.27175709398561,124.84472607583548
OLD_Full,24,9,geopotential@700hPa,0.06397939139616539,0.07265580057979318,0.04816517903797774,0.05482769318524189,0.9976749153976349,0.9970139851714117,136.75523084919192,155.3009580614094,102.95252894648547,117.19357983046355
OLD_Full,24,10,geopotential@850hPa,0.09079122850096157,0.10186841822787326,0.06761736552103702,0.07621374640964673,0.9952511296563301,0.9940928962447728,133.04975769460663,149.2827949540911,99.08968364113377,111.6872259212111
OLD_Full,24,11,geopotential@925hPa,0.11267055314495893,0.12719328667826335,0.08327768499857606,0.09466006305763776,0.9925610111524292,0.9908190248634549,137.73555673168275,155.48905836387385,101.80386965272979,115.71840378934472
OLD_Full,24,12,geopotential@1000hPa,0.14245560382535877,0.16749940360526963,0.10521155308552098,0.12507325971840685,0.9877433316532388,0.98329895595832,151.8258171922672,178.5169093439945,112.13198718569275,133.30012578098723
OLD_Full,24,13,temperature@50hPa,0.15811809906141805,0.22055120293110142,0.11911468686365567,0.16681278763966934,0.9744423594046904,0.9540025290645633,1.6332914903092601,2.2781984130821566,1.2304031364689676,1.7231038775573295
OLD_Full,24,14,temperature@100hPa,0.1344994276940812,0.1586234151028995,0.10448505415456083,0.1241219400369023,0.9892819325511935,0.9857112218294102,1.6979920367208674,2.0025460428119572,1.3190746856300508,1.5669811405564165
OLD_Full,24,15,temperature@150hPa,0.1662624033728257,0.19257507670251992,0.12562222765468592,0.1456764854191311,0.979522944241556,0.9727791807728569,1.4824701674808416,1.7170857676818558,1.1201041441590773,1.298916903772977
OLD_Full,24,16,temperature@200hPa,0.22280492053431217,0.25479052796642127,0.16055654782662793,0.18694600823753155,0.9559231448929149,0.9428314329581736,1.584453132433014,1.8119153248249447,1.1417805471018132,1.32944636729519
OLD_Full,24,17,temperature@250hPa,0.1659655472760597,0.17820676577306999,0.12003863704042315,0.1295880588394356,0.9848174168490837,0.9829410421577844,1.4032743020119005,1.5067764313112684,1.0149524274886135,1.0956948287018622
OLD_Full,24,18,temperature@300hPa,0.13026445208321574,0.13857000921296272,0.09579030777887669,0.102755230138183,0.9913981231741351,0.9902967195209104,1.3914884951133248,1.480208705018328,1.023234737801568,1.097634225487443
OLD_Full,24,19,temperature@400hPa,0.10351101182417245,0.10735230318885777,0.07811665535195661,0.08100334433980858,0.9943423213921261,0.9939135709729655,1.3161910994063324,1.3650349317818717,0.9932899455267056,1.0299955493342245
OLD_Full,24,20,temperature@500hPa,0.09095641512076898,0.09574492398187119,0.06808141959586358,0.07185069309552508,0.9953781344638074,0.99509188523038,1.1930344919340576,1.2558432094071335,0.8929934407438643,0.942433313695162
OLD_Full,24,21,temperature@600hPa,0.09102607683615832,0.09363851004039125,0.06897538888627504,0.07040230670113257,0.9952319239822983,0.9949831686254286,1.228568428505431,1.2638281371552402,0.9309528461603236,0.9502117962058628
OLD_Full,24,22,temperature@700hPa,0.08735199166794348,0.09026380251236786,0.06560405199793247,0.0669861235849109,0.9952850379120609,0.994962624024943,1.3015518929426595,1.3449381099901012,0.9775057898655976,0.9980987744420348
OLD_Full,24,23,temperature@850hPa,0.1044200129167349,0.11681719565172055,0.0769561307525034,0.08511428915632424,0.9933295798216502,0.991622258913799,1.6377667090829195,1.832209247814136,1.2070118055896482,1.334967739726382
OLD_Full,24,24,temperature@925hPa,0.10371328327993502,0.12375243556738201,0.07398166597084163,0.08613063257385503,0.9934624877564006,0.9906331383945759,1.6775684182100685,2.0017028635224876,1.1966577673264291,1.3931680083959506
OLD_Full,24,25,temperature@1000hPa,0.10349009433924378,0.13447103388334786,0.07402829324701908,0.0944701526699692,0.9933524008071838,0.9887369996216219,1.787097114209223,2.322085009443847,1.2783421421456138,1.6313381374793525
OLD_Full,24,26,specific_humidity@50hPa,0.09962565417001834,0.23685392319275098,0.07229521373047054,0.20969736010143913,0.9354613991127859,0.5962596442152018,9.96256539419769e-08,2.368539221357898e-07,7.229521352188234e-08,2.096973599316016e-07
OLD_Full,24,27,specific_humidity@100hPa,0.2736284554519328,0.43054304669443194,0.18325110537689304,0.32314674785471686,0.9130615735354789,0.7669643316187419,2.736284560020963e-07,4.30543046361851e-07,1.8325110399484235e-07,3.231467510249888e-07
OLD_Full,24,28,specific_humidity@150hPa,0.4909334231958395,0.5597139075191238,0.316685025185962,0.375092705514901,0.9136845898143731,0.8860378265453279,1.8160420208469258e-06,2.0704721263966403e-06,1.1714690574472203e-06,1.387528489670918e-06
OLD_Full,24,29,specific_humidity@200hPa,0.4936248239695188,0.5293023962989056,0.31819684600970577,0.34306419254574605,0.9115912803480136,0.8980250932187046,1.0928002660536155e-05,1.1717842646799869e-05,7.04432960051038e-06,7.594849820787807e-06
OLD_Full,24,30,specific_humidity@250hPa,0.5324666027557183,0.5579563660825159,0.33382939874383893,0.3480168231300348,0.8975123648340253,0.888578419194248,3.8531834152688506e-05,4.037639535500564e-05,2.4157494046316745e-05,2.5184164289991264e-05
OLD_Full,24,31,specific_humidity@300hPa,0.5479730849762757,0.5839767491281074,0.35251163512454037,0.3767056789581119,0.8944835747805868,0.8799327528339235,8.982994789190884e-05,9.573207630739536e-05,5.778769621611782e-05,6.175385669717563e-05
OLD_Full,24,32,specific_humidity@400hPa,0.536171866537678,0.5824043148298437,0.35040972739429976,0.382325060247976,0.9053934932869185,0.8871843665745897,0.00026606563994745994,0.0002890076608357413,0.00017388452151718823,0.00018972193207933123
OLD_Full,24,33,specific_humidity@500hPa,0.47688508433583404,0.5230539692917429,0.3177600492522409,0.3472486779033926,0.9207408882148144,0.9041835768673749,0.0005041808462683315,0.0005529923285468533,0.0003359478776304366,0.0003671243603927947
OLD_Full,24,34,specific_humidity@600hPa,0.41955955610150697,0.4645074512070554,0.2903729011132466,0.31991859034534315,0.9333923601329696,0.9181769757750756,0.0007297453375573147,0.0008079237847783407,0.000505049319978015,0.0005564385172547577
OLD_Full,24,35,specific_humidity@700hPa,0.3900972259428742,0.4282133906344495,0.2771499280914718,0.3025898831331535,0.9403225182452449,0.9279104548807079,0.0009794277093604648,0.0010751270047323657,0.0006958478437433103,0.0007597206436188279
OLD_Full,24,36,specific_humidity@850hPa,0.30165558625982913,0.3293008156526559,0.21536421591507898,0.23514223113621846,0.9603894254251747,0.9528391466641021,0.0012283115705204097,0.001340880195037638,0.0008769416869136376,0.0009574758035142156
OLD_Full,24,37,specific_humidity@925hPa,0.1978836681289614,0.2182429993804751,0.1385303759388773,0.15121078970704865,0.9820722325056048,0.9784524098168161,0.0010006270268449761,0.0011035768831630843,0.000700498624627435,0.0007646189417784496
OLD_Full,24,38,specific_humidity@1000hPa,0.16148985055186654,0.19947923845026053,0.11862134169871744,0.14177302439909445,0.987989583242689,0.9816024539850315,0.0009538200058055895,0.0011781996737408613,0.0007006224202294517,0.0008373649872145876
OLD_Full,24,39,u_component_of_wind@50hPa,0.20896397982392714,0.302512339331406,0.15982148608144212,0.22529769020399348,0.9797102469205843,0.9587809142291751,3.1334088997661294,4.536163847449516,2.3965185929924187,3.378332410145657
OLD_Full,24,40,u_component_of_wind@100hPa,0.2727791918193315,0.34309925130872404,0.20763090366410364,0.25718924189408837,0.9701259303654235,0.952987574912292,3.6440684523937614,4.583477029741927,2.773749814064774,3.4358016745629727
OLD_Full,24,41,u_component_of_wind@150hPa,0.26280557660875575,0.30912939036620823,0.19893500046839657,0.2329815104510068,0.9709540826922842,0.9618189872873049,4.191192962435271,4.9299597908971196,3.172592383390711,3.7155621731377892
OLD_Full,24,42,u_component_of_wind@200hPa,0.25448112016214025,0.27747040757830227,0.19220490700117507,0.21223378433422577,0.9712415784801907,0.9671119945563246,4.4830833463479705,4.888075628050264,3.3859903524072257,3.738830366356637
OLD_Full,24,43,u_component_of_wind@250hPa,0.2578897223400081,0.27249425216033274,0.19510651207109744,0.20814311155381243,0.9684091612384835,0.9666872508844078,4.616136889028232,4.8775529454441955,3.492339111417542,3.725689790918651
OLD_Full,24,44,u_component_of_wind@300hPa,0.2711032040271992,0.29282018051585584,0.20422967184136429,0.22365389982453718,0.96301270156493,0.9582791192330353,4.617499423236245,4.987388540351117,3.478492207884746,3.809330722378137
OLD_Full,24,45,u_component_of_wind@400hPa,0.27488430891162363,0.2991650470346789,0.2070356248880685,0.22836266528102564,0.9607688038308263,0.9551250515334292,3.91982754710647,4.266068870415924,2.952310885496297,3.2564327425590673
OLD_Full,24,46,u_component_of_wind@500hPa,0.2723886734916725,0.2941033148659047,0.20697902497890527,0.22587208292821742,0.962045604866406,0.9581140095765994,3.2455185826054795,3.5042491229425825,2.4661608448813586,2.6912721179668844
OLD_Full,24,47,u_component_of_wind@600hPa,0.28033935970842977,0.3059320410913875,0.2138361210419087,0.23645136923092105,0.9605181784754573,0.9549481525100151,2.877491947690207,3.140183309280715,2.194881640863434,2.427011694438158
OLD_Full,24,48,u_component_of_wind@700hPa,0.2966485605029381,0.3272085442033109,0.22637045952391285,0.25275429318548437,0.9565255805109368,0.9487861914982656,2.6921563531889783,2.9694954792189843,2.0543658484716536,2.293805419110866
OLD_Full,24,49,u_component_of_wind@850hPa,0.31153817798124867,0.33761283871147846,0.2328649643211241,0.2561907807263645,0.9525753288488975,0.9458471565259456,2.5075739732324664,2.7174491548703186,1.8743324932124974,2.062082190961532
OLD_Full,24,50,u_component_of_wind@925hPa,0.30967775074077003,0.33448811268781165,0.22307517494693876,0.24687468900643317,0.9526923791094936,0.9464180218528238,2.4107764355734185,2.603919942087322,1.7365935308458011,1.9218677938097026
OLD_Full,24,51,u_component_of_wind@1000hPa,0.31875241263204473,0.3579708656173393,0.2314571615326318,0.26540783028982784,0.9500115601741963,0.9373810983674188,1.9201320695648458,2.1563800314909876,1.3942743672039435,1.59878971928471
OLD_Full,24,52,v_component_of_wind@50hPa,0.3585545098809507,0.3702141328245707,0.27445074587414237,0.28409624685502755,0.890219647748552,0.8854899924552573,2.611172456673761,2.6960836461268243,1.998686961920861,2.068930293991085
OLD_Full,24,53,v_component_of_wind@100hPa,0.4431168181059112,0.477875924161747,0.3368229262021764,0.36419333358567973,0.8877933846132967,0.8693250641300982,3.3525005488225976,3.615478426048226,2.548310067388708,2.7553870946891452
OLD_Full,24,54,v_component_of_wind@150hPa,0.40919495994142174,0.45181783196665204,0.30950398424798514,0.3420720764721565,0.9170901150895263,0.9007258073046451,3.9281293157623525,4.337294085083749,2.971130671224351,3.2837730028208645
OLD_Full,24,55,v_component_of_wind@200hPa,0.363291036652404,0.3954333559371258,0.2735962823158565,0.299930626675179,0.9344043006286198,0.9245585646040146,4.3076022316315274,4.688719062210515,3.244076601583428,3.5563273381381872
OLD_Full,24,56,v_component_of_wind@250hPa,0.3438743158250513,0.3614747740720183,0.25843417384780565,0.2719952315732781,0.9364475686064972,0.9336068598242169,4.588193160030377,4.823029819511322,3.4481956145058326,3.6291359571475135
OLD_Full,24,57,v_component_of_wind@300hPa,0.34587123907883227,0.36881489179445603,0.25820970961594936,0.2763284389815511,0.9305544843041805,0.9230226555718056,4.602070263709887,4.907352381545678,3.4356694098119718,3.676752357482265
OLD_Full,24,58,v_component_of_wind@400hPa,0.350523941630118,0.37270257588159134,0.2605401974800947,0.2775536054314974,0.9256494063263456,0.9176023704210431,3.9247174728954373,4.173045360146208,2.9171949418264713,3.107689220857024
OLD_Full,24,59,v_component_of_wind@500hPa,0.35275618444084944,0.37207237383360814,0.26452606325648786,0.28052828744962754,0.9249687681107672,0.9200171381398519,3.230777294037715,3.407687892681273,2.422706774221044,2.5692658600765483
OLD_Full,24,60,v_component_of_wind@600hPa,0.36797139439756194,0.38857500318257754,0.27805525610106896,0.29551492430259224,0.9186336487567276,0.9121789703607763,2.860022742848551,3.020162348615927,2.161158125443105,2.296861718717726
OLD_Full,24,61,v_component_of_wind@700hPa,0.388301597752747,0.41255050394385506,0.2931064289051483,0.31372284094476316,0.9096566081853593,0.900533090310698,2.646348726288641,2.8116096196294853,1.9975756492592167,2.1380804135419407
OLD_Full,24,62,v_component_of_wind@850hPa,0.4026208990537068,0.4265392779106799,0.2967209220393416,0.31730843559665856,0.9031099472890824,0.8940114794702312,2.484655733126932,2.6322609372981316,1.831125384062515,1.9581751230266342
OLD_Full,24,63,v_component_of_wind@925hPa,0.38705682867445745,0.4114644844962751,0.27507663492137796,0.2968748952143354,0.9142389072986461,0.9057352804302096,2.4612706407818536,2.616477429441685,1.7491954416889088,1.8878092576385088
OLD_Full,24,64,v_component_of_wind@1000hPa,0.37980046989247257,0.4205108564306402,0.2747858189678393,0.30952786419094824,0.9200606817336304,0.9023615272472078,1.9773697623438669,2.189321816938679,1.4306279545383704,1.6115068011086382
OLD_Full,24,65,2m_temperature,0.0946386999164061,0.12619256132578835,0.06601363541744336,0.08237223461417978,0.9937193334645275,0.9887952549375775,2.0246957455476444,2.699757531608452,1.412292511803523,1.7622675993673353
OLD_Full,24,66,10m_u_component_of_wind,0.3132726815133988,0.337636861292027,0.22650402991086638,0.24812934699896744,0.9507508824918497,0.9441209534448193,1.7017499897408157,1.8341003179864417,1.2304080707934852,1.347880407213002
OLD_Full,24,67,10m_v_component_of_wind,0.3736177078501825,0.3984092229026194,0.2703697782182702,0.2917469999451482,0.920674200959722,0.9118437271068743,1.7449636103276416,1.8607511959014393,1.2627490972693194,1.3625904067662766
OLD_Full,24,68,mean_sea_level_pressure,0.14486076330795225,0.1727522727329245,0.10556897680633474,0.12710868746645457,0.9869540804190773,0.9818651066706932,191.68277917768927,228.5894048898794,139.69106935958987,168.19286102555637
OLD_Full,24,69,surface_pressure,0.0720936868439658,0.15010831439697667,0.054261110340743476,0.09174726532559378,0.9950130643542515,0.9781469092629225,692.0532800136817,1440.943800648093,520.8719501996312,880.7150600341668
OLD_Full,24,70,total_precipitation_6hr,0.9447069238607043,0.9925740707559229,0.37375129950406955,0.4211162159260621,0.641855795173543,0.5924878525341463,0.001575852991982425,0.0016556995383276232,0.0006234495452494316,0.0007024583271089592
OLD_Full,72,0,geopotential@50hPa,0.08208433197300839,0.0902717788509083,0.05510559104205474,0.06476381196907009,0.9946546789249685,0.9934084575380954,472.608398594465,519.7484035797381,317.27571583996144,372.8838471680384
OLD_Full,72,1,geopotential@100hPa,0.07699825152119717,0.0813793087564394,0.05702339337083566,0.060874032205795056,0.996415138723786,0.995922399335738,419.659984848758,443.5378558073088,310.79194450488853,331.77890466318615
OLD_Full,72,2,geopotential@150hPa,0.07299938211109339,0.07579057406139977,0.05443863515517944,0.05657340840040154,0.9970502781183602,0.9968022968088317,423.4231489247911,439.61308080017454,315.76401871275453,328.14647892104955
OLD_Full,72,3,geopotential@200hPa,0.07784618804717734,0.08063309668792058,0.05673766313824815,0.058890773252376835,0.9967145517434249,0.9964745191158335,452.86742389708036,469.0801650445926,330.0693310341965,342.59496927952773
OLD_Full,72,4,geopotential@250hPa,0.08146186460913134,0.08399263485862504,0.05492539683875159,0.0564114712307905,0.9963789529098369,0.9961945025180616,451.7416802172708,465.7759090536889,304.58535733086364,312.8262916671323
OLD_Full,72,5,geopotential@300hPa,0.09404713876211314,0.0966198310044792,0.06493790532444048,0.06684293493570934,0.9951170371033068,0.9948425177670154,480.1477959428693,493.2824037421837,331.53366049771216,341.259590355008
OLD_Full,72,6,geopotential@400hPa,0.10072712256819309,0.10336144023673503,0.06856001363931648,0.07058350503015622,0.9942999255609356,0.9939868337729426,419.4385098352039,430.4080931969551,285.49122730912654,293.91726992977556
OLD_Full,72,7,geopotential@500hPa,0.10008458671069026,0.10271347811248843,0.06557249069057727,0.06736210733266816,0.9943138399536237,0.9940280363756129,336.6683736804542,345.5115403681787,220.57526241875794,226.5952417717469
OLD_Full,72,8,geopotential@600hPa,0.1087919344384115,0.11175652111727244,0.07240464242652273,0.07465872285379581,0.9932621174659884,0.9928950548236848,294.0177991823652,302.0298021872266,195.67860253228113,201.770413941984
OLD_Full,72,9,geopotential@700hPa,0.12530648560716698,0.12868899833261443,0.0839737196519389,0.08680703855524974,0.9910458649539252,0.9905649785497377,267.8412052325262,275.0712870535834,179.49288536448628,185.5490707994515
OLD_Full,72,10,geopotential@850hPa,0.1745568245803356,0.17872501451841635,0.11651577630521658,0.12028745433583651,0.9822486408422251,0.9814497244771171,255.8038213363757,261.91208371426393,170.74772488063752,176.27492100925747
OLD_Full,72,11,geopotential@925hPa,0.21460247906495888,0.21963874780007733,0.1434156109387816,0.14813319455978094,0.9726464513701161,0.9715265682369664,262.3435411762215,268.5001915170185,175.32024549629162,181.0873149166347
OLD_Full,72,12,geopotential@1000hPa,0.2603857582269753,0.2690480106275304,0.17643991614731766,0.18491254119639858,0.958317896218007,0.9555936480753112,277.512989452434,286.74501297847763,188.04549320487953,197.07541754717926
OLD_Full,72,13,temperature@50hPa,0.20136730166464334,0.2259253092917486,0.14941537876206223,0.1687594336254817,0.9584694387157598,0.9520786645284649,2.080037028196922,2.3337106133937313,1.5433961722559022,1.743211883059846
OLD_Full,72,14,temperature@100hPa,0.1615714136593769,0.17199189834597525,0.12460278656014798,0.13368049285787414,0.9842928218657158,0.9830773190914205,2.0397631333152675,2.171316862581859,1.5730515895440114,1.6876533754410732
OLD_Full,72,15,temperature@150hPa,0.219242205749418,0.22779114597452269,0.16213485671097688,0.16925409158751728,0.9642957003287893,0.9617738688091603,1.9548618589439373,2.031088045175559,1.4456671145442368,1.5091454103918336
OLD_Full,72,16,temperature@200hPa,0.3159315432391882,0.3251881204388185,0.21935789371292744,0.22831389153790743,0.9092043938218773,0.9042065578793267,2.24671305479419,2.3125402043914023,1.559939980237814,1.6236295837990498
OLD_Full,72,17,temperature@250hPa,0.22840747650092694,0.23136860468614048,0.15776243420378003,0.16056953569206217,0.9707927170166606,0.9702905817429183,1.9312342029827936,1.956271164983163,1.3339152303183457,1.3576498703652784
OLD_Full,72,18,temperature@300hPa,0.16003981527277616,0.1620679061897965,0.11650916564141263,0.11842094846103235,0.9869883467943367,0.9866920402174717,1.709549752505264,1.7312138847762086,1.2445541528691122,1.2649758754585176
OLD_Full,72,19,temperature@400hPa,0.13802466639075983,0.13974050007690134,0.10000289165200449,0.10123691318001381,0.9898829775820952,0.9896527060408817,1.755048417007923,1.7768660454794192,1.2715837075877177,1.2872748704916828
OLD_Full,72,20,temperature@500hPa,0.13221137898909652,0.13405750754001428,0.0928575339745159,0.09416578706972273,0.9902217002481627,0.9901087039331209,1.7341573438147928,1.7583721820039455,1.2179706168473439,1.2351303862570973
OLD_Full,72,21,temperature@600hPa,0.12872359726605112,0.12976302234417872,0.09118086457798548,0.0916054295687325,0.9903490088220633,0.9902423289974125,1.7373675086070248,1.751396498533374,1.230657586425005,1.2363878892396343
OLD_Full,72,22,temperature@700hPa,0.1184916446744541,0.11942253292286852,0.08388649874499143,0.08412449863097964,0.9912441104425584,0.9911302477605058,1.7655352909335533,1.779405602584943,1.2499157641214533,1.2534619913936558
OLD_Full,72,23,temperature@850hPa,0.13164759322955358,0.1348018589599327,0.09426049906483287,0.09603721500369809,0.9893408582906179,0.9888099858123318,2.064815347571838,2.1142881625797347,1.47842067738069,1.5062874197301865
OLD_Full,72,24,temperature@925hPa,0.12917009240557878,0.13730391945713635,0.08995712862735017,0.09499703990405964,0.9897946225194766,0.9884478682785485,2.0893337847914926,2.220898919851723,1.4550618168842184,1.5365826652513463
OLD_Full,72,25,temperature@1000hPa,0.12476201770492781,0.14154279684596416,0.08688024653011546,0.09896578630254188,0.9903406214650202,0.9875093162398909,2.154426885051602,2.444202281257717,1.5002734307505028,1.7089700386828843
OLD_Full,72,26,specific_humidity@50hPa,0.11107029296523406,0.23721630528500473,0.07597834306066471,0.20958248220885586,0.9173919442883,0.5982072092987012,1.1107029281827744e-07,2.3721630569049704e-07,7.59783423203104e-08,2.0958248096297058e-07
OLD_Full,72,27,specific_humidity@100hPa,0.3411915116793561,0.4311672935916843,0.23408605528897933,0.323554322570284,0.8611121023030663,0.7666360652877909,3.411915136839545e-07,4.3116729193647993e-07,2.340860514359173e-07,3.235543190972476e-07
OLD_Full,72,28,specific_humidity@150hPa,0.5545600425892937,0.574584363953011,0.3655583373592679,0.38436614059065066,0.8883618526082163,0.879606235877396,2.0514071409504112e-06,2.125480349003542e-06,1.3522593121771616e-06,1.4218324132906319e-06
OLD_Full,72,29,specific_humidity@200hPa,0.5623206550065641,0.5718629833714708,0.36948801745720733,0.3750855038126582,0.8836154488371353,0.879655358771059,1.2448809974631596e-05,1.2660060594483411e-05,8.179827784648752e-06,8.303746402091587e-06
OLD_Full,72,30,specific_humidity@250hPa,0.6209596336440044,0.6293497968986027,0.3977788849519927,0.401776533751752,0.8577237641156105,0.8555015483581558,4.493561356982115e-05,4.554276594761064e-05,2.878518556467546e-05,2.9074474243461206e-05
OLD_Full,72,31,specific_humidity@300hPa,0.6557707132465405,0.6658081518216385,0.42829023020661033,0.43432323676317086,0.8448286595801516,0.8403421127669747,0.00010750135496335213,0.0001091468057493685,7.021018076952017e-05,7.11991787895358e-05
OLD_Full,72,32,specific_humidity@400hPa,0.6623163057886002,0.6704101913654534,0.43962268612453276,0.44568048010330935,0.8518547338460433,0.8472596124716044,0.00032866254776367894,0.0003326789899177712,0.00021815484760866227,0.00022116091921928557
OLD_Full,72,33,specific_humidity@500hPa,0.6029480114739314,0.6098320479429916,0.41025060148220055,0.4126071404507639,0.8698043494058268,0.8671767977556756,0.0006374593121074254,0.0006447373744163621,0.00043373236514671374,0.00043622378646877846
OLD_Full,72,34,specific_humidity@600hPa,0.5380995891176867,0.5443056334437635,0.37933356131842894,0.38128215664317994,0.8877910190211559,0.8857349788016121,0.0009359235318763037,0.0009467177870598486,0.0006597797469376073,0.0006631689623127647
OLD_Full,72,35,specific_humidity@700hPa,0.4943068347932435,0.49835571756846875,0.355855820356744,0.3565718069103999,0.9022614079100809,0.9009414745495858,0.001241069603118743,0.0012512352498835631,0.0008934568747659453,0.0008952545331281443
OLD_Full,72,36,specific_humidity@850hPa,0.3590882800852629,0.36358441020048904,0.25816545246959394,0.2604649407611661,0.9433460183464581,0.9421723376181966,0.0014621717857956555,0.001480479582645311,0.001051224071454732,0.0010605873483421208
OLD_Full,72,37,specific_humidity@925hPa,0.22950411551989533,0.23563934993947408,0.1606232811838399,0.1644618734460193,0.9759269564155454,0.9748410099309321,0.0011605203361051912,0.0011915440199899477,0.0008122145583380661,0.0008316249360675376
OLD_Full,72,38,specific_humidity@1000hPa,0.1976422695906136,0.21197717572021801,0.14390219853978,0.15110157256935594,0.9820743753744158,0.9792268258496515,0.0011673498390700077,0.0012520172061505905,0.0008499407064696423,0.000892462918094568
OLD_Full,72,39,u_component_of_wind@50hPa,0.2666354066158958,0.31668651006601445,0.20227473002369484,0.23760291068337008,0.9668147570781565,0.9538396692235787,3.9981902609731224,4.74870511922454,3.0331037796059754,3.5628488156995557
OLD_Full,72,40,u_component_of_wind@100hPa,0.3484843408686814,0.37139707519133086,0.2664790205410295,0.2829822324814079,0.9507204731657525,0.9442593172633081,4.655416645945153,4.9615088154091085,3.559904181423541,3.7803712844098243
OLD_Full,72,41,u_component_of_wind@150hPa,0.34999596529326416,0.366642203280884,0.2686536593190701,0.2814692641469923,0.9477995519220336,0.943983639414913,5.581695170766193,5.847167455286037,4.2844575287161,4.488839273387295
OLD_Full,72,42,u_component_of_wind@200hPa,0.3664700339581074,0.37694310718489193,0.27851842377404823,0.287902455406007,0.939259616660616,0.9367352483480323,6.455943432116636,6.64044299952791,4.90653807776997,5.071852530870867
OLD_Full,72,43,u_component_of_wind@250hPa,0.3973707816674134,0.40354995638029445,0.2961221400523075,0.301748728232047,0.9231969527867836,0.9224317069174797,7.11279968532389,7.2234047656527105,5.300483987015644,5.401197971399669
OLD_Full,72,44,u_component_of_wind@300hPa,0.4167648912101501,0.4244631793583268,0.30763218967985895,0.31508682105702485,0.9100912250355226,0.9080836976656457,7.098446693786488,7.2295658838957095,5.239670461394485,5.366639644830257
OLD_Full,72,45,u_component_of_wind@400hPa,0.4186498562174349,0.42652037669498827,0.30716526435168146,0.31504281773508414,0.9063458717562204,0.9043489899636006,5.969912402095643,6.082145359979809,4.380151349248909,4.492484513047929
OLD_Full,72,46,u_component_of_wind@500hPa,0.41090082839980674,0.4174941576687358,0.3044990867958046,0.3107588758223024,0.9112343660100145,0.9101640581403657,4.895894762808908,4.9744544646727515,3.62811505304328,3.7027005889720095
OLD_Full,72,47,u_component_of_wind@600hPa,0.41324314995501377,0.41919528690092045,0.30929505341515384,0.3148579828944912,0.9119414196963335,0.9108150906757997,4.241658493185129,4.302753149155792,3.1747023406233583,3.2318019857553715
OLD_Full,72,48,u_component_of_wind@700hPa,0.4280510039836545,0.43389760827813445,0.3209259547079408,0.32608576630163866,0.9070695757879293,0.905781879352091,3.884664834108129,3.937724145462767,2.9124794838878185,2.959306033663409
OLD_Full,72,49,u_component_of_wind@850hPa,0.453574177098116,0.46040986994895666,0.3292083029198801,0.33584626457297845,0.8964473316922112,0.8946115977790247,3.650823184063589,3.7058437396251396,2.649801000945645,2.703230007010399
OLD_Full,72,50,u_component_of_wind@925hPa,0.4658691442148911,0.4728292456151839,0.3253740750805507,0.3327591840313369,0.8892894530075557,0.8871607588933639,3.626693721826644,3.6808766795431285,2.5329690417658557,2.59046059396844
OLD_Full,72,51,u_component_of_wind@1000hPa,0.4712880941250501,0.4840057468062679,0.3325263747178136,0.3453444929064427,0.8869621040010159,0.8810436809938177,2.8389914755804275,2.9156013126886537,2.0031050154840666,2.0803200342544046
OLD_Full,72,52,v_component_of_wind@50hPa,0.4163572964447128,0.4214286278869345,0.3101595277468723,0.3133169501168374,0.8485817235876312,0.8474520795011333,3.0321211291484023,3.0690530914491396,2.258736112455641,2.2817300295742986
OLD_Full,72,53,v_component_of_wind@100hPa,0.5378444946532861,0.5452437287077542,0.41382710907407605,0.42060088931313155,0.829400792068051,0.8251403517530419,4.069184254007832,4.125164795710552,3.1309026176223984,3.182151229439245
OLD_Full,72,54,v_component_of_wind@150hPa,0.5563848314838663,0.5680153320269807,0.4256615124922019,0.4349096516072011,0.8403015524097588,0.8347948797696138,5.341100924769638,5.452749659860514,4.086202551835083,4.174981410904807
OLD_Full,72,55,v_component_of_wind@200hPa,0.5519507073336752,0.564747274037816,0.4121762784895637,0.42269074213992996,0.8409433354749957,0.8350054144180025,6.544571307368301,6.696302323619352,4.887242663491946,5.011914437505525
OLD_Full,72,56,v_component_of_wind@250hPa,0.5532739620015454,0.5613708473121746,0.4021404702597227,0.4079139948399809,0.8254717529089534,0.8232323434615488,7.382138410708933,7.490172307650401,5.365617838577617,5.442651915326694
OLD_Full,72,57,v_component_of_wind@300hPa,0.5546801716430515,0.5633376058646192,0.3976537103767519,0.4049046677096604,0.8095483723615672,0.8054517141924379,7.3804261065794785,7.495619635338965,5.2910740724917735,5.387553312524635
OLD_Full,72,58,v_component_of_wind@400hPa,0.5534695249298006,0.5617337712637778,0.39291695368906904,0.39959869423070776,0.8020528483961668,0.7978545978574785,6.197041817815717,6.289574234826979,4.399380066027628,4.474193598126918
OLD_Full,72,59,v_component_of_wind@500hPa,0.5492062204552047,0.5561779178339751,0.39318908549459514,0.3985055275448217,0.8062835981084667,0.8032744059580884,5.029998238118568,5.093849718709562,3.6010888780276447,3.6497804183125218
OLD_Full,72,60,v_component_of_wind@600hPa,0.5544146733554164,0.5611121844717688,0.40245836858292294,0.40733501387559956,0.8036597463069607,0.80083276223287,4.3091354472291625,4.361191215771359,3.1280694947682637,3.1659727626543512
OLD_Full,72,61,v_component_of_wind@700hPa,0.5694022623054816,0.5760549732027522,0.41426877200268436,0.4190152723270892,0.7932536523302115,0.7903037063314335,3.880583955992176,3.9259234651189847,2.8233199411778025,2.8556682048706667
OLD_Full,72,62,v_component_of_wind@850hPa,0.5918558476844166,0.5992646919869573,0.4177738540316207,0.42380324178296125,0.7757676478871262,0.7720330661496818,3.6524632400688897,3.6981847332855087,2.5781677153596925,2.6153762853003104
OLD_Full,72,63,v_component_of_wind@925hPa,0.5869354548561984,0.594878123936084,0.40091682826306974,0.407970279803018,0.7891612124974275,0.7850187264647047,3.7322865806132346,3.782793518242495,2.5494055371374245,2.594257990673199
OLD_Full,72,64,v_component_of_wind@1000hPa,0.5663756869057731,0.5802744295993558,0.39583871834827694,0.410078864750878,0.8116523788996213,0.8020650135348151,2.9487434941140087,3.0211050519375906,2.0608702954630234,2.1350093515062816
OLD_Full,72,65,2m_temperature,0.10990918476842776,0.13058370163785396,0.07404351445135329,0.08527091404804849,0.9915286646738021,0.9880024882364252,2.351391756518121,2.793701352735375,1.5840833707152924,1.8242818039462747
OLD_Full,72,66,10m_u_component_of_wind,0.46683128992780193,0.47351205472081626,0.32698360346510535,0.3326789401427146,0.8868881449555988,0.8845911580301465,2.535906224331884,2.57219726074677,1.7762300296985256,1.8071680372226755
OLD_Full,72,67,10m_v_component_of_wind,0.5601922438792155,0.5683777604063457,0.3912373260989647,0.3977134574816942,0.8109874141990889,0.8066307477728839,2.616351061361316,2.6545811107601223,1.827255196208741,1.857501633186177
OLD_Full,72,68,mean_sea_level_pressure,0.26579487078063435,0.27544843069165836,0.17812679088261424,0.18725371835880644,0.9552575950627703,0.9522383475725724,351.70530955080267,364.47909895823057,235.70107889923094,247.77802192012234
OLD_Full,72,69,surface_pressure,0.08097146690445103,0.1544481993749261,0.059881841627249015,0.09599890766943854,0.9937148887112203,0.9768634652177296,777.2742866191585,1482.60391800711,574.8273813626549,921.5281060383934
OLD_Full,72,70,total_precipitation_6hr,1.064808900121299,1.0760056354580496,0.43366755209035274,0.4581731308422951,0.5030274814465221,0.4875865529857792,0.0017761934823059895,0.0017948706137363751,0.0007233950407237568,0.0007642724743424194
No_Pretrain,6,0,geopotential@50hPa,0.04883053293857976,0.07522331706877264,0.038465815112185955,0.05953906772918929,0.9980896091221435,0.9954133839606534,281.14646755735447,433.1054452518675,221.4706117664136,342.80187525265535
No_Pretrain,6,1,geopotential@100hPa,0.05079054917820324,0.06378335757915135,0.04022042377023489,0.049765358085698395,0.998609899371913,0.9975011634985304,276.821363817533,347.6354640966588,219.21150216751775,271.23381743384084
No_Pretrain,6,2,geopotential@150hPa,0.04392730619689084,0.05383456275932402,0.03471206302565647,0.04181577871273436,0.9990346539689369,0.9983886189670539,254.7944626538017,312.26017173956154,201.34267857942544,242.54682358971297
No_Pretrain,6,3,geopotential@200hPa,0.04129953535083087,0.05049609801719168,0.032444169255891,0.03926756568503883,0.999116444234754,0.9986213581221794,240.25857555003066,293.7592487178936,188.7427974689881,228.4376636930364
No_Pretrain,6,4,geopotential@250hPa,0.029609451727529566,0.040086305325330106,0.023260762233837586,0.03042485593498691,0.9995235441670156,0.999175551886409,164.19736373868233,222.29610269671554,128.99110430521745,168.71913998058255
No_Pretrain,6,5,geopotential@300hPa,0.042407791172041506,0.050572328296207184,0.033164694841586975,0.03918547790228397,0.9990356957175904,0.9985894811156094,216.50852617759202,258.19171314614357,169.31886778648436,200.05734613743465
No_Pretrain,6,6,geopotential@400hPa,0.04641287880056202,0.05347535745839723,0.03635968247219316,0.041512530343602035,0.998844739458988,0.9983943691740768,193.26819012520463,222.67711189707595,151.40560400034263,172.86262124791904
No_Pretrain,6,7,geopotential@500hPa,0.03650945120096629,0.04593249279039142,0.028887236357958854,0.03543629105942646,0.9992455777372193,0.9988138076940438,122.81189273038311,154.50948234392843,97.17199539640097,119.20195749254651
No_Pretrain,6,8,geopotential@600hPa,0.0423176820723851,0.05327374368662941,0.0337270670637103,0.04167541909325628,0.9989836319812972,0.9983888952455469,114.36649108370324,143.97601298794197,91.14975337681221,112.6307296240868
No_Pretrain,6,9,geopotential@700hPa,0.05128262643135479,0.06426487407599793,0.0410064973848396,0.05058754093662818,0.9985070215989326,0.9976530502976367,109.61603807745492,137.36544661502063,87.65092773250339,108.13030148471795
No_Pretrain,6,10,geopotential@850hPa,0.07563903786064982,0.09175485273527685,0.0602411965121466,0.07198864495725474,0.996808671895865,0.995168160859651,110.84502106456915,134.46189893389018,88.28029718911189,105.49556403208082
No_Pretrain,6,11,geopotential@925hPa,0.09458873990263168,0.11739608088703089,0.07464099687612087,0.09163738624347997,0.994930733995282,0.9921069439982626,115.63121306603598,143.51233885183123,91.24584049423859,112.02329274735825
No_Pretrain,6,12,geopotential@1000hPa,0.11489009804173031,0.15975034419445708,0.0902186478354814,0.12318018263428297,0.9920205451209337,0.9849290907140414,122.44715217306242,170.25814538967347,96.15290426083313,131.28253065568825
No_Pretrain,6,13,temperature@50hPa,0.11750543445341619,0.22375961504988848,0.0911773476091763,0.169552437239067,0.985882117841334,0.9522776461957775,1.2137802506665885,2.311339939680664,0.9418225156525336,1.7514032722679644
No_Pretrain,6,14,temperature@100hPa,0.09825908355247527,0.15825548286443938,0.07627539267209509,0.1236910906477921,0.9942636421564532,0.985829568679,1.240474726769749,1.9979010720604384,0.9629409772226244,1.5615418675046722
No_Pretrain,6,15,temperature@150hPa,0.11035181747735756,0.18829050013939735,0.08483871669379195,0.14238919384261406,0.9913169806931073,0.9740657550488256,0.9839463145085003,1.6788825580573825,0.7564600618138951,1.2696059396904538
No_Pretrain,6,16,temperature@200hPa,0.13192811362809553,0.24158503689515795,0.09826987110688018,0.17820063626087793,0.9847511067785965,0.9489049742971747,0.9381925340468676,1.718005912612795,0.6988355850790051,1.2672545857462503
No_Pretrain,6,17,temperature@250hPa,0.12236856636673485,0.16796476447216235,0.09390848058299657,0.12408886053954751,0.9920515968341148,0.9848529254919584,1.0346524731062332,1.4201781155378768,0.7940163496833521,1.0491979402873808
No_Pretrain,6,18,temperature@300hPa,0.09642441385514279,0.13612639145809943,0.07290099383216964,0.10140293261335294,0.9952973946816838,0.9906343256200136,1.0300082777097175,1.4541058948709982,0.7787304445538018,1.0831889514079154
No_Pretrain,6,19,temperature@400hPa,0.08570149945578315,0.1049372335895104,0.06620312085281016,0.07957677285811546,0.9962097094786476,0.9942066556422643,1.0897347927823415,1.3343261875191108,0.841803755553257,1.011856020181509
No_Pretrain,6,20,temperature@500hPa,0.07586771988590466,0.0914272022730957,0.058158007199565674,0.0695229437782388,0.9967885285570403,0.995539541720316,0.9951228485947882,1.1992095934874312,0.7628324958434105,0.9119012696870994
No_Pretrain,6,21,temperature@600hPa,0.07577446205781706,0.09054393699536924,0.057699610859425106,0.06899299985363323,0.9966972144113394,0.9953348370141207,1.0227191560017286,1.222061043374141,0.778764975046485,0.9311905352849194
No_Pretrain,6,22,temperature@700hPa,0.0742922295291021,0.09011873173013835,0.056489406125540605,0.06745765641369408,0.9966493624829081,0.9949829875220811,1.1069603545858882,1.3427765501261757,0.8416968219644344,1.0051246437472674
No_Pretrain,6,23,temperature@850hPa,0.08688515908853159,0.12249402724634363,0.06453372914198184,0.08968681160687948,0.9953494758370524,0.9907827037928384,1.3627427936671181,1.9212470279598148,1.0121737290936403,1.4066850947030527
No_Pretrain,6,24,temperature@925hPa,0.09551863021294889,0.13038209651015972,0.06886829023960245,0.09081051671970594,0.9945511271976305,0.9895853179385617,1.545019412511599,2.10893803890243,1.1139486179578806,1.468865420739023
No_Pretrain,6,25,temperature@1000hPa,0.10007732847262563,0.139239773470704,0.07163088202755301,0.0970967702873206,0.9939722813516686,0.9879155149303653,1.728164472882359,2.4044329867026666,1.2369429591761483,1.6766953299867084
No_Pretrain,6,26,specific_humidity@50hPa,0.0593233893602829,0.23805540162953165,0.04116102701238089,0.20951979381874186,0.9781427739466418,0.5890390365238719,5.932338898670571e-08,2.3805540126527047e-07,4.1161027232504535e-08,2.095197924433465e-07
No_Pretrain,6,27,specific_humidity@100hPa,0.16801495742131559,0.4314738759877617,0.10815867138380102,0.3233324216984565,0.9681312757344929,0.7656999907530604,1.6801495789945856e-07,4.3147387408071817e-07,1.0815867058848431e-07,3.23332417665877e-07
No_Pretrain,6,28,specific_humidity@150hPa,0.33701514663554577,0.5575486056734628,0.20488156470208563,0.3729691909213579,0.9604462007093215,0.8869526584412808,1.2466734505151291e-06,2.0624623293142846e-06,7.578899934007481e-07,1.3796732652353547e-06
No_Pretrain,6,29,specific_humidity@200hPa,0.33831569060797356,0.5148060847548199,0.21120880015410887,0.3334045933603662,0.959860902872725,0.9039410322752256,7.489726170516188e-06,1.1396919290337456e-05,4.675798765334844e-06,7.381002973146227e-06
No_Pretrain,6,30,specific_humidity@250hPa,0.3379845977059904,0.533788317568085,0.210733944320284,0.33365628038667994,0.9602474254351001,0.8988928043685345,2.4458184731904173e-05,3.862747922925554e-05,1.5249717500817563e-05,2.4144966622057e-05
No_Pretrain,6,31,specific_humidity@300hPa,0.32547442019034695,0.5636297372973997,0.2081855873951376,0.36336760566366894,0.9641318840727292,0.889131021525358,5.335544975271084e-05,9.239656455014799e-05,3.412813710375986e-05,5.956732908536226e-05
No_Pretrain,6,32,specific_humidity@400hPa,0.30326949147491106,0.5722263401416836,0.19771226315992999,0.3755203808772316,0.9708724427218831,0.891406737931956,0.0001504920274489807,0.00028395702318871537,9.811115318756375e-05,0.00018634523223429075
No_Pretrain,6,33,specific_humidity@500hPa,0.2720647238661913,0.5108360515009116,0.18296338972873452,0.34097420792941,0.9753507987430888,0.9089571262106763,0.0002876370603785094,0.0005400750850538875,0.00019343577955441662,0.00036049075810894843
No_Pretrain,6,34,specific_humidity@600hPa,0.24154842674093976,0.45648591696907226,0.16851978772052226,0.3167385993903071,0.9784878263551559,0.9210648233201398,0.0004201282877470316,0.0007939718279507764,0.00029310863686885804,0.0005509075245256385
No_Pretrain,6,35,specific_humidity@700hPa,0.23049820166210933,0.42183067436337673,0.16373364221729017,0.3013398076375881,0.9799005723062191,0.930012510001428,0.0005787180940413992,0.0010591017421817998,0.0004110905041998231,0.000756582040832227
No_Pretrain,6,36,specific_humidity@850hPa,0.19579396160249693,0.3271612696580716,0.14191542280650649,0.23546706336717796,0.9837154632733887,0.9533621063042648,0.000797253553519974,0.0013321681759112585,0.0005778654951298722,0.000958798472430137
No_Pretrain,6,37,specific_humidity@925hPa,0.15641571250012137,0.22045836080969108,0.11281648757852106,0.1537178937916492,0.9891016175694852,0.9778952184039343,0.0007909384037535984,0.0011147791771640712,0.0005704726970167706,0.0007772964726945916
No_Pretrain,6,38,specific_humidity@1000hPa,0.11315426941866469,0.2014912122265505,0.0796114512669661,0.1444269879985321,0.9940749776845402,0.9811643214868271,0.0006683318252504878,0.001190083151951155,0.0004702152784638823,0.000853040304666197
No_Pretrain,6,39,u_component_of_wind@50hPa,0.16811247678975288,0.30303945515058833,0.132393742711843,0.22577170274835104,0.9870471115758485,0.9585858662156608,2.52084175517589,4.544067962998801,1.9852403646469654,3.385440225063205
No_Pretrain,6,40,u_component_of_wind@100hPa,0.18942005825740926,0.339025102590837,0.14731866928088705,0.2531809071577198,0.9862915662920502,0.954067197105887,2.530470349174409,4.529050345541455,1.9680361615859527,3.3822541445386727
No_Pretrain,6,41,u_component_of_wind@150hPa,0.17320458890920706,0.296216258416646,0.1326451691791927,0.22288959070584685,0.9874914780158447,0.9652962450719808,2.762246764007121,4.72402266231347,2.1154098311669323,3.5546174275459337
No_Pretrain,6,42,u_component_of_wind@200hPa,0.17446673157033885,0.25321428120165107,0.13144580253095828,0.19417390613052343,0.9867047881507613,0.9731037370334954,3.0735046534293566,4.460765977270365,2.3156236375523567,3.420677345473411
No_Pretrain,6,43,u_component_of_wind@250hPa,0.16556482058164937,0.24095518251392026,0.12548717846074872,0.18503976690585053,0.9871395843776042,0.9748438799121403,2.9635530661550247,4.313014507738094,2.2461771012015745,3.312147884873993
No_Pretrain,6,44,u_component_of_wind@300hPa,0.17351421263311304,0.25947965143958573,0.13218840900467257,0.19960743785334972,0.9850752619369062,0.967956042120598,2.9553386444908267,4.419524059878969,2.251466905574832,3.399765141385545
No_Pretrain,6,45,u_component_of_wind@400hPa,0.1740661025605195,0.2692964071123808,0.1327062036734373,0.20686116665580115,0.9844614068871921,0.9641400300629995,2.4821682637056823,3.84014451101038,1.8923794997120147,2.9498231518138933
No_Pretrain,6,46,u_component_of_wind@500hPa,0.1728191907085461,0.26664404977196515,0.13203502862501437,0.2058994779708462,0.9849005445633533,0.9661608286848313,2.0591454424230244,3.1770712227832862,1.5732010312239886,2.4532979752919357
No_Pretrain,6,47,u_component_of_wind@600hPa,0.18278295069671763,0.28274092122980865,0.1400377670500406,0.21908880895018784,0.983544186292917,0.9617284681704821,1.8761420611041253,2.9021423275040807,1.4373919667168087,2.248796876765187
No_Pretrain,6,48,u_component_of_wind@700hPa,0.19260033011315952,0.308314569151159,0.14767001258499066,0.23851999194073442,0.9821944633237655,0.9545708281441048,1.7478938825229968,2.798028172623491,1.3401405309647627,2.1646257248875873
No_Pretrain,6,49,u_component_of_wind@850hPa,0.20613543326299397,0.3149224688154316,0.1564013153393534,0.24100357915732262,0.9795694151874202,0.9531558714628833,1.659186211306754,2.534814160570102,1.2588757848554228,1.9398402632822218
No_Pretrain,6,50,u_component_of_wind@925hPa,0.2025784770379149,0.3104631788464784,0.14961255685788785,0.23263870052525334,0.980041776260178,0.9543066677439898,1.5770310219587484,2.416890865429501,1.1647024293255932,1.8110435923630004
No_Pretrain,6,51,u_component_of_wind@1000hPa,0.20833948328717622,0.3396122583337925,0.15611676220832676,0.2544853389108091,0.9789731247489284,0.9439826721038812,1.2550158191522682,2.045789640609768,0.9404314686489526,1.532993749889709
No_Pretrain,6,52,v_component_of_wind@50hPa,0.3157408529190777,0.36795302890786563,0.2474619101830907,0.2837035370584908,0.9160616101796312,0.8871225707376688,2.2993820924838415,2.679617154489078,1.8021408104643029,2.0660703842727184
No_Pretrain,6,53,v_component_of_wind@100hPa,0.3114204514276136,0.4711292031906768,0.2407653604574718,0.3577236429484701,0.9462353183764884,0.8727152000342718,2.356121893541364,3.5644345914934337,1.8215647955682681,2.7064391664244094
No_Pretrain,6,54,v_component_of_wind@150hPa,0.26246284234219236,0.4333554885214939,0.2006807255829751,0.32717146642107836,0.9667552409411971,0.9088615260773681,2.51955201820657,4.160061994014599,1.926465178056479,3.1407323467379955
No_Pretrain,6,55,v_component_of_wind@200hPa,0.22765257575978504,0.360721099712019,0.1709931806407095,0.2744603441163074,0.9747922373523157,0.9379568753606335,2.6993144453899656,4.277130051848184,2.0274945916497007,3.2543219550689826
No_Pretrain,6,56,v_component_of_wind@250hPa,0.21024201621626004,0.31387692177746224,0.15778410983554347,0.23895701603414324,0.9767138060570586,0.9517691609737445,2.8051847376291086,4.187948534677414,2.105257442964536,3.188318809330234
No_Pretrain,6,57,v_component_of_wind@300hPa,0.21088269948774463,0.3151256566491003,0.15865501429004805,0.23905873990503623,0.974807462781787,0.9453266131558689,2.8059488345125434,4.192977774953733,2.1110212115462965,3.1808516596834053
No_Pretrain,6,58,v_component_of_wind@400hPa,0.22186926557879105,0.32042385228777764,0.16762441779493248,0.24154538094428935,0.9711805358322713,0.9405972888588261,2.4842074370973304,3.5876952900001418,1.8768432177307959,2.7045153071738577
No_Pretrain,6,59,v_component_of_wind@500hPa,0.2263043733094361,0.32287344395480244,0.17191412702982659,0.24613063892041334,0.9698458666892814,0.941880604807712,2.07264696045077,2.957091152861144,1.5745046695363065,2.2542292055765647
No_Pretrain,6,60,v_component_of_wind@600hPa,0.23712132017156629,0.3457970838857488,0.18035619926903362,0.26513629806894484,0.9670405589189243,0.9317561816953631,1.8430029659071867,2.6876750258487907,1.4018014374552878,2.0607467136640802
No_Pretrain,6,61,v_component_of_wind@700hPa,0.2525780570012194,0.37353431739971144,0.19248020454600587,0.2862091640854213,0.9628026975388425,0.9196902837258008,1.721367167760012,2.5457069251386923,1.3117889493376187,1.9505694986349185
No_Pretrain,6,62,v_component_of_wind@850hPa,0.2619850977656939,0.3810247388142835,0.1964552381229119,0.2870612473196248,0.9601958720621127,0.9170854117003281,1.616763510798452,2.35138142189762,1.212365375253363,1.7715135550697279
No_Pretrain,6,63,v_component_of_wind@925hPa,0.24950530588038802,0.3645095459555297,0.1832775922376559,0.2677206223423237,0.9652929904392579,0.9278209820047341,1.5865889360127012,2.3178938552318695,1.1654509785493927,1.702419028326244
No_Pretrain,6,64,v_component_of_wind@1000hPa,0.23929274221208488,0.38501744581617836,0.17870904499806473,0.2861213878642678,0.969205745141598,0.919263735448218,1.2458389976597677,2.004531114202914,0.9304197575903049,1.4896447713204142
No_Pretrain,6,65,2m_temperature,0.11563521482493229,0.1303924939278978,0.07971675712033942,0.08464207751629327,0.9913880775073562,0.9880314986579187,2.473894183533235,2.789610679611112,1.7054564284696605,1.8108285053952975
No_Pretrain,6,66,10m_u_component_of_wind,0.20868531472677895,0.3171064032162062,0.1563556956551732,0.23639380971407645,0.978454104408881,0.951154944608372,1.1336137829660058,1.722575403416649,0.8493504776133858,1.284131007091837
No_Pretrain,6,67,10m_v_component_of_wind,0.23864811427601537,0.3584052981020465,0.17906947345108343,0.2670931703813647,0.9684317428396688,0.9300850678385145,1.1145945894735114,1.6739147824293727,0.8363353960257943,1.2474458633385228
No_Pretrain,6,68,mean_sea_level_pressure,0.11512784834121242,0.16430730654341597,0.09019080333623233,0.12483146367042038,0.991764676753139,0.9837291646139092,152.33956650071693,217.41484879316886,119.34234921331276,165.17959190049436
No_Pretrain,6,69,surface_pressure,0.05034869932842203,0.14818192560272828,0.039233180441556534,0.09004217950941816,0.9977615075319823,0.9787271342716646,483.31530764268166,1422.4516955329607,376.61344131148155,864.3473262740077
No_Pretrain,6,70,total_precipitation_6hr,0.5628709765697655,0.9350564387984049,0.2243051120582232,0.398340780464365,0.8904034686476188,0.6513952449826277,0.0009389175500566868,0.0015597551411600866,0.00037416035901204314,0.0006644669276445728
No_Pretrain,24,0,geopotential@50hPa,0.055944679809669016,0.07437483349738452,0.04131579153017647,0.057448431478622566,0.9974872639015411,0.995520232674644,322.1068497709388,428.22022283489383,237.879622769031,330.7648402678435
No_Pretrain,24,1,geopotential@100hPa,0.05535772914788523,0.0663971061070768,0.04284000070461772,0.05154317770944735,0.99823605204564,0.9973040336465253,301.7136523567264,361.88105601400923,233.48886255385224,280.92338119608183
No_Pretrain,24,2,geopotential@150hPa,0.04937703204480728,0.05698828806351359,0.038409313267136126,0.04410844863461352,0.9987039640790669,0.9981930002548649,286.40486861424887,330.5529372796753,222.7880833562514,255.84514964654207
No_Pretrain,24,3,geopotential@200hPa,0.04755318952144232,0.05433500288451658,0.036855977667647984,0.042011400825497175,0.998797549929788,0.9984009254567577,276.63898572016166,316.0919420869712,214.40833648244728,244.39982638914745
No_Pretrain,24,4,geopotential@250hPa,0.039122471030058656,0.04680307960036861,0.029350902615882885,0.034867794060628114,0.9991654935239836,0.9988675051833976,216.95121845465323,259.54355412731184,162.76359782553433,193.35717629850365
No_Pretrain,24,5,geopotential@300hPa,0.05095563191386754,0.05722940466037218,0.038861707266348446,0.04354146534801927,0.9985865155418947,0.9981924343710781,260.14863017059,292.17871726729027,198.40436535206047,222.2963803507357
No_Pretrain,24,6,geopotential@400hPa,0.05433504639497326,0.06052940549573713,0.041284848145991086,0.045842532419257315,0.9983808574057098,0.9979430926402653,226.25694369978604,252.05092304129363,171.91452360675478,190.8932155923551
No_Pretrain,24,7,geopotential@500hPa,0.046694398470687216,0.054868335419459846,0.03481082118935601,0.04044374620651266,0.9987650440818391,0.9983147766786862,157.07241033103975,184.5682127973092,117.0979769748015,136.0462262389276
No_Pretrain,24,8,geopotential@600hPa,0.05232194207956818,0.06164446889857704,0.03949442590577438,0.046194819251078156,0.9984465260885665,0.9978517108345849,141.40370243723874,166.5984822521947,106.73644403221954,124.84472607583548
No_Pretrain,24,9,geopotential@700hPa,0.06159381877061435,0.07265580057979318,0.046507873891215176,0.05482769318524189,0.9978431456750367,0.9970139851714117,131.65609637779,155.3009580614094,99.41005831535887,117.19357983046355
No_Pretrain,24,10,geopotential@850hPa,0.0869240559487137,0.10186841822787326,0.06478533288212697,0.07621374640964673,0.9956421681611075,0.9940928962447728,127.38261984707042,149.2827949540911,94.9394902088232,111.6872259212111
No_Pretrain,24,11,geopotential@925hPa,0.10735860955772279,0.12719328667826335,0.07937353981886378,0.09466006305763776,0.9932501903714716,0.9908190248634549,131.2419027383774,155.48905836387385,97.03119659851103,115.71840378934472
No_Pretrain,24,12,geopotential@1000hPa,0.13422664294689238,0.16749940360526963,0.09889980728051195,0.12507325971840685,0.9892247257074275,0.98329895595832,143.0555853444008,178.5169093439945,105.40507800075571,133.30012578098723
No_Pretrain,24,13,temperature@50hPa,0.15651543772201795,0.22055120293110142,0.11833725952027174,0.16681278763966934,0.9748868911558279,0.9540025290645633,1.616736694264656,2.2781984130821566,1.2223726516640392,1.7231038775573295
No_Pretrain,24,14,temperature@100hPa,0.12270702509704523,0.1586234151028995,0.09488440111812534,0.1241219400369023,0.9908366910039642,0.9857112218294102,1.5491184996835918,2.0025460428119572,1.197870959930624,1.5669811405564165
No_Pretrain,24,15,temperature@150hPa,0.15397956758448428,0.19257507670251992,0.11575635717371718,0.1456764854191311,0.9826694216726696,0.9727791807728569,1.3729509020099173,1.7170857676818558,1.0321356081503759,1.298916903772977
No_Pretrain,24,16,temperature@200hPa,0.20891445575220152,0.25479052796642127,0.14963456798126906,0.18694600823753155,0.9613205404615248,0.9428314329581736,1.4856725901164103,1.8119153248249447,1.064110070192016,1.32944636729519
No_Pretrain,24,17,temperature@250hPa,0.1626272508052353,0.17820676577306999,0.11824163775532495,0.1295880588394356,0.9854789241366868,0.9829410421577844,1.3750482931539534,1.5067764313112684,0.9997584239591144,1.0956948287018622
No_Pretrain,24,18,temperature@300hPa,0.12491484305182572,0.13857000921296272,0.09211615473697111,0.102755230138183,0.9920932256582257,0.9902967195209104,1.334343829830623,1.480208705018328,0.9839873267786718,1.097634225487443
No_Pretrain,24,19,temperature@400hPa,0.10029470997991076,0.10735230318885777,0.07569948805691017,0.08100334433980858,0.9946892269930643,0.9939135709729655,1.2752943142041688,1.3650349317818717,0.9625545285661453,1.0299955493342245
No_Pretrain,24,20,temperature@500hPa,0.08889062293665276,0.09574492398187119,0.0665507625044796,0.07185069309552508,0.9955945684792867,0.99509188523038,1.1659384215324984,1.2558432094071335,0.8729164981627465,0.942433313695162
No_Pretrain,24,21,temperature@600hPa,0.08696013630821453,0.09363851004039125,0.06539923408818944,0.07040230670113257,0.9956182811148372,0.9949831686254286,1.1736908997740758,1.2638281371552402,0.8826859030483115,0.9502117962058628
No_Pretrain,24,22,temperature@700hPa,0.08334104901191318,0.09026380251236786,0.06247196890700519,0.0669861235849109,0.9957076164530526,0.994962624024943,1.2417885163728166,1.3449381099901012,0.930837489469877,0.9980987744420348
No_Pretrain,24,23,temperature@850hPa,0.09954510527600466,0.11681719565172055,0.0733140271308302,0.08511428915632424,0.9939009790255412,0.991622258913799,1.5613066374502675,1.832209247814136,1.1498875519161742,1.334967739726382
No_Pretrain,24,24,temperature@925hPa,0.10042197542292533,0.12375243556738201,0.07199771019153142,0.08613063257385503,0.9939238946885892,0.9906331383945759,1.6243313083527022,2.0017028635224876,1.1645671666244273,1.3931680083959506
No_Pretrain,24,25,temperature@1000hPa,0.09880342202658615,0.13447103388334786,0.0710410775022603,0.0944701526699692,0.994057516526123,0.9887369996216219,1.7061662945911051,2.322085009443847,1.2267580405424277,1.6313381374793525
No_Pretrain,24,26,specific_humidity@50hPa,0.08296781185484302,0.23685392319275098,0.04975250805334795,0.20969736010143913,0.9548841018280178,0.5962596442152018,8.296781146455994e-08,2.368539221357898e-07,4.975250806318737e-08,2.096973599316016e-07
No_Pretrain,24,27,specific_humidity@100hPa,0.265958954693194,0.43054304669443194,0.17718260998683288,0.32314674785471686,0.9180918816802448,0.7669643316187419,2.659589533328847e-07,4.30543046361851e-07,1.7718260876430053e-07,3.231467510249888e-07
No_Pretrain,24,28,specific_humidity@150hPa,0.4765596156081212,0.5597139075191238,0.3032577434793456,0.375092705514901,0.9188263753480069,0.8860378265453279,1.7628709727360029e-06,2.0704721263966403e-06,1.1217993547145568e-06,1.387528489670918e-06
No_Pretrain,24,29,specific_humidity@200hPa,0.48046753432445716,0.5293023962989056,0.30777968139470374,0.34306419254574605,0.9164636642504298,0.8980250932187046,1.0636722963313696e-05,1.1717842646799869e-05,6.813711585973653e-06,7.594849820787807e-06
No_Pretrain,24,30,specific_humidity@250hPa,0.5169642675272279,0.5579563660825159,0.3216588656161941,0.3480168231300348,0.9040541288037581,0.888578419194248,3.7410010905921636e-05,4.037639535500564e-05,2.3276776134108776e-05,2.5184164289991264e-05
No_Pretrain,24,31,specific_humidity@300hPa,0.5256681100264908,0.5839767491281074,0.3349674618659422,0.3767056789581119,0.903582937466635,0.8799327528339235,8.617346507250342e-05,9.573207630739536e-05,5.491165587889538e-05,6.175385669717563e-05
No_Pretrain,24,32,specific_humidity@400hPa,0.5153333515230212,0.5824043148298437,0.3335683432333323,0.382325060247976,0.9140512038688514,0.8871843665745897,0.00025572490046797,0.0002890076608357413,0.000165527290127079,0.00018972193207933123
No_Pretrain,24,33,specific_humidity@500hPa,0.4539301109414719,0.5230539692917429,0.3037056484189721,0.3472486779033926,0.9287450533493531,0.9041835768673749,0.00047991198402742277,0.0005529923285468533,0.000321089033041808,0.0003671243603927947
No_Pretrain,24,34,specific_humidity@600hPa,0.39241311132520657,0.4645074512070554,0.2728486043983669,0.31991859034534315,0.9419654685760235,0.9181769757750756,0.000682529170576593,0.0008079237847783407,0.0004745690929837425,0.0005564385172547577
No_Pretrain,24,35,specific_humidity@700hPa,0.36400571436069296,0.4282133906344495,0.25935820013425137,0.3025898831331535,0.9482891310461579,0.9279104548807079,0.0009139190463301382,0.0010751270047323657,0.0006511776895843144,0.0007597206436188279
No_Pretrain,24,36,specific_humidity@850hPa,0.2880828608307768,0.3293008156526559,0.20605975648677513,0.23514223113621846,0.9639230288980072,0.9528391466641021,0.0011730447772611743,0.001340880195037638,0.0008390548513419123,0.0009574758035142156
No_Pretrain,24,37,specific_humidity@925hPa,0.1880698448239265,0.2182429993804751,0.13281341644156547,0.15121078970704865,0.9838239023462492,0.9784524098168161,0.0009510020334726285,0.0011035768831630843,0.0006715900106379844,0.0007646189417784496
No_Pretrain,24,38,specific_humidity@1000hPa,0.14138887319006324,0.19947923845026053,0.10312129724004138,0.14177302439909445,0.9907682317213696,0.9816024539850315,0.000835096051347417,0.0011781996737408613,0.0006090733059230479,0.0008373649872145876
No_Pretrain,24,39,u_component_of_wind@50hPa,0.2136213285641841,0.302512339331406,0.16365731724097396,0.22529769020399348,0.9791782861827976,0.9587809142291751,3.203245692546655,4.536163847449516,2.454036773500827,3.378332410145657
No_Pretrain,24,40,u_component_of_wind@100hPa,0.2655201363202182,0.34309925130872404,0.20230327768276132,0.25718924189408837,0.9721667417716383,0.952987574912292,3.547094416017083,4.583477029741927,2.702577829049726,3.4358016745629727
No_Pretrain,24,41,u_component_of_wind@150hPa,0.25483659703311545,0.30912939036620823,0.19276187128109126,0.2329815104510068,0.9727119161529314,0.9618189872873049,4.064104590356249,4.9299597908971196,3.0741440566024156,3.7155621731377892
No_Pretrain,24,42,u_component_of_wind@200hPa,0.2468201133027639,0.27747040757830227,0.18614053021030494,0.21223378433422577,0.9729623179513907,0.9671119945563246,4.348122716663786,4.888075628050264,3.2791568648678857,3.738830366356637
No_Pretrain,24,43,u_component_of_wind@250hPa,0.25080272288158695,0.27249425216033274,0.18938387716161947,0.20814311155381243,0.9701492522310472,0.9666872508844078,4.489282057989136,4.8775529454441955,3.389905937915228,3.725689790918651
No_Pretrain,24,44,u_component_of_wind@300hPa,0.2632743952679759,0.29282018051585584,0.19846928704807107,0.22365389982453718,0.965171062479205,0.9582791192330353,4.48415713620983,4.987388540351117,3.380379857824005,3.809330722378137
No_Pretrain,24,45,u_component_of_wind@400hPa,0.2670859692321032,0.2991650470346789,0.20069816521868025,0.22836266528102564,0.9630062783118114,0.9551250515334292,3.8086238499342797,4.266068870415924,2.861939268862441,3.2564327425590673
No_Pretrain,24,46,u_component_of_wind@500hPa,0.26447362164264643,0.2941033148659047,0.20024882276659248,0.22587208292821742,0.9642748068090415,0.9581140095765994,3.151210519141875,3.5042491229425825,2.38597026822932,2.6912721179668844
No_Pretrain,24,47,u_component_of_wind@600hPa,0.27105777918961227,0.3059320410913875,0.20607301768277306,0.23645136923092105,0.9631356478753648,0.9549481525100151,2.7822228598963945,3.140183309280715,2.115198674960427,2.427011694438158
No_Pretrain,24,48,u_component_of_wind@700hPa,0.28384451101679886,0.3272085442033109,0.21567996591393798,0.25275429318548437,0.960356542983455,0.9487861914982656,2.57595655656759,2.9694954792189843,1.9573470716706822,2.293805419110866
No_Pretrain,24,49,u_component_of_wind@850hPa,0.299518846099114,0.33761283871147846,0.2232157445488593,0.2561907807263645,0.9562969504260903,0.9458471565259456,2.410830254362511,2.7174491548703186,1.7966658006026202,2.062082190961532
No_Pretrain,24,50,u_component_of_wind@925hPa,0.29777846175160017,0.33448811268781165,0.21386633716015319,0.24687468900643317,0.956339629111873,0.9464180218528238,2.3181429599784242,2.603919942087322,1.66490465296498,1.9218677938097026
No_Pretrain,24,51,u_component_of_wind@1000hPa,0.3055855215071811,0.3579708656173393,0.2214756176482237,0.26540783028982784,0.9541909952632026,0.9373810983674188,1.8408160565190568,2.1563800314909876,1.3341465714391663,1.59878971928471
No_Pretrain,24,52,v_component_of_wind@50hPa,0.35324513828767024,0.3702141328245707,0.27086035793537677,0.28409624685502755,0.893662616164079,0.8854899924552573,2.5725069835723353,2.6960836461268243,1.9725400080829731,2.068930293991085
No_Pretrain,24,53,v_component_of_wind@100hPa,0.4284163567968316,0.477875924161747,0.3251818668440538,0.36419333358567973,0.8956402048003228,0.8693250641300982,3.241280892887246,3.615478426048226,2.4602369630730156,2.7553870946891452
No_Pretrain,24,54,v_component_of_wind@150hPa,0.3951832045538775,0.45181783196665204,0.29806492028665815,0.3420720764721565,0.9229239369887619,0.9007258073046451,3.793621352759747,4.337294085083749,2.861319607697967,3.2837730028208645
No_Pretrain,24,55,v_component_of_wind@200hPa,0.3516509265842457,0.3954333559371258,0.2641910624461852,0.299930626675179,0.9387148111194255,0.9245585646040146,4.169583517309567,4.688719062210515,3.13255737718468,3.5563273381381872
No_Pretrain,24,56,v_component_of_wind@250hPa,0.33375824233310497,0.3614747740720183,0.2502302340759777,0.2719952315732781,0.940194824932468,0.9336068598242169,4.453217943033037,4.823029819511322,3.338733324336364,3.6291359571475135
No_Pretrain,24,57,v_component_of_wind@300hPa,0.33577469894728984,0.36881489179445603,0.2503702928164262,0.2763284389815511,0.9346686406810019,0.9230226555718056,4.467728388737747,4.907352381545678,3.331360201103177,3.676752357482265
No_Pretrain,24,58,v_component_of_wind@400hPa,0.3405876639892339,0.37270257588159134,0.25257371665853307,0.2775536054314974,0.9299911060937547,0.9176023704210431,3.8134637585441067,4.173045360146208,2.827996493642074,3.107689220857024
No_Pretrain,24,59,v_component_of_wind@500hPa,0.3447686659496425,0.37207237383360814,0.25786279284329655,0.28052828744962754,0.928452559671859,0.9200171381398519,3.1576222432599055,3.407687892681273,2.3616800747087665,2.5692658600765483
No_Pretrain,24,60,v_component_of_wind@600hPa,0.35514670703089024,0.38857500318257754,0.26716976891955,0.29551492430259224,0.9244345166411847,0.9121789703607763,2.7603440879025114,3.020162348615927,2.0765516738379906,2.296861718717726
No_Pretrain,24,61,v_component_of_wind@700hPa,0.372037401314439,0.41255050394385506,0.27950649955467827,0.31372284094476316,0.9173939881867503,0.900533090310698,2.5355051624932283,2.8116096196294853,1.9048896053798863,2.1380804135419407
No_Pretrain,24,62,v_component_of_wind@850hPa,0.38643407535853846,0.4265392779106799,0.2836113109752449,0.31730843559665856,0.9111104495110175,0.8940114794702312,2.3847635512413543,2.6322609372981316,1.7502232779832758,1.9581751230266342
No_Pretrain,24,63,v_component_of_wind@925hPa,0.37194366690613345,0.4114644844962751,0.2636490403214699,0.2968748952143354,0.9210861352658261,0.9057352804302096,2.365166984937152,2.616477429441685,1.6765280858628888,1.8878092576385088
No_Pretrain,24,64,v_component_of_wind@1000hPa,0.3603145219856975,0.4205108564306402,0.25985374626728885,0.30952786419094824,0.9283807537441316,0.9023615272472078,1.8759193314726983,2.189321816938679,1.3528865355639248,1.6115068011086382
No_Pretrain,24,65,2m_temperature,0.0852610663168521,0.12619256132578835,0.06253836339895291,0.08237223461417978,0.9953035952619127,0.9887952549375775,1.824071109976197,2.699757531608452,1.3379427196186566,1.7622675993673353
No_Pretrain,24,66,10m_u_component_of_wind,0.3018237152273707,0.337636861292027,0.2179303093132266,0.24812934699896744,0.954369003838439,0.9441209534448193,1.6395572675395875,1.8341003179864417,1.183834158869582,1.347880407213002
No_Pretrain,24,67,10m_v_component_of_wind,0.3582239513548923,0.3984092229026194,0.25875438300340753,0.2917469999451482,0.9273267009718654,0.9118437271068743,1.6730678096308853,1.8607511959014393,1.2084999487194756,1.3625904067662766
No_Pretrain,24,68,mean_sea_level_pressure,0.1374082899688158,0.1727522727329245,0.09987465864685899,0.12710868746645457,0.9883244940558653,0.9818651066706932,181.82151060480246,228.5894048898794,132.1562284501028,168.19286102555637
No_Pretrain,24,69,surface_pressure,0.04918423491751188,0.15010831439697667,0.038009147823731146,0.09174726532559378,0.9978330192444628,0.9781469092629225,472.1371940392557,1440.943800648093,364.86350601920526,880.7150600341668
No_Pretrain,24,70,total_precipitation_6hr,0.9034859847950086,0.9925740707559229,0.3371226365880692,0.4211162159260621,0.6801561249737524,0.5924878525341463,0.001507092889691487,0.0016556995383276232,0.0005623497628626633,0.0007024583271089592
No_Pretrain,72,0,geopotential@50hPa,0.0803079139403804,0.0902717788509083,0.05398819860420743,0.06476381196907009,0.994902710520494,0.9934084575380954,462.3805015089715,519.7484035797381,310.84221826250683,372.8838471680384
No_Pretrain,72,1,geopotential@100hPa,0.07487435104354823,0.0813793087564394,0.05524467172347939,0.060874032205795056,0.9966053542203002,0.995922399335738,408.08418733513616,443.5378558073088,301.09746300904146,331.77890466318615
No_Pretrain,72,2,geopotential@150hPa,0.07187500518560509,0.07579057406139977,0.05364476643437434,0.05657340840040154,0.9971562542851374,0.9968022968088317,416.9013526277517,439.61308080017454,311.1592923817684,328.14647892104955
No_Pretrain,72,3,geopotential@200hPa,0.07701115923085616,0.08063309668792058,0.056197086469222834,0.058890773252376835,0.9967930328434705,0.9964745191158335,448.00967331946146,469.0801650445926,326.92454686164405,342.59496927952773
No_Pretrain,72,4,geopotential@250hPa,0.0810348471358653,0.08399263485862504,0.05466166331639766,0.0564114712307905,0.9964161734544862,0.9961945025180616,449.3736829016424,465.7759090536889,303.1228360835414,312.8262916671323
No_Pretrain,72,5,geopotential@300hPa,0.09330404255098318,0.0966198310044792,0.06458554242886343,0.06684293493570934,0.995204650199567,0.9948425177670154,476.3539974324545,493.2824037421837,329.73470889627896,341.259590355008
No_Pretrain,72,6,geopotential@400hPa,0.09996793787685701,0.10336144023673503,0.06821025618815028,0.07058350503015622,0.9943987771914807,0.9939868337729426,416.2771847723891,430.4080931969551,284.03479673718317,293.91726992977556
No_Pretrain,72,7,geopotential@500hPa,0.09955329141367249,0.10271347811248843,0.06537566087488314,0.06736210733266816,0.9943748997339059,0.9940280363756129,334.881182565486,345.5115403681787,219.91315938019383,226.5952417717469
No_Pretrain,72,8,geopotential@600hPa,0.1083079373656741,0.11175652111727244,0.07231546579518958,0.07465872285379581,0.9933233971097349,0.9928950548236848,292.70976400477076,302.0298021872266,195.43759576328637,201.770413941984
No_Pretrain,72,9,geopotential@700hPa,0.12477596928729248,0.12868899833261443,0.083915050634105,0.08680703855524974,0.991123282198489,0.9905649785497377,266.7072343682907,275.0712870535834,179.36747765545695,185.5490707994515
No_Pretrain,72,10,geopotential@850hPa,0.1732786251332604,0.17872501451841635,0.11575878342230132,0.12028745433583651,0.9825055004639288,0.9814497244771171,253.93068850668627,261.91208371426393,169.6383929580955,176.27492100925747
No_Pretrain,72,11,geopotential@925hPa,0.21258962079539603,0.21963874780007733,0.1419050368540134,0.14813319455978094,0.9731556955787252,0.9715265682369664,259.88289749109964,268.5001915170185,173.47362476166225,181.0873149166347
No_Pretrain,72,12,geopotential@1000hPa,0.2565320227189016,0.2690480106275304,0.1722911981453264,0.18491254119639858,0.9596155026011585,0.9555936480753112,273.40576819997545,286.74501297847763,183.6238874423004,197.07541754717926
No_Pretrain,72,13,temperature@50hPa,0.20066902781537332,0.2259253092917486,0.14861009514581716,0.1687594336254817,0.9586557241676429,0.9520786645284649,2.0728241618257575,2.3337106133937313,1.5350779229144633,1.743211883059846
No_Pretrain,72,14,temperature@100hPa,0.1546556034903554,0.17199189834597525,0.11908841632743417,0.13368049285787414,0.9853832081432246,0.9830773190914205,1.9524542773024016,2.171316862581859,1.503435281352814,1.6876533754410732
No_Pretrain,72,15,temperature@150hPa,0.21331372475612023,0.22779114597452269,0.15727233326659099,0.16925409158751728,0.9662022629772472,0.9617738688091603,1.9020008559650345,2.031088045175559,1.4023106830075782,1.5091454103918336
No_Pretrain,72,16,temperature@200hPa,0.31041274270890074,0.3251881204388185,0.2143905472553688,0.22831389153790743,0.9124808836462015,0.9042065578793267,2.207466702947476,2.3125402043914023,1.524615209792316,1.6236295837990498
No_Pretrain,72,17,temperature@250hPa,0.22741670740796496,0.23136860468614048,0.15691566972098797,0.16056953569206217,0.9710971801007052,0.9702905817429183,1.9228570372296114,1.956271164983163,1.3267556522912407,1.3576498703652784
No_Pretrain,72,18,temperature@300hPa,0.15757026626591333,0.1620679061897965,0.1144259510558556,0.11842094846103235,0.9873910407716909,0.9866920402174717,1.6831699709433092,1.7312138847762086,1.2223011992478647,1.2649758754585176
No_Pretrain,72,19,temperature@400hPa,0.13678043406843599,0.13974050007690134,0.09904755809854857,0.10123691318001381,0.9900677991740526,0.9896527060408817,1.7392274164870223,1.7768660454794192,1.2594361972794563,1.2872748704916828
No_Pretrain,72,20,temperature@500hPa,0.13145377387120327,0.13405750754001428,0.09234173864013406,0.09416578706972273,0.9903249421657152,0.9901087039331209,1.7242201912602726,1.7583721820039455,1.2112051579533438,1.2351303862570973
No_Pretrain,72,21,temperature@600hPa,0.1279196351199154,0.12976302234417872,0.09057262219223078,0.0916054295687325,0.990474934816935,0.9902423289974125,1.7265165226848538,1.751396498533374,1.2224482069389928,1.2363878892396343
No_Pretrain,72,22,temperature@700hPa,0.11784446046976964,0.11942253292286852,0.08356543554412509,0.08412449863097964,0.9913547095374375,0.9911302477605058,1.7558921925397601,1.779405602584943,1.2451319013567421,1.2534619913936558
No_Pretrain,72,23,temperature@850hPa,0.13036391309746587,0.1348018589599327,0.09324515158005868,0.09603721500369809,0.9894954995330832,0.9888099858123318,2.0446815782486736,2.1142881625797347,1.4624955580591554,1.5062874197301865
No_Pretrain,72,24,temperature@925hPa,0.1277217640991274,0.13730391945713635,0.08853675139241145,0.09499703990405964,0.9899924776558656,0.9884478682785485,2.065906990736805,2.220898919851723,1.4320871253467262,1.5365826652513463
No_Pretrain,72,25,temperature@1000hPa,0.12049985100606862,0.14154279684596416,0.08350209933838344,0.09896578630254188,0.9909657668940521,0.9875093162398909,2.080826547155029,2.444202281257717,1.44193859102257,1.7089700386828843
No_Pretrain,72,26,specific_humidity@50hPa,0.10278945625964582,0.23721630528500473,0.06346187095323166,0.20958248220885586,0.929407944637915,0.5982072092987012,1.0278945559076026e-07,2.3721630569049704e-07,6.34618709308331e-08,2.0958248096297058e-07
No_Pretrain,72,27,specific_humidity@100hPa,0.3335379922539335,0.4311672935916843,0.22755377492344944,0.323554322570284,0.8678375105709465,0.7666360652877909,3.335379918211089e-07,4.3116729193647993e-07,2.2755377698571925e-07,3.235543190972476e-07
No_Pretrain,72,28,specific_humidity@150hPa,0.5483802903182999,0.574584363953011,0.35919868867158045,0.38436614059065066,0.8910000083150861,0.879606235877396,2.0285472532339072e-06,2.125480349003542e-06,1.3287339475079768e-06,1.4218324132906319e-06
No_Pretrain,72,29,specific_humidity@200hPa,0.5590009413588427,0.5718629833714708,0.36924752812073725,0.3750855038126582,0.8850955164837595,0.879655358771059,1.2375317240950024e-05,1.2660060594483411e-05,8.174503768447713e-06,8.303746402091587e-06
No_Pretrain,72,30,specific_humidity@250hPa,0.6165403726108186,0.6293497968986027,0.39491501002797863,0.401776533751752,0.8598439586646599,0.8555015483581558,4.461581495777466e-05,4.554276594761064e-05,2.857794184653333e-05,2.9074474243461206e-05
No_Pretrain,72,31,specific_humidity@300hPa,0.65041285421843,0.6658081518216385,0.4224398006612976,0.43432323676317086,0.8476931651436365,0.8403421127669747,0.00010662303417528206,0.0001091468057493685,6.925111146458607e-05,7.11991787895358e-05
No_Pretrain,72,32,specific_humidity@400hPa,0.6597923199369201,0.6704101913654534,0.43648276574589373,0.44568048010330935,0.8540842471542406,0.8472596124716044,0.0003274100648201025,0.0003326789899177712,0.00021659671809645133,0.00022116091921928557
No_Pretrain,72,33,specific_humidity@500hPa,0.5992477815556366,0.6098320479429916,0.40910551557632385,0.4126071404507639,0.871659426386757,0.8671767977556756,0.0006335472909202146,0.0006447373744163621,0.00043252173724578656,0.00043622378646877846
No_Pretrain,72,34,specific_humidity@600hPa,0.5339753793231666,0.5443056334437635,0.37849046712851925,0.38128215664317994,0.8895894620704703,0.8857349788016121,0.0009287502404237873,0.0009467177870598486,0.0006583133375596306,0.0006631689623127647
No_Pretrain,72,35,specific_humidity@700hPa,0.49075548390557644,0.49835571756846875,0.3545194274204116,0.3565718069103999,0.903720239393212,0.9009414745495858,0.0012321531363609706,0.0012512352498835631,0.000890101558758634,0.0008952545331281443
No_Pretrain,72,36,specific_humidity@850hPa,0.3571479057970225,0.36358441020048904,0.25621817000689073,0.2604649407611661,0.9440177272349211,0.9421723376181966,0.0014542707729808316,0.001480479582645311,0.0010432949261729677,0.0010605873483421208
No_Pretrain,72,37,specific_humidity@925hPa,0.22634399496284252,0.23563934993947408,0.1586457742897808,0.1644618734460193,0.9765394938453681,0.9748410099309321,0.0011445407386668062,0.0011915440199899477,0.000802215024106132,0.0008316249360675376
No_Pretrain,72,38,specific_humidity@1000hPa,0.18652647777305212,0.21197717572021801,0.13547860074697213,0.15110157256935594,0.9839495726271265,0.9792268258496515,0.0011016957814890503,0.0012520172061505905,0.0008001877501140294,0.000892462918094568
No_Pretrain,72,39,u_component_of_wind@50hPa,0.2642202344326598,0.31668651006601445,0.19994969886414724,0.23760291068337008,0.9674721213533235,0.9538396692235787,3.961974837595895,4.74870511922454,2.9982399724813846,3.5628488156995557
No_Pretrain,72,40,u_component_of_wind@100hPa,0.34630674255897204,0.37139707519133086,0.2647282792477305,0.2829822324814079,0.9518033204975366,0.9442593172633081,4.626326032709226,4.9615088154091085,3.5365159797071537,3.7803712844098243
No_Pretrain,72,41,u_component_of_wind@150hPa,0.34592914924277374,0.366642203280884,0.26535318926064067,0.2814692641469923,0.9490194472209373,0.943983639414913,5.5168380404517645,5.847167455286037,4.23182196425192,4.488839273387295
No_Pretrain,72,42,u_component_of_wind@200hPa,0.36286518769161186,0.37694310718489193,0.2753504298574842,0.287902455406007,0.9404944370153066,0.9367352483480323,6.39243837629507,6.64044299952791,4.850728925276706,5.071852530870867
No_Pretrain,72,43,u_component_of_wind@250hPa,0.3946280399659475,0.40354995638029445,0.2936885482566846,0.301748728232047,0.9242817644696265,0.9224317069174797,7.06370551419744,7.2234047656527105,5.256923558720035,5.401197971399669
No_Pretrain,72,44,u_component_of_wind@300hPa,0.4134607145770128,0.4244631793583268,0.3044855908673304,0.31508682105702485,0.9115818898645782,0.9080836976656457,7.042169085737528,7.2295658838957095,5.186076845018967,5.366639644830257
No_Pretrain,72,45,u_component_of_wind@400hPa,0.4156824274097277,0.42652037669498827,0.30450467445403073,0.31504281773508414,0.9077082634169885,0.9043489899636006,5.927597093310249,6.082145359979809,4.34221147964906,4.492484513047929
No_Pretrain,72,46,u_component_of_wind@500hPa,0.40845611447391666,0.4174941576687358,0.3023259477609569,0.3107588758223024,0.9123542998875941,0.9101640581403657,4.866765916509573,4.9744544646727515,3.6022220337580637,3.7027005889720095
No_Pretrain,72,47,u_component_of_wind@600hPa,0.4108010092162998,0.41919528690092045,0.3071438595662052,0.3148579828944912,0.9130208797599209,0.9108150906757997,4.2165916000243024,4.302753149155792,3.152621788232324,3.2318019857553715
No_Pretrain,72,48,u_component_of_wind@700hPa,0.4255607067107634,0.43389760827813445,0.31874908509123845,0.32608576630163866,0.9082231045161866,0.905781879352091,3.862064802994051,3.937724145462767,2.892723885498183,2.959306033663409
No_Pretrain,72,49,u_component_of_wind@850hPa,0.4506163272620395,0.46040986994895666,0.3266342448599624,0.33584626457297845,0.8978594006294879,0.8946115977790247,3.6270154318608703,3.7058437396251396,2.629082363235775,2.703230007010399
No_Pretrain,72,50,u_component_of_wind@925hPa,0.4624479108091373,0.4728292456151839,0.3220745957562297,0.3327591840313369,0.890999452072177,0.8871607588933639,3.6000601351601422,3.6808766795431285,2.507283289806318,2.59046059396844
No_Pretrain,72,51,u_component_of_wind@1000hPa,0.46658363203158987,0.4840057468062679,0.3276307473468766,0.3453444929064427,0.8893584399835286,0.8810436809938177,2.8106522992701612,2.9156013126886537,1.9736142554470397,2.0803200342544046
No_Pretrain,72,52,v_component_of_wind@50hPa,0.4149853460589036,0.4214286278869345,0.3093146920711267,0.3133169501168374,0.8497008372954374,0.8474520795011333,3.022129915076861,3.0690530914491396,2.252583597900477,2.2817300295742986
No_Pretrain,72,53,v_component_of_wind@100hPa,0.5321265160337467,0.5452437287077542,0.4090679633211024,0.42060088931313155,0.8335480960432834,0.8251403517530419,4.025923546579741,4.125164795710552,3.0948962455804394,3.182151229439245
No_Pretrain,72,54,v_component_of_wind@150hPa,0.5524183828494807,0.5680153320269807,0.4222766193898717,0.4349096516072011,0.8428242038038912,0.8347948797696138,5.3030243882122905,5.452749659860514,4.053708716824853,4.174981410904807
No_Pretrain,72,55,v_component_of_wind@200hPa,0.5480634529961862,0.564747274037816,0.4090243988911446,0.42269074213992996,0.8433891610194036,0.8350054144180025,6.498479489504134,6.696302323619352,4.8498702788789725,5.011914437505525
No_Pretrain,72,56,v_component_of_wind@250hPa,0.5488494643354119,0.5613708473121746,0.39860141869541466,0.4079139948399809,0.8284114019565326,0.8232323434615488,7.323103918533927,7.490172307650401,5.31839750646571,5.442651915326694
No_Pretrain,72,57,v_component_of_wind@300hPa,0.5507991835631806,0.5633376058646192,0.39403156946035744,0.4049046677096604,0.8124321588574871,0.8054517141924379,7.3287867356277605,7.495619635338965,5.24287878995368,5.387553312524635
No_Pretrain,72,58,v_component_of_wind@400hPa,0.549917189015616,0.5617337712637778,0.38987944652497475,0.39959869423070776,0.8048593477571198,0.7978545978574785,6.157267284310942,6.289574234826979,4.3653699507500985,4.474193598126918
No_Pretrain,72,59,v_component_of_wind@500hPa,0.5469245145528372,0.5561779178339751,0.3914607983962796,0.3985055275448217,0.8080789434364541,0.8032744059580884,5.009100857508651,5.093849718709562,3.58526002977991,3.6497804183125218
No_Pretrain,72,60,v_component_of_wind@600hPa,0.5517584386774316,0.5611121844717688,0.40039197799445914,0.40733501387559956,0.805753201354332,0.80083276223287,4.288490130353446,4.361191215771359,3.1120086721579305,3.1659727626543512
No_Pretrain,72,61,v_component_of_wind@700hPa,0.5663370163303026,0.5760549732027522,0.41172575880288603,0.4190152723270892,0.7957517873051545,0.7903037063314335,3.8596937491494785,3.9259234651189847,2.8059888337360617,2.8556682048706667
No_Pretrain,72,62,v_component_of_wind@850hPa,0.5879093077538449,0.5992646919869573,0.41428838454810474,0.42380324178296125,0.7791473571260191,0.7720330661496818,3.628108335242877,3.6981847332855087,2.5566581473563166,2.6153762853003104
No_Pretrain,72,63,v_component_of_wind@925hPa,0.5824135308581825,0.594878123936084,0.3966598036894799,0.407970279803018,0.7927822885652569,0.7850187264647047,3.70353192607193,3.782793518242495,2.5223353884309243,2.594257990673199
No_Pretrain,72,64,v_component_of_wind@1000hPa,0.5586798166386701,0.5802744295993558,0.3877198981793703,0.410078864750878,0.8173116289953247,0.8020650135348151,2.908676174037406,3.0211050519375906,2.01860099936801,2.1350093515062816
No_Pretrain,72,65,2m_temperature,0.10008675226968979,0.13058370163785396,0.06726209856262133,0.08527091404804849,0.9930231645262088,0.9880024882364252,2.141251119036898,2.793701352735375,1.4390020562986032,1.8242818039462747
No_Pretrain,72,66,10m_u_component_of_wind,0.4630855514475208,0.47351205472081626,0.3232405906404629,0.3326789401427146,0.8888048503215864,0.8845911580301465,2.515558735843827,2.57219726074677,1.755897354067822,1.8071680372226755
No_Pretrain,72,67,10m_v_component_of_wind,0.5552867704309737,0.5683777604063457,0.38683725853094253,0.3977134574816942,0.8146130704369994,0.8066307477728839,2.5934402741723535,2.6545811107601223,1.8067048958709655,1.857501633186177
No_Pretrain,72,68,mean_sea_level_pressure,0.2622634377274966,0.27544843069165836,0.17439306842723815,0.18725371835880644,0.95649837877364,0.9522383475725724,347.03244171087607,364.47909895823057,230.76053867195557,247.77802192012234
No_Pretrain,72,69,surface_pressure,0.05759826485299721,0.1544481993749261,0.043116813163139214,0.09599890766943854,0.9969077078443775,0.9768634652177296,552.9064988733627,1482.60391800711,413.8938308344852,921.5281060383934
No_Pretrain,72,70,total_precipitation_6hr,1.0581809833801568,1.0760056354580496,0.42119854020265185,0.4581731308422951,0.5121980090199485,0.4875865529857792,0.0017651375529928839,0.0017948706137363751,0.0007025956512805203,0.0007642724743424194
Direct_State,6,0,geopotential@50hPa,0.05746163372754596,0.07522331706877264,0.04597055282820976,0.05953906772918929,0.9979350195098791,0.9954133839606534,330.84085555926026,433.1054452518675,264.67985296603587,342.80187525265535
Direct_State,6,1,geopotential@100hPa,0.036243447728673245,0.06378335757915135,0.028781898094550343,0.049765358085698395,0.9992032461875011,0.9975011634985304,197.5359749874075,347.6354640966588,156.86864090527789,271.23381743384084
Direct_State,6,2,geopotential@150hPa,0.03043933466303672,0.05383456275932402,0.024045301810738155,0.04181577871273436,0.9994971918643996,0.9983886189670539,176.55928770689653,312.26017173956154,139.4715563246619,242.54682358971297
Direct_State,6,3,geopotential@200hPa,0.029511975737780062,0.05049609801719168,0.023231075048040704,0.03926756568503883,0.9995521232900602,0.9986213581221794,171.6848663540185,293.7592487178936,135.14595127293535,228.4376636930364
Direct_State,6,4,geopotential@250hPa,0.030958503367498457,0.040086305325330106,0.024299457861115786,0.03042485593498691,0.99952505597266,0.999175551886409,171.67844594859815,222.29610269671554,134.751124487767,168.71913998058255
Direct_State,6,5,geopotential@300hPa,0.032952439986638854,0.050572328296207184,0.02546269023368134,0.03918547790228397,0.9994216655912381,0.9985894811156094,168.23522273965585,258.19171314614357,129.99709221077032,200.05734613743465
Direct_State,6,6,geopotential@400hPa,0.03496969725197955,0.05347535745839723,0.027249835000451472,0.041512530343602035,0.9993400300915573,0.9983943691740768,145.61755999360915,222.67711189707595,113.47122756296419,172.86262124791904
Direct_State,6,7,geopotential@500hPa,0.0380902590513385,0.04593249279039142,0.030072559386763856,0.03543629105942646,0.999180437681936,0.9988138076940438,128.1294744710534,154.50948234392843,101.15922984554255,119.20195749254651
Direct_State,6,8,geopotential@600hPa,0.04538151659303996,0.05327374368662941,0.0361657414152823,0.04167541909325628,0.9988410185564075,0.9983888952455469,122.64671754823625,143.97601298794197,97.74044184512108,112.6307296240868
Direct_State,6,9,geopotential@700hPa,0.056154745462435846,0.06426487407599793,0.04497140543563073,0.05058754093662818,0.9982524999424001,0.9976530502976367,120.03013737207216,137.36544661502063,96.12587461802255,108.13030148471795
Direct_State,6,10,geopotential@850hPa,0.07992186463661205,0.09175485273527685,0.06383283405018797,0.07198864495725474,0.9964094161206535,0.995168160859651,117.121277933354,134.46189893389018,93.54365260918686,105.49556403208082
Direct_State,6,11,geopotential@925hPa,0.09748884379235662,0.11739608088703089,0.07729730115699308,0.09163738624347997,0.9944765880516699,0.9921069439982626,119.17648151442968,143.51233885183123,94.49307214712802,112.02329274735825
Direct_State,6,12,geopotential@1000hPa,0.11990167429149919,0.15975034419445708,0.09432599697712583,0.12318018263428297,0.9913240005640082,0.9849290907140414,127.78837238056211,170.25814538967347,100.53041999535219,131.28253065568825
Direct_State,6,13,temperature@50hPa,0.12987230260083352,0.22375961504988848,0.09962094141664954,0.169552437239067,0.9836175776306822,0.9522776461957775,1.341524654565195,2.311339939680664,1.0290411907473342,1.7514032722679644
Direct_State,6,14,temperature@100hPa,0.09674572234070025,0.15825548286443938,0.07465342864773136,0.1236910906477921,0.9944605450432727,0.985829568679,1.2213692591564702,1.9979010720604384,0.9424644382443832,1.5615418675046722
Direct_State,6,15,temperature@150hPa,0.1131374235847943,0.18829050013939735,0.08641131095954427,0.14238919384261406,0.9906409145620577,0.9740657550488256,1.0087840223313054,1.6788825580573825,0.7704820096570064,1.2696059396904538
Direct_State,6,16,temperature@200hPa,0.14916379575878402,0.24158503689515795,0.11223672877678499,0.17820063626087793,0.981050728054817,0.9489049742971747,1.0607622225062816,1.718005912612795,0.7981593826162464,1.2672545857462503
Direct_State,6,17,temperature@250hPa,0.12663332799824714,0.16796476447216235,0.09553538493428297,0.12408886053954751,0.9911200140889429,0.9848529254919584,1.0707119433248131,1.4201781155378768,0.8077721737360789,1.0491979402873808
Direct_State,6,18,temperature@300hPa,0.09691086414162411,0.13612639145809943,0.07274524628236044,0.10140293261335294,0.99525313427501,0.9906343256200136,1.035204548822315,1.4541058948709982,0.7770667301933679,1.0831889514079154
Direct_State,6,19,temperature@400hPa,0.08027804271978697,0.1049372335895104,0.06109553021845409,0.07957677285811546,0.996664084726364,0.9942066556422643,1.0207729918847896,1.3343261875191108,0.7768583475407931,1.011856020181509
Direct_State,6,20,temperature@500hPa,0.08189012433975358,0.0914272022730957,0.063015984921992,0.0695229437782388,0.9965938850352113,0.995539541720316,1.0741160268635441,1.1992095934874312,0.8265524097050135,0.9119012696870994
Direct_State,6,21,temperature@600hPa,0.07794647313572263,0.09054393699536924,0.05928722247961371,0.06899299985363323,0.9966188353381069,0.9953348370141207,1.052034533231923,1.222061043374141,0.8001927867445316,0.9311905352849194
Direct_State,6,22,temperature@700hPa,0.0730816327040907,0.09011873173013835,0.055525289268144956,0.06745765641369408,0.9966803962988868,0.9949829875220811,1.088922360642888,1.3427765501261757,0.8273313924496306,1.0051246437472674
Direct_State,6,23,temperature@850hPa,0.08980997137728548,0.12249402724634363,0.06792427028925871,0.08968681160687948,0.9951724066411258,0.9907827037928384,1.4086167633313178,1.9212470279598148,1.065352377148149,1.4066850947030527
Direct_State,6,24,temperature@925hPa,0.09245186646026002,0.13038209651015972,0.06550453510731696,0.09081051671970594,0.9947674051461275,0.9895853179385617,1.495414341528081,2.10893803890243,1.0595396693675825,1.468865420739023
Direct_State,6,25,temperature@1000hPa,0.09483936078683865,0.139239773470704,0.06449303355458977,0.0970967702873206,0.9944348507929124,0.9879155149303653,1.6377137221822966,2.4044329867026666,1.1136845238385291,1.6766953299867084
Direct_State,6,26,specific_humidity@50hPa,0.06304834504896509,0.23805540162953165,0.04562192706240142,0.20951979381874186,0.9734782975819881,0.5890390365238719,6.304834505434909e-08,2.3805540126527047e-07,4.562192744517555e-08,2.095197924433465e-07
Direct_State,6,27,specific_humidity@100hPa,0.1827406653838168,0.4314738759877617,0.12371515848514698,0.3233324216984565,0.9634709085318538,0.7656999907530604,1.827406637492816e-07,4.3147387408071817e-07,1.237151577656294e-07,3.23332417665877e-07
Direct_State,6,28,specific_humidity@150hPa,0.3532573799452733,0.5575486056734628,0.21465354134715542,0.3729691909213579,0.9563023973787951,0.8869526584412808,1.3067560972315026e-06,2.0624623293142846e-06,7.940380981446154e-07,1.3796732652353547e-06
Direct_State,6,29,specific_humidity@200hPa,0.3619255429624561,0.5148060847548199,0.22707120448617885,0.3334045933603662,0.953500487971566,0.9039410322752256,8.012407600873904e-06,1.1396919290337456e-05,5.026965023110963e-06,7.381002973146227e-06
Direct_State,6,30,specific_humidity@250hPa,0.37479004523067627,0.533788317568085,0.23679041894570727,0.33365628038667994,0.950691004182977,0.8988928043685345,2.7121603129095884e-05,3.862747922925554e-05,1.713528886265549e-05,2.4144966622057e-05
Direct_State,6,31,specific_humidity@300hPa,0.3590177811010693,0.5636297372973997,0.22722174352367341,0.36336760566366894,0.9563834563786474,0.889131021525358,5.885425749379631e-05,9.239656455014799e-05,3.724875882680561e-05,5.956732908536226e-05
Direct_State,6,32,specific_humidity@400hPa,0.3337714598516457,0.5722263401416836,0.22025075362095362,0.3755203808772316,0.964433911858609,0.891406737931956,0.00016562807938149348,0.00028395702318871537,0.00010929547333028315,0.00018634523223429075
Direct_State,6,33,specific_humidity@500hPa,0.2962826144890082,0.5108360515009116,0.20590714299668628,0.34097420792941,0.970258175087073,0.9089571262106763,0.0003132411234808916,0.0005400750850538875,0.00021769277649260892,0.00036049075810894843
Direct_State,6,34,specific_humidity@600hPa,0.25579558284039194,0.45648591696907226,0.1802032614961967,0.3167385993903071,0.9757624913649198,0.9210648233201398,0.00044490854595150974,0.0007939718279507764,0.00031342984795404335,0.0005509075245256385
Direct_State,6,35,specific_humidity@700hPa,0.24664962297898868,0.42183067436337673,0.17781462460384836,0.3013398076375881,0.9766195796827479,0.930012510001428,0.0006192699169227748,0.0010591017421817998,0.00044644401821210044,0.000756582040832227
Direct_State,6,36,specific_humidity@850hPa,0.20367621680631184,0.3271612696580716,0.1477028335887443,0.23546706336717796,0.9821357409414027,0.9533621063042648,0.0008293493175341043,0.0013321681759112585,0.0006014312631443951,0.000958798472430137
Direct_State,6,37,specific_humidity@925hPa,0.1491642302991648,0.22045836080969108,0.10572679938577265,0.1537178937916492,0.9898541526178412,0.9778952184039343,0.0007542702286950645,0.0011147791771640712,0.0005346226590576369,0.0007772964726945916
Direct_State,6,38,specific_humidity@1000hPa,0.11348913202219135,0.2014912122265505,0.0796228758660218,0.1444269879985321,0.9940486622838889,0.9811643214868271,0.0006703096506779735,0.001190083151951155,0.0004702827545833436,0.000853040304666197
Direct_State,6,39,u_component_of_wind@50hPa,0.16874606617862145,0.30303945515058833,0.13253420299103585,0.22577170274835104,0.9871549770990895,0.9585858662156608,2.5303424273050537,4.544067962998801,1.9873465985129468,3.385440225063205
Direct_State,6,40,u_component_of_wind@100hPa,0.18884833823551272,0.339025102590837,0.14628190508985708,0.2531809071577198,0.9858855709112905,0.954067197105887,2.5228327076712036,4.529050345541455,1.9541859705439524,3.3822541445386727
Direct_State,6,41,u_component_of_wind@150hPa,0.18289499569704704,0.296216258416646,0.14065530545847962,0.22288959070584685,0.9860502972378301,0.9652962450719808,2.916788225723576,4.72402266231347,2.2431545304142966,3.5546174275459337
Direct_State,6,42,u_component_of_wind@200hPa,0.18563054386445588,0.25321428120165107,0.1409667535756488,0.19417390613052343,0.984822862219908,0.9731037370334954,3.2701726571660372,4.460765977270365,2.483350034863352,3.420677345473411
Direct_State,6,43,u_component_of_wind@250hPa,0.18124848241409836,0.24095518251392026,0.1371244257991197,0.18503976690585053,0.984531916350862,0.9748438799121403,3.244285171785824,4.313014507738094,2.4544798239896286,3.312147884873993
Direct_State,6,44,u_component_of_wind@300hPa,0.18750606024070587,0.25947965143958573,0.1419896152361654,0.19960743785334972,0.9826059774110326,0.967956042120598,3.1936513574265626,4.419524059878969,2.418403586514789,3.399765141385545
Direct_State,6,45,u_component_of_wind@400hPa,0.19172574485875454,0.2692964071123808,0.14567678378471335,0.20686116665580115,0.9813121214099292,0.9641400300629995,2.7339933008379287,3.84014451101038,2.077338927871864,2.9498231518138933
Direct_State,6,46,u_component_of_wind@500hPa,0.18842952480294808,0.26664404977196515,0.1439561279379849,0.2058994779708462,0.9821239961406703,0.9661608286848313,2.2451430096994884,3.1770712227832862,1.7152412578468939,2.4532979752919357
Direct_State,6,47,u_component_of_wind@600hPa,0.19159527399738618,0.28274092122980865,0.1465770995446941,0.21908880895018784,0.9817618425385497,0.9617284681704821,1.9665945561937854,2.9021423275040807,1.5045137560954256,2.248796876765187
Direct_State,6,48,u_component_of_wind@700hPa,0.20344391989048677,0.308314569151159,0.1558179076891746,0.23851999194073442,0.9798056842609835,0.9545708281441048,1.846302038963193,2.798028172623491,1.4140846320022105,2.1646257248875873
Direct_State,6,49,u_component_of_wind@850hPa,0.21523430254425843,0.3149224688154316,0.1630608353325005,0.24100357915732262,0.9777273260710007,0.9531558714628833,1.7324231093633866,2.534814160570102,1.3124783236186306,1.9398402632822218
Direct_State,6,50,u_component_of_wind@925hPa,0.2119465512678473,0.3104631788464784,0.1565424034516642,0.23263870052525334,0.9781279843083607,0.9543066677439898,1.6499595179198516,2.416890865429501,1.2186498306645486,1.8110435923630004
Direct_State,6,51,u_component_of_wind@1000hPa,0.22006504794704748,0.3396122583337925,0.1648671191041453,0.2544853389108091,0.9764952059068855,0.9439826721038812,1.3256494262366834,2.045789640609768,0.993142714985928,1.532993749889709
Direct_State,6,52,v_component_of_wind@50hPa,0.32374968770529,0.36795302890786563,0.25327507339383765,0.2837035370584908,0.9115374733447028,0.8871225707376688,2.3577064160776224,2.679617154489078,1.8444752063309333,2.0660703842727184
Direct_State,6,53,v_component_of_wind@100hPa,0.31938195470360115,0.4711292031906768,0.24679955903047687,0.3577236429484701,0.9435010575262152,0.8727152000342718,2.416356425418279,3.5644345914934337,1.8672178820047538,2.7064391664244094
Direct_State,6,54,v_component_of_wind@150hPa,0.27032329947480865,0.4333554885214939,0.2062693548647512,0.32717146642107836,0.9648380698020533,0.9088615260773681,2.595009677542585,4.160061994014599,1.980114085501287,3.1407323467379955
Direct_State,6,55,v_component_of_wind@200hPa,0.24340153556404795,0.360721099712019,0.18317146418228794,0.2744603441163074,0.9712018763769407,0.9379568753606335,2.8860525000651154,4.277130051848184,2.171894492859712,3.2543219550689826
Direct_State,6,56,v_component_of_wind@250hPa,0.23058342813634555,0.31387692177746224,0.1735231521022912,0.23895701603414324,0.9719085592391502,0.9517691609737445,3.07659296706475,4.187948534677414,2.3152579200300245,3.188318809330234
Direct_State,6,57,v_component_of_wind@300hPa,0.23119844686819732,0.3151256566491003,0.17418292601548266,0.23905873990503623,0.9696696157532521,0.9453266131558689,3.0762647378002326,4.192977774953733,2.317631467226473,3.1808516596834053
Direct_State,6,58,v_component_of_wind@400hPa,0.2449991347155383,0.32042385228777764,0.18481731498256151,0.24154538094428935,0.9645454001956254,0.9405972888588261,2.743186033165488,3.5876952900001418,2.0693472071234478,2.7045153071738577
Direct_State,6,59,v_component_of_wind@500hPa,0.2470612808944792,0.32287344395480244,0.18729185157466272,0.24613063892041334,0.9640863632522483,0.941880604807712,2.2627526110281853,2.957091152861144,1.7153441768840725,2.2542292055765647
Direct_State,6,60,v_component_of_wind@600hPa,0.2507052300057547,0.3457970838857488,0.19045159569637812,0.26513629806894484,0.9633592288380891,0.9317561816953631,1.9485826133971065,2.6876750258487907,1.4802669705558704,2.0607467136640802
Direct_State,6,61,v_component_of_wind@700hPa,0.26394080972798895,0.37353431739971144,0.20028358003536104,0.2862091640854213,0.9594354201465592,0.9196902837258008,1.7988064678398064,2.5457069251386923,1.3649704388438924,1.9505694986349185
Direct_State,6,62,v_component_of_wind@850hPa,0.2832343591747182,0.3810247388142835,0.21409361021673295,0.2870612473196248,0.9533082324110173,0.9170854117003281,1.7478970376591243,2.35138142189762,1.3212153612275674,1.7715135550697279
Direct_State,6,63,v_component_of_wind@925hPa,0.2621604391113189,0.3645095459555297,0.19132271792878297,0.2677206223423237,0.9617300695085457,0.9278209820047341,1.667062158026514,2.3178938552318695,1.2166094346271694,1.702419028326244
Direct_State,6,64,v_component_of_wind@1000hPa,0.25278860147907084,0.38501744581617836,0.18853159432232783,0.2861213878642678,0.9654170956802893,0.919263735448218,1.3161030016860489,2.004531114202914,0.9815592777682253,1.4896447713204142
Direct_State,6,65,2m_temperature,0.12257851534402452,0.1303924939278978,0.08590740609840185,0.08464207751629327,0.9901874231113028,0.9880314986579187,2.6224387987753226,2.789610679611112,1.8378988763631414,1.8108285053952975
Direct_State,6,66,10m_u_component_of_wind,0.21998734288201272,0.3171064032162062,0.16464718837745043,0.23639380971407645,0.9760296463458781,0.951154944608372,1.1950083102805324,1.722575403416649,0.8943912640018503,1.284131007091837
Direct_State,6,67,10m_v_component_of_wind,0.25232831080279794,0.3584052981020465,0.18893418270996198,0.2670931703813647,0.9646542080609034,0.9300850678385145,1.178487294166126,1.6739147824293727,0.8824080477168134,1.2474458633385228
Direct_State,6,68,mean_sea_level_pressure,0.12214428873663068,0.16430730654341597,0.09544134401818569,0.12483146367042038,0.9907256526372228,0.9837291646139092,161.62386605439173,217.41484879316886,126.28997415350796,165.17959190049436
Direct_State,6,69,surface_pressure,0.06840396089886414,0.14818192560272828,0.05451482799671639,0.09004217950941816,0.9957391996931171,0.9787271342716646,656.6342657402815,1422.4516955329607,523.3074760454045,864.3473262740077
Direct_State,6,70,total_precipitation_6hr,0.5863901186556204,0.9350564387984049,0.23004295217342524,0.398340780464365,0.8800261221262864,0.6513952449826277,0.0009781495148309981,0.0015597551411600866,0.0003837315744344397,0.0006644669276445728
Direct_State,24,0,geopotential@50hPa,0.07165381711909216,0.07437483349738452,0.057616134647106354,0.057448431478622566,0.99704142999593,0.995520232674644,412.553711025495,428.22022283489383,331.73040774389995,330.7648402678435
Direct_State,24,1,geopotential@100hPa,0.050405217435247035,0.0663971061070768,0.039855420135752335,0.05154317770944735,0.9987613081038401,0.9973040336465253,274.7212098052066,361.88105601400923,217.22214195795857,280.92338119608183
Direct_State,24,2,geopotential@150hPa,0.04214257086604489,0.05698828806351359,0.032705272267699016,0.04410844863461352,0.9990859043641493,0.9981930002548649,244.44234380777814,330.5529372796753,189.70255750971765,255.84514964654207
Direct_State,24,3,geopotential@200hPa,0.039555898954699055,0.05433500288451658,0.030526738253790667,0.042011400825497175,0.9991794631321312,0.9984009254567577,230.11503344977572,316.0919420869712,177.58821354820796,244.39982638914745
Direct_State,24,4,geopotential@250hPa,0.03948913078270924,0.04680307960036861,0.029749433289777277,0.034867794060628114,0.9991540120649338,0.9988675051833976,218.98450620567925,259.54355412731184,164.97362390209705,193.35717629850365
Direct_State,24,5,geopotential@300hPa,0.043618359663797776,0.05722940466037218,0.032679389625114096,0.04354146534801927,0.9989594095050116,0.9981924343710781,222.6889571596422,292.17871726729027,166.84119536347072,222.2963803507357
Direct_State,24,6,geopotential@400hPa,0.04580124696285934,0.06052940549573713,0.034106038603527664,0.045842532419257315,0.9988311268011864,0.9979430926402653,190.72129049720297,252.05092304129363,142.02119242105564,190.8932155923551
Direct_State,24,7,geopotential@500hPa,0.050777604296724455,0.054868335419459846,0.038654535886864176,0.04044374620651266,0.9985805916549167,0.9983147766786862,170.8076535544062,184.5682127973092,130.0276124882653,136.0462262389276
Direct_State,24,8,geopotential@600hPa,0.05908751174211574,0.06164446889857704,0.04591252297578568,0.046194819251078156,0.9981282440545894,0.9978517108345849,159.68812656705737,166.5984822521947,124.08179926101843,124.84472607583548
Direct_State,24,9,geopotential@700hPa,0.0698691142161698,0.07265580057979318,0.05446285645994298,0.05482769318524189,0.997403814909276,0.9970139851714117,149.34444679311986,155.3009580614094,116.41374532548724,117.19357983046355
Direct_State,24,10,geopotential@850hPa,0.0929915868689333,0.10186841822787326,0.07055397414236253,0.07621374640964673,0.9952536070699295,0.9940928962447728,136.274266553446,149.2827949540911,103.39312925974232,111.6872259212111
Direct_State,24,11,geopotential@925hPa,0.11215906030889633,0.12719328667826335,0.08328174490522249,0.09466006305763776,0.9928228033088496,0.9908190248634549,137.110276531352,155.48905836387385,101.80883327211801,115.71840378934472
Direct_State,24,12,geopotential@1000hPa,0.1365582646481568,0.16749940360526963,0.10060757904906012,0.12507325971840685,0.9888462564599356,0.98329895595832,145.5405727222151,178.5169093439945,107.2251811302227,133.30012578098723
Direct_State,24,13,temperature@50hPa,0.16559799811375042,0.22055120293110142,0.12490718797086384,0.16681278763966934,0.9727039954333303,0.9540025290645633,1.7105556060010512,2.2781984130821566,1.2902371711296028,1.7231038775573295
Direct_State,24,14,temperature@100hPa,0.12247596983501619,0.1586234151028995,0.09459714159718617,0.1241219400369023,0.991079563765053,0.9857112218294102,1.5462015355677743,2.0025460428119572,1.1942444509118426,1.5669811405564165
Direct_State,24,15,temperature@150hPa,0.15531095706531028,0.19257507670251992,0.11634324557658775,0.1456764854191311,0.9821523486469911,0.9727791807728569,1.3848221667959157,1.7170857676818558,1.0373685782863133,1.298916903772977
Direct_State,24,16,temperature@200hPa,0.2130073389614604,0.25479052796642127,0.15165157211748087,0.18694600823753155,0.9600871244693726,0.9428314329581736,1.5147786922863813,1.8119153248249447,1.0784537670161156,1.32944636729519
Direct_State,24,17,temperature@250hPa,0.16656121571922902,0.17820676577306999,0.12095994984244116,0.1295880588394356,0.9847846086418501,0.9829410421577844,1.408310812162134,1.5067764313112684,1.0227423286544717,1.0956948287018622
Direct_State,24,18,temperature@300hPa,0.120976056503027,0.13857000921296272,0.08884804737225384,0.102755230138183,0.9926608722452707,0.9902967195209104,1.2922695984788926,1.480208705018328,0.9490773263803415,1.097634225487443
Direct_State,24,19,temperature@400hPa,0.0949418869371454,0.10735230318885777,0.07084525532996624,0.08100334433980858,0.9952528057046455,0.9939135709729655,1.207230660108358,1.3650349317818717,0.9008306739467086,1.0299955493342245
Direct_State,24,20,temperature@500hPa,0.0911256614219144,0.09574492398187119,0.06821685338764785,0.07185069309552508,0.9954611192981206,0.99509188523038,1.1952544209262068,1.2558432094071335,0.894769873273,0.942433313695162
Direct_State,24,21,temperature@600hPa,0.08974358921532626,0.09363851004039125,0.06715915449715426,0.07040230670113257,0.9953711913596579,0.9949831686254286,1.2112588482616582,1.2638281371552402,0.9064393392645108,0.9502117962058628
Direct_State,24,22,temperature@700hPa,0.0862676352284449,0.09026380251236786,0.06468178385236745,0.0669861235849109,0.995372889748258,0.994962624024943,1.2853948895915925,1.3449381099901012,0.9637639263744254,0.9980987744420348
Direct_State,24,23,temperature@850hPa,0.10241792099680913,0.11681719565172055,0.07570248094234823,0.08511428915632424,0.9935541351867053,0.991622258913799,1.6063650631033077,1.832209247814136,1.187349047296717,1.334967739726382
Direct_State,24,24,temperature@925hPa,0.10070601129262322,0.12375243556738201,0.07200102045967616,0.08613063257385503,0.9937998570408627,0.9906331383945759,1.6289256096465097,2.0017028635224876,1.164620721762463,1.3931680083959506
Direct_State,24,25,temperature@1000hPa,0.09563724834457707,0.13447103388334786,0.06958413576563857,0.0944701526699692,0.9945047895643983,0.9887369996216219,1.651491881344254,2.322085009443847,1.2015991396303416,1.6313381374793525
Direct_State,24,26,specific_humidity@50hPa,0.08142582239088061,0.23685392319275098,0.04909759158216138,0.20969736010143913,0.9554987467850596,0.5962596442152018,8.142582251789605e-08,2.368539221357898e-07,4.9097591523216373e-08,2.096973599316016e-07
Direct_State,24,27,specific_humidity@100hPa,0.27644632022831694,0.43054304669443194,0.1862911018326259,0.32314674785471686,0.9123021879467995,0.7669643316187419,2.764463200868141e-07,4.30543046361851e-07,1.8629109989840332e-07,3.231467510249888e-07
Direct_State,24,28,specific_humidity@150hPa,0.4834780220898048,0.5597139075191238,0.30465798563142277,0.375092705514901,0.9164593437116667,0.8860378265453279,1.7884632867761955e-06,2.0704721263966403e-06,1.1269790834597678e-06,1.387528489670918e-06
Direct_State,24,29,specific_humidity@200hPa,0.4881792907531354,0.5293023962989056,0.3090138784323681,0.34306419254574605,0.9137225537756769,0.8980250932187046,1.0807447987037007e-05,1.1717842646799869e-05,6.841034622404635e-06,7.594849820787807e-06
Direct_State,24,30,specific_humidity@250hPa,0.5300227107955929,0.5579563660825159,0.33314287912420837,0.3480168231300348,0.898638105033248,0.888578419194248,3.83549823360943e-05,4.037639535500564e-05,2.4107814372885684e-05,2.5184164289991264e-05
Direct_State,24,31,specific_humidity@300hPa,0.5418091236536239,0.5839767491281074,0.3421388970119022,0.3767056789581119,0.8974513865566642,0.8799327528339235,8.881948172569924e-05,9.573207630739536e-05,5.608727920986812e-05,6.175385669717563e-05
Direct_State,24,32,specific_humidity@400hPa,0.5309709095855438,0.5824043148298437,0.34630821210017027,0.382325060247976,0.9077661871249887,0.8871843665745897,0.00026348475907773516,0.0002890076608357413,0.00017184921971436653,0.00018972193207933123
Direct_State,24,33,specific_humidity@500hPa,0.4743722234411838,0.5230539692917429,0.32549129674076666,0.3472486779033926,0.9216844269180465,0.9041835768673749,0.0005015241564584905,0.0005529923285468533,0.00034412164089771556,0.0003671243603927947
Direct_State,24,34,specific_humidity@600hPa,0.4111455612608067,0.4645074512070554,0.28759582359113683,0.31991859034534315,0.9360981030689612,0.9181769757750756,0.0007151107641036532,0.0008079237847783407,0.0005002191137861075,0.0005564385172547577
Direct_State,24,35,specific_humidity@700hPa,0.3846535519823188,0.4282133906344495,0.2746595296654335,0.3025898831331535,0.9420864255076812,0.9279104548807079,0.0009657601315569271,0.0010751270047323657,0.0006895951475651602,0.0007597206436188279
Direct_State,24,36,specific_humidity@850hPa,0.2976854820256264,0.3293008156526559,0.21324430258423285,0.23514223113621846,0.961424706828421,0.9528391466641021,0.0012121456941639973,0.001340880195037638,0.0008683096074708114,0.0009574758035142156
Direct_State,24,37,specific_humidity@925hPa,0.18612237218689967,0.2182429993804751,0.1305330374085182,0.15121078970704865,0.9841531978078063,0.9784524098168161,0.0009411543524899643,0.0011035768831630843,0.0006600589502839916,0.0007646189417784496
Direct_State,24,38,specific_humidity@1000hPa,0.14145362032679934,0.19947923845026053,0.10214885408969533,0.14177302439909445,0.9907397722315767,0.9816024539850315,0.0008354784750334859,0.0011781996737408613,0.0006033296882178045,0.0008373649872145876
Direct_State,24,39,u_component_of_wind@50hPa,0.20829364558421046,0.302512339331406,0.15838469913754974,0.22529769020399348,0.9802721560363732,0.9587809142291751,3.1233572585335634,4.536163847449516,2.3749740017540413,3.378332410145657
Direct_State,24,40,u_component_of_wind@100hPa,0.2679986533824555,0.34309925130872404,0.20384335744624899,0.25718924189408837,0.9712008009944525,0.952987574912292,3.5802050203223885,4.583477029741927,2.7231517730500485,3.4358016745629727
Direct_State,24,41,u_component_of_wind@150hPa,0.2587360851085207,0.30912939036620823,0.19597455830637173,0.2329815104510068,0.9718330272256235,0.9618189872873049,4.126293146898062,4.9299597908971196,3.125379585589163,3.7155621731377892
Direct_State,24,42,u_component_of_wind@200hPa,0.2491111126730697,0.27747040757830227,0.1887126740970123,0.21223378433422577,0.9724920823032639,0.9671119945563246,4.388482262671396,4.888075628050264,3.324469191031111,3.738830366356637
Direct_State,24,43,u_component_of_wind@250hPa,0.25487802650619273,0.27249425216033274,0.192720014226652,0.20814311155381243,0.9691584356716657,0.9666872508844078,4.562228604486413,4.8775529454441955,3.4496216144331253,3.725689790918651
Direct_State,24,44,u_component_of_wind@300hPa,0.26526876527546644,0.29282018051585584,0.19999980647780605,0.22365389982453718,0.964662033457567,0.9582791192330353,4.518125742787426,4.987388540351117,3.406448060832947,3.809330722378137
Direct_State,24,45,u_component_of_wind@400hPa,0.2697442057537956,0.2991650470346789,0.20313732211930033,0.22836266528102564,0.9624863640176488,0.9551250515334292,3.846530096076734,4.266068870415924,2.896721429723672,3.2564327425590673
Direct_State,24,46,u_component_of_wind@500hPa,0.2703758836983975,0.2941033148659047,0.20526003625796133,0.22587208292821742,0.9628306546823068,0.9581140095765994,3.2215361552602535,3.5042491229425825,2.4456790121242187,2.6912721179668844
Direct_State,24,47,u_component_of_wind@600hPa,0.27945497762795624,0.3059320410913875,0.21322483763346212,0.23645136923092105,0.960818941300411,0.9549481525100151,2.8684143437540013,3.140183309280715,2.1886072329035784,2.427011694438158
Direct_State,24,48,u_component_of_wind@700hPa,0.2951141862477974,0.3272085442033109,0.22499547803185838,0.25275429318548437,0.9569932648831396,0.9487861914982656,2.6782315526552085,2.9694954792189843,2.041887542159653,2.293805419110866
Direct_State,24,49,u_component_of_wind@850hPa,0.3107147952741161,0.33761283871147846,0.23159458320004495,0.2561907807263645,0.9530499539173406,0.9458471565259456,2.5009465573096437,2.7174491548703186,1.8641071885842395,2.062082190961532
Direct_State,24,50,u_component_of_wind@925hPa,0.30828393624472833,0.33448811268781165,0.2220101004393709,0.24687468900643317,0.9532323149125523,0.9464180218528238,2.399925879253251,2.603919942087322,1.7283021375840104,1.9218677938097026
Direct_State,24,51,u_component_of_wind@1000hPa,0.31428615476055116,0.3579708656173393,0.2276099534642086,0.26540783028982784,0.9515925687487056,0.9373810983674188,1.893227781568179,2.1563800314909876,1.3710991648804325,1.59878971928471
Direct_State,24,52,v_component_of_wind@50hPa,0.3603334682015605,0.3702141328245707,0.27609240161689647,0.28409624685502755,0.8891382097719601,0.8854899924552573,2.6241277144836697,2.6960836461268243,2.0106423382316647,2.068930293991085
Direct_State,24,53,v_component_of_wind@100hPa,0.43780071851167385,0.477875924161747,0.33241195993705835,0.36419333358567973,0.8909876420988347,0.8693250641300982,3.312280395707716,3.615478426048226,2.514937894101219,2.7553870946891452
Direct_State,24,54,v_component_of_wind@150hPa,0.402842613754337,0.45181783196665204,0.3036808318821674,0.3420720764721565,0.9199157305410313,0.9007258073046451,3.867148999611605,4.337294085083749,2.915230397733957,3.2837730028208645
Direct_State,24,55,v_component_of_wind@200hPa,0.356813417126358,0.3954333559371258,0.26816723871860115,0.299930626675179,0.9368768077289454,0.9245585646040146,4.230796034936404,4.688719062210515,3.179703560453242,3.5563273381381872
Direct_State,24,56,v_component_of_wind@250hPa,0.33962272530769716,0.3614747740720183,0.2548903876880868,0.2719952315732781,0.9379960422297032,0.9336068598242169,4.531465686861009,4.823029819511322,3.4009121148040933,3.6291359571475135
Direct_State,24,57,v_component_of_wind@300hPa,0.34059225177101027,0.36881489179445603,0.2543815841350496,0.2763284389815511,0.9328514024762928,0.9230226555718056,4.531829487911592,4.907352381545678,3.3847333933689256,3.676752357482265
Direct_State,24,58,v_component_of_wind@400hPa,0.3470697157939623,0.37270257588159134,0.25856388499087474,0.2775536054314974,0.9273224136354796,0.9176023704210431,3.8860414734934206,4.173045360146208,2.89506669975626,3.107689220857024
Direct_State,24,59,v_component_of_wind@500hPa,0.3514679145201494,0.37207237383360814,0.26347444364082606,0.28052828744962754,0.9255973513042137,0.9200171381398519,3.2189784584659162,3.407687892681273,2.413075367880333,2.5692658600765483
Direct_State,24,60,v_component_of_wind@600hPa,0.3650180145881741,0.38857500318257754,0.27528746535855586,0.29551492430259224,0.9200262790329721,0.9121789703607763,2.837067878205828,3.020162348615927,2.139645699858048,2.296861718717726
Direct_State,24,61,v_component_of_wind@700hPa,0.38442252827808604,0.41255050394385506,0.28958256738055366,0.31372284094476316,0.9115319450060798,0.900533090310698,2.6199121234206673,2.8116096196294853,1.9735598716634062,2.1380804135419407
Direct_State,24,62,v_component_of_wind@850hPa,0.4021914865929189,0.4265392779106799,0.29646963464306053,0.31730843559665856,0.903317113378988,0.8940114794702312,2.482005749546682,2.6322609372981316,1.8295746148046672,1.9581751230266342
Direct_State,24,63,v_component_of_wind@925hPa,0.38339161536274696,0.4114644844962751,0.2721575599351675,0.2968748952143354,0.9159428061900329,0.9057352804302096,2.4379637808563044,2.616477429441685,1.730633243733577,1.8878092576385088
Direct_State,24,64,v_component_of_wind@1000hPa,0.369635896430384,0.4205108564306402,0.2660188894652379,0.30952786419094824,0.9244478314998034,0.9023615272472078,1.9244495653258145,2.189321816938679,1.3849843547676468,1.6115068011086382
Direct_State,24,65,2m_temperature,0.08345582281602935,0.12619256132578835,0.05806255748914988,0.08237223461417978,0.9951178505897019,0.9887952549375775,1.785449815658198,2.699757531608452,1.2421875251579881,1.7622675993673353
Direct_State,24,66,10m_u_component_of_wind,0.31214165871876576,0.337636861292027,0.22528177668011026,0.24812934699896744,0.9512607140297648,0.9441209534448193,1.6956060819150236,1.8341003179864417,1.223768566778168,1.347880407213002
Direct_State,24,67,10m_v_component_of_wind,0.3689837746498457,0.3984092229026194,0.2663584762482233,0.2917469999451482,0.9227090686661943,0.9118437271068743,1.7233210637306935,1.8607511959014393,1.2440145017911584,1.3625904067662766
Direct_State,24,68,mean_sea_level_pressure,0.14086080185994493,0.1727522727329245,0.1020967430744037,0.12710868746645457,0.9876640834919556,0.9818651066706932,186.3899462148644,228.5894048898794,135.09653683146607,168.19286102555637
Direct_State,24,69,surface_pressure,0.06303853909611654,0.15010831439697667,0.04959978069490627,0.09174726532559378,0.996348764225248,0.9781469092629225,605.1296501130211,1440.943800648093,476.12616882644926,880.7150600341668
Direct_State,24,70,total_precipitation_6hr,0.9321264090212605,0.9925740707559229,0.33849519973155606,0.4211162159260621,0.654827012038664,0.5924878525341463,0.0015548675973739534,0.0016556995383276232,0.0005646393128306479,0.0007024583271089592
Direct_State,72,0,geopotential@50hPa,0.10637688661950251,0.0902717788509083,0.08487014156478695,0.06476381196907009,0.9930741336936004,0.9934084575380954,612.4751071772382,519.7484035797381,488.6479679211253,372.8838471680384
Direct_State,72,1,geopotential@100hPa,0.08203236150729366,0.0813793087564394,0.06654309308635377,0.060874032205795056,0.9969264316652156,0.995922399335738,447.09715646685527,443.5378558073088,362.67672151066273,331.77890466318615
Direct_State,72,2,geopotential@150hPa,0.07295088472881953,0.07579057406139977,0.057186692689829455,0.05657340840040154,0.997402497496519,0.9968022968088317,423.14184873814855,439.61308080017454,331.70376199965193,328.14647892104955
Direct_State,72,3,geopotential@200hPa,0.07568990697306244,0.08063309668792058,0.05677695768609223,0.058890773252376835,0.9970639315205106,0.9964745191158335,440.3233357510302,469.0801650445926,330.29792933639396,342.59496927952773
Direct_State,72,4,geopotential@250hPa,0.08315253523120632,0.08399263485862504,0.05877652906047051,0.0564114712307905,0.99631093668982,0.9961945025180616,461.1171885167362,465.7759090536889,325.9415721193523,312.8262916671323
Direct_State,72,5,geopotential@300hPa,0.09128717695291771,0.0966198310044792,0.0637263601780498,0.06684293493570934,0.99548751121356,0.9948425177670154,466.0570978291897,493.2824037421837,325.3482488901977,341.259590355008
Direct_State,72,6,geopotential@400hPa,0.09698373442594588,0.10336144023673503,0.06596620228636557,0.07058350503015622,0.9947936292778057,0.9939868337729426,403.8506413546782,430.4080931969551,274.69032238800884,293.91726992977556
Direct_State,72,7,geopotential@500hPa,0.1025122593052674,0.10271347811248843,0.07067055687861093,0.06736210733266816,0.9941643744396849,0.9940280363756129,344.8346715601795,345.5115403681787,237.72432876922068,226.5952417717469
Direct_State,72,8,geopotential@600hPa,0.11207898306425318,0.11175652111727244,0.0784083650450256,0.07465872285379581,0.993043313353731,0.9928950548236848,302.9012776888384,302.0298021872266,211.90408258145783,201.770413941984
Direct_State,72,9,geopotential@700hPa,0.12859010658394868,0.12868899833261443,0.08964410578972337,0.08680703855524974,0.9908057474312398,0.9905649785497377,274.85990851700967,275.0712870535834,191.61327168818926,185.5490707994515
Direct_State,72,10,geopotential@850hPa,0.1757557266848828,0.17872501451841635,0.11894919302811834,0.12028745433583651,0.9822392587983682,0.9814497244771171,257.56074763517523,261.91208371426393,174.31377010205526,176.27492100925747
Direct_State,72,11,geopotential@925hPa,0.21457355833602568,0.21963874780007733,0.14344387561181812,0.14813319455978094,0.9728223309258565,0.9715265682369664,262.3081860521096,268.5001915170185,175.35479747652988,181.0873149166347
Direct_State,72,12,geopotential@1000hPa,0.2569209937882756,0.2690480106275304,0.17197254863033323,0.18491254119639858,0.9594919857529484,0.9555936480753112,273.8203254696718,286.74501297847763,183.2842800171887,197.07541754717926
Direct_State,72,13,temperature@50hPa,0.22303819600205416,0.2259253092917486,0.16717746478235868,0.1687594336254817,0.9509240982153587,0.9520786645284649,2.3038879740535805,2.3337106133937313,1.7268708161833508,1.743211883059846
Direct_State,72,14,temperature@100hPa,0.1620640014059902,0.17199189834597525,0.12484950135642899,0.13368049285787414,0.9846748443317047,0.9830773190914205,2.04598181618083,2.171316862581859,1.5761662639521927,1.6876533754410732
Direct_State,72,15,temperature@150hPa,0.21750279883132662,0.22779114597452269,0.16185007272921112,0.16925409158751728,0.9649971318802975,0.9617738688091603,1.939352524796795,2.031088045175559,1.4431278556898297,1.5091454103918336
Direct_State,72,16,temperature@200hPa,0.3109321365248286,0.3251881204388185,0.21459307390220292,0.22831389153790743,0.912514349561297,0.9042065578793267,2.211160309601312,2.3125402043914023,1.526055473733476,1.6236295837990498
Direct_State,72,17,temperature@250hPa,0.23178127201749668,0.23136860468614048,0.16204243092943607,0.16056953569206217,0.970328505650111,0.9702905817429183,1.959760374653769,1.956271164983163,1.370103513699153,1.3576498703652784
Direct_State,72,18,temperature@300hPa,0.15638295625925505,0.1620679061897965,0.11399259641702657,0.11842094846103235,0.9877667989346455,0.9866920402174717,1.6704870912858165,1.7312138847762086,1.217672089326921,1.2649758754585176
Direct_State,72,19,temperature@400hPa,0.1350198384511257,0.13974050007690134,0.09718318338757245,0.10123691318001381,0.9903255008377414,0.9896527060408817,1.7168406214544247,1.7768660454794192,1.2357298059165138,1.2872748704916828
Direct_State,72,20,temperature@500hPa,0.13326998064193168,0.13405750754001428,0.09434361071357077,0.09416578706972273,0.9900498714728633,0.9901087039331209,1.7480425445925216,1.7583721820039455,1.2374628201983324,1.2351303862570973
Direct_State,72,21,temperature@600hPa,0.1309101290737231,0.12976302234417872,0.0934478650346937,0.0916054295687325,0.9900159439965467,0.9902423289974125,1.7668788817458645,1.751396498533374,1.2612550208114717,1.2363878892396343
Direct_State,72,22,temperature@700hPa,0.12255519616759834,0.11942253292286852,0.0885753218124903,0.08412449863097964,0.9906813749722607,0.9911302477605058,1.8260825497882907,1.779405602584943,1.3197796226466103,1.2534619913936558
Direct_State,72,23,temperature@850hPa,0.13484869833891258,0.1348018589599327,0.09713948657124614,0.09603721500369809,0.9887550471957811,0.9888099858123318,2.1150228116830605,2.1142881625797347,1.5235759229648709,1.5062874197301865
Direct_State,72,24,temperature@925hPa,0.13136220856650288,0.13730391945713635,0.09245420691107983,0.09499703990405964,0.989465723222556,0.9884478682785485,2.124791401650925,2.220898919851723,1.495452202318338,1.5365826652513463
Direct_State,72,25,temperature@1000hPa,0.12110352576605836,0.14154279684596416,0.08727674685759157,0.09896578630254188,0.9912946782320275,0.9875093162398909,2.0912509836948443,2.444202281257717,1.5071203052808388,1.7089700386828843
Direct_State,72,26,specific_humidity@50hPa,0.09669636309148867,0.23721630528500473,0.05576345411239693,0.20958248220885586,0.9375617196454038,0.5982072092987012,9.669636326295295e-08,2.3721630569049704e-07,5.576345474848728e-08,2.0958248096297058e-07
Direct_State,72,27,specific_humidity@100hPa,0.3486794297703283,0.4311672935916843,0.23745774422625573,0.323554322570284,0.855563274116838,0.7666360652877909,3.4867942927988866e-07,4.3116729193647993e-07,2.3745774384430516e-07,3.235543190972476e-07
Direct_State,72,28,specific_humidity@150hPa,0.5477289934212184,0.574584363953011,0.3544474482550849,0.38436614059065066,0.8912791447587466,0.879606235877396,2.026138009874844e-06,2.125480349003542e-06,1.311158341780846e-06,1.4218324132906319e-06
Direct_State,72,29,specific_humidity@200hPa,0.558753326478302,0.5718629833714708,0.3626247408058953,0.3750855038126582,0.8851975104953173,0.879655358771059,1.2369835427574502e-05,1.2660060594483411e-05,8.027886650519797e-06,8.303746402091587e-06
Direct_State,72,30,specific_humidity@250hPa,0.6177068464454076,0.6293497968986027,0.3995166666099624,0.401776533751752,0.8592843565450674,0.8555015483581558,4.470022636035902e-05,4.554276594761064e-05,2.891093947152348e-05,2.9074474243461206e-05
Direct_State,72,31,specific_humidity@300hPa,0.6519810271684172,0.6658081518216385,0.4223834737453504,0.43432323676317086,0.8471710831751303,0.8403421127669747,0.00010688010664610305,0.0001091468057493685,6.92418785410563e-05,7.11991787895358e-05
Direct_State,72,32,specific_humidity@400hPa,0.66001812351808,0.6704101913654534,0.4388629359379402,0.44568048010330935,0.8535376441113817,0.8472596124716044,0.0003275221136706483,0.0003326789899177712,0.00021777783381889563,0.00022116091921928557
Direct_State,72,33,specific_humidity@500hPa,0.6033886151735335,0.6098320479429916,0.4235327869203324,0.4126071404507639,0.8695926959777067,0.8671767977556756,0.000637925131379323,0.0006447373744163621,0.00044777479021136033,0.00043622378646877846
Direct_State,72,34,specific_humidity@600hPa,0.5378614139882321,0.5443056334437635,0.3836824284400956,0.38128215664317994,0.8879771998761609,0.8857349788016121,0.0009355092786896808,0.0009467177870598486,0.0006673437811124297,0.0006631689623127647
Direct_State,72,35,specific_humidity@700hPa,0.4945041983439573,0.49835571756846875,0.3584841851386288,0.3565718069103999,0.9023311721712935,0.9009414745495858,0.0012415651338224002,0.0012512352498835631,0.0009000560011758037,0.0008952545331281443
Direct_State,72,36,specific_humidity@850hPa,0.361584531721487,0.36358441020048904,0.26174020038625995,0.2604649407611661,0.942533075984325,0.9421723376181966,0.0014723362763388891,0.001480479582645311,0.0010657800901923576,0.0010605873483421208
Direct_State,72,37,specific_humidity@925hPa,0.2272574679521369,0.23563934993947408,0.1601172127636914,0.1644618734460193,0.9762851801373255,0.9748410099309321,0.0011491598476128767,0.0011915440199899477,0.0008096555597455596,0.0008316249360675376
Direct_State,72,38,specific_humidity@1000hPa,0.18539747138670173,0.21197717572021801,0.13379359687676573,0.15110157256935594,0.9839938306055728,0.9792268258496515,0.0010950274406502144,0.0012520172061505905,0.0007902354828122287,0.000892462918094568
Direct_State,72,39,u_component_of_wind@50hPa,0.2643744707735302,0.31668651006601445,0.19944045111751565,0.23760291068337008,0.9676285709317934,0.9538396692235787,3.9642876454322447,4.74870511922454,2.9906038622030593,3.5628488156995557
Direct_State,72,40,u_component_of_wind@100hPa,0.3479034379072263,0.37139707519133086,0.2659438756737023,0.2829822324814079,0.9509005219132842,0.9442593172633081,4.647656307009224,4.9615088154091085,3.5527551309364855,3.7803712844098243
Direct_State,72,41,u_component_of_wind@150hPa,0.349500545018908,0.366642203280884,0.26856938883120623,0.2814692641469923,0.9479747827151779,0.943983639414913,5.573794270450218,5.847167455286037,4.2831135663599476,4.488839273387295
Direct_State,72,42,u_component_of_wind@200hPa,0.36471182659262746,0.37694310718489193,0.2772807859345234,0.287902455406007,0.9400454346232863,0.9367352483480323,6.424969807949459,6.64044299952791,4.884735196142108,5.071852530870867
Direct_State,72,43,u_component_of_wind@250hPa,0.3959257766557691,0.40354995638029445,0.29559088624405067,0.301748728232047,0.9237948426426154,0.9224317069174797,7.086934545962305,7.2234047656527105,5.290974681060266,5.401197971399669
Direct_State,72,44,u_component_of_wind@300hPa,0.41398711413132433,0.4244631793583268,0.30502520210601297,0.31508682105702485,0.911341438399339,0.9080836976656457,7.051134864348676,7.2295658838957095,5.195267567029109,5.366639644830257
Direct_State,72,45,u_component_of_wind@400hPa,0.41594069235188225,0.42652037669498827,0.30445236005522935,0.31504281773508414,0.9077357639558976,0.9043489899636006,5.931279956748278,6.082145359979809,4.3414655040990855,4.492484513047929
Direct_State,72,46,u_component_of_wind@500hPa,0.4102582341214139,0.4174941576687358,0.3040353933085921,0.3107588758223024,0.9117652717508975,0.9101640581403657,4.888238250302749,4.9744544646727515,3.6225901540236642,3.7027005889720095
Direct_State,72,47,u_component_of_wind@600hPa,0.4147291523663227,0.41919528690092045,0.31089919334446126,0.3148579828944912,0.9114325261136748,0.9108150906757997,4.256911306570959,4.302753149155792,3.1911677277612878,3.2318019857553715
Direct_State,72,48,u_component_of_wind@700hPa,0.42947433609036273,0.43389760827813445,0.3221782605170305,0.32608576630163866,0.9064185906898434,0.905781879352091,3.897581914163254,3.937724145462767,2.92384444861706,2.959306033663409
Direct_State,72,49,u_component_of_wind@850hPa,0.45515174597381597,0.46040986994895666,0.3306218114659487,0.33584626457297845,0.895995070911995,0.8946115977790247,3.6635210543019836,3.7058437396251396,2.66117833444895,2.703230007010399
Direct_State,72,50,u_component_of_wind@925hPa,0.46646863547829787,0.4728292456151839,0.3262902274763707,0.3327591840313369,0.8892012891797091,0.8871607588933639,3.6313606165438244,3.6808766795431285,2.5401010857753277,2.59046059396844
Direct_State,72,51,u_component_of_wind@1000hPa,0.468308597967179,0.4840057468062679,0.3289582735503218,0.3453444929064427,0.8887301378041276,0.8810436809938177,2.821043292213112,2.9156013126886537,1.9816111196797057,2.0803200342544046
Direct_State,72,52,v_component_of_wind@50hPa,0.4236444538147971,0.4214286278869345,0.3168599575765315,0.3133169501168374,0.8427400560177292,0.8474520795011333,3.085189823750749,3.0690530914491396,2.3075319752525396,2.2817300295742986
Direct_State,72,53,v_component_of_wind@100hPa,0.534855905738746,0.5452437287077542,0.4113134359206855,0.42060088931313155,0.8317621871060467,0.8251403517530419,4.046573387220621,4.125164795710552,3.1118848600254494,3.182151229439245
Direct_State,72,54,v_component_of_wind@150hPa,0.5538600429177852,0.5680153320269807,0.4232594977425653,0.4349096516072011,0.8420937021376137,0.8347948797696138,5.316863809378181,5.452749659860514,4.063144019020268,4.174981410904807
Direct_State,72,55,v_component_of_wind@200hPa,0.5479375461982284,0.564747274037816,0.4088604076058385,0.42269074213992996,0.8434797845527806,0.8350054144180025,6.496986607557871,6.696302323619352,4.847925813715541,5.011914437505525
Direct_State,72,56,v_component_of_wind@250hPa,0.5500250051258679,0.5613708473121746,0.39979034304536143,0.4079139948399809,0.8275813844064619,0.8232323434615488,7.338788707838249,7.490172307650401,5.334260907482281,5.442651915326694
Direct_State,72,57,v_component_of_wind@300hPa,0.5534134535193393,0.5633376058646192,0.3968544986374614,0.4049046677096604,0.8104938480767238,0.8054517141924379,7.36357147039002,7.495619635338965,5.280439926283493,5.387553312524635
Direct_State,72,58,v_component_of_wind@400hPa,0.5530404703210154,0.5617337712637778,0.3936547601566476,0.39959869423070776,0.8024230761241541,0.7978545978574785,6.192237774591848,6.289574234826979,4.407641102161221,4.474193598126918
Direct_State,72,59,v_component_of_wind@500hPa,0.5485235175179678,0.5561779178339751,0.3931822562649307,0.3985055275448217,0.8068200432784256,0.8032744059580884,5.023745589090555,5.093849718709562,3.6010263230114936,3.6497804183125218
Direct_State,72,60,v_component_of_wind@600hPa,0.5538730202976065,0.5611121844717688,0.40210875004576335,0.40733501387559956,0.8040763204371132,0.80083276223287,4.3049255222046785,4.361191215771359,3.125352126740849,3.1659727626543512
Direct_State,72,61,v_component_of_wind@700hPa,0.569524967409939,0.5760549732027522,0.41478648352890196,0.4190152723270892,0.7931442163494404,0.7903037063314335,3.881420221333963,3.9259234651189847,2.8268482501567247,2.8556682048706667
Direct_State,72,62,v_component_of_wind@850hPa,0.5934681366065933,0.5992646919869573,0.41956733243175465,0.42380324178296125,0.7743411590820974,0.7720330661496818,3.6624129913770247,3.6981847332855087,2.5892356370561003,2.6153762853003104
Direct_State,72,63,v_component_of_wind@925hPa,0.585706925175793,0.594878123936084,0.40002349120931274,0.407970279803018,0.7901317267007054,0.7850187264647047,3.7244744111626877,3.782793518242495,2.5437248431989583,2.594257990673199
Direct_State,72,64,v_component_of_wind@1000hPa,0.5602555890290671,0.5802744295993558,0.38885424678064656,0.410078864750878,0.8161599490402573,0.8020650135348151,2.9168801907467214,3.0211050519375906,2.024506794432861,2.1350093515062816
Direct_State,72,65,2m_temperature,0.10015075914473595,0.13058370163785396,0.06740616888994216,0.08527091404804849,0.9929518533990922,0.9880024882364252,2.1426204696720057,2.793701352735375,1.4420843172429887,1.8242818039462747
Direct_State,72,66,10m_u_component_of_wind,0.46676001226093644,0.47351205472081626,0.32702703499528496,0.3326789401427146,0.887130859460969,0.8845911580301465,2.5355190125922795,2.57219726074677,1.7764659423538907,1.8071680372226755
Direct_State,72,67,10m_v_component_of_wind,0.5578462828452233,0.5683777604063457,0.38916742144086774,0.3977134574816942,0.8127067312129447,0.8066307477728839,2.605394343898209,2.6545811107601223,1.817587801126421,1.857501633186177
Direct_State,72,68,mean_sea_level_pressure,0.263609690895851,0.27544843069165836,0.17443548076574084,0.18725371835880644,0.9559927162456457,0.9522383475725724,348.8138307829873,364.47909895823057,230.81665916550284,247.77802192012234
Direct_State,72,69,surface_pressure,0.06938953552859846,0.1544481993749261,0.055205073017036865,0.09599890766943854,0.9956336687844038,0.9768634652177296,666.0951595339502,1482.60391800711,529.9333913712605,921.5281060383934
Direct_State,72,70,total_precipitation_6hr,1.0615297486200286,1.0760056354580496,0.4118023827127804,0.4581731308422951,0.5078926584673679,0.4875865529857792,0.0017707235759772356,0.0017948706137363751,0.0006869220507026937,0.0007642724743424194
Smart_Final,6,0,geopotential@50hPa,0.05818649099216913,0.07522331706877264,0.046254126977064484,0.05953906772918929,0.9977591375001347,0.9954133839606534,335.01429115164893,433.1054452518675,266.3125642205418,342.80187525265535
Smart_Final,6,1,geopotential@100hPa,0.04802809413332067,0.06378335757915135,0.037505381709862146,0.049765358085698395,0.9986163380343962,0.9975011634985304,261.76528308992175,347.6354640966588,204.41383730338353,271.23381743384084
Smart_Final,6,2,geopotential@150hPa,0.04340202762575496,0.05383456275932402,0.03414714551747368,0.04181577871273436,0.9989618715085853,0.9983886189670539,251.74765470099555,312.26017173956154,198.0659515980276,242.54682358971297
Smart_Final,6,3,geopotential@200hPa,0.04181155469828304,0.05049609801719168,0.03281275046079717,0.03926756568503883,0.9990555472538215,0.9986213581221794,243.23722863737473,293.7592487178936,190.88700799424785,228.4376636930364
Smart_Final,6,4,geopotential@250hPa,0.03697460067192755,0.040086305325330106,0.029482594100042378,0.03042485593498691,0.9992941420199725,0.999175551886409,205.04033696878327,222.29610269671554,163.49388384003288,168.71913998058255
Smart_Final,6,5,geopotential@300hPa,0.04660098224035018,0.050572328296207184,0.03663900255390091,0.03918547790228397,0.9988211657392614,0.9985894811156094,237.91642192701937,258.19171314614357,187.05658148484852,200.05734613743465
Smart_Final,6,6,geopotential@400hPa,0.05286396403913456,0.05347535745839723,0.04150953867860783,0.041512530343602035,0.9984506194579541,0.9983943691740768,220.1311998526228,222.67711189707595,172.8501580009903,172.86262124791904
Smart_Final,6,7,geopotential@500hPa,0.05154044529094156,0.04593249279039142,0.04034940761806268,0.03543629105942646,0.9985312776515227,0.9988138076940438,173.3737279946546,154.50948234392843,135.72888718264417,119.20195749254651
Smart_Final,6,8,geopotential@600hPa,0.060941362722304576,0.05327374368662941,0.04688252170151296,0.04167541909325628,0.9979233949622186,0.9983888952455469,164.69828830680086,143.97601298794197,126.70328830183946,112.6307296240868
Smart_Final,6,9,geopotential@700hPa,0.0702042993180218,0.06426487407599793,0.05400106878605474,0.05058754093662818,0.997220787417568,0.9976530502976367,150.06090060068823,137.36544661502063,115.4266785056301,108.13030148471795
Smart_Final,6,10,geopotential@850hPa,0.08157627831115476,0.09175485273527685,0.06486126966135033,0.07198864495725474,0.996153047166845,0.995168160859651,119.54573386095264,134.46189893389018,95.05076994205731,105.49556403208082
Smart_Final,6,11,geopotential@925hPa,0.10048218920173574,0.11739608088703089,0.07940977527681506,0.09163738624347997,0.9940730840668344,0.9921069439982626,122.83573536148273,143.51233885183123,97.07549360120998,112.02329274735825
Smart_Final,6,12,geopotential@1000hPa,0.13234685226991455,0.15975034419445708,0.1017613797843387,0.12318018263428297,0.9893933712260987,0.9849290907140414,141.0521488023449,170.25814538967347,108.45487606914381,131.28253065568825
Smart_Final,6,13,temperature@50hPa,0.1310113560946384,0.22375961504988848,0.10044243126732003,0.169552437239067,0.9825084918161948,0.9522776461957775,1.3532905811773903,2.311339939680664,1.0375268224209095,1.7514032722679644
Smart_Final,6,14,temperature@100hPa,0.11264247798297475,0.15825548286443938,0.08761803208730157,0.1236910906477921,0.9922790871362975,0.985829568679,1.4220583221944123,1.9979010720604384,1.1061364679298615,1.5615418675046722
Smart_Final,6,15,temperature@150hPa,0.1283040666903281,0.18829050013939735,0.09805224240146182,0.14238919384261406,0.9878926968030742,0.9740657550488256,1.1440166115645352,1.6788825580573825,0.8742777838361756,1.2696059396904538
Smart_Final,6,16,temperature@200hPa,0.15124028696088557,0.24158503689515795,0.11332472124580381,0.17820063626087793,0.9799117936651512,0.9489049742971747,1.0755289692782208,1.718005912612795,0.8058965252006343,1.2672545857462503
Smart_Final,6,17,temperature@250hPa,0.13260905939741513,0.16796476447216235,0.0995256894694698,0.12408886053954751,0.9904544057772603,0.9848529254919584,1.1212380409337601,1.4201781155378768,0.8415110615438235,1.0491979402873808
Smart_Final,6,18,temperature@300hPa,0.11187266794281887,0.13612639145809943,0.0848308647702345,0.10140293261335294,0.9939083152401242,0.9906343256200136,1.1950269512247613,1.4541058948709982,0.9061656579867279,1.0831889514079154
Smart_Final,6,19,temperature@400hPa,0.09398262066590574,0.1049372335895104,0.07141154591563087,0.07957677285811546,0.9953710692687039,0.9942066556422643,1.1950331260437388,1.3343261875191108,0.908031339374588,1.011856020181509
Smart_Final,6,20,temperature@500hPa,0.0844037680300546,0.0914272022730957,0.064591850103301,0.0695229437782388,0.996122161790609,0.995539541720316,1.107086362137475,1.1992095934874312,0.8472223261060436,0.9119012696870994
Smart_Final,6,21,temperature@600hPa,0.084478598642892,0.09054393699536924,0.06446489970775302,0.06899299985363323,0.9959960342053842,0.9953348370141207,1.1401978801190507,1.222061043374141,0.8700752941388659,0.9311905352849194
Smart_Final,6,22,temperature@700hPa,0.09056518812082102,0.09011873173013835,0.06906124640043472,0.06745765641369408,0.995167650159513,0.9949829875220811,1.3494287802423068,1.3427765501261757,1.029018283040364,1.0051246437472674
Smart_Final,6,23,temperature@850hPa,0.11055873078051222,0.12249402724634363,0.08597188686124402,0.08968681160687948,0.9931066972444771,0.9907827037928384,1.7340488982206812,1.9212470279598148,1.3484186533624587,1.4066850947030527
Smart_Final,6,24,temperature@925hPa,0.10652445840195929,0.13038209651015972,0.07873713916920952,0.09081051671970594,0.993231174062681,0.9895853179385617,1.7230393364097116,2.10893803890243,1.2735778073042376,1.468865420739023
Smart_Final,6,25,temperature@1000hPa,0.10836122742655523,0.139239773470704,0.07755704102442215,0.0970967702873206,0.9927000268196,0.9879155149303653,1.871213257984223,2.4044329867026666,1.3392775796963377,1.6766953299867084
Smart_Final,6,26,specific_humidity@50hPa,0.0956505031812449,0.23805540162953165,0.0729089158183958,0.20951979381874186,0.9380091859455598,0.5890390365238719,9.565050278251624e-08,2.3805540126527047e-07,7.290891475781446e-08,2.095197924433465e-07
Smart_Final,6,27,specific_humidity@100hPa,0.18566333032998397,0.4314738759877617,0.12642489959359224,0.3233324216984565,0.9609079004587039,0.7656999907530604,1.8566332947845788e-07,4.3147387408071817e-07,1.2642489918612146e-07,3.23332417665877e-07
Smart_Final,6,28,specific_humidity@150hPa,0.3650887423005926,0.5575486056734628,0.2400655497158563,0.3729691909213579,0.9532505396457827,0.8869526584412808,1.3505222195818077e-06,2.0624623293142846e-06,8.880412194601939e-07,1.3796732652353547e-06
Smart_Final,6,29,specific_humidity@200hPa,0.36495346548637203,0.5148060847548199,0.23269219135889602,0.3334045933603662,0.9529077274673878,0.9039410322752256,8.079440579705277e-06,1.1396919290337456e-05,5.151403982686634e-06,7.381002973146227e-06
Smart_Final,6,30,specific_humidity@250hPa,0.37000954458914453,0.533788317568085,0.23392374854733355,0.33365628038667994,0.9520957686287398,0.8988928043685345,2.677566332457125e-05,3.862747922925554e-05,1.6927842830435373e-05,2.4144966622057e-05
Smart_Final,6,31,specific_humidity@300hPa,0.36056208737305745,0.5636297372973997,0.23394588509914205,0.36336760566366894,0.95595222418054,0.889131021525358,5.910741722811389e-05,9.239656455014799e-05,3.83510563436792e-05,5.956732908536226e-05
Smart_Final,6,32,specific_humidity@400hPa,0.34008448233451305,0.5722263401416836,0.2276821917656559,0.3755203808772316,0.9633298066517036,0.891406737931956,0.00016876080481686558,0.00028395702318871537,0.0001129831915988607,0.00018634523223429075
Smart_Final,6,33,specific_humidity@500hPa,0.3081321445885098,0.5108360515009116,0.21302232599994952,0.34097420792941,0.9677073587640335,0.9089571262106763,0.0003257688914006199,0.0005400750850538875,0.00022521521333721353,0.00036049075810894843
Smart_Final,6,34,specific_humidity@600hPa,0.2875315266826149,0.45648591696907226,0.20668339613772513,0.3167385993903071,0.9696038448608902,0.9210648233201398,0.0005001072837874513,0.0007939718279507764,0.0003594870913705499,0.0005509075245256385
Smart_Final,6,35,specific_humidity@700hPa,0.30579165535281716,0.42183067436337673,0.22512266341145953,0.3013398076375881,0.9643058981122722,0.930012510001428,0.0007677594198968602,0.0010591017421817998,0.0005652215838812109,0.000756582040832227
Smart_Final,6,36,specific_humidity@850hPa,0.2576634398491894,0.3271612696580716,0.19129458179858458,0.23546706336717796,0.9712447664106545,0.9533621063042648,0.001049179925254149,0.0013321681759112585,0.0007789325273579387,0.000958798472430137
Smart_Final,6,37,specific_humidity@925hPa,0.21349609314954793,0.22045836080969108,0.15680199120154048,0.1537178937916492,0.9791035741788875,0.9778952184039343,0.0010795734783178045,0.0011147791771640712,0.0007928916594809321,0.0007772964726945916
Smart_Final,6,38,specific_humidity@1000hPa,0.16401525876173464,0.2014912122265505,0.12110802200411537,0.1444269879985321,0.9875048628914141,0.9811643214868271,0.0009687360281015469,0.001190083151951155,0.0007153096897746896,0.000853040304666197
Smart_Final,6,39,u_component_of_wind@50hPa,0.18302586312508975,0.30303945515058833,0.14324868126969015,0.22577170274835104,0.9848886109395625,0.9585858662156608,2.7444676138241086,4.544067962998801,2.148009877411837,3.385440225063205
Smart_Final,6,40,u_component_of_wind@100hPa,0.21298200392065994,0.339025102590837,0.164384263540197,0.2531809071577198,0.9819704321352413,0.954067197105887,2.845235352963178,4.529050345541455,2.1960161444818422,3.3822541445386727
Smart_Final,6,41,u_component_of_wind@150hPa,0.2003986147149285,0.296216258416646,0.15224543193939044,0.22288959070584685,0.983327832897346,0.9652962450719808,3.1959339201028794,4.72402266231347,2.4279925342973834,3.5546174275459337
Smart_Final,6,42,u_component_of_wind@200hPa,0.19767223323500677,0.25321428120165107,0.14914532049227153,0.19417390613052343,0.9828672019192015,0.9731037370334954,3.482305890093194,4.460765977270365,2.627428329736907,3.420677345473411
Smart_Final,6,43,u_component_of_wind@250hPa,0.19624794422585964,0.24095518251392026,0.1499942248486595,0.18503976690585053,0.9818346327676692,0.9748438799121403,3.5127703683837614,4.313014507738094,2.684844827152223,3.312147884873993
Smart_Final,6,44,u_component_of_wind@300hPa,0.194811877759916,0.25947965143958573,0.1485382092283206,0.19960743785334972,0.9810967899148959,0.967956042120598,3.3180859355965717,4.419524059878969,2.529940919044031,3.399765141385545
Smart_Final,6,45,u_component_of_wind@400hPa,0.19596539196362128,0.2692964071123808,0.1502417611619078,0.20686116665580115,0.9803381084919778,0.9641400300629995,2.7944503204348052,3.84014451101038,2.1424350855391,2.9498231518138933
Smart_Final,6,46,u_component_of_wind@500hPa,0.19896541781033614,0.26664404977196515,0.15299968637059658,0.2058994779708462,0.9800317091574599,0.9661608286848313,2.3706784485654,3.1770712227832862,1.8229954753000628,2.4532979752919357
Smart_Final,6,47,u_component_of_wind@600hPa,0.2053105159540763,0.28274092122980865,0.1578435538496674,0.21908880895018784,0.9790418852433802,0.9617284681704821,2.1073721162276633,2.9021423275040807,1.6201562089861439,2.248796876765187
Smart_Final,6,48,u_component_of_wind@700hPa,0.21912827842163085,0.308314569151159,0.16870047756212886,0.23851999194073442,0.9765237697809698,0.9545708281441048,1.9886413271989094,2.798028172623491,1.5309970139190123,2.1646257248875873
Smart_Final,6,49,u_component_of_wind@850hPa,0.22749444170303612,0.3149224688154316,0.17385664466959355,0.24100357915732262,0.9750141266439863,0.9531558714628833,1.8311050806569202,2.534814160570102,1.3993739070593585,1.9398402632822218
Smart_Final,6,50,u_component_of_wind@925hPa,0.220897676539987,0.3104631788464784,0.16449902818265158,0.23263870052525334,0.9763216994455627,0.9543066677439898,1.7196421518973948,2.416890865429501,1.2805904879016214,1.8110435923630004
Smart_Final,6,51,u_component_of_wind@1000hPa,0.23407131033764705,0.3396122583337925,0.17704308866876567,0.2544853389108091,0.9734846144241153,0.9439826721038812,1.4100217293024115,2.045789640609768,1.0664895327498174,1.532993749889709
Smart_Final,6,52,v_component_of_wind@50hPa,0.3294468974467722,0.36795302890786563,0.2574401924253815,0.2837035370584908,0.9082492325535165,0.8871225707376688,2.3991963347940306,2.679617154489078,1.8748076393307513,2.0660703842727184
Smart_Final,6,53,v_component_of_wind@100hPa,0.34423282685280276,0.4711292031906768,0.2669030081875087,0.3577236429484701,0.9338867158641835,0.8727152000342718,2.6043713475557553,3.5644345914934337,2.0193151293265093,2.7064391664244094
Smart_Final,6,54,v_component_of_wind@150hPa,0.3015498464993402,0.4333554885214939,0.22936036860994605,0.32717146642107836,0.9558972611164205,0.9088615260773681,2.894773672777511,4.160061994014599,2.201779790310081,3.1407323467379955
Smart_Final,6,55,v_component_of_wind@200hPa,0.26582794623107986,0.360721099712019,0.20005994562301013,0.2744603441163074,0.9654576094302952,0.9379568753606335,3.151966169970843,4.277130051848184,2.372144038056269,3.2543219550689826
Smart_Final,6,56,v_component_of_wind@250hPa,0.2545769207381438,0.31387692177746224,0.19341656724307257,0.23895701603414324,0.965732789022373,0.9517691609737445,3.396729655618488,4.187948534677414,2.5806887168043797,3.188318809330234
Smart_Final,6,57,v_component_of_wind@300hPa,0.24369409459553854,0.3151256566491003,0.18458276337977972,0.23905873990503623,0.9661907130116617,0.9453266131558689,3.2425284964130903,4.192977774953733,2.4560089225268027,3.1808516596834053
Smart_Final,6,58,v_component_of_wind@400hPa,0.2542296133084427,0.32042385228777764,0.19286981784982624,0.24154538094428935,0.9616336208853031,0.9405972888588261,2.8465371051947246,3.5876952900001418,2.159508834048183,2.7045153071738577
Smart_Final,6,59,v_component_of_wind@500hPa,0.2598348590156529,0.32287344395480244,0.19791765387807395,0.24613063892041334,0.9600103934287899,0.941880604807712,2.379741582609994,2.957091152861144,1.81266238514511,2.2542292055765647
Smart_Final,6,60,v_component_of_wind@600hPa,0.2649127579598118,0.3457970838857488,0.20218453470258108,0.26513629806894484,0.9587267671433256,0.9317561816953631,2.059009286064068,2.6876750258487907,1.5714601065787435,2.0607467136640802
Smart_Final,6,61,v_component_of_wind@700hPa,0.2820483935359797,0.37353431739971144,0.2153386013533405,0.2862091640854213,0.9534171016502554,0.9196902837258008,1.9222130802288593,2.5457069251386923,1.467573241760258,1.9505694986349185
Smart_Final,6,62,v_component_of_wind@850hPa,0.2851299781122428,0.3810247388142835,0.21466180273225652,0.2870612473196248,0.9526244743241423,0.9170854117003281,1.7595952880853842,2.35138142189762,1.3247217822659272,1.7715135550697279
Smart_Final,6,63,v_component_of_wind@925hPa,0.27445761522886714,0.3645095459555297,0.20291689143987368,0.2677206223423237,0.9578991144666579,0.9278209820047341,1.7452591474784733,2.3178938552318695,1.290336077654182,1.702419028326244
Smart_Final,6,64,v_component_of_wind@1000hPa,0.2738638904114049,0.38501744581617836,0.20694348679343702,0.2861213878642678,0.9593367033318958,0.919263735448218,1.425828088346872,2.004531114202914,1.0774178152766698,1.4896447713204142
Smart_Final,6,65,2m_temperature,0.17386857592089036,0.1303924939278978,0.14296534812965708,0.08464207751629327,0.9850301905195193,0.9880314986579187,3.7197358616111957,2.789610679611112,3.0585937278040123,1.8108285053952975
Smart_Final,6,66,10m_u_component_of_wind,0.23202308168889926,0.3171064032162062,0.17530104506671318,0.23639380971407645,0.973297586424539,0.951154944608372,1.2603884695381633,1.722575403416649,0.9522648067561557,1.284131007091837
Smart_Final,6,67,10m_v_component_of_wind,0.266846345491338,0.3584052981020465,0.2018471297503683,0.2670931703813647,0.9603552021301609,0.9300850678385145,1.2462930774744,1.6739147824293727,0.9427173486410658,1.2474458633385228
Smart_Final,6,68,mean_sea_level_pressure,0.1291957816198587,0.16430730654341597,0.10085173841919472,0.12483146367042038,0.989620615640379,0.9837291646139092,170.95454818382694,217.41484879316886,133.44912102322274,165.17959190049436
Smart_Final,6,69,surface_pressure,0.0820833355867748,0.14818192560272828,0.062336643138374885,0.09004217950941816,0.9935752528871492,0.9787271342716646,787.9475144301398,1422.4516955329607,598.3918974187922,864.3473262740077
Smart_Final,6,70,total_precipitation_6hr,0.5903299983802724,0.9350564387984049,0.27314454538707683,0.398340780464365,0.877710278253178,0.6513952449826277,0.0009847215772772534,0.0015597551411600866,0.0004556287636160216,0.0006644669276445728
Smart_Final,24,0,geopotential@50hPa,0.059452078887944,0.07437483349738452,0.04539761318335799,0.057448431478622566,0.9974030296024466,0.995520232674644,342.30103329805337,428.22022283489383,261.38110360173687,330.7648402678435
Smart_Final,24,1,geopotential@100hPa,0.05353167231158767,0.0663971061070768,0.04121210013477017,0.05154317770944735,0.9982332005512643,0.9973040336465253,291.7611817203439,361.88105601400923,224.61638993892586,280.92338119608183
Smart_Final,24,2,geopotential@150hPa,0.04830680309063757,0.05698828806351359,0.03745983790932851,0.04410844863461352,0.9987148696598456,0.9981930002548649,280.197148127031,330.5529372796753,217.28077747619548,255.84514964654207
Smart_Final,24,3,geopotential@200hPa,0.04656939293826581,0.05433500288451658,0.03605621353942643,0.042011400825497175,0.9988295532545509,0.9984009254567577,270.91578285653986,316.0919420869712,209.75573689508101,244.39982638914745
Smart_Final,24,4,geopotential@250hPa,0.043773154027201784,0.04680307960036861,0.033954728650128205,0.034867794060628114,0.9990097897019411,0.9988675051833976,242.7412902305641,259.54355412731184,188.29382625289298,193.35717629850365
Smart_Final,24,5,geopotential@300hPa,0.05293566561731448,0.05722940466037218,0.04070449248973732,0.04354146534801927,0.9984841496852681,0.9981924343710781,270.2574832195309,292.17871726729027,207.81251412841158,222.2963803507357
Smart_Final,24,6,geopotential@400hPa,0.05824544482992531,0.06052940549573713,0.04458399077142161,0.045842532419257315,0.9981234844172893,0.9979430926402653,242.54025968707083,252.05092304129363,185.6525077401321,190.8932155923551
Smart_Final,24,7,geopotential@500hPa,0.05828085336461791,0.054868335419459846,0.044427428246798364,0.04044374620651266,0.9981184067126814,0.9983147766786862,196.0473712908421,184.5682127973092,149.44668932358118,136.0462262389276
Smart_Final,24,8,geopotential@600hPa,0.06804247225770252,0.06164446889857704,0.05150766381542907,0.046194819251078156,0.9974038438375975,0.9978517108345849,183.8895325358382,166.5984822521947,139.20305865056346,124.84472607583548
Smart_Final,24,9,geopotential@700hPa,0.07885135893542866,0.07265580057979318,0.05966595901461363,0.05482769318524189,0.9964873911719443,0.9970139851714117,168.54389404021512,155.3009580614094,127.53531984312971,117.19357983046355
Smart_Final,24,10,geopotential@850hPa,0.09286354819364855,0.10186841822787326,0.06998431266846669,0.07621374640964673,0.9950078241084235,0.9940928962447728,136.08663261328903,149.2827949540911,102.55831995404368,111.6872259212111
Smart_Final,24,11,geopotential@925hPa,0.11495870723575512,0.12719328667826335,0.0855829798758095,0.09466006305763776,0.9922301699073673,0.9908190248634549,140.53273943673463,155.48905836387385,104.62200754028515,115.71840378934472
Smart_Final,24,12,geopotential@1000hPa,0.14598907713051146,0.16749940360526963,0.10610205433186251,0.12507325971840685,0.987087441090725,0.98329895595832,155.59170999044812,178.5169093439945,113.08106309924634,133.30012578098723
Smart_Final,24,13,temperature@50hPa,0.15506488510357277,0.22055120293110142,0.11677449201897,0.16681278763966934,0.975192847079508,0.9540025290645633,1.6017531160469893,2.2781984130821566,1.2062299310163729,1.7231038775573295
Smart_Final,24,14,temperature@100hPa,0.13231149258785763,0.1586234151028995,0.10293110852793337,0.1241219400369023,0.9894255499525286,0.9857112218294102,1.6703703733976007,2.0025460428119572,1.2994568560838167,1.5669811405564165
Smart_Final,24,15,temperature@150hPa,0.1616256508395746,0.19257507670251992,0.12219930442737438,0.1456764854191311,0.9808004484152597,0.9727791807728569,1.4411268076628427,1.7170857676818558,1.0895838395079505,1.298916903772977
Smart_Final,24,16,temperature@200hPa,0.21952822455916543,0.25479052796642127,0.15931068186192493,0.18694600823753155,0.9572598186284433,0.9428314329581736,1.5611512639548166,1.8119153248249447,1.132920724395257,1.32944636729519
Smart_Final,24,17,temperature@250hPa,0.16575431491692716,0.17820676577306999,0.1200370127166219,0.1295880588394356,0.9847999246098182,0.9829410421577844,1.4014882853136186,1.5067764313112684,1.0149387130631162,1.0956948287018622
Smart_Final,24,18,temperature@300hPa,0.13013087397101944,0.13857000921296272,0.09658171304249016,0.102755230138183,0.991581132542643,0.9902967195209104,1.3900616150073701,1.480208705018328,1.0316885390686388,1.097634225487443
Smart_Final,24,19,temperature@400hPa,0.10304104261356754,0.10735230318885777,0.07763927569487691,0.08100334433980858,0.994427044025724,0.9939135709729655,1.3102152159887872,1.3650349317818717,0.9872198324916982,1.0299955493342245
Smart_Final,24,20,temperature@500hPa,0.09267366092348864,0.09574492398187119,0.0695808583500497,0.07185069309552508,0.9952437076154851,0.99509188523038,1.2155588427443524,1.2558432094071335,0.9126608967808538,0.942433313695162
Smart_Final,24,21,temperature@600hPa,0.09100299854496037,0.09363851004039125,0.06845331989495616,0.07040230670113257,0.995233636745373,0.9949831686254286,1.2282569523379754,1.2638281371552402,0.9239065485733156,0.9502117962058628
Smart_Final,24,22,temperature@700hPa,0.09357126850227368,0.09026380251236786,0.07078953282610129,0.0669861235849109,0.9947284670521882,0.994962624024943,1.3942196228814348,1.3449381099901012,1.0547698770252267,0.9980987744420348
Smart_Final,24,23,temperature@850hPa,0.1126759215309375,0.11681719565172055,0.08574816131748896,0.08511428915632424,0.9926043540408104,0.991622258913799,1.76725578900547,1.832209247814136,1.3449096435290138,1.334967739726382
Smart_Final,24,24,temperature@925hPa,0.1081504883330599,0.12375243556738201,0.07848772688344213,0.08613063257385503,0.9929747882824574,0.9906331383945759,1.7493404584355383,2.0017028635224876,1.2695435613025912,1.3931680083959506
Smart_Final,24,25,temperature@1000hPa,0.10606830076834735,0.13447103388334786,0.07614640650786156,0.0944701526699692,0.9930057943828194,0.9887369996216219,1.831618326072459,2.322085009443847,1.3149183376853486,1.6313381374793525
Smart_Final,24,26,specific_humidity@50hPa,0.1066387101013061,0.23685392319275098,0.0760283821226798,0.20969736010143913,0.9221053864828365,0.5962596442152018,1.066387095822551e-07,2.368539221357898e-07,7.602838125297457e-08,2.096973599316016e-07
Smart_Final,24,27,specific_humidity@100hPa,0.2736709797678923,0.43054304669443194,0.18455847521643406,0.32314674785471686,0.912947505447798,0.7669643316187419,2.7367097802048606e-07,4.30543046361851e-07,1.8455847394554627e-07,3.231467510249888e-07
Smart_Final,24,28,specific_humidity@150hPa,0.4909556705113863,0.5597139075191238,0.3200224071098328,0.375092705514901,0.9136043652421478,0.8860378265453279,1.8161243146675964e-06,2.0704721263966403e-06,1.1838145450018282e-06,1.387528489670918e-06
Smart_Final,24,29,specific_humidity@200hPa,0.49865628162175746,0.5293023962989056,0.3177377022914081,0.34306419254574605,0.9109564592917953,0.8980250932187046,1.1039390433890344e-05,1.1717842646799869e-05,7.0341649948388415e-06,7.594849820787807e-06
Smart_Final,24,30,specific_humidity@250hPa,0.5285661718443464,0.5579563660825159,0.3309342962628333,0.3480168231300348,0.8997405712715365,0.888578419194248,3.824958032136576e-05,4.037639535500564e-05,2.394799084096489e-05,2.5184164289991264e-05
Smart_Final,24,31,specific_humidity@300hPa,0.5382150526869371,0.5839767491281074,0.3449616604734929,0.3767056789581119,0.8986905912416512,0.8799327528339235,8.823030158832814e-05,9.573207630739536e-05,5.6550018338675304e-05,6.175385669717563e-05
Smart_Final,24,32,specific_humidity@400hPa,0.5267506617494502,0.5824043148298437,0.34622583899179876,0.382325060247976,0.9090624517197394,0.8871843665745897,0.0002613905360574149,0.0002890076608357413,0.00017180834141232036,0.00018972193207933123
Smart_Final,24,33,specific_humidity@500hPa,0.4681297966686617,0.5230539692917429,0.3183231271658297,0.3472486779033926,0.9237425174951901,0.9041835768673749,0.0004949244278356245,0.0005529923285468533,0.0003365431803660318,0.0003671243603927947
Smart_Final,24,34,specific_humidity@600hPa,0.4161697299734841,0.4645074512070554,0.29344141825945647,0.31991859034534315,0.9344927351938996,0.9181769757750756,0.0007238493645914193,0.0008079237847783407,0.0005103864363581431,0.0005564385172547577
Smart_Final,24,35,specific_humidity@700hPa,0.3952673741712203,0.4282133906344495,0.2849783194242227,0.3025898831331535,0.9389763758794486,0.9279104548807079,0.0009924085388072323,0.0010751270047323657,0.0007155028127453634,0.0007597206436188279
Smart_Final,24,36,specific_humidity@850hPa,0.3164948258442254,0.3293008156526559,0.23082594343649437,0.23514223113621846,0.9562888653915124,0.9528391466641021,0.0012887354807225985,0.001340880195037638,0.0009399003082047544,0.0009574758035142156
Smart_Final,24,37,specific_humidity@925hPa,0.22001889302865135,0.2182429993804751,0.159752223855997,0.15121078970704865,0.9777886761303509,0.9784524098168161,0.001112556951081079,0.0011035768831630843,0.000807809937049501,0.0007646189417784496
Smart_Final,24,38,specific_humidity@1000hPa,0.17159440500371909,0.19947923845026053,0.12650060006106406,0.14177302439909445,0.9863402361279034,0.9816024539850315,0.0010135013234350454,0.0011781996737408613,0.0007471602915028723,0.0008373649872145876
Smart_Final,24,39,u_component_of_wind@50hPa,0.2203182617388327,0.302512339331406,0.1678846564845871,0.22529769020399348,0.9780049562669683,0.9587809142291751,3.3036660275858702,4.536163847449516,2.517425615271384,3.378332410145657
Smart_Final,24,40,u_component_of_wind@100hPa,0.27387918150461193,0.34309925130872404,0.20882338975468806,0.25718924189408837,0.9698634128976978,0.952987574912292,3.6587632456516173,4.583477029741927,2.789680233537674,3.4358016745629727
Smart_Final,24,41,u_component_of_wind@150hPa,0.2666369609101909,0.30912939036620823,0.20172145237691866,0.2329815104510068,0.970163116995081,0.9618189872873049,4.252295430124438,4.9299597908971196,3.217030373785644,3.7155621731377892
Smart_Final,24,42,u_component_of_wind@200hPa,0.2543452169424066,0.27747040757830227,0.19224942692520886,0.21223378433422577,0.9712892939513967,0.9671119945563246,4.480689222000714,4.888075628050264,3.3867746338547886,3.738830366356637
Smart_Final,24,43,u_component_of_wind@250hPa,0.259430256583025,0.27249425216033274,0.19667918856427227,0.20814311155381243,0.9680276614361571,0.9666872508844078,4.643711917173482,4.8775529454441955,3.520489525132921,3.725689790918651
Smart_Final,24,44,u_component_of_wind@300hPa,0.2710993773686212,0.29282018051585584,0.20496262021155215,0.22365389982453718,0.9630495978863659,0.9582791192330353,4.617434224325079,4.987388540351117,3.490976005247857,3.809330722378137
Smart_Final,24,45,u_component_of_wind@400hPa,0.2764690742314288,0.2991650470346789,0.20916875361379142,0.22836266528102564,0.960408809654813,0.9551250515334292,3.9424261346470746,4.266068870415924,2.9827291466940933,3.2564327425590673
Smart_Final,24,46,u_component_of_wind@500hPa,0.27482618498316197,0.2941033148659047,0.20913349008765444,0.22587208292821742,0.9614241066071656,0.9581140095765994,3.2745616116565546,3.5042491229425825,2.4918313403028725,2.6912721179668844
Smart_Final,24,47,u_component_of_wind@600hPa,0.2817746631655239,0.3059320410913875,0.21521566159465866,0.23645136923092105,0.9601099357969243,0.9549481525100151,2.8922243450261513,3.140183309280715,2.209041685495755,2.427011694438158
Smart_Final,24,48,u_component_of_wind@700hPa,0.2968770763187773,0.3272085442033109,0.2267853341523435,0.25275429318548437,0.9564598790129315,0.9487861914982656,2.6942301935543425,2.9694954792189843,2.058130941525297,2.293805419110866
Smart_Final,24,49,u_component_of_wind@850hPa,0.31008205652959886,0.33761283871147846,0.23211024816240028,0.2561907807263645,0.9530284506575473,0.9458471565259456,2.495853629329618,2.7174491548703186,1.86825776428025,2.062082190961532
Smart_Final,24,50,u_component_of_wind@925hPa,0.30809793926660906,0.33448811268781165,0.22273908153829697,0.24687468900643317,0.9532175977444742,0.9464180218528238,2.3984779477225113,2.603919942087322,1.7339770907423824,1.9218677938097026
Smart_Final,24,51,u_component_of_wind@1000hPa,0.32293507878896816,0.3579708656173393,0.2374622898578802,0.26540783028982784,0.94870111726332,0.9373810983674188,1.9453280214460065,2.1563800314909876,1.430448640081678,1.59878971928471
Smart_Final,24,52,v_component_of_wind@50hPa,0.3619268440025449,0.3702141328245707,0.277884197814176,0.28409624685502755,0.8880552870454886,0.8854899924552573,2.63573147966551,2.6960836461268243,2.02369105564692,2.068930293991085
Smart_Final,24,53,v_component_of_wind@100hPa,0.44330429191222426,0.477875924161747,0.33759414460679005,0.36419333358567973,0.8875793069940341,0.8693250641300982,3.3539189267743663,3.615478426048226,2.554144878793569,2.7553870946891452
Smart_Final,24,54,v_component_of_wind@150hPa,0.409289400690946,0.45181783196665204,0.308988810604254,0.3420720764721565,0.9170210156019295,0.9007258073046451,3.9290359278685,4.337294085083749,2.9661851088241393,3.2837730028208645
Smart_Final,24,55,v_component_of_wind@200hPa,0.3625565076826773,0.3954333559371258,0.2728684168872585,0.299930626675179,0.9346792720774335,0.9245585646040146,4.298892814207424,4.688719062210515,3.2354461925829527,3.5563273381381872
Smart_Final,24,56,v_component_of_wind@250hPa,0.3441748404764094,0.3614747740720183,0.259161866695914,0.2719952315732781,0.9363270399849479,0.9336068598242169,4.592202920043447,4.823029819511322,3.457904988754718,3.6291359571475135
Smart_Final,24,57,v_component_of_wind@300hPa,0.3469500324717009,0.36881489179445603,0.25953296858167085,0.2763284389815511,0.9302013416884645,0.9230226555718056,4.61642439465265,4.907352381545678,3.4532762958362633,3.676752357482265
Smart_Final,24,58,v_component_of_wind@400hPa,0.34966798003588356,0.37270257588159134,0.2602808656807708,0.2775536054314974,0.926077254864279,0.9176023704210431,3.915133529355634,4.173045360146208,2.9142912765152404,3.107689220857024
Smart_Final,24,59,v_component_of_wind@500hPa,0.3552363312904482,0.37207237383360814,0.2672228793035107,0.28052828744962754,0.9238765808776724,0.9200171381398519,3.253492146211882,3.407687892681273,2.4474060373350666,2.5692658600765483
Smart_Final,24,60,v_component_of_wind@600hPa,0.3666048376525929,0.38857500318257754,0.2770366319166196,0.29551492430259224,0.9192637573398126,0.9121789703607763,2.849401323973423,3.020162348615927,2.1532409639215873,2.296861718717726
Smart_Final,24,61,v_component_of_wind@700hPa,0.38555519392158655,0.41255050394385506,0.2910917502809767,0.31372284094476316,0.9109972316314512,0.900533090310698,2.627631475992445,2.8116096196294853,1.9838452443957544,2.1380804135419407
Smart_Final,24,62,v_component_of_wind@850hPa,0.39928684735189307,0.4265392779106799,0.29464453370271526,0.31730843559665856,0.9048351218105972,0.8940114794702312,2.464080615649668,2.6322609372981316,1.8183115627370272,1.9581751230266342
Smart_Final,24,63,v_component_of_wind@925hPa,0.3848190698841624,0.4114644844962751,0.2748595190563231,0.2968748952143354,0.9153098825573234,0.9057352804302096,2.4470408841072375,2.616477429441685,1.7478148313080946,1.8878092576385088
Smart_Final,24,64,v_component_of_wind@1000hPa,0.37932538101944313,0.4205108564306402,0.27659367953235914,0.30952786419094824,0.9203225065378737,0.9023615272472078,1.9748962980562195,2.189321816938679,1.4400403113280864,1.6115068011086382
Smart_Final,24,65,2m_temperature,0.24260189603771032,0.12619256132578835,0.21850733708077255,0.08237223461417978,0.980121491810922,0.9887952549375775,5.1902131662719455,2.699757531608452,4.6747353197734975,1.7622675993673353
Smart_Final,24,66,10m_u_component_of_wind,0.31783208966095583,0.337636861292027,0.23162548777967729,0.24812934699896744,0.9494463251006791,0.9441209534448193,1.7265174560136136,1.8341003179864417,1.2582286836686671,1.347880407213002
Smart_Final,24,67,10m_v_component_of_wind,0.37434326461100353,0.3984092229026194,0.27287747605553453,0.2917469999451482,0.9204588221087927,0.9118437271068743,1.7483522924855281,1.8607511959014393,1.2744611779514816,1.3625904067662766
Smart_Final,24,68,mean_sea_level_pressure,0.1453912999519578,0.1727522727329245,0.10684271688353557,0.12710868746645457,0.9868371164592793,0.9818651066706932,192.38479587354882,228.5894048898794,141.37651001569088,168.19286102555637
Smart_Final,24,69,surface_pressure,0.07875892119998869,0.15010831439697667,0.0593623099243027,0.09174726532559378,0.9940670614900852,0.9781469092629225,756.0352678400149,1440.943800648093,569.8402140320046,880.7150600341668
Smart_Final,24,70,total_precipitation_6hr,0.9251768496359725,0.9925740707559229,0.3633885721843991,0.4211162159260621,0.6617875157375551,0.5924878525341463,0.0015432751300849263,0.0016556995383276232,0.0006061636241240978,0.0007024583271089592
Smart_Final,72,0,geopotential@50hPa,0.07891747542543805,0.0902717788509083,0.053111432436542115,0.06476381196907009,0.9949871907968474,0.9934084575380954,454.3749174382725,519.7484035797381,305.79415961975354,372.8838471680384
Smart_Final,72,1,geopotential@100hPa,0.0748733934213928,0.0813793087564394,0.055243791482481264,0.060874032205795056,0.9965467524242166,0.995922399335738,408.0789691628378,443.5378558073088,301.09266623416846,331.77890466318615
Smart_Final,72,2,geopotential@150hPa,0.07234633106263776,0.07579057406139977,0.05416752349480547,0.05657340840040154,0.9971310968972519,0.9968022968088317,419.63521318813827,439.61308080017454,314.1914744647401,328.14647892104955
Smart_Final,72,3,geopotential@200hPa,0.07684632110095463,0.08063309668792058,0.05614377697233019,0.058890773252376835,0.9968193779739014,0.9964745191158335,447.050733641454,469.0801650445926,326.6144232141969,342.59496927952773
Smart_Final,72,4,geopotential@250hPa,0.08411790400445845,0.08399263485862504,0.05930993020496222,0.0564114712307905,0.9962257416980879,0.9961945025180616,466.4705789265054,465.7759090536889,328.8995109904069,312.8262916671323
Smart_Final,72,5,geopotential@300hPa,0.095305589165351,0.0966198310044792,0.06737786633460131,0.06684293493570934,0.9950487027607884,0.9948425177670154,486.5726806304121,493.2824037421837,343.99062407994853,341.259590355008
Smart_Final,72,6,geopotential@400hPa,0.1030266948918099,0.10336144023673503,0.0719372148369316,0.07058350503015622,0.9940783584188109,0.9939868337729426,429.0141744768994,430.4080931969551,299.5542578874045,293.91726992977556
Smart_Final,72,7,geopotential@500hPa,0.10636110559739739,0.10271347811248843,0.07366575952024779,0.06736210733266816,0.9936428067067379,0.9940280363756129,357.78156766401014,345.5115403681787,247.7997110512751,226.5952417717469
Smart_Final,72,8,geopotential@600hPa,0.11739236653825508,0.11175652111727244,0.08202990013792762,0.07465872285379581,0.9922050381925317,0.9928950548236848,317.2610670247835,302.0298021872266,221.6915330968108,201.770413941984
Smart_Final,72,9,geopotential@700hPa,0.1345999765480398,0.12868899833261443,0.09419681161348525,0.08680703855524974,0.9897117398835211,0.9905649785497377,287.7059386460666,275.0712870535834,201.34462784636457,185.5490707994515
Smart_Final,72,10,geopotential@850hPa,0.1761418416974698,0.17872501451841635,0.11925520327545952,0.12028745433583651,0.9819275840255299,0.9814497244771171,258.12658095560323,261.91208371426393,174.76221297534,176.27492100925747
Smart_Final,72,11,geopotential@925hPa,0.2166988292039917,0.21963874780007733,0.146420314447678,0.14813319455978094,0.9721212989015202,0.9715265682369664,264.9062523701109,268.5001915170185,178.9933838914491,181.0873149166347
Smart_Final,72,12,geopotential@1000hPa,0.2632483648703278,0.2690480106275304,0.1775131062069339,0.18491254119639858,0.9573333309657245,0.9555936480753112,280.5638857658591,286.74501297847763,189.18927256218132,197.07541754717926
Smart_Final,72,13,temperature@50hPa,0.19636329505888916,0.2259253092917486,0.14545839201365993,0.1687594336254817,0.9599280274950501,0.9520786645284649,2.0283478001850574,2.3337106133937313,1.5025222076551683,1.743211883059846
Smart_Final,72,14,temperature@100hPa,0.1629806621771747,0.17199189834597525,0.12621718023542552,0.13368049285787414,0.9844974989341616,0.9830773190914205,2.0575542367414394,2.171316862581859,1.5934325738040414,1.6876533754410732
Smart_Final,72,15,temperature@150hPa,0.2191097417896697,0.22779114597452269,0.16260051010319726,0.16925409158751728,0.9645416747138739,0.9617738688091603,1.9536807436217454,2.031088045175559,1.4498191031129564,1.5091454103918336
Smart_Final,72,16,temperature@200hPa,0.31500545813894876,0.3251881204388185,0.2195769160679986,0.22831389153790743,0.909810992843401,0.9042065578793267,2.240127303997107,2.3125402043914023,1.5614975327806182,1.6236295837990498
Smart_Final,72,17,temperature@250hPa,0.2288675366368182,0.23136860468614048,0.15853384245866842,0.16056953569206217,0.9706973077734363,0.9702905817429183,1.9351241173058187,1.956271164983163,1.3404376439755046,1.3576498703652784
Smart_Final,72,18,temperature@300hPa,0.15890257752768372,0.1620679061897965,0.11576939838869525,0.11842094846103235,0.9871964918006795,0.9866920402174717,1.6974017529360508,1.7312138847762086,1.236651927360652,1.2649758754585176
Smart_Final,72,19,temperature@400hPa,0.13740818351140752,0.13974050007690134,0.09943922217962418,0.10123691318001381,0.9899813673980772,0.9896527060408817,1.7472095503354796,1.7768660454794192,1.264416396143053,1.2872748704916828
Smart_Final,72,20,temperature@500hPa,0.13299677784077404,0.13405750754001428,0.0938126590102734,0.09416578706972273,0.9900963012003098,0.9901087039331209,1.744459065841054,1.7583721820039455,1.2304985725737776,1.2351303862570973
Smart_Final,72,21,temperature@600hPa,0.12964760021668628,0.12976302234417872,0.09199629595776165,0.0916054295687325,0.9902143434507878,0.9902423289974125,1.749838673966003,1.751396498533374,1.2416633626595452,1.2363878892396343
Smart_Final,72,22,temperature@700hPa,0.12265074036704836,0.11942253292286852,0.08848066313864879,0.08412449863097964,0.990720014932528,0.9911302477605058,1.827506168135065,1.779405602584943,1.31836917871662,1.2534619913936558
Smart_Final,72,23,temperature@850hPa,0.13705705014142178,0.1348018589599327,0.10103031079329165,0.09603721500369809,0.9887074914516,0.9888099858123318,2.149659511896207,2.1142881625797347,1.5846012092737483,1.5062874197301865
Smart_Final,72,24,temperature@925hPa,0.13227958918166727,0.13730391945713635,0.09335673341241732,0.09499703990405964,0.9893326801834179,0.9884478682785485,2.1396300804295794,2.220898919851723,1.5100506180655184,1.5365826652513463
Smart_Final,72,25,temperature@1000hPa,0.1258014548362679,0.14154279684596416,0.08851732477466095,0.09896578630254188,0.9901563409527264,0.9875093162398909,2.1723761904687247,2.444202281257717,1.5285429632835363,1.7089700386828843
Smart_Final,72,26,specific_humidity@50hPa,0.1207361150488147,0.23721630528500473,0.08332511665968846,0.20958248220885586,0.8990202540795901,0.5982072092987012,1.2073611533099546e-07,2.3721630569049704e-07,8.332511643726075e-08,2.0958248096297058e-07
Smart_Final,72,27,specific_humidity@100hPa,0.3401237570330695,0.4311672935916843,0.23261308127988256,0.323554322570284,0.8620607316783152,0.7666360652877909,3.4012375710195717e-07,4.3116729193647993e-07,2.3261307916006187e-07,3.235543190972476e-07
Smart_Final,72,28,specific_humidity@150hPa,0.5555662425226676,0.574584363953011,0.3679281932963392,0.38436614059065066,0.8879372751971492,0.879606235877396,2.0551292480180878e-06,2.125480349003542e-06,1.3610257919821595e-06,1.4218324132906319e-06
Smart_Final,72,29,specific_humidity@200hPa,0.5692213880404006,0.5718629833714708,0.36953975155631474,0.3750855038126582,0.881528059448863,0.879655358771059,1.2601580267474307e-05,1.2660060594483411e-05,8.180973103614858e-06,8.303746402091587e-06
Smart_Final,72,30,specific_humidity@250hPa,0.6222381208343868,0.6293497968986027,0.3991418176513259,0.401776533751752,0.8574074002766575,0.8555015483581558,4.502813118510145e-05,4.554276594761064e-05,2.8883813756594347e-05,2.9074474243461206e-05
Smart_Final,72,31,specific_humidity@300hPa,0.6553724156696004,0.6658081518216385,0.430905819300541,0.43432323676317086,0.8452203019607618,0.8403421127669747,0.00010743606177806505,0.0001091468057493685,7.063895726265113e-05,7.11991787895358e-05
Smart_Final,72,32,specific_humidity@400hPa,0.6630398590538369,0.6704101913654534,0.44137930082524995,0.44568048010330935,0.8523269440684396,0.8472596124716044,0.0003290215986260087,0.0003326789899177712,0.00021902653483380887,0.00022116091921928557
Smart_Final,72,33,specific_humidity@500hPa,0.6036028069367931,0.6098320479429916,0.4154882876519179,0.4126071404507639,0.8695184456105304,0.8671767977556756,0.0006381515875121318,0.0006447373744163621,0.00043926984530637253,0.00043622378646877846
Smart_Final,72,34,specific_humidity@600hPa,0.541575983529401,0.5443056334437635,0.38777677840432806,0.38128215664317994,0.8862899201724413,0.8857349788016121,0.0009419700744860858,0.0009467177870598486,0.0006744651426375428,0.0006631689623127647
Smart_Final,72,35,specific_humidity@700hPa,0.5012597904214053,0.49835571756846875,0.3643517258971118,0.3565718069103999,0.8996227276741616,0.9009414745495858,0.0012585265790689309,0.0012512352498835631,0.000914787769922844,0.0008952545331281443
Smart_Final,72,36,specific_humidity@850hPa,0.3681527546136023,0.36358441020048904,0.2680135779016735,0.2604649407611661,0.9404139568042842,0.9421723376181966,0.0014990814312751176,0.001480479582645311,0.001091324659983559,0.0010605873483421208
Smart_Final,72,37,specific_humidity@925hPa,0.23832574473539447,0.23563934993947408,0.17052618508809278,0.1644618734460193,0.9739081964006838,0.9748410099309321,0.0012051281645761973,0.0011915440199899477,0.0008622900070622352,0.0008316249360675376
Smart_Final,72,38,specific_humidity@1000hPa,0.19941370318152662,0.21197717572021801,0.14660726761685552,0.15110157256935594,0.9818700268653903,0.9792268258496515,0.0011778126039324794,0.0012520172061505905,0.000865917860555863,0.000892462918094568
Smart_Final,72,39,u_component_of_wind@50hPa,0.2717850686002729,0.31668651006601445,0.20542101800329834,0.23760291068337008,0.9658987458983576,0.9538396692235787,4.075409340781606,4.74870511922454,3.080282259729438,3.5628488156995557
Smart_Final,72,40,u_component_of_wind@100hPa,0.35013867601934345,0.37139707519133086,0.26794111349079885,0.2829822324814079,0.9503108317938049,0.9442593172633081,4.677516947156923,4.9615088154091085,3.5794363767528323,3.7803712844098243
Smart_Final,72,41,u_component_of_wind@150hPa,0.35154820114512464,0.366642203280884,0.27014569139106875,0.2814692641469923,0.9473603384987174,0.943983639414913,5.606450064354123,5.847167455286037,4.308252242983324,4.488839273387295
Smart_Final,72,42,u_component_of_wind@200hPa,0.3659987705331623,0.37694310718489193,0.2782365970323811,0.287902455406007,0.9394227779663401,0.9367352483480323,6.447641337394764,6.64044299952791,4.901573275331015,5.071852530870867
Smart_Final,72,43,u_component_of_wind@250hPa,0.39773670596963456,0.40354995638029445,0.29633496951241406,0.301748728232047,0.9230377018357274,0.9224317069174797,7.119349617011977,7.2234047656527105,5.304293541263031,5.401197971399669
Smart_Final,72,44,u_component_of_wind@300hPa,0.41682934502579333,0.4244631793583268,0.3077641122193369,0.31508682105702485,0.9100785654946034,0.9080836976656457,7.099544488284639,7.2295658838957095,5.241917475690171,5.366639644830257
Smart_Final,72,45,u_component_of_wind@400hPa,0.41975296994179984,0.42652037669498827,0.30841474494031973,0.31504281773508414,0.9058485879162912,0.9043489899636006,5.985642689929151,6.082145359979809,4.397968795948023,4.492484513047929
Smart_Final,72,46,u_component_of_wind@500hPa,0.41267410443103936,0.4174941576687358,0.30610716883177924,0.3107588758223024,0.9104521495625876,0.9101640581403657,4.917023388441032,4.9744544646727515,3.6472753660420976,3.7027005889720095
Smart_Final,72,47,u_component_of_wind@600hPa,0.41504606502249736,0.41919528690092045,0.31092652375846064,0.3148579828944912,0.9111280662558933,0.9108150906757997,4.260164196098504,4.302753149155792,3.191448252495856,3.2318019857553715
Smart_Final,72,48,u_component_of_wind@700hPa,0.4303874832729923,0.43389760827813445,0.32311101188978936,0.32608576630163866,0.9059948553298302,0.905781879352091,3.9058689180323354,3.937724145462767,2.9323094310487607,2.959306033663409
Smart_Final,72,49,u_component_of_wind@850hPa,0.4550789492258941,0.46040986994895666,0.33080448939888235,0.33584626457297845,0.8957099096730763,0.8946115977790247,3.6629351236228866,3.7058437396251396,2.6626487000431935,2.703230007010399
Smart_Final,72,50,u_component_of_wind@925hPa,0.4669335054086584,0.4728292456151839,0.32678999019810046,0.3327591840313369,0.8887488822096056,0.8871607588933639,3.634979553466497,3.6808766795431285,2.543991647278275,2.59046059396844
Smart_Final,72,51,u_component_of_wind@1000hPa,0.4765833864570654,0.4840057468062679,0.3390573095097609,0.3453444929064427,0.8844298261773962,0.8810436809938177,2.8708897742801556,2.9156013126886537,2.0424466955157285,2.0803200342544046
Smart_Final,72,52,v_component_of_wind@50hPa,0.4215702581670035,0.4214286278869345,0.31489265594789434,0.3133169501168374,0.8445029922889288,0.8474520795011333,3.070084515891204,3.0690530914491396,2.2932050857807695,2.2817300295742986
Smart_Final,72,53,v_component_of_wind@100hPa,0.5382231567434784,0.5452437287077542,0.4141029661806709,0.42060088931313155,0.8290384446216819,0.8251403517530419,4.072049085846623,4.125164795710552,3.1329897132922078,3.182151229439245
Smart_Final,72,54,v_component_of_wind@150hPa,0.5564046707365958,0.5680153320269807,0.42567446449972934,0.4349096516072011,0.8402801965777275,0.8347948797696138,5.341291384205401,5.452749659860514,4.086326845105834,4.174981410904807
Smart_Final,72,55,v_component_of_wind@200hPa,0.5531876258308659,0.564747274037816,0.4136484198947517,0.42269074213992996,0.8401609085837832,0.8350054144180025,6.5592376856750745,6.696302323619352,4.90469809236863,5.011914437505525
Smart_Final,72,56,v_component_of_wind@250hPa,0.552685497536367,0.5613708473121746,0.40226760576679094,0.4079139948399809,0.825799648847843,0.8232323434615488,7.3742867341911165,7.490172307650401,5.367314102110162,5.442651915326694
Smart_Final,72,57,v_component_of_wind@300hPa,0.5555202825620477,0.5633376058646192,0.3987295396558054,0.4049046677096604,0.8090195672142934,0.8054517141924379,7.391604387269881,7.495619635338965,5.30538869176415,5.387553312524635
Smart_Final,72,58,v_component_of_wind@400hPa,0.5534017363599303,0.5617337712637778,0.3932066109560808,0.39959869423070776,0.8021761617326928,0.7978545978574785,6.196282768838564,6.289574234826979,4.402623163281127,4.474193598126918
Smart_Final,72,59,v_component_of_wind@500hPa,0.5503924968898568,0.5561779178339751,0.39504429862880514,0.3985055275448217,0.8053511720543812,0.8032744059580884,5.040862968223862,5.093849718709562,3.618080179805919,3.6497804183125218
Smart_Final,72,60,v_component_of_wind@600hPa,0.5566563662230608,0.5611121844717688,0.4053849786565624,0.40733501387559956,0.8018606089807295,0.80083276223287,4.326558818998101,4.361191215771359,3.1508162992714364,3.1659727626543512
Smart_Final,72,61,v_component_of_wind@700hPa,0.5723119277067353,0.5760549732027522,0.4178885729441753,0.4190152723270892,0.790847422056468,0.7903037063314335,3.900413874860764,3.9259234651189847,2.847989561969271,2.8556682048706667
Smart_Final,72,62,v_component_of_wind@850hPa,0.5937160978249679,0.5992646919869573,0.42071567188849385,0.42380324178296125,0.7741473971416755,0.7720330661496818,3.6639432187879186,3.6981847332855087,2.5963222756949773,2.6153762853003104
Smart_Final,72,63,v_component_of_wind@925hPa,0.5875375649558999,0.594878123936084,0.40285177803707967,0.407970279803018,0.7886279534787245,0.7850187264647047,3.7361153644973255,3.782793518242495,2.561709742445153,2.594257990673199
Smart_Final,72,64,v_component_of_wind@1000hPa,0.5667719006094931,0.5802744295993558,0.3971347907240733,0.410078864750878,0.8113944272941677,0.8020650135348151,2.9508063236964084,3.0211050519375906,2.067618122399689,2.1350093515062816
Smart_Final,72,65,2m_temperature,0.34416347040386747,0.13058370163785396,0.31986002983620193,0.08527091404804849,0.9659004614025442,0.9880024882364252,7.363016555082388,2.793701352735375,6.843069914210268,1.8242818039462747
Smart_Final,72,66,10m_u_component_of_wind,0.4736685241620781,0.47351205472081626,0.3346205349056367,0.3326789401427146,0.8838327627593688,0.8845911580301465,2.5730472379127267,2.57219726074677,1.8177151208742415,1.8071680372226755
Smart_Final,72,67,10m_v_component_of_wind,0.5634910330818635,0.5683777604063457,0.3963723925167336,0.3977134574816942,0.8087246550047594,0.8066307477728839,2.631757893182044,2.6545811107601223,1.851238286670251,1.857501633186177
Smart_Final,72,68,mean_sea_level_pressure,0.2658984724495114,0.27544843069165836,0.17860519429230182,0.18725371835880644,0.9552081528337628,0.9522383475725724,351.842395679294,364.47909895823057,236.3341148399544,247.77802192012234
Smart_Final,72,69,surface_pressure,0.08567713497835827,0.1544481993749261,0.06509687139188985,0.09599890766943854,0.9930806693999772,0.9768634652177296,822.4456931747452,1482.60391800711,624.8883294493749,921.5281060383934
Smart_Final,72,70,total_precipitation_6hr,1.0651167682863225,1.0760056354580496,0.42156890078665843,0.4581731308422951,0.5042907891850886,0.4875865529857792,0.0017767070387635718,0.0017948706137363751,0.0007032134482215244,0.0007642724743424194
