model,lead_hours,corruption,severity,n_examples,localization_iou,type_accuracy,repair_l1_norm,repaired_nrmse,repaired_nmae,repaired_acc,repaired_rmse_phys_mixed,repaired_mae_phys_mixed,corrupted_input_nrmse,corrupted_input_nmae,corrupted_input_acc,corrupted_input_rmse_phys_mixed,corrupted_input_mae_phys_mixed,repaired_phys_moisture,repaired_phys_hydrostatic,repaired_phys_advection,repaired_phys_spectral,corrupted_input_phys_moisture,corrupted_input_phys_hydrostatic,corrupted_input_phys_advection,corrupted_input_phys_spectral,era5_target_phys_moisture,era5_target_phys_hydrostatic,era5_target_phys_advection,era5_target_phys_spectral,physics_improvement_moisture_pct,physics_improvement_hydrostatic_pct,physics_improvement_advection_pct,physics_improvement_spectral_pct,nrmse_improvement_pct,router_moisture,router_hydrostatic,router_advection,router_spectral
OLD_Full,6,moisture,0.25,64,0.07838588580489159,0.0,0.1261526644229889,0.21522071565609036,0.13367355204261067,0.9775643188400375,122.32370906119633,38.45144046308733,0.31513562302202436,0.19206710811155045,0.9472266670207335,200.2761560687303,48.4881162587093,0.00020174802921246737,0.00016520362987648696,3.7538098096847534,1.8435147404670715,0.0005648552323691547,0.00018187028035754338,3.0742626190185547,1.9832374453544617,1.5170947790466016e-05,6.411178037524223e-05,4.56413197517395,0.0008358538616448641,64.28323264949111,9.164031884863778,-22.104396236751604,7.04518287584156,31.705367488381693,2.1080543888274406e-07,0.9999997615814209,4.1647395371247585e-14,1.9162836248365345e-11
OLD_Full,6,moisture,0.5,64,0.09633289650082588,0.0,0.1262504607439041,0.215342533313062,0.13376328407550903,0.9775377135043435,122.32663479611057,38.42919454803119,0.3157233149561046,0.19227560097639607,0.9477945137949726,200.27615606874184,48.488117636184434,0.00019898762548109517,0.00016524922102689743,3.7468576431274414,1.8432922959327698,0.0006938399747014046,0.00018187028035754338,3.0742626190185547,1.9832374453544617,1.5170947790466016e-05,6.411178037524223e-05,4.56413197517395,0.0008358538616448641,71.32081852638574,9.138963935157623,-21.878255291137418,7.056399108916565,31.793908428016685,2.094659450335712e-07,0.9999997615814209,4.268375373474038e-14,1.953549041283642e-11
OLD_Full,6,moisture,1.0,64,0.035839689895510674,0.0,0.12816447764635086,0.21713122076388794,0.13504654151933201,0.9770213904923595,123.86039622289836,38.8729993957065,0.3200451921517894,0.19491579203466994,0.9431388876526928,200.27615606877316,48.488121267208534,0.00023557958047604188,0.0001654026345931925,3.7072373628616333,1.8440195322036743,0.0011940253316424787,0.00018187028035754338,3.0742626190185547,1.9832374453544617,1.5170947790466016e-05,6.411178037524223e-05,4.56413197517395,0.0008358538616448641,80.27013546253805,9.05461064445314,-20.58948184606145,7.0197299610740815,32.15607480180235,2.057930714727263e-07,0.9999997615814209,3.665836961785386e-14,1.711827814915301e-11
OLD_Full,6,moisture,2.0,64,0.15765878185629845,0.0,0.1319836527109146,0.22934764674945998,0.1415018205085546,0.9731933810794116,133.89801595855582,40.05128448190009,0.3348170422993229,0.19994683581757794,0.9384539227176697,200.2761560689364,48.4881312638188,0.0006058313156245276,0.0001675855164648965,3.563022017478943,1.843095064163208,0.003953401930630207,0.00018187028035754338,3.0742626190185547,1.9832374453544617,1.5170947790466016e-05,6.411178037524223e-05,4.56413197517395,0.0008358538616448641,84.67569636847037,7.85436953446385,-15.898427006096915,7.066344048692877,31.500605472637325,1.8111392563469053e-07,0.9999997913837433,3.358671051375455e-14,1.5899538630126386e-11
OLD_Full,6,hydrostatic,0.25,64,0.20869508385658264,0.0,0.12663571536540985,0.2179401902824056,0.13604951282668806,0.9768490414937092,127.94952076049624,40.31609577835795,0.3153683582138453,0.192823970422641,0.9472260739913496,203.5554754887315,50.44288897927181,0.00025679262762423605,0.00016707328177290037,3.721426844596863,1.8470087051391602,0.0005323977675288916,0.00018304301192983985,3.0742626190185547,1.9883896112442017,1.5170947790466016e-05,6.411178037524223e-05,4.56413197517395,0.0008358538616448641,51.76677227327015,8.72457789487241,-21.05103908738,7.110322107173692,30.89345059321883,1.803250739840223e-07,0.9999997913837433,4.1079556341869564e-14,1.86487414052805e-11
OLD_Full,6,hydrostatic,0.5,64,0.3519669324159622,0.0,0.1282617598772049,0.22530930800089533,0.1413873106383503,0.9747675485858247,145.09401100406376,43.8583754171931,0.3167015119909142,0.19418226735561248,0.9467875107795892,210.6915282027068,53.4547222500848,0.00040771992644295096,0.0001775533237378113,3.6368625164031982,1.8606776595115662,0.0005323977675288916,0.00018845579324988648,3.0742626190185547,2.0041619539260864,1.5170947790466016e-05,6.411178037524223e-05,4.56413197517395,0.0008358538616448641,23.418175035674754,5.785160182164765,-18.30032001508873,7.159316348333991,28.857520576864438,1.424711228992237e-07,0.9999998807907104,3.5011554609274895e-14,1.5867538186165042e-11
OLD_Full,6,hydrostatic,1.0,64,0.4123517572879791,0.0,0.13355392962694168,0.2544926380492973,0.15716331957240756,0.9671278316002346,183.30144542955847,51.897243198407274,0.32266500034181766,0.19746550863809567,0.9450407807029875,237.31252899844208,60.665372675313485,0.0006798289832659066,0.00020176720863673836,3.3605849742889404,1.9339715242385864,0.0005323977675288916,0.00021262508380459622,3.0742626190185547,2.07881760597229,1.5170947790466016e-05,6.411178037524223e-05,4.56413197517395,0.0008358538616448641,-27.691929742927478,5.106582428363114,-9.313529478551606,6.967714787366216,21.127907340523905,3.858707131598749e-08,1.0,7.543933773295711e-15,3.665983207105927e-12
OLD_Full,6,hydrostatic,2.0,64,0.36312542855739594,0.0,0.27241021394729614,0.8261550980251651,0.32977158652435185,0.807912753608951,1236.9856450316638,159.82758703426683,0.3467123447783233,0.20466266403166727,0.9400204982881739,325.8969074206188,77.01349356130605,0.0047294944524765015,0.001272750028874725,6.67517614364624,2.8918055295944214,0.0005323977675288916,0.0003080935275647789,3.0742626190185547,2.342448592185974,1.5170947790466016e-05,6.411178037524223e-05,4.56413197517395,0.0008358538616448641,-788.3385207320289,-313.10508498336435,-117.13096670242382,-23.452251598648196,-138.28257357071666,3.029572259727331e-09,1.0,3.8519393700139724e-16,1.9674320224198627e-13
OLD_Full,6,advection,0.25,64,0.07837815582752228,0.0,0.12669140100479126,0.2162139603008285,0.1343400691375242,0.9773444643489303,122.98898202958483,38.55256144378929,0.31678206529306663,0.19288405059128888,0.9468914730161623,200.27621797262412,48.492542260438405,0.0002098365657730028,0.00016921448695939034,4.474564790725708,1.88466477394104,0.0005511462513823062,0.00018564853962743655,3.168278455734253,1.9923210740089417,1.5170947790466016e-05,6.411178037524223e-05,4.56413197517395,0.0008358538616448641,61.9272443118826,8.852239129392784,-41.23016184474611,5.403561778889181,31.746779887680475,2.0924302646108117e-07,0.9999997615814209,4.066451527991264e-14,1.88369432899127e-11
OLD_Full,6,advection,0.5,64,0.08600020408630371,0.0,0.1265084594488144,0.21621635800154898,0.1343503420235024,0.977348500725728,122.88337639937424,38.565282917499935,0.31682089994033524,0.19285150607838178,0.9468861357352891,200.27621273353878,48.49232628937908,0.0002066812157863751,0.00016770803631516173,3.8187289237976074,1.8542343378067017,0.0005448362499009818,0.00018435886886436492,3.0581706762313843,1.9852407574653625,1.5170947790466016e-05,6.411178037524223e-05,4.56413197517395,0.0008358538616448641,62.065443365059274,9.03175022268845,-24.869712258946482,6.599019245702073,31.754389296202508,2.0966154323787123e-07,0.9999997615814209,4.059393202441794e-14,1.8815671243288534e-11
OLD_Full,6,advection,1.0,64,0.08217909932136536,0.0,0.12655087560415268,0.21648360181182763,0.1345138463383996,0.9772857216108279,123.05864844629444,38.5972127404871,0.31733240782569905,0.19309060059741787,0.9467456060179924,200.27622658185058,48.49290465000567,0.0002048703536274843,0.00016724195302231237,3.701024651527405,1.8454664945602417,0.0005453657358884811,0.00018399798136670142,3.044245958328247,1.9821636080741882,1.5170947790466016e-05,6.411178037524223e-05,4.56413197517395,0.0008358538616448641,62.434318816579065,9.106637051085297,-21.574429339468644,6.896358754500463,31.78017861612942,2.0969189051811554e-07,0.9999997615814209,4.108414726044368e-14,1.8989023027604635e-11
OLD_Full,6,advection,2.0,64,0.08129498362541199,0.0,0.12800051271915436,0.22094360400448598,0.13680223049755466,0.9763045806658177,125.51349237011071,38.95635322489831,0.3233981078118281,0.1957479924377815,0.9450925718272144,200.27646946730832,48.50541924904736,0.0002392869646428153,0.00018039110000245273,13.606081008911133,1.9603461027145386,0.0006144245562609285,0.00019288992189103737,3.2048280239105225,1.9896714687347412,1.5170947790466016e-05,6.411178037524223e-05,4.56413197517395,0.0008358538616448641,61.05511047621655,6.479769272572556,-324.54948931422,1.4738798078484299,31.680613254223534,2.0594708871612966e-07,0.9999997615814209,3.838844627108203e-14,1.8040740776270603e-11
OLD_Full,6,spectral,0.25,64,0.07124322652816772,0.0,0.12601879239082336,0.21513226666687232,0.1336126620017351,0.9775831808000949,122.27038199993405,38.438021134511324,0.31482462241794806,0.19187201389156314,0.9474051316408055,200.27615582319544,48.488115958848105,0.00020025666890433058,0.00016518762276973575,3.7544302940368652,1.8434830904006958,0.0005323977384250611,0.00018187028035754338,3.0742627382278442,1.9832373261451721,1.5170947790466016e-05,6.411178037524223e-05,4.56413197517395,0.0008358538616448641,62.38589038775224,9.172833271610275,-22.124574693999737,7.046773167390778,31.665997082886456,2.106795733425315e-07,0.9999997615814209,4.1611357507473704e-14,1.9133296509654674e-11
OLD_Full,6,spectral,0.5,64,0.07972584664821625,0.0,0.12601880729198456,0.21513232029760151,0.1336126906745505,0.9775831671533056,122.27044566284816,38.43802691952289,0.31482462248078125,0.19187201475901544,0.947405133363587,200.27615582322352,48.48811620342278,0.00020025628327857703,0.0001651875936659053,3.7543888092041016,1.8434820771217346,0.0005323977675288916,0.00018187028035754338,3.074262857437134,1.9832375645637512,1.5170947790466016e-05,6.411178037524223e-05,4.56413197517395,0.0008358538616448641,62.38596487583698,9.172849274131632,-22.12322053469287,7.0468354340977974,31.665980061411982,2.106806817891993e-07,0.9999997615814209,4.1611357507473704e-14,1.9135783235757486e-11
OLD_Full,6,spectral,1.0,64,0.07524493336677551,0.0,0.12601877748966217,0.21513235354265312,0.1336127023382673,0.9775831505562823,122.27045845680419,38.438027106333635,0.31482462254012367,0.1918720148996834,0.9474051284859688,200.2761563142625,48.488115813304056,0.00020025761477882043,0.00016518782649654895,3.75444495677948,1.8434820771217346,0.000532397796632722,0.00018187028035754338,3.0742627382278442,1.9832375645637512,1.5170947790466016e-05,6.411178037524223e-05,4.56413197517395,0.0008358538616448641,62.38571683703466,9.172721253960773,-22.1250516455118,7.0468354340977974,31.665969514428625,2.1067788935624776e-07,0.9999997615814209,4.1611357507473704e-14,1.9134861230230005e-11
OLD_Full,6,spectral,2.0,64,0.07517575472593307,0.0,0.12601877748966217,0.21513224281604176,0.1336126621189584,0.9775831776369013,122.2704220869373,38.438015416997764,0.3148246216907123,0.19187201443079024,0.9474051302014891,200.27616064108946,48.48811677959935,0.0002002590845222585,0.00016518778284080327,3.754402279853821,1.8434829711914062,0.0005323975929059088,0.00018187028035754338,3.0742629766464233,1.9832376837730408,1.5170947790466016e-05,6.411178037524223e-05,4.56413197517395,0.0008358538616448641,62.385426382337066,9.17274525774281,-22.12365397410898,7.046795940048701,31.666004500947064,2.1067733513291387e-07,0.9999997615814209,4.1611357507473704e-14,1.9133296509654674e-11
OLD_Full,6,range_extreme,0.25,64,0.07657650858163834,1.0,0.1261344775557518,0.21599986455139542,0.1343774458052186,0.9773520274407353,129.12308055943294,39.3210583242592,0.315503413375804,0.19253467149189216,0.947156149431978,205.45865047322113,49.340589422221434,0.00020337595196906477,0.0002166239864891395,3.80903422832489,2.4829423427581787,0.0005348522972781211,0.00023375731689156964,3.1073782444000244,2.619942307472229,1.5170947790466016e-05,6.411178037524223e-05,4.56413197517395,0.0008358538616448641,61.97530551816812,7.329537586358245,-22.580321053265987,5.229121432304764,31.53802608971695,2.1024046503725913e-07,0.9999997615814209,4.146523754780876e-14,1.9098800665973137e-11
OLD_Full,6,range_extreme,0.5,64,0.09605944901704788,1.0,0.12646297365427017,0.21875561709016356,0.13587392349450286,0.9766127928807508,148.5686289207612,40.6128440452937,0.31764852488148376,0.19365187815596496,0.9463718980344888,220.85395356102808,50.40729175365871,0.00021376820950536057,0.0003784640139201656,4.119577884674072,3.620732307434082,0.0005402263486757874,0.00039705711242277175,3.2859489917755127,3.759206771850586,1.5170947790466016e-05,6.411178037524223e-05,4.56413197517395,0.0008358538616448641,60.42988091392561,4.682726469538445,-25.36950193034253,3.683608612684414,31.132808763465103,2.0865176253437312e-07,0.9999997615814209,4.110420330656877e-14,1.8939280699292738e-11
OLD_Full,6,range_extreme,1.0,64,0.13636820018291473,1.0,0.12753421068191528,0.23180620825632217,0.14065805898245792,0.9729542168993042,219.71603439396745,44.15451081242281,0.3273862204988135,0.19644347743424767,0.9427859257564069,282.26758773687766,52.99148838816984,0.0002626549976412207,0.0010598586522974074,5.1637632846832275,6.113127708435059,0.0005569261847995222,0.001084442250430584,3.942047357559204,6.2911365032196045,1.5170947790466016e-05,6.411178037524223e-05,4.56413197517395,0.0008358538616448641,52.83845421350244,2.2669347421142536,-30.99191400583459,2.8295172850477277,29.19487939866966,2.0100033992775934e-07,0.9999997615814209,3.9172637843979535e-14,1.8206827538669312e-11
OLD_Full,6,range_extreme,2.0,64,0.15825839340686798,1.0,0.13402556627988815,0.2800750082488286,0.1531748065558853,0.9578333708145832,381.24803396129147,51.66121304286287,0.3534490867082226,0.19977850355620935,0.9329821995921095,408.0432329718112,55.84136630426345,0.0004815409192815423,0.0031130689894780517,10.654257774353027,10.327917098999023,0.0005921685078646988,0.003137697000056505,6.795465707778931,10.241841793060303,1.5170947790466016e-05,6.411178037524223e-05,4.56413197517395,0.0008358538616448641,18.68177505454801,0.784907229028489,-56.784806700692286,-0.8404279979900086,20.759447744722962,1.7365401561164617e-07,0.9999997913837433,3.206380202579878e-14,1.5298077041259184e-11
OLD_Full,24,moisture,0.25,64,0.0011727873934432864,0.0,0.08441490307450294,0.30055831687728957,0.17730628353340855,0.9550411375899815,129.2075121497358,40.289083837920714,0.3304190912036795,0.20095370226711934,0.9408082002874312,206.1973352812271,50.46616539389749,0.00032279928564094007,0.00016784348554210737,21.4689359664917,2.06221342086792,0.0004969390574842691,0.00018689280841499567,15.221463680267334,2.0532866716384888,1.9070460893999552e-05,5.423848779173568e-05,26.56687641143799,0.002622316940687597,35.042480404921996,10.19264627378773,-41.04383400607793,-0.4347541603777983,9.037242435844282,1.6492895582587153e-07,0.9999998211860657,3.097621722723842e-16,6.141029525175146e-13
OLD_Full,24,moisture,0.5,64,0.0017557903192937374,0.0,0.08436346054077148,0.3007805021153146,0.17743915375843244,0.9549934421657058,129.26685508416668,40.28795773200557,0.33092813364897594,0.2011186380541547,0.9413977829271821,206.19733528123595,50.46616651518545,0.00035964473499916494,0.00016794159455457702,21.42948818206787,2.062013864517212,0.0006209311541169882,0.00018689280841499567,15.221463680267334,2.0532866716384888,1.9070460893999552e-05,5.423848779173568e-05,26.56687641143799,0.002622316940687597,42.07977283558797,10.14015147032167,-40.78467506280911,-0.42503528607425234,9.110023738761274,1.6446107053980086e-07,0.9999998211860657,3.203384638798178e-16,6.287731565881444e-13
OLD_Full,24,moisture,1.0,64,0.0019068639958277345,0.0,0.08561750873923302,0.3018580646417845,0.17827133212356652,0.9545044263240833,130.18047687307327,40.519411581185146,0.3335624989092529,0.20281768921925625,0.9385878825576398,206.19733528125897,50.46616903614965,0.00048120319843292236,0.0001680061614024453,21.41196060180664,2.061502456665039,0.0009225065005011857,0.00018689280841499567,15.221463680267334,2.0532866716384888,1.9070460893999552e-05,5.423848779173568e-05,26.56687641143799,0.002622316940687597,47.83741922994678,10.10560394095666,-40.66952463687502,-0.400128493504233,9.504795764254576,1.643943647877677e-07,0.9999998211860657,3.110342437055927e-16,6.155538318647347e-13
OLD_Full,24,moisture,2.0,64,0.01586486678570509,0.0,0.09014702588319778,0.30703197955480593,0.18165710249391057,0.9525445872097728,135.06172875164066,41.1905045347221,0.3453688135001988,0.20751719610722516,0.9364829046813853,206.19733528140134,50.46617842642877,0.0011324657243676484,0.00016967963165370747,20.754719734191895,2.0576624870300293,0.0030091466614976525,0.00018689280841499567,15.221463680267334,2.0532866716384888,1.9070460893999552e-05,5.423848779173568e-05,26.56687641143799,0.002622316940687597,62.365884692239625,9.210186794917394,-36.35166873667816,-0.21311273540039585,11.100259330557888,1.5766748617807025e-07,0.9999998509883881,3.889182614611356e-16,7.456212838992393e-13
OLD_Full,24,hydrostatic,0.25,64,0.012278723064810038,0.0,0.08504755049943924,0.3015479703450206,0.17865366972162175,0.9545508938284881,132.99662581430962,41.77822164897186,0.33067218233518353,0.20164067413355358,0.9408012658985263,208.35884742791376,51.957203009851625,0.000328596870531328,0.00016957403568085283,21.317687034606934,2.065775990486145,0.0004793835832970217,0.00018777199875330552,15.221463680267334,2.0576032400131226,1.9070460893999552e-05,5.423848779173568e-05,26.56687641143799,0.002622316940687597,31.454292140886185,9.69152120298892,-40.05017836913127,-0.39719758960771945,8.807578485885866,1.4250364444023944e-07,0.9999998807907104,3.216096485754097e-16,6.178888509785624e-13
OLD_Full,24,hydrostatic,0.5,64,0.19185882806777954,0.0,0.08665351569652557,0.3050136436810914,0.18200992730142,0.9529317848074824,150.14655905335715,45.75887002748264,0.3321165718218822,0.20321430182344438,0.9403169625709334,215.85664673814958,55.31271914787429,0.0003524016501614824,0.0001806617365218699,20.90669345855713,2.079367995262146,0.0004793835832970217,0.00019372753013158217,15.221463680267334,2.0743404626846313,1.9070460893999552e-05,5.423848779173568e-05,26.56687641143799,0.002622316940687597,26.488586084280332,6.744417585274443,-37.35008602135918,-0.2423677630531281,8.1606671995056,1.0887766066502991e-07,0.9999998807907104,2.9999469125046e-16,5.541295232999038e-13
OLD_Full,24,hydrostatic,1.0,64,0.9181388020515442,0.0,0.09076151996850967,0.31475013094463017,0.18885096799255918,0.9494466831788498,182.9466758126957,52.38983403427102,0.33678332604156164,0.2057456165750078,0.9388381236250674,236.70418641012344,60.9403607959711,0.000345271808328107,0.0002040881008724682,19.397119522094727,2.138486862182617,0.0004793835832970217,0.00021370185277191922,15.221463680267334,2.1409741640090942,1.9070460893999552e-05,5.423848779173568e-05,26.56687641143799,0.002622316940687597,27.975879784314653,4.498675034751163,-27.432682753371427,0.11617617196367463,6.5422464217282545,3.901284983953701e-08,1.0,9.733388938413909e-17,1.7575308884024837e-13
OLD_Full,24,hydrostatic,2.0,64,0.9165996313095093,0.0,0.20436428487300873,0.6946898673078046,0.30615563431822423,0.8320474948677434,977.51570241416,128.37352503022933,0.35884403286499905,0.21295982788613424,0.9339649859326224,319.64341766432943,77.04916145727698,0.00210066104773432,0.0008833845786284655,27.739057540893555,2.8385173082351685,0.0004793835832970217,0.0003111400583293289,15.221463680267334,2.4005542993545532,1.9070460893999552e-05,5.423848779173568e-05,26.56687641143799,0.002622316940687597,-338.2004559452696,-183.91862602707346,-82.23646637119181,-18.244245047836333,-93.59103222684891,2.4038820933824923e-09,1.0,3.593060926091115e-18,5.1904690347338725e-15
OLD_Full,24,advection,0.25,64,0.0012540579482447356,0.0,0.08447285741567612,0.30191701979493735,0.17809412711457395,0.9546786548530616,129.54189146972888,40.35065962290075,0.3318098627398315,0.2017279289102261,0.9404910822485768,206.19739264641242,50.470689895958,0.00032206278410740197,0.0001699270142125897,20.890884399414062,2.0635021924972534,0.0004974238690920174,0.0001890293278847821,14.867772102355957,2.0527052879333496,1.9070460893999552e-05,5.423848779173568e-05,26.56687641143799,0.002622316940687597,35.25385408318147,10.105476163908127,-40.51119599891956,-0.5259841550256862,9.00902785048701,1.6688502313400022e-07,0.9999998211860657,3.036744803060185e-16,6.076438451799865e-13
OLD_Full,24,advection,0.5,64,0.00369961722753942,0.0,0.08449503034353256,0.3016649897397594,0.17795197341498195,0.9547379014727311,129.55139886467316,40.35412136699964,0.33151217223104673,0.20157150934791737,0.9405633140260797,206.1973849701803,50.4697599943955,0.00032259679574053735,0.00016979109932435676,20.857145309448242,2.0643208026885986,0.0005004040722269565,0.0001888545011752285,14.911780834197998,2.0532153844833374,1.9070460893999552e-05,5.423848779173568e-05,26.56687641143799,0.002622316940687597,35.53273971075425,10.094226895436174,-39.8702511883451,-0.5408793587456853,9.003344369052424,1.657049608638772e-07,0.9999998211860657,3.081560786903818e-16,6.131859343200263e-13
OLD_Full,24,advection,1.0,64,0.0027635558508336544,0.0,0.0845659114420414,0.302963201690752,0.17858984523026633,0.9543993344631646,129.78798801354705,40.4038866549369,0.33295776181392256,0.2022776949546821,0.9401715709843946,206.1974225719604,50.47232625031598,0.00032293076219502836,0.00017024492990458384,20.74585247039795,2.0631452798843384,0.0004890304699074477,0.00018934631225420162,14.791568279266357,2.052212953567505,1.9070460893999552e-05,5.423848779173568e-05,26.56687641143799,0.002622316940687597,33.96510400340797,10.088066739833701,-40.254583413429074,-0.532709156612089,9.00851806540355,1.660141535353432e-07,0.9999998211860657,3.0596375889954067e-16,6.100437266887832e-13
OLD_Full,24,advection,2.0,64,0.010274918749928474,0.0,0.08513060212135315,0.30829469442142216,0.1809106828784481,0.9529239534399786,130.60650845594245,40.591821759999085,0.3388262505778715,0.20472261199589495,0.9384876772032226,206.19760442174453,50.48234570414045,0.0003511913528200239,0.00017607839981792495,26.963804244995117,2.076570153236389,0.0005484887806233019,0.00019498681649565697,14.568193435668945,2.0509992837905884,1.9070460893999552e-05,5.423848779173568e-05,26.56687641143799,0.002622316940687597,35.971096360270025,9.697279548206366,-85.08680821725366,-1.2467517491542734,9.01097719092824,1.6530209734355594e-07,0.9999998211860657,3.015450130068416e-16,6.049174561869458e-13
OLD_Full,24,spectral,0.25,64,0.0017808743577916175,0.0,0.08433374762535095,0.3004719270240099,0.17723775754433865,0.9550738060842052,129.1508982450316,40.27478678560248,0.3302273442486847,0.2008315611845414,0.9409520256711599,206.19733563898924,50.466165347762434,0.00031425905763171613,0.0001678364133113064,21.46635627746582,2.0622822046279907,0.000479383539641276,0.00018689280841499567,15.221463680267334,2.0532866716384888,1.9070460893999552e-05,5.423848779173568e-05,26.56687641143799,0.002622316940687597,34.44517142435115,10.196430384509252,-41.02688629933917,-0.43810409494957014,9.01058550810586,1.6533465441170847e-07,0.9999998211860657,3.0983967578705795e-16,6.152992069845264e-13
OLD_Full,24,spectral,0.5,64,0.0018405937007628381,0.0,0.08433377742767334,0.30047194876403516,0.17723774849470111,0.9550738019962333,129.15080250044983,40.27477739271594,0.3302273433568037,0.20083156083287154,0.9409520217819479,206.19733575818879,50.46616554207111,0.0003142592468066141,0.00016783647879492491,21.466267585754395,2.0622808933258057,0.00047938365605659783,0.00018689280841499567,15.221464157104492,2.0532866716384888,1.9070460893999552e-05,5.423848779173568e-05,26.56687641143799,0.002622316940687597,34.44514788182276,10.196395346447016,-41.02629920614563,-0.43804023137887776,9.010578679009772,1.6540801084374834e-07,0.9999998211860657,3.1004542538390193e-16,6.155494137408818e-13
OLD_Full,24,spectral,1.0,64,0.0018796565127559006,0.0,0.08433376252651215,0.30047192808711565,0.17723777529194393,0.9550738029232808,129.15104971582562,40.27482506152012,0.3302273448299604,0.20083156113765208,0.9409520229847546,206.1973349234991,50.46616490737772,0.00031425838824361563,0.00016783649334684014,21.466293334960938,2.062281370162964,0.00047938361240085214,0.00018689280841499567,15.22146463394165,2.0532866716384888,1.9070460893999552e-05,5.423848779173568e-05,26.56687641143799,0.002622316940687597,34.445321009255046,10.196387560210963,-41.02646395205773,-0.43806345449549317,9.010585346336574,1.6532970903426758e-07,0.9999998211860657,3.0983967578705795e-16,6.152992069845264e-13
OLD_Full,24,spectral,2.0,64,0.0021085706539452076,0.0,0.08433373644948006,0.300471915833358,0.17723776807098962,0.9550738070996873,129.15081635219605,40.27478300332291,0.33022734337233395,0.20083156144243264,0.9409520232144051,206.19733596690034,50.466164854862015,0.00031425824272446334,0.00016783650789875537,21.465930938720703,2.0622811317443848,0.00047938356874510646,0.00018689280841499567,15.221464157104492,2.053286910057068,1.9070460893999552e-05,5.423848779173568e-05,26.56687641143799,0.002622316940687597,34.4453453948986,10.196379773974911,-41.02408754614882,-0.4380401805155868,9.01058865541199,1.653862824468888e-07,0.9999998211860657,3.1000971765121925e-16,6.155328525526971e-13
OLD_Full,24,range_extreme,0.25,64,0.002007523726206273,1.0,0.08449802547693253,0.3011088946817519,0.17793322010426818,0.9548264486026631,135.74190407773312,41.18781785384599,0.33089563409594636,0.20150757122031,0.9406874511157766,211.31973749973167,51.348399486488226,0.00031736859818920493,0.0002181055024266243,21.827879905700684,2.6519112586975098,0.0004811879334738478,0.00023753550340188667,15.518477439880371,2.660247325897217,1.9070460893999552e-05,5.423848779173568e-05,26.56687641143799,0.002622316940687597,34.044772091847626,8.179830255685495,-40.657355016066255,0.3133568491379102,9.001853256715231,1.6504220923252433e-07,0.9999998211860657,3.0925330399443135e-16,6.144531498192274e-13
OLD_Full,24,range_extreme,0.5,64,0.003524841507896781,1.0,0.08493568003177643,0.3030601686875471,0.17917945345286942,0.9540634756503509,154.1845462549431,42.477507886843235,0.3329197319083641,0.20260799870755797,0.9398839830294187,226.18645779308693,52.411963677186414,0.00032639887649565935,0.00037818410783074796,24.146594047546387,3.694027304649353,0.00048701619380153716,0.0003988442331319675,17.20563316345215,3.741502523422241,1.9070460893999552e-05,5.423848779173568e-05,26.56687641143799,0.002622316940687597,32.979871994016406,5.179998501917316,-40.341211614566355,1.2688811106149946,8.968997736978784,1.63491669979976e-07,0.9999998211860657,3.06932539598073e-16,6.092265635113808e-13
OLD_Full,24,range_extreme,1.0,64,0.021388085559010506,1.0,0.0860944539308548,0.3104418706798607,0.18216502118560476,0.9511117250650659,208.13052080059578,45.03737538456766,0.3404063690187038,0.20475283098639563,0.9369050326540439,273.13969228159385,54.251685203622664,0.00035471722367219627,0.0008968045876827091,33.90023612976074,5.747312068939209,0.0004968838475178927,0.0009209897834807634,24.382234573364258,5.881204605102539,1.9070460893999552e-05,5.423848779173568e-05,26.56687641143799,0.002622316940687597,28.61164124289169,2.62600044341963,-39.03662532553181,2.2766175495265846,8.802566892394635,1.596398320202752e-07,0.9999998509883881,2.9955081951631916e-16,5.968816207350264e-13
OLD_Full,24,range_extreme,2.0,64,0.12033367902040482,1.0,0.0923786573112011,0.3441369133613642,0.1918392553992726,0.9370641855038528,376.59733262996616,52.69420533031938,0.36830220957628496,0.20904796792554872,0.9256917261067361,414.24726310976484,58.117040001649336,0.0004815595457330346,0.00327546673361212,83.83195304870605,10.324798107147217,0.0005468571907840669,0.0033066358882933855,53.75748062133789,10.399911403656006,1.9070460893999552e-05,5.423848779173568e-05,26.56687641143799,0.002622316940687597,11.940529657735791,0.9426243388821476,-55.944720771439464,0.7222493884167474,6.561268324380088,1.3052088121412453e-07,0.9999998807907104,2.3663825468728386e-16,4.817221654126319e-13
OLD_Full,72,moisture,0.25,64,1.9054878066526726e-05,0.0,0.06170063838362694,0.4039531242629636,0.24069114180813192,0.9142480340442981,190.0415759661823,59.248383759927734,0.4141864324485819,0.2511668031323877,0.9043295372095351,246.21959644790599,66.49399744154734,0.00033970220829360187,0.00016726661851862445,99.0352668762207,2.2393966913223267,0.0004807703517144546,0.00018331935280002654,81.25336074829102,2.1794869899749756,8.717740638530813e-05,5.628034705296159e-05,105.02366256713867,0.005987295648083091,29.34210541848008,8.75670464476992,-21.884517716153287,-2.748798300834957,2.4707009655340855,9.372490339387696e-08,0.9999998807907104,6.698930979554703e-19,6.65472832614704e-15
OLD_Full,72,moisture,0.5,64,2.7557318844628753e-06,0.0,0.06157911941409111,0.40431698713980485,0.24101132729254177,0.9140672412877707,190.17156939034064,59.3034434315588,0.4146513631473635,0.25141906867210834,0.9044428820448164,246.21959644791488,66.4939988286645,0.0005117501423228532,0.00016729462367948145,98.88278198242188,2.239078402519226,0.0007188275922089815,0.00018331935280002654,81.25336074829102,2.1794869899749756,8.717740638530813e-05,5.628034705296159e-05,105.02366256713867,0.005987295648083091,28.807665722704424,8.741427937521483,-21.696851763145876,-2.7341944603640282,2.492304843547785,9.331049000138592e-08,0.9999998807907104,6.756279411423004e-19,6.6850415177469036e-15
OLD_Full,72,moisture,1.0,64,1.9132652596454136e-05,0.0,0.062227990478277206,0.40522116142705317,0.24182113474262504,0.9133924825259419,190.63206847509858,59.444336197855854,0.4163781946673361,0.2526314513356331,0.9028602472796496,246.219596447936,66.4940012177501,0.0007519933278672397,0.00016746990877436474,98.75703048706055,2.238328456878662,0.0010255544038955122,0.00018331935280002654,81.25336074829102,2.1794869899749756,8.717740638530813e-05,5.628034705296159e-05,105.02366256713867,0.005987295648083091,26.674457736144056,8.645810594231763,-21.542087093471615,-2.699785186804998,2.679543113249918,9.195408168238828e-08,0.9999998807907104,6.743735217433638e-19,6.666433050928674e-15
OLD_Full,72,moisture,2.0,64,0.00016721306019462645,0.0,0.06490952521562576,0.4101675533599381,0.24496628057217956,0.9097230846330083,192.7086040735839,59.99748221899914,0.42399838644026255,0.25628291078878174,0.8980953996619471,246.21959644801865,66.49400745108268,0.0017129736952483654,0.00016814315313240513,97.67169952392578,2.232781410217285,0.0022773146629333496,0.00018331935280002654,81.25336074829102,2.1794869899749756,8.717740638530813e-05,5.628034705296159e-05,105.02366256713867,0.005987295648083091,24.78098336037899,8.278558393219031,-20.206350388996174,-2.4452736119760683,3.262001347798311,8.761802661183538e-08,0.9999998807907104,6.991160448284734e-19,6.8564191528660244e-15
OLD_Full,72,hydrostatic,0.25,64,0.00019168622020515613,0.0,0.061811501160264015,0.4043104470714931,0.24146084222577915,0.9139801359242189,192.39916603337318,60.54116581121727,0.41413525124084694,0.251391038826445,0.9049736049545793,248.08025993192592,67.73896115771457,0.00034074881114065647,0.0001682856454863213,99.15332412719727,2.242468476295471,0.0005094367661513388,0.0001842271740315482,81.25336074829102,2.182239532470703,8.717740638530813e-05,5.628034705296159e-05,105.02366256713867,0.005987295648083091,33.11263854885772,8.65319062132331,-22.029812938270048,-2.759960257734752,2.372366066379618,8.016192865056837e-08,0.9999999105930328,6.712673292962564e-19,6.43956988732495e-15
OLD_Full,72,hydrostatic,0.5,64,0.0031399354338645935,0.0,0.06305278837680817,0.40627546014826904,0.24399764727053816,0.9127972725787734,203.59676739312087,64.60379885860984,0.41535320438438045,0.25303565463982775,0.9044544057276372,254.33440396756757,71.09742097834786,0.000345057575032115,0.00017627362831262872,99.50045776367188,2.253570318222046,0.0005094367661513388,0.0001891540305223316,81.25336074829102,2.1950241327285767,8.717740638530813e-05,5.628034705296159e-05,105.02366256713867,0.005987295648083091,32.26684881051392,6.809478060887639,-22.457036665729113,-2.667222861950589,2.1855481407844364,6.295004695289208e-08,1.0,6.461868770815248e-19,5.976172137925752e-15
OLD_Full,72,hydrostatic,1.0,64,0.7791585624217987,0.0,0.06844941154122353,0.4136677171793012,0.25066425155566174,0.9089086181065231,238.31134982592965,73.26699060019065,0.4200037297928432,0.2564366372399086,0.9026903473452553,277.3688503718371,78.56952494484545,0.0004143168043810874,0.00020465636771405116,95.92263412475586,2.3141099214553833,0.0005094367661513388,0.00021169362298678607,81.25336074829102,2.26769757270813,8.717740638530813e-05,5.628034705296159e-05,105.02366256713867,0.005987295648083091,18.671593432263982,3.3242641764292427,-18.05374355149166,-2.046672770912166,1.5085610350810656,2.1233403479925528e-08,1.0,2.603776513974546e-19,2.2099294999354405e-15
OLD_Full,72,hydrostatic,2.0,64,0.9647357165813446,0.0,0.19068388640880585,0.7180287202581712,0.3561621147965036,0.7966287300289082,931.4721882112486,140.84036840903255,0.43609715418014505,0.26213627621695007,0.8979826855012784,344.22775544807604,91.28007411841531,0.002055872930213809,0.000838894338812679,273.93641662597656,2.8975510597229004,0.0005094367661513388,0.0003109825338469818,81.25336074829102,2.5226818323135376,8.717740638530813e-05,5.628034705296159e-05,105.02366256713867,0.005987295648083091,-303.5580207030187,-169.75609479902653,-237.1385676890149,-14.859948750079683,-64.64879749285512,1.2798509196887409e-09,1.0,4.235266518260937e-21,2.861275724181863e-17
OLD_Full,72,advection,0.25,64,2.9723538318648934e-05,0.0,0.061449192464351654,0.404704405001728,0.2411539070284388,0.9139791740638558,190.18494196855318,59.286289902959396,0.4146591462338012,0.2513486238550952,0.9047872739274084,246.21963674023507,66.49714405928063,0.0003569812834030017,0.00016881737246876583,96.9600944519043,2.239310383796692,0.0005295275477692485,0.00018492097296984866,79.60643768310547,2.178520917892456,8.717740638530813e-05,5.628034705296159e-05,105.02366256713867,0.005987295648083091,32.584945786699095,8.708368900756609,-21.799313314181525,-2.7904008359508783,2.4007046082278642,9.483257912279441e-08,0.9999998807907104,6.780183380162138e-19,6.738716513306751e-15
OLD_Full,72,advection,0.5,64,0.0006689134006592212,0.0,0.06152654439210892,0.40468536330194055,0.24114871340393154,0.913986564449535,190.21833126389194,59.29970450735995,0.4146224383316809,0.2513462690268677,0.9047883509182194,246.21963677384034,66.49692892278836,0.00036468727921601385,0.00016961072833510116,118.94114303588867,2.247545003890991,0.0005487354646902531,0.00018529738736106083,87.82354354858398,2.181657910346985,8.717740638530813e-05,5.628034705296159e-05,105.02366256713867,0.005987295648083091,33.54042108033416,8.465666596471468,-35.43195620442078,-3.0200469666450704,2.3966563579444022,9.351138530178105e-08,0.9999998807907104,6.812675034623221e-19,6.739726388338115e-15
OLD_Full,72,advection,1.0,64,0.00033922332659130916,0.0,0.06156505271792412,0.40536482321889433,0.24150828736548835,0.9137403438837218,190.2822431491471,59.316903747520115,0.4152035959787429,0.25164610166540263,0.9045957350751808,246.21965428288465,66.49836565898538,0.00034806967596523464,0.0001702403387753293,105.68110656738281,2.2471764087677,0.0005155927792657167,0.0001862698482000269,82.65629959106445,2.181728482246399,8.717740638530813e-05,5.628034705296159e-05,105.02366256713867,0.005987295648083091,32.4913594676521,8.60553094319604,-27.856082464653973,-2.9998199617357217,2.3696260955197226,9.48261629218905e-08,0.9999998807907104,6.749193575500722e-19,6.713970657510953e-15
OLD_Full,72,advection,2.0,64,0.000325710054312367,0.0,0.061882851645350456,0.40878165074698947,0.24344888559518343,0.9124241501980274,190.6230378485152,59.40327899760436,0.4185739090550683,0.25354974975604616,0.9033216933194058,246.2197930805781,66.50756868580467,0.0004197344824206084,0.00017462875985074788,93.29476928710938,2.2362308502197266,0.000611456751357764,0.00019085797248408198,77.06879425048828,2.1757439374923706,8.717740638530813e-05,5.628034705296159e-05,105.02366256713867,0.005987295648083091,31.35500074394938,8.503293010035332,-21.0538846421855,-2.780056590531948,2.3394335137096545,9.571265735530687e-08,0.9999998807907104,6.739981109922354e-19,6.738377700127849e-15
OLD_Full,72,spectral,0.25,64,3.9358468711725436e-05,0.0,0.06136389449238777,0.4037936472898493,0.2405599121698633,0.9143382886517484,189.9897982099226,59.23938426128395,0.41385111410757935,0.25079811747526387,0.9051038864690761,246.21959564927283,66.49399688808438,0.00033912422077264637,0.00016725375462556258,99.03776168823242,2.2394107580184937,0.0005094368243589997,0.00018331935280002654,81.25335693359375,2.1794869899749756,8.717740638530813e-05,5.628034705296159e-05,105.02366256713867,0.005987295648083091,33.431545471933575,8.763721848826881,-21.887593849412774,-2.7494437140093275,2.4302137833838615,9.380309506923368e-08,0.9999998807907104,6.787212605911249e-19,6.712727001386147e-15
OLD_Full,72,spectral,0.5,64,6.814733751525637e-06,0.0,0.06136391684412956,0.40379361226455857,0.24055989636816458,0.9143383033995508,189.98986342536094,59.23937864806683,0.41385111444393863,0.25079811850682876,0.9051038829075131,246.2195960485049,66.493996696776,0.0003391248028492555,0.00016725377645343542,99.0370979309082,2.2394107580184937,0.0005094368825666606,0.00018331935280002654,81.25336074829102,2.1794869899749756,8.717740638530813e-05,5.628034705296159e-05,105.02366256713867,0.005987295648083091,33.431438819139586,8.763709941806422,-21.88677122871035,-2.7494437140093275,2.4302223259428914,9.380309506923368e-08,0.9999998807907104,6.787212605911249e-19,6.712727001386147e-15
OLD_Full,72,spectral,1.0,64,0.0,0.0,0.06136392802000046,0.4037936615075327,0.2405599180544722,0.9143382849336216,189.9898661463617,59.239400254673434,0.41385111513790085,0.25079811742837455,0.9051038829363068,246.2195992435558,66.49399728420495,0.0003391251084394753,0.0001672538710408844,99.03804016113281,2.2394105195999146,0.0005094367370475084,0.00018331935280002654,81.25336074829102,2.1794867515563965,8.717740638530813e-05,5.628034705296159e-05,105.02366256713867,0.005987295648083091,33.431359818118175,8.763658344717769,-21.887930848713673,-2.7494440147766817,2.430210590834547,9.380309506923368e-08,0.9999998807907104,6.787212605911249e-19,6.712727001386147e-15
OLD_Full,72,spectral,2.0,64,4.5019621666142484e-05,0.0,0.061363883316516876,0.4037936660471758,0.24055990764504454,0.9143382904623865,189.98976574000966,59.23935604441178,0.4138511146068073,0.2507981179207124,0.9051038830676352,246.21959604864506,66.49399525483618,0.00033912627259269357,0.00016725382738513872,99.0359992980957,2.2394105195999146,0.0005094369407743216,0.00018331935280002654,81.25336074829102,2.1794867515563965,8.717740638530813e-05,5.628034705296159e-05,105.02366256713867,0.005987295648083091,33.431157921677865,8.763682158758686,-21.885419121176113,-2.7494440147766817,2.4302093686969726,9.380309506923368e-08,0.9999998807907104,6.787212605911249e-19,6.712727001386147e-15
OLD_Full,72,range_extreme,0.25,64,5.2123074055998586e-05,1.0,0.06151772476732731,0.40422582246361205,0.24111509934577705,0.9140986898904391,194.31796021668993,60.04747643950475,0.4143209376100426,0.25136129637204024,0.9048578109886045,250.31645847360292,67.29777976010914,0.0003412143560126424,0.00021704508253606036,101.9898452758789,2.7833921909332275,0.00051119300769642,0.00023339616018347442,83.60853576660156,2.7394062280654907,8.717740638530813e-05,5.628034705296159e-05,105.02366256713867,0.005987295648083091,33.2513647731117,7.005718360816372,-21.98496761214658,-1.605675069914649,2.43654477243243,9.355361285656727e-08,0.9999998807907104,6.774676425234067e-19,6.700939902650393e-15
OLD_Full,72,range_extreme,0.5,64,7.813187039573677e-06,1.0,0.06195008009672165,0.4055725171352382,0.24214288661145117,0.9133461946166628,207.52964528318273,61.24271991367159,0.4157993974685628,0.25234630360961213,0.9040754314254066,262.74551750031776,68.33847480509488,0.00034827852505259216,0.0003706173156388104,108.4286117553711,3.7682284116744995,0.0005156770057510585,0.000387867126846686,89.78504180908203,3.7655609846115112,8.717740638530813e-05,5.628034705296159e-05,105.02366256713867,0.005987295648083091,32.46188579897189,4.447350655394423,-20.764672567544775,-0.07083744158942301,2.4595707438700316,9.310287296671049e-08,0.9999998807907104,6.774251202700426e-19,6.6951260802586765e-15
OLD_Full,72,range_extreme,1.0,64,0.0002753896187641658,1.0,0.06337352842092514,0.4110341852940982,0.24471259597426656,0.910272849355454,254.15471425153922,63.893886216333534,0.4216602760760369,0.25453119619568465,0.9009911332227084,307.67896932134096,70.43611107483122,0.0003819599951384589,0.0010181436082348228,190.7930145263672,5.991243124008179,0.0005372090672608465,0.001038955699186772,157.47100830078125,6.084736108779907,8.717740638530813e-05,5.628034705296159e-05,105.02366256713867,0.005987295648083091,28.899190572858494,2.0031740495037207,-21.16072449471997,1.536516672215641,2.520059722206921,8.963633391090298e-08,0.9999998807907104,6.55066014722428e-19,6.4906804906369846e-15
OLD_Full,72,range_extreme,2.0,64,0.027803492732346058,1.0,0.06832056120038033,0.4315109067544917,0.25096923179684255,0.8986185756295675,383.1019788710859,69.32799692428182,0.4408240137123509,0.25805925014901987,0.8910907734084501,424.6516329457648,73.57555945012692,0.00049329295870848,0.003183943103067577,427.3868408203125,9.95237112045288,0.0005847315187565982,0.0032094197813421488,337.7085876464844,10.050355911254883,8.717740638530813e-05,5.628034705296159e-05,105.02366256713867,0.005987295648083091,15.637699887045198,0.7938094736836759,-26.554922336681567,0.9749385162795455,2.1126587182558163,7.59776170866644e-08,0.9999999403953552,5.606933663771652e-19,5.583078334906897e-15
No_Pretrain,6,moisture,0.25,64,0.09251042455434799,0.0,0.13966993242502213,0.19569304609482732,0.12115216604931821,0.981489974594258,101.27031084109767,33.68010762541022,0.31513562302202436,0.19206710811155045,0.9472266670207335,200.2761560687303,48.4881162587093,0.00030156441789586097,0.00014570086204912513,3.6552231311798096,1.610780954360962,0.0005648552323691547,0.00018187028035754338,3.0742626190185547,1.9832374453544617,1.5170947790466016e-05,6.411178037524223e-05,4.56413197517395,0.0008358538616448641,46.61208737838565,19.887481471580664,-18.897556395059187,18.780226838997134,37.90195972825623,8.123891603872835e-08,0.9999998807907104,2.5925842148024486e-13,4.102809021341858e-12
No_Pretrain,6,moisture,0.5,64,0.09264726936817169,0.0,0.13971371948719025,0.1958192388431764,0.1211660025700333,0.9814589959827654,101.40449293027169,33.718437756717925,0.3157233149561046,0.19227560097639607,0.9477945137949726,200.27615606874184,48.488117636184434,0.00023440768563887104,0.0001457716934964992,3.6850945949554443,1.6114299297332764,0.0006938399747014046,0.00018187028035754338,3.0742626190185547,1.9832374453544617,1.5170947790466016e-05,6.411178037524223e-05,4.56413197517395,0.0008358538616448641,66.21588634472252,19.848535335227417,-19.86921911479037,18.74750380959717,37.97758050576614,8.099148729456829e-08,0.9999998807907104,2.57802785195993e-13,4.049081165843904e-12
No_Pretrain,6,moisture,1.0,64,0.0930524654686451,0.0,0.14131513237953186,0.1969879330864369,0.12214946465232575,0.9811346802616816,101.7746047253771,33.81345768372175,0.3200451921517894,0.19491579203466994,0.9431388876526928,200.27615606877316,48.488121267208534,0.0005346106772776693,0.00014573612133972347,3.5860202312469482,1.610145926475525,0.0011940253316424787,0.00018187028035754338,3.0742626190185547,1.9832374453544617,1.5170947790466016e-05,6.411178037524223e-05,4.56413197517395,0.0008358538616448641,55.22618632032966,19.868094416956335,-16.646515787638535,18.812246599763778,38.44996334361103,8.117129368656606e-08,0.9999998807907104,2.599477978790926e-13,4.1841751417803774e-12
No_Pretrain,6,moisture,2.0,64,0.09025987610220909,0.0,0.1439204439520836,0.20222584153536358,0.12493297874762109,0.9788534853036589,104.72107732998937,34.42034625074044,0.3348170422993229,0.19994683581757794,0.9384539227176697,200.2761560689364,48.4881312638188,0.0007826122455298901,0.0001465181412640959,3.6066277027130127,1.6124619245529175,0.003953401930630207,0.00018187028035754338,3.0742626190185547,1.9832374453544617,1.5170947790466016e-05,6.411178037524223e-05,4.56413197517395,0.0008358538616448641,80.20408095958169,19.438106668086625,-17.316838203771066,18.695467941574485,39.60109074896617,8.039956611582966e-08,0.9999998807907104,2.57133100619103e-13,4.103179601644413e-12
No_Pretrain,6,hydrostatic,0.25,64,0.09161564707756042,0.0,0.13960883766412735,0.1965545777743644,0.12224371620551176,0.9813073228137265,107.4898951960304,35.88295964094443,0.3153683582138453,0.192823970422641,0.9472260739913496,203.5554754887315,50.44288897927181,0.0003030259977094829,0.0001481287690694444,3.6766257286071777,1.6151593923568726,0.0005323977675288916,0.00018304301192983985,3.0742626190185547,1.9883896112442017,1.5170947790466016e-05,6.411178037524223e-05,4.56413197517395,0.0008358538616448641,43.082782049224384,19.07433804344197,-19.593742768173946,18.770477213154745,37.67460410816343,8.341898904973277e-08,0.9999998807907104,2.663125931801416e-13,4.229664795490917e-12
No_Pretrain,6,hydrostatic,0.5,64,0.08605405315756798,0.0,0.139889195561409,0.19865710090364583,0.12386138142456653,0.9808590246030945,119.3221750046188,38.79846268616823,0.3167015119909142,0.19418226735561248,0.9467875107795892,210.6915282027068,53.4547222500848,0.0003042090538656339,0.00015756757784401998,3.682449221611023,1.6279700994491577,0.0005323977675288916,0.00018845579324988648,3.0742626190185547,2.0041619539260864,1.5170947790466016e-05,6.411178037524223e-05,4.56413197517395,0.0008358538616448641,42.86056921733327,16.39016496824255,-19.783170078899417,18.770531679836623,37.273080998317084,8.51949302216326e-08,0.9999998807907104,2.718820313199824e-13,4.335645341010941e-12
No_Pretrain,6,hydrostatic,1.0,64,0.08814014121890068,0.0,0.14088548719882965,0.20777765412836435,0.128365496251627,0.9790297175443169,158.7553303370774,45.80385764428891,0.32266500034181766,0.19746550863809567,0.9450407807029875,237.31252899844208,60.665372675313485,0.00030525522015523165,0.00019641080143628642,3.682955026626587,1.6862037181854248,0.0005323977675288916,0.00021262508380459622,3.0742626190185547,2.07881760597229,1.5170947790466016e-05,6.411178037524223e-05,4.56413197517395,0.0008358538616448641,42.6640683389668,7.6257617766353585,-19.799622967876267,18.886403822005086,35.60576638053291,8.929632855370073e-08,0.9999998807907104,2.851066008714015e-13,4.579233043103259e-12
No_Pretrain,6,hydrostatic,2.0,64,0.08752089366316795,0.0,0.14555907994508743,0.2545487449719866,0.14368699766587248,0.9701694751430772,319.1716264862787,68.87868858213406,0.3467123447783233,0.20466266403166727,0.9400204982881739,325.8969074206188,77.01349356130605,0.00029447591805364937,0.0002922926505561918,3.6137194633483887,1.9420453310012817,0.0005323977675288916,0.0003080935275647789,3.0742626190185547,2.342448592185974,1.5170947790466016e-05,6.411178037524223e-05,4.56413197517395,0.0008358538616448641,44.6887391319369,5.128597518253567,-17.547519883062343,17.093363863795016,26.58215122546708,9.784896448650215e-08,0.9999998807907104,3.14452037000236e-13,5.138067488835718e-12
No_Pretrain,6,advection,0.25,64,0.09204491972923279,0.0,0.14022715389728546,0.19619661985366435,0.12157184613275808,0.9813982160279873,101.9093441141104,33.82361646082294,0.31678206529306663,0.19288405059128888,0.9468914730161623,200.27621797262412,48.492542260438405,0.00030892828362993896,0.0001519242796348408,4.361405611038208,1.6381723284721375,0.0005511462513823062,0.00018564853962743655,3.168278455734253,1.9923210740089417,1.5170947790466016e-05,6.411178037524223e-05,4.56413197517395,0.0008358538616448641,43.948038682086796,18.165647874351357,-37.65853197481805,17.775686366865923,38.065742556430486,8.127167916427425e-08,0.9999998807907104,2.590908309294329e-13,4.100139065071895e-12
No_Pretrain,6,advection,0.5,64,0.09227965399622917,0.0,0.14007774740457535,0.1962148874990503,0.1215730260437278,0.9813965938044111,101.90550771667333,33.83447822277563,0.31682089994033524,0.19285150607838178,0.9468861357352891,200.27621273353878,48.49232628937908,0.0003098304441664368,0.00014878041110932827,3.820571541786194,1.6211189031600952,0.0005448362499009818,0.00018435886886436492,3.0581706762313843,1.9852407574653625,1.5170947790466016e-05,6.411178037524223e-05,4.56413197517395,0.0008358538616448641,43.13329110852202,19.298479088202782,-24.929964553002783,18.3414456375637,38.06756828984384,8.127332051799385e-08,0.9999998807907104,2.58949207020652e-13,4.101715278190254e-12
No_Pretrain,6,advection,1.0,64,0.08414988592267036,0.0,0.14014646410942078,0.19637872011781396,0.12168045098550871,0.9813647572223693,102.09667095665304,33.87161349006443,0.31733240782569905,0.19309060059741787,0.9467456060179924,200.27622658185058,48.49290465000567,0.00030481244903057814,0.00014772117719985545,3.6069036722183228,1.613378882408142,0.0005453657358884811,0.00018399798136670142,3.044245958328247,1.9821636080741882,1.5170947790466016e-05,6.411178037524223e-05,4.56413197517395,0.0008358538616448641,44.108617580458414,19.715870738031413,-18.482662754328175,18.605160752817298,38.11576905637739,8.106466609092422e-08,0.9999998807907104,2.578369917745349e-13,4.0821452121364565e-12
No_Pretrain,6,advection,2.0,64,0.08456429839134216,0.0,0.14149878919124603,0.19876780473380215,0.12311231201192585,0.9808988504681107,103.82314871308199,34.2411159533167,0.3233981078118281,0.1957479924377815,0.9450925718272144,200.27646946730832,48.50541924904736,0.0003637928166426718,0.00015821377746760845,4.007570147514343,1.6422417759895325,0.0006144245562609285,0.00019288992189103737,3.2048280239105225,1.9896714687347412,1.5170947790466016e-05,6.411178037524223e-05,4.56413197517395,0.0008358538616448641,40.791296028835895,17.977167538601275,-25.047900156100017,17.461661294572615,38.53773416341172,8.145215701915731e-08,0.9999998807907104,2.607167547174008e-13,4.1264327024781444e-12
No_Pretrain,6,spectral,0.25,64,0.08955333009362221,1.0,0.13956398516893387,0.19562714708480777,0.12111797527604883,0.9815049894220867,101.22568709419711,33.669682758670575,0.31482462241794806,0.19187201389156314,0.9474051316408055,200.27615582319544,48.488115958848105,0.0003010386717505753,0.00014568240294465795,3.6540638208389282,1.6107057332992554,0.0005323977384250611,0.00018187028035754338,3.0742627382278442,1.9832373261451721,1.5170947790466016e-05,6.411178037524223e-05,4.56413197517395,0.0008358538616448641,43.45605737524208,19.89763107075151,-18.859841593933176,18.78401479917727,37.861547936647305,8.130648865289913e-08,0.9999998807907104,2.594865105122815e-13,4.105251295155599e-12
No_Pretrain,6,spectral,0.5,64,0.09250197559595108,1.0,0.13956397771835327,0.19562716405297212,0.12111797849968915,0.9815049884881144,101.22565449049384,33.66967021706505,0.31482462248078125,0.19187201475901544,0.947405133363587,200.27615582322352,48.48811620342278,0.00030103819153737277,0.0001456822283216752,3.6540346145629883,1.6107046604156494,0.0005323977675288916,0.00018187028035754338,3.074262857437134,1.9832375645637512,1.5170947790466016e-05,6.411178037524223e-05,4.56413197517395,0.0008358538616448641,43.45615066444914,19.89772708587965,-18.85888695962656,18.784078660291367,37.86154255932941,8.13071139305066e-08,0.9999998807907104,2.594865105122815e-13,4.105251295155599e-12
No_Pretrain,6,spectral,1.0,64,0.08989014476537704,1.0,0.1395639404654503,0.19562715904388553,0.12111798901461777,0.9815049898934454,101.22553649114693,33.66965635509215,0.31482462254012367,0.1918720148996834,0.9474051284859688,200.2761563142625,48.488115813304056,0.0003010376822203398,0.0001456823738408275,3.654092311859131,1.6107066869735718,0.000532397796632722,0.00018187028035754338,3.0742627382278442,1.9832375645637512,1.5170947790466016e-05,6.411178037524223e-05,4.56413197517395,0.0008358538616448641,43.45624942020327,19.897647073272864,-18.860768353375313,18.78397647596617,37.861544162114164,8.13071139305066e-08,0.9999998807907104,2.594865105122815e-13,4.105251295155599e-12
No_Pretrain,6,spectral,2.0,64,0.0865105539560318,1.0,0.13956397026777267,0.1956272782928815,0.12111799964676967,0.9815049647538109,101.22555303853642,33.669617552129246,0.3148246216907123,0.19187201443079024,0.9474051302014891,200.27616064108946,48.48811677959935,0.00030103622702881694,0.0001456824247725308,3.6540626287460327,1.610705852508545,0.0005323975929059088,0.00018187028035754338,3.0742629766464233,1.9832376837730408,1.5170947790466016e-05,6.411178037524223e-05,4.56413197517395,0.0008358538616448641,43.45650111118752,19.89761906886049,-18.859793599443044,18.784023433629347,37.86150611654884,8.13071139305066e-08,0.9999998807907104,2.594865105122815e-13,4.105251295155599e-12
No_Pretrain,6,range_extreme,0.25,64,0.08922445774078369,0.0,0.1398041918873787,0.19638125919097302,0.12179336366501761,0.9813152437602185,108.31697581826587,34.53255930926508,0.3155078143073096,0.19253836388468468,0.9471543885038063,205.4630155527433,49.346321127519765,0.00030277372570708394,0.0001932045051944442,3.7109360694885254,2.2361735105514526,0.0005346535763237625,0.00023417766351485625,3.1083147525787354,2.623522639274597,1.5170947790466016e-05,6.411178037524223e-05,4.56413197517395,0.0008358538616448641,43.370111205664585,17.496612488753737,-19.387396865450654,14.76446678692456,37.7570854712034,8.133214279837375e-08,0.9999998807907104,2.5955229447909706e-13,4.106882368903886e-12
No_Pretrain,6,range_extreme,0.5,64,0.09244470670819283,0.0,0.14038455486297607,0.19872128195291397,0.12315101387712873,0.9807192582384124,128.01397657534278,35.83577938953949,0.3176346299234852,0.1936446869529119,0.9463720190115912,220.82015419886594,50.401728975001994,0.00030840205727145076,0.00034121633507311344,4.025959849357605,3.294373035430908,0.0005401371163316071,0.0003968202945543453,3.2945594787597656,3.7493724822998047,1.5170947790466016e-05,6.411178037524223e-05,4.56413197517395,0.0008358538616448641,42.90300593190247,14.012377956545466,-22.20024787268902,12.135349288897729,37.43714846180852,8.113677196774916e-08,0.9999998807907104,2.58709625445587e-13,4.094103745258537e-12
No_Pretrain,6,range_extreme,1.0,64,0.09660082310438156,0.0,0.1419975310564041,0.20979174169194634,0.12762193453983964,0.9778187306844518,197.86447735395964,39.59928024494486,0.32746204226339515,0.19647160394223143,0.9427493845213436,282.4553307470233,52.99525082930979,0.00032885378459468484,0.0009784185676835477,4.998800277709961,5.596961498260498,0.000556929298909381,0.0010882823262363672,3.952955484390259,6.303199291229248,1.5170947790466016e-05,6.411178037524223e-05,4.56413197517395,0.0008358538616448641,40.95232819701353,10.0951523243756,-26.457287400518833,11.204433817465729,35.934027577095584,8.02877622163578e-08,0.9999998807907104,2.557737414877678e-13,4.04176583694571e-12
No_Pretrain,6,range_extreme,2.0,64,0.07983798906207085,0.0,0.14665985107421875,0.24661364257156418,0.13753510408332326,0.9674020669220026,344.20999918470113,46.50794417651181,0.3534966228252288,0.1997871322918444,0.9329785626532712,407.1139864792798,55.82332975216611,0.0003819799603661522,0.0030087418854236603,9.023837566375732,9.55461835861206,0.0005918668757658452,0.0031327748438343406,6.598377466201782,10.24385690689087,1.5170947790466016e-05,6.411178037524223e-05,4.56413197517395,0.0008358538616448641,35.46184522120961,3.9592043665312033,-36.75843209330847,6.728310972551457,30.235926838403866,7.826913517305911e-08,0.9999998807907104,2.478054247261399e-13,3.911194501951543e-12
No_Pretrain,24,moisture,0.25,64,0.08124568685889244,0.0,0.09637467563152313,0.28912698318444063,0.1694995223516895,0.9587954811075442,111.47915289429818,36.95496779098442,0.3304190912036795,0.20095370226711934,0.9408082002874312,206.1973352812271,50.46616539389749,0.00020829906861763448,0.00014816373732173815,24.605843544006348,1.9504140615463257,0.0004969390574842691,0.00018689280841499567,15.221463680267334,2.0532866716384888,1.9070460893999552e-05,5.423848779173568e-05,26.56687641143799,0.002622316940687597,58.08357876474052,20.722611758960557,-61.65228299236855,5.01014356704865,12.496889289543283,2.040065183450679e-08,1.0,1.9265148592346407e-14,3.049441396011515e-13
No_Pretrain,24,moisture,0.5,64,0.08900519832968712,0.0,0.0963885560631752,0.28931119896734453,0.1696391871430612,0.9587252022236542,111.4822559429072,36.966230069892,0.33092813364897594,0.2011186380541547,0.9413977829271821,206.19733528123595,50.46616651518545,0.00023634709214093164,0.00014822354569332674,24.68364715576172,1.9504432678222656,0.0006209311541169882,0.00018689280841499567,15.221463680267334,2.0532866716384888,1.9070460893999552e-05,5.423848779173568e-05,26.56687641143799,0.002622316940687597,61.93666712100549,20.690610328784718,-62.163427080674815,5.008721151155957,12.575822497393219,2.04409582593712e-08,1.0,1.93232254063749e-14,3.038919349452815e-13
No_Pretrain,24,moisture,1.0,64,0.08445749431848526,0.0,0.09718217328190804,0.2902290110924291,0.17032462031321896,0.9583400150294128,111.81025252026528,37.05579138677224,0.3335624989092529,0.20281768921925625,0.9385878825576398,206.19733528125897,50.46616903614965,0.0003316084621474147,0.00014828700659563765,24.599133491516113,1.949608564376831,0.0009225065005011857,0.00018689280841499567,15.221463680267334,2.0532866716384888,1.9070460893999552e-05,5.423848779173568e-05,26.56687641143799,0.002622316940687597,64.05353653689636,20.656654553359697,-61.60820015886987,5.049373216791219,12.991114995997451,2.0370928055513104e-08,1.0,1.9239216678666217e-14,3.0529880923682584e-13
No_Pretrain,24,moisture,2.0,64,0.08970378339290619,0.0,0.09928825497627258,0.2947963420474443,0.17295431215079698,0.9565473590935673,112.83902643162565,37.37514497927819,0.3453688135001988,0.20751719610722516,0.9364829046813853,206.19733528140134,50.46617842642877,0.0009018667042255402,0.0001489253991167061,24.953006744384766,1.9473649859428406,0.0030091466614976525,0.00018689280841499567,15.221463680267334,2.0532866716384888,1.9070460893999552e-05,5.423848779173568e-05,26.56687641143799,0.002622316940687597,70.02915425276477,20.31507237773585,-63.933030807892166,5.158640883356266,14.643033613897913,2.064878756868893e-08,1.0,1.9692059974026153e-14,3.0331003008678137e-13
No_Pretrain,24,hydrostatic,0.25,64,0.08354134112596512,0.0,0.09633461013436317,0.2895237934531806,0.17030737838575638,0.9586625804265086,115.8606255701251,38.72105968001383,0.33067218233518353,0.20164067413355358,0.9408012658985263,208.35884742791376,51.957203009851625,0.00019773210806306452,0.0001498710480518639,24.63566303253174,1.9540469646453857,0.0004793835832970217,0.00018777199875330552,15.221463680267334,2.0576032400131226,1.9070460893999552e-05,5.423848779173568e-05,26.56687641143799,0.002622316940687597,58.752841158402475,20.184559440748036,-61.8481872046819,5.0328592681977105,12.443861649146276,2.077635485875362e-08,1.0,1.9574278348644548e-14,3.107442688582429e-13
No_Pretrain,24,hydrostatic,0.5,64,0.09341489151120186,0.0,0.09651871025562286,0.29118694420836067,0.17205397712027307,0.9581254173294765,129.59562364577852,42.41834157007808,0.3321165718218822,0.20321430182344438,0.9403169625709334,215.85664673814958,55.31271914787429,0.00019224186689825729,0.0001592514818185009,24.614885330200195,1.9671210646629333,0.0004793835832970217,0.00019372753013158217,15.221463680267334,2.0743404626846313,1.9070460893999552e-05,5.423848779173568e-05,26.56687641143799,0.002622316940687597,59.8981121597679,17.796153334358156,-61.711684547854766,5.168842817776095,12.32387393046817,2.1255512017148703e-08,1.0,2.0000733179565723e-14,3.186870120011273e-13
No_Pretrain,24,hydrostatic,1.0,64,0.08046332374215126,0.0,0.09736640378832817,0.296440064496521,0.1749808182381815,0.9565266387516318,162.95077108502528,48.01638948203818,0.33678332604156164,0.2057456165750078,0.9388381236250674,236.70418641012344,60.9403607959711,0.0001934220563271083,0.00019008971139555797,24.478766441345215,2.0184766054153442,0.0004793835832970217,0.00021370185277191922,15.221463680267334,2.1409741640090942,1.9070460893999552e-05,5.423848779173568e-05,26.56687641143799,0.002622316940687597,59.65192320587546,11.049104661512755,-60.81742830736298,5.721580421333364,11.97899611575841,2.1877483824539468e-08,1.0,2.0507307162901788e-14,3.281813975306372e-13
No_Pretrain,24,hydrostatic,2.0,64,0.08906009793281555,0.0,0.10074658319354057,0.32290284918612094,0.18514913237214142,0.9501885754740689,282.0391948354167,65.9217868786844,0.35884403286499905,0.21295982788613424,0.9339649859326224,319.64341766432943,77.04916145727698,0.0002261492918478325,0.0003180227358825505,23.0252742767334,2.2397048473358154,0.0004793835832970217,0.0003111400583293289,15.221463680267334,2.4005542993545532,1.9070460893999552e-05,5.423848779173568e-05,26.56687641143799,0.002622316940687597,52.824981971125936,-2.2120833910548905,-51.268463798147735,6.7005129632762745,10.015823139631129,2.3839874074838008e-08,1.0,2.2003792458067956e-14,3.5858451353631277e-13
No_Pretrain,24,advection,0.25,64,0.09730175137519836,0.0,0.09644261375069618,0.2901761503835894,0.17015449228491109,0.9585391140466902,111.86144330453395,37.051937982783876,0.3318098627398315,0.2017279289102261,0.9404910822485768,206.19739264641242,50.470689895958,0.0002114133458235301,0.0001501759616076015,24.028157234191895,1.9519680738449097,0.0004974238690920174,0.0001890293278847821,14.867772102355957,2.0527052879333496,1.9070460893999552e-05,5.423848779173568e-05,26.56687641143799,0.002622316940687597,57.498351213133844,20.554147185490002,-61.61235905939382,4.907534202820782,12.547460769388469,2.0444411497066994e-08,1.0,1.9353684711158163e-14,3.0664273203973025e-13
No_Pretrain,24,advection,0.5,64,0.0846657082438469,0.0,0.09645940735936165,0.28999537158091865,0.17003340862669294,0.95858341257898,111.87302828687851,37.04331544658965,0.33151217223104673,0.20157150934791737,0.9405633140260797,206.1973849701803,50.4697599943955,0.0002117465774063021,0.00015004858141764998,23.997714042663574,1.953324019908905,0.0005004040722269565,0.0001888545011752285,14.911780834197998,2.0532153844833374,1.9070460893999552e-05,5.423848779173568e-05,26.56687641143799,0.002622316940687597,57.684881247276266,20.548051286091656,-60.93124161017919,4.865118648990087,12.523461920183442,2.0363195574191195e-08,1.0,1.9220337161304866e-14,3.0465507774943973e-13
No_Pretrain,24,advection,1.0,64,0.10115567967295647,0.0,0.0965629518032074,0.2909410730795129,0.17054078373057246,0.9583490523338336,112.07712508710492,37.0940768830916,0.33295776181392256,0.2022776949546821,0.9401715709843946,206.1974225719604,50.47232625031598,0.0002084005973301828,0.00015053063543746248,23.835102081298828,1.9516025185585022,0.0004890304699074477,0.00018934631225420162,14.791568279266357,2.052212953567505,1.9070460893999552e-05,5.423848779173568e-05,26.56687641143799,0.002622316940687597,57.38494630618333,20.499832478716687,-61.139790124276246,4.90253386394938,12.619224884714116,2.0406640821590827e-08,1.0,1.927026890651256e-14,3.0542121566209945e-13
No_Pretrain,24,advection,2.0,64,0.08554903790354729,0.0,0.0970899760723114,0.2949989203382751,0.17238460691799234,0.9573062638632168,112.70831775487886,37.282011836186264,0.3388262505778715,0.20472261199589495,0.9384876772032226,206.19760442174453,50.48234570414045,0.00023357145255431533,0.0001558179283165373,23.412938117980957,1.9487995505332947,0.0005484887806233019,0.00019498681649565697,14.568193435668945,2.0509992837905884,1.9070460893999552e-05,5.423848779173568e-05,26.56687641143799,0.002622316940687597,57.41545482682707,20.087967424193575,-60.71270759390406,4.982923888125966,12.935045665691044,2.0455803273478068e-08,1.0,1.9380078257794607e-14,3.0719928011992137e-13
No_Pretrain,24,spectral,0.25,64,0.09936383739113808,1.0,0.09631965681910515,0.2890398606569987,0.16943799459270184,0.9588277689516767,111.48279489151979,36.95522472836991,0.3302273442486847,0.2008315611845414,0.9409520256711599,206.19733563898924,50.466165347762434,0.000201914765057154,0.00014815405302215368,24.607816696166992,1.9504448771476746,0.000479383539641276,0.00018689280841499567,15.221463680267334,2.0532866716384888,1.9070460893999552e-05,5.423848779173568e-05,26.56687641143799,0.002622316940687597,57.88032997373098,20.727793499053504,-61.66524595179276,5.00864277313738,12.472463080061868,2.0388075228083835e-08,1.0,1.9261165843428418e-14,3.0476230534429855e-13
No_Pretrain,24,spectral,0.5,64,0.08691304177045822,1.0,0.09631967172026634,0.289039914325383,0.1694380198425973,0.9588277514862986,111.48282329167667,36.95525195152675,0.3302273433568037,0.20083156083287154,0.9409520217819479,206.19733575818879,50.46616554207111,0.00020191533985780552,0.00014815384929534048,24.60760498046875,1.950443983078003,0.00047938365605659783,0.00018689280841499567,15.221464157104492,2.0532866716384888,1.9070460893999552e-05,5.423848779173568e-05,26.56687641143799,0.002622316940687597,57.880220298130766,20.72790250635824,-61.66384998504467,5.008686316481033,12.472446591716224,2.0388344346145004e-08,1.0,1.9265384067505744e-14,3.047954819307766e-13
No_Pretrain,24,spectral,1.0,64,0.08454030752182007,1.0,0.09631966426968575,0.2890398539474994,0.16943799548359878,0.9588277690351183,111.48281341456708,36.95525934430143,0.3302273448299604,0.20083156113765208,0.9409520229847546,206.1973349234991,50.46616490737772,0.00020191588555462658,0.00014815398753853515,24.607876777648926,1.95044606924057,0.00047938361240085214,0.00018689280841499567,15.22146463394165,2.0532866716384888,1.9070460893999552e-05,5.423848779173568e-05,26.56687641143799,0.002622316940687597,57.8801026294182,20.72782853711574,-61.66563053844991,5.008584715345841,12.47246526591222,2.0388198684884173e-08,1.0,1.9261165843428418e-14,3.0476230534429855e-13
No_Pretrain,24,spectral,2.0,64,0.0923478975892067,1.0,0.09631969034671783,0.2890398253389735,0.1694380112384082,0.9588277745658708,111.48277367341211,36.95527188736541,0.33022734337233395,0.20083156144243264,0.9409520232144051,206.19733596690034,50.466164854862015,0.00020191541989333928,0.0001481540166423656,24.607540130615234,1.9504443407058716,0.00047938356874510646,0.00018689280841499567,15.221464157104492,2.053286910057068,1.9070460893999552e-05,5.423848779173568e-05,26.56687641143799,0.002622316940687597,57.88019593122518,20.727812964643636,-61.66342394289231,5.00867992911609,12.472473542846878,2.0388344346145004e-08,1.0,1.9265384067505744e-14,3.047954819307766e-13
No_Pretrain,24,range_extreme,0.25,64,0.0898316465318203,0.0,0.09659414738416672,0.28957638593496166,0.17005973331901597,0.9586204966823983,118.07788757017995,37.82936688131569,0.33089337846012035,0.20150756287401214,0.9406875850589242,211.29727682588432,51.34742644462096,0.0002042217820417136,0.00019429514213697985,24.84097194671631,2.5085033178329468,0.00048123982560355216,0.00023720996250631288,15.472516059875488,2.6584835052490234,1.9070460893999552e-05,5.423848779173568e-05,26.56687641143799,0.002622316940687597,57.56340785270907,18.09149156970628,-60.549013816413584,5.641569229974508,12.486497226821436,2.0394558930547646e-08,1.0,1.9258944923040717e-14,3.048995111292266e-13
No_Pretrain,24,range_extreme,0.5,64,0.09313397482037544,0.0,0.09724215790629387,0.29120472958880506,0.17121594052149813,0.9579891594011486,136.12019021127483,39.08399053511556,0.3329187750568988,0.20260518663818708,0.9398818389149154,225.9381750645956,52.39437842695011,0.00021112763351993635,0.00034153557498939335,27.06712532043457,3.4654446840286255,0.00048610712110530585,0.00039702997310087085,16.99391460418701,3.737660050392151,1.9070460893999552e-05,5.423848779173568e-05,26.56687641143799,0.002622316940687597,56.56767318284161,13.977382533126383,-59.275399170039904,7.28304240336049,12.529796633117028,2.035997770377662e-08,1.0,1.9209348602880136e-14,3.040749618245242e-13
No_Pretrain,24,range_extreme,1.0,64,0.08402782306075096,0.0,0.09876006469130516,0.29735106696857666,0.1741102840158133,0.9555791097627375,188.93894381844,41.775106900267645,0.3403808283172889,0.20474216378473314,0.9369149259912588,273.1936648720111,54.253685163398266,0.00023291966499527916,0.0008303904614876956,39.2617301940918,5.305934429168701,0.0004980147205060348,0.0009240952203981578,26.15076732635498,5.8775224685668945,1.9070460893999552e-05,5.423848779173568e-05,26.56687641143799,0.002622316940687597,53.23036540795249,10.14016270640253,-50.13605415135742,9.72498263435074,12.641652457758775,2.029049905871716e-08,1.0,1.911682041778797e-14,3.0253784774701004e-13
No_Pretrain,24,range_extreme,2.0,64,0.08683129027485847,0.0,0.1041022539138794,0.32452094435839063,0.18257467450507447,0.9447664943193061,342.60694772411046,48.760128807233926,0.36810169807914916,0.20900356280760937,0.9257830561929642,413.1772095901005,58.07135185673512,0.0003212617157259956,0.0031439490849152207,88.00514030456543,9.540452480316162,0.0005444285052362829,0.0033114004181697965,57.378623962402344,10.388022899627686,1.9070460893999552e-05,5.423848779173568e-05,26.56687641143799,0.002622316940687597,40.99101853850076,5.056813194072304,-53.376177794419185,8.159111964817685,11.839324281353305,2.004446297831919e-08,1.0,1.8729766171441276e-14,2.967479506479215e-13
No_Pretrain,72,moisture,0.25,64,0.0889337994158268,0.0,0.07011120021343231,0.400720000176429,0.23759027198679122,0.9159856477856655,176.4815316951533,56.3423840811563,0.4141864324485819,0.2511668031323877,0.9043295372095351,246.21959644790599,66.49399744154734,0.00024564464547438547,0.00014312272833194584,114.07172775268555,2.244420647621155,0.0004807703517144546,0.00018331935280002654,81.25336074829102,2.1794869899749756,8.717740638530813e-05,5.628034705296159e-05,105.02366256713867,0.005987295648083091,48.90603287028774,21.927103633149464,-40.3901656524217,-2.979309256942376,3.251297294443521,7.209790098272606e-09,1.0,2.3756864361748186e-15,4.013052707523869e-14
No_Pretrain,72,moisture,0.5,64,0.0920913964509964,0.0,0.07001245766878128,0.401071480909744,0.23791102998972238,0.915798972557194,176.51616818862263,56.36714200307169,0.4146513631473635,0.25141906867210834,0.9044428820448164,246.21959644791488,66.4939988286645,0.0004178763774689287,0.00014317194290924817,114.01455307006836,2.2442121505737305,0.0007188275922089815,0.00018331935280002654,81.25336074829102,2.1794869899749756,8.717740638530813e-05,5.628034705296159e-05,105.02366256713867,0.005987295648083091,41.86695363421145,21.900257271022042,-40.31979972282735,-2.9697429209934416,3.275012081123522,7.221650166755467e-09,1.0,2.382095193332863e-15,4.0016055654614954e-14
No_Pretrain,72,moisture,1.0,64,0.08546584099531174,0.0,0.07045318558812141,0.4019661124394757,0.23868294639633905,0.9151669110969757,176.70737999606527,56.439041048001904,0.4163781946673361,0.2526314513356331,0.9028602472796496,246.219596447936,66.4940012177501,0.0005788864800706506,0.00014321511844173074,113.98833465576172,2.243060827255249,0.0010255544038955122,0.00018331935280002654,81.25336074829102,2.1794869899749756,8.717740638530813e-05,5.628034705296159e-05,105.02366256713867,0.005987295648083091,43.55380096153046,21.876705184554847,-40.28753223990087,-2.9169174935521585,3.4612961035039005,7.228072584908318e-09,1.0,2.3856435202280297e-15,4.0104760332983214e-14
No_Pretrain,72,moisture,2.0,64,0.08079081773757935,0.0,0.07171311974525452,0.40660535351901345,0.24138325201657246,0.9120750894061699,177.47170884648702,56.73405424449476,0.42399838644026255,0.25628291078878174,0.8980953996619471,246.21959644801865,66.49400745108268,0.0012686491827480495,0.0001434374280506745,113.18163299560547,2.2379409074783325,0.0022773146629333496,0.00018331935280002654,81.25336074829102,2.1794869899749756,8.717740638530813e-05,5.628034705296159e-05,105.02366256713867,0.005987295648083091,44.29188010786636,21.755436150190395,-39.2947097243433,-2.68200350689077,4.102146016940002,7.219801645419466e-09,1.0,2.3828063833712014e-15,4.022008217468599e-14
No_Pretrain,72,hydrostatic,0.25,64,0.08092587813735008,0.0,0.06982151791453362,0.4008421720792275,0.2380788011032283,0.915930788725092,179.49825282610567,57.816352802745826,0.41413525124084694,0.251391038826445,0.9049736049545793,248.08025993192592,67.73896115771457,0.0002721125783864409,0.0001448580587748438,114.11488723754883,2.2467602491378784,0.0005094367661513388,0.0001842271740315482,81.25336074829102,2.182239532470703,8.717740638530813e-05,5.628034705296159e-05,105.02366256713867,0.005987295648083091,46.58560267603376,21.369874158718073,-40.443282821318846,-2.956628532621521,3.2098400514784053,7.3538579670184845e-09,1.0,2.41954156701891e-15,4.075849189134461e-14
No_Pretrain,72,hydrostatic,0.5,64,0.08939047530293465,0.0,0.06992429867386818,0.402034878651671,0.2397630359016246,0.9153751299235127,189.07923072330482,61.51977110389424,0.41535320438438045,0.25303565463982775,0.9044544057276372,254.33440396756757,71.09742097834786,0.0002589780488051474,0.000152219356095884,113.81077194213867,2.2564879655838013,0.0005094367661513388,0.0001891540305223316,81.25336074829102,2.1950241327285767,8.717740638530813e-05,5.628034705296159e-05,105.02366256713867,0.005987295648083091,49.16384799596255,19.526242356272224,-40.06900255449733,-2.800143831622504,3.20650607534119,7.514515232287522e-09,1.0,2.463303630117922e-15,4.1697427913376e-14
No_Pretrain,72,hydrostatic,1.0,64,0.09338051825761795,0.0,0.07059924677014351,0.406614792667806,0.24337422491307864,0.9134965131788964,222.53445198255812,69.58515924718286,0.4200037297928432,0.2564366372399086,0.9026903473452553,277.3688503718371,78.56952494484545,0.0002453359338687733,0.00018445547175360844,113.36594009399414,2.313894271850586,0.0005094367661513388,0.00021169362298678607,81.25336074829102,2.26769757270813,8.717740638530813e-05,5.628034705296159e-05,105.02366256713867,0.005987295648083091,51.841729892755495,12.866779286439742,-39.521539847665366,-2.03716314284744,3.18781386337711,7.828493853168084e-09,1.0,2.5507947220310026e-15,4.351342928283954e-14
No_Pretrain,72,hydrostatic,2.0,64,0.09356501325964928,0.0,0.07283875346183777,0.4224379212714806,0.24974055859003189,0.9084576635856116,307.4893212802926,82.61994230593312,0.43609715418014505,0.26213627621695007,0.8979826855012784,344.22775544807604,91.28007411841531,0.00024198071332648396,0.00033074805105570704,110.79486846923828,2.5314579010009766,0.0005094367661513388,0.0003109825338469818,81.25336074829102,2.5226818323135376,8.717740638530813e-05,5.628034705296159e-05,105.02366256713867,0.005987295648083091,52.50034363350239,-6.3558287226673595,-36.357274885480486,-0.34788646649865,3.1321536446032443,8.433396203599841e-09,1.0,2.7412957141211653e-15,4.7279176830072184e-14
No_Pretrain,72,advection,0.25,64,0.08701848238706589,0.0,0.06992722302675247,0.40143745133570047,0.23801850620496792,0.9157531504319362,176.62555339440416,56.38599281264448,0.4146591462338012,0.2513486238550952,0.9047872739274084,246.21963674023507,66.49714405928063,0.000296521931886673,0.00014458107762038708,112.12661361694336,2.2445068359375,0.0005295275477692485,0.00018492097296984866,79.60643768310547,2.178520917892456,8.717740638530813e-05,5.628034705296159e-05,105.02366256713867,0.005987295648083091,44.00254847253236,21.814667477462926,-40.85118852233167,-3.028932038388689,3.188569459564217,7.229108200945689e-09,1.0,2.3837751773046235e-15,4.010667123931222e-14
No_Pretrain,72,advection,0.5,64,0.09187479689717293,0.0,0.07000251486897469,0.40139131047880183,0.23799030647932068,0.9157721740630759,176.65334732604003,56.392382231590595,0.4146224383316809,0.2513462690268677,0.9047883509182194,246.21963677384034,66.49692892278836,0.00031688706076238304,0.0001460129424231127,127.57234573364258,2.2490673065185547,0.0005487354646902531,0.00018529738736106083,87.82354354858398,2.181657910346985,8.717740638530813e-05,5.628034705296159e-05,105.02366256713867,0.005987295648083091,42.25139777665773,21.200754904007642,-45.25984784828177,-3.0898242960945512,3.1911268251948046,7.216024444645086e-09,1.0,2.3770950519661025e-15,3.9950564761199146e-14
No_Pretrain,72,advection,1.0,64,0.09370716288685799,0.0,0.0699813924729824,0.4020817694601634,0.238346239157437,0.915521237924266,176.71002187412083,56.40783150332906,0.4152035959787429,0.25164610166540263,0.9045957350751808,246.21965428288465,66.49836565898538,0.0002860069798771292,0.00014618288696510717,116.63456726074219,2.246601939201355,0.0005155927792657167,0.0001862698482000269,82.65629959106445,2.181728482246399,8.717740638530813e-05,5.628034705296159e-05,105.02366256713867,0.005987295648083091,44.52851331928134,21.520907233398358,-41.107898415223694,-2.97348902408606,3.160335470517291,7.2460148992092854e-09,1.0,2.392444241882416e-15,4.0237900359764434e-14
No_Pretrain,72,advection,2.0,64,0.09330364689230919,0.0,0.07012368738651276,0.40522007564449447,0.2401014472857468,0.9143649286704338,176.8797130896109,56.4818791089921,0.4185739090550683,0.25354974975604616,0.9033216933194058,246.2197930805781,66.50756868580467,0.00033638680179137737,0.00015012223593657836,108.5936050415039,2.240211248397827,0.000611456751357764,0.00019085797248408198,77.06879425048828,2.1757439374923706,8.717740638530813e-05,5.628034705296159e-05,105.02366256713867,0.005987295648083091,44.986002518670844,21.343481761497326,-40.90476709490741,-2.963000829029432,3.190316721058928,7.262431767074418e-09,1.0,2.4070618070905388e-15,4.048216094483005e-14
No_Pretrain,72,spectral,0.25,64,0.08966920524835587,1.0,0.06987300515174866,0.40055387642703294,0.2374431584528105,0.9160813089336697,176.44537621195093,56.330137951784415,0.41385111410757935,0.25079811747526387,0.9051038864690761,246.21959564927283,66.49399688808438,0.0002836309577105567,0.00014313412975752726,114.21358108520508,2.2445203065872192,0.0005094368243589997,0.00018331935280002654,81.25335693359375,2.1794869899749756,8.717740638530813e-05,5.628034705296159e-05,105.02366256713867,0.005987295648083091,44.3246062811741,21.92088419946323,-40.56475374740376,-2.9838818451946967,3.2130486610433135,7.230639198496647e-09,1.0,2.3840291813096814e-15,4.0077902612291674e-14
No_Pretrain,72,spectral,0.5,64,0.09927983954548836,1.0,0.06987298280000687,0.40055390934317514,0.2374431746530684,0.9160812985739206,176.44536645840742,56.330116933374576,0.41385111444393863,0.25079811850682876,0.9051038829075131,246.2195960485049,66.493996696776,0.00028363242745399475,0.0001431341515854001,114.21331787109375,2.2445214986801147,0.0005094368825666606,0.00018331935280002654,81.25336074829102,2.1794869899749756,8.717740638530813e-05,5.628034705296159e-05,105.02366256713867,0.005987295648083091,44.32432413903974,21.920872292442773,-40.56442320571457,-2.9839365412264227,3.213040786088003,7.230683163328422e-09,1.0,2.3840291813096814e-15,4.0077902612291674e-14
No_Pretrain,72,spectral,1.0,64,0.08789627626538277,1.0,0.06987300887703896,0.4005538628314728,0.23744315078640768,0.9160813211461578,176.44528801814496,56.330098635248504,0.41385111513790085,0.25079811742837455,0.9051038829363068,246.2195992435558,66.49399728420495,0.0002836278290487826,0.00014313413703348488,114.21280288696289,2.2445201873779297,0.0005094367370475084,0.00018331935280002654,81.25336074829102,2.1794867515563965,8.717740638530813e-05,5.628034705296159e-05,105.02366256713867,0.005987295648083091,44.32521088043707,21.92088023045641,-40.563789405307894,-2.983887641211495,3.2130521871367206,7.230683163328422e-09,1.0,2.3840291813096814e-15,4.0077902612291674e-14
No_Pretrain,72,spectral,2.0,64,0.0864386260509491,1.0,0.06987300515174866,0.4005538726042534,0.2374431464257015,0.9160813060074724,176.4452395251305,56.33009843119662,0.4138511146068073,0.2507981179207124,0.9051038830676352,246.21959604864506,66.49399525483618,0.0002836315834429115,0.00014313411520561203,114.21308135986328,2.24452006816864,0.0005094369407743216,0.00018331935280002654,81.25336074829102,2.1794867515563965,8.717740638530813e-05,5.628034705296159e-05,105.02366256713867,0.005987295648083091,44.32449617575748,21.92089213747687,-40.56413212700928,-2.9838821716077244,3.213049701506148,7.2307373422120236e-09,1.0,2.3840291813096814e-15,4.0077902612291674e-14
No_Pretrain,72,range_extreme,0.25,64,0.08810057491064072,0.0,0.07011502608656883,0.4009068785060306,0.23793145361501641,0.9158769543525755,180.57390879200761,57.09263802865573,0.4143185808178743,0.2513576917560431,0.9048549716014622,250.29963591934074,67.29736015860732,0.0002849450975190848,0.00018985073256772012,116.92960357666016,2.7532215118408203,0.0005110180063638836,0.00023358104226645082,83.73129653930664,2.741295337677002,8.717740638530813e-05,5.628034705296159e-05,105.02366256713867,0.005987295648083091,44.23971484946418,18.72168617556155,-39.648624122007924,-0.43505615757274463,3.2370506496157465,7.2303079079460986e-09,1.0,2.384997022331038e-15,4.004761949036144e-14
No_Pretrain,72,range_extreme,0.5,64,0.09053559601306915,0.0,0.07072097808122635,0.4020124185919549,0.23886691734575335,0.9152360647626661,193.07853240473227,58.24533247984877,0.4157843020811144,0.2523375948104738,0.9040842720785466,262.7695669516413,68.33996600212463,0.00028996073524467647,0.0003323284036014229,125.62214279174805,3.646156072616577,0.0005158807907719165,0.0003867369669023901,91.88085174560547,3.7675386667251587,8.717740638530813e-05,5.628034705296159e-05,105.02366256713867,0.005987295648083091,43.793073820251,14.068622334388733,-36.72287577346754,3.221800885034855,3.312266341039675,7.220401387897368e-09,1.0,2.3811689628050405e-15,3.9989262308427406e-14
No_Pretrain,72,range_extreme,1.0,64,0.09394193068146706,0.0,0.07249993085861206,0.40658872424000647,0.24130455017895924,0.9125954957869753,237.40686331784224,60.86536592037811,0.42168214042022983,0.25453718471128384,0.9009782170615345,307.94111167317897,70.43909301148044,0.000312589414534159,0.0009368217433802783,202.28168487548828,5.619617938995361,0.0005366261175367981,0.0010334543767385185,154.17389678955078,6.079124689102173,8.717740638530813e-05,5.628034705296159e-05,105.02366256713867,0.005987295648083091,41.749123958223336,9.350449863418579,-31.203588342587725,7.558765013169621,3.5793349382029622,7.211481189983715e-09,1.0,2.3760036500135653e-15,3.989248371200592e-14
No_Pretrain,72,range_extreme,2.0,64,0.08439511433243752,0.0,0.07691565528512001,0.42310196820937357,0.24676046743536784,0.9032444829341273,356.5553627624638,65.82753816314958,0.44070018738114736,0.2580269380664412,0.8911578959681257,425.95914200968684,73.61896936426623,0.00038849562406539917,0.0030228011310100555,449.6001281738281,9.251745700836182,0.0005817702622152865,0.003200650797225535,337.45008850097656,10.035834312438965,8.717740638530813e-05,5.628034705296159e-05,105.02366256713867,0.005987295648083091,33.22181464104558,5.556671985886348,-33.23455630758473,7.812889164889268,3.993240682821325,7.178291516751756e-09,1.0,2.3594508262792034e-15,3.951179153012605e-14
Direct_State,6,moisture,0.25,64,7.75049647927517e-06,1.0,0.13679157197475433,0.20740838999385214,0.12762449867024156,0.9791836761239097,109.74913339000095,33.58254778796574,0.31513562302202436,0.19206710811155045,0.9472266670207335,200.2761560687303,48.4881162587093,0.00032865408866200596,5.825033258588519e-05,3.394161343574524,0.6589488387107849,0.0005648552323691547,0.00018187028035754338,3.0742626190185547,1.9832374453544617,1.5170947790466016e-05,6.411178037524223e-05,4.56413197517395,0.0008358538616448641,41.81622656064592,67.97149458868739,-10.405705829324873,66.7740824350454,34.18440352604737,4.1203112033372236e-09,1.0,2.6427646098986924e-21,1.2598737761970528e-18
Direct_State,6,moisture,0.5,64,3.2276388992613647e-06,1.0,0.1368957757949829,0.2076374017546853,0.12783033761164936,0.9791346147948473,109.91916058470007,33.667687115908315,0.3157233149561046,0.19227560097639607,0.9477945137949726,200.27615606874184,48.488117636184434,0.0004260071291355416,5.868871267011855e-05,3.375594973564148,0.6586604118347168,0.0006938399747014046,0.00018187028035754338,3.0742626190185547,1.9832374453544617,1.5170947790466016e-05,6.411178037524223e-05,4.56413197517395,0.0008358538616448641,38.60152993939638,67.73045461042842,-9.801776617307741,66.78862566973189,34.234378039660015,4.192160396598865e-09,1.0,2.775203980786675e-21,1.3108346676764315e-18
Direct_State,6,moisture,1.0,64,6.37494895272539e-06,1.0,0.13866649568080902,0.20860127128001463,0.12842810216005116,0.9789267310660144,109.98595720397853,33.67778072297715,0.3200451921517894,0.19491579203466994,0.9431388876526928,200.27615606877316,48.488121267208534,0.0002558504056651145,5.660094029735774e-05,3.4355887174606323,0.6612081229686737,0.0011940253316424787,0.00018187028035754338,3.0742626190185547,1.9832374453544617,1.5170947790466016e-05,6.411178037524223e-05,4.56413197517395,0.0008358538616448641,78.5724474276294,68.87840048077975,-11.753260642300932,66.66016343542279,34.821307616744235,3.928524394680721e-09,1.0,2.377234685533573e-21,1.1433767606523815e-18
Direct_State,6,moisture,2.0,64,0.00019111018627882004,1.0,0.14201059937477112,0.21450296633009017,0.13192697155975938,0.9771756336660774,111.53558602407124,34.31968735714101,0.3348170422993229,0.19994683581757794,0.9384539227176697,200.2761560689364,48.4881312638188,0.0006679568177787587,5.62428522243863e-05,3.4131085872650146,0.6677611768245697,0.003953401930630207,0.00018187028035754338,3.0742626190185547,1.9832374453544617,1.5170947790466016e-05,6.411178037524223e-05,4.56413197517395,0.0008358538616448641,83.10425224909321,69.07529250308679,-11.022024148172322,66.32974138377962,35.93427477376532,3.878283472147359e-09,1.0,2.6476091498680612e-21,1.2112681781143424e-18
Direct_State,6,hydrostatic,0.25,64,0.0,0.0,0.13683151453733444,0.20937848680573123,0.12930714029870113,0.9787370382230943,112.41393919802206,34.48244999191264,0.3153683582138453,0.192823970422641,0.9472260739913496,203.5554754887315,50.44288897927181,0.0002692779671633616,5.8290548622608185e-05,3.3944560289382935,0.6676808893680573,0.0005323977675288916,0.00018304301192983985,3.0742626190185547,1.9883896112442017,1.5170947790466016e-05,6.411178037524223e-05,4.56413197517395,0.0008358538616448641,49.421657342177205,68.15472603512946,-10.41529139179265,66.4210230433528,33.60827700293393,4.6256087848917105e-09,1.0,3.580510351340363e-21,1.6228909836051106e-18
Direct_State,6,hydrostatic,0.5,64,0.0001008629915304482,0.0,0.13722221553325653,0.2143005184423297,0.1328912740354341,0.9776615666878944,117.11326994483512,36.025512833581814,0.3167015119909142,0.19418226735561248,0.9467875107795892,210.6915282027068,53.4547222500848,0.0002629616647027433,5.817236888105981e-05,3.422163724899292,0.6844565272331238,0.0005323977675288916,0.00018845579324988648,3.0742626190185547,2.0041619539260864,1.5170947790466016e-05,6.411178037524223e-05,4.56413197517395,0.0008358538616448641,50.60804519837263,69.13208775496486,-11.316570800701577,65.84824265861867,32.33359793732915,5.051700169289575e-09,1.0,5.1217987534033865e-21,2.1075352256205286e-18
Direct_State,6,hydrostatic,1.0,64,0.037810858339071274,0.0,0.1381608471274376,0.2331082043615218,0.14493219384629746,0.9731036196248917,140.89600936943867,41.748311547975,0.32266500034181766,0.19746550863809567,0.9450407807029875,237.31252899844208,60.665372675313485,0.000637555232970044,5.7366294640814885e-05,3.3183352947235107,0.7423867881298065,0.0005323977675288916,0.00021262508380459622,3.0742626190185547,2.07881760597229,1.5170947790466016e-05,6.411178037524223e-05,4.56413197517395,0.0008358538616448641,-19.75167287594719,73.01997788109757,-7.939226603317163,64.28802671302265,27.755348700795928,5.264749303179883e-09,1.0,8.332029559326825e-21,2.722189047173343e-18
Direct_State,6,hydrostatic,2.0,64,0.9400170743465424,0.0,0.15268342941999435,0.29502566673228625,0.18032580121589767,0.9563723635985882,222.25706004297194,58.190624975393256,0.3467123447783233,0.20466266403166727,0.9400204982881739,325.8969074206188,77.01349356130605,0.0059019955806434155,6.188961015141103e-05,2.7374284267425537,0.8214877843856812,0.0005323977675288916,0.0003080935275647789,3.0742626190185547,2.342448592185974,1.5170947790466016e-05,6.411178037524223e-05,4.56413197517395,0.0008358538616448641,-1008.5688071227933,79.91207064926144,10.956584847118034,64.93038151932,14.90765437818023,6.145249864530911e-09,1.0,2.6830674302427223e-20,5.845296614024347e-18
Direct_State,6,advection,0.25,64,1.6205234032895532e-05,0.0,0.1373331993818283,0.2078812835972935,0.12796051234585878,0.9791018372974284,110.4644724416194,33.85123732672331,0.31678206529306663,0.19288405059128888,0.9468914730161623,200.27621797262412,48.492542260438405,0.0003202262887498364,5.830721784150228e-05,3.380790114402771,0.6738638579845428,0.0005511462513823062,0.00018564853962743655,3.168278455734253,1.9923210740089417,1.5170947790466016e-05,6.411178037524223e-05,4.56413197517395,0.0008358538616448641,41.89812813809572,68.59268704266974,-6.70748047047109,66.17694473167438,34.37719291179728,4.122648000759455e-09,1.0,2.660459630905239e-21,1.2667528686649852e-18
Direct_State,6,advection,0.5,64,1.1704119970090687e-05,0.0,0.13727223873138428,0.2079112387519082,0.12794969375032442,0.9790983380102136,110.42557931270964,33.82678928450333,0.31682089994033524,0.19285150607838178,0.9468861357352891,200.27621273353878,48.49232628937908,0.0003211336152162403,5.826574670209084e-05,3.3730558156967163,0.6635969579219818,0.0005448362499009818,0.00018435886886436492,3.0581706762313843,1.9852407574653625,1.5170947790466016e-05,6.411178037524223e-05,4.56413197517395,0.0008358538616448641,41.058691437178986,68.39547396824307,-10.296519481815459,66.57347702405511,34.37578177731876,4.125996655446329e-09,1.0,2.6550927514206436e-21,1.2654648967524519e-18
Direct_State,6,advection,1.0,64,0.0,0.0,0.13735131174325943,0.2080808106339647,0.12805045981170932,0.9790661371881133,110.5066290759698,33.84142679852822,0.31733240782569905,0.19309060059741787,0.9467456060179924,200.27622658185058,48.49290465000567,0.00032178033143281937,5.821855302201584e-05,3.3630512952804565,0.6601512730121613,0.0005453657358884811,0.00018399798136670142,3.044245958328247,1.9821636080741882,1.5170947790466016e-05,6.411178037524223e-05,4.56413197517395,0.0008358538616448641,40.997332568282495,68.359134926601,-10.472390907838536,66.69541957469673,34.428124735291114,4.108195561514094e-09,1.0,2.6282628978364804e-21,1.2540136668462092e-18
Direct_State,6,advection,2.0,64,1.697201696515549e-05,0.0,0.1389775648713112,0.21019486553225533,0.12932768951702214,0.978679207514239,113.4644562671625,34.68008048463564,0.3233981078118281,0.1957479924377815,0.9450925718272144,200.27646946730832,48.50541924904736,0.00031355135433841497,5.7968380133388564e-05,3.3660563230514526,0.6744647920131683,0.0006144245562609285,0.00019288992189103737,3.2048280239105225,1.9896714687347412,1.5170947790466016e-05,6.411178037524223e-05,4.56413197517395,0.0008358538616448641,48.96829055034404,69.94742930834165,-5.030794099965459,66.10170057662486,35.00429951353983,4.138880793647104e-09,1.0,2.752507707858772e-21,1.2947048008280123e-18
Direct_State,6,spectral,0.25,64,0.0,0.0,0.1366630494594574,0.20733235958281562,0.12756313643053155,0.9792002733498256,109.70060008429819,33.559909961518365,0.31482462241794806,0.19187201389156314,0.9474051316408055,200.27615582319544,48.488115958848105,0.0003180685453116894,5.8258723584003747e-05,3.394798755645752,0.6589164137840271,0.0005323977384250611,0.00018187028035754338,3.0742627382278442,1.9832373261451721,1.5170947790466016e-05,6.411178037524223e-05,4.56413197517395,0.0008358538616448641,40.257344771486125,67.96688086174858,-10.426435367156692,66.7757153872872,34.14353744302445,4.124658614657051e-09,1.0,2.6310096988866855e-21,1.2572167169731677e-18
Direct_State,6,spectral,0.5,64,0.0,0.0,0.136663056910038,0.20733225406543573,0.12756308537979116,0.9792002937612478,109.70086381502216,33.55991872756235,0.31482462248078125,0.19187201475901544,0.947405133363587,200.27615582322352,48.48811620342278,0.00031807082996238023,5.82585980737349e-05,3.3947882652282715,0.6589144468307495,0.0005323977675288916,0.00018187028035754338,3.074262857437134,1.9832375645637512,1.5170947790466016e-05,6.411178037524223e-05,4.56413197517395,0.0008358538616448641,40.25691891258362,67.96694987262192,-10.426089851612247,66.77581856031001,34.14357097240941,4.12448231124074e-09,1.0,2.6310096988866855e-21,1.2572167169731677e-18
Direct_State,6,spectral,1.0,64,0.0,0.0,0.1366630494594574,0.20733241195366453,0.127563156932884,0.9792002503543875,109.700657325846,33.55995943428106,0.31482462254012367,0.1918720148996834,0.9474051284859688,200.2761563142625,48.488115813304056,0.0003180714265909046,5.825859261676669e-05,3.3948051929473877,0.6589168012142181,0.000532397796632722,0.00018187028035754338,3.0742627382278442,1.9832375645637512,1.5170947790466016e-05,6.411178037524223e-05,4.56413197517395,0.0008358538616448641,40.25681011404933,67.96695287309468,-10.426644760503452,66.77569984616751,34.143520833653824,4.12448231124074e-09,1.0,2.6310096988866855e-21,1.2572167169731677e-18
Direct_State,6,spectral,2.0,64,2.071157723548822e-05,0.0,0.1366630122065544,0.20733225866363483,0.1275630921435747,0.9792002796763478,109.70052694564683,33.559888237910755,0.3148246216907123,0.19187201443079024,0.9474051302014891,200.27616064108946,48.48811677959935,0.000318073172820732,5.825871630804613e-05,3.3948179483413696,0.6589135527610779,0.0005323975929059088,0.00018187028035754338,3.0742629766464233,1.9832376837730408,1.5170947790466016e-05,6.411178037524223e-05,4.56413197517395,0.0008358538616448641,40.256459259209045,67.96688486237892,-10.427051105583214,66.7758656386804,34.14356934658031,4.12448231124074e-09,1.0,2.6310096988866855e-21,1.2570901066406588e-18
Direct_State,6,range_extreme,0.25,64,3.970733951064176e-05,0.0,0.13725333660840988,0.20750969744408945,0.12772415422856348,0.9791623792400659,109.97355882017705,33.64631090569103,0.3155073723504026,0.1925379995312719,0.9471548010009617,205.46436606899763,49.347487629234216,0.0003189200651831925,5.825570042361505e-05,3.397705316543579,0.6575159430503845,0.0005346166435629129,0.00023423696984536946,3.104742169380188,2.6245532035827637,1.5170947790466016e-05,6.411178037524223e-05,4.56413197517395,0.0008358538616448641,40.34602756514025,75.12958758727441,-9.435989566305164,74.9475094597887,34.22984195322412,4.11934486521659e-09,1.0,2.6344689738629373e-21,1.2573635932306841e-18
Direct_State,6,range_extreme,0.5,64,1.647263707127422e-05,0.0,0.13826871663331985,0.20802911542325436,0.1282039391913196,0.979049739147461,110.80363417493517,33.90678955418073,0.317631969741805,0.19364203383831474,0.9463755317706349,220.82071304491694,50.40132133744383,0.00032030927832238376,5.82500288146548e-05,3.407021403312683,0.6570326685905457,0.0005400452646426857,0.0003961423208238557,3.287950277328491,3.7441787719726562,1.5170947790466016e-05,6.411178037524223e-05,4.56413197517395,0.0008358538616448641,40.68843867480025,85.29568143754183,-3.6214393753222742,82.45188842186663,34.506241423885655,4.110040974225626e-09,1.0,2.64632980680641e-21,1.258481786322491e-18
Direct_State,6,range_extreme,1.0,64,0.00033816118593676947,0.0,0.1407923698425293,0.21051475906643655,0.13014391725122823,0.978511029927855,114.60947925246222,34.906641357870946,0.32739649323905096,0.19644734120748206,0.942776694843116,282.6048708890975,53.00240589210716,0.0003225185937481001,5.8222351071890444e-05,3.4181528091430664,0.6866025328636169,0.0005568300548475236,0.0010820294846780598,3.9969398975372314,6.303976058959961,1.5170947790466016e-05,6.411178037524223e-05,4.56413197517395,0.0008358538616448641,42.079528405409945,94.61915299940154,14.480755358638055,89.10842099586124,35.70036227824601,4.0789935873419836e-09,1.0,2.695528070104492e-21,1.2644456551414217e-18
Direct_State,6,range_extreme,2.0,64,0.006119967205449939,0.0,0.14479655027389526,0.21680682387955583,0.1340181860723981,0.9771113474792754,124.51615743625469,36.79384968852343,0.35335783003722243,0.19975863964865395,0.933034339855725,407.64226092346735,55.834072507934735,0.0003106877120444551,5.816710108774714e-05,3.447530508041382,0.8738276362419128,0.0005928077735006809,0.003120271721854806,6.875039100646973,10.246496200561523,1.5170947790466016e-05,6.411178037524223e-05,4.56413197517395,0.0008358538616448641,47.5904794213873,98.13583218793617,49.85438689771301,91.47193714672899,38.64383198846405,4.021262878239895e-09,1.0,2.857318418299077e-21,1.2932416734207709e-18
Direct_State,24,moisture,0.25,64,0.07491642609238625,1.0,0.10322968661785126,0.2967073092162489,0.17350718489362701,0.9566028340384415,119.55424786412259,38.576498240924494,0.3304190912036795,0.20095370226711934,0.9408082002874312,206.1973352812271,50.46616539389749,0.0004314993420848623,5.1111108405166306e-05,18.65367031097412,1.101712942123413,0.0004969390574842691,0.00018689280841499567,15.221463680267334,2.0532866716384888,1.9070460893999552e-05,5.423848779173568e-05,26.56687641143799,0.002622316940687597,13.168559487091308,72.6521802317433,-22.548466447127556,46.34392959633521,10.202734310727147,1.1296997115550766e-08,1.0,3.96386061059359e-19,4.283526677965027e-17
Direct_State,24,moisture,0.5,64,0.09010954573750496,1.0,0.10313668474555016,0.29690118303819996,0.17369548925964257,0.9565426717226354,120.00010724815094,38.687779933397515,0.33092813364897594,0.2011186380541547,0.9413977829271821,206.19733528123595,50.46616651518545,0.0006424673483707011,5.126815085532144e-05,18.552475929260254,1.101950764656067,0.0006209311541169882,0.00018689280841499567,15.221463680267334,2.0532866716384888,1.9070460893999552e-05,5.423848779173568e-05,26.56687641143799,0.002622316940687597,-3.468370705982536,72.56815214554406,-21.883652708846576,46.332347066923276,10.282277978477724,1.1227834662008718e-08,1.0,3.917647063746018e-19,4.239206506180558e-17
Direct_State,24,moisture,1.0,64,0.06312000192701817,1.0,0.10436591878533363,0.2978176554023658,0.1743109677702288,0.956259531898001,120.28136589583809,38.86222848591141,0.3335624989092529,0.20281768921925625,0.9385878825576398,206.19733528125897,50.46616903614965,0.0005272926646284759,5.077742753201164e-05,18.540857315063477,1.1013295650482178,0.0009225065005011857,0.00018689280841499567,15.221463680267334,2.0532866716384888,1.9070460893999552e-05,5.423848779173568e-05,26.56687641143799,0.002622316940687597,42.841306338545614,72.830721544266,-21.807322242599497,46.36260098209399,10.716085778159252,1.0991700882811983e-08,1.0,3.7137381247107174e-19,4.040526491159814e-17
Direct_State,24,moisture,2.0,64,0.16084644943475723,1.0,0.10626251995563507,0.30396349740380774,0.1778341149444338,0.9541761208148288,124.0182577618128,39.86519336762198,0.3453688135001988,0.20751719610722516,0.9364829046813853,206.19733528140134,50.46617842642877,0.0019883758504875004,5.074207547295373e-05,17.85454750061035,1.1015092134475708,0.0030091466614976525,0.00018689280841499567,15.221463680267334,2.0532866716384888,1.9070460893999552e-05,5.423848779173568e-05,26.56687641143799,0.002622316940687597,33.92226853117602,72.84963723147608,-17.298492941624737,46.35385167290914,11.988724655466683,9.262466793558133e-09,1.0,2.6557431019824243e-19,2.903180942167983e-17
Direct_State,24,hydrostatic,0.25,64,0.13807500153779984,0.0,0.10327570885419846,0.29721607375069625,0.17426278911753945,0.9564138489408475,122.32291486313898,39.549570187394174,0.33067218233518353,0.20164067413355358,0.9408012658985263,208.35884742791376,51.957203009851625,0.00040771621570456773,5.11161342728883e-05,18.436429977416992,1.104552984237671,0.0004793835832970217,0.00018777199875330552,15.221463680267334,2.0576032400131226,1.9070460893999552e-05,5.423848779173568e-05,26.56687641143799,0.002622316940687597,14.949900265576995,72.77755223767704,-21.12126904929286,46.31846593366433,10.117606007321998,1.1015668377467591e-08,1.0,3.801561441309121e-19,3.9776913702884485e-17
Direct_State,24,hydrostatic,0.5,64,0.21828390657901764,0.0,0.10434704646468163,0.2992137735311727,0.17661639733201004,0.9557073270608036,129.7710272591932,41.94622668488469,0.3321165718218822,0.20321430182344438,0.9403169625709334,215.85664673814958,55.31271914787429,0.0004281604924472049,5.10006575495936e-05,18.021379470825195,1.1074162125587463,0.0004793835832970217,0.00019372753013158217,15.221463680267334,2.0743404626846313,1.9070460893999552e-05,5.423848779173568e-05,26.56687641143799,0.002622316940687597,10.685199208851389,73.67402685877774,-18.394524004860266,46.61357513483984,9.90700286655845,1.0166118613597064e-08,1.0,3.2226787351534326e-19,3.230978225980089e-17
Direct_State,24,hydrostatic,1.0,64,0.28271913528442383,0.0,0.1084773801267147,0.3056294409833679,0.18212119245455513,0.9533307498022161,151.55824248828196,46.485284971731296,0.33678332604156164,0.2057456165750078,0.9388381236250674,236.70418641012344,60.9403607959711,0.0005102430295664817,4.960156365996227e-05,17.287309646606445,1.1069661974906921,0.0004793835832970217,0.00021370185277191922,15.221463680267334,2.1409741640090942,1.9070460893999552e-05,5.423848779173568e-05,26.56687641143799,0.002622316940687597,-6.4373181194942575,76.78936189996384,-13.571927179494665,48.296144059121396,9.250423833141042,8.909545989865819e-09,1.0,2.473126179655151e-19,2.3525220107438795e-17
Direct_State,24,hydrostatic,2.0,64,0.46691493690013885,0.0,0.12883532047271729,0.34086736482942465,0.20396366988584688,0.9406859688577104,213.91262220178015,56.82466768609061,0.35884403286499905,0.21295982788613424,0.9339649859326224,319.64341766432943,77.04916145727698,0.0004229539481457323,5.095578671898693e-05,15.103089332580566,1.0951499938964844,0.0004793835832970217,0.0003111400583293289,15.221463680267334,2.4005542993545532,1.9070460893999552e-05,5.423848779173568e-05,26.56687641143799,0.002622316940687597,11.771290698606615,83.62287807214706,0.777680452900365,54.379286725947345,5.0096048391969275,1.219853995593212e-08,1.0,4.121210008640724e-19,3.6366244550897664e-17
Direct_State,24,advection,0.25,64,0.1080879420042038,0.0,0.10351749137043953,0.2977755799848728,0.1740567955000078,0.9563391345006009,120.41330783028772,38.89734154574559,0.3318098627398315,0.2017279289102261,0.9404910822485768,206.19739264641242,50.470689895958,0.0004037373437313363,5.1164484830223955e-05,18.344303131103516,1.1024730801582336,0.0004974238690920174,0.0001890293278847821,14.867772102355957,2.0527052879333496,1.9070460893999552e-05,5.423848779173568e-05,26.56687641143799,0.002622316940687597,18.834344546371224,72.93304409281403,-23.38299917979416,46.291701656393336,10.25716429099776,1.137994765088024e-08,1.0,4.0400977117495396e-19,4.3574091267892834e-17
Direct_State,24,advection,0.5,64,0.07913053408265114,0.0,0.10348769649863243,0.29758587679331866,0.17393496128454394,0.9563841368241579,120.05367075248046,38.75798389365182,0.33151217223104673,0.20157150934791737,0.9405633140260797,206.1973849701803,50.4697599943955,0.00041829331894405186,5.112725557410158e-05,18.383127212524414,1.1038878560066223,0.0005004040722269565,0.0001888545011752285,14.911780834197998,2.0532153844833374,1.9070460893999552e-05,5.423848779173568e-05,26.56687641143799,0.002622316940687597,16.408889903210778,72.92770081944555,-23.27922075118881,46.23613945478009,10.2338008313261,1.12778826277804e-08,1.0,3.9498020298483975e-19,4.2703503525515473e-17
Direct_State,24,advection,1.0,64,0.11274786293506622,0.0,0.1036456748843193,0.2986089435072722,0.17439515638433906,0.9561319154108945,120.48760735066392,38.890888858300805,0.33295776181392256,0.2022776949546821,0.9401715709843946,206.1974225719604,50.47232625031598,0.00042313087033107877,5.114205305289943e-05,18.3873929977417,1.102673351764679,0.0004890304699074477,0.00018934631225420162,14.791568279266357,2.052212953567505,1.9070460893999552e-05,5.423848779173568e-05,26.56687641143799,0.002622316940687597,13.475561060406086,72.99020379956485,-24.30996261238697,46.26905800161601,10.316268982444273,1.129283866418973e-08,1.0,3.9665322747251654e-19,4.282844419395793e-17
Direct_State,24,advection,2.0,64,0.09905342385172844,0.0,0.10449950024485588,0.3028864343061364,0.1761042563279436,0.9550571784081526,122.6637205957627,39.518506692833924,0.3388262505778715,0.20472261199589495,0.9384876772032226,206.19760442174453,50.48234570414045,0.00041638760012574494,5.1101726057822816e-05,17.9720401763916,1.1039866209030151,0.0005484887806233019,0.00019498681649565697,14.568193435668945,2.0509992837905884,1.9070460893999552e-05,5.423848779173568e-05,26.56687641143799,0.002622316940687597,24.084572951052404,73.7922147885516,-23.364919993364694,46.17323225668495,10.607152252943635,1.1258025622851164e-08,1.0,3.932140172806742e-19,4.240295075866678e-17
Direct_State,24,spectral,0.25,64,0.0878649465739727,0.0,0.10315721482038498,0.2966334081893762,0.17345537658604698,0.9566241559787871,119.53015925304594,38.56873030838246,0.3302273442486847,0.2008315611845414,0.9409520256711599,206.19733563898924,50.466165347762434,0.00041783053893595934,5.112939288665075e-05,18.6517915725708,1.1017496585845947,0.000479383539641276,0.00018689280841499567,15.221463680267334,2.0532866716384888,1.9070460893999552e-05,5.423848779173568e-05,26.56687641143799,0.002622316940687597,12.840032169518574,72.64239682614331,-22.536123754974003,46.34214141635582,10.17297224000017,1.130868554355402e-08,1.0,3.9759424881687217e-19,4.2961750967115754e-17
Direct_State,24,spectral,0.5,64,0.08830675482749939,0.0,0.10315718874335289,0.29663339308983444,0.1734553425209605,0.9566241674767648,119.53026741715487,38.56870797444834,0.3302273433568037,0.20083156083287154,0.9409520217819479,206.19733575818879,50.46616554207111,0.0004178318922640756,5.112940380058717e-05,18.65202522277832,1.1017520427703857,0.00047938365605659783,0.00018689280841499567,15.221464157104492,2.0532866716384888,1.9070460893999552e-05,5.423848779173568e-05,26.56687641143799,0.002622316940687597,12.839771029919138,72.64239098646628,-22.537654921143982,46.34202530077275,10.172976569863177,1.130868554355402e-08,1.0,3.9759424881687217e-19,4.2961750967115754e-17
Direct_State,24,spectral,1.0,64,0.07897590845823288,0.0,0.10315720364451408,0.29663350899704427,0.17345537424158128,0.9566241261197072,119.53015571333539,38.56872216351992,0.3302273448299604,0.20083156113765208,0.9409520229847546,206.1973349234991,50.46616490737772,0.00041782860353123397,5.112942926643882e-05,18.651172637939453,1.1017563939094543,0.00047938361240085214,0.00018689280841499567,15.22146463394165,2.0532866716384888,1.9070460893999552e-05,5.423848779173568e-05,26.56687641143799,0.002622316940687597,12.840449126188936,72.64237736055318,-22.532049881389554,46.341813389833625,10.1729418713687,1.130868554355402e-08,1.0,3.9759424881687217e-19,4.2961750967115754e-17
Direct_State,24,spectral,2.0,64,0.09235967695713043,0.0,0.10315720736980438,0.29663347477208535,0.17345535712698176,0.9566241456319833,119.53024193070605,38.568676025960904,0.33022734337233395,0.20083156144243264,0.9409520232144051,206.19733596690034,50.466164854862015,0.000417829243815504,5.112931103212759e-05,18.651869773864746,1.1017525792121887,0.00047938356874510646,0.00018689280841499567,15.221464157104492,2.053286910057068,1.9070460893999552e-05,5.423848779173568e-05,26.56687641143799,0.002622316940687597,12.84030762479712,72.64244062372111,-22.53663367304347,46.34200540529588,10.17295183893093,1.130868554355402e-08,1.0,3.9759424881687217e-19,4.2961750967115754e-17
Direct_State,24,range_extreme,0.25,64,0.09379039704799652,0.0,0.10382083803415298,0.2967263603451844,0.17356452817991866,0.9565927471790747,119.7732339881262,38.644066500193766,0.33089450531791315,0.20150728528927456,0.9406893387929675,211.28287106702697,51.34793081808757,0.0004182339907856658,5.1130145948263817e-05,18.637078285217285,1.0923206210136414,0.00048104714369401336,0.00023730684188194573,15.443964958190918,2.6632505655288696,1.9070460893999552e-05,5.423848779173568e-05,26.56687641143799,0.002622316940687597,13.0575877503395,78.4539941862697,-20.675476379741824,58.98543549931706,10.32599345821746,1.1296316770881276e-08,1.0,3.957916542410572e-19,4.2796663914823645e-17
Direct_State,24,range_extreme,0.5,64,0.09947116672992706,0.0,0.10492745414376259,0.2969850218785867,0.17387986772408295,0.9565037431124753,120.51000545203337,38.87249594987594,0.332910106473497,0.20260125056163084,0.9398868928441281,226.11259402692744,52.40769906911191,0.00041917651833500713,5.113536644785199e-05,18.67422580718994,1.0685567259788513,0.0004866519448114559,0.0003980422916356474,17.4401798248291,3.741198420524597,1.9070460893999552e-05,5.423848779173568e-05,26.56687641143799,0.002622316940687597,13.865233088216847,87.1532830750911,-7.075878773933069,71.43811672439934,10.791226789556863,1.1217315964984209e-08,1.0,3.907161386259172e-19,4.2190175089699766e-17
Direct_State,24,range_extreme,1.0,64,0.11691389977931976,0.0,0.10704582184553146,0.29796901977524604,0.17497248875014704,0.9561668788392081,123.4022573386609,39.67521883530257,0.34031753739908094,0.204724684995902,0.9369430106747243,273.6465716979983,54.275620744445284,0.0004219163820380345,5.114182204124518e-05,18.87747573852539,1.024425446987152,0.000497705172165297,0.0009266370034310967,25.70442771911621,5.879151821136475,1.9070460893999552e-05,5.423848779173568e-05,26.56687641143799,0.002622316940687597,15.227647684981589,94.48092167139018,26.559439701175148,82.57528503849515,12.443824654905743,1.100264146458585e-08,1.0,3.7479490223762035e-19,4.0380386627494996e-17
Direct_State,24,range_extreme,2.0,64,0.14249731227755547,0.0,0.11303441971540451,0.3016687386435884,0.17820595838583905,0.9548769803824213,134.19818039572667,41.92430724751991,0.368100358661173,0.209001866399126,0.9257631552414983,413.3462756341816,58.09016130477402,0.0004238393157720566,5.104797855892684e-05,19.797476768493652,1.0780901908874512,0.0005435307102743536,0.0033195066498592496,57.40548896789551,10.388344764709473,1.9070460893999552e-05,5.423848779173568e-05,26.56687641143799,0.002622316940687597,22.021091401050988,98.46218176544122,65.51292023735648,89.62211771648299,18.04714895122752,1.0275497341893924e-08,1.0,3.24041723564872e-19,3.442480698548263e-17
Direct_State,72,moisture,0.25,64,0.1140110194683075,0.0,0.08862759172916412,0.40295801158565936,0.24055004794769938,0.9149948346214531,189.32298188921013,62.433373197055346,0.4141864324485819,0.2511668031323877,0.9043295372095351,246.21959644790599,66.49399744154734,0.00029549292230512947,5.44312788406387e-05,81.09122848510742,1.593453586101532,0.0004807703517144546,0.00018331935280002654,81.25336074829102,2.1794869899749756,8.717740638530813e-05,5.628034705296159e-05,105.02366256713867,0.005987295648083091,38.537615464143165,70.30794730111505,0.19953914729244457,26.88859380987506,2.710958153926602,9.444735660224524e-09,1.0,2.8292707310944177e-19,9.849055092392301e-18
Direct_State,72,moisture,0.5,64,0.11965704709291458,0.0,0.0886177122592926,0.4032736102829463,0.24081193245502822,0.9148497207085623,189.6076503719036,62.5002517183525,0.4146513631473635,0.25141906867210834,0.9044428820448164,246.21959644791488,66.4939988286645,0.0005197105929255486,5.4453936172649264e-05,80.90541076660156,1.593081772327423,0.0007188275922089815,0.00018331935280002654,81.25336074829102,2.1794869899749756,8.717740638530813e-05,5.628034705296159e-05,105.02366256713867,0.005987295648083091,27.700244320274308,70.29558781387898,0.4282284184740894,26.9056535021705,2.7439323430787006,9.416646573612297e-09,1.0,2.8072706994808335e-19,9.79350495117569e-18
Direct_State,72,moisture,1.0,64,0.10235681384801865,0.0,0.0893896222114563,0.4040236583612145,0.24146848701260912,0.9144160332917375,190.11052641665648,62.73896695288719,0.4163781946673361,0.2526314513356331,0.9028602472796496,246.219596447936,66.4940012177501,0.0006354245560942218,5.429844532045536e-05,80.66544342041016,1.5915405750274658,0.0010255544038955122,0.00018331935280002654,81.25336074829102,2.1794869899749756,8.717740638530813e-05,5.628034705296159e-05,105.02366256713867,0.005987295648083091,38.04087294827106,70.38040747411613,0.7235606287131021,26.97636726678788,2.9671429638605864,9.184772054027235e-09,1.0,2.656964615102618e-19,9.311149052626112e-18
Direct_State,72,moisture,2.0,64,0.09146570041775703,0.0,0.0917414166033268,0.4081005144015591,0.24396528729052547,0.9119495353886959,191.49301332525104,63.27688829818088,0.42399838644026255,0.25628291078878174,0.8980953996619471,246.21959644801865,66.49400745108268,0.0011511097836773843,5.3829262469662353e-05,79.59344863891602,1.5839949250221252,0.0022773146629333496,0.00018331935280002654,81.25336074829102,2.1794869899749756,8.717740638530813e-05,5.628034705296159e-05,105.02366256713867,0.005987295648083091,49.453195800589555,70.63634490986783,2.042884250064589,27.32257947360758,3.7495123913504154,8.56777715441126e-09,1.0,2.291966516922649e-19,8.253627177208199e-18
Direct_State,72,hydrostatic,0.25,64,0.11566267535090446,0.0,0.08914951607584953,0.40317363678412965,0.2411344707045358,0.9148496625540509,191.5791745789983,63.2997860878161,0.41413525124084694,0.251391038826445,0.9049736049545793,248.08025993192592,67.73896115771457,0.00040101379272527993,5.406960553955287e-05,80.55293655395508,1.5925845503807068,0.0005094367661513388,0.0001842271740315482,81.25336074829102,2.182239532470703,8.717740638530813e-05,5.628034705296159e-05,105.02366256713867,0.005987295648083091,21.28291097738509,70.65058082566384,0.86202489089126,27.02063514642669,2.6468682450657606,9.035285408742766e-09,1.0,2.607786659734809e-19,8.854473389783548e-18
Direct_State,72,hydrostatic,0.5,64,0.15157389640808105,0.0,0.09144386649131775,0.4046500450754192,0.2433590356825502,0.9140839255013175,197.64484227679435,65.68641839532549,0.41535320438438045,0.25303565463982775,0.9044544057276372,254.33440396756757,71.09742097834786,0.0004238226974848658,5.3709680287283845e-05,79.81765365600586,1.5869079232215881,0.0005094367661513388,0.0001891540305223316,81.25336074829102,2.1950241327285767,8.717740638530813e-05,5.628034705296159e-05,105.02366256713867,0.005987295648083091,16.805632093118223,71.60532073307164,1.7669510270876434,27.704306318995013,2.5768813616895163,8.206263224508348e-09,1.0,2.168715765546938e-19,7.136052816499549e-18
Direct_State,72,hydrostatic,1.0,64,0.17662127315998077,0.0,0.09821712225675583,0.41044158309243944,0.24952847787211882,0.9110829084717655,215.43975853322902,70.68121127044573,0.4200037297928432,0.2564366372399086,0.9026903473452553,277.3688503718371,78.56952494484545,0.000506331300130114,5.218930346018169e-05,77.93752670288086,1.5668269991874695,0.0005094367661513388,0.00021169362298678607,81.25336074829102,2.26769757270813,8.717740638530813e-05,5.628034705296159e-05,105.02366256713867,0.005987295648083091,0.6095881231120867,75.34677581504694,4.080857720681907,30.906703872495076,2.276681377358251,7.32140881254395e-09,1.0,1.7234790153743085e-19,5.523282439387813e-18
Direct_State,72,hydrostatic,2.0,64,0.24721665680408478,0.0,0.118093341588974,0.43178458973949574,0.26388601238578596,0.9000347847221454,253.95102970973798,77.09223784502265,0.43609715418014505,0.26213627621695007,0.8979826855012784,344.22775544807604,91.28007411841531,0.0005968799814581871,5.0639480832614936e-05,72.52268981933594,1.5014045238494873,0.0005094367661513388,0.0003109825338469818,81.25336074829102,2.5226818323135376,8.717740638530813e-05,5.628034705296159e-05,105.02366256713867,0.005987295648083091,-17.164684827806767,83.716294221999,10.7449966974304,40.4837936905996,0.9888999273010296,1.114273207036831e-08,1.0,4.2173670406636283e-19,1.4275888329940303e-17
Direct_State,72,advection,0.25,64,0.11595816537737846,1.0,0.08861655741930008,0.40358459855671747,0.24085451348488274,0.914768445594601,189.76512441995263,62.546663630008396,0.4146591462338012,0.2513486238550952,0.9047872739274084,246.21963674023507,66.49714405928063,0.0004025437810923904,5.451850847748574e-05,80.47273254394531,1.5934962034225464,0.0005295275477692485,0.00018492097296984866,79.60643768310547,2.178520917892456,8.717740638530813e-05,5.628034705296159e-05,105.02366256713867,0.005987295648083091,23.980578009926994,70.51794201495198,-1.0882221162669785,26.854216072245663,2.670759291738725,9.52198897508083e-09,1.0,2.873523859890239e-19,9.985939008109108e-18
Direct_State,72,advection,0.5,64,0.11036457866430283,1.0,0.08862921595573425,0.4035454927235623,0.2408400818449971,0.9147828080661716,189.6188983438663,62.486836109546545,0.4146224383316809,0.2513462690268677,0.9047883509182194,246.21963677384034,66.49692892278836,0.0004242789000272751,5.445748502097558e-05,80.75817489624023,1.597795009613037,0.0005487354646902531,0.00018529738736106083,87.82354354858398,2.181657910346985,8.717740638530813e-05,5.628034705296159e-05,105.02366256713867,0.005987295648083091,22.68061254856756,70.6107647838215,8.044959662137964,26.7623488524416,2.671574083807172,9.434772962890747e-09,1.0,2.821043385926812e-19,9.833228232142018e-18
Direct_State,72,advection,1.0,64,0.1193619929254055,1.0,0.08875884115695953,0.4041780975490718,0.24112336895615782,0.9145623547925749,190.010886010683,62.63701618725019,0.4152035959787429,0.25164610166540263,0.9045957350751808,246.21965428288465,66.49836565898538,0.0003876310511259362,5.4427142458735034e-05,80.84574890136719,1.5975676774978638,0.0005155927792657167,0.0001862698482000269,82.65629959106445,2.181728482246399,8.717740638530813e-05,5.628034705296159e-05,105.02366256713867,0.005987295648083091,24.81837087051871,70.78048702746129,2.190456987132043,26.775137671900342,2.655443868129593,9.538813294796e-09,1.0,2.8820800093513344e-19,1.0014811333799965e-17
Direct_State,72,advection,2.0,64,0.11921471729874611,1.0,0.08953376486897469,0.40697494691643316,0.24254582087981294,0.9135556788581037,191.53436950172687,63.125137306449204,0.4185739090550683,0.25354974975604616,0.9033216933194058,246.2197930805781,66.50756868580467,0.0004233670624671504,5.450411481433548e-05,78.7409896850586,1.593211829662323,0.000611456751357764,0.00019085797248408198,77.06879425048828,2.1757439374923706,8.717740638530813e-05,5.628034705296159e-05,105.02366256713867,0.005987295648083091,30.760914565576876,71.44257894760919,-2.1697438643393827,26.773927657196577,2.771066683257883,9.56280699071499e-09,1.0,2.8888869303108215e-19,1.0038673012930282e-17
Direct_State,72,spectral,0.25,64,0.11386645957827568,0.0,0.08834420889616013,0.4027957380895555,0.24043600835386766,0.9150545204604613,189.33157615008972,62.394666635454634,0.41385111410757935,0.25079811747526387,0.9051038864690761,246.21959564927283,66.49399688808438,0.0003936551802325994,5.444900489237625e-05,81.09344863891602,1.5936936736106873,0.0005094368243589997,0.00018331935280002654,81.25335693359375,2.1794869899749756,8.717740638530813e-05,5.628034705296159e-05,105.02366256713867,0.005987295648083091,22.72738023445457,70.29827780825093,0.19680207773867517,26.87757802908538,2.671341369193476,9.496591957258715e-09,1.0,2.8625524722874595e-19,9.953205816909159e-18
Direct_State,72,spectral,0.5,64,0.12558547407388687,0.0,0.08834418654441833,0.40279575777370047,0.24043597583612855,0.9150545125892022,189.33145851899343,62.39467890920776,0.41385111444393863,0.25079811850682876,0.9051038829075131,246.2195960485049,66.493996696776,0.0003936518478440121,5.444909766083583e-05,81.09709930419922,1.5936941504478455,0.0005094368825666606,0.00018331935280002654,81.25336074829102,2.1794869899749756,8.717740638530813e-05,5.628034705296159e-05,105.02366256713867,0.005987295648083091,22.728043195321238,70.29822720341399,0.19231382265635516,26.87755615067269,2.6713366919628645,9.496591957258715e-09,1.0,2.8625524722874595e-19,9.953205816909159e-18
Direct_State,72,spectral,1.0,64,0.11680744588375092,0.0,0.08834416046738625,0.4027957624773779,0.2404360080725318,0.9150545162261042,189.33155382671103,62.39464524496519,0.41385111513790085,0.25079811742837455,0.9051038829363068,246.2195992435558,66.49399728420495,0.00039365599513985217,5.444883936434053e-05,81.09228515625,1.5936885476112366,0.0005094367370475084,0.00018331935280002654,81.25336074829102,2.1794867515563965,8.717740638530813e-05,5.628034705296159e-05,105.02366256713867,0.005987295648083091,22.72720702842812,70.29836810315608,0.198238682754305,26.877805223034034,2.6713357186047784,9.496591957258715e-09,1.0,2.8625524722874595e-19,9.953205816909159e-18
Direct_State,72,spectral,2.0,64,0.10683788359165192,0.0,0.08834420144557953,0.4027957050692273,0.2404359757657946,0.9150545322403102,189.33148488099542,62.394651809463795,0.4138511146068073,0.2507981179207124,0.9051038830676352,246.21959604864506,66.49399525483618,0.00039365686825476587,5.444903945317492e-05,81.093994140625,1.593691349029541,0.0005094369407743216,0.00018331935280002654,81.25336074829102,2.1794867515563965,8.717740638530813e-05,5.628034705296159e-05,105.02366256713867,0.005987295648083091,22.727066542048387,70.29825895546854,0.1961354043677111,26.877676687345414,2.671349465394952,9.496591957258715e-09,1.0,2.8625524722874595e-19,9.953205816909159e-18
Direct_State,72,range_extreme,0.25,64,0.10683675855398178,0.0,0.0890047736465931,0.40284591226688615,0.24050326453343096,0.9150284678607443,189.46224546941949,62.43742200794163,0.41431855559817304,0.2513606287151013,0.9048569153630172,250.28025556653554,67.29803461415142,0.00039361098606605083,5.444184171210509e-05,81.16049194335938,1.5748254656791687,0.0005111370119266212,0.0002333725060452707,83.94559097290039,2.7427316904067993,8.717740638530813e-05,5.628034705296159e-05,105.02366256713867,0.005987295648083091,22.993057266109776,76.67169854980938,3.3177430729388884,42.58186204697288,2.769039227490848,9.485622953775419e-09,1.0,2.855704838532198e-19,9.925680141255538e-18
Direct_State,72,range_extreme,0.5,64,0.1122816726565361,0.0,0.09008413553237915,0.40300378873879755,0.24072116911511784,0.9149462514082531,189.9293890865087,62.59311715581935,0.41579232037353936,0.2523438259782718,0.9040767857211789,262.9373320760524,68.35142656984524,0.0003934806736651808,5.4446565627586097e-05,81.21441268920898,1.5247028470039368,0.0005154972895979881,0.000387347157811746,90.1998405456543,3.7664536237716675,8.717740638530813e-05,5.628034705296159e-05,105.02366256713867,0.005987295648083091,23.66969107208348,85.94372915108684,9.96168929134345,59.51887373892252,3.075701740535479,9.445076720737688e-09,1.0,2.832983350328103e-19,9.84265726394451e-18
Direct_State,72,range_extreme,1.0,64,0.1141829565167427,0.0,0.09279748424887657,0.40362321923225036,0.24149472022388094,0.914621010282375,191.74023382520951,63.16777777735191,0.4217020344841424,0.2545449101477335,0.900965519724702,307.83977166509914,70.45310342760288,0.0003953447740059346,5.44110698683653e-05,82.6756591796875,1.3966516256332397,0.0005363663658499718,0.0010412267874926329,149.69518280029297,6.092390775680542,8.717740638530813e-05,5.628034705296159e-05,105.02366256713867,0.005987295648083091,26.292027394477348,94.77433057601293,44.77066153158424,77.07547534198956,4.287106481240338,9.307395743007874e-09,1.0,2.7547629544065866e-19,9.550360586789709e-18
Direct_State,72,range_extreme,2.0,64,0.10148722678422928,0.0,0.09802551195025444,0.40564521539462556,0.2435908346932547,0.913547832719832,197.61216039542455,64.65826733765654,0.4407394855230342,0.25803921945617536,0.8911190828788688,423.9890949496556,73.55644744563239,0.0003988281241618097,5.4417920182459056e-05,86.57978057861328,1.291192352771759,0.000584012595936656,0.003212228766642511,308.7552795410156,10.046168327331543,8.717740638530813e-05,5.628034705296159e-05,105.02366256713867,0.005987295648083091,31.708985912853848,98.30591392656825,71.95844530745526,87.14741470876066,7.962588168555309,8.931924977417793e-09,1.0,2.5401088099672516e-19,8.767095406547428e-18
Smart_Final,6,moisture,0.25,64,1.5593890566378832e-05,0.0,0.12381013110280037,0.22077770062005406,0.14113761174933218,0.9758388155383146,131.7806528434055,40.54139184515982,0.31513562302202436,0.19206710811155045,0.9472266670207335,200.2761560687303,48.4881162587093,9.545800276100636e-05,7.402549454127438e-05,1.5816293358802795,1.0726876258850098,0.0005648552323691547,0.00018187028035754338,3.0742626190185547,1.9832374453544617,1.5170947790466016e-05,6.411178037524223e-05,4.56413197517395,0.0008358538616448641,83.10044816959032,59.297640936305925,48.55256261791948,45.912294647437456,29.94200449226134,0.1803809553384781,0.571634829044342,0.1118154339492321,0.13616874814033508
Smart_Final,6,moisture,0.5,64,3.008278781635454e-06,0.0,0.12385204434394836,0.22110380244602465,0.1413522591648371,0.9757767279491255,131.8023304165597,40.54109560674891,0.3157233149561046,0.19227560097639607,0.9477945137949726,200.27615606874184,48.488117636184434,9.965528806787916e-05,7.410078251268715e-05,1.5777819156646729,1.073182463645935,0.0006938399747014046,0.00018187028035754338,3.0742626190185547,1.9832374453544617,1.5170947790466016e-05,6.411178037524223e-05,4.56413197517395,0.0008358538616448641,85.63713655864726,59.25624441386985,48.67771198517929,45.887343638062134,29.969124238808604,0.18009616434574127,0.5733486413955688,0.1118234395980835,0.13473176211118698
Smart_Final,6,moisture,1.0,64,2.1049312181276036e-05,0.0,0.12470710277557373,0.22424111299664906,0.1431186008559243,0.9747764636925481,132.3303067362122,40.65860515067377,0.3200451921517894,0.19491579203466994,0.9431388876526928,200.27615606877316,48.488121267208534,0.0007178417581599206,7.430540063069202e-05,1.6038264036178589,1.0745660066604614,0.0011940253316424787,0.00018187028035754338,3.0742626190185547,1.9832374453544617,1.5170947790466016e-05,6.411178037524223e-05,4.56413197517395,0.0008358538616448641,39.88052521695909,59.143736687152426,47.830533614923446,45.817581793973964,29.934547215351657,0.1801755279302597,0.5704310238361359,0.11108226701617241,0.13831117749214172
Smart_Final,6,moisture,2.0,64,4.213861757307313e-06,0.0,0.12671630829572678,0.23551264164376862,0.1476248470836321,0.9707855114076209,134.12899499457768,40.91005202290187,0.3348170422993229,0.19994683581757794,0.9384539227176697,200.2761560689364,48.4881312638188,0.0025912944111041725,7.594935959787108e-05,1.597836971282959,1.0833009481430054,0.003953401930630207,0.00018187028035754338,3.0742626190185547,1.9832374453544617,1.5170947790466016e-05,6.411178037524223e-05,4.56413197517395,0.0008358538616448641,34.454061171283506,58.239818265765955,48.02535862101912,45.3771432825388,29.65930287586054,0.1782165914773941,0.5780099332332611,0.10927945747971535,0.13449403643608093
Smart_Final,6,hydrostatic,0.25,64,0.0002933365758508444,0.671875,0.1238146424293518,0.22161868977585802,0.14201930326047058,0.9756781785844391,134.60293123115804,41.812767907160755,0.3153683582138453,0.192823970422641,0.9472260739913496,203.5554754887315,50.44288897927181,7.592923066113144e-05,7.548013309133239e-05,1.570358693599701,1.0792216062545776,0.0005323977675288916,0.00018304301192983985,3.0742626190185547,1.9883896112442017,1.5170947790466016e-05,6.411178037524223e-05,4.56413197517395,0.0008358538616448641,85.73825149313554,58.76371772102186,48.91917548341946,45.72383600519454,29.727036970023924,0.17193608731031418,0.5994561314582825,0.10316839069128036,0.1254393719136715
Smart_Final,6,hydrostatic,0.5,64,0.017967273015528917,0.703125,0.12441861256957054,0.22390638697223336,0.14397182888902538,0.9751366532802026,142.83106235126363,44.507267354256086,0.3167015119909142,0.19418226735561248,0.9467875107795892,210.6915282027068,53.4547222500848,7.378804730251431e-05,7.98239307187032e-05,1.5650843381881714,1.096070408821106,0.0005323977675288916,0.00018845579324988648,3.0742626190185547,2.0041619539260864,1.5170947790466016e-05,6.411178037524223e-05,4.56413197517395,0.0008358538616448641,86.14042886674763,57.643153684928556,49.09074037767736,45.31028759058415,29.30049952566788,0.16331375390291214,0.6267419457435608,0.0948806181550026,0.11506369709968567
Smart_Final,6,hydrostatic,1.0,64,0.5032617151737213,0.78125,0.1268545761704445,0.2331800625707913,0.14973950554982293,0.9729611549200198,174.8825700797394,51.66951132186041,0.32266500034181766,0.19746550863809567,0.9450407807029875,237.31252899844208,60.665372675313485,7.752400415483862e-05,9.831001807469875e-05,1.5671584606170654,1.1718562841415405,0.0005323977675288916,0.00021262508380459622,3.0742626190185547,2.07881760597229,1.5170947790466016e-05,6.411178037524223e-05,4.56413197517395,0.0008358538616448641,85.43870600459803,53.76367815330468,49.023273063204535,43.628710822205676,27.733078479608825,0.14041687548160553,0.69352126121521,0.07515199854969978,0.09090986847877502
Smart_Final,6,hydrostatic,2.0,64,0.9450068175792694,0.859375,0.13548730313777924,0.2727630272218433,0.16577545010721562,0.9643238473283708,286.7498138764057,70.09156097664508,0.3467123447783233,0.20466266403166727,0.9400204982881739,325.8969074206188,77.01349356130605,0.00011387757695047185,0.00016485853120684624,1.5747578740119934,1.4688818454742432,0.0005323977675288916,0.0003080935275647789,3.0742626190185547,2.342448592185974,1.5170947790466016e-05,6.411178037524223e-05,4.56413197517395,0.0008358538616448641,78.61043304538424,46.49075152278766,48.776078391288245,37.292888715927724,21.328723557207287,0.09201378747820854,0.820821076631546,0.039433082565665245,0.047731999307870865
Smart_Final,6,advection,0.25,64,0.0,0.0,0.12423079460859299,0.2218174994017955,0.14178595223692447,0.975642913549813,132.29137420226607,40.67775702063389,0.31678206529306663,0.19288405059128888,0.9468914730161623,200.27621797262412,48.492542260438405,9.337172741652466e-05,8.026814975892194e-05,1.6738296151161194,1.108471393585205,0.0005511462513823062,0.00018564853962743655,3.168278455734253,1.9923210740089417,1.5170947790466016e-05,6.411178037524223e-05,4.56413197517395,0.0008358538616448641,83.05862968634132,56.763382076688686,47.16911286359118,44.36281340161992,29.977885838775613,0.1804429143667221,0.5719732642173767,0.11157229542732239,0.1360115185379982
Smart_Final,6,advection,0.5,64,0.0,0.0,0.12410695850849152,0.22182693315581625,0.14177024002643476,0.9756432955439572,132.22148287115033,40.67139870267235,0.31682089994033524,0.19285150607838178,0.9468861357352891,200.27621273353878,48.49232628937908,9.133783896686509e-05,7.718979395576753e-05,1.6281147599220276,1.0872853994369507,0.0005448362499009818,0.00018435886886436492,3.0581706762313843,1.9852407574653625,1.5170947790466016e-05,6.411178037524223e-05,4.56413197517395,0.0008358538616448641,83.23572651719397,58.13068585674769,46.76180853554026,45.23155968119796,29.98349124139492,0.18042340129613876,0.5719797611236572,0.11156732216477394,0.13602952659130096
Smart_Final,6,advection,1.0,64,0.0,0.0,0.12417390942573547,0.2221448660386755,0.1419366830704617,0.9755814461899578,132.4168728501161,40.71185870053635,0.31733240782569905,0.19309060059741787,0.9467456060179924,200.27622658185058,48.49290465000567,8.379159044125117e-05,7.622519478900358e-05,1.5916533470153809,1.0780174732208252,0.0005453657358884811,0.00018399798136670142,3.044245958328247,1.9821636080741882,1.5170947790466016e-05,6.411178037524223e-05,4.56413197517395,0.0008358538616448641,84.63570684272229,58.5728092108307,47.716006892904275,45.614102245162535,29.99616157682424,0.18021690845489502,0.5727643668651581,0.11135527491569519,0.1356634646654129
Smart_Final,6,advection,2.0,64,0.0,0.0,0.12514550983905792,0.22647134440440786,0.14406903967369358,0.9747009956300672,133.36065109779565,40.95121528677416,0.3233981078118281,0.1957479924377815,0.9450925718272144,200.27646946730832,48.50541924904736,0.0001589915482327342,8.753656584303826e-05,1.7365663647651672,1.1149628162384033,0.0006144245562609285,0.00019288992189103737,3.2048280239105225,1.9896714687347412,1.5170947790466016e-05,6.411178037524223e-05,4.56413197517395,0.0008358538616448641,74.12350359167367,54.61838286580505,45.81405455116391,43.96246647958303,29.97134524479589,0.18022702634334564,0.5727798938751221,0.11120979487895966,0.13578328490257263
Smart_Final,6,spectral,0.25,64,0.0,0.0,0.12373773753643036,0.22060423321315578,0.14101285675162342,0.9758843825956046,131.73244787785296,40.530863650062756,0.31482462241794806,0.19187201389156314,0.9474051316408055,200.27615582319544,48.488115958848105,7.938477938296273e-05,7.399619789794087e-05,1.5812364220619202,1.0725469589233398,0.0005323977384250611,0.00018187028035754338,3.0742627382278442,1.9832373261451721,1.5170947790466016e-05,6.411178037524223e-05,4.56413197517395,0.0008358538616448641,85.08919673141385,59.31374947436718,48.56534536233483,45.91938419149994,29.9278971514843,0.18043064326047897,0.5715232193470001,0.11182761937379837,0.13621851056814194
Smart_Final,6,spectral,0.5,64,0.0,0.0,0.12373774498701096,0.2206042570851173,0.1410128660122629,0.975884376760715,131.73236231869416,40.53085279951326,0.31482462248078125,0.19187201475901544,0.947405133363587,200.27615582322352,48.48811620342278,7.938472845125943e-05,7.399645619443618e-05,1.5812361240386963,1.0725498795509338,0.0005323977675288916,0.00018187028035754338,3.074262857437134,1.9832375645637512,1.5170947790466016e-05,6.411178037524223e-05,4.56413197517395,0.0008358538616448641,85.08920711299724,59.31360745199014,48.56535705092904,45.919243427256255,29.927889582847264,0.1804305464029312,0.5715228915214539,0.11182823404669762,0.1362183690071106
Smart_Final,6,spectral,1.0,64,0.0,0.0,0.12373780459165573,0.2206042852512389,0.14101286113577427,0.9758843629354873,131.7324843181715,40.53089204812971,0.31482462254012367,0.1918720148996834,0.9474051284859688,200.2761563142625,48.488115813304056,7.938447743072174e-05,7.39963106752839e-05,1.5812333822250366,1.072547435760498,0.000532397796632722,0.00018187028035754338,3.0742627382278442,1.9832375645637512,1.5170947790466016e-05,6.411178037524223e-05,4.56413197517395,0.0008358538616448641,85.08925507716073,59.313687464596924,48.565444242526354,45.91936664953076,29.927880649448436,0.18043024837970734,0.571526437997818,0.11182646080851555,0.13621684908866882
Smart_Final,6,spectral,2.0,64,4.650297796615632e-06,0.0,0.12373773381114006,0.22060425418747048,0.14101287703125165,0.9758843787602706,131.73250368243865,40.530897367996424,0.3148246216907123,0.19187201443079024,0.9474051302014891,200.27616064108946,48.48811677959935,7.93847648310475e-05,7.3996365244966e-05,1.5812361240386963,1.0725497007369995,0.0005323975929059088,0.00018187028035754338,3.0742629766464233,1.9832376837730408,1.5170947790466016e-05,6.411178037524223e-05,4.56413197517395,0.0008358538616448641,85.08919538915397,59.313657459869376,48.565359045386664,45.919255694228696,29.927890327397932,0.18043094873428345,0.5715221762657166,0.11182829365134239,0.13621856272220612
Smart_Final,6,range_extreme,0.25,64,0.0,0.34375,0.12403407692909241,0.22142131869763373,0.1417560768044259,0.9756601486641534,136.99309404985925,41.41610139151121,0.315506817788525,0.19253595285961458,0.947156261374998,205.44413538692405,49.34467567132043,8.003354741958901e-05,0.00011557784455362707,1.6037327647209167,1.7414955496788025,0.0005346383841242641,0.00023377587785944343,3.1138724088668823,2.622491478919983,1.5170947790466016e-05,6.411178037524223e-05,4.56413197517395,0.0008358538616448641,85.03034017082712,50.56040614116839,48.49715870970755,33.593852880849006,29.82043296254664,0.1803622543811798,0.5717340409755707,0.11176647245883942,0.1361372321844101
Smart_Final,6,range_extreme,0.5,64,4.0658984744368354e-05,0.34375,0.12480324134230614,0.22395530175047715,0.1433105693639208,0.9749587995820174,152.27541451809176,42.83152554393436,0.3176255655720494,0.193637983750392,0.9463787098354909,220.7570571994941,50.3924351930815,8.294976578326896e-05,0.0002465008001308888,1.6849863529205322,2.859533190727234,0.0005401413072831929,0.0003958209854317829,3.2847853899002075,3.7381798028945923,1.5170947790466016e-05,6.411178037524223e-05,4.56413197517395,0.0008358538616448641,84.64295089733271,37.724170975424045,48.70330469377415,23.504664261654675,29.490782221157296,0.180174358189106,0.5723515152931213,0.11158789321780205,0.1358862742781639
Smart_Final,6,range_extreme,1.0,64,4.353931399236899e-05,0.34375,0.1271730437874794,0.23605986346117258,0.14846365578529244,0.9715222794747793,212.89681773857137,46.8673072707012,0.32743230913257826,0.1964583003654568,0.9427596285096946,282.12829692588724,52.98056875681075,9.889503417070955e-05,0.000811386329587549,1.9717130064964294,5.408804893493652,0.0005568393680732697,0.00108106411062181,3.9470834732055664,6.2994654178619385,1.5170947790466016e-05,6.411178037524223e-05,4.56413197517395,0.0008358538616448641,82.23993491823359,24.94558633337174,50.046331173859585,14.13866836768158,27.90575124167381,0.17930050194263458,0.5749027729034424,0.11091715842485428,0.13487959653139114
Smart_Final,6,range_extreme,2.0,64,0.0015370845212601125,0.34375,0.13296306133270264,0.27367706454617896,0.15872839542513795,0.9600975647638039,352.38757381636657,53.49349018377024,0.35345969051627046,0.19978233973508258,0.9330070961134582,408.75203605502435,55.89155632027267,0.00015040422294987366,0.002738625044003129,3.1155455112457275,9.861857891082764,0.0005906980950385332,0.0031572580337524414,6.625386953353882,10.268133640289307,1.5170947790466016e-05,6.411178037524223e-05,4.56413197517395,0.0008358538616448641,74.53788589921518,13.259384734283557,52.97564454452602,3.956665967147425,22.57191643368424,0.17702987790107727,0.5821910500526428,0.10886453464627266,0.13191453367471695
Smart_Final,24,moisture,0.25,64,0.0,0.0,0.09690820425748825,0.3014070461483613,0.1813982118692668,0.9548239022511575,135.59619606102302,42.362097554522634,0.3304190912036795,0.20095370226711934,0.9408082002874312,206.1973352812271,50.46616539389749,0.00012548736049211584,7.722277587163262e-05,2.2697761058807373,1.1511500477790833,0.0004969390574842691,0.00018689280841499567,15.221463680267334,2.0532866716384888,1.9070460893999552e-05,5.423848779173568e-05,26.56687641143799,0.002622316940687597,74.74793767924184,58.68071301055129,85.08831901085038,43.93622363211053,8.780377958679876,0.16006812453269958,0.5974797904491425,0.12603675574064255,0.11641532182693481
Smart_Final,24,moisture,0.5,64,2.8153153834864497e-05,0.0,0.09701734781265259,0.30171597537456823,0.1816093659840055,0.9547392718675258,135.5809451895202,42.322510264609136,0.33092813364897594,0.2011186380541547,0.9413977829271821,206.19733528123595,50.46616651518545,0.00011362581790308468,7.722925511188805e-05,2.2653249502182007,1.1510695815086365,0.0006209311541169882,0.00018689280841499567,15.221463680267334,2.0532866716384888,1.9070460893999552e-05,5.423848779173568e-05,26.56687641143799,0.002622316940687597,81.70073813341362,58.6772461889489,85.1175616366322,43.940142533039385,8.827342043210445,0.16012854874134064,0.5978252291679382,0.1262940838932991,0.11575214937329292
Smart_Final,24,moisture,1.0,64,1.5905216059763916e-05,0.0,0.0974835455417633,0.3031346163987012,0.18258391931940335,0.9540441114542709,135.86986738414427,42.404896393934486,0.3335624989092529,0.20281768921925625,0.9385878825576398,206.19733528125897,50.46616903614965,0.00047628024185542017,7.742279194644652e-05,2.2840805053710938,1.1521037220954895,0.0009225065005011857,0.00018689280841499567,15.221463680267334,2.0532866716384888,1.9070460893999552e-05,5.423848779173568e-05,26.56687641143799,0.002622316940687597,48.3710692990604,58.57369119600946,84.9943438203508,43.88977739887973,9.122093343841303,0.15977367758750916,0.5986233353614807,0.12541568279266357,0.11618731915950775
Smart_Final,24,moisture,2.0,64,6.596233833988663e-05,0.0,0.09983988851308823,0.310242700191147,0.18613624128253572,0.9516266912079153,136.6734661244022,42.49818939913719,0.3453688135001988,0.20751719610722516,0.9364829046813853,206.19733528140134,50.46617842642877,0.0015476983971893787,7.826260116416961e-05,2.283975601196289,1.1544139981269836,0.0030091466614976525,0.00018689280841499567,15.221463680267334,2.0532866716384888,1.9070460893999552e-05,5.423848779173568e-05,26.56687641143799,0.002622316940687597,48.566867245377495,58.12433778062373,84.9950330062071,43.7772613988781,10.170609486438641,0.15983811020851135,0.6010421514511108,0.126171313226223,0.11294842138886452
Smart_Final,24,hydrostatic,0.25,64,0.00019806791169685312,0.875,0.09715737402439117,0.3018737488397561,0.182075004722129,0.9547007828286108,137.7620801548173,43.40064931741356,0.33067218233518353,0.20164067413355358,0.9408012658985263,208.35884742791376,51.957203009851625,0.0001116574312618468,7.862878555897623e-05,2.2708455324172974,1.157489001750946,0.0004793835832970217,0.00018777199875330552,15.221463680267334,2.0576032400131226,1.9070460893999552e-05,5.423848779173568e-05,26.56687641143799,0.002622316940687597,76.70812369211549,58.12539351925493,85.08129323094496,43.74576306831807,8.709058407046802,0.15213949978351593,0.6244904398918152,0.11623793840408325,0.10713210701942444
Smart_Final,24,hydrostatic,0.5,64,0.02440321072936058,0.90625,0.0981045812368393,0.3036656123798226,0.1840520983583106,0.9540938175660734,146.98939002565606,46.508016366009684,0.3321165718218822,0.20321430182344438,0.9403169625709334,215.85664673814958,55.31271914787429,0.00011057280426030047,8.354010424227454e-05,2.2861521244049072,1.1757524013519287,0.0004793835832970217,0.00019372753013158217,15.221463680267334,2.0743404626846313,1.9070460893999552e-05,5.423848779173568e-05,26.56687641143799,0.002622316940687597,76.93437820715054,56.877525777811215,84.98073396602057,43.319217722328055,8.56655820755556,0.14118973910808563,0.6605939567089081,0.10318984463810921,0.0950264222919941
Smart_Final,24,hydrostatic,1.0,64,0.5318467617034912,0.90625,0.10117766633629799,0.309313186714829,0.18825458266987768,0.9522101931025289,172.88429380688063,52.14971813283968,0.33678332604156164,0.2057456165750078,0.9388381236250674,236.70418641012344,60.9403607959711,0.00011138673289678991,9.943042823579162e-05,2.3318986892700195,1.2404043674468994,0.0004793835832970217,0.00021370185277191922,15.221463680267334,2.1409741640090942,1.9070460893999552e-05,5.423848779173568e-05,26.56687641143799,0.002622316940687597,76.76459170113556,53.472360231751374,84.68019411107602,42.06355273693856,8.156620949619882,0.1225864365696907,0.718902587890625,0.0825863853096962,0.0759245902299881
Smart_Final,24,hydrostatic,2.0,64,0.9411971271038055,0.984375,0.11244586482644081,0.33765334557202326,0.20275160874234677,0.9434385295381296,273.8239345640932,69.36360559001305,0.35884403286499905,0.21295982788613424,0.9339649859326224,319.64341766432943,77.04916145727698,0.00013204076822148636,0.00017022847896441817,2.3480857610702515,1.5213833451271057,0.0004793835832970217,0.0003111400583293289,15.221463680267334,2.4005542993545532,1.9070460893999552e-05,5.423848779173568e-05,26.56687641143799,0.002622316940687597,72.45613474842857,45.28879377394782,84.57385038395327,36.623664562131914,5.905263945394338,0.07387483865022659,0.8519179224967957,0.03843923658132553,0.03576800227165222
Smart_Final,24,advection,0.25,64,7.398200978059322e-06,0.0,0.09694508090615273,0.3025918614891438,0.18207672724796017,0.9545285586264278,135.95187779315435,42.45876451536477,0.3318098627398315,0.2017279289102261,0.9404910822485768,206.19739264641242,50.470689895958,0.00014474199269898236,7.921558790258132e-05,2.282889723777771,1.156174659729004,0.0004974238690920174,0.0001890293278847821,14.867772102355957,2.0527052879333496,1.9070460893999552e-05,5.423848779173568e-05,26.56687641143799,0.002622316940687597,70.90167929351881,58.093493327731075,84.64538124433571,43.67556480097379,8.80564580251709,0.1601472944021225,0.597123920917511,0.12609702348709106,0.11663173139095306
Smart_Final,24,advection,0.5,64,7.387706773442915e-06,0.0,0.0969950407743454,0.3023650515973612,0.1819464094192874,0.9545842511990676,135.9490752666139,42.45207203651173,0.33151217223104673,0.20157150934791737,0.9405633140260797,206.1973849701803,50.4697599943955,0.0001316637863055803,7.914674642961472e-05,2.2808120250701904,1.1574019193649292,0.0005004040722269565,0.0001888545011752285,14.911780834197998,2.0532153844833374,1.9070460893999552e-05,5.423848779173568e-05,26.56687641143799,0.002622316940687597,73.68850622665104,58.09115168709774,84.70463018179908,43.62978535463424,8.792172075471031,0.15999431163072586,0.5978312492370605,0.1258198693394661,0.11635459959506989
Smart_Final,24,advection,1.0,64,9.105478056881111e-06,0.0,0.09706759452819824,0.3035226645337751,0.18253442678125245,0.9542831153084611,136.14240628953493,42.492583718664335,0.33295776181392256,0.2022776949546821,0.9401715709843946,206.1974225719604,50.47232625031598,0.00012784457067027688,7.969268699525855e-05,2.2741130590438843,1.1560770273208618,0.0004890304699074477,0.00018934631225420162,14.791568279266357,2.052212953567505,1.9070460893999552e-05,5.423848779173568e-05,26.56687641143799,0.002622316940687597,73.85754497169219,57.911677261361525,84.62561226701327,43.66680975718565,8.840489892708264,0.1600404679775238,0.5977086126804352,0.12587569653987885,0.11637525260448456
Smart_Final,24,advection,2.0,64,6.42013328615576e-05,0.0,0.09750775247812271,0.30817385330164376,0.18461430899075734,0.9530328546909332,136.74269639304902,42.66980042244219,0.3388262505778715,0.20472261199589495,0.9384876772032226,206.19760442174453,50.48234570414045,0.00017480053065810353,8.525823795935139e-05,2.305968403816223,1.1567235589027405,0.0005484887806233019,0.00019498681649565697,14.568193435668945,2.0509992837905884,1.9070460893999552e-05,5.423848779173568e-05,26.56687641143799,0.002622316940687597,68.13051846576325,56.274870531439035,84.17121234695949,43.60195208040626,9.046641818321277,0.1601027473807335,0.5976889729499817,0.12575608491897583,0.1164521686732769
Smart_Final,24,spectral,0.25,64,0.0,0.0,0.09686485677957535,0.3012915842961443,0.181303568907534,0.9548733669376751,135.59892330406296,42.36445510433037,0.3302273442486847,0.2008315611845414,0.9409520256711599,206.19733563898924,50.466165347762434,0.00011432480096118525,7.721009023953229e-05,2.26931369304657,1.1511109471321106,0.000479383539641276,0.00018689280841499567,15.221463680267334,2.0532866716384888,1.9070460893999552e-05,5.423848779173568e-05,26.56687641143799,0.002622316940687597,76.15170494866494,58.687500661830065,85.09135691077829,43.938127927672994,8.762375513867122,0.16002120077610016,0.5975567102432251,0.1260119453072548,0.11641013994812965
Smart_Final,24,spectral,0.5,64,1.571931534272153e-05,0.0,0.09686486423015594,0.30129170255371324,0.18130360728643732,0.9548733350602094,135.59893649795967,42.364453128253864,0.3302273433568037,0.20083156083287154,0.9409520217819479,206.19733575818879,50.46616554207111,0.00011432424798840657,7.721008660155348e-05,2.269324779510498,1.151110291481018,0.00047938365605659783,0.00018689280841499567,15.221464157104492,2.0532866716384888,1.9070460893999552e-05,5.423848779173568e-05,26.56687641143799,0.002622316940687597,76.15182609085258,58.687502608389075,85.09128454340373,43.938159859458345,8.762339456495617,0.16002049297094345,0.5975574553012848,0.1260124146938324,0.11640964820981026
Smart_Final,24,spectral,1.0,64,4.294942300475668e-06,0.0,0.09686487168073654,0.30129166406991575,0.18130358541257244,0.9548733492134691,135.5988283502078,42.364449851241574,0.3302273448299604,0.20083156113765208,0.9409520229847546,206.1973349234991,50.46616490737772,0.00011432372775743715,7.721001020399854e-05,2.269299030303955,1.151110827922821,0.00047938361240085214,0.00018689280841499567,15.22146463394165,2.0532866716384888,1.9070460893999552e-05,5.423848779173568e-05,26.56687641143799,0.002622316940687597,76.1519324398929,58.687543486128355,85.091454174234,43.93813373345215,8.762351517238564,0.16002634167671204,0.5975418984889984,0.12601591646671295,0.1164158470928669
Smart_Final,24,spectral,2.0,64,2.2910557163413614e-05,0.0,0.09686483815312386,0.30129170467900307,0.1813036278005121,0.9548733344243562,135.59886299223092,42.36444519154313,0.33022734337233395,0.20083156144243264,0.9409520232144051,206.19733596690034,50.466164854862015,0.00011432450264692307,7.721016299910843e-05,2.2693111896514893,1.151112139225006,0.00047938356874510646,0.00018689280841499567,15.221464157104492,2.053286910057068,1.9070460893999552e-05,5.423848779173568e-05,26.56687641143799,0.002622316940687597,76.15176862523825,58.6874617306498,85.09137382429596,43.938076379544405,8.762338817202583,0.1600237935781479,0.5975494980812073,0.12601397186517715,0.11641275882720947
Smart_Final,24,range_extreme,0.25,64,0.0,0.125,0.09720586240291595,0.3018912870474296,0.18197979428247613,0.9546391962474623,140.88831087647216,43.277666738397166,0.3308928020714858,0.2015084324128916,0.940689039550346,211.36607049289128,51.35681343427835,0.00011522987188072875,0.00011820167128462344,2.372304677963257,1.7815013527870178,0.0004811929975403473,0.00023774777946528047,15.582648277282715,2.659053921699524,1.9070460893999552e-05,5.423848779173568e-05,26.56687641143799,0.002622316940687597,76.05329411073424,50.28274436443893,84.77598521284897,33.002436007451166,8.764625535067008,0.1599874645471573,0.5977117419242859,0.1259516105055809,0.11634917184710503
Smart_Final,24,range_extreme,0.5,64,0.0,0.125,0.09805376082658768,0.30374304333261587,0.18333191211823255,0.9539124577694164,155.77651050151422,44.67848099980857,0.33292019729193023,0.20260929085982254,0.9398835310183354,226.08061475053503,52.41169548510346,0.0001183717577077914,0.00024857750395312905,2.6972988843917847,2.864376664161682,0.00048652382974978536,0.0003978141612606123,17.49436664581299,3.747964382171631,1.9070460893999552e-05,5.423848779173568e-05,26.56687641143799,0.002622316940687597,75.66989518916907,37.5141641098384,84.58190033968825,23.575136471760807,8.764008370969927,0.15988948196172714,0.5982162654399872,0.12574855983257294,0.11614571511745453
Smart_Final,24,range_extreme,1.0,64,1.649052910579485e-05,0.125,0.10009169578552246,0.3107021526964893,0.18673399075602312,0.9511547380378678,202.21548740157104,47.56110846765164,0.34036623327089105,0.2047388456858879,0.9369263761302339,273.2837000118619,54.25021226396219,0.00012859049820690416,0.0006826388416811824,4.37227463722229,4.965689420700073,0.0004968312860000879,0.0009197266772389412,29.387818336486816,5.869876384735107,1.9070460893999552e-05,5.423848779173568e-05,26.56687641143799,0.002622316940687597,74.1178742501974,25.778075315756485,85.12215303919366,15.403850179646293,8.715341792084484,0.15951178222894669,0.599864661693573,0.12513958290219307,0.11548399180173874
Smart_Final,24,range_extreme,2.0,64,0.0014291354455053806,0.125,0.10720007121562958,0.3412458287526962,0.19665377706157663,0.9388184576995784,352.5291598386086,54.99505587664132,0.3682205046655986,0.2090267928990013,0.9257414877586281,414.3713154235059,58.122124324456465,0.00018030025967163965,0.0028755718376487494,11.599929332733154,9.838162422180176,0.0005442926776595414,0.0033316888147965074,58.72359275817871,10.389869213104248,1.9070460893999552e-05,5.423848779173568e-05,26.56687641143799,0.002622316940687597,66.87439183511879,13.69026348205382,80.2465605595673,5.310045580056299,7.325685444214891,0.15794982761144638,0.6074439883232117,0.12206732109189034,0.1125388853251934
Smart_Final,72,moisture,0.25,64,0.0,0.0,0.08439376950263977,0.407301290933672,0.24635876206558635,0.9130757569542387,193.96692363733652,61.70812498742189,0.4141864324485819,0.2511668031323877,0.9043295372095351,246.21959644790599,66.49399744154734,0.0002356646436965093,7.303136590053327e-05,4.515710830688477,1.1878461241722107,0.0004807703517144546,0.00018331935280002654,81.25336074829102,2.1794869899749756,8.717740638530813e-05,5.628034705296159e-05,105.02366256713867,0.005987295648083091,50.9818684001383,60.161671539284036,94.44243193253584,45.49882015189963,1.6623290807007818,0.14419671148061752,0.6436853110790253,0.12364280968904495,0.08847516402602196
Smart_Final,72,moisture,0.5,64,0.0,0.0,0.084476538002491,0.4076390137057335,0.2466849072521121,0.9128988082370996,194.06020102873057,61.70756494208456,0.4146513631473635,0.25141906867210834,0.9044428820448164,246.21959644791488,66.4939988286645,0.00032358542375732213,7.307228588615544e-05,4.503597021102905,1.1877810955047607,0.0007188275922089815,0.00018331935280002654,81.25336074829102,2.1794869899749756,8.717740638530813e-05,5.628034705296159e-05,105.02366256713867,0.005987295648083091,54.984278947482636,60.139349844930905,94.45734061997229,45.501803820430304,1.6911434677082817,0.1440018117427826,0.6444560587406158,0.12355368584394455,0.0879884660243988
Smart_Final,72,moisture,1.0,64,3.5919540550821694e-06,0.0,0.0848970040678978,0.408638254158951,0.24750010183890062,0.91216990960708,194.22943444234417,61.73752603006874,0.4163781946673361,0.2526314513356331,0.9028602472796496,246.219596447936,66.4940012177501,0.000584005014388822,7.320442819036543e-05,4.522601842880249,1.1881116032600403,0.0010255544038955122,0.00018331935280002654,81.25336074829102,2.1794869899749756,8.717740638530813e-05,5.628034705296159e-05,105.02366256713867,0.005987295648083091,43.054701713481904,60.06726672757769,94.4339510375571,45.48663934563418,1.8588726805372002,0.14381460845470428,0.6453544795513153,0.12310942262411118,0.08772150427103043
Smart_Final,72,moisture,2.0,64,0.00013047679385636002,0.0,0.08612513542175293,0.41352780243543596,0.2502675672342682,0.9088293069259912,194.78117340362692,61.87137695676499,0.42399838644026255,0.25628291078878174,0.8980953996619471,246.21959644801865,66.49400745108268,0.0016004596545826644,7.37840418878477e-05,4.578929901123047,1.1893332600593567,0.0022773146629333496,0.00018331935280002654,81.25336074829102,2.1794869899749756,8.717740638530813e-05,5.628034705296159e-05,105.02366256713867,0.005987295648083091,29.721628695739653,59.751089690822305,94.36462706409426,45.43058685232104,2.469486757422318,0.14339639246463776,0.6474561095237732,0.12186998501420021,0.08727749064564705
Smart_Final,72,hydrostatic,0.25,64,0.0001824362771003507,0.765625,0.08463647216558456,0.4073872389659623,0.24673094657986006,0.9130797727956954,196.06757509267442,62.739738853258665,0.41413525124084694,0.251391038826445,0.9049736049545793,248.08025993192592,67.73896115771457,0.000152003180119209,7.446444215020165e-05,4.5416100025177,1.1932269930839539,0.0005094367661513388,0.0001842271740315482,81.25336074829102,2.182239532470703,8.717740638530813e-05,5.628034705296159e-05,105.02366256713867,0.005987295648083091,70.16250294073724,59.58009857033909,94.41055734717628,45.320989042252485,1.6294223335651827,0.13700348138809204,0.6669743061065674,0.1145215667784214,0.08150061592459679
Smart_Final,72,hydrostatic,0.5,64,0.01179084787145257,0.78125,0.0857488289475441,0.4085485199607117,0.2483946620518729,0.912544619279222,202.54065955957742,65.66116902092745,0.41535320438438045,0.25303565463982775,0.9044544057276372,254.33440396756757,71.09742097834786,0.0001491279836045578,7.876417294028215e-05,4.629397392272949,1.2073050737380981,0.0005094367661513388,0.0001891540305223316,81.25336074829102,2.1950241327285767,8.717740638530813e-05,5.628034705296159e-05,105.02366256713867,0.005987295648083091,70.72689026134084,58.359770223884695,94.30251579794462,44.99809565932521,1.638288654533049,0.12585248053073883,0.7026565968990326,0.10018765926361084,0.07130329683423042
Smart_Final,72,hydrostatic,1.0,64,0.6018977165222168,0.859375,0.08991758152842522,0.4134960725498345,0.25317309931597043,0.9102836623959983,228.44202494428103,72.99590013020536,0.4200037297928432,0.2564366372399086,0.9026903473452553,277.3688503718371,78.56952494484545,0.00014330480189528316,9.62847079790663e-05,4.8265626430511475,1.2774842977523804,0.0005094367661513388,0.00021169362298678607,81.25336074829102,2.26769757270813,8.717740638530813e-05,5.628034705296159e-05,105.02366256713867,0.005987295648083091,71.86995297219842,54.51695397311217,94.05986091085757,43.66601996990352,1.5494284410803723,0.10161085426807404,0.7750722765922546,0.07210210710763931,0.051214780658483505
Smart_Final,72,hydrostatic,2.0,64,0.9309508800506592,0.9375,0.10050670057535172,0.43085223658894695,0.26383092128701396,0.9025318128452007,304.9032518488145,86.42488110022713,0.43609715418014505,0.26213627621695007,0.8979826855012784,344.22775544807604,91.28007411841531,0.00016233180213021114,0.00018162791093345731,5.002740383148193,1.5441426634788513,0.0005094367661513388,0.0003109825338469818,81.25336074829102,2.5226818323135376,8.717740638530813e-05,5.628034705296159e-05,105.02366256713867,0.005987295648083091,68.13504385311933,41.59546239248701,93.84303573775142,38.7896387209985,1.2026947529750471,0.06401914730668068,0.8735421001911163,0.03636315278708935,0.02607562765479088
Smart_Final,72,advection,0.25,64,0.0,0.0,0.08437708020210266,0.4079433208332653,0.2467399909423725,0.912876534742759,194.18188101438247,61.755311677579826,0.4146591462338012,0.2513486238550952,0.9047872739274084,246.21963674023507,66.49714405928063,0.00018115423881681636,7.444508810294792e-05,4.5235583782196045,1.19051593542099,0.0005295275477692485,0.00018492097296984866,79.60643768310547,2.178520917892456,8.717740638530813e-05,5.628034705296159e-05,105.02366256713867,0.005987295648083091,65.78945900360264,59.74221479189049,94.3175972824876,45.35209987459205,1.6196014151703393,0.14408139884471893,0.6443069875240326,0.12354402989149094,0.08806758373975754
Smart_Final,72,advection,0.5,64,1.384274673910113e-05,0.0,0.08448999747633934,0.40789516059373926,0.2467290025020213,0.9128943673318964,194.25714494012362,61.77682580469991,0.4146224383316809,0.2513462690268677,0.9047883509182194,246.21963677384034,66.49692892278836,0.00017031720199156553,7.578599615953863e-05,5.174672603607178,1.199175477027893,0.0005487354646902531,0.00018529738736106083,87.82354354858398,2.181657910346985,8.717740638530813e-05,5.628034705296159e-05,105.02366256713867,0.005987295648083091,68.96187453681253,59.100342838689905,94.10787541185405,45.03375293896702,1.6225069161741996,0.14385199546813965,0.6451106667518616,0.12327288091182709,0.08776448294520378
Smart_Final,72,advection,1.0,64,0.0,0.0,0.08445154130458832,0.4085512917985164,0.24705487197938197,0.9126543063499353,194.29780392743302,61.788420105468425,0.4152035959787429,0.25164610166540263,0.9045957350751808,246.21965428288465,66.49836565898538,0.00018060777802020311,7.658888716832735e-05,4.778208255767822,1.1980162262916565,0.0005155927792657167,0.0001862698482000269,82.65629959106445,2.181728482246399,8.717740638530813e-05,5.628034705296159e-05,105.02366256713867,0.005987295648083091,64.97084806396701,58.882831597048416,94.21918440650303,45.08866543016715,1.602178845427696,0.14406033605337143,0.6442998945713043,0.12357348948717117,0.08806627243757248
Smart_Final,72,advection,2.0,64,0.0,0.0,0.08466094359755516,0.4116119055590288,0.2487760596129654,0.9114924378059006,194.66220397579158,61.91509094848035,0.4185739090550683,0.25354974975604616,0.9033216933194058,246.2197930805781,66.50756868580467,0.0002635410928633064,8.015682033146732e-05,4.629936456680298,1.1902393102645874,0.000611456751357764,0.00019085797248408198,77.06879425048828,2.1757439374923706,8.717740638530813e-05,5.628034705296159e-05,105.02366256713867,0.005987295648083091,56.89947125808932,58.00184855356116,93.9924628356944,45.29506483945972,1.6632674291037925,0.14413778483867645,0.6441531479358673,0.1235807053744793,0.08812835812568665
Smart_Final,72,spectral,0.25,64,0.0,0.0,0.08432038873434067,0.4071108037266968,0.24620917962167765,0.9131927119649861,194.00264283653954,61.698141050910365,0.41385111410757935,0.25079811747526387,0.9051038864690761,246.21959564927283,66.49399688808438,0.00015519350563408807,7.29963903722819e-05,4.4995269775390625,1.1876618266105652,0.0005094368243589997,0.00018331935280002654,81.25335693359375,2.1794869899749756,8.717740638530813e-05,5.628034705296159e-05,105.02366256713867,0.005987295648083091,69.53626078574891,60.1807505550656,94.46234943718521,45.50727615840452,1.628680013443301,0.14402274042367935,0.6443484425544739,0.12359809875488281,0.08803071826696396
Smart_Final,72,spectral,0.5,64,0.0,0.0,0.08432037383317947,0.4071107781252745,0.24620918093457844,0.9131927345252111,194.0026106493815,61.6981539885833,0.41385111444393863,0.25079811850682876,0.9051038829075131,246.2195960485049,66.493996696776,0.00015519240696448833,7.299631397472695e-05,4.499605178833008,1.187663197517395,0.0005094368825666606,0.00018331935280002654,81.25336074829102,2.1794869899749756,8.717740638530813e-05,5.628034705296159e-05,105.02366256713867,0.005987295648083091,69.53647993003703,60.180792229637206,94.46225345340235,45.50721325796803,1.6286862795381387,0.144021637737751,0.6443519294261932,0.12359744310379028,0.08802899345755577
Smart_Final,72,spectral,1.0,64,0.0,0.0,0.08432037755846977,0.40711079124811816,0.24620918126280364,0.9131927255392217,194.00252397585047,61.69809775743342,0.41385111513790085,0.25079811742837455,0.9051038829363068,246.2195992435558,66.49399728420495,0.00015519261796725914,7.299627031898126e-05,4.4994542598724365,1.1876620054244995,0.0005094367370475084,0.00018331935280002654,81.25336074829102,2.1794867515563965,8.717740638530813e-05,5.628034705296159e-05,105.02366256713867,0.005987295648083091,69.53642980938251,60.18081604367813,94.46243919213265,45.50726199292671,1.6286832735817847,0.1440226435661316,0.6443479955196381,0.12359833717346191,0.08803100883960724
Smart_Final,72,spectral,2.0,64,8.34668844618136e-06,0.0,0.08432040363550186,0.4071107609568799,0.24620915685691583,0.9131927427781688,194.00262458171986,61.698149505966924,0.4138511146068073,0.2507981179207124,0.9051038830676352,246.21959604864506,66.49399525483618,0.0001551932655274868,7.299632125068456e-05,4.499490022659302,1.187662124633789,0.0005094369407743216,0.00018331935280002654,81.25336074829102,2.1794867515563965,8.717740638530813e-05,5.628034705296159e-05,105.02366256713867,0.005987295648083091,69.53631487901134,60.180788260630386,94.46239517821552,45.50725652332294,1.6286904666986963,0.14402352273464203,0.6443459391593933,0.12359923869371414,0.08803128451108932
Smart_Final,72,range_extreme,0.25,64,0.0,0.234375,0.08463133871555328,0.4074910526921073,0.24671590950515487,0.9129738614994348,197.52401603408202,62.46734014247803,0.41431587998462627,0.2513561625079634,0.9048568003317443,250.31108956734045,67.30008655610146,0.0001558036165079102,0.00011431553502916358,4.832845449447632,1.7939174175262451,0.0005112173967063427,0.000233859995205421,83.98652648925781,2.7409379482269287,8.717740638530813e-05,5.628034705296159e-05,105.02366256713867,0.005987295648083091,69.52302141677544,51.117960586311646,94.2456895749037,34.55096571278809,1.6472521624737702,0.144010491669178,0.6444565951824188,0.1235474944114685,0.08798543736338615
Smart_Final,72,range_extreme,0.5,64,0.0,0.234375,0.08542285859584808,0.408714817126135,0.2477930575265635,0.9122729406570703,208.3905557358144,63.728976528427296,0.4157817431583844,0.2523401005754024,0.9040861047864911,262.85049768914115,68.34788624382684,0.00015840933338040486,0.0002406347484793514,5.6320765018463135,2.8463926315307617,0.0005156486295163631,0.0003883595345541835,90.06786727905273,3.7690845727920532,8.717740638530813e-05,5.628034705296159e-05,105.02366256713867,0.005987295648083091,69.27959771191867,38.038150973790934,93.7468525990554,24.480531636831433,1.6996720391249558,0.14391076564788818,0.6449764668941498,0.12330851703882217,0.08780421689152718
Smart_Final,72,range_extreme,1.0,64,1.3117043636157177e-05,0.234375,0.08781400695443153,0.4137592241373549,0.2506770783150045,0.9094027694819455,247.75250706331713,66.63032702758188,0.4216725309232258,0.25453406596235617,0.9009939460999811,307.5075245355778,70.42192152578592,0.00016991312440950423,0.0007786003989167511,10.552247524261475,5.139040470123291,0.0005373990861698985,0.0010354069236200303,138.6887435913086,6.065646409988403,8.717740638530813e-05,5.628034705296159e-05,105.02366256713867,0.005987295648083091,68.38231980993986,24.8024731962794,92.39141746401778,15.276293361565793,1.876647446905123,0.143463134765625,0.6472095549106598,0.12227766960859299,0.08704965561628342
Smart_Final,72,range_extreme,2.0,64,0.00103979796404019,0.234375,0.0937001034617424,0.4328329743930912,0.2576147157283586,0.8986467259472875,367.04593524053377,72.24242080904335,0.4408244731661897,0.25806152653142544,0.8910915211173089,425.5407957971443,73.61924767198437,0.00020620530267478898,0.002780960174277425,41.86712074279785,9.437244892120361,0.0005826069391332567,0.0032411293359473348,422.45867919921875,10.067200660705566,8.717740638530813e-05,5.628034705296159e-05,105.02366256713867,0.005987295648083091,64.60644581721593,14.197803110359656,90.08965307041198,6.257506826540737,1.8128527927907805,0.142024464905262,0.6546976864337921,0.11876456066966057,0.08451327681541443
